# LHS 1140 SED at the LHS 1140b orbit, proxy GJ1132
# Built by make_sed.py from Mega-MUSCLES v23 const-res-sed
# (the release the paper used; local copy, withdrawn from MAST)
# A = 0.5900 (catalog X-ray flux ratio; authors' released script),
# d = 14.96 pc, a = 0.0946 AU, (d/a)^2 = 1.063974e+15,
# negative input fluxes clipped: 978
# repeated wavelengths merged: 4
# col 1: bin center wavelength [A] (increasing)
# col 2: flux at the planet [erg cm^-2 s^-1 A^-1]
# flux column scaled by 0.01 relative to lhs1140_sed_gj1132_at_b.txt (XUV grid,
# Phase F item 3: bracketing the 2025 non-detection)
9.000000e+00 6.457217e-04
1.000000e+01 8.071905e-04
1.100000e+01 1.158073e-03
1.200000e+01 1.309286e-03
1.300000e+01 1.265360e-03
1.400000e+01 1.242487e-03
1.500000e+01 1.244632e-03
1.600000e+01 1.271456e-03
1.700000e+01 1.245802e-03
1.800000e+01 1.712286e-03
1.900000e+01 1.056467e-03
2.000000e+01 7.166309e-04
2.100000e+01 6.507105e-04
2.200000e+01 4.450584e-04
2.300000e+01 3.338968e-04
2.400000e+01 4.420959e-04
2.500000e+01 7.378483e-04
2.600000e+01 7.378483e-04
2.700000e+01 6.258365e-04
2.800000e+01 4.701549e-04
2.900000e+01 4.701549e-04
3.000000e+01 4.701549e-04
3.100000e+01 4.972381e-04
3.200000e+01 5.216206e-04
3.300000e+01 5.216206e-04
3.400000e+01 7.170286e-04
3.500000e+01 6.995453e-04
3.600000e+01 4.291389e-04
3.700000e+01 4.291389e-04
3.800000e+01 1.171963e-03
3.900000e+01 1.866741e-03
4.000000e+01 1.866741e-03
4.100000e+01 3.386589e-03
4.200000e+01 3.392267e-03
4.300000e+01 2.093274e-03
4.400000e+01 1.852116e-03
4.500000e+01 1.852116e-03
4.600000e+01 1.507286e-03
4.700000e+01 1.292826e-03
4.800000e+01 7.167266e-04
4.900000e+01 1.043341e-03
5.000000e+01 7.555797e-04
5.100000e+01 1.363616e-03
5.200000e+01 5.921032e-04
5.300000e+01 1.207202e-03
5.400000e+01 1.026888e-03
5.500000e+01 2.757933e-03
5.600000e+01 5.497691e-04
5.700000e+01 1.008353e-03
5.800000e+01 8.244929e-04
5.900000e+01 7.215331e-04
6.000000e+01 7.010809e-04
6.100000e+01 2.595441e-03
6.200000e+01 1.046981e-03
6.300000e+01 1.365663e-03
6.400000e+01 1.286830e-03
6.500000e+01 1.062104e-03
6.600000e+01 7.535452e-04
6.700000e+01 8.973194e-04
6.800000e+01 9.705912e-04
6.900000e+01 8.532622e-04
7.000000e+01 1.430226e-03
7.100000e+01 5.795659e-04
7.200000e+01 1.215661e-03
7.300000e+01 7.506084e-04
7.400000e+01 3.789835e-04
7.500000e+01 1.242994e-03
7.600000e+01 9.927909e-04
7.700000e+01 9.984321e-04
7.800000e+01 1.265035e-03
7.900000e+01 5.338277e-04
8.000000e+01 6.605430e-04
8.100000e+01 5.545517e-04
8.200000e+01 1.006598e-03
8.300000e+01 1.229003e-03
8.400000e+01 1.237057e-03
8.500000e+01 1.030968e-03
8.600000e+01 5.988924e-04
8.700000e+01 7.977931e-04
8.800000e+01 1.079683e-03
8.900000e+01 6.426481e-04
9.000000e+01 1.024993e-03
9.100000e+01 7.946501e-04
9.200000e+01 3.947337e-04
9.300000e+01 3.473750e-04
9.400000e+01 1.196356e-03
9.500000e+01 5.240451e-04
9.600000e+01 1.191995e-03
9.700000e+01 1.324503e-03
9.800000e+01 1.466193e-03
9.900000e+01 6.414342e-04
1.000000e+02 4.683023e-04
1.010000e+02 6.199221e-04
1.020000e+02 7.420508e-04
1.030000e+02 8.537299e-04
1.040000e+02 1.781146e-03
1.050000e+02 8.169728e-04
1.060000e+02 5.375213e-04
1.070000e+02 4.523256e-04
1.080000e+02 4.485164e-04
1.090000e+02 3.354142e-04
1.100000e+02 2.540577e-04
1.110000e+02 3.406753e-04
1.120000e+02 3.837930e-04
1.130000e+02 3.407770e-04
1.140000e+02 3.437876e-04
1.150000e+02 5.900145e-04
1.160000e+02 6.854406e-04
1.170000e+02 5.807158e-04
1.180000e+02 4.991795e-04
1.190000e+02 4.614672e-04
1.200000e+02 3.546674e-04
1.210000e+02 3.546674e-04
1.220000e+02 3.546674e-04
1.230000e+02 3.546674e-04
1.240000e+02 3.546674e-04
1.250000e+02 3.546674e-04
1.260000e+02 3.546674e-04
1.270000e+02 3.546674e-04
1.280000e+02 3.546674e-04
1.290000e+02 3.546674e-04
1.300000e+02 3.546674e-04
1.310000e+02 3.546674e-04
1.320000e+02 3.546674e-04
1.330000e+02 3.546674e-04
1.340000e+02 3.546674e-04
1.350000e+02 3.546674e-04
1.360000e+02 3.546674e-04
1.370000e+02 3.546674e-04
1.380000e+02 3.546674e-04
1.390000e+02 3.546674e-04
1.400000e+02 3.546674e-04
1.410000e+02 3.546674e-04
1.420000e+02 3.546674e-04
1.430000e+02 3.546674e-04
1.440000e+02 3.546674e-04
1.450000e+02 3.546674e-04
1.460000e+02 3.546674e-04
1.470000e+02 3.546674e-04
1.480000e+02 3.546674e-04
1.490000e+02 3.546674e-04
1.500000e+02 3.546674e-04
1.510000e+02 3.546674e-04
1.520000e+02 3.546674e-04
1.530000e+02 3.546674e-04
1.540000e+02 3.546674e-04
1.550000e+02 3.546674e-04
1.560000e+02 3.546674e-04
1.570000e+02 3.546674e-04
1.580000e+02 3.546674e-04
1.590000e+02 3.546674e-04
1.600000e+02 3.546674e-04
1.610000e+02 3.546674e-04
1.620000e+02 3.546674e-04
1.630000e+02 3.546674e-04
1.640000e+02 3.546674e-04
1.650000e+02 3.546674e-04
1.660000e+02 3.546674e-04
1.670000e+02 3.546674e-04
1.680000e+02 3.546674e-04
1.690000e+02 3.546674e-04
1.700000e+02 3.546674e-04
1.710000e+02 3.546674e-04
1.720000e+02 3.546674e-04
1.730000e+02 3.546674e-04
1.740000e+02 3.546674e-04
1.750000e+02 3.546674e-04
1.760000e+02 3.546674e-04
1.770000e+02 3.546674e-04
1.780000e+02 3.546674e-04
1.790000e+02 3.546674e-04
1.800000e+02 3.546674e-04
1.810000e+02 3.546674e-04
1.820000e+02 3.546674e-04
1.830000e+02 3.546674e-04
1.840000e+02 3.546674e-04
1.850000e+02 3.546674e-04
1.860000e+02 3.546674e-04
1.870000e+02 3.546674e-04
1.880000e+02 3.546674e-04
1.890000e+02 3.546674e-04
1.900000e+02 3.546674e-04
1.910000e+02 3.546674e-04
1.920000e+02 3.546674e-04
1.930000e+02 3.546674e-04
1.940000e+02 3.546674e-04
1.950000e+02 3.546674e-04
1.960000e+02 3.546674e-04
1.970000e+02 3.546674e-04
1.980000e+02 3.546674e-04
1.990000e+02 3.546674e-04
2.000000e+02 3.328555e-04
2.010000e+02 3.110436e-04
2.020000e+02 3.110436e-04
2.030000e+02 3.110436e-04
2.040000e+02 3.110436e-04
2.050000e+02 3.110436e-04
2.060000e+02 3.110436e-04
2.070000e+02 3.110436e-04
2.080000e+02 3.110436e-04
2.090000e+02 3.110436e-04
2.100000e+02 3.110436e-04
2.110000e+02 3.110436e-04
2.120000e+02 3.110436e-04
2.130000e+02 3.110436e-04
2.140000e+02 3.110436e-04
2.150000e+02 3.110436e-04
2.160000e+02 3.110436e-04
2.170000e+02 3.110436e-04
2.180000e+02 3.110436e-04
2.190000e+02 3.110436e-04
2.200000e+02 3.110436e-04
2.210000e+02 3.110436e-04
2.220000e+02 3.110436e-04
2.230000e+02 3.110436e-04
2.240000e+02 3.110436e-04
2.250000e+02 3.110436e-04
2.260000e+02 3.110436e-04
2.270000e+02 3.110436e-04
2.280000e+02 3.110436e-04
2.290000e+02 3.110436e-04
2.300000e+02 3.110436e-04
2.310000e+02 3.110436e-04
2.320000e+02 3.110436e-04
2.330000e+02 3.110436e-04
2.340000e+02 3.110436e-04
2.350000e+02 3.110436e-04
2.360000e+02 3.110436e-04
2.370000e+02 3.110436e-04
2.380000e+02 3.110436e-04
2.390000e+02 3.110436e-04
2.400000e+02 3.110436e-04
2.410000e+02 3.110436e-04
2.420000e+02 3.110436e-04
2.430000e+02 3.110436e-04
2.440000e+02 3.110436e-04
2.450000e+02 3.110436e-04
2.460000e+02 3.110436e-04
2.470000e+02 3.110436e-04
2.480000e+02 3.110436e-04
2.490000e+02 3.110436e-04
2.500000e+02 3.110436e-04
2.510000e+02 3.110436e-04
2.520000e+02 3.110436e-04
2.530000e+02 3.110436e-04
2.540000e+02 3.110436e-04
2.550000e+02 3.110436e-04
2.560000e+02 3.110436e-04
2.570000e+02 3.110436e-04
2.580000e+02 3.110436e-04
2.590000e+02 3.110436e-04
2.600000e+02 3.110436e-04
2.610000e+02 3.110436e-04
2.620000e+02 3.110436e-04
2.630000e+02 3.110436e-04
2.640000e+02 3.110436e-04
2.650000e+02 3.110436e-04
2.660000e+02 3.110436e-04
2.670000e+02 3.110436e-04
2.680000e+02 3.110436e-04
2.690000e+02 3.110436e-04
2.700000e+02 3.110436e-04
2.710000e+02 3.110436e-04
2.720000e+02 3.110436e-04
2.730000e+02 3.110436e-04
2.740000e+02 3.110436e-04
2.750000e+02 3.110436e-04
2.760000e+02 3.110436e-04
2.770000e+02 3.110436e-04
2.780000e+02 3.110436e-04
2.790000e+02 3.110436e-04
2.800000e+02 3.110436e-04
2.810000e+02 3.110436e-04
2.820000e+02 3.110436e-04
2.830000e+02 3.110436e-04
2.840000e+02 3.110436e-04
2.850000e+02 3.110436e-04
2.860000e+02 3.110436e-04
2.870000e+02 3.110436e-04
2.880000e+02 3.110436e-04
2.890000e+02 3.110436e-04
2.900000e+02 3.110436e-04
2.910000e+02 3.110436e-04
2.920000e+02 3.110436e-04
2.930000e+02 3.110436e-04
2.940000e+02 3.110436e-04
2.950000e+02 3.110436e-04
2.960000e+02 3.110436e-04
2.970000e+02 3.110436e-04
2.980000e+02 3.110436e-04
2.990000e+02 3.110436e-04
3.000000e+02 2.928600e-04
3.010000e+02 2.746763e-04
3.020000e+02 2.746763e-04
3.030000e+02 2.746763e-04
3.040000e+02 2.746763e-04
3.050000e+02 2.746763e-04
3.060000e+02 2.746763e-04
3.070000e+02 2.746763e-04
3.080000e+02 2.746763e-04
3.090000e+02 2.746763e-04
3.100000e+02 2.746763e-04
3.110000e+02 2.746763e-04
3.120000e+02 2.746763e-04
3.130000e+02 2.746763e-04
3.140000e+02 2.746763e-04
3.150000e+02 2.746763e-04
3.160000e+02 2.746763e-04
3.170000e+02 2.746763e-04
3.180000e+02 2.746763e-04
3.190000e+02 2.746763e-04
3.200000e+02 2.746763e-04
3.210000e+02 2.746763e-04
3.220000e+02 2.746763e-04
3.230000e+02 2.746763e-04
3.240000e+02 2.746763e-04
3.250000e+02 2.746763e-04
3.260000e+02 2.746763e-04
3.270000e+02 2.746763e-04
3.280000e+02 2.746763e-04
3.290000e+02 2.746763e-04
3.300000e+02 2.746763e-04
3.310000e+02 2.746763e-04
3.320000e+02 2.746763e-04
3.330000e+02 2.746763e-04
3.340000e+02 2.746763e-04
3.350000e+02 2.746763e-04
3.360000e+02 2.746763e-04
3.370000e+02 2.746763e-04
3.380000e+02 2.746763e-04
3.390000e+02 2.746763e-04
3.400000e+02 2.746763e-04
3.410000e+02 2.746763e-04
3.420000e+02 2.746763e-04
3.430000e+02 2.746763e-04
3.440000e+02 2.746763e-04
3.450000e+02 2.746763e-04
3.460000e+02 2.746763e-04
3.470000e+02 2.746763e-04
3.480000e+02 2.746763e-04
3.490000e+02 2.746763e-04
3.500000e+02 2.746763e-04
3.510000e+02 2.746763e-04
3.520000e+02 2.746763e-04
3.530000e+02 2.746763e-04
3.540000e+02 2.746763e-04
3.550000e+02 2.746763e-04
3.560000e+02 2.746763e-04
3.570000e+02 2.746763e-04
3.580000e+02 2.746763e-04
3.590000e+02 2.746763e-04
3.600000e+02 2.746763e-04
3.610000e+02 2.746763e-04
3.620000e+02 2.746763e-04
3.630000e+02 2.746763e-04
3.640000e+02 2.746763e-04
3.650000e+02 2.746763e-04
3.660000e+02 2.746763e-04
3.670000e+02 2.746763e-04
3.680000e+02 2.746763e-04
3.690000e+02 2.746763e-04
3.700000e+02 2.746763e-04
3.710000e+02 2.746763e-04
3.720000e+02 2.746763e-04
3.730000e+02 2.746763e-04
3.740000e+02 2.746763e-04
3.750000e+02 2.746763e-04
3.760000e+02 2.746763e-04
3.770000e+02 2.746763e-04
3.780000e+02 2.746763e-04
3.790000e+02 2.746763e-04
3.800000e+02 2.746763e-04
3.810000e+02 2.746763e-04
3.820000e+02 2.746763e-04
3.830000e+02 2.746763e-04
3.840000e+02 2.746763e-04
3.850000e+02 2.746763e-04
3.860000e+02 2.746763e-04
3.870000e+02 2.746763e-04
3.880000e+02 2.746763e-04
3.890000e+02 2.746763e-04
3.900000e+02 2.746763e-04
3.910000e+02 2.746763e-04
3.920000e+02 2.746763e-04
3.930000e+02 2.746763e-04
3.940000e+02 2.746763e-04
3.950000e+02 2.746763e-04
3.960000e+02 2.746763e-04
3.970000e+02 2.746763e-04
3.980000e+02 2.746763e-04
3.990000e+02 2.746763e-04
4.000000e+02 1.389096e-04
4.010000e+02 3.142934e-06
4.020000e+02 3.142934e-06
4.030000e+02 3.142934e-06
4.040000e+02 3.142934e-06
4.050000e+02 3.142934e-06
4.060000e+02 3.142934e-06
4.070000e+02 3.142934e-06
4.080000e+02 3.142934e-06
4.090000e+02 3.142934e-06
4.100000e+02 3.142934e-06
4.110000e+02 3.142934e-06
4.120000e+02 3.142934e-06
4.130000e+02 3.142934e-06
4.140000e+02 3.142934e-06
4.150000e+02 3.142934e-06
4.160000e+02 3.142934e-06
4.170000e+02 3.142934e-06
4.180000e+02 3.142934e-06
4.190000e+02 3.142934e-06
4.200000e+02 3.142934e-06
4.210000e+02 3.142934e-06
4.220000e+02 3.142934e-06
4.230000e+02 3.142934e-06
4.240000e+02 3.142934e-06
4.250000e+02 3.142934e-06
4.260000e+02 3.142934e-06
4.270000e+02 3.142934e-06
4.280000e+02 3.142934e-06
4.290000e+02 3.142934e-06
4.300000e+02 3.142934e-06
4.310000e+02 3.142934e-06
4.320000e+02 3.142934e-06
4.330000e+02 3.142934e-06
4.340000e+02 3.142934e-06
4.350000e+02 3.142934e-06
4.360000e+02 3.142934e-06
4.370000e+02 3.142934e-06
4.380000e+02 3.142934e-06
4.390000e+02 3.142934e-06
4.400000e+02 3.142934e-06
4.410000e+02 3.142934e-06
4.420000e+02 3.142934e-06
4.430000e+02 3.142934e-06
4.440000e+02 3.142934e-06
4.450000e+02 3.142934e-06
4.460000e+02 3.142934e-06
4.470000e+02 3.142934e-06
4.480000e+02 3.142934e-06
4.490000e+02 3.142934e-06
4.500000e+02 3.142934e-06
4.510000e+02 3.142934e-06
4.520000e+02 3.142934e-06
4.530000e+02 3.142934e-06
4.540000e+02 3.142934e-06
4.550000e+02 3.142934e-06
4.560000e+02 3.142934e-06
4.570000e+02 3.142934e-06
4.580000e+02 3.142934e-06
4.590000e+02 3.142934e-06
4.600000e+02 3.142934e-06
4.610000e+02 3.142934e-06
4.620000e+02 3.142934e-06
4.630000e+02 3.142934e-06
4.640000e+02 3.142934e-06
4.650000e+02 3.142934e-06
4.660000e+02 3.142934e-06
4.670000e+02 3.142934e-06
4.680000e+02 3.142934e-06
4.690000e+02 3.142934e-06
4.700000e+02 3.142934e-06
4.710000e+02 3.142934e-06
4.720000e+02 3.142934e-06
4.730000e+02 3.142934e-06
4.740000e+02 3.142934e-06
4.750000e+02 3.142934e-06
4.760000e+02 3.142934e-06
4.770000e+02 3.142934e-06
4.780000e+02 3.142934e-06
4.790000e+02 3.142934e-06
4.800000e+02 3.142934e-06
4.810000e+02 3.142934e-06
4.820000e+02 3.142934e-06
4.830000e+02 3.142934e-06
4.840000e+02 3.142934e-06
4.850000e+02 3.142934e-06
4.860000e+02 3.142934e-06
4.870000e+02 3.142934e-06
4.880000e+02 3.142934e-06
4.890000e+02 3.142934e-06
4.900000e+02 3.142934e-06
4.910000e+02 3.142934e-06
4.920000e+02 3.142934e-06
4.930000e+02 3.142934e-06
4.940000e+02 3.142934e-06
4.950000e+02 3.142934e-06
4.960000e+02 3.142934e-06
4.970000e+02 3.142934e-06
4.980000e+02 3.142934e-06
4.990000e+02 3.142934e-06
5.000000e+02 2.797966e-06
5.010000e+02 2.452998e-06
5.020000e+02 2.452998e-06
5.030000e+02 2.452998e-06
5.040000e+02 2.452998e-06
5.050000e+02 2.452998e-06
5.060000e+02 2.452998e-06
5.070000e+02 2.452998e-06
5.080000e+02 2.452998e-06
5.090000e+02 2.452998e-06
5.100000e+02 2.452998e-06
5.110000e+02 2.452998e-06
5.120000e+02 2.452998e-06
5.130000e+02 2.452998e-06
5.140000e+02 2.452998e-06
5.150000e+02 2.452998e-06
5.160000e+02 2.452998e-06
5.170000e+02 2.452998e-06
5.180000e+02 2.452998e-06
5.190000e+02 2.452998e-06
5.200000e+02 2.452998e-06
5.210000e+02 2.452998e-06
5.220000e+02 2.452998e-06
5.230000e+02 2.452998e-06
5.240000e+02 2.452998e-06
5.250000e+02 2.452998e-06
5.260000e+02 2.452998e-06
5.270000e+02 2.452998e-06
5.280000e+02 2.452998e-06
5.290000e+02 2.452998e-06
5.300000e+02 2.452998e-06
5.310000e+02 2.452998e-06
5.320000e+02 2.452998e-06
5.330000e+02 2.452998e-06
5.340000e+02 2.452998e-06
5.350000e+02 2.452998e-06
5.360000e+02 2.452998e-06
5.370000e+02 2.452998e-06
5.380000e+02 2.452998e-06
5.390000e+02 2.452998e-06
5.400000e+02 2.452998e-06
5.410000e+02 2.452998e-06
5.420000e+02 2.452998e-06
5.430000e+02 2.452998e-06
5.440000e+02 2.452998e-06
5.450000e+02 2.452998e-06
5.460000e+02 2.452998e-06
5.470000e+02 2.452998e-06
5.480000e+02 2.452998e-06
5.490000e+02 2.452998e-06
5.500000e+02 2.452998e-06
5.510000e+02 2.452998e-06
5.520000e+02 2.452998e-06
5.530000e+02 2.452998e-06
5.540000e+02 2.452998e-06
5.550000e+02 2.452998e-06
5.560000e+02 2.452998e-06
5.570000e+02 2.452998e-06
5.580000e+02 2.452998e-06
5.590000e+02 2.452998e-06
5.600000e+02 2.452998e-06
5.610000e+02 2.452998e-06
5.620000e+02 2.452998e-06
5.630000e+02 2.452998e-06
5.640000e+02 2.452998e-06
5.650000e+02 2.452998e-06
5.660000e+02 2.452998e-06
5.670000e+02 2.452998e-06
5.680000e+02 2.452998e-06
5.690000e+02 2.452998e-06
5.700000e+02 2.452998e-06
5.710000e+02 2.452998e-06
5.720000e+02 2.452998e-06
5.730000e+02 2.452998e-06
5.740000e+02 2.452998e-06
5.750000e+02 2.452998e-06
5.760000e+02 2.452998e-06
5.770000e+02 2.452998e-06
5.780000e+02 2.452998e-06
5.790000e+02 2.452998e-06
5.800000e+02 2.452998e-06
5.810000e+02 2.452998e-06
5.820000e+02 2.452998e-06
5.830000e+02 2.452998e-06
5.840000e+02 2.452998e-06
5.850000e+02 2.452998e-06
5.860000e+02 2.452998e-06
5.870000e+02 2.452998e-06
5.880000e+02 2.452998e-06
5.890000e+02 2.452998e-06
5.900000e+02 2.452998e-06
5.910000e+02 2.452998e-06
5.920000e+02 2.452998e-06
5.930000e+02 2.452998e-06
5.940000e+02 2.452998e-06
5.950000e+02 2.452998e-06
5.960000e+02 2.452998e-06
5.970000e+02 2.452998e-06
5.980000e+02 2.452998e-06
5.990000e+02 2.452998e-06
6.000000e+02 5.096501e-06
6.010000e+02 7.740005e-06
6.020000e+02 7.740005e-06
6.030000e+02 7.740005e-06
6.040000e+02 7.740005e-06
6.050000e+02 7.740005e-06
6.060000e+02 7.740005e-06
6.070000e+02 7.740005e-06
6.080000e+02 7.740005e-06
6.090000e+02 7.740005e-06
6.100000e+02 7.740005e-06
6.110000e+02 7.740005e-06
6.120000e+02 7.740005e-06
6.130000e+02 7.740005e-06
6.140000e+02 7.740005e-06
6.150000e+02 7.740005e-06
6.160000e+02 7.740005e-06
6.170000e+02 7.740005e-06
6.180000e+02 7.740005e-06
6.190000e+02 7.740005e-06
6.200000e+02 7.740005e-06
6.210000e+02 7.740005e-06
6.220000e+02 7.740005e-06
6.230000e+02 7.740005e-06
6.240000e+02 7.740005e-06
6.250000e+02 7.740005e-06
6.260000e+02 7.740005e-06
6.270000e+02 7.740005e-06
6.280000e+02 7.740005e-06
6.290000e+02 7.740005e-06
6.300000e+02 7.740005e-06
6.310000e+02 7.740005e-06
6.320000e+02 7.740005e-06
6.330000e+02 7.740005e-06
6.340000e+02 7.740005e-06
6.350000e+02 7.740005e-06
6.360000e+02 7.740005e-06
6.370000e+02 7.740005e-06
6.380000e+02 7.740005e-06
6.390000e+02 7.740005e-06
6.400000e+02 7.740005e-06
6.410000e+02 7.740005e-06
6.420000e+02 7.740005e-06
6.430000e+02 7.740005e-06
6.440000e+02 7.740005e-06
6.450000e+02 7.740005e-06
6.460000e+02 7.740005e-06
6.470000e+02 7.740005e-06
6.480000e+02 7.740005e-06
6.490000e+02 7.740005e-06
6.500000e+02 7.740005e-06
6.510000e+02 7.740005e-06
6.520000e+02 7.740005e-06
6.530000e+02 7.740005e-06
6.540000e+02 7.740005e-06
6.550000e+02 7.740005e-06
6.560000e+02 7.740005e-06
6.570000e+02 7.740005e-06
6.580000e+02 7.740005e-06
6.590000e+02 7.740005e-06
6.600000e+02 7.740005e-06
6.610000e+02 7.740005e-06
6.620000e+02 7.740005e-06
6.630000e+02 7.740005e-06
6.640000e+02 7.740005e-06
6.650000e+02 7.740005e-06
6.660000e+02 7.740005e-06
6.670000e+02 7.740005e-06
6.680000e+02 7.740005e-06
6.690000e+02 7.740005e-06
6.700000e+02 7.740005e-06
6.710000e+02 7.740005e-06
6.720000e+02 7.740005e-06
6.730000e+02 7.740005e-06
6.740000e+02 7.740005e-06
6.750000e+02 7.740005e-06
6.760000e+02 7.740005e-06
6.770000e+02 7.740005e-06
6.780000e+02 7.740005e-06
6.790000e+02 7.740005e-06
6.800000e+02 7.740005e-06
6.810000e+02 7.740005e-06
6.820000e+02 7.740005e-06
6.830000e+02 7.740005e-06
6.840000e+02 7.740005e-06
6.850000e+02 7.740005e-06
6.860000e+02 7.740005e-06
6.870000e+02 7.740005e-06
6.880000e+02 7.740005e-06
6.890000e+02 7.740005e-06
6.900000e+02 7.740005e-06
6.910000e+02 7.740005e-06
6.920000e+02 7.740005e-06
6.930000e+02 7.740005e-06
6.940000e+02 7.740005e-06
6.950000e+02 7.740005e-06
6.960000e+02 7.740005e-06
6.970000e+02 7.740005e-06
6.980000e+02 7.740005e-06
6.990000e+02 7.740005e-06
7.000000e+02 6.082512e-06
7.010000e+02 4.425019e-06
7.020000e+02 4.425019e-06
7.030000e+02 4.425019e-06
7.040000e+02 4.425019e-06
7.050000e+02 4.425019e-06
7.060000e+02 4.425019e-06
7.070000e+02 4.425019e-06
7.080000e+02 4.425019e-06
7.090000e+02 4.425019e-06
7.100000e+02 4.425019e-06
7.110000e+02 4.425019e-06
7.120000e+02 4.425019e-06
7.130000e+02 4.425019e-06
7.140000e+02 4.425019e-06
7.150000e+02 4.425019e-06
7.160000e+02 4.425019e-06
7.170000e+02 4.425019e-06
7.180000e+02 4.425019e-06
7.190000e+02 4.425019e-06
7.200000e+02 4.425019e-06
7.210000e+02 4.425019e-06
7.220000e+02 4.425019e-06
7.230000e+02 4.425019e-06
7.240000e+02 4.425019e-06
7.250000e+02 4.425019e-06
7.260000e+02 4.425019e-06
7.270000e+02 4.425019e-06
7.280000e+02 4.425019e-06
7.290000e+02 4.425019e-06
7.300000e+02 4.425019e-06
7.310000e+02 4.425019e-06
7.320000e+02 4.425019e-06
7.330000e+02 4.425019e-06
7.340000e+02 4.425019e-06
7.350000e+02 4.425019e-06
7.360000e+02 4.425019e-06
7.370000e+02 4.425019e-06
7.380000e+02 4.425019e-06
7.390000e+02 4.425019e-06
7.400000e+02 4.425019e-06
7.410000e+02 4.425019e-06
7.420000e+02 4.425019e-06
7.430000e+02 4.425019e-06
7.440000e+02 4.425019e-06
7.450000e+02 4.425019e-06
7.460000e+02 4.425019e-06
7.470000e+02 4.425019e-06
7.480000e+02 4.425019e-06
7.490000e+02 4.425019e-06
7.500000e+02 4.425019e-06
7.510000e+02 4.425019e-06
7.520000e+02 4.425019e-06
7.530000e+02 4.425019e-06
7.540000e+02 4.425019e-06
7.550000e+02 4.425019e-06
7.560000e+02 4.425019e-06
7.570000e+02 4.425019e-06
7.580000e+02 4.425019e-06
7.590000e+02 4.425019e-06
7.600000e+02 4.425019e-06
7.610000e+02 4.425019e-06
7.620000e+02 4.425019e-06
7.630000e+02 4.425019e-06
7.640000e+02 4.425019e-06
7.650000e+02 4.425019e-06
7.660000e+02 4.425019e-06
7.670000e+02 4.425019e-06
7.680000e+02 4.425019e-06
7.690000e+02 4.425019e-06
7.700000e+02 4.425019e-06
7.710000e+02 4.425019e-06
7.720000e+02 4.425019e-06
7.730000e+02 4.425019e-06
7.740000e+02 4.425019e-06
7.750000e+02 4.425019e-06
7.760000e+02 4.425019e-06
7.770000e+02 4.425019e-06
7.780000e+02 4.425019e-06
7.790000e+02 4.425019e-06
7.800000e+02 4.425019e-06
7.810000e+02 4.425019e-06
7.820000e+02 4.425019e-06
7.830000e+02 4.425019e-06
7.840000e+02 4.425019e-06
7.850000e+02 4.425019e-06
7.860000e+02 4.425019e-06
7.870000e+02 4.425019e-06
7.880000e+02 4.425019e-06
7.890000e+02 4.425019e-06
7.900000e+02 4.425019e-06
7.910000e+02 4.425019e-06
7.920000e+02 4.425019e-06
7.930000e+02 4.425019e-06
7.940000e+02 4.425019e-06
7.950000e+02 4.425019e-06
7.960000e+02 4.425019e-06
7.970000e+02 4.425019e-06
7.980000e+02 4.425019e-06
7.990000e+02 4.425019e-06
8.000000e+02 4.425019e-06
8.010000e+02 4.425019e-06
8.020000e+02 4.425019e-06
8.030000e+02 3.595392e-06
8.040000e+02 2.765764e-06
8.050000e+02 2.765764e-06
8.060000e+02 2.765764e-06
8.070000e+02 2.765764e-06
8.080000e+02 2.765764e-06
8.090000e+02 2.765764e-06
8.100000e+02 2.765764e-06
8.110000e+02 2.765764e-06
8.120000e+02 2.765764e-06
8.130000e+02 2.765764e-06
8.140000e+02 2.765764e-06
8.150000e+02 2.765764e-06
8.160000e+02 2.765764e-06
8.170000e+02 2.765764e-06
8.180000e+02 2.765764e-06
8.190000e+02 2.765764e-06
8.200000e+02 2.765764e-06
8.210000e+02 2.765764e-06
8.220000e+02 2.765764e-06
8.230000e+02 2.765764e-06
8.240000e+02 2.765764e-06
8.250000e+02 2.765764e-06
8.260000e+02 2.765764e-06
8.270000e+02 2.765764e-06
8.280000e+02 2.765764e-06
8.290000e+02 2.765764e-06
8.300000e+02 2.765764e-06
8.310000e+02 2.765764e-06
8.320000e+02 2.765764e-06
8.330000e+02 2.765764e-06
8.340000e+02 2.765764e-06
8.350000e+02 2.765764e-06
8.360000e+02 2.765764e-06
8.370000e+02 2.765764e-06
8.380000e+02 2.765764e-06
8.390000e+02 2.765764e-06
8.400000e+02 2.765764e-06
8.410000e+02 2.765764e-06
8.420000e+02 2.765764e-06
8.430000e+02 2.765764e-06
8.440000e+02 2.765764e-06
8.450000e+02 2.765764e-06
8.460000e+02 2.765764e-06
8.470000e+02 2.765764e-06
8.480000e+02 2.765764e-06
8.490000e+02 2.765764e-06
8.500000e+02 2.765764e-06
8.510000e+02 2.765764e-06
8.520000e+02 2.765764e-06
8.530000e+02 2.765764e-06
8.540000e+02 2.765764e-06
8.550000e+02 2.765764e-06
8.560000e+02 2.765764e-06
8.570000e+02 2.765764e-06
8.580000e+02 2.765764e-06
8.590000e+02 2.765764e-06
8.600000e+02 2.765764e-06
8.610000e+02 2.765764e-06
8.620000e+02 2.765764e-06
8.630000e+02 2.765764e-06
8.640000e+02 2.765764e-06
8.650000e+02 2.765764e-06
8.660000e+02 2.765764e-06
8.670000e+02 2.765764e-06
8.680000e+02 2.765764e-06
8.690000e+02 2.765764e-06
8.700000e+02 2.765764e-06
8.710000e+02 2.765764e-06
8.720000e+02 2.765764e-06
8.730000e+02 2.765764e-06
8.740000e+02 2.765764e-06
8.750000e+02 2.765764e-06
8.760000e+02 2.765764e-06
8.770000e+02 2.765764e-06
8.780000e+02 2.765764e-06
8.790000e+02 2.765764e-06
8.800000e+02 2.765764e-06
8.810000e+02 2.765764e-06
8.820000e+02 2.765764e-06
8.830000e+02 2.765764e-06
8.840000e+02 2.765764e-06
8.850000e+02 2.765764e-06
8.860000e+02 2.765764e-06
8.870000e+02 2.765764e-06
8.880000e+02 2.765764e-06
8.890000e+02 2.765764e-06
8.900000e+02 2.765764e-06
8.910000e+02 2.765764e-06
8.920000e+02 2.765764e-06
8.930000e+02 2.765764e-06
8.940000e+02 2.765764e-06
8.950000e+02 2.765764e-06
8.960000e+02 2.765764e-06
8.970000e+02 2.765764e-06
8.980000e+02 2.765764e-06
8.990000e+02 2.765764e-06
9.000000e+02 2.765764e-06
9.010000e+02 2.765764e-06
9.020000e+02 2.765764e-06
9.030000e+02 2.765764e-06
9.040000e+02 2.765764e-06
9.050000e+02 2.765764e-06
9.060000e+02 2.765764e-06
9.070000e+02 2.765764e-06
9.080000e+02 2.765764e-06
9.090000e+02 2.765764e-06
9.100000e+02 2.765764e-06
9.110000e+02 2.765764e-06
9.120000e+02 2.765764e-06
9.130000e+02 2.765764e-06
9.140000e+02 2.765764e-06
9.150000e+02 2.765764e-06
9.160000e+02 2.765764e-06
9.170000e+02 2.765764e-06
9.180000e+02 2.765764e-06
9.190000e+02 2.765764e-06
9.200000e+02 2.765764e-06
9.210000e+02 2.765764e-06
9.220000e+02 2.765764e-06
9.230000e+02 2.765764e-06
9.240000e+02 2.765764e-06
9.250000e+02 2.765764e-06
9.260000e+02 2.765764e-06
9.270000e+02 2.765764e-06
9.280000e+02 2.765764e-06
9.290000e+02 2.765764e-06
9.300000e+02 2.765764e-06
9.310000e+02 2.765764e-06
9.320000e+02 2.765764e-06
9.330000e+02 2.765764e-06
9.340000e+02 2.765764e-06
9.350000e+02 2.765764e-06
9.360000e+02 2.765764e-06
9.370000e+02 2.765764e-06
9.380000e+02 2.765764e-06
9.390000e+02 2.765764e-06
9.400000e+02 2.765764e-06
9.410000e+02 2.765764e-06
9.420000e+02 2.765764e-06
9.430000e+02 2.765764e-06
9.440000e+02 2.765764e-06
9.450000e+02 2.765764e-06
9.460000e+02 2.765764e-06
9.470000e+02 2.765764e-06
9.480000e+02 2.765764e-06
9.490000e+02 1.963514e-05
9.500000e+02 3.650451e-05
9.510000e+02 3.650451e-05
9.520000e+02 3.650451e-05
9.530000e+02 3.650451e-05
9.540000e+02 3.650451e-05
9.550000e+02 3.650451e-05
9.560000e+02 3.650451e-05
9.570000e+02 3.650451e-05
9.580000e+02 3.650451e-05
9.590000e+02 3.650451e-05
9.600000e+02 3.650451e-05
9.610000e+02 3.650451e-05
9.620000e+02 3.650451e-05
9.630000e+02 3.650451e-05
9.640000e+02 3.650451e-05
9.650000e+02 3.650451e-05
9.660000e+02 3.650451e-05
9.670000e+02 3.650451e-05
9.680000e+02 3.650451e-05
9.690000e+02 3.650451e-05
9.700000e+02 3.650451e-05
9.710000e+02 3.650451e-05
9.720000e+02 3.650451e-05
9.730000e+02 3.650451e-05
9.740000e+02 3.650451e-05
9.750000e+02 3.650451e-05
9.760000e+02 3.650451e-05
9.770000e+02 3.650451e-05
9.780000e+02 3.650451e-05
9.790000e+02 3.650451e-05
9.800000e+02 3.650451e-05
9.810000e+02 3.650451e-05
9.820000e+02 3.650451e-05
9.830000e+02 3.650451e-05
9.840000e+02 3.650451e-05
9.850000e+02 3.650451e-05
9.860000e+02 3.650451e-05
9.870000e+02 3.650451e-05
9.880000e+02 3.650451e-05
9.890000e+02 3.650451e-05
9.900000e+02 3.650451e-05
9.910000e+02 3.650451e-05
9.920000e+02 3.650451e-05
9.930000e+02 3.650451e-05
9.940000e+02 3.650451e-05
9.950000e+02 3.650451e-05
9.960000e+02 3.650451e-05
9.970000e+02 3.650451e-05
9.980000e+02 3.650451e-05
9.990000e+02 3.650451e-05
1.000000e+03 3.650451e-05
1.001000e+03 3.650451e-05
1.002000e+03 3.650451e-05
1.003000e+03 3.650451e-05
1.004000e+03 3.650451e-05
1.005000e+03 3.650451e-05
1.006000e+03 3.650451e-05
1.007000e+03 3.650451e-05
1.008000e+03 3.650451e-05
1.009000e+03 3.650451e-05
1.010000e+03 3.650451e-05
1.011000e+03 3.650451e-05
1.012000e+03 3.650451e-05
1.013000e+03 3.650451e-05
1.014000e+03 3.650451e-05
1.015000e+03 3.650451e-05
1.016000e+03 3.650451e-05
1.017000e+03 3.650451e-05
1.018000e+03 3.650451e-05
1.019000e+03 3.650451e-05
1.020000e+03 3.650451e-05
1.021000e+03 3.650451e-05
1.022000e+03 3.650451e-05
1.023000e+03 3.650451e-05
1.024000e+03 3.650451e-05
1.025000e+03 3.650451e-05
1.026000e+03 3.650451e-05
1.027000e+03 3.650451e-05
1.028000e+03 3.650451e-05
1.029000e+03 3.650451e-05
1.030000e+03 3.650451e-05
1.031000e+03 3.650451e-05
1.032000e+03 3.650451e-05
1.033000e+03 3.650451e-05
1.034000e+03 3.650451e-05
1.035000e+03 3.650451e-05
1.036000e+03 3.650451e-05
1.037000e+03 3.650451e-05
1.038000e+03 3.650451e-05
1.039000e+03 3.650451e-05
1.040000e+03 3.650451e-05
1.041000e+03 3.650451e-05
1.042000e+03 3.650451e-05
1.043000e+03 3.650451e-05
1.044000e+03 3.650451e-05
1.045000e+03 3.650451e-05
1.046000e+03 3.650451e-05
1.047000e+03 3.650451e-05
1.048000e+03 3.650451e-05
1.049000e+03 3.650451e-05
1.050000e+03 3.650451e-05
1.051000e+03 3.650451e-05
1.052000e+03 3.650451e-05
1.053000e+03 3.650451e-05
1.054000e+03 3.650451e-05
1.055000e+03 3.650451e-05
1.056000e+03 3.650451e-05
1.057000e+03 3.650451e-05
1.058000e+03 3.650451e-05
1.059000e+03 3.650451e-05
1.060000e+03 3.650451e-05
1.061000e+03 3.650451e-05
1.062000e+03 3.650451e-05
1.063000e+03 3.650451e-05
1.064000e+03 3.650451e-05
1.065000e+03 3.650451e-05
1.066000e+03 3.650451e-05
1.067000e+03 3.650451e-05
1.068000e+03 3.650451e-05
1.069000e+03 3.650451e-05
1.070000e+03 3.650451e-05
1.071000e+03 3.650451e-05
1.072000e+03 3.650451e-05
1.073000e+03 3.650451e-05
1.074000e+03 3.650451e-05
1.075000e+03 3.650451e-05
1.076000e+03 3.650451e-05
1.077000e+03 3.650451e-05
1.078000e+03 3.650451e-05
1.079000e+03 3.650451e-05
1.080000e+03 3.650451e-05
1.081000e+03 3.650451e-05
1.082000e+03 3.650451e-05
1.083000e+03 3.650451e-05
1.084000e+03 3.650451e-05
1.085000e+03 3.650451e-05
1.086000e+03 3.650451e-05
1.087000e+03 3.650451e-05
1.088000e+03 3.650451e-05
1.089000e+03 3.650451e-05
1.090000e+03 3.650451e-05
1.091000e+03 3.650451e-05
1.092000e+03 3.650451e-05
1.093000e+03 3.650451e-05
1.094000e+03 3.650451e-05
1.095000e+03 3.650451e-05
1.096000e+03 3.650451e-05
1.097000e+03 3.650451e-05
1.098000e+03 3.650451e-05
1.099000e+03 3.650451e-05
1.100000e+03 3.650451e-05
1.101000e+03 3.650451e-05
1.102000e+03 3.650451e-05
1.103000e+03 3.650451e-05
1.104000e+03 3.650451e-05
1.105000e+03 3.650451e-05
1.106000e+03 3.650451e-05
1.107000e+03 3.650451e-05
1.108000e+03 3.650451e-05
1.109000e+03 3.650451e-05
1.110000e+03 3.650451e-05
1.111000e+03 3.650451e-05
1.112000e+03 3.650451e-05
1.113000e+03 3.650451e-05
1.114000e+03 3.650451e-05
1.115000e+03 3.650451e-05
1.116000e+03 3.650451e-05
1.117000e+03 3.650451e-05
1.118000e+03 3.650451e-05
1.119000e+03 3.650451e-05
1.120000e+03 3.650451e-05
1.121000e+03 3.650451e-05
1.122000e+03 3.650451e-05
1.123000e+03 3.650451e-05
1.124000e+03 3.650451e-05
1.125000e+03 3.650451e-05
1.126000e+03 3.650451e-05
1.127000e+03 3.650451e-05
1.128000e+03 3.650451e-05
1.129000e+03 3.650451e-05
1.130000e+03 3.650451e-05
1.131000e+03 3.650451e-05
1.132000e+03 0.000000e+00
1.133000e+03 0.000000e+00
1.134000e+03 0.000000e+00
1.135000e+03 2.383407e-04
1.136000e+03 0.000000e+00
1.137000e+03 2.232149e-05
1.138000e+03 3.422956e-05
1.139000e+03 3.019941e-05
1.140000e+03 1.734363e-04
1.141000e+03 0.000000e+00
1.142000e+03 2.048742e-07
1.143000e+03 0.000000e+00
1.144000e+03 1.547378e-05
1.145000e+03 1.870271e-04
1.146000e+03 1.283621e-04
1.147000e+03 1.008203e-04
1.148000e+03 9.040112e-05
1.149000e+03 0.000000e+00
1.150000e+03 0.000000e+00
1.151000e+03 3.180272e-05
1.152000e+03 0.000000e+00
1.153000e+03 0.000000e+00
1.154000e+03 0.000000e+00
1.155000e+03 0.000000e+00
1.156000e+03 1.387503e-06
1.157000e+03 0.000000e+00
1.158000e+03 0.000000e+00
1.159000e+03 3.880682e-05
1.160000e+03 2.569312e-05
1.161000e+03 1.326817e-05
1.162000e+03 0.000000e+00
1.163000e+03 9.701725e-05
1.164000e+03 8.864329e-05
1.165000e+03 0.000000e+00
1.166000e+03 5.876753e-05
1.167000e+03 4.371205e-05
1.168000e+03 1.300270e-04
1.169000e+03 1.358409e-04
1.170000e+03 1.954984e-05
1.171000e+03 5.922004e-06
1.172000e+03 0.000000e+00
1.173000e+03 0.000000e+00
1.174000e+03 1.069848e-05
1.175000e+03 2.027652e-04
1.176000e+03 3.080230e-04
1.177000e+03 3.498142e-05
1.178000e+03 0.000000e+00
1.179000e+03 5.953055e-05
1.180000e+03 9.665376e-05
1.181000e+03 3.975082e-05
1.182000e+03 3.927014e-05
1.183000e+03 9.378601e-05
1.184000e+03 4.142502e-05
1.185000e+03 5.965659e-06
1.186000e+03 8.993196e-05
1.187000e+03 1.891706e-06
1.188000e+03 0.000000e+00
1.189000e+03 7.651025e-05
1.190000e+03 9.815249e-05
1.191000e+03 1.178651e-05
1.192000e+03 4.846626e-05
1.193000e+03 1.379953e-05
1.194000e+03 5.859182e-05
1.195000e+03 5.393371e-05
1.196000e+03 4.309907e-05
1.197000e+03 0.000000e+00
1.198000e+03 5.399390e-05
1.199000e+03 3.057597e-04
1.200000e+03 5.455098e-04
1.201000e+03 1.738446e-04
1.202000e+03 0.000000e+00
1.203000e+03 2.728592e-05
1.204000e+03 2.200335e-05
1.205000e+03 2.162379e-05
1.206000e+03 6.963712e-05
1.207000e+03 3.648267e-04
1.208000e+03 2.598217e-03
1.209000e+03 2.414688e-03
1.210000e+03 3.486447e-03
1.211000e+03 4.363769e-03
1.212000e+03 3.149458e-03
1.213000e+03 1.437365e-03
1.214000e+03 2.304737e-03
1.215000e+03 0.000000e+00
1.216000e+03 9.945281e-02
1.217000e+03 3.221918e-03
1.218000e+03 1.247624e-03
1.219000e+03 1.014894e-03
1.220000e+03 0.000000e+00
1.221000e+03 7.292852e-04
1.222000e+03 8.157504e-05
1.223000e+03 1.257836e-04
1.224000e+03 8.154018e-05
1.225000e+03 4.868549e-05
1.226000e+03 4.297203e-05
1.227000e+03 1.810068e-05
1.228000e+03 0.000000e+00
1.229000e+03 1.305756e-05
1.230000e+03 0.000000e+00
1.231000e+03 1.198645e-06
1.232000e+03 3.517808e-05
1.233000e+03 3.275855e-05
1.234000e+03 0.000000e+00
1.235000e+03 2.812465e-06
1.236000e+03 5.104251e-05
1.237000e+03 1.714906e-05
1.238000e+03 3.177997e-05
1.239000e+03 4.835180e-04
1.240000e+03 2.487352e-05
1.241000e+03 8.926099e-06
1.242000e+03 6.232290e-05
1.243000e+03 2.277633e-04
1.244000e+03 6.254823e-05
1.245000e+03 3.910106e-05
1.246000e+03 1.671611e-05
1.247000e+03 4.923100e-05
1.248000e+03 3.724940e-05
1.249000e+03 2.626944e-05
1.250000e+03 2.185435e-05
1.251000e+03 3.063662e-05
1.252000e+03 2.813406e-05
1.253000e+03 7.708316e-05
1.254000e+03 0.000000e+00
1.255000e+03 4.509759e-05
1.256000e+03 1.254075e-06
1.257000e+03 1.041858e-04
1.258000e+03 5.537007e-05
1.259000e+03 6.241188e-05
1.260000e+03 4.957033e-05
1.261000e+03 5.143525e-05
1.262000e+03 4.388723e-05
1.263000e+03 7.073298e-05
1.264000e+03 6.068720e-06
1.265000e+03 1.158090e-04
1.266000e+03 7.395225e-05
1.267000e+03 6.507832e-05
1.268000e+03 1.376247e-05
1.269000e+03 7.875429e-05
1.270000e+03 8.464583e-05
1.271000e+03 6.799981e-05
1.272000e+03 5.270501e-05
1.273000e+03 0.000000e+00
1.274000e+03 2.467141e-05
1.275000e+03 0.000000e+00
1.276000e+03 0.000000e+00
1.277000e+03 0.000000e+00
1.278000e+03 0.000000e+00
1.279000e+03 0.000000e+00
1.280000e+03 0.000000e+00
1.281000e+03 0.000000e+00
1.282000e+03 0.000000e+00
1.283000e+03 0.000000e+00
1.284000e+03 0.000000e+00
1.285000e+03 0.000000e+00
1.286000e+03 0.000000e+00
1.287000e+03 5.914183e-05
1.288000e+03 6.248262e-05
1.289000e+03 5.898813e-05
1.290000e+03 9.496246e-05
1.291000e+03 4.079422e-05
1.292000e+03 0.000000e+00
1.293000e+03 3.362530e-05
1.294000e+03 1.248421e-04
1.295000e+03 6.300392e-05
1.296000e+03 9.928560e-05
1.297000e+03 0.000000e+00
1.298000e+03 0.000000e+00
1.299000e+03 0.000000e+00
1.300000e+03 6.535112e-06
1.301000e+03 0.000000e+00
1.302000e+03 0.000000e+00
1.303000e+03 0.000000e+00
1.304000e+03 0.000000e+00
1.305000e+03 0.000000e+00
1.306000e+03 0.000000e+00
1.307000e+03 0.000000e+00
1.308000e+03 0.000000e+00
1.309000e+03 0.000000e+00
1.310000e+03 7.318423e-05
1.311000e+03 0.000000e+00
1.312000e+03 1.518886e-05
1.313000e+03 6.303711e-06
1.314000e+03 1.801344e-05
1.315000e+03 9.653357e-05
1.316000e+03 0.000000e+00
1.317000e+03 0.000000e+00
1.318000e+03 2.975604e-05
1.319000e+03 0.000000e+00
1.320000e+03 0.000000e+00
1.321000e+03 0.000000e+00
1.322000e+03 0.000000e+00
1.323000e+03 1.648429e-05
1.324000e+03 0.000000e+00
1.325000e+03 4.214031e-06
1.326000e+03 6.093757e-05
1.327000e+03 0.000000e+00
1.328000e+03 0.000000e+00
1.329000e+03 0.000000e+00
1.330000e+03 5.048628e-05
1.331000e+03 0.000000e+00
1.332000e+03 1.134586e-05
1.333000e+03 0.000000e+00
1.334000e+03 7.765090e-05
1.335000e+03 1.219821e-04
1.336000e+03 5.831254e-04
1.337000e+03 0.000000e+00
1.338000e+03 0.000000e+00
1.339000e+03 0.000000e+00
1.340000e+03 0.000000e+00
1.341000e+03 0.000000e+00
1.342000e+03 0.000000e+00
1.343000e+03 0.000000e+00
1.344000e+03 0.000000e+00
1.345000e+03 0.000000e+00
1.346000e+03 0.000000e+00
1.347000e+03 0.000000e+00
1.348000e+03 0.000000e+00
1.349000e+03 0.000000e+00
1.350000e+03 0.000000e+00
1.351000e+03 0.000000e+00
1.352000e+03 0.000000e+00
1.353000e+03 0.000000e+00
1.354000e+03 0.000000e+00
1.355000e+03 0.000000e+00
1.356000e+03 3.481115e-05
1.357000e+03 3.531865e-05
1.358000e+03 0.000000e+00
1.359000e+03 7.634225e-05
1.360000e+03 0.000000e+00
1.361000e+03 0.000000e+00
1.362000e+03 2.152672e-05
1.363000e+03 8.889891e-06
1.364000e+03 3.180353e-05
1.365000e+03 3.200982e-05
1.366000e+03 8.352894e-05
1.367000e+03 9.196183e-05
1.368000e+03 0.000000e+00
1.369000e+03 0.000000e+00
1.370000e+03 0.000000e+00
1.371000e+03 7.007503e-05
1.372000e+03 0.000000e+00
1.373000e+03 5.999987e-06
1.374000e+03 1.190462e-06
1.375000e+03 6.324444e-06
1.376000e+03 2.433856e-05
1.377000e+03 8.429614e-05
1.378000e+03 0.000000e+00
1.379000e+03 6.688458e-05
1.380000e+03 0.000000e+00
1.381000e+03 1.823299e-05
1.382000e+03 3.311351e-05
1.383000e+03 1.015645e-04
1.384000e+03 0.000000e+00
1.385000e+03 8.253278e-05
1.386000e+03 2.099111e-05
1.387000e+03 0.000000e+00
1.388000e+03 0.000000e+00
1.389000e+03 0.000000e+00
1.390000e+03 0.000000e+00
1.391000e+03 0.000000e+00
1.392000e+03 8.319615e-05
1.393000e+03 1.753114e-04
1.394000e+03 3.554531e-04
1.395000e+03 5.698545e-05
1.396000e+03 1.092431e-06
1.397000e+03 5.283768e-05
1.398000e+03 4.948636e-05
1.399000e+03 5.568379e-05
1.400000e+03 3.919842e-05
1.401000e+03 4.510106e-05
1.402000e+03 0.000000e+00
1.403000e+03 3.335076e-04
1.404000e+03 0.000000e+00
1.405000e+03 0.000000e+00
1.406000e+03 0.000000e+00
1.407000e+03 6.192600e-05
1.408000e+03 1.063774e-04
1.409000e+03 1.099921e-04
1.410000e+03 9.760639e-05
1.411000e+03 1.645572e-05
1.412000e+03 0.000000e+00
1.413000e+03 1.163685e-04
1.414000e+03 5.219390e-05
1.415000e+03 4.659718e-05
1.416000e+03 6.997122e-05
1.417000e+03 4.058389e-05
1.418000e+03 5.847053e-05
1.419000e+03 6.115447e-05
1.420000e+03 1.091432e-04
1.421000e+03 7.675670e-06
1.422000e+03 9.980525e-05
1.423000e+03 0.000000e+00
1.424000e+03 3.988368e-05
1.425000e+03 1.943839e-05
1.426000e+03 1.664328e-04
1.427000e+03 0.000000e+00
1.428000e+03 1.392700e-04
1.429000e+03 2.192325e-06
1.430000e+03 2.336053e-05
1.431000e+03 7.123849e-05
1.432000e+03 1.338017e-07
1.433000e+03 0.000000e+00
1.434000e+03 5.571401e-05
1.435000e+03 4.030453e-05
1.436000e+03 4.249040e-05
1.437000e+03 3.845349e-06
1.438000e+03 6.948840e-05
1.439000e+03 0.000000e+00
1.440000e+03 0.000000e+00
1.441000e+03 1.235012e-05
1.442000e+03 8.090976e-06
1.443000e+03 3.575098e-05
1.444000e+03 8.643048e-05
1.445000e+03 1.156937e-05
1.446000e+03 6.698162e-06
1.447000e+03 0.000000e+00
1.448000e+03 2.130502e-05
1.449000e+03 4.245612e-05
1.450000e+03 0.000000e+00
1.451000e+03 0.000000e+00
1.452000e+03 6.584500e-05
1.453000e+03 9.709308e-05
1.454000e+03 0.000000e+00
1.455000e+03 3.847274e-05
1.456000e+03 0.000000e+00
1.457000e+03 0.000000e+00
1.458000e+03 0.000000e+00
1.459000e+03 6.586291e-05
1.460000e+03 7.828334e-05
1.461000e+03 1.132859e-05
1.462000e+03 6.026570e-05
1.463000e+03 5.347741e-05
1.464000e+03 2.227129e-05
1.465000e+03 6.200062e-05
1.466000e+03 3.289217e-06
1.467000e+03 2.028410e-05
1.468000e+03 0.000000e+00
1.469000e+03 5.937183e-05
1.470000e+03 1.356964e-04
1.471000e+03 8.633258e-05
1.472000e+03 9.066151e-05
1.473000e+03 2.857120e-05
1.474000e+03 0.000000e+00
1.475000e+03 5.901695e-05
1.476000e+03 7.499873e-06
1.477000e+03 2.610430e-05
1.478000e+03 0.000000e+00
1.479000e+03 7.793115e-05
1.480000e+03 5.265311e-05
1.481000e+03 5.592397e-05
1.482000e+03 1.849937e-06
1.483000e+03 3.395896e-05
1.484000e+03 4.979848e-05
1.485000e+03 4.698699e-05
1.486000e+03 5.720213e-05
1.487000e+03 9.058804e-05
1.488000e+03 1.536682e-04
1.489000e+03 3.733873e-05
1.490000e+03 2.020031e-04
1.491000e+03 9.382814e-06
1.492000e+03 3.102326e-05
1.493000e+03 0.000000e+00
1.494000e+03 0.000000e+00
1.495000e+03 0.000000e+00
1.496000e+03 8.160012e-05
1.497000e+03 1.150156e-04
1.498000e+03 0.000000e+00
1.499000e+03 0.000000e+00
1.500000e+03 9.420797e-05
1.501000e+03 2.226262e-05
1.502000e+03 0.000000e+00
1.503000e+03 8.444484e-06
1.504000e+03 9.840850e-05
1.505000e+03 3.666652e-05
1.506000e+03 1.891858e-05
1.507000e+03 1.284605e-04
1.508000e+03 1.218287e-04
1.509000e+03 2.101694e-05
1.510000e+03 0.000000e+00
1.511000e+03 0.000000e+00
1.512000e+03 3.563102e-05
1.513000e+03 0.000000e+00
1.514000e+03 1.171772e-04
1.515000e+03 6.057306e-05
1.516000e+03 0.000000e+00
1.517000e+03 1.222651e-04
1.518000e+03 0.000000e+00
1.519000e+03 0.000000e+00
1.520000e+03 9.708098e-07
1.521000e+03 1.088654e-04
1.522000e+03 3.763199e-05
1.523000e+03 0.000000e+00
1.524000e+03 6.094086e-05
1.525000e+03 0.000000e+00
1.526000e+03 3.223990e-05
1.527000e+03 7.920749e-06
1.528000e+03 7.476995e-05
1.529000e+03 1.276924e-04
1.530000e+03 6.177527e-05
1.531000e+03 0.000000e+00
1.532000e+03 0.000000e+00
1.533000e+03 9.661874e-05
1.534000e+03 1.796714e-04
1.535000e+03 0.000000e+00
1.536000e+03 1.134811e-04
1.537000e+03 1.339290e-04
1.538000e+03 8.853499e-05
1.539000e+03 0.000000e+00
1.540000e+03 0.000000e+00
1.541000e+03 0.000000e+00
1.542000e+03 0.000000e+00
1.543000e+03 0.000000e+00
1.544000e+03 7.752247e-07
1.545000e+03 2.361361e-05
1.546000e+03 0.000000e+00
1.547000e+03 3.855530e-06
1.548000e+03 1.760204e-03
1.549000e+03 4.372866e-04
1.550000e+03 0.000000e+00
1.551000e+03 8.907413e-04
1.552000e+03 1.284743e-05
1.553000e+03 2.402912e-05
1.554000e+03 0.000000e+00
1.555000e+03 9.544104e-05
1.556000e+03 5.863855e-05
1.557000e+03 2.007517e-04
1.558000e+03 5.154512e-05
1.559000e+03 0.000000e+00
1.560000e+03 9.895597e-05
1.561000e+03 1.382089e-04
1.562000e+03 5.892252e-05
1.563000e+03 0.000000e+00
1.564000e+03 0.000000e+00
1.565000e+03 5.168868e-05
1.566000e+03 5.059582e-05
1.567000e+03 0.000000e+00
1.568000e+03 3.306423e-06
1.569000e+03 6.118932e-05
1.570000e+03 6.392403e-05
1.571000e+03 9.211670e-05
1.572000e+03 0.000000e+00
1.573000e+03 2.101496e-05
1.574000e+03 0.000000e+00
1.575000e+03 1.835312e-04
1.576000e+03 0.000000e+00
1.577000e+03 1.147564e-04
1.578000e+03 3.317063e-04
1.579000e+03 9.094790e-06
1.580000e+03 0.000000e+00
1.581000e+03 1.718503e-04
1.582000e+03 0.000000e+00
1.583000e+03 0.000000e+00
1.584000e+03 0.000000e+00
1.585000e+03 0.000000e+00
1.586000e+03 0.000000e+00
1.587000e+03 6.676425e-05
1.588000e+03 0.000000e+00
1.589000e+03 6.192747e-05
1.590000e+03 2.734833e-04
1.591000e+03 1.680670e-04
1.592000e+03 0.000000e+00
1.593000e+03 0.000000e+00
1.594000e+03 3.550090e-05
1.595000e+03 1.199597e-04
1.596000e+03 0.000000e+00
1.597000e+03 2.516091e-04
1.598000e+03 0.000000e+00
1.599000e+03 0.000000e+00
1.600000e+03 0.000000e+00
1.601000e+03 1.131812e-04
1.602000e+03 6.341204e-05
1.603000e+03 0.000000e+00
1.604000e+03 1.729043e-04
1.605000e+03 9.981681e-05
1.606000e+03 0.000000e+00
1.607000e+03 0.000000e+00
1.608000e+03 0.000000e+00
1.609000e+03 0.000000e+00
1.610000e+03 1.519666e-04
1.611000e+03 6.327398e-05
1.612000e+03 0.000000e+00
1.613000e+03 3.583838e-04
1.614000e+03 0.000000e+00
1.615000e+03 2.543172e-04
1.616000e+03 2.513191e-04
1.617000e+03 0.000000e+00
1.618000e+03 0.000000e+00
1.619000e+03 5.688735e-05
1.620000e+03 0.000000e+00
1.621000e+03 0.000000e+00
1.622000e+03 1.583065e-04
1.623000e+03 0.000000e+00
1.624000e+03 0.000000e+00
1.625000e+03 1.106408e-04
1.626000e+03 0.000000e+00
1.627000e+03 0.000000e+00
1.628000e+03 0.000000e+00
1.629000e+03 1.874238e-05
1.630000e+03 0.000000e+00
1.631000e+03 0.000000e+00
1.632000e+03 0.000000e+00
1.633000e+03 0.000000e+00
1.634000e+03 0.000000e+00
1.635000e+03 1.923275e-05
1.636000e+03 2.909008e-05
1.637000e+03 5.054186e-05
1.638000e+03 0.000000e+00
1.639000e+03 0.000000e+00
1.640000e+03 0.000000e+00
1.641000e+03 4.265231e-04
1.642000e+03 0.000000e+00
1.643000e+03 0.000000e+00
1.644000e+03 0.000000e+00
1.645000e+03 0.000000e+00
1.646000e+03 0.000000e+00
1.647000e+03 0.000000e+00
1.648000e+03 0.000000e+00
1.649000e+03 0.000000e+00
1.650000e+03 0.000000e+00
1.651000e+03 0.000000e+00
1.652000e+03 0.000000e+00
1.653000e+03 0.000000e+00
1.654000e+03 0.000000e+00
1.655000e+03 0.000000e+00
1.656000e+03 2.568614e-04
1.657000e+03 0.000000e+00
1.658000e+03 9.060057e-05
1.659000e+03 0.000000e+00
1.660000e+03 0.000000e+00
1.661000e+03 0.000000e+00
1.662000e+03 0.000000e+00
1.663000e+03 0.000000e+00
1.664000e+03 7.183199e-06
1.665000e+03 0.000000e+00
1.666000e+03 0.000000e+00
1.667000e+03 0.000000e+00
1.668000e+03 0.000000e+00
1.669000e+03 0.000000e+00
1.670000e+03 0.000000e+00
1.671000e+03 3.590029e-04
1.672000e+03 9.226989e-05
1.673000e+03 0.000000e+00
1.674000e+03 0.000000e+00
1.675000e+03 0.000000e+00
1.676000e+03 0.000000e+00
1.677000e+03 0.000000e+00
1.678000e+03 0.000000e+00
1.679000e+03 0.000000e+00
1.680000e+03 0.000000e+00
1.681000e+03 0.000000e+00
1.682000e+03 0.000000e+00
1.683000e+03 0.000000e+00
1.684000e+03 4.463388e-05
1.685000e+03 0.000000e+00
1.686000e+03 0.000000e+00
1.687000e+03 0.000000e+00
1.688000e+03 0.000000e+00
1.689000e+03 0.000000e+00
1.690000e+03 0.000000e+00
1.691000e+03 0.000000e+00
1.692000e+03 0.000000e+00
1.693000e+03 0.000000e+00
1.694000e+03 0.000000e+00
1.695000e+03 0.000000e+00
1.696000e+03 0.000000e+00
1.697000e+03 2.301546e-04
1.698000e+03 0.000000e+00
1.699000e+03 1.979431e-04
1.700000e+03 0.000000e+00
1.701000e+03 1.216290e-04
1.702000e+03 0.000000e+00
1.703000e+03 0.000000e+00
1.704000e+03 0.000000e+00
1.705000e+03 0.000000e+00
1.706000e+03 0.000000e+00
1.707000e+03 7.790468e-05
1.708000e+03 0.000000e+00
1.709000e+03 1.217951e-04
1.710000e+03 0.000000e+00
1.711000e+03 0.000000e+00
1.712000e+03 1.831867e-04
1.713000e+03 0.000000e+00
1.714000e+03 0.000000e+00
1.715000e+03 2.162938e-04
1.716000e+03 4.406399e-04
1.717000e+03 1.144247e-04
1.718000e+03 8.207406e-05
1.719000e+03 0.000000e+00
1.720000e+03 0.000000e+00
1.721000e+03 5.420945e-05
1.722000e+03 6.077645e-05
1.723000e+03 0.000000e+00
1.724000e+03 0.000000e+00
1.725000e+03 1.614603e-04
1.726000e+03 2.931493e-04
1.727000e+03 0.000000e+00
1.728000e+03 0.000000e+00
1.729000e+03 3.005352e-04
1.730000e+03 5.264788e-05
1.731000e+03 2.057000e-04
1.732000e+03 3.654046e-05
1.733000e+03 0.000000e+00
1.734000e+03 0.000000e+00
1.735000e+03 2.794284e-05
1.736000e+03 0.000000e+00
1.737000e+03 0.000000e+00
1.738000e+03 2.227938e-04
1.739000e+03 4.764504e-04
1.740000e+03 4.335212e-05
1.741000e+03 2.182926e-04
1.742000e+03 5.688393e-04
1.743000e+03 3.101673e-04
1.744000e+03 0.000000e+00
1.745000e+03 0.000000e+00
1.746000e+03 3.250190e-04
1.747000e+03 0.000000e+00
1.748000e+03 2.492791e-04
1.749000e+03 1.515938e-04
1.750000e+03 0.000000e+00
1.751000e+03 6.638269e-04
1.752000e+03 2.998540e-05
1.753000e+03 1.996392e-04
1.754000e+03 3.393947e-04
1.755000e+03 4.558559e-04
1.756000e+03 0.000000e+00
1.757000e+03 1.799017e-04
1.758000e+03 2.133446e-04
1.759000e+03 0.000000e+00
1.760000e+03 0.000000e+00
1.761000e+03 9.280872e-05
1.762000e+03 3.388848e-04
1.763000e+03 2.076856e-04
1.764000e+03 4.307691e-05
1.765000e+03 0.000000e+00
1.766000e+03 4.483438e-04
1.767000e+03 5.286599e-05
1.768000e+03 4.162299e-04
1.769000e+03 0.000000e+00
1.770000e+03 4.866957e-04
1.771000e+03 0.000000e+00
1.772000e+03 0.000000e+00
1.773000e+03 1.265176e-05
1.774000e+03 1.304872e-04
1.775000e+03 0.000000e+00
1.776000e+03 0.000000e+00
1.777000e+03 5.360061e-04
1.778000e+03 1.105210e-03
1.779000e+03 2.251904e-05
1.780000e+03 1.184346e-04
1.781000e+03 2.708036e-04
1.782000e+03 0.000000e+00
1.783000e+03 5.925856e-05
1.784000e+03 2.985736e-04
1.785000e+03 0.000000e+00
1.786000e+03 8.535891e-04
1.787000e+03 0.000000e+00
1.788000e+03 0.000000e+00
1.789000e+03 0.000000e+00
1.790000e+03 9.202532e-04
1.791000e+03 8.168596e-04
1.792000e+03 5.426461e-04
1.793000e+03 0.000000e+00
1.794000e+03 0.000000e+00
1.795000e+03 0.000000e+00
1.796000e+03 1.119448e-03
1.797000e+03 1.328192e-03
1.798000e+03 5.219939e-04
1.799000e+03 0.000000e+00
1.800000e+03 0.000000e+00
1.801000e+03 6.742838e-04
1.802000e+03 1.359869e-04
1.803000e+03 0.000000e+00
1.804000e+03 0.000000e+00
1.805000e+03 1.954162e-04
1.806000e+03 6.292574e-04
1.807000e+03 0.000000e+00
1.808000e+03 0.000000e+00
1.809000e+03 0.000000e+00
1.810000e+03 7.371542e-05
1.811000e+03 3.831637e-04
1.812000e+03 9.738434e-04
1.813000e+03 8.172099e-04
1.814000e+03 6.579362e-04
1.815000e+03 2.530556e-04
1.816000e+03 3.897170e-04
1.817000e+03 3.029622e-04
1.818000e+03 0.000000e+00
1.819000e+03 0.000000e+00
1.820000e+03 4.192288e-04
1.821000e+03 0.000000e+00
1.822000e+03 0.000000e+00
1.823000e+03 7.638239e-05
1.824000e+03 9.013726e-05
1.825000e+03 4.749476e-04
1.826000e+03 1.058501e-03
1.827000e+03 5.971346e-04
1.828000e+03 4.513348e-04
1.829000e+03 3.032334e-04
1.830000e+03 1.927099e-04
1.831000e+03 2.168479e-04
1.832000e+03 4.294659e-04
1.833000e+03 5.853104e-04
1.834000e+03 7.424905e-04
1.835000e+03 1.302466e-03
1.836000e+03 7.854080e-05
1.837000e+03 0.000000e+00
1.838000e+03 0.000000e+00
1.839000e+03 0.000000e+00
1.840000e+03 0.000000e+00
1.841000e+03 0.000000e+00
1.842000e+03 0.000000e+00
1.843000e+03 0.000000e+00
1.844000e+03 0.000000e+00
1.845000e+03 0.000000e+00
1.846000e+03 0.000000e+00
1.847000e+03 0.000000e+00
1.848000e+03 0.000000e+00
1.849000e+03 0.000000e+00
1.850000e+03 0.000000e+00
1.851000e+03 1.599825e-04
1.852000e+03 0.000000e+00
1.853000e+03 0.000000e+00
1.854000e+03 0.000000e+00
1.855000e+03 4.884133e-04
1.856000e+03 2.822269e-04
1.857000e+03 7.057360e-05
1.858000e+03 0.000000e+00
1.859000e+03 0.000000e+00
1.860000e+03 0.000000e+00
1.861000e+03 3.123218e-04
1.862000e+03 1.807654e-04
1.863000e+03 0.000000e+00
1.864000e+03 8.703424e-04
1.865000e+03 8.929988e-04
1.866000e+03 0.000000e+00
1.867000e+03 0.000000e+00
1.868000e+03 1.125827e-04
1.869000e+03 4.441209e-05
1.870000e+03 0.000000e+00
1.871000e+03 0.000000e+00
1.872000e+03 2.563123e-04
1.873000e+03 0.000000e+00
1.874000e+03 0.000000e+00
1.875000e+03 0.000000e+00
1.876000e+03 0.000000e+00
1.877000e+03 4.959054e-05
1.878000e+03 4.338454e-06
1.879000e+03 7.664142e-05
1.880000e+03 2.512253e-04
1.881000e+03 0.000000e+00
1.882000e+03 0.000000e+00
1.883000e+03 0.000000e+00
1.884000e+03 3.915772e-08
1.885000e+03 5.925549e-05
1.886000e+03 2.382198e-04
1.887000e+03 5.759300e-04
1.888000e+03 8.244496e-04
1.889000e+03 1.066732e-03
1.890000e+03 3.438357e-04
1.891000e+03 0.000000e+00
1.892000e+03 5.894063e-04
1.893000e+03 6.958265e-04
1.894000e+03 7.765098e-04
1.895000e+03 0.000000e+00
1.896000e+03 0.000000e+00
1.897000e+03 3.826367e-04
1.898000e+03 0.000000e+00
1.899000e+03 0.000000e+00
1.900000e+03 0.000000e+00
1.901000e+03 0.000000e+00
1.902000e+03 0.000000e+00
1.903000e+03 1.718181e-04
1.904000e+03 0.000000e+00
1.905000e+03 0.000000e+00
1.906000e+03 6.446562e-04
1.907000e+03 2.290875e-04
1.908000e+03 0.000000e+00
1.909000e+03 0.000000e+00
1.910000e+03 0.000000e+00
1.911000e+03 1.657930e-05
1.912000e+03 0.000000e+00
1.913000e+03 0.000000e+00
1.914000e+03 3.287562e-06
1.915000e+03 4.407429e-04
1.916000e+03 6.024333e-04
1.917000e+03 7.037024e-04
1.918000e+03 3.290833e-04
1.919000e+03 7.941658e-05
1.920000e+03 0.000000e+00
1.921000e+03 0.000000e+00
1.922000e+03 0.000000e+00
1.923000e+03 4.448315e-04
1.924000e+03 4.461830e-04
1.925000e+03 4.475718e-04
1.926000e+03 1.379250e-04
1.927000e+03 2.891245e-04
1.928000e+03 5.397071e-04
1.929000e+03 0.000000e+00
1.930000e+03 0.000000e+00
1.931000e+03 0.000000e+00
1.932000e+03 2.706373e-04
1.933000e+03 2.438819e-04
1.934000e+03 0.000000e+00
1.935000e+03 0.000000e+00
1.936000e+03 0.000000e+00
1.937000e+03 0.000000e+00
1.938000e+03 1.669712e-04
1.939000e+03 4.343914e-04
1.940000e+03 0.000000e+00
1.941000e+03 0.000000e+00
1.942000e+03 0.000000e+00
1.943000e+03 2.488984e-04
1.944000e+03 2.987834e-04
1.945000e+03 3.260141e-04
1.946000e+03 7.598750e-04
1.947000e+03 6.766592e-04
1.948000e+03 3.205377e-04
1.949000e+03 4.488055e-04
1.950000e+03 2.469790e-04
1.951000e+03 0.000000e+00
1.952000e+03 0.000000e+00
1.953000e+03 9.990457e-05
1.954000e+03 0.000000e+00
1.955000e+03 0.000000e+00
1.956000e+03 0.000000e+00
1.957000e+03 6.265723e-04
1.958000e+03 2.780124e-04
1.959000e+03 0.000000e+00
1.960000e+03 6.054306e-04
1.961000e+03 4.572358e-04
1.962000e+03 1.626315e-04
1.963000e+03 0.000000e+00
1.964000e+03 1.736191e-06
1.965000e+03 3.522215e-04
1.966000e+03 3.813878e-04
1.967000e+03 2.048459e-04
1.968000e+03 0.000000e+00
1.969000e+03 0.000000e+00
1.970000e+03 0.000000e+00
1.971000e+03 1.372865e-04
1.972000e+03 9.001877e-06
1.973000e+03 0.000000e+00
1.974000e+03 3.711335e-04
1.975000e+03 2.321902e-04
1.976000e+03 8.253280e-05
1.977000e+03 0.000000e+00
1.978000e+03 0.000000e+00
1.979000e+03 0.000000e+00
1.980000e+03 0.000000e+00
1.981000e+03 0.000000e+00
1.982000e+03 0.000000e+00
1.983000e+03 1.020341e-04
1.984000e+03 1.877822e-04
1.985000e+03 1.603864e-04
1.986000e+03 2.796263e-04
1.987000e+03 3.252571e-04
1.988000e+03 2.007381e-04
1.989000e+03 0.000000e+00
1.990000e+03 0.000000e+00
1.991000e+03 0.000000e+00
1.992000e+03 0.000000e+00
1.993000e+03 1.984460e-04
1.994000e+03 0.000000e+00
1.995000e+03 0.000000e+00
1.996000e+03 3.277289e-04
1.997000e+03 6.671225e-04
1.998000e+03 4.848651e-04
1.999000e+03 0.000000e+00
2.000000e+03 1.365707e-04
2.001000e+03 1.563388e-04
2.002000e+03 0.000000e+00
2.003000e+03 0.000000e+00
2.004000e+03 0.000000e+00
2.005000e+03 1.068435e-05
2.006000e+03 4.473362e-05
2.007000e+03 7.488947e-05
2.008000e+03 3.132544e-04
2.009000e+03 4.652885e-04
2.010000e+03 6.380461e-04
2.011000e+03 3.429817e-04
2.012000e+03 2.775542e-04
2.013000e+03 2.103693e-04
2.014000e+03 4.656072e-04
2.015000e+03 5.592464e-04
2.016000e+03 6.634421e-04
2.017000e+03 0.000000e+00
2.018000e+03 0.000000e+00
2.019000e+03 6.190018e-04
2.020000e+03 6.877212e-05
2.021000e+03 0.000000e+00
2.022000e+03 1.844597e-04
2.023000e+03 1.278226e-04
2.024000e+03 7.936310e-05
2.025000e+03 0.000000e+00
2.026000e+03 0.000000e+00
2.027000e+03 0.000000e+00
2.028000e+03 0.000000e+00
2.029000e+03 0.000000e+00
2.030000e+03 0.000000e+00
2.031000e+03 0.000000e+00
2.032000e+03 0.000000e+00
2.033000e+03 1.039611e-04
2.034000e+03 0.000000e+00
2.035000e+03 0.000000e+00
2.036000e+03 3.259960e-04
2.037000e+03 3.138556e-04
2.038000e+03 3.220055e-04
2.039000e+03 4.758895e-04
2.040000e+03 5.264885e-04
2.041000e+03 5.690642e-04
2.042000e+03 3.081422e-04
2.043000e+03 2.016946e-04
2.044000e+03 7.282852e-05
2.045000e+03 8.487129e-05
2.046000e+03 1.291334e-04
2.047000e+03 2.063458e-04
2.048000e+03 2.010407e-04
2.049000e+03 9.089101e-05
2.050000e+03 0.000000e+00
2.051000e+03 0.000000e+00
2.052000e+03 0.000000e+00
2.053000e+03 0.000000e+00
2.054000e+03 0.000000e+00
2.055000e+03 0.000000e+00
2.056000e+03 0.000000e+00
2.057000e+03 0.000000e+00
2.058000e+03 0.000000e+00
2.059000e+03 6.938276e-05
2.060000e+03 0.000000e+00
2.061000e+03 0.000000e+00
2.062000e+03 4.453529e-04
2.063000e+03 2.126882e-04
2.064000e+03 0.000000e+00
2.065000e+03 0.000000e+00
2.066000e+03 0.000000e+00
2.067000e+03 7.687840e-05
2.068000e+03 7.577480e-05
2.069000e+03 8.076147e-05
2.070000e+03 1.091497e-04
2.071000e+03 1.993203e-04
2.072000e+03 2.588172e-04
2.073000e+03 2.986441e-04
2.074000e+03 1.376412e-04
2.075000e+03 0.000000e+00
2.076000e+03 0.000000e+00
2.077000e+03 4.321298e-05
2.078000e+03 3.623847e-04
2.079000e+03 0.000000e+00
2.080000e+03 0.000000e+00
2.081000e+03 2.782772e-05
2.082000e+03 0.000000e+00
2.083000e+03 0.000000e+00
2.084000e+03 8.187870e-05
2.085000e+03 3.071159e-05
2.086000e+03 0.000000e+00
2.087000e+03 0.000000e+00
2.088000e+03 0.000000e+00
2.089000e+03 0.000000e+00
2.090000e+03 2.698980e-04
2.091000e+03 1.191747e-04
2.092000e+03 0.000000e+00
2.093000e+03 3.038193e-04
2.094000e+03 1.646042e-04
2.095000e+03 0.000000e+00
2.096000e+03 0.000000e+00
2.097000e+03 0.000000e+00
2.098000e+03 3.453285e-04
2.099000e+03 1.914019e-04
2.100000e+03 2.073581e-04
2.101000e+03 4.114533e-04
2.102000e+03 2.734550e-04
2.103000e+03 1.788541e-04
2.104000e+03 0.000000e+00
2.105000e+03 1.079070e-04
2.106000e+03 1.816728e-04
2.107000e+03 0.000000e+00
2.108000e+03 0.000000e+00
2.109000e+03 4.618079e-05
2.110000e+03 3.501161e-05
2.111000e+03 1.596652e-05
2.112000e+03 0.000000e+00
2.113000e+03 0.000000e+00
2.114000e+03 0.000000e+00
2.115000e+03 0.000000e+00
2.116000e+03 2.065564e-04
2.117000e+03 2.379668e-04
2.118000e+03 0.000000e+00
2.119000e+03 9.729377e-05
2.120000e+03 1.672257e-04
2.121000e+03 2.687634e-04
2.122000e+03 3.605049e-05
2.123000e+03 0.000000e+00
2.124000e+03 1.683478e-04
2.125000e+03 0.000000e+00
2.126000e+03 0.000000e+00
2.127000e+03 0.000000e+00
2.128000e+03 0.000000e+00
2.129000e+03 0.000000e+00
2.130000e+03 6.469021e-05
2.131000e+03 1.731701e-04
2.132000e+03 2.719680e-04
2.133000e+03 0.000000e+00
2.134000e+03 0.000000e+00
2.135000e+03 0.000000e+00
2.136000e+03 1.627979e-04
2.137000e+03 2.624658e-04
2.138000e+03 7.174525e-05
2.139000e+03 1.780295e-04
2.140000e+03 2.601684e-04
2.141000e+03 9.678537e-05
2.142000e+03 1.434161e-05
2.143000e+03 0.000000e+00
2.144000e+03 0.000000e+00
2.145000e+03 0.000000e+00
2.146000e+03 1.137254e-04
2.147000e+03 1.791919e-05
2.148000e+03 0.000000e+00
2.149000e+03 0.000000e+00
2.150000e+03 9.217548e-05
2.151000e+03 2.008815e-04
2.152000e+03 3.887630e-04
2.153000e+03 1.102397e-04
2.154000e+03 0.000000e+00
2.155000e+03 0.000000e+00
2.156000e+03 0.000000e+00
2.157000e+03 0.000000e+00
2.158000e+03 0.000000e+00
2.159000e+03 0.000000e+00
2.160000e+03 1.989290e-05
2.161000e+03 3.174452e-05
2.162000e+03 6.753739e-05
2.163000e+03 1.305998e-04
2.164000e+03 1.945161e-05
2.165000e+03 0.000000e+00
2.166000e+03 0.000000e+00
2.167000e+03 5.352124e-05
2.168000e+03 1.265551e-04
2.169000e+03 2.286897e-04
2.170000e+03 2.961170e-04
2.171000e+03 3.062940e-04
2.172000e+03 0.000000e+00
2.173000e+03 1.075392e-04
2.174000e+03 3.015008e-04
2.175000e+03 8.515399e-05
2.176000e+03 5.662342e-05
2.177000e+03 2.558646e-05
2.178000e+03 0.000000e+00
2.179000e+03 0.000000e+00
2.180000e+03 0.000000e+00
2.181000e+03 8.265139e-05
2.182000e+03 1.156144e-04
2.183000e+03 1.427703e-05
2.184000e+03 0.000000e+00
2.185000e+03 0.000000e+00
2.186000e+03 7.228920e-06
2.187000e+03 0.000000e+00
2.188000e+03 0.000000e+00
2.189000e+03 2.145104e-04
2.190000e+03 4.778613e-05
2.191000e+03 0.000000e+00
2.192000e+03 0.000000e+00
2.193000e+03 0.000000e+00
2.194000e+03 4.033703e-05
2.195000e+03 1.210894e-04
2.196000e+03 8.706632e-05
2.197000e+03 0.000000e+00
2.198000e+03 0.000000e+00
2.199000e+03 0.000000e+00
2.200000e+03 0.000000e+00
2.201000e+03 0.000000e+00
2.202000e+03 2.781576e-05
2.203000e+03 1.766126e-04
2.204000e+03 0.000000e+00
2.205000e+03 0.000000e+00
2.206000e+03 3.197146e-05
2.207000e+03 1.119106e-04
2.208000e+03 1.968444e-04
2.209000e+03 0.000000e+00
2.210000e+03 0.000000e+00
2.211000e+03 0.000000e+00
2.212000e+03 1.138511e-04
2.213000e+03 1.834004e-04
2.214000e+03 1.604468e-04
2.215000e+03 4.799152e-05
2.216000e+03 3.766835e-05
2.217000e+03 1.473433e-04
2.218000e+03 1.027995e-04
2.219000e+03 7.559185e-05
2.220000e+03 4.544206e-05
2.221000e+03 0.000000e+00
2.222000e+03 0.000000e+00
2.223000e+03 5.330900e-05
2.224000e+03 5.184224e-05
2.225000e+03 5.014581e-05
2.226000e+03 0.000000e+00
2.227000e+03 0.000000e+00
2.228000e+03 0.000000e+00
2.229000e+03 5.686495e-05
2.230000e+03 1.069658e-04
2.231000e+03 7.959679e-05
2.232000e+03 0.000000e+00
2.233000e+03 0.000000e+00
2.234000e+03 2.043412e-04
2.235000e+03 0.000000e+00
2.236000e+03 0.000000e+00
2.237000e+03 0.000000e+00
2.238000e+03 0.000000e+00
2.239000e+03 1.452528e-04
2.240000e+03 0.000000e+00
2.241000e+03 5.774596e-05
2.242000e+03 1.334954e-04
2.243000e+03 6.947411e-05
2.244000e+03 4.585759e-05
2.245000e+03 1.562939e-05
2.246000e+03 0.000000e+00
2.247000e+03 0.000000e+00
2.248000e+03 4.355040e-05
2.249000e+03 9.965849e-05
2.250000e+03 1.085133e-04
2.251000e+03 2.865452e-05
2.252000e+03 0.000000e+00
2.253000e+03 0.000000e+00
2.254000e+03 0.000000e+00
2.255000e+03 4.722536e-05
2.256000e+03 9.396216e-05
2.257000e+03 3.101427e-04
2.258000e+03 2.585872e-04
2.259000e+03 1.761372e-04
2.260000e+03 1.746960e-04
2.261000e+03 8.263584e-05
2.262000e+03 0.000000e+00
2.263000e+03 1.027104e-04
2.264000e+03 1.696149e-04
2.265000e+03 1.872311e-04
2.266000e+03 1.477112e-04
2.267000e+03 1.846276e-04
2.268000e+03 5.493438e-04
2.269000e+03 6.909723e-05
2.270000e+03 0.000000e+00
2.271000e+03 4.276941e-05
2.272000e+03 1.403058e-04
2.273000e+03 2.422118e-04
2.274000e+03 8.304010e-06
2.275000e+03 3.486324e-05
2.276000e+03 9.824157e-05
2.277000e+03 1.915238e-04
2.278000e+03 1.282066e-04
2.279000e+03 0.000000e+00
2.280000e+03 1.435477e-04
2.281000e+03 1.607684e-04
2.282000e+03 0.000000e+00
2.283000e+03 0.000000e+00
2.284000e+03 0.000000e+00
2.285000e+03 2.206856e-04
2.286000e+03 4.033918e-05
2.287000e+03 0.000000e+00
2.288000e+03 0.000000e+00
2.289000e+03 0.000000e+00
2.290000e+03 0.000000e+00
2.291000e+03 0.000000e+00
2.292000e+03 3.752564e-05
2.293000e+03 3.621848e-04
2.294000e+03 0.000000e+00
2.295000e+03 0.000000e+00
2.296000e+03 0.000000e+00
2.297000e+03 5.629149e-05
2.298000e+03 1.974041e-04
2.299000e+03 1.746539e-04
2.300000e+03 1.402252e-04
2.301000e+03 1.150987e-04
2.302000e+03 6.056265e-05
2.303000e+03 1.481776e-04
2.304000e+03 2.249432e-04
2.305000e+03 0.000000e+00
2.306000e+03 0.000000e+00
2.307000e+03 9.959112e-05
2.308000e+03 1.756408e-04
2.309000e+03 1.176017e-04
2.310000e+03 0.000000e+00
2.311000e+03 0.000000e+00
2.312000e+03 0.000000e+00
2.313000e+03 3.890012e-05
2.314000e+03 2.097719e-04
2.315000e+03 2.369407e-04
2.316000e+03 0.000000e+00
2.317000e+03 0.000000e+00
2.318000e+03 0.000000e+00
2.319000e+03 0.000000e+00
2.320000e+03 0.000000e+00
2.321000e+03 0.000000e+00
2.322000e+03 0.000000e+00
2.323000e+03 0.000000e+00
2.324000e+03 1.024671e-04
2.325000e+03 1.079198e-04
2.326000e+03 8.050118e-05
2.327000e+03 1.856199e-05
2.328000e+03 4.148886e-05
2.329000e+03 0.000000e+00
2.330000e+03 0.000000e+00
2.331000e+03 1.303265e-04
2.332000e+03 2.419791e-04
2.333000e+03 0.000000e+00
2.334000e+03 0.000000e+00
2.335000e+03 1.124391e-04
2.336000e+03 6.426863e-05
2.337000e+03 4.047121e-05
2.338000e+03 1.439263e-05
2.339000e+03 1.290166e-05
2.340000e+03 0.000000e+00
2.341000e+03 0.000000e+00
2.342000e+03 4.163458e-07
2.343000e+03 1.181926e-05
2.344000e+03 7.735041e-06
2.345000e+03 0.000000e+00
2.346000e+03 0.000000e+00
2.347000e+03 7.961772e-05
2.348000e+03 8.543541e-05
2.349000e+03 5.959838e-05
2.350000e+03 0.000000e+00
2.351000e+03 0.000000e+00
2.352000e+03 1.516627e-04
2.353000e+03 0.000000e+00
2.354000e+03 4.301425e-05
2.355000e+03 1.045946e-04
2.356000e+03 7.617021e-05
2.357000e+03 7.434956e-05
2.358000e+03 7.686435e-05
2.359000e+03 3.179278e-04
2.360000e+03 3.404969e-04
2.361000e+03 2.333787e-04
2.362000e+03 3.310955e-06
2.363000e+03 0.000000e+00
2.364000e+03 0.000000e+00
2.365000e+03 0.000000e+00
2.366000e+03 0.000000e+00
2.367000e+03 1.074362e-04
2.368000e+03 1.391058e-04
2.369000e+03 1.691206e-04
2.370000e+03 0.000000e+00
2.371000e+03 0.000000e+00
2.372000e+03 4.641796e-05
2.373000e+03 1.218646e-04
2.374000e+03 7.829800e-05
2.375000e+03 0.000000e+00
2.376000e+03 5.010164e-05
2.377000e+03 6.825090e-05
2.378000e+03 4.044035e-05
2.379000e+03 0.000000e+00
2.380000e+03 0.000000e+00
2.381000e+03 0.000000e+00
2.382000e+03 9.179114e-05
2.383000e+03 1.983087e-04
2.384000e+03 1.369279e-04
2.385000e+03 1.266002e-04
2.386000e+03 1.154926e-04
2.387000e+03 1.213370e-04
2.388000e+03 1.258237e-04
2.389000e+03 1.323240e-04
2.390000e+03 0.000000e+00
2.391000e+03 3.912521e-06
2.392000e+03 1.025371e-04
2.393000e+03 2.049417e-04
2.394000e+03 2.264996e-04
2.395000e+03 1.654085e-04
2.396000e+03 1.540864e-04
2.397000e+03 1.376423e-04
2.398000e+03 4.031763e-05
2.399000e+03 0.000000e+00
2.400000e+03 0.000000e+00
2.401000e+03 0.000000e+00
2.402000e+03 0.000000e+00
2.403000e+03 0.000000e+00
2.404000e+03 0.000000e+00
2.405000e+03 9.870761e-05
2.406000e+03 3.494461e-04
2.407000e+03 9.344233e-05
2.408000e+03 3.534515e-05
2.409000e+03 4.837085e-05
2.410000e+03 2.676583e-05
2.411000e+03 6.203958e-05
2.412000e+03 2.977131e-04
2.413000e+03 9.124361e-05
2.414000e+03 0.000000e+00
2.415000e+03 0.000000e+00
2.416000e+03 0.000000e+00
2.417000e+03 9.623105e-05
2.418000e+03 1.028814e-04
2.419000e+03 1.717411e-04
2.420000e+03 2.683439e-04
2.421000e+03 4.300995e-05
2.422000e+03 0.000000e+00
2.423000e+03 0.000000e+00
2.424000e+03 3.861391e-05
2.425000e+03 1.147249e-04
2.426000e+03 1.860414e-04
2.427000e+03 2.127783e-04
2.428000e+03 1.952705e-04
2.429000e+03 0.000000e+00
2.430000e+03 0.000000e+00
2.431000e+03 0.000000e+00
2.432000e+03 4.843334e-05
2.433000e+03 7.753493e-05
2.434000e+03 1.093533e-04
2.435000e+03 0.000000e+00
2.436000e+03 0.000000e+00
2.437000e+03 0.000000e+00
2.438000e+03 0.000000e+00
2.439000e+03 6.673191e-05
2.440000e+03 2.893376e-04
2.441000e+03 9.760764e-05
2.442000e+03 2.786230e-05
2.443000e+03 2.627084e-05
2.444000e+03 1.207398e-04
2.445000e+03 1.674455e-04
2.446000e+03 9.331303e-05
2.447000e+03 6.555920e-05
2.448000e+03 4.185789e-05
2.449000e+03 0.000000e+00
2.450000e+03 3.451743e-05
2.451000e+03 9.735394e-05
2.452000e+03 0.000000e+00
2.453000e+03 4.279560e-05
2.454000e+03 2.893044e-04
2.455000e+03 2.714339e-04
2.456000e+03 1.721402e-04
2.457000e+03 0.000000e+00
2.458000e+03 4.361111e-05
2.459000e+03 8.916360e-05
2.460000e+03 0.000000e+00
2.461000e+03 7.471463e-05
2.462000e+03 1.400710e-04
2.463000e+03 0.000000e+00
2.464000e+03 0.000000e+00
2.465000e+03 0.000000e+00
2.466000e+03 0.000000e+00
2.467000e+03 0.000000e+00
2.468000e+03 0.000000e+00
2.469000e+03 0.000000e+00
2.470000e+03 0.000000e+00
2.471000e+03 0.000000e+00
2.472000e+03 0.000000e+00
2.473000e+03 0.000000e+00
2.474000e+03 0.000000e+00
2.475000e+03 6.125098e-05
2.476000e+03 1.658991e-04
2.477000e+03 1.923060e-04
2.478000e+03 8.642733e-05
2.479000e+03 5.161063e-06
2.480000e+03 7.873453e-05
2.481000e+03 3.340496e-05
2.482000e+03 0.000000e+00
2.483000e+03 0.000000e+00
2.484000e+03 0.000000e+00
2.485000e+03 0.000000e+00
2.486000e+03 6.523515e-05
2.487000e+03 9.316847e-05
2.488000e+03 7.834434e-05
2.489000e+03 0.000000e+00
2.490000e+03 0.000000e+00
2.491000e+03 3.949776e-06
2.492000e+03 0.000000e+00
2.493000e+03 0.000000e+00
2.494000e+03 0.000000e+00
2.495000e+03 8.614228e-05
2.496000e+03 2.487121e-04
2.497000e+03 2.888758e-04
2.498000e+03 1.967001e-04
2.499000e+03 7.103268e-05
2.500000e+03 1.673019e-04
2.501000e+03 1.232104e-04
2.502000e+03 5.027196e-06
2.503000e+03 4.865558e-05
2.504000e+03 8.037729e-05
2.505000e+03 1.452082e-04
2.506000e+03 5.691477e-05
2.507000e+03 2.187335e-05
2.508000e+03 6.424551e-05
2.509000e+03 9.358830e-05
2.510000e+03 1.112032e-04
2.511000e+03 1.122811e-05
2.512000e+03 0.000000e+00
2.513000e+03 0.000000e+00
2.514000e+03 1.773084e-06
2.515000e+03 0.000000e+00
2.516000e+03 0.000000e+00
2.517000e+03 0.000000e+00
2.518000e+03 0.000000e+00
2.519000e+03 0.000000e+00
2.520000e+03 0.000000e+00
2.521000e+03 2.129251e-06
2.522000e+03 6.362699e-05
2.523000e+03 0.000000e+00
2.524000e+03 0.000000e+00
2.525000e+03 0.000000e+00
2.526000e+03 9.801931e-05
2.527000e+03 2.783571e-04
2.528000e+03 0.000000e+00
2.529000e+03 0.000000e+00
2.530000e+03 3.279816e-05
2.531000e+03 0.000000e+00
2.532000e+03 0.000000e+00
2.533000e+03 5.937616e-05
2.534000e+03 2.494157e-05
2.535000e+03 1.965737e-05
2.536000e+03 3.060585e-05
2.537000e+03 2.999545e-06
2.538000e+03 0.000000e+00
2.539000e+03 0.000000e+00
2.540000e+03 0.000000e+00
2.541000e+03 0.000000e+00
2.542000e+03 1.715591e-05
2.543000e+03 0.000000e+00
2.544000e+03 0.000000e+00
2.545000e+03 1.221297e-04
2.546000e+03 1.401230e-04
2.547000e+03 1.532968e-04
2.548000e+03 0.000000e+00
2.549000e+03 0.000000e+00
2.550000e+03 0.000000e+00
2.551000e+03 0.000000e+00
2.552000e+03 2.372036e-06
2.553000e+03 1.464874e-04
2.554000e+03 0.000000e+00
2.555000e+03 0.000000e+00
2.556000e+03 8.551413e-05
2.557000e+03 1.630295e-04
2.558000e+03 2.231329e-04
2.559000e+03 0.000000e+00
2.560000e+03 5.059986e-05
2.561000e+03 2.172130e-04
2.562000e+03 2.310786e-04
2.563000e+03 1.825564e-04
2.564000e+03 9.294600e-05
2.565000e+03 8.504043e-05
2.566000e+03 9.069699e-05
2.567000e+03 1.122425e-04
2.568000e+03 1.348950e-04
2.569000e+03 1.292817e-04
2.570000e+03 5.116240e-05
2.571000e+03 1.868562e-05
2.572000e+03 1.878862e-06
2.573000e+03 6.187865e-05
2.574000e+03 4.683443e-06
2.575000e+03 0.000000e+00
2.576000e+03 3.037665e-05
2.577000e+03 0.000000e+00
2.578000e+03 0.000000e+00
2.579000e+03 1.216988e-04
2.580000e+03 1.432616e-04
2.581000e+03 1.037028e-04
2.582000e+03 2.584877e-05
2.583000e+03 7.336026e-08
2.584000e+03 0.000000e+00
2.585000e+03 0.000000e+00
2.586000e+03 0.000000e+00
2.587000e+03 0.000000e+00
2.588000e+03 0.000000e+00
2.589000e+03 0.000000e+00
2.590000e+03 1.075116e-04
2.591000e+03 5.885925e-05
2.592000e+03 3.248318e-06
2.593000e+03 1.519482e-04
2.594000e+03 4.101956e-05
2.595000e+03 0.000000e+00
2.596000e+03 7.570816e-05
2.597000e+03 1.166391e-04
2.598000e+03 7.705080e-05
2.599000e+03 6.894932e-05
2.600000e+03 9.155889e-05
2.601000e+03 2.184351e-04
2.602000e+03 3.224049e-04
2.603000e+03 3.698672e-04
2.604000e+03 1.496448e-04
2.605000e+03 4.552998e-05
2.606000e+03 0.000000e+00
2.607000e+03 1.669459e-04
2.608000e+03 1.092192e-04
2.609000e+03 2.047122e-05
2.610000e+03 2.218301e-04
2.611000e+03 2.126637e-04
2.612000e+03 1.301388e-04
2.613000e+03 1.515872e-04
2.614000e+03 1.709088e-04
2.615000e+03 2.164329e-04
2.616000e+03 2.462370e-04
2.617000e+03 2.785678e-04
2.618000e+03 4.062979e-04
2.619000e+03 1.631922e-04
2.620000e+03 0.000000e+00
2.621000e+03 1.524579e-04
2.622000e+03 6.253318e-05
2.623000e+03 0.000000e+00
2.624000e+03 2.129574e-04
2.625000e+03 1.215333e-04
2.626000e+03 0.000000e+00
2.627000e+03 7.450828e-05
2.628000e+03 3.631551e-05
2.629000e+03 0.000000e+00
2.630000e+03 2.346040e-04
2.631000e+03 3.256548e-04
2.632000e+03 6.971912e-05
2.633000e+03 3.138209e-04
2.634000e+03 4.279261e-04
2.635000e+03 1.911601e-05
2.636000e+03 1.227967e-04
2.637000e+03 2.167861e-04
2.638000e+03 0.000000e+00
2.639000e+03 0.000000e+00
2.640000e+03 8.890981e-06
2.641000e+03 2.271393e-04
2.642000e+03 2.056002e-04
2.643000e+03 9.604209e-05
2.644000e+03 0.000000e+00
2.645000e+03 0.000000e+00
2.646000e+03 0.000000e+00
2.647000e+03 3.378235e-05
2.648000e+03 5.234459e-05
2.649000e+03 6.809079e-06
2.650000e+03 6.078070e-05
2.651000e+03 9.480721e-05
2.652000e+03 0.000000e+00
2.653000e+03 0.000000e+00
2.654000e+03 9.575506e-05
2.655000e+03 8.653517e-05
2.656000e+03 1.317981e-04
2.657000e+03 2.082948e-04
2.658000e+03 4.796763e-05
2.659000e+03 5.027061e-05
2.660000e+03 1.453841e-04
2.661000e+03 0.000000e+00
2.662000e+03 0.000000e+00
2.663000e+03 0.000000e+00
2.664000e+03 0.000000e+00
2.665000e+03 1.974349e-05
2.666000e+03 7.118185e-05
2.667000e+03 6.320879e-05
2.668000e+03 5.600832e-05
2.669000e+03 1.304281e-04
2.670000e+03 2.295901e-04
2.671000e+03 3.610228e-04
2.672000e+03 2.451082e-04
2.673000e+03 1.623178e-04
2.674000e+03 2.480159e-05
2.675000e+03 1.361070e-04
2.676000e+03 1.315317e-04
2.677000e+03 4.563261e-06
2.678000e+03 0.000000e+00
2.679000e+03 0.000000e+00
2.680000e+03 1.982779e-05
2.681000e+03 1.951996e-04
2.682000e+03 3.175939e-04
2.683000e+03 2.383676e-05
2.684000e+03 0.000000e+00
2.685000e+03 0.000000e+00
2.686000e+03 1.220436e-04
2.687000e+03 1.460592e-04
2.688000e+03 1.626348e-04
2.689000e+03 8.982728e-05
2.690000e+03 1.286863e-04
2.691000e+03 2.730457e-04
2.692000e+03 0.000000e+00
2.693000e+03 0.000000e+00
2.694000e+03 0.000000e+00
2.695000e+03 0.000000e+00
2.696000e+03 8.895843e-05
2.697000e+03 1.680438e-04
2.698000e+03 7.920030e-05
2.699000e+03 0.000000e+00
2.700000e+03 0.000000e+00
2.701000e+03 0.000000e+00
2.702000e+03 0.000000e+00
2.703000e+03 0.000000e+00
2.704000e+03 0.000000e+00
2.705000e+03 4.031094e-05
2.706000e+03 1.679598e-04
2.707000e+03 1.667936e-04
2.708000e+03 2.956483e-05
2.709000e+03 1.647480e-04
2.710000e+03 1.988779e-04
2.711000e+03 0.000000e+00
2.712000e+03 0.000000e+00
2.713000e+03 0.000000e+00
2.714000e+03 1.543940e-05
2.715000e+03 8.871608e-05
2.716000e+03 1.714560e-04
2.717000e+03 0.000000e+00
2.718000e+03 0.000000e+00
2.719000e+03 1.257159e-04
2.720000e+03 7.141000e-05
2.721000e+03 5.854329e-05
2.722000e+03 5.626264e-05
2.723000e+03 1.614850e-04
2.724000e+03 2.014248e-04
2.725000e+03 1.944439e-04
2.726000e+03 1.867976e-04
2.727000e+03 1.692665e-04
2.728000e+03 0.000000e+00
2.729000e+03 0.000000e+00
2.730000e+03 0.000000e+00
2.731000e+03 1.541489e-04
2.732000e+03 8.852989e-05
2.733000e+03 0.000000e+00
2.734000e+03 2.658853e-04
2.735000e+03 2.470540e-04
2.736000e+03 1.093567e-04
2.737000e+03 9.677434e-05
2.738000e+03 2.065358e-06
2.739000e+03 0.000000e+00
2.740000e+03 0.000000e+00
2.741000e+03 9.462885e-05
2.742000e+03 8.192749e-05
2.743000e+03 6.544969e-05
2.744000e+03 5.436635e-05
2.745000e+03 2.009261e-04
2.746000e+03 9.828623e-05
2.747000e+03 0.000000e+00
2.748000e+03 1.694021e-04
2.749000e+03 1.250669e-04
2.750000e+03 1.307554e-05
2.751000e+03 0.000000e+00
2.752000e+03 0.000000e+00
2.753000e+03 2.606872e-04
2.754000e+03 4.179724e-04
2.755000e+03 4.404022e-04
2.756000e+03 2.152427e-04
2.757000e+03 3.051271e-04
2.758000e+03 3.496277e-04
2.759000e+03 1.243026e-04
2.760000e+03 7.960818e-05
2.761000e+03 3.602179e-05
2.762000e+03 3.293341e-05
2.763000e+03 5.056692e-07
2.764000e+03 0.000000e+00
2.765000e+03 8.990728e-05
2.766000e+03 1.224155e-04
2.767000e+03 1.435003e-04
2.768000e+03 1.084250e-04
2.769000e+03 6.396082e-05
2.770000e+03 0.000000e+00
2.771000e+03 0.000000e+00
2.772000e+03 4.705937e-05
2.773000e+03 1.905939e-04
2.774000e+03 1.358663e-04
2.775000e+03 9.118824e-05
2.776000e+03 3.028760e-04
2.777000e+03 3.171417e-04
2.778000e+03 3.346006e-04
2.779000e+03 2.339408e-04
2.780000e+03 2.043700e-04
2.781000e+03 1.702427e-04
2.782000e+03 1.312206e-04
2.783000e+03 1.448205e-04
2.784000e+03 2.168376e-04
2.785000e+03 8.501267e-05
2.786000e+03 6.877834e-05
2.787000e+03 3.135759e-04
2.788000e+03 3.299651e-04
2.789000e+03 3.323393e-04
2.790000e+03 1.374206e-04
2.791000e+03 2.719143e-04
2.792000e+03 4.104834e-04
2.793000e+03 7.949379e-04
2.794000e+03 1.117089e-03
2.795000e+03 1.581894e-03
2.796000e+03 2.469922e-03
2.797000e+03 3.004827e-03
2.798000e+03 3.903632e-03
2.799000e+03 2.974643e-03
2.800000e+03 2.511970e-03
2.801000e+03 1.933056e-03
2.802000e+03 1.888403e-03
2.803000e+03 1.880175e-03
2.804000e+03 2.063295e-03
2.805000e+03 2.153108e-03
2.806000e+03 2.231120e-03
2.807000e+03 1.389963e-03
2.808000e+03 1.091529e-03
2.809000e+03 7.189517e-04
2.810000e+03 5.655359e-04
2.811000e+03 5.057788e-04
2.812000e+03 4.265023e-04
2.813000e+03 1.921264e-04
2.814000e+03 1.468088e-04
2.815000e+03 2.155268e-04
2.816000e+03 1.403280e-04
2.817000e+03 1.039929e-04
2.818000e+03 9.875559e-05
2.819000e+03 1.633123e-04
2.820000e+03 2.040246e-04
2.821000e+03 0.000000e+00
2.822000e+03 7.004914e-05
2.823000e+03 1.946273e-04
2.824000e+03 1.762474e-04
2.825000e+03 2.008904e-04
2.826000e+03 2.448158e-04
2.827000e+03 2.032883e-04
2.828000e+03 1.623033e-04
2.829000e+03 7.629806e-05
2.830000e+03 2.641901e-04
2.831000e+03 2.849893e-04
2.832000e+03 2.866067e-05
2.833000e+03 6.299123e-05
2.834000e+03 7.013057e-05
2.835000e+03 0.000000e+00
2.836000e+03 0.000000e+00
2.837000e+03 1.122168e-04
2.838000e+03 0.000000e+00
2.839000e+03 0.000000e+00
2.840000e+03 0.000000e+00
2.841000e+03 2.543593e-04
2.842000e+03 2.454950e-04
2.843000e+03 9.861404e-05
2.844000e+03 1.656801e-04
2.845000e+03 1.958571e-04
2.846000e+03 2.301065e-04
2.847000e+03 2.709527e-04
2.848000e+03 2.551215e-04
2.849000e+03 0.000000e+00
2.850000e+03 0.000000e+00
2.851000e+03 3.818069e-05
2.852000e+03 0.000000e+00
2.853000e+03 0.000000e+00
2.854000e+03 5.317056e-05
2.855000e+03 1.711026e-04
2.856000e+03 9.050967e-05
2.857000e+03 0.000000e+00
2.858000e+03 0.000000e+00
2.859000e+03 1.626780e-05
2.860000e+03 1.305268e-04
2.861000e+03 1.268080e-04
2.862000e+03 1.851983e-04
2.863000e+03 5.333633e-04
2.864000e+03 2.068486e-04
2.865000e+03 5.242089e-07
2.866000e+03 3.262939e-04
2.867000e+03 2.124940e-04
2.868000e+03 9.562616e-05
2.869000e+03 5.957412e-05
2.870000e+03 7.534386e-05
2.871000e+03 1.033709e-04
2.872000e+03 2.479577e-04
2.873000e+03 2.558886e-04
2.874000e+03 2.073028e-04
2.875000e+03 3.212502e-04
2.876000e+03 2.686341e-04
2.877000e+03 0.000000e+00
2.878000e+03 1.679842e-04
2.879000e+03 3.293695e-04
2.880000e+03 1.528977e-04
2.881000e+03 3.712779e-04
2.882000e+03 5.634512e-04
2.883000e+03 1.273087e-04
2.884000e+03 1.057916e-04
2.885000e+03 8.865671e-05
2.886000e+03 5.455460e-04
2.887000e+03 5.186833e-04
2.888000e+03 3.323207e-04
2.889000e+03 1.518707e-04
2.890000e+03 1.427083e-04
2.891000e+03 2.923072e-04
2.892000e+03 1.296950e-04
2.893000e+03 1.309282e-04
2.894000e+03 7.144373e-04
2.895000e+03 3.627391e-04
2.896000e+03 1.012144e-04
2.897000e+03 3.193267e-04
2.898000e+03 2.727076e-04
2.899000e+03 2.194854e-04
2.900000e+03 3.886278e-04
2.901000e+03 3.102952e-04
2.902000e+03 1.462169e-04
2.903000e+03 5.715953e-05
2.904000e+03 1.446905e-04
2.905000e+03 4.503337e-04
2.906000e+03 8.286503e-05
2.907000e+03 0.000000e+00
2.908000e+03 2.968040e-04
2.909000e+03 3.856686e-04
2.910000e+03 4.364292e-04
2.911000e+03 3.200123e-04
2.912000e+03 3.064481e-04
2.913000e+03 2.930908e-04
2.914000e+03 4.121481e-04
2.915000e+03 2.974230e-04
2.916000e+03 1.170252e-04
2.917000e+03 2.298336e-04
2.918000e+03 3.319257e-04
2.919000e+03 5.254737e-04
2.920000e+03 2.368808e-04
2.921000e+03 2.095482e-04
2.922000e+03 5.023752e-04
2.923000e+03 2.189993e-04
2.924000e+03 9.188059e-05
2.925000e+03 3.905775e-04
2.926000e+03 2.672737e-04
2.927000e+03 1.622411e-04
2.928000e+03 3.000322e-04
2.929000e+03 3.104667e-04
2.930000e+03 3.218386e-04
2.931000e+03 5.387410e-05
2.932000e+03 5.380075e-05
2.933000e+03 1.230460e-04
2.934000e+03 7.504234e-05
2.935000e+03 7.164023e-05
2.936000e+03 1.049808e-04
2.937000e+03 3.933038e-04
2.938000e+03 4.772734e-04
2.939000e+03 1.166543e-04
2.940000e+03 2.777763e-04
2.941000e+03 3.946053e-04
2.942000e+03 3.103294e-04
2.943000e+03 4.358297e-04
2.944000e+03 5.761691e-04
2.945000e+03 5.973003e-05
2.946000e+03 0.000000e+00
2.947000e+03 0.000000e+00
2.948000e+03 3.881556e-04
2.949000e+03 4.010500e-04
2.950000e+03 1.081030e-04
2.951000e+03 0.000000e+00
2.952000e+03 0.000000e+00
2.953000e+03 1.264277e-04
2.954000e+03 2.064079e-04
2.955000e+03 2.625531e-04
2.956000e+03 3.437702e-04
2.957000e+03 2.339291e-05
2.958000e+03 0.000000e+00
2.959000e+03 1.697849e-04
2.960000e+03 7.208440e-05
2.961000e+03 0.000000e+00
2.962000e+03 2.390692e-04
2.963000e+03 2.236519e-04
2.964000e+03 4.708337e-05
2.965000e+03 1.017120e-04
2.966000e+03 1.207761e-04
2.967000e+03 1.233536e-04
2.968000e+03 1.285809e-04
2.969000e+03 1.212816e-04
2.970000e+03 2.097338e-05
2.971000e+03 1.433578e-04
2.972000e+03 2.474579e-04
2.973000e+03 0.000000e+00
2.974000e+03 1.094066e-04
2.975000e+03 3.448574e-04
2.976000e+03 2.781034e-04
2.977000e+03 2.756958e-04
2.978000e+03 2.882891e-04
2.979000e+03 0.000000e+00
2.980000e+03 0.000000e+00
2.981000e+03 1.345657e-04
2.982000e+03 0.000000e+00
2.983000e+03 0.000000e+00
2.984000e+03 1.460425e-04
2.985000e+03 2.309141e-04
2.986000e+03 2.942059e-04
2.987000e+03 3.008156e-04
2.988000e+03 3.415334e-04
2.989000e+03 3.875396e-04
2.990000e+03 1.706800e-04
2.991000e+03 9.859433e-05
2.992000e+03 7.318956e-06
2.993000e+03 1.239046e-04
2.994000e+03 3.194524e-04
2.995000e+03 7.959077e-04
2.996000e+03 3.137625e-04
2.997000e+03 1.949254e-04
2.998000e+03 6.138787e-04
2.999000e+03 5.299694e-04
3.000000e+03 4.771285e-04
3.001000e+03 5.087392e-04
3.002000e+03 3.300119e-04
3.003000e+03 1.524383e-04
3.004000e+03 3.694456e-04
3.005000e+03 5.744644e-04
3.006000e+03 8.677015e-04
3.007000e+03 5.936741e-05
3.008000e+03 0.000000e+00
3.009000e+03 1.947594e-04
3.010000e+03 4.259091e-04
3.011000e+03 4.635562e-04
3.012000e+03 2.793926e-04
3.013000e+03 3.558792e-04
3.014000e+03 4.114054e-04
3.015000e+03 5.401661e-04
3.016000e+03 4.945108e-04
3.017000e+03 4.545058e-04
3.018000e+03 8.620554e-05
3.019000e+03 3.392606e-04
3.020000e+03 6.860112e-04
3.021000e+03 4.622118e-04
3.022000e+03 3.796344e-04
3.023000e+03 2.732965e-04
3.024000e+03 2.561021e-04
3.025000e+03 1.343883e-04
3.026000e+03 0.000000e+00
3.027000e+03 0.000000e+00
3.028000e+03 0.000000e+00
3.029000e+03 1.352851e-04
3.030000e+03 2.395529e-04
3.031000e+03 3.137465e-04
3.032000e+03 0.000000e+00
3.033000e+03 2.566616e-06
3.034000e+03 3.044504e-04
3.035000e+03 5.730681e-04
3.036000e+03 5.483447e-04
3.037000e+03 4.532579e-04
3.038000e+03 4.887898e-04
3.039000e+03 5.882953e-04
3.040000e+03 8.601999e-04
3.041000e+03 1.340399e-04
3.042000e+03 0.000000e+00
3.043000e+03 6.739766e-04
3.044000e+03 1.105043e-04
3.045000e+03 0.000000e+00
3.046000e+03 0.000000e+00
3.047000e+03 0.000000e+00
3.048000e+03 1.438508e-04
3.049000e+03 0.000000e+00
3.050000e+03 1.195362e-04
3.051000e+03 3.626660e-04
3.052000e+03 7.477213e-04
3.053000e+03 6.205655e-04
3.054000e+03 9.265119e-05
3.055000e+03 0.000000e+00
3.056000e+03 0.000000e+00
3.057000e+03 0.000000e+00
3.058000e+03 1.553109e-04
3.059000e+03 4.148736e-04
3.060000e+03 4.105069e-04
3.061000e+03 3.630058e-04
3.062000e+03 3.187798e-04
3.063000e+03 0.000000e+00
3.064000e+03 0.000000e+00
3.065000e+03 0.000000e+00
3.066000e+03 0.000000e+00
3.067000e+03 0.000000e+00
3.068000e+03 2.476614e-05
3.069000e+03 2.282041e-04
3.070000e+03 2.374640e-04
3.071000e+03 1.636934e-05
3.072000e+03 3.205794e-05
3.073000e+03 7.111634e-05
3.074000e+03 3.515339e-04
3.075000e+03 4.306939e-05
3.076000e+03 0.000000e+00
3.077000e+03 3.572856e-04
3.078000e+03 3.981614e-04
3.079000e+03 4.452898e-04
3.080000e+03 9.316655e-04
3.081000e+03 1.113505e-03
3.082000e+03 1.352249e-03
3.083000e+03 6.707428e-04
3.084000e+03 5.017539e-04
3.085000e+03 5.655411e-04
3.086000e+03 4.788239e-04
3.087000e+03 4.202325e-04
3.088000e+03 2.987778e-04
3.089000e+03 0.000000e+00
3.090000e+03 0.000000e+00
3.091000e+03 0.000000e+00
3.092000e+03 0.000000e+00
3.093000e+03 0.000000e+00
3.094000e+03 0.000000e+00
3.095000e+03 7.729398e-05
3.096000e+03 7.627697e-04
3.097000e+03 8.034515e-04
3.098000e+03 4.605559e-04
3.099000e+03 0.000000e+00
3.100000e+03 6.073603e-04
3.101000e+03 9.833548e-04
3.102000e+03 3.839601e-04
3.103000e+03 5.390873e-04
3.104000e+03 6.577420e-04
3.105000e+03 9.646519e-04
3.106000e+03 5.098171e-04
3.107000e+03 4.574913e-05
3.108000e+03 2.817112e-04
3.109000e+03 4.671351e-04
3.110000e+03 7.349456e-04
3.111000e+03 0.000000e+00
3.112000e+03 0.000000e+00
3.113000e+03 1.696717e-04
3.114000e+03 4.597140e-04
3.115000e+03 5.213192e-04
3.116000e+03 3.158003e-04
3.117000e+03 2.201173e-04
3.118000e+03 1.859103e-04
3.119000e+03 4.745923e-04
3.120000e+03 2.737092e-04
3.121000e+03 8.885943e-05
3.122000e+03 2.556239e-04
3.123000e+03 2.697552e-05
3.124000e+03 0.000000e+00
3.125000e+03 8.572279e-04
3.126000e+03 8.578550e-04
3.127000e+03 4.474474e-04
3.128000e+03 9.828764e-04
3.129000e+03 1.118145e-03
3.130000e+03 9.755897e-04
3.131000e+03 1.082926e-03
3.132000e+03 1.088756e-03
3.133000e+03 6.173105e-04
3.134000e+03 2.174328e-04
3.135000e+03 0.000000e+00
3.136000e+03 4.451339e-04
3.137000e+03 3.436597e-04
3.138000e+03 2.096086e-04
3.139000e+03 5.518044e-04
3.140000e+03 2.076133e-04
3.141000e+03 0.000000e+00
3.142000e+03 2.100846e-04
3.143000e+03 5.910360e-04
3.144000e+03 1.146736e-03
3.145000e+03 6.291048e-04
3.146000e+03 3.172260e-04
3.147000e+03 0.000000e+00
3.148000e+03 8.199753e-04
3.149000e+03 1.532677e-03
3.150000e+03 1.042612e-03
3.151000e+03 6.101067e-04
3.152000e+03 4.575162e-03
3.153000e+03 6.014553e-03
3.154000e+03 4.868237e-03
3.155000e+03 6.073663e-03
3.156000e+03 6.221934e-03
3.157000e+03 6.072568e-03
3.158000e+03 4.824731e-03
3.159000e+03 3.115853e-03
3.160000e+03 2.611012e-03
3.161000e+03 3.424228e-03
3.162000e+03 3.010613e-03
3.163000e+03 4.160630e-03
3.164000e+03 5.887088e-03
3.165000e+03 5.696887e-03
3.166000e+03 4.257929e-03
3.167000e+03 3.828530e-03
3.168000e+03 5.817287e-03
3.169000e+03 4.890965e-03
3.170000e+03 4.932223e-03
3.171000e+03 4.575773e-03
3.172000e+03 5.352619e-03
3.173000e+03 6.387882e-03
3.174000e+03 7.802487e-03
3.175000e+03 7.651280e-03
3.176000e+03 5.611934e-03
3.177000e+03 6.607373e-03
3.178000e+03 7.825112e-03
3.179000e+03 5.695833e-03
3.180000e+03 6.408697e-03
3.181000e+03 4.389370e-03
3.182000e+03 3.760485e-03
3.183000e+03 4.637146e-03
3.184000e+03 2.234993e-03
3.185000e+03 7.824210e-04
3.186000e+03 7.501714e-04
3.187000e+03 1.468752e-03
3.188000e+03 3.747805e-03
3.189000e+03 5.338499e-03
3.190000e+03 4.967880e-03
3.191000e+03 4.489283e-03
3.192000e+03 2.797235e-03
3.193000e+03 7.610905e-04
3.194000e+03 1.339599e-03
3.195000e+03 3.410460e-03
3.196000e+03 5.308188e-03
3.197000e+03 4.575308e-03
3.198000e+03 1.838122e-03
3.199000e+03 3.544895e-03
3.200000e+03 3.002872e-03
3.201000e+03 6.922987e-04
3.202000e+03 3.469959e-03
3.203000e+03 4.029934e-03
3.204000e+03 5.808464e-03
3.205000e+03 4.873850e-03
3.206000e+03 4.501467e-03
3.207000e+03 6.317169e-03
3.208000e+03 4.685544e-03
3.209000e+03 7.992663e-03
3.210000e+03 5.826801e-03
3.211000e+03 5.291173e-03
3.212000e+03 3.891496e-03
3.213000e+03 3.586820e-03
3.214000e+03 5.065489e-03
3.215000e+03 1.785434e-03
3.216000e+03 3.032688e-03
3.217000e+03 5.492316e-03
3.218000e+03 4.077767e-03
3.219000e+03 8.453816e-03
3.220000e+03 5.114114e-03
3.221000e+03 4.373305e-03
3.222000e+03 3.616965e-03
3.223000e+03 2.286934e-03
3.224000e+03 4.322499e-03
3.225000e+03 5.616859e-03
3.226000e+03 1.944311e-03
3.227000e+03 1.852128e-03
3.228000e+03 2.888731e-03
3.229000e+03 3.696785e-03
3.230000e+03 5.237091e-03
3.231000e+03 4.694364e-03
3.232000e+03 5.091023e-03
3.233000e+03 4.732653e-03
3.234000e+03 1.075387e-03
3.235000e+03 2.161221e-03
3.236000e+03 2.610682e-03
3.237000e+03 1.643984e-03
3.238000e+03 4.106459e-03
3.239000e+03 8.802654e-03
3.240000e+03 6.322998e-03
3.241000e+03 6.497984e-03
3.242000e+03 6.497638e-03
3.243000e+03 5.365331e-03
3.244000e+03 1.240928e-03
3.245000e+03 3.413789e-03
3.246000e+03 6.620021e-03
3.247000e+03 3.465189e-03
3.248000e+03 1.799720e-03
3.249000e+03 9.522677e-04
3.250000e+03 3.282869e-03
3.251000e+03 5.827068e-03
3.252000e+03 4.490699e-03
3.253000e+03 8.119252e-03
3.254000e+03 8.106695e-03
3.255000e+03 6.579097e-03
3.256000e+03 1.015441e-02
3.257000e+03 7.099682e-03
3.258000e+03 1.072602e-02
3.259000e+03 9.740319e-03
3.260000e+03 1.145995e-02
3.261000e+03 8.627040e-03
3.262000e+03 1.108844e-02
3.263000e+03 9.983427e-03
3.264000e+03 6.590725e-03
3.265000e+03 1.125671e-02
3.266000e+03 3.649423e-03
3.267000e+03 1.031133e-02
3.268000e+03 1.158438e-02
3.269000e+03 1.163535e-02
3.270000e+03 8.314076e-03
3.271000e+03 6.061528e-03
3.272000e+03 4.097811e-03
3.273000e+03 5.853323e-03
3.274000e+03 5.788346e-03
3.275000e+03 1.252086e-03
3.276000e+03 6.703775e-03
3.277000e+03 9.719003e-03
3.278000e+03 1.145463e-02
3.279000e+03 9.358848e-03
3.280000e+03 7.609131e-03
3.281000e+03 1.021446e-02
3.282000e+03 9.998251e-03
3.283000e+03 6.812012e-03
3.284000e+03 2.211550e-03
3.285000e+03 9.334184e-03
3.286000e+03 1.026708e-02
3.287000e+03 7.946962e-03
3.288000e+03 5.459384e-03
3.289000e+03 1.245101e-02
3.290000e+03 1.131453e-02
3.291000e+03 1.214699e-02
3.292000e+03 8.315580e-03
3.293000e+03 6.299465e-03
3.294000e+03 1.076850e-02
3.295000e+03 1.473253e-02
3.296000e+03 1.213723e-02
3.297000e+03 1.256420e-02
3.298000e+03 1.135106e-02
3.299000e+03 6.846891e-03
3.300000e+03 9.639659e-03
3.301000e+03 7.047414e-03
3.302000e+03 3.622143e-03
3.303000e+03 5.406292e-04
3.304000e+03 4.151801e-04
3.305000e+03 3.328070e-03
3.306000e+03 6.252152e-03
3.307000e+03 4.813833e-03
3.308000e+03 8.058316e-03
3.309000e+03 7.734382e-03
3.310000e+03 9.027349e-03
3.311000e+03 7.299353e-03
3.312000e+03 1.000886e-02
3.313000e+03 1.162431e-02
3.314000e+03 1.180577e-02
3.315000e+03 7.070172e-03
3.316000e+03 4.302230e-03
3.317000e+03 3.369789e-03
3.318000e+03 7.637585e-03
3.319000e+03 1.197922e-02
3.320000e+03 1.177153e-02
3.321000e+03 3.905741e-03
3.322000e+03 8.531697e-03
3.323000e+03 4.574373e-03
3.324000e+03 8.901529e-03
3.325000e+03 1.113115e-02
3.326000e+03 1.054229e-02
3.327000e+03 1.434680e-02
3.328000e+03 1.248705e-02
3.329000e+03 1.420607e-02
3.330000e+03 9.558245e-03
3.331000e+03 9.756895e-03
3.332000e+03 1.464194e-02
3.333000e+03 7.619157e-03
3.334000e+03 1.003761e-02
3.335000e+03 7.592861e-03
3.336000e+03 1.152681e-02
3.337000e+03 9.423508e-03
3.338000e+03 6.593647e-03
3.339000e+03 1.229662e-02
3.340000e+03 1.217641e-02
3.341000e+03 9.963490e-03
3.342000e+03 6.051809e-03
3.343000e+03 1.672634e-03
3.344000e+03 7.405815e-03
3.345000e+03 6.465535e-03
3.346000e+03 7.408477e-03
3.347000e+03 1.189075e-02
3.348000e+03 1.295737e-02
3.349000e+03 1.162784e-02
3.350000e+03 7.358213e-03
3.351000e+03 2.656422e-03
3.352000e+03 6.332758e-03
3.353000e+03 8.655312e-03
3.354000e+03 9.040905e-03
3.355000e+03 3.915683e-03
3.356000e+03 2.870312e-03
3.357000e+03 8.138674e-03
3.358000e+03 9.031778e-03
3.359000e+03 5.899573e-03
3.360000e+03 5.346935e-03
3.361000e+03 4.264384e-03
3.362000e+03 1.752571e-03
3.363000e+03 1.128232e-03
3.364000e+03 6.494687e-03
3.365000e+03 1.021765e-02
3.366000e+03 7.507572e-03
3.367000e+03 1.358209e-03
3.368000e+03 4.211822e-03
3.369000e+03 3.891341e-03
3.370000e+03 1.443257e-03
3.371000e+03 6.563392e-04
3.372000e+03 1.291735e-03
3.373000e+03 1.366132e-03
3.374000e+03 4.990759e-03
3.375000e+03 2.425447e-03
3.376000e+03 7.019644e-03
3.377000e+03 9.013943e-03
3.378000e+03 5.685449e-03
3.379000e+03 4.679783e-03
3.380000e+03 3.323197e-03
3.381000e+03 2.227470e-03
3.382000e+03 1.562078e-03
3.383000e+03 5.490656e-03
3.384000e+03 1.006933e-02
3.385000e+03 8.736990e-03
3.386000e+03 6.296891e-03
3.387000e+03 2.688987e-03
3.388000e+03 8.670732e-03
3.389000e+03 7.640968e-03
3.390000e+03 9.190794e-03
3.391000e+03 5.885471e-03
3.392000e+03 1.036654e-03
3.393000e+03 2.287199e-03
3.394000e+03 4.938669e-04
3.395000e+03 3.665053e-03
3.396000e+03 5.579200e-03
3.397000e+03 9.358995e-03
3.398000e+03 9.267372e-03
3.399000e+03 1.132219e-02
3.400000e+03 7.493671e-03
3.401000e+03 1.226634e-02
3.402000e+03 1.233174e-02
3.403000e+03 1.127152e-02
3.404000e+03 1.131927e-02
3.405000e+03 1.033411e-02
3.406000e+03 3.853124e-03
3.407000e+03 9.778612e-03
3.408000e+03 7.855526e-03
3.409000e+03 1.211957e-02
3.410000e+03 7.704965e-03
3.411000e+03 6.842782e-03
3.412000e+03 7.149049e-03
3.413000e+03 4.280065e-03
3.414000e+03 1.175745e-03
3.415000e+03 6.487876e-04
3.416000e+03 4.259198e-04
3.417000e+03 2.628486e-03
3.418000e+03 4.374957e-03
3.419000e+03 5.931689e-03
3.420000e+03 9.942967e-03
3.421000e+03 1.099534e-02
3.422000e+03 9.052106e-03
3.423000e+03 9.298333e-03
3.424000e+03 3.031585e-03
3.425000e+03 1.561051e-03
3.426000e+03 7.584222e-03
3.427000e+03 8.662978e-03
3.428000e+03 4.619800e-03
3.429000e+03 8.651854e-03
3.430000e+03 1.194803e-02
3.431000e+03 1.136364e-02
3.432000e+03 7.825127e-03
3.433000e+03 4.089950e-03
3.434000e+03 1.549189e-03
3.435000e+03 1.497392e-03
3.436000e+03 4.628005e-03
3.437000e+03 4.560059e-03
3.438000e+03 1.600773e-03
3.439000e+03 2.326741e-03
3.440000e+03 1.637062e-03
3.441000e+03 5.027710e-04
3.442000e+03 1.834427e-04
3.443000e+03 1.031547e-03
3.444000e+03 1.186792e-03
3.445000e+03 6.081241e-04
3.446000e+03 2.180251e-03
3.447000e+03 8.233766e-04
3.448000e+03 2.077009e-03
3.449000e+03 5.946102e-03
3.450000e+03 3.431358e-03
3.451000e+03 5.732559e-03
3.452000e+03 9.187829e-03
3.453000e+03 3.769245e-03
3.454000e+03 8.640948e-04
3.455000e+03 4.434061e-03
3.456000e+03 6.736358e-03
3.457000e+03 8.760478e-03
3.458000e+03 5.218401e-03
3.459000e+03 1.574297e-03
3.460000e+03 1.975389e-03
3.461000e+03 3.994669e-03
3.462000e+03 1.378266e-03
3.463000e+03 8.152135e-04
3.464000e+03 2.674804e-03
3.465000e+03 5.355214e-03
3.466000e+03 2.628014e-03
3.467000e+03 5.920677e-04
3.468000e+03 2.280953e-03
3.469000e+03 4.475626e-03
3.470000e+03 6.613332e-03
3.471000e+03 8.025288e-03
3.472000e+03 8.046341e-03
3.473000e+03 3.750698e-03
3.474000e+03 2.497861e-03
3.475000e+03 2.208457e-03
3.476000e+03 8.545108e-04
3.477000e+03 8.331943e-04
3.478000e+03 1.423709e-03
3.479000e+03 6.033790e-03
3.480000e+03 8.942360e-03
3.481000e+03 1.191345e-02
3.482000e+03 1.181701e-02
3.483000e+03 1.411084e-02
3.484000e+03 6.415655e-03
3.485000e+03 3.422718e-03
3.486000e+03 8.423209e-03
3.487000e+03 6.303386e-03
3.488000e+03 1.020054e-02
3.489000e+03 6.854692e-03
3.490000e+03 4.707304e-03
3.491000e+03 1.315366e-03
3.492000e+03 7.781499e-04
3.493000e+03 2.298779e-03
3.494000e+03 6.490986e-04
3.495000e+03 3.991261e-03
3.496000e+03 8.217319e-03
3.497000e+03 6.465434e-03
3.498000e+03 2.978658e-03
3.499000e+03 1.313054e-03
3.500000e+03 6.031591e-03
3.501000e+03 9.707271e-03
3.502000e+03 3.266026e-03
3.503000e+03 6.086154e-03
3.504000e+03 6.834932e-03
3.505000e+03 1.557947e-02
3.506000e+03 1.472304e-02
3.507000e+03 8.030510e-03
3.508000e+03 8.811209e-03
3.509000e+03 7.267456e-03
3.510000e+03 9.007494e-03
3.511000e+03 2.004734e-03
3.512000e+03 4.588878e-03
3.513000e+03 7.455556e-03
3.514000e+03 2.993285e-03
3.515000e+03 1.302778e-03
3.516000e+03 6.389935e-04
3.517000e+03 3.358585e-03
3.518000e+03 8.205570e-03
3.519000e+03 8.824241e-03
3.520000e+03 8.270255e-03
3.521000e+03 3.528935e-03
3.522000e+03 4.048210e-03
3.523000e+03 3.807764e-03
3.524000e+03 3.228631e-03
3.525000e+03 9.697688e-04
3.526000e+03 8.584614e-04
3.527000e+03 9.865200e-04
3.528000e+03 2.836422e-03
3.529000e+03 3.604506e-03
3.530000e+03 6.184082e-03
3.531000e+03 6.785632e-03
3.532000e+03 1.573926e-02
3.533000e+03 1.163718e-02
3.534000e+03 9.554987e-03
3.535000e+03 1.843729e-02
3.536000e+03 2.088992e-02
3.537000e+03 2.193873e-02
3.538000e+03 1.449844e-02
3.539000e+03 1.779202e-02
3.540000e+03 2.588002e-02
3.541000e+03 2.604044e-02
3.542000e+03 1.257308e-02
3.543000e+03 1.567692e-02
3.544000e+03 2.187034e-02
3.545000e+03 2.560082e-02
3.546000e+03 2.230322e-02
3.547000e+03 1.917065e-02
3.548000e+03 1.413178e-02
3.549000e+03 4.167852e-03
3.550000e+03 1.511269e-02
3.551000e+03 1.554174e-02
3.552000e+03 1.420989e-02
3.553000e+03 1.699076e-02
3.554000e+03 1.190291e-02
3.555000e+03 9.109391e-03
3.556000e+03 1.223524e-02
3.557000e+03 1.885097e-02
3.558000e+03 1.333161e-02
3.559000e+03 1.005638e-02
3.560000e+03 8.205227e-03
3.561000e+03 1.407216e-02
3.562000e+03 8.052158e-03
3.563000e+03 4.555159e-03
3.564000e+03 1.250371e-02
3.565000e+03 9.592497e-03
3.566000e+03 2.728917e-03
3.567000e+03 1.460384e-03
3.568000e+03 4.012585e-03
3.569000e+03 7.329258e-03
3.570000e+03 4.113824e-03
3.571000e+03 9.343395e-04
3.572000e+03 3.075594e-03
3.573000e+03 2.559848e-03
3.574000e+03 6.611748e-03
3.575000e+03 5.407734e-03
3.576000e+03 3.108268e-03
3.577000e+03 3.180481e-03
3.578000e+03 1.752767e-03
3.579000e+03 6.944686e-04
3.580000e+03 3.470661e-04
3.581000e+03 1.136775e-03
3.582000e+03 6.107332e-04
3.583000e+03 1.591378e-03
3.584000e+03 3.478263e-03
3.585000e+03 4.931912e-03
3.586000e+03 2.407971e-03
3.587000e+03 2.601128e-03
3.588000e+03 2.007653e-03
3.589000e+03 3.948333e-03
3.590000e+03 3.449620e-03
3.591000e+03 5.447188e-03
3.592000e+03 3.762584e-03
3.593000e+03 1.980910e-03
3.594000e+03 6.013640e-04
3.595000e+03 5.881627e-04
3.596000e+03 1.654721e-03
3.597000e+03 3.629457e-03
3.598000e+03 4.387714e-03
3.599000e+03 2.994369e-03
3.600000e+03 6.929470e-03
3.601000e+03 9.072820e-03
3.602000e+03 8.300757e-03
3.603000e+03 3.910956e-03
3.604000e+03 3.824323e-03
3.605000e+03 2.013330e-03
3.606000e+03 5.384539e-04
3.607000e+03 9.533499e-04
3.608000e+03 2.507317e-03
3.609000e+03 3.258917e-03
3.610000e+03 1.001762e-03
3.611000e+03 2.400008e-03
3.612000e+03 4.399438e-03
3.613000e+03 7.693376e-03
3.614000e+03 5.368053e-03
3.615000e+03 1.227522e-02
3.616000e+03 1.084787e-02
3.617000e+03 6.759713e-03
3.618000e+03 9.145142e-03
3.619000e+03 3.480993e-03
3.620000e+03 6.675747e-04
3.621000e+03 3.140095e-03
3.622000e+03 8.012903e-03
3.623000e+03 1.107985e-02
3.624000e+03 1.377460e-02
3.625000e+03 1.293292e-02
3.626000e+03 7.499848e-03
3.627000e+03 1.802886e-02
3.628000e+03 1.931118e-02
3.629000e+03 1.397995e-02
3.630000e+03 1.457672e-02
3.631000e+03 8.491373e-03
3.632000e+03 2.448141e-03
3.633000e+03 2.491709e-03
3.634000e+03 7.818329e-03
3.635000e+03 1.143450e-02
3.636000e+03 3.780389e-03
3.637000e+03 5.321612e-03
3.638000e+03 1.249312e-02
3.639000e+03 1.281277e-02
3.640000e+03 2.132178e-02
3.641000e+03 1.671051e-02
3.642000e+03 1.750068e-02
3.643000e+03 6.308115e-03
3.644000e+03 3.629923e-03
3.645000e+03 1.061935e-02
3.646000e+03 1.333377e-02
3.647000e+03 8.200386e-03
3.648000e+03 4.779689e-03
3.649000e+03 1.199096e-03
3.650000e+03 3.540513e-03
3.651000e+03 8.256102e-03
3.652000e+03 1.486729e-02
3.653000e+03 1.448526e-02
3.654000e+03 4.676672e-03
3.655000e+03 4.968813e-03
3.656000e+03 1.275342e-02
3.657000e+03 1.911928e-02
3.658000e+03 2.361231e-02
3.659000e+03 1.140666e-02
3.660000e+03 2.560209e-02
3.661000e+03 2.464752e-02
3.662000e+03 1.927042e-02
3.663000e+03 2.174582e-02
3.664000e+03 2.738580e-02
3.665000e+03 1.473107e-02
3.666000e+03 2.837765e-02
3.667000e+03 3.109610e-02
3.668000e+03 2.887495e-02
3.669000e+03 2.789801e-02
3.670000e+03 9.500483e-03
3.671000e+03 1.070913e-02
3.672000e+03 1.569617e-02
3.673000e+03 1.483149e-02
3.674000e+03 2.648922e-02
3.675000e+03 1.065633e-02
3.676000e+03 2.308789e-02
3.677000e+03 1.916661e-02
3.678000e+03 1.903025e-02
3.679000e+03 1.091218e-02
3.680000e+03 5.529878e-03
3.681000e+03 1.037792e-03
3.682000e+03 6.376734e-03
3.683000e+03 1.010799e-02
3.684000e+03 4.679779e-03
3.685000e+03 1.477202e-02
3.686000e+03 2.175750e-02
3.687000e+03 1.452467e-02
3.688000e+03 6.781465e-03
3.689000e+03 3.743857e-03
3.690000e+03 1.558872e-02
3.691000e+03 9.899291e-03
3.692000e+03 2.430907e-02
3.693000e+03 2.073453e-02
3.694000e+03 2.642545e-02
3.695000e+03 1.515404e-02
3.696000e+03 2.350176e-02
3.697000e+03 2.063766e-02
3.698000e+03 2.843466e-02
3.699000e+03 2.648058e-02
3.700000e+03 2.682970e-02
3.701000e+03 2.579224e-02
3.702000e+03 1.843724e-02
3.703000e+03 1.647875e-02
3.704000e+03 1.294236e-02
3.705000e+03 4.852418e-03
3.706000e+03 1.865264e-03
3.707000e+03 1.555118e-03
3.708000e+03 5.334850e-03
3.709000e+03 3.434427e-03
3.710000e+03 3.523086e-03
3.711000e+03 6.946060e-03
3.712000e+03 1.257820e-02
3.713000e+03 1.470140e-02
3.714000e+03 1.366677e-02
3.715000e+03 1.108146e-02
3.716000e+03 9.532862e-03
3.717000e+03 6.498304e-03
3.718000e+03 4.017276e-03
3.719000e+03 2.546800e-03
3.720000e+03 1.219229e-03
3.721000e+03 3.168222e-04
3.722000e+03 1.174470e-03
3.723000e+03 1.540189e-03
3.724000e+03 1.393574e-03
3.725000e+03 4.146918e-03
3.726000e+03 5.654131e-03
3.727000e+03 8.510688e-03
3.728000e+03 5.747509e-03
3.729000e+03 3.672271e-03
3.730000e+03 8.174444e-03
3.731000e+03 3.808184e-03
3.732000e+03 4.203981e-03
3.733000e+03 3.628094e-03
3.734000e+03 1.750539e-03
3.735000e+03 1.681769e-03
3.736000e+03 8.453708e-04
3.737000e+03 1.650689e-03
3.738000e+03 4.574650e-04
3.739000e+03 1.360119e-03
3.740000e+03 2.428870e-03
3.741000e+03 4.954863e-03
3.742000e+03 3.395497e-03
3.743000e+03 6.054943e-03
3.744000e+03 3.863462e-03
3.745000e+03 2.675539e-03
3.746000e+03 1.379039e-03
3.747000e+03 5.733141e-04
3.748000e+03 2.140414e-03
3.749000e+03 1.062664e-03
3.750000e+03 1.085051e-03
3.751000e+03 1.881404e-03
3.752000e+03 5.776338e-03
3.753000e+03 7.583392e-03
3.754000e+03 3.291049e-03
3.755000e+03 8.623861e-03
3.756000e+03 1.422081e-02
3.757000e+03 1.299942e-02
3.758000e+03 9.382834e-03
3.759000e+03 2.312793e-03
3.760000e+03 4.993005e-03
3.761000e+03 1.097706e-02
3.762000e+03 1.388653e-02
3.763000e+03 1.572215e-02
3.764000e+03 8.763285e-03
3.765000e+03 2.372854e-03
3.766000e+03 1.119692e-02
3.767000e+03 1.211050e-02
3.768000e+03 3.924076e-03
3.769000e+03 8.010844e-03
3.770000e+03 2.062331e-02
3.771000e+03 2.258405e-02
3.772000e+03 2.434694e-02
3.773000e+03 1.615808e-02
3.774000e+03 2.666011e-02
3.775000e+03 2.955843e-02
3.776000e+03 1.948902e-02
3.777000e+03 1.407885e-02
3.778000e+03 2.698428e-02
3.779000e+03 2.372069e-02
3.780000e+03 2.067007e-02
3.781000e+03 3.422160e-02
3.782000e+03 3.559925e-02
3.783000e+03 3.499485e-02
3.784000e+03 1.771532e-02
3.785000e+03 1.378751e-02
3.786000e+03 3.118000e-02
3.787000e+03 1.908627e-02
3.788000e+03 1.736092e-02
3.789000e+03 6.152747e-03
3.790000e+03 1.712437e-02
3.791000e+03 1.309484e-02
3.792000e+03 2.504193e-02
3.793000e+03 2.338070e-02
3.794000e+03 2.590701e-02
3.795000e+03 1.368461e-02
3.796000e+03 4.910948e-03
3.797000e+03 1.626820e-02
3.798000e+03 2.544349e-02
3.799000e+03 1.061415e-02
3.800000e+03 4.755691e-03
3.801000e+03 7.540986e-03
3.802000e+03 2.423432e-02
3.803000e+03 2.814363e-02
3.804000e+03 3.508849e-02
3.805000e+03 2.626324e-02
3.806000e+03 2.808539e-02
3.807000e+03 2.870448e-02
3.808000e+03 5.899725e-03
3.809000e+03 1.894670e-02
3.810000e+03 2.274731e-02
3.811000e+03 2.849369e-02
3.812000e+03 2.752284e-02
3.813000e+03 2.891913e-02
3.814000e+03 1.450096e-02
3.815000e+03 1.810623e-02
3.816000e+03 1.302808e-02
3.817000e+03 3.455729e-03
3.818000e+03 1.363967e-02
3.819000e+03 9.831642e-03
3.820000e+03 8.744997e-03
3.821000e+03 2.655579e-03
3.822000e+03 2.562388e-03
3.823000e+03 6.200939e-03
3.824000e+03 6.124007e-03
3.825000e+03 2.157999e-03
3.826000e+03 1.858367e-03
3.827000e+03 1.734723e-03
3.828000e+03 6.233399e-03
3.829000e+03 4.938091e-03
3.830000e+03 6.751389e-03
3.831000e+03 1.275267e-02
3.832000e+03 1.453958e-02
3.833000e+03 5.688909e-03
3.834000e+03 7.194216e-03
3.835000e+03 3.456289e-03
3.836000e+03 7.828578e-03
3.837000e+03 1.558770e-02
3.838000e+03 1.641136e-02
3.839000e+03 6.847163e-03
3.840000e+03 8.201308e-03
3.841000e+03 7.246632e-03
3.842000e+03 2.794333e-03
3.843000e+03 1.430123e-02
3.844000e+03 2.129205e-02
3.845000e+03 2.496356e-02
3.846000e+03 1.961717e-02
3.847000e+03 5.738999e-02
3.848000e+03 7.525043e-02
3.849000e+03 7.324478e-02
3.850000e+03 3.276595e-02
3.851000e+03 3.276595e-02
3.852000e+03 7.410946e-03
3.853000e+03 0.000000e+00
3.854000e+03 0.000000e+00
3.855000e+03 7.060067e-03
3.856000e+03 5.558381e-02
3.857000e+03 5.558381e-02
3.858000e+03 4.720482e-02
3.859000e+03 4.512312e-02
3.860000e+03 4.616294e-02
3.861000e+03 6.501967e-02
3.862000e+03 6.501967e-02
3.863000e+03 4.907174e-02
3.864000e+03 1.247704e-02
3.865000e+03 1.247704e-02
3.866000e+03 5.729371e-02
3.867000e+03 9.325884e-02
3.868000e+03 9.325884e-02
3.869000e+03 4.313295e-02
3.870000e+03 3.107175e-02
3.871000e+03 2.763406e-02
3.872000e+03 0.000000e+00
3.873000e+03 0.000000e+00
3.874000e+03 0.000000e+00
3.875000e+03 0.000000e+00
3.876000e+03 0.000000e+00
3.877000e+03 1.827020e-02
3.878000e+03 3.812921e-02
3.879000e+03 3.812921e-02
3.880000e+03 4.028497e-02
3.881000e+03 4.078701e-02
3.882000e+03 3.505350e-02
3.883000e+03 0.000000e+00
3.884000e+03 0.000000e+00
3.885000e+03 0.000000e+00
3.886000e+03 4.237359e-02
3.887000e+03 4.237359e-02
3.888000e+03 7.163726e-02
3.889000e+03 9.417679e-02
3.890000e+03 9.417679e-02
3.891000e+03 1.929211e-02
3.892000e+03 2.425163e-03
3.893000e+03 0.000000e+00
3.894000e+03 0.000000e+00
3.895000e+03 0.000000e+00
3.896000e+03 0.000000e+00
3.897000e+03 4.889224e-02
3.898000e+03 4.889224e-02
3.899000e+03 4.199608e-02
3.900000e+03 3.679312e-02
3.901000e+03 3.679312e-02
3.902000e+03 0.000000e+00
3.903000e+03 0.000000e+00
3.904000e+03 0.000000e+00
3.905000e+03 0.000000e+00
3.906000e+03 0.000000e+00
3.907000e+03 0.000000e+00
3.908000e+03 9.748068e-02
3.909000e+03 9.748068e-02
3.910000e+03 7.170378e-02
3.911000e+03 5.265575e-02
3.912000e+03 5.265575e-02
3.913000e+03 0.000000e+00
3.914000e+03 0.000000e+00
3.915000e+03 0.000000e+00
3.916000e+03 0.000000e+00
3.917000e+03 0.000000e+00
3.918000e+03 1.554925e-02
3.919000e+03 6.369833e-02
3.920000e+03 6.369833e-02
3.921000e+03 3.182399e-02
3.922000e+03 8.757876e-03
3.923000e+03 8.757876e-03
3.924000e+03 0.000000e+00
3.925000e+03 0.000000e+00
3.926000e+03 0.000000e+00
3.927000e+03 1.696332e-03
3.928000e+03 1.696332e-03
3.929000e+03 2.009138e-02
3.930000e+03 5.677054e-02
3.931000e+03 5.677054e-02
3.932000e+03 3.323366e-02
3.933000e+03 1.655642e-02
3.934000e+03 1.655642e-02
3.935000e+03 0.000000e+00
3.936000e+03 0.000000e+00
3.937000e+03 0.000000e+00
3.938000e+03 3.989161e-02
3.939000e+03 3.989161e-02
3.940000e+03 3.186034e-02
3.941000e+03 1.621118e-02
3.942000e+03 1.621118e-02
3.943000e+03 0.000000e+00
3.944000e+03 0.000000e+00
3.945000e+03 0.000000e+00
3.946000e+03 0.000000e+00
3.947000e+03 0.000000e+00
3.948000e+03 0.000000e+00
3.949000e+03 3.711950e-02
3.950000e+03 3.711950e-02
3.951000e+03 4.345225e-02
3.952000e+03 5.551102e-02
3.953000e+03 5.551102e-02
3.954000e+03 1.639839e-02
3.955000e+03 0.000000e+00
3.956000e+03 0.000000e+00
3.957000e+03 0.000000e+00
3.958000e+03 1.359525e-03
3.959000e+03 6.363062e-03
3.960000e+03 5.229369e-02
3.961000e+03 5.229369e-02
3.962000e+03 3.328105e-02
3.963000e+03 0.000000e+00
3.964000e+03 0.000000e+00
3.965000e+03 0.000000e+00
3.966000e+03 0.000000e+00
3.967000e+03 0.000000e+00
3.968000e+03 1.406096e-02
3.969000e+03 2.314067e-02
3.970000e+03 2.457972e-02
3.971000e+03 3.704778e-02
3.972000e+03 3.704778e-02
3.973000e+03 3.508272e-02
3.974000e+03 3.150917e-02
3.975000e+03 3.150917e-02
3.976000e+03 0.000000e+00
3.977000e+03 0.000000e+00
3.978000e+03 0.000000e+00
3.979000e+03 2.604041e-02
3.980000e+03 3.541099e-02
3.981000e+03 3.998681e-02
3.982000e+03 7.748449e-02
3.983000e+03 7.748449e-02
3.984000e+03 5.392872e-02
3.985000e+03 1.206725e-02
3.986000e+03 1.206725e-02
3.987000e+03 2.111932e-02
3.988000e+03 2.687236e-02
3.989000e+03 2.687236e-02
3.990000e+03 4.749222e-02
3.991000e+03 5.077255e-02
3.992000e+03 4.849904e-02
3.993000e+03 3.084440e-02
3.994000e+03 3.084440e-02
3.995000e+03 1.731614e-02
3.996000e+03 0.000000e+00
3.997000e+03 0.000000e+00
3.998000e+03 1.154436e-03
3.999000e+03 5.709399e-03
4.000000e+03 5.709399e-03
4.001000e+03 2.526248e-02
4.002000e+03 2.823304e-02
4.003000e+03 2.637222e-02
4.004000e+03 1.265654e-02
4.005000e+03 1.265654e-02
4.006000e+03 1.840778e-02
4.007000e+03 2.816624e-02
4.008000e+03 2.816624e-02
4.009000e+03 1.613140e-02
4.010000e+03 8.822965e-03
4.011000e+03 8.822965e-03
4.012000e+03 5.049015e-02
4.013000e+03 5.652267e-02
4.014000e+03 5.347012e-02
4.015000e+03 3.208166e-02
4.016000e+03 3.208166e-02
4.017000e+03 2.290073e-02
4.018000e+03 7.681233e-03
4.019000e+03 7.681233e-03
4.020000e+03 4.148006e-02
4.021000e+03 6.153262e-02
4.022000e+03 6.153262e-02
4.023000e+03 5.159752e-02
4.024000e+03 5.022997e-02
4.025000e+03 4.280248e-02
4.026000e+03 0.000000e+00
4.027000e+03 0.000000e+00
4.028000e+03 0.000000e+00
4.029000e+03 0.000000e+00
4.030000e+03 0.000000e+00
4.031000e+03 2.738495e-02
4.032000e+03 7.336340e-02
4.033000e+03 7.336340e-02
4.034000e+03 4.809448e-02
4.035000e+03 4.479615e-02
4.036000e+03 3.665969e-02
4.037000e+03 0.000000e+00
4.038000e+03 0.000000e+00
4.039000e+03 0.000000e+00
4.040000e+03 3.321774e-03
4.041000e+03 3.321774e-03
4.042000e+03 2.574468e-02
4.043000e+03 3.842689e-02
4.044000e+03 3.842689e-02
4.045000e+03 2.922633e-04
4.046000e+03 0.000000e+00
4.047000e+03 0.000000e+00
4.048000e+03 0.000000e+00
4.049000e+03 0.000000e+00
4.050000e+03 0.000000e+00
4.051000e+03 0.000000e+00
4.052000e+03 0.000000e+00
4.053000e+03 4.192034e-02
4.054000e+03 7.143406e-02
4.055000e+03 7.143406e-02
4.056000e+03 6.050852e-03
4.057000e+03 0.000000e+00
4.058000e+03 0.000000e+00
4.059000e+03 0.000000e+00
4.060000e+03 0.000000e+00
4.061000e+03 0.000000e+00
4.062000e+03 1.925982e-02
4.063000e+03 1.925982e-02
4.064000e+03 3.143309e-02
4.065000e+03 3.798464e-02
4.066000e+03 3.798464e-02
4.067000e+03 6.244403e-03
4.068000e+03 2.778639e-03
4.069000e+03 0.000000e+00
4.070000e+03 0.000000e+00
4.071000e+03 0.000000e+00
4.072000e+03 0.000000e+00
4.073000e+03 8.849756e-03
4.074000e+03 8.849756e-03
4.075000e+03 3.456469e-02
4.076000e+03 4.805436e-02
4.077000e+03 4.805436e-02
4.078000e+03 0.000000e+00
4.079000e+03 0.000000e+00
4.080000e+03 0.000000e+00
4.081000e+03 0.000000e+00
4.082000e+03 0.000000e+00
4.083000e+03 7.617111e-03
4.084000e+03 5.281162e-02
4.085000e+03 5.281162e-02
4.086000e+03 1.379981e-02
4.087000e+03 0.000000e+00
4.088000e+03 0.000000e+00
4.089000e+03 0.000000e+00
4.090000e+03 0.000000e+00
4.091000e+03 0.000000e+00
4.092000e+03 0.000000e+00
4.093000e+03 0.000000e+00
4.094000e+03 1.141051e-02
4.095000e+03 4.517567e-02
4.096000e+03 4.517567e-02
4.097000e+03 1.103734e-02
4.098000e+03 0.000000e+00
4.099000e+03 0.000000e+00
4.100000e+03 0.000000e+00
4.101000e+03 0.000000e+00
4.102000e+03 0.000000e+00
4.103000e+03 1.111086e-02
4.104000e+03 1.111086e-02
4.105000e+03 3.715324e-02
4.106000e+03 7.277874e-02
4.107000e+03 7.277874e-02
4.108000e+03 2.937362e-02
4.109000e+03 8.362579e-03
4.110000e+03 8.362579e-03
4.111000e+03 5.219866e-03
4.112000e+03 4.966345e-03
4.113000e+03 6.539970e-03
4.114000e+03 1.386258e-02
4.115000e+03 1.386258e-02
4.116000e+03 1.623936e-02
4.117000e+03 1.941028e-02
4.118000e+03 1.941028e-02
4.119000e+03 2.021986e-02
4.120000e+03 2.060089e-02
4.121000e+03 2.060089e-02
4.122000e+03 4.221538e-03
4.123000e+03 3.017538e-03
4.124000e+03 1.063519e-02
4.125000e+03 4.462484e-02
4.126000e+03 4.462484e-02
4.127000e+03 2.435150e-02
4.128000e+03 0.000000e+00
4.129000e+03 0.000000e+00
4.130000e+03 0.000000e+00
4.131000e+03 0.000000e+00
4.132000e+03 0.000000e+00
4.133000e+03 1.189708e-02
4.134000e+03 1.412673e-02
4.135000e+03 2.196350e-02
4.136000e+03 5.550752e-02
4.137000e+03 5.550752e-02
4.138000e+03 3.072623e-02
4.139000e+03 0.000000e+00
4.140000e+03 0.000000e+00
4.141000e+03 0.000000e+00
4.142000e+03 0.000000e+00
4.143000e+03 0.000000e+00
4.144000e+03 2.521101e-02
4.145000e+03 2.762358e-02
4.146000e+03 3.624195e-02
4.147000e+03 7.164362e-02
4.148000e+03 7.164362e-02
4.149000e+03 3.739727e-02
4.150000e+03 0.000000e+00
4.151000e+03 0.000000e+00
4.152000e+03 0.000000e+00
4.153000e+03 0.000000e+00
4.154000e+03 0.000000e+00
4.155000e+03 2.409797e-02
4.156000e+03 2.550060e-02
4.157000e+03 2.670856e-02
4.158000e+03 3.147197e-02
4.159000e+03 3.147197e-02
4.160000e+03 7.996703e-03
4.161000e+03 0.000000e+00
4.162000e+03 0.000000e+00
4.163000e+03 0.000000e+00
4.164000e+03 0.000000e+00
4.165000e+03 0.000000e+00
4.166000e+03 3.824983e-02
4.167000e+03 4.113287e-02
4.168000e+03 3.828666e-02
4.169000e+03 2.750885e-02
4.170000e+03 2.750885e-02
4.171000e+03 2.034817e-02
4.172000e+03 1.196190e-02
4.173000e+03 1.196190e-02
4.174000e+03 3.574464e-02
4.175000e+03 4.535222e-02
4.176000e+03 4.535222e-02
4.177000e+03 6.890259e-02
4.178000e+03 6.978326e-02
4.179000e+03 4.956498e-02
4.180000e+03 0.000000e+00
4.181000e+03 0.000000e+00
4.182000e+03 0.000000e+00
4.183000e+03 0.000000e+00
4.184000e+03 0.000000e+00
4.185000e+03 0.000000e+00
4.186000e+03 1.265509e-02
4.187000e+03 1.265509e-02
4.188000e+03 4.206900e-02
4.189000e+03 4.295440e-02
4.190000e+03 3.294630e-02
4.191000e+03 0.000000e+00
4.192000e+03 0.000000e+00
4.193000e+03 0.000000e+00
4.194000e+03 1.698990e-03
4.195000e+03 1.698990e-03
4.196000e+03 3.252182e-02
4.197000e+03 4.415599e-02
4.198000e+03 4.415599e-02
4.199000e+03 5.798292e-02
4.200000e+03 5.829791e-02
4.201000e+03 4.289323e-02
4.202000e+03 0.000000e+00
4.203000e+03 0.000000e+00
4.204000e+03 0.000000e+00
4.205000e+03 0.000000e+00
4.206000e+03 0.000000e+00
4.207000e+03 1.802764e-02
4.208000e+03 2.921353e-02
4.209000e+03 2.921353e-02
4.210000e+03 0.000000e+00
4.211000e+03 0.000000e+00
4.212000e+03 0.000000e+00
4.213000e+03 0.000000e+00
4.214000e+03 0.000000e+00
4.215000e+03 0.000000e+00
4.216000e+03 0.000000e+00
4.217000e+03 0.000000e+00
4.218000e+03 3.420476e-02
4.219000e+03 4.767273e-02
4.220000e+03 4.767273e-02
4.221000e+03 0.000000e+00
4.222000e+03 0.000000e+00
4.223000e+03 0.000000e+00
4.224000e+03 3.205299e-03
4.225000e+03 3.205299e-03
4.226000e+03 4.311656e-03
4.227000e+03 5.437373e-03
4.228000e+03 5.437373e-03
4.229000e+03 2.740434e-02
4.230000e+03 3.482448e-02
4.231000e+03 3.482448e-02
4.232000e+03 0.000000e+00
4.233000e+03 0.000000e+00
4.234000e+03 0.000000e+00
4.235000e+03 0.000000e+00
4.236000e+03 0.000000e+00
4.237000e+03 0.000000e+00
4.238000e+03 2.672349e-02
4.239000e+03 2.672349e-02
4.240000e+03 5.571964e-02
4.241000e+03 6.513152e-02
4.242000e+03 6.451198e-02
4.243000e+03 0.000000e+00
4.244000e+03 0.000000e+00
4.245000e+03 0.000000e+00
4.246000e+03 0.000000e+00
4.247000e+03 0.000000e+00
4.248000e+03 7.750099e-03
4.249000e+03 2.896898e-02
4.250000e+03 2.896898e-02
4.251000e+03 1.276014e-02
4.252000e+03 7.712599e-03
4.253000e+03 6.856592e-03
4.254000e+03 0.000000e+00
4.255000e+03 0.000000e+00
4.256000e+03 0.000000e+00
4.257000e+03 1.970813e-02
4.258000e+03 1.970813e-02
4.259000e+03 3.930545e-02
4.260000e+03 5.751688e-02
4.261000e+03 5.751688e-02
4.262000e+03 2.608305e-02
4.263000e+03 1.670835e-02
4.264000e+03 1.570440e-02
4.265000e+03 0.000000e+00
4.266000e+03 0.000000e+00
4.267000e+03 0.000000e+00
4.268000e+03 4.318585e-02
4.269000e+03 4.318585e-02
4.270000e+03 2.148245e-02
4.271000e+03 1.938507e-03
4.272000e+03 1.938507e-03
4.273000e+03 0.000000e+00
4.274000e+03 0.000000e+00
4.275000e+03 0.000000e+00
4.276000e+03 0.000000e+00
4.277000e+03 0.000000e+00
4.278000e+03 0.000000e+00
4.279000e+03 1.611794e-02
4.280000e+03 1.611794e-02
4.281000e+03 2.485340e-02
4.282000e+03 3.247098e-02
4.283000e+03 3.247098e-02
4.284000e+03 3.198188e-04
4.285000e+03 0.000000e+00
4.286000e+03 0.000000e+00
4.287000e+03 1.339463e-02
4.288000e+03 1.339463e-02
4.289000e+03 3.441080e-02
4.290000e+03 8.579285e-02
4.291000e+03 8.579285e-02
4.292000e+03 3.703519e-02
4.293000e+03 0.000000e+00
4.294000e+03 0.000000e+00
4.295000e+03 0.000000e+00
4.296000e+03 0.000000e+00
4.297000e+03 0.000000e+00
4.298000e+03 1.907557e-02
4.299000e+03 1.907557e-02
4.300000e+03 3.046657e-02
4.301000e+03 5.722767e-02
4.302000e+03 5.722767e-02
4.303000e+03 1.770472e-02
4.304000e+03 0.000000e+00
4.305000e+03 0.000000e+00
4.306000e+03 0.000000e+00
4.307000e+03 0.000000e+00
4.308000e+03 0.000000e+00
4.309000e+03 5.247905e-02
4.310000e+03 5.247905e-02
4.311000e+03 4.959718e-02
4.312000e+03 4.309232e-02
4.313000e+03 4.309232e-02
4.314000e+03 8.426758e-03
4.315000e+03 0.000000e+00
4.316000e+03 0.000000e+00
4.317000e+03 0.000000e+00
4.318000e+03 0.000000e+00
4.319000e+03 0.000000e+00
4.320000e+03 5.124371e-02
4.321000e+03 5.124371e-02
4.322000e+03 4.644768e-02
4.323000e+03 3.604874e-02
4.324000e+03 3.604874e-02
4.325000e+03 0.000000e+00
4.326000e+03 0.000000e+00
4.327000e+03 0.000000e+00
4.328000e+03 0.000000e+00
4.329000e+03 0.000000e+00
4.330000e+03 0.000000e+00
4.331000e+03 5.724643e-02
4.332000e+03 5.724643e-02
4.333000e+03 5.469356e-02
4.334000e+03 4.937750e-02
4.335000e+03 4.937750e-02
4.336000e+03 0.000000e+00
4.337000e+03 0.000000e+00
4.338000e+03 0.000000e+00
4.339000e+03 0.000000e+00
4.340000e+03 4.998514e-03
4.341000e+03 8.124880e-03
4.342000e+03 4.353233e-02
4.343000e+03 4.353233e-02
4.344000e+03 2.569246e-02
4.345000e+03 0.000000e+00
4.346000e+03 0.000000e+00
4.347000e+03 0.000000e+00
4.348000e+03 0.000000e+00
4.349000e+03 0.000000e+00
4.350000e+03 1.208728e-02
4.351000e+03 1.788541e-02
4.352000e+03 2.053411e-02
4.353000e+03 4.723805e-02
4.354000e+03 4.723805e-02
4.355000e+03 3.768160e-02
4.356000e+03 1.933936e-02
4.357000e+03 1.933936e-02
4.358000e+03 5.568186e-03
4.359000e+03 0.000000e+00
4.360000e+03 0.000000e+00
4.361000e+03 4.777625e-02
4.362000e+03 5.708146e-02
4.363000e+03 5.458713e-02
4.364000e+03 3.201935e-02
4.365000e+03 3.201935e-02
4.366000e+03 1.504794e-02
4.367000e+03 0.000000e+00
4.368000e+03 0.000000e+00
4.369000e+03 5.314380e-03
4.370000e+03 1.941334e-02
4.371000e+03 1.941334e-02
4.372000e+03 4.624054e-02
4.373000e+03 5.073097e-02
4.374000e+03 4.778637e-02
4.375000e+03 2.371729e-02
4.376000e+03 2.371729e-02
4.377000e+03 1.468629e-03
4.378000e+03 0.000000e+00
4.379000e+03 0.000000e+00
4.380000e+03 0.000000e+00
4.381000e+03 5.324633e-03
4.382000e+03 5.324633e-03
4.383000e+03 6.659600e-02
4.384000e+03 7.605728e-02
4.385000e+03 6.903959e-02
4.386000e+03 1.692362e-02
4.387000e+03 1.692362e-02
4.388000e+03 4.567217e-03
4.389000e+03 0.000000e+00
4.390000e+03 0.000000e+00
4.391000e+03 2.290499e-02
4.392000e+03 4.661335e-02
4.393000e+03 4.661335e-02
4.394000e+03 5.208224e-02
4.395000e+03 5.285596e-02
4.396000e+03 4.511489e-02
4.397000e+03 0.000000e+00
4.398000e+03 0.000000e+00
4.399000e+03 0.000000e+00
4.400000e+03 0.000000e+00
4.401000e+03 0.000000e+00
4.402000e+03 4.099499e-02
4.403000e+03 7.661255e-02
4.404000e+03 7.661255e-02
4.405000e+03 3.941234e-02
4.406000e+03 3.462946e-02
4.407000e+03 2.840464e-02
4.408000e+03 0.000000e+00
4.409000e+03 0.000000e+00
4.410000e+03 2.119408e-03
4.411000e+03 2.141680e-02
4.412000e+03 2.141680e-02
4.413000e+03 3.708171e-02
4.414000e+03 4.575163e-02
4.415000e+03 4.575163e-02
4.416000e+03 3.050094e-02
4.417000e+03 2.873646e-02
4.418000e+03 2.279101e-02
4.419000e+03 0.000000e+00
4.420000e+03 0.000000e+00
4.421000e+03 0.000000e+00
4.422000e+03 0.000000e+00
4.423000e+03 0.000000e+00
4.424000e+03 4.307373e-02
4.425000e+03 7.191675e-02
4.426000e+03 7.191675e-02
4.427000e+03 4.561372e-02
4.428000e+03 4.290811e-02
4.429000e+03 3.256666e-02
4.430000e+03 0.000000e+00
4.431000e+03 0.000000e+00
4.432000e+03 6.645242e-03
4.433000e+03 4.749554e-02
4.434000e+03 4.749554e-02
4.435000e+03 4.559438e-02
4.436000e+03 4.463532e-02
4.437000e+03 4.463532e-02
4.438000e+03 0.000000e+00
4.439000e+03 0.000000e+00
4.440000e+03 0.000000e+00
4.441000e+03 2.146251e-03
4.442000e+03 2.146251e-03
4.443000e+03 1.749125e-02
4.444000e+03 3.844195e-02
4.445000e+03 3.844195e-02
4.446000e+03 2.120185e-02
4.447000e+03 1.291995e-02
4.448000e+03 1.291995e-02
4.449000e+03 0.000000e+00
4.450000e+03 0.000000e+00
4.451000e+03 0.000000e+00
4.452000e+03 0.000000e+00
4.453000e+03 0.000000e+00
4.454000e+03 8.351346e-03
4.455000e+03 4.583201e-02
4.456000e+03 4.583201e-02
4.457000e+03 3.703312e-02
4.458000e+03 3.301546e-02
4.459000e+03 3.301546e-02
4.460000e+03 0.000000e+00
4.461000e+03 0.000000e+00
4.462000e+03 0.000000e+00
4.463000e+03 1.869707e-02
4.464000e+03 1.869707e-02
4.465000e+03 3.399039e-02
4.466000e+03 5.306857e-02
4.467000e+03 5.306857e-02
4.468000e+03 3.066457e-02
4.469000e+03 2.096084e-02
4.470000e+03 2.096084e-02
4.471000e+03 0.000000e+00
4.472000e+03 0.000000e+00
4.473000e+03 0.000000e+00
4.474000e+03 4.540834e-02
4.475000e+03 4.540834e-02
4.476000e+03 5.176673e-02
4.477000e+03 5.934110e-02
4.478000e+03 5.934110e-02
4.479000e+03 1.579840e-02
4.480000e+03 0.000000e+00
4.481000e+03 0.000000e+00
4.482000e+03 7.938845e-03
4.483000e+03 8.331730e-03
4.484000e+03 1.723857e-02
4.485000e+03 4.974352e-02
4.486000e+03 4.974352e-02
4.487000e+03 4.295348e-02
4.488000e+03 3.523532e-02
4.489000e+03 3.523532e-02
4.490000e+03 3.701557e-04
4.491000e+03 0.000000e+00
4.492000e+03 0.000000e+00
4.493000e+03 1.003601e-02
4.494000e+03 1.065596e-02
4.495000e+03 1.835887e-02
4.496000e+03 4.460331e-02
4.497000e+03 4.460331e-02
4.498000e+03 3.713989e-02
4.499000e+03 2.905132e-02
4.500000e+03 2.905132e-02
4.501000e+03 4.829967e-03
4.502000e+03 0.000000e+00
4.503000e+03 0.000000e+00
4.504000e+03 1.196377e-02
4.505000e+03 1.219145e-02
4.506000e+03 2.189903e-02
4.507000e+03 5.281344e-02
4.508000e+03 5.281344e-02
4.509000e+03 4.260180e-02
4.510000e+03 3.205923e-02
4.511000e+03 3.205923e-02
4.512000e+03 8.859578e-03
4.513000e+03 9.228118e-04
4.514000e+03 9.228118e-04
4.515000e+03 7.035853e-03
4.516000e+03 7.046982e-03
4.517000e+03 1.644122e-02
4.518000e+03 4.443227e-02
4.519000e+03 4.443227e-02
4.520000e+03 3.050012e-02
4.521000e+03 1.681086e-02
4.522000e+03 1.681086e-02
4.523000e+03 2.030430e-03
4.524000e+03 0.000000e+00
4.525000e+03 0.000000e+00
4.526000e+03 7.242854e-02
4.527000e+03 7.242854e-02
4.528000e+03 6.650420e-02
4.529000e+03 4.997395e-02
4.530000e+03 4.997395e-02
4.531000e+03 1.924339e-02
4.532000e+03 0.000000e+00
4.533000e+03 0.000000e+00
4.534000e+03 3.102033e-02
4.535000e+03 4.309907e-02
4.536000e+03 4.359899e-02
4.537000e+03 6.444731e-02
4.538000e+03 6.444731e-02
4.539000e+03 5.322057e-02
4.540000e+03 2.386508e-02
4.541000e+03 2.386508e-02
4.542000e+03 0.000000e+00
4.543000e+03 0.000000e+00
4.544000e+03 0.000000e+00
4.545000e+03 4.413910e-02
4.546000e+03 6.259153e-02
4.547000e+03 6.288309e-02
4.548000e+03 7.059842e-02
4.549000e+03 7.059842e-02
4.550000e+03 5.644470e-02
4.551000e+03 2.174225e-02
4.552000e+03 2.174225e-02
4.553000e+03 2.277790e-02
4.554000e+03 2.364951e-02
4.555000e+03 2.364951e-02
4.556000e+03 4.637619e-02
4.557000e+03 5.218882e-02
4.558000e+03 5.203420e-02
4.559000e+03 4.907569e-02
4.560000e+03 4.907569e-02
4.561000e+03 4.465204e-02
4.562000e+03 3.447716e-02
4.563000e+03 3.447716e-02
4.564000e+03 2.074003e-02
4.565000e+03 9.787452e-03
4.566000e+03 9.787452e-03
4.567000e+03 5.855988e-02
4.568000e+03 7.001680e-02
4.569000e+03 7.027360e-02
4.570000e+03 7.408125e-02
4.571000e+03 7.408125e-02
4.572000e+03 6.358698e-02
4.573000e+03 4.093470e-02
4.574000e+03 4.093470e-02
4.575000e+03 2.841068e-02
4.576000e+03 1.896422e-02
4.577000e+03 1.896422e-02
4.578000e+03 6.475551e-02
4.579000e+03 7.457038e-02
4.580000e+03 7.480110e-02
4.581000e+03 7.756819e-02
4.582000e+03 7.756819e-02
4.583000e+03 4.569331e-02
4.584000e+03 0.000000e+00
4.585000e+03 0.000000e+00
4.586000e+03 2.401597e-02
4.587000e+03 5.458528e-02
4.588000e+03 5.458528e-02
4.589000e+03 7.239678e-02
4.590000e+03 7.585333e-02
4.591000e+03 7.107767e-02
4.592000e+03 2.338254e-02
4.593000e+03 2.338254e-02
4.594000e+03 2.305081e-02
4.595000e+03 2.241980e-02
4.596000e+03 2.241980e-02
4.597000e+03 4.650669e-02
4.598000e+03 6.268926e-02
4.599000e+03 6.268926e-02
4.600000e+03 6.521804e-02
4.601000e+03 6.565824e-02
4.602000e+03 6.099730e-02
4.603000e+03 2.141205e-02
4.604000e+03 2.141205e-02
4.605000e+03 2.608147e-02
4.606000e+03 3.442006e-02
4.607000e+03 3.442006e-02
4.608000e+03 5.706182e-02
4.609000e+03 7.137974e-02
4.610000e+03 7.137974e-02
4.611000e+03 5.253936e-02
4.612000e+03 4.963083e-02
4.613000e+03 4.771077e-02
4.614000e+03 3.362302e-02
4.615000e+03 3.362302e-02
4.616000e+03 3.080243e-02
4.617000e+03 2.607404e-02
4.618000e+03 2.607404e-02
4.619000e+03 5.248432e-02
4.620000e+03 6.817209e-02
4.621000e+03 6.817209e-02
4.622000e+03 7.478356e-02
4.623000e+03 7.567589e-02
4.624000e+03 7.024361e-02
4.625000e+03 3.538636e-02
4.626000e+03 3.538636e-02
4.627000e+03 4.238884e-02
4.628000e+03 5.340628e-02
4.629000e+03 5.340628e-02
4.630000e+03 7.235860e-02
4.631000e+03 8.290954e-02
4.632000e+03 8.290954e-02
4.633000e+03 5.413954e-02
4.634000e+03 5.080674e-02
4.635000e+03 4.215146e-02
4.636000e+03 0.000000e+00
4.637000e+03 0.000000e+00
4.638000e+03 2.050321e-02
4.639000e+03 6.094718e-02
4.640000e+03 6.094718e-02
4.641000e+03 5.402690e-02
4.642000e+03 5.042521e-02
4.643000e+03 5.042521e-02
4.644000e+03 3.118832e-02
4.645000e+03 2.932226e-02
4.646000e+03 2.741124e-02
4.647000e+03 1.777296e-02
4.648000e+03 1.777296e-02
4.649000e+03 5.058808e-02
4.650000e+03 9.602016e-02
4.651000e+03 9.602016e-02
4.652000e+03 6.995342e-02
4.653000e+03 5.730570e-02
4.654000e+03 5.730570e-02
4.655000e+03 4.632642e-02
4.656000e+03 4.546511e-02
4.657000e+03 4.395568e-02
4.658000e+03 3.713607e-02
4.659000e+03 3.713607e-02
4.660000e+03 5.013840e-02
4.661000e+03 6.701211e-02
4.662000e+03 6.701211e-02
4.663000e+03 5.608722e-02
4.664000e+03 5.116089e-02
4.665000e+03 5.116089e-02
4.666000e+03 2.990063e-02
4.667000e+03 2.862125e-02
4.668000e+03 3.485811e-02
4.669000e+03 6.023543e-02
4.670000e+03 6.023543e-02
4.671000e+03 8.109106e-02
4.672000e+03 1.064436e-01
4.673000e+03 1.064436e-01
4.674000e+03 7.290970e-02
4.675000e+03 5.890623e-02
4.676000e+03 5.890623e-02
4.677000e+03 2.456057e-02
4.678000e+03 2.311168e-02
4.679000e+03 2.955281e-02
4.680000e+03 5.326121e-02
4.681000e+03 5.326121e-02
4.682000e+03 6.939269e-02
4.683000e+03 8.774664e-02
4.684000e+03 8.774664e-02
4.685000e+03 3.349576e-02
4.686000e+03 1.260001e-02
4.687000e+03 1.260001e-02
4.688000e+03 4.732429e-02
4.689000e+03 4.817412e-02
4.690000e+03 5.477988e-02
4.691000e+03 7.685673e-02
4.692000e+03 7.685673e-02
4.693000e+03 6.216918e-02
4.694000e+03 4.654311e-02
4.695000e+03 4.654311e-02
4.696000e+03 3.806639e-02
4.697000e+03 3.506877e-02
4.698000e+03 3.506877e-02
4.699000e+03 3.630355e-02
4.700000e+03 3.631224e-02
4.701000e+03 4.976590e-02
4.702000e+03 9.071833e-02
4.703000e+03 9.071833e-02
4.704000e+03 7.161275e-02
4.705000e+03 5.262717e-02
4.706000e+03 5.262717e-02
4.707000e+03 2.982063e-02
4.708000e+03 2.245535e-02
4.709000e+03 2.272490e-02
4.710000e+03 4.882309e-02
4.711000e+03 4.882309e-02
4.712000e+03 5.815063e-02
4.713000e+03 8.407801e-02
4.714000e+03 8.407801e-02
4.715000e+03 8.841732e-02
4.716000e+03 9.243978e-02
4.717000e+03 9.243978e-02
4.718000e+03 3.128675e-02
4.719000e+03 1.336323e-02
4.720000e+03 1.443392e-02
4.721000e+03 5.194138e-02
4.722000e+03 5.194138e-02
4.723000e+03 5.620744e-02
4.724000e+03 6.705933e-02
4.725000e+03 6.705933e-02
4.726000e+03 4.059884e-02
4.727000e+03 1.775143e-02
4.728000e+03 1.775143e-02
4.729000e+03 0.000000e+00
4.730000e+03 0.000000e+00
4.731000e+03 0.000000e+00
4.732000e+03 8.151116e-02
4.733000e+03 8.151116e-02
4.734000e+03 7.170837e-02
4.735000e+03 4.884817e-02
4.736000e+03 4.884817e-02
4.737000e+03 1.898738e-02
4.738000e+03 0.000000e+00
4.739000e+03 0.000000e+00
4.740000e+03 1.470494e-02
4.741000e+03 1.934818e-02
4.742000e+03 2.436723e-02
4.743000e+03 9.803426e-02
4.744000e+03 9.803426e-02
4.745000e+03 8.165488e-02
4.746000e+03 4.658839e-02
4.747000e+03 4.658839e-02
4.748000e+03 2.685957e-02
4.749000e+03 1.215751e-02
4.750000e+03 1.215751e-02
4.751000e+03 4.069663e-02
4.752000e+03 4.664020e-02
4.753000e+03 4.798924e-02
4.754000e+03 6.303280e-02
4.755000e+03 6.303280e-02
4.756000e+03 6.150230e-02
4.757000e+03 5.849090e-02
4.758000e+03 5.849090e-02
4.759000e+03 2.975136e-02
4.760000e+03 9.917624e-03
4.761000e+03 9.917624e-03
4.762000e+03 4.491600e-02
4.763000e+03 5.126749e-02
4.764000e+03 5.099805e-02
4.765000e+03 4.860351e-02
4.766000e+03 4.860351e-02
4.767000e+03 3.057543e-02
4.768000e+03 0.000000e+00
4.769000e+03 0.000000e+00
4.770000e+03 0.000000e+00
4.771000e+03 0.000000e+00
4.772000e+03 0.000000e+00
4.773000e+03 4.681200e-02
4.774000e+03 5.516060e-02
4.775000e+03 5.419867e-02
4.776000e+03 4.716597e-02
4.777000e+03 4.716597e-02
4.778000e+03 3.565846e-02
4.779000e+03 1.649315e-02
4.780000e+03 1.649315e-02
4.781000e+03 1.415729e-02
4.782000e+03 1.278568e-02
4.783000e+03 1.278568e-02
4.784000e+03 2.948473e-02
4.785000e+03 3.165608e-02
4.786000e+03 3.280653e-02
4.787000e+03 3.988257e-02
4.788000e+03 3.988257e-02
4.789000e+03 1.911151e-02
4.790000e+03 0.000000e+00
4.791000e+03 0.000000e+00
4.792000e+03 0.000000e+00
4.793000e+03 9.565829e-04
4.794000e+03 9.565829e-04
4.795000e+03 6.879764e-02
4.796000e+03 7.594243e-02
4.797000e+03 7.031561e-02
4.798000e+03 4.071286e-02
4.799000e+03 4.071286e-02
4.800000e+03 3.437403e-02
4.801000e+03 2.542900e-02
4.802000e+03 2.542900e-02
4.803000e+03 5.705780e-02
4.804000e+03 7.265132e-02
4.805000e+03 7.265132e-02
4.806000e+03 7.323241e-02
4.807000e+03 7.327962e-02
4.808000e+03 5.941099e-02
4.809000e+03 0.000000e+00
4.810000e+03 0.000000e+00
4.811000e+03 0.000000e+00
4.812000e+03 4.912993e-03
4.813000e+03 4.912993e-03
4.814000e+03 4.653900e-02
4.815000e+03 6.522442e-02
4.816000e+03 6.522442e-02
4.817000e+03 6.674397e-02
4.818000e+03 6.683183e-02
4.819000e+03 6.181079e-02
4.820000e+03 4.179151e-02
4.821000e+03 4.179151e-02
4.822000e+03 2.559765e-02
4.823000e+03 6.256637e-03
4.824000e+03 6.256637e-03
4.825000e+03 4.585579e-02
4.826000e+03 6.195630e-02
4.827000e+03 6.195630e-02
4.828000e+03 6.790546e-02
4.829000e+03 6.811365e-02
4.830000e+03 5.441928e-02
4.831000e+03 6.275240e-03
4.832000e+03 6.275240e-03
4.833000e+03 7.003822e-03
4.834000e+03 7.803486e-03
4.835000e+03 7.803486e-03
4.836000e+03 3.931064e-02
4.837000e+03 5.084264e-02
4.838000e+03 5.084264e-02
4.839000e+03 3.950566e-02
4.840000e+03 3.936094e-02
4.841000e+03 3.707360e-02
4.842000e+03 2.993845e-02
4.843000e+03 2.993845e-02
4.844000e+03 4.685522e-02
4.845000e+03 6.389870e-02
4.846000e+03 6.389870e-02
4.847000e+03 5.870625e-02
4.848000e+03 5.700795e-02
4.849000e+03 5.664018e-02
4.850000e+03 1.600563e-02
4.851000e+03 1.600563e-02
4.852000e+03 1.692834e-02
4.853000e+03 1.949521e-02
4.854000e+03 1.949521e-02
4.855000e+03 4.074154e-02
4.856000e+03 6.036195e-02
4.857000e+03 6.036195e-02
4.858000e+03 5.493624e-02
4.859000e+03 5.336456e-02
4.860000e+03 5.180073e-02
4.861000e+03 2.777038e-03
4.862000e+03 2.777038e-03
4.863000e+03 9.964917e-03
4.864000e+03 2.786946e-02
4.865000e+03 2.786946e-02
4.866000e+03 6.136619e-02
4.867000e+03 8.966885e-02
4.868000e+03 8.966885e-02
4.869000e+03 7.555065e-02
4.870000e+03 7.196835e-02
4.871000e+03 6.945608e-02
4.872000e+03 2.477308e-02
4.873000e+03 2.477308e-02
4.874000e+03 2.813724e-02
4.875000e+03 3.566496e-02
4.876000e+03 3.566496e-02
4.877000e+03 4.849717e-02
4.878000e+03 5.839574e-02
4.879000e+03 5.839574e-02
4.880000e+03 4.977169e-02
4.881000e+03 4.788139e-02
4.882000e+03 4.262569e-02
4.883000e+03 0.000000e+00
4.884000e+03 0.000000e+00
4.885000e+03 5.308509e-03
4.886000e+03 5.900606e-02
4.887000e+03 5.900606e-02
4.888000e+03 6.381492e-02
4.889000e+03 6.719251e-02
4.890000e+03 6.719251e-02
4.891000e+03 3.753148e-02
4.892000e+03 3.201576e-02
4.893000e+03 2.871163e-02
4.894000e+03 0.000000e+00
4.895000e+03 0.000000e+00
4.896000e+03 2.340137e-02
4.897000e+03 6.841802e-02
4.898000e+03 6.841802e-02
4.899000e+03 7.935055e-02
4.900000e+03 8.631999e-02
4.901000e+03 8.631999e-02
4.902000e+03 4.200074e-02
4.903000e+03 3.517656e-02
4.904000e+03 4.016047e-02
4.905000e+03 7.587127e-02
4.906000e+03 7.587127e-02
4.907000e+03 7.596193e-02
4.908000e+03 7.611085e-02
4.909000e+03 7.611085e-02
4.910000e+03 6.759429e-02
4.911000e+03 6.268515e-02
4.912000e+03 6.268515e-02
4.913000e+03 2.341425e-02
4.914000e+03 1.857667e-02
4.915000e+03 3.090044e-02
4.916000e+03 1.027982e-01
4.917000e+03 1.027982e-01
4.918000e+03 1.004439e-01
4.919000e+03 9.694696e-02
4.920000e+03 9.694696e-02
4.921000e+03 7.570515e-02
4.922000e+03 6.468420e-02
4.923000e+03 6.468420e-02
4.924000e+03 5.492240e-02
4.925000e+03 5.400946e-02
4.926000e+03 6.094990e-02
4.927000e+03 9.469790e-02
4.928000e+03 9.469790e-02
4.929000e+03 9.430945e-02
4.930000e+03 9.378755e-02
4.931000e+03 9.378755e-02
4.932000e+03 6.360846e-02
4.933000e+03 4.959167e-02
4.934000e+03 4.959167e-02
4.935000e+03 3.719860e-02
4.936000e+03 3.639386e-02
4.937000e+03 5.163218e-02
4.938000e+03 1.144497e-01
4.939000e+03 1.144497e-01
4.940000e+03 1.093712e-01
4.941000e+03 1.032004e-01
4.942000e+03 1.032004e-01
4.943000e+03 4.945549e-02
4.944000e+03 2.725709e-02
4.945000e+03 2.725709e-02
4.946000e+03 7.975170e-02
4.947000e+03 8.171352e-02
4.948000e+03 7.635672e-02
4.949000e+03 5.739470e-02
4.950000e+03 5.739470e-02
4.951000e+03 6.555303e-02
4.952000e+03 7.451249e-02
4.953000e+03 7.451249e-02
4.954000e+03 4.419390e-02
4.955000e+03 3.314740e-02
4.956000e+03 3.314740e-02
4.957000e+03 8.508460e-02
4.958000e+03 8.564475e-02
4.959000e+03 7.944766e-02
4.960000e+03 6.042571e-02
4.961000e+03 6.042571e-02
4.962000e+03 4.615160e-02
4.963000e+03 3.200021e-02
4.964000e+03 3.200021e-02
4.965000e+03 1.016647e-02
4.966000e+03 3.219085e-03
4.967000e+03 3.948204e-03
4.968000e+03 5.152181e-02
4.969000e+03 5.152181e-02
4.970000e+03 5.758425e-02
4.971000e+03 7.384314e-02
4.972000e+03 7.384314e-02
4.973000e+03 4.144497e-02
4.974000e+03 1.249807e-02
4.975000e+03 1.249807e-02
4.976000e+03 8.125687e-03
4.977000e+03 6.925943e-03
4.978000e+03 1.041836e-02
4.979000e+03 9.154307e-02
4.980000e+03 9.154307e-02
4.981000e+03 9.514733e-02
4.982000e+03 1.036427e-01
4.983000e+03 1.036427e-01
4.984000e+03 5.319288e-02
4.985000e+03 1.266291e-02
4.986000e+03 1.266291e-02
4.987000e+03 4.484792e-02
4.988000e+03 5.233969e-02
4.989000e+03 5.430880e-02
4.990000e+03 8.135285e-02
4.991000e+03 8.135285e-02
4.992000e+03 7.017398e-02
4.993000e+03 4.691208e-02
4.994000e+03 4.691208e-02
4.995000e+03 5.248502e-02
4.996000e+03 5.649871e-02
4.997000e+03 5.649871e-02
4.998000e+03 3.249384e-02
4.999000e+03 2.785644e-02
5.000000e+03 3.022209e-02
5.001000e+03 5.278764e-02
5.002000e+03 5.278764e-02
5.003000e+03 4.703033e-02
5.004000e+03 3.641801e-02
5.005000e+03 3.641801e-02
5.006000e+03 4.223348e-02
5.007000e+03 4.597422e-02
5.008000e+03 4.597422e-02
5.009000e+03 5.016637e-02
5.010000e+03 5.081823e-02
5.011000e+03 5.373527e-02
5.012000e+03 7.466368e-02
5.013000e+03 7.466368e-02
5.014000e+03 6.945151e-02
5.015000e+03 6.092060e-02
5.016000e+03 6.092060e-02
5.017000e+03 4.873203e-02
5.018000e+03 4.176258e-02
5.019000e+03 4.176258e-02
5.020000e+03 9.200368e-02
5.021000e+03 9.801127e-02
5.022000e+03 8.997113e-02
5.023000e+03 4.448331e-02
5.024000e+03 4.448331e-02
5.025000e+03 3.449386e-02
5.026000e+03 1.995363e-02
5.027000e+03 1.995363e-02
5.028000e+03 5.120114e-02
5.029000e+03 6.699167e-02
5.030000e+03 6.699167e-02
5.031000e+03 7.724231e-02
5.032000e+03 7.811680e-02
5.033000e+03 7.686431e-02
5.034000e+03 7.110055e-02
5.035000e+03 7.110055e-02
5.036000e+03 5.121600e-02
5.037000e+03 2.545780e-02
5.038000e+03 2.545780e-02
5.039000e+03 4.451985e-02
5.040000e+03 5.297113e-02
5.041000e+03 5.297113e-02
5.042000e+03 4.825396e-02
5.043000e+03 4.800585e-02
5.044000e+03 4.759942e-02
5.045000e+03 4.604487e-02
5.046000e+03 4.604487e-02
5.047000e+03 4.418722e-02
5.048000e+03 4.204573e-02
5.049000e+03 4.204573e-02
5.050000e+03 3.922520e-02
5.051000e+03 3.813807e-02
5.052000e+03 3.813807e-02
5.053000e+03 4.811174e-02
5.054000e+03 4.832456e-02
5.055000e+03 3.770631e-02
5.056000e+03 3.416711e-03
5.057000e+03 3.416711e-03
5.058000e+03 1.996122e-02
5.059000e+03 3.692044e-02
5.060000e+03 3.692044e-02
5.061000e+03 6.209200e-02
5.062000e+03 7.042863e-02
5.063000e+03 7.016583e-02
5.064000e+03 3.997827e-02
5.065000e+03 3.997827e-02
5.066000e+03 4.443327e-02
5.067000e+03 5.672141e-02
5.068000e+03 5.672141e-02
5.069000e+03 2.816596e-02
5.070000e+03 2.180172e-03
5.071000e+03 2.180172e-03
5.072000e+03 4.496834e-02
5.073000e+03 5.696203e-02
5.074000e+03 5.753196e-02
5.075000e+03 7.172677e-02
5.076000e+03 7.172677e-02
5.077000e+03 5.722667e-02
5.078000e+03 2.276687e-02
5.079000e+03 2.276687e-02
5.080000e+03 4.501314e-02
5.081000e+03 6.294043e-02
5.082000e+03 6.294043e-02
5.083000e+03 1.059532e-01
5.084000e+03 1.159527e-01
5.085000e+03 1.093231e-01
5.086000e+03 1.990710e-02
5.087000e+03 1.990710e-02
5.088000e+03 2.816668e-02
5.089000e+03 4.518892e-02
5.090000e+03 4.518892e-02
5.091000e+03 8.079619e-02
5.092000e+03 1.061179e-01
5.093000e+03 1.061179e-01
5.094000e+03 1.061031e-01
5.095000e+03 1.061003e-01
5.096000e+03 1.007611e-01
5.097000e+03 5.265846e-02
5.098000e+03 5.265846e-02
5.099000e+03 5.669632e-02
5.100000e+03 6.394698e-02
5.101000e+03 6.394698e-02
5.102000e+03 5.997753e-02
5.103000e+03 5.749802e-02
5.104000e+03 5.749802e-02
5.105000e+03 5.711635e-02
5.106000e+03 5.706101e-02
5.107000e+03 5.768726e-02
5.108000e+03 6.183248e-02
5.109000e+03 6.183248e-02
5.110000e+03 4.997789e-02
5.111000e+03 3.137009e-02
5.112000e+03 3.137009e-02
5.113000e+03 6.357333e-02
5.114000e+03 8.113616e-02
5.115000e+03 8.113616e-02
5.116000e+03 5.283246e-02
5.117000e+03 4.986344e-02
5.118000e+03 4.413772e-02
5.119000e+03 1.474830e-02
5.120000e+03 1.474830e-02
5.121000e+03 3.024257e-02
5.122000e+03 5.154486e-02
5.123000e+03 5.154486e-02
5.124000e+03 6.884898e-02
5.125000e+03 7.702453e-02
5.126000e+03 7.702453e-02
5.127000e+03 6.702792e-02
5.128000e+03 6.635829e-02
5.129000e+03 6.219947e-02
5.130000e+03 4.506726e-02
5.131000e+03 4.506726e-02
5.132000e+03 6.398487e-02
5.133000e+03 8.678431e-02
5.134000e+03 8.678431e-02
5.135000e+03 1.009400e-01
5.136000e+03 1.066758e-01
5.137000e+03 1.066758e-01
5.138000e+03 5.978711e-02
5.139000e+03 5.832955e-02
5.140000e+03 6.243029e-02
5.141000e+03 7.630879e-02
5.142000e+03 7.630879e-02
5.143000e+03 8.850334e-02
5.144000e+03 1.013827e-01
5.145000e+03 1.013827e-01
5.146000e+03 7.011775e-02
5.147000e+03 5.939579e-02
5.148000e+03 5.931999e-02
5.149000e+03 3.378585e-02
5.150000e+03 3.378585e-02
5.151000e+03 3.281660e-02
5.152000e+03 3.007664e-02
5.153000e+03 3.007664e-02
5.154000e+03 4.913520e-02
5.155000e+03 6.674953e-02
5.156000e+03 6.674953e-02
5.157000e+03 5.187727e-02
5.158000e+03 4.763606e-02
5.159000e+03 4.756138e-02
5.160000e+03 4.559273e-02
5.161000e+03 4.559273e-02
5.162000e+03 5.641555e-02
5.163000e+03 8.227800e-02
5.164000e+03 8.227800e-02
5.165000e+03 8.197542e-02
5.166000e+03 8.173135e-02
5.167000e+03 8.173135e-02
5.168000e+03 6.261822e-02
5.169000e+03 5.819460e-02
5.170000e+03 5.567310e-02
5.171000e+03 2.248920e-02
5.172000e+03 2.248920e-02
5.173000e+03 3.287722e-02
5.174000e+03 5.404339e-02
5.175000e+03 5.404339e-02
5.176000e+03 4.357440e-02
5.177000e+03 3.623405e-02
5.178000e+03 3.623405e-02
5.179000e+03 1.479535e-02
5.180000e+03 1.090757e-02
5.181000e+03 7.937649e-03
5.182000e+03 0.000000e+00
5.183000e+03 0.000000e+00
5.184000e+03 1.287650e-02
5.185000e+03 6.567696e-02
5.186000e+03 6.567696e-02
5.187000e+03 5.555625e-02
5.188000e+03 4.942253e-02
5.189000e+03 4.942253e-02
5.190000e+03 4.026455e-02
5.191000e+03 3.903254e-02
5.192000e+03 4.058299e-02
5.193000e+03 5.008878e-02
5.194000e+03 5.008878e-02
5.195000e+03 5.917405e-02
5.196000e+03 7.285474e-02
5.197000e+03 7.285474e-02
5.198000e+03 7.002802e-02
5.199000e+03 6.855845e-02
5.200000e+03 6.855845e-02
5.201000e+03 2.933683e-02
5.202000e+03 2.577973e-02
5.203000e+03 2.793511e-02
5.204000e+03 3.804140e-02
5.205000e+03 3.804140e-02
5.206000e+03 4.499067e-02
5.207000e+03 5.402606e-02
5.208000e+03 5.402606e-02
5.209000e+03 5.125976e-02
5.210000e+03 5.003856e-02
5.211000e+03 5.003856e-02
5.212000e+03 1.947893e-02
5.213000e+03 1.796418e-02
5.214000e+03 3.026198e-02
5.215000e+03 7.601869e-02
5.216000e+03 7.601869e-02
5.217000e+03 8.096058e-02
5.218000e+03 8.651276e-02
5.219000e+03 8.651276e-02
5.220000e+03 4.548367e-02
5.221000e+03 3.031204e-02
5.222000e+03 3.031204e-02
5.223000e+03 3.000038e-02
5.224000e+03 2.999698e-02
5.225000e+03 5.745385e-02
5.226000e+03 1.405380e-01
5.227000e+03 1.405380e-01
5.228000e+03 1.150078e-01
5.229000e+03 9.024240e-02
5.230000e+03 9.024240e-02
5.231000e+03 4.467670e-02
5.232000e+03 3.082339e-02
5.233000e+03 3.250420e-02
5.234000e+03 9.513039e-02
5.235000e+03 9.513039e-02
5.236000e+03 1.027957e-01
5.237000e+03 1.219838e-01
5.238000e+03 1.219838e-01
5.239000e+03 1.002216e-01
5.240000e+03 8.203811e-02
5.241000e+03 8.203811e-02
5.242000e+03 6.017038e-02
5.243000e+03 5.484528e-02
5.244000e+03 5.635770e-02
5.245000e+03 7.863156e-02
5.246000e+03 7.863156e-02
5.247000e+03 8.405832e-02
5.248000e+03 9.543143e-02
5.249000e+03 9.543143e-02
5.250000e+03 7.854912e-02
5.251000e+03 6.644883e-02
5.252000e+03 6.644883e-02
5.253000e+03 8.201404e-02
5.254000e+03 8.493469e-02
5.255000e+03 8.456492e-02
5.256000e+03 8.129332e-02
5.257000e+03 8.129332e-02
5.258000e+03 8.846552e-02
5.259000e+03 1.011546e-01
5.260000e+03 1.011546e-01
5.261000e+03 7.654118e-02
5.262000e+03 6.150159e-02
5.263000e+03 6.150159e-02
5.264000e+03 5.438619e-02
5.265000e+03 5.341920e-02
5.266000e+03 5.668829e-02
5.267000e+03 7.676533e-02
5.268000e+03 7.676533e-02
5.269000e+03 7.839839e-02
5.270000e+03 8.085077e-02
5.271000e+03 8.085077e-02
5.272000e+03 6.345882e-02
5.273000e+03 5.447786e-02
5.274000e+03 5.447786e-02
5.275000e+03 9.031345e-02
5.276000e+03 9.346212e-02
5.277000e+03 9.363378e-02
5.278000e+03 9.442096e-02
5.279000e+03 9.442096e-02
5.280000e+03 7.602434e-02
5.281000e+03 5.250227e-02
5.282000e+03 5.250227e-02
5.283000e+03 2.334041e-02
5.284000e+03 1.076683e-02
5.285000e+03 1.076683e-02
5.286000e+03 5.624654e-02
5.287000e+03 5.820908e-02
5.288000e+03 6.603932e-02
5.289000e+03 9.403486e-02
5.290000e+03 9.403486e-02
5.291000e+03 9.036377e-02
5.292000e+03 8.636326e-02
5.293000e+03 8.636326e-02
5.294000e+03 6.619936e-02
5.295000e+03 5.906049e-02
5.296000e+03 5.906049e-02
5.297000e+03 6.818182e-02
5.298000e+03 6.819493e-02
5.299000e+03 7.243731e-02
5.300000e+03 8.459832e-02
5.301000e+03 8.459832e-02
5.302000e+03 6.998673e-02
5.303000e+03 5.643017e-02
5.304000e+03 5.643017e-02
5.305000e+03 7.388587e-02
5.306000e+03 7.884200e-02
5.307000e+03 8.084560e-02
5.308000e+03 1.301777e-01
5.309000e+03 1.301777e-01
5.310000e+03 1.256952e-01
5.311000e+03 1.151974e-01
5.312000e+03 1.151974e-01
5.313000e+03 9.905853e-02
5.314000e+03 8.635027e-02
5.315000e+03 8.635027e-02
5.316000e+03 8.546291e-02
5.317000e+03 8.526777e-02
5.318000e+03 8.523405e-02
5.319000e+03 8.484641e-02
5.320000e+03 8.484641e-02
5.321000e+03 8.623371e-02
5.322000e+03 8.892231e-02
5.323000e+03 8.892231e-02
5.324000e+03 8.185353e-02
5.325000e+03 7.715545e-02
5.326000e+03 7.715545e-02
5.327000e+03 7.243499e-02
5.328000e+03 7.167382e-02
5.329000e+03 8.008909e-02
5.330000e+03 1.408904e-01
5.331000e+03 1.408904e-01
5.332000e+03 1.121100e-01
5.333000e+03 6.555864e-02
5.334000e+03 6.555864e-02
5.335000e+03 5.705351e-02
5.336000e+03 5.232223e-02
5.337000e+03 5.232223e-02
5.338000e+03 9.907397e-02
5.339000e+03 1.040905e-01
5.340000e+03 1.007786e-01
5.341000e+03 8.385594e-02
5.342000e+03 8.385594e-02
5.343000e+03 7.380419e-02
5.344000e+03 6.016458e-02
5.345000e+03 6.016458e-02
5.346000e+03 5.650006e-02
5.347000e+03 5.481431e-02
5.348000e+03 5.481431e-02
5.349000e+03 1.303028e-01
5.350000e+03 1.346453e-01
5.351000e+03 1.295915e-01
5.352000e+03 1.101496e-01
5.353000e+03 1.101496e-01
5.354000e+03 1.065544e-01
5.355000e+03 1.024521e-01
5.356000e+03 1.024521e-01
5.357000e+03 1.056398e-01
5.358000e+03 1.068318e-01
5.359000e+03 1.068318e-01
5.360000e+03 1.340241e-01
5.361000e+03 1.343360e-01
5.362000e+03 1.218049e-01
5.363000e+03 8.411363e-02
5.364000e+03 8.411363e-02
5.365000e+03 7.866840e-02
5.366000e+03 7.344502e-02
5.367000e+03 7.344502e-02
5.368000e+03 9.476614e-02
5.369000e+03 1.010874e-01
5.370000e+03 1.016727e-01
5.371000e+03 1.192191e-01
5.372000e+03 1.192191e-01
5.373000e+03 1.104475e-01
5.374000e+03 8.930919e-02
5.375000e+03 8.930919e-02
5.376000e+03 7.458338e-02
5.377000e+03 6.274239e-02
5.378000e+03 6.274239e-02
5.379000e+03 1.229599e-01
5.380000e+03 1.365966e-01
5.381000e+03 1.365578e-01
5.382000e+03 1.360894e-01
5.383000e+03 1.360894e-01
5.384000e+03 1.056304e-01
5.385000e+03 4.586336e-02
5.386000e+03 4.586336e-02
5.387000e+03 8.179739e-02
5.388000e+03 1.058781e-01
5.389000e+03 1.058781e-01
5.390000e+03 1.103798e-01
5.391000e+03 1.111129e-01
5.392000e+03 1.041046e-01
5.393000e+03 5.328777e-02
5.394000e+03 5.328777e-02
5.395000e+03 6.225562e-02
5.396000e+03 7.673492e-02
5.397000e+03 7.673492e-02
5.398000e+03 5.076625e-02
5.399000e+03 3.639717e-02
5.400000e+03 3.639717e-02
5.401000e+03 1.393633e-01
5.402000e+03 1.501557e-01
5.403000e+03 1.437561e-01
5.404000e+03 1.117216e-01
5.405000e+03 1.117216e-01
5.406000e+03 9.614489e-02
5.407000e+03 7.532111e-02
5.408000e+03 7.532111e-02
5.409000e+03 9.608769e-02
5.410000e+03 1.054447e-01
5.411000e+03 1.054447e-01
5.412000e+03 1.074301e-01
5.413000e+03 1.075326e-01
5.414000e+03 1.077510e-01
5.415000e+03 1.085607e-01
5.416000e+03 1.085607e-01
5.417000e+03 1.058014e-01
5.418000e+03 1.027388e-01
5.419000e+03 1.027388e-01
5.420000e+03 1.090321e-01
5.421000e+03 1.112947e-01
5.422000e+03 1.112947e-01
5.423000e+03 1.490562e-01
5.424000e+03 1.491626e-01
5.425000e+03 1.363358e-01
5.426000e+03 9.961110e-02
5.427000e+03 9.961110e-02
5.428000e+03 6.865281e-02
5.429000e+03 4.014036e-02
5.430000e+03 4.014036e-02
5.431000e+03 1.106171e-01
5.432000e+03 1.302287e-01
5.433000e+03 1.295489e-01
5.434000e+03 1.148097e-01
5.435000e+03 1.148097e-01
5.436000e+03 1.073066e-01
5.437000e+03 9.028201e-02
5.438000e+03 9.028201e-02
5.439000e+03 1.207796e-01
5.440000e+03 1.439982e-01
5.441000e+03 1.439982e-01
5.442000e+03 1.264595e-01
5.443000e+03 1.228582e-01
5.444000e+03 1.240149e-01
5.445000e+03 1.354905e-01
5.446000e+03 1.354905e-01
5.447000e+03 1.213627e-01
5.448000e+03 9.552868e-02
5.449000e+03 9.552868e-02
5.450000e+03 8.646446e-02
5.451000e+03 8.080282e-02
5.452000e+03 8.080282e-02
5.453000e+03 1.147583e-01
5.454000e+03 1.194956e-01
5.455000e+03 1.149491e-01
5.456000e+03 8.693787e-02
5.457000e+03 8.693787e-02
5.458000e+03 4.925661e-02
5.459000e+03 0.000000e+00
5.460000e+03 0.000000e+00
5.461000e+03 5.430093e-02
5.462000e+03 8.526147e-02
5.463000e+03 8.526147e-02
5.464000e+03 8.656279e-02
5.465000e+03 8.666666e-02
5.466000e+03 7.954843e-02
5.467000e+03 4.886499e-02
5.468000e+03 4.886499e-02
5.469000e+03 5.129357e-02
5.470000e+03 5.425510e-02
5.471000e+03 5.425510e-02
5.472000e+03 1.022905e-01
5.473000e+03 1.216393e-01
5.474000e+03 1.216393e-01
5.475000e+03 6.284547e-02
5.476000e+03 6.134999e-02
5.477000e+03 7.172970e-02
5.478000e+03 1.050423e-01
5.479000e+03 1.050423e-01
5.480000e+03 1.060124e-01
5.481000e+03 1.069826e-01
5.482000e+03 1.069826e-01
5.483000e+03 8.493689e-02
5.484000e+03 7.806711e-02
5.485000e+03 7.860398e-02
5.486000e+03 9.962410e-02
5.487000e+03 9.962410e-02
5.488000e+03 9.179798e-02
5.489000e+03 7.239558e-02
5.490000e+03 7.239558e-02
5.491000e+03 6.624950e-02
5.492000e+03 6.122051e-02
5.493000e+03 6.122051e-02
5.494000e+03 1.015353e-01
5.495000e+03 1.108338e-01
5.496000e+03 1.088795e-01
5.497000e+03 8.485198e-02
5.498000e+03 8.485198e-02
5.499000e+03 7.833739e-02
5.500000e+03 6.557162e-02
5.501000e+03 6.557162e-02
5.502000e+03 9.175173e-02
5.503000e+03 1.091617e-01
5.504000e+03 1.091617e-01
5.505000e+03 9.537998e-02
5.506000e+03 9.319860e-02
5.507000e+03 8.601953e-02
5.508000e+03 3.628319e-02
5.509000e+03 3.628319e-02
5.510000e+03 3.106831e-02
5.511000e+03 2.287593e-02
5.512000e+03 2.287593e-02
5.513000e+03 9.534663e-02
5.514000e+03 1.340575e-01
5.515000e+03 1.340575e-01
5.516000e+03 1.170398e-01
5.517000e+03 1.154533e-01
5.518000e+03 1.035454e-01
5.519000e+03 4.842893e-02
5.520000e+03 4.842893e-02
5.521000e+03 6.075022e-02
5.522000e+03 7.639098e-02
5.523000e+03 7.639098e-02
5.524000e+03 8.858422e-02
5.525000e+03 9.371927e-02
5.526000e+03 9.371927e-02
5.527000e+03 9.990583e-02
5.528000e+03 1.001188e-01
5.529000e+03 8.224674e-02
5.530000e+03 2.235037e-02
5.531000e+03 2.235037e-02
5.532000e+03 5.081279e-02
5.533000e+03 8.009011e-02
5.534000e+03 8.009011e-02
5.535000e+03 1.152974e-01
5.536000e+03 1.266535e-01
5.537000e+03 1.256273e-01
5.538000e+03 7.356610e-02
5.539000e+03 7.356610e-02
5.540000e+03 6.975383e-02
5.541000e+03 6.007495e-02
5.542000e+03 6.007495e-02
5.543000e+03 8.333624e-02
5.544000e+03 1.026887e-01
5.545000e+03 1.026887e-01
5.546000e+03 1.128543e-01
5.547000e+03 1.152514e-01
5.548000e+03 1.095221e-01
5.549000e+03 3.629243e-02
5.550000e+03 3.629243e-02
5.551000e+03 5.146768e-02
5.552000e+03 8.146178e-02
5.553000e+03 8.146178e-02
5.554000e+03 8.732661e-02
5.555000e+03 9.124615e-02
5.556000e+03 9.124615e-02
5.557000e+03 8.667752e-02
5.558000e+03 8.595160e-02
5.559000e+03 8.299315e-02
5.560000e+03 6.254925e-02
5.561000e+03 6.254925e-02
5.562000e+03 5.689769e-02
5.563000e+03 4.805724e-02
5.564000e+03 4.805724e-02
5.565000e+03 1.107172e-01
5.566000e+03 1.439291e-01
5.567000e+03 1.439291e-01
5.568000e+03 9.120456e-02
5.569000e+03 8.644635e-02
5.570000e+03 8.032287e-02
5.571000e+03 5.259696e-02
5.572000e+03 5.259696e-02
5.573000e+03 7.228343e-02
5.574000e+03 9.687371e-02
5.575000e+03 9.687371e-02
5.576000e+03 1.099679e-01
5.577000e+03 1.153582e-01
5.578000e+03 1.153582e-01
5.579000e+03 5.331918e-02
5.580000e+03 5.154431e-02
5.581000e+03 5.652484e-02
5.582000e+03 7.264607e-02
5.583000e+03 7.264607e-02
5.584000e+03 9.398265e-02
5.585000e+03 1.153275e-01
5.586000e+03 1.153275e-01
5.587000e+03 9.843907e-02
5.588000e+03 9.321714e-02
5.589000e+03 9.260265e-02
5.590000e+03 7.110175e-02
5.591000e+03 7.110175e-02
5.592000e+03 7.541725e-02
5.593000e+03 8.589182e-02
5.594000e+03 8.589182e-02
5.595000e+03 9.635179e-02
5.596000e+03 1.047107e-01
5.597000e+03 1.047107e-01
5.598000e+03 7.536288e-02
5.599000e+03 6.891647e-02
5.600000e+03 6.683009e-02
5.601000e+03 4.408601e-02
5.602000e+03 4.408601e-02
5.603000e+03 5.104993e-02
5.604000e+03 6.408673e-02
5.605000e+03 6.408673e-02
5.606000e+03 7.951002e-02
5.607000e+03 8.927239e-02
5.608000e+03 8.927239e-02
5.609000e+03 6.879271e-02
5.610000e+03 6.591048e-02
5.611000e+03 6.565325e-02
5.612000e+03 6.408499e-02
5.613000e+03 6.408499e-02
5.614000e+03 7.252341e-02
5.615000e+03 8.490881e-02
5.616000e+03 8.490881e-02
5.617000e+03 9.698698e-02
5.618000e+03 1.029469e-01
5.619000e+03 1.029469e-01
5.620000e+03 8.247270e-02
5.621000e+03 8.102587e-02
5.622000e+03 7.041323e-02
5.623000e+03 2.754582e-02
5.624000e+03 2.754582e-02
5.625000e+03 5.459736e-02
5.626000e+03 8.598195e-02
5.627000e+03 8.598195e-02
5.628000e+03 9.437544e-02
5.629000e+03 9.752017e-02
5.630000e+03 9.752017e-02
5.631000e+03 1.109540e-01
5.632000e+03 1.110620e-01
5.633000e+03 1.009503e-01
5.634000e+03 7.165937e-02
5.635000e+03 7.165937e-02
5.636000e+03 9.318730e-02
5.637000e+03 1.129580e-01
5.638000e+03 1.129580e-01
5.639000e+03 6.812654e-02
5.640000e+03 5.591799e-02
5.641000e+03 5.416396e-02
5.642000e+03 2.132035e-02
5.643000e+03 2.132035e-02
5.644000e+03 3.877126e-02
5.645000e+03 7.663789e-02
5.646000e+03 7.663789e-02
5.647000e+03 8.666156e-02
5.648000e+03 9.391171e-02
5.649000e+03 9.391171e-02
5.650000e+03 6.393007e-02
5.651000e+03 5.843625e-02
5.652000e+03 5.606453e-02
5.653000e+03 3.688184e-02
5.654000e+03 3.688184e-02
5.655000e+03 5.657754e-02
5.656000e+03 8.940795e-02
5.657000e+03 8.940795e-02
5.658000e+03 1.091824e-01
5.659000e+03 1.203080e-01
5.660000e+03 1.203080e-01
5.661000e+03 8.292052e-02
5.662000e+03 7.899459e-02
5.663000e+03 7.488648e-02
5.664000e+03 5.483399e-02
5.665000e+03 5.483399e-02
5.666000e+03 6.985661e-02
5.667000e+03 8.935795e-02
5.668000e+03 8.935795e-02
5.669000e+03 1.043071e-01
5.670000e+03 1.107052e-01
5.671000e+03 1.107052e-01
5.672000e+03 2.600651e-02
5.673000e+03 2.297755e-02
5.674000e+03 3.211569e-02
5.675000e+03 6.258796e-02
5.676000e+03 6.258796e-02
5.677000e+03 8.491291e-02
5.678000e+03 1.076006e-01
5.679000e+03 1.076006e-01
5.680000e+03 6.821034e-02
5.681000e+03 5.585885e-02
5.682000e+03 5.486472e-02
5.683000e+03 1.854692e-02
5.684000e+03 1.854692e-02
5.685000e+03 4.409887e-02
5.686000e+03 1.060420e-01
5.687000e+03 1.060420e-01
5.688000e+03 9.231459e-02
5.689000e+03 8.141787e-02
5.690000e+03 8.141787e-02
5.691000e+03 1.138869e-01
5.692000e+03 1.208718e-01
5.693000e+03 1.199092e-01
5.694000e+03 1.099935e-01
5.695000e+03 1.099935e-01
5.696000e+03 1.202534e-01
5.697000e+03 1.389720e-01
5.698000e+03 8.639900e-02
5.699000e+03 8.875907e-02
5.700000e+03 8.666185e-02
5.701000e+03 9.467479e-02
5.702000e+03 9.120717e-02
5.703000e+03 8.418699e-02
5.704000e+03 9.753416e-02
5.705000e+03 8.666769e-02
5.706000e+03 9.798659e-02
5.707000e+03 1.106304e-01
5.708000e+03 1.062441e-01
5.709000e+03 9.381318e-02
5.710000e+03 1.059520e-01
5.711000e+03 1.050020e-01
5.712000e+03 1.130214e-01
5.713000e+03 1.014518e-01
5.714000e+03 1.124684e-01
5.715000e+03 1.145607e-01
5.716000e+03 1.148267e-01
5.717000e+03 1.243485e-01
5.718000e+03 1.165852e-01
5.719000e+03 1.261945e-01
5.720000e+03 9.710236e-02
5.721000e+03 1.004214e-01
5.722000e+03 1.010617e-01
5.723000e+03 1.059494e-01
5.724000e+03 9.737998e-02
5.725000e+03 9.105140e-02
5.726000e+03 9.189888e-02
5.727000e+03 8.937350e-02
5.728000e+03 9.808691e-02
5.729000e+03 7.708684e-02
5.730000e+03 8.994270e-02
5.731000e+03 9.197367e-02
5.732000e+03 1.005141e-01
5.733000e+03 9.951646e-02
5.734000e+03 1.040596e-01
5.735000e+03 1.029367e-01
5.736000e+03 1.084157e-01
5.737000e+03 1.033384e-01
5.738000e+03 1.070477e-01
5.739000e+03 9.088575e-02
5.740000e+03 1.081420e-01
5.741000e+03 1.056157e-01
5.742000e+03 1.038640e-01
5.743000e+03 1.158391e-01
5.744000e+03 1.154173e-01
5.745000e+03 1.003540e-01
5.746000e+03 1.155586e-01
5.747000e+03 1.038264e-01
5.748000e+03 1.204246e-01
5.749000e+03 1.119731e-01
5.750000e+03 1.065925e-01
5.751000e+03 1.041933e-01
5.752000e+03 1.115848e-01
5.753000e+03 1.121689e-01
5.754000e+03 1.190831e-01
5.755000e+03 1.144231e-01
5.756000e+03 1.227508e-01
5.757000e+03 1.129156e-01
5.758000e+03 1.271793e-01
5.759000e+03 1.117867e-01
5.760000e+03 1.270696e-01
5.761000e+03 9.901163e-02
5.762000e+03 9.295079e-02
5.763000e+03 1.102968e-01
5.764000e+03 8.969610e-02
5.765000e+03 9.565675e-02
5.766000e+03 1.078527e-01
5.767000e+03 1.053911e-01
5.768000e+03 1.070309e-01
5.769000e+03 1.116631e-01
5.770000e+03 1.088478e-01
5.771000e+03 1.106285e-01
5.772000e+03 1.008636e-01
5.773000e+03 1.020367e-01
5.774000e+03 9.526166e-02
5.775000e+03 1.104817e-01
5.776000e+03 1.001196e-01
5.777000e+03 1.005129e-01
5.778000e+03 9.291230e-02
5.779000e+03 9.648559e-02
5.780000e+03 1.057389e-01
5.781000e+03 1.073725e-01
5.782000e+03 1.074499e-01
5.783000e+03 1.049748e-01
5.784000e+03 1.047400e-01
5.785000e+03 1.104736e-01
5.786000e+03 1.105246e-01
5.787000e+03 1.093649e-01
5.788000e+03 1.120146e-01
5.789000e+03 1.104415e-01
5.790000e+03 1.090903e-01
5.791000e+03 1.130602e-01
5.792000e+03 1.149164e-01
5.793000e+03 1.195537e-01
5.794000e+03 1.158976e-01
5.795000e+03 1.226857e-01
5.796000e+03 1.311752e-01
5.797000e+03 1.275839e-01
5.798000e+03 1.195904e-01
5.799000e+03 1.257034e-01
5.800000e+03 1.195402e-01
5.801000e+03 1.292931e-01
5.802000e+03 1.166506e-01
5.803000e+03 1.318846e-01
5.804000e+03 1.228255e-01
5.805000e+03 1.220223e-01
5.806000e+03 1.240053e-01
5.807000e+03 1.251611e-01
5.808000e+03 1.313588e-01
5.809000e+03 1.302384e-01
5.810000e+03 1.221558e-01
5.811000e+03 1.398419e-01
5.812000e+03 1.080060e-01
5.813000e+03 1.035837e-01
5.814000e+03 1.162812e-01
5.815000e+03 1.098806e-01
5.816000e+03 1.074789e-01
5.817000e+03 1.137338e-01
5.818000e+03 1.133421e-01
5.819000e+03 1.121688e-01
5.820000e+03 1.193742e-01
5.821000e+03 1.195603e-01
5.822000e+03 1.193029e-01
5.823000e+03 1.294637e-01
5.824000e+03 1.245864e-01
5.825000e+03 1.202103e-01
5.826000e+03 1.123753e-01
5.827000e+03 1.265083e-01
5.828000e+03 1.059084e-01
5.829000e+03 1.217116e-01
5.830000e+03 1.082980e-01
5.831000e+03 1.109529e-01
5.832000e+03 1.081860e-01
5.833000e+03 1.132649e-01
5.834000e+03 1.094739e-01
5.835000e+03 1.166780e-01
5.836000e+03 1.144702e-01
5.837000e+03 1.167583e-01
5.838000e+03 1.200494e-01
5.839000e+03 1.188515e-01
5.840000e+03 1.033140e-01
5.841000e+03 1.032283e-01
5.842000e+03 9.986825e-02
5.843000e+03 9.939626e-02
5.844000e+03 1.022599e-01
5.845000e+03 1.133083e-01
5.846000e+03 1.026693e-01
5.847000e+03 1.012834e-01
5.848000e+03 1.003011e-01
5.849000e+03 9.523224e-02
5.850000e+03 6.670477e-02
5.851000e+03 7.081429e-02
5.852000e+03 6.913740e-02
5.853000e+03 6.194512e-02
5.854000e+03 6.400881e-02
5.855000e+03 6.342683e-02
5.856000e+03 7.398314e-02
5.857000e+03 6.898233e-02
5.858000e+03 6.415174e-02
5.859000e+03 5.521520e-02
5.860000e+03 6.738087e-02
5.861000e+03 7.569682e-02
5.862000e+03 6.574033e-02
5.863000e+03 7.557355e-02
5.864000e+03 6.412374e-02
5.865000e+03 5.029276e-02
5.866000e+03 5.375317e-02
5.867000e+03 5.815209e-02
5.868000e+03 5.334943e-02
5.869000e+03 5.538786e-02
5.870000e+03 6.022869e-02
5.871000e+03 5.765529e-02
5.872000e+03 5.857334e-02
5.873000e+03 5.372939e-02
5.874000e+03 5.120097e-02
5.875000e+03 4.300790e-02
5.876000e+03 4.623578e-02
5.877000e+03 4.679968e-02
5.878000e+03 4.120563e-02
5.879000e+03 3.947157e-02
5.880000e+03 3.851896e-02
5.881000e+03 3.806181e-02
5.882000e+03 3.712714e-02
5.883000e+03 3.650493e-02
5.884000e+03 3.408264e-02
5.885000e+03 3.274179e-02
5.886000e+03 3.081618e-02
5.887000e+03 2.869553e-02
5.888000e+03 2.669105e-02
5.889000e+03 2.327206e-02
5.890000e+03 1.945402e-02
5.891000e+03 1.305887e-02
5.892000e+03 1.134585e-02
5.893000e+03 1.953947e-02
5.894000e+03 2.405214e-02
5.895000e+03 2.591931e-02
5.896000e+03 2.471878e-02
5.897000e+03 1.691152e-02
5.898000e+03 1.281307e-02
5.899000e+03 2.151234e-02
5.900000e+03 2.520280e-02
5.901000e+03 2.565100e-02
5.902000e+03 2.794523e-02
5.903000e+03 3.030988e-02
5.904000e+03 3.328314e-02
5.905000e+03 3.493386e-02
5.906000e+03 3.633609e-02
5.907000e+03 3.205803e-02
5.908000e+03 3.247186e-02
5.909000e+03 3.610373e-02
5.910000e+03 3.640034e-02
5.911000e+03 3.503814e-02
5.912000e+03 3.905408e-02
5.913000e+03 3.996114e-02
5.914000e+03 4.055109e-02
5.915000e+03 4.241430e-02
5.916000e+03 3.866271e-02
5.917000e+03 4.083411e-02
5.918000e+03 4.355433e-02
5.919000e+03 4.693979e-02
5.920000e+03 4.449546e-02
5.921000e+03 5.132933e-02
5.922000e+03 5.210141e-02
5.923000e+03 4.839782e-02
5.924000e+03 4.723953e-02
5.925000e+03 4.517424e-02
5.926000e+03 4.733252e-02
5.927000e+03 4.478585e-02
5.928000e+03 4.882306e-02
5.929000e+03 4.649450e-02
5.930000e+03 4.666957e-02
5.931000e+03 4.367179e-02
5.932000e+03 4.805808e-02
5.933000e+03 4.565090e-02
5.934000e+03 5.668919e-02
5.935000e+03 4.885019e-02
5.936000e+03 6.125279e-02
5.937000e+03 5.107346e-02
5.938000e+03 5.995353e-02
5.939000e+03 5.012699e-02
5.940000e+03 5.374322e-02
5.941000e+03 5.527619e-02
5.942000e+03 6.057291e-02
5.943000e+03 5.459140e-02
5.944000e+03 5.639831e-02
5.945000e+03 5.878388e-02
5.946000e+03 5.939455e-02
5.947000e+03 6.180727e-02
5.948000e+03 6.476167e-02
5.949000e+03 6.166347e-02
5.950000e+03 6.349600e-02
5.951000e+03 6.736425e-02
5.952000e+03 5.340595e-02
5.953000e+03 4.444740e-02
5.954000e+03 4.544909e-02
5.955000e+03 5.228567e-02
5.956000e+03 5.859978e-02
5.957000e+03 5.896575e-02
5.958000e+03 5.338369e-02
5.959000e+03 4.574624e-02
5.960000e+03 4.649467e-02
5.961000e+03 5.022482e-02
5.962000e+03 5.286797e-02
5.963000e+03 5.174105e-02
5.964000e+03 5.335103e-02
5.965000e+03 5.250891e-02
5.966000e+03 5.520150e-02
5.967000e+03 5.395169e-02
5.968000e+03 5.909340e-02
5.969000e+03 5.727653e-02
5.970000e+03 5.995416e-02
5.971000e+03 6.712792e-02
5.972000e+03 6.394577e-02
5.973000e+03 6.453426e-02
5.974000e+03 5.907637e-02
5.975000e+03 6.944250e-02
5.976000e+03 6.140562e-02
5.977000e+03 6.391145e-02
5.978000e+03 6.074006e-02
5.979000e+03 5.833960e-02
5.980000e+03 6.187479e-02
5.981000e+03 6.534204e-02
5.982000e+03 6.018169e-02
5.983000e+03 5.940250e-02
5.984000e+03 6.956950e-02
5.985000e+03 5.809630e-02
5.986000e+03 7.410871e-02
5.987000e+03 6.380610e-02
5.988000e+03 6.956442e-02
5.989000e+03 7.336317e-02
5.990000e+03 7.159702e-02
5.991000e+03 7.344561e-02
5.992000e+03 7.826915e-02
5.993000e+03 7.932190e-02
5.994000e+03 8.178312e-02
5.995000e+03 7.825089e-02
5.996000e+03 8.243897e-02
5.997000e+03 7.320846e-02
5.998000e+03 9.245133e-02
5.999000e+03 7.145966e-02
6.000000e+03 9.151455e-02
6.001000e+03 8.457166e-02
6.002000e+03 8.647145e-02
6.003000e+03 8.966510e-02
6.004000e+03 8.712790e-02
6.005000e+03 7.801475e-02
6.006000e+03 5.790540e-02
6.007000e+03 7.647982e-02
6.008000e+03 6.942109e-02
6.009000e+03 8.652589e-02
6.010000e+03 8.156725e-02
6.011000e+03 8.249279e-02
6.012000e+03 6.684226e-02
6.013000e+03 7.007765e-02
6.014000e+03 7.104676e-02
6.015000e+03 8.476833e-02
6.016000e+03 7.675535e-02
6.017000e+03 7.991400e-02
6.018000e+03 7.930375e-02
6.019000e+03 8.519045e-02
6.020000e+03 7.959444e-02
6.021000e+03 8.045193e-02
6.022000e+03 8.017025e-02
6.023000e+03 9.091061e-02
6.024000e+03 8.403747e-02
6.025000e+03 8.462528e-02
6.026000e+03 9.950260e-02
6.027000e+03 9.463466e-02
6.028000e+03 1.022156e-01
6.029000e+03 8.746587e-02
6.030000e+03 9.802390e-02
6.031000e+03 9.039857e-02
6.032000e+03 8.599746e-02
6.033000e+03 8.454139e-02
6.034000e+03 9.463667e-02
6.035000e+03 9.044121e-02
6.036000e+03 9.545530e-02
6.037000e+03 1.007591e-01
6.038000e+03 9.310357e-02
6.039000e+03 1.059536e-01
6.040000e+03 9.856486e-02
6.041000e+03 1.008012e-01
6.042000e+03 9.180730e-02
6.043000e+03 1.079628e-01
6.044000e+03 1.088223e-01
6.045000e+03 1.036407e-01
6.046000e+03 1.121081e-01
6.047000e+03 1.160512e-01
6.048000e+03 1.102807e-01
6.049000e+03 1.148662e-01
6.050000e+03 1.132496e-01
6.051000e+03 1.243702e-01
6.052000e+03 1.140880e-01
6.053000e+03 1.210215e-01
6.054000e+03 1.190078e-01
6.055000e+03 1.307188e-01
6.056000e+03 1.184373e-01
6.057000e+03 1.251689e-01
6.058000e+03 1.294589e-01
6.059000e+03 1.145535e-01
6.060000e+03 9.739950e-02
6.061000e+03 1.209814e-01
6.062000e+03 1.076706e-01
6.063000e+03 1.224370e-01
6.064000e+03 1.238898e-01
6.065000e+03 1.051900e-01
6.066000e+03 9.771236e-02
6.067000e+03 1.020149e-01
6.068000e+03 1.027792e-01
6.069000e+03 1.233610e-01
6.070000e+03 1.188827e-01
6.071000e+03 1.139908e-01
6.072000e+03 1.205207e-01
6.073000e+03 1.234275e-01
6.074000e+03 1.255452e-01
6.075000e+03 1.215486e-01
6.076000e+03 1.328344e-01
6.077000e+03 1.299988e-01
6.078000e+03 1.289132e-01
6.079000e+03 1.387276e-01
6.080000e+03 1.351026e-01
6.081000e+03 1.412082e-01
6.082000e+03 1.509151e-01
6.083000e+03 1.215185e-01
6.084000e+03 1.449726e-01
6.085000e+03 1.458382e-01
6.086000e+03 1.513498e-01
6.087000e+03 1.261510e-01
6.088000e+03 1.453695e-01
6.089000e+03 1.322563e-01
6.090000e+03 1.247265e-01
6.091000e+03 1.382105e-01
6.092000e+03 1.181069e-01
6.093000e+03 1.426888e-01
6.094000e+03 1.251392e-01
6.095000e+03 1.451852e-01
6.096000e+03 1.458410e-01
6.097000e+03 1.533046e-01
6.098000e+03 1.358814e-01
6.099000e+03 1.297158e-01
6.100000e+03 1.554413e-01
6.101000e+03 1.440181e-01
6.102000e+03 1.444127e-01
6.103000e+03 1.376095e-01
6.104000e+03 9.596253e-02
6.105000e+03 1.210628e-01
6.106000e+03 1.426950e-01
6.107000e+03 1.366713e-01
6.108000e+03 1.626138e-01
6.109000e+03 1.472805e-01
6.110000e+03 1.436177e-01
6.111000e+03 1.449362e-01
6.112000e+03 1.515286e-01
6.113000e+03 1.467383e-01
6.114000e+03 1.499823e-01
6.115000e+03 1.565221e-01
6.116000e+03 1.474163e-01
6.117000e+03 1.532168e-01
6.118000e+03 1.731147e-01
6.119000e+03 1.537273e-01
6.120000e+03 1.733132e-01
6.121000e+03 1.261766e-01
6.122000e+03 1.327579e-01
6.123000e+03 1.134682e-01
6.124000e+03 7.373634e-02
6.125000e+03 1.301159e-01
6.126000e+03 1.375724e-01
6.127000e+03 1.604525e-01
6.128000e+03 1.333156e-01
6.129000e+03 1.630172e-01
6.130000e+03 1.605174e-01
6.131000e+03 1.489357e-01
6.132000e+03 1.695345e-01
6.133000e+03 1.771966e-01
6.134000e+03 1.593856e-01
6.135000e+03 1.552068e-01
6.136000e+03 1.668303e-01
6.137000e+03 1.417757e-01
6.138000e+03 1.427714e-01
6.139000e+03 1.428500e-01
6.140000e+03 1.536980e-01
6.141000e+03 1.664367e-01
6.142000e+03 1.815320e-01
6.143000e+03 1.511793e-01
6.144000e+03 1.758388e-01
6.145000e+03 1.715384e-01
6.146000e+03 1.782585e-01
6.147000e+03 1.616324e-01
6.148000e+03 1.780675e-01
6.149000e+03 1.706732e-01
6.150000e+03 1.642234e-01
6.151000e+03 1.114332e-01
6.152000e+03 9.342230e-02
6.153000e+03 1.283613e-01
6.154000e+03 1.368640e-01
6.155000e+03 1.374102e-01
6.156000e+03 1.101761e-01
6.157000e+03 1.297934e-01
6.158000e+03 1.154721e-01
6.159000e+03 1.205710e-01
6.160000e+03 1.021934e-01
6.161000e+03 5.037697e-02
6.162000e+03 5.694100e-02
6.163000e+03 5.120932e-02
6.164000e+03 3.819148e-02
6.165000e+03 5.060955e-02
6.166000e+03 6.001107e-02
6.167000e+03 6.355588e-02
6.168000e+03 7.024860e-02
6.169000e+03 7.506672e-02
6.170000e+03 6.290941e-02
6.171000e+03 4.819905e-02
6.172000e+03 7.332949e-02
6.173000e+03 6.834635e-02
6.174000e+03 8.086835e-02
6.175000e+03 9.402100e-02
6.176000e+03 7.846930e-02
6.177000e+03 4.742814e-02
6.178000e+03 6.311725e-02
6.179000e+03 6.138996e-02
6.180000e+03 7.817728e-02
6.181000e+03 7.628048e-02
6.182000e+03 7.845265e-02
6.183000e+03 8.000373e-02
6.184000e+03 6.914525e-02
6.185000e+03 8.228784e-02
6.186000e+03 6.498897e-02
6.187000e+03 5.986588e-02
6.188000e+03 6.215336e-02
6.189000e+03 3.790324e-02
6.190000e+03 5.280621e-02
6.191000e+03 6.014179e-02
6.192000e+03 4.917685e-02
6.193000e+03 4.560505e-02
6.194000e+03 4.588763e-02
6.195000e+03 5.008850e-02
6.196000e+03 4.491359e-02
6.197000e+03 5.242303e-02
6.198000e+03 4.775859e-02
6.199000e+03 4.908575e-02
6.200000e+03 6.242308e-02
6.201000e+03 5.041602e-02
6.202000e+03 6.544080e-02
6.203000e+03 4.887621e-02
6.204000e+03 5.614139e-02
6.205000e+03 5.334115e-02
6.206000e+03 6.276192e-02
6.207000e+03 6.102939e-02
6.208000e+03 5.570310e-02
6.209000e+03 5.469625e-02
6.210000e+03 6.684936e-02
6.211000e+03 6.853887e-02
6.212000e+03 7.561654e-02
6.213000e+03 5.208330e-02
6.214000e+03 5.698691e-02
6.215000e+03 5.859385e-02
6.216000e+03 4.883618e-02
6.217000e+03 3.837771e-02
6.218000e+03 3.313780e-02
6.219000e+03 4.071845e-02
6.220000e+03 4.243194e-02
6.221000e+03 4.591863e-02
6.222000e+03 4.954332e-02
6.223000e+03 6.375329e-02
6.224000e+03 4.362932e-02
6.225000e+03 3.212543e-02
6.226000e+03 3.503141e-02
6.227000e+03 3.502097e-02
6.228000e+03 4.127329e-02
6.229000e+03 3.940995e-02
6.230000e+03 3.824882e-02
6.231000e+03 3.886732e-02
6.232000e+03 3.881452e-02
6.233000e+03 4.221338e-02
6.234000e+03 4.072285e-02
6.235000e+03 4.563421e-02
6.236000e+03 4.842109e-02
6.237000e+03 4.454989e-02
6.238000e+03 4.031115e-02
6.239000e+03 4.389581e-02
6.240000e+03 4.143890e-02
6.241000e+03 4.384613e-02
6.242000e+03 3.976125e-02
6.243000e+03 4.642391e-02
6.244000e+03 4.393431e-02
6.245000e+03 4.607481e-02
6.246000e+03 3.977147e-02
6.247000e+03 4.525069e-02
6.248000e+03 4.980196e-02
6.249000e+03 4.566750e-02
6.250000e+03 5.484515e-02
6.251000e+03 4.865556e-02
6.252000e+03 5.437857e-02
6.253000e+03 5.119817e-02
6.254000e+03 4.848548e-02
6.255000e+03 5.786615e-02
6.256000e+03 6.142316e-02
6.257000e+03 5.346442e-02
6.258000e+03 5.690646e-02
6.259000e+03 5.431028e-02
6.260000e+03 5.454077e-02
6.261000e+03 6.078763e-02
6.262000e+03 5.834615e-02
6.263000e+03 4.793218e-02
6.264000e+03 5.659525e-02
6.265000e+03 6.594170e-02
6.266000e+03 7.072172e-02
6.267000e+03 5.731297e-02
6.268000e+03 6.395897e-02
6.269000e+03 6.485877e-02
6.270000e+03 6.151389e-02
6.271000e+03 5.075807e-02
6.272000e+03 5.914238e-02
6.273000e+03 6.318288e-02
6.274000e+03 5.748309e-02
6.275000e+03 6.674674e-02
6.276000e+03 5.916466e-02
6.277000e+03 7.385398e-02
6.278000e+03 5.174640e-02
6.279000e+03 5.040639e-02
6.280000e+03 5.728648e-02
6.281000e+03 5.933822e-02
6.282000e+03 6.282029e-02
6.283000e+03 5.549565e-02
6.284000e+03 5.961790e-02
6.285000e+03 6.937393e-02
6.286000e+03 6.652771e-02
6.287000e+03 6.690293e-02
6.288000e+03 6.553461e-02
6.289000e+03 6.660939e-02
6.290000e+03 7.026920e-02
6.291000e+03 7.242696e-02
6.292000e+03 7.797474e-02
6.293000e+03 6.694775e-02
6.294000e+03 6.930682e-02
6.295000e+03 6.817908e-02
6.296000e+03 7.849309e-02
6.297000e+03 6.972275e-02
6.298000e+03 5.799382e-02
6.299000e+03 6.651536e-02
6.300000e+03 8.051476e-02
6.301000e+03 7.170213e-02
6.302000e+03 7.616357e-02
6.303000e+03 7.471381e-02
6.304000e+03 7.938205e-02
6.305000e+03 8.774644e-02
6.306000e+03 8.598047e-02
6.307000e+03 7.095928e-02
6.308000e+03 7.608981e-02
6.309000e+03 8.503620e-02
6.310000e+03 9.821769e-02
6.311000e+03 8.220310e-02
6.312000e+03 8.745125e-02
6.313000e+03 9.492979e-02
6.314000e+03 9.789793e-02
6.315000e+03 9.046335e-02
6.316000e+03 9.173714e-02
6.317000e+03 7.878402e-02
6.318000e+03 1.103916e-01
6.319000e+03 9.421196e-02
6.320000e+03 8.947743e-02
6.321000e+03 1.011782e-01
6.322000e+03 1.064580e-01
6.323000e+03 8.643806e-02
6.324000e+03 8.851082e-02
6.325000e+03 7.695536e-02
6.326000e+03 1.047118e-01
6.327000e+03 8.377088e-02
6.328000e+03 9.210360e-02
6.329000e+03 8.384273e-02
6.330000e+03 1.076164e-01
6.331000e+03 9.774400e-02
6.332000e+03 1.003471e-01
6.333000e+03 8.531950e-02
6.334000e+03 1.082952e-01
6.335000e+03 1.025012e-01
6.336000e+03 1.079445e-01
6.337000e+03 9.119250e-02
6.338000e+03 1.040559e-01
6.339000e+03 1.035747e-01
6.340000e+03 1.045659e-01
6.341000e+03 1.224551e-01
6.342000e+03 1.199026e-01
6.343000e+03 9.729186e-02
6.344000e+03 1.319296e-01
6.345000e+03 1.230382e-01
6.346000e+03 1.217850e-01
6.347000e+03 8.241237e-02
6.348000e+03 9.498996e-02
6.349000e+03 1.063074e-01
6.350000e+03 1.024400e-01
6.351000e+03 1.129288e-01
6.352000e+03 1.383700e-01
6.353000e+03 9.373381e-02
6.354000e+03 9.123791e-02
6.355000e+03 9.802125e-02
6.356000e+03 9.621177e-02
6.357000e+03 7.921244e-02
6.358000e+03 8.566506e-02
6.359000e+03 8.830722e-02
6.360000e+03 8.726513e-02
6.361000e+03 8.639370e-02
6.362000e+03 8.998061e-02
6.363000e+03 8.912184e-02
6.364000e+03 9.198321e-02
6.365000e+03 8.640477e-02
6.366000e+03 9.158837e-02
6.367000e+03 9.087832e-02
6.368000e+03 9.795355e-02
6.369000e+03 8.730026e-02
6.370000e+03 9.490507e-02
6.371000e+03 9.685013e-02
6.372000e+03 8.911589e-02
6.373000e+03 9.798580e-02
6.374000e+03 9.399162e-02
6.375000e+03 1.031669e-01
6.376000e+03 1.020247e-01
6.377000e+03 8.817354e-02
6.378000e+03 9.437780e-02
6.379000e+03 9.037203e-02
6.380000e+03 9.047350e-02
6.381000e+03 8.485078e-02
6.382000e+03 8.089776e-02
6.383000e+03 8.034326e-02
6.384000e+03 7.712225e-02
6.385000e+03 8.894352e-02
6.386000e+03 7.857419e-02
6.387000e+03 8.518832e-02
6.388000e+03 9.163645e-02
6.389000e+03 8.122680e-02
6.390000e+03 9.600179e-02
6.391000e+03 8.271751e-02
6.392000e+03 7.624319e-02
6.393000e+03 6.263944e-02
6.394000e+03 9.503108e-02
6.395000e+03 1.122770e-01
6.396000e+03 1.076468e-01
6.397000e+03 9.991508e-02
6.398000e+03 1.031774e-01
6.399000e+03 1.096802e-01
6.400000e+03 9.647879e-02
6.401000e+03 9.221598e-02
6.402000e+03 8.830219e-02
6.403000e+03 7.938100e-02
6.404000e+03 1.009184e-01
6.405000e+03 1.526235e-01
6.406000e+03 1.227149e-01
6.407000e+03 1.456672e-01
6.408000e+03 1.371350e-01
6.409000e+03 1.386226e-01
6.410000e+03 1.195298e-01
6.411000e+03 1.422110e-01
6.412000e+03 1.289533e-01
6.413000e+03 1.221360e-01
6.414000e+03 1.089261e-01
6.415000e+03 1.020297e-01
6.416000e+03 1.259142e-01
6.417000e+03 1.035333e-01
6.418000e+03 1.451064e-01
6.419000e+03 1.442199e-01
6.420000e+03 1.179764e-01
6.421000e+03 1.337785e-01
6.422000e+03 1.281657e-01
6.423000e+03 9.112653e-02
6.424000e+03 1.198297e-01
6.425000e+03 1.388330e-01
6.426000e+03 1.139667e-01
6.427000e+03 1.241630e-01
6.428000e+03 1.299278e-01
6.429000e+03 1.163692e-01
6.430000e+03 1.267648e-01
6.431000e+03 1.166344e-01
6.432000e+03 1.402696e-01
6.433000e+03 1.291597e-01
6.434000e+03 1.422140e-01
6.435000e+03 1.292273e-01
6.436000e+03 1.611690e-01
6.437000e+03 1.423151e-01
6.438000e+03 1.420048e-01
6.439000e+03 1.373388e-01
6.440000e+03 1.175392e-01
6.441000e+03 7.893601e-02
6.442000e+03 1.254980e-01
6.443000e+03 1.595094e-01
6.444000e+03 1.487750e-01
6.445000e+03 1.777736e-01
6.446000e+03 1.645161e-01
6.447000e+03 1.654840e-01
6.448000e+03 1.616945e-01
6.449000e+03 1.592804e-01
6.450000e+03 1.295045e-01
6.451000e+03 1.375104e-01
6.452000e+03 1.336059e-01
6.453000e+03 1.523922e-01
6.454000e+03 1.534040e-01
6.455000e+03 1.564965e-01
6.456000e+03 1.674936e-01
6.457000e+03 1.415184e-01
6.458000e+03 1.700909e-01
6.459000e+03 1.716740e-01
6.460000e+03 1.590665e-01
6.461000e+03 1.679670e-01
6.462000e+03 1.660702e-01
6.463000e+03 1.581310e-01
6.464000e+03 9.348268e-02
6.465000e+03 1.289545e-01
6.466000e+03 1.587061e-01
6.467000e+03 1.838563e-01
6.468000e+03 1.786211e-01
6.469000e+03 1.876590e-01
6.470000e+03 1.959100e-01
6.471000e+03 2.051196e-01
6.472000e+03 1.965123e-01
6.473000e+03 1.403009e-01
6.474000e+03 1.627221e-01
6.475000e+03 1.922909e-01
6.476000e+03 9.790577e-02
6.477000e+03 1.357905e-01
6.478000e+03 1.445616e-01
6.479000e+03 1.629348e-01
6.480000e+03 1.716820e-01
6.481000e+03 1.495664e-01
6.482000e+03 1.471519e-01
6.483000e+03 1.233923e-01
6.484000e+03 1.188413e-01
6.485000e+03 1.230802e-01
6.486000e+03 1.242526e-01
6.487000e+03 1.213750e-01
6.488000e+03 1.359454e-01
6.489000e+03 1.392559e-01
6.490000e+03 1.155900e-01
6.491000e+03 1.598611e-01
6.492000e+03 1.256112e-01
6.493000e+03 1.485903e-01
6.494000e+03 1.166409e-01
6.495000e+03 1.220941e-01
6.496000e+03 9.901145e-02
6.497000e+03 1.067268e-01
6.498000e+03 1.108431e-01
6.499000e+03 1.244426e-01
6.500000e+03 1.279795e-01
6.501000e+03 8.869138e-02
6.502000e+03 1.162304e-01
6.503000e+03 1.280331e-01
6.504000e+03 1.375461e-01
6.505000e+03 1.312771e-01
6.506000e+03 1.430912e-01
6.507000e+03 1.365133e-01
6.508000e+03 1.674148e-01
6.509000e+03 1.278565e-01
6.510000e+03 1.123264e-01
6.511000e+03 1.116920e-01
6.512000e+03 1.357335e-01
6.513000e+03 1.497310e-01
6.514000e+03 1.269450e-01
6.515000e+03 1.298247e-01
6.516000e+03 1.455829e-01
6.517000e+03 1.213622e-01
6.518000e+03 1.373955e-01
6.519000e+03 1.193105e-01
6.520000e+03 1.500575e-01
6.521000e+03 1.226068e-01
6.522000e+03 1.399092e-01
6.523000e+03 1.391542e-01
6.524000e+03 1.541232e-01
6.525000e+03 1.429884e-01
6.526000e+03 1.548962e-01
6.527000e+03 1.480883e-01
6.528000e+03 1.623512e-01
6.529000e+03 1.396377e-01
6.530000e+03 1.523181e-01
6.531000e+03 1.541795e-01
6.532000e+03 1.727923e-01
6.533000e+03 1.742504e-01
6.534000e+03 1.675845e-01
6.535000e+03 1.722797e-01
6.536000e+03 1.815151e-01
6.537000e+03 1.816872e-01
6.538000e+03 1.739690e-01
6.539000e+03 1.887638e-01
6.540000e+03 1.729265e-01
6.541000e+03 1.907094e-01
6.542000e+03 1.892799e-01
6.543000e+03 1.963861e-01
6.544000e+03 1.823443e-01
6.545000e+03 1.545998e-01
6.546000e+03 1.419778e-01
6.547000e+03 1.615849e-01
6.548000e+03 1.636810e-01
6.549000e+03 1.570110e-01
6.550000e+03 1.654985e-01
6.551000e+03 1.635354e-01
6.552000e+03 1.493063e-01
6.553000e+03 1.485216e-01
6.554000e+03 1.457546e-01
6.555000e+03 1.665461e-01
6.556000e+03 1.318565e-01
6.557000e+03 1.649781e-01
6.558000e+03 1.593487e-01
6.559000e+03 1.651944e-01
6.560000e+03 1.598005e-01
6.561000e+03 1.829985e-01
6.562000e+03 1.651491e-01
6.563000e+03 1.850100e-01
6.564000e+03 1.505037e-01
6.565000e+03 1.598899e-01
6.566000e+03 1.466882e-01
6.567000e+03 1.788177e-01
6.568000e+03 1.563564e-01
6.569000e+03 1.472603e-01
6.570000e+03 1.727542e-01
6.571000e+03 1.452635e-01
6.572000e+03 1.860627e-01
6.573000e+03 1.628418e-01
6.574000e+03 1.787546e-01
6.575000e+03 1.777670e-01
6.576000e+03 1.505937e-01
6.577000e+03 1.801347e-01
6.578000e+03 1.618139e-01
6.579000e+03 1.738318e-01
6.580000e+03 1.412945e-01
6.581000e+03 1.482698e-01
6.582000e+03 1.575483e-01
6.583000e+03 1.529983e-01
6.584000e+03 1.825851e-01
6.585000e+03 1.490727e-01
6.586000e+03 1.807080e-01
6.587000e+03 1.669117e-01
6.588000e+03 1.710582e-01
6.589000e+03 1.710324e-01
6.590000e+03 1.987655e-01
6.591000e+03 1.706497e-01
6.592000e+03 2.011107e-01
6.593000e+03 1.712605e-01
6.594000e+03 1.701480e-01
6.595000e+03 1.760698e-01
6.596000e+03 1.422427e-01
6.597000e+03 1.432211e-01
6.598000e+03 1.636915e-01
6.599000e+03 1.681525e-01
6.600000e+03 1.927515e-01
6.601000e+03 1.559772e-01
6.602000e+03 1.600470e-01
6.603000e+03 1.749169e-01
6.604000e+03 1.642040e-01
6.605000e+03 1.777728e-01
6.606000e+03 1.687828e-01
6.607000e+03 1.700516e-01
6.608000e+03 1.711691e-01
6.609000e+03 1.695756e-01
6.610000e+03 1.531057e-01
6.611000e+03 1.684222e-01
6.612000e+03 1.455829e-01
6.613000e+03 1.623416e-01
6.614000e+03 1.679864e-01
6.615000e+03 1.568333e-01
6.616000e+03 1.630500e-01
6.617000e+03 1.483401e-01
6.618000e+03 1.569772e-01
6.619000e+03 1.753541e-01
6.620000e+03 1.533360e-01
6.621000e+03 1.461962e-01
6.622000e+03 1.513691e-01
6.623000e+03 1.583629e-01
6.624000e+03 1.521934e-01
6.625000e+03 1.411772e-01
6.626000e+03 1.618127e-01
6.627000e+03 1.352883e-01
6.628000e+03 1.374945e-01
6.629000e+03 1.244008e-01
6.630000e+03 1.492940e-01
6.631000e+03 1.417585e-01
6.632000e+03 1.491646e-01
6.633000e+03 1.519950e-01
6.634000e+03 1.626140e-01
6.635000e+03 1.743756e-01
6.636000e+03 1.595645e-01
6.637000e+03 1.455245e-01
6.638000e+03 1.157676e-01
6.639000e+03 1.377889e-01
6.640000e+03 1.392135e-01
6.641000e+03 1.382397e-01
6.642000e+03 1.371643e-01
6.643000e+03 1.449742e-01
6.644000e+03 1.579281e-01
6.645000e+03 1.457916e-01
6.646000e+03 1.461409e-01
6.647000e+03 1.442596e-01
6.648000e+03 1.540804e-01
6.649000e+03 1.529464e-01
6.650000e+03 1.445018e-01
6.651000e+03 1.450853e-01
6.652000e+03 1.259369e-01
6.653000e+03 8.615103e-02
6.654000e+03 9.379315e-02
6.655000e+03 1.064070e-01
6.656000e+03 1.197555e-01
6.657000e+03 1.096457e-01
6.658000e+03 1.113640e-01
6.659000e+03 1.113768e-01
6.660000e+03 1.061755e-01
6.661000e+03 1.109246e-01
6.662000e+03 1.222906e-01
6.663000e+03 1.219655e-01
6.664000e+03 1.302370e-01
6.665000e+03 1.059172e-01
6.666000e+03 1.151443e-01
6.667000e+03 1.242431e-01
6.668000e+03 1.459677e-01
6.669000e+03 1.389111e-01
6.670000e+03 1.345204e-01
6.671000e+03 1.290242e-01
6.672000e+03 1.281334e-01
6.673000e+03 1.445144e-01
6.674000e+03 1.409058e-01
6.675000e+03 1.562101e-01
6.676000e+03 1.437569e-01
6.677000e+03 1.292924e-01
6.678000e+03 1.201750e-01
6.679000e+03 1.384560e-01
6.680000e+03 1.234110e-01
6.681000e+03 1.163329e-01
6.682000e+03 1.264532e-01
6.683000e+03 6.788419e-02
6.684000e+03 8.513546e-02
6.685000e+03 7.694967e-02
6.686000e+03 1.001742e-01
6.687000e+03 9.307717e-02
6.688000e+03 9.473586e-02
6.689000e+03 9.470335e-02
6.690000e+03 1.093475e-01
6.691000e+03 1.232193e-01
6.692000e+03 1.048241e-01
6.693000e+03 1.248214e-01
6.694000e+03 1.009134e-01
6.695000e+03 9.703891e-02
6.696000e+03 9.466629e-02
6.697000e+03 1.054339e-01
6.698000e+03 9.935628e-02
6.699000e+03 1.147466e-01
6.700000e+03 1.002651e-01
6.701000e+03 1.114521e-01
6.702000e+03 1.200623e-01
6.703000e+03 1.158227e-01
6.704000e+03 1.210101e-01
6.705000e+03 1.160499e-01
6.706000e+03 1.207122e-01
6.707000e+03 1.163234e-01
6.708000e+03 1.208363e-01
6.709000e+03 1.281597e-01
6.710000e+03 9.170243e-02
6.711000e+03 1.253635e-01
6.712000e+03 1.200292e-01
6.713000e+03 1.148789e-01
6.714000e+03 1.200516e-01
6.715000e+03 1.179965e-01
6.716000e+03 8.790099e-02
6.717000e+03 7.538018e-02
6.718000e+03 1.011186e-01
6.719000e+03 8.021472e-02
6.720000e+03 7.033139e-02
6.721000e+03 6.684881e-02
6.722000e+03 8.414530e-02
6.723000e+03 7.928560e-02
6.724000e+03 7.322521e-02
6.725000e+03 8.812600e-02
6.726000e+03 8.021892e-02
6.727000e+03 9.550858e-02
6.728000e+03 7.636066e-02
6.729000e+03 9.528827e-02
6.730000e+03 8.345324e-02
6.731000e+03 8.360710e-02
6.732000e+03 8.754340e-02
6.733000e+03 9.170022e-02
6.734000e+03 1.004085e-01
6.735000e+03 9.663300e-02
6.736000e+03 9.600951e-02
6.737000e+03 9.228184e-02
6.738000e+03 9.739819e-02
6.739000e+03 1.068266e-01
6.740000e+03 1.016731e-01
6.741000e+03 9.494631e-02
6.742000e+03 1.175542e-01
6.743000e+03 8.955356e-02
6.744000e+03 8.395528e-02
6.745000e+03 9.673651e-02
6.746000e+03 7.835964e-02
6.747000e+03 1.127444e-01
6.748000e+03 8.664869e-02
6.749000e+03 9.202708e-02
6.750000e+03 6.866312e-02
6.751000e+03 8.088150e-02
6.752000e+03 9.666587e-02
6.753000e+03 8.841854e-02
6.754000e+03 8.370909e-02
6.755000e+03 7.476289e-02
6.756000e+03 8.807483e-02
6.757000e+03 9.655862e-02
6.758000e+03 8.252961e-02
6.759000e+03 8.611141e-02
6.760000e+03 1.099304e-01
6.761000e+03 8.055974e-02
6.762000e+03 1.019896e-01
6.763000e+03 8.552751e-02
6.764000e+03 9.897699e-02
6.765000e+03 9.838934e-02
6.766000e+03 9.936488e-02
6.767000e+03 9.533512e-02
6.768000e+03 9.648990e-02
6.769000e+03 1.172639e-01
6.770000e+03 1.180021e-01
6.771000e+03 1.090529e-01
6.772000e+03 1.089221e-01
6.773000e+03 9.772210e-02
6.774000e+03 9.930632e-02
6.775000e+03 1.148474e-01
6.776000e+03 1.129008e-01
6.777000e+03 1.119416e-01
6.778000e+03 1.078318e-01
6.779000e+03 1.132354e-01
6.780000e+03 1.100627e-01
6.781000e+03 1.135487e-01
6.782000e+03 9.829523e-02
6.783000e+03 9.947665e-02
6.784000e+03 7.533293e-02
6.785000e+03 7.095305e-02
6.786000e+03 8.842147e-02
6.787000e+03 7.808411e-02
6.788000e+03 8.467446e-02
6.789000e+03 7.968174e-02
6.790000e+03 8.983418e-02
6.791000e+03 8.102341e-02
6.792000e+03 8.290021e-02
6.793000e+03 9.496855e-02
6.794000e+03 8.409050e-02
6.795000e+03 9.124310e-02
6.796000e+03 9.025299e-02
6.797000e+03 1.107193e-01
6.798000e+03 8.710598e-02
6.799000e+03 1.182975e-01
6.800000e+03 7.924648e-02
6.801000e+03 1.041925e-01
6.802000e+03 9.104804e-02
6.803000e+03 1.008684e-01
6.804000e+03 1.058817e-01
6.805000e+03 1.011294e-01
6.806000e+03 9.862077e-02
6.807000e+03 1.097860e-01
6.808000e+03 1.044333e-01
6.809000e+03 9.869559e-02
6.810000e+03 1.140783e-01
6.811000e+03 9.991870e-02
6.812000e+03 1.184286e-01
6.813000e+03 1.008345e-01
6.814000e+03 9.737878e-02
6.815000e+03 1.017030e-01
6.816000e+03 1.195275e-01
6.817000e+03 7.567790e-02
6.818000e+03 8.908112e-02
6.819000e+03 8.443858e-02
6.820000e+03 1.273133e-01
6.821000e+03 1.125896e-01
6.822000e+03 8.496190e-02
6.823000e+03 8.682791e-02
6.824000e+03 1.083387e-01
6.825000e+03 1.177273e-01
6.826000e+03 8.816838e-02
6.827000e+03 1.104777e-01
6.828000e+03 8.483988e-02
6.829000e+03 1.158169e-01
6.830000e+03 1.057785e-01
6.831000e+03 9.034829e-02
6.832000e+03 1.134855e-01
6.833000e+03 7.881027e-02
6.834000e+03 1.186085e-01
6.835000e+03 9.455713e-02
6.836000e+03 9.409389e-02
6.837000e+03 1.109651e-01
6.838000e+03 1.034133e-01
6.839000e+03 9.697841e-02
6.840000e+03 1.200906e-01
6.841000e+03 1.082468e-01
6.842000e+03 8.733483e-02
6.843000e+03 1.435761e-01
6.844000e+03 9.431965e-02
6.845000e+03 1.191791e-01
6.846000e+03 1.225232e-01
6.847000e+03 1.243459e-01
6.848000e+03 8.900296e-02
6.849000e+03 1.197494e-01
6.850000e+03 9.305977e-02
6.851000e+03 1.026920e-01
6.852000e+03 8.851406e-02
6.853000e+03 9.573532e-02
6.854000e+03 8.530329e-02
6.855000e+03 8.792452e-02
6.856000e+03 9.264914e-02
6.857000e+03 9.850763e-02
6.858000e+03 8.865183e-02
6.859000e+03 9.248378e-02
6.860000e+03 9.014882e-02
6.861000e+03 8.731013e-02
6.862000e+03 9.342535e-02
6.863000e+03 8.785627e-02
6.864000e+03 9.361153e-02
6.865000e+03 8.585204e-02
6.866000e+03 1.141696e-01
6.867000e+03 1.031440e-01
6.868000e+03 8.943428e-02
6.869000e+03 1.014681e-01
6.870000e+03 9.821215e-02
6.871000e+03 1.054380e-01
6.872000e+03 7.645914e-02
6.873000e+03 1.092494e-01
6.874000e+03 1.041285e-01
6.875000e+03 8.944092e-02
6.876000e+03 8.649409e-02
6.877000e+03 1.348774e-01
6.878000e+03 1.094369e-01
6.879000e+03 9.883922e-02
6.880000e+03 9.925018e-02
6.881000e+03 1.281236e-01
6.882000e+03 1.019103e-01
6.883000e+03 9.011649e-02
6.884000e+03 1.046711e-01
6.885000e+03 1.114466e-01
6.886000e+03 1.031332e-01
6.887000e+03 8.602170e-02
6.888000e+03 9.087523e-02
6.889000e+03 8.595342e-02
6.890000e+03 9.837259e-02
6.891000e+03 1.207181e-01
6.892000e+03 1.020502e-01
6.893000e+03 1.109188e-01
6.894000e+03 8.281761e-02
6.895000e+03 1.318631e-01
6.896000e+03 1.086325e-01
6.897000e+03 1.181362e-01
6.898000e+03 1.180578e-01
6.899000e+03 9.621250e-02
6.900000e+03 1.041557e-01
6.901000e+03 1.158948e-01
6.902000e+03 1.226447e-01
6.903000e+03 9.575634e-02
6.904000e+03 8.260625e-02
6.905000e+03 1.004817e-01
6.906000e+03 1.302352e-01
6.907000e+03 1.091720e-01
6.908000e+03 1.380363e-01
6.909000e+03 1.047500e-01
6.910000e+03 1.487786e-01
6.911000e+03 1.006167e-01
6.912000e+03 1.615765e-01
6.913000e+03 1.126655e-01
6.914000e+03 1.223346e-01
6.915000e+03 1.608777e-01
6.916000e+03 1.588450e-01
6.917000e+03 1.220135e-01
6.918000e+03 1.267842e-01
6.919000e+03 9.959359e-02
6.920000e+03 8.235503e-02
6.921000e+03 1.062761e-01
6.922000e+03 1.350216e-01
6.923000e+03 1.315537e-01
6.924000e+03 1.254290e-01
6.925000e+03 1.147562e-01
6.926000e+03 1.467970e-01
6.927000e+03 1.750734e-01
6.928000e+03 1.257615e-01
6.929000e+03 1.344251e-01
6.930000e+03 1.372535e-01
6.931000e+03 1.504877e-01
6.932000e+03 1.436727e-01
6.933000e+03 1.244642e-01
6.934000e+03 1.437918e-01
6.935000e+03 1.271025e-01
6.936000e+03 1.400483e-01
6.937000e+03 1.324355e-01
6.938000e+03 1.153143e-01
6.939000e+03 1.408198e-01
6.940000e+03 1.379417e-01
6.941000e+03 1.363533e-01
6.942000e+03 1.243447e-01
6.943000e+03 1.634282e-01
6.944000e+03 1.301944e-01
6.945000e+03 1.612660e-01
6.946000e+03 1.379060e-01
6.947000e+03 1.498217e-01
6.948000e+03 1.649452e-01
6.949000e+03 1.791996e-01
6.950000e+03 1.270103e-01
6.951000e+03 1.590414e-01
6.952000e+03 1.903011e-01
6.953000e+03 1.411888e-01
6.954000e+03 1.548031e-01
6.955000e+03 1.393195e-01
6.956000e+03 1.494575e-01
6.957000e+03 2.113596e-01
6.958000e+03 1.472589e-01
6.959000e+03 1.463574e-01
6.960000e+03 1.855526e-01
6.961000e+03 1.287570e-01
6.962000e+03 2.000176e-01
6.963000e+03 1.798118e-01
6.964000e+03 1.489441e-01
6.965000e+03 2.353297e-01
6.966000e+03 1.271002e-01
6.967000e+03 1.300276e-01
6.968000e+03 2.042386e-01
6.969000e+03 1.555883e-01
6.970000e+03 1.721948e-01
6.971000e+03 1.780008e-01
6.972000e+03 1.603735e-01
6.973000e+03 1.491538e-01
6.974000e+03 1.681560e-01
6.975000e+03 1.997120e-01
6.976000e+03 2.133844e-01
6.977000e+03 1.399322e-01
6.978000e+03 1.792555e-01
6.979000e+03 1.890914e-01
6.980000e+03 1.306531e-01
6.981000e+03 1.794572e-01
6.982000e+03 2.216481e-01
6.983000e+03 1.343180e-01
6.984000e+03 2.033218e-01
6.985000e+03 2.203367e-01
6.986000e+03 1.902304e-01
6.987000e+03 1.527312e-01
6.988000e+03 2.075260e-01
6.989000e+03 2.040377e-01
6.990000e+03 2.417892e-01
6.991000e+03 1.240117e-01
6.992000e+03 2.276582e-01
6.993000e+03 1.434733e-01
6.994000e+03 1.809905e-01
6.995000e+03 1.744767e-01
6.996000e+03 2.065916e-01
6.997000e+03 1.597085e-01
6.998000e+03 2.156154e-01
6.999000e+03 1.687137e-01
7.000000e+03 1.980725e-01
7.001000e+03 1.734055e-01
7.002000e+03 1.897586e-01
7.003000e+03 1.868154e-01
7.004000e+03 1.665287e-01
7.005000e+03 1.984014e-01
7.006000e+03 1.999067e-01
7.007000e+03 1.943463e-01
7.008000e+03 1.897261e-01
7.009000e+03 1.652854e-01
7.010000e+03 2.603892e-01
7.011000e+03 1.829688e-01
7.012000e+03 2.273783e-01
7.013000e+03 1.861265e-01
7.014000e+03 2.204157e-01
7.015000e+03 2.054857e-01
7.016000e+03 2.099420e-01
7.017000e+03 1.753978e-01
7.018000e+03 2.223546e-01
7.019000e+03 2.302765e-01
7.020000e+03 2.104519e-01
7.021000e+03 2.163694e-01
7.022000e+03 2.123904e-01
7.023000e+03 2.390422e-01
7.024000e+03 2.206323e-01
7.025000e+03 1.711270e-01
7.026000e+03 2.624579e-01
7.027000e+03 2.161039e-01
7.028000e+03 2.684591e-01
7.029000e+03 2.521697e-01
7.030000e+03 2.346344e-01
7.031000e+03 2.704363e-01
7.032000e+03 2.829772e-01
7.033000e+03 2.279220e-01
7.034000e+03 2.536185e-01
7.035000e+03 2.150711e-01
7.036000e+03 2.151485e-01
7.037000e+03 1.981086e-01
7.038000e+03 2.299156e-01
7.039000e+03 3.309068e-01
7.040000e+03 2.722030e-01
7.041000e+03 2.812143e-01
7.042000e+03 3.363683e-01
7.043000e+03 2.850595e-01
7.044000e+03 3.186954e-01
7.045000e+03 3.053560e-01
7.046000e+03 3.103162e-01
7.047000e+03 3.251989e-01
7.048000e+03 3.318941e-01
7.049000e+03 3.523260e-01
7.050000e+03 3.474000e-01
7.051000e+03 3.104834e-01
7.052000e+03 3.026625e-01
7.053000e+03 3.525787e-01
7.054000e+03 3.423750e-01
7.055000e+03 3.136938e-01
7.056000e+03 1.898103e-01
7.057000e+03 9.625680e-02
7.058000e+03 1.404985e-01
7.059000e+03 2.049842e-01
7.060000e+03 2.047751e-01
7.061000e+03 1.586133e-01
7.062000e+03 1.425000e-01
7.063000e+03 1.516271e-01
7.064000e+03 1.692438e-01
7.065000e+03 1.976827e-01
7.066000e+03 1.539388e-01
7.067000e+03 1.697325e-01
7.068000e+03 1.818553e-01
7.069000e+03 2.139870e-01
7.070000e+03 1.992091e-01
7.071000e+03 1.854623e-01
7.072000e+03 2.060686e-01
7.073000e+03 1.913711e-01
7.074000e+03 2.351598e-01
7.075000e+03 1.909029e-01
7.076000e+03 2.093048e-01
7.077000e+03 2.191926e-01
7.078000e+03 2.056006e-01
7.079000e+03 2.586714e-01
7.080000e+03 1.996517e-01
7.081000e+03 2.070704e-01
7.082000e+03 2.116984e-01
7.083000e+03 2.198738e-01
7.084000e+03 2.611885e-01
7.085000e+03 2.091663e-01
7.086000e+03 2.035416e-01
7.087000e+03 1.923784e-01
7.088000e+03 2.590051e-01
7.089000e+03 2.047182e-01
7.090000e+03 4.753113e-02
7.091000e+03 9.906667e-02
7.092000e+03 9.447924e-02
7.093000e+03 1.358344e-01
7.094000e+03 1.546339e-01
7.095000e+03 9.574511e-02
7.096000e+03 1.230626e-01
7.097000e+03 1.260343e-01
7.098000e+03 1.285568e-01
7.099000e+03 1.434980e-01
7.100000e+03 1.295230e-01
7.101000e+03 1.492763e-01
7.102000e+03 1.314118e-01
7.103000e+03 1.448939e-01
7.104000e+03 1.435828e-01
7.105000e+03 1.305866e-01
7.106000e+03 1.484331e-01
7.107000e+03 1.487762e-01
7.108000e+03 1.613734e-01
7.109000e+03 1.650972e-01
7.110000e+03 1.657266e-01
7.111000e+03 2.004014e-01
7.112000e+03 1.551501e-01
7.113000e+03 1.662218e-01
7.114000e+03 1.889167e-01
7.115000e+03 1.784678e-01
7.116000e+03 1.801501e-01
7.117000e+03 1.912214e-01
7.118000e+03 1.751037e-01
7.119000e+03 1.834225e-01
7.120000e+03 1.732288e-01
7.121000e+03 2.456024e-01
7.122000e+03 1.607736e-01
7.123000e+03 1.755713e-01
7.124000e+03 2.091508e-01
7.125000e+03 2.033616e-01
7.126000e+03 1.694036e-01
7.127000e+03 1.206212e-01
7.128000e+03 4.453424e-02
7.129000e+03 7.038313e-02
7.130000e+03 8.313664e-02
7.131000e+03 1.072236e-01
7.132000e+03 1.152463e-01
7.133000e+03 8.048346e-02
7.134000e+03 7.737309e-02
7.135000e+03 1.099098e-01
7.136000e+03 9.151134e-02
7.137000e+03 9.466492e-02
7.138000e+03 1.053906e-01
7.139000e+03 8.157393e-02
7.140000e+03 1.265101e-01
7.141000e+03 8.789173e-02
7.142000e+03 1.176046e-01
7.143000e+03 1.141224e-01
7.144000e+03 1.114606e-01
7.145000e+03 1.240227e-01
7.146000e+03 1.326861e-01
7.147000e+03 1.094706e-01
7.148000e+03 1.173404e-01
7.149000e+03 1.127947e-01
7.150000e+03 9.354448e-02
7.151000e+03 1.005866e-01
7.152000e+03 1.588021e-01
7.153000e+03 1.251006e-01
7.154000e+03 1.253135e-01
7.155000e+03 1.359773e-01
7.156000e+03 1.571735e-01
7.157000e+03 1.798422e-01
7.158000e+03 1.611908e-01
7.159000e+03 1.461749e-01
7.160000e+03 1.241880e-01
7.161000e+03 8.822422e-02
7.162000e+03 1.092003e-01
7.163000e+03 1.372320e-01
7.164000e+03 1.301021e-01
7.165000e+03 1.372979e-01
7.166000e+03 1.297200e-01
7.167000e+03 1.273211e-01
7.168000e+03 1.439638e-01
7.169000e+03 1.348379e-01
7.170000e+03 1.510947e-01
7.171000e+03 1.160545e-01
7.172000e+03 1.487637e-01
7.173000e+03 1.574641e-01
7.174000e+03 1.295731e-01
7.175000e+03 1.673969e-01
7.176000e+03 1.495174e-01
7.177000e+03 1.513138e-01
7.178000e+03 1.337888e-01
7.179000e+03 1.818207e-01
7.180000e+03 1.358931e-01
7.181000e+03 1.432122e-01
7.182000e+03 1.667873e-01
7.183000e+03 1.590624e-01
7.184000e+03 1.824240e-01
7.185000e+03 1.454251e-01
7.186000e+03 2.066206e-01
7.187000e+03 1.409278e-01
7.188000e+03 1.859529e-01
7.189000e+03 1.703813e-01
7.190000e+03 1.735722e-01
7.191000e+03 1.697299e-01
7.192000e+03 2.136531e-01
7.193000e+03 1.664687e-01
7.194000e+03 2.021676e-01
7.195000e+03 1.837878e-01
7.196000e+03 1.906221e-01
7.197000e+03 1.837119e-01
7.198000e+03 1.941124e-01
7.199000e+03 1.292783e-01
7.200000e+03 9.308895e-02
7.201000e+03 1.754281e-01
7.202000e+03 1.414511e-01
7.203000e+03 1.698486e-01
7.204000e+03 1.269018e-01
7.205000e+03 1.477944e-01
7.206000e+03 1.404719e-01
7.207000e+03 1.482152e-01
7.208000e+03 1.242500e-01
7.209000e+03 1.654006e-01
7.210000e+03 1.288709e-01
7.211000e+03 1.419296e-01
7.212000e+03 1.502072e-01
7.213000e+03 1.445840e-01
7.214000e+03 1.660476e-01
7.215000e+03 1.443171e-01
7.216000e+03 1.543640e-01
7.217000e+03 1.707554e-01
7.218000e+03 1.690939e-01
7.219000e+03 1.824561e-01
7.220000e+03 1.746749e-01
7.221000e+03 1.838363e-01
7.222000e+03 1.557921e-01
7.223000e+03 1.798768e-01
7.224000e+03 2.164626e-01
7.225000e+03 1.775672e-01
7.226000e+03 1.966848e-01
7.227000e+03 2.082187e-01
7.228000e+03 1.710782e-01
7.229000e+03 2.047893e-01
7.230000e+03 1.970054e-01
7.231000e+03 2.017813e-01
7.232000e+03 2.020827e-01
7.233000e+03 1.476172e-01
7.234000e+03 2.045956e-01
7.235000e+03 1.920846e-01
7.236000e+03 1.873320e-01
7.237000e+03 2.518910e-01
7.238000e+03 1.614873e-01
7.239000e+03 2.307617e-01
7.240000e+03 2.100609e-01
7.241000e+03 1.800588e-01
7.242000e+03 2.360336e-01
7.243000e+03 1.794399e-01
7.244000e+03 2.356831e-01
7.245000e+03 2.362297e-01
7.246000e+03 1.777646e-01
7.247000e+03 1.962258e-01
7.248000e+03 2.424389e-01
7.249000e+03 2.032544e-01
7.250000e+03 2.427348e-01
7.251000e+03 2.084261e-01
7.252000e+03 2.721731e-01
7.253000e+03 2.355133e-01
7.254000e+03 1.819929e-01
7.255000e+03 2.462542e-01
7.256000e+03 2.231044e-01
7.257000e+03 2.864908e-01
7.258000e+03 2.265624e-01
7.259000e+03 2.601234e-01
7.260000e+03 2.323020e-01
7.261000e+03 2.289129e-01
7.262000e+03 2.559659e-01
7.263000e+03 2.720344e-01
7.264000e+03 2.645541e-01
7.265000e+03 2.456535e-01
7.266000e+03 2.986996e-01
7.267000e+03 2.710179e-01
7.268000e+03 2.646310e-01
7.269000e+03 2.446984e-01
7.270000e+03 3.063199e-01
7.271000e+03 2.808106e-01
7.272000e+03 2.555123e-01
7.273000e+03 2.200520e-01
7.274000e+03 2.348163e-01
7.275000e+03 2.720055e-01
7.276000e+03 2.625534e-01
7.277000e+03 2.628312e-01
7.278000e+03 2.832354e-01
7.279000e+03 2.326706e-01
7.280000e+03 2.535095e-01
7.281000e+03 2.863934e-01
7.282000e+03 2.141336e-01
7.283000e+03 2.476657e-01
7.284000e+03 2.919768e-01
7.285000e+03 2.883835e-01
7.286000e+03 2.631576e-01
7.287000e+03 2.614380e-01
7.288000e+03 2.839011e-01
7.289000e+03 3.116920e-01
7.290000e+03 2.584617e-01
7.291000e+03 3.070998e-01
7.292000e+03 3.299737e-01
7.293000e+03 2.505594e-01
7.294000e+03 3.038613e-01
7.295000e+03 2.980690e-01
7.296000e+03 2.858818e-01
7.297000e+03 3.124763e-01
7.298000e+03 3.110659e-01
7.299000e+03 2.829163e-01
7.300000e+03 3.101171e-01
7.301000e+03 2.930720e-01
7.302000e+03 2.890866e-01
7.303000e+03 3.086698e-01
7.304000e+03 3.611397e-01
7.305000e+03 2.941962e-01
7.306000e+03 3.105765e-01
7.307000e+03 3.027621e-01
7.308000e+03 3.348825e-01
7.309000e+03 3.098380e-01
7.310000e+03 3.179242e-01
7.311000e+03 3.290146e-01
7.312000e+03 3.578109e-01
7.313000e+03 2.814662e-01
7.314000e+03 3.544416e-01
7.315000e+03 3.166829e-01
7.316000e+03 3.465427e-01
7.317000e+03 3.280225e-01
7.318000e+03 3.088385e-01
7.319000e+03 3.460735e-01
7.320000e+03 3.275496e-01
7.321000e+03 3.402584e-01
7.322000e+03 3.497424e-01
7.323000e+03 3.186556e-01
7.324000e+03 3.435068e-01
7.325000e+03 3.360770e-01
7.326000e+03 3.335932e-01
7.327000e+03 3.160269e-01
7.328000e+03 1.816801e-01
7.329000e+03 2.845301e-01
7.330000e+03 3.361847e-01
7.331000e+03 3.250646e-01
7.332000e+03 3.790691e-01
7.333000e+03 3.520390e-01
7.334000e+03 3.269923e-01
7.335000e+03 3.609471e-01
7.336000e+03 4.013298e-01
7.337000e+03 3.226841e-01
7.338000e+03 3.818921e-01
7.339000e+03 4.036680e-01
7.340000e+03 3.692314e-01
7.341000e+03 3.151531e-01
7.342000e+03 3.913862e-01
7.343000e+03 3.738444e-01
7.344000e+03 3.842759e-01
7.345000e+03 3.792125e-01
7.346000e+03 3.368344e-01
7.347000e+03 3.324201e-01
7.348000e+03 3.781373e-01
7.349000e+03 3.582375e-01
7.350000e+03 3.705511e-01
7.351000e+03 3.785397e-01
7.352000e+03 3.851770e-01
7.353000e+03 4.004273e-01
7.354000e+03 3.578278e-01
7.355000e+03 3.797497e-01
7.356000e+03 3.700427e-01
7.357000e+03 4.092858e-01
7.358000e+03 3.156644e-01
7.359000e+03 3.573255e-01
7.360000e+03 3.336830e-01
7.361000e+03 4.133311e-01
7.362000e+03 3.677456e-01
7.363000e+03 3.694402e-01
7.364000e+03 4.027674e-01
7.365000e+03 3.690450e-01
7.366000e+03 3.247237e-01
7.367000e+03 4.338200e-01
7.368000e+03 3.815447e-01
7.369000e+03 3.949422e-01
7.370000e+03 4.002429e-01
7.371000e+03 3.843956e-01
7.372000e+03 4.043092e-01
7.373000e+03 4.007913e-01
7.374000e+03 4.140954e-01
7.375000e+03 3.823369e-01
7.376000e+03 4.046577e-01
7.377000e+03 4.101898e-01
7.378000e+03 4.062246e-01
7.379000e+03 4.053762e-01
7.380000e+03 3.938212e-01
7.381000e+03 4.080042e-01
7.382000e+03 4.379071e-01
7.383000e+03 4.006480e-01
7.384000e+03 3.908515e-01
7.385000e+03 4.192485e-01
7.386000e+03 4.283262e-01
7.387000e+03 4.026125e-01
7.388000e+03 4.120910e-01
7.389000e+03 3.968727e-01
7.390000e+03 4.348689e-01
7.391000e+03 4.236817e-01
7.392000e+03 4.055473e-01
7.393000e+03 3.864761e-01
7.394000e+03 4.153860e-01
7.395000e+03 4.097053e-01
7.396000e+03 4.063808e-01
7.397000e+03 3.963041e-01
7.398000e+03 4.084051e-01
7.399000e+03 4.218604e-01
7.400000e+03 4.441605e-01
7.401000e+03 4.019483e-01
7.402000e+03 3.727450e-01
7.403000e+03 4.032229e-01
7.404000e+03 4.013429e-01
7.405000e+03 4.261633e-01
7.406000e+03 4.356338e-01
7.407000e+03 4.409620e-01
7.408000e+03 4.377529e-01
7.409000e+03 4.140357e-01
7.410000e+03 3.729063e-01
7.411000e+03 4.177383e-01
7.412000e+03 4.524745e-01
7.413000e+03 4.132045e-01
7.414000e+03 4.073395e-01
7.415000e+03 4.251759e-01
7.416000e+03 4.220807e-01
7.417000e+03 4.086170e-01
7.418000e+03 4.382632e-01
7.419000e+03 3.832862e-01
7.420000e+03 4.167534e-01
7.421000e+03 4.268483e-01
7.422000e+03 4.209528e-01
7.423000e+03 4.164517e-01
7.424000e+03 4.116519e-01
7.425000e+03 4.160940e-01
7.426000e+03 4.547982e-01
7.427000e+03 4.311928e-01
7.428000e+03 4.024923e-01
7.429000e+03 4.144998e-01
7.430000e+03 4.328123e-01
7.431000e+03 4.480759e-01
7.432000e+03 4.324196e-01
7.433000e+03 4.203475e-01
7.434000e+03 4.387057e-01
7.435000e+03 3.987028e-01
7.436000e+03 4.221579e-01
7.437000e+03 4.330805e-01
7.438000e+03 4.506048e-01
7.439000e+03 4.339235e-01
7.440000e+03 4.077045e-01
7.441000e+03 4.413054e-01
7.442000e+03 4.369737e-01
7.443000e+03 4.064545e-01
7.444000e+03 4.371304e-01
7.445000e+03 4.334741e-01
7.446000e+03 4.131130e-01
7.447000e+03 4.304415e-01
7.448000e+03 4.256343e-01
7.449000e+03 4.198204e-01
7.450000e+03 4.164948e-01
7.451000e+03 4.097627e-01
7.452000e+03 4.143892e-01
7.453000e+03 4.273017e-01
7.454000e+03 4.407677e-01
7.455000e+03 4.399879e-01
7.456000e+03 4.240796e-01
7.457000e+03 4.184110e-01
7.458000e+03 4.110312e-01
7.459000e+03 4.299558e-01
7.460000e+03 4.337966e-01
7.461000e+03 4.170959e-01
7.462000e+03 4.205162e-01
7.463000e+03 4.395764e-01
7.464000e+03 3.919523e-01
7.465000e+03 4.123441e-01
7.466000e+03 4.435031e-01
7.467000e+03 4.423567e-01
7.468000e+03 4.471914e-01
7.469000e+03 4.169148e-01
7.470000e+03 4.446190e-01
7.471000e+03 4.258726e-01
7.472000e+03 4.463212e-01
7.473000e+03 4.342015e-01
7.474000e+03 4.198620e-01
7.475000e+03 4.606841e-01
7.476000e+03 4.375980e-01
7.477000e+03 4.161844e-01
7.478000e+03 4.456974e-01
7.479000e+03 4.237678e-01
7.480000e+03 4.491557e-01
7.481000e+03 4.442037e-01
7.482000e+03 4.494084e-01
7.483000e+03 4.234578e-01
7.484000e+03 4.554464e-01
7.485000e+03 4.462981e-01
7.486000e+03 4.383937e-01
7.487000e+03 4.382600e-01
7.488000e+03 4.252445e-01
7.489000e+03 4.220052e-01
7.490000e+03 4.243447e-01
7.491000e+03 4.290585e-01
7.492000e+03 4.097329e-01
7.493000e+03 4.227676e-01
7.494000e+03 4.425476e-01
7.495000e+03 4.168809e-01
7.496000e+03 4.159922e-01
7.497000e+03 4.082661e-01
7.498000e+03 3.931763e-01
7.499000e+03 4.385160e-01
7.500000e+03 4.512515e-01
7.501000e+03 4.382885e-01
7.502000e+03 4.583050e-01
7.503000e+03 4.080597e-01
7.504000e+03 4.482630e-01
7.505000e+03 4.476783e-01
7.506000e+03 4.766444e-01
7.507000e+03 4.409824e-01
7.508000e+03 4.400626e-01
7.509000e+03 4.302404e-01
7.510000e+03 4.655634e-01
7.511000e+03 4.650242e-01
7.512000e+03 4.430397e-01
7.513000e+03 4.049443e-01
7.514000e+03 4.351718e-01
7.515000e+03 4.282764e-01
7.516000e+03 4.485468e-01
7.517000e+03 4.622321e-01
7.518000e+03 4.554937e-01
7.519000e+03 4.353589e-01
7.520000e+03 4.623722e-01
7.521000e+03 4.010123e-01
7.522000e+03 4.458756e-01
7.523000e+03 4.474703e-01
7.524000e+03 4.685906e-01
7.525000e+03 4.357885e-01
7.526000e+03 4.661719e-01
7.527000e+03 4.090822e-01
7.528000e+03 4.477310e-01
7.529000e+03 4.523667e-01
7.530000e+03 4.471823e-01
7.531000e+03 4.403534e-01
7.532000e+03 4.234067e-01
7.533000e+03 4.399900e-01
7.534000e+03 4.366090e-01
7.535000e+03 4.611864e-01
7.536000e+03 4.267920e-01
7.537000e+03 4.406921e-01
7.538000e+03 4.273901e-01
7.539000e+03 4.027209e-01
7.540000e+03 4.652201e-01
7.541000e+03 4.816683e-01
7.542000e+03 4.457045e-01
7.543000e+03 4.540921e-01
7.544000e+03 4.782598e-01
7.545000e+03 4.428109e-01
7.546000e+03 4.846118e-01
7.547000e+03 4.483370e-01
7.548000e+03 4.582461e-01
7.549000e+03 4.875550e-01
7.550000e+03 4.687263e-01
7.551000e+03 4.293535e-01
7.552000e+03 4.651368e-01
7.553000e+03 4.728191e-01
7.554000e+03 4.533600e-01
7.555000e+03 4.658910e-01
7.556000e+03 4.649323e-01
7.557000e+03 4.408899e-01
7.558000e+03 4.615808e-01
7.559000e+03 4.410217e-01
7.560000e+03 4.869856e-01
7.561000e+03 4.313145e-01
7.562000e+03 4.587377e-01
7.563000e+03 4.700604e-01
7.564000e+03 4.623127e-01
7.565000e+03 4.404873e-01
7.566000e+03 4.572673e-01
7.567000e+03 4.646236e-01
7.568000e+03 4.510345e-01
7.569000e+03 4.513687e-01
7.570000e+03 4.642228e-01
7.571000e+03 4.230686e-01
7.572000e+03 4.511023e-01
7.573000e+03 4.274232e-01
7.574000e+03 4.459570e-01
7.575000e+03 4.462243e-01
7.576000e+03 4.329052e-01
7.577000e+03 4.465529e-01
7.578000e+03 4.650698e-01
7.579000e+03 4.508412e-01
7.580000e+03 4.583108e-01
7.581000e+03 4.641947e-01
7.582000e+03 4.683772e-01
7.583000e+03 4.845725e-01
7.584000e+03 4.531284e-01
7.585000e+03 4.766342e-01
7.586000e+03 4.511276e-01
7.587000e+03 4.573224e-01
7.588000e+03 4.444217e-01
7.589000e+03 4.550579e-01
7.590000e+03 4.525971e-01
7.591000e+03 3.730597e-01
7.592000e+03 2.886011e-01
7.593000e+03 3.479401e-01
7.594000e+03 3.536441e-01
7.595000e+03 3.549884e-01
7.596000e+03 4.108531e-01
7.597000e+03 3.876201e-01
7.598000e+03 3.610991e-01
7.599000e+03 3.683486e-01
7.600000e+03 4.184413e-01
7.601000e+03 3.422628e-01
7.602000e+03 3.821891e-01
7.603000e+03 4.009450e-01
7.604000e+03 3.709303e-01
7.605000e+03 3.925793e-01
7.606000e+03 3.844406e-01
7.607000e+03 3.779238e-01
7.608000e+03 3.780925e-01
7.609000e+03 3.816567e-01
7.610000e+03 3.903492e-01
7.611000e+03 3.855079e-01
7.612000e+03 3.679697e-01
7.613000e+03 3.535311e-01
7.614000e+03 3.895134e-01
7.615000e+03 3.393507e-01
7.616000e+03 4.190660e-01
7.617000e+03 3.831931e-01
7.618000e+03 4.107419e-01
7.619000e+03 3.984720e-01
7.620000e+03 4.344839e-01
7.621000e+03 4.027239e-01
7.622000e+03 4.202767e-01
7.623000e+03 3.970056e-01
7.624000e+03 4.194929e-01
7.625000e+03 4.328671e-01
7.626000e+03 4.015495e-01
7.627000e+03 3.841049e-01
7.628000e+03 4.245198e-01
7.629000e+03 4.070215e-01
7.630000e+03 2.615562e-01
7.631000e+03 2.865593e-01
7.632000e+03 3.209207e-01
7.633000e+03 3.120089e-01
7.634000e+03 3.328849e-01
7.635000e+03 3.691968e-01
7.636000e+03 3.291322e-01
7.637000e+03 3.567119e-01
7.638000e+03 3.193505e-01
7.639000e+03 3.441179e-01
7.640000e+03 3.459819e-01
7.641000e+03 3.197180e-01
7.642000e+03 3.430319e-01
7.643000e+03 3.274291e-01
7.644000e+03 3.460001e-01
7.645000e+03 3.539035e-01
7.646000e+03 3.172064e-01
7.647000e+03 3.441031e-01
7.648000e+03 3.366948e-01
7.649000e+03 3.496505e-01
7.650000e+03 3.427112e-01
7.651000e+03 3.595919e-01
7.652000e+03 3.198149e-01
7.653000e+03 3.495445e-01
7.654000e+03 3.164116e-01
7.655000e+03 3.223435e-01
7.656000e+03 3.053643e-01
7.657000e+03 3.295088e-01
7.658000e+03 2.995207e-01
7.659000e+03 3.135960e-01
7.660000e+03 3.037548e-01
7.661000e+03 3.149927e-01
7.662000e+03 2.689394e-01
7.663000e+03 2.373074e-01
7.664000e+03 1.989652e-01
7.665000e+03 1.509221e-01
7.666000e+03 9.836475e-02
7.667000e+03 5.236203e-02
7.668000e+03 9.134657e-02
7.669000e+03 1.432863e-01
7.670000e+03 1.781825e-01
7.671000e+03 2.161340e-01
7.672000e+03 2.319619e-01
7.673000e+03 2.850665e-01
7.674000e+03 1.752260e-01
7.675000e+03 2.076936e-01
7.676000e+03 2.392715e-01
7.677000e+03 2.326820e-01
7.678000e+03 2.780012e-01
7.679000e+03 2.390769e-01
7.680000e+03 2.988539e-01
7.681000e+03 2.414998e-01
7.682000e+03 2.482658e-01
7.683000e+03 2.639011e-01
7.684000e+03 2.494369e-01
7.685000e+03 2.980039e-01
7.686000e+03 2.321670e-01
7.687000e+03 2.798989e-01
7.688000e+03 3.016077e-01
7.689000e+03 2.627477e-01
7.690000e+03 3.128648e-01
7.691000e+03 2.433693e-01
7.692000e+03 3.022675e-01
7.693000e+03 3.023390e-01
7.694000e+03 2.873451e-01
7.695000e+03 2.776366e-01
7.696000e+03 2.646990e-01
7.697000e+03 2.422412e-01
7.698000e+03 2.386962e-01
7.699000e+03 1.910167e-01
7.700000e+03 1.426317e-01
7.701000e+03 6.317657e-02
7.702000e+03 1.258858e-01
7.703000e+03 1.846736e-01
7.704000e+03 2.102946e-01
7.705000e+03 2.684803e-01
7.706000e+03 2.838387e-01
7.707000e+03 2.205553e-01
7.708000e+03 2.374462e-01
7.709000e+03 2.827371e-01
7.710000e+03 2.504720e-01
7.711000e+03 2.846293e-01
7.712000e+03 2.957180e-01
7.713000e+03 2.795621e-01
7.714000e+03 3.064683e-01
7.715000e+03 2.454745e-01
7.716000e+03 2.804070e-01
7.717000e+03 2.815628e-01
7.718000e+03 2.739980e-01
7.719000e+03 3.104535e-01
7.720000e+03 2.546897e-01
7.721000e+03 3.390176e-01
7.722000e+03 2.727912e-01
7.723000e+03 3.211707e-01
7.724000e+03 3.006698e-01
7.725000e+03 2.937551e-01
7.726000e+03 2.940962e-01
7.727000e+03 2.899125e-01
7.728000e+03 3.362429e-01
7.729000e+03 3.282510e-01
7.730000e+03 2.981542e-01
7.731000e+03 3.696036e-01
7.732000e+03 2.813224e-01
7.733000e+03 3.581245e-01
7.734000e+03 3.203632e-01
7.735000e+03 3.700061e-01
7.736000e+03 3.394775e-01
7.737000e+03 3.115904e-01
7.738000e+03 3.517230e-01
7.739000e+03 3.348044e-01
7.740000e+03 3.707317e-01
7.741000e+03 3.150598e-01
7.742000e+03 3.477434e-01
7.743000e+03 3.079812e-01
7.744000e+03 3.978195e-01
7.745000e+03 2.760439e-01
7.746000e+03 3.097305e-01
7.747000e+03 3.192129e-01
7.748000e+03 3.057518e-01
7.749000e+03 2.929250e-01
7.750000e+03 3.222749e-01
7.751000e+03 2.939561e-01
7.752000e+03 2.009870e-01
7.753000e+03 2.411589e-01
7.754000e+03 3.188595e-01
7.755000e+03 2.625405e-01
7.756000e+03 2.908779e-01
7.757000e+03 2.994397e-01
7.758000e+03 3.112851e-01
7.759000e+03 2.648050e-01
7.760000e+03 2.770186e-01
7.761000e+03 3.072254e-01
7.762000e+03 2.587171e-01
7.763000e+03 3.156349e-01
7.764000e+03 2.634463e-01
7.765000e+03 3.055752e-01
7.766000e+03 3.049061e-01
7.767000e+03 3.105227e-01
7.768000e+03 3.034618e-01
7.769000e+03 3.442156e-01
7.770000e+03 2.754244e-01
7.771000e+03 3.154225e-01
7.772000e+03 3.347065e-01
7.773000e+03 3.117839e-01
7.774000e+03 2.764794e-01
7.775000e+03 3.474158e-01
7.776000e+03 2.975050e-01
7.777000e+03 3.303871e-01
7.778000e+03 2.874002e-01
7.779000e+03 3.515650e-01
7.780000e+03 3.026048e-01
7.781000e+03 3.066930e-01
7.782000e+03 3.295308e-01
7.783000e+03 2.751127e-01
7.784000e+03 3.582285e-01
7.785000e+03 2.644067e-01
7.786000e+03 2.540910e-01
7.787000e+03 3.191161e-01
7.788000e+03 3.059519e-01
7.789000e+03 2.790652e-01
7.790000e+03 3.177214e-01
7.791000e+03 2.908195e-01
7.792000e+03 3.098346e-01
7.793000e+03 3.473051e-01
7.794000e+03 2.881120e-01
7.795000e+03 3.044689e-01
7.796000e+03 3.475614e-01
7.797000e+03 2.761259e-01
7.798000e+03 3.252793e-01
7.799000e+03 3.199239e-01
7.800000e+03 3.249962e-01
7.801000e+03 3.037360e-01
7.802000e+03 2.734334e-01
7.803000e+03 3.014997e-01
7.804000e+03 3.548196e-01
7.805000e+03 3.481629e-01
7.806000e+03 3.373615e-01
7.807000e+03 3.438001e-01
7.808000e+03 3.320633e-01
7.809000e+03 3.539609e-01
7.810000e+03 3.546337e-01
7.811000e+03 3.357240e-01
7.812000e+03 3.472242e-01
7.813000e+03 3.376712e-01
7.814000e+03 3.429630e-01
7.815000e+03 4.086199e-01
7.816000e+03 3.417332e-01
7.817000e+03 3.629805e-01
7.818000e+03 3.862011e-01
7.819000e+03 3.122199e-01
7.820000e+03 3.932910e-01
7.821000e+03 3.741669e-01
7.822000e+03 3.447464e-01
7.823000e+03 3.392300e-01
7.824000e+03 3.177575e-01
7.825000e+03 3.277143e-01
7.826000e+03 3.645228e-01
7.827000e+03 3.437361e-01
7.828000e+03 3.470666e-01
7.829000e+03 3.614886e-01
7.830000e+03 2.981953e-01
7.831000e+03 2.738228e-01
7.832000e+03 3.173377e-01
7.833000e+03 3.046910e-01
7.834000e+03 3.354649e-01
7.835000e+03 3.041878e-01
7.836000e+03 3.148012e-01
7.837000e+03 3.426363e-01
7.838000e+03 3.077078e-01
7.839000e+03 3.116610e-01
7.840000e+03 3.380922e-01
7.841000e+03 3.345696e-01
7.842000e+03 3.260432e-01
7.843000e+03 3.415323e-01
7.844000e+03 3.226773e-01
7.845000e+03 3.441324e-01
7.846000e+03 3.258095e-01
7.847000e+03 3.485753e-01
7.848000e+03 3.614415e-01
7.849000e+03 3.079733e-01
7.850000e+03 3.630128e-01
7.851000e+03 3.319699e-01
7.852000e+03 3.613953e-01
7.853000e+03 3.430534e-01
7.854000e+03 3.426270e-01
7.855000e+03 3.414542e-01
7.856000e+03 3.541285e-01
7.857000e+03 3.555201e-01
7.858000e+03 3.555951e-01
7.859000e+03 3.637423e-01
7.860000e+03 3.581368e-01
7.861000e+03 3.491154e-01
7.862000e+03 4.022747e-01
7.863000e+03 3.314528e-01
7.864000e+03 2.958095e-01
7.865000e+03 3.655729e-01
7.866000e+03 3.240767e-01
7.867000e+03 3.786519e-01
7.868000e+03 3.581905e-01
7.869000e+03 3.295083e-01
7.870000e+03 3.677091e-01
7.871000e+03 3.467263e-01
7.872000e+03 3.313187e-01
7.873000e+03 3.597653e-01
7.874000e+03 3.738980e-01
7.875000e+03 3.578387e-01
7.876000e+03 3.564874e-01
7.877000e+03 3.765785e-01
7.878000e+03 3.543991e-01
7.879000e+03 3.950484e-01
7.880000e+03 3.609497e-01
7.881000e+03 3.433191e-01
7.882000e+03 4.120452e-01
7.883000e+03 3.399354e-01
7.884000e+03 3.895234e-01
7.885000e+03 3.795487e-01
7.886000e+03 3.814347e-01
7.887000e+03 3.706248e-01
7.888000e+03 3.673081e-01
7.889000e+03 4.124583e-01
7.890000e+03 3.562664e-01
7.891000e+03 3.985214e-01
7.892000e+03 3.771964e-01
7.893000e+03 4.053361e-01
7.894000e+03 3.868942e-01
7.895000e+03 3.905781e-01
7.896000e+03 4.104313e-01
7.897000e+03 3.530078e-01
7.898000e+03 3.855341e-01
7.899000e+03 3.831298e-01
7.900000e+03 3.878413e-01
7.901000e+03 4.050447e-01
7.902000e+03 3.792115e-01
7.903000e+03 3.530842e-01
7.904000e+03 4.054260e-01
7.905000e+03 3.922935e-01
7.906000e+03 3.694327e-01
7.907000e+03 4.029472e-01
7.908000e+03 3.719120e-01
7.909000e+03 3.837952e-01
7.910000e+03 3.300907e-01
7.911000e+03 3.564569e-01
7.912000e+03 3.664035e-01
7.913000e+03 3.363776e-01
7.914000e+03 3.471143e-01
7.915000e+03 3.289413e-01
7.916000e+03 3.669309e-01
7.917000e+03 3.660237e-01
7.918000e+03 3.675496e-01
7.919000e+03 3.898808e-01
7.920000e+03 3.640437e-01
7.921000e+03 3.485542e-01
7.922000e+03 3.733078e-01
7.923000e+03 3.568979e-01
7.924000e+03 3.874422e-01
7.925000e+03 3.609097e-01
7.926000e+03 3.892783e-01
7.927000e+03 3.757773e-01
7.928000e+03 3.903477e-01
7.929000e+03 3.745849e-01
7.930000e+03 4.068970e-01
7.931000e+03 3.936106e-01
7.932000e+03 4.038469e-01
7.933000e+03 3.721126e-01
7.934000e+03 3.878579e-01
7.935000e+03 3.853017e-01
7.936000e+03 4.175203e-01
7.937000e+03 3.935810e-01
7.938000e+03 3.802293e-01
7.939000e+03 3.639207e-01
7.940000e+03 3.879053e-01
7.941000e+03 4.225510e-01
7.942000e+03 3.696354e-01
7.943000e+03 3.804604e-01
7.944000e+03 3.724153e-01
7.945000e+03 4.005658e-01
7.946000e+03 4.111596e-01
7.947000e+03 3.757833e-01
7.948000e+03 3.849443e-01
7.949000e+03 3.940277e-01
7.950000e+03 3.389206e-01
7.951000e+03 3.547430e-01
7.952000e+03 3.915804e-01
7.953000e+03 4.041545e-01
7.954000e+03 3.837903e-01
7.955000e+03 4.170118e-01
7.956000e+03 4.126566e-01
7.957000e+03 4.058357e-01
7.958000e+03 4.055554e-01
7.959000e+03 3.930845e-01
7.960000e+03 4.130028e-01
7.961000e+03 4.066025e-01
7.962000e+03 3.905800e-01
7.963000e+03 4.356582e-01
7.964000e+03 3.899295e-01
7.965000e+03 4.199704e-01
7.966000e+03 4.309385e-01
7.967000e+03 4.034554e-01
7.968000e+03 4.082408e-01
7.969000e+03 4.287556e-01
7.970000e+03 4.188749e-01
7.971000e+03 4.126358e-01
7.972000e+03 4.191854e-01
7.973000e+03 4.198895e-01
7.974000e+03 4.225176e-01
7.975000e+03 4.336571e-01
7.976000e+03 4.131794e-01
7.977000e+03 4.251285e-01
7.978000e+03 4.399005e-01
7.979000e+03 4.203532e-01
7.980000e+03 4.378349e-01
7.981000e+03 3.720153e-01
7.982000e+03 4.093337e-01
7.983000e+03 4.067442e-01
7.984000e+03 4.142583e-01
7.985000e+03 4.097012e-01
7.986000e+03 4.173017e-01
7.987000e+03 4.283859e-01
7.988000e+03 4.254004e-01
7.989000e+03 4.282363e-01
7.990000e+03 3.800342e-01
7.991000e+03 3.976513e-01
7.992000e+03 4.157150e-01
7.993000e+03 4.070713e-01
7.994000e+03 4.141980e-01
7.995000e+03 4.081511e-01
7.996000e+03 4.196857e-01
7.997000e+03 4.199406e-01
7.998000e+03 4.019762e-01
7.999000e+03 4.224991e-01
8.000000e+03 4.165620e-01
8.001000e+03 3.969356e-01
8.002000e+03 4.154435e-01
8.003000e+03 4.259897e-01
8.004000e+03 4.246121e-01
8.005000e+03 4.102419e-01
8.006000e+03 4.420612e-01
8.007000e+03 4.215609e-01
8.008000e+03 4.145714e-01
8.009000e+03 4.433380e-01
8.010000e+03 4.340235e-01
8.011000e+03 4.378284e-01
8.012000e+03 4.226366e-01
8.013000e+03 4.538361e-01
8.014000e+03 4.138718e-01
8.015000e+03 4.508557e-01
8.016000e+03 4.255738e-01
8.017000e+03 4.453726e-01
8.018000e+03 4.221467e-01
8.019000e+03 4.534764e-01
8.020000e+03 4.410573e-01
8.021000e+03 4.444446e-01
8.022000e+03 4.433210e-01
8.023000e+03 4.325635e-01
8.024000e+03 4.404792e-01
8.025000e+03 4.327719e-01
8.026000e+03 4.391250e-01
8.027000e+03 4.218934e-01
8.028000e+03 4.340517e-01
8.029000e+03 4.476324e-01
8.030000e+03 4.310111e-01
8.031000e+03 4.422771e-01
8.032000e+03 4.488122e-01
8.033000e+03 4.313887e-01
8.034000e+03 4.599160e-01
8.035000e+03 4.434548e-01
8.036000e+03 4.447748e-01
8.037000e+03 4.542288e-01
8.038000e+03 4.606309e-01
8.039000e+03 4.484645e-01
8.040000e+03 4.499152e-01
8.041000e+03 4.624238e-01
8.042000e+03 4.542012e-01
8.043000e+03 4.445101e-01
8.044000e+03 4.730965e-01
8.045000e+03 4.526286e-01
8.046000e+03 4.638182e-01
8.047000e+03 4.501572e-01
8.048000e+03 4.546793e-01
8.049000e+03 4.564446e-01
8.050000e+03 3.835309e-01
8.051000e+03 4.755475e-01
8.052000e+03 4.607202e-01
8.053000e+03 4.662340e-01
8.054000e+03 4.645746e-01
8.055000e+03 4.754038e-01
8.056000e+03 4.588787e-01
8.057000e+03 4.627132e-01
8.058000e+03 4.621156e-01
8.059000e+03 4.887521e-01
8.060000e+03 4.573346e-01
8.061000e+03 4.695200e-01
8.062000e+03 4.718249e-01
8.063000e+03 4.874326e-01
8.064000e+03 4.454381e-01
8.065000e+03 4.822603e-01
8.066000e+03 4.723890e-01
8.067000e+03 4.683388e-01
8.068000e+03 4.681141e-01
8.069000e+03 4.657555e-01
8.070000e+03 4.487966e-01
8.071000e+03 4.451560e-01
8.072000e+03 4.739919e-01
8.073000e+03 4.597336e-01
8.074000e+03 4.558088e-01
8.075000e+03 4.830530e-01
8.076000e+03 4.790729e-01
8.077000e+03 4.030286e-01
8.078000e+03 4.706800e-01
8.079000e+03 4.831484e-01
8.080000e+03 4.661284e-01
8.081000e+03 4.668868e-01
8.082000e+03 4.803300e-01
8.083000e+03 4.825661e-01
8.084000e+03 4.775331e-01
8.085000e+03 4.697372e-01
8.086000e+03 4.871584e-01
8.087000e+03 4.670680e-01
8.088000e+03 4.729993e-01
8.089000e+03 4.807559e-01
8.090000e+03 4.851961e-01
8.091000e+03 4.868281e-01
8.092000e+03 4.736757e-01
8.093000e+03 4.904948e-01
8.094000e+03 4.818032e-01
8.095000e+03 4.760339e-01
8.096000e+03 4.678684e-01
8.097000e+03 4.857596e-01
8.098000e+03 4.871219e-01
8.099000e+03 4.857945e-01
8.100000e+03 4.852107e-01
8.101000e+03 4.978261e-01
8.102000e+03 4.790108e-01
8.103000e+03 4.844490e-01
8.104000e+03 4.836351e-01
8.105000e+03 4.899935e-01
8.106000e+03 4.932006e-01
8.107000e+03 4.868455e-01
8.108000e+03 4.930883e-01
8.109000e+03 4.867937e-01
8.110000e+03 5.040373e-01
8.111000e+03 4.899562e-01
8.112000e+03 4.945385e-01
8.113000e+03 4.914090e-01
8.114000e+03 4.880407e-01
8.115000e+03 4.831457e-01
8.116000e+03 5.015233e-01
8.117000e+03 4.891950e-01
8.118000e+03 4.947317e-01
8.119000e+03 4.314517e-01
8.120000e+03 5.034107e-01
8.121000e+03 4.947745e-01
8.122000e+03 4.930596e-01
8.123000e+03 4.963051e-01
8.124000e+03 5.068298e-01
8.125000e+03 4.929167e-01
8.126000e+03 4.937653e-01
8.127000e+03 4.977980e-01
8.128000e+03 5.016643e-01
8.129000e+03 4.980392e-01
8.130000e+03 4.983300e-01
8.131000e+03 5.127666e-01
8.132000e+03 5.077142e-01
8.133000e+03 5.023989e-01
8.134000e+03 4.995481e-01
8.135000e+03 4.946981e-01
8.136000e+03 5.068331e-01
8.137000e+03 5.138383e-01
8.138000e+03 5.021396e-01
8.139000e+03 5.122218e-01
8.140000e+03 5.052812e-01
8.141000e+03 5.009086e-01
8.142000e+03 5.059110e-01
8.143000e+03 5.129828e-01
8.144000e+03 5.011333e-01
8.145000e+03 4.939761e-01
8.146000e+03 5.186333e-01
8.147000e+03 4.949572e-01
8.148000e+03 5.091430e-01
8.149000e+03 5.055762e-01
8.150000e+03 5.116307e-01
8.151000e+03 5.091583e-01
8.152000e+03 5.125304e-01
8.153000e+03 5.016322e-01
8.154000e+03 5.082047e-01
8.155000e+03 5.152690e-01
8.156000e+03 5.104395e-01
8.157000e+03 5.128007e-01
8.158000e+03 5.004927e-01
8.159000e+03 5.053176e-01
8.160000e+03 5.097856e-01
8.161000e+03 5.066195e-01
8.162000e+03 4.993150e-01
8.163000e+03 4.598516e-01
8.164000e+03 5.073634e-01
8.165000e+03 4.969922e-01
8.166000e+03 5.077060e-01
8.167000e+03 5.117355e-01
8.168000e+03 5.026774e-01
8.169000e+03 5.086391e-01
8.170000e+03 5.050108e-01
8.171000e+03 5.074378e-01
8.172000e+03 5.025548e-01
8.173000e+03 5.046431e-01
8.174000e+03 5.009148e-01
8.175000e+03 4.975284e-01
8.176000e+03 4.912841e-01
8.177000e+03 4.953056e-01
8.178000e+03 4.840339e-01
8.179000e+03 4.775501e-01
8.180000e+03 4.675502e-01
8.181000e+03 4.509595e-01
8.182000e+03 4.362580e-01
8.183000e+03 3.932924e-01
8.184000e+03 3.227100e-01
8.185000e+03 1.806273e-01
8.186000e+03 1.776212e-01
8.187000e+03 3.234170e-01
8.188000e+03 3.873350e-01
8.189000e+03 4.080024e-01
8.190000e+03 4.297412e-01
8.191000e+03 4.400382e-01
8.192000e+03 4.255270e-01
8.193000e+03 4.135700e-01
8.194000e+03 3.733744e-01
8.195000e+03 3.222243e-01
8.196000e+03 2.337006e-01
8.197000e+03 1.096277e-01
8.198000e+03 2.161016e-01
8.199000e+03 3.128831e-01
8.200000e+03 3.737526e-01
8.201000e+03 3.998794e-01
8.202000e+03 4.316485e-01
8.203000e+03 4.507723e-01
8.204000e+03 4.633881e-01
8.205000e+03 4.746451e-01
8.206000e+03 4.180252e-01
8.207000e+03 4.165892e-01
8.208000e+03 4.478464e-01
8.209000e+03 4.560721e-01
8.210000e+03 4.645649e-01
8.211000e+03 4.781031e-01
8.212000e+03 4.821768e-01
8.213000e+03 4.667333e-01
8.214000e+03 4.686782e-01
8.215000e+03 4.684442e-01
8.216000e+03 4.660892e-01
8.217000e+03 4.696497e-01
8.218000e+03 4.771405e-01
8.219000e+03 4.616569e-01
8.220000e+03 4.763199e-01
8.221000e+03 4.793173e-01
8.222000e+03 4.558451e-01
8.223000e+03 4.394734e-01
8.224000e+03 4.833913e-01
8.225000e+03 4.794816e-01
8.226000e+03 4.757255e-01
8.227000e+03 4.864313e-01
8.228000e+03 4.830614e-01
8.229000e+03 4.811919e-01
8.230000e+03 4.903067e-01
8.231000e+03 4.899066e-01
8.232000e+03 4.786388e-01
8.233000e+03 4.846370e-01
8.234000e+03 4.829278e-01
8.235000e+03 4.756350e-01
8.236000e+03 5.026748e-01
8.237000e+03 4.895957e-01
8.238000e+03 4.862391e-01
8.239000e+03 4.996785e-01
8.240000e+03 4.917833e-01
8.241000e+03 4.541307e-01
8.242000e+03 4.941027e-01
8.243000e+03 4.997485e-01
8.244000e+03 4.795591e-01
8.245000e+03 4.855768e-01
8.246000e+03 4.888076e-01
8.247000e+03 4.924405e-01
8.248000e+03 4.999230e-01
8.249000e+03 5.016240e-01
8.250000e+03 4.805958e-01
8.251000e+03 5.087189e-01
8.252000e+03 4.931109e-01
8.253000e+03 4.791365e-01
8.254000e+03 4.686812e-01
8.255000e+03 4.929782e-01
8.256000e+03 4.673861e-01
8.257000e+03 4.871575e-01
8.258000e+03 4.703492e-01
8.259000e+03 4.720283e-01
8.260000e+03 5.019617e-01
8.261000e+03 4.834571e-01
8.262000e+03 4.997582e-01
8.263000e+03 4.891523e-01
8.264000e+03 4.963642e-01
8.265000e+03 4.913051e-01
8.266000e+03 4.968900e-01
8.267000e+03 4.960332e-01
8.268000e+03 4.934192e-01
8.269000e+03 5.020504e-01
8.270000e+03 4.859233e-01
8.271000e+03 5.000133e-01
8.272000e+03 4.971712e-01
8.273000e+03 4.946309e-01
8.274000e+03 5.006895e-01
8.275000e+03 4.946511e-01
8.276000e+03 4.979174e-01
8.277000e+03 4.488599e-01
8.278000e+03 4.660340e-01
8.279000e+03 4.800330e-01
8.280000e+03 4.704529e-01
8.281000e+03 4.951601e-01
8.282000e+03 4.743126e-01
8.283000e+03 5.027776e-01
8.284000e+03 4.613275e-01
8.285000e+03 4.747319e-01
8.286000e+03 4.774591e-01
8.287000e+03 4.631544e-01
8.288000e+03 4.799562e-01
8.289000e+03 4.644465e-01
8.290000e+03 4.848825e-01
8.291000e+03 4.477434e-01
8.292000e+03 4.419439e-01
8.293000e+03 4.694055e-01
8.294000e+03 4.472704e-01
8.295000e+03 4.810841e-01
8.296000e+03 4.511688e-01
8.297000e+03 4.624150e-01
8.298000e+03 4.889099e-01
8.299000e+03 4.511474e-01
8.300000e+03 4.704043e-01
8.301000e+03 4.671753e-01
8.302000e+03 4.654145e-01
8.303000e+03 4.777934e-01
8.304000e+03 4.537510e-01
8.305000e+03 4.393169e-01
8.306000e+03 4.680621e-01
8.307000e+03 4.433199e-01
8.308000e+03 4.864664e-01
8.309000e+03 4.672448e-01
8.310000e+03 4.168893e-01
8.311000e+03 4.801093e-01
8.312000e+03 4.670046e-01
8.313000e+03 4.465688e-01
8.314000e+03 4.747997e-01
8.315000e+03 4.790954e-01
8.316000e+03 4.674544e-01
8.317000e+03 4.745865e-01
8.318000e+03 4.569876e-01
8.319000e+03 4.789960e-01
8.320000e+03 4.755178e-01
8.321000e+03 4.678147e-01
8.322000e+03 4.737962e-01
8.323000e+03 4.954549e-01
8.324000e+03 4.432562e-01
8.325000e+03 4.953319e-01
8.326000e+03 4.610501e-01
8.327000e+03 4.803631e-01
8.328000e+03 4.521067e-01
8.329000e+03 3.346187e-01
8.330000e+03 4.150800e-01
8.331000e+03 4.724081e-01
8.332000e+03 4.650082e-01
8.333000e+03 4.886177e-01
8.334000e+03 4.747318e-01
8.335000e+03 4.830138e-01
8.336000e+03 4.767984e-01
8.337000e+03 3.986117e-01
8.338000e+03 4.561012e-01
8.339000e+03 4.622622e-01
8.340000e+03 4.717358e-01
8.341000e+03 4.770365e-01
8.342000e+03 4.682460e-01
8.343000e+03 4.835223e-01
8.344000e+03 4.844070e-01
8.345000e+03 4.805462e-01
8.346000e+03 4.778952e-01
8.347000e+03 4.673405e-01
8.348000e+03 4.720229e-01
8.349000e+03 4.722654e-01
8.350000e+03 4.338312e-01
8.351000e+03 4.279972e-01
8.352000e+03 4.619031e-01
8.353000e+03 4.684422e-01
8.354000e+03 4.746485e-01
8.355000e+03 4.336585e-01
8.356000e+03 4.596224e-01
8.357000e+03 4.584738e-01
8.358000e+03 4.780490e-01
8.359000e+03 4.528891e-01
8.360000e+03 4.718590e-01
8.361000e+03 4.601465e-01
8.362000e+03 4.616698e-01
8.363000e+03 4.712416e-01
8.364000e+03 4.479436e-01
8.365000e+03 4.760916e-01
8.366000e+03 4.133290e-01
8.367000e+03 3.962675e-01
8.368000e+03 4.613802e-01
8.369000e+03 4.675277e-01
8.370000e+03 4.728257e-01
8.371000e+03 4.773976e-01
8.372000e+03 4.705250e-01
8.373000e+03 4.748447e-01
8.374000e+03 4.715696e-01
8.375000e+03 4.465434e-01
8.376000e+03 4.462909e-01
8.377000e+03 4.583540e-01
8.378000e+03 4.785976e-01
8.379000e+03 4.593813e-01
8.380000e+03 3.492620e-01
8.381000e+03 4.549628e-01
8.382000e+03 4.736736e-01
8.383000e+03 4.654144e-01
8.384000e+03 4.490474e-01
8.385000e+03 2.697056e-01
8.386000e+03 4.461267e-01
8.387000e+03 4.725073e-01
8.388000e+03 4.693708e-01
8.389000e+03 3.873956e-01
8.390000e+03 2.856780e-01
8.391000e+03 4.163419e-01
8.392000e+03 4.283676e-01
8.393000e+03 4.754507e-01
8.394000e+03 4.535188e-01
8.395000e+03 4.732073e-01
8.396000e+03 4.793115e-01
8.397000e+03 4.453987e-01
8.398000e+03 4.879646e-01
8.399000e+03 3.446652e-01
8.400000e+03 4.625630e-01
8.401000e+03 4.455670e-01
8.402000e+03 4.928121e-01
8.403000e+03 4.434671e-01
8.404000e+03 4.705972e-01
8.405000e+03 4.658947e-01
8.406000e+03 4.736171e-01
8.407000e+03 4.623047e-01
8.408000e+03 4.952509e-01
8.409000e+03 4.539882e-01
8.410000e+03 4.737735e-01
8.411000e+03 4.766658e-01
8.412000e+03 4.762742e-01
8.413000e+03 4.574205e-01
8.414000e+03 4.443091e-01
8.415000e+03 3.607467e-01
8.416000e+03 4.590497e-01
8.417000e+03 4.840273e-01
8.418000e+03 4.736001e-01
8.419000e+03 4.571196e-01
8.420000e+03 4.692093e-01
8.421000e+03 4.791018e-01
8.422000e+03 4.370146e-01
8.423000e+03 4.394672e-01
8.424000e+03 4.594974e-01
8.425000e+03 4.555331e-01
8.426000e+03 4.591939e-01
8.427000e+03 4.328867e-01
8.428000e+03 4.396915e-01
8.429000e+03 3.122169e-01
8.430000e+03 4.504586e-01
8.431000e+03 4.528302e-01
8.432000e+03 4.565084e-01
8.433000e+03 4.522604e-01
8.434000e+03 4.446916e-01
8.435000e+03 3.987760e-01
8.436000e+03 3.490571e-01
8.437000e+03 2.584797e-01
8.438000e+03 2.572313e-01
8.439000e+03 4.035721e-01
8.440000e+03 4.179974e-01
8.441000e+03 4.295193e-01
8.442000e+03 4.411093e-01
8.443000e+03 3.736309e-01
8.444000e+03 3.859282e-01
8.445000e+03 4.241325e-01
8.446000e+03 4.013635e-01
8.447000e+03 4.111765e-01
8.448000e+03 4.068719e-01
8.449000e+03 4.029707e-01
8.450000e+03 4.262663e-01
8.451000e+03 4.157287e-01
8.452000e+03 4.301034e-01
8.453000e+03 3.951951e-01
8.454000e+03 3.493102e-01
8.455000e+03 3.405962e-01
8.456000e+03 3.814037e-01
8.457000e+03 3.868266e-01
8.458000e+03 3.702705e-01
8.459000e+03 3.863940e-01
8.460000e+03 3.601177e-01
8.461000e+03 3.913217e-01
8.462000e+03 3.912929e-01
8.463000e+03 3.942186e-01
8.464000e+03 4.165470e-01
8.465000e+03 3.846757e-01
8.466000e+03 3.868536e-01
8.467000e+03 3.893499e-01
8.468000e+03 3.769248e-01
8.469000e+03 3.700295e-01
8.470000e+03 3.584160e-01
8.471000e+03 3.055220e-01
8.472000e+03 3.787355e-01
8.473000e+03 3.932686e-01
8.474000e+03 3.906392e-01
8.475000e+03 3.696076e-01
8.476000e+03 3.698295e-01
8.477000e+03 3.943811e-01
8.478000e+03 4.127565e-01
8.479000e+03 3.896409e-01
8.480000e+03 4.153493e-01
8.481000e+03 3.864478e-01
8.482000e+03 3.889157e-01
8.483000e+03 4.059263e-01
8.484000e+03 4.089930e-01
8.485000e+03 3.944814e-01
8.486000e+03 4.070632e-01
8.487000e+03 4.158699e-01
8.488000e+03 4.087125e-01
8.489000e+03 4.108775e-01
8.490000e+03 4.094527e-01
8.491000e+03 4.039927e-01
8.492000e+03 4.188156e-01
8.493000e+03 3.984541e-01
8.494000e+03 4.289000e-01
8.495000e+03 4.227884e-01
8.496000e+03 3.981152e-01
8.497000e+03 3.892654e-01
8.498000e+03 3.548867e-01
8.499000e+03 3.924748e-01
8.500000e+03 3.079252e-01
8.501000e+03 3.534270e-01
8.502000e+03 4.177488e-01
8.503000e+03 4.111596e-01
8.504000e+03 4.118804e-01
8.505000e+03 3.906633e-01
8.506000e+03 4.058099e-01
8.507000e+03 3.664437e-01
8.508000e+03 3.935332e-01
8.509000e+03 3.901775e-01
8.510000e+03 4.020396e-01
8.511000e+03 3.964915e-01
8.512000e+03 4.087671e-01
8.513000e+03 4.155974e-01
8.514000e+03 4.123150e-01
8.515000e+03 4.011511e-01
8.516000e+03 3.389613e-01
8.517000e+03 3.431359e-01
8.518000e+03 3.751642e-01
8.519000e+03 4.046137e-01
8.520000e+03 3.628755e-01
8.521000e+03 3.823764e-01
8.522000e+03 3.907435e-01
8.523000e+03 4.052342e-01
8.524000e+03 4.054276e-01
8.525000e+03 4.142566e-01
8.526000e+03 4.050295e-01
8.527000e+03 4.166336e-01
8.528000e+03 4.159773e-01
8.529000e+03 4.096227e-01
8.530000e+03 3.972993e-01
8.531000e+03 4.091546e-01
8.532000e+03 4.000095e-01
8.533000e+03 4.128020e-01
8.534000e+03 4.086977e-01
8.535000e+03 4.058133e-01
8.536000e+03 4.359326e-01
8.537000e+03 4.078114e-01
8.538000e+03 4.238037e-01
8.539000e+03 4.147279e-01
8.540000e+03 4.176040e-01
8.541000e+03 3.973849e-01
8.542000e+03 3.920811e-01
8.543000e+03 3.702561e-01
8.544000e+03 2.753268e-01
8.545000e+03 3.028434e-01
8.546000e+03 3.794248e-01
8.547000e+03 3.897807e-01
8.548000e+03 4.243385e-01
8.549000e+03 4.062561e-01
8.550000e+03 4.059701e-01
8.551000e+03 4.143627e-01
8.552000e+03 4.353515e-01
8.553000e+03 4.448706e-01
8.554000e+03 4.156166e-01
8.555000e+03 4.413430e-01
8.556000e+03 4.438888e-01
8.557000e+03 4.286976e-01
8.558000e+03 4.428859e-01
8.559000e+03 4.371056e-01
8.560000e+03 4.345943e-01
8.561000e+03 4.118375e-01
8.562000e+03 3.883322e-01
8.563000e+03 4.233724e-01
8.564000e+03 4.335490e-01
8.565000e+03 4.392486e-01
8.566000e+03 4.431262e-01
8.567000e+03 4.356617e-01
8.568000e+03 4.385000e-01
8.569000e+03 4.332791e-01
8.570000e+03 4.273235e-01
8.571000e+03 4.335581e-01
8.572000e+03 4.314427e-01
8.573000e+03 4.193206e-01
8.574000e+03 4.395517e-01
8.575000e+03 4.311105e-01
8.576000e+03 4.275259e-01
8.577000e+03 4.583835e-01
8.578000e+03 4.176957e-01
8.579000e+03 4.588494e-01
8.580000e+03 4.194997e-01
8.581000e+03 4.156725e-01
8.582000e+03 4.487226e-01
8.583000e+03 4.203049e-01
8.584000e+03 4.487334e-01
8.585000e+03 4.179640e-01
8.586000e+03 4.420515e-01
8.587000e+03 4.391005e-01
8.588000e+03 4.576846e-01
8.589000e+03 4.350738e-01
8.590000e+03 4.518283e-01
8.591000e+03 4.510200e-01
8.592000e+03 4.368946e-01
8.593000e+03 4.441785e-01
8.594000e+03 4.192700e-01
8.595000e+03 4.573595e-01
8.596000e+03 4.353386e-01
8.597000e+03 4.382651e-01
8.598000e+03 4.544246e-01
8.599000e+03 4.391112e-01
8.600000e+03 4.584479e-01
8.601000e+03 4.420394e-01
8.602000e+03 4.454514e-01
8.603000e+03 4.514888e-01
8.604000e+03 4.585061e-01
8.605000e+03 4.415050e-01
8.606000e+03 4.519688e-01
8.607000e+03 4.572657e-01
8.608000e+03 4.544560e-01
8.609000e+03 4.471400e-01
8.610000e+03 4.527978e-01
8.611000e+03 4.559586e-01
8.612000e+03 4.535262e-01
8.613000e+03 4.529910e-01
8.614000e+03 3.857191e-01
8.615000e+03 4.445534e-01
8.616000e+03 4.632029e-01
8.617000e+03 4.594997e-01
8.618000e+03 4.581252e-01
8.619000e+03 4.461301e-01
8.620000e+03 4.533183e-01
8.621000e+03 4.648622e-01
8.622000e+03 4.484809e-01
8.623000e+03 4.619159e-01
8.624000e+03 4.415527e-01
8.625000e+03 4.479280e-01
8.626000e+03 4.442153e-01
8.627000e+03 4.523062e-01
8.628000e+03 4.641663e-01
8.629000e+03 4.613197e-01
8.630000e+03 4.815934e-01
8.631000e+03 4.540231e-01
8.632000e+03 4.442702e-01
8.633000e+03 4.596384e-01
8.634000e+03 4.582806e-01
8.635000e+03 4.640882e-01
8.636000e+03 4.566812e-01
8.637000e+03 4.618178e-01
8.638000e+03 4.630150e-01
8.639000e+03 4.594433e-01
8.640000e+03 4.768339e-01
8.641000e+03 4.480721e-01
8.642000e+03 4.422085e-01
8.643000e+03 4.699668e-01
8.644000e+03 4.779002e-01
8.645000e+03 4.589892e-01
8.646000e+03 4.717493e-01
8.647000e+03 4.598962e-01
8.648000e+03 4.424312e-01
8.649000e+03 4.538130e-01
8.650000e+03 4.449343e-01
8.651000e+03 4.805758e-01
8.652000e+03 4.580178e-01
8.653000e+03 4.576172e-01
8.654000e+03 4.626285e-01
8.655000e+03 4.759665e-01
8.656000e+03 4.551090e-01
8.657000e+03 4.701330e-01
8.658000e+03 4.673293e-01
8.659000e+03 4.494233e-01
8.660000e+03 4.544905e-01
8.661000e+03 4.599310e-01
8.662000e+03 4.391155e-01
8.663000e+03 4.205778e-01
8.664000e+03 2.840972e-01
8.665000e+03 3.256076e-01
8.666000e+03 4.165399e-01
8.667000e+03 4.476321e-01
8.668000e+03 4.587829e-01
8.669000e+03 4.721988e-01
8.670000e+03 4.628974e-01
8.671000e+03 4.600959e-01
8.672000e+03 4.858359e-01
8.673000e+03 4.749281e-01
8.674000e+03 4.645020e-01
8.675000e+03 4.668388e-01
8.676000e+03 4.773507e-01
8.677000e+03 3.908947e-01
8.678000e+03 3.794812e-01
8.679000e+03 4.808127e-01
8.680000e+03 4.594833e-01
8.681000e+03 4.619890e-01
8.682000e+03 4.812369e-01
8.683000e+03 4.818776e-01
8.684000e+03 4.682358e-01
8.685000e+03 4.012863e-01
8.686000e+03 4.619533e-01
8.687000e+03 4.708224e-01
8.688000e+03 4.736807e-01
8.689000e+03 4.619497e-01
8.690000e+03 4.244481e-01
8.691000e+03 2.696499e-01
8.692000e+03 4.169670e-01
8.693000e+03 4.534034e-01
8.694000e+03 4.639153e-01
8.695000e+03 4.062407e-01
8.696000e+03 4.541322e-01
8.697000e+03 4.571887e-01
8.698000e+03 4.667149e-01
8.699000e+03 4.815068e-01
8.700000e+03 4.429825e-01
8.701000e+03 4.803628e-01
8.702000e+03 4.823894e-01
8.703000e+03 4.789008e-01
8.704000e+03 4.514899e-01
8.705000e+03 4.745964e-01
8.706000e+03 4.705947e-01
8.707000e+03 4.811750e-01
8.708000e+03 4.758849e-01
8.709000e+03 4.641381e-01
8.710000e+03 4.891915e-01
8.711000e+03 4.758694e-01
8.712000e+03 4.650785e-01
8.713000e+03 4.451802e-01
8.714000e+03 4.577811e-01
8.715000e+03 4.975924e-01
8.716000e+03 4.678016e-01
8.717000e+03 4.616729e-01
8.718000e+03 4.692597e-01
8.719000e+03 4.626611e-01
8.720000e+03 4.697879e-01
8.721000e+03 4.697004e-01
8.722000e+03 4.533126e-01
8.723000e+03 4.996586e-01
8.724000e+03 4.683777e-01
8.725000e+03 4.897447e-01
8.726000e+03 4.767343e-01
8.727000e+03 4.658986e-01
8.728000e+03 4.932371e-01
8.729000e+03 4.676244e-01
8.730000e+03 4.873521e-01
8.731000e+03 4.938559e-01
8.732000e+03 4.929724e-01
8.733000e+03 4.928795e-01
8.734000e+03 4.629593e-01
8.735000e+03 4.838902e-01
8.736000e+03 4.684560e-01
8.737000e+03 4.200502e-01
8.738000e+03 4.673954e-01
8.739000e+03 4.895678e-01
8.740000e+03 4.794348e-01
8.741000e+03 4.592648e-01
8.742000e+03 4.931149e-01
8.743000e+03 4.804813e-01
8.744000e+03 4.819740e-01
8.745000e+03 4.884560e-01
8.746000e+03 4.766487e-01
8.747000e+03 4.932643e-01
8.748000e+03 4.922283e-01
8.749000e+03 4.848034e-01
8.750000e+03 4.764486e-01
8.751000e+03 4.815730e-01
8.752000e+03 4.829797e-01
8.753000e+03 4.740571e-01
8.754000e+03 4.835450e-01
8.755000e+03 4.912988e-01
8.756000e+03 4.977138e-01
8.757000e+03 4.916470e-01
8.758000e+03 4.836182e-01
8.759000e+03 4.714235e-01
8.760000e+03 4.551275e-01
8.761000e+03 4.851540e-01
8.762000e+03 5.027501e-01
8.763000e+03 4.991435e-01
8.764000e+03 5.001493e-01
8.765000e+03 4.897249e-01
8.766000e+03 4.746781e-01
8.767000e+03 4.874013e-01
8.768000e+03 4.678736e-01
8.769000e+03 4.499431e-01
8.770000e+03 4.740084e-01
8.771000e+03 5.012746e-01
8.772000e+03 4.921687e-01
8.773000e+03 5.095487e-01
8.774000e+03 4.954542e-01
8.775000e+03 4.767167e-01
8.776000e+03 4.716792e-01
8.777000e+03 5.050159e-01
8.778000e+03 4.978433e-01
8.779000e+03 5.136139e-01
8.780000e+03 4.881680e-01
8.781000e+03 4.692956e-01
8.782000e+03 4.863860e-01
8.783000e+03 5.009885e-01
8.784000e+03 4.959264e-01
8.785000e+03 4.899754e-01
8.786000e+03 4.928969e-01
8.787000e+03 5.073791e-01
8.788000e+03 5.014776e-01
8.789000e+03 5.031152e-01
8.790000e+03 5.021299e-01
8.791000e+03 4.944842e-01
8.792000e+03 5.027348e-01
8.793000e+03 5.166941e-01
8.794000e+03 4.934284e-01
8.795000e+03 5.011497e-01
8.796000e+03 5.018790e-01
8.797000e+03 4.946519e-01
8.798000e+03 5.077543e-01
8.799000e+03 5.028730e-01
8.800000e+03 5.136630e-01
8.801000e+03 5.171813e-01
8.802000e+03 5.139860e-01
8.803000e+03 4.553597e-01
8.804000e+03 4.779256e-01
8.805000e+03 4.813143e-01
8.806000e+03 4.887364e-01
8.807000e+03 4.672239e-01
8.808000e+03 4.728562e-01
8.809000e+03 3.644851e-01
8.810000e+03 4.603282e-01
8.811000e+03 4.893276e-01
8.812000e+03 5.007112e-01
8.813000e+03 5.035187e-01
8.814000e+03 4.904600e-01
8.815000e+03 5.084269e-01
8.816000e+03 5.106227e-01
8.817000e+03 5.007750e-01
8.818000e+03 5.112510e-01
8.819000e+03 5.083635e-01
8.820000e+03 5.204481e-01
8.821000e+03 5.153412e-01
8.822000e+03 5.096246e-01
8.823000e+03 5.169923e-01
8.824000e+03 4.882798e-01
8.825000e+03 4.830915e-01
8.826000e+03 4.326785e-01
8.827000e+03 3.370492e-01
8.828000e+03 4.981437e-01
8.829000e+03 4.906447e-01
8.830000e+03 4.925944e-01
8.831000e+03 4.993551e-01
8.832000e+03 5.004127e-01
8.833000e+03 5.239635e-01
8.834000e+03 5.136667e-01
8.835000e+03 5.127927e-01
8.836000e+03 5.106456e-01
8.837000e+03 5.181411e-01
8.838000e+03 5.112171e-01
8.839000e+03 5.011443e-01
8.840000e+03 5.186941e-01
8.841000e+03 4.472561e-01
8.842000e+03 5.086008e-01
8.843000e+03 5.159375e-01
8.844000e+03 5.167963e-01
8.845000e+03 5.097261e-01
8.846000e+03 5.124109e-01
8.847000e+03 4.863623e-01
8.848000e+03 5.091633e-01
8.849000e+03 5.048566e-01
8.850000e+03 5.025611e-01
8.851000e+03 4.934249e-01
8.852000e+03 4.971887e-01
8.853000e+03 5.154154e-01
8.854000e+03 5.309968e-01
8.855000e+03 5.205555e-01
8.856000e+03 5.183461e-01
8.857000e+03 5.268618e-01
8.858000e+03 5.067951e-01
8.859000e+03 5.112081e-01
8.860000e+03 5.220649e-01
8.861000e+03 5.165690e-01
8.862000e+03 3.284998e-01
8.863000e+03 3.760950e-01
8.864000e+03 4.079203e-01
8.865000e+03 4.360434e-01
8.866000e+03 4.317921e-01
8.867000e+03 4.415001e-01
8.868000e+03 4.578389e-01
8.869000e+03 4.677894e-01
8.870000e+03 4.689199e-01
8.871000e+03 4.162026e-01
8.872000e+03 3.800390e-01
8.873000e+03 3.994013e-01
8.874000e+03 3.977731e-01
8.875000e+03 4.156028e-01
8.876000e+03 4.115533e-01
8.877000e+03 3.894269e-01
8.878000e+03 4.422367e-01
8.879000e+03 4.202978e-01
8.880000e+03 4.240156e-01
8.881000e+03 4.285773e-01
8.882000e+03 4.370621e-01
8.883000e+03 4.311313e-01
8.884000e+03 4.480289e-01
8.885000e+03 4.250482e-01
8.886000e+03 4.113793e-01
8.887000e+03 4.213702e-01
8.888000e+03 4.435627e-01
8.889000e+03 4.357911e-01
8.890000e+03 4.122597e-01
8.891000e+03 4.594213e-01
8.892000e+03 4.031660e-01
8.893000e+03 4.245417e-01
8.894000e+03 4.795354e-01
8.895000e+03 4.079692e-01
8.896000e+03 4.236617e-01
8.897000e+03 4.358465e-01
8.898000e+03 4.298938e-01
8.899000e+03 4.398539e-01
8.900000e+03 4.165429e-01
8.901000e+03 4.546872e-01
8.902000e+03 4.365996e-01
8.903000e+03 4.581889e-01
8.904000e+03 4.583168e-01
8.905000e+03 4.321304e-01
8.906000e+03 4.842442e-01
8.907000e+03 4.243115e-01
8.908000e+03 4.792299e-01
8.909000e+03 4.387039e-01
8.910000e+03 4.627487e-01
8.911000e+03 4.647600e-01
8.912000e+03 4.411442e-01
8.913000e+03 4.457195e-01
8.914000e+03 4.624786e-01
8.915000e+03 4.508143e-01
8.916000e+03 4.600321e-01
8.917000e+03 4.481847e-01
8.918000e+03 4.580097e-01
8.919000e+03 4.425505e-01
8.920000e+03 4.757355e-01
8.921000e+03 4.475679e-01
8.922000e+03 4.317185e-01
8.923000e+03 4.552099e-01
8.924000e+03 4.760868e-01
8.925000e+03 4.563644e-01
8.926000e+03 4.598062e-01
8.927000e+03 4.690482e-01
8.928000e+03 4.430411e-01
8.929000e+03 4.920838e-01
8.930000e+03 4.341379e-01
8.931000e+03 4.835236e-01
8.932000e+03 4.344749e-01
8.933000e+03 4.977889e-01
8.934000e+03 4.596407e-01
8.935000e+03 4.672675e-01
8.936000e+03 4.866728e-01
8.937000e+03 4.576954e-01
8.938000e+03 4.886950e-01
8.939000e+03 4.122639e-01
8.940000e+03 4.258050e-01
8.941000e+03 4.204810e-01
8.942000e+03 4.479369e-01
8.943000e+03 4.506460e-01
8.944000e+03 4.380138e-01
8.945000e+03 4.571166e-01
8.946000e+03 4.513202e-01
8.947000e+03 4.514911e-01
8.948000e+03 4.302574e-01
8.949000e+03 4.468654e-01
8.950000e+03 4.179725e-01
8.951000e+03 4.450705e-01
8.952000e+03 4.456959e-01
8.953000e+03 4.482341e-01
8.954000e+03 4.564325e-01
8.955000e+03 4.515495e-01
8.956000e+03 4.198418e-01
8.957000e+03 4.567341e-01
8.958000e+03 4.547605e-01
8.959000e+03 4.591950e-01
8.960000e+03 4.463811e-01
8.961000e+03 4.478249e-01
8.962000e+03 4.628742e-01
8.963000e+03 4.425641e-01
8.964000e+03 4.522274e-01
8.965000e+03 4.736583e-01
8.966000e+03 4.534518e-01
8.967000e+03 4.385356e-01
8.968000e+03 4.686031e-01
8.969000e+03 4.358907e-01
8.970000e+03 4.486972e-01
8.971000e+03 4.474235e-01
8.972000e+03 4.698675e-01
8.973000e+03 4.769689e-01
8.974000e+03 4.452490e-01
8.975000e+03 4.405266e-01
8.976000e+03 4.873788e-01
8.977000e+03 4.703434e-01
8.978000e+03 4.295102e-01
8.979000e+03 4.689316e-01
8.980000e+03 4.605016e-01
8.981000e+03 4.581284e-01
8.982000e+03 4.828253e-01
8.983000e+03 4.280505e-01
8.984000e+03 4.792044e-01
8.985000e+03 4.784218e-01
8.986000e+03 4.984192e-01
8.987000e+03 4.424219e-01
8.988000e+03 4.997953e-01
8.989000e+03 4.783942e-01
8.990000e+03 4.391448e-01
8.991000e+03 5.049550e-01
8.992000e+03 4.540739e-01
8.993000e+03 4.499740e-01
8.994000e+03 4.971112e-01
8.995000e+03 4.881820e-01
8.996000e+03 4.704045e-01
8.997000e+03 4.760663e-01
8.998000e+03 4.870034e-01
8.999000e+03 4.821466e-01
9.000000e+03 4.449815e-01
9.001000e+03 4.888764e-01
9.002000e+03 3.625873e-01
9.003000e+03 4.347431e-01
9.004000e+03 4.889940e-01
9.005000e+03 5.021199e-01
9.006000e+03 4.612245e-01
9.007000e+03 5.030361e-01
9.008000e+03 4.902053e-01
9.009000e+03 4.935535e-01
9.010000e+03 4.702117e-01
9.011000e+03 5.070195e-01
9.012000e+03 4.407869e-01
9.013000e+03 4.515442e-01
9.014000e+03 5.076090e-01
9.015000e+03 4.824272e-01
9.016000e+03 4.760423e-01
9.017000e+03 4.776200e-01
9.018000e+03 4.750031e-01
9.019000e+03 4.564366e-01
9.020000e+03 4.352281e-01
9.021000e+03 4.966612e-01
9.022000e+03 4.780626e-01
9.023000e+03 4.718436e-01
9.024000e+03 4.514339e-01
9.025000e+03 4.822379e-01
9.026000e+03 5.054722e-01
9.027000e+03 4.557791e-01
9.028000e+03 4.576169e-01
9.029000e+03 4.837440e-01
9.030000e+03 4.296138e-01
9.031000e+03 4.471768e-01
9.032000e+03 4.893224e-01
9.033000e+03 4.872824e-01
9.034000e+03 4.732193e-01
9.035000e+03 4.881968e-01
9.036000e+03 4.859011e-01
9.037000e+03 4.803690e-01
9.038000e+03 4.841557e-01
9.039000e+03 4.882453e-01
9.040000e+03 4.853690e-01
9.041000e+03 4.921168e-01
9.042000e+03 4.728392e-01
9.043000e+03 4.826292e-01
9.044000e+03 4.754409e-01
9.045000e+03 4.825820e-01
9.046000e+03 4.883423e-01
9.047000e+03 4.904575e-01
9.048000e+03 4.956706e-01
9.049000e+03 4.919186e-01
9.050000e+03 4.850707e-01
9.051000e+03 5.072223e-01
9.052000e+03 5.036233e-01
9.053000e+03 4.855252e-01
9.054000e+03 4.796635e-01
9.055000e+03 4.721188e-01
9.056000e+03 4.883629e-01
9.057000e+03 4.731366e-01
9.058000e+03 4.931834e-01
9.059000e+03 4.831747e-01
9.060000e+03 4.742274e-01
9.061000e+03 4.911337e-01
9.062000e+03 4.900223e-01
9.063000e+03 4.820951e-01
9.064000e+03 4.859617e-01
9.065000e+03 5.187039e-01
9.066000e+03 4.690293e-01
9.067000e+03 5.093625e-01
9.068000e+03 4.878365e-01
9.069000e+03 4.887050e-01
9.070000e+03 4.946799e-01
9.071000e+03 5.081280e-01
9.072000e+03 4.907569e-01
9.073000e+03 4.688254e-01
9.074000e+03 5.108734e-01
9.075000e+03 4.977327e-01
9.076000e+03 4.848918e-01
9.077000e+03 4.928110e-01
9.078000e+03 4.911376e-01
9.079000e+03 4.979051e-01
9.080000e+03 5.153072e-01
9.081000e+03 5.134763e-01
9.082000e+03 4.980043e-01
9.083000e+03 5.047225e-01
9.084000e+03 5.010652e-01
9.085000e+03 5.042743e-01
9.086000e+03 4.945741e-01
9.087000e+03 4.695573e-01
9.088000e+03 5.023516e-01
9.089000e+03 5.052024e-01
9.090000e+03 4.926604e-01
9.091000e+03 4.388542e-01
9.092000e+03 4.461329e-01
9.093000e+03 4.587623e-01
9.094000e+03 5.000407e-01
9.095000e+03 5.133579e-01
9.096000e+03 4.964446e-01
9.097000e+03 5.012420e-01
9.098000e+03 4.968550e-01
9.099000e+03 5.044188e-01
9.100000e+03 4.995601e-01
9.101000e+03 4.988531e-01
9.102000e+03 4.591953e-01
9.103000e+03 4.955815e-01
9.104000e+03 5.082175e-01
9.105000e+03 5.177588e-01
9.106000e+03 5.125159e-01
9.107000e+03 4.949977e-01
9.108000e+03 4.655543e-01
9.109000e+03 4.806592e-01
9.110000e+03 5.009047e-01
9.111000e+03 4.958931e-01
9.112000e+03 4.857948e-01
9.113000e+03 5.173926e-01
9.114000e+03 5.060799e-01
9.115000e+03 5.177422e-01
9.116000e+03 5.243018e-01
9.117000e+03 5.184214e-01
9.118000e+03 5.111956e-01
9.119000e+03 5.041239e-01
9.120000e+03 5.134333e-01
9.121000e+03 4.926632e-01
9.122000e+03 5.034827e-01
9.123000e+03 5.130950e-01
9.124000e+03 5.064959e-01
9.125000e+03 5.227813e-01
9.126000e+03 5.108497e-01
9.127000e+03 5.032977e-01
9.128000e+03 5.126088e-01
9.129000e+03 5.090556e-01
9.130000e+03 5.193826e-01
9.131000e+03 5.066598e-01
9.132000e+03 5.248747e-01
9.133000e+03 5.204866e-01
9.134000e+03 4.953567e-01
9.135000e+03 5.314283e-01
9.136000e+03 5.109340e-01
9.137000e+03 5.006662e-01
9.138000e+03 5.167738e-01
9.139000e+03 5.172281e-01
9.140000e+03 5.238663e-01
9.141000e+03 4.976435e-01
9.142000e+03 5.183839e-01
9.143000e+03 4.944437e-01
9.144000e+03 5.142300e-01
9.145000e+03 5.232692e-01
9.146000e+03 5.173162e-01
9.147000e+03 5.302943e-01
9.148000e+03 5.257645e-01
9.149000e+03 5.256714e-01
9.150000e+03 5.024330e-01
9.151000e+03 5.286497e-01
9.152000e+03 4.920469e-01
9.153000e+03 5.157029e-01
9.154000e+03 5.108752e-01
9.155000e+03 5.139097e-01
9.156000e+03 5.124223e-01
9.157000e+03 5.176298e-01
9.158000e+03 5.288617e-01
9.159000e+03 5.067353e-01
9.160000e+03 5.307711e-01
9.161000e+03 5.279208e-01
9.162000e+03 5.172641e-01
9.163000e+03 5.205142e-01
9.164000e+03 5.244987e-01
9.165000e+03 5.108655e-01
9.166000e+03 5.121989e-01
9.167000e+03 5.297935e-01
9.168000e+03 5.304644e-01
9.169000e+03 5.303504e-01
9.170000e+03 5.195766e-01
9.171000e+03 5.047275e-01
9.172000e+03 5.135561e-01
9.173000e+03 5.307018e-01
9.174000e+03 5.379875e-01
9.175000e+03 5.271655e-01
9.176000e+03 4.933665e-01
9.177000e+03 5.087038e-01
9.178000e+03 5.033439e-01
9.179000e+03 5.260377e-01
9.180000e+03 5.156811e-01
9.181000e+03 5.327129e-01
9.182000e+03 5.190430e-01
9.183000e+03 5.192833e-01
9.184000e+03 5.361253e-01
9.185000e+03 5.326648e-01
9.186000e+03 5.242957e-01
9.187000e+03 5.156876e-01
9.188000e+03 5.171777e-01
9.189000e+03 5.313624e-01
9.190000e+03 5.345198e-01
9.191000e+03 5.338951e-01
9.192000e+03 5.337055e-01
9.193000e+03 5.272845e-01
9.194000e+03 5.337182e-01
9.195000e+03 5.183853e-01
9.196000e+03 5.221749e-01
9.197000e+03 5.358818e-01
9.198000e+03 5.234166e-01
9.199000e+03 5.172341e-01
9.200000e+03 5.403347e-01
9.201000e+03 5.278325e-01
9.202000e+03 5.217036e-01
9.203000e+03 5.271777e-01
9.204000e+03 5.273700e-01
9.205000e+03 5.191345e-01
9.206000e+03 5.317482e-01
9.207000e+03 5.171012e-01
9.208000e+03 5.195960e-01
9.209000e+03 5.032726e-01
9.210000e+03 4.927551e-01
9.211000e+03 4.879003e-01
9.212000e+03 5.078732e-01
9.213000e+03 5.137368e-01
9.214000e+03 5.122712e-01
9.215000e+03 5.089471e-01
9.216000e+03 5.275592e-01
9.217000e+03 5.216443e-01
9.218000e+03 5.305738e-01
9.219000e+03 4.966172e-01
9.220000e+03 5.079199e-01
9.221000e+03 5.018508e-01
9.222000e+03 4.819857e-01
9.223000e+03 5.133474e-01
9.224000e+03 5.060499e-01
9.225000e+03 5.071974e-01
9.226000e+03 5.043603e-01
9.227000e+03 5.101471e-01
9.228000e+03 5.075602e-01
9.229000e+03 5.062596e-01
9.230000e+03 5.168852e-01
9.231000e+03 4.966979e-01
9.232000e+03 4.982299e-01
9.233000e+03 4.936564e-01
9.234000e+03 5.028981e-01
9.235000e+03 4.862111e-01
9.236000e+03 5.021569e-01
9.237000e+03 4.973702e-01
9.238000e+03 5.063338e-01
9.239000e+03 4.979727e-01
9.240000e+03 5.112146e-01
9.241000e+03 4.985340e-01
9.242000e+03 5.086870e-01
9.243000e+03 5.030234e-01
9.244000e+03 5.157291e-01
9.245000e+03 5.135373e-01
9.246000e+03 5.102895e-01
9.247000e+03 5.081486e-01
9.248000e+03 5.032311e-01
9.249000e+03 4.899426e-01
9.250000e+03 4.963718e-01
9.251000e+03 5.080787e-01
9.252000e+03 5.002341e-01
9.253000e+03 4.924324e-01
9.254000e+03 5.038686e-01
9.255000e+03 4.935358e-01
9.256000e+03 5.011844e-01
9.257000e+03 5.051818e-01
9.258000e+03 4.929029e-01
9.259000e+03 5.026340e-01
9.260000e+03 5.029615e-01
9.261000e+03 5.158271e-01
9.262000e+03 4.982284e-01
9.263000e+03 4.996624e-01
9.264000e+03 5.051355e-01
9.265000e+03 5.098334e-01
9.266000e+03 4.915141e-01
9.267000e+03 4.994430e-01
9.268000e+03 5.114416e-01
9.269000e+03 5.031683e-01
9.270000e+03 4.985214e-01
9.271000e+03 5.123222e-01
9.272000e+03 5.100044e-01
9.273000e+03 5.117634e-01
9.274000e+03 5.149832e-01
9.275000e+03 5.024105e-01
9.276000e+03 4.811537e-01
9.277000e+03 4.976714e-01
9.278000e+03 4.955692e-01
9.279000e+03 5.061997e-01
9.280000e+03 4.818016e-01
9.281000e+03 4.930079e-01
9.282000e+03 4.952284e-01
9.283000e+03 4.822800e-01
9.284000e+03 5.127693e-01
9.285000e+03 4.860456e-01
9.286000e+03 4.928943e-01
9.287000e+03 4.946602e-01
9.288000e+03 5.044487e-01
9.289000e+03 4.993007e-01
9.290000e+03 5.008320e-01
9.291000e+03 4.926785e-01
9.292000e+03 4.886669e-01
9.293000e+03 4.271050e-01
9.294000e+03 4.804018e-01
9.295000e+03 4.950592e-01
9.296000e+03 4.973222e-01
9.297000e+03 4.735053e-01
9.298000e+03 5.019468e-01
9.299000e+03 4.567397e-01
9.300000e+03 4.969246e-01
9.301000e+03 4.761585e-01
9.302000e+03 4.906271e-01
9.303000e+03 4.780789e-01
9.304000e+03 4.845666e-01
9.305000e+03 5.036235e-01
9.306000e+03 4.946091e-01
9.307000e+03 4.977443e-01
9.308000e+03 4.682695e-01
9.309000e+03 4.937965e-01
9.310000e+03 5.012165e-01
9.311000e+03 5.018051e-01
9.312000e+03 5.017316e-01
9.313000e+03 4.960290e-01
9.314000e+03 4.953368e-01
9.315000e+03 4.877625e-01
9.316000e+03 5.034004e-01
9.317000e+03 4.960936e-01
9.318000e+03 4.988240e-01
9.319000e+03 4.678295e-01
9.320000e+03 4.981401e-01
9.321000e+03 4.900613e-01
9.322000e+03 4.855051e-01
9.323000e+03 4.936706e-01
9.324000e+03 4.928758e-01
9.325000e+03 5.047782e-01
9.326000e+03 4.821768e-01
9.327000e+03 4.979587e-01
9.328000e+03 4.975118e-01
9.329000e+03 4.882058e-01
9.330000e+03 4.957622e-01
9.331000e+03 4.945991e-01
9.332000e+03 4.970463e-01
9.333000e+03 5.049809e-01
9.334000e+03 4.975447e-01
9.335000e+03 4.940498e-01
9.336000e+03 5.030617e-01
9.337000e+03 4.899805e-01
9.338000e+03 4.884963e-01
9.339000e+03 4.943296e-01
9.340000e+03 5.014768e-01
9.341000e+03 5.124822e-01
9.342000e+03 5.075574e-01
9.343000e+03 4.778332e-01
9.344000e+03 5.026107e-01
9.345000e+03 4.750324e-01
9.346000e+03 5.034090e-01
9.347000e+03 4.865865e-01
9.348000e+03 5.003249e-01
9.349000e+03 4.968790e-01
9.350000e+03 4.917224e-01
9.351000e+03 5.013414e-01
9.352000e+03 4.943477e-01
9.353000e+03 4.766863e-01
9.354000e+03 4.809662e-01
9.355000e+03 4.791099e-01
9.356000e+03 5.055828e-01
9.357000e+03 4.917344e-01
9.358000e+03 5.001501e-01
9.359000e+03 5.019728e-01
9.360000e+03 4.809706e-01
9.361000e+03 4.979560e-01
9.362000e+03 4.877968e-01
9.363000e+03 4.976073e-01
9.364000e+03 5.017937e-01
9.365000e+03 4.747723e-01
9.366000e+03 4.989179e-01
9.367000e+03 4.976073e-01
9.368000e+03 4.641214e-01
9.369000e+03 5.033792e-01
9.370000e+03 4.855828e-01
9.371000e+03 4.936337e-01
9.372000e+03 4.869147e-01
9.373000e+03 5.043907e-01
9.374000e+03 4.927633e-01
9.375000e+03 4.983016e-01
9.376000e+03 4.986508e-01
9.377000e+03 5.053143e-01
9.378000e+03 5.012033e-01
9.379000e+03 5.061700e-01
9.380000e+03 4.841929e-01
9.381000e+03 5.059815e-01
9.382000e+03 5.014899e-01
9.383000e+03 4.688382e-01
9.384000e+03 5.015070e-01
9.385000e+03 5.062227e-01
9.386000e+03 4.962224e-01
9.387000e+03 5.029215e-01
9.388000e+03 5.042206e-01
9.389000e+03 4.958160e-01
9.390000e+03 4.956807e-01
9.391000e+03 5.039827e-01
9.392000e+03 4.922291e-01
9.393000e+03 4.799042e-01
9.394000e+03 5.086155e-01
9.395000e+03 4.934786e-01
9.396000e+03 4.964507e-01
9.397000e+03 5.046623e-01
9.398000e+03 4.816649e-01
9.399000e+03 4.944805e-01
9.400000e+03 5.098918e-01
9.401000e+03 4.962924e-01
9.402000e+03 4.989249e-01
9.403000e+03 5.067971e-01
9.404000e+03 4.960364e-01
9.405000e+03 4.982128e-01
9.406000e+03 4.946124e-01
9.407000e+03 4.916518e-01
9.408000e+03 5.085195e-01
9.409000e+03 4.958184e-01
9.410000e+03 5.117955e-01
9.411000e+03 4.980779e-01
9.412000e+03 5.032030e-01
9.413000e+03 5.004590e-01
9.414000e+03 5.007400e-01
9.415000e+03 4.833040e-01
9.416000e+03 5.023799e-01
9.417000e+03 4.961624e-01
9.418000e+03 4.886898e-01
9.419000e+03 5.013491e-01
9.420000e+03 4.906022e-01
9.421000e+03 5.102287e-01
9.422000e+03 5.091496e-01
9.423000e+03 4.924207e-01
9.424000e+03 4.966509e-01
9.425000e+03 4.989387e-01
9.426000e+03 4.997672e-01
9.427000e+03 4.949148e-01
9.428000e+03 5.082720e-01
9.429000e+03 4.998932e-01
9.430000e+03 5.115190e-01
9.431000e+03 4.876829e-01
9.432000e+03 5.062766e-01
9.433000e+03 4.975841e-01
9.434000e+03 5.126872e-01
9.435000e+03 5.048774e-01
9.436000e+03 5.076576e-01
9.437000e+03 4.937533e-01
9.438000e+03 5.045741e-01
9.439000e+03 4.861412e-01
9.440000e+03 4.855750e-01
9.441000e+03 5.013442e-01
9.442000e+03 5.004236e-01
9.443000e+03 5.002926e-01
9.444000e+03 4.909324e-01
9.445000e+03 4.978077e-01
9.446000e+03 4.892246e-01
9.447000e+03 4.921552e-01
9.448000e+03 4.943693e-01
9.449000e+03 4.699188e-01
9.450000e+03 4.455320e-01
9.451000e+03 5.078775e-01
9.452000e+03 5.096998e-01
9.453000e+03 4.993456e-01
9.454000e+03 5.080389e-01
9.455000e+03 5.092602e-01
9.456000e+03 5.082664e-01
9.457000e+03 4.926011e-01
9.458000e+03 4.874385e-01
9.459000e+03 4.955781e-01
9.460000e+03 5.118863e-01
9.461000e+03 5.017131e-01
9.462000e+03 5.094541e-01
9.463000e+03 5.049888e-01
9.464000e+03 4.932038e-01
9.465000e+03 5.056726e-01
9.466000e+03 5.034934e-01
9.467000e+03 4.924749e-01
9.468000e+03 4.992325e-01
9.469000e+03 5.022827e-01
9.470000e+03 5.090458e-01
9.471000e+03 4.941250e-01
9.472000e+03 5.063231e-01
9.473000e+03 5.067968e-01
9.474000e+03 5.145631e-01
9.475000e+03 5.064990e-01
9.476000e+03 5.077287e-01
9.477000e+03 5.046810e-01
9.478000e+03 5.060447e-01
9.479000e+03 5.207943e-01
9.480000e+03 5.141859e-01
9.481000e+03 5.118799e-01
9.482000e+03 5.203837e-01
9.483000e+03 4.935407e-01
9.484000e+03 4.872556e-01
9.485000e+03 5.045818e-01
9.486000e+03 5.080549e-01
9.487000e+03 5.111590e-01
9.488000e+03 5.140980e-01
9.489000e+03 5.073779e-01
9.490000e+03 5.094807e-01
9.491000e+03 5.105416e-01
9.492000e+03 5.081434e-01
9.493000e+03 5.122657e-01
9.494000e+03 5.185009e-01
9.495000e+03 5.097561e-01
9.496000e+03 5.001462e-01
9.497000e+03 5.079608e-01
9.498000e+03 5.050478e-01
9.499000e+03 5.239143e-01
9.500000e+03 5.156430e-01
9.501000e+03 5.077105e-01
9.502000e+03 5.198409e-01
9.503000e+03 4.934219e-01
9.504000e+03 5.052554e-01
9.505000e+03 4.936397e-01
9.506000e+03 5.177199e-01
9.507000e+03 5.183663e-01
9.508000e+03 5.085367e-01
9.509000e+03 4.926127e-01
9.510000e+03 5.106488e-01
9.511000e+03 4.976305e-01
9.512000e+03 5.017485e-01
9.513000e+03 5.072308e-01
9.514000e+03 5.037959e-01
9.515000e+03 5.032856e-01
9.516000e+03 4.972244e-01
9.517000e+03 5.119623e-01
9.518000e+03 4.975102e-01
9.519000e+03 5.044906e-01
9.520000e+03 5.134615e-01
9.521000e+03 5.078883e-01
9.522000e+03 5.096193e-01
9.523000e+03 5.174123e-01
9.524000e+03 5.126847e-01
9.525000e+03 5.054759e-01
9.526000e+03 5.120905e-01
9.527000e+03 5.166824e-01
9.528000e+03 5.064640e-01
9.529000e+03 5.099570e-01
9.530000e+03 5.116070e-01
9.531000e+03 4.965088e-01
9.532000e+03 5.150807e-01
9.533000e+03 5.182007e-01
9.534000e+03 5.052735e-01
9.535000e+03 5.092459e-01
9.536000e+03 5.076802e-01
9.537000e+03 4.999310e-01
9.538000e+03 4.947699e-01
9.539000e+03 5.004077e-01
9.540000e+03 5.059177e-01
9.541000e+03 5.101249e-01
9.542000e+03 5.042334e-01
9.543000e+03 4.978198e-01
9.544000e+03 5.199376e-01
9.545000e+03 5.088836e-01
9.546000e+03 5.022020e-01
9.547000e+03 5.092563e-01
9.548000e+03 4.795711e-01
9.549000e+03 3.876135e-01
9.550000e+03 4.986650e-01
9.551000e+03 4.917171e-01
9.552000e+03 5.157250e-01
9.553000e+03 5.126496e-01
9.554000e+03 5.101086e-01
9.555000e+03 5.026216e-01
9.556000e+03 5.103935e-01
9.557000e+03 5.105732e-01
9.558000e+03 5.142604e-01
9.559000e+03 4.984096e-01
9.560000e+03 5.120330e-01
9.561000e+03 5.057495e-01
9.562000e+03 5.051575e-01
9.563000e+03 5.212062e-01
9.564000e+03 5.120451e-01
9.565000e+03 5.080689e-01
9.566000e+03 4.945892e-01
9.567000e+03 5.205188e-01
9.568000e+03 5.147021e-01
9.569000e+03 5.044320e-01
9.570000e+03 5.129691e-01
9.571000e+03 5.005695e-01
9.572000e+03 5.107853e-01
9.573000e+03 5.159682e-01
9.574000e+03 4.865073e-01
9.575000e+03 5.118334e-01
9.576000e+03 5.132939e-01
9.577000e+03 4.504030e-01
9.578000e+03 5.008369e-01
9.579000e+03 5.172535e-01
9.580000e+03 5.064889e-01
9.581000e+03 5.072335e-01
9.582000e+03 5.181497e-01
9.583000e+03 5.154795e-01
9.584000e+03 5.031548e-01
9.585000e+03 5.184722e-01
9.586000e+03 5.157225e-01
9.587000e+03 5.117275e-01
9.588000e+03 5.210399e-01
9.589000e+03 5.136776e-01
9.590000e+03 5.078477e-01
9.591000e+03 5.148895e-01
9.592000e+03 5.056670e-01
9.593000e+03 5.064310e-01
9.594000e+03 5.139334e-01
9.595000e+03 5.145234e-01
9.596000e+03 5.118230e-01
9.597000e+03 5.142411e-01
9.598000e+03 5.016399e-01
9.599000e+03 5.056524e-01
9.600000e+03 4.907762e-01
9.601000e+03 4.986432e-01
9.602000e+03 3.599307e-01
9.603000e+03 4.786565e-01
9.604000e+03 4.988510e-01
9.605000e+03 5.106490e-01
9.606000e+03 4.993988e-01
9.607000e+03 4.901194e-01
9.608000e+03 5.122716e-01
9.609000e+03 5.096229e-01
9.610000e+03 5.106780e-01
9.611000e+03 5.019895e-01
9.612000e+03 5.112144e-01
9.613000e+03 5.165024e-01
9.614000e+03 5.148566e-01
9.615000e+03 5.046351e-01
9.616000e+03 5.120153e-01
9.617000e+03 5.094850e-01
9.618000e+03 5.139607e-01
9.619000e+03 5.095252e-01
9.620000e+03 5.075001e-01
9.621000e+03 5.153518e-01
9.622000e+03 5.133897e-01
9.623000e+03 5.122156e-01
9.624000e+03 5.158523e-01
9.625000e+03 5.188312e-01
9.626000e+03 5.211187e-01
9.627000e+03 5.134909e-01
9.628000e+03 5.173765e-01
9.629000e+03 5.083948e-01
9.630000e+03 5.179358e-01
9.631000e+03 5.050506e-01
9.632000e+03 5.016791e-01
9.633000e+03 5.207973e-01
9.634000e+03 5.112442e-01
9.635000e+03 5.139642e-01
9.636000e+03 5.165870e-01
9.637000e+03 5.128652e-01
9.638000e+03 4.985703e-01
9.639000e+03 4.859336e-01
9.640000e+03 4.338930e-01
9.641000e+03 2.634754e-01
9.642000e+03 4.503765e-01
9.643000e+03 4.843450e-01
9.644000e+03 5.001274e-01
9.645000e+03 5.114770e-01
9.646000e+03 4.979289e-01
9.647000e+03 5.110649e-01
9.648000e+03 5.041701e-01
9.649000e+03 4.967101e-01
9.650000e+03 3.496365e-01
9.651000e+03 4.962044e-01
9.652000e+03 5.042354e-01
9.653000e+03 5.017346e-01
9.654000e+03 4.963753e-01
9.655000e+03 4.954709e-01
9.656000e+03 5.026676e-01
9.657000e+03 5.080409e-01
9.658000e+03 5.075044e-01
9.659000e+03 5.115828e-01
9.660000e+03 5.130918e-01
9.661000e+03 5.215705e-01
9.662000e+03 5.136483e-01
9.663000e+03 5.051615e-01
9.664000e+03 5.027303e-01
9.665000e+03 5.135324e-01
9.666000e+03 5.021281e-01
9.667000e+03 5.103226e-01
9.668000e+03 5.175787e-01
9.669000e+03 5.145780e-01
9.670000e+03 4.869910e-01
9.671000e+03 5.134544e-01
9.672000e+03 4.975406e-01
9.673000e+03 4.573986e-01
9.674000e+03 5.044809e-01
9.675000e+03 5.028242e-01
9.676000e+03 5.032869e-01
9.677000e+03 4.711761e-01
9.678000e+03 2.897199e-01
9.679000e+03 4.341246e-01
9.680000e+03 5.020112e-01
9.681000e+03 5.102115e-01
9.682000e+03 4.977193e-01
9.683000e+03 5.168292e-01
9.684000e+03 5.133033e-01
9.685000e+03 5.109840e-01
9.686000e+03 4.948459e-01
9.687000e+03 5.115934e-01
9.688000e+03 5.124106e-01
9.689000e+03 5.220153e-01
9.690000e+03 5.101876e-01
9.691000e+03 4.388103e-01
9.692000e+03 4.213210e-01
9.693000e+03 5.122106e-01
9.694000e+03 5.104400e-01
9.695000e+03 5.169291e-01
9.696000e+03 5.164304e-01
9.697000e+03 5.078237e-01
9.698000e+03 5.121877e-01
9.699000e+03 5.247327e-01
9.700000e+03 5.202989e-01
9.701000e+03 5.106508e-01
9.702000e+03 5.170508e-01
9.703000e+03 5.184652e-01
9.704000e+03 5.065046e-01
9.705000e+03 5.099317e-01
9.706000e+03 5.027064e-01
9.707000e+03 4.919660e-01
9.708000e+03 3.289729e-01
9.709000e+03 4.324545e-01
9.710000e+03 5.019808e-01
9.711000e+03 5.076165e-01
9.712000e+03 5.111023e-01
9.713000e+03 5.189776e-01
9.714000e+03 5.127954e-01
9.715000e+03 5.017030e-01
9.716000e+03 5.217163e-01
9.717000e+03 5.142946e-01
9.718000e+03 5.093646e-01
9.719000e+03 5.121204e-01
9.720000e+03 4.833006e-01
9.721000e+03 4.962992e-01
9.722000e+03 4.478571e-01
9.723000e+03 4.907572e-01
9.724000e+03 4.781193e-01
9.725000e+03 4.943122e-01
9.726000e+03 4.937511e-01
9.727000e+03 5.040385e-01
9.728000e+03 4.900254e-01
9.729000e+03 4.884277e-01
9.730000e+03 4.768146e-01
9.731000e+03 3.194027e-01
9.732000e+03 4.704001e-01
9.733000e+03 4.929875e-01
9.734000e+03 5.103670e-01
9.735000e+03 5.112262e-01
9.736000e+03 4.997660e-01
9.737000e+03 4.530767e-01
9.738000e+03 4.959447e-01
9.739000e+03 4.947195e-01
9.740000e+03 4.814019e-01
9.741000e+03 4.918497e-01
9.742000e+03 4.899004e-01
9.743000e+03 4.991294e-01
9.744000e+03 4.969743e-01
9.745000e+03 4.876258e-01
9.746000e+03 3.405765e-01
9.747000e+03 4.536219e-01
9.748000e+03 4.942637e-01
9.749000e+03 4.834384e-01
9.750000e+03 4.712091e-01
9.751000e+03 5.055105e-01
9.752000e+03 5.020961e-01
9.753000e+03 5.026963e-01
9.754000e+03 5.059420e-01
9.755000e+03 4.901175e-01
9.756000e+03 5.019219e-01
9.757000e+03 5.007971e-01
9.758000e+03 5.007168e-01
9.759000e+03 5.013229e-01
9.760000e+03 5.083878e-01
9.761000e+03 4.996196e-01
9.762000e+03 5.045222e-01
9.763000e+03 5.145331e-01
9.764000e+03 4.985035e-01
9.765000e+03 5.021665e-01
9.766000e+03 5.130611e-01
9.767000e+03 5.031111e-01
9.768000e+03 5.147540e-01
9.769000e+03 5.040092e-01
9.770000e+03 5.055437e-01
9.771000e+03 4.890760e-01
9.772000e+03 4.865007e-01
9.773000e+03 3.696360e-01
9.774000e+03 4.839254e-01
9.775000e+03 5.009199e-01
9.776000e+03 5.083518e-01
9.777000e+03 5.052370e-01
9.778000e+03 5.127055e-01
9.779000e+03 4.983992e-01
9.780000e+03 5.129642e-01
9.781000e+03 5.017933e-01
9.782000e+03 5.098263e-01
9.783000e+03 5.008653e-01
9.784000e+03 5.018321e-01
9.785000e+03 4.813444e-01
9.786000e+03 2.834651e-01
9.787000e+03 4.596617e-01
9.788000e+03 4.960124e-01
9.789000e+03 4.894674e-01
9.790000e+03 3.789541e-01
9.791000e+03 4.533207e-01
9.792000e+03 4.938805e-01
9.793000e+03 5.029810e-01
9.794000e+03 5.086096e-01
9.795000e+03 4.927263e-01
9.796000e+03 5.132504e-01
9.797000e+03 5.172647e-01
9.798000e+03 4.945296e-01
9.799000e+03 5.136972e-01
9.800000e+03 5.009494e-01
9.801000e+03 5.144589e-01
9.802000e+03 5.039966e-01
9.803000e+03 5.103159e-01
9.804000e+03 5.115302e-01
9.805000e+03 4.974639e-01
9.806000e+03 5.199353e-01
9.807000e+03 5.113126e-01
9.808000e+03 5.030956e-01
9.809000e+03 4.914187e-01
9.810000e+03 4.722261e-01
9.811000e+03 5.022117e-01
9.812000e+03 4.961587e-01
9.813000e+03 5.044907e-01
9.814000e+03 5.080101e-01
9.815000e+03 4.911774e-01
9.816000e+03 4.893325e-01
9.817000e+03 5.026497e-01
9.818000e+03 5.028812e-01
9.819000e+03 5.107251e-01
9.820000e+03 4.924802e-01
9.821000e+03 5.089679e-01
9.822000e+03 5.033474e-01
9.823000e+03 5.017910e-01
9.824000e+03 4.907296e-01
9.825000e+03 4.959510e-01
9.826000e+03 4.955122e-01
9.827000e+03 5.011307e-01
9.828000e+03 4.910253e-01
9.829000e+03 4.995608e-01
9.830000e+03 4.976803e-01
9.831000e+03 4.961409e-01
9.832000e+03 4.979984e-01
9.833000e+03 4.962600e-01
9.834000e+03 4.960979e-01
9.835000e+03 4.705907e-01
9.836000e+03 4.816177e-01
9.837000e+03 5.006672e-01
9.838000e+03 4.843072e-01
9.839000e+03 4.880695e-01
9.840000e+03 4.957919e-01
9.841000e+03 5.098077e-01
9.842000e+03 4.975912e-01
9.843000e+03 4.977771e-01
9.844000e+03 5.076747e-01
9.845000e+03 5.040531e-01
9.846000e+03 4.959500e-01
9.847000e+03 5.045674e-01
9.848000e+03 5.037822e-01
9.849000e+03 4.994336e-01
9.850000e+03 4.986993e-01
9.851000e+03 5.129171e-01
9.852000e+03 4.949142e-01
9.853000e+03 5.037160e-01
9.854000e+03 5.126232e-01
9.855000e+03 4.908235e-01
9.856000e+03 5.205839e-01
9.857000e+03 5.116810e-01
9.858000e+03 5.040045e-01
9.859000e+03 5.090612e-01
9.860000e+03 5.060534e-01
9.861000e+03 5.146291e-01
9.862000e+03 4.947610e-01
9.863000e+03 5.107669e-01
9.864000e+03 5.042448e-01
9.865000e+03 5.094057e-01
9.866000e+03 4.964007e-01
9.867000e+03 5.163972e-01
9.868000e+03 4.947721e-01
9.869000e+03 5.072711e-01
9.870000e+03 5.104885e-01
9.871000e+03 5.113193e-01
9.872000e+03 4.825330e-01
9.873000e+03 5.203457e-01
9.874000e+03 4.979236e-01
9.875000e+03 5.115263e-01
9.876000e+03 5.056836e-01
9.877000e+03 5.118389e-01
9.878000e+03 5.116342e-01
9.879000e+03 5.127761e-01
9.880000e+03 5.102358e-01
9.881000e+03 5.186938e-01
9.882000e+03 5.017484e-01
9.883000e+03 5.102023e-01
9.884000e+03 5.123590e-01
9.885000e+03 5.093942e-01
9.886000e+03 5.164728e-01
9.887000e+03 5.065059e-01
9.888000e+03 5.203837e-01
9.889000e+03 5.091914e-01
9.890000e+03 5.026496e-01
9.891000e+03 5.163959e-01
9.892000e+03 5.063768e-01
9.893000e+03 5.186558e-01
9.894000e+03 5.065468e-01
9.895000e+03 5.187577e-01
9.896000e+03 4.904511e-01
9.897000e+03 4.892918e-01
9.898000e+03 5.040383e-01
9.899000e+03 4.278363e-01
9.900000e+03 4.810187e-01
9.901000e+03 4.491003e-01
9.902000e+03 4.951027e-01
9.903000e+03 5.050628e-01
9.904000e+03 4.601601e-01
9.905000e+03 4.629949e-01
9.906000e+03 4.218780e-01
9.907000e+03 5.034796e-01
9.908000e+03 4.707570e-01
9.909000e+03 4.150538e-01
9.910000e+03 3.778680e-01
9.911000e+03 4.668659e-01
9.912000e+03 4.644376e-01
9.913000e+03 3.945492e-01
9.914000e+03 5.036857e-01
9.915000e+03 4.234916e-01
9.916000e+03 4.343761e-01
9.917000e+03 4.206950e-01
9.918000e+03 4.199022e-01
9.919000e+03 4.674135e-01
9.920000e+03 4.138316e-01
9.921000e+03 3.986923e-01
9.922000e+03 5.084023e-01
9.923000e+03 4.603932e-01
9.924000e+03 4.460007e-01
9.925000e+03 4.746876e-01
9.926000e+03 3.754847e-01
9.927000e+03 4.498574e-01
9.928000e+03 4.693555e-01
9.929000e+03 4.646201e-01
9.930000e+03 4.219318e-01
9.931000e+03 5.121970e-01
9.932000e+03 4.517591e-01
9.933000e+03 4.820499e-01
9.934000e+03 4.701622e-01
9.935000e+03 4.802131e-01
9.936000e+03 4.250033e-01
9.937000e+03 4.049081e-01
9.938000e+03 4.857194e-01
9.939000e+03 4.751244e-01
9.940000e+03 5.085415e-01
9.941000e+03 5.065597e-01
9.942000e+03 4.428738e-01
9.943000e+03 5.007313e-01
9.944000e+03 5.029599e-01
9.945000e+03 4.827679e-01
9.946000e+03 4.704324e-01
9.947000e+03 4.739363e-01
9.948000e+03 4.377357e-01
9.949000e+03 4.994336e-01
9.950000e+03 5.151201e-01
9.951000e+03 4.787597e-01
9.952000e+03 4.681768e-01
9.953000e+03 4.617585e-01
9.954000e+03 5.160028e-01
9.955000e+03 5.074776e-01
9.956000e+03 5.139597e-01
9.957000e+03 4.334843e-01
9.958000e+03 5.151701e-01
9.959000e+03 4.797917e-01
9.960000e+03 4.713015e-01
9.961000e+03 4.711514e-01
9.962000e+03 5.081663e-01
9.963000e+03 4.707579e-01
9.964000e+03 4.297725e-01
9.965000e+03 4.585952e-01
9.966000e+03 5.106977e-01
9.967000e+03 5.027498e-01
9.968000e+03 5.129072e-01
9.969000e+03 5.045567e-01
9.970000e+03 5.024685e-01
9.971000e+03 4.603315e-01
9.972000e+03 4.986770e-01
9.973000e+03 4.311054e-01
9.974000e+03 4.602435e-01
9.975000e+03 4.697860e-01
9.976000e+03 4.789644e-01
9.977000e+03 4.431472e-01
9.978000e+03 4.563442e-01
9.979000e+03 4.862879e-01
9.980000e+03 5.077480e-01
9.981000e+03 4.911338e-01
9.982000e+03 4.949836e-01
9.983000e+03 4.819190e-01
9.984000e+03 4.895509e-01
9.985000e+03 4.860496e-01
9.986000e+03 3.860769e-01
9.987000e+03 4.761743e-01
9.988000e+03 4.506284e-01
9.989000e+03 4.482801e-01
9.990000e+03 5.100713e-01
9.991000e+03 4.983749e-01
9.992000e+03 4.318982e-01
9.993000e+03 4.421165e-01
9.994000e+03 4.815936e-01
9.995000e+03 4.809882e-01
9.996000e+03 5.041150e-01
9.997000e+03 5.079817e-01
9.998000e+03 4.660727e-01
9.999000e+03 4.350752e-01
1.000000e+04 4.695549e-01
1.000100e+04 4.470290e-01
1.000200e+04 5.071561e-01
1.000300e+04 4.678174e-01
1.000400e+04 4.999791e-01
1.000500e+04 4.917237e-01
1.000600e+04 4.828230e-01
1.000700e+04 4.633673e-01
1.000800e+04 4.920346e-01
1.000900e+04 5.023856e-01
1.001000e+04 4.463248e-01
1.001100e+04 4.948017e-01
1.001200e+04 4.466308e-01
1.001300e+04 4.715440e-01
1.001400e+04 4.635388e-01
1.001500e+04 4.678210e-01
1.001600e+04 5.008975e-01
1.001700e+04 4.638338e-01
1.001800e+04 5.016198e-01
1.001900e+04 4.840952e-01
1.002000e+04 4.973890e-01
1.002100e+04 5.019089e-01
1.002200e+04 4.717549e-01
1.002300e+04 4.663400e-01
1.002400e+04 4.770475e-01
1.002500e+04 4.496172e-01
1.002600e+04 5.008650e-01
1.002700e+04 5.020279e-01
1.002800e+04 4.874416e-01
1.002900e+04 4.949455e-01
1.003000e+04 4.552445e-01
1.003100e+04 4.999232e-01
1.003200e+04 5.021937e-01
1.003300e+04 4.723908e-01
1.003400e+04 4.821016e-01
1.003500e+04 4.873201e-01
1.003600e+04 4.709437e-01
1.003700e+04 4.414277e-01
1.003800e+04 4.838448e-01
1.003900e+04 4.496759e-01
1.004000e+04 4.520859e-01
1.004100e+04 4.941949e-01
1.004200e+04 4.782667e-01
1.004300e+04 5.007322e-01
1.004400e+04 4.593068e-01
1.004500e+04 5.017760e-01
1.004600e+04 5.003822e-01
1.004700e+04 4.947744e-01
1.004800e+04 4.653753e-01
1.004900e+04 4.802088e-01
1.005000e+04 4.995960e-01
1.005100e+04 4.668601e-01
1.005200e+04 4.382233e-01
1.005300e+04 4.406223e-01
1.005400e+04 4.334547e-01
1.005500e+04 4.818431e-01
1.005600e+04 4.517889e-01
1.005700e+04 4.393469e-01
1.005800e+04 4.574580e-01
1.005900e+04 4.120420e-01
1.006000e+04 4.814825e-01
1.006100e+04 4.630450e-01
1.006200e+04 4.389623e-01
1.006300e+04 4.661407e-01
1.006400e+04 4.498323e-01
1.006500e+04 4.635040e-01
1.006600e+04 4.619622e-01
1.006700e+04 4.396567e-01
1.006800e+04 4.857920e-01
1.006900e+04 4.789846e-01
1.007000e+04 4.986231e-01
1.007100e+04 4.906233e-01
1.007200e+04 4.683836e-01
1.007300e+04 4.920437e-01
1.007400e+04 4.694731e-01
1.007500e+04 4.237130e-01
1.007600e+04 4.924833e-01
1.007700e+04 5.010089e-01
1.007800e+04 4.897377e-01
1.007900e+04 4.747824e-01
1.008000e+04 4.842398e-01
1.008100e+04 5.094340e-01
1.008200e+04 4.889788e-01
1.008300e+04 4.706418e-01
1.008400e+04 4.988115e-01
1.008500e+04 4.983389e-01
1.008600e+04 4.707837e-01
1.008700e+04 4.872993e-01
1.008800e+04 4.864850e-01
1.008900e+04 4.855807e-01
1.009000e+04 4.935813e-01
1.009100e+04 5.002168e-01
1.009200e+04 4.147018e-01
1.009300e+04 4.919975e-01
1.009400e+04 4.966433e-01
1.009500e+04 4.718125e-01
1.009600e+04 4.640751e-01
1.009700e+04 4.643333e-01
1.009800e+04 4.898223e-01
1.009900e+04 4.740876e-01
1.010000e+04 4.824455e-01
1.010100e+04 5.081014e-01
1.010200e+04 4.936478e-01
1.010300e+04 5.083773e-01
1.010400e+04 4.966062e-01
1.010500e+04 5.018182e-01
1.010600e+04 4.731447e-01
1.010700e+04 5.099912e-01
1.010800e+04 4.756217e-01
1.010900e+04 4.977787e-01
1.011000e+04 4.839735e-01
1.011100e+04 4.674605e-01
1.011200e+04 4.635782e-01
1.011300e+04 4.829931e-01
1.011400e+04 4.705492e-01
1.011500e+04 4.706542e-01
1.011600e+04 4.876547e-01
1.011700e+04 5.126258e-01
1.011800e+04 4.701667e-01
1.011900e+04 4.475300e-01
1.012000e+04 4.504353e-01
1.012100e+04 5.035104e-01
1.012200e+04 4.776309e-01
1.012300e+04 4.938066e-01
1.012400e+04 5.028880e-01
1.012500e+04 5.065503e-01
1.012600e+04 4.850840e-01
1.012700e+04 4.506948e-01
1.012800e+04 5.118306e-01
1.012900e+04 5.128713e-01
1.013000e+04 4.504177e-01
1.013100e+04 5.071938e-01
1.013200e+04 5.041875e-01
1.013300e+04 5.098187e-01
1.013400e+04 5.054757e-01
1.013500e+04 4.749272e-01
1.013600e+04 4.705187e-01
1.013700e+04 4.845208e-01
1.013800e+04 4.713962e-01
1.013900e+04 4.147552e-01
1.014000e+04 5.119548e-01
1.014100e+04 4.690735e-01
1.014200e+04 4.664364e-01
1.014300e+04 4.704646e-01
1.014400e+04 5.127374e-01
1.014500e+04 4.880368e-01
1.014600e+04 4.841461e-01
1.014700e+04 4.878494e-01
1.014800e+04 5.003123e-01
1.014900e+04 4.540479e-01
1.015000e+04 4.277052e-01
1.015100e+04 5.050835e-01
1.015200e+04 4.846679e-01
1.015300e+04 5.095861e-01
1.015400e+04 4.707804e-01
1.015500e+04 5.054440e-01
1.015600e+04 4.771834e-01
1.015700e+04 4.669255e-01
1.015800e+04 4.876249e-01
1.015900e+04 4.594648e-01
1.016000e+04 4.622122e-01
1.016100e+04 4.623672e-01
1.016200e+04 5.081765e-01
1.016300e+04 4.998700e-01
1.016400e+04 4.731595e-01
1.016500e+04 4.370089e-01
1.016600e+04 4.976688e-01
1.016700e+04 4.670545e-01
1.016800e+04 4.646642e-01
1.016900e+04 5.043982e-01
1.017000e+04 4.924731e-01
1.017100e+04 5.104449e-01
1.017200e+04 4.541503e-01
1.017300e+04 4.812049e-01
1.017400e+04 4.385572e-01
1.017500e+04 4.856709e-01
1.017600e+04 4.977944e-01
1.017700e+04 5.087763e-01
1.017800e+04 5.002822e-01
1.017900e+04 4.999865e-01
1.018000e+04 4.796205e-01
1.018100e+04 4.555752e-01
1.018200e+04 5.019485e-01
1.018300e+04 4.632602e-01
1.018400e+04 4.976434e-01
1.018500e+04 4.581860e-01
1.018600e+04 4.539531e-01
1.018700e+04 4.986360e-01
1.018800e+04 4.380259e-01
1.018900e+04 4.614481e-01
1.019000e+04 4.986077e-01
1.019100e+04 5.064071e-01
1.019200e+04 4.735835e-01
1.019300e+04 5.040014e-01
1.019400e+04 4.944032e-01
1.019500e+04 4.710061e-01
1.019600e+04 4.469582e-01
1.019700e+04 5.019839e-01
1.019800e+04 4.708441e-01
1.019900e+04 5.046712e-01
1.020000e+04 4.971975e-01
1.020100e+04 4.594537e-01
1.020200e+04 4.942678e-01
1.020300e+04 4.699217e-01
1.020400e+04 4.918475e-01
1.020500e+04 4.741177e-01
1.020600e+04 4.882521e-01
1.020700e+04 5.079652e-01
1.020800e+04 4.630196e-01
1.020900e+04 4.881591e-01
1.021000e+04 5.097542e-01
1.021100e+04 4.939364e-01
1.021200e+04 4.988759e-01
1.021300e+04 5.068662e-01
1.021400e+04 4.400545e-01
1.021500e+04 5.000814e-01
1.021600e+04 5.054975e-01
1.021700e+04 4.326393e-01
1.021800e+04 5.078896e-01
1.021900e+04 4.558448e-01
1.022000e+04 5.072315e-01
1.022100e+04 4.466238e-01
1.022200e+04 4.505404e-01
1.022300e+04 4.686139e-01
1.022400e+04 4.572429e-01
1.022500e+04 4.973897e-01
1.022600e+04 5.057955e-01
1.022700e+04 4.958104e-01
1.022800e+04 4.849356e-01
1.022900e+04 4.885706e-01
1.023000e+04 4.576032e-01
1.023100e+04 4.669007e-01
1.023200e+04 5.069692e-01
1.023300e+04 4.989614e-01
1.023400e+04 5.033806e-01
1.023500e+04 4.229575e-01
1.023600e+04 5.078158e-01
1.023700e+04 4.987685e-01
1.023800e+04 5.088632e-01
1.023900e+04 5.002443e-01
1.024000e+04 4.872773e-01
1.024100e+04 4.913917e-01
1.024200e+04 4.994356e-01
1.024300e+04 5.043654e-01
1.024400e+04 5.097227e-01
1.024500e+04 5.114971e-01
1.024600e+04 5.021659e-01
1.024700e+04 5.026599e-01
1.024800e+04 4.701974e-01
1.024900e+04 5.022570e-01
1.025000e+04 4.762549e-01
1.025100e+04 5.119374e-01
1.025200e+04 4.818264e-01
1.025300e+04 4.779143e-01
1.025400e+04 4.587540e-01
1.025500e+04 4.431738e-01
1.025600e+04 4.528766e-01
1.025700e+04 4.696366e-01
1.025800e+04 4.757680e-01
1.025900e+04 4.990637e-01
1.026000e+04 4.778364e-01
1.026100e+04 4.557958e-01
1.026200e+04 4.255298e-01
1.026300e+04 4.399525e-01
1.026400e+04 4.834646e-01
1.026500e+04 4.650010e-01
1.026600e+04 4.347975e-01
1.026700e+04 4.861760e-01
1.026800e+04 4.394077e-01
1.026900e+04 4.923753e-01
1.027000e+04 4.940847e-01
1.027100e+04 4.808867e-01
1.027200e+04 4.651086e-01
1.027300e+04 4.694202e-01
1.027400e+04 4.838590e-01
1.027500e+04 4.662633e-01
1.027600e+04 4.682333e-01
1.027700e+04 4.347331e-01
1.027800e+04 4.781074e-01
1.027900e+04 4.596473e-01
1.028000e+04 4.817814e-01
1.028100e+04 4.823305e-01
1.028200e+04 4.708478e-01
1.028300e+04 4.535527e-01
1.028400e+04 4.842308e-01
1.028500e+04 4.108501e-01
1.028600e+04 4.614368e-01
1.028700e+04 4.592315e-01
1.028800e+04 4.768568e-01
1.028900e+04 4.838372e-01
1.029000e+04 4.863205e-01
1.029100e+04 4.766175e-01
1.029200e+04 4.651618e-01
1.029300e+04 4.327993e-01
1.029400e+04 4.696387e-01
1.029500e+04 4.798462e-01
1.029600e+04 4.843141e-01
1.029700e+04 5.081315e-01
1.029800e+04 4.838239e-01
1.029900e+04 4.960678e-01
1.030000e+04 4.844032e-01
1.030100e+04 4.279906e-01
1.030200e+04 5.054232e-01
1.030300e+04 4.693479e-01
1.030400e+04 4.197209e-01
1.030500e+04 4.716576e-01
1.030600e+04 4.809633e-01
1.030700e+04 4.928710e-01
1.030800e+04 4.960388e-01
1.030900e+04 4.937394e-01
1.031000e+04 5.143942e-01
1.031100e+04 4.680357e-01
1.031200e+04 4.863065e-01
1.031300e+04 5.025055e-01
1.031400e+04 4.830537e-01
1.031500e+04 4.853033e-01
1.031600e+04 5.054133e-01
1.031700e+04 4.750106e-01
1.031800e+04 4.767667e-01
1.031900e+04 4.904812e-01
1.032000e+04 4.598912e-01
1.032100e+04 4.641176e-01
1.032200e+04 4.846328e-01
1.032300e+04 5.076356e-01
1.032400e+04 4.946439e-01
1.032500e+04 4.616550e-01
1.032600e+04 4.421814e-01
1.032700e+04 4.730618e-01
1.032800e+04 4.902747e-01
1.032900e+04 4.881681e-01
1.033000e+04 4.757462e-01
1.033100e+04 4.794859e-01
1.033200e+04 4.949321e-01
1.033300e+04 4.700679e-01
1.033400e+04 4.707111e-01
1.033500e+04 4.846142e-01
1.033600e+04 4.998667e-01
1.033700e+04 4.980160e-01
1.033800e+04 4.969858e-01
1.033900e+04 4.229390e-01
1.034000e+04 4.819585e-01
1.034100e+04 5.006012e-01
1.034200e+04 4.570332e-01
1.034300e+04 4.529382e-01
1.034400e+04 4.632358e-01
1.034500e+04 4.583688e-01
1.034600e+04 3.722597e-01
1.034700e+04 2.927580e-01
1.034800e+04 4.285747e-01
1.034900e+04 4.627431e-01
1.035000e+04 4.734983e-01
1.035100e+04 4.843393e-01
1.035200e+04 4.841720e-01
1.035300e+04 4.326201e-01
1.035400e+04 4.514812e-01
1.035500e+04 5.036282e-01
1.035600e+04 4.842769e-01
1.035700e+04 5.026517e-01
1.035800e+04 4.706757e-01
1.035900e+04 4.702014e-01
1.036000e+04 4.871642e-01
1.036100e+04 5.007972e-01
1.036200e+04 4.974846e-01
1.036300e+04 4.925759e-01
1.036400e+04 5.082114e-01
1.036500e+04 5.047676e-01
1.036600e+04 4.861888e-01
1.036700e+04 4.690754e-01
1.036800e+04 5.073804e-01
1.036900e+04 4.743790e-01
1.037000e+04 5.032464e-01
1.037100e+04 4.449250e-01
1.037200e+04 4.879991e-01
1.037300e+04 5.028293e-01
1.037400e+04 5.053206e-01
1.037500e+04 5.053742e-01
1.037600e+04 5.088640e-01
1.037700e+04 5.043515e-01
1.037800e+04 5.042076e-01
1.037900e+04 4.717441e-01
1.038000e+04 4.856601e-01
1.038100e+04 4.548112e-01
1.038200e+04 4.913377e-01
1.038300e+04 4.544440e-01
1.038400e+04 4.649542e-01
1.038500e+04 4.677191e-01
1.038600e+04 4.963950e-01
1.038700e+04 5.065853e-01
1.038800e+04 4.935163e-01
1.038900e+04 4.948955e-01
1.039000e+04 4.905824e-01
1.039100e+04 4.675806e-01
1.039200e+04 4.934649e-01
1.039300e+04 4.824410e-01
1.039400e+04 4.603116e-01
1.039500e+04 4.678930e-01
1.039600e+04 5.093885e-01
1.039700e+04 4.719558e-01
1.039800e+04 4.661038e-01
1.039900e+04 4.153684e-01
1.040000e+04 3.607847e-01
1.040100e+04 4.890349e-01
1.040200e+04 4.956150e-01
1.040300e+04 4.956556e-01
1.040400e+04 4.864355e-01
1.040500e+04 4.885270e-01
1.040600e+04 5.092991e-01
1.040700e+04 5.016365e-01
1.040800e+04 5.119494e-01
1.040900e+04 5.100870e-01
1.041000e+04 5.030014e-01
1.041100e+04 5.077221e-01
1.041200e+04 4.996645e-01
1.041300e+04 4.658755e-01
1.041400e+04 4.743115e-01
1.041500e+04 4.429060e-01
1.041600e+04 4.570945e-01
1.041700e+04 4.517282e-01
1.041800e+04 5.002152e-01
1.041900e+04 4.717333e-01
1.042000e+04 5.014659e-01
1.042100e+04 5.038846e-01
1.042200e+04 4.854601e-01
1.042300e+04 5.046650e-01
1.042400e+04 4.733410e-01
1.042500e+04 4.813953e-01
1.042600e+04 4.973405e-01
1.042700e+04 4.538529e-01
1.042800e+04 4.563488e-01
1.042900e+04 4.665343e-01
1.043000e+04 4.572862e-01
1.043100e+04 4.501782e-01
1.043200e+04 4.858245e-01
1.043300e+04 4.721447e-01
1.043400e+04 5.007258e-01
1.043500e+04 5.049553e-01
1.043600e+04 5.039243e-01
1.043700e+04 4.614322e-01
1.043800e+04 4.733508e-01
1.043900e+04 5.086327e-01
1.044000e+04 5.039738e-01
1.044100e+04 4.787248e-01
1.044200e+04 4.922804e-01
1.044300e+04 5.097687e-01
1.044400e+04 4.973637e-01
1.044500e+04 4.952210e-01
1.044600e+04 5.096579e-01
1.044700e+04 4.922096e-01
1.044800e+04 4.637018e-01
1.044900e+04 4.842771e-01
1.045000e+04 5.009928e-01
1.045100e+04 4.996995e-01
1.045200e+04 5.100026e-01
1.045300e+04 4.920083e-01
1.045400e+04 4.795650e-01
1.045500e+04 5.092153e-01
1.045600e+04 4.891625e-01
1.045700e+04 5.076678e-01
1.045800e+04 5.067977e-01
1.045900e+04 5.076065e-01
1.046000e+04 4.923236e-01
1.046100e+04 4.906768e-01
1.046200e+04 5.000655e-01
1.046300e+04 4.940814e-01
1.046400e+04 4.783234e-01
1.046500e+04 4.996232e-01
1.046600e+04 5.034988e-01
1.046700e+04 4.815662e-01
1.046800e+04 4.675890e-01
1.046900e+04 4.739334e-01
1.047000e+04 4.406426e-01
1.047100e+04 4.869202e-01
1.047200e+04 4.837718e-01
1.047300e+04 4.723889e-01
1.047400e+04 4.373523e-01
1.047500e+04 4.722814e-01
1.047600e+04 5.079571e-01
1.047700e+04 5.048728e-01
1.047800e+04 4.880058e-01
1.047900e+04 4.827836e-01
1.048000e+04 4.520632e-01
1.048100e+04 5.078307e-01
1.048200e+04 4.900130e-01
1.048300e+04 4.870962e-01
1.048400e+04 4.560812e-01
1.048500e+04 4.723612e-01
1.048600e+04 4.973415e-01
1.048700e+04 5.092641e-01
1.048800e+04 4.904713e-01
1.048900e+04 4.656290e-01
1.049000e+04 4.823780e-01
1.049100e+04 4.902062e-01
1.049200e+04 5.058039e-01
1.049300e+04 5.008902e-01
1.049400e+04 5.002829e-01
1.049500e+04 4.893748e-01
1.049600e+04 4.896165e-01
1.049700e+04 4.946995e-01
1.049800e+04 4.866047e-01
1.049900e+04 3.596785e-01
1.050000e+04 4.864054e-01
1.050100e+04 4.780726e-01
1.050200e+04 5.029627e-01
1.050300e+04 5.037569e-01
1.050400e+04 4.886612e-01
1.050500e+04 4.839649e-01
1.050600e+04 4.898679e-01
1.050700e+04 5.055913e-01
1.050800e+04 4.616972e-01
1.050900e+04 5.058914e-01
1.051000e+04 5.042356e-01
1.051100e+04 4.916650e-01
1.051200e+04 4.893275e-01
1.051300e+04 4.637449e-01
1.051400e+04 4.474602e-01
1.051500e+04 4.840654e-01
1.051600e+04 4.545822e-01
1.051700e+04 4.703139e-01
1.051800e+04 5.069846e-01
1.051900e+04 4.912140e-01
1.052000e+04 4.958489e-01
1.052100e+04 4.868723e-01
1.052200e+04 4.251662e-01
1.052300e+04 5.015029e-01
1.052400e+04 4.509376e-01
1.052500e+04 4.701104e-01
1.052600e+04 4.708602e-01
1.052700e+04 4.744461e-01
1.052800e+04 4.878652e-01
1.052900e+04 5.042199e-01
1.053000e+04 5.007287e-01
1.053100e+04 5.058410e-01
1.053200e+04 4.854848e-01
1.053300e+04 4.992384e-01
1.053400e+04 4.876157e-01
1.053500e+04 4.907732e-01
1.053600e+04 5.079683e-01
1.053700e+04 5.048724e-01
1.053800e+04 5.071900e-01
1.053900e+04 4.746443e-01
1.054000e+04 4.911483e-01
1.054100e+04 4.830159e-01
1.054200e+04 4.718445e-01
1.054300e+04 4.808967e-01
1.054400e+04 4.927601e-01
1.054500e+04 4.506897e-01
1.054600e+04 5.030150e-01
1.054700e+04 4.989104e-01
1.054800e+04 5.031692e-01
1.054900e+04 4.697748e-01
1.055000e+04 4.687213e-01
1.055100e+04 5.005939e-01
1.055200e+04 5.026206e-01
1.055300e+04 4.958962e-01
1.055400e+04 4.985048e-01
1.055500e+04 4.724503e-01
1.055600e+04 4.918955e-01
1.055700e+04 4.661371e-01
1.055800e+04 4.996298e-01
1.055900e+04 4.482768e-01
1.056000e+04 4.875601e-01
1.056100e+04 4.707780e-01
1.056200e+04 4.685676e-01
1.056300e+04 5.040100e-01
1.056400e+04 5.044100e-01
1.056500e+04 5.045725e-01
1.056600e+04 4.992205e-01
1.056700e+04 4.695522e-01
1.056800e+04 4.981706e-01
1.056900e+04 4.913760e-01
1.057000e+04 4.418553e-01
1.057100e+04 4.744685e-01
1.057200e+04 4.939832e-01
1.057300e+04 4.521630e-01
1.057400e+04 4.576189e-01
1.057500e+04 4.865705e-01
1.057600e+04 4.993241e-01
1.057700e+04 4.728958e-01
1.057800e+04 4.880051e-01
1.057900e+04 4.950207e-01
1.058000e+04 4.849153e-01
1.058100e+04 4.991767e-01
1.058200e+04 4.895214e-01
1.058300e+04 4.972292e-01
1.058400e+04 4.918094e-01
1.058500e+04 4.929412e-01
1.058600e+04 4.960180e-01
1.058700e+04 4.310418e-01
1.058800e+04 4.072325e-01
1.058900e+04 4.745029e-01
1.059000e+04 4.921299e-01
1.059100e+04 4.796228e-01
1.059200e+04 4.630282e-01
1.059300e+04 4.732735e-01
1.059400e+04 5.022591e-01
1.059500e+04 5.005025e-01
1.059600e+04 4.516868e-01
1.059700e+04 5.029464e-01
1.059800e+04 5.008137e-01
1.059900e+04 4.915051e-01
1.060000e+04 4.859373e-01
1.060100e+04 5.003994e-01
1.060200e+04 4.921669e-01
1.060300e+04 4.658787e-01
1.060400e+04 5.025707e-01
1.060500e+04 5.021574e-01
1.060600e+04 5.011704e-01
1.060700e+04 4.639171e-01
1.060800e+04 4.681283e-01
1.060900e+04 4.538369e-01
1.061000e+04 4.701346e-01
1.061100e+04 4.672605e-01
1.061200e+04 4.736969e-01
1.061300e+04 4.928814e-01
1.061400e+04 4.782117e-01
1.061500e+04 5.013317e-01
1.061600e+04 5.056414e-01
1.061700e+04 5.009079e-01
1.061800e+04 5.007321e-01
1.061900e+04 4.635739e-01
1.062000e+04 4.705111e-01
1.062100e+04 4.970316e-01
1.062200e+04 4.609051e-01
1.062300e+04 5.016008e-01
1.062400e+04 4.894481e-01
1.062500e+04 4.613562e-01
1.062600e+04 5.034951e-01
1.062700e+04 4.873094e-01
1.062800e+04 4.668648e-01
1.062900e+04 4.846274e-01
1.063000e+04 4.859486e-01
1.063100e+04 5.018614e-01
1.063200e+04 5.002496e-01
1.063300e+04 5.033113e-01
1.063400e+04 5.002862e-01
1.063500e+04 4.653799e-01
1.063600e+04 4.977255e-01
1.063700e+04 4.984502e-01
1.063800e+04 5.019192e-01
1.063900e+04 4.975694e-01
1.064000e+04 4.602389e-01
1.064100e+04 4.922038e-01
1.064200e+04 4.931403e-01
1.064300e+04 4.923689e-01
1.064400e+04 4.904007e-01
1.064500e+04 4.989013e-01
1.064600e+04 4.905304e-01
1.064700e+04 4.650329e-01
1.064800e+04 4.927180e-01
1.064900e+04 4.820998e-01
1.065000e+04 4.921765e-01
1.065100e+04 4.832992e-01
1.065200e+04 4.856366e-01
1.065300e+04 4.888401e-01
1.065400e+04 4.834856e-01
1.065500e+04 4.951519e-01
1.065600e+04 4.612644e-01
1.065700e+04 4.649458e-01
1.065800e+04 4.758554e-01
1.065900e+04 4.427160e-01
1.066000e+04 5.033822e-01
1.066100e+04 4.908716e-01
1.066200e+04 5.047022e-01
1.066300e+04 4.939745e-01
1.066400e+04 4.243640e-01
1.066500e+04 4.181925e-01
1.066600e+04 4.891833e-01
1.066700e+04 4.760646e-01
1.066800e+04 4.776708e-01
1.066900e+04 5.009058e-01
1.067000e+04 4.169864e-01
1.067100e+04 4.934098e-01
1.067200e+04 5.024515e-01
1.067300e+04 4.680350e-01
1.067400e+04 4.895658e-01
1.067500e+04 4.903477e-01
1.067600e+04 4.894101e-01
1.067700e+04 4.834924e-01
1.067800e+04 4.752306e-01
1.067900e+04 4.852904e-01
1.068000e+04 4.150348e-01
1.068100e+04 4.885975e-01
1.068200e+04 5.006194e-01
1.068300e+04 4.948045e-01
1.068400e+04 4.847679e-01
1.068500e+04 4.674519e-01
1.068600e+04 4.871961e-01
1.068700e+04 4.840237e-01
1.068800e+04 4.795232e-01
1.068900e+04 4.867976e-01
1.069000e+04 4.909215e-01
1.069100e+04 4.891565e-01
1.069200e+04 4.857504e-01
1.069300e+04 4.961592e-01
1.069400e+04 4.792554e-01
1.069500e+04 4.923282e-01
1.069600e+04 4.817755e-01
1.069700e+04 4.695136e-01
1.069800e+04 4.992557e-01
1.069900e+04 4.763019e-01
1.070000e+04 5.028014e-01
1.070100e+04 4.863650e-01
1.070200e+04 4.949343e-01
1.070300e+04 4.972403e-01
1.070400e+04 4.842667e-01
1.070500e+04 4.800257e-01
1.070600e+04 4.854179e-01
1.070700e+04 4.805716e-01
1.070800e+04 4.381149e-01
1.070900e+04 4.977085e-01
1.071000e+04 4.943855e-01
1.071100e+04 4.687227e-01
1.071200e+04 4.987585e-01
1.071300e+04 4.918070e-01
1.071400e+04 4.727929e-01
1.071500e+04 5.038808e-01
1.071600e+04 4.933563e-01
1.071700e+04 4.967914e-01
1.071800e+04 4.775167e-01
1.071900e+04 4.973735e-01
1.072000e+04 4.982957e-01
1.072100e+04 4.873330e-01
1.072200e+04 4.648084e-01
1.072300e+04 4.924490e-01
1.072400e+04 4.970900e-01
1.072500e+04 4.966856e-01
1.072600e+04 4.906049e-01
1.072700e+04 4.939113e-01
1.072800e+04 4.933646e-01
1.072900e+04 3.816277e-01
1.073000e+04 4.604957e-01
1.073100e+04 4.821184e-01
1.073200e+04 4.730837e-01
1.073300e+04 5.017628e-01
1.073400e+04 4.998894e-01
1.073500e+04 4.701076e-01
1.073600e+04 4.139133e-01
1.073700e+04 4.744023e-01
1.073800e+04 5.002536e-01
1.073900e+04 4.982329e-01
1.074000e+04 4.662459e-01
1.074100e+04 4.996112e-01
1.074200e+04 4.994477e-01
1.074300e+04 4.700347e-01
1.074400e+04 4.911551e-01
1.074500e+04 4.776879e-01
1.074600e+04 4.805344e-01
1.074700e+04 4.883266e-01
1.074800e+04 4.691070e-01
1.074900e+04 4.680992e-01
1.075000e+04 4.841575e-01
1.075100e+04 4.982357e-01
1.075200e+04 4.799073e-01
1.075300e+04 4.805596e-01
1.075400e+04 4.841314e-01
1.075500e+04 4.996793e-01
1.075600e+04 4.949089e-01
1.075700e+04 4.850153e-01
1.075800e+04 4.740556e-01
1.075900e+04 4.831061e-01
1.076000e+04 4.936981e-01
1.076100e+04 4.725959e-01
1.076200e+04 4.600645e-01
1.076300e+04 4.940654e-01
1.076400e+04 4.994596e-01
1.076500e+04 4.993566e-01
1.076600e+04 4.672880e-01
1.076700e+04 4.837195e-01
1.076800e+04 4.827246e-01
1.076900e+04 4.972194e-01
1.077000e+04 4.816420e-01
1.077100e+04 4.955061e-01
1.077200e+04 4.731163e-01
1.077300e+04 5.040618e-01
1.077400e+04 4.991449e-01
1.077500e+04 4.924404e-01
1.077600e+04 4.995327e-01
1.077700e+04 4.908253e-01
1.077800e+04 4.266078e-01
1.077900e+04 5.013617e-01
1.078000e+04 4.841103e-01
1.078100e+04 4.852065e-01
1.078200e+04 5.017838e-01
1.078300e+04 5.033003e-01
1.078400e+04 4.921418e-01
1.078500e+04 4.955776e-01
1.078600e+04 4.830165e-01
1.078700e+04 4.693782e-01
1.078800e+04 4.936559e-01
1.078900e+04 4.897905e-01
1.079000e+04 4.901948e-01
1.079100e+04 5.007961e-01
1.079200e+04 5.005519e-01
1.079300e+04 4.983287e-01
1.079400e+04 4.777656e-01
1.079500e+04 4.828196e-01
1.079600e+04 4.686791e-01
1.079700e+04 4.648642e-01
1.079800e+04 4.912539e-01
1.079900e+04 5.030929e-01
1.080000e+04 4.735273e-01
1.080100e+04 4.711057e-01
1.080200e+04 4.979883e-01
1.080300e+04 4.819950e-01
1.080400e+04 4.909318e-01
1.080500e+04 4.922844e-01
1.080600e+04 4.883755e-01
1.080700e+04 4.413839e-01
1.080800e+04 4.738681e-01
1.080900e+04 4.891708e-01
1.081000e+04 4.980887e-01
1.081100e+04 4.340363e-01
1.081200e+04 4.870397e-01
1.081300e+04 4.814625e-01
1.081400e+04 4.772047e-01
1.081500e+04 4.685157e-01
1.081600e+04 4.949859e-01
1.081700e+04 4.725740e-01
1.081800e+04 4.888536e-01
1.081900e+04 4.714822e-01
1.082000e+04 4.913645e-01
1.082100e+04 4.919523e-01
1.082200e+04 5.004755e-01
1.082300e+04 4.777682e-01
1.082400e+04 4.690722e-01
1.082500e+04 4.896890e-01
1.082600e+04 5.006882e-01
1.082700e+04 4.922879e-01
1.082800e+04 4.762456e-01
1.082900e+04 4.984566e-01
1.083000e+04 4.904715e-01
1.083100e+04 4.782397e-01
1.083200e+04 4.941363e-01
1.083300e+04 4.996742e-01
1.083400e+04 4.858021e-01
1.083500e+04 4.855059e-01
1.083600e+04 4.812934e-01
1.083700e+04 4.790788e-01
1.083800e+04 4.369472e-01
1.083900e+04 4.888656e-01
1.084000e+04 4.973478e-01
1.084100e+04 4.870175e-01
1.084200e+04 4.952777e-01
1.084300e+04 4.974933e-01
1.084400e+04 4.979992e-01
1.084500e+04 4.931089e-01
1.084600e+04 4.705781e-01
1.084700e+04 4.809397e-01
1.084800e+04 4.866521e-01
1.084900e+04 4.890679e-01
1.085000e+04 4.691154e-01
1.085100e+04 4.932613e-01
1.085200e+04 4.836751e-01
1.085300e+04 4.875633e-01
1.085400e+04 4.505050e-01
1.085500e+04 4.990309e-01
1.085600e+04 4.975667e-01
1.085700e+04 4.828699e-01
1.085800e+04 4.606890e-01
1.085900e+04 4.683393e-01
1.086000e+04 4.814152e-01
1.086100e+04 4.971901e-01
1.086200e+04 4.884400e-01
1.086300e+04 4.807724e-01
1.086400e+04 4.854107e-01
1.086500e+04 4.855157e-01
1.086600e+04 4.696580e-01
1.086700e+04 4.867811e-01
1.086800e+04 4.952657e-01
1.086900e+04 5.003945e-01
1.087000e+04 4.798699e-01
1.087100e+04 4.973817e-01
1.087200e+04 4.771118e-01
1.087300e+04 4.918300e-01
1.087400e+04 4.963184e-01
1.087500e+04 4.984871e-01
1.087600e+04 4.690850e-01
1.087700e+04 4.919274e-01
1.087800e+04 4.895863e-01
1.087900e+04 4.794864e-01
1.088000e+04 4.883129e-01
1.088100e+04 4.987154e-01
1.088200e+04 4.937192e-01
1.088300e+04 4.976064e-01
1.088400e+04 4.987419e-01
1.088500e+04 4.870707e-01
1.088600e+04 4.919398e-01
1.088700e+04 4.814096e-01
1.088800e+04 4.841349e-01
1.088900e+04 4.694028e-01
1.089000e+04 4.817218e-01
1.089100e+04 4.610037e-01
1.089200e+04 4.805548e-01
1.089300e+04 4.946231e-01
1.089400e+04 4.920819e-01
1.089500e+04 4.926912e-01
1.089600e+04 4.985384e-01
1.089700e+04 4.819761e-01
1.089800e+04 4.921127e-01
1.089900e+04 4.739661e-01
1.090000e+04 4.940745e-01
1.090100e+04 4.901581e-01
1.090200e+04 4.898635e-01
1.090300e+04 4.826588e-01
1.090400e+04 4.982608e-01
1.090500e+04 4.969430e-01
1.090600e+04 4.876535e-01
1.090700e+04 4.933934e-01
1.090800e+04 4.850957e-01
1.090900e+04 4.800206e-01
1.091000e+04 4.697355e-01
1.091100e+04 4.714918e-01
1.091200e+04 4.715519e-01
1.091300e+04 4.808089e-01
1.091400e+04 4.570843e-01
1.091500e+04 4.943590e-01
1.091600e+04 4.982092e-01
1.091700e+04 4.871455e-01
1.091800e+04 4.530283e-01
1.091900e+04 4.821172e-01
1.092000e+04 4.909798e-01
1.092100e+04 4.794948e-01
1.092200e+04 4.583581e-01
1.092300e+04 4.919467e-01
1.092400e+04 4.935691e-01
1.092500e+04 4.839546e-01
1.092600e+04 4.740802e-01
1.092700e+04 4.948773e-01
1.092800e+04 4.914000e-01
1.092900e+04 4.807338e-01
1.093000e+04 4.963699e-01
1.093100e+04 4.888546e-01
1.093200e+04 4.874291e-01
1.093300e+04 4.804655e-01
1.093400e+04 4.933478e-01
1.093500e+04 4.844828e-01
1.093600e+04 4.913114e-01
1.093700e+04 4.693355e-01
1.093800e+04 4.870898e-01
1.093900e+04 4.894812e-01
1.094000e+04 4.963360e-01
1.094100e+04 4.922002e-01
1.094200e+04 4.797453e-01
1.094300e+04 4.933467e-01
1.094400e+04 4.890930e-01
1.094500e+04 4.897029e-01
1.094600e+04 4.942452e-01
1.094700e+04 4.857779e-01
1.094800e+04 4.929243e-01
1.094900e+04 4.859077e-01
1.095000e+04 4.909644e-01
1.095100e+04 4.809301e-01
1.095200e+04 4.697538e-01
1.095300e+04 4.907835e-01
1.095400e+04 4.841284e-01
1.095500e+04 4.658601e-01
1.095600e+04 4.913835e-01
1.095700e+04 4.752581e-01
1.095800e+04 4.880784e-01
1.095900e+04 4.798102e-01
1.096000e+04 4.852759e-01
1.096100e+04 4.874976e-01
1.096200e+04 4.780677e-01
1.096300e+04 4.886481e-01
1.096400e+04 4.537978e-01
1.096500e+04 4.745213e-01
1.096600e+04 4.815740e-01
1.096700e+04 4.839075e-01
1.096800e+04 4.877147e-01
1.096900e+04 4.905726e-01
1.097000e+04 4.875906e-01
1.097100e+04 4.906140e-01
1.097200e+04 4.708068e-01
1.097300e+04 4.817664e-01
1.097400e+04 4.753098e-01
1.097500e+04 4.876821e-01
1.097600e+04 4.758089e-01
1.097700e+04 4.784768e-01
1.097800e+04 4.537674e-01
1.097900e+04 4.759070e-01
1.098000e+04 4.855809e-01
1.098100e+04 4.808048e-01
1.098200e+04 4.753210e-01
1.098300e+04 4.802811e-01
1.098400e+04 4.797012e-01
1.098500e+04 4.707747e-01
1.098600e+04 4.330949e-01
1.098700e+04 4.909517e-01
1.098800e+04 4.921361e-01
1.098900e+04 4.837183e-01
1.099000e+04 4.727107e-01
1.099100e+04 4.892059e-01
1.099200e+04 4.818110e-01
1.099300e+04 4.898693e-01
1.099400e+04 4.881949e-01
1.099500e+04 4.795244e-01
1.099600e+04 4.822728e-01
1.099700e+04 4.876328e-01
1.099800e+04 4.819016e-01
1.099900e+04 4.881577e-01
1.100000e+04 4.819866e-01
1.100100e+04 4.615120e-01
1.100200e+04 4.901219e-01
1.100300e+04 4.886609e-01
1.100400e+04 4.694353e-01
1.100500e+04 4.729026e-01
1.100600e+04 4.863231e-01
1.100700e+04 4.911810e-01
1.100800e+04 4.908572e-01
1.100900e+04 4.871676e-01
1.101000e+04 4.695244e-01
1.101100e+04 4.850407e-01
1.101200e+04 4.771729e-01
1.101300e+04 4.834198e-01
1.101400e+04 4.913522e-01
1.101500e+04 4.773694e-01
1.101600e+04 4.581167e-01
1.101700e+04 4.933696e-01
1.101800e+04 4.819812e-01
1.101900e+04 4.536824e-01
1.102000e+04 4.801307e-01
1.102100e+04 4.878589e-01
1.102200e+04 4.852712e-01
1.102300e+04 4.467927e-01
1.102400e+04 4.826575e-01
1.102500e+04 4.480669e-01
1.102600e+04 4.406233e-01
1.102700e+04 4.850299e-01
1.102800e+04 4.868917e-01
1.102900e+04 4.860355e-01
1.103000e+04 4.809122e-01
1.103100e+04 4.849609e-01
1.103200e+04 4.727892e-01
1.103300e+04 4.879871e-01
1.103400e+04 4.415432e-01
1.103500e+04 4.571887e-01
1.103600e+04 4.341323e-01
1.103700e+04 4.772897e-01
1.103800e+04 4.676001e-01
1.103900e+04 4.756323e-01
1.104000e+04 4.708811e-01
1.104100e+04 4.755744e-01
1.104200e+04 4.583741e-01
1.104300e+04 4.719384e-01
1.104400e+04 4.620306e-01
1.104500e+04 4.700064e-01
1.104600e+04 4.799344e-01
1.104700e+04 4.716847e-01
1.104800e+04 4.375591e-01
1.104900e+04 4.507002e-01
1.105000e+04 4.464064e-01
1.105100e+04 4.839107e-01
1.105200e+04 4.566304e-01
1.105300e+04 4.647876e-01
1.105400e+04 4.483154e-01
1.105500e+04 4.676595e-01
1.105600e+04 4.680198e-01
1.105700e+04 4.545213e-01
1.105800e+04 4.518559e-01
1.105900e+04 4.642210e-01
1.106000e+04 4.754269e-01
1.106100e+04 4.719910e-01
1.106200e+04 4.670111e-01
1.106300e+04 4.821041e-01
1.106400e+04 4.557112e-01
1.106500e+04 4.827591e-01
1.106600e+04 4.560698e-01
1.106700e+04 4.847303e-01
1.106800e+04 4.427079e-01
1.106900e+04 4.626682e-01
1.107000e+04 4.577588e-01
1.107100e+04 4.612109e-01
1.107200e+04 4.565450e-01
1.107300e+04 4.730506e-01
1.107400e+04 4.603268e-01
1.107500e+04 4.831687e-01
1.107600e+04 4.719291e-01
1.107700e+04 4.683510e-01
1.107800e+04 4.677526e-01
1.107900e+04 4.661325e-01
1.108000e+04 4.667904e-01
1.108100e+04 4.705610e-01
1.108200e+04 4.342322e-01
1.108300e+04 4.829754e-01
1.108400e+04 4.535393e-01
1.108500e+04 4.779937e-01
1.108600e+04 4.753973e-01
1.108700e+04 4.639927e-01
1.108800e+04 4.684593e-01
1.108900e+04 4.800152e-01
1.109000e+04 4.611074e-01
1.109100e+04 4.663293e-01
1.109200e+04 4.779873e-01
1.109300e+04 4.437741e-01
1.109400e+04 4.672431e-01
1.109500e+04 4.665753e-01
1.109600e+04 4.671924e-01
1.109700e+04 4.742549e-01
1.109800e+04 4.758839e-01
1.109900e+04 4.544801e-01
1.110000e+04 4.482241e-01
1.110100e+04 4.775143e-01
1.110200e+04 4.598233e-01
1.110300e+04 4.643026e-01
1.110400e+04 4.666279e-01
1.110500e+04 4.649545e-01
1.110600e+04 4.646897e-01
1.110700e+04 4.792380e-01
1.110800e+04 4.542292e-01
1.110900e+04 4.647752e-01
1.111000e+04 4.701061e-01
1.111100e+04 4.762206e-01
1.111200e+04 4.310908e-01
1.111300e+04 4.697782e-01
1.111400e+04 4.748227e-01
1.111500e+04 4.519703e-01
1.111600e+04 4.741065e-01
1.111700e+04 4.792888e-01
1.111800e+04 4.785697e-01
1.111900e+04 4.459274e-01
1.112000e+04 4.829664e-01
1.112100e+04 4.818893e-01
1.112200e+04 4.593002e-01
1.112300e+04 4.190515e-01
1.112400e+04 4.760384e-01
1.112500e+04 4.722690e-01
1.112600e+04 4.273326e-01
1.112700e+04 4.643628e-01
1.112800e+04 4.783958e-01
1.112900e+04 4.865757e-01
1.113000e+04 4.577299e-01
1.113100e+04 4.754511e-01
1.113200e+04 4.769136e-01
1.113300e+04 4.543192e-01
1.113400e+04 4.599773e-01
1.113500e+04 4.437663e-01
1.113600e+04 4.790017e-01
1.113700e+04 4.745572e-01
1.113800e+04 4.660157e-01
1.113900e+04 4.576565e-01
1.114000e+04 4.631763e-01
1.114100e+04 4.749589e-01
1.114200e+04 4.755818e-01
1.114300e+04 4.631005e-01
1.114400e+04 4.772961e-01
1.114500e+04 4.801282e-01
1.114600e+04 4.806006e-01
1.114700e+04 4.639642e-01
1.114800e+04 4.829973e-01
1.114900e+04 4.726369e-01
1.115000e+04 4.685381e-01
1.115100e+04 4.628256e-01
1.115200e+04 4.214050e-01
1.115300e+04 4.799923e-01
1.115400e+04 4.777847e-01
1.115500e+04 4.725751e-01
1.115600e+04 4.561777e-01
1.115700e+04 4.781460e-01
1.115800e+04 4.483052e-01
1.115900e+04 4.785268e-01
1.116000e+04 4.449940e-01
1.116100e+04 4.725756e-01
1.116200e+04 4.703638e-01
1.116300e+04 4.598689e-01
1.116400e+04 4.807426e-01
1.116500e+04 4.564230e-01
1.116600e+04 4.728270e-01
1.116700e+04 4.719021e-01
1.116800e+04 4.634671e-01
1.116900e+04 4.710960e-01
1.117000e+04 4.688626e-01
1.117100e+04 4.724156e-01
1.117200e+04 4.772232e-01
1.117300e+04 4.618551e-01
1.117400e+04 4.522058e-01
1.117500e+04 4.678066e-01
1.117600e+04 4.555484e-01
1.117700e+04 4.805182e-01
1.117800e+04 4.499327e-01
1.117900e+04 4.657022e-01
1.118000e+04 4.694770e-01
1.118100e+04 4.707906e-01
1.118200e+04 4.784750e-01
1.118300e+04 4.786629e-01
1.118400e+04 4.549784e-01
1.118500e+04 4.833550e-01
1.118600e+04 4.718488e-01
1.118700e+04 4.786026e-01
1.118800e+04 4.784805e-01
1.118900e+04 4.557997e-01
1.119000e+04 4.675846e-01
1.119100e+04 4.597677e-01
1.119200e+04 4.732436e-01
1.119300e+04 4.496883e-01
1.119400e+04 4.421784e-01
1.119500e+04 4.556087e-01
1.119600e+04 4.759944e-01
1.119700e+04 4.627550e-01
1.119800e+04 4.715202e-01
1.119900e+04 4.703763e-01
1.120000e+04 4.177017e-01
1.120100e+04 4.569983e-01
1.120200e+04 4.697762e-01
1.120300e+04 4.792263e-01
1.120400e+04 4.584527e-01
1.120500e+04 4.548099e-01
1.120600e+04 4.737318e-01
1.120700e+04 4.459486e-01
1.120800e+04 4.767467e-01
1.120900e+04 4.772856e-01
1.121000e+04 4.684936e-01
1.121100e+04 4.545710e-01
1.121200e+04 4.838041e-01
1.121300e+04 4.423983e-01
1.121400e+04 4.721470e-01
1.121500e+04 4.632074e-01
1.121600e+04 4.461507e-01
1.121700e+04 4.780196e-01
1.121800e+04 4.648511e-01
1.121900e+04 4.689047e-01
1.122000e+04 4.775309e-01
1.122100e+04 4.700829e-01
1.122200e+04 4.503685e-01
1.122300e+04 4.608776e-01
1.122400e+04 4.694522e-01
1.122500e+04 4.737063e-01
1.122600e+04 4.559337e-01
1.122700e+04 4.678993e-01
1.122800e+04 4.528605e-01
1.122900e+04 4.732931e-01
1.123000e+04 4.720211e-01
1.123100e+04 4.717799e-01
1.123200e+04 4.795435e-01
1.123300e+04 4.672553e-01
1.123400e+04 4.573902e-01
1.123500e+04 4.835538e-01
1.123600e+04 4.755446e-01
1.123700e+04 4.700562e-01
1.123800e+04 4.656084e-01
1.123900e+04 4.507522e-01
1.124000e+04 4.784878e-01
1.124100e+04 4.770516e-01
1.124200e+04 4.750124e-01
1.124300e+04 4.765018e-01
1.124400e+04 4.689979e-01
1.124500e+04 4.603233e-01
1.124600e+04 4.696363e-01
1.124700e+04 4.592146e-01
1.124800e+04 4.664562e-01
1.124900e+04 4.554488e-01
1.125000e+04 4.711540e-01
1.125100e+04 4.782397e-01
1.125200e+04 4.514129e-01
1.125300e+04 4.574595e-01
1.125400e+04 4.057193e-01
1.125500e+04 4.565636e-01
1.125600e+04 4.137319e-01
1.125700e+04 4.309023e-01
1.125800e+04 3.853785e-01
1.125900e+04 4.501625e-01
1.126000e+04 4.696677e-01
1.126100e+04 4.647438e-01
1.126200e+04 4.507282e-01
1.126300e+04 4.759708e-01
1.126400e+04 4.676485e-01
1.126500e+04 4.733976e-01
1.126600e+04 4.655026e-01
1.126700e+04 4.814457e-01
1.126800e+04 4.715241e-01
1.126900e+04 4.758526e-01
1.127000e+04 4.758306e-01
1.127100e+04 4.662252e-01
1.127200e+04 4.619741e-01
1.127300e+04 4.731342e-01
1.127400e+04 4.590060e-01
1.127500e+04 4.703744e-01
1.127600e+04 4.773753e-01
1.127700e+04 4.683238e-01
1.127800e+04 4.548693e-01
1.127900e+04 4.427065e-01
1.128000e+04 4.697379e-01
1.128100e+04 4.731005e-01
1.128200e+04 4.616769e-01
1.128300e+04 4.746685e-01
1.128400e+04 4.584870e-01
1.128500e+04 4.760788e-01
1.128600e+04 4.717922e-01
1.128700e+04 4.776207e-01
1.128800e+04 4.609706e-01
1.128900e+04 4.748064e-01
1.129000e+04 4.616680e-01
1.129100e+04 4.542511e-01
1.129200e+04 4.790478e-01
1.129300e+04 4.558392e-01
1.129400e+04 4.750361e-01
1.129500e+04 4.714724e-01
1.129600e+04 4.706843e-01
1.129700e+04 4.525473e-01
1.129800e+04 4.795730e-01
1.129900e+04 4.600699e-01
1.130000e+04 4.630295e-01
1.130100e+04 4.700681e-01
1.130200e+04 4.297967e-01
1.130300e+04 4.485340e-01
1.130400e+04 4.468049e-01
1.130500e+04 4.747441e-01
1.130600e+04 4.321612e-01
1.130700e+04 4.684742e-01
1.130800e+04 4.759638e-01
1.130900e+04 4.658284e-01
1.131000e+04 4.772513e-01
1.131100e+04 4.595421e-01
1.131200e+04 4.725112e-01
1.131300e+04 4.594232e-01
1.131400e+04 4.604889e-01
1.131500e+04 4.645311e-01
1.131600e+04 4.721651e-01
1.131700e+04 4.673043e-01
1.131800e+04 4.581590e-01
1.131900e+04 4.740503e-01
1.132000e+04 4.705551e-01
1.132100e+04 4.698489e-01
1.132200e+04 4.538459e-01
1.132300e+04 4.801982e-01
1.132400e+04 4.609903e-01
1.132500e+04 4.744797e-01
1.132600e+04 4.716394e-01
1.132700e+04 4.704776e-01
1.132800e+04 4.724466e-01
1.132900e+04 4.591972e-01
1.133000e+04 4.673398e-01
1.133100e+04 4.661806e-01
1.133200e+04 4.750168e-01
1.133300e+04 4.605009e-01
1.133400e+04 4.742372e-01
1.133500e+04 4.484620e-01
1.133600e+04 4.657192e-01
1.133700e+04 4.652108e-01
1.133800e+04 4.671412e-01
1.133900e+04 4.709037e-01
1.134000e+04 4.664284e-01
1.134100e+04 4.554403e-01
1.134200e+04 4.511171e-01
1.134300e+04 4.606410e-01
1.134400e+04 4.620510e-01
1.134500e+04 4.589862e-01
1.134600e+04 4.556122e-01
1.134700e+04 4.665360e-01
1.134800e+04 4.614930e-01
1.134900e+04 4.630955e-01
1.135000e+04 4.649771e-01
1.135100e+04 4.505628e-01
1.135200e+04 4.584431e-01
1.135300e+04 4.718450e-01
1.135400e+04 4.669334e-01
1.135500e+04 4.728630e-01
1.135600e+04 4.611750e-01
1.135700e+04 4.655750e-01
1.135800e+04 4.736673e-01
1.135900e+04 4.695138e-01
1.136000e+04 4.627756e-01
1.136100e+04 4.472069e-01
1.136200e+04 4.533117e-01
1.136300e+04 4.586247e-01
1.136400e+04 4.557052e-01
1.136500e+04 4.769496e-01
1.136600e+04 4.667845e-01
1.136700e+04 4.645090e-01
1.136800e+04 4.557988e-01
1.136900e+04 4.531537e-01
1.137000e+04 4.600908e-01
1.137100e+04 4.479995e-01
1.137200e+04 4.615726e-01
1.137300e+04 4.606610e-01
1.137400e+04 4.588232e-01
1.137500e+04 4.533068e-01
1.137600e+04 4.491162e-01
1.137700e+04 4.132071e-01
1.137800e+04 4.434110e-01
1.137900e+04 4.426049e-01
1.138000e+04 4.328211e-01
1.138100e+04 4.245716e-01
1.138200e+04 4.050522e-01
1.138300e+04 3.592734e-01
1.138400e+04 2.407578e-01
1.138500e+04 2.097833e-01
1.138600e+04 3.468480e-01
1.138700e+04 3.946671e-01
1.138800e+04 4.234028e-01
1.138900e+04 4.356202e-01
1.139000e+04 4.505826e-01
1.139100e+04 4.506373e-01
1.139200e+04 4.470574e-01
1.139300e+04 4.509746e-01
1.139400e+04 4.245365e-01
1.139500e+04 4.374065e-01
1.139600e+04 4.432312e-01
1.139700e+04 4.559374e-01
1.139800e+04 4.520899e-01
1.139900e+04 4.446430e-01
1.140000e+04 4.441804e-01
1.140100e+04 4.243578e-01
1.140200e+04 4.241572e-01
1.140300e+04 4.127299e-01
1.140400e+04 3.807624e-01
1.140500e+04 3.384592e-01
1.140600e+04 2.609021e-01
1.140700e+04 1.540362e-01
1.140800e+04 2.831334e-01
1.140900e+04 3.536415e-01
1.141000e+04 3.931293e-01
1.141100e+04 4.120991e-01
1.141200e+04 4.107617e-01
1.141300e+04 4.415966e-01
1.141400e+04 4.446058e-01
1.141500e+04 4.448038e-01
1.141600e+04 4.582535e-01
1.141700e+04 4.516496e-01
1.141800e+04 4.573693e-01
1.141900e+04 4.517359e-01
1.142000e+04 4.641180e-01
1.142100e+04 4.580672e-01
1.142200e+04 4.634967e-01
1.142300e+04 4.585611e-01
1.142400e+04 4.518666e-01
1.142500e+04 4.018936e-01
1.142600e+04 4.346426e-01
1.142700e+04 4.639674e-01
1.142800e+04 4.550742e-01
1.142900e+04 4.608626e-01
1.143000e+04 4.667225e-01
1.143100e+04 4.582980e-01
1.143200e+04 4.570177e-01
1.143300e+04 4.650298e-01
1.143400e+04 4.663626e-01
1.143500e+04 4.710027e-01
1.143600e+04 4.573605e-01
1.143700e+04 4.635997e-01
1.143800e+04 4.569581e-01
1.143900e+04 4.613890e-01
1.144000e+04 4.576540e-01
1.144100e+04 4.612587e-01
1.144200e+04 3.927079e-01
1.144300e+04 4.443205e-01
1.144400e+04 4.651138e-01
1.144500e+04 4.643247e-01
1.144600e+04 4.540477e-01
1.144700e+04 4.657826e-01
1.144800e+04 4.626587e-01
1.144900e+04 4.533808e-01
1.145000e+04 4.682872e-01
1.145100e+04 4.637538e-01
1.145200e+04 4.635871e-01
1.145300e+04 4.688172e-01
1.145400e+04 4.504304e-01
1.145500e+04 4.723544e-01
1.145600e+04 4.486143e-01
1.145700e+04 4.599425e-01
1.145800e+04 4.570112e-01
1.145900e+04 4.649659e-01
1.146000e+04 4.700867e-01
1.146100e+04 4.662513e-01
1.146200e+04 4.679807e-01
1.146300e+04 4.600834e-01
1.146400e+04 4.575509e-01
1.146500e+04 4.390659e-01
1.146600e+04 4.613605e-01
1.146700e+04 4.667299e-01
1.146800e+04 4.727516e-01
1.146900e+04 4.599169e-01
1.147000e+04 4.708652e-01
1.147100e+04 4.640138e-01
1.147200e+04 4.636897e-01
1.147300e+04 4.622989e-01
1.147400e+04 4.652630e-01
1.147500e+04 4.682999e-01
1.147600e+04 4.338978e-01
1.147700e+04 4.636674e-01
1.147800e+04 4.642146e-01
1.147900e+04 4.693761e-01
1.148000e+04 4.565597e-01
1.148100e+04 4.547421e-01
1.148200e+04 4.410285e-01
1.148300e+04 4.605489e-01
1.148400e+04 4.618184e-01
1.148500e+04 4.659869e-01
1.148600e+04 4.689843e-01
1.148700e+04 4.604241e-01
1.148800e+04 4.287996e-01
1.148900e+04 4.672912e-01
1.149000e+04 4.738895e-01
1.149100e+04 4.669327e-01
1.149200e+04 4.668204e-01
1.149300e+04 4.468007e-01
1.149400e+04 4.686206e-01
1.149500e+04 4.692274e-01
1.149600e+04 4.678259e-01
1.149700e+04 4.631391e-01
1.149800e+04 4.612992e-01
1.149900e+04 4.654297e-01
1.150000e+04 4.670332e-01
1.150100e+04 4.688348e-01
1.150200e+04 4.655349e-01
1.150300e+04 4.716682e-01
1.150400e+04 4.663789e-01
1.150500e+04 4.676663e-01
1.150600e+04 4.640841e-01
1.150700e+04 4.647684e-01
1.150800e+04 4.640059e-01
1.150900e+04 4.541575e-01
1.151000e+04 4.600531e-01
1.151100e+04 4.704850e-01
1.151200e+04 4.611045e-01
1.151300e+04 4.669697e-01
1.151400e+04 4.685085e-01
1.151500e+04 4.688690e-01
1.151600e+04 4.605417e-01
1.151700e+04 4.583101e-01
1.151800e+04 4.683972e-01
1.151900e+04 4.699942e-01
1.152000e+04 4.460711e-01
1.152100e+04 4.641599e-01
1.152200e+04 4.712805e-01
1.152300e+04 4.677065e-01
1.152400e+04 4.659896e-01
1.152500e+04 4.584407e-01
1.152600e+04 4.626546e-01
1.152700e+04 4.585425e-01
1.152800e+04 4.703053e-01
1.152900e+04 4.616384e-01
1.153000e+04 4.652316e-01
1.153100e+04 4.628537e-01
1.153200e+04 4.658470e-01
1.153300e+04 4.588658e-01
1.153400e+04 4.673356e-01
1.153500e+04 4.657093e-01
1.153600e+04 4.664379e-01
1.153700e+04 4.675456e-01
1.153800e+04 4.607314e-01
1.153900e+04 4.547240e-01
1.154000e+04 4.512375e-01
1.154100e+04 4.433300e-01
1.154200e+04 4.702364e-01
1.154300e+04 4.603281e-01
1.154400e+04 4.644629e-01
1.154500e+04 4.652964e-01
1.154600e+04 4.486919e-01
1.154700e+04 4.554260e-01
1.154800e+04 4.648289e-01
1.154900e+04 4.632941e-01
1.155000e+04 4.643734e-01
1.155100e+04 4.665755e-01
1.155200e+04 4.667544e-01
1.155300e+04 4.645622e-01
1.155400e+04 4.520606e-01
1.155500e+04 4.679746e-01
1.155600e+04 4.521140e-01
1.155700e+04 4.656990e-01
1.155800e+04 4.481819e-01
1.155900e+04 4.605279e-01
1.156000e+04 4.620942e-01
1.156100e+04 4.627185e-01
1.156200e+04 4.702706e-01
1.156300e+04 4.644144e-01
1.156400e+04 4.651669e-01
1.156500e+04 4.618187e-01
1.156600e+04 4.670798e-01
1.156700e+04 4.497915e-01
1.156800e+04 4.526666e-01
1.156900e+04 4.654150e-01
1.157000e+04 4.646459e-01
1.157100e+04 4.491613e-01
1.157200e+04 4.538829e-01
1.157300e+04 4.666079e-01
1.157400e+04 4.680687e-01
1.157500e+04 4.681259e-01
1.157600e+04 4.639693e-01
1.157700e+04 4.611022e-01
1.157800e+04 4.541950e-01
1.157900e+04 4.657219e-01
1.158000e+04 4.593101e-01
1.158100e+04 4.693915e-01
1.158200e+04 4.594791e-01
1.158300e+04 4.646720e-01
1.158400e+04 4.653426e-01
1.158500e+04 4.511057e-01
1.158600e+04 4.643763e-01
1.158700e+04 4.623215e-01
1.158800e+04 4.642401e-01
1.158900e+04 4.611620e-01
1.159000e+04 4.583911e-01
1.159100e+04 4.611871e-01
1.159200e+04 4.613894e-01
1.159300e+04 4.621510e-01
1.159400e+04 4.674026e-01
1.159500e+04 4.595385e-01
1.159600e+04 4.512114e-01
1.159700e+04 3.664067e-01
1.159800e+04 4.408964e-01
1.159900e+04 4.637542e-01
1.160000e+04 4.686426e-01
1.160100e+04 4.640130e-01
1.160200e+04 4.626301e-01
1.160300e+04 4.553351e-01
1.160400e+04 4.537324e-01
1.160500e+04 4.660946e-01
1.160600e+04 4.606883e-01
1.160700e+04 4.567561e-01
1.160800e+04 4.528314e-01
1.160900e+04 4.500673e-01
1.161000e+04 4.297637e-01
1.161100e+04 3.323112e-01
1.161200e+04 4.424292e-01
1.161300e+04 4.433526e-01
1.161400e+04 3.925368e-01
1.161500e+04 4.584396e-01
1.161600e+04 4.597986e-01
1.161700e+04 4.671357e-01
1.161800e+04 4.621964e-01
1.161900e+04 4.579711e-01
1.162000e+04 4.614323e-01
1.162100e+04 4.673499e-01
1.162200e+04 4.661903e-01
1.162300e+04 4.406941e-01
1.162400e+04 4.577864e-01
1.162500e+04 4.550335e-01
1.162600e+04 4.578991e-01
1.162700e+04 4.608022e-01
1.162800e+04 4.624908e-01
1.162900e+04 4.627539e-01
1.163000e+04 4.660985e-01
1.163100e+04 4.559842e-01
1.163200e+04 4.626568e-01
1.163300e+04 4.657321e-01
1.163400e+04 4.654715e-01
1.163500e+04 4.647426e-01
1.163600e+04 4.561750e-01
1.163700e+04 4.485536e-01
1.163800e+04 4.524037e-01
1.163900e+04 4.569710e-01
1.164000e+04 4.534951e-01
1.164100e+04 3.730623e-01
1.164200e+04 4.085274e-01
1.164300e+04 4.554474e-01
1.164400e+04 4.649932e-01
1.164500e+04 4.559631e-01
1.164600e+04 4.667827e-01
1.164700e+04 4.646280e-01
1.164800e+04 4.553553e-01
1.164900e+04 4.650356e-01
1.165000e+04 4.614349e-01
1.165100e+04 4.629315e-01
1.165200e+04 4.640029e-01
1.165300e+04 4.623503e-01
1.165400e+04 4.556280e-01
1.165500e+04 4.557501e-01
1.165600e+04 4.574444e-01
1.165700e+04 4.540511e-01
1.165800e+04 4.364314e-01
1.165900e+04 4.563161e-01
1.166000e+04 4.585047e-01
1.166100e+04 4.629375e-01
1.166200e+04 4.531614e-01
1.166300e+04 4.648069e-01
1.166400e+04 4.679405e-01
1.166500e+04 4.494773e-01
1.166600e+04 4.615684e-01
1.166700e+04 4.524363e-01
1.166800e+04 4.665818e-01
1.166900e+04 4.638871e-01
1.167000e+04 4.598901e-01
1.167100e+04 4.553401e-01
1.167200e+04 4.602355e-01
1.167300e+04 4.580250e-01
1.167400e+04 4.661871e-01
1.167500e+04 4.626575e-01
1.167600e+04 4.667022e-01
1.167700e+04 4.485537e-01
1.167800e+04 4.542802e-01
1.167900e+04 4.484255e-01
1.168000e+04 4.640251e-01
1.168100e+04 4.599917e-01
1.168200e+04 4.587622e-01
1.168300e+04 4.513315e-01
1.168400e+04 4.634150e-01
1.168500e+04 4.593365e-01
1.168600e+04 4.463621e-01
1.168700e+04 4.567093e-01
1.168800e+04 4.552891e-01
1.168900e+04 4.517102e-01
1.169000e+04 4.512960e-01
1.169100e+04 4.388130e-01
1.169200e+04 4.153722e-01
1.169300e+04 2.477502e-01
1.169400e+04 3.211497e-01
1.169500e+04 4.152107e-01
1.169600e+04 4.456612e-01
1.169700e+04 4.521829e-01
1.169800e+04 4.549652e-01
1.169900e+04 4.562456e-01
1.170000e+04 4.547132e-01
1.170100e+04 4.523397e-01
1.170200e+04 4.587670e-01
1.170300e+04 4.598229e-01
1.170400e+04 4.543766e-01
1.170500e+04 4.567874e-01
1.170600e+04 4.590536e-01
1.170700e+04 4.550621e-01
1.170800e+04 4.626806e-01
1.170900e+04 4.521929e-01
1.171000e+04 4.572645e-01
1.171100e+04 4.604545e-01
1.171200e+04 4.581958e-01
1.171300e+04 4.617015e-01
1.171400e+04 4.526867e-01
1.171500e+04 4.590554e-01
1.171600e+04 4.534566e-01
1.171700e+04 4.528544e-01
1.171800e+04 4.587776e-01
1.171900e+04 4.411867e-01
1.172000e+04 4.505478e-01
1.172100e+04 4.608979e-01
1.172200e+04 4.607966e-01
1.172300e+04 4.594383e-01
1.172400e+04 4.601090e-01
1.172500e+04 4.640286e-01
1.172600e+04 4.492612e-01
1.172700e+04 4.575210e-01
1.172800e+04 4.544630e-01
1.172900e+04 4.616191e-01
1.173000e+04 4.612905e-01
1.173100e+04 4.636052e-01
1.173200e+04 4.495570e-01
1.173300e+04 4.547670e-01
1.173400e+04 4.604937e-01
1.173500e+04 4.559312e-01
1.173600e+04 4.590292e-01
1.173700e+04 4.533799e-01
1.173800e+04 4.377609e-01
1.173900e+04 4.390469e-01
1.174000e+04 4.334612e-01
1.174100e+04 4.599980e-01
1.174200e+04 4.507183e-01
1.174300e+04 4.602473e-01
1.174400e+04 4.616612e-01
1.174500e+04 4.570422e-01
1.174600e+04 4.581941e-01
1.174700e+04 4.497780e-01
1.174800e+04 4.596359e-01
1.174900e+04 4.631932e-01
1.175000e+04 4.471963e-01
1.175100e+04 4.579839e-01
1.175200e+04 4.430136e-01
1.175300e+04 4.467990e-01
1.175400e+04 4.494252e-01
1.175500e+04 4.425668e-01
1.175600e+04 4.566182e-01
1.175700e+04 4.489927e-01
1.175800e+04 4.544562e-01
1.175900e+04 4.492741e-01
1.176000e+04 4.551829e-01
1.176100e+04 4.518473e-01
1.176200e+04 4.536051e-01
1.176300e+04 4.407708e-01
1.176400e+04 4.486853e-01
1.176500e+04 4.491496e-01
1.176600e+04 4.527907e-01
1.176700e+04 4.545546e-01
1.176800e+04 4.427488e-01
1.176900e+04 4.469435e-01
1.177000e+04 4.506014e-01
1.177100e+04 4.385957e-01
1.177200e+04 4.188991e-01
1.177300e+04 2.970308e-01
1.177400e+04 4.073799e-01
1.177500e+04 3.646505e-01
1.177600e+04 2.012254e-01
1.177700e+04 3.542182e-01
1.177800e+04 4.112753e-01
1.177900e+04 4.367170e-01
1.178000e+04 4.361930e-01
1.178100e+04 4.457619e-01
1.178200e+04 4.431436e-01
1.178300e+04 4.421193e-01
1.178400e+04 4.119051e-01
1.178500e+04 4.497952e-01
1.178600e+04 3.931065e-01
1.178700e+04 3.994234e-01
1.178800e+04 4.503650e-01
1.178900e+04 4.466166e-01
1.179000e+04 4.551487e-01
1.179100e+04 4.487964e-01
1.179200e+04 4.549463e-01
1.179300e+04 4.431405e-01
1.179400e+04 4.419020e-01
1.179500e+04 4.550644e-01
1.179600e+04 4.529628e-01
1.179700e+04 4.538712e-01
1.179800e+04 4.559685e-01
1.179900e+04 4.477454e-01
1.180000e+04 4.266694e-01
1.180100e+04 4.470593e-01
1.180200e+04 4.430609e-01
1.180300e+04 4.526765e-01
1.180400e+04 4.523464e-01
1.180500e+04 4.485452e-01
1.180600e+04 4.545196e-01
1.180700e+04 4.548907e-01
1.180800e+04 4.519190e-01
1.180900e+04 4.512333e-01
1.181000e+04 4.483745e-01
1.181100e+04 4.429306e-01
1.181200e+04 4.423293e-01
1.181300e+04 4.491308e-01
1.181400e+04 4.517053e-01
1.181500e+04 4.541033e-01
1.181600e+04 4.500290e-01
1.181700e+04 4.473742e-01
1.181800e+04 4.384723e-01
1.181900e+04 4.506769e-01
1.182000e+04 4.515985e-01
1.182100e+04 4.535439e-01
1.182200e+04 4.536658e-01
1.182300e+04 4.442465e-01
1.182400e+04 4.460285e-01
1.182500e+04 4.451467e-01
1.182600e+04 4.513033e-01
1.182700e+04 4.432967e-01
1.182800e+04 4.336230e-01
1.182900e+04 4.295310e-01
1.183000e+04 4.285229e-01
1.183100e+04 3.430882e-01
1.183200e+04 3.686740e-01
1.183300e+04 4.266929e-01
1.183400e+04 4.413753e-01
1.183500e+04 4.412582e-01
1.183600e+04 4.455315e-01
1.183700e+04 4.425394e-01
1.183800e+04 4.495294e-01
1.183900e+04 4.460712e-01
1.184000e+04 4.499148e-01
1.184100e+04 4.451110e-01
1.184200e+04 4.464345e-01
1.184300e+04 4.536158e-01
1.184400e+04 4.457957e-01
1.184500e+04 4.415608e-01
1.184600e+04 4.554726e-01
1.184700e+04 4.554295e-01
1.184800e+04 4.514091e-01
1.184900e+04 4.493550e-01
1.185000e+04 4.480896e-01
1.185100e+04 4.361407e-01
1.185200e+04 4.441486e-01
1.185300e+04 4.411743e-01
1.185400e+04 4.463235e-01
1.185500e+04 4.528146e-01
1.185600e+04 4.434177e-01
1.185700e+04 4.490028e-01
1.185800e+04 4.535687e-01
1.185900e+04 4.531380e-01
1.186000e+04 4.478660e-01
1.186100e+04 4.554352e-01
1.186200e+04 4.482020e-01
1.186300e+04 4.431946e-01
1.186400e+04 4.525280e-01
1.186500e+04 4.546359e-01
1.186600e+04 4.487533e-01
1.186700e+04 4.480048e-01
1.186800e+04 4.498676e-01
1.186900e+04 4.532417e-01
1.187000e+04 4.362760e-01
1.187100e+04 4.548316e-01
1.187200e+04 4.471100e-01
1.187300e+04 4.530437e-01
1.187400e+04 4.490163e-01
1.187500e+04 4.553943e-01
1.187600e+04 4.544946e-01
1.187700e+04 4.517708e-01
1.187800e+04 4.478216e-01
1.187900e+04 4.437973e-01
1.188000e+04 4.464833e-01
1.188100e+04 4.488819e-01
1.188200e+04 4.488216e-01
1.188300e+04 4.394955e-01
1.188400e+04 4.441719e-01
1.188500e+04 4.174301e-01
1.188600e+04 2.846238e-01
1.188700e+04 3.172534e-01
1.188800e+04 4.078671e-01
1.188900e+04 4.396277e-01
1.189000e+04 4.496683e-01
1.189100e+04 4.382872e-01
1.189200e+04 4.471577e-01
1.189300e+04 4.479540e-01
1.189400e+04 4.433888e-01
1.189500e+04 4.477643e-01
1.189600e+04 3.847294e-01
1.189700e+04 4.437227e-01
1.189800e+04 4.480273e-01
1.189900e+04 4.495721e-01
1.190000e+04 4.519845e-01
1.190100e+04 4.406210e-01
1.190200e+04 4.510300e-01
1.190300e+04 4.466308e-01
1.190400e+04 4.522703e-01
1.190500e+04 4.448155e-01
1.190600e+04 4.509387e-01
1.190700e+04 4.529740e-01
1.190800e+04 4.487318e-01
1.190900e+04 4.491960e-01
1.191000e+04 4.494086e-01
1.191100e+04 4.488638e-01
1.191200e+04 4.419836e-01
1.191300e+04 4.388927e-01
1.191400e+04 4.527266e-01
1.191500e+04 4.415797e-01
1.191600e+04 4.447400e-01
1.191700e+04 4.315037e-01
1.191800e+04 4.520650e-01
1.191900e+04 4.501968e-01
1.192000e+04 4.495533e-01
1.192100e+04 4.506649e-01
1.192200e+04 4.501626e-01
1.192300e+04 4.442033e-01
1.192400e+04 4.482103e-01
1.192500e+04 4.468845e-01
1.192600e+04 4.525587e-01
1.192700e+04 4.455254e-01
1.192800e+04 4.465661e-01
1.192900e+04 4.511626e-01
1.193000e+04 4.517115e-01
1.193100e+04 4.476483e-01
1.193200e+04 4.532070e-01
1.193300e+04 4.496303e-01
1.193400e+04 4.438106e-01
1.193500e+04 4.385913e-01
1.193600e+04 4.510024e-01
1.193700e+04 4.395033e-01
1.193800e+04 4.458642e-01
1.193900e+04 4.394608e-01
1.194000e+04 4.370648e-01
1.194100e+04 4.523276e-01
1.194200e+04 4.424623e-01
1.194300e+04 4.423650e-01
1.194400e+04 4.411685e-01
1.194500e+04 4.484157e-01
1.194600e+04 4.512065e-01
1.194700e+04 4.444434e-01
1.194800e+04 4.441871e-01
1.194900e+04 4.547926e-01
1.195000e+04 4.372637e-01
1.195100e+04 4.397725e-01
1.195200e+04 4.303705e-01
1.195300e+04 3.730435e-01
1.195400e+04 4.341872e-01
1.195500e+04 4.370560e-01
1.195600e+04 4.473630e-01
1.195700e+04 4.294782e-01
1.195800e+04 4.383895e-01
1.195900e+04 3.822402e-01
1.196000e+04 4.298861e-01
1.196100e+04 4.308309e-01
1.196200e+04 4.357161e-01
1.196300e+04 4.462237e-01
1.196400e+04 4.382052e-01
1.196500e+04 4.308249e-01
1.196600e+04 4.368705e-01
1.196700e+04 4.497024e-01
1.196800e+04 4.401437e-01
1.196900e+04 4.472214e-01
1.197000e+04 4.393522e-01
1.197100e+04 4.464647e-01
1.197200e+04 4.407665e-01
1.197300e+04 4.328702e-01
1.197400e+04 4.324885e-01
1.197500e+04 4.061981e-01
1.197600e+04 2.766496e-01
1.197700e+04 3.193805e-01
1.197800e+04 4.135690e-01
1.197900e+04 4.353246e-01
1.198000e+04 4.303077e-01
1.198100e+04 4.384845e-01
1.198200e+04 4.481247e-01
1.198300e+04 4.445991e-01
1.198400e+04 4.323986e-01
1.198500e+04 4.395092e-01
1.198600e+04 4.364680e-01
1.198700e+04 4.449260e-01
1.198800e+04 4.436888e-01
1.198900e+04 4.480802e-01
1.199000e+04 4.409430e-01
1.199100e+04 4.374636e-01
1.199200e+04 4.423709e-01
1.199300e+04 4.366416e-01
1.199400e+04 4.406181e-01
1.199500e+04 4.278536e-01
1.199600e+04 4.381763e-01
1.199700e+04 4.422191e-01
1.199800e+04 4.341281e-01
1.199900e+04 4.385813e-01
1.200000e+04 4.420771e-01
1.200100e+04 4.416921e-01
1.200200e+04 4.492044e-01
1.200300e+04 4.483122e-01
1.200400e+04 4.331738e-01
1.200500e+04 4.349038e-01
1.200600e+04 4.503391e-01
1.200700e+04 4.345935e-01
1.200800e+04 4.432822e-01
1.200900e+04 4.490809e-01
1.201000e+04 4.472487e-01
1.201100e+04 4.419870e-01
1.201200e+04 4.328076e-01
1.201300e+04 4.393114e-01
1.201400e+04 4.346350e-01
1.201500e+04 4.522840e-01
1.201600e+04 4.430227e-01
1.201700e+04 4.372663e-01
1.201800e+04 4.486353e-01
1.201900e+04 4.356665e-01
1.202000e+04 4.415446e-01
1.202100e+04 4.411504e-01
1.202200e+04 4.364581e-01
1.202300e+04 4.332792e-01
1.202400e+04 4.429430e-01
1.202500e+04 4.459774e-01
1.202600e+04 4.415666e-01
1.202700e+04 4.486212e-01
1.202800e+04 4.474406e-01
1.202900e+04 4.307173e-01
1.203000e+04 4.403867e-01
1.203100e+04 4.362650e-01
1.203200e+04 4.459278e-01
1.203300e+04 4.404754e-01
1.203400e+04 4.337518e-01
1.203500e+04 4.342040e-01
1.203600e+04 4.322746e-01
1.203700e+04 4.389406e-01
1.203800e+04 4.432882e-01
1.203900e+04 4.467748e-01
1.204000e+04 4.487728e-01
1.204100e+04 4.433914e-01
1.204200e+04 4.438931e-01
1.204300e+04 4.434902e-01
1.204400e+04 4.460453e-01
1.204500e+04 4.449522e-01
1.204600e+04 4.474286e-01
1.204700e+04 4.374943e-01
1.204800e+04 4.413360e-01
1.204900e+04 4.311831e-01
1.205000e+04 4.240607e-01
1.205100e+04 4.498319e-01
1.205200e+04 4.483042e-01
1.205300e+04 4.375845e-01
1.205400e+04 4.367251e-01
1.205500e+04 4.455161e-01
1.205600e+04 4.376014e-01
1.205700e+04 4.484831e-01
1.205800e+04 4.463405e-01
1.205900e+04 4.498653e-01
1.206000e+04 4.446039e-01
1.206100e+04 4.517603e-01
1.206200e+04 4.464025e-01
1.206300e+04 4.474379e-01
1.206400e+04 4.481703e-01
1.206500e+04 4.415556e-01
1.206600e+04 4.388779e-01
1.206700e+04 4.403166e-01
1.206800e+04 4.422003e-01
1.206900e+04 4.376152e-01
1.207000e+04 4.268503e-01
1.207100e+04 4.416069e-01
1.207200e+04 4.408484e-01
1.207300e+04 4.351285e-01
1.207400e+04 4.473217e-01
1.207500e+04 4.414717e-01
1.207600e+04 4.330728e-01
1.207700e+04 4.372445e-01
1.207800e+04 4.387140e-01
1.207900e+04 4.494262e-01
1.208000e+04 4.404025e-01
1.208100e+04 4.436401e-01
1.208200e+04 4.388711e-01
1.208300e+04 4.356198e-01
1.208400e+04 4.431794e-01
1.208500e+04 4.378920e-01
1.208600e+04 4.272528e-01
1.208700e+04 4.030341e-01
1.208800e+04 4.287679e-01
1.208900e+04 4.332606e-01
1.209000e+04 4.245028e-01
1.209100e+04 4.295472e-01
1.209200e+04 4.350227e-01
1.209300e+04 4.347842e-01
1.209400e+04 4.437245e-01
1.209500e+04 4.428650e-01
1.209600e+04 4.462071e-01
1.209700e+04 4.422185e-01
1.209800e+04 4.397585e-01
1.209900e+04 4.449337e-01
1.210000e+04 4.490609e-01
1.210100e+04 4.480757e-01
1.210200e+04 4.447935e-01
1.210300e+04 4.458414e-01
1.210400e+04 4.426134e-01
1.210500e+04 4.347720e-01
1.210600e+04 4.482321e-01
1.210700e+04 4.399850e-01
1.210800e+04 4.444344e-01
1.210900e+04 4.304040e-01
1.211000e+04 4.403189e-01
1.211100e+04 4.460735e-01
1.211200e+04 4.383801e-01
1.211300e+04 4.337944e-01
1.211400e+04 4.293411e-01
1.211500e+04 4.414217e-01
1.211600e+04 4.412518e-01
1.211700e+04 4.376141e-01
1.211800e+04 4.350121e-01
1.211900e+04 4.352934e-01
1.212000e+04 4.487944e-01
1.212100e+04 4.311193e-01
1.212200e+04 4.436874e-01
1.212300e+04 4.358025e-01
1.212400e+04 4.452011e-01
1.212500e+04 4.435059e-01
1.212600e+04 4.457067e-01
1.212700e+04 4.453310e-01
1.212800e+04 4.445194e-01
1.212900e+04 4.364617e-01
1.213000e+04 4.394589e-01
1.213100e+04 4.323261e-01
1.213200e+04 4.387104e-01
1.213300e+04 4.335166e-01
1.213400e+04 4.297033e-01
1.213500e+04 4.454778e-01
1.213600e+04 4.375671e-01
1.213700e+04 4.412857e-01
1.213800e+04 4.463617e-01
1.213900e+04 4.421385e-01
1.214000e+04 4.487106e-01
1.214100e+04 4.478102e-01
1.214200e+04 4.414175e-01
1.214300e+04 4.455632e-01
1.214400e+04 4.391759e-01
1.214500e+04 4.441531e-01
1.214600e+04 4.404379e-01
1.214700e+04 4.362958e-01
1.214800e+04 4.453065e-01
1.214900e+04 4.450761e-01
1.215000e+04 4.456301e-01
1.215100e+04 4.379111e-01
1.215200e+04 4.459192e-01
1.215300e+04 4.418866e-01
1.215400e+04 4.460072e-01
1.215500e+04 4.474165e-01
1.215600e+04 4.401635e-01
1.215700e+04 4.463333e-01
1.215800e+04 4.437548e-01
1.215900e+04 4.440157e-01
1.216000e+04 4.446758e-01
1.216100e+04 4.280095e-01
1.216200e+04 4.307546e-01
1.216300e+04 4.465246e-01
1.216400e+04 4.424358e-01
1.216500e+04 4.302717e-01
1.216600e+04 4.333309e-01
1.216700e+04 4.434102e-01
1.216800e+04 4.415942e-01
1.216900e+04 4.381657e-01
1.217000e+04 4.386722e-01
1.217100e+04 4.400458e-01
1.217200e+04 4.454451e-01
1.217300e+04 4.458979e-01
1.217400e+04 4.378112e-01
1.217500e+04 4.432868e-01
1.217600e+04 4.460140e-01
1.217700e+04 4.469647e-01
1.217800e+04 4.402532e-01
1.217900e+04 4.388875e-01
1.218000e+04 4.474320e-01
1.218100e+04 4.406804e-01
1.218200e+04 4.379055e-01
1.218300e+04 4.486035e-01
1.218400e+04 4.364715e-01
1.218500e+04 4.387575e-01
1.218600e+04 4.419642e-01
1.218700e+04 4.418182e-01
1.218800e+04 4.444685e-01
1.218900e+04 4.422364e-01
1.219000e+04 4.403469e-01
1.219100e+04 4.284071e-01
1.219200e+04 4.398028e-01
1.219300e+04 4.462070e-01
1.219400e+04 4.424704e-01
1.219500e+04 4.437404e-01
1.219600e+04 4.409924e-01
1.219700e+04 4.433795e-01
1.219800e+04 4.383911e-01
1.219900e+04 4.440478e-01
1.220000e+04 4.345286e-01
1.220100e+04 4.327497e-01
1.220200e+04 4.389689e-01
1.220300e+04 4.428881e-01
1.220400e+04 4.356687e-01
1.220500e+04 4.343211e-01
1.220600e+04 4.361935e-01
1.220700e+04 4.442927e-01
1.220800e+04 4.353178e-01
1.220900e+04 4.402399e-01
1.221000e+04 4.464586e-01
1.221100e+04 4.386349e-01
1.221200e+04 4.364059e-01
1.221300e+04 4.441681e-01
1.221400e+04 4.315345e-01
1.221500e+04 4.359837e-01
1.221600e+04 4.426295e-01
1.221700e+04 4.355860e-01
1.221800e+04 4.428136e-01
1.221900e+04 4.338678e-01
1.222000e+04 4.435369e-01
1.222100e+04 4.436999e-01
1.222200e+04 4.366381e-01
1.222300e+04 4.425936e-01
1.222400e+04 4.399179e-01
1.222500e+04 4.292625e-01
1.222600e+04 4.410789e-01
1.222700e+04 4.382282e-01
1.222800e+04 4.398234e-01
1.222900e+04 4.421106e-01
1.223000e+04 4.382508e-01
1.223100e+04 4.367512e-01
1.223200e+04 4.452297e-01
1.223300e+04 4.422641e-01
1.223400e+04 4.402511e-01
1.223500e+04 4.393835e-01
1.223600e+04 4.327710e-01
1.223700e+04 4.356432e-01
1.223800e+04 4.397601e-01
1.223900e+04 4.324753e-01
1.224000e+04 4.352923e-01
1.224100e+04 4.434991e-01
1.224200e+04 4.429684e-01
1.224300e+04 4.387449e-01
1.224400e+04 4.394112e-01
1.224500e+04 4.413091e-01
1.224600e+04 4.361279e-01
1.224700e+04 4.405935e-01
1.224800e+04 4.399165e-01
1.224900e+04 4.412054e-01
1.225000e+04 4.412212e-01
1.225100e+04 4.420024e-01
1.225200e+04 4.406590e-01
1.225300e+04 4.351074e-01
1.225400e+04 4.396248e-01
1.225500e+04 4.379607e-01
1.225600e+04 4.430160e-01
1.225700e+04 4.404143e-01
1.225800e+04 4.380088e-01
1.225900e+04 4.393847e-01
1.226000e+04 4.382611e-01
1.226100e+04 4.428660e-01
1.226200e+04 4.446672e-01
1.226300e+04 4.433979e-01
1.226400e+04 4.368748e-01
1.226500e+04 4.362809e-01
1.226600e+04 4.434382e-01
1.226700e+04 4.362986e-01
1.226800e+04 4.394663e-01
1.226900e+04 4.440907e-01
1.227000e+04 4.412308e-01
1.227100e+04 4.410785e-01
1.227200e+04 4.426967e-01
1.227300e+04 4.349647e-01
1.227400e+04 4.364713e-01
1.227500e+04 4.346176e-01
1.227600e+04 4.312989e-01
1.227700e+04 4.260569e-01
1.227800e+04 4.423216e-01
1.227900e+04 4.392424e-01
1.228000e+04 4.380950e-01
1.228100e+04 4.421941e-01
1.228200e+04 4.412794e-01
1.228300e+04 4.443350e-01
1.228400e+04 4.414564e-01
1.228500e+04 4.406735e-01
1.228600e+04 4.350582e-01
1.228700e+04 4.395249e-01
1.228800e+04 4.432822e-01
1.228900e+04 4.376453e-01
1.229000e+04 4.413592e-01
1.229100e+04 4.359289e-01
1.229200e+04 4.427085e-01
1.229300e+04 4.364804e-01
1.229400e+04 4.382206e-01
1.229500e+04 4.391630e-01
1.229600e+04 4.369322e-01
1.229700e+04 4.322798e-01
1.229800e+04 4.378906e-01
1.229900e+04 4.357345e-01
1.230000e+04 4.429891e-01
1.230100e+04 4.378171e-01
1.230200e+04 4.397433e-01
1.230300e+04 4.408612e-01
1.230400e+04 4.323194e-01
1.230500e+04 4.369356e-01
1.230600e+04 4.366755e-01
1.230700e+04 4.383329e-01
1.230800e+04 4.397180e-01
1.230900e+04 4.403825e-01
1.231000e+04 4.353323e-01
1.231100e+04 4.402400e-01
1.231200e+04 4.308516e-01
1.231300e+04 4.394643e-01
1.231400e+04 4.382746e-01
1.231500e+04 4.292760e-01
1.231600e+04 4.337155e-01
1.231700e+04 4.373697e-01
1.231800e+04 4.307555e-01
1.231900e+04 4.332402e-01
1.232000e+04 4.356491e-01
1.232100e+04 4.371656e-01
1.232200e+04 4.372941e-01
1.232300e+04 4.143670e-01
1.232400e+04 4.280611e-01
1.232500e+04 4.353283e-01
1.232600e+04 4.347895e-01
1.232700e+04 4.333684e-01
1.232800e+04 4.394285e-01
1.232900e+04 4.401370e-01
1.233000e+04 4.391085e-01
1.233100e+04 4.340302e-01
1.233200e+04 4.331498e-01
1.233300e+04 4.316354e-01
1.233400e+04 4.325187e-01
1.233500e+04 4.296948e-01
1.233600e+04 4.317714e-01
1.233700e+04 4.362405e-01
1.233800e+04 4.389708e-01
1.233900e+04 4.404993e-01
1.234000e+04 4.385693e-01
1.234100e+04 4.399200e-01
1.234200e+04 4.307590e-01
1.234300e+04 4.379600e-01
1.234400e+04 4.311552e-01
1.234500e+04 4.375090e-01
1.234600e+04 4.374176e-01
1.234700e+04 4.213030e-01
1.234800e+04 4.420384e-01
1.234900e+04 4.379032e-01
1.235000e+04 4.412480e-01
1.235100e+04 4.359494e-01
1.235200e+04 4.325895e-01
1.235300e+04 4.323640e-01
1.235400e+04 4.366292e-01
1.235500e+04 4.386221e-01
1.235600e+04 4.401884e-01
1.235700e+04 4.365039e-01
1.235800e+04 4.360447e-01
1.235900e+04 4.339438e-01
1.236000e+04 4.343924e-01
1.236100e+04 4.310332e-01
1.236200e+04 4.341529e-01
1.236300e+04 4.411604e-01
1.236400e+04 4.327540e-01
1.236500e+04 4.326109e-01
1.236600e+04 4.342846e-01
1.236700e+04 4.304976e-01
1.236800e+04 4.335843e-01
1.236900e+04 4.374787e-01
1.237000e+04 4.337861e-01
1.237100e+04 4.330099e-01
1.237200e+04 4.345996e-01
1.237300e+04 4.416340e-01
1.237400e+04 4.335853e-01
1.237500e+04 4.395579e-01
1.237600e+04 4.293505e-01
1.237700e+04 4.318728e-01
1.237800e+04 4.340043e-01
1.237900e+04 4.379352e-01
1.238000e+04 4.394384e-01
1.238100e+04 4.354999e-01
1.238200e+04 4.351747e-01
1.238300e+04 4.344228e-01
1.238400e+04 4.367953e-01
1.238500e+04 4.410734e-01
1.238600e+04 4.396839e-01
1.238700e+04 4.342818e-01
1.238800e+04 4.378505e-01
1.238900e+04 4.388914e-01
1.239000e+04 4.293434e-01
1.239100e+04 4.359158e-01
1.239200e+04 4.182704e-01
1.239300e+04 4.171342e-01
1.239400e+04 4.257636e-01
1.239500e+04 4.375085e-01
1.239600e+04 4.288639e-01
1.239700e+04 4.379443e-01
1.239800e+04 4.382674e-01
1.239900e+04 4.344244e-01
1.240000e+04 4.271019e-01
1.240100e+04 4.302379e-01
1.240200e+04 4.292039e-01
1.240300e+04 4.339351e-01
1.240400e+04 4.350311e-01
1.240500e+04 4.326110e-01
1.240600e+04 4.387868e-01
1.240700e+04 4.172170e-01
1.240800e+04 4.312591e-01
1.240900e+04 4.271452e-01
1.241000e+04 4.061743e-01
1.241100e+04 4.118957e-01
1.241200e+04 4.209219e-01
1.241300e+04 4.333076e-01
1.241400e+04 4.245043e-01
1.241500e+04 4.188724e-01
1.241600e+04 4.231399e-01
1.241700e+04 4.325555e-01
1.241800e+04 4.344403e-01
1.241900e+04 4.166671e-01
1.242000e+04 4.214669e-01
1.242100e+04 4.184602e-01
1.242200e+04 4.262956e-01
1.242300e+04 4.266458e-01
1.242400e+04 4.152906e-01
1.242500e+04 4.259001e-01
1.242600e+04 4.266070e-01
1.242700e+04 4.196254e-01
1.242800e+04 4.224239e-01
1.242900e+04 4.248219e-01
1.243000e+04 4.178972e-01
1.243100e+04 4.279642e-01
1.243200e+04 4.256494e-01
1.243300e+04 4.273248e-01
1.243400e+04 4.167767e-01
1.243500e+04 3.731090e-01
1.243600e+04 2.850243e-01
1.243700e+04 4.158625e-01
1.243800e+04 4.207793e-01
1.243900e+04 4.240874e-01
1.244000e+04 4.203321e-01
1.244100e+04 4.317216e-01
1.244200e+04 4.216769e-01
1.244300e+04 4.243917e-01
1.244400e+04 4.298875e-01
1.244500e+04 4.310763e-01
1.244600e+04 4.206622e-01
1.244700e+04 4.248239e-01
1.244800e+04 4.288025e-01
1.244900e+04 4.362672e-01
1.245000e+04 4.274093e-01
1.245100e+04 4.224413e-01
1.245200e+04 4.358388e-01
1.245300e+04 4.268553e-01
1.245400e+04 4.329212e-01
1.245500e+04 4.249506e-01
1.245600e+04 4.254250e-01
1.245700e+04 4.213253e-01
1.245800e+04 4.331107e-01
1.245900e+04 4.253532e-01
1.246000e+04 4.344972e-01
1.246100e+04 4.271366e-01
1.246200e+04 4.288386e-01
1.246300e+04 4.189726e-01
1.246400e+04 4.293713e-01
1.246500e+04 4.319044e-01
1.246600e+04 4.224291e-01
1.246700e+04 4.353439e-01
1.246800e+04 4.271404e-01
1.246900e+04 4.231885e-01
1.247000e+04 4.218245e-01
1.247100e+04 4.331567e-01
1.247200e+04 4.194290e-01
1.247300e+04 4.298372e-01
1.247400e+04 4.328275e-01
1.247500e+04 4.240173e-01
1.247600e+04 4.270894e-01
1.247700e+04 4.259491e-01
1.247800e+04 4.223301e-01
1.247900e+04 4.214320e-01
1.248000e+04 4.281252e-01
1.248100e+04 4.188023e-01
1.248200e+04 4.259270e-01
1.248300e+04 4.313240e-01
1.248400e+04 4.337374e-01
1.248500e+04 4.274419e-01
1.248600e+04 4.250015e-01
1.248700e+04 4.314466e-01
1.248800e+04 4.197688e-01
1.248900e+04 4.293333e-01
1.249000e+04 4.258116e-01
1.249100e+04 4.313772e-01
1.249200e+04 4.191906e-01
1.249300e+04 4.275941e-01
1.249400e+04 4.377555e-01
1.249500e+04 4.351503e-01
1.249600e+04 4.244304e-01
1.249700e+04 4.187528e-01
1.249800e+04 4.338382e-01
1.249900e+04 4.240350e-01
1.250000e+04 4.265583e-01
1.250100e+04 4.181013e-01
1.250200e+04 4.245400e-01
1.250300e+04 4.154962e-01
1.250400e+04 4.348521e-01
1.250500e+04 4.253455e-01
1.250600e+04 4.319661e-01
1.250700e+04 4.345850e-01
1.250800e+04 4.328536e-01
1.250900e+04 4.164192e-01
1.251000e+04 4.321323e-01
1.251100e+04 4.334442e-01
1.251200e+04 4.283371e-01
1.251300e+04 4.310000e-01
1.251400e+04 4.244673e-01
1.251500e+04 4.172492e-01
1.251600e+04 4.310151e-01
1.251700e+04 4.232622e-01
1.251800e+04 4.183818e-01
1.251900e+04 4.189008e-01
1.252000e+04 4.124394e-01
1.252100e+04 4.237493e-01
1.252200e+04 4.225128e-01
1.252300e+04 4.247071e-01
1.252400e+04 4.113233e-01
1.252500e+04 3.155709e-01
1.252600e+04 2.916995e-01
1.252700e+04 3.966093e-01
1.252800e+04 4.144223e-01
1.252900e+04 4.201025e-01
1.253000e+04 4.226335e-01
1.253100e+04 4.236667e-01
1.253200e+04 4.232817e-01
1.253300e+04 4.309237e-01
1.253400e+04 4.266810e-01
1.253500e+04 4.307483e-01
1.253600e+04 4.106915e-01
1.253700e+04 4.197037e-01
1.253800e+04 4.304745e-01
1.253900e+04 4.235308e-01
1.254000e+04 4.331508e-01
1.254100e+04 4.291252e-01
1.254200e+04 4.266535e-01
1.254300e+04 4.318892e-01
1.254400e+04 4.256445e-01
1.254500e+04 4.267351e-01
1.254600e+04 4.146551e-01
1.254700e+04 4.289572e-01
1.254800e+04 4.262357e-01
1.254900e+04 4.278501e-01
1.255000e+04 4.306214e-01
1.255100e+04 4.118915e-01
1.255200e+04 4.209582e-01
1.255300e+04 4.251284e-01
1.255400e+04 4.175912e-01
1.255500e+04 4.250092e-01
1.255600e+04 4.195940e-01
1.255700e+04 4.285640e-01
1.255800e+04 4.198444e-01
1.255900e+04 4.231308e-01
1.256000e+04 4.212462e-01
1.256100e+04 4.189058e-01
1.256200e+04 4.202234e-01
1.256300e+04 4.299469e-01
1.256400e+04 4.276367e-01
1.256500e+04 4.256030e-01
1.256600e+04 4.314976e-01
1.256700e+04 4.210110e-01
1.256800e+04 4.228074e-01
1.256900e+04 4.234472e-01
1.257000e+04 4.265128e-01
1.257100e+04 4.227449e-01
1.257200e+04 4.222456e-01
1.257300e+04 4.109249e-01
1.257400e+04 4.276039e-01
1.257500e+04 4.203687e-01
1.257600e+04 4.238587e-01
1.257700e+04 4.250394e-01
1.257800e+04 4.149499e-01
1.257900e+04 4.236237e-01
1.258000e+04 4.225926e-01
1.258100e+04 4.231389e-01
1.258200e+04 4.231675e-01
1.258300e+04 4.269498e-01
1.258400e+04 4.203318e-01
1.258500e+04 4.294666e-01
1.258600e+04 4.221712e-01
1.258700e+04 4.315992e-01
1.258800e+04 4.224486e-01
1.258900e+04 4.277446e-01
1.259000e+04 4.151263e-01
1.259100e+04 4.219785e-01
1.259200e+04 4.240670e-01
1.259300e+04 4.287309e-01
1.259400e+04 4.162658e-01
1.259500e+04 4.211488e-01
1.259600e+04 4.180444e-01
1.259700e+04 4.187748e-01
1.259800e+04 4.217232e-01
1.259900e+04 4.220276e-01
1.260000e+04 4.196049e-01
1.260100e+04 4.309162e-01
1.260200e+04 4.193529e-01
1.260300e+04 4.248103e-01
1.260400e+04 4.028558e-01
1.260500e+04 4.182269e-01
1.260600e+04 4.234973e-01
1.260700e+04 4.267248e-01
1.260800e+04 4.236850e-01
1.260900e+04 4.283024e-01
1.261000e+04 4.216042e-01
1.261100e+04 4.198423e-01
1.261200e+04 4.271032e-01
1.261300e+04 4.250000e-01
1.261400e+04 4.176698e-01
1.261500e+04 4.196949e-01
1.261600e+04 4.265345e-01
1.261700e+04 4.225409e-01
1.261800e+04 4.272890e-01
1.261900e+04 4.176658e-01
1.262000e+04 4.230404e-01
1.262100e+04 4.192888e-01
1.262200e+04 4.268610e-01
1.262300e+04 4.242652e-01
1.262400e+04 4.139945e-01
1.262500e+04 4.239318e-01
1.262600e+04 4.280928e-01
1.262700e+04 4.182907e-01
1.262800e+04 4.252949e-01
1.262900e+04 4.283313e-01
1.263000e+04 4.198483e-01
1.263100e+04 4.234452e-01
1.263200e+04 4.166302e-01
1.263300e+04 4.261594e-01
1.263400e+04 4.212004e-01
1.263500e+04 4.233817e-01
1.263600e+04 4.139505e-01
1.263700e+04 4.281954e-01
1.263800e+04 4.211858e-01
1.263900e+04 4.207519e-01
1.264000e+04 4.185904e-01
1.264100e+04 4.275071e-01
1.264200e+04 4.030848e-01
1.264300e+04 4.117304e-01
1.264400e+04 4.160952e-01
1.264500e+04 4.243570e-01
1.264600e+04 4.184073e-01
1.264700e+04 4.206830e-01
1.264800e+04 4.237388e-01
1.264900e+04 4.208304e-01
1.265000e+04 4.201593e-01
1.265100e+04 4.301241e-01
1.265200e+04 4.197045e-01
1.265300e+04 4.268719e-01
1.265400e+04 4.138415e-01
1.265500e+04 4.295254e-01
1.265600e+04 4.280568e-01
1.265700e+04 4.210677e-01
1.265800e+04 4.189021e-01
1.265900e+04 4.241830e-01
1.266000e+04 4.278222e-01
1.266100e+04 4.143765e-01
1.266200e+04 4.179922e-01
1.266300e+04 4.161401e-01
1.266400e+04 4.250516e-01
1.266500e+04 4.209333e-01
1.266600e+04 4.295119e-01
1.266700e+04 4.210322e-01
1.266800e+04 4.227739e-01
1.266900e+04 4.186817e-01
1.267000e+04 4.287140e-01
1.267100e+04 4.267663e-01
1.267200e+04 4.172919e-01
1.267300e+04 4.226528e-01
1.267400e+04 4.133805e-01
1.267500e+04 3.963251e-01
1.267600e+04 4.162524e-01
1.267700e+04 4.171415e-01
1.267800e+04 4.164590e-01
1.267900e+04 4.227939e-01
1.268000e+04 4.168228e-01
1.268100e+04 3.997612e-01
1.268200e+04 3.548671e-01
1.268300e+04 3.153146e-01
1.268400e+04 3.978785e-01
1.268500e+04 4.162324e-01
1.268600e+04 4.166870e-01
1.268700e+04 4.160874e-01
1.268800e+04 4.205894e-01
1.268900e+04 4.225866e-01
1.269000e+04 4.275663e-01
1.269100e+04 4.154168e-01
1.269200e+04 4.187266e-01
1.269300e+04 4.236842e-01
1.269400e+04 4.266989e-01
1.269500e+04 4.248768e-01
1.269600e+04 4.241470e-01
1.269700e+04 4.204504e-01
1.269800e+04 4.084217e-01
1.269900e+04 4.221803e-01
1.270000e+04 4.240692e-01
1.270100e+04 4.119728e-01
1.270200e+04 4.132606e-01
1.270300e+04 4.164380e-01
1.270400e+04 4.262285e-01
1.270500e+04 4.159556e-01
1.270600e+04 4.172063e-01
1.270700e+04 4.225657e-01
1.270800e+04 4.184759e-01
1.270900e+04 4.127475e-01
1.271000e+04 4.244904e-01
1.271100e+04 4.229279e-01
1.271200e+04 4.175197e-01
1.271300e+04 4.209843e-01
1.271400e+04 4.191224e-01
1.271500e+04 4.190135e-01
1.271600e+04 4.263489e-01
1.271700e+04 4.264378e-01
1.271800e+04 4.223114e-01
1.271900e+04 4.254613e-01
1.272000e+04 4.160118e-01
1.272100e+04 4.232835e-01
1.272200e+04 4.197795e-01
1.272300e+04 4.245020e-01
1.272400e+04 4.219723e-01
1.272500e+04 4.260361e-01
1.272600e+04 4.236447e-01
1.272700e+04 4.241099e-01
1.272800e+04 4.267741e-01
1.272900e+04 4.161594e-01
1.273000e+04 4.212386e-01
1.273100e+04 4.191816e-01
1.273200e+04 4.256591e-01
1.273300e+04 4.181136e-01
1.273400e+04 4.225726e-01
1.273500e+04 4.186312e-01
1.273600e+04 4.275180e-01
1.273700e+04 4.185459e-01
1.273800e+04 4.175818e-01
1.273900e+04 4.215634e-01
1.274000e+04 4.214341e-01
1.274100e+04 4.124462e-01
1.274200e+04 3.843522e-01
1.274300e+04 4.220909e-01
1.274400e+04 4.156585e-01
1.274500e+04 4.019685e-01
1.274600e+04 4.170278e-01
1.274700e+04 4.177326e-01
1.274800e+04 4.147946e-01
1.274900e+04 4.133763e-01
1.275000e+04 4.198256e-01
1.275100e+04 4.130436e-01
1.275200e+04 4.208730e-01
1.275300e+04 4.189325e-01
1.275400e+04 4.170048e-01
1.275500e+04 4.127880e-01
1.275600e+04 4.129125e-01
1.275700e+04 4.263040e-01
1.275800e+04 4.212106e-01
1.275900e+04 4.211634e-01
1.276000e+04 4.206187e-01
1.276100e+04 4.222218e-01
1.276200e+04 4.197526e-01
1.276300e+04 4.223818e-01
1.276400e+04 4.259741e-01
1.276500e+04 4.154177e-01
1.276600e+04 4.176670e-01
1.276700e+04 4.209905e-01
1.276800e+04 4.237185e-01
1.276900e+04 4.166961e-01
1.277000e+04 4.167797e-01
1.277100e+04 4.238967e-01
1.277200e+04 4.144961e-01
1.277300e+04 4.174351e-01
1.277400e+04 4.272167e-01
1.277500e+04 4.144202e-01
1.277600e+04 4.166666e-01
1.277700e+04 4.238433e-01
1.277800e+04 4.252099e-01
1.277900e+04 4.204676e-01
1.278000e+04 4.158224e-01
1.278100e+04 4.096292e-01
1.278200e+04 4.214422e-01
1.278300e+04 4.220891e-01
1.278400e+04 4.194982e-01
1.278500e+04 4.201610e-01
1.278600e+04 4.170847e-01
1.278700e+04 4.157041e-01
1.278800e+04 4.162907e-01
1.278900e+04 4.198737e-01
1.279000e+04 4.219609e-01
1.279100e+04 4.246641e-01
1.279200e+04 4.230537e-01
1.279300e+04 4.211480e-01
1.279400e+04 4.228701e-01
1.279500e+04 4.158321e-01
1.279600e+04 4.218585e-01
1.279700e+04 4.239821e-01
1.279800e+04 4.169967e-01
1.279900e+04 4.171940e-01
1.280000e+04 4.175760e-01
1.280100e+04 4.239706e-01
1.280200e+04 4.213536e-01
1.280300e+04 4.177271e-01
1.280400e+04 4.225206e-01
1.280500e+04 4.115486e-01
1.280600e+04 4.226744e-01
1.280700e+04 4.176225e-01
1.280800e+04 4.079852e-01
1.280900e+04 4.204189e-01
1.281000e+04 4.198715e-01
1.281100e+04 4.208158e-01
1.281200e+04 4.198812e-01
1.281300e+04 4.215821e-01
1.281400e+04 4.158648e-01
1.281500e+04 3.992965e-01
1.281600e+04 4.160054e-01
1.281700e+04 4.107625e-01
1.281800e+04 4.156741e-01
1.281900e+04 3.801394e-01
1.282000e+04 3.772592e-01
1.282100e+04 4.138798e-01
1.282200e+04 4.137312e-01
1.282300e+04 4.187594e-01
1.282400e+04 4.148114e-01
1.282500e+04 3.255011e-01
1.282600e+04 3.971773e-01
1.282700e+04 3.760920e-01
1.282800e+04 3.941535e-01
1.282900e+04 4.154232e-01
1.283000e+04 4.122605e-01
1.283100e+04 4.058713e-01
1.283200e+04 4.109106e-01
1.283300e+04 4.135803e-01
1.283400e+04 4.049098e-01
1.283500e+04 3.411416e-01
1.283600e+04 4.096166e-01
1.283700e+04 4.165718e-01
1.283800e+04 4.212331e-01
1.283900e+04 4.220474e-01
1.284000e+04 4.110950e-01
1.284100e+04 4.121182e-01
1.284200e+04 4.126743e-01
1.284300e+04 4.212845e-01
1.284400e+04 4.122818e-01
1.284500e+04 4.147846e-01
1.284600e+04 4.178394e-01
1.284700e+04 4.173717e-01
1.284800e+04 4.146322e-01
1.284900e+04 4.121061e-01
1.285000e+04 3.797450e-01
1.285100e+04 3.600264e-01
1.285200e+04 4.109677e-01
1.285300e+04 4.192844e-01
1.285400e+04 4.169163e-01
1.285500e+04 4.172120e-01
1.285600e+04 4.207665e-01
1.285700e+04 4.197855e-01
1.285800e+04 4.147861e-01
1.285900e+04 4.118534e-01
1.286000e+04 4.074928e-01
1.286100e+04 4.101548e-01
1.286200e+04 4.081838e-01
1.286300e+04 4.136523e-01
1.286400e+04 4.116122e-01
1.286500e+04 4.161534e-01
1.286600e+04 4.079006e-01
1.286700e+04 4.201911e-01
1.286800e+04 4.087905e-01
1.286900e+04 4.192088e-01
1.287000e+04 4.155747e-01
1.287100e+04 4.203106e-01
1.287200e+04 4.174518e-01
1.287300e+04 4.177939e-01
1.287400e+04 4.216463e-01
1.287500e+04 4.180110e-01
1.287600e+04 4.135588e-01
1.287700e+04 4.129121e-01
1.287800e+04 4.042196e-01
1.287900e+04 4.200379e-01
1.288000e+04 4.207971e-01
1.288100e+04 4.186530e-01
1.288200e+04 4.205896e-01
1.288300e+04 3.930475e-01
1.288400e+04 4.111634e-01
1.288500e+04 4.089737e-01
1.288600e+04 4.078934e-01
1.288700e+04 4.099760e-01
1.288800e+04 4.163842e-01
1.288900e+04 3.994154e-01
1.289000e+04 4.205223e-01
1.289100e+04 4.198212e-01
1.289200e+04 4.112884e-01
1.289300e+04 4.153303e-01
1.289400e+04 4.183540e-01
1.289500e+04 4.123961e-01
1.289600e+04 4.101697e-01
1.289700e+04 4.210163e-01
1.289800e+04 4.095488e-01
1.289900e+04 4.142949e-01
1.290000e+04 4.095789e-01
1.290100e+04 4.117156e-01
1.290200e+04 4.010716e-01
1.290300e+04 2.961512e-01
1.290400e+04 3.685582e-01
1.290500e+04 4.047176e-01
1.290600e+04 4.106865e-01
1.290700e+04 4.098863e-01
1.290800e+04 4.189308e-01
1.290900e+04 4.139781e-01
1.291000e+04 4.116263e-01
1.291100e+04 4.102538e-01
1.291200e+04 4.002894e-01
1.291300e+04 3.891155e-01
1.291400e+04 3.904942e-01
1.291500e+04 4.110558e-01
1.291600e+04 4.097227e-01
1.291700e+04 4.052499e-01
1.291800e+04 4.199553e-01
1.291900e+04 4.073784e-01
1.292000e+04 4.155757e-01
1.292100e+04 4.117201e-01
1.292200e+04 4.191123e-01
1.292300e+04 4.084058e-01
1.292400e+04 4.104726e-01
1.292500e+04 4.091117e-01
1.292600e+04 4.131128e-01
1.292700e+04 4.119429e-01
1.292800e+04 4.104998e-01
1.292900e+04 4.129444e-01
1.293000e+04 4.135137e-01
1.293100e+04 4.081747e-01
1.293200e+04 4.094960e-01
1.293300e+04 4.084294e-01
1.293400e+04 4.196512e-01
1.293500e+04 4.181719e-01
1.293600e+04 4.149316e-01
1.293700e+04 4.162480e-01
1.293800e+04 4.082681e-01
1.293900e+04 4.124157e-01
1.294000e+04 3.997735e-01
1.294100e+04 4.108930e-01
1.294200e+04 4.208004e-01
1.294300e+04 4.153355e-01
1.294400e+04 4.216071e-01
1.294500e+04 4.176367e-01
1.294600e+04 4.042563e-01
1.294700e+04 4.116913e-01
1.294800e+04 4.133102e-01
1.294900e+04 3.994211e-01
1.295000e+04 4.004726e-01
1.295100e+04 4.178948e-01
1.295200e+04 4.135320e-01
1.295300e+04 4.161521e-01
1.295400e+04 4.126390e-01
1.295500e+04 4.117240e-01
1.295600e+04 4.131910e-01
1.295700e+04 4.142943e-01
1.295800e+04 4.208520e-01
1.295900e+04 4.078008e-01
1.296000e+04 4.187025e-01
1.296100e+04 4.161031e-01
1.296200e+04 4.108518e-01
1.296300e+04 4.176765e-01
1.296400e+04 4.162127e-01
1.296500e+04 4.113173e-01
1.296600e+04 4.191054e-01
1.296700e+04 4.196378e-01
1.296800e+04 4.110999e-01
1.296900e+04 4.087447e-01
1.297000e+04 4.154847e-01
1.297100e+04 4.142961e-01
1.297200e+04 4.102026e-01
1.297300e+04 4.125751e-01
1.297400e+04 4.140136e-01
1.297500e+04 4.156387e-01
1.297600e+04 4.124286e-01
1.297700e+04 4.129395e-01
1.297800e+04 4.100369e-01
1.297900e+04 3.877363e-01
1.298000e+04 3.935440e-01
1.298100e+04 4.155597e-01
1.298200e+04 4.151488e-01
1.298300e+04 4.093506e-01
1.298400e+04 4.140129e-01
1.298500e+04 4.073707e-01
1.298600e+04 4.180028e-01
1.298700e+04 4.150864e-01
1.298800e+04 4.128521e-01
1.298900e+04 4.174386e-01
1.299000e+04 4.124905e-01
1.299100e+04 3.967938e-01
1.299200e+04 4.048303e-01
1.299300e+04 4.125017e-01
1.299400e+04 4.132348e-01
1.299500e+04 4.121181e-01
1.299600e+04 4.180044e-01
1.299700e+04 4.072193e-01
1.299800e+04 4.148696e-01
1.299900e+04 4.146437e-01
1.300000e+04 4.161344e-01
1.300100e+04 4.088398e-01
1.300200e+04 4.079265e-01
1.300300e+04 4.162793e-01
1.300400e+04 4.122220e-01
1.300500e+04 4.123406e-01
1.300600e+04 4.149829e-01
1.300700e+04 4.151353e-01
1.300800e+04 4.166955e-01
1.300900e+04 4.065159e-01
1.301000e+04 4.092989e-01
1.301100e+04 4.120147e-01
1.301200e+04 4.085744e-01
1.301300e+04 4.110279e-01
1.301400e+04 4.043423e-01
1.301500e+04 3.917536e-01
1.301600e+04 3.972526e-01
1.301700e+04 4.155692e-01
1.301800e+04 4.175692e-01
1.301900e+04 4.080712e-01
1.302000e+04 4.152567e-01
1.302100e+04 4.173005e-01
1.302200e+04 4.125004e-01
1.302300e+04 4.109957e-01
1.302400e+04 4.124434e-01
1.302500e+04 4.149436e-01
1.302600e+04 4.133865e-01
1.302700e+04 4.130038e-01
1.302800e+04 4.105304e-01
1.302900e+04 4.170898e-01
1.303000e+04 4.146494e-01
1.303100e+04 4.061278e-01
1.303200e+04 4.099420e-01
1.303300e+04 4.096163e-01
1.303400e+04 4.133227e-01
1.303500e+04 4.094940e-01
1.303600e+04 4.062720e-01
1.303700e+04 3.842877e-01
1.303800e+04 4.078739e-01
1.303900e+04 4.139429e-01
1.304000e+04 4.114675e-01
1.304100e+04 4.101345e-01
1.304200e+04 4.119912e-01
1.304300e+04 4.142361e-01
1.304400e+04 4.100110e-01
1.304500e+04 4.076243e-01
1.304600e+04 4.152050e-01
1.304700e+04 4.153300e-01
1.304800e+04 4.143891e-01
1.304900e+04 4.096675e-01
1.305000e+04 4.102731e-01
1.305100e+04 4.154157e-01
1.305200e+04 4.130970e-01
1.305300e+04 4.117769e-01
1.305400e+04 4.088632e-01
1.305500e+04 4.036214e-01
1.305600e+04 4.149489e-01
1.305700e+04 4.059477e-01
1.305800e+04 4.143154e-01
1.305900e+04 4.123112e-01
1.306000e+04 4.143802e-01
1.306100e+04 4.092158e-01
1.306200e+04 4.084727e-01
1.306300e+04 4.058508e-01
1.306400e+04 4.099729e-01
1.306500e+04 4.061369e-01
1.306600e+04 4.114870e-01
1.306700e+04 4.077787e-01
1.306800e+04 4.129039e-01
1.306900e+04 4.073027e-01
1.307000e+04 4.073154e-01
1.307100e+04 4.074033e-01
1.307200e+04 4.084730e-01
1.307300e+04 4.151948e-01
1.307400e+04 3.994970e-01
1.307500e+04 4.084528e-01
1.307600e+04 4.095987e-01
1.307700e+04 4.120227e-01
1.307800e+04 4.120504e-01
1.307900e+04 4.124866e-01
1.308000e+04 4.046828e-01
1.308100e+04 3.749875e-01
1.308200e+04 4.102606e-01
1.308300e+04 4.095248e-01
1.308400e+04 4.074716e-01
1.308500e+04 4.050095e-01
1.308600e+04 3.970623e-01
1.308700e+04 4.149094e-01
1.308800e+04 4.117056e-01
1.308900e+04 4.129217e-01
1.309000e+04 4.016455e-01
1.309100e+04 4.010990e-01
1.309200e+04 4.091257e-01
1.309300e+04 4.068488e-01
1.309400e+04 3.980342e-01
1.309500e+04 4.007814e-01
1.309600e+04 4.054463e-01
1.309700e+04 4.059646e-01
1.309800e+04 4.051490e-01
1.309900e+04 4.045005e-01
1.310000e+04 4.114585e-01
1.310100e+04 4.061151e-01
1.310200e+04 4.044189e-01
1.310300e+04 4.078415e-01
1.310400e+04 4.109830e-01
1.310500e+04 4.137536e-01
1.310600e+04 4.113394e-01
1.310700e+04 4.028170e-01
1.310800e+04 4.005943e-01
1.310900e+04 4.079036e-01
1.311000e+04 4.078291e-01
1.311100e+04 4.109265e-01
1.311200e+04 4.101192e-01
1.311300e+04 4.091834e-01
1.311400e+04 4.028884e-01
1.311500e+04 4.052039e-01
1.311600e+04 3.988278e-01
1.311700e+04 4.049436e-01
1.311800e+04 4.033621e-01
1.311900e+04 3.969117e-01
1.312000e+04 3.957748e-01
1.312100e+04 4.021306e-01
1.312200e+04 3.952650e-01
1.312300e+04 3.902026e-01
1.312400e+04 3.797024e-01
1.312500e+04 3.582438e-01
1.312600e+04 3.198463e-01
1.312700e+04 2.180163e-01
1.312800e+04 3.188871e-01
1.312900e+04 3.588570e-01
1.313000e+04 3.734203e-01
1.313100e+04 3.843973e-01
1.313200e+04 3.906803e-01
1.313300e+04 3.948138e-01
1.313400e+04 3.962059e-01
1.313500e+04 4.021954e-01
1.313600e+04 3.959534e-01
1.313700e+04 3.915564e-01
1.313800e+04 3.855378e-01
1.313900e+04 3.799940e-01
1.314000e+04 4.009225e-01
1.314100e+04 4.021543e-01
1.314200e+04 3.995940e-01
1.314300e+04 4.044966e-01
1.314400e+04 3.944844e-01
1.314500e+04 4.031247e-01
1.314600e+04 4.022551e-01
1.314700e+04 4.052542e-01
1.314800e+04 3.992874e-01
1.314900e+04 4.022420e-01
1.315000e+04 3.963568e-01
1.315100e+04 3.856928e-01
1.315200e+04 3.822795e-01
1.315300e+04 3.562587e-01
1.315400e+04 2.563660e-01
1.315500e+04 3.068189e-01
1.315600e+04 3.638854e-01
1.315700e+04 3.820034e-01
1.315800e+04 3.913507e-01
1.315900e+04 3.919182e-01
1.316000e+04 4.041423e-01
1.316100e+04 4.015851e-01
1.316200e+04 4.001588e-01
1.316300e+04 4.048073e-01
1.316400e+04 4.050620e-01
1.316500e+04 4.089593e-01
1.316600e+04 4.019925e-01
1.316700e+04 4.039773e-01
1.316800e+04 4.085054e-01
1.316900e+04 4.109522e-01
1.317000e+04 3.982284e-01
1.317100e+04 4.038197e-01
1.317200e+04 4.030760e-01
1.317300e+04 4.058757e-01
1.317400e+04 4.057024e-01
1.317500e+04 4.047283e-01
1.317600e+04 4.111647e-01
1.317700e+04 4.062936e-01
1.317800e+04 4.045047e-01
1.317900e+04 3.993526e-01
1.318000e+04 3.979067e-01
1.318100e+04 4.007839e-01
1.318200e+04 4.049290e-01
1.318300e+04 4.046380e-01
1.318400e+04 4.070291e-01
1.318500e+04 4.063105e-01
1.318600e+04 4.101764e-01
1.318700e+04 4.015809e-01
1.318800e+04 4.013722e-01
1.318900e+04 4.069970e-01
1.319000e+04 4.031521e-01
1.319100e+04 4.089694e-01
1.319200e+04 4.106504e-01
1.319300e+04 4.112451e-01
1.319400e+04 4.058289e-01
1.319500e+04 4.004417e-01
1.319600e+04 4.054321e-01
1.319700e+04 3.966304e-01
1.319800e+04 4.066027e-01
1.319900e+04 4.095849e-01
1.320000e+04 4.103278e-01
1.320100e+04 3.959505e-01
1.320200e+04 3.986270e-01
1.320300e+04 3.950460e-01
1.320400e+04 4.009706e-01
1.320500e+04 3.863361e-01
1.320600e+04 4.085128e-01
1.320700e+04 4.062782e-01
1.320800e+04 4.052409e-01
1.320900e+04 3.911078e-01
1.321000e+04 4.046909e-01
1.321100e+04 4.102680e-01
1.321200e+04 4.025389e-01
1.321300e+04 3.978220e-01
1.321400e+04 4.055387e-01
1.321500e+04 4.060092e-01
1.321600e+04 3.864822e-01
1.321700e+04 4.024919e-01
1.321800e+04 3.994337e-01
1.321900e+04 4.088559e-01
1.322000e+04 3.985766e-01
1.322100e+04 3.909773e-01
1.322200e+04 3.958598e-01
1.322300e+04 3.974816e-01
1.322400e+04 4.034813e-01
1.322500e+04 4.063740e-01
1.322600e+04 4.032157e-01
1.322700e+04 4.030289e-01
1.322800e+04 4.067469e-01
1.322900e+04 4.056729e-01
1.323000e+04 4.008784e-01
1.323100e+04 4.015681e-01
1.323200e+04 4.056234e-01
1.323300e+04 3.982398e-01
1.323400e+04 4.049962e-01
1.323500e+04 3.960003e-01
1.323600e+04 4.012847e-01
1.323700e+04 4.041580e-01
1.323800e+04 4.028990e-01
1.323900e+04 4.001934e-01
1.324000e+04 3.969426e-01
1.324100e+04 3.925449e-01
1.324200e+04 3.996440e-01
1.324300e+04 4.044552e-01
1.324400e+04 4.065107e-01
1.324500e+04 4.095512e-01
1.324600e+04 4.051710e-01
1.324700e+04 3.961668e-01
1.324800e+04 4.032114e-01
1.324900e+04 3.958051e-01
1.325000e+04 3.994187e-01
1.325100e+04 3.947444e-01
1.325200e+04 3.978674e-01
1.325300e+04 3.898569e-01
1.325400e+04 3.965474e-01
1.325500e+04 3.832960e-01
1.325600e+04 3.935834e-01
1.325700e+04 4.026805e-01
1.325800e+04 3.992354e-01
1.325900e+04 4.001064e-01
1.326000e+04 3.948198e-01
1.326100e+04 4.034251e-01
1.326200e+04 3.882381e-01
1.326300e+04 4.067477e-01
1.326400e+04 4.069381e-01
1.326500e+04 4.019824e-01
1.326600e+04 3.952435e-01
1.326700e+04 4.011987e-01
1.326800e+04 3.958263e-01
1.326900e+04 3.954555e-01
1.327000e+04 3.915010e-01
1.327100e+04 3.646538e-01
1.327200e+04 3.814923e-01
1.327300e+04 3.971975e-01
1.327400e+04 4.003449e-01
1.327500e+04 4.036960e-01
1.327600e+04 4.023040e-01
1.327700e+04 3.944381e-01
1.327800e+04 3.984034e-01
1.327900e+04 4.022699e-01
1.328000e+04 3.824197e-01
1.328100e+04 4.010713e-01
1.328200e+04 3.877437e-01
1.328300e+04 4.054448e-01
1.328400e+04 3.930378e-01
1.328500e+04 3.747914e-01
1.328600e+04 3.989483e-01
1.328700e+04 4.012656e-01
1.328800e+04 3.992185e-01
1.328900e+04 3.813045e-01
1.329000e+04 4.003475e-01
1.329100e+04 3.958486e-01
1.329200e+04 3.864126e-01
1.329300e+04 3.956452e-01
1.329400e+04 4.015405e-01
1.329500e+04 3.814348e-01
1.329600e+04 3.910335e-01
1.329700e+04 3.390516e-01
1.329800e+04 3.537558e-01
1.329900e+04 3.970243e-01
1.330000e+04 3.956589e-01
1.330100e+04 3.878893e-01
1.330200e+04 3.947953e-01
1.330300e+04 3.997245e-01
1.330400e+04 3.955407e-01
1.330500e+04 3.926463e-01
1.330600e+04 3.922617e-01
1.330700e+04 3.889618e-01
1.330800e+04 3.932085e-01
1.330900e+04 3.842996e-01
1.331000e+04 4.006456e-01
1.331100e+04 3.915714e-01
1.331200e+04 3.901746e-01
1.331300e+04 3.795449e-01
1.331400e+04 3.775803e-01
1.331500e+04 3.822197e-01
1.331600e+04 3.937487e-01
1.331700e+04 3.966085e-01
1.331800e+04 3.403931e-01
1.331900e+04 3.831639e-01
1.332000e+04 3.555929e-01
1.332100e+04 3.383396e-01
1.332200e+04 3.152871e-01
1.332300e+04 3.100476e-01
1.332400e+04 3.179074e-01
1.332500e+04 3.613387e-01
1.332600e+04 3.585279e-01
1.332700e+04 3.619389e-01
1.332800e+04 3.824333e-01
1.332900e+04 3.889742e-01
1.333000e+04 3.871351e-01
1.333100e+04 3.897548e-01
1.333200e+04 3.821532e-01
1.333300e+04 3.707786e-01
1.333400e+04 3.850597e-01
1.333500e+04 3.928945e-01
1.333600e+04 3.840475e-01
1.333700e+04 3.914810e-01
1.333800e+04 3.856427e-01
1.333900e+04 3.956291e-01
1.334000e+04 3.685510e-01
1.334100e+04 3.362644e-01
1.334200e+04 3.712857e-01
1.334300e+04 3.408564e-01
1.334400e+04 3.899363e-01
1.334500e+04 3.970602e-01
1.334600e+04 3.278250e-01
1.334700e+04 3.444214e-01
1.334800e+04 2.820014e-01
1.334900e+04 3.341612e-01
1.335000e+04 3.195239e-01
1.335100e+04 3.407544e-01
1.335200e+04 3.332550e-01
1.335300e+04 3.917545e-01
1.335400e+04 3.053456e-01
1.335500e+04 3.714153e-01
1.335600e+04 3.310663e-01
1.335700e+04 3.666749e-01
1.335800e+04 3.452826e-01
1.335900e+04 3.217810e-01
1.336000e+04 3.516307e-01
1.336100e+04 3.222156e-01
1.336200e+04 3.997159e-01
1.336300e+04 3.783675e-01
1.336400e+04 3.725413e-01
1.336500e+04 3.472485e-01
1.336600e+04 3.041651e-01
1.336700e+04 3.370340e-01
1.336800e+04 3.747099e-01
1.336900e+04 3.957748e-01
1.337000e+04 3.743264e-01
1.337100e+04 3.324194e-01
1.337200e+04 3.302749e-01
1.337300e+04 3.323238e-01
1.337400e+04 2.961674e-01
1.337500e+04 3.331720e-01
1.337600e+04 3.716822e-01
1.337700e+04 3.702778e-01
1.337800e+04 3.509452e-01
1.337900e+04 3.539002e-01
1.338000e+04 3.466571e-01
1.338100e+04 3.585463e-01
1.338200e+04 3.606424e-01
1.338300e+04 3.426987e-01
1.338400e+04 3.436032e-01
1.338500e+04 3.859937e-01
1.338600e+04 3.470199e-01
1.338700e+04 3.532439e-01
1.338800e+04 3.851908e-01
1.338900e+04 3.824851e-01
1.339000e+04 3.591611e-01
1.339100e+04 3.498174e-01
1.339200e+04 3.747154e-01
1.339300e+04 3.301196e-01
1.339400e+04 3.087659e-01
1.339500e+04 3.378519e-01
1.339600e+04 3.890265e-01
1.339700e+04 3.814260e-01
1.339800e+04 3.821050e-01
1.339900e+04 3.889209e-01
1.340000e+04 3.040028e-01
1.340100e+04 2.878059e-01
1.340200e+04 3.841677e-01
1.340300e+04 3.823011e-01
1.340400e+04 3.778626e-01
1.340500e+04 3.301511e-01
1.340600e+04 3.309779e-01
1.340700e+04 3.924430e-01
1.340800e+04 3.438998e-01
1.340900e+04 3.697636e-01
1.341000e+04 3.675493e-01
1.341100e+04 3.808718e-01
1.341200e+04 3.566189e-01
1.341300e+04 3.662911e-01
1.341400e+04 3.841930e-01
1.341500e+04 3.341651e-01
1.341600e+04 3.677627e-01
1.341700e+04 3.802362e-01
1.341800e+04 2.779526e-01
1.341900e+04 3.412759e-01
1.342000e+04 3.669623e-01
1.342100e+04 3.242120e-01
1.342200e+04 3.633085e-01
1.342300e+04 3.437478e-01
1.342400e+04 3.163277e-01
1.342500e+04 3.722095e-01
1.342600e+04 3.566525e-01
1.342700e+04 3.268687e-01
1.342800e+04 3.403534e-01
1.342900e+04 3.164268e-01
1.343000e+04 3.638020e-01
1.343100e+04 3.467011e-01
1.343200e+04 3.472873e-01
1.343300e+04 2.806181e-01
1.343400e+04 3.473942e-01
1.343500e+04 3.593915e-01
1.343600e+04 3.713085e-01
1.343700e+04 3.757807e-01
1.343800e+04 3.812356e-01
1.343900e+04 3.178644e-01
1.344000e+04 3.610021e-01
1.344100e+04 3.402592e-01
1.344200e+04 3.416145e-01
1.344300e+04 3.887688e-01
1.344400e+04 3.696907e-01
1.344500e+04 3.589992e-01
1.344600e+04 2.835307e-01
1.344700e+04 3.489864e-01
1.344800e+04 2.866767e-01
1.344900e+04 2.764010e-01
1.345000e+04 3.924854e-01
1.345100e+04 3.728682e-01
1.345200e+04 3.793197e-01
1.345300e+04 3.662276e-01
1.345400e+04 3.720750e-01
1.345500e+04 3.726312e-01
1.345600e+04 3.338819e-01
1.345700e+04 3.677802e-01
1.345800e+04 3.457435e-01
1.345900e+04 3.625448e-01
1.346000e+04 3.867948e-01
1.346100e+04 3.841227e-01
1.346200e+04 3.709382e-01
1.346300e+04 3.481281e-01
1.346400e+04 3.798885e-01
1.346500e+04 2.968082e-01
1.346600e+04 2.955852e-01
1.346700e+04 3.838528e-01
1.346800e+04 3.109450e-01
1.346900e+04 3.175629e-01
1.347000e+04 3.634857e-01
1.347100e+04 3.805251e-01
1.347200e+04 3.750209e-01
1.347300e+04 3.594179e-01
1.347400e+04 3.190465e-01
1.347500e+04 3.689554e-01
1.347600e+04 3.894008e-01
1.347700e+04 2.924003e-01
1.347800e+04 3.405401e-01
1.347900e+04 3.242369e-01
1.348000e+04 3.450484e-01
1.348100e+04 3.287309e-01
1.348200e+04 3.779526e-01
1.348300e+04 3.578539e-01
1.348400e+04 2.593246e-01
1.348500e+04 3.751419e-01
1.348600e+04 3.827567e-01
1.348700e+04 3.881806e-01
1.348800e+04 3.526926e-01
1.348900e+04 3.569633e-01
1.349000e+04 3.090936e-01
1.349100e+04 3.747621e-01
1.349200e+04 3.524206e-01
1.349300e+04 3.692309e-01
1.349400e+04 3.643689e-01
1.349500e+04 3.671110e-01
1.349600e+04 3.699320e-01
1.349700e+04 3.728095e-01
1.349800e+04 3.555555e-01
1.349900e+04 3.388391e-01
1.350000e+04 3.741937e-01
1.350100e+04 3.804784e-01
1.350200e+04 3.049869e-01
1.350300e+04 3.245772e-01
1.350400e+04 2.858145e-01
1.350500e+04 3.249587e-01
1.350600e+04 3.650855e-01
1.350700e+04 2.726730e-01
1.350800e+04 3.216795e-01
1.350900e+04 3.802917e-01
1.351000e+04 3.582702e-01
1.351100e+04 3.586221e-01
1.351200e+04 3.833729e-01
1.351300e+04 3.519684e-01
1.351400e+04 3.453473e-01
1.351500e+04 3.555042e-01
1.351600e+04 3.503751e-01
1.351700e+04 3.513547e-01
1.351800e+04 3.241733e-01
1.351900e+04 3.616902e-01
1.352000e+04 3.308994e-01
1.352100e+04 3.495199e-01
1.352200e+04 3.340979e-01
1.352300e+04 3.668282e-01
1.352400e+04 3.798291e-01
1.352500e+04 2.647895e-01
1.352600e+04 3.653649e-01
1.352700e+04 3.480275e-01
1.352800e+04 3.493223e-01
1.352900e+04 3.493813e-01
1.353000e+04 3.639310e-01
1.353100e+04 3.547545e-01
1.353200e+04 3.537928e-01
1.353300e+04 3.590885e-01
1.353400e+04 3.940080e-01
1.353500e+04 3.631682e-01
1.353600e+04 3.323199e-01
1.353700e+04 3.129549e-01
1.353800e+04 3.349678e-01
1.353900e+04 3.468786e-01
1.354000e+04 3.531072e-01
1.354100e+04 3.251478e-01
1.354200e+04 3.430751e-01
1.354300e+04 3.032600e-01
1.354400e+04 3.761498e-01
1.354500e+04 3.527039e-01
1.354600e+04 3.484958e-01
1.354700e+04 3.079269e-01
1.354800e+04 3.622330e-01
1.354900e+04 3.486734e-01
1.355000e+04 3.044831e-01
1.355100e+04 3.537255e-01
1.355200e+04 3.455660e-01
1.355300e+04 3.472295e-01
1.355400e+04 3.573302e-01
1.355500e+04 3.611921e-01
1.355600e+04 3.805706e-01
1.355700e+04 3.082306e-01
1.355800e+04 2.853341e-01
1.355900e+04 3.458837e-01
1.356000e+04 3.532985e-01
1.356100e+04 3.676311e-01
1.356200e+04 3.787974e-01
1.356300e+04 3.441687e-01
1.356400e+04 3.482217e-01
1.356500e+04 3.628985e-01
1.356600e+04 3.309689e-01
1.356700e+04 3.594510e-01
1.356800e+04 3.593606e-01
1.356900e+04 3.782497e-01
1.357000e+04 3.157119e-01
1.357100e+04 3.019166e-01
1.357200e+04 3.743132e-01
1.357300e+04 3.786392e-01
1.357400e+04 3.574841e-01
1.357500e+04 3.277974e-01
1.357600e+04 3.687425e-01
1.357700e+04 3.162470e-01
1.357800e+04 3.400624e-01
1.357900e+04 3.558520e-01
1.358000e+04 3.438669e-01
1.358100e+04 3.461718e-01
1.358200e+04 3.640993e-01
1.358300e+04 3.634557e-01
1.358400e+04 2.948535e-01
1.358500e+04 3.582263e-01
1.358600e+04 3.391792e-01
1.358700e+04 3.679410e-01
1.358800e+04 3.316263e-01
1.358900e+04 3.305244e-01
1.359000e+04 3.663903e-01
1.359100e+04 3.478536e-01
1.359200e+04 3.508882e-01
1.359300e+04 3.627205e-01
1.359400e+04 3.656685e-01
1.359500e+04 3.112355e-01
1.359600e+04 3.306130e-01
1.359700e+04 3.135956e-01
1.359800e+04 3.441389e-01
1.359900e+04 3.340449e-01
1.360000e+04 3.715759e-01
1.360100e+04 3.683434e-01
1.360200e+04 3.598498e-01
1.360300e+04 3.603736e-01
1.360400e+04 3.138861e-01
1.360500e+04 3.740684e-01
1.360600e+04 3.414249e-01
1.360700e+04 3.613528e-01
1.360800e+04 3.211316e-01
1.360900e+04 3.594651e-01
1.361000e+04 3.621880e-01
1.361100e+04 3.271140e-01
1.361200e+04 3.540981e-01
1.361300e+04 3.225143e-01
1.361400e+04 3.535417e-01
1.361500e+04 3.344701e-01
1.361600e+04 3.452191e-01
1.361700e+04 3.239559e-01
1.361800e+04 3.568094e-01
1.361900e+04 3.099173e-01
1.362000e+04 3.220744e-01
1.362100e+04 3.622916e-01
1.362200e+04 3.509399e-01
1.362300e+04 3.096241e-01
1.362400e+04 2.509790e-01
1.362500e+04 3.579570e-01
1.362600e+04 3.736690e-01
1.362700e+04 3.390587e-01
1.362800e+04 3.266915e-01
1.362900e+04 3.551991e-01
1.363000e+04 3.093882e-01
1.363100e+04 2.990230e-01
1.363200e+04 3.127171e-01
1.363300e+04 3.651438e-01
1.363400e+04 3.466251e-01
1.363500e+04 3.409823e-01
1.363600e+04 3.666044e-01
1.363700e+04 3.444751e-01
1.363800e+04 3.474652e-01
1.363900e+04 3.532112e-01
1.364000e+04 3.657505e-01
1.364100e+04 3.731499e-01
1.364200e+04 3.244396e-01
1.364300e+04 3.313718e-01
1.364400e+04 3.356143e-01
1.364500e+04 3.468631e-01
1.364600e+04 3.191549e-01
1.364700e+04 2.707082e-01
1.364800e+04 3.573601e-01
1.364900e+04 3.276332e-01
1.365000e+04 3.298262e-01
1.365100e+04 3.548185e-01
1.365200e+04 3.495852e-01
1.365300e+04 3.778495e-01
1.365400e+04 3.549534e-01
1.365500e+04 3.436673e-01
1.365600e+04 3.424722e-01
1.365700e+04 3.635308e-01
1.365800e+04 3.523103e-01
1.365900e+04 3.697586e-01
1.366000e+04 3.411657e-01
1.366100e+04 3.555123e-01
1.366200e+04 3.565030e-01
1.366300e+04 3.538820e-01
1.366400e+04 3.218020e-01
1.366500e+04 3.538516e-01
1.366600e+04 3.223512e-01
1.366700e+04 3.503032e-01
1.366800e+04 3.338263e-01
1.366900e+04 3.343174e-01
1.367000e+04 3.657189e-01
1.367100e+04 3.574802e-01
1.367200e+04 3.365030e-01
1.367300e+04 3.472917e-01
1.367400e+04 3.603876e-01
1.367500e+04 3.457376e-01
1.367600e+04 3.282403e-01
1.367700e+04 3.635301e-01
1.367800e+04 3.498344e-01
1.367900e+04 3.420286e-01
1.368000e+04 3.359810e-01
1.368100e+04 3.435142e-01
1.368200e+04 3.648687e-01
1.368300e+04 3.471359e-01
1.368400e+04 3.636882e-01
1.368500e+04 3.451815e-01
1.368600e+04 3.128027e-01
1.368700e+04 3.385106e-01
1.368800e+04 3.288802e-01
1.368900e+04 3.472361e-01
1.369000e+04 3.599435e-01
1.369100e+04 3.370540e-01
1.369200e+04 3.704080e-01
1.369300e+04 3.509662e-01
1.369400e+04 3.268166e-01
1.369500e+04 3.540497e-01
1.369600e+04 3.263211e-01
1.369700e+04 3.225946e-01
1.369800e+04 3.629258e-01
1.369900e+04 3.592022e-01
1.370000e+04 3.430765e-01
1.370100e+04 3.450402e-01
1.370200e+04 3.491135e-01
1.370300e+04 3.458424e-01
1.370400e+04 3.622514e-01
1.370500e+04 3.470861e-01
1.370600e+04 3.532396e-01
1.370700e+04 3.591178e-01
1.370800e+04 3.405611e-01
1.370900e+04 3.394131e-01
1.371000e+04 3.236221e-01
1.371100e+04 3.315219e-01
1.371200e+04 3.405721e-01
1.371300e+04 3.242996e-01
1.371400e+04 3.476728e-01
1.371500e+04 3.311581e-01
1.371600e+04 3.465842e-01
1.371700e+04 3.296799e-01
1.371800e+04 3.346890e-01
1.371900e+04 3.575251e-01
1.372000e+04 3.654849e-01
1.372100e+04 3.506218e-01
1.372200e+04 3.568062e-01
1.372300e+04 3.396333e-01
1.372400e+04 3.623263e-01
1.372500e+04 3.445395e-01
1.372600e+04 3.338082e-01
1.372700e+04 3.458038e-01
1.372800e+04 3.769003e-01
1.372900e+04 3.175218e-01
1.373000e+04 3.630067e-01
1.373100e+04 3.378948e-01
1.373200e+04 3.340770e-01
1.373300e+04 3.300403e-01
1.373400e+04 3.579516e-01
1.373500e+04 3.587109e-01
1.373600e+04 3.545778e-01
1.373700e+04 3.554283e-01
1.373800e+04 3.377511e-01
1.373900e+04 3.413465e-01
1.374000e+04 3.459521e-01
1.374100e+04 3.287740e-01
1.374200e+04 3.331015e-01
1.374300e+04 3.609637e-01
1.374400e+04 3.397271e-01
1.374500e+04 3.696290e-01
1.374600e+04 3.389622e-01
1.374700e+04 3.682052e-01
1.374800e+04 3.397204e-01
1.374900e+04 3.540346e-01
1.375000e+04 3.268721e-01
1.375100e+04 3.574131e-01
1.375200e+04 3.349831e-01
1.375300e+04 3.544880e-01
1.375400e+04 3.472600e-01
1.375500e+04 3.632958e-01
1.375600e+04 3.646712e-01
1.375700e+04 3.380949e-01
1.375800e+04 3.463085e-01
1.375900e+04 3.503489e-01
1.376000e+04 3.399374e-01
1.376100e+04 3.489501e-01
1.376200e+04 3.488766e-01
1.376300e+04 3.423351e-01
1.376400e+04 3.627111e-01
1.376500e+04 3.434821e-01
1.376600e+04 3.528893e-01
1.376700e+04 3.263183e-01
1.376800e+04 3.587608e-01
1.376900e+04 3.356968e-01
1.377000e+04 3.384367e-01
1.377100e+04 3.480456e-01
1.377200e+04 3.635907e-01
1.377300e+04 3.523431e-01
1.377400e+04 3.585878e-01
1.377500e+04 3.398493e-01
1.377600e+04 3.665965e-01
1.377700e+04 3.480964e-01
1.377800e+04 3.476039e-01
1.377900e+04 3.616262e-01
1.378000e+04 3.276802e-01
1.378100e+04 3.476966e-01
1.378200e+04 3.455982e-01
1.378300e+04 3.242884e-01
1.378400e+04 3.655373e-01
1.378500e+04 3.461503e-01
1.378600e+04 3.559164e-01
1.378700e+04 3.421360e-01
1.378800e+04 3.441385e-01
1.378900e+04 3.350579e-01
1.379000e+04 3.591202e-01
1.379100e+04 3.224685e-01
1.379200e+04 3.456906e-01
1.379300e+04 3.555186e-01
1.379400e+04 3.446073e-01
1.379500e+04 3.511449e-01
1.379600e+04 3.552167e-01
1.379700e+04 3.495549e-01
1.379800e+04 3.562081e-01
1.379900e+04 3.541456e-01
1.380000e+04 3.503162e-01
1.380100e+04 3.469135e-01
1.380200e+04 3.665097e-01
1.380300e+04 3.657411e-01
1.380400e+04 3.600735e-01
1.380500e+04 3.357981e-01
1.380600e+04 3.054167e-01
1.380700e+04 3.512546e-01
1.380800e+04 3.457058e-01
1.380900e+04 3.480117e-01
1.381000e+04 3.432920e-01
1.381100e+04 3.454467e-01
1.381200e+04 3.391346e-01
1.381300e+04 3.509824e-01
1.381400e+04 3.621458e-01
1.381500e+04 3.409652e-01
1.381600e+04 3.554136e-01
1.381700e+04 3.627798e-01
1.381800e+04 3.701951e-01
1.381900e+04 3.573159e-01
1.382000e+04 3.538373e-01
1.382100e+04 3.586304e-01
1.382200e+04 3.466130e-01
1.382300e+04 3.359387e-01
1.382400e+04 3.431165e-01
1.382500e+04 3.251475e-01
1.382600e+04 3.318962e-01
1.382700e+04 2.799252e-01
1.382800e+04 3.419511e-01
1.382900e+04 3.283506e-01
1.383000e+04 3.483104e-01
1.383100e+04 3.495917e-01
1.383200e+04 3.466624e-01
1.383300e+04 3.500778e-01
1.383400e+04 3.493859e-01
1.383500e+04 3.307771e-01
1.383600e+04 3.655721e-01
1.383700e+04 3.503921e-01
1.383800e+04 3.423969e-01
1.383900e+04 3.308314e-01
1.384000e+04 3.625425e-01
1.384100e+04 3.513375e-01
1.384200e+04 3.588352e-01
1.384300e+04 3.372276e-01
1.384400e+04 3.422282e-01
1.384500e+04 3.480710e-01
1.384600e+04 3.563004e-01
1.384700e+04 3.528809e-01
1.384800e+04 3.494573e-01
1.384900e+04 3.204599e-01
1.385000e+04 3.567064e-01
1.385100e+04 2.682908e-01
1.385200e+04 3.502525e-01
1.385300e+04 3.598537e-01
1.385400e+04 3.542784e-01
1.385500e+04 3.495835e-01
1.385600e+04 3.674403e-01
1.385700e+04 3.480560e-01
1.385800e+04 3.346223e-01
1.385900e+04 3.113575e-01
1.386000e+04 3.401388e-01
1.386100e+04 3.390401e-01
1.386200e+04 3.588407e-01
1.386300e+04 3.583930e-01
1.386400e+04 3.091362e-01
1.386500e+04 3.274693e-01
1.386600e+04 3.416909e-01
1.386700e+04 3.404496e-01
1.386800e+04 2.921433e-01
1.386900e+04 3.532698e-01
1.387000e+04 3.272339e-01
1.387100e+04 3.490886e-01
1.387200e+04 3.540638e-01
1.387300e+04 3.612101e-01
1.387400e+04 3.504918e-01
1.387500e+04 3.523273e-01
1.387600e+04 3.486200e-01
1.387700e+04 3.519320e-01
1.387800e+04 3.520669e-01
1.387900e+04 3.421250e-01
1.388000e+04 3.430608e-01
1.388100e+04 2.613219e-01
1.388200e+04 3.228349e-01
1.388300e+04 3.424449e-01
1.388400e+04 3.398255e-01
1.388500e+04 3.456801e-01
1.388600e+04 3.455016e-01
1.388700e+04 3.409630e-01
1.388800e+04 3.493388e-01
1.388900e+04 3.519700e-01
1.389000e+04 2.990674e-01
1.389100e+04 3.489116e-01
1.389200e+04 3.543770e-01
1.389300e+04 3.695525e-01
1.389400e+04 3.492353e-01
1.389500e+04 3.340255e-01
1.389600e+04 3.226383e-01
1.389700e+04 3.302309e-01
1.389800e+04 3.484556e-01
1.389900e+04 3.053593e-01
1.390000e+04 2.930111e-01
1.390100e+04 3.573935e-01
1.390200e+04 3.425638e-01
1.390300e+04 3.260729e-01
1.390400e+04 3.395465e-01
1.390500e+04 3.492468e-01
1.390600e+04 3.203073e-01
1.390700e+04 3.179170e-01
1.390800e+04 3.181482e-01
1.390900e+04 2.999621e-01
1.391000e+04 3.324135e-01
1.391100e+04 3.053485e-01
1.391200e+04 2.826666e-01
1.391300e+04 3.509982e-01
1.391400e+04 2.861512e-01
1.391500e+04 3.460774e-01
1.391600e+04 3.085772e-01
1.391700e+04 2.760850e-01
1.391800e+04 3.366548e-01
1.391900e+04 3.078734e-01
1.392000e+04 3.393744e-01
1.392100e+04 3.237191e-01
1.392200e+04 2.914122e-01
1.392300e+04 3.513671e-01
1.392400e+04 3.446315e-01
1.392500e+04 2.965265e-01
1.392600e+04 3.140058e-01
1.392700e+04 2.986019e-01
1.392800e+04 2.851109e-01
1.392900e+04 3.470284e-01
1.393000e+04 3.450137e-01
1.393100e+04 3.223260e-01
1.393200e+04 3.171711e-01
1.393300e+04 3.304496e-01
1.393400e+04 3.354071e-01
1.393500e+04 3.116317e-01
1.393600e+04 2.705871e-01
1.393700e+04 3.257420e-01
1.393800e+04 3.511245e-01
1.393900e+04 3.047465e-01
1.394000e+04 3.165332e-01
1.394100e+04 3.487069e-01
1.394200e+04 3.126699e-01
1.394300e+04 3.543211e-01
1.394400e+04 3.513834e-01
1.394500e+04 3.045973e-01
1.394600e+04 3.418633e-01
1.394700e+04 3.166959e-01
1.394800e+04 3.350527e-01
1.394900e+04 3.548338e-01
1.395000e+04 3.182124e-01
1.395100e+04 3.220476e-01
1.395200e+04 2.878985e-01
1.395300e+04 3.459726e-01
1.395400e+04 3.429746e-01
1.395500e+04 3.202026e-01
1.395600e+04 3.356561e-01
1.395700e+04 2.464554e-01
1.395800e+04 3.297020e-01
1.395900e+04 3.519851e-01
1.396000e+04 3.474271e-01
1.396100e+04 3.489144e-01
1.396200e+04 3.534294e-01
1.396300e+04 3.345155e-01
1.396400e+04 3.142875e-01
1.396500e+04 3.184605e-01
1.396600e+04 3.237160e-01
1.396700e+04 3.496720e-01
1.396800e+04 3.300422e-01
1.396900e+04 3.070427e-01
1.397000e+04 3.509203e-01
1.397100e+04 2.818502e-01
1.397200e+04 3.316353e-01
1.397300e+04 3.365514e-01
1.397400e+04 3.316594e-01
1.397500e+04 2.943824e-01
1.397600e+04 3.376415e-01
1.397700e+04 2.659966e-01
1.397800e+04 3.569624e-01
1.397900e+04 3.093966e-01
1.398000e+04 3.312036e-01
1.398100e+04 3.092877e-01
1.398200e+04 3.100412e-01
1.398300e+04 3.525404e-01
1.398400e+04 2.785187e-01
1.398500e+04 2.856636e-01
1.398600e+04 3.471992e-01
1.398700e+04 3.054103e-01
1.398800e+04 3.054474e-01
1.398900e+04 3.296927e-01
1.399000e+04 3.143020e-01
1.399100e+04 3.282753e-01
1.399200e+04 3.487794e-01
1.399300e+04 3.470989e-01
1.399400e+04 3.182972e-01
1.399500e+04 3.138373e-01
1.399600e+04 3.239595e-01
1.399700e+04 3.455397e-01
1.399800e+04 3.172361e-01
1.399900e+04 2.917098e-01
1.400000e+04 3.011210e-01
1.400100e+04 2.906085e-01
1.400200e+04 3.280543e-01
1.400300e+04 3.499858e-01
1.400400e+04 3.152816e-01
1.400500e+04 3.374580e-01
1.400600e+04 3.047044e-01
1.400700e+04 2.761801e-01
1.400800e+04 2.952874e-01
1.400900e+04 3.418588e-01
1.401000e+04 3.090158e-01
1.401100e+04 2.919333e-01
1.401200e+04 3.400665e-01
1.401300e+04 3.405535e-01
1.401400e+04 3.112627e-01
1.401500e+04 3.196170e-01
1.401600e+04 3.344716e-01
1.401700e+04 3.512125e-01
1.401800e+04 2.833877e-01
1.401900e+04 3.395311e-01
1.402000e+04 3.487340e-01
1.402100e+04 3.422465e-01
1.402200e+04 3.033319e-01
1.402300e+04 3.399510e-01
1.402400e+04 3.230818e-01
1.402500e+04 3.165755e-01
1.402600e+04 2.871096e-01
1.402700e+04 3.216825e-01
1.402800e+04 3.634283e-01
1.402900e+04 3.300240e-01
1.403000e+04 3.207865e-01
1.403100e+04 3.437638e-01
1.403200e+04 3.359643e-01
1.403300e+04 3.170114e-01
1.403400e+04 3.405716e-01
1.403500e+04 3.553779e-01
1.403600e+04 3.140518e-01
1.403700e+04 3.192965e-01
1.403800e+04 3.419636e-01
1.403900e+04 3.385151e-01
1.404000e+04 3.049425e-01
1.404100e+04 3.420467e-01
1.404200e+04 3.279035e-01
1.404300e+04 3.233796e-01
1.404400e+04 2.816052e-01
1.404500e+04 2.936131e-01
1.404600e+04 3.216655e-01
1.404700e+04 3.578147e-01
1.404800e+04 3.422731e-01
1.404900e+04 2.892339e-01
1.405000e+04 2.593315e-01
1.405100e+04 3.371943e-01
1.405200e+04 3.318768e-01
1.405300e+04 3.255885e-01
1.405400e+04 3.234718e-01
1.405500e+04 3.483770e-01
1.405600e+04 3.401291e-01
1.405700e+04 3.120738e-01
1.405800e+04 3.431273e-01
1.405900e+04 2.915751e-01
1.406000e+04 3.507915e-01
1.406100e+04 3.518779e-01
1.406200e+04 3.355416e-01
1.406300e+04 3.323876e-01
1.406400e+04 3.438019e-01
1.406500e+04 3.425614e-01
1.406600e+04 3.129135e-01
1.406700e+04 2.983966e-01
1.406800e+04 3.345405e-01
1.406900e+04 2.955101e-01
1.407000e+04 3.300680e-01
1.407100e+04 3.255384e-01
1.407200e+04 3.215742e-01
1.407300e+04 2.866981e-01
1.407400e+04 3.304161e-01
1.407500e+04 3.143653e-01
1.407600e+04 3.324396e-01
1.407700e+04 3.223880e-01
1.407800e+04 3.115285e-01
1.407900e+04 3.337583e-01
1.408000e+04 3.323626e-01
1.408100e+04 3.196071e-01
1.408200e+04 3.175001e-01
1.408300e+04 3.160596e-01
1.408400e+04 3.090062e-01
1.408500e+04 3.263192e-01
1.408600e+04 3.137275e-01
1.408700e+04 3.058739e-01
1.408800e+04 3.144387e-01
1.408900e+04 3.097293e-01
1.409000e+04 2.914597e-01
1.409100e+04 3.196733e-01
1.409200e+04 3.386019e-01
1.409300e+04 2.891939e-01
1.409400e+04 3.371829e-01
1.409500e+04 2.771879e-01
1.409600e+04 3.184642e-01
1.409700e+04 3.266345e-01
1.409800e+04 3.344272e-01
1.409900e+04 3.345509e-01
1.410000e+04 3.493750e-01
1.410100e+04 3.222591e-01
1.410200e+04 3.301858e-01
1.410300e+04 3.228155e-01
1.410400e+04 3.051441e-01
1.410500e+04 3.084376e-01
1.410600e+04 3.079021e-01
1.410700e+04 2.898966e-01
1.410800e+04 3.166389e-01
1.410900e+04 3.158119e-01
1.411000e+04 3.324083e-01
1.411100e+04 3.466854e-01
1.411200e+04 3.173518e-01
1.411300e+04 2.814983e-01
1.411400e+04 3.094082e-01
1.411500e+04 3.103795e-01
1.411600e+04 3.270535e-01
1.411700e+04 2.773252e-01
1.411800e+04 3.268908e-01
1.411900e+04 3.161872e-01
1.412000e+04 3.315927e-01
1.412100e+04 3.321125e-01
1.412200e+04 2.880129e-01
1.412300e+04 2.804275e-01
1.412400e+04 2.681479e-01
1.412500e+04 3.286436e-01
1.412600e+04 3.275248e-01
1.412700e+04 3.003487e-01
1.412800e+04 3.122062e-01
1.412900e+04 3.282953e-01
1.413000e+04 3.292836e-01
1.413100e+04 3.024946e-01
1.413200e+04 3.472977e-01
1.413300e+04 2.960559e-01
1.413400e+04 2.948964e-01
1.413500e+04 3.093267e-01
1.413600e+04 3.268177e-01
1.413700e+04 3.228750e-01
1.413800e+04 3.254643e-01
1.413900e+04 3.455044e-01
1.414000e+04 3.433956e-01
1.414100e+04 2.349309e-01
1.414200e+04 2.965620e-01
1.414300e+04 2.847816e-01
1.414400e+04 3.409101e-01
1.414500e+04 3.102451e-01
1.414600e+04 2.656115e-01
1.414700e+04 3.054733e-01
1.414800e+04 3.185531e-01
1.414900e+04 2.756684e-01
1.415000e+04 3.263172e-01
1.415100e+04 3.308596e-01
1.415200e+04 3.178865e-01
1.415300e+04 3.124091e-01
1.415400e+04 3.318978e-01
1.415500e+04 3.452922e-01
1.415600e+04 3.092213e-01
1.415700e+04 3.286929e-01
1.415800e+04 3.211041e-01
1.415900e+04 3.163626e-01
1.416000e+04 3.241360e-01
1.416100e+04 2.950601e-01
1.416200e+04 3.125227e-01
1.416300e+04 2.979705e-01
1.416400e+04 3.125068e-01
1.416500e+04 3.358072e-01
1.416600e+04 3.260739e-01
1.416700e+04 3.033189e-01
1.416800e+04 3.280923e-01
1.416900e+04 2.672276e-01
1.417000e+04 3.069165e-01
1.417100e+04 2.792025e-01
1.417200e+04 3.249440e-01
1.417300e+04 3.233552e-01
1.417400e+04 3.151099e-01
1.417500e+04 2.929590e-01
1.417600e+04 2.733149e-01
1.417700e+04 2.771074e-01
1.417800e+04 3.066465e-01
1.417900e+04 3.213157e-01
1.418000e+04 2.794183e-01
1.418100e+04 3.255111e-01
1.418200e+04 3.010503e-01
1.418300e+04 3.037121e-01
1.418400e+04 3.101436e-01
1.418500e+04 3.081920e-01
1.418600e+04 3.058293e-01
1.418700e+04 3.443628e-01
1.418800e+04 3.183399e-01
1.418900e+04 2.601082e-01
1.419000e+04 2.476691e-01
1.419100e+04 3.064520e-01
1.419200e+04 3.009223e-01
1.419300e+04 3.195763e-01
1.419400e+04 2.940383e-01
1.419500e+04 2.933692e-01
1.419600e+04 3.077761e-01
1.419700e+04 3.270856e-01
1.419800e+04 3.246634e-01
1.419900e+04 3.293789e-01
1.420000e+04 2.664021e-01
1.420100e+04 3.138956e-01
1.420200e+04 3.331455e-01
1.420300e+04 3.272610e-01
1.420400e+04 3.160915e-01
1.420500e+04 3.308986e-01
1.420600e+04 2.755566e-01
1.420700e+04 3.230770e-01
1.420800e+04 3.043325e-01
1.420900e+04 3.379336e-01
1.421000e+04 3.136926e-01
1.421100e+04 3.258145e-01
1.421200e+04 3.347661e-01
1.421300e+04 3.202556e-01
1.421400e+04 3.239487e-01
1.421500e+04 2.705113e-01
1.421600e+04 2.991834e-01
1.421700e+04 3.129439e-01
1.421800e+04 3.310331e-01
1.421900e+04 2.844583e-01
1.422000e+04 2.878815e-01
1.422100e+04 3.326494e-01
1.422200e+04 3.052302e-01
1.422300e+04 3.289553e-01
1.422400e+04 2.809568e-01
1.422500e+04 3.323988e-01
1.422600e+04 3.300525e-01
1.422700e+04 2.940615e-01
1.422800e+04 2.924558e-01
1.422900e+04 3.445644e-01
1.423000e+04 3.356250e-01
1.423100e+04 3.066131e-01
1.423200e+04 2.872883e-01
1.423300e+04 2.795795e-01
1.423400e+04 3.196543e-01
1.423500e+04 2.888583e-01
1.423600e+04 3.011880e-01
1.423700e+04 3.434453e-01
1.423800e+04 2.521014e-01
1.423900e+04 2.585248e-01
1.424000e+04 2.979129e-01
1.424100e+04 3.033704e-01
1.424200e+04 3.155035e-01
1.424300e+04 2.970721e-01
1.424400e+04 3.025479e-01
1.424500e+04 3.166723e-01
1.424600e+04 3.281695e-01
1.424700e+04 3.208348e-01
1.424800e+04 3.172966e-01
1.424900e+04 3.163127e-01
1.425000e+04 2.826966e-01
1.425100e+04 2.871571e-01
1.425200e+04 3.107434e-01
1.425300e+04 3.076931e-01
1.425400e+04 2.935102e-01
1.425500e+04 3.184080e-01
1.425600e+04 2.679866e-01
1.425700e+04 3.098787e-01
1.425800e+04 2.942973e-01
1.425900e+04 3.072802e-01
1.426000e+04 2.822841e-01
1.426100e+04 2.916233e-01
1.426200e+04 2.975647e-01
1.426300e+04 2.573049e-01
1.426400e+04 2.872900e-01
1.426500e+04 3.135240e-01
1.426600e+04 3.031004e-01
1.426700e+04 3.254085e-01
1.426800e+04 2.997492e-01
1.426900e+04 2.925923e-01
1.427000e+04 3.030844e-01
1.427100e+04 2.770689e-01
1.427200e+04 3.198278e-01
1.427300e+04 3.032865e-01
1.427400e+04 2.727245e-01
1.427500e+04 2.701549e-01
1.427600e+04 2.953698e-01
1.427700e+04 3.080832e-01
1.427800e+04 3.197083e-01
1.427900e+04 3.177392e-01
1.428000e+04 3.200813e-01
1.428100e+04 3.062836e-01
1.428200e+04 3.010322e-01
1.428300e+04 3.162665e-01
1.428400e+04 2.566252e-01
1.428500e+04 3.070888e-01
1.428600e+04 2.922638e-01
1.428700e+04 3.047348e-01
1.428800e+04 2.879612e-01
1.428900e+04 2.327795e-01
1.429000e+04 2.465102e-01
1.429100e+04 3.204631e-01
1.429200e+04 3.125011e-01
1.429300e+04 3.102107e-01
1.429400e+04 2.978277e-01
1.429500e+04 2.756595e-01
1.429600e+04 3.260725e-01
1.429700e+04 3.117222e-01
1.429800e+04 3.372378e-01
1.429900e+04 3.185446e-01
1.430000e+04 2.996133e-01
1.430100e+04 3.131828e-01
1.430200e+04 3.099370e-01
1.430300e+04 3.275108e-01
1.430400e+04 3.304426e-01
1.430500e+04 3.157036e-01
1.430600e+04 3.360654e-01
1.430700e+04 3.360977e-01
1.430800e+04 2.910197e-01
1.430900e+04 3.186196e-01
1.431000e+04 3.317924e-01
1.431100e+04 2.737445e-01
1.431200e+04 3.074087e-01
1.431300e+04 3.112071e-01
1.431400e+04 3.128819e-01
1.431500e+04 3.075992e-01
1.431600e+04 2.961706e-01
1.431700e+04 3.218302e-01
1.431800e+04 2.948361e-01
1.431900e+04 2.906097e-01
1.432000e+04 2.940748e-01
1.432100e+04 3.159047e-01
1.432200e+04 3.173958e-01
1.432300e+04 2.949573e-01
1.432400e+04 3.139593e-01
1.432500e+04 3.171168e-01
1.432600e+04 3.070003e-01
1.432700e+04 3.140518e-01
1.432800e+04 2.879796e-01
1.432900e+04 2.947424e-01
1.433000e+04 3.222866e-01
1.433100e+04 3.065270e-01
1.433200e+04 3.360431e-01
1.433300e+04 3.214245e-01
1.433400e+04 3.101667e-01
1.433500e+04 3.343622e-01
1.433600e+04 3.066391e-01
1.433700e+04 2.743611e-01
1.433800e+04 2.729971e-01
1.433900e+04 3.073754e-01
1.434000e+04 2.982127e-01
1.434100e+04 2.739084e-01
1.434200e+04 3.031159e-01
1.434300e+04 2.600490e-01
1.434400e+04 2.731311e-01
1.434500e+04 2.942765e-01
1.434600e+04 3.433654e-01
1.434700e+04 3.238346e-01
1.434800e+04 2.925808e-01
1.434900e+04 2.754223e-01
1.435000e+04 3.383380e-01
1.435100e+04 3.102519e-01
1.435200e+04 2.906882e-01
1.435300e+04 2.978411e-01
1.435400e+04 3.260554e-01
1.435500e+04 3.206376e-01
1.435600e+04 2.961523e-01
1.435700e+04 2.953313e-01
1.435800e+04 3.024914e-01
1.435900e+04 2.951823e-01
1.436000e+04 3.293864e-01
1.436100e+04 2.879922e-01
1.436200e+04 2.913230e-01
1.436300e+04 3.253400e-01
1.436400e+04 3.170769e-01
1.436500e+04 3.229157e-01
1.436600e+04 2.766998e-01
1.436700e+04 3.169182e-01
1.436800e+04 2.803886e-01
1.436900e+04 2.984810e-01
1.437000e+04 3.063693e-01
1.437100e+04 2.916289e-01
1.437200e+04 3.072746e-01
1.437300e+04 3.059105e-01
1.437400e+04 3.213739e-01
1.437500e+04 3.035741e-01
1.437600e+04 3.185824e-01
1.437700e+04 3.391490e-01
1.437800e+04 3.065157e-01
1.437900e+04 2.938873e-01
1.438000e+04 2.790370e-01
1.438100e+04 2.940810e-01
1.438200e+04 2.865413e-01
1.438300e+04 3.239356e-01
1.438400e+04 3.416136e-01
1.438500e+04 3.001785e-01
1.438600e+04 3.139698e-01
1.438700e+04 3.264244e-01
1.438800e+04 3.386419e-01
1.438900e+04 3.128821e-01
1.439000e+04 3.292444e-01
1.439100e+04 2.987745e-01
1.439200e+04 2.786258e-01
1.439300e+04 3.114836e-01
1.439400e+04 2.821822e-01
1.439500e+04 2.647910e-01
1.439600e+04 2.746553e-01
1.439700e+04 3.130325e-01
1.439800e+04 2.756698e-01
1.439900e+04 3.074317e-01
1.440000e+04 3.037036e-01
1.440100e+04 3.331892e-01
1.440200e+04 3.195465e-01
1.440300e+04 3.178226e-01
1.440400e+04 3.061138e-01
1.440500e+04 2.672481e-01
1.440600e+04 3.370198e-01
1.440700e+04 3.154930e-01
1.440800e+04 3.105977e-01
1.440900e+04 3.028736e-01
1.441000e+04 2.979739e-01
1.441100e+04 2.568717e-01
1.441200e+04 2.882179e-01
1.441300e+04 2.911563e-01
1.441400e+04 3.038847e-01
1.441500e+04 3.252104e-01
1.441600e+04 2.959379e-01
1.441700e+04 2.972460e-01
1.441800e+04 2.956194e-01
1.441900e+04 3.274058e-01
1.442000e+04 3.276223e-01
1.442100e+04 2.959941e-01
1.442200e+04 2.994091e-01
1.442300e+04 3.112300e-01
1.442400e+04 2.857691e-01
1.442500e+04 2.971876e-01
1.442600e+04 3.227364e-01
1.442700e+04 2.799710e-01
1.442800e+04 3.061477e-01
1.442900e+04 3.141503e-01
1.443000e+04 3.142133e-01
1.443100e+04 3.257048e-01
1.443200e+04 3.069570e-01
1.443300e+04 3.045705e-01
1.443400e+04 3.097197e-01
1.443500e+04 3.296108e-01
1.443600e+04 3.305349e-01
1.443700e+04 3.317050e-01
1.443800e+04 3.119917e-01
1.443900e+04 2.932530e-01
1.444000e+04 2.995712e-01
1.444100e+04 3.182688e-01
1.444200e+04 3.035932e-01
1.444300e+04 2.955643e-01
1.444400e+04 2.886683e-01
1.444500e+04 3.103997e-01
1.444600e+04 2.975649e-01
1.444700e+04 3.138679e-01
1.444800e+04 3.255870e-01
1.444900e+04 2.951557e-01
1.445000e+04 2.951167e-01
1.445100e+04 2.761726e-01
1.445200e+04 3.100002e-01
1.445300e+04 3.074852e-01
1.445400e+04 2.568834e-01
1.445500e+04 2.924827e-01
1.445600e+04 2.941765e-01
1.445700e+04 3.304238e-01
1.445800e+04 3.154885e-01
1.445900e+04 3.050430e-01
1.446000e+04 3.224460e-01
1.446100e+04 2.911330e-01
1.446200e+04 3.251865e-01
1.446300e+04 3.227659e-01
1.446400e+04 3.165882e-01
1.446500e+04 3.274006e-01
1.446600e+04 2.873748e-01
1.446700e+04 2.914473e-01
1.446800e+04 2.958924e-01
1.446900e+04 2.854550e-01
1.447000e+04 3.078785e-01
1.447100e+04 2.921248e-01
1.447200e+04 3.105731e-01
1.447300e+04 3.000771e-01
1.447400e+04 2.773003e-01
1.447500e+04 3.257476e-01
1.447600e+04 3.100159e-01
1.447700e+04 3.087295e-01
1.447800e+04 2.732349e-01
1.447900e+04 3.110369e-01
1.448000e+04 2.714051e-01
1.448100e+04 3.046007e-01
1.448200e+04 3.126246e-01
1.448300e+04 3.313278e-01
1.448400e+04 3.031592e-01
1.448500e+04 3.179013e-01
1.448600e+04 2.903394e-01
1.448700e+04 3.315509e-01
1.448800e+04 3.224109e-01
1.448900e+04 2.827729e-01
1.449000e+04 2.886627e-01
1.449100e+04 3.254097e-01
1.449200e+04 3.345074e-01
1.449300e+04 3.191632e-01
1.449400e+04 3.183027e-01
1.449500e+04 3.195234e-01
1.449600e+04 3.263831e-01
1.449700e+04 3.160444e-01
1.449800e+04 2.582530e-01
1.449900e+04 2.971886e-01
1.450000e+04 3.003000e-01
1.450100e+04 3.101655e-01
1.450200e+04 3.323378e-01
1.450300e+04 2.694543e-01
1.450400e+04 2.717126e-01
1.450500e+04 3.078063e-01
1.450600e+04 3.204516e-01
1.450700e+04 2.876752e-01
1.450800e+04 2.609570e-01
1.450900e+04 3.075325e-01
1.451000e+04 2.861020e-01
1.451100e+04 2.370261e-01
1.451200e+04 3.111398e-01
1.451300e+04 2.905092e-01
1.451400e+04 3.272099e-01
1.451500e+04 3.176336e-01
1.451600e+04 2.972360e-01
1.451700e+04 3.247247e-01
1.451800e+04 3.393282e-01
1.451900e+04 2.910357e-01
1.452000e+04 2.987066e-01
1.452100e+04 3.237811e-01
1.452200e+04 3.147762e-01
1.452300e+04 3.165426e-01
1.452400e+04 3.254009e-01
1.452500e+04 3.022336e-01
1.452600e+04 2.588665e-01
1.452700e+04 3.229423e-01
1.452800e+04 3.214387e-01
1.452900e+04 3.286360e-01
1.453000e+04 3.113320e-01
1.453100e+04 3.122362e-01
1.453200e+04 2.891667e-01
1.453300e+04 2.927369e-01
1.453400e+04 3.189068e-01
1.453500e+04 2.986464e-01
1.453600e+04 3.122671e-01
1.453700e+04 2.755073e-01
1.453800e+04 3.144209e-01
1.453900e+04 2.870354e-01
1.454000e+04 3.062419e-01
1.454100e+04 3.067809e-01
1.454200e+04 3.167232e-01
1.454300e+04 3.049757e-01
1.454400e+04 2.595302e-01
1.454500e+04 3.156591e-01
1.454600e+04 3.191844e-01
1.454700e+04 3.130502e-01
1.454800e+04 2.792829e-01
1.454900e+04 3.217058e-01
1.455000e+04 3.222087e-01
1.455100e+04 3.249058e-01
1.455200e+04 3.363144e-01
1.455300e+04 3.081359e-01
1.455400e+04 3.240143e-01
1.455500e+04 2.948779e-01
1.455600e+04 3.168555e-01
1.455700e+04 2.822294e-01
1.455800e+04 2.996611e-01
1.455900e+04 2.941384e-01
1.456000e+04 2.997083e-01
1.456100e+04 3.126100e-01
1.456200e+04 2.803338e-01
1.456300e+04 3.073493e-01
1.456400e+04 2.862955e-01
1.456500e+04 2.788000e-01
1.456600e+04 2.541767e-01
1.456700e+04 2.853580e-01
1.456800e+04 3.079623e-01
1.456900e+04 3.201318e-01
1.457000e+04 2.555527e-01
1.457100e+04 3.209332e-01
1.457200e+04 2.935282e-01
1.457300e+04 2.714638e-01
1.457400e+04 3.376254e-01
1.457500e+04 2.903639e-01
1.457600e+04 2.955539e-01
1.457700e+04 3.000093e-01
1.457800e+04 3.155080e-01
1.457900e+04 3.045915e-01
1.458000e+04 3.244228e-01
1.458100e+04 3.299542e-01
1.458200e+04 3.154738e-01
1.458300e+04 2.766839e-01
1.458400e+04 3.215627e-01
1.458500e+04 3.084389e-01
1.458600e+04 3.069000e-01
1.458700e+04 3.139059e-01
1.458800e+04 3.204059e-01
1.458900e+04 3.205161e-01
1.459000e+04 3.026470e-01
1.459100e+04 2.880343e-01
1.459200e+04 3.041785e-01
1.459300e+04 3.154676e-01
1.459400e+04 3.089868e-01
1.459500e+04 2.976065e-01
1.459600e+04 3.064340e-01
1.459700e+04 3.243638e-01
1.459800e+04 3.084780e-01
1.459900e+04 3.007665e-01
1.460000e+04 3.065789e-01
1.460100e+04 3.214928e-01
1.460200e+04 3.045702e-01
1.460300e+04 2.739519e-01
1.460400e+04 2.848442e-01
1.460500e+04 2.650950e-01
1.460600e+04 2.920441e-01
1.460700e+04 3.106852e-01
1.460800e+04 3.004993e-01
1.460900e+04 2.813992e-01
1.461000e+04 2.864922e-01
1.461100e+04 2.785036e-01
1.461200e+04 2.989756e-01
1.461300e+04 3.051799e-01
1.461400e+04 3.045152e-01
1.461500e+04 2.570445e-01
1.461600e+04 3.277882e-01
1.461700e+04 2.545502e-01
1.461800e+04 2.785647e-01
1.461900e+04 3.060048e-01
1.462000e+04 3.168448e-01
1.462100e+04 2.929920e-01
1.462200e+04 2.641540e-01
1.462300e+04 3.116275e-01
1.462400e+04 3.097614e-01
1.462500e+04 3.211074e-01
1.462600e+04 2.605942e-01
1.462700e+04 2.471941e-01
1.462800e+04 2.984099e-01
1.462900e+04 3.206871e-01
1.463000e+04 2.220155e-01
1.463100e+04 2.780451e-01
1.463200e+04 2.979321e-01
1.463300e+04 2.921519e-01
1.463400e+04 2.847269e-01
1.463500e+04 2.985351e-01
1.463600e+04 3.165095e-01
1.463700e+04 2.892888e-01
1.463800e+04 3.088025e-01
1.463900e+04 3.045141e-01
1.464000e+04 2.956577e-01
1.464100e+04 3.261320e-01
1.464200e+04 2.806943e-01
1.464300e+04 2.921655e-01
1.464400e+04 3.182390e-01
1.464500e+04 2.952314e-01
1.464600e+04 3.010698e-01
1.464700e+04 3.101773e-01
1.464800e+04 2.821996e-01
1.464900e+04 2.724589e-01
1.465000e+04 3.152485e-01
1.465100e+04 2.909608e-01
1.465200e+04 3.113913e-01
1.465300e+04 2.816032e-01
1.465400e+04 2.674894e-01
1.465500e+04 2.914221e-01
1.465600e+04 3.282697e-01
1.465700e+04 3.298026e-01
1.465800e+04 3.234853e-01
1.465900e+04 3.142674e-01
1.466000e+04 2.916755e-01
1.466100e+04 3.118507e-01
1.466200e+04 2.809155e-01
1.466300e+04 2.953854e-01
1.466400e+04 2.835161e-01
1.466500e+04 2.621430e-01
1.466600e+04 3.153243e-01
1.466700e+04 3.118629e-01
1.466800e+04 3.083919e-01
1.466900e+04 3.091700e-01
1.467000e+04 2.920238e-01
1.467100e+04 3.048475e-01
1.467200e+04 2.988772e-01
1.467300e+04 2.770606e-01
1.467400e+04 2.829385e-01
1.467500e+04 3.149477e-01
1.467600e+04 3.092794e-01
1.467700e+04 2.766629e-01
1.467800e+04 2.559307e-01
1.467900e+04 2.699993e-01
1.468000e+04 3.019416e-01
1.468100e+04 2.854557e-01
1.468200e+04 2.738315e-01
1.468300e+04 2.704355e-01
1.468400e+04 2.846723e-01
1.468500e+04 3.181762e-01
1.468600e+04 2.976697e-01
1.468700e+04 3.158684e-01
1.468800e+04 2.509673e-01
1.468900e+04 2.726139e-01
1.469000e+04 2.891834e-01
1.469100e+04 3.092551e-01
1.469200e+04 2.942864e-01
1.469300e+04 2.549622e-01
1.469400e+04 2.787376e-01
1.469500e+04 3.016268e-01
1.469600e+04 2.872791e-01
1.469700e+04 2.861083e-01
1.469800e+04 2.796844e-01
1.469900e+04 2.824537e-01
1.470000e+04 3.121689e-01
1.470100e+04 3.048097e-01
1.470200e+04 2.588938e-01
1.470300e+04 2.628120e-01
1.470400e+04 2.928765e-01
1.470500e+04 2.936791e-01
1.470600e+04 3.014094e-01
1.470700e+04 3.046819e-01
1.470800e+04 2.729254e-01
1.470900e+04 3.033602e-01
1.471000e+04 3.102212e-01
1.471100e+04 2.640245e-01
1.471200e+04 2.845324e-01
1.471300e+04 2.879769e-01
1.471400e+04 3.086180e-01
1.471500e+04 2.917436e-01
1.471600e+04 3.096998e-01
1.471700e+04 2.744587e-01
1.471800e+04 2.980610e-01
1.471900e+04 3.103695e-01
1.472000e+04 2.795383e-01
1.472100e+04 2.914278e-01
1.472200e+04 3.043863e-01
1.472300e+04 3.054563e-01
1.472400e+04 2.966823e-01
1.472500e+04 2.929340e-01
1.472600e+04 3.125495e-01
1.472700e+04 3.005137e-01
1.472800e+04 3.033738e-01
1.472900e+04 3.140844e-01
1.473000e+04 2.990890e-01
1.473100e+04 2.999713e-01
1.473200e+04 3.013535e-01
1.473300e+04 2.887298e-01
1.473400e+04 2.813946e-01
1.473500e+04 3.067796e-01
1.473600e+04 2.970575e-01
1.473700e+04 2.974523e-01
1.473800e+04 3.054142e-01
1.473900e+04 2.724876e-01
1.474000e+04 2.578746e-01
1.474100e+04 2.836408e-01
1.474200e+04 2.885635e-01
1.474300e+04 3.118266e-01
1.474400e+04 2.942023e-01
1.474500e+04 2.949987e-01
1.474600e+04 2.676598e-01
1.474700e+04 3.018461e-01
1.474800e+04 2.880054e-01
1.474900e+04 2.972418e-01
1.475000e+04 3.172357e-01
1.475100e+04 3.089070e-01
1.475200e+04 2.319659e-01
1.475300e+04 3.009546e-01
1.475400e+04 3.059582e-01
1.475500e+04 2.951340e-01
1.475600e+04 2.600128e-01
1.475700e+04 2.785236e-01
1.475800e+04 2.847214e-01
1.475900e+04 3.086948e-01
1.476000e+04 2.961690e-01
1.476100e+04 3.063395e-01
1.476200e+04 2.978086e-01
1.476300e+04 2.913043e-01
1.476400e+04 2.890388e-01
1.476500e+04 2.710170e-01
1.476600e+04 3.019544e-01
1.476700e+04 2.938677e-01
1.476800e+04 3.006613e-01
1.476900e+04 2.995026e-01
1.477000e+04 2.844907e-01
1.477100e+04 2.844072e-01
1.477200e+04 2.671935e-01
1.477300e+04 2.733115e-01
1.477400e+04 3.001012e-01
1.477500e+04 3.041326e-01
1.477600e+04 2.825337e-01
1.477700e+04 2.994474e-01
1.477800e+04 2.554968e-01
1.477900e+04 2.859527e-01
1.478000e+04 3.034541e-01
1.478100e+04 2.703687e-01
1.478200e+04 2.763821e-01
1.478300e+04 2.933769e-01
1.478400e+04 2.586513e-01
1.478500e+04 2.960704e-01
1.478600e+04 3.046361e-01
1.478700e+04 2.925680e-01
1.478800e+04 3.107556e-01
1.478900e+04 3.174399e-01
1.479000e+04 2.954545e-01
1.479100e+04 3.068881e-01
1.479200e+04 2.767144e-01
1.479300e+04 3.080128e-01
1.479400e+04 3.057420e-01
1.479500e+04 3.014744e-01
1.479600e+04 2.866122e-01
1.479700e+04 2.728061e-01
1.479800e+04 2.736388e-01
1.479900e+04 2.629806e-01
1.480000e+04 2.680440e-01
1.480100e+04 2.801660e-01
1.480200e+04 2.943369e-01
1.480300e+04 3.072053e-01
1.480400e+04 2.802217e-01
1.480500e+04 2.821496e-01
1.480600e+04 2.778339e-01
1.480700e+04 2.846779e-01
1.480800e+04 3.127353e-01
1.480900e+04 2.900181e-01
1.481000e+04 2.929631e-01
1.481100e+04 2.715638e-01
1.481200e+04 2.987217e-01
1.481300e+04 3.042064e-01
1.481400e+04 2.993233e-01
1.481500e+04 3.086175e-01
1.481600e+04 2.878554e-01
1.481700e+04 2.590703e-01
1.481800e+04 2.576526e-01
1.481900e+04 3.007592e-01
1.482000e+04 2.923342e-01
1.482100e+04 3.032999e-01
1.482200e+04 2.542337e-01
1.482300e+04 2.795897e-01
1.482400e+04 3.009190e-01
1.482500e+04 3.044785e-01
1.482600e+04 3.133178e-01
1.482700e+04 2.904433e-01
1.482800e+04 3.053142e-01
1.482900e+04 2.931185e-01
1.483000e+04 2.810207e-01
1.483100e+04 2.889162e-01
1.483200e+04 2.940213e-01
1.483300e+04 2.680733e-01
1.483400e+04 3.068096e-01
1.483500e+04 3.086899e-01
1.483600e+04 3.038584e-01
1.483700e+04 3.056512e-01
1.483800e+04 3.029545e-01
1.483900e+04 3.150456e-01
1.484000e+04 3.074363e-01
1.484100e+04 3.056288e-01
1.484200e+04 3.190114e-01
1.484300e+04 2.467076e-01
1.484400e+04 2.806861e-01
1.484500e+04 2.793470e-01
1.484600e+04 2.995912e-01
1.484700e+04 3.019362e-01
1.484800e+04 2.723995e-01
1.484900e+04 2.988817e-01
1.485000e+04 2.598957e-01
1.485100e+04 2.920620e-01
1.485200e+04 2.935794e-01
1.485300e+04 3.058353e-01
1.485400e+04 2.793962e-01
1.485500e+04 3.044314e-01
1.485600e+04 2.844477e-01
1.485700e+04 2.770903e-01
1.485800e+04 3.207998e-01
1.485900e+04 2.919250e-01
1.486000e+04 2.855039e-01
1.486100e+04 2.996685e-01
1.486200e+04 2.705484e-01
1.486300e+04 3.190450e-01
1.486400e+04 2.797019e-01
1.486500e+04 3.157571e-01
1.486600e+04 2.930056e-01
1.486700e+04 2.665617e-01
1.486800e+04 3.162627e-01
1.486900e+04 3.253699e-01
1.487000e+04 3.107810e-01
1.487100e+04 2.994557e-01
1.487200e+04 2.638697e-01
1.487300e+04 2.836329e-01
1.487400e+04 2.989751e-01
1.487500e+04 2.838103e-01
1.487600e+04 2.949463e-01
1.487700e+04 3.011190e-01
1.487800e+04 2.838513e-01
1.487900e+04 2.821363e-01
1.488000e+04 2.863612e-01
1.488100e+04 2.913236e-01
1.488200e+04 2.709223e-01
1.488300e+04 2.796522e-01
1.488400e+04 2.553621e-01
1.488500e+04 2.660750e-01
1.488600e+04 2.553399e-01
1.488700e+04 2.554054e-01
1.488800e+04 2.721699e-01
1.488900e+04 2.710218e-01
1.489000e+04 2.795011e-01
1.489100e+04 3.198431e-01
1.489200e+04 3.000782e-01
1.489300e+04 3.037838e-01
1.489400e+04 2.805073e-01
1.489500e+04 3.104734e-01
1.489600e+04 3.077483e-01
1.489700e+04 2.774793e-01
1.489800e+04 2.928761e-01
1.489900e+04 3.099822e-01
1.490000e+04 2.666768e-01
1.490100e+04 3.193692e-01
1.490200e+04 3.001287e-01
1.490300e+04 2.860032e-01
1.490400e+04 2.778444e-01
1.490500e+04 3.130738e-01
1.490600e+04 2.842502e-01
1.490700e+04 2.785555e-01
1.490800e+04 2.671538e-01
1.490900e+04 2.665943e-01
1.491000e+04 2.664232e-01
1.491100e+04 3.022285e-01
1.491200e+04 3.182152e-01
1.491300e+04 3.160197e-01
1.491400e+04 2.994558e-01
1.491500e+04 3.047906e-01
1.491600e+04 2.860472e-01
1.491700e+04 2.859196e-01
1.491800e+04 3.016583e-01
1.491900e+04 3.006096e-01
1.492000e+04 3.037206e-01
1.492100e+04 3.066804e-01
1.492200e+04 2.973232e-01
1.492300e+04 2.887192e-01
1.492400e+04 2.930514e-01
1.492500e+04 2.844027e-01
1.492600e+04 2.621361e-01
1.492700e+04 2.849206e-01
1.492800e+04 2.725756e-01
1.492900e+04 2.986147e-01
1.493000e+04 2.982878e-01
1.493100e+04 3.095453e-01
1.493200e+04 2.952365e-01
1.493300e+04 3.015812e-01
1.493400e+04 2.941802e-01
1.493500e+04 3.006152e-01
1.493600e+04 2.935910e-01
1.493700e+04 3.017244e-01
1.493800e+04 2.849866e-01
1.493900e+04 2.923906e-01
1.494000e+04 2.884899e-01
1.494100e+04 2.852715e-01
1.494200e+04 2.644099e-01
1.494300e+04 2.929655e-01
1.494400e+04 3.013870e-01
1.494500e+04 2.857714e-01
1.494600e+04 3.067022e-01
1.494700e+04 2.858538e-01
1.494800e+04 3.021638e-01
1.494900e+04 2.983918e-01
1.495000e+04 2.979172e-01
1.495100e+04 2.828133e-01
1.495200e+04 3.044085e-01
1.495300e+04 2.741127e-01
1.495400e+04 2.748678e-01
1.495500e+04 3.061141e-01
1.495600e+04 3.109658e-01
1.495700e+04 3.033157e-01
1.495800e+04 2.763714e-01
1.495900e+04 2.797946e-01
1.496000e+04 2.926941e-01
1.496100e+04 3.141804e-01
1.496200e+04 2.703564e-01
1.496300e+04 2.952559e-01
1.496400e+04 3.022808e-01
1.496500e+04 2.699310e-01
1.496600e+04 2.991171e-01
1.496700e+04 3.115868e-01
1.496800e+04 2.947044e-01
1.496900e+04 3.023266e-01
1.497000e+04 3.130352e-01
1.497100e+04 2.952477e-01
1.497200e+04 2.964548e-01
1.497300e+04 2.911179e-01
1.497400e+04 3.045328e-01
1.497500e+04 2.933669e-01
1.497600e+04 2.867719e-01
1.497700e+04 2.753880e-01
1.497800e+04 3.108544e-01
1.497900e+04 3.162646e-01
1.498000e+04 2.887345e-01
1.498100e+04 3.137003e-01
1.498200e+04 2.912491e-01
1.498300e+04 2.853343e-01
1.498400e+04 2.960869e-01
1.498500e+04 2.919546e-01
1.498600e+04 3.098068e-01
1.498700e+04 2.996967e-01
1.498800e+04 3.183904e-01
1.498900e+04 2.805903e-01
1.499000e+04 3.106244e-01
1.499100e+04 3.006364e-01
1.499200e+04 2.955609e-01
1.499300e+04 2.813579e-01
1.499400e+04 2.909578e-01
1.499500e+04 2.968064e-01
1.499600e+04 2.959868e-01
1.499700e+04 2.776667e-01
1.499800e+04 2.975345e-01
1.499900e+04 2.978749e-01
1.500000e+04 2.950990e-01
1.500100e+04 2.943038e-01
1.500200e+04 2.952258e-01
1.500300e+04 2.924003e-01
1.500400e+04 2.610665e-01
1.500500e+04 2.953693e-01
1.500600e+04 2.571876e-01
1.500700e+04 2.589339e-01
1.500800e+04 2.936931e-01
1.500900e+04 2.953772e-01
1.501000e+04 2.717948e-01
1.501100e+04 3.005133e-01
1.501200e+04 3.032619e-01
1.501300e+04 2.875183e-01
1.501400e+04 2.997690e-01
1.501500e+04 3.032436e-01
1.501600e+04 2.616573e-01
1.501700e+04 2.896124e-01
1.501800e+04 3.006017e-01
1.501900e+04 2.919353e-01
1.502000e+04 2.712983e-01
1.502100e+04 3.037936e-01
1.502200e+04 2.638354e-01
1.502300e+04 2.565737e-01
1.502400e+04 2.737620e-01
1.502500e+04 2.629185e-01
1.502600e+04 2.944301e-01
1.502700e+04 2.616852e-01
1.502800e+04 2.791778e-01
1.502900e+04 2.179768e-01
1.503000e+04 2.711189e-01
1.503100e+04 2.808288e-01
1.503200e+04 2.909266e-01
1.503300e+04 3.069640e-01
1.503400e+04 2.994440e-01
1.503500e+04 3.043366e-01
1.503600e+04 2.636301e-01
1.503700e+04 2.970634e-01
1.503800e+04 2.800046e-01
1.503900e+04 2.924543e-01
1.504000e+04 2.919709e-01
1.504100e+04 2.886362e-01
1.504200e+04 2.954154e-01
1.504300e+04 2.937769e-01
1.504400e+04 2.395865e-01
1.504500e+04 2.651334e-01
1.504600e+04 2.808559e-01
1.504700e+04 2.861363e-01
1.504800e+04 3.006180e-01
1.504900e+04 2.914575e-01
1.505000e+04 2.951908e-01
1.505100e+04 2.816301e-01
1.505200e+04 2.637902e-01
1.505300e+04 2.866808e-01
1.505400e+04 2.724255e-01
1.505500e+04 2.881793e-01
1.505600e+04 2.830859e-01
1.505700e+04 2.856724e-01
1.505800e+04 2.877489e-01
1.505900e+04 3.035206e-01
1.506000e+04 2.780936e-01
1.506100e+04 2.870623e-01
1.506200e+04 3.139902e-01
1.506300e+04 2.811441e-01
1.506400e+04 2.946828e-01
1.506500e+04 2.908247e-01
1.506600e+04 3.121422e-01
1.506700e+04 3.077167e-01
1.506800e+04 2.750652e-01
1.506900e+04 2.820484e-01
1.507000e+04 2.954954e-01
1.507100e+04 3.098641e-01
1.507200e+04 2.930059e-01
1.507300e+04 2.960742e-01
1.507400e+04 3.099791e-01
1.507500e+04 2.731828e-01
1.507600e+04 2.978701e-01
1.507700e+04 2.844782e-01
1.507800e+04 2.898892e-01
1.507900e+04 2.753897e-01
1.508000e+04 3.146624e-01
1.508100e+04 2.757939e-01
1.508200e+04 2.751929e-01
1.508300e+04 2.946441e-01
1.508400e+04 2.866626e-01
1.508500e+04 3.019143e-01
1.508600e+04 2.881879e-01
1.508700e+04 2.723336e-01
1.508800e+04 2.825322e-01
1.508900e+04 2.899140e-01
1.509000e+04 2.946027e-01
1.509100e+04 3.037503e-01
1.509200e+04 3.102256e-01
1.509300e+04 3.218082e-01
1.509400e+04 3.010067e-01
1.509500e+04 2.893092e-01
1.509600e+04 3.052471e-01
1.509700e+04 2.687521e-01
1.509800e+04 3.098962e-01
1.509900e+04 3.027156e-01
1.510000e+04 2.837791e-01
1.510100e+04 3.102470e-01
1.510200e+04 2.654818e-01
1.510300e+04 2.732365e-01
1.510400e+04 3.080079e-01
1.510500e+04 3.087362e-01
1.510600e+04 2.875891e-01
1.510700e+04 3.070564e-01
1.510800e+04 2.886047e-01
1.510900e+04 2.775001e-01
1.511000e+04 3.043987e-01
1.511100e+04 3.072853e-01
1.511200e+04 2.799451e-01
1.511300e+04 2.810455e-01
1.511400e+04 3.007670e-01
1.511500e+04 3.053445e-01
1.511600e+04 2.948594e-01
1.511700e+04 2.852197e-01
1.511800e+04 2.887140e-01
1.511900e+04 2.767926e-01
1.512000e+04 2.937886e-01
1.512100e+04 2.937854e-01
1.512200e+04 3.048623e-01
1.512300e+04 3.112115e-01
1.512400e+04 3.034734e-01
1.512500e+04 2.908996e-01
1.512600e+04 2.877604e-01
1.512700e+04 2.871534e-01
1.512800e+04 2.894229e-01
1.512900e+04 3.049948e-01
1.513000e+04 2.942022e-01
1.513100e+04 3.031762e-01
1.513200e+04 2.696219e-01
1.513300e+04 2.893653e-01
1.513400e+04 2.566438e-01
1.513500e+04 2.602947e-01
1.513600e+04 2.769520e-01
1.513700e+04 2.983488e-01
1.513800e+04 2.765215e-01
1.513900e+04 2.575234e-01
1.514000e+04 2.805056e-01
1.514100e+04 3.116209e-01
1.514200e+04 3.108969e-01
1.514300e+04 2.858653e-01
1.514400e+04 2.968569e-01
1.514500e+04 3.158066e-01
1.514600e+04 3.109995e-01
1.514700e+04 3.073030e-01
1.514800e+04 2.993353e-01
1.514900e+04 2.979116e-01
1.515000e+04 2.662567e-01
1.515100e+04 2.985625e-01
1.515200e+04 2.631315e-01
1.515300e+04 2.763744e-01
1.515400e+04 2.962560e-01
1.515500e+04 3.175923e-01
1.515600e+04 2.973059e-01
1.515700e+04 3.054640e-01
1.515800e+04 2.959340e-01
1.515900e+04 2.843287e-01
1.516000e+04 3.062684e-01
1.516100e+04 3.202118e-01
1.516200e+04 2.917182e-01
1.516300e+04 2.558824e-01
1.516400e+04 2.904956e-01
1.516500e+04 2.864477e-01
1.516600e+04 2.787657e-01
1.516700e+04 2.177757e-01
1.516800e+04 2.836413e-01
1.516900e+04 2.838096e-01
1.517000e+04 2.802182e-01
1.517100e+04 2.660074e-01
1.517200e+04 2.662259e-01
1.517300e+04 2.454451e-01
1.517400e+04 2.703662e-01
1.517500e+04 2.562570e-01
1.517600e+04 2.640834e-01
1.517700e+04 2.660601e-01
1.517800e+04 2.834237e-01
1.517900e+04 2.834148e-01
1.518000e+04 2.803444e-01
1.518100e+04 3.063614e-01
1.518200e+04 3.102822e-01
1.518300e+04 3.077001e-01
1.518400e+04 3.176774e-01
1.518500e+04 2.994468e-01
1.518600e+04 3.068676e-01
1.518700e+04 2.668228e-01
1.518800e+04 3.013613e-01
1.518900e+04 2.859107e-01
1.519000e+04 2.945660e-01
1.519100e+04 2.806984e-01
1.519200e+04 3.056302e-01
1.519300e+04 2.940302e-01
1.519400e+04 2.925090e-01
1.519500e+04 2.914477e-01
1.519600e+04 3.083742e-01
1.519700e+04 3.074910e-01
1.519800e+04 2.536813e-01
1.519900e+04 3.014331e-01
1.520000e+04 2.967379e-01
1.520100e+04 2.822419e-01
1.520200e+04 2.744695e-01
1.520300e+04 2.947446e-01
1.520400e+04 3.075481e-01
1.520500e+04 2.853177e-01
1.520600e+04 2.904209e-01
1.520700e+04 2.928464e-01
1.520800e+04 3.033401e-01
1.520900e+04 2.926009e-01
1.521000e+04 3.107443e-01
1.521100e+04 2.941112e-01
1.521200e+04 2.965920e-01
1.521300e+04 3.088243e-01
1.521400e+04 3.179087e-01
1.521500e+04 3.005799e-01
1.521600e+04 3.066944e-01
1.521700e+04 3.085297e-01
1.521800e+04 2.868333e-01
1.521900e+04 3.165587e-01
1.522000e+04 2.727423e-01
1.522100e+04 2.973453e-01
1.522200e+04 3.064658e-01
1.522300e+04 2.896570e-01
1.522400e+04 3.110066e-01
1.522500e+04 2.742349e-01
1.522600e+04 3.120697e-01
1.522700e+04 2.794405e-01
1.522800e+04 2.816816e-01
1.522900e+04 2.894068e-01
1.523000e+04 3.033877e-01
1.523100e+04 2.880456e-01
1.523200e+04 3.080660e-01
1.523300e+04 3.115693e-01
1.523400e+04 3.024093e-01
1.523500e+04 2.994862e-01
1.523600e+04 3.060958e-01
1.523700e+04 2.879008e-01
1.523800e+04 3.007908e-01
1.523900e+04 3.137538e-01
1.524000e+04 2.959705e-01
1.524100e+04 2.688679e-01
1.524200e+04 2.752593e-01
1.524300e+04 2.955101e-01
1.524400e+04 2.857272e-01
1.524500e+04 2.995592e-01
1.524600e+04 2.918627e-01
1.524700e+04 2.766731e-01
1.524800e+04 2.911648e-01
1.524900e+04 2.828082e-01
1.525000e+04 2.871682e-01
1.525100e+04 2.930361e-01
1.525200e+04 2.833416e-01
1.525300e+04 2.891791e-01
1.525400e+04 2.883210e-01
1.525500e+04 2.978175e-01
1.525600e+04 3.027400e-01
1.525700e+04 3.021147e-01
1.525800e+04 2.895790e-01
1.525900e+04 2.955163e-01
1.526000e+04 2.851453e-01
1.526100e+04 2.645502e-01
1.526200e+04 2.614137e-01
1.526300e+04 2.832078e-01
1.526400e+04 2.878558e-01
1.526500e+04 3.081576e-01
1.526600e+04 2.932057e-01
1.526700e+04 2.991656e-01
1.526800e+04 2.802272e-01
1.526900e+04 2.497948e-01
1.527000e+04 2.710581e-01
1.527100e+04 2.763057e-01
1.527200e+04 2.999010e-01
1.527300e+04 3.122690e-01
1.527400e+04 2.856190e-01
1.527500e+04 2.900122e-01
1.527600e+04 3.025923e-01
1.527700e+04 2.888766e-01
1.527800e+04 2.981473e-01
1.527900e+04 3.000247e-01
1.528000e+04 2.778073e-01
1.528100e+04 3.025871e-01
1.528200e+04 2.837635e-01
1.528300e+04 2.718913e-01
1.528400e+04 2.928218e-01
1.528500e+04 2.558831e-01
1.528600e+04 2.960954e-01
1.528700e+04 2.855664e-01
1.528800e+04 2.606870e-01
1.528900e+04 2.999552e-01
1.529000e+04 3.098726e-01
1.529100e+04 3.086835e-01
1.529200e+04 2.877430e-01
1.529300e+04 2.754813e-01
1.529400e+04 2.755058e-01
1.529500e+04 3.035758e-01
1.529600e+04 2.934626e-01
1.529700e+04 3.045303e-01
1.529800e+04 2.926220e-01
1.529900e+04 2.969458e-01
1.530000e+04 2.925976e-01
1.530100e+04 3.102066e-01
1.530200e+04 2.906372e-01
1.530300e+04 2.997576e-01
1.530400e+04 3.037718e-01
1.530500e+04 3.052087e-01
1.530600e+04 2.887578e-01
1.530700e+04 2.950105e-01
1.530800e+04 2.971164e-01
1.530900e+04 2.889962e-01
1.531000e+04 3.124150e-01
1.531100e+04 2.948617e-01
1.531200e+04 2.905052e-01
1.531300e+04 3.097765e-01
1.531400e+04 2.926812e-01
1.531500e+04 2.764944e-01
1.531600e+04 2.938212e-01
1.531700e+04 2.923398e-01
1.531800e+04 2.944291e-01
1.531900e+04 3.034145e-01
1.532000e+04 2.648359e-01
1.532100e+04 2.716206e-01
1.532200e+04 2.716544e-01
1.532300e+04 2.816959e-01
1.532400e+04 2.718249e-01
1.532500e+04 2.809966e-01
1.532600e+04 2.734979e-01
1.532700e+04 3.049111e-01
1.532800e+04 2.727311e-01
1.532900e+04 2.829115e-01
1.533000e+04 2.722020e-01
1.533100e+04 2.972626e-01
1.533200e+04 2.809754e-01
1.533300e+04 2.710114e-01
1.533400e+04 3.038872e-01
1.533500e+04 2.940079e-01
1.533600e+04 3.057311e-01
1.533700e+04 2.954643e-01
1.533800e+04 2.903854e-01
1.533900e+04 2.476584e-01
1.534000e+04 2.979429e-01
1.534100e+04 2.836264e-01
1.534200e+04 2.919517e-01
1.534300e+04 3.070871e-01
1.534400e+04 2.901260e-01
1.534500e+04 2.931323e-01
1.534600e+04 2.804784e-01
1.534700e+04 2.961428e-01
1.534800e+04 3.008151e-01
1.534900e+04 2.898750e-01
1.535000e+04 2.783462e-01
1.535100e+04 2.834652e-01
1.535200e+04 2.946605e-01
1.535300e+04 2.981305e-01
1.535400e+04 3.040968e-01
1.535500e+04 3.025790e-01
1.535600e+04 2.987031e-01
1.535700e+04 2.925239e-01
1.535800e+04 2.715157e-01
1.535900e+04 2.977067e-01
1.536000e+04 2.962535e-01
1.536100e+04 3.133139e-01
1.536200e+04 3.131030e-01
1.536300e+04 2.987295e-01
1.536400e+04 2.850940e-01
1.536500e+04 2.949581e-01
1.536600e+04 2.815041e-01
1.536700e+04 2.872235e-01
1.536800e+04 3.021013e-01
1.536900e+04 2.939268e-01
1.537000e+04 2.832007e-01
1.537100e+04 2.905765e-01
1.537200e+04 3.038621e-01
1.537300e+04 2.814793e-01
1.537400e+04 2.985416e-01
1.537500e+04 2.778680e-01
1.537600e+04 2.882806e-01
1.537700e+04 2.778625e-01
1.537800e+04 2.793472e-01
1.537900e+04 2.868608e-01
1.538000e+04 2.865094e-01
1.538100e+04 2.761319e-01
1.538200e+04 2.923989e-01
1.538300e+04 2.972605e-01
1.538400e+04 2.910427e-01
1.538500e+04 2.726522e-01
1.538600e+04 2.973553e-01
1.538700e+04 2.882395e-01
1.538800e+04 2.757768e-01
1.538900e+04 2.918355e-01
1.539000e+04 3.023977e-01
1.539100e+04 2.941486e-01
1.539200e+04 3.008205e-01
1.539300e+04 2.936252e-01
1.539400e+04 2.776173e-01
1.539500e+04 2.718129e-01
1.539600e+04 2.745006e-01
1.539700e+04 2.887107e-01
1.539800e+04 2.778440e-01
1.539900e+04 2.918803e-01
1.540000e+04 2.899933e-01
1.540100e+04 2.819276e-01
1.540200e+04 2.973307e-01
1.540300e+04 2.985468e-01
1.540400e+04 2.715078e-01
1.540500e+04 2.713180e-01
1.540600e+04 2.709559e-01
1.540700e+04 2.874437e-01
1.540800e+04 2.796475e-01
1.540900e+04 2.802666e-01
1.541000e+04 2.745459e-01
1.541100e+04 2.502844e-01
1.541200e+04 2.724332e-01
1.541300e+04 2.501108e-01
1.541400e+04 2.931715e-01
1.541500e+04 3.049226e-01
1.541600e+04 3.161656e-01
1.541700e+04 3.015302e-01
1.541800e+04 3.036576e-01
1.541900e+04 2.739251e-01
1.542000e+04 2.873081e-01
1.542100e+04 3.023810e-01
1.542200e+04 2.873883e-01
1.542300e+04 2.819263e-01
1.542400e+04 2.612536e-01
1.542500e+04 2.661382e-01
1.542600e+04 2.551119e-01
1.542700e+04 2.704504e-01
1.542800e+04 2.986007e-01
1.542900e+04 2.825854e-01
1.543000e+04 2.841272e-01
1.543100e+04 2.852421e-01
1.543200e+04 2.664357e-01
1.543300e+04 2.728264e-01
1.543400e+04 2.774203e-01
1.543500e+04 2.896816e-01
1.543600e+04 2.906397e-01
1.543700e+04 2.999798e-01
1.543800e+04 2.775245e-01
1.543900e+04 2.753967e-01
1.544000e+04 2.780380e-01
1.544100e+04 3.001577e-01
1.544200e+04 2.834620e-01
1.544300e+04 2.860502e-01
1.544400e+04 2.886515e-01
1.544500e+04 2.956281e-01
1.544600e+04 2.944628e-01
1.544700e+04 2.957481e-01
1.544800e+04 2.937859e-01
1.544900e+04 2.845132e-01
1.545000e+04 2.964817e-01
1.545100e+04 3.027377e-01
1.545200e+04 2.797720e-01
1.545300e+04 2.898280e-01
1.545400e+04 2.950725e-01
1.545500e+04 3.062465e-01
1.545600e+04 3.037433e-01
1.545700e+04 3.020452e-01
1.545800e+04 2.942406e-01
1.545900e+04 2.861084e-01
1.546000e+04 2.831983e-01
1.546100e+04 3.084788e-01
1.546200e+04 2.752092e-01
1.546300e+04 3.051392e-01
1.546400e+04 3.040119e-01
1.546500e+04 2.880928e-01
1.546600e+04 2.698041e-01
1.546700e+04 2.911731e-01
1.546800e+04 2.853264e-01
1.546900e+04 2.984157e-01
1.547000e+04 2.970130e-01
1.547100e+04 2.874561e-01
1.547200e+04 2.837328e-01
1.547300e+04 2.966493e-01
1.547400e+04 2.739219e-01
1.547500e+04 2.678516e-01
1.547600e+04 3.067276e-01
1.547700e+04 2.753854e-01
1.547800e+04 2.794674e-01
1.547900e+04 2.859558e-01
1.548000e+04 2.807931e-01
1.548100e+04 2.953345e-01
1.548200e+04 2.870570e-01
1.548300e+04 2.935379e-01
1.548400e+04 2.779919e-01
1.548500e+04 3.025329e-01
1.548600e+04 3.009239e-01
1.548700e+04 2.941489e-01
1.548800e+04 2.800269e-01
1.548900e+04 2.890383e-01
1.549000e+04 2.710139e-01
1.549100e+04 3.050453e-01
1.549200e+04 2.795689e-01
1.549300e+04 3.011721e-01
1.549400e+04 3.025175e-01
1.549500e+04 2.949197e-01
1.549600e+04 3.025027e-01
1.549700e+04 2.978430e-01
1.549800e+04 3.042926e-01
1.549900e+04 3.073367e-01
1.550000e+04 3.007799e-01
1.550100e+04 2.698216e-01
1.550200e+04 2.890284e-01
1.550300e+04 2.548177e-01
1.550400e+04 2.932592e-01
1.550500e+04 2.885964e-01
1.550600e+04 2.863755e-01
1.550700e+04 2.825005e-01
1.550800e+04 2.682678e-01
1.550900e+04 2.765786e-01
1.551000e+04 2.488909e-01
1.551100e+04 2.743819e-01
1.551200e+04 2.793693e-01
1.551300e+04 3.030060e-01
1.551400e+04 3.070177e-01
1.551500e+04 2.963435e-01
1.551600e+04 3.053967e-01
1.551700e+04 2.904582e-01
1.551800e+04 2.717770e-01
1.551900e+04 2.754935e-01
1.552000e+04 2.910465e-01
1.552100e+04 2.981304e-01
1.552200e+04 3.029116e-01
1.552300e+04 3.069844e-01
1.552400e+04 2.937540e-01
1.552500e+04 3.088517e-01
1.552600e+04 2.988829e-01
1.552700e+04 2.942977e-01
1.552800e+04 2.931240e-01
1.552900e+04 2.861856e-01
1.553000e+04 2.865256e-01
1.553100e+04 3.143196e-01
1.553200e+04 2.897342e-01
1.553300e+04 2.882522e-01
1.553400e+04 2.964778e-01
1.553500e+04 2.855748e-01
1.553600e+04 2.943082e-01
1.553700e+04 2.683096e-01
1.553800e+04 2.887442e-01
1.553900e+04 2.752583e-01
1.554000e+04 2.770896e-01
1.554100e+04 2.675138e-01
1.554200e+04 3.015710e-01
1.554300e+04 2.967760e-01
1.554400e+04 2.972850e-01
1.554500e+04 2.784045e-01
1.554600e+04 2.544546e-01
1.554700e+04 2.808231e-01
1.554800e+04 2.412184e-01
1.554900e+04 2.741427e-01
1.555000e+04 2.946506e-01
1.555100e+04 2.903342e-01
1.555200e+04 3.032008e-01
1.555300e+04 3.001183e-01
1.555400e+04 2.947864e-01
1.555500e+04 3.028089e-01
1.555600e+04 2.940063e-01
1.555700e+04 2.695099e-01
1.555800e+04 2.923078e-01
1.555900e+04 2.886159e-01
1.556000e+04 2.820023e-01
1.556100e+04 2.934788e-01
1.556200e+04 2.612713e-01
1.556300e+04 2.905085e-01
1.556400e+04 2.801894e-01
1.556500e+04 2.834887e-01
1.556600e+04 2.746814e-01
1.556700e+04 2.976619e-01
1.556800e+04 2.920615e-01
1.556900e+04 2.981873e-01
1.557000e+04 2.794093e-01
1.557100e+04 2.928460e-01
1.557200e+04 2.680273e-01
1.557300e+04 2.595682e-01
1.557400e+04 2.895495e-01
1.557500e+04 2.852475e-01
1.557600e+04 2.554630e-01
1.557700e+04 2.722987e-01
1.557800e+04 2.855492e-01
1.557900e+04 2.981145e-01
1.558000e+04 2.898146e-01
1.558100e+04 2.821485e-01
1.558200e+04 2.816986e-01
1.558300e+04 2.804822e-01
1.558400e+04 2.904786e-01
1.558500e+04 2.899107e-01
1.558600e+04 2.852809e-01
1.558700e+04 2.879949e-01
1.558800e+04 2.948278e-01
1.558900e+04 3.017799e-01
1.559000e+04 2.906877e-01
1.559100e+04 2.965100e-01
1.559200e+04 2.897973e-01
1.559300e+04 2.917532e-01
1.559400e+04 2.927504e-01
1.559500e+04 2.917516e-01
1.559600e+04 2.812903e-01
1.559700e+04 2.827157e-01
1.559800e+04 2.902126e-01
1.559900e+04 2.981714e-01
1.560000e+04 2.879555e-01
1.560100e+04 2.842910e-01
1.560200e+04 2.826533e-01
1.560300e+04 2.885560e-01
1.560400e+04 2.912128e-01
1.560500e+04 2.877825e-01
1.560600e+04 2.761685e-01
1.560700e+04 2.862064e-01
1.560800e+04 3.064290e-01
1.560900e+04 2.866129e-01
1.561000e+04 2.866819e-01
1.561100e+04 2.889712e-01
1.561200e+04 2.866911e-01
1.561300e+04 2.920541e-01
1.561400e+04 2.817806e-01
1.561500e+04 2.937584e-01
1.561600e+04 3.074638e-01
1.561700e+04 2.826047e-01
1.561800e+04 2.767984e-01
1.561900e+04 2.935231e-01
1.562000e+04 2.961540e-01
1.562100e+04 2.791879e-01
1.562200e+04 2.917153e-01
1.562300e+04 2.993717e-01
1.562400e+04 2.955304e-01
1.562500e+04 2.975496e-01
1.562600e+04 2.853549e-01
1.562700e+04 2.929547e-01
1.562800e+04 2.897950e-01
1.562900e+04 2.868985e-01
1.563000e+04 2.965427e-01
1.563100e+04 2.437864e-01
1.563200e+04 2.693832e-01
1.563300e+04 2.947446e-01
1.563400e+04 3.156198e-01
1.563500e+04 2.911329e-01
1.563600e+04 2.867790e-01
1.563700e+04 2.949885e-01
1.563800e+04 2.883910e-01
1.563900e+04 2.829933e-01
1.564000e+04 2.947857e-01
1.564100e+04 2.942829e-01
1.564200e+04 3.058996e-01
1.564300e+04 2.991752e-01
1.564400e+04 3.056580e-01
1.564500e+04 2.905626e-01
1.564600e+04 2.852685e-01
1.564700e+04 2.896268e-01
1.564800e+04 2.864745e-01
1.564900e+04 2.877205e-01
1.565000e+04 3.013904e-01
1.565100e+04 2.777447e-01
1.565200e+04 2.780846e-01
1.565300e+04 2.869907e-01
1.565400e+04 2.967815e-01
1.565500e+04 2.805557e-01
1.565600e+04 2.592804e-01
1.565700e+04 2.613638e-01
1.565800e+04 2.493425e-01
1.565900e+04 2.807972e-01
1.566000e+04 2.787073e-01
1.566100e+04 2.773453e-01
1.566200e+04 3.025877e-01
1.566300e+04 2.884975e-01
1.566400e+04 2.906235e-01
1.566500e+04 2.881454e-01
1.566600e+04 2.923590e-01
1.566700e+04 2.988065e-01
1.566800e+04 2.921057e-01
1.566900e+04 2.826953e-01
1.567000e+04 3.007384e-01
1.567100e+04 3.025308e-01
1.567200e+04 2.897321e-01
1.567300e+04 2.841542e-01
1.567400e+04 3.101403e-01
1.567500e+04 3.017232e-01
1.567600e+04 3.079959e-01
1.567700e+04 2.963847e-01
1.567800e+04 2.851147e-01
1.567900e+04 2.910696e-01
1.568000e+04 2.963757e-01
1.568100e+04 3.076416e-01
1.568200e+04 2.886829e-01
1.568300e+04 2.907368e-01
1.568400e+04 2.959136e-01
1.568500e+04 3.042532e-01
1.568600e+04 2.844820e-01
1.568700e+04 3.025087e-01
1.568800e+04 2.919379e-01
1.568900e+04 2.893132e-01
1.569000e+04 2.825845e-01
1.569100e+04 2.854842e-01
1.569200e+04 2.963598e-01
1.569300e+04 2.804645e-01
1.569400e+04 2.980503e-01
1.569500e+04 2.954615e-01
1.569600e+04 2.982695e-01
1.569700e+04 2.793492e-01
1.569800e+04 2.875050e-01
1.569900e+04 2.899180e-01
1.570000e+04 2.793303e-01
1.570100e+04 2.793113e-01
1.570200e+04 2.914028e-01
1.570300e+04 2.731435e-01
1.570400e+04 2.865483e-01
1.570500e+04 2.976903e-01
1.570600e+04 2.942046e-01
1.570700e+04 2.940796e-01
1.570800e+04 2.907253e-01
1.570900e+04 2.950697e-01
1.571000e+04 2.938880e-01
1.571100e+04 2.940252e-01
1.571200e+04 2.896592e-01
1.571300e+04 2.875560e-01
1.571400e+04 2.900988e-01
1.571500e+04 2.873575e-01
1.571600e+04 3.044561e-01
1.571700e+04 2.957172e-01
1.571800e+04 2.970974e-01
1.571900e+04 2.875575e-01
1.572000e+04 2.460845e-01
1.572100e+04 2.515526e-01
1.572200e+04 2.854834e-01
1.572300e+04 2.986986e-01
1.572400e+04 2.506114e-01
1.572500e+04 2.826123e-01
1.572600e+04 2.966902e-01
1.572700e+04 2.798802e-01
1.572800e+04 2.887512e-01
1.572900e+04 3.063148e-01
1.573000e+04 2.973196e-01
1.573100e+04 2.479006e-01
1.573200e+04 2.882743e-01
1.573300e+04 3.033829e-01
1.573400e+04 2.832507e-01
1.573500e+04 2.560864e-01
1.573600e+04 2.972678e-01
1.573700e+04 2.739692e-01
1.573800e+04 2.982262e-01
1.573900e+04 2.859376e-01
1.574000e+04 2.981263e-01
1.574100e+04 3.041530e-01
1.574200e+04 2.873337e-01
1.574300e+04 2.954100e-01
1.574400e+04 2.958029e-01
1.574500e+04 2.886709e-01
1.574600e+04 2.943197e-01
1.574700e+04 2.929908e-01
1.574800e+04 2.870631e-01
1.574900e+04 2.868516e-01
1.575000e+04 2.789380e-01
1.575100e+04 2.877537e-01
1.575200e+04 2.856037e-01
1.575300e+04 2.902249e-01
1.575400e+04 2.906170e-01
1.575500e+04 2.916517e-01
1.575600e+04 2.932716e-01
1.575700e+04 2.842526e-01
1.575800e+04 2.917774e-01
1.575900e+04 2.858741e-01
1.576000e+04 2.690669e-01
1.576100e+04 2.692643e-01
1.576200e+04 2.894073e-01
1.576300e+04 2.797284e-01
1.576400e+04 2.860101e-01
1.576500e+04 2.882336e-01
1.576600e+04 2.828205e-01
1.576700e+04 2.865800e-01
1.576800e+04 2.874277e-01
1.576900e+04 2.734172e-01
1.577000e+04 2.746836e-01
1.577100e+04 2.759496e-01
1.577200e+04 2.887196e-01
1.577300e+04 2.823222e-01
1.577400e+04 2.913559e-01
1.577500e+04 2.806715e-01
1.577600e+04 2.912591e-01
1.577700e+04 2.868076e-01
1.577800e+04 2.995236e-01
1.577900e+04 2.932515e-01
1.578000e+04 2.755513e-01
1.578100e+04 2.599670e-01
1.578200e+04 2.884274e-01
1.578300e+04 2.631483e-01
1.578400e+04 2.969793e-01
1.578500e+04 2.908951e-01
1.578600e+04 2.989013e-01
1.578700e+04 2.855856e-01
1.578800e+04 2.881246e-01
1.578900e+04 2.893914e-01
1.579000e+04 3.004628e-01
1.579100e+04 2.907285e-01
1.579200e+04 2.983011e-01
1.579300e+04 2.814730e-01
1.579400e+04 3.058219e-01
1.579500e+04 3.021531e-01
1.579600e+04 2.999368e-01
1.579700e+04 2.850469e-01
1.579800e+04 2.994655e-01
1.579900e+04 2.973354e-01
1.580000e+04 2.904348e-01
1.580100e+04 3.002310e-01
1.580200e+04 2.844190e-01
1.580300e+04 2.831491e-01
1.580400e+04 2.874747e-01
1.580500e+04 2.872608e-01
1.580600e+04 2.862285e-01
1.580700e+04 2.907870e-01
1.580800e+04 3.001837e-01
1.580900e+04 2.952741e-01
1.581000e+04 2.892035e-01
1.581100e+04 3.000506e-01
1.581200e+04 3.095653e-01
1.581300e+04 3.007812e-01
1.581400e+04 2.937184e-01
1.581500e+04 2.985783e-01
1.581600e+04 2.865500e-01
1.581700e+04 2.886603e-01
1.581800e+04 2.894198e-01
1.581900e+04 2.870748e-01
1.582000e+04 2.948403e-01
1.582100e+04 2.940658e-01
1.582200e+04 2.883614e-01
1.582300e+04 2.837897e-01
1.582400e+04 3.048106e-01
1.582500e+04 2.911182e-01
1.582600e+04 2.980593e-01
1.582700e+04 2.962620e-01
1.582800e+04 2.876816e-01
1.582900e+04 2.965547e-01
1.583000e+04 2.967544e-01
1.583100e+04 2.874706e-01
1.583200e+04 3.027563e-01
1.583300e+04 2.839032e-01
1.583400e+04 2.746421e-01
1.583500e+04 2.947450e-01
1.583600e+04 2.984076e-01
1.583700e+04 2.908663e-01
1.583800e+04 2.853278e-01
1.583900e+04 2.835692e-01
1.584000e+04 2.790724e-01
1.584100e+04 2.776285e-01
1.584200e+04 2.774884e-01
1.584300e+04 2.927078e-01
1.584400e+04 2.946047e-01
1.584500e+04 2.904529e-01
1.584600e+04 2.839268e-01
1.584700e+04 2.788872e-01
1.584800e+04 2.924613e-01
1.584900e+04 2.983635e-01
1.585000e+04 2.810243e-01
1.585100e+04 2.911580e-01
1.585200e+04 2.781479e-01
1.585300e+04 2.905228e-01
1.585400e+04 3.007197e-01
1.585500e+04 2.984678e-01
1.585600e+04 2.935928e-01
1.585700e+04 3.037081e-01
1.585800e+04 2.991882e-01
1.585900e+04 2.915963e-01
1.586000e+04 2.911714e-01
1.586100e+04 3.090404e-01
1.586200e+04 2.986761e-01
1.586300e+04 3.013334e-01
1.586400e+04 2.992136e-01
1.586500e+04 2.907475e-01
1.586600e+04 2.884290e-01
1.586700e+04 2.825778e-01
1.586800e+04 2.864942e-01
1.586900e+04 3.020162e-01
1.587000e+04 2.948039e-01
1.587100e+04 2.885090e-01
1.587200e+04 2.973910e-01
1.587300e+04 2.943737e-01
1.587400e+04 2.978793e-01
1.587500e+04 2.994900e-01
1.587600e+04 3.008908e-01
1.587700e+04 2.947848e-01
1.587800e+04 2.922282e-01
1.587900e+04 2.894294e-01
1.588000e+04 2.982069e-01
1.588100e+04 2.885041e-01
1.588200e+04 3.023192e-01
1.588300e+04 2.953052e-01
1.588400e+04 2.924902e-01
1.588500e+04 2.903948e-01
1.588600e+04 3.003532e-01
1.588700e+04 3.029446e-01
1.588800e+04 2.897316e-01
1.588900e+04 2.611962e-01
1.589000e+04 2.985718e-01
1.589100e+04 2.889296e-01
1.589200e+04 2.520511e-01
1.589300e+04 2.822556e-01
1.589400e+04 3.024361e-01
1.589500e+04 2.944901e-01
1.589600e+04 2.757233e-01
1.589700e+04 2.783694e-01
1.589800e+04 2.450767e-01
1.589900e+04 2.805883e-01
1.590000e+04 2.841768e-01
1.590100e+04 2.904309e-01
1.590200e+04 2.528276e-01
1.590300e+04 2.808346e-01
1.590400e+04 2.848766e-01
1.590500e+04 2.891567e-01
1.590600e+04 2.950141e-01
1.590700e+04 3.041155e-01
1.590800e+04 2.967279e-01
1.590900e+04 2.955225e-01
1.591000e+04 2.896320e-01
1.591100e+04 2.836121e-01
1.591200e+04 2.940980e-01
1.591300e+04 2.986106e-01
1.591400e+04 3.033864e-01
1.591500e+04 2.561215e-01
1.591600e+04 2.916126e-01
1.591700e+04 2.573038e-01
1.591800e+04 2.969931e-01
1.591900e+04 2.871641e-01
1.592000e+04 2.863788e-01
1.592100e+04 2.936169e-01
1.592200e+04 2.987441e-01
1.592300e+04 2.807691e-01
1.592400e+04 2.953479e-01
1.592500e+04 2.989766e-01
1.592600e+04 2.876321e-01
1.592700e+04 2.976070e-01
1.592800e+04 3.035912e-01
1.592900e+04 2.860504e-01
1.593000e+04 2.925671e-01
1.593100e+04 2.893448e-01
1.593200e+04 2.767329e-01
1.593300e+04 2.865178e-01
1.593400e+04 2.926837e-01
1.593500e+04 2.885612e-01
1.593600e+04 3.055912e-01
1.593700e+04 2.979509e-01
1.593800e+04 2.949684e-01
1.593900e+04 2.874362e-01
1.594000e+04 2.907137e-01
1.594100e+04 2.917776e-01
1.594200e+04 2.991054e-01
1.594300e+04 2.973700e-01
1.594400e+04 2.938150e-01
1.594500e+04 2.779701e-01
1.594600e+04 2.932923e-01
1.594700e+04 3.013795e-01
1.594800e+04 3.047297e-01
1.594900e+04 2.866856e-01
1.595000e+04 2.976606e-01
1.595100e+04 2.844560e-01
1.595200e+04 2.937189e-01
1.595300e+04 3.057027e-01
1.595400e+04 2.982448e-01
1.595500e+04 2.957786e-01
1.595600e+04 3.001833e-01
1.595700e+04 3.053242e-01
1.595800e+04 2.988729e-01
1.595900e+04 2.904710e-01
1.596000e+04 2.920979e-01
1.596100e+04 3.055855e-01
1.596200e+04 3.035250e-01
1.596300e+04 2.864139e-01
1.596400e+04 2.982723e-01
1.596500e+04 2.977689e-01
1.596600e+04 3.029604e-01
1.596700e+04 3.052247e-01
1.596800e+04 2.978156e-01
1.596900e+04 2.789544e-01
1.597000e+04 2.949456e-01
1.597100e+04 2.909771e-01
1.597200e+04 2.928797e-01
1.597300e+04 2.820630e-01
1.597400e+04 2.905277e-01
1.597500e+04 2.803604e-01
1.597600e+04 3.011156e-01
1.597700e+04 2.922545e-01
1.597800e+04 2.865850e-01
1.597900e+04 2.991808e-01
1.598000e+04 3.023972e-01
1.598100e+04 2.940454e-01
1.598200e+04 2.846004e-01
1.598300e+04 2.907863e-01
1.598400e+04 2.948878e-01
1.598500e+04 2.916657e-01
1.598600e+04 2.925409e-01
1.598700e+04 3.019360e-01
1.598800e+04 2.858143e-01
1.598900e+04 2.962159e-01
1.599000e+04 2.934877e-01
1.599100e+04 2.936275e-01
1.599200e+04 2.948222e-01
1.599300e+04 2.885296e-01
1.599400e+04 2.923140e-01
1.599500e+04 2.940220e-01
1.599600e+04 2.926264e-01
1.599700e+04 2.838540e-01
1.599800e+04 2.904997e-01
1.599900e+04 2.925473e-01
1.600000e+04 3.050393e-01
1.600100e+04 2.856599e-01
1.600200e+04 3.019158e-01
1.600300e+04 3.016305e-01
1.600400e+04 2.962155e-01
1.600500e+04 2.990300e-01
1.600600e+04 2.701462e-01
1.600700e+04 2.921827e-01
1.600800e+04 2.865851e-01
1.600900e+04 2.934597e-01
1.601000e+04 3.027132e-01
1.601100e+04 2.996308e-01
1.601200e+04 2.977571e-01
1.601300e+04 3.013348e-01
1.601400e+04 2.913048e-01
1.601500e+04 2.969202e-01
1.601600e+04 2.886710e-01
1.601700e+04 2.958213e-01
1.601800e+04 2.826230e-01
1.601900e+04 2.947397e-01
1.602000e+04 2.999932e-01
1.602100e+04 2.837438e-01
1.602200e+04 2.975376e-01
1.602300e+04 2.813123e-01
1.602400e+04 2.843934e-01
1.602500e+04 2.886778e-01
1.602600e+04 3.000719e-01
1.602700e+04 3.004521e-01
1.602800e+04 3.007848e-01
1.602900e+04 2.984493e-01
1.603000e+04 2.962754e-01
1.603100e+04 2.827197e-01
1.603200e+04 3.043631e-01
1.603300e+04 2.867981e-01
1.603400e+04 2.983897e-01
1.603500e+04 2.985529e-01
1.603600e+04 2.831834e-01
1.603700e+04 3.001640e-01
1.603800e+04 3.046081e-01
1.603900e+04 2.901760e-01
1.604000e+04 2.853485e-01
1.604100e+04 2.604382e-01
1.604200e+04 2.988883e-01
1.604300e+04 2.522231e-01
1.604400e+04 2.877041e-01
1.604500e+04 2.937420e-01
1.604600e+04 2.852883e-01
1.604700e+04 2.846452e-01
1.604800e+04 2.845470e-01
1.604900e+04 2.959277e-01
1.605000e+04 2.856311e-01
1.605100e+04 2.995427e-01
1.605200e+04 2.971637e-01
1.605300e+04 3.020492e-01
1.605400e+04 3.006404e-01
1.605500e+04 2.860538e-01
1.605600e+04 2.923402e-01
1.605700e+04 2.558633e-01
1.605800e+04 2.930287e-01
1.605900e+04 2.981825e-01
1.606000e+04 2.562359e-01
1.606100e+04 2.936722e-01
1.606200e+04 2.861258e-01
1.606300e+04 2.927786e-01
1.606400e+04 2.973512e-01
1.606500e+04 2.902571e-01
1.606600e+04 2.500438e-01
1.606700e+04 2.881519e-01
1.606800e+04 3.006498e-01
1.606900e+04 2.741368e-01
1.607000e+04 2.910553e-01
1.607100e+04 2.956953e-01
1.607200e+04 2.975698e-01
1.607300e+04 2.872840e-01
1.607400e+04 2.512049e-01
1.607500e+04 3.047054e-01
1.607600e+04 2.984473e-01
1.607700e+04 3.001875e-01
1.607800e+04 2.727287e-01
1.607900e+04 2.715093e-01
1.608000e+04 2.781460e-01
1.608100e+04 2.888289e-01
1.608200e+04 2.841803e-01
1.608300e+04 2.976103e-01
1.608400e+04 2.974142e-01
1.608500e+04 2.910232e-01
1.608600e+04 2.981931e-01
1.608700e+04 2.892834e-01
1.608800e+04 2.970749e-01
1.608900e+04 2.966888e-01
1.609000e+04 3.009605e-01
1.609100e+04 2.928241e-01
1.609200e+04 2.984999e-01
1.609300e+04 2.898608e-01
1.609400e+04 2.913047e-01
1.609500e+04 2.883946e-01
1.609600e+04 3.059746e-01
1.609700e+04 2.881218e-01
1.609800e+04 2.962900e-01
1.609900e+04 2.895183e-01
1.610000e+04 2.883148e-01
1.610100e+04 2.998163e-01
1.610200e+04 2.963647e-01
1.610300e+04 2.958472e-01
1.610400e+04 2.918863e-01
1.610500e+04 2.973984e-01
1.610600e+04 2.880344e-01
1.610700e+04 2.891349e-01
1.610800e+04 2.801778e-01
1.610900e+04 2.945335e-01
1.611000e+04 2.968322e-01
1.611100e+04 2.855427e-01
1.611200e+04 2.916027e-01
1.611300e+04 2.872165e-01
1.611400e+04 2.897959e-01
1.611500e+04 2.975660e-01
1.611600e+04 2.922176e-01
1.611700e+04 2.997966e-01
1.611800e+04 3.030883e-01
1.611900e+04 2.947081e-01
1.612000e+04 2.840959e-01
1.612100e+04 2.769425e-01
1.612200e+04 2.925298e-01
1.612300e+04 2.981099e-01
1.612400e+04 2.909060e-01
1.612500e+04 2.969298e-01
1.612600e+04 2.864213e-01
1.612700e+04 2.997487e-01
1.612800e+04 2.828682e-01
1.612900e+04 2.832266e-01
1.613000e+04 3.053218e-01
1.613100e+04 2.866270e-01
1.613200e+04 2.959077e-01
1.613300e+04 2.871066e-01
1.613400e+04 2.957065e-01
1.613500e+04 2.831226e-01
1.613600e+04 2.849790e-01
1.613700e+04 2.930701e-01
1.613800e+04 2.795466e-01
1.613900e+04 2.813669e-01
1.614000e+04 2.809283e-01
1.614100e+04 2.509831e-01
1.614200e+04 2.664085e-01
1.614300e+04 2.807126e-01
1.614400e+04 2.881385e-01
1.614500e+04 2.926005e-01
1.614600e+04 2.886581e-01
1.614700e+04 2.907893e-01
1.614800e+04 2.851468e-01
1.614900e+04 2.847994e-01
1.615000e+04 2.888041e-01
1.615100e+04 2.823778e-01
1.615200e+04 2.801518e-01
1.615300e+04 2.780332e-01
1.615400e+04 2.623537e-01
1.615500e+04 2.281456e-01
1.615600e+04 2.556784e-01
1.615700e+04 2.710027e-01
1.615800e+04 2.669436e-01
1.615900e+04 2.673024e-01
1.616000e+04 2.510456e-01
1.616100e+04 2.499793e-01
1.616200e+04 2.272869e-01
1.616300e+04 2.624444e-01
1.616400e+04 2.638988e-01
1.616500e+04 2.850747e-01
1.616600e+04 2.925614e-01
1.616700e+04 2.942225e-01
1.616800e+04 2.888270e-01
1.616900e+04 2.867318e-01
1.617000e+04 2.839245e-01
1.617100e+04 2.953936e-01
1.617200e+04 2.991504e-01
1.617300e+04 2.889076e-01
1.617400e+04 2.928521e-01
1.617500e+04 2.947600e-01
1.617600e+04 3.010592e-01
1.617700e+04 2.962006e-01
1.617800e+04 2.948225e-01
1.617900e+04 2.957491e-01
1.618000e+04 3.000276e-01
1.618100e+04 2.980885e-01
1.618200e+04 2.929204e-01
1.618300e+04 2.896800e-01
1.618400e+04 2.850676e-01
1.618500e+04 2.894796e-01
1.618600e+04 2.974578e-01
1.618700e+04 2.964557e-01
1.618800e+04 2.840122e-01
1.618900e+04 2.805294e-01
1.619000e+04 2.871337e-01
1.619100e+04 2.835306e-01
1.619200e+04 2.795206e-01
1.619300e+04 2.798328e-01
1.619400e+04 2.589646e-01
1.619500e+04 2.552895e-01
1.619600e+04 2.733089e-01
1.619700e+04 2.635945e-01
1.619800e+04 2.704143e-01
1.619900e+04 2.699199e-01
1.620000e+04 2.539963e-01
1.620100e+04 2.283722e-01
1.620200e+04 2.310339e-01
1.620300e+04 2.620082e-01
1.620400e+04 2.723216e-01
1.620500e+04 2.709088e-01
1.620600e+04 2.813538e-01
1.620700e+04 2.777314e-01
1.620800e+04 2.511457e-01
1.620900e+04 2.470215e-01
1.621000e+04 2.804549e-01
1.621100e+04 2.673144e-01
1.621200e+04 2.483821e-01
1.621300e+04 2.789242e-01
1.621400e+04 2.812143e-01
1.621500e+04 2.947317e-01
1.621600e+04 2.942012e-01
1.621700e+04 2.971518e-01
1.621800e+04 2.764951e-01
1.621900e+04 2.904120e-01
1.622000e+04 2.875473e-01
1.622100e+04 2.780499e-01
1.622200e+04 2.901621e-01
1.622300e+04 2.835417e-01
1.622400e+04 2.857372e-01
1.622500e+04 2.833103e-01
1.622600e+04 2.936211e-01
1.622700e+04 2.911585e-01
1.622800e+04 2.901077e-01
1.622900e+04 2.818877e-01
1.623000e+04 2.618884e-01
1.623100e+04 2.883268e-01
1.623200e+04 2.902208e-01
1.623300e+04 2.909738e-01
1.623400e+04 2.907986e-01
1.623500e+04 2.754948e-01
1.623600e+04 2.786027e-01
1.623700e+04 2.899221e-01
1.623800e+04 2.978099e-01
1.623900e+04 3.013734e-01
1.624000e+04 2.844860e-01
1.624100e+04 2.982308e-01
1.624200e+04 3.003234e-01
1.624300e+04 2.987324e-01
1.624400e+04 2.923728e-01
1.624500e+04 2.858874e-01
1.624600e+04 2.706894e-01
1.624700e+04 2.901804e-01
1.624800e+04 2.919965e-01
1.624900e+04 2.929479e-01
1.625000e+04 2.932081e-01
1.625100e+04 2.977206e-01
1.625200e+04 2.635270e-01
1.625300e+04 2.801567e-01
1.625400e+04 2.789388e-01
1.625500e+04 2.897034e-01
1.625600e+04 2.523679e-01
1.625700e+04 2.945149e-01
1.625800e+04 2.905162e-01
1.625900e+04 2.660978e-01
1.626000e+04 2.701504e-01
1.626100e+04 2.933175e-01
1.626200e+04 2.985694e-01
1.626300e+04 2.909900e-01
1.626400e+04 2.820749e-01
1.626500e+04 2.635257e-01
1.626600e+04 2.863439e-01
1.626700e+04 2.914189e-01
1.626800e+04 2.975183e-01
1.626900e+04 2.882468e-01
1.627000e+04 2.752727e-01
1.627100e+04 2.884892e-01
1.627200e+04 3.054866e-01
1.627300e+04 3.010023e-01
1.627400e+04 2.832342e-01
1.627500e+04 2.963281e-01
1.627600e+04 2.955444e-01
1.627700e+04 2.932039e-01
1.627800e+04 2.931910e-01
1.627900e+04 2.883190e-01
1.628000e+04 2.887399e-01
1.628100e+04 2.856792e-01
1.628200e+04 2.875155e-01
1.628300e+04 2.992674e-01
1.628400e+04 2.956163e-01
1.628500e+04 2.940064e-01
1.628600e+04 2.893522e-01
1.628700e+04 2.996056e-01
1.628800e+04 2.917899e-01
1.628900e+04 2.944279e-01
1.629000e+04 2.946300e-01
1.629100e+04 2.906002e-01
1.629200e+04 2.935362e-01
1.629300e+04 2.955450e-01
1.629400e+04 2.952217e-01
1.629500e+04 2.905935e-01
1.629600e+04 2.919144e-01
1.629700e+04 2.911938e-01
1.629800e+04 2.995242e-01
1.629900e+04 2.902366e-01
1.630000e+04 2.887248e-01
1.630100e+04 2.927970e-01
1.630200e+04 2.879585e-01
1.630300e+04 2.847445e-01
1.630400e+04 2.859226e-01
1.630500e+04 2.909459e-01
1.630600e+04 2.963574e-01
1.630700e+04 2.926242e-01
1.630800e+04 2.880947e-01
1.630900e+04 2.912743e-01
1.631000e+04 2.782232e-01
1.631100e+04 2.873267e-01
1.631200e+04 2.954391e-01
1.631300e+04 2.956035e-01
1.631400e+04 2.897961e-01
1.631500e+04 2.881765e-01
1.631600e+04 2.846931e-01
1.631700e+04 2.621556e-01
1.631800e+04 2.945761e-01
1.631900e+04 2.966752e-01
1.632000e+04 2.913191e-01
1.632100e+04 2.851427e-01
1.632200e+04 2.888635e-01
1.632300e+04 2.877703e-01
1.632400e+04 2.879994e-01
1.632500e+04 2.939983e-01
1.632600e+04 2.908903e-01
1.632700e+04 2.949933e-01
1.632800e+04 2.947243e-01
1.632900e+04 2.845236e-01
1.633000e+04 2.903189e-01
1.633100e+04 2.962201e-01
1.633200e+04 2.935750e-01
1.633300e+04 2.996805e-01
1.633400e+04 2.942065e-01
1.633500e+04 2.981927e-01
1.633600e+04 3.002564e-01
1.633700e+04 2.918775e-01
1.633800e+04 2.938056e-01
1.633900e+04 2.934201e-01
1.634000e+04 2.929536e-01
1.634100e+04 2.859966e-01
1.634200e+04 2.753604e-01
1.634300e+04 2.901387e-01
1.634400e+04 2.945000e-01
1.634500e+04 2.942400e-01
1.634600e+04 2.789551e-01
1.634700e+04 2.903938e-01
1.634800e+04 2.973704e-01
1.634900e+04 2.961733e-01
1.635000e+04 2.853535e-01
1.635100e+04 2.783513e-01
1.635200e+04 2.732587e-01
1.635300e+04 2.921771e-01
1.635400e+04 2.841323e-01
1.635500e+04 2.977655e-01
1.635600e+04 2.931197e-01
1.635700e+04 2.568807e-01
1.635800e+04 2.960990e-01
1.635900e+04 2.537781e-01
1.636000e+04 2.831723e-01
1.636100e+04 2.919218e-01
1.636200e+04 2.905875e-01
1.636300e+04 2.934196e-01
1.636400e+04 2.911340e-01
1.636500e+04 2.921076e-01
1.636600e+04 2.922064e-01
1.636700e+04 2.905257e-01
1.636800e+04 2.821651e-01
1.636900e+04 2.551083e-01
1.637000e+04 2.910323e-01
1.637100e+04 2.900878e-01
1.637200e+04 2.852464e-01
1.637300e+04 2.654789e-01
1.637400e+04 2.993498e-01
1.637500e+04 2.964522e-01
1.637600e+04 2.921470e-01
1.637700e+04 2.898985e-01
1.637800e+04 2.848845e-01
1.637900e+04 2.931221e-01
1.638000e+04 2.941029e-01
1.638100e+04 2.914442e-01
1.638200e+04 2.953458e-01
1.638300e+04 2.801145e-01
1.638400e+04 2.943977e-01
1.638500e+04 2.925648e-01
1.638600e+04 2.881027e-01
1.638700e+04 2.886783e-01
1.638800e+04 2.891325e-01
1.638900e+04 2.859509e-01
1.639000e+04 2.937563e-01
1.639100e+04 3.004603e-01
1.639200e+04 2.945412e-01
1.639300e+04 2.793341e-01
1.639400e+04 2.734958e-01
1.639500e+04 2.871690e-01
1.639600e+04 2.892630e-01
1.639700e+04 2.870119e-01
1.639800e+04 2.839003e-01
1.639900e+04 2.930424e-01
1.640000e+04 2.886183e-01
1.640100e+04 2.832247e-01
1.640200e+04 2.860119e-01
1.640300e+04 2.899254e-01
1.640400e+04 2.917816e-01
1.640500e+04 2.945084e-01
1.640600e+04 2.743601e-01
1.640700e+04 2.964625e-01
1.640800e+04 2.925472e-01
1.640900e+04 2.943031e-01
1.641000e+04 2.884889e-01
1.641100e+04 2.889163e-01
1.641200e+04 2.917294e-01
1.641300e+04 2.837374e-01
1.641400e+04 2.833857e-01
1.641500e+04 2.882287e-01
1.641600e+04 2.884296e-01
1.641700e+04 2.824732e-01
1.641800e+04 2.792694e-01
1.641900e+04 2.930313e-01
1.642000e+04 2.907530e-01
1.642100e+04 2.974921e-01
1.642200e+04 2.865869e-01
1.642300e+04 2.982541e-01
1.642400e+04 2.880688e-01
1.642500e+04 2.978574e-01
1.642600e+04 2.835508e-01
1.642700e+04 2.930874e-01
1.642800e+04 2.895150e-01
1.642900e+04 2.884083e-01
1.643000e+04 2.829137e-01
1.643100e+04 2.980811e-01
1.643200e+04 2.947014e-01
1.643300e+04 2.928780e-01
1.643400e+04 2.878840e-01
1.643500e+04 2.880990e-01
1.643600e+04 2.941139e-01
1.643700e+04 2.884822e-01
1.643800e+04 2.968295e-01
1.643900e+04 2.927055e-01
1.644000e+04 2.926117e-01
1.644100e+04 2.901791e-01
1.644200e+04 2.808812e-01
1.644300e+04 2.895295e-01
1.644400e+04 2.947596e-01
1.644500e+04 2.967884e-01
1.644600e+04 2.980414e-01
1.644700e+04 2.747177e-01
1.644800e+04 2.411876e-01
1.644900e+04 2.858009e-01
1.645000e+04 2.944283e-01
1.645100e+04 2.909633e-01
1.645200e+04 2.822451e-01
1.645300e+04 2.667983e-01
1.645400e+04 2.898177e-01
1.645500e+04 2.538583e-01
1.645600e+04 2.924602e-01
1.645700e+04 2.979136e-01
1.645800e+04 2.884701e-01
1.645900e+04 2.828956e-01
1.646000e+04 2.752783e-01
1.646100e+04 2.694351e-01
1.646200e+04 2.859935e-01
1.646300e+04 2.909768e-01
1.646400e+04 2.964486e-01
1.646500e+04 2.910100e-01
1.646600e+04 2.878638e-01
1.646700e+04 2.923372e-01
1.646800e+04 2.905900e-01
1.646900e+04 2.888967e-01
1.647000e+04 2.956200e-01
1.647100e+04 2.955973e-01
1.647200e+04 2.978776e-01
1.647300e+04 2.997881e-01
1.647400e+04 2.841677e-01
1.647500e+04 2.928097e-01
1.647600e+04 2.735370e-01
1.647700e+04 2.739247e-01
1.647800e+04 2.916333e-01
1.647900e+04 2.747577e-01
1.648000e+04 2.917540e-01
1.648100e+04 2.855876e-01
1.648200e+04 2.955795e-01
1.648300e+04 2.961249e-01
1.648400e+04 2.864302e-01
1.648500e+04 2.930275e-01
1.648600e+04 2.996678e-01
1.648700e+04 2.864668e-01
1.648800e+04 2.984863e-01
1.648900e+04 2.937101e-01
1.649000e+04 2.922800e-01
1.649100e+04 2.743425e-01
1.649200e+04 2.864739e-01
1.649300e+04 2.845166e-01
1.649400e+04 2.886754e-01
1.649500e+04 2.929048e-01
1.649600e+04 2.976907e-01
1.649700e+04 2.949852e-01
1.649800e+04 2.837096e-01
1.649900e+04 2.815457e-01
1.650000e+04 2.929342e-01
1.650100e+04 2.952499e-01
1.650200e+04 2.900196e-01
1.650300e+04 2.885934e-01
1.650400e+04 2.940523e-01
1.650500e+04 2.911245e-01
1.650600e+04 2.881381e-01
1.650700e+04 2.863629e-01
1.650800e+04 2.857992e-01
1.650900e+04 2.890748e-01
1.651000e+04 2.962689e-01
1.651100e+04 2.883551e-01
1.651200e+04 2.902039e-01
1.651300e+04 2.898983e-01
1.651400e+04 2.894970e-01
1.651500e+04 2.906995e-01
1.651600e+04 2.887393e-01
1.651700e+04 2.938574e-01
1.651800e+04 2.800534e-01
1.651900e+04 2.894653e-01
1.652000e+04 2.926394e-01
1.652100e+04 2.938320e-01
1.652200e+04 2.923951e-01
1.652300e+04 2.984327e-01
1.652400e+04 2.967870e-01
1.652500e+04 2.851527e-01
1.652600e+04 2.877504e-01
1.652700e+04 2.883226e-01
1.652800e+04 2.526808e-01
1.652900e+04 2.952931e-01
1.653000e+04 2.851617e-01
1.653100e+04 2.566486e-01
1.653200e+04 2.937676e-01
1.653300e+04 2.926623e-01
1.653400e+04 2.907090e-01
1.653500e+04 2.963596e-01
1.653600e+04 2.927003e-01
1.653700e+04 2.949221e-01
1.653800e+04 2.875421e-01
1.653900e+04 2.511411e-01
1.654000e+04 2.841162e-01
1.654100e+04 2.838550e-01
1.654200e+04 2.927714e-01
1.654300e+04 2.533991e-01
1.654400e+04 2.870773e-01
1.654500e+04 2.898878e-01
1.654600e+04 2.878079e-01
1.654700e+04 2.906778e-01
1.654800e+04 2.927798e-01
1.654900e+04 2.896836e-01
1.655000e+04 2.883625e-01
1.655100e+04 2.957357e-01
1.655200e+04 2.855078e-01
1.655300e+04 2.927840e-01
1.655400e+04 2.831289e-01
1.655500e+04 2.972815e-01
1.655600e+04 2.953566e-01
1.655700e+04 2.927616e-01
1.655800e+04 2.853316e-01
1.655900e+04 2.964238e-01
1.656000e+04 2.953615e-01
1.656100e+04 2.961298e-01
1.656200e+04 2.998668e-01
1.656300e+04 2.941697e-01
1.656400e+04 2.917161e-01
1.656500e+04 2.883159e-01
1.656600e+04 2.911727e-01
1.656700e+04 2.922806e-01
1.656800e+04 2.926974e-01
1.656900e+04 2.939603e-01
1.657000e+04 2.995455e-01
1.657100e+04 2.901575e-01
1.657200e+04 2.893887e-01
1.657300e+04 2.840413e-01
1.657400e+04 2.922716e-01
1.657500e+04 2.909767e-01
1.657600e+04 2.918436e-01
1.657700e+04 2.858071e-01
1.657800e+04 2.908472e-01
1.657900e+04 2.940362e-01
1.658000e+04 2.898342e-01
1.658100e+04 2.902789e-01
1.658200e+04 2.958185e-01
1.658300e+04 2.959998e-01
1.658400e+04 2.861095e-01
1.658500e+04 2.824994e-01
1.658600e+04 2.672332e-01
1.658700e+04 2.659515e-01
1.658800e+04 2.897326e-01
1.658900e+04 2.895233e-01
1.659000e+04 2.872929e-01
1.659100e+04 2.960034e-01
1.659200e+04 2.815184e-01
1.659300e+04 2.867194e-01
1.659400e+04 2.882327e-01
1.659500e+04 2.908658e-01
1.659600e+04 2.931079e-01
1.659700e+04 2.903416e-01
1.659800e+04 2.902781e-01
1.659900e+04 2.899322e-01
1.660000e+04 2.946246e-01
1.660100e+04 2.902441e-01
1.660200e+04 2.787557e-01
1.660300e+04 2.856205e-01
1.660400e+04 2.857433e-01
1.660500e+04 2.939092e-01
1.660600e+04 2.894026e-01
1.660700e+04 2.922312e-01
1.660800e+04 2.891552e-01
1.660900e+04 2.833643e-01
1.661000e+04 2.617526e-01
1.661100e+04 2.799055e-01
1.661200e+04 2.605013e-01
1.661300e+04 2.848291e-01
1.661400e+04 2.903540e-01
1.661500e+04 2.820912e-01
1.661600e+04 2.916321e-01
1.661700e+04 2.918913e-01
1.661800e+04 2.872840e-01
1.661900e+04 2.887083e-01
1.662000e+04 2.865675e-01
1.662100e+04 2.925026e-01
1.662200e+04 2.865979e-01
1.662300e+04 2.832214e-01
1.662400e+04 2.829097e-01
1.662500e+04 2.863010e-01
1.662600e+04 2.851070e-01
1.662700e+04 2.918623e-01
1.662800e+04 2.935787e-01
1.662900e+04 2.923430e-01
1.663000e+04 2.917018e-01
1.663100e+04 2.838244e-01
1.663200e+04 2.854420e-01
1.663300e+04 2.852854e-01
1.663400e+04 2.950366e-01
1.663500e+04 2.898896e-01
1.663600e+04 2.840867e-01
1.663700e+04 2.909669e-01
1.663800e+04 2.908395e-01
1.663900e+04 2.829903e-01
1.664000e+04 2.707862e-01
1.664100e+04 2.877168e-01
1.664200e+04 2.829572e-01
1.664300e+04 2.957135e-01
1.664400e+04 2.947677e-01
1.664500e+04 2.957278e-01
1.664600e+04 2.905032e-01
1.664700e+04 2.874150e-01
1.664800e+04 2.846644e-01
1.664900e+04 2.870008e-01
1.665000e+04 2.846849e-01
1.665100e+04 2.925973e-01
1.665200e+04 2.954791e-01
1.665300e+04 2.893687e-01
1.665400e+04 2.710678e-01
1.665500e+04 2.692849e-01
1.665600e+04 2.877593e-01
1.665700e+04 2.952861e-01
1.665800e+04 2.917395e-01
1.665900e+04 2.577299e-01
1.666000e+04 2.673505e-01
1.666100e+04 2.646816e-01
1.666200e+04 2.850612e-01
1.666300e+04 2.914616e-01
1.666400e+04 2.876637e-01
1.666500e+04 2.932961e-01
1.666600e+04 2.843932e-01
1.666700e+04 2.532559e-01
1.666800e+04 2.923350e-01
1.666900e+04 2.856322e-01
1.667000e+04 2.811767e-01
1.667100e+04 2.867874e-01
1.667200e+04 2.867297e-01
1.667300e+04 2.849659e-01
1.667400e+04 2.848844e-01
1.667500e+04 2.781525e-01
1.667600e+04 2.819055e-01
1.667700e+04 2.874716e-01
1.667800e+04 2.826698e-01
1.667900e+04 2.793395e-01
1.668000e+04 2.789858e-01
1.668100e+04 2.858870e-01
1.668200e+04 2.929144e-01
1.668300e+04 2.927834e-01
1.668400e+04 2.899573e-01
1.668500e+04 2.945019e-01
1.668600e+04 2.915870e-01
1.668700e+04 2.873011e-01
1.668800e+04 2.897418e-01
1.668900e+04 2.844331e-01
1.669000e+04 2.871697e-01
1.669100e+04 2.931803e-01
1.669200e+04 2.806437e-01
1.669300e+04 2.876059e-01
1.669400e+04 2.798875e-01
1.669500e+04 2.887947e-01
1.669600e+04 2.863306e-01
1.669700e+04 2.930048e-01
1.669800e+04 2.863070e-01
1.669900e+04 2.876859e-01
1.670000e+04 2.793078e-01
1.670100e+04 2.872674e-01
1.670200e+04 2.871770e-01
1.670300e+04 2.879918e-01
1.670400e+04 2.831536e-01
1.670500e+04 2.870354e-01
1.670600e+04 2.898343e-01
1.670700e+04 2.852213e-01
1.670800e+04 2.806856e-01
1.670900e+04 2.480456e-01
1.671000e+04 2.886330e-01
1.671100e+04 2.873051e-01
1.671200e+04 2.444227e-01
1.671300e+04 2.837773e-01
1.671400e+04 2.866755e-01
1.671500e+04 2.864993e-01
1.671600e+04 2.814636e-01
1.671700e+04 2.811903e-01
1.671800e+04 2.791170e-01
1.671900e+04 2.471826e-01
1.672000e+04 2.780082e-01
1.672100e+04 2.683604e-01
1.672200e+04 2.632583e-01
1.672300e+04 2.243194e-01
1.672400e+04 2.291239e-01
1.672500e+04 2.612643e-01
1.672600e+04 2.645559e-01
1.672700e+04 2.726557e-01
1.672800e+04 2.825462e-01
1.672900e+04 2.802817e-01
1.673000e+04 2.886259e-01
1.673100e+04 2.804861e-01
1.673200e+04 2.871792e-01
1.673300e+04 2.552104e-01
1.673400e+04 2.617962e-01
1.673500e+04 2.782427e-01
1.673600e+04 2.845059e-01
1.673700e+04 2.882007e-01
1.673800e+04 2.877383e-01
1.673900e+04 2.850681e-01
1.674000e+04 2.873407e-01
1.674100e+04 2.830706e-01
1.674200e+04 2.856448e-01
1.674300e+04 2.850355e-01
1.674400e+04 2.811829e-01
1.674500e+04 2.830345e-01
1.674600e+04 2.825765e-01
1.674700e+04 2.826929e-01
1.674800e+04 2.838864e-01
1.674900e+04 2.797258e-01
1.675000e+04 2.802009e-01
1.675100e+04 2.769122e-01
1.675200e+04 2.637342e-01
1.675300e+04 2.574477e-01
1.675400e+04 2.319500e-01
1.675500e+04 2.094807e-01
1.675600e+04 2.262512e-01
1.675700e+04 2.570012e-01
1.675800e+04 2.627022e-01
1.675900e+04 2.712821e-01
1.676000e+04 2.772279e-01
1.676100e+04 2.801798e-01
1.676200e+04 2.792273e-01
1.676300e+04 2.807419e-01
1.676400e+04 2.787113e-01
1.676500e+04 2.785253e-01
1.676600e+04 2.747877e-01
1.676700e+04 2.707444e-01
1.676800e+04 2.547877e-01
1.676900e+04 2.684407e-01
1.677000e+04 2.757763e-01
1.677100e+04 2.786463e-01
1.677200e+04 2.808708e-01
1.677300e+04 2.855635e-01
1.677400e+04 2.826629e-01
1.677500e+04 2.828615e-01
1.677600e+04 2.799760e-01
1.677700e+04 2.863797e-01
1.677800e+04 2.826583e-01
1.677900e+04 2.814161e-01
1.678000e+04 2.856589e-01
1.678100e+04 2.882018e-01
1.678200e+04 2.890902e-01
1.678300e+04 2.850944e-01
1.678400e+04 2.884399e-01
1.678500e+04 2.877081e-01
1.678600e+04 2.846151e-01
1.678700e+04 2.881852e-01
1.678800e+04 2.831807e-01
1.678900e+04 2.829342e-01
1.679000e+04 2.890452e-01
1.679100e+04 2.906487e-01
1.679200e+04 2.870090e-01
1.679300e+04 2.829702e-01
1.679400e+04 2.842625e-01
1.679500e+04 2.852726e-01
1.679600e+04 2.885963e-01
1.679700e+04 2.870366e-01
1.679800e+04 2.825890e-01
1.679900e+04 2.832322e-01
1.680000e+04 2.872795e-01
1.680100e+04 2.813551e-01
1.680200e+04 2.814220e-01
1.680300e+04 2.879328e-01
1.680400e+04 2.835918e-01
1.680500e+04 2.835185e-01
1.680600e+04 2.871199e-01
1.680700e+04 2.814424e-01
1.680800e+04 2.875407e-01
1.680900e+04 2.834878e-01
1.681000e+04 2.848941e-01
1.681100e+04 2.761739e-01
1.681200e+04 2.848356e-01
1.681300e+04 2.802584e-01
1.681400e+04 2.894983e-01
1.681500e+04 2.881142e-01
1.681600e+04 2.816163e-01
1.681700e+04 2.824346e-01
1.681800e+04 2.890335e-01
1.681900e+04 2.872313e-01
1.682000e+04 2.904292e-01
1.682100e+04 2.803078e-01
1.682200e+04 2.872627e-01
1.682300e+04 2.820395e-01
1.682400e+04 2.807697e-01
1.682500e+04 2.887977e-01
1.682600e+04 2.828727e-01
1.682700e+04 2.848542e-01
1.682800e+04 2.790487e-01
1.682900e+04 2.860261e-01
1.683000e+04 2.854792e-01
1.683100e+04 2.886838e-01
1.683200e+04 2.822007e-01
1.683300e+04 2.806269e-01
1.683400e+04 2.910058e-01
1.683500e+04 2.850334e-01
1.683600e+04 2.810266e-01
1.683700e+04 2.836449e-01
1.683800e+04 2.854832e-01
1.683900e+04 2.828119e-01
1.684000e+04 2.783614e-01
1.684100e+04 2.746646e-01
1.684200e+04 2.816882e-01
1.684300e+04 2.812803e-01
1.684400e+04 2.799121e-01
1.684500e+04 2.843311e-01
1.684600e+04 2.828413e-01
1.684700e+04 2.847856e-01
1.684800e+04 2.858227e-01
1.684900e+04 2.805484e-01
1.685000e+04 2.808526e-01
1.685100e+04 2.875525e-01
1.685200e+04 2.831758e-01
1.685300e+04 2.805712e-01
1.685400e+04 2.812171e-01
1.685500e+04 2.835755e-01
1.685600e+04 2.812860e-01
1.685700e+04 2.820309e-01
1.685800e+04 2.799256e-01
1.685900e+04 2.785339e-01
1.686000e+04 2.836300e-01
1.686100e+04 2.823646e-01
1.686200e+04 2.846014e-01
1.686300e+04 2.864832e-01
1.686400e+04 2.819283e-01
1.686500e+04 2.820540e-01
1.686600e+04 2.853015e-01
1.686700e+04 2.806692e-01
1.686800e+04 2.745202e-01
1.686900e+04 2.775542e-01
1.687000e+04 2.728900e-01
1.687100e+04 2.540107e-01
1.687200e+04 2.786607e-01
1.687300e+04 2.831045e-01
1.687400e+04 2.820617e-01
1.687500e+04 2.836123e-01
1.687600e+04 2.663182e-01
1.687700e+04 2.411623e-01
1.687800e+04 2.822985e-01
1.687900e+04 2.797844e-01
1.688000e+04 2.860827e-01
1.688100e+04 2.777628e-01
1.688200e+04 2.781386e-01
1.688300e+04 2.731304e-01
1.688400e+04 2.556653e-01
1.688500e+04 2.757978e-01
1.688600e+04 2.820756e-01
1.688700e+04 2.850489e-01
1.688800e+04 2.711358e-01
1.688900e+04 2.532742e-01
1.689000e+04 2.770049e-01
1.689100e+04 2.525364e-01
1.689200e+04 2.776649e-01
1.689300e+04 2.774507e-01
1.689400e+04 2.715864e-01
1.689500e+04 2.760747e-01
1.689600e+04 2.827664e-01
1.689700e+04 2.650248e-01
1.689800e+04 2.865589e-01
1.689900e+04 2.767511e-01
1.690000e+04 2.481619e-01
1.690100e+04 2.848909e-01
1.690200e+04 2.880987e-01
1.690300e+04 2.572892e-01
1.690400e+04 2.648642e-01
1.690500e+04 2.781941e-01
1.690600e+04 2.852724e-01
1.690700e+04 2.584814e-01
1.690800e+04 2.692588e-01
1.690900e+04 2.430303e-01
1.691000e+04 2.529289e-01
1.691100e+04 2.806007e-01
1.691200e+04 2.821320e-01
1.691300e+04 2.821821e-01
1.691400e+04 2.464188e-01
1.691500e+04 2.819657e-01
1.691600e+04 2.832070e-01
1.691700e+04 2.857414e-01
1.691800e+04 2.823213e-01
1.691900e+04 2.744734e-01
1.692000e+04 2.744407e-01
1.692100e+04 2.612527e-01
1.692200e+04 2.826021e-01
1.692300e+04 2.822426e-01
1.692400e+04 2.692371e-01
1.692500e+04 2.715102e-01
1.692600e+04 2.694976e-01
1.692700e+04 2.724307e-01
1.692800e+04 2.840696e-01
1.692900e+04 2.742335e-01
1.693000e+04 2.842066e-01
1.693100e+04 2.846350e-01
1.693200e+04 2.835570e-01
1.693300e+04 2.809548e-01
1.693400e+04 2.792723e-01
1.693500e+04 2.762784e-01
1.693600e+04 2.784347e-01
1.693700e+04 2.816127e-01
1.693800e+04 2.860274e-01
1.693900e+04 2.810118e-01
1.694000e+04 2.847415e-01
1.694100e+04 2.737708e-01
1.694200e+04 2.823255e-01
1.694300e+04 2.799264e-01
1.694400e+04 2.711628e-01
1.694500e+04 2.694717e-01
1.694600e+04 2.821044e-01
1.694700e+04 2.809556e-01
1.694800e+04 2.718967e-01
1.694900e+04 2.731529e-01
1.695000e+04 2.788186e-01
1.695100e+04 2.768122e-01
1.695200e+04 2.681233e-01
1.695300e+04 2.798163e-01
1.695400e+04 2.822622e-01
1.695500e+04 2.652999e-01
1.695600e+04 2.773256e-01
1.695700e+04 2.604492e-01
1.695800e+04 2.816380e-01
1.695900e+04 2.844546e-01
1.696000e+04 2.724373e-01
1.696100e+04 2.689159e-01
1.696200e+04 2.797593e-01
1.696300e+04 2.841049e-01
1.696400e+04 2.647460e-01
1.696500e+04 2.726171e-01
1.696600e+04 2.821896e-01
1.696700e+04 2.796733e-01
1.696800e+04 2.730290e-01
1.696900e+04 2.837690e-01
1.697000e+04 2.769195e-01
1.697100e+04 2.701955e-01
1.697200e+04 2.743665e-01
1.697300e+04 2.697583e-01
1.697400e+04 2.771503e-01
1.697500e+04 2.777154e-01
1.697600e+04 2.734178e-01
1.697700e+04 2.626124e-01
1.697800e+04 2.650197e-01
1.697900e+04 2.595618e-01
1.698000e+04 2.759744e-01
1.698100e+04 2.726420e-01
1.698200e+04 2.807947e-01
1.698300e+04 2.844406e-01
1.698400e+04 2.752430e-01
1.698500e+04 2.777676e-01
1.698600e+04 2.608374e-01
1.698700e+04 2.731554e-01
1.698800e+04 2.783659e-01
1.698900e+04 2.816141e-01
1.699000e+04 2.840827e-01
1.699100e+04 2.737556e-01
1.699200e+04 2.804382e-01
1.699300e+04 2.809919e-01
1.699400e+04 2.457913e-01
1.699500e+04 2.753001e-01
1.699600e+04 2.667325e-01
1.699700e+04 2.759045e-01
1.699800e+04 2.700847e-01
1.699900e+04 2.732404e-01
1.700000e+04 2.702579e-01
1.700100e+04 2.676119e-01
1.700200e+04 2.689814e-01
1.700300e+04 2.713327e-01
1.700400e+04 2.706950e-01
1.700500e+04 2.820690e-01
1.700600e+04 2.785945e-01
1.700700e+04 2.750973e-01
1.700800e+04 2.699787e-01
1.700900e+04 2.509435e-01
1.701000e+04 2.633342e-01
1.701100e+04 2.720563e-01
1.701200e+04 2.725059e-01
1.701300e+04 2.814255e-01
1.701400e+04 2.684024e-01
1.701500e+04 2.748757e-01
1.701600e+04 2.772834e-01
1.701700e+04 2.645431e-01
1.701800e+04 2.786343e-01
1.701900e+04 2.777676e-01
1.702000e+04 2.780661e-01
1.702100e+04 2.779440e-01
1.702200e+04 2.787415e-01
1.702300e+04 2.720302e-01
1.702400e+04 2.645766e-01
1.702500e+04 2.723543e-01
1.702600e+04 2.711013e-01
1.702700e+04 2.757152e-01
1.702800e+04 2.624641e-01
1.702900e+04 2.716761e-01
1.703000e+04 2.652829e-01
1.703100e+04 2.772313e-01
1.703200e+04 2.738705e-01
1.703300e+04 2.804673e-01
1.703400e+04 2.722941e-01
1.703500e+04 2.650332e-01
1.703600e+04 2.715782e-01
1.703700e+04 2.755800e-01
1.703800e+04 2.769203e-01
1.703900e+04 2.712354e-01
1.704000e+04 2.582671e-01
1.704100e+04 2.604439e-01
1.704200e+04 2.788985e-01
1.704300e+04 2.714291e-01
1.704400e+04 2.590506e-01
1.704500e+04 2.666386e-01
1.704600e+04 2.686814e-01
1.704700e+04 2.760413e-01
1.704800e+04 2.723913e-01
1.704900e+04 2.685798e-01
1.705000e+04 2.682778e-01
1.705100e+04 2.702127e-01
1.705200e+04 2.589341e-01
1.705300e+04 2.678348e-01
1.705400e+04 2.572270e-01
1.705500e+04 2.454190e-01
1.705600e+04 2.591457e-01
1.705700e+04 2.473597e-01
1.705800e+04 2.777663e-01
1.705900e+04 2.677347e-01
1.706000e+04 2.784611e-01
1.706100e+04 2.745844e-01
1.706200e+04 2.684108e-01
1.706300e+04 2.786632e-01
1.706400e+04 2.675122e-01
1.706500e+04 2.650127e-01
1.706600e+04 2.419908e-01
1.706700e+04 2.726953e-01
1.706800e+04 2.727615e-01
1.706900e+04 2.746998e-01
1.707000e+04 2.606607e-01
1.707100e+04 2.448585e-01
1.707200e+04 2.727446e-01
1.707300e+04 2.640399e-01
1.707400e+04 2.392899e-01
1.707500e+04 2.611319e-01
1.707600e+04 2.501366e-01
1.707700e+04 2.712605e-01
1.707800e+04 2.627604e-01
1.707900e+04 2.697943e-01
1.708000e+04 2.745496e-01
1.708100e+04 2.662934e-01
1.708200e+04 2.525916e-01
1.708300e+04 2.401924e-01
1.708400e+04 2.708602e-01
1.708500e+04 2.523568e-01
1.708600e+04 2.546881e-01
1.708700e+04 2.674460e-01
1.708800e+04 2.512104e-01
1.708900e+04 2.695620e-01
1.709000e+04 2.772645e-01
1.709100e+04 2.675723e-01
1.709200e+04 2.541644e-01
1.709300e+04 2.579340e-01
1.709400e+04 2.735418e-01
1.709500e+04 2.711327e-01
1.709600e+04 2.720779e-01
1.709700e+04 2.642590e-01
1.709800e+04 2.684152e-01
1.709900e+04 2.415575e-01
1.710000e+04 2.647405e-01
1.710100e+04 2.421699e-01
1.710200e+04 2.705991e-01
1.710300e+04 2.669441e-01
1.710400e+04 2.399695e-01
1.710500e+04 2.215054e-01
1.710600e+04 2.633748e-01
1.710700e+04 2.531765e-01
1.710800e+04 2.490374e-01
1.710900e+04 2.377533e-01
1.711000e+04 2.362063e-01
1.711100e+04 2.365319e-01
1.711200e+04 2.318546e-01
1.711300e+04 2.203202e-01
1.711400e+04 2.115988e-01
1.711500e+04 2.212681e-01
1.711600e+04 2.432566e-01
1.711700e+04 2.421225e-01
1.711800e+04 2.619171e-01
1.711900e+04 2.583869e-01
1.712000e+04 2.673530e-01
1.712100e+04 2.566011e-01
1.712200e+04 2.575838e-01
1.712300e+04 2.505449e-01
1.712400e+04 2.431121e-01
1.712500e+04 2.649632e-01
1.712600e+04 2.647435e-01
1.712700e+04 2.718750e-01
1.712800e+04 2.565732e-01
1.712900e+04 2.417456e-01
1.713000e+04 2.667009e-01
1.713100e+04 2.639262e-01
1.713200e+04 2.658166e-01
1.713300e+04 2.715161e-01
1.713400e+04 2.521107e-01
1.713500e+04 2.657974e-01
1.713600e+04 2.760022e-01
1.713700e+04 2.587080e-01
1.713800e+04 2.404714e-01
1.713900e+04 2.460708e-01
1.714000e+04 2.619258e-01
1.714100e+04 2.692217e-01
1.714200e+04 2.462631e-01
1.714300e+04 2.547644e-01
1.714400e+04 2.534098e-01
1.714500e+04 2.508862e-01
1.714600e+04 2.549423e-01
1.714700e+04 2.614663e-01
1.714800e+04 2.718859e-01
1.714900e+04 2.349690e-01
1.715000e+04 2.632611e-01
1.715100e+04 2.697803e-01
1.715200e+04 2.515734e-01
1.715300e+04 2.663206e-01
1.715400e+04 2.600809e-01
1.715500e+04 2.740912e-01
1.715600e+04 2.406631e-01
1.715700e+04 2.665017e-01
1.715800e+04 2.705109e-01
1.715900e+04 2.434512e-01
1.716000e+04 2.450190e-01
1.716100e+04 2.535852e-01
1.716200e+04 2.542633e-01
1.716300e+04 2.597467e-01
1.716400e+04 2.691457e-01
1.716500e+04 2.698488e-01
1.716600e+04 2.681579e-01
1.716700e+04 2.608523e-01
1.716800e+04 2.343097e-01
1.716900e+04 2.422105e-01
1.717000e+04 2.604436e-01
1.717100e+04 2.600393e-01
1.717200e+04 2.706933e-01
1.717300e+04 2.438681e-01
1.717400e+04 2.581943e-01
1.717500e+04 2.171675e-01
1.717600e+04 2.498500e-01
1.717700e+04 2.579592e-01
1.717800e+04 2.551873e-01
1.717900e+04 2.622724e-01
1.718000e+04 2.522210e-01
1.718100e+04 2.416080e-01
1.718200e+04 2.626086e-01
1.718300e+04 2.410304e-01
1.718400e+04 2.498492e-01
1.718500e+04 2.596158e-01
1.718600e+04 2.441304e-01
1.718700e+04 2.631237e-01
1.718800e+04 2.383512e-01
1.718900e+04 2.398061e-01
1.719000e+04 2.570705e-01
1.719100e+04 2.430369e-01
1.719200e+04 2.586385e-01
1.719300e+04 2.568769e-01
1.719400e+04 2.146946e-01
1.719500e+04 2.451596e-01
1.719600e+04 2.381527e-01
1.719700e+04 2.542212e-01
1.719800e+04 2.697571e-01
1.719900e+04 2.586827e-01
1.720000e+04 2.519939e-01
1.720100e+04 2.298203e-01
1.720200e+04 2.482439e-01
1.720300e+04 2.632592e-01
1.720400e+04 2.681612e-01
1.720500e+04 2.612736e-01
1.720600e+04 2.636576e-01
1.720700e+04 2.693469e-01
1.720800e+04 2.613495e-01
1.720900e+04 2.486274e-01
1.721000e+04 2.278087e-01
1.721100e+04 2.397739e-01
1.721200e+04 2.420190e-01
1.721300e+04 2.463294e-01
1.721400e+04 2.619188e-01
1.721500e+04 2.455312e-01
1.721600e+04 2.362405e-01
1.721700e+04 2.654450e-01
1.721800e+04 2.632778e-01
1.721900e+04 2.640044e-01
1.722000e+04 2.722983e-01
1.722100e+04 2.640707e-01
1.722200e+04 2.611839e-01
1.722300e+04 2.483962e-01
1.722400e+04 2.480519e-01
1.722500e+04 2.518800e-01
1.722600e+04 2.607222e-01
1.722700e+04 2.530688e-01
1.722800e+04 2.443167e-01
1.722900e+04 2.505983e-01
1.723000e+04 2.265634e-01
1.723100e+04 2.499266e-01
1.723200e+04 2.575120e-01
1.723300e+04 2.247124e-01
1.723400e+04 2.609728e-01
1.723500e+04 2.176603e-01
1.723600e+04 2.385962e-01
1.723700e+04 2.368287e-01
1.723800e+04 2.477382e-01
1.723900e+04 2.615755e-01
1.724000e+04 2.482777e-01
1.724100e+04 2.620360e-01
1.724200e+04 2.568055e-01
1.724300e+04 2.525440e-01
1.724400e+04 2.375310e-01
1.724500e+04 2.510240e-01
1.724600e+04 2.695638e-01
1.724700e+04 2.622509e-01
1.724800e+04 2.323006e-01
1.724900e+04 2.208164e-01
1.725000e+04 2.601936e-01
1.725100e+04 2.419309e-01
1.725200e+04 2.714643e-01
1.725300e+04 2.641884e-01
1.725400e+04 2.498253e-01
1.725500e+04 2.533943e-01
1.725600e+04 2.611497e-01
1.725700e+04 2.459762e-01
1.725800e+04 2.602780e-01
1.725900e+04 2.686430e-01
1.726000e+04 2.550441e-01
1.726100e+04 2.522718e-01
1.726200e+04 2.346576e-01
1.726300e+04 2.363880e-01
1.726400e+04 2.654101e-01
1.726500e+04 2.328590e-01
1.726600e+04 2.071543e-01
1.726700e+04 2.326057e-01
1.726800e+04 2.445295e-01
1.726900e+04 2.617291e-01
1.727000e+04 2.319148e-01
1.727100e+04 2.459153e-01
1.727200e+04 2.167386e-01
1.727300e+04 2.394185e-01
1.727400e+04 2.377523e-01
1.727500e+04 2.559968e-01
1.727600e+04 2.652686e-01
1.727700e+04 2.487578e-01
1.727800e+04 2.614908e-01
1.727900e+04 2.665066e-01
1.728000e+04 2.320601e-01
1.728100e+04 2.636545e-01
1.728200e+04 2.642869e-01
1.728300e+04 2.506327e-01
1.728400e+04 2.259016e-01
1.728500e+04 2.676042e-01
1.728600e+04 2.602363e-01
1.728700e+04 2.682628e-01
1.728800e+04 2.514565e-01
1.728900e+04 2.210593e-01
1.729000e+04 2.570011e-01
1.729100e+04 2.573182e-01
1.729200e+04 2.292078e-01
1.729300e+04 2.570328e-01
1.729400e+04 2.496364e-01
1.729500e+04 2.207749e-01
1.729600e+04 2.343086e-01
1.729700e+04 2.568999e-01
1.729800e+04 2.535134e-01
1.729900e+04 2.462271e-01
1.730000e+04 2.361290e-01
1.730100e+04 2.634773e-01
1.730200e+04 2.514672e-01
1.730300e+04 2.392212e-01
1.730400e+04 2.667703e-01
1.730500e+04 2.583390e-01
1.730600e+04 2.534965e-01
1.730700e+04 2.563754e-01
1.730800e+04 2.665008e-01
1.730900e+04 2.684760e-01
1.731000e+04 2.547909e-01
1.731100e+04 2.590847e-01
1.731200e+04 2.209738e-01
1.731300e+04 2.238821e-01
1.731400e+04 2.511260e-01
1.731500e+04 2.574187e-01
1.731600e+04 2.395847e-01
1.731700e+04 2.356709e-01
1.731800e+04 2.228436e-01
1.731900e+04 2.117312e-01
1.732000e+04 2.259628e-01
1.732100e+04 2.032546e-01
1.732200e+04 2.554828e-01
1.732300e+04 2.456731e-01
1.732400e+04 2.531784e-01
1.732500e+04 2.502300e-01
1.732600e+04 2.473008e-01
1.732700e+04 2.282841e-01
1.732800e+04 2.542512e-01
1.732900e+04 2.280763e-01
1.733000e+04 2.398775e-01
1.733100e+04 2.458539e-01
1.733200e+04 2.475548e-01
1.733300e+04 2.513793e-01
1.733400e+04 2.598641e-01
1.733500e+04 2.244810e-01
1.733600e+04 2.563404e-01
1.733700e+04 2.536213e-01
1.733800e+04 2.592347e-01
1.733900e+04 2.319803e-01
1.734000e+04 2.300218e-01
1.734100e+04 2.380031e-01
1.734200e+04 2.495825e-01
1.734300e+04 2.325223e-01
1.734400e+04 2.084736e-01
1.734500e+04 2.115420e-01
1.734600e+04 2.522965e-01
1.734700e+04 2.443838e-01
1.734800e+04 2.400626e-01
1.734900e+04 2.465113e-01
1.735000e+04 2.164850e-01
1.735100e+04 2.321979e-01
1.735200e+04 2.297617e-01
1.735300e+04 2.335898e-01
1.735400e+04 2.205198e-01
1.735500e+04 2.427117e-01
1.735600e+04 2.329232e-01
1.735700e+04 2.399431e-01
1.735800e+04 2.479598e-01
1.735900e+04 2.582092e-01
1.736000e+04 2.193248e-01
1.736100e+04 2.579146e-01
1.736200e+04 2.523604e-01
1.736300e+04 2.365021e-01
1.736400e+04 2.549425e-01
1.736500e+04 2.633806e-01
1.736600e+04 2.177784e-01
1.736700e+04 2.465362e-01
1.736800e+04 2.401209e-01
1.736900e+04 2.592476e-01
1.737000e+04 2.103223e-01
1.737100e+04 2.503311e-01
1.737200e+04 2.382989e-01
1.737300e+04 2.183348e-01
1.737400e+04 2.380844e-01
1.737500e+04 2.577428e-01
1.737600e+04 2.581796e-01
1.737700e+04 2.598268e-01
1.737800e+04 2.547502e-01
1.737900e+04 2.312195e-01
1.738000e+04 2.427196e-01
1.738100e+04 2.145512e-01
1.738200e+04 2.589274e-01
1.738300e+04 2.305802e-01
1.738400e+04 2.298050e-01
1.738500e+04 2.241177e-01
1.738600e+04 2.455340e-01
1.738700e+04 2.516803e-01
1.738800e+04 2.560304e-01
1.738900e+04 2.090408e-01
1.739000e+04 2.336944e-01
1.739100e+04 2.604373e-01
1.739200e+04 2.560316e-01
1.739300e+04 2.418403e-01
1.739400e+04 2.276994e-01
1.739500e+04 2.372059e-01
1.739600e+04 2.482596e-01
1.739700e+04 2.572724e-01
1.739800e+04 1.968876e-01
1.739900e+04 2.445858e-01
1.740000e+04 2.391071e-01
1.740100e+04 2.524804e-01
1.740200e+04 2.559133e-01
1.740300e+04 2.418803e-01
1.740400e+04 2.076164e-01
1.740500e+04 2.270497e-01
1.740600e+04 2.478861e-01
1.740700e+04 2.109315e-01
1.740800e+04 2.089595e-01
1.740900e+04 2.379384e-01
1.741000e+04 2.496890e-01
1.741100e+04 2.189266e-01
1.741200e+04 2.146682e-01
1.741300e+04 2.616472e-01
1.741400e+04 2.557568e-01
1.741500e+04 2.547835e-01
1.741600e+04 2.173112e-01
1.741700e+04 2.537918e-01
1.741800e+04 2.154833e-01
1.741900e+04 2.398263e-01
1.742000e+04 2.532011e-01
1.742100e+04 2.600768e-01
1.742200e+04 2.402509e-01
1.742300e+04 2.357579e-01
1.742400e+04 2.494669e-01
1.742500e+04 2.254038e-01
1.742600e+04 2.040057e-01
1.742700e+04 2.198856e-01
1.742800e+04 2.216388e-01
1.742900e+04 2.342718e-01
1.743000e+04 2.302790e-01
1.743100e+04 2.544347e-01
1.743200e+04 2.183826e-01
1.743300e+04 2.145749e-01
1.743400e+04 2.582051e-01
1.743500e+04 2.634891e-01
1.743600e+04 2.363544e-01
1.743700e+04 2.098744e-01
1.743800e+04 2.311954e-01
1.743900e+04 2.256774e-01
1.744000e+04 2.332910e-01
1.744100e+04 2.406648e-01
1.744200e+04 2.283378e-01
1.744300e+04 2.533032e-01
1.744400e+04 2.508598e-01
1.744500e+04 2.147032e-01
1.744600e+04 2.397644e-01
1.744700e+04 2.424265e-01
1.744800e+04 2.539453e-01
1.744900e+04 2.011074e-01
1.745000e+04 2.419641e-01
1.745100e+04 2.448243e-01
1.745200e+04 2.218971e-01
1.745300e+04 2.449273e-01
1.745400e+04 2.218669e-01
1.745500e+04 2.386686e-01
1.745600e+04 2.371698e-01
1.745700e+04 2.504958e-01
1.745800e+04 2.173658e-01
1.745900e+04 2.493237e-01
1.746000e+04 2.499766e-01
1.746100e+04 2.179426e-01
1.746200e+04 2.572866e-01
1.746300e+04 2.507711e-01
1.746400e+04 2.219395e-01
1.746500e+04 2.086936e-01
1.746600e+04 2.377681e-01
1.746700e+04 2.518871e-01
1.746800e+04 2.102483e-01
1.746900e+04 2.288256e-01
1.747000e+04 2.558065e-01
1.747100e+04 2.118688e-01
1.747200e+04 2.440123e-01
1.747300e+04 2.319302e-01
1.747400e+04 2.454555e-01
1.747500e+04 1.718553e-01
1.747600e+04 2.438997e-01
1.747700e+04 2.544403e-01
1.747800e+04 2.276831e-01
1.747900e+04 2.394817e-01
1.748000e+04 2.456213e-01
1.748100e+04 2.194159e-01
1.748200e+04 2.186030e-01
1.748300e+04 2.088619e-01
1.748400e+04 2.301940e-01
1.748500e+04 2.470981e-01
1.748600e+04 2.410605e-01
1.748700e+04 2.490177e-01
1.748800e+04 2.510907e-01
1.748900e+04 2.569834e-01
1.749000e+04 2.394012e-01
1.749100e+04 2.484120e-01
1.749200e+04 2.070528e-01
1.749300e+04 2.352583e-01
1.749400e+04 2.416588e-01
1.749500e+04 1.963035e-01
1.749600e+04 2.425161e-01
1.749700e+04 2.332149e-01
1.749800e+04 2.460291e-01
1.749900e+04 2.161632e-01
1.750000e+04 2.503037e-01
1.750100e+04 2.379111e-01
1.750200e+04 2.285729e-01
1.750300e+04 1.911634e-01
1.750400e+04 2.317492e-01
1.750500e+04 2.039305e-01
1.750600e+04 2.166304e-01
1.750700e+04 2.004852e-01
1.750800e+04 2.073415e-01
1.750900e+04 2.135858e-01
1.751000e+04 2.184711e-01
1.751100e+04 2.397513e-01
1.751200e+04 2.541013e-01
1.751300e+04 2.188284e-01
1.751400e+04 2.322027e-01
1.751500e+04 2.371326e-01
1.751600e+04 2.382921e-01
1.751700e+04 2.434199e-01
1.751800e+04 2.179593e-01
1.751900e+04 2.125752e-01
1.752000e+04 2.442969e-01
1.752100e+04 2.024585e-01
1.752200e+04 2.256840e-01
1.752300e+04 2.516298e-01
1.752400e+04 2.332164e-01
1.752500e+04 2.180493e-01
1.752600e+04 2.328559e-01
1.752700e+04 2.564856e-01
1.752800e+04 2.355891e-01
1.752900e+04 2.203762e-01
1.753000e+04 2.485064e-01
1.753100e+04 2.439944e-01
1.753200e+04 2.124770e-01
1.753300e+04 2.429985e-01
1.753400e+04 2.167044e-01
1.753500e+04 2.382801e-01
1.753600e+04 2.119878e-01
1.753700e+04 2.102631e-01
1.753800e+04 2.251969e-01
1.753900e+04 2.326898e-01
1.754000e+04 2.446103e-01
1.754100e+04 2.126895e-01
1.754200e+04 2.220310e-01
1.754300e+04 2.138069e-01
1.754400e+04 2.009851e-01
1.754500e+04 2.456328e-01
1.754600e+04 1.954447e-01
1.754700e+04 2.219970e-01
1.754800e+04 2.327862e-01
1.754900e+04 2.472013e-01
1.755000e+04 2.336041e-01
1.755100e+04 2.060005e-01
1.755200e+04 2.447953e-01
1.755300e+04 2.164637e-01
1.755400e+04 2.232450e-01
1.755500e+04 2.314957e-01
1.755600e+04 2.049791e-01
1.755700e+04 2.356106e-01
1.755800e+04 2.224423e-01
1.755900e+04 1.945500e-01
1.756000e+04 1.989269e-01
1.756100e+04 2.059888e-01
1.756200e+04 2.171322e-01
1.756300e+04 1.999465e-01
1.756400e+04 2.425477e-01
1.756500e+04 2.127039e-01
1.756600e+04 2.206886e-01
1.756700e+04 1.996076e-01
1.756800e+04 2.142766e-01
1.756900e+04 2.215095e-01
1.757000e+04 2.292775e-01
1.757100e+04 2.116803e-01
1.757200e+04 2.312859e-01
1.757300e+04 2.339428e-01
1.757400e+04 2.303302e-01
1.757500e+04 2.494269e-01
1.757600e+04 2.435718e-01
1.757700e+04 2.328688e-01
1.757800e+04 1.780981e-01
1.757900e+04 2.278091e-01
1.758000e+04 2.278450e-01
1.758100e+04 2.041224e-01
1.758200e+04 2.066717e-01
1.758300e+04 2.357876e-01
1.758400e+04 2.238909e-01
1.758500e+04 2.326182e-01
1.758600e+04 1.981412e-01
1.758700e+04 2.183805e-01
1.758800e+04 2.055591e-01
1.758900e+04 2.228238e-01
1.759000e+04 2.211573e-01
1.759100e+04 1.996298e-01
1.759200e+04 2.289479e-01
1.759300e+04 2.473676e-01
1.759400e+04 1.953018e-01
1.759500e+04 2.142946e-01
1.759600e+04 2.266461e-01
1.759700e+04 2.256003e-01
1.759800e+04 2.149716e-01
1.759900e+04 2.438919e-01
1.760000e+04 2.135977e-01
1.760100e+04 2.229774e-01
1.760200e+04 2.411912e-01
1.760300e+04 2.301573e-01
1.760400e+04 2.318968e-01
1.760500e+04 2.329417e-01
1.760600e+04 1.959418e-01
1.760700e+04 2.078944e-01
1.760800e+04 2.275476e-01
1.760900e+04 1.976127e-01
1.761000e+04 2.155011e-01
1.761100e+04 2.330434e-01
1.761200e+04 1.987676e-01
1.761300e+04 2.073949e-01
1.761400e+04 2.459092e-01
1.761500e+04 2.105310e-01
1.761600e+04 2.199803e-01
1.761700e+04 2.394656e-01
1.761800e+04 2.358238e-01
1.761900e+04 2.341025e-01
1.762000e+04 2.143363e-01
1.762100e+04 2.365490e-01
1.762200e+04 1.766434e-01
1.762300e+04 2.062999e-01
1.762400e+04 2.247972e-01
1.762500e+04 1.952528e-01
1.762600e+04 2.251163e-01
1.762700e+04 2.080602e-01
1.762800e+04 1.968295e-01
1.762900e+04 2.117248e-01
1.763000e+04 2.150140e-01
1.763100e+04 2.023514e-01
1.763200e+04 2.255199e-01
1.763300e+04 1.884950e-01
1.763400e+04 2.167331e-01
1.763500e+04 2.397435e-01
1.763600e+04 2.332965e-01
1.763700e+04 2.428316e-01
1.763800e+04 2.406634e-01
1.763900e+04 2.316199e-01
1.764000e+04 2.202867e-01
1.764100e+04 2.258955e-01
1.764200e+04 2.046504e-01
1.764300e+04 2.314025e-01
1.764400e+04 2.181121e-01
1.764500e+04 1.733880e-01
1.764600e+04 2.469440e-01
1.764700e+04 2.181607e-01
1.764800e+04 1.833214e-01
1.764900e+04 2.303346e-01
1.765000e+04 2.365838e-01
1.765100e+04 2.043529e-01
1.765200e+04 2.483407e-01
1.765300e+04 2.110473e-01
1.765400e+04 2.129699e-01
1.765500e+04 2.228461e-01
1.765600e+04 2.243926e-01
1.765700e+04 2.091355e-01
1.765800e+04 2.422167e-01
1.765900e+04 2.233392e-01
1.766000e+04 2.062164e-01
1.766100e+04 2.399252e-01
1.766200e+04 2.252316e-01
1.766300e+04 2.360068e-01
1.766400e+04 2.291304e-01
1.766500e+04 2.400996e-01
1.766600e+04 2.199594e-01
1.766700e+04 2.406837e-01
1.766800e+04 2.223159e-01
1.766900e+04 1.552168e-01
1.767000e+04 2.399492e-01
1.767100e+04 2.108686e-01
1.767200e+04 1.831152e-01
1.767300e+04 2.175860e-01
1.767400e+04 2.261524e-01
1.767500e+04 2.116516e-01
1.767600e+04 2.093605e-01
1.767700e+04 2.221504e-01
1.767800e+04 1.941854e-01
1.767900e+04 1.905496e-01
1.768000e+04 2.168300e-01
1.768100e+04 2.269161e-01
1.768200e+04 1.912528e-01
1.768300e+04 1.987047e-01
1.768400e+04 1.814717e-01
1.768500e+04 2.011775e-01
1.768600e+04 2.176342e-01
1.768700e+04 2.049615e-01
1.768800e+04 2.075372e-01
1.768900e+04 2.014905e-01
1.769000e+04 1.972910e-01
1.769100e+04 2.364651e-01
1.769200e+04 2.079182e-01
1.769300e+04 2.265560e-01
1.769400e+04 2.019441e-01
1.769500e+04 1.935371e-01
1.769600e+04 2.509740e-01
1.769700e+04 2.425845e-01
1.769800e+04 2.227179e-01
1.769900e+04 2.396193e-01
1.770000e+04 2.306265e-01
1.770100e+04 2.341233e-01
1.770200e+04 1.875308e-01
1.770300e+04 1.848723e-01
1.770400e+04 2.048970e-01
1.770500e+04 2.273017e-01
1.770600e+04 2.379647e-01
1.770700e+04 2.438360e-01
1.770800e+04 2.051133e-01
1.770900e+04 2.106989e-01
1.771000e+04 2.187655e-01
1.771100e+04 1.837800e-01
1.771200e+04 2.304495e-01
1.771300e+04 2.019913e-01
1.771400e+04 2.322440e-01
1.771500e+04 2.103596e-01
1.771600e+04 1.955117e-01
1.771700e+04 1.666307e-01
1.771800e+04 2.350394e-01
1.771900e+04 2.310449e-01
1.772000e+04 2.195948e-01
1.772100e+04 2.168172e-01
1.772200e+04 1.980265e-01
1.772300e+04 2.204251e-01
1.772400e+04 1.487722e-01
1.772500e+04 2.012549e-01
1.772600e+04 2.033353e-01
1.772700e+04 2.038118e-01
1.772800e+04 2.033878e-01
1.772900e+04 2.028748e-01
1.773000e+04 2.086550e-01
1.773100e+04 1.793516e-01
1.773200e+04 2.247220e-01
1.773300e+04 2.081918e-01
1.773400e+04 2.056930e-01
1.773500e+04 2.230472e-01
1.773600e+04 2.093950e-01
1.773700e+04 2.324861e-01
1.773800e+04 2.345505e-01
1.773900e+04 2.055613e-01
1.774000e+04 2.388850e-01
1.774100e+04 2.316058e-01
1.774200e+04 2.342484e-01
1.774300e+04 1.954168e-01
1.774400e+04 2.075681e-01
1.774500e+04 1.877964e-01
1.774600e+04 2.201851e-01
1.774700e+04 2.020930e-01
1.774800e+04 2.336719e-01
1.774900e+04 2.181849e-01
1.775000e+04 1.670040e-01
1.775100e+04 2.284193e-01
1.775200e+04 1.862703e-01
1.775300e+04 2.052694e-01
1.775400e+04 1.985282e-01
1.775500e+04 2.031522e-01
1.775600e+04 2.227566e-01
1.775700e+04 2.281923e-01
1.775800e+04 2.448349e-01
1.775900e+04 2.044179e-01
1.776000e+04 1.542892e-01
1.776100e+04 2.318162e-01
1.776200e+04 1.930546e-01
1.776300e+04 2.072121e-01
1.776400e+04 1.946351e-01
1.776500e+04 1.683458e-01
1.776600e+04 2.088630e-01
1.776700e+04 1.912211e-01
1.776800e+04 1.792838e-01
1.776900e+04 2.235001e-01
1.777000e+04 2.177755e-01
1.777100e+04 2.080003e-01
1.777200e+04 2.199072e-01
1.777300e+04 2.230701e-01
1.777400e+04 2.013869e-01
1.777500e+04 1.827659e-01
1.777600e+04 2.196042e-01
1.777700e+04 2.080507e-01
1.777800e+04 1.743835e-01
1.777900e+04 2.138272e-01
1.778000e+04 2.036916e-01
1.778100e+04 2.146795e-01
1.778200e+04 2.154941e-01
1.778300e+04 1.999987e-01
1.778400e+04 1.916838e-01
1.778500e+04 2.018771e-01
1.778600e+04 2.151909e-01
1.778700e+04 2.271134e-01
1.778800e+04 2.175071e-01
1.778900e+04 2.120433e-01
1.779000e+04 1.951190e-01
1.779100e+04 1.707500e-01
1.779200e+04 2.030891e-01
1.779300e+04 2.300019e-01
1.779400e+04 2.244048e-01
1.779500e+04 1.776097e-01
1.779600e+04 1.853036e-01
1.779700e+04 1.778771e-01
1.779800e+04 1.708730e-01
1.779900e+04 2.105086e-01
1.780000e+04 2.190654e-01
1.780100e+04 2.259719e-01
1.780200e+04 2.301553e-01
1.780300e+04 2.357336e-01
1.780400e+04 2.113354e-01
1.780500e+04 1.804349e-01
1.780600e+04 2.154055e-01
1.780700e+04 2.339448e-01
1.780800e+04 2.188626e-01
1.780900e+04 2.072299e-01
1.781000e+04 1.935819e-01
1.781100e+04 1.862722e-01
1.781200e+04 1.549370e-01
1.781300e+04 2.054179e-01
1.781400e+04 1.778038e-01
1.781500e+04 2.143690e-01
1.781600e+04 2.072973e-01
1.781700e+04 1.812476e-01
1.781800e+04 1.924301e-01
1.781900e+04 2.089906e-01
1.782000e+04 2.238228e-01
1.782100e+04 2.032124e-01
1.782200e+04 2.344893e-01
1.782300e+04 1.623436e-01
1.782400e+04 2.086307e-01
1.782500e+04 1.989541e-01
1.782600e+04 2.018659e-01
1.782700e+04 2.146618e-01
1.782800e+04 1.718276e-01
1.782900e+04 1.418388e-01
1.783000e+04 2.006794e-01
1.783100e+04 2.013056e-01
1.783200e+04 1.702521e-01
1.783300e+04 2.320776e-01
1.783400e+04 2.023877e-01
1.783500e+04 2.305480e-01
1.783600e+04 2.046409e-01
1.783700e+04 1.881547e-01
1.783800e+04 2.174754e-01
1.783900e+04 2.203015e-01
1.784000e+04 2.330602e-01
1.784100e+04 2.183501e-01
1.784200e+04 1.894187e-01
1.784300e+04 2.099044e-01
1.784400e+04 2.312315e-01
1.784500e+04 1.983610e-01
1.784600e+04 2.329989e-01
1.784700e+04 1.908263e-01
1.784800e+04 1.972032e-01
1.784900e+04 1.848846e-01
1.785000e+04 1.948115e-01
1.785100e+04 2.134795e-01
1.785200e+04 2.107883e-01
1.785300e+04 2.096167e-01
1.785400e+04 1.828466e-01
1.785500e+04 1.951651e-01
1.785600e+04 1.954855e-01
1.785700e+04 1.682458e-01
1.785800e+04 1.931474e-01
1.785900e+04 1.864013e-01
1.786000e+04 1.868779e-01
1.786100e+04 2.221790e-01
1.786200e+04 1.932238e-01
1.786300e+04 1.643894e-01
1.786400e+04 2.198216e-01
1.786500e+04 2.201147e-01
1.786600e+04 2.015928e-01
1.786700e+04 1.862502e-01
1.786800e+04 1.994238e-01
1.786900e+04 1.786448e-01
1.787000e+04 2.005801e-01
1.787100e+04 1.346746e-01
1.787200e+04 1.974731e-01
1.787300e+04 2.018571e-01
1.787400e+04 1.921069e-01
1.787500e+04 1.939855e-01
1.787600e+04 1.736656e-01
1.787700e+04 2.187413e-01
1.787800e+04 1.982875e-01
1.787900e+04 2.194742e-01
1.788000e+04 2.082463e-01
1.788100e+04 1.895165e-01
1.788200e+04 1.710830e-01
1.788300e+04 2.174153e-01
1.788400e+04 2.310795e-01
1.788500e+04 1.740072e-01
1.788600e+04 2.048658e-01
1.788700e+04 1.889627e-01
1.788800e+04 1.702984e-01
1.788900e+04 2.135671e-01
1.789000e+04 2.161128e-01
1.789100e+04 2.108646e-01
1.789200e+04 2.019868e-01
1.789300e+04 2.185175e-01
1.789400e+04 1.769687e-01
1.789500e+04 2.104845e-01
1.789600e+04 2.260037e-01
1.789700e+04 2.083016e-01
1.789800e+04 2.143751e-01
1.789900e+04 1.965418e-01
1.790000e+04 2.114484e-01
1.790100e+04 1.893495e-01
1.790200e+04 2.249940e-01
1.790300e+04 2.284076e-01
1.790400e+04 1.602681e-01
1.790500e+04 2.117338e-01
1.790600e+04 1.710729e-01
1.790700e+04 1.714100e-01
1.790800e+04 2.166286e-01
1.790900e+04 2.091773e-01
1.791000e+04 1.814931e-01
1.791100e+04 1.723191e-01
1.791200e+04 2.245880e-01
1.791300e+04 1.858219e-01
1.791400e+04 1.654070e-01
1.791500e+04 1.991458e-01
1.791600e+04 1.894566e-01
1.791700e+04 2.176255e-01
1.791800e+04 2.123543e-01
1.791900e+04 1.577092e-01
1.792000e+04 1.984279e-01
1.792100e+04 2.058045e-01
1.792200e+04 1.971724e-01
1.792300e+04 2.003664e-01
1.792400e+04 2.123919e-01
1.792500e+04 1.869622e-01
1.792600e+04 2.267694e-01
1.792700e+04 1.796529e-01
1.792800e+04 1.875921e-01
1.792900e+04 1.968507e-01
1.793000e+04 2.215134e-01
1.793100e+04 2.135168e-01
1.793200e+04 1.890219e-01
1.793300e+04 2.110387e-01
1.793400e+04 1.766900e-01
1.793500e+04 1.816039e-01
1.793600e+04 2.264272e-01
1.793700e+04 1.523147e-01
1.793800e+04 2.017444e-01
1.793900e+04 1.842712e-01
1.794000e+04 2.236838e-01
1.794100e+04 2.157010e-01
1.794200e+04 1.416613e-01
1.794300e+04 2.227412e-01
1.794400e+04 2.040189e-01
1.794500e+04 1.950187e-01
1.794600e+04 2.060583e-01
1.794700e+04 1.847642e-01
1.794800e+04 1.712312e-01
1.794900e+04 1.940476e-01
1.795000e+04 1.851095e-01
1.795100e+04 1.911491e-01
1.795200e+04 1.693269e-01
1.795300e+04 1.693132e-01
1.795400e+04 2.084370e-01
1.795500e+04 2.153713e-01
1.795600e+04 2.088716e-01
1.795700e+04 2.195660e-01
1.795800e+04 2.116098e-01
1.795900e+04 2.363531e-01
1.796000e+04 1.602528e-01
1.796100e+04 1.957568e-01
1.796200e+04 1.845098e-01
1.796300e+04 1.275858e-01
1.796400e+04 1.395708e-01
1.796500e+04 1.885663e-01
1.796600e+04 2.197574e-01
1.796700e+04 2.107383e-01
1.796800e+04 2.134510e-01
1.796900e+04 1.814713e-01
1.797000e+04 1.684270e-01
1.797100e+04 2.233731e-01
1.797200e+04 2.079092e-01
1.797300e+04 2.013473e-01
1.797400e+04 2.290658e-01
1.797500e+04 1.583604e-01
1.797600e+04 2.004080e-01
1.797700e+04 2.184756e-01
1.797800e+04 1.951370e-01
1.797900e+04 2.110294e-01
1.798000e+04 2.161213e-01
1.798100e+04 2.074926e-01
1.798200e+04 1.909166e-01
1.798300e+04 2.168954e-01
1.798400e+04 1.981251e-01
1.798500e+04 1.960567e-01
1.798600e+04 2.225892e-01
1.798700e+04 2.081575e-01
1.798800e+04 1.916513e-01
1.798900e+04 2.079718e-01
1.799000e+04 2.057724e-01
1.799100e+04 1.790159e-01
1.799200e+04 1.547422e-01
1.799300e+04 1.747325e-01
1.799400e+04 1.852909e-01
1.799500e+04 1.986095e-01
1.799600e+04 1.638088e-01
1.799700e+04 1.989334e-01
1.799800e+04 1.649446e-01
1.799900e+04 2.113877e-01
1.800000e+04 1.718948e-01
1.800100e+04 2.032096e-01
1.800200e+04 1.849598e-01
1.800300e+04 2.014610e-01
1.800400e+04 1.953361e-01
1.800500e+04 1.794851e-01
1.800600e+04 1.745184e-01
1.800700e+04 2.078415e-01
1.800800e+04 2.060744e-01
1.800900e+04 1.731587e-01
1.801000e+04 1.595002e-01
1.801100e+04 1.677544e-01
1.801200e+04 1.339933e-01
1.801300e+04 2.199064e-01
1.801400e+04 2.146667e-01
1.801500e+04 1.700185e-01
1.801600e+04 2.035803e-01
1.801700e+04 1.548043e-01
1.801800e+04 2.084035e-01
1.801900e+04 2.072413e-01
1.802000e+04 1.837752e-01
1.802100e+04 2.000884e-01
1.802200e+04 1.733577e-01
1.802300e+04 1.868076e-01
1.802400e+04 1.984009e-01
1.802500e+04 1.910071e-01
1.802600e+04 1.985586e-01
1.802700e+04 1.279066e-01
1.802800e+04 1.793880e-01
1.802900e+04 2.057881e-01
1.803000e+04 2.062194e-01
1.803100e+04 1.669107e-01
1.803200e+04 1.993643e-01
1.803300e+04 1.994242e-01
1.803400e+04 1.617631e-01
1.803500e+04 1.782622e-01
1.803600e+04 1.981203e-01
1.803700e+04 1.793475e-01
1.803800e+04 1.758351e-01
1.803900e+04 1.827346e-01
1.804000e+04 2.052230e-01
1.804100e+04 2.027619e-01
1.804200e+04 2.191032e-01
1.804300e+04 1.927934e-01
1.804400e+04 1.882879e-01
1.804500e+04 2.266302e-01
1.804600e+04 1.760595e-01
1.804700e+04 1.618316e-01
1.804800e+04 2.116788e-01
1.804900e+04 1.657918e-01
1.805000e+04 1.840588e-01
1.805100e+04 1.729485e-01
1.805200e+04 1.930017e-01
1.805300e+04 2.123809e-01
1.805400e+04 2.042229e-01
1.805500e+04 1.545244e-01
1.805600e+04 1.902305e-01
1.805700e+04 1.547846e-01
1.805800e+04 1.813880e-01
1.805900e+04 1.929405e-01
1.806000e+04 1.773733e-01
1.806100e+04 2.208560e-01
1.806200e+04 1.709835e-01
1.806300e+04 1.770995e-01
1.806400e+04 1.756068e-01
1.806500e+04 2.299925e-01
1.806600e+04 2.073073e-01
1.806700e+04 2.267492e-01
1.806800e+04 1.848944e-01
1.806900e+04 1.882871e-01
1.807000e+04 1.777646e-01
1.807100e+04 2.015162e-01
1.807200e+04 1.686097e-01
1.807300e+04 1.909490e-01
1.807400e+04 1.834848e-01
1.807500e+04 1.703045e-01
1.807600e+04 1.513606e-01
1.807700e+04 1.605664e-01
1.807800e+04 1.935847e-01
1.807900e+04 2.164959e-01
1.808000e+04 1.926056e-01
1.808100e+04 1.863738e-01
1.808200e+04 1.478502e-01
1.808300e+04 2.187591e-01
1.808400e+04 2.112479e-01
1.808500e+04 1.866652e-01
1.808600e+04 1.534545e-01
1.808700e+04 1.668961e-01
1.808800e+04 1.785742e-01
1.808900e+04 2.063265e-01
1.809000e+04 1.683735e-01
1.809100e+04 2.003286e-01
1.809200e+04 2.170275e-01
1.809300e+04 2.038462e-01
1.809400e+04 1.915962e-01
1.809500e+04 1.911691e-01
1.809600e+04 1.905046e-01
1.809700e+04 2.000607e-01
1.809800e+04 2.075277e-01
1.809900e+04 1.810709e-01
1.810000e+04 1.955340e-01
1.810100e+04 2.213551e-01
1.810200e+04 2.086467e-01
1.810300e+04 2.027643e-01
1.810400e+04 1.715955e-01
1.810500e+04 1.850070e-01
1.810600e+04 1.657208e-01
1.810700e+04 1.713189e-01
1.810800e+04 1.698855e-01
1.810900e+04 1.670821e-01
1.811000e+04 1.270181e-01
1.811100e+04 1.873604e-01
1.811200e+04 1.539806e-01
1.811300e+04 2.053342e-01
1.811400e+04 1.969732e-01
1.811500e+04 1.544111e-01
1.811600e+04 1.791630e-01
1.811700e+04 1.920190e-01
1.811800e+04 2.163104e-01
1.811900e+04 1.923645e-01
1.812000e+04 1.935478e-01
1.812100e+04 1.897264e-01
1.812200e+04 1.991691e-01
1.812300e+04 1.589546e-01
1.812400e+04 1.853627e-01
1.812500e+04 1.608818e-01
1.812600e+04 1.646373e-01
1.812700e+04 1.441378e-01
1.812800e+04 1.963131e-01
1.812900e+04 1.824560e-01
1.813000e+04 1.893403e-01
1.813100e+04 2.008428e-01
1.813200e+04 2.161212e-01
1.813300e+04 1.869997e-01
1.813400e+04 1.688787e-01
1.813500e+04 1.734501e-01
1.813600e+04 1.856172e-01
1.813700e+04 1.957195e-01
1.813800e+04 2.088463e-01
1.813900e+04 1.757503e-01
1.814000e+04 2.110143e-01
1.814100e+04 1.747300e-01
1.814200e+04 2.067143e-01
1.814300e+04 2.123621e-01
1.814400e+04 2.093204e-01
1.814500e+04 2.050728e-01
1.814600e+04 2.159144e-01
1.814700e+04 2.041635e-01
1.814800e+04 1.891611e-01
1.814900e+04 2.156984e-01
1.815000e+04 1.363403e-01
1.815100e+04 1.546747e-01
1.815200e+04 2.077155e-01
1.815300e+04 2.026645e-01
1.815400e+04 2.051091e-01
1.815500e+04 2.061859e-01
1.815600e+04 1.638127e-01
1.815700e+04 1.693645e-01
1.815800e+04 2.101433e-01
1.815900e+04 1.741169e-01
1.816000e+04 1.922490e-01
1.816100e+04 2.042604e-01
1.816200e+04 2.062462e-01
1.816300e+04 1.644710e-01
1.816400e+04 2.037406e-01
1.816500e+04 2.106322e-01
1.816600e+04 2.099280e-01
1.816700e+04 1.996317e-01
1.816800e+04 1.985906e-01
1.816900e+04 1.915107e-01
1.817000e+04 1.446450e-01
1.817100e+04 1.666203e-01
1.817200e+04 1.934571e-01
1.817300e+04 1.568448e-01
1.817400e+04 1.790028e-01
1.817500e+04 2.059515e-01
1.817600e+04 1.945420e-01
1.817700e+04 1.573992e-01
1.817800e+04 1.778896e-01
1.817900e+04 1.854849e-01
1.818000e+04 1.810293e-01
1.818100e+04 2.144124e-01
1.818200e+04 1.909813e-01
1.818300e+04 1.627660e-01
1.818400e+04 1.874211e-01
1.818500e+04 1.754922e-01
1.818600e+04 1.976727e-01
1.818700e+04 1.389830e-01
1.818800e+04 1.626496e-01
1.818900e+04 1.830640e-01
1.819000e+04 1.792020e-01
1.819100e+04 2.076927e-01
1.819200e+04 1.835564e-01
1.819300e+04 1.810132e-01
1.819400e+04 1.796642e-01
1.819500e+04 1.786473e-01
1.819600e+04 1.794048e-01
1.819700e+04 1.510702e-01
1.819800e+04 1.864148e-01
1.819900e+04 1.744846e-01
1.820000e+04 1.936599e-01
1.820100e+04 2.027933e-01
1.820200e+04 1.679783e-01
1.820300e+04 1.429214e-01
1.820400e+04 1.839151e-01
1.820500e+04 1.972350e-01
1.820600e+04 1.588132e-01
1.820700e+04 1.992569e-01
1.820800e+04 1.733386e-01
1.820900e+04 1.989371e-01
1.821000e+04 1.776814e-01
1.821100e+04 1.716869e-01
1.821200e+04 1.614934e-01
1.821300e+04 2.038540e-01
1.821400e+04 2.091681e-01
1.821500e+04 1.594433e-01
1.821600e+04 1.655448e-01
1.821700e+04 1.472610e-01
1.821800e+04 1.644794e-01
1.821900e+04 1.908420e-01
1.822000e+04 1.902027e-01
1.822100e+04 1.339803e-01
1.822200e+04 1.776228e-01
1.822300e+04 1.640960e-01
1.822400e+04 1.681417e-01
1.822500e+04 1.810788e-01
1.822600e+04 1.620939e-01
1.822700e+04 1.653769e-01
1.822800e+04 2.103128e-01
1.822900e+04 2.050961e-01
1.823000e+04 2.035820e-01
1.823100e+04 1.934468e-01
1.823200e+04 1.917021e-01
1.823300e+04 1.917372e-01
1.823400e+04 1.994561e-01
1.823500e+04 2.033245e-01
1.823600e+04 2.077054e-01
1.823700e+04 2.038361e-01
1.823800e+04 1.941495e-01
1.823900e+04 1.949738e-01
1.824000e+04 2.104600e-01
1.824100e+04 1.896047e-01
1.824200e+04 2.174451e-01
1.824300e+04 2.012127e-01
1.824400e+04 2.150982e-01
1.824500e+04 1.848589e-01
1.824600e+04 1.963897e-01
1.824700e+04 1.794116e-01
1.824800e+04 1.497828e-01
1.824900e+04 1.948064e-01
1.825000e+04 2.009495e-01
1.825100e+04 1.711619e-01
1.825200e+04 1.676416e-01
1.825300e+04 1.891357e-01
1.825400e+04 1.743374e-01
1.825500e+04 1.990786e-01
1.825600e+04 1.669613e-01
1.825700e+04 2.087441e-01
1.825800e+04 1.884203e-01
1.825900e+04 2.025378e-01
1.826000e+04 2.003078e-01
1.826100e+04 1.752255e-01
1.826200e+04 1.627435e-01
1.826300e+04 1.366115e-01
1.826400e+04 1.077200e-01
1.826500e+04 1.552259e-01
1.826600e+04 1.742825e-01
1.826700e+04 2.124921e-01
1.826800e+04 1.757022e-01
1.826900e+04 2.132561e-01
1.827000e+04 1.639031e-01
1.827100e+04 1.599682e-01
1.827200e+04 1.944565e-01
1.827300e+04 2.011340e-01
1.827400e+04 1.600420e-01
1.827500e+04 1.738240e-01
1.827600e+04 1.707731e-01
1.827700e+04 1.399976e-01
1.827800e+04 1.717189e-01
1.827900e+04 1.722913e-01
1.828000e+04 1.856387e-01
1.828100e+04 2.083630e-01
1.828200e+04 1.912242e-01
1.828300e+04 1.815151e-01
1.828400e+04 1.745900e-01
1.828500e+04 1.823938e-01
1.828600e+04 1.865296e-01
1.828700e+04 1.937941e-01
1.828800e+04 1.889519e-01
1.828900e+04 1.750823e-01
1.829000e+04 1.736470e-01
1.829100e+04 1.985439e-01
1.829200e+04 1.942795e-01
1.829300e+04 1.930676e-01
1.829400e+04 1.697483e-01
1.829500e+04 1.992562e-01
1.829600e+04 2.081197e-01
1.829700e+04 2.055542e-01
1.829800e+04 1.776496e-01
1.829900e+04 1.646263e-01
1.830000e+04 1.920119e-01
1.830100e+04 1.723072e-01
1.830200e+04 1.784472e-01
1.830300e+04 1.739590e-01
1.830400e+04 1.863115e-01
1.830500e+04 1.910170e-01
1.830600e+04 1.885292e-01
1.830700e+04 1.420761e-01
1.830800e+04 2.129992e-01
1.830900e+04 1.847820e-01
1.831000e+04 1.763242e-01
1.831100e+04 2.119295e-01
1.831200e+04 1.548143e-01
1.831300e+04 1.451934e-01
1.831400e+04 1.941842e-01
1.831500e+04 1.658522e-01
1.831600e+04 2.151860e-01
1.831700e+04 1.887446e-01
1.831800e+04 1.896101e-01
1.831900e+04 1.914182e-01
1.832000e+04 1.583155e-01
1.832100e+04 1.567508e-01
1.832200e+04 2.012131e-01
1.832300e+04 1.495810e-01
1.832400e+04 1.686347e-01
1.832500e+04 1.669001e-01
1.832600e+04 1.485185e-01
1.832700e+04 1.639034e-01
1.832800e+04 1.846812e-01
1.832900e+04 1.909324e-01
1.833000e+04 1.689911e-01
1.833100e+04 2.038964e-01
1.833200e+04 1.762837e-01
1.833300e+04 1.717413e-01
1.833400e+04 1.772071e-01
1.833500e+04 1.890479e-01
1.833600e+04 2.004837e-01
1.833700e+04 1.830161e-01
1.833800e+04 1.632405e-01
1.833900e+04 1.803998e-01
1.834000e+04 1.812440e-01
1.834100e+04 1.808513e-01
1.834200e+04 1.862164e-01
1.834300e+04 1.807989e-01
1.834400e+04 2.133957e-01
1.834500e+04 2.009235e-01
1.834600e+04 1.577988e-01
1.834700e+04 1.881863e-01
1.834800e+04 1.772512e-01
1.834900e+04 1.803815e-01
1.835000e+04 1.663046e-01
1.835100e+04 1.164209e-01
1.835200e+04 1.919611e-01
1.835300e+04 1.888203e-01
1.835400e+04 2.020013e-01
1.835500e+04 2.073057e-01
1.835600e+04 1.929383e-01
1.835700e+04 1.371345e-01
1.835800e+04 1.903832e-01
1.835900e+04 1.856022e-01
1.836000e+04 1.750654e-01
1.836100e+04 1.898617e-01
1.836200e+04 1.867481e-01
1.836300e+04 1.501308e-01
1.836400e+04 1.668120e-01
1.836500e+04 1.494088e-01
1.836600e+04 2.011295e-01
1.836700e+04 2.001531e-01
1.836800e+04 1.895965e-01
1.836900e+04 2.010277e-01
1.837000e+04 2.068474e-01
1.837100e+04 1.508540e-01
1.837200e+04 1.916722e-01
1.837300e+04 1.928844e-01
1.837400e+04 1.834505e-01
1.837500e+04 1.553193e-01
1.837600e+04 1.732527e-01
1.837700e+04 1.969502e-01
1.837800e+04 1.310490e-01
1.837900e+04 1.569374e-01
1.838000e+04 1.690099e-01
1.838100e+04 1.828339e-01
1.838200e+04 1.906936e-01
1.838300e+04 1.960729e-01
1.838400e+04 1.777393e-01
1.838500e+04 1.682724e-01
1.838600e+04 2.078255e-01
1.838700e+04 1.960645e-01
1.838800e+04 1.868388e-01
1.838900e+04 1.874058e-01
1.839000e+04 1.674628e-01
1.839100e+04 1.956249e-01
1.839200e+04 1.616576e-01
1.839300e+04 1.477770e-01
1.839400e+04 1.677772e-01
1.839500e+04 1.947403e-01
1.839600e+04 1.697478e-01
1.839700e+04 1.539820e-01
1.839800e+04 1.655567e-01
1.839900e+04 1.341996e-01
1.840000e+04 1.820139e-01
1.840100e+04 2.021655e-01
1.840200e+04 1.762905e-01
1.840300e+04 1.825047e-01
1.840400e+04 1.680222e-01
1.840500e+04 1.755966e-01
1.840600e+04 1.829260e-01
1.840700e+04 1.764191e-01
1.840800e+04 1.623779e-01
1.840900e+04 1.540027e-01
1.841000e+04 2.087390e-01
1.841100e+04 1.937274e-01
1.841200e+04 1.934677e-01
1.841300e+04 2.059172e-01
1.841400e+04 1.975444e-01
1.841500e+04 1.977645e-01
1.841600e+04 1.744184e-01
1.841700e+04 1.991260e-01
1.841800e+04 1.680316e-01
1.841900e+04 1.614421e-01
1.842000e+04 1.548368e-01
1.842100e+04 1.638077e-01
1.842200e+04 1.756837e-01
1.842300e+04 1.535217e-01
1.842400e+04 1.594037e-01
1.842500e+04 1.774775e-01
1.842600e+04 1.870533e-01
1.842700e+04 1.611481e-01
1.842800e+04 1.675682e-01
1.842900e+04 1.701381e-01
1.843000e+04 1.777562e-01
1.843100e+04 1.457956e-01
1.843200e+04 2.087780e-01
1.843300e+04 1.519354e-01
1.843400e+04 1.698019e-01
1.843500e+04 1.593633e-01
1.843600e+04 1.879024e-01
1.843700e+04 1.489159e-01
1.843800e+04 1.879622e-01
1.843900e+04 1.562311e-01
1.844000e+04 1.311190e-01
1.844100e+04 1.649663e-01
1.844200e+04 1.710489e-01
1.844300e+04 1.719624e-01
1.844400e+04 1.713648e-01
1.844500e+04 1.582484e-01
1.844600e+04 1.415142e-01
1.844700e+04 1.873885e-01
1.844800e+04 1.611749e-01
1.844900e+04 1.640246e-01
1.845000e+04 1.582935e-01
1.845100e+04 1.857309e-01
1.845200e+04 1.926258e-01
1.845300e+04 1.786531e-01
1.845400e+04 1.822136e-01
1.845500e+04 1.480521e-01
1.845600e+04 1.624808e-01
1.845700e+04 1.719944e-01
1.845800e+04 1.576401e-01
1.845900e+04 1.721358e-01
1.846000e+04 1.528201e-01
1.846100e+04 1.760691e-01
1.846200e+04 1.881428e-01
1.846300e+04 1.719679e-01
1.846400e+04 1.586624e-01
1.846500e+04 1.645221e-01
1.846600e+04 1.548250e-01
1.846700e+04 1.522216e-01
1.846800e+04 1.435282e-01
1.846900e+04 1.512338e-01
1.847000e+04 1.105902e-01
1.847100e+04 1.129127e-01
1.847200e+04 1.475255e-01
1.847300e+04 1.505239e-01
1.847400e+04 1.411962e-01
1.847500e+04 1.670499e-01
1.847600e+04 1.411527e-01
1.847700e+04 1.821245e-01
1.847800e+04 1.700923e-01
1.847900e+04 1.685310e-01
1.848000e+04 1.446527e-01
1.848100e+04 1.391480e-01
1.848200e+04 1.601476e-01
1.848300e+04 1.542704e-01
1.848400e+04 1.573729e-01
1.848500e+04 1.646370e-01
1.848600e+04 1.362792e-01
1.848700e+04 1.513229e-01
1.848800e+04 1.386278e-01
1.848900e+04 1.837494e-01
1.849000e+04 1.734090e-01
1.849100e+04 1.899981e-01
1.849200e+04 1.811338e-01
1.849300e+04 1.772819e-01
1.849400e+04 1.416679e-01
1.849500e+04 1.672333e-01
1.849600e+04 1.628422e-01
1.849700e+04 1.419014e-01
1.849800e+04 1.975315e-01
1.849900e+04 1.774005e-01
1.850000e+04 1.730436e-01
1.850100e+04 1.652852e-01
1.850200e+04 1.417378e-01
1.850300e+04 1.560367e-01
1.850400e+04 1.558991e-01
1.850500e+04 1.733697e-01
1.850600e+04 2.014696e-01
1.850700e+04 1.500601e-01
1.850800e+04 1.704751e-01
1.850900e+04 1.809558e-01
1.851000e+04 1.825689e-01
1.851100e+04 1.868960e-01
1.851200e+04 1.851419e-01
1.851300e+04 1.412012e-01
1.851400e+04 1.772610e-01
1.851500e+04 1.640724e-01
1.851600e+04 1.685637e-01
1.851700e+04 2.012899e-01
1.851800e+04 2.002226e-01
1.851900e+04 1.765102e-01
1.852000e+04 1.440746e-01
1.852100e+04 1.988001e-01
1.852200e+04 1.958563e-01
1.852300e+04 1.539804e-01
1.852400e+04 1.513271e-01
1.852500e+04 1.907524e-01
1.852600e+04 1.772086e-01
1.852700e+04 1.767014e-01
1.852800e+04 1.733719e-01
1.852900e+04 1.733591e-01
1.853000e+04 1.627297e-01
1.853100e+04 1.474238e-01
1.853200e+04 1.360040e-01
1.853300e+04 1.397513e-01
1.853400e+04 1.706065e-01
1.853500e+04 1.839022e-01
1.853600e+04 1.660124e-01
1.853700e+04 1.709102e-01
1.853800e+04 1.375962e-01
1.853900e+04 1.685232e-01
1.854000e+04 1.667371e-01
1.854100e+04 1.678334e-01
1.854200e+04 1.923196e-01
1.854300e+04 1.538393e-01
1.854400e+04 1.826055e-01
1.854500e+04 1.933602e-01
1.854600e+04 1.916087e-01
1.854700e+04 1.316545e-01
1.854800e+04 1.665523e-01
1.854900e+04 1.866976e-01
1.855000e+04 1.309581e-01
1.855100e+04 1.632055e-01
1.855200e+04 1.595735e-01
1.855300e+04 1.790547e-01
1.855400e+04 1.893248e-01
1.855500e+04 1.812428e-01
1.855600e+04 1.780337e-01
1.855700e+04 1.934195e-01
1.855800e+04 1.604973e-01
1.855900e+04 1.729892e-01
1.856000e+04 1.865608e-01
1.856100e+04 1.656290e-01
1.856200e+04 1.418308e-01
1.856300e+04 1.626932e-01
1.856400e+04 1.574797e-01
1.856500e+04 1.357826e-01
1.856600e+04 1.573895e-01
1.856700e+04 1.275599e-01
1.856800e+04 1.124348e-01
1.856900e+04 1.859585e-01
1.857000e+04 1.508704e-01
1.857100e+04 1.750586e-01
1.857200e+04 1.255784e-01
1.857300e+04 1.686898e-01
1.857400e+04 1.617676e-01
1.857500e+04 1.737865e-01
1.857600e+04 1.705928e-01
1.857700e+04 1.412469e-01
1.857800e+04 1.671647e-01
1.857900e+04 1.525258e-01
1.858000e+04 1.324968e-01
1.858100e+04 1.243511e-01
1.858200e+04 1.533048e-01
1.858300e+04 1.511640e-01
1.858400e+04 1.539698e-01
1.858500e+04 1.678736e-01
1.858600e+04 1.441169e-01
1.858700e+04 1.581100e-01
1.858800e+04 1.829983e-01
1.858900e+04 1.555826e-01
1.859000e+04 1.366171e-01
1.859100e+04 1.378626e-01
1.859200e+04 1.366810e-01
1.859300e+04 1.469160e-01
1.859400e+04 1.630852e-01
1.859500e+04 1.710457e-01
1.859600e+04 1.644098e-01
1.859700e+04 1.595293e-01
1.859800e+04 1.266895e-01
1.859900e+04 1.580683e-01
1.860000e+04 1.780681e-01
1.860100e+04 1.385506e-01
1.860200e+04 1.705158e-01
1.860300e+04 1.596459e-01
1.860400e+04 1.346623e-01
1.860500e+04 1.480669e-01
1.860600e+04 1.656515e-01
1.860700e+04 1.417434e-01
1.860800e+04 1.509436e-01
1.860900e+04 1.607011e-01
1.861000e+04 1.693104e-01
1.861100e+04 1.311861e-01
1.861200e+04 1.819681e-01
1.861300e+04 1.257954e-01
1.861400e+04 1.525151e-01
1.861500e+04 1.504460e-01
1.861600e+04 1.665025e-01
1.861700e+04 1.474281e-01
1.861800e+04 1.796395e-01
1.861900e+04 1.599566e-01
1.862000e+04 1.508829e-01
1.862100e+04 1.890199e-01
1.862200e+04 1.681370e-01
1.862300e+04 1.579450e-01
1.862400e+04 1.788986e-01
1.862500e+04 1.572521e-01
1.862600e+04 1.807176e-01
1.862700e+04 1.648299e-01
1.862800e+04 1.385496e-01
1.862900e+04 1.580190e-01
1.863000e+04 1.475870e-01
1.863100e+04 1.749562e-01
1.863200e+04 1.601347e-01
1.863300e+04 1.836259e-01
1.863400e+04 1.882224e-01
1.863500e+04 1.432458e-01
1.863600e+04 1.656824e-01
1.863700e+04 1.733639e-01
1.863800e+04 1.588983e-01
1.863900e+04 1.759611e-01
1.864000e+04 1.728809e-01
1.864100e+04 1.739810e-01
1.864200e+04 1.529960e-01
1.864300e+04 1.526442e-01
1.864400e+04 1.707482e-01
1.864500e+04 1.664119e-01
1.864600e+04 1.457617e-01
1.864700e+04 1.620990e-01
1.864800e+04 1.734949e-01
1.864900e+04 1.800695e-01
1.865000e+04 1.475067e-01
1.865100e+04 1.349049e-01
1.865200e+04 1.438555e-01
1.865300e+04 1.407928e-01
1.865400e+04 1.684874e-01
1.865500e+04 1.509167e-01
1.865600e+04 1.581549e-01
1.865700e+04 1.451294e-01
1.865800e+04 1.808383e-01
1.865900e+04 1.457917e-01
1.866000e+04 1.937789e-01
1.866100e+04 1.543231e-01
1.866200e+04 1.808148e-01
1.866300e+04 1.932997e-01
1.866400e+04 1.587177e-01
1.866500e+04 1.658441e-01
1.866600e+04 1.659065e-01
1.866700e+04 1.617767e-01
1.866800e+04 1.535300e-01
1.866900e+04 1.818256e-01
1.867000e+04 1.769576e-01
1.867100e+04 1.567072e-01
1.867200e+04 1.495430e-01
1.867300e+04 1.740147e-01
1.867400e+04 1.701261e-01
1.867500e+04 1.758904e-01
1.867600e+04 1.913478e-01
1.867700e+04 1.685634e-01
1.867800e+04 1.236689e-01
1.867900e+04 1.743270e-01
1.868000e+04 1.431538e-01
1.868100e+04 1.536925e-01
1.868200e+04 1.115534e-01
1.868300e+04 1.645842e-01
1.868400e+04 1.679772e-01
1.868500e+04 1.793159e-01
1.868600e+04 1.633715e-01
1.868700e+04 1.659888e-01
1.868800e+04 1.662152e-01
1.868900e+04 1.767208e-01
1.869000e+04 1.703580e-01
1.869100e+04 1.601261e-01
1.869200e+04 1.790559e-01
1.869300e+04 1.796337e-01
1.869400e+04 1.715654e-01
1.869500e+04 1.749897e-01
1.869600e+04 1.696480e-01
1.869700e+04 1.710724e-01
1.869800e+04 1.487570e-01
1.869900e+04 1.750440e-01
1.870000e+04 1.694614e-01
1.870100e+04 1.711038e-01
1.870200e+04 1.887313e-01
1.870300e+04 1.559753e-01
1.870400e+04 1.789384e-01
1.870500e+04 1.827389e-01
1.870600e+04 1.558269e-01
1.870700e+04 1.872905e-01
1.870800e+04 1.864463e-01
1.870900e+04 1.311366e-01
1.871000e+04 1.688787e-01
1.871100e+04 1.302679e-01
1.871200e+04 1.609029e-01
1.871300e+04 1.553165e-01
1.871400e+04 1.434001e-01
1.871500e+04 1.648298e-01
1.871600e+04 1.930581e-01
1.871700e+04 1.446972e-01
1.871800e+04 1.382825e-01
1.871900e+04 1.660920e-01
1.872000e+04 2.014375e-01
1.872100e+04 1.575337e-01
1.872200e+04 1.733326e-01
1.872300e+04 1.778369e-01
1.872400e+04 1.362796e-01
1.872500e+04 1.728372e-01
1.872600e+04 1.845269e-01
1.872700e+04 1.683379e-01
1.872800e+04 1.245217e-01
1.872900e+04 1.737358e-01
1.873000e+04 1.195731e-01
1.873100e+04 1.205196e-01
1.873200e+04 1.528262e-01
1.873300e+04 1.344377e-01
1.873400e+04 1.571872e-01
1.873500e+04 1.320963e-01
1.873600e+04 1.389126e-01
1.873700e+04 1.581468e-01
1.873800e+04 1.739742e-01
1.873900e+04 1.843668e-01
1.874000e+04 1.594745e-01
1.874100e+04 1.372068e-01
1.874200e+04 1.517739e-01
1.874300e+04 1.779621e-01
1.874400e+04 1.910688e-01
1.874500e+04 1.659027e-01
1.874600e+04 1.536604e-01
1.874700e+04 1.579233e-01
1.874800e+04 1.383531e-01
1.874900e+04 1.773222e-01
1.875000e+04 1.721020e-01
1.875100e+04 1.832549e-01
1.875200e+04 1.511984e-01
1.875300e+04 1.721181e-01
1.875400e+04 1.348005e-01
1.875500e+04 1.620869e-01
1.875600e+04 1.871876e-01
1.875700e+04 1.467001e-01
1.875800e+04 1.614981e-01
1.875900e+04 1.909211e-01
1.876000e+04 1.903446e-01
1.876100e+04 1.756539e-01
1.876200e+04 1.515043e-01
1.876300e+04 1.538011e-01
1.876400e+04 1.493854e-01
1.876500e+04 1.534581e-01
1.876600e+04 1.770157e-01
1.876700e+04 1.650484e-01
1.876800e+04 1.486926e-01
1.876900e+04 1.571586e-01
1.877000e+04 1.617312e-01
1.877100e+04 1.482980e-01
1.877200e+04 1.711032e-01
1.877300e+04 1.211318e-01
1.877400e+04 1.654151e-01
1.877500e+04 1.810800e-01
1.877600e+04 1.735674e-01
1.877700e+04 1.710979e-01
1.877800e+04 1.586550e-01
1.877900e+04 1.385792e-01
1.878000e+04 1.677785e-01
1.878100e+04 1.559660e-01
1.878200e+04 1.754671e-01
1.878300e+04 1.635864e-01
1.878400e+04 1.557561e-01
1.878500e+04 1.321979e-01
1.878600e+04 1.498336e-01
1.878700e+04 1.553780e-01
1.878800e+04 1.273764e-01
1.878900e+04 1.545853e-01
1.879000e+04 1.675812e-01
1.879100e+04 1.717208e-01
1.879200e+04 1.512767e-01
1.879300e+04 1.647603e-01
1.879400e+04 1.355818e-01
1.879500e+04 1.453208e-01
1.879600e+04 1.724792e-01
1.879700e+04 1.534301e-01
1.879800e+04 1.605891e-01
1.879900e+04 1.603748e-01
1.880000e+04 1.500626e-01
1.880100e+04 1.601799e-01
1.880200e+04 1.733638e-01
1.880300e+04 1.707444e-01
1.880400e+04 1.682760e-01
1.880500e+04 1.886510e-01
1.880600e+04 1.364354e-01
1.880700e+04 1.948930e-01
1.880800e+04 1.841577e-01
1.880900e+04 1.407106e-01
1.881000e+04 1.721734e-01
1.881100e+04 1.833204e-01
1.881200e+04 1.546260e-01
1.881300e+04 1.436149e-01
1.881400e+04 1.519135e-01
1.881500e+04 1.427855e-01
1.881600e+04 1.532666e-01
1.881700e+04 1.721741e-01
1.881800e+04 1.661322e-01
1.881900e+04 1.851717e-01
1.882000e+04 1.403466e-01
1.882100e+04 1.468601e-01
1.882200e+04 1.721860e-01
1.882300e+04 1.792245e-01
1.882400e+04 1.842909e-01
1.882500e+04 1.611257e-01
1.882600e+04 1.580960e-01
1.882700e+04 1.774896e-01
1.882800e+04 1.815934e-01
1.882900e+04 1.990334e-01
1.883000e+04 1.612741e-01
1.883100e+04 1.782462e-01
1.883200e+04 1.792089e-01
1.883300e+04 1.688755e-01
1.883400e+04 1.731790e-01
1.883500e+04 1.585548e-01
1.883600e+04 1.718225e-01
1.883700e+04 1.821330e-01
1.883800e+04 1.463512e-01
1.883900e+04 1.905930e-01
1.884000e+04 1.852822e-01
1.884100e+04 1.598486e-01
1.884200e+04 1.533481e-01
1.884300e+04 1.793170e-01
1.884400e+04 1.772989e-01
1.884500e+04 1.646832e-01
1.884600e+04 1.513389e-01
1.884700e+04 1.749575e-01
1.884800e+04 1.224882e-01
1.884900e+04 1.650932e-01
1.885000e+04 1.862530e-01
1.885100e+04 1.282167e-01
1.885200e+04 1.361097e-01
1.885300e+04 1.596218e-01
1.885400e+04 1.711827e-01
1.885500e+04 1.683570e-01
1.885600e+04 1.605877e-01
1.885700e+04 1.661143e-01
1.885800e+04 1.629860e-01
1.885900e+04 1.462148e-01
1.886000e+04 1.631153e-01
1.886100e+04 1.578463e-01
1.886200e+04 1.621437e-01
1.886300e+04 1.843809e-01
1.886400e+04 1.616567e-01
1.886500e+04 1.641135e-01
1.886600e+04 1.530341e-01
1.886700e+04 1.522105e-01
1.886800e+04 1.757811e-01
1.886900e+04 1.406724e-01
1.887000e+04 1.298824e-01
1.887100e+04 1.610089e-01
1.887200e+04 1.686998e-01
1.887300e+04 1.710936e-01
1.887400e+04 1.640145e-01
1.887500e+04 1.882008e-01
1.887600e+04 1.757621e-01
1.887700e+04 1.750140e-01
1.887800e+04 1.648331e-01
1.887900e+04 1.681906e-01
1.888000e+04 1.664571e-01
1.888100e+04 1.583810e-01
1.888200e+04 1.753004e-01
1.888300e+04 1.782311e-01
1.888400e+04 1.590610e-01
1.888500e+04 1.752580e-01
1.888600e+04 1.575744e-01
1.888700e+04 1.413954e-01
1.888800e+04 1.465201e-01
1.888900e+04 1.371949e-01
1.889000e+04 1.624007e-01
1.889100e+04 1.734782e-01
1.889200e+04 1.416681e-01
1.889300e+04 1.532929e-01
1.889400e+04 1.859590e-01
1.889500e+04 1.783222e-01
1.889600e+04 1.887236e-01
1.889700e+04 1.622909e-01
1.889800e+04 1.523623e-01
1.889900e+04 1.568293e-01
1.890000e+04 1.748326e-01
1.890100e+04 1.832486e-01
1.890200e+04 1.615288e-01
1.890300e+04 1.565803e-01
1.890400e+04 1.655699e-01
1.890500e+04 1.638210e-01
1.890600e+04 1.671481e-01
1.890700e+04 1.511597e-01
1.890800e+04 1.832043e-01
1.890900e+04 1.441698e-01
1.891000e+04 1.805675e-01
1.891100e+04 1.526294e-01
1.891200e+04 1.744131e-01
1.891300e+04 1.537154e-01
1.891400e+04 1.744302e-01
1.891500e+04 1.421552e-01
1.891600e+04 1.474523e-01
1.891700e+04 1.475342e-01
1.891800e+04 1.657080e-01
1.891900e+04 1.395309e-01
1.892000e+04 1.583670e-01
1.892100e+04 1.421789e-01
1.892200e+04 1.220617e-01
1.892300e+04 1.463283e-01
1.892400e+04 1.429817e-01
1.892500e+04 1.611251e-01
1.892600e+04 1.666464e-01
1.892700e+04 1.615865e-01
1.892800e+04 1.503562e-01
1.892900e+04 1.387148e-01
1.893000e+04 1.559772e-01
1.893100e+04 1.506808e-01
1.893200e+04 1.502165e-01
1.893300e+04 1.631730e-01
1.893400e+04 1.485126e-01
1.893500e+04 1.592541e-01
1.893600e+04 1.814767e-01
1.893700e+04 1.536410e-01
1.893800e+04 1.644797e-01
1.893900e+04 1.584271e-01
1.894000e+04 1.634922e-01
1.894100e+04 1.747822e-01
1.894200e+04 1.425978e-01
1.894300e+04 1.573682e-01
1.894400e+04 1.456670e-01
1.894500e+04 1.705614e-01
1.894600e+04 1.690290e-01
1.894700e+04 1.480449e-01
1.894800e+04 1.477566e-01
1.894900e+04 1.468368e-01
1.895000e+04 1.593057e-01
1.895100e+04 1.347719e-01
1.895200e+04 1.729654e-01
1.895300e+04 1.845890e-01
1.895400e+04 1.695927e-01
1.895500e+04 1.891526e-01
1.895600e+04 1.702736e-01
1.895700e+04 1.635825e-01
1.895800e+04 1.845116e-01
1.895900e+04 1.643774e-01
1.896000e+04 1.585154e-01
1.896100e+04 1.610706e-01
1.896200e+04 1.343427e-01
1.896300e+04 1.453144e-01
1.896400e+04 1.484891e-01
1.896500e+04 1.683326e-01
1.896600e+04 1.687661e-01
1.896700e+04 1.813347e-01
1.896800e+04 1.467567e-01
1.896900e+04 1.812919e-01
1.897000e+04 1.770908e-01
1.897100e+04 1.686275e-01
1.897200e+04 1.851413e-01
1.897300e+04 1.623204e-01
1.897400e+04 1.560524e-01
1.897500e+04 1.584672e-01
1.897600e+04 1.565178e-01
1.897700e+04 1.640768e-01
1.897800e+04 1.769814e-01
1.897900e+04 1.400106e-01
1.898000e+04 1.692637e-01
1.898100e+04 1.494116e-01
1.898200e+04 1.364852e-01
1.898300e+04 1.442379e-01
1.898400e+04 1.696597e-01
1.898500e+04 1.538115e-01
1.898600e+04 1.578827e-01
1.898700e+04 1.496369e-01
1.898800e+04 1.736263e-01
1.898900e+04 1.482956e-01
1.899000e+04 1.512008e-01
1.899100e+04 1.839036e-01
1.899200e+04 1.703036e-01
1.899300e+04 1.672300e-01
1.899400e+04 1.573534e-01
1.899500e+04 1.696064e-01
1.899600e+04 1.712189e-01
1.899700e+04 1.352661e-01
1.899800e+04 1.698063e-01
1.899900e+04 1.807886e-01
1.900000e+04 1.627591e-01
1.900100e+04 1.830095e-01
1.900200e+04 1.783364e-01
1.900300e+04 1.824529e-01
1.900400e+04 1.328692e-01
1.900500e+04 1.628982e-01
1.900600e+04 1.525461e-01
1.900700e+04 1.724518e-01
1.900800e+04 1.779216e-01
1.900900e+04 1.856960e-01
1.901000e+04 1.778923e-01
1.901100e+04 1.472270e-01
1.901200e+04 1.357053e-01
1.901300e+04 1.807703e-01
1.901400e+04 1.407110e-01
1.901500e+04 1.443047e-01
1.901600e+04 1.488493e-01
1.901700e+04 1.809823e-01
1.901800e+04 1.726638e-01
1.901900e+04 1.747904e-01
1.902000e+04 1.636288e-01
1.902100e+04 1.691259e-01
1.902200e+04 1.831484e-01
1.902300e+04 1.571799e-01
1.902400e+04 1.853057e-01
1.902500e+04 1.696042e-01
1.902600e+04 1.696035e-01
1.902700e+04 1.710020e-01
1.902800e+04 1.543144e-01
1.902900e+04 1.349020e-01
1.903000e+04 1.261394e-01
1.903100e+04 1.601613e-01
1.903200e+04 1.796234e-01
1.903300e+04 1.421846e-01
1.903400e+04 1.621625e-01
1.903500e+04 1.794758e-01
1.903600e+04 1.704225e-01
1.903700e+04 1.489672e-01
1.903800e+04 1.599984e-01
1.903900e+04 1.542361e-01
1.904000e+04 1.503099e-01
1.904100e+04 1.601839e-01
1.904200e+04 1.644792e-01
1.904300e+04 1.572618e-01
1.904400e+04 1.859269e-01
1.904500e+04 1.649227e-01
1.904600e+04 1.610336e-01
1.904700e+04 1.462524e-01
1.904800e+04 1.768348e-01
1.904900e+04 1.698599e-01
1.905000e+04 1.707979e-01
1.905100e+04 1.603402e-01
1.905200e+04 1.539395e-01
1.905300e+04 1.590122e-01
1.905400e+04 1.345245e-01
1.905500e+04 1.732774e-01
1.905600e+04 1.724936e-01
1.905700e+04 1.656790e-01
1.905800e+04 1.709336e-01
1.905900e+04 1.357658e-01
1.906000e+04 1.701222e-01
1.906100e+04 1.356231e-01
1.906200e+04 1.253722e-01
1.906300e+04 1.679151e-01
1.906400e+04 1.713181e-01
1.906500e+04 1.698500e-01
1.906600e+04 1.806352e-01
1.906700e+04 1.195456e-01
1.906800e+04 1.737896e-01
1.906900e+04 1.564863e-01
1.907000e+04 1.341528e-01
1.907100e+04 1.551683e-01
1.907200e+04 1.712898e-01
1.907300e+04 1.813519e-01
1.907400e+04 1.396991e-01
1.907500e+04 1.730862e-01
1.907600e+04 1.619476e-01
1.907700e+04 1.626408e-01
1.907800e+04 1.671852e-01
1.907900e+04 1.497864e-01
1.908000e+04 1.615379e-01
1.908100e+04 1.744587e-01
1.908200e+04 1.870477e-01
1.908300e+04 1.649101e-01
1.908400e+04 1.678251e-01
1.908500e+04 1.576382e-01
1.908600e+04 1.515958e-01
1.908700e+04 1.805148e-01
1.908800e+04 1.558309e-01
1.908900e+04 1.627834e-01
1.909000e+04 1.639040e-01
1.909100e+04 1.594724e-01
1.909200e+04 1.670543e-01
1.909300e+04 1.540521e-01
1.909400e+04 1.616119e-01
1.909500e+04 1.491971e-01
1.909600e+04 1.607832e-01
1.909700e+04 1.493178e-01
1.909800e+04 1.810739e-01
1.909900e+04 1.647310e-01
1.910000e+04 1.691001e-01
1.910100e+04 1.632194e-01
1.910200e+04 1.641520e-01
1.910300e+04 1.368701e-01
1.910400e+04 1.757404e-01
1.910500e+04 1.615040e-01
1.910600e+04 1.566773e-01
1.910700e+04 1.548922e-01
1.910800e+04 1.532828e-01
1.910900e+04 1.540464e-01
1.911000e+04 1.516632e-01
1.911100e+04 1.250635e-01
1.911200e+04 1.424714e-01
1.911300e+04 1.595754e-01
1.911400e+04 1.408662e-01
1.911500e+04 1.582630e-01
1.911600e+04 1.381388e-01
1.911700e+04 1.352290e-01
1.911800e+04 1.662566e-01
1.911900e+04 1.630714e-01
1.912000e+04 1.531892e-01
1.912100e+04 1.384865e-01
1.912200e+04 1.725762e-01
1.912300e+04 1.848708e-01
1.912400e+04 1.747512e-01
1.912500e+04 1.656405e-01
1.912600e+04 1.612327e-01
1.912700e+04 1.523180e-01
1.912800e+04 1.552228e-01
1.912900e+04 1.729582e-01
1.913000e+04 1.818754e-01
1.913100e+04 1.699648e-01
1.913200e+04 1.600152e-01
1.913300e+04 1.686884e-01
1.913400e+04 1.584342e-01
1.913500e+04 1.827578e-01
1.913600e+04 1.519630e-01
1.913700e+04 1.356421e-01
1.913800e+04 1.637590e-01
1.913900e+04 1.837402e-01
1.914000e+04 1.818358e-01
1.914100e+04 1.831591e-01
1.914200e+04 1.710293e-01
1.914300e+04 1.627688e-01
1.914400e+04 1.425484e-01
1.914500e+04 1.523049e-01
1.914600e+04 1.789543e-01
1.914700e+04 1.618278e-01
1.914800e+04 1.696676e-01
1.914900e+04 1.559403e-01
1.915000e+04 1.753094e-01
1.915100e+04 1.630018e-01
1.915200e+04 1.748577e-01
1.915300e+04 1.720843e-01
1.915400e+04 1.624841e-01
1.915500e+04 1.775347e-01
1.915600e+04 1.634862e-01
1.915700e+04 1.606874e-01
1.915800e+04 1.738008e-01
1.915900e+04 1.364549e-01
1.916000e+04 1.436873e-01
1.916100e+04 1.513075e-01
1.916200e+04 1.494275e-01
1.916300e+04 1.587776e-01
1.916400e+04 1.522169e-01
1.916500e+04 1.371098e-01
1.916600e+04 1.412810e-01
1.916700e+04 1.621652e-01
1.916800e+04 1.558125e-01
1.916900e+04 1.566898e-01
1.917000e+04 1.590561e-01
1.917100e+04 1.502266e-01
1.917200e+04 1.517705e-01
1.917300e+04 1.743958e-01
1.917400e+04 1.569031e-01
1.917500e+04 1.503923e-01
1.917600e+04 1.648268e-01
1.917700e+04 1.647475e-01
1.917800e+04 1.627792e-01
1.917900e+04 1.592170e-01
1.918000e+04 1.615553e-01
1.918100e+04 1.567134e-01
1.918200e+04 1.476014e-01
1.918300e+04 1.539797e-01
1.918400e+04 1.648745e-01
1.918500e+04 1.533040e-01
1.918600e+04 1.513646e-01
1.918700e+04 1.713157e-01
1.918800e+04 1.678557e-01
1.918900e+04 1.715882e-01
1.919000e+04 1.600138e-01
1.919100e+04 1.662859e-01
1.919200e+04 1.715615e-01
1.919300e+04 1.594361e-01
1.919400e+04 1.689149e-01
1.919500e+04 1.754182e-01
1.919600e+04 1.722659e-01
1.919700e+04 1.343232e-01
1.919800e+04 1.334151e-01
1.919900e+04 1.659111e-01
1.920000e+04 1.534066e-01
1.920100e+04 1.663455e-01
1.920200e+04 1.720177e-01
1.920300e+04 1.611384e-01
1.920400e+04 1.779647e-01
1.920500e+04 1.699791e-01
1.920600e+04 1.573184e-01
1.920700e+04 1.102364e-01
1.920800e+04 1.594203e-01
1.920900e+04 1.555783e-01
1.921000e+04 1.368454e-01
1.921100e+04 1.549651e-01
1.921200e+04 1.591234e-01
1.921300e+04 1.701644e-01
1.921400e+04 1.687657e-01
1.921500e+04 1.633779e-01
1.921600e+04 1.512183e-01
1.921700e+04 1.727674e-01
1.921800e+04 1.632984e-01
1.921900e+04 1.493160e-01
1.922000e+04 1.698887e-01
1.922100e+04 1.625169e-01
1.922200e+04 1.444324e-01
1.922300e+04 1.558923e-01
1.922400e+04 1.519539e-01
1.922500e+04 1.626095e-01
1.922600e+04 1.734270e-01
1.922700e+04 1.675571e-01
1.922800e+04 1.656111e-01
1.922900e+04 1.178104e-01
1.923000e+04 1.422136e-01
1.923100e+04 1.846358e-01
1.923200e+04 1.767503e-01
1.923300e+04 1.591780e-01
1.923400e+04 1.600655e-01
1.923500e+04 1.618186e-01
1.923600e+04 1.647087e-01
1.923700e+04 1.383655e-01
1.923800e+04 1.542292e-01
1.923900e+04 1.580771e-01
1.924000e+04 1.402560e-01
1.924100e+04 1.756760e-01
1.924200e+04 1.194546e-01
1.924300e+04 1.603433e-01
1.924400e+04 1.540803e-01
1.924500e+04 1.643480e-01
1.924600e+04 1.671523e-01
1.924700e+04 1.762210e-01
1.924800e+04 1.621561e-01
1.924900e+04 1.264470e-01
1.925000e+04 1.482806e-01
1.925100e+04 1.670563e-01
1.925200e+04 1.804831e-01
1.925300e+04 1.585650e-01
1.925400e+04 1.636434e-01
1.925500e+04 1.465158e-01
1.925600e+04 1.477301e-01
1.925700e+04 1.564976e-01
1.925800e+04 1.504711e-01
1.925900e+04 1.768640e-01
1.926000e+04 1.452155e-01
1.926100e+04 1.566880e-01
1.926200e+04 1.696980e-01
1.926300e+04 1.532174e-01
1.926400e+04 1.580112e-01
1.926500e+04 1.415509e-01
1.926600e+04 1.587214e-01
1.926700e+04 1.606714e-01
1.926800e+04 1.158603e-01
1.926900e+04 1.440536e-01
1.927000e+04 1.566761e-01
1.927100e+04 1.386950e-01
1.927200e+04 1.598717e-01
1.927300e+04 1.657762e-01
1.927400e+04 1.684513e-01
1.927500e+04 1.669855e-01
1.927600e+04 1.623436e-01
1.927700e+04 1.655665e-01
1.927800e+04 1.684278e-01
1.927900e+04 1.700092e-01
1.928000e+04 1.776731e-01
1.928100e+04 1.726296e-01
1.928200e+04 1.663580e-01
1.928300e+04 1.573918e-01
1.928400e+04 1.757683e-01
1.928500e+04 1.502335e-01
1.928600e+04 1.441309e-01
1.928700e+04 1.275075e-01
1.928800e+04 1.701950e-01
1.928900e+04 1.698886e-01
1.929000e+04 1.658808e-01
1.929100e+04 1.626797e-01
1.929200e+04 1.537029e-01
1.929300e+04 1.354073e-01
1.929400e+04 1.668948e-01
1.929500e+04 1.392549e-01
1.929600e+04 1.568982e-01
1.929700e+04 1.439611e-01
1.929800e+04 1.506301e-01
1.929900e+04 1.614672e-01
1.930000e+04 1.657108e-01
1.930100e+04 1.572861e-01
1.930200e+04 1.548239e-01
1.930300e+04 1.270751e-01
1.930400e+04 1.396532e-01
1.930500e+04 1.424198e-01
1.930600e+04 1.496489e-01
1.930700e+04 1.509906e-01
1.930800e+04 1.395472e-01
1.930900e+04 1.377414e-01
1.931000e+04 1.318608e-01
1.931100e+04 1.238136e-01
1.931200e+04 1.156205e-01
1.931300e+04 1.183831e-01
1.931400e+04 8.971815e-02
1.931500e+04 9.084346e-02
1.931600e+04 1.201862e-01
1.931700e+04 1.367392e-01
1.931800e+04 1.366074e-01
1.931900e+04 1.216292e-01
1.932000e+04 1.378118e-01
1.932100e+04 1.503076e-01
1.932200e+04 1.462204e-01
1.932300e+04 1.593274e-01
1.932400e+04 1.436019e-01
1.932500e+04 1.602319e-01
1.932600e+04 1.490428e-01
1.932700e+04 1.633402e-01
1.932800e+04 1.468625e-01
1.932900e+04 1.480102e-01
1.933000e+04 1.616738e-01
1.933100e+04 1.714289e-01
1.933200e+04 1.597602e-01
1.933300e+04 1.743939e-01
1.933400e+04 1.348530e-01
1.933500e+04 1.520455e-01
1.933600e+04 1.499592e-01
1.933700e+04 1.544964e-01
1.933800e+04 1.519370e-01
1.933900e+04 1.244388e-01
1.934000e+04 1.263755e-01
1.934100e+04 1.596656e-01
1.934200e+04 1.550526e-01
1.934300e+04 1.655379e-01
1.934400e+04 1.674095e-01
1.934500e+04 1.736226e-01
1.934600e+04 1.453674e-01
1.934700e+04 1.549097e-01
1.934800e+04 1.669503e-01
1.934900e+04 1.601793e-01
1.935000e+04 1.589973e-01
1.935100e+04 1.656364e-01
1.935200e+04 1.599487e-01
1.935300e+04 1.469225e-01
1.935400e+04 1.708023e-01
1.935500e+04 1.685219e-01
1.935600e+04 1.480794e-01
1.935700e+04 1.615691e-01
1.935800e+04 1.578773e-01
1.935900e+04 1.596689e-01
1.936000e+04 1.584811e-01
1.936100e+04 1.667067e-01
1.936200e+04 1.588492e-01
1.936300e+04 1.507627e-01
1.936400e+04 1.703665e-01
1.936500e+04 1.613779e-01
1.936600e+04 1.104713e-01
1.936700e+04 1.557090e-01
1.936800e+04 1.591897e-01
1.936900e+04 1.838617e-01
1.937000e+04 1.818802e-01
1.937100e+04 1.493841e-01
1.937200e+04 1.704219e-01
1.937300e+04 1.480427e-01
1.937400e+04 1.480096e-01
1.937500e+04 1.579052e-01
1.937600e+04 1.643714e-01
1.937700e+04 1.709350e-01
1.937800e+04 1.784356e-01
1.937900e+04 1.725985e-01
1.938000e+04 1.255956e-01
1.938100e+04 1.464424e-01
1.938200e+04 1.558567e-01
1.938300e+04 1.543828e-01
1.938400e+04 1.224233e-01
1.938500e+04 1.720363e-01
1.938600e+04 1.546206e-01
1.938700e+04 1.410762e-01
1.938800e+04 1.369528e-01
1.938900e+04 1.569043e-01
1.939000e+04 1.509114e-01
1.939100e+04 1.345873e-01
1.939200e+04 1.574183e-01
1.939300e+04 1.506623e-01
1.939400e+04 1.597666e-01
1.939500e+04 1.632518e-01
1.939600e+04 1.553526e-01
1.939700e+04 1.363435e-01
1.939800e+04 1.410564e-01
1.939900e+04 1.485596e-01
1.940000e+04 1.567117e-01
1.940100e+04 1.465566e-01
1.940200e+04 1.668805e-01
1.940300e+04 1.714160e-01
1.940400e+04 1.287750e-01
1.940500e+04 1.276320e-01
1.940600e+04 1.555035e-01
1.940700e+04 1.330782e-01
1.940800e+04 1.710590e-01
1.940900e+04 1.576900e-01
1.941000e+04 1.624530e-01
1.941100e+04 1.493986e-01
1.941200e+04 1.423405e-01
1.941300e+04 1.566647e-01
1.941400e+04 1.737426e-01
1.941500e+04 1.622209e-01
1.941600e+04 1.362056e-01
1.941700e+04 1.658597e-01
1.941800e+04 1.527838e-01
1.941900e+04 1.507167e-01
1.942000e+04 1.626471e-01
1.942100e+04 1.580004e-01
1.942200e+04 1.424150e-01
1.942300e+04 1.627406e-01
1.942400e+04 1.617587e-01
1.942500e+04 1.538651e-01
1.942600e+04 1.712073e-01
1.942700e+04 1.681787e-01
1.942800e+04 1.365910e-01
1.942900e+04 1.687429e-01
1.943000e+04 1.536607e-01
1.943100e+04 1.397742e-01
1.943200e+04 1.359945e-01
1.943300e+04 1.344701e-01
1.943400e+04 1.506200e-01
1.943500e+04 1.372531e-01
1.943600e+04 1.233912e-01
1.943700e+04 1.432164e-01
1.943800e+04 1.439337e-01
1.943900e+04 1.663218e-01
1.944000e+04 1.603162e-01
1.944100e+04 1.591833e-01
1.944200e+04 1.591696e-01
1.944300e+04 1.522069e-01
1.944400e+04 1.452880e-01
1.944500e+04 1.474582e-01
1.944600e+04 1.413598e-01
1.944700e+04 1.415504e-01
1.944800e+04 1.125892e-01
1.944900e+04 1.361257e-01
1.945000e+04 1.258024e-01
1.945100e+04 1.510515e-01
1.945200e+04 1.435605e-01
1.945300e+04 1.439190e-01
1.945400e+04 1.228345e-01
1.945500e+04 1.263759e-01
1.945600e+04 1.188304e-01
1.945700e+04 1.071541e-01
1.945800e+04 7.341120e-02
1.945900e+04 8.920356e-02
1.946000e+04 1.014291e-01
1.946100e+04 1.251701e-01
1.946200e+04 1.323802e-01
1.946300e+04 1.365591e-01
1.946400e+04 1.309200e-01
1.946500e+04 1.420547e-01
1.946600e+04 1.463456e-01
1.946700e+04 1.424465e-01
1.946800e+04 1.488685e-01
1.946900e+04 1.531709e-01
1.947000e+04 1.555461e-01
1.947100e+04 1.423641e-01
1.947200e+04 1.586865e-01
1.947300e+04 1.642739e-01
1.947400e+04 1.369011e-01
1.947500e+04 1.322841e-01
1.947600e+04 1.603461e-01
1.947700e+04 1.445495e-01
1.947800e+04 1.625243e-01
1.947900e+04 1.546493e-01
1.948000e+04 1.551401e-01
1.948100e+04 1.361338e-01
1.948200e+04 1.250970e-01
1.948300e+04 1.483614e-01
1.948400e+04 1.183251e-01
1.948500e+04 1.584077e-01
1.948600e+04 1.342849e-01
1.948700e+04 1.458338e-01
1.948800e+04 1.603198e-01
1.948900e+04 1.650751e-01
1.949000e+04 1.547473e-01
1.949100e+04 1.381506e-01
1.949200e+04 1.442668e-01
1.949300e+04 1.337596e-01
1.949400e+04 1.271140e-01
1.949500e+04 1.653556e-01
1.949600e+04 1.536213e-01
1.949700e+04 1.696290e-01
1.949800e+04 1.713663e-01
1.949900e+04 1.502399e-01
1.950000e+04 1.506916e-01
1.950100e+04 1.627204e-01
1.950200e+04 1.412454e-01
1.950300e+04 1.501778e-01
1.950400e+04 1.428038e-01
1.950500e+04 1.215843e-01
1.950600e+04 1.375236e-01
1.950700e+04 1.434806e-01
1.950800e+04 1.353477e-01
1.950900e+04 1.285382e-01
1.951000e+04 1.121578e-01
1.951100e+04 7.784679e-02
1.951200e+04 1.102436e-01
1.951300e+04 1.192233e-01
1.951400e+04 1.379134e-01
1.951500e+04 1.451393e-01
1.951600e+04 1.319702e-01
1.951700e+04 1.374219e-01
1.951800e+04 1.446000e-01
1.951900e+04 1.378116e-01
1.952000e+04 1.435006e-01
1.952100e+04 1.612474e-01
1.952200e+04 1.478553e-01
1.952300e+04 1.647623e-01
1.952400e+04 1.512820e-01
1.952500e+04 1.577499e-01
1.952600e+04 1.337464e-01
1.952700e+04 1.567958e-01
1.952800e+04 1.399430e-01
1.952900e+04 1.422617e-01
1.953000e+04 1.535647e-01
1.953100e+04 1.372432e-01
1.953200e+04 1.408809e-01
1.953300e+04 1.161843e-01
1.953400e+04 1.503498e-01
1.953500e+04 1.656503e-01
1.953600e+04 1.504576e-01
1.953700e+04 1.618768e-01
1.953800e+04 1.533701e-01
1.953900e+04 1.787156e-01
1.954000e+04 1.736069e-01
1.954100e+04 1.447755e-01
1.954200e+04 1.367298e-01
1.954300e+04 1.448203e-01
1.954400e+04 1.305562e-01
1.954500e+04 1.686764e-01
1.954600e+04 1.557391e-01
1.954700e+04 1.715584e-01
1.954800e+04 1.653742e-01
1.954900e+04 1.570371e-01
1.955000e+04 1.305825e-01
1.955100e+04 1.600067e-01
1.955200e+04 1.341342e-01
1.955300e+04 1.621717e-01
1.955400e+04 1.457071e-01
1.955500e+04 1.339804e-01
1.955600e+04 1.288519e-01
1.955700e+04 1.538079e-01
1.955800e+04 1.406018e-01
1.955900e+04 1.544849e-01
1.956000e+04 1.437778e-01
1.956100e+04 1.572274e-01
1.956200e+04 1.689664e-01
1.956300e+04 1.600324e-01
1.956400e+04 1.017842e-01
1.956500e+04 1.320067e-01
1.956600e+04 1.137455e-01
1.956700e+04 1.551904e-01
1.956800e+04 1.574866e-01
1.956900e+04 1.689765e-01
1.957000e+04 1.616070e-01
1.957100e+04 1.510250e-01
1.957200e+04 1.510090e-01
1.957300e+04 1.544079e-01
1.957400e+04 1.589650e-01
1.957500e+04 1.567869e-01
1.957600e+04 1.748945e-01
1.957700e+04 1.796600e-01
1.957800e+04 1.620349e-01
1.957900e+04 1.713341e-01
1.958000e+04 1.396847e-01
1.958100e+04 1.075628e-01
1.958200e+04 1.579703e-01
1.958300e+04 1.675737e-01
1.958400e+04 1.384656e-01
1.958500e+04 1.711677e-01
1.958600e+04 1.716821e-01
1.958700e+04 1.768209e-01
1.958800e+04 1.571795e-01
1.958900e+04 1.768588e-01
1.959000e+04 1.694162e-01
1.959100e+04 1.622915e-01
1.959200e+04 1.537620e-01
1.959300e+04 1.707343e-01
1.959400e+04 1.681557e-01
1.959500e+04 1.581264e-01
1.959600e+04 1.319239e-01
1.959700e+04 1.661452e-01
1.959800e+04 1.190575e-01
1.959900e+04 1.589932e-01
1.960000e+04 1.436854e-01
1.960100e+04 1.542060e-01
1.960200e+04 1.433849e-01
1.960300e+04 1.555723e-01
1.960400e+04 1.539325e-01
1.960500e+04 1.469677e-01
1.960600e+04 1.421196e-01
1.960700e+04 1.552992e-01
1.960800e+04 1.093386e-01
1.960900e+04 1.428808e-01
1.961000e+04 1.560881e-01
1.961100e+04 1.335731e-01
1.961200e+04 1.618895e-01
1.961300e+04 1.290070e-01
1.961400e+04 1.502665e-01
1.961500e+04 1.702580e-01
1.961600e+04 1.550719e-01
1.961700e+04 1.596803e-01
1.961800e+04 1.365474e-01
1.961900e+04 1.643467e-01
1.962000e+04 1.498832e-01
1.962100e+04 1.084208e-01
1.962200e+04 1.558731e-01
1.962300e+04 1.691244e-01
1.962400e+04 1.720838e-01
1.962500e+04 1.578237e-01
1.962600e+04 1.355250e-01
1.962700e+04 1.589139e-01
1.962800e+04 1.689263e-01
1.962900e+04 1.623436e-01
1.963000e+04 1.507300e-01
1.963100e+04 1.219737e-01
1.963200e+04 1.655651e-01
1.963300e+04 1.650230e-01
1.963400e+04 1.571261e-01
1.963500e+04 1.323196e-01
1.963600e+04 1.247434e-01
1.963700e+04 1.230674e-01
1.963800e+04 1.358607e-01
1.963900e+04 1.312003e-01
1.964000e+04 1.481021e-01
1.964100e+04 1.656136e-01
1.964200e+04 1.731142e-01
1.964300e+04 1.687338e-01
1.964400e+04 1.576477e-01
1.964500e+04 1.724745e-01
1.964600e+04 1.376015e-01
1.964700e+04 1.146685e-01
1.964800e+04 1.566594e-01
1.964900e+04 1.427611e-01
1.965000e+04 1.404249e-01
1.965100e+04 1.526004e-01
1.965200e+04 1.573184e-01
1.965300e+04 1.409601e-01
1.965400e+04 1.662951e-01
1.965500e+04 1.340701e-01
1.965600e+04 1.636214e-01
1.965700e+04 1.604006e-01
1.965800e+04 1.569812e-01
1.965900e+04 1.441647e-01
1.966000e+04 1.269516e-01
1.966100e+04 1.639985e-01
1.966200e+04 1.565945e-01
1.966300e+04 1.467434e-01
1.966400e+04 1.699350e-01
1.966500e+04 1.603208e-01
1.966600e+04 1.638608e-01
1.966700e+04 1.511141e-01
1.966800e+04 1.459599e-01
1.966900e+04 1.508503e-01
1.967000e+04 1.639143e-01
1.967100e+04 1.500805e-01
1.967200e+04 1.595792e-01
1.967300e+04 1.492691e-01
1.967400e+04 1.710278e-01
1.967500e+04 1.363816e-01
1.967600e+04 1.593071e-01
1.967700e+04 1.481682e-01
1.967800e+04 1.622025e-01
1.967900e+04 1.018805e-01
1.968000e+04 1.344463e-01
1.968100e+04 1.424650e-01
1.968200e+04 1.629506e-01
1.968300e+04 1.648461e-01
1.968400e+04 1.377483e-01
1.968500e+04 1.470084e-01
1.968600e+04 1.716935e-01
1.968700e+04 1.706624e-01
1.968800e+04 1.300475e-01
1.968900e+04 1.395422e-01
1.969000e+04 1.412235e-01
1.969100e+04 1.356869e-01
1.969200e+04 1.579360e-01
1.969300e+04 1.538705e-01
1.969400e+04 1.466774e-01
1.969500e+04 1.699476e-01
1.969600e+04 1.642668e-01
1.969700e+04 1.668219e-01
1.969800e+04 1.295420e-01
1.969900e+04 1.568462e-01
1.970000e+04 1.537023e-01
1.970100e+04 1.727220e-01
1.970200e+04 1.693172e-01
1.970300e+04 1.705769e-01
1.970400e+04 1.423158e-01
1.970500e+04 1.576699e-01
1.970600e+04 1.584666e-01
1.970700e+04 1.550172e-01
1.970800e+04 1.382528e-01
1.970900e+04 1.501570e-01
1.971000e+04 1.463687e-01
1.971100e+04 1.017094e-01
1.971200e+04 1.560307e-01
1.971300e+04 1.425101e-01
1.971400e+04 1.433970e-01
1.971500e+04 1.624083e-01
1.971600e+04 1.690826e-01
1.971700e+04 1.553700e-01
1.971800e+04 1.315179e-01
1.971900e+04 1.320204e-01
1.972000e+04 1.476824e-01
1.972100e+04 1.492470e-01
1.972200e+04 1.544567e-01
1.972300e+04 1.482721e-01
1.972400e+04 1.571705e-01
1.972500e+04 1.678250e-01
1.972600e+04 1.643668e-01
1.972700e+04 1.657995e-01
1.972800e+04 1.613994e-01
1.972900e+04 1.326003e-01
1.973000e+04 1.438465e-01
1.973100e+04 1.369451e-01
1.973200e+04 1.279175e-01
1.973300e+04 1.245220e-01
1.973400e+04 1.435890e-01
1.973500e+04 1.485956e-01
1.973600e+04 1.592968e-01
1.973700e+04 1.558351e-01
1.973800e+04 1.546837e-01
1.973900e+04 1.419015e-01
1.974000e+04 1.258069e-01
1.974100e+04 1.526753e-01
1.974200e+04 1.154456e-01
1.974300e+04 1.535184e-01
1.974400e+04 1.567384e-01
1.974500e+04 1.628178e-01
1.974600e+04 1.385592e-01
1.974700e+04 1.312330e-01
1.974800e+04 1.686025e-01
1.974900e+04 1.631162e-01
1.975000e+04 1.631419e-01
1.975100e+04 1.357690e-01
1.975200e+04 1.415948e-01
1.975300e+04 1.488601e-01
1.975400e+04 1.379514e-01
1.975500e+04 1.359892e-01
1.975600e+04 1.251234e-01
1.975700e+04 1.219990e-01
1.975800e+04 1.348379e-01
1.975900e+04 1.199464e-01
1.976000e+04 1.189489e-01
1.976100e+04 1.216447e-01
1.976200e+04 1.325630e-01
1.976300e+04 1.489586e-01
1.976400e+04 1.504529e-01
1.976500e+04 1.035597e-01
1.976600e+04 1.332443e-01
1.976700e+04 1.346896e-01
1.976800e+04 1.348113e-01
1.976900e+04 1.468975e-01
1.977000e+04 1.510275e-01
1.977100e+04 1.401860e-01
1.977200e+04 1.414990e-01
1.977300e+04 1.227373e-01
1.977400e+04 1.250004e-01
1.977500e+04 1.276291e-01
1.977600e+04 1.299825e-01
1.977700e+04 1.268087e-01
1.977800e+04 1.245673e-01
1.977900e+04 1.037679e-01
1.978000e+04 1.047041e-01
1.978100e+04 9.453123e-02
1.978200e+04 6.627388e-02
1.978300e+04 8.759484e-02
1.978400e+04 1.032932e-01
1.978500e+04 1.150607e-01
1.978600e+04 1.182927e-01
1.978700e+04 1.154443e-01
1.978800e+04 1.147039e-01
1.978900e+04 1.367579e-01
1.979000e+04 1.373125e-01
1.979100e+04 1.384645e-01
1.979200e+04 1.247573e-01
1.979300e+04 1.446467e-01
1.979400e+04 1.475800e-01
1.979500e+04 1.251589e-01
1.979600e+04 1.299082e-01
1.979700e+04 1.185059e-01
1.979800e+04 1.498250e-01
1.979900e+04 1.327983e-01
1.980000e+04 1.430133e-01
1.980100e+04 1.493814e-01
1.980200e+04 1.373023e-01
1.980300e+04 1.144201e-01
1.980400e+04 1.240302e-01
1.980500e+04 1.313238e-01
1.980600e+04 1.425658e-01
1.980700e+04 1.293681e-01
1.980800e+04 1.426782e-01
1.980900e+04 1.549001e-01
1.981000e+04 1.381413e-01
1.981100e+04 1.400124e-01
1.981200e+04 1.343199e-01
1.981300e+04 1.494932e-01
1.981400e+04 1.627987e-01
1.981500e+04 1.172207e-01
1.981600e+04 1.438913e-01
1.981700e+04 1.568572e-01
1.981800e+04 1.435747e-01
1.981900e+04 1.177036e-01
1.982000e+04 1.346513e-01
1.982100e+04 1.458353e-01
1.982200e+04 1.525371e-01
1.982300e+04 1.631278e-01
1.982400e+04 1.168576e-01
1.982500e+04 1.306545e-01
1.982600e+04 1.323169e-01
1.982700e+04 1.229631e-01
1.982800e+04 1.418903e-01
1.982900e+04 1.245046e-01
1.983000e+04 1.550139e-01
1.983100e+04 1.468715e-01
1.983200e+04 1.560866e-01
1.983300e+04 1.360632e-01
1.983400e+04 1.597716e-01
1.983500e+04 1.436547e-01
1.983600e+04 1.408640e-01
1.983700e+04 1.623471e-01
1.983800e+04 1.497882e-01
1.983900e+04 1.160810e-01
1.984000e+04 1.261560e-01
1.984100e+04 1.228391e-01
1.984200e+04 1.596922e-01
1.984300e+04 1.490173e-01
1.984400e+04 1.450561e-01
1.984500e+04 1.512355e-01
1.984600e+04 1.576072e-01
1.984700e+04 1.488290e-01
1.984800e+04 1.287887e-01
1.984900e+04 1.231378e-01
1.985000e+04 1.334591e-01
1.985100e+04 1.399569e-01
1.985200e+04 1.481724e-01
1.985300e+04 1.527295e-01
1.985400e+04 1.256795e-01
1.985500e+04 1.406421e-01
1.985600e+04 1.346954e-01
1.985700e+04 1.203715e-01
1.985800e+04 1.219400e-01
1.985900e+04 1.127886e-01
1.986000e+04 1.270491e-01
1.986100e+04 1.216188e-01
1.986200e+04 1.370064e-01
1.986300e+04 1.229122e-01
1.986400e+04 1.254258e-01
1.986500e+04 1.324866e-01
1.986600e+04 1.137530e-01
1.986700e+04 9.387338e-02
1.986800e+04 8.181258e-02
1.986900e+04 1.157143e-01
1.987000e+04 1.285775e-01
1.987100e+04 1.312681e-01
1.987200e+04 1.325718e-01
1.987300e+04 1.380821e-01
1.987400e+04 1.350368e-01
1.987500e+04 1.276964e-01
1.987600e+04 1.466368e-01
1.987700e+04 1.516148e-01
1.987800e+04 1.407615e-01
1.987900e+04 1.535064e-01
1.988000e+04 1.497689e-01
1.988100e+04 1.215203e-01
1.988200e+04 1.276158e-01
1.988300e+04 1.456443e-01
1.988400e+04 1.241013e-01
1.988500e+04 1.536610e-01
1.988600e+04 1.455701e-01
1.988700e+04 1.508552e-01
1.988800e+04 1.591084e-01
1.988900e+04 1.554413e-01
1.989000e+04 1.332699e-01
1.989100e+04 1.221177e-01
1.989200e+04 1.401930e-01
1.989300e+04 1.487577e-01
1.989400e+04 1.646851e-01
1.989500e+04 1.195225e-01
1.989600e+04 1.400428e-01
1.989700e+04 1.430087e-01
1.989800e+04 1.169753e-01
1.989900e+04 1.549137e-01
1.990000e+04 1.302824e-01
1.990100e+04 1.383188e-01
1.990200e+04 1.319788e-01
1.990300e+04 1.343107e-01
1.990400e+04 1.363174e-01
1.990500e+04 1.182794e-01
1.990600e+04 1.527578e-01
1.990700e+04 1.549821e-01
1.990800e+04 1.177331e-01
1.990900e+04 1.461004e-01
1.991000e+04 1.322527e-01
1.991100e+04 1.473308e-01
1.991200e+04 1.377626e-01
1.991300e+04 1.536430e-01
1.991400e+04 1.461209e-01
1.991500e+04 1.449394e-01
1.991600e+04 1.293054e-01
1.991700e+04 1.233066e-01
1.991800e+04 1.147522e-01
1.991900e+04 1.360407e-01
1.992000e+04 1.454248e-01
1.992100e+04 1.212507e-01
1.992200e+04 1.152396e-01
1.992300e+04 1.056880e-01
1.992400e+04 1.310734e-01
1.992500e+04 1.342986e-01
1.992600e+04 1.458636e-01
1.992700e+04 1.610771e-01
1.992800e+04 1.451752e-01
1.992900e+04 1.289191e-01
1.993000e+04 1.621629e-01
1.993100e+04 1.551521e-01
1.993200e+04 1.215589e-01
1.993300e+04 1.243457e-01
1.993400e+04 1.398697e-01
1.993500e+04 1.368595e-01
1.993600e+04 1.494650e-01
1.993700e+04 1.436384e-01
1.993800e+04 1.430488e-01
1.993900e+04 1.170461e-01
1.994000e+04 1.313537e-01
1.994100e+04 1.173092e-01
1.994200e+04 1.527652e-01
1.994300e+04 1.267252e-01
1.994400e+04 1.282421e-01
1.994500e+04 1.546350e-01
1.994600e+04 1.596888e-01
1.994700e+04 1.186808e-01
1.994800e+04 1.467001e-01
1.994900e+04 1.542144e-01
1.995000e+04 1.102272e-01
1.995100e+04 1.513995e-01
1.995200e+04 1.447999e-01
1.995300e+04 1.245835e-01
1.995400e+04 1.275079e-01
1.995500e+04 1.363374e-01
1.995600e+04 1.306648e-01
1.995700e+04 1.348788e-01
1.995800e+04 1.424831e-01
1.995900e+04 1.591765e-01
1.996000e+04 1.462190e-01
1.996100e+04 1.612925e-01
1.996200e+04 1.556009e-01
1.996300e+04 1.421838e-01
1.996400e+04 1.429760e-01
1.996500e+04 1.443335e-01
1.996600e+04 1.263142e-01
1.996700e+04 1.288473e-01
1.996800e+04 1.383344e-01
1.996900e+04 1.565775e-01
1.997000e+04 1.367172e-01
1.997100e+04 1.381084e-01
1.997200e+04 1.133253e-01
1.997300e+04 1.262047e-01
1.997400e+04 1.355417e-01
1.997500e+04 1.497046e-01
1.997600e+04 1.213132e-01
1.997700e+04 1.104362e-01
1.997800e+04 1.252268e-01
1.997900e+04 1.311913e-01
1.998000e+04 1.309852e-01
1.998100e+04 1.620576e-01
1.998200e+04 1.458802e-01
1.998300e+04 1.364495e-01
1.998400e+04 1.467617e-01
1.998500e+04 1.368371e-01
1.998600e+04 1.263437e-01
1.998700e+04 1.470391e-01
1.998800e+04 1.540665e-01
1.998900e+04 1.484280e-01
1.999000e+04 1.568663e-01
1.999100e+04 1.423462e-01
1.999200e+04 1.401433e-01
1.999300e+04 1.380733e-01
1.999400e+04 1.408015e-01
1.999500e+04 1.356208e-01
1.999600e+04 1.214646e-01
1.999700e+04 1.574582e-01
1.999800e+04 1.576336e-01
1.999900e+04 1.260617e-01
2.000000e+04 9.959938e-02
2.000100e+04 1.008634e-01
2.000200e+04 1.484481e-01
2.000300e+04 1.524029e-01
2.000400e+04 1.435804e-01
2.000500e+04 1.463903e-01
2.000600e+04 1.343885e-01
2.000700e+04 1.649071e-01
2.000800e+04 1.400027e-01
2.000900e+04 1.386279e-01
2.001000e+04 1.168404e-01
2.001100e+04 1.401916e-01
2.001200e+04 1.397880e-01
2.001300e+04 1.399782e-01
2.001400e+04 1.544920e-01
2.001500e+04 1.422299e-01
2.001600e+04 1.356655e-01
2.001700e+04 1.465108e-01
2.001800e+04 1.643504e-01
2.001900e+04 1.154152e-01
2.002000e+04 1.460227e-01
2.002100e+04 1.540742e-01
2.002200e+04 1.311575e-01
2.002300e+04 1.200648e-01
2.002400e+04 1.252388e-01
2.002500e+04 1.245147e-01
2.002600e+04 1.525400e-01
2.002700e+04 1.408117e-01
2.002800e+04 1.533675e-01
2.002900e+04 1.600530e-01
2.003000e+04 1.401250e-01
2.003100e+04 1.617616e-01
2.003200e+04 1.514961e-01
2.003300e+04 1.403629e-01
2.003400e+04 1.063514e-01
2.003500e+04 1.536980e-01
2.003600e+04 1.543635e-01
2.003700e+04 1.439340e-01
2.003800e+04 1.512320e-01
2.003900e+04 1.369069e-01
2.004000e+04 1.334381e-01
2.004100e+04 1.409300e-01
2.004200e+04 1.381997e-01
2.004300e+04 1.174501e-01
2.004400e+04 1.376552e-01
2.004500e+04 1.572978e-01
2.004600e+04 1.590666e-01
2.004700e+04 1.275995e-01
2.004800e+04 1.337573e-01
2.004900e+04 1.452078e-01
2.005000e+04 1.312345e-01
2.005100e+04 1.332134e-01
2.005200e+04 1.400131e-01
2.005300e+04 1.511377e-01
2.005400e+04 1.403245e-01
2.005500e+04 1.549433e-01
2.005600e+04 1.309794e-01
2.005700e+04 1.444682e-01
2.005800e+04 1.283751e-01
2.005900e+04 1.335901e-01
2.006000e+04 1.569752e-01
2.006100e+04 1.617471e-01
2.006200e+04 1.512755e-01
2.006300e+04 1.166415e-01
2.006400e+04 1.124428e-01
2.006500e+04 1.550325e-01
2.006600e+04 1.264587e-01
2.006700e+04 1.539461e-01
2.006800e+04 1.207187e-01
2.006900e+04 1.532096e-01
2.007000e+04 1.442210e-01
2.007100e+04 1.247698e-01
2.007200e+04 1.357952e-01
2.007300e+04 1.266890e-01
2.007400e+04 1.456111e-01
2.007500e+04 1.445735e-01
2.007600e+04 1.638385e-01
2.007700e+04 1.290260e-01
2.007800e+04 1.627560e-01
2.007900e+04 1.351925e-01
2.008000e+04 1.494702e-01
2.008100e+04 1.517177e-01
2.008200e+04 1.469393e-01
2.008300e+04 1.504153e-01
2.008400e+04 1.649273e-01
2.008500e+04 1.273043e-01
2.008600e+04 1.208418e-01
2.008700e+04 1.048558e-01
2.008800e+04 1.199967e-01
2.008900e+04 1.400911e-01
2.009000e+04 1.416456e-01
2.009100e+04 1.410307e-01
2.009200e+04 1.584703e-01
2.009300e+04 1.144944e-01
2.009400e+04 1.095331e-01
2.009500e+04 1.570886e-01
2.009600e+04 1.458845e-01
2.009700e+04 1.223644e-01
2.009800e+04 1.375847e-01
2.009900e+04 1.362130e-01
2.010000e+04 1.532457e-01
2.010100e+04 1.490468e-01
2.010200e+04 1.387212e-01
2.010300e+04 1.052774e-01
2.010400e+04 1.510999e-01
2.010500e+04 1.549377e-01
2.010600e+04 1.365842e-01
2.010700e+04 1.266071e-01
2.010800e+04 1.052068e-01
2.010900e+04 1.216207e-01
2.011000e+04 1.459944e-01
2.011100e+04 1.565229e-01
2.011200e+04 1.299417e-01
2.011300e+04 1.266656e-01
2.011400e+04 1.288835e-01
2.011500e+04 1.277239e-01
2.011600e+04 1.554310e-01
2.011700e+04 1.433235e-01
2.011800e+04 1.282341e-01
2.011900e+04 1.461398e-01
2.012000e+04 1.422732e-01
2.012100e+04 1.655001e-01
2.012200e+04 1.364434e-01
2.012300e+04 1.128966e-01
2.012400e+04 1.291129e-01
2.012500e+04 1.357490e-01
2.012600e+04 1.295725e-01
2.012700e+04 1.344657e-01
2.012800e+04 1.406296e-01
2.012900e+04 1.590361e-01
2.013000e+04 1.375128e-01
2.013100e+04 1.362793e-01
2.013200e+04 1.571118e-01
2.013300e+04 1.097507e-01
2.013400e+04 1.504711e-01
2.013500e+04 1.314562e-01
2.013600e+04 1.599499e-01
2.013700e+04 1.259112e-01
2.013800e+04 1.034946e-01
2.013900e+04 1.365016e-01
2.014000e+04 1.162854e-01
2.014100e+04 1.499419e-01
2.014200e+04 1.554854e-01
2.014300e+04 1.643224e-01
2.014400e+04 1.328002e-01
2.014500e+04 1.333280e-01
2.014600e+04 1.113269e-01
2.014700e+04 1.581480e-01
2.014800e+04 1.455708e-01
2.014900e+04 1.537092e-01
2.015000e+04 1.497976e-01
2.015100e+04 1.467140e-01
2.015200e+04 1.587815e-01
2.015300e+04 1.177466e-01
2.015400e+04 1.285841e-01
2.015500e+04 1.248825e-01
2.015600e+04 1.198980e-01
2.015700e+04 1.528287e-01
2.015800e+04 1.369917e-01
2.015900e+04 1.504560e-01
2.016000e+04 1.432720e-01
2.016100e+04 1.158046e-01
2.016200e+04 1.211412e-01
2.016300e+04 1.291209e-01
2.016400e+04 1.526177e-01
2.016500e+04 1.437029e-01
2.016600e+04 1.071163e-01
2.016700e+04 1.287455e-01
2.016800e+04 1.449287e-01
2.016900e+04 1.566114e-01
2.017000e+04 1.473305e-01
2.017100e+04 1.125318e-01
2.017200e+04 1.171742e-01
2.017300e+04 1.260728e-01
2.017400e+04 1.529767e-01
2.017500e+04 1.387234e-01
2.017600e+04 1.503208e-01
2.017700e+04 1.471479e-01
2.017800e+04 1.549696e-01
2.017900e+04 1.264873e-01
2.018000e+04 1.220248e-01
2.018100e+04 1.423633e-01
2.018200e+04 1.483906e-01
2.018300e+04 1.489536e-01
2.018400e+04 1.256109e-01
2.018500e+04 1.363308e-01
2.018600e+04 1.436680e-01
2.018700e+04 1.422049e-01
2.018800e+04 1.184774e-01
2.018900e+04 1.367945e-01
2.019000e+04 1.292970e-01
2.019100e+04 1.433193e-01
2.019200e+04 1.534531e-01
2.019300e+04 1.392741e-01
2.019400e+04 1.202409e-01
2.019500e+04 1.460606e-01
2.019600e+04 1.251996e-01
2.019700e+04 1.018587e-01
2.019800e+04 1.200238e-01
2.019900e+04 1.226885e-01
2.020000e+04 1.135891e-01
2.020100e+04 1.494312e-01
2.020200e+04 1.293042e-01
2.020300e+04 1.196407e-01
2.020400e+04 1.273612e-01
2.020500e+04 1.229895e-01
2.020600e+04 1.174975e-01
2.020700e+04 1.298174e-01
2.020800e+04 1.476981e-01
2.020900e+04 1.539654e-01
2.021000e+04 1.416277e-01
2.021100e+04 1.424287e-01
2.021200e+04 1.609939e-01
2.021300e+04 1.495219e-01
2.021400e+04 1.486719e-01
2.021500e+04 1.473796e-01
2.021600e+04 1.336384e-01
2.021700e+04 1.466280e-01
2.021800e+04 1.427147e-01
2.021900e+04 1.332836e-01
2.022000e+04 1.310186e-01
2.022100e+04 1.359543e-01
2.022200e+04 1.447530e-01
2.022300e+04 1.463054e-01
2.022400e+04 1.009480e-01
2.022500e+04 1.452072e-01
2.022600e+04 1.562879e-01
2.022700e+04 1.334265e-01
2.022800e+04 1.282378e-01
2.022900e+04 1.270116e-01
2.023000e+04 1.426348e-01
2.023100e+04 1.472681e-01
2.023200e+04 1.366123e-01
2.023300e+04 1.326719e-01
2.023400e+04 1.299650e-01
2.023500e+04 1.256813e-01
2.023600e+04 1.585693e-01
2.023700e+04 1.283720e-01
2.023800e+04 1.495825e-01
2.023900e+04 1.313185e-01
2.024000e+04 1.545702e-01
2.024100e+04 1.629791e-01
2.024200e+04 1.575838e-01
2.024300e+04 1.285598e-01
2.024400e+04 1.491815e-01
2.024500e+04 1.085062e-01
2.024600e+04 1.391660e-01
2.024700e+04 1.355927e-01
2.024800e+04 1.473416e-01
2.024900e+04 1.419042e-01
2.025000e+04 1.259343e-01
2.025100e+04 1.477586e-01
2.025200e+04 1.486267e-01
2.025300e+04 1.456786e-01
2.025400e+04 1.291349e-01
2.025500e+04 1.373202e-01
2.025600e+04 1.185829e-01
2.025700e+04 1.258307e-01
2.025800e+04 1.426875e-01
2.025900e+04 1.206676e-01
2.026000e+04 1.316148e-01
2.026100e+04 1.084002e-01
2.026200e+04 1.449644e-01
2.026300e+04 1.430574e-01
2.026400e+04 1.269295e-01
2.026500e+04 1.330228e-01
2.026600e+04 1.431727e-01
2.026700e+04 1.270817e-01
2.026800e+04 1.230188e-01
2.026900e+04 1.396308e-01
2.027000e+04 1.176566e-01
2.027100e+04 1.157560e-01
2.027200e+04 1.334528e-01
2.027300e+04 1.547279e-01
2.027400e+04 1.417440e-01
2.027500e+04 1.308970e-01
2.027600e+04 1.347526e-01
2.027700e+04 1.461580e-01
2.027800e+04 1.275710e-01
2.027900e+04 1.185273e-01
2.028000e+04 1.058090e-01
2.028100e+04 1.435689e-01
2.028200e+04 1.320557e-01
2.028300e+04 1.483208e-01
2.028400e+04 1.616466e-01
2.028500e+04 1.460406e-01
2.028600e+04 1.375718e-01
2.028700e+04 1.240930e-01
2.028800e+04 1.190126e-01
2.028900e+04 1.386352e-01
2.029000e+04 1.418625e-01
2.029100e+04 1.074265e-01
2.029200e+04 1.054918e-01
2.029300e+04 1.343943e-01
2.029400e+04 9.494755e-02
2.029500e+04 1.316949e-01
2.029600e+04 1.603369e-01
2.029700e+04 1.535126e-01
2.029800e+04 1.297422e-01
2.029900e+04 1.488093e-01
2.030000e+04 1.427918e-01
2.030100e+04 1.421392e-01
2.030200e+04 1.296372e-01
2.030300e+04 1.530622e-01
2.030400e+04 1.260354e-01
2.030500e+04 1.501679e-01
2.030600e+04 1.118687e-01
2.030700e+04 1.475436e-01
2.030800e+04 1.236775e-01
2.030900e+04 1.028425e-01
2.031000e+04 1.455936e-01
2.031100e+04 1.167690e-01
2.031200e+04 1.086769e-01
2.031300e+04 1.327442e-01
2.031400e+04 1.418194e-01
2.031500e+04 1.541344e-01
2.031600e+04 1.577771e-01
2.031700e+04 1.407797e-01
2.031800e+04 1.543642e-01
2.031900e+04 1.253375e-01
2.032000e+04 1.367110e-01
2.032100e+04 1.503753e-01
2.032200e+04 1.521342e-01
2.032300e+04 1.550692e-01
2.032400e+04 1.183124e-01
2.032500e+04 1.463968e-01
2.032600e+04 1.455159e-01
2.032700e+04 1.392437e-01
2.032800e+04 1.334252e-01
2.032900e+04 1.270036e-01
2.033000e+04 1.433697e-01
2.033100e+04 1.365736e-01
2.033200e+04 1.337785e-01
2.033300e+04 1.380854e-01
2.033400e+04 1.320100e-01
2.033500e+04 1.427494e-01
2.033600e+04 1.417000e-01
2.033700e+04 1.261735e-01
2.033800e+04 1.410209e-01
2.033900e+04 1.372149e-01
2.034000e+04 1.308277e-01
2.034100e+04 1.436937e-01
2.034200e+04 1.249252e-01
2.034300e+04 1.332852e-01
2.034400e+04 1.436352e-01
2.034500e+04 1.466951e-01
2.034600e+04 1.568275e-01
2.034700e+04 1.069657e-01
2.034800e+04 1.216842e-01
2.034900e+04 1.417136e-01
2.035000e+04 1.386110e-01
2.035100e+04 1.350702e-01
2.035200e+04 1.488833e-01
2.035300e+04 1.197150e-01
2.035400e+04 1.535604e-01
2.035500e+04 1.309261e-01
2.035600e+04 1.103673e-01
2.035700e+04 1.221972e-01
2.035800e+04 9.378939e-02
2.035900e+04 1.213077e-01
2.036000e+04 1.452670e-01
2.036100e+04 1.459292e-01
2.036200e+04 1.236129e-01
2.036300e+04 1.288180e-01
2.036400e+04 1.135069e-01
2.036500e+04 1.360085e-01
2.036600e+04 1.382194e-01
2.036700e+04 1.551981e-01
2.036800e+04 1.607477e-01
2.036900e+04 1.338875e-01
2.037000e+04 1.326792e-01
2.037100e+04 1.363158e-01
2.037200e+04 1.505589e-01
2.037300e+04 1.248204e-01
2.037400e+04 1.279127e-01
2.037500e+04 1.416237e-01
2.037600e+04 1.261775e-01
2.037700e+04 1.527734e-01
2.037800e+04 1.305962e-01
2.037900e+04 1.468707e-01
2.038000e+04 1.464864e-01
2.038100e+04 1.559155e-01
2.038200e+04 1.460288e-01
2.038300e+04 1.007613e-01
2.038400e+04 1.317267e-01
2.038500e+04 1.434796e-01
2.038600e+04 1.361308e-01
2.038700e+04 1.061733e-01
2.038800e+04 1.330574e-01
2.038900e+04 1.521556e-01
2.039000e+04 1.521730e-01
2.039100e+04 1.236529e-01
2.039200e+04 1.234776e-01
2.039300e+04 1.427482e-01
2.039400e+04 1.197169e-01
2.039500e+04 1.002329e-01
2.039600e+04 1.378458e-01
2.039700e+04 1.309019e-01
2.039800e+04 1.403678e-01
2.039900e+04 1.363668e-01
2.040000e+04 1.321565e-01
2.040100e+04 1.495555e-01
2.040200e+04 1.394693e-01
2.040300e+04 1.378665e-01
2.040400e+04 1.210536e-01
2.040500e+04 1.252257e-01
2.040600e+04 1.340920e-01
2.040700e+04 1.292560e-01
2.040800e+04 1.340263e-01
2.040900e+04 1.480178e-01
2.041000e+04 1.271380e-01
2.041100e+04 1.389600e-01
2.041200e+04 1.290151e-01
2.041300e+04 1.267548e-01
2.041400e+04 1.025642e-01
2.041500e+04 1.200948e-01
2.041600e+04 1.479715e-01
2.041700e+04 1.512369e-01
2.041800e+04 1.501693e-01
2.041900e+04 1.386917e-01
2.042000e+04 1.278633e-01
2.042100e+04 1.328811e-01
2.042200e+04 1.336443e-01
2.042300e+04 1.232475e-01
2.042400e+04 1.472311e-01
2.042500e+04 1.286510e-01
2.042600e+04 1.370239e-01
2.042700e+04 1.551373e-01
2.042800e+04 1.412780e-01
2.042900e+04 1.479277e-01
2.043000e+04 1.523946e-01
2.043100e+04 1.451415e-01
2.043200e+04 1.544141e-01
2.043300e+04 1.461261e-01
2.043400e+04 1.318208e-01
2.043500e+04 1.270005e-01
2.043600e+04 1.076659e-01
2.043700e+04 1.237081e-01
2.043800e+04 1.429123e-01
2.043900e+04 1.289859e-01
2.044000e+04 1.155420e-01
2.044100e+04 1.304882e-01
2.044200e+04 1.261115e-01
2.044300e+04 1.507105e-01
2.044400e+04 1.200286e-01
2.044500e+04 1.093984e-01
2.044600e+04 1.282949e-01
2.044700e+04 1.296784e-01
2.044800e+04 1.236773e-01
2.044900e+04 1.437447e-01
2.045000e+04 1.086518e-01
2.045100e+04 1.117851e-01
2.045200e+04 1.466884e-01
2.045300e+04 1.084314e-01
2.045400e+04 1.326213e-01
2.045500e+04 1.314070e-01
2.045600e+04 1.540167e-01
2.045700e+04 1.146864e-01
2.045800e+04 1.244290e-01
2.045900e+04 1.334175e-01
2.046000e+04 1.376558e-01
2.046100e+04 1.129674e-01
2.046200e+04 1.447502e-01
2.046300e+04 1.283845e-01
2.046400e+04 1.273266e-01
2.046500e+04 1.551120e-01
2.046600e+04 1.512648e-01
2.046700e+04 1.426254e-01
2.046800e+04 1.402252e-01
2.046900e+04 1.343139e-01
2.047000e+04 1.176481e-01
2.047100e+04 1.318921e-01
2.047200e+04 1.170969e-01
2.047300e+04 1.464513e-01
2.047400e+04 1.264971e-01
2.047500e+04 1.398147e-01
2.047600e+04 1.496618e-01
2.047700e+04 1.303928e-01
2.047800e+04 1.367944e-01
2.047900e+04 1.428148e-01
2.048000e+04 1.566238e-01
2.048100e+04 1.416271e-01
2.048200e+04 1.265706e-01
2.048300e+04 1.389152e-01
2.048400e+04 1.055926e-01
2.048500e+04 1.478981e-01
2.048600e+04 1.329953e-01
2.048700e+04 1.356009e-01
2.048800e+04 1.263442e-01
2.048900e+04 1.156126e-01
2.049000e+04 1.326701e-01
2.049100e+04 1.104475e-01
2.049200e+04 1.252202e-01
2.049300e+04 1.400189e-01
2.049400e+04 1.159799e-01
2.049500e+04 1.170109e-01
2.049600e+04 1.492540e-01
2.049700e+04 1.388771e-01
2.049800e+04 1.223003e-01
2.049900e+04 1.039589e-01
2.050000e+04 1.212511e-01
2.050100e+04 1.261735e-01
2.050200e+04 1.366900e-01
2.050300e+04 1.421876e-01
2.050400e+04 1.252816e-01
2.050500e+04 1.345081e-01
2.050600e+04 1.401563e-01
2.050700e+04 1.365969e-01
2.050800e+04 1.423052e-01
2.050900e+04 1.439216e-01
2.051000e+04 1.305900e-01
2.051100e+04 1.393523e-01
2.051200e+04 1.518502e-01
2.051300e+04 1.308246e-01
2.051400e+04 1.416600e-01
2.051500e+04 1.294032e-01
2.051600e+04 1.351083e-01
2.051700e+04 1.400331e-01
2.051800e+04 1.317897e-01
2.051900e+04 1.215668e-01
2.052000e+04 1.453358e-01
2.052100e+04 1.454471e-01
2.052200e+04 1.258528e-01
2.052300e+04 1.187171e-01
2.052400e+04 1.367037e-01
2.052500e+04 1.114889e-01
2.052600e+04 1.469166e-01
2.052700e+04 1.482736e-01
2.052800e+04 1.324512e-01
2.052900e+04 1.376648e-01
2.053000e+04 1.409482e-01
2.053100e+04 1.513255e-01
2.053200e+04 1.232792e-01
2.053300e+04 1.441739e-01
2.053400e+04 1.404526e-01
2.053500e+04 1.359964e-01
2.053600e+04 1.300679e-01
2.053700e+04 1.378928e-01
2.053800e+04 1.305845e-01
2.053900e+04 1.142926e-01
2.054000e+04 1.353700e-01
2.054100e+04 1.396927e-01
2.054200e+04 1.385987e-01
2.054300e+04 1.100532e-01
2.054400e+04 1.002570e-01
2.054500e+04 1.098398e-01
2.054600e+04 1.213517e-01
2.054700e+04 1.138019e-01
2.054800e+04 1.225509e-01
2.054900e+04 1.362093e-01
2.055000e+04 1.509498e-01
2.055100e+04 1.436992e-01
2.055200e+04 1.258787e-01
2.055300e+04 1.551367e-01
2.055400e+04 1.374461e-01
2.055500e+04 1.202235e-01
2.055600e+04 1.335673e-01
2.055700e+04 1.306117e-01
2.055800e+04 1.251567e-01
2.055900e+04 1.429505e-01
2.056000e+04 9.539139e-02
2.056100e+04 1.255706e-01
2.056200e+04 1.380820e-01
2.056300e+04 1.276254e-01
2.056400e+04 1.345904e-01
2.056500e+04 1.456378e-01
2.056600e+04 1.338574e-01
2.056700e+04 1.440046e-01
2.056800e+04 1.436878e-01
2.056900e+04 1.422935e-01
2.057000e+04 1.171129e-01
2.057100e+04 1.271418e-01
2.057200e+04 1.297986e-01
2.057300e+04 1.301735e-01
2.057400e+04 1.369596e-01
2.057500e+04 1.413670e-01
2.057600e+04 1.380655e-01
2.057700e+04 1.083006e-01
2.057800e+04 1.464092e-01
2.057900e+04 1.335175e-01
2.058000e+04 1.402976e-01
2.058100e+04 1.188053e-01
2.058200e+04 1.470932e-01
2.058300e+04 1.439066e-01
2.058400e+04 1.460237e-01
2.058500e+04 1.466025e-01
2.058600e+04 1.363854e-01
2.058700e+04 1.465287e-01
2.058800e+04 1.328178e-01
2.058900e+04 1.349330e-01
2.059000e+04 1.250076e-01
2.059100e+04 1.175002e-01
2.059200e+04 1.256294e-01
2.059300e+04 1.335104e-01
2.059400e+04 1.403570e-01
2.059500e+04 1.309192e-01
2.059600e+04 1.360468e-01
2.059700e+04 1.349389e-01
2.059800e+04 1.545030e-01
2.059900e+04 1.205451e-01
2.060000e+04 1.342783e-01
2.060100e+04 1.314556e-01
2.060200e+04 1.448611e-01
2.060300e+04 1.405941e-01
2.060400e+04 1.396558e-01
2.060500e+04 1.216958e-01
2.060600e+04 1.124658e-01
2.060700e+04 1.296040e-01
2.060800e+04 1.239430e-01
2.060900e+04 1.282826e-01
2.061000e+04 1.277081e-01
2.061100e+04 1.391861e-01
2.061200e+04 1.163605e-01
2.061300e+04 1.133546e-01
2.061400e+04 1.307630e-01
2.061500e+04 1.470082e-01
2.061600e+04 1.436375e-01
2.061700e+04 1.275108e-01
2.061800e+04 1.435173e-01
2.061900e+04 1.491654e-01
2.062000e+04 1.300117e-01
2.062100e+04 1.113643e-01
2.062200e+04 1.138913e-01
2.062300e+04 1.145565e-01
2.062400e+04 1.361038e-01
2.062500e+04 1.400872e-01
2.062600e+04 1.391966e-01
2.062700e+04 1.367284e-01
2.062800e+04 1.288625e-01
2.062900e+04 1.441061e-01
2.063000e+04 1.407600e-01
2.063100e+04 1.050859e-01
2.063200e+04 1.171830e-01
2.063300e+04 1.398735e-01
2.063400e+04 1.347860e-01
2.063500e+04 1.316953e-01
2.063600e+04 1.340229e-01
2.063700e+04 1.334594e-01
2.063800e+04 1.255888e-01
2.063900e+04 1.090863e-01
2.064000e+04 1.215411e-01
2.064100e+04 1.123345e-01
2.064200e+04 1.034993e-01
2.064300e+04 1.114375e-01
2.064400e+04 1.376523e-01
2.064500e+04 1.424403e-01
2.064600e+04 1.353072e-01
2.064700e+04 1.346989e-01
2.064800e+04 1.201634e-01
2.064900e+04 1.256045e-01
2.065000e+04 1.252491e-01
2.065100e+04 1.285731e-01
2.065200e+04 1.239942e-01
2.065300e+04 1.377128e-01
2.065400e+04 1.387498e-01
2.065500e+04 1.266147e-01
2.065600e+04 1.182948e-01
2.065700e+04 1.308634e-01
2.065800e+04 1.316437e-01
2.065900e+04 1.237620e-01
2.066000e+04 1.230764e-01
2.066100e+04 1.113284e-01
2.066200e+04 1.205965e-01
2.066300e+04 1.270495e-01
2.066400e+04 1.401721e-01
2.066500e+04 1.445477e-01
2.066600e+04 1.288061e-01
2.066700e+04 1.491154e-01
2.066800e+04 1.615873e-01
2.066900e+04 1.417105e-01
2.067000e+04 1.274264e-01
2.067100e+04 1.291434e-01
2.067200e+04 1.233431e-01
2.067300e+04 1.375165e-01
2.067400e+04 1.305735e-01
2.067500e+04 1.231927e-01
2.067600e+04 1.189718e-01
2.067700e+04 1.177762e-01
2.067800e+04 1.176306e-01
2.067900e+04 1.354647e-01
2.068000e+04 1.436457e-01
2.068100e+04 1.409873e-01
2.068200e+04 1.332635e-01
2.068300e+04 1.373776e-01
2.068400e+04 1.427569e-01
2.068500e+04 1.271928e-01
2.068600e+04 1.306146e-01
2.068700e+04 1.387214e-01
2.068800e+04 1.268996e-01
2.068900e+04 1.234623e-01
2.069000e+04 1.340220e-01
2.069100e+04 1.055301e-01
2.069200e+04 1.286488e-01
2.069300e+04 1.154138e-01
2.069400e+04 1.341072e-01
2.069500e+04 1.248073e-01
2.069600e+04 1.403163e-01
2.069700e+04 1.266691e-01
2.069800e+04 1.320682e-01
2.069900e+04 1.364703e-01
2.070000e+04 1.241990e-01
2.070100e+04 1.400230e-01
2.070200e+04 1.323935e-01
2.070300e+04 1.469994e-01
2.070400e+04 1.539602e-01
2.070500e+04 1.403827e-01
2.070600e+04 1.323071e-01
2.070700e+04 1.344671e-01
2.070800e+04 1.421700e-01
2.070900e+04 1.278752e-01
2.071000e+04 1.403628e-01
2.071100e+04 1.483088e-01
2.071200e+04 1.368309e-01
2.071300e+04 1.286987e-01
2.071400e+04 1.343619e-01
2.071500e+04 1.044829e-01
2.071600e+04 1.295384e-01
2.071700e+04 1.237265e-01
2.071800e+04 1.188501e-01
2.071900e+04 1.291478e-01
2.072000e+04 1.266909e-01
2.072100e+04 1.256620e-01
2.072200e+04 1.416442e-01
2.072300e+04 1.278638e-01
2.072400e+04 1.149949e-01
2.072500e+04 1.399750e-01
2.072600e+04 1.190223e-01
2.072700e+04 1.325024e-01
2.072800e+04 1.421933e-01
2.072900e+04 1.322566e-01
2.073000e+04 1.309246e-01
2.073100e+04 1.211264e-01
2.073200e+04 1.295460e-01
2.073300e+04 1.242022e-01
2.073400e+04 1.420036e-01
2.073500e+04 1.062784e-01
2.073600e+04 1.032551e-01
2.073700e+04 1.338664e-01
2.073800e+04 1.424561e-01
2.073900e+04 1.261683e-01
2.074000e+04 1.239018e-01
2.074100e+04 1.222676e-01
2.074200e+04 1.157849e-01
2.074300e+04 1.429072e-01
2.074400e+04 1.287515e-01
2.074500e+04 1.367220e-01
2.074600e+04 1.418597e-01
2.074700e+04 1.361221e-01
2.074800e+04 1.170908e-01
2.074900e+04 1.336375e-01
2.075000e+04 1.338463e-01
2.075100e+04 1.192093e-01
2.075200e+04 1.110080e-01
2.075300e+04 1.307114e-01
2.075400e+04 1.211577e-01
2.075500e+04 1.195175e-01
2.075600e+04 1.401201e-01
2.075700e+04 1.448776e-01
2.075800e+04 1.391849e-01
2.075900e+04 1.362051e-01
2.076000e+04 1.491929e-01
2.076100e+04 1.383099e-01
2.076200e+04 1.161295e-01
2.076300e+04 1.274167e-01
2.076400e+04 1.270638e-01
2.076500e+04 1.120879e-01
2.076600e+04 1.148845e-01
2.076700e+04 1.222743e-01
2.076800e+04 1.252496e-01
2.076900e+04 1.335735e-01
2.077000e+04 1.338493e-01
2.077100e+04 1.457785e-01
2.077200e+04 1.360286e-01
2.077300e+04 1.355783e-01
2.077400e+04 1.293924e-01
2.077500e+04 1.351008e-01
2.077600e+04 1.239236e-01
2.077700e+04 1.280864e-01
2.077800e+04 1.239233e-01
2.077900e+04 1.293341e-01
2.078000e+04 1.265720e-01
2.078100e+04 1.473662e-01
2.078200e+04 1.322401e-01
2.078300e+04 1.319251e-01
2.078400e+04 1.386107e-01
2.078500e+04 1.277508e-01
2.078600e+04 1.224731e-01
2.078700e+04 1.319445e-01
2.078800e+04 1.217641e-01
2.078900e+04 1.228490e-01
2.079000e+04 1.361580e-01
2.079100e+04 1.304961e-01
2.079200e+04 1.390644e-01
2.079300e+04 1.330652e-01
2.079400e+04 1.353860e-01
2.079500e+04 1.253159e-01
2.079600e+04 1.082062e-01
2.079700e+04 1.418245e-01
2.079800e+04 1.199633e-01
2.079900e+04 1.367781e-01
2.080000e+04 1.402725e-01
2.080100e+04 1.411898e-01
2.080200e+04 1.316726e-01
2.080300e+04 1.212709e-01
2.080400e+04 1.286513e-01
2.080500e+04 1.212936e-01
2.080600e+04 1.305214e-01
2.080700e+04 1.354703e-01
2.080800e+04 1.444435e-01
2.080900e+04 1.410420e-01
2.081000e+04 1.233706e-01
2.081100e+04 1.222855e-01
2.081200e+04 1.210827e-01
2.081300e+04 1.411345e-01
2.081400e+04 1.226465e-01
2.081500e+04 1.129394e-01
2.081600e+04 1.230501e-01
2.081700e+04 1.160507e-01
2.081800e+04 1.353241e-01
2.081900e+04 1.233982e-01
2.082000e+04 1.305563e-01
2.082100e+04 1.406589e-01
2.082200e+04 1.370853e-01
2.082300e+04 1.423188e-01
2.082400e+04 1.336653e-01
2.082500e+04 1.351160e-01
2.082600e+04 1.083613e-01
2.082700e+04 1.324667e-01
2.082800e+04 1.200990e-01
2.082900e+04 1.273223e-01
2.083000e+04 1.379373e-01
2.083100e+04 1.396942e-01
2.083200e+04 1.446692e-01
2.083300e+04 1.194245e-01
2.083400e+04 1.236834e-01
2.083500e+04 1.219455e-01
2.083600e+04 1.310660e-01
2.083700e+04 1.268129e-01
2.083800e+04 1.285393e-01
2.083900e+04 1.330435e-01
2.084000e+04 1.312775e-01
2.084100e+04 1.149752e-01
2.084200e+04 1.276745e-01
2.084300e+04 1.238309e-01
2.084400e+04 1.369207e-01
2.084500e+04 1.475230e-01
2.084600e+04 1.245030e-01
2.084700e+04 1.297184e-01
2.084800e+04 1.209268e-01
2.084900e+04 1.246265e-01
2.085000e+04 1.395205e-01
2.085100e+04 1.209329e-01
2.085200e+04 1.340270e-01
2.085300e+04 1.398769e-01
2.085400e+04 1.168698e-01
2.085500e+04 1.209933e-01
2.085600e+04 1.178783e-01
2.085700e+04 1.241932e-01
2.085800e+04 1.087571e-01
2.085900e+04 1.444443e-01
2.086000e+04 1.338539e-01
2.086100e+04 1.268513e-01
2.086200e+04 1.412021e-01
2.086300e+04 1.343192e-01
2.086400e+04 1.366821e-01
2.086500e+04 1.292599e-01
2.086600e+04 1.241001e-01
2.086700e+04 1.378668e-01
2.086800e+04 1.364952e-01
2.086900e+04 1.215128e-01
2.087000e+04 1.154995e-01
2.087100e+04 1.210495e-01
2.087200e+04 1.281439e-01
2.087300e+04 1.097024e-01
2.087400e+04 1.312443e-01
2.087500e+04 1.219535e-01
2.087600e+04 1.405621e-01
2.087700e+04 1.423815e-01
2.087800e+04 1.454070e-01
2.087900e+04 1.233040e-01
2.088000e+04 1.157219e-01
2.088100e+04 1.323939e-01
2.088200e+04 1.326682e-01
2.088300e+04 1.243275e-01
2.088400e+04 1.319511e-01
2.088500e+04 1.177618e-01
2.088600e+04 1.271104e-01
2.088700e+04 1.327823e-01
2.088800e+04 1.407012e-01
2.088900e+04 1.330182e-01
2.089000e+04 1.215684e-01
2.089100e+04 1.243499e-01
2.089200e+04 1.130488e-01
2.089300e+04 1.406300e-01
2.089400e+04 1.195775e-01
2.089500e+04 1.310774e-01
2.089600e+04 1.269294e-01
2.089700e+04 1.131663e-01
2.089800e+04 1.233559e-01
2.089900e+04 1.322125e-01
2.090000e+04 1.216514e-01
2.090100e+04 1.125780e-01
2.090200e+04 1.194839e-01
2.090300e+04 1.236936e-01
2.090400e+04 1.464317e-01
2.090500e+04 1.351101e-01
2.090600e+04 1.435226e-01
2.090700e+04 1.220952e-01
2.090800e+04 1.388308e-01
2.090900e+04 1.350323e-01
2.091000e+04 1.353017e-01
2.091100e+04 1.420437e-01
2.091200e+04 1.300845e-01
2.091300e+04 1.313617e-01
2.091400e+04 1.450125e-01
2.091500e+04 1.270901e-01
2.091600e+04 1.360802e-01
2.091700e+04 1.339986e-01
2.091800e+04 1.171795e-01
2.091900e+04 1.220910e-01
2.092000e+04 1.224285e-01
2.092100e+04 1.188078e-01
2.092200e+04 1.319781e-01
2.092300e+04 1.279225e-01
2.092400e+04 1.384424e-01
2.092500e+04 1.415171e-01
2.092600e+04 1.384183e-01
2.092700e+04 1.370544e-01
2.092800e+04 1.485691e-01
2.092900e+04 1.324710e-01
2.093000e+04 1.334414e-01
2.093100e+04 1.361031e-01
2.093200e+04 1.299727e-01
2.093300e+04 1.208855e-01
2.093400e+04 1.270493e-01
2.093500e+04 1.352330e-01
2.093600e+04 1.198262e-01
2.093700e+04 1.276309e-01
2.093800e+04 1.235353e-01
2.093900e+04 1.084649e-01
2.094000e+04 1.440880e-01
2.094100e+04 1.199737e-01
2.094200e+04 1.188810e-01
2.094300e+04 1.284879e-01
2.094400e+04 1.284422e-01
2.094500e+04 1.290706e-01
2.094600e+04 1.230326e-01
2.094700e+04 1.395057e-01
2.094800e+04 1.364828e-01
2.094900e+04 1.182717e-01
2.095000e+04 1.228211e-01
2.095100e+04 1.216140e-01
2.095200e+04 1.311006e-01
2.095300e+04 1.440078e-01
2.095400e+04 1.282265e-01
2.095500e+04 1.244636e-01
2.095600e+04 1.412102e-01
2.095700e+04 1.202060e-01
2.095800e+04 1.309722e-01
2.095900e+04 1.215869e-01
2.096000e+04 1.313162e-01
2.096100e+04 1.192764e-01
2.096200e+04 1.182677e-01
2.096300e+04 1.322711e-01
2.096400e+04 1.297371e-01
2.096500e+04 1.224504e-01
2.096600e+04 1.153168e-01
2.096700e+04 1.329886e-01
2.096800e+04 1.277449e-01
2.096900e+04 1.293102e-01
2.097000e+04 1.162351e-01
2.097100e+04 1.369917e-01
2.097200e+04 1.285406e-01
2.097300e+04 1.220965e-01
2.097400e+04 1.272771e-01
2.097500e+04 1.278327e-01
2.097600e+04 1.249272e-01
2.097700e+04 1.198985e-01
2.097800e+04 1.371033e-01
2.097900e+04 1.058724e-01
2.098000e+04 1.302258e-01
2.098100e+04 1.442587e-01
2.098200e+04 1.405811e-01
2.098300e+04 1.248674e-01
2.098400e+04 1.305950e-01
2.098500e+04 1.255942e-01
2.098600e+04 1.283874e-01
2.098700e+04 1.265625e-01
2.098800e+04 1.375840e-01
2.098900e+04 1.301145e-01
2.099000e+04 1.398124e-01
2.099100e+04 1.274785e-01
2.099200e+04 1.360359e-01
2.099300e+04 1.249737e-01
2.099400e+04 1.108013e-01
2.099500e+04 1.120623e-01
2.099600e+04 1.253573e-01
2.099700e+04 1.295690e-01
2.099800e+04 1.374204e-01
2.099900e+04 1.148446e-01
2.100000e+04 1.255926e-01
2.100100e+04 1.210608e-01
2.100200e+04 1.385806e-01
2.100300e+04 1.358179e-01
2.100400e+04 1.274998e-01
2.100500e+04 1.261203e-01
2.100600e+04 1.136756e-01
2.100700e+04 1.260361e-01
2.100800e+04 1.308156e-01
2.100900e+04 1.347184e-01
2.101000e+04 1.416846e-01
2.101100e+04 1.427519e-01
2.101200e+04 1.338430e-01
2.101300e+04 1.270972e-01
2.101400e+04 1.302301e-01
2.101500e+04 1.315856e-01
2.101600e+04 1.272430e-01
2.101700e+04 1.329158e-01
2.101800e+04 1.227873e-01
2.101900e+04 1.212997e-01
2.102000e+04 1.273017e-01
2.102100e+04 1.157509e-01
2.102200e+04 1.160252e-01
2.102300e+04 1.416124e-01
2.102400e+04 1.373382e-01
2.102500e+04 1.260327e-01
2.102600e+04 1.128062e-01
2.102700e+04 1.382240e-01
2.102800e+04 1.335424e-01
2.102900e+04 1.379528e-01
2.103000e+04 1.196259e-01
2.103100e+04 1.289124e-01
2.103200e+04 1.271820e-01
2.103300e+04 1.266120e-01
2.103400e+04 1.257732e-01
2.103500e+04 1.272075e-01
2.103600e+04 1.351316e-01
2.103700e+04 1.282018e-01
2.103800e+04 1.428950e-01
2.103900e+04 1.273861e-01
2.104000e+04 1.184643e-01
2.104100e+04 1.372051e-01
2.104200e+04 1.343763e-01
2.104300e+04 1.307405e-01
2.104400e+04 1.349332e-01
2.104500e+04 1.271493e-01
2.104600e+04 1.331649e-01
2.104700e+04 1.200573e-01
2.104800e+04 1.310267e-01
2.104900e+04 1.268080e-01
2.105000e+04 1.280816e-01
2.105100e+04 1.227311e-01
2.105200e+04 1.273698e-01
2.105300e+04 9.924602e-02
2.105400e+04 1.251099e-01
2.105500e+04 1.312195e-01
2.105600e+04 1.216870e-01
2.105700e+04 1.397276e-01
2.105800e+04 1.415445e-01
2.105900e+04 1.297321e-01
2.106000e+04 1.298241e-01
2.106100e+04 1.273500e-01
2.106200e+04 1.197579e-01
2.106300e+04 1.305753e-01
2.106400e+04 1.356114e-01
2.106500e+04 1.300470e-01
2.106600e+04 1.223109e-01
2.106700e+04 1.412352e-01
2.106800e+04 1.394195e-01
2.106900e+04 1.381035e-01
2.107000e+04 1.275037e-01
2.107100e+04 1.212235e-01
2.107200e+04 1.316205e-01
2.107300e+04 1.293232e-01
2.107400e+04 1.268198e-01
2.107500e+04 1.249988e-01
2.107600e+04 1.154935e-01
2.107700e+04 1.311267e-01
2.107800e+04 1.337053e-01
2.107900e+04 1.254500e-01
2.108000e+04 1.384260e-01
2.108100e+04 1.345389e-01
2.108200e+04 1.198074e-01
2.108300e+04 1.183122e-01
2.108400e+04 1.204404e-01
2.108500e+04 1.146824e-01
2.108600e+04 1.240498e-01
2.108700e+04 1.165879e-01
2.108800e+04 1.297117e-01
2.108900e+04 1.197301e-01
2.109000e+04 1.354675e-01
2.109100e+04 1.310094e-01
2.109200e+04 1.225636e-01
2.109300e+04 1.230969e-01
2.109400e+04 1.277829e-01
2.109500e+04 1.362385e-01
2.109600e+04 1.288438e-01
2.109700e+04 1.264297e-01
2.109800e+04 1.301624e-01
2.109900e+04 1.195073e-01
2.110000e+04 1.293488e-01
2.110100e+04 1.289045e-01
2.110200e+04 1.244926e-01
2.110300e+04 1.378509e-01
2.110400e+04 1.391321e-01
2.110500e+04 1.256201e-01
2.110600e+04 1.194421e-01
2.110700e+04 1.346985e-01
2.110800e+04 1.404535e-01
2.110900e+04 1.367966e-01
2.111000e+04 1.330471e-01
2.111100e+04 1.286436e-01
2.111200e+04 1.323806e-01
2.111300e+04 1.213335e-01
2.111400e+04 1.337239e-01
2.111500e+04 1.305678e-01
2.111600e+04 1.133160e-01
2.111700e+04 1.182078e-01
2.111800e+04 1.171818e-01
2.111900e+04 1.199210e-01
2.112000e+04 1.333071e-01
2.112100e+04 1.201028e-01
2.112200e+04 1.197524e-01
2.112300e+04 1.267913e-01
2.112400e+04 1.295897e-01
2.112500e+04 1.243984e-01
2.112600e+04 1.325656e-01
2.112700e+04 1.269887e-01
2.112800e+04 1.184409e-01
2.112900e+04 1.187266e-01
2.113000e+04 1.331814e-01
2.113100e+04 1.307250e-01
2.113200e+04 1.231714e-01
2.113300e+04 1.292597e-01
2.113400e+04 1.324101e-01
2.113500e+04 1.370090e-01
2.113600e+04 1.273817e-01
2.113700e+04 1.256061e-01
2.113800e+04 1.291684e-01
2.113900e+04 1.297319e-01
2.114000e+04 1.357407e-01
2.114100e+04 1.243969e-01
2.114200e+04 1.309168e-01
2.114300e+04 1.303522e-01
2.114400e+04 1.331579e-01
2.114500e+04 1.330608e-01
2.114600e+04 1.207056e-01
2.114700e+04 1.355354e-01
2.114800e+04 1.381535e-01
2.114900e+04 1.331439e-01
2.115000e+04 1.337930e-01
2.115100e+04 1.260735e-01
2.115200e+04 1.160870e-01
2.115300e+04 1.265875e-01
2.115400e+04 1.309636e-01
2.115500e+04 1.244407e-01
2.115600e+04 1.330255e-01
2.115700e+04 1.353210e-01
2.115800e+04 1.282590e-01
2.115900e+04 1.248561e-01
2.116000e+04 1.210468e-01
2.116100e+04 1.345110e-01
2.116200e+04 1.380346e-01
2.116300e+04 1.360360e-01
2.116400e+04 1.238328e-01
2.116500e+04 1.264188e-01
2.116600e+04 1.279538e-01
2.116700e+04 1.133536e-01
2.116800e+04 1.316509e-01
2.116900e+04 1.129539e-01
2.117000e+04 1.186535e-01
2.117100e+04 1.129959e-01
2.117200e+04 1.241482e-01
2.117300e+04 1.201529e-01
2.117400e+04 1.223990e-01
2.117500e+04 1.192221e-01
2.117600e+04 1.331693e-01
2.117700e+04 1.288724e-01
2.117800e+04 1.195163e-01
2.117900e+04 1.228729e-01
2.118000e+04 1.203696e-01
2.118100e+04 1.257229e-01
2.118200e+04 1.316996e-01
2.118300e+04 1.391702e-01
2.118400e+04 1.367044e-01
2.118500e+04 1.245621e-01
2.118600e+04 1.287104e-01
2.118700e+04 1.306107e-01
2.118800e+04 1.198639e-01
2.118900e+04 1.375074e-01
2.119000e+04 1.329558e-01
2.119100e+04 1.266245e-01
2.119200e+04 1.215296e-01
2.119300e+04 1.235197e-01
2.119400e+04 1.202737e-01
2.119500e+04 1.227960e-01
2.119600e+04 1.293227e-01
2.119700e+04 1.388040e-01
2.119800e+04 1.269745e-01
2.119900e+04 1.282752e-01
2.120000e+04 1.369329e-01
2.120100e+04 1.263669e-01
2.120200e+04 1.305478e-01
2.120300e+04 1.259860e-01
2.120400e+04 1.199147e-01
2.120500e+04 1.238617e-01
2.120600e+04 1.276462e-01
2.120700e+04 1.266700e-01
2.120800e+04 1.315531e-01
2.120900e+04 1.343839e-01
2.121000e+04 1.247436e-01
2.121100e+04 1.310094e-01
2.121200e+04 1.260945e-01
2.121300e+04 1.358525e-01
2.121400e+04 1.237139e-01
2.121500e+04 1.279243e-01
2.121600e+04 1.245005e-01
2.121700e+04 1.275042e-01
2.121800e+04 1.141491e-01
2.121900e+04 1.385049e-01
2.122000e+04 1.342528e-01
2.122100e+04 1.338322e-01
2.122200e+04 1.259209e-01
2.122300e+04 1.312985e-01
2.122400e+04 1.208696e-01
2.122500e+04 1.317199e-01
2.122600e+04 1.266797e-01
2.122700e+04 1.189732e-01
2.122800e+04 1.344962e-01
2.122900e+04 1.296283e-01
2.123000e+04 1.398132e-01
2.123100e+04 1.291195e-01
2.123200e+04 1.321907e-01
2.123300e+04 1.252027e-01
2.123400e+04 1.253010e-01
2.123500e+04 1.144766e-01
2.123600e+04 1.264899e-01
2.123700e+04 1.223931e-01
2.123800e+04 1.196011e-01
2.123900e+04 1.351872e-01
2.124000e+04 1.328179e-01
2.124100e+04 1.386730e-01
2.124200e+04 1.236051e-01
2.124300e+04 1.199119e-01
2.124400e+04 1.297571e-01
2.124500e+04 1.347156e-01
2.124600e+04 1.316429e-01
2.124700e+04 1.250603e-01
2.124800e+04 1.295504e-01
2.124900e+04 1.394342e-01
2.125000e+04 1.390093e-01
2.125100e+04 1.377203e-01
2.125200e+04 1.298249e-01
2.125300e+04 1.353270e-01
2.125400e+04 1.211925e-01
2.125500e+04 1.280867e-01
2.125600e+04 1.179529e-01
2.125700e+04 1.250044e-01
2.125800e+04 1.291226e-01
2.125900e+04 1.228881e-01
2.126000e+04 1.256092e-01
2.126100e+04 1.240004e-01
2.126200e+04 1.205887e-01
2.126300e+04 1.317297e-01
2.126400e+04 1.335637e-01
2.126500e+04 1.291021e-01
2.126600e+04 1.257841e-01
2.126700e+04 1.178807e-01
2.126800e+04 1.227049e-01
2.126900e+04 1.289277e-01
2.127000e+04 1.330241e-01
2.127100e+04 1.241636e-01
2.127200e+04 1.323619e-01
2.127300e+04 1.331413e-01
2.127400e+04 1.303908e-01
2.127500e+04 1.166411e-01
2.127600e+04 1.215168e-01
2.127700e+04 1.197669e-01
2.127800e+04 1.220903e-01
2.127900e+04 1.254217e-01
2.128000e+04 1.201233e-01
2.128100e+04 1.161450e-01
2.128200e+04 1.298980e-01
2.128300e+04 1.392867e-01
2.128400e+04 1.380326e-01
2.128500e+04 1.105378e-01
2.128600e+04 1.220862e-01
2.128700e+04 1.146762e-01
2.128800e+04 1.226325e-01
2.128900e+04 1.327384e-01
2.129000e+04 1.222544e-01
2.129100e+04 1.274091e-01
2.129200e+04 1.260696e-01
2.129300e+04 1.244774e-01
2.129400e+04 1.214245e-01
2.129500e+04 1.359544e-01
2.129600e+04 1.378983e-01
2.129700e+04 1.207732e-01
2.129800e+04 1.193285e-01
2.129900e+04 1.268620e-01
2.130000e+04 1.278943e-01
2.130100e+04 1.221284e-01
2.130200e+04 1.278631e-01
2.130300e+04 1.270647e-01
2.130400e+04 1.327155e-01
2.130500e+04 1.299104e-01
2.130600e+04 1.379063e-01
2.130700e+04 1.180809e-01
2.130800e+04 1.323348e-01
2.130900e+04 1.259965e-01
2.131000e+04 1.155914e-01
2.131100e+04 1.305439e-01
2.131200e+04 1.269566e-01
2.131300e+04 1.301038e-01
2.131400e+04 1.317929e-01
2.131500e+04 1.336689e-01
2.131600e+04 1.305660e-01
2.131700e+04 1.344565e-01
2.131800e+04 1.242391e-01
2.131900e+04 1.346541e-01
2.132000e+04 1.325863e-01
2.132100e+04 1.306732e-01
2.132200e+04 1.336788e-01
2.132300e+04 1.064669e-01
2.132400e+04 1.212307e-01
2.132500e+04 1.318561e-01
2.132600e+04 1.283195e-01
2.132700e+04 1.221533e-01
2.132800e+04 1.255712e-01
2.132900e+04 1.324070e-01
2.133000e+04 1.353129e-01
2.133100e+04 1.287266e-01
2.133200e+04 1.303095e-01
2.133300e+04 1.288742e-01
2.133400e+04 1.335020e-01
2.133500e+04 1.290628e-01
2.133600e+04 1.289934e-01
2.133700e+04 1.235397e-01
2.133800e+04 1.386576e-01
2.133900e+04 1.308687e-01
2.134000e+04 1.299258e-01
2.134100e+04 1.157966e-01
2.134200e+04 1.201611e-01
2.134300e+04 1.154440e-01
2.134400e+04 1.296706e-01
2.134500e+04 1.296826e-01
2.134600e+04 1.308558e-01
2.134700e+04 1.204330e-01
2.134800e+04 1.274706e-01
2.134900e+04 1.287621e-01
2.135000e+04 1.341045e-01
2.135100e+04 1.243120e-01
2.135200e+04 1.300229e-01
2.135300e+04 1.322876e-01
2.135400e+04 1.266351e-01
2.135500e+04 1.256692e-01
2.135600e+04 1.309664e-01
2.135700e+04 1.360459e-01
2.135800e+04 1.271752e-01
2.135900e+04 1.327109e-01
2.136000e+04 1.320737e-01
2.136100e+04 1.269464e-01
2.136200e+04 1.161078e-01
2.136300e+04 1.179268e-01
2.136400e+04 1.310990e-01
2.136500e+04 1.360573e-01
2.136600e+04 1.300366e-01
2.136700e+04 1.262037e-01
2.136800e+04 1.312635e-01
2.136900e+04 1.302851e-01
2.137000e+04 1.270318e-01
2.137100e+04 1.114419e-01
2.137200e+04 1.283362e-01
2.137300e+04 1.326278e-01
2.137400e+04 1.227198e-01
2.137500e+04 1.343838e-01
2.137600e+04 1.284867e-01
2.137700e+04 1.229043e-01
2.137800e+04 1.240914e-01
2.137900e+04 1.258921e-01
2.138000e+04 1.259178e-01
2.138100e+04 1.266932e-01
2.138200e+04 1.314595e-01
2.138300e+04 1.288614e-01
2.138400e+04 1.180639e-01
2.138500e+04 1.139306e-01
2.138600e+04 1.342829e-01
2.138700e+04 1.291530e-01
2.138800e+04 1.249397e-01
2.138900e+04 1.206066e-01
2.139000e+04 1.236265e-01
2.139100e+04 1.238804e-01
2.139200e+04 1.337264e-01
2.139300e+04 1.282762e-01
2.139400e+04 1.295220e-01
2.139500e+04 1.333694e-01
2.139600e+04 1.243538e-01
2.139700e+04 1.344555e-01
2.139800e+04 1.315749e-01
2.139900e+04 1.217614e-01
2.140000e+04 1.190207e-01
2.140100e+04 1.314323e-01
2.140200e+04 1.285759e-01
2.140300e+04 1.161413e-01
2.140400e+04 1.077045e-01
2.140500e+04 1.200532e-01
2.140600e+04 1.387170e-01
2.140700e+04 1.191318e-01
2.140800e+04 1.266286e-01
2.140900e+04 1.232646e-01
2.141000e+04 1.300117e-01
2.141100e+04 1.232128e-01
2.141200e+04 1.321129e-01
2.141300e+04 1.263842e-01
2.141400e+04 1.187701e-01
2.141500e+04 1.258987e-01
2.141600e+04 1.263920e-01
2.141700e+04 1.371813e-01
2.141800e+04 1.347913e-01
2.141900e+04 1.233809e-01
2.142000e+04 1.327102e-01
2.142100e+04 1.225517e-01
2.142200e+04 1.310706e-01
2.142300e+04 1.203063e-01
2.142400e+04 1.131130e-01
2.142500e+04 1.212149e-01
2.142600e+04 1.303069e-01
2.142700e+04 1.341431e-01
2.142800e+04 1.214741e-01
2.142900e+04 1.171264e-01
2.143000e+04 1.277863e-01
2.143100e+04 1.306402e-01
2.143200e+04 1.323777e-01
2.143300e+04 1.226751e-01
2.143400e+04 1.237463e-01
2.143500e+04 1.315666e-01
2.143600e+04 1.313918e-01
2.143700e+04 1.343219e-01
2.143800e+04 1.299188e-01
2.143900e+04 1.331926e-01
2.144000e+04 1.363522e-01
2.144100e+04 1.355038e-01
2.144200e+04 1.307520e-01
2.144300e+04 1.235488e-01
2.144400e+04 1.277899e-01
2.144500e+04 1.322386e-01
2.144600e+04 1.276267e-01
2.144700e+04 1.299622e-01
2.144800e+04 1.304871e-01
2.144900e+04 1.256504e-01
2.145000e+04 1.324395e-01
2.145100e+04 1.327500e-01
2.145200e+04 1.285104e-01
2.145300e+04 1.323802e-01
2.145400e+04 1.303517e-01
2.145500e+04 1.274699e-01
2.145600e+04 1.256194e-01
2.145700e+04 1.269659e-01
2.145800e+04 1.229787e-01
2.145900e+04 1.262663e-01
2.146000e+04 1.323468e-01
2.146100e+04 1.250048e-01
2.146200e+04 1.266686e-01
2.146300e+04 1.304263e-01
2.146400e+04 1.297032e-01
2.146500e+04 1.329629e-01
2.146600e+04 1.350183e-01
2.146700e+04 1.198338e-01
2.146800e+04 1.245912e-01
2.146900e+04 1.369272e-01
2.147000e+04 1.309820e-01
2.147100e+04 1.281922e-01
2.147200e+04 1.214923e-01
2.147300e+04 1.298069e-01
2.147400e+04 1.350392e-01
2.147500e+04 1.344960e-01
2.147600e+04 1.314900e-01
2.147700e+04 1.259503e-01
2.147800e+04 1.274161e-01
2.147900e+04 1.261882e-01
2.148000e+04 1.267545e-01
2.148100e+04 1.197822e-01
2.148200e+04 1.324387e-01
2.148300e+04 1.275048e-01
2.148400e+04 1.174644e-01
2.148500e+04 1.286836e-01
2.148600e+04 1.267979e-01
2.148700e+04 1.355720e-01
2.148800e+04 1.207283e-01
2.148900e+04 1.242170e-01
2.149000e+04 1.179899e-01
2.149100e+04 1.227704e-01
2.149200e+04 1.320383e-01
2.149300e+04 1.214807e-01
2.149400e+04 1.287942e-01
2.149500e+04 1.347128e-01
2.149600e+04 1.244195e-01
2.149700e+04 1.157775e-01
2.149800e+04 1.277619e-01
2.149900e+04 1.295765e-01
2.150000e+04 1.145550e-01
2.150100e+04 1.249394e-01
2.150200e+04 1.267929e-01
2.150300e+04 1.156385e-01
2.150400e+04 1.233875e-01
2.150500e+04 1.171222e-01
2.150600e+04 1.206777e-01
2.150700e+04 1.299947e-01
2.150800e+04 1.304156e-01
2.150900e+04 1.307965e-01
2.151000e+04 1.283661e-01
2.151100e+04 1.253231e-01
2.151200e+04 1.278287e-01
2.151300e+04 1.280240e-01
2.151400e+04 1.347343e-01
2.151500e+04 1.349732e-01
2.151600e+04 1.215096e-01
2.151700e+04 1.265668e-01
2.151800e+04 1.357999e-01
2.151900e+04 1.233931e-01
2.152000e+04 1.168103e-01
2.152100e+04 1.192979e-01
2.152200e+04 1.310420e-01
2.152300e+04 1.281323e-01
2.152400e+04 1.282233e-01
2.152500e+04 1.264006e-01
2.152600e+04 1.267987e-01
2.152700e+04 1.315733e-01
2.152800e+04 1.323420e-01
2.152900e+04 1.147573e-01
2.153000e+04 1.151247e-01
2.153100e+04 1.252958e-01
2.153200e+04 1.219776e-01
2.153300e+04 1.290375e-01
2.153400e+04 1.249189e-01
2.153500e+04 1.236107e-01
2.153600e+04 1.243284e-01
2.153700e+04 1.293646e-01
2.153800e+04 1.297522e-01
2.153900e+04 1.290904e-01
2.154000e+04 1.349508e-01
2.154100e+04 1.234086e-01
2.154200e+04 1.197934e-01
2.154300e+04 1.250968e-01
2.154400e+04 1.257933e-01
2.154500e+04 1.248823e-01
2.154600e+04 1.305414e-01
2.154700e+04 1.245434e-01
2.154800e+04 1.353950e-01
2.154900e+04 1.327478e-01
2.155000e+04 1.326080e-01
2.155100e+04 1.268589e-01
2.155200e+04 1.216868e-01
2.155300e+04 1.320540e-01
2.155400e+04 1.256303e-01
2.155500e+04 1.283197e-01
2.155600e+04 1.291589e-01
2.155700e+04 1.290640e-01
2.155800e+04 1.272013e-01
2.155900e+04 1.244389e-01
2.156000e+04 1.250506e-01
2.156100e+04 1.230789e-01
2.156200e+04 1.259024e-01
2.156300e+04 1.251853e-01
2.156400e+04 1.233116e-01
2.156500e+04 1.289527e-01
2.156600e+04 1.226901e-01
2.156700e+04 1.290724e-01
2.156800e+04 1.339493e-01
2.156900e+04 1.266587e-01
2.157000e+04 1.210106e-01
2.157100e+04 1.286207e-01
2.157200e+04 1.356057e-01
2.157300e+04 1.307328e-01
2.157400e+04 1.258602e-01
2.157500e+04 1.202817e-01
2.157600e+04 1.302672e-01
2.157700e+04 1.343277e-01
2.157800e+04 1.254121e-01
2.157900e+04 1.316757e-01
2.158000e+04 1.229764e-01
2.158100e+04 1.303197e-01
2.158200e+04 1.272737e-01
2.158300e+04 1.293885e-01
2.158400e+04 1.192003e-01
2.158500e+04 1.259001e-01
2.158600e+04 1.311762e-01
2.158700e+04 1.297626e-01
2.158800e+04 1.262746e-01
2.158900e+04 1.328011e-01
2.159000e+04 1.317730e-01
2.159100e+04 1.278116e-01
2.159200e+04 1.278389e-01
2.159300e+04 1.241059e-01
2.159400e+04 1.197484e-01
2.159500e+04 1.281972e-01
2.159600e+04 1.288350e-01
2.159700e+04 1.288777e-01
2.159800e+04 1.167948e-01
2.159900e+04 1.232996e-01
2.160000e+04 1.323448e-01
2.160100e+04 1.306031e-01
2.160200e+04 1.334042e-01
2.160300e+04 1.208085e-01
2.160400e+04 1.225199e-01
2.160500e+04 1.173280e-01
2.160600e+04 1.249750e-01
2.160700e+04 1.288303e-01
2.160800e+04 1.232444e-01
2.160900e+04 1.297008e-01
2.161000e+04 1.280236e-01
2.161100e+04 1.340969e-01
2.161200e+04 1.334564e-01
2.161300e+04 1.302603e-01
2.161400e+04 1.331219e-01
2.161500e+04 1.325487e-01
2.161600e+04 1.275066e-01
2.161700e+04 1.295042e-01
2.161800e+04 1.265780e-01
2.161900e+04 1.249096e-01
2.162000e+04 1.237475e-01
2.162100e+04 1.251873e-01
2.162200e+04 1.242666e-01
2.162300e+04 1.240538e-01
2.162400e+04 1.233023e-01
2.162500e+04 1.269610e-01
2.162600e+04 1.354758e-01
2.162700e+04 1.272912e-01
2.162800e+04 1.263097e-01
2.162900e+04 1.258457e-01
2.163000e+04 1.240711e-01
2.163100e+04 1.205686e-01
2.163200e+04 1.143613e-01
2.163300e+04 1.227255e-01
2.163400e+04 1.281098e-01
2.163500e+04 1.268942e-01
2.163600e+04 1.349228e-01
2.163700e+04 1.278774e-01
2.163800e+04 1.279444e-01
2.163900e+04 1.254889e-01
2.164000e+04 1.232946e-01
2.164100e+04 1.299602e-01
2.164200e+04 1.310863e-01
2.164300e+04 1.296514e-01
2.164400e+04 1.207079e-01
2.164500e+04 1.273366e-01
2.164600e+04 1.264745e-01
2.164700e+04 1.335732e-01
2.164800e+04 1.266989e-01
2.164900e+04 1.280459e-01
2.165000e+04 1.311329e-01
2.165100e+04 1.275585e-01
2.165200e+04 1.303441e-01
2.165300e+04 1.283147e-01
2.165400e+04 1.326708e-01
2.165500e+04 1.215650e-01
2.165600e+04 1.233539e-01
2.165700e+04 1.232098e-01
2.165800e+04 1.273287e-01
2.165900e+04 1.285588e-01
2.166000e+04 1.224656e-01
2.166100e+04 1.286263e-01
2.166200e+04 1.216857e-01
2.166300e+04 1.313363e-01
2.166400e+04 1.277382e-01
2.166500e+04 1.215729e-01
2.166600e+04 1.293648e-01
2.166700e+04 1.307396e-01
2.166800e+04 1.255261e-01
2.166900e+04 1.265327e-01
2.167000e+04 1.259397e-01
2.167100e+04 1.256161e-01
2.167200e+04 1.281756e-01
2.167300e+04 1.291354e-01
2.167400e+04 1.260959e-01
2.167500e+04 1.217705e-01
2.167600e+04 1.302553e-01
2.167700e+04 1.325658e-01
2.167800e+04 1.269436e-01
2.167900e+04 1.279208e-01
2.168000e+04 1.262877e-01
2.168100e+04 1.313244e-01
2.168200e+04 1.236091e-01
2.168300e+04 1.262025e-01
2.168400e+04 1.322028e-01
2.168500e+04 1.299314e-01
2.168600e+04 1.261907e-01
2.168700e+04 1.264693e-01
2.168800e+04 1.298112e-01
2.168900e+04 1.324513e-01
2.169000e+04 1.294338e-01
2.169100e+04 1.336236e-01
2.169200e+04 1.243618e-01
2.169300e+04 1.287469e-01
2.169400e+04 1.295103e-01
2.169500e+04 1.311987e-01
2.169600e+04 1.255617e-01
2.169700e+04 1.261735e-01
2.169800e+04 1.276059e-01
2.169900e+04 1.311362e-01
2.170000e+04 1.299567e-01
2.170100e+04 1.305947e-01
2.170200e+04 1.266687e-01
2.170300e+04 1.251249e-01
2.170400e+04 1.213160e-01
2.170500e+04 1.232989e-01
2.170600e+04 1.209486e-01
2.170700e+04 1.205284e-01
2.170800e+04 1.229567e-01
2.170900e+04 1.278748e-01
2.171000e+04 1.242401e-01
2.171100e+04 1.298353e-01
2.171200e+04 1.340424e-01
2.171300e+04 1.213756e-01
2.171400e+04 1.228292e-01
2.171500e+04 1.296725e-01
2.171600e+04 1.191204e-01
2.171700e+04 1.262255e-01
2.171800e+04 1.306560e-01
2.171900e+04 1.218020e-01
2.172000e+04 1.294337e-01
2.172100e+04 1.265394e-01
2.172200e+04 1.305661e-01
2.172300e+04 1.232495e-01
2.172400e+04 1.230826e-01
2.172500e+04 1.271059e-01
2.172600e+04 1.276302e-01
2.172700e+04 1.171997e-01
2.172800e+04 1.245503e-01
2.172900e+04 1.252608e-01
2.173000e+04 1.292500e-01
2.173100e+04 1.255069e-01
2.173200e+04 1.284653e-01
2.173300e+04 1.259940e-01
2.173400e+04 1.270822e-01
2.173500e+04 1.261175e-01
2.173600e+04 1.228626e-01
2.173700e+04 1.275862e-01
2.173800e+04 1.263052e-01
2.173900e+04 1.311762e-01
2.174000e+04 1.226592e-01
2.174100e+04 1.310192e-01
2.174200e+04 1.220100e-01
2.174300e+04 1.213094e-01
2.174400e+04 1.280978e-01
2.174500e+04 1.297522e-01
2.174600e+04 1.271587e-01
2.174700e+04 1.263977e-01
2.174800e+04 1.305390e-01
2.174900e+04 1.291582e-01
2.175000e+04 1.285484e-01
2.175100e+04 1.237081e-01
2.175200e+04 1.231111e-01
2.175300e+04 1.302788e-01
2.175400e+04 1.255967e-01
2.175500e+04 1.268178e-01
2.175600e+04 1.199555e-01
2.175700e+04 1.292483e-01
2.175800e+04 1.227180e-01
2.175900e+04 1.233920e-01
2.176000e+04 1.216643e-01
2.176100e+04 1.283193e-01
2.176200e+04 1.252176e-01
2.176300e+04 1.213493e-01
2.176400e+04 1.196815e-01
2.176500e+04 1.280318e-01
2.176600e+04 1.248336e-01
2.176700e+04 1.252269e-01
2.176800e+04 1.200085e-01
2.176900e+04 1.301074e-01
2.177000e+04 1.271824e-01
2.177100e+04 1.221680e-01
2.177200e+04 1.232491e-01
2.177300e+04 1.297913e-01
2.177400e+04 1.315722e-01
2.177500e+04 1.288705e-01
2.177600e+04 1.236089e-01
2.177700e+04 1.210269e-01
2.177800e+04 1.260569e-01
2.177900e+04 1.282361e-01
2.178000e+04 1.236535e-01
2.178100e+04 1.245422e-01
2.178200e+04 1.247953e-01
2.178300e+04 1.287658e-01
2.178400e+04 1.264979e-01
2.178500e+04 1.276401e-01
2.178600e+04 1.237873e-01
2.178700e+04 1.193755e-01
2.178800e+04 1.156887e-01
2.178900e+04 1.006100e-01
2.179000e+04 1.201869e-01
2.179100e+04 1.314461e-01
2.179200e+04 1.292997e-01
2.179300e+04 1.193347e-01
2.179400e+04 1.170876e-01
2.179500e+04 1.243823e-01
2.179600e+04 1.225673e-01
2.179700e+04 1.281557e-01
2.179800e+04 1.324128e-01
2.179900e+04 1.235043e-01
2.180000e+04 1.299036e-01
2.180100e+04 1.245463e-01
2.180200e+04 1.221844e-01
2.180300e+04 1.274541e-01
2.180400e+04 1.234406e-01
2.180500e+04 1.270845e-01
2.180600e+04 1.251408e-01
2.180700e+04 1.283293e-01
2.180800e+04 1.191210e-01
2.180900e+04 1.249516e-01
2.181000e+04 1.276757e-01
2.181100e+04 1.235456e-01
2.181200e+04 1.246251e-01
2.181300e+04 1.284287e-01
2.181400e+04 1.285898e-01
2.181500e+04 1.258643e-01
2.181600e+04 1.264976e-01
2.181700e+04 1.281819e-01
2.181800e+04 1.256932e-01
2.181900e+04 1.321150e-01
2.182000e+04 1.283058e-01
2.182100e+04 1.276625e-01
2.182200e+04 1.267042e-01
2.182300e+04 1.161829e-01
2.182400e+04 1.161615e-01
2.182500e+04 1.239101e-01
2.182600e+04 1.280268e-01
2.182700e+04 1.227674e-01
2.182800e+04 1.255790e-01
2.182900e+04 1.282920e-01
2.183000e+04 1.230346e-01
2.183100e+04 1.251184e-01
2.183200e+04 1.290732e-01
2.183300e+04 1.195517e-01
2.183400e+04 1.215898e-01
2.183500e+04 1.284126e-01
2.183600e+04 1.257487e-01
2.183700e+04 1.209351e-01
2.183800e+04 1.251647e-01
2.183900e+04 1.254579e-01
2.184000e+04 1.268268e-01
2.184100e+04 1.261395e-01
2.184200e+04 1.184824e-01
2.184300e+04 1.264795e-01
2.184400e+04 1.240644e-01
2.184500e+04 1.260651e-01
2.184600e+04 1.291563e-01
2.184700e+04 1.252721e-01
2.184800e+04 1.250269e-01
2.184900e+04 1.245273e-01
2.185000e+04 1.278367e-01
2.185100e+04 1.262667e-01
2.185200e+04 1.248644e-01
2.185300e+04 1.258439e-01
2.185400e+04 1.279881e-01
2.185500e+04 1.295191e-01
2.185600e+04 1.253786e-01
2.185700e+04 1.237841e-01
2.185800e+04 1.301568e-01
2.185900e+04 1.284743e-01
2.186000e+04 1.295701e-01
2.186100e+04 1.186467e-01
2.186200e+04 1.263003e-01
2.186300e+04 1.209045e-01
2.186400e+04 1.244767e-01
2.186500e+04 1.230928e-01
2.186600e+04 1.251389e-01
2.186700e+04 1.243105e-01
2.186800e+04 1.284432e-01
2.186900e+04 1.290273e-01
2.187000e+04 1.281563e-01
2.187100e+04 1.317827e-01
2.187200e+04 1.260600e-01
2.187300e+04 1.272447e-01
2.187400e+04 1.233032e-01
2.187500e+04 1.162929e-01
2.187600e+04 1.251109e-01
2.187700e+04 1.278881e-01
2.187800e+04 1.296609e-01
2.187900e+04 1.218559e-01
2.188000e+04 1.246961e-01
2.188100e+04 1.279379e-01
2.188200e+04 1.271134e-01
2.188300e+04 1.286264e-01
2.188400e+04 1.206703e-01
2.188500e+04 1.259206e-01
2.188600e+04 1.199578e-01
2.188700e+04 1.296649e-01
2.188800e+04 1.231566e-01
2.188900e+04 1.239914e-01
2.189000e+04 1.289430e-01
2.189100e+04 1.257287e-01
2.189200e+04 1.295524e-01
2.189300e+04 1.274422e-01
2.189400e+04 1.225519e-01
2.189500e+04 1.241701e-01
2.189600e+04 1.267494e-01
2.189700e+04 1.129587e-01
2.189800e+04 1.273745e-01
2.189900e+04 1.293307e-01
2.190000e+04 1.255993e-01
2.190100e+04 1.241963e-01
2.190200e+04 1.206436e-01
2.190300e+04 1.075929e-01
2.190400e+04 1.119072e-01
2.190500e+04 1.251342e-01
2.190600e+04 1.296846e-01
2.190700e+04 1.239246e-01
2.190800e+04 1.231500e-01
2.190900e+04 1.288539e-01
2.191000e+04 1.256756e-01
2.191100e+04 1.236095e-01
2.191200e+04 1.268699e-01
2.191300e+04 1.275669e-01
2.191400e+04 1.298592e-01
2.191500e+04 1.291197e-01
2.191600e+04 1.277489e-01
2.191700e+04 1.214780e-01
2.191800e+04 1.193935e-01
2.191900e+04 1.247283e-01
2.192000e+04 1.279586e-01
2.192100e+04 1.212794e-01
2.192200e+04 1.297858e-01
2.192300e+04 1.290133e-01
2.192400e+04 1.247190e-01
2.192500e+04 1.271039e-01
2.192600e+04 1.259057e-01
2.192700e+04 1.285352e-01
2.192800e+04 1.199142e-01
2.192900e+04 1.246180e-01
2.193000e+04 1.193095e-01
2.193100e+04 1.192274e-01
2.193200e+04 1.246862e-01
2.193300e+04 1.217592e-01
2.193400e+04 1.223265e-01
2.193500e+04 1.298156e-01
2.193600e+04 1.290423e-01
2.193700e+04 1.242949e-01
2.193800e+04 1.265922e-01
2.193900e+04 1.253295e-01
2.194000e+04 1.219082e-01
2.194100e+04 1.257324e-01
2.194200e+04 1.240896e-01
2.194300e+04 1.253853e-01
2.194400e+04 1.234910e-01
2.194500e+04 1.263574e-01
2.194600e+04 1.260814e-01
2.194700e+04 1.276716e-01
2.194800e+04 1.222530e-01
2.194900e+04 1.237362e-01
2.195000e+04 1.270677e-01
2.195100e+04 1.270021e-01
2.195200e+04 1.252717e-01
2.195300e+04 1.313783e-01
2.195400e+04 1.282794e-01
2.195500e+04 1.254256e-01
2.195600e+04 1.266963e-01
2.195700e+04 1.203417e-01
2.195800e+04 1.265331e-01
2.195900e+04 1.247260e-01
2.196000e+04 1.265636e-01
2.196100e+04 1.232187e-01
2.196200e+04 1.279474e-01
2.196300e+04 1.260243e-01
2.196400e+04 1.262280e-01
2.196500e+04 1.276754e-01
2.196600e+04 1.277586e-01
2.196700e+04 1.274484e-01
2.196800e+04 1.271817e-01
2.196900e+04 1.212926e-01
2.197000e+04 1.261050e-01
2.197100e+04 1.198471e-01
2.197200e+04 1.246794e-01
2.197300e+04 1.227156e-01
2.197400e+04 1.190997e-01
2.197500e+04 1.234799e-01
2.197600e+04 1.267657e-01
2.197700e+04 1.281883e-01
2.197800e+04 1.235625e-01
2.197900e+04 1.269650e-01
2.198000e+04 1.250777e-01
2.198100e+04 1.273373e-01
2.198200e+04 1.247708e-01
2.198300e+04 1.276708e-01
2.198400e+04 1.307192e-01
2.198500e+04 1.270329e-01
2.198600e+04 1.270334e-01
2.198700e+04 1.269054e-01
2.198800e+04 1.213073e-01
2.198900e+04 1.240606e-01
2.199000e+04 1.213562e-01
2.199100e+04 1.246988e-01
2.199200e+04 1.212668e-01
2.199300e+04 1.233624e-01
2.199400e+04 1.259894e-01
2.199500e+04 1.230710e-01
2.199600e+04 1.283794e-01
2.199700e+04 1.277596e-01
2.199800e+04 1.237082e-01
2.199900e+04 1.271817e-01
2.200000e+04 1.221933e-01
2.200100e+04 1.253075e-01
2.200200e+04 1.285657e-01
2.200300e+04 1.261390e-01
2.200400e+04 1.214148e-01
2.200500e+04 1.252952e-01
2.200600e+04 1.262241e-01
2.200700e+04 1.242515e-01
2.200800e+04 1.241143e-01
2.200900e+04 1.284418e-01
2.201000e+04 1.213310e-01
2.201100e+04 1.144391e-01
2.201200e+04 1.237703e-01
2.201300e+04 1.289765e-01
2.201400e+04 1.282474e-01
2.201500e+04 1.249725e-01
2.201600e+04 1.273300e-01
2.201700e+04 1.236834e-01
2.201800e+04 1.242223e-01
2.201900e+04 1.227285e-01
2.202000e+04 1.236633e-01
2.202100e+04 1.116910e-01
2.202200e+04 1.235653e-01
2.202300e+04 1.284079e-01
2.202400e+04 1.290117e-01
2.202500e+04 1.263492e-01
2.202600e+04 1.243959e-01
2.202700e+04 1.173091e-01
2.202800e+04 1.261675e-01
2.202900e+04 1.261754e-01
2.203000e+04 1.181115e-01
2.203100e+04 1.261921e-01
2.203200e+04 1.238717e-01
2.203300e+04 1.223448e-01
2.203400e+04 1.176015e-01
2.203500e+04 1.184838e-01
2.203600e+04 1.227248e-01
2.203700e+04 1.254315e-01
2.203800e+04 1.232053e-01
2.203900e+04 1.235234e-01
2.204000e+04 1.196407e-01
2.204100e+04 1.241121e-01
2.204200e+04 1.257732e-01
2.204300e+04 1.224709e-01
2.204400e+04 1.242226e-01
2.204500e+04 1.232535e-01
2.204600e+04 1.224843e-01
2.204700e+04 1.180429e-01
2.204800e+04 1.255786e-01
2.204900e+04 1.247626e-01
2.205000e+04 1.230649e-01
2.205100e+04 1.171910e-01
2.205200e+04 1.178698e-01
2.205300e+04 1.174458e-01
2.205400e+04 1.149697e-01
2.205500e+04 1.180110e-01
2.205600e+04 1.191291e-01
2.205700e+04 1.154330e-01
2.205800e+04 1.053931e-01
2.205900e+04 1.111019e-01
2.206000e+04 1.082396e-01
2.206100e+04 9.864254e-02
2.206200e+04 7.687178e-02
2.206300e+04 8.063734e-02
2.206400e+04 9.982806e-02
2.206500e+04 1.056107e-01
2.206600e+04 1.110867e-01
2.206700e+04 1.124942e-01
2.206800e+04 1.177121e-01
2.206900e+04 1.120084e-01
2.207000e+04 1.164307e-01
2.207100e+04 1.103801e-01
2.207200e+04 1.207516e-01
2.207300e+04 1.240104e-01
2.207400e+04 1.196989e-01
2.207500e+04 1.184004e-01
2.207600e+04 1.230257e-01
2.207700e+04 1.220184e-01
2.207800e+04 1.208504e-01
2.207900e+04 1.225105e-01
2.208000e+04 1.219378e-01
2.208100e+04 1.188647e-01
2.208200e+04 1.201867e-01
2.208300e+04 1.152987e-01
2.208400e+04 1.194178e-01
2.208500e+04 1.178994e-01
2.208600e+04 1.152558e-01
2.208700e+04 1.059788e-01
2.208800e+04 1.070611e-01
2.208900e+04 9.099745e-02
2.209000e+04 7.806871e-02
2.209100e+04 1.020478e-01
2.209200e+04 1.110175e-01
2.209300e+04 1.154175e-01
2.209400e+04 1.165985e-01
2.209500e+04 1.201138e-01
2.209600e+04 1.166105e-01
2.209700e+04 1.213445e-01
2.209800e+04 1.210961e-01
2.209900e+04 1.216315e-01
2.210000e+04 1.194005e-01
2.210100e+04 1.208412e-01
2.210200e+04 1.247868e-01
2.210300e+04 1.244745e-01
2.210400e+04 1.227143e-01
2.210500e+04 1.234668e-01
2.210600e+04 1.161459e-01
2.210700e+04 1.226206e-01
2.210800e+04 1.214992e-01
2.210900e+04 1.249136e-01
2.211000e+04 1.243240e-01
2.211100e+04 1.246641e-01
2.211200e+04 1.184408e-01
2.211300e+04 1.192127e-01
2.211400e+04 1.223682e-01
2.211500e+04 1.241810e-01
2.211600e+04 1.247218e-01
2.211700e+04 1.235530e-01
2.211800e+04 1.205697e-01
2.211900e+04 1.273750e-01
2.212000e+04 1.274996e-01
2.212100e+04 1.267998e-01
2.212200e+04 1.263664e-01
2.212300e+04 1.274091e-01
2.212400e+04 1.269789e-01
2.212500e+04 1.204468e-01
2.212600e+04 1.259608e-01
2.212700e+04 1.205397e-01
2.212800e+04 1.254526e-01
2.212900e+04 1.251508e-01
2.213000e+04 1.243453e-01
2.213100e+04 1.231666e-01
2.213200e+04 1.201766e-01
2.213300e+04 1.220137e-01
2.213400e+04 1.229053e-01
2.213500e+04 1.271201e-01
2.213600e+04 1.226490e-01
2.213700e+04 1.222829e-01
2.213800e+04 1.267933e-01
2.213900e+04 1.254946e-01
2.214000e+04 1.240225e-01
2.214100e+04 1.243580e-01
2.214200e+04 1.284874e-01
2.214300e+04 1.250024e-01
2.214400e+04 1.276636e-01
2.214500e+04 1.224066e-01
2.214600e+04 1.255974e-01
2.214700e+04 1.232706e-01
2.214800e+04 1.214412e-01
2.214900e+04 1.216267e-01
2.215000e+04 1.271615e-01
2.215100e+04 1.243338e-01
2.215200e+04 1.256536e-01
2.215300e+04 1.243630e-01
2.215400e+04 1.269011e-01
2.215500e+04 1.260130e-01
2.215600e+04 1.196231e-01
2.215700e+04 1.261835e-01
2.215800e+04 1.200063e-01
2.215900e+04 1.211817e-01
2.216000e+04 1.246254e-01
2.216100e+04 1.240011e-01
2.216200e+04 1.275141e-01
2.216300e+04 1.132200e-01
2.216400e+04 1.284283e-01
2.216500e+04 1.289700e-01
2.216600e+04 1.265147e-01
2.216700e+04 1.215036e-01
2.216800e+04 1.158980e-01
2.216900e+04 1.257415e-01
2.217000e+04 1.259403e-01
2.217100e+04 1.253093e-01
2.217200e+04 1.243743e-01
2.217300e+04 1.178741e-01
2.217400e+04 1.219489e-01
2.217500e+04 1.249849e-01
2.217600e+04 1.257883e-01
2.217700e+04 1.194741e-01
2.217800e+04 1.217620e-01
2.217900e+04 1.253509e-01
2.218000e+04 1.244144e-01
2.218100e+04 1.254726e-01
2.218200e+04 1.267289e-01
2.218300e+04 1.254761e-01
2.218400e+04 1.280849e-01
2.218500e+04 1.296348e-01
2.218600e+04 1.238758e-01
2.218700e+04 1.262315e-01
2.218800e+04 1.216684e-01
2.218900e+04 1.240632e-01
2.219000e+04 1.209088e-01
2.219100e+04 1.217644e-01
2.219200e+04 1.238253e-01
2.219300e+04 1.163447e-01
2.219400e+04 1.244358e-01
2.219500e+04 1.245987e-01
2.219600e+04 1.209858e-01
2.219700e+04 1.237117e-01
2.219800e+04 1.218174e-01
2.219900e+04 1.233240e-01
2.220000e+04 1.229939e-01
2.220100e+04 1.265461e-01
2.220200e+04 1.173203e-01
2.220300e+04 1.208215e-01
2.220400e+04 1.227752e-01
2.220500e+04 1.219051e-01
2.220600e+04 1.219820e-01
2.220700e+04 1.240898e-01
2.220800e+04 1.258289e-01
2.220900e+04 1.205430e-01
2.221000e+04 1.257993e-01
2.221100e+04 1.216643e-01
2.221200e+04 1.143305e-01
2.221300e+04 1.169009e-01
2.221400e+04 1.239681e-01
2.221500e+04 1.222385e-01
2.221600e+04 1.205322e-01
2.221700e+04 1.065622e-01
2.221800e+04 1.184861e-01
2.221900e+04 1.252238e-01
2.222000e+04 1.247134e-01
2.222100e+04 1.255808e-01
2.222200e+04 1.202790e-01
2.222300e+04 1.265179e-01
2.222400e+04 1.245080e-01
2.222500e+04 1.253792e-01
2.222600e+04 1.257929e-01
2.222700e+04 1.229688e-01
2.222800e+04 1.283067e-01
2.222900e+04 1.236128e-01
2.223000e+04 1.256626e-01
2.223100e+04 1.198756e-01
2.223200e+04 1.208363e-01
2.223300e+04 1.269048e-01
2.223400e+04 1.213345e-01
2.223500e+04 1.237950e-01
2.223600e+04 1.192381e-01
2.223700e+04 1.207395e-01
2.223800e+04 1.205637e-01
2.223900e+04 1.071516e-01
2.224000e+04 1.235306e-01
2.224100e+04 1.245208e-01
2.224200e+04 1.255778e-01
2.224300e+04 1.271346e-01
2.224400e+04 1.284942e-01
2.224500e+04 1.252360e-01
2.224600e+04 1.240594e-01
2.224700e+04 1.250098e-01
2.224800e+04 1.266219e-01
2.224900e+04 1.275399e-01
2.225000e+04 1.262334e-01
2.225100e+04 1.245714e-01
2.225200e+04 1.263143e-01
2.225300e+04 1.225636e-01
2.225400e+04 1.236062e-01
2.225500e+04 1.271645e-01
2.225600e+04 1.274914e-01
2.225700e+04 1.230929e-01
2.225800e+04 1.281722e-01
2.225900e+04 1.263015e-01
2.226000e+04 1.236994e-01
2.226100e+04 1.232258e-01
2.226200e+04 1.230240e-01
2.226300e+04 1.251355e-01
2.226400e+04 1.215298e-01
2.226500e+04 1.188706e-01
2.226600e+04 1.234835e-01
2.226700e+04 1.190740e-01
2.226800e+04 1.227466e-01
2.226900e+04 1.256433e-01
2.227000e+04 1.225257e-01
2.227100e+04 1.226002e-01
2.227200e+04 1.261087e-01
2.227300e+04 1.154075e-01
2.227400e+04 1.218320e-01
2.227500e+04 1.197839e-01
2.227600e+04 1.166586e-01
2.227700e+04 1.263127e-01
2.227800e+04 1.215033e-01
2.227900e+04 1.200022e-01
2.228000e+04 1.087603e-01
2.228100e+04 1.196651e-01
2.228200e+04 1.204484e-01
2.228300e+04 1.184795e-01
2.228400e+04 1.214885e-01
2.228500e+04 1.224539e-01
2.228600e+04 1.223889e-01
2.228700e+04 1.140610e-01
2.228800e+04 1.224139e-01
2.228900e+04 1.140742e-01
2.229000e+04 1.190227e-01
2.229100e+04 1.190081e-01
2.229200e+04 1.205520e-01
2.229300e+04 1.243157e-01
2.229400e+04 1.260966e-01
2.229500e+04 1.184563e-01
2.229600e+04 1.235339e-01
2.229700e+04 1.252679e-01
2.229800e+04 1.208673e-01
2.229900e+04 1.214819e-01
2.230000e+04 1.217855e-01
2.230100e+04 1.238762e-01
2.230200e+04 1.175452e-01
2.230300e+04 1.245581e-01
2.230400e+04 1.191335e-01
2.230500e+04 1.145977e-01
2.230600e+04 1.253815e-01
2.230700e+04 1.252901e-01
2.230800e+04 1.277718e-01
2.230900e+04 1.267584e-01
2.231000e+04 1.233866e-01
2.231100e+04 1.231098e-01
2.231200e+04 1.262787e-01
2.231300e+04 1.231643e-01
2.231400e+04 1.209395e-01
2.231500e+04 1.243262e-01
2.231600e+04 1.217728e-01
2.231700e+04 1.128154e-01
2.231800e+04 1.172441e-01
2.231900e+04 1.227603e-01
2.232000e+04 1.240974e-01
2.232100e+04 1.265301e-01
2.232200e+04 1.250107e-01
2.232300e+04 1.247532e-01
2.232400e+04 1.205262e-01
2.232500e+04 1.227350e-01
2.232600e+04 1.268103e-01
2.232700e+04 1.263183e-01
2.232800e+04 1.200495e-01
2.232900e+04 1.225738e-01
2.233000e+04 1.203662e-01
2.233100e+04 1.243090e-01
2.233200e+04 1.215510e-01
2.233300e+04 1.132079e-01
2.233400e+04 1.209699e-01
2.233500e+04 1.232509e-01
2.233600e+04 1.234390e-01
2.233700e+04 1.219917e-01
2.233800e+04 1.210788e-01
2.233900e+04 1.190206e-01
2.234000e+04 1.228782e-01
2.234100e+04 1.220210e-01
2.234200e+04 1.241160e-01
2.234300e+04 1.230691e-01
2.234400e+04 1.224061e-01
2.234500e+04 1.222517e-01
2.234600e+04 1.177779e-01
2.234700e+04 1.235600e-01
2.234800e+04 1.177109e-01
2.234900e+04 1.175735e-01
2.235000e+04 1.231989e-01
2.235100e+04 1.232699e-01
2.235200e+04 1.256412e-01
2.235300e+04 1.200767e-01
2.235400e+04 1.191721e-01
2.235500e+04 1.232472e-01
2.235600e+04 1.204878e-01
2.235700e+04 1.247610e-01
2.235800e+04 1.180889e-01
2.235900e+04 1.217003e-01
2.236000e+04 1.237322e-01
2.236100e+04 1.238759e-01
2.236200e+04 1.190433e-01
2.236300e+04 1.230837e-01
2.236400e+04 1.141094e-01
2.236500e+04 1.209186e-01
2.236600e+04 1.215791e-01
2.236700e+04 1.232447e-01
2.236800e+04 1.241403e-01
2.236900e+04 1.252068e-01
2.237000e+04 1.240934e-01
2.237100e+04 1.245046e-01
2.237200e+04 1.227973e-01
2.237300e+04 1.250672e-01
2.237400e+04 1.233929e-01
2.237500e+04 1.245395e-01
2.237600e+04 1.218376e-01
2.237700e+04 1.220187e-01
2.237800e+04 1.229727e-01
2.237900e+04 1.224471e-01
2.238000e+04 1.233234e-01
2.238100e+04 1.222065e-01
2.238200e+04 1.245718e-01
2.238300e+04 1.205599e-01
2.238400e+04 1.239539e-01
2.238500e+04 1.221357e-01
2.238600e+04 1.211096e-01
2.238700e+04 1.182392e-01
2.238800e+04 1.245131e-01
2.238900e+04 1.226152e-01
2.239000e+04 1.149675e-01
2.239100e+04 1.225035e-01
2.239200e+04 1.210937e-01
2.239300e+04 1.241987e-01
2.239400e+04 1.266202e-01
2.239500e+04 1.249218e-01
2.239600e+04 1.241433e-01
2.239700e+04 1.233303e-01
2.239800e+04 1.256109e-01
2.239900e+04 1.252197e-01
2.240000e+04 1.220608e-01
2.240100e+04 1.147565e-01
2.240200e+04 1.236083e-01
2.240300e+04 1.188415e-01
2.240400e+04 1.237325e-01
2.240500e+04 1.239186e-01
2.240600e+04 1.255038e-01
2.240700e+04 1.237297e-01
2.240800e+04 1.221873e-01
2.240900e+04 1.266095e-01
2.241000e+04 1.248611e-01
2.241100e+04 1.217297e-01
2.241200e+04 1.251690e-01
2.241300e+04 1.224018e-01
2.241400e+04 1.221950e-01
2.241500e+04 1.238678e-01
2.241600e+04 1.237242e-01
2.241700e+04 1.232484e-01
2.241800e+04 1.165723e-01
2.241900e+04 1.138116e-01
2.242000e+04 1.239101e-01
2.242100e+04 1.219332e-01
2.242200e+04 1.201111e-01
2.242300e+04 1.247283e-01
2.242400e+04 1.243181e-01
2.242500e+04 1.227430e-01
2.242600e+04 1.229719e-01
2.242700e+04 1.163944e-01
2.242800e+04 1.187331e-01
2.242900e+04 1.237709e-01
2.243000e+04 1.245296e-01
2.243100e+04 1.152090e-01
2.243200e+04 1.239392e-01
2.243300e+04 1.228006e-01
2.243400e+04 1.217602e-01
2.243500e+04 1.176619e-01
2.243600e+04 1.160573e-01
2.243700e+04 1.220193e-01
2.243800e+04 1.260975e-01
2.243900e+04 1.269899e-01
2.244000e+04 1.257387e-01
2.244100e+04 1.203399e-01
2.244200e+04 1.167467e-01
2.244300e+04 1.207015e-01
2.244400e+04 1.189110e-01
2.244500e+04 1.239911e-01
2.244600e+04 1.241107e-01
2.244700e+04 1.263540e-01
2.244800e+04 1.134156e-01
2.244900e+04 1.206937e-01
2.245000e+04 1.145849e-01
2.245100e+04 1.197788e-01
2.245200e+04 1.215174e-01
2.245300e+04 1.268688e-01
2.245400e+04 1.253410e-01
2.245500e+04 1.250480e-01
2.245600e+04 1.225536e-01
2.245700e+04 1.246770e-01
2.245800e+04 1.242739e-01
2.245900e+04 1.232680e-01
2.246000e+04 1.234150e-01
2.246100e+04 1.183428e-01
2.246200e+04 1.245967e-01
2.246300e+04 1.206098e-01
2.246400e+04 1.201420e-01
2.246500e+04 1.220625e-01
2.246600e+04 1.221891e-01
2.246700e+04 1.137833e-01
2.246800e+04 1.226870e-01
2.246900e+04 1.232591e-01
2.247000e+04 1.240911e-01
2.247100e+04 1.231925e-01
2.247200e+04 1.252130e-01
2.247300e+04 1.203799e-01
2.247400e+04 1.202534e-01
2.247500e+04 1.228109e-01
2.247600e+04 1.180914e-01
2.247700e+04 1.202774e-01
2.247800e+04 1.229666e-01
2.247900e+04 1.256622e-01
2.248000e+04 1.236455e-01
2.248100e+04 1.201102e-01
2.248200e+04 1.238702e-01
2.248300e+04 1.100125e-01
2.248400e+04 1.213400e-01
2.248500e+04 1.247004e-01
2.248600e+04 1.208939e-01
2.248700e+04 1.252523e-01
2.248800e+04 1.237129e-01
2.248900e+04 1.260028e-01
2.249000e+04 1.233057e-01
2.249100e+04 1.252121e-01
2.249200e+04 1.238700e-01
2.249300e+04 1.214243e-01
2.249400e+04 1.196400e-01
2.249500e+04 1.223105e-01
2.249600e+04 1.257381e-01
2.249700e+04 1.187919e-01
2.249800e+04 1.203391e-01
2.249900e+04 1.225428e-01
2.250000e+04 1.240100e-01
2.250100e+04 1.114120e-01
2.250200e+04 1.239842e-01
2.250300e+04 1.156857e-01
2.250400e+04 1.219621e-01
2.250500e+04 1.152145e-01
2.250600e+04 1.255533e-01
2.250700e+04 1.214922e-01
2.250800e+04 1.227503e-01
2.250900e+04 1.175119e-01
2.251000e+04 1.230952e-01
2.251100e+04 1.241485e-01
2.251200e+04 1.226601e-01
2.251300e+04 1.241088e-01
2.251400e+04 1.255425e-01
2.251500e+04 1.239137e-01
2.251600e+04 1.242344e-01
2.251700e+04 1.138522e-01
2.251800e+04 1.242538e-01
2.251900e+04 1.176907e-01
2.252000e+04 1.210441e-01
2.252100e+04 1.240625e-01
2.252200e+04 1.195433e-01
2.252300e+04 1.219379e-01
2.252400e+04 1.198820e-01
2.252500e+04 1.227639e-01
2.252600e+04 1.246947e-01
2.252700e+04 1.223157e-01
2.252800e+04 1.130451e-01
2.252900e+04 1.183297e-01
2.253000e+04 1.238362e-01
2.253100e+04 1.247722e-01
2.253200e+04 1.214189e-01
2.253300e+04 1.246951e-01
2.253400e+04 1.222430e-01
2.253500e+04 1.227222e-01
2.253600e+04 1.203043e-01
2.253700e+04 1.144289e-01
2.253800e+04 1.236471e-01
2.253900e+04 1.225420e-01
2.254000e+04 1.231410e-01
2.254100e+04 1.234971e-01
2.254200e+04 1.209806e-01
2.254300e+04 1.223873e-01
2.254400e+04 1.181668e-01
2.254500e+04 1.174885e-01
2.254600e+04 1.182082e-01
2.254700e+04 1.210947e-01
2.254800e+04 1.223900e-01
2.254900e+04 1.163444e-01
2.255000e+04 1.142577e-01
2.255100e+04 1.203662e-01
2.255200e+04 1.224174e-01
2.255300e+04 1.168621e-01
2.255400e+04 1.218544e-01
2.255500e+04 1.227961e-01
2.255600e+04 1.231559e-01
2.255700e+04 1.216794e-01
2.255800e+04 1.233915e-01
2.255900e+04 1.141393e-01
2.256000e+04 1.219937e-01
2.256100e+04 1.211721e-01
2.256200e+04 1.238079e-01
2.256300e+04 1.237649e-01
2.256400e+04 1.171806e-01
2.256500e+04 1.209938e-01
2.256600e+04 1.223344e-01
2.256700e+04 1.226656e-01
2.256800e+04 1.252500e-01
2.256900e+04 1.237114e-01
2.257000e+04 1.230773e-01
2.257100e+04 1.207513e-01
2.257200e+04 1.226972e-01
2.257300e+04 1.222491e-01
2.257400e+04 1.188791e-01
2.257500e+04 1.183581e-01
2.257600e+04 1.187334e-01
2.257700e+04 1.204244e-01
2.257800e+04 1.147058e-01
2.257900e+04 1.104837e-01
2.258000e+04 1.216728e-01
2.258100e+04 1.203870e-01
2.258200e+04 1.232119e-01
2.258300e+04 1.233312e-01
2.258400e+04 1.173503e-01
2.258500e+04 1.213294e-01
2.258600e+04 1.151650e-01
2.258700e+04 1.215096e-01
2.258800e+04 1.215486e-01
2.258900e+04 1.231958e-01
2.259000e+04 1.224754e-01
2.259100e+04 1.231802e-01
2.259200e+04 1.182519e-01
2.259300e+04 1.159446e-01
2.259400e+04 1.200148e-01
2.259500e+04 1.194736e-01
2.259600e+04 1.196745e-01
2.259700e+04 1.205946e-01
2.259800e+04 1.231501e-01
2.259900e+04 1.229385e-01
2.260000e+04 1.225044e-01
2.260100e+04 1.182152e-01
2.260200e+04 1.214282e-01
2.260300e+04 1.178471e-01
2.260400e+04 1.166886e-01
2.260500e+04 1.198179e-01
2.260600e+04 1.181096e-01
2.260700e+04 1.205968e-01
2.260800e+04 1.219133e-01
2.260900e+04 1.199567e-01
2.261000e+04 1.191110e-01
2.261100e+04 1.216532e-01
2.261200e+04 1.207260e-01
2.261300e+04 1.144553e-01
2.261400e+04 1.122689e-01
2.261500e+04 1.165642e-01
2.261600e+04 1.198060e-01
2.261700e+04 1.188810e-01
2.261800e+04 1.200568e-01
2.261900e+04 1.198241e-01
2.262000e+04 1.190879e-01
2.262100e+04 1.149260e-01
2.262200e+04 1.196302e-01
2.262300e+04 1.209853e-01
2.262400e+04 1.178235e-01
2.262500e+04 1.206825e-01
2.262600e+04 1.156953e-01
2.262700e+04 1.163448e-01
2.262800e+04 1.178502e-01
2.262900e+04 1.197620e-01
2.263000e+04 1.177407e-01
2.263100e+04 1.110189e-01
2.263200e+04 1.018137e-01
2.263300e+04 1.158435e-01
2.263400e+04 1.184431e-01
2.263500e+04 1.193221e-01
2.263600e+04 1.231253e-01
2.263700e+04 1.227680e-01
2.263800e+04 1.155886e-01
2.263900e+04 1.123543e-01
2.264000e+04 1.234607e-01
2.264100e+04 1.197352e-01
2.264200e+04 1.169869e-01
2.264300e+04 1.191530e-01
2.264400e+04 1.170249e-01
2.264500e+04 1.225733e-01
2.264600e+04 1.205841e-01
2.264700e+04 1.077156e-01
2.264800e+04 1.202301e-01
2.264900e+04 1.119272e-01
2.265000e+04 1.226972e-01
2.265100e+04 1.205261e-01
2.265200e+04 1.216425e-01
2.265300e+04 1.214133e-01
2.265400e+04 1.181997e-01
2.265500e+04 1.169303e-01
2.265600e+04 1.160250e-01
2.265700e+04 1.087687e-01
2.265800e+04 1.124033e-01
2.265900e+04 1.179168e-01
2.266000e+04 1.169877e-01
2.266100e+04 1.190037e-01
2.266200e+04 1.211677e-01
2.266300e+04 1.180098e-01
2.266400e+04 1.163866e-01
2.266500e+04 1.178871e-01
2.266600e+04 1.198243e-01
2.266700e+04 1.186834e-01
2.266800e+04 1.190984e-01
2.266900e+04 1.156251e-01
2.267000e+04 1.228854e-01
2.267100e+04 1.197931e-01
2.267200e+04 1.189354e-01
2.267300e+04 1.198812e-01
2.267400e+04 1.229753e-01
2.267500e+04 1.202132e-01
2.267600e+04 1.195157e-01
2.267700e+04 1.140857e-01
2.267800e+04 1.219959e-01
2.267900e+04 1.228840e-01
2.268000e+04 1.210724e-01
2.268100e+04 1.217467e-01
2.268200e+04 1.167342e-01
2.268300e+04 1.219330e-01
2.268400e+04 1.210088e-01
2.268500e+04 1.235974e-01
2.268600e+04 1.228844e-01
2.268700e+04 1.182455e-01
2.268800e+04 1.107513e-01
2.268900e+04 1.178897e-01
2.269000e+04 1.208265e-01
2.269100e+04 1.219953e-01
2.269200e+04 1.178639e-01
2.269300e+04 1.221673e-01
2.269400e+04 1.223040e-01
2.269500e+04 1.199429e-01
2.269600e+04 1.158560e-01
2.269700e+04 1.193598e-01
2.269800e+04 1.212079e-01
2.269900e+04 1.194953e-01
2.270000e+04 1.207397e-01
2.270100e+04 1.213393e-01
2.270200e+04 1.163732e-01
2.270300e+04 1.096420e-01
2.270400e+04 1.128872e-01
2.270500e+04 1.202918e-01
2.270600e+04 1.205902e-01
2.270700e+04 1.209460e-01
2.270800e+04 1.202252e-01
2.270900e+04 1.082694e-01
2.271000e+04 1.207631e-01
2.271100e+04 1.215097e-01
2.271200e+04 1.199463e-01
2.271300e+04 1.209837e-01
2.271400e+04 1.206348e-01
2.271500e+04 1.161498e-01
2.271600e+04 1.179641e-01
2.271700e+04 1.192110e-01
2.271800e+04 1.208185e-01
2.271900e+04 1.204220e-01
2.272000e+04 1.135889e-01
2.272100e+04 1.161738e-01
2.272200e+04 1.190241e-01
2.272300e+04 1.215471e-01
2.272400e+04 1.180444e-01
2.272500e+04 1.125004e-01
2.272600e+04 1.215580e-01
2.272700e+04 1.202116e-01
2.272800e+04 1.211822e-01
2.272900e+04 1.205078e-01
2.273000e+04 1.154253e-01
2.273100e+04 1.185978e-01
2.273200e+04 1.222658e-01
2.273300e+04 1.177150e-01
2.273400e+04 1.182890e-01
2.273500e+04 1.182236e-01
2.273600e+04 1.221594e-01
2.273700e+04 1.223355e-01
2.273800e+04 1.197120e-01
2.273900e+04 1.190351e-01
2.274000e+04 1.125264e-01
2.274100e+04 1.194064e-01
2.274200e+04 1.161561e-01
2.274300e+04 1.199407e-01
2.274400e+04 1.195261e-01
2.274500e+04 1.152436e-01
2.274600e+04 1.165302e-01
2.274700e+04 1.095771e-01
2.274800e+04 1.221475e-01
2.274900e+04 1.202506e-01
2.275000e+04 1.213784e-01
2.275100e+04 1.205103e-01
2.275200e+04 1.223728e-01
2.275300e+04 1.202992e-01
2.275400e+04 1.201722e-01
2.275500e+04 1.222906e-01
2.275600e+04 1.207926e-01
2.275700e+04 1.188673e-01
2.275800e+04 1.217460e-01
2.275900e+04 1.196814e-01
2.276000e+04 1.179889e-01
2.276100e+04 1.148308e-01
2.276200e+04 1.165045e-01
2.276300e+04 1.154504e-01
2.276400e+04 1.224963e-01
2.276500e+04 1.224411e-01
2.276600e+04 1.214762e-01
2.276700e+04 1.157485e-01
2.276800e+04 1.205110e-01
2.276900e+04 1.214908e-01
2.277000e+04 1.208795e-01
2.277100e+04 1.195619e-01
2.277200e+04 1.172250e-01
2.277300e+04 1.201545e-01
2.277400e+04 1.197272e-01
2.277500e+04 1.206575e-01
2.277600e+04 1.174595e-01
2.277700e+04 1.207197e-01
2.277800e+04 1.161519e-01
2.277900e+04 1.169534e-01
2.278000e+04 1.192292e-01
2.278100e+04 1.220954e-01
2.278200e+04 1.217271e-01
2.278300e+04 1.175303e-01
2.278400e+04 1.198697e-01
2.278500e+04 1.196023e-01
2.278600e+04 1.138019e-01
2.278700e+04 1.138395e-01
2.278800e+04 1.168133e-01
2.278900e+04 1.198938e-01
2.279000e+04 1.198730e-01
2.279100e+04 1.077109e-01
2.279200e+04 1.192315e-01
2.279300e+04 1.207525e-01
2.279400e+04 1.120641e-01
2.279500e+04 1.207079e-01
2.279600e+04 1.175926e-01
2.279700e+04 1.221025e-01
2.279800e+04 1.180412e-01
2.279900e+04 1.212608e-01
2.280000e+04 1.199960e-01
2.280100e+04 1.123164e-01
2.280200e+04 1.135119e-01
2.280300e+04 1.162552e-01
2.280400e+04 1.160565e-01
2.280500e+04 1.204655e-01
2.280600e+04 1.214543e-01
2.280700e+04 1.104073e-01
2.280800e+04 1.056782e-01
2.280900e+04 1.131109e-01
2.281000e+04 1.159216e-01
2.281100e+04 1.210174e-01
2.281200e+04 1.170577e-01
2.281300e+04 1.207881e-01
2.281400e+04 1.214096e-01
2.281500e+04 1.202339e-01
2.281600e+04 1.206530e-01
2.281700e+04 1.184611e-01
2.281800e+04 1.179279e-01
2.281900e+04 1.196577e-01
2.282000e+04 1.184612e-01
2.282100e+04 1.189191e-01
2.282200e+04 1.177035e-01
2.282300e+04 1.157863e-01
2.282400e+04 1.192557e-01
2.282500e+04 1.188322e-01
2.282600e+04 1.162477e-01
2.282700e+04 1.091890e-01
2.282800e+04 1.121475e-01
2.282900e+04 1.167573e-01
2.283000e+04 1.184520e-01
2.283100e+04 1.140608e-01
2.283200e+04 1.097520e-01
2.283300e+04 1.165678e-01
2.283400e+04 1.175533e-01
2.283500e+04 1.202525e-01
2.283600e+04 1.190047e-01
2.283700e+04 1.194041e-01
2.283800e+04 1.176814e-01
2.283900e+04 1.127803e-01
2.284000e+04 1.140809e-01
2.284100e+04 1.185296e-01
2.284200e+04 1.191114e-01
2.284300e+04 1.185416e-01
2.284400e+04 1.177412e-01
2.284500e+04 1.004328e-01
2.284600e+04 1.166086e-01
2.284700e+04 1.162318e-01
2.284800e+04 1.148978e-01
2.284900e+04 1.193033e-01
2.285000e+04 1.175611e-01
2.285100e+04 1.206371e-01
2.285200e+04 1.216083e-01
2.285300e+04 1.180083e-01
2.285400e+04 1.190265e-01
2.285500e+04 1.176517e-01
2.285600e+04 1.208815e-01
2.285700e+04 1.121201e-01
2.285800e+04 1.192744e-01
2.285900e+04 1.163999e-01
2.286000e+04 1.176956e-01
2.286100e+04 1.189144e-01
2.286200e+04 1.163202e-01
2.286300e+04 1.192652e-01
2.286400e+04 1.206076e-01
2.286500e+04 1.212370e-01
2.286600e+04 1.191721e-01
2.286700e+04 1.200668e-01
2.286800e+04 1.164534e-01
2.286900e+04 1.153836e-01
2.287000e+04 1.175702e-01
2.287100e+04 1.172516e-01
2.287200e+04 1.214477e-01
2.287300e+04 1.230326e-01
2.287400e+04 1.152782e-01
2.287500e+04 1.177997e-01
2.287600e+04 1.181287e-01
2.287700e+04 1.141440e-01
2.287800e+04 1.168025e-01
2.287900e+04 1.193438e-01
2.288000e+04 1.186293e-01
2.288100e+04 1.197806e-01
2.288200e+04 1.211209e-01
2.288300e+04 1.199497e-01
2.288400e+04 1.199072e-01
2.288500e+04 1.158624e-01
2.288600e+04 1.153835e-01
2.288700e+04 1.163114e-01
2.288800e+04 1.184755e-01
2.288900e+04 1.189157e-01
2.289000e+04 1.156621e-01
2.289100e+04 1.172455e-01
2.289200e+04 1.177081e-01
2.289300e+04 1.165987e-01
2.289400e+04 1.171862e-01
2.289500e+04 1.154632e-01
2.289600e+04 1.197767e-01
2.289700e+04 1.141488e-01
2.289800e+04 1.201075e-01
2.289900e+04 1.217484e-01
2.290000e+04 1.199717e-01
2.290100e+04 1.205618e-01
2.290200e+04 1.185448e-01
2.290300e+04 1.140088e-01
2.290400e+04 1.174424e-01
2.290500e+04 1.208544e-01
2.290600e+04 1.197693e-01
2.290700e+04 1.154255e-01
2.290800e+04 1.186811e-01
2.290900e+04 1.193361e-01
2.291000e+04 1.189256e-01
2.291100e+04 1.200484e-01
2.291200e+04 1.193108e-01
2.291300e+04 1.120398e-01
2.291400e+04 1.190458e-01
2.291500e+04 1.177282e-01
2.291600e+04 1.181896e-01
2.291700e+04 1.070390e-01
2.291800e+04 1.094791e-01
2.291900e+04 1.157721e-01
2.292000e+04 1.130459e-01
2.292100e+04 1.209557e-01
2.292200e+04 1.173663e-01
2.292300e+04 1.149704e-01
2.292400e+04 1.208383e-01
2.292500e+04 1.159798e-01
2.292600e+04 1.153121e-01
2.292700e+04 1.164277e-01
2.292800e+04 1.194610e-01
2.292900e+04 1.130551e-01
2.293000e+04 1.168092e-01
2.293100e+04 1.062848e-01
2.293200e+04 1.181586e-01
2.293300e+04 1.180769e-01
2.293400e+04 1.145573e-01
2.293500e+04 8.419335e-02
2.293600e+04 7.283687e-02
2.293700e+04 8.515559e-02
2.293800e+04 8.431888e-02
2.293900e+04 9.043522e-02
2.294000e+04 9.683216e-02
2.294100e+04 9.232696e-02
2.294200e+04 9.303919e-02
2.294300e+04 1.015682e-01
2.294400e+04 8.281109e-02
2.294500e+04 1.142836e-01
2.294600e+04 9.783526e-02
2.294700e+04 8.737607e-02
2.294800e+04 1.112115e-01
2.294900e+04 1.051912e-01
2.295000e+04 8.380686e-02
2.295100e+04 1.036323e-01
2.295200e+04 1.128890e-01
2.295300e+04 9.838444e-02
2.295400e+04 8.712952e-02
2.295500e+04 1.140684e-01
2.295600e+04 1.115991e-01
2.295700e+04 1.008915e-01
2.295800e+04 8.588163e-02
2.295900e+04 1.147654e-01
2.296000e+04 1.129608e-01
2.296100e+04 1.146925e-01
2.296200e+04 9.517959e-02
2.296300e+04 8.860660e-02
2.296400e+04 1.108479e-01
2.296500e+04 1.115006e-01
2.296600e+04 1.079268e-01
2.296700e+04 9.326623e-02
2.296800e+04 9.258791e-02
2.296900e+04 1.097158e-01
2.297000e+04 1.048846e-01
2.297100e+04 1.112332e-01
2.297200e+04 9.932467e-02
2.297300e+04 8.567009e-02
2.297400e+04 1.152174e-01
2.297500e+04 1.175450e-01
2.297600e+04 1.155747e-01
2.297700e+04 1.119372e-01
2.297800e+04 9.363365e-02
2.297900e+04 9.107554e-02
2.298000e+04 1.125893e-01
2.298100e+04 1.123738e-01
2.298200e+04 1.161658e-01
2.298300e+04 1.117835e-01
2.298400e+04 9.990801e-02
2.298500e+04 8.860373e-02
2.298600e+04 1.111305e-01
2.298700e+04 1.107992e-01
2.298800e+04 1.156061e-01
2.298900e+04 1.182758e-01
2.299000e+04 1.070573e-01
2.299100e+04 8.164676e-02
2.299200e+04 1.011251e-01
2.299300e+04 1.095390e-01
2.299400e+04 1.158162e-01
2.299500e+04 1.168595e-01
2.299600e+04 1.172658e-01
2.299700e+04 1.121447e-01
2.299800e+04 8.128139e-02
2.299900e+04 1.130332e-01
2.300000e+04 1.159271e-01
2.300100e+04 1.162168e-01
2.300200e+04 1.147174e-01
2.300300e+04 1.177234e-01
2.300400e+04 1.107494e-01
2.300500e+04 8.544749e-02
2.300600e+04 9.756412e-02
2.300700e+04 1.140735e-01
2.300800e+04 1.154128e-01
2.300900e+04 1.149369e-01
2.301000e+04 1.150596e-01
2.301100e+04 1.089795e-01
2.301200e+04 1.047863e-01
2.301300e+04 7.952723e-02
2.301400e+04 1.052292e-01
2.301500e+04 1.099781e-01
2.301600e+04 1.145196e-01
2.301700e+04 1.158672e-01
2.301800e+04 1.155522e-01
2.301900e+04 1.152566e-01
2.302000e+04 1.142686e-01
2.302100e+04 8.547956e-02
2.302200e+04 1.104521e-01
2.302300e+04 1.178323e-01
2.302400e+04 1.150767e-01
2.302500e+04 1.171120e-01
2.302600e+04 1.168692e-01
2.302700e+04 1.143414e-01
2.302800e+04 1.064216e-01
2.302900e+04 1.044776e-01
2.303000e+04 8.310116e-02
2.303100e+04 1.126067e-01
2.303200e+04 1.096970e-01
2.303300e+04 1.164244e-01
2.303400e+04 1.113140e-01
2.303500e+04 1.102835e-01
2.303600e+04 1.139176e-01
2.303700e+04 1.122600e-01
2.303800e+04 1.058391e-01
2.303900e+04 7.946777e-02
2.304000e+04 1.134669e-01
2.304100e+04 1.143051e-01
2.304200e+04 1.168510e-01
2.304300e+04 1.171273e-01
2.304400e+04 1.170072e-01
2.304500e+04 1.174036e-01
2.304600e+04 1.154352e-01
2.304700e+04 1.084108e-01
2.304800e+04 8.057670e-02
2.304900e+04 1.079483e-01
2.305000e+04 1.117594e-01
2.305100e+04 1.109965e-01
2.305200e+04 1.153814e-01
2.305300e+04 1.143026e-01
2.305400e+04 1.102423e-01
2.305500e+04 1.077318e-01
2.305600e+04 1.086129e-01
2.305700e+04 1.083765e-01
2.305800e+04 8.195695e-02
2.305900e+04 1.084743e-01
2.306000e+04 1.128485e-01
2.306100e+04 1.143262e-01
2.306200e+04 1.153532e-01
2.306300e+04 1.155563e-01
2.306400e+04 1.158275e-01
2.306500e+04 1.085940e-01
2.306600e+04 1.088448e-01
2.306700e+04 1.099725e-01
2.306800e+04 8.065733e-02
2.306900e+04 1.088776e-01
2.307000e+04 1.137516e-01
2.307100e+04 1.163747e-01
2.307200e+04 1.168644e-01
2.307300e+04 1.163512e-01
2.307400e+04 1.127551e-01
2.307500e+04 1.143547e-01
2.307600e+04 9.817566e-02
2.307700e+04 1.137894e-01
2.307800e+04 9.058125e-02
2.307900e+04 1.024349e-01
2.308000e+04 1.088273e-01
2.308100e+04 1.151249e-01
2.308200e+04 1.158161e-01
2.308300e+04 1.165807e-01
2.308400e+04 1.127707e-01
2.308500e+04 1.171761e-01
2.308600e+04 1.160633e-01
2.308700e+04 1.130598e-01
2.308800e+04 1.115357e-01
2.308900e+04 8.520951e-02
2.309000e+04 1.035610e-01
2.309100e+04 1.092169e-01
2.309200e+04 1.095928e-01
2.309300e+04 1.164835e-01
2.309400e+04 1.160348e-01
2.309500e+04 1.165778e-01
2.309600e+04 1.020547e-01
2.309700e+04 1.055554e-01
2.309800e+04 1.107168e-01
2.309900e+04 1.112260e-01
2.310000e+04 1.069610e-01
2.310100e+04 8.642878e-02
2.310200e+04 1.142677e-01
2.310300e+04 1.126275e-01
2.310400e+04 1.117911e-01
2.310500e+04 1.073350e-01
2.310600e+04 1.097793e-01
2.310700e+04 1.143919e-01
2.310800e+04 1.122698e-01
2.310900e+04 1.079972e-01
2.311000e+04 1.101793e-01
2.311100e+04 1.015003e-01
2.311200e+04 8.900529e-02
2.311300e+04 1.002844e-01
2.311400e+04 1.158790e-01
2.311500e+04 1.117967e-01
2.311600e+04 1.034853e-01
2.311700e+04 1.094353e-01
2.311800e+04 1.147588e-01
2.311900e+04 1.113247e-01
2.312000e+04 1.161569e-01
2.312100e+04 1.076572e-01
2.312200e+04 1.155889e-01
2.312300e+04 1.109421e-01
2.312400e+04 9.965708e-02
2.312500e+04 9.182423e-02
2.312600e+04 1.110726e-01
2.312700e+04 1.099167e-01
2.312800e+04 1.134600e-01
2.312900e+04 1.113755e-01
2.313000e+04 1.126416e-01
2.313100e+04 1.067872e-01
2.313200e+04 1.126859e-01
2.313300e+04 1.134427e-01
2.313400e+04 1.143705e-01
2.313500e+04 1.157610e-01
2.313600e+04 1.154160e-01
2.313700e+04 8.041232e-02
2.313800e+04 1.094877e-01
2.313900e+04 1.130834e-01
2.314000e+04 1.097715e-01
2.314100e+04 9.691601e-02
2.314200e+04 1.139335e-01
2.314300e+04 1.123424e-01
2.314400e+04 1.144052e-01
2.314500e+04 1.146764e-01
2.314600e+04 1.085861e-01
2.314700e+04 1.025516e-01
2.314800e+04 1.028560e-01
2.314900e+04 9.829501e-02
2.315000e+04 7.447455e-02
2.315100e+04 1.103370e-01
2.315200e+04 1.081035e-01
2.315300e+04 1.140584e-01
2.315400e+04 1.140058e-01
2.315500e+04 1.109896e-01
2.315600e+04 1.142709e-01
2.315700e+04 1.133063e-01
2.315800e+04 1.131072e-01
2.315900e+04 1.129906e-01
2.316000e+04 1.069757e-01
2.316100e+04 1.121754e-01
2.316200e+04 1.093991e-01
2.316300e+04 8.552679e-02
2.316400e+04 9.907776e-02
2.316500e+04 1.014917e-01
2.316600e+04 1.153844e-01
2.316700e+04 1.072299e-01
2.316800e+04 1.144524e-01
2.316900e+04 1.105959e-01
2.317000e+04 1.158536e-01
2.317100e+04 1.092982e-01
2.317200e+04 1.129330e-01
2.317300e+04 1.108385e-01
2.317400e+04 1.118108e-01
2.317500e+04 9.825669e-02
2.317600e+04 1.082569e-01
2.317700e+04 8.185524e-02
2.317800e+04 1.081055e-01
2.317900e+04 1.136692e-01
2.318000e+04 1.156756e-01
2.318100e+04 1.053582e-01
2.318200e+04 1.064287e-01
2.318300e+04 1.122916e-01
2.318400e+04 1.128623e-01
2.318500e+04 1.078983e-01
2.318600e+04 1.154773e-01
2.318700e+04 1.152034e-01
2.318800e+04 1.152240e-01
2.318900e+04 1.123900e-01
2.319000e+04 1.118720e-01
2.319100e+04 8.546133e-02
2.319200e+04 1.041446e-01
2.319300e+04 1.136373e-01
2.319400e+04 1.152295e-01
2.319500e+04 1.156385e-01
2.319600e+04 9.577033e-02
2.319700e+04 1.110369e-01
2.319800e+04 1.164992e-01
2.319900e+04 1.132383e-01
2.320000e+04 1.099101e-01
2.320100e+04 1.170173e-01
2.320200e+04 1.155250e-01
2.320300e+04 1.089322e-01
2.320400e+04 1.058293e-01
2.320500e+04 1.016238e-01
2.320600e+04 8.028280e-02
2.320700e+04 1.109025e-01
2.320800e+04 1.045864e-01
2.320900e+04 1.056495e-01
2.321000e+04 1.059884e-01
2.321100e+04 1.035818e-01
2.321200e+04 1.049629e-01
2.321300e+04 1.140633e-01
2.321400e+04 1.151723e-01
2.321500e+04 1.100778e-01
2.321600e+04 1.105542e-01
2.321700e+04 1.098348e-01
2.321800e+04 1.123054e-01
2.321900e+04 1.119545e-01
2.322000e+04 1.083973e-01
2.322100e+04 8.051322e-02
2.322200e+04 1.028330e-01
2.322300e+04 1.087716e-01
2.322400e+04 1.097229e-01
2.322500e+04 1.124909e-01
2.322600e+04 9.357280e-02
2.322700e+04 6.394448e-02
2.322800e+04 7.715933e-02
2.322900e+04 8.473382e-02
2.323000e+04 7.418721e-02
2.323100e+04 9.258486e-02
2.323200e+04 8.048016e-02
2.323300e+04 1.033258e-01
2.323400e+04 8.526593e-02
2.323500e+04 9.565788e-02
2.323600e+04 8.255491e-02
2.323700e+04 8.443032e-02
2.323800e+04 9.747804e-02
2.323900e+04 9.917904e-02
2.324000e+04 8.822843e-02
2.324100e+04 9.756591e-02
2.324200e+04 1.110711e-01
2.324300e+04 9.586447e-02
2.324400e+04 8.397693e-02
2.324500e+04 1.086717e-01
2.324600e+04 1.121209e-01
2.324700e+04 9.371973e-02
2.324800e+04 8.242320e-02
2.324900e+04 9.896808e-02
2.325000e+04 1.053385e-01
2.325100e+04 9.382471e-02
2.325200e+04 7.459438e-02
2.325300e+04 9.080336e-02
2.325400e+04 1.109763e-01
2.325500e+04 1.098111e-01
2.325600e+04 9.614548e-02
2.325700e+04 9.000800e-02
2.325800e+04 9.693036e-02
2.325900e+04 1.072861e-01
2.326000e+04 9.676388e-02
2.326100e+04 8.906826e-02
2.326200e+04 9.638000e-02
2.326300e+04 8.078886e-02
2.326400e+04 1.030000e-01
2.326500e+04 1.131084e-01
2.326600e+04 1.105506e-01
2.326700e+04 9.820589e-02
2.326800e+04 7.886551e-02
2.326900e+04 1.032937e-01
2.327000e+04 1.073273e-01
2.327100e+04 1.093541e-01
2.327200e+04 1.073083e-01
2.327300e+04 9.875310e-02
2.327400e+04 8.898176e-02
2.327500e+04 1.001741e-01
2.327600e+04 1.130176e-01
2.327700e+04 1.141046e-01
2.327800e+04 1.070109e-01
2.327900e+04 9.930175e-02
2.328000e+04 1.032072e-01
2.328100e+04 8.144661e-02
2.328200e+04 1.047846e-01
2.328300e+04 1.096061e-01
2.328400e+04 1.042993e-01
2.328500e+04 8.379138e-02
2.328600e+04 1.016738e-01
2.328700e+04 1.000397e-01
2.328800e+04 7.843163e-02
2.328900e+04 1.062984e-01
2.329000e+04 1.079145e-01
2.329100e+04 9.786614e-02
2.329200e+04 1.109154e-01
2.329300e+04 1.132863e-01
2.329400e+04 1.004319e-01
2.329500e+04 8.048931e-02
2.329600e+04 1.028068e-01
2.329700e+04 1.146972e-01
2.329800e+04 1.127233e-01
2.329900e+04 1.031660e-01
2.330000e+04 1.089944e-01
2.330100e+04 1.002780e-01
2.330200e+04 8.073840e-02
2.330300e+04 8.085956e-02
2.330400e+04 1.054877e-01
2.330500e+04 9.110854e-02
2.330600e+04 9.758854e-02
2.330700e+04 9.906621e-02
2.330800e+04 1.067855e-01
2.330900e+04 1.069433e-01
2.331000e+04 9.946725e-02
2.331100e+04 7.916120e-02
2.331200e+04 1.015191e-01
2.331300e+04 1.113750e-01
2.331400e+04 1.067546e-01
2.331500e+04 1.081224e-01
2.331600e+04 1.025977e-01
2.331700e+04 1.020537e-01
2.331800e+04 1.093775e-01
2.331900e+04 7.747161e-02
2.332000e+04 8.368494e-02
2.332100e+04 1.093219e-01
2.332200e+04 1.070054e-01
2.332300e+04 1.103586e-01
2.332400e+04 1.113559e-01
2.332500e+04 1.076491e-01
2.332600e+04 1.123508e-01
2.332700e+04 1.110878e-01
2.332800e+04 8.461923e-02
2.332900e+04 9.378271e-02
2.333000e+04 1.094412e-01
2.333100e+04 1.046444e-01
2.333200e+04 1.074386e-01
2.333300e+04 1.079755e-01
2.333400e+04 1.059240e-01
2.333500e+04 1.102803e-01
2.333600e+04 1.074089e-01
2.333700e+04 8.521498e-02
2.333800e+04 7.996850e-02
2.333900e+04 1.087462e-01
2.334000e+04 1.108060e-01
2.334100e+04 1.095054e-01
2.334200e+04 1.017124e-01
2.334300e+04 9.290888e-02
2.334400e+04 9.897836e-02
2.334500e+04 1.027063e-01
2.334600e+04 1.058028e-01
2.334700e+04 9.380730e-02
2.334800e+04 7.740307e-02
2.334900e+04 1.052614e-01
2.335000e+04 1.060839e-01
2.335100e+04 1.019101e-01
2.335200e+04 9.863845e-02
2.335300e+04 9.613241e-02
2.335400e+04 8.636757e-02
2.335500e+04 7.363117e-02
2.335600e+04 9.015341e-02
2.335700e+04 9.516027e-02
2.335800e+04 7.799694e-02
2.335900e+04 1.055740e-01
2.336000e+04 1.050555e-01
2.336100e+04 1.050767e-01
2.336200e+04 1.089843e-01
2.336300e+04 1.030678e-01
2.336400e+04 1.020662e-01
2.336500e+04 1.029360e-01
2.336600e+04 1.045032e-01
2.336700e+04 1.040775e-01
2.336800e+04 7.654931e-02
2.336900e+04 9.419698e-02
2.337000e+04 9.556728e-02
2.337100e+04 1.037365e-01
2.337200e+04 1.076110e-01
2.337300e+04 1.033480e-01
2.337400e+04 8.855062e-02
2.337500e+04 1.063080e-01
2.337600e+04 1.049509e-01
2.337700e+04 1.072669e-01
2.337800e+04 9.506096e-02
2.337900e+04 8.517591e-02
2.338000e+04 9.217654e-02
2.338100e+04 9.824069e-02
2.338200e+04 1.009756e-01
2.338300e+04 9.756406e-02
2.338400e+04 8.623400e-02
2.338500e+04 7.785411e-02
2.338600e+04 7.613569e-02
2.338700e+04 8.895742e-02
2.338800e+04 9.787218e-02
2.338900e+04 1.011751e-01
2.339000e+04 9.223046e-02
2.339100e+04 7.661184e-02
2.339200e+04 1.017003e-01
2.339300e+04 8.965689e-02
2.339400e+04 9.479549e-02
2.339500e+04 1.054844e-01
2.339600e+04 1.089985e-01
2.339700e+04 1.000174e-01
2.339800e+04 1.023316e-01
2.339900e+04 1.035757e-01
2.340000e+04 1.093036e-01
2.340100e+04 1.027617e-01
2.340200e+04 9.413364e-02
2.340300e+04 8.233448e-02
2.340400e+04 9.066300e-02
2.340500e+04 1.021713e-01
2.340600e+04 1.048924e-01
2.340700e+04 1.038692e-01
2.340800e+04 1.098557e-01
2.340900e+04 1.113372e-01
2.341000e+04 1.089000e-01
2.341100e+04 8.531272e-02
2.341200e+04 1.022234e-01
2.341300e+04 9.650000e-02
2.341400e+04 1.075890e-01
2.341500e+04 7.632370e-02
2.341600e+04 9.156338e-02
2.341700e+04 9.751928e-02
2.341800e+04 1.008956e-01
2.341900e+04 1.107846e-01
2.342000e+04 1.032811e-01
2.342100e+04 1.117402e-01
2.342200e+04 1.063452e-01
2.342300e+04 1.106026e-01
2.342400e+04 1.097449e-01
2.342500e+04 1.119325e-01
2.342600e+04 1.111865e-01
2.342700e+04 9.073855e-02
2.342800e+04 8.658648e-02
2.342900e+04 1.048785e-01
2.343000e+04 1.099327e-01
2.343100e+04 1.039098e-01
2.343200e+04 1.084927e-01
2.343300e+04 9.845035e-02
2.343400e+04 1.103140e-01
2.343500e+04 9.326237e-02
2.343600e+04 1.078202e-01
2.343700e+04 9.525707e-02
2.343800e+04 1.042178e-01
2.343900e+04 9.532164e-02
2.344000e+04 1.008775e-01
2.344100e+04 8.049101e-02
2.344200e+04 1.087005e-01
2.344300e+04 1.053410e-01
2.344400e+04 9.990071e-02
2.344500e+04 9.076621e-02
2.344600e+04 1.068227e-01
2.344700e+04 8.767301e-02
2.344800e+04 8.891259e-02
2.344900e+04 1.035240e-01
2.345000e+04 9.087389e-02
2.345100e+04 1.072823e-01
2.345200e+04 1.085407e-01
2.345300e+04 9.023160e-02
2.345400e+04 7.508273e-02
2.345500e+04 8.835477e-02
2.345600e+04 1.100816e-01
2.345700e+04 1.089147e-01
2.345800e+04 1.097097e-01
2.345900e+04 1.066012e-01
2.346000e+04 1.110394e-01
2.346100e+04 1.084116e-01
2.346200e+04 1.082861e-01
2.346300e+04 1.073449e-01
2.346400e+04 9.491969e-02
2.346500e+04 1.079801e-01
2.346600e+04 1.105380e-01
2.346700e+04 1.085158e-01
2.346800e+04 7.658244e-02
2.346900e+04 9.265106e-02
2.347000e+04 1.065788e-01
2.347100e+04 1.047915e-01
2.347200e+04 1.098695e-01
2.347300e+04 1.038455e-01
2.347400e+04 1.090052e-01
2.347500e+04 1.003894e-01
2.347600e+04 9.197719e-02
2.347700e+04 1.048011e-01
2.347800e+04 1.005813e-01
2.347900e+04 1.100944e-01
2.348000e+04 1.106923e-01
2.348100e+04 1.072403e-01
2.348200e+04 8.650765e-02
2.348300e+04 9.316140e-02
2.348400e+04 1.080827e-01
2.348500e+04 1.066928e-01
2.348600e+04 1.035039e-01
2.348700e+04 1.075281e-01
2.348800e+04 1.057012e-01
2.348900e+04 1.058263e-01
2.349000e+04 1.092077e-01
2.349100e+04 1.057546e-01
2.349200e+04 1.049021e-01
2.349300e+04 1.063766e-01
2.349400e+04 1.005486e-01
2.349500e+04 9.273568e-02
2.349600e+04 1.045276e-01
2.349700e+04 7.660991e-02
2.349800e+04 9.889660e-02
2.349900e+04 1.051523e-01
2.350000e+04 1.041080e-01
2.350100e+04 1.067280e-01
2.350200e+04 1.090289e-01
2.350300e+04 1.028292e-01
2.350400e+04 9.975601e-02
2.350500e+04 1.042072e-01
2.350600e+04 1.042380e-01
2.350700e+04 9.932749e-02
2.350800e+04 1.022371e-01
2.350900e+04 1.000095e-01
2.351000e+04 9.637054e-02
2.351100e+04 9.678474e-02
2.351200e+04 8.068866e-02
2.351300e+04 9.466190e-02
2.351400e+04 1.087348e-01
2.351500e+04 9.357985e-02
2.351600e+04 8.966876e-02
2.351700e+04 8.349968e-02
2.351800e+04 1.052292e-01
2.351900e+04 1.045483e-01
2.352000e+04 1.039791e-01
2.352100e+04 1.043806e-01
2.352200e+04 1.058243e-01
2.352300e+04 9.933991e-02
2.352400e+04 8.547285e-02
2.352500e+04 6.696821e-02
2.352600e+04 7.445416e-02
2.352700e+04 7.914075e-02
2.352800e+04 6.584476e-02
2.352900e+04 7.411389e-02
2.353000e+04 9.506595e-02
2.353100e+04 8.975821e-02
2.353200e+04 9.064055e-02
2.353300e+04 8.599828e-02
2.353400e+04 8.391604e-02
2.353500e+04 1.009844e-01
2.353600e+04 8.918717e-02
2.353700e+04 8.009396e-02
2.353800e+04 1.023623e-01
2.353900e+04 8.181234e-02
2.354000e+04 9.236487e-02
2.354100e+04 7.812120e-02
2.354200e+04 9.428121e-02
2.354300e+04 8.184729e-02
2.354400e+04 7.508710e-02
2.354500e+04 8.387020e-02
2.354600e+04 1.007121e-01
2.354700e+04 8.934711e-02
2.354800e+04 1.014769e-01
2.354900e+04 8.269722e-02
2.355000e+04 1.050587e-01
2.355100e+04 9.514114e-02
2.355200e+04 8.790435e-02
2.355300e+04 1.049229e-01
2.355400e+04 7.809329e-02
2.355500e+04 1.061578e-01
2.355600e+04 1.016354e-01
2.355700e+04 9.327776e-02
2.355800e+04 1.052994e-01
2.355900e+04 8.156680e-02
2.356000e+04 8.308695e-02
2.356100e+04 8.489725e-02
2.356200e+04 9.416146e-02
2.356300e+04 9.007846e-02
2.356400e+04 8.754888e-02
2.356500e+04 8.549275e-02
2.356600e+04 1.050335e-01
2.356700e+04 1.015072e-01
2.356800e+04 1.059001e-01
2.356900e+04 9.239435e-02
2.357000e+04 9.748513e-02
2.357100e+04 8.205817e-02
2.357200e+04 1.005978e-01
2.357300e+04 9.669482e-02
2.357400e+04 1.029399e-01
2.357500e+04 9.644765e-02
2.357600e+04 9.225770e-02
2.357700e+04 7.383609e-02
2.357800e+04 1.021689e-01
2.357900e+04 1.008518e-01
2.358000e+04 1.030032e-01
2.358100e+04 9.746547e-02
2.358200e+04 9.875399e-02
2.358300e+04 1.050096e-01
2.358400e+04 7.642645e-02
2.358500e+04 9.009024e-02
2.358600e+04 8.388225e-02
2.358700e+04 9.341774e-02
2.358800e+04 9.999091e-02
2.358900e+04 9.120728e-02
2.359000e+04 1.010893e-01
2.359100e+04 8.662816e-02
2.359200e+04 8.570777e-02
2.359300e+04 1.017720e-01
2.359400e+04 7.866076e-02
2.359500e+04 9.336778e-02
2.359600e+04 1.052378e-01
2.359700e+04 9.709953e-02
2.359800e+04 1.039847e-01
2.359900e+04 8.083273e-02
2.360000e+04 1.063636e-01
2.360100e+04 9.460261e-02
2.360200e+04 1.042003e-01
2.360300e+04 1.068282e-01
2.360400e+04 9.666082e-02
2.360500e+04 9.489220e-02
2.360600e+04 9.642609e-02
2.360700e+04 7.815449e-02
2.360800e+04 8.720812e-02
2.360900e+04 1.034566e-01
2.361000e+04 1.046562e-01
2.361100e+04 1.034511e-01
2.361200e+04 7.840642e-02
2.361300e+04 9.512790e-02
2.361400e+04 9.425376e-02
2.361500e+04 9.274948e-02
2.361600e+04 8.075893e-02
2.361700e+04 8.876650e-02
2.361800e+04 9.460820e-02
2.361900e+04 1.028933e-01
2.362000e+04 1.057089e-01
2.362100e+04 1.049931e-01
2.362200e+04 1.013050e-01
2.362300e+04 9.712565e-02
2.362400e+04 8.771903e-02
2.362500e+04 7.623564e-02
2.362600e+04 9.827816e-02
2.362700e+04 1.030888e-01
2.362800e+04 1.054217e-01
2.362900e+04 1.036722e-01
2.363000e+04 8.374670e-02
2.363100e+04 7.878877e-02
2.363200e+04 9.714361e-02
2.363300e+04 9.565538e-02
2.363400e+04 7.717561e-02
2.363500e+04 1.040413e-01
2.363600e+04 9.624242e-02
2.363700e+04 1.044995e-01
2.363800e+04 1.071794e-01
2.363900e+04 9.432958e-02
2.364000e+04 1.053334e-01
2.364100e+04 1.054670e-01
2.364200e+04 9.459192e-02
2.364300e+04 9.753610e-02
2.364400e+04 7.740425e-02
2.364500e+04 1.035434e-01
2.364600e+04 1.063102e-01
2.364700e+04 1.003456e-01
2.364800e+04 1.020471e-01
2.364900e+04 8.264988e-02
2.365000e+04 1.075154e-01
2.365100e+04 9.988077e-02
2.365200e+04 1.058578e-01
2.365300e+04 9.573107e-02
2.365400e+04 8.169737e-02
2.365500e+04 8.627688e-02
2.365600e+04 9.115554e-02
2.365700e+04 1.077604e-01
2.365800e+04 1.094313e-01
2.365900e+04 1.094231e-01
2.366000e+04 1.013946e-01
2.366100e+04 8.396644e-02
2.366200e+04 1.079115e-01
2.366300e+04 9.615394e-02
2.366400e+04 9.590318e-02
2.366500e+04 7.800163e-02
2.366600e+04 1.027722e-01
2.366700e+04 9.910799e-02
2.366800e+04 8.738512e-02
2.366900e+04 9.832428e-02
2.367000e+04 1.096033e-01
2.367100e+04 1.043827e-01
2.367200e+04 8.980694e-02
2.367300e+04 8.881645e-02
2.367400e+04 1.026767e-01
2.367500e+04 9.338408e-02
2.367600e+04 7.688526e-02
2.367700e+04 9.037509e-02
2.367800e+04 7.800044e-02
2.367900e+04 1.027898e-01
2.368000e+04 8.134339e-02
2.368100e+04 9.849372e-02
2.368200e+04 1.091427e-01
2.368300e+04 9.837959e-02
2.368400e+04 1.026953e-01
2.368500e+04 1.033193e-01
2.368600e+04 9.945191e-02
2.368700e+04 8.167194e-02
2.368800e+04 8.477075e-02
2.368900e+04 8.221515e-02
2.369000e+04 1.002153e-01
2.369100e+04 1.020730e-01
2.369200e+04 1.033143e-01
2.369300e+04 9.940713e-02
2.369400e+04 9.438422e-02
2.369500e+04 9.114585e-02
2.369600e+04 1.025281e-01
2.369700e+04 1.079385e-01
2.369800e+04 1.063155e-01
2.369900e+04 9.255614e-02
2.370000e+04 8.059368e-02
2.370100e+04 1.030284e-01
2.370200e+04 8.981166e-02
2.370300e+04 1.063803e-01
2.370400e+04 1.059226e-01
2.370500e+04 8.088837e-02
2.370600e+04 9.725630e-02
2.370700e+04 8.593717e-02
2.370800e+04 1.029663e-01
2.370900e+04 1.062783e-01
2.371000e+04 1.070470e-01
2.371100e+04 9.928149e-02
2.371200e+04 7.688698e-02
2.371300e+04 9.551297e-02
2.371400e+04 9.771538e-02
2.371500e+04 1.063161e-01
2.371600e+04 1.035426e-01
2.371700e+04 8.777174e-02
2.371800e+04 1.028661e-01
2.371900e+04 9.881804e-02
2.372000e+04 1.074547e-01
2.372100e+04 1.022393e-01
2.372200e+04 1.039065e-01
2.372300e+04 1.049749e-01
2.372400e+04 9.860749e-02
2.372500e+04 7.454522e-02
2.372600e+04 9.349511e-02
2.372700e+04 8.836423e-02
2.372800e+04 1.038710e-01
2.372900e+04 1.060306e-01
2.373000e+04 1.011189e-01
2.373100e+04 8.318643e-02
2.373200e+04 1.016261e-01
2.373300e+04 1.039804e-01
2.373400e+04 9.734980e-02
2.373500e+04 1.005985e-01
2.373600e+04 1.016292e-01
2.373700e+04 1.021101e-01
2.373800e+04 7.535040e-02
2.373900e+04 9.520330e-02
2.374000e+04 9.941168e-02
2.374100e+04 1.057303e-01
2.374200e+04 9.439381e-02
2.374300e+04 9.062127e-02
2.374400e+04 8.423964e-02
2.374500e+04 1.030077e-01
2.374600e+04 1.065042e-01
2.374700e+04 1.044035e-01
2.374800e+04 9.379757e-02
2.374900e+04 9.700335e-02
2.375000e+04 9.552598e-02
2.375100e+04 9.513334e-02
2.375200e+04 8.669803e-02
2.375300e+04 1.030311e-01
2.375400e+04 9.724855e-02
2.375500e+04 9.468451e-02
2.375600e+04 9.952395e-02
2.375700e+04 6.862268e-02
2.375800e+04 9.463337e-02
2.375900e+04 1.058308e-01
2.376000e+04 1.060282e-01
2.376100e+04 1.005579e-01
2.376200e+04 8.895436e-02
2.376300e+04 1.025406e-01
2.376400e+04 9.837454e-02
2.376500e+04 9.449076e-02
2.376600e+04 8.037356e-02
2.376700e+04 9.021392e-02
2.376800e+04 9.775021e-02
2.376900e+04 8.965725e-02
2.377000e+04 8.682786e-02
2.377100e+04 8.636075e-02
2.377200e+04 1.008869e-01
2.377300e+04 1.023979e-01
2.377400e+04 1.039106e-01
2.377500e+04 1.034748e-01
2.377600e+04 1.030581e-01
2.377700e+04 1.058681e-01
2.377800e+04 9.847285e-02
2.377900e+04 1.009973e-01
2.378000e+04 7.927978e-02
2.378100e+04 9.926150e-02
2.378200e+04 9.639977e-02
2.378300e+04 7.899328e-02
2.378400e+04 9.955687e-02
2.378500e+04 9.369110e-02
2.378600e+04 9.145118e-02
2.378700e+04 9.880305e-02
2.378800e+04 8.152354e-02
2.378900e+04 1.072203e-01
2.379000e+04 1.024920e-01
2.379100e+04 9.100880e-02
2.379200e+04 9.621880e-02
2.379300e+04 9.008590e-02
2.379400e+04 9.759600e-02
2.379500e+04 8.023856e-02
2.379600e+04 1.006187e-01
2.379700e+04 9.110262e-02
2.379800e+04 9.377491e-02
2.379900e+04 8.795776e-02
2.380000e+04 9.971807e-02
2.380100e+04 1.041148e-01
2.380200e+04 1.025718e-01
2.380300e+04 1.040550e-01
2.380400e+04 1.037813e-01
2.380500e+04 9.935782e-02
2.380600e+04 1.038680e-01
2.380700e+04 9.884425e-02
2.380800e+04 7.385152e-02
2.380900e+04 9.510746e-02
2.381000e+04 6.618543e-02
2.381100e+04 9.112564e-02
2.381200e+04 9.644106e-02
2.381300e+04 9.062228e-02
2.381400e+04 1.032757e-01
2.381500e+04 8.920203e-02
2.381600e+04 8.046917e-02
2.381700e+04 9.206044e-02
2.381800e+04 9.887953e-02
2.381900e+04 9.280556e-02
2.382000e+04 1.032660e-01
2.382100e+04 1.065716e-01
2.382200e+04 9.930000e-02
2.382300e+04 7.866592e-02
2.382400e+04 9.618164e-02
2.382500e+04 9.519673e-02
2.382600e+04 7.095382e-02
2.382700e+04 9.449883e-02
2.382800e+04 9.916643e-02
2.382900e+04 7.986814e-02
2.383000e+04 6.431138e-02
2.383100e+04 7.890789e-02
2.383200e+04 8.172164e-02
2.383300e+04 8.600471e-02
2.383400e+04 8.471364e-02
2.383500e+04 8.042987e-02
2.383600e+04 7.905864e-02
2.383700e+04 6.856071e-02
2.383800e+04 7.285676e-02
2.383900e+04 8.845118e-02
2.384000e+04 8.544440e-02
2.384100e+04 8.271099e-02
2.384200e+04 8.450769e-02
2.384300e+04 8.616025e-02
2.384400e+04 8.639646e-02
2.384500e+04 9.180954e-02
2.384600e+04 8.548562e-02
2.384700e+04 7.732550e-02
2.384800e+04 8.516350e-02
2.384900e+04 1.007949e-01
2.385000e+04 9.450797e-02
2.385100e+04 9.889939e-02
2.385200e+04 8.896009e-02
2.385300e+04 8.009036e-02
2.385400e+04 1.023410e-01
2.385500e+04 9.095812e-02
2.385600e+04 1.012310e-01
2.385700e+04 8.158013e-02
2.385800e+04 7.486052e-02
2.385900e+04 7.028986e-02
2.386000e+04 8.747580e-02
2.386100e+04 9.656305e-02
2.386200e+04 8.612937e-02
2.386300e+04 9.063217e-02
2.386400e+04 9.848864e-02
2.386500e+04 6.913969e-02
2.386600e+04 8.217725e-02
2.386700e+04 9.029419e-02
2.386800e+04 7.748377e-02
2.386900e+04 9.424479e-02
2.387000e+04 8.763535e-02
2.387100e+04 7.365372e-02
2.387200e+04 9.405307e-02
2.387300e+04 9.245369e-02
2.387400e+04 7.986524e-02
2.387500e+04 8.393655e-02
2.387600e+04 8.044794e-02
2.387700e+04 9.616198e-02
2.387800e+04 9.315225e-02
2.387900e+04 1.050179e-01
2.388000e+04 7.709764e-02
2.388100e+04 7.424165e-02
2.388200e+04 7.706414e-02
2.388300e+04 7.399000e-02
2.388400e+04 9.062185e-02
2.388500e+04 9.663978e-02
2.388600e+04 1.001029e-01
2.388700e+04 7.745082e-02
2.388800e+04 9.240685e-02
2.388900e+04 9.845028e-02
2.389000e+04 9.234932e-02
2.389100e+04 9.848135e-02
2.389200e+04 8.374933e-02
2.389300e+04 6.468188e-02
2.389400e+04 7.677255e-02
2.389500e+04 8.538169e-02
2.389600e+04 1.019017e-01
2.389700e+04 9.688131e-02
2.389800e+04 9.993031e-02
2.389900e+04 9.042646e-02
2.390000e+04 9.431267e-02
2.390100e+04 9.036275e-02
2.390200e+04 8.070496e-02
2.390300e+04 9.348978e-02
2.390400e+04 9.435904e-02
2.390500e+04 7.966852e-02
2.390600e+04 9.228261e-02
2.390700e+04 9.961670e-02
2.390800e+04 9.607650e-02
2.390900e+04 9.729463e-02
2.391000e+04 8.583854e-02
2.391100e+04 8.685556e-02
2.391200e+04 7.899859e-02
2.391300e+04 9.668094e-02
2.391400e+04 9.419517e-02
2.391500e+04 9.368413e-02
2.391600e+04 7.603611e-02
2.391700e+04 7.531329e-02
2.391800e+04 8.831595e-02
2.391900e+04 7.674640e-02
2.392000e+04 9.683573e-02
2.392100e+04 9.032817e-02
2.392200e+04 7.431197e-02
2.392300e+04 9.630655e-02
2.392400e+04 8.105324e-02
2.392500e+04 8.731447e-02
2.392600e+04 9.677488e-02
2.392700e+04 8.525150e-02
2.392800e+04 7.597186e-02
2.392900e+04 7.518449e-02
2.393000e+04 7.745194e-02
2.393100e+04 9.355209e-02
2.393200e+04 9.393628e-02
2.393300e+04 9.374902e-02
2.393400e+04 8.255456e-02
2.393500e+04 9.254065e-02
2.393600e+04 9.822651e-02
2.393700e+04 9.167699e-02
2.393800e+04 8.207895e-02
2.393900e+04 1.033633e-01
2.394000e+04 9.587387e-02
2.394100e+04 1.057070e-01
2.394200e+04 1.048182e-01
2.394300e+04 9.561153e-02
2.394400e+04 9.109917e-02
2.394500e+04 9.520925e-02
2.394600e+04 1.029371e-01
2.394700e+04 8.180220e-02
2.394800e+04 8.281332e-02
2.394900e+04 7.313407e-02
2.395000e+04 9.486549e-02
2.395100e+04 7.426982e-02
2.395200e+04 9.246530e-02
2.395300e+04 8.799731e-02
2.395400e+04 7.881661e-02
2.395500e+04 9.783266e-02
2.395600e+04 9.378910e-02
2.395700e+04 9.304026e-02
2.395800e+04 7.901239e-02
2.395900e+04 9.857398e-02
2.396000e+04 9.998073e-02
2.396100e+04 8.055999e-02
2.396200e+04 9.346884e-02
2.396300e+04 8.746124e-02
2.396400e+04 8.314003e-02
2.396500e+04 9.663254e-02
2.396600e+04 9.960982e-02
2.396700e+04 9.426708e-02
2.396800e+04 6.610824e-02
2.396900e+04 8.347845e-02
2.397000e+04 7.107914e-02
2.397100e+04 8.735730e-02
2.397200e+04 9.511207e-02
2.397300e+04 9.815878e-02
2.397400e+04 9.715120e-02
2.397500e+04 1.035736e-01
2.397600e+04 9.049516e-02
2.397700e+04 9.563766e-02
2.397800e+04 8.700456e-02
2.397900e+04 7.614747e-02
2.398000e+04 6.730119e-02
2.398100e+04 8.346886e-02
2.398200e+04 8.656148e-02
2.398300e+04 8.974958e-02
2.398400e+04 8.232179e-02
2.398500e+04 9.856740e-02
2.398600e+04 9.548959e-02
2.398700e+04 8.959011e-02
2.398800e+04 8.862929e-02
2.398900e+04 9.609812e-02
2.399000e+04 9.146077e-02
2.399100e+04 7.761681e-02
2.399200e+04 9.346940e-02
2.399300e+04 8.694492e-02
2.399400e+04 7.962880e-02
2.399500e+04 8.665932e-02
2.399600e+04 9.130493e-02
2.399700e+04 8.629524e-02
2.399800e+04 9.748468e-02
2.399900e+04 9.061655e-02
2.400000e+04 8.298619e-02
2.400100e+04 9.350439e-02
2.400200e+04 9.925435e-02
2.400300e+04 7.205234e-02
2.400400e+04 7.321405e-02
2.400500e+04 8.975701e-02
2.400600e+04 9.423220e-02
2.400700e+04 1.020206e-01
2.400800e+04 8.525522e-02
2.400900e+04 8.527107e-02
2.401000e+04 7.358162e-02
2.401100e+04 8.407848e-02
2.401200e+04 8.555060e-02
2.401300e+04 8.455693e-02
2.401400e+04 8.051975e-02
2.401500e+04 9.653359e-02
2.401600e+04 7.834780e-02
2.401700e+04 9.389951e-02
2.401800e+04 9.130437e-02
2.401900e+04 8.979653e-02
2.402000e+04 9.446346e-02
2.402100e+04 8.199083e-02
2.402200e+04 8.924547e-02
2.402300e+04 8.497743e-02
2.402400e+04 8.161330e-02
2.402500e+04 8.618525e-02
2.402600e+04 7.329965e-02
2.402700e+04 9.257274e-02
2.402800e+04 8.186738e-02
2.402900e+04 7.854747e-02
2.403000e+04 7.539357e-02
2.403100e+04 9.273640e-02
2.403200e+04 7.928937e-02
2.403300e+04 9.771553e-02
2.403400e+04 1.018367e-01
2.403500e+04 1.015137e-01
2.403600e+04 9.462202e-02
2.403700e+04 9.233261e-02
2.403800e+04 9.417839e-02
2.403900e+04 8.096153e-02
2.404000e+04 8.834563e-02
2.404100e+04 6.753051e-02
2.404200e+04 6.879402e-02
2.404300e+04 7.791992e-02
2.404400e+04 9.643907e-02
2.404500e+04 9.931135e-02
2.404600e+04 9.275213e-02
2.404700e+04 9.498407e-02
2.404800e+04 7.388683e-02
2.404900e+04 6.474432e-02
2.405000e+04 8.934647e-02
2.405100e+04 8.824060e-02
2.405200e+04 9.355260e-02
2.405300e+04 9.923066e-02
2.405400e+04 8.431323e-02
2.405500e+04 7.695217e-02
2.405600e+04 6.642728e-02
2.405700e+04 7.890039e-02
2.405800e+04 8.631908e-02
2.405900e+04 9.726026e-02
2.406000e+04 9.531934e-02
2.406100e+04 7.387242e-02
2.406200e+04 9.073089e-02
2.406300e+04 9.250253e-02
2.406400e+04 8.277156e-02
2.406500e+04 9.114502e-02
2.406600e+04 9.470917e-02
2.406700e+04 9.076114e-02
2.406800e+04 9.070883e-02
2.406900e+04 9.228486e-02
2.407000e+04 7.088374e-02
2.407100e+04 8.076588e-02
2.407200e+04 6.838109e-02
2.407300e+04 8.747722e-02
2.407400e+04 8.176534e-02
2.407500e+04 9.615995e-02
2.407600e+04 9.751132e-02
2.407700e+04 8.152284e-02
2.407800e+04 9.192139e-02
2.407900e+04 8.027652e-02
2.408000e+04 7.472913e-02
2.408100e+04 8.320374e-02
2.408200e+04 8.347488e-02
2.408300e+04 7.904038e-02
2.408400e+04 7.638537e-02
2.408500e+04 7.321562e-02
2.408600e+04 8.539329e-02
2.408700e+04 7.907848e-02
2.408800e+04 8.809351e-02
2.408900e+04 7.006896e-02
2.409000e+04 9.006830e-02
2.409100e+04 7.797926e-02
2.409200e+04 9.320094e-02
2.409300e+04 6.989041e-02
2.409400e+04 9.407077e-02
2.409500e+04 9.062323e-02
2.409600e+04 9.795012e-02
2.409700e+04 8.008304e-02
2.409800e+04 8.533430e-02
2.409900e+04 8.347488e-02
2.410000e+04 6.926624e-02
2.410100e+04 9.414746e-02
2.410200e+04 7.414386e-02
2.410300e+04 7.369587e-02
2.410400e+04 7.181273e-02
2.410500e+04 8.890997e-02
2.410600e+04 9.317922e-02
2.410700e+04 9.012766e-02
2.410800e+04 7.628551e-02
2.410900e+04 8.547328e-02
2.411000e+04 9.094161e-02
2.411100e+04 7.329604e-02
2.411200e+04 9.650090e-02
2.411300e+04 8.600767e-02
2.411400e+04 8.029229e-02
2.411500e+04 7.826939e-02
2.411600e+04 9.303117e-02
2.411700e+04 8.227340e-02
2.411800e+04 7.702711e-02
2.411900e+04 8.801630e-02
2.412000e+04 8.655504e-02
2.412100e+04 9.642045e-02
2.412200e+04 9.227143e-02
2.412300e+04 8.919574e-02
2.412400e+04 8.585826e-02
2.412500e+04 7.214399e-02
2.412600e+04 8.475000e-02
2.412700e+04 9.262093e-02
2.412800e+04 9.108555e-02
2.412900e+04 7.360757e-02
2.413000e+04 7.117587e-02
2.413100e+04 5.740508e-02
2.413200e+04 9.198855e-02
2.413300e+04 9.665647e-02
2.413400e+04 9.651416e-02
2.413500e+04 7.148871e-02
2.413600e+04 7.328757e-02
2.413700e+04 8.060413e-02
2.413800e+04 7.029303e-02
2.413900e+04 7.739620e-02
2.414000e+04 9.338166e-02
2.414100e+04 8.578720e-02
2.414200e+04 6.706076e-02
2.414300e+04 6.158163e-02
2.414400e+04 8.139624e-02
2.414500e+04 7.159818e-02
2.414600e+04 9.082331e-02
2.414700e+04 8.192435e-02
2.414800e+04 7.496449e-02
2.414900e+04 6.797132e-02
2.415000e+04 7.994107e-02
2.415100e+04 9.016435e-02
2.415200e+04 7.877568e-02
2.415300e+04 8.532324e-02
2.415400e+04 9.549211e-02
2.415500e+04 8.544104e-02
2.415600e+04 9.445747e-02
2.415700e+04 8.692181e-02
2.415800e+04 8.948631e-02
2.415900e+04 7.389230e-02
2.416000e+04 8.289923e-02
2.416100e+04 7.850297e-02
2.416200e+04 8.637419e-02
2.416300e+04 7.488512e-02
2.416400e+04 7.709970e-02
2.416500e+04 6.617268e-02
2.416600e+04 8.803301e-02
2.416700e+04 6.734441e-02
2.416800e+04 6.024277e-02
2.416900e+04 8.288318e-02
2.417000e+04 8.337725e-02
2.417100e+04 7.554098e-02
2.417200e+04 8.691001e-02
2.417300e+04 6.812456e-02
2.417400e+04 7.950552e-02
2.417500e+04 8.290838e-02
2.417600e+04 8.173602e-02
2.417700e+04 8.293150e-02
2.417800e+04 6.552111e-02
2.417900e+04 7.144406e-02
2.418000e+04 8.439141e-02
2.418100e+04 8.876717e-02
2.418200e+04 7.735074e-02
2.418300e+04 9.659127e-02
2.418400e+04 7.536789e-02
2.418500e+04 7.762253e-02
2.418600e+04 8.977603e-02
2.418700e+04 9.324586e-02
2.418800e+04 9.833592e-02
2.418900e+04 9.546250e-02
2.419000e+04 9.313221e-02
2.419100e+04 7.832313e-02
2.419200e+04 9.155498e-02
2.419300e+04 8.542673e-02
2.419400e+04 7.700340e-02
2.419500e+04 7.544812e-02
2.419600e+04 5.744022e-02
2.419700e+04 7.349294e-02
2.419800e+04 7.874890e-02
2.419900e+04 8.868857e-02
2.420000e+04 6.883233e-02
2.420100e+04 6.618854e-02
2.420200e+04 8.331761e-02
2.420300e+04 9.851007e-02
2.420400e+04 9.134021e-02
2.420500e+04 8.436284e-02
2.420600e+04 9.502888e-02
2.420700e+04 9.023500e-02
2.420800e+04 7.006730e-02
2.420900e+04 7.599031e-02
2.421000e+04 9.056250e-02
2.421100e+04 9.240811e-02
2.421200e+04 7.581587e-02
2.421300e+04 8.946024e-02
2.421400e+04 8.182495e-02
2.421500e+04 7.676790e-02
2.421600e+04 6.867338e-02
2.421700e+04 7.820222e-02
2.421800e+04 6.845779e-02
2.421900e+04 9.124917e-02
2.422000e+04 8.902953e-02
2.422100e+04 7.292225e-02
2.422200e+04 5.964010e-02
2.422300e+04 8.556348e-02
2.422400e+04 7.192545e-02
2.422500e+04 7.235051e-02
2.422600e+04 7.971879e-02
2.422700e+04 9.307767e-02
2.422800e+04 9.472741e-02
2.422900e+04 7.102758e-02
2.423000e+04 8.643715e-02
2.423100e+04 6.768507e-02
2.423200e+04 8.743548e-02
2.423300e+04 7.801317e-02
2.423400e+04 6.990239e-02
2.423500e+04 6.823643e-02
2.423600e+04 6.951603e-02
2.423700e+04 8.806911e-02
2.423800e+04 8.101144e-02
2.423900e+04 9.590322e-02
2.424000e+04 8.980738e-02
2.424100e+04 8.457322e-02
2.424200e+04 9.802177e-02
2.424300e+04 8.324377e-02
2.424400e+04 9.212370e-02
2.424500e+04 8.808942e-02
2.424600e+04 7.758496e-02
2.424700e+04 8.754403e-02
2.424800e+04 5.759269e-02
2.424900e+04 8.749778e-02
2.425000e+04 8.402042e-02
2.425100e+04 9.244489e-02
2.425200e+04 8.789553e-02
2.425300e+04 6.996398e-02
2.425400e+04 7.255638e-02
2.425500e+04 8.840085e-02
2.425600e+04 7.797082e-02
2.425700e+04 8.068609e-02
2.425800e+04 6.473733e-02
2.425900e+04 6.429488e-02
2.426000e+04 8.671312e-02
2.426100e+04 8.269436e-02
2.426200e+04 8.908992e-02
2.426300e+04 8.038115e-02
2.426400e+04 7.152382e-02
2.426500e+04 6.802325e-02
2.426600e+04 8.779974e-02
2.426700e+04 6.914257e-02
2.426800e+04 6.894067e-02
2.426900e+04 6.379928e-02
2.427000e+04 8.284697e-02
2.427100e+04 9.521678e-02
2.427200e+04 9.224808e-02
2.427300e+04 6.023045e-02
2.427400e+04 9.164441e-02
2.427500e+04 7.629177e-02
2.427600e+04 8.802655e-02
2.427700e+04 8.654301e-02
2.427800e+04 8.552254e-02
2.427900e+04 6.852192e-02
2.428000e+04 7.112660e-02
2.428100e+04 6.553404e-02
2.428200e+04 9.048062e-02
2.428300e+04 8.330989e-02
2.428400e+04 6.617243e-02
2.428500e+04 5.520774e-02
2.428600e+04 8.726700e-02
2.428700e+04 8.899576e-02
2.428800e+04 7.884174e-02
2.428900e+04 8.860917e-02
2.429000e+04 7.915038e-02
2.429100e+04 7.519830e-02
2.429200e+04 8.042746e-02
2.429300e+04 8.677033e-02
2.429400e+04 8.149526e-02
2.429500e+04 7.689839e-02
2.429600e+04 9.229929e-02
2.429700e+04 8.868892e-02
2.429800e+04 7.854712e-02
2.429900e+04 8.755187e-02
2.430000e+04 8.692294e-02
2.430100e+04 7.298926e-02
2.430200e+04 5.195307e-02
2.430300e+04 7.152246e-02
2.430400e+04 8.671856e-02
2.430500e+04 8.970627e-02
2.430600e+04 8.579024e-02
2.430700e+04 9.306075e-02
2.430800e+04 8.701496e-02
2.430900e+04 7.504559e-02
2.431000e+04 6.834078e-02
2.431100e+04 7.034221e-02
2.431200e+04 6.648166e-02
2.431300e+04 7.849059e-02
2.431400e+04 7.947075e-02
2.431500e+04 6.490060e-02
2.431600e+04 6.261487e-02
2.431700e+04 9.287803e-02
2.431800e+04 8.702832e-02
2.431900e+04 5.980335e-02
2.432000e+04 8.369749e-02
2.432100e+04 8.489826e-02
2.432200e+04 8.428983e-02
2.432300e+04 7.912802e-02
2.432400e+04 8.969892e-02
2.432500e+04 8.816471e-02
2.432600e+04 8.496737e-02
2.432700e+04 8.086318e-02
2.432800e+04 8.559531e-02
2.432900e+04 8.340338e-02
2.433000e+04 8.185009e-02
2.433100e+04 8.628491e-02
2.433200e+04 9.342044e-02
2.433300e+04 6.858648e-02
2.433400e+04 7.285051e-02
2.433500e+04 6.962684e-02
2.433600e+04 7.277133e-02
2.433700e+04 7.175564e-02
2.433800e+04 6.209582e-02
2.433900e+04 8.353582e-02
2.434000e+04 6.977074e-02
2.434100e+04 8.313356e-02
2.434200e+04 5.725100e-02
2.434300e+04 7.950832e-02
2.434400e+04 9.175302e-02
2.434500e+04 8.993184e-02
2.434600e+04 6.554787e-02
2.434700e+04 7.708526e-02
2.434800e+04 6.024742e-02
2.434900e+04 7.888744e-02
2.435000e+04 9.066843e-02
2.435100e+04 7.629421e-02
2.435200e+04 7.375492e-02
2.435300e+04 7.995479e-02
2.435400e+04 7.678498e-02
2.435500e+04 9.320913e-02
2.435600e+04 9.122618e-02
2.435700e+04 7.996559e-02
2.435800e+04 7.118153e-02
2.435900e+04 9.093531e-02
2.436000e+04 9.377558e-02
2.436100e+04 8.167187e-02
2.436200e+04 7.209373e-02
2.436300e+04 7.386599e-02
2.436400e+04 7.550981e-02
2.436500e+04 7.533335e-02
2.436600e+04 8.491595e-02
2.436700e+04 6.019211e-02
2.436800e+04 7.876994e-02
2.436900e+04 7.941065e-02
2.437000e+04 5.862854e-02
2.437100e+04 6.142758e-02
2.437200e+04 4.788979e-02
2.437300e+04 7.748696e-02
2.437400e+04 7.231033e-02
2.437500e+04 7.762445e-02
2.437600e+04 7.684632e-02
2.437700e+04 8.468634e-02
2.437800e+04 6.089400e-02
2.437900e+04 7.628598e-02
2.438000e+04 6.914342e-02
2.438100e+04 6.857155e-02
2.438200e+04 7.789401e-02
2.438300e+04 7.449806e-02
2.438400e+04 8.871657e-02
2.438500e+04 9.086743e-02
2.438600e+04 8.459491e-02
2.438700e+04 8.381995e-02
2.438800e+04 7.891175e-02
2.438900e+04 7.666296e-02
2.439000e+04 8.214219e-02
2.439100e+04 7.752971e-02
2.439200e+04 9.067798e-02
2.439300e+04 7.443203e-02
2.439400e+04 9.299505e-02
2.439500e+04 9.436445e-02
2.439600e+04 6.612750e-02
2.439700e+04 8.248793e-02
2.439800e+04 7.931194e-02
2.439900e+04 9.116469e-02
2.440000e+04 7.608981e-02
2.440100e+04 6.456136e-02
2.440200e+04 7.195007e-02
2.440300e+04 8.242960e-02
2.440400e+04 7.267842e-02
2.440500e+04 7.399517e-02
2.440600e+04 8.671567e-02
2.440700e+04 8.026342e-02
2.440800e+04 7.325207e-02
2.440900e+04 8.493383e-02
2.441000e+04 7.055613e-02
2.441100e+04 8.982516e-02
2.441200e+04 6.042215e-02
2.441300e+04 7.360828e-02
2.441400e+04 8.420486e-02
2.441500e+04 8.740291e-02
2.441600e+04 6.207849e-02
2.441700e+04 6.911536e-02
2.441800e+04 7.943143e-02
2.441900e+04 6.506491e-02
2.442000e+04 7.963166e-02
2.442100e+04 8.999381e-02
2.442200e+04 8.667452e-02
2.442300e+04 7.653901e-02
2.442400e+04 7.642267e-02
2.442500e+04 5.805514e-02
2.442600e+04 7.261608e-02
2.442700e+04 5.589167e-02
2.442800e+04 7.710560e-02
2.442900e+04 7.872273e-02
2.443000e+04 8.445088e-02
2.443100e+04 7.823983e-02
2.443200e+04 7.809083e-02
2.443300e+04 8.736728e-02
2.443400e+04 6.840727e-02
2.443500e+04 7.132455e-02
2.443600e+04 8.272208e-02
2.443700e+04 5.896345e-02
2.443800e+04 6.351929e-02
2.443900e+04 7.749786e-02
2.444000e+04 8.465245e-02
2.444100e+04 7.910749e-02
2.444200e+04 6.611053e-02
2.444300e+04 6.927213e-02
2.444400e+04 5.422338e-02
2.444500e+04 7.639576e-02
2.444600e+04 6.818692e-02
2.444700e+04 6.963859e-02
2.444800e+04 6.779262e-02
2.444900e+04 7.449439e-02
2.445000e+04 7.193538e-02
2.445100e+04 9.267763e-02
2.445200e+04 7.091354e-02
2.445300e+04 8.263931e-02
2.445400e+04 8.798695e-02
2.445500e+04 8.838032e-02
2.445600e+04 7.468269e-02
2.445700e+04 8.394713e-02
2.445800e+04 8.222452e-02
2.445900e+04 8.717718e-02
2.446000e+04 7.983021e-02
2.446100e+04 6.829228e-02
2.446200e+04 7.314719e-02
2.446300e+04 7.899327e-02
2.446400e+04 5.549511e-02
2.446500e+04 6.960241e-02
2.446600e+04 8.184216e-02
2.446700e+04 6.861193e-02
2.446800e+04 8.302953e-02
2.446900e+04 8.584369e-02
2.447000e+04 6.398330e-02
2.447100e+04 7.831622e-02
2.447200e+04 8.670800e-02
2.447300e+04 8.399422e-02
2.447400e+04 8.285960e-02
2.447500e+04 6.420791e-02
2.447600e+04 7.301799e-02
2.447700e+04 6.753563e-02
2.447800e+04 5.540223e-02
2.447900e+04 7.517458e-02
2.448000e+04 7.139845e-02
2.448100e+04 6.252244e-02
2.448200e+04 7.542437e-02
2.448300e+04 7.909093e-02
2.448400e+04 7.834265e-02
2.448500e+04 4.918487e-02
2.448600e+04 5.754632e-02
2.448700e+04 7.423339e-02
2.448800e+04 8.506786e-02
2.448900e+04 8.219509e-02
2.449000e+04 8.353512e-02
2.449100e+04 6.108253e-02
2.449200e+04 8.275569e-02
2.449300e+04 7.362577e-02
2.449400e+04 7.502562e-02
2.449500e+04 7.145412e-02
2.449600e+04 7.645974e-02
2.449700e+04 7.089139e-02
2.449800e+04 8.253095e-02
2.449900e+04 7.618630e-02
2.450000e+04 6.596308e-02
2.450100e+04 7.488910e-02
2.450200e+04 7.454694e-02
2.450300e+04 8.222627e-02
2.450400e+04 8.178763e-02
2.450500e+04 5.616151e-02
2.450600e+04 7.421810e-02
2.450700e+04 9.121437e-02
2.450800e+04 7.336320e-02
2.450900e+04 5.936782e-02
2.451000e+04 9.030469e-02
2.451100e+04 8.371128e-02
2.451200e+04 8.071318e-02
2.451300e+04 6.616094e-02
2.451400e+04 8.740502e-02
2.451500e+04 7.030514e-02
2.451600e+04 7.967134e-02
2.451700e+04 7.133207e-02
2.451800e+04 6.204181e-02
2.451900e+04 4.780518e-02
2.452000e+04 7.361072e-02
2.452100e+04 7.731584e-02
2.452200e+04 6.796523e-02
2.452300e+04 7.747617e-02
2.452400e+04 5.534791e-02
2.452500e+04 7.062811e-02
2.452600e+04 8.784153e-02
2.452700e+04 7.896593e-02
2.452800e+04 7.825125e-02
2.452900e+04 5.478137e-02
2.453000e+04 5.725655e-02
2.453100e+04 7.797205e-02
2.453200e+04 6.323449e-02
2.453300e+04 6.970084e-02
2.453400e+04 7.267750e-02
2.453500e+04 6.369873e-02
2.453600e+04 7.160127e-02
2.453700e+04 8.612288e-02
2.453800e+04 7.312110e-02
2.453900e+04 7.389706e-02
2.454000e+04 5.827410e-02
2.454100e+04 7.734994e-02
2.454200e+04 5.365140e-02
2.454300e+04 6.133363e-02
2.454400e+04 6.790187e-02
2.454500e+04 5.072640e-02
2.454600e+04 7.045485e-02
2.454700e+04 6.314549e-02
2.454800e+04 6.683238e-02
2.454900e+04 5.375741e-02
2.455000e+04 5.923016e-02
2.455100e+04 7.557567e-02
2.455200e+04 7.032457e-02
2.455300e+04 7.721891e-02
2.455400e+04 8.084563e-02
2.455500e+04 7.949592e-02
2.455600e+04 6.285501e-02
2.455700e+04 7.832293e-02
2.455800e+04 8.450022e-02
2.455900e+04 6.255215e-02
2.456000e+04 7.714975e-02
2.456100e+04 8.170808e-02
2.456200e+04 6.087921e-02
2.456300e+04 8.877372e-02
2.456400e+04 8.596478e-02
2.456500e+04 6.615267e-02
2.456600e+04 6.286521e-02
2.456700e+04 8.576684e-02
2.456800e+04 7.320528e-02
2.456900e+04 8.157527e-02
2.457000e+04 7.260564e-02
2.457100e+04 7.648816e-02
2.457200e+04 8.083915e-02
2.457300e+04 7.711057e-02
2.457400e+04 7.138875e-02
2.457500e+04 7.764711e-02
2.457600e+04 8.370166e-02
2.457700e+04 6.380613e-02
2.457800e+04 7.431807e-02
2.457900e+04 7.764514e-02
2.458000e+04 7.944196e-02
2.458100e+04 8.802439e-02
2.458200e+04 6.833436e-02
2.458300e+04 7.321398e-02
2.458400e+04 7.307300e-02
2.458500e+04 7.362058e-02
2.458600e+04 7.324734e-02
2.458700e+04 7.808142e-02
2.458800e+04 8.555402e-02
2.458900e+04 5.991913e-02
2.459000e+04 7.549312e-02
2.459100e+04 8.250582e-02
2.459200e+04 7.972609e-02
2.459300e+04 8.428935e-02
2.459400e+04 5.655019e-02
2.459500e+04 7.082084e-02
2.459600e+04 6.701810e-02
2.459700e+04 5.850012e-02
2.459800e+04 8.569020e-02
2.459900e+04 6.766330e-02
2.460000e+04 5.043110e-02
2.460100e+04 7.753953e-02
2.460200e+04 7.110631e-02
2.460300e+04 8.833347e-02
2.460400e+04 7.828709e-02
2.460500e+04 7.515292e-02
2.460600e+04 6.841889e-02
2.460700e+04 5.215914e-02
2.460800e+04 4.737795e-02
2.460900e+04 5.456866e-02
2.461000e+04 7.955244e-02
2.461100e+04 6.060192e-02
2.461200e+04 5.037458e-02
2.461300e+04 4.342344e-02
2.461400e+04 5.385809e-02
2.461500e+04 7.224785e-02
2.461600e+04 4.692146e-02
2.461700e+04 7.281986e-02
2.461800e+04 7.652108e-02
2.461900e+04 7.542547e-02
2.462000e+04 6.675017e-02
2.462100e+04 8.329138e-02
2.462200e+04 8.421643e-02
2.462300e+04 6.761111e-02
2.462400e+04 8.381361e-02
2.462500e+04 8.008782e-02
2.462600e+04 7.326024e-02
2.462700e+04 6.940339e-02
2.462800e+04 8.487436e-02
2.462900e+04 6.469041e-02
2.463000e+04 6.773593e-02
2.463100e+04 8.451922e-02
2.463200e+04 7.288627e-02
2.463300e+04 6.626077e-02
2.463400e+04 7.323533e-02
2.463500e+04 5.905574e-02
2.463600e+04 8.220618e-02
2.463700e+04 8.055073e-02
2.463800e+04 7.559618e-02
2.463900e+04 6.854767e-02
2.464000e+04 6.862943e-02
2.464100e+04 8.873876e-02
2.464200e+04 8.074596e-02
2.464300e+04 7.562143e-02
2.464400e+04 8.576616e-02
2.464500e+04 7.816660e-02
2.464600e+04 8.200079e-02
2.464700e+04 6.332440e-02
2.464800e+04 6.872744e-02
2.464900e+04 8.174068e-02
2.465000e+04 6.007032e-02
2.465100e+04 7.897775e-02
2.465200e+04 7.344540e-02
2.465300e+04 7.655831e-02
2.465400e+04 5.374193e-02
2.465500e+04 7.734492e-02
2.465600e+04 7.473137e-02
2.465700e+04 8.226628e-02
2.465800e+04 6.730439e-02
2.465900e+04 6.884232e-02
2.466000e+04 5.286009e-02
2.466100e+04 7.807581e-02
2.466200e+04 7.322577e-02
2.466300e+04 6.457488e-02
2.466400e+04 6.908126e-02
2.466500e+04 7.870265e-02
2.466600e+04 8.240108e-02
2.466700e+04 5.194649e-02
2.466800e+04 7.331065e-02
2.466900e+04 8.731213e-02
2.467000e+04 7.780652e-02
2.467100e+04 7.077011e-02
2.467200e+04 5.574215e-02
2.467300e+04 8.548487e-02
2.467400e+04 8.484693e-02
2.467500e+04 6.180778e-02
2.467600e+04 5.526753e-02
2.467700e+04 5.813241e-02
2.467800e+04 4.522451e-02
2.467900e+04 7.085540e-02
2.468000e+04 7.981220e-02
2.468100e+04 6.376521e-02
2.468200e+04 5.637940e-02
2.468300e+04 6.898939e-02
2.468400e+04 6.479576e-02
2.468500e+04 7.133517e-02
2.468600e+04 5.592305e-02
2.468700e+04 8.050964e-02
2.468800e+04 8.146204e-02
2.468900e+04 5.891545e-02
2.469000e+04 6.872415e-02
2.469100e+04 7.947172e-02
2.469200e+04 8.261979e-02
2.469300e+04 7.653595e-02
2.469400e+04 7.976334e-02
2.469500e+04 7.594212e-02
2.469600e+04 6.761936e-02
2.469700e+04 7.236753e-02
2.469800e+04 7.881835e-02
2.469900e+04 6.717778e-02
2.470000e+04 6.274732e-02
2.470100e+04 5.643397e-02
2.470200e+04 7.082181e-02
2.470300e+04 6.501058e-02
2.470400e+04 8.235798e-02
2.470500e+04 7.321440e-02
2.470600e+04 7.621561e-02
2.470700e+04 7.418206e-02
2.470800e+04 6.398998e-02
2.470900e+04 6.992200e-02
2.471000e+04 6.321549e-02
2.471100e+04 5.923147e-02
2.471200e+04 7.137963e-02
2.471300e+04 8.462499e-02
2.471400e+04 6.774274e-02
2.471500e+04 7.750868e-02
2.471600e+04 6.451237e-02
2.471700e+04 7.300265e-02
2.471800e+04 6.422613e-02
2.471900e+04 6.588024e-02
2.472000e+04 5.162116e-02
2.472100e+04 7.941247e-02
2.472200e+04 8.133664e-02
2.472300e+04 6.281054e-02
2.472400e+04 7.257563e-02
2.472500e+04 6.908607e-02
2.472600e+04 6.855529e-02
2.472700e+04 6.435810e-02
2.472800e+04 6.905554e-02
2.472900e+04 7.836817e-02
2.473000e+04 7.911437e-02
2.473100e+04 7.251895e-02
2.473200e+04 7.360047e-02
2.473300e+04 7.116052e-02
2.473400e+04 6.477203e-02
2.473500e+04 7.781354e-02
2.473600e+04 5.384664e-02
2.473700e+04 7.138536e-02
2.473800e+04 5.740860e-02
2.473900e+04 6.777721e-02
2.474000e+04 4.513630e-02
2.474100e+04 5.662129e-02
2.474200e+04 5.648348e-02
2.474300e+04 7.932435e-02
2.474400e+04 7.621407e-02
2.474500e+04 6.704677e-02
2.474600e+04 7.774874e-02
2.474700e+04 7.184168e-02
2.474800e+04 6.000778e-02
2.474900e+04 5.312921e-02
2.475000e+04 4.894521e-02
2.475100e+04 5.628375e-02
2.475200e+04 6.428671e-02
2.475300e+04 6.842010e-02
2.475400e+04 8.339873e-02
2.475500e+04 7.106002e-02
2.475600e+04 6.114199e-02
2.475700e+04 5.055018e-02
2.475800e+04 6.951501e-02
2.475900e+04 6.760505e-02
2.476000e+04 6.373433e-02
2.476100e+04 6.171983e-02
2.476200e+04 5.522930e-02
2.476300e+04 6.131197e-02
2.476400e+04 6.962843e-02
2.476500e+04 7.637605e-02
2.476600e+04 7.163806e-02
2.476700e+04 7.904883e-02
2.476800e+04 7.724749e-02
2.476900e+04 8.600940e-02
2.477000e+04 8.770173e-02
2.477100e+04 7.859033e-02
2.477200e+04 7.410282e-02
2.477300e+04 7.454904e-02
2.477400e+04 5.447100e-02
2.477500e+04 5.581494e-02
2.477600e+04 7.854290e-02
2.477700e+04 6.773614e-02
2.477800e+04 8.156763e-02
2.477900e+04 8.145459e-02
2.478000e+04 6.550643e-02
2.478100e+04 7.393381e-02
2.478200e+04 7.060138e-02
2.478300e+04 8.145774e-02
2.478400e+04 7.326437e-02
2.478500e+04 5.857410e-02
2.478600e+04 5.129985e-02
2.478700e+04 6.816339e-02
2.478800e+04 6.438450e-02
2.478900e+04 7.081411e-02
2.479000e+04 5.885632e-02
2.479100e+04 6.672257e-02
2.479200e+04 7.144917e-02
2.479300e+04 6.315039e-02
2.479400e+04 5.327631e-02
2.479500e+04 6.141754e-02
2.479600e+04 7.283163e-02
2.479700e+04 6.125381e-02
2.479800e+04 8.273595e-02
2.479900e+04 5.866976e-02
2.480000e+04 7.239881e-02
2.480100e+04 6.344275e-02
2.480200e+04 5.899476e-02
2.480300e+04 6.398926e-02
2.480400e+04 6.381053e-02
2.480500e+04 7.025161e-02
2.480600e+04 6.432793e-02
2.480700e+04 8.161907e-02
2.480800e+04 7.573161e-02
2.480900e+04 6.351113e-02
2.481000e+04 5.592735e-02
2.481100e+04 4.929684e-02
2.481200e+04 7.105045e-02
2.481300e+04 7.796770e-02
2.481400e+04 5.741039e-02
2.481500e+04 6.379919e-02
2.481600e+04 5.725753e-02
2.481700e+04 4.430511e-02
2.481800e+04 7.334706e-02
2.481900e+04 7.933000e-02
2.482000e+04 6.117208e-02
2.482100e+04 6.489589e-02
2.482200e+04 6.340335e-02
2.482300e+04 7.537438e-02
2.482400e+04 5.829179e-02
2.482500e+04 3.894368e-02
2.482600e+04 5.022446e-02
2.482700e+04 6.273368e-02
2.482800e+04 7.673339e-02
2.482900e+04 7.784455e-02
2.483000e+04 6.873592e-02
2.483100e+04 8.020656e-02
2.483200e+04 5.783773e-02
2.483300e+04 6.423114e-02
2.483400e+04 5.526895e-02
2.483500e+04 7.730689e-02
2.483600e+04 7.240178e-02
2.483700e+04 8.121984e-02
2.483800e+04 8.053175e-02
2.483900e+04 8.552401e-02
2.484000e+04 6.507598e-02
2.484100e+04 6.439988e-02
2.484200e+04 8.063087e-02
2.484300e+04 7.354496e-02
2.484400e+04 5.911655e-02
2.484500e+04 7.111964e-02
2.484600e+04 8.453275e-02
2.484700e+04 7.194013e-02
2.484800e+04 6.109118e-02
2.484900e+04 7.862803e-02
2.485000e+04 7.619404e-02
2.485100e+04 6.532554e-02
2.485200e+04 6.634956e-02
2.485300e+04 7.414117e-02
2.485400e+04 7.903783e-02
2.485500e+04 7.468685e-02
2.485600e+04 6.475929e-02
2.485700e+04 7.585211e-02
2.485800e+04 7.186131e-02
2.485900e+04 7.328701e-02
2.486000e+04 6.178930e-02
2.486100e+04 6.774107e-02
2.486200e+04 7.908988e-02
2.486300e+04 7.694334e-02
2.486400e+04 6.571647e-02
2.486500e+04 5.662872e-02
2.486600e+04 6.484088e-02
2.486700e+04 6.564142e-02
2.486800e+04 5.841597e-02
2.486900e+04 4.978689e-02
2.487000e+04 7.602754e-02
2.487100e+04 6.856044e-02
2.487200e+04 7.250997e-02
2.487300e+04 6.322384e-02
2.487400e+04 5.806567e-02
2.487500e+04 4.919864e-02
2.487600e+04 5.697013e-02
2.487700e+04 5.481907e-02
2.487800e+04 7.559308e-02
2.487900e+04 6.388525e-02
2.488000e+04 7.784023e-02
2.488100e+04 7.107613e-02
2.488200e+04 6.340041e-02
2.488300e+04 4.533406e-02
2.488400e+04 6.271386e-02
2.488500e+04 7.112270e-02
2.488600e+04 5.180165e-02
2.488700e+04 5.457918e-02
2.488800e+04 7.168778e-02
2.488900e+04 6.636403e-02
2.489000e+04 7.368984e-02
2.489100e+04 7.654964e-02
2.489200e+04 7.999561e-02
2.489300e+04 7.146147e-02
2.489400e+04 4.510861e-02
2.489500e+04 5.341400e-02
2.489600e+04 4.787940e-02
2.489700e+04 7.485739e-02
2.489800e+04 7.810727e-02
2.489900e+04 7.883683e-02
2.490000e+04 7.156245e-02
2.490100e+04 5.031822e-02
2.490200e+04 7.053189e-02
2.490300e+04 5.818649e-02
2.490400e+04 5.727408e-02
2.490500e+04 6.574863e-02
2.490600e+04 7.455148e-02
2.490700e+04 7.875374e-02
2.490800e+04 5.954069e-02
2.490900e+04 4.355923e-02
2.491000e+04 5.016863e-02
2.491100e+04 5.119520e-02
2.491200e+04 4.886274e-02
2.491300e+04 6.875136e-02
2.491400e+04 7.247522e-02
2.491500e+04 7.244241e-02
2.491600e+04 6.331766e-02
2.491700e+04 7.638928e-02
2.491800e+04 6.692380e-02
2.491900e+04 5.512103e-02
2.492000e+04 6.224237e-02
2.492100e+04 5.522567e-02
2.492200e+04 6.367635e-02
2.492300e+04 5.414588e-02
2.492400e+04 7.232569e-02
2.492500e+04 8.387072e-02
2.492600e+04 7.556106e-02
2.492700e+04 8.209130e-02
2.492800e+04 6.252145e-02
2.492900e+04 5.363388e-02
2.493000e+04 7.767968e-02
2.493100e+04 7.903220e-02
2.493200e+04 4.956424e-02
2.493300e+04 5.522833e-02
2.493400e+04 6.209736e-02
2.493500e+04 6.778806e-02
2.493600e+04 6.795245e-02
2.493700e+04 8.142971e-02
2.493800e+04 7.279410e-02
2.493900e+04 5.211788e-02
2.494000e+04 7.363873e-02
2.494100e+04 7.414096e-02
2.494200e+04 8.292089e-02
2.494300e+04 6.670175e-02
2.494400e+04 7.664959e-02
2.494500e+04 6.821318e-02
2.494600e+04 6.993275e-02
2.494700e+04 5.483279e-02
2.494800e+04 5.193988e-02
2.494900e+04 5.373626e-02
2.495000e+04 7.217413e-02
2.495100e+04 6.268731e-02
2.495200e+04 7.242458e-02
2.495300e+04 8.203120e-02
2.495400e+04 8.432440e-02
2.495500e+04 7.189986e-02
2.495600e+04 6.707811e-02
2.495700e+04 7.364581e-02
2.495800e+04 5.279274e-02
2.495900e+04 5.431002e-02
2.496000e+04 8.032647e-02
2.496100e+04 6.857589e-02
2.496200e+04 7.745260e-02
2.496300e+04 5.410849e-02
2.496400e+04 6.197216e-02
2.496500e+04 5.787041e-02
2.496600e+04 5.721830e-02
2.496700e+04 7.977932e-02
2.496800e+04 7.565708e-02
2.496900e+04 8.494293e-02
2.497000e+04 7.341735e-02
2.497100e+04 6.071095e-02
2.497200e+04 6.165102e-02
2.497300e+04 5.989806e-02
2.497400e+04 7.794589e-02
2.497500e+04 6.944000e-02
2.497600e+04 7.794278e-02
2.497700e+04 6.274573e-02
2.497800e+04 4.826275e-02
2.497900e+04 6.270490e-02
2.498000e+04 7.441627e-02
2.498100e+04 5.713690e-02
2.498200e+04 4.088043e-02
2.498300e+04 4.640961e-02
2.498400e+04 5.913161e-02
2.498500e+04 6.944612e-02
2.498600e+04 5.730341e-02
2.498700e+04 5.914505e-02
2.498800e+04 6.817266e-02
2.498900e+04 6.224609e-02
2.499000e+04 7.631650e-02
2.499100e+04 7.078704e-02
2.499200e+04 5.393372e-02
2.499300e+04 6.168830e-02
2.499400e+04 6.968738e-02
2.499500e+04 6.297116e-02
2.499600e+04 7.383818e-02
2.499700e+04 6.326662e-02
2.499800e+04 6.590718e-02
2.499900e+04 5.868456e-02
2.500000e+04 7.146199e-02
2.500100e+04 5.240638e-02
2.500200e+04 6.069944e-02
2.500300e+04 7.853407e-02
2.500400e+04 7.954443e-02
2.500500e+04 6.711278e-02
2.500600e+04 6.396201e-02
2.500700e+04 4.450595e-02
2.500800e+04 5.147434e-02
2.500900e+04 6.372439e-02
2.501000e+04 6.290792e-02
2.501100e+04 6.133024e-02
2.501200e+04 5.757576e-02
2.501300e+04 7.751761e-02
2.501400e+04 7.577166e-02
2.501500e+04 7.484397e-02
2.501600e+04 7.254016e-02
2.501700e+04 6.231862e-02
2.501800e+04 5.407391e-02
2.501900e+04 7.057632e-02
2.502000e+04 7.146929e-02
2.502100e+04 6.508792e-02
2.502200e+04 7.176160e-02
2.502300e+04 7.958769e-02
2.502400e+04 5.972191e-02
2.502500e+04 6.745856e-02
2.502600e+04 5.777818e-02
2.502700e+04 7.457830e-02
2.502800e+04 8.144139e-02
2.502900e+04 6.581878e-02
2.503000e+04 5.759695e-02
2.503100e+04 4.919862e-02
2.503200e+04 5.247268e-02
2.503300e+04 8.168732e-02
2.503400e+04 6.738760e-02
2.503500e+04 5.187869e-02
2.503600e+04 5.454727e-02
2.503700e+04 5.576850e-02
2.503800e+04 4.760282e-02
2.503900e+04 6.012696e-02
2.504000e+04 7.690587e-02
2.504100e+04 6.726492e-02
2.504200e+04 6.865121e-02
2.504300e+04 6.853722e-02
2.504400e+04 6.265177e-02
2.504500e+04 6.386756e-02
2.504600e+04 4.767185e-02
2.504700e+04 5.683654e-02
2.504800e+04 6.772120e-02
2.504900e+04 5.511882e-02
2.505000e+04 6.223902e-02
2.505100e+04 7.269910e-02
2.505200e+04 5.891401e-02
2.505300e+04 5.432166e-02
2.505400e+04 6.836769e-02
2.505500e+04 5.289314e-02
2.505600e+04 6.967181e-02
2.505700e+04 7.395023e-02
2.505800e+04 4.941799e-02
2.505900e+04 5.405765e-02
2.506000e+04 4.840468e-02
2.506100e+04 3.808177e-02
2.506200e+04 5.517917e-02
2.506300e+04 6.013637e-02
2.506400e+04 5.123239e-02
2.506500e+04 5.879900e-02
2.506600e+04 4.187104e-02
2.506700e+04 6.605869e-02
2.506800e+04 6.740329e-02
2.506900e+04 7.463278e-02
2.507000e+04 5.632452e-02
2.507100e+04 5.995873e-02
2.507200e+04 6.610844e-02
2.507300e+04 6.229138e-02
2.507400e+04 5.849826e-02
2.507500e+04 7.832327e-02
2.507600e+04 7.420513e-02
2.507700e+04 5.504179e-02
2.507800e+04 5.718405e-02
2.507900e+04 7.134266e-02
2.508000e+04 5.664384e-02
2.508100e+04 6.308690e-02
2.508200e+04 5.921744e-02
2.508300e+04 7.692943e-02
2.508400e+04 6.082180e-02
2.508500e+04 5.403445e-02
2.508600e+04 6.537515e-02
2.508700e+04 5.775131e-02
2.508800e+04 7.582936e-02
2.508900e+04 8.393380e-02
2.509000e+04 7.593905e-02
2.509100e+04 7.130646e-02
2.509200e+04 7.469838e-02
2.509300e+04 5.394017e-02
2.509400e+04 6.114275e-02
2.509500e+04 6.960882e-02
2.509600e+04 6.917273e-02
2.509700e+04 7.895338e-02
2.509800e+04 6.429469e-02
2.509900e+04 6.904912e-02
2.510000e+04 6.880085e-02
2.510100e+04 7.237663e-02
2.510200e+04 7.231460e-02
2.510300e+04 6.798084e-02
2.510400e+04 5.402886e-02
2.510500e+04 6.628989e-02
2.510600e+04 6.515920e-02
2.510700e+04 7.113890e-02
2.510800e+04 6.079269e-02
2.510900e+04 5.021407e-02
2.511000e+04 6.791097e-02
2.511100e+04 7.032075e-02
2.511200e+04 5.167006e-02
2.511300e+04 5.521335e-02
2.511400e+04 6.639738e-02
2.511500e+04 5.526029e-02
2.511600e+04 7.736880e-02
2.511700e+04 6.715065e-02
2.511800e+04 6.829136e-02
2.511900e+04 4.819380e-02
2.512000e+04 5.945678e-02
2.512100e+04 6.604065e-02
2.512200e+04 5.134678e-02
2.512300e+04 6.048688e-02
2.512400e+04 6.796999e-02
2.512500e+04 5.701229e-02
2.512600e+04 5.139439e-02
2.512700e+04 4.992854e-02
2.512800e+04 5.981532e-02
2.512900e+04 7.406940e-02
2.513000e+04 5.510619e-02
2.513100e+04 6.821566e-02
2.513200e+04 5.615588e-02
2.513300e+04 6.700098e-02
2.513400e+04 6.567112e-02
2.513500e+04 5.550099e-02
2.513600e+04 5.464073e-02
2.513700e+04 6.011053e-02
2.513800e+04 5.590444e-02
2.513900e+04 6.233781e-02
2.514000e+04 6.635398e-02
2.514100e+04 6.997032e-02
2.514200e+04 5.692278e-02
2.514300e+04 7.190188e-02
2.514400e+04 5.845499e-02
2.514500e+04 6.784308e-02
2.514600e+04 6.414631e-02
2.514700e+04 5.898128e-02
2.514800e+04 6.453309e-02
2.514900e+04 4.769471e-02
2.515000e+04 6.384216e-02
2.515100e+04 4.578671e-02
2.515200e+04 5.502601e-02
2.515300e+04 4.704633e-02
2.515400e+04 5.960303e-02
2.515500e+04 4.727104e-02
2.515600e+04 5.079165e-02
2.515700e+04 5.663736e-02
2.515800e+04 4.894375e-02
2.515900e+04 6.428724e-02
2.516000e+04 6.967857e-02
2.516100e+04 7.234570e-02
2.516200e+04 7.143208e-02
2.516300e+04 6.798044e-02
2.516400e+04 6.273618e-02
2.516500e+04 4.892680e-02
2.516600e+04 4.733549e-02
2.516700e+04 6.383662e-02
2.516800e+04 7.051936e-02
2.516900e+04 8.227668e-02
2.517000e+04 8.217678e-02
2.517100e+04 7.985555e-02
2.517200e+04 7.863574e-02
2.517300e+04 7.132248e-02
2.517400e+04 5.871101e-02
2.517500e+04 5.514820e-02
2.517600e+04 5.843756e-02
2.517700e+04 7.533072e-02
2.517800e+04 6.405353e-02
2.517900e+04 7.246223e-02
2.518000e+04 6.672159e-02
2.518100e+04 5.873275e-02
2.518200e+04 6.829515e-02
2.518300e+04 6.466155e-02
2.518400e+04 5.370741e-02
2.518500e+04 6.374114e-02
2.518600e+04 6.413183e-02
2.518700e+04 6.533398e-02
2.518800e+04 7.245995e-02
2.518900e+04 6.589394e-02
2.519000e+04 5.884657e-02
2.519100e+04 6.960713e-02
2.519200e+04 7.520742e-02
2.519300e+04 6.277614e-02
2.519400e+04 4.437109e-02
2.519500e+04 5.342519e-02
2.519600e+04 4.323246e-02
2.519700e+04 5.678759e-02
2.519800e+04 5.090952e-02
2.519900e+04 6.420677e-02
2.520000e+04 6.972874e-02
2.520100e+04 6.905775e-02
2.520200e+04 6.474227e-02
2.520300e+04 5.308928e-02
2.520400e+04 7.144921e-02
2.520500e+04 4.767921e-02
2.520600e+04 4.593733e-02
2.520700e+04 5.908064e-02
2.520800e+04 7.193981e-02
2.520900e+04 5.165148e-02
2.521000e+04 6.442682e-02
2.521100e+04 7.421615e-02
2.521200e+04 5.714664e-02
2.521300e+04 7.060002e-02
2.521400e+04 6.794882e-02
2.521500e+04 7.019909e-02
2.521600e+04 7.684636e-02
2.521700e+04 5.526568e-02
2.521800e+04 6.503024e-02
2.521900e+04 5.973987e-02
2.522000e+04 7.306204e-02
2.522100e+04 6.043074e-02
2.522200e+04 4.364479e-02
2.522300e+04 5.711179e-02
2.522400e+04 6.124007e-02
2.522500e+04 7.683999e-02
2.522600e+04 6.931300e-02
2.522700e+04 7.117427e-02
2.522800e+04 4.656573e-02
2.522900e+04 7.174612e-02
2.523000e+04 7.938660e-02
2.523100e+04 5.756488e-02
2.523200e+04 6.580988e-02
2.523300e+04 5.030590e-02
2.523400e+04 7.003695e-02
2.523500e+04 6.456241e-02
2.523600e+04 6.095197e-02
2.523700e+04 7.133649e-02
2.523800e+04 5.814653e-02
2.523900e+04 4.396232e-02
2.524000e+04 5.294408e-02
2.524100e+04 5.544357e-02
2.524200e+04 5.125773e-02
2.524300e+04 6.177623e-02
2.524400e+04 6.195743e-02
2.524500e+04 5.360666e-02
2.524600e+04 5.869988e-02
2.524700e+04 5.791784e-02
2.524800e+04 5.647224e-02
2.524900e+04 5.364831e-02
2.525000e+04 7.401081e-02
2.525100e+04 6.278356e-02
2.525200e+04 6.666122e-02
2.525300e+04 6.577256e-02
2.525400e+04 4.745929e-02
2.525500e+04 5.844716e-02
2.525600e+04 5.533407e-02
2.525700e+04 6.155253e-02
2.525800e+04 5.460432e-02
2.525900e+04 5.467896e-02
2.526000e+04 7.385937e-02
2.526100e+04 6.000830e-02
2.526200e+04 6.014216e-02
2.526300e+04 5.243937e-02
2.526400e+04 5.473625e-02
2.526500e+04 6.516815e-02
2.526600e+04 7.336374e-02
2.526700e+04 6.294862e-02
2.526800e+04 6.128112e-02
2.526900e+04 7.842999e-02
2.527000e+04 7.405271e-02
2.527100e+04 7.130027e-02
2.527200e+04 5.004579e-02
2.527300e+04 4.369818e-02
2.527400e+04 5.922247e-02
2.527500e+04 6.960751e-02
2.527600e+04 5.674532e-02
2.527700e+04 4.525078e-02
2.527800e+04 4.675391e-02
2.527900e+04 4.796730e-02
2.528000e+04 6.501920e-02
2.528100e+04 6.053589e-02
2.528200e+04 4.664700e-02
2.528300e+04 5.180623e-02
2.528400e+04 6.551071e-02
2.528500e+04 6.297589e-02
2.528600e+04 6.407008e-02
2.528700e+04 7.149561e-02
2.528800e+04 6.013830e-02
2.528900e+04 4.635092e-02
2.529000e+04 5.472738e-02
2.529100e+04 6.307564e-02
2.529200e+04 6.996510e-02
2.529300e+04 4.996015e-02
2.529400e+04 4.926692e-02
2.529500e+04 6.324386e-02
2.529600e+04 5.617604e-02
2.529700e+04 7.499253e-02
2.529800e+04 7.016048e-02
2.529900e+04 6.517914e-02
2.530000e+04 6.103376e-02
2.530100e+04 6.319195e-02
2.530200e+04 6.267201e-02
2.530300e+04 6.149422e-02
2.530400e+04 5.181295e-02
2.530500e+04 7.466857e-02
2.530600e+04 7.296594e-02
2.530700e+04 7.664612e-02
2.530800e+04 7.487036e-02
2.530900e+04 6.386226e-02
2.531000e+04 6.128454e-02
2.531100e+04 5.522405e-02
2.531200e+04 6.169103e-02
2.531300e+04 5.783540e-02
2.531400e+04 6.034462e-02
2.531500e+04 5.815239e-02
2.531600e+04 4.966745e-02
2.531700e+04 5.213429e-02
2.531800e+04 6.299959e-02
2.531900e+04 5.549249e-02
2.532000e+04 6.894826e-02
2.532100e+04 7.466577e-02
2.532200e+04 7.975015e-02
2.532300e+04 6.187243e-02
2.532400e+04 7.260901e-02
2.532500e+04 6.880658e-02
2.532600e+04 6.174261e-02
2.532700e+04 6.018280e-02
2.532800e+04 4.569525e-02
2.532900e+04 6.024015e-02
2.533000e+04 6.403080e-02
2.533100e+04 6.544109e-02
2.533200e+04 5.080812e-02
2.533300e+04 4.474303e-02
2.533400e+04 6.014955e-02
2.533500e+04 5.530276e-02
2.533600e+04 6.831393e-02
2.533700e+04 6.106113e-02
2.533800e+04 4.994194e-02
2.533900e+04 7.121418e-02
2.534000e+04 7.370541e-02
2.534100e+04 6.284728e-02
2.534200e+04 6.779916e-02
2.534300e+04 5.785666e-02
2.534400e+04 7.180362e-02
2.534500e+04 6.455253e-02
2.534600e+04 5.956787e-02
2.534700e+04 7.303987e-02
2.534800e+04 5.637330e-02
2.534900e+04 6.104645e-02
2.535000e+04 6.805740e-02
2.535100e+04 5.130197e-02
2.535200e+04 4.698684e-02
2.535300e+04 5.144657e-02
2.535400e+04 6.434379e-02
2.535500e+04 4.825062e-02
2.535600e+04 5.891925e-02
2.535700e+04 5.114266e-02
2.535800e+04 5.707920e-02
2.535900e+04 6.144479e-02
2.536000e+04 5.750184e-02
2.536100e+04 5.482313e-02
2.536200e+04 4.517912e-02
2.536300e+04 5.679298e-02
2.536400e+04 4.197487e-02
2.536500e+04 6.347052e-02
2.536600e+04 6.475962e-02
2.536700e+04 6.756423e-02
2.536800e+04 6.492556e-02
2.536900e+04 5.240072e-02
2.537000e+04 6.096230e-02
2.537100e+04 4.546607e-02
2.537200e+04 6.525857e-02
2.537300e+04 4.739408e-02
2.537400e+04 5.911165e-02
2.537500e+04 6.087893e-02
2.537600e+04 7.150046e-02
2.537700e+04 4.258433e-02
2.537800e+04 5.547994e-02
2.537900e+04 4.428861e-02
2.538000e+04 6.822015e-02
2.538100e+04 5.853302e-02
2.538200e+04 6.795737e-02
2.538300e+04 7.837251e-02
2.538400e+04 6.925504e-02
2.538500e+04 5.243907e-02
2.538600e+04 6.741246e-02
2.538700e+04 5.909529e-02
2.538800e+04 5.803562e-02
2.538900e+04 5.700532e-02
2.539000e+04 6.719417e-02
2.539100e+04 5.098730e-02
2.539200e+04 5.280063e-02
2.539300e+04 4.594385e-02
2.539400e+04 6.118327e-02
2.539500e+04 6.594195e-02
2.539600e+04 5.110112e-02
2.539700e+04 4.651796e-02
2.539800e+04 5.960562e-02
2.539900e+04 6.258310e-02
2.540000e+04 6.128228e-02
2.540100e+04 6.444831e-02
2.540200e+04 6.636335e-02
2.540300e+04 5.768497e-02
2.540400e+04 6.473770e-02
2.540500e+04 5.348750e-02
2.540600e+04 5.042094e-02
2.540700e+04 5.620920e-02
2.540800e+04 5.342527e-02
2.540900e+04 5.319143e-02
2.541000e+04 6.510042e-02
2.541100e+04 5.355563e-02
2.541200e+04 5.267045e-02
2.541300e+04 6.783722e-02
2.541400e+04 6.242710e-02
2.541500e+04 6.697838e-02
2.541600e+04 6.347425e-02
2.541700e+04 5.452350e-02
2.541800e+04 5.391799e-02
2.541900e+04 4.775775e-02
2.542000e+04 6.126343e-02
2.542100e+04 6.915478e-02
2.542200e+04 6.029185e-02
2.542300e+04 7.107090e-02
2.542400e+04 6.436923e-02
2.542500e+04 7.148777e-02
2.542600e+04 5.241591e-02
2.542700e+04 5.857557e-02
2.542800e+04 5.421784e-02
2.542900e+04 4.156884e-02
2.543000e+04 6.432951e-02
2.543100e+04 4.651928e-02
2.543200e+04 5.115871e-02
2.543300e+04 6.422188e-02
2.543400e+04 6.245064e-02
2.543500e+04 5.282961e-02
2.543600e+04 5.618104e-02
2.543700e+04 4.281064e-02
2.543800e+04 5.758124e-02
2.543900e+04 5.687480e-02
2.544000e+04 5.415569e-02
2.544100e+04 4.981219e-02
2.544200e+04 5.789978e-02
2.544300e+04 6.104657e-02
2.544400e+04 5.913496e-02
2.544500e+04 5.742679e-02
2.544600e+04 6.107724e-02
2.544700e+04 5.588618e-02
2.544800e+04 7.553355e-02
2.544900e+04 7.294211e-02
2.545000e+04 6.301443e-02
2.545100e+04 6.013133e-02
2.545200e+04 5.495279e-02
2.545300e+04 6.235709e-02
2.545400e+04 6.846059e-02
2.545500e+04 6.814398e-02
2.545600e+04 6.126828e-02
2.545700e+04 4.914176e-02
2.545800e+04 4.626097e-02
2.545900e+04 7.313173e-02
2.546000e+04 6.826329e-02
2.546100e+04 6.118764e-02
2.546200e+04 6.223654e-02
2.546300e+04 5.734995e-02
2.546400e+04 6.314114e-02
2.546500e+04 6.673705e-02
2.546600e+04 6.009308e-02
2.546700e+04 5.157130e-02
2.546800e+04 6.922691e-02
2.546900e+04 5.958143e-02
2.547000e+04 5.880106e-02
2.547100e+04 3.961587e-02
2.547200e+04 4.785224e-02
2.547300e+04 7.048505e-02
2.547400e+04 6.915386e-02
2.547500e+04 5.217678e-02
2.547600e+04 6.360492e-02
2.547700e+04 4.755737e-02
2.547800e+04 7.057967e-02
2.547900e+04 7.805823e-02
2.548000e+04 6.121957e-02
2.548100e+04 5.897137e-02
2.548200e+04 5.723877e-02
2.548300e+04 5.672850e-02
2.548400e+04 4.722435e-02
2.548500e+04 5.965573e-02
2.548600e+04 6.073629e-02
2.548700e+04 5.228411e-02
2.548800e+04 6.298523e-02
2.548900e+04 5.778871e-02
2.549000e+04 6.137060e-02
2.549100e+04 5.168666e-02
2.549200e+04 4.329919e-02
2.549300e+04 5.629402e-02
2.549400e+04 5.717836e-02
2.549500e+04 6.555280e-02
2.549600e+04 7.137618e-02
2.549700e+04 5.838497e-02
2.549800e+04 6.565714e-02
2.549900e+04 5.171844e-02
2.550000e+04 5.413739e-02
2.550100e+04 4.511166e-02
2.550200e+04 5.095509e-02
2.550300e+04 5.787815e-02
2.550400e+04 5.983420e-02
2.550500e+04 6.686117e-02
2.550600e+04 6.748965e-02
2.550700e+04 6.515658e-02
2.550800e+04 5.067888e-02
2.550900e+04 5.829621e-02
2.551000e+04 4.747801e-02
2.551100e+04 6.774482e-02
2.551200e+04 5.593861e-02
2.551300e+04 6.357530e-02
2.551400e+04 6.875934e-02
2.551500e+04 6.974883e-02
2.551600e+04 7.453149e-02
2.551700e+04 6.310343e-02
2.551800e+04 5.720830e-02
2.551900e+04 6.519634e-02
2.552000e+04 5.447730e-02
2.552100e+04 4.851406e-02
2.552200e+04 4.457273e-02
2.552300e+04 5.924036e-02
2.552400e+04 6.463201e-02
2.552500e+04 6.463440e-02
2.552600e+04 6.858639e-02
2.552700e+04 5.180760e-02
2.552800e+04 3.374955e-02
2.552900e+04 5.410035e-02
2.553000e+04 7.103362e-02
2.553100e+04 5.077144e-02
2.553200e+04 5.794962e-02
2.553300e+04 5.576293e-02
2.553400e+04 3.984424e-02
2.553500e+04 6.246342e-02
2.553600e+04 6.843682e-02
2.553700e+04 6.682046e-02
2.553800e+04 7.316577e-02
2.553900e+04 5.524969e-02
2.554000e+04 5.559828e-02
2.554100e+04 5.583041e-02
2.554200e+04 6.137275e-02
2.554300e+04 7.684496e-02
2.554400e+04 6.954637e-02
2.554500e+04 6.069573e-02
2.554600e+04 5.869489e-02
2.554700e+04 5.749360e-02
2.554800e+04 6.011088e-02
2.554900e+04 6.165733e-02
2.555000e+04 6.531592e-02
2.555100e+04 5.363761e-02
2.555200e+04 5.761533e-02
2.555300e+04 5.048149e-02
2.555400e+04 4.927914e-02
2.555500e+04 5.753587e-02
2.555600e+04 6.175078e-02
2.555700e+04 6.780307e-02
2.555800e+04 6.001517e-02
2.555900e+04 6.235141e-02
2.556000e+04 6.075200e-02
2.556100e+04 4.490847e-02
2.556200e+04 6.454109e-02
2.556300e+04 5.158306e-02
2.556400e+04 4.583747e-02
2.556500e+04 5.687069e-02
2.556600e+04 6.419341e-02
2.556700e+04 3.947207e-02
2.556800e+04 6.525183e-02
2.556900e+04 6.386166e-02
2.557000e+04 5.153036e-02
2.557100e+04 5.683838e-02
2.557200e+04 5.533555e-02
2.557300e+04 6.036776e-02
2.557400e+04 7.220861e-02
2.557500e+04 5.567004e-02
2.557600e+04 5.601229e-02
2.557700e+04 5.156816e-02
2.557800e+04 6.353405e-02
2.557900e+04 5.818817e-02
2.558000e+04 6.549337e-02
2.558100e+04 5.045351e-02
2.558200e+04 6.915118e-02
2.558300e+04 5.335655e-02
2.558400e+04 6.266940e-02
2.558500e+04 5.220266e-02
2.558600e+04 6.202856e-02
2.558700e+04 6.805113e-02
2.558800e+04 7.124575e-02
2.558900e+04 6.942998e-02
2.559000e+04 6.698732e-02
2.559100e+04 5.034718e-02
2.559200e+04 7.095557e-02
2.559300e+04 5.081389e-02
2.559400e+04 5.011271e-02
2.559500e+04 6.087151e-02
2.559600e+04 5.497225e-02
2.559700e+04 6.431618e-02
2.559800e+04 5.422038e-02
2.559900e+04 7.005891e-02
2.560000e+04 5.285464e-02
2.560100e+04 4.061487e-02
2.560200e+04 5.486584e-02
2.560300e+04 7.153013e-02
2.560400e+04 6.524717e-02
2.560500e+04 5.272672e-02
2.560600e+04 4.858731e-02
2.560700e+04 5.976321e-02
2.560800e+04 4.377857e-02
2.560900e+04 4.929471e-02
2.561000e+04 5.017896e-02
2.561100e+04 6.060192e-02
2.561200e+04 5.465679e-02
2.561300e+04 4.235815e-02
2.561400e+04 4.212185e-02
2.561500e+04 6.218837e-02
2.561600e+04 6.378649e-02
2.561700e+04 6.348354e-02
2.561800e+04 5.686657e-02
2.561900e+04 7.119934e-02
2.562000e+04 6.754403e-02
2.562100e+04 6.300552e-02
2.562200e+04 5.546095e-02
2.562300e+04 6.676590e-02
2.562400e+04 5.718355e-02
2.562500e+04 5.241257e-02
2.562600e+04 4.256930e-02
2.562700e+04 5.371454e-02
2.562800e+04 6.544150e-02
2.562900e+04 4.179860e-02
2.563000e+04 4.569895e-02
2.563100e+04 5.148787e-02
2.563200e+04 6.529045e-02
2.563300e+04 5.869778e-02
2.563400e+04 6.452825e-02
2.563500e+04 5.721670e-02
2.563600e+04 4.439143e-02
2.563700e+04 4.799162e-02
2.563800e+04 6.210798e-02
2.563900e+04 6.541966e-02
2.564000e+04 5.543072e-02
2.564100e+04 6.997490e-02
2.564200e+04 6.831729e-02
2.564300e+04 5.891860e-02
2.564400e+04 5.321127e-02
2.564500e+04 4.061250e-02
2.564600e+04 4.267405e-02
2.564700e+04 6.007251e-02
2.564800e+04 6.354181e-02
2.564900e+04 5.966044e-02
2.565000e+04 6.179570e-02
2.565100e+04 4.963769e-02
2.565200e+04 6.122834e-02
2.565300e+04 7.062043e-02
2.565400e+04 5.580242e-02
2.565500e+04 6.166108e-02
2.565600e+04 6.089308e-02
2.565700e+04 6.087353e-02
2.565800e+04 6.537637e-02
2.565900e+04 5.538906e-02
2.566000e+04 4.974551e-02
2.566100e+04 5.670992e-02
2.566200e+04 6.376319e-02
2.566300e+04 7.000539e-02
2.566400e+04 4.687622e-02
2.566500e+04 4.764517e-02
2.566600e+04 4.683346e-02
2.566700e+04 5.112990e-02
2.566800e+04 5.848849e-02
2.566900e+04 5.896695e-02
2.567000e+04 5.874005e-02
2.567100e+04 6.497191e-02
2.567200e+04 5.797577e-02
2.567300e+04 4.111114e-02
2.567400e+04 5.820509e-02
2.567500e+04 5.754786e-02
2.567600e+04 7.362203e-02
2.567700e+04 6.317058e-02
2.567800e+04 5.729222e-02
2.567900e+04 5.721894e-02
2.568000e+04 5.005965e-02
2.568100e+04 6.206337e-02
2.568200e+04 6.816931e-02
2.568300e+04 6.345040e-02
2.568400e+04 5.475339e-02
2.568500e+04 5.678144e-02
2.568600e+04 5.447124e-02
2.568700e+04 5.374770e-02
2.568800e+04 5.537365e-02
2.568900e+04 5.238809e-02
2.569000e+04 4.925243e-02
2.569100e+04 6.117485e-02
2.569200e+04 6.436179e-02
2.569300e+04 4.499631e-02
2.569400e+04 6.779483e-02
2.569500e+04 4.718354e-02
2.569600e+04 5.768065e-02
2.569700e+04 5.491532e-02
2.569800e+04 4.693986e-02
2.569900e+04 3.815860e-02
2.570000e+04 4.402623e-02
2.570100e+04 6.166200e-02
2.570200e+04 5.788106e-02
2.570300e+04 6.575708e-02
2.570400e+04 6.841260e-02
2.570500e+04 6.052495e-02
2.570600e+04 5.909867e-02
2.570700e+04 5.391833e-02
2.570800e+04 5.916935e-02
2.570900e+04 7.135848e-02
2.571000e+04 6.999427e-02
2.571100e+04 7.148664e-02
2.571200e+04 6.857054e-02
2.571300e+04 7.330612e-02
2.571400e+04 7.219897e-02
2.571500e+04 6.848310e-02
2.571600e+04 5.251035e-02
2.571700e+04 6.581789e-02
2.571800e+04 6.792087e-02
2.571900e+04 6.881095e-02
2.572000e+04 5.513760e-02
2.572100e+04 5.247945e-02
2.572200e+04 5.638393e-02
2.572300e+04 6.214083e-02
2.572400e+04 6.569900e-02
2.572500e+04 6.516445e-02
2.572600e+04 6.546884e-02
2.572700e+04 5.041919e-02
2.572800e+04 6.124354e-02
2.572900e+04 6.591823e-02
2.573000e+04 6.487024e-02
2.573100e+04 4.928128e-02
2.573200e+04 5.670286e-02
2.573300e+04 4.719753e-02
2.573400e+04 6.743511e-02
2.573500e+04 4.958808e-02
2.573600e+04 3.942265e-02
2.573700e+04 6.784472e-02
2.573800e+04 5.364776e-02
2.573900e+04 5.897830e-02
2.574000e+04 5.100208e-02
2.574100e+04 5.860613e-02
2.574200e+04 4.373235e-02
2.574300e+04 6.509416e-02
2.574400e+04 6.743413e-02
2.574500e+04 6.293775e-02
2.574600e+04 5.686090e-02
2.574700e+04 4.040457e-02
2.574800e+04 5.568483e-02
2.574900e+04 5.403717e-02
2.575000e+04 5.888115e-02
2.575100e+04 4.940341e-02
2.575200e+04 6.812638e-02
2.575300e+04 6.073189e-02
2.575400e+04 5.398142e-02
2.575500e+04 5.375511e-02
2.575600e+04 5.437991e-02
2.575700e+04 5.328365e-02
2.575800e+04 5.190722e-02
2.575900e+04 5.949714e-02
2.576000e+04 4.845805e-02
2.576100e+04 5.285409e-02
2.576200e+04 4.996834e-02
2.576300e+04 6.137922e-02
2.576400e+04 6.513375e-02
2.576500e+04 5.476514e-02
2.576600e+04 4.198970e-02
2.576700e+04 5.604461e-02
2.576800e+04 4.923571e-02
2.576900e+04 6.970333e-02
2.577000e+04 5.100935e-02
2.577100e+04 4.325447e-02
2.577200e+04 4.100036e-02
2.577300e+04 5.288976e-02
2.577400e+04 6.109124e-02
2.577500e+04 5.065418e-02
2.577600e+04 5.697385e-02
2.577700e+04 5.002267e-02
2.577800e+04 6.025440e-02
2.577900e+04 4.739000e-02
2.578000e+04 5.143062e-02
2.578100e+04 5.642805e-02
2.578200e+04 5.725899e-02
2.578300e+04 4.128911e-02
2.578400e+04 4.691076e-02
2.578500e+04 6.442421e-02
2.578600e+04 5.834558e-02
2.578700e+04 5.569900e-02
2.578800e+04 5.767652e-02
2.578900e+04 4.654647e-02
2.579000e+04 5.362245e-02
2.579100e+04 7.249896e-02
2.579200e+04 6.103114e-02
2.579300e+04 4.983453e-02
2.579400e+04 6.164632e-02
2.579500e+04 5.388158e-02
2.579600e+04 5.667465e-02
2.579700e+04 6.434334e-02
2.579800e+04 5.821486e-02
2.579900e+04 6.665216e-02
2.580000e+04 6.066247e-02
2.580100e+04 6.232891e-02
2.580200e+04 6.302051e-02
2.580300e+04 6.839362e-02
2.580400e+04 6.950757e-02
2.580500e+04 5.682882e-02
2.580600e+04 6.587138e-02
2.580700e+04 5.649997e-02
2.580800e+04 6.616908e-02
2.580900e+04 5.856348e-02
2.581000e+04 6.190772e-02
2.581100e+04 5.140581e-02
2.581200e+04 5.911346e-02
2.581300e+04 5.335321e-02
2.581400e+04 5.679554e-02
2.581500e+04 4.742871e-02
2.581600e+04 6.262739e-02
2.581700e+04 5.298570e-02
2.581800e+04 5.695142e-02
2.581900e+04 4.919553e-02
2.582000e+04 6.043230e-02
2.582100e+04 5.467677e-02
2.582200e+04 6.205785e-02
2.582300e+04 6.968753e-02
2.582400e+04 5.579460e-02
2.582500e+04 5.167372e-02
2.582600e+04 5.592313e-02
2.582700e+04 5.772866e-02
2.582800e+04 5.060058e-02
2.582900e+04 4.785785e-02
2.583000e+04 4.245563e-02
2.583100e+04 5.672602e-02
2.583200e+04 5.032810e-02
2.583300e+04 5.948040e-02
2.583400e+04 6.055990e-02
2.583500e+04 5.190404e-02
2.583600e+04 6.268506e-02
2.583700e+04 6.117143e-02
2.583800e+04 5.447113e-02
2.583900e+04 4.117040e-02
2.584000e+04 5.485626e-02
2.584100e+04 6.092835e-02
2.584200e+04 6.200152e-02
2.584300e+04 6.459341e-02
2.584400e+04 6.717861e-02
2.584500e+04 5.140569e-02
2.584600e+04 5.203122e-02
2.584700e+04 6.240215e-02
2.584800e+04 5.830802e-02
2.584900e+04 4.566629e-02
2.585000e+04 5.126279e-02
2.585100e+04 4.596546e-02
2.585200e+04 6.540757e-02
2.585300e+04 6.848030e-02
2.585400e+04 5.548167e-02
2.585500e+04 6.195023e-02
2.585600e+04 5.683585e-02
2.585700e+04 6.653633e-02
2.585800e+04 7.324000e-02
2.585900e+04 5.963323e-02
2.586000e+04 6.520678e-02
2.586100e+04 5.639733e-02
2.586200e+04 6.010343e-02
2.586300e+04 6.721090e-02
2.586400e+04 6.659672e-02
2.586500e+04 6.643225e-02
2.586600e+04 6.070018e-02
2.586700e+04 6.767688e-02
2.586800e+04 5.162788e-02
2.586900e+04 6.733721e-02
2.587000e+04 5.947706e-02
2.587100e+04 5.570071e-02
2.587200e+04 4.031906e-02
2.587300e+04 3.987245e-02
2.587400e+04 5.484962e-02
2.587500e+04 5.738477e-02
2.587600e+04 5.755223e-02
2.587700e+04 5.215818e-02
2.587800e+04 4.900792e-02
2.587900e+04 6.957451e-02
2.588000e+04 7.312419e-02
2.588100e+04 5.388984e-02
2.588200e+04 4.768203e-02
2.588300e+04 4.684260e-02
2.588400e+04 4.701722e-02
2.588500e+04 5.930891e-02
2.588600e+04 6.156707e-02
2.588700e+04 6.052562e-02
2.588800e+04 5.456037e-02
2.588900e+04 6.826242e-02
2.589000e+04 5.542914e-02
2.589100e+04 5.388659e-02
2.589200e+04 5.326770e-02
2.589300e+04 4.966842e-02
2.589400e+04 5.687880e-02
2.589500e+04 4.999507e-02
2.589600e+04 5.953499e-02
2.589700e+04 4.832767e-02
2.589800e+04 5.402928e-02
2.589900e+04 5.626081e-02
2.590000e+04 5.411584e-02
2.590100e+04 6.866498e-02
2.590200e+04 6.618126e-02
2.590300e+04 5.516372e-02
2.590400e+04 4.783366e-02
2.590500e+04 5.480946e-02
2.590600e+04 5.277013e-02
2.590700e+04 6.229637e-02
2.590800e+04 5.761054e-02
2.590900e+04 5.376665e-02
2.591000e+04 5.970403e-02
2.591100e+04 4.702254e-02
2.591200e+04 6.532234e-02
2.591300e+04 5.790353e-02
2.591400e+04 5.117872e-02
2.591500e+04 5.745134e-02
2.591600e+04 6.691931e-02
2.591700e+04 6.346539e-02
2.591800e+04 6.738524e-02
2.591900e+04 5.108577e-02
2.592000e+04 6.286388e-02
2.592100e+04 5.420131e-02
2.592200e+04 6.385662e-02
2.592300e+04 6.993630e-02
2.592400e+04 4.627086e-02
2.592500e+04 5.830565e-02
2.592600e+04 4.230392e-02
2.592700e+04 6.322511e-02
2.592800e+04 6.364929e-02
2.592900e+04 5.852610e-02
2.593000e+04 4.993539e-02
2.593100e+04 4.897343e-02
2.593200e+04 4.697133e-02
2.593300e+04 5.291792e-02
2.593400e+04 4.770176e-02
2.593500e+04 5.909460e-02
2.593600e+04 6.330332e-02
2.593700e+04 6.520819e-02
2.593800e+04 6.857265e-02
2.593900e+04 4.967831e-02
2.594000e+04 6.285530e-02
2.594100e+04 6.663061e-02
2.594200e+04 5.598788e-02
2.594300e+04 5.548191e-02
2.594400e+04 4.098589e-02
2.594500e+04 5.865202e-02
2.594600e+04 5.259509e-02
2.594700e+04 3.950685e-02
2.594800e+04 5.587901e-02
2.594900e+04 5.342035e-02
2.595000e+04 5.379567e-02
2.595100e+04 5.870240e-02
2.595200e+04 6.406451e-02
2.595300e+04 4.743296e-02
2.595400e+04 5.695556e-02
2.595500e+04 6.657750e-02
2.595600e+04 6.070312e-02
2.595700e+04 5.597980e-02
2.595800e+04 5.839339e-02
2.595900e+04 5.601070e-02
2.596000e+04 4.322583e-02
2.596100e+04 6.036520e-02
2.596200e+04 6.191939e-02
2.596300e+04 5.783229e-02
2.596400e+04 6.186474e-02
2.596500e+04 5.038694e-02
2.596600e+04 5.595088e-02
2.596700e+04 5.152260e-02
2.596800e+04 6.456650e-02
2.596900e+04 6.836542e-02
2.597000e+04 5.691886e-02
2.597100e+04 6.879275e-02
2.597200e+04 5.628708e-02
2.597300e+04 4.493550e-02
2.597400e+04 5.161666e-02
2.597500e+04 5.848948e-02
2.597600e+04 5.818894e-02
2.597700e+04 4.912776e-02
2.597800e+04 4.786997e-02
2.597900e+04 5.035192e-02
2.598000e+04 4.946179e-02
2.598100e+04 5.216850e-02
2.598200e+04 4.495812e-02
2.598300e+04 4.694312e-02
2.598400e+04 4.409147e-02
2.598500e+04 5.987671e-02
2.598600e+04 6.231660e-02
2.598700e+04 5.991786e-02
2.598800e+04 5.660678e-02
2.598900e+04 5.025878e-02
2.599000e+04 7.012077e-02
2.599100e+04 4.844618e-02
2.599200e+04 4.682259e-02
2.599300e+04 5.312961e-02
2.599400e+04 5.972883e-02
2.599500e+04 6.349915e-02
2.599600e+04 5.209302e-02
2.599700e+04 6.211307e-02
2.599800e+04 5.040949e-02
2.599900e+04 6.941088e-02
2.600000e+04 6.142782e-02
2.600100e+04 5.968598e-02
2.600200e+04 6.517283e-02
2.600300e+04 6.878464e-02
2.600400e+04 5.361465e-02
2.600500e+04 5.701927e-02
2.600600e+04 5.120387e-02
2.600700e+04 7.083930e-02
2.600800e+04 6.165992e-02
2.600900e+04 5.628448e-02
2.601000e+04 5.383312e-02
2.601100e+04 6.338051e-02
2.601200e+04 5.488339e-02
2.601300e+04 5.353798e-02
2.601400e+04 6.019081e-02
2.601500e+04 5.432699e-02
2.601600e+04 4.381244e-02
2.601700e+04 4.670870e-02
2.601800e+04 5.083934e-02
2.601900e+04 5.567555e-02
2.602000e+04 7.004150e-02
2.602100e+04 6.167669e-02
2.602200e+04 6.320507e-02
2.602300e+04 6.179877e-02
2.602400e+04 5.822255e-02
2.602500e+04 6.402455e-02
2.602600e+04 5.545770e-02
2.602700e+04 5.626619e-02
2.602800e+04 6.461969e-02
2.602900e+04 7.103008e-02
2.603000e+04 6.169984e-02
2.603100e+04 4.275353e-02
2.603200e+04 5.531260e-02
2.603300e+04 6.490158e-02
2.603400e+04 5.322912e-02
2.603500e+04 5.196635e-02
2.603600e+04 6.099428e-02
2.603700e+04 6.645573e-02
2.603800e+04 5.670897e-02
2.603900e+04 4.879745e-02
2.604000e+04 5.905893e-02
2.604100e+04 5.414062e-02
2.604200e+04 4.944836e-02
2.604300e+04 5.670507e-02
2.604400e+04 6.486120e-02
2.604500e+04 4.553528e-02
2.604600e+04 6.745225e-02
2.604700e+04 5.371781e-02
2.604800e+04 6.071254e-02
2.604900e+04 5.187500e-02
2.605000e+04 5.242556e-02
2.605100e+04 5.650239e-02
2.605200e+04 5.593455e-02
2.605300e+04 6.781757e-02
2.605400e+04 6.003602e-02
2.605500e+04 6.481207e-02
2.605600e+04 4.321195e-02
2.605700e+04 5.617009e-02
2.605800e+04 6.345872e-02
2.605900e+04 5.048732e-02
2.606000e+04 5.430124e-02
2.606100e+04 7.128183e-02
2.606200e+04 5.679709e-02
2.606300e+04 4.771234e-02
2.606400e+04 5.285332e-02
2.606500e+04 5.346653e-02
2.606600e+04 5.594137e-02
2.606700e+04 6.455495e-02
2.606800e+04 6.764087e-02
2.606900e+04 7.247861e-02
2.607000e+04 5.393829e-02
2.607100e+04 5.578582e-02
2.607200e+04 5.969189e-02
2.607300e+04 7.131696e-02
2.607400e+04 5.522497e-02
2.607500e+04 4.781128e-02
2.607600e+04 4.593295e-02
2.607700e+04 5.576349e-02
2.607800e+04 4.980334e-02
2.607900e+04 5.871456e-02
2.608000e+04 6.097232e-02
2.608100e+04 4.852779e-02
2.608200e+04 5.174900e-02
2.608300e+04 5.524050e-02
2.608400e+04 5.336820e-02
2.608500e+04 4.591417e-02
2.608600e+04 4.481710e-02
2.608700e+04 5.127604e-02
2.608800e+04 4.554807e-02
2.608900e+04 5.894953e-02
2.609000e+04 4.988390e-02
2.609100e+04 5.160960e-02
2.609200e+04 5.167278e-02
2.609300e+04 6.420919e-02
2.609400e+04 6.286389e-02
2.609500e+04 5.586259e-02
2.609600e+04 5.850903e-02
2.609700e+04 4.145521e-02
2.609800e+04 4.978670e-02
2.609900e+04 6.002520e-02
2.610000e+04 5.916635e-02
2.610100e+04 5.199789e-02
2.610200e+04 5.486969e-02
2.610300e+04 6.389876e-02
2.610400e+04 6.290997e-02
2.610500e+04 6.317339e-02
2.610600e+04 5.869808e-02
2.610700e+04 5.094004e-02
2.610800e+04 6.512265e-02
2.610900e+04 6.718939e-02
2.611000e+04 6.735656e-02
2.611100e+04 5.554450e-02
2.611200e+04 6.311778e-02
2.611300e+04 6.254140e-02
2.611400e+04 5.164334e-02
2.611500e+04 6.184859e-02
2.611600e+04 6.323664e-02
2.611700e+04 6.644264e-02
2.611800e+04 6.001166e-02
2.611900e+04 6.036375e-02
2.612000e+04 5.915794e-02
2.612100e+04 6.738376e-02
2.612200e+04 6.011107e-02
2.612300e+04 6.213324e-02
2.612400e+04 5.811036e-02
2.612500e+04 5.989123e-02
2.612600e+04 5.596502e-02
2.612700e+04 5.335506e-02
2.612800e+04 4.710812e-02
2.612900e+04 6.529062e-02
2.613000e+04 6.031726e-02
2.613100e+04 5.264290e-02
2.613200e+04 4.679502e-02
2.613300e+04 6.467639e-02
2.613400e+04 5.187998e-02
2.613500e+04 6.335189e-02
2.613600e+04 6.790720e-02
2.613700e+04 5.819481e-02
2.613800e+04 5.214429e-02
2.613900e+04 4.824932e-02
2.614000e+04 6.369840e-02
2.614100e+04 6.126661e-02
2.614200e+04 6.197975e-02
2.614300e+04 5.567534e-02
2.614400e+04 5.158226e-02
2.614500e+04 5.796498e-02
2.614600e+04 6.114433e-02
2.614700e+04 5.364725e-02
2.614800e+04 4.390878e-02
2.614900e+04 4.810941e-02
2.615000e+04 6.208514e-02
2.615100e+04 5.908064e-02
2.615200e+04 6.545045e-02
2.615300e+04 5.878200e-02
2.615400e+04 5.610717e-02
2.615500e+04 5.288764e-02
2.615600e+04 6.086712e-02
2.615700e+04 6.965233e-02
2.615800e+04 5.858269e-02
2.615900e+04 5.941882e-02
2.616000e+04 5.641491e-02
2.616100e+04 5.430554e-02
2.616200e+04 6.057521e-02
2.616300e+04 5.819706e-02
2.616400e+04 6.925628e-02
2.616500e+04 4.832316e-02
2.616600e+04 4.344218e-02
2.616700e+04 6.695617e-02
2.616800e+04 5.862668e-02
2.616900e+04 6.202888e-02
2.617000e+04 4.998908e-02
2.617100e+04 5.245155e-02
2.617200e+04 6.278335e-02
2.617300e+04 4.892007e-02
2.617400e+04 6.304355e-02
2.617500e+04 5.806747e-02
2.617600e+04 5.319544e-02
2.617700e+04 5.753485e-02
2.617800e+04 5.791828e-02
2.617900e+04 4.024780e-02
2.618000e+04 4.442573e-02
2.618100e+04 5.419137e-02
2.618200e+04 5.591982e-02
2.618300e+04 6.867436e-02
2.618400e+04 6.066182e-02
2.618500e+04 5.251133e-02
2.618600e+04 5.106752e-02
2.618700e+04 4.034562e-02
2.618800e+04 6.019947e-02
2.618900e+04 4.579540e-02
2.619000e+04 5.456773e-02
2.619100e+04 5.917024e-02
2.619200e+04 5.442787e-02
2.619300e+04 5.513082e-02
2.619400e+04 5.856907e-02
2.619500e+04 4.872638e-02
2.619600e+04 4.876360e-02
2.619700e+04 4.910116e-02
2.619800e+04 5.903272e-02
2.619900e+04 6.445604e-02
2.620000e+04 4.596742e-02
2.620100e+04 5.271152e-02
2.620200e+04 6.730965e-02
2.620300e+04 6.734993e-02
2.620400e+04 5.692466e-02
2.620500e+04 4.055436e-02
2.620600e+04 5.277546e-02
2.620700e+04 4.831582e-02
2.620800e+04 5.075729e-02
2.620900e+04 6.559703e-02
2.621000e+04 7.448484e-02
2.621100e+04 6.999845e-02
2.621200e+04 5.593094e-02
2.621300e+04 5.582448e-02
2.621400e+04 6.109395e-02
2.621500e+04 4.798579e-02
2.621600e+04 5.443384e-02
2.621700e+04 4.894233e-02
2.621800e+04 6.186881e-02
2.621900e+04 6.084402e-02
2.622000e+04 4.851534e-02
2.622100e+04 5.121071e-02
2.622200e+04 6.093946e-02
2.622300e+04 4.853073e-02
2.622400e+04 5.515880e-02
2.622500e+04 6.497176e-02
2.622600e+04 6.051068e-02
2.622700e+04 5.376394e-02
2.622800e+04 4.473780e-02
2.622900e+04 5.212090e-02
2.623000e+04 6.104129e-02
2.623100e+04 5.022337e-02
2.623200e+04 5.848524e-02
2.623300e+04 5.512532e-02
2.623400e+04 6.704915e-02
2.623500e+04 5.286863e-02
2.623600e+04 6.534593e-02
2.623700e+04 5.913629e-02
2.623800e+04 5.502127e-02
2.623900e+04 5.657967e-02
2.624000e+04 6.095269e-02
2.624100e+04 5.591379e-02
2.624200e+04 4.739365e-02
2.624300e+04 5.250135e-02
2.624400e+04 5.771185e-02
2.624500e+04 6.968956e-02
2.624600e+04 5.904560e-02
2.624700e+04 5.492205e-02
2.624800e+04 6.391936e-02
2.624900e+04 4.859223e-02
2.625000e+04 5.742839e-02
2.625100e+04 6.035215e-02
2.625200e+04 5.595288e-02
2.625300e+04 6.888592e-02
2.625400e+04 5.540369e-02
2.625500e+04 4.426278e-02
2.625600e+04 4.276438e-02
2.625700e+04 6.410145e-02
2.625800e+04 6.121860e-02
2.625900e+04 4.778590e-02
2.626000e+04 5.575239e-02
2.626100e+04 5.705182e-02
2.626200e+04 6.429251e-02
2.626300e+04 4.896393e-02
2.626400e+04 4.670806e-02
2.626500e+04 6.441559e-02
2.626600e+04 5.485161e-02
2.626700e+04 4.925840e-02
2.626800e+04 5.008815e-02
2.626900e+04 4.833142e-02
2.627000e+04 6.061149e-02
2.627100e+04 5.897141e-02
2.627200e+04 5.617021e-02
2.627300e+04 6.138693e-02
2.627400e+04 4.848412e-02
2.627500e+04 6.206720e-02
2.627600e+04 6.046311e-02
2.627700e+04 4.851427e-02
2.627800e+04 6.339301e-02
2.627900e+04 5.624664e-02
2.628000e+04 5.584022e-02
2.628100e+04 6.207962e-02
2.628200e+04 6.003669e-02
2.628300e+04 6.531167e-02
2.628400e+04 5.687244e-02
2.628500e+04 5.169180e-02
2.628600e+04 6.001225e-02
2.628700e+04 5.804721e-02
2.628800e+04 5.401690e-02
2.628900e+04 6.001833e-02
2.629000e+04 5.838361e-02
2.629100e+04 5.905548e-02
2.629200e+04 5.509946e-02
2.629300e+04 6.395009e-02
2.629400e+04 6.383451e-02
2.629500e+04 5.314167e-02
2.629600e+04 5.935108e-02
2.629700e+04 6.027926e-02
2.629800e+04 5.126673e-02
2.629900e+04 6.098205e-02
2.630000e+04 5.828859e-02
2.630100e+04 5.465710e-02
2.630200e+04 5.628436e-02
2.630300e+04 4.412660e-02
2.630400e+04 5.375263e-02
2.630500e+04 4.621883e-02
2.630600e+04 3.708322e-02
2.630700e+04 5.892439e-02
2.630800e+04 6.381442e-02
2.630900e+04 4.763114e-02
2.631000e+04 6.154209e-02
2.631100e+04 6.297164e-02
2.631200e+04 5.321591e-02
2.631300e+04 4.782983e-02
2.631400e+04 5.721766e-02
2.631500e+04 6.511152e-02
2.631600e+04 5.189270e-02
2.631700e+04 6.011776e-02
2.631800e+04 6.829456e-02
2.631900e+04 5.541359e-02
2.632000e+04 5.458221e-02
2.632100e+04 5.606692e-02
2.632200e+04 6.298722e-02
2.632300e+04 5.341003e-02
2.632400e+04 4.211604e-02
2.632500e+04 5.392196e-02
2.632600e+04 6.318549e-02
2.632700e+04 6.015746e-02
2.632800e+04 6.290516e-02
2.632900e+04 6.127057e-02
2.633000e+04 6.369800e-02
2.633100e+04 4.562145e-02
2.633200e+04 5.701252e-02
2.633300e+04 5.409957e-02
2.633400e+04 6.285586e-02
2.633500e+04 5.086526e-02
2.633600e+04 6.282363e-02
2.633700e+04 5.815435e-02
2.633800e+04 5.590237e-02
2.633900e+04 5.151555e-02
2.634000e+04 4.890721e-02
2.634100e+04 4.982388e-02
2.634200e+04 5.248449e-02
2.634300e+04 5.054967e-02
2.634400e+04 4.226544e-02
2.634500e+04 4.771535e-02
2.634600e+04 4.689522e-02
2.634700e+04 5.614593e-02
2.634800e+04 5.003687e-02
2.634900e+04 4.881750e-02
2.635000e+04 5.696828e-02
2.635100e+04 6.135169e-02
2.635200e+04 5.253261e-02
2.635300e+04 6.283992e-02
2.635400e+04 5.754030e-02
2.635500e+04 5.114707e-02
2.635600e+04 5.250155e-02
2.635700e+04 6.699875e-02
2.635800e+04 6.099525e-02
2.635900e+04 4.919455e-02
2.636000e+04 4.828090e-02
2.636100e+04 5.973575e-02
2.636200e+04 4.966883e-02
2.636300e+04 5.169516e-02
2.636400e+04 5.540057e-02
2.636500e+04 5.841058e-02
2.636600e+04 6.140568e-02
2.636700e+04 6.328362e-02
2.636800e+04 6.232303e-02
2.636900e+04 5.110292e-02
2.637000e+04 6.038148e-02
2.637100e+04 6.105732e-02
2.637200e+04 5.212820e-02
2.637300e+04 6.047274e-02
2.637400e+04 5.155361e-02
2.637500e+04 6.701161e-02
2.637600e+04 5.968453e-02
2.637700e+04 6.115133e-02
2.637800e+04 5.533405e-02
2.637900e+04 5.924421e-02
2.638000e+04 4.772939e-02
2.638100e+04 5.347854e-02
2.638200e+04 5.270306e-02
2.638300e+04 6.200264e-02
2.638400e+04 6.236184e-02
2.638500e+04 5.601810e-02
2.638600e+04 4.896457e-02
2.638700e+04 5.930948e-02
2.638800e+04 5.306608e-02
2.638900e+04 5.331644e-02
2.639000e+04 5.872685e-02
2.639100e+04 6.447430e-02
2.639200e+04 6.132642e-02
2.639300e+04 5.898414e-02
2.639400e+04 5.453286e-02
2.639500e+04 6.511420e-02
2.639600e+04 6.631470e-02
2.639700e+04 5.424940e-02
2.639800e+04 6.381050e-02
2.639900e+04 6.326601e-02
2.640000e+04 5.610144e-02
2.640100e+04 5.074656e-02
2.640200e+04 4.487493e-02
2.640300e+04 5.391358e-02
2.640400e+04 5.114412e-02
2.640500e+04 5.743621e-02
2.640600e+04 4.800205e-02
2.640700e+04 5.774466e-02
2.640800e+04 4.542798e-02
2.640900e+04 4.393820e-02
2.641000e+04 5.199060e-02
2.641100e+04 4.696899e-02
2.641200e+04 4.991699e-02
2.641300e+04 6.295339e-02
2.641400e+04 5.168798e-02
2.641500e+04 6.312474e-02
2.641600e+04 4.648236e-02
2.641700e+04 5.173877e-02
2.641800e+04 5.022807e-02
2.641900e+04 4.708393e-02
2.642000e+04 5.406052e-02
2.642100e+04 5.230282e-02
2.642200e+04 6.392788e-02
2.642300e+04 4.497478e-02
2.642400e+04 5.131971e-02
2.642500e+04 6.073080e-02
2.642600e+04 5.882671e-02
2.642700e+04 6.335393e-02
2.642800e+04 5.462371e-02
2.642900e+04 5.145209e-02
2.643000e+04 5.582007e-02
2.643100e+04 5.732061e-02
2.643200e+04 5.415488e-02
2.643300e+04 5.716361e-02
2.643400e+04 5.295763e-02
2.643500e+04 5.976102e-02
2.643600e+04 6.228054e-02
2.643700e+04 6.879500e-02
2.643800e+04 5.478348e-02
2.643900e+04 5.342368e-02
2.644000e+04 4.964026e-02
2.644100e+04 4.810395e-02
2.644200e+04 5.069239e-02
2.644300e+04 6.394704e-02
2.644400e+04 6.316231e-02
2.644500e+04 5.613056e-02
2.644600e+04 6.211187e-02
2.644700e+04 6.409545e-02
2.644800e+04 6.271804e-02
2.644900e+04 4.973873e-02
2.645000e+04 5.312265e-02
2.645100e+04 5.743642e-02
2.645200e+04 5.376905e-02
2.645300e+04 5.533399e-02
2.645400e+04 4.649128e-02
2.645500e+04 5.132072e-02
2.645600e+04 5.766331e-02
2.645700e+04 4.642250e-02
2.645800e+04 4.816123e-02
2.645900e+04 4.845181e-02
2.646000e+04 4.281225e-02
2.646100e+04 5.343629e-02
2.646200e+04 6.247540e-02
2.646300e+04 6.064904e-02
2.646400e+04 4.574447e-02
2.646500e+04 5.623739e-02
2.646600e+04 6.287140e-02
2.646700e+04 4.692112e-02
2.646800e+04 5.655822e-02
2.646900e+04 5.335931e-02
2.647000e+04 5.686722e-02
2.647100e+04 5.538459e-02
2.647200e+04 5.555958e-02
2.647300e+04 6.062885e-02
2.647400e+04 5.534115e-02
2.647500e+04 6.237839e-02
2.647600e+04 5.409045e-02
2.647700e+04 4.806886e-02
2.647800e+04 5.663195e-02
2.647900e+04 5.921334e-02
2.648000e+04 4.580054e-02
2.648100e+04 4.887661e-02
2.648200e+04 5.400679e-02
2.648300e+04 6.318352e-02
2.648400e+04 6.540864e-02
2.648500e+04 4.061089e-02
2.648600e+04 5.801367e-02
2.648700e+04 5.571475e-02
2.648800e+04 5.365506e-02
2.648900e+04 6.505238e-02
2.649000e+04 6.249734e-02
2.649100e+04 5.402011e-02
2.649200e+04 5.382197e-02
2.649300e+04 4.628015e-02
2.649400e+04 5.437872e-02
2.649500e+04 6.020291e-02
2.649600e+04 5.919169e-02
2.649700e+04 4.818080e-02
2.649800e+04 4.931981e-02
2.649900e+04 5.862456e-02
2.650000e+04 6.178187e-02
2.650100e+04 5.961074e-02
2.650200e+04 5.762247e-02
2.650300e+04 4.986735e-02
2.650400e+04 5.113622e-02
2.650500e+04 5.702866e-02
2.650600e+04 5.450003e-02
2.650700e+04 5.926396e-02
2.650800e+04 6.143231e-02
2.650900e+04 5.860649e-02
2.651000e+04 5.213815e-02
2.651100e+04 5.812742e-02
2.651200e+04 5.093951e-02
2.651300e+04 5.914869e-02
2.651400e+04 5.283814e-02
2.651500e+04 6.210827e-02
2.651600e+04 5.755568e-02
2.651700e+04 5.924280e-02
2.651800e+04 4.823644e-02
2.651900e+04 6.160495e-02
2.652000e+04 4.923675e-02
2.652100e+04 5.741981e-02
2.652200e+04 5.582297e-02
2.652300e+04 5.916535e-02
2.652400e+04 5.623559e-02
2.652500e+04 4.348389e-02
2.652600e+04 4.262321e-02
2.652700e+04 6.160891e-02
2.652800e+04 4.772284e-02
2.652900e+04 5.825864e-02
2.653000e+04 6.610696e-02
2.653100e+04 6.016778e-02
2.653200e+04 6.140938e-02
2.653300e+04 5.948513e-02
2.653400e+04 6.389066e-02
2.653500e+04 5.755688e-02
2.653600e+04 5.294477e-02
2.653700e+04 6.162760e-02
2.653800e+04 5.633613e-02
2.653900e+04 5.777339e-02
2.654000e+04 5.966199e-02
2.654100e+04 5.734945e-02
2.654200e+04 6.460561e-02
2.654300e+04 5.746007e-02
2.654400e+04 6.005786e-02
2.654500e+04 5.578590e-02
2.654600e+04 4.924226e-02
2.654700e+04 5.369830e-02
2.654800e+04 4.765161e-02
2.654900e+04 4.668784e-02
2.655000e+04 5.793990e-02
2.655100e+04 5.885105e-02
2.655200e+04 6.431839e-02
2.655300e+04 6.166565e-02
2.655400e+04 6.294016e-02
2.655500e+04 4.270293e-02
2.655600e+04 3.962828e-02
2.655700e+04 4.479194e-02
2.655800e+04 6.101335e-02
2.655900e+04 5.958682e-02
2.656000e+04 6.995475e-02
2.656100e+04 6.420461e-02
2.656200e+04 5.656375e-02
2.656300e+04 5.061717e-02
2.656400e+04 6.370838e-02
2.656500e+04 4.917107e-02
2.656600e+04 4.534833e-02
2.656700e+04 4.568519e-02
2.656800e+04 4.531155e-02
2.656900e+04 6.306149e-02
2.657000e+04 5.990366e-02
2.657100e+04 6.100466e-02
2.657200e+04 5.784475e-02
2.657300e+04 5.620798e-02
2.657400e+04 5.450792e-02
2.657500e+04 6.297166e-02
2.657600e+04 6.683205e-02
2.657700e+04 6.301137e-02
2.657800e+04 6.103450e-02
2.657900e+04 5.359570e-02
2.658000e+04 5.909638e-02
2.658100e+04 5.393346e-02
2.658200e+04 6.127607e-02
2.658300e+04 5.926268e-02
2.658400e+04 5.969608e-02
2.658500e+04 6.361791e-02
2.658600e+04 6.297535e-02
2.658700e+04 5.881820e-02
2.658800e+04 6.785557e-02
2.658900e+04 5.672668e-02
2.659000e+04 5.357544e-02
2.659100e+04 6.056655e-02
2.659200e+04 6.036408e-02
2.659300e+04 6.257324e-02
2.659400e+04 6.357262e-02
2.659500e+04 5.351451e-02
2.659600e+04 5.382644e-02
2.659700e+04 4.463655e-02
2.659800e+04 5.089042e-02
2.659900e+04 6.319770e-02
2.660000e+04 6.554928e-02
2.660100e+04 5.470556e-02
2.660200e+04 4.052134e-02
2.660300e+04 4.548771e-02
2.660400e+04 5.959958e-02
2.660500e+04 4.560216e-02
2.660600e+04 5.086649e-02
2.660700e+04 5.238602e-02
2.660800e+04 4.834358e-02
2.660900e+04 5.496691e-02
2.661000e+04 6.349684e-02
2.661100e+04 5.499875e-02
2.661200e+04 5.140201e-02
2.661300e+04 4.935145e-02
2.661400e+04 4.985850e-02
2.661500e+04 5.733814e-02
2.661600e+04 6.174890e-02
2.661700e+04 6.512110e-02
2.661800e+04 6.207859e-02
2.661900e+04 5.860386e-02
2.662000e+04 4.573431e-02
2.662100e+04 6.512662e-02
2.662200e+04 6.212100e-02
2.662300e+04 6.702111e-02
2.662400e+04 6.440141e-02
2.662500e+04 6.480309e-02
2.662600e+04 5.330917e-02
2.662700e+04 6.139538e-02
2.662800e+04 6.266273e-02
2.662900e+04 6.318691e-02
2.663000e+04 5.928189e-02
2.663100e+04 5.934489e-02
2.663200e+04 5.904419e-02
2.663300e+04 5.712156e-02
2.663400e+04 5.334314e-02
2.663500e+04 4.910675e-02
2.663600e+04 5.745606e-02
2.663700e+04 6.524925e-02
2.663800e+04 6.208804e-02
2.663900e+04 4.327762e-02
2.664000e+04 5.405956e-02
2.664100e+04 6.107268e-02
2.664200e+04 5.455394e-02
2.664300e+04 5.147207e-02
2.664400e+04 4.944062e-02
2.664500e+04 5.963854e-02
2.664600e+04 5.337929e-02
2.664700e+04 4.882545e-02
2.664800e+04 5.023672e-02
2.664900e+04 5.337686e-02
2.665000e+04 5.991752e-02
2.665100e+04 3.747870e-02
2.665200e+04 5.761337e-02
2.665300e+04 6.015525e-02
2.665400e+04 6.479722e-02
2.665500e+04 5.455554e-02
2.665600e+04 5.575469e-02
2.665700e+04 5.959198e-02
2.665800e+04 6.393687e-02
2.665900e+04 4.811452e-02
2.666000e+04 4.047748e-02
2.666100e+04 5.466382e-02
2.666200e+04 5.807560e-02
2.666300e+04 6.617070e-02
2.666400e+04 5.241598e-02
2.666500e+04 5.575242e-02
2.666600e+04 5.309495e-02
2.666700e+04 5.820141e-02
2.666800e+04 5.528666e-02
2.666900e+04 5.618464e-02
2.667000e+04 4.360558e-02
2.667100e+04 5.346412e-02
2.667200e+04 4.813257e-02
2.667300e+04 5.228310e-02
2.667400e+04 5.869573e-02
2.667500e+04 5.264697e-02
2.667600e+04 6.305192e-02
2.667700e+04 5.158569e-02
2.667800e+04 5.823234e-02
2.667900e+04 5.898969e-02
2.668000e+04 5.488708e-02
2.668100e+04 6.492218e-02
2.668200e+04 5.337508e-02
2.668300e+04 6.228622e-02
2.668400e+04 4.581910e-02
2.668500e+04 4.788304e-02
2.668600e+04 5.972194e-02
2.668700e+04 6.209345e-02
2.668800e+04 5.773527e-02
2.668900e+04 6.010227e-02
2.669000e+04 5.634816e-02
2.669100e+04 5.492431e-02
2.669200e+04 5.694344e-02
2.669300e+04 5.985304e-02
2.669400e+04 5.378711e-02
2.669500e+04 5.171225e-02
2.669600e+04 5.303809e-02
2.669700e+04 4.614102e-02
2.669800e+04 5.317723e-02
2.669900e+04 5.891755e-02
2.670000e+04 5.963951e-02
2.670100e+04 5.325510e-02
2.670200e+04 4.459096e-02
2.670300e+04 4.800327e-02
2.670400e+04 5.837554e-02
2.670500e+04 3.749755e-02
2.670600e+04 4.098261e-02
2.670700e+04 4.818217e-02
2.670800e+04 4.490524e-02
2.670900e+04 4.716959e-02
2.671000e+04 4.056294e-02
2.671100e+04 5.851355e-02
2.671200e+04 5.028058e-02
2.671300e+04 5.732138e-02
2.671400e+04 5.010934e-02
2.671500e+04 5.478342e-02
2.671600e+04 6.425711e-02
2.671700e+04 6.735925e-02
2.671800e+04 5.618010e-02
2.671900e+04 5.552681e-02
2.672000e+04 6.498316e-02
2.672100e+04 6.642364e-02
2.672200e+04 6.113142e-02
2.672300e+04 6.062536e-02
2.672400e+04 6.668055e-02
2.672500e+04 6.480937e-02
2.672600e+04 6.143132e-02
2.672700e+04 6.083058e-02
2.672800e+04 4.933295e-02
2.672900e+04 5.213813e-02
2.673000e+04 6.365140e-02
2.673100e+04 5.586305e-02
2.673200e+04 5.644597e-02
2.673300e+04 4.837376e-02
2.673400e+04 5.947891e-02
2.673500e+04 4.872983e-02
2.673600e+04 5.178552e-02
2.673700e+04 5.500766e-02
2.673800e+04 5.846781e-02
2.673900e+04 5.514139e-02
2.674000e+04 5.090358e-02
2.674100e+04 6.093577e-02
2.674200e+04 5.474994e-02
2.674300e+04 5.880247e-02
2.674400e+04 4.515990e-02
2.674500e+04 5.578761e-02
2.674600e+04 5.713975e-02
2.674700e+04 6.509631e-02
2.674800e+04 5.296949e-02
2.674900e+04 5.886541e-02
2.675000e+04 5.321057e-02
2.675100e+04 4.736597e-02
2.675200e+04 5.995758e-02
2.675300e+04 5.896859e-02
2.675400e+04 5.453131e-02
2.675500e+04 5.796043e-02
2.675600e+04 6.271515e-02
2.675700e+04 4.924783e-02
2.675800e+04 5.633067e-02
2.675900e+04 5.759188e-02
2.676000e+04 4.659282e-02
2.676100e+04 4.216258e-02
2.676200e+04 3.820261e-02
2.676300e+04 5.134100e-02
2.676400e+04 6.226781e-02
2.676500e+04 6.389723e-02
2.676600e+04 5.020166e-02
2.676700e+04 6.438447e-02
2.676800e+04 5.063649e-02
2.676900e+04 5.253262e-02
2.677000e+04 3.587212e-02
2.677100e+04 4.196889e-02
2.677200e+04 5.082790e-02
2.677300e+04 5.740379e-02
2.677400e+04 3.787065e-02
2.677500e+04 4.083700e-02
2.677600e+04 4.117386e-02
2.677700e+04 5.247713e-02
2.677800e+04 5.761897e-02
2.677900e+04 4.493035e-02
2.678000e+04 5.596898e-02
2.678100e+04 4.961060e-02
2.678200e+04 5.353410e-02
2.678300e+04 5.652683e-02
2.678400e+04 5.472219e-02
2.678500e+04 4.906903e-02
2.678600e+04 5.965508e-02
2.678700e+04 6.297536e-02
2.678800e+04 6.201266e-02
2.678900e+04 5.100573e-02
2.679000e+04 6.451260e-02
2.679100e+04 5.802265e-02
2.679200e+04 6.037400e-02
2.679300e+04 4.259497e-02
2.679400e+04 4.322867e-02
2.679500e+04 4.902278e-02
2.679600e+04 6.014378e-02
2.679700e+04 5.963535e-02
2.679800e+04 6.593091e-02
2.679900e+04 5.835814e-02
2.680000e+04 5.020621e-02
2.680100e+04 4.321661e-02
2.680200e+04 5.555493e-02
2.680300e+04 6.359289e-02
2.680400e+04 5.698445e-02
2.680500e+04 5.851236e-02
2.680600e+04 4.101498e-02
2.680700e+04 5.888130e-02
2.680800e+04 5.699193e-02
2.680900e+04 5.111916e-02
2.681000e+04 6.209532e-02
2.681100e+04 5.505529e-02
2.681200e+04 6.037917e-02
2.681300e+04 6.291627e-02
2.681400e+04 5.489458e-02
2.681500e+04 4.953391e-02
2.681600e+04 4.431655e-02
2.681700e+04 5.130085e-02
2.681800e+04 4.747436e-02
2.681900e+04 4.623408e-02
2.682000e+04 5.594803e-02
2.682100e+04 5.217952e-02
2.682200e+04 6.224296e-02
2.682300e+04 5.940917e-02
2.682400e+04 5.106528e-02
2.682500e+04 5.881060e-02
2.682600e+04 3.772794e-02
2.682700e+04 5.469660e-02
2.682800e+04 5.695815e-02
2.682900e+04 5.469336e-02
2.683000e+04 5.658649e-02
2.683100e+04 6.373199e-02
2.683200e+04 5.941180e-02
2.683300e+04 5.456475e-02
2.683400e+04 3.545551e-02
2.683500e+04 5.516266e-02
2.683600e+04 6.231029e-02
2.683700e+04 5.571114e-02
2.683800e+04 5.560981e-02
2.683900e+04 6.175675e-02
2.684000e+04 5.593817e-02
2.684100e+04 5.440659e-02
2.684200e+04 6.218101e-02
2.684300e+04 5.015992e-02
2.684400e+04 6.187472e-02
2.684500e+04 5.762803e-02
2.684600e+04 3.291914e-02
2.684700e+04 3.616632e-02
2.684800e+04 5.679425e-02
2.684900e+04 5.884479e-02
2.685000e+04 6.209054e-02
2.685100e+04 4.819567e-02
2.685200e+04 5.558679e-02
2.685300e+04 5.537137e-02
2.685400e+04 5.563456e-02
2.685500e+04 6.195044e-02
2.685600e+04 5.944583e-02
2.685700e+04 3.997199e-02
2.685800e+04 4.141846e-02
2.685900e+04 6.227227e-02
2.686000e+04 6.133565e-02
2.686100e+04 4.375387e-02
2.686200e+04 4.118938e-02
2.686300e+04 3.863885e-02
2.686400e+04 5.345182e-02
2.686500e+04 5.185520e-02
2.686600e+04 4.163990e-02
2.686700e+04 5.369500e-02
2.686800e+04 3.811068e-02
2.686900e+04 5.522629e-02
2.687000e+04 5.401827e-02
2.687100e+04 5.280404e-02
2.687200e+04 5.651614e-02
2.687300e+04 6.176543e-02
2.687400e+04 5.810896e-02
2.687500e+04 6.271754e-02
2.687600e+04 6.579152e-02
2.687700e+04 6.479432e-02
2.687800e+04 5.915221e-02
2.687900e+04 5.752206e-02
2.688000e+04 4.343526e-02
2.688100e+04 4.343288e-02
2.688200e+04 5.541252e-02
2.688300e+04 4.551182e-02
2.688400e+04 5.092411e-02
2.688500e+04 5.418777e-02
2.688600e+04 6.361479e-02
2.688700e+04 6.044712e-02
2.688800e+04 5.384475e-02
2.688900e+04 4.641273e-02
2.689000e+04 5.340551e-02
2.689100e+04 6.274922e-02
2.689200e+04 5.740656e-02
2.689300e+04 6.136500e-02
2.689400e+04 6.207844e-02
2.689500e+04 6.571685e-02
2.689600e+04 4.991864e-02
2.689700e+04 4.837616e-02
2.689800e+04 5.990967e-02
2.689900e+04 5.586405e-02
2.690000e+04 6.463280e-02
2.690100e+04 6.278334e-02
2.690200e+04 5.674945e-02
2.690300e+04 5.562066e-02
2.690400e+04 5.121412e-02
2.690500e+04 4.883545e-02
2.690600e+04 5.603959e-02
2.690700e+04 5.752672e-02
2.690800e+04 5.748026e-02
2.690900e+04 4.797268e-02
2.691000e+04 4.759859e-02
2.691100e+04 4.007407e-02
2.691200e+04 6.052643e-02
2.691300e+04 5.984657e-02
2.691400e+04 6.217627e-02
2.691500e+04 6.221209e-02
2.691600e+04 6.065082e-02
2.691700e+04 4.418159e-02
2.691800e+04 5.765181e-02
2.691900e+04 4.649952e-02
2.692000e+04 3.787780e-02
2.692100e+04 5.915858e-02
2.692200e+04 5.562438e-02
2.692300e+04 5.913432e-02
2.692400e+04 6.136060e-02
2.692500e+04 4.983298e-02
2.692600e+04 5.522512e-02
2.692700e+04 4.677351e-02
2.692800e+04 5.027280e-02
2.692900e+04 4.592095e-02
2.693000e+04 5.780871e-02
2.693100e+04 5.901342e-02
2.693200e+04 5.838387e-02
2.693300e+04 4.402639e-02
2.693400e+04 4.149238e-02
2.693500e+04 4.112328e-02
2.693600e+04 4.714815e-02
2.693700e+04 3.510430e-02
2.693800e+04 3.602632e-02
2.693900e+04 5.808013e-02
2.694000e+04 5.624157e-02
2.694100e+04 5.855614e-02
2.694200e+04 4.148420e-02
2.694300e+04 5.063780e-02
2.694400e+04 4.406667e-02
2.694500e+04 5.527346e-02
2.694600e+04 5.136313e-02
2.694700e+04 3.420032e-02
2.694800e+04 3.449693e-02
2.694900e+04 3.288696e-02
2.695000e+04 5.181763e-02
2.695100e+04 5.435347e-02
2.695200e+04 5.804262e-02
2.695300e+04 5.273732e-02
2.695400e+04 5.133460e-02
2.695500e+04 5.299226e-02
2.695600e+04 4.452758e-02
2.695700e+04 5.488038e-02
2.695800e+04 5.524000e-02
2.695900e+04 4.181576e-02
2.696000e+04 5.840857e-02
2.696100e+04 3.987620e-02
2.696200e+04 5.731888e-02
2.696300e+04 4.558026e-02
2.696400e+04 4.113469e-02
2.696500e+04 4.952359e-02
2.696600e+04 5.000722e-02
2.696700e+04 3.868931e-02
2.696800e+04 6.081974e-02
2.696900e+04 6.027049e-02
2.697000e+04 4.897613e-02
2.697100e+04 5.049646e-02
2.697200e+04 5.307363e-02
2.697300e+04 6.196436e-02
2.697400e+04 5.744879e-02
2.697500e+04 4.617945e-02
2.697600e+04 5.340522e-02
2.697700e+04 4.262237e-02
2.697800e+04 4.825797e-02
2.697900e+04 3.857651e-02
2.698000e+04 6.022622e-02
2.698100e+04 6.273733e-02
2.698200e+04 6.769675e-02
2.698300e+04 5.222001e-02
2.698400e+04 5.540332e-02
2.698500e+04 6.065740e-02
2.698600e+04 4.172877e-02
2.698700e+04 4.894112e-02
2.698800e+04 3.866587e-02
2.698900e+04 4.976877e-02
2.699000e+04 4.612278e-02
2.699100e+04 5.625420e-02
2.699200e+04 5.668484e-02
2.699300e+04 5.553419e-02
2.699400e+04 4.639147e-02
2.699500e+04 6.128831e-02
2.699600e+04 6.591402e-02
2.699700e+04 6.241564e-02
2.699800e+04 5.229026e-02
2.699900e+04 5.996773e-02
2.700000e+04 5.127308e-02
2.700100e+04 5.475811e-02
2.700200e+04 5.048761e-02
2.700300e+04 5.291346e-02
2.700400e+04 5.838669e-02
2.700500e+04 6.123191e-02
2.700600e+04 6.424056e-02
2.700700e+04 5.765912e-02
2.700800e+04 5.851218e-02
2.700900e+04 6.252914e-02
2.701000e+04 5.887642e-02
2.701100e+04 6.014422e-02
2.701200e+04 6.382150e-02
2.701300e+04 5.979780e-02
2.701400e+04 3.958636e-02
2.701500e+04 3.763559e-02
2.701600e+04 4.598730e-02
2.701700e+04 3.413044e-02
2.701800e+04 5.280999e-02
2.701900e+04 4.756452e-02
2.702000e+04 6.226876e-02
2.702100e+04 5.652344e-02
2.702200e+04 4.933620e-02
2.702300e+04 4.874092e-02
2.702400e+04 5.902413e-02
2.702500e+04 6.196215e-02
2.702600e+04 4.557091e-02
2.702700e+04 4.980578e-02
2.702800e+04 5.750418e-02
2.702900e+04 4.944442e-02
2.703000e+04 4.697946e-02
2.703100e+04 4.163985e-02
2.703200e+04 4.310331e-02
2.703300e+04 4.271472e-02
2.703400e+04 5.608134e-02
2.703500e+04 5.936118e-02
2.703600e+04 3.490324e-02
2.703700e+04 4.443093e-02
2.703800e+04 6.266364e-02
2.703900e+04 6.014950e-02
2.704000e+04 6.421595e-02
2.704100e+04 5.195858e-02
2.704200e+04 5.450284e-02
2.704300e+04 5.709055e-02
2.704400e+04 4.490640e-02
2.704500e+04 5.569591e-02
2.704600e+04 4.023043e-02
2.704700e+04 4.448107e-02
2.704800e+04 3.826464e-02
2.704900e+04 5.392755e-02
2.705000e+04 3.658489e-02
2.705100e+04 5.613486e-02
2.705200e+04 5.147407e-02
2.705300e+04 6.134774e-02
2.705400e+04 3.857175e-02
2.705500e+04 5.429754e-02
2.705600e+04 4.741911e-02
2.705700e+04 5.323584e-02
2.705800e+04 5.035437e-02
2.705900e+04 4.944890e-02
2.706000e+04 5.532369e-02
2.706100e+04 5.129571e-02
2.706200e+04 5.016076e-02
2.706300e+04 4.052169e-02
2.706400e+04 5.196887e-02
2.706500e+04 5.554107e-02
2.706600e+04 5.825154e-02
2.706700e+04 6.056368e-02
2.706800e+04 4.346404e-02
2.706900e+04 4.145118e-02
2.707000e+04 5.715896e-02
2.707100e+04 5.434921e-02
2.707200e+04 4.822981e-02
2.707300e+04 5.506849e-02
2.707400e+04 4.268619e-02
2.707500e+04 5.148069e-02
2.707600e+04 4.742767e-02
2.707700e+04 6.020667e-02
2.707800e+04 6.257852e-02
2.707900e+04 5.840738e-02
2.708000e+04 5.802268e-02
2.708100e+04 4.422938e-02
2.708200e+04 5.472199e-02
2.708300e+04 6.071160e-02
2.708400e+04 5.540341e-02
2.708500e+04 4.351103e-02
2.708600e+04 6.003827e-02
2.708700e+04 6.001762e-02
2.708800e+04 4.510207e-02
2.708900e+04 4.874492e-02
2.709000e+04 4.529679e-02
2.709100e+04 4.244648e-02
2.709200e+04 5.663523e-02
2.709300e+04 5.856927e-02
2.709400e+04 5.102766e-02
2.709500e+04 4.884812e-02
2.709600e+04 5.854762e-02
2.709700e+04 4.755648e-02
2.709800e+04 4.330415e-02
2.709900e+04 5.714500e-02
2.710000e+04 5.595646e-02
2.710100e+04 5.106969e-02
2.710200e+04 4.136300e-02
2.710300e+04 5.767447e-02
2.710400e+04 5.867600e-02
2.710500e+04 5.109683e-02
2.710600e+04 5.003328e-02
2.710700e+04 4.141865e-02
2.710800e+04 5.808792e-02
2.710900e+04 5.518546e-02
2.711000e+04 4.633601e-02
2.711100e+04 5.374993e-02
2.711200e+04 3.286210e-02
2.711300e+04 3.592754e-02
2.711400e+04 5.349189e-02
2.711500e+04 4.764963e-02
2.711600e+04 5.612779e-02
2.711700e+04 5.093671e-02
2.711800e+04 4.395402e-02
2.711900e+04 4.688532e-02
2.712000e+04 4.218573e-02
2.712100e+04 4.542751e-02
2.712200e+04 4.747539e-02
2.712300e+04 5.790734e-02
2.712400e+04 4.144501e-02
2.712500e+04 3.249847e-02
2.712600e+04 5.373551e-02
2.712700e+04 5.244834e-02
2.712800e+04 5.149597e-02
2.712900e+04 4.380051e-02
2.713000e+04 4.143277e-02
2.713100e+04 5.374115e-02
2.713200e+04 5.622495e-02
2.713300e+04 5.584873e-02
2.713400e+04 5.053820e-02
2.713500e+04 4.303707e-02
2.713600e+04 6.454649e-02
2.713700e+04 6.509630e-02
2.713800e+04 5.803823e-02
2.713900e+04 5.628342e-02
2.714000e+04 4.191924e-02
2.714100e+04 3.753196e-02
2.714200e+04 5.211474e-02
2.714300e+04 3.635080e-02
2.714400e+04 4.907751e-02
2.714500e+04 5.830216e-02
2.714600e+04 5.936739e-02
2.714700e+04 5.894685e-02
2.714800e+04 5.603733e-02
2.714900e+04 3.503316e-02
2.715000e+04 5.148609e-02
2.715100e+04 5.853742e-02
2.715200e+04 4.528128e-02
2.715300e+04 4.830848e-02
2.715400e+04 4.253831e-02
2.715500e+04 5.905768e-02
2.715600e+04 5.691881e-02
2.715700e+04 5.430449e-02
2.715800e+04 6.009272e-02
2.715900e+04 4.406344e-02
2.716000e+04 5.271557e-02
2.716100e+04 5.774450e-02
2.716200e+04 4.328598e-02
2.716300e+04 3.867078e-02
2.716400e+04 5.033501e-02
2.716500e+04 4.460525e-02
2.716600e+04 5.314430e-02
2.716700e+04 4.560923e-02
2.716800e+04 4.900604e-02
2.716900e+04 5.108537e-02
2.717000e+04 5.158570e-02
2.717100e+04 5.884418e-02
2.717200e+04 6.301231e-02
2.717300e+04 5.296316e-02
2.717400e+04 3.767288e-02
2.717500e+04 5.059927e-02
2.717600e+04 5.205935e-02
2.717700e+04 4.000860e-02
2.717800e+04 3.814274e-02
2.717900e+04 5.360127e-02
2.718000e+04 3.979765e-02
2.718100e+04 5.826316e-02
2.718200e+04 4.547937e-02
2.718300e+04 5.305657e-02
2.718400e+04 3.567229e-02
2.718500e+04 5.044164e-02
2.718600e+04 4.654046e-02
2.718700e+04 5.698686e-02
2.718800e+04 5.179840e-02
2.718900e+04 5.636869e-02
2.719000e+04 5.084260e-02
2.719100e+04 4.826677e-02
2.719200e+04 4.458971e-02
2.719300e+04 4.323068e-02
2.719400e+04 4.493943e-02
2.719500e+04 6.258184e-02
2.719600e+04 5.962862e-02
2.719700e+04 6.062909e-02
2.719800e+04 5.679794e-02
2.719900e+04 5.531207e-02
2.720000e+04 4.650526e-02
2.720100e+04 4.985248e-02
2.720200e+04 5.154748e-02
2.720300e+04 3.666785e-02
2.720400e+04 4.392010e-02
2.720500e+04 5.106914e-02
2.720600e+04 4.873119e-02
2.720700e+04 3.307625e-02
2.720800e+04 5.572848e-02
2.720900e+04 5.968562e-02
2.721000e+04 6.270158e-02
2.721100e+04 4.400858e-02
2.721200e+04 4.572261e-02
2.721300e+04 5.883658e-02
2.721400e+04 5.188588e-02
2.721500e+04 5.334481e-02
2.721600e+04 4.718770e-02
2.721700e+04 5.485681e-02
2.721800e+04 5.639318e-02
2.721900e+04 6.277537e-02
2.722000e+04 5.576359e-02
2.722100e+04 4.593696e-02
2.722200e+04 4.724373e-02
2.722300e+04 5.604767e-02
2.722400e+04 5.343094e-02
2.722500e+04 3.607321e-02
2.722600e+04 4.618379e-02
2.722700e+04 4.328123e-02
2.722800e+04 3.646564e-02
2.722900e+04 5.578541e-02
2.723000e+04 5.123867e-02
2.723100e+04 4.149574e-02
2.723200e+04 4.090732e-02
2.723300e+04 4.298248e-02
2.723400e+04 5.319312e-02
2.723500e+04 5.273098e-02
2.723600e+04 4.668554e-02
2.723700e+04 6.186464e-02
2.723800e+04 5.994985e-02
2.723900e+04 5.151995e-02
2.724000e+04 4.400944e-02
2.724100e+04 5.206355e-02
2.724200e+04 3.753900e-02
2.724300e+04 4.160046e-02
2.724400e+04 3.625723e-02
2.724500e+04 4.611743e-02
2.724600e+04 5.156301e-02
2.724700e+04 4.735105e-02
2.724800e+04 4.529385e-02
2.724900e+04 4.505826e-02
2.725000e+04 4.610965e-02
2.725100e+04 4.528656e-02
2.725200e+04 4.940953e-02
2.725300e+04 5.679300e-02
2.725400e+04 5.314541e-02
2.725500e+04 5.379201e-02
2.725600e+04 3.967869e-02
2.725700e+04 3.672276e-02
2.725800e+04 3.523853e-02
2.725900e+04 4.894394e-02
2.726000e+04 4.624651e-02
2.726100e+04 5.320521e-02
2.726200e+04 4.883710e-02
2.726300e+04 3.981130e-02
2.726400e+04 5.918845e-02
2.726500e+04 5.639741e-02
2.726600e+04 5.211081e-02
2.726700e+04 5.526410e-02
2.726800e+04 5.824307e-02
2.726900e+04 4.341725e-02
2.727000e+04 5.524398e-02
2.727100e+04 5.460523e-02
2.727200e+04 4.436734e-02
2.727300e+04 3.765022e-02
2.727400e+04 5.037363e-02
2.727500e+04 5.703722e-02
2.727600e+04 4.464740e-02
2.727700e+04 4.428462e-02
2.727800e+04 5.488725e-02
2.727900e+04 5.669286e-02
2.728000e+04 3.968445e-02
2.728100e+04 4.722529e-02
2.728200e+04 4.853571e-02
2.728300e+04 4.859914e-02
2.728400e+04 4.172235e-02
2.728500e+04 3.977320e-02
2.728600e+04 5.237085e-02
2.728700e+04 4.789466e-02
2.728800e+04 4.997744e-02
2.728900e+04 3.493863e-02
2.729000e+04 3.791399e-02
2.729100e+04 5.196361e-02
2.729200e+04 3.857468e-02
2.729300e+04 3.664435e-02
2.729400e+04 3.497043e-02
2.729500e+04 4.734466e-02
2.729600e+04 4.820019e-02
2.729700e+04 5.863377e-02
2.729800e+04 4.610422e-02
2.729900e+04 5.566497e-02
2.730000e+04 5.842525e-02
2.730100e+04 5.388004e-02
2.730200e+04 4.156701e-02
2.730300e+04 4.921562e-02
2.730400e+04 5.159541e-02
2.730500e+04 5.625701e-02
2.730600e+04 4.169399e-02
2.730700e+04 4.169880e-02
2.730800e+04 4.084326e-02
2.730900e+04 3.828396e-02
2.731000e+04 4.131916e-02
2.731100e+04 5.835871e-02
2.731200e+04 6.306357e-02
2.731300e+04 5.711904e-02
2.731400e+04 5.889811e-02
2.731500e+04 5.846661e-02
2.731600e+04 4.737736e-02
2.731700e+04 4.848675e-02
2.731800e+04 6.128501e-02
2.731900e+04 5.692554e-02
2.732000e+04 4.567465e-02
2.732100e+04 5.635499e-02
2.732200e+04 5.826858e-02
2.732300e+04 4.462019e-02
2.732400e+04 4.643575e-02
2.732500e+04 5.094439e-02
2.732600e+04 5.179712e-02
2.732700e+04 4.808922e-02
2.732800e+04 4.941297e-02
2.732900e+04 5.449968e-02
2.733000e+04 5.726987e-02
2.733100e+04 4.819222e-02
2.733200e+04 5.074771e-02
2.733300e+04 5.494692e-02
2.733400e+04 3.578223e-02
2.733500e+04 5.036018e-02
2.733600e+04 4.941654e-02
2.733700e+04 5.715910e-02
2.733800e+04 5.471523e-02
2.733900e+04 5.359026e-02
2.734000e+04 5.013295e-02
2.734100e+04 4.474082e-02
2.734200e+04 5.827815e-02
2.734300e+04 5.567316e-02
2.734400e+04 5.165728e-02
2.734500e+04 6.163573e-02
2.734600e+04 5.057078e-02
2.734700e+04 6.380012e-02
2.734800e+04 6.045032e-02
2.734900e+04 5.045506e-02
2.735000e+04 3.294062e-02
2.735100e+04 5.052341e-02
2.735200e+04 4.239273e-02
2.735300e+04 4.202961e-02
2.735400e+04 4.586510e-02
2.735500e+04 3.670112e-02
2.735600e+04 5.039206e-02
2.735700e+04 5.093183e-02
2.735800e+04 4.062038e-02
2.735900e+04 3.927008e-02
2.736000e+04 4.354866e-02
2.736100e+04 4.113798e-02
2.736200e+04 4.186059e-02
2.736300e+04 3.861650e-02
2.736400e+04 3.970207e-02
2.736500e+04 5.340180e-02
2.736600e+04 4.287504e-02
2.736700e+04 4.072625e-02
2.736800e+04 4.523557e-02
2.736900e+04 3.217566e-02
2.737000e+04 3.377701e-02
2.737100e+04 5.080489e-02
2.737200e+04 6.005243e-02
2.737300e+04 4.697043e-02
2.737400e+04 4.931590e-02
2.737500e+04 4.596568e-02
2.737600e+04 4.867271e-02
2.737700e+04 4.559567e-02
2.737800e+04 4.243058e-02
2.737900e+04 4.953643e-02
2.738000e+04 5.910019e-02
2.738100e+04 4.622942e-02
2.738200e+04 5.284752e-02
2.738300e+04 4.150506e-02
2.738400e+04 5.271590e-02
2.738500e+04 4.197527e-02
2.738600e+04 4.267506e-02
2.738700e+04 3.206148e-02
2.738800e+04 4.609230e-02
2.738900e+04 5.453993e-02
2.739000e+04 4.321348e-02
2.739100e+04 3.192781e-02
2.739200e+04 4.100791e-02
2.739300e+04 4.191699e-02
2.739400e+04 4.737085e-02
2.739500e+04 4.925397e-02
2.739600e+04 5.317922e-02
2.739700e+04 5.490447e-02
2.739800e+04 4.608110e-02
2.739900e+04 4.322860e-02
2.740000e+04 5.108408e-02
2.740100e+04 5.587215e-02
2.740200e+04 3.512158e-02
2.740300e+04 3.471660e-02
2.740400e+04 4.303894e-02
2.740500e+04 3.928319e-02
2.740600e+04 4.037198e-02
2.740700e+04 5.176617e-02
2.740800e+04 4.632020e-02
2.740900e+04 4.208832e-02
2.741000e+04 4.819059e-02
2.741100e+04 5.658397e-02
2.741200e+04 5.712278e-02
2.741300e+04 4.722120e-02
2.741400e+04 4.459561e-02
2.741500e+04 4.449211e-02
2.741600e+04 3.653797e-02
2.741700e+04 5.613937e-02
2.741800e+04 5.346449e-02
2.741900e+04 3.876646e-02
2.742000e+04 3.459856e-02
2.742100e+04 4.787827e-02
2.742200e+04 4.626852e-02
2.742300e+04 5.864549e-02
2.742400e+04 4.400127e-02
2.742500e+04 6.273941e-02
2.742600e+04 5.087963e-02
2.742700e+04 5.311685e-02
2.742800e+04 5.029875e-02
2.742900e+04 6.077122e-02
2.743000e+04 5.820949e-02
2.743100e+04 4.052022e-02
2.743200e+04 5.698358e-02
2.743300e+04 4.274137e-02
2.743400e+04 5.031779e-02
2.743500e+04 5.427933e-02
2.743600e+04 5.278538e-02
2.743700e+04 4.565557e-02
2.743800e+04 5.571682e-02
2.743900e+04 5.230846e-02
2.744000e+04 4.247616e-02
2.744100e+04 4.427820e-02
2.744200e+04 3.808153e-02
2.744300e+04 4.829475e-02
2.744400e+04 4.473770e-02
2.744500e+04 5.418750e-02
2.744600e+04 5.059709e-02
2.744700e+04 5.637490e-02
2.744800e+04 4.526597e-02
2.744900e+04 5.031964e-02
2.745000e+04 4.084184e-02
2.745100e+04 5.020977e-02
2.745200e+04 3.890932e-02
2.745300e+04 4.012041e-02
2.745400e+04 5.320416e-02
2.745500e+04 5.531139e-02
2.745600e+04 4.366415e-02
2.745700e+04 5.362459e-02
2.745800e+04 5.708748e-02
2.745900e+04 4.390410e-02
2.746000e+04 5.242269e-02
2.746100e+04 4.708747e-02
2.746200e+04 3.895987e-02
2.746300e+04 4.496218e-02
2.746400e+04 5.214664e-02
2.746500e+04 4.089991e-02
2.746600e+04 5.248553e-02
2.746700e+04 5.036483e-02
2.746800e+04 5.385668e-02
2.746900e+04 5.805791e-02
2.747000e+04 3.950585e-02
2.747100e+04 5.539755e-02
2.747200e+04 5.224528e-02
2.747300e+04 5.064545e-02
2.747400e+04 4.026756e-02
2.747500e+04 4.788174e-02
2.747600e+04 4.080871e-02
2.747700e+04 4.679644e-02
2.747800e+04 5.028888e-02
2.747900e+04 4.702337e-02
2.748000e+04 3.949089e-02
2.748100e+04 4.668249e-02
2.748200e+04 4.781514e-02
2.748300e+04 5.310554e-02
2.748400e+04 4.184650e-02
2.748500e+04 5.021039e-02
2.748600e+04 4.618532e-02
2.748700e+04 4.307761e-02
2.748800e+04 5.844514e-02
2.748900e+04 4.882398e-02
2.749000e+04 5.168997e-02
2.749100e+04 5.624515e-02
2.749200e+04 4.829579e-02
2.749300e+04 5.244985e-02
2.749400e+04 4.252759e-02
2.749500e+04 5.986692e-02
2.749600e+04 5.019406e-02
2.749700e+04 3.982739e-02
2.749800e+04 4.022729e-02
2.749900e+04 4.882797e-02
2.750000e+04 3.905376e-02
2.750100e+04 4.803065e-02
2.750200e+04 4.372153e-02
2.750300e+04 4.345640e-02
2.750400e+04 3.433442e-02
2.750500e+04 3.198226e-02
2.750600e+04 3.709048e-02
2.750700e+04 4.744855e-02
2.750800e+04 6.091878e-02
2.750900e+04 4.876435e-02
2.751000e+04 4.102165e-02
2.751100e+04 3.665097e-02
2.751200e+04 4.339841e-02
2.751300e+04 4.135122e-02
2.751400e+04 4.231774e-02
2.751500e+04 5.228010e-02
2.751600e+04 5.717501e-02
2.751700e+04 5.350094e-02
2.751800e+04 5.255333e-02
2.751900e+04 3.990699e-02
2.752000e+04 4.845760e-02
2.752100e+04 5.033858e-02
2.752200e+04 3.900035e-02
2.752300e+04 5.826904e-02
2.752400e+04 5.697364e-02
2.752500e+04 5.646553e-02
2.752600e+04 4.209394e-02
2.752700e+04 4.281922e-02
2.752800e+04 3.510642e-02
2.752900e+04 5.271724e-02
2.753000e+04 4.156686e-02
2.753100e+04 4.529330e-02
2.753200e+04 3.578979e-02
2.753300e+04 5.157771e-02
2.753400e+04 5.427997e-02
2.753500e+04 5.910307e-02
2.753600e+04 5.177606e-02
2.753700e+04 4.581234e-02
2.753800e+04 4.281662e-02
2.753900e+04 5.448957e-02
2.754000e+04 5.583034e-02
2.754100e+04 3.456070e-02
2.754200e+04 4.040392e-02
2.754300e+04 3.775943e-02
2.754400e+04 5.491050e-02
2.754500e+04 4.942087e-02
2.754600e+04 3.769792e-02
2.754700e+04 4.596460e-02
2.754800e+04 4.093365e-02
2.754900e+04 4.287122e-02
2.755000e+04 3.596469e-02
2.755100e+04 3.284152e-02
2.755200e+04 4.205842e-02
2.755300e+04 4.904663e-02
2.755400e+04 5.269132e-02
2.755500e+04 3.946587e-02
2.755600e+04 5.499286e-02
2.755700e+04 5.620322e-02
2.755800e+04 3.937037e-02
2.755900e+04 4.238716e-02
2.756000e+04 4.936778e-02
2.756100e+04 2.956159e-02
2.756200e+04 4.398844e-02
2.756300e+04 5.635389e-02
2.756400e+04 4.710156e-02
2.756500e+04 4.189577e-02
2.756600e+04 3.773891e-02
2.756700e+04 4.070780e-02
2.756800e+04 5.517575e-02
2.756900e+04 5.910113e-02
2.757000e+04 5.796120e-02
2.757100e+04 5.706831e-02
2.757200e+04 5.862937e-02
2.757300e+04 4.980763e-02
2.757400e+04 5.570039e-02
2.757500e+04 5.691834e-02
2.757600e+04 4.454928e-02
2.757700e+04 3.734958e-02
2.757800e+04 3.912058e-02
2.757900e+04 5.231077e-02
2.758000e+04 4.514783e-02
2.758100e+04 5.027444e-02
2.758200e+04 4.746183e-02
2.758300e+04 3.468281e-02
2.758400e+04 3.852769e-02
2.758500e+04 5.481401e-02
2.758600e+04 3.998438e-02
2.758700e+04 5.629962e-02
2.758800e+04 4.884428e-02
2.758900e+04 5.554571e-02
2.759000e+04 5.656596e-02
2.759100e+04 5.522439e-02
2.759200e+04 4.093959e-02
2.759300e+04 4.388849e-02
2.759400e+04 4.538275e-02
2.759500e+04 3.885700e-02
2.759600e+04 4.850398e-02
2.759700e+04 5.797841e-02
2.759800e+04 5.127458e-02
2.759900e+04 4.673392e-02
2.760000e+04 4.416082e-02
2.760100e+04 4.489257e-02
2.760200e+04 4.629963e-02
2.760300e+04 3.774161e-02
2.760400e+04 4.613816e-02
2.760500e+04 5.826665e-02
2.760600e+04 5.155211e-02
2.760700e+04 4.330199e-02
2.760800e+04 4.153400e-02
2.760900e+04 5.280477e-02
2.761000e+04 5.610202e-02
2.761100e+04 5.440038e-02
2.761200e+04 4.108897e-02
2.761300e+04 4.554880e-02
2.761400e+04 3.753334e-02
2.761500e+04 3.622516e-02
2.761600e+04 4.267702e-02
2.761700e+04 4.114668e-02
2.761800e+04 5.501594e-02
2.761900e+04 5.981356e-02
2.762000e+04 5.633667e-02
2.762100e+04 5.600019e-02
2.762200e+04 4.401739e-02
2.762300e+04 5.590219e-02
2.762400e+04 5.026493e-02
2.762500e+04 4.555027e-02
2.762600e+04 5.097692e-02
2.762700e+04 3.822222e-02
2.762800e+04 3.978781e-02
2.762900e+04 5.075117e-02
2.763000e+04 4.872779e-02
2.763100e+04 5.653323e-02
2.763200e+04 5.399858e-02
2.763300e+04 5.096764e-02
2.763400e+04 3.958317e-02
2.763500e+04 5.284386e-02
2.763600e+04 5.150221e-02
2.763700e+04 5.658732e-02
2.763800e+04 3.978369e-02
2.763900e+04 4.701881e-02
2.764000e+04 5.664187e-02
2.764100e+04 4.209774e-02
2.764200e+04 3.635835e-02
2.764300e+04 4.775673e-02
2.764400e+04 4.951796e-02
2.764500e+04 3.960451e-02
2.764600e+04 3.617026e-02
2.764700e+04 3.993166e-02
2.764800e+04 3.822455e-02
2.764900e+04 4.388778e-02
2.765000e+04 4.429637e-02
2.765100e+04 4.785987e-02
2.765200e+04 5.254871e-02
2.765300e+04 5.286468e-02
2.765400e+04 4.555788e-02
2.765500e+04 3.653308e-02
2.765600e+04 4.327622e-02
2.765700e+04 4.069616e-02
2.765800e+04 3.798941e-02
2.765900e+04 4.884517e-02
2.766000e+04 4.760750e-02
2.766100e+04 3.929601e-02
2.766200e+04 4.394205e-02
2.766300e+04 4.923326e-02
2.766400e+04 4.518914e-02
2.766500e+04 4.009205e-02
2.766600e+04 3.914432e-02
2.766700e+04 3.424981e-02
2.766800e+04 4.311890e-02
2.766900e+04 4.982198e-02
2.767000e+04 4.856078e-02
2.767100e+04 4.413881e-02
2.767200e+04 4.524331e-02
2.767300e+04 4.016380e-02
2.767400e+04 4.429467e-02
2.767500e+04 4.306903e-02
2.767600e+04 5.447611e-02
2.767700e+04 3.797680e-02
2.767800e+04 4.378955e-02
2.767900e+04 3.691846e-02
2.768000e+04 4.630689e-02
2.768100e+04 3.496542e-02
2.768200e+04 3.429953e-02
2.768300e+04 4.515903e-02
2.768400e+04 5.132703e-02
2.768500e+04 5.055478e-02
2.768600e+04 4.512107e-02
2.768700e+04 4.522073e-02
2.768800e+04 3.947697e-02
2.768900e+04 4.874995e-02
2.769000e+04 5.539487e-02
2.769100e+04 5.255061e-02
2.769200e+04 4.807291e-02
2.769300e+04 5.207972e-02
2.769400e+04 4.354014e-02
2.769500e+04 3.934396e-02
2.769600e+04 4.038406e-02
2.769700e+04 4.829350e-02
2.769800e+04 4.725814e-02
2.769900e+04 3.995192e-02
2.770000e+04 4.936269e-02
2.770100e+04 4.006806e-02
2.770200e+04 4.209170e-02
2.770300e+04 3.713809e-02
2.770400e+04 4.323197e-02
2.770500e+04 5.149202e-02
2.770600e+04 3.244586e-02
2.770700e+04 3.401963e-02
2.770800e+04 4.663438e-02
2.770900e+04 5.303076e-02
2.771000e+04 5.199978e-02
2.771100e+04 3.619812e-02
2.771200e+04 4.925900e-02
2.771300e+04 5.188317e-02
2.771400e+04 5.183995e-02
2.771500e+04 4.957123e-02
2.771600e+04 4.273133e-02
2.771700e+04 4.366051e-02
2.771800e+04 4.533035e-02
2.771900e+04 3.961785e-02
2.772000e+04 5.594849e-02
2.772100e+04 4.073797e-02
2.772200e+04 3.911714e-02
2.772300e+04 5.009040e-02
2.772400e+04 3.578786e-02
2.772500e+04 4.771405e-02
2.772600e+04 5.820508e-02
2.772700e+04 5.240578e-02
2.772800e+04 4.196994e-02
2.772900e+04 5.584248e-02
2.773000e+04 5.010965e-02
2.773100e+04 4.870470e-02
2.773200e+04 3.597716e-02
2.773300e+04 4.038158e-02
2.773400e+04 5.559642e-02
2.773500e+04 4.490770e-02
2.773600e+04 4.876086e-02
2.773700e+04 3.580865e-02
2.773800e+04 3.915245e-02
2.773900e+04 5.257819e-02
2.774000e+04 5.530211e-02
2.774100e+04 5.036800e-02
2.774200e+04 5.903424e-02
2.774300e+04 6.095278e-02
2.774400e+04 5.908477e-02
2.774500e+04 4.948907e-02
2.774600e+04 4.978420e-02
2.774700e+04 4.540651e-02
2.774800e+04 4.616224e-02
2.774900e+04 5.672747e-02
2.775000e+04 5.427162e-02
2.775100e+04 4.033410e-02
2.775200e+04 4.603255e-02
2.775300e+04 4.780567e-02
2.775400e+04 4.819974e-02
2.775500e+04 5.124008e-02
2.775600e+04 4.094900e-02
2.775700e+04 4.598113e-02
2.775800e+04 4.102725e-02
2.775900e+04 4.102665e-02
2.776000e+04 3.938773e-02
2.776100e+04 4.774604e-02
2.776200e+04 3.880906e-02
2.776300e+04 5.315964e-02
2.776400e+04 4.079681e-02
2.776500e+04 4.518978e-02
2.776600e+04 3.868591e-02
2.776700e+04 5.401490e-02
2.776800e+04 5.376664e-02
2.776900e+04 4.061742e-02
2.777000e+04 4.042789e-02
2.777100e+04 4.260575e-02
2.777200e+04 4.505144e-02
2.777300e+04 5.215121e-02
2.777400e+04 5.515027e-02
2.777500e+04 4.562061e-02
2.777600e+04 4.814613e-02
2.777700e+04 5.250146e-02
2.777800e+04 4.164126e-02
2.777900e+04 3.800788e-02
2.778000e+04 3.958957e-02
2.778100e+04 4.190657e-02
2.778200e+04 4.761999e-02
2.778300e+04 3.625511e-02
2.778400e+04 5.108311e-02
2.778500e+04 4.714785e-02
2.778600e+04 3.484976e-02
2.778700e+04 4.145487e-02
2.778800e+04 4.252373e-02
2.778900e+04 4.616035e-02
2.779000e+04 5.044725e-02
2.779100e+04 3.950916e-02
2.779200e+04 3.718593e-02
2.779300e+04 4.592600e-02
2.779400e+04 4.886944e-02
2.779500e+04 3.442756e-02
2.779600e+04 4.893183e-02
2.779700e+04 5.294081e-02
2.779800e+04 4.819304e-02
2.779900e+04 3.573356e-02
2.780000e+04 4.548575e-02
2.780100e+04 3.571906e-02
2.780200e+04 5.018529e-02
2.780300e+04 5.021503e-02
2.780400e+04 4.744718e-02
2.780500e+04 4.566478e-02
2.780600e+04 5.078572e-02
2.780700e+04 4.049691e-02
2.780800e+04 4.812402e-02
2.780900e+04 4.286740e-02
2.781000e+04 4.929827e-02
2.781100e+04 5.129018e-02
2.781200e+04 4.081233e-02
2.781300e+04 4.914176e-02
2.781400e+04 3.814201e-02
2.781500e+04 5.131238e-02
2.781600e+04 4.561851e-02
2.781700e+04 4.911417e-02
2.781800e+04 5.262673e-02
2.781900e+04 5.093282e-02
2.782000e+04 4.035742e-02
2.782100e+04 4.754898e-02
2.782200e+04 3.526981e-02
2.782300e+04 4.227216e-02
2.782400e+04 3.584762e-02
2.782500e+04 4.784468e-02
2.782600e+04 4.867734e-02
2.782700e+04 4.362855e-02
2.782800e+04 4.582871e-02
2.782900e+04 4.905351e-02
2.783000e+04 4.270000e-02
2.783100e+04 4.494299e-02
2.783200e+04 5.216286e-02
2.783300e+04 4.252095e-02
2.783400e+04 5.480428e-02
2.783500e+04 5.159925e-02
2.783600e+04 5.080776e-02
2.783700e+04 4.453507e-02
2.783800e+04 5.561835e-02
2.783900e+04 4.088391e-02
2.784000e+04 4.953382e-02
2.784100e+04 5.230785e-02
2.784200e+04 3.785442e-02
2.784300e+04 4.022620e-02
2.784400e+04 4.603376e-02
2.784500e+04 5.634865e-02
2.784600e+04 5.152558e-02
2.784700e+04 4.147279e-02
2.784800e+04 4.301012e-02
2.784900e+04 4.636629e-02
2.785000e+04 4.609282e-02
2.785100e+04 3.506494e-02
2.785200e+04 3.997508e-02
2.785300e+04 3.529818e-02
2.785400e+04 3.661941e-02
2.785500e+04 3.401304e-02
2.785600e+04 4.560999e-02
2.785700e+04 3.822536e-02
2.785800e+04 4.589757e-02
2.785900e+04 4.501431e-02
2.786000e+04 5.694780e-02
2.786100e+04 4.354641e-02
2.786200e+04 4.516181e-02
2.786300e+04 3.582086e-02
2.786400e+04 3.750915e-02
2.786500e+04 2.789662e-02
2.786600e+04 3.702501e-02
2.786700e+04 3.340732e-02
2.786800e+04 3.483835e-02
2.786900e+04 4.994144e-02
2.787000e+04 4.352249e-02
2.787100e+04 4.944314e-02
2.787200e+04 4.311944e-02
2.787300e+04 4.510925e-02
2.787400e+04 5.069704e-02
2.787500e+04 5.221571e-02
2.787600e+04 5.300854e-02
2.787700e+04 3.795821e-02
2.787800e+04 4.389672e-02
2.787900e+04 3.489564e-02
2.788000e+04 4.753037e-02
2.788100e+04 3.949451e-02
2.788200e+04 3.164812e-02
2.788300e+04 4.336821e-02
2.788400e+04 4.631888e-02
2.788500e+04 4.359237e-02
2.788600e+04 4.410887e-02
2.788700e+04 5.019788e-02
2.788800e+04 4.142409e-02
2.788900e+04 3.938938e-02
2.789000e+04 3.715065e-02
2.789100e+04 3.865179e-02
2.789200e+04 4.519711e-02
2.789300e+04 5.101180e-02
2.789400e+04 3.792011e-02
2.789500e+04 3.442071e-02
2.789600e+04 4.648256e-02
2.789700e+04 4.552145e-02
2.789800e+04 5.045135e-02
2.789900e+04 5.113074e-02
2.790000e+04 4.468393e-02
2.790100e+04 5.053516e-02
2.790200e+04 4.641067e-02
2.790300e+04 4.251512e-02
2.790400e+04 4.662362e-02
2.790500e+04 5.038932e-02
2.790600e+04 4.485774e-02
2.790700e+04 4.576968e-02
2.790800e+04 4.836186e-02
2.790900e+04 5.413795e-02
2.791000e+04 3.888558e-02
2.791100e+04 4.785743e-02
2.791200e+04 4.960636e-02
2.791300e+04 4.206143e-02
2.791400e+04 4.525989e-02
2.791500e+04 4.111473e-02
2.791600e+04 4.074493e-02
2.791700e+04 4.245043e-02
2.791800e+04 4.751759e-02
2.791900e+04 4.780335e-02
2.792000e+04 4.511919e-02
2.792100e+04 4.214079e-02
2.792200e+04 3.645462e-02
2.792300e+04 3.862693e-02
2.792400e+04 3.471335e-02
2.792500e+04 3.322781e-02
2.792600e+04 4.089536e-02
2.792700e+04 4.112901e-02
2.792800e+04 4.131339e-02
2.792900e+04 5.360602e-02
2.793000e+04 5.523004e-02
2.793100e+04 4.708330e-02
2.793200e+04 4.202694e-02
2.793300e+04 4.274599e-02
2.793400e+04 4.697377e-02
2.793500e+04 4.854498e-02
2.793600e+04 5.057814e-02
2.793700e+04 4.339869e-02
2.793800e+04 5.426155e-02
2.793900e+04 5.010643e-02
2.794000e+04 4.412603e-02
2.794100e+04 4.804923e-02
2.794200e+04 4.216545e-02
2.794300e+04 5.385217e-02
2.794400e+04 4.134262e-02
2.794500e+04 3.773613e-02
2.794600e+04 4.327147e-02
2.794700e+04 4.780628e-02
2.794800e+04 5.475133e-02
2.794900e+04 5.658238e-02
2.795000e+04 4.083519e-02
2.795100e+04 4.669672e-02
2.795200e+04 5.315920e-02
2.795300e+04 5.332600e-02
2.795400e+04 4.630648e-02
2.795500e+04 3.722299e-02
2.795600e+04 5.251997e-02
2.795700e+04 3.765369e-02
2.795800e+04 4.403743e-02
2.795900e+04 4.360193e-02
2.796000e+04 4.722917e-02
2.796100e+04 4.769348e-02
2.796200e+04 4.272481e-02
2.796300e+04 3.955194e-02
2.796400e+04 4.595958e-02
2.796500e+04 5.160910e-02
2.796600e+04 4.264558e-02
2.796700e+04 4.624946e-02
2.796800e+04 4.151632e-02
2.796900e+04 4.494282e-02
2.797000e+04 4.967497e-02
2.797100e+04 4.390587e-02
2.797200e+04 4.801325e-02
2.797300e+04 4.732545e-02
2.797400e+04 3.656000e-02
2.797500e+04 3.922116e-02
2.797600e+04 5.262281e-02
2.797700e+04 5.132496e-02
2.797800e+04 4.538229e-02
2.797900e+04 3.228879e-02
2.798000e+04 5.143970e-02
2.798100e+04 3.416086e-02
2.798200e+04 4.105958e-02
2.798300e+04 5.083692e-02
2.798400e+04 5.189558e-02
2.798500e+04 5.229764e-02
2.798600e+04 3.927619e-02
2.798700e+04 4.908737e-02
2.798800e+04 4.456222e-02
2.798900e+04 3.740316e-02
2.799000e+04 3.879460e-02
2.799100e+04 4.393632e-02
2.799200e+04 5.393495e-02
2.799300e+04 4.731825e-02
2.799400e+04 5.119437e-02
2.799500e+04 4.133146e-02
2.799600e+04 5.505218e-02
2.799700e+04 5.068641e-02
2.799800e+04 4.558607e-02
2.799900e+04 5.133878e-02
2.800000e+04 4.184457e-02
2.800100e+04 4.852893e-02
2.800200e+04 4.237347e-02
2.800300e+04 4.087684e-02
2.800400e+04 4.013998e-02
2.800500e+04 5.241601e-02
2.800600e+04 4.875674e-02
2.800700e+04 3.759335e-02
2.800800e+04 4.998586e-02
2.800900e+04 3.554788e-02
2.801000e+04 3.057902e-02
2.801100e+04 4.086282e-02
2.801200e+04 4.209344e-02
2.801300e+04 4.409227e-02
2.801400e+04 4.148981e-02
2.801500e+04 3.517025e-02
2.801600e+04 4.980030e-02
2.801700e+04 4.254057e-02
2.801800e+04 4.441470e-02
2.801900e+04 4.832887e-02
2.802000e+04 4.447389e-02
2.802100e+04 5.287376e-02
2.802200e+04 3.982710e-02
2.802300e+04 3.896993e-02
2.802400e+04 3.907427e-02
2.802500e+04 3.511612e-02
2.802600e+04 4.734176e-02
2.802700e+04 3.555702e-02
2.802800e+04 3.460140e-02
2.802900e+04 4.237608e-02
2.803000e+04 5.215767e-02
2.803100e+04 4.153994e-02
2.803200e+04 4.934311e-02
2.803300e+04 4.871360e-02
2.803400e+04 3.619165e-02
2.803500e+04 4.043567e-02
2.803600e+04 3.514632e-02
2.803700e+04 3.355197e-02
2.803800e+04 3.509277e-02
2.803900e+04 3.668248e-02
2.804000e+04 3.965422e-02
2.804100e+04 3.941098e-02
2.804200e+04 3.375108e-02
2.804300e+04 4.863324e-02
2.804400e+04 4.545642e-02
2.804500e+04 3.063129e-02
2.804600e+04 4.103844e-02
2.804700e+04 4.542663e-02
2.804800e+04 3.819711e-02
2.804900e+04 4.087466e-02
2.805000e+04 4.700114e-02
2.805100e+04 3.058398e-02
2.805200e+04 3.721114e-02
2.805300e+04 3.308064e-02
2.805400e+04 3.435940e-02
2.805500e+04 3.912599e-02
2.805600e+04 4.015339e-02
2.805700e+04 3.827785e-02
2.805800e+04 3.429167e-02
2.805900e+04 3.837470e-02
2.806000e+04 4.238341e-02
2.806100e+04 4.394000e-02
2.806200e+04 4.736869e-02
2.806300e+04 4.411169e-02
2.806400e+04 3.949397e-02
2.806500e+04 4.165941e-02
2.806600e+04 4.677922e-02
2.806700e+04 4.054095e-02
2.806800e+04 4.685209e-02
2.806900e+04 4.960169e-02
2.807000e+04 4.520107e-02
2.807100e+04 3.911352e-02
2.807200e+04 3.853482e-02
2.807300e+04 4.613940e-02
2.807400e+04 5.144710e-02
2.807500e+04 5.449958e-02
2.807600e+04 5.264329e-02
2.807700e+04 4.287391e-02
2.807800e+04 5.172586e-02
2.807900e+04 4.996957e-02
2.808000e+04 3.891369e-02
2.808100e+04 4.765353e-02
2.808200e+04 3.675205e-02
2.808300e+04 4.272200e-02
2.808400e+04 4.221533e-02
2.808500e+04 4.880533e-02
2.808600e+04 3.996032e-02
2.808700e+04 4.772096e-02
2.808800e+04 4.912194e-02
2.808900e+04 3.101597e-02
2.809000e+04 4.740890e-02
2.809100e+04 3.839289e-02
2.809200e+04 3.389261e-02
2.809300e+04 4.109410e-02
2.809400e+04 3.672366e-02
2.809500e+04 4.237586e-02
2.809600e+04 4.165112e-02
2.809700e+04 3.991603e-02
2.809800e+04 5.154413e-02
2.809900e+04 4.156907e-02
2.810000e+04 4.639999e-02
2.810100e+04 5.584672e-02
2.810200e+04 4.645321e-02
2.810300e+04 3.792851e-02
2.810400e+04 4.421825e-02
2.810500e+04 4.099453e-02
2.810600e+04 4.230306e-02
2.810700e+04 4.201246e-02
2.810800e+04 4.812119e-02
2.810900e+04 4.071622e-02
2.811000e+04 4.038142e-02
2.811100e+04 4.569495e-02
2.811200e+04 4.185338e-02
2.811300e+04 4.961672e-02
2.811400e+04 4.477166e-02
2.811500e+04 5.186309e-02
2.811600e+04 4.526411e-02
2.811700e+04 4.323532e-02
2.811800e+04 5.163402e-02
2.811900e+04 5.100630e-02
2.812000e+04 4.941533e-02
2.812100e+04 3.668310e-02
2.812200e+04 4.943514e-02
2.812300e+04 4.753615e-02
2.812400e+04 5.592682e-02
2.812500e+04 5.234662e-02
2.812600e+04 4.490806e-02
2.812700e+04 4.020120e-02
2.812800e+04 4.221334e-02
2.812900e+04 4.522623e-02
2.813000e+04 3.496182e-02
2.813100e+04 4.198835e-02
2.813200e+04 4.207297e-02
2.813300e+04 4.355634e-02
2.813400e+04 4.316664e-02
2.813500e+04 4.218210e-02
2.813600e+04 4.606986e-02
2.813700e+04 3.793565e-02
2.813800e+04 3.131326e-02
2.813900e+04 3.060179e-02
2.814000e+04 3.713498e-02
2.814100e+04 4.118612e-02
2.814200e+04 4.001518e-02
2.814300e+04 4.635747e-02
2.814400e+04 4.855007e-02
2.814500e+04 3.667376e-02
2.814600e+04 4.273813e-02
2.814700e+04 3.712049e-02
2.814800e+04 4.512964e-02
2.814900e+04 4.940088e-02
2.815000e+04 4.413141e-02
2.815100e+04 3.579599e-02
2.815200e+04 4.164342e-02
2.815300e+04 4.273950e-02
2.815400e+04 4.594951e-02
2.815500e+04 4.736163e-02
2.815600e+04 4.616041e-02
2.815700e+04 5.590528e-02
2.815800e+04 5.121111e-02
2.815900e+04 3.483290e-02
2.816000e+04 5.311673e-02
2.816100e+04 4.691377e-02
2.816200e+04 4.777455e-02
2.816300e+04 3.755723e-02
2.816400e+04 4.995311e-02
2.816500e+04 4.525169e-02
2.816600e+04 4.235158e-02
2.816700e+04 4.486654e-02
2.816800e+04 3.636089e-02
2.816900e+04 4.634709e-02
2.817000e+04 4.434054e-02
2.817100e+04 3.522953e-02
2.817200e+04 3.389219e-02
2.817300e+04 3.393584e-02
2.817400e+04 4.171231e-02
2.817500e+04 4.318112e-02
2.817600e+04 4.048686e-02
2.817700e+04 4.398673e-02
2.817800e+04 4.462007e-02
2.817900e+04 3.486630e-02
2.818000e+04 3.641341e-02
2.818100e+04 3.714483e-02
2.818200e+04 4.039433e-02
2.818300e+04 3.969402e-02
2.818400e+04 4.429198e-02
2.818500e+04 5.033329e-02
2.818600e+04 5.082742e-02
2.818700e+04 4.147799e-02
2.818800e+04 4.440274e-02
2.818900e+04 3.744906e-02
2.819000e+04 4.304625e-02
2.819100e+04 3.361991e-02
2.819200e+04 3.702979e-02
2.819300e+04 3.621339e-02
2.819400e+04 3.221939e-02
2.819500e+04 3.985042e-02
2.819600e+04 3.281442e-02
2.819700e+04 4.231819e-02
2.819800e+04 4.704642e-02
2.819900e+04 4.888201e-02
2.820000e+04 3.553703e-02
2.820100e+04 4.824109e-02
2.820200e+04 3.342110e-02
2.820300e+04 3.978984e-02
2.820400e+04 3.387484e-02
2.820500e+04 3.289939e-02
2.820600e+04 4.040946e-02
2.820700e+04 2.803384e-02
2.820800e+04 3.285983e-02
2.820900e+04 3.363608e-02
2.821000e+04 4.155688e-02
2.821100e+04 4.641730e-02
2.821200e+04 4.170241e-02
2.821300e+04 4.028978e-02
2.821400e+04 3.767547e-02
2.821500e+04 5.061619e-02
2.821600e+04 4.840822e-02
2.821700e+04 4.050783e-02
2.821800e+04 3.804860e-02
2.821900e+04 3.741518e-02
2.822000e+04 3.297648e-02
2.822100e+04 4.005614e-02
2.822200e+04 4.445678e-02
2.822300e+04 3.731461e-02
2.822400e+04 4.937274e-02
2.822500e+04 4.109131e-02
2.822600e+04 4.038212e-02
2.822700e+04 3.553861e-02
2.822800e+04 4.358951e-02
2.822900e+04 4.436811e-02
2.823000e+04 4.717314e-02
2.823100e+04 3.636490e-02
2.823200e+04 3.705341e-02
2.823300e+04 3.999639e-02
2.823400e+04 4.682293e-02
2.823500e+04 4.251126e-02
2.823600e+04 4.462252e-02
2.823700e+04 4.872034e-02
2.823800e+04 4.450488e-02
2.823900e+04 5.025543e-02
2.824000e+04 4.993963e-02
2.824100e+04 4.031692e-02
2.824200e+04 3.775022e-02
2.824300e+04 3.470981e-02
2.824400e+04 3.851597e-02
2.824500e+04 4.092779e-02
2.824600e+04 4.674761e-02
2.824700e+04 4.666161e-02
2.824800e+04 4.931040e-02
2.824900e+04 5.147833e-02
2.825000e+04 3.937230e-02
2.825100e+04 3.781515e-02
2.825200e+04 4.595555e-02
2.825300e+04 3.995637e-02
2.825400e+04 3.319230e-02
2.825500e+04 3.732315e-02
2.825600e+04 3.748378e-02
2.825700e+04 4.317071e-02
2.825800e+04 3.819775e-02
2.825900e+04 3.735430e-02
2.826000e+04 4.659394e-02
2.826100e+04 4.964999e-02
2.826200e+04 3.935655e-02
2.826300e+04 4.779929e-02
2.826400e+04 5.420180e-02
2.826500e+04 4.949011e-02
2.826600e+04 3.567843e-02
2.826700e+04 4.427016e-02
2.826800e+04 4.739425e-02
2.826900e+04 3.372021e-02
2.827000e+04 4.102800e-02
2.827100e+04 3.947489e-02
2.827200e+04 3.247339e-02
2.827300e+04 4.180004e-02
2.827400e+04 3.875374e-02
2.827500e+04 4.123283e-02
2.827600e+04 3.393793e-02
2.827700e+04 4.045384e-02
2.827800e+04 3.091038e-02
2.827900e+04 3.506423e-02
2.828000e+04 4.964673e-02
2.828100e+04 4.889983e-02
2.828200e+04 4.958109e-02
2.828300e+04 5.038761e-02
2.828400e+04 5.268634e-02
2.828500e+04 4.250000e-02
2.828600e+04 4.591347e-02
2.828700e+04 3.365996e-02
2.828800e+04 4.981251e-02
2.828900e+04 5.185088e-02
2.829000e+04 5.220973e-02
2.829100e+04 4.146180e-02
2.829200e+04 4.133841e-02
2.829300e+04 3.890335e-02
2.829400e+04 4.192973e-02
2.829500e+04 4.356659e-02
2.829600e+04 5.001390e-02
2.829700e+04 5.201039e-02
2.829800e+04 4.593748e-02
2.829900e+04 4.819730e-02
2.830000e+04 4.560198e-02
2.830100e+04 3.084537e-02
2.830200e+04 4.053955e-02
2.830300e+04 4.517252e-02
2.830400e+04 3.923668e-02
2.830500e+04 3.857959e-02
2.830600e+04 3.832798e-02
2.830700e+04 3.680930e-02
2.830800e+04 4.884623e-02
2.830900e+04 5.012466e-02
2.831000e+04 4.760148e-02
2.831100e+04 5.185578e-02
2.831200e+04 5.140789e-02
2.831300e+04 4.788811e-02
2.831400e+04 4.317022e-02
2.831500e+04 3.601290e-02
2.831600e+04 3.900738e-02
2.831700e+04 3.700160e-02
2.831800e+04 4.006543e-02
2.831900e+04 4.455124e-02
2.832000e+04 4.437354e-02
2.832100e+04 3.700796e-02
2.832200e+04 3.944403e-02
2.832300e+04 5.144911e-02
2.832400e+04 4.260935e-02
2.832500e+04 4.838245e-02
2.832600e+04 5.173057e-02
2.832700e+04 4.869015e-02
2.832800e+04 4.831736e-02
2.832900e+04 5.294151e-02
2.833000e+04 5.263824e-02
2.833100e+04 4.738346e-02
2.833200e+04 4.168608e-02
2.833300e+04 4.543452e-02
2.833400e+04 3.650883e-02
2.833500e+04 3.658481e-02
2.833600e+04 3.833084e-02
2.833700e+04 3.922190e-02
2.833800e+04 3.569175e-02
2.833900e+04 3.784879e-02
2.834000e+04 3.900703e-02
2.834100e+04 5.095131e-02
2.834200e+04 4.456744e-02
2.834300e+04 4.913690e-02
2.834400e+04 3.314565e-02
2.834500e+04 4.689514e-02
2.834600e+04 3.982104e-02
2.834700e+04 3.878459e-02
2.834800e+04 3.467462e-02
2.834900e+04 3.071030e-02
2.835000e+04 5.123449e-02
2.835100e+04 4.756800e-02
2.835200e+04 3.708849e-02
2.835300e+04 3.259243e-02
2.835400e+04 3.814306e-02
2.835500e+04 3.589460e-02
2.835600e+04 3.290209e-02
2.835700e+04 3.653117e-02
2.835800e+04 4.171705e-02
2.835900e+04 3.344595e-02
2.836000e+04 3.812481e-02
2.836100e+04 3.994707e-02
2.836200e+04 3.886227e-02
2.836300e+04 3.591241e-02
2.836400e+04 3.210338e-02
2.836500e+04 4.553856e-02
2.836600e+04 5.125102e-02
2.836700e+04 4.751004e-02
2.836800e+04 4.776324e-02
2.836900e+04 4.590874e-02
2.837000e+04 3.289218e-02
2.837100e+04 4.929390e-02
2.837200e+04 4.782685e-02
2.837300e+04 3.550162e-02
2.837400e+04 4.270840e-02
2.837500e+04 3.523983e-02
2.837600e+04 2.938223e-02
2.837700e+04 3.189424e-02
2.837800e+04 3.005230e-02
2.837900e+04 3.936528e-02
2.838000e+04 4.322107e-02
2.838100e+04 5.114134e-02
2.838200e+04 4.257726e-02
2.838300e+04 4.431076e-02
2.838400e+04 3.021120e-02
2.838500e+04 3.953181e-02
2.838600e+04 3.576510e-02
2.838700e+04 3.682455e-02
2.838800e+04 3.514752e-02
2.838900e+04 4.581635e-02
2.839000e+04 4.342714e-02
2.839100e+04 4.505168e-02
2.839200e+04 5.273705e-02
2.839300e+04 4.258856e-02
2.839400e+04 4.488976e-02
2.839500e+04 4.610747e-02
2.839600e+04 4.603092e-02
2.839700e+04 4.319410e-02
2.839800e+04 4.263670e-02
2.839900e+04 5.121555e-02
2.840000e+04 4.528191e-02
2.840100e+04 4.063861e-02
2.840200e+04 4.090289e-02
2.840300e+04 4.023444e-02
2.840400e+04 5.040448e-02
2.840500e+04 4.757926e-02
2.840600e+04 4.263725e-02
2.840700e+04 3.523669e-02
2.840800e+04 3.498986e-02
2.840900e+04 3.916160e-02
2.841000e+04 4.052807e-02
2.841100e+04 4.358682e-02
2.841200e+04 4.084176e-02
2.841300e+04 4.552651e-02
2.841400e+04 4.447609e-02
2.841500e+04 4.128796e-02
2.841600e+04 4.017340e-02
2.841700e+04 3.972630e-02
2.841800e+04 4.377811e-02
2.841900e+04 5.366213e-02
2.842000e+04 4.537524e-02
2.842100e+04 3.950627e-02
2.842200e+04 3.569256e-02
2.842300e+04 4.843983e-02
2.842400e+04 5.001540e-02
2.842500e+04 4.558714e-02
2.842600e+04 4.373783e-02
2.842700e+04 4.167369e-02
2.842800e+04 3.707039e-02
2.842900e+04 3.974859e-02
2.843000e+04 3.060309e-02
2.843100e+04 3.564067e-02
2.843200e+04 4.185063e-02
2.843300e+04 3.830310e-02
2.843400e+04 4.383502e-02
2.843500e+04 4.057464e-02
2.843600e+04 4.323967e-02
2.843700e+04 3.626373e-02
2.843800e+04 3.532896e-02
2.843900e+04 3.773867e-02
2.844000e+04 3.739624e-02
2.844100e+04 4.286372e-02
2.844200e+04 4.440678e-02
2.844300e+04 4.272384e-02
2.844400e+04 3.741314e-02
2.844500e+04 4.414489e-02
2.844600e+04 3.846135e-02
2.844700e+04 4.492944e-02
2.844800e+04 4.137797e-02
2.844900e+04 4.377729e-02
2.845000e+04 4.092492e-02
2.845100e+04 3.911571e-02
2.845200e+04 4.343273e-02
2.845300e+04 3.673048e-02
2.845400e+04 4.449191e-02
2.845500e+04 3.445399e-02
2.845600e+04 3.929301e-02
2.845700e+04 4.211011e-02
2.845800e+04 4.809708e-02
2.845900e+04 4.496889e-02
2.846000e+04 4.331694e-02
2.846100e+04 3.306543e-02
2.846200e+04 4.888020e-02
2.846300e+04 5.207343e-02
2.846400e+04 4.759041e-02
2.846500e+04 3.188991e-02
2.846600e+04 4.871063e-02
2.846700e+04 3.718341e-02
2.846800e+04 4.431522e-02
2.846900e+04 4.287703e-02
2.847000e+04 3.520675e-02
2.847100e+04 4.582319e-02
2.847200e+04 4.364471e-02
2.847300e+04 4.350975e-02
2.847400e+04 4.253183e-02
2.847500e+04 4.437503e-02
2.847600e+04 4.357092e-02
2.847700e+04 4.343873e-02
2.847800e+04 3.962683e-02
2.847900e+04 3.881766e-02
2.848000e+04 4.175767e-02
2.848100e+04 4.474359e-02
2.848200e+04 4.970097e-02
2.848300e+04 4.816624e-02
2.848400e+04 3.890601e-02
2.848500e+04 3.476826e-02
2.848600e+04 4.873177e-02
2.848700e+04 4.786801e-02
2.848800e+04 4.321785e-02
2.848900e+04 4.022914e-02
2.849000e+04 4.971415e-02
2.849100e+04 4.569157e-02
2.849200e+04 3.623544e-02
2.849300e+04 3.776863e-02
2.849400e+04 3.796285e-02
2.849500e+04 3.017301e-02
2.849600e+04 4.158397e-02
2.849700e+04 3.927680e-02
2.849800e+04 3.317213e-02
2.849900e+04 4.691741e-02
2.850000e+04 4.660148e-02
2.850100e+04 4.003270e-02
2.850200e+04 3.383696e-02
2.850300e+04 3.474251e-02
2.850400e+04 4.266407e-02
2.850500e+04 3.914965e-02
2.850600e+04 4.405872e-02
2.850700e+04 3.935467e-02
2.850800e+04 2.986062e-02
2.850900e+04 4.221890e-02
2.851000e+04 4.443449e-02
2.851100e+04 4.069935e-02
2.851200e+04 4.653619e-02
2.851300e+04 3.934944e-02
2.851400e+04 4.088234e-02
2.851500e+04 3.996389e-02
2.851600e+04 3.917384e-02
2.851700e+04 3.489962e-02
2.851800e+04 4.679560e-02
2.851900e+04 4.069668e-02
2.852000e+04 4.420861e-02
2.852100e+04 4.768428e-02
2.852200e+04 3.971381e-02
2.852300e+04 3.559137e-02
2.852400e+04 4.238626e-02
2.852500e+04 4.697967e-02
2.852600e+04 3.093356e-02
2.852700e+04 3.370791e-02
2.852800e+04 4.071321e-02
2.852900e+04 3.848070e-02
2.853000e+04 3.593277e-02
2.853100e+04 3.880000e-02
2.853200e+04 4.396091e-02
2.853300e+04 4.343954e-02
2.853400e+04 3.725519e-02
2.853500e+04 3.594625e-02
2.853600e+04 3.826621e-02
2.853700e+04 3.131669e-02
2.853800e+04 3.492947e-02
2.853900e+04 4.151700e-02
2.854000e+04 3.847568e-02
2.854100e+04 4.539844e-02
2.854200e+04 3.584810e-02
2.854300e+04 4.200580e-02
2.854400e+04 3.143923e-02
2.854500e+04 3.484617e-02
2.854600e+04 4.197237e-02
2.854700e+04 2.704755e-02
2.854800e+04 2.979649e-02
2.854900e+04 3.692631e-02
2.855000e+04 4.586656e-02
2.855100e+04 3.409276e-02
2.855200e+04 3.095710e-02
2.855300e+04 4.079981e-02
2.855400e+04 4.977352e-02
2.855500e+04 4.703893e-02
2.855600e+04 3.637718e-02
2.855700e+04 3.921497e-02
2.855800e+04 2.865748e-02
2.855900e+04 3.636279e-02
2.856000e+04 4.126790e-02
2.856100e+04 4.409560e-02
2.856200e+04 4.231370e-02
2.856300e+04 3.223955e-02
2.856400e+04 3.793410e-02
2.856500e+04 3.661632e-02
2.856600e+04 4.315382e-02
2.856700e+04 4.272823e-02
2.856800e+04 3.723626e-02
2.856900e+04 4.337960e-02
2.857000e+04 3.268962e-02
2.857100e+04 4.284739e-02
2.857200e+04 4.055336e-02
2.857300e+04 3.582897e-02
2.857400e+04 3.845806e-02
2.857500e+04 3.178435e-02
2.857600e+04 3.904967e-02
2.857700e+04 4.081708e-02
2.857800e+04 4.075045e-02
2.857900e+04 4.792187e-02
2.858000e+04 4.789889e-02
2.858100e+04 4.071185e-02
2.858200e+04 4.201756e-02
2.858300e+04 4.287051e-02
2.858400e+04 4.937410e-02
2.858500e+04 5.035347e-02
2.858600e+04 4.296422e-02
2.858700e+04 4.085442e-02
2.858800e+04 4.527044e-02
2.858900e+04 4.724227e-02
2.859000e+04 5.155338e-02
2.859100e+04 4.711401e-02
2.859200e+04 4.193703e-02
2.859300e+04 4.795555e-02
2.859400e+04 4.819874e-02
2.859500e+04 4.368293e-02
2.859600e+04 4.265526e-02
2.859700e+04 4.591173e-02
2.859800e+04 3.826058e-02
2.859900e+04 3.914121e-02
2.860000e+04 3.630596e-02
2.860100e+04 4.230352e-02
2.860200e+04 4.839516e-02
2.860300e+04 4.926365e-02
2.860400e+04 4.826951e-02
2.860500e+04 4.365484e-02
2.860600e+04 3.656803e-02
2.860700e+04 3.997879e-02
2.860800e+04 4.911418e-02
2.860900e+04 4.552098e-02
2.861000e+04 3.725079e-02
2.861100e+04 4.154527e-02
2.861200e+04 3.848167e-02
2.861300e+04 4.363526e-02
2.861400e+04 3.770990e-02
2.861500e+04 4.637668e-02
2.861600e+04 3.975633e-02
2.861700e+04 3.910935e-02
2.861800e+04 3.652339e-02
2.861900e+04 3.729801e-02
2.862000e+04 3.861656e-02
2.862100e+04 4.837139e-02
2.862200e+04 3.596111e-02
2.862300e+04 3.798173e-02
2.862400e+04 4.061221e-02
2.862500e+04 4.254209e-02
2.862600e+04 4.870642e-02
2.862700e+04 4.322163e-02
2.862800e+04 4.467363e-02
2.862900e+04 4.543082e-02
2.863000e+04 4.825733e-02
2.863100e+04 4.264842e-02
2.863200e+04 4.245440e-02
2.863300e+04 4.412244e-02
2.863400e+04 4.825007e-02
2.863500e+04 4.001916e-02
2.863600e+04 4.417676e-02
2.863700e+04 3.838565e-02
2.863800e+04 3.696884e-02
2.863900e+04 3.592976e-02
2.864000e+04 3.774985e-02
2.864100e+04 4.276462e-02
2.864200e+04 4.485298e-02
2.864300e+04 3.998521e-02
2.864400e+04 3.778364e-02
2.864500e+04 3.000322e-02
2.864600e+04 4.157756e-02
2.864700e+04 4.709639e-02
2.864800e+04 4.146720e-02
2.864900e+04 4.621255e-02
2.865000e+04 5.090083e-02
2.865100e+04 4.120566e-02
2.865200e+04 3.782196e-02
2.865300e+04 3.409199e-02
2.865400e+04 4.040727e-02
2.865500e+04 4.315161e-02
2.865600e+04 4.821584e-02
2.865700e+04 3.774524e-02
2.865800e+04 3.440011e-02
2.865900e+04 4.664385e-02
2.866000e+04 3.892500e-02
2.866100e+04 4.624410e-02
2.866200e+04 4.957947e-02
2.866300e+04 3.601427e-02
2.866400e+04 3.619098e-02
2.866500e+04 4.788620e-02
2.866600e+04 4.046278e-02
2.866700e+04 3.779476e-02
2.866800e+04 3.812708e-02
2.866900e+04 3.170985e-02
2.867000e+04 3.968164e-02
2.867100e+04 4.250984e-02
2.867200e+04 3.810004e-02
2.867300e+04 4.684608e-02
2.867400e+04 4.045973e-02
2.867500e+04 4.891261e-02
2.867600e+04 4.167077e-02
2.867700e+04 3.443719e-02
2.867800e+04 4.504101e-02
2.867900e+04 3.485523e-02
2.868000e+04 3.136019e-02
2.868100e+04 3.598468e-02
2.868200e+04 3.015694e-02
2.868300e+04 4.632016e-02
2.868400e+04 4.325801e-02
2.868500e+04 4.981949e-02
2.868600e+04 3.659817e-02
2.868700e+04 3.989060e-02
2.868800e+04 2.888024e-02
2.868900e+04 4.284887e-02
2.869000e+04 4.255002e-02
2.869100e+04 3.756074e-02
2.869200e+04 4.076174e-02
2.869300e+04 3.570491e-02
2.869400e+04 4.524241e-02
2.869500e+04 4.456210e-02
2.869600e+04 3.615342e-02
2.869700e+04 4.148561e-02
2.869800e+04 3.340933e-02
2.869900e+04 4.449023e-02
2.870000e+04 3.645020e-02
2.870100e+04 3.797199e-02
2.870200e+04 2.963970e-02
2.870300e+04 4.485436e-02
2.870400e+04 4.235554e-02
2.870500e+04 4.410189e-02
2.870600e+04 4.991902e-02
2.870700e+04 3.836915e-02
2.870800e+04 3.980093e-02
2.870900e+04 3.971598e-02
2.871000e+04 3.790410e-02
2.871100e+04 4.494049e-02
2.871200e+04 3.151243e-02
2.871300e+04 3.541532e-02
2.871400e+04 4.332080e-02
2.871500e+04 2.795811e-02
2.871600e+04 3.736235e-02
2.871700e+04 3.801580e-02
2.871800e+04 3.890360e-02
2.871900e+04 3.836198e-02
2.872000e+04 4.056422e-02
2.872100e+04 3.947820e-02
2.872200e+04 4.315118e-02
2.872300e+04 3.670826e-02
2.872400e+04 2.972384e-02
2.872500e+04 3.737465e-02
2.872600e+04 4.676497e-02
2.872700e+04 3.255075e-02
2.872800e+04 3.240097e-02
2.872900e+04 3.145206e-02
2.873000e+04 3.346737e-02
2.873100e+04 3.131485e-02
2.873200e+04 3.127891e-02
2.873300e+04 3.171542e-02
2.873400e+04 3.896992e-02
2.873500e+04 4.328146e-02
2.873600e+04 4.444169e-02
2.873700e+04 4.228691e-02
2.873800e+04 3.577333e-02
2.873900e+04 3.806618e-02
2.874000e+04 4.101406e-02
2.874100e+04 3.090853e-02
2.874200e+04 4.775655e-02
2.874300e+04 4.599768e-02
2.874400e+04 4.204852e-02
2.874500e+04 3.885931e-02
2.874600e+04 3.559181e-02
2.874700e+04 3.212901e-02
2.874800e+04 3.566213e-02
2.874900e+04 3.862282e-02
2.875000e+04 4.155184e-02
2.875100e+04 3.907786e-02
2.875200e+04 4.123106e-02
2.875300e+04 4.191977e-02
2.875400e+04 3.984677e-02
2.875500e+04 4.217547e-02
2.875600e+04 5.136689e-02
2.875700e+04 4.584675e-02
2.875800e+04 4.273798e-02
2.875900e+04 4.526686e-02
2.876000e+04 4.605897e-02
2.876100e+04 4.876820e-02
2.876200e+04 3.903327e-02
2.876300e+04 4.989300e-02
2.876400e+04 4.224594e-02
2.876500e+04 4.121265e-02
2.876600e+04 4.362314e-02
2.876700e+04 4.661297e-02
2.876800e+04 3.907765e-02
2.876900e+04 4.474361e-02
2.877000e+04 4.554575e-02
2.877100e+04 3.319734e-02
2.877200e+04 4.386903e-02
2.877300e+04 4.557547e-02
2.877400e+04 4.451697e-02
2.877500e+04 4.889491e-02
2.877600e+04 3.788113e-02
2.877700e+04 4.110504e-02
2.877800e+04 3.097064e-02
2.877900e+04 2.949150e-02
2.878000e+04 4.100336e-02
2.878100e+04 4.428740e-02
2.878200e+04 4.393851e-02
2.878300e+04 3.794684e-02
2.878400e+04 3.788258e-02
2.878500e+04 3.965682e-02
2.878600e+04 4.633349e-02
2.878700e+04 4.736683e-02
2.878800e+04 4.200872e-02
2.878900e+04 4.578186e-02
2.879000e+04 3.822161e-02
2.879100e+04 4.161069e-02
2.879200e+04 3.322173e-02
2.879300e+04 4.739080e-02
2.879400e+04 4.377116e-02
2.879500e+04 4.963295e-02
2.879600e+04 4.474700e-02
2.879700e+04 4.055783e-02
2.879800e+04 3.852408e-02
2.879900e+04 4.452898e-02
2.880000e+04 3.925476e-02
2.880100e+04 3.925667e-02
2.880200e+04 4.218928e-02
2.880300e+04 3.772538e-02
2.880400e+04 3.849649e-02
2.880500e+04 4.442894e-02
2.880600e+04 4.269631e-02
2.880700e+04 3.647777e-02
2.880800e+04 3.887005e-02
2.880900e+04 4.542199e-02
2.881000e+04 4.286495e-02
2.881100e+04 3.598788e-02
2.881200e+04 3.420782e-02
2.881300e+04 3.630161e-02
2.881400e+04 4.433400e-02
2.881500e+04 4.324038e-02
2.881600e+04 4.116933e-02
2.881700e+04 4.861304e-02
2.881800e+04 4.247324e-02
2.881900e+04 4.750113e-02
2.882000e+04 3.823789e-02
2.882100e+04 4.166169e-02
2.882200e+04 4.516152e-02
2.882300e+04 3.763959e-02
2.882400e+04 4.201500e-02
2.882500e+04 3.886520e-02
2.882600e+04 4.067053e-02
2.882700e+04 3.358048e-02
2.882800e+04 2.947183e-02
2.882900e+04 4.434351e-02
2.883000e+04 3.710477e-02
2.883100e+04 4.024033e-02
2.883200e+04 4.094458e-02
2.883300e+04 4.135350e-02
2.883400e+04 4.752969e-02
2.883500e+04 4.600505e-02
2.883600e+04 4.213909e-02
2.883700e+04 4.862453e-02
2.883800e+04 3.605252e-02
2.883900e+04 4.122882e-02
2.884000e+04 3.831051e-02
2.884100e+04 3.901027e-02
2.884200e+04 3.540885e-02
2.884300e+04 3.209847e-02
2.884400e+04 4.180516e-02
2.884500e+04 4.273780e-02
2.884600e+04 5.101246e-02
2.884700e+04 4.321780e-02
2.884800e+04 4.170110e-02
2.884900e+04 3.993780e-02
2.885000e+04 4.463123e-02
2.885100e+04 4.002417e-02
2.885200e+04 3.787175e-02
2.885300e+04 3.999100e-02
2.885400e+04 3.955742e-02
2.885500e+04 4.053265e-02
2.885600e+04 3.827684e-02
2.885700e+04 3.841030e-02
2.885800e+04 3.337013e-02
2.885900e+04 3.141244e-02
2.886000e+04 3.379403e-02
2.886100e+04 3.883768e-02
2.886200e+04 3.765479e-02
2.886300e+04 2.672925e-02
2.886400e+04 4.440281e-02
2.886500e+04 3.544112e-02
2.886600e+04 4.209621e-02
2.886700e+04 3.780315e-02
2.886800e+04 3.411018e-02
2.886900e+04 4.125714e-02
2.887000e+04 4.762636e-02
2.887100e+04 4.007479e-02
2.887200e+04 5.082580e-02
2.887300e+04 4.910405e-02
2.887400e+04 3.825390e-02
2.887500e+04 4.392862e-02
2.887600e+04 4.073826e-02
2.887700e+04 3.461500e-02
2.887800e+04 3.556421e-02
2.887900e+04 3.721570e-02
2.888000e+04 3.931736e-02
2.888100e+04 4.659370e-02
2.888200e+04 4.644797e-02
2.888300e+04 3.657632e-02
2.888400e+04 3.273430e-02
2.888500e+04 3.839372e-02
2.888600e+04 3.082337e-02
2.888700e+04 3.347014e-02
2.888800e+04 2.888737e-02
2.888900e+04 4.104536e-02
2.889000e+04 4.123498e-02
2.889100e+04 4.484688e-02
2.889200e+04 4.602026e-02
2.889300e+04 4.476405e-02
2.889400e+04 3.421606e-02
2.889500e+04 3.117606e-02
2.889600e+04 3.277786e-02
2.889700e+04 3.210679e-02
2.889800e+04 3.136070e-02
2.889900e+04 3.799795e-02
2.890000e+04 3.296708e-02
2.890100e+04 4.268224e-02
2.890200e+04 4.268345e-02
2.890300e+04 4.182860e-02
2.890400e+04 3.403435e-02
2.890500e+04 3.217642e-02
2.890600e+04 3.561014e-02
2.890700e+04 3.961474e-02
2.890800e+04 5.189238e-02
2.890900e+04 4.485033e-02
2.891000e+04 4.096971e-02
2.891100e+04 3.156703e-02
2.891200e+04 2.836156e-02
2.891300e+04 2.950835e-02
2.891400e+04 2.779517e-02
2.891500e+04 3.639182e-02
2.891600e+04 4.091961e-02
2.891700e+04 4.651695e-02
2.891800e+04 3.543424e-02
2.891900e+04 4.131799e-02
2.892000e+04 4.264471e-02
2.892100e+04 3.756161e-02
2.892200e+04 3.467959e-02
2.892300e+04 3.720887e-02
2.892400e+04 3.604453e-02
2.892500e+04 3.795601e-02
2.892600e+04 3.446638e-02
2.892700e+04 4.667269e-02
2.892800e+04 4.579863e-02
2.892900e+04 4.314818e-02
2.893000e+04 4.208072e-02
2.893100e+04 4.232082e-02
2.893200e+04 3.536091e-02
2.893300e+04 2.974496e-02
2.893400e+04 4.213785e-02
2.893500e+04 4.655858e-02
2.893600e+04 4.537685e-02
2.893700e+04 3.564554e-02
2.893800e+04 3.973714e-02
2.893900e+04 4.013872e-02
2.894000e+04 4.329216e-02
2.894100e+04 4.701179e-02
2.894200e+04 4.926384e-02
2.894300e+04 4.184799e-02
2.894400e+04 4.372063e-02
2.894500e+04 4.263989e-02
2.894600e+04 4.059508e-02
2.894700e+04 4.669454e-02
2.894800e+04 5.279834e-02
2.894900e+04 4.946277e-02
2.895000e+04 4.187044e-02
2.895100e+04 4.023382e-02
2.895200e+04 4.114346e-02
2.895300e+04 3.396505e-02
2.895400e+04 4.323193e-02
2.895500e+04 4.649989e-02
2.895600e+04 4.141973e-02
2.895700e+04 3.999593e-02
2.895800e+04 4.373443e-02
2.895900e+04 3.376982e-02
2.896000e+04 3.674676e-02
2.896100e+04 4.394858e-02
2.896200e+04 4.444979e-02
2.896300e+04 4.854149e-02
2.896400e+04 4.057609e-02
2.896500e+04 4.152619e-02
2.896600e+04 3.557621e-02
2.896700e+04 3.672429e-02
2.896800e+04 4.423784e-02
2.896900e+04 4.655587e-02
2.897000e+04 3.683698e-02
2.897100e+04 4.319230e-02
2.897200e+04 3.920177e-02
2.897300e+04 3.768909e-02
2.897400e+04 3.851777e-02
2.897500e+04 4.404313e-02
2.897600e+04 4.967901e-02
2.897700e+04 4.547246e-02
2.897800e+04 4.625132e-02
2.897900e+04 4.336376e-02
2.898000e+04 4.694153e-02
2.898100e+04 4.197701e-02
2.898200e+04 4.145838e-02
2.898300e+04 4.139222e-02
2.898400e+04 4.046412e-02
2.898500e+04 4.154523e-02
2.898600e+04 3.506668e-02
2.898700e+04 3.835933e-02
2.898800e+04 4.418214e-02
2.898900e+04 3.273970e-02
2.899000e+04 3.475522e-02
2.899100e+04 3.499819e-02
2.899200e+04 4.003512e-02
2.899300e+04 3.111854e-02
2.899400e+04 3.397100e-02
2.899500e+04 4.091779e-02
2.899600e+04 2.957559e-02
2.899700e+04 3.114793e-02
2.899800e+04 4.188352e-02
2.899900e+04 3.720935e-02
2.900000e+04 3.479499e-02
2.900100e+04 3.827806e-02
2.900200e+04 4.031869e-02
2.900300e+04 3.452669e-02
2.900400e+04 4.469799e-02
2.900500e+04 3.512412e-02
2.900600e+04 4.008015e-02
2.900700e+04 3.970452e-02
2.900800e+04 3.194901e-02
2.900900e+04 3.296959e-02
2.901000e+04 3.446196e-02
2.901100e+04 3.113849e-02
2.901200e+04 4.050077e-02
2.901300e+04 4.259024e-02
2.901400e+04 4.125076e-02
2.901500e+04 4.764781e-02
2.901600e+04 4.050352e-02
2.901700e+04 4.482456e-02
2.901800e+04 3.432078e-02
2.901900e+04 4.265909e-02
2.902000e+04 4.059606e-02
2.902100e+04 3.826319e-02
2.902200e+04 4.044614e-02
2.902300e+04 3.727810e-02
2.902400e+04 3.346521e-02
2.902500e+04 2.817039e-02
2.902600e+04 3.663862e-02
2.902700e+04 4.307147e-02
2.902800e+04 3.925614e-02
2.902900e+04 3.849068e-02
2.903000e+04 3.936108e-02
2.903100e+04 4.706418e-02
2.903200e+04 4.267094e-02
2.903300e+04 4.096549e-02
2.903400e+04 3.879664e-02
2.903500e+04 4.121011e-02
2.903600e+04 4.408224e-02
2.903700e+04 4.253772e-02
2.903800e+04 4.284037e-02
2.903900e+04 3.495499e-02
2.904000e+04 3.495144e-02
2.904100e+04 3.026557e-02
2.904200e+04 3.114367e-02
2.904300e+04 2.973020e-02
2.904400e+04 3.300175e-02
2.904500e+04 4.160941e-02
2.904600e+04 4.082771e-02
2.904700e+04 4.065103e-02
2.904800e+04 3.825647e-02
2.904900e+04 4.634073e-02
2.905000e+04 3.858024e-02
2.905100e+04 3.208746e-02
2.905200e+04 3.926819e-02
2.905300e+04 3.564334e-02
2.905400e+04 4.113146e-02
2.905500e+04 4.524608e-02
2.905600e+04 4.584849e-02
2.905700e+04 4.813787e-02
2.905800e+04 3.872663e-02
2.905900e+04 4.088436e-02
2.906000e+04 4.405931e-02
2.906100e+04 4.476219e-02
2.906200e+04 3.883047e-02
2.906300e+04 4.178383e-02
2.906400e+04 3.538976e-02
2.906500e+04 3.372302e-02
2.906600e+04 3.423964e-02
2.906700e+04 4.217042e-02
2.906800e+04 4.354772e-02
2.906900e+04 4.541976e-02
2.907000e+04 4.252214e-02
2.907100e+04 3.012871e-02
2.907200e+04 2.837938e-02
2.907300e+04 3.659574e-02
2.907400e+04 3.841291e-02
2.907500e+04 3.428404e-02
2.907600e+04 3.947840e-02
2.907700e+04 3.448694e-02
2.907800e+04 2.940107e-02
2.907900e+04 4.035487e-02
2.908000e+04 3.285164e-02
2.908100e+04 2.510053e-02
2.908200e+04 2.986813e-02
2.908300e+04 3.264255e-02
2.908400e+04 3.529254e-02
2.908500e+04 3.250756e-02
2.908600e+04 3.786665e-02
2.908700e+04 3.585640e-02
2.908800e+04 3.475666e-02
2.908900e+04 2.650347e-02
2.909000e+04 3.426374e-02
2.909100e+04 2.902740e-02
2.909200e+04 3.555327e-02
2.909300e+04 3.309011e-02
2.909400e+04 4.188064e-02
2.909500e+04 3.561917e-02
2.909600e+04 3.465042e-02
2.909700e+04 4.770048e-02
2.909800e+04 3.427467e-02
2.909900e+04 3.027157e-02
2.910000e+04 2.947039e-02
2.910100e+04 2.679638e-02
2.910200e+04 3.628316e-02
2.910300e+04 2.942553e-02
2.910400e+04 3.568158e-02
2.910500e+04 3.113576e-02
2.910600e+04 2.859069e-02
2.910700e+04 3.503052e-02
2.910800e+04 3.160067e-02
2.910900e+04 4.325772e-02
2.911000e+04 3.478397e-02
2.911100e+04 4.075438e-02
2.911200e+04 4.517611e-02
2.911300e+04 4.290089e-02
2.911400e+04 4.615600e-02
2.911500e+04 4.407691e-02
2.911600e+04 4.306375e-02
2.911700e+04 3.743801e-02
2.911800e+04 3.606027e-02
2.911900e+04 3.739943e-02
2.912000e+04 4.748038e-02
2.912100e+04 4.740192e-02
2.912200e+04 4.814897e-02
2.912300e+04 4.037295e-02
2.912400e+04 4.186334e-02
2.912500e+04 3.814922e-02
2.912600e+04 3.929425e-02
2.912700e+04 4.186904e-02
2.912800e+04 3.915146e-02
2.912900e+04 4.008216e-02
2.913000e+04 4.632423e-02
2.913100e+04 3.835911e-02
2.913200e+04 4.626848e-02
2.913300e+04 3.962373e-02
2.913400e+04 3.889099e-02
2.913500e+04 3.529119e-02
2.913600e+04 3.583103e-02
2.913700e+04 4.651156e-02
2.913800e+04 3.851891e-02
2.913900e+04 3.982151e-02
2.914000e+04 3.982151e-02
2.914100e+04 3.935005e-02
2.914200e+04 4.372762e-02
2.914300e+04 4.102919e-02
2.914400e+04 3.479779e-02
2.914500e+04 4.144654e-02
2.914600e+04 5.010683e-02
2.914700e+04 4.681957e-02
2.914800e+04 3.715023e-02
2.914900e+04 4.398679e-02
2.915000e+04 3.911898e-02
2.915100e+04 3.858044e-02
2.915200e+04 3.788523e-02
2.915300e+04 4.240730e-02
2.915400e+04 3.480011e-02
2.915500e+04 3.824797e-02
2.915600e+04 3.952620e-02
2.915700e+04 3.568498e-02
2.915800e+04 4.200579e-02
2.915900e+04 3.324326e-02
2.916000e+04 4.448551e-02
2.916100e+04 4.214313e-02
2.916200e+04 4.032098e-02
2.916300e+04 4.016881e-02
2.916400e+04 4.396050e-02
2.916500e+04 3.695462e-02
2.916600e+04 3.675028e-02
2.916700e+04 2.962538e-02
2.916800e+04 3.964523e-02
2.916900e+04 4.305442e-02
2.917000e+04 3.591451e-02
2.917100e+04 3.085610e-02
2.917200e+04 3.623834e-02
2.917300e+04 4.411540e-02
2.917400e+04 3.692684e-02
2.917500e+04 4.565989e-02
2.917600e+04 3.667661e-02
2.917700e+04 4.217304e-02
2.917800e+04 4.403737e-02
2.917900e+04 3.863164e-02
2.918000e+04 4.443128e-02
2.918100e+04 3.411465e-02
2.918200e+04 3.003199e-02
2.918300e+04 4.621172e-02
2.918400e+04 3.458395e-02
2.918500e+04 3.958801e-02
2.918600e+04 3.469318e-02
2.918700e+04 2.956589e-02
2.918800e+04 4.588867e-02
2.918900e+04 4.717632e-02
2.919000e+04 4.499622e-02
2.919100e+04 3.630348e-02
2.919200e+04 3.518742e-02
2.919300e+04 3.631136e-02
2.919400e+04 3.955578e-02
2.919500e+04 4.298923e-02
2.919600e+04 4.457262e-02
2.919700e+04 3.374550e-02
2.919800e+04 3.922421e-02
2.919900e+04 3.326139e-02
2.920000e+04 3.814426e-02
2.920100e+04 3.553674e-02
2.920200e+04 3.710070e-02
2.920300e+04 3.520632e-02
2.920400e+04 3.506530e-02
2.920500e+04 3.820342e-02
2.920600e+04 3.640921e-02
2.920700e+04 4.375640e-02
2.920800e+04 4.245483e-02
2.920900e+04 3.610390e-02
2.921000e+04 3.037649e-02
2.921100e+04 3.101200e-02
2.921200e+04 4.185612e-02
2.921300e+04 2.966736e-02
2.921400e+04 3.984934e-02
2.921500e+04 3.850056e-02
2.921600e+04 3.589218e-02
2.921700e+04 3.617784e-02
2.921800e+04 3.213211e-02
2.921900e+04 3.120992e-02
2.922000e+04 4.175388e-02
2.922100e+04 3.530738e-02
2.922200e+04 3.349853e-02
2.922300e+04 3.134933e-02
2.922400e+04 3.573392e-02
2.922500e+04 3.896415e-02
2.922600e+04 3.425769e-02
2.922700e+04 4.416910e-02
2.922800e+04 4.610275e-02
2.922900e+04 3.451506e-02
2.923000e+04 3.215657e-02
2.923100e+04 4.284427e-02
2.923200e+04 3.091169e-02
2.923300e+04 3.647861e-02
2.923400e+04 3.967407e-02
2.923500e+04 2.785039e-02
2.923600e+04 3.324534e-02
2.923700e+04 3.960053e-02
2.923800e+04 3.780040e-02
2.923900e+04 3.471362e-02
2.924000e+04 4.410944e-02
2.924100e+04 4.163876e-02
2.924200e+04 4.336708e-02
2.924300e+04 3.726509e-02
2.924400e+04 3.459292e-02
2.924500e+04 3.053645e-02
2.924600e+04 3.291183e-02
2.924700e+04 2.740505e-02
2.924800e+04 3.852238e-02
2.924900e+04 3.628155e-02
2.925000e+04 3.919215e-02
2.925100e+04 4.399681e-02
2.925200e+04 4.252545e-02
2.925300e+04 4.561570e-02
2.925400e+04 3.765327e-02
2.925500e+04 4.040091e-02
2.925600e+04 3.822664e-02
2.925700e+04 4.266752e-02
2.925800e+04 3.351800e-02
2.925900e+04 3.024063e-02
2.926000e+04 3.035878e-02
2.926100e+04 3.036623e-02
2.926200e+04 4.346578e-02
2.926300e+04 4.525695e-02
2.926400e+04 3.626394e-02
2.926500e+04 4.560325e-02
2.926600e+04 3.824800e-02
2.926700e+04 3.806949e-02
2.926800e+04 4.380264e-02
2.926900e+04 3.578282e-02
2.927000e+04 3.761894e-02
2.927100e+04 3.519727e-02
2.927200e+04 2.675582e-02
2.927300e+04 3.760722e-02
2.927400e+04 3.790661e-02
2.927500e+04 4.265255e-02
2.927600e+04 3.743984e-02
2.927700e+04 3.311512e-02
2.927800e+04 2.489213e-02
2.927900e+04 3.388956e-02
2.928000e+04 3.375305e-02
2.928100e+04 3.934389e-02
2.928200e+04 4.129299e-02
2.928300e+04 3.407452e-02
2.928400e+04 3.366154e-02
2.928500e+04 3.526407e-02
2.928600e+04 3.765681e-02
2.928700e+04 4.187943e-02
2.928800e+04 3.625618e-02
2.928900e+04 3.703903e-02
2.929000e+04 3.884564e-02
2.929100e+04 2.438465e-02
2.929200e+04 2.424094e-02
2.929300e+04 3.154706e-02
2.929400e+04 3.432643e-02
2.929500e+04 2.904767e-02
2.929600e+04 2.575813e-02
2.929700e+04 3.693606e-02
2.929800e+04 2.967577e-02
2.929900e+04 3.401657e-02
2.930000e+04 3.647102e-02
2.930100e+04 3.633779e-02
2.930200e+04 3.948163e-02
2.930300e+04 3.589876e-02
2.930400e+04 4.486936e-02
2.930500e+04 4.372687e-02
2.930600e+04 3.617328e-02
2.930700e+04 4.463315e-02
2.930800e+04 3.694994e-02
2.930900e+04 3.423152e-02
2.931000e+04 3.542501e-02
2.931100e+04 4.150938e-02
2.931200e+04 4.504927e-02
2.931300e+04 4.825499e-02
2.931400e+04 4.516502e-02
2.931500e+04 3.479685e-02
2.931600e+04 4.040334e-02
2.931700e+04 4.493668e-02
2.931800e+04 4.078424e-02
2.931900e+04 3.074415e-02
2.932000e+04 3.501534e-02
2.932100e+04 3.409271e-02
2.932200e+04 4.036953e-02
2.932300e+04 3.680876e-02
2.932400e+04 3.366642e-02
2.932500e+04 3.944384e-02
2.932600e+04 4.823980e-02
2.932700e+04 4.656759e-02
2.932800e+04 4.170167e-02
2.932900e+04 3.957746e-02
2.933000e+04 4.319951e-02
2.933100e+04 4.650841e-02
2.933200e+04 3.881736e-02
2.933300e+04 3.724525e-02
2.933400e+04 3.919401e-02
2.933500e+04 3.350075e-02
2.933600e+04 3.651207e-02
2.933700e+04 3.485316e-02
2.933800e+04 4.151232e-02
2.933900e+04 4.156359e-02
2.934000e+04 3.629980e-02
2.934100e+04 3.648195e-02
2.934200e+04 3.004861e-02
2.934300e+04 3.383648e-02
2.934400e+04 4.563101e-02
2.934500e+04 3.993051e-02
2.934600e+04 3.212866e-02
2.934700e+04 4.322572e-02
2.934800e+04 4.177254e-02
2.934900e+04 4.139980e-02
2.935000e+04 3.707492e-02
2.935100e+04 4.497730e-02
2.935200e+04 3.394196e-02
2.935300e+04 3.437410e-02
2.935400e+04 4.214374e-02
2.935500e+04 3.997829e-02
2.935600e+04 3.515352e-02
2.935700e+04 3.708809e-02
2.935800e+04 3.746036e-02
2.935900e+04 4.299419e-02
2.936000e+04 3.831382e-02
2.936100e+04 3.520020e-02
2.936200e+04 4.005374e-02
2.936300e+04 4.641212e-02
2.936400e+04 3.401608e-02
2.936500e+04 3.960132e-02
2.936600e+04 3.243896e-02
2.936700e+04 3.210439e-02
2.936800e+04 4.556994e-02
2.936900e+04 4.205487e-02
2.937000e+04 3.359320e-02
2.937100e+04 4.239362e-02
2.937200e+04 3.261383e-02
2.937300e+04 3.285291e-02
2.937400e+04 4.223164e-02
2.937500e+04 3.775244e-02
2.937600e+04 3.760151e-02
2.937700e+04 4.079168e-02
2.937800e+04 4.509259e-02
2.937900e+04 3.402065e-02
2.938000e+04 3.513269e-02
2.938100e+04 3.268934e-02
2.938200e+04 4.174677e-02
2.938300e+04 3.344355e-02
2.938400e+04 4.125353e-02
2.938500e+04 4.453974e-02
2.938600e+04 4.092422e-02
2.938700e+04 3.856362e-02
2.938800e+04 3.278703e-02
2.938900e+04 3.201089e-02
2.939000e+04 4.326026e-02
2.939100e+04 3.947606e-02
2.939200e+04 4.189480e-02
2.939300e+04 3.848279e-02
2.939400e+04 3.975488e-02
2.939500e+04 4.426645e-02
2.939600e+04 3.988921e-02
2.939700e+04 4.083520e-02
2.939800e+04 3.437935e-02
2.939900e+04 3.463205e-02
2.940000e+04 3.672056e-02
2.940100e+04 3.225588e-02
2.940200e+04 3.310513e-02
2.940300e+04 3.559273e-02
2.940400e+04 3.417070e-02
2.940500e+04 3.054000e-02
2.940600e+04 3.885584e-02
2.940700e+04 3.084173e-02
2.940800e+04 3.423789e-02
2.940900e+04 3.891796e-02
2.941000e+04 4.327599e-02
2.941100e+04 3.587136e-02
2.941200e+04 4.190811e-02
2.941300e+04 3.579692e-02
2.941400e+04 2.669084e-02
2.941500e+04 3.755713e-02
2.941600e+04 3.108812e-02
2.941700e+04 3.544850e-02
2.941800e+04 2.957775e-02
2.941900e+04 3.419818e-02
2.942000e+04 3.825426e-02
2.942100e+04 2.853544e-02
2.942200e+04 3.352483e-02
2.942300e+04 4.380014e-02
2.942400e+04 3.830177e-02
2.942500e+04 4.005508e-02
2.942600e+04 3.726745e-02
2.942700e+04 3.387625e-02
2.942800e+04 3.337634e-02
2.942900e+04 4.241246e-02
2.943000e+04 4.721765e-02
2.943100e+04 4.020465e-02
2.943200e+04 3.872992e-02
2.943300e+04 3.744016e-02
2.943400e+04 3.826297e-02
2.943500e+04 2.867444e-02
2.943600e+04 3.550084e-02
2.943700e+04 3.797058e-02
2.943800e+04 3.815885e-02
2.943900e+04 3.267310e-02
2.944000e+04 3.571646e-02
2.944100e+04 3.197307e-02
2.944200e+04 3.646707e-02
2.944300e+04 3.154937e-02
2.944400e+04 3.787575e-02
2.944500e+04 2.892772e-02
2.944600e+04 3.500790e-02
2.944700e+04 2.779180e-02
2.944800e+04 3.300815e-02
2.944900e+04 3.630493e-02
2.945000e+04 3.236537e-02
2.945100e+04 4.075510e-02
2.945200e+04 3.266826e-02
2.945300e+04 3.344708e-02
2.945400e+04 4.112396e-02
2.945500e+04 4.661651e-02
2.945600e+04 4.010237e-02
2.945700e+04 3.525543e-02
2.945800e+04 3.397264e-02
2.945900e+04 4.085479e-02
2.946000e+04 4.141749e-02
2.946100e+04 3.981755e-02
2.946200e+04 4.194485e-02
2.946300e+04 4.107349e-02
2.946400e+04 3.704646e-02
2.946500e+04 3.938554e-02
2.946600e+04 2.511664e-02
2.946700e+04 2.539425e-02
2.946800e+04 3.054508e-02
2.946900e+04 3.418542e-02
2.947000e+04 3.525336e-02
2.947100e+04 2.673103e-02
2.947200e+04 2.670346e-02
2.947300e+04 3.449026e-02
2.947400e+04 3.546007e-02
2.947500e+04 3.711848e-02
2.947600e+04 3.071836e-02
2.947700e+04 3.473393e-02
2.947800e+04 4.033995e-02
2.947900e+04 3.665523e-02
2.948000e+04 3.236393e-02
2.948100e+04 4.165869e-02
2.948200e+04 3.537099e-02
2.948300e+04 3.738677e-02
2.948400e+04 2.800304e-02
2.948500e+04 3.222952e-02
2.948600e+04 2.600651e-02
2.948700e+04 3.403949e-02
2.948800e+04 3.039778e-02
2.948900e+04 2.782426e-02
2.949000e+04 2.538632e-02
2.949100e+04 3.832815e-02
2.949200e+04 3.164267e-02
2.949300e+04 3.884254e-02
2.949400e+04 4.089106e-02
2.949500e+04 4.171132e-02
2.949600e+04 3.819765e-02
2.949700e+04 3.073945e-02
2.949800e+04 4.302558e-02
2.949900e+04 4.047435e-02
2.950000e+04 4.396049e-02
2.950100e+04 3.694777e-02
2.950200e+04 4.019944e-02
2.950300e+04 4.372129e-02
2.950400e+04 4.148424e-02
2.950500e+04 3.701210e-02
2.950600e+04 4.110122e-02
2.950700e+04 3.086837e-02
2.950800e+04 4.570688e-02
2.950900e+04 3.477245e-02
2.951000e+04 2.952442e-02
2.951100e+04 3.558313e-02
2.951200e+04 4.087241e-02
2.951300e+04 3.501125e-02
2.951400e+04 4.537870e-02
2.951500e+04 4.805581e-02
2.951600e+04 4.061505e-02
2.951700e+04 4.011444e-02
2.951800e+04 3.534283e-02
2.951900e+04 3.962373e-02
2.952000e+04 3.418823e-02
2.952100e+04 2.938368e-02
2.952200e+04 3.703727e-02
2.952300e+04 4.388676e-02
2.952400e+04 3.764376e-02
2.952500e+04 3.650889e-02
2.952600e+04 3.577750e-02
2.952700e+04 3.987334e-02
2.952800e+04 4.094145e-02
2.952900e+04 3.837950e-02
2.953000e+04 3.720816e-02
2.953100e+04 3.479538e-02
2.953200e+04 3.674795e-02
2.953300e+04 4.147496e-02
2.953400e+04 3.660257e-02
2.953500e+04 3.193349e-02
2.953600e+04 2.977650e-02
2.953700e+04 4.039231e-02
2.953800e+04 3.219060e-02
2.953900e+04 3.713816e-02
2.954000e+04 4.113308e-02
2.954100e+04 3.384639e-02
2.954200e+04 3.679588e-02
2.954300e+04 3.928352e-02
2.954400e+04 3.281106e-02
2.954500e+04 4.033184e-02
2.954600e+04 3.876609e-02
2.954700e+04 3.002428e-02
2.954800e+04 3.538350e-02
2.954900e+04 3.114482e-02
2.955000e+04 3.597407e-02
2.955100e+04 4.167689e-02
2.955200e+04 3.685684e-02
2.955300e+04 3.889237e-02
2.955400e+04 3.607338e-02
2.955500e+04 3.137244e-02
2.955600e+04 2.889728e-02
2.955700e+04 3.864369e-02
2.955800e+04 3.726429e-02
2.955900e+04 3.265889e-02
2.956000e+04 3.185352e-02
2.956100e+04 3.118196e-02
2.956200e+04 3.756323e-02
2.956300e+04 3.576687e-02
2.956400e+04 2.741271e-02
2.956500e+04 4.190356e-02
2.956600e+04 3.687259e-02
2.956700e+04 3.586133e-02
2.956800e+04 3.985732e-02
2.956900e+04 3.528438e-02
2.957000e+04 4.058778e-02
2.957100e+04 4.347526e-02
2.957200e+04 3.384355e-02
2.957300e+04 3.650823e-02
2.957400e+04 4.420679e-02
2.957500e+04 4.092862e-02
2.957600e+04 4.098614e-02
2.957700e+04 4.320096e-02
2.957800e+04 3.272639e-02
2.957900e+04 4.381951e-02
2.958000e+04 4.483455e-02
2.958100e+04 4.183322e-02
2.958200e+04 4.224498e-02
2.958300e+04 3.804276e-02
2.958400e+04 2.789382e-02
2.958500e+04 3.287704e-02
2.958600e+04 3.483765e-02
2.958700e+04 3.610525e-02
2.958800e+04 3.888781e-02
2.958900e+04 3.598676e-02
2.959000e+04 3.758160e-02
2.959100e+04 3.975647e-02
2.959200e+04 3.816952e-02
2.959300e+04 4.208521e-02
2.959400e+04 3.358611e-02
2.959500e+04 3.253300e-02
2.959600e+04 3.881706e-02
2.959700e+04 4.035036e-02
2.959800e+04 3.100994e-02
2.959900e+04 3.713958e-02
2.960000e+04 3.873527e-02
2.960100e+04 3.973989e-02
2.960200e+04 2.955408e-02
2.960300e+04 3.581849e-02
2.960400e+04 3.333411e-02
2.960500e+04 3.801877e-02
2.960600e+04 4.000732e-02
2.960700e+04 4.188006e-02
2.960800e+04 3.588914e-02
2.960900e+04 3.218057e-02
2.961000e+04 4.003264e-02
2.961100e+04 2.966929e-02
2.961200e+04 2.866420e-02
2.961300e+04 3.460929e-02
2.961400e+04 3.998858e-02
2.961500e+04 3.564312e-02
2.961600e+04 3.327877e-02
2.961700e+04 3.710966e-02
2.961800e+04 4.008772e-02
2.961900e+04 3.600806e-02
2.962000e+04 3.725210e-02
2.962100e+04 3.949975e-02
2.962200e+04 3.670744e-02
2.962300e+04 3.214419e-02
2.962400e+04 3.764238e-02
2.962500e+04 2.953152e-02
2.962600e+04 2.937212e-02
2.962700e+04 3.954585e-02
2.962800e+04 2.973799e-02
2.962900e+04 3.999531e-02
2.963000e+04 4.460193e-02
2.963100e+04 3.893835e-02
2.963200e+04 3.296410e-02
2.963300e+04 3.371847e-02
2.963400e+04 3.268010e-02
2.963500e+04 3.245031e-02
2.963600e+04 3.694422e-02
2.963700e+04 3.303202e-02
2.963800e+04 2.987577e-02
2.963900e+04 2.358083e-02
2.964000e+04 3.370627e-02
2.964100e+04 4.295445e-02
2.964200e+04 3.986012e-02
2.964300e+04 3.830472e-02
2.964400e+04 3.568281e-02
2.964500e+04 4.495029e-02
2.964600e+04 4.116780e-02
2.964700e+04 3.912774e-02
2.964800e+04 3.675816e-02
2.964900e+04 2.960307e-02
2.965000e+04 3.896461e-02
2.965100e+04 4.685173e-02
2.965200e+04 3.809674e-02
2.965300e+04 4.174999e-02
2.965400e+04 3.332180e-02
2.965500e+04 3.644200e-02
2.965600e+04 4.031967e-02
2.965700e+04 3.937732e-02
2.965800e+04 4.231902e-02
2.965900e+04 3.050384e-02
2.966000e+04 3.474057e-02
2.966100e+04 3.337634e-02
2.966200e+04 3.491661e-02
2.966300e+04 2.916368e-02
2.966400e+04 2.417744e-02
2.966500e+04 2.873026e-02
2.966600e+04 3.077312e-02
2.966700e+04 3.808528e-02
2.966800e+04 3.261887e-02
2.966900e+04 3.916269e-02
2.967000e+04 4.000748e-02
2.967100e+04 2.984934e-02
2.967200e+04 3.672928e-02
2.967300e+04 3.956924e-02
2.967400e+04 3.708008e-02
2.967500e+04 3.592537e-02
2.967600e+04 3.557756e-02
2.967700e+04 4.316027e-02
2.967800e+04 3.971869e-02
2.967900e+04 3.958475e-02
2.968000e+04 3.847963e-02
2.968100e+04 4.037851e-02
2.968200e+04 2.771796e-02
2.968300e+04 3.282435e-02
2.968400e+04 3.005354e-02
2.968500e+04 3.257349e-02
2.968600e+04 2.807888e-02
2.968700e+04 2.893179e-02
2.968800e+04 2.453952e-02
2.968900e+04 3.534772e-02
2.969000e+04 3.438336e-02
2.969100e+04 3.485045e-02
2.969200e+04 3.213910e-02
2.969300e+04 3.645006e-02
2.969400e+04 3.726693e-02
2.969500e+04 3.624421e-02
2.969600e+04 3.302350e-02
2.969700e+04 3.935034e-02
2.969800e+04 3.356043e-02
2.969900e+04 3.834976e-02
2.970000e+04 3.222594e-02
2.970100e+04 4.160338e-02
2.970200e+04 3.665467e-02
2.970300e+04 3.703812e-02
2.970400e+04 3.182410e-02
2.970500e+04 3.573486e-02
2.970600e+04 3.107561e-02
2.970700e+04 3.887206e-02
2.970800e+04 3.922989e-02
2.970900e+04 3.779976e-02
2.971000e+04 3.783571e-02
2.971100e+04 3.651177e-02
2.971200e+04 3.550881e-02
2.971300e+04 4.019205e-02
2.971400e+04 3.772006e-02
2.971500e+04 3.184910e-02
2.971600e+04 3.647959e-02
2.971700e+04 3.497807e-02
2.971800e+04 3.522306e-02
2.971900e+04 2.825935e-02
2.972000e+04 2.976972e-02
2.972100e+04 2.803405e-02
2.972200e+04 3.276809e-02
2.972300e+04 3.609740e-02
2.972400e+04 3.381613e-02
2.972500e+04 3.510593e-02
2.972600e+04 3.590444e-02
2.972700e+04 3.523135e-02
2.972800e+04 3.364926e-02
2.972900e+04 3.995685e-02
2.973000e+04 3.756115e-02
2.973100e+04 3.045577e-02
2.973200e+04 3.274471e-02
2.973300e+04 4.526243e-02
2.973400e+04 3.125865e-02
2.973500e+04 3.472769e-02
2.973600e+04 4.295337e-02
2.973700e+04 4.536279e-02
2.973800e+04 3.851624e-02
2.973900e+04 4.321843e-02
2.974000e+04 3.772851e-02
2.974100e+04 3.683279e-02
2.974200e+04 3.549242e-02
2.974300e+04 3.644394e-02
2.974400e+04 3.744908e-02
2.974500e+04 4.022930e-02
2.974600e+04 3.350061e-02
2.974700e+04 3.474514e-02
2.974800e+04 3.897674e-02
2.974900e+04 3.989684e-02
2.975000e+04 2.797291e-02
2.975100e+04 2.578263e-02
2.975200e+04 3.524233e-02
2.975300e+04 3.932537e-02
2.975400e+04 3.955491e-02
2.975500e+04 3.873012e-02
2.975600e+04 3.811501e-02
2.975700e+04 3.739669e-02
2.975800e+04 4.425648e-02
2.975900e+04 3.963781e-02
2.976000e+04 3.670107e-02
2.976100e+04 4.125589e-02
2.976200e+04 4.036709e-02
2.976300e+04 2.818740e-02
2.976400e+04 3.472369e-02
2.976500e+04 3.569729e-02
2.976600e+04 3.855056e-02
2.976700e+04 3.878810e-02
2.976800e+04 4.103585e-02
2.976900e+04 3.179604e-02
2.977000e+04 4.132320e-02
2.977100e+04 3.035269e-02
2.977200e+04 4.302916e-02
2.977300e+04 4.481037e-02
2.977400e+04 4.183001e-02
2.977500e+04 4.382419e-02
2.977600e+04 4.133576e-02
2.977700e+04 3.667314e-02
2.977800e+04 3.671309e-02
2.977900e+04 4.031097e-02
2.978000e+04 3.884585e-02
2.978100e+04 3.144893e-02
2.978200e+04 3.693914e-02
2.978300e+04 3.065030e-02
2.978400e+04 3.993261e-02
2.978500e+04 4.254926e-02
2.978600e+04 3.589116e-02
2.978700e+04 2.853929e-02
2.978800e+04 3.546834e-02
2.978900e+04 2.991549e-02
2.979000e+04 3.171020e-02
2.979100e+04 3.745838e-02
2.979200e+04 4.049107e-02
2.979300e+04 3.848162e-02
2.979400e+04 3.364501e-02
2.979500e+04 3.299649e-02
2.979600e+04 4.120628e-02
2.979700e+04 3.660371e-02
2.979800e+04 3.546629e-02
2.979900e+04 3.496432e-02
2.980000e+04 2.852095e-02
2.980100e+04 4.016593e-02
2.980200e+04 4.389727e-02
2.980300e+04 3.200346e-02
2.980400e+04 3.399634e-02
2.980500e+04 4.119639e-02
2.980600e+04 4.435507e-02
2.980700e+04 4.235877e-02
2.980800e+04 4.118974e-02
2.980900e+04 4.269606e-02
2.981000e+04 4.005930e-02
2.981100e+04 2.540214e-02
2.981200e+04 2.862218e-02
2.981300e+04 3.308116e-02
2.981400e+04 3.862315e-02
2.981500e+04 3.762485e-02
2.981600e+04 3.747883e-02
2.981700e+04 3.277284e-02
2.981800e+04 3.723211e-02
2.981900e+04 3.717783e-02
2.982000e+04 2.965209e-02
2.982100e+04 3.495040e-02
2.982200e+04 4.012674e-02
2.982300e+04 3.973350e-02
2.982400e+04 4.296183e-02
2.982500e+04 3.042900e-02
2.982600e+04 2.929158e-02
2.982700e+04 3.123286e-02
2.982800e+04 3.890083e-02
2.982900e+04 4.386369e-02
2.983000e+04 3.893251e-02
2.983100e+04 3.003153e-02
2.983200e+04 3.176769e-02
2.983300e+04 4.106923e-02
2.983400e+04 4.045665e-02
2.983500e+04 3.150066e-02
2.983600e+04 2.545570e-02
2.983700e+04 3.289209e-02
2.983800e+04 3.254405e-02
2.983900e+04 3.858257e-02
2.984000e+04 3.423185e-02
2.984100e+04 3.826283e-02
2.984200e+04 3.997486e-02
2.984300e+04 3.357589e-02
2.984400e+04 3.520998e-02
2.984500e+04 3.211535e-02
2.984600e+04 3.577895e-02
2.984700e+04 4.472085e-02
2.984800e+04 3.096334e-02
2.984900e+04 4.293872e-02
2.985000e+04 4.347902e-02
2.985100e+04 3.643208e-02
2.985200e+04 3.690206e-02
2.985300e+04 3.203768e-02
2.985400e+04 2.756368e-02
2.985500e+04 3.986480e-02
2.985600e+04 3.332377e-02
2.985700e+04 4.205107e-02
2.985800e+04 4.232111e-02
2.985900e+04 4.097401e-02
2.986000e+04 3.504190e-02
2.986100e+04 3.949783e-02
2.986200e+04 3.618786e-02
2.986300e+04 3.015560e-02
2.986400e+04 3.593173e-02
2.986500e+04 3.367159e-02
2.986600e+04 2.881096e-02
2.986700e+04 2.933065e-02
2.986800e+04 3.304809e-02
2.986900e+04 3.619819e-02
2.987000e+04 4.169642e-02
2.987100e+04 3.708575e-02
2.987200e+04 3.599572e-02
2.987300e+04 3.353454e-02
2.987400e+04 2.369008e-02
2.987500e+04 2.661326e-02
2.987600e+04 3.099005e-02
2.987700e+04 3.525198e-02
2.987800e+04 3.734235e-02
2.987900e+04 2.719042e-02
2.988000e+04 3.331637e-02
2.988100e+04 3.666345e-02
2.988200e+04 3.885490e-02
2.988300e+04 3.213176e-02
2.988400e+04 3.076897e-02
2.988500e+04 3.632682e-02
2.988600e+04 3.445479e-02
2.988700e+04 2.492879e-02
2.988800e+04 2.673129e-02
2.988900e+04 3.117397e-02
2.989000e+04 3.323727e-02
2.989100e+04 2.823257e-02
2.989200e+04 2.355811e-02
2.989300e+04 2.968921e-02
2.989400e+04 3.471224e-02
2.989500e+04 3.000210e-02
2.989600e+04 2.832867e-02
2.989700e+04 3.356811e-02
2.989800e+04 3.407494e-02
2.989900e+04 3.455026e-02
2.990000e+04 3.964240e-02
2.990100e+04 3.256580e-02
2.990200e+04 3.874793e-02
2.990300e+04 3.358676e-02
2.990400e+04 3.651288e-02
2.990500e+04 3.381590e-02
2.990600e+04 3.291958e-02
2.990700e+04 3.327031e-02
2.990800e+04 3.759903e-02
2.990900e+04 2.702852e-02
2.991000e+04 3.329237e-02
2.991100e+04 3.035303e-02
2.991200e+04 3.337113e-02
2.991300e+04 3.949461e-02
2.991400e+04 4.459580e-02
2.991500e+04 3.855475e-02
2.991600e+04 3.105201e-02
2.991700e+04 3.870996e-02
2.991800e+04 2.977935e-02
2.991900e+04 3.422150e-02
2.992000e+04 3.535474e-02
2.992100e+04 3.598073e-02
2.992200e+04 3.724403e-02
2.992300e+04 3.228909e-02
2.992400e+04 4.012589e-02
2.992500e+04 4.101253e-02
2.992600e+04 3.481500e-02
2.992700e+04 4.044789e-02
2.992800e+04 3.351629e-02
2.992900e+04 3.509245e-02
2.993000e+04 3.612175e-02
2.993100e+04 3.505367e-02
2.993200e+04 3.200304e-02
2.993300e+04 3.448090e-02
2.993400e+04 4.104824e-02
2.993500e+04 3.542871e-02
2.993600e+04 3.137270e-02
2.993700e+04 3.698321e-02
2.993800e+04 4.377012e-02
2.993900e+04 4.189848e-02
2.994000e+04 4.103195e-02
2.994100e+04 3.770233e-02
2.994200e+04 4.113538e-02
2.994300e+04 3.150402e-02
2.994400e+04 3.838389e-02
2.994500e+04 3.392280e-02
2.994600e+04 3.934450e-02
2.994700e+04 4.376124e-02
2.994800e+04 3.690976e-02
2.994900e+04 3.897170e-02
2.995000e+04 3.776870e-02
2.995100e+04 3.133583e-02
2.995200e+04 3.356338e-02
2.995300e+04 3.567562e-02
2.995400e+04 3.500590e-02
2.995500e+04 4.023269e-02
2.995600e+04 4.256192e-02
2.995700e+04 3.063541e-02
2.995800e+04 3.308155e-02
2.995900e+04 4.394729e-02
2.996000e+04 3.681174e-02
2.996100e+04 3.701225e-02
2.996200e+04 3.001860e-02
2.996300e+04 3.412867e-02
2.996400e+04 3.339274e-02
2.996500e+04 4.114756e-02
2.996600e+04 3.766771e-02
2.996700e+04 2.727483e-02
2.996800e+04 3.510899e-02
2.996900e+04 3.066933e-02
2.997000e+04 3.687813e-02
2.997100e+04 4.233821e-02
2.997200e+04 4.000264e-02
2.997300e+04 3.618131e-02
2.997400e+04 4.168744e-02
2.997500e+04 3.685753e-02
2.997600e+04 3.231800e-02
2.997700e+04 3.331565e-02
2.997800e+04 3.230348e-02
2.997900e+04 4.144506e-02
2.998000e+04 3.472912e-02
2.998100e+04 4.236372e-02
2.998200e+04 3.947192e-02
2.998300e+04 3.818013e-02
2.998400e+04 2.819589e-02
2.998500e+04 3.013664e-02
2.998600e+04 3.753834e-02
2.998700e+04 3.396303e-02
2.998800e+04 3.468162e-02
2.998900e+04 3.284724e-02
2.999000e+04 3.239035e-02
2.999100e+04 3.152882e-02
2.999200e+04 3.794997e-02
2.999300e+04 3.775846e-02
2.999400e+04 3.967537e-02
2.999500e+04 3.550516e-02
2.999600e+04 4.201275e-02
2.999700e+04 4.132469e-02
2.999800e+04 3.614597e-02
2.999900e+04 3.494627e-02
3.000000e+04 3.510440e-02
