# LHS 1140 SED at the LHS 1140b orbit, proxy GJ1132
# Built by make_sed.py from Mega-MUSCLES v23 const-res-sed
# (the release the paper used; local copy, withdrawn from MAST)
# A = 0.5900 (catalog X-ray flux ratio; authors' released script),
# d = 14.96 pc, a = 0.0946 AU, (d/a)^2 = 1.063974e+15,
# negative input fluxes clipped: 978
# repeated wavelengths merged: 4
# col 1: bin center wavelength [A] (increasing)
# col 2: flux at the planet [erg cm^-2 s^-1 A^-1]
# flux column scaled by 0.05 relative to lhs1140_sed_gj1132_at_b.txt (XUV grid,
# L14 continuation step between 0.10 and 0.01; docs/lhs1140b_stationary_L14_20260914.md)
9.000000e+00 3.228609e-03
1.000000e+01 4.035953e-03
1.100000e+01 5.790365e-03
1.200000e+01 6.546430e-03
1.300000e+01 6.326800e-03
1.400000e+01 6.212435e-03
1.500000e+01 6.223160e-03
1.600000e+01 6.357280e-03
1.700000e+01 6.229010e-03
1.800000e+01 8.561430e-03
1.900000e+01 5.282335e-03
2.000000e+01 3.583155e-03
2.100000e+01 3.253553e-03
2.200000e+01 2.225292e-03
2.300000e+01 1.669484e-03
2.400000e+01 2.210480e-03
2.500000e+01 3.689241e-03
2.600000e+01 3.689241e-03
2.700000e+01 3.129183e-03
2.800000e+01 2.350775e-03
2.900000e+01 2.350775e-03
3.000000e+01 2.350775e-03
3.100000e+01 2.486191e-03
3.200000e+01 2.608103e-03
3.300000e+01 2.608103e-03
3.400000e+01 3.585143e-03
3.500000e+01 3.497727e-03
3.600000e+01 2.145695e-03
3.700000e+01 2.145695e-03
3.800000e+01 5.859815e-03
3.900000e+01 9.333705e-03
4.000000e+01 9.333705e-03
4.100000e+01 1.693295e-02
4.200000e+01 1.696134e-02
4.300000e+01 1.046637e-02
4.400000e+01 9.260580e-03
4.500000e+01 9.260580e-03
4.600000e+01 7.536430e-03
4.700000e+01 6.464130e-03
4.800000e+01 3.583633e-03
4.900000e+01 5.216705e-03
5.000000e+01 3.777899e-03
5.100000e+01 6.818080e-03
5.200000e+01 2.960516e-03
5.300000e+01 6.036010e-03
5.400000e+01 5.134440e-03
5.500000e+01 1.378967e-02
5.600000e+01 2.748845e-03
5.700000e+01 5.041765e-03
5.800000e+01 4.122464e-03
5.900000e+01 3.607666e-03
6.000000e+01 3.505404e-03
6.100000e+01 1.297721e-02
6.200000e+01 5.234905e-03
6.300000e+01 6.828315e-03
6.400000e+01 6.434150e-03
6.500000e+01 5.310520e-03
6.600000e+01 3.767726e-03
6.700000e+01 4.486597e-03
6.800000e+01 4.852956e-03
6.900000e+01 4.266311e-03
7.000000e+01 7.151130e-03
7.100000e+01 2.897830e-03
7.200000e+01 6.078305e-03
7.300000e+01 3.753042e-03
7.400000e+01 1.894918e-03
7.500000e+01 6.214970e-03
7.600000e+01 4.963955e-03
7.700000e+01 4.992161e-03
7.800000e+01 6.325175e-03
7.900000e+01 2.669139e-03
8.000000e+01 3.302715e-03
8.100000e+01 2.772758e-03
8.200000e+01 5.032990e-03
8.300000e+01 6.145015e-03
8.400000e+01 6.185285e-03
8.500000e+01 5.154840e-03
8.600000e+01 2.994462e-03
8.700000e+01 3.988966e-03
8.800000e+01 5.398415e-03
8.900000e+01 3.213241e-03
9.000000e+01 5.124965e-03
9.100000e+01 3.973250e-03
9.200000e+01 1.973669e-03
9.300000e+01 1.736875e-03
9.400000e+01 5.981780e-03
9.500000e+01 2.620226e-03
9.600000e+01 5.959975e-03
9.700000e+01 6.622515e-03
9.800000e+01 7.330965e-03
9.900000e+01 3.207171e-03
1.000000e+02 2.341512e-03
1.010000e+02 3.099611e-03
1.020000e+02 3.710254e-03
1.030000e+02 4.268649e-03
1.040000e+02 8.905730e-03
1.050000e+02 4.084864e-03
1.060000e+02 2.687607e-03
1.070000e+02 2.261628e-03
1.080000e+02 2.242582e-03
1.090000e+02 1.677071e-03
1.100000e+02 1.270289e-03
1.110000e+02 1.703377e-03
1.120000e+02 1.918965e-03
1.130000e+02 1.703885e-03
1.140000e+02 1.718938e-03
1.150000e+02 2.950072e-03
1.160000e+02 3.427203e-03
1.170000e+02 2.903579e-03
1.180000e+02 2.495898e-03
1.190000e+02 2.307336e-03
1.200000e+02 1.773337e-03
1.210000e+02 1.773337e-03
1.220000e+02 1.773337e-03
1.230000e+02 1.773337e-03
1.240000e+02 1.773337e-03
1.250000e+02 1.773337e-03
1.260000e+02 1.773337e-03
1.270000e+02 1.773337e-03
1.280000e+02 1.773337e-03
1.290000e+02 1.773337e-03
1.300000e+02 1.773337e-03
1.310000e+02 1.773337e-03
1.320000e+02 1.773337e-03
1.330000e+02 1.773337e-03
1.340000e+02 1.773337e-03
1.350000e+02 1.773337e-03
1.360000e+02 1.773337e-03
1.370000e+02 1.773337e-03
1.380000e+02 1.773337e-03
1.390000e+02 1.773337e-03
1.400000e+02 1.773337e-03
1.410000e+02 1.773337e-03
1.420000e+02 1.773337e-03
1.430000e+02 1.773337e-03
1.440000e+02 1.773337e-03
1.450000e+02 1.773337e-03
1.460000e+02 1.773337e-03
1.470000e+02 1.773337e-03
1.480000e+02 1.773337e-03
1.490000e+02 1.773337e-03
1.500000e+02 1.773337e-03
1.510000e+02 1.773337e-03
1.520000e+02 1.773337e-03
1.530000e+02 1.773337e-03
1.540000e+02 1.773337e-03
1.550000e+02 1.773337e-03
1.560000e+02 1.773337e-03
1.570000e+02 1.773337e-03
1.580000e+02 1.773337e-03
1.590000e+02 1.773337e-03
1.600000e+02 1.773337e-03
1.610000e+02 1.773337e-03
1.620000e+02 1.773337e-03
1.630000e+02 1.773337e-03
1.640000e+02 1.773337e-03
1.650000e+02 1.773337e-03
1.660000e+02 1.773337e-03
1.670000e+02 1.773337e-03
1.680000e+02 1.773337e-03
1.690000e+02 1.773337e-03
1.700000e+02 1.773337e-03
1.710000e+02 1.773337e-03
1.720000e+02 1.773337e-03
1.730000e+02 1.773337e-03
1.740000e+02 1.773337e-03
1.750000e+02 1.773337e-03
1.760000e+02 1.773337e-03
1.770000e+02 1.773337e-03
1.780000e+02 1.773337e-03
1.790000e+02 1.773337e-03
1.800000e+02 1.773337e-03
1.810000e+02 1.773337e-03
1.820000e+02 1.773337e-03
1.830000e+02 1.773337e-03
1.840000e+02 1.773337e-03
1.850000e+02 1.773337e-03
1.860000e+02 1.773337e-03
1.870000e+02 1.773337e-03
1.880000e+02 1.773337e-03
1.890000e+02 1.773337e-03
1.900000e+02 1.773337e-03
1.910000e+02 1.773337e-03
1.920000e+02 1.773337e-03
1.930000e+02 1.773337e-03
1.940000e+02 1.773337e-03
1.950000e+02 1.773337e-03
1.960000e+02 1.773337e-03
1.970000e+02 1.773337e-03
1.980000e+02 1.773337e-03
1.990000e+02 1.773337e-03
2.000000e+02 1.664277e-03
2.010000e+02 1.555218e-03
2.020000e+02 1.555218e-03
2.030000e+02 1.555218e-03
2.040000e+02 1.555218e-03
2.050000e+02 1.555218e-03
2.060000e+02 1.555218e-03
2.070000e+02 1.555218e-03
2.080000e+02 1.555218e-03
2.090000e+02 1.555218e-03
2.100000e+02 1.555218e-03
2.110000e+02 1.555218e-03
2.120000e+02 1.555218e-03
2.130000e+02 1.555218e-03
2.140000e+02 1.555218e-03
2.150000e+02 1.555218e-03
2.160000e+02 1.555218e-03
2.170000e+02 1.555218e-03
2.180000e+02 1.555218e-03
2.190000e+02 1.555218e-03
2.200000e+02 1.555218e-03
2.210000e+02 1.555218e-03
2.220000e+02 1.555218e-03
2.230000e+02 1.555218e-03
2.240000e+02 1.555218e-03
2.250000e+02 1.555218e-03
2.260000e+02 1.555218e-03
2.270000e+02 1.555218e-03
2.280000e+02 1.555218e-03
2.290000e+02 1.555218e-03
2.300000e+02 1.555218e-03
2.310000e+02 1.555218e-03
2.320000e+02 1.555218e-03
2.330000e+02 1.555218e-03
2.340000e+02 1.555218e-03
2.350000e+02 1.555218e-03
2.360000e+02 1.555218e-03
2.370000e+02 1.555218e-03
2.380000e+02 1.555218e-03
2.390000e+02 1.555218e-03
2.400000e+02 1.555218e-03
2.410000e+02 1.555218e-03
2.420000e+02 1.555218e-03
2.430000e+02 1.555218e-03
2.440000e+02 1.555218e-03
2.450000e+02 1.555218e-03
2.460000e+02 1.555218e-03
2.470000e+02 1.555218e-03
2.480000e+02 1.555218e-03
2.490000e+02 1.555218e-03
2.500000e+02 1.555218e-03
2.510000e+02 1.555218e-03
2.520000e+02 1.555218e-03
2.530000e+02 1.555218e-03
2.540000e+02 1.555218e-03
2.550000e+02 1.555218e-03
2.560000e+02 1.555218e-03
2.570000e+02 1.555218e-03
2.580000e+02 1.555218e-03
2.590000e+02 1.555218e-03
2.600000e+02 1.555218e-03
2.610000e+02 1.555218e-03
2.620000e+02 1.555218e-03
2.630000e+02 1.555218e-03
2.640000e+02 1.555218e-03
2.650000e+02 1.555218e-03
2.660000e+02 1.555218e-03
2.670000e+02 1.555218e-03
2.680000e+02 1.555218e-03
2.690000e+02 1.555218e-03
2.700000e+02 1.555218e-03
2.710000e+02 1.555218e-03
2.720000e+02 1.555218e-03
2.730000e+02 1.555218e-03
2.740000e+02 1.555218e-03
2.750000e+02 1.555218e-03
2.760000e+02 1.555218e-03
2.770000e+02 1.555218e-03
2.780000e+02 1.555218e-03
2.790000e+02 1.555218e-03
2.800000e+02 1.555218e-03
2.810000e+02 1.555218e-03
2.820000e+02 1.555218e-03
2.830000e+02 1.555218e-03
2.840000e+02 1.555218e-03
2.850000e+02 1.555218e-03
2.860000e+02 1.555218e-03
2.870000e+02 1.555218e-03
2.880000e+02 1.555218e-03
2.890000e+02 1.555218e-03
2.900000e+02 1.555218e-03
2.910000e+02 1.555218e-03
2.920000e+02 1.555218e-03
2.930000e+02 1.555218e-03
2.940000e+02 1.555218e-03
2.950000e+02 1.555218e-03
2.960000e+02 1.555218e-03
2.970000e+02 1.555218e-03
2.980000e+02 1.555218e-03
2.990000e+02 1.555218e-03
3.000000e+02 1.464300e-03
3.010000e+02 1.373382e-03
3.020000e+02 1.373382e-03
3.030000e+02 1.373382e-03
3.040000e+02 1.373382e-03
3.050000e+02 1.373382e-03
3.060000e+02 1.373382e-03
3.070000e+02 1.373382e-03
3.080000e+02 1.373382e-03
3.090000e+02 1.373382e-03
3.100000e+02 1.373382e-03
3.110000e+02 1.373382e-03
3.120000e+02 1.373382e-03
3.130000e+02 1.373382e-03
3.140000e+02 1.373382e-03
3.150000e+02 1.373382e-03
3.160000e+02 1.373382e-03
3.170000e+02 1.373382e-03
3.180000e+02 1.373382e-03
3.190000e+02 1.373382e-03
3.200000e+02 1.373382e-03
3.210000e+02 1.373382e-03
3.220000e+02 1.373382e-03
3.230000e+02 1.373382e-03
3.240000e+02 1.373382e-03
3.250000e+02 1.373382e-03
3.260000e+02 1.373382e-03
3.270000e+02 1.373382e-03
3.280000e+02 1.373382e-03
3.290000e+02 1.373382e-03
3.300000e+02 1.373382e-03
3.310000e+02 1.373382e-03
3.320000e+02 1.373382e-03
3.330000e+02 1.373382e-03
3.340000e+02 1.373382e-03
3.350000e+02 1.373382e-03
3.360000e+02 1.373382e-03
3.370000e+02 1.373382e-03
3.380000e+02 1.373382e-03
3.390000e+02 1.373382e-03
3.400000e+02 1.373382e-03
3.410000e+02 1.373382e-03
3.420000e+02 1.373382e-03
3.430000e+02 1.373382e-03
3.440000e+02 1.373382e-03
3.450000e+02 1.373382e-03
3.460000e+02 1.373382e-03
3.470000e+02 1.373382e-03
3.480000e+02 1.373382e-03
3.490000e+02 1.373382e-03
3.500000e+02 1.373382e-03
3.510000e+02 1.373382e-03
3.520000e+02 1.373382e-03
3.530000e+02 1.373382e-03
3.540000e+02 1.373382e-03
3.550000e+02 1.373382e-03
3.560000e+02 1.373382e-03
3.570000e+02 1.373382e-03
3.580000e+02 1.373382e-03
3.590000e+02 1.373382e-03
3.600000e+02 1.373382e-03
3.610000e+02 1.373382e-03
3.620000e+02 1.373382e-03
3.630000e+02 1.373382e-03
3.640000e+02 1.373382e-03
3.650000e+02 1.373382e-03
3.660000e+02 1.373382e-03
3.670000e+02 1.373382e-03
3.680000e+02 1.373382e-03
3.690000e+02 1.373382e-03
3.700000e+02 1.373382e-03
3.710000e+02 1.373382e-03
3.720000e+02 1.373382e-03
3.730000e+02 1.373382e-03
3.740000e+02 1.373382e-03
3.750000e+02 1.373382e-03
3.760000e+02 1.373382e-03
3.770000e+02 1.373382e-03
3.780000e+02 1.373382e-03
3.790000e+02 1.373382e-03
3.800000e+02 1.373382e-03
3.810000e+02 1.373382e-03
3.820000e+02 1.373382e-03
3.830000e+02 1.373382e-03
3.840000e+02 1.373382e-03
3.850000e+02 1.373382e-03
3.860000e+02 1.373382e-03
3.870000e+02 1.373382e-03
3.880000e+02 1.373382e-03
3.890000e+02 1.373382e-03
3.900000e+02 1.373382e-03
3.910000e+02 1.373382e-03
3.920000e+02 1.373382e-03
3.930000e+02 1.373382e-03
3.940000e+02 1.373382e-03
3.950000e+02 1.373382e-03
3.960000e+02 1.373382e-03
3.970000e+02 1.373382e-03
3.980000e+02 1.373382e-03
3.990000e+02 1.373382e-03
4.000000e+02 6.945480e-04
4.010000e+02 1.571467e-05
4.020000e+02 1.571467e-05
4.030000e+02 1.571467e-05
4.040000e+02 1.571467e-05
4.050000e+02 1.571467e-05
4.060000e+02 1.571467e-05
4.070000e+02 1.571467e-05
4.080000e+02 1.571467e-05
4.090000e+02 1.571467e-05
4.100000e+02 1.571467e-05
4.110000e+02 1.571467e-05
4.120000e+02 1.571467e-05
4.130000e+02 1.571467e-05
4.140000e+02 1.571467e-05
4.150000e+02 1.571467e-05
4.160000e+02 1.571467e-05
4.170000e+02 1.571467e-05
4.180000e+02 1.571467e-05
4.190000e+02 1.571467e-05
4.200000e+02 1.571467e-05
4.210000e+02 1.571467e-05
4.220000e+02 1.571467e-05
4.230000e+02 1.571467e-05
4.240000e+02 1.571467e-05
4.250000e+02 1.571467e-05
4.260000e+02 1.571467e-05
4.270000e+02 1.571467e-05
4.280000e+02 1.571467e-05
4.290000e+02 1.571467e-05
4.300000e+02 1.571467e-05
4.310000e+02 1.571467e-05
4.320000e+02 1.571467e-05
4.330000e+02 1.571467e-05
4.340000e+02 1.571467e-05
4.350000e+02 1.571467e-05
4.360000e+02 1.571467e-05
4.370000e+02 1.571467e-05
4.380000e+02 1.571467e-05
4.390000e+02 1.571467e-05
4.400000e+02 1.571467e-05
4.410000e+02 1.571467e-05
4.420000e+02 1.571467e-05
4.430000e+02 1.571467e-05
4.440000e+02 1.571467e-05
4.450000e+02 1.571467e-05
4.460000e+02 1.571467e-05
4.470000e+02 1.571467e-05
4.480000e+02 1.571467e-05
4.490000e+02 1.571467e-05
4.500000e+02 1.571467e-05
4.510000e+02 1.571467e-05
4.520000e+02 1.571467e-05
4.530000e+02 1.571467e-05
4.540000e+02 1.571467e-05
4.550000e+02 1.571467e-05
4.560000e+02 1.571467e-05
4.570000e+02 1.571467e-05
4.580000e+02 1.571467e-05
4.590000e+02 1.571467e-05
4.600000e+02 1.571467e-05
4.610000e+02 1.571467e-05
4.620000e+02 1.571467e-05
4.630000e+02 1.571467e-05
4.640000e+02 1.571467e-05
4.650000e+02 1.571467e-05
4.660000e+02 1.571467e-05
4.670000e+02 1.571467e-05
4.680000e+02 1.571467e-05
4.690000e+02 1.571467e-05
4.700000e+02 1.571467e-05
4.710000e+02 1.571467e-05
4.720000e+02 1.571467e-05
4.730000e+02 1.571467e-05
4.740000e+02 1.571467e-05
4.750000e+02 1.571467e-05
4.760000e+02 1.571467e-05
4.770000e+02 1.571467e-05
4.780000e+02 1.571467e-05
4.790000e+02 1.571467e-05
4.800000e+02 1.571467e-05
4.810000e+02 1.571467e-05
4.820000e+02 1.571467e-05
4.830000e+02 1.571467e-05
4.840000e+02 1.571467e-05
4.850000e+02 1.571467e-05
4.860000e+02 1.571467e-05
4.870000e+02 1.571467e-05
4.880000e+02 1.571467e-05
4.890000e+02 1.571467e-05
4.900000e+02 1.571467e-05
4.910000e+02 1.571467e-05
4.920000e+02 1.571467e-05
4.930000e+02 1.571467e-05
4.940000e+02 1.571467e-05
4.950000e+02 1.571467e-05
4.960000e+02 1.571467e-05
4.970000e+02 1.571467e-05
4.980000e+02 1.571467e-05
4.990000e+02 1.571467e-05
5.000000e+02 1.398983e-05
5.010000e+02 1.226499e-05
5.020000e+02 1.226499e-05
5.030000e+02 1.226499e-05
5.040000e+02 1.226499e-05
5.050000e+02 1.226499e-05
5.060000e+02 1.226499e-05
5.070000e+02 1.226499e-05
5.080000e+02 1.226499e-05
5.090000e+02 1.226499e-05
5.100000e+02 1.226499e-05
5.110000e+02 1.226499e-05
5.120000e+02 1.226499e-05
5.130000e+02 1.226499e-05
5.140000e+02 1.226499e-05
5.150000e+02 1.226499e-05
5.160000e+02 1.226499e-05
5.170000e+02 1.226499e-05
5.180000e+02 1.226499e-05
5.190000e+02 1.226499e-05
5.200000e+02 1.226499e-05
5.210000e+02 1.226499e-05
5.220000e+02 1.226499e-05
5.230000e+02 1.226499e-05
5.240000e+02 1.226499e-05
5.250000e+02 1.226499e-05
5.260000e+02 1.226499e-05
5.270000e+02 1.226499e-05
5.280000e+02 1.226499e-05
5.290000e+02 1.226499e-05
5.300000e+02 1.226499e-05
5.310000e+02 1.226499e-05
5.320000e+02 1.226499e-05
5.330000e+02 1.226499e-05
5.340000e+02 1.226499e-05
5.350000e+02 1.226499e-05
5.360000e+02 1.226499e-05
5.370000e+02 1.226499e-05
5.380000e+02 1.226499e-05
5.390000e+02 1.226499e-05
5.400000e+02 1.226499e-05
5.410000e+02 1.226499e-05
5.420000e+02 1.226499e-05
5.430000e+02 1.226499e-05
5.440000e+02 1.226499e-05
5.450000e+02 1.226499e-05
5.460000e+02 1.226499e-05
5.470000e+02 1.226499e-05
5.480000e+02 1.226499e-05
5.490000e+02 1.226499e-05
5.500000e+02 1.226499e-05
5.510000e+02 1.226499e-05
5.520000e+02 1.226499e-05
5.530000e+02 1.226499e-05
5.540000e+02 1.226499e-05
5.550000e+02 1.226499e-05
5.560000e+02 1.226499e-05
5.570000e+02 1.226499e-05
5.580000e+02 1.226499e-05
5.590000e+02 1.226499e-05
5.600000e+02 1.226499e-05
5.610000e+02 1.226499e-05
5.620000e+02 1.226499e-05
5.630000e+02 1.226499e-05
5.640000e+02 1.226499e-05
5.650000e+02 1.226499e-05
5.660000e+02 1.226499e-05
5.670000e+02 1.226499e-05
5.680000e+02 1.226499e-05
5.690000e+02 1.226499e-05
5.700000e+02 1.226499e-05
5.710000e+02 1.226499e-05
5.720000e+02 1.226499e-05
5.730000e+02 1.226499e-05
5.740000e+02 1.226499e-05
5.750000e+02 1.226499e-05
5.760000e+02 1.226499e-05
5.770000e+02 1.226499e-05
5.780000e+02 1.226499e-05
5.790000e+02 1.226499e-05
5.800000e+02 1.226499e-05
5.810000e+02 1.226499e-05
5.820000e+02 1.226499e-05
5.830000e+02 1.226499e-05
5.840000e+02 1.226499e-05
5.850000e+02 1.226499e-05
5.860000e+02 1.226499e-05
5.870000e+02 1.226499e-05
5.880000e+02 1.226499e-05
5.890000e+02 1.226499e-05
5.900000e+02 1.226499e-05
5.910000e+02 1.226499e-05
5.920000e+02 1.226499e-05
5.930000e+02 1.226499e-05
5.940000e+02 1.226499e-05
5.950000e+02 1.226499e-05
5.960000e+02 1.226499e-05
5.970000e+02 1.226499e-05
5.980000e+02 1.226499e-05
5.990000e+02 1.226499e-05
6.000000e+02 2.548250e-05
6.010000e+02 3.870003e-05
6.020000e+02 3.870003e-05
6.030000e+02 3.870003e-05
6.040000e+02 3.870003e-05
6.050000e+02 3.870003e-05
6.060000e+02 3.870003e-05
6.070000e+02 3.870003e-05
6.080000e+02 3.870003e-05
6.090000e+02 3.870003e-05
6.100000e+02 3.870003e-05
6.110000e+02 3.870003e-05
6.120000e+02 3.870003e-05
6.130000e+02 3.870003e-05
6.140000e+02 3.870003e-05
6.150000e+02 3.870003e-05
6.160000e+02 3.870003e-05
6.170000e+02 3.870003e-05
6.180000e+02 3.870003e-05
6.190000e+02 3.870003e-05
6.200000e+02 3.870003e-05
6.210000e+02 3.870003e-05
6.220000e+02 3.870003e-05
6.230000e+02 3.870003e-05
6.240000e+02 3.870003e-05
6.250000e+02 3.870003e-05
6.260000e+02 3.870003e-05
6.270000e+02 3.870003e-05
6.280000e+02 3.870003e-05
6.290000e+02 3.870003e-05
6.300000e+02 3.870003e-05
6.310000e+02 3.870003e-05
6.320000e+02 3.870003e-05
6.330000e+02 3.870003e-05
6.340000e+02 3.870003e-05
6.350000e+02 3.870003e-05
6.360000e+02 3.870003e-05
6.370000e+02 3.870003e-05
6.380000e+02 3.870003e-05
6.390000e+02 3.870003e-05
6.400000e+02 3.870003e-05
6.410000e+02 3.870003e-05
6.420000e+02 3.870003e-05
6.430000e+02 3.870003e-05
6.440000e+02 3.870003e-05
6.450000e+02 3.870003e-05
6.460000e+02 3.870003e-05
6.470000e+02 3.870003e-05
6.480000e+02 3.870003e-05
6.490000e+02 3.870003e-05
6.500000e+02 3.870003e-05
6.510000e+02 3.870003e-05
6.520000e+02 3.870003e-05
6.530000e+02 3.870003e-05
6.540000e+02 3.870003e-05
6.550000e+02 3.870003e-05
6.560000e+02 3.870003e-05
6.570000e+02 3.870003e-05
6.580000e+02 3.870003e-05
6.590000e+02 3.870003e-05
6.600000e+02 3.870003e-05
6.610000e+02 3.870003e-05
6.620000e+02 3.870003e-05
6.630000e+02 3.870003e-05
6.640000e+02 3.870003e-05
6.650000e+02 3.870003e-05
6.660000e+02 3.870003e-05
6.670000e+02 3.870003e-05
6.680000e+02 3.870003e-05
6.690000e+02 3.870003e-05
6.700000e+02 3.870003e-05
6.710000e+02 3.870003e-05
6.720000e+02 3.870003e-05
6.730000e+02 3.870003e-05
6.740000e+02 3.870003e-05
6.750000e+02 3.870003e-05
6.760000e+02 3.870003e-05
6.770000e+02 3.870003e-05
6.780000e+02 3.870003e-05
6.790000e+02 3.870003e-05
6.800000e+02 3.870003e-05
6.810000e+02 3.870003e-05
6.820000e+02 3.870003e-05
6.830000e+02 3.870003e-05
6.840000e+02 3.870003e-05
6.850000e+02 3.870003e-05
6.860000e+02 3.870003e-05
6.870000e+02 3.870003e-05
6.880000e+02 3.870003e-05
6.890000e+02 3.870003e-05
6.900000e+02 3.870003e-05
6.910000e+02 3.870003e-05
6.920000e+02 3.870003e-05
6.930000e+02 3.870003e-05
6.940000e+02 3.870003e-05
6.950000e+02 3.870003e-05
6.960000e+02 3.870003e-05
6.970000e+02 3.870003e-05
6.980000e+02 3.870003e-05
6.990000e+02 3.870003e-05
7.000000e+02 3.041256e-05
7.010000e+02 2.212510e-05
7.020000e+02 2.212510e-05
7.030000e+02 2.212510e-05
7.040000e+02 2.212510e-05
7.050000e+02 2.212510e-05
7.060000e+02 2.212510e-05
7.070000e+02 2.212510e-05
7.080000e+02 2.212510e-05
7.090000e+02 2.212510e-05
7.100000e+02 2.212510e-05
7.110000e+02 2.212510e-05
7.120000e+02 2.212510e-05
7.130000e+02 2.212510e-05
7.140000e+02 2.212510e-05
7.150000e+02 2.212510e-05
7.160000e+02 2.212510e-05
7.170000e+02 2.212510e-05
7.180000e+02 2.212510e-05
7.190000e+02 2.212510e-05
7.200000e+02 2.212510e-05
7.210000e+02 2.212510e-05
7.220000e+02 2.212510e-05
7.230000e+02 2.212510e-05
7.240000e+02 2.212510e-05
7.250000e+02 2.212510e-05
7.260000e+02 2.212510e-05
7.270000e+02 2.212510e-05
7.280000e+02 2.212510e-05
7.290000e+02 2.212510e-05
7.300000e+02 2.212510e-05
7.310000e+02 2.212510e-05
7.320000e+02 2.212510e-05
7.330000e+02 2.212510e-05
7.340000e+02 2.212510e-05
7.350000e+02 2.212510e-05
7.360000e+02 2.212510e-05
7.370000e+02 2.212510e-05
7.380000e+02 2.212510e-05
7.390000e+02 2.212510e-05
7.400000e+02 2.212510e-05
7.410000e+02 2.212510e-05
7.420000e+02 2.212510e-05
7.430000e+02 2.212510e-05
7.440000e+02 2.212510e-05
7.450000e+02 2.212510e-05
7.460000e+02 2.212510e-05
7.470000e+02 2.212510e-05
7.480000e+02 2.212510e-05
7.490000e+02 2.212510e-05
7.500000e+02 2.212510e-05
7.510000e+02 2.212510e-05
7.520000e+02 2.212510e-05
7.530000e+02 2.212510e-05
7.540000e+02 2.212510e-05
7.550000e+02 2.212510e-05
7.560000e+02 2.212510e-05
7.570000e+02 2.212510e-05
7.580000e+02 2.212510e-05
7.590000e+02 2.212510e-05
7.600000e+02 2.212510e-05
7.610000e+02 2.212510e-05
7.620000e+02 2.212510e-05
7.630000e+02 2.212510e-05
7.640000e+02 2.212510e-05
7.650000e+02 2.212510e-05
7.660000e+02 2.212510e-05
7.670000e+02 2.212510e-05
7.680000e+02 2.212510e-05
7.690000e+02 2.212510e-05
7.700000e+02 2.212510e-05
7.710000e+02 2.212510e-05
7.720000e+02 2.212510e-05
7.730000e+02 2.212510e-05
7.740000e+02 2.212510e-05
7.750000e+02 2.212510e-05
7.760000e+02 2.212510e-05
7.770000e+02 2.212510e-05
7.780000e+02 2.212510e-05
7.790000e+02 2.212510e-05
7.800000e+02 2.212510e-05
7.810000e+02 2.212510e-05
7.820000e+02 2.212510e-05
7.830000e+02 2.212510e-05
7.840000e+02 2.212510e-05
7.850000e+02 2.212510e-05
7.860000e+02 2.212510e-05
7.870000e+02 2.212510e-05
7.880000e+02 2.212510e-05
7.890000e+02 2.212510e-05
7.900000e+02 2.212510e-05
7.910000e+02 2.212510e-05
7.920000e+02 2.212510e-05
7.930000e+02 2.212510e-05
7.940000e+02 2.212510e-05
7.950000e+02 2.212510e-05
7.960000e+02 2.212510e-05
7.970000e+02 2.212510e-05
7.980000e+02 2.212510e-05
7.990000e+02 2.212510e-05
8.000000e+02 2.212510e-05
8.010000e+02 2.212510e-05
8.020000e+02 2.212510e-05
8.030000e+02 1.797696e-05
8.040000e+02 1.382882e-05
8.050000e+02 1.382882e-05
8.060000e+02 1.382882e-05
8.070000e+02 1.382882e-05
8.080000e+02 1.382882e-05
8.090000e+02 1.382882e-05
8.100000e+02 1.382882e-05
8.110000e+02 1.382882e-05
8.120000e+02 1.382882e-05
8.130000e+02 1.382882e-05
8.140000e+02 1.382882e-05
8.150000e+02 1.382882e-05
8.160000e+02 1.382882e-05
8.170000e+02 1.382882e-05
8.180000e+02 1.382882e-05
8.190000e+02 1.382882e-05
8.200000e+02 1.382882e-05
8.210000e+02 1.382882e-05
8.220000e+02 1.382882e-05
8.230000e+02 1.382882e-05
8.240000e+02 1.382882e-05
8.250000e+02 1.382882e-05
8.260000e+02 1.382882e-05
8.270000e+02 1.382882e-05
8.280000e+02 1.382882e-05
8.290000e+02 1.382882e-05
8.300000e+02 1.382882e-05
8.310000e+02 1.382882e-05
8.320000e+02 1.382882e-05
8.330000e+02 1.382882e-05
8.340000e+02 1.382882e-05
8.350000e+02 1.382882e-05
8.360000e+02 1.382882e-05
8.370000e+02 1.382882e-05
8.380000e+02 1.382882e-05
8.390000e+02 1.382882e-05
8.400000e+02 1.382882e-05
8.410000e+02 1.382882e-05
8.420000e+02 1.382882e-05
8.430000e+02 1.382882e-05
8.440000e+02 1.382882e-05
8.450000e+02 1.382882e-05
8.460000e+02 1.382882e-05
8.470000e+02 1.382882e-05
8.480000e+02 1.382882e-05
8.490000e+02 1.382882e-05
8.500000e+02 1.382882e-05
8.510000e+02 1.382882e-05
8.520000e+02 1.382882e-05
8.530000e+02 1.382882e-05
8.540000e+02 1.382882e-05
8.550000e+02 1.382882e-05
8.560000e+02 1.382882e-05
8.570000e+02 1.382882e-05
8.580000e+02 1.382882e-05
8.590000e+02 1.382882e-05
8.600000e+02 1.382882e-05
8.610000e+02 1.382882e-05
8.620000e+02 1.382882e-05
8.630000e+02 1.382882e-05
8.640000e+02 1.382882e-05
8.650000e+02 1.382882e-05
8.660000e+02 1.382882e-05
8.670000e+02 1.382882e-05
8.680000e+02 1.382882e-05
8.690000e+02 1.382882e-05
8.700000e+02 1.382882e-05
8.710000e+02 1.382882e-05
8.720000e+02 1.382882e-05
8.730000e+02 1.382882e-05
8.740000e+02 1.382882e-05
8.750000e+02 1.382882e-05
8.760000e+02 1.382882e-05
8.770000e+02 1.382882e-05
8.780000e+02 1.382882e-05
8.790000e+02 1.382882e-05
8.800000e+02 1.382882e-05
8.810000e+02 1.382882e-05
8.820000e+02 1.382882e-05
8.830000e+02 1.382882e-05
8.840000e+02 1.382882e-05
8.850000e+02 1.382882e-05
8.860000e+02 1.382882e-05
8.870000e+02 1.382882e-05
8.880000e+02 1.382882e-05
8.890000e+02 1.382882e-05
8.900000e+02 1.382882e-05
8.910000e+02 1.382882e-05
8.920000e+02 1.382882e-05
8.930000e+02 1.382882e-05
8.940000e+02 1.382882e-05
8.950000e+02 1.382882e-05
8.960000e+02 1.382882e-05
8.970000e+02 1.382882e-05
8.980000e+02 1.382882e-05
8.990000e+02 1.382882e-05
9.000000e+02 1.382882e-05
9.010000e+02 1.382882e-05
9.020000e+02 1.382882e-05
9.030000e+02 1.382882e-05
9.040000e+02 1.382882e-05
9.050000e+02 1.382882e-05
9.060000e+02 1.382882e-05
9.070000e+02 1.382882e-05
9.080000e+02 1.382882e-05
9.090000e+02 1.382882e-05
9.100000e+02 1.382882e-05
9.110000e+02 1.382882e-05
9.120000e+02 1.382882e-05
9.130000e+02 1.382882e-05
9.140000e+02 1.382882e-05
9.150000e+02 1.382882e-05
9.160000e+02 1.382882e-05
9.170000e+02 1.382882e-05
9.180000e+02 1.382882e-05
9.190000e+02 1.382882e-05
9.200000e+02 1.382882e-05
9.210000e+02 1.382882e-05
9.220000e+02 1.382882e-05
9.230000e+02 1.382882e-05
9.240000e+02 1.382882e-05
9.250000e+02 1.382882e-05
9.260000e+02 1.382882e-05
9.270000e+02 1.382882e-05
9.280000e+02 1.382882e-05
9.290000e+02 1.382882e-05
9.300000e+02 1.382882e-05
9.310000e+02 1.382882e-05
9.320000e+02 1.382882e-05
9.330000e+02 1.382882e-05
9.340000e+02 1.382882e-05
9.350000e+02 1.382882e-05
9.360000e+02 1.382882e-05
9.370000e+02 1.382882e-05
9.380000e+02 1.382882e-05
9.390000e+02 1.382882e-05
9.400000e+02 1.382882e-05
9.410000e+02 1.382882e-05
9.420000e+02 1.382882e-05
9.430000e+02 1.382882e-05
9.440000e+02 1.382882e-05
9.450000e+02 1.382882e-05
9.460000e+02 1.382882e-05
9.470000e+02 1.382882e-05
9.480000e+02 1.382882e-05
9.490000e+02 9.817570e-05
9.500000e+02 1.825226e-04
9.510000e+02 1.825226e-04
9.520000e+02 1.825226e-04
9.530000e+02 1.825226e-04
9.540000e+02 1.825226e-04
9.550000e+02 1.825226e-04
9.560000e+02 1.825226e-04
9.570000e+02 1.825226e-04
9.580000e+02 1.825226e-04
9.590000e+02 1.825226e-04
9.600000e+02 1.825226e-04
9.610000e+02 1.825226e-04
9.620000e+02 1.825226e-04
9.630000e+02 1.825226e-04
9.640000e+02 1.825226e-04
9.650000e+02 1.825226e-04
9.660000e+02 1.825226e-04
9.670000e+02 1.825226e-04
9.680000e+02 1.825226e-04
9.690000e+02 1.825226e-04
9.700000e+02 1.825226e-04
9.710000e+02 1.825226e-04
9.720000e+02 1.825226e-04
9.730000e+02 1.825226e-04
9.740000e+02 1.825226e-04
9.750000e+02 1.825226e-04
9.760000e+02 1.825226e-04
9.770000e+02 1.825226e-04
9.780000e+02 1.825226e-04
9.790000e+02 1.825226e-04
9.800000e+02 1.825226e-04
9.810000e+02 1.825226e-04
9.820000e+02 1.825226e-04
9.830000e+02 1.825226e-04
9.840000e+02 1.825226e-04
9.850000e+02 1.825226e-04
9.860000e+02 1.825226e-04
9.870000e+02 1.825226e-04
9.880000e+02 1.825226e-04
9.890000e+02 1.825226e-04
9.900000e+02 1.825226e-04
9.910000e+02 1.825226e-04
9.920000e+02 1.825226e-04
9.930000e+02 1.825226e-04
9.940000e+02 1.825226e-04
9.950000e+02 1.825226e-04
9.960000e+02 1.825226e-04
9.970000e+02 1.825226e-04
9.980000e+02 1.825226e-04
9.990000e+02 1.825226e-04
1.000000e+03 1.825226e-04
1.001000e+03 1.825226e-04
1.002000e+03 1.825226e-04
1.003000e+03 1.825226e-04
1.004000e+03 1.825226e-04
1.005000e+03 1.825226e-04
1.006000e+03 1.825226e-04
1.007000e+03 1.825226e-04
1.008000e+03 1.825226e-04
1.009000e+03 1.825226e-04
1.010000e+03 1.825226e-04
1.011000e+03 1.825226e-04
1.012000e+03 1.825226e-04
1.013000e+03 1.825226e-04
1.014000e+03 1.825226e-04
1.015000e+03 1.825226e-04
1.016000e+03 1.825226e-04
1.017000e+03 1.825226e-04
1.018000e+03 1.825226e-04
1.019000e+03 1.825226e-04
1.020000e+03 1.825226e-04
1.021000e+03 1.825226e-04
1.022000e+03 1.825226e-04
1.023000e+03 1.825226e-04
1.024000e+03 1.825226e-04
1.025000e+03 1.825226e-04
1.026000e+03 1.825226e-04
1.027000e+03 1.825226e-04
1.028000e+03 1.825226e-04
1.029000e+03 1.825226e-04
1.030000e+03 1.825226e-04
1.031000e+03 1.825226e-04
1.032000e+03 1.825226e-04
1.033000e+03 1.825226e-04
1.034000e+03 1.825226e-04
1.035000e+03 1.825226e-04
1.036000e+03 1.825226e-04
1.037000e+03 1.825226e-04
1.038000e+03 1.825226e-04
1.039000e+03 1.825226e-04
1.040000e+03 1.825226e-04
1.041000e+03 1.825226e-04
1.042000e+03 1.825226e-04
1.043000e+03 1.825226e-04
1.044000e+03 1.825226e-04
1.045000e+03 1.825226e-04
1.046000e+03 1.825226e-04
1.047000e+03 1.825226e-04
1.048000e+03 1.825226e-04
1.049000e+03 1.825226e-04
1.050000e+03 1.825226e-04
1.051000e+03 1.825226e-04
1.052000e+03 1.825226e-04
1.053000e+03 1.825226e-04
1.054000e+03 1.825226e-04
1.055000e+03 1.825226e-04
1.056000e+03 1.825226e-04
1.057000e+03 1.825226e-04
1.058000e+03 1.825226e-04
1.059000e+03 1.825226e-04
1.060000e+03 1.825226e-04
1.061000e+03 1.825226e-04
1.062000e+03 1.825226e-04
1.063000e+03 1.825226e-04
1.064000e+03 1.825226e-04
1.065000e+03 1.825226e-04
1.066000e+03 1.825226e-04
1.067000e+03 1.825226e-04
1.068000e+03 1.825226e-04
1.069000e+03 1.825226e-04
1.070000e+03 1.825226e-04
1.071000e+03 1.825226e-04
1.072000e+03 1.825226e-04
1.073000e+03 1.825226e-04
1.074000e+03 1.825226e-04
1.075000e+03 1.825226e-04
1.076000e+03 1.825226e-04
1.077000e+03 1.825226e-04
1.078000e+03 1.825226e-04
1.079000e+03 1.825226e-04
1.080000e+03 1.825226e-04
1.081000e+03 1.825226e-04
1.082000e+03 1.825226e-04
1.083000e+03 1.825226e-04
1.084000e+03 1.825226e-04
1.085000e+03 1.825226e-04
1.086000e+03 1.825226e-04
1.087000e+03 1.825226e-04
1.088000e+03 1.825226e-04
1.089000e+03 1.825226e-04
1.090000e+03 1.825226e-04
1.091000e+03 1.825226e-04
1.092000e+03 1.825226e-04
1.093000e+03 1.825226e-04
1.094000e+03 1.825226e-04
1.095000e+03 1.825226e-04
1.096000e+03 1.825226e-04
1.097000e+03 1.825226e-04
1.098000e+03 1.825226e-04
1.099000e+03 1.825226e-04
1.100000e+03 1.825226e-04
1.101000e+03 1.825226e-04
1.102000e+03 1.825226e-04
1.103000e+03 1.825226e-04
1.104000e+03 1.825226e-04
1.105000e+03 1.825226e-04
1.106000e+03 1.825226e-04
1.107000e+03 1.825226e-04
1.108000e+03 1.825226e-04
1.109000e+03 1.825226e-04
1.110000e+03 1.825226e-04
1.111000e+03 1.825226e-04
1.112000e+03 1.825226e-04
1.113000e+03 1.825226e-04
1.114000e+03 1.825226e-04
1.115000e+03 1.825226e-04
1.116000e+03 1.825226e-04
1.117000e+03 1.825226e-04
1.118000e+03 1.825226e-04
1.119000e+03 1.825226e-04
1.120000e+03 1.825226e-04
1.121000e+03 1.825226e-04
1.122000e+03 1.825226e-04
1.123000e+03 1.825226e-04
1.124000e+03 1.825226e-04
1.125000e+03 1.825226e-04
1.126000e+03 1.825226e-04
1.127000e+03 1.825226e-04
1.128000e+03 1.825226e-04
1.129000e+03 1.825226e-04
1.130000e+03 1.825226e-04
1.131000e+03 1.825226e-04
1.132000e+03 0.000000e+00
1.133000e+03 0.000000e+00
1.134000e+03 0.000000e+00
1.135000e+03 1.191704e-03
1.136000e+03 0.000000e+00
1.137000e+03 1.116075e-04
1.138000e+03 1.711478e-04
1.139000e+03 1.509971e-04
1.140000e+03 8.671815e-04
1.141000e+03 0.000000e+00
1.142000e+03 1.024371e-06
1.143000e+03 0.000000e+00
1.144000e+03 7.736890e-05
1.145000e+03 9.351355e-04
1.146000e+03 6.418105e-04
1.147000e+03 5.041015e-04
1.148000e+03 4.520056e-04
1.149000e+03 0.000000e+00
1.150000e+03 0.000000e+00
1.151000e+03 1.590136e-04
1.152000e+03 0.000000e+00
1.153000e+03 0.000000e+00
1.154000e+03 0.000000e+00
1.155000e+03 0.000000e+00
1.156000e+03 6.937515e-06
1.157000e+03 0.000000e+00
1.158000e+03 0.000000e+00
1.159000e+03 1.940341e-04
1.160000e+03 1.284656e-04
1.161000e+03 6.634085e-05
1.162000e+03 0.000000e+00
1.163000e+03 4.850863e-04
1.164000e+03 4.432165e-04
1.165000e+03 0.000000e+00
1.166000e+03 2.938377e-04
1.167000e+03 2.185603e-04
1.168000e+03 6.501350e-04
1.169000e+03 6.792045e-04
1.170000e+03 9.774920e-05
1.171000e+03 2.961002e-05
1.172000e+03 0.000000e+00
1.173000e+03 0.000000e+00
1.174000e+03 5.349240e-05
1.175000e+03 1.013826e-03
1.176000e+03 1.540115e-03
1.177000e+03 1.749071e-04
1.178000e+03 0.000000e+00
1.179000e+03 2.976528e-04
1.180000e+03 4.832688e-04
1.181000e+03 1.987541e-04
1.182000e+03 1.963507e-04
1.183000e+03 4.689301e-04
1.184000e+03 2.071251e-04
1.185000e+03 2.982830e-05
1.186000e+03 4.496598e-04
1.187000e+03 9.458530e-06
1.188000e+03 0.000000e+00
1.189000e+03 3.825512e-04
1.190000e+03 4.907624e-04
1.191000e+03 5.893255e-05
1.192000e+03 2.423313e-04
1.193000e+03 6.899765e-05
1.194000e+03 2.929591e-04
1.195000e+03 2.696686e-04
1.196000e+03 2.154954e-04
1.197000e+03 0.000000e+00
1.198000e+03 2.699695e-04
1.199000e+03 1.528799e-03
1.200000e+03 2.727549e-03
1.201000e+03 8.692230e-04
1.202000e+03 0.000000e+00
1.203000e+03 1.364296e-04
1.204000e+03 1.100167e-04
1.205000e+03 1.081189e-04
1.206000e+03 3.481856e-04
1.207000e+03 1.824134e-03
1.208000e+03 1.299108e-02
1.209000e+03 1.207344e-02
1.210000e+03 1.743224e-02
1.211000e+03 2.181885e-02
1.212000e+03 1.574729e-02
1.213000e+03 7.186825e-03
1.214000e+03 1.152369e-02
1.215000e+03 0.000000e+00
1.216000e+03 4.972641e-01
1.217000e+03 1.610959e-02
1.218000e+03 6.238120e-03
1.219000e+03 5.074470e-03
1.220000e+03 0.000000e+00
1.221000e+03 3.646426e-03
1.222000e+03 4.078752e-04
1.223000e+03 6.289180e-04
1.224000e+03 4.077009e-04
1.225000e+03 2.434274e-04
1.226000e+03 2.148602e-04
1.227000e+03 9.050340e-05
1.228000e+03 0.000000e+00
1.229000e+03 6.528780e-05
1.230000e+03 0.000000e+00
1.231000e+03 5.993225e-06
1.232000e+03 1.758904e-04
1.233000e+03 1.637927e-04
1.234000e+03 0.000000e+00
1.235000e+03 1.406232e-05
1.236000e+03 2.552126e-04
1.237000e+03 8.574530e-05
1.238000e+03 1.588999e-04
1.239000e+03 2.417590e-03
1.240000e+03 1.243676e-04
1.241000e+03 4.463050e-05
1.242000e+03 3.116145e-04
1.243000e+03 1.138817e-03
1.244000e+03 3.127412e-04
1.245000e+03 1.955053e-04
1.246000e+03 8.358055e-05
1.247000e+03 2.461550e-04
1.248000e+03 1.862470e-04
1.249000e+03 1.313472e-04
1.250000e+03 1.092718e-04
1.251000e+03 1.531831e-04
1.252000e+03 1.406703e-04
1.253000e+03 3.854158e-04
1.254000e+03 0.000000e+00
1.255000e+03 2.254880e-04
1.256000e+03 6.270375e-06
1.257000e+03 5.209290e-04
1.258000e+03 2.768503e-04
1.259000e+03 3.120594e-04
1.260000e+03 2.478517e-04
1.261000e+03 2.571763e-04
1.262000e+03 2.194361e-04
1.263000e+03 3.536649e-04
1.264000e+03 3.034360e-05
1.265000e+03 5.790450e-04
1.266000e+03 3.697613e-04
1.267000e+03 3.253916e-04
1.268000e+03 6.881235e-05
1.269000e+03 3.937714e-04
1.270000e+03 4.232292e-04
1.271000e+03 3.399991e-04
1.272000e+03 2.635251e-04
1.273000e+03 0.000000e+00
1.274000e+03 1.233571e-04
1.275000e+03 0.000000e+00
1.276000e+03 0.000000e+00
1.277000e+03 0.000000e+00
1.278000e+03 0.000000e+00
1.279000e+03 0.000000e+00
1.280000e+03 0.000000e+00
1.281000e+03 0.000000e+00
1.282000e+03 0.000000e+00
1.283000e+03 0.000000e+00
1.284000e+03 0.000000e+00
1.285000e+03 0.000000e+00
1.286000e+03 0.000000e+00
1.287000e+03 2.957092e-04
1.288000e+03 3.124131e-04
1.289000e+03 2.949407e-04
1.290000e+03 4.748123e-04
1.291000e+03 2.039711e-04
1.292000e+03 0.000000e+00
1.293000e+03 1.681265e-04
1.294000e+03 6.242105e-04
1.295000e+03 3.150196e-04
1.296000e+03 4.964280e-04
1.297000e+03 0.000000e+00
1.298000e+03 0.000000e+00
1.299000e+03 0.000000e+00
1.300000e+03 3.267556e-05
1.301000e+03 0.000000e+00
1.302000e+03 0.000000e+00
1.303000e+03 0.000000e+00
1.304000e+03 0.000000e+00
1.305000e+03 0.000000e+00
1.306000e+03 0.000000e+00
1.307000e+03 0.000000e+00
1.308000e+03 0.000000e+00
1.309000e+03 0.000000e+00
1.310000e+03 3.659212e-04
1.311000e+03 0.000000e+00
1.312000e+03 7.594430e-05
1.313000e+03 3.151856e-05
1.314000e+03 9.006720e-05
1.315000e+03 4.826679e-04
1.316000e+03 0.000000e+00
1.317000e+03 0.000000e+00
1.318000e+03 1.487802e-04
1.319000e+03 0.000000e+00
1.320000e+03 0.000000e+00
1.321000e+03 0.000000e+00
1.322000e+03 0.000000e+00
1.323000e+03 8.242145e-05
1.324000e+03 0.000000e+00
1.325000e+03 2.107016e-05
1.326000e+03 3.046879e-04
1.327000e+03 0.000000e+00
1.328000e+03 0.000000e+00
1.329000e+03 0.000000e+00
1.330000e+03 2.524314e-04
1.331000e+03 0.000000e+00
1.332000e+03 5.672930e-05
1.333000e+03 0.000000e+00
1.334000e+03 3.882545e-04
1.335000e+03 6.099105e-04
1.336000e+03 2.915627e-03
1.337000e+03 0.000000e+00
1.338000e+03 0.000000e+00
1.339000e+03 0.000000e+00
1.340000e+03 0.000000e+00
1.341000e+03 0.000000e+00
1.342000e+03 0.000000e+00
1.343000e+03 0.000000e+00
1.344000e+03 0.000000e+00
1.345000e+03 0.000000e+00
1.346000e+03 0.000000e+00
1.347000e+03 0.000000e+00
1.348000e+03 0.000000e+00
1.349000e+03 0.000000e+00
1.350000e+03 0.000000e+00
1.351000e+03 0.000000e+00
1.352000e+03 0.000000e+00
1.353000e+03 0.000000e+00
1.354000e+03 0.000000e+00
1.355000e+03 0.000000e+00
1.356000e+03 1.740558e-04
1.357000e+03 1.765933e-04
1.358000e+03 0.000000e+00
1.359000e+03 3.817112e-04
1.360000e+03 0.000000e+00
1.361000e+03 0.000000e+00
1.362000e+03 1.076336e-04
1.363000e+03 4.444946e-05
1.364000e+03 1.590177e-04
1.365000e+03 1.600491e-04
1.366000e+03 4.176447e-04
1.367000e+03 4.598092e-04
1.368000e+03 0.000000e+00
1.369000e+03 0.000000e+00
1.370000e+03 0.000000e+00
1.371000e+03 3.503752e-04
1.372000e+03 0.000000e+00
1.373000e+03 2.999994e-05
1.374000e+03 5.952310e-06
1.375000e+03 3.162222e-05
1.376000e+03 1.216928e-04
1.377000e+03 4.214807e-04
1.378000e+03 0.000000e+00
1.379000e+03 3.344229e-04
1.380000e+03 0.000000e+00
1.381000e+03 9.116495e-05
1.382000e+03 1.655676e-04
1.383000e+03 5.078225e-04
1.384000e+03 0.000000e+00
1.385000e+03 4.126639e-04
1.386000e+03 1.049555e-04
1.387000e+03 0.000000e+00
1.388000e+03 0.000000e+00
1.389000e+03 0.000000e+00
1.390000e+03 0.000000e+00
1.391000e+03 0.000000e+00
1.392000e+03 4.159808e-04
1.393000e+03 8.765570e-04
1.394000e+03 1.777265e-03
1.395000e+03 2.849273e-04
1.396000e+03 5.462155e-06
1.397000e+03 2.641884e-04
1.398000e+03 2.474318e-04
1.399000e+03 2.784190e-04
1.400000e+03 1.959921e-04
1.401000e+03 2.255053e-04
1.402000e+03 0.000000e+00
1.403000e+03 1.667538e-03
1.404000e+03 0.000000e+00
1.405000e+03 0.000000e+00
1.406000e+03 0.000000e+00
1.407000e+03 3.096300e-04
1.408000e+03 5.318870e-04
1.409000e+03 5.499605e-04
1.410000e+03 4.880319e-04
1.411000e+03 8.227860e-05
1.412000e+03 0.000000e+00
1.413000e+03 5.818425e-04
1.414000e+03 2.609695e-04
1.415000e+03 2.329859e-04
1.416000e+03 3.498561e-04
1.417000e+03 2.029195e-04
1.418000e+03 2.923527e-04
1.419000e+03 3.057724e-04
1.420000e+03 5.457160e-04
1.421000e+03 3.837835e-05
1.422000e+03 4.990263e-04
1.423000e+03 0.000000e+00
1.424000e+03 1.994184e-04
1.425000e+03 9.719195e-05
1.426000e+03 8.321640e-04
1.427000e+03 0.000000e+00
1.428000e+03 6.963500e-04
1.429000e+03 1.096163e-05
1.430000e+03 1.168027e-04
1.431000e+03 3.561925e-04
1.432000e+03 6.690085e-07
1.433000e+03 0.000000e+00
1.434000e+03 2.785701e-04
1.435000e+03 2.015226e-04
1.436000e+03 2.124520e-04
1.437000e+03 1.922674e-05
1.438000e+03 3.474420e-04
1.439000e+03 0.000000e+00
1.440000e+03 0.000000e+00
1.441000e+03 6.175060e-05
1.442000e+03 4.045488e-05
1.443000e+03 1.787549e-04
1.444000e+03 4.321524e-04
1.445000e+03 5.784685e-05
1.446000e+03 3.349081e-05
1.447000e+03 0.000000e+00
1.448000e+03 1.065251e-04
1.449000e+03 2.122806e-04
1.450000e+03 0.000000e+00
1.451000e+03 0.000000e+00
1.452000e+03 3.292250e-04
1.453000e+03 4.854654e-04
1.454000e+03 0.000000e+00
1.455000e+03 1.923637e-04
1.456000e+03 0.000000e+00
1.457000e+03 0.000000e+00
1.458000e+03 0.000000e+00
1.459000e+03 3.293146e-04
1.460000e+03 3.914167e-04
1.461000e+03 5.664295e-05
1.462000e+03 3.013285e-04
1.463000e+03 2.673870e-04
1.464000e+03 1.113565e-04
1.465000e+03 3.100031e-04
1.466000e+03 1.644609e-05
1.467000e+03 1.014205e-04
1.468000e+03 0.000000e+00
1.469000e+03 2.968592e-04
1.470000e+03 6.784820e-04
1.471000e+03 4.316629e-04
1.472000e+03 4.533075e-04
1.473000e+03 1.428560e-04
1.474000e+03 0.000000e+00
1.475000e+03 2.950848e-04
1.476000e+03 3.749937e-05
1.477000e+03 1.305215e-04
1.478000e+03 0.000000e+00
1.479000e+03 3.896558e-04
1.480000e+03 2.632656e-04
1.481000e+03 2.796199e-04
1.482000e+03 9.249685e-06
1.483000e+03 1.697948e-04
1.484000e+03 2.489924e-04
1.485000e+03 2.349350e-04
1.486000e+03 2.860107e-04
1.487000e+03 4.529402e-04
1.488000e+03 7.683410e-04
1.489000e+03 1.866937e-04
1.490000e+03 1.010015e-03
1.491000e+03 4.691407e-05
1.492000e+03 1.551163e-04
1.493000e+03 0.000000e+00
1.494000e+03 0.000000e+00
1.495000e+03 0.000000e+00
1.496000e+03 4.080006e-04
1.497000e+03 5.750780e-04
1.498000e+03 0.000000e+00
1.499000e+03 0.000000e+00
1.500000e+03 4.710398e-04
1.501000e+03 1.113131e-04
1.502000e+03 0.000000e+00
1.503000e+03 4.222242e-05
1.504000e+03 4.920425e-04
1.505000e+03 1.833326e-04
1.506000e+03 9.459290e-05
1.507000e+03 6.423025e-04
1.508000e+03 6.091435e-04
1.509000e+03 1.050847e-04
1.510000e+03 0.000000e+00
1.511000e+03 0.000000e+00
1.512000e+03 1.781551e-04
1.513000e+03 0.000000e+00
1.514000e+03 5.858860e-04
1.515000e+03 3.028653e-04
1.516000e+03 0.000000e+00
1.517000e+03 6.113255e-04
1.518000e+03 0.000000e+00
1.519000e+03 0.000000e+00
1.520000e+03 4.854049e-06
1.521000e+03 5.443270e-04
1.522000e+03 1.881600e-04
1.523000e+03 0.000000e+00
1.524000e+03 3.047043e-04
1.525000e+03 0.000000e+00
1.526000e+03 1.611995e-04
1.527000e+03 3.960375e-05
1.528000e+03 3.738498e-04
1.529000e+03 6.384620e-04
1.530000e+03 3.088764e-04
1.531000e+03 0.000000e+00
1.532000e+03 0.000000e+00
1.533000e+03 4.830937e-04
1.534000e+03 8.983570e-04
1.535000e+03 0.000000e+00
1.536000e+03 5.674055e-04
1.537000e+03 6.696450e-04
1.538000e+03 4.426750e-04
1.539000e+03 0.000000e+00
1.540000e+03 0.000000e+00
1.541000e+03 0.000000e+00
1.542000e+03 0.000000e+00
1.543000e+03 0.000000e+00
1.544000e+03 3.876124e-06
1.545000e+03 1.180681e-04
1.546000e+03 0.000000e+00
1.547000e+03 1.927765e-05
1.548000e+03 8.801020e-03
1.549000e+03 2.186433e-03
1.550000e+03 0.000000e+00
1.551000e+03 4.453707e-03
1.552000e+03 6.423715e-05
1.553000e+03 1.201456e-04
1.554000e+03 0.000000e+00
1.555000e+03 4.772052e-04
1.556000e+03 2.931928e-04
1.557000e+03 1.003758e-03
1.558000e+03 2.577256e-04
1.559000e+03 0.000000e+00
1.560000e+03 4.947799e-04
1.561000e+03 6.910445e-04
1.562000e+03 2.946126e-04
1.563000e+03 0.000000e+00
1.564000e+03 0.000000e+00
1.565000e+03 2.584434e-04
1.566000e+03 2.529791e-04
1.567000e+03 0.000000e+00
1.568000e+03 1.653212e-05
1.569000e+03 3.059466e-04
1.570000e+03 3.196202e-04
1.571000e+03 4.605835e-04
1.572000e+03 0.000000e+00
1.573000e+03 1.050748e-04
1.574000e+03 0.000000e+00
1.575000e+03 9.176560e-04
1.576000e+03 0.000000e+00
1.577000e+03 5.737820e-04
1.578000e+03 1.658532e-03
1.579000e+03 4.547395e-05
1.580000e+03 0.000000e+00
1.581000e+03 8.592515e-04
1.582000e+03 0.000000e+00
1.583000e+03 0.000000e+00
1.584000e+03 0.000000e+00
1.585000e+03 0.000000e+00
1.586000e+03 0.000000e+00
1.587000e+03 3.338213e-04
1.588000e+03 0.000000e+00
1.589000e+03 3.096374e-04
1.590000e+03 1.367417e-03
1.591000e+03 8.403350e-04
1.592000e+03 0.000000e+00
1.593000e+03 0.000000e+00
1.594000e+03 1.775045e-04
1.595000e+03 5.997985e-04
1.596000e+03 0.000000e+00
1.597000e+03 1.258046e-03
1.598000e+03 0.000000e+00
1.599000e+03 0.000000e+00
1.600000e+03 0.000000e+00
1.601000e+03 5.659060e-04
1.602000e+03 3.170602e-04
1.603000e+03 0.000000e+00
1.604000e+03 8.645215e-04
1.605000e+03 4.990841e-04
1.606000e+03 0.000000e+00
1.607000e+03 0.000000e+00
1.608000e+03 0.000000e+00
1.609000e+03 0.000000e+00
1.610000e+03 7.598330e-04
1.611000e+03 3.163699e-04
1.612000e+03 0.000000e+00
1.613000e+03 1.791919e-03
1.614000e+03 0.000000e+00
1.615000e+03 1.271586e-03
1.616000e+03 1.256596e-03
1.617000e+03 0.000000e+00
1.618000e+03 0.000000e+00
1.619000e+03 2.844368e-04
1.620000e+03 0.000000e+00
1.621000e+03 0.000000e+00
1.622000e+03 7.915325e-04
1.623000e+03 0.000000e+00
1.624000e+03 0.000000e+00
1.625000e+03 5.532040e-04
1.626000e+03 0.000000e+00
1.627000e+03 0.000000e+00
1.628000e+03 0.000000e+00
1.629000e+03 9.371190e-05
1.630000e+03 0.000000e+00
1.631000e+03 0.000000e+00
1.632000e+03 0.000000e+00
1.633000e+03 0.000000e+00
1.634000e+03 0.000000e+00
1.635000e+03 9.616375e-05
1.636000e+03 1.454504e-04
1.637000e+03 2.527093e-04
1.638000e+03 0.000000e+00
1.639000e+03 0.000000e+00
1.640000e+03 0.000000e+00
1.641000e+03 2.132616e-03
1.642000e+03 0.000000e+00
1.643000e+03 0.000000e+00
1.644000e+03 0.000000e+00
1.645000e+03 0.000000e+00
1.646000e+03 0.000000e+00
1.647000e+03 0.000000e+00
1.648000e+03 0.000000e+00
1.649000e+03 0.000000e+00
1.650000e+03 0.000000e+00
1.651000e+03 0.000000e+00
1.652000e+03 0.000000e+00
1.653000e+03 0.000000e+00
1.654000e+03 0.000000e+00
1.655000e+03 0.000000e+00
1.656000e+03 1.284307e-03
1.657000e+03 0.000000e+00
1.658000e+03 4.530029e-04
1.659000e+03 0.000000e+00
1.660000e+03 0.000000e+00
1.661000e+03 0.000000e+00
1.662000e+03 0.000000e+00
1.663000e+03 0.000000e+00
1.664000e+03 3.591599e-05
1.665000e+03 0.000000e+00
1.666000e+03 0.000000e+00
1.667000e+03 0.000000e+00
1.668000e+03 0.000000e+00
1.669000e+03 0.000000e+00
1.670000e+03 0.000000e+00
1.671000e+03 1.795015e-03
1.672000e+03 4.613494e-04
1.673000e+03 0.000000e+00
1.674000e+03 0.000000e+00
1.675000e+03 0.000000e+00
1.676000e+03 0.000000e+00
1.677000e+03 0.000000e+00
1.678000e+03 0.000000e+00
1.679000e+03 0.000000e+00
1.680000e+03 0.000000e+00
1.681000e+03 0.000000e+00
1.682000e+03 0.000000e+00
1.683000e+03 0.000000e+00
1.684000e+03 2.231694e-04
1.685000e+03 0.000000e+00
1.686000e+03 0.000000e+00
1.687000e+03 0.000000e+00
1.688000e+03 0.000000e+00
1.689000e+03 0.000000e+00
1.690000e+03 0.000000e+00
1.691000e+03 0.000000e+00
1.692000e+03 0.000000e+00
1.693000e+03 0.000000e+00
1.694000e+03 0.000000e+00
1.695000e+03 0.000000e+00
1.696000e+03 0.000000e+00
1.697000e+03 1.150773e-03
1.698000e+03 0.000000e+00
1.699000e+03 9.897155e-04
1.700000e+03 0.000000e+00
1.701000e+03 6.081450e-04
1.702000e+03 0.000000e+00
1.703000e+03 0.000000e+00
1.704000e+03 0.000000e+00
1.705000e+03 0.000000e+00
1.706000e+03 0.000000e+00
1.707000e+03 3.895234e-04
1.708000e+03 0.000000e+00
1.709000e+03 6.089755e-04
1.710000e+03 0.000000e+00
1.711000e+03 0.000000e+00
1.712000e+03 9.159335e-04
1.713000e+03 0.000000e+00
1.714000e+03 0.000000e+00
1.715000e+03 1.081469e-03
1.716000e+03 2.203200e-03
1.717000e+03 5.721235e-04
1.718000e+03 4.103703e-04
1.719000e+03 0.000000e+00
1.720000e+03 0.000000e+00
1.721000e+03 2.710472e-04
1.722000e+03 3.038822e-04
1.723000e+03 0.000000e+00
1.724000e+03 0.000000e+00
1.725000e+03 8.073015e-04
1.726000e+03 1.465747e-03
1.727000e+03 0.000000e+00
1.728000e+03 0.000000e+00
1.729000e+03 1.502676e-03
1.730000e+03 2.632394e-04
1.731000e+03 1.028500e-03
1.732000e+03 1.827023e-04
1.733000e+03 0.000000e+00
1.734000e+03 0.000000e+00
1.735000e+03 1.397142e-04
1.736000e+03 0.000000e+00
1.737000e+03 0.000000e+00
1.738000e+03 1.113969e-03
1.739000e+03 2.382252e-03
1.740000e+03 2.167606e-04
1.741000e+03 1.091463e-03
1.742000e+03 2.844196e-03
1.743000e+03 1.550837e-03
1.744000e+03 0.000000e+00
1.745000e+03 0.000000e+00
1.746000e+03 1.625095e-03
1.747000e+03 0.000000e+00
1.748000e+03 1.246396e-03
1.749000e+03 7.579690e-04
1.750000e+03 0.000000e+00
1.751000e+03 3.319134e-03
1.752000e+03 1.499270e-04
1.753000e+03 9.981960e-04
1.754000e+03 1.696974e-03
1.755000e+03 2.279280e-03
1.756000e+03 0.000000e+00
1.757000e+03 8.995085e-04
1.758000e+03 1.066723e-03
1.759000e+03 0.000000e+00
1.760000e+03 0.000000e+00
1.761000e+03 4.640436e-04
1.762000e+03 1.694424e-03
1.763000e+03 1.038428e-03
1.764000e+03 2.153845e-04
1.765000e+03 0.000000e+00
1.766000e+03 2.241719e-03
1.767000e+03 2.643300e-04
1.768000e+03 2.081150e-03
1.769000e+03 0.000000e+00
1.770000e+03 2.433479e-03
1.771000e+03 0.000000e+00
1.772000e+03 0.000000e+00
1.773000e+03 6.325880e-05
1.774000e+03 6.524360e-04
1.775000e+03 0.000000e+00
1.776000e+03 0.000000e+00
1.777000e+03 2.680031e-03
1.778000e+03 5.526050e-03
1.779000e+03 1.125952e-04
1.780000e+03 5.921730e-04
1.781000e+03 1.354018e-03
1.782000e+03 0.000000e+00
1.783000e+03 2.962928e-04
1.784000e+03 1.492868e-03
1.785000e+03 0.000000e+00
1.786000e+03 4.267946e-03
1.787000e+03 0.000000e+00
1.788000e+03 0.000000e+00
1.789000e+03 0.000000e+00
1.790000e+03 4.601266e-03
1.791000e+03 4.084298e-03
1.792000e+03 2.713231e-03
1.793000e+03 0.000000e+00
1.794000e+03 0.000000e+00
1.795000e+03 0.000000e+00
1.796000e+03 5.597240e-03
1.797000e+03 6.640960e-03
1.798000e+03 2.609969e-03
1.799000e+03 0.000000e+00
1.800000e+03 0.000000e+00
1.801000e+03 3.371419e-03
1.802000e+03 6.799345e-04
1.803000e+03 0.000000e+00
1.804000e+03 0.000000e+00
1.805000e+03 9.770810e-04
1.806000e+03 3.146287e-03
1.807000e+03 0.000000e+00
1.808000e+03 0.000000e+00
1.809000e+03 0.000000e+00
1.810000e+03 3.685771e-04
1.811000e+03 1.915819e-03
1.812000e+03 4.869217e-03
1.813000e+03 4.086050e-03
1.814000e+03 3.289681e-03
1.815000e+03 1.265278e-03
1.816000e+03 1.948585e-03
1.817000e+03 1.514811e-03
1.818000e+03 0.000000e+00
1.819000e+03 0.000000e+00
1.820000e+03 2.096144e-03
1.821000e+03 0.000000e+00
1.822000e+03 0.000000e+00
1.823000e+03 3.819120e-04
1.824000e+03 4.506863e-04
1.825000e+03 2.374738e-03
1.826000e+03 5.292505e-03
1.827000e+03 2.985673e-03
1.828000e+03 2.256674e-03
1.829000e+03 1.516167e-03
1.830000e+03 9.635495e-04
1.831000e+03 1.084240e-03
1.832000e+03 2.147330e-03
1.833000e+03 2.926552e-03
1.834000e+03 3.712452e-03
1.835000e+03 6.512330e-03
1.836000e+03 3.927040e-04
1.837000e+03 0.000000e+00
1.838000e+03 0.000000e+00
1.839000e+03 0.000000e+00
1.840000e+03 0.000000e+00
1.841000e+03 0.000000e+00
1.842000e+03 0.000000e+00
1.843000e+03 0.000000e+00
1.844000e+03 0.000000e+00
1.845000e+03 0.000000e+00
1.846000e+03 0.000000e+00
1.847000e+03 0.000000e+00
1.848000e+03 0.000000e+00
1.849000e+03 0.000000e+00
1.850000e+03 0.000000e+00
1.851000e+03 7.999125e-04
1.852000e+03 0.000000e+00
1.853000e+03 0.000000e+00
1.854000e+03 0.000000e+00
1.855000e+03 2.442067e-03
1.856000e+03 1.411135e-03
1.857000e+03 3.528680e-04
1.858000e+03 0.000000e+00
1.859000e+03 0.000000e+00
1.860000e+03 0.000000e+00
1.861000e+03 1.561609e-03
1.862000e+03 9.038270e-04
1.863000e+03 0.000000e+00
1.864000e+03 4.351712e-03
1.865000e+03 4.464994e-03
1.866000e+03 0.000000e+00
1.867000e+03 0.000000e+00
1.868000e+03 5.629135e-04
1.869000e+03 2.220604e-04
1.870000e+03 0.000000e+00
1.871000e+03 0.000000e+00
1.872000e+03 1.281562e-03
1.873000e+03 0.000000e+00
1.874000e+03 0.000000e+00
1.875000e+03 0.000000e+00
1.876000e+03 0.000000e+00
1.877000e+03 2.479527e-04
1.878000e+03 2.169227e-05
1.879000e+03 3.832071e-04
1.880000e+03 1.256127e-03
1.881000e+03 0.000000e+00
1.882000e+03 0.000000e+00
1.883000e+03 0.000000e+00
1.884000e+03 1.957886e-07
1.885000e+03 2.962775e-04
1.886000e+03 1.191099e-03
1.887000e+03 2.879650e-03
1.888000e+03 4.122248e-03
1.889000e+03 5.333660e-03
1.890000e+03 1.719179e-03
1.891000e+03 0.000000e+00
1.892000e+03 2.947032e-03
1.893000e+03 3.479132e-03
1.894000e+03 3.882549e-03
1.895000e+03 0.000000e+00
1.896000e+03 0.000000e+00
1.897000e+03 1.913184e-03
1.898000e+03 0.000000e+00
1.899000e+03 0.000000e+00
1.900000e+03 0.000000e+00
1.901000e+03 0.000000e+00
1.902000e+03 0.000000e+00
1.903000e+03 8.590905e-04
1.904000e+03 0.000000e+00
1.905000e+03 0.000000e+00
1.906000e+03 3.223281e-03
1.907000e+03 1.145437e-03
1.908000e+03 0.000000e+00
1.909000e+03 0.000000e+00
1.910000e+03 0.000000e+00
1.911000e+03 8.289650e-05
1.912000e+03 0.000000e+00
1.913000e+03 0.000000e+00
1.914000e+03 1.643781e-05
1.915000e+03 2.203715e-03
1.916000e+03 3.012166e-03
1.917000e+03 3.518512e-03
1.918000e+03 1.645416e-03
1.919000e+03 3.970829e-04
1.920000e+03 0.000000e+00
1.921000e+03 0.000000e+00
1.922000e+03 0.000000e+00
1.923000e+03 2.224158e-03
1.924000e+03 2.230915e-03
1.925000e+03 2.237859e-03
1.926000e+03 6.896250e-04
1.927000e+03 1.445623e-03
1.928000e+03 2.698535e-03
1.929000e+03 0.000000e+00
1.930000e+03 0.000000e+00
1.931000e+03 0.000000e+00
1.932000e+03 1.353187e-03
1.933000e+03 1.219410e-03
1.934000e+03 0.000000e+00
1.935000e+03 0.000000e+00
1.936000e+03 0.000000e+00
1.937000e+03 0.000000e+00
1.938000e+03 8.348560e-04
1.939000e+03 2.171957e-03
1.940000e+03 0.000000e+00
1.941000e+03 0.000000e+00
1.942000e+03 0.000000e+00
1.943000e+03 1.244492e-03
1.944000e+03 1.493917e-03
1.945000e+03 1.630070e-03
1.946000e+03 3.799375e-03
1.947000e+03 3.383296e-03
1.948000e+03 1.602689e-03
1.949000e+03 2.244028e-03
1.950000e+03 1.234895e-03
1.951000e+03 0.000000e+00
1.952000e+03 0.000000e+00
1.953000e+03 4.995229e-04
1.954000e+03 0.000000e+00
1.955000e+03 0.000000e+00
1.956000e+03 0.000000e+00
1.957000e+03 3.132861e-03
1.958000e+03 1.390062e-03
1.959000e+03 0.000000e+00
1.960000e+03 3.027153e-03
1.961000e+03 2.286179e-03
1.962000e+03 8.131575e-04
1.963000e+03 0.000000e+00
1.964000e+03 8.680955e-06
1.965000e+03 1.761108e-03
1.966000e+03 1.906939e-03
1.967000e+03 1.024230e-03
1.968000e+03 0.000000e+00
1.969000e+03 0.000000e+00
1.970000e+03 0.000000e+00
1.971000e+03 6.864325e-04
1.972000e+03 4.500939e-05
1.973000e+03 0.000000e+00
1.974000e+03 1.855668e-03
1.975000e+03 1.160951e-03
1.976000e+03 4.126640e-04
1.977000e+03 0.000000e+00
1.978000e+03 0.000000e+00
1.979000e+03 0.000000e+00
1.980000e+03 0.000000e+00
1.981000e+03 0.000000e+00
1.982000e+03 0.000000e+00
1.983000e+03 5.101705e-04
1.984000e+03 9.389110e-04
1.985000e+03 8.019320e-04
1.986000e+03 1.398132e-03
1.987000e+03 1.626286e-03
1.988000e+03 1.003691e-03
1.989000e+03 0.000000e+00
1.990000e+03 0.000000e+00
1.991000e+03 0.000000e+00
1.992000e+03 0.000000e+00
1.993000e+03 9.922300e-04
1.994000e+03 0.000000e+00
1.995000e+03 0.000000e+00
1.996000e+03 1.638645e-03
1.997000e+03 3.335613e-03
1.998000e+03 2.424325e-03
1.999000e+03 0.000000e+00
2.000000e+03 6.828535e-04
2.001000e+03 7.816940e-04
2.002000e+03 0.000000e+00
2.003000e+03 0.000000e+00
2.004000e+03 0.000000e+00
2.005000e+03 5.342175e-05
2.006000e+03 2.236681e-04
2.007000e+03 3.744474e-04
2.008000e+03 1.566272e-03
2.009000e+03 2.326442e-03
2.010000e+03 3.190231e-03
2.011000e+03 1.714909e-03
2.012000e+03 1.387771e-03
2.013000e+03 1.051846e-03
2.014000e+03 2.328036e-03
2.015000e+03 2.796232e-03
2.016000e+03 3.317211e-03
2.017000e+03 0.000000e+00
2.018000e+03 0.000000e+00
2.019000e+03 3.095009e-03
2.020000e+03 3.438606e-04
2.021000e+03 0.000000e+00
2.022000e+03 9.222985e-04
2.023000e+03 6.391130e-04
2.024000e+03 3.968155e-04
2.025000e+03 0.000000e+00
2.026000e+03 0.000000e+00
2.027000e+03 0.000000e+00
2.028000e+03 0.000000e+00
2.029000e+03 0.000000e+00
2.030000e+03 0.000000e+00
2.031000e+03 0.000000e+00
2.032000e+03 0.000000e+00
2.033000e+03 5.198055e-04
2.034000e+03 0.000000e+00
2.035000e+03 0.000000e+00
2.036000e+03 1.629980e-03
2.037000e+03 1.569278e-03
2.038000e+03 1.610028e-03
2.039000e+03 2.379447e-03
2.040000e+03 2.632443e-03
2.041000e+03 2.845321e-03
2.042000e+03 1.540711e-03
2.043000e+03 1.008473e-03
2.044000e+03 3.641426e-04
2.045000e+03 4.243565e-04
2.046000e+03 6.456670e-04
2.047000e+03 1.031729e-03
2.048000e+03 1.005204e-03
2.049000e+03 4.544551e-04
2.050000e+03 0.000000e+00
2.051000e+03 0.000000e+00
2.052000e+03 0.000000e+00
2.053000e+03 0.000000e+00
2.054000e+03 0.000000e+00
2.055000e+03 0.000000e+00
2.056000e+03 0.000000e+00
2.057000e+03 0.000000e+00
2.058000e+03 0.000000e+00
2.059000e+03 3.469138e-04
2.060000e+03 0.000000e+00
2.061000e+03 0.000000e+00
2.062000e+03 2.226765e-03
2.063000e+03 1.063441e-03
2.064000e+03 0.000000e+00
2.065000e+03 0.000000e+00
2.066000e+03 0.000000e+00
2.067000e+03 3.843920e-04
2.068000e+03 3.788740e-04
2.069000e+03 4.038074e-04
2.070000e+03 5.457485e-04
2.071000e+03 9.966015e-04
2.072000e+03 1.294086e-03
2.073000e+03 1.493221e-03
2.074000e+03 6.882060e-04
2.075000e+03 0.000000e+00
2.076000e+03 0.000000e+00
2.077000e+03 2.160649e-04
2.078000e+03 1.811924e-03
2.079000e+03 0.000000e+00
2.080000e+03 0.000000e+00
2.081000e+03 1.391386e-04
2.082000e+03 0.000000e+00
2.083000e+03 0.000000e+00
2.084000e+03 4.093935e-04
2.085000e+03 1.535580e-04
2.086000e+03 0.000000e+00
2.087000e+03 0.000000e+00
2.088000e+03 0.000000e+00
2.089000e+03 0.000000e+00
2.090000e+03 1.349490e-03
2.091000e+03 5.958735e-04
2.092000e+03 0.000000e+00
2.093000e+03 1.519097e-03
2.094000e+03 8.230210e-04
2.095000e+03 0.000000e+00
2.096000e+03 0.000000e+00
2.097000e+03 0.000000e+00
2.098000e+03 1.726642e-03
2.099000e+03 9.570095e-04
2.100000e+03 1.036791e-03
2.101000e+03 2.057267e-03
2.102000e+03 1.367275e-03
2.103000e+03 8.942705e-04
2.104000e+03 0.000000e+00
2.105000e+03 5.395350e-04
2.106000e+03 9.083640e-04
2.107000e+03 0.000000e+00
2.108000e+03 0.000000e+00
2.109000e+03 2.309039e-04
2.110000e+03 1.750581e-04
2.111000e+03 7.983260e-05
2.112000e+03 0.000000e+00
2.113000e+03 0.000000e+00
2.114000e+03 0.000000e+00
2.115000e+03 0.000000e+00
2.116000e+03 1.032782e-03
2.117000e+03 1.189834e-03
2.118000e+03 0.000000e+00
2.119000e+03 4.864689e-04
2.120000e+03 8.361285e-04
2.121000e+03 1.343817e-03
2.122000e+03 1.802525e-04
2.123000e+03 0.000000e+00
2.124000e+03 8.417390e-04
2.125000e+03 0.000000e+00
2.126000e+03 0.000000e+00
2.127000e+03 0.000000e+00
2.128000e+03 0.000000e+00
2.129000e+03 0.000000e+00
2.130000e+03 3.234511e-04
2.131000e+03 8.658505e-04
2.132000e+03 1.359840e-03
2.133000e+03 0.000000e+00
2.134000e+03 0.000000e+00
2.135000e+03 0.000000e+00
2.136000e+03 8.139895e-04
2.137000e+03 1.312329e-03
2.138000e+03 3.587263e-04
2.139000e+03 8.901475e-04
2.140000e+03 1.300842e-03
2.141000e+03 4.839268e-04
2.142000e+03 7.170805e-05
2.143000e+03 0.000000e+00
2.144000e+03 0.000000e+00
2.145000e+03 0.000000e+00
2.146000e+03 5.686270e-04
2.147000e+03 8.959595e-05
2.148000e+03 0.000000e+00
2.149000e+03 0.000000e+00
2.150000e+03 4.608774e-04
2.151000e+03 1.004408e-03
2.152000e+03 1.943815e-03
2.153000e+03 5.511985e-04
2.154000e+03 0.000000e+00
2.155000e+03 0.000000e+00
2.156000e+03 0.000000e+00
2.157000e+03 0.000000e+00
2.158000e+03 0.000000e+00
2.159000e+03 0.000000e+00
2.160000e+03 9.946450e-05
2.161000e+03 1.587226e-04
2.162000e+03 3.376870e-04
2.163000e+03 6.529990e-04
2.164000e+03 9.725805e-05
2.165000e+03 0.000000e+00
2.166000e+03 0.000000e+00
2.167000e+03 2.676062e-04
2.168000e+03 6.327755e-04
2.169000e+03 1.143448e-03
2.170000e+03 1.480585e-03
2.171000e+03 1.531470e-03
2.172000e+03 0.000000e+00
2.173000e+03 5.376960e-04
2.174000e+03 1.507504e-03
2.175000e+03 4.257699e-04
2.176000e+03 2.831171e-04
2.177000e+03 1.279323e-04
2.178000e+03 0.000000e+00
2.179000e+03 0.000000e+00
2.180000e+03 0.000000e+00
2.181000e+03 4.132569e-04
2.182000e+03 5.780720e-04
2.183000e+03 7.138515e-05
2.184000e+03 0.000000e+00
2.185000e+03 0.000000e+00
2.186000e+03 3.614460e-05
2.187000e+03 0.000000e+00
2.188000e+03 0.000000e+00
2.189000e+03 1.072552e-03
2.190000e+03 2.389307e-04
2.191000e+03 0.000000e+00
2.192000e+03 0.000000e+00
2.193000e+03 0.000000e+00
2.194000e+03 2.016852e-04
2.195000e+03 6.054470e-04
2.196000e+03 4.353316e-04
2.197000e+03 0.000000e+00
2.198000e+03 0.000000e+00
2.199000e+03 0.000000e+00
2.200000e+03 0.000000e+00
2.201000e+03 0.000000e+00
2.202000e+03 1.390788e-04
2.203000e+03 8.830630e-04
2.204000e+03 0.000000e+00
2.205000e+03 0.000000e+00
2.206000e+03 1.598573e-04
2.207000e+03 5.595530e-04
2.208000e+03 9.842220e-04
2.209000e+03 0.000000e+00
2.210000e+03 0.000000e+00
2.211000e+03 0.000000e+00
2.212000e+03 5.692555e-04
2.213000e+03 9.170020e-04
2.214000e+03 8.022340e-04
2.215000e+03 2.399576e-04
2.216000e+03 1.883418e-04
2.217000e+03 7.367165e-04
2.218000e+03 5.139975e-04
2.219000e+03 3.779593e-04
2.220000e+03 2.272103e-04
2.221000e+03 0.000000e+00
2.222000e+03 0.000000e+00
2.223000e+03 2.665450e-04
2.224000e+03 2.592112e-04
2.225000e+03 2.507291e-04
2.226000e+03 0.000000e+00
2.227000e+03 0.000000e+00
2.228000e+03 0.000000e+00
2.229000e+03 2.843248e-04
2.230000e+03 5.348290e-04
2.231000e+03 3.979840e-04
2.232000e+03 0.000000e+00
2.233000e+03 0.000000e+00
2.234000e+03 1.021706e-03
2.235000e+03 0.000000e+00
2.236000e+03 0.000000e+00
2.237000e+03 0.000000e+00
2.238000e+03 0.000000e+00
2.239000e+03 7.262640e-04
2.240000e+03 0.000000e+00
2.241000e+03 2.887298e-04
2.242000e+03 6.674770e-04
2.243000e+03 3.473706e-04
2.244000e+03 2.292880e-04
2.245000e+03 7.814695e-05
2.246000e+03 0.000000e+00
2.247000e+03 0.000000e+00
2.248000e+03 2.177520e-04
2.249000e+03 4.982925e-04
2.250000e+03 5.425665e-04
2.251000e+03 1.432726e-04
2.252000e+03 0.000000e+00
2.253000e+03 0.000000e+00
2.254000e+03 0.000000e+00
2.255000e+03 2.361268e-04
2.256000e+03 4.698108e-04
2.257000e+03 1.550714e-03
2.258000e+03 1.292936e-03
2.259000e+03 8.806860e-04
2.260000e+03 8.734800e-04
2.261000e+03 4.131792e-04
2.262000e+03 0.000000e+00
2.263000e+03 5.135520e-04
2.264000e+03 8.480745e-04
2.265000e+03 9.361555e-04
2.266000e+03 7.385560e-04
2.267000e+03 9.231380e-04
2.268000e+03 2.746719e-03
2.269000e+03 3.454862e-04
2.270000e+03 0.000000e+00
2.271000e+03 2.138471e-04
2.272000e+03 7.015290e-04
2.273000e+03 1.211059e-03
2.274000e+03 4.152005e-05
2.275000e+03 1.743162e-04
2.276000e+03 4.912078e-04
2.277000e+03 9.576190e-04
2.278000e+03 6.410330e-04
2.279000e+03 0.000000e+00
2.280000e+03 7.177385e-04
2.281000e+03 8.038420e-04
2.282000e+03 0.000000e+00
2.283000e+03 0.000000e+00
2.284000e+03 0.000000e+00
2.285000e+03 1.103428e-03
2.286000e+03 2.016959e-04
2.287000e+03 0.000000e+00
2.288000e+03 0.000000e+00
2.289000e+03 0.000000e+00
2.290000e+03 0.000000e+00
2.291000e+03 0.000000e+00
2.292000e+03 1.876282e-04
2.293000e+03 1.810924e-03
2.294000e+03 0.000000e+00
2.295000e+03 0.000000e+00
2.296000e+03 0.000000e+00
2.297000e+03 2.814575e-04
2.298000e+03 9.870205e-04
2.299000e+03 8.732695e-04
2.300000e+03 7.011260e-04
2.301000e+03 5.754935e-04
2.302000e+03 3.028133e-04
2.303000e+03 7.408880e-04
2.304000e+03 1.124716e-03
2.305000e+03 0.000000e+00
2.306000e+03 0.000000e+00
2.307000e+03 4.979556e-04
2.308000e+03 8.782040e-04
2.309000e+03 5.880085e-04
2.310000e+03 0.000000e+00
2.311000e+03 0.000000e+00
2.312000e+03 0.000000e+00
2.313000e+03 1.945006e-04
2.314000e+03 1.048860e-03
2.315000e+03 1.184704e-03
2.316000e+03 0.000000e+00
2.317000e+03 0.000000e+00
2.318000e+03 0.000000e+00
2.319000e+03 0.000000e+00
2.320000e+03 0.000000e+00
2.321000e+03 0.000000e+00
2.322000e+03 0.000000e+00
2.323000e+03 0.000000e+00
2.324000e+03 5.123355e-04
2.325000e+03 5.395990e-04
2.326000e+03 4.025059e-04
2.327000e+03 9.280995e-05
2.328000e+03 2.074443e-04
2.329000e+03 0.000000e+00
2.330000e+03 0.000000e+00
2.331000e+03 6.516325e-04
2.332000e+03 1.209896e-03
2.333000e+03 0.000000e+00
2.334000e+03 0.000000e+00
2.335000e+03 5.621955e-04
2.336000e+03 3.213432e-04
2.337000e+03 2.023561e-04
2.338000e+03 7.196315e-05
2.339000e+03 6.450830e-05
2.340000e+03 0.000000e+00
2.341000e+03 0.000000e+00
2.342000e+03 2.081729e-06
2.343000e+03 5.909630e-05
2.344000e+03 3.867520e-05
2.345000e+03 0.000000e+00
2.346000e+03 0.000000e+00
2.347000e+03 3.980886e-04
2.348000e+03 4.271771e-04
2.349000e+03 2.979919e-04
2.350000e+03 0.000000e+00
2.351000e+03 0.000000e+00
2.352000e+03 7.583135e-04
2.353000e+03 0.000000e+00
2.354000e+03 2.150713e-04
2.355000e+03 5.229730e-04
2.356000e+03 3.808510e-04
2.357000e+03 3.717478e-04
2.358000e+03 3.843218e-04
2.359000e+03 1.589639e-03
2.360000e+03 1.702485e-03
2.361000e+03 1.166893e-03
2.362000e+03 1.655478e-05
2.363000e+03 0.000000e+00
2.364000e+03 0.000000e+00
2.365000e+03 0.000000e+00
2.366000e+03 0.000000e+00
2.367000e+03 5.371810e-04
2.368000e+03 6.955290e-04
2.369000e+03 8.456030e-04
2.370000e+03 0.000000e+00
2.371000e+03 0.000000e+00
2.372000e+03 2.320898e-04
2.373000e+03 6.093230e-04
2.374000e+03 3.914900e-04
2.375000e+03 0.000000e+00
2.376000e+03 2.505082e-04
2.377000e+03 3.412545e-04
2.378000e+03 2.022017e-04
2.379000e+03 0.000000e+00
2.380000e+03 0.000000e+00
2.381000e+03 0.000000e+00
2.382000e+03 4.589557e-04
2.383000e+03 9.915435e-04
2.384000e+03 6.846395e-04
2.385000e+03 6.330010e-04
2.386000e+03 5.774630e-04
2.387000e+03 6.066850e-04
2.388000e+03 6.291185e-04
2.389000e+03 6.616200e-04
2.390000e+03 0.000000e+00
2.391000e+03 1.956261e-05
2.392000e+03 5.126855e-04
2.393000e+03 1.024708e-03
2.394000e+03 1.132498e-03
2.395000e+03 8.270425e-04
2.396000e+03 7.704320e-04
2.397000e+03 6.882115e-04
2.398000e+03 2.015881e-04
2.399000e+03 0.000000e+00
2.400000e+03 0.000000e+00
2.401000e+03 0.000000e+00
2.402000e+03 0.000000e+00
2.403000e+03 0.000000e+00
2.404000e+03 0.000000e+00
2.405000e+03 4.935381e-04
2.406000e+03 1.747231e-03
2.407000e+03 4.672117e-04
2.408000e+03 1.767258e-04
2.409000e+03 2.418542e-04
2.410000e+03 1.338292e-04
2.411000e+03 3.101979e-04
2.412000e+03 1.488566e-03
2.413000e+03 4.562181e-04
2.414000e+03 0.000000e+00
2.415000e+03 0.000000e+00
2.416000e+03 0.000000e+00
2.417000e+03 4.811553e-04
2.418000e+03 5.144070e-04
2.419000e+03 8.587055e-04
2.420000e+03 1.341720e-03
2.421000e+03 2.150498e-04
2.422000e+03 0.000000e+00
2.423000e+03 0.000000e+00
2.424000e+03 1.930696e-04
2.425000e+03 5.736245e-04
2.426000e+03 9.302070e-04
2.427000e+03 1.063892e-03
2.428000e+03 9.763525e-04
2.429000e+03 0.000000e+00
2.430000e+03 0.000000e+00
2.431000e+03 0.000000e+00
2.432000e+03 2.421667e-04
2.433000e+03 3.876747e-04
2.434000e+03 5.467665e-04
2.435000e+03 0.000000e+00
2.436000e+03 0.000000e+00
2.437000e+03 0.000000e+00
2.438000e+03 0.000000e+00
2.439000e+03 3.336596e-04
2.440000e+03 1.446688e-03
2.441000e+03 4.880382e-04
2.442000e+03 1.393115e-04
2.443000e+03 1.313542e-04
2.444000e+03 6.036990e-04
2.445000e+03 8.372275e-04
2.446000e+03 4.665652e-04
2.447000e+03 3.277960e-04
2.448000e+03 2.092894e-04
2.449000e+03 0.000000e+00
2.450000e+03 1.725872e-04
2.451000e+03 4.867697e-04
2.452000e+03 0.000000e+00
2.453000e+03 2.139780e-04
2.454000e+03 1.446522e-03
2.455000e+03 1.357170e-03
2.456000e+03 8.607010e-04
2.457000e+03 0.000000e+00
2.458000e+03 2.180556e-04
2.459000e+03 4.458180e-04
2.460000e+03 0.000000e+00
2.461000e+03 3.735732e-04
2.462000e+03 7.003550e-04
2.463000e+03 0.000000e+00
2.464000e+03 0.000000e+00
2.465000e+03 0.000000e+00
2.466000e+03 0.000000e+00
2.467000e+03 0.000000e+00
2.468000e+03 0.000000e+00
2.469000e+03 0.000000e+00
2.470000e+03 0.000000e+00
2.471000e+03 0.000000e+00
2.472000e+03 0.000000e+00
2.473000e+03 0.000000e+00
2.474000e+03 0.000000e+00
2.475000e+03 3.062549e-04
2.476000e+03 8.294955e-04
2.477000e+03 9.615300e-04
2.478000e+03 4.321367e-04
2.479000e+03 2.580532e-05
2.480000e+03 3.936727e-04
2.481000e+03 1.670248e-04
2.482000e+03 0.000000e+00
2.483000e+03 0.000000e+00
2.484000e+03 0.000000e+00
2.485000e+03 0.000000e+00
2.486000e+03 3.261757e-04
2.487000e+03 4.658424e-04
2.488000e+03 3.917217e-04
2.489000e+03 0.000000e+00
2.490000e+03 0.000000e+00
2.491000e+03 1.974888e-05
2.492000e+03 0.000000e+00
2.493000e+03 0.000000e+00
2.494000e+03 0.000000e+00
2.495000e+03 4.307114e-04
2.496000e+03 1.243561e-03
2.497000e+03 1.444379e-03
2.498000e+03 9.835005e-04
2.499000e+03 3.551634e-04
2.500000e+03 8.365095e-04
2.501000e+03 6.160520e-04
2.502000e+03 2.513598e-05
2.503000e+03 2.432779e-04
2.504000e+03 4.018865e-04
2.505000e+03 7.260410e-04
2.506000e+03 2.845739e-04
2.507000e+03 1.093667e-04
2.508000e+03 3.212276e-04
2.509000e+03 4.679415e-04
2.510000e+03 5.560160e-04
2.511000e+03 5.614055e-05
2.512000e+03 0.000000e+00
2.513000e+03 0.000000e+00
2.514000e+03 8.865420e-06
2.515000e+03 0.000000e+00
2.516000e+03 0.000000e+00
2.517000e+03 0.000000e+00
2.518000e+03 0.000000e+00
2.519000e+03 0.000000e+00
2.520000e+03 0.000000e+00
2.521000e+03 1.064626e-05
2.522000e+03 3.181350e-04
2.523000e+03 0.000000e+00
2.524000e+03 0.000000e+00
2.525000e+03 0.000000e+00
2.526000e+03 4.900966e-04
2.527000e+03 1.391786e-03
2.528000e+03 0.000000e+00
2.529000e+03 0.000000e+00
2.530000e+03 1.639908e-04
2.531000e+03 0.000000e+00
2.532000e+03 0.000000e+00
2.533000e+03 2.968808e-04
2.534000e+03 1.247078e-04
2.535000e+03 9.828685e-05
2.536000e+03 1.530293e-04
2.537000e+03 1.499773e-05
2.538000e+03 0.000000e+00
2.539000e+03 0.000000e+00
2.540000e+03 0.000000e+00
2.541000e+03 0.000000e+00
2.542000e+03 8.577955e-05
2.543000e+03 0.000000e+00
2.544000e+03 0.000000e+00
2.545000e+03 6.106485e-04
2.546000e+03 7.006150e-04
2.547000e+03 7.664840e-04
2.548000e+03 0.000000e+00
2.549000e+03 0.000000e+00
2.550000e+03 0.000000e+00
2.551000e+03 0.000000e+00
2.552000e+03 1.186018e-05
2.553000e+03 7.324370e-04
2.554000e+03 0.000000e+00
2.555000e+03 0.000000e+00
2.556000e+03 4.275707e-04
2.557000e+03 8.151475e-04
2.558000e+03 1.115665e-03
2.559000e+03 0.000000e+00
2.560000e+03 2.529993e-04
2.561000e+03 1.086065e-03
2.562000e+03 1.155393e-03
2.563000e+03 9.127820e-04
2.564000e+03 4.647300e-04
2.565000e+03 4.252022e-04
2.566000e+03 4.534850e-04
2.567000e+03 5.612125e-04
2.568000e+03 6.744750e-04
2.569000e+03 6.464085e-04
2.570000e+03 2.558120e-04
2.571000e+03 9.342810e-05
2.572000e+03 9.394310e-06
2.573000e+03 3.093933e-04
2.574000e+03 2.341722e-05
2.575000e+03 0.000000e+00
2.576000e+03 1.518833e-04
2.577000e+03 0.000000e+00
2.578000e+03 0.000000e+00
2.579000e+03 6.084940e-04
2.580000e+03 7.163080e-04
2.581000e+03 5.185140e-04
2.582000e+03 1.292439e-04
2.583000e+03 3.668013e-07
2.584000e+03 0.000000e+00
2.585000e+03 0.000000e+00
2.586000e+03 0.000000e+00
2.587000e+03 0.000000e+00
2.588000e+03 0.000000e+00
2.589000e+03 0.000000e+00
2.590000e+03 5.375580e-04
2.591000e+03 2.942963e-04
2.592000e+03 1.624159e-05
2.593000e+03 7.597410e-04
2.594000e+03 2.050978e-04
2.595000e+03 0.000000e+00
2.596000e+03 3.785408e-04
2.597000e+03 5.831955e-04
2.598000e+03 3.852540e-04
2.599000e+03 3.447466e-04
2.600000e+03 4.577945e-04
2.601000e+03 1.092176e-03
2.602000e+03 1.612024e-03
2.603000e+03 1.849336e-03
2.604000e+03 7.482240e-04
2.605000e+03 2.276499e-04
2.606000e+03 0.000000e+00
2.607000e+03 8.347295e-04
2.608000e+03 5.460960e-04
2.609000e+03 1.023561e-04
2.610000e+03 1.109151e-03
2.611000e+03 1.063319e-03
2.612000e+03 6.506940e-04
2.613000e+03 7.579360e-04
2.614000e+03 8.545440e-04
2.615000e+03 1.082164e-03
2.616000e+03 1.231185e-03
2.617000e+03 1.392839e-03
2.618000e+03 2.031490e-03
2.619000e+03 8.159610e-04
2.620000e+03 0.000000e+00
2.621000e+03 7.622895e-04
2.622000e+03 3.126659e-04
2.623000e+03 0.000000e+00
2.624000e+03 1.064787e-03
2.625000e+03 6.076665e-04
2.626000e+03 0.000000e+00
2.627000e+03 3.725414e-04
2.628000e+03 1.815776e-04
2.629000e+03 0.000000e+00
2.630000e+03 1.173020e-03
2.631000e+03 1.628274e-03
2.632000e+03 3.485956e-04
2.633000e+03 1.569105e-03
2.634000e+03 2.139631e-03
2.635000e+03 9.558005e-05
2.636000e+03 6.139835e-04
2.637000e+03 1.083931e-03
2.638000e+03 0.000000e+00
2.639000e+03 0.000000e+00
2.640000e+03 4.445491e-05
2.641000e+03 1.135697e-03
2.642000e+03 1.028001e-03
2.643000e+03 4.802105e-04
2.644000e+03 0.000000e+00
2.645000e+03 0.000000e+00
2.646000e+03 0.000000e+00
2.647000e+03 1.689118e-04
2.648000e+03 2.617230e-04
2.649000e+03 3.404540e-05
2.650000e+03 3.039035e-04
2.651000e+03 4.740360e-04
2.652000e+03 0.000000e+00
2.653000e+03 0.000000e+00
2.654000e+03 4.787753e-04
2.655000e+03 4.326759e-04
2.656000e+03 6.589905e-04
2.657000e+03 1.041474e-03
2.658000e+03 2.398382e-04
2.659000e+03 2.513531e-04
2.660000e+03 7.269205e-04
2.661000e+03 0.000000e+00
2.662000e+03 0.000000e+00
2.663000e+03 0.000000e+00
2.664000e+03 0.000000e+00
2.665000e+03 9.871745e-05
2.666000e+03 3.559093e-04
2.667000e+03 3.160440e-04
2.668000e+03 2.800416e-04
2.669000e+03 6.521405e-04
2.670000e+03 1.147950e-03
2.671000e+03 1.805114e-03
2.672000e+03 1.225541e-03
2.673000e+03 8.115890e-04
2.674000e+03 1.240080e-04
2.675000e+03 6.805350e-04
2.676000e+03 6.576585e-04
2.677000e+03 2.281631e-05
2.678000e+03 0.000000e+00
2.679000e+03 0.000000e+00
2.680000e+03 9.913895e-05
2.681000e+03 9.759980e-04
2.682000e+03 1.587970e-03
2.683000e+03 1.191838e-04
2.684000e+03 0.000000e+00
2.685000e+03 0.000000e+00
2.686000e+03 6.102180e-04
2.687000e+03 7.302960e-04
2.688000e+03 8.131740e-04
2.689000e+03 4.491364e-04
2.690000e+03 6.434315e-04
2.691000e+03 1.365229e-03
2.692000e+03 0.000000e+00
2.693000e+03 0.000000e+00
2.694000e+03 0.000000e+00
2.695000e+03 0.000000e+00
2.696000e+03 4.447922e-04
2.697000e+03 8.402190e-04
2.698000e+03 3.960015e-04
2.699000e+03 0.000000e+00
2.700000e+03 0.000000e+00
2.701000e+03 0.000000e+00
2.702000e+03 0.000000e+00
2.703000e+03 0.000000e+00
2.704000e+03 0.000000e+00
2.705000e+03 2.015547e-04
2.706000e+03 8.397990e-04
2.707000e+03 8.339680e-04
2.708000e+03 1.478242e-04
2.709000e+03 8.237400e-04
2.710000e+03 9.943895e-04
2.711000e+03 0.000000e+00
2.712000e+03 0.000000e+00
2.713000e+03 0.000000e+00
2.714000e+03 7.719700e-05
2.715000e+03 4.435804e-04
2.716000e+03 8.572800e-04
2.717000e+03 0.000000e+00
2.718000e+03 0.000000e+00
2.719000e+03 6.285795e-04
2.720000e+03 3.570500e-04
2.721000e+03 2.927165e-04
2.722000e+03 2.813132e-04
2.723000e+03 8.074250e-04
2.724000e+03 1.007124e-03
2.725000e+03 9.722195e-04
2.726000e+03 9.339880e-04
2.727000e+03 8.463325e-04
2.728000e+03 0.000000e+00
2.729000e+03 0.000000e+00
2.730000e+03 0.000000e+00
2.731000e+03 7.707445e-04
2.732000e+03 4.426495e-04
2.733000e+03 0.000000e+00
2.734000e+03 1.329427e-03
2.735000e+03 1.235270e-03
2.736000e+03 5.467835e-04
2.737000e+03 4.838717e-04
2.738000e+03 1.032679e-05
2.739000e+03 0.000000e+00
2.740000e+03 0.000000e+00
2.741000e+03 4.731443e-04
2.742000e+03 4.096374e-04
2.743000e+03 3.272485e-04
2.744000e+03 2.718318e-04
2.745000e+03 1.004631e-03
2.746000e+03 4.914312e-04
2.747000e+03 0.000000e+00
2.748000e+03 8.470105e-04
2.749000e+03 6.253345e-04
2.750000e+03 6.537770e-05
2.751000e+03 0.000000e+00
2.752000e+03 0.000000e+00
2.753000e+03 1.303436e-03
2.754000e+03 2.089862e-03
2.755000e+03 2.202011e-03
2.756000e+03 1.076214e-03
2.757000e+03 1.525635e-03
2.758000e+03 1.748138e-03
2.759000e+03 6.215130e-04
2.760000e+03 3.980409e-04
2.761000e+03 1.801090e-04
2.762000e+03 1.646671e-04
2.763000e+03 2.528346e-06
2.764000e+03 0.000000e+00
2.765000e+03 4.495364e-04
2.766000e+03 6.120775e-04
2.767000e+03 7.175015e-04
2.768000e+03 5.421250e-04
2.769000e+03 3.198041e-04
2.770000e+03 0.000000e+00
2.771000e+03 0.000000e+00
2.772000e+03 2.352969e-04
2.773000e+03 9.529695e-04
2.774000e+03 6.793315e-04
2.775000e+03 4.559412e-04
2.776000e+03 1.514380e-03
2.777000e+03 1.585709e-03
2.778000e+03 1.673003e-03
2.779000e+03 1.169704e-03
2.780000e+03 1.021850e-03
2.781000e+03 8.512135e-04
2.782000e+03 6.561030e-04
2.783000e+03 7.241025e-04
2.784000e+03 1.084188e-03
2.785000e+03 4.250634e-04
2.786000e+03 3.438917e-04
2.787000e+03 1.567880e-03
2.788000e+03 1.649826e-03
2.789000e+03 1.661697e-03
2.790000e+03 6.871030e-04
2.791000e+03 1.359572e-03
2.792000e+03 2.052417e-03
2.793000e+03 3.974689e-03
2.794000e+03 5.585445e-03
2.795000e+03 7.909470e-03
2.796000e+03 1.234961e-02
2.797000e+03 1.502414e-02
2.798000e+03 1.951816e-02
2.799000e+03 1.487322e-02
2.800000e+03 1.255985e-02
2.801000e+03 9.665280e-03
2.802000e+03 9.442015e-03
2.803000e+03 9.400875e-03
2.804000e+03 1.031648e-02
2.805000e+03 1.076554e-02
2.806000e+03 1.115560e-02
2.807000e+03 6.949815e-03
2.808000e+03 5.457645e-03
2.809000e+03 3.594758e-03
2.810000e+03 2.827680e-03
2.811000e+03 2.528894e-03
2.812000e+03 2.132511e-03
2.813000e+03 9.606320e-04
2.814000e+03 7.340440e-04
2.815000e+03 1.077634e-03
2.816000e+03 7.016400e-04
2.817000e+03 5.199645e-04
2.818000e+03 4.937780e-04
2.819000e+03 8.165615e-04
2.820000e+03 1.020123e-03
2.821000e+03 0.000000e+00
2.822000e+03 3.502457e-04
2.823000e+03 9.731365e-04
2.824000e+03 8.812370e-04
2.825000e+03 1.004452e-03
2.826000e+03 1.224079e-03
2.827000e+03 1.016442e-03
2.828000e+03 8.115165e-04
2.829000e+03 3.814903e-04
2.830000e+03 1.320951e-03
2.831000e+03 1.424947e-03
2.832000e+03 1.433033e-04
2.833000e+03 3.149562e-04
2.834000e+03 3.506528e-04
2.835000e+03 0.000000e+00
2.836000e+03 0.000000e+00
2.837000e+03 5.610840e-04
2.838000e+03 0.000000e+00
2.839000e+03 0.000000e+00
2.840000e+03 0.000000e+00
2.841000e+03 1.271797e-03
2.842000e+03 1.227475e-03
2.843000e+03 4.930702e-04
2.844000e+03 8.284005e-04
2.845000e+03 9.792855e-04
2.846000e+03 1.150533e-03
2.847000e+03 1.354764e-03
2.848000e+03 1.275608e-03
2.849000e+03 0.000000e+00
2.850000e+03 0.000000e+00
2.851000e+03 1.909035e-04
2.852000e+03 0.000000e+00
2.853000e+03 0.000000e+00
2.854000e+03 2.658528e-04
2.855000e+03 8.555130e-04
2.856000e+03 4.525484e-04
2.857000e+03 0.000000e+00
2.858000e+03 0.000000e+00
2.859000e+03 8.133900e-05
2.860000e+03 6.526340e-04
2.861000e+03 6.340400e-04
2.862000e+03 9.259915e-04
2.863000e+03 2.666817e-03
2.864000e+03 1.034243e-03
2.865000e+03 2.621045e-06
2.866000e+03 1.631470e-03
2.867000e+03 1.062470e-03
2.868000e+03 4.781308e-04
2.869000e+03 2.978706e-04
2.870000e+03 3.767193e-04
2.871000e+03 5.168545e-04
2.872000e+03 1.239789e-03
2.873000e+03 1.279443e-03
2.874000e+03 1.036514e-03
2.875000e+03 1.606251e-03
2.876000e+03 1.343171e-03
2.877000e+03 0.000000e+00
2.878000e+03 8.399210e-04
2.879000e+03 1.646848e-03
2.880000e+03 7.644885e-04
2.881000e+03 1.856390e-03
2.882000e+03 2.817256e-03
2.883000e+03 6.365435e-04
2.884000e+03 5.289580e-04
2.885000e+03 4.432836e-04
2.886000e+03 2.727730e-03
2.887000e+03 2.593417e-03
2.888000e+03 1.661604e-03
2.889000e+03 7.593535e-04
2.890000e+03 7.135415e-04
2.891000e+03 1.461536e-03
2.892000e+03 6.484750e-04
2.893000e+03 6.546410e-04
2.894000e+03 3.572186e-03
2.895000e+03 1.813696e-03
2.896000e+03 5.060720e-04
2.897000e+03 1.596634e-03
2.898000e+03 1.363538e-03
2.899000e+03 1.097427e-03
2.900000e+03 1.943139e-03
2.901000e+03 1.551476e-03
2.902000e+03 7.310845e-04
2.903000e+03 2.857977e-04
2.904000e+03 7.234525e-04
2.905000e+03 2.251669e-03
2.906000e+03 4.143252e-04
2.907000e+03 0.000000e+00
2.908000e+03 1.484020e-03
2.909000e+03 1.928343e-03
2.910000e+03 2.182146e-03
2.911000e+03 1.600062e-03
2.912000e+03 1.532241e-03
2.913000e+03 1.465454e-03
2.914000e+03 2.060740e-03
2.915000e+03 1.487115e-03
2.916000e+03 5.851260e-04
2.917000e+03 1.149168e-03
2.918000e+03 1.659628e-03
2.919000e+03 2.627369e-03
2.920000e+03 1.184404e-03
2.921000e+03 1.047741e-03
2.922000e+03 2.511876e-03
2.923000e+03 1.094997e-03
2.924000e+03 4.594030e-04
2.925000e+03 1.952888e-03
2.926000e+03 1.336369e-03
2.927000e+03 8.112055e-04
2.928000e+03 1.500161e-03
2.929000e+03 1.552334e-03
2.930000e+03 1.609193e-03
2.931000e+03 2.693705e-04
2.932000e+03 2.690038e-04
2.933000e+03 6.152300e-04
2.934000e+03 3.752117e-04
2.935000e+03 3.582012e-04
2.936000e+03 5.249040e-04
2.937000e+03 1.966519e-03
2.938000e+03 2.386367e-03
2.939000e+03 5.832715e-04
2.940000e+03 1.388882e-03
2.941000e+03 1.973027e-03
2.942000e+03 1.551647e-03
2.943000e+03 2.179148e-03
2.944000e+03 2.880846e-03
2.945000e+03 2.986502e-04
2.946000e+03 0.000000e+00
2.947000e+03 0.000000e+00
2.948000e+03 1.940778e-03
2.949000e+03 2.005250e-03
2.950000e+03 5.405150e-04
2.951000e+03 0.000000e+00
2.952000e+03 0.000000e+00
2.953000e+03 6.321385e-04
2.954000e+03 1.032039e-03
2.955000e+03 1.312766e-03
2.956000e+03 1.718851e-03
2.957000e+03 1.169645e-04
2.958000e+03 0.000000e+00
2.959000e+03 8.489245e-04
2.960000e+03 3.604220e-04
2.961000e+03 0.000000e+00
2.962000e+03 1.195346e-03
2.963000e+03 1.118260e-03
2.964000e+03 2.354169e-04
2.965000e+03 5.085600e-04
2.966000e+03 6.038805e-04
2.967000e+03 6.167680e-04
2.968000e+03 6.429045e-04
2.969000e+03 6.064080e-04
2.970000e+03 1.048669e-04
2.971000e+03 7.167890e-04
2.972000e+03 1.237290e-03
2.973000e+03 0.000000e+00
2.974000e+03 5.470330e-04
2.975000e+03 1.724287e-03
2.976000e+03 1.390517e-03
2.977000e+03 1.378479e-03
2.978000e+03 1.441446e-03
2.979000e+03 0.000000e+00
2.980000e+03 0.000000e+00
2.981000e+03 6.728285e-04
2.982000e+03 0.000000e+00
2.983000e+03 0.000000e+00
2.984000e+03 7.302125e-04
2.985000e+03 1.154571e-03
2.986000e+03 1.471030e-03
2.987000e+03 1.504078e-03
2.988000e+03 1.707667e-03
2.989000e+03 1.937698e-03
2.990000e+03 8.534000e-04
2.991000e+03 4.929717e-04
2.992000e+03 3.659478e-05
2.993000e+03 6.195230e-04
2.994000e+03 1.597262e-03
2.995000e+03 3.979539e-03
2.996000e+03 1.568813e-03
2.997000e+03 9.746270e-04
2.998000e+03 3.069393e-03
2.999000e+03 2.649847e-03
3.000000e+03 2.385643e-03
3.001000e+03 2.543696e-03
3.002000e+03 1.650060e-03
3.003000e+03 7.621915e-04
3.004000e+03 1.847228e-03
3.005000e+03 2.872322e-03
3.006000e+03 4.338508e-03
3.007000e+03 2.968371e-04
3.008000e+03 0.000000e+00
3.009000e+03 9.737970e-04
3.010000e+03 2.129546e-03
3.011000e+03 2.317781e-03
3.012000e+03 1.396963e-03
3.013000e+03 1.779396e-03
3.014000e+03 2.057027e-03
3.015000e+03 2.700831e-03
3.016000e+03 2.472554e-03
3.017000e+03 2.272529e-03
3.018000e+03 4.310277e-04
3.019000e+03 1.696303e-03
3.020000e+03 3.430056e-03
3.021000e+03 2.311059e-03
3.022000e+03 1.898172e-03
3.023000e+03 1.366483e-03
3.024000e+03 1.280511e-03
3.025000e+03 6.719415e-04
3.026000e+03 0.000000e+00
3.027000e+03 0.000000e+00
3.028000e+03 0.000000e+00
3.029000e+03 6.764255e-04
3.030000e+03 1.197765e-03
3.031000e+03 1.568732e-03
3.032000e+03 0.000000e+00
3.033000e+03 1.283308e-05
3.034000e+03 1.522252e-03
3.035000e+03 2.865341e-03
3.036000e+03 2.741724e-03
3.037000e+03 2.266290e-03
3.038000e+03 2.443949e-03
3.039000e+03 2.941476e-03
3.040000e+03 4.301000e-03
3.041000e+03 6.701995e-04
3.042000e+03 0.000000e+00
3.043000e+03 3.369883e-03
3.044000e+03 5.525215e-04
3.045000e+03 0.000000e+00
3.046000e+03 0.000000e+00
3.047000e+03 0.000000e+00
3.048000e+03 7.192540e-04
3.049000e+03 0.000000e+00
3.050000e+03 5.976810e-04
3.051000e+03 1.813330e-03
3.052000e+03 3.738607e-03
3.053000e+03 3.102828e-03
3.054000e+03 4.632560e-04
3.055000e+03 0.000000e+00
3.056000e+03 0.000000e+00
3.057000e+03 0.000000e+00
3.058000e+03 7.765545e-04
3.059000e+03 2.074368e-03
3.060000e+03 2.052535e-03
3.061000e+03 1.815029e-03
3.062000e+03 1.593899e-03
3.063000e+03 0.000000e+00
3.064000e+03 0.000000e+00
3.065000e+03 0.000000e+00
3.066000e+03 0.000000e+00
3.067000e+03 0.000000e+00
3.068000e+03 1.238307e-04
3.069000e+03 1.141020e-03
3.070000e+03 1.187320e-03
3.071000e+03 8.184670e-05
3.072000e+03 1.602897e-04
3.073000e+03 3.555817e-04
3.074000e+03 1.757670e-03
3.075000e+03 2.153470e-04
3.076000e+03 0.000000e+00
3.077000e+03 1.786428e-03
3.078000e+03 1.990807e-03
3.079000e+03 2.226449e-03
3.080000e+03 4.658328e-03
3.081000e+03 5.567525e-03
3.082000e+03 6.761245e-03
3.083000e+03 3.353714e-03
3.084000e+03 2.508770e-03
3.085000e+03 2.827705e-03
3.086000e+03 2.394119e-03
3.087000e+03 2.101162e-03
3.088000e+03 1.493889e-03
3.089000e+03 0.000000e+00
3.090000e+03 0.000000e+00
3.091000e+03 0.000000e+00
3.092000e+03 0.000000e+00
3.093000e+03 0.000000e+00
3.094000e+03 0.000000e+00
3.095000e+03 3.864699e-04
3.096000e+03 3.813849e-03
3.097000e+03 4.017258e-03
3.098000e+03 2.302780e-03
3.099000e+03 0.000000e+00
3.100000e+03 3.036802e-03
3.101000e+03 4.916774e-03
3.102000e+03 1.919801e-03
3.103000e+03 2.695437e-03
3.104000e+03 3.288710e-03
3.105000e+03 4.823260e-03
3.106000e+03 2.549086e-03
3.107000e+03 2.287457e-04
3.108000e+03 1.408556e-03
3.109000e+03 2.335675e-03
3.110000e+03 3.674728e-03
3.111000e+03 0.000000e+00
3.112000e+03 0.000000e+00
3.113000e+03 8.483585e-04
3.114000e+03 2.298570e-03
3.115000e+03 2.606596e-03
3.116000e+03 1.579002e-03
3.117000e+03 1.100587e-03
3.118000e+03 9.295515e-04
3.119000e+03 2.372961e-03
3.120000e+03 1.368546e-03
3.121000e+03 4.442972e-04
3.122000e+03 1.278120e-03
3.123000e+03 1.348776e-04
3.124000e+03 0.000000e+00
3.125000e+03 4.286140e-03
3.126000e+03 4.289275e-03
3.127000e+03 2.237237e-03
3.128000e+03 4.914382e-03
3.129000e+03 5.590725e-03
3.130000e+03 4.877948e-03
3.131000e+03 5.414630e-03
3.132000e+03 5.443780e-03
3.133000e+03 3.086553e-03
3.134000e+03 1.087164e-03
3.135000e+03 0.000000e+00
3.136000e+03 2.225670e-03
3.137000e+03 1.718299e-03
3.138000e+03 1.048043e-03
3.139000e+03 2.759022e-03
3.140000e+03 1.038067e-03
3.141000e+03 0.000000e+00
3.142000e+03 1.050423e-03
3.143000e+03 2.955180e-03
3.144000e+03 5.733680e-03
3.145000e+03 3.145524e-03
3.146000e+03 1.586130e-03
3.147000e+03 0.000000e+00
3.148000e+03 4.099877e-03
3.149000e+03 7.663385e-03
3.150000e+03 5.213060e-03
3.151000e+03 3.050534e-03
3.152000e+03 2.287581e-02
3.153000e+03 3.007277e-02
3.154000e+03 2.434119e-02
3.155000e+03 3.036832e-02
3.156000e+03 3.110967e-02
3.157000e+03 3.036284e-02
3.158000e+03 2.412366e-02
3.159000e+03 1.557927e-02
3.160000e+03 1.305506e-02
3.161000e+03 1.712114e-02
3.162000e+03 1.505306e-02
3.163000e+03 2.080315e-02
3.164000e+03 2.943544e-02
3.165000e+03 2.848444e-02
3.166000e+03 2.128964e-02
3.167000e+03 1.914265e-02
3.168000e+03 2.908644e-02
3.169000e+03 2.445482e-02
3.170000e+03 2.466112e-02
3.171000e+03 2.287887e-02
3.172000e+03 2.676310e-02
3.173000e+03 3.193941e-02
3.174000e+03 3.901244e-02
3.175000e+03 3.825640e-02
3.176000e+03 2.805967e-02
3.177000e+03 3.303686e-02
3.178000e+03 3.912556e-02
3.179000e+03 2.847917e-02
3.180000e+03 3.204349e-02
3.181000e+03 2.194685e-02
3.182000e+03 1.880243e-02
3.183000e+03 2.318573e-02
3.184000e+03 1.117497e-02
3.185000e+03 3.912105e-03
3.186000e+03 3.750857e-03
3.187000e+03 7.343760e-03
3.188000e+03 1.873903e-02
3.189000e+03 2.669250e-02
3.190000e+03 2.483940e-02
3.191000e+03 2.244642e-02
3.192000e+03 1.398618e-02
3.193000e+03 3.805453e-03
3.194000e+03 6.697995e-03
3.195000e+03 1.705230e-02
3.196000e+03 2.654094e-02
3.197000e+03 2.287654e-02
3.198000e+03 9.190610e-03
3.199000e+03 1.772447e-02
3.200000e+03 1.501436e-02
3.201000e+03 3.461494e-03
3.202000e+03 1.734980e-02
3.203000e+03 2.014967e-02
3.204000e+03 2.904232e-02
3.205000e+03 2.436925e-02
3.206000e+03 2.250734e-02
3.207000e+03 3.158585e-02
3.208000e+03 2.342772e-02
3.209000e+03 3.996331e-02
3.210000e+03 2.913401e-02
3.211000e+03 2.645587e-02
3.212000e+03 1.945748e-02
3.213000e+03 1.793410e-02
3.214000e+03 2.532745e-02
3.215000e+03 8.927170e-03
3.216000e+03 1.516344e-02
3.217000e+03 2.746158e-02
3.218000e+03 2.038884e-02
3.219000e+03 4.226908e-02
3.220000e+03 2.557057e-02
3.221000e+03 2.186653e-02
3.222000e+03 1.808482e-02
3.223000e+03 1.143467e-02
3.224000e+03 2.161250e-02
3.225000e+03 2.808429e-02
3.226000e+03 9.721555e-03
3.227000e+03 9.260640e-03
3.228000e+03 1.444365e-02
3.229000e+03 1.848393e-02
3.230000e+03 2.618546e-02
3.231000e+03 2.347182e-02
3.232000e+03 2.545512e-02
3.233000e+03 2.366327e-02
3.234000e+03 5.376935e-03
3.235000e+03 1.080611e-02
3.236000e+03 1.305341e-02
3.237000e+03 8.219920e-03
3.238000e+03 2.053230e-02
3.239000e+03 4.401327e-02
3.240000e+03 3.161499e-02
3.241000e+03 3.248992e-02
3.242000e+03 3.248819e-02
3.243000e+03 2.682666e-02
3.244000e+03 6.204640e-03
3.245000e+03 1.706894e-02
3.246000e+03 3.310011e-02
3.247000e+03 1.732595e-02
3.248000e+03 8.998600e-03
3.249000e+03 4.761339e-03
3.250000e+03 1.641435e-02
3.251000e+03 2.913534e-02
3.252000e+03 2.245350e-02
3.253000e+03 4.059626e-02
3.254000e+03 4.053348e-02
3.255000e+03 3.289549e-02
3.256000e+03 5.077205e-02
3.257000e+03 3.549841e-02
3.258000e+03 5.363010e-02
3.259000e+03 4.870160e-02
3.260000e+03 5.729975e-02
3.261000e+03 4.313520e-02
3.262000e+03 5.544220e-02
3.263000e+03 4.991714e-02
3.264000e+03 3.295363e-02
3.265000e+03 5.628355e-02
3.266000e+03 1.824712e-02
3.267000e+03 5.155665e-02
3.268000e+03 5.792190e-02
3.269000e+03 5.817675e-02
3.270000e+03 4.157038e-02
3.271000e+03 3.030764e-02
3.272000e+03 2.048906e-02
3.273000e+03 2.926662e-02
3.274000e+03 2.894173e-02
3.275000e+03 6.260430e-03
3.276000e+03 3.351887e-02
3.277000e+03 4.859502e-02
3.278000e+03 5.727315e-02
3.279000e+03 4.679424e-02
3.280000e+03 3.804566e-02
3.281000e+03 5.107230e-02
3.282000e+03 4.999126e-02
3.283000e+03 3.406006e-02
3.284000e+03 1.105775e-02
3.285000e+03 4.667092e-02
3.286000e+03 5.133540e-02
3.287000e+03 3.973481e-02
3.288000e+03 2.729692e-02
3.289000e+03 6.225505e-02
3.290000e+03 5.657265e-02
3.291000e+03 6.073495e-02
3.292000e+03 4.157790e-02
3.293000e+03 3.149732e-02
3.294000e+03 5.384250e-02
3.295000e+03 7.366265e-02
3.296000e+03 6.068615e-02
3.297000e+03 6.282100e-02
3.298000e+03 5.675530e-02
3.299000e+03 3.423446e-02
3.300000e+03 4.819830e-02
3.301000e+03 3.523707e-02
3.302000e+03 1.811071e-02
3.303000e+03 2.703146e-03
3.304000e+03 2.075901e-03
3.305000e+03 1.664035e-02
3.306000e+03 3.126076e-02
3.307000e+03 2.406917e-02
3.308000e+03 4.029158e-02
3.309000e+03 3.867191e-02
3.310000e+03 4.513675e-02
3.311000e+03 3.649677e-02
3.312000e+03 5.004430e-02
3.313000e+03 5.812155e-02
3.314000e+03 5.902885e-02
3.315000e+03 3.535086e-02
3.316000e+03 2.151115e-02
3.317000e+03 1.684895e-02
3.318000e+03 3.818793e-02
3.319000e+03 5.989610e-02
3.320000e+03 5.885765e-02
3.321000e+03 1.952871e-02
3.322000e+03 4.265849e-02
3.323000e+03 2.287187e-02
3.324000e+03 4.450765e-02
3.325000e+03 5.565575e-02
3.326000e+03 5.271145e-02
3.327000e+03 7.173400e-02
3.328000e+03 6.243525e-02
3.329000e+03 7.103035e-02
3.330000e+03 4.779122e-02
3.331000e+03 4.878448e-02
3.332000e+03 7.320970e-02
3.333000e+03 3.809579e-02
3.334000e+03 5.018805e-02
3.335000e+03 3.796431e-02
3.336000e+03 5.763405e-02
3.337000e+03 4.711754e-02
3.338000e+03 3.296824e-02
3.339000e+03 6.148310e-02
3.340000e+03 6.088205e-02
3.341000e+03 4.981745e-02
3.342000e+03 3.025905e-02
3.343000e+03 8.363170e-03
3.344000e+03 3.702908e-02
3.345000e+03 3.232768e-02
3.346000e+03 3.704239e-02
3.347000e+03 5.945375e-02
3.348000e+03 6.478685e-02
3.349000e+03 5.813920e-02
3.350000e+03 3.679107e-02
3.351000e+03 1.328211e-02
3.352000e+03 3.166379e-02
3.353000e+03 4.327656e-02
3.354000e+03 4.520453e-02
3.355000e+03 1.957842e-02
3.356000e+03 1.435156e-02
3.357000e+03 4.069337e-02
3.358000e+03 4.515889e-02
3.359000e+03 2.949787e-02
3.360000e+03 2.673468e-02
3.361000e+03 2.132192e-02
3.362000e+03 8.762855e-03
3.363000e+03 5.641160e-03
3.364000e+03 3.247344e-02
3.365000e+03 5.108825e-02
3.366000e+03 3.753786e-02
3.367000e+03 6.791045e-03
3.368000e+03 2.105911e-02
3.369000e+03 1.945671e-02
3.370000e+03 7.216285e-03
3.371000e+03 3.281696e-03
3.372000e+03 6.458675e-03
3.373000e+03 6.830660e-03
3.374000e+03 2.495380e-02
3.375000e+03 1.212724e-02
3.376000e+03 3.509822e-02
3.377000e+03 4.506972e-02
3.378000e+03 2.842725e-02
3.379000e+03 2.339892e-02
3.380000e+03 1.661598e-02
3.381000e+03 1.113735e-02
3.382000e+03 7.810390e-03
3.383000e+03 2.745328e-02
3.384000e+03 5.034665e-02
3.385000e+03 4.368495e-02
3.386000e+03 3.148446e-02
3.387000e+03 1.344493e-02
3.388000e+03 4.335366e-02
3.389000e+03 3.820484e-02
3.390000e+03 4.595397e-02
3.391000e+03 2.942736e-02
3.392000e+03 5.183270e-03
3.393000e+03 1.143600e-02
3.394000e+03 2.469334e-03
3.395000e+03 1.832527e-02
3.396000e+03 2.789600e-02
3.397000e+03 4.679498e-02
3.398000e+03 4.633686e-02
3.399000e+03 5.661095e-02
3.400000e+03 3.746836e-02
3.401000e+03 6.133170e-02
3.402000e+03 6.165870e-02
3.403000e+03 5.635760e-02
3.404000e+03 5.659635e-02
3.405000e+03 5.167055e-02
3.406000e+03 1.926562e-02
3.407000e+03 4.889306e-02
3.408000e+03 3.927763e-02
3.409000e+03 6.059785e-02
3.410000e+03 3.852483e-02
3.411000e+03 3.421391e-02
3.412000e+03 3.574525e-02
3.413000e+03 2.140033e-02
3.414000e+03 5.878725e-03
3.415000e+03 3.243938e-03
3.416000e+03 2.129599e-03
3.417000e+03 1.314243e-02
3.418000e+03 2.187479e-02
3.419000e+03 2.965845e-02
3.420000e+03 4.971484e-02
3.421000e+03 5.497670e-02
3.422000e+03 4.526053e-02
3.423000e+03 4.649167e-02
3.424000e+03 1.515793e-02
3.425000e+03 7.805255e-03
3.426000e+03 3.792111e-02
3.427000e+03 4.331489e-02
3.428000e+03 2.309900e-02
3.429000e+03 4.325927e-02
3.430000e+03 5.974015e-02
3.431000e+03 5.681820e-02
3.432000e+03 3.912563e-02
3.433000e+03 2.044975e-02
3.434000e+03 7.745945e-03
3.435000e+03 7.486960e-03
3.436000e+03 2.314003e-02
3.437000e+03 2.280030e-02
3.438000e+03 8.003865e-03
3.439000e+03 1.163371e-02
3.440000e+03 8.185310e-03
3.441000e+03 2.513855e-03
3.442000e+03 9.172135e-04
3.443000e+03 5.157735e-03
3.444000e+03 5.933960e-03
3.445000e+03 3.040621e-03
3.446000e+03 1.090126e-02
3.447000e+03 4.116883e-03
3.448000e+03 1.038505e-02
3.449000e+03 2.973051e-02
3.450000e+03 1.715679e-02
3.451000e+03 2.866280e-02
3.452000e+03 4.593915e-02
3.453000e+03 1.884623e-02
3.454000e+03 4.320474e-03
3.455000e+03 2.217031e-02
3.456000e+03 3.368179e-02
3.457000e+03 4.380239e-02
3.458000e+03 2.609201e-02
3.459000e+03 7.871485e-03
3.460000e+03 9.876945e-03
3.461000e+03 1.997335e-02
3.462000e+03 6.891330e-03
3.463000e+03 4.076068e-03
3.464000e+03 1.337402e-02
3.465000e+03 2.677607e-02
3.466000e+03 1.314007e-02
3.467000e+03 2.960339e-03
3.468000e+03 1.140477e-02
3.469000e+03 2.237813e-02
3.470000e+03 3.306666e-02
3.471000e+03 4.012644e-02
3.472000e+03 4.023171e-02
3.473000e+03 1.875349e-02
3.474000e+03 1.248931e-02
3.475000e+03 1.104229e-02
3.476000e+03 4.272554e-03
3.477000e+03 4.165971e-03
3.478000e+03 7.118545e-03
3.479000e+03 3.016895e-02
3.480000e+03 4.471180e-02
3.481000e+03 5.956725e-02
3.482000e+03 5.908505e-02
3.483000e+03 7.055420e-02
3.484000e+03 3.207828e-02
3.485000e+03 1.711359e-02
3.486000e+03 4.211605e-02
3.487000e+03 3.151693e-02
3.488000e+03 5.100270e-02
3.489000e+03 3.427346e-02
3.490000e+03 2.353652e-02
3.491000e+03 6.576830e-03
3.492000e+03 3.890750e-03
3.493000e+03 1.149390e-02
3.494000e+03 3.245493e-03
3.495000e+03 1.995631e-02
3.496000e+03 4.108660e-02
3.497000e+03 3.232717e-02
3.498000e+03 1.489329e-02
3.499000e+03 6.565270e-03
3.500000e+03 3.015796e-02
3.501000e+03 4.853636e-02
3.502000e+03 1.633013e-02
3.503000e+03 3.043077e-02
3.504000e+03 3.417466e-02
3.505000e+03 7.789735e-02
3.506000e+03 7.361520e-02
3.507000e+03 4.015255e-02
3.508000e+03 4.405605e-02
3.509000e+03 3.633728e-02
3.510000e+03 4.503747e-02
3.511000e+03 1.002367e-02
3.512000e+03 2.294439e-02
3.513000e+03 3.727778e-02
3.514000e+03 1.496643e-02
3.515000e+03 6.513890e-03
3.516000e+03 3.194967e-03
3.517000e+03 1.679293e-02
3.518000e+03 4.102785e-02
3.519000e+03 4.412121e-02
3.520000e+03 4.135127e-02
3.521000e+03 1.764468e-02
3.522000e+03 2.024105e-02
3.523000e+03 1.903882e-02
3.524000e+03 1.614316e-02
3.525000e+03 4.848844e-03
3.526000e+03 4.292307e-03
3.527000e+03 4.932600e-03
3.528000e+03 1.418211e-02
3.529000e+03 1.802253e-02
3.530000e+03 3.092041e-02
3.531000e+03 3.392816e-02
3.532000e+03 7.869630e-02
3.533000e+03 5.818590e-02
3.534000e+03 4.777494e-02
3.535000e+03 9.218645e-02
3.536000e+03 1.044496e-01
3.537000e+03 1.096937e-01
3.538000e+03 7.249220e-02
3.539000e+03 8.896010e-02
3.540000e+03 1.294001e-01
3.541000e+03 1.302022e-01
3.542000e+03 6.286540e-02
3.543000e+03 7.838460e-02
3.544000e+03 1.093517e-01
3.545000e+03 1.280041e-01
3.546000e+03 1.115161e-01
3.547000e+03 9.585325e-02
3.548000e+03 7.065890e-02
3.549000e+03 2.083926e-02
3.550000e+03 7.556345e-02
3.551000e+03 7.770870e-02
3.552000e+03 7.104945e-02
3.553000e+03 8.495380e-02
3.554000e+03 5.951455e-02
3.555000e+03 4.554696e-02
3.556000e+03 6.117620e-02
3.557000e+03 9.425485e-02
3.558000e+03 6.665805e-02
3.559000e+03 5.028190e-02
3.560000e+03 4.102614e-02
3.561000e+03 7.036080e-02
3.562000e+03 4.026079e-02
3.563000e+03 2.277580e-02
3.564000e+03 6.251855e-02
3.565000e+03 4.796248e-02
3.566000e+03 1.364459e-02
3.567000e+03 7.301920e-03
3.568000e+03 2.006293e-02
3.569000e+03 3.664629e-02
3.570000e+03 2.056912e-02
3.571000e+03 4.671698e-03
3.572000e+03 1.537797e-02
3.573000e+03 1.279924e-02
3.574000e+03 3.305874e-02
3.575000e+03 2.703867e-02
3.576000e+03 1.554134e-02
3.577000e+03 1.590241e-02
3.578000e+03 8.763835e-03
3.579000e+03 3.472343e-03
3.580000e+03 1.735330e-03
3.581000e+03 5.683875e-03
3.582000e+03 3.053666e-03
3.583000e+03 7.956890e-03
3.584000e+03 1.739132e-02
3.585000e+03 2.465956e-02
3.586000e+03 1.203986e-02
3.587000e+03 1.300564e-02
3.588000e+03 1.003827e-02
3.589000e+03 1.974167e-02
3.590000e+03 1.724810e-02
3.591000e+03 2.723594e-02
3.592000e+03 1.881292e-02
3.593000e+03 9.904550e-03
3.594000e+03 3.006820e-03
3.595000e+03 2.940814e-03
3.596000e+03 8.273605e-03
3.597000e+03 1.814728e-02
3.598000e+03 2.193857e-02
3.599000e+03 1.497185e-02
3.600000e+03 3.464735e-02
3.601000e+03 4.536410e-02
3.602000e+03 4.150379e-02
3.603000e+03 1.955478e-02
3.604000e+03 1.912162e-02
3.605000e+03 1.006665e-02
3.606000e+03 2.692270e-03
3.607000e+03 4.766750e-03
3.608000e+03 1.253659e-02
3.609000e+03 1.629459e-02
3.610000e+03 5.008810e-03
3.611000e+03 1.200004e-02
3.612000e+03 2.199719e-02
3.613000e+03 3.846688e-02
3.614000e+03 2.684027e-02
3.615000e+03 6.137610e-02
3.616000e+03 5.423935e-02
3.617000e+03 3.379857e-02
3.618000e+03 4.572571e-02
3.619000e+03 1.740497e-02
3.620000e+03 3.337874e-03
3.621000e+03 1.570048e-02
3.622000e+03 4.006452e-02
3.623000e+03 5.539925e-02
3.624000e+03 6.887300e-02
3.625000e+03 6.466460e-02
3.626000e+03 3.749924e-02
3.627000e+03 9.014430e-02
3.628000e+03 9.655590e-02
3.629000e+03 6.989975e-02
3.630000e+03 7.288360e-02
3.631000e+03 4.245687e-02
3.632000e+03 1.224071e-02
3.633000e+03 1.245855e-02
3.634000e+03 3.909165e-02
3.635000e+03 5.717250e-02
3.636000e+03 1.890195e-02
3.637000e+03 2.660806e-02
3.638000e+03 6.246560e-02
3.639000e+03 6.406385e-02
3.640000e+03 1.066089e-01
3.641000e+03 8.355255e-02
3.642000e+03 8.750340e-02
3.643000e+03 3.154058e-02
3.644000e+03 1.814962e-02
3.645000e+03 5.309675e-02
3.646000e+03 6.666885e-02
3.647000e+03 4.100193e-02
3.648000e+03 2.389845e-02
3.649000e+03 5.995480e-03
3.650000e+03 1.770256e-02
3.651000e+03 4.128051e-02
3.652000e+03 7.433645e-02
3.653000e+03 7.242630e-02
3.654000e+03 2.338336e-02
3.655000e+03 2.484407e-02
3.656000e+03 6.376710e-02
3.657000e+03 9.559640e-02
3.658000e+03 1.180616e-01
3.659000e+03 5.703330e-02
3.660000e+03 1.280104e-01
3.661000e+03 1.232376e-01
3.662000e+03 9.635210e-02
3.663000e+03 1.087291e-01
3.664000e+03 1.369290e-01
3.665000e+03 7.365535e-02
3.666000e+03 1.418883e-01
3.667000e+03 1.554805e-01
3.668000e+03 1.443747e-01
3.669000e+03 1.394901e-01
3.670000e+03 4.750241e-02
3.671000e+03 5.354565e-02
3.672000e+03 7.848085e-02
3.673000e+03 7.415745e-02
3.674000e+03 1.324461e-01
3.675000e+03 5.328165e-02
3.676000e+03 1.154394e-01
3.677000e+03 9.583305e-02
3.678000e+03 9.515125e-02
3.679000e+03 5.456090e-02
3.680000e+03 2.764939e-02
3.681000e+03 5.188960e-03
3.682000e+03 3.188367e-02
3.683000e+03 5.053995e-02
3.684000e+03 2.339890e-02
3.685000e+03 7.386010e-02
3.686000e+03 1.087875e-01
3.687000e+03 7.262335e-02
3.688000e+03 3.390733e-02
3.689000e+03 1.871928e-02
3.690000e+03 7.794360e-02
3.691000e+03 4.949646e-02
3.692000e+03 1.215453e-01
3.693000e+03 1.036727e-01
3.694000e+03 1.321273e-01
3.695000e+03 7.577020e-02
3.696000e+03 1.175088e-01
3.697000e+03 1.031883e-01
3.698000e+03 1.421733e-01
3.699000e+03 1.324029e-01
3.700000e+03 1.341485e-01
3.701000e+03 1.289612e-01
3.702000e+03 9.218620e-02
3.703000e+03 8.239375e-02
3.704000e+03 6.471180e-02
3.705000e+03 2.426209e-02
3.706000e+03 9.326320e-03
3.707000e+03 7.775590e-03
3.708000e+03 2.667425e-02
3.709000e+03 1.717214e-02
3.710000e+03 1.761543e-02
3.711000e+03 3.473030e-02
3.712000e+03 6.289100e-02
3.713000e+03 7.350700e-02
3.714000e+03 6.833385e-02
3.715000e+03 5.540730e-02
3.716000e+03 4.766431e-02
3.717000e+03 3.249152e-02
3.718000e+03 2.008638e-02
3.719000e+03 1.273400e-02
3.720000e+03 6.096145e-03
3.721000e+03 1.584111e-03
3.722000e+03 5.872350e-03
3.723000e+03 7.700945e-03
3.724000e+03 6.967870e-03
3.725000e+03 2.073459e-02
3.726000e+03 2.827066e-02
3.727000e+03 4.255344e-02
3.728000e+03 2.873754e-02
3.729000e+03 1.836135e-02
3.730000e+03 4.087222e-02
3.731000e+03 1.904092e-02
3.732000e+03 2.101991e-02
3.733000e+03 1.814047e-02
3.734000e+03 8.752695e-03
3.735000e+03 8.408845e-03
3.736000e+03 4.226854e-03
3.737000e+03 8.253445e-03
3.738000e+03 2.287325e-03
3.739000e+03 6.800595e-03
3.740000e+03 1.214435e-02
3.741000e+03 2.477432e-02
3.742000e+03 1.697749e-02
3.743000e+03 3.027472e-02
3.744000e+03 1.931731e-02
3.745000e+03 1.337770e-02
3.746000e+03 6.895195e-03
3.747000e+03 2.866571e-03
3.748000e+03 1.070207e-02
3.749000e+03 5.313320e-03
3.750000e+03 5.425255e-03
3.751000e+03 9.407020e-03
3.752000e+03 2.888169e-02
3.753000e+03 3.791696e-02
3.754000e+03 1.645525e-02
3.755000e+03 4.311931e-02
3.756000e+03 7.110405e-02
3.757000e+03 6.499710e-02
3.758000e+03 4.691417e-02
3.759000e+03 1.156397e-02
3.760000e+03 2.496503e-02
3.761000e+03 5.488530e-02
3.762000e+03 6.943265e-02
3.763000e+03 7.861075e-02
3.764000e+03 4.381642e-02
3.765000e+03 1.186427e-02
3.766000e+03 5.598460e-02
3.767000e+03 6.055250e-02
3.768000e+03 1.962038e-02
3.769000e+03 4.005422e-02
3.770000e+03 1.031166e-01
3.771000e+03 1.129203e-01
3.772000e+03 1.217347e-01
3.773000e+03 8.079040e-02
3.774000e+03 1.333006e-01
3.775000e+03 1.477922e-01
3.776000e+03 9.744510e-02
3.777000e+03 7.039425e-02
3.778000e+03 1.349214e-01
3.779000e+03 1.186035e-01
3.780000e+03 1.033503e-01
3.781000e+03 1.711080e-01
3.782000e+03 1.779962e-01
3.783000e+03 1.749742e-01
3.784000e+03 8.857660e-02
3.785000e+03 6.893755e-02
3.786000e+03 1.559000e-01
3.787000e+03 9.543135e-02
3.788000e+03 8.680460e-02
3.789000e+03 3.076374e-02
3.790000e+03 8.562185e-02
3.791000e+03 6.547420e-02
3.792000e+03 1.252097e-01
3.793000e+03 1.169035e-01
3.794000e+03 1.295351e-01
3.795000e+03 6.842305e-02
3.796000e+03 2.455474e-02
3.797000e+03 8.134100e-02
3.798000e+03 1.272175e-01
3.799000e+03 5.307075e-02
3.800000e+03 2.377846e-02
3.801000e+03 3.770493e-02
3.802000e+03 1.211716e-01
3.803000e+03 1.407182e-01
3.804000e+03 1.754425e-01
3.805000e+03 1.313162e-01
3.806000e+03 1.404270e-01
3.807000e+03 1.435224e-01
3.808000e+03 2.949863e-02
3.809000e+03 9.473350e-02
3.810000e+03 1.137366e-01
3.811000e+03 1.424684e-01
3.812000e+03 1.376142e-01
3.813000e+03 1.445957e-01
3.814000e+03 7.250480e-02
3.815000e+03 9.053115e-02
3.816000e+03 6.514040e-02
3.817000e+03 1.727865e-02
3.818000e+03 6.819835e-02
3.819000e+03 4.915821e-02
3.820000e+03 4.372499e-02
3.821000e+03 1.327790e-02
3.822000e+03 1.281194e-02
3.823000e+03 3.100469e-02
3.824000e+03 3.062004e-02
3.825000e+03 1.079000e-02
3.826000e+03 9.291835e-03
3.827000e+03 8.673615e-03
3.828000e+03 3.116699e-02
3.829000e+03 2.469046e-02
3.830000e+03 3.375695e-02
3.831000e+03 6.376335e-02
3.832000e+03 7.269790e-02
3.833000e+03 2.844455e-02
3.834000e+03 3.597108e-02
3.835000e+03 1.728145e-02
3.836000e+03 3.914289e-02
3.837000e+03 7.793850e-02
3.838000e+03 8.205680e-02
3.839000e+03 3.423582e-02
3.840000e+03 4.100654e-02
3.841000e+03 3.623316e-02
3.842000e+03 1.397167e-02
3.843000e+03 7.150615e-02
3.844000e+03 1.064602e-01
3.845000e+03 1.248178e-01
3.846000e+03 9.808585e-02
3.847000e+03 2.869500e-01
3.848000e+03 3.762522e-01
3.849000e+03 3.662239e-01
3.850000e+03 1.638297e-01
3.851000e+03 1.638297e-01
3.852000e+03 3.705473e-02
3.853000e+03 0.000000e+00
3.854000e+03 0.000000e+00
3.855000e+03 3.530034e-02
3.856000e+03 2.779191e-01
3.857000e+03 2.779191e-01
3.858000e+03 2.360241e-01
3.859000e+03 2.256156e-01
3.860000e+03 2.308147e-01
3.861000e+03 3.250983e-01
3.862000e+03 3.250983e-01
3.863000e+03 2.453587e-01
3.864000e+03 6.238520e-02
3.865000e+03 6.238520e-02
3.866000e+03 2.864686e-01
3.867000e+03 4.662942e-01
3.868000e+03 4.662942e-01
3.869000e+03 2.156648e-01
3.870000e+03 1.553587e-01
3.871000e+03 1.381703e-01
3.872000e+03 0.000000e+00
3.873000e+03 0.000000e+00
3.874000e+03 0.000000e+00
3.875000e+03 0.000000e+00
3.876000e+03 0.000000e+00
3.877000e+03 9.135100e-02
3.878000e+03 1.906461e-01
3.879000e+03 1.906461e-01
3.880000e+03 2.014248e-01
3.881000e+03 2.039351e-01
3.882000e+03 1.752675e-01
3.883000e+03 0.000000e+00
3.884000e+03 0.000000e+00
3.885000e+03 0.000000e+00
3.886000e+03 2.118679e-01
3.887000e+03 2.118679e-01
3.888000e+03 3.581863e-01
3.889000e+03 4.708839e-01
3.890000e+03 4.708839e-01
3.891000e+03 9.646055e-02
3.892000e+03 1.212581e-02
3.893000e+03 0.000000e+00
3.894000e+03 0.000000e+00
3.895000e+03 0.000000e+00
3.896000e+03 0.000000e+00
3.897000e+03 2.444612e-01
3.898000e+03 2.444612e-01
3.899000e+03 2.099804e-01
3.900000e+03 1.839656e-01
3.901000e+03 1.839656e-01
3.902000e+03 0.000000e+00
3.903000e+03 0.000000e+00
3.904000e+03 0.000000e+00
3.905000e+03 0.000000e+00
3.906000e+03 0.000000e+00
3.907000e+03 0.000000e+00
3.908000e+03 4.874034e-01
3.909000e+03 4.874034e-01
3.910000e+03 3.585189e-01
3.911000e+03 2.632788e-01
3.912000e+03 2.632788e-01
3.913000e+03 0.000000e+00
3.914000e+03 0.000000e+00
3.915000e+03 0.000000e+00
3.916000e+03 0.000000e+00
3.917000e+03 0.000000e+00
3.918000e+03 7.774625e-02
3.919000e+03 3.184917e-01
3.920000e+03 3.184917e-01
3.921000e+03 1.591200e-01
3.922000e+03 4.378938e-02
3.923000e+03 4.378938e-02
3.924000e+03 0.000000e+00
3.925000e+03 0.000000e+00
3.926000e+03 0.000000e+00
3.927000e+03 8.481660e-03
3.928000e+03 8.481660e-03
3.929000e+03 1.004569e-01
3.930000e+03 2.838527e-01
3.931000e+03 2.838527e-01
3.932000e+03 1.661683e-01
3.933000e+03 8.278210e-02
3.934000e+03 8.278210e-02
3.935000e+03 0.000000e+00
3.936000e+03 0.000000e+00
3.937000e+03 0.000000e+00
3.938000e+03 1.994581e-01
3.939000e+03 1.994581e-01
3.940000e+03 1.593017e-01
3.941000e+03 8.105590e-02
3.942000e+03 8.105590e-02
3.943000e+03 0.000000e+00
3.944000e+03 0.000000e+00
3.945000e+03 0.000000e+00
3.946000e+03 0.000000e+00
3.947000e+03 0.000000e+00
3.948000e+03 0.000000e+00
3.949000e+03 1.855975e-01
3.950000e+03 1.855975e-01
3.951000e+03 2.172613e-01
3.952000e+03 2.775551e-01
3.953000e+03 2.775551e-01
3.954000e+03 8.199195e-02
3.955000e+03 0.000000e+00
3.956000e+03 0.000000e+00
3.957000e+03 0.000000e+00
3.958000e+03 6.797625e-03
3.959000e+03 3.181531e-02
3.960000e+03 2.614685e-01
3.961000e+03 2.614685e-01
3.962000e+03 1.664053e-01
3.963000e+03 0.000000e+00
3.964000e+03 0.000000e+00
3.965000e+03 0.000000e+00
3.966000e+03 0.000000e+00
3.967000e+03 0.000000e+00
3.968000e+03 7.030480e-02
3.969000e+03 1.157034e-01
3.970000e+03 1.228986e-01
3.971000e+03 1.852389e-01
3.972000e+03 1.852389e-01
3.973000e+03 1.754136e-01
3.974000e+03 1.575459e-01
3.975000e+03 1.575459e-01
3.976000e+03 0.000000e+00
3.977000e+03 0.000000e+00
3.978000e+03 0.000000e+00
3.979000e+03 1.302021e-01
3.980000e+03 1.770550e-01
3.981000e+03 1.999341e-01
3.982000e+03 3.874225e-01
3.983000e+03 3.874225e-01
3.984000e+03 2.696436e-01
3.985000e+03 6.033625e-02
3.986000e+03 6.033625e-02
3.987000e+03 1.055966e-01
3.988000e+03 1.343618e-01
3.989000e+03 1.343618e-01
3.990000e+03 2.374611e-01
3.991000e+03 2.538628e-01
3.992000e+03 2.424952e-01
3.993000e+03 1.542220e-01
3.994000e+03 1.542220e-01
3.995000e+03 8.658070e-02
3.996000e+03 0.000000e+00
3.997000e+03 0.000000e+00
3.998000e+03 5.772180e-03
3.999000e+03 2.854699e-02
4.000000e+03 2.854699e-02
4.001000e+03 1.263124e-01
4.002000e+03 1.411652e-01
4.003000e+03 1.318611e-01
4.004000e+03 6.328270e-02
4.005000e+03 6.328270e-02
4.006000e+03 9.203890e-02
4.007000e+03 1.408312e-01
4.008000e+03 1.408312e-01
4.009000e+03 8.065700e-02
4.010000e+03 4.411483e-02
4.011000e+03 4.411483e-02
4.012000e+03 2.524508e-01
4.013000e+03 2.826134e-01
4.014000e+03 2.673506e-01
4.015000e+03 1.604083e-01
4.016000e+03 1.604083e-01
4.017000e+03 1.145037e-01
4.018000e+03 3.840616e-02
4.019000e+03 3.840616e-02
4.020000e+03 2.074003e-01
4.021000e+03 3.076631e-01
4.022000e+03 3.076631e-01
4.023000e+03 2.579876e-01
4.024000e+03 2.511499e-01
4.025000e+03 2.140124e-01
4.026000e+03 0.000000e+00
4.027000e+03 0.000000e+00
4.028000e+03 0.000000e+00
4.029000e+03 0.000000e+00
4.030000e+03 0.000000e+00
4.031000e+03 1.369248e-01
4.032000e+03 3.668170e-01
4.033000e+03 3.668170e-01
4.034000e+03 2.404724e-01
4.035000e+03 2.239808e-01
4.036000e+03 1.832985e-01
4.037000e+03 0.000000e+00
4.038000e+03 0.000000e+00
4.039000e+03 0.000000e+00
4.040000e+03 1.660887e-02
4.041000e+03 1.660887e-02
4.042000e+03 1.287234e-01
4.043000e+03 1.921345e-01
4.044000e+03 1.921345e-01
4.045000e+03 1.461317e-03
4.046000e+03 0.000000e+00
4.047000e+03 0.000000e+00
4.048000e+03 0.000000e+00
4.049000e+03 0.000000e+00
4.050000e+03 0.000000e+00
4.051000e+03 0.000000e+00
4.052000e+03 0.000000e+00
4.053000e+03 2.096017e-01
4.054000e+03 3.571703e-01
4.055000e+03 3.571703e-01
4.056000e+03 3.025426e-02
4.057000e+03 0.000000e+00
4.058000e+03 0.000000e+00
4.059000e+03 0.000000e+00
4.060000e+03 0.000000e+00
4.061000e+03 0.000000e+00
4.062000e+03 9.629910e-02
4.063000e+03 9.629910e-02
4.064000e+03 1.571655e-01
4.065000e+03 1.899232e-01
4.066000e+03 1.899232e-01
4.067000e+03 3.122201e-02
4.068000e+03 1.389320e-02
4.069000e+03 0.000000e+00
4.070000e+03 0.000000e+00
4.071000e+03 0.000000e+00
4.072000e+03 0.000000e+00
4.073000e+03 4.424878e-02
4.074000e+03 4.424878e-02
4.075000e+03 1.728234e-01
4.076000e+03 2.402718e-01
4.077000e+03 2.402718e-01
4.078000e+03 0.000000e+00
4.079000e+03 0.000000e+00
4.080000e+03 0.000000e+00
4.081000e+03 0.000000e+00
4.082000e+03 0.000000e+00
4.083000e+03 3.808556e-02
4.084000e+03 2.640581e-01
4.085000e+03 2.640581e-01
4.086000e+03 6.899905e-02
4.087000e+03 0.000000e+00
4.088000e+03 0.000000e+00
4.089000e+03 0.000000e+00
4.090000e+03 0.000000e+00
4.091000e+03 0.000000e+00
4.092000e+03 0.000000e+00
4.093000e+03 0.000000e+00
4.094000e+03 5.705255e-02
4.095000e+03 2.258784e-01
4.096000e+03 2.258784e-01
4.097000e+03 5.518670e-02
4.098000e+03 0.000000e+00
4.099000e+03 0.000000e+00
4.100000e+03 0.000000e+00
4.101000e+03 0.000000e+00
4.102000e+03 0.000000e+00
4.103000e+03 5.555430e-02
4.104000e+03 5.555430e-02
4.105000e+03 1.857662e-01
4.106000e+03 3.638937e-01
4.107000e+03 3.638937e-01
4.108000e+03 1.468681e-01
4.109000e+03 4.181290e-02
4.110000e+03 4.181290e-02
4.111000e+03 2.609933e-02
4.112000e+03 2.483172e-02
4.113000e+03 3.269985e-02
4.114000e+03 6.931290e-02
4.115000e+03 6.931290e-02
4.116000e+03 8.119680e-02
4.117000e+03 9.705140e-02
4.118000e+03 9.705140e-02
4.119000e+03 1.010993e-01
4.120000e+03 1.030045e-01
4.121000e+03 1.030045e-01
4.122000e+03 2.110769e-02
4.123000e+03 1.508769e-02
4.124000e+03 5.317595e-02
4.125000e+03 2.231242e-01
4.126000e+03 2.231242e-01
4.127000e+03 1.217575e-01
4.128000e+03 0.000000e+00
4.129000e+03 0.000000e+00
4.130000e+03 0.000000e+00
4.131000e+03 0.000000e+00
4.132000e+03 0.000000e+00
4.133000e+03 5.948540e-02
4.134000e+03 7.063365e-02
4.135000e+03 1.098175e-01
4.136000e+03 2.775376e-01
4.137000e+03 2.775376e-01
4.138000e+03 1.536312e-01
4.139000e+03 0.000000e+00
4.140000e+03 0.000000e+00
4.141000e+03 0.000000e+00
4.142000e+03 0.000000e+00
4.143000e+03 0.000000e+00
4.144000e+03 1.260551e-01
4.145000e+03 1.381179e-01
4.146000e+03 1.812098e-01
4.147000e+03 3.582181e-01
4.148000e+03 3.582181e-01
4.149000e+03 1.869863e-01
4.150000e+03 0.000000e+00
4.151000e+03 0.000000e+00
4.152000e+03 0.000000e+00
4.153000e+03 0.000000e+00
4.154000e+03 0.000000e+00
4.155000e+03 1.204899e-01
4.156000e+03 1.275030e-01
4.157000e+03 1.335428e-01
4.158000e+03 1.573598e-01
4.159000e+03 1.573598e-01
4.160000e+03 3.998351e-02
4.161000e+03 0.000000e+00
4.162000e+03 0.000000e+00
4.163000e+03 0.000000e+00
4.164000e+03 0.000000e+00
4.165000e+03 0.000000e+00
4.166000e+03 1.912492e-01
4.167000e+03 2.056643e-01
4.168000e+03 1.914333e-01
4.169000e+03 1.375443e-01
4.170000e+03 1.375443e-01
4.171000e+03 1.017408e-01
4.172000e+03 5.980950e-02
4.173000e+03 5.980950e-02
4.174000e+03 1.787232e-01
4.175000e+03 2.267611e-01
4.176000e+03 2.267611e-01
4.177000e+03 3.445130e-01
4.178000e+03 3.489163e-01
4.179000e+03 2.478249e-01
4.180000e+03 0.000000e+00
4.181000e+03 0.000000e+00
4.182000e+03 0.000000e+00
4.183000e+03 0.000000e+00
4.184000e+03 0.000000e+00
4.185000e+03 0.000000e+00
4.186000e+03 6.327545e-02
4.187000e+03 6.327545e-02
4.188000e+03 2.103450e-01
4.189000e+03 2.147720e-01
4.190000e+03 1.647315e-01
4.191000e+03 0.000000e+00
4.192000e+03 0.000000e+00
4.193000e+03 0.000000e+00
4.194000e+03 8.494950e-03
4.195000e+03 8.494950e-03
4.196000e+03 1.626091e-01
4.197000e+03 2.207800e-01
4.198000e+03 2.207800e-01
4.199000e+03 2.899146e-01
4.200000e+03 2.914896e-01
4.201000e+03 2.144662e-01
4.202000e+03 0.000000e+00
4.203000e+03 0.000000e+00
4.204000e+03 0.000000e+00
4.205000e+03 0.000000e+00
4.206000e+03 0.000000e+00
4.207000e+03 9.013820e-02
4.208000e+03 1.460676e-01
4.209000e+03 1.460676e-01
4.210000e+03 0.000000e+00
4.211000e+03 0.000000e+00
4.212000e+03 0.000000e+00
4.213000e+03 0.000000e+00
4.214000e+03 0.000000e+00
4.215000e+03 0.000000e+00
4.216000e+03 0.000000e+00
4.217000e+03 0.000000e+00
4.218000e+03 1.710238e-01
4.219000e+03 2.383637e-01
4.220000e+03 2.383637e-01
4.221000e+03 0.000000e+00
4.222000e+03 0.000000e+00
4.223000e+03 0.000000e+00
4.224000e+03 1.602649e-02
4.225000e+03 1.602649e-02
4.226000e+03 2.155828e-02
4.227000e+03 2.718687e-02
4.228000e+03 2.718687e-02
4.229000e+03 1.370217e-01
4.230000e+03 1.741224e-01
4.231000e+03 1.741224e-01
4.232000e+03 0.000000e+00
4.233000e+03 0.000000e+00
4.234000e+03 0.000000e+00
4.235000e+03 0.000000e+00
4.236000e+03 0.000000e+00
4.237000e+03 0.000000e+00
4.238000e+03 1.336174e-01
4.239000e+03 1.336174e-01
4.240000e+03 2.785982e-01
4.241000e+03 3.256576e-01
4.242000e+03 3.225599e-01
4.243000e+03 0.000000e+00
4.244000e+03 0.000000e+00
4.245000e+03 0.000000e+00
4.246000e+03 0.000000e+00
4.247000e+03 0.000000e+00
4.248000e+03 3.875050e-02
4.249000e+03 1.448449e-01
4.250000e+03 1.448449e-01
4.251000e+03 6.380070e-02
4.252000e+03 3.856300e-02
4.253000e+03 3.428296e-02
4.254000e+03 0.000000e+00
4.255000e+03 0.000000e+00
4.256000e+03 0.000000e+00
4.257000e+03 9.854065e-02
4.258000e+03 9.854065e-02
4.259000e+03 1.965273e-01
4.260000e+03 2.875844e-01
4.261000e+03 2.875844e-01
4.262000e+03 1.304153e-01
4.263000e+03 8.354175e-02
4.264000e+03 7.852200e-02
4.265000e+03 0.000000e+00
4.266000e+03 0.000000e+00
4.267000e+03 0.000000e+00
4.268000e+03 2.159292e-01
4.269000e+03 2.159292e-01
4.270000e+03 1.074123e-01
4.271000e+03 9.692535e-03
4.272000e+03 9.692535e-03
4.273000e+03 0.000000e+00
4.274000e+03 0.000000e+00
4.275000e+03 0.000000e+00
4.276000e+03 0.000000e+00
4.277000e+03 0.000000e+00
4.278000e+03 0.000000e+00
4.279000e+03 8.058970e-02
4.280000e+03 8.058970e-02
4.281000e+03 1.242670e-01
4.282000e+03 1.623549e-01
4.283000e+03 1.623549e-01
4.284000e+03 1.599094e-03
4.285000e+03 0.000000e+00
4.286000e+03 0.000000e+00
4.287000e+03 6.697315e-02
4.288000e+03 6.697315e-02
4.289000e+03 1.720540e-01
4.290000e+03 4.289643e-01
4.291000e+03 4.289643e-01
4.292000e+03 1.851760e-01
4.293000e+03 0.000000e+00
4.294000e+03 0.000000e+00
4.295000e+03 0.000000e+00
4.296000e+03 0.000000e+00
4.297000e+03 0.000000e+00
4.298000e+03 9.537785e-02
4.299000e+03 9.537785e-02
4.300000e+03 1.523329e-01
4.301000e+03 2.861384e-01
4.302000e+03 2.861384e-01
4.303000e+03 8.852360e-02
4.304000e+03 0.000000e+00
4.305000e+03 0.000000e+00
4.306000e+03 0.000000e+00
4.307000e+03 0.000000e+00
4.308000e+03 0.000000e+00
4.309000e+03 2.623953e-01
4.310000e+03 2.623953e-01
4.311000e+03 2.479859e-01
4.312000e+03 2.154616e-01
4.313000e+03 2.154616e-01
4.314000e+03 4.213379e-02
4.315000e+03 0.000000e+00
4.316000e+03 0.000000e+00
4.317000e+03 0.000000e+00
4.318000e+03 0.000000e+00
4.319000e+03 0.000000e+00
4.320000e+03 2.562185e-01
4.321000e+03 2.562185e-01
4.322000e+03 2.322384e-01
4.323000e+03 1.802437e-01
4.324000e+03 1.802437e-01
4.325000e+03 0.000000e+00
4.326000e+03 0.000000e+00
4.327000e+03 0.000000e+00
4.328000e+03 0.000000e+00
4.329000e+03 0.000000e+00
4.330000e+03 0.000000e+00
4.331000e+03 2.862322e-01
4.332000e+03 2.862322e-01
4.333000e+03 2.734678e-01
4.334000e+03 2.468875e-01
4.335000e+03 2.468875e-01
4.336000e+03 0.000000e+00
4.337000e+03 0.000000e+00
4.338000e+03 0.000000e+00
4.339000e+03 0.000000e+00
4.340000e+03 2.499257e-02
4.341000e+03 4.062440e-02
4.342000e+03 2.176617e-01
4.343000e+03 2.176617e-01
4.344000e+03 1.284623e-01
4.345000e+03 0.000000e+00
4.346000e+03 0.000000e+00
4.347000e+03 0.000000e+00
4.348000e+03 0.000000e+00
4.349000e+03 0.000000e+00
4.350000e+03 6.043640e-02
4.351000e+03 8.942705e-02
4.352000e+03 1.026706e-01
4.353000e+03 2.361902e-01
4.354000e+03 2.361902e-01
4.355000e+03 1.884080e-01
4.356000e+03 9.669680e-02
4.357000e+03 9.669680e-02
4.358000e+03 2.784093e-02
4.359000e+03 0.000000e+00
4.360000e+03 0.000000e+00
4.361000e+03 2.388812e-01
4.362000e+03 2.854073e-01
4.363000e+03 2.729357e-01
4.364000e+03 1.600968e-01
4.365000e+03 1.600968e-01
4.366000e+03 7.523970e-02
4.367000e+03 0.000000e+00
4.368000e+03 0.000000e+00
4.369000e+03 2.657190e-02
4.370000e+03 9.706670e-02
4.371000e+03 9.706670e-02
4.372000e+03 2.312027e-01
4.373000e+03 2.536548e-01
4.374000e+03 2.389319e-01
4.375000e+03 1.185865e-01
4.376000e+03 1.185865e-01
4.377000e+03 7.343145e-03
4.378000e+03 0.000000e+00
4.379000e+03 0.000000e+00
4.380000e+03 0.000000e+00
4.381000e+03 2.662317e-02
4.382000e+03 2.662317e-02
4.383000e+03 3.329800e-01
4.384000e+03 3.802864e-01
4.385000e+03 3.451980e-01
4.386000e+03 8.461810e-02
4.387000e+03 8.461810e-02
4.388000e+03 2.283609e-02
4.389000e+03 0.000000e+00
4.390000e+03 0.000000e+00
4.391000e+03 1.145250e-01
4.392000e+03 2.330668e-01
4.393000e+03 2.330668e-01
4.394000e+03 2.604112e-01
4.395000e+03 2.642798e-01
4.396000e+03 2.255745e-01
4.397000e+03 0.000000e+00
4.398000e+03 0.000000e+00
4.399000e+03 0.000000e+00
4.400000e+03 0.000000e+00
4.401000e+03 0.000000e+00
4.402000e+03 2.049749e-01
4.403000e+03 3.830628e-01
4.404000e+03 3.830628e-01
4.405000e+03 1.970617e-01
4.406000e+03 1.731473e-01
4.407000e+03 1.420232e-01
4.408000e+03 0.000000e+00
4.409000e+03 0.000000e+00
4.410000e+03 1.059704e-02
4.411000e+03 1.070840e-01
4.412000e+03 1.070840e-01
4.413000e+03 1.854086e-01
4.414000e+03 2.287581e-01
4.415000e+03 2.287581e-01
4.416000e+03 1.525047e-01
4.417000e+03 1.436823e-01
4.418000e+03 1.139551e-01
4.419000e+03 0.000000e+00
4.420000e+03 0.000000e+00
4.421000e+03 0.000000e+00
4.422000e+03 0.000000e+00
4.423000e+03 0.000000e+00
4.424000e+03 2.153687e-01
4.425000e+03 3.595838e-01
4.426000e+03 3.595838e-01
4.427000e+03 2.280686e-01
4.428000e+03 2.145405e-01
4.429000e+03 1.628333e-01
4.430000e+03 0.000000e+00
4.431000e+03 0.000000e+00
4.432000e+03 3.322621e-02
4.433000e+03 2.374777e-01
4.434000e+03 2.374777e-01
4.435000e+03 2.279719e-01
4.436000e+03 2.231766e-01
4.437000e+03 2.231766e-01
4.438000e+03 0.000000e+00
4.439000e+03 0.000000e+00
4.440000e+03 0.000000e+00
4.441000e+03 1.073126e-02
4.442000e+03 1.073126e-02
4.443000e+03 8.745625e-02
4.444000e+03 1.922098e-01
4.445000e+03 1.922098e-01
4.446000e+03 1.060093e-01
4.447000e+03 6.459975e-02
4.448000e+03 6.459975e-02
4.449000e+03 0.000000e+00
4.450000e+03 0.000000e+00
4.451000e+03 0.000000e+00
4.452000e+03 0.000000e+00
4.453000e+03 0.000000e+00
4.454000e+03 4.175673e-02
4.455000e+03 2.291601e-01
4.456000e+03 2.291601e-01
4.457000e+03 1.851656e-01
4.458000e+03 1.650773e-01
4.459000e+03 1.650773e-01
4.460000e+03 0.000000e+00
4.461000e+03 0.000000e+00
4.462000e+03 0.000000e+00
4.463000e+03 9.348535e-02
4.464000e+03 9.348535e-02
4.465000e+03 1.699520e-01
4.466000e+03 2.653429e-01
4.467000e+03 2.653429e-01
4.468000e+03 1.533229e-01
4.469000e+03 1.048042e-01
4.470000e+03 1.048042e-01
4.471000e+03 0.000000e+00
4.472000e+03 0.000000e+00
4.473000e+03 0.000000e+00
4.474000e+03 2.270417e-01
4.475000e+03 2.270417e-01
4.476000e+03 2.588337e-01
4.477000e+03 2.967055e-01
4.478000e+03 2.967055e-01
4.479000e+03 7.899200e-02
4.480000e+03 0.000000e+00
4.481000e+03 0.000000e+00
4.482000e+03 3.969422e-02
4.483000e+03 4.165865e-02
4.484000e+03 8.619285e-02
4.485000e+03 2.487176e-01
4.486000e+03 2.487176e-01
4.487000e+03 2.147674e-01
4.488000e+03 1.761766e-01
4.489000e+03 1.761766e-01
4.490000e+03 1.850778e-03
4.491000e+03 0.000000e+00
4.492000e+03 0.000000e+00
4.493000e+03 5.018005e-02
4.494000e+03 5.327980e-02
4.495000e+03 9.179435e-02
4.496000e+03 2.230166e-01
4.497000e+03 2.230166e-01
4.498000e+03 1.856995e-01
4.499000e+03 1.452566e-01
4.500000e+03 1.452566e-01
4.501000e+03 2.414984e-02
4.502000e+03 0.000000e+00
4.503000e+03 0.000000e+00
4.504000e+03 5.981885e-02
4.505000e+03 6.095725e-02
4.506000e+03 1.094952e-01
4.507000e+03 2.640672e-01
4.508000e+03 2.640672e-01
4.509000e+03 2.130090e-01
4.510000e+03 1.602961e-01
4.511000e+03 1.602961e-01
4.512000e+03 4.429789e-02
4.513000e+03 4.614059e-03
4.514000e+03 4.614059e-03
4.515000e+03 3.517927e-02
4.516000e+03 3.523491e-02
4.517000e+03 8.220610e-02
4.518000e+03 2.221614e-01
4.519000e+03 2.221614e-01
4.520000e+03 1.525006e-01
4.521000e+03 8.405430e-02
4.522000e+03 8.405430e-02
4.523000e+03 1.015215e-02
4.524000e+03 0.000000e+00
4.525000e+03 0.000000e+00
4.526000e+03 3.621427e-01
4.527000e+03 3.621427e-01
4.528000e+03 3.325210e-01
4.529000e+03 2.498698e-01
4.530000e+03 2.498698e-01
4.531000e+03 9.621695e-02
4.532000e+03 0.000000e+00
4.533000e+03 0.000000e+00
4.534000e+03 1.551017e-01
4.535000e+03 2.154954e-01
4.536000e+03 2.179950e-01
4.537000e+03 3.222366e-01
4.538000e+03 3.222366e-01
4.539000e+03 2.661029e-01
4.540000e+03 1.193254e-01
4.541000e+03 1.193254e-01
4.542000e+03 0.000000e+00
4.543000e+03 0.000000e+00
4.544000e+03 0.000000e+00
4.545000e+03 2.206955e-01
4.546000e+03 3.129577e-01
4.547000e+03 3.144155e-01
4.548000e+03 3.529921e-01
4.549000e+03 3.529921e-01
4.550000e+03 2.822235e-01
4.551000e+03 1.087112e-01
4.552000e+03 1.087112e-01
4.553000e+03 1.138895e-01
4.554000e+03 1.182476e-01
4.555000e+03 1.182476e-01
4.556000e+03 2.318810e-01
4.557000e+03 2.609441e-01
4.558000e+03 2.601710e-01
4.559000e+03 2.453784e-01
4.560000e+03 2.453784e-01
4.561000e+03 2.232602e-01
4.562000e+03 1.723858e-01
4.563000e+03 1.723858e-01
4.564000e+03 1.037001e-01
4.565000e+03 4.893726e-02
4.566000e+03 4.893726e-02
4.567000e+03 2.927994e-01
4.568000e+03 3.500840e-01
4.569000e+03 3.513680e-01
4.570000e+03 3.704063e-01
4.571000e+03 3.704063e-01
4.572000e+03 3.179349e-01
4.573000e+03 2.046735e-01
4.574000e+03 2.046735e-01
4.575000e+03 1.420534e-01
4.576000e+03 9.482110e-02
4.577000e+03 9.482110e-02
4.578000e+03 3.237776e-01
4.579000e+03 3.728519e-01
4.580000e+03 3.740055e-01
4.581000e+03 3.878410e-01
4.582000e+03 3.878410e-01
4.583000e+03 2.284666e-01
4.584000e+03 0.000000e+00
4.585000e+03 0.000000e+00
4.586000e+03 1.200799e-01
4.587000e+03 2.729264e-01
4.588000e+03 2.729264e-01
4.589000e+03 3.619839e-01
4.590000e+03 3.792667e-01
4.591000e+03 3.553884e-01
4.592000e+03 1.169127e-01
4.593000e+03 1.169127e-01
4.594000e+03 1.152540e-01
4.595000e+03 1.120990e-01
4.596000e+03 1.120990e-01
4.597000e+03 2.325335e-01
4.598000e+03 3.134463e-01
4.599000e+03 3.134463e-01
4.600000e+03 3.260902e-01
4.601000e+03 3.282912e-01
4.602000e+03 3.049865e-01
4.603000e+03 1.070602e-01
4.604000e+03 1.070602e-01
4.605000e+03 1.304074e-01
4.606000e+03 1.721003e-01
4.607000e+03 1.721003e-01
4.608000e+03 2.853091e-01
4.609000e+03 3.568987e-01
4.610000e+03 3.568987e-01
4.611000e+03 2.626968e-01
4.612000e+03 2.481542e-01
4.613000e+03 2.385539e-01
4.614000e+03 1.681151e-01
4.615000e+03 1.681151e-01
4.616000e+03 1.540122e-01
4.617000e+03 1.303702e-01
4.618000e+03 1.303702e-01
4.619000e+03 2.624216e-01
4.620000e+03 3.408605e-01
4.621000e+03 3.408605e-01
4.622000e+03 3.739178e-01
4.623000e+03 3.783795e-01
4.624000e+03 3.512181e-01
4.625000e+03 1.769318e-01
4.626000e+03 1.769318e-01
4.627000e+03 2.119442e-01
4.628000e+03 2.670314e-01
4.629000e+03 2.670314e-01
4.630000e+03 3.617930e-01
4.631000e+03 4.145477e-01
4.632000e+03 4.145477e-01
4.633000e+03 2.706977e-01
4.634000e+03 2.540337e-01
4.635000e+03 2.107573e-01
4.636000e+03 0.000000e+00
4.637000e+03 0.000000e+00
4.638000e+03 1.025160e-01
4.639000e+03 3.047359e-01
4.640000e+03 3.047359e-01
4.641000e+03 2.701345e-01
4.642000e+03 2.521260e-01
4.643000e+03 2.521260e-01
4.644000e+03 1.559416e-01
4.645000e+03 1.466113e-01
4.646000e+03 1.370562e-01
4.647000e+03 8.886480e-02
4.648000e+03 8.886480e-02
4.649000e+03 2.529404e-01
4.650000e+03 4.801008e-01
4.651000e+03 4.801008e-01
4.652000e+03 3.497671e-01
4.653000e+03 2.865285e-01
4.654000e+03 2.865285e-01
4.655000e+03 2.316321e-01
4.656000e+03 2.273255e-01
4.657000e+03 2.197784e-01
4.658000e+03 1.856804e-01
4.659000e+03 1.856804e-01
4.660000e+03 2.506920e-01
4.661000e+03 3.350606e-01
4.662000e+03 3.350606e-01
4.663000e+03 2.804361e-01
4.664000e+03 2.558045e-01
4.665000e+03 2.558045e-01
4.666000e+03 1.495032e-01
4.667000e+03 1.431062e-01
4.668000e+03 1.742906e-01
4.669000e+03 3.011772e-01
4.670000e+03 3.011772e-01
4.671000e+03 4.054553e-01
4.672000e+03 5.322180e-01
4.673000e+03 5.322180e-01
4.674000e+03 3.645485e-01
4.675000e+03 2.945312e-01
4.676000e+03 2.945312e-01
4.677000e+03 1.228029e-01
4.678000e+03 1.155584e-01
4.679000e+03 1.477641e-01
4.680000e+03 2.663061e-01
4.681000e+03 2.663061e-01
4.682000e+03 3.469635e-01
4.683000e+03 4.387332e-01
4.684000e+03 4.387332e-01
4.685000e+03 1.674788e-01
4.686000e+03 6.300005e-02
4.687000e+03 6.300005e-02
4.688000e+03 2.366215e-01
4.689000e+03 2.408706e-01
4.690000e+03 2.738994e-01
4.691000e+03 3.842837e-01
4.692000e+03 3.842837e-01
4.693000e+03 3.108459e-01
4.694000e+03 2.327155e-01
4.695000e+03 2.327155e-01
4.696000e+03 1.903320e-01
4.697000e+03 1.753438e-01
4.698000e+03 1.753438e-01
4.699000e+03 1.815178e-01
4.700000e+03 1.815612e-01
4.701000e+03 2.488295e-01
4.702000e+03 4.535917e-01
4.703000e+03 4.535917e-01
4.704000e+03 3.580638e-01
4.705000e+03 2.631359e-01
4.706000e+03 2.631359e-01
4.707000e+03 1.491032e-01
4.708000e+03 1.122767e-01
4.709000e+03 1.136245e-01
4.710000e+03 2.441155e-01
4.711000e+03 2.441155e-01
4.712000e+03 2.907532e-01
4.713000e+03 4.203900e-01
4.714000e+03 4.203900e-01
4.715000e+03 4.420866e-01
4.716000e+03 4.621989e-01
4.717000e+03 4.621989e-01
4.718000e+03 1.564338e-01
4.719000e+03 6.681615e-02
4.720000e+03 7.216960e-02
4.721000e+03 2.597069e-01
4.722000e+03 2.597069e-01
4.723000e+03 2.810372e-01
4.724000e+03 3.352967e-01
4.725000e+03 3.352967e-01
4.726000e+03 2.029942e-01
4.727000e+03 8.875715e-02
4.728000e+03 8.875715e-02
4.729000e+03 0.000000e+00
4.730000e+03 0.000000e+00
4.731000e+03 0.000000e+00
4.732000e+03 4.075558e-01
4.733000e+03 4.075558e-01
4.734000e+03 3.585418e-01
4.735000e+03 2.442409e-01
4.736000e+03 2.442409e-01
4.737000e+03 9.493690e-02
4.738000e+03 0.000000e+00
4.739000e+03 0.000000e+00
4.740000e+03 7.352470e-02
4.741000e+03 9.674090e-02
4.742000e+03 1.218362e-01
4.743000e+03 4.901713e-01
4.744000e+03 4.901713e-01
4.745000e+03 4.082744e-01
4.746000e+03 2.329420e-01
4.747000e+03 2.329420e-01
4.748000e+03 1.342979e-01
4.749000e+03 6.078755e-02
4.750000e+03 6.078755e-02
4.751000e+03 2.034832e-01
4.752000e+03 2.332010e-01
4.753000e+03 2.399462e-01
4.754000e+03 3.151640e-01
4.755000e+03 3.151640e-01
4.756000e+03 3.075115e-01
4.757000e+03 2.924545e-01
4.758000e+03 2.924545e-01
4.759000e+03 1.487568e-01
4.760000e+03 4.958812e-02
4.761000e+03 4.958812e-02
4.762000e+03 2.245800e-01
4.763000e+03 2.563375e-01
4.764000e+03 2.549903e-01
4.765000e+03 2.430175e-01
4.766000e+03 2.430175e-01
4.767000e+03 1.528772e-01
4.768000e+03 0.000000e+00
4.769000e+03 0.000000e+00
4.770000e+03 0.000000e+00
4.771000e+03 0.000000e+00
4.772000e+03 0.000000e+00
4.773000e+03 2.340600e-01
4.774000e+03 2.758030e-01
4.775000e+03 2.709934e-01
4.776000e+03 2.358299e-01
4.777000e+03 2.358299e-01
4.778000e+03 1.782923e-01
4.779000e+03 8.246575e-02
4.780000e+03 8.246575e-02
4.781000e+03 7.078645e-02
4.782000e+03 6.392840e-02
4.783000e+03 6.392840e-02
4.784000e+03 1.474236e-01
4.785000e+03 1.582804e-01
4.786000e+03 1.640327e-01
4.787000e+03 1.994129e-01
4.788000e+03 1.994129e-01
4.789000e+03 9.555755e-02
4.790000e+03 0.000000e+00
4.791000e+03 0.000000e+00
4.792000e+03 0.000000e+00
4.793000e+03 4.782915e-03
4.794000e+03 4.782915e-03
4.795000e+03 3.439882e-01
4.796000e+03 3.797122e-01
4.797000e+03 3.515781e-01
4.798000e+03 2.035643e-01
4.799000e+03 2.035643e-01
4.800000e+03 1.718702e-01
4.801000e+03 1.271450e-01
4.802000e+03 1.271450e-01
4.803000e+03 2.852890e-01
4.804000e+03 3.632566e-01
4.805000e+03 3.632566e-01
4.806000e+03 3.661621e-01
4.807000e+03 3.663981e-01
4.808000e+03 2.970550e-01
4.809000e+03 0.000000e+00
4.810000e+03 0.000000e+00
4.811000e+03 0.000000e+00
4.812000e+03 2.456497e-02
4.813000e+03 2.456497e-02
4.814000e+03 2.326950e-01
4.815000e+03 3.261221e-01
4.816000e+03 3.261221e-01
4.817000e+03 3.337199e-01
4.818000e+03 3.341592e-01
4.819000e+03 3.090540e-01
4.820000e+03 2.089576e-01
4.821000e+03 2.089576e-01
4.822000e+03 1.279882e-01
4.823000e+03 3.128319e-02
4.824000e+03 3.128319e-02
4.825000e+03 2.292790e-01
4.826000e+03 3.097815e-01
4.827000e+03 3.097815e-01
4.828000e+03 3.395273e-01
4.829000e+03 3.405683e-01
4.830000e+03 2.720964e-01
4.831000e+03 3.137620e-02
4.832000e+03 3.137620e-02
4.833000e+03 3.501911e-02
4.834000e+03 3.901743e-02
4.835000e+03 3.901743e-02
4.836000e+03 1.965532e-01
4.837000e+03 2.542132e-01
4.838000e+03 2.542132e-01
4.839000e+03 1.975283e-01
4.840000e+03 1.968047e-01
4.841000e+03 1.853680e-01
4.842000e+03 1.496922e-01
4.843000e+03 1.496922e-01
4.844000e+03 2.342761e-01
4.845000e+03 3.194935e-01
4.846000e+03 3.194935e-01
4.847000e+03 2.935313e-01
4.848000e+03 2.850398e-01
4.849000e+03 2.832009e-01
4.850000e+03 8.002815e-02
4.851000e+03 8.002815e-02
4.852000e+03 8.464170e-02
4.853000e+03 9.747605e-02
4.854000e+03 9.747605e-02
4.855000e+03 2.037077e-01
4.856000e+03 3.018098e-01
4.857000e+03 3.018098e-01
4.858000e+03 2.746812e-01
4.859000e+03 2.668228e-01
4.860000e+03 2.590037e-01
4.861000e+03 1.388519e-02
4.862000e+03 1.388519e-02
4.863000e+03 4.982459e-02
4.864000e+03 1.393473e-01
4.865000e+03 1.393473e-01
4.866000e+03 3.068309e-01
4.867000e+03 4.483442e-01
4.868000e+03 4.483442e-01
4.869000e+03 3.777533e-01
4.870000e+03 3.598418e-01
4.871000e+03 3.472804e-01
4.872000e+03 1.238654e-01
4.873000e+03 1.238654e-01
4.874000e+03 1.406862e-01
4.875000e+03 1.783248e-01
4.876000e+03 1.783248e-01
4.877000e+03 2.424859e-01
4.878000e+03 2.919787e-01
4.879000e+03 2.919787e-01
4.880000e+03 2.488585e-01
4.881000e+03 2.394070e-01
4.882000e+03 2.131285e-01
4.883000e+03 0.000000e+00
4.884000e+03 0.000000e+00
4.885000e+03 2.654255e-02
4.886000e+03 2.950303e-01
4.887000e+03 2.950303e-01
4.888000e+03 3.190746e-01
4.889000e+03 3.359626e-01
4.890000e+03 3.359626e-01
4.891000e+03 1.876574e-01
4.892000e+03 1.600788e-01
4.893000e+03 1.435582e-01
4.894000e+03 0.000000e+00
4.895000e+03 0.000000e+00
4.896000e+03 1.170068e-01
4.897000e+03 3.420901e-01
4.898000e+03 3.420901e-01
4.899000e+03 3.967528e-01
4.900000e+03 4.316000e-01
4.901000e+03 4.316000e-01
4.902000e+03 2.100037e-01
4.903000e+03 1.758828e-01
4.904000e+03 2.008024e-01
4.905000e+03 3.793564e-01
4.906000e+03 3.793564e-01
4.907000e+03 3.798097e-01
4.908000e+03 3.805543e-01
4.909000e+03 3.805543e-01
4.910000e+03 3.379715e-01
4.911000e+03 3.134258e-01
4.912000e+03 3.134258e-01
4.913000e+03 1.170713e-01
4.914000e+03 9.288335e-02
4.915000e+03 1.545022e-01
4.916000e+03 5.139910e-01
4.917000e+03 5.139910e-01
4.918000e+03 5.022195e-01
4.919000e+03 4.847348e-01
4.920000e+03 4.847348e-01
4.921000e+03 3.785258e-01
4.922000e+03 3.234210e-01
4.923000e+03 3.234210e-01
4.924000e+03 2.746120e-01
4.925000e+03 2.700473e-01
4.926000e+03 3.047495e-01
4.927000e+03 4.734895e-01
4.928000e+03 4.734895e-01
4.929000e+03 4.715472e-01
4.930000e+03 4.689378e-01
4.931000e+03 4.689378e-01
4.932000e+03 3.180423e-01
4.933000e+03 2.479583e-01
4.934000e+03 2.479583e-01
4.935000e+03 1.859930e-01
4.936000e+03 1.819693e-01
4.937000e+03 2.581609e-01
4.938000e+03 5.722485e-01
4.939000e+03 5.722485e-01
4.940000e+03 5.468560e-01
4.941000e+03 5.160020e-01
4.942000e+03 5.160020e-01
4.943000e+03 2.472775e-01
4.944000e+03 1.362855e-01
4.945000e+03 1.362855e-01
4.946000e+03 3.987585e-01
4.947000e+03 4.085676e-01
4.948000e+03 3.817836e-01
4.949000e+03 2.869735e-01
4.950000e+03 2.869735e-01
4.951000e+03 3.277652e-01
4.952000e+03 3.725624e-01
4.953000e+03 3.725624e-01
4.954000e+03 2.209695e-01
4.955000e+03 1.657370e-01
4.956000e+03 1.657370e-01
4.957000e+03 4.254230e-01
4.958000e+03 4.282238e-01
4.959000e+03 3.972383e-01
4.960000e+03 3.021285e-01
4.961000e+03 3.021285e-01
4.962000e+03 2.307580e-01
4.963000e+03 1.600011e-01
4.964000e+03 1.600011e-01
4.965000e+03 5.083235e-02
4.966000e+03 1.609543e-02
4.967000e+03 1.974102e-02
4.968000e+03 2.576091e-01
4.969000e+03 2.576091e-01
4.970000e+03 2.879213e-01
4.971000e+03 3.692157e-01
4.972000e+03 3.692157e-01
4.973000e+03 2.072249e-01
4.974000e+03 6.249035e-02
4.975000e+03 6.249035e-02
4.976000e+03 4.062844e-02
4.977000e+03 3.462971e-02
4.978000e+03 5.209180e-02
4.979000e+03 4.577153e-01
4.980000e+03 4.577153e-01
4.981000e+03 4.757366e-01
4.982000e+03 5.182135e-01
4.983000e+03 5.182135e-01
4.984000e+03 2.659644e-01
4.985000e+03 6.331455e-02
4.986000e+03 6.331455e-02
4.987000e+03 2.242396e-01
4.988000e+03 2.616985e-01
4.989000e+03 2.715440e-01
4.990000e+03 4.067642e-01
4.991000e+03 4.067642e-01
4.992000e+03 3.508699e-01
4.993000e+03 2.345604e-01
4.994000e+03 2.345604e-01
4.995000e+03 2.624251e-01
4.996000e+03 2.824936e-01
4.997000e+03 2.824936e-01
4.998000e+03 1.624692e-01
4.999000e+03 1.392822e-01
5.000000e+03 1.511105e-01
5.001000e+03 2.639382e-01
5.002000e+03 2.639382e-01
5.003000e+03 2.351516e-01
5.004000e+03 1.820901e-01
5.005000e+03 1.820901e-01
5.006000e+03 2.111674e-01
5.007000e+03 2.298711e-01
5.008000e+03 2.298711e-01
5.009000e+03 2.508319e-01
5.010000e+03 2.540911e-01
5.011000e+03 2.686764e-01
5.012000e+03 3.733184e-01
5.013000e+03 3.733184e-01
5.014000e+03 3.472576e-01
5.015000e+03 3.046030e-01
5.016000e+03 3.046030e-01
5.017000e+03 2.436602e-01
5.018000e+03 2.088129e-01
5.019000e+03 2.088129e-01
5.020000e+03 4.600184e-01
5.021000e+03 4.900563e-01
5.022000e+03 4.498557e-01
5.023000e+03 2.224165e-01
5.024000e+03 2.224165e-01
5.025000e+03 1.724693e-01
5.026000e+03 9.976815e-02
5.027000e+03 9.976815e-02
5.028000e+03 2.560057e-01
5.029000e+03 3.349584e-01
5.030000e+03 3.349584e-01
5.031000e+03 3.862116e-01
5.032000e+03 3.905840e-01
5.033000e+03 3.843216e-01
5.034000e+03 3.555028e-01
5.035000e+03 3.555028e-01
5.036000e+03 2.560800e-01
5.037000e+03 1.272890e-01
5.038000e+03 1.272890e-01
5.039000e+03 2.225992e-01
5.040000e+03 2.648557e-01
5.041000e+03 2.648557e-01
5.042000e+03 2.412698e-01
5.043000e+03 2.400292e-01
5.044000e+03 2.379971e-01
5.045000e+03 2.302243e-01
5.046000e+03 2.302243e-01
5.047000e+03 2.209361e-01
5.048000e+03 2.102287e-01
5.049000e+03 2.102287e-01
5.050000e+03 1.961260e-01
5.051000e+03 1.906904e-01
5.052000e+03 1.906904e-01
5.053000e+03 2.405587e-01
5.054000e+03 2.416228e-01
5.055000e+03 1.885315e-01
5.056000e+03 1.708356e-02
5.057000e+03 1.708356e-02
5.058000e+03 9.980610e-02
5.059000e+03 1.846022e-01
5.060000e+03 1.846022e-01
5.061000e+03 3.104600e-01
5.062000e+03 3.521432e-01
5.063000e+03 3.508292e-01
5.064000e+03 1.998914e-01
5.065000e+03 1.998914e-01
5.066000e+03 2.221664e-01
5.067000e+03 2.836071e-01
5.068000e+03 2.836071e-01
5.069000e+03 1.408298e-01
5.070000e+03 1.090086e-02
5.071000e+03 1.090086e-02
5.072000e+03 2.248417e-01
5.073000e+03 2.848101e-01
5.074000e+03 2.876598e-01
5.075000e+03 3.586339e-01
5.076000e+03 3.586339e-01
5.077000e+03 2.861334e-01
5.078000e+03 1.138344e-01
5.079000e+03 1.138344e-01
5.080000e+03 2.250657e-01
5.081000e+03 3.147022e-01
5.082000e+03 3.147022e-01
5.083000e+03 5.297660e-01
5.084000e+03 5.797635e-01
5.085000e+03 5.466155e-01
5.086000e+03 9.953550e-02
5.087000e+03 9.953550e-02
5.088000e+03 1.408334e-01
5.089000e+03 2.259446e-01
5.090000e+03 2.259446e-01
5.091000e+03 4.039810e-01
5.092000e+03 5.305895e-01
5.093000e+03 5.305895e-01
5.094000e+03 5.305155e-01
5.095000e+03 5.305015e-01
5.096000e+03 5.038055e-01
5.097000e+03 2.632923e-01
5.098000e+03 2.632923e-01
5.099000e+03 2.834816e-01
5.100000e+03 3.197349e-01
5.101000e+03 3.197349e-01
5.102000e+03 2.998877e-01
5.103000e+03 2.874901e-01
5.104000e+03 2.874901e-01
5.105000e+03 2.855818e-01
5.106000e+03 2.853051e-01
5.107000e+03 2.884363e-01
5.108000e+03 3.091624e-01
5.109000e+03 3.091624e-01
5.110000e+03 2.498895e-01
5.111000e+03 1.568505e-01
5.112000e+03 1.568505e-01
5.113000e+03 3.178667e-01
5.114000e+03 4.056808e-01
5.115000e+03 4.056808e-01
5.116000e+03 2.641623e-01
5.117000e+03 2.493172e-01
5.118000e+03 2.206886e-01
5.119000e+03 7.374150e-02
5.120000e+03 7.374150e-02
5.121000e+03 1.512129e-01
5.122000e+03 2.577243e-01
5.123000e+03 2.577243e-01
5.124000e+03 3.442449e-01
5.125000e+03 3.851227e-01
5.126000e+03 3.851227e-01
5.127000e+03 3.351396e-01
5.128000e+03 3.317915e-01
5.129000e+03 3.109974e-01
5.130000e+03 2.253363e-01
5.131000e+03 2.253363e-01
5.132000e+03 3.199244e-01
5.133000e+03 4.339215e-01
5.134000e+03 4.339215e-01
5.135000e+03 5.047000e-01
5.136000e+03 5.333790e-01
5.137000e+03 5.333790e-01
5.138000e+03 2.989355e-01
5.139000e+03 2.916478e-01
5.140000e+03 3.121514e-01
5.141000e+03 3.815440e-01
5.142000e+03 3.815440e-01
5.143000e+03 4.425167e-01
5.144000e+03 5.069135e-01
5.145000e+03 5.069135e-01
5.146000e+03 3.505888e-01
5.147000e+03 2.969790e-01
5.148000e+03 2.966000e-01
5.149000e+03 1.689293e-01
5.150000e+03 1.689293e-01
5.151000e+03 1.640830e-01
5.152000e+03 1.503832e-01
5.153000e+03 1.503832e-01
5.154000e+03 2.456760e-01
5.155000e+03 3.337477e-01
5.156000e+03 3.337477e-01
5.157000e+03 2.593863e-01
5.158000e+03 2.381803e-01
5.159000e+03 2.378069e-01
5.160000e+03 2.279637e-01
5.161000e+03 2.279637e-01
5.162000e+03 2.820778e-01
5.163000e+03 4.113900e-01
5.164000e+03 4.113900e-01
5.165000e+03 4.098771e-01
5.166000e+03 4.086568e-01
5.167000e+03 4.086568e-01
5.168000e+03 3.130911e-01
5.169000e+03 2.909730e-01
5.170000e+03 2.783655e-01
5.171000e+03 1.124460e-01
5.172000e+03 1.124460e-01
5.173000e+03 1.643861e-01
5.174000e+03 2.702170e-01
5.175000e+03 2.702170e-01
5.176000e+03 2.178720e-01
5.177000e+03 1.811703e-01
5.178000e+03 1.811703e-01
5.179000e+03 7.397675e-02
5.180000e+03 5.453785e-02
5.181000e+03 3.968825e-02
5.182000e+03 0.000000e+00
5.183000e+03 0.000000e+00
5.184000e+03 6.438250e-02
5.185000e+03 3.283848e-01
5.186000e+03 3.283848e-01
5.187000e+03 2.777813e-01
5.188000e+03 2.471127e-01
5.189000e+03 2.471127e-01
5.190000e+03 2.013228e-01
5.191000e+03 1.951627e-01
5.192000e+03 2.029150e-01
5.193000e+03 2.504439e-01
5.194000e+03 2.504439e-01
5.195000e+03 2.958703e-01
5.196000e+03 3.642737e-01
5.197000e+03 3.642737e-01
5.198000e+03 3.501401e-01
5.199000e+03 3.427923e-01
5.200000e+03 3.427923e-01
5.201000e+03 1.466841e-01
5.202000e+03 1.288987e-01
5.203000e+03 1.396756e-01
5.204000e+03 1.902070e-01
5.205000e+03 1.902070e-01
5.206000e+03 2.249534e-01
5.207000e+03 2.701303e-01
5.208000e+03 2.701303e-01
5.209000e+03 2.562988e-01
5.210000e+03 2.501928e-01
5.211000e+03 2.501928e-01
5.212000e+03 9.739465e-02
5.213000e+03 8.982090e-02
5.214000e+03 1.513099e-01
5.215000e+03 3.800934e-01
5.216000e+03 3.800934e-01
5.217000e+03 4.048029e-01
5.218000e+03 4.325638e-01
5.219000e+03 4.325638e-01
5.220000e+03 2.274183e-01
5.221000e+03 1.515602e-01
5.222000e+03 1.515602e-01
5.223000e+03 1.500019e-01
5.224000e+03 1.499849e-01
5.225000e+03 2.872692e-01
5.226000e+03 7.026900e-01
5.227000e+03 7.026900e-01
5.228000e+03 5.750390e-01
5.229000e+03 4.512120e-01
5.230000e+03 4.512120e-01
5.231000e+03 2.233835e-01
5.232000e+03 1.541170e-01
5.233000e+03 1.625210e-01
5.234000e+03 4.756519e-01
5.235000e+03 4.756519e-01
5.236000e+03 5.139785e-01
5.237000e+03 6.099190e-01
5.238000e+03 6.099190e-01
5.239000e+03 5.011080e-01
5.240000e+03 4.101906e-01
5.241000e+03 4.101906e-01
5.242000e+03 3.008519e-01
5.243000e+03 2.742264e-01
5.244000e+03 2.817885e-01
5.245000e+03 3.931578e-01
5.246000e+03 3.931578e-01
5.247000e+03 4.202916e-01
5.248000e+03 4.771572e-01
5.249000e+03 4.771572e-01
5.250000e+03 3.927456e-01
5.251000e+03 3.322442e-01
5.252000e+03 3.322442e-01
5.253000e+03 4.100702e-01
5.254000e+03 4.246735e-01
5.255000e+03 4.228246e-01
5.256000e+03 4.064666e-01
5.257000e+03 4.064666e-01
5.258000e+03 4.423276e-01
5.259000e+03 5.057730e-01
5.260000e+03 5.057730e-01
5.261000e+03 3.827059e-01
5.262000e+03 3.075080e-01
5.263000e+03 3.075080e-01
5.264000e+03 2.719310e-01
5.265000e+03 2.670960e-01
5.266000e+03 2.834414e-01
5.267000e+03 3.838267e-01
5.268000e+03 3.838267e-01
5.269000e+03 3.919919e-01
5.270000e+03 4.042539e-01
5.271000e+03 4.042539e-01
5.272000e+03 3.172941e-01
5.273000e+03 2.723893e-01
5.274000e+03 2.723893e-01
5.275000e+03 4.515673e-01
5.276000e+03 4.673106e-01
5.277000e+03 4.681689e-01
5.278000e+03 4.721048e-01
5.279000e+03 4.721048e-01
5.280000e+03 3.801217e-01
5.281000e+03 2.625113e-01
5.282000e+03 2.625113e-01
5.283000e+03 1.167021e-01
5.284000e+03 5.383415e-02
5.285000e+03 5.383415e-02
5.286000e+03 2.812327e-01
5.287000e+03 2.910454e-01
5.288000e+03 3.301966e-01
5.289000e+03 4.701743e-01
5.290000e+03 4.701743e-01
5.291000e+03 4.518188e-01
5.292000e+03 4.318163e-01
5.293000e+03 4.318163e-01
5.294000e+03 3.309968e-01
5.295000e+03 2.953025e-01
5.296000e+03 2.953025e-01
5.297000e+03 3.409091e-01
5.298000e+03 3.409746e-01
5.299000e+03 3.621866e-01
5.300000e+03 4.229916e-01
5.301000e+03 4.229916e-01
5.302000e+03 3.499337e-01
5.303000e+03 2.821509e-01
5.304000e+03 2.821509e-01
5.305000e+03 3.694294e-01
5.306000e+03 3.942100e-01
5.307000e+03 4.042280e-01
5.308000e+03 6.508885e-01
5.309000e+03 6.508885e-01
5.310000e+03 6.284760e-01
5.311000e+03 5.759870e-01
5.312000e+03 5.759870e-01
5.313000e+03 4.952927e-01
5.314000e+03 4.317513e-01
5.315000e+03 4.317513e-01
5.316000e+03 4.273146e-01
5.317000e+03 4.263388e-01
5.318000e+03 4.261703e-01
5.319000e+03 4.242321e-01
5.320000e+03 4.242321e-01
5.321000e+03 4.311686e-01
5.322000e+03 4.446116e-01
5.323000e+03 4.446116e-01
5.324000e+03 4.092676e-01
5.325000e+03 3.857773e-01
5.326000e+03 3.857773e-01
5.327000e+03 3.621749e-01
5.328000e+03 3.583691e-01
5.329000e+03 4.004454e-01
5.330000e+03 7.044520e-01
5.331000e+03 7.044520e-01
5.332000e+03 5.605500e-01
5.333000e+03 3.277932e-01
5.334000e+03 3.277932e-01
5.335000e+03 2.852676e-01
5.336000e+03 2.616112e-01
5.337000e+03 2.616112e-01
5.338000e+03 4.953699e-01
5.339000e+03 5.204525e-01
5.340000e+03 5.038930e-01
5.341000e+03 4.192797e-01
5.342000e+03 4.192797e-01
5.343000e+03 3.690210e-01
5.344000e+03 3.008229e-01
5.345000e+03 3.008229e-01
5.346000e+03 2.825003e-01
5.347000e+03 2.740715e-01
5.348000e+03 2.740715e-01
5.349000e+03 6.515140e-01
5.350000e+03 6.732265e-01
5.351000e+03 6.479575e-01
5.352000e+03 5.507480e-01
5.353000e+03 5.507480e-01
5.354000e+03 5.327720e-01
5.355000e+03 5.122605e-01
5.356000e+03 5.122605e-01
5.357000e+03 5.281990e-01
5.358000e+03 5.341590e-01
5.359000e+03 5.341590e-01
5.360000e+03 6.701205e-01
5.361000e+03 6.716800e-01
5.362000e+03 6.090245e-01
5.363000e+03 4.205682e-01
5.364000e+03 4.205682e-01
5.365000e+03 3.933420e-01
5.366000e+03 3.672251e-01
5.367000e+03 3.672251e-01
5.368000e+03 4.738307e-01
5.369000e+03 5.054370e-01
5.370000e+03 5.083635e-01
5.371000e+03 5.960955e-01
5.372000e+03 5.960955e-01
5.373000e+03 5.522375e-01
5.374000e+03 4.465459e-01
5.375000e+03 4.465459e-01
5.376000e+03 3.729169e-01
5.377000e+03 3.137120e-01
5.378000e+03 3.137120e-01
5.379000e+03 6.147995e-01
5.380000e+03 6.829830e-01
5.381000e+03 6.827890e-01
5.382000e+03 6.804470e-01
5.383000e+03 6.804470e-01
5.384000e+03 5.281520e-01
5.385000e+03 2.293168e-01
5.386000e+03 2.293168e-01
5.387000e+03 4.089870e-01
5.388000e+03 5.293905e-01
5.389000e+03 5.293905e-01
5.390000e+03 5.518990e-01
5.391000e+03 5.555645e-01
5.392000e+03 5.205230e-01
5.393000e+03 2.664389e-01
5.394000e+03 2.664389e-01
5.395000e+03 3.112781e-01
5.396000e+03 3.836746e-01
5.397000e+03 3.836746e-01
5.398000e+03 2.538313e-01
5.399000e+03 1.819859e-01
5.400000e+03 1.819859e-01
5.401000e+03 6.968165e-01
5.402000e+03 7.507785e-01
5.403000e+03 7.187805e-01
5.404000e+03 5.586080e-01
5.405000e+03 5.586080e-01
5.406000e+03 4.807245e-01
5.407000e+03 3.766056e-01
5.408000e+03 3.766056e-01
5.409000e+03 4.804385e-01
5.410000e+03 5.272235e-01
5.411000e+03 5.272235e-01
5.412000e+03 5.371505e-01
5.413000e+03 5.376630e-01
5.414000e+03 5.387550e-01
5.415000e+03 5.428035e-01
5.416000e+03 5.428035e-01
5.417000e+03 5.290070e-01
5.418000e+03 5.136940e-01
5.419000e+03 5.136940e-01
5.420000e+03 5.451605e-01
5.421000e+03 5.564735e-01
5.422000e+03 5.564735e-01
5.423000e+03 7.452810e-01
5.424000e+03 7.458130e-01
5.425000e+03 6.816790e-01
5.426000e+03 4.980555e-01
5.427000e+03 4.980555e-01
5.428000e+03 3.432641e-01
5.429000e+03 2.007018e-01
5.430000e+03 2.007018e-01
5.431000e+03 5.530855e-01
5.432000e+03 6.511435e-01
5.433000e+03 6.477445e-01
5.434000e+03 5.740485e-01
5.435000e+03 5.740485e-01
5.436000e+03 5.365330e-01
5.437000e+03 4.514101e-01
5.438000e+03 4.514101e-01
5.439000e+03 6.038980e-01
5.440000e+03 7.199910e-01
5.441000e+03 7.199910e-01
5.442000e+03 6.322975e-01
5.443000e+03 6.142910e-01
5.444000e+03 6.200745e-01
5.445000e+03 6.774525e-01
5.446000e+03 6.774525e-01
5.447000e+03 6.068135e-01
5.448000e+03 4.776434e-01
5.449000e+03 4.776434e-01
5.450000e+03 4.323223e-01
5.451000e+03 4.040141e-01
5.452000e+03 4.040141e-01
5.453000e+03 5.737915e-01
5.454000e+03 5.974780e-01
5.455000e+03 5.747455e-01
5.456000e+03 4.346894e-01
5.457000e+03 4.346894e-01
5.458000e+03 2.462831e-01
5.459000e+03 0.000000e+00
5.460000e+03 0.000000e+00
5.461000e+03 2.715047e-01
5.462000e+03 4.263074e-01
5.463000e+03 4.263074e-01
5.464000e+03 4.328140e-01
5.465000e+03 4.333333e-01
5.466000e+03 3.977422e-01
5.467000e+03 2.443249e-01
5.468000e+03 2.443249e-01
5.469000e+03 2.564678e-01
5.470000e+03 2.712755e-01
5.471000e+03 2.712755e-01
5.472000e+03 5.114525e-01
5.473000e+03 6.081965e-01
5.474000e+03 6.081965e-01
5.475000e+03 3.142274e-01
5.476000e+03 3.067499e-01
5.477000e+03 3.586485e-01
5.478000e+03 5.252115e-01
5.479000e+03 5.252115e-01
5.480000e+03 5.300620e-01
5.481000e+03 5.349130e-01
5.482000e+03 5.349130e-01
5.483000e+03 4.246844e-01
5.484000e+03 3.903356e-01
5.485000e+03 3.930199e-01
5.486000e+03 4.981205e-01
5.487000e+03 4.981205e-01
5.488000e+03 4.589899e-01
5.489000e+03 3.619779e-01
5.490000e+03 3.619779e-01
5.491000e+03 3.312475e-01
5.492000e+03 3.061026e-01
5.493000e+03 3.061026e-01
5.494000e+03 5.076765e-01
5.495000e+03 5.541690e-01
5.496000e+03 5.443975e-01
5.497000e+03 4.242599e-01
5.498000e+03 4.242599e-01
5.499000e+03 3.916869e-01
5.500000e+03 3.278581e-01
5.501000e+03 3.278581e-01
5.502000e+03 4.587586e-01
5.503000e+03 5.458085e-01
5.504000e+03 5.458085e-01
5.505000e+03 4.768999e-01
5.506000e+03 4.659930e-01
5.507000e+03 4.300976e-01
5.508000e+03 1.814159e-01
5.509000e+03 1.814159e-01
5.510000e+03 1.553416e-01
5.511000e+03 1.143797e-01
5.512000e+03 1.143797e-01
5.513000e+03 4.767332e-01
5.514000e+03 6.702875e-01
5.515000e+03 6.702875e-01
5.516000e+03 5.851990e-01
5.517000e+03 5.772665e-01
5.518000e+03 5.177270e-01
5.519000e+03 2.421447e-01
5.520000e+03 2.421447e-01
5.521000e+03 3.037511e-01
5.522000e+03 3.819549e-01
5.523000e+03 3.819549e-01
5.524000e+03 4.429211e-01
5.525000e+03 4.685963e-01
5.526000e+03 4.685963e-01
5.527000e+03 4.995292e-01
5.528000e+03 5.005940e-01
5.529000e+03 4.112337e-01
5.530000e+03 1.117519e-01
5.531000e+03 1.117519e-01
5.532000e+03 2.540640e-01
5.533000e+03 4.004505e-01
5.534000e+03 4.004505e-01
5.535000e+03 5.764870e-01
5.536000e+03 6.332675e-01
5.537000e+03 6.281365e-01
5.538000e+03 3.678305e-01
5.539000e+03 3.678305e-01
5.540000e+03 3.487692e-01
5.541000e+03 3.003748e-01
5.542000e+03 3.003748e-01
5.543000e+03 4.166812e-01
5.544000e+03 5.134435e-01
5.545000e+03 5.134435e-01
5.546000e+03 5.642715e-01
5.547000e+03 5.762570e-01
5.548000e+03 5.476105e-01
5.549000e+03 1.814622e-01
5.550000e+03 1.814622e-01
5.551000e+03 2.573384e-01
5.552000e+03 4.073089e-01
5.553000e+03 4.073089e-01
5.554000e+03 4.366331e-01
5.555000e+03 4.562308e-01
5.556000e+03 4.562308e-01
5.557000e+03 4.333876e-01
5.558000e+03 4.297580e-01
5.559000e+03 4.149658e-01
5.560000e+03 3.127463e-01
5.561000e+03 3.127463e-01
5.562000e+03 2.844885e-01
5.563000e+03 2.402862e-01
5.564000e+03 2.402862e-01
5.565000e+03 5.535860e-01
5.566000e+03 7.196455e-01
5.567000e+03 7.196455e-01
5.568000e+03 4.560228e-01
5.569000e+03 4.322317e-01
5.570000e+03 4.016144e-01
5.571000e+03 2.629848e-01
5.572000e+03 2.629848e-01
5.573000e+03 3.614172e-01
5.574000e+03 4.843686e-01
5.575000e+03 4.843686e-01
5.576000e+03 5.498395e-01
5.577000e+03 5.767910e-01
5.578000e+03 5.767910e-01
5.579000e+03 2.665959e-01
5.580000e+03 2.577216e-01
5.581000e+03 2.826242e-01
5.582000e+03 3.632304e-01
5.583000e+03 3.632304e-01
5.584000e+03 4.699133e-01
5.585000e+03 5.766375e-01
5.586000e+03 5.766375e-01
5.587000e+03 4.921954e-01
5.588000e+03 4.660857e-01
5.589000e+03 4.630133e-01
5.590000e+03 3.555088e-01
5.591000e+03 3.555088e-01
5.592000e+03 3.770863e-01
5.593000e+03 4.294591e-01
5.594000e+03 4.294591e-01
5.595000e+03 4.817590e-01
5.596000e+03 5.235535e-01
5.597000e+03 5.235535e-01
5.598000e+03 3.768144e-01
5.599000e+03 3.445824e-01
5.600000e+03 3.341505e-01
5.601000e+03 2.204301e-01
5.602000e+03 2.204301e-01
5.603000e+03 2.552497e-01
5.604000e+03 3.204337e-01
5.605000e+03 3.204337e-01
5.606000e+03 3.975501e-01
5.607000e+03 4.463620e-01
5.608000e+03 4.463620e-01
5.609000e+03 3.439636e-01
5.610000e+03 3.295524e-01
5.611000e+03 3.282662e-01
5.612000e+03 3.204250e-01
5.613000e+03 3.204250e-01
5.614000e+03 3.626171e-01
5.615000e+03 4.245441e-01
5.616000e+03 4.245441e-01
5.617000e+03 4.849349e-01
5.618000e+03 5.147345e-01
5.619000e+03 5.147345e-01
5.620000e+03 4.123635e-01
5.621000e+03 4.051293e-01
5.622000e+03 3.520662e-01
5.623000e+03 1.377291e-01
5.624000e+03 1.377291e-01
5.625000e+03 2.729868e-01
5.626000e+03 4.299098e-01
5.627000e+03 4.299098e-01
5.628000e+03 4.718772e-01
5.629000e+03 4.876009e-01
5.630000e+03 4.876009e-01
5.631000e+03 5.547700e-01
5.632000e+03 5.553100e-01
5.633000e+03 5.047515e-01
5.634000e+03 3.582969e-01
5.635000e+03 3.582969e-01
5.636000e+03 4.659365e-01
5.637000e+03 5.647900e-01
5.638000e+03 5.647900e-01
5.639000e+03 3.406327e-01
5.640000e+03 2.795900e-01
5.641000e+03 2.708198e-01
5.642000e+03 1.066018e-01
5.643000e+03 1.066018e-01
5.644000e+03 1.938563e-01
5.645000e+03 3.831895e-01
5.646000e+03 3.831895e-01
5.647000e+03 4.333078e-01
5.648000e+03 4.695586e-01
5.649000e+03 4.695586e-01
5.650000e+03 3.196504e-01
5.651000e+03 2.921813e-01
5.652000e+03 2.803227e-01
5.653000e+03 1.844092e-01
5.654000e+03 1.844092e-01
5.655000e+03 2.828877e-01
5.656000e+03 4.470398e-01
5.657000e+03 4.470398e-01
5.658000e+03 5.459120e-01
5.659000e+03 6.015400e-01
5.660000e+03 6.015400e-01
5.661000e+03 4.146026e-01
5.662000e+03 3.949730e-01
5.663000e+03 3.744324e-01
5.664000e+03 2.741700e-01
5.665000e+03 2.741700e-01
5.666000e+03 3.492831e-01
5.667000e+03 4.467898e-01
5.668000e+03 4.467898e-01
5.669000e+03 5.215355e-01
5.670000e+03 5.535260e-01
5.671000e+03 5.535260e-01
5.672000e+03 1.300325e-01
5.673000e+03 1.148878e-01
5.674000e+03 1.605785e-01
5.675000e+03 3.129398e-01
5.676000e+03 3.129398e-01
5.677000e+03 4.245646e-01
5.678000e+03 5.380030e-01
5.679000e+03 5.380030e-01
5.680000e+03 3.410517e-01
5.681000e+03 2.792943e-01
5.682000e+03 2.743236e-01
5.683000e+03 9.273460e-02
5.684000e+03 9.273460e-02
5.685000e+03 2.204944e-01
5.686000e+03 5.302100e-01
5.687000e+03 5.302100e-01
5.688000e+03 4.615729e-01
5.689000e+03 4.070894e-01
5.690000e+03 4.070894e-01
5.691000e+03 5.694345e-01
5.692000e+03 6.043590e-01
5.693000e+03 5.995460e-01
5.694000e+03 5.499675e-01
5.695000e+03 5.499675e-01
5.696000e+03 6.012670e-01
5.697000e+03 6.948600e-01
5.698000e+03 4.319950e-01
5.699000e+03 4.437954e-01
5.700000e+03 4.333093e-01
5.701000e+03 4.733740e-01
5.702000e+03 4.560359e-01
5.703000e+03 4.209350e-01
5.704000e+03 4.876708e-01
5.705000e+03 4.333385e-01
5.706000e+03 4.899330e-01
5.707000e+03 5.531520e-01
5.708000e+03 5.312205e-01
5.709000e+03 4.690659e-01
5.710000e+03 5.297600e-01
5.711000e+03 5.250100e-01
5.712000e+03 5.651070e-01
5.713000e+03 5.072590e-01
5.714000e+03 5.623420e-01
5.715000e+03 5.728035e-01
5.716000e+03 5.741335e-01
5.717000e+03 6.217425e-01
5.718000e+03 5.829260e-01
5.719000e+03 6.309725e-01
5.720000e+03 4.855118e-01
5.721000e+03 5.021070e-01
5.722000e+03 5.053085e-01
5.723000e+03 5.297470e-01
5.724000e+03 4.868999e-01
5.725000e+03 4.552570e-01
5.726000e+03 4.594944e-01
5.727000e+03 4.468675e-01
5.728000e+03 4.904346e-01
5.729000e+03 3.854342e-01
5.730000e+03 4.497135e-01
5.731000e+03 4.598684e-01
5.732000e+03 5.025705e-01
5.733000e+03 4.975823e-01
5.734000e+03 5.202980e-01
5.735000e+03 5.146835e-01
5.736000e+03 5.420785e-01
5.737000e+03 5.166920e-01
5.738000e+03 5.352385e-01
5.739000e+03 4.544288e-01
5.740000e+03 5.407100e-01
5.741000e+03 5.280785e-01
5.742000e+03 5.193200e-01
5.743000e+03 5.791955e-01
5.744000e+03 5.770865e-01
5.745000e+03 5.017700e-01
5.746000e+03 5.777930e-01
5.747000e+03 5.191320e-01
5.748000e+03 6.021230e-01
5.749000e+03 5.598655e-01
5.750000e+03 5.329625e-01
5.751000e+03 5.209665e-01
5.752000e+03 5.579240e-01
5.753000e+03 5.608445e-01
5.754000e+03 5.954155e-01
5.755000e+03 5.721155e-01
5.756000e+03 6.137540e-01
5.757000e+03 5.645780e-01
5.758000e+03 6.358965e-01
5.759000e+03 5.589335e-01
5.760000e+03 6.353480e-01
5.761000e+03 4.950582e-01
5.762000e+03 4.647539e-01
5.763000e+03 5.514840e-01
5.764000e+03 4.484805e-01
5.765000e+03 4.782838e-01
5.766000e+03 5.392635e-01
5.767000e+03 5.269555e-01
5.768000e+03 5.351545e-01
5.769000e+03 5.583155e-01
5.770000e+03 5.442390e-01
5.771000e+03 5.531425e-01
5.772000e+03 5.043180e-01
5.773000e+03 5.101835e-01
5.774000e+03 4.763083e-01
5.775000e+03 5.524085e-01
5.776000e+03 5.005980e-01
5.777000e+03 5.025645e-01
5.778000e+03 4.645615e-01
5.779000e+03 4.824280e-01
5.780000e+03 5.286945e-01
5.781000e+03 5.368625e-01
5.782000e+03 5.372495e-01
5.783000e+03 5.248740e-01
5.784000e+03 5.237000e-01
5.785000e+03 5.523680e-01
5.786000e+03 5.526230e-01
5.787000e+03 5.468245e-01
5.788000e+03 5.600730e-01
5.789000e+03 5.522075e-01
5.790000e+03 5.454515e-01
5.791000e+03 5.653010e-01
5.792000e+03 5.745820e-01
5.793000e+03 5.977685e-01
5.794000e+03 5.794880e-01
5.795000e+03 6.134285e-01
5.796000e+03 6.558760e-01
5.797000e+03 6.379195e-01
5.798000e+03 5.979520e-01
5.799000e+03 6.285170e-01
5.800000e+03 5.977010e-01
5.801000e+03 6.464655e-01
5.802000e+03 5.832530e-01
5.803000e+03 6.594230e-01
5.804000e+03 6.141275e-01
5.805000e+03 6.101115e-01
5.806000e+03 6.200265e-01
5.807000e+03 6.258055e-01
5.808000e+03 6.567940e-01
5.809000e+03 6.511920e-01
5.810000e+03 6.107790e-01
5.811000e+03 6.992095e-01
5.812000e+03 5.400300e-01
5.813000e+03 5.179185e-01
5.814000e+03 5.814060e-01
5.815000e+03 5.494030e-01
5.816000e+03 5.373945e-01
5.817000e+03 5.686690e-01
5.818000e+03 5.667105e-01
5.819000e+03 5.608440e-01
5.820000e+03 5.968710e-01
5.821000e+03 5.978015e-01
5.822000e+03 5.965145e-01
5.823000e+03 6.473185e-01
5.824000e+03 6.229320e-01
5.825000e+03 6.010515e-01
5.826000e+03 5.618765e-01
5.827000e+03 6.325415e-01
5.828000e+03 5.295420e-01
5.829000e+03 6.085580e-01
5.830000e+03 5.414900e-01
5.831000e+03 5.547645e-01
5.832000e+03 5.409300e-01
5.833000e+03 5.663245e-01
5.834000e+03 5.473695e-01
5.835000e+03 5.833900e-01
5.836000e+03 5.723510e-01
5.837000e+03 5.837915e-01
5.838000e+03 6.002470e-01
5.839000e+03 5.942575e-01
5.840000e+03 5.165700e-01
5.841000e+03 5.161415e-01
5.842000e+03 4.993413e-01
5.843000e+03 4.969813e-01
5.844000e+03 5.112995e-01
5.845000e+03 5.665415e-01
5.846000e+03 5.133465e-01
5.847000e+03 5.064170e-01
5.848000e+03 5.015055e-01
5.849000e+03 4.761612e-01
5.850000e+03 3.335239e-01
5.851000e+03 3.540715e-01
5.852000e+03 3.456870e-01
5.853000e+03 3.097256e-01
5.854000e+03 3.200441e-01
5.855000e+03 3.171342e-01
5.856000e+03 3.699157e-01
5.857000e+03 3.449117e-01
5.858000e+03 3.207587e-01
5.859000e+03 2.760760e-01
5.860000e+03 3.369044e-01
5.861000e+03 3.784841e-01
5.862000e+03 3.287017e-01
5.863000e+03 3.778678e-01
5.864000e+03 3.206187e-01
5.865000e+03 2.514638e-01
5.866000e+03 2.687659e-01
5.867000e+03 2.907605e-01
5.868000e+03 2.667471e-01
5.869000e+03 2.769393e-01
5.870000e+03 3.011435e-01
5.871000e+03 2.882765e-01
5.872000e+03 2.928667e-01
5.873000e+03 2.686469e-01
5.874000e+03 2.560049e-01
5.875000e+03 2.150395e-01
5.876000e+03 2.311789e-01
5.877000e+03 2.339984e-01
5.878000e+03 2.060281e-01
5.879000e+03 1.973579e-01
5.880000e+03 1.925948e-01
5.881000e+03 1.903091e-01
5.882000e+03 1.856357e-01
5.883000e+03 1.825247e-01
5.884000e+03 1.704132e-01
5.885000e+03 1.637090e-01
5.886000e+03 1.540809e-01
5.887000e+03 1.434776e-01
5.888000e+03 1.334552e-01
5.889000e+03 1.163603e-01
5.890000e+03 9.727010e-02
5.891000e+03 6.529435e-02
5.892000e+03 5.672925e-02
5.893000e+03 9.769735e-02
5.894000e+03 1.202607e-01
5.895000e+03 1.295966e-01
5.896000e+03 1.235939e-01
5.897000e+03 8.455760e-02
5.898000e+03 6.406535e-02
5.899000e+03 1.075617e-01
5.900000e+03 1.260140e-01
5.901000e+03 1.282550e-01
5.902000e+03 1.397261e-01
5.903000e+03 1.515494e-01
5.904000e+03 1.664157e-01
5.905000e+03 1.746693e-01
5.906000e+03 1.816804e-01
5.907000e+03 1.602902e-01
5.908000e+03 1.623593e-01
5.909000e+03 1.805187e-01
5.910000e+03 1.820017e-01
5.911000e+03 1.751907e-01
5.912000e+03 1.952704e-01
5.913000e+03 1.998057e-01
5.914000e+03 2.027555e-01
5.915000e+03 2.120715e-01
5.916000e+03 1.933136e-01
5.917000e+03 2.041706e-01
5.918000e+03 2.177716e-01
5.919000e+03 2.346989e-01
5.920000e+03 2.224773e-01
5.921000e+03 2.566467e-01
5.922000e+03 2.605071e-01
5.923000e+03 2.419891e-01
5.924000e+03 2.361977e-01
5.925000e+03 2.258712e-01
5.926000e+03 2.366626e-01
5.927000e+03 2.239292e-01
5.928000e+03 2.441153e-01
5.929000e+03 2.324725e-01
5.930000e+03 2.333479e-01
5.931000e+03 2.183590e-01
5.932000e+03 2.402904e-01
5.933000e+03 2.282545e-01
5.934000e+03 2.834460e-01
5.935000e+03 2.442509e-01
5.936000e+03 3.062640e-01
5.937000e+03 2.553673e-01
5.938000e+03 2.997676e-01
5.939000e+03 2.506349e-01
5.940000e+03 2.687161e-01
5.941000e+03 2.763810e-01
5.942000e+03 3.028646e-01
5.943000e+03 2.729570e-01
5.944000e+03 2.819916e-01
5.945000e+03 2.939194e-01
5.946000e+03 2.969728e-01
5.947000e+03 3.090364e-01
5.948000e+03 3.238084e-01
5.949000e+03 3.083174e-01
5.950000e+03 3.174800e-01
5.951000e+03 3.368213e-01
5.952000e+03 2.670298e-01
5.953000e+03 2.222370e-01
5.954000e+03 2.272454e-01
5.955000e+03 2.614284e-01
5.956000e+03 2.929989e-01
5.957000e+03 2.948288e-01
5.958000e+03 2.669185e-01
5.959000e+03 2.287312e-01
5.960000e+03 2.324733e-01
5.961000e+03 2.511241e-01
5.962000e+03 2.643398e-01
5.963000e+03 2.587052e-01
5.964000e+03 2.667551e-01
5.965000e+03 2.625446e-01
5.966000e+03 2.760075e-01
5.967000e+03 2.697585e-01
5.968000e+03 2.954670e-01
5.969000e+03 2.863827e-01
5.970000e+03 2.997708e-01
5.971000e+03 3.356396e-01
5.972000e+03 3.197289e-01
5.973000e+03 3.226713e-01
5.974000e+03 2.953819e-01
5.975000e+03 3.472125e-01
5.976000e+03 3.070281e-01
5.977000e+03 3.195573e-01
5.978000e+03 3.037003e-01
5.979000e+03 2.916980e-01
5.980000e+03 3.093740e-01
5.981000e+03 3.267102e-01
5.982000e+03 3.009085e-01
5.983000e+03 2.970125e-01
5.984000e+03 3.478475e-01
5.985000e+03 2.904815e-01
5.986000e+03 3.705436e-01
5.987000e+03 3.190305e-01
5.988000e+03 3.478221e-01
5.989000e+03 3.668159e-01
5.990000e+03 3.579851e-01
5.991000e+03 3.672281e-01
5.992000e+03 3.913457e-01
5.993000e+03 3.966095e-01
5.994000e+03 4.089156e-01
5.995000e+03 3.912545e-01
5.996000e+03 4.121949e-01
5.997000e+03 3.660423e-01
5.998000e+03 4.622566e-01
5.999000e+03 3.572983e-01
6.000000e+03 4.575728e-01
6.001000e+03 4.228583e-01
6.002000e+03 4.323573e-01
6.003000e+03 4.483255e-01
6.004000e+03 4.356395e-01
6.005000e+03 3.900737e-01
6.006000e+03 2.895270e-01
6.007000e+03 3.823991e-01
6.008000e+03 3.471055e-01
6.009000e+03 4.326295e-01
6.010000e+03 4.078363e-01
6.011000e+03 4.124640e-01
6.012000e+03 3.342113e-01
6.013000e+03 3.503883e-01
6.014000e+03 3.552338e-01
6.015000e+03 4.238416e-01
6.016000e+03 3.837767e-01
6.017000e+03 3.995700e-01
6.018000e+03 3.965188e-01
6.019000e+03 4.259523e-01
6.020000e+03 3.979722e-01
6.021000e+03 4.022596e-01
6.022000e+03 4.008513e-01
6.023000e+03 4.545531e-01
6.024000e+03 4.201873e-01
6.025000e+03 4.231264e-01
6.026000e+03 4.975130e-01
6.027000e+03 4.731733e-01
6.028000e+03 5.110780e-01
6.029000e+03 4.373294e-01
6.030000e+03 4.901195e-01
6.031000e+03 4.519929e-01
6.032000e+03 4.299873e-01
6.033000e+03 4.227070e-01
6.034000e+03 4.731834e-01
6.035000e+03 4.522061e-01
6.036000e+03 4.772765e-01
6.037000e+03 5.037955e-01
6.038000e+03 4.655179e-01
6.039000e+03 5.297680e-01
6.040000e+03 4.928243e-01
6.041000e+03 5.040060e-01
6.042000e+03 4.590365e-01
6.043000e+03 5.398140e-01
6.044000e+03 5.441115e-01
6.045000e+03 5.182035e-01
6.046000e+03 5.605405e-01
6.047000e+03 5.802560e-01
6.048000e+03 5.514035e-01
6.049000e+03 5.743310e-01
6.050000e+03 5.662480e-01
6.051000e+03 6.218510e-01
6.052000e+03 5.704400e-01
6.053000e+03 6.051075e-01
6.054000e+03 5.950390e-01
6.055000e+03 6.535940e-01
6.056000e+03 5.921865e-01
6.057000e+03 6.258445e-01
6.058000e+03 6.472945e-01
6.059000e+03 5.727675e-01
6.060000e+03 4.869975e-01
6.061000e+03 6.049070e-01
6.062000e+03 5.383530e-01
6.063000e+03 6.121850e-01
6.064000e+03 6.194490e-01
6.065000e+03 5.259500e-01
6.066000e+03 4.885618e-01
6.067000e+03 5.100745e-01
6.068000e+03 5.138960e-01
6.069000e+03 6.168050e-01
6.070000e+03 5.944135e-01
6.071000e+03 5.699540e-01
6.072000e+03 6.026035e-01
6.073000e+03 6.171375e-01
6.074000e+03 6.277260e-01
6.075000e+03 6.077430e-01
6.076000e+03 6.641720e-01
6.077000e+03 6.499940e-01
6.078000e+03 6.445660e-01
6.079000e+03 6.936380e-01
6.080000e+03 6.755130e-01
6.081000e+03 7.060410e-01
6.082000e+03 7.545755e-01
6.083000e+03 6.075925e-01
6.084000e+03 7.248630e-01
6.085000e+03 7.291910e-01
6.086000e+03 7.567490e-01
6.087000e+03 6.307550e-01
6.088000e+03 7.268475e-01
6.089000e+03 6.612815e-01
6.090000e+03 6.236325e-01
6.091000e+03 6.910525e-01
6.092000e+03 5.905345e-01
6.093000e+03 7.134440e-01
6.094000e+03 6.256960e-01
6.095000e+03 7.259260e-01
6.096000e+03 7.292050e-01
6.097000e+03 7.665230e-01
6.098000e+03 6.794070e-01
6.099000e+03 6.485790e-01
6.100000e+03 7.772065e-01
6.101000e+03 7.200905e-01
6.102000e+03 7.220635e-01
6.103000e+03 6.880475e-01
6.104000e+03 4.798127e-01
6.105000e+03 6.053140e-01
6.106000e+03 7.134750e-01
6.107000e+03 6.833565e-01
6.108000e+03 8.130690e-01
6.109000e+03 7.364025e-01
6.110000e+03 7.180885e-01
6.111000e+03 7.246810e-01
6.112000e+03 7.576430e-01
6.113000e+03 7.336915e-01
6.114000e+03 7.499115e-01
6.115000e+03 7.826105e-01
6.116000e+03 7.370815e-01
6.117000e+03 7.660840e-01
6.118000e+03 8.655735e-01
6.119000e+03 7.686365e-01
6.120000e+03 8.665660e-01
6.121000e+03 6.308830e-01
6.122000e+03 6.637895e-01
6.123000e+03 5.673410e-01
6.124000e+03 3.686817e-01
6.125000e+03 6.505795e-01
6.126000e+03 6.878620e-01
6.127000e+03 8.022625e-01
6.128000e+03 6.665780e-01
6.129000e+03 8.150860e-01
6.130000e+03 8.025870e-01
6.131000e+03 7.446785e-01
6.132000e+03 8.476725e-01
6.133000e+03 8.859830e-01
6.134000e+03 7.969280e-01
6.135000e+03 7.760340e-01
6.136000e+03 8.341515e-01
6.137000e+03 7.088785e-01
6.138000e+03 7.138570e-01
6.139000e+03 7.142500e-01
6.140000e+03 7.684900e-01
6.141000e+03 8.321835e-01
6.142000e+03 9.076600e-01
6.143000e+03 7.558965e-01
6.144000e+03 8.791940e-01
6.145000e+03 8.576920e-01
6.146000e+03 8.912925e-01
6.147000e+03 8.081620e-01
6.148000e+03 8.903375e-01
6.149000e+03 8.533660e-01
6.150000e+03 8.211170e-01
6.151000e+03 5.571660e-01
6.152000e+03 4.671115e-01
6.153000e+03 6.418065e-01
6.154000e+03 6.843200e-01
6.155000e+03 6.870510e-01
6.156000e+03 5.508805e-01
6.157000e+03 6.489670e-01
6.158000e+03 5.773605e-01
6.159000e+03 6.028550e-01
6.160000e+03 5.109670e-01
6.161000e+03 2.518848e-01
6.162000e+03 2.847050e-01
6.163000e+03 2.560466e-01
6.164000e+03 1.909574e-01
6.165000e+03 2.530478e-01
6.166000e+03 3.000554e-01
6.167000e+03 3.177794e-01
6.168000e+03 3.512430e-01
6.169000e+03 3.753336e-01
6.170000e+03 3.145471e-01
6.171000e+03 2.409953e-01
6.172000e+03 3.666475e-01
6.173000e+03 3.417318e-01
6.174000e+03 4.043418e-01
6.175000e+03 4.701050e-01
6.176000e+03 3.923465e-01
6.177000e+03 2.371407e-01
6.178000e+03 3.155863e-01
6.179000e+03 3.069498e-01
6.180000e+03 3.908864e-01
6.181000e+03 3.814024e-01
6.182000e+03 3.922633e-01
6.183000e+03 4.000187e-01
6.184000e+03 3.457263e-01
6.185000e+03 4.114392e-01
6.186000e+03 3.249449e-01
6.187000e+03 2.993294e-01
6.188000e+03 3.107668e-01
6.189000e+03 1.895162e-01
6.190000e+03 2.640310e-01
6.191000e+03 3.007090e-01
6.192000e+03 2.458842e-01
6.193000e+03 2.280253e-01
6.194000e+03 2.294382e-01
6.195000e+03 2.504425e-01
6.196000e+03 2.245680e-01
6.197000e+03 2.621152e-01
6.198000e+03 2.387930e-01
6.199000e+03 2.454288e-01
6.200000e+03 3.121154e-01
6.201000e+03 2.520801e-01
6.202000e+03 3.272040e-01
6.203000e+03 2.443811e-01
6.204000e+03 2.807070e-01
6.205000e+03 2.667058e-01
6.206000e+03 3.138096e-01
6.207000e+03 3.051470e-01
6.208000e+03 2.785155e-01
6.209000e+03 2.734813e-01
6.210000e+03 3.342468e-01
6.211000e+03 3.426944e-01
6.212000e+03 3.780827e-01
6.213000e+03 2.604165e-01
6.214000e+03 2.849346e-01
6.215000e+03 2.929693e-01
6.216000e+03 2.441809e-01
6.217000e+03 1.918886e-01
6.218000e+03 1.656890e-01
6.219000e+03 2.035923e-01
6.220000e+03 2.121597e-01
6.221000e+03 2.295932e-01
6.222000e+03 2.477166e-01
6.223000e+03 3.187665e-01
6.224000e+03 2.181466e-01
6.225000e+03 1.606272e-01
6.226000e+03 1.751571e-01
6.227000e+03 1.751049e-01
6.228000e+03 2.063664e-01
6.229000e+03 1.970498e-01
6.230000e+03 1.912441e-01
6.231000e+03 1.943366e-01
6.232000e+03 1.940726e-01
6.233000e+03 2.110669e-01
6.234000e+03 2.036142e-01
6.235000e+03 2.281711e-01
6.236000e+03 2.421054e-01
6.237000e+03 2.227495e-01
6.238000e+03 2.015558e-01
6.239000e+03 2.194791e-01
6.240000e+03 2.071945e-01
6.241000e+03 2.192306e-01
6.242000e+03 1.988063e-01
6.243000e+03 2.321196e-01
6.244000e+03 2.196715e-01
6.245000e+03 2.303740e-01
6.246000e+03 1.988574e-01
6.247000e+03 2.262535e-01
6.248000e+03 2.490098e-01
6.249000e+03 2.283375e-01
6.250000e+03 2.742257e-01
6.251000e+03 2.432778e-01
6.252000e+03 2.718929e-01
6.253000e+03 2.559909e-01
6.254000e+03 2.424274e-01
6.255000e+03 2.893308e-01
6.256000e+03 3.071158e-01
6.257000e+03 2.673221e-01
6.258000e+03 2.845323e-01
6.259000e+03 2.715514e-01
6.260000e+03 2.727039e-01
6.261000e+03 3.039382e-01
6.262000e+03 2.917308e-01
6.263000e+03 2.396609e-01
6.264000e+03 2.829763e-01
6.265000e+03 3.297085e-01
6.266000e+03 3.536086e-01
6.267000e+03 2.865648e-01
6.268000e+03 3.197949e-01
6.269000e+03 3.242939e-01
6.270000e+03 3.075695e-01
6.271000e+03 2.537903e-01
6.272000e+03 2.957119e-01
6.273000e+03 3.159144e-01
6.274000e+03 2.874155e-01
6.275000e+03 3.337337e-01
6.276000e+03 2.958233e-01
6.277000e+03 3.692699e-01
6.278000e+03 2.587320e-01
6.279000e+03 2.520320e-01
6.280000e+03 2.864324e-01
6.281000e+03 2.966911e-01
6.282000e+03 3.141015e-01
6.283000e+03 2.774783e-01
6.284000e+03 2.980895e-01
6.285000e+03 3.468697e-01
6.286000e+03 3.326386e-01
6.287000e+03 3.345147e-01
6.288000e+03 3.276731e-01
6.289000e+03 3.330470e-01
6.290000e+03 3.513460e-01
6.291000e+03 3.621348e-01
6.292000e+03 3.898737e-01
6.293000e+03 3.347388e-01
6.294000e+03 3.465341e-01
6.295000e+03 3.408954e-01
6.296000e+03 3.924654e-01
6.297000e+03 3.486138e-01
6.298000e+03 2.899691e-01
6.299000e+03 3.325768e-01
6.300000e+03 4.025738e-01
6.301000e+03 3.585107e-01
6.302000e+03 3.808179e-01
6.303000e+03 3.735691e-01
6.304000e+03 3.969103e-01
6.305000e+03 4.387322e-01
6.306000e+03 4.299023e-01
6.307000e+03 3.547964e-01
6.308000e+03 3.804491e-01
6.309000e+03 4.251810e-01
6.310000e+03 4.910885e-01
6.311000e+03 4.110155e-01
6.312000e+03 4.372563e-01
6.313000e+03 4.746490e-01
6.314000e+03 4.894896e-01
6.315000e+03 4.523167e-01
6.316000e+03 4.586857e-01
6.317000e+03 3.939201e-01
6.318000e+03 5.519580e-01
6.319000e+03 4.710598e-01
6.320000e+03 4.473871e-01
6.321000e+03 5.058910e-01
6.322000e+03 5.322900e-01
6.323000e+03 4.321903e-01
6.324000e+03 4.425541e-01
6.325000e+03 3.847768e-01
6.326000e+03 5.235590e-01
6.327000e+03 4.188544e-01
6.328000e+03 4.605180e-01
6.329000e+03 4.192137e-01
6.330000e+03 5.380820e-01
6.331000e+03 4.887200e-01
6.332000e+03 5.017355e-01
6.333000e+03 4.265975e-01
6.334000e+03 5.414760e-01
6.335000e+03 5.125060e-01
6.336000e+03 5.397225e-01
6.337000e+03 4.559625e-01
6.338000e+03 5.202795e-01
6.339000e+03 5.178735e-01
6.340000e+03 5.228295e-01
6.341000e+03 6.122755e-01
6.342000e+03 5.995130e-01
6.343000e+03 4.864593e-01
6.344000e+03 6.596480e-01
6.345000e+03 6.151910e-01
6.346000e+03 6.089250e-01
6.347000e+03 4.120619e-01
6.348000e+03 4.749498e-01
6.349000e+03 5.315370e-01
6.350000e+03 5.122000e-01
6.351000e+03 5.646440e-01
6.352000e+03 6.918500e-01
6.353000e+03 4.686691e-01
6.354000e+03 4.561896e-01
6.355000e+03 4.901063e-01
6.356000e+03 4.810588e-01
6.357000e+03 3.960622e-01
6.358000e+03 4.283253e-01
6.359000e+03 4.415361e-01
6.360000e+03 4.363257e-01
6.361000e+03 4.319685e-01
6.362000e+03 4.499031e-01
6.363000e+03 4.456092e-01
6.364000e+03 4.599161e-01
6.365000e+03 4.320239e-01
6.366000e+03 4.579419e-01
6.367000e+03 4.543916e-01
6.368000e+03 4.897678e-01
6.369000e+03 4.365013e-01
6.370000e+03 4.745253e-01
6.371000e+03 4.842507e-01
6.372000e+03 4.455794e-01
6.373000e+03 4.899290e-01
6.374000e+03 4.699581e-01
6.375000e+03 5.158345e-01
6.376000e+03 5.101235e-01
6.377000e+03 4.408677e-01
6.378000e+03 4.718890e-01
6.379000e+03 4.518602e-01
6.380000e+03 4.523675e-01
6.381000e+03 4.242539e-01
6.382000e+03 4.044888e-01
6.383000e+03 4.017163e-01
6.384000e+03 3.856113e-01
6.385000e+03 4.447176e-01
6.386000e+03 3.928710e-01
6.387000e+03 4.259416e-01
6.388000e+03 4.581823e-01
6.389000e+03 4.061340e-01
6.390000e+03 4.800090e-01
6.391000e+03 4.135876e-01
6.392000e+03 3.812160e-01
6.393000e+03 3.131972e-01
6.394000e+03 4.751554e-01
6.395000e+03 5.613850e-01
6.396000e+03 5.382340e-01
6.397000e+03 4.995754e-01
6.398000e+03 5.158870e-01
6.399000e+03 5.484010e-01
6.400000e+03 4.823940e-01
6.401000e+03 4.610799e-01
6.402000e+03 4.415110e-01
6.403000e+03 3.969050e-01
6.404000e+03 5.045920e-01
6.405000e+03 7.631175e-01
6.406000e+03 6.135745e-01
6.407000e+03 7.283360e-01
6.408000e+03 6.856750e-01
6.409000e+03 6.931130e-01
6.410000e+03 5.976490e-01
6.411000e+03 7.110550e-01
6.412000e+03 6.447665e-01
6.413000e+03 6.106800e-01
6.414000e+03 5.446305e-01
6.415000e+03 5.101485e-01
6.416000e+03 6.295710e-01
6.417000e+03 5.176665e-01
6.418000e+03 7.255320e-01
6.419000e+03 7.210995e-01
6.420000e+03 5.898820e-01
6.421000e+03 6.688925e-01
6.422000e+03 6.408285e-01
6.423000e+03 4.556327e-01
6.424000e+03 5.991485e-01
6.425000e+03 6.941650e-01
6.426000e+03 5.698335e-01
6.427000e+03 6.208150e-01
6.428000e+03 6.496390e-01
6.429000e+03 5.818460e-01
6.430000e+03 6.338240e-01
6.431000e+03 5.831720e-01
6.432000e+03 7.013480e-01
6.433000e+03 6.457985e-01
6.434000e+03 7.110700e-01
6.435000e+03 6.461365e-01
6.436000e+03 8.058450e-01
6.437000e+03 7.115755e-01
6.438000e+03 7.100240e-01
6.439000e+03 6.866940e-01
6.440000e+03 5.876960e-01
6.441000e+03 3.946801e-01
6.442000e+03 6.274900e-01
6.443000e+03 7.975470e-01
6.444000e+03 7.438750e-01
6.445000e+03 8.888680e-01
6.446000e+03 8.225805e-01
6.447000e+03 8.274200e-01
6.448000e+03 8.084725e-01
6.449000e+03 7.964020e-01
6.450000e+03 6.475225e-01
6.451000e+03 6.875520e-01
6.452000e+03 6.680295e-01
6.453000e+03 7.619610e-01
6.454000e+03 7.670200e-01
6.455000e+03 7.824825e-01
6.456000e+03 8.374680e-01
6.457000e+03 7.075920e-01
6.458000e+03 8.504545e-01
6.459000e+03 8.583700e-01
6.460000e+03 7.953325e-01
6.461000e+03 8.398350e-01
6.462000e+03 8.303510e-01
6.463000e+03 7.906550e-01
6.464000e+03 4.674134e-01
6.465000e+03 6.447725e-01
6.466000e+03 7.935305e-01
6.467000e+03 9.192815e-01
6.468000e+03 8.931055e-01
6.469000e+03 9.382950e-01
6.470000e+03 9.795500e-01
6.471000e+03 1.025598e+00
6.472000e+03 9.825615e-01
6.473000e+03 7.015045e-01
6.474000e+03 8.136105e-01
6.475000e+03 9.614545e-01
6.476000e+03 4.895289e-01
6.477000e+03 6.789525e-01
6.478000e+03 7.228080e-01
6.479000e+03 8.146740e-01
6.480000e+03 8.584100e-01
6.481000e+03 7.478320e-01
6.482000e+03 7.357595e-01
6.483000e+03 6.169615e-01
6.484000e+03 5.942065e-01
6.485000e+03 6.154010e-01
6.486000e+03 6.212630e-01
6.487000e+03 6.068750e-01
6.488000e+03 6.797270e-01
6.489000e+03 6.962795e-01
6.490000e+03 5.779500e-01
6.491000e+03 7.993055e-01
6.492000e+03 6.280560e-01
6.493000e+03 7.429515e-01
6.494000e+03 5.832045e-01
6.495000e+03 6.104705e-01
6.496000e+03 4.950573e-01
6.497000e+03 5.336340e-01
6.498000e+03 5.542155e-01
6.499000e+03 6.222130e-01
6.500000e+03 6.398975e-01
6.501000e+03 4.434569e-01
6.502000e+03 5.811520e-01
6.503000e+03 6.401655e-01
6.504000e+03 6.877305e-01
6.505000e+03 6.563855e-01
6.506000e+03 7.154560e-01
6.507000e+03 6.825665e-01
6.508000e+03 8.370740e-01
6.509000e+03 6.392825e-01
6.510000e+03 5.616320e-01
6.511000e+03 5.584600e-01
6.512000e+03 6.786675e-01
6.513000e+03 7.486550e-01
6.514000e+03 6.347250e-01
6.515000e+03 6.491235e-01
6.516000e+03 7.279145e-01
6.517000e+03 6.068110e-01
6.518000e+03 6.869775e-01
6.519000e+03 5.965525e-01
6.520000e+03 7.502875e-01
6.521000e+03 6.130340e-01
6.522000e+03 6.995460e-01
6.523000e+03 6.957710e-01
6.524000e+03 7.706160e-01
6.525000e+03 7.149420e-01
6.526000e+03 7.744810e-01
6.527000e+03 7.404415e-01
6.528000e+03 8.117560e-01
6.529000e+03 6.981885e-01
6.530000e+03 7.615905e-01
6.531000e+03 7.708975e-01
6.532000e+03 8.639615e-01
6.533000e+03 8.712520e-01
6.534000e+03 8.379225e-01
6.535000e+03 8.613985e-01
6.536000e+03 9.075755e-01
6.537000e+03 9.084360e-01
6.538000e+03 8.698450e-01
6.539000e+03 9.438190e-01
6.540000e+03 8.646325e-01
6.541000e+03 9.535470e-01
6.542000e+03 9.463995e-01
6.543000e+03 9.819305e-01
6.544000e+03 9.117215e-01
6.545000e+03 7.729990e-01
6.546000e+03 7.098890e-01
6.547000e+03 8.079245e-01
6.548000e+03 8.184050e-01
6.549000e+03 7.850550e-01
6.550000e+03 8.274925e-01
6.551000e+03 8.176770e-01
6.552000e+03 7.465315e-01
6.553000e+03 7.426080e-01
6.554000e+03 7.287730e-01
6.555000e+03 8.327305e-01
6.556000e+03 6.592825e-01
6.557000e+03 8.248905e-01
6.558000e+03 7.967435e-01
6.559000e+03 8.259720e-01
6.560000e+03 7.990025e-01
6.561000e+03 9.149925e-01
6.562000e+03 8.257455e-01
6.563000e+03 9.250500e-01
6.564000e+03 7.525185e-01
6.565000e+03 7.994495e-01
6.566000e+03 7.334410e-01
6.567000e+03 8.940885e-01
6.568000e+03 7.817820e-01
6.569000e+03 7.363015e-01
6.570000e+03 8.637710e-01
6.571000e+03 7.263175e-01
6.572000e+03 9.303135e-01
6.573000e+03 8.142090e-01
6.574000e+03 8.937730e-01
6.575000e+03 8.888350e-01
6.576000e+03 7.529685e-01
6.577000e+03 9.006735e-01
6.578000e+03 8.090695e-01
6.579000e+03 8.691590e-01
6.580000e+03 7.064725e-01
6.581000e+03 7.413490e-01
6.582000e+03 7.877415e-01
6.583000e+03 7.649915e-01
6.584000e+03 9.129255e-01
6.585000e+03 7.453635e-01
6.586000e+03 9.035400e-01
6.587000e+03 8.345585e-01
6.588000e+03 8.552910e-01
6.589000e+03 8.551620e-01
6.590000e+03 9.938275e-01
6.591000e+03 8.532485e-01
6.592000e+03 1.005554e+00
6.593000e+03 8.563025e-01
6.594000e+03 8.507400e-01
6.595000e+03 8.803490e-01
6.596000e+03 7.112135e-01
6.597000e+03 7.161055e-01
6.598000e+03 8.184575e-01
6.599000e+03 8.407625e-01
6.600000e+03 9.637575e-01
6.601000e+03 7.798860e-01
6.602000e+03 8.002350e-01
6.603000e+03 8.745845e-01
6.604000e+03 8.210200e-01
6.605000e+03 8.888640e-01
6.606000e+03 8.439140e-01
6.607000e+03 8.502580e-01
6.608000e+03 8.558455e-01
6.609000e+03 8.478780e-01
6.610000e+03 7.655285e-01
6.611000e+03 8.421110e-01
6.612000e+03 7.279145e-01
6.613000e+03 8.117080e-01
6.614000e+03 8.399320e-01
6.615000e+03 7.841665e-01
6.616000e+03 8.152500e-01
6.617000e+03 7.417005e-01
6.618000e+03 7.848860e-01
6.619000e+03 8.767705e-01
6.620000e+03 7.666800e-01
6.621000e+03 7.309810e-01
6.622000e+03 7.568455e-01
6.623000e+03 7.918145e-01
6.624000e+03 7.609670e-01
6.625000e+03 7.058860e-01
6.626000e+03 8.090635e-01
6.627000e+03 6.764415e-01
6.628000e+03 6.874725e-01
6.629000e+03 6.220040e-01
6.630000e+03 7.464700e-01
6.631000e+03 7.087925e-01
6.632000e+03 7.458230e-01
6.633000e+03 7.599750e-01
6.634000e+03 8.130700e-01
6.635000e+03 8.718780e-01
6.636000e+03 7.978225e-01
6.637000e+03 7.276225e-01
6.638000e+03 5.788380e-01
6.639000e+03 6.889445e-01
6.640000e+03 6.960675e-01
6.641000e+03 6.911985e-01
6.642000e+03 6.858215e-01
6.643000e+03 7.248710e-01
6.644000e+03 7.896405e-01
6.645000e+03 7.289580e-01
6.646000e+03 7.307045e-01
6.647000e+03 7.212980e-01
6.648000e+03 7.704020e-01
6.649000e+03 7.647320e-01
6.650000e+03 7.225090e-01
6.651000e+03 7.254265e-01
6.652000e+03 6.296845e-01
6.653000e+03 4.307551e-01
6.654000e+03 4.689658e-01
6.655000e+03 5.320350e-01
6.656000e+03 5.987775e-01
6.657000e+03 5.482285e-01
6.658000e+03 5.568200e-01
6.659000e+03 5.568840e-01
6.660000e+03 5.308775e-01
6.661000e+03 5.546230e-01
6.662000e+03 6.114530e-01
6.663000e+03 6.098275e-01
6.664000e+03 6.511850e-01
6.665000e+03 5.295860e-01
6.666000e+03 5.757215e-01
6.667000e+03 6.212155e-01
6.668000e+03 7.298385e-01
6.669000e+03 6.945555e-01
6.670000e+03 6.726020e-01
6.671000e+03 6.451210e-01
6.672000e+03 6.406670e-01
6.673000e+03 7.225720e-01
6.674000e+03 7.045290e-01
6.675000e+03 7.810505e-01
6.676000e+03 7.187845e-01
6.677000e+03 6.464620e-01
6.678000e+03 6.008750e-01
6.679000e+03 6.922800e-01
6.680000e+03 6.170550e-01
6.681000e+03 5.816645e-01
6.682000e+03 6.322660e-01
6.683000e+03 3.394210e-01
6.684000e+03 4.256773e-01
6.685000e+03 3.847484e-01
6.686000e+03 5.008710e-01
6.687000e+03 4.653859e-01
6.688000e+03 4.736793e-01
6.689000e+03 4.735168e-01
6.690000e+03 5.467375e-01
6.691000e+03 6.160965e-01
6.692000e+03 5.241205e-01
6.693000e+03 6.241070e-01
6.694000e+03 5.045670e-01
6.695000e+03 4.851946e-01
6.696000e+03 4.733314e-01
6.697000e+03 5.271695e-01
6.698000e+03 4.967814e-01
6.699000e+03 5.737330e-01
6.700000e+03 5.013255e-01
6.701000e+03 5.572605e-01
6.702000e+03 6.003115e-01
6.703000e+03 5.791135e-01
6.704000e+03 6.050505e-01
6.705000e+03 5.802495e-01
6.706000e+03 6.035610e-01
6.707000e+03 5.816170e-01
6.708000e+03 6.041815e-01
6.709000e+03 6.407985e-01
6.710000e+03 4.585122e-01
6.711000e+03 6.268175e-01
6.712000e+03 6.001460e-01
6.713000e+03 5.743945e-01
6.714000e+03 6.002580e-01
6.715000e+03 5.899825e-01
6.716000e+03 4.395050e-01
6.717000e+03 3.769009e-01
6.718000e+03 5.055930e-01
6.719000e+03 4.010736e-01
6.720000e+03 3.516570e-01
6.721000e+03 3.342441e-01
6.722000e+03 4.207265e-01
6.723000e+03 3.964280e-01
6.724000e+03 3.661261e-01
6.725000e+03 4.406300e-01
6.726000e+03 4.010946e-01
6.727000e+03 4.775429e-01
6.728000e+03 3.818033e-01
6.729000e+03 4.764413e-01
6.730000e+03 4.172662e-01
6.731000e+03 4.180355e-01
6.732000e+03 4.377170e-01
6.733000e+03 4.585011e-01
6.734000e+03 5.020425e-01
6.735000e+03 4.831650e-01
6.736000e+03 4.800476e-01
6.737000e+03 4.614092e-01
6.738000e+03 4.869910e-01
6.739000e+03 5.341330e-01
6.740000e+03 5.083655e-01
6.741000e+03 4.747316e-01
6.742000e+03 5.877710e-01
6.743000e+03 4.477678e-01
6.744000e+03 4.197764e-01
6.745000e+03 4.836825e-01
6.746000e+03 3.917982e-01
6.747000e+03 5.637220e-01
6.748000e+03 4.332434e-01
6.749000e+03 4.601354e-01
6.750000e+03 3.433156e-01
6.751000e+03 4.044075e-01
6.752000e+03 4.833293e-01
6.753000e+03 4.420927e-01
6.754000e+03 4.185454e-01
6.755000e+03 3.738145e-01
6.756000e+03 4.403742e-01
6.757000e+03 4.827931e-01
6.758000e+03 4.126481e-01
6.759000e+03 4.305570e-01
6.760000e+03 5.496520e-01
6.761000e+03 4.027987e-01
6.762000e+03 5.099480e-01
6.763000e+03 4.276376e-01
6.764000e+03 4.948849e-01
6.765000e+03 4.919467e-01
6.766000e+03 4.968244e-01
6.767000e+03 4.766756e-01
6.768000e+03 4.824495e-01
6.769000e+03 5.863195e-01
6.770000e+03 5.900105e-01
6.771000e+03 5.452645e-01
6.772000e+03 5.446105e-01
6.773000e+03 4.886105e-01
6.774000e+03 4.965316e-01
6.775000e+03 5.742370e-01
6.776000e+03 5.645040e-01
6.777000e+03 5.597080e-01
6.778000e+03 5.391590e-01
6.779000e+03 5.661770e-01
6.780000e+03 5.503135e-01
6.781000e+03 5.677435e-01
6.782000e+03 4.914762e-01
6.783000e+03 4.973833e-01
6.784000e+03 3.766646e-01
6.785000e+03 3.547653e-01
6.786000e+03 4.421074e-01
6.787000e+03 3.904206e-01
6.788000e+03 4.233723e-01
6.789000e+03 3.984087e-01
6.790000e+03 4.491709e-01
6.791000e+03 4.051170e-01
6.792000e+03 4.145010e-01
6.793000e+03 4.748428e-01
6.794000e+03 4.204525e-01
6.795000e+03 4.562155e-01
6.796000e+03 4.512650e-01
6.797000e+03 5.535965e-01
6.798000e+03 4.355299e-01
6.799000e+03 5.914875e-01
6.800000e+03 3.962324e-01
6.801000e+03 5.209625e-01
6.802000e+03 4.552402e-01
6.803000e+03 5.043420e-01
6.804000e+03 5.294085e-01
6.805000e+03 5.056470e-01
6.806000e+03 4.931039e-01
6.807000e+03 5.489300e-01
6.808000e+03 5.221665e-01
6.809000e+03 4.934780e-01
6.810000e+03 5.703915e-01
6.811000e+03 4.995935e-01
6.812000e+03 5.921430e-01
6.813000e+03 5.041725e-01
6.814000e+03 4.868939e-01
6.815000e+03 5.085150e-01
6.816000e+03 5.976375e-01
6.817000e+03 3.783895e-01
6.818000e+03 4.454056e-01
6.819000e+03 4.221929e-01
6.820000e+03 6.365665e-01
6.821000e+03 5.629480e-01
6.822000e+03 4.248095e-01
6.823000e+03 4.341396e-01
6.824000e+03 5.416935e-01
6.825000e+03 5.886365e-01
6.826000e+03 4.408419e-01
6.827000e+03 5.523885e-01
6.828000e+03 4.241994e-01
6.829000e+03 5.790845e-01
6.830000e+03 5.288925e-01
6.831000e+03 4.517415e-01
6.832000e+03 5.674275e-01
6.833000e+03 3.940514e-01
6.834000e+03 5.930425e-01
6.835000e+03 4.727857e-01
6.836000e+03 4.704694e-01
6.837000e+03 5.548255e-01
6.838000e+03 5.170665e-01
6.839000e+03 4.848921e-01
6.840000e+03 6.004530e-01
6.841000e+03 5.412340e-01
6.842000e+03 4.366741e-01
6.843000e+03 7.178805e-01
6.844000e+03 4.715982e-01
6.845000e+03 5.958955e-01
6.846000e+03 6.126160e-01
6.847000e+03 6.217295e-01
6.848000e+03 4.450148e-01
6.849000e+03 5.987470e-01
6.850000e+03 4.652989e-01
6.851000e+03 5.134600e-01
6.852000e+03 4.425703e-01
6.853000e+03 4.786766e-01
6.854000e+03 4.265165e-01
6.855000e+03 4.396226e-01
6.856000e+03 4.632457e-01
6.857000e+03 4.925382e-01
6.858000e+03 4.432592e-01
6.859000e+03 4.624189e-01
6.860000e+03 4.507441e-01
6.861000e+03 4.365507e-01
6.862000e+03 4.671268e-01
6.863000e+03 4.392814e-01
6.864000e+03 4.680576e-01
6.865000e+03 4.292602e-01
6.866000e+03 5.708480e-01
6.867000e+03 5.157200e-01
6.868000e+03 4.471714e-01
6.869000e+03 5.073405e-01
6.870000e+03 4.910608e-01
6.871000e+03 5.271900e-01
6.872000e+03 3.822957e-01
6.873000e+03 5.462470e-01
6.874000e+03 5.206425e-01
6.875000e+03 4.472046e-01
6.876000e+03 4.324705e-01
6.877000e+03 6.743870e-01
6.878000e+03 5.471845e-01
6.879000e+03 4.941961e-01
6.880000e+03 4.962509e-01
6.881000e+03 6.406180e-01
6.882000e+03 5.095515e-01
6.883000e+03 4.505825e-01
6.884000e+03 5.233555e-01
6.885000e+03 5.572330e-01
6.886000e+03 5.156660e-01
6.887000e+03 4.301085e-01
6.888000e+03 4.543761e-01
6.889000e+03 4.297671e-01
6.890000e+03 4.918630e-01
6.891000e+03 6.035905e-01
6.892000e+03 5.102510e-01
6.893000e+03 5.545940e-01
6.894000e+03 4.140880e-01
6.895000e+03 6.593155e-01
6.896000e+03 5.431625e-01
6.897000e+03 5.906810e-01
6.898000e+03 5.902890e-01
6.899000e+03 4.810625e-01
6.900000e+03 5.207785e-01
6.901000e+03 5.794740e-01
6.902000e+03 6.132235e-01
6.903000e+03 4.787817e-01
6.904000e+03 4.130312e-01
6.905000e+03 5.024085e-01
6.906000e+03 6.511760e-01
6.907000e+03 5.458600e-01
6.908000e+03 6.901815e-01
6.909000e+03 5.237500e-01
6.910000e+03 7.438930e-01
6.911000e+03 5.030835e-01
6.912000e+03 8.078825e-01
6.913000e+03 5.633275e-01
6.914000e+03 6.116730e-01
6.915000e+03 8.043885e-01
6.916000e+03 7.942250e-01
6.917000e+03 6.100675e-01
6.918000e+03 6.339210e-01
6.919000e+03 4.979679e-01
6.920000e+03 4.117751e-01
6.921000e+03 5.313805e-01
6.922000e+03 6.751080e-01
6.923000e+03 6.577685e-01
6.924000e+03 6.271450e-01
6.925000e+03 5.737810e-01
6.926000e+03 7.339850e-01
6.927000e+03 8.753670e-01
6.928000e+03 6.288075e-01
6.929000e+03 6.721255e-01
6.930000e+03 6.862675e-01
6.931000e+03 7.524385e-01
6.932000e+03 7.183635e-01
6.933000e+03 6.223210e-01
6.934000e+03 7.189590e-01
6.935000e+03 6.355125e-01
6.936000e+03 7.002415e-01
6.937000e+03 6.621775e-01
6.938000e+03 5.765715e-01
6.939000e+03 7.040990e-01
6.940000e+03 6.897085e-01
6.941000e+03 6.817665e-01
6.942000e+03 6.217235e-01
6.943000e+03 8.171410e-01
6.944000e+03 6.509720e-01
6.945000e+03 8.063300e-01
6.946000e+03 6.895300e-01
6.947000e+03 7.491085e-01
6.948000e+03 8.247260e-01
6.949000e+03 8.959980e-01
6.950000e+03 6.350515e-01
6.951000e+03 7.952070e-01
6.952000e+03 9.515055e-01
6.953000e+03 7.059440e-01
6.954000e+03 7.740155e-01
6.955000e+03 6.965975e-01
6.956000e+03 7.472875e-01
6.957000e+03 1.056798e+00
6.958000e+03 7.362945e-01
6.959000e+03 7.317870e-01
6.960000e+03 9.277630e-01
6.961000e+03 6.437850e-01
6.962000e+03 1.000088e+00
6.963000e+03 8.990590e-01
6.964000e+03 7.447205e-01
6.965000e+03 1.176648e+00
6.966000e+03 6.355010e-01
6.967000e+03 6.501380e-01
6.968000e+03 1.021193e+00
6.969000e+03 7.779415e-01
6.970000e+03 8.609740e-01
6.971000e+03 8.900040e-01
6.972000e+03 8.018675e-01
6.973000e+03 7.457690e-01
6.974000e+03 8.407800e-01
6.975000e+03 9.985600e-01
6.976000e+03 1.066922e+00
6.977000e+03 6.996610e-01
6.978000e+03 8.962775e-01
6.979000e+03 9.454570e-01
6.980000e+03 6.532655e-01
6.981000e+03 8.972860e-01
6.982000e+03 1.108240e+00
6.983000e+03 6.715900e-01
6.984000e+03 1.016609e+00
6.985000e+03 1.101684e+00
6.986000e+03 9.511520e-01
6.987000e+03 7.636560e-01
6.988000e+03 1.037630e+00
6.989000e+03 1.020189e+00
6.990000e+03 1.208946e+00
6.991000e+03 6.200585e-01
6.992000e+03 1.138291e+00
6.993000e+03 7.173665e-01
6.994000e+03 9.049525e-01
6.995000e+03 8.723835e-01
6.996000e+03 1.032958e+00
6.997000e+03 7.985425e-01
6.998000e+03 1.078077e+00
6.999000e+03 8.435685e-01
7.000000e+03 9.903625e-01
7.001000e+03 8.670275e-01
7.002000e+03 9.487930e-01
7.003000e+03 9.340770e-01
7.004000e+03 8.326435e-01
7.005000e+03 9.920070e-01
7.006000e+03 9.995335e-01
7.007000e+03 9.717315e-01
7.008000e+03 9.486305e-01
7.009000e+03 8.264270e-01
7.010000e+03 1.301946e+00
7.011000e+03 9.148440e-01
7.012000e+03 1.136891e+00
7.013000e+03 9.306325e-01
7.014000e+03 1.102078e+00
7.015000e+03 1.027429e+00
7.016000e+03 1.049710e+00
7.017000e+03 8.769890e-01
7.018000e+03 1.111773e+00
7.019000e+03 1.151383e+00
7.020000e+03 1.052260e+00
7.021000e+03 1.081847e+00
7.022000e+03 1.061952e+00
7.023000e+03 1.195211e+00
7.024000e+03 1.103162e+00
7.025000e+03 8.556350e-01
7.026000e+03 1.312290e+00
7.027000e+03 1.080520e+00
7.028000e+03 1.342296e+00
7.029000e+03 1.260849e+00
7.030000e+03 1.173172e+00
7.031000e+03 1.352182e+00
7.032000e+03 1.414886e+00
7.033000e+03 1.139610e+00
7.034000e+03 1.268093e+00
7.035000e+03 1.075356e+00
7.036000e+03 1.075743e+00
7.037000e+03 9.905430e-01
7.038000e+03 1.149578e+00
7.039000e+03 1.654534e+00
7.040000e+03 1.361015e+00
7.041000e+03 1.406072e+00
7.042000e+03 1.681842e+00
7.043000e+03 1.425298e+00
7.044000e+03 1.593477e+00
7.045000e+03 1.526780e+00
7.046000e+03 1.551581e+00
7.047000e+03 1.625995e+00
7.048000e+03 1.659471e+00
7.049000e+03 1.761630e+00
7.050000e+03 1.737000e+00
7.051000e+03 1.552417e+00
7.052000e+03 1.513313e+00
7.053000e+03 1.762893e+00
7.054000e+03 1.711875e+00
7.055000e+03 1.568469e+00
7.056000e+03 9.490515e-01
7.057000e+03 4.812840e-01
7.058000e+03 7.024925e-01
7.059000e+03 1.024921e+00
7.060000e+03 1.023875e+00
7.061000e+03 7.930665e-01
7.062000e+03 7.125000e-01
7.063000e+03 7.581355e-01
7.064000e+03 8.462190e-01
7.065000e+03 9.884135e-01
7.066000e+03 7.696940e-01
7.067000e+03 8.486625e-01
7.068000e+03 9.092765e-01
7.069000e+03 1.069935e+00
7.070000e+03 9.960455e-01
7.071000e+03 9.273115e-01
7.072000e+03 1.030343e+00
7.073000e+03 9.568555e-01
7.074000e+03 1.175799e+00
7.075000e+03 9.545145e-01
7.076000e+03 1.046524e+00
7.077000e+03 1.095963e+00
7.078000e+03 1.028003e+00
7.079000e+03 1.293357e+00
7.080000e+03 9.982585e-01
7.081000e+03 1.035352e+00
7.082000e+03 1.058492e+00
7.083000e+03 1.099369e+00
7.084000e+03 1.305943e+00
7.085000e+03 1.045832e+00
7.086000e+03 1.017708e+00
7.087000e+03 9.618920e-01
7.088000e+03 1.295026e+00
7.089000e+03 1.023591e+00
7.090000e+03 2.376556e-01
7.091000e+03 4.953334e-01
7.092000e+03 4.723962e-01
7.093000e+03 6.791720e-01
7.094000e+03 7.731695e-01
7.095000e+03 4.787255e-01
7.096000e+03 6.153130e-01
7.097000e+03 6.301715e-01
7.098000e+03 6.427840e-01
7.099000e+03 7.174900e-01
7.100000e+03 6.476150e-01
7.101000e+03 7.463815e-01
7.102000e+03 6.570590e-01
7.103000e+03 7.244695e-01
7.104000e+03 7.179140e-01
7.105000e+03 6.529330e-01
7.106000e+03 7.421655e-01
7.107000e+03 7.438810e-01
7.108000e+03 8.068670e-01
7.109000e+03 8.254860e-01
7.110000e+03 8.286330e-01
7.111000e+03 1.002007e+00
7.112000e+03 7.757505e-01
7.113000e+03 8.311090e-01
7.114000e+03 9.445835e-01
7.115000e+03 8.923390e-01
7.116000e+03 9.007505e-01
7.117000e+03 9.561070e-01
7.118000e+03 8.755185e-01
7.119000e+03 9.171125e-01
7.120000e+03 8.661440e-01
7.121000e+03 1.228012e+00
7.122000e+03 8.038680e-01
7.123000e+03 8.778565e-01
7.124000e+03 1.045754e+00
7.125000e+03 1.016808e+00
7.126000e+03 8.470180e-01
7.127000e+03 6.031060e-01
7.128000e+03 2.226712e-01
7.129000e+03 3.519157e-01
7.130000e+03 4.156832e-01
7.131000e+03 5.361180e-01
7.132000e+03 5.762315e-01
7.133000e+03 4.024173e-01
7.134000e+03 3.868654e-01
7.135000e+03 5.495490e-01
7.136000e+03 4.575567e-01
7.137000e+03 4.733246e-01
7.138000e+03 5.269530e-01
7.139000e+03 4.078697e-01
7.140000e+03 6.325505e-01
7.141000e+03 4.394587e-01
7.142000e+03 5.880230e-01
7.143000e+03 5.706120e-01
7.144000e+03 5.573030e-01
7.145000e+03 6.201135e-01
7.146000e+03 6.634305e-01
7.147000e+03 5.473530e-01
7.148000e+03 5.867020e-01
7.149000e+03 5.639735e-01
7.150000e+03 4.677224e-01
7.151000e+03 5.029330e-01
7.152000e+03 7.940105e-01
7.153000e+03 6.255030e-01
7.154000e+03 6.265675e-01
7.155000e+03 6.798865e-01
7.156000e+03 7.858675e-01
7.157000e+03 8.992110e-01
7.158000e+03 8.059540e-01
7.159000e+03 7.308745e-01
7.160000e+03 6.209400e-01
7.161000e+03 4.411211e-01
7.162000e+03 5.460015e-01
7.163000e+03 6.861600e-01
7.164000e+03 6.505105e-01
7.165000e+03 6.864895e-01
7.166000e+03 6.486000e-01
7.167000e+03 6.366055e-01
7.168000e+03 7.198190e-01
7.169000e+03 6.741895e-01
7.170000e+03 7.554735e-01
7.171000e+03 5.802725e-01
7.172000e+03 7.438185e-01
7.173000e+03 7.873205e-01
7.174000e+03 6.478655e-01
7.175000e+03 8.369845e-01
7.176000e+03 7.475870e-01
7.177000e+03 7.565690e-01
7.178000e+03 6.689440e-01
7.179000e+03 9.091035e-01
7.180000e+03 6.794655e-01
7.181000e+03 7.160610e-01
7.182000e+03 8.339365e-01
7.183000e+03 7.953120e-01
7.184000e+03 9.121200e-01
7.185000e+03 7.271255e-01
7.186000e+03 1.033103e+00
7.187000e+03 7.046390e-01
7.188000e+03 9.297645e-01
7.189000e+03 8.519065e-01
7.190000e+03 8.678610e-01
7.191000e+03 8.486495e-01
7.192000e+03 1.068266e+00
7.193000e+03 8.323435e-01
7.194000e+03 1.010838e+00
7.195000e+03 9.189390e-01
7.196000e+03 9.531105e-01
7.197000e+03 9.185595e-01
7.198000e+03 9.705620e-01
7.199000e+03 6.463915e-01
7.200000e+03 4.654448e-01
7.201000e+03 8.771405e-01
7.202000e+03 7.072555e-01
7.203000e+03 8.492430e-01
7.204000e+03 6.345090e-01
7.205000e+03 7.389720e-01
7.206000e+03 7.023595e-01
7.207000e+03 7.410760e-01
7.208000e+03 6.212500e-01
7.209000e+03 8.270030e-01
7.210000e+03 6.443545e-01
7.211000e+03 7.096480e-01
7.212000e+03 7.510360e-01
7.213000e+03 7.229200e-01
7.214000e+03 8.302380e-01
7.215000e+03 7.215855e-01
7.216000e+03 7.718200e-01
7.217000e+03 8.537770e-01
7.218000e+03 8.454695e-01
7.219000e+03 9.122805e-01
7.220000e+03 8.733745e-01
7.221000e+03 9.191815e-01
7.222000e+03 7.789605e-01
7.223000e+03 8.993840e-01
7.224000e+03 1.082313e+00
7.225000e+03 8.878360e-01
7.226000e+03 9.834240e-01
7.227000e+03 1.041094e+00
7.228000e+03 8.553910e-01
7.229000e+03 1.023946e+00
7.230000e+03 9.850270e-01
7.231000e+03 1.008906e+00
7.232000e+03 1.010414e+00
7.233000e+03 7.380860e-01
7.234000e+03 1.022978e+00
7.235000e+03 9.604230e-01
7.236000e+03 9.366600e-01
7.237000e+03 1.259455e+00
7.238000e+03 8.074365e-01
7.239000e+03 1.153809e+00
7.240000e+03 1.050304e+00
7.241000e+03 9.002940e-01
7.242000e+03 1.180168e+00
7.243000e+03 8.971995e-01
7.244000e+03 1.178416e+00
7.245000e+03 1.181148e+00
7.246000e+03 8.888230e-01
7.247000e+03 9.811290e-01
7.248000e+03 1.212195e+00
7.249000e+03 1.016272e+00
7.250000e+03 1.213674e+00
7.251000e+03 1.042131e+00
7.252000e+03 1.360866e+00
7.253000e+03 1.177566e+00
7.254000e+03 9.099645e-01
7.255000e+03 1.231271e+00
7.256000e+03 1.115522e+00
7.257000e+03 1.432454e+00
7.258000e+03 1.132812e+00
7.259000e+03 1.300617e+00
7.260000e+03 1.161510e+00
7.261000e+03 1.144565e+00
7.262000e+03 1.279829e+00
7.263000e+03 1.360172e+00
7.264000e+03 1.322771e+00
7.265000e+03 1.228268e+00
7.266000e+03 1.493498e+00
7.267000e+03 1.355090e+00
7.268000e+03 1.323155e+00
7.269000e+03 1.223492e+00
7.270000e+03 1.531600e+00
7.271000e+03 1.404053e+00
7.272000e+03 1.277562e+00
7.273000e+03 1.100260e+00
7.274000e+03 1.174082e+00
7.275000e+03 1.360028e+00
7.276000e+03 1.312767e+00
7.277000e+03 1.314156e+00
7.278000e+03 1.416177e+00
7.279000e+03 1.163353e+00
7.280000e+03 1.267548e+00
7.281000e+03 1.431967e+00
7.282000e+03 1.070668e+00
7.283000e+03 1.238329e+00
7.284000e+03 1.459884e+00
7.285000e+03 1.441917e+00
7.286000e+03 1.315788e+00
7.287000e+03 1.307190e+00
7.288000e+03 1.419506e+00
7.289000e+03 1.558460e+00
7.290000e+03 1.292309e+00
7.291000e+03 1.535499e+00
7.292000e+03 1.649868e+00
7.293000e+03 1.252797e+00
7.294000e+03 1.519307e+00
7.295000e+03 1.490345e+00
7.296000e+03 1.429409e+00
7.297000e+03 1.562382e+00
7.298000e+03 1.555330e+00
7.299000e+03 1.414582e+00
7.300000e+03 1.550586e+00
7.301000e+03 1.465360e+00
7.302000e+03 1.445433e+00
7.303000e+03 1.543349e+00
7.304000e+03 1.805699e+00
7.305000e+03 1.470981e+00
7.306000e+03 1.552882e+00
7.307000e+03 1.513810e+00
7.308000e+03 1.674413e+00
7.309000e+03 1.549190e+00
7.310000e+03 1.589621e+00
7.311000e+03 1.645073e+00
7.312000e+03 1.789054e+00
7.313000e+03 1.407331e+00
7.314000e+03 1.772208e+00
7.315000e+03 1.583414e+00
7.316000e+03 1.732714e+00
7.317000e+03 1.640113e+00
7.318000e+03 1.544193e+00
7.319000e+03 1.730367e+00
7.320000e+03 1.637748e+00
7.321000e+03 1.701292e+00
7.322000e+03 1.748712e+00
7.323000e+03 1.593278e+00
7.324000e+03 1.717534e+00
7.325000e+03 1.680385e+00
7.326000e+03 1.667966e+00
7.327000e+03 1.580134e+00
7.328000e+03 9.084005e-01
7.329000e+03 1.422651e+00
7.330000e+03 1.680924e+00
7.331000e+03 1.625323e+00
7.332000e+03 1.895346e+00
7.333000e+03 1.760195e+00
7.334000e+03 1.634962e+00
7.335000e+03 1.804736e+00
7.336000e+03 2.006649e+00
7.337000e+03 1.613421e+00
7.338000e+03 1.909461e+00
7.339000e+03 2.018340e+00
7.340000e+03 1.846157e+00
7.341000e+03 1.575766e+00
7.342000e+03 1.956931e+00
7.343000e+03 1.869222e+00
7.344000e+03 1.921380e+00
7.345000e+03 1.896063e+00
7.346000e+03 1.684172e+00
7.347000e+03 1.662101e+00
7.348000e+03 1.890687e+00
7.349000e+03 1.791187e+00
7.350000e+03 1.852755e+00
7.351000e+03 1.892698e+00
7.352000e+03 1.925885e+00
7.353000e+03 2.002137e+00
7.354000e+03 1.789139e+00
7.355000e+03 1.898748e+00
7.356000e+03 1.850213e+00
7.357000e+03 2.046429e+00
7.358000e+03 1.578322e+00
7.359000e+03 1.786628e+00
7.360000e+03 1.668415e+00
7.361000e+03 2.066655e+00
7.362000e+03 1.838728e+00
7.363000e+03 1.847201e+00
7.364000e+03 2.013837e+00
7.365000e+03 1.845225e+00
7.366000e+03 1.623619e+00
7.367000e+03 2.169100e+00
7.368000e+03 1.907724e+00
7.369000e+03 1.974711e+00
7.370000e+03 2.001215e+00
7.371000e+03 1.921978e+00
7.372000e+03 2.021546e+00
7.373000e+03 2.003957e+00
7.374000e+03 2.070477e+00
7.375000e+03 1.911685e+00
7.376000e+03 2.023289e+00
7.377000e+03 2.050949e+00
7.378000e+03 2.031123e+00
7.379000e+03 2.026881e+00
7.380000e+03 1.969106e+00
7.381000e+03 2.040021e+00
7.382000e+03 2.189535e+00
7.383000e+03 2.003240e+00
7.384000e+03 1.954257e+00
7.385000e+03 2.096243e+00
7.386000e+03 2.141631e+00
7.387000e+03 2.013062e+00
7.388000e+03 2.060455e+00
7.389000e+03 1.984363e+00
7.390000e+03 2.174345e+00
7.391000e+03 2.118409e+00
7.392000e+03 2.027737e+00
7.393000e+03 1.932381e+00
7.394000e+03 2.076930e+00
7.395000e+03 2.048526e+00
7.396000e+03 2.031904e+00
7.397000e+03 1.981521e+00
7.398000e+03 2.042026e+00
7.399000e+03 2.109302e+00
7.400000e+03 2.220803e+00
7.401000e+03 2.009742e+00
7.402000e+03 1.863725e+00
7.403000e+03 2.016115e+00
7.404000e+03 2.006715e+00
7.405000e+03 2.130816e+00
7.406000e+03 2.178169e+00
7.407000e+03 2.204810e+00
7.408000e+03 2.188765e+00
7.409000e+03 2.070179e+00
7.410000e+03 1.864532e+00
7.411000e+03 2.088691e+00
7.412000e+03 2.262373e+00
7.413000e+03 2.066023e+00
7.414000e+03 2.036698e+00
7.415000e+03 2.125879e+00
7.416000e+03 2.110403e+00
7.417000e+03 2.043085e+00
7.418000e+03 2.191316e+00
7.419000e+03 1.916431e+00
7.420000e+03 2.083767e+00
7.421000e+03 2.134241e+00
7.422000e+03 2.104764e+00
7.423000e+03 2.082259e+00
7.424000e+03 2.058260e+00
7.425000e+03 2.080470e+00
7.426000e+03 2.273991e+00
7.427000e+03 2.155964e+00
7.428000e+03 2.012462e+00
7.429000e+03 2.072499e+00
7.430000e+03 2.164062e+00
7.431000e+03 2.240379e+00
7.432000e+03 2.162098e+00
7.433000e+03 2.101738e+00
7.434000e+03 2.193529e+00
7.435000e+03 1.993514e+00
7.436000e+03 2.110790e+00
7.437000e+03 2.165403e+00
7.438000e+03 2.253024e+00
7.439000e+03 2.169618e+00
7.440000e+03 2.038523e+00
7.441000e+03 2.206527e+00
7.442000e+03 2.184868e+00
7.443000e+03 2.032272e+00
7.444000e+03 2.185652e+00
7.445000e+03 2.167371e+00
7.446000e+03 2.065565e+00
7.447000e+03 2.152208e+00
7.448000e+03 2.128172e+00
7.449000e+03 2.099102e+00
7.450000e+03 2.082474e+00
7.451000e+03 2.048814e+00
7.452000e+03 2.071946e+00
7.453000e+03 2.136509e+00
7.454000e+03 2.203839e+00
7.455000e+03 2.199940e+00
7.456000e+03 2.120398e+00
7.457000e+03 2.092055e+00
7.458000e+03 2.055156e+00
7.459000e+03 2.149779e+00
7.460000e+03 2.168983e+00
7.461000e+03 2.085479e+00
7.462000e+03 2.102581e+00
7.463000e+03 2.197882e+00
7.464000e+03 1.959762e+00
7.465000e+03 2.061720e+00
7.466000e+03 2.217516e+00
7.467000e+03 2.211784e+00
7.468000e+03 2.235957e+00
7.469000e+03 2.084574e+00
7.470000e+03 2.223095e+00
7.471000e+03 2.129363e+00
7.472000e+03 2.231606e+00
7.473000e+03 2.171007e+00
7.474000e+03 2.099310e+00
7.475000e+03 2.303421e+00
7.476000e+03 2.187990e+00
7.477000e+03 2.080922e+00
7.478000e+03 2.228487e+00
7.479000e+03 2.118839e+00
7.480000e+03 2.245779e+00
7.481000e+03 2.221019e+00
7.482000e+03 2.247042e+00
7.483000e+03 2.117289e+00
7.484000e+03 2.277232e+00
7.485000e+03 2.231491e+00
7.486000e+03 2.191969e+00
7.487000e+03 2.191300e+00
7.488000e+03 2.126223e+00
7.489000e+03 2.110026e+00
7.490000e+03 2.121723e+00
7.491000e+03 2.145293e+00
7.492000e+03 2.048665e+00
7.493000e+03 2.113838e+00
7.494000e+03 2.212738e+00
7.495000e+03 2.084405e+00
7.496000e+03 2.079961e+00
7.497000e+03 2.041331e+00
7.498000e+03 1.965882e+00
7.499000e+03 2.192580e+00
7.500000e+03 2.256257e+00
7.501000e+03 2.191443e+00
7.502000e+03 2.291525e+00
7.503000e+03 2.040299e+00
7.504000e+03 2.241315e+00
7.505000e+03 2.238392e+00
7.506000e+03 2.383222e+00
7.507000e+03 2.204912e+00
7.508000e+03 2.200313e+00
7.509000e+03 2.151202e+00
7.510000e+03 2.327817e+00
7.511000e+03 2.325121e+00
7.512000e+03 2.215199e+00
7.513000e+03 2.024722e+00
7.514000e+03 2.175859e+00
7.515000e+03 2.141382e+00
7.516000e+03 2.242734e+00
7.517000e+03 2.311161e+00
7.518000e+03 2.277469e+00
7.519000e+03 2.176795e+00
7.520000e+03 2.311861e+00
7.521000e+03 2.005062e+00
7.522000e+03 2.229378e+00
7.523000e+03 2.237352e+00
7.524000e+03 2.342953e+00
7.525000e+03 2.178943e+00
7.526000e+03 2.330860e+00
7.527000e+03 2.045411e+00
7.528000e+03 2.238655e+00
7.529000e+03 2.261833e+00
7.530000e+03 2.235911e+00
7.531000e+03 2.201767e+00
7.532000e+03 2.117034e+00
7.533000e+03 2.199950e+00
7.534000e+03 2.183045e+00
7.535000e+03 2.305932e+00
7.536000e+03 2.133960e+00
7.537000e+03 2.203460e+00
7.538000e+03 2.136951e+00
7.539000e+03 2.013605e+00
7.540000e+03 2.326101e+00
7.541000e+03 2.408342e+00
7.542000e+03 2.228522e+00
7.543000e+03 2.270460e+00
7.544000e+03 2.391299e+00
7.545000e+03 2.214055e+00
7.546000e+03 2.423059e+00
7.547000e+03 2.241685e+00
7.548000e+03 2.291231e+00
7.549000e+03 2.437775e+00
7.550000e+03 2.343632e+00
7.551000e+03 2.146768e+00
7.552000e+03 2.325684e+00
7.553000e+03 2.364096e+00
7.554000e+03 2.266800e+00
7.555000e+03 2.329455e+00
7.556000e+03 2.324661e+00
7.557000e+03 2.204450e+00
7.558000e+03 2.307904e+00
7.559000e+03 2.205109e+00
7.560000e+03 2.434928e+00
7.561000e+03 2.156573e+00
7.562000e+03 2.293689e+00
7.563000e+03 2.350302e+00
7.564000e+03 2.311564e+00
7.565000e+03 2.202437e+00
7.566000e+03 2.286337e+00
7.567000e+03 2.323118e+00
7.568000e+03 2.255173e+00
7.569000e+03 2.256844e+00
7.570000e+03 2.321114e+00
7.571000e+03 2.115343e+00
7.572000e+03 2.255512e+00
7.573000e+03 2.137116e+00
7.574000e+03 2.229785e+00
7.575000e+03 2.231121e+00
7.576000e+03 2.164526e+00
7.577000e+03 2.232765e+00
7.578000e+03 2.325349e+00
7.579000e+03 2.254206e+00
7.580000e+03 2.291554e+00
7.581000e+03 2.320974e+00
7.582000e+03 2.341886e+00
7.583000e+03 2.422863e+00
7.584000e+03 2.265642e+00
7.585000e+03 2.383171e+00
7.586000e+03 2.255638e+00
7.587000e+03 2.286612e+00
7.588000e+03 2.222109e+00
7.589000e+03 2.275289e+00
7.590000e+03 2.262986e+00
7.591000e+03 1.865299e+00
7.592000e+03 1.443005e+00
7.593000e+03 1.739701e+00
7.594000e+03 1.768220e+00
7.595000e+03 1.774942e+00
7.596000e+03 2.054266e+00
7.597000e+03 1.938101e+00
7.598000e+03 1.805496e+00
7.599000e+03 1.841743e+00
7.600000e+03 2.092207e+00
7.601000e+03 1.711314e+00
7.602000e+03 1.910946e+00
7.603000e+03 2.004725e+00
7.604000e+03 1.854652e+00
7.605000e+03 1.962897e+00
7.606000e+03 1.922203e+00
7.607000e+03 1.889619e+00
7.608000e+03 1.890462e+00
7.609000e+03 1.908284e+00
7.610000e+03 1.951746e+00
7.611000e+03 1.927539e+00
7.612000e+03 1.839849e+00
7.613000e+03 1.767656e+00
7.614000e+03 1.947567e+00
7.615000e+03 1.696754e+00
7.616000e+03 2.095330e+00
7.617000e+03 1.915966e+00
7.618000e+03 2.053710e+00
7.619000e+03 1.992360e+00
7.620000e+03 2.172420e+00
7.621000e+03 2.013620e+00
7.622000e+03 2.101384e+00
7.623000e+03 1.985028e+00
7.624000e+03 2.097465e+00
7.625000e+03 2.164335e+00
7.626000e+03 2.007748e+00
7.627000e+03 1.920525e+00
7.628000e+03 2.122599e+00
7.629000e+03 2.035108e+00
7.630000e+03 1.307781e+00
7.631000e+03 1.432797e+00
7.632000e+03 1.604604e+00
7.633000e+03 1.560045e+00
7.634000e+03 1.664425e+00
7.635000e+03 1.845984e+00
7.636000e+03 1.645661e+00
7.637000e+03 1.783560e+00
7.638000e+03 1.596753e+00
7.639000e+03 1.720590e+00
7.640000e+03 1.729910e+00
7.641000e+03 1.598590e+00
7.642000e+03 1.715160e+00
7.643000e+03 1.637146e+00
7.644000e+03 1.730001e+00
7.645000e+03 1.769518e+00
7.646000e+03 1.586032e+00
7.647000e+03 1.720516e+00
7.648000e+03 1.683474e+00
7.649000e+03 1.748252e+00
7.650000e+03 1.713556e+00
7.651000e+03 1.797960e+00
7.652000e+03 1.599075e+00
7.653000e+03 1.747723e+00
7.654000e+03 1.582058e+00
7.655000e+03 1.611718e+00
7.656000e+03 1.526822e+00
7.657000e+03 1.647544e+00
7.658000e+03 1.497604e+00
7.659000e+03 1.567980e+00
7.660000e+03 1.518774e+00
7.661000e+03 1.574963e+00
7.662000e+03 1.344697e+00
7.663000e+03 1.186537e+00
7.664000e+03 9.948260e-01
7.665000e+03 7.546105e-01
7.666000e+03 4.918238e-01
7.667000e+03 2.618102e-01
7.668000e+03 4.567329e-01
7.669000e+03 7.164315e-01
7.670000e+03 8.909125e-01
7.671000e+03 1.080670e+00
7.672000e+03 1.159810e+00
7.673000e+03 1.425333e+00
7.674000e+03 8.761300e-01
7.675000e+03 1.038468e+00
7.676000e+03 1.196358e+00
7.677000e+03 1.163410e+00
7.678000e+03 1.390006e+00
7.679000e+03 1.195385e+00
7.680000e+03 1.494270e+00
7.681000e+03 1.207499e+00
7.682000e+03 1.241329e+00
7.683000e+03 1.319505e+00
7.684000e+03 1.247185e+00
7.685000e+03 1.490020e+00
7.686000e+03 1.160835e+00
7.687000e+03 1.399495e+00
7.688000e+03 1.508039e+00
7.689000e+03 1.313739e+00
7.690000e+03 1.564324e+00
7.691000e+03 1.216846e+00
7.692000e+03 1.511338e+00
7.693000e+03 1.511695e+00
7.694000e+03 1.436726e+00
7.695000e+03 1.388183e+00
7.696000e+03 1.323495e+00
7.697000e+03 1.211206e+00
7.698000e+03 1.193481e+00
7.699000e+03 9.550835e-01
7.700000e+03 7.131585e-01
7.701000e+03 3.158828e-01
7.702000e+03 6.294290e-01
7.703000e+03 9.233680e-01
7.704000e+03 1.051473e+00
7.705000e+03 1.342402e+00
7.706000e+03 1.419194e+00
7.707000e+03 1.102777e+00
7.708000e+03 1.187231e+00
7.709000e+03 1.413686e+00
7.710000e+03 1.252360e+00
7.711000e+03 1.423147e+00
7.712000e+03 1.478590e+00
7.713000e+03 1.397811e+00
7.714000e+03 1.532342e+00
7.715000e+03 1.227373e+00
7.716000e+03 1.402035e+00
7.717000e+03 1.407814e+00
7.718000e+03 1.369990e+00
7.719000e+03 1.552268e+00
7.720000e+03 1.273448e+00
7.721000e+03 1.695088e+00
7.722000e+03 1.363956e+00
7.723000e+03 1.605854e+00
7.724000e+03 1.503349e+00
7.725000e+03 1.468776e+00
7.726000e+03 1.470481e+00
7.727000e+03 1.449563e+00
7.728000e+03 1.681215e+00
7.729000e+03 1.641255e+00
7.730000e+03 1.490771e+00
7.731000e+03 1.848018e+00
7.732000e+03 1.406612e+00
7.733000e+03 1.790623e+00
7.734000e+03 1.601816e+00
7.735000e+03 1.850031e+00
7.736000e+03 1.697388e+00
7.737000e+03 1.557952e+00
7.738000e+03 1.758615e+00
7.739000e+03 1.674022e+00
7.740000e+03 1.853658e+00
7.741000e+03 1.575299e+00
7.742000e+03 1.738717e+00
7.743000e+03 1.539906e+00
7.744000e+03 1.989098e+00
7.745000e+03 1.380219e+00
7.746000e+03 1.548653e+00
7.747000e+03 1.596064e+00
7.748000e+03 1.528759e+00
7.749000e+03 1.464625e+00
7.750000e+03 1.611375e+00
7.751000e+03 1.469781e+00
7.752000e+03 1.004935e+00
7.753000e+03 1.205795e+00
7.754000e+03 1.594298e+00
7.755000e+03 1.312703e+00
7.756000e+03 1.454390e+00
7.757000e+03 1.497199e+00
7.758000e+03 1.556426e+00
7.759000e+03 1.324025e+00
7.760000e+03 1.385093e+00
7.761000e+03 1.536127e+00
7.762000e+03 1.293586e+00
7.763000e+03 1.578175e+00
7.764000e+03 1.317232e+00
7.765000e+03 1.527876e+00
7.766000e+03 1.524531e+00
7.767000e+03 1.552614e+00
7.768000e+03 1.517309e+00
7.769000e+03 1.721078e+00
7.770000e+03 1.377122e+00
7.771000e+03 1.577113e+00
7.772000e+03 1.673533e+00
7.773000e+03 1.558920e+00
7.774000e+03 1.382397e+00
7.775000e+03 1.737079e+00
7.776000e+03 1.487525e+00
7.777000e+03 1.651936e+00
7.778000e+03 1.437001e+00
7.779000e+03 1.757825e+00
7.780000e+03 1.513024e+00
7.781000e+03 1.533465e+00
7.782000e+03 1.647654e+00
7.783000e+03 1.375564e+00
7.784000e+03 1.791143e+00
7.785000e+03 1.322034e+00
7.786000e+03 1.270455e+00
7.787000e+03 1.595581e+00
7.788000e+03 1.529759e+00
7.789000e+03 1.395326e+00
7.790000e+03 1.588607e+00
7.791000e+03 1.454098e+00
7.792000e+03 1.549173e+00
7.793000e+03 1.736526e+00
7.794000e+03 1.440560e+00
7.795000e+03 1.522344e+00
7.796000e+03 1.737807e+00
7.797000e+03 1.380630e+00
7.798000e+03 1.626397e+00
7.799000e+03 1.599620e+00
7.800000e+03 1.624981e+00
7.801000e+03 1.518680e+00
7.802000e+03 1.367167e+00
7.803000e+03 1.507499e+00
7.804000e+03 1.774098e+00
7.805000e+03 1.740815e+00
7.806000e+03 1.686808e+00
7.807000e+03 1.719000e+00
7.808000e+03 1.660317e+00
7.809000e+03 1.769805e+00
7.810000e+03 1.773168e+00
7.811000e+03 1.678620e+00
7.812000e+03 1.736121e+00
7.813000e+03 1.688356e+00
7.814000e+03 1.714815e+00
7.815000e+03 2.043099e+00
7.816000e+03 1.708666e+00
7.817000e+03 1.814903e+00
7.818000e+03 1.931005e+00
7.819000e+03 1.561100e+00
7.820000e+03 1.966455e+00
7.821000e+03 1.870835e+00
7.822000e+03 1.723732e+00
7.823000e+03 1.696150e+00
7.824000e+03 1.588788e+00
7.825000e+03 1.638572e+00
7.826000e+03 1.822614e+00
7.827000e+03 1.718681e+00
7.828000e+03 1.735333e+00
7.829000e+03 1.807443e+00
7.830000e+03 1.490977e+00
7.831000e+03 1.369114e+00
7.832000e+03 1.586689e+00
7.833000e+03 1.523455e+00
7.834000e+03 1.677325e+00
7.835000e+03 1.520939e+00
7.836000e+03 1.574006e+00
7.837000e+03 1.713182e+00
7.838000e+03 1.538539e+00
7.839000e+03 1.558305e+00
7.840000e+03 1.690461e+00
7.841000e+03 1.672848e+00
7.842000e+03 1.630216e+00
7.843000e+03 1.707662e+00
7.844000e+03 1.613387e+00
7.845000e+03 1.720662e+00
7.846000e+03 1.629048e+00
7.847000e+03 1.742876e+00
7.848000e+03 1.807208e+00
7.849000e+03 1.539867e+00
7.850000e+03 1.815064e+00
7.851000e+03 1.659849e+00
7.852000e+03 1.806977e+00
7.853000e+03 1.715267e+00
7.854000e+03 1.713135e+00
7.855000e+03 1.707271e+00
7.856000e+03 1.770643e+00
7.857000e+03 1.777601e+00
7.858000e+03 1.777976e+00
7.859000e+03 1.818712e+00
7.860000e+03 1.790684e+00
7.861000e+03 1.745577e+00
7.862000e+03 2.011373e+00
7.863000e+03 1.657264e+00
7.864000e+03 1.479048e+00
7.865000e+03 1.827865e+00
7.866000e+03 1.620384e+00
7.867000e+03 1.893260e+00
7.868000e+03 1.790952e+00
7.869000e+03 1.647542e+00
7.870000e+03 1.838546e+00
7.871000e+03 1.733631e+00
7.872000e+03 1.656594e+00
7.873000e+03 1.798826e+00
7.874000e+03 1.869490e+00
7.875000e+03 1.789194e+00
7.876000e+03 1.782437e+00
7.877000e+03 1.882893e+00
7.878000e+03 1.771996e+00
7.879000e+03 1.975242e+00
7.880000e+03 1.804749e+00
7.881000e+03 1.716596e+00
7.882000e+03 2.060226e+00
7.883000e+03 1.699677e+00
7.884000e+03 1.947617e+00
7.885000e+03 1.897744e+00
7.886000e+03 1.907174e+00
7.887000e+03 1.853124e+00
7.888000e+03 1.836540e+00
7.889000e+03 2.062292e+00
7.890000e+03 1.781332e+00
7.891000e+03 1.992607e+00
7.892000e+03 1.885982e+00
7.893000e+03 2.026681e+00
7.894000e+03 1.934471e+00
7.895000e+03 1.952891e+00
7.896000e+03 2.052157e+00
7.897000e+03 1.765039e+00
7.898000e+03 1.927671e+00
7.899000e+03 1.915649e+00
7.900000e+03 1.939207e+00
7.901000e+03 2.025224e+00
7.902000e+03 1.896057e+00
7.903000e+03 1.765421e+00
7.904000e+03 2.027130e+00
7.905000e+03 1.961467e+00
7.906000e+03 1.847163e+00
7.907000e+03 2.014736e+00
7.908000e+03 1.859560e+00
7.909000e+03 1.918976e+00
7.910000e+03 1.650454e+00
7.911000e+03 1.782285e+00
7.912000e+03 1.832018e+00
7.913000e+03 1.681888e+00
7.914000e+03 1.735572e+00
7.915000e+03 1.644706e+00
7.916000e+03 1.834655e+00
7.917000e+03 1.830119e+00
7.918000e+03 1.837748e+00
7.919000e+03 1.949404e+00
7.920000e+03 1.820219e+00
7.921000e+03 1.742771e+00
7.922000e+03 1.866539e+00
7.923000e+03 1.784490e+00
7.924000e+03 1.937211e+00
7.925000e+03 1.804549e+00
7.926000e+03 1.946392e+00
7.927000e+03 1.878887e+00
7.928000e+03 1.951739e+00
7.929000e+03 1.872924e+00
7.930000e+03 2.034485e+00
7.931000e+03 1.968053e+00
7.932000e+03 2.019235e+00
7.933000e+03 1.860563e+00
7.934000e+03 1.939290e+00
7.935000e+03 1.926508e+00
7.936000e+03 2.087601e+00
7.937000e+03 1.967905e+00
7.938000e+03 1.901147e+00
7.939000e+03 1.819603e+00
7.940000e+03 1.939526e+00
7.941000e+03 2.112755e+00
7.942000e+03 1.848177e+00
7.943000e+03 1.902302e+00
7.944000e+03 1.862076e+00
7.945000e+03 2.002829e+00
7.946000e+03 2.055798e+00
7.947000e+03 1.878917e+00
7.948000e+03 1.924722e+00
7.949000e+03 1.970139e+00
7.950000e+03 1.694603e+00
7.951000e+03 1.773715e+00
7.952000e+03 1.957902e+00
7.953000e+03 2.020773e+00
7.954000e+03 1.918952e+00
7.955000e+03 2.085059e+00
7.956000e+03 2.063283e+00
7.957000e+03 2.029178e+00
7.958000e+03 2.027777e+00
7.959000e+03 1.965423e+00
7.960000e+03 2.065014e+00
7.961000e+03 2.033012e+00
7.962000e+03 1.952900e+00
7.963000e+03 2.178291e+00
7.964000e+03 1.949648e+00
7.965000e+03 2.099852e+00
7.966000e+03 2.154693e+00
7.967000e+03 2.017277e+00
7.968000e+03 2.041204e+00
7.969000e+03 2.143778e+00
7.970000e+03 2.094375e+00
7.971000e+03 2.063179e+00
7.972000e+03 2.095927e+00
7.973000e+03 2.099448e+00
7.974000e+03 2.112588e+00
7.975000e+03 2.168286e+00
7.976000e+03 2.065897e+00
7.977000e+03 2.125643e+00
7.978000e+03 2.199502e+00
7.979000e+03 2.101766e+00
7.980000e+03 2.189175e+00
7.981000e+03 1.860076e+00
7.982000e+03 2.046669e+00
7.983000e+03 2.033721e+00
7.984000e+03 2.071292e+00
7.985000e+03 2.048506e+00
7.986000e+03 2.086509e+00
7.987000e+03 2.141930e+00
7.988000e+03 2.127002e+00
7.989000e+03 2.141182e+00
7.990000e+03 1.900171e+00
7.991000e+03 1.988257e+00
7.992000e+03 2.078575e+00
7.993000e+03 2.035357e+00
7.994000e+03 2.070990e+00
7.995000e+03 2.040755e+00
7.996000e+03 2.098429e+00
7.997000e+03 2.099703e+00
7.998000e+03 2.009881e+00
7.999000e+03 2.112496e+00
8.000000e+03 2.082810e+00
8.001000e+03 1.984678e+00
8.002000e+03 2.077218e+00
8.003000e+03 2.129949e+00
8.004000e+03 2.123061e+00
8.005000e+03 2.051210e+00
8.006000e+03 2.210306e+00
8.007000e+03 2.107804e+00
8.008000e+03 2.072857e+00
8.009000e+03 2.216690e+00
8.010000e+03 2.170117e+00
8.011000e+03 2.189142e+00
8.012000e+03 2.113183e+00
8.013000e+03 2.269181e+00
8.014000e+03 2.069359e+00
8.015000e+03 2.254278e+00
8.016000e+03 2.127869e+00
8.017000e+03 2.226863e+00
8.018000e+03 2.110733e+00
8.019000e+03 2.267382e+00
8.020000e+03 2.205287e+00
8.021000e+03 2.222223e+00
8.022000e+03 2.216605e+00
8.023000e+03 2.162818e+00
8.024000e+03 2.202396e+00
8.025000e+03 2.163860e+00
8.026000e+03 2.195625e+00
8.027000e+03 2.109467e+00
8.028000e+03 2.170259e+00
8.029000e+03 2.238162e+00
8.030000e+03 2.155056e+00
8.031000e+03 2.211386e+00
8.032000e+03 2.244061e+00
8.033000e+03 2.156944e+00
8.034000e+03 2.299580e+00
8.035000e+03 2.217274e+00
8.036000e+03 2.223874e+00
8.037000e+03 2.271144e+00
8.038000e+03 2.303155e+00
8.039000e+03 2.242322e+00
8.040000e+03 2.249576e+00
8.041000e+03 2.312119e+00
8.042000e+03 2.271006e+00
8.043000e+03 2.222551e+00
8.044000e+03 2.365483e+00
8.045000e+03 2.263143e+00
8.046000e+03 2.319091e+00
8.047000e+03 2.250786e+00
8.048000e+03 2.273397e+00
8.049000e+03 2.282223e+00
8.050000e+03 1.917655e+00
8.051000e+03 2.377737e+00
8.052000e+03 2.303601e+00
8.053000e+03 2.331170e+00
8.054000e+03 2.322873e+00
8.055000e+03 2.377019e+00
8.056000e+03 2.294393e+00
8.057000e+03 2.313566e+00
8.058000e+03 2.310578e+00
8.059000e+03 2.443761e+00
8.060000e+03 2.286673e+00
8.061000e+03 2.347600e+00
8.062000e+03 2.359125e+00
8.063000e+03 2.437163e+00
8.064000e+03 2.227191e+00
8.065000e+03 2.411302e+00
8.066000e+03 2.361945e+00
8.067000e+03 2.341694e+00
8.068000e+03 2.340571e+00
8.069000e+03 2.328778e+00
8.070000e+03 2.243983e+00
8.071000e+03 2.225780e+00
8.072000e+03 2.369959e+00
8.073000e+03 2.298668e+00
8.074000e+03 2.279044e+00
8.075000e+03 2.415265e+00
8.076000e+03 2.395365e+00
8.077000e+03 2.015143e+00
8.078000e+03 2.353400e+00
8.079000e+03 2.415742e+00
8.080000e+03 2.330642e+00
8.081000e+03 2.334434e+00
8.082000e+03 2.401650e+00
8.083000e+03 2.412831e+00
8.084000e+03 2.387666e+00
8.085000e+03 2.348686e+00
8.086000e+03 2.435792e+00
8.087000e+03 2.335340e+00
8.088000e+03 2.364997e+00
8.089000e+03 2.403780e+00
8.090000e+03 2.425981e+00
8.091000e+03 2.434141e+00
8.092000e+03 2.368378e+00
8.093000e+03 2.452474e+00
8.094000e+03 2.409016e+00
8.095000e+03 2.380170e+00
8.096000e+03 2.339342e+00
8.097000e+03 2.428798e+00
8.098000e+03 2.435609e+00
8.099000e+03 2.428973e+00
8.100000e+03 2.426054e+00
8.101000e+03 2.489130e+00
8.102000e+03 2.395054e+00
8.103000e+03 2.422245e+00
8.104000e+03 2.418176e+00
8.105000e+03 2.449968e+00
8.106000e+03 2.466003e+00
8.107000e+03 2.434228e+00
8.108000e+03 2.465442e+00
8.109000e+03 2.433969e+00
8.110000e+03 2.520187e+00
8.111000e+03 2.449781e+00
8.112000e+03 2.472693e+00
8.113000e+03 2.457045e+00
8.114000e+03 2.440204e+00
8.115000e+03 2.415729e+00
8.116000e+03 2.507617e+00
8.117000e+03 2.445975e+00
8.118000e+03 2.473659e+00
8.119000e+03 2.157259e+00
8.120000e+03 2.517054e+00
8.121000e+03 2.473873e+00
8.122000e+03 2.465298e+00
8.123000e+03 2.481526e+00
8.124000e+03 2.534149e+00
8.125000e+03 2.464584e+00
8.126000e+03 2.468827e+00
8.127000e+03 2.488990e+00
8.128000e+03 2.508322e+00
8.129000e+03 2.490196e+00
8.130000e+03 2.491650e+00
8.131000e+03 2.563833e+00
8.132000e+03 2.538571e+00
8.133000e+03 2.511995e+00
8.134000e+03 2.497741e+00
8.135000e+03 2.473491e+00
8.136000e+03 2.534166e+00
8.137000e+03 2.569192e+00
8.138000e+03 2.510698e+00
8.139000e+03 2.561109e+00
8.140000e+03 2.526406e+00
8.141000e+03 2.504543e+00
8.142000e+03 2.529555e+00
8.143000e+03 2.564914e+00
8.144000e+03 2.505667e+00
8.145000e+03 2.469881e+00
8.146000e+03 2.593167e+00
8.147000e+03 2.474786e+00
8.148000e+03 2.545715e+00
8.149000e+03 2.527881e+00
8.150000e+03 2.558153e+00
8.151000e+03 2.545791e+00
8.152000e+03 2.562652e+00
8.153000e+03 2.508161e+00
8.154000e+03 2.541024e+00
8.155000e+03 2.576345e+00
8.156000e+03 2.552198e+00
8.157000e+03 2.564004e+00
8.158000e+03 2.502464e+00
8.159000e+03 2.526588e+00
8.160000e+03 2.548928e+00
8.161000e+03 2.533098e+00
8.162000e+03 2.496575e+00
8.163000e+03 2.299258e+00
8.164000e+03 2.536817e+00
8.165000e+03 2.484961e+00
8.166000e+03 2.538530e+00
8.167000e+03 2.558677e+00
8.168000e+03 2.513387e+00
8.169000e+03 2.543195e+00
8.170000e+03 2.525054e+00
8.171000e+03 2.537189e+00
8.172000e+03 2.512774e+00
8.173000e+03 2.523216e+00
8.174000e+03 2.504574e+00
8.175000e+03 2.487642e+00
8.176000e+03 2.456421e+00
8.177000e+03 2.476528e+00
8.178000e+03 2.420170e+00
8.179000e+03 2.387751e+00
8.180000e+03 2.337751e+00
8.181000e+03 2.254798e+00
8.182000e+03 2.181290e+00
8.183000e+03 1.966462e+00
8.184000e+03 1.613550e+00
8.185000e+03 9.031365e-01
8.186000e+03 8.881060e-01
8.187000e+03 1.617085e+00
8.188000e+03 1.936675e+00
8.189000e+03 2.040012e+00
8.190000e+03 2.148706e+00
8.191000e+03 2.200191e+00
8.192000e+03 2.127635e+00
8.193000e+03 2.067850e+00
8.194000e+03 1.866872e+00
8.195000e+03 1.611122e+00
8.196000e+03 1.168503e+00
8.197000e+03 5.481385e-01
8.198000e+03 1.080508e+00
8.199000e+03 1.564415e+00
8.200000e+03 1.868763e+00
8.201000e+03 1.999397e+00
8.202000e+03 2.158243e+00
8.203000e+03 2.253862e+00
8.204000e+03 2.316941e+00
8.205000e+03 2.373225e+00
8.206000e+03 2.090126e+00
8.207000e+03 2.082946e+00
8.208000e+03 2.239232e+00
8.209000e+03 2.280361e+00
8.210000e+03 2.322825e+00
8.211000e+03 2.390516e+00
8.212000e+03 2.410884e+00
8.213000e+03 2.333667e+00
8.214000e+03 2.343391e+00
8.215000e+03 2.342221e+00
8.216000e+03 2.330446e+00
8.217000e+03 2.348248e+00
8.218000e+03 2.385703e+00
8.219000e+03 2.308285e+00
8.220000e+03 2.381600e+00
8.221000e+03 2.396587e+00
8.222000e+03 2.279226e+00
8.223000e+03 2.197367e+00
8.224000e+03 2.416956e+00
8.225000e+03 2.397408e+00
8.226000e+03 2.378627e+00
8.227000e+03 2.432157e+00
8.228000e+03 2.415307e+00
8.229000e+03 2.405960e+00
8.230000e+03 2.451534e+00
8.231000e+03 2.449533e+00
8.232000e+03 2.393194e+00
8.233000e+03 2.423185e+00
8.234000e+03 2.414639e+00
8.235000e+03 2.378175e+00
8.236000e+03 2.513374e+00
8.237000e+03 2.447979e+00
8.238000e+03 2.431196e+00
8.239000e+03 2.498393e+00
8.240000e+03 2.458917e+00
8.241000e+03 2.270653e+00
8.242000e+03 2.470514e+00
8.243000e+03 2.498743e+00
8.244000e+03 2.397796e+00
8.245000e+03 2.427884e+00
8.246000e+03 2.444038e+00
8.247000e+03 2.462203e+00
8.248000e+03 2.499615e+00
8.249000e+03 2.508120e+00
8.250000e+03 2.402979e+00
8.251000e+03 2.543595e+00
8.252000e+03 2.465555e+00
8.253000e+03 2.395682e+00
8.254000e+03 2.343406e+00
8.255000e+03 2.464891e+00
8.256000e+03 2.336931e+00
8.257000e+03 2.435787e+00
8.258000e+03 2.351746e+00
8.259000e+03 2.360142e+00
8.260000e+03 2.509809e+00
8.261000e+03 2.417286e+00
8.262000e+03 2.498791e+00
8.263000e+03 2.445762e+00
8.264000e+03 2.481821e+00
8.265000e+03 2.456526e+00
8.266000e+03 2.484450e+00
8.267000e+03 2.480166e+00
8.268000e+03 2.467096e+00
8.269000e+03 2.510252e+00
8.270000e+03 2.429616e+00
8.271000e+03 2.500067e+00
8.272000e+03 2.485856e+00
8.273000e+03 2.473155e+00
8.274000e+03 2.503448e+00
8.275000e+03 2.473256e+00
8.276000e+03 2.489587e+00
8.277000e+03 2.244299e+00
8.278000e+03 2.330170e+00
8.279000e+03 2.400165e+00
8.280000e+03 2.352264e+00
8.281000e+03 2.475801e+00
8.282000e+03 2.371563e+00
8.283000e+03 2.513888e+00
8.284000e+03 2.306638e+00
8.285000e+03 2.373660e+00
8.286000e+03 2.387296e+00
8.287000e+03 2.315772e+00
8.288000e+03 2.399781e+00
8.289000e+03 2.322233e+00
8.290000e+03 2.424413e+00
8.291000e+03 2.238717e+00
8.292000e+03 2.209719e+00
8.293000e+03 2.347028e+00
8.294000e+03 2.236352e+00
8.295000e+03 2.405420e+00
8.296000e+03 2.255844e+00
8.297000e+03 2.312075e+00
8.298000e+03 2.444550e+00
8.299000e+03 2.255737e+00
8.300000e+03 2.352022e+00
8.301000e+03 2.335876e+00
8.302000e+03 2.327072e+00
8.303000e+03 2.388967e+00
8.304000e+03 2.268755e+00
8.305000e+03 2.196585e+00
8.306000e+03 2.340311e+00
8.307000e+03 2.216600e+00
8.308000e+03 2.432332e+00
8.309000e+03 2.336224e+00
8.310000e+03 2.084446e+00
8.311000e+03 2.400547e+00
8.312000e+03 2.335023e+00
8.313000e+03 2.232844e+00
8.314000e+03 2.373999e+00
8.315000e+03 2.395477e+00
8.316000e+03 2.337272e+00
8.317000e+03 2.372933e+00
8.318000e+03 2.284938e+00
8.319000e+03 2.394980e+00
8.320000e+03 2.377589e+00
8.321000e+03 2.339074e+00
8.322000e+03 2.368981e+00
8.323000e+03 2.477275e+00
8.324000e+03 2.216281e+00
8.325000e+03 2.476660e+00
8.326000e+03 2.305251e+00
8.327000e+03 2.401816e+00
8.328000e+03 2.260534e+00
8.329000e+03 1.673094e+00
8.330000e+03 2.075400e+00
8.331000e+03 2.362041e+00
8.332000e+03 2.325041e+00
8.333000e+03 2.443088e+00
8.334000e+03 2.373659e+00
8.335000e+03 2.415069e+00
8.336000e+03 2.383992e+00
8.337000e+03 1.993059e+00
8.338000e+03 2.280506e+00
8.339000e+03 2.311311e+00
8.340000e+03 2.358679e+00
8.341000e+03 2.385183e+00
8.342000e+03 2.341230e+00
8.343000e+03 2.417612e+00
8.344000e+03 2.422035e+00
8.345000e+03 2.402731e+00
8.346000e+03 2.389476e+00
8.347000e+03 2.336703e+00
8.348000e+03 2.360114e+00
8.349000e+03 2.361327e+00
8.350000e+03 2.169156e+00
8.351000e+03 2.139986e+00
8.352000e+03 2.309515e+00
8.353000e+03 2.342211e+00
8.354000e+03 2.373242e+00
8.355000e+03 2.168293e+00
8.356000e+03 2.298112e+00
8.357000e+03 2.292369e+00
8.358000e+03 2.390245e+00
8.359000e+03 2.264446e+00
8.360000e+03 2.359295e+00
8.361000e+03 2.300733e+00
8.362000e+03 2.308349e+00
8.363000e+03 2.356208e+00
8.364000e+03 2.239718e+00
8.365000e+03 2.380458e+00
8.366000e+03 2.066645e+00
8.367000e+03 1.981338e+00
8.368000e+03 2.306901e+00
8.369000e+03 2.337639e+00
8.370000e+03 2.364129e+00
8.371000e+03 2.386988e+00
8.372000e+03 2.352625e+00
8.373000e+03 2.374224e+00
8.374000e+03 2.357848e+00
8.375000e+03 2.232717e+00
8.376000e+03 2.231454e+00
8.377000e+03 2.291770e+00
8.378000e+03 2.392988e+00
8.379000e+03 2.296906e+00
8.380000e+03 1.746310e+00
8.381000e+03 2.274814e+00
8.382000e+03 2.368368e+00
8.383000e+03 2.327072e+00
8.384000e+03 2.245237e+00
8.385000e+03 1.348528e+00
8.386000e+03 2.230634e+00
8.387000e+03 2.362537e+00
8.388000e+03 2.346854e+00
8.389000e+03 1.936978e+00
8.390000e+03 1.428390e+00
8.391000e+03 2.081710e+00
8.392000e+03 2.141838e+00
8.393000e+03 2.377254e+00
8.394000e+03 2.267594e+00
8.395000e+03 2.366036e+00
8.396000e+03 2.396558e+00
8.397000e+03 2.226994e+00
8.398000e+03 2.439823e+00
8.399000e+03 1.723326e+00
8.400000e+03 2.312815e+00
8.401000e+03 2.227835e+00
8.402000e+03 2.464061e+00
8.403000e+03 2.217336e+00
8.404000e+03 2.352986e+00
8.405000e+03 2.329474e+00
8.406000e+03 2.368086e+00
8.407000e+03 2.311523e+00
8.408000e+03 2.476255e+00
8.409000e+03 2.269941e+00
8.410000e+03 2.368867e+00
8.411000e+03 2.383329e+00
8.412000e+03 2.381371e+00
8.413000e+03 2.287103e+00
8.414000e+03 2.221545e+00
8.415000e+03 1.803733e+00
8.416000e+03 2.295249e+00
8.417000e+03 2.420136e+00
8.418000e+03 2.368001e+00
8.419000e+03 2.285598e+00
8.420000e+03 2.346046e+00
8.421000e+03 2.395509e+00
8.422000e+03 2.185073e+00
8.423000e+03 2.197336e+00
8.424000e+03 2.297487e+00
8.425000e+03 2.277666e+00
8.426000e+03 2.295969e+00
8.427000e+03 2.164434e+00
8.428000e+03 2.198457e+00
8.429000e+03 1.561084e+00
8.430000e+03 2.252293e+00
8.431000e+03 2.264151e+00
8.432000e+03 2.282542e+00
8.433000e+03 2.261302e+00
8.434000e+03 2.223458e+00
8.435000e+03 1.993880e+00
8.436000e+03 1.745286e+00
8.437000e+03 1.292399e+00
8.438000e+03 1.286157e+00
8.439000e+03 2.017861e+00
8.440000e+03 2.089987e+00
8.441000e+03 2.147597e+00
8.442000e+03 2.205547e+00
8.443000e+03 1.868155e+00
8.444000e+03 1.929641e+00
8.445000e+03 2.120662e+00
8.446000e+03 2.006817e+00
8.447000e+03 2.055883e+00
8.448000e+03 2.034360e+00
8.449000e+03 2.014854e+00
8.450000e+03 2.131331e+00
8.451000e+03 2.078644e+00
8.452000e+03 2.150517e+00
8.453000e+03 1.975975e+00
8.454000e+03 1.746551e+00
8.455000e+03 1.702981e+00
8.456000e+03 1.907018e+00
8.457000e+03 1.934133e+00
8.458000e+03 1.851353e+00
8.459000e+03 1.931970e+00
8.460000e+03 1.800588e+00
8.461000e+03 1.956609e+00
8.462000e+03 1.956465e+00
8.463000e+03 1.971093e+00
8.464000e+03 2.082735e+00
8.465000e+03 1.923379e+00
8.466000e+03 1.934268e+00
8.467000e+03 1.946750e+00
8.468000e+03 1.884624e+00
8.469000e+03 1.850148e+00
8.470000e+03 1.792080e+00
8.471000e+03 1.527610e+00
8.472000e+03 1.893678e+00
8.473000e+03 1.966343e+00
8.474000e+03 1.953196e+00
8.475000e+03 1.848038e+00
8.476000e+03 1.849148e+00
8.477000e+03 1.971906e+00
8.478000e+03 2.063782e+00
8.479000e+03 1.948205e+00
8.480000e+03 2.076747e+00
8.481000e+03 1.932239e+00
8.482000e+03 1.944579e+00
8.483000e+03 2.029632e+00
8.484000e+03 2.044965e+00
8.485000e+03 1.972407e+00
8.486000e+03 2.035316e+00
8.487000e+03 2.079350e+00
8.488000e+03 2.043563e+00
8.489000e+03 2.054388e+00
8.490000e+03 2.047264e+00
8.491000e+03 2.019964e+00
8.492000e+03 2.094078e+00
8.493000e+03 1.992271e+00
8.494000e+03 2.144500e+00
8.495000e+03 2.113942e+00
8.496000e+03 1.990576e+00
8.497000e+03 1.946327e+00
8.498000e+03 1.774433e+00
8.499000e+03 1.962374e+00
8.500000e+03 1.539626e+00
8.501000e+03 1.767135e+00
8.502000e+03 2.088744e+00
8.503000e+03 2.055798e+00
8.504000e+03 2.059402e+00
8.505000e+03 1.953317e+00
8.506000e+03 2.029050e+00
8.507000e+03 1.832219e+00
8.508000e+03 1.967666e+00
8.509000e+03 1.950888e+00
8.510000e+03 2.010198e+00
8.511000e+03 1.982457e+00
8.512000e+03 2.043836e+00
8.513000e+03 2.077987e+00
8.514000e+03 2.061575e+00
8.515000e+03 2.005756e+00
8.516000e+03 1.694807e+00
8.517000e+03 1.715680e+00
8.518000e+03 1.875821e+00
8.519000e+03 2.023069e+00
8.520000e+03 1.814378e+00
8.521000e+03 1.911882e+00
8.522000e+03 1.953718e+00
8.523000e+03 2.026171e+00
8.524000e+03 2.027138e+00
8.525000e+03 2.071283e+00
8.526000e+03 2.025148e+00
8.527000e+03 2.083168e+00
8.528000e+03 2.079887e+00
8.529000e+03 2.048113e+00
8.530000e+03 1.986497e+00
8.531000e+03 2.045773e+00
8.532000e+03 2.000048e+00
8.533000e+03 2.064010e+00
8.534000e+03 2.043489e+00
8.535000e+03 2.029067e+00
8.536000e+03 2.179663e+00
8.537000e+03 2.039057e+00
8.538000e+03 2.119019e+00
8.539000e+03 2.073640e+00
8.540000e+03 2.088020e+00
8.541000e+03 1.986924e+00
8.542000e+03 1.960406e+00
8.543000e+03 1.851281e+00
8.544000e+03 1.376634e+00
8.545000e+03 1.514217e+00
8.546000e+03 1.897124e+00
8.547000e+03 1.948904e+00
8.548000e+03 2.121692e+00
8.549000e+03 2.031281e+00
8.550000e+03 2.029850e+00
8.551000e+03 2.071814e+00
8.552000e+03 2.176758e+00
8.553000e+03 2.224353e+00
8.554000e+03 2.078083e+00
8.555000e+03 2.206715e+00
8.556000e+03 2.219444e+00
8.557000e+03 2.143488e+00
8.558000e+03 2.214430e+00
8.559000e+03 2.185528e+00
8.560000e+03 2.172972e+00
8.561000e+03 2.059188e+00
8.562000e+03 1.941661e+00
8.563000e+03 2.116862e+00
8.564000e+03 2.167745e+00
8.565000e+03 2.196243e+00
8.566000e+03 2.215631e+00
8.567000e+03 2.178308e+00
8.568000e+03 2.192500e+00
8.569000e+03 2.166396e+00
8.570000e+03 2.136617e+00
8.571000e+03 2.167791e+00
8.572000e+03 2.157214e+00
8.573000e+03 2.096603e+00
8.574000e+03 2.197759e+00
8.575000e+03 2.155553e+00
8.576000e+03 2.137630e+00
8.577000e+03 2.291917e+00
8.578000e+03 2.088479e+00
8.579000e+03 2.294247e+00
8.580000e+03 2.097498e+00
8.581000e+03 2.078363e+00
8.582000e+03 2.243613e+00
8.583000e+03 2.101525e+00
8.584000e+03 2.243667e+00
8.585000e+03 2.089820e+00
8.586000e+03 2.210258e+00
8.587000e+03 2.195502e+00
8.588000e+03 2.288423e+00
8.589000e+03 2.175369e+00
8.590000e+03 2.259142e+00
8.591000e+03 2.255100e+00
8.592000e+03 2.184473e+00
8.593000e+03 2.220893e+00
8.594000e+03 2.096350e+00
8.595000e+03 2.286798e+00
8.596000e+03 2.176693e+00
8.597000e+03 2.191326e+00
8.598000e+03 2.272123e+00
8.599000e+03 2.195556e+00
8.600000e+03 2.292240e+00
8.601000e+03 2.210197e+00
8.602000e+03 2.227257e+00
8.603000e+03 2.257444e+00
8.604000e+03 2.292531e+00
8.605000e+03 2.207525e+00
8.606000e+03 2.259844e+00
8.607000e+03 2.286329e+00
8.608000e+03 2.272280e+00
8.609000e+03 2.235700e+00
8.610000e+03 2.263989e+00
8.611000e+03 2.279793e+00
8.612000e+03 2.267631e+00
8.613000e+03 2.264955e+00
8.614000e+03 1.928596e+00
8.615000e+03 2.222767e+00
8.616000e+03 2.316015e+00
8.617000e+03 2.297499e+00
8.618000e+03 2.290626e+00
8.619000e+03 2.230651e+00
8.620000e+03 2.266592e+00
8.621000e+03 2.324311e+00
8.622000e+03 2.242405e+00
8.623000e+03 2.309579e+00
8.624000e+03 2.207763e+00
8.625000e+03 2.239640e+00
8.626000e+03 2.221077e+00
8.627000e+03 2.261531e+00
8.628000e+03 2.320832e+00
8.629000e+03 2.306599e+00
8.630000e+03 2.407967e+00
8.631000e+03 2.270116e+00
8.632000e+03 2.221351e+00
8.633000e+03 2.298192e+00
8.634000e+03 2.291403e+00
8.635000e+03 2.320441e+00
8.636000e+03 2.283406e+00
8.637000e+03 2.309089e+00
8.638000e+03 2.315075e+00
8.639000e+03 2.297217e+00
8.640000e+03 2.384170e+00
8.641000e+03 2.240360e+00
8.642000e+03 2.211043e+00
8.643000e+03 2.349834e+00
8.644000e+03 2.389501e+00
8.645000e+03 2.294946e+00
8.646000e+03 2.358747e+00
8.647000e+03 2.299481e+00
8.648000e+03 2.212156e+00
8.649000e+03 2.269065e+00
8.650000e+03 2.224671e+00
8.651000e+03 2.402879e+00
8.652000e+03 2.290089e+00
8.653000e+03 2.288086e+00
8.654000e+03 2.313143e+00
8.655000e+03 2.379833e+00
8.656000e+03 2.275545e+00
8.657000e+03 2.350665e+00
8.658000e+03 2.336647e+00
8.659000e+03 2.247117e+00
8.660000e+03 2.272452e+00
8.661000e+03 2.299655e+00
8.662000e+03 2.195578e+00
8.663000e+03 2.102889e+00
8.664000e+03 1.420486e+00
8.665000e+03 1.628038e+00
8.666000e+03 2.082699e+00
8.667000e+03 2.238161e+00
8.668000e+03 2.293915e+00
8.669000e+03 2.360994e+00
8.670000e+03 2.314487e+00
8.671000e+03 2.300480e+00
8.672000e+03 2.429180e+00
8.673000e+03 2.374640e+00
8.674000e+03 2.322510e+00
8.675000e+03 2.334194e+00
8.676000e+03 2.386754e+00
8.677000e+03 1.954473e+00
8.678000e+03 1.897406e+00
8.679000e+03 2.404064e+00
8.680000e+03 2.297417e+00
8.681000e+03 2.309945e+00
8.682000e+03 2.406185e+00
8.683000e+03 2.409388e+00
8.684000e+03 2.341179e+00
8.685000e+03 2.006432e+00
8.686000e+03 2.309766e+00
8.687000e+03 2.354112e+00
8.688000e+03 2.368404e+00
8.689000e+03 2.309748e+00
8.690000e+03 2.122240e+00
8.691000e+03 1.348250e+00
8.692000e+03 2.084835e+00
8.693000e+03 2.267017e+00
8.694000e+03 2.319577e+00
8.695000e+03 2.031204e+00
8.696000e+03 2.270661e+00
8.697000e+03 2.285944e+00
8.698000e+03 2.333575e+00
8.699000e+03 2.407534e+00
8.700000e+03 2.214913e+00
8.701000e+03 2.401814e+00
8.702000e+03 2.411947e+00
8.703000e+03 2.394504e+00
8.704000e+03 2.257449e+00
8.705000e+03 2.372982e+00
8.706000e+03 2.352974e+00
8.707000e+03 2.405875e+00
8.708000e+03 2.379425e+00
8.709000e+03 2.320690e+00
8.710000e+03 2.445958e+00
8.711000e+03 2.379347e+00
8.712000e+03 2.325392e+00
8.713000e+03 2.225901e+00
8.714000e+03 2.288905e+00
8.715000e+03 2.487962e+00
8.716000e+03 2.339008e+00
8.717000e+03 2.308365e+00
8.718000e+03 2.346299e+00
8.719000e+03 2.313305e+00
8.720000e+03 2.348939e+00
8.721000e+03 2.348502e+00
8.722000e+03 2.266563e+00
8.723000e+03 2.498293e+00
8.724000e+03 2.341889e+00
8.725000e+03 2.448723e+00
8.726000e+03 2.383672e+00
8.727000e+03 2.329493e+00
8.728000e+03 2.466185e+00
8.729000e+03 2.338122e+00
8.730000e+03 2.436761e+00
8.731000e+03 2.469280e+00
8.732000e+03 2.464862e+00
8.733000e+03 2.464398e+00
8.734000e+03 2.314796e+00
8.735000e+03 2.419451e+00
8.736000e+03 2.342280e+00
8.737000e+03 2.100251e+00
8.738000e+03 2.336977e+00
8.739000e+03 2.447839e+00
8.740000e+03 2.397174e+00
8.741000e+03 2.296324e+00
8.742000e+03 2.465575e+00
8.743000e+03 2.402407e+00
8.744000e+03 2.409870e+00
8.745000e+03 2.442280e+00
8.746000e+03 2.383244e+00
8.747000e+03 2.466322e+00
8.748000e+03 2.461142e+00
8.749000e+03 2.424017e+00
8.750000e+03 2.382243e+00
8.751000e+03 2.407865e+00
8.752000e+03 2.414899e+00
8.753000e+03 2.370286e+00
8.754000e+03 2.417725e+00
8.755000e+03 2.456494e+00
8.756000e+03 2.488569e+00
8.757000e+03 2.458235e+00
8.758000e+03 2.418091e+00
8.759000e+03 2.357118e+00
8.760000e+03 2.275637e+00
8.761000e+03 2.425770e+00
8.762000e+03 2.513751e+00
8.763000e+03 2.495718e+00
8.764000e+03 2.500746e+00
8.765000e+03 2.448625e+00
8.766000e+03 2.373391e+00
8.767000e+03 2.437007e+00
8.768000e+03 2.339368e+00
8.769000e+03 2.249716e+00
8.770000e+03 2.370042e+00
8.771000e+03 2.506373e+00
8.772000e+03 2.460844e+00
8.773000e+03 2.547744e+00
8.774000e+03 2.477271e+00
8.775000e+03 2.383583e+00
8.776000e+03 2.358396e+00
8.777000e+03 2.525080e+00
8.778000e+03 2.489216e+00
8.779000e+03 2.568070e+00
8.780000e+03 2.440840e+00
8.781000e+03 2.346478e+00
8.782000e+03 2.431930e+00
8.783000e+03 2.504943e+00
8.784000e+03 2.479632e+00
8.785000e+03 2.449877e+00
8.786000e+03 2.464485e+00
8.787000e+03 2.536895e+00
8.788000e+03 2.507388e+00
8.789000e+03 2.515576e+00
8.790000e+03 2.510649e+00
8.791000e+03 2.472421e+00
8.792000e+03 2.513674e+00
8.793000e+03 2.583471e+00
8.794000e+03 2.467142e+00
8.795000e+03 2.505749e+00
8.796000e+03 2.509395e+00
8.797000e+03 2.473260e+00
8.798000e+03 2.538772e+00
8.799000e+03 2.514365e+00
8.800000e+03 2.568315e+00
8.801000e+03 2.585907e+00
8.802000e+03 2.569930e+00
8.803000e+03 2.276798e+00
8.804000e+03 2.389628e+00
8.805000e+03 2.406572e+00
8.806000e+03 2.443682e+00
8.807000e+03 2.336120e+00
8.808000e+03 2.364281e+00
8.809000e+03 1.822426e+00
8.810000e+03 2.301641e+00
8.811000e+03 2.446638e+00
8.812000e+03 2.503556e+00
8.813000e+03 2.517594e+00
8.814000e+03 2.452300e+00
8.815000e+03 2.542134e+00
8.816000e+03 2.553114e+00
8.817000e+03 2.503875e+00
8.818000e+03 2.556255e+00
8.819000e+03 2.541818e+00
8.820000e+03 2.602241e+00
8.821000e+03 2.576706e+00
8.822000e+03 2.548123e+00
8.823000e+03 2.584962e+00
8.824000e+03 2.441399e+00
8.825000e+03 2.415458e+00
8.826000e+03 2.163393e+00
8.827000e+03 1.685246e+00
8.828000e+03 2.490718e+00
8.829000e+03 2.453224e+00
8.830000e+03 2.462972e+00
8.831000e+03 2.496776e+00
8.832000e+03 2.502064e+00
8.833000e+03 2.619817e+00
8.834000e+03 2.568334e+00
8.835000e+03 2.563963e+00
8.836000e+03 2.553228e+00
8.837000e+03 2.590706e+00
8.838000e+03 2.556086e+00
8.839000e+03 2.505721e+00
8.840000e+03 2.593471e+00
8.841000e+03 2.236281e+00
8.842000e+03 2.543004e+00
8.843000e+03 2.579688e+00
8.844000e+03 2.583982e+00
8.845000e+03 2.548631e+00
8.846000e+03 2.562055e+00
8.847000e+03 2.431812e+00
8.848000e+03 2.545817e+00
8.849000e+03 2.524283e+00
8.850000e+03 2.512806e+00
8.851000e+03 2.467125e+00
8.852000e+03 2.485944e+00
8.853000e+03 2.577077e+00
8.854000e+03 2.654984e+00
8.855000e+03 2.602778e+00
8.856000e+03 2.591731e+00
8.857000e+03 2.634309e+00
8.858000e+03 2.533976e+00
8.859000e+03 2.556040e+00
8.860000e+03 2.610325e+00
8.861000e+03 2.582845e+00
8.862000e+03 1.642499e+00
8.863000e+03 1.880475e+00
8.864000e+03 2.039601e+00
8.865000e+03 2.180217e+00
8.866000e+03 2.158961e+00
8.867000e+03 2.207501e+00
8.868000e+03 2.289195e+00
8.869000e+03 2.338947e+00
8.870000e+03 2.344600e+00
8.871000e+03 2.081013e+00
8.872000e+03 1.900195e+00
8.873000e+03 1.997007e+00
8.874000e+03 1.988866e+00
8.875000e+03 2.078014e+00
8.876000e+03 2.057767e+00
8.877000e+03 1.947134e+00
8.878000e+03 2.211184e+00
8.879000e+03 2.101489e+00
8.880000e+03 2.120078e+00
8.881000e+03 2.142886e+00
8.882000e+03 2.185310e+00
8.883000e+03 2.155657e+00
8.884000e+03 2.240144e+00
8.885000e+03 2.125241e+00
8.886000e+03 2.056897e+00
8.887000e+03 2.106851e+00
8.888000e+03 2.217814e+00
8.889000e+03 2.178956e+00
8.890000e+03 2.061298e+00
8.891000e+03 2.297106e+00
8.892000e+03 2.015830e+00
8.893000e+03 2.122708e+00
8.894000e+03 2.397677e+00
8.895000e+03 2.039846e+00
8.896000e+03 2.118308e+00
8.897000e+03 2.179233e+00
8.898000e+03 2.149469e+00
8.899000e+03 2.199270e+00
8.900000e+03 2.082715e+00
8.901000e+03 2.273436e+00
8.902000e+03 2.182998e+00
8.903000e+03 2.290945e+00
8.904000e+03 2.291584e+00
8.905000e+03 2.160652e+00
8.906000e+03 2.421221e+00
8.907000e+03 2.121558e+00
8.908000e+03 2.396149e+00
8.909000e+03 2.193520e+00
8.910000e+03 2.313744e+00
8.911000e+03 2.323800e+00
8.912000e+03 2.205721e+00
8.913000e+03 2.228598e+00
8.914000e+03 2.312393e+00
8.915000e+03 2.254071e+00
8.916000e+03 2.300161e+00
8.917000e+03 2.240924e+00
8.918000e+03 2.290049e+00
8.919000e+03 2.212753e+00
8.920000e+03 2.378677e+00
8.921000e+03 2.237840e+00
8.922000e+03 2.158593e+00
8.923000e+03 2.276050e+00
8.924000e+03 2.380434e+00
8.925000e+03 2.281822e+00
8.926000e+03 2.299031e+00
8.927000e+03 2.345241e+00
8.928000e+03 2.215206e+00
8.929000e+03 2.460419e+00
8.930000e+03 2.170689e+00
8.931000e+03 2.417618e+00
8.932000e+03 2.172375e+00
8.933000e+03 2.488945e+00
8.934000e+03 2.298204e+00
8.935000e+03 2.336338e+00
8.936000e+03 2.433364e+00
8.937000e+03 2.288477e+00
8.938000e+03 2.443475e+00
8.939000e+03 2.061320e+00
8.940000e+03 2.129025e+00
8.941000e+03 2.102405e+00
8.942000e+03 2.239685e+00
8.943000e+03 2.253230e+00
8.944000e+03 2.190069e+00
8.945000e+03 2.285583e+00
8.946000e+03 2.256601e+00
8.947000e+03 2.257456e+00
8.948000e+03 2.151287e+00
8.949000e+03 2.234327e+00
8.950000e+03 2.089863e+00
8.951000e+03 2.225353e+00
8.952000e+03 2.228480e+00
8.953000e+03 2.241171e+00
8.954000e+03 2.282163e+00
8.955000e+03 2.257748e+00
8.956000e+03 2.099209e+00
8.957000e+03 2.283670e+00
8.958000e+03 2.273802e+00
8.959000e+03 2.295975e+00
8.960000e+03 2.231905e+00
8.961000e+03 2.239125e+00
8.962000e+03 2.314371e+00
8.963000e+03 2.212821e+00
8.964000e+03 2.261137e+00
8.965000e+03 2.368292e+00
8.966000e+03 2.267259e+00
8.967000e+03 2.192678e+00
8.968000e+03 2.343015e+00
8.969000e+03 2.179454e+00
8.970000e+03 2.243486e+00
8.971000e+03 2.237118e+00
8.972000e+03 2.349338e+00
8.973000e+03 2.384845e+00
8.974000e+03 2.226245e+00
8.975000e+03 2.202633e+00
8.976000e+03 2.436894e+00
8.977000e+03 2.351717e+00
8.978000e+03 2.147551e+00
8.979000e+03 2.344658e+00
8.980000e+03 2.302508e+00
8.981000e+03 2.290642e+00
8.982000e+03 2.414127e+00
8.983000e+03 2.140253e+00
8.984000e+03 2.396022e+00
8.985000e+03 2.392109e+00
8.986000e+03 2.492096e+00
8.987000e+03 2.212109e+00
8.988000e+03 2.498976e+00
8.989000e+03 2.391971e+00
8.990000e+03 2.195724e+00
8.991000e+03 2.524775e+00
8.992000e+03 2.270370e+00
8.993000e+03 2.249870e+00
8.994000e+03 2.485556e+00
8.995000e+03 2.440910e+00
8.996000e+03 2.352022e+00
8.997000e+03 2.380332e+00
8.998000e+03 2.435017e+00
8.999000e+03 2.410733e+00
9.000000e+03 2.224908e+00
9.001000e+03 2.444382e+00
9.002000e+03 1.812937e+00
9.003000e+03 2.173716e+00
9.004000e+03 2.444970e+00
9.005000e+03 2.510600e+00
9.006000e+03 2.306123e+00
9.007000e+03 2.515181e+00
9.008000e+03 2.451027e+00
9.009000e+03 2.467768e+00
9.010000e+03 2.351059e+00
9.011000e+03 2.535098e+00
9.012000e+03 2.203935e+00
9.013000e+03 2.257721e+00
9.014000e+03 2.538045e+00
9.015000e+03 2.412136e+00
9.016000e+03 2.380212e+00
9.017000e+03 2.388100e+00
9.018000e+03 2.375015e+00
9.019000e+03 2.282183e+00
9.020000e+03 2.176141e+00
9.021000e+03 2.483306e+00
9.022000e+03 2.390313e+00
9.023000e+03 2.359218e+00
9.024000e+03 2.257169e+00
9.025000e+03 2.411190e+00
9.026000e+03 2.527361e+00
9.027000e+03 2.278896e+00
9.028000e+03 2.288085e+00
9.029000e+03 2.418720e+00
9.030000e+03 2.148069e+00
9.031000e+03 2.235884e+00
9.032000e+03 2.446612e+00
9.033000e+03 2.436412e+00
9.034000e+03 2.366097e+00
9.035000e+03 2.440984e+00
9.036000e+03 2.429506e+00
9.037000e+03 2.401845e+00
9.038000e+03 2.420779e+00
9.039000e+03 2.441227e+00
9.040000e+03 2.426845e+00
9.041000e+03 2.460584e+00
9.042000e+03 2.364196e+00
9.043000e+03 2.413146e+00
9.044000e+03 2.377204e+00
9.045000e+03 2.412910e+00
9.046000e+03 2.441712e+00
9.047000e+03 2.452288e+00
9.048000e+03 2.478353e+00
9.049000e+03 2.459593e+00
9.050000e+03 2.425353e+00
9.051000e+03 2.536112e+00
9.052000e+03 2.518117e+00
9.053000e+03 2.427626e+00
9.054000e+03 2.398318e+00
9.055000e+03 2.360594e+00
9.056000e+03 2.441814e+00
9.057000e+03 2.365683e+00
9.058000e+03 2.465917e+00
9.059000e+03 2.415874e+00
9.060000e+03 2.371137e+00
9.061000e+03 2.455669e+00
9.062000e+03 2.450112e+00
9.063000e+03 2.410476e+00
9.064000e+03 2.429809e+00
9.065000e+03 2.593520e+00
9.066000e+03 2.345146e+00
9.067000e+03 2.546813e+00
9.068000e+03 2.439183e+00
9.069000e+03 2.443525e+00
9.070000e+03 2.473400e+00
9.071000e+03 2.540640e+00
9.072000e+03 2.453785e+00
9.073000e+03 2.344127e+00
9.074000e+03 2.554367e+00
9.075000e+03 2.488663e+00
9.076000e+03 2.424459e+00
9.077000e+03 2.464055e+00
9.078000e+03 2.455688e+00
9.079000e+03 2.489526e+00
9.080000e+03 2.576536e+00
9.081000e+03 2.567382e+00
9.082000e+03 2.490022e+00
9.083000e+03 2.523613e+00
9.084000e+03 2.505326e+00
9.085000e+03 2.521372e+00
9.086000e+03 2.472871e+00
9.087000e+03 2.347787e+00
9.088000e+03 2.511758e+00
9.089000e+03 2.526012e+00
9.090000e+03 2.463302e+00
9.091000e+03 2.194271e+00
9.092000e+03 2.230665e+00
9.093000e+03 2.293811e+00
9.094000e+03 2.500204e+00
9.095000e+03 2.566790e+00
9.096000e+03 2.482223e+00
9.097000e+03 2.506210e+00
9.098000e+03 2.484275e+00
9.099000e+03 2.522094e+00
9.100000e+03 2.497801e+00
9.101000e+03 2.494266e+00
9.102000e+03 2.295977e+00
9.103000e+03 2.477908e+00
9.104000e+03 2.541088e+00
9.105000e+03 2.588794e+00
9.106000e+03 2.562580e+00
9.107000e+03 2.474989e+00
9.108000e+03 2.327772e+00
9.109000e+03 2.403296e+00
9.110000e+03 2.504524e+00
9.111000e+03 2.479465e+00
9.112000e+03 2.428974e+00
9.113000e+03 2.586963e+00
9.114000e+03 2.530400e+00
9.115000e+03 2.588711e+00
9.116000e+03 2.621509e+00
9.117000e+03 2.592107e+00
9.118000e+03 2.555978e+00
9.119000e+03 2.520620e+00
9.120000e+03 2.567167e+00
9.121000e+03 2.463316e+00
9.122000e+03 2.517413e+00
9.123000e+03 2.565475e+00
9.124000e+03 2.532480e+00
9.125000e+03 2.613907e+00
9.126000e+03 2.554248e+00
9.127000e+03 2.516489e+00
9.128000e+03 2.563044e+00
9.129000e+03 2.545278e+00
9.130000e+03 2.596913e+00
9.131000e+03 2.533299e+00
9.132000e+03 2.624374e+00
9.133000e+03 2.602433e+00
9.134000e+03 2.476784e+00
9.135000e+03 2.657141e+00
9.136000e+03 2.554670e+00
9.137000e+03 2.503331e+00
9.138000e+03 2.583869e+00
9.139000e+03 2.586141e+00
9.140000e+03 2.619331e+00
9.141000e+03 2.488218e+00
9.142000e+03 2.591919e+00
9.143000e+03 2.472219e+00
9.144000e+03 2.571150e+00
9.145000e+03 2.616346e+00
9.146000e+03 2.586581e+00
9.147000e+03 2.651471e+00
9.148000e+03 2.628823e+00
9.149000e+03 2.628357e+00
9.150000e+03 2.512165e+00
9.151000e+03 2.643249e+00
9.152000e+03 2.460235e+00
9.153000e+03 2.578515e+00
9.154000e+03 2.554376e+00
9.155000e+03 2.569549e+00
9.156000e+03 2.562112e+00
9.157000e+03 2.588149e+00
9.158000e+03 2.644309e+00
9.159000e+03 2.533677e+00
9.160000e+03 2.653856e+00
9.161000e+03 2.639604e+00
9.162000e+03 2.586321e+00
9.163000e+03 2.602571e+00
9.164000e+03 2.622494e+00
9.165000e+03 2.554328e+00
9.166000e+03 2.560995e+00
9.167000e+03 2.648967e+00
9.168000e+03 2.652322e+00
9.169000e+03 2.651752e+00
9.170000e+03 2.597883e+00
9.171000e+03 2.523637e+00
9.172000e+03 2.567781e+00
9.173000e+03 2.653509e+00
9.174000e+03 2.689938e+00
9.175000e+03 2.635827e+00
9.176000e+03 2.466833e+00
9.177000e+03 2.543519e+00
9.178000e+03 2.516720e+00
9.179000e+03 2.630189e+00
9.180000e+03 2.578406e+00
9.181000e+03 2.663565e+00
9.182000e+03 2.595215e+00
9.183000e+03 2.596417e+00
9.184000e+03 2.680627e+00
9.185000e+03 2.663324e+00
9.186000e+03 2.621479e+00
9.187000e+03 2.578438e+00
9.188000e+03 2.585889e+00
9.189000e+03 2.656812e+00
9.190000e+03 2.672599e+00
9.191000e+03 2.669476e+00
9.192000e+03 2.668528e+00
9.193000e+03 2.636423e+00
9.194000e+03 2.668591e+00
9.195000e+03 2.591927e+00
9.196000e+03 2.610874e+00
9.197000e+03 2.679409e+00
9.198000e+03 2.617083e+00
9.199000e+03 2.586171e+00
9.200000e+03 2.701674e+00
9.201000e+03 2.639163e+00
9.202000e+03 2.608518e+00
9.203000e+03 2.635889e+00
9.204000e+03 2.636850e+00
9.205000e+03 2.595673e+00
9.206000e+03 2.658741e+00
9.207000e+03 2.585506e+00
9.208000e+03 2.597980e+00
9.209000e+03 2.516363e+00
9.210000e+03 2.463776e+00
9.211000e+03 2.439502e+00
9.212000e+03 2.539366e+00
9.213000e+03 2.568684e+00
9.214000e+03 2.561356e+00
9.215000e+03 2.544736e+00
9.216000e+03 2.637796e+00
9.217000e+03 2.608222e+00
9.218000e+03 2.652869e+00
9.219000e+03 2.483086e+00
9.220000e+03 2.539600e+00
9.221000e+03 2.509254e+00
9.222000e+03 2.409928e+00
9.223000e+03 2.566737e+00
9.224000e+03 2.530250e+00
9.225000e+03 2.535987e+00
9.226000e+03 2.521802e+00
9.227000e+03 2.550736e+00
9.228000e+03 2.537801e+00
9.229000e+03 2.531298e+00
9.230000e+03 2.584426e+00
9.231000e+03 2.483490e+00
9.232000e+03 2.491150e+00
9.233000e+03 2.468282e+00
9.234000e+03 2.514491e+00
9.235000e+03 2.431056e+00
9.236000e+03 2.510785e+00
9.237000e+03 2.486851e+00
9.238000e+03 2.531669e+00
9.239000e+03 2.489864e+00
9.240000e+03 2.556073e+00
9.241000e+03 2.492670e+00
9.242000e+03 2.543435e+00
9.243000e+03 2.515117e+00
9.244000e+03 2.578646e+00
9.245000e+03 2.567687e+00
9.246000e+03 2.551448e+00
9.247000e+03 2.540743e+00
9.248000e+03 2.516155e+00
9.249000e+03 2.449713e+00
9.250000e+03 2.481859e+00
9.251000e+03 2.540394e+00
9.252000e+03 2.501171e+00
9.253000e+03 2.462162e+00
9.254000e+03 2.519343e+00
9.255000e+03 2.467679e+00
9.256000e+03 2.505922e+00
9.257000e+03 2.525909e+00
9.258000e+03 2.464514e+00
9.259000e+03 2.513170e+00
9.260000e+03 2.514807e+00
9.261000e+03 2.579136e+00
9.262000e+03 2.491142e+00
9.263000e+03 2.498312e+00
9.264000e+03 2.525678e+00
9.265000e+03 2.549167e+00
9.266000e+03 2.457571e+00
9.267000e+03 2.497215e+00
9.268000e+03 2.557208e+00
9.269000e+03 2.515842e+00
9.270000e+03 2.492607e+00
9.271000e+03 2.561611e+00
9.272000e+03 2.550022e+00
9.273000e+03 2.558817e+00
9.274000e+03 2.574916e+00
9.275000e+03 2.512053e+00
9.276000e+03 2.405769e+00
9.277000e+03 2.488357e+00
9.278000e+03 2.477846e+00
9.279000e+03 2.530999e+00
9.280000e+03 2.409008e+00
9.281000e+03 2.465040e+00
9.282000e+03 2.476142e+00
9.283000e+03 2.411400e+00
9.284000e+03 2.563847e+00
9.285000e+03 2.430228e+00
9.286000e+03 2.464472e+00
9.287000e+03 2.473301e+00
9.288000e+03 2.522244e+00
9.289000e+03 2.496504e+00
9.290000e+03 2.504160e+00
9.291000e+03 2.463393e+00
9.292000e+03 2.443335e+00
9.293000e+03 2.135525e+00
9.294000e+03 2.402009e+00
9.295000e+03 2.475296e+00
9.296000e+03 2.486611e+00
9.297000e+03 2.367526e+00
9.298000e+03 2.509734e+00
9.299000e+03 2.283698e+00
9.300000e+03 2.484623e+00
9.301000e+03 2.380793e+00
9.302000e+03 2.453136e+00
9.303000e+03 2.390395e+00
9.304000e+03 2.422833e+00
9.305000e+03 2.518118e+00
9.306000e+03 2.473046e+00
9.307000e+03 2.488722e+00
9.308000e+03 2.341347e+00
9.309000e+03 2.468983e+00
9.310000e+03 2.506083e+00
9.311000e+03 2.509025e+00
9.312000e+03 2.508658e+00
9.313000e+03 2.480145e+00
9.314000e+03 2.476684e+00
9.315000e+03 2.438813e+00
9.316000e+03 2.517002e+00
9.317000e+03 2.480468e+00
9.318000e+03 2.494120e+00
9.319000e+03 2.339148e+00
9.320000e+03 2.490701e+00
9.321000e+03 2.450306e+00
9.322000e+03 2.427526e+00
9.323000e+03 2.468353e+00
9.324000e+03 2.464379e+00
9.325000e+03 2.523891e+00
9.326000e+03 2.410884e+00
9.327000e+03 2.489794e+00
9.328000e+03 2.487559e+00
9.329000e+03 2.441029e+00
9.330000e+03 2.478811e+00
9.331000e+03 2.472996e+00
9.332000e+03 2.485232e+00
9.333000e+03 2.524904e+00
9.334000e+03 2.487723e+00
9.335000e+03 2.470249e+00
9.336000e+03 2.515309e+00
9.337000e+03 2.449903e+00
9.338000e+03 2.442481e+00
9.339000e+03 2.471648e+00
9.340000e+03 2.507384e+00
9.341000e+03 2.562411e+00
9.342000e+03 2.537787e+00
9.343000e+03 2.389166e+00
9.344000e+03 2.513053e+00
9.345000e+03 2.375162e+00
9.346000e+03 2.517045e+00
9.347000e+03 2.432933e+00
9.348000e+03 2.501625e+00
9.349000e+03 2.484395e+00
9.350000e+03 2.458612e+00
9.351000e+03 2.506707e+00
9.352000e+03 2.471739e+00
9.353000e+03 2.383431e+00
9.354000e+03 2.404831e+00
9.355000e+03 2.395549e+00
9.356000e+03 2.527914e+00
9.357000e+03 2.458672e+00
9.358000e+03 2.500751e+00
9.359000e+03 2.509864e+00
9.360000e+03 2.404853e+00
9.361000e+03 2.489780e+00
9.362000e+03 2.438984e+00
9.363000e+03 2.488037e+00
9.364000e+03 2.508968e+00
9.365000e+03 2.373861e+00
9.366000e+03 2.494590e+00
9.367000e+03 2.488037e+00
9.368000e+03 2.320607e+00
9.369000e+03 2.516896e+00
9.370000e+03 2.427914e+00
9.371000e+03 2.468169e+00
9.372000e+03 2.434574e+00
9.373000e+03 2.521954e+00
9.374000e+03 2.463817e+00
9.375000e+03 2.491508e+00
9.376000e+03 2.493254e+00
9.377000e+03 2.526572e+00
9.378000e+03 2.506017e+00
9.379000e+03 2.530850e+00
9.380000e+03 2.420965e+00
9.381000e+03 2.529908e+00
9.382000e+03 2.507449e+00
9.383000e+03 2.344191e+00
9.384000e+03 2.507535e+00
9.385000e+03 2.531114e+00
9.386000e+03 2.481112e+00
9.387000e+03 2.514608e+00
9.388000e+03 2.521103e+00
9.389000e+03 2.479080e+00
9.390000e+03 2.478404e+00
9.391000e+03 2.519913e+00
9.392000e+03 2.461146e+00
9.393000e+03 2.399521e+00
9.394000e+03 2.543078e+00
9.395000e+03 2.467393e+00
9.396000e+03 2.482254e+00
9.397000e+03 2.523312e+00
9.398000e+03 2.408325e+00
9.399000e+03 2.472403e+00
9.400000e+03 2.549459e+00
9.401000e+03 2.481462e+00
9.402000e+03 2.494625e+00
9.403000e+03 2.533986e+00
9.404000e+03 2.480182e+00
9.405000e+03 2.491064e+00
9.406000e+03 2.473062e+00
9.407000e+03 2.458259e+00
9.408000e+03 2.542598e+00
9.409000e+03 2.479092e+00
9.410000e+03 2.558978e+00
9.411000e+03 2.490390e+00
9.412000e+03 2.516015e+00
9.413000e+03 2.502295e+00
9.414000e+03 2.503700e+00
9.415000e+03 2.416520e+00
9.416000e+03 2.511900e+00
9.417000e+03 2.480812e+00
9.418000e+03 2.443449e+00
9.419000e+03 2.506746e+00
9.420000e+03 2.453011e+00
9.421000e+03 2.551144e+00
9.422000e+03 2.545748e+00
9.423000e+03 2.462104e+00
9.424000e+03 2.483255e+00
9.425000e+03 2.494694e+00
9.426000e+03 2.498836e+00
9.427000e+03 2.474574e+00
9.428000e+03 2.541360e+00
9.429000e+03 2.499466e+00
9.430000e+03 2.557595e+00
9.431000e+03 2.438415e+00
9.432000e+03 2.531383e+00
9.433000e+03 2.487920e+00
9.434000e+03 2.563436e+00
9.435000e+03 2.524387e+00
9.436000e+03 2.538288e+00
9.437000e+03 2.468767e+00
9.438000e+03 2.522871e+00
9.439000e+03 2.430706e+00
9.440000e+03 2.427875e+00
9.441000e+03 2.506721e+00
9.442000e+03 2.502118e+00
9.443000e+03 2.501463e+00
9.444000e+03 2.454662e+00
9.445000e+03 2.489038e+00
9.446000e+03 2.446123e+00
9.447000e+03 2.460776e+00
9.448000e+03 2.471846e+00
9.449000e+03 2.349594e+00
9.450000e+03 2.227660e+00
9.451000e+03 2.539388e+00
9.452000e+03 2.548499e+00
9.453000e+03 2.496728e+00
9.454000e+03 2.540195e+00
9.455000e+03 2.546301e+00
9.456000e+03 2.541332e+00
9.457000e+03 2.463005e+00
9.458000e+03 2.437193e+00
9.459000e+03 2.477891e+00
9.460000e+03 2.559432e+00
9.461000e+03 2.508566e+00
9.462000e+03 2.547271e+00
9.463000e+03 2.524944e+00
9.464000e+03 2.466019e+00
9.465000e+03 2.528363e+00
9.466000e+03 2.517467e+00
9.467000e+03 2.462375e+00
9.468000e+03 2.496163e+00
9.469000e+03 2.511414e+00
9.470000e+03 2.545229e+00
9.471000e+03 2.470625e+00
9.472000e+03 2.531616e+00
9.473000e+03 2.533984e+00
9.474000e+03 2.572816e+00
9.475000e+03 2.532495e+00
9.476000e+03 2.538644e+00
9.477000e+03 2.523405e+00
9.478000e+03 2.530223e+00
9.479000e+03 2.603972e+00
9.480000e+03 2.570930e+00
9.481000e+03 2.559400e+00
9.482000e+03 2.601919e+00
9.483000e+03 2.467704e+00
9.484000e+03 2.436278e+00
9.485000e+03 2.522909e+00
9.486000e+03 2.540275e+00
9.487000e+03 2.555795e+00
9.488000e+03 2.570490e+00
9.489000e+03 2.536890e+00
9.490000e+03 2.547404e+00
9.491000e+03 2.552708e+00
9.492000e+03 2.540717e+00
9.493000e+03 2.561329e+00
9.494000e+03 2.592505e+00
9.495000e+03 2.548781e+00
9.496000e+03 2.500731e+00
9.497000e+03 2.539804e+00
9.498000e+03 2.525239e+00
9.499000e+03 2.619572e+00
9.500000e+03 2.578215e+00
9.501000e+03 2.538553e+00
9.502000e+03 2.599205e+00
9.503000e+03 2.467110e+00
9.504000e+03 2.526277e+00
9.505000e+03 2.468199e+00
9.506000e+03 2.588600e+00
9.507000e+03 2.591832e+00
9.508000e+03 2.542684e+00
9.509000e+03 2.463064e+00
9.510000e+03 2.553244e+00
9.511000e+03 2.488152e+00
9.512000e+03 2.508743e+00
9.513000e+03 2.536154e+00
9.514000e+03 2.518980e+00
9.515000e+03 2.516428e+00
9.516000e+03 2.486122e+00
9.517000e+03 2.559812e+00
9.518000e+03 2.487551e+00
9.519000e+03 2.522453e+00
9.520000e+03 2.567308e+00
9.521000e+03 2.539442e+00
9.522000e+03 2.548097e+00
9.523000e+03 2.587062e+00
9.524000e+03 2.563424e+00
9.525000e+03 2.527380e+00
9.526000e+03 2.560453e+00
9.527000e+03 2.583412e+00
9.528000e+03 2.532320e+00
9.529000e+03 2.549785e+00
9.530000e+03 2.558035e+00
9.531000e+03 2.482544e+00
9.532000e+03 2.575404e+00
9.533000e+03 2.591004e+00
9.534000e+03 2.526368e+00
9.535000e+03 2.546230e+00
9.536000e+03 2.538401e+00
9.537000e+03 2.499655e+00
9.538000e+03 2.473850e+00
9.539000e+03 2.502039e+00
9.540000e+03 2.529589e+00
9.541000e+03 2.550625e+00
9.542000e+03 2.521167e+00
9.543000e+03 2.489099e+00
9.544000e+03 2.599688e+00
9.545000e+03 2.544418e+00
9.546000e+03 2.511010e+00
9.547000e+03 2.546282e+00
9.548000e+03 2.397855e+00
9.549000e+03 1.938068e+00
9.550000e+03 2.493325e+00
9.551000e+03 2.458585e+00
9.552000e+03 2.578625e+00
9.553000e+03 2.563248e+00
9.554000e+03 2.550543e+00
9.555000e+03 2.513108e+00
9.556000e+03 2.551967e+00
9.557000e+03 2.552866e+00
9.558000e+03 2.571302e+00
9.559000e+03 2.492048e+00
9.560000e+03 2.560165e+00
9.561000e+03 2.528748e+00
9.562000e+03 2.525787e+00
9.563000e+03 2.606031e+00
9.564000e+03 2.560226e+00
9.565000e+03 2.540345e+00
9.566000e+03 2.472946e+00
9.567000e+03 2.602594e+00
9.568000e+03 2.573511e+00
9.569000e+03 2.522160e+00
9.570000e+03 2.564846e+00
9.571000e+03 2.502848e+00
9.572000e+03 2.553927e+00
9.573000e+03 2.579841e+00
9.574000e+03 2.432537e+00
9.575000e+03 2.559167e+00
9.576000e+03 2.566470e+00
9.577000e+03 2.252015e+00
9.578000e+03 2.504185e+00
9.579000e+03 2.586267e+00
9.580000e+03 2.532445e+00
9.581000e+03 2.536168e+00
9.582000e+03 2.590749e+00
9.583000e+03 2.577398e+00
9.584000e+03 2.515774e+00
9.585000e+03 2.592361e+00
9.586000e+03 2.578613e+00
9.587000e+03 2.558638e+00
9.588000e+03 2.605200e+00
9.589000e+03 2.568388e+00
9.590000e+03 2.539239e+00
9.591000e+03 2.574448e+00
9.592000e+03 2.528335e+00
9.593000e+03 2.532155e+00
9.594000e+03 2.569667e+00
9.595000e+03 2.572617e+00
9.596000e+03 2.559115e+00
9.597000e+03 2.571206e+00
9.598000e+03 2.508199e+00
9.599000e+03 2.528262e+00
9.600000e+03 2.453881e+00
9.601000e+03 2.493216e+00
9.602000e+03 1.799654e+00
9.603000e+03 2.393283e+00
9.604000e+03 2.494255e+00
9.605000e+03 2.553245e+00
9.606000e+03 2.496994e+00
9.607000e+03 2.450597e+00
9.608000e+03 2.561358e+00
9.609000e+03 2.548115e+00
9.610000e+03 2.553390e+00
9.611000e+03 2.509948e+00
9.612000e+03 2.556072e+00
9.613000e+03 2.582512e+00
9.614000e+03 2.574283e+00
9.615000e+03 2.523176e+00
9.616000e+03 2.560077e+00
9.617000e+03 2.547425e+00
9.618000e+03 2.569804e+00
9.619000e+03 2.547626e+00
9.620000e+03 2.537501e+00
9.621000e+03 2.576759e+00
9.622000e+03 2.566949e+00
9.623000e+03 2.561078e+00
9.624000e+03 2.579262e+00
9.625000e+03 2.594156e+00
9.626000e+03 2.605594e+00
9.627000e+03 2.567455e+00
9.628000e+03 2.586883e+00
9.629000e+03 2.541974e+00
9.630000e+03 2.589679e+00
9.631000e+03 2.525253e+00
9.632000e+03 2.508396e+00
9.633000e+03 2.603986e+00
9.634000e+03 2.556221e+00
9.635000e+03 2.569821e+00
9.636000e+03 2.582935e+00
9.637000e+03 2.564326e+00
9.638000e+03 2.492852e+00
9.639000e+03 2.429668e+00
9.640000e+03 2.169465e+00
9.641000e+03 1.317377e+00
9.642000e+03 2.251883e+00
9.643000e+03 2.421725e+00
9.644000e+03 2.500637e+00
9.645000e+03 2.557385e+00
9.646000e+03 2.489645e+00
9.647000e+03 2.555325e+00
9.648000e+03 2.520850e+00
9.649000e+03 2.483551e+00
9.650000e+03 1.748183e+00
9.651000e+03 2.481022e+00
9.652000e+03 2.521177e+00
9.653000e+03 2.508673e+00
9.654000e+03 2.481877e+00
9.655000e+03 2.477355e+00
9.656000e+03 2.513338e+00
9.657000e+03 2.540205e+00
9.658000e+03 2.537522e+00
9.659000e+03 2.557914e+00
9.660000e+03 2.565459e+00
9.661000e+03 2.607852e+00
9.662000e+03 2.568242e+00
9.663000e+03 2.525808e+00
9.664000e+03 2.513651e+00
9.665000e+03 2.567662e+00
9.666000e+03 2.510641e+00
9.667000e+03 2.551613e+00
9.668000e+03 2.587893e+00
9.669000e+03 2.572890e+00
9.670000e+03 2.434955e+00
9.671000e+03 2.567272e+00
9.672000e+03 2.487703e+00
9.673000e+03 2.286993e+00
9.674000e+03 2.522405e+00
9.675000e+03 2.514121e+00
9.676000e+03 2.516435e+00
9.677000e+03 2.355881e+00
9.678000e+03 1.448600e+00
9.679000e+03 2.170623e+00
9.680000e+03 2.510056e+00
9.681000e+03 2.551058e+00
9.682000e+03 2.488596e+00
9.683000e+03 2.584146e+00
9.684000e+03 2.566517e+00
9.685000e+03 2.554920e+00
9.686000e+03 2.474229e+00
9.687000e+03 2.557967e+00
9.688000e+03 2.562053e+00
9.689000e+03 2.610076e+00
9.690000e+03 2.550938e+00
9.691000e+03 2.194052e+00
9.692000e+03 2.106605e+00
9.693000e+03 2.561053e+00
9.694000e+03 2.552200e+00
9.695000e+03 2.584646e+00
9.696000e+03 2.582152e+00
9.697000e+03 2.539119e+00
9.698000e+03 2.560939e+00
9.699000e+03 2.623664e+00
9.700000e+03 2.601495e+00
9.701000e+03 2.553254e+00
9.702000e+03 2.585254e+00
9.703000e+03 2.592326e+00
9.704000e+03 2.532523e+00
9.705000e+03 2.549659e+00
9.706000e+03 2.513532e+00
9.707000e+03 2.459830e+00
9.708000e+03 1.644864e+00
9.709000e+03 2.162272e+00
9.710000e+03 2.509904e+00
9.711000e+03 2.538083e+00
9.712000e+03 2.555512e+00
9.713000e+03 2.594888e+00
9.714000e+03 2.563977e+00
9.715000e+03 2.508515e+00
9.716000e+03 2.608582e+00
9.717000e+03 2.571473e+00
9.718000e+03 2.546823e+00
9.719000e+03 2.560602e+00
9.720000e+03 2.416503e+00
9.721000e+03 2.481496e+00
9.722000e+03 2.239286e+00
9.723000e+03 2.453786e+00
9.724000e+03 2.390597e+00
9.725000e+03 2.471561e+00
9.726000e+03 2.468756e+00
9.727000e+03 2.520193e+00
9.728000e+03 2.450127e+00
9.729000e+03 2.442139e+00
9.730000e+03 2.384073e+00
9.731000e+03 1.597014e+00
9.732000e+03 2.352001e+00
9.733000e+03 2.464938e+00
9.734000e+03 2.551835e+00
9.735000e+03 2.556131e+00
9.736000e+03 2.498830e+00
9.737000e+03 2.265383e+00
9.738000e+03 2.479724e+00
9.739000e+03 2.473598e+00
9.740000e+03 2.407010e+00
9.741000e+03 2.459249e+00
9.742000e+03 2.449502e+00
9.743000e+03 2.495647e+00
9.744000e+03 2.484872e+00
9.745000e+03 2.438129e+00
9.746000e+03 1.702883e+00
9.747000e+03 2.268110e+00
9.748000e+03 2.471319e+00
9.749000e+03 2.417192e+00
9.750000e+03 2.356046e+00
9.751000e+03 2.527553e+00
9.752000e+03 2.510480e+00
9.753000e+03 2.513482e+00
9.754000e+03 2.529710e+00
9.755000e+03 2.450588e+00
9.756000e+03 2.509609e+00
9.757000e+03 2.503986e+00
9.758000e+03 2.503584e+00
9.759000e+03 2.506614e+00
9.760000e+03 2.541939e+00
9.761000e+03 2.498098e+00
9.762000e+03 2.522611e+00
9.763000e+03 2.572666e+00
9.764000e+03 2.492517e+00
9.765000e+03 2.510833e+00
9.766000e+03 2.565306e+00
9.767000e+03 2.515556e+00
9.768000e+03 2.573770e+00
9.769000e+03 2.520046e+00
9.770000e+03 2.527719e+00
9.771000e+03 2.445380e+00
9.772000e+03 2.432504e+00
9.773000e+03 1.848180e+00
9.774000e+03 2.419627e+00
9.775000e+03 2.504600e+00
9.776000e+03 2.541759e+00
9.777000e+03 2.526185e+00
9.778000e+03 2.563528e+00
9.779000e+03 2.491996e+00
9.780000e+03 2.564821e+00
9.781000e+03 2.508967e+00
9.782000e+03 2.549132e+00
9.783000e+03 2.504327e+00
9.784000e+03 2.509161e+00
9.785000e+03 2.406722e+00
9.786000e+03 1.417326e+00
9.787000e+03 2.298309e+00
9.788000e+03 2.480062e+00
9.789000e+03 2.447337e+00
9.790000e+03 1.894770e+00
9.791000e+03 2.266603e+00
9.792000e+03 2.469403e+00
9.793000e+03 2.514905e+00
9.794000e+03 2.543048e+00
9.795000e+03 2.463631e+00
9.796000e+03 2.566252e+00
9.797000e+03 2.586324e+00
9.798000e+03 2.472648e+00
9.799000e+03 2.568486e+00
9.800000e+03 2.504747e+00
9.801000e+03 2.572294e+00
9.802000e+03 2.519983e+00
9.803000e+03 2.551580e+00
9.804000e+03 2.557651e+00
9.805000e+03 2.487319e+00
9.806000e+03 2.599677e+00
9.807000e+03 2.556563e+00
9.808000e+03 2.515478e+00
9.809000e+03 2.457094e+00
9.810000e+03 2.361131e+00
9.811000e+03 2.511059e+00
9.812000e+03 2.480794e+00
9.813000e+03 2.522454e+00
9.814000e+03 2.540050e+00
9.815000e+03 2.455887e+00
9.816000e+03 2.446663e+00
9.817000e+03 2.513248e+00
9.818000e+03 2.514406e+00
9.819000e+03 2.553626e+00
9.820000e+03 2.462401e+00
9.821000e+03 2.544840e+00
9.822000e+03 2.516737e+00
9.823000e+03 2.508955e+00
9.824000e+03 2.453648e+00
9.825000e+03 2.479755e+00
9.826000e+03 2.477561e+00
9.827000e+03 2.505654e+00
9.828000e+03 2.455127e+00
9.829000e+03 2.497804e+00
9.830000e+03 2.488402e+00
9.831000e+03 2.480704e+00
9.832000e+03 2.489992e+00
9.833000e+03 2.481300e+00
9.834000e+03 2.480490e+00
9.835000e+03 2.352953e+00
9.836000e+03 2.408088e+00
9.837000e+03 2.503336e+00
9.838000e+03 2.421536e+00
9.839000e+03 2.440348e+00
9.840000e+03 2.478960e+00
9.841000e+03 2.549038e+00
9.842000e+03 2.487956e+00
9.843000e+03 2.488886e+00
9.844000e+03 2.538374e+00
9.845000e+03 2.520266e+00
9.846000e+03 2.479750e+00
9.847000e+03 2.522837e+00
9.848000e+03 2.518911e+00
9.849000e+03 2.497168e+00
9.850000e+03 2.493497e+00
9.851000e+03 2.564586e+00
9.852000e+03 2.474571e+00
9.853000e+03 2.518580e+00
9.854000e+03 2.563116e+00
9.855000e+03 2.454118e+00
9.856000e+03 2.602920e+00
9.857000e+03 2.558405e+00
9.858000e+03 2.520023e+00
9.859000e+03 2.545306e+00
9.860000e+03 2.530267e+00
9.861000e+03 2.573146e+00
9.862000e+03 2.473805e+00
9.863000e+03 2.553835e+00
9.864000e+03 2.521224e+00
9.865000e+03 2.547029e+00
9.866000e+03 2.482004e+00
9.867000e+03 2.581986e+00
9.868000e+03 2.473861e+00
9.869000e+03 2.536356e+00
9.870000e+03 2.552443e+00
9.871000e+03 2.556596e+00
9.872000e+03 2.412665e+00
9.873000e+03 2.601729e+00
9.874000e+03 2.489618e+00
9.875000e+03 2.557632e+00
9.876000e+03 2.528418e+00
9.877000e+03 2.559195e+00
9.878000e+03 2.558171e+00
9.879000e+03 2.563881e+00
9.880000e+03 2.551179e+00
9.881000e+03 2.593469e+00
9.882000e+03 2.508742e+00
9.883000e+03 2.551011e+00
9.884000e+03 2.561795e+00
9.885000e+03 2.546971e+00
9.886000e+03 2.582364e+00
9.887000e+03 2.532530e+00
9.888000e+03 2.601919e+00
9.889000e+03 2.545957e+00
9.890000e+03 2.513248e+00
9.891000e+03 2.581980e+00
9.892000e+03 2.531884e+00
9.893000e+03 2.593279e+00
9.894000e+03 2.532734e+00
9.895000e+03 2.593789e+00
9.896000e+03 2.452256e+00
9.897000e+03 2.446459e+00
9.898000e+03 2.520192e+00
9.899000e+03 2.139182e+00
9.900000e+03 2.405093e+00
9.901000e+03 2.245502e+00
9.902000e+03 2.475513e+00
9.903000e+03 2.525314e+00
9.904000e+03 2.300801e+00
9.905000e+03 2.314974e+00
9.906000e+03 2.109390e+00
9.907000e+03 2.517398e+00
9.908000e+03 2.353785e+00
9.909000e+03 2.075269e+00
9.910000e+03 1.889340e+00
9.911000e+03 2.334330e+00
9.912000e+03 2.322188e+00
9.913000e+03 1.972746e+00
9.914000e+03 2.518429e+00
9.915000e+03 2.117458e+00
9.916000e+03 2.171880e+00
9.917000e+03 2.103475e+00
9.918000e+03 2.099511e+00
9.919000e+03 2.337067e+00
9.920000e+03 2.069158e+00
9.921000e+03 1.993462e+00
9.922000e+03 2.542012e+00
9.923000e+03 2.301966e+00
9.924000e+03 2.230004e+00
9.925000e+03 2.373438e+00
9.926000e+03 1.877424e+00
9.927000e+03 2.249287e+00
9.928000e+03 2.346777e+00
9.929000e+03 2.323101e+00
9.930000e+03 2.109659e+00
9.931000e+03 2.560985e+00
9.932000e+03 2.258796e+00
9.933000e+03 2.410250e+00
9.934000e+03 2.350811e+00
9.935000e+03 2.401066e+00
9.936000e+03 2.125017e+00
9.937000e+03 2.024541e+00
9.938000e+03 2.428597e+00
9.939000e+03 2.375622e+00
9.940000e+03 2.542708e+00
9.941000e+03 2.532799e+00
9.942000e+03 2.214369e+00
9.943000e+03 2.503656e+00
9.944000e+03 2.514800e+00
9.945000e+03 2.413839e+00
9.946000e+03 2.352162e+00
9.947000e+03 2.369681e+00
9.948000e+03 2.188678e+00
9.949000e+03 2.497168e+00
9.950000e+03 2.575601e+00
9.951000e+03 2.393799e+00
9.952000e+03 2.340884e+00
9.953000e+03 2.308793e+00
9.954000e+03 2.580014e+00
9.955000e+03 2.537388e+00
9.956000e+03 2.569799e+00
9.957000e+03 2.167422e+00
9.958000e+03 2.575851e+00
9.959000e+03 2.398959e+00
9.960000e+03 2.356508e+00
9.961000e+03 2.355757e+00
9.962000e+03 2.540832e+00
9.963000e+03 2.353789e+00
9.964000e+03 2.148862e+00
9.965000e+03 2.292976e+00
9.966000e+03 2.553489e+00
9.967000e+03 2.513749e+00
9.968000e+03 2.564536e+00
9.969000e+03 2.522784e+00
9.970000e+03 2.512343e+00
9.971000e+03 2.301658e+00
9.972000e+03 2.493385e+00
9.973000e+03 2.155527e+00
9.974000e+03 2.301217e+00
9.975000e+03 2.348930e+00
9.976000e+03 2.394822e+00
9.977000e+03 2.215736e+00
9.978000e+03 2.281721e+00
9.979000e+03 2.431440e+00
9.980000e+03 2.538740e+00
9.981000e+03 2.455669e+00
9.982000e+03 2.474918e+00
9.983000e+03 2.409595e+00
9.984000e+03 2.447755e+00
9.985000e+03 2.430248e+00
9.986000e+03 1.930384e+00
9.987000e+03 2.380872e+00
9.988000e+03 2.253142e+00
9.989000e+03 2.241401e+00
9.990000e+03 2.550356e+00
9.991000e+03 2.491875e+00
9.992000e+03 2.159491e+00
9.993000e+03 2.210583e+00
9.994000e+03 2.407968e+00
9.995000e+03 2.404941e+00
9.996000e+03 2.520575e+00
9.997000e+03 2.539909e+00
9.998000e+03 2.330364e+00
9.999000e+03 2.175376e+00
1.000000e+04 2.347774e+00
1.000100e+04 2.235145e+00
1.000200e+04 2.535780e+00
1.000300e+04 2.339087e+00
1.000400e+04 2.499896e+00
1.000500e+04 2.458619e+00
1.000600e+04 2.414115e+00
1.000700e+04 2.316837e+00
1.000800e+04 2.460173e+00
1.000900e+04 2.511928e+00
1.001000e+04 2.231624e+00
1.001100e+04 2.474009e+00
1.001200e+04 2.233154e+00
1.001300e+04 2.357720e+00
1.001400e+04 2.317694e+00
1.001500e+04 2.339105e+00
1.001600e+04 2.504488e+00
1.001700e+04 2.319169e+00
1.001800e+04 2.508099e+00
1.001900e+04 2.420476e+00
1.002000e+04 2.486945e+00
1.002100e+04 2.509545e+00
1.002200e+04 2.358775e+00
1.002300e+04 2.331700e+00
1.002400e+04 2.385238e+00
1.002500e+04 2.248086e+00
1.002600e+04 2.504325e+00
1.002700e+04 2.510140e+00
1.002800e+04 2.437208e+00
1.002900e+04 2.474728e+00
1.003000e+04 2.276223e+00
1.003100e+04 2.499616e+00
1.003200e+04 2.510969e+00
1.003300e+04 2.361954e+00
1.003400e+04 2.410508e+00
1.003500e+04 2.436601e+00
1.003600e+04 2.354719e+00
1.003700e+04 2.207139e+00
1.003800e+04 2.419224e+00
1.003900e+04 2.248379e+00
1.004000e+04 2.260430e+00
1.004100e+04 2.470975e+00
1.004200e+04 2.391334e+00
1.004300e+04 2.503661e+00
1.004400e+04 2.296534e+00
1.004500e+04 2.508880e+00
1.004600e+04 2.501911e+00
1.004700e+04 2.473872e+00
1.004800e+04 2.326877e+00
1.004900e+04 2.401044e+00
1.005000e+04 2.497980e+00
1.005100e+04 2.334301e+00
1.005200e+04 2.191117e+00
1.005300e+04 2.203111e+00
1.005400e+04 2.167273e+00
1.005500e+04 2.409216e+00
1.005600e+04 2.258945e+00
1.005700e+04 2.196735e+00
1.005800e+04 2.287290e+00
1.005900e+04 2.060210e+00
1.006000e+04 2.407412e+00
1.006100e+04 2.315225e+00
1.006200e+04 2.194812e+00
1.006300e+04 2.330703e+00
1.006400e+04 2.249162e+00
1.006500e+04 2.317520e+00
1.006600e+04 2.309811e+00
1.006700e+04 2.198284e+00
1.006800e+04 2.428960e+00
1.006900e+04 2.394923e+00
1.007000e+04 2.493116e+00
1.007100e+04 2.453117e+00
1.007200e+04 2.341918e+00
1.007300e+04 2.460218e+00
1.007400e+04 2.347365e+00
1.007500e+04 2.118565e+00
1.007600e+04 2.462417e+00
1.007700e+04 2.505045e+00
1.007800e+04 2.448689e+00
1.007900e+04 2.373912e+00
1.008000e+04 2.421199e+00
1.008100e+04 2.547170e+00
1.008200e+04 2.444894e+00
1.008300e+04 2.353209e+00
1.008400e+04 2.494058e+00
1.008500e+04 2.491694e+00
1.008600e+04 2.353919e+00
1.008700e+04 2.436497e+00
1.008800e+04 2.432425e+00
1.008900e+04 2.427904e+00
1.009000e+04 2.467907e+00
1.009100e+04 2.501084e+00
1.009200e+04 2.073509e+00
1.009300e+04 2.459988e+00
1.009400e+04 2.483217e+00
1.009500e+04 2.359062e+00
1.009600e+04 2.320376e+00
1.009700e+04 2.321667e+00
1.009800e+04 2.449112e+00
1.009900e+04 2.370438e+00
1.010000e+04 2.412228e+00
1.010100e+04 2.540507e+00
1.010200e+04 2.468239e+00
1.010300e+04 2.541887e+00
1.010400e+04 2.483031e+00
1.010500e+04 2.509091e+00
1.010600e+04 2.365724e+00
1.010700e+04 2.549956e+00
1.010800e+04 2.378109e+00
1.010900e+04 2.488894e+00
1.011000e+04 2.419868e+00
1.011100e+04 2.337302e+00
1.011200e+04 2.317891e+00
1.011300e+04 2.414966e+00
1.011400e+04 2.352746e+00
1.011500e+04 2.353271e+00
1.011600e+04 2.438274e+00
1.011700e+04 2.563129e+00
1.011800e+04 2.350833e+00
1.011900e+04 2.237650e+00
1.012000e+04 2.252177e+00
1.012100e+04 2.517552e+00
1.012200e+04 2.388155e+00
1.012300e+04 2.469033e+00
1.012400e+04 2.514440e+00
1.012500e+04 2.532751e+00
1.012600e+04 2.425420e+00
1.012700e+04 2.253474e+00
1.012800e+04 2.559153e+00
1.012900e+04 2.564357e+00
1.013000e+04 2.252089e+00
1.013100e+04 2.535969e+00
1.013200e+04 2.520938e+00
1.013300e+04 2.549094e+00
1.013400e+04 2.527379e+00
1.013500e+04 2.374636e+00
1.013600e+04 2.352594e+00
1.013700e+04 2.422604e+00
1.013800e+04 2.356981e+00
1.013900e+04 2.073776e+00
1.014000e+04 2.559774e+00
1.014100e+04 2.345368e+00
1.014200e+04 2.332182e+00
1.014300e+04 2.352323e+00
1.014400e+04 2.563687e+00
1.014500e+04 2.440184e+00
1.014600e+04 2.420731e+00
1.014700e+04 2.439247e+00
1.014800e+04 2.501562e+00
1.014900e+04 2.270240e+00
1.015000e+04 2.138526e+00
1.015100e+04 2.525418e+00
1.015200e+04 2.423340e+00
1.015300e+04 2.547931e+00
1.015400e+04 2.353902e+00
1.015500e+04 2.527220e+00
1.015600e+04 2.385917e+00
1.015700e+04 2.334627e+00
1.015800e+04 2.438125e+00
1.015900e+04 2.297324e+00
1.016000e+04 2.311061e+00
1.016100e+04 2.311836e+00
1.016200e+04 2.540883e+00
1.016300e+04 2.499350e+00
1.016400e+04 2.365798e+00
1.016500e+04 2.185045e+00
1.016600e+04 2.488344e+00
1.016700e+04 2.335272e+00
1.016800e+04 2.323321e+00
1.016900e+04 2.521991e+00
1.017000e+04 2.462366e+00
1.017100e+04 2.552225e+00
1.017200e+04 2.270752e+00
1.017300e+04 2.406025e+00
1.017400e+04 2.192786e+00
1.017500e+04 2.428355e+00
1.017600e+04 2.488972e+00
1.017700e+04 2.543882e+00
1.017800e+04 2.501411e+00
1.017900e+04 2.499932e+00
1.018000e+04 2.398102e+00
1.018100e+04 2.277876e+00
1.018200e+04 2.509743e+00
1.018300e+04 2.316301e+00
1.018400e+04 2.488217e+00
1.018500e+04 2.290930e+00
1.018600e+04 2.269766e+00
1.018700e+04 2.493180e+00
1.018800e+04 2.190130e+00
1.018900e+04 2.307241e+00
1.019000e+04 2.493039e+00
1.019100e+04 2.532036e+00
1.019200e+04 2.367918e+00
1.019300e+04 2.520007e+00
1.019400e+04 2.472016e+00
1.019500e+04 2.355031e+00
1.019600e+04 2.234791e+00
1.019700e+04 2.509920e+00
1.019800e+04 2.354220e+00
1.019900e+04 2.523356e+00
1.020000e+04 2.485988e+00
1.020100e+04 2.297268e+00
1.020200e+04 2.471339e+00
1.020300e+04 2.349608e+00
1.020400e+04 2.459238e+00
1.020500e+04 2.370588e+00
1.020600e+04 2.441261e+00
1.020700e+04 2.539826e+00
1.020800e+04 2.315098e+00
1.020900e+04 2.440796e+00
1.021000e+04 2.548771e+00
1.021100e+04 2.469682e+00
1.021200e+04 2.494380e+00
1.021300e+04 2.534331e+00
1.021400e+04 2.200273e+00
1.021500e+04 2.500407e+00
1.021600e+04 2.527488e+00
1.021700e+04 2.163197e+00
1.021800e+04 2.539448e+00
1.021900e+04 2.279224e+00
1.022000e+04 2.536157e+00
1.022100e+04 2.233119e+00
1.022200e+04 2.252702e+00
1.022300e+04 2.343069e+00
1.022400e+04 2.286215e+00
1.022500e+04 2.486949e+00
1.022600e+04 2.528977e+00
1.022700e+04 2.479052e+00
1.022800e+04 2.424678e+00
1.022900e+04 2.442853e+00
1.023000e+04 2.288016e+00
1.023100e+04 2.334503e+00
1.023200e+04 2.534846e+00
1.023300e+04 2.494807e+00
1.023400e+04 2.516903e+00
1.023500e+04 2.114787e+00
1.023600e+04 2.539079e+00
1.023700e+04 2.493842e+00
1.023800e+04 2.544316e+00
1.023900e+04 2.501222e+00
1.024000e+04 2.436387e+00
1.024100e+04 2.456959e+00
1.024200e+04 2.497178e+00
1.024300e+04 2.521827e+00
1.024400e+04 2.548614e+00
1.024500e+04 2.557486e+00
1.024600e+04 2.510829e+00
1.024700e+04 2.513300e+00
1.024800e+04 2.350987e+00
1.024900e+04 2.511285e+00
1.025000e+04 2.381274e+00
1.025100e+04 2.559687e+00
1.025200e+04 2.409132e+00
1.025300e+04 2.389572e+00
1.025400e+04 2.293770e+00
1.025500e+04 2.215869e+00
1.025600e+04 2.264383e+00
1.025700e+04 2.348183e+00
1.025800e+04 2.378840e+00
1.025900e+04 2.495319e+00
1.026000e+04 2.389182e+00
1.026100e+04 2.278979e+00
1.026200e+04 2.127649e+00
1.026300e+04 2.199762e+00
1.026400e+04 2.417323e+00
1.026500e+04 2.325005e+00
1.026600e+04 2.173988e+00
1.026700e+04 2.430880e+00
1.026800e+04 2.197039e+00
1.026900e+04 2.461877e+00
1.027000e+04 2.470424e+00
1.027100e+04 2.404434e+00
1.027200e+04 2.325543e+00
1.027300e+04 2.347101e+00
1.027400e+04 2.419295e+00
1.027500e+04 2.331317e+00
1.027600e+04 2.341166e+00
1.027700e+04 2.173665e+00
1.027800e+04 2.390537e+00
1.027900e+04 2.298237e+00
1.028000e+04 2.408907e+00
1.028100e+04 2.411653e+00
1.028200e+04 2.354239e+00
1.028300e+04 2.267764e+00
1.028400e+04 2.421154e+00
1.028500e+04 2.054250e+00
1.028600e+04 2.307184e+00
1.028700e+04 2.296158e+00
1.028800e+04 2.384284e+00
1.028900e+04 2.419186e+00
1.029000e+04 2.431603e+00
1.029100e+04 2.383087e+00
1.029200e+04 2.325809e+00
1.029300e+04 2.163997e+00
1.029400e+04 2.348194e+00
1.029500e+04 2.399231e+00
1.029600e+04 2.421571e+00
1.029700e+04 2.540658e+00
1.029800e+04 2.419120e+00
1.029900e+04 2.480339e+00
1.030000e+04 2.422016e+00
1.030100e+04 2.139953e+00
1.030200e+04 2.527116e+00
1.030300e+04 2.346739e+00
1.030400e+04 2.098604e+00
1.030500e+04 2.358288e+00
1.030600e+04 2.404817e+00
1.030700e+04 2.464355e+00
1.030800e+04 2.480194e+00
1.030900e+04 2.468697e+00
1.031000e+04 2.571971e+00
1.031100e+04 2.340178e+00
1.031200e+04 2.431533e+00
1.031300e+04 2.512528e+00
1.031400e+04 2.415269e+00
1.031500e+04 2.426516e+00
1.031600e+04 2.527067e+00
1.031700e+04 2.375053e+00
1.031800e+04 2.383834e+00
1.031900e+04 2.452406e+00
1.032000e+04 2.299456e+00
1.032100e+04 2.320588e+00
1.032200e+04 2.423164e+00
1.032300e+04 2.538178e+00
1.032400e+04 2.473220e+00
1.032500e+04 2.308275e+00
1.032600e+04 2.210907e+00
1.032700e+04 2.365309e+00
1.032800e+04 2.451374e+00
1.032900e+04 2.440841e+00
1.033000e+04 2.378731e+00
1.033100e+04 2.397430e+00
1.033200e+04 2.474661e+00
1.033300e+04 2.350340e+00
1.033400e+04 2.353556e+00
1.033500e+04 2.423071e+00
1.033600e+04 2.499334e+00
1.033700e+04 2.490080e+00
1.033800e+04 2.484929e+00
1.033900e+04 2.114695e+00
1.034000e+04 2.409793e+00
1.034100e+04 2.503006e+00
1.034200e+04 2.285166e+00
1.034300e+04 2.264691e+00
1.034400e+04 2.316179e+00
1.034500e+04 2.291844e+00
1.034600e+04 1.861298e+00
1.034700e+04 1.463790e+00
1.034800e+04 2.142873e+00
1.034900e+04 2.313716e+00
1.035000e+04 2.367491e+00
1.035100e+04 2.421696e+00
1.035200e+04 2.420860e+00
1.035300e+04 2.163101e+00
1.035400e+04 2.257406e+00
1.035500e+04 2.518141e+00
1.035600e+04 2.421385e+00
1.035700e+04 2.513259e+00
1.035800e+04 2.353379e+00
1.035900e+04 2.351007e+00
1.036000e+04 2.435821e+00
1.036100e+04 2.503986e+00
1.036200e+04 2.487423e+00
1.036300e+04 2.462880e+00
1.036400e+04 2.541057e+00
1.036500e+04 2.523838e+00
1.036600e+04 2.430944e+00
1.036700e+04 2.345377e+00
1.036800e+04 2.536902e+00
1.036900e+04 2.371895e+00
1.037000e+04 2.516232e+00
1.037100e+04 2.224625e+00
1.037200e+04 2.439996e+00
1.037300e+04 2.514147e+00
1.037400e+04 2.526603e+00
1.037500e+04 2.526871e+00
1.037600e+04 2.544320e+00
1.037700e+04 2.521758e+00
1.037800e+04 2.521038e+00
1.037900e+04 2.358720e+00
1.038000e+04 2.428301e+00
1.038100e+04 2.274056e+00
1.038200e+04 2.456689e+00
1.038300e+04 2.272220e+00
1.038400e+04 2.324771e+00
1.038500e+04 2.338595e+00
1.038600e+04 2.481975e+00
1.038700e+04 2.532927e+00
1.038800e+04 2.467582e+00
1.038900e+04 2.474478e+00
1.039000e+04 2.452912e+00
1.039100e+04 2.337903e+00
1.039200e+04 2.467325e+00
1.039300e+04 2.412205e+00
1.039400e+04 2.301558e+00
1.039500e+04 2.339465e+00
1.039600e+04 2.546943e+00
1.039700e+04 2.359779e+00
1.039800e+04 2.330519e+00
1.039900e+04 2.076842e+00
1.040000e+04 1.803924e+00
1.040100e+04 2.445175e+00
1.040200e+04 2.478075e+00
1.040300e+04 2.478278e+00
1.040400e+04 2.432177e+00
1.040500e+04 2.442635e+00
1.040600e+04 2.546496e+00
1.040700e+04 2.508183e+00
1.040800e+04 2.559747e+00
1.040900e+04 2.550435e+00
1.041000e+04 2.515007e+00
1.041100e+04 2.538611e+00
1.041200e+04 2.498323e+00
1.041300e+04 2.329378e+00
1.041400e+04 2.371558e+00
1.041500e+04 2.214530e+00
1.041600e+04 2.285473e+00
1.041700e+04 2.258641e+00
1.041800e+04 2.501076e+00
1.041900e+04 2.358666e+00
1.042000e+04 2.507330e+00
1.042100e+04 2.519423e+00
1.042200e+04 2.427301e+00
1.042300e+04 2.523325e+00
1.042400e+04 2.366705e+00
1.042500e+04 2.406977e+00
1.042600e+04 2.486703e+00
1.042700e+04 2.269264e+00
1.042800e+04 2.281744e+00
1.042900e+04 2.332672e+00
1.043000e+04 2.286431e+00
1.043100e+04 2.250891e+00
1.043200e+04 2.429123e+00
1.043300e+04 2.360724e+00
1.043400e+04 2.503629e+00
1.043500e+04 2.524777e+00
1.043600e+04 2.519621e+00
1.043700e+04 2.307161e+00
1.043800e+04 2.366754e+00
1.043900e+04 2.543164e+00
1.044000e+04 2.519869e+00
1.044100e+04 2.393624e+00
1.044200e+04 2.461402e+00
1.044300e+04 2.548844e+00
1.044400e+04 2.486819e+00
1.044500e+04 2.476105e+00
1.044600e+04 2.548290e+00
1.044700e+04 2.461048e+00
1.044800e+04 2.318509e+00
1.044900e+04 2.421385e+00
1.045000e+04 2.504964e+00
1.045100e+04 2.498498e+00
1.045200e+04 2.550013e+00
1.045300e+04 2.460042e+00
1.045400e+04 2.397825e+00
1.045500e+04 2.546076e+00
1.045600e+04 2.445813e+00
1.045700e+04 2.538339e+00
1.045800e+04 2.533988e+00
1.045900e+04 2.538032e+00
1.046000e+04 2.461618e+00
1.046100e+04 2.453384e+00
1.046200e+04 2.500328e+00
1.046300e+04 2.470407e+00
1.046400e+04 2.391617e+00
1.046500e+04 2.498116e+00
1.046600e+04 2.517494e+00
1.046700e+04 2.407831e+00
1.046800e+04 2.337945e+00
1.046900e+04 2.369667e+00
1.047000e+04 2.203213e+00
1.047100e+04 2.434601e+00
1.047200e+04 2.418859e+00
1.047300e+04 2.361944e+00
1.047400e+04 2.186762e+00
1.047500e+04 2.361407e+00
1.047600e+04 2.539786e+00
1.047700e+04 2.524364e+00
1.047800e+04 2.440029e+00
1.047900e+04 2.413918e+00
1.048000e+04 2.260316e+00
1.048100e+04 2.539154e+00
1.048200e+04 2.450065e+00
1.048300e+04 2.435481e+00
1.048400e+04 2.280406e+00
1.048500e+04 2.361806e+00
1.048600e+04 2.486708e+00
1.048700e+04 2.546321e+00
1.048800e+04 2.452357e+00
1.048900e+04 2.328145e+00
1.049000e+04 2.411890e+00
1.049100e+04 2.451031e+00
1.049200e+04 2.529020e+00
1.049300e+04 2.504451e+00
1.049400e+04 2.501415e+00
1.049500e+04 2.446874e+00
1.049600e+04 2.448082e+00
1.049700e+04 2.473498e+00
1.049800e+04 2.433024e+00
1.049900e+04 1.798393e+00
1.050000e+04 2.432027e+00
1.050100e+04 2.390363e+00
1.050200e+04 2.514814e+00
1.050300e+04 2.518785e+00
1.050400e+04 2.443306e+00
1.050500e+04 2.419825e+00
1.050600e+04 2.449340e+00
1.050700e+04 2.527957e+00
1.050800e+04 2.308486e+00
1.050900e+04 2.529457e+00
1.051000e+04 2.521178e+00
1.051100e+04 2.458325e+00
1.051200e+04 2.446638e+00
1.051300e+04 2.318725e+00
1.051400e+04 2.237301e+00
1.051500e+04 2.420327e+00
1.051600e+04 2.272911e+00
1.051700e+04 2.351570e+00
1.051800e+04 2.534923e+00
1.051900e+04 2.456070e+00
1.052000e+04 2.479245e+00
1.052100e+04 2.434362e+00
1.052200e+04 2.125831e+00
1.052300e+04 2.507515e+00
1.052400e+04 2.254688e+00
1.052500e+04 2.350552e+00
1.052600e+04 2.354301e+00
1.052700e+04 2.372231e+00
1.052800e+04 2.439326e+00
1.052900e+04 2.521100e+00
1.053000e+04 2.503644e+00
1.053100e+04 2.529205e+00
1.053200e+04 2.427424e+00
1.053300e+04 2.496192e+00
1.053400e+04 2.438079e+00
1.053500e+04 2.453866e+00
1.053600e+04 2.539842e+00
1.053700e+04 2.524362e+00
1.053800e+04 2.535950e+00
1.053900e+04 2.373222e+00
1.054000e+04 2.455742e+00
1.054100e+04 2.415080e+00
1.054200e+04 2.359223e+00
1.054300e+04 2.404483e+00
1.054400e+04 2.463801e+00
1.054500e+04 2.253449e+00
1.054600e+04 2.515075e+00
1.054700e+04 2.494552e+00
1.054800e+04 2.515846e+00
1.054900e+04 2.348874e+00
1.055000e+04 2.343606e+00
1.055100e+04 2.502970e+00
1.055200e+04 2.513103e+00
1.055300e+04 2.479481e+00
1.055400e+04 2.492524e+00
1.055500e+04 2.362252e+00
1.055600e+04 2.459478e+00
1.055700e+04 2.330685e+00
1.055800e+04 2.498149e+00
1.055900e+04 2.241384e+00
1.056000e+04 2.437801e+00
1.056100e+04 2.353890e+00
1.056200e+04 2.342838e+00
1.056300e+04 2.520050e+00
1.056400e+04 2.522050e+00
1.056500e+04 2.522863e+00
1.056600e+04 2.496103e+00
1.056700e+04 2.347761e+00
1.056800e+04 2.490853e+00
1.056900e+04 2.456880e+00
1.057000e+04 2.209277e+00
1.057100e+04 2.372342e+00
1.057200e+04 2.469916e+00
1.057300e+04 2.260815e+00
1.057400e+04 2.288095e+00
1.057500e+04 2.432853e+00
1.057600e+04 2.496621e+00
1.057700e+04 2.364479e+00
1.057800e+04 2.440026e+00
1.057900e+04 2.475104e+00
1.058000e+04 2.424577e+00
1.058100e+04 2.495884e+00
1.058200e+04 2.447607e+00
1.058300e+04 2.486146e+00
1.058400e+04 2.459047e+00
1.058500e+04 2.464706e+00
1.058600e+04 2.480090e+00
1.058700e+04 2.155209e+00
1.058800e+04 2.036163e+00
1.058900e+04 2.372515e+00
1.059000e+04 2.460650e+00
1.059100e+04 2.398114e+00
1.059200e+04 2.315141e+00
1.059300e+04 2.366368e+00
1.059400e+04 2.511296e+00
1.059500e+04 2.502512e+00
1.059600e+04 2.258434e+00
1.059700e+04 2.514732e+00
1.059800e+04 2.504069e+00
1.059900e+04 2.457526e+00
1.060000e+04 2.429687e+00
1.060100e+04 2.501997e+00
1.060200e+04 2.460835e+00
1.060300e+04 2.329394e+00
1.060400e+04 2.512854e+00
1.060500e+04 2.510787e+00
1.060600e+04 2.505852e+00
1.060700e+04 2.319586e+00
1.060800e+04 2.340641e+00
1.060900e+04 2.269185e+00
1.061000e+04 2.350673e+00
1.061100e+04 2.336302e+00
1.061200e+04 2.368485e+00
1.061300e+04 2.464407e+00
1.061400e+04 2.391059e+00
1.061500e+04 2.506659e+00
1.061600e+04 2.528207e+00
1.061700e+04 2.504539e+00
1.061800e+04 2.503661e+00
1.061900e+04 2.317870e+00
1.062000e+04 2.352556e+00
1.062100e+04 2.485158e+00
1.062200e+04 2.304526e+00
1.062300e+04 2.508004e+00
1.062400e+04 2.447240e+00
1.062500e+04 2.306781e+00
1.062600e+04 2.517476e+00
1.062700e+04 2.436547e+00
1.062800e+04 2.334324e+00
1.062900e+04 2.423137e+00
1.063000e+04 2.429743e+00
1.063100e+04 2.509307e+00
1.063200e+04 2.501248e+00
1.063300e+04 2.516557e+00
1.063400e+04 2.501431e+00
1.063500e+04 2.326900e+00
1.063600e+04 2.488628e+00
1.063700e+04 2.492251e+00
1.063800e+04 2.509596e+00
1.063900e+04 2.487847e+00
1.064000e+04 2.301195e+00
1.064100e+04 2.461019e+00
1.064200e+04 2.465702e+00
1.064300e+04 2.461845e+00
1.064400e+04 2.452004e+00
1.064500e+04 2.494506e+00
1.064600e+04 2.452652e+00
1.064700e+04 2.325165e+00
1.064800e+04 2.463590e+00
1.064900e+04 2.410499e+00
1.065000e+04 2.460883e+00
1.065100e+04 2.416496e+00
1.065200e+04 2.428183e+00
1.065300e+04 2.444201e+00
1.065400e+04 2.417428e+00
1.065500e+04 2.475760e+00
1.065600e+04 2.306322e+00
1.065700e+04 2.324729e+00
1.065800e+04 2.379277e+00
1.065900e+04 2.213580e+00
1.066000e+04 2.516911e+00
1.066100e+04 2.454358e+00
1.066200e+04 2.523511e+00
1.066300e+04 2.469873e+00
1.066400e+04 2.121820e+00
1.066500e+04 2.090962e+00
1.066600e+04 2.445917e+00
1.066700e+04 2.380323e+00
1.066800e+04 2.388354e+00
1.066900e+04 2.504529e+00
1.067000e+04 2.084932e+00
1.067100e+04 2.467049e+00
1.067200e+04 2.512258e+00
1.067300e+04 2.340175e+00
1.067400e+04 2.447829e+00
1.067500e+04 2.451739e+00
1.067600e+04 2.447051e+00
1.067700e+04 2.417462e+00
1.067800e+04 2.376153e+00
1.067900e+04 2.426452e+00
1.068000e+04 2.075174e+00
1.068100e+04 2.442988e+00
1.068200e+04 2.503097e+00
1.068300e+04 2.474023e+00
1.068400e+04 2.423840e+00
1.068500e+04 2.337260e+00
1.068600e+04 2.435981e+00
1.068700e+04 2.420119e+00
1.068800e+04 2.397616e+00
1.068900e+04 2.433988e+00
1.069000e+04 2.454607e+00
1.069100e+04 2.445782e+00
1.069200e+04 2.428752e+00
1.069300e+04 2.480796e+00
1.069400e+04 2.396277e+00
1.069500e+04 2.461641e+00
1.069600e+04 2.408878e+00
1.069700e+04 2.347568e+00
1.069800e+04 2.496279e+00
1.069900e+04 2.381509e+00
1.070000e+04 2.514007e+00
1.070100e+04 2.431825e+00
1.070200e+04 2.474671e+00
1.070300e+04 2.486201e+00
1.070400e+04 2.421334e+00
1.070500e+04 2.400129e+00
1.070600e+04 2.427090e+00
1.070700e+04 2.402858e+00
1.070800e+04 2.190574e+00
1.070900e+04 2.488543e+00
1.071000e+04 2.471928e+00
1.071100e+04 2.343614e+00
1.071200e+04 2.493793e+00
1.071300e+04 2.459035e+00
1.071400e+04 2.363965e+00
1.071500e+04 2.519404e+00
1.071600e+04 2.466782e+00
1.071700e+04 2.483957e+00
1.071800e+04 2.387583e+00
1.071900e+04 2.486868e+00
1.072000e+04 2.491478e+00
1.072100e+04 2.436665e+00
1.072200e+04 2.324042e+00
1.072300e+04 2.462245e+00
1.072400e+04 2.485450e+00
1.072500e+04 2.483428e+00
1.072600e+04 2.453025e+00
1.072700e+04 2.469556e+00
1.072800e+04 2.466823e+00
1.072900e+04 1.908139e+00
1.073000e+04 2.302479e+00
1.073100e+04 2.410592e+00
1.073200e+04 2.365419e+00
1.073300e+04 2.508814e+00
1.073400e+04 2.499447e+00
1.073500e+04 2.350538e+00
1.073600e+04 2.069567e+00
1.073700e+04 2.372012e+00
1.073800e+04 2.501268e+00
1.073900e+04 2.491165e+00
1.074000e+04 2.331230e+00
1.074100e+04 2.498056e+00
1.074200e+04 2.497238e+00
1.074300e+04 2.350173e+00
1.074400e+04 2.455776e+00
1.074500e+04 2.388440e+00
1.074600e+04 2.402672e+00
1.074700e+04 2.441633e+00
1.074800e+04 2.345535e+00
1.074900e+04 2.340496e+00
1.075000e+04 2.420788e+00
1.075100e+04 2.491179e+00
1.075200e+04 2.399536e+00
1.075300e+04 2.402798e+00
1.075400e+04 2.420657e+00
1.075500e+04 2.498397e+00
1.075600e+04 2.474545e+00
1.075700e+04 2.425077e+00
1.075800e+04 2.370278e+00
1.075900e+04 2.415531e+00
1.076000e+04 2.468491e+00
1.076100e+04 2.362980e+00
1.076200e+04 2.300323e+00
1.076300e+04 2.470327e+00
1.076400e+04 2.497298e+00
1.076500e+04 2.496783e+00
1.076600e+04 2.336440e+00
1.076700e+04 2.418598e+00
1.076800e+04 2.413623e+00
1.076900e+04 2.486097e+00
1.077000e+04 2.408210e+00
1.077100e+04 2.477531e+00
1.077200e+04 2.365582e+00
1.077300e+04 2.520309e+00
1.077400e+04 2.495725e+00
1.077500e+04 2.462202e+00
1.077600e+04 2.497664e+00
1.077700e+04 2.454127e+00
1.077800e+04 2.133039e+00
1.077900e+04 2.506808e+00
1.078000e+04 2.420552e+00
1.078100e+04 2.426033e+00
1.078200e+04 2.508919e+00
1.078300e+04 2.516502e+00
1.078400e+04 2.460709e+00
1.078500e+04 2.477888e+00
1.078600e+04 2.415083e+00
1.078700e+04 2.346891e+00
1.078800e+04 2.468279e+00
1.078900e+04 2.448953e+00
1.079000e+04 2.450974e+00
1.079100e+04 2.503981e+00
1.079200e+04 2.502760e+00
1.079300e+04 2.491644e+00
1.079400e+04 2.388828e+00
1.079500e+04 2.414098e+00
1.079600e+04 2.343396e+00
1.079700e+04 2.324321e+00
1.079800e+04 2.456270e+00
1.079900e+04 2.515465e+00
1.080000e+04 2.367637e+00
1.080100e+04 2.355529e+00
1.080200e+04 2.489942e+00
1.080300e+04 2.409975e+00
1.080400e+04 2.454659e+00
1.080500e+04 2.461422e+00
1.080600e+04 2.441878e+00
1.080700e+04 2.206920e+00
1.080800e+04 2.369340e+00
1.080900e+04 2.445854e+00
1.081000e+04 2.490444e+00
1.081100e+04 2.170181e+00
1.081200e+04 2.435199e+00
1.081300e+04 2.407313e+00
1.081400e+04 2.386023e+00
1.081500e+04 2.342579e+00
1.081600e+04 2.474930e+00
1.081700e+04 2.362870e+00
1.081800e+04 2.444268e+00
1.081900e+04 2.357411e+00
1.082000e+04 2.456823e+00
1.082100e+04 2.459762e+00
1.082200e+04 2.502378e+00
1.082300e+04 2.388841e+00
1.082400e+04 2.345361e+00
1.082500e+04 2.448445e+00
1.082600e+04 2.503441e+00
1.082700e+04 2.461440e+00
1.082800e+04 2.381228e+00
1.082900e+04 2.492283e+00
1.083000e+04 2.452358e+00
1.083100e+04 2.391199e+00
1.083200e+04 2.470681e+00
1.083300e+04 2.498371e+00
1.083400e+04 2.429011e+00
1.083500e+04 2.427530e+00
1.083600e+04 2.406467e+00
1.083700e+04 2.395394e+00
1.083800e+04 2.184736e+00
1.083900e+04 2.444328e+00
1.084000e+04 2.486739e+00
1.084100e+04 2.435087e+00
1.084200e+04 2.476389e+00
1.084300e+04 2.487467e+00
1.084400e+04 2.489996e+00
1.084500e+04 2.465545e+00
1.084600e+04 2.352891e+00
1.084700e+04 2.404699e+00
1.084800e+04 2.433261e+00
1.084900e+04 2.445340e+00
1.085000e+04 2.345577e+00
1.085100e+04 2.466306e+00
1.085200e+04 2.418376e+00
1.085300e+04 2.437817e+00
1.085400e+04 2.252525e+00
1.085500e+04 2.495154e+00
1.085600e+04 2.487834e+00
1.085700e+04 2.414350e+00
1.085800e+04 2.303445e+00
1.085900e+04 2.341697e+00
1.086000e+04 2.407076e+00
1.086100e+04 2.485950e+00
1.086200e+04 2.442200e+00
1.086300e+04 2.403862e+00
1.086400e+04 2.427053e+00
1.086500e+04 2.427579e+00
1.086600e+04 2.348290e+00
1.086700e+04 2.433905e+00
1.086800e+04 2.476329e+00
1.086900e+04 2.501973e+00
1.087000e+04 2.399350e+00
1.087100e+04 2.486909e+00
1.087200e+04 2.385559e+00
1.087300e+04 2.459150e+00
1.087400e+04 2.481592e+00
1.087500e+04 2.492436e+00
1.087600e+04 2.345425e+00
1.087700e+04 2.459637e+00
1.087800e+04 2.447932e+00
1.087900e+04 2.397432e+00
1.088000e+04 2.441565e+00
1.088100e+04 2.493577e+00
1.088200e+04 2.468596e+00
1.088300e+04 2.488032e+00
1.088400e+04 2.493710e+00
1.088500e+04 2.435354e+00
1.088600e+04 2.459699e+00
1.088700e+04 2.407048e+00
1.088800e+04 2.420675e+00
1.088900e+04 2.347014e+00
1.089000e+04 2.408609e+00
1.089100e+04 2.305019e+00
1.089200e+04 2.402774e+00
1.089300e+04 2.473116e+00
1.089400e+04 2.460410e+00
1.089500e+04 2.463456e+00
1.089600e+04 2.492692e+00
1.089700e+04 2.409880e+00
1.089800e+04 2.460564e+00
1.089900e+04 2.369831e+00
1.090000e+04 2.470372e+00
1.090100e+04 2.450791e+00
1.090200e+04 2.449318e+00
1.090300e+04 2.413294e+00
1.090400e+04 2.491304e+00
1.090500e+04 2.484715e+00
1.090600e+04 2.438268e+00
1.090700e+04 2.466967e+00
1.090800e+04 2.425479e+00
1.090900e+04 2.400103e+00
1.091000e+04 2.348678e+00
1.091100e+04 2.357459e+00
1.091200e+04 2.357759e+00
1.091300e+04 2.404044e+00
1.091400e+04 2.285421e+00
1.091500e+04 2.471795e+00
1.091600e+04 2.491046e+00
1.091700e+04 2.435728e+00
1.091800e+04 2.265141e+00
1.091900e+04 2.410586e+00
1.092000e+04 2.454899e+00
1.092100e+04 2.397474e+00
1.092200e+04 2.291791e+00
1.092300e+04 2.459734e+00
1.092400e+04 2.467846e+00
1.092500e+04 2.419773e+00
1.092600e+04 2.370401e+00
1.092700e+04 2.474387e+00
1.092800e+04 2.457000e+00
1.092900e+04 2.403669e+00
1.093000e+04 2.481850e+00
1.093100e+04 2.444273e+00
1.093200e+04 2.437146e+00
1.093300e+04 2.402328e+00
1.093400e+04 2.466739e+00
1.093500e+04 2.422414e+00
1.093600e+04 2.456557e+00
1.093700e+04 2.346677e+00
1.093800e+04 2.435449e+00
1.093900e+04 2.447406e+00
1.094000e+04 2.481680e+00
1.094100e+04 2.461001e+00
1.094200e+04 2.398726e+00
1.094300e+04 2.466734e+00
1.094400e+04 2.445465e+00
1.094500e+04 2.448514e+00
1.094600e+04 2.471226e+00
1.094700e+04 2.428890e+00
1.094800e+04 2.464622e+00
1.094900e+04 2.429539e+00
1.095000e+04 2.454822e+00
1.095100e+04 2.404651e+00
1.095200e+04 2.348769e+00
1.095300e+04 2.453918e+00
1.095400e+04 2.420642e+00
1.095500e+04 2.329300e+00
1.095600e+04 2.456918e+00
1.095700e+04 2.376291e+00
1.095800e+04 2.440392e+00
1.095900e+04 2.399051e+00
1.096000e+04 2.426379e+00
1.096100e+04 2.437488e+00
1.096200e+04 2.390338e+00
1.096300e+04 2.443240e+00
1.096400e+04 2.268989e+00
1.096500e+04 2.372606e+00
1.096600e+04 2.407870e+00
1.096700e+04 2.419538e+00
1.096800e+04 2.438574e+00
1.096900e+04 2.452863e+00
1.097000e+04 2.437953e+00
1.097100e+04 2.453070e+00
1.097200e+04 2.354034e+00
1.097300e+04 2.408832e+00
1.097400e+04 2.376549e+00
1.097500e+04 2.438411e+00
1.097600e+04 2.379045e+00
1.097700e+04 2.392384e+00
1.097800e+04 2.268837e+00
1.097900e+04 2.379535e+00
1.098000e+04 2.427905e+00
1.098100e+04 2.404024e+00
1.098200e+04 2.376605e+00
1.098300e+04 2.401406e+00
1.098400e+04 2.398506e+00
1.098500e+04 2.353874e+00
1.098600e+04 2.165474e+00
1.098700e+04 2.454759e+00
1.098800e+04 2.460681e+00
1.098900e+04 2.418592e+00
1.099000e+04 2.363554e+00
1.099100e+04 2.446029e+00
1.099200e+04 2.409055e+00
1.099300e+04 2.449347e+00
1.099400e+04 2.440975e+00
1.099500e+04 2.397622e+00
1.099600e+04 2.411364e+00
1.099700e+04 2.438164e+00
1.099800e+04 2.409508e+00
1.099900e+04 2.440789e+00
1.100000e+04 2.409933e+00
1.100100e+04 2.307560e+00
1.100200e+04 2.450610e+00
1.100300e+04 2.443304e+00
1.100400e+04 2.347177e+00
1.100500e+04 2.364513e+00
1.100600e+04 2.431615e+00
1.100700e+04 2.455905e+00
1.100800e+04 2.454286e+00
1.100900e+04 2.435838e+00
1.101000e+04 2.347622e+00
1.101100e+04 2.425204e+00
1.101200e+04 2.385864e+00
1.101300e+04 2.417099e+00
1.101400e+04 2.456761e+00
1.101500e+04 2.386847e+00
1.101600e+04 2.290583e+00
1.101700e+04 2.466848e+00
1.101800e+04 2.409906e+00
1.101900e+04 2.268412e+00
1.102000e+04 2.400654e+00
1.102100e+04 2.439295e+00
1.102200e+04 2.426356e+00
1.102300e+04 2.233964e+00
1.102400e+04 2.413288e+00
1.102500e+04 2.240335e+00
1.102600e+04 2.203117e+00
1.102700e+04 2.425149e+00
1.102800e+04 2.434458e+00
1.102900e+04 2.430178e+00
1.103000e+04 2.404561e+00
1.103100e+04 2.424805e+00
1.103200e+04 2.363946e+00
1.103300e+04 2.439936e+00
1.103400e+04 2.207716e+00
1.103500e+04 2.285944e+00
1.103600e+04 2.170662e+00
1.103700e+04 2.386448e+00
1.103800e+04 2.338001e+00
1.103900e+04 2.378162e+00
1.104000e+04 2.354405e+00
1.104100e+04 2.377872e+00
1.104200e+04 2.291870e+00
1.104300e+04 2.359692e+00
1.104400e+04 2.310153e+00
1.104500e+04 2.350032e+00
1.104600e+04 2.399672e+00
1.104700e+04 2.358424e+00
1.104800e+04 2.187796e+00
1.104900e+04 2.253501e+00
1.105000e+04 2.232032e+00
1.105100e+04 2.419554e+00
1.105200e+04 2.283152e+00
1.105300e+04 2.323938e+00
1.105400e+04 2.241577e+00
1.105500e+04 2.338297e+00
1.105600e+04 2.340099e+00
1.105700e+04 2.272606e+00
1.105800e+04 2.259279e+00
1.105900e+04 2.321105e+00
1.106000e+04 2.377134e+00
1.106100e+04 2.359955e+00
1.106200e+04 2.335056e+00
1.106300e+04 2.410521e+00
1.106400e+04 2.278556e+00
1.106500e+04 2.413796e+00
1.106600e+04 2.280349e+00
1.106700e+04 2.423652e+00
1.106800e+04 2.213539e+00
1.106900e+04 2.313341e+00
1.107000e+04 2.288794e+00
1.107100e+04 2.306055e+00
1.107200e+04 2.282725e+00
1.107300e+04 2.365253e+00
1.107400e+04 2.301634e+00
1.107500e+04 2.415844e+00
1.107600e+04 2.359646e+00
1.107700e+04 2.341755e+00
1.107800e+04 2.338763e+00
1.107900e+04 2.330663e+00
1.108000e+04 2.333952e+00
1.108100e+04 2.352805e+00
1.108200e+04 2.171161e+00
1.108300e+04 2.414877e+00
1.108400e+04 2.267697e+00
1.108500e+04 2.389969e+00
1.108600e+04 2.376987e+00
1.108700e+04 2.319964e+00
1.108800e+04 2.342297e+00
1.108900e+04 2.400076e+00
1.109000e+04 2.305537e+00
1.109100e+04 2.331647e+00
1.109200e+04 2.389937e+00
1.109300e+04 2.218870e+00
1.109400e+04 2.336216e+00
1.109500e+04 2.332877e+00
1.109600e+04 2.335962e+00
1.109700e+04 2.371275e+00
1.109800e+04 2.379420e+00
1.109900e+04 2.272400e+00
1.110000e+04 2.241121e+00
1.110100e+04 2.387571e+00
1.110200e+04 2.299116e+00
1.110300e+04 2.321513e+00
1.110400e+04 2.333140e+00
1.110500e+04 2.324772e+00
1.110600e+04 2.323449e+00
1.110700e+04 2.396190e+00
1.110800e+04 2.271146e+00
1.110900e+04 2.323876e+00
1.111000e+04 2.350531e+00
1.111100e+04 2.381103e+00
1.111200e+04 2.155454e+00
1.111300e+04 2.348891e+00
1.111400e+04 2.374113e+00
1.111500e+04 2.259851e+00
1.111600e+04 2.370532e+00
1.111700e+04 2.396444e+00
1.111800e+04 2.392848e+00
1.111900e+04 2.229637e+00
1.112000e+04 2.414832e+00
1.112100e+04 2.409447e+00
1.112200e+04 2.296501e+00
1.112300e+04 2.095258e+00
1.112400e+04 2.380192e+00
1.112500e+04 2.361345e+00
1.112600e+04 2.136663e+00
1.112700e+04 2.321814e+00
1.112800e+04 2.391979e+00
1.112900e+04 2.432879e+00
1.113000e+04 2.288650e+00
1.113100e+04 2.377255e+00
1.113200e+04 2.384568e+00
1.113300e+04 2.271596e+00
1.113400e+04 2.299886e+00
1.113500e+04 2.218831e+00
1.113600e+04 2.395009e+00
1.113700e+04 2.372786e+00
1.113800e+04 2.330079e+00
1.113900e+04 2.288283e+00
1.114000e+04 2.315882e+00
1.114100e+04 2.374795e+00
1.114200e+04 2.377909e+00
1.114300e+04 2.315503e+00
1.114400e+04 2.386481e+00
1.114500e+04 2.400641e+00
1.114600e+04 2.403003e+00
1.114700e+04 2.319821e+00
1.114800e+04 2.414986e+00
1.114900e+04 2.363185e+00
1.115000e+04 2.342691e+00
1.115100e+04 2.314128e+00
1.115200e+04 2.107025e+00
1.115300e+04 2.399961e+00
1.115400e+04 2.388924e+00
1.115500e+04 2.362876e+00
1.115600e+04 2.280889e+00
1.115700e+04 2.390730e+00
1.115800e+04 2.241526e+00
1.115900e+04 2.392634e+00
1.116000e+04 2.224970e+00
1.116100e+04 2.362878e+00
1.116200e+04 2.351819e+00
1.116300e+04 2.299345e+00
1.116400e+04 2.403713e+00
1.116500e+04 2.282115e+00
1.116600e+04 2.364135e+00
1.116700e+04 2.359511e+00
1.116800e+04 2.317335e+00
1.116900e+04 2.355480e+00
1.117000e+04 2.344313e+00
1.117100e+04 2.362078e+00
1.117200e+04 2.386116e+00
1.117300e+04 2.309276e+00
1.117400e+04 2.261029e+00
1.117500e+04 2.339033e+00
1.117600e+04 2.277742e+00
1.117700e+04 2.402591e+00
1.117800e+04 2.249664e+00
1.117900e+04 2.328511e+00
1.118000e+04 2.347385e+00
1.118100e+04 2.353953e+00
1.118200e+04 2.392375e+00
1.118300e+04 2.393315e+00
1.118400e+04 2.274892e+00
1.118500e+04 2.416775e+00
1.118600e+04 2.359244e+00
1.118700e+04 2.393013e+00
1.118800e+04 2.392403e+00
1.118900e+04 2.278999e+00
1.119000e+04 2.337923e+00
1.119100e+04 2.298839e+00
1.119200e+04 2.366218e+00
1.119300e+04 2.248441e+00
1.119400e+04 2.210892e+00
1.119500e+04 2.278044e+00
1.119600e+04 2.379972e+00
1.119700e+04 2.313775e+00
1.119800e+04 2.357601e+00
1.119900e+04 2.351882e+00
1.120000e+04 2.088509e+00
1.120100e+04 2.284991e+00
1.120200e+04 2.348881e+00
1.120300e+04 2.396132e+00
1.120400e+04 2.292264e+00
1.120500e+04 2.274049e+00
1.120600e+04 2.368659e+00
1.120700e+04 2.229743e+00
1.120800e+04 2.383733e+00
1.120900e+04 2.386428e+00
1.121000e+04 2.342468e+00
1.121100e+04 2.272855e+00
1.121200e+04 2.419021e+00
1.121300e+04 2.211991e+00
1.121400e+04 2.360735e+00
1.121500e+04 2.316037e+00
1.121600e+04 2.230754e+00
1.121700e+04 2.390098e+00
1.121800e+04 2.324256e+00
1.121900e+04 2.344524e+00
1.122000e+04 2.387655e+00
1.122100e+04 2.350415e+00
1.122200e+04 2.251842e+00
1.122300e+04 2.304388e+00
1.122400e+04 2.347261e+00
1.122500e+04 2.368532e+00
1.122600e+04 2.279669e+00
1.122700e+04 2.339497e+00
1.122800e+04 2.264303e+00
1.122900e+04 2.366465e+00
1.123000e+04 2.360105e+00
1.123100e+04 2.358900e+00
1.123200e+04 2.397718e+00
1.123300e+04 2.336276e+00
1.123400e+04 2.286951e+00
1.123500e+04 2.417769e+00
1.123600e+04 2.377723e+00
1.123700e+04 2.350281e+00
1.123800e+04 2.328042e+00
1.123900e+04 2.253761e+00
1.124000e+04 2.392439e+00
1.124100e+04 2.385258e+00
1.124200e+04 2.375062e+00
1.124300e+04 2.382509e+00
1.124400e+04 2.344990e+00
1.124500e+04 2.301617e+00
1.124600e+04 2.348182e+00
1.124700e+04 2.296073e+00
1.124800e+04 2.332281e+00
1.124900e+04 2.277244e+00
1.125000e+04 2.355770e+00
1.125100e+04 2.391199e+00
1.125200e+04 2.257064e+00
1.125300e+04 2.287298e+00
1.125400e+04 2.028597e+00
1.125500e+04 2.282818e+00
1.125600e+04 2.068660e+00
1.125700e+04 2.154511e+00
1.125800e+04 1.926893e+00
1.125900e+04 2.250812e+00
1.126000e+04 2.348339e+00
1.126100e+04 2.323719e+00
1.126200e+04 2.253641e+00
1.126300e+04 2.379854e+00
1.126400e+04 2.338243e+00
1.126500e+04 2.366988e+00
1.126600e+04 2.327513e+00
1.126700e+04 2.407229e+00
1.126800e+04 2.357621e+00
1.126900e+04 2.379263e+00
1.127000e+04 2.379153e+00
1.127100e+04 2.331126e+00
1.127200e+04 2.309871e+00
1.127300e+04 2.365671e+00
1.127400e+04 2.295030e+00
1.127500e+04 2.351872e+00
1.127600e+04 2.386877e+00
1.127700e+04 2.341619e+00
1.127800e+04 2.274347e+00
1.127900e+04 2.213533e+00
1.128000e+04 2.348690e+00
1.128100e+04 2.365502e+00
1.128200e+04 2.308385e+00
1.128300e+04 2.373343e+00
1.128400e+04 2.292435e+00
1.128500e+04 2.380394e+00
1.128600e+04 2.358961e+00
1.128700e+04 2.388104e+00
1.128800e+04 2.304853e+00
1.128900e+04 2.374032e+00
1.129000e+04 2.308340e+00
1.129100e+04 2.271256e+00
1.129200e+04 2.395239e+00
1.129300e+04 2.279196e+00
1.129400e+04 2.375181e+00
1.129500e+04 2.357362e+00
1.129600e+04 2.353422e+00
1.129700e+04 2.262737e+00
1.129800e+04 2.397865e+00
1.129900e+04 2.300350e+00
1.130000e+04 2.315148e+00
1.130100e+04 2.350341e+00
1.130200e+04 2.148983e+00
1.130300e+04 2.242670e+00
1.130400e+04 2.234024e+00
1.130500e+04 2.373721e+00
1.130600e+04 2.160806e+00
1.130700e+04 2.342371e+00
1.130800e+04 2.379819e+00
1.130900e+04 2.329142e+00
1.131000e+04 2.386257e+00
1.131100e+04 2.297711e+00
1.131200e+04 2.362556e+00
1.131300e+04 2.297116e+00
1.131400e+04 2.302445e+00
1.131500e+04 2.322656e+00
1.131600e+04 2.360826e+00
1.131700e+04 2.336521e+00
1.131800e+04 2.290795e+00
1.131900e+04 2.370251e+00
1.132000e+04 2.352775e+00
1.132100e+04 2.349245e+00
1.132200e+04 2.269230e+00
1.132300e+04 2.400991e+00
1.132400e+04 2.304952e+00
1.132500e+04 2.372399e+00
1.132600e+04 2.358197e+00
1.132700e+04 2.352388e+00
1.132800e+04 2.362233e+00
1.132900e+04 2.295986e+00
1.133000e+04 2.336699e+00
1.133100e+04 2.330903e+00
1.133200e+04 2.375084e+00
1.133300e+04 2.302504e+00
1.133400e+04 2.371186e+00
1.133500e+04 2.242310e+00
1.133600e+04 2.328596e+00
1.133700e+04 2.326054e+00
1.133800e+04 2.335706e+00
1.133900e+04 2.354519e+00
1.134000e+04 2.332142e+00
1.134100e+04 2.277201e+00
1.134200e+04 2.255586e+00
1.134300e+04 2.303205e+00
1.134400e+04 2.310255e+00
1.134500e+04 2.294931e+00
1.134600e+04 2.278061e+00
1.134700e+04 2.332680e+00
1.134800e+04 2.307465e+00
1.134900e+04 2.315478e+00
1.135000e+04 2.324886e+00
1.135100e+04 2.252814e+00
1.135200e+04 2.292216e+00
1.135300e+04 2.359225e+00
1.135400e+04 2.334667e+00
1.135500e+04 2.364315e+00
1.135600e+04 2.305875e+00
1.135700e+04 2.327875e+00
1.135800e+04 2.368336e+00
1.135900e+04 2.347569e+00
1.136000e+04 2.313878e+00
1.136100e+04 2.236035e+00
1.136200e+04 2.266558e+00
1.136300e+04 2.293124e+00
1.136400e+04 2.278526e+00
1.136500e+04 2.384748e+00
1.136600e+04 2.333922e+00
1.136700e+04 2.322545e+00
1.136800e+04 2.278994e+00
1.136900e+04 2.265769e+00
1.137000e+04 2.300454e+00
1.137100e+04 2.239998e+00
1.137200e+04 2.307863e+00
1.137300e+04 2.303305e+00
1.137400e+04 2.294116e+00
1.137500e+04 2.266534e+00
1.137600e+04 2.245581e+00
1.137700e+04 2.066035e+00
1.137800e+04 2.217055e+00
1.137900e+04 2.213024e+00
1.138000e+04 2.164106e+00
1.138100e+04 2.122858e+00
1.138200e+04 2.025261e+00
1.138300e+04 1.796367e+00
1.138400e+04 1.203789e+00
1.138500e+04 1.048917e+00
1.138600e+04 1.734240e+00
1.138700e+04 1.973336e+00
1.138800e+04 2.117014e+00
1.138900e+04 2.178101e+00
1.139000e+04 2.252913e+00
1.139100e+04 2.253186e+00
1.139200e+04 2.235287e+00
1.139300e+04 2.254873e+00
1.139400e+04 2.122683e+00
1.139500e+04 2.187033e+00
1.139600e+04 2.216156e+00
1.139700e+04 2.279687e+00
1.139800e+04 2.260450e+00
1.139900e+04 2.223215e+00
1.140000e+04 2.220902e+00
1.140100e+04 2.121789e+00
1.140200e+04 2.120786e+00
1.140300e+04 2.063649e+00
1.140400e+04 1.903812e+00
1.140500e+04 1.692296e+00
1.140600e+04 1.304511e+00
1.140700e+04 7.701810e-01
1.140800e+04 1.415667e+00
1.140900e+04 1.768208e+00
1.141000e+04 1.965647e+00
1.141100e+04 2.060496e+00
1.141200e+04 2.053809e+00
1.141300e+04 2.207983e+00
1.141400e+04 2.223029e+00
1.141500e+04 2.224019e+00
1.141600e+04 2.291268e+00
1.141700e+04 2.258248e+00
1.141800e+04 2.286847e+00
1.141900e+04 2.258679e+00
1.142000e+04 2.320590e+00
1.142100e+04 2.290336e+00
1.142200e+04 2.317484e+00
1.142300e+04 2.292806e+00
1.142400e+04 2.259333e+00
1.142500e+04 2.009468e+00
1.142600e+04 2.173213e+00
1.142700e+04 2.319837e+00
1.142800e+04 2.275371e+00
1.142900e+04 2.304313e+00
1.143000e+04 2.333613e+00
1.143100e+04 2.291490e+00
1.143200e+04 2.285089e+00
1.143300e+04 2.325149e+00
1.143400e+04 2.331813e+00
1.143500e+04 2.355014e+00
1.143600e+04 2.286802e+00
1.143700e+04 2.317998e+00
1.143800e+04 2.284791e+00
1.143900e+04 2.306945e+00
1.144000e+04 2.288270e+00
1.144100e+04 2.306294e+00
1.144200e+04 1.963539e+00
1.144300e+04 2.221602e+00
1.144400e+04 2.325569e+00
1.144500e+04 2.321624e+00
1.144600e+04 2.270239e+00
1.144700e+04 2.328913e+00
1.144800e+04 2.313293e+00
1.144900e+04 2.266904e+00
1.145000e+04 2.341436e+00
1.145100e+04 2.318769e+00
1.145200e+04 2.317936e+00
1.145300e+04 2.344086e+00
1.145400e+04 2.252152e+00
1.145500e+04 2.361772e+00
1.145600e+04 2.243072e+00
1.145700e+04 2.299713e+00
1.145800e+04 2.285056e+00
1.145900e+04 2.324829e+00
1.146000e+04 2.350434e+00
1.146100e+04 2.331256e+00
1.146200e+04 2.339904e+00
1.146300e+04 2.300417e+00
1.146400e+04 2.287755e+00
1.146500e+04 2.195330e+00
1.146600e+04 2.306802e+00
1.146700e+04 2.333649e+00
1.146800e+04 2.363758e+00
1.146900e+04 2.299584e+00
1.147000e+04 2.354326e+00
1.147100e+04 2.320069e+00
1.147200e+04 2.318449e+00
1.147300e+04 2.311494e+00
1.147400e+04 2.326315e+00
1.147500e+04 2.341500e+00
1.147600e+04 2.169489e+00
1.147700e+04 2.318337e+00
1.147800e+04 2.321073e+00
1.147900e+04 2.346881e+00
1.148000e+04 2.282799e+00
1.148100e+04 2.273710e+00
1.148200e+04 2.205143e+00
1.148300e+04 2.302745e+00
1.148400e+04 2.309092e+00
1.148500e+04 2.329934e+00
1.148600e+04 2.344921e+00
1.148700e+04 2.302121e+00
1.148800e+04 2.143998e+00
1.148900e+04 2.336456e+00
1.149000e+04 2.369448e+00
1.149100e+04 2.334664e+00
1.149200e+04 2.334102e+00
1.149300e+04 2.234004e+00
1.149400e+04 2.343103e+00
1.149500e+04 2.346137e+00
1.149600e+04 2.339129e+00
1.149700e+04 2.315695e+00
1.149800e+04 2.306496e+00
1.149900e+04 2.327148e+00
1.150000e+04 2.335166e+00
1.150100e+04 2.344174e+00
1.150200e+04 2.327675e+00
1.150300e+04 2.358341e+00
1.150400e+04 2.331895e+00
1.150500e+04 2.338332e+00
1.150600e+04 2.320421e+00
1.150700e+04 2.323842e+00
1.150800e+04 2.320029e+00
1.150900e+04 2.270788e+00
1.151000e+04 2.300266e+00
1.151100e+04 2.352425e+00
1.151200e+04 2.305522e+00
1.151300e+04 2.334849e+00
1.151400e+04 2.342542e+00
1.151500e+04 2.344345e+00
1.151600e+04 2.302709e+00
1.151700e+04 2.291551e+00
1.151800e+04 2.341986e+00
1.151900e+04 2.349971e+00
1.152000e+04 2.230355e+00
1.152100e+04 2.320800e+00
1.152200e+04 2.356403e+00
1.152300e+04 2.338533e+00
1.152400e+04 2.329948e+00
1.152500e+04 2.292204e+00
1.152600e+04 2.313273e+00
1.152700e+04 2.292712e+00
1.152800e+04 2.351526e+00
1.152900e+04 2.308192e+00
1.153000e+04 2.326158e+00
1.153100e+04 2.314269e+00
1.153200e+04 2.329235e+00
1.153300e+04 2.294329e+00
1.153400e+04 2.336678e+00
1.153500e+04 2.328546e+00
1.153600e+04 2.332190e+00
1.153700e+04 2.337728e+00
1.153800e+04 2.303657e+00
1.153900e+04 2.273620e+00
1.154000e+04 2.256188e+00
1.154100e+04 2.216650e+00
1.154200e+04 2.351182e+00
1.154300e+04 2.301640e+00
1.154400e+04 2.322315e+00
1.154500e+04 2.326482e+00
1.154600e+04 2.243460e+00
1.154700e+04 2.277130e+00
1.154800e+04 2.324145e+00
1.154900e+04 2.316471e+00
1.155000e+04 2.321867e+00
1.155100e+04 2.332877e+00
1.155200e+04 2.333772e+00
1.155300e+04 2.322811e+00
1.155400e+04 2.260303e+00
1.155500e+04 2.339873e+00
1.155600e+04 2.260570e+00
1.155700e+04 2.328495e+00
1.155800e+04 2.240910e+00
1.155900e+04 2.302640e+00
1.156000e+04 2.310471e+00
1.156100e+04 2.313592e+00
1.156200e+04 2.351353e+00
1.156300e+04 2.322072e+00
1.156400e+04 2.325835e+00
1.156500e+04 2.309094e+00
1.156600e+04 2.335399e+00
1.156700e+04 2.248957e+00
1.156800e+04 2.263333e+00
1.156900e+04 2.327075e+00
1.157000e+04 2.323230e+00
1.157100e+04 2.245807e+00
1.157200e+04 2.269414e+00
1.157300e+04 2.333039e+00
1.157400e+04 2.340344e+00
1.157500e+04 2.340629e+00
1.157600e+04 2.319847e+00
1.157700e+04 2.305511e+00
1.157800e+04 2.270975e+00
1.157900e+04 2.328610e+00
1.158000e+04 2.296550e+00
1.158100e+04 2.346957e+00
1.158200e+04 2.297395e+00
1.158300e+04 2.323360e+00
1.158400e+04 2.326713e+00
1.158500e+04 2.255529e+00
1.158600e+04 2.321881e+00
1.158700e+04 2.311608e+00
1.158800e+04 2.321201e+00
1.158900e+04 2.305810e+00
1.159000e+04 2.291955e+00
1.159100e+04 2.305935e+00
1.159200e+04 2.306947e+00
1.159300e+04 2.310755e+00
1.159400e+04 2.337013e+00
1.159500e+04 2.297693e+00
1.159600e+04 2.256057e+00
1.159700e+04 1.832034e+00
1.159800e+04 2.204482e+00
1.159900e+04 2.318771e+00
1.160000e+04 2.343213e+00
1.160100e+04 2.320065e+00
1.160200e+04 2.313151e+00
1.160300e+04 2.276676e+00
1.160400e+04 2.268662e+00
1.160500e+04 2.330473e+00
1.160600e+04 2.303441e+00
1.160700e+04 2.283781e+00
1.160800e+04 2.264157e+00
1.160900e+04 2.250336e+00
1.161000e+04 2.148819e+00
1.161100e+04 1.661556e+00
1.161200e+04 2.212146e+00
1.161300e+04 2.216763e+00
1.161400e+04 1.962684e+00
1.161500e+04 2.292198e+00
1.161600e+04 2.298993e+00
1.161700e+04 2.335678e+00
1.161800e+04 2.310982e+00
1.161900e+04 2.289856e+00
1.162000e+04 2.307162e+00
1.162100e+04 2.336750e+00
1.162200e+04 2.330952e+00
1.162300e+04 2.203470e+00
1.162400e+04 2.288932e+00
1.162500e+04 2.275167e+00
1.162600e+04 2.289496e+00
1.162700e+04 2.304011e+00
1.162800e+04 2.312454e+00
1.162900e+04 2.313770e+00
1.163000e+04 2.330493e+00
1.163100e+04 2.279921e+00
1.163200e+04 2.313284e+00
1.163300e+04 2.328661e+00
1.163400e+04 2.327358e+00
1.163500e+04 2.323713e+00
1.163600e+04 2.280875e+00
1.163700e+04 2.242768e+00
1.163800e+04 2.262018e+00
1.163900e+04 2.284855e+00
1.164000e+04 2.267476e+00
1.164100e+04 1.865312e+00
1.164200e+04 2.042637e+00
1.164300e+04 2.277237e+00
1.164400e+04 2.324966e+00
1.164500e+04 2.279816e+00
1.164600e+04 2.333913e+00
1.164700e+04 2.323140e+00
1.164800e+04 2.276776e+00
1.164900e+04 2.325178e+00
1.165000e+04 2.307174e+00
1.165100e+04 2.314658e+00
1.165200e+04 2.320015e+00
1.165300e+04 2.311752e+00
1.165400e+04 2.278140e+00
1.165500e+04 2.278751e+00
1.165600e+04 2.287222e+00
1.165700e+04 2.270256e+00
1.165800e+04 2.182157e+00
1.165900e+04 2.281581e+00
1.166000e+04 2.292524e+00
1.166100e+04 2.314688e+00
1.166200e+04 2.265807e+00
1.166300e+04 2.324035e+00
1.166400e+04 2.339703e+00
1.166500e+04 2.247387e+00
1.166600e+04 2.307842e+00
1.166700e+04 2.262182e+00
1.166800e+04 2.332909e+00
1.166900e+04 2.319436e+00
1.167000e+04 2.299451e+00
1.167100e+04 2.276701e+00
1.167200e+04 2.301178e+00
1.167300e+04 2.290125e+00
1.167400e+04 2.330936e+00
1.167500e+04 2.313287e+00
1.167600e+04 2.333511e+00
1.167700e+04 2.242768e+00
1.167800e+04 2.271401e+00
1.167900e+04 2.242128e+00
1.168000e+04 2.320126e+00
1.168100e+04 2.299959e+00
1.168200e+04 2.293811e+00
1.168300e+04 2.256658e+00
1.168400e+04 2.317075e+00
1.168500e+04 2.296683e+00
1.168600e+04 2.231810e+00
1.168700e+04 2.283546e+00
1.168800e+04 2.276446e+00
1.168900e+04 2.258551e+00
1.169000e+04 2.256480e+00
1.169100e+04 2.194065e+00
1.169200e+04 2.076861e+00
1.169300e+04 1.238751e+00
1.169400e+04 1.605749e+00
1.169500e+04 2.076053e+00
1.169600e+04 2.228306e+00
1.169700e+04 2.260915e+00
1.169800e+04 2.274826e+00
1.169900e+04 2.281228e+00
1.170000e+04 2.273566e+00
1.170100e+04 2.261699e+00
1.170200e+04 2.293835e+00
1.170300e+04 2.299114e+00
1.170400e+04 2.271883e+00
1.170500e+04 2.283937e+00
1.170600e+04 2.295268e+00
1.170700e+04 2.275311e+00
1.170800e+04 2.313403e+00
1.170900e+04 2.260965e+00
1.171000e+04 2.286323e+00
1.171100e+04 2.302273e+00
1.171200e+04 2.290979e+00
1.171300e+04 2.308508e+00
1.171400e+04 2.263434e+00
1.171500e+04 2.295277e+00
1.171600e+04 2.267283e+00
1.171700e+04 2.264272e+00
1.171800e+04 2.293888e+00
1.171900e+04 2.205933e+00
1.172000e+04 2.252739e+00
1.172100e+04 2.304490e+00
1.172200e+04 2.303983e+00
1.172300e+04 2.297191e+00
1.172400e+04 2.300545e+00
1.172500e+04 2.320143e+00
1.172600e+04 2.246306e+00
1.172700e+04 2.287605e+00
1.172800e+04 2.272315e+00
1.172900e+04 2.308095e+00
1.173000e+04 2.306453e+00
1.173100e+04 2.318026e+00
1.173200e+04 2.247785e+00
1.173300e+04 2.273835e+00
1.173400e+04 2.302469e+00
1.173500e+04 2.279656e+00
1.173600e+04 2.295146e+00
1.173700e+04 2.266900e+00
1.173800e+04 2.188805e+00
1.173900e+04 2.195235e+00
1.174000e+04 2.167306e+00
1.174100e+04 2.299990e+00
1.174200e+04 2.253592e+00
1.174300e+04 2.301236e+00
1.174400e+04 2.308306e+00
1.174500e+04 2.285211e+00
1.174600e+04 2.290970e+00
1.174700e+04 2.248890e+00
1.174800e+04 2.298180e+00
1.174900e+04 2.315966e+00
1.175000e+04 2.235982e+00
1.175100e+04 2.289919e+00
1.175200e+04 2.215068e+00
1.175300e+04 2.233995e+00
1.175400e+04 2.247126e+00
1.175500e+04 2.212834e+00
1.175600e+04 2.283091e+00
1.175700e+04 2.244964e+00
1.175800e+04 2.272281e+00
1.175900e+04 2.246371e+00
1.176000e+04 2.275915e+00
1.176100e+04 2.259237e+00
1.176200e+04 2.268025e+00
1.176300e+04 2.203854e+00
1.176400e+04 2.243426e+00
1.176500e+04 2.245748e+00
1.176600e+04 2.263953e+00
1.176700e+04 2.272773e+00
1.176800e+04 2.213744e+00
1.176900e+04 2.234717e+00
1.177000e+04 2.253007e+00
1.177100e+04 2.192979e+00
1.177200e+04 2.094496e+00
1.177300e+04 1.485154e+00
1.177400e+04 2.036900e+00
1.177500e+04 1.823252e+00
1.177600e+04 1.006127e+00
1.177700e+04 1.771091e+00
1.177800e+04 2.056377e+00
1.177900e+04 2.183585e+00
1.178000e+04 2.180965e+00
1.178100e+04 2.228810e+00
1.178200e+04 2.215718e+00
1.178300e+04 2.210597e+00
1.178400e+04 2.059526e+00
1.178500e+04 2.248976e+00
1.178600e+04 1.965533e+00
1.178700e+04 1.997117e+00
1.178800e+04 2.251825e+00
1.178900e+04 2.233083e+00
1.179000e+04 2.275744e+00
1.179100e+04 2.243982e+00
1.179200e+04 2.274732e+00
1.179300e+04 2.215703e+00
1.179400e+04 2.209510e+00
1.179500e+04 2.275322e+00
1.179600e+04 2.264814e+00
1.179700e+04 2.269356e+00
1.179800e+04 2.279843e+00
1.179900e+04 2.238727e+00
1.180000e+04 2.133347e+00
1.180100e+04 2.235297e+00
1.180200e+04 2.215304e+00
1.180300e+04 2.263383e+00
1.180400e+04 2.261732e+00
1.180500e+04 2.242726e+00
1.180600e+04 2.272598e+00
1.180700e+04 2.274453e+00
1.180800e+04 2.259595e+00
1.180900e+04 2.256167e+00
1.181000e+04 2.241872e+00
1.181100e+04 2.214653e+00
1.181200e+04 2.211647e+00
1.181300e+04 2.245654e+00
1.181400e+04 2.258526e+00
1.181500e+04 2.270517e+00
1.181600e+04 2.250145e+00
1.181700e+04 2.236871e+00
1.181800e+04 2.192362e+00
1.181900e+04 2.253385e+00
1.182000e+04 2.257992e+00
1.182100e+04 2.267720e+00
1.182200e+04 2.268329e+00
1.182300e+04 2.221233e+00
1.182400e+04 2.230142e+00
1.182500e+04 2.225734e+00
1.182600e+04 2.256517e+00
1.182700e+04 2.216484e+00
1.182800e+04 2.168115e+00
1.182900e+04 2.147655e+00
1.183000e+04 2.142615e+00
1.183100e+04 1.715441e+00
1.183200e+04 1.843370e+00
1.183300e+04 2.133465e+00
1.183400e+04 2.206876e+00
1.183500e+04 2.206291e+00
1.183600e+04 2.227658e+00
1.183700e+04 2.212697e+00
1.183800e+04 2.247647e+00
1.183900e+04 2.230356e+00
1.184000e+04 2.249574e+00
1.184100e+04 2.225555e+00
1.184200e+04 2.232173e+00
1.184300e+04 2.268079e+00
1.184400e+04 2.228978e+00
1.184500e+04 2.207804e+00
1.184600e+04 2.277363e+00
1.184700e+04 2.277147e+00
1.184800e+04 2.257045e+00
1.184900e+04 2.246775e+00
1.185000e+04 2.240448e+00
1.185100e+04 2.180703e+00
1.185200e+04 2.220743e+00
1.185300e+04 2.205872e+00
1.185400e+04 2.231618e+00
1.185500e+04 2.264073e+00
1.185600e+04 2.217089e+00
1.185700e+04 2.245014e+00
1.185800e+04 2.267844e+00
1.185900e+04 2.265690e+00
1.186000e+04 2.239330e+00
1.186100e+04 2.277176e+00
1.186200e+04 2.241010e+00
1.186300e+04 2.215973e+00
1.186400e+04 2.262640e+00
1.186500e+04 2.273180e+00
1.186600e+04 2.243766e+00
1.186700e+04 2.240024e+00
1.186800e+04 2.249338e+00
1.186900e+04 2.266209e+00
1.187000e+04 2.181380e+00
1.187100e+04 2.274158e+00
1.187200e+04 2.235550e+00
1.187300e+04 2.265219e+00
1.187400e+04 2.245081e+00
1.187500e+04 2.276972e+00
1.187600e+04 2.272473e+00
1.187700e+04 2.258854e+00
1.187800e+04 2.239108e+00
1.187900e+04 2.218987e+00
1.188000e+04 2.232417e+00
1.188100e+04 2.244410e+00
1.188200e+04 2.244108e+00
1.188300e+04 2.197478e+00
1.188400e+04 2.220859e+00
1.188500e+04 2.087150e+00
1.188600e+04 1.423119e+00
1.188700e+04 1.586267e+00
1.188800e+04 2.039335e+00
1.188900e+04 2.198139e+00
1.189000e+04 2.248341e+00
1.189100e+04 2.191436e+00
1.189200e+04 2.235788e+00
1.189300e+04 2.239770e+00
1.189400e+04 2.216944e+00
1.189500e+04 2.238821e+00
1.189600e+04 1.923647e+00
1.189700e+04 2.218614e+00
1.189800e+04 2.240136e+00
1.189900e+04 2.247861e+00
1.190000e+04 2.259923e+00
1.190100e+04 2.203105e+00
1.190200e+04 2.255150e+00
1.190300e+04 2.233154e+00
1.190400e+04 2.261351e+00
1.190500e+04 2.224077e+00
1.190600e+04 2.254694e+00
1.190700e+04 2.264870e+00
1.190800e+04 2.243659e+00
1.190900e+04 2.245980e+00
1.191000e+04 2.247043e+00
1.191100e+04 2.244319e+00
1.191200e+04 2.209918e+00
1.191300e+04 2.194464e+00
1.191400e+04 2.263633e+00
1.191500e+04 2.207899e+00
1.191600e+04 2.223700e+00
1.191700e+04 2.157519e+00
1.191800e+04 2.260325e+00
1.191900e+04 2.250984e+00
1.192000e+04 2.247767e+00
1.192100e+04 2.253325e+00
1.192200e+04 2.250813e+00
1.192300e+04 2.221017e+00
1.192400e+04 2.241052e+00
1.192500e+04 2.234423e+00
1.192600e+04 2.262794e+00
1.192700e+04 2.227627e+00
1.192800e+04 2.232830e+00
1.192900e+04 2.255813e+00
1.193000e+04 2.258557e+00
1.193100e+04 2.238242e+00
1.193200e+04 2.266035e+00
1.193300e+04 2.248152e+00
1.193400e+04 2.219053e+00
1.193500e+04 2.192957e+00
1.193600e+04 2.255012e+00
1.193700e+04 2.197517e+00
1.193800e+04 2.229321e+00
1.193900e+04 2.197304e+00
1.194000e+04 2.185324e+00
1.194100e+04 2.261638e+00
1.194200e+04 2.212311e+00
1.194300e+04 2.211825e+00
1.194400e+04 2.205843e+00
1.194500e+04 2.242078e+00
1.194600e+04 2.256032e+00
1.194700e+04 2.222217e+00
1.194800e+04 2.220935e+00
1.194900e+04 2.273963e+00
1.195000e+04 2.186319e+00
1.195100e+04 2.198863e+00
1.195200e+04 2.151852e+00
1.195300e+04 1.865217e+00
1.195400e+04 2.170936e+00
1.195500e+04 2.185280e+00
1.195600e+04 2.236815e+00
1.195700e+04 2.147391e+00
1.195800e+04 2.191947e+00
1.195900e+04 1.911201e+00
1.196000e+04 2.149431e+00
1.196100e+04 2.154155e+00
1.196200e+04 2.178581e+00
1.196300e+04 2.231119e+00
1.196400e+04 2.191026e+00
1.196500e+04 2.154124e+00
1.196600e+04 2.184353e+00
1.196700e+04 2.248512e+00
1.196800e+04 2.200719e+00
1.196900e+04 2.236107e+00
1.197000e+04 2.196761e+00
1.197100e+04 2.232324e+00
1.197200e+04 2.203833e+00
1.197300e+04 2.164351e+00
1.197400e+04 2.162443e+00
1.197500e+04 2.030991e+00
1.197600e+04 1.383248e+00
1.197700e+04 1.596903e+00
1.197800e+04 2.067845e+00
1.197900e+04 2.176623e+00
1.198000e+04 2.151539e+00
1.198100e+04 2.192423e+00
1.198200e+04 2.240623e+00
1.198300e+04 2.222996e+00
1.198400e+04 2.161993e+00
1.198500e+04 2.197546e+00
1.198600e+04 2.182340e+00
1.198700e+04 2.224630e+00
1.198800e+04 2.218444e+00
1.198900e+04 2.240401e+00
1.199000e+04 2.204715e+00
1.199100e+04 2.187318e+00
1.199200e+04 2.211855e+00
1.199300e+04 2.183208e+00
1.199400e+04 2.203091e+00
1.199500e+04 2.139268e+00
1.199600e+04 2.190882e+00
1.199700e+04 2.211096e+00
1.199800e+04 2.170641e+00
1.199900e+04 2.192907e+00
1.200000e+04 2.210386e+00
1.200100e+04 2.208461e+00
1.200200e+04 2.246022e+00
1.200300e+04 2.241561e+00
1.200400e+04 2.165869e+00
1.200500e+04 2.174519e+00
1.200600e+04 2.251695e+00
1.200700e+04 2.172967e+00
1.200800e+04 2.216411e+00
1.200900e+04 2.245405e+00
1.201000e+04 2.236244e+00
1.201100e+04 2.209935e+00
1.201200e+04 2.164038e+00
1.201300e+04 2.196557e+00
1.201400e+04 2.173175e+00
1.201500e+04 2.261420e+00
1.201600e+04 2.215114e+00
1.201700e+04 2.186332e+00
1.201800e+04 2.243177e+00
1.201900e+04 2.178333e+00
1.202000e+04 2.207723e+00
1.202100e+04 2.205752e+00
1.202200e+04 2.182291e+00
1.202300e+04 2.166396e+00
1.202400e+04 2.214715e+00
1.202500e+04 2.229887e+00
1.202600e+04 2.207833e+00
1.202700e+04 2.243106e+00
1.202800e+04 2.237203e+00
1.202900e+04 2.153587e+00
1.203000e+04 2.201934e+00
1.203100e+04 2.181325e+00
1.203200e+04 2.229639e+00
1.203300e+04 2.202377e+00
1.203400e+04 2.168759e+00
1.203500e+04 2.171020e+00
1.203600e+04 2.161373e+00
1.203700e+04 2.194703e+00
1.203800e+04 2.216441e+00
1.203900e+04 2.233874e+00
1.204000e+04 2.243864e+00
1.204100e+04 2.216957e+00
1.204200e+04 2.219466e+00
1.204300e+04 2.217451e+00
1.204400e+04 2.230227e+00
1.204500e+04 2.224761e+00
1.204600e+04 2.237143e+00
1.204700e+04 2.187472e+00
1.204800e+04 2.206680e+00
1.204900e+04 2.155916e+00
1.205000e+04 2.120303e+00
1.205100e+04 2.249160e+00
1.205200e+04 2.241521e+00
1.205300e+04 2.187923e+00
1.205400e+04 2.183626e+00
1.205500e+04 2.227580e+00
1.205600e+04 2.188007e+00
1.205700e+04 2.242415e+00
1.205800e+04 2.231703e+00
1.205900e+04 2.249327e+00
1.206000e+04 2.223019e+00
1.206100e+04 2.258802e+00
1.206200e+04 2.232013e+00
1.206300e+04 2.237189e+00
1.206400e+04 2.240852e+00
1.206500e+04 2.207778e+00
1.206600e+04 2.194390e+00
1.206700e+04 2.201583e+00
1.206800e+04 2.211002e+00
1.206900e+04 2.188076e+00
1.207000e+04 2.134251e+00
1.207100e+04 2.208035e+00
1.207200e+04 2.204242e+00
1.207300e+04 2.175642e+00
1.207400e+04 2.236609e+00
1.207500e+04 2.207359e+00
1.207600e+04 2.165364e+00
1.207700e+04 2.186222e+00
1.207800e+04 2.193570e+00
1.207900e+04 2.247131e+00
1.208000e+04 2.202012e+00
1.208100e+04 2.218201e+00
1.208200e+04 2.194355e+00
1.208300e+04 2.178099e+00
1.208400e+04 2.215897e+00
1.208500e+04 2.189460e+00
1.208600e+04 2.136264e+00
1.208700e+04 2.015170e+00
1.208800e+04 2.143839e+00
1.208900e+04 2.166303e+00
1.209000e+04 2.122514e+00
1.209100e+04 2.147736e+00
1.209200e+04 2.175114e+00
1.209300e+04 2.173921e+00
1.209400e+04 2.218622e+00
1.209500e+04 2.214325e+00
1.209600e+04 2.231036e+00
1.209700e+04 2.211093e+00
1.209800e+04 2.198793e+00
1.209900e+04 2.224668e+00
1.210000e+04 2.245305e+00
1.210100e+04 2.240378e+00
1.210200e+04 2.223968e+00
1.210300e+04 2.229207e+00
1.210400e+04 2.213067e+00
1.210500e+04 2.173860e+00
1.210600e+04 2.241161e+00
1.210700e+04 2.199925e+00
1.210800e+04 2.222172e+00
1.210900e+04 2.152020e+00
1.211000e+04 2.201595e+00
1.211100e+04 2.230367e+00
1.211200e+04 2.191901e+00
1.211300e+04 2.168972e+00
1.211400e+04 2.146705e+00
1.211500e+04 2.207108e+00
1.211600e+04 2.206259e+00
1.211700e+04 2.188070e+00
1.211800e+04 2.175061e+00
1.211900e+04 2.176467e+00
1.212000e+04 2.243972e+00
1.212100e+04 2.155597e+00
1.212200e+04 2.218437e+00
1.212300e+04 2.179013e+00
1.212400e+04 2.226006e+00
1.212500e+04 2.217529e+00
1.212600e+04 2.228534e+00
1.212700e+04 2.226655e+00
1.212800e+04 2.222597e+00
1.212900e+04 2.182308e+00
1.213000e+04 2.197294e+00
1.213100e+04 2.161631e+00
1.213200e+04 2.193552e+00
1.213300e+04 2.167583e+00
1.213400e+04 2.148516e+00
1.213500e+04 2.227389e+00
1.213600e+04 2.187835e+00
1.213700e+04 2.206429e+00
1.213800e+04 2.231809e+00
1.213900e+04 2.210692e+00
1.214000e+04 2.243553e+00
1.214100e+04 2.239051e+00
1.214200e+04 2.207088e+00
1.214300e+04 2.227816e+00
1.214400e+04 2.195879e+00
1.214500e+04 2.220766e+00
1.214600e+04 2.202190e+00
1.214700e+04 2.181479e+00
1.214800e+04 2.226533e+00
1.214900e+04 2.225380e+00
1.215000e+04 2.228150e+00
1.215100e+04 2.189556e+00
1.215200e+04 2.229596e+00
1.215300e+04 2.209433e+00
1.215400e+04 2.230036e+00
1.215500e+04 2.237083e+00
1.215600e+04 2.200818e+00
1.215700e+04 2.231667e+00
1.215800e+04 2.218774e+00
1.215900e+04 2.220079e+00
1.216000e+04 2.223379e+00
1.216100e+04 2.140048e+00
1.216200e+04 2.153773e+00
1.216300e+04 2.232623e+00
1.216400e+04 2.212179e+00
1.216500e+04 2.151359e+00
1.216600e+04 2.166654e+00
1.216700e+04 2.217051e+00
1.216800e+04 2.207971e+00
1.216900e+04 2.190828e+00
1.217000e+04 2.193361e+00
1.217100e+04 2.200229e+00
1.217200e+04 2.227226e+00
1.217300e+04 2.229490e+00
1.217400e+04 2.189056e+00
1.217500e+04 2.216434e+00
1.217600e+04 2.230070e+00
1.217700e+04 2.234824e+00
1.217800e+04 2.201266e+00
1.217900e+04 2.194438e+00
1.218000e+04 2.237160e+00
1.218100e+04 2.203402e+00
1.218200e+04 2.189528e+00
1.218300e+04 2.243018e+00
1.218400e+04 2.182358e+00
1.218500e+04 2.193788e+00
1.218600e+04 2.209821e+00
1.218700e+04 2.209091e+00
1.218800e+04 2.222342e+00
1.218900e+04 2.211182e+00
1.219000e+04 2.201735e+00
1.219100e+04 2.142035e+00
1.219200e+04 2.199014e+00
1.219300e+04 2.231035e+00
1.219400e+04 2.212352e+00
1.219500e+04 2.218702e+00
1.219600e+04 2.204962e+00
1.219700e+04 2.216897e+00
1.219800e+04 2.191956e+00
1.219900e+04 2.220239e+00
1.220000e+04 2.172643e+00
1.220100e+04 2.163749e+00
1.220200e+04 2.194844e+00
1.220300e+04 2.214440e+00
1.220400e+04 2.178343e+00
1.220500e+04 2.171606e+00
1.220600e+04 2.180967e+00
1.220700e+04 2.221464e+00
1.220800e+04 2.176589e+00
1.220900e+04 2.201199e+00
1.221000e+04 2.232293e+00
1.221100e+04 2.193175e+00
1.221200e+04 2.182030e+00
1.221300e+04 2.220840e+00
1.221400e+04 2.157672e+00
1.221500e+04 2.179919e+00
1.221600e+04 2.213147e+00
1.221700e+04 2.177930e+00
1.221800e+04 2.214068e+00
1.221900e+04 2.169339e+00
1.222000e+04 2.217685e+00
1.222100e+04 2.218500e+00
1.222200e+04 2.183190e+00
1.222300e+04 2.212968e+00
1.222400e+04 2.199590e+00
1.222500e+04 2.146313e+00
1.222600e+04 2.205395e+00
1.222700e+04 2.191141e+00
1.222800e+04 2.199117e+00
1.222900e+04 2.210553e+00
1.223000e+04 2.191254e+00
1.223100e+04 2.183756e+00
1.223200e+04 2.226149e+00
1.223300e+04 2.211321e+00
1.223400e+04 2.201255e+00
1.223500e+04 2.196918e+00
1.223600e+04 2.163855e+00
1.223700e+04 2.178216e+00
1.223800e+04 2.198801e+00
1.223900e+04 2.162377e+00
1.224000e+04 2.176461e+00
1.224100e+04 2.217496e+00
1.224200e+04 2.214842e+00
1.224300e+04 2.193725e+00
1.224400e+04 2.197056e+00
1.224500e+04 2.206546e+00
1.224600e+04 2.180639e+00
1.224700e+04 2.202968e+00
1.224800e+04 2.199582e+00
1.224900e+04 2.206027e+00
1.225000e+04 2.206106e+00
1.225100e+04 2.210012e+00
1.225200e+04 2.203295e+00
1.225300e+04 2.175537e+00
1.225400e+04 2.198124e+00
1.225500e+04 2.189804e+00
1.225600e+04 2.215080e+00
1.225700e+04 2.202072e+00
1.225800e+04 2.190044e+00
1.225900e+04 2.196924e+00
1.226000e+04 2.191305e+00
1.226100e+04 2.214330e+00
1.226200e+04 2.223336e+00
1.226300e+04 2.216989e+00
1.226400e+04 2.184374e+00
1.226500e+04 2.181405e+00
1.226600e+04 2.217191e+00
1.226700e+04 2.181493e+00
1.226800e+04 2.197332e+00
1.226900e+04 2.220454e+00
1.227000e+04 2.206154e+00
1.227100e+04 2.205392e+00
1.227200e+04 2.213484e+00
1.227300e+04 2.174824e+00
1.227400e+04 2.182357e+00
1.227500e+04 2.173088e+00
1.227600e+04 2.156495e+00
1.227700e+04 2.130285e+00
1.227800e+04 2.211608e+00
1.227900e+04 2.196212e+00
1.228000e+04 2.190475e+00
1.228100e+04 2.210971e+00
1.228200e+04 2.206397e+00
1.228300e+04 2.221675e+00
1.228400e+04 2.207282e+00
1.228500e+04 2.203368e+00
1.228600e+04 2.175291e+00
1.228700e+04 2.197624e+00
1.228800e+04 2.216411e+00
1.228900e+04 2.188227e+00
1.229000e+04 2.206796e+00
1.229100e+04 2.179644e+00
1.229200e+04 2.213543e+00
1.229300e+04 2.182402e+00
1.229400e+04 2.191103e+00
1.229500e+04 2.195815e+00
1.229600e+04 2.184661e+00
1.229700e+04 2.161399e+00
1.229800e+04 2.189453e+00
1.229900e+04 2.178673e+00
1.230000e+04 2.214946e+00
1.230100e+04 2.189086e+00
1.230200e+04 2.198717e+00
1.230300e+04 2.204306e+00
1.230400e+04 2.161597e+00
1.230500e+04 2.184678e+00
1.230600e+04 2.183378e+00
1.230700e+04 2.191664e+00
1.230800e+04 2.198590e+00
1.230900e+04 2.201913e+00
1.231000e+04 2.176662e+00
1.231100e+04 2.201200e+00
1.231200e+04 2.154258e+00
1.231300e+04 2.197322e+00
1.231400e+04 2.191373e+00
1.231500e+04 2.146380e+00
1.231600e+04 2.168578e+00
1.231700e+04 2.186848e+00
1.231800e+04 2.153777e+00
1.231900e+04 2.166201e+00
1.232000e+04 2.178246e+00
1.232100e+04 2.185828e+00
1.232200e+04 2.186470e+00
1.232300e+04 2.071835e+00
1.232400e+04 2.140305e+00
1.232500e+04 2.176642e+00
1.232600e+04 2.173948e+00
1.232700e+04 2.166842e+00
1.232800e+04 2.197142e+00
1.232900e+04 2.200685e+00
1.233000e+04 2.195543e+00
1.233100e+04 2.170151e+00
1.233200e+04 2.165749e+00
1.233300e+04 2.158177e+00
1.233400e+04 2.162593e+00
1.233500e+04 2.148474e+00
1.233600e+04 2.158857e+00
1.233700e+04 2.181202e+00
1.233800e+04 2.194854e+00
1.233900e+04 2.202497e+00
1.234000e+04 2.192846e+00
1.234100e+04 2.199600e+00
1.234200e+04 2.153795e+00
1.234300e+04 2.189800e+00
1.234400e+04 2.155776e+00
1.234500e+04 2.187545e+00
1.234600e+04 2.187088e+00
1.234700e+04 2.106515e+00
1.234800e+04 2.210192e+00
1.234900e+04 2.189516e+00
1.235000e+04 2.206240e+00
1.235100e+04 2.179747e+00
1.235200e+04 2.162948e+00
1.235300e+04 2.161820e+00
1.235400e+04 2.183146e+00
1.235500e+04 2.193110e+00
1.235600e+04 2.200942e+00
1.235700e+04 2.182520e+00
1.235800e+04 2.180223e+00
1.235900e+04 2.169719e+00
1.236000e+04 2.171962e+00
1.236100e+04 2.155166e+00
1.236200e+04 2.170765e+00
1.236300e+04 2.205802e+00
1.236400e+04 2.163770e+00
1.236500e+04 2.163055e+00
1.236600e+04 2.171423e+00
1.236700e+04 2.152488e+00
1.236800e+04 2.167921e+00
1.236900e+04 2.187394e+00
1.237000e+04 2.168931e+00
1.237100e+04 2.165049e+00
1.237200e+04 2.172998e+00
1.237300e+04 2.208170e+00
1.237400e+04 2.167927e+00
1.237500e+04 2.197790e+00
1.237600e+04 2.146752e+00
1.237700e+04 2.159364e+00
1.237800e+04 2.170022e+00
1.237900e+04 2.189676e+00
1.238000e+04 2.197192e+00
1.238100e+04 2.177500e+00
1.238200e+04 2.175874e+00
1.238300e+04 2.172114e+00
1.238400e+04 2.183976e+00
1.238500e+04 2.205367e+00
1.238600e+04 2.198419e+00
1.238700e+04 2.171409e+00
1.238800e+04 2.189252e+00
1.238900e+04 2.194457e+00
1.239000e+04 2.146717e+00
1.239100e+04 2.179579e+00
1.239200e+04 2.091352e+00
1.239300e+04 2.085671e+00
1.239400e+04 2.128818e+00
1.239500e+04 2.187543e+00
1.239600e+04 2.144319e+00
1.239700e+04 2.189722e+00
1.239800e+04 2.191337e+00
1.239900e+04 2.172122e+00
1.240000e+04 2.135509e+00
1.240100e+04 2.151190e+00
1.240200e+04 2.146019e+00
1.240300e+04 2.169675e+00
1.240400e+04 2.175156e+00
1.240500e+04 2.163055e+00
1.240600e+04 2.193934e+00
1.240700e+04 2.086085e+00
1.240800e+04 2.156296e+00
1.240900e+04 2.135726e+00
1.241000e+04 2.030871e+00
1.241100e+04 2.059479e+00
1.241200e+04 2.104610e+00
1.241300e+04 2.166538e+00
1.241400e+04 2.122521e+00
1.241500e+04 2.094362e+00
1.241600e+04 2.115699e+00
1.241700e+04 2.162778e+00
1.241800e+04 2.172201e+00
1.241900e+04 2.083336e+00
1.242000e+04 2.107334e+00
1.242100e+04 2.092301e+00
1.242200e+04 2.131478e+00
1.242300e+04 2.133229e+00
1.242400e+04 2.076453e+00
1.242500e+04 2.129501e+00
1.242600e+04 2.133035e+00
1.242700e+04 2.098127e+00
1.242800e+04 2.112119e+00
1.242900e+04 2.124110e+00
1.243000e+04 2.089486e+00
1.243100e+04 2.139821e+00
1.243200e+04 2.128247e+00
1.243300e+04 2.136624e+00
1.243400e+04 2.083884e+00
1.243500e+04 1.865545e+00
1.243600e+04 1.425122e+00
1.243700e+04 2.079312e+00
1.243800e+04 2.103897e+00
1.243900e+04 2.120437e+00
1.244000e+04 2.101660e+00
1.244100e+04 2.158608e+00
1.244200e+04 2.108385e+00
1.244300e+04 2.121958e+00
1.244400e+04 2.149438e+00
1.244500e+04 2.155382e+00
1.244600e+04 2.103311e+00
1.244700e+04 2.124120e+00
1.244800e+04 2.144013e+00
1.244900e+04 2.181336e+00
1.245000e+04 2.137046e+00
1.245100e+04 2.112207e+00
1.245200e+04 2.179194e+00
1.245300e+04 2.134276e+00
1.245400e+04 2.164606e+00
1.245500e+04 2.124753e+00
1.245600e+04 2.127125e+00
1.245700e+04 2.106627e+00
1.245800e+04 2.165554e+00
1.245900e+04 2.126766e+00
1.246000e+04 2.172486e+00
1.246100e+04 2.135683e+00
1.246200e+04 2.144193e+00
1.246300e+04 2.094863e+00
1.246400e+04 2.146857e+00
1.246500e+04 2.159522e+00
1.246600e+04 2.112146e+00
1.246700e+04 2.176720e+00
1.246800e+04 2.135702e+00
1.246900e+04 2.115943e+00
1.247000e+04 2.109123e+00
1.247100e+04 2.165783e+00
1.247200e+04 2.097145e+00
1.247300e+04 2.149186e+00
1.247400e+04 2.164138e+00
1.247500e+04 2.120087e+00
1.247600e+04 2.135447e+00
1.247700e+04 2.129745e+00
1.247800e+04 2.111651e+00
1.247900e+04 2.107160e+00
1.248000e+04 2.140626e+00
1.248100e+04 2.094012e+00
1.248200e+04 2.129635e+00
1.248300e+04 2.156620e+00
1.248400e+04 2.168687e+00
1.248500e+04 2.137210e+00
1.248600e+04 2.125008e+00
1.248700e+04 2.157233e+00
1.248800e+04 2.098844e+00
1.248900e+04 2.146666e+00
1.249000e+04 2.129058e+00
1.249100e+04 2.156886e+00
1.249200e+04 2.095953e+00
1.249300e+04 2.137971e+00
1.249400e+04 2.188778e+00
1.249500e+04 2.175752e+00
1.249600e+04 2.122152e+00
1.249700e+04 2.093764e+00
1.249800e+04 2.169191e+00
1.249900e+04 2.120175e+00
1.250000e+04 2.132792e+00
1.250100e+04 2.090507e+00
1.250200e+04 2.122700e+00
1.250300e+04 2.077481e+00
1.250400e+04 2.174261e+00
1.250500e+04 2.126728e+00
1.250600e+04 2.159830e+00
1.250700e+04 2.172925e+00
1.250800e+04 2.164268e+00
1.250900e+04 2.082096e+00
1.251000e+04 2.160662e+00
1.251100e+04 2.167221e+00
1.251200e+04 2.141686e+00
1.251300e+04 2.155000e+00
1.251400e+04 2.122337e+00
1.251500e+04 2.086246e+00
1.251600e+04 2.155076e+00
1.251700e+04 2.116311e+00
1.251800e+04 2.091909e+00
1.251900e+04 2.094504e+00
1.252000e+04 2.062197e+00
1.252100e+04 2.118746e+00
1.252200e+04 2.112564e+00
1.252300e+04 2.123536e+00
1.252400e+04 2.056617e+00
1.252500e+04 1.577854e+00
1.252600e+04 1.458498e+00
1.252700e+04 1.983047e+00
1.252800e+04 2.072112e+00
1.252900e+04 2.100513e+00
1.253000e+04 2.113168e+00
1.253100e+04 2.118333e+00
1.253200e+04 2.116408e+00
1.253300e+04 2.154619e+00
1.253400e+04 2.133405e+00
1.253500e+04 2.153742e+00
1.253600e+04 2.053457e+00
1.253700e+04 2.098519e+00
1.253800e+04 2.152372e+00
1.253900e+04 2.117654e+00
1.254000e+04 2.165754e+00
1.254100e+04 2.145626e+00
1.254200e+04 2.133268e+00
1.254300e+04 2.159446e+00
1.254400e+04 2.128223e+00
1.254500e+04 2.133676e+00
1.254600e+04 2.073276e+00
1.254700e+04 2.144786e+00
1.254800e+04 2.131179e+00
1.254900e+04 2.139251e+00
1.255000e+04 2.153107e+00
1.255100e+04 2.059458e+00
1.255200e+04 2.104791e+00
1.255300e+04 2.125642e+00
1.255400e+04 2.087956e+00
1.255500e+04 2.125046e+00
1.255600e+04 2.097970e+00
1.255700e+04 2.142820e+00
1.255800e+04 2.099222e+00
1.255900e+04 2.115654e+00
1.256000e+04 2.106231e+00
1.256100e+04 2.094529e+00
1.256200e+04 2.101117e+00
1.256300e+04 2.149735e+00
1.256400e+04 2.138183e+00
1.256500e+04 2.128015e+00
1.256600e+04 2.157488e+00
1.256700e+04 2.105055e+00
1.256800e+04 2.114037e+00
1.256900e+04 2.117236e+00
1.257000e+04 2.132564e+00
1.257100e+04 2.113725e+00
1.257200e+04 2.111228e+00
1.257300e+04 2.054625e+00
1.257400e+04 2.138019e+00
1.257500e+04 2.101844e+00
1.257600e+04 2.119293e+00
1.257700e+04 2.125197e+00
1.257800e+04 2.074750e+00
1.257900e+04 2.118119e+00
1.258000e+04 2.112963e+00
1.258100e+04 2.115695e+00
1.258200e+04 2.115838e+00
1.258300e+04 2.134749e+00
1.258400e+04 2.101659e+00
1.258500e+04 2.147333e+00
1.258600e+04 2.110856e+00
1.258700e+04 2.157996e+00
1.258800e+04 2.112243e+00
1.258900e+04 2.138723e+00
1.259000e+04 2.075632e+00
1.259100e+04 2.109893e+00
1.259200e+04 2.120335e+00
1.259300e+04 2.143654e+00
1.259400e+04 2.081329e+00
1.259500e+04 2.105744e+00
1.259600e+04 2.090222e+00
1.259700e+04 2.093874e+00
1.259800e+04 2.108616e+00
1.259900e+04 2.110138e+00
1.260000e+04 2.098025e+00
1.260100e+04 2.154581e+00
1.260200e+04 2.096765e+00
1.260300e+04 2.124051e+00
1.260400e+04 2.014279e+00
1.260500e+04 2.091135e+00
1.260600e+04 2.117487e+00
1.260700e+04 2.133624e+00
1.260800e+04 2.118425e+00
1.260900e+04 2.141512e+00
1.261000e+04 2.108021e+00
1.261100e+04 2.099212e+00
1.261200e+04 2.135516e+00
1.261300e+04 2.125000e+00
1.261400e+04 2.088349e+00
1.261500e+04 2.098475e+00
1.261600e+04 2.132672e+00
1.261700e+04 2.112704e+00
1.261800e+04 2.136445e+00
1.261900e+04 2.088329e+00
1.262000e+04 2.115202e+00
1.262100e+04 2.096444e+00
1.262200e+04 2.134305e+00
1.262300e+04 2.121326e+00
1.262400e+04 2.069972e+00
1.262500e+04 2.119659e+00
1.262600e+04 2.140464e+00
1.262700e+04 2.091454e+00
1.262800e+04 2.126475e+00
1.262900e+04 2.141656e+00
1.263000e+04 2.099242e+00
1.263100e+04 2.117226e+00
1.263200e+04 2.083151e+00
1.263300e+04 2.130797e+00
1.263400e+04 2.106002e+00
1.263500e+04 2.116909e+00
1.263600e+04 2.069752e+00
1.263700e+04 2.140977e+00
1.263800e+04 2.105929e+00
1.263900e+04 2.103760e+00
1.264000e+04 2.092952e+00
1.264100e+04 2.137535e+00
1.264200e+04 2.015424e+00
1.264300e+04 2.058652e+00
1.264400e+04 2.080476e+00
1.264500e+04 2.121785e+00
1.264600e+04 2.092037e+00
1.264700e+04 2.103415e+00
1.264800e+04 2.118694e+00
1.264900e+04 2.104152e+00
1.265000e+04 2.100796e+00
1.265100e+04 2.150621e+00
1.265200e+04 2.098523e+00
1.265300e+04 2.134359e+00
1.265400e+04 2.069208e+00
1.265500e+04 2.147627e+00
1.265600e+04 2.140284e+00
1.265700e+04 2.105338e+00
1.265800e+04 2.094511e+00
1.265900e+04 2.120915e+00
1.266000e+04 2.139111e+00
1.266100e+04 2.071883e+00
1.266200e+04 2.089961e+00
1.266300e+04 2.080701e+00
1.266400e+04 2.125258e+00
1.266500e+04 2.104666e+00
1.266600e+04 2.147559e+00
1.266700e+04 2.105161e+00
1.266800e+04 2.113869e+00
1.266900e+04 2.093409e+00
1.267000e+04 2.143570e+00
1.267100e+04 2.133832e+00
1.267200e+04 2.086460e+00
1.267300e+04 2.113264e+00
1.267400e+04 2.066903e+00
1.267500e+04 1.981626e+00
1.267600e+04 2.081262e+00
1.267700e+04 2.085707e+00
1.267800e+04 2.082295e+00
1.267900e+04 2.113970e+00
1.268000e+04 2.084114e+00
1.268100e+04 1.998806e+00
1.268200e+04 1.774336e+00
1.268300e+04 1.576573e+00
1.268400e+04 1.989393e+00
1.268500e+04 2.081162e+00
1.268600e+04 2.083435e+00
1.268700e+04 2.080437e+00
1.268800e+04 2.102947e+00
1.268900e+04 2.112933e+00
1.269000e+04 2.137832e+00
1.269100e+04 2.077084e+00
1.269200e+04 2.093633e+00
1.269300e+04 2.118421e+00
1.269400e+04 2.133495e+00
1.269500e+04 2.124384e+00
1.269600e+04 2.120735e+00
1.269700e+04 2.102252e+00
1.269800e+04 2.042109e+00
1.269900e+04 2.110902e+00
1.270000e+04 2.120346e+00
1.270100e+04 2.059864e+00
1.270200e+04 2.066303e+00
1.270300e+04 2.082190e+00
1.270400e+04 2.131143e+00
1.270500e+04 2.079778e+00
1.270600e+04 2.086032e+00
1.270700e+04 2.112829e+00
1.270800e+04 2.092379e+00
1.270900e+04 2.063737e+00
1.271000e+04 2.122452e+00
1.271100e+04 2.114640e+00
1.271200e+04 2.087598e+00
1.271300e+04 2.104922e+00
1.271400e+04 2.095612e+00
1.271500e+04 2.095068e+00
1.271600e+04 2.131744e+00
1.271700e+04 2.132189e+00
1.271800e+04 2.111557e+00
1.271900e+04 2.127306e+00
1.272000e+04 2.080059e+00
1.272100e+04 2.116418e+00
1.272200e+04 2.098898e+00
1.272300e+04 2.122510e+00
1.272400e+04 2.109862e+00
1.272500e+04 2.130181e+00
1.272600e+04 2.118224e+00
1.272700e+04 2.120550e+00
1.272800e+04 2.133871e+00
1.272900e+04 2.080797e+00
1.273000e+04 2.106193e+00
1.273100e+04 2.095908e+00
1.273200e+04 2.128296e+00
1.273300e+04 2.090568e+00
1.273400e+04 2.112863e+00
1.273500e+04 2.093156e+00
1.273600e+04 2.137590e+00
1.273700e+04 2.092730e+00
1.273800e+04 2.087909e+00
1.273900e+04 2.107817e+00
1.274000e+04 2.107171e+00
1.274100e+04 2.062231e+00
1.274200e+04 1.921761e+00
1.274300e+04 2.110455e+00
1.274400e+04 2.078292e+00
1.274500e+04 2.009842e+00
1.274600e+04 2.085139e+00
1.274700e+04 2.088663e+00
1.274800e+04 2.073973e+00
1.274900e+04 2.066882e+00
1.275000e+04 2.099128e+00
1.275100e+04 2.065218e+00
1.275200e+04 2.104365e+00
1.275300e+04 2.094663e+00
1.275400e+04 2.085024e+00
1.275500e+04 2.063940e+00
1.275600e+04 2.064563e+00
1.275700e+04 2.131520e+00
1.275800e+04 2.106053e+00
1.275900e+04 2.105817e+00
1.276000e+04 2.103093e+00
1.276100e+04 2.111109e+00
1.276200e+04 2.098763e+00
1.276300e+04 2.111909e+00
1.276400e+04 2.129871e+00
1.276500e+04 2.077088e+00
1.276600e+04 2.088335e+00
1.276700e+04 2.104953e+00
1.276800e+04 2.118593e+00
1.276900e+04 2.083480e+00
1.277000e+04 2.083899e+00
1.277100e+04 2.119484e+00
1.277200e+04 2.072481e+00
1.277300e+04 2.087176e+00
1.277400e+04 2.136084e+00
1.277500e+04 2.072101e+00
1.277600e+04 2.083333e+00
1.277700e+04 2.119216e+00
1.277800e+04 2.126050e+00
1.277900e+04 2.102338e+00
1.278000e+04 2.079112e+00
1.278100e+04 2.048146e+00
1.278200e+04 2.107211e+00
1.278300e+04 2.110446e+00
1.278400e+04 2.097491e+00
1.278500e+04 2.100805e+00
1.278600e+04 2.085424e+00
1.278700e+04 2.078521e+00
1.278800e+04 2.081453e+00
1.278900e+04 2.099369e+00
1.279000e+04 2.109805e+00
1.279100e+04 2.123321e+00
1.279200e+04 2.115269e+00
1.279300e+04 2.105740e+00
1.279400e+04 2.114351e+00
1.279500e+04 2.079160e+00
1.279600e+04 2.109293e+00
1.279700e+04 2.119911e+00
1.279800e+04 2.084983e+00
1.279900e+04 2.085970e+00
1.280000e+04 2.087880e+00
1.280100e+04 2.119853e+00
1.280200e+04 2.106768e+00
1.280300e+04 2.088636e+00
1.280400e+04 2.112603e+00
1.280500e+04 2.057743e+00
1.280600e+04 2.113372e+00
1.280700e+04 2.088113e+00
1.280800e+04 2.039926e+00
1.280900e+04 2.102095e+00
1.281000e+04 2.099357e+00
1.281100e+04 2.104079e+00
1.281200e+04 2.099406e+00
1.281300e+04 2.107911e+00
1.281400e+04 2.079324e+00
1.281500e+04 1.996483e+00
1.281600e+04 2.080027e+00
1.281700e+04 2.053813e+00
1.281800e+04 2.078371e+00
1.281900e+04 1.900697e+00
1.282000e+04 1.886296e+00
1.282100e+04 2.069399e+00
1.282200e+04 2.068656e+00
1.282300e+04 2.093797e+00
1.282400e+04 2.074057e+00
1.282500e+04 1.627505e+00
1.282600e+04 1.985887e+00
1.282700e+04 1.880460e+00
1.282800e+04 1.970768e+00
1.282900e+04 2.077116e+00
1.283000e+04 2.061303e+00
1.283100e+04 2.029357e+00
1.283200e+04 2.054553e+00
1.283300e+04 2.067902e+00
1.283400e+04 2.024549e+00
1.283500e+04 1.705708e+00
1.283600e+04 2.048083e+00
1.283700e+04 2.082859e+00
1.283800e+04 2.106165e+00
1.283900e+04 2.110237e+00
1.284000e+04 2.055475e+00
1.284100e+04 2.060591e+00
1.284200e+04 2.063372e+00
1.284300e+04 2.106423e+00
1.284400e+04 2.061409e+00
1.284500e+04 2.073923e+00
1.284600e+04 2.089197e+00
1.284700e+04 2.086858e+00
1.284800e+04 2.073161e+00
1.284900e+04 2.060531e+00
1.285000e+04 1.898725e+00
1.285100e+04 1.800132e+00
1.285200e+04 2.054839e+00
1.285300e+04 2.096422e+00
1.285400e+04 2.084582e+00
1.285500e+04 2.086060e+00
1.285600e+04 2.103833e+00
1.285700e+04 2.098927e+00
1.285800e+04 2.073931e+00
1.285900e+04 2.059267e+00
1.286000e+04 2.037464e+00
1.286100e+04 2.050774e+00
1.286200e+04 2.040919e+00
1.286300e+04 2.068261e+00
1.286400e+04 2.058061e+00
1.286500e+04 2.080767e+00
1.286600e+04 2.039503e+00
1.286700e+04 2.100955e+00
1.286800e+04 2.043953e+00
1.286900e+04 2.096044e+00
1.287000e+04 2.077874e+00
1.287100e+04 2.101553e+00
1.287200e+04 2.087259e+00
1.287300e+04 2.088970e+00
1.287400e+04 2.108232e+00
1.287500e+04 2.090055e+00
1.287600e+04 2.067794e+00
1.287700e+04 2.064561e+00
1.287800e+04 2.021098e+00
1.287900e+04 2.100190e+00
1.288000e+04 2.103985e+00
1.288100e+04 2.093265e+00
1.288200e+04 2.102948e+00
1.288300e+04 1.965237e+00
1.288400e+04 2.055817e+00
1.288500e+04 2.044869e+00
1.288600e+04 2.039467e+00
1.288700e+04 2.049880e+00
1.288800e+04 2.081921e+00
1.288900e+04 1.997077e+00
1.289000e+04 2.102612e+00
1.289100e+04 2.099106e+00
1.289200e+04 2.056442e+00
1.289300e+04 2.076652e+00
1.289400e+04 2.091770e+00
1.289500e+04 2.061981e+00
1.289600e+04 2.050849e+00
1.289700e+04 2.105082e+00
1.289800e+04 2.047744e+00
1.289900e+04 2.071475e+00
1.290000e+04 2.047894e+00
1.290100e+04 2.058578e+00
1.290200e+04 2.005358e+00
1.290300e+04 1.480756e+00
1.290400e+04 1.842791e+00
1.290500e+04 2.023588e+00
1.290600e+04 2.053432e+00
1.290700e+04 2.049432e+00
1.290800e+04 2.094654e+00
1.290900e+04 2.069891e+00
1.291000e+04 2.058132e+00
1.291100e+04 2.051269e+00
1.291200e+04 2.001447e+00
1.291300e+04 1.945577e+00
1.291400e+04 1.952471e+00
1.291500e+04 2.055279e+00
1.291600e+04 2.048614e+00
1.291700e+04 2.026250e+00
1.291800e+04 2.099777e+00
1.291900e+04 2.036892e+00
1.292000e+04 2.077879e+00
1.292100e+04 2.058601e+00
1.292200e+04 2.095562e+00
1.292300e+04 2.042029e+00
1.292400e+04 2.052363e+00
1.292500e+04 2.045558e+00
1.292600e+04 2.065564e+00
1.292700e+04 2.059715e+00
1.292800e+04 2.052499e+00
1.292900e+04 2.064722e+00
1.293000e+04 2.067569e+00
1.293100e+04 2.040874e+00
1.293200e+04 2.047480e+00
1.293300e+04 2.042147e+00
1.293400e+04 2.098256e+00
1.293500e+04 2.090860e+00
1.293600e+04 2.074658e+00
1.293700e+04 2.081240e+00
1.293800e+04 2.041341e+00
1.293900e+04 2.062079e+00
1.294000e+04 1.998868e+00
1.294100e+04 2.054465e+00
1.294200e+04 2.104002e+00
1.294300e+04 2.076678e+00
1.294400e+04 2.108036e+00
1.294500e+04 2.088183e+00
1.294600e+04 2.021282e+00
1.294700e+04 2.058457e+00
1.294800e+04 2.066551e+00
1.294900e+04 1.997105e+00
1.295000e+04 2.002363e+00
1.295100e+04 2.089474e+00
1.295200e+04 2.067660e+00
1.295300e+04 2.080760e+00
1.295400e+04 2.063195e+00
1.295500e+04 2.058620e+00
1.295600e+04 2.065955e+00
1.295700e+04 2.071472e+00
1.295800e+04 2.104260e+00
1.295900e+04 2.039004e+00
1.296000e+04 2.093513e+00
1.296100e+04 2.080516e+00
1.296200e+04 2.054259e+00
1.296300e+04 2.088383e+00
1.296400e+04 2.081064e+00
1.296500e+04 2.056586e+00
1.296600e+04 2.095527e+00
1.296700e+04 2.098189e+00
1.296800e+04 2.055500e+00
1.296900e+04 2.043724e+00
1.297000e+04 2.077424e+00
1.297100e+04 2.071480e+00
1.297200e+04 2.051013e+00
1.297300e+04 2.062876e+00
1.297400e+04 2.070068e+00
1.297500e+04 2.078194e+00
1.297600e+04 2.062143e+00
1.297700e+04 2.064698e+00
1.297800e+04 2.050184e+00
1.297900e+04 1.938681e+00
1.298000e+04 1.967720e+00
1.298100e+04 2.077799e+00
1.298200e+04 2.075744e+00
1.298300e+04 2.046753e+00
1.298400e+04 2.070065e+00
1.298500e+04 2.036854e+00
1.298600e+04 2.090014e+00
1.298700e+04 2.075432e+00
1.298800e+04 2.064261e+00
1.298900e+04 2.087193e+00
1.299000e+04 2.062453e+00
1.299100e+04 1.983969e+00
1.299200e+04 2.024151e+00
1.299300e+04 2.062508e+00
1.299400e+04 2.066174e+00
1.299500e+04 2.060590e+00
1.299600e+04 2.090022e+00
1.299700e+04 2.036097e+00
1.299800e+04 2.074348e+00
1.299900e+04 2.073219e+00
1.300000e+04 2.080672e+00
1.300100e+04 2.044199e+00
1.300200e+04 2.039633e+00
1.300300e+04 2.081396e+00
1.300400e+04 2.061110e+00
1.300500e+04 2.061703e+00
1.300600e+04 2.074914e+00
1.300700e+04 2.075677e+00
1.300800e+04 2.083478e+00
1.300900e+04 2.032580e+00
1.301000e+04 2.046495e+00
1.301100e+04 2.060074e+00
1.301200e+04 2.042872e+00
1.301300e+04 2.055140e+00
1.301400e+04 2.021711e+00
1.301500e+04 1.958768e+00
1.301600e+04 1.986263e+00
1.301700e+04 2.077846e+00
1.301800e+04 2.087846e+00
1.301900e+04 2.040356e+00
1.302000e+04 2.076284e+00
1.302100e+04 2.086502e+00
1.302200e+04 2.062502e+00
1.302300e+04 2.054979e+00
1.302400e+04 2.062217e+00
1.302500e+04 2.074718e+00
1.302600e+04 2.066933e+00
1.302700e+04 2.065019e+00
1.302800e+04 2.052652e+00
1.302900e+04 2.085449e+00
1.303000e+04 2.073247e+00
1.303100e+04 2.030639e+00
1.303200e+04 2.049710e+00
1.303300e+04 2.048081e+00
1.303400e+04 2.066614e+00
1.303500e+04 2.047470e+00
1.303600e+04 2.031360e+00
1.303700e+04 1.921439e+00
1.303800e+04 2.039370e+00
1.303900e+04 2.069714e+00
1.304000e+04 2.057338e+00
1.304100e+04 2.050673e+00
1.304200e+04 2.059956e+00
1.304300e+04 2.071181e+00
1.304400e+04 2.050055e+00
1.304500e+04 2.038122e+00
1.304600e+04 2.076025e+00
1.304700e+04 2.076650e+00
1.304800e+04 2.071945e+00
1.304900e+04 2.048338e+00
1.305000e+04 2.051366e+00
1.305100e+04 2.077079e+00
1.305200e+04 2.065485e+00
1.305300e+04 2.058885e+00
1.305400e+04 2.044316e+00
1.305500e+04 2.018107e+00
1.305600e+04 2.074744e+00
1.305700e+04 2.029739e+00
1.305800e+04 2.071577e+00
1.305900e+04 2.061556e+00
1.306000e+04 2.071901e+00
1.306100e+04 2.046079e+00
1.306200e+04 2.042363e+00
1.306300e+04 2.029254e+00
1.306400e+04 2.049864e+00
1.306500e+04 2.030685e+00
1.306600e+04 2.057435e+00
1.306700e+04 2.038893e+00
1.306800e+04 2.064520e+00
1.306900e+04 2.036513e+00
1.307000e+04 2.036577e+00
1.307100e+04 2.037017e+00
1.307200e+04 2.042365e+00
1.307300e+04 2.075974e+00
1.307400e+04 1.997485e+00
1.307500e+04 2.042264e+00
1.307600e+04 2.047994e+00
1.307700e+04 2.060113e+00
1.307800e+04 2.060252e+00
1.307900e+04 2.062433e+00
1.308000e+04 2.023414e+00
1.308100e+04 1.874938e+00
1.308200e+04 2.051303e+00
1.308300e+04 2.047624e+00
1.308400e+04 2.037358e+00
1.308500e+04 2.025048e+00
1.308600e+04 1.985311e+00
1.308700e+04 2.074547e+00
1.308800e+04 2.058528e+00
1.308900e+04 2.064608e+00
1.309000e+04 2.008227e+00
1.309100e+04 2.005495e+00
1.309200e+04 2.045629e+00
1.309300e+04 2.034244e+00
1.309400e+04 1.990171e+00
1.309500e+04 2.003907e+00
1.309600e+04 2.027232e+00
1.309700e+04 2.029823e+00
1.309800e+04 2.025745e+00
1.309900e+04 2.022502e+00
1.310000e+04 2.057293e+00
1.310100e+04 2.030576e+00
1.310200e+04 2.022095e+00
1.310300e+04 2.039207e+00
1.310400e+04 2.054915e+00
1.310500e+04 2.068768e+00
1.310600e+04 2.056697e+00
1.310700e+04 2.014085e+00
1.310800e+04 2.002972e+00
1.310900e+04 2.039518e+00
1.311000e+04 2.039146e+00
1.311100e+04 2.054632e+00
1.311200e+04 2.050596e+00
1.311300e+04 2.045917e+00
1.311400e+04 2.014442e+00
1.311500e+04 2.026019e+00
1.311600e+04 1.994139e+00
1.311700e+04 2.024718e+00
1.311800e+04 2.016811e+00
1.311900e+04 1.984559e+00
1.312000e+04 1.978874e+00
1.312100e+04 2.010653e+00
1.312200e+04 1.976325e+00
1.312300e+04 1.951013e+00
1.312400e+04 1.898512e+00
1.312500e+04 1.791219e+00
1.312600e+04 1.599232e+00
1.312700e+04 1.090081e+00
1.312800e+04 1.594436e+00
1.312900e+04 1.794285e+00
1.313000e+04 1.867102e+00
1.313100e+04 1.921987e+00
1.313200e+04 1.953402e+00
1.313300e+04 1.974069e+00
1.313400e+04 1.981029e+00
1.313500e+04 2.010977e+00
1.313600e+04 1.979767e+00
1.313700e+04 1.957782e+00
1.313800e+04 1.927689e+00
1.313900e+04 1.899970e+00
1.314000e+04 2.004612e+00
1.314100e+04 2.010772e+00
1.314200e+04 1.997970e+00
1.314300e+04 2.022483e+00
1.314400e+04 1.972422e+00
1.314500e+04 2.015623e+00
1.314600e+04 2.011275e+00
1.314700e+04 2.026271e+00
1.314800e+04 1.996437e+00
1.314900e+04 2.011210e+00
1.315000e+04 1.981784e+00
1.315100e+04 1.928464e+00
1.315200e+04 1.911398e+00
1.315300e+04 1.781294e+00
1.315400e+04 1.281830e+00
1.315500e+04 1.534095e+00
1.315600e+04 1.819427e+00
1.315700e+04 1.910017e+00
1.315800e+04 1.956754e+00
1.315900e+04 1.959591e+00
1.316000e+04 2.020712e+00
1.316100e+04 2.007926e+00
1.316200e+04 2.000794e+00
1.316300e+04 2.024037e+00
1.316400e+04 2.025310e+00
1.316500e+04 2.044796e+00
1.316600e+04 2.009962e+00
1.316700e+04 2.019887e+00
1.316800e+04 2.042527e+00
1.316900e+04 2.054761e+00
1.317000e+04 1.991142e+00
1.317100e+04 2.019099e+00
1.317200e+04 2.015380e+00
1.317300e+04 2.029378e+00
1.317400e+04 2.028512e+00
1.317500e+04 2.023642e+00
1.317600e+04 2.055824e+00
1.317700e+04 2.031468e+00
1.317800e+04 2.022524e+00
1.317900e+04 1.996763e+00
1.318000e+04 1.989534e+00
1.318100e+04 2.003919e+00
1.318200e+04 2.024645e+00
1.318300e+04 2.023190e+00
1.318400e+04 2.035146e+00
1.318500e+04 2.031553e+00
1.318600e+04 2.050882e+00
1.318700e+04 2.007904e+00
1.318800e+04 2.006861e+00
1.318900e+04 2.034985e+00
1.319000e+04 2.015761e+00
1.319100e+04 2.044847e+00
1.319200e+04 2.053252e+00
1.319300e+04 2.056226e+00
1.319400e+04 2.029145e+00
1.319500e+04 2.002209e+00
1.319600e+04 2.027161e+00
1.319700e+04 1.983152e+00
1.319800e+04 2.033014e+00
1.319900e+04 2.047925e+00
1.320000e+04 2.051639e+00
1.320100e+04 1.979753e+00
1.320200e+04 1.993135e+00
1.320300e+04 1.975230e+00
1.320400e+04 2.004853e+00
1.320500e+04 1.931680e+00
1.320600e+04 2.042564e+00
1.320700e+04 2.031391e+00
1.320800e+04 2.026204e+00
1.320900e+04 1.955539e+00
1.321000e+04 2.023455e+00
1.321100e+04 2.051340e+00
1.321200e+04 2.012694e+00
1.321300e+04 1.989110e+00
1.321400e+04 2.027694e+00
1.321500e+04 2.030046e+00
1.321600e+04 1.932411e+00
1.321700e+04 2.012459e+00
1.321800e+04 1.997169e+00
1.321900e+04 2.044280e+00
1.322000e+04 1.992883e+00
1.322100e+04 1.954886e+00
1.322200e+04 1.979299e+00
1.322300e+04 1.987408e+00
1.322400e+04 2.017406e+00
1.322500e+04 2.031870e+00
1.322600e+04 2.016079e+00
1.322700e+04 2.015144e+00
1.322800e+04 2.033735e+00
1.322900e+04 2.028364e+00
1.323000e+04 2.004392e+00
1.323100e+04 2.007840e+00
1.323200e+04 2.028117e+00
1.323300e+04 1.991199e+00
1.323400e+04 2.024981e+00
1.323500e+04 1.980001e+00
1.323600e+04 2.006423e+00
1.323700e+04 2.020790e+00
1.323800e+04 2.014495e+00
1.323900e+04 2.000967e+00
1.324000e+04 1.984713e+00
1.324100e+04 1.962724e+00
1.324200e+04 1.998220e+00
1.324300e+04 2.022276e+00
1.324400e+04 2.032554e+00
1.324500e+04 2.047756e+00
1.324600e+04 2.025855e+00
1.324700e+04 1.980834e+00
1.324800e+04 2.016057e+00
1.324900e+04 1.979025e+00
1.325000e+04 1.997094e+00
1.325100e+04 1.973722e+00
1.325200e+04 1.989337e+00
1.325300e+04 1.949285e+00
1.325400e+04 1.982737e+00
1.325500e+04 1.916480e+00
1.325600e+04 1.967917e+00
1.325700e+04 2.013403e+00
1.325800e+04 1.996177e+00
1.325900e+04 2.000532e+00
1.326000e+04 1.974099e+00
1.326100e+04 2.017126e+00
1.326200e+04 1.941191e+00
1.326300e+04 2.033739e+00
1.326400e+04 2.034690e+00
1.326500e+04 2.009912e+00
1.326600e+04 1.976217e+00
1.326700e+04 2.005994e+00
1.326800e+04 1.979132e+00
1.326900e+04 1.977278e+00
1.327000e+04 1.957505e+00
1.327100e+04 1.823269e+00
1.327200e+04 1.907462e+00
1.327300e+04 1.985988e+00
1.327400e+04 2.001724e+00
1.327500e+04 2.018480e+00
1.327600e+04 2.011520e+00
1.327700e+04 1.972190e+00
1.327800e+04 1.992017e+00
1.327900e+04 2.011350e+00
1.328000e+04 1.912099e+00
1.328100e+04 2.005356e+00
1.328200e+04 1.938719e+00
1.328300e+04 2.027224e+00
1.328400e+04 1.965189e+00
1.328500e+04 1.873957e+00
1.328600e+04 1.994741e+00
1.328700e+04 2.006328e+00
1.328800e+04 1.996093e+00
1.328900e+04 1.906523e+00
1.329000e+04 2.001738e+00
1.329100e+04 1.979243e+00
1.329200e+04 1.932063e+00
1.329300e+04 1.978226e+00
1.329400e+04 2.007703e+00
1.329500e+04 1.907174e+00
1.329600e+04 1.955167e+00
1.329700e+04 1.695258e+00
1.329800e+04 1.768779e+00
1.329900e+04 1.985121e+00
1.330000e+04 1.978295e+00
1.330100e+04 1.939447e+00
1.330200e+04 1.973977e+00
1.330300e+04 1.998623e+00
1.330400e+04 1.977704e+00
1.330500e+04 1.963232e+00
1.330600e+04 1.961309e+00
1.330700e+04 1.944809e+00
1.330800e+04 1.966043e+00
1.330900e+04 1.921498e+00
1.331000e+04 2.003228e+00
1.331100e+04 1.957857e+00
1.331200e+04 1.950873e+00
1.331300e+04 1.897725e+00
1.331400e+04 1.887901e+00
1.331500e+04 1.911099e+00
1.331600e+04 1.968744e+00
1.331700e+04 1.983043e+00
1.331800e+04 1.701966e+00
1.331900e+04 1.915820e+00
1.332000e+04 1.777964e+00
1.332100e+04 1.691698e+00
1.332200e+04 1.576436e+00
1.332300e+04 1.550238e+00
1.332400e+04 1.589537e+00
1.332500e+04 1.806694e+00
1.332600e+04 1.792639e+00
1.332700e+04 1.809695e+00
1.332800e+04 1.912167e+00
1.332900e+04 1.944871e+00
1.333000e+04 1.935676e+00
1.333100e+04 1.948774e+00
1.333200e+04 1.910766e+00
1.333300e+04 1.853893e+00
1.333400e+04 1.925299e+00
1.333500e+04 1.964473e+00
1.333600e+04 1.920238e+00
1.333700e+04 1.957405e+00
1.333800e+04 1.928214e+00
1.333900e+04 1.978146e+00
1.334000e+04 1.842755e+00
1.334100e+04 1.681322e+00
1.334200e+04 1.856429e+00
1.334300e+04 1.704282e+00
1.334400e+04 1.949682e+00
1.334500e+04 1.985301e+00
1.334600e+04 1.639125e+00
1.334700e+04 1.722107e+00
1.334800e+04 1.410007e+00
1.334900e+04 1.670806e+00
1.335000e+04 1.597620e+00
1.335100e+04 1.703772e+00
1.335200e+04 1.666275e+00
1.335300e+04 1.958773e+00
1.335400e+04 1.526728e+00
1.335500e+04 1.857077e+00
1.335600e+04 1.655332e+00
1.335700e+04 1.833375e+00
1.335800e+04 1.726413e+00
1.335900e+04 1.608905e+00
1.336000e+04 1.758153e+00
1.336100e+04 1.611078e+00
1.336200e+04 1.998579e+00
1.336300e+04 1.891838e+00
1.336400e+04 1.862707e+00
1.336500e+04 1.736243e+00
1.336600e+04 1.520825e+00
1.336700e+04 1.685170e+00
1.336800e+04 1.873550e+00
1.336900e+04 1.978874e+00
1.337000e+04 1.871632e+00
1.337100e+04 1.662097e+00
1.337200e+04 1.651375e+00
1.337300e+04 1.661619e+00
1.337400e+04 1.480837e+00
1.337500e+04 1.665860e+00
1.337600e+04 1.858411e+00
1.337700e+04 1.851389e+00
1.337800e+04 1.754726e+00
1.337900e+04 1.769501e+00
1.338000e+04 1.733286e+00
1.338100e+04 1.792732e+00
1.338200e+04 1.803212e+00
1.338300e+04 1.713494e+00
1.338400e+04 1.718016e+00
1.338500e+04 1.929969e+00
1.338600e+04 1.735100e+00
1.338700e+04 1.766220e+00
1.338800e+04 1.925954e+00
1.338900e+04 1.912426e+00
1.339000e+04 1.795806e+00
1.339100e+04 1.749087e+00
1.339200e+04 1.873577e+00
1.339300e+04 1.650598e+00
1.339400e+04 1.543830e+00
1.339500e+04 1.689260e+00
1.339600e+04 1.945133e+00
1.339700e+04 1.907130e+00
1.339800e+04 1.910525e+00
1.339900e+04 1.944605e+00
1.340000e+04 1.520014e+00
1.340100e+04 1.439030e+00
1.340200e+04 1.920839e+00
1.340300e+04 1.911506e+00
1.340400e+04 1.889313e+00
1.340500e+04 1.650756e+00
1.340600e+04 1.654890e+00
1.340700e+04 1.962215e+00
1.340800e+04 1.719499e+00
1.340900e+04 1.848818e+00
1.341000e+04 1.837747e+00
1.341100e+04 1.904359e+00
1.341200e+04 1.783095e+00
1.341300e+04 1.831455e+00
1.341400e+04 1.920965e+00
1.341500e+04 1.670826e+00
1.341600e+04 1.838813e+00
1.341700e+04 1.901181e+00
1.341800e+04 1.389763e+00
1.341900e+04 1.706379e+00
1.342000e+04 1.834812e+00
1.342100e+04 1.621060e+00
1.342200e+04 1.816542e+00
1.342300e+04 1.718739e+00
1.342400e+04 1.581639e+00
1.342500e+04 1.861048e+00
1.342600e+04 1.783263e+00
1.342700e+04 1.634343e+00
1.342800e+04 1.701767e+00
1.342900e+04 1.582134e+00
1.343000e+04 1.819010e+00
1.343100e+04 1.733506e+00
1.343200e+04 1.736436e+00
1.343300e+04 1.403091e+00
1.343400e+04 1.736971e+00
1.343500e+04 1.796957e+00
1.343600e+04 1.856543e+00
1.343700e+04 1.878903e+00
1.343800e+04 1.906178e+00
1.343900e+04 1.589322e+00
1.344000e+04 1.805010e+00
1.344100e+04 1.701296e+00
1.344200e+04 1.708073e+00
1.344300e+04 1.943844e+00
1.344400e+04 1.848454e+00
1.344500e+04 1.794996e+00
1.344600e+04 1.417654e+00
1.344700e+04 1.744932e+00
1.344800e+04 1.433384e+00
1.344900e+04 1.382005e+00
1.345000e+04 1.962427e+00
1.345100e+04 1.864341e+00
1.345200e+04 1.896599e+00
1.345300e+04 1.831138e+00
1.345400e+04 1.860375e+00
1.345500e+04 1.863156e+00
1.345600e+04 1.669410e+00
1.345700e+04 1.838901e+00
1.345800e+04 1.728718e+00
1.345900e+04 1.812724e+00
1.346000e+04 1.933974e+00
1.346100e+04 1.920613e+00
1.346200e+04 1.854691e+00
1.346300e+04 1.740641e+00
1.346400e+04 1.899443e+00
1.346500e+04 1.484041e+00
1.346600e+04 1.477926e+00
1.346700e+04 1.919264e+00
1.346800e+04 1.554725e+00
1.346900e+04 1.587815e+00
1.347000e+04 1.817429e+00
1.347100e+04 1.902626e+00
1.347200e+04 1.875105e+00
1.347300e+04 1.797090e+00
1.347400e+04 1.595233e+00
1.347500e+04 1.844777e+00
1.347600e+04 1.947004e+00
1.347700e+04 1.462002e+00
1.347800e+04 1.702700e+00
1.347900e+04 1.621185e+00
1.348000e+04 1.725242e+00
1.348100e+04 1.643655e+00
1.348200e+04 1.889763e+00
1.348300e+04 1.789270e+00
1.348400e+04 1.296623e+00
1.348500e+04 1.875710e+00
1.348600e+04 1.913784e+00
1.348700e+04 1.940903e+00
1.348800e+04 1.763463e+00
1.348900e+04 1.784817e+00
1.349000e+04 1.545468e+00
1.349100e+04 1.873811e+00
1.349200e+04 1.762103e+00
1.349300e+04 1.846155e+00
1.349400e+04 1.821845e+00
1.349500e+04 1.835555e+00
1.349600e+04 1.849660e+00
1.349700e+04 1.864047e+00
1.349800e+04 1.777778e+00
1.349900e+04 1.694196e+00
1.350000e+04 1.870969e+00
1.350100e+04 1.902392e+00
1.350200e+04 1.524935e+00
1.350300e+04 1.622886e+00
1.350400e+04 1.429073e+00
1.350500e+04 1.624794e+00
1.350600e+04 1.825427e+00
1.350700e+04 1.363365e+00
1.350800e+04 1.608397e+00
1.350900e+04 1.901459e+00
1.351000e+04 1.791351e+00
1.351100e+04 1.793111e+00
1.351200e+04 1.916865e+00
1.351300e+04 1.759842e+00
1.351400e+04 1.726737e+00
1.351500e+04 1.777521e+00
1.351600e+04 1.751875e+00
1.351700e+04 1.756773e+00
1.351800e+04 1.620866e+00
1.351900e+04 1.808451e+00
1.352000e+04 1.654497e+00
1.352100e+04 1.747600e+00
1.352200e+04 1.670490e+00
1.352300e+04 1.834141e+00
1.352400e+04 1.899145e+00
1.352500e+04 1.323948e+00
1.352600e+04 1.826825e+00
1.352700e+04 1.740138e+00
1.352800e+04 1.746611e+00
1.352900e+04 1.746907e+00
1.353000e+04 1.819655e+00
1.353100e+04 1.773773e+00
1.353200e+04 1.768964e+00
1.353300e+04 1.795443e+00
1.353400e+04 1.970040e+00
1.353500e+04 1.815841e+00
1.353600e+04 1.661600e+00
1.353700e+04 1.564775e+00
1.353800e+04 1.674839e+00
1.353900e+04 1.734393e+00
1.354000e+04 1.765536e+00
1.354100e+04 1.625739e+00
1.354200e+04 1.715376e+00
1.354300e+04 1.516300e+00
1.354400e+04 1.880749e+00
1.354500e+04 1.763520e+00
1.354600e+04 1.742479e+00
1.354700e+04 1.539635e+00
1.354800e+04 1.811165e+00
1.354900e+04 1.743367e+00
1.355000e+04 1.522416e+00
1.355100e+04 1.768628e+00
1.355200e+04 1.727830e+00
1.355300e+04 1.736147e+00
1.355400e+04 1.786651e+00
1.355500e+04 1.805961e+00
1.355600e+04 1.902853e+00
1.355700e+04 1.541153e+00
1.355800e+04 1.426671e+00
1.355900e+04 1.729418e+00
1.356000e+04 1.766493e+00
1.356100e+04 1.838156e+00
1.356200e+04 1.893987e+00
1.356300e+04 1.720844e+00
1.356400e+04 1.741109e+00
1.356500e+04 1.814493e+00
1.356600e+04 1.654845e+00
1.356700e+04 1.797255e+00
1.356800e+04 1.796803e+00
1.356900e+04 1.891249e+00
1.357000e+04 1.578560e+00
1.357100e+04 1.509583e+00
1.357200e+04 1.871566e+00
1.357300e+04 1.893196e+00
1.357400e+04 1.787421e+00
1.357500e+04 1.638987e+00
1.357600e+04 1.843713e+00
1.357700e+04 1.581235e+00
1.357800e+04 1.700312e+00
1.357900e+04 1.779260e+00
1.358000e+04 1.719335e+00
1.358100e+04 1.730859e+00
1.358200e+04 1.820497e+00
1.358300e+04 1.817279e+00
1.358400e+04 1.474268e+00
1.358500e+04 1.791131e+00
1.358600e+04 1.695896e+00
1.358700e+04 1.839705e+00
1.358800e+04 1.658132e+00
1.358900e+04 1.652622e+00
1.359000e+04 1.831951e+00
1.359100e+04 1.739268e+00
1.359200e+04 1.754441e+00
1.359300e+04 1.813603e+00
1.359400e+04 1.828343e+00
1.359500e+04 1.556178e+00
1.359600e+04 1.653065e+00
1.359700e+04 1.567978e+00
1.359800e+04 1.720695e+00
1.359900e+04 1.670225e+00
1.360000e+04 1.857880e+00
1.360100e+04 1.841717e+00
1.360200e+04 1.799249e+00
1.360300e+04 1.801868e+00
1.360400e+04 1.569431e+00
1.360500e+04 1.870342e+00
1.360600e+04 1.707125e+00
1.360700e+04 1.806764e+00
1.360800e+04 1.605658e+00
1.360900e+04 1.797326e+00
1.361000e+04 1.810940e+00
1.361100e+04 1.635570e+00
1.361200e+04 1.770491e+00
1.361300e+04 1.612572e+00
1.361400e+04 1.767709e+00
1.361500e+04 1.672351e+00
1.361600e+04 1.726096e+00
1.361700e+04 1.619779e+00
1.361800e+04 1.784047e+00
1.361900e+04 1.549587e+00
1.362000e+04 1.610372e+00
1.362100e+04 1.811458e+00
1.362200e+04 1.754700e+00
1.362300e+04 1.548121e+00
1.362400e+04 1.254895e+00
1.362500e+04 1.789785e+00
1.362600e+04 1.868345e+00
1.362700e+04 1.695294e+00
1.362800e+04 1.633458e+00
1.362900e+04 1.775996e+00
1.363000e+04 1.546941e+00
1.363100e+04 1.495115e+00
1.363200e+04 1.563586e+00
1.363300e+04 1.825719e+00
1.363400e+04 1.733125e+00
1.363500e+04 1.704912e+00
1.363600e+04 1.833022e+00
1.363700e+04 1.722376e+00
1.363800e+04 1.737326e+00
1.363900e+04 1.766056e+00
1.364000e+04 1.828753e+00
1.364100e+04 1.865750e+00
1.364200e+04 1.622198e+00
1.364300e+04 1.656859e+00
1.364400e+04 1.678072e+00
1.364500e+04 1.734316e+00
1.364600e+04 1.595775e+00
1.364700e+04 1.353541e+00
1.364800e+04 1.786801e+00
1.364900e+04 1.638166e+00
1.365000e+04 1.649131e+00
1.365100e+04 1.774093e+00
1.365200e+04 1.747926e+00
1.365300e+04 1.889248e+00
1.365400e+04 1.774767e+00
1.365500e+04 1.718336e+00
1.365600e+04 1.712361e+00
1.365700e+04 1.817654e+00
1.365800e+04 1.761551e+00
1.365900e+04 1.848793e+00
1.366000e+04 1.705829e+00
1.366100e+04 1.777562e+00
1.366200e+04 1.782515e+00
1.366300e+04 1.769410e+00
1.366400e+04 1.609010e+00
1.366500e+04 1.769258e+00
1.366600e+04 1.611756e+00
1.366700e+04 1.751516e+00
1.366800e+04 1.669131e+00
1.366900e+04 1.671587e+00
1.367000e+04 1.828595e+00
1.367100e+04 1.787401e+00
1.367200e+04 1.682515e+00
1.367300e+04 1.736459e+00
1.367400e+04 1.801938e+00
1.367500e+04 1.728688e+00
1.367600e+04 1.641202e+00
1.367700e+04 1.817651e+00
1.367800e+04 1.749172e+00
1.367900e+04 1.710143e+00
1.368000e+04 1.679905e+00
1.368100e+04 1.717571e+00
1.368200e+04 1.824344e+00
1.368300e+04 1.735680e+00
1.368400e+04 1.818441e+00
1.368500e+04 1.725907e+00
1.368600e+04 1.564014e+00
1.368700e+04 1.692553e+00
1.368800e+04 1.644401e+00
1.368900e+04 1.736181e+00
1.369000e+04 1.799717e+00
1.369100e+04 1.685270e+00
1.369200e+04 1.852040e+00
1.369300e+04 1.754831e+00
1.369400e+04 1.634083e+00
1.369500e+04 1.770249e+00
1.369600e+04 1.631606e+00
1.369700e+04 1.612973e+00
1.369800e+04 1.814629e+00
1.369900e+04 1.796011e+00
1.370000e+04 1.715383e+00
1.370100e+04 1.725201e+00
1.370200e+04 1.745567e+00
1.370300e+04 1.729212e+00
1.370400e+04 1.811257e+00
1.370500e+04 1.735431e+00
1.370600e+04 1.766198e+00
1.370700e+04 1.795589e+00
1.370800e+04 1.702805e+00
1.370900e+04 1.697066e+00
1.371000e+04 1.618111e+00
1.371100e+04 1.657609e+00
1.371200e+04 1.702860e+00
1.371300e+04 1.621498e+00
1.371400e+04 1.738364e+00
1.371500e+04 1.655791e+00
1.371600e+04 1.732921e+00
1.371700e+04 1.648400e+00
1.371800e+04 1.673445e+00
1.371900e+04 1.787626e+00
1.372000e+04 1.827425e+00
1.372100e+04 1.753109e+00
1.372200e+04 1.784031e+00
1.372300e+04 1.698167e+00
1.372400e+04 1.811632e+00
1.372500e+04 1.722697e+00
1.372600e+04 1.669041e+00
1.372700e+04 1.729019e+00
1.372800e+04 1.884502e+00
1.372900e+04 1.587609e+00
1.373000e+04 1.815033e+00
1.373100e+04 1.689474e+00
1.373200e+04 1.670385e+00
1.373300e+04 1.650202e+00
1.373400e+04 1.789758e+00
1.373500e+04 1.793555e+00
1.373600e+04 1.772889e+00
1.373700e+04 1.777142e+00
1.373800e+04 1.688756e+00
1.373900e+04 1.706733e+00
1.374000e+04 1.729761e+00
1.374100e+04 1.643870e+00
1.374200e+04 1.665508e+00
1.374300e+04 1.804819e+00
1.374400e+04 1.698635e+00
1.374500e+04 1.848145e+00
1.374600e+04 1.694811e+00
1.374700e+04 1.841026e+00
1.374800e+04 1.698602e+00
1.374900e+04 1.770173e+00
1.375000e+04 1.634361e+00
1.375100e+04 1.787065e+00
1.375200e+04 1.674916e+00
1.375300e+04 1.772440e+00
1.375400e+04 1.736300e+00
1.375500e+04 1.816479e+00
1.375600e+04 1.823356e+00
1.375700e+04 1.690474e+00
1.375800e+04 1.731543e+00
1.375900e+04 1.751745e+00
1.376000e+04 1.699687e+00
1.376100e+04 1.744751e+00
1.376200e+04 1.744383e+00
1.376300e+04 1.711676e+00
1.376400e+04 1.813556e+00
1.376500e+04 1.717411e+00
1.376600e+04 1.764447e+00
1.376700e+04 1.631592e+00
1.376800e+04 1.793804e+00
1.376900e+04 1.678484e+00
1.377000e+04 1.692184e+00
1.377100e+04 1.740228e+00
1.377200e+04 1.817954e+00
1.377300e+04 1.761716e+00
1.377400e+04 1.792939e+00
1.377500e+04 1.699247e+00
1.377600e+04 1.832982e+00
1.377700e+04 1.740482e+00
1.377800e+04 1.738020e+00
1.377900e+04 1.808131e+00
1.378000e+04 1.638401e+00
1.378100e+04 1.738483e+00
1.378200e+04 1.727991e+00
1.378300e+04 1.621442e+00
1.378400e+04 1.827687e+00
1.378500e+04 1.730751e+00
1.378600e+04 1.779582e+00
1.378700e+04 1.710680e+00
1.378800e+04 1.720692e+00
1.378900e+04 1.675289e+00
1.379000e+04 1.795601e+00
1.379100e+04 1.612343e+00
1.379200e+04 1.728453e+00
1.379300e+04 1.777593e+00
1.379400e+04 1.723037e+00
1.379500e+04 1.755725e+00
1.379600e+04 1.776084e+00
1.379700e+04 1.747775e+00
1.379800e+04 1.781041e+00
1.379900e+04 1.770728e+00
1.380000e+04 1.751581e+00
1.380100e+04 1.734568e+00
1.380200e+04 1.832549e+00
1.380300e+04 1.828705e+00
1.380400e+04 1.800368e+00
1.380500e+04 1.678991e+00
1.380600e+04 1.527084e+00
1.380700e+04 1.756273e+00
1.380800e+04 1.728529e+00
1.380900e+04 1.740058e+00
1.381000e+04 1.716460e+00
1.381100e+04 1.727234e+00
1.381200e+04 1.695673e+00
1.381300e+04 1.754912e+00
1.381400e+04 1.810729e+00
1.381500e+04 1.704826e+00
1.381600e+04 1.777068e+00
1.381700e+04 1.813899e+00
1.381800e+04 1.850975e+00
1.381900e+04 1.786579e+00
1.382000e+04 1.769186e+00
1.382100e+04 1.793152e+00
1.382200e+04 1.733065e+00
1.382300e+04 1.679694e+00
1.382400e+04 1.715583e+00
1.382500e+04 1.625738e+00
1.382600e+04 1.659481e+00
1.382700e+04 1.399626e+00
1.382800e+04 1.709755e+00
1.382900e+04 1.641753e+00
1.383000e+04 1.741552e+00
1.383100e+04 1.747959e+00
1.383200e+04 1.733312e+00
1.383300e+04 1.750389e+00
1.383400e+04 1.746930e+00
1.383500e+04 1.653886e+00
1.383600e+04 1.827860e+00
1.383700e+04 1.751961e+00
1.383800e+04 1.711985e+00
1.383900e+04 1.654157e+00
1.384000e+04 1.812712e+00
1.384100e+04 1.756687e+00
1.384200e+04 1.794176e+00
1.384300e+04 1.686138e+00
1.384400e+04 1.711141e+00
1.384500e+04 1.740355e+00
1.384600e+04 1.781502e+00
1.384700e+04 1.764404e+00
1.384800e+04 1.747286e+00
1.384900e+04 1.602300e+00
1.385000e+04 1.783532e+00
1.385100e+04 1.341454e+00
1.385200e+04 1.751263e+00
1.385300e+04 1.799269e+00
1.385400e+04 1.771392e+00
1.385500e+04 1.747918e+00
1.385600e+04 1.837202e+00
1.385700e+04 1.740280e+00
1.385800e+04 1.673112e+00
1.385900e+04 1.556788e+00
1.386000e+04 1.700694e+00
1.386100e+04 1.695201e+00
1.386200e+04 1.794204e+00
1.386300e+04 1.791965e+00
1.386400e+04 1.545681e+00
1.386500e+04 1.637347e+00
1.386600e+04 1.708454e+00
1.386700e+04 1.702248e+00
1.386800e+04 1.460717e+00
1.386900e+04 1.766349e+00
1.387000e+04 1.636170e+00
1.387100e+04 1.745443e+00
1.387200e+04 1.770319e+00
1.387300e+04 1.806051e+00
1.387400e+04 1.752459e+00
1.387500e+04 1.761636e+00
1.387600e+04 1.743100e+00
1.387700e+04 1.759660e+00
1.387800e+04 1.760335e+00
1.387900e+04 1.710625e+00
1.388000e+04 1.715304e+00
1.388100e+04 1.306610e+00
1.388200e+04 1.614175e+00
1.388300e+04 1.712225e+00
1.388400e+04 1.699128e+00
1.388500e+04 1.728401e+00
1.388600e+04 1.727508e+00
1.388700e+04 1.704815e+00
1.388800e+04 1.746694e+00
1.388900e+04 1.759850e+00
1.389000e+04 1.495337e+00
1.389100e+04 1.744558e+00
1.389200e+04 1.771885e+00
1.389300e+04 1.847762e+00
1.389400e+04 1.746177e+00
1.389500e+04 1.670127e+00
1.389600e+04 1.613192e+00
1.389700e+04 1.651155e+00
1.389800e+04 1.742278e+00
1.389900e+04 1.526797e+00
1.390000e+04 1.465056e+00
1.390100e+04 1.786968e+00
1.390200e+04 1.712819e+00
1.390300e+04 1.630364e+00
1.390400e+04 1.697733e+00
1.390500e+04 1.746234e+00
1.390600e+04 1.601536e+00
1.390700e+04 1.589585e+00
1.390800e+04 1.590741e+00
1.390900e+04 1.499811e+00
1.391000e+04 1.662068e+00
1.391100e+04 1.526743e+00
1.391200e+04 1.413333e+00
1.391300e+04 1.754991e+00
1.391400e+04 1.430756e+00
1.391500e+04 1.730387e+00
1.391600e+04 1.542886e+00
1.391700e+04 1.380425e+00
1.391800e+04 1.683274e+00
1.391900e+04 1.539367e+00
1.392000e+04 1.696872e+00
1.392100e+04 1.618596e+00
1.392200e+04 1.457061e+00
1.392300e+04 1.756836e+00
1.392400e+04 1.723158e+00
1.392500e+04 1.482633e+00
1.392600e+04 1.570029e+00
1.392700e+04 1.493010e+00
1.392800e+04 1.425555e+00
1.392900e+04 1.735142e+00
1.393000e+04 1.725069e+00
1.393100e+04 1.611630e+00
1.393200e+04 1.585856e+00
1.393300e+04 1.652248e+00
1.393400e+04 1.677035e+00
1.393500e+04 1.558159e+00
1.393600e+04 1.352936e+00
1.393700e+04 1.628710e+00
1.393800e+04 1.755623e+00
1.393900e+04 1.523733e+00
1.394000e+04 1.582666e+00
1.394100e+04 1.743535e+00
1.394200e+04 1.563350e+00
1.394300e+04 1.771606e+00
1.394400e+04 1.756917e+00
1.394500e+04 1.522987e+00
1.394600e+04 1.709316e+00
1.394700e+04 1.583480e+00
1.394800e+04 1.675264e+00
1.394900e+04 1.774169e+00
1.395000e+04 1.591062e+00
1.395100e+04 1.610238e+00
1.395200e+04 1.439493e+00
1.395300e+04 1.729863e+00
1.395400e+04 1.714873e+00
1.395500e+04 1.601013e+00
1.395600e+04 1.678281e+00
1.395700e+04 1.232277e+00
1.395800e+04 1.648510e+00
1.395900e+04 1.759926e+00
1.396000e+04 1.737136e+00
1.396100e+04 1.744572e+00
1.396200e+04 1.767147e+00
1.396300e+04 1.672578e+00
1.396400e+04 1.571438e+00
1.396500e+04 1.592303e+00
1.396600e+04 1.618580e+00
1.396700e+04 1.748360e+00
1.396800e+04 1.650211e+00
1.396900e+04 1.535214e+00
1.397000e+04 1.754602e+00
1.397100e+04 1.409251e+00
1.397200e+04 1.658177e+00
1.397300e+04 1.682757e+00
1.397400e+04 1.658297e+00
1.397500e+04 1.471912e+00
1.397600e+04 1.688208e+00
1.397700e+04 1.329983e+00
1.397800e+04 1.784812e+00
1.397900e+04 1.546983e+00
1.398000e+04 1.656018e+00
1.398100e+04 1.546439e+00
1.398200e+04 1.550206e+00
1.398300e+04 1.762702e+00
1.398400e+04 1.392594e+00
1.398500e+04 1.428318e+00
1.398600e+04 1.735996e+00
1.398700e+04 1.527052e+00
1.398800e+04 1.527237e+00
1.398900e+04 1.648464e+00
1.399000e+04 1.571510e+00
1.399100e+04 1.641377e+00
1.399200e+04 1.743897e+00
1.399300e+04 1.735495e+00
1.399400e+04 1.591486e+00
1.399500e+04 1.569187e+00
1.399600e+04 1.619798e+00
1.399700e+04 1.727699e+00
1.399800e+04 1.586181e+00
1.399900e+04 1.458549e+00
1.400000e+04 1.505605e+00
1.400100e+04 1.453043e+00
1.400200e+04 1.640272e+00
1.400300e+04 1.749929e+00
1.400400e+04 1.576408e+00
1.400500e+04 1.687290e+00
1.400600e+04 1.523522e+00
1.400700e+04 1.380901e+00
1.400800e+04 1.476437e+00
1.400900e+04 1.709294e+00
1.401000e+04 1.545079e+00
1.401100e+04 1.459666e+00
1.401200e+04 1.700333e+00
1.401300e+04 1.702767e+00
1.401400e+04 1.556314e+00
1.401500e+04 1.598085e+00
1.401600e+04 1.672358e+00
1.401700e+04 1.756063e+00
1.401800e+04 1.416939e+00
1.401900e+04 1.697656e+00
1.402000e+04 1.743670e+00
1.402100e+04 1.711232e+00
1.402200e+04 1.516660e+00
1.402300e+04 1.699755e+00
1.402400e+04 1.615409e+00
1.402500e+04 1.582878e+00
1.402600e+04 1.435548e+00
1.402700e+04 1.608413e+00
1.402800e+04 1.817141e+00
1.402900e+04 1.650120e+00
1.403000e+04 1.603933e+00
1.403100e+04 1.718819e+00
1.403200e+04 1.679822e+00
1.403300e+04 1.585057e+00
1.403400e+04 1.702858e+00
1.403500e+04 1.776890e+00
1.403600e+04 1.570259e+00
1.403700e+04 1.596483e+00
1.403800e+04 1.709818e+00
1.403900e+04 1.692576e+00
1.404000e+04 1.524713e+00
1.404100e+04 1.710234e+00
1.404200e+04 1.639517e+00
1.404300e+04 1.616898e+00
1.404400e+04 1.408026e+00
1.404500e+04 1.468066e+00
1.404600e+04 1.608328e+00
1.404700e+04 1.789073e+00
1.404800e+04 1.711366e+00
1.404900e+04 1.446170e+00
1.405000e+04 1.296658e+00
1.405100e+04 1.685972e+00
1.405200e+04 1.659384e+00
1.405300e+04 1.627943e+00
1.405400e+04 1.617359e+00
1.405500e+04 1.741885e+00
1.405600e+04 1.700646e+00
1.405700e+04 1.560369e+00
1.405800e+04 1.715637e+00
1.405900e+04 1.457876e+00
1.406000e+04 1.753958e+00
1.406100e+04 1.759390e+00
1.406200e+04 1.677708e+00
1.406300e+04 1.661938e+00
1.406400e+04 1.719010e+00
1.406500e+04 1.712807e+00
1.406600e+04 1.564568e+00
1.406700e+04 1.491983e+00
1.406800e+04 1.672703e+00
1.406900e+04 1.477551e+00
1.407000e+04 1.650340e+00
1.407100e+04 1.627692e+00
1.407200e+04 1.607871e+00
1.407300e+04 1.433491e+00
1.407400e+04 1.652081e+00
1.407500e+04 1.571827e+00
1.407600e+04 1.662198e+00
1.407700e+04 1.611940e+00
1.407800e+04 1.557643e+00
1.407900e+04 1.668792e+00
1.408000e+04 1.661813e+00
1.408100e+04 1.598035e+00
1.408200e+04 1.587500e+00
1.408300e+04 1.580298e+00
1.408400e+04 1.545031e+00
1.408500e+04 1.631596e+00
1.408600e+04 1.568638e+00
1.408700e+04 1.529370e+00
1.408800e+04 1.572194e+00
1.408900e+04 1.548647e+00
1.409000e+04 1.457299e+00
1.409100e+04 1.598367e+00
1.409200e+04 1.693010e+00
1.409300e+04 1.445970e+00
1.409400e+04 1.685915e+00
1.409500e+04 1.385940e+00
1.409600e+04 1.592321e+00
1.409700e+04 1.633172e+00
1.409800e+04 1.672136e+00
1.409900e+04 1.672754e+00
1.410000e+04 1.746875e+00
1.410100e+04 1.611295e+00
1.410200e+04 1.650929e+00
1.410300e+04 1.614078e+00
1.410400e+04 1.525721e+00
1.410500e+04 1.542188e+00
1.410600e+04 1.539511e+00
1.410700e+04 1.449483e+00
1.410800e+04 1.583195e+00
1.410900e+04 1.579060e+00
1.411000e+04 1.662042e+00
1.411100e+04 1.733427e+00
1.411200e+04 1.586759e+00
1.411300e+04 1.407492e+00
1.411400e+04 1.547041e+00
1.411500e+04 1.551897e+00
1.411600e+04 1.635268e+00
1.411700e+04 1.386626e+00
1.411800e+04 1.634454e+00
1.411900e+04 1.580936e+00
1.412000e+04 1.657964e+00
1.412100e+04 1.660563e+00
1.412200e+04 1.440065e+00
1.412300e+04 1.402138e+00
1.412400e+04 1.340739e+00
1.412500e+04 1.643218e+00
1.412600e+04 1.637624e+00
1.412700e+04 1.501744e+00
1.412800e+04 1.561031e+00
1.412900e+04 1.641477e+00
1.413000e+04 1.646418e+00
1.413100e+04 1.512473e+00
1.413200e+04 1.736489e+00
1.413300e+04 1.480279e+00
1.413400e+04 1.474482e+00
1.413500e+04 1.546634e+00
1.413600e+04 1.634089e+00
1.413700e+04 1.614375e+00
1.413800e+04 1.627322e+00
1.413900e+04 1.727522e+00
1.414000e+04 1.716978e+00
1.414100e+04 1.174654e+00
1.414200e+04 1.482810e+00
1.414300e+04 1.423908e+00
1.414400e+04 1.704550e+00
1.414500e+04 1.551226e+00
1.414600e+04 1.328058e+00
1.414700e+04 1.527367e+00
1.414800e+04 1.592766e+00
1.414900e+04 1.378342e+00
1.415000e+04 1.631586e+00
1.415100e+04 1.654298e+00
1.415200e+04 1.589433e+00
1.415300e+04 1.562045e+00
1.415400e+04 1.659489e+00
1.415500e+04 1.726461e+00
1.415600e+04 1.546107e+00
1.415700e+04 1.643465e+00
1.415800e+04 1.605521e+00
1.415900e+04 1.581813e+00
1.416000e+04 1.620680e+00
1.416100e+04 1.475301e+00
1.416200e+04 1.562614e+00
1.416300e+04 1.489853e+00
1.416400e+04 1.562534e+00
1.416500e+04 1.679036e+00
1.416600e+04 1.630370e+00
1.416700e+04 1.516595e+00
1.416800e+04 1.640462e+00
1.416900e+04 1.336138e+00
1.417000e+04 1.534582e+00
1.417100e+04 1.396013e+00
1.417200e+04 1.624720e+00
1.417300e+04 1.616776e+00
1.417400e+04 1.575550e+00
1.417500e+04 1.464795e+00
1.417600e+04 1.366575e+00
1.417700e+04 1.385537e+00
1.417800e+04 1.533233e+00
1.417900e+04 1.606579e+00
1.418000e+04 1.397092e+00
1.418100e+04 1.627556e+00
1.418200e+04 1.505251e+00
1.418300e+04 1.518561e+00
1.418400e+04 1.550718e+00
1.418500e+04 1.540960e+00
1.418600e+04 1.529147e+00
1.418700e+04 1.721814e+00
1.418800e+04 1.591700e+00
1.418900e+04 1.300541e+00
1.419000e+04 1.238346e+00
1.419100e+04 1.532260e+00
1.419200e+04 1.504612e+00
1.419300e+04 1.597882e+00
1.419400e+04 1.470192e+00
1.419500e+04 1.466846e+00
1.419600e+04 1.538881e+00
1.419700e+04 1.635428e+00
1.419800e+04 1.623317e+00
1.419900e+04 1.646895e+00
1.420000e+04 1.332010e+00
1.420100e+04 1.569478e+00
1.420200e+04 1.665728e+00
1.420300e+04 1.636305e+00
1.420400e+04 1.580458e+00
1.420500e+04 1.654493e+00
1.420600e+04 1.377783e+00
1.420700e+04 1.615385e+00
1.420800e+04 1.521663e+00
1.420900e+04 1.689668e+00
1.421000e+04 1.568463e+00
1.421100e+04 1.629072e+00
1.421200e+04 1.673831e+00
1.421300e+04 1.601278e+00
1.421400e+04 1.619744e+00
1.421500e+04 1.352557e+00
1.421600e+04 1.495917e+00
1.421700e+04 1.564720e+00
1.421800e+04 1.655166e+00
1.421900e+04 1.422292e+00
1.422000e+04 1.439408e+00
1.422100e+04 1.663247e+00
1.422200e+04 1.526151e+00
1.422300e+04 1.644777e+00
1.422400e+04 1.404784e+00
1.422500e+04 1.661994e+00
1.422600e+04 1.650262e+00
1.422700e+04 1.470308e+00
1.422800e+04 1.462279e+00
1.422900e+04 1.722822e+00
1.423000e+04 1.678125e+00
1.423100e+04 1.533066e+00
1.423200e+04 1.436441e+00
1.423300e+04 1.397898e+00
1.423400e+04 1.598272e+00
1.423500e+04 1.444292e+00
1.423600e+04 1.505940e+00
1.423700e+04 1.717226e+00
1.423800e+04 1.260507e+00
1.423900e+04 1.292624e+00
1.424000e+04 1.489565e+00
1.424100e+04 1.516852e+00
1.424200e+04 1.577518e+00
1.424300e+04 1.485361e+00
1.424400e+04 1.512740e+00
1.424500e+04 1.583362e+00
1.424600e+04 1.640848e+00
1.424700e+04 1.604174e+00
1.424800e+04 1.586483e+00
1.424900e+04 1.581564e+00
1.425000e+04 1.413483e+00
1.425100e+04 1.435786e+00
1.425200e+04 1.553717e+00
1.425300e+04 1.538466e+00
1.425400e+04 1.467551e+00
1.425500e+04 1.592040e+00
1.425600e+04 1.339933e+00
1.425700e+04 1.549394e+00
1.425800e+04 1.471487e+00
1.425900e+04 1.536401e+00
1.426000e+04 1.411421e+00
1.426100e+04 1.458117e+00
1.426200e+04 1.487824e+00
1.426300e+04 1.286525e+00
1.426400e+04 1.436450e+00
1.426500e+04 1.567620e+00
1.426600e+04 1.515502e+00
1.426700e+04 1.627042e+00
1.426800e+04 1.498746e+00
1.426900e+04 1.462962e+00
1.427000e+04 1.515422e+00
1.427100e+04 1.385345e+00
1.427200e+04 1.599139e+00
1.427300e+04 1.516433e+00
1.427400e+04 1.363622e+00
1.427500e+04 1.350774e+00
1.427600e+04 1.476849e+00
1.427700e+04 1.540416e+00
1.427800e+04 1.598542e+00
1.427900e+04 1.588696e+00
1.428000e+04 1.600407e+00
1.428100e+04 1.531418e+00
1.428200e+04 1.505161e+00
1.428300e+04 1.581333e+00
1.428400e+04 1.283126e+00
1.428500e+04 1.535444e+00
1.428600e+04 1.461319e+00
1.428700e+04 1.523674e+00
1.428800e+04 1.439806e+00
1.428900e+04 1.163898e+00
1.429000e+04 1.232551e+00
1.429100e+04 1.602316e+00
1.429200e+04 1.562506e+00
1.429300e+04 1.551054e+00
1.429400e+04 1.489139e+00
1.429500e+04 1.378298e+00
1.429600e+04 1.630363e+00
1.429700e+04 1.558611e+00
1.429800e+04 1.686189e+00
1.429900e+04 1.592723e+00
1.430000e+04 1.498067e+00
1.430100e+04 1.565914e+00
1.430200e+04 1.549685e+00
1.430300e+04 1.637554e+00
1.430400e+04 1.652213e+00
1.430500e+04 1.578518e+00
1.430600e+04 1.680327e+00
1.430700e+04 1.680489e+00
1.430800e+04 1.455099e+00
1.430900e+04 1.593098e+00
1.431000e+04 1.658962e+00
1.431100e+04 1.368723e+00
1.431200e+04 1.537044e+00
1.431300e+04 1.556036e+00
1.431400e+04 1.564410e+00
1.431500e+04 1.537996e+00
1.431600e+04 1.480853e+00
1.431700e+04 1.609151e+00
1.431800e+04 1.474181e+00
1.431900e+04 1.453049e+00
1.432000e+04 1.470374e+00
1.432100e+04 1.579524e+00
1.432200e+04 1.586979e+00
1.432300e+04 1.474787e+00
1.432400e+04 1.569797e+00
1.432500e+04 1.585584e+00
1.432600e+04 1.535002e+00
1.432700e+04 1.570259e+00
1.432800e+04 1.439898e+00
1.432900e+04 1.473712e+00
1.433000e+04 1.611433e+00
1.433100e+04 1.532635e+00
1.433200e+04 1.680216e+00
1.433300e+04 1.607123e+00
1.433400e+04 1.550834e+00
1.433500e+04 1.671811e+00
1.433600e+04 1.533196e+00
1.433700e+04 1.371806e+00
1.433800e+04 1.364986e+00
1.433900e+04 1.536877e+00
1.434000e+04 1.491064e+00
1.434100e+04 1.369542e+00
1.434200e+04 1.515580e+00
1.434300e+04 1.300245e+00
1.434400e+04 1.365656e+00
1.434500e+04 1.471383e+00
1.434600e+04 1.716827e+00
1.434700e+04 1.619173e+00
1.434800e+04 1.462904e+00
1.434900e+04 1.377112e+00
1.435000e+04 1.691690e+00
1.435100e+04 1.551260e+00
1.435200e+04 1.453441e+00
1.435300e+04 1.489205e+00
1.435400e+04 1.630277e+00
1.435500e+04 1.603188e+00
1.435600e+04 1.480762e+00
1.435700e+04 1.476657e+00
1.435800e+04 1.512457e+00
1.435900e+04 1.475912e+00
1.436000e+04 1.646932e+00
1.436100e+04 1.439961e+00
1.436200e+04 1.456615e+00
1.436300e+04 1.626700e+00
1.436400e+04 1.585384e+00
1.436500e+04 1.614579e+00
1.436600e+04 1.383499e+00
1.436700e+04 1.584591e+00
1.436800e+04 1.401943e+00
1.436900e+04 1.492405e+00
1.437000e+04 1.531847e+00
1.437100e+04 1.458145e+00
1.437200e+04 1.536373e+00
1.437300e+04 1.529553e+00
1.437400e+04 1.606870e+00
1.437500e+04 1.517871e+00
1.437600e+04 1.592912e+00
1.437700e+04 1.695745e+00
1.437800e+04 1.532579e+00
1.437900e+04 1.469437e+00
1.438000e+04 1.395185e+00
1.438100e+04 1.470405e+00
1.438200e+04 1.432707e+00
1.438300e+04 1.619678e+00
1.438400e+04 1.708068e+00
1.438500e+04 1.500892e+00
1.438600e+04 1.569849e+00
1.438700e+04 1.632122e+00
1.438800e+04 1.693210e+00
1.438900e+04 1.564411e+00
1.439000e+04 1.646222e+00
1.439100e+04 1.493873e+00
1.439200e+04 1.393129e+00
1.439300e+04 1.557418e+00
1.439400e+04 1.410911e+00
1.439500e+04 1.323955e+00
1.439600e+04 1.373277e+00
1.439700e+04 1.565163e+00
1.439800e+04 1.378349e+00
1.439900e+04 1.537159e+00
1.440000e+04 1.518518e+00
1.440100e+04 1.665946e+00
1.440200e+04 1.597733e+00
1.440300e+04 1.589113e+00
1.440400e+04 1.530569e+00
1.440500e+04 1.336241e+00
1.440600e+04 1.685099e+00
1.440700e+04 1.577465e+00
1.440800e+04 1.552989e+00
1.440900e+04 1.514368e+00
1.441000e+04 1.489870e+00
1.441100e+04 1.284358e+00
1.441200e+04 1.441090e+00
1.441300e+04 1.455782e+00
1.441400e+04 1.519424e+00
1.441500e+04 1.626052e+00
1.441600e+04 1.479690e+00
1.441700e+04 1.486230e+00
1.441800e+04 1.478097e+00
1.441900e+04 1.637029e+00
1.442000e+04 1.638112e+00
1.442100e+04 1.479971e+00
1.442200e+04 1.497046e+00
1.442300e+04 1.556150e+00
1.442400e+04 1.428846e+00
1.442500e+04 1.485938e+00
1.442600e+04 1.613682e+00
1.442700e+04 1.399855e+00
1.442800e+04 1.530739e+00
1.442900e+04 1.570752e+00
1.443000e+04 1.571067e+00
1.443100e+04 1.628524e+00
1.443200e+04 1.534785e+00
1.443300e+04 1.522852e+00
1.443400e+04 1.548598e+00
1.443500e+04 1.648054e+00
1.443600e+04 1.652674e+00
1.443700e+04 1.658525e+00
1.443800e+04 1.559959e+00
1.443900e+04 1.466265e+00
1.444000e+04 1.497856e+00
1.444100e+04 1.591344e+00
1.444200e+04 1.517966e+00
1.444300e+04 1.477822e+00
1.444400e+04 1.443342e+00
1.444500e+04 1.551999e+00
1.444600e+04 1.487825e+00
1.444700e+04 1.569340e+00
1.444800e+04 1.627935e+00
1.444900e+04 1.475779e+00
1.445000e+04 1.475583e+00
1.445100e+04 1.380863e+00
1.445200e+04 1.550001e+00
1.445300e+04 1.537426e+00
1.445400e+04 1.284417e+00
1.445500e+04 1.462414e+00
1.445600e+04 1.470883e+00
1.445700e+04 1.652119e+00
1.445800e+04 1.577443e+00
1.445900e+04 1.525215e+00
1.446000e+04 1.612230e+00
1.446100e+04 1.455665e+00
1.446200e+04 1.625933e+00
1.446300e+04 1.613830e+00
1.446400e+04 1.582941e+00
1.446500e+04 1.637003e+00
1.446600e+04 1.436874e+00
1.446700e+04 1.457237e+00
1.446800e+04 1.479462e+00
1.446900e+04 1.427275e+00
1.447000e+04 1.539392e+00
1.447100e+04 1.460624e+00
1.447200e+04 1.552866e+00
1.447300e+04 1.500386e+00
1.447400e+04 1.386502e+00
1.447500e+04 1.628738e+00
1.447600e+04 1.550080e+00
1.447700e+04 1.543648e+00
1.447800e+04 1.366175e+00
1.447900e+04 1.555185e+00
1.448000e+04 1.357025e+00
1.448100e+04 1.523004e+00
1.448200e+04 1.563123e+00
1.448300e+04 1.656639e+00
1.448400e+04 1.515796e+00
1.448500e+04 1.589507e+00
1.448600e+04 1.451697e+00
1.448700e+04 1.657755e+00
1.448800e+04 1.612055e+00
1.448900e+04 1.413865e+00
1.449000e+04 1.443314e+00
1.449100e+04 1.627049e+00
1.449200e+04 1.672537e+00
1.449300e+04 1.595816e+00
1.449400e+04 1.591514e+00
1.449500e+04 1.597617e+00
1.449600e+04 1.631915e+00
1.449700e+04 1.580222e+00
1.449800e+04 1.291265e+00
1.449900e+04 1.485943e+00
1.450000e+04 1.501500e+00
1.450100e+04 1.550828e+00
1.450200e+04 1.661689e+00
1.450300e+04 1.347272e+00
1.450400e+04 1.358563e+00
1.450500e+04 1.539032e+00
1.450600e+04 1.602258e+00
1.450700e+04 1.438376e+00
1.450800e+04 1.304785e+00
1.450900e+04 1.537663e+00
1.451000e+04 1.430510e+00
1.451100e+04 1.185131e+00
1.451200e+04 1.555699e+00
1.451300e+04 1.452546e+00
1.451400e+04 1.636050e+00
1.451500e+04 1.588168e+00
1.451600e+04 1.486180e+00
1.451700e+04 1.623624e+00
1.451800e+04 1.696641e+00
1.451900e+04 1.455179e+00
1.452000e+04 1.493533e+00
1.452100e+04 1.618906e+00
1.452200e+04 1.573881e+00
1.452300e+04 1.582713e+00
1.452400e+04 1.627004e+00
1.452500e+04 1.511168e+00
1.452600e+04 1.294333e+00
1.452700e+04 1.614712e+00
1.452800e+04 1.607194e+00
1.452900e+04 1.643180e+00
1.453000e+04 1.556660e+00
1.453100e+04 1.561181e+00
1.453200e+04 1.445833e+00
1.453300e+04 1.463685e+00
1.453400e+04 1.594534e+00
1.453500e+04 1.493232e+00
1.453600e+04 1.561336e+00
1.453700e+04 1.377537e+00
1.453800e+04 1.572105e+00
1.453900e+04 1.435177e+00
1.454000e+04 1.531210e+00
1.454100e+04 1.533905e+00
1.454200e+04 1.583616e+00
1.454300e+04 1.524879e+00
1.454400e+04 1.297651e+00
1.454500e+04 1.578296e+00
1.454600e+04 1.595922e+00
1.454700e+04 1.565251e+00
1.454800e+04 1.396415e+00
1.454900e+04 1.608529e+00
1.455000e+04 1.611044e+00
1.455100e+04 1.624529e+00
1.455200e+04 1.681572e+00
1.455300e+04 1.540680e+00
1.455400e+04 1.620071e+00
1.455500e+04 1.474390e+00
1.455600e+04 1.584278e+00
1.455700e+04 1.411147e+00
1.455800e+04 1.498306e+00
1.455900e+04 1.470692e+00
1.456000e+04 1.498541e+00
1.456100e+04 1.563050e+00
1.456200e+04 1.401669e+00
1.456300e+04 1.536747e+00
1.456400e+04 1.431477e+00
1.456500e+04 1.394000e+00
1.456600e+04 1.270884e+00
1.456700e+04 1.426790e+00
1.456800e+04 1.539812e+00
1.456900e+04 1.600659e+00
1.457000e+04 1.277764e+00
1.457100e+04 1.604666e+00
1.457200e+04 1.467641e+00
1.457300e+04 1.357319e+00
1.457400e+04 1.688127e+00
1.457500e+04 1.451820e+00
1.457600e+04 1.477769e+00
1.457700e+04 1.500047e+00
1.457800e+04 1.577540e+00
1.457900e+04 1.522958e+00
1.458000e+04 1.622114e+00
1.458100e+04 1.649771e+00
1.458200e+04 1.577369e+00
1.458300e+04 1.383420e+00
1.458400e+04 1.607814e+00
1.458500e+04 1.542194e+00
1.458600e+04 1.534500e+00
1.458700e+04 1.569530e+00
1.458800e+04 1.602030e+00
1.458900e+04 1.602580e+00
1.459000e+04 1.513235e+00
1.459100e+04 1.440171e+00
1.459200e+04 1.520893e+00
1.459300e+04 1.577338e+00
1.459400e+04 1.544934e+00
1.459500e+04 1.488033e+00
1.459600e+04 1.532170e+00
1.459700e+04 1.621819e+00
1.459800e+04 1.542390e+00
1.459900e+04 1.503833e+00
1.460000e+04 1.532895e+00
1.460100e+04 1.607464e+00
1.460200e+04 1.522851e+00
1.460300e+04 1.369760e+00
1.460400e+04 1.424221e+00
1.460500e+04 1.325475e+00
1.460600e+04 1.460221e+00
1.460700e+04 1.553426e+00
1.460800e+04 1.502497e+00
1.460900e+04 1.406996e+00
1.461000e+04 1.432461e+00
1.461100e+04 1.392518e+00
1.461200e+04 1.494878e+00
1.461300e+04 1.525900e+00
1.461400e+04 1.522576e+00
1.461500e+04 1.285223e+00
1.461600e+04 1.638941e+00
1.461700e+04 1.272751e+00
1.461800e+04 1.392824e+00
1.461900e+04 1.530024e+00
1.462000e+04 1.584224e+00
1.462100e+04 1.464960e+00
1.462200e+04 1.320770e+00
1.462300e+04 1.558137e+00
1.462400e+04 1.548807e+00
1.462500e+04 1.605537e+00
1.462600e+04 1.302971e+00
1.462700e+04 1.235971e+00
1.462800e+04 1.492050e+00
1.462900e+04 1.603436e+00
1.463000e+04 1.110078e+00
1.463100e+04 1.390226e+00
1.463200e+04 1.489661e+00
1.463300e+04 1.460759e+00
1.463400e+04 1.423635e+00
1.463500e+04 1.492676e+00
1.463600e+04 1.582548e+00
1.463700e+04 1.446444e+00
1.463800e+04 1.544013e+00
1.463900e+04 1.522571e+00
1.464000e+04 1.478289e+00
1.464100e+04 1.630660e+00
1.464200e+04 1.403472e+00
1.464300e+04 1.460828e+00
1.464400e+04 1.591195e+00
1.464500e+04 1.476157e+00
1.464600e+04 1.505349e+00
1.464700e+04 1.550887e+00
1.464800e+04 1.410998e+00
1.464900e+04 1.362294e+00
1.465000e+04 1.576243e+00
1.465100e+04 1.454804e+00
1.465200e+04 1.556957e+00
1.465300e+04 1.408016e+00
1.465400e+04 1.337447e+00
1.465500e+04 1.457110e+00
1.465600e+04 1.641349e+00
1.465700e+04 1.649013e+00
1.465800e+04 1.617426e+00
1.465900e+04 1.571337e+00
1.466000e+04 1.458378e+00
1.466100e+04 1.559254e+00
1.466200e+04 1.404578e+00
1.466300e+04 1.476927e+00
1.466400e+04 1.417581e+00
1.466500e+04 1.310715e+00
1.466600e+04 1.576622e+00
1.466700e+04 1.559315e+00
1.466800e+04 1.541959e+00
1.466900e+04 1.545850e+00
1.467000e+04 1.460119e+00
1.467100e+04 1.524237e+00
1.467200e+04 1.494386e+00
1.467300e+04 1.385303e+00
1.467400e+04 1.414693e+00
1.467500e+04 1.574739e+00
1.467600e+04 1.546397e+00
1.467700e+04 1.383315e+00
1.467800e+04 1.279654e+00
1.467900e+04 1.349997e+00
1.468000e+04 1.509708e+00
1.468100e+04 1.427279e+00
1.468200e+04 1.369158e+00
1.468300e+04 1.352178e+00
1.468400e+04 1.423362e+00
1.468500e+04 1.590881e+00
1.468600e+04 1.488349e+00
1.468700e+04 1.579342e+00
1.468800e+04 1.254837e+00
1.468900e+04 1.363069e+00
1.469000e+04 1.445917e+00
1.469100e+04 1.546276e+00
1.469200e+04 1.471432e+00
1.469300e+04 1.274811e+00
1.469400e+04 1.393688e+00
1.469500e+04 1.508134e+00
1.469600e+04 1.436396e+00
1.469700e+04 1.430542e+00
1.469800e+04 1.398422e+00
1.469900e+04 1.412269e+00
1.470000e+04 1.560844e+00
1.470100e+04 1.524049e+00
1.470200e+04 1.294469e+00
1.470300e+04 1.314060e+00
1.470400e+04 1.464383e+00
1.470500e+04 1.468395e+00
1.470600e+04 1.507047e+00
1.470700e+04 1.523410e+00
1.470800e+04 1.364627e+00
1.470900e+04 1.516801e+00
1.471000e+04 1.551106e+00
1.471100e+04 1.320123e+00
1.471200e+04 1.422662e+00
1.471300e+04 1.439885e+00
1.471400e+04 1.543090e+00
1.471500e+04 1.458718e+00
1.471600e+04 1.548499e+00
1.471700e+04 1.372294e+00
1.471800e+04 1.490305e+00
1.471900e+04 1.551848e+00
1.472000e+04 1.397692e+00
1.472100e+04 1.457139e+00
1.472200e+04 1.521931e+00
1.472300e+04 1.527281e+00
1.472400e+04 1.483412e+00
1.472500e+04 1.464670e+00
1.472600e+04 1.562748e+00
1.472700e+04 1.502568e+00
1.472800e+04 1.516869e+00
1.472900e+04 1.570422e+00
1.473000e+04 1.495445e+00
1.473100e+04 1.499856e+00
1.473200e+04 1.506768e+00
1.473300e+04 1.443649e+00
1.473400e+04 1.406973e+00
1.473500e+04 1.533898e+00
1.473600e+04 1.485288e+00
1.473700e+04 1.487262e+00
1.473800e+04 1.527071e+00
1.473900e+04 1.362438e+00
1.474000e+04 1.289373e+00
1.474100e+04 1.418204e+00
1.474200e+04 1.442818e+00
1.474300e+04 1.559133e+00
1.474400e+04 1.471012e+00
1.474500e+04 1.474994e+00
1.474600e+04 1.338299e+00
1.474700e+04 1.509231e+00
1.474800e+04 1.440027e+00
1.474900e+04 1.486209e+00
1.475000e+04 1.586178e+00
1.475100e+04 1.544535e+00
1.475200e+04 1.159830e+00
1.475300e+04 1.504773e+00
1.475400e+04 1.529791e+00
1.475500e+04 1.475670e+00
1.475600e+04 1.300064e+00
1.475700e+04 1.392618e+00
1.475800e+04 1.423607e+00
1.475900e+04 1.543474e+00
1.476000e+04 1.480845e+00
1.476100e+04 1.531697e+00
1.476200e+04 1.489043e+00
1.476300e+04 1.456522e+00
1.476400e+04 1.445194e+00
1.476500e+04 1.355085e+00
1.476600e+04 1.509772e+00
1.476700e+04 1.469339e+00
1.476800e+04 1.503307e+00
1.476900e+04 1.497513e+00
1.477000e+04 1.422454e+00
1.477100e+04 1.422036e+00
1.477200e+04 1.335967e+00
1.477300e+04 1.366558e+00
1.477400e+04 1.500506e+00
1.477500e+04 1.520663e+00
1.477600e+04 1.412669e+00
1.477700e+04 1.497237e+00
1.477800e+04 1.277484e+00
1.477900e+04 1.429763e+00
1.478000e+04 1.517271e+00
1.478100e+04 1.351844e+00
1.478200e+04 1.381911e+00
1.478300e+04 1.466884e+00
1.478400e+04 1.293257e+00
1.478500e+04 1.480352e+00
1.478600e+04 1.523181e+00
1.478700e+04 1.462840e+00
1.478800e+04 1.553778e+00
1.478900e+04 1.587200e+00
1.479000e+04 1.477272e+00
1.479100e+04 1.534441e+00
1.479200e+04 1.383572e+00
1.479300e+04 1.540064e+00
1.479400e+04 1.528710e+00
1.479500e+04 1.507372e+00
1.479600e+04 1.433061e+00
1.479700e+04 1.364031e+00
1.479800e+04 1.368194e+00
1.479900e+04 1.314903e+00
1.480000e+04 1.340220e+00
1.480100e+04 1.400830e+00
1.480200e+04 1.471685e+00
1.480300e+04 1.536027e+00
1.480400e+04 1.401109e+00
1.480500e+04 1.410748e+00
1.480600e+04 1.389170e+00
1.480700e+04 1.423390e+00
1.480800e+04 1.563677e+00
1.480900e+04 1.450090e+00
1.481000e+04 1.464816e+00
1.481100e+04 1.357819e+00
1.481200e+04 1.493609e+00
1.481300e+04 1.521032e+00
1.481400e+04 1.496617e+00
1.481500e+04 1.543088e+00
1.481600e+04 1.439277e+00
1.481700e+04 1.295351e+00
1.481800e+04 1.288263e+00
1.481900e+04 1.503796e+00
1.482000e+04 1.461671e+00
1.482100e+04 1.516500e+00
1.482200e+04 1.271168e+00
1.482300e+04 1.397949e+00
1.482400e+04 1.504595e+00
1.482500e+04 1.522393e+00
1.482600e+04 1.566589e+00
1.482700e+04 1.452217e+00
1.482800e+04 1.526571e+00
1.482900e+04 1.465593e+00
1.483000e+04 1.405104e+00
1.483100e+04 1.444581e+00
1.483200e+04 1.470106e+00
1.483300e+04 1.340367e+00
1.483400e+04 1.534048e+00
1.483500e+04 1.543450e+00
1.483600e+04 1.519292e+00
1.483700e+04 1.528256e+00
1.483800e+04 1.514773e+00
1.483900e+04 1.575228e+00
1.484000e+04 1.537181e+00
1.484100e+04 1.528144e+00
1.484200e+04 1.595057e+00
1.484300e+04 1.233538e+00
1.484400e+04 1.403431e+00
1.484500e+04 1.396735e+00
1.484600e+04 1.497956e+00
1.484700e+04 1.509681e+00
1.484800e+04 1.361998e+00
1.484900e+04 1.494409e+00
1.485000e+04 1.299479e+00
1.485100e+04 1.460310e+00
1.485200e+04 1.467897e+00
1.485300e+04 1.529177e+00
1.485400e+04 1.396981e+00
1.485500e+04 1.522157e+00
1.485600e+04 1.422238e+00
1.485700e+04 1.385452e+00
1.485800e+04 1.603999e+00
1.485900e+04 1.459625e+00
1.486000e+04 1.427520e+00
1.486100e+04 1.498343e+00
1.486200e+04 1.352742e+00
1.486300e+04 1.595225e+00
1.486400e+04 1.398510e+00
1.486500e+04 1.578786e+00
1.486600e+04 1.465028e+00
1.486700e+04 1.332809e+00
1.486800e+04 1.581314e+00
1.486900e+04 1.626850e+00
1.487000e+04 1.553905e+00
1.487100e+04 1.497279e+00
1.487200e+04 1.319349e+00
1.487300e+04 1.418165e+00
1.487400e+04 1.494876e+00
1.487500e+04 1.419052e+00
1.487600e+04 1.474732e+00
1.487700e+04 1.505595e+00
1.487800e+04 1.419257e+00
1.487900e+04 1.410681e+00
1.488000e+04 1.431806e+00
1.488100e+04 1.456618e+00
1.488200e+04 1.354612e+00
1.488300e+04 1.398261e+00
1.488400e+04 1.276811e+00
1.488500e+04 1.330375e+00
1.488600e+04 1.276700e+00
1.488700e+04 1.277027e+00
1.488800e+04 1.360850e+00
1.488900e+04 1.355109e+00
1.489000e+04 1.397506e+00
1.489100e+04 1.599216e+00
1.489200e+04 1.500391e+00
1.489300e+04 1.518919e+00
1.489400e+04 1.402537e+00
1.489500e+04 1.552367e+00
1.489600e+04 1.538742e+00
1.489700e+04 1.387397e+00
1.489800e+04 1.464381e+00
1.489900e+04 1.549911e+00
1.490000e+04 1.333384e+00
1.490100e+04 1.596846e+00
1.490200e+04 1.500644e+00
1.490300e+04 1.430016e+00
1.490400e+04 1.389222e+00
1.490500e+04 1.565369e+00
1.490600e+04 1.421251e+00
1.490700e+04 1.392778e+00
1.490800e+04 1.335769e+00
1.490900e+04 1.332972e+00
1.491000e+04 1.332116e+00
1.491100e+04 1.511143e+00
1.491200e+04 1.591076e+00
1.491300e+04 1.580099e+00
1.491400e+04 1.497279e+00
1.491500e+04 1.523953e+00
1.491600e+04 1.430236e+00
1.491700e+04 1.429598e+00
1.491800e+04 1.508292e+00
1.491900e+04 1.503048e+00
1.492000e+04 1.518603e+00
1.492100e+04 1.533402e+00
1.492200e+04 1.486616e+00
1.492300e+04 1.443596e+00
1.492400e+04 1.465257e+00
1.492500e+04 1.422014e+00
1.492600e+04 1.310681e+00
1.492700e+04 1.424603e+00
1.492800e+04 1.362878e+00
1.492900e+04 1.493074e+00
1.493000e+04 1.491439e+00
1.493100e+04 1.547727e+00
1.493200e+04 1.476183e+00
1.493300e+04 1.507906e+00
1.493400e+04 1.470901e+00
1.493500e+04 1.503076e+00
1.493600e+04 1.467955e+00
1.493700e+04 1.508622e+00
1.493800e+04 1.424933e+00
1.493900e+04 1.461953e+00
1.494000e+04 1.442450e+00
1.494100e+04 1.426357e+00
1.494200e+04 1.322050e+00
1.494300e+04 1.464828e+00
1.494400e+04 1.506935e+00
1.494500e+04 1.428857e+00
1.494600e+04 1.533511e+00
1.494700e+04 1.429269e+00
1.494800e+04 1.510819e+00
1.494900e+04 1.491959e+00
1.495000e+04 1.489586e+00
1.495100e+04 1.414067e+00
1.495200e+04 1.522043e+00
1.495300e+04 1.370564e+00
1.495400e+04 1.374339e+00
1.495500e+04 1.530571e+00
1.495600e+04 1.554829e+00
1.495700e+04 1.516579e+00
1.495800e+04 1.381857e+00
1.495900e+04 1.398973e+00
1.496000e+04 1.463471e+00
1.496100e+04 1.570902e+00
1.496200e+04 1.351782e+00
1.496300e+04 1.476280e+00
1.496400e+04 1.511404e+00
1.496500e+04 1.349655e+00
1.496600e+04 1.495586e+00
1.496700e+04 1.557934e+00
1.496800e+04 1.473522e+00
1.496900e+04 1.511633e+00
1.497000e+04 1.565176e+00
1.497100e+04 1.476239e+00
1.497200e+04 1.482274e+00
1.497300e+04 1.455590e+00
1.497400e+04 1.522664e+00
1.497500e+04 1.466835e+00
1.497600e+04 1.433860e+00
1.497700e+04 1.376940e+00
1.497800e+04 1.554272e+00
1.497900e+04 1.581323e+00
1.498000e+04 1.443672e+00
1.498100e+04 1.568501e+00
1.498200e+04 1.456246e+00
1.498300e+04 1.426672e+00
1.498400e+04 1.480435e+00
1.498500e+04 1.459773e+00
1.498600e+04 1.549034e+00
1.498700e+04 1.498484e+00
1.498800e+04 1.591952e+00
1.498900e+04 1.402952e+00
1.499000e+04 1.553122e+00
1.499100e+04 1.503182e+00
1.499200e+04 1.477805e+00
1.499300e+04 1.406790e+00
1.499400e+04 1.454789e+00
1.499500e+04 1.484032e+00
1.499600e+04 1.479934e+00
1.499700e+04 1.388334e+00
1.499800e+04 1.487673e+00
1.499900e+04 1.489375e+00
1.500000e+04 1.475495e+00
1.500100e+04 1.471519e+00
1.500200e+04 1.476129e+00
1.500300e+04 1.462002e+00
1.500400e+04 1.305333e+00
1.500500e+04 1.476847e+00
1.500600e+04 1.285938e+00
1.500700e+04 1.294670e+00
1.500800e+04 1.468465e+00
1.500900e+04 1.476886e+00
1.501000e+04 1.358974e+00
1.501100e+04 1.502567e+00
1.501200e+04 1.516310e+00
1.501300e+04 1.437592e+00
1.501400e+04 1.498845e+00
1.501500e+04 1.516218e+00
1.501600e+04 1.308287e+00
1.501700e+04 1.448062e+00
1.501800e+04 1.503008e+00
1.501900e+04 1.459677e+00
1.502000e+04 1.356491e+00
1.502100e+04 1.518968e+00
1.502200e+04 1.319177e+00
1.502300e+04 1.282869e+00
1.502400e+04 1.368810e+00
1.502500e+04 1.314593e+00
1.502600e+04 1.472151e+00
1.502700e+04 1.308426e+00
1.502800e+04 1.395889e+00
1.502900e+04 1.089884e+00
1.503000e+04 1.355595e+00
1.503100e+04 1.404144e+00
1.503200e+04 1.454633e+00
1.503300e+04 1.534820e+00
1.503400e+04 1.497220e+00
1.503500e+04 1.521683e+00
1.503600e+04 1.318151e+00
1.503700e+04 1.485317e+00
1.503800e+04 1.400023e+00
1.503900e+04 1.462271e+00
1.504000e+04 1.459855e+00
1.504100e+04 1.443181e+00
1.504200e+04 1.477077e+00
1.504300e+04 1.468885e+00
1.504400e+04 1.197933e+00
1.504500e+04 1.325667e+00
1.504600e+04 1.404280e+00
1.504700e+04 1.430682e+00
1.504800e+04 1.503090e+00
1.504900e+04 1.457288e+00
1.505000e+04 1.475954e+00
1.505100e+04 1.408151e+00
1.505200e+04 1.318951e+00
1.505300e+04 1.433404e+00
1.505400e+04 1.362128e+00
1.505500e+04 1.440897e+00
1.505600e+04 1.415430e+00
1.505700e+04 1.428362e+00
1.505800e+04 1.438745e+00
1.505900e+04 1.517603e+00
1.506000e+04 1.390468e+00
1.506100e+04 1.435312e+00
1.506200e+04 1.569951e+00
1.506300e+04 1.405721e+00
1.506400e+04 1.473414e+00
1.506500e+04 1.454124e+00
1.506600e+04 1.560711e+00
1.506700e+04 1.538584e+00
1.506800e+04 1.375326e+00
1.506900e+04 1.410242e+00
1.507000e+04 1.477477e+00
1.507100e+04 1.549321e+00
1.507200e+04 1.465029e+00
1.507300e+04 1.480371e+00
1.507400e+04 1.549896e+00
1.507500e+04 1.365914e+00
1.507600e+04 1.489351e+00
1.507700e+04 1.422391e+00
1.507800e+04 1.449446e+00
1.507900e+04 1.376949e+00
1.508000e+04 1.573312e+00
1.508100e+04 1.378970e+00
1.508200e+04 1.375965e+00
1.508300e+04 1.473221e+00
1.508400e+04 1.433313e+00
1.508500e+04 1.509572e+00
1.508600e+04 1.440940e+00
1.508700e+04 1.361668e+00
1.508800e+04 1.412661e+00
1.508900e+04 1.449570e+00
1.509000e+04 1.473014e+00
1.509100e+04 1.518752e+00
1.509200e+04 1.551128e+00
1.509300e+04 1.609041e+00
1.509400e+04 1.505034e+00
1.509500e+04 1.446546e+00
1.509600e+04 1.526236e+00
1.509700e+04 1.343761e+00
1.509800e+04 1.549481e+00
1.509900e+04 1.513578e+00
1.510000e+04 1.418896e+00
1.510100e+04 1.551235e+00
1.510200e+04 1.327409e+00
1.510300e+04 1.366183e+00
1.510400e+04 1.540040e+00
1.510500e+04 1.543681e+00
1.510600e+04 1.437946e+00
1.510700e+04 1.535282e+00
1.510800e+04 1.443024e+00
1.510900e+04 1.387501e+00
1.511000e+04 1.521993e+00
1.511100e+04 1.536427e+00
1.511200e+04 1.399725e+00
1.511300e+04 1.405228e+00
1.511400e+04 1.503835e+00
1.511500e+04 1.526722e+00
1.511600e+04 1.474297e+00
1.511700e+04 1.426099e+00
1.511800e+04 1.443570e+00
1.511900e+04 1.383963e+00
1.512000e+04 1.468943e+00
1.512100e+04 1.468927e+00
1.512200e+04 1.524312e+00
1.512300e+04 1.556058e+00
1.512400e+04 1.517367e+00
1.512500e+04 1.454498e+00
1.512600e+04 1.438802e+00
1.512700e+04 1.435767e+00
1.512800e+04 1.447115e+00
1.512900e+04 1.524974e+00
1.513000e+04 1.471011e+00
1.513100e+04 1.515881e+00
1.513200e+04 1.348110e+00
1.513300e+04 1.446827e+00
1.513400e+04 1.283219e+00
1.513500e+04 1.301474e+00
1.513600e+04 1.384760e+00
1.513700e+04 1.491744e+00
1.513800e+04 1.382607e+00
1.513900e+04 1.287617e+00
1.514000e+04 1.402528e+00
1.514100e+04 1.558105e+00
1.514200e+04 1.554485e+00
1.514300e+04 1.429327e+00
1.514400e+04 1.484285e+00
1.514500e+04 1.579033e+00
1.514600e+04 1.554998e+00
1.514700e+04 1.536515e+00
1.514800e+04 1.496677e+00
1.514900e+04 1.489558e+00
1.515000e+04 1.331284e+00
1.515100e+04 1.492813e+00
1.515200e+04 1.315658e+00
1.515300e+04 1.381872e+00
1.515400e+04 1.481280e+00
1.515500e+04 1.587962e+00
1.515600e+04 1.486530e+00
1.515700e+04 1.527320e+00
1.515800e+04 1.479670e+00
1.515900e+04 1.421644e+00
1.516000e+04 1.531342e+00
1.516100e+04 1.601059e+00
1.516200e+04 1.458591e+00
1.516300e+04 1.279412e+00
1.516400e+04 1.452478e+00
1.516500e+04 1.432239e+00
1.516600e+04 1.393829e+00
1.516700e+04 1.088879e+00
1.516800e+04 1.418207e+00
1.516900e+04 1.419048e+00
1.517000e+04 1.401091e+00
1.517100e+04 1.330037e+00
1.517200e+04 1.331130e+00
1.517300e+04 1.227226e+00
1.517400e+04 1.351831e+00
1.517500e+04 1.281285e+00
1.517600e+04 1.320417e+00
1.517700e+04 1.330301e+00
1.517800e+04 1.417118e+00
1.517900e+04 1.417074e+00
1.518000e+04 1.401722e+00
1.518100e+04 1.531807e+00
1.518200e+04 1.551411e+00
1.518300e+04 1.538501e+00
1.518400e+04 1.588387e+00
1.518500e+04 1.497234e+00
1.518600e+04 1.534338e+00
1.518700e+04 1.334114e+00
1.518800e+04 1.506807e+00
1.518900e+04 1.429553e+00
1.519000e+04 1.472830e+00
1.519100e+04 1.403492e+00
1.519200e+04 1.528151e+00
1.519300e+04 1.470151e+00
1.519400e+04 1.462545e+00
1.519500e+04 1.457239e+00
1.519600e+04 1.541871e+00
1.519700e+04 1.537455e+00
1.519800e+04 1.268407e+00
1.519900e+04 1.507166e+00
1.520000e+04 1.483690e+00
1.520100e+04 1.411210e+00
1.520200e+04 1.372348e+00
1.520300e+04 1.473723e+00
1.520400e+04 1.537740e+00
1.520500e+04 1.426589e+00
1.520600e+04 1.452105e+00
1.520700e+04 1.464232e+00
1.520800e+04 1.516701e+00
1.520900e+04 1.463005e+00
1.521000e+04 1.553721e+00
1.521100e+04 1.470556e+00
1.521200e+04 1.482960e+00
1.521300e+04 1.544122e+00
1.521400e+04 1.589544e+00
1.521500e+04 1.502900e+00
1.521600e+04 1.533472e+00
1.521700e+04 1.542649e+00
1.521800e+04 1.434167e+00
1.521900e+04 1.582794e+00
1.522000e+04 1.363711e+00
1.522100e+04 1.486727e+00
1.522200e+04 1.532329e+00
1.522300e+04 1.448285e+00
1.522400e+04 1.555033e+00
1.522500e+04 1.371175e+00
1.522600e+04 1.560348e+00
1.522700e+04 1.397203e+00
1.522800e+04 1.408408e+00
1.522900e+04 1.447034e+00
1.523000e+04 1.516939e+00
1.523100e+04 1.440228e+00
1.523200e+04 1.540330e+00
1.523300e+04 1.557847e+00
1.523400e+04 1.512047e+00
1.523500e+04 1.497431e+00
1.523600e+04 1.530479e+00
1.523700e+04 1.439504e+00
1.523800e+04 1.503954e+00
1.523900e+04 1.568769e+00
1.524000e+04 1.479853e+00
1.524100e+04 1.344340e+00
1.524200e+04 1.376297e+00
1.524300e+04 1.477551e+00
1.524400e+04 1.428636e+00
1.524500e+04 1.497796e+00
1.524600e+04 1.459314e+00
1.524700e+04 1.383366e+00
1.524800e+04 1.455824e+00
1.524900e+04 1.414041e+00
1.525000e+04 1.435841e+00
1.525100e+04 1.465180e+00
1.525200e+04 1.416708e+00
1.525300e+04 1.445896e+00
1.525400e+04 1.441605e+00
1.525500e+04 1.489088e+00
1.525600e+04 1.513700e+00
1.525700e+04 1.510574e+00
1.525800e+04 1.447895e+00
1.525900e+04 1.477582e+00
1.526000e+04 1.425727e+00
1.526100e+04 1.322751e+00
1.526200e+04 1.307068e+00
1.526300e+04 1.416039e+00
1.526400e+04 1.439279e+00
1.526500e+04 1.540788e+00
1.526600e+04 1.466029e+00
1.526700e+04 1.495828e+00
1.526800e+04 1.401136e+00
1.526900e+04 1.248974e+00
1.527000e+04 1.355291e+00
1.527100e+04 1.381528e+00
1.527200e+04 1.499505e+00
1.527300e+04 1.561345e+00
1.527400e+04 1.428095e+00
1.527500e+04 1.450061e+00
1.527600e+04 1.512962e+00
1.527700e+04 1.444383e+00
1.527800e+04 1.490737e+00
1.527900e+04 1.500123e+00
1.528000e+04 1.389037e+00
1.528100e+04 1.512936e+00
1.528200e+04 1.418818e+00
1.528300e+04 1.359457e+00
1.528400e+04 1.464109e+00
1.528500e+04 1.279416e+00
1.528600e+04 1.480477e+00
1.528700e+04 1.427832e+00
1.528800e+04 1.303435e+00
1.528900e+04 1.499776e+00
1.529000e+04 1.549363e+00
1.529100e+04 1.543418e+00
1.529200e+04 1.438715e+00
1.529300e+04 1.377407e+00
1.529400e+04 1.377529e+00
1.529500e+04 1.517879e+00
1.529600e+04 1.467313e+00
1.529700e+04 1.522652e+00
1.529800e+04 1.463110e+00
1.529900e+04 1.484729e+00
1.530000e+04 1.462988e+00
1.530100e+04 1.551033e+00
1.530200e+04 1.453186e+00
1.530300e+04 1.498788e+00
1.530400e+04 1.518859e+00
1.530500e+04 1.526044e+00
1.530600e+04 1.443789e+00
1.530700e+04 1.475053e+00
1.530800e+04 1.485582e+00
1.530900e+04 1.444981e+00
1.531000e+04 1.562075e+00
1.531100e+04 1.474309e+00
1.531200e+04 1.452526e+00
1.531300e+04 1.548883e+00
1.531400e+04 1.463406e+00
1.531500e+04 1.382472e+00
1.531600e+04 1.469106e+00
1.531700e+04 1.461699e+00
1.531800e+04 1.472146e+00
1.531900e+04 1.517073e+00
1.532000e+04 1.324180e+00
1.532100e+04 1.358103e+00
1.532200e+04 1.358272e+00
1.532300e+04 1.408480e+00
1.532400e+04 1.359125e+00
1.532500e+04 1.404983e+00
1.532600e+04 1.367490e+00
1.532700e+04 1.524555e+00
1.532800e+04 1.363656e+00
1.532900e+04 1.414557e+00
1.533000e+04 1.361010e+00
1.533100e+04 1.486313e+00
1.533200e+04 1.404877e+00
1.533300e+04 1.355057e+00
1.533400e+04 1.519436e+00
1.533500e+04 1.470040e+00
1.533600e+04 1.528656e+00
1.533700e+04 1.477322e+00
1.533800e+04 1.451927e+00
1.533900e+04 1.238292e+00
1.534000e+04 1.489715e+00
1.534100e+04 1.418132e+00
1.534200e+04 1.459759e+00
1.534300e+04 1.535436e+00
1.534400e+04 1.450630e+00
1.534500e+04 1.465662e+00
1.534600e+04 1.402392e+00
1.534700e+04 1.480714e+00
1.534800e+04 1.504076e+00
1.534900e+04 1.449375e+00
1.535000e+04 1.391731e+00
1.535100e+04 1.417326e+00
1.535200e+04 1.473302e+00
1.535300e+04 1.490653e+00
1.535400e+04 1.520484e+00
1.535500e+04 1.512895e+00
1.535600e+04 1.493515e+00
1.535700e+04 1.462619e+00
1.535800e+04 1.357579e+00
1.535900e+04 1.488533e+00
1.536000e+04 1.481268e+00
1.536100e+04 1.566569e+00
1.536200e+04 1.565515e+00
1.536300e+04 1.493648e+00
1.536400e+04 1.425470e+00
1.536500e+04 1.474791e+00
1.536600e+04 1.407521e+00
1.536700e+04 1.436117e+00
1.536800e+04 1.510506e+00
1.536900e+04 1.469634e+00
1.537000e+04 1.416004e+00
1.537100e+04 1.452883e+00
1.537200e+04 1.519311e+00
1.537300e+04 1.407396e+00
1.537400e+04 1.492708e+00
1.537500e+04 1.389340e+00
1.537600e+04 1.441403e+00
1.537700e+04 1.389312e+00
1.537800e+04 1.396736e+00
1.537900e+04 1.434304e+00
1.538000e+04 1.432547e+00
1.538100e+04 1.380660e+00
1.538200e+04 1.461995e+00
1.538300e+04 1.486303e+00
1.538400e+04 1.455214e+00
1.538500e+04 1.363261e+00
1.538600e+04 1.486777e+00
1.538700e+04 1.441198e+00
1.538800e+04 1.378884e+00
1.538900e+04 1.459178e+00
1.539000e+04 1.511989e+00
1.539100e+04 1.470743e+00
1.539200e+04 1.504103e+00
1.539300e+04 1.468126e+00
1.539400e+04 1.388087e+00
1.539500e+04 1.359065e+00
1.539600e+04 1.372503e+00
1.539700e+04 1.443554e+00
1.539800e+04 1.389220e+00
1.539900e+04 1.459402e+00
1.540000e+04 1.449967e+00
1.540100e+04 1.409638e+00
1.540200e+04 1.486654e+00
1.540300e+04 1.492734e+00
1.540400e+04 1.357539e+00
1.540500e+04 1.356590e+00
1.540600e+04 1.354780e+00
1.540700e+04 1.437219e+00
1.540800e+04 1.398238e+00
1.540900e+04 1.401333e+00
1.541000e+04 1.372730e+00
1.541100e+04 1.251422e+00
1.541200e+04 1.362166e+00
1.541300e+04 1.250554e+00
1.541400e+04 1.465858e+00
1.541500e+04 1.524613e+00
1.541600e+04 1.580828e+00
1.541700e+04 1.507651e+00
1.541800e+04 1.518288e+00
1.541900e+04 1.369626e+00
1.542000e+04 1.436541e+00
1.542100e+04 1.511905e+00
1.542200e+04 1.436942e+00
1.542300e+04 1.409632e+00
1.542400e+04 1.306268e+00
1.542500e+04 1.330691e+00
1.542600e+04 1.275559e+00
1.542700e+04 1.352252e+00
1.542800e+04 1.493004e+00
1.542900e+04 1.412927e+00
1.543000e+04 1.420636e+00
1.543100e+04 1.426211e+00
1.543200e+04 1.332179e+00
1.543300e+04 1.364132e+00
1.543400e+04 1.387101e+00
1.543500e+04 1.448408e+00
1.543600e+04 1.453199e+00
1.543700e+04 1.499899e+00
1.543800e+04 1.387622e+00
1.543900e+04 1.376984e+00
1.544000e+04 1.390190e+00
1.544100e+04 1.500789e+00
1.544200e+04 1.417310e+00
1.544300e+04 1.430251e+00
1.544400e+04 1.443258e+00
1.544500e+04 1.478141e+00
1.544600e+04 1.472314e+00
1.544700e+04 1.478741e+00
1.544800e+04 1.468929e+00
1.544900e+04 1.422566e+00
1.545000e+04 1.482409e+00
1.545100e+04 1.513688e+00
1.545200e+04 1.398860e+00
1.545300e+04 1.449140e+00
1.545400e+04 1.475363e+00
1.545500e+04 1.531232e+00
1.545600e+04 1.518717e+00
1.545700e+04 1.510226e+00
1.545800e+04 1.471203e+00
1.545900e+04 1.430542e+00
1.546000e+04 1.415992e+00
1.546100e+04 1.542394e+00
1.546200e+04 1.376046e+00
1.546300e+04 1.525696e+00
1.546400e+04 1.520060e+00
1.546500e+04 1.440464e+00
1.546600e+04 1.349020e+00
1.546700e+04 1.455866e+00
1.546800e+04 1.426632e+00
1.546900e+04 1.492079e+00
1.547000e+04 1.485065e+00
1.547100e+04 1.437280e+00
1.547200e+04 1.418664e+00
1.547300e+04 1.483246e+00
1.547400e+04 1.369610e+00
1.547500e+04 1.339258e+00
1.547600e+04 1.533638e+00
1.547700e+04 1.376927e+00
1.547800e+04 1.397337e+00
1.547900e+04 1.429779e+00
1.548000e+04 1.403965e+00
1.548100e+04 1.476673e+00
1.548200e+04 1.435285e+00
1.548300e+04 1.467690e+00
1.548400e+04 1.389960e+00
1.548500e+04 1.512665e+00
1.548600e+04 1.504620e+00
1.548700e+04 1.470745e+00
1.548800e+04 1.400135e+00
1.548900e+04 1.445191e+00
1.549000e+04 1.355069e+00
1.549100e+04 1.525227e+00
1.549200e+04 1.397845e+00
1.549300e+04 1.505861e+00
1.549400e+04 1.512588e+00
1.549500e+04 1.474598e+00
1.549600e+04 1.512514e+00
1.549700e+04 1.489215e+00
1.549800e+04 1.521463e+00
1.549900e+04 1.536684e+00
1.550000e+04 1.503900e+00
1.550100e+04 1.349108e+00
1.550200e+04 1.445142e+00
1.550300e+04 1.274089e+00
1.550400e+04 1.466296e+00
1.550500e+04 1.442982e+00
1.550600e+04 1.431878e+00
1.550700e+04 1.412503e+00
1.550800e+04 1.341339e+00
1.550900e+04 1.382893e+00
1.551000e+04 1.244455e+00
1.551100e+04 1.371910e+00
1.551200e+04 1.396847e+00
1.551300e+04 1.515030e+00
1.551400e+04 1.535089e+00
1.551500e+04 1.481718e+00
1.551600e+04 1.526984e+00
1.551700e+04 1.452291e+00
1.551800e+04 1.358885e+00
1.551900e+04 1.377468e+00
1.552000e+04 1.455233e+00
1.552100e+04 1.490652e+00
1.552200e+04 1.514558e+00
1.552300e+04 1.534922e+00
1.552400e+04 1.468770e+00
1.552500e+04 1.544258e+00
1.552600e+04 1.494415e+00
1.552700e+04 1.471489e+00
1.552800e+04 1.465620e+00
1.552900e+04 1.430928e+00
1.553000e+04 1.432628e+00
1.553100e+04 1.571598e+00
1.553200e+04 1.448671e+00
1.553300e+04 1.441261e+00
1.553400e+04 1.482389e+00
1.553500e+04 1.427874e+00
1.553600e+04 1.471541e+00
1.553700e+04 1.341548e+00
1.553800e+04 1.443721e+00
1.553900e+04 1.376292e+00
1.554000e+04 1.385448e+00
1.554100e+04 1.337569e+00
1.554200e+04 1.507855e+00
1.554300e+04 1.483880e+00
1.554400e+04 1.486425e+00
1.554500e+04 1.392023e+00
1.554600e+04 1.272273e+00
1.554700e+04 1.404116e+00
1.554800e+04 1.206092e+00
1.554900e+04 1.370713e+00
1.555000e+04 1.473253e+00
1.555100e+04 1.451671e+00
1.555200e+04 1.516004e+00
1.555300e+04 1.500592e+00
1.555400e+04 1.473932e+00
1.555500e+04 1.514045e+00
1.555600e+04 1.470032e+00
1.555700e+04 1.347550e+00
1.555800e+04 1.461539e+00
1.555900e+04 1.443080e+00
1.556000e+04 1.410012e+00
1.556100e+04 1.467394e+00
1.556200e+04 1.306357e+00
1.556300e+04 1.452543e+00
1.556400e+04 1.400947e+00
1.556500e+04 1.417444e+00
1.556600e+04 1.373407e+00
1.556700e+04 1.488310e+00
1.556800e+04 1.460308e+00
1.556900e+04 1.490937e+00
1.557000e+04 1.397047e+00
1.557100e+04 1.464230e+00
1.557200e+04 1.340137e+00
1.557300e+04 1.297841e+00
1.557400e+04 1.447748e+00
1.557500e+04 1.426238e+00
1.557600e+04 1.277315e+00
1.557700e+04 1.361493e+00
1.557800e+04 1.427746e+00
1.557900e+04 1.490573e+00
1.558000e+04 1.449073e+00
1.558100e+04 1.410743e+00
1.558200e+04 1.408493e+00
1.558300e+04 1.402411e+00
1.558400e+04 1.452393e+00
1.558500e+04 1.449554e+00
1.558600e+04 1.426405e+00
1.558700e+04 1.439974e+00
1.558800e+04 1.474139e+00
1.558900e+04 1.508900e+00
1.559000e+04 1.453439e+00
1.559100e+04 1.482550e+00
1.559200e+04 1.448987e+00
1.559300e+04 1.458766e+00
1.559400e+04 1.463752e+00
1.559500e+04 1.458758e+00
1.559600e+04 1.406452e+00
1.559700e+04 1.413579e+00
1.559800e+04 1.451063e+00
1.559900e+04 1.490857e+00
1.560000e+04 1.439777e+00
1.560100e+04 1.421455e+00
1.560200e+04 1.413266e+00
1.560300e+04 1.442780e+00
1.560400e+04 1.456064e+00
1.560500e+04 1.438913e+00
1.560600e+04 1.380842e+00
1.560700e+04 1.431032e+00
1.560800e+04 1.532145e+00
1.560900e+04 1.433065e+00
1.561000e+04 1.433410e+00
1.561100e+04 1.444856e+00
1.561200e+04 1.433455e+00
1.561300e+04 1.460271e+00
1.561400e+04 1.408903e+00
1.561500e+04 1.468792e+00
1.561600e+04 1.537319e+00
1.561700e+04 1.413024e+00
1.561800e+04 1.383992e+00
1.561900e+04 1.467615e+00
1.562000e+04 1.480770e+00
1.562100e+04 1.395940e+00
1.562200e+04 1.458577e+00
1.562300e+04 1.496859e+00
1.562400e+04 1.477652e+00
1.562500e+04 1.487748e+00
1.562600e+04 1.426775e+00
1.562700e+04 1.464774e+00
1.562800e+04 1.448975e+00
1.562900e+04 1.434493e+00
1.563000e+04 1.482714e+00
1.563100e+04 1.218932e+00
1.563200e+04 1.346916e+00
1.563300e+04 1.473723e+00
1.563400e+04 1.578099e+00
1.563500e+04 1.455665e+00
1.563600e+04 1.433895e+00
1.563700e+04 1.474943e+00
1.563800e+04 1.441955e+00
1.563900e+04 1.414967e+00
1.564000e+04 1.473929e+00
1.564100e+04 1.471415e+00
1.564200e+04 1.529498e+00
1.564300e+04 1.495876e+00
1.564400e+04 1.528290e+00
1.564500e+04 1.452813e+00
1.564600e+04 1.426343e+00
1.564700e+04 1.448134e+00
1.564800e+04 1.432373e+00
1.564900e+04 1.438603e+00
1.565000e+04 1.506952e+00
1.565100e+04 1.388724e+00
1.565200e+04 1.390423e+00
1.565300e+04 1.434953e+00
1.565400e+04 1.483907e+00
1.565500e+04 1.402779e+00
1.565600e+04 1.296402e+00
1.565700e+04 1.306819e+00
1.565800e+04 1.246713e+00
1.565900e+04 1.403986e+00
1.566000e+04 1.393536e+00
1.566100e+04 1.386726e+00
1.566200e+04 1.512938e+00
1.566300e+04 1.442488e+00
1.566400e+04 1.453118e+00
1.566500e+04 1.440727e+00
1.566600e+04 1.461795e+00
1.566700e+04 1.494033e+00
1.566800e+04 1.460529e+00
1.566900e+04 1.413477e+00
1.567000e+04 1.503692e+00
1.567100e+04 1.512654e+00
1.567200e+04 1.448661e+00
1.567300e+04 1.420771e+00
1.567400e+04 1.550702e+00
1.567500e+04 1.508616e+00
1.567600e+04 1.539980e+00
1.567700e+04 1.481924e+00
1.567800e+04 1.425574e+00
1.567900e+04 1.455348e+00
1.568000e+04 1.481879e+00
1.568100e+04 1.538208e+00
1.568200e+04 1.443415e+00
1.568300e+04 1.453684e+00
1.568400e+04 1.479568e+00
1.568500e+04 1.521266e+00
1.568600e+04 1.422410e+00
1.568700e+04 1.512544e+00
1.568800e+04 1.459690e+00
1.568900e+04 1.446566e+00
1.569000e+04 1.412923e+00
1.569100e+04 1.427421e+00
1.569200e+04 1.481799e+00
1.569300e+04 1.402323e+00
1.569400e+04 1.490252e+00
1.569500e+04 1.477308e+00
1.569600e+04 1.491348e+00
1.569700e+04 1.396746e+00
1.569800e+04 1.437525e+00
1.569900e+04 1.449590e+00
1.570000e+04 1.396651e+00
1.570100e+04 1.396556e+00
1.570200e+04 1.457014e+00
1.570300e+04 1.365718e+00
1.570400e+04 1.432742e+00
1.570500e+04 1.488452e+00
1.570600e+04 1.471023e+00
1.570700e+04 1.470398e+00
1.570800e+04 1.453627e+00
1.570900e+04 1.475348e+00
1.571000e+04 1.469440e+00
1.571100e+04 1.470126e+00
1.571200e+04 1.448296e+00
1.571300e+04 1.437780e+00
1.571400e+04 1.450494e+00
1.571500e+04 1.436788e+00
1.571600e+04 1.522280e+00
1.571700e+04 1.478586e+00
1.571800e+04 1.485487e+00
1.571900e+04 1.437787e+00
1.572000e+04 1.230423e+00
1.572100e+04 1.257763e+00
1.572200e+04 1.427417e+00
1.572300e+04 1.493493e+00
1.572400e+04 1.253057e+00
1.572500e+04 1.413062e+00
1.572600e+04 1.483451e+00
1.572700e+04 1.399401e+00
1.572800e+04 1.443756e+00
1.572900e+04 1.531574e+00
1.573000e+04 1.486598e+00
1.573100e+04 1.239503e+00
1.573200e+04 1.441372e+00
1.573300e+04 1.516915e+00
1.573400e+04 1.416254e+00
1.573500e+04 1.280432e+00
1.573600e+04 1.486339e+00
1.573700e+04 1.369846e+00
1.573800e+04 1.491131e+00
1.573900e+04 1.429688e+00
1.574000e+04 1.490632e+00
1.574100e+04 1.520765e+00
1.574200e+04 1.436669e+00
1.574300e+04 1.477050e+00
1.574400e+04 1.479015e+00
1.574500e+04 1.443355e+00
1.574600e+04 1.471599e+00
1.574700e+04 1.464954e+00
1.574800e+04 1.435315e+00
1.574900e+04 1.434258e+00
1.575000e+04 1.394690e+00
1.575100e+04 1.438769e+00
1.575200e+04 1.428019e+00
1.575300e+04 1.451125e+00
1.575400e+04 1.453085e+00
1.575500e+04 1.458259e+00
1.575600e+04 1.466358e+00
1.575700e+04 1.421263e+00
1.575800e+04 1.458887e+00
1.575900e+04 1.429371e+00
1.576000e+04 1.345335e+00
1.576100e+04 1.346322e+00
1.576200e+04 1.447037e+00
1.576300e+04 1.398642e+00
1.576400e+04 1.430051e+00
1.576500e+04 1.441168e+00
1.576600e+04 1.414103e+00
1.576700e+04 1.432900e+00
1.576800e+04 1.437139e+00
1.576900e+04 1.367086e+00
1.577000e+04 1.373418e+00
1.577100e+04 1.379748e+00
1.577200e+04 1.443598e+00
1.577300e+04 1.411611e+00
1.577400e+04 1.456780e+00
1.577500e+04 1.403358e+00
1.577600e+04 1.456296e+00
1.577700e+04 1.434038e+00
1.577800e+04 1.497618e+00
1.577900e+04 1.466258e+00
1.578000e+04 1.377757e+00
1.578100e+04 1.299835e+00
1.578200e+04 1.442137e+00
1.578300e+04 1.315742e+00
1.578400e+04 1.484897e+00
1.578500e+04 1.454476e+00
1.578600e+04 1.494506e+00
1.578700e+04 1.427928e+00
1.578800e+04 1.440623e+00
1.578900e+04 1.446957e+00
1.579000e+04 1.502314e+00
1.579100e+04 1.453642e+00
1.579200e+04 1.491506e+00
1.579300e+04 1.407365e+00
1.579400e+04 1.529110e+00
1.579500e+04 1.510765e+00
1.579600e+04 1.499684e+00
1.579700e+04 1.425235e+00
1.579800e+04 1.497327e+00
1.579900e+04 1.486677e+00
1.580000e+04 1.452174e+00
1.580100e+04 1.501155e+00
1.580200e+04 1.422095e+00
1.580300e+04 1.415746e+00
1.580400e+04 1.437374e+00
1.580500e+04 1.436304e+00
1.580600e+04 1.431142e+00
1.580700e+04 1.453935e+00
1.580800e+04 1.500919e+00
1.580900e+04 1.476371e+00
1.581000e+04 1.446017e+00
1.581100e+04 1.500253e+00
1.581200e+04 1.547827e+00
1.581300e+04 1.503906e+00
1.581400e+04 1.468592e+00
1.581500e+04 1.492892e+00
1.581600e+04 1.432750e+00
1.581700e+04 1.443302e+00
1.581800e+04 1.447099e+00
1.581900e+04 1.435374e+00
1.582000e+04 1.474202e+00
1.582100e+04 1.470329e+00
1.582200e+04 1.441807e+00
1.582300e+04 1.418948e+00
1.582400e+04 1.524053e+00
1.582500e+04 1.455591e+00
1.582600e+04 1.490297e+00
1.582700e+04 1.481310e+00
1.582800e+04 1.438408e+00
1.582900e+04 1.482774e+00
1.583000e+04 1.483772e+00
1.583100e+04 1.437353e+00
1.583200e+04 1.513782e+00
1.583300e+04 1.419516e+00
1.583400e+04 1.373211e+00
1.583500e+04 1.473725e+00
1.583600e+04 1.492038e+00
1.583700e+04 1.454332e+00
1.583800e+04 1.426639e+00
1.583900e+04 1.417846e+00
1.584000e+04 1.395362e+00
1.584100e+04 1.388143e+00
1.584200e+04 1.387442e+00
1.584300e+04 1.463539e+00
1.584400e+04 1.473024e+00
1.584500e+04 1.452265e+00
1.584600e+04 1.419634e+00
1.584700e+04 1.394436e+00
1.584800e+04 1.462307e+00
1.584900e+04 1.491818e+00
1.585000e+04 1.405121e+00
1.585100e+04 1.455790e+00
1.585200e+04 1.390740e+00
1.585300e+04 1.452614e+00
1.585400e+04 1.503599e+00
1.585500e+04 1.492339e+00
1.585600e+04 1.467964e+00
1.585700e+04 1.518541e+00
1.585800e+04 1.495941e+00
1.585900e+04 1.457982e+00
1.586000e+04 1.455857e+00
1.586100e+04 1.545202e+00
1.586200e+04 1.493380e+00
1.586300e+04 1.506667e+00
1.586400e+04 1.496068e+00
1.586500e+04 1.453738e+00
1.586600e+04 1.442145e+00
1.586700e+04 1.412889e+00
1.586800e+04 1.432471e+00
1.586900e+04 1.510081e+00
1.587000e+04 1.474020e+00
1.587100e+04 1.442545e+00
1.587200e+04 1.486955e+00
1.587300e+04 1.471869e+00
1.587400e+04 1.489397e+00
1.587500e+04 1.497450e+00
1.587600e+04 1.504454e+00
1.587700e+04 1.473924e+00
1.587800e+04 1.461141e+00
1.587900e+04 1.447147e+00
1.588000e+04 1.491035e+00
1.588100e+04 1.442521e+00
1.588200e+04 1.511596e+00
1.588300e+04 1.476526e+00
1.588400e+04 1.462451e+00
1.588500e+04 1.451974e+00
1.588600e+04 1.501766e+00
1.588700e+04 1.514723e+00
1.588800e+04 1.448658e+00
1.588900e+04 1.305981e+00
1.589000e+04 1.492859e+00
1.589100e+04 1.444648e+00
1.589200e+04 1.260256e+00
1.589300e+04 1.411278e+00
1.589400e+04 1.512181e+00
1.589500e+04 1.472451e+00
1.589600e+04 1.378617e+00
1.589700e+04 1.391847e+00
1.589800e+04 1.225384e+00
1.589900e+04 1.402942e+00
1.590000e+04 1.420884e+00
1.590100e+04 1.452155e+00
1.590200e+04 1.264138e+00
1.590300e+04 1.404173e+00
1.590400e+04 1.424383e+00
1.590500e+04 1.445784e+00
1.590600e+04 1.475071e+00
1.590700e+04 1.520577e+00
1.590800e+04 1.483639e+00
1.590900e+04 1.477613e+00
1.591000e+04 1.448160e+00
1.591100e+04 1.418061e+00
1.591200e+04 1.470490e+00
1.591300e+04 1.493053e+00
1.591400e+04 1.516932e+00
1.591500e+04 1.280608e+00
1.591600e+04 1.458063e+00
1.591700e+04 1.286519e+00
1.591800e+04 1.484966e+00
1.591900e+04 1.435821e+00
1.592000e+04 1.431894e+00
1.592100e+04 1.468085e+00
1.592200e+04 1.493721e+00
1.592300e+04 1.403846e+00
1.592400e+04 1.476740e+00
1.592500e+04 1.494883e+00
1.592600e+04 1.438161e+00
1.592700e+04 1.488035e+00
1.592800e+04 1.517956e+00
1.592900e+04 1.430252e+00
1.593000e+04 1.462836e+00
1.593100e+04 1.446724e+00
1.593200e+04 1.383665e+00
1.593300e+04 1.432589e+00
1.593400e+04 1.463419e+00
1.593500e+04 1.442806e+00
1.593600e+04 1.527956e+00
1.593700e+04 1.489755e+00
1.593800e+04 1.474842e+00
1.593900e+04 1.437181e+00
1.594000e+04 1.453569e+00
1.594100e+04 1.458888e+00
1.594200e+04 1.495527e+00
1.594300e+04 1.486850e+00
1.594400e+04 1.469075e+00
1.594500e+04 1.389851e+00
1.594600e+04 1.466462e+00
1.594700e+04 1.506898e+00
1.594800e+04 1.523649e+00
1.594900e+04 1.433428e+00
1.595000e+04 1.488303e+00
1.595100e+04 1.422280e+00
1.595200e+04 1.468595e+00
1.595300e+04 1.528514e+00
1.595400e+04 1.491224e+00
1.595500e+04 1.478893e+00
1.595600e+04 1.500916e+00
1.595700e+04 1.526621e+00
1.595800e+04 1.494365e+00
1.595900e+04 1.452355e+00
1.596000e+04 1.460490e+00
1.596100e+04 1.527928e+00
1.596200e+04 1.517625e+00
1.596300e+04 1.432070e+00
1.596400e+04 1.491362e+00
1.596500e+04 1.488845e+00
1.596600e+04 1.514802e+00
1.596700e+04 1.526123e+00
1.596800e+04 1.489078e+00
1.596900e+04 1.394772e+00
1.597000e+04 1.474728e+00
1.597100e+04 1.454886e+00
1.597200e+04 1.464399e+00
1.597300e+04 1.410315e+00
1.597400e+04 1.452638e+00
1.597500e+04 1.401802e+00
1.597600e+04 1.505578e+00
1.597700e+04 1.461272e+00
1.597800e+04 1.432925e+00
1.597900e+04 1.495904e+00
1.598000e+04 1.511986e+00
1.598100e+04 1.470227e+00
1.598200e+04 1.423002e+00
1.598300e+04 1.453932e+00
1.598400e+04 1.474439e+00
1.598500e+04 1.458329e+00
1.598600e+04 1.462705e+00
1.598700e+04 1.509680e+00
1.598800e+04 1.429072e+00
1.598900e+04 1.481080e+00
1.599000e+04 1.467439e+00
1.599100e+04 1.468138e+00
1.599200e+04 1.474111e+00
1.599300e+04 1.442648e+00
1.599400e+04 1.461570e+00
1.599500e+04 1.470110e+00
1.599600e+04 1.463132e+00
1.599700e+04 1.419270e+00
1.599800e+04 1.452498e+00
1.599900e+04 1.462737e+00
1.600000e+04 1.525197e+00
1.600100e+04 1.428300e+00
1.600200e+04 1.509579e+00
1.600300e+04 1.508153e+00
1.600400e+04 1.481078e+00
1.600500e+04 1.495150e+00
1.600600e+04 1.350731e+00
1.600700e+04 1.460914e+00
1.600800e+04 1.432926e+00
1.600900e+04 1.467299e+00
1.601000e+04 1.513566e+00
1.601100e+04 1.498154e+00
1.601200e+04 1.488786e+00
1.601300e+04 1.506674e+00
1.601400e+04 1.456524e+00
1.601500e+04 1.484601e+00
1.601600e+04 1.443355e+00
1.601700e+04 1.479107e+00
1.601800e+04 1.413115e+00
1.601900e+04 1.473699e+00
1.602000e+04 1.499966e+00
1.602100e+04 1.418719e+00
1.602200e+04 1.487688e+00
1.602300e+04 1.406562e+00
1.602400e+04 1.421967e+00
1.602500e+04 1.443389e+00
1.602600e+04 1.500360e+00
1.602700e+04 1.502261e+00
1.602800e+04 1.503924e+00
1.602900e+04 1.492247e+00
1.603000e+04 1.481377e+00
1.603100e+04 1.413598e+00
1.603200e+04 1.521815e+00
1.603300e+04 1.433991e+00
1.603400e+04 1.491949e+00
1.603500e+04 1.492765e+00
1.603600e+04 1.415917e+00
1.603700e+04 1.500820e+00
1.603800e+04 1.523041e+00
1.603900e+04 1.450880e+00
1.604000e+04 1.426743e+00
1.604100e+04 1.302191e+00
1.604200e+04 1.494441e+00
1.604300e+04 1.261116e+00
1.604400e+04 1.438521e+00
1.604500e+04 1.468710e+00
1.604600e+04 1.426442e+00
1.604700e+04 1.423226e+00
1.604800e+04 1.422735e+00
1.604900e+04 1.479639e+00
1.605000e+04 1.428156e+00
1.605100e+04 1.497714e+00
1.605200e+04 1.485819e+00
1.605300e+04 1.510246e+00
1.605400e+04 1.503202e+00
1.605500e+04 1.430269e+00
1.605600e+04 1.461701e+00
1.605700e+04 1.279317e+00
1.605800e+04 1.465143e+00
1.605900e+04 1.490913e+00
1.606000e+04 1.281180e+00
1.606100e+04 1.468361e+00
1.606200e+04 1.430629e+00
1.606300e+04 1.463893e+00
1.606400e+04 1.486756e+00
1.606500e+04 1.451286e+00
1.606600e+04 1.250219e+00
1.606700e+04 1.440760e+00
1.606800e+04 1.503249e+00
1.606900e+04 1.370684e+00
1.607000e+04 1.455277e+00
1.607100e+04 1.478477e+00
1.607200e+04 1.487849e+00
1.607300e+04 1.436420e+00
1.607400e+04 1.256025e+00
1.607500e+04 1.523527e+00
1.607600e+04 1.492236e+00
1.607700e+04 1.500938e+00
1.607800e+04 1.363644e+00
1.607900e+04 1.357546e+00
1.608000e+04 1.390730e+00
1.608100e+04 1.444145e+00
1.608200e+04 1.420902e+00
1.608300e+04 1.488052e+00
1.608400e+04 1.487071e+00
1.608500e+04 1.455116e+00
1.608600e+04 1.490966e+00
1.608700e+04 1.446417e+00
1.608800e+04 1.485375e+00
1.608900e+04 1.483444e+00
1.609000e+04 1.504803e+00
1.609100e+04 1.464120e+00
1.609200e+04 1.492500e+00
1.609300e+04 1.449304e+00
1.609400e+04 1.456524e+00
1.609500e+04 1.441973e+00
1.609600e+04 1.529873e+00
1.609700e+04 1.440609e+00
1.609800e+04 1.481450e+00
1.609900e+04 1.447592e+00
1.610000e+04 1.441574e+00
1.610100e+04 1.499081e+00
1.610200e+04 1.481823e+00
1.610300e+04 1.479236e+00
1.610400e+04 1.459431e+00
1.610500e+04 1.486992e+00
1.610600e+04 1.440172e+00
1.610700e+04 1.445674e+00
1.610800e+04 1.400889e+00
1.610900e+04 1.472668e+00
1.611000e+04 1.484161e+00
1.611100e+04 1.427714e+00
1.611200e+04 1.458014e+00
1.611300e+04 1.436083e+00
1.611400e+04 1.448980e+00
1.611500e+04 1.487830e+00
1.611600e+04 1.461088e+00
1.611700e+04 1.498983e+00
1.611800e+04 1.515442e+00
1.611900e+04 1.473541e+00
1.612000e+04 1.420480e+00
1.612100e+04 1.384713e+00
1.612200e+04 1.462649e+00
1.612300e+04 1.490550e+00
1.612400e+04 1.454530e+00
1.612500e+04 1.484649e+00
1.612600e+04 1.432107e+00
1.612700e+04 1.498744e+00
1.612800e+04 1.414341e+00
1.612900e+04 1.416133e+00
1.613000e+04 1.526609e+00
1.613100e+04 1.433135e+00
1.613200e+04 1.479539e+00
1.613300e+04 1.435533e+00
1.613400e+04 1.478533e+00
1.613500e+04 1.415613e+00
1.613600e+04 1.424895e+00
1.613700e+04 1.465351e+00
1.613800e+04 1.397733e+00
1.613900e+04 1.406835e+00
1.614000e+04 1.404642e+00
1.614100e+04 1.254916e+00
1.614200e+04 1.332043e+00
1.614300e+04 1.403563e+00
1.614400e+04 1.440692e+00
1.614500e+04 1.463002e+00
1.614600e+04 1.443291e+00
1.614700e+04 1.453947e+00
1.614800e+04 1.425734e+00
1.614900e+04 1.423997e+00
1.615000e+04 1.444021e+00
1.615100e+04 1.411889e+00
1.615200e+04 1.400759e+00
1.615300e+04 1.390166e+00
1.615400e+04 1.311769e+00
1.615500e+04 1.140728e+00
1.615600e+04 1.278392e+00
1.615700e+04 1.355014e+00
1.615800e+04 1.334718e+00
1.615900e+04 1.336512e+00
1.616000e+04 1.255228e+00
1.616100e+04 1.249897e+00
1.616200e+04 1.136435e+00
1.616300e+04 1.312222e+00
1.616400e+04 1.319494e+00
1.616500e+04 1.425374e+00
1.616600e+04 1.462807e+00
1.616700e+04 1.471113e+00
1.616800e+04 1.444135e+00
1.616900e+04 1.433659e+00
1.617000e+04 1.419623e+00
1.617100e+04 1.476968e+00
1.617200e+04 1.495752e+00
1.617300e+04 1.444538e+00
1.617400e+04 1.464260e+00
1.617500e+04 1.473800e+00
1.617600e+04 1.505296e+00
1.617700e+04 1.481003e+00
1.617800e+04 1.474113e+00
1.617900e+04 1.478746e+00
1.618000e+04 1.500138e+00
1.618100e+04 1.490443e+00
1.618200e+04 1.464602e+00
1.618300e+04 1.448400e+00
1.618400e+04 1.425338e+00
1.618500e+04 1.447398e+00
1.618600e+04 1.487289e+00
1.618700e+04 1.482279e+00
1.618800e+04 1.420061e+00
1.618900e+04 1.402647e+00
1.619000e+04 1.435669e+00
1.619100e+04 1.417653e+00
1.619200e+04 1.397603e+00
1.619300e+04 1.399164e+00
1.619400e+04 1.294823e+00
1.619500e+04 1.276447e+00
1.619600e+04 1.366545e+00
1.619700e+04 1.317972e+00
1.619800e+04 1.352072e+00
1.619900e+04 1.349600e+00
1.620000e+04 1.269982e+00
1.620100e+04 1.141861e+00
1.620200e+04 1.155170e+00
1.620300e+04 1.310041e+00
1.620400e+04 1.361608e+00
1.620500e+04 1.354544e+00
1.620600e+04 1.406769e+00
1.620700e+04 1.388657e+00
1.620800e+04 1.255729e+00
1.620900e+04 1.235108e+00
1.621000e+04 1.402275e+00
1.621100e+04 1.336572e+00
1.621200e+04 1.241911e+00
1.621300e+04 1.394621e+00
1.621400e+04 1.406072e+00
1.621500e+04 1.473658e+00
1.621600e+04 1.471006e+00
1.621700e+04 1.485759e+00
1.621800e+04 1.382475e+00
1.621900e+04 1.452060e+00
1.622000e+04 1.437736e+00
1.622100e+04 1.390250e+00
1.622200e+04 1.450811e+00
1.622300e+04 1.417709e+00
1.622400e+04 1.428686e+00
1.622500e+04 1.416551e+00
1.622600e+04 1.468106e+00
1.622700e+04 1.455793e+00
1.622800e+04 1.450539e+00
1.622900e+04 1.409439e+00
1.623000e+04 1.309442e+00
1.623100e+04 1.441634e+00
1.623200e+04 1.451104e+00
1.623300e+04 1.454869e+00
1.623400e+04 1.453993e+00
1.623500e+04 1.377474e+00
1.623600e+04 1.393014e+00
1.623700e+04 1.449611e+00
1.623800e+04 1.489050e+00
1.623900e+04 1.506867e+00
1.624000e+04 1.422430e+00
1.624100e+04 1.491154e+00
1.624200e+04 1.501617e+00
1.624300e+04 1.493662e+00
1.624400e+04 1.461864e+00
1.624500e+04 1.429437e+00
1.624600e+04 1.353447e+00
1.624700e+04 1.450902e+00
1.624800e+04 1.459982e+00
1.624900e+04 1.464740e+00
1.625000e+04 1.466041e+00
1.625100e+04 1.488603e+00
1.625200e+04 1.317635e+00
1.625300e+04 1.400784e+00
1.625400e+04 1.394694e+00
1.625500e+04 1.448517e+00
1.625600e+04 1.261840e+00
1.625700e+04 1.472575e+00
1.625800e+04 1.452581e+00
1.625900e+04 1.330489e+00
1.626000e+04 1.350752e+00
1.626100e+04 1.466588e+00
1.626200e+04 1.492847e+00
1.626300e+04 1.454950e+00
1.626400e+04 1.410375e+00
1.626500e+04 1.317629e+00
1.626600e+04 1.431720e+00
1.626700e+04 1.457095e+00
1.626800e+04 1.487592e+00
1.626900e+04 1.441234e+00
1.627000e+04 1.376364e+00
1.627100e+04 1.442446e+00
1.627200e+04 1.527433e+00
1.627300e+04 1.505012e+00
1.627400e+04 1.416171e+00
1.627500e+04 1.481641e+00
1.627600e+04 1.477722e+00
1.627700e+04 1.466020e+00
1.627800e+04 1.465955e+00
1.627900e+04 1.441595e+00
1.628000e+04 1.443700e+00
1.628100e+04 1.428396e+00
1.628200e+04 1.437578e+00
1.628300e+04 1.496337e+00
1.628400e+04 1.478082e+00
1.628500e+04 1.470032e+00
1.628600e+04 1.446761e+00
1.628700e+04 1.498028e+00
1.628800e+04 1.458950e+00
1.628900e+04 1.472139e+00
1.629000e+04 1.473150e+00
1.629100e+04 1.453001e+00
1.629200e+04 1.467681e+00
1.629300e+04 1.477725e+00
1.629400e+04 1.476109e+00
1.629500e+04 1.452967e+00
1.629600e+04 1.459572e+00
1.629700e+04 1.455969e+00
1.629800e+04 1.497621e+00
1.629900e+04 1.451183e+00
1.630000e+04 1.443624e+00
1.630100e+04 1.463985e+00
1.630200e+04 1.439793e+00
1.630300e+04 1.423723e+00
1.630400e+04 1.429613e+00
1.630500e+04 1.454730e+00
1.630600e+04 1.481787e+00
1.630700e+04 1.463121e+00
1.630800e+04 1.440474e+00
1.630900e+04 1.456372e+00
1.631000e+04 1.391116e+00
1.631100e+04 1.436634e+00
1.631200e+04 1.477196e+00
1.631300e+04 1.478017e+00
1.631400e+04 1.448981e+00
1.631500e+04 1.440883e+00
1.631600e+04 1.423466e+00
1.631700e+04 1.310778e+00
1.631800e+04 1.472881e+00
1.631900e+04 1.483376e+00
1.632000e+04 1.456596e+00
1.632100e+04 1.425714e+00
1.632200e+04 1.444318e+00
1.632300e+04 1.438852e+00
1.632400e+04 1.439997e+00
1.632500e+04 1.469992e+00
1.632600e+04 1.454452e+00
1.632700e+04 1.474967e+00
1.632800e+04 1.473622e+00
1.632900e+04 1.422618e+00
1.633000e+04 1.451595e+00
1.633100e+04 1.481101e+00
1.633200e+04 1.467875e+00
1.633300e+04 1.498403e+00
1.633400e+04 1.471032e+00
1.633500e+04 1.490964e+00
1.633600e+04 1.501282e+00
1.633700e+04 1.459388e+00
1.633800e+04 1.469028e+00
1.633900e+04 1.467100e+00
1.634000e+04 1.464768e+00
1.634100e+04 1.429983e+00
1.634200e+04 1.376802e+00
1.634300e+04 1.450694e+00
1.634400e+04 1.472500e+00
1.634500e+04 1.471200e+00
1.634600e+04 1.394776e+00
1.634700e+04 1.451969e+00
1.634800e+04 1.486852e+00
1.634900e+04 1.480867e+00
1.635000e+04 1.426768e+00
1.635100e+04 1.391757e+00
1.635200e+04 1.366294e+00
1.635300e+04 1.460886e+00
1.635400e+04 1.420662e+00
1.635500e+04 1.488828e+00
1.635600e+04 1.465599e+00
1.635700e+04 1.284404e+00
1.635800e+04 1.480495e+00
1.635900e+04 1.268891e+00
1.636000e+04 1.415862e+00
1.636100e+04 1.459609e+00
1.636200e+04 1.452937e+00
1.636300e+04 1.467098e+00
1.636400e+04 1.455670e+00
1.636500e+04 1.460538e+00
1.636600e+04 1.461032e+00
1.636700e+04 1.452629e+00
1.636800e+04 1.410826e+00
1.636900e+04 1.275542e+00
1.637000e+04 1.455161e+00
1.637100e+04 1.450439e+00
1.637200e+04 1.426232e+00
1.637300e+04 1.327395e+00
1.637400e+04 1.496749e+00
1.637500e+04 1.482261e+00
1.637600e+04 1.460735e+00
1.637700e+04 1.449493e+00
1.637800e+04 1.424423e+00
1.637900e+04 1.465611e+00
1.638000e+04 1.470515e+00
1.638100e+04 1.457221e+00
1.638200e+04 1.476729e+00
1.638300e+04 1.400572e+00
1.638400e+04 1.471989e+00
1.638500e+04 1.462824e+00
1.638600e+04 1.440514e+00
1.638700e+04 1.443392e+00
1.638800e+04 1.445663e+00
1.638900e+04 1.429755e+00
1.639000e+04 1.468782e+00
1.639100e+04 1.502301e+00
1.639200e+04 1.472706e+00
1.639300e+04 1.396670e+00
1.639400e+04 1.367479e+00
1.639500e+04 1.435845e+00
1.639600e+04 1.446315e+00
1.639700e+04 1.435060e+00
1.639800e+04 1.419501e+00
1.639900e+04 1.465212e+00
1.640000e+04 1.443092e+00
1.640100e+04 1.416124e+00
1.640200e+04 1.430060e+00
1.640300e+04 1.449627e+00
1.640400e+04 1.458908e+00
1.640500e+04 1.472542e+00
1.640600e+04 1.371800e+00
1.640700e+04 1.482312e+00
1.640800e+04 1.462736e+00
1.640900e+04 1.471515e+00
1.641000e+04 1.442445e+00
1.641100e+04 1.444581e+00
1.641200e+04 1.458647e+00
1.641300e+04 1.418687e+00
1.641400e+04 1.416929e+00
1.641500e+04 1.441144e+00
1.641600e+04 1.442148e+00
1.641700e+04 1.412366e+00
1.641800e+04 1.396347e+00
1.641900e+04 1.465156e+00
1.642000e+04 1.453765e+00
1.642100e+04 1.487461e+00
1.642200e+04 1.432934e+00
1.642300e+04 1.491271e+00
1.642400e+04 1.440344e+00
1.642500e+04 1.489287e+00
1.642600e+04 1.417754e+00
1.642700e+04 1.465437e+00
1.642800e+04 1.447575e+00
1.642900e+04 1.442042e+00
1.643000e+04 1.414569e+00
1.643100e+04 1.490406e+00
1.643200e+04 1.473507e+00
1.643300e+04 1.464390e+00
1.643400e+04 1.439420e+00
1.643500e+04 1.440495e+00
1.643600e+04 1.470570e+00
1.643700e+04 1.442411e+00
1.643800e+04 1.484148e+00
1.643900e+04 1.463528e+00
1.644000e+04 1.463059e+00
1.644100e+04 1.450896e+00
1.644200e+04 1.404406e+00
1.644300e+04 1.447648e+00
1.644400e+04 1.473798e+00
1.644500e+04 1.483942e+00
1.644600e+04 1.490207e+00
1.644700e+04 1.373589e+00
1.644800e+04 1.205938e+00
1.644900e+04 1.429005e+00
1.645000e+04 1.472142e+00
1.645100e+04 1.454816e+00
1.645200e+04 1.411226e+00
1.645300e+04 1.333991e+00
1.645400e+04 1.449089e+00
1.645500e+04 1.269292e+00
1.645600e+04 1.462301e+00
1.645700e+04 1.489568e+00
1.645800e+04 1.442351e+00
1.645900e+04 1.414478e+00
1.646000e+04 1.376392e+00
1.646100e+04 1.347176e+00
1.646200e+04 1.429968e+00
1.646300e+04 1.454884e+00
1.646400e+04 1.482243e+00
1.646500e+04 1.455050e+00
1.646600e+04 1.439319e+00
1.646700e+04 1.461686e+00
1.646800e+04 1.452950e+00
1.646900e+04 1.444484e+00
1.647000e+04 1.478100e+00
1.647100e+04 1.477987e+00
1.647200e+04 1.489388e+00
1.647300e+04 1.498941e+00
1.647400e+04 1.420839e+00
1.647500e+04 1.464049e+00
1.647600e+04 1.367685e+00
1.647700e+04 1.369624e+00
1.647800e+04 1.458166e+00
1.647900e+04 1.373789e+00
1.648000e+04 1.458770e+00
1.648100e+04 1.427938e+00
1.648200e+04 1.477898e+00
1.648300e+04 1.480625e+00
1.648400e+04 1.432151e+00
1.648500e+04 1.465137e+00
1.648600e+04 1.498339e+00
1.648700e+04 1.432334e+00
1.648800e+04 1.492432e+00
1.648900e+04 1.468551e+00
1.649000e+04 1.461400e+00
1.649100e+04 1.371713e+00
1.649200e+04 1.432370e+00
1.649300e+04 1.422583e+00
1.649400e+04 1.443377e+00
1.649500e+04 1.464524e+00
1.649600e+04 1.488454e+00
1.649700e+04 1.474926e+00
1.649800e+04 1.418548e+00
1.649900e+04 1.407729e+00
1.650000e+04 1.464671e+00
1.650100e+04 1.476249e+00
1.650200e+04 1.450098e+00
1.650300e+04 1.442967e+00
1.650400e+04 1.470262e+00
1.650500e+04 1.455623e+00
1.650600e+04 1.440691e+00
1.650700e+04 1.431814e+00
1.650800e+04 1.428996e+00
1.650900e+04 1.445374e+00
1.651000e+04 1.481345e+00
1.651100e+04 1.441776e+00
1.651200e+04 1.451020e+00
1.651300e+04 1.449492e+00
1.651400e+04 1.447485e+00
1.651500e+04 1.453498e+00
1.651600e+04 1.443697e+00
1.651700e+04 1.469287e+00
1.651800e+04 1.400267e+00
1.651900e+04 1.447326e+00
1.652000e+04 1.463197e+00
1.652100e+04 1.469160e+00
1.652200e+04 1.461976e+00
1.652300e+04 1.492164e+00
1.652400e+04 1.483935e+00
1.652500e+04 1.425764e+00
1.652600e+04 1.438752e+00
1.652700e+04 1.441613e+00
1.652800e+04 1.263404e+00
1.652900e+04 1.476465e+00
1.653000e+04 1.425809e+00
1.653100e+04 1.283243e+00
1.653200e+04 1.468838e+00
1.653300e+04 1.463312e+00
1.653400e+04 1.453545e+00
1.653500e+04 1.481798e+00
1.653600e+04 1.463502e+00
1.653700e+04 1.474611e+00
1.653800e+04 1.437711e+00
1.653900e+04 1.255706e+00
1.654000e+04 1.420581e+00
1.654100e+04 1.419275e+00
1.654200e+04 1.463857e+00
1.654300e+04 1.266996e+00
1.654400e+04 1.435387e+00
1.654500e+04 1.449439e+00
1.654600e+04 1.439040e+00
1.654700e+04 1.453389e+00
1.654800e+04 1.463899e+00
1.654900e+04 1.448418e+00
1.655000e+04 1.441813e+00
1.655100e+04 1.478679e+00
1.655200e+04 1.427539e+00
1.655300e+04 1.463920e+00
1.655400e+04 1.415644e+00
1.655500e+04 1.486408e+00
1.655600e+04 1.476783e+00
1.655700e+04 1.463808e+00
1.655800e+04 1.426658e+00
1.655900e+04 1.482119e+00
1.656000e+04 1.476808e+00
1.656100e+04 1.480649e+00
1.656200e+04 1.499334e+00
1.656300e+04 1.470849e+00
1.656400e+04 1.458581e+00
1.656500e+04 1.441580e+00
1.656600e+04 1.455864e+00
1.656700e+04 1.461403e+00
1.656800e+04 1.463487e+00
1.656900e+04 1.469801e+00
1.657000e+04 1.497728e+00
1.657100e+04 1.450788e+00
1.657200e+04 1.446944e+00
1.657300e+04 1.420206e+00
1.657400e+04 1.461358e+00
1.657500e+04 1.454884e+00
1.657600e+04 1.459218e+00
1.657700e+04 1.429036e+00
1.657800e+04 1.454236e+00
1.657900e+04 1.470181e+00
1.658000e+04 1.449171e+00
1.658100e+04 1.451395e+00
1.658200e+04 1.479093e+00
1.658300e+04 1.479999e+00
1.658400e+04 1.430548e+00
1.658500e+04 1.412497e+00
1.658600e+04 1.336166e+00
1.658700e+04 1.329758e+00
1.658800e+04 1.448663e+00
1.658900e+04 1.447617e+00
1.659000e+04 1.436465e+00
1.659100e+04 1.480017e+00
1.659200e+04 1.407592e+00
1.659300e+04 1.433597e+00
1.659400e+04 1.441164e+00
1.659500e+04 1.454329e+00
1.659600e+04 1.465540e+00
1.659700e+04 1.451708e+00
1.659800e+04 1.451391e+00
1.659900e+04 1.449661e+00
1.660000e+04 1.473123e+00
1.660100e+04 1.451221e+00
1.660200e+04 1.393779e+00
1.660300e+04 1.428103e+00
1.660400e+04 1.428717e+00
1.660500e+04 1.469546e+00
1.660600e+04 1.447013e+00
1.660700e+04 1.461156e+00
1.660800e+04 1.445776e+00
1.660900e+04 1.416822e+00
1.661000e+04 1.308763e+00
1.661100e+04 1.399528e+00
1.661200e+04 1.302507e+00
1.661300e+04 1.424146e+00
1.661400e+04 1.451770e+00
1.661500e+04 1.410456e+00
1.661600e+04 1.458160e+00
1.661700e+04 1.459456e+00
1.661800e+04 1.436420e+00
1.661900e+04 1.443542e+00
1.662000e+04 1.432837e+00
1.662100e+04 1.462513e+00
1.662200e+04 1.432990e+00
1.662300e+04 1.416107e+00
1.662400e+04 1.414549e+00
1.662500e+04 1.431505e+00
1.662600e+04 1.425535e+00
1.662700e+04 1.459312e+00
1.662800e+04 1.467893e+00
1.662900e+04 1.461715e+00
1.663000e+04 1.458509e+00
1.663100e+04 1.419122e+00
1.663200e+04 1.427210e+00
1.663300e+04 1.426427e+00
1.663400e+04 1.475183e+00
1.663500e+04 1.449448e+00
1.663600e+04 1.420434e+00
1.663700e+04 1.454835e+00
1.663800e+04 1.454198e+00
1.663900e+04 1.414951e+00
1.664000e+04 1.353931e+00
1.664100e+04 1.438584e+00
1.664200e+04 1.414786e+00
1.664300e+04 1.478568e+00
1.664400e+04 1.473839e+00
1.664500e+04 1.478639e+00
1.664600e+04 1.452516e+00
1.664700e+04 1.437075e+00
1.664800e+04 1.423322e+00
1.664900e+04 1.435004e+00
1.665000e+04 1.423425e+00
1.665100e+04 1.462987e+00
1.665200e+04 1.477396e+00
1.665300e+04 1.446843e+00
1.665400e+04 1.355339e+00
1.665500e+04 1.346425e+00
1.665600e+04 1.438797e+00
1.665700e+04 1.476431e+00
1.665800e+04 1.458698e+00
1.665900e+04 1.288650e+00
1.666000e+04 1.336753e+00
1.666100e+04 1.323408e+00
1.666200e+04 1.425306e+00
1.666300e+04 1.457308e+00
1.666400e+04 1.438319e+00
1.666500e+04 1.466481e+00
1.666600e+04 1.421966e+00
1.666700e+04 1.266280e+00
1.666800e+04 1.461675e+00
1.666900e+04 1.428161e+00
1.667000e+04 1.405884e+00
1.667100e+04 1.433937e+00
1.667200e+04 1.433649e+00
1.667300e+04 1.424830e+00
1.667400e+04 1.424422e+00
1.667500e+04 1.390763e+00
1.667600e+04 1.409528e+00
1.667700e+04 1.437358e+00
1.667800e+04 1.413349e+00
1.667900e+04 1.396698e+00
1.668000e+04 1.394929e+00
1.668100e+04 1.429435e+00
1.668200e+04 1.464572e+00
1.668300e+04 1.463917e+00
1.668400e+04 1.449787e+00
1.668500e+04 1.472510e+00
1.668600e+04 1.457935e+00
1.668700e+04 1.436505e+00
1.668800e+04 1.448709e+00
1.668900e+04 1.422166e+00
1.669000e+04 1.435849e+00
1.669100e+04 1.465902e+00
1.669200e+04 1.403219e+00
1.669300e+04 1.438030e+00
1.669400e+04 1.399438e+00
1.669500e+04 1.443974e+00
1.669600e+04 1.431653e+00
1.669700e+04 1.465024e+00
1.669800e+04 1.431535e+00
1.669900e+04 1.438430e+00
1.670000e+04 1.396539e+00
1.670100e+04 1.436337e+00
1.670200e+04 1.435885e+00
1.670300e+04 1.439959e+00
1.670400e+04 1.415768e+00
1.670500e+04 1.435177e+00
1.670600e+04 1.449172e+00
1.670700e+04 1.426107e+00
1.670800e+04 1.403428e+00
1.670900e+04 1.240228e+00
1.671000e+04 1.443165e+00
1.671100e+04 1.436526e+00
1.671200e+04 1.222114e+00
1.671300e+04 1.418887e+00
1.671400e+04 1.433377e+00
1.671500e+04 1.432497e+00
1.671600e+04 1.407318e+00
1.671700e+04 1.405952e+00
1.671800e+04 1.395585e+00
1.671900e+04 1.235913e+00
1.672000e+04 1.390041e+00
1.672100e+04 1.341802e+00
1.672200e+04 1.316292e+00
1.672300e+04 1.121597e+00
1.672400e+04 1.145620e+00
1.672500e+04 1.306322e+00
1.672600e+04 1.322780e+00
1.672700e+04 1.363279e+00
1.672800e+04 1.412731e+00
1.672900e+04 1.401409e+00
1.673000e+04 1.443130e+00
1.673100e+04 1.402431e+00
1.673200e+04 1.435896e+00
1.673300e+04 1.276052e+00
1.673400e+04 1.308981e+00
1.673500e+04 1.391214e+00
1.673600e+04 1.422530e+00
1.673700e+04 1.441004e+00
1.673800e+04 1.438692e+00
1.673900e+04 1.425341e+00
1.674000e+04 1.436704e+00
1.674100e+04 1.415353e+00
1.674200e+04 1.428224e+00
1.674300e+04 1.425178e+00
1.674400e+04 1.405914e+00
1.674500e+04 1.415173e+00
1.674600e+04 1.412883e+00
1.674700e+04 1.413465e+00
1.674800e+04 1.419432e+00
1.674900e+04 1.398629e+00
1.675000e+04 1.401004e+00
1.675100e+04 1.384561e+00
1.675200e+04 1.318671e+00
1.675300e+04 1.287238e+00
1.675400e+04 1.159750e+00
1.675500e+04 1.047404e+00
1.675600e+04 1.131256e+00
1.675700e+04 1.285006e+00
1.675800e+04 1.313511e+00
1.675900e+04 1.356410e+00
1.676000e+04 1.386140e+00
1.676100e+04 1.400899e+00
1.676200e+04 1.396137e+00
1.676300e+04 1.403710e+00
1.676400e+04 1.393557e+00
1.676500e+04 1.392627e+00
1.676600e+04 1.373939e+00
1.676700e+04 1.353722e+00
1.676800e+04 1.273939e+00
1.676900e+04 1.342204e+00
1.677000e+04 1.378882e+00
1.677100e+04 1.393231e+00
1.677200e+04 1.404354e+00
1.677300e+04 1.427817e+00
1.677400e+04 1.413315e+00
1.677500e+04 1.414308e+00
1.677600e+04 1.399880e+00
1.677700e+04 1.431898e+00
1.677800e+04 1.413292e+00
1.677900e+04 1.407081e+00
1.678000e+04 1.428295e+00
1.678100e+04 1.441009e+00
1.678200e+04 1.445451e+00
1.678300e+04 1.425472e+00
1.678400e+04 1.442200e+00
1.678500e+04 1.438541e+00
1.678600e+04 1.423076e+00
1.678700e+04 1.440926e+00
1.678800e+04 1.415903e+00
1.678900e+04 1.414671e+00
1.679000e+04 1.445226e+00
1.679100e+04 1.453244e+00
1.679200e+04 1.435045e+00
1.679300e+04 1.414851e+00
1.679400e+04 1.421312e+00
1.679500e+04 1.426363e+00
1.679600e+04 1.442982e+00
1.679700e+04 1.435183e+00
1.679800e+04 1.412945e+00
1.679900e+04 1.416161e+00
1.680000e+04 1.436397e+00
1.680100e+04 1.406776e+00
1.680200e+04 1.407110e+00
1.680300e+04 1.439664e+00
1.680400e+04 1.417959e+00
1.680500e+04 1.417593e+00
1.680600e+04 1.435600e+00
1.680700e+04 1.407212e+00
1.680800e+04 1.437704e+00
1.680900e+04 1.417439e+00
1.681000e+04 1.424470e+00
1.681100e+04 1.380870e+00
1.681200e+04 1.424178e+00
1.681300e+04 1.401292e+00
1.681400e+04 1.447491e+00
1.681500e+04 1.440571e+00
1.681600e+04 1.408081e+00
1.681700e+04 1.412173e+00
1.681800e+04 1.445168e+00
1.681900e+04 1.436157e+00
1.682000e+04 1.452146e+00
1.682100e+04 1.401539e+00
1.682200e+04 1.436314e+00
1.682300e+04 1.410197e+00
1.682400e+04 1.403849e+00
1.682500e+04 1.443989e+00
1.682600e+04 1.414364e+00
1.682700e+04 1.424271e+00
1.682800e+04 1.395244e+00
1.682900e+04 1.430130e+00
1.683000e+04 1.427396e+00
1.683100e+04 1.443419e+00
1.683200e+04 1.411004e+00
1.683300e+04 1.403135e+00
1.683400e+04 1.455029e+00
1.683500e+04 1.425167e+00
1.683600e+04 1.405133e+00
1.683700e+04 1.418224e+00
1.683800e+04 1.427416e+00
1.683900e+04 1.414060e+00
1.684000e+04 1.391807e+00
1.684100e+04 1.373323e+00
1.684200e+04 1.408441e+00
1.684300e+04 1.406402e+00
1.684400e+04 1.399560e+00
1.684500e+04 1.421655e+00
1.684600e+04 1.414207e+00
1.684700e+04 1.423928e+00
1.684800e+04 1.429114e+00
1.684900e+04 1.402742e+00
1.685000e+04 1.404263e+00
1.685100e+04 1.437763e+00
1.685200e+04 1.415879e+00
1.685300e+04 1.402856e+00
1.685400e+04 1.406086e+00
1.685500e+04 1.417878e+00
1.685600e+04 1.406430e+00
1.685700e+04 1.410154e+00
1.685800e+04 1.399628e+00
1.685900e+04 1.392670e+00
1.686000e+04 1.418150e+00
1.686100e+04 1.411823e+00
1.686200e+04 1.423007e+00
1.686300e+04 1.432416e+00
1.686400e+04 1.409642e+00
1.686500e+04 1.410270e+00
1.686600e+04 1.426508e+00
1.686700e+04 1.403346e+00
1.686800e+04 1.372601e+00
1.686900e+04 1.387771e+00
1.687000e+04 1.364450e+00
1.687100e+04 1.270054e+00
1.687200e+04 1.393304e+00
1.687300e+04 1.415523e+00
1.687400e+04 1.410309e+00
1.687500e+04 1.418062e+00
1.687600e+04 1.331591e+00
1.687700e+04 1.205812e+00
1.687800e+04 1.411493e+00
1.687900e+04 1.398922e+00
1.688000e+04 1.430414e+00
1.688100e+04 1.388814e+00
1.688200e+04 1.390693e+00
1.688300e+04 1.365652e+00
1.688400e+04 1.278327e+00
1.688500e+04 1.378989e+00
1.688600e+04 1.410378e+00
1.688700e+04 1.425245e+00
1.688800e+04 1.355679e+00
1.688900e+04 1.266371e+00
1.689000e+04 1.385025e+00
1.689100e+04 1.262682e+00
1.689200e+04 1.388325e+00
1.689300e+04 1.387253e+00
1.689400e+04 1.357932e+00
1.689500e+04 1.380374e+00
1.689600e+04 1.413832e+00
1.689700e+04 1.325124e+00
1.689800e+04 1.432794e+00
1.689900e+04 1.383756e+00
1.690000e+04 1.240810e+00
1.690100e+04 1.424455e+00
1.690200e+04 1.440494e+00
1.690300e+04 1.286446e+00
1.690400e+04 1.324321e+00
1.690500e+04 1.390971e+00
1.690600e+04 1.426362e+00
1.690700e+04 1.292407e+00
1.690800e+04 1.346294e+00
1.690900e+04 1.215152e+00
1.691000e+04 1.264645e+00
1.691100e+04 1.403004e+00
1.691200e+04 1.410660e+00
1.691300e+04 1.410910e+00
1.691400e+04 1.232094e+00
1.691500e+04 1.409829e+00
1.691600e+04 1.416035e+00
1.691700e+04 1.428707e+00
1.691800e+04 1.411607e+00
1.691900e+04 1.372367e+00
1.692000e+04 1.372204e+00
1.692100e+04 1.306264e+00
1.692200e+04 1.413011e+00
1.692300e+04 1.411213e+00
1.692400e+04 1.346186e+00
1.692500e+04 1.357551e+00
1.692600e+04 1.347488e+00
1.692700e+04 1.362154e+00
1.692800e+04 1.420348e+00
1.692900e+04 1.371168e+00
1.693000e+04 1.421033e+00
1.693100e+04 1.423175e+00
1.693200e+04 1.417785e+00
1.693300e+04 1.404774e+00
1.693400e+04 1.396362e+00
1.693500e+04 1.381392e+00
1.693600e+04 1.392174e+00
1.693700e+04 1.408063e+00
1.693800e+04 1.430137e+00
1.693900e+04 1.405059e+00
1.694000e+04 1.423708e+00
1.694100e+04 1.368854e+00
1.694200e+04 1.411628e+00
1.694300e+04 1.399632e+00
1.694400e+04 1.355814e+00
1.694500e+04 1.347359e+00
1.694600e+04 1.410522e+00
1.694700e+04 1.404778e+00
1.694800e+04 1.359484e+00
1.694900e+04 1.365765e+00
1.695000e+04 1.394093e+00
1.695100e+04 1.384061e+00
1.695200e+04 1.340617e+00
1.695300e+04 1.399082e+00
1.695400e+04 1.411311e+00
1.695500e+04 1.326500e+00
1.695600e+04 1.386628e+00
1.695700e+04 1.302246e+00
1.695800e+04 1.408190e+00
1.695900e+04 1.422273e+00
1.696000e+04 1.362186e+00
1.696100e+04 1.344580e+00
1.696200e+04 1.398797e+00
1.696300e+04 1.420524e+00
1.696400e+04 1.323730e+00
1.696500e+04 1.363086e+00
1.696600e+04 1.410948e+00
1.696700e+04 1.398367e+00
1.696800e+04 1.365145e+00
1.696900e+04 1.418845e+00
1.697000e+04 1.384597e+00
1.697100e+04 1.350977e+00
1.697200e+04 1.371833e+00
1.697300e+04 1.348791e+00
1.697400e+04 1.385752e+00
1.697500e+04 1.388577e+00
1.697600e+04 1.367089e+00
1.697700e+04 1.313062e+00
1.697800e+04 1.325099e+00
1.697900e+04 1.297809e+00
1.698000e+04 1.379872e+00
1.698100e+04 1.363210e+00
1.698200e+04 1.403974e+00
1.698300e+04 1.422203e+00
1.698400e+04 1.376215e+00
1.698500e+04 1.388838e+00
1.698600e+04 1.304187e+00
1.698700e+04 1.365777e+00
1.698800e+04 1.391830e+00
1.698900e+04 1.408071e+00
1.699000e+04 1.420414e+00
1.699100e+04 1.368778e+00
1.699200e+04 1.402191e+00
1.699300e+04 1.404960e+00
1.699400e+04 1.228957e+00
1.699500e+04 1.376501e+00
1.699600e+04 1.333662e+00
1.699700e+04 1.379523e+00
1.699800e+04 1.350423e+00
1.699900e+04 1.366202e+00
1.700000e+04 1.351290e+00
1.700100e+04 1.338059e+00
1.700200e+04 1.344907e+00
1.700300e+04 1.356664e+00
1.700400e+04 1.353475e+00
1.700500e+04 1.410345e+00
1.700600e+04 1.392972e+00
1.700700e+04 1.375487e+00
1.700800e+04 1.349894e+00
1.700900e+04 1.254717e+00
1.701000e+04 1.316671e+00
1.701100e+04 1.360282e+00
1.701200e+04 1.362529e+00
1.701300e+04 1.407128e+00
1.701400e+04 1.342012e+00
1.701500e+04 1.374379e+00
1.701600e+04 1.386417e+00
1.701700e+04 1.322716e+00
1.701800e+04 1.393172e+00
1.701900e+04 1.388838e+00
1.702000e+04 1.390331e+00
1.702100e+04 1.389720e+00
1.702200e+04 1.393708e+00
1.702300e+04 1.360151e+00
1.702400e+04 1.322883e+00
1.702500e+04 1.361772e+00
1.702600e+04 1.355507e+00
1.702700e+04 1.378576e+00
1.702800e+04 1.312321e+00
1.702900e+04 1.358380e+00
1.703000e+04 1.326415e+00
1.703100e+04 1.386157e+00
1.703200e+04 1.369352e+00
1.703300e+04 1.402337e+00
1.703400e+04 1.361471e+00
1.703500e+04 1.325166e+00
1.703600e+04 1.357891e+00
1.703700e+04 1.377900e+00
1.703800e+04 1.384602e+00
1.703900e+04 1.356177e+00
1.704000e+04 1.291335e+00
1.704100e+04 1.302220e+00
1.704200e+04 1.394493e+00
1.704300e+04 1.357146e+00
1.704400e+04 1.295253e+00
1.704500e+04 1.333193e+00
1.704600e+04 1.343407e+00
1.704700e+04 1.380207e+00
1.704800e+04 1.361957e+00
1.704900e+04 1.342899e+00
1.705000e+04 1.341389e+00
1.705100e+04 1.351064e+00
1.705200e+04 1.294671e+00
1.705300e+04 1.339174e+00
1.705400e+04 1.286135e+00
1.705500e+04 1.227095e+00
1.705600e+04 1.295729e+00
1.705700e+04 1.236798e+00
1.705800e+04 1.388832e+00
1.705900e+04 1.338674e+00
1.706000e+04 1.392305e+00
1.706100e+04 1.372922e+00
1.706200e+04 1.342054e+00
1.706300e+04 1.393316e+00
1.706400e+04 1.337561e+00
1.706500e+04 1.325064e+00
1.706600e+04 1.209954e+00
1.706700e+04 1.363476e+00
1.706800e+04 1.363808e+00
1.706900e+04 1.373499e+00
1.707000e+04 1.303304e+00
1.707100e+04 1.224293e+00
1.707200e+04 1.363723e+00
1.707300e+04 1.320200e+00
1.707400e+04 1.196449e+00
1.707500e+04 1.305659e+00
1.707600e+04 1.250683e+00
1.707700e+04 1.356302e+00
1.707800e+04 1.313802e+00
1.707900e+04 1.348972e+00
1.708000e+04 1.372748e+00
1.708100e+04 1.331467e+00
1.708200e+04 1.262958e+00
1.708300e+04 1.200962e+00
1.708400e+04 1.354301e+00
1.708500e+04 1.261784e+00
1.708600e+04 1.273441e+00
1.708700e+04 1.337230e+00
1.708800e+04 1.256052e+00
1.708900e+04 1.347810e+00
1.709000e+04 1.386323e+00
1.709100e+04 1.337862e+00
1.709200e+04 1.270822e+00
1.709300e+04 1.289670e+00
1.709400e+04 1.367709e+00
1.709500e+04 1.355664e+00
1.709600e+04 1.360390e+00
1.709700e+04 1.321295e+00
1.709800e+04 1.342076e+00
1.709900e+04 1.207788e+00
1.710000e+04 1.323703e+00
1.710100e+04 1.210850e+00
1.710200e+04 1.352996e+00
1.710300e+04 1.334721e+00
1.710400e+04 1.199847e+00
1.710500e+04 1.107527e+00
1.710600e+04 1.316874e+00
1.710700e+04 1.265883e+00
1.710800e+04 1.245187e+00
1.710900e+04 1.188767e+00
1.711000e+04 1.181032e+00
1.711100e+04 1.182659e+00
1.711200e+04 1.159273e+00
1.711300e+04 1.101601e+00
1.711400e+04 1.057994e+00
1.711500e+04 1.106340e+00
1.711600e+04 1.216283e+00
1.711700e+04 1.210613e+00
1.711800e+04 1.309586e+00
1.711900e+04 1.291934e+00
1.712000e+04 1.336765e+00
1.712100e+04 1.283006e+00
1.712200e+04 1.287919e+00
1.712300e+04 1.252725e+00
1.712400e+04 1.215561e+00
1.712500e+04 1.324816e+00
1.712600e+04 1.323718e+00
1.712700e+04 1.359375e+00
1.712800e+04 1.282866e+00
1.712900e+04 1.208728e+00
1.713000e+04 1.333505e+00
1.713100e+04 1.319631e+00
1.713200e+04 1.329083e+00
1.713300e+04 1.357581e+00
1.713400e+04 1.260554e+00
1.713500e+04 1.328987e+00
1.713600e+04 1.380011e+00
1.713700e+04 1.293540e+00
1.713800e+04 1.202357e+00
1.713900e+04 1.230354e+00
1.714000e+04 1.309629e+00
1.714100e+04 1.346109e+00
1.714200e+04 1.231316e+00
1.714300e+04 1.273822e+00
1.714400e+04 1.267049e+00
1.714500e+04 1.254431e+00
1.714600e+04 1.274712e+00
1.714700e+04 1.307332e+00
1.714800e+04 1.359430e+00
1.714900e+04 1.174845e+00
1.715000e+04 1.316306e+00
1.715100e+04 1.348902e+00
1.715200e+04 1.257867e+00
1.715300e+04 1.331603e+00
1.715400e+04 1.300404e+00
1.715500e+04 1.370456e+00
1.715600e+04 1.203316e+00
1.715700e+04 1.332509e+00
1.715800e+04 1.352555e+00
1.715900e+04 1.217256e+00
1.716000e+04 1.225095e+00
1.716100e+04 1.267926e+00
1.716200e+04 1.271317e+00
1.716300e+04 1.298733e+00
1.716400e+04 1.345729e+00
1.716500e+04 1.349244e+00
1.716600e+04 1.340790e+00
1.716700e+04 1.304261e+00
1.716800e+04 1.171548e+00
1.716900e+04 1.211053e+00
1.717000e+04 1.302218e+00
1.717100e+04 1.300197e+00
1.717200e+04 1.353467e+00
1.717300e+04 1.219341e+00
1.717400e+04 1.290972e+00
1.717500e+04 1.085838e+00
1.717600e+04 1.249250e+00
1.717700e+04 1.289796e+00
1.717800e+04 1.275937e+00
1.717900e+04 1.311362e+00
1.718000e+04 1.261105e+00
1.718100e+04 1.208040e+00
1.718200e+04 1.313043e+00
1.718300e+04 1.205152e+00
1.718400e+04 1.249246e+00
1.718500e+04 1.298079e+00
1.718600e+04 1.220652e+00
1.718700e+04 1.315619e+00
1.718800e+04 1.191756e+00
1.718900e+04 1.199030e+00
1.719000e+04 1.285353e+00
1.719100e+04 1.215185e+00
1.719200e+04 1.293192e+00
1.719300e+04 1.284385e+00
1.719400e+04 1.073473e+00
1.719500e+04 1.225798e+00
1.719600e+04 1.190764e+00
1.719700e+04 1.271106e+00
1.719800e+04 1.348785e+00
1.719900e+04 1.293413e+00
1.720000e+04 1.259970e+00
1.720100e+04 1.149102e+00
1.720200e+04 1.241220e+00
1.720300e+04 1.316296e+00
1.720400e+04 1.340806e+00
1.720500e+04 1.306368e+00
1.720600e+04 1.318288e+00
1.720700e+04 1.346735e+00
1.720800e+04 1.306748e+00
1.720900e+04 1.243137e+00
1.721000e+04 1.139044e+00
1.721100e+04 1.198870e+00
1.721200e+04 1.210095e+00
1.721300e+04 1.231647e+00
1.721400e+04 1.309594e+00
1.721500e+04 1.227656e+00
1.721600e+04 1.181203e+00
1.721700e+04 1.327225e+00
1.721800e+04 1.316389e+00
1.721900e+04 1.320022e+00
1.722000e+04 1.361492e+00
1.722100e+04 1.320354e+00
1.722200e+04 1.305920e+00
1.722300e+04 1.241981e+00
1.722400e+04 1.240260e+00
1.722500e+04 1.259400e+00
1.722600e+04 1.303611e+00
1.722700e+04 1.265344e+00
1.722800e+04 1.221584e+00
1.722900e+04 1.252992e+00
1.723000e+04 1.132817e+00
1.723100e+04 1.249633e+00
1.723200e+04 1.287560e+00
1.723300e+04 1.123562e+00
1.723400e+04 1.304864e+00
1.723500e+04 1.088302e+00
1.723600e+04 1.192981e+00
1.723700e+04 1.184144e+00
1.723800e+04 1.238691e+00
1.723900e+04 1.307878e+00
1.724000e+04 1.241389e+00
1.724100e+04 1.310180e+00
1.724200e+04 1.284028e+00
1.724300e+04 1.262720e+00
1.724400e+04 1.187655e+00
1.724500e+04 1.255120e+00
1.724600e+04 1.347819e+00
1.724700e+04 1.311255e+00
1.724800e+04 1.161503e+00
1.724900e+04 1.104082e+00
1.725000e+04 1.300968e+00
1.725100e+04 1.209655e+00
1.725200e+04 1.357322e+00
1.725300e+04 1.320942e+00
1.725400e+04 1.249127e+00
1.725500e+04 1.266972e+00
1.725600e+04 1.305748e+00
1.725700e+04 1.229881e+00
1.725800e+04 1.301390e+00
1.725900e+04 1.343215e+00
1.726000e+04 1.275221e+00
1.726100e+04 1.261359e+00
1.726200e+04 1.173288e+00
1.726300e+04 1.181940e+00
1.726400e+04 1.327051e+00
1.726500e+04 1.164295e+00
1.726600e+04 1.035772e+00
1.726700e+04 1.163029e+00
1.726800e+04 1.222648e+00
1.726900e+04 1.308646e+00
1.727000e+04 1.159574e+00
1.727100e+04 1.229577e+00
1.727200e+04 1.083693e+00
1.727300e+04 1.197092e+00
1.727400e+04 1.188762e+00
1.727500e+04 1.279984e+00
1.727600e+04 1.326343e+00
1.727700e+04 1.243789e+00
1.727800e+04 1.307454e+00
1.727900e+04 1.332533e+00
1.728000e+04 1.160300e+00
1.728100e+04 1.318272e+00
1.728200e+04 1.321435e+00
1.728300e+04 1.253164e+00
1.728400e+04 1.129508e+00
1.728500e+04 1.338021e+00
1.728600e+04 1.301182e+00
1.728700e+04 1.341314e+00
1.728800e+04 1.257283e+00
1.728900e+04 1.105297e+00
1.729000e+04 1.285006e+00
1.729100e+04 1.286591e+00
1.729200e+04 1.146039e+00
1.729300e+04 1.285164e+00
1.729400e+04 1.248182e+00
1.729500e+04 1.103875e+00
1.729600e+04 1.171543e+00
1.729700e+04 1.284500e+00
1.729800e+04 1.267567e+00
1.729900e+04 1.231136e+00
1.730000e+04 1.180645e+00
1.730100e+04 1.317387e+00
1.730200e+04 1.257336e+00
1.730300e+04 1.196106e+00
1.730400e+04 1.333851e+00
1.730500e+04 1.291695e+00
1.730600e+04 1.267483e+00
1.730700e+04 1.281877e+00
1.730800e+04 1.332504e+00
1.730900e+04 1.342380e+00
1.731000e+04 1.273955e+00
1.731100e+04 1.295424e+00
1.731200e+04 1.104869e+00
1.731300e+04 1.119411e+00
1.731400e+04 1.255630e+00
1.731500e+04 1.287094e+00
1.731600e+04 1.197923e+00
1.731700e+04 1.178354e+00
1.731800e+04 1.114218e+00
1.731900e+04 1.058656e+00
1.732000e+04 1.129814e+00
1.732100e+04 1.016273e+00
1.732200e+04 1.277414e+00
1.732300e+04 1.228365e+00
1.732400e+04 1.265892e+00
1.732500e+04 1.251150e+00
1.732600e+04 1.236504e+00
1.732700e+04 1.141421e+00
1.732800e+04 1.271256e+00
1.732900e+04 1.140381e+00
1.733000e+04 1.199388e+00
1.733100e+04 1.229270e+00
1.733200e+04 1.237774e+00
1.733300e+04 1.256897e+00
1.733400e+04 1.299321e+00
1.733500e+04 1.122405e+00
1.733600e+04 1.281702e+00
1.733700e+04 1.268107e+00
1.733800e+04 1.296174e+00
1.733900e+04 1.159901e+00
1.734000e+04 1.150109e+00
1.734100e+04 1.190016e+00
1.734200e+04 1.247912e+00
1.734300e+04 1.162612e+00
1.734400e+04 1.042368e+00
1.734500e+04 1.057710e+00
1.734600e+04 1.261483e+00
1.734700e+04 1.221919e+00
1.734800e+04 1.200313e+00
1.734900e+04 1.232557e+00
1.735000e+04 1.082425e+00
1.735100e+04 1.160990e+00
1.735200e+04 1.148809e+00
1.735300e+04 1.167949e+00
1.735400e+04 1.102599e+00
1.735500e+04 1.213559e+00
1.735600e+04 1.164616e+00
1.735700e+04 1.199715e+00
1.735800e+04 1.239799e+00
1.735900e+04 1.291046e+00
1.736000e+04 1.096624e+00
1.736100e+04 1.289573e+00
1.736200e+04 1.261802e+00
1.736300e+04 1.182511e+00
1.736400e+04 1.274713e+00
1.736500e+04 1.316903e+00
1.736600e+04 1.088892e+00
1.736700e+04 1.232681e+00
1.736800e+04 1.200605e+00
1.736900e+04 1.296238e+00
1.737000e+04 1.051611e+00
1.737100e+04 1.251656e+00
1.737200e+04 1.191494e+00
1.737300e+04 1.091674e+00
1.737400e+04 1.190422e+00
1.737500e+04 1.288714e+00
1.737600e+04 1.290898e+00
1.737700e+04 1.299134e+00
1.737800e+04 1.273751e+00
1.737900e+04 1.156098e+00
1.738000e+04 1.213598e+00
1.738100e+04 1.072756e+00
1.738200e+04 1.294637e+00
1.738300e+04 1.152901e+00
1.738400e+04 1.149025e+00
1.738500e+04 1.120588e+00
1.738600e+04 1.227670e+00
1.738700e+04 1.258402e+00
1.738800e+04 1.280152e+00
1.738900e+04 1.045204e+00
1.739000e+04 1.168472e+00
1.739100e+04 1.302187e+00
1.739200e+04 1.280158e+00
1.739300e+04 1.209202e+00
1.739400e+04 1.138497e+00
1.739500e+04 1.186030e+00
1.739600e+04 1.241298e+00
1.739700e+04 1.286362e+00
1.739800e+04 9.844380e-01
1.739900e+04 1.222929e+00
1.740000e+04 1.195536e+00
1.740100e+04 1.262402e+00
1.740200e+04 1.279567e+00
1.740300e+04 1.209402e+00
1.740400e+04 1.038082e+00
1.740500e+04 1.135249e+00
1.740600e+04 1.239431e+00
1.740700e+04 1.054658e+00
1.740800e+04 1.044798e+00
1.740900e+04 1.189692e+00
1.741000e+04 1.248445e+00
1.741100e+04 1.094633e+00
1.741200e+04 1.073341e+00
1.741300e+04 1.308236e+00
1.741400e+04 1.278784e+00
1.741500e+04 1.273918e+00
1.741600e+04 1.086556e+00
1.741700e+04 1.268959e+00
1.741800e+04 1.077416e+00
1.741900e+04 1.199132e+00
1.742000e+04 1.266006e+00
1.742100e+04 1.300384e+00
1.742200e+04 1.201255e+00
1.742300e+04 1.178790e+00
1.742400e+04 1.247335e+00
1.742500e+04 1.127019e+00
1.742600e+04 1.020029e+00
1.742700e+04 1.099428e+00
1.742800e+04 1.108194e+00
1.742900e+04 1.171359e+00
1.743000e+04 1.151395e+00
1.743100e+04 1.272174e+00
1.743200e+04 1.091913e+00
1.743300e+04 1.072874e+00
1.743400e+04 1.291025e+00
1.743500e+04 1.317446e+00
1.743600e+04 1.181772e+00
1.743700e+04 1.049372e+00
1.743800e+04 1.155977e+00
1.743900e+04 1.128387e+00
1.744000e+04 1.166455e+00
1.744100e+04 1.203324e+00
1.744200e+04 1.141689e+00
1.744300e+04 1.266516e+00
1.744400e+04 1.254299e+00
1.744500e+04 1.073516e+00
1.744600e+04 1.198822e+00
1.744700e+04 1.212133e+00
1.744800e+04 1.269726e+00
1.744900e+04 1.005537e+00
1.745000e+04 1.209821e+00
1.745100e+04 1.224122e+00
1.745200e+04 1.109486e+00
1.745300e+04 1.224637e+00
1.745400e+04 1.109334e+00
1.745500e+04 1.193343e+00
1.745600e+04 1.185849e+00
1.745700e+04 1.252479e+00
1.745800e+04 1.086829e+00
1.745900e+04 1.246619e+00
1.746000e+04 1.249883e+00
1.746100e+04 1.089713e+00
1.746200e+04 1.286433e+00
1.746300e+04 1.253856e+00
1.746400e+04 1.109698e+00
1.746500e+04 1.043468e+00
1.746600e+04 1.188841e+00
1.746700e+04 1.259436e+00
1.746800e+04 1.051242e+00
1.746900e+04 1.144128e+00
1.747000e+04 1.279033e+00
1.747100e+04 1.059344e+00
1.747200e+04 1.220062e+00
1.747300e+04 1.159651e+00
1.747400e+04 1.227278e+00
1.747500e+04 8.592765e-01
1.747600e+04 1.219499e+00
1.747700e+04 1.272202e+00
1.747800e+04 1.138416e+00
1.747900e+04 1.197409e+00
1.748000e+04 1.228106e+00
1.748100e+04 1.097080e+00
1.748200e+04 1.093015e+00
1.748300e+04 1.044310e+00
1.748400e+04 1.150970e+00
1.748500e+04 1.235491e+00
1.748600e+04 1.205303e+00
1.748700e+04 1.245089e+00
1.748800e+04 1.255454e+00
1.748900e+04 1.284917e+00
1.749000e+04 1.197006e+00
1.749100e+04 1.242060e+00
1.749200e+04 1.035264e+00
1.749300e+04 1.176292e+00
1.749400e+04 1.208294e+00
1.749500e+04 9.815175e-01
1.749600e+04 1.212581e+00
1.749700e+04 1.166075e+00
1.749800e+04 1.230146e+00
1.749900e+04 1.080816e+00
1.750000e+04 1.251519e+00
1.750100e+04 1.189555e+00
1.750200e+04 1.142864e+00
1.750300e+04 9.558170e-01
1.750400e+04 1.158746e+00
1.750500e+04 1.019653e+00
1.750600e+04 1.083152e+00
1.750700e+04 1.002426e+00
1.750800e+04 1.036708e+00
1.750900e+04 1.067929e+00
1.751000e+04 1.092356e+00
1.751100e+04 1.198757e+00
1.751200e+04 1.270506e+00
1.751300e+04 1.094142e+00
1.751400e+04 1.161013e+00
1.751500e+04 1.185663e+00
1.751600e+04 1.191461e+00
1.751700e+04 1.217100e+00
1.751800e+04 1.089797e+00
1.751900e+04 1.062876e+00
1.752000e+04 1.221485e+00
1.752100e+04 1.012293e+00
1.752200e+04 1.128420e+00
1.752300e+04 1.258149e+00
1.752400e+04 1.166082e+00
1.752500e+04 1.090246e+00
1.752600e+04 1.164279e+00
1.752700e+04 1.282428e+00
1.752800e+04 1.177946e+00
1.752900e+04 1.101881e+00
1.753000e+04 1.242532e+00
1.753100e+04 1.219972e+00
1.753200e+04 1.062385e+00
1.753300e+04 1.214993e+00
1.753400e+04 1.083522e+00
1.753500e+04 1.191401e+00
1.753600e+04 1.059939e+00
1.753700e+04 1.051316e+00
1.753800e+04 1.125985e+00
1.753900e+04 1.163449e+00
1.754000e+04 1.223052e+00
1.754100e+04 1.063448e+00
1.754200e+04 1.110155e+00
1.754300e+04 1.069035e+00
1.754400e+04 1.004926e+00
1.754500e+04 1.228164e+00
1.754600e+04 9.772235e-01
1.754700e+04 1.109985e+00
1.754800e+04 1.163931e+00
1.754900e+04 1.236007e+00
1.755000e+04 1.168021e+00
1.755100e+04 1.030002e+00
1.755200e+04 1.223977e+00
1.755300e+04 1.082319e+00
1.755400e+04 1.116225e+00
1.755500e+04 1.157479e+00
1.755600e+04 1.024896e+00
1.755700e+04 1.178053e+00
1.755800e+04 1.112212e+00
1.755900e+04 9.727500e-01
1.756000e+04 9.946345e-01
1.756100e+04 1.029944e+00
1.756200e+04 1.085661e+00
1.756300e+04 9.997325e-01
1.756400e+04 1.212739e+00
1.756500e+04 1.063519e+00
1.756600e+04 1.103443e+00
1.756700e+04 9.980380e-01
1.756800e+04 1.071383e+00
1.756900e+04 1.107548e+00
1.757000e+04 1.146388e+00
1.757100e+04 1.058402e+00
1.757200e+04 1.156429e+00
1.757300e+04 1.169714e+00
1.757400e+04 1.151651e+00
1.757500e+04 1.247135e+00
1.757600e+04 1.217859e+00
1.757700e+04 1.164344e+00
1.757800e+04 8.904905e-01
1.757900e+04 1.139045e+00
1.758000e+04 1.139225e+00
1.758100e+04 1.020612e+00
1.758200e+04 1.033359e+00
1.758300e+04 1.178938e+00
1.758400e+04 1.119455e+00
1.758500e+04 1.163091e+00
1.758600e+04 9.907060e-01
1.758700e+04 1.091902e+00
1.758800e+04 1.027796e+00
1.758900e+04 1.114119e+00
1.759000e+04 1.105787e+00
1.759100e+04 9.981490e-01
1.759200e+04 1.144740e+00
1.759300e+04 1.236838e+00
1.759400e+04 9.765090e-01
1.759500e+04 1.071473e+00
1.759600e+04 1.133231e+00
1.759700e+04 1.128002e+00
1.759800e+04 1.074858e+00
1.759900e+04 1.219460e+00
1.760000e+04 1.067989e+00
1.760100e+04 1.114887e+00
1.760200e+04 1.205956e+00
1.760300e+04 1.150787e+00
1.760400e+04 1.159484e+00
1.760500e+04 1.164709e+00
1.760600e+04 9.797090e-01
1.760700e+04 1.039472e+00
1.760800e+04 1.137738e+00
1.760900e+04 9.880635e-01
1.761000e+04 1.077506e+00
1.761100e+04 1.165217e+00
1.761200e+04 9.938380e-01
1.761300e+04 1.036975e+00
1.761400e+04 1.229546e+00
1.761500e+04 1.052655e+00
1.761600e+04 1.099902e+00
1.761700e+04 1.197328e+00
1.761800e+04 1.179119e+00
1.761900e+04 1.170513e+00
1.762000e+04 1.071682e+00
1.762100e+04 1.182745e+00
1.762200e+04 8.832170e-01
1.762300e+04 1.031500e+00
1.762400e+04 1.123986e+00
1.762500e+04 9.762640e-01
1.762600e+04 1.125582e+00
1.762700e+04 1.040301e+00
1.762800e+04 9.841475e-01
1.762900e+04 1.058624e+00
1.763000e+04 1.075070e+00
1.763100e+04 1.011757e+00
1.763200e+04 1.127600e+00
1.763300e+04 9.424750e-01
1.763400e+04 1.083666e+00
1.763500e+04 1.198718e+00
1.763600e+04 1.166483e+00
1.763700e+04 1.214158e+00
1.763800e+04 1.203317e+00
1.763900e+04 1.158100e+00
1.764000e+04 1.101434e+00
1.764100e+04 1.129477e+00
1.764200e+04 1.023252e+00
1.764300e+04 1.157013e+00
1.764400e+04 1.090561e+00
1.764500e+04 8.669400e-01
1.764600e+04 1.234720e+00
1.764700e+04 1.090804e+00
1.764800e+04 9.166070e-01
1.764900e+04 1.151673e+00
1.765000e+04 1.182919e+00
1.765100e+04 1.021764e+00
1.765200e+04 1.241704e+00
1.765300e+04 1.055237e+00
1.765400e+04 1.064850e+00
1.765500e+04 1.114231e+00
1.765600e+04 1.121963e+00
1.765700e+04 1.045678e+00
1.765800e+04 1.211083e+00
1.765900e+04 1.116696e+00
1.766000e+04 1.031082e+00
1.766100e+04 1.199626e+00
1.766200e+04 1.126158e+00
1.766300e+04 1.180034e+00
1.766400e+04 1.145652e+00
1.766500e+04 1.200498e+00
1.766600e+04 1.099797e+00
1.766700e+04 1.203419e+00
1.766800e+04 1.111580e+00
1.766900e+04 7.760840e-01
1.767000e+04 1.199746e+00
1.767100e+04 1.054343e+00
1.767200e+04 9.155760e-01
1.767300e+04 1.087930e+00
1.767400e+04 1.130762e+00
1.767500e+04 1.058258e+00
1.767600e+04 1.046803e+00
1.767700e+04 1.110752e+00
1.767800e+04 9.709270e-01
1.767900e+04 9.527480e-01
1.768000e+04 1.084150e+00
1.768100e+04 1.134580e+00
1.768200e+04 9.562640e-01
1.768300e+04 9.935235e-01
1.768400e+04 9.073585e-01
1.768500e+04 1.005888e+00
1.768600e+04 1.088171e+00
1.768700e+04 1.024808e+00
1.768800e+04 1.037686e+00
1.768900e+04 1.007453e+00
1.769000e+04 9.864550e-01
1.769100e+04 1.182325e+00
1.769200e+04 1.039591e+00
1.769300e+04 1.132780e+00
1.769400e+04 1.009721e+00
1.769500e+04 9.676855e-01
1.769600e+04 1.254870e+00
1.769700e+04 1.212923e+00
1.769800e+04 1.113590e+00
1.769900e+04 1.198096e+00
1.770000e+04 1.153133e+00
1.770100e+04 1.170617e+00
1.770200e+04 9.376540e-01
1.770300e+04 9.243615e-01
1.770400e+04 1.024485e+00
1.770500e+04 1.136509e+00
1.770600e+04 1.189823e+00
1.770700e+04 1.219180e+00
1.770800e+04 1.025567e+00
1.770900e+04 1.053495e+00
1.771000e+04 1.093828e+00
1.771100e+04 9.189000e-01
1.771200e+04 1.152248e+00
1.771300e+04 1.009957e+00
1.771400e+04 1.161220e+00
1.771500e+04 1.051798e+00
1.771600e+04 9.775585e-01
1.771700e+04 8.331535e-01
1.771800e+04 1.175197e+00
1.771900e+04 1.155224e+00
1.772000e+04 1.097974e+00
1.772100e+04 1.084086e+00
1.772200e+04 9.901325e-01
1.772300e+04 1.102126e+00
1.772400e+04 7.438610e-01
1.772500e+04 1.006274e+00
1.772600e+04 1.016676e+00
1.772700e+04 1.019059e+00
1.772800e+04 1.016939e+00
1.772900e+04 1.014374e+00
1.773000e+04 1.043275e+00
1.773100e+04 8.967580e-01
1.773200e+04 1.123610e+00
1.773300e+04 1.040959e+00
1.773400e+04 1.028465e+00
1.773500e+04 1.115236e+00
1.773600e+04 1.046975e+00
1.773700e+04 1.162430e+00
1.773800e+04 1.172753e+00
1.773900e+04 1.027807e+00
1.774000e+04 1.194425e+00
1.774100e+04 1.158029e+00
1.774200e+04 1.171242e+00
1.774300e+04 9.770840e-01
1.774400e+04 1.037841e+00
1.774500e+04 9.389820e-01
1.774600e+04 1.100926e+00
1.774700e+04 1.010465e+00
1.774800e+04 1.168359e+00
1.774900e+04 1.090925e+00
1.775000e+04 8.350200e-01
1.775100e+04 1.142097e+00
1.775200e+04 9.313515e-01
1.775300e+04 1.026347e+00
1.775400e+04 9.926410e-01
1.775500e+04 1.015761e+00
1.775600e+04 1.113783e+00
1.775700e+04 1.140962e+00
1.775800e+04 1.224175e+00
1.775900e+04 1.022090e+00
1.776000e+04 7.714460e-01
1.776100e+04 1.159081e+00
1.776200e+04 9.652730e-01
1.776300e+04 1.036061e+00
1.776400e+04 9.731755e-01
1.776500e+04 8.417290e-01
1.776600e+04 1.044315e+00
1.776700e+04 9.561055e-01
1.776800e+04 8.964190e-01
1.776900e+04 1.117501e+00
1.777000e+04 1.088878e+00
1.777100e+04 1.040002e+00
1.777200e+04 1.099536e+00
1.777300e+04 1.115350e+00
1.777400e+04 1.006935e+00
1.777500e+04 9.138295e-01
1.777600e+04 1.098021e+00
1.777700e+04 1.040254e+00
1.777800e+04 8.719175e-01
1.777900e+04 1.069136e+00
1.778000e+04 1.018458e+00
1.778100e+04 1.073398e+00
1.778200e+04 1.077471e+00
1.778300e+04 9.999935e-01
1.778400e+04 9.584190e-01
1.778500e+04 1.009386e+00
1.778600e+04 1.075954e+00
1.778700e+04 1.135567e+00
1.778800e+04 1.087536e+00
1.778900e+04 1.060216e+00
1.779000e+04 9.755950e-01
1.779100e+04 8.537500e-01
1.779200e+04 1.015446e+00
1.779300e+04 1.150010e+00
1.779400e+04 1.122024e+00
1.779500e+04 8.880485e-01
1.779600e+04 9.265180e-01
1.779700e+04 8.893855e-01
1.779800e+04 8.543650e-01
1.779900e+04 1.052543e+00
1.780000e+04 1.095327e+00
1.780100e+04 1.129860e+00
1.780200e+04 1.150776e+00
1.780300e+04 1.178668e+00
1.780400e+04 1.056677e+00
1.780500e+04 9.021745e-01
1.780600e+04 1.077028e+00
1.780700e+04 1.169724e+00
1.780800e+04 1.094313e+00
1.780900e+04 1.036150e+00
1.781000e+04 9.679095e-01
1.781100e+04 9.313610e-01
1.781200e+04 7.746850e-01
1.781300e+04 1.027089e+00
1.781400e+04 8.890190e-01
1.781500e+04 1.071845e+00
1.781600e+04 1.036487e+00
1.781700e+04 9.062380e-01
1.781800e+04 9.621505e-01
1.781900e+04 1.044953e+00
1.782000e+04 1.119114e+00
1.782100e+04 1.016062e+00
1.782200e+04 1.172447e+00
1.782300e+04 8.117180e-01
1.782400e+04 1.043154e+00
1.782500e+04 9.947705e-01
1.782600e+04 1.009329e+00
1.782700e+04 1.073309e+00
1.782800e+04 8.591380e-01
1.782900e+04 7.091940e-01
1.783000e+04 1.003397e+00
1.783100e+04 1.006528e+00
1.783200e+04 8.512605e-01
1.783300e+04 1.160388e+00
1.783400e+04 1.011939e+00
1.783500e+04 1.152740e+00
1.783600e+04 1.023205e+00
1.783700e+04 9.407735e-01
1.783800e+04 1.087377e+00
1.783900e+04 1.101508e+00
1.784000e+04 1.165301e+00
1.784100e+04 1.091751e+00
1.784200e+04 9.470935e-01
1.784300e+04 1.049522e+00
1.784400e+04 1.156157e+00
1.784500e+04 9.918050e-01
1.784600e+04 1.164995e+00
1.784700e+04 9.541315e-01
1.784800e+04 9.860160e-01
1.784900e+04 9.244230e-01
1.785000e+04 9.740575e-01
1.785100e+04 1.067397e+00
1.785200e+04 1.053942e+00
1.785300e+04 1.048084e+00
1.785400e+04 9.142330e-01
1.785500e+04 9.758255e-01
1.785600e+04 9.774275e-01
1.785700e+04 8.412290e-01
1.785800e+04 9.657370e-01
1.785900e+04 9.320065e-01
1.786000e+04 9.343895e-01
1.786100e+04 1.110895e+00
1.786200e+04 9.661190e-01
1.786300e+04 8.219470e-01
1.786400e+04 1.099108e+00
1.786500e+04 1.100574e+00
1.786600e+04 1.007964e+00
1.786700e+04 9.312510e-01
1.786800e+04 9.971190e-01
1.786900e+04 8.932240e-01
1.787000e+04 1.002900e+00
1.787100e+04 6.733730e-01
1.787200e+04 9.873655e-01
1.787300e+04 1.009286e+00
1.787400e+04 9.605345e-01
1.787500e+04 9.699275e-01
1.787600e+04 8.683280e-01
1.787700e+04 1.093707e+00
1.787800e+04 9.914375e-01
1.787900e+04 1.097371e+00
1.788000e+04 1.041232e+00
1.788100e+04 9.475825e-01
1.788200e+04 8.554150e-01
1.788300e+04 1.087077e+00
1.788400e+04 1.155398e+00
1.788500e+04 8.700360e-01
1.788600e+04 1.024329e+00
1.788700e+04 9.448135e-01
1.788800e+04 8.514920e-01
1.788900e+04 1.067835e+00
1.789000e+04 1.080564e+00
1.789100e+04 1.054323e+00
1.789200e+04 1.009934e+00
1.789300e+04 1.092588e+00
1.789400e+04 8.848435e-01
1.789500e+04 1.052423e+00
1.789600e+04 1.130019e+00
1.789700e+04 1.041508e+00
1.789800e+04 1.071875e+00
1.789900e+04 9.827090e-01
1.790000e+04 1.057242e+00
1.790100e+04 9.467475e-01
1.790200e+04 1.124970e+00
1.790300e+04 1.142038e+00
1.790400e+04 8.013405e-01
1.790500e+04 1.058669e+00
1.790600e+04 8.553645e-01
1.790700e+04 8.570500e-01
1.790800e+04 1.083143e+00
1.790900e+04 1.045886e+00
1.791000e+04 9.074655e-01
1.791100e+04 8.615955e-01
1.791200e+04 1.122940e+00
1.791300e+04 9.291095e-01
1.791400e+04 8.270350e-01
1.791500e+04 9.957290e-01
1.791600e+04 9.472830e-01
1.791700e+04 1.088128e+00
1.791800e+04 1.061772e+00
1.791900e+04 7.885460e-01
1.792000e+04 9.921395e-01
1.792100e+04 1.029022e+00
1.792200e+04 9.858620e-01
1.792300e+04 1.001832e+00
1.792400e+04 1.061960e+00
1.792500e+04 9.348110e-01
1.792600e+04 1.133847e+00
1.792700e+04 8.982645e-01
1.792800e+04 9.379605e-01
1.792900e+04 9.842535e-01
1.793000e+04 1.107567e+00
1.793100e+04 1.067584e+00
1.793200e+04 9.451095e-01
1.793300e+04 1.055194e+00
1.793400e+04 8.834500e-01
1.793500e+04 9.080195e-01
1.793600e+04 1.132136e+00
1.793700e+04 7.615735e-01
1.793800e+04 1.008722e+00
1.793900e+04 9.213560e-01
1.794000e+04 1.118419e+00
1.794100e+04 1.078505e+00
1.794200e+04 7.083065e-01
1.794300e+04 1.113706e+00
1.794400e+04 1.020095e+00
1.794500e+04 9.750935e-01
1.794600e+04 1.030292e+00
1.794700e+04 9.238210e-01
1.794800e+04 8.561560e-01
1.794900e+04 9.702380e-01
1.795000e+04 9.255475e-01
1.795100e+04 9.557455e-01
1.795200e+04 8.466345e-01
1.795300e+04 8.465660e-01
1.795400e+04 1.042185e+00
1.795500e+04 1.076857e+00
1.795600e+04 1.044358e+00
1.795700e+04 1.097830e+00
1.795800e+04 1.058049e+00
1.795900e+04 1.181766e+00
1.796000e+04 8.012640e-01
1.796100e+04 9.787840e-01
1.796200e+04 9.225490e-01
1.796300e+04 6.379290e-01
1.796400e+04 6.978540e-01
1.796500e+04 9.428315e-01
1.796600e+04 1.098787e+00
1.796700e+04 1.053692e+00
1.796800e+04 1.067255e+00
1.796900e+04 9.073565e-01
1.797000e+04 8.421350e-01
1.797100e+04 1.116866e+00
1.797200e+04 1.039546e+00
1.797300e+04 1.006737e+00
1.797400e+04 1.145329e+00
1.797500e+04 7.918020e-01
1.797600e+04 1.002040e+00
1.797700e+04 1.092378e+00
1.797800e+04 9.756850e-01
1.797900e+04 1.055147e+00
1.798000e+04 1.080607e+00
1.798100e+04 1.037463e+00
1.798200e+04 9.545830e-01
1.798300e+04 1.084477e+00
1.798400e+04 9.906255e-01
1.798500e+04 9.802835e-01
1.798600e+04 1.112946e+00
1.798700e+04 1.040788e+00
1.798800e+04 9.582565e-01
1.798900e+04 1.039859e+00
1.799000e+04 1.028862e+00
1.799100e+04 8.950795e-01
1.799200e+04 7.737110e-01
1.799300e+04 8.736625e-01
1.799400e+04 9.264545e-01
1.799500e+04 9.930475e-01
1.799600e+04 8.190440e-01
1.799700e+04 9.946670e-01
1.799800e+04 8.247230e-01
1.799900e+04 1.056939e+00
1.800000e+04 8.594740e-01
1.800100e+04 1.016048e+00
1.800200e+04 9.247990e-01
1.800300e+04 1.007305e+00
1.800400e+04 9.766805e-01
1.800500e+04 8.974255e-01
1.800600e+04 8.725920e-01
1.800700e+04 1.039208e+00
1.800800e+04 1.030372e+00
1.800900e+04 8.657935e-01
1.801000e+04 7.975010e-01
1.801100e+04 8.387720e-01
1.801200e+04 6.699665e-01
1.801300e+04 1.099532e+00
1.801400e+04 1.073334e+00
1.801500e+04 8.500925e-01
1.801600e+04 1.017902e+00
1.801700e+04 7.740215e-01
1.801800e+04 1.042018e+00
1.801900e+04 1.036207e+00
1.802000e+04 9.188760e-01
1.802100e+04 1.000442e+00
1.802200e+04 8.667885e-01
1.802300e+04 9.340380e-01
1.802400e+04 9.920045e-01
1.802500e+04 9.550355e-01
1.802600e+04 9.927930e-01
1.802700e+04 6.395330e-01
1.802800e+04 8.969400e-01
1.802900e+04 1.028941e+00
1.803000e+04 1.031097e+00
1.803100e+04 8.345535e-01
1.803200e+04 9.968215e-01
1.803300e+04 9.971210e-01
1.803400e+04 8.088155e-01
1.803500e+04 8.913110e-01
1.803600e+04 9.906015e-01
1.803700e+04 8.967375e-01
1.803800e+04 8.791755e-01
1.803900e+04 9.136730e-01
1.804000e+04 1.026115e+00
1.804100e+04 1.013810e+00
1.804200e+04 1.095516e+00
1.804300e+04 9.639670e-01
1.804400e+04 9.414395e-01
1.804500e+04 1.133151e+00
1.804600e+04 8.802975e-01
1.804700e+04 8.091580e-01
1.804800e+04 1.058394e+00
1.804900e+04 8.289590e-01
1.805000e+04 9.202940e-01
1.805100e+04 8.647425e-01
1.805200e+04 9.650085e-01
1.805300e+04 1.061905e+00
1.805400e+04 1.021115e+00
1.805500e+04 7.726220e-01
1.805600e+04 9.511525e-01
1.805700e+04 7.739230e-01
1.805800e+04 9.069400e-01
1.805900e+04 9.647025e-01
1.806000e+04 8.868665e-01
1.806100e+04 1.104280e+00
1.806200e+04 8.549175e-01
1.806300e+04 8.854975e-01
1.806400e+04 8.780340e-01
1.806500e+04 1.149962e+00
1.806600e+04 1.036537e+00
1.806700e+04 1.133746e+00
1.806800e+04 9.244720e-01
1.806900e+04 9.414355e-01
1.807000e+04 8.888230e-01
1.807100e+04 1.007581e+00
1.807200e+04 8.430485e-01
1.807300e+04 9.547450e-01
1.807400e+04 9.174240e-01
1.807500e+04 8.515225e-01
1.807600e+04 7.568030e-01
1.807700e+04 8.028320e-01
1.807800e+04 9.679235e-01
1.807900e+04 1.082480e+00
1.808000e+04 9.630280e-01
1.808100e+04 9.318690e-01
1.808200e+04 7.392510e-01
1.808300e+04 1.093796e+00
1.808400e+04 1.056239e+00
1.808500e+04 9.333260e-01
1.808600e+04 7.672725e-01
1.808700e+04 8.344805e-01
1.808800e+04 8.928710e-01
1.808900e+04 1.031633e+00
1.809000e+04 8.418675e-01
1.809100e+04 1.001643e+00
1.809200e+04 1.085138e+00
1.809300e+04 1.019231e+00
1.809400e+04 9.579810e-01
1.809500e+04 9.558455e-01
1.809600e+04 9.525230e-01
1.809700e+04 1.000304e+00
1.809800e+04 1.037639e+00
1.809900e+04 9.053545e-01
1.810000e+04 9.776700e-01
1.810100e+04 1.106776e+00
1.810200e+04 1.043234e+00
1.810300e+04 1.013822e+00
1.810400e+04 8.579775e-01
1.810500e+04 9.250350e-01
1.810600e+04 8.286040e-01
1.810700e+04 8.565945e-01
1.810800e+04 8.494275e-01
1.810900e+04 8.354105e-01
1.811000e+04 6.350905e-01
1.811100e+04 9.368020e-01
1.811200e+04 7.699030e-01
1.811300e+04 1.026671e+00
1.811400e+04 9.848660e-01
1.811500e+04 7.720555e-01
1.811600e+04 8.958150e-01
1.811700e+04 9.600950e-01
1.811800e+04 1.081552e+00
1.811900e+04 9.618225e-01
1.812000e+04 9.677390e-01
1.812100e+04 9.486320e-01
1.812200e+04 9.958455e-01
1.812300e+04 7.947730e-01
1.812400e+04 9.268135e-01
1.812500e+04 8.044090e-01
1.812600e+04 8.231865e-01
1.812700e+04 7.206890e-01
1.812800e+04 9.815655e-01
1.812900e+04 9.122800e-01
1.813000e+04 9.467015e-01
1.813100e+04 1.004214e+00
1.813200e+04 1.080606e+00
1.813300e+04 9.349985e-01
1.813400e+04 8.443935e-01
1.813500e+04 8.672505e-01
1.813600e+04 9.280860e-01
1.813700e+04 9.785975e-01
1.813800e+04 1.044232e+00
1.813900e+04 8.787515e-01
1.814000e+04 1.055072e+00
1.814100e+04 8.736500e-01
1.814200e+04 1.033572e+00
1.814300e+04 1.061810e+00
1.814400e+04 1.046602e+00
1.814500e+04 1.025364e+00
1.814600e+04 1.079572e+00
1.814700e+04 1.020818e+00
1.814800e+04 9.458055e-01
1.814900e+04 1.078492e+00
1.815000e+04 6.817015e-01
1.815100e+04 7.733735e-01
1.815200e+04 1.038578e+00
1.815300e+04 1.013322e+00
1.815400e+04 1.025545e+00
1.815500e+04 1.030930e+00
1.815600e+04 8.190635e-01
1.815700e+04 8.468225e-01
1.815800e+04 1.050717e+00
1.815900e+04 8.705845e-01
1.816000e+04 9.612450e-01
1.816100e+04 1.021302e+00
1.816200e+04 1.031231e+00
1.816300e+04 8.223550e-01
1.816400e+04 1.018703e+00
1.816500e+04 1.053161e+00
1.816600e+04 1.049640e+00
1.816700e+04 9.981585e-01
1.816800e+04 9.929530e-01
1.816900e+04 9.575535e-01
1.817000e+04 7.232250e-01
1.817100e+04 8.331015e-01
1.817200e+04 9.672855e-01
1.817300e+04 7.842240e-01
1.817400e+04 8.950140e-01
1.817500e+04 1.029758e+00
1.817600e+04 9.727100e-01
1.817700e+04 7.869960e-01
1.817800e+04 8.894480e-01
1.817900e+04 9.274245e-01
1.818000e+04 9.051465e-01
1.818100e+04 1.072062e+00
1.818200e+04 9.549065e-01
1.818300e+04 8.138300e-01
1.818400e+04 9.371055e-01
1.818500e+04 8.774610e-01
1.818600e+04 9.883635e-01
1.818700e+04 6.949150e-01
1.818800e+04 8.132480e-01
1.818900e+04 9.153200e-01
1.819000e+04 8.960100e-01
1.819100e+04 1.038463e+00
1.819200e+04 9.177820e-01
1.819300e+04 9.050660e-01
1.819400e+04 8.983210e-01
1.819500e+04 8.932365e-01
1.819600e+04 8.970240e-01
1.819700e+04 7.553510e-01
1.819800e+04 9.320740e-01
1.819900e+04 8.724230e-01
1.820000e+04 9.682995e-01
1.820100e+04 1.013967e+00
1.820200e+04 8.398915e-01
1.820300e+04 7.146070e-01
1.820400e+04 9.195755e-01
1.820500e+04 9.861750e-01
1.820600e+04 7.940660e-01
1.820700e+04 9.962845e-01
1.820800e+04 8.666930e-01
1.820900e+04 9.946855e-01
1.821000e+04 8.884070e-01
1.821100e+04 8.584345e-01
1.821200e+04 8.074670e-01
1.821300e+04 1.019270e+00
1.821400e+04 1.045841e+00
1.821500e+04 7.972165e-01
1.821600e+04 8.277240e-01
1.821700e+04 7.363050e-01
1.821800e+04 8.223970e-01
1.821900e+04 9.542100e-01
1.822000e+04 9.510135e-01
1.822100e+04 6.699015e-01
1.822200e+04 8.881140e-01
1.822300e+04 8.204800e-01
1.822400e+04 8.407085e-01
1.822500e+04 9.053940e-01
1.822600e+04 8.104695e-01
1.822700e+04 8.268845e-01
1.822800e+04 1.051564e+00
1.822900e+04 1.025481e+00
1.823000e+04 1.017910e+00
1.823100e+04 9.672340e-01
1.823200e+04 9.585105e-01
1.823300e+04 9.586860e-01
1.823400e+04 9.972805e-01
1.823500e+04 1.016623e+00
1.823600e+04 1.038527e+00
1.823700e+04 1.019181e+00
1.823800e+04 9.707475e-01
1.823900e+04 9.748690e-01
1.824000e+04 1.052300e+00
1.824100e+04 9.480235e-01
1.824200e+04 1.087225e+00
1.824300e+04 1.006063e+00
1.824400e+04 1.075491e+00
1.824500e+04 9.242945e-01
1.824600e+04 9.819485e-01
1.824700e+04 8.970580e-01
1.824800e+04 7.489140e-01
1.824900e+04 9.740320e-01
1.825000e+04 1.004748e+00
1.825100e+04 8.558095e-01
1.825200e+04 8.382080e-01
1.825300e+04 9.456785e-01
1.825400e+04 8.716870e-01
1.825500e+04 9.953930e-01
1.825600e+04 8.348065e-01
1.825700e+04 1.043721e+00
1.825800e+04 9.421015e-01
1.825900e+04 1.012689e+00
1.826000e+04 1.001539e+00
1.826100e+04 8.761275e-01
1.826200e+04 8.137175e-01
1.826300e+04 6.830575e-01
1.826400e+04 5.386000e-01
1.826500e+04 7.761295e-01
1.826600e+04 8.714125e-01
1.826700e+04 1.062461e+00
1.826800e+04 8.785110e-01
1.826900e+04 1.066281e+00
1.827000e+04 8.195155e-01
1.827100e+04 7.998410e-01
1.827200e+04 9.722825e-01
1.827300e+04 1.005670e+00
1.827400e+04 8.002100e-01
1.827500e+04 8.691200e-01
1.827600e+04 8.538655e-01
1.827700e+04 6.999880e-01
1.827800e+04 8.585945e-01
1.827900e+04 8.614565e-01
1.828000e+04 9.281935e-01
1.828100e+04 1.041815e+00
1.828200e+04 9.561210e-01
1.828300e+04 9.075755e-01
1.828400e+04 8.729500e-01
1.828500e+04 9.119690e-01
1.828600e+04 9.326480e-01
1.828700e+04 9.689705e-01
1.828800e+04 9.447595e-01
1.828900e+04 8.754115e-01
1.829000e+04 8.682350e-01
1.829100e+04 9.927195e-01
1.829200e+04 9.713975e-01
1.829300e+04 9.653380e-01
1.829400e+04 8.487415e-01
1.829500e+04 9.962810e-01
1.829600e+04 1.040598e+00
1.829700e+04 1.027771e+00
1.829800e+04 8.882480e-01
1.829900e+04 8.231315e-01
1.830000e+04 9.600595e-01
1.830100e+04 8.615360e-01
1.830200e+04 8.922360e-01
1.830300e+04 8.697950e-01
1.830400e+04 9.315575e-01
1.830500e+04 9.550850e-01
1.830600e+04 9.426460e-01
1.830700e+04 7.103805e-01
1.830800e+04 1.064996e+00
1.830900e+04 9.239100e-01
1.831000e+04 8.816210e-01
1.831100e+04 1.059648e+00
1.831200e+04 7.740715e-01
1.831300e+04 7.259670e-01
1.831400e+04 9.709210e-01
1.831500e+04 8.292610e-01
1.831600e+04 1.075930e+00
1.831700e+04 9.437230e-01
1.831800e+04 9.480505e-01
1.831900e+04 9.570910e-01
1.832000e+04 7.915775e-01
1.832100e+04 7.837540e-01
1.832200e+04 1.006066e+00
1.832300e+04 7.479050e-01
1.832400e+04 8.431735e-01
1.832500e+04 8.345005e-01
1.832600e+04 7.425925e-01
1.832700e+04 8.195170e-01
1.832800e+04 9.234060e-01
1.832900e+04 9.546620e-01
1.833000e+04 8.449555e-01
1.833100e+04 1.019482e+00
1.833200e+04 8.814185e-01
1.833300e+04 8.587065e-01
1.833400e+04 8.860355e-01
1.833500e+04 9.452395e-01
1.833600e+04 1.002418e+00
1.833700e+04 9.150805e-01
1.833800e+04 8.162025e-01
1.833900e+04 9.019990e-01
1.834000e+04 9.062200e-01
1.834100e+04 9.042565e-01
1.834200e+04 9.310820e-01
1.834300e+04 9.039945e-01
1.834400e+04 1.066979e+00
1.834500e+04 1.004617e+00
1.834600e+04 7.889940e-01
1.834700e+04 9.409315e-01
1.834800e+04 8.862560e-01
1.834900e+04 9.019075e-01
1.835000e+04 8.315230e-01
1.835100e+04 5.821045e-01
1.835200e+04 9.598055e-01
1.835300e+04 9.441015e-01
1.835400e+04 1.010007e+00
1.835500e+04 1.036528e+00
1.835600e+04 9.646915e-01
1.835700e+04 6.856725e-01
1.835800e+04 9.519160e-01
1.835900e+04 9.280110e-01
1.836000e+04 8.753270e-01
1.836100e+04 9.493085e-01
1.836200e+04 9.337405e-01
1.836300e+04 7.506540e-01
1.836400e+04 8.340600e-01
1.836500e+04 7.470440e-01
1.836600e+04 1.005648e+00
1.836700e+04 1.000765e+00
1.836800e+04 9.479825e-01
1.836900e+04 1.005138e+00
1.837000e+04 1.034237e+00
1.837100e+04 7.542700e-01
1.837200e+04 9.583610e-01
1.837300e+04 9.644220e-01
1.837400e+04 9.172525e-01
1.837500e+04 7.765965e-01
1.837600e+04 8.662635e-01
1.837700e+04 9.847510e-01
1.837800e+04 6.552450e-01
1.837900e+04 7.846870e-01
1.838000e+04 8.450495e-01
1.838100e+04 9.141695e-01
1.838200e+04 9.534680e-01
1.838300e+04 9.803645e-01
1.838400e+04 8.886965e-01
1.838500e+04 8.413620e-01
1.838600e+04 1.039127e+00
1.838700e+04 9.803225e-01
1.838800e+04 9.341940e-01
1.838900e+04 9.370290e-01
1.839000e+04 8.373140e-01
1.839100e+04 9.781245e-01
1.839200e+04 8.082880e-01
1.839300e+04 7.388850e-01
1.839400e+04 8.388860e-01
1.839500e+04 9.737015e-01
1.839600e+04 8.487390e-01
1.839700e+04 7.699100e-01
1.839800e+04 8.277835e-01
1.839900e+04 6.709980e-01
1.840000e+04 9.100695e-01
1.840100e+04 1.010828e+00
1.840200e+04 8.814525e-01
1.840300e+04 9.125235e-01
1.840400e+04 8.401110e-01
1.840500e+04 8.779830e-01
1.840600e+04 9.146300e-01
1.840700e+04 8.820955e-01
1.840800e+04 8.118895e-01
1.840900e+04 7.700135e-01
1.841000e+04 1.043695e+00
1.841100e+04 9.686370e-01
1.841200e+04 9.673385e-01
1.841300e+04 1.029586e+00
1.841400e+04 9.877220e-01
1.841500e+04 9.888225e-01
1.841600e+04 8.720920e-01
1.841700e+04 9.956300e-01
1.841800e+04 8.401580e-01
1.841900e+04 8.072105e-01
1.842000e+04 7.741840e-01
1.842100e+04 8.190385e-01
1.842200e+04 8.784185e-01
1.842300e+04 7.676085e-01
1.842400e+04 7.970185e-01
1.842500e+04 8.873875e-01
1.842600e+04 9.352665e-01
1.842700e+04 8.057405e-01
1.842800e+04 8.378410e-01
1.842900e+04 8.506905e-01
1.843000e+04 8.887810e-01
1.843100e+04 7.289780e-01
1.843200e+04 1.043890e+00
1.843300e+04 7.596770e-01
1.843400e+04 8.490095e-01
1.843500e+04 7.968165e-01
1.843600e+04 9.395120e-01
1.843700e+04 7.445795e-01
1.843800e+04 9.398110e-01
1.843900e+04 7.811555e-01
1.844000e+04 6.555950e-01
1.844100e+04 8.248315e-01
1.844200e+04 8.552445e-01
1.844300e+04 8.598120e-01
1.844400e+04 8.568240e-01
1.844500e+04 7.912420e-01
1.844600e+04 7.075710e-01
1.844700e+04 9.369425e-01
1.844800e+04 8.058745e-01
1.844900e+04 8.201230e-01
1.845000e+04 7.914675e-01
1.845100e+04 9.286545e-01
1.845200e+04 9.631290e-01
1.845300e+04 8.932655e-01
1.845400e+04 9.110680e-01
1.845500e+04 7.402605e-01
1.845600e+04 8.124040e-01
1.845700e+04 8.599720e-01
1.845800e+04 7.882005e-01
1.845900e+04 8.606790e-01
1.846000e+04 7.641005e-01
1.846100e+04 8.803455e-01
1.846200e+04 9.407140e-01
1.846300e+04 8.598395e-01
1.846400e+04 7.933120e-01
1.846500e+04 8.226105e-01
1.846600e+04 7.741250e-01
1.846700e+04 7.611080e-01
1.846800e+04 7.176410e-01
1.846900e+04 7.561690e-01
1.847000e+04 5.529510e-01
1.847100e+04 5.645635e-01
1.847200e+04 7.376275e-01
1.847300e+04 7.526195e-01
1.847400e+04 7.059810e-01
1.847500e+04 8.352495e-01
1.847600e+04 7.057635e-01
1.847700e+04 9.106225e-01
1.847800e+04 8.504615e-01
1.847900e+04 8.426550e-01
1.848000e+04 7.232635e-01
1.848100e+04 6.957400e-01
1.848200e+04 8.007380e-01
1.848300e+04 7.713520e-01
1.848400e+04 7.868645e-01
1.848500e+04 8.231850e-01
1.848600e+04 6.813960e-01
1.848700e+04 7.566145e-01
1.848800e+04 6.931390e-01
1.848900e+04 9.187470e-01
1.849000e+04 8.670450e-01
1.849100e+04 9.499905e-01
1.849200e+04 9.056690e-01
1.849300e+04 8.864095e-01
1.849400e+04 7.083395e-01
1.849500e+04 8.361665e-01
1.849600e+04 8.142110e-01
1.849700e+04 7.095070e-01
1.849800e+04 9.876575e-01
1.849900e+04 8.870025e-01
1.850000e+04 8.652180e-01
1.850100e+04 8.264260e-01
1.850200e+04 7.086890e-01
1.850300e+04 7.801835e-01
1.850400e+04 7.794955e-01
1.850500e+04 8.668485e-01
1.850600e+04 1.007348e+00
1.850700e+04 7.503005e-01
1.850800e+04 8.523755e-01
1.850900e+04 9.047790e-01
1.851000e+04 9.128445e-01
1.851100e+04 9.344800e-01
1.851200e+04 9.257095e-01
1.851300e+04 7.060060e-01
1.851400e+04 8.863050e-01
1.851500e+04 8.203620e-01
1.851600e+04 8.428185e-01
1.851700e+04 1.006450e+00
1.851800e+04 1.001113e+00
1.851900e+04 8.825510e-01
1.852000e+04 7.203730e-01
1.852100e+04 9.940005e-01
1.852200e+04 9.792815e-01
1.852300e+04 7.699020e-01
1.852400e+04 7.566355e-01
1.852500e+04 9.537620e-01
1.852600e+04 8.860430e-01
1.852700e+04 8.835070e-01
1.852800e+04 8.668595e-01
1.852900e+04 8.667955e-01
1.853000e+04 8.136485e-01
1.853100e+04 7.371190e-01
1.853200e+04 6.800200e-01
1.853300e+04 6.987565e-01
1.853400e+04 8.530325e-01
1.853500e+04 9.195110e-01
1.853600e+04 8.300620e-01
1.853700e+04 8.545510e-01
1.853800e+04 6.879810e-01
1.853900e+04 8.426160e-01
1.854000e+04 8.336855e-01
1.854100e+04 8.391670e-01
1.854200e+04 9.615980e-01
1.854300e+04 7.691965e-01
1.854400e+04 9.130275e-01
1.854500e+04 9.668010e-01
1.854600e+04 9.580435e-01
1.854700e+04 6.582725e-01
1.854800e+04 8.327615e-01
1.854900e+04 9.334880e-01
1.855000e+04 6.547905e-01
1.855100e+04 8.160275e-01
1.855200e+04 7.978675e-01
1.855300e+04 8.952735e-01
1.855400e+04 9.466240e-01
1.855500e+04 9.062140e-01
1.855600e+04 8.901685e-01
1.855700e+04 9.670975e-01
1.855800e+04 8.024865e-01
1.855900e+04 8.649460e-01
1.856000e+04 9.328040e-01
1.856100e+04 8.281450e-01
1.856200e+04 7.091540e-01
1.856300e+04 8.134660e-01
1.856400e+04 7.873985e-01
1.856500e+04 6.789130e-01
1.856600e+04 7.869475e-01
1.856700e+04 6.377995e-01
1.856800e+04 5.621740e-01
1.856900e+04 9.297925e-01
1.857000e+04 7.543520e-01
1.857100e+04 8.752930e-01
1.857200e+04 6.278920e-01
1.857300e+04 8.434490e-01
1.857400e+04 8.088380e-01
1.857500e+04 8.689325e-01
1.857600e+04 8.529640e-01
1.857700e+04 7.062345e-01
1.857800e+04 8.358235e-01
1.857900e+04 7.626290e-01
1.858000e+04 6.624840e-01
1.858100e+04 6.217555e-01
1.858200e+04 7.665240e-01
1.858300e+04 7.558200e-01
1.858400e+04 7.698490e-01
1.858500e+04 8.393680e-01
1.858600e+04 7.205845e-01
1.858700e+04 7.905500e-01
1.858800e+04 9.149915e-01
1.858900e+04 7.779130e-01
1.859000e+04 6.830855e-01
1.859100e+04 6.893130e-01
1.859200e+04 6.834050e-01
1.859300e+04 7.345800e-01
1.859400e+04 8.154260e-01
1.859500e+04 8.552285e-01
1.859600e+04 8.220490e-01
1.859700e+04 7.976465e-01
1.859800e+04 6.334475e-01
1.859900e+04 7.903415e-01
1.860000e+04 8.903405e-01
1.860100e+04 6.927530e-01
1.860200e+04 8.525790e-01
1.860300e+04 7.982295e-01
1.860400e+04 6.733115e-01
1.860500e+04 7.403345e-01
1.860600e+04 8.282575e-01
1.860700e+04 7.087170e-01
1.860800e+04 7.547180e-01
1.860900e+04 8.035055e-01
1.861000e+04 8.465520e-01
1.861100e+04 6.559305e-01
1.861200e+04 9.098405e-01
1.861300e+04 6.289770e-01
1.861400e+04 7.625755e-01
1.861500e+04 7.522300e-01
1.861600e+04 8.325125e-01
1.861700e+04 7.371405e-01
1.861800e+04 8.981975e-01
1.861900e+04 7.997830e-01
1.862000e+04 7.544145e-01
1.862100e+04 9.450995e-01
1.862200e+04 8.406850e-01
1.862300e+04 7.897250e-01
1.862400e+04 8.944930e-01
1.862500e+04 7.862605e-01
1.862600e+04 9.035880e-01
1.862700e+04 8.241495e-01
1.862800e+04 6.927480e-01
1.862900e+04 7.900950e-01
1.863000e+04 7.379350e-01
1.863100e+04 8.747810e-01
1.863200e+04 8.006735e-01
1.863300e+04 9.181295e-01
1.863400e+04 9.411120e-01
1.863500e+04 7.162290e-01
1.863600e+04 8.284120e-01
1.863700e+04 8.668195e-01
1.863800e+04 7.944915e-01
1.863900e+04 8.798055e-01
1.864000e+04 8.644045e-01
1.864100e+04 8.699050e-01
1.864200e+04 7.649800e-01
1.864300e+04 7.632210e-01
1.864400e+04 8.537410e-01
1.864500e+04 8.320595e-01
1.864600e+04 7.288085e-01
1.864700e+04 8.104950e-01
1.864800e+04 8.674745e-01
1.864900e+04 9.003475e-01
1.865000e+04 7.375335e-01
1.865100e+04 6.745245e-01
1.865200e+04 7.192775e-01
1.865300e+04 7.039640e-01
1.865400e+04 8.424370e-01
1.865500e+04 7.545835e-01
1.865600e+04 7.907745e-01
1.865700e+04 7.256470e-01
1.865800e+04 9.041915e-01
1.865900e+04 7.289585e-01
1.866000e+04 9.688945e-01
1.866100e+04 7.716155e-01
1.866200e+04 9.040740e-01
1.866300e+04 9.664985e-01
1.866400e+04 7.935885e-01
1.866500e+04 8.292205e-01
1.866600e+04 8.295325e-01
1.866700e+04 8.088835e-01
1.866800e+04 7.676500e-01
1.866900e+04 9.091280e-01
1.867000e+04 8.847880e-01
1.867100e+04 7.835360e-01
1.867200e+04 7.477150e-01
1.867300e+04 8.700735e-01
1.867400e+04 8.506305e-01
1.867500e+04 8.794520e-01
1.867600e+04 9.567390e-01
1.867700e+04 8.428170e-01
1.867800e+04 6.183445e-01
1.867900e+04 8.716350e-01
1.868000e+04 7.157690e-01
1.868100e+04 7.684625e-01
1.868200e+04 5.577670e-01
1.868300e+04 8.229210e-01
1.868400e+04 8.398860e-01
1.868500e+04 8.965795e-01
1.868600e+04 8.168575e-01
1.868700e+04 8.299440e-01
1.868800e+04 8.310760e-01
1.868900e+04 8.836040e-01
1.869000e+04 8.517900e-01
1.869100e+04 8.006305e-01
1.869200e+04 8.952795e-01
1.869300e+04 8.981685e-01
1.869400e+04 8.578270e-01
1.869500e+04 8.749485e-01
1.869600e+04 8.482400e-01
1.869700e+04 8.553620e-01
1.869800e+04 7.437850e-01
1.869900e+04 8.752200e-01
1.870000e+04 8.473070e-01
1.870100e+04 8.555190e-01
1.870200e+04 9.436565e-01
1.870300e+04 7.798765e-01
1.870400e+04 8.946920e-01
1.870500e+04 9.136945e-01
1.870600e+04 7.791345e-01
1.870700e+04 9.364525e-01
1.870800e+04 9.322315e-01
1.870900e+04 6.556830e-01
1.871000e+04 8.443935e-01
1.871100e+04 6.513395e-01
1.871200e+04 8.045145e-01
1.871300e+04 7.765825e-01
1.871400e+04 7.170005e-01
1.871500e+04 8.241490e-01
1.871600e+04 9.652905e-01
1.871700e+04 7.234860e-01
1.871800e+04 6.914125e-01
1.871900e+04 8.304600e-01
1.872000e+04 1.007188e+00
1.872100e+04 7.876685e-01
1.872200e+04 8.666630e-01
1.872300e+04 8.891845e-01
1.872400e+04 6.813980e-01
1.872500e+04 8.641860e-01
1.872600e+04 9.226345e-01
1.872700e+04 8.416895e-01
1.872800e+04 6.226085e-01
1.872900e+04 8.686790e-01
1.873000e+04 5.978655e-01
1.873100e+04 6.025980e-01
1.873200e+04 7.641310e-01
1.873300e+04 6.721885e-01
1.873400e+04 7.859360e-01
1.873500e+04 6.604815e-01
1.873600e+04 6.945630e-01
1.873700e+04 7.907340e-01
1.873800e+04 8.698710e-01
1.873900e+04 9.218340e-01
1.874000e+04 7.973725e-01
1.874100e+04 6.860340e-01
1.874200e+04 7.588695e-01
1.874300e+04 8.898105e-01
1.874400e+04 9.553440e-01
1.874500e+04 8.295135e-01
1.874600e+04 7.683020e-01
1.874700e+04 7.896165e-01
1.874800e+04 6.917655e-01
1.874900e+04 8.866110e-01
1.875000e+04 8.605100e-01
1.875100e+04 9.162745e-01
1.875200e+04 7.559920e-01
1.875300e+04 8.605905e-01
1.875400e+04 6.740025e-01
1.875500e+04 8.104345e-01
1.875600e+04 9.359380e-01
1.875700e+04 7.335005e-01
1.875800e+04 8.074905e-01
1.875900e+04 9.546055e-01
1.876000e+04 9.517230e-01
1.876100e+04 8.782695e-01
1.876200e+04 7.575215e-01
1.876300e+04 7.690055e-01
1.876400e+04 7.469270e-01
1.876500e+04 7.672905e-01
1.876600e+04 8.850785e-01
1.876700e+04 8.252420e-01
1.876800e+04 7.434630e-01
1.876900e+04 7.857930e-01
1.877000e+04 8.086560e-01
1.877100e+04 7.414900e-01
1.877200e+04 8.555160e-01
1.877300e+04 6.056590e-01
1.877400e+04 8.270755e-01
1.877500e+04 9.054000e-01
1.877600e+04 8.678370e-01
1.877700e+04 8.554895e-01
1.877800e+04 7.932750e-01
1.877900e+04 6.928960e-01
1.878000e+04 8.388925e-01
1.878100e+04 7.798300e-01
1.878200e+04 8.773355e-01
1.878300e+04 8.179320e-01
1.878400e+04 7.787805e-01
1.878500e+04 6.609895e-01
1.878600e+04 7.491680e-01
1.878700e+04 7.768900e-01
1.878800e+04 6.368820e-01
1.878900e+04 7.729265e-01
1.879000e+04 8.379060e-01
1.879100e+04 8.586040e-01
1.879200e+04 7.563835e-01
1.879300e+04 8.238015e-01
1.879400e+04 6.779090e-01
1.879500e+04 7.266040e-01
1.879600e+04 8.623960e-01
1.879700e+04 7.671505e-01
1.879800e+04 8.029455e-01
1.879900e+04 8.018740e-01
1.880000e+04 7.503130e-01
1.880100e+04 8.008995e-01
1.880200e+04 8.668190e-01
1.880300e+04 8.537220e-01
1.880400e+04 8.413800e-01
1.880500e+04 9.432550e-01
1.880600e+04 6.821770e-01
1.880700e+04 9.744650e-01
1.880800e+04 9.207885e-01
1.880900e+04 7.035530e-01
1.881000e+04 8.608670e-01
1.881100e+04 9.166020e-01
1.881200e+04 7.731300e-01
1.881300e+04 7.180745e-01
1.881400e+04 7.595675e-01
1.881500e+04 7.139275e-01
1.881600e+04 7.663330e-01
1.881700e+04 8.608705e-01
1.881800e+04 8.306610e-01
1.881900e+04 9.258585e-01
1.882000e+04 7.017330e-01
1.882100e+04 7.343005e-01
1.882200e+04 8.609300e-01
1.882300e+04 8.961225e-01
1.882400e+04 9.214545e-01
1.882500e+04 8.056285e-01
1.882600e+04 7.904800e-01
1.882700e+04 8.874480e-01
1.882800e+04 9.079670e-01
1.882900e+04 9.951670e-01
1.883000e+04 8.063705e-01
1.883100e+04 8.912310e-01
1.883200e+04 8.960445e-01
1.883300e+04 8.443775e-01
1.883400e+04 8.658950e-01
1.883500e+04 7.927740e-01
1.883600e+04 8.591125e-01
1.883700e+04 9.106650e-01
1.883800e+04 7.317560e-01
1.883900e+04 9.529650e-01
1.884000e+04 9.264110e-01
1.884100e+04 7.992430e-01
1.884200e+04 7.667405e-01
1.884300e+04 8.965850e-01
1.884400e+04 8.864945e-01
1.884500e+04 8.234160e-01
1.884600e+04 7.566945e-01
1.884700e+04 8.747875e-01
1.884800e+04 6.124410e-01
1.884900e+04 8.254660e-01
1.885000e+04 9.312650e-01
1.885100e+04 6.410835e-01
1.885200e+04 6.805485e-01
1.885300e+04 7.981090e-01
1.885400e+04 8.559135e-01
1.885500e+04 8.417850e-01
1.885600e+04 8.029385e-01
1.885700e+04 8.305715e-01
1.885800e+04 8.149300e-01
1.885900e+04 7.310740e-01
1.886000e+04 8.155765e-01
1.886100e+04 7.892315e-01
1.886200e+04 8.107185e-01
1.886300e+04 9.219045e-01
1.886400e+04 8.082835e-01
1.886500e+04 8.205675e-01
1.886600e+04 7.651705e-01
1.886700e+04 7.610525e-01
1.886800e+04 8.789055e-01
1.886900e+04 7.033620e-01
1.887000e+04 6.494120e-01
1.887100e+04 8.050445e-01
1.887200e+04 8.434990e-01
1.887300e+04 8.554680e-01
1.887400e+04 8.200725e-01
1.887500e+04 9.410040e-01
1.887600e+04 8.788105e-01
1.887700e+04 8.750700e-01
1.887800e+04 8.241655e-01
1.887900e+04 8.409530e-01
1.888000e+04 8.322855e-01
1.888100e+04 7.919050e-01
1.888200e+04 8.765020e-01
1.888300e+04 8.911555e-01
1.888400e+04 7.953050e-01
1.888500e+04 8.762900e-01
1.888600e+04 7.878720e-01
1.888700e+04 7.069770e-01
1.888800e+04 7.326005e-01
1.888900e+04 6.859745e-01
1.889000e+04 8.120035e-01
1.889100e+04 8.673910e-01
1.889200e+04 7.083405e-01
1.889300e+04 7.664645e-01
1.889400e+04 9.297950e-01
1.889500e+04 8.916110e-01
1.889600e+04 9.436180e-01
1.889700e+04 8.114545e-01
1.889800e+04 7.618115e-01
1.889900e+04 7.841465e-01
1.890000e+04 8.741630e-01
1.890100e+04 9.162430e-01
1.890200e+04 8.076440e-01
1.890300e+04 7.829015e-01
1.890400e+04 8.278495e-01
1.890500e+04 8.191050e-01
1.890600e+04 8.357405e-01
1.890700e+04 7.557985e-01
1.890800e+04 9.160215e-01
1.890900e+04 7.208490e-01
1.891000e+04 9.028375e-01
1.891100e+04 7.631470e-01
1.891200e+04 8.720655e-01
1.891300e+04 7.685770e-01
1.891400e+04 8.721510e-01
1.891500e+04 7.107760e-01
1.891600e+04 7.372615e-01
1.891700e+04 7.376710e-01
1.891800e+04 8.285400e-01
1.891900e+04 6.976545e-01
1.892000e+04 7.918350e-01
1.892100e+04 7.108945e-01
1.892200e+04 6.103085e-01
1.892300e+04 7.316415e-01
1.892400e+04 7.149085e-01
1.892500e+04 8.056255e-01
1.892600e+04 8.332320e-01
1.892700e+04 8.079325e-01
1.892800e+04 7.517810e-01
1.892900e+04 6.935740e-01
1.893000e+04 7.798860e-01
1.893100e+04 7.534040e-01
1.893200e+04 7.510825e-01
1.893300e+04 8.158650e-01
1.893400e+04 7.425630e-01
1.893500e+04 7.962705e-01
1.893600e+04 9.073835e-01
1.893700e+04 7.682050e-01
1.893800e+04 8.223985e-01
1.893900e+04 7.921355e-01
1.894000e+04 8.174610e-01
1.894100e+04 8.739110e-01
1.894200e+04 7.129890e-01
1.894300e+04 7.868410e-01
1.894400e+04 7.283350e-01
1.894500e+04 8.528070e-01
1.894600e+04 8.451450e-01
1.894700e+04 7.402245e-01
1.894800e+04 7.387830e-01
1.894900e+04 7.341840e-01
1.895000e+04 7.965285e-01
1.895100e+04 6.738595e-01
1.895200e+04 8.648270e-01
1.895300e+04 9.229450e-01
1.895400e+04 8.479635e-01
1.895500e+04 9.457630e-01
1.895600e+04 8.513680e-01
1.895700e+04 8.179125e-01
1.895800e+04 9.225580e-01
1.895900e+04 8.218870e-01
1.896000e+04 7.925770e-01
1.896100e+04 8.053530e-01
1.896200e+04 6.717135e-01
1.896300e+04 7.265720e-01
1.896400e+04 7.424455e-01
1.896500e+04 8.416630e-01
1.896600e+04 8.438305e-01
1.896700e+04 9.066735e-01
1.896800e+04 7.337835e-01
1.896900e+04 9.064595e-01
1.897000e+04 8.854540e-01
1.897100e+04 8.431375e-01
1.897200e+04 9.257065e-01
1.897300e+04 8.116020e-01
1.897400e+04 7.802620e-01
1.897500e+04 7.923360e-01
1.897600e+04 7.825890e-01
1.897700e+04 8.203840e-01
1.897800e+04 8.849070e-01
1.897900e+04 7.000530e-01
1.898000e+04 8.463185e-01
1.898100e+04 7.470580e-01
1.898200e+04 6.824260e-01
1.898300e+04 7.211895e-01
1.898400e+04 8.482985e-01
1.898500e+04 7.690575e-01
1.898600e+04 7.894135e-01
1.898700e+04 7.481845e-01
1.898800e+04 8.681315e-01
1.898900e+04 7.414780e-01
1.899000e+04 7.560040e-01
1.899100e+04 9.195180e-01
1.899200e+04 8.515180e-01
1.899300e+04 8.361500e-01
1.899400e+04 7.867670e-01
1.899500e+04 8.480320e-01
1.899600e+04 8.560945e-01
1.899700e+04 6.763305e-01
1.899800e+04 8.490315e-01
1.899900e+04 9.039430e-01
1.900000e+04 8.137955e-01
1.900100e+04 9.150475e-01
1.900200e+04 8.916820e-01
1.900300e+04 9.122645e-01
1.900400e+04 6.643460e-01
1.900500e+04 8.144910e-01
1.900600e+04 7.627305e-01
1.900700e+04 8.622590e-01
1.900800e+04 8.896080e-01
1.900900e+04 9.284800e-01
1.901000e+04 8.894615e-01
1.901100e+04 7.361350e-01
1.901200e+04 6.785265e-01
1.901300e+04 9.038515e-01
1.901400e+04 7.035550e-01
1.901500e+04 7.215235e-01
1.901600e+04 7.442465e-01
1.901700e+04 9.049115e-01
1.901800e+04 8.633190e-01
1.901900e+04 8.739520e-01
1.902000e+04 8.181440e-01
1.902100e+04 8.456295e-01
1.902200e+04 9.157420e-01
1.902300e+04 7.858995e-01
1.902400e+04 9.265285e-01
1.902500e+04 8.480210e-01
1.902600e+04 8.480175e-01
1.902700e+04 8.550100e-01
1.902800e+04 7.715720e-01
1.902900e+04 6.745100e-01
1.903000e+04 6.306970e-01
1.903100e+04 8.008065e-01
1.903200e+04 8.981170e-01
1.903300e+04 7.109230e-01
1.903400e+04 8.108125e-01
1.903500e+04 8.973790e-01
1.903600e+04 8.521125e-01
1.903700e+04 7.448360e-01
1.903800e+04 7.999920e-01
1.903900e+04 7.711805e-01
1.904000e+04 7.515495e-01
1.904100e+04 8.009195e-01
1.904200e+04 8.223960e-01
1.904300e+04 7.863090e-01
1.904400e+04 9.296345e-01
1.904500e+04 8.246135e-01
1.904600e+04 8.051680e-01
1.904700e+04 7.312620e-01
1.904800e+04 8.841740e-01
1.904900e+04 8.492995e-01
1.905000e+04 8.539895e-01
1.905100e+04 8.017010e-01
1.905200e+04 7.696975e-01
1.905300e+04 7.950610e-01
1.905400e+04 6.726225e-01
1.905500e+04 8.663870e-01
1.905600e+04 8.624680e-01
1.905700e+04 8.283950e-01
1.905800e+04 8.546680e-01
1.905900e+04 6.788290e-01
1.906000e+04 8.506110e-01
1.906100e+04 6.781155e-01
1.906200e+04 6.268610e-01
1.906300e+04 8.395755e-01
1.906400e+04 8.565905e-01
1.906500e+04 8.492500e-01
1.906600e+04 9.031760e-01
1.906700e+04 5.977280e-01
1.906800e+04 8.689480e-01
1.906900e+04 7.824315e-01
1.907000e+04 6.707640e-01
1.907100e+04 7.758415e-01
1.907200e+04 8.564490e-01
1.907300e+04 9.067595e-01
1.907400e+04 6.984955e-01
1.907500e+04 8.654310e-01
1.907600e+04 8.097380e-01
1.907700e+04 8.132040e-01
1.907800e+04 8.359260e-01
1.907900e+04 7.489320e-01
1.908000e+04 8.076895e-01
1.908100e+04 8.722935e-01
1.908200e+04 9.352385e-01
1.908300e+04 8.245505e-01
1.908400e+04 8.391255e-01
1.908500e+04 7.881910e-01
1.908600e+04 7.579790e-01
1.908700e+04 9.025740e-01
1.908800e+04 7.791545e-01
1.908900e+04 8.139170e-01
1.909000e+04 8.195200e-01
1.909100e+04 7.973620e-01
1.909200e+04 8.352715e-01
1.909300e+04 7.702605e-01
1.909400e+04 8.080595e-01
1.909500e+04 7.459855e-01
1.909600e+04 8.039160e-01
1.909700e+04 7.465890e-01
1.909800e+04 9.053695e-01
1.909900e+04 8.236550e-01
1.910000e+04 8.455005e-01
1.910100e+04 8.160970e-01
1.910200e+04 8.207600e-01
1.910300e+04 6.843505e-01
1.910400e+04 8.787020e-01
1.910500e+04 8.075200e-01
1.910600e+04 7.833865e-01
1.910700e+04 7.744610e-01
1.910800e+04 7.664140e-01
1.910900e+04 7.702320e-01
1.911000e+04 7.583160e-01
1.911100e+04 6.253175e-01
1.911200e+04 7.123570e-01
1.911300e+04 7.978770e-01
1.911400e+04 7.043310e-01
1.911500e+04 7.913150e-01
1.911600e+04 6.906940e-01
1.911700e+04 6.761450e-01
1.911800e+04 8.312830e-01
1.911900e+04 8.153570e-01
1.912000e+04 7.659460e-01
1.912100e+04 6.924325e-01
1.912200e+04 8.628810e-01
1.912300e+04 9.243540e-01
1.912400e+04 8.737560e-01
1.912500e+04 8.282025e-01
1.912600e+04 8.061635e-01
1.912700e+04 7.615900e-01
1.912800e+04 7.761140e-01
1.912900e+04 8.647910e-01
1.913000e+04 9.093770e-01
1.913100e+04 8.498240e-01
1.913200e+04 8.000760e-01
1.913300e+04 8.434420e-01
1.913400e+04 7.921710e-01
1.913500e+04 9.137890e-01
1.913600e+04 7.598150e-01
1.913700e+04 6.782105e-01
1.913800e+04 8.187950e-01
1.913900e+04 9.187010e-01
1.914000e+04 9.091790e-01
1.914100e+04 9.157955e-01
1.914200e+04 8.551465e-01
1.914300e+04 8.138440e-01
1.914400e+04 7.127420e-01
1.914500e+04 7.615245e-01
1.914600e+04 8.947715e-01
1.914700e+04 8.091390e-01
1.914800e+04 8.483380e-01
1.914900e+04 7.797015e-01
1.915000e+04 8.765470e-01
1.915100e+04 8.150090e-01
1.915200e+04 8.742885e-01
1.915300e+04 8.604215e-01
1.915400e+04 8.124205e-01
1.915500e+04 8.876735e-01
1.915600e+04 8.174310e-01
1.915700e+04 8.034370e-01
1.915800e+04 8.690040e-01
1.915900e+04 6.822745e-01
1.916000e+04 7.184365e-01
1.916100e+04 7.565375e-01
1.916200e+04 7.471375e-01
1.916300e+04 7.938880e-01
1.916400e+04 7.610845e-01
1.916500e+04 6.855490e-01
1.916600e+04 7.064050e-01
1.916700e+04 8.108260e-01
1.916800e+04 7.790625e-01
1.916900e+04 7.834490e-01
1.917000e+04 7.952805e-01
1.917100e+04 7.511330e-01
1.917200e+04 7.588525e-01
1.917300e+04 8.719790e-01
1.917400e+04 7.845155e-01
1.917500e+04 7.519615e-01
1.917600e+04 8.241340e-01
1.917700e+04 8.237375e-01
1.917800e+04 8.138960e-01
1.917900e+04 7.960850e-01
1.918000e+04 8.077765e-01
1.918100e+04 7.835670e-01
1.918200e+04 7.380070e-01
1.918300e+04 7.698985e-01
1.918400e+04 8.243725e-01
1.918500e+04 7.665200e-01
1.918600e+04 7.568230e-01
1.918700e+04 8.565785e-01
1.918800e+04 8.392785e-01
1.918900e+04 8.579410e-01
1.919000e+04 8.000690e-01
1.919100e+04 8.314295e-01
1.919200e+04 8.578075e-01
1.919300e+04 7.971805e-01
1.919400e+04 8.445745e-01
1.919500e+04 8.770910e-01
1.919600e+04 8.613295e-01
1.919700e+04 6.716160e-01
1.919800e+04 6.670755e-01
1.919900e+04 8.295555e-01
1.920000e+04 7.670330e-01
1.920100e+04 8.317275e-01
1.920200e+04 8.600885e-01
1.920300e+04 8.056920e-01
1.920400e+04 8.898235e-01
1.920500e+04 8.498955e-01
1.920600e+04 7.865920e-01
1.920700e+04 5.511820e-01
1.920800e+04 7.971015e-01
1.920900e+04 7.778915e-01
1.921000e+04 6.842270e-01
1.921100e+04 7.748255e-01
1.921200e+04 7.956170e-01
1.921300e+04 8.508220e-01
1.921400e+04 8.438285e-01
1.921500e+04 8.168895e-01
1.921600e+04 7.560915e-01
1.921700e+04 8.638370e-01
1.921800e+04 8.164920e-01
1.921900e+04 7.465800e-01
1.922000e+04 8.494435e-01
1.922100e+04 8.125845e-01
1.922200e+04 7.221620e-01
1.922300e+04 7.794615e-01
1.922400e+04 7.597695e-01
1.922500e+04 8.130475e-01
1.922600e+04 8.671350e-01
1.922700e+04 8.377855e-01
1.922800e+04 8.280555e-01
1.922900e+04 5.890520e-01
1.923000e+04 7.110680e-01
1.923100e+04 9.231790e-01
1.923200e+04 8.837515e-01
1.923300e+04 7.958900e-01
1.923400e+04 8.003275e-01
1.923500e+04 8.090930e-01
1.923600e+04 8.235435e-01
1.923700e+04 6.918275e-01
1.923800e+04 7.711460e-01
1.923900e+04 7.903855e-01
1.924000e+04 7.012800e-01
1.924100e+04 8.783800e-01
1.924200e+04 5.972730e-01
1.924300e+04 8.017165e-01
1.924400e+04 7.704015e-01
1.924500e+04 8.217400e-01
1.924600e+04 8.357615e-01
1.924700e+04 8.811050e-01
1.924800e+04 8.107805e-01
1.924900e+04 6.322350e-01
1.925000e+04 7.414030e-01
1.925100e+04 8.352815e-01
1.925200e+04 9.024155e-01
1.925300e+04 7.928250e-01
1.925400e+04 8.182170e-01
1.925500e+04 7.325790e-01
1.925600e+04 7.386505e-01
1.925700e+04 7.824880e-01
1.925800e+04 7.523555e-01
1.925900e+04 8.843200e-01
1.926000e+04 7.260775e-01
1.926100e+04 7.834400e-01
1.926200e+04 8.484900e-01
1.926300e+04 7.660870e-01
1.926400e+04 7.900560e-01
1.926500e+04 7.077545e-01
1.926600e+04 7.936070e-01
1.926700e+04 8.033570e-01
1.926800e+04 5.793015e-01
1.926900e+04 7.202680e-01
1.927000e+04 7.833805e-01
1.927100e+04 6.934750e-01
1.927200e+04 7.993585e-01
1.927300e+04 8.288810e-01
1.927400e+04 8.422565e-01
1.927500e+04 8.349275e-01
1.927600e+04 8.117180e-01
1.927700e+04 8.278325e-01
1.927800e+04 8.421390e-01
1.927900e+04 8.500460e-01
1.928000e+04 8.883655e-01
1.928100e+04 8.631480e-01
1.928200e+04 8.317900e-01
1.928300e+04 7.869590e-01
1.928400e+04 8.788415e-01
1.928500e+04 7.511675e-01
1.928600e+04 7.206545e-01
1.928700e+04 6.375375e-01
1.928800e+04 8.509750e-01
1.928900e+04 8.494430e-01
1.929000e+04 8.294040e-01
1.929100e+04 8.133985e-01
1.929200e+04 7.685145e-01
1.929300e+04 6.770365e-01
1.929400e+04 8.344740e-01
1.929500e+04 6.962745e-01
1.929600e+04 7.844910e-01
1.929700e+04 7.198055e-01
1.929800e+04 7.531505e-01
1.929900e+04 8.073360e-01
1.930000e+04 8.285540e-01
1.930100e+04 7.864305e-01
1.930200e+04 7.741195e-01
1.930300e+04 6.353755e-01
1.930400e+04 6.982660e-01
1.930500e+04 7.120990e-01
1.930600e+04 7.482445e-01
1.930700e+04 7.549530e-01
1.930800e+04 6.977360e-01
1.930900e+04 6.887070e-01
1.931000e+04 6.593040e-01
1.931100e+04 6.190680e-01
1.931200e+04 5.781025e-01
1.931300e+04 5.919155e-01
1.931400e+04 4.485907e-01
1.931500e+04 4.542173e-01
1.931600e+04 6.009310e-01
1.931700e+04 6.836960e-01
1.931800e+04 6.830370e-01
1.931900e+04 6.081460e-01
1.932000e+04 6.890590e-01
1.932100e+04 7.515380e-01
1.932200e+04 7.311020e-01
1.932300e+04 7.966370e-01
1.932400e+04 7.180095e-01
1.932500e+04 8.011595e-01
1.932600e+04 7.452140e-01
1.932700e+04 8.167010e-01
1.932800e+04 7.343125e-01
1.932900e+04 7.400510e-01
1.933000e+04 8.083690e-01
1.933100e+04 8.571445e-01
1.933200e+04 7.988010e-01
1.933300e+04 8.719695e-01
1.933400e+04 6.742650e-01
1.933500e+04 7.602275e-01
1.933600e+04 7.497960e-01
1.933700e+04 7.724820e-01
1.933800e+04 7.596850e-01
1.933900e+04 6.221940e-01
1.934000e+04 6.318775e-01
1.934100e+04 7.983280e-01
1.934200e+04 7.752630e-01
1.934300e+04 8.276895e-01
1.934400e+04 8.370475e-01
1.934500e+04 8.681130e-01
1.934600e+04 7.268370e-01
1.934700e+04 7.745485e-01
1.934800e+04 8.347515e-01
1.934900e+04 8.008965e-01
1.935000e+04 7.949865e-01
1.935100e+04 8.281820e-01
1.935200e+04 7.997435e-01
1.935300e+04 7.346125e-01
1.935400e+04 8.540115e-01
1.935500e+04 8.426095e-01
1.935600e+04 7.403970e-01
1.935700e+04 8.078455e-01
1.935800e+04 7.893865e-01
1.935900e+04 7.983445e-01
1.936000e+04 7.924055e-01
1.936100e+04 8.335335e-01
1.936200e+04 7.942460e-01
1.936300e+04 7.538135e-01
1.936400e+04 8.518325e-01
1.936500e+04 8.068895e-01
1.936600e+04 5.523565e-01
1.936700e+04 7.785450e-01
1.936800e+04 7.959485e-01
1.936900e+04 9.193085e-01
1.937000e+04 9.094010e-01
1.937100e+04 7.469205e-01
1.937200e+04 8.521095e-01
1.937300e+04 7.402135e-01
1.937400e+04 7.400480e-01
1.937500e+04 7.895260e-01
1.937600e+04 8.218570e-01
1.937700e+04 8.546750e-01
1.937800e+04 8.921780e-01
1.937900e+04 8.629925e-01
1.938000e+04 6.279780e-01
1.938100e+04 7.322120e-01
1.938200e+04 7.792835e-01
1.938300e+04 7.719140e-01
1.938400e+04 6.121165e-01
1.938500e+04 8.601815e-01
1.938600e+04 7.731030e-01
1.938700e+04 7.053810e-01
1.938800e+04 6.847640e-01
1.938900e+04 7.845215e-01
1.939000e+04 7.545570e-01
1.939100e+04 6.729365e-01
1.939200e+04 7.870915e-01
1.939300e+04 7.533115e-01
1.939400e+04 7.988330e-01
1.939500e+04 8.162590e-01
1.939600e+04 7.767630e-01
1.939700e+04 6.817175e-01
1.939800e+04 7.052820e-01
1.939900e+04 7.427980e-01
1.940000e+04 7.835585e-01
1.940100e+04 7.327830e-01
1.940200e+04 8.344025e-01
1.940300e+04 8.570800e-01
1.940400e+04 6.438750e-01
1.940500e+04 6.381600e-01
1.940600e+04 7.775175e-01
1.940700e+04 6.653910e-01
1.940800e+04 8.552950e-01
1.940900e+04 7.884500e-01
1.941000e+04 8.122650e-01
1.941100e+04 7.469930e-01
1.941200e+04 7.117025e-01
1.941300e+04 7.833235e-01
1.941400e+04 8.687130e-01
1.941500e+04 8.111045e-01
1.941600e+04 6.810280e-01
1.941700e+04 8.292985e-01
1.941800e+04 7.639190e-01
1.941900e+04 7.535835e-01
1.942000e+04 8.132355e-01
1.942100e+04 7.900020e-01
1.942200e+04 7.120750e-01
1.942300e+04 8.137030e-01
1.942400e+04 8.087935e-01
1.942500e+04 7.693255e-01
1.942600e+04 8.560365e-01
1.942700e+04 8.408935e-01
1.942800e+04 6.829550e-01
1.942900e+04 8.437145e-01
1.943000e+04 7.683035e-01
1.943100e+04 6.988710e-01
1.943200e+04 6.799725e-01
1.943300e+04 6.723505e-01
1.943400e+04 7.531000e-01
1.943500e+04 6.862655e-01
1.943600e+04 6.169560e-01
1.943700e+04 7.160820e-01
1.943800e+04 7.196685e-01
1.943900e+04 8.316090e-01
1.944000e+04 8.015810e-01
1.944100e+04 7.959165e-01
1.944200e+04 7.958480e-01
1.944300e+04 7.610345e-01
1.944400e+04 7.264400e-01
1.944500e+04 7.372910e-01
1.944600e+04 7.067990e-01
1.944700e+04 7.077520e-01
1.944800e+04 5.629460e-01
1.944900e+04 6.806285e-01
1.945000e+04 6.290120e-01
1.945100e+04 7.552575e-01
1.945200e+04 7.178025e-01
1.945300e+04 7.195950e-01
1.945400e+04 6.141725e-01
1.945500e+04 6.318795e-01
1.945600e+04 5.941520e-01
1.945700e+04 5.357705e-01
1.945800e+04 3.670560e-01
1.945900e+04 4.460178e-01
1.946000e+04 5.071455e-01
1.946100e+04 6.258505e-01
1.946200e+04 6.619010e-01
1.946300e+04 6.827955e-01
1.946400e+04 6.546000e-01
1.946500e+04 7.102735e-01
1.946600e+04 7.317280e-01
1.946700e+04 7.122325e-01
1.946800e+04 7.443425e-01
1.946900e+04 7.658545e-01
1.947000e+04 7.777305e-01
1.947100e+04 7.118205e-01
1.947200e+04 7.934325e-01
1.947300e+04 8.213695e-01
1.947400e+04 6.845055e-01
1.947500e+04 6.614205e-01
1.947600e+04 8.017305e-01
1.947700e+04 7.227475e-01
1.947800e+04 8.126215e-01
1.947900e+04 7.732465e-01
1.948000e+04 7.757005e-01
1.948100e+04 6.806690e-01
1.948200e+04 6.254850e-01
1.948300e+04 7.418070e-01
1.948400e+04 5.916255e-01
1.948500e+04 7.920385e-01
1.948600e+04 6.714245e-01
1.948700e+04 7.291690e-01
1.948800e+04 8.015990e-01
1.948900e+04 8.253755e-01
1.949000e+04 7.737365e-01
1.949100e+04 6.907530e-01
1.949200e+04 7.213340e-01
1.949300e+04 6.687980e-01
1.949400e+04 6.355700e-01
1.949500e+04 8.267780e-01
1.949600e+04 7.681065e-01
1.949700e+04 8.481450e-01
1.949800e+04 8.568315e-01
1.949900e+04 7.511995e-01
1.950000e+04 7.534580e-01
1.950100e+04 8.136020e-01
1.950200e+04 7.062270e-01
1.950300e+04 7.508890e-01
1.950400e+04 7.140190e-01
1.950500e+04 6.079215e-01
1.950600e+04 6.876180e-01
1.950700e+04 7.174030e-01
1.950800e+04 6.767385e-01
1.950900e+04 6.426910e-01
1.951000e+04 5.607890e-01
1.951100e+04 3.892339e-01
1.951200e+04 5.512180e-01
1.951300e+04 5.961165e-01
1.951400e+04 6.895670e-01
1.951500e+04 7.256965e-01
1.951600e+04 6.598510e-01
1.951700e+04 6.871095e-01
1.951800e+04 7.230000e-01
1.951900e+04 6.890580e-01
1.952000e+04 7.175030e-01
1.952100e+04 8.062370e-01
1.952200e+04 7.392765e-01
1.952300e+04 8.238115e-01
1.952400e+04 7.564100e-01
1.952500e+04 7.887495e-01
1.952600e+04 6.687320e-01
1.952700e+04 7.839790e-01
1.952800e+04 6.997150e-01
1.952900e+04 7.113085e-01
1.953000e+04 7.678235e-01
1.953100e+04 6.862160e-01
1.953200e+04 7.044045e-01
1.953300e+04 5.809215e-01
1.953400e+04 7.517490e-01
1.953500e+04 8.282515e-01
1.953600e+04 7.522880e-01
1.953700e+04 8.093840e-01
1.953800e+04 7.668505e-01
1.953900e+04 8.935780e-01
1.954000e+04 8.680345e-01
1.954100e+04 7.238775e-01
1.954200e+04 6.836490e-01
1.954300e+04 7.241015e-01
1.954400e+04 6.527810e-01
1.954500e+04 8.433820e-01
1.954600e+04 7.786955e-01
1.954700e+04 8.577920e-01
1.954800e+04 8.268710e-01
1.954900e+04 7.851855e-01
1.955000e+04 6.529125e-01
1.955100e+04 8.000335e-01
1.955200e+04 6.706710e-01
1.955300e+04 8.108585e-01
1.955400e+04 7.285355e-01
1.955500e+04 6.699020e-01
1.955600e+04 6.442595e-01
1.955700e+04 7.690395e-01
1.955800e+04 7.030090e-01
1.955900e+04 7.724245e-01
1.956000e+04 7.188890e-01
1.956100e+04 7.861370e-01
1.956200e+04 8.448320e-01
1.956300e+04 8.001620e-01
1.956400e+04 5.089210e-01
1.956500e+04 6.600335e-01
1.956600e+04 5.687275e-01
1.956700e+04 7.759520e-01
1.956800e+04 7.874330e-01
1.956900e+04 8.448825e-01
1.957000e+04 8.080350e-01
1.957100e+04 7.551250e-01
1.957200e+04 7.550450e-01
1.957300e+04 7.720395e-01
1.957400e+04 7.948250e-01
1.957500e+04 7.839345e-01
1.957600e+04 8.744725e-01
1.957700e+04 8.983000e-01
1.957800e+04 8.101745e-01
1.957900e+04 8.566705e-01
1.958000e+04 6.984235e-01
1.958100e+04 5.378140e-01
1.958200e+04 7.898515e-01
1.958300e+04 8.378685e-01
1.958400e+04 6.923280e-01
1.958500e+04 8.558385e-01
1.958600e+04 8.584105e-01
1.958700e+04 8.841045e-01
1.958800e+04 7.858975e-01
1.958900e+04 8.842940e-01
1.959000e+04 8.470810e-01
1.959100e+04 8.114575e-01
1.959200e+04 7.688100e-01
1.959300e+04 8.536715e-01
1.959400e+04 8.407785e-01
1.959500e+04 7.906320e-01
1.959600e+04 6.596195e-01
1.959700e+04 8.307260e-01
1.959800e+04 5.952875e-01
1.959900e+04 7.949660e-01
1.960000e+04 7.184270e-01
1.960100e+04 7.710300e-01
1.960200e+04 7.169245e-01
1.960300e+04 7.778615e-01
1.960400e+04 7.696625e-01
1.960500e+04 7.348385e-01
1.960600e+04 7.105980e-01
1.960700e+04 7.764960e-01
1.960800e+04 5.466930e-01
1.960900e+04 7.144040e-01
1.961000e+04 7.804405e-01
1.961100e+04 6.678655e-01
1.961200e+04 8.094475e-01
1.961300e+04 6.450350e-01
1.961400e+04 7.513325e-01
1.961500e+04 8.512900e-01
1.961600e+04 7.753595e-01
1.961700e+04 7.984015e-01
1.961800e+04 6.827370e-01
1.961900e+04 8.217335e-01
1.962000e+04 7.494160e-01
1.962100e+04 5.421040e-01
1.962200e+04 7.793655e-01
1.962300e+04 8.456220e-01
1.962400e+04 8.604190e-01
1.962500e+04 7.891185e-01
1.962600e+04 6.776250e-01
1.962700e+04 7.945695e-01
1.962800e+04 8.446315e-01
1.962900e+04 8.117180e-01
1.963000e+04 7.536500e-01
1.963100e+04 6.098685e-01
1.963200e+04 8.278255e-01
1.963300e+04 8.251150e-01
1.963400e+04 7.856305e-01
1.963500e+04 6.615980e-01
1.963600e+04 6.237170e-01
1.963700e+04 6.153370e-01
1.963800e+04 6.793035e-01
1.963900e+04 6.560015e-01
1.964000e+04 7.405105e-01
1.964100e+04 8.280680e-01
1.964200e+04 8.655710e-01
1.964300e+04 8.436690e-01
1.964400e+04 7.882385e-01
1.964500e+04 8.623725e-01
1.964600e+04 6.880075e-01
1.964700e+04 5.733425e-01
1.964800e+04 7.832970e-01
1.964900e+04 7.138055e-01
1.965000e+04 7.021245e-01
1.965100e+04 7.630020e-01
1.965200e+04 7.865920e-01
1.965300e+04 7.048005e-01
1.965400e+04 8.314755e-01
1.965500e+04 6.703505e-01
1.965600e+04 8.181070e-01
1.965700e+04 8.020030e-01
1.965800e+04 7.849060e-01
1.965900e+04 7.208235e-01
1.966000e+04 6.347580e-01
1.966100e+04 8.199925e-01
1.966200e+04 7.829725e-01
1.966300e+04 7.337170e-01
1.966400e+04 8.496750e-01
1.966500e+04 8.016040e-01
1.966600e+04 8.193040e-01
1.966700e+04 7.555705e-01
1.966800e+04 7.297995e-01
1.966900e+04 7.542515e-01
1.967000e+04 8.195715e-01
1.967100e+04 7.504025e-01
1.967200e+04 7.978960e-01
1.967300e+04 7.463455e-01
1.967400e+04 8.551390e-01
1.967500e+04 6.819080e-01
1.967600e+04 7.965355e-01
1.967700e+04 7.408410e-01
1.967800e+04 8.110125e-01
1.967900e+04 5.094025e-01
1.968000e+04 6.722315e-01
1.968100e+04 7.123250e-01
1.968200e+04 8.147530e-01
1.968300e+04 8.242305e-01
1.968400e+04 6.887415e-01
1.968500e+04 7.350420e-01
1.968600e+04 8.584675e-01
1.968700e+04 8.533120e-01
1.968800e+04 6.502375e-01
1.968900e+04 6.977110e-01
1.969000e+04 7.061175e-01
1.969100e+04 6.784345e-01
1.969200e+04 7.896800e-01
1.969300e+04 7.693525e-01
1.969400e+04 7.333870e-01
1.969500e+04 8.497380e-01
1.969600e+04 8.213340e-01
1.969700e+04 8.341095e-01
1.969800e+04 6.477100e-01
1.969900e+04 7.842310e-01
1.970000e+04 7.685115e-01
1.970100e+04 8.636100e-01
1.970200e+04 8.465860e-01
1.970300e+04 8.528845e-01
1.970400e+04 7.115790e-01
1.970500e+04 7.883495e-01
1.970600e+04 7.923330e-01
1.970700e+04 7.750860e-01
1.970800e+04 6.912640e-01
1.970900e+04 7.507850e-01
1.971000e+04 7.318435e-01
1.971100e+04 5.085470e-01
1.971200e+04 7.801535e-01
1.971300e+04 7.125505e-01
1.971400e+04 7.169850e-01
1.971500e+04 8.120415e-01
1.971600e+04 8.454130e-01
1.971700e+04 7.768500e-01
1.971800e+04 6.575895e-01
1.971900e+04 6.601020e-01
1.972000e+04 7.384120e-01
1.972100e+04 7.462350e-01
1.972200e+04 7.722835e-01
1.972300e+04 7.413605e-01
1.972400e+04 7.858525e-01
1.972500e+04 8.391250e-01
1.972600e+04 8.218340e-01
1.972700e+04 8.289975e-01
1.972800e+04 8.069970e-01
1.972900e+04 6.630015e-01
1.973000e+04 7.192325e-01
1.973100e+04 6.847255e-01
1.973200e+04 6.395875e-01
1.973300e+04 6.226100e-01
1.973400e+04 7.179450e-01
1.973500e+04 7.429780e-01
1.973600e+04 7.964840e-01
1.973700e+04 7.791755e-01
1.973800e+04 7.734185e-01
1.973900e+04 7.095075e-01
1.974000e+04 6.290345e-01
1.974100e+04 7.633765e-01
1.974200e+04 5.772280e-01
1.974300e+04 7.675920e-01
1.974400e+04 7.836920e-01
1.974500e+04 8.140890e-01
1.974600e+04 6.927960e-01
1.974700e+04 6.561650e-01
1.974800e+04 8.430125e-01
1.974900e+04 8.155810e-01
1.975000e+04 8.157095e-01
1.975100e+04 6.788450e-01
1.975200e+04 7.079740e-01
1.975300e+04 7.443005e-01
1.975400e+04 6.897570e-01
1.975500e+04 6.799460e-01
1.975600e+04 6.256170e-01
1.975700e+04 6.099950e-01
1.975800e+04 6.741895e-01
1.975900e+04 5.997320e-01
1.976000e+04 5.947445e-01
1.976100e+04 6.082235e-01
1.976200e+04 6.628150e-01
1.976300e+04 7.447930e-01
1.976400e+04 7.522645e-01
1.976500e+04 5.177985e-01
1.976600e+04 6.662215e-01
1.976700e+04 6.734480e-01
1.976800e+04 6.740565e-01
1.976900e+04 7.344875e-01
1.977000e+04 7.551375e-01
1.977100e+04 7.009300e-01
1.977200e+04 7.074950e-01
1.977300e+04 6.136865e-01
1.977400e+04 6.250020e-01
1.977500e+04 6.381455e-01
1.977600e+04 6.499125e-01
1.977700e+04 6.340435e-01
1.977800e+04 6.228365e-01
1.977900e+04 5.188395e-01
1.978000e+04 5.235205e-01
1.978100e+04 4.726561e-01
1.978200e+04 3.313694e-01
1.978300e+04 4.379742e-01
1.978400e+04 5.164660e-01
1.978500e+04 5.753035e-01
1.978600e+04 5.914635e-01
1.978700e+04 5.772215e-01
1.978800e+04 5.735195e-01
1.978900e+04 6.837895e-01
1.979000e+04 6.865625e-01
1.979100e+04 6.923225e-01
1.979200e+04 6.237865e-01
1.979300e+04 7.232335e-01
1.979400e+04 7.379000e-01
1.979500e+04 6.257945e-01
1.979600e+04 6.495410e-01
1.979700e+04 5.925295e-01
1.979800e+04 7.491250e-01
1.979900e+04 6.639915e-01
1.980000e+04 7.150665e-01
1.980100e+04 7.469070e-01
1.980200e+04 6.865115e-01
1.980300e+04 5.721005e-01
1.980400e+04 6.201510e-01
1.980500e+04 6.566190e-01
1.980600e+04 7.128290e-01
1.980700e+04 6.468405e-01
1.980800e+04 7.133910e-01
1.980900e+04 7.745005e-01
1.981000e+04 6.907065e-01
1.981100e+04 7.000620e-01
1.981200e+04 6.715995e-01
1.981300e+04 7.474660e-01
1.981400e+04 8.139935e-01
1.981500e+04 5.861035e-01
1.981600e+04 7.194565e-01
1.981700e+04 7.842860e-01
1.981800e+04 7.178735e-01
1.981900e+04 5.885180e-01
1.982000e+04 6.732565e-01
1.982100e+04 7.291765e-01
1.982200e+04 7.626855e-01
1.982300e+04 8.156390e-01
1.982400e+04 5.842880e-01
1.982500e+04 6.532725e-01
1.982600e+04 6.615845e-01
1.982700e+04 6.148155e-01
1.982800e+04 7.094515e-01
1.982900e+04 6.225230e-01
1.983000e+04 7.750695e-01
1.983100e+04 7.343575e-01
1.983200e+04 7.804330e-01
1.983300e+04 6.803160e-01
1.983400e+04 7.988580e-01
1.983500e+04 7.182735e-01
1.983600e+04 7.043200e-01
1.983700e+04 8.117355e-01
1.983800e+04 7.489410e-01
1.983900e+04 5.804050e-01
1.984000e+04 6.307800e-01
1.984100e+04 6.141955e-01
1.984200e+04 7.984610e-01
1.984300e+04 7.450865e-01
1.984400e+04 7.252805e-01
1.984500e+04 7.561775e-01
1.984600e+04 7.880360e-01
1.984700e+04 7.441450e-01
1.984800e+04 6.439435e-01
1.984900e+04 6.156890e-01
1.985000e+04 6.672955e-01
1.985100e+04 6.997845e-01
1.985200e+04 7.408620e-01
1.985300e+04 7.636475e-01
1.985400e+04 6.283975e-01
1.985500e+04 7.032105e-01
1.985600e+04 6.734770e-01
1.985700e+04 6.018575e-01
1.985800e+04 6.097000e-01
1.985900e+04 5.639430e-01
1.986000e+04 6.352455e-01
1.986100e+04 6.080940e-01
1.986200e+04 6.850320e-01
1.986300e+04 6.145610e-01
1.986400e+04 6.271290e-01
1.986500e+04 6.624330e-01
1.986600e+04 5.687650e-01
1.986700e+04 4.693669e-01
1.986800e+04 4.090629e-01
1.986900e+04 5.785715e-01
1.987000e+04 6.428875e-01
1.987100e+04 6.563405e-01
1.987200e+04 6.628590e-01
1.987300e+04 6.904105e-01
1.987400e+04 6.751840e-01
1.987500e+04 6.384820e-01
1.987600e+04 7.331840e-01
1.987700e+04 7.580740e-01
1.987800e+04 7.038075e-01
1.987900e+04 7.675320e-01
1.988000e+04 7.488445e-01
1.988100e+04 6.076015e-01
1.988200e+04 6.380790e-01
1.988300e+04 7.282215e-01
1.988400e+04 6.205065e-01
1.988500e+04 7.683050e-01
1.988600e+04 7.278505e-01
1.988700e+04 7.542760e-01
1.988800e+04 7.955420e-01
1.988900e+04 7.772065e-01
1.989000e+04 6.663495e-01
1.989100e+04 6.105885e-01
1.989200e+04 7.009650e-01
1.989300e+04 7.437885e-01
1.989400e+04 8.234255e-01
1.989500e+04 5.976125e-01
1.989600e+04 7.002140e-01
1.989700e+04 7.150435e-01
1.989800e+04 5.848765e-01
1.989900e+04 7.745685e-01
1.990000e+04 6.514120e-01
1.990100e+04 6.915940e-01
1.990200e+04 6.598940e-01
1.990300e+04 6.715535e-01
1.990400e+04 6.815870e-01
1.990500e+04 5.913970e-01
1.990600e+04 7.637890e-01
1.990700e+04 7.749105e-01
1.990800e+04 5.886655e-01
1.990900e+04 7.305020e-01
1.991000e+04 6.612635e-01
1.991100e+04 7.366540e-01
1.991200e+04 6.888130e-01
1.991300e+04 7.682150e-01
1.991400e+04 7.306045e-01
1.991500e+04 7.246970e-01
1.991600e+04 6.465270e-01
1.991700e+04 6.165330e-01
1.991800e+04 5.737610e-01
1.991900e+04 6.802035e-01
1.992000e+04 7.271240e-01
1.992100e+04 6.062535e-01
1.992200e+04 5.761980e-01
1.992300e+04 5.284400e-01
1.992400e+04 6.553670e-01
1.992500e+04 6.714930e-01
1.992600e+04 7.293180e-01
1.992700e+04 8.053855e-01
1.992800e+04 7.258760e-01
1.992900e+04 6.445955e-01
1.993000e+04 8.108145e-01
1.993100e+04 7.757605e-01
1.993200e+04 6.077945e-01
1.993300e+04 6.217285e-01
1.993400e+04 6.993485e-01
1.993500e+04 6.842975e-01
1.993600e+04 7.473250e-01
1.993700e+04 7.181920e-01
1.993800e+04 7.152440e-01
1.993900e+04 5.852305e-01
1.994000e+04 6.567685e-01
1.994100e+04 5.865460e-01
1.994200e+04 7.638260e-01
1.994300e+04 6.336260e-01
1.994400e+04 6.412105e-01
1.994500e+04 7.731750e-01
1.994600e+04 7.984440e-01
1.994700e+04 5.934040e-01
1.994800e+04 7.335005e-01
1.994900e+04 7.710720e-01
1.995000e+04 5.511360e-01
1.995100e+04 7.569975e-01
1.995200e+04 7.239995e-01
1.995300e+04 6.229175e-01
1.995400e+04 6.375395e-01
1.995500e+04 6.816870e-01
1.995600e+04 6.533240e-01
1.995700e+04 6.743940e-01
1.995800e+04 7.124155e-01
1.995900e+04 7.958825e-01
1.996000e+04 7.310950e-01
1.996100e+04 8.064625e-01
1.996200e+04 7.780045e-01
1.996300e+04 7.109190e-01
1.996400e+04 7.148800e-01
1.996500e+04 7.216675e-01
1.996600e+04 6.315710e-01
1.996700e+04 6.442365e-01
1.996800e+04 6.916720e-01
1.996900e+04 7.828875e-01
1.997000e+04 6.835860e-01
1.997100e+04 6.905420e-01
1.997200e+04 5.666265e-01
1.997300e+04 6.310235e-01
1.997400e+04 6.777085e-01
1.997500e+04 7.485230e-01
1.997600e+04 6.065660e-01
1.997700e+04 5.521810e-01
1.997800e+04 6.261340e-01
1.997900e+04 6.559565e-01
1.998000e+04 6.549260e-01
1.998100e+04 8.102880e-01
1.998200e+04 7.294010e-01
1.998300e+04 6.822475e-01
1.998400e+04 7.338085e-01
1.998500e+04 6.841855e-01
1.998600e+04 6.317185e-01
1.998700e+04 7.351955e-01
1.998800e+04 7.703325e-01
1.998900e+04 7.421400e-01
1.999000e+04 7.843315e-01
1.999100e+04 7.117310e-01
1.999200e+04 7.007165e-01
1.999300e+04 6.903665e-01
1.999400e+04 7.040075e-01
1.999500e+04 6.781040e-01
1.999600e+04 6.073230e-01
1.999700e+04 7.872910e-01
1.999800e+04 7.881680e-01
1.999900e+04 6.303085e-01
2.000000e+04 4.979969e-01
2.000100e+04 5.043170e-01
2.000200e+04 7.422405e-01
2.000300e+04 7.620145e-01
2.000400e+04 7.179020e-01
2.000500e+04 7.319515e-01
2.000600e+04 6.719425e-01
2.000700e+04 8.245355e-01
2.000800e+04 7.000135e-01
2.000900e+04 6.931395e-01
2.001000e+04 5.842020e-01
2.001100e+04 7.009580e-01
2.001200e+04 6.989400e-01
2.001300e+04 6.998910e-01
2.001400e+04 7.724600e-01
2.001500e+04 7.111495e-01
2.001600e+04 6.783275e-01
2.001700e+04 7.325540e-01
2.001800e+04 8.217520e-01
2.001900e+04 5.770760e-01
2.002000e+04 7.301135e-01
2.002100e+04 7.703710e-01
2.002200e+04 6.557875e-01
2.002300e+04 6.003240e-01
2.002400e+04 6.261940e-01
2.002500e+04 6.225735e-01
2.002600e+04 7.627000e-01
2.002700e+04 7.040585e-01
2.002800e+04 7.668375e-01
2.002900e+04 8.002650e-01
2.003000e+04 7.006250e-01
2.003100e+04 8.088080e-01
2.003200e+04 7.574805e-01
2.003300e+04 7.018145e-01
2.003400e+04 5.317570e-01
2.003500e+04 7.684900e-01
2.003600e+04 7.718175e-01
2.003700e+04 7.196700e-01
2.003800e+04 7.561600e-01
2.003900e+04 6.845345e-01
2.004000e+04 6.671905e-01
2.004100e+04 7.046500e-01
2.004200e+04 6.909985e-01
2.004300e+04 5.872505e-01
2.004400e+04 6.882760e-01
2.004500e+04 7.864890e-01
2.004600e+04 7.953330e-01
2.004700e+04 6.379975e-01
2.004800e+04 6.687865e-01
2.004900e+04 7.260390e-01
2.005000e+04 6.561725e-01
2.005100e+04 6.660670e-01
2.005200e+04 7.000655e-01
2.005300e+04 7.556885e-01
2.005400e+04 7.016225e-01
2.005500e+04 7.747165e-01
2.005600e+04 6.548970e-01
2.005700e+04 7.223410e-01
2.005800e+04 6.418755e-01
2.005900e+04 6.679505e-01
2.006000e+04 7.848760e-01
2.006100e+04 8.087355e-01
2.006200e+04 7.563775e-01
2.006300e+04 5.832075e-01
2.006400e+04 5.622140e-01
2.006500e+04 7.751625e-01
2.006600e+04 6.322935e-01
2.006700e+04 7.697305e-01
2.006800e+04 6.035935e-01
2.006900e+04 7.660480e-01
2.007000e+04 7.211050e-01
2.007100e+04 6.238490e-01
2.007200e+04 6.789760e-01
2.007300e+04 6.334450e-01
2.007400e+04 7.280555e-01
2.007500e+04 7.228675e-01
2.007600e+04 8.191925e-01
2.007700e+04 6.451300e-01
2.007800e+04 8.137800e-01
2.007900e+04 6.759625e-01
2.008000e+04 7.473510e-01
2.008100e+04 7.585885e-01
2.008200e+04 7.346965e-01
2.008300e+04 7.520765e-01
2.008400e+04 8.246365e-01
2.008500e+04 6.365215e-01
2.008600e+04 6.042090e-01
2.008700e+04 5.242790e-01
2.008800e+04 5.999835e-01
2.008900e+04 7.004555e-01
2.009000e+04 7.082280e-01
2.009100e+04 7.051535e-01
2.009200e+04 7.923515e-01
2.009300e+04 5.724720e-01
2.009400e+04 5.476655e-01
2.009500e+04 7.854430e-01
2.009600e+04 7.294225e-01
2.009700e+04 6.118220e-01
2.009800e+04 6.879235e-01
2.009900e+04 6.810650e-01
2.010000e+04 7.662285e-01
2.010100e+04 7.452340e-01
2.010200e+04 6.936060e-01
2.010300e+04 5.263870e-01
2.010400e+04 7.554995e-01
2.010500e+04 7.746885e-01
2.010600e+04 6.829210e-01
2.010700e+04 6.330355e-01
2.010800e+04 5.260340e-01
2.010900e+04 6.081035e-01
2.011000e+04 7.299720e-01
2.011100e+04 7.826145e-01
2.011200e+04 6.497085e-01
2.011300e+04 6.333280e-01
2.011400e+04 6.444175e-01
2.011500e+04 6.386195e-01
2.011600e+04 7.771550e-01
2.011700e+04 7.166175e-01
2.011800e+04 6.411705e-01
2.011900e+04 7.306990e-01
2.012000e+04 7.113660e-01
2.012100e+04 8.275005e-01
2.012200e+04 6.822170e-01
2.012300e+04 5.644830e-01
2.012400e+04 6.455645e-01
2.012500e+04 6.787450e-01
2.012600e+04 6.478625e-01
2.012700e+04 6.723285e-01
2.012800e+04 7.031480e-01
2.012900e+04 7.951805e-01
2.013000e+04 6.875640e-01
2.013100e+04 6.813965e-01
2.013200e+04 7.855590e-01
2.013300e+04 5.487535e-01
2.013400e+04 7.523555e-01
2.013500e+04 6.572810e-01
2.013600e+04 7.997495e-01
2.013700e+04 6.295560e-01
2.013800e+04 5.174730e-01
2.013900e+04 6.825080e-01
2.014000e+04 5.814270e-01
2.014100e+04 7.497095e-01
2.014200e+04 7.774270e-01
2.014300e+04 8.216120e-01
2.014400e+04 6.640010e-01
2.014500e+04 6.666400e-01
2.014600e+04 5.566345e-01
2.014700e+04 7.907400e-01
2.014800e+04 7.278540e-01
2.014900e+04 7.685460e-01
2.015000e+04 7.489880e-01
2.015100e+04 7.335700e-01
2.015200e+04 7.939075e-01
2.015300e+04 5.887330e-01
2.015400e+04 6.429205e-01
2.015500e+04 6.244125e-01
2.015600e+04 5.994900e-01
2.015700e+04 7.641435e-01
2.015800e+04 6.849585e-01
2.015900e+04 7.522800e-01
2.016000e+04 7.163600e-01
2.016100e+04 5.790230e-01
2.016200e+04 6.057060e-01
2.016300e+04 6.456045e-01
2.016400e+04 7.630885e-01
2.016500e+04 7.185145e-01
2.016600e+04 5.355815e-01
2.016700e+04 6.437275e-01
2.016800e+04 7.246435e-01
2.016900e+04 7.830570e-01
2.017000e+04 7.366525e-01
2.017100e+04 5.626590e-01
2.017200e+04 5.858710e-01
2.017300e+04 6.303640e-01
2.017400e+04 7.648835e-01
2.017500e+04 6.936170e-01
2.017600e+04 7.516040e-01
2.017700e+04 7.357395e-01
2.017800e+04 7.748480e-01
2.017900e+04 6.324365e-01
2.018000e+04 6.101240e-01
2.018100e+04 7.118165e-01
2.018200e+04 7.419530e-01
2.018300e+04 7.447680e-01
2.018400e+04 6.280545e-01
2.018500e+04 6.816540e-01
2.018600e+04 7.183400e-01
2.018700e+04 7.110245e-01
2.018800e+04 5.923870e-01
2.018900e+04 6.839725e-01
2.019000e+04 6.464850e-01
2.019100e+04 7.165965e-01
2.019200e+04 7.672655e-01
2.019300e+04 6.963705e-01
2.019400e+04 6.012045e-01
2.019500e+04 7.303030e-01
2.019600e+04 6.259980e-01
2.019700e+04 5.092935e-01
2.019800e+04 6.001190e-01
2.019900e+04 6.134425e-01
2.020000e+04 5.679455e-01
2.020100e+04 7.471560e-01
2.020200e+04 6.465210e-01
2.020300e+04 5.982035e-01
2.020400e+04 6.368060e-01
2.020500e+04 6.149475e-01
2.020600e+04 5.874875e-01
2.020700e+04 6.490870e-01
2.020800e+04 7.384905e-01
2.020900e+04 7.698270e-01
2.021000e+04 7.081385e-01
2.021100e+04 7.121435e-01
2.021200e+04 8.049695e-01
2.021300e+04 7.476095e-01
2.021400e+04 7.433595e-01
2.021500e+04 7.368980e-01
2.021600e+04 6.681920e-01
2.021700e+04 7.331400e-01
2.021800e+04 7.135735e-01
2.021900e+04 6.664180e-01
2.022000e+04 6.550930e-01
2.022100e+04 6.797715e-01
2.022200e+04 7.237650e-01
2.022300e+04 7.315270e-01
2.022400e+04 5.047400e-01
2.022500e+04 7.260360e-01
2.022600e+04 7.814395e-01
2.022700e+04 6.671325e-01
2.022800e+04 6.411890e-01
2.022900e+04 6.350580e-01
2.023000e+04 7.131740e-01
2.023100e+04 7.363405e-01
2.023200e+04 6.830615e-01
2.023300e+04 6.633595e-01
2.023400e+04 6.498250e-01
2.023500e+04 6.284065e-01
2.023600e+04 7.928465e-01
2.023700e+04 6.418600e-01
2.023800e+04 7.479125e-01
2.023900e+04 6.565925e-01
2.024000e+04 7.728510e-01
2.024100e+04 8.148955e-01
2.024200e+04 7.879190e-01
2.024300e+04 6.427990e-01
2.024400e+04 7.459075e-01
2.024500e+04 5.425310e-01
2.024600e+04 6.958300e-01
2.024700e+04 6.779635e-01
2.024800e+04 7.367080e-01
2.024900e+04 7.095210e-01
2.025000e+04 6.296715e-01
2.025100e+04 7.387930e-01
2.025200e+04 7.431335e-01
2.025300e+04 7.283930e-01
2.025400e+04 6.456745e-01
2.025500e+04 6.866010e-01
2.025600e+04 5.929145e-01
2.025700e+04 6.291535e-01
2.025800e+04 7.134375e-01
2.025900e+04 6.033380e-01
2.026000e+04 6.580740e-01
2.026100e+04 5.420010e-01
2.026200e+04 7.248220e-01
2.026300e+04 7.152870e-01
2.026400e+04 6.346475e-01
2.026500e+04 6.651140e-01
2.026600e+04 7.158635e-01
2.026700e+04 6.354085e-01
2.026800e+04 6.150940e-01
2.026900e+04 6.981540e-01
2.027000e+04 5.882830e-01
2.027100e+04 5.787800e-01
2.027200e+04 6.672640e-01
2.027300e+04 7.736395e-01
2.027400e+04 7.087200e-01
2.027500e+04 6.544850e-01
2.027600e+04 6.737630e-01
2.027700e+04 7.307900e-01
2.027800e+04 6.378550e-01
2.027900e+04 5.926365e-01
2.028000e+04 5.290450e-01
2.028100e+04 7.178445e-01
2.028200e+04 6.602785e-01
2.028300e+04 7.416040e-01
2.028400e+04 8.082330e-01
2.028500e+04 7.302030e-01
2.028600e+04 6.878590e-01
2.028700e+04 6.204650e-01
2.028800e+04 5.950630e-01
2.028900e+04 6.931760e-01
2.029000e+04 7.093125e-01
2.029100e+04 5.371325e-01
2.029200e+04 5.274590e-01
2.029300e+04 6.719715e-01
2.029400e+04 4.747378e-01
2.029500e+04 6.584745e-01
2.029600e+04 8.016845e-01
2.029700e+04 7.675630e-01
2.029800e+04 6.487110e-01
2.029900e+04 7.440465e-01
2.030000e+04 7.139590e-01
2.030100e+04 7.106960e-01
2.030200e+04 6.481860e-01
2.030300e+04 7.653110e-01
2.030400e+04 6.301770e-01
2.030500e+04 7.508395e-01
2.030600e+04 5.593435e-01
2.030700e+04 7.377180e-01
2.030800e+04 6.183875e-01
2.030900e+04 5.142125e-01
2.031000e+04 7.279680e-01
2.031100e+04 5.838450e-01
2.031200e+04 5.433845e-01
2.031300e+04 6.637210e-01
2.031400e+04 7.090970e-01
2.031500e+04 7.706720e-01
2.031600e+04 7.888855e-01
2.031700e+04 7.038985e-01
2.031800e+04 7.718210e-01
2.031900e+04 6.266875e-01
2.032000e+04 6.835550e-01
2.032100e+04 7.518765e-01
2.032200e+04 7.606710e-01
2.032300e+04 7.753460e-01
2.032400e+04 5.915620e-01
2.032500e+04 7.319840e-01
2.032600e+04 7.275795e-01
2.032700e+04 6.962185e-01
2.032800e+04 6.671260e-01
2.032900e+04 6.350180e-01
2.033000e+04 7.168485e-01
2.033100e+04 6.828680e-01
2.033200e+04 6.688925e-01
2.033300e+04 6.904270e-01
2.033400e+04 6.600500e-01
2.033500e+04 7.137470e-01
2.033600e+04 7.085000e-01
2.033700e+04 6.308675e-01
2.033800e+04 7.051045e-01
2.033900e+04 6.860745e-01
2.034000e+04 6.541385e-01
2.034100e+04 7.184685e-01
2.034200e+04 6.246260e-01
2.034300e+04 6.664260e-01
2.034400e+04 7.181760e-01
2.034500e+04 7.334755e-01
2.034600e+04 7.841375e-01
2.034700e+04 5.348285e-01
2.034800e+04 6.084210e-01
2.034900e+04 7.085680e-01
2.035000e+04 6.930550e-01
2.035100e+04 6.753510e-01
2.035200e+04 7.444165e-01
2.035300e+04 5.985750e-01
2.035400e+04 7.678020e-01
2.035500e+04 6.546305e-01
2.035600e+04 5.518365e-01
2.035700e+04 6.109860e-01
2.035800e+04 4.689470e-01
2.035900e+04 6.065385e-01
2.036000e+04 7.263350e-01
2.036100e+04 7.296460e-01
2.036200e+04 6.180645e-01
2.036300e+04 6.440900e-01
2.036400e+04 5.675345e-01
2.036500e+04 6.800425e-01
2.036600e+04 6.910970e-01
2.036700e+04 7.759905e-01
2.036800e+04 8.037385e-01
2.036900e+04 6.694375e-01
2.037000e+04 6.633960e-01
2.037100e+04 6.815790e-01
2.037200e+04 7.527945e-01
2.037300e+04 6.241020e-01
2.037400e+04 6.395635e-01
2.037500e+04 7.081185e-01
2.037600e+04 6.308875e-01
2.037700e+04 7.638670e-01
2.037800e+04 6.529810e-01
2.037900e+04 7.343535e-01
2.038000e+04 7.324320e-01
2.038100e+04 7.795775e-01
2.038200e+04 7.301440e-01
2.038300e+04 5.038065e-01
2.038400e+04 6.586335e-01
2.038500e+04 7.173980e-01
2.038600e+04 6.806540e-01
2.038700e+04 5.308665e-01
2.038800e+04 6.652870e-01
2.038900e+04 7.607780e-01
2.039000e+04 7.608650e-01
2.039100e+04 6.182645e-01
2.039200e+04 6.173880e-01
2.039300e+04 7.137410e-01
2.039400e+04 5.985845e-01
2.039500e+04 5.011645e-01
2.039600e+04 6.892290e-01
2.039700e+04 6.545095e-01
2.039800e+04 7.018390e-01
2.039900e+04 6.818340e-01
2.040000e+04 6.607825e-01
2.040100e+04 7.477775e-01
2.040200e+04 6.973465e-01
2.040300e+04 6.893325e-01
2.040400e+04 6.052680e-01
2.040500e+04 6.261285e-01
2.040600e+04 6.704600e-01
2.040700e+04 6.462800e-01
2.040800e+04 6.701315e-01
2.040900e+04 7.400890e-01
2.041000e+04 6.356900e-01
2.041100e+04 6.948000e-01
2.041200e+04 6.450755e-01
2.041300e+04 6.337740e-01
2.041400e+04 5.128210e-01
2.041500e+04 6.004740e-01
2.041600e+04 7.398575e-01
2.041700e+04 7.561845e-01
2.041800e+04 7.508465e-01
2.041900e+04 6.934585e-01
2.042000e+04 6.393165e-01
2.042100e+04 6.644055e-01
2.042200e+04 6.682215e-01
2.042300e+04 6.162375e-01
2.042400e+04 7.361555e-01
2.042500e+04 6.432550e-01
2.042600e+04 6.851195e-01
2.042700e+04 7.756865e-01
2.042800e+04 7.063900e-01
2.042900e+04 7.396385e-01
2.043000e+04 7.619730e-01
2.043100e+04 7.257075e-01
2.043200e+04 7.720705e-01
2.043300e+04 7.306305e-01
2.043400e+04 6.591040e-01
2.043500e+04 6.350025e-01
2.043600e+04 5.383295e-01
2.043700e+04 6.185405e-01
2.043800e+04 7.145615e-01
2.043900e+04 6.449295e-01
2.044000e+04 5.777100e-01
2.044100e+04 6.524410e-01
2.044200e+04 6.305575e-01
2.044300e+04 7.535525e-01
2.044400e+04 6.001430e-01
2.044500e+04 5.469920e-01
2.044600e+04 6.414745e-01
2.044700e+04 6.483920e-01
2.044800e+04 6.183865e-01
2.044900e+04 7.187235e-01
2.045000e+04 5.432590e-01
2.045100e+04 5.589255e-01
2.045200e+04 7.334420e-01
2.045300e+04 5.421570e-01
2.045400e+04 6.631065e-01
2.045500e+04 6.570350e-01
2.045600e+04 7.700835e-01
2.045700e+04 5.734320e-01
2.045800e+04 6.221450e-01
2.045900e+04 6.670875e-01
2.046000e+04 6.882790e-01
2.046100e+04 5.648370e-01
2.046200e+04 7.237510e-01
2.046300e+04 6.419225e-01
2.046400e+04 6.366330e-01
2.046500e+04 7.755600e-01
2.046600e+04 7.563240e-01
2.046700e+04 7.131270e-01
2.046800e+04 7.011260e-01
2.046900e+04 6.715695e-01
2.047000e+04 5.882405e-01
2.047100e+04 6.594605e-01
2.047200e+04 5.854845e-01
2.047300e+04 7.322565e-01
2.047400e+04 6.324855e-01
2.047500e+04 6.990735e-01
2.047600e+04 7.483090e-01
2.047700e+04 6.519640e-01
2.047800e+04 6.839720e-01
2.047900e+04 7.140740e-01
2.048000e+04 7.831190e-01
2.048100e+04 7.081355e-01
2.048200e+04 6.328530e-01
2.048300e+04 6.945760e-01
2.048400e+04 5.279630e-01
2.048500e+04 7.394905e-01
2.048600e+04 6.649765e-01
2.048700e+04 6.780045e-01
2.048800e+04 6.317210e-01
2.048900e+04 5.780630e-01
2.049000e+04 6.633505e-01
2.049100e+04 5.522375e-01
2.049200e+04 6.261010e-01
2.049300e+04 7.000945e-01
2.049400e+04 5.798995e-01
2.049500e+04 5.850545e-01
2.049600e+04 7.462700e-01
2.049700e+04 6.943855e-01
2.049800e+04 6.115015e-01
2.049900e+04 5.197945e-01
2.050000e+04 6.062555e-01
2.050100e+04 6.308675e-01
2.050200e+04 6.834500e-01
2.050300e+04 7.109380e-01
2.050400e+04 6.264080e-01
2.050500e+04 6.725405e-01
2.050600e+04 7.007815e-01
2.050700e+04 6.829845e-01
2.050800e+04 7.115260e-01
2.050900e+04 7.196080e-01
2.051000e+04 6.529500e-01
2.051100e+04 6.967615e-01
2.051200e+04 7.592510e-01
2.051300e+04 6.541230e-01
2.051400e+04 7.083000e-01
2.051500e+04 6.470160e-01
2.051600e+04 6.755415e-01
2.051700e+04 7.001655e-01
2.051800e+04 6.589485e-01
2.051900e+04 6.078340e-01
2.052000e+04 7.266790e-01
2.052100e+04 7.272355e-01
2.052200e+04 6.292640e-01
2.052300e+04 5.935855e-01
2.052400e+04 6.835185e-01
2.052500e+04 5.574445e-01
2.052600e+04 7.345830e-01
2.052700e+04 7.413680e-01
2.052800e+04 6.622560e-01
2.052900e+04 6.883240e-01
2.053000e+04 7.047410e-01
2.053100e+04 7.566275e-01
2.053200e+04 6.163960e-01
2.053300e+04 7.208695e-01
2.053400e+04 7.022630e-01
2.053500e+04 6.799820e-01
2.053600e+04 6.503395e-01
2.053700e+04 6.894640e-01
2.053800e+04 6.529225e-01
2.053900e+04 5.714630e-01
2.054000e+04 6.768500e-01
2.054100e+04 6.984635e-01
2.054200e+04 6.929935e-01
2.054300e+04 5.502660e-01
2.054400e+04 5.012850e-01
2.054500e+04 5.491990e-01
2.054600e+04 6.067585e-01
2.054700e+04 5.690095e-01
2.054800e+04 6.127545e-01
2.054900e+04 6.810465e-01
2.055000e+04 7.547490e-01
2.055100e+04 7.184960e-01
2.055200e+04 6.293935e-01
2.055300e+04 7.756835e-01
2.055400e+04 6.872305e-01
2.055500e+04 6.011175e-01
2.055600e+04 6.678365e-01
2.055700e+04 6.530585e-01
2.055800e+04 6.257835e-01
2.055900e+04 7.147525e-01
2.056000e+04 4.769570e-01
2.056100e+04 6.278530e-01
2.056200e+04 6.904100e-01
2.056300e+04 6.381270e-01
2.056400e+04 6.729520e-01
2.056500e+04 7.281890e-01
2.056600e+04 6.692870e-01
2.056700e+04 7.200230e-01
2.056800e+04 7.184390e-01
2.056900e+04 7.114675e-01
2.057000e+04 5.855645e-01
2.057100e+04 6.357090e-01
2.057200e+04 6.489930e-01
2.057300e+04 6.508675e-01
2.057400e+04 6.847980e-01
2.057500e+04 7.068350e-01
2.057600e+04 6.903275e-01
2.057700e+04 5.415030e-01
2.057800e+04 7.320460e-01
2.057900e+04 6.675875e-01
2.058000e+04 7.014880e-01
2.058100e+04 5.940265e-01
2.058200e+04 7.354660e-01
2.058300e+04 7.195330e-01
2.058400e+04 7.301185e-01
2.058500e+04 7.330125e-01
2.058600e+04 6.819270e-01
2.058700e+04 7.326435e-01
2.058800e+04 6.640890e-01
2.058900e+04 6.746650e-01
2.059000e+04 6.250380e-01
2.059100e+04 5.875010e-01
2.059200e+04 6.281470e-01
2.059300e+04 6.675520e-01
2.059400e+04 7.017850e-01
2.059500e+04 6.545960e-01
2.059600e+04 6.802340e-01
2.059700e+04 6.746945e-01
2.059800e+04 7.725150e-01
2.059900e+04 6.027255e-01
2.060000e+04 6.713915e-01
2.060100e+04 6.572780e-01
2.060200e+04 7.243055e-01
2.060300e+04 7.029705e-01
2.060400e+04 6.982790e-01
2.060500e+04 6.084790e-01
2.060600e+04 5.623290e-01
2.060700e+04 6.480200e-01
2.060800e+04 6.197150e-01
2.060900e+04 6.414130e-01
2.061000e+04 6.385405e-01
2.061100e+04 6.959305e-01
2.061200e+04 5.818025e-01
2.061300e+04 5.667730e-01
2.061400e+04 6.538150e-01
2.061500e+04 7.350410e-01
2.061600e+04 7.181875e-01
2.061700e+04 6.375540e-01
2.061800e+04 7.175865e-01
2.061900e+04 7.458270e-01
2.062000e+04 6.500585e-01
2.062100e+04 5.568215e-01
2.062200e+04 5.694565e-01
2.062300e+04 5.727825e-01
2.062400e+04 6.805190e-01
2.062500e+04 7.004360e-01
2.062600e+04 6.959830e-01
2.062700e+04 6.836420e-01
2.062800e+04 6.443125e-01
2.062900e+04 7.205305e-01
2.063000e+04 7.038000e-01
2.063100e+04 5.254295e-01
2.063200e+04 5.859150e-01
2.063300e+04 6.993675e-01
2.063400e+04 6.739300e-01
2.063500e+04 6.584765e-01
2.063600e+04 6.701145e-01
2.063700e+04 6.672970e-01
2.063800e+04 6.279440e-01
2.063900e+04 5.454315e-01
2.064000e+04 6.077055e-01
2.064100e+04 5.616725e-01
2.064200e+04 5.174965e-01
2.064300e+04 5.571875e-01
2.064400e+04 6.882615e-01
2.064500e+04 7.122015e-01
2.064600e+04 6.765360e-01
2.064700e+04 6.734945e-01
2.064800e+04 6.008170e-01
2.064900e+04 6.280225e-01
2.065000e+04 6.262455e-01
2.065100e+04 6.428655e-01
2.065200e+04 6.199710e-01
2.065300e+04 6.885640e-01
2.065400e+04 6.937490e-01
2.065500e+04 6.330735e-01
2.065600e+04 5.914740e-01
2.065700e+04 6.543170e-01
2.065800e+04 6.582185e-01
2.065900e+04 6.188100e-01
2.066000e+04 6.153820e-01
2.066100e+04 5.566420e-01
2.066200e+04 6.029825e-01
2.066300e+04 6.352475e-01
2.066400e+04 7.008605e-01
2.066500e+04 7.227385e-01
2.066600e+04 6.440305e-01
2.066700e+04 7.455770e-01
2.066800e+04 8.079365e-01
2.066900e+04 7.085525e-01
2.067000e+04 6.371320e-01
2.067100e+04 6.457170e-01
2.067200e+04 6.167155e-01
2.067300e+04 6.875825e-01
2.067400e+04 6.528675e-01
2.067500e+04 6.159635e-01
2.067600e+04 5.948590e-01
2.067700e+04 5.888810e-01
2.067800e+04 5.881530e-01
2.067900e+04 6.773235e-01
2.068000e+04 7.182285e-01
2.068100e+04 7.049365e-01
2.068200e+04 6.663175e-01
2.068300e+04 6.868880e-01
2.068400e+04 7.137845e-01
2.068500e+04 6.359640e-01
2.068600e+04 6.530730e-01
2.068700e+04 6.936070e-01
2.068800e+04 6.344980e-01
2.068900e+04 6.173115e-01
2.069000e+04 6.701100e-01
2.069100e+04 5.276505e-01
2.069200e+04 6.432440e-01
2.069300e+04 5.770690e-01
2.069400e+04 6.705360e-01
2.069500e+04 6.240365e-01
2.069600e+04 7.015815e-01
2.069700e+04 6.333455e-01
2.069800e+04 6.603410e-01
2.069900e+04 6.823515e-01
2.070000e+04 6.209950e-01
2.070100e+04 7.001150e-01
2.070200e+04 6.619675e-01
2.070300e+04 7.349970e-01
2.070400e+04 7.698010e-01
2.070500e+04 7.019135e-01
2.070600e+04 6.615355e-01
2.070700e+04 6.723355e-01
2.070800e+04 7.108500e-01
2.070900e+04 6.393760e-01
2.071000e+04 7.018140e-01
2.071100e+04 7.415440e-01
2.071200e+04 6.841545e-01
2.071300e+04 6.434935e-01
2.071400e+04 6.718095e-01
2.071500e+04 5.224145e-01
2.071600e+04 6.476920e-01
2.071700e+04 6.186325e-01
2.071800e+04 5.942505e-01
2.071900e+04 6.457390e-01
2.072000e+04 6.334545e-01
2.072100e+04 6.283100e-01
2.072200e+04 7.082210e-01
2.072300e+04 6.393190e-01
2.072400e+04 5.749745e-01
2.072500e+04 6.998750e-01
2.072600e+04 5.951115e-01
2.072700e+04 6.625120e-01
2.072800e+04 7.109665e-01
2.072900e+04 6.612830e-01
2.073000e+04 6.546230e-01
2.073100e+04 6.056320e-01
2.073200e+04 6.477300e-01
2.073300e+04 6.210110e-01
2.073400e+04 7.100180e-01
2.073500e+04 5.313920e-01
2.073600e+04 5.162755e-01
2.073700e+04 6.693320e-01
2.073800e+04 7.122805e-01
2.073900e+04 6.308415e-01
2.074000e+04 6.195090e-01
2.074100e+04 6.113380e-01
2.074200e+04 5.789245e-01
2.074300e+04 7.145360e-01
2.074400e+04 6.437575e-01
2.074500e+04 6.836100e-01
2.074600e+04 7.092985e-01
2.074700e+04 6.806105e-01
2.074800e+04 5.854540e-01
2.074900e+04 6.681875e-01
2.075000e+04 6.692315e-01
2.075100e+04 5.960465e-01
2.075200e+04 5.550400e-01
2.075300e+04 6.535570e-01
2.075400e+04 6.057885e-01
2.075500e+04 5.975875e-01
2.075600e+04 7.006005e-01
2.075700e+04 7.243880e-01
2.075800e+04 6.959245e-01
2.075900e+04 6.810255e-01
2.076000e+04 7.459645e-01
2.076100e+04 6.915495e-01
2.076200e+04 5.806475e-01
2.076300e+04 6.370835e-01
2.076400e+04 6.353190e-01
2.076500e+04 5.604395e-01
2.076600e+04 5.744225e-01
2.076700e+04 6.113715e-01
2.076800e+04 6.262480e-01
2.076900e+04 6.678675e-01
2.077000e+04 6.692465e-01
2.077100e+04 7.288925e-01
2.077200e+04 6.801430e-01
2.077300e+04 6.778915e-01
2.077400e+04 6.469620e-01
2.077500e+04 6.755040e-01
2.077600e+04 6.196180e-01
2.077700e+04 6.404320e-01
2.077800e+04 6.196165e-01
2.077900e+04 6.466705e-01
2.078000e+04 6.328600e-01
2.078100e+04 7.368310e-01
2.078200e+04 6.612005e-01
2.078300e+04 6.596255e-01
2.078400e+04 6.930535e-01
2.078500e+04 6.387540e-01
2.078600e+04 6.123655e-01
2.078700e+04 6.597225e-01
2.078800e+04 6.088205e-01
2.078900e+04 6.142450e-01
2.079000e+04 6.807900e-01
2.079100e+04 6.524805e-01
2.079200e+04 6.953220e-01
2.079300e+04 6.653260e-01
2.079400e+04 6.769300e-01
2.079500e+04 6.265795e-01
2.079600e+04 5.410310e-01
2.079700e+04 7.091225e-01
2.079800e+04 5.998165e-01
2.079900e+04 6.838905e-01
2.080000e+04 7.013625e-01
2.080100e+04 7.059490e-01
2.080200e+04 6.583630e-01
2.080300e+04 6.063545e-01
2.080400e+04 6.432565e-01
2.080500e+04 6.064680e-01
2.080600e+04 6.526070e-01
2.080700e+04 6.773515e-01
2.080800e+04 7.222175e-01
2.080900e+04 7.052100e-01
2.081000e+04 6.168530e-01
2.081100e+04 6.114275e-01
2.081200e+04 6.054135e-01
2.081300e+04 7.056725e-01
2.081400e+04 6.132325e-01
2.081500e+04 5.646970e-01
2.081600e+04 6.152505e-01
2.081700e+04 5.802535e-01
2.081800e+04 6.766205e-01
2.081900e+04 6.169910e-01
2.082000e+04 6.527815e-01
2.082100e+04 7.032945e-01
2.082200e+04 6.854265e-01
2.082300e+04 7.115940e-01
2.082400e+04 6.683265e-01
2.082500e+04 6.755800e-01
2.082600e+04 5.418065e-01
2.082700e+04 6.623335e-01
2.082800e+04 6.004950e-01
2.082900e+04 6.366115e-01
2.083000e+04 6.896865e-01
2.083100e+04 6.984710e-01
2.083200e+04 7.233460e-01
2.083300e+04 5.971225e-01
2.083400e+04 6.184170e-01
2.083500e+04 6.097275e-01
2.083600e+04 6.553300e-01
2.083700e+04 6.340645e-01
2.083800e+04 6.426965e-01
2.083900e+04 6.652175e-01
2.084000e+04 6.563875e-01
2.084100e+04 5.748760e-01
2.084200e+04 6.383725e-01
2.084300e+04 6.191545e-01
2.084400e+04 6.846035e-01
2.084500e+04 7.376150e-01
2.084600e+04 6.225150e-01
2.084700e+04 6.485920e-01
2.084800e+04 6.046340e-01
2.084900e+04 6.231325e-01
2.085000e+04 6.976025e-01
2.085100e+04 6.046645e-01
2.085200e+04 6.701350e-01
2.085300e+04 6.993845e-01
2.085400e+04 5.843490e-01
2.085500e+04 6.049665e-01
2.085600e+04 5.893915e-01
2.085700e+04 6.209660e-01
2.085800e+04 5.437855e-01
2.085900e+04 7.222215e-01
2.086000e+04 6.692695e-01
2.086100e+04 6.342565e-01
2.086200e+04 7.060105e-01
2.086300e+04 6.715960e-01
2.086400e+04 6.834105e-01
2.086500e+04 6.462995e-01
2.086600e+04 6.205005e-01
2.086700e+04 6.893340e-01
2.086800e+04 6.824760e-01
2.086900e+04 6.075640e-01
2.087000e+04 5.774975e-01
2.087100e+04 6.052475e-01
2.087200e+04 6.407195e-01
2.087300e+04 5.485120e-01
2.087400e+04 6.562215e-01
2.087500e+04 6.097675e-01
2.087600e+04 7.028105e-01
2.087700e+04 7.119075e-01
2.087800e+04 7.270350e-01
2.087900e+04 6.165200e-01
2.088000e+04 5.786095e-01
2.088100e+04 6.619695e-01
2.088200e+04 6.633410e-01
2.088300e+04 6.216375e-01
2.088400e+04 6.597555e-01
2.088500e+04 5.888090e-01
2.088600e+04 6.355520e-01
2.088700e+04 6.639115e-01
2.088800e+04 7.035060e-01
2.088900e+04 6.650910e-01
2.089000e+04 6.078420e-01
2.089100e+04 6.217495e-01
2.089200e+04 5.652440e-01
2.089300e+04 7.031500e-01
2.089400e+04 5.978875e-01
2.089500e+04 6.553870e-01
2.089600e+04 6.346470e-01
2.089700e+04 5.658315e-01
2.089800e+04 6.167795e-01
2.089900e+04 6.610625e-01
2.090000e+04 6.082570e-01
2.090100e+04 5.628900e-01
2.090200e+04 5.974195e-01
2.090300e+04 6.184680e-01
2.090400e+04 7.321585e-01
2.090500e+04 6.755505e-01
2.090600e+04 7.176130e-01
2.090700e+04 6.104760e-01
2.090800e+04 6.941540e-01
2.090900e+04 6.751615e-01
2.091000e+04 6.765085e-01
2.091100e+04 7.102185e-01
2.091200e+04 6.504225e-01
2.091300e+04 6.568085e-01
2.091400e+04 7.250625e-01
2.091500e+04 6.354505e-01
2.091600e+04 6.804010e-01
2.091700e+04 6.699930e-01
2.091800e+04 5.858975e-01
2.091900e+04 6.104550e-01
2.092000e+04 6.121425e-01
2.092100e+04 5.940390e-01
2.092200e+04 6.598905e-01
2.092300e+04 6.396125e-01
2.092400e+04 6.922120e-01
2.092500e+04 7.075855e-01
2.092600e+04 6.920915e-01
2.092700e+04 6.852720e-01
2.092800e+04 7.428455e-01
2.092900e+04 6.623550e-01
2.093000e+04 6.672070e-01
2.093100e+04 6.805155e-01
2.093200e+04 6.498635e-01
2.093300e+04 6.044275e-01
2.093400e+04 6.352465e-01
2.093500e+04 6.761650e-01
2.093600e+04 5.991310e-01
2.093700e+04 6.381545e-01
2.093800e+04 6.176765e-01
2.093900e+04 5.423245e-01
2.094000e+04 7.204400e-01
2.094100e+04 5.998685e-01
2.094200e+04 5.944050e-01
2.094300e+04 6.424395e-01
2.094400e+04 6.422110e-01
2.094500e+04 6.453530e-01
2.094600e+04 6.151630e-01
2.094700e+04 6.975285e-01
2.094800e+04 6.824140e-01
2.094900e+04 5.913585e-01
2.095000e+04 6.141055e-01
2.095100e+04 6.080700e-01
2.095200e+04 6.555030e-01
2.095300e+04 7.200390e-01
2.095400e+04 6.411325e-01
2.095500e+04 6.223180e-01
2.095600e+04 7.060510e-01
2.095700e+04 6.010300e-01
2.095800e+04 6.548610e-01
2.095900e+04 6.079345e-01
2.096000e+04 6.565810e-01
2.096100e+04 5.963820e-01
2.096200e+04 5.913385e-01
2.096300e+04 6.613555e-01
2.096400e+04 6.486855e-01
2.096500e+04 6.122520e-01
2.096600e+04 5.765840e-01
2.096700e+04 6.649430e-01
2.096800e+04 6.387245e-01
2.096900e+04 6.465510e-01
2.097000e+04 5.811755e-01
2.097100e+04 6.849585e-01
2.097200e+04 6.427030e-01
2.097300e+04 6.104825e-01
2.097400e+04 6.363855e-01
2.097500e+04 6.391635e-01
2.097600e+04 6.246360e-01
2.097700e+04 5.994925e-01
2.097800e+04 6.855165e-01
2.097900e+04 5.293620e-01
2.098000e+04 6.511290e-01
2.098100e+04 7.212935e-01
2.098200e+04 7.029055e-01
2.098300e+04 6.243370e-01
2.098400e+04 6.529750e-01
2.098500e+04 6.279710e-01
2.098600e+04 6.419370e-01
2.098700e+04 6.328125e-01
2.098800e+04 6.879200e-01
2.098900e+04 6.505725e-01
2.099000e+04 6.990620e-01
2.099100e+04 6.373925e-01
2.099200e+04 6.801795e-01
2.099300e+04 6.248685e-01
2.099400e+04 5.540065e-01
2.099500e+04 5.603115e-01
2.099600e+04 6.267865e-01
2.099700e+04 6.478450e-01
2.099800e+04 6.871020e-01
2.099900e+04 5.742230e-01
2.100000e+04 6.279630e-01
2.100100e+04 6.053040e-01
2.100200e+04 6.929030e-01
2.100300e+04 6.790895e-01
2.100400e+04 6.374990e-01
2.100500e+04 6.306015e-01
2.100600e+04 5.683780e-01
2.100700e+04 6.301805e-01
2.100800e+04 6.540780e-01
2.100900e+04 6.735920e-01
2.101000e+04 7.084230e-01
2.101100e+04 7.137595e-01
2.101200e+04 6.692150e-01
2.101300e+04 6.354860e-01
2.101400e+04 6.511505e-01
2.101500e+04 6.579280e-01
2.101600e+04 6.362150e-01
2.101700e+04 6.645790e-01
2.101800e+04 6.139365e-01
2.101900e+04 6.064985e-01
2.102000e+04 6.365085e-01
2.102100e+04 5.787545e-01
2.102200e+04 5.801260e-01
2.102300e+04 7.080620e-01
2.102400e+04 6.866910e-01
2.102500e+04 6.301635e-01
2.102600e+04 5.640310e-01
2.102700e+04 6.911200e-01
2.102800e+04 6.677120e-01
2.102900e+04 6.897640e-01
2.103000e+04 5.981295e-01
2.103100e+04 6.445620e-01
2.103200e+04 6.359100e-01
2.103300e+04 6.330600e-01
2.103400e+04 6.288660e-01
2.103500e+04 6.360375e-01
2.103600e+04 6.756580e-01
2.103700e+04 6.410090e-01
2.103800e+04 7.144750e-01
2.103900e+04 6.369305e-01
2.104000e+04 5.923215e-01
2.104100e+04 6.860255e-01
2.104200e+04 6.718815e-01
2.104300e+04 6.537025e-01
2.104400e+04 6.746660e-01
2.104500e+04 6.357465e-01
2.104600e+04 6.658245e-01
2.104700e+04 6.002865e-01
2.104800e+04 6.551335e-01
2.104900e+04 6.340400e-01
2.105000e+04 6.404080e-01
2.105100e+04 6.136555e-01
2.105200e+04 6.368490e-01
2.105300e+04 4.962301e-01
2.105400e+04 6.255495e-01
2.105500e+04 6.560975e-01
2.105600e+04 6.084350e-01
2.105700e+04 6.986380e-01
2.105800e+04 7.077225e-01
2.105900e+04 6.486605e-01
2.106000e+04 6.491205e-01
2.106100e+04 6.367500e-01
2.106200e+04 5.987895e-01
2.106300e+04 6.528765e-01
2.106400e+04 6.780570e-01
2.106500e+04 6.502350e-01
2.106600e+04 6.115545e-01
2.106700e+04 7.061760e-01
2.106800e+04 6.970975e-01
2.106900e+04 6.905175e-01
2.107000e+04 6.375185e-01
2.107100e+04 6.061175e-01
2.107200e+04 6.581025e-01
2.107300e+04 6.466160e-01
2.107400e+04 6.340990e-01
2.107500e+04 6.249940e-01
2.107600e+04 5.774675e-01
2.107700e+04 6.556335e-01
2.107800e+04 6.685265e-01
2.107900e+04 6.272500e-01
2.108000e+04 6.921300e-01
2.108100e+04 6.726945e-01
2.108200e+04 5.990370e-01
2.108300e+04 5.915610e-01
2.108400e+04 6.022020e-01
2.108500e+04 5.734120e-01
2.108600e+04 6.202490e-01
2.108700e+04 5.829395e-01
2.108800e+04 6.485585e-01
2.108900e+04 5.986505e-01
2.109000e+04 6.773375e-01
2.109100e+04 6.550470e-01
2.109200e+04 6.128180e-01
2.109300e+04 6.154845e-01
2.109400e+04 6.389145e-01
2.109500e+04 6.811925e-01
2.109600e+04 6.442190e-01
2.109700e+04 6.321485e-01
2.109800e+04 6.508120e-01
2.109900e+04 5.975365e-01
2.110000e+04 6.467440e-01
2.110100e+04 6.445225e-01
2.110200e+04 6.224630e-01
2.110300e+04 6.892545e-01
2.110400e+04 6.956605e-01
2.110500e+04 6.281005e-01
2.110600e+04 5.972105e-01
2.110700e+04 6.734925e-01
2.110800e+04 7.022675e-01
2.110900e+04 6.839830e-01
2.111000e+04 6.652355e-01
2.111100e+04 6.432180e-01
2.111200e+04 6.619030e-01
2.111300e+04 6.066675e-01
2.111400e+04 6.686195e-01
2.111500e+04 6.528390e-01
2.111600e+04 5.665800e-01
2.111700e+04 5.910390e-01
2.111800e+04 5.859090e-01
2.111900e+04 5.996050e-01
2.112000e+04 6.665355e-01
2.112100e+04 6.005140e-01
2.112200e+04 5.987620e-01
2.112300e+04 6.339565e-01
2.112400e+04 6.479485e-01
2.112500e+04 6.219920e-01
2.112600e+04 6.628280e-01
2.112700e+04 6.349435e-01
2.112800e+04 5.922045e-01
2.112900e+04 5.936330e-01
2.113000e+04 6.659070e-01
2.113100e+04 6.536250e-01
2.113200e+04 6.158570e-01
2.113300e+04 6.462985e-01
2.113400e+04 6.620505e-01
2.113500e+04 6.850450e-01
2.113600e+04 6.369085e-01
2.113700e+04 6.280305e-01
2.113800e+04 6.458420e-01
2.113900e+04 6.486595e-01
2.114000e+04 6.787035e-01
2.114100e+04 6.219845e-01
2.114200e+04 6.545840e-01
2.114300e+04 6.517610e-01
2.114400e+04 6.657895e-01
2.114500e+04 6.653040e-01
2.114600e+04 6.035280e-01
2.114700e+04 6.776770e-01
2.114800e+04 6.907675e-01
2.114900e+04 6.657195e-01
2.115000e+04 6.689650e-01
2.115100e+04 6.303675e-01
2.115200e+04 5.804350e-01
2.115300e+04 6.329375e-01
2.115400e+04 6.548180e-01
2.115500e+04 6.222035e-01
2.115600e+04 6.651275e-01
2.115700e+04 6.766050e-01
2.115800e+04 6.412950e-01
2.115900e+04 6.242805e-01
2.116000e+04 6.052340e-01
2.116100e+04 6.725550e-01
2.116200e+04 6.901730e-01
2.116300e+04 6.801800e-01
2.116400e+04 6.191640e-01
2.116500e+04 6.320940e-01
2.116600e+04 6.397690e-01
2.116700e+04 5.667680e-01
2.116800e+04 6.582545e-01
2.116900e+04 5.647695e-01
2.117000e+04 5.932675e-01
2.117100e+04 5.649795e-01
2.117200e+04 6.207410e-01
2.117300e+04 6.007645e-01
2.117400e+04 6.119950e-01
2.117500e+04 5.961105e-01
2.117600e+04 6.658465e-01
2.117700e+04 6.443620e-01
2.117800e+04 5.975815e-01
2.117900e+04 6.143645e-01
2.118000e+04 6.018480e-01
2.118100e+04 6.286145e-01
2.118200e+04 6.584980e-01
2.118300e+04 6.958510e-01
2.118400e+04 6.835220e-01
2.118500e+04 6.228105e-01
2.118600e+04 6.435520e-01
2.118700e+04 6.530535e-01
2.118800e+04 5.993195e-01
2.118900e+04 6.875370e-01
2.119000e+04 6.647790e-01
2.119100e+04 6.331225e-01
2.119200e+04 6.076480e-01
2.119300e+04 6.175985e-01
2.119400e+04 6.013685e-01
2.119500e+04 6.139800e-01
2.119600e+04 6.466135e-01
2.119700e+04 6.940200e-01
2.119800e+04 6.348725e-01
2.119900e+04 6.413760e-01
2.120000e+04 6.846645e-01
2.120100e+04 6.318345e-01
2.120200e+04 6.527390e-01
2.120300e+04 6.299300e-01
2.120400e+04 5.995735e-01
2.120500e+04 6.193085e-01
2.120600e+04 6.382310e-01
2.120700e+04 6.333500e-01
2.120800e+04 6.577655e-01
2.120900e+04 6.719195e-01
2.121000e+04 6.237180e-01
2.121100e+04 6.550470e-01
2.121200e+04 6.304725e-01
2.121300e+04 6.792625e-01
2.121400e+04 6.185695e-01
2.121500e+04 6.396215e-01
2.121600e+04 6.225025e-01
2.121700e+04 6.375210e-01
2.121800e+04 5.707455e-01
2.121900e+04 6.925245e-01
2.122000e+04 6.712640e-01
2.122100e+04 6.691610e-01
2.122200e+04 6.296045e-01
2.122300e+04 6.564925e-01
2.122400e+04 6.043480e-01
2.122500e+04 6.585995e-01
2.122600e+04 6.333985e-01
2.122700e+04 5.948660e-01
2.122800e+04 6.724810e-01
2.122900e+04 6.481415e-01
2.123000e+04 6.990660e-01
2.123100e+04 6.455975e-01
2.123200e+04 6.609535e-01
2.123300e+04 6.260135e-01
2.123400e+04 6.265050e-01
2.123500e+04 5.723830e-01
2.123600e+04 6.324495e-01
2.123700e+04 6.119655e-01
2.123800e+04 5.980055e-01
2.123900e+04 6.759360e-01
2.124000e+04 6.640895e-01
2.124100e+04 6.933650e-01
2.124200e+04 6.180255e-01
2.124300e+04 5.995595e-01
2.124400e+04 6.487855e-01
2.124500e+04 6.735780e-01
2.124600e+04 6.582145e-01
2.124700e+04 6.253015e-01
2.124800e+04 6.477520e-01
2.124900e+04 6.971710e-01
2.125000e+04 6.950465e-01
2.125100e+04 6.886015e-01
2.125200e+04 6.491245e-01
2.125300e+04 6.766350e-01
2.125400e+04 6.059625e-01
2.125500e+04 6.404335e-01
2.125600e+04 5.897645e-01
2.125700e+04 6.250220e-01
2.125800e+04 6.456130e-01
2.125900e+04 6.144405e-01
2.126000e+04 6.280460e-01
2.126100e+04 6.200020e-01
2.126200e+04 6.029435e-01
2.126300e+04 6.586485e-01
2.126400e+04 6.678185e-01
2.126500e+04 6.455105e-01
2.126600e+04 6.289205e-01
2.126700e+04 5.894035e-01
2.126800e+04 6.135245e-01
2.126900e+04 6.446385e-01
2.127000e+04 6.651205e-01
2.127100e+04 6.208180e-01
2.127200e+04 6.618095e-01
2.127300e+04 6.657065e-01
2.127400e+04 6.519540e-01
2.127500e+04 5.832055e-01
2.127600e+04 6.075840e-01
2.127700e+04 5.988345e-01
2.127800e+04 6.104515e-01
2.127900e+04 6.271085e-01
2.128000e+04 6.006165e-01
2.128100e+04 5.807250e-01
2.128200e+04 6.494900e-01
2.128300e+04 6.964335e-01
2.128400e+04 6.901630e-01
2.128500e+04 5.526890e-01
2.128600e+04 6.104310e-01
2.128700e+04 5.733810e-01
2.128800e+04 6.131625e-01
2.128900e+04 6.636920e-01
2.129000e+04 6.112720e-01
2.129100e+04 6.370455e-01
2.129200e+04 6.303480e-01
2.129300e+04 6.223870e-01
2.129400e+04 6.071225e-01
2.129500e+04 6.797720e-01
2.129600e+04 6.894915e-01
2.129700e+04 6.038660e-01
2.129800e+04 5.966425e-01
2.129900e+04 6.343100e-01
2.130000e+04 6.394715e-01
2.130100e+04 6.106420e-01
2.130200e+04 6.393155e-01
2.130300e+04 6.353235e-01
2.130400e+04 6.635775e-01
2.130500e+04 6.495520e-01
2.130600e+04 6.895315e-01
2.130700e+04 5.904045e-01
2.130800e+04 6.616740e-01
2.130900e+04 6.299825e-01
2.131000e+04 5.779570e-01
2.131100e+04 6.527195e-01
2.131200e+04 6.347830e-01
2.131300e+04 6.505190e-01
2.131400e+04 6.589645e-01
2.131500e+04 6.683445e-01
2.131600e+04 6.528300e-01
2.131700e+04 6.722825e-01
2.131800e+04 6.211955e-01
2.131900e+04 6.732705e-01
2.132000e+04 6.629315e-01
2.132100e+04 6.533660e-01
2.132200e+04 6.683940e-01
2.132300e+04 5.323345e-01
2.132400e+04 6.061535e-01
2.132500e+04 6.592805e-01
2.132600e+04 6.415975e-01
2.132700e+04 6.107665e-01
2.132800e+04 6.278560e-01
2.132900e+04 6.620350e-01
2.133000e+04 6.765645e-01
2.133100e+04 6.436330e-01
2.133200e+04 6.515475e-01
2.133300e+04 6.443710e-01
2.133400e+04 6.675100e-01
2.133500e+04 6.453140e-01
2.133600e+04 6.449670e-01
2.133700e+04 6.176985e-01
2.133800e+04 6.932880e-01
2.133900e+04 6.543435e-01
2.134000e+04 6.496290e-01
2.134100e+04 5.789830e-01
2.134200e+04 6.008055e-01
2.134300e+04 5.772200e-01
2.134400e+04 6.483530e-01
2.134500e+04 6.484130e-01
2.134600e+04 6.542790e-01
2.134700e+04 6.021650e-01
2.134800e+04 6.373530e-01
2.134900e+04 6.438105e-01
2.135000e+04 6.705225e-01
2.135100e+04 6.215600e-01
2.135200e+04 6.501145e-01
2.135300e+04 6.614380e-01
2.135400e+04 6.331755e-01
2.135500e+04 6.283460e-01
2.135600e+04 6.548320e-01
2.135700e+04 6.802295e-01
2.135800e+04 6.358760e-01
2.135900e+04 6.635545e-01
2.136000e+04 6.603685e-01
2.136100e+04 6.347320e-01
2.136200e+04 5.805390e-01
2.136300e+04 5.896340e-01
2.136400e+04 6.554950e-01
2.136500e+04 6.802865e-01
2.136600e+04 6.501830e-01
2.136700e+04 6.310185e-01
2.136800e+04 6.563175e-01
2.136900e+04 6.514255e-01
2.137000e+04 6.351590e-01
2.137100e+04 5.572095e-01
2.137200e+04 6.416810e-01
2.137300e+04 6.631390e-01
2.137400e+04 6.135990e-01
2.137500e+04 6.719190e-01
2.137600e+04 6.424335e-01
2.137700e+04 6.145215e-01
2.137800e+04 6.204570e-01
2.137900e+04 6.294605e-01
2.138000e+04 6.295890e-01
2.138100e+04 6.334660e-01
2.138200e+04 6.572975e-01
2.138300e+04 6.443070e-01
2.138400e+04 5.903195e-01
2.138500e+04 5.696530e-01
2.138600e+04 6.714145e-01
2.138700e+04 6.457650e-01
2.138800e+04 6.246985e-01
2.138900e+04 6.030330e-01
2.139000e+04 6.181325e-01
2.139100e+04 6.194020e-01
2.139200e+04 6.686320e-01
2.139300e+04 6.413810e-01
2.139400e+04 6.476100e-01
2.139500e+04 6.668470e-01
2.139600e+04 6.217690e-01
2.139700e+04 6.722775e-01
2.139800e+04 6.578745e-01
2.139900e+04 6.088070e-01
2.140000e+04 5.951035e-01
2.140100e+04 6.571615e-01
2.140200e+04 6.428795e-01
2.140300e+04 5.807065e-01
2.140400e+04 5.385225e-01
2.140500e+04 6.002660e-01
2.140600e+04 6.935850e-01
2.140700e+04 5.956590e-01
2.140800e+04 6.331430e-01
2.140900e+04 6.163230e-01
2.141000e+04 6.500585e-01
2.141100e+04 6.160640e-01
2.141200e+04 6.605645e-01
2.141300e+04 6.319210e-01
2.141400e+04 5.938505e-01
2.141500e+04 6.294935e-01
2.141600e+04 6.319600e-01
2.141700e+04 6.859065e-01
2.141800e+04 6.739565e-01
2.141900e+04 6.169045e-01
2.142000e+04 6.635510e-01
2.142100e+04 6.127585e-01
2.142200e+04 6.553530e-01
2.142300e+04 6.015315e-01
2.142400e+04 5.655650e-01
2.142500e+04 6.060745e-01
2.142600e+04 6.515345e-01
2.142700e+04 6.707155e-01
2.142800e+04 6.073705e-01
2.142900e+04 5.856320e-01
2.143000e+04 6.389315e-01
2.143100e+04 6.532010e-01
2.143200e+04 6.618885e-01
2.143300e+04 6.133755e-01
2.143400e+04 6.187315e-01
2.143500e+04 6.578330e-01
2.143600e+04 6.569590e-01
2.143700e+04 6.716095e-01
2.143800e+04 6.495940e-01
2.143900e+04 6.659630e-01
2.144000e+04 6.817610e-01
2.144100e+04 6.775190e-01
2.144200e+04 6.537600e-01
2.144300e+04 6.177440e-01
2.144400e+04 6.389495e-01
2.144500e+04 6.611930e-01
2.144600e+04 6.381335e-01
2.144700e+04 6.498110e-01
2.144800e+04 6.524355e-01
2.144900e+04 6.282520e-01
2.145000e+04 6.621975e-01
2.145100e+04 6.637500e-01
2.145200e+04 6.425520e-01
2.145300e+04 6.619010e-01
2.145400e+04 6.517585e-01
2.145500e+04 6.373495e-01
2.145600e+04 6.280970e-01
2.145700e+04 6.348295e-01
2.145800e+04 6.148935e-01
2.145900e+04 6.313315e-01
2.146000e+04 6.617340e-01
2.146100e+04 6.250240e-01
2.146200e+04 6.333430e-01
2.146300e+04 6.521315e-01
2.146400e+04 6.485160e-01
2.146500e+04 6.648145e-01
2.146600e+04 6.750915e-01
2.146700e+04 5.991690e-01
2.146800e+04 6.229560e-01
2.146900e+04 6.846360e-01
2.147000e+04 6.549100e-01
2.147100e+04 6.409610e-01
2.147200e+04 6.074615e-01
2.147300e+04 6.490345e-01
2.147400e+04 6.751960e-01
2.147500e+04 6.724800e-01
2.147600e+04 6.574500e-01
2.147700e+04 6.297515e-01
2.147800e+04 6.370805e-01
2.147900e+04 6.309410e-01
2.148000e+04 6.337725e-01
2.148100e+04 5.989110e-01
2.148200e+04 6.621935e-01
2.148300e+04 6.375240e-01
2.148400e+04 5.873220e-01
2.148500e+04 6.434180e-01
2.148600e+04 6.339895e-01
2.148700e+04 6.778600e-01
2.148800e+04 6.036415e-01
2.148900e+04 6.210850e-01
2.149000e+04 5.899495e-01
2.149100e+04 6.138520e-01
2.149200e+04 6.601915e-01
2.149300e+04 6.074035e-01
2.149400e+04 6.439710e-01
2.149500e+04 6.735640e-01
2.149600e+04 6.220975e-01
2.149700e+04 5.788875e-01
2.149800e+04 6.388095e-01
2.149900e+04 6.478825e-01
2.150000e+04 5.727750e-01
2.150100e+04 6.246970e-01
2.150200e+04 6.339645e-01
2.150300e+04 5.781925e-01
2.150400e+04 6.169375e-01
2.150500e+04 5.856110e-01
2.150600e+04 6.033885e-01
2.150700e+04 6.499735e-01
2.150800e+04 6.520780e-01
2.150900e+04 6.539825e-01
2.151000e+04 6.418305e-01
2.151100e+04 6.266155e-01
2.151200e+04 6.391435e-01
2.151300e+04 6.401200e-01
2.151400e+04 6.736715e-01
2.151500e+04 6.748660e-01
2.151600e+04 6.075480e-01
2.151700e+04 6.328340e-01
2.151800e+04 6.789995e-01
2.151900e+04 6.169655e-01
2.152000e+04 5.840515e-01
2.152100e+04 5.964895e-01
2.152200e+04 6.552100e-01
2.152300e+04 6.406615e-01
2.152400e+04 6.411165e-01
2.152500e+04 6.320030e-01
2.152600e+04 6.339935e-01
2.152700e+04 6.578665e-01
2.152800e+04 6.617100e-01
2.152900e+04 5.737865e-01
2.153000e+04 5.756235e-01
2.153100e+04 6.264790e-01
2.153200e+04 6.098880e-01
2.153300e+04 6.451875e-01
2.153400e+04 6.245945e-01
2.153500e+04 6.180535e-01
2.153600e+04 6.216420e-01
2.153700e+04 6.468230e-01
2.153800e+04 6.487610e-01
2.153900e+04 6.454520e-01
2.154000e+04 6.747540e-01
2.154100e+04 6.170430e-01
2.154200e+04 5.989670e-01
2.154300e+04 6.254840e-01
2.154400e+04 6.289665e-01
2.154500e+04 6.244115e-01
2.154600e+04 6.527070e-01
2.154700e+04 6.227170e-01
2.154800e+04 6.769750e-01
2.154900e+04 6.637390e-01
2.155000e+04 6.630400e-01
2.155100e+04 6.342945e-01
2.155200e+04 6.084340e-01
2.155300e+04 6.602700e-01
2.155400e+04 6.281515e-01
2.155500e+04 6.415985e-01
2.155600e+04 6.457945e-01
2.155700e+04 6.453200e-01
2.155800e+04 6.360065e-01
2.155900e+04 6.221945e-01
2.156000e+04 6.252530e-01
2.156100e+04 6.153945e-01
2.156200e+04 6.295120e-01
2.156300e+04 6.259265e-01
2.156400e+04 6.165580e-01
2.156500e+04 6.447635e-01
2.156600e+04 6.134505e-01
2.156700e+04 6.453620e-01
2.156800e+04 6.697465e-01
2.156900e+04 6.332935e-01
2.157000e+04 6.050530e-01
2.157100e+04 6.431035e-01
2.157200e+04 6.780285e-01
2.157300e+04 6.536640e-01
2.157400e+04 6.293010e-01
2.157500e+04 6.014085e-01
2.157600e+04 6.513360e-01
2.157700e+04 6.716385e-01
2.157800e+04 6.270605e-01
2.157900e+04 6.583785e-01
2.158000e+04 6.148820e-01
2.158100e+04 6.515985e-01
2.158200e+04 6.363685e-01
2.158300e+04 6.469425e-01
2.158400e+04 5.960015e-01
2.158500e+04 6.295005e-01
2.158600e+04 6.558810e-01
2.158700e+04 6.488130e-01
2.158800e+04 6.313730e-01
2.158900e+04 6.640055e-01
2.159000e+04 6.588650e-01
2.159100e+04 6.390580e-01
2.159200e+04 6.391945e-01
2.159300e+04 6.205295e-01
2.159400e+04 5.987420e-01
2.159500e+04 6.409860e-01
2.159600e+04 6.441750e-01
2.159700e+04 6.443885e-01
2.159800e+04 5.839740e-01
2.159900e+04 6.164980e-01
2.160000e+04 6.617240e-01
2.160100e+04 6.530155e-01
2.160200e+04 6.670210e-01
2.160300e+04 6.040425e-01
2.160400e+04 6.125995e-01
2.160500e+04 5.866400e-01
2.160600e+04 6.248750e-01
2.160700e+04 6.441515e-01
2.160800e+04 6.162220e-01
2.160900e+04 6.485040e-01
2.161000e+04 6.401180e-01
2.161100e+04 6.704845e-01
2.161200e+04 6.672820e-01
2.161300e+04 6.513015e-01
2.161400e+04 6.656095e-01
2.161500e+04 6.627435e-01
2.161600e+04 6.375330e-01
2.161700e+04 6.475210e-01
2.161800e+04 6.328900e-01
2.161900e+04 6.245480e-01
2.162000e+04 6.187375e-01
2.162100e+04 6.259365e-01
2.162200e+04 6.213330e-01
2.162300e+04 6.202690e-01
2.162400e+04 6.165115e-01
2.162500e+04 6.348050e-01
2.162600e+04 6.773790e-01
2.162700e+04 6.364560e-01
2.162800e+04 6.315485e-01
2.162900e+04 6.292285e-01
2.163000e+04 6.203555e-01
2.163100e+04 6.028430e-01
2.163200e+04 5.718065e-01
2.163300e+04 6.136275e-01
2.163400e+04 6.405490e-01
2.163500e+04 6.344710e-01
2.163600e+04 6.746140e-01
2.163700e+04 6.393870e-01
2.163800e+04 6.397220e-01
2.163900e+04 6.274445e-01
2.164000e+04 6.164730e-01
2.164100e+04 6.498010e-01
2.164200e+04 6.554315e-01
2.164300e+04 6.482570e-01
2.164400e+04 6.035395e-01
2.164500e+04 6.366830e-01
2.164600e+04 6.323725e-01
2.164700e+04 6.678660e-01
2.164800e+04 6.334945e-01
2.164900e+04 6.402295e-01
2.165000e+04 6.556645e-01
2.165100e+04 6.377925e-01
2.165200e+04 6.517205e-01
2.165300e+04 6.415735e-01
2.165400e+04 6.633540e-01
2.165500e+04 6.078250e-01
2.165600e+04 6.167695e-01
2.165700e+04 6.160490e-01
2.165800e+04 6.366435e-01
2.165900e+04 6.427940e-01
2.166000e+04 6.123280e-01
2.166100e+04 6.431315e-01
2.166200e+04 6.084285e-01
2.166300e+04 6.566815e-01
2.166400e+04 6.386910e-01
2.166500e+04 6.078645e-01
2.166600e+04 6.468240e-01
2.166700e+04 6.536980e-01
2.166800e+04 6.276305e-01
2.166900e+04 6.326635e-01
2.167000e+04 6.296985e-01
2.167100e+04 6.280805e-01
2.167200e+04 6.408780e-01
2.167300e+04 6.456770e-01
2.167400e+04 6.304795e-01
2.167500e+04 6.088525e-01
2.167600e+04 6.512765e-01
2.167700e+04 6.628290e-01
2.167800e+04 6.347180e-01
2.167900e+04 6.396040e-01
2.168000e+04 6.314385e-01
2.168100e+04 6.566220e-01
2.168200e+04 6.180455e-01
2.168300e+04 6.310125e-01
2.168400e+04 6.610140e-01
2.168500e+04 6.496570e-01
2.168600e+04 6.309535e-01
2.168700e+04 6.323465e-01
2.168800e+04 6.490560e-01
2.168900e+04 6.622565e-01
2.169000e+04 6.471690e-01
2.169100e+04 6.681180e-01
2.169200e+04 6.218090e-01
2.169300e+04 6.437345e-01
2.169400e+04 6.475515e-01
2.169500e+04 6.559935e-01
2.169600e+04 6.278085e-01
2.169700e+04 6.308675e-01
2.169800e+04 6.380295e-01
2.169900e+04 6.556810e-01
2.170000e+04 6.497835e-01
2.170100e+04 6.529735e-01
2.170200e+04 6.333435e-01
2.170300e+04 6.256245e-01
2.170400e+04 6.065800e-01
2.170500e+04 6.164945e-01
2.170600e+04 6.047430e-01
2.170700e+04 6.026420e-01
2.170800e+04 6.147835e-01
2.170900e+04 6.393740e-01
2.171000e+04 6.212005e-01
2.171100e+04 6.491765e-01
2.171200e+04 6.702120e-01
2.171300e+04 6.068780e-01
2.171400e+04 6.141460e-01
2.171500e+04 6.483625e-01
2.171600e+04 5.956020e-01
2.171700e+04 6.311275e-01
2.171800e+04 6.532800e-01
2.171900e+04 6.090100e-01
2.172000e+04 6.471685e-01
2.172100e+04 6.326970e-01
2.172200e+04 6.528305e-01
2.172300e+04 6.162475e-01
2.172400e+04 6.154130e-01
2.172500e+04 6.355295e-01
2.172600e+04 6.381510e-01
2.172700e+04 5.859985e-01
2.172800e+04 6.227515e-01
2.172900e+04 6.263040e-01
2.173000e+04 6.462500e-01
2.173100e+04 6.275345e-01
2.173200e+04 6.423265e-01
2.173300e+04 6.299700e-01
2.173400e+04 6.354110e-01
2.173500e+04 6.305875e-01
2.173600e+04 6.143130e-01
2.173700e+04 6.379310e-01
2.173800e+04 6.315260e-01
2.173900e+04 6.558810e-01
2.174000e+04 6.132960e-01
2.174100e+04 6.550960e-01
2.174200e+04 6.100500e-01
2.174300e+04 6.065470e-01
2.174400e+04 6.404890e-01
2.174500e+04 6.487610e-01
2.174600e+04 6.357935e-01
2.174700e+04 6.319885e-01
2.174800e+04 6.526950e-01
2.174900e+04 6.457910e-01
2.175000e+04 6.427420e-01
2.175100e+04 6.185405e-01
2.175200e+04 6.155555e-01
2.175300e+04 6.513940e-01
2.175400e+04 6.279835e-01
2.175500e+04 6.340890e-01
2.175600e+04 5.997775e-01
2.175700e+04 6.462415e-01
2.175800e+04 6.135900e-01
2.175900e+04 6.169600e-01
2.176000e+04 6.083215e-01
2.176100e+04 6.415965e-01
2.176200e+04 6.260880e-01
2.176300e+04 6.067465e-01
2.176400e+04 5.984075e-01
2.176500e+04 6.401590e-01
2.176600e+04 6.241680e-01
2.176700e+04 6.261345e-01
2.176800e+04 6.000425e-01
2.176900e+04 6.505370e-01
2.177000e+04 6.359120e-01
2.177100e+04 6.108400e-01
2.177200e+04 6.162455e-01
2.177300e+04 6.489565e-01
2.177400e+04 6.578610e-01
2.177500e+04 6.443525e-01
2.177600e+04 6.180445e-01
2.177700e+04 6.051345e-01
2.177800e+04 6.302845e-01
2.177900e+04 6.411805e-01
2.178000e+04 6.182675e-01
2.178100e+04 6.227110e-01
2.178200e+04 6.239765e-01
2.178300e+04 6.438290e-01
2.178400e+04 6.324895e-01
2.178500e+04 6.382005e-01
2.178600e+04 6.189365e-01
2.178700e+04 5.968775e-01
2.178800e+04 5.784435e-01
2.178900e+04 5.030500e-01
2.179000e+04 6.009345e-01
2.179100e+04 6.572305e-01
2.179200e+04 6.464985e-01
2.179300e+04 5.966735e-01
2.179400e+04 5.854380e-01
2.179500e+04 6.219115e-01
2.179600e+04 6.128365e-01
2.179700e+04 6.407785e-01
2.179800e+04 6.620640e-01
2.179900e+04 6.175215e-01
2.180000e+04 6.495180e-01
2.180100e+04 6.227315e-01
2.180200e+04 6.109220e-01
2.180300e+04 6.372705e-01
2.180400e+04 6.172030e-01
2.180500e+04 6.354225e-01
2.180600e+04 6.257040e-01
2.180700e+04 6.416465e-01
2.180800e+04 5.956050e-01
2.180900e+04 6.247580e-01
2.181000e+04 6.383785e-01
2.181100e+04 6.177280e-01
2.181200e+04 6.231255e-01
2.181300e+04 6.421435e-01
2.181400e+04 6.429490e-01
2.181500e+04 6.293215e-01
2.181600e+04 6.324880e-01
2.181700e+04 6.409095e-01
2.181800e+04 6.284660e-01
2.181900e+04 6.605750e-01
2.182000e+04 6.415290e-01
2.182100e+04 6.383125e-01
2.182200e+04 6.335210e-01
2.182300e+04 5.809145e-01
2.182400e+04 5.808075e-01
2.182500e+04 6.195505e-01
2.182600e+04 6.401340e-01
2.182700e+04 6.138370e-01
2.182800e+04 6.278950e-01
2.182900e+04 6.414600e-01
2.183000e+04 6.151730e-01
2.183100e+04 6.255920e-01
2.183200e+04 6.453660e-01
2.183300e+04 5.977585e-01
2.183400e+04 6.079490e-01
2.183500e+04 6.420630e-01
2.183600e+04 6.287435e-01
2.183700e+04 6.046755e-01
2.183800e+04 6.258235e-01
2.183900e+04 6.272895e-01
2.184000e+04 6.341340e-01
2.184100e+04 6.306975e-01
2.184200e+04 5.924120e-01
2.184300e+04 6.323975e-01
2.184400e+04 6.203220e-01
2.184500e+04 6.303255e-01
2.184600e+04 6.457815e-01
2.184700e+04 6.263605e-01
2.184800e+04 6.251345e-01
2.184900e+04 6.226365e-01
2.185000e+04 6.391835e-01
2.185100e+04 6.313335e-01
2.185200e+04 6.243220e-01
2.185300e+04 6.292195e-01
2.185400e+04 6.399405e-01
2.185500e+04 6.475955e-01
2.185600e+04 6.268930e-01
2.185700e+04 6.189205e-01
2.185800e+04 6.507840e-01
2.185900e+04 6.423715e-01
2.186000e+04 6.478505e-01
2.186100e+04 5.932335e-01
2.186200e+04 6.315015e-01
2.186300e+04 6.045225e-01
2.186400e+04 6.223835e-01
2.186500e+04 6.154640e-01
2.186600e+04 6.256945e-01
2.186700e+04 6.215525e-01
2.186800e+04 6.422160e-01
2.186900e+04 6.451365e-01
2.187000e+04 6.407815e-01
2.187100e+04 6.589135e-01
2.187200e+04 6.303000e-01
2.187300e+04 6.362235e-01
2.187400e+04 6.165160e-01
2.187500e+04 5.814645e-01
2.187600e+04 6.255545e-01
2.187700e+04 6.394405e-01
2.187800e+04 6.483045e-01
2.187900e+04 6.092795e-01
2.188000e+04 6.234805e-01
2.188100e+04 6.396895e-01
2.188200e+04 6.355670e-01
2.188300e+04 6.431320e-01
2.188400e+04 6.033515e-01
2.188500e+04 6.296030e-01
2.188600e+04 5.997890e-01
2.188700e+04 6.483245e-01
2.188800e+04 6.157830e-01
2.188900e+04 6.199570e-01
2.189000e+04 6.447150e-01
2.189100e+04 6.286435e-01
2.189200e+04 6.477620e-01
2.189300e+04 6.372110e-01
2.189400e+04 6.127595e-01
2.189500e+04 6.208505e-01
2.189600e+04 6.337470e-01
2.189700e+04 5.647935e-01
2.189800e+04 6.368725e-01
2.189900e+04 6.466535e-01
2.190000e+04 6.279965e-01
2.190100e+04 6.209815e-01
2.190200e+04 6.032180e-01
2.190300e+04 5.379645e-01
2.190400e+04 5.595360e-01
2.190500e+04 6.256710e-01
2.190600e+04 6.484230e-01
2.190700e+04 6.196230e-01
2.190800e+04 6.157500e-01
2.190900e+04 6.442695e-01
2.191000e+04 6.283780e-01
2.191100e+04 6.180475e-01
2.191200e+04 6.343495e-01
2.191300e+04 6.378345e-01
2.191400e+04 6.492960e-01
2.191500e+04 6.455985e-01
2.191600e+04 6.387445e-01
2.191700e+04 6.073900e-01
2.191800e+04 5.969675e-01
2.191900e+04 6.236415e-01
2.192000e+04 6.397930e-01
2.192100e+04 6.063970e-01
2.192200e+04 6.489290e-01
2.192300e+04 6.450665e-01
2.192400e+04 6.235950e-01
2.192500e+04 6.355195e-01
2.192600e+04 6.295285e-01
2.192700e+04 6.426760e-01
2.192800e+04 5.995710e-01
2.192900e+04 6.230900e-01
2.193000e+04 5.965475e-01
2.193100e+04 5.961370e-01
2.193200e+04 6.234310e-01
2.193300e+04 6.087960e-01
2.193400e+04 6.116325e-01
2.193500e+04 6.490780e-01
2.193600e+04 6.452115e-01
2.193700e+04 6.214745e-01
2.193800e+04 6.329610e-01
2.193900e+04 6.266475e-01
2.194000e+04 6.095410e-01
2.194100e+04 6.286620e-01
2.194200e+04 6.204480e-01
2.194300e+04 6.269265e-01
2.194400e+04 6.174550e-01
2.194500e+04 6.317870e-01
2.194600e+04 6.304070e-01
2.194700e+04 6.383580e-01
2.194800e+04 6.112650e-01
2.194900e+04 6.186810e-01
2.195000e+04 6.353385e-01
2.195100e+04 6.350105e-01
2.195200e+04 6.263585e-01
2.195300e+04 6.568915e-01
2.195400e+04 6.413970e-01
2.195500e+04 6.271280e-01
2.195600e+04 6.334815e-01
2.195700e+04 6.017085e-01
2.195800e+04 6.326655e-01
2.195900e+04 6.236300e-01
2.196000e+04 6.328180e-01
2.196100e+04 6.160935e-01
2.196200e+04 6.397370e-01
2.196300e+04 6.301215e-01
2.196400e+04 6.311400e-01
2.196500e+04 6.383770e-01
2.196600e+04 6.387930e-01
2.196700e+04 6.372420e-01
2.196800e+04 6.359085e-01
2.196900e+04 6.064630e-01
2.197000e+04 6.305250e-01
2.197100e+04 5.992355e-01
2.197200e+04 6.233970e-01
2.197300e+04 6.135780e-01
2.197400e+04 5.954985e-01
2.197500e+04 6.173995e-01
2.197600e+04 6.338285e-01
2.197700e+04 6.409415e-01
2.197800e+04 6.178125e-01
2.197900e+04 6.348250e-01
2.198000e+04 6.253885e-01
2.198100e+04 6.366865e-01
2.198200e+04 6.238540e-01
2.198300e+04 6.383540e-01
2.198400e+04 6.535960e-01
2.198500e+04 6.351645e-01
2.198600e+04 6.351670e-01
2.198700e+04 6.345270e-01
2.198800e+04 6.065365e-01
2.198900e+04 6.203030e-01
2.199000e+04 6.067810e-01
2.199100e+04 6.234940e-01
2.199200e+04 6.063340e-01
2.199300e+04 6.168120e-01
2.199400e+04 6.299470e-01
2.199500e+04 6.153550e-01
2.199600e+04 6.418970e-01
2.199700e+04 6.387980e-01
2.199800e+04 6.185410e-01
2.199900e+04 6.359085e-01
2.200000e+04 6.109665e-01
2.200100e+04 6.265375e-01
2.200200e+04 6.428285e-01
2.200300e+04 6.306950e-01
2.200400e+04 6.070740e-01
2.200500e+04 6.264760e-01
2.200600e+04 6.311205e-01
2.200700e+04 6.212575e-01
2.200800e+04 6.205715e-01
2.200900e+04 6.422090e-01
2.201000e+04 6.066550e-01
2.201100e+04 5.721955e-01
2.201200e+04 6.188515e-01
2.201300e+04 6.448825e-01
2.201400e+04 6.412370e-01
2.201500e+04 6.248625e-01
2.201600e+04 6.366500e-01
2.201700e+04 6.184170e-01
2.201800e+04 6.211115e-01
2.201900e+04 6.136425e-01
2.202000e+04 6.183165e-01
2.202100e+04 5.584550e-01
2.202200e+04 6.178265e-01
2.202300e+04 6.420395e-01
2.202400e+04 6.450585e-01
2.202500e+04 6.317460e-01
2.202600e+04 6.219795e-01
2.202700e+04 5.865455e-01
2.202800e+04 6.308375e-01
2.202900e+04 6.308770e-01
2.203000e+04 5.905575e-01
2.203100e+04 6.309605e-01
2.203200e+04 6.193585e-01
2.203300e+04 6.117240e-01
2.203400e+04 5.880075e-01
2.203500e+04 5.924190e-01
2.203600e+04 6.136240e-01
2.203700e+04 6.271575e-01
2.203800e+04 6.160265e-01
2.203900e+04 6.176170e-01
2.204000e+04 5.982035e-01
2.204100e+04 6.205605e-01
2.204200e+04 6.288660e-01
2.204300e+04 6.123545e-01
2.204400e+04 6.211130e-01
2.204500e+04 6.162675e-01
2.204600e+04 6.124215e-01
2.204700e+04 5.902145e-01
2.204800e+04 6.278930e-01
2.204900e+04 6.238130e-01
2.205000e+04 6.153245e-01
2.205100e+04 5.859550e-01
2.205200e+04 5.893490e-01
2.205300e+04 5.872290e-01
2.205400e+04 5.748485e-01
2.205500e+04 5.900550e-01
2.205600e+04 5.956455e-01
2.205700e+04 5.771650e-01
2.205800e+04 5.269655e-01
2.205900e+04 5.555095e-01
2.206000e+04 5.411980e-01
2.206100e+04 4.932127e-01
2.206200e+04 3.843589e-01
2.206300e+04 4.031867e-01
2.206400e+04 4.991403e-01
2.206500e+04 5.280535e-01
2.206600e+04 5.554335e-01
2.206700e+04 5.624710e-01
2.206800e+04 5.885605e-01
2.206900e+04 5.600420e-01
2.207000e+04 5.821535e-01
2.207100e+04 5.519005e-01
2.207200e+04 6.037580e-01
2.207300e+04 6.200520e-01
2.207400e+04 5.984945e-01
2.207500e+04 5.920020e-01
2.207600e+04 6.151285e-01
2.207700e+04 6.100920e-01
2.207800e+04 6.042520e-01
2.207900e+04 6.125525e-01
2.208000e+04 6.096890e-01
2.208100e+04 5.943235e-01
2.208200e+04 6.009335e-01
2.208300e+04 5.764935e-01
2.208400e+04 5.970890e-01
2.208500e+04 5.894970e-01
2.208600e+04 5.762790e-01
2.208700e+04 5.298940e-01
2.208800e+04 5.353055e-01
2.208900e+04 4.549873e-01
2.209000e+04 3.903436e-01
2.209100e+04 5.102390e-01
2.209200e+04 5.550875e-01
2.209300e+04 5.770875e-01
2.209400e+04 5.829925e-01
2.209500e+04 6.005690e-01
2.209600e+04 5.830525e-01
2.209700e+04 6.067225e-01
2.209800e+04 6.054805e-01
2.209900e+04 6.081575e-01
2.210000e+04 5.970025e-01
2.210100e+04 6.042060e-01
2.210200e+04 6.239340e-01
2.210300e+04 6.223725e-01
2.210400e+04 6.135715e-01
2.210500e+04 6.173340e-01
2.210600e+04 5.807295e-01
2.210700e+04 6.131030e-01
2.210800e+04 6.074960e-01
2.210900e+04 6.245680e-01
2.211000e+04 6.216200e-01
2.211100e+04 6.233205e-01
2.211200e+04 5.922040e-01
2.211300e+04 5.960635e-01
2.211400e+04 6.118410e-01
2.211500e+04 6.209050e-01
2.211600e+04 6.236090e-01
2.211700e+04 6.177650e-01
2.211800e+04 6.028485e-01
2.211900e+04 6.368750e-01
2.212000e+04 6.374980e-01
2.212100e+04 6.339990e-01
2.212200e+04 6.318320e-01
2.212300e+04 6.370455e-01
2.212400e+04 6.348945e-01
2.212500e+04 6.022340e-01
2.212600e+04 6.298040e-01
2.212700e+04 6.026985e-01
2.212800e+04 6.272630e-01
2.212900e+04 6.257540e-01
2.213000e+04 6.217265e-01
2.213100e+04 6.158330e-01
2.213200e+04 6.008830e-01
2.213300e+04 6.100685e-01
2.213400e+04 6.145265e-01
2.213500e+04 6.356005e-01
2.213600e+04 6.132450e-01
2.213700e+04 6.114145e-01
2.213800e+04 6.339665e-01
2.213900e+04 6.274730e-01
2.214000e+04 6.201125e-01
2.214100e+04 6.217900e-01
2.214200e+04 6.424370e-01
2.214300e+04 6.250120e-01
2.214400e+04 6.383180e-01
2.214500e+04 6.120330e-01
2.214600e+04 6.279870e-01
2.214700e+04 6.163530e-01
2.214800e+04 6.072060e-01
2.214900e+04 6.081335e-01
2.215000e+04 6.358075e-01
2.215100e+04 6.216690e-01
2.215200e+04 6.282680e-01
2.215300e+04 6.218150e-01
2.215400e+04 6.345055e-01
2.215500e+04 6.300650e-01
2.215600e+04 5.981155e-01
2.215700e+04 6.309175e-01
2.215800e+04 6.000315e-01
2.215900e+04 6.059085e-01
2.216000e+04 6.231270e-01
2.216100e+04 6.200055e-01
2.216200e+04 6.375705e-01
2.216300e+04 5.661000e-01
2.216400e+04 6.421415e-01
2.216500e+04 6.448500e-01
2.216600e+04 6.325735e-01
2.216700e+04 6.075180e-01
2.216800e+04 5.794900e-01
2.216900e+04 6.287075e-01
2.217000e+04 6.297015e-01
2.217100e+04 6.265465e-01
2.217200e+04 6.218715e-01
2.217300e+04 5.893705e-01
2.217400e+04 6.097445e-01
2.217500e+04 6.249245e-01
2.217600e+04 6.289415e-01
2.217700e+04 5.973705e-01
2.217800e+04 6.088100e-01
2.217900e+04 6.267545e-01
2.218000e+04 6.220720e-01
2.218100e+04 6.273630e-01
2.218200e+04 6.336445e-01
2.218300e+04 6.273805e-01
2.218400e+04 6.404245e-01
2.218500e+04 6.481740e-01
2.218600e+04 6.193790e-01
2.218700e+04 6.311575e-01
2.218800e+04 6.083420e-01
2.218900e+04 6.203160e-01
2.219000e+04 6.045440e-01
2.219100e+04 6.088220e-01
2.219200e+04 6.191265e-01
2.219300e+04 5.817235e-01
2.219400e+04 6.221790e-01
2.219500e+04 6.229935e-01
2.219600e+04 6.049290e-01
2.219700e+04 6.185585e-01
2.219800e+04 6.090870e-01
2.219900e+04 6.166200e-01
2.220000e+04 6.149695e-01
2.220100e+04 6.327305e-01
2.220200e+04 5.866015e-01
2.220300e+04 6.041075e-01
2.220400e+04 6.138760e-01
2.220500e+04 6.095255e-01
2.220600e+04 6.099100e-01
2.220700e+04 6.204490e-01
2.220800e+04 6.291445e-01
2.220900e+04 6.027150e-01
2.221000e+04 6.289965e-01
2.221100e+04 6.083215e-01
2.221200e+04 5.716525e-01
2.221300e+04 5.845045e-01
2.221400e+04 6.198405e-01
2.221500e+04 6.111925e-01
2.221600e+04 6.026610e-01
2.221700e+04 5.328110e-01
2.221800e+04 5.924305e-01
2.221900e+04 6.261190e-01
2.222000e+04 6.235670e-01
2.222100e+04 6.279040e-01
2.222200e+04 6.013950e-01
2.222300e+04 6.325895e-01
2.222400e+04 6.225400e-01
2.222500e+04 6.268960e-01
2.222600e+04 6.289645e-01
2.222700e+04 6.148440e-01
2.222800e+04 6.415335e-01
2.222900e+04 6.180640e-01
2.223000e+04 6.283130e-01
2.223100e+04 5.993780e-01
2.223200e+04 6.041815e-01
2.223300e+04 6.345240e-01
2.223400e+04 6.066725e-01
2.223500e+04 6.189750e-01
2.223600e+04 5.961905e-01
2.223700e+04 6.036975e-01
2.223800e+04 6.028185e-01
2.223900e+04 5.357580e-01
2.224000e+04 6.176530e-01
2.224100e+04 6.226040e-01
2.224200e+04 6.278890e-01
2.224300e+04 6.356730e-01
2.224400e+04 6.424710e-01
2.224500e+04 6.261800e-01
2.224600e+04 6.202970e-01
2.224700e+04 6.250490e-01
2.224800e+04 6.331095e-01
2.224900e+04 6.376995e-01
2.225000e+04 6.311670e-01
2.225100e+04 6.228570e-01
2.225200e+04 6.315715e-01
2.225300e+04 6.128180e-01
2.225400e+04 6.180310e-01
2.225500e+04 6.358225e-01
2.225600e+04 6.374570e-01
2.225700e+04 6.154645e-01
2.225800e+04 6.408610e-01
2.225900e+04 6.315075e-01
2.226000e+04 6.184970e-01
2.226100e+04 6.161290e-01
2.226200e+04 6.151200e-01
2.226300e+04 6.256775e-01
2.226400e+04 6.076490e-01
2.226500e+04 5.943530e-01
2.226600e+04 6.174175e-01
2.226700e+04 5.953700e-01
2.226800e+04 6.137330e-01
2.226900e+04 6.282165e-01
2.227000e+04 6.126285e-01
2.227100e+04 6.130010e-01
2.227200e+04 6.305435e-01
2.227300e+04 5.770375e-01
2.227400e+04 6.091600e-01
2.227500e+04 5.989195e-01
2.227600e+04 5.832930e-01
2.227700e+04 6.315635e-01
2.227800e+04 6.075165e-01
2.227900e+04 6.000110e-01
2.228000e+04 5.438015e-01
2.228100e+04 5.983255e-01
2.228200e+04 6.022420e-01
2.228300e+04 5.923975e-01
2.228400e+04 6.074425e-01
2.228500e+04 6.122695e-01
2.228600e+04 6.119445e-01
2.228700e+04 5.703050e-01
2.228800e+04 6.120695e-01
2.228900e+04 5.703710e-01
2.229000e+04 5.951135e-01
2.229100e+04 5.950405e-01
2.229200e+04 6.027600e-01
2.229300e+04 6.215785e-01
2.229400e+04 6.304830e-01
2.229500e+04 5.922815e-01
2.229600e+04 6.176695e-01
2.229700e+04 6.263395e-01
2.229800e+04 6.043365e-01
2.229900e+04 6.074095e-01
2.230000e+04 6.089275e-01
2.230100e+04 6.193810e-01
2.230200e+04 5.877260e-01
2.230300e+04 6.227905e-01
2.230400e+04 5.956675e-01
2.230500e+04 5.729885e-01
2.230600e+04 6.269075e-01
2.230700e+04 6.264505e-01
2.230800e+04 6.388590e-01
2.230900e+04 6.337920e-01
2.231000e+04 6.169330e-01
2.231100e+04 6.155490e-01
2.231200e+04 6.313935e-01
2.231300e+04 6.158215e-01
2.231400e+04 6.046975e-01
2.231500e+04 6.216310e-01
2.231600e+04 6.088640e-01
2.231700e+04 5.640770e-01
2.231800e+04 5.862205e-01
2.231900e+04 6.138015e-01
2.232000e+04 6.204870e-01
2.232100e+04 6.326505e-01
2.232200e+04 6.250535e-01
2.232300e+04 6.237660e-01
2.232400e+04 6.026310e-01
2.232500e+04 6.136750e-01
2.232600e+04 6.340515e-01
2.232700e+04 6.315915e-01
2.232800e+04 6.002475e-01
2.232900e+04 6.128690e-01
2.233000e+04 6.018310e-01
2.233100e+04 6.215450e-01
2.233200e+04 6.077550e-01
2.233300e+04 5.660395e-01
2.233400e+04 6.048495e-01
2.233500e+04 6.162545e-01
2.233600e+04 6.171950e-01
2.233700e+04 6.099585e-01
2.233800e+04 6.053940e-01
2.233900e+04 5.951030e-01
2.234000e+04 6.143910e-01
2.234100e+04 6.101050e-01
2.234200e+04 6.205800e-01
2.234300e+04 6.153455e-01
2.234400e+04 6.120305e-01
2.234500e+04 6.112585e-01
2.234600e+04 5.888895e-01
2.234700e+04 6.178000e-01
2.234800e+04 5.885545e-01
2.234900e+04 5.878675e-01
2.235000e+04 6.159945e-01
2.235100e+04 6.163495e-01
2.235200e+04 6.282060e-01
2.235300e+04 6.003835e-01
2.235400e+04 5.958605e-01
2.235500e+04 6.162360e-01
2.235600e+04 6.024390e-01
2.235700e+04 6.238050e-01
2.235800e+04 5.904445e-01
2.235900e+04 6.085015e-01
2.236000e+04 6.186610e-01
2.236100e+04 6.193795e-01
2.236200e+04 5.952165e-01
2.236300e+04 6.154185e-01
2.236400e+04 5.705470e-01
2.236500e+04 6.045930e-01
2.236600e+04 6.078955e-01
2.236700e+04 6.162235e-01
2.236800e+04 6.207015e-01
2.236900e+04 6.260340e-01
2.237000e+04 6.204670e-01
2.237100e+04 6.225230e-01
2.237200e+04 6.139865e-01
2.237300e+04 6.253360e-01
2.237400e+04 6.169645e-01
2.237500e+04 6.226975e-01
2.237600e+04 6.091880e-01
2.237700e+04 6.100935e-01
2.237800e+04 6.148635e-01
2.237900e+04 6.122355e-01
2.238000e+04 6.166170e-01
2.238100e+04 6.110325e-01
2.238200e+04 6.228590e-01
2.238300e+04 6.027995e-01
2.238400e+04 6.197695e-01
2.238500e+04 6.106785e-01
2.238600e+04 6.055480e-01
2.238700e+04 5.911960e-01
2.238800e+04 6.225655e-01
2.238900e+04 6.130760e-01
2.239000e+04 5.748375e-01
2.239100e+04 6.125175e-01
2.239200e+04 6.054685e-01
2.239300e+04 6.209935e-01
2.239400e+04 6.331010e-01
2.239500e+04 6.246090e-01
2.239600e+04 6.207165e-01
2.239700e+04 6.166515e-01
2.239800e+04 6.280545e-01
2.239900e+04 6.260985e-01
2.240000e+04 6.103040e-01
2.240100e+04 5.737825e-01
2.240200e+04 6.180415e-01
2.240300e+04 5.942075e-01
2.240400e+04 6.186625e-01
2.240500e+04 6.195930e-01
2.240600e+04 6.275190e-01
2.240700e+04 6.186485e-01
2.240800e+04 6.109365e-01
2.240900e+04 6.330475e-01
2.241000e+04 6.243055e-01
2.241100e+04 6.086485e-01
2.241200e+04 6.258450e-01
2.241300e+04 6.120090e-01
2.241400e+04 6.109750e-01
2.241500e+04 6.193390e-01
2.241600e+04 6.186210e-01
2.241700e+04 6.162420e-01
2.241800e+04 5.828615e-01
2.241900e+04 5.690580e-01
2.242000e+04 6.195505e-01
2.242100e+04 6.096660e-01
2.242200e+04 6.005555e-01
2.242300e+04 6.236415e-01
2.242400e+04 6.215905e-01
2.242500e+04 6.137150e-01
2.242600e+04 6.148595e-01
2.242700e+04 5.819720e-01
2.242800e+04 5.936655e-01
2.242900e+04 6.188545e-01
2.243000e+04 6.226480e-01
2.243100e+04 5.760450e-01
2.243200e+04 6.196960e-01
2.243300e+04 6.140030e-01
2.243400e+04 6.088010e-01
2.243500e+04 5.883095e-01
2.243600e+04 5.802865e-01
2.243700e+04 6.100965e-01
2.243800e+04 6.304875e-01
2.243900e+04 6.349495e-01
2.244000e+04 6.286935e-01
2.244100e+04 6.016995e-01
2.244200e+04 5.837335e-01
2.244300e+04 6.035075e-01
2.244400e+04 5.945550e-01
2.244500e+04 6.199555e-01
2.244600e+04 6.205535e-01
2.244700e+04 6.317700e-01
2.244800e+04 5.670780e-01
2.244900e+04 6.034685e-01
2.245000e+04 5.729245e-01
2.245100e+04 5.988940e-01
2.245200e+04 6.075870e-01
2.245300e+04 6.343440e-01
2.245400e+04 6.267050e-01
2.245500e+04 6.252400e-01
2.245600e+04 6.127680e-01
2.245700e+04 6.233850e-01
2.245800e+04 6.213695e-01
2.245900e+04 6.163400e-01
2.246000e+04 6.170750e-01
2.246100e+04 5.917140e-01
2.246200e+04 6.229835e-01
2.246300e+04 6.030490e-01
2.246400e+04 6.007100e-01
2.246500e+04 6.103125e-01
2.246600e+04 6.109455e-01
2.246700e+04 5.689165e-01
2.246800e+04 6.134350e-01
2.246900e+04 6.162955e-01
2.247000e+04 6.204555e-01
2.247100e+04 6.159625e-01
2.247200e+04 6.260650e-01
2.247300e+04 6.018995e-01
2.247400e+04 6.012670e-01
2.247500e+04 6.140545e-01
2.247600e+04 5.904570e-01
2.247700e+04 6.013870e-01
2.247800e+04 6.148330e-01
2.247900e+04 6.283110e-01
2.248000e+04 6.182275e-01
2.248100e+04 6.005510e-01
2.248200e+04 6.193510e-01
2.248300e+04 5.500625e-01
2.248400e+04 6.067000e-01
2.248500e+04 6.235020e-01
2.248600e+04 6.044695e-01
2.248700e+04 6.262615e-01
2.248800e+04 6.185645e-01
2.248900e+04 6.300140e-01
2.249000e+04 6.165285e-01
2.249100e+04 6.260605e-01
2.249200e+04 6.193500e-01
2.249300e+04 6.071215e-01
2.249400e+04 5.982000e-01
2.249500e+04 6.115525e-01
2.249600e+04 6.286905e-01
2.249700e+04 5.939595e-01
2.249800e+04 6.016955e-01
2.249900e+04 6.127140e-01
2.250000e+04 6.200500e-01
2.250100e+04 5.570600e-01
2.250200e+04 6.199210e-01
2.250300e+04 5.784285e-01
2.250400e+04 6.098105e-01
2.250500e+04 5.760725e-01
2.250600e+04 6.277665e-01
2.250700e+04 6.074610e-01
2.250800e+04 6.137515e-01
2.250900e+04 5.875595e-01
2.251000e+04 6.154760e-01
2.251100e+04 6.207425e-01
2.251200e+04 6.133005e-01
2.251300e+04 6.205440e-01
2.251400e+04 6.277125e-01
2.251500e+04 6.195685e-01
2.251600e+04 6.211720e-01
2.251700e+04 5.692610e-01
2.251800e+04 6.212690e-01
2.251900e+04 5.884535e-01
2.252000e+04 6.052205e-01
2.252100e+04 6.203125e-01
2.252200e+04 5.977165e-01
2.252300e+04 6.096895e-01
2.252400e+04 5.994100e-01
2.252500e+04 6.138195e-01
2.252600e+04 6.234735e-01
2.252700e+04 6.115785e-01
2.252800e+04 5.652255e-01
2.252900e+04 5.916485e-01
2.253000e+04 6.191810e-01
2.253100e+04 6.238610e-01
2.253200e+04 6.070945e-01
2.253300e+04 6.234755e-01
2.253400e+04 6.112150e-01
2.253500e+04 6.136110e-01
2.253600e+04 6.015215e-01
2.253700e+04 5.721445e-01
2.253800e+04 6.182355e-01
2.253900e+04 6.127100e-01
2.254000e+04 6.157050e-01
2.254100e+04 6.174855e-01
2.254200e+04 6.049030e-01
2.254300e+04 6.119365e-01
2.254400e+04 5.908340e-01
2.254500e+04 5.874425e-01
2.254600e+04 5.910410e-01
2.254700e+04 6.054735e-01
2.254800e+04 6.119500e-01
2.254900e+04 5.817220e-01
2.255000e+04 5.712885e-01
2.255100e+04 6.018310e-01
2.255200e+04 6.120870e-01
2.255300e+04 5.843105e-01
2.255400e+04 6.092720e-01
2.255500e+04 6.139805e-01
2.255600e+04 6.157795e-01
2.255700e+04 6.083970e-01
2.255800e+04 6.169575e-01
2.255900e+04 5.706965e-01
2.256000e+04 6.099685e-01
2.256100e+04 6.058605e-01
2.256200e+04 6.190395e-01
2.256300e+04 6.188245e-01
2.256400e+04 5.859030e-01
2.256500e+04 6.049690e-01
2.256600e+04 6.116720e-01
2.256700e+04 6.133280e-01
2.256800e+04 6.262500e-01
2.256900e+04 6.185570e-01
2.257000e+04 6.153865e-01
2.257100e+04 6.037565e-01
2.257200e+04 6.134860e-01
2.257300e+04 6.112455e-01
2.257400e+04 5.943955e-01
2.257500e+04 5.917905e-01
2.257600e+04 5.936670e-01
2.257700e+04 6.021220e-01
2.257800e+04 5.735290e-01
2.257900e+04 5.524185e-01
2.258000e+04 6.083640e-01
2.258100e+04 6.019350e-01
2.258200e+04 6.160595e-01
2.258300e+04 6.166560e-01
2.258400e+04 5.867515e-01
2.258500e+04 6.066470e-01
2.258600e+04 5.758250e-01
2.258700e+04 6.075480e-01
2.258800e+04 6.077430e-01
2.258900e+04 6.159790e-01
2.259000e+04 6.123770e-01
2.259100e+04 6.159010e-01
2.259200e+04 5.912595e-01
2.259300e+04 5.797230e-01
2.259400e+04 6.000740e-01
2.259500e+04 5.973680e-01
2.259600e+04 5.983725e-01
2.259700e+04 6.029730e-01
2.259800e+04 6.157505e-01
2.259900e+04 6.146925e-01
2.260000e+04 6.125220e-01
2.260100e+04 5.910760e-01
2.260200e+04 6.071410e-01
2.260300e+04 5.892355e-01
2.260400e+04 5.834430e-01
2.260500e+04 5.990895e-01
2.260600e+04 5.905480e-01
2.260700e+04 6.029840e-01
2.260800e+04 6.095665e-01
2.260900e+04 5.997835e-01
2.261000e+04 5.955550e-01
2.261100e+04 6.082660e-01
2.261200e+04 6.036300e-01
2.261300e+04 5.722765e-01
2.261400e+04 5.613445e-01
2.261500e+04 5.828210e-01
2.261600e+04 5.990300e-01
2.261700e+04 5.944050e-01
2.261800e+04 6.002840e-01
2.261900e+04 5.991205e-01
2.262000e+04 5.954395e-01
2.262100e+04 5.746300e-01
2.262200e+04 5.981510e-01
2.262300e+04 6.049265e-01
2.262400e+04 5.891175e-01
2.262500e+04 6.034125e-01
2.262600e+04 5.784765e-01
2.262700e+04 5.817240e-01
2.262800e+04 5.892510e-01
2.262900e+04 5.988100e-01
2.263000e+04 5.887035e-01
2.263100e+04 5.550945e-01
2.263200e+04 5.090685e-01
2.263300e+04 5.792175e-01
2.263400e+04 5.922155e-01
2.263500e+04 5.966105e-01
2.263600e+04 6.156265e-01
2.263700e+04 6.138400e-01
2.263800e+04 5.779430e-01
2.263900e+04 5.617715e-01
2.264000e+04 6.173035e-01
2.264100e+04 5.986760e-01
2.264200e+04 5.849345e-01
2.264300e+04 5.957650e-01
2.264400e+04 5.851245e-01
2.264500e+04 6.128665e-01
2.264600e+04 6.029205e-01
2.264700e+04 5.385780e-01
2.264800e+04 6.011505e-01
2.264900e+04 5.596360e-01
2.265000e+04 6.134860e-01
2.265100e+04 6.026305e-01
2.265200e+04 6.082125e-01
2.265300e+04 6.070665e-01
2.265400e+04 5.909985e-01
2.265500e+04 5.846515e-01
2.265600e+04 5.801250e-01
2.265700e+04 5.438435e-01
2.265800e+04 5.620165e-01
2.265900e+04 5.895840e-01
2.266000e+04 5.849385e-01
2.266100e+04 5.950185e-01
2.266200e+04 6.058385e-01
2.266300e+04 5.900490e-01
2.266400e+04 5.819330e-01
2.266500e+04 5.894355e-01
2.266600e+04 5.991215e-01
2.266700e+04 5.934170e-01
2.266800e+04 5.954920e-01
2.266900e+04 5.781255e-01
2.267000e+04 6.144270e-01
2.267100e+04 5.989655e-01
2.267200e+04 5.946770e-01
2.267300e+04 5.994060e-01
2.267400e+04 6.148765e-01
2.267500e+04 6.010660e-01
2.267600e+04 5.975785e-01
2.267700e+04 5.704285e-01
2.267800e+04 6.099795e-01
2.267900e+04 6.144200e-01
2.268000e+04 6.053620e-01
2.268100e+04 6.087335e-01
2.268200e+04 5.836710e-01
2.268300e+04 6.096650e-01
2.268400e+04 6.050440e-01
2.268500e+04 6.179870e-01
2.268600e+04 6.144220e-01
2.268700e+04 5.912275e-01
2.268800e+04 5.537565e-01
2.268900e+04 5.894485e-01
2.269000e+04 6.041325e-01
2.269100e+04 6.099765e-01
2.269200e+04 5.893195e-01
2.269300e+04 6.108365e-01
2.269400e+04 6.115200e-01
2.269500e+04 5.997145e-01
2.269600e+04 5.792800e-01
2.269700e+04 5.967990e-01
2.269800e+04 6.060395e-01
2.269900e+04 5.974765e-01
2.270000e+04 6.036985e-01
2.270100e+04 6.066965e-01
2.270200e+04 5.818660e-01
2.270300e+04 5.482100e-01
2.270400e+04 5.644360e-01
2.270500e+04 6.014590e-01
2.270600e+04 6.029510e-01
2.270700e+04 6.047300e-01
2.270800e+04 6.011260e-01
2.270900e+04 5.413470e-01
2.271000e+04 6.038155e-01
2.271100e+04 6.075485e-01
2.271200e+04 5.997315e-01
2.271300e+04 6.049185e-01
2.271400e+04 6.031740e-01
2.271500e+04 5.807490e-01
2.271600e+04 5.898205e-01
2.271700e+04 5.960550e-01
2.271800e+04 6.040925e-01
2.271900e+04 6.021100e-01
2.272000e+04 5.679445e-01
2.272100e+04 5.808690e-01
2.272200e+04 5.951205e-01
2.272300e+04 6.077355e-01
2.272400e+04 5.902220e-01
2.272500e+04 5.625020e-01
2.272600e+04 6.077900e-01
2.272700e+04 6.010580e-01
2.272800e+04 6.059110e-01
2.272900e+04 6.025390e-01
2.273000e+04 5.771265e-01
2.273100e+04 5.929890e-01
2.273200e+04 6.113290e-01
2.273300e+04 5.885750e-01
2.273400e+04 5.914450e-01
2.273500e+04 5.911180e-01
2.273600e+04 6.107970e-01
2.273700e+04 6.116775e-01
2.273800e+04 5.985600e-01
2.273900e+04 5.951755e-01
2.274000e+04 5.626320e-01
2.274100e+04 5.970320e-01
2.274200e+04 5.807805e-01
2.274300e+04 5.997035e-01
2.274400e+04 5.976305e-01
2.274500e+04 5.762180e-01
2.274600e+04 5.826510e-01
2.274700e+04 5.478855e-01
2.274800e+04 6.107375e-01
2.274900e+04 6.012530e-01
2.275000e+04 6.068920e-01
2.275100e+04 6.025515e-01
2.275200e+04 6.118640e-01
2.275300e+04 6.014960e-01
2.275400e+04 6.008610e-01
2.275500e+04 6.114530e-01
2.275600e+04 6.039630e-01
2.275700e+04 5.943365e-01
2.275800e+04 6.087300e-01
2.275900e+04 5.984070e-01
2.276000e+04 5.899445e-01
2.276100e+04 5.741540e-01
2.276200e+04 5.825225e-01
2.276300e+04 5.772520e-01
2.276400e+04 6.124815e-01
2.276500e+04 6.122055e-01
2.276600e+04 6.073810e-01
2.276700e+04 5.787425e-01
2.276800e+04 6.025550e-01
2.276900e+04 6.074540e-01
2.277000e+04 6.043975e-01
2.277100e+04 5.978095e-01
2.277200e+04 5.861250e-01
2.277300e+04 6.007725e-01
2.277400e+04 5.986360e-01
2.277500e+04 6.032875e-01
2.277600e+04 5.872975e-01
2.277700e+04 6.035985e-01
2.277800e+04 5.807595e-01
2.277900e+04 5.847670e-01
2.278000e+04 5.961460e-01
2.278100e+04 6.104770e-01
2.278200e+04 6.086355e-01
2.278300e+04 5.876515e-01
2.278400e+04 5.993485e-01
2.278500e+04 5.980115e-01
2.278600e+04 5.690095e-01
2.278700e+04 5.691975e-01
2.278800e+04 5.840665e-01
2.278900e+04 5.994690e-01
2.279000e+04 5.993650e-01
2.279100e+04 5.385545e-01
2.279200e+04 5.961575e-01
2.279300e+04 6.037625e-01
2.279400e+04 5.603205e-01
2.279500e+04 6.035395e-01
2.279600e+04 5.879630e-01
2.279700e+04 6.105125e-01
2.279800e+04 5.902060e-01
2.279900e+04 6.063040e-01
2.280000e+04 5.999800e-01
2.280100e+04 5.615820e-01
2.280200e+04 5.675595e-01
2.280300e+04 5.812760e-01
2.280400e+04 5.802825e-01
2.280500e+04 6.023275e-01
2.280600e+04 6.072715e-01
2.280700e+04 5.520365e-01
2.280800e+04 5.283910e-01
2.280900e+04 5.655545e-01
2.281000e+04 5.796080e-01
2.281100e+04 6.050870e-01
2.281200e+04 5.852885e-01
2.281300e+04 6.039405e-01
2.281400e+04 6.070480e-01
2.281500e+04 6.011695e-01
2.281600e+04 6.032650e-01
2.281700e+04 5.923055e-01
2.281800e+04 5.896395e-01
2.281900e+04 5.982885e-01
2.282000e+04 5.923060e-01
2.282100e+04 5.945955e-01
2.282200e+04 5.885175e-01
2.282300e+04 5.789315e-01
2.282400e+04 5.962785e-01
2.282500e+04 5.941610e-01
2.282600e+04 5.812385e-01
2.282700e+04 5.459450e-01
2.282800e+04 5.607375e-01
2.282900e+04 5.837865e-01
2.283000e+04 5.922600e-01
2.283100e+04 5.703040e-01
2.283200e+04 5.487600e-01
2.283300e+04 5.828390e-01
2.283400e+04 5.877665e-01
2.283500e+04 6.012625e-01
2.283600e+04 5.950235e-01
2.283700e+04 5.970205e-01
2.283800e+04 5.884070e-01
2.283900e+04 5.639015e-01
2.284000e+04 5.704045e-01
2.284100e+04 5.926480e-01
2.284200e+04 5.955570e-01
2.284300e+04 5.927080e-01
2.284400e+04 5.887060e-01
2.284500e+04 5.021640e-01
2.284600e+04 5.830430e-01
2.284700e+04 5.811590e-01
2.284800e+04 5.744890e-01
2.284900e+04 5.965165e-01
2.285000e+04 5.878055e-01
2.285100e+04 6.031855e-01
2.285200e+04 6.080415e-01
2.285300e+04 5.900415e-01
2.285400e+04 5.951325e-01
2.285500e+04 5.882585e-01
2.285600e+04 6.044075e-01
2.285700e+04 5.606005e-01
2.285800e+04 5.963720e-01
2.285900e+04 5.819995e-01
2.286000e+04 5.884780e-01
2.286100e+04 5.945720e-01
2.286200e+04 5.816010e-01
2.286300e+04 5.963260e-01
2.286400e+04 6.030380e-01
2.286500e+04 6.061850e-01
2.286600e+04 5.958605e-01
2.286700e+04 6.003340e-01
2.286800e+04 5.822670e-01
2.286900e+04 5.769180e-01
2.287000e+04 5.878510e-01
2.287100e+04 5.862580e-01
2.287200e+04 6.072385e-01
2.287300e+04 6.151630e-01
2.287400e+04 5.763910e-01
2.287500e+04 5.889985e-01
2.287600e+04 5.906435e-01
2.287700e+04 5.707200e-01
2.287800e+04 5.840125e-01
2.287900e+04 5.967190e-01
2.288000e+04 5.931465e-01
2.288100e+04 5.989030e-01
2.288200e+04 6.056045e-01
2.288300e+04 5.997485e-01
2.288400e+04 5.995360e-01
2.288500e+04 5.793120e-01
2.288600e+04 5.769175e-01
2.288700e+04 5.815570e-01
2.288800e+04 5.923775e-01
2.288900e+04 5.945785e-01
2.289000e+04 5.783105e-01
2.289100e+04 5.862275e-01
2.289200e+04 5.885405e-01
2.289300e+04 5.829935e-01
2.289400e+04 5.859310e-01
2.289500e+04 5.773160e-01
2.289600e+04 5.988835e-01
2.289700e+04 5.707440e-01
2.289800e+04 6.005375e-01
2.289900e+04 6.087420e-01
2.290000e+04 5.998585e-01
2.290100e+04 6.028090e-01
2.290200e+04 5.927240e-01
2.290300e+04 5.700440e-01
2.290400e+04 5.872120e-01
2.290500e+04 6.042720e-01
2.290600e+04 5.988465e-01
2.290700e+04 5.771275e-01
2.290800e+04 5.934055e-01
2.290900e+04 5.966805e-01
2.291000e+04 5.946280e-01
2.291100e+04 6.002420e-01
2.291200e+04 5.965540e-01
2.291300e+04 5.601990e-01
2.291400e+04 5.952290e-01
2.291500e+04 5.886410e-01
2.291600e+04 5.909480e-01
2.291700e+04 5.351950e-01
2.291800e+04 5.473955e-01
2.291900e+04 5.788605e-01
2.292000e+04 5.652295e-01
2.292100e+04 6.047785e-01
2.292200e+04 5.868315e-01
2.292300e+04 5.748520e-01
2.292400e+04 6.041915e-01
2.292500e+04 5.798990e-01
2.292600e+04 5.765605e-01
2.292700e+04 5.821385e-01
2.292800e+04 5.973050e-01
2.292900e+04 5.652755e-01
2.293000e+04 5.840460e-01
2.293100e+04 5.314240e-01
2.293200e+04 5.907930e-01
2.293300e+04 5.903845e-01
2.293400e+04 5.727865e-01
2.293500e+04 4.209668e-01
2.293600e+04 3.641843e-01
2.293700e+04 4.257780e-01
2.293800e+04 4.215944e-01
2.293900e+04 4.521761e-01
2.294000e+04 4.841608e-01
2.294100e+04 4.616348e-01
2.294200e+04 4.651960e-01
2.294300e+04 5.078410e-01
2.294400e+04 4.140555e-01
2.294500e+04 5.714180e-01
2.294600e+04 4.891763e-01
2.294700e+04 4.368804e-01
2.294800e+04 5.560575e-01
2.294900e+04 5.259560e-01
2.295000e+04 4.190343e-01
2.295100e+04 5.181615e-01
2.295200e+04 5.644450e-01
2.295300e+04 4.919222e-01
2.295400e+04 4.356476e-01
2.295500e+04 5.703420e-01
2.295600e+04 5.579955e-01
2.295700e+04 5.044575e-01
2.295800e+04 4.294081e-01
2.295900e+04 5.738270e-01
2.296000e+04 5.648040e-01
2.296100e+04 5.734625e-01
2.296200e+04 4.758980e-01
2.296300e+04 4.430330e-01
2.296400e+04 5.542395e-01
2.296500e+04 5.575030e-01
2.296600e+04 5.396340e-01
2.296700e+04 4.663312e-01
2.296800e+04 4.629396e-01
2.296900e+04 5.485790e-01
2.297000e+04 5.244230e-01
2.297100e+04 5.561660e-01
2.297200e+04 4.966234e-01
2.297300e+04 4.283505e-01
2.297400e+04 5.760870e-01
2.297500e+04 5.877250e-01
2.297600e+04 5.778735e-01
2.297700e+04 5.596860e-01
2.297800e+04 4.681683e-01
2.297900e+04 4.553777e-01
2.298000e+04 5.629465e-01
2.298100e+04 5.618690e-01
2.298200e+04 5.808290e-01
2.298300e+04 5.589175e-01
2.298400e+04 4.995401e-01
2.298500e+04 4.430186e-01
2.298600e+04 5.556525e-01
2.298700e+04 5.539960e-01
2.298800e+04 5.780305e-01
2.298900e+04 5.913790e-01
2.299000e+04 5.352865e-01
2.299100e+04 4.082338e-01
2.299200e+04 5.056255e-01
2.299300e+04 5.476950e-01
2.299400e+04 5.790810e-01
2.299500e+04 5.842975e-01
2.299600e+04 5.863290e-01
2.299700e+04 5.607235e-01
2.299800e+04 4.064069e-01
2.299900e+04 5.651660e-01
2.300000e+04 5.796355e-01
2.300100e+04 5.810840e-01
2.300200e+04 5.735870e-01
2.300300e+04 5.886170e-01
2.300400e+04 5.537470e-01
2.300500e+04 4.272375e-01
2.300600e+04 4.878206e-01
2.300700e+04 5.703675e-01
2.300800e+04 5.770640e-01
2.300900e+04 5.746845e-01
2.301000e+04 5.752980e-01
2.301100e+04 5.448975e-01
2.301200e+04 5.239315e-01
2.301300e+04 3.976362e-01
2.301400e+04 5.261460e-01
2.301500e+04 5.498905e-01
2.301600e+04 5.725980e-01
2.301700e+04 5.793360e-01
2.301800e+04 5.777610e-01
2.301900e+04 5.762830e-01
2.302000e+04 5.713430e-01
2.302100e+04 4.273978e-01
2.302200e+04 5.522605e-01
2.302300e+04 5.891615e-01
2.302400e+04 5.753835e-01
2.302500e+04 5.855600e-01
2.302600e+04 5.843460e-01
2.302700e+04 5.717070e-01
2.302800e+04 5.321080e-01
2.302900e+04 5.223880e-01
2.303000e+04 4.155058e-01
2.303100e+04 5.630335e-01
2.303200e+04 5.484850e-01
2.303300e+04 5.821220e-01
2.303400e+04 5.565700e-01
2.303500e+04 5.514175e-01
2.303600e+04 5.695880e-01
2.303700e+04 5.613000e-01
2.303800e+04 5.291955e-01
2.303900e+04 3.973389e-01
2.304000e+04 5.673345e-01
2.304100e+04 5.715255e-01
2.304200e+04 5.842550e-01
2.304300e+04 5.856365e-01
2.304400e+04 5.850360e-01
2.304500e+04 5.870180e-01
2.304600e+04 5.771760e-01
2.304700e+04 5.420540e-01
2.304800e+04 4.028835e-01
2.304900e+04 5.397415e-01
2.305000e+04 5.587970e-01
2.305100e+04 5.549825e-01
2.305200e+04 5.769070e-01
2.305300e+04 5.715130e-01
2.305400e+04 5.512115e-01
2.305500e+04 5.386590e-01
2.305600e+04 5.430645e-01
2.305700e+04 5.418825e-01
2.305800e+04 4.097848e-01
2.305900e+04 5.423715e-01
2.306000e+04 5.642425e-01
2.306100e+04 5.716310e-01
2.306200e+04 5.767660e-01
2.306300e+04 5.777815e-01
2.306400e+04 5.791375e-01
2.306500e+04 5.429700e-01
2.306600e+04 5.442240e-01
2.306700e+04 5.498625e-01
2.306800e+04 4.032867e-01
2.306900e+04 5.443880e-01
2.307000e+04 5.687580e-01
2.307100e+04 5.818735e-01
2.307200e+04 5.843220e-01
2.307300e+04 5.817560e-01
2.307400e+04 5.637755e-01
2.307500e+04 5.717735e-01
2.307600e+04 4.908783e-01
2.307700e+04 5.689470e-01
2.307800e+04 4.529063e-01
2.307900e+04 5.121745e-01
2.308000e+04 5.441365e-01
2.308100e+04 5.756245e-01
2.308200e+04 5.790805e-01
2.308300e+04 5.829035e-01
2.308400e+04 5.638535e-01
2.308500e+04 5.858805e-01
2.308600e+04 5.803165e-01
2.308700e+04 5.652990e-01
2.308800e+04 5.576785e-01
2.308900e+04 4.260476e-01
2.309000e+04 5.178050e-01
2.309100e+04 5.460845e-01
2.309200e+04 5.479640e-01
2.309300e+04 5.824175e-01
2.309400e+04 5.801740e-01
2.309500e+04 5.828890e-01
2.309600e+04 5.102735e-01
2.309700e+04 5.277770e-01
2.309800e+04 5.535840e-01
2.309900e+04 5.561300e-01
2.310000e+04 5.348050e-01
2.310100e+04 4.321439e-01
2.310200e+04 5.713385e-01
2.310300e+04 5.631375e-01
2.310400e+04 5.589555e-01
2.310500e+04 5.366750e-01
2.310600e+04 5.488965e-01
2.310700e+04 5.719595e-01
2.310800e+04 5.613490e-01
2.310900e+04 5.399860e-01
2.311000e+04 5.508965e-01
2.311100e+04 5.075015e-01
2.311200e+04 4.450265e-01
2.311300e+04 5.014220e-01
2.311400e+04 5.793950e-01
2.311500e+04 5.589835e-01
2.311600e+04 5.174265e-01
2.311700e+04 5.471765e-01
2.311800e+04 5.737940e-01
2.311900e+04 5.566235e-01
2.312000e+04 5.807845e-01
2.312100e+04 5.382860e-01
2.312200e+04 5.779445e-01
2.312300e+04 5.547105e-01
2.312400e+04 4.982854e-01
2.312500e+04 4.591212e-01
2.312600e+04 5.553630e-01
2.312700e+04 5.495835e-01
2.312800e+04 5.673000e-01
2.312900e+04 5.568775e-01
2.313000e+04 5.632080e-01
2.313100e+04 5.339360e-01
2.313200e+04 5.634295e-01
2.313300e+04 5.672135e-01
2.313400e+04 5.718525e-01
2.313500e+04 5.788050e-01
2.313600e+04 5.770800e-01
2.313700e+04 4.020616e-01
2.313800e+04 5.474385e-01
2.313900e+04 5.654170e-01
2.314000e+04 5.488575e-01
2.314100e+04 4.845801e-01
2.314200e+04 5.696675e-01
2.314300e+04 5.617120e-01
2.314400e+04 5.720260e-01
2.314500e+04 5.733820e-01
2.314600e+04 5.429305e-01
2.314700e+04 5.127580e-01
2.314800e+04 5.142800e-01
2.314900e+04 4.914751e-01
2.315000e+04 3.723728e-01
2.315100e+04 5.516850e-01
2.315200e+04 5.405175e-01
2.315300e+04 5.702920e-01
2.315400e+04 5.700290e-01
2.315500e+04 5.549480e-01
2.315600e+04 5.713545e-01
2.315700e+04 5.665315e-01
2.315800e+04 5.655360e-01
2.315900e+04 5.649530e-01
2.316000e+04 5.348785e-01
2.316100e+04 5.608770e-01
2.316200e+04 5.469955e-01
2.316300e+04 4.276339e-01
2.316400e+04 4.953888e-01
2.316500e+04 5.074585e-01
2.316600e+04 5.769220e-01
2.316700e+04 5.361495e-01
2.316800e+04 5.722620e-01
2.316900e+04 5.529795e-01
2.317000e+04 5.792680e-01
2.317100e+04 5.464910e-01
2.317200e+04 5.646650e-01
2.317300e+04 5.541925e-01
2.317400e+04 5.590540e-01
2.317500e+04 4.912835e-01
2.317600e+04 5.412845e-01
2.317700e+04 4.092762e-01
2.317800e+04 5.405275e-01
2.317900e+04 5.683460e-01
2.318000e+04 5.783780e-01
2.318100e+04 5.267910e-01
2.318200e+04 5.321435e-01
2.318300e+04 5.614580e-01
2.318400e+04 5.643115e-01
2.318500e+04 5.394915e-01
2.318600e+04 5.773865e-01
2.318700e+04 5.760170e-01
2.318800e+04 5.761200e-01
2.318900e+04 5.619500e-01
2.319000e+04 5.593600e-01
2.319100e+04 4.273067e-01
2.319200e+04 5.207230e-01
2.319300e+04 5.681865e-01
2.319400e+04 5.761475e-01
2.319500e+04 5.781925e-01
2.319600e+04 4.788517e-01
2.319700e+04 5.551845e-01
2.319800e+04 5.824960e-01
2.319900e+04 5.661915e-01
2.320000e+04 5.495505e-01
2.320100e+04 5.850865e-01
2.320200e+04 5.776250e-01
2.320300e+04 5.446610e-01
2.320400e+04 5.291465e-01
2.320500e+04 5.081190e-01
2.320600e+04 4.014140e-01
2.320700e+04 5.545125e-01
2.320800e+04 5.229320e-01
2.320900e+04 5.282475e-01
2.321000e+04 5.299420e-01
2.321100e+04 5.179090e-01
2.321200e+04 5.248145e-01
2.321300e+04 5.703165e-01
2.321400e+04 5.758615e-01
2.321500e+04 5.503890e-01
2.321600e+04 5.527710e-01
2.321700e+04 5.491740e-01
2.321800e+04 5.615270e-01
2.321900e+04 5.597725e-01
2.322000e+04 5.419865e-01
2.322100e+04 4.025661e-01
2.322200e+04 5.141650e-01
2.322300e+04 5.438580e-01
2.322400e+04 5.486145e-01
2.322500e+04 5.624545e-01
2.322600e+04 4.678640e-01
2.322700e+04 3.197224e-01
2.322800e+04 3.857967e-01
2.322900e+04 4.236691e-01
2.323000e+04 3.709361e-01
2.323100e+04 4.629243e-01
2.323200e+04 4.024008e-01
2.323300e+04 5.166290e-01
2.323400e+04 4.263297e-01
2.323500e+04 4.782894e-01
2.323600e+04 4.127745e-01
2.323700e+04 4.221516e-01
2.323800e+04 4.873902e-01
2.323900e+04 4.958952e-01
2.324000e+04 4.411422e-01
2.324100e+04 4.878296e-01
2.324200e+04 5.553555e-01
2.324300e+04 4.793224e-01
2.324400e+04 4.198847e-01
2.324500e+04 5.433585e-01
2.324600e+04 5.606045e-01
2.324700e+04 4.685987e-01
2.324800e+04 4.121160e-01
2.324900e+04 4.948404e-01
2.325000e+04 5.266925e-01
2.325100e+04 4.691236e-01
2.325200e+04 3.729719e-01
2.325300e+04 4.540168e-01
2.325400e+04 5.548815e-01
2.325500e+04 5.490555e-01
2.325600e+04 4.807274e-01
2.325700e+04 4.500400e-01
2.325800e+04 4.846518e-01
2.325900e+04 5.364305e-01
2.326000e+04 4.838194e-01
2.326100e+04 4.453413e-01
2.326200e+04 4.819000e-01
2.326300e+04 4.039443e-01
2.326400e+04 5.150000e-01
2.326500e+04 5.655420e-01
2.326600e+04 5.527530e-01
2.326700e+04 4.910295e-01
2.326800e+04 3.943276e-01
2.326900e+04 5.164685e-01
2.327000e+04 5.366365e-01
2.327100e+04 5.467705e-01
2.327200e+04 5.365415e-01
2.327300e+04 4.937655e-01
2.327400e+04 4.449088e-01
2.327500e+04 5.008705e-01
2.327600e+04 5.650880e-01
2.327700e+04 5.705230e-01
2.327800e+04 5.350545e-01
2.327900e+04 4.965088e-01
2.328000e+04 5.160360e-01
2.328100e+04 4.072330e-01
2.328200e+04 5.239230e-01
2.328300e+04 5.480305e-01
2.328400e+04 5.214965e-01
2.328500e+04 4.189569e-01
2.328600e+04 5.083690e-01
2.328700e+04 5.001985e-01
2.328800e+04 3.921581e-01
2.328900e+04 5.314920e-01
2.329000e+04 5.395725e-01
2.329100e+04 4.893307e-01
2.329200e+04 5.545770e-01
2.329300e+04 5.664315e-01
2.329400e+04 5.021595e-01
2.329500e+04 4.024466e-01
2.329600e+04 5.140340e-01
2.329700e+04 5.734860e-01
2.329800e+04 5.636165e-01
2.329900e+04 5.158300e-01
2.330000e+04 5.449720e-01
2.330100e+04 5.013900e-01
2.330200e+04 4.036920e-01
2.330300e+04 4.042978e-01
2.330400e+04 5.274385e-01
2.330500e+04 4.555427e-01
2.330600e+04 4.879427e-01
2.330700e+04 4.953310e-01
2.330800e+04 5.339275e-01
2.330900e+04 5.347165e-01
2.331000e+04 4.973363e-01
2.331100e+04 3.958060e-01
2.331200e+04 5.075955e-01
2.331300e+04 5.568750e-01
2.331400e+04 5.337730e-01
2.331500e+04 5.406120e-01
2.331600e+04 5.129885e-01
2.331700e+04 5.102685e-01
2.331800e+04 5.468875e-01
2.331900e+04 3.873581e-01
2.332000e+04 4.184247e-01
2.332100e+04 5.466095e-01
2.332200e+04 5.350270e-01
2.332300e+04 5.517930e-01
2.332400e+04 5.567795e-01
2.332500e+04 5.382455e-01
2.332600e+04 5.617540e-01
2.332700e+04 5.554390e-01
2.332800e+04 4.230962e-01
2.332900e+04 4.689136e-01
2.333000e+04 5.472060e-01
2.333100e+04 5.232220e-01
2.333200e+04 5.371930e-01
2.333300e+04 5.398775e-01
2.333400e+04 5.296200e-01
2.333500e+04 5.514015e-01
2.333600e+04 5.370445e-01
2.333700e+04 4.260749e-01
2.333800e+04 3.998425e-01
2.333900e+04 5.437310e-01
2.334000e+04 5.540300e-01
2.334100e+04 5.475270e-01
2.334200e+04 5.085620e-01
2.334300e+04 4.645444e-01
2.334400e+04 4.948918e-01
2.334500e+04 5.135315e-01
2.334600e+04 5.290140e-01
2.334700e+04 4.690365e-01
2.334800e+04 3.870153e-01
2.334900e+04 5.263070e-01
2.335000e+04 5.304195e-01
2.335100e+04 5.095505e-01
2.335200e+04 4.931922e-01
2.335300e+04 4.806621e-01
2.335400e+04 4.318378e-01
2.335500e+04 3.681559e-01
2.335600e+04 4.507671e-01
2.335700e+04 4.758014e-01
2.335800e+04 3.899847e-01
2.335900e+04 5.278700e-01
2.336000e+04 5.252775e-01
2.336100e+04 5.253835e-01
2.336200e+04 5.449215e-01
2.336300e+04 5.153390e-01
2.336400e+04 5.103310e-01
2.336500e+04 5.146800e-01
2.336600e+04 5.225160e-01
2.336700e+04 5.203875e-01
2.336800e+04 3.827466e-01
2.336900e+04 4.709849e-01
2.337000e+04 4.778364e-01
2.337100e+04 5.186825e-01
2.337200e+04 5.380550e-01
2.337300e+04 5.167400e-01
2.337400e+04 4.427531e-01
2.337500e+04 5.315400e-01
2.337600e+04 5.247545e-01
2.337700e+04 5.363345e-01
2.337800e+04 4.753048e-01
2.337900e+04 4.258795e-01
2.338000e+04 4.608827e-01
2.338100e+04 4.912034e-01
2.338200e+04 5.048780e-01
2.338300e+04 4.878203e-01
2.338400e+04 4.311700e-01
2.338500e+04 3.892705e-01
2.338600e+04 3.806785e-01
2.338700e+04 4.447871e-01
2.338800e+04 4.893609e-01
2.338900e+04 5.058755e-01
2.339000e+04 4.611523e-01
2.339100e+04 3.830592e-01
2.339200e+04 5.085015e-01
2.339300e+04 4.482845e-01
2.339400e+04 4.739775e-01
2.339500e+04 5.274220e-01
2.339600e+04 5.449925e-01
2.339700e+04 5.000870e-01
2.339800e+04 5.116580e-01
2.339900e+04 5.178785e-01
2.340000e+04 5.465180e-01
2.340100e+04 5.138085e-01
2.340200e+04 4.706682e-01
2.340300e+04 4.116724e-01
2.340400e+04 4.533150e-01
2.340500e+04 5.108565e-01
2.340600e+04 5.244620e-01
2.340700e+04 5.193460e-01
2.340800e+04 5.492785e-01
2.340900e+04 5.566860e-01
2.341000e+04 5.445000e-01
2.341100e+04 4.265636e-01
2.341200e+04 5.111170e-01
2.341300e+04 4.825000e-01
2.341400e+04 5.379450e-01
2.341500e+04 3.816185e-01
2.341600e+04 4.578169e-01
2.341700e+04 4.875964e-01
2.341800e+04 5.044780e-01
2.341900e+04 5.539230e-01
2.342000e+04 5.164055e-01
2.342100e+04 5.587010e-01
2.342200e+04 5.317260e-01
2.342300e+04 5.530130e-01
2.342400e+04 5.487245e-01
2.342500e+04 5.596625e-01
2.342600e+04 5.559325e-01
2.342700e+04 4.536928e-01
2.342800e+04 4.329324e-01
2.342900e+04 5.243925e-01
2.343000e+04 5.496635e-01
2.343100e+04 5.195490e-01
2.343200e+04 5.424635e-01
2.343300e+04 4.922517e-01
2.343400e+04 5.515700e-01
2.343500e+04 4.663119e-01
2.343600e+04 5.391010e-01
2.343700e+04 4.762854e-01
2.343800e+04 5.210890e-01
2.343900e+04 4.766082e-01
2.344000e+04 5.043875e-01
2.344100e+04 4.024551e-01
2.344200e+04 5.435025e-01
2.344300e+04 5.267050e-01
2.344400e+04 4.995036e-01
2.344500e+04 4.538311e-01
2.344600e+04 5.341135e-01
2.344700e+04 4.383651e-01
2.344800e+04 4.445630e-01
2.344900e+04 5.176200e-01
2.345000e+04 4.543695e-01
2.345100e+04 5.364115e-01
2.345200e+04 5.427035e-01
2.345300e+04 4.511580e-01
2.345400e+04 3.754137e-01
2.345500e+04 4.417738e-01
2.345600e+04 5.504080e-01
2.345700e+04 5.445735e-01
2.345800e+04 5.485485e-01
2.345900e+04 5.330060e-01
2.346000e+04 5.551970e-01
2.346100e+04 5.420580e-01
2.346200e+04 5.414305e-01
2.346300e+04 5.367245e-01
2.346400e+04 4.745985e-01
2.346500e+04 5.399005e-01
2.346600e+04 5.526900e-01
2.346700e+04 5.425790e-01
2.346800e+04 3.829122e-01
2.346900e+04 4.632553e-01
2.347000e+04 5.328940e-01
2.347100e+04 5.239575e-01
2.347200e+04 5.493475e-01
2.347300e+04 5.192275e-01
2.347400e+04 5.450260e-01
2.347500e+04 5.019470e-01
2.347600e+04 4.598859e-01
2.347700e+04 5.240055e-01
2.347800e+04 5.029065e-01
2.347900e+04 5.504720e-01
2.348000e+04 5.534615e-01
2.348100e+04 5.362015e-01
2.348200e+04 4.325383e-01
2.348300e+04 4.658070e-01
2.348400e+04 5.404135e-01
2.348500e+04 5.334640e-01
2.348600e+04 5.175195e-01
2.348700e+04 5.376405e-01
2.348800e+04 5.285060e-01
2.348900e+04 5.291315e-01
2.349000e+04 5.460385e-01
2.349100e+04 5.287730e-01
2.349200e+04 5.245105e-01
2.349300e+04 5.318830e-01
2.349400e+04 5.027430e-01
2.349500e+04 4.636784e-01
2.349600e+04 5.226380e-01
2.349700e+04 3.830496e-01
2.349800e+04 4.944830e-01
2.349900e+04 5.257615e-01
2.350000e+04 5.205400e-01
2.350100e+04 5.336400e-01
2.350200e+04 5.451445e-01
2.350300e+04 5.141460e-01
2.350400e+04 4.987800e-01
2.350500e+04 5.210360e-01
2.350600e+04 5.211900e-01
2.350700e+04 4.966374e-01
2.350800e+04 5.111855e-01
2.350900e+04 5.000475e-01
2.351000e+04 4.818527e-01
2.351100e+04 4.839237e-01
2.351200e+04 4.034433e-01
2.351300e+04 4.733095e-01
2.351400e+04 5.436740e-01
2.351500e+04 4.678992e-01
2.351600e+04 4.483438e-01
2.351700e+04 4.174984e-01
2.351800e+04 5.261460e-01
2.351900e+04 5.227415e-01
2.352000e+04 5.198955e-01
2.352100e+04 5.219030e-01
2.352200e+04 5.291215e-01
2.352300e+04 4.966996e-01
2.352400e+04 4.273643e-01
2.352500e+04 3.348411e-01
2.352600e+04 3.722708e-01
2.352700e+04 3.957038e-01
2.352800e+04 3.292238e-01
2.352900e+04 3.705695e-01
2.353000e+04 4.753298e-01
2.353100e+04 4.487911e-01
2.353200e+04 4.532027e-01
2.353300e+04 4.299914e-01
2.353400e+04 4.195802e-01
2.353500e+04 5.049220e-01
2.353600e+04 4.459358e-01
2.353700e+04 4.004698e-01
2.353800e+04 5.118115e-01
2.353900e+04 4.090617e-01
2.354000e+04 4.618244e-01
2.354100e+04 3.906060e-01
2.354200e+04 4.714061e-01
2.354300e+04 4.092365e-01
2.354400e+04 3.754355e-01
2.354500e+04 4.193510e-01
2.354600e+04 5.035605e-01
2.354700e+04 4.467356e-01
2.354800e+04 5.073845e-01
2.354900e+04 4.134861e-01
2.355000e+04 5.252935e-01
2.355100e+04 4.757057e-01
2.355200e+04 4.395218e-01
2.355300e+04 5.246145e-01
2.355400e+04 3.904665e-01
2.355500e+04 5.307890e-01
2.355600e+04 5.081770e-01
2.355700e+04 4.663888e-01
2.355800e+04 5.264970e-01
2.355900e+04 4.078340e-01
2.356000e+04 4.154348e-01
2.356100e+04 4.244863e-01
2.356200e+04 4.708073e-01
2.356300e+04 4.503923e-01
2.356400e+04 4.377444e-01
2.356500e+04 4.274638e-01
2.356600e+04 5.251675e-01
2.356700e+04 5.075360e-01
2.356800e+04 5.295005e-01
2.356900e+04 4.619718e-01
2.357000e+04 4.874257e-01
2.357100e+04 4.102908e-01
2.357200e+04 5.029890e-01
2.357300e+04 4.834741e-01
2.357400e+04 5.146995e-01
2.357500e+04 4.822382e-01
2.357600e+04 4.612885e-01
2.357700e+04 3.691804e-01
2.357800e+04 5.108445e-01
2.357900e+04 5.042590e-01
2.358000e+04 5.150160e-01
2.358100e+04 4.873273e-01
2.358200e+04 4.937700e-01
2.358300e+04 5.250480e-01
2.358400e+04 3.821323e-01
2.358500e+04 4.504512e-01
2.358600e+04 4.194113e-01
2.358700e+04 4.670887e-01
2.358800e+04 4.999545e-01
2.358900e+04 4.560364e-01
2.359000e+04 5.054465e-01
2.359100e+04 4.331408e-01
2.359200e+04 4.285389e-01
2.359300e+04 5.088600e-01
2.359400e+04 3.933038e-01
2.359500e+04 4.668389e-01
2.359600e+04 5.261890e-01
2.359700e+04 4.854977e-01
2.359800e+04 5.199235e-01
2.359900e+04 4.041637e-01
2.360000e+04 5.318180e-01
2.360100e+04 4.730130e-01
2.360200e+04 5.210015e-01
2.360300e+04 5.341410e-01
2.360400e+04 4.833041e-01
2.360500e+04 4.744610e-01
2.360600e+04 4.821305e-01
2.360700e+04 3.907725e-01
2.360800e+04 4.360406e-01
2.360900e+04 5.172830e-01
2.361000e+04 5.232810e-01
2.361100e+04 5.172555e-01
2.361200e+04 3.920321e-01
2.361300e+04 4.756395e-01
2.361400e+04 4.712688e-01
2.361500e+04 4.637474e-01
2.361600e+04 4.037947e-01
2.361700e+04 4.438325e-01
2.361800e+04 4.730410e-01
2.361900e+04 5.144665e-01
2.362000e+04 5.285445e-01
2.362100e+04 5.249655e-01
2.362200e+04 5.065250e-01
2.362300e+04 4.856282e-01
2.362400e+04 4.385952e-01
2.362500e+04 3.811782e-01
2.362600e+04 4.913908e-01
2.362700e+04 5.154440e-01
2.362800e+04 5.271085e-01
2.362900e+04 5.183610e-01
2.363000e+04 4.187335e-01
2.363100e+04 3.939439e-01
2.363200e+04 4.857181e-01
2.363300e+04 4.782769e-01
2.363400e+04 3.858781e-01
2.363500e+04 5.202065e-01
2.363600e+04 4.812121e-01
2.363700e+04 5.224975e-01
2.363800e+04 5.358970e-01
2.363900e+04 4.716479e-01
2.364000e+04 5.266670e-01
2.364100e+04 5.273350e-01
2.364200e+04 4.729596e-01
2.364300e+04 4.876805e-01
2.364400e+04 3.870213e-01
2.364500e+04 5.177170e-01
2.364600e+04 5.315510e-01
2.364700e+04 5.017280e-01
2.364800e+04 5.102355e-01
2.364900e+04 4.132494e-01
2.365000e+04 5.375770e-01
2.365100e+04 4.994039e-01
2.365200e+04 5.292890e-01
2.365300e+04 4.786554e-01
2.365400e+04 4.084869e-01
2.365500e+04 4.313844e-01
2.365600e+04 4.557777e-01
2.365700e+04 5.388020e-01
2.365800e+04 5.471565e-01
2.365900e+04 5.471155e-01
2.366000e+04 5.069730e-01
2.366100e+04 4.198322e-01
2.366200e+04 5.395575e-01
2.366300e+04 4.807697e-01
2.366400e+04 4.795159e-01
2.366500e+04 3.900082e-01
2.366600e+04 5.138610e-01
2.366700e+04 4.955400e-01
2.366800e+04 4.369256e-01
2.366900e+04 4.916214e-01
2.367000e+04 5.480165e-01
2.367100e+04 5.219135e-01
2.367200e+04 4.490347e-01
2.367300e+04 4.440823e-01
2.367400e+04 5.133835e-01
2.367500e+04 4.669204e-01
2.367600e+04 3.844263e-01
2.367700e+04 4.518755e-01
2.367800e+04 3.900022e-01
2.367900e+04 5.139490e-01
2.368000e+04 4.067170e-01
2.368100e+04 4.924686e-01
2.368200e+04 5.457135e-01
2.368300e+04 4.918980e-01
2.368400e+04 5.134765e-01
2.368500e+04 5.165965e-01
2.368600e+04 4.972595e-01
2.368700e+04 4.083597e-01
2.368800e+04 4.238537e-01
2.368900e+04 4.110758e-01
2.369000e+04 5.010765e-01
2.369100e+04 5.103650e-01
2.369200e+04 5.165715e-01
2.369300e+04 4.970357e-01
2.369400e+04 4.719211e-01
2.369500e+04 4.557293e-01
2.369600e+04 5.126405e-01
2.369700e+04 5.396925e-01
2.369800e+04 5.315775e-01
2.369900e+04 4.627807e-01
2.370000e+04 4.029684e-01
2.370100e+04 5.151420e-01
2.370200e+04 4.490583e-01
2.370300e+04 5.319015e-01
2.370400e+04 5.296130e-01
2.370500e+04 4.044418e-01
2.370600e+04 4.862815e-01
2.370700e+04 4.296859e-01
2.370800e+04 5.148315e-01
2.370900e+04 5.313915e-01
2.371000e+04 5.352350e-01
2.371100e+04 4.964074e-01
2.371200e+04 3.844349e-01
2.371300e+04 4.775649e-01
2.371400e+04 4.885769e-01
2.371500e+04 5.315805e-01
2.371600e+04 5.177130e-01
2.371700e+04 4.388587e-01
2.371800e+04 5.143305e-01
2.371900e+04 4.940902e-01
2.372000e+04 5.372735e-01
2.372100e+04 5.111965e-01
2.372200e+04 5.195325e-01
2.372300e+04 5.248745e-01
2.372400e+04 4.930375e-01
2.372500e+04 3.727261e-01
2.372600e+04 4.674756e-01
2.372700e+04 4.418211e-01
2.372800e+04 5.193550e-01
2.372900e+04 5.301530e-01
2.373000e+04 5.055945e-01
2.373100e+04 4.159322e-01
2.373200e+04 5.081305e-01
2.373300e+04 5.199020e-01
2.373400e+04 4.867490e-01
2.373500e+04 5.029925e-01
2.373600e+04 5.081460e-01
2.373700e+04 5.105505e-01
2.373800e+04 3.767520e-01
2.373900e+04 4.760165e-01
2.374000e+04 4.970584e-01
2.374100e+04 5.286515e-01
2.374200e+04 4.719691e-01
2.374300e+04 4.531064e-01
2.374400e+04 4.211982e-01
2.374500e+04 5.150385e-01
2.374600e+04 5.325210e-01
2.374700e+04 5.220175e-01
2.374800e+04 4.689878e-01
2.374900e+04 4.850168e-01
2.375000e+04 4.776299e-01
2.375100e+04 4.756667e-01
2.375200e+04 4.334902e-01
2.375300e+04 5.151555e-01
2.375400e+04 4.862428e-01
2.375500e+04 4.734225e-01
2.375600e+04 4.976197e-01
2.375700e+04 3.431134e-01
2.375800e+04 4.731668e-01
2.375900e+04 5.291540e-01
2.376000e+04 5.301410e-01
2.376100e+04 5.027895e-01
2.376200e+04 4.447718e-01
2.376300e+04 5.127030e-01
2.376400e+04 4.918727e-01
2.376500e+04 4.724538e-01
2.376600e+04 4.018678e-01
2.376700e+04 4.510696e-01
2.376800e+04 4.887511e-01
2.376900e+04 4.482863e-01
2.377000e+04 4.341393e-01
2.377100e+04 4.318038e-01
2.377200e+04 5.044345e-01
2.377300e+04 5.119895e-01
2.377400e+04 5.195530e-01
2.377500e+04 5.173740e-01
2.377600e+04 5.152905e-01
2.377700e+04 5.293405e-01
2.377800e+04 4.923643e-01
2.377900e+04 5.049865e-01
2.378000e+04 3.963989e-01
2.378100e+04 4.963075e-01
2.378200e+04 4.819989e-01
2.378300e+04 3.949664e-01
2.378400e+04 4.977843e-01
2.378500e+04 4.684555e-01
2.378600e+04 4.572559e-01
2.378700e+04 4.940153e-01
2.378800e+04 4.076177e-01
2.378900e+04 5.361015e-01
2.379000e+04 5.124600e-01
2.379100e+04 4.550440e-01
2.379200e+04 4.810940e-01
2.379300e+04 4.504295e-01
2.379400e+04 4.879800e-01
2.379500e+04 4.011928e-01
2.379600e+04 5.030935e-01
2.379700e+04 4.555131e-01
2.379800e+04 4.688746e-01
2.379900e+04 4.397888e-01
2.380000e+04 4.985904e-01
2.380100e+04 5.205740e-01
2.380200e+04 5.128590e-01
2.380300e+04 5.202750e-01
2.380400e+04 5.189065e-01
2.380500e+04 4.967891e-01
2.380600e+04 5.193400e-01
2.380700e+04 4.942213e-01
2.380800e+04 3.692576e-01
2.380900e+04 4.755373e-01
2.381000e+04 3.309272e-01
2.381100e+04 4.556282e-01
2.381200e+04 4.822053e-01
2.381300e+04 4.531114e-01
2.381400e+04 5.163785e-01
2.381500e+04 4.460102e-01
2.381600e+04 4.023459e-01
2.381700e+04 4.603022e-01
2.381800e+04 4.943977e-01
2.381900e+04 4.640278e-01
2.382000e+04 5.163300e-01
2.382100e+04 5.328580e-01
2.382200e+04 4.965000e-01
2.382300e+04 3.933296e-01
2.382400e+04 4.809082e-01
2.382500e+04 4.759836e-01
2.382600e+04 3.547691e-01
2.382700e+04 4.724942e-01
2.382800e+04 4.958322e-01
2.382900e+04 3.993407e-01
2.383000e+04 3.215569e-01
2.383100e+04 3.945395e-01
2.383200e+04 4.086082e-01
2.383300e+04 4.300236e-01
2.383400e+04 4.235682e-01
2.383500e+04 4.021494e-01
2.383600e+04 3.952932e-01
2.383700e+04 3.428036e-01
2.383800e+04 3.642838e-01
2.383900e+04 4.422559e-01
2.384000e+04 4.272220e-01
2.384100e+04 4.135549e-01
2.384200e+04 4.225385e-01
2.384300e+04 4.308013e-01
2.384400e+04 4.319823e-01
2.384500e+04 4.590477e-01
2.384600e+04 4.274281e-01
2.384700e+04 3.866275e-01
2.384800e+04 4.258175e-01
2.384900e+04 5.039745e-01
2.385000e+04 4.725398e-01
2.385100e+04 4.944970e-01
2.385200e+04 4.448005e-01
2.385300e+04 4.004518e-01
2.385400e+04 5.117050e-01
2.385500e+04 4.547906e-01
2.385600e+04 5.061550e-01
2.385700e+04 4.079007e-01
2.385800e+04 3.743026e-01
2.385900e+04 3.514493e-01
2.386000e+04 4.373790e-01
2.386100e+04 4.828153e-01
2.386200e+04 4.306469e-01
2.386300e+04 4.531609e-01
2.386400e+04 4.924432e-01
2.386500e+04 3.456984e-01
2.386600e+04 4.108863e-01
2.386700e+04 4.514710e-01
2.386800e+04 3.874188e-01
2.386900e+04 4.712240e-01
2.387000e+04 4.381768e-01
2.387100e+04 3.682686e-01
2.387200e+04 4.702654e-01
2.387300e+04 4.622685e-01
2.387400e+04 3.993262e-01
2.387500e+04 4.196828e-01
2.387600e+04 4.022397e-01
2.387700e+04 4.808099e-01
2.387800e+04 4.657613e-01
2.387900e+04 5.250895e-01
2.388000e+04 3.854882e-01
2.388100e+04 3.712083e-01
2.388200e+04 3.853207e-01
2.388300e+04 3.699500e-01
2.388400e+04 4.531093e-01
2.388500e+04 4.831989e-01
2.388600e+04 5.005145e-01
2.388700e+04 3.872541e-01
2.388800e+04 4.620342e-01
2.388900e+04 4.922514e-01
2.389000e+04 4.617466e-01
2.389100e+04 4.924068e-01
2.389200e+04 4.187467e-01
2.389300e+04 3.234094e-01
2.389400e+04 3.838628e-01
2.389500e+04 4.269084e-01
2.389600e+04 5.095085e-01
2.389700e+04 4.844066e-01
2.389800e+04 4.996516e-01
2.389900e+04 4.521323e-01
2.390000e+04 4.715634e-01
2.390100e+04 4.518138e-01
2.390200e+04 4.035248e-01
2.390300e+04 4.674489e-01
2.390400e+04 4.717952e-01
2.390500e+04 3.983426e-01
2.390600e+04 4.614130e-01
2.390700e+04 4.980835e-01
2.390800e+04 4.803825e-01
2.390900e+04 4.864732e-01
2.391000e+04 4.291927e-01
2.391100e+04 4.342778e-01
2.391200e+04 3.949930e-01
2.391300e+04 4.834047e-01
2.391400e+04 4.709759e-01
2.391500e+04 4.684207e-01
2.391600e+04 3.801806e-01
2.391700e+04 3.765665e-01
2.391800e+04 4.415798e-01
2.391900e+04 3.837320e-01
2.392000e+04 4.841787e-01
2.392100e+04 4.516408e-01
2.392200e+04 3.715599e-01
2.392300e+04 4.815328e-01
2.392400e+04 4.052662e-01
2.392500e+04 4.365723e-01
2.392600e+04 4.838744e-01
2.392700e+04 4.262575e-01
2.392800e+04 3.798593e-01
2.392900e+04 3.759225e-01
2.393000e+04 3.872597e-01
2.393100e+04 4.677605e-01
2.393200e+04 4.696814e-01
2.393300e+04 4.687451e-01
2.393400e+04 4.127728e-01
2.393500e+04 4.627033e-01
2.393600e+04 4.911326e-01
2.393700e+04 4.583850e-01
2.393800e+04 4.103948e-01
2.393900e+04 5.168165e-01
2.394000e+04 4.793694e-01
2.394100e+04 5.285350e-01
2.394200e+04 5.240910e-01
2.394300e+04 4.780577e-01
2.394400e+04 4.554958e-01
2.394500e+04 4.760463e-01
2.394600e+04 5.146855e-01
2.394700e+04 4.090110e-01
2.394800e+04 4.140666e-01
2.394900e+04 3.656704e-01
2.395000e+04 4.743275e-01
2.395100e+04 3.713491e-01
2.395200e+04 4.623265e-01
2.395300e+04 4.399865e-01
2.395400e+04 3.940831e-01
2.395500e+04 4.891633e-01
2.395600e+04 4.689455e-01
2.395700e+04 4.652013e-01
2.395800e+04 3.950620e-01
2.395900e+04 4.928699e-01
2.396000e+04 4.999037e-01
2.396100e+04 4.028000e-01
2.396200e+04 4.673442e-01
2.396300e+04 4.373062e-01
2.396400e+04 4.157001e-01
2.396500e+04 4.831627e-01
2.396600e+04 4.980491e-01
2.396700e+04 4.713354e-01
2.396800e+04 3.305412e-01
2.396900e+04 4.173923e-01
2.397000e+04 3.553957e-01
2.397100e+04 4.367865e-01
2.397200e+04 4.755604e-01
2.397300e+04 4.907939e-01
2.397400e+04 4.857560e-01
2.397500e+04 5.178680e-01
2.397600e+04 4.524758e-01
2.397700e+04 4.781883e-01
2.397800e+04 4.350228e-01
2.397900e+04 3.807374e-01
2.398000e+04 3.365060e-01
2.398100e+04 4.173443e-01
2.398200e+04 4.328074e-01
2.398300e+04 4.487479e-01
2.398400e+04 4.116090e-01
2.398500e+04 4.928370e-01
2.398600e+04 4.774480e-01
2.398700e+04 4.479506e-01
2.398800e+04 4.431464e-01
2.398900e+04 4.804906e-01
2.399000e+04 4.573039e-01
2.399100e+04 3.880841e-01
2.399200e+04 4.673470e-01
2.399300e+04 4.347246e-01
2.399400e+04 3.981440e-01
2.399500e+04 4.332966e-01
2.399600e+04 4.565246e-01
2.399700e+04 4.314762e-01
2.399800e+04 4.874234e-01
2.399900e+04 4.530828e-01
2.400000e+04 4.149310e-01
2.400100e+04 4.675220e-01
2.400200e+04 4.962718e-01
2.400300e+04 3.602617e-01
2.400400e+04 3.660703e-01
2.400500e+04 4.487851e-01
2.400600e+04 4.711610e-01
2.400700e+04 5.101030e-01
2.400800e+04 4.262761e-01
2.400900e+04 4.263554e-01
2.401000e+04 3.679081e-01
2.401100e+04 4.203924e-01
2.401200e+04 4.277530e-01
2.401300e+04 4.227847e-01
2.401400e+04 4.025988e-01
2.401500e+04 4.826680e-01
2.401600e+04 3.917390e-01
2.401700e+04 4.694976e-01
2.401800e+04 4.565219e-01
2.401900e+04 4.489827e-01
2.402000e+04 4.723173e-01
2.402100e+04 4.099542e-01
2.402200e+04 4.462274e-01
2.402300e+04 4.248871e-01
2.402400e+04 4.080665e-01
2.402500e+04 4.309263e-01
2.402600e+04 3.664983e-01
2.402700e+04 4.628637e-01
2.402800e+04 4.093369e-01
2.402900e+04 3.927373e-01
2.403000e+04 3.769678e-01
2.403100e+04 4.636820e-01
2.403200e+04 3.964469e-01
2.403300e+04 4.885777e-01
2.403400e+04 5.091835e-01
2.403500e+04 5.075685e-01
2.403600e+04 4.731101e-01
2.403700e+04 4.616631e-01
2.403800e+04 4.708920e-01
2.403900e+04 4.048076e-01
2.404000e+04 4.417281e-01
2.404100e+04 3.376526e-01
2.404200e+04 3.439701e-01
2.404300e+04 3.895996e-01
2.404400e+04 4.821954e-01
2.404500e+04 4.965567e-01
2.404600e+04 4.637607e-01
2.404700e+04 4.749204e-01
2.404800e+04 3.694342e-01
2.404900e+04 3.237216e-01
2.405000e+04 4.467324e-01
2.405100e+04 4.412030e-01
2.405200e+04 4.677630e-01
2.405300e+04 4.961533e-01
2.405400e+04 4.215662e-01
2.405500e+04 3.847609e-01
2.405600e+04 3.321364e-01
2.405700e+04 3.945019e-01
2.405800e+04 4.315954e-01
2.405900e+04 4.863013e-01
2.406000e+04 4.765967e-01
2.406100e+04 3.693621e-01
2.406200e+04 4.536544e-01
2.406300e+04 4.625127e-01
2.406400e+04 4.138578e-01
2.406500e+04 4.557251e-01
2.406600e+04 4.735459e-01
2.406700e+04 4.538057e-01
2.406800e+04 4.535442e-01
2.406900e+04 4.614243e-01
2.407000e+04 3.544187e-01
2.407100e+04 4.038294e-01
2.407200e+04 3.419055e-01
2.407300e+04 4.373861e-01
2.407400e+04 4.088267e-01
2.407500e+04 4.807998e-01
2.407600e+04 4.875566e-01
2.407700e+04 4.076142e-01
2.407800e+04 4.596069e-01
2.407900e+04 4.013826e-01
2.408000e+04 3.736457e-01
2.408100e+04 4.160187e-01
2.408200e+04 4.173744e-01
2.408300e+04 3.952019e-01
2.408400e+04 3.819269e-01
2.408500e+04 3.660781e-01
2.408600e+04 4.269665e-01
2.408700e+04 3.953924e-01
2.408800e+04 4.404675e-01
2.408900e+04 3.503448e-01
2.409000e+04 4.503415e-01
2.409100e+04 3.898963e-01
2.409200e+04 4.660047e-01
2.409300e+04 3.494521e-01
2.409400e+04 4.703538e-01
2.409500e+04 4.531161e-01
2.409600e+04 4.897506e-01
2.409700e+04 4.004152e-01
2.409800e+04 4.266715e-01
2.409900e+04 4.173744e-01
2.410000e+04 3.463312e-01
2.410100e+04 4.707373e-01
2.410200e+04 3.707193e-01
2.410300e+04 3.684794e-01
2.410400e+04 3.590637e-01
2.410500e+04 4.445499e-01
2.410600e+04 4.658961e-01
2.410700e+04 4.506383e-01
2.410800e+04 3.814276e-01
2.410900e+04 4.273664e-01
2.411000e+04 4.547081e-01
2.411100e+04 3.664802e-01
2.411200e+04 4.825045e-01
2.411300e+04 4.300384e-01
2.411400e+04 4.014615e-01
2.411500e+04 3.913470e-01
2.411600e+04 4.651559e-01
2.411700e+04 4.113670e-01
2.411800e+04 3.851355e-01
2.411900e+04 4.400815e-01
2.412000e+04 4.327752e-01
2.412100e+04 4.821023e-01
2.412200e+04 4.613571e-01
2.412300e+04 4.459787e-01
2.412400e+04 4.292913e-01
2.412500e+04 3.607200e-01
2.412600e+04 4.237500e-01
2.412700e+04 4.631047e-01
2.412800e+04 4.554278e-01
2.412900e+04 3.680379e-01
2.413000e+04 3.558794e-01
2.413100e+04 2.870254e-01
2.413200e+04 4.599428e-01
2.413300e+04 4.832824e-01
2.413400e+04 4.825708e-01
2.413500e+04 3.574435e-01
2.413600e+04 3.664379e-01
2.413700e+04 4.030207e-01
2.413800e+04 3.514652e-01
2.413900e+04 3.869810e-01
2.414000e+04 4.669083e-01
2.414100e+04 4.289360e-01
2.414200e+04 3.353038e-01
2.414300e+04 3.079082e-01
2.414400e+04 4.069812e-01
2.414500e+04 3.579909e-01
2.414600e+04 4.541166e-01
2.414700e+04 4.096218e-01
2.414800e+04 3.748225e-01
2.414900e+04 3.398566e-01
2.415000e+04 3.997054e-01
2.415100e+04 4.508218e-01
2.415200e+04 3.938784e-01
2.415300e+04 4.266162e-01
2.415400e+04 4.774605e-01
2.415500e+04 4.272052e-01
2.415600e+04 4.722874e-01
2.415700e+04 4.346090e-01
2.415800e+04 4.474316e-01
2.415900e+04 3.694615e-01
2.416000e+04 4.144962e-01
2.416100e+04 3.925149e-01
2.416200e+04 4.318709e-01
2.416300e+04 3.744256e-01
2.416400e+04 3.854985e-01
2.416500e+04 3.308634e-01
2.416600e+04 4.401651e-01
2.416700e+04 3.367221e-01
2.416800e+04 3.012139e-01
2.416900e+04 4.144159e-01
2.417000e+04 4.168863e-01
2.417100e+04 3.777049e-01
2.417200e+04 4.345501e-01
2.417300e+04 3.406228e-01
2.417400e+04 3.975276e-01
2.417500e+04 4.145419e-01
2.417600e+04 4.086801e-01
2.417700e+04 4.146575e-01
2.417800e+04 3.276056e-01
2.417900e+04 3.572203e-01
2.418000e+04 4.219571e-01
2.418100e+04 4.438358e-01
2.418200e+04 3.867537e-01
2.418300e+04 4.829564e-01
2.418400e+04 3.768395e-01
2.418500e+04 3.881127e-01
2.418600e+04 4.488802e-01
2.418700e+04 4.662293e-01
2.418800e+04 4.916796e-01
2.418900e+04 4.773125e-01
2.419000e+04 4.656611e-01
2.419100e+04 3.916157e-01
2.419200e+04 4.577749e-01
2.419300e+04 4.271337e-01
2.419400e+04 3.850170e-01
2.419500e+04 3.772406e-01
2.419600e+04 2.872011e-01
2.419700e+04 3.674647e-01
2.419800e+04 3.937445e-01
2.419900e+04 4.434429e-01
2.420000e+04 3.441616e-01
2.420100e+04 3.309427e-01
2.420200e+04 4.165881e-01
2.420300e+04 4.925503e-01
2.420400e+04 4.567011e-01
2.420500e+04 4.218142e-01
2.420600e+04 4.751444e-01
2.420700e+04 4.511750e-01
2.420800e+04 3.503365e-01
2.420900e+04 3.799516e-01
2.421000e+04 4.528125e-01
2.421100e+04 4.620406e-01
2.421200e+04 3.790794e-01
2.421300e+04 4.473012e-01
2.421400e+04 4.091247e-01
2.421500e+04 3.838395e-01
2.421600e+04 3.433669e-01
2.421700e+04 3.910111e-01
2.421800e+04 3.422890e-01
2.421900e+04 4.562459e-01
2.422000e+04 4.451477e-01
2.422100e+04 3.646113e-01
2.422200e+04 2.982005e-01
2.422300e+04 4.278174e-01
2.422400e+04 3.596273e-01
2.422500e+04 3.617526e-01
2.422600e+04 3.985940e-01
2.422700e+04 4.653884e-01
2.422800e+04 4.736371e-01
2.422900e+04 3.551379e-01
2.423000e+04 4.321858e-01
2.423100e+04 3.384254e-01
2.423200e+04 4.371774e-01
2.423300e+04 3.900659e-01
2.423400e+04 3.495120e-01
2.423500e+04 3.411822e-01
2.423600e+04 3.475802e-01
2.423700e+04 4.403455e-01
2.423800e+04 4.050572e-01
2.423900e+04 4.795161e-01
2.424000e+04 4.490369e-01
2.424100e+04 4.228661e-01
2.424200e+04 4.901089e-01
2.424300e+04 4.162189e-01
2.424400e+04 4.606185e-01
2.424500e+04 4.404471e-01
2.424600e+04 3.879248e-01
2.424700e+04 4.377202e-01
2.424800e+04 2.879635e-01
2.424900e+04 4.374889e-01
2.425000e+04 4.201021e-01
2.425100e+04 4.622245e-01
2.425200e+04 4.394776e-01
2.425300e+04 3.498199e-01
2.425400e+04 3.627819e-01
2.425500e+04 4.420043e-01
2.425600e+04 3.898541e-01
2.425700e+04 4.034305e-01
2.425800e+04 3.236867e-01
2.425900e+04 3.214744e-01
2.426000e+04 4.335656e-01
2.426100e+04 4.134718e-01
2.426200e+04 4.454496e-01
2.426300e+04 4.019058e-01
2.426400e+04 3.576191e-01
2.426500e+04 3.401163e-01
2.426600e+04 4.389987e-01
2.426700e+04 3.457129e-01
2.426800e+04 3.447034e-01
2.426900e+04 3.189964e-01
2.427000e+04 4.142348e-01
2.427100e+04 4.760839e-01
2.427200e+04 4.612404e-01
2.427300e+04 3.011523e-01
2.427400e+04 4.582221e-01
2.427500e+04 3.814589e-01
2.427600e+04 4.401328e-01
2.427700e+04 4.327151e-01
2.427800e+04 4.276127e-01
2.427900e+04 3.426096e-01
2.428000e+04 3.556330e-01
2.428100e+04 3.276702e-01
2.428200e+04 4.524031e-01
2.428300e+04 4.165495e-01
2.428400e+04 3.308622e-01
2.428500e+04 2.760387e-01
2.428600e+04 4.363350e-01
2.428700e+04 4.449788e-01
2.428800e+04 3.942087e-01
2.428900e+04 4.430459e-01
2.429000e+04 3.957519e-01
2.429100e+04 3.759915e-01
2.429200e+04 4.021373e-01
2.429300e+04 4.338517e-01
2.429400e+04 4.074763e-01
2.429500e+04 3.844920e-01
2.429600e+04 4.614965e-01
2.429700e+04 4.434446e-01
2.429800e+04 3.927356e-01
2.429900e+04 4.377593e-01
2.430000e+04 4.346147e-01
2.430100e+04 3.649463e-01
2.430200e+04 2.597654e-01
2.430300e+04 3.576123e-01
2.430400e+04 4.335928e-01
2.430500e+04 4.485314e-01
2.430600e+04 4.289512e-01
2.430700e+04 4.653038e-01
2.430800e+04 4.350748e-01
2.430900e+04 3.752280e-01
2.431000e+04 3.417039e-01
2.431100e+04 3.517111e-01
2.431200e+04 3.324083e-01
2.431300e+04 3.924530e-01
2.431400e+04 3.973538e-01
2.431500e+04 3.245030e-01
2.431600e+04 3.130744e-01
2.431700e+04 4.643902e-01
2.431800e+04 4.351416e-01
2.431900e+04 2.990167e-01
2.432000e+04 4.184875e-01
2.432100e+04 4.244913e-01
2.432200e+04 4.214492e-01
2.432300e+04 3.956401e-01
2.432400e+04 4.484946e-01
2.432500e+04 4.408236e-01
2.432600e+04 4.248368e-01
2.432700e+04 4.043159e-01
2.432800e+04 4.279766e-01
2.432900e+04 4.170169e-01
2.433000e+04 4.092505e-01
2.433100e+04 4.314246e-01
2.433200e+04 4.671022e-01
2.433300e+04 3.429324e-01
2.433400e+04 3.642526e-01
2.433500e+04 3.481342e-01
2.433600e+04 3.638567e-01
2.433700e+04 3.587782e-01
2.433800e+04 3.104791e-01
2.433900e+04 4.176791e-01
2.434000e+04 3.488537e-01
2.434100e+04 4.156678e-01
2.434200e+04 2.862550e-01
2.434300e+04 3.975416e-01
2.434400e+04 4.587651e-01
2.434500e+04 4.496592e-01
2.434600e+04 3.277394e-01
2.434700e+04 3.854263e-01
2.434800e+04 3.012371e-01
2.434900e+04 3.944372e-01
2.435000e+04 4.533422e-01
2.435100e+04 3.814711e-01
2.435200e+04 3.687746e-01
2.435300e+04 3.997739e-01
2.435400e+04 3.839249e-01
2.435500e+04 4.660456e-01
2.435600e+04 4.561309e-01
2.435700e+04 3.998280e-01
2.435800e+04 3.559077e-01
2.435900e+04 4.546766e-01
2.436000e+04 4.688779e-01
2.436100e+04 4.083594e-01
2.436200e+04 3.604687e-01
2.436300e+04 3.693300e-01
2.436400e+04 3.775491e-01
2.436500e+04 3.766668e-01
2.436600e+04 4.245798e-01
2.436700e+04 3.009606e-01
2.436800e+04 3.938497e-01
2.436900e+04 3.970533e-01
2.437000e+04 2.931427e-01
2.437100e+04 3.071379e-01
2.437200e+04 2.394490e-01
2.437300e+04 3.874348e-01
2.437400e+04 3.615517e-01
2.437500e+04 3.881223e-01
2.437600e+04 3.842316e-01
2.437700e+04 4.234317e-01
2.437800e+04 3.044700e-01
2.437900e+04 3.814299e-01
2.438000e+04 3.457171e-01
2.438100e+04 3.428578e-01
2.438200e+04 3.894701e-01
2.438300e+04 3.724903e-01
2.438400e+04 4.435829e-01
2.438500e+04 4.543372e-01
2.438600e+04 4.229746e-01
2.438700e+04 4.190997e-01
2.438800e+04 3.945588e-01
2.438900e+04 3.833148e-01
2.439000e+04 4.107110e-01
2.439100e+04 3.876485e-01
2.439200e+04 4.533899e-01
2.439300e+04 3.721602e-01
2.439400e+04 4.649753e-01
2.439500e+04 4.718223e-01
2.439600e+04 3.306375e-01
2.439700e+04 4.124396e-01
2.439800e+04 3.965597e-01
2.439900e+04 4.558235e-01
2.440000e+04 3.804491e-01
2.440100e+04 3.228068e-01
2.440200e+04 3.597504e-01
2.440300e+04 4.121480e-01
2.440400e+04 3.633921e-01
2.440500e+04 3.699759e-01
2.440600e+04 4.335784e-01
2.440700e+04 4.013171e-01
2.440800e+04 3.662604e-01
2.440900e+04 4.246691e-01
2.441000e+04 3.527807e-01
2.441100e+04 4.491258e-01
2.441200e+04 3.021107e-01
2.441300e+04 3.680414e-01
2.441400e+04 4.210243e-01
2.441500e+04 4.370146e-01
2.441600e+04 3.103925e-01
2.441700e+04 3.455768e-01
2.441800e+04 3.971572e-01
2.441900e+04 3.253245e-01
2.442000e+04 3.981583e-01
2.442100e+04 4.499690e-01
2.442200e+04 4.333726e-01
2.442300e+04 3.826951e-01
2.442400e+04 3.821134e-01
2.442500e+04 2.902757e-01
2.442600e+04 3.630804e-01
2.442700e+04 2.794584e-01
2.442800e+04 3.855280e-01
2.442900e+04 3.936137e-01
2.443000e+04 4.222544e-01
2.443100e+04 3.911992e-01
2.443200e+04 3.904542e-01
2.443300e+04 4.368364e-01
2.443400e+04 3.420364e-01
2.443500e+04 3.566228e-01
2.443600e+04 4.136104e-01
2.443700e+04 2.948173e-01
2.443800e+04 3.175965e-01
2.443900e+04 3.874893e-01
2.444000e+04 4.232623e-01
2.444100e+04 3.955375e-01
2.444200e+04 3.305527e-01
2.444300e+04 3.463607e-01
2.444400e+04 2.711169e-01
2.444500e+04 3.819788e-01
2.444600e+04 3.409346e-01
2.444700e+04 3.481930e-01
2.444800e+04 3.389631e-01
2.444900e+04 3.724719e-01
2.445000e+04 3.596769e-01
2.445100e+04 4.633882e-01
2.445200e+04 3.545677e-01
2.445300e+04 4.131965e-01
2.445400e+04 4.399348e-01
2.445500e+04 4.419016e-01
2.445600e+04 3.734135e-01
2.445700e+04 4.197357e-01
2.445800e+04 4.111226e-01
2.445900e+04 4.358859e-01
2.446000e+04 3.991511e-01
2.446100e+04 3.414614e-01
2.446200e+04 3.657360e-01
2.446300e+04 3.949664e-01
2.446400e+04 2.774756e-01
2.446500e+04 3.480121e-01
2.446600e+04 4.092108e-01
2.446700e+04 3.430597e-01
2.446800e+04 4.151477e-01
2.446900e+04 4.292185e-01
2.447000e+04 3.199165e-01
2.447100e+04 3.915811e-01
2.447200e+04 4.335400e-01
2.447300e+04 4.199711e-01
2.447400e+04 4.142980e-01
2.447500e+04 3.210396e-01
2.447600e+04 3.650899e-01
2.447700e+04 3.376782e-01
2.447800e+04 2.770112e-01
2.447900e+04 3.758729e-01
2.448000e+04 3.569923e-01
2.448100e+04 3.126122e-01
2.448200e+04 3.771218e-01
2.448300e+04 3.954547e-01
2.448400e+04 3.917133e-01
2.448500e+04 2.459244e-01
2.448600e+04 2.877316e-01
2.448700e+04 3.711670e-01
2.448800e+04 4.253393e-01
2.448900e+04 4.109755e-01
2.449000e+04 4.176756e-01
2.449100e+04 3.054127e-01
2.449200e+04 4.137785e-01
2.449300e+04 3.681289e-01
2.449400e+04 3.751281e-01
2.449500e+04 3.572706e-01
2.449600e+04 3.822987e-01
2.449700e+04 3.544570e-01
2.449800e+04 4.126548e-01
2.449900e+04 3.809315e-01
2.450000e+04 3.298154e-01
2.450100e+04 3.744455e-01
2.450200e+04 3.727347e-01
2.450300e+04 4.111314e-01
2.450400e+04 4.089382e-01
2.450500e+04 2.808076e-01
2.450600e+04 3.710905e-01
2.450700e+04 4.560719e-01
2.450800e+04 3.668160e-01
2.450900e+04 2.968391e-01
2.451000e+04 4.515235e-01
2.451100e+04 4.185564e-01
2.451200e+04 4.035659e-01
2.451300e+04 3.308047e-01
2.451400e+04 4.370251e-01
2.451500e+04 3.515257e-01
2.451600e+04 3.983567e-01
2.451700e+04 3.566604e-01
2.451800e+04 3.102091e-01
2.451900e+04 2.390259e-01
2.452000e+04 3.680536e-01
2.452100e+04 3.865792e-01
2.452200e+04 3.398261e-01
2.452300e+04 3.873808e-01
2.452400e+04 2.767396e-01
2.452500e+04 3.531405e-01
2.452600e+04 4.392077e-01
2.452700e+04 3.948297e-01
2.452800e+04 3.912563e-01
2.452900e+04 2.739069e-01
2.453000e+04 2.862827e-01
2.453100e+04 3.898603e-01
2.453200e+04 3.161725e-01
2.453300e+04 3.485042e-01
2.453400e+04 3.633875e-01
2.453500e+04 3.184937e-01
2.453600e+04 3.580064e-01
2.453700e+04 4.306144e-01
2.453800e+04 3.656055e-01
2.453900e+04 3.694853e-01
2.454000e+04 2.913705e-01
2.454100e+04 3.867497e-01
2.454200e+04 2.682570e-01
2.454300e+04 3.066682e-01
2.454400e+04 3.395094e-01
2.454500e+04 2.536320e-01
2.454600e+04 3.522743e-01
2.454700e+04 3.157275e-01
2.454800e+04 3.341619e-01
2.454900e+04 2.687870e-01
2.455000e+04 2.961508e-01
2.455100e+04 3.778784e-01
2.455200e+04 3.516229e-01
2.455300e+04 3.860946e-01
2.455400e+04 4.042282e-01
2.455500e+04 3.974796e-01
2.455600e+04 3.142751e-01
2.455700e+04 3.916147e-01
2.455800e+04 4.225011e-01
2.455900e+04 3.127608e-01
2.456000e+04 3.857488e-01
2.456100e+04 4.085404e-01
2.456200e+04 3.043961e-01
2.456300e+04 4.438686e-01
2.456400e+04 4.298239e-01
2.456500e+04 3.307634e-01
2.456600e+04 3.143261e-01
2.456700e+04 4.288342e-01
2.456800e+04 3.660264e-01
2.456900e+04 4.078763e-01
2.457000e+04 3.630282e-01
2.457100e+04 3.824408e-01
2.457200e+04 4.041957e-01
2.457300e+04 3.855529e-01
2.457400e+04 3.569438e-01
2.457500e+04 3.882356e-01
2.457600e+04 4.185083e-01
2.457700e+04 3.190307e-01
2.457800e+04 3.715904e-01
2.457900e+04 3.882257e-01
2.458000e+04 3.972098e-01
2.458100e+04 4.401219e-01
2.458200e+04 3.416718e-01
2.458300e+04 3.660699e-01
2.458400e+04 3.653650e-01
2.458500e+04 3.681029e-01
2.458600e+04 3.662367e-01
2.458700e+04 3.904071e-01
2.458800e+04 4.277701e-01
2.458900e+04 2.995957e-01
2.459000e+04 3.774656e-01
2.459100e+04 4.125291e-01
2.459200e+04 3.986305e-01
2.459300e+04 4.214467e-01
2.459400e+04 2.827510e-01
2.459500e+04 3.541042e-01
2.459600e+04 3.350905e-01
2.459700e+04 2.925006e-01
2.459800e+04 4.284510e-01
2.459900e+04 3.383165e-01
2.460000e+04 2.521555e-01
2.460100e+04 3.876977e-01
2.460200e+04 3.555316e-01
2.460300e+04 4.416674e-01
2.460400e+04 3.914355e-01
2.460500e+04 3.757646e-01
2.460600e+04 3.420945e-01
2.460700e+04 2.607957e-01
2.460800e+04 2.368898e-01
2.460900e+04 2.728433e-01
2.461000e+04 3.977622e-01
2.461100e+04 3.030096e-01
2.461200e+04 2.518729e-01
2.461300e+04 2.171172e-01
2.461400e+04 2.692905e-01
2.461500e+04 3.612393e-01
2.461600e+04 2.346073e-01
2.461700e+04 3.640993e-01
2.461800e+04 3.826054e-01
2.461900e+04 3.771274e-01
2.462000e+04 3.337509e-01
2.462100e+04 4.164569e-01
2.462200e+04 4.210821e-01
2.462300e+04 3.380555e-01
2.462400e+04 4.190681e-01
2.462500e+04 4.004391e-01
2.462600e+04 3.663012e-01
2.462700e+04 3.470169e-01
2.462800e+04 4.243718e-01
2.462900e+04 3.234520e-01
2.463000e+04 3.386796e-01
2.463100e+04 4.225961e-01
2.463200e+04 3.644314e-01
2.463300e+04 3.313039e-01
2.463400e+04 3.661767e-01
2.463500e+04 2.952787e-01
2.463600e+04 4.110309e-01
2.463700e+04 4.027537e-01
2.463800e+04 3.779809e-01
2.463900e+04 3.427384e-01
2.464000e+04 3.431472e-01
2.464100e+04 4.436938e-01
2.464200e+04 4.037298e-01
2.464300e+04 3.781072e-01
2.464400e+04 4.288308e-01
2.464500e+04 3.908330e-01
2.464600e+04 4.100040e-01
2.464700e+04 3.166220e-01
2.464800e+04 3.436372e-01
2.464900e+04 4.087034e-01
2.465000e+04 3.003516e-01
2.465100e+04 3.948888e-01
2.465200e+04 3.672270e-01
2.465300e+04 3.827916e-01
2.465400e+04 2.687097e-01
2.465500e+04 3.867246e-01
2.465600e+04 3.736569e-01
2.465700e+04 4.113314e-01
2.465800e+04 3.365220e-01
2.465900e+04 3.442116e-01
2.466000e+04 2.643005e-01
2.466100e+04 3.903791e-01
2.466200e+04 3.661289e-01
2.466300e+04 3.228744e-01
2.466400e+04 3.454063e-01
2.466500e+04 3.935133e-01
2.466600e+04 4.120054e-01
2.466700e+04 2.597325e-01
2.466800e+04 3.665532e-01
2.466900e+04 4.365607e-01
2.467000e+04 3.890326e-01
2.467100e+04 3.538505e-01
2.467200e+04 2.787108e-01
2.467300e+04 4.274244e-01
2.467400e+04 4.242347e-01
2.467500e+04 3.090389e-01
2.467600e+04 2.763377e-01
2.467700e+04 2.906621e-01
2.467800e+04 2.261226e-01
2.467900e+04 3.542770e-01
2.468000e+04 3.990610e-01
2.468100e+04 3.188261e-01
2.468200e+04 2.818970e-01
2.468300e+04 3.449470e-01
2.468400e+04 3.239788e-01
2.468500e+04 3.566759e-01
2.468600e+04 2.796152e-01
2.468700e+04 4.025482e-01
2.468800e+04 4.073102e-01
2.468900e+04 2.945773e-01
2.469000e+04 3.436208e-01
2.469100e+04 3.973586e-01
2.469200e+04 4.130990e-01
2.469300e+04 3.826798e-01
2.469400e+04 3.988167e-01
2.469500e+04 3.797106e-01
2.469600e+04 3.380968e-01
2.469700e+04 3.618377e-01
2.469800e+04 3.940918e-01
2.469900e+04 3.358889e-01
2.470000e+04 3.137366e-01
2.470100e+04 2.821698e-01
2.470200e+04 3.541091e-01
2.470300e+04 3.250529e-01
2.470400e+04 4.117899e-01
2.470500e+04 3.660720e-01
2.470600e+04 3.810781e-01
2.470700e+04 3.709103e-01
2.470800e+04 3.199499e-01
2.470900e+04 3.496100e-01
2.471000e+04 3.160775e-01
2.471100e+04 2.961574e-01
2.471200e+04 3.568982e-01
2.471300e+04 4.231249e-01
2.471400e+04 3.387137e-01
2.471500e+04 3.875434e-01
2.471600e+04 3.225619e-01
2.471700e+04 3.650133e-01
2.471800e+04 3.211307e-01
2.471900e+04 3.294012e-01
2.472000e+04 2.581058e-01
2.472100e+04 3.970624e-01
2.472200e+04 4.066832e-01
2.472300e+04 3.140527e-01
2.472400e+04 3.628782e-01
2.472500e+04 3.454303e-01
2.472600e+04 3.427765e-01
2.472700e+04 3.217905e-01
2.472800e+04 3.452777e-01
2.472900e+04 3.918409e-01
2.473000e+04 3.955719e-01
2.473100e+04 3.625948e-01
2.473200e+04 3.680024e-01
2.473300e+04 3.558026e-01
2.473400e+04 3.238602e-01
2.473500e+04 3.890677e-01
2.473600e+04 2.692332e-01
2.473700e+04 3.569268e-01
2.473800e+04 2.870430e-01
2.473900e+04 3.388860e-01
2.474000e+04 2.256815e-01
2.474100e+04 2.831065e-01
2.474200e+04 2.824174e-01
2.474300e+04 3.966217e-01
2.474400e+04 3.810704e-01
2.474500e+04 3.352339e-01
2.474600e+04 3.887437e-01
2.474700e+04 3.592084e-01
2.474800e+04 3.000389e-01
2.474900e+04 2.656461e-01
2.475000e+04 2.447261e-01
2.475100e+04 2.814187e-01
2.475200e+04 3.214336e-01
2.475300e+04 3.421005e-01
2.475400e+04 4.169937e-01
2.475500e+04 3.553001e-01
2.475600e+04 3.057100e-01
2.475700e+04 2.527509e-01
2.475800e+04 3.475751e-01
2.475900e+04 3.380253e-01
2.476000e+04 3.186717e-01
2.476100e+04 3.085992e-01
2.476200e+04 2.761465e-01
2.476300e+04 3.065599e-01
2.476400e+04 3.481422e-01
2.476500e+04 3.818803e-01
2.476600e+04 3.581903e-01
2.476700e+04 3.952442e-01
2.476800e+04 3.862375e-01
2.476900e+04 4.300470e-01
2.477000e+04 4.385086e-01
2.477100e+04 3.929517e-01
2.477200e+04 3.705141e-01
2.477300e+04 3.727452e-01
2.477400e+04 2.723550e-01
2.477500e+04 2.790747e-01
2.477600e+04 3.927145e-01
2.477700e+04 3.386807e-01
2.477800e+04 4.078382e-01
2.477900e+04 4.072730e-01
2.478000e+04 3.275322e-01
2.478100e+04 3.696690e-01
2.478200e+04 3.530069e-01
2.478300e+04 4.072887e-01
2.478400e+04 3.663219e-01
2.478500e+04 2.928705e-01
2.478600e+04 2.564993e-01
2.478700e+04 3.408170e-01
2.478800e+04 3.219225e-01
2.478900e+04 3.540706e-01
2.479000e+04 2.942816e-01
2.479100e+04 3.336129e-01
2.479200e+04 3.572459e-01
2.479300e+04 3.157520e-01
2.479400e+04 2.663816e-01
2.479500e+04 3.070877e-01
2.479600e+04 3.641582e-01
2.479700e+04 3.062691e-01
2.479800e+04 4.136798e-01
2.479900e+04 2.933488e-01
2.480000e+04 3.619941e-01
2.480100e+04 3.172138e-01
2.480200e+04 2.949738e-01
2.480300e+04 3.199463e-01
2.480400e+04 3.190526e-01
2.480500e+04 3.512580e-01
2.480600e+04 3.216397e-01
2.480700e+04 4.080953e-01
2.480800e+04 3.786581e-01
2.480900e+04 3.175557e-01
2.481000e+04 2.796368e-01
2.481100e+04 2.464842e-01
2.481200e+04 3.552522e-01
2.481300e+04 3.898385e-01
2.481400e+04 2.870520e-01
2.481500e+04 3.189960e-01
2.481600e+04 2.862877e-01
2.481700e+04 2.215256e-01
2.481800e+04 3.667353e-01
2.481900e+04 3.966500e-01
2.482000e+04 3.058604e-01
2.482100e+04 3.244795e-01
2.482200e+04 3.170168e-01
2.482300e+04 3.768719e-01
2.482400e+04 2.914589e-01
2.482500e+04 1.947184e-01
2.482600e+04 2.511223e-01
2.482700e+04 3.136684e-01
2.482800e+04 3.836670e-01
2.482900e+04 3.892228e-01
2.483000e+04 3.436796e-01
2.483100e+04 4.010328e-01
2.483200e+04 2.891886e-01
2.483300e+04 3.211557e-01
2.483400e+04 2.763447e-01
2.483500e+04 3.865345e-01
2.483600e+04 3.620089e-01
2.483700e+04 4.060992e-01
2.483800e+04 4.026588e-01
2.483900e+04 4.276201e-01
2.484000e+04 3.253799e-01
2.484100e+04 3.219994e-01
2.484200e+04 4.031543e-01
2.484300e+04 3.677248e-01
2.484400e+04 2.955828e-01
2.484500e+04 3.555982e-01
2.484600e+04 4.226638e-01
2.484700e+04 3.597007e-01
2.484800e+04 3.054559e-01
2.484900e+04 3.931402e-01
2.485000e+04 3.809702e-01
2.485100e+04 3.266277e-01
2.485200e+04 3.317478e-01
2.485300e+04 3.707059e-01
2.485400e+04 3.951891e-01
2.485500e+04 3.734343e-01
2.485600e+04 3.237965e-01
2.485700e+04 3.792606e-01
2.485800e+04 3.593066e-01
2.485900e+04 3.664350e-01
2.486000e+04 3.089465e-01
2.486100e+04 3.387054e-01
2.486200e+04 3.954494e-01
2.486300e+04 3.847167e-01
2.486400e+04 3.285824e-01
2.486500e+04 2.831436e-01
2.486600e+04 3.242044e-01
2.486700e+04 3.282071e-01
2.486800e+04 2.920799e-01
2.486900e+04 2.489345e-01
2.487000e+04 3.801377e-01
2.487100e+04 3.428022e-01
2.487200e+04 3.625499e-01
2.487300e+04 3.161192e-01
2.487400e+04 2.903284e-01
2.487500e+04 2.459932e-01
2.487600e+04 2.848507e-01
2.487700e+04 2.740954e-01
2.487800e+04 3.779654e-01
2.487900e+04 3.194263e-01
2.488000e+04 3.892012e-01
2.488100e+04 3.553807e-01
2.488200e+04 3.170021e-01
2.488300e+04 2.266703e-01
2.488400e+04 3.135693e-01
2.488500e+04 3.556135e-01
2.488600e+04 2.590082e-01
2.488700e+04 2.728959e-01
2.488800e+04 3.584389e-01
2.488900e+04 3.318201e-01
2.489000e+04 3.684492e-01
2.489100e+04 3.827482e-01
2.489200e+04 3.999781e-01
2.489300e+04 3.573074e-01
2.489400e+04 2.255431e-01
2.489500e+04 2.670700e-01
2.489600e+04 2.393970e-01
2.489700e+04 3.742870e-01
2.489800e+04 3.905364e-01
2.489900e+04 3.941842e-01
2.490000e+04 3.578123e-01
2.490100e+04 2.515911e-01
2.490200e+04 3.526594e-01
2.490300e+04 2.909325e-01
2.490400e+04 2.863704e-01
2.490500e+04 3.287431e-01
2.490600e+04 3.727574e-01
2.490700e+04 3.937687e-01
2.490800e+04 2.977034e-01
2.490900e+04 2.177961e-01
2.491000e+04 2.508432e-01
2.491100e+04 2.559760e-01
2.491200e+04 2.443137e-01
2.491300e+04 3.437568e-01
2.491400e+04 3.623761e-01
2.491500e+04 3.622121e-01
2.491600e+04 3.165883e-01
2.491700e+04 3.819464e-01
2.491800e+04 3.346190e-01
2.491900e+04 2.756052e-01
2.492000e+04 3.112119e-01
2.492100e+04 2.761283e-01
2.492200e+04 3.183818e-01
2.492300e+04 2.707294e-01
2.492400e+04 3.616284e-01
2.492500e+04 4.193536e-01
2.492600e+04 3.778053e-01
2.492700e+04 4.104565e-01
2.492800e+04 3.126073e-01
2.492900e+04 2.681694e-01
2.493000e+04 3.883984e-01
2.493100e+04 3.951610e-01
2.493200e+04 2.478212e-01
2.493300e+04 2.761417e-01
2.493400e+04 3.104868e-01
2.493500e+04 3.389403e-01
2.493600e+04 3.397623e-01
2.493700e+04 4.071485e-01
2.493800e+04 3.639705e-01
2.493900e+04 2.605894e-01
2.494000e+04 3.681937e-01
2.494100e+04 3.707048e-01
2.494200e+04 4.146045e-01
2.494300e+04 3.335088e-01
2.494400e+04 3.832480e-01
2.494500e+04 3.410659e-01
2.494600e+04 3.496637e-01
2.494700e+04 2.741639e-01
2.494800e+04 2.596994e-01
2.494900e+04 2.686813e-01
2.495000e+04 3.608707e-01
2.495100e+04 3.134366e-01
2.495200e+04 3.621229e-01
2.495300e+04 4.101560e-01
2.495400e+04 4.216220e-01
2.495500e+04 3.594993e-01
2.495600e+04 3.353906e-01
2.495700e+04 3.682291e-01
2.495800e+04 2.639637e-01
2.495900e+04 2.715501e-01
2.496000e+04 4.016324e-01
2.496100e+04 3.428795e-01
2.496200e+04 3.872630e-01
2.496300e+04 2.705424e-01
2.496400e+04 3.098608e-01
2.496500e+04 2.893521e-01
2.496600e+04 2.860915e-01
2.496700e+04 3.988966e-01
2.496800e+04 3.782854e-01
2.496900e+04 4.247147e-01
2.497000e+04 3.670868e-01
2.497100e+04 3.035547e-01
2.497200e+04 3.082551e-01
2.497300e+04 2.994903e-01
2.497400e+04 3.897295e-01
2.497500e+04 3.472000e-01
2.497600e+04 3.897139e-01
2.497700e+04 3.137287e-01
2.497800e+04 2.413137e-01
2.497900e+04 3.135245e-01
2.498000e+04 3.720814e-01
2.498100e+04 2.856845e-01
2.498200e+04 2.044022e-01
2.498300e+04 2.320481e-01
2.498400e+04 2.956581e-01
2.498500e+04 3.472306e-01
2.498600e+04 2.865170e-01
2.498700e+04 2.957252e-01
2.498800e+04 3.408633e-01
2.498900e+04 3.112305e-01
2.499000e+04 3.815825e-01
2.499100e+04 3.539352e-01
2.499200e+04 2.696686e-01
2.499300e+04 3.084415e-01
2.499400e+04 3.484369e-01
2.499500e+04 3.148558e-01
2.499600e+04 3.691909e-01
2.499700e+04 3.163331e-01
2.499800e+04 3.295359e-01
2.499900e+04 2.934228e-01
2.500000e+04 3.573100e-01
2.500100e+04 2.620319e-01
2.500200e+04 3.034972e-01
2.500300e+04 3.926704e-01
2.500400e+04 3.977222e-01
2.500500e+04 3.355639e-01
2.500600e+04 3.198101e-01
2.500700e+04 2.225297e-01
2.500800e+04 2.573717e-01
2.500900e+04 3.186220e-01
2.501000e+04 3.145396e-01
2.501100e+04 3.066512e-01
2.501200e+04 2.878788e-01
2.501300e+04 3.875881e-01
2.501400e+04 3.788583e-01
2.501500e+04 3.742199e-01
2.501600e+04 3.627008e-01
2.501700e+04 3.115931e-01
2.501800e+04 2.703696e-01
2.501900e+04 3.528816e-01
2.502000e+04 3.573465e-01
2.502100e+04 3.254396e-01
2.502200e+04 3.588080e-01
2.502300e+04 3.979385e-01
2.502400e+04 2.986096e-01
2.502500e+04 3.372928e-01
2.502600e+04 2.888909e-01
2.502700e+04 3.728915e-01
2.502800e+04 4.072069e-01
2.502900e+04 3.290939e-01
2.503000e+04 2.879848e-01
2.503100e+04 2.459931e-01
2.503200e+04 2.623634e-01
2.503300e+04 4.084366e-01
2.503400e+04 3.369380e-01
2.503500e+04 2.593935e-01
2.503600e+04 2.727364e-01
2.503700e+04 2.788425e-01
2.503800e+04 2.380141e-01
2.503900e+04 3.006348e-01
2.504000e+04 3.845293e-01
2.504100e+04 3.363246e-01
2.504200e+04 3.432561e-01
2.504300e+04 3.426861e-01
2.504400e+04 3.132589e-01
2.504500e+04 3.193378e-01
2.504600e+04 2.383592e-01
2.504700e+04 2.841827e-01
2.504800e+04 3.386060e-01
2.504900e+04 2.755941e-01
2.505000e+04 3.111951e-01
2.505100e+04 3.634955e-01
2.505200e+04 2.945701e-01
2.505300e+04 2.716083e-01
2.505400e+04 3.418385e-01
2.505500e+04 2.644657e-01
2.505600e+04 3.483591e-01
2.505700e+04 3.697512e-01
2.505800e+04 2.470900e-01
2.505900e+04 2.702883e-01
2.506000e+04 2.420234e-01
2.506100e+04 1.904089e-01
2.506200e+04 2.758958e-01
2.506300e+04 3.006819e-01
2.506400e+04 2.561620e-01
2.506500e+04 2.939950e-01
2.506600e+04 2.093552e-01
2.506700e+04 3.302935e-01
2.506800e+04 3.370165e-01
2.506900e+04 3.731639e-01
2.507000e+04 2.816226e-01
2.507100e+04 2.997936e-01
2.507200e+04 3.305422e-01
2.507300e+04 3.114569e-01
2.507400e+04 2.924913e-01
2.507500e+04 3.916164e-01
2.507600e+04 3.710256e-01
2.507700e+04 2.752090e-01
2.507800e+04 2.859202e-01
2.507900e+04 3.567133e-01
2.508000e+04 2.832192e-01
2.508100e+04 3.154345e-01
2.508200e+04 2.960872e-01
2.508300e+04 3.846471e-01
2.508400e+04 3.041090e-01
2.508500e+04 2.701723e-01
2.508600e+04 3.268758e-01
2.508700e+04 2.887566e-01
2.508800e+04 3.791468e-01
2.508900e+04 4.196690e-01
2.509000e+04 3.796953e-01
2.509100e+04 3.565323e-01
2.509200e+04 3.734919e-01
2.509300e+04 2.697008e-01
2.509400e+04 3.057138e-01
2.509500e+04 3.480441e-01
2.509600e+04 3.458637e-01
2.509700e+04 3.947669e-01
2.509800e+04 3.214735e-01
2.509900e+04 3.452456e-01
2.510000e+04 3.440043e-01
2.510100e+04 3.618832e-01
2.510200e+04 3.615730e-01
2.510300e+04 3.399042e-01
2.510400e+04 2.701443e-01
2.510500e+04 3.314495e-01
2.510600e+04 3.257960e-01
2.510700e+04 3.556945e-01
2.510800e+04 3.039635e-01
2.510900e+04 2.510703e-01
2.511000e+04 3.395549e-01
2.511100e+04 3.516037e-01
2.511200e+04 2.583503e-01
2.511300e+04 2.760667e-01
2.511400e+04 3.319869e-01
2.511500e+04 2.763015e-01
2.511600e+04 3.868440e-01
2.511700e+04 3.357533e-01
2.511800e+04 3.414568e-01
2.511900e+04 2.409690e-01
2.512000e+04 2.972839e-01
2.512100e+04 3.302033e-01
2.512200e+04 2.567339e-01
2.512300e+04 3.024344e-01
2.512400e+04 3.398500e-01
2.512500e+04 2.850614e-01
2.512600e+04 2.569720e-01
2.512700e+04 2.496427e-01
2.512800e+04 2.990766e-01
2.512900e+04 3.703470e-01
2.513000e+04 2.755309e-01
2.513100e+04 3.410783e-01
2.513200e+04 2.807794e-01
2.513300e+04 3.350049e-01
2.513400e+04 3.283556e-01
2.513500e+04 2.775050e-01
2.513600e+04 2.732037e-01
2.513700e+04 3.005527e-01
2.513800e+04 2.795222e-01
2.513900e+04 3.116891e-01
2.514000e+04 3.317699e-01
2.514100e+04 3.498516e-01
2.514200e+04 2.846139e-01
2.514300e+04 3.595094e-01
2.514400e+04 2.922750e-01
2.514500e+04 3.392154e-01
2.514600e+04 3.207316e-01
2.514700e+04 2.949064e-01
2.514800e+04 3.226655e-01
2.514900e+04 2.384736e-01
2.515000e+04 3.192108e-01
2.515100e+04 2.289336e-01
2.515200e+04 2.751301e-01
2.515300e+04 2.352317e-01
2.515400e+04 2.980152e-01
2.515500e+04 2.363552e-01
2.515600e+04 2.539582e-01
2.515700e+04 2.831868e-01
2.515800e+04 2.447188e-01
2.515900e+04 3.214362e-01
2.516000e+04 3.483929e-01
2.516100e+04 3.617285e-01
2.516200e+04 3.571604e-01
2.516300e+04 3.399022e-01
2.516400e+04 3.136809e-01
2.516500e+04 2.446340e-01
2.516600e+04 2.366775e-01
2.516700e+04 3.191831e-01
2.516800e+04 3.525968e-01
2.516900e+04 4.113834e-01
2.517000e+04 4.108839e-01
2.517100e+04 3.992777e-01
2.517200e+04 3.931787e-01
2.517300e+04 3.566124e-01
2.517400e+04 2.935551e-01
2.517500e+04 2.757410e-01
2.517600e+04 2.921878e-01
2.517700e+04 3.766536e-01
2.517800e+04 3.202677e-01
2.517900e+04 3.623112e-01
2.518000e+04 3.336079e-01
2.518100e+04 2.936638e-01
2.518200e+04 3.414758e-01
2.518300e+04 3.233078e-01
2.518400e+04 2.685370e-01
2.518500e+04 3.187057e-01
2.518600e+04 3.206592e-01
2.518700e+04 3.266699e-01
2.518800e+04 3.622998e-01
2.518900e+04 3.294697e-01
2.519000e+04 2.942328e-01
2.519100e+04 3.480357e-01
2.519200e+04 3.760371e-01
2.519300e+04 3.138807e-01
2.519400e+04 2.218555e-01
2.519500e+04 2.671260e-01
2.519600e+04 2.161623e-01
2.519700e+04 2.839380e-01
2.519800e+04 2.545476e-01
2.519900e+04 3.210339e-01
2.520000e+04 3.486437e-01
2.520100e+04 3.452888e-01
2.520200e+04 3.237114e-01
2.520300e+04 2.654464e-01
2.520400e+04 3.572461e-01
2.520500e+04 2.383961e-01
2.520600e+04 2.296867e-01
2.520700e+04 2.954032e-01
2.520800e+04 3.596991e-01
2.520900e+04 2.582574e-01
2.521000e+04 3.221341e-01
2.521100e+04 3.710808e-01
2.521200e+04 2.857332e-01
2.521300e+04 3.530001e-01
2.521400e+04 3.397441e-01
2.521500e+04 3.509955e-01
2.521600e+04 3.842318e-01
2.521700e+04 2.763284e-01
2.521800e+04 3.251512e-01
2.521900e+04 2.986994e-01
2.522000e+04 3.653102e-01
2.522100e+04 3.021537e-01
2.522200e+04 2.182240e-01
2.522300e+04 2.855589e-01
2.522400e+04 3.062004e-01
2.522500e+04 3.842000e-01
2.522600e+04 3.465650e-01
2.522700e+04 3.558714e-01
2.522800e+04 2.328286e-01
2.522900e+04 3.587306e-01
2.523000e+04 3.969330e-01
2.523100e+04 2.878244e-01
2.523200e+04 3.290494e-01
2.523300e+04 2.515295e-01
2.523400e+04 3.501847e-01
2.523500e+04 3.228121e-01
2.523600e+04 3.047598e-01
2.523700e+04 3.566825e-01
2.523800e+04 2.907326e-01
2.523900e+04 2.198116e-01
2.524000e+04 2.647204e-01
2.524100e+04 2.772178e-01
2.524200e+04 2.562887e-01
2.524300e+04 3.088811e-01
2.524400e+04 3.097872e-01
2.524500e+04 2.680333e-01
2.524600e+04 2.934994e-01
2.524700e+04 2.895892e-01
2.524800e+04 2.823612e-01
2.524900e+04 2.682415e-01
2.525000e+04 3.700541e-01
2.525100e+04 3.139178e-01
2.525200e+04 3.333061e-01
2.525300e+04 3.288628e-01
2.525400e+04 2.372965e-01
2.525500e+04 2.922358e-01
2.525600e+04 2.766704e-01
2.525700e+04 3.077627e-01
2.525800e+04 2.730216e-01
2.525900e+04 2.733948e-01
2.526000e+04 3.692969e-01
2.526100e+04 3.000415e-01
2.526200e+04 3.007108e-01
2.526300e+04 2.621968e-01
2.526400e+04 2.736813e-01
2.526500e+04 3.258408e-01
2.526600e+04 3.668187e-01
2.526700e+04 3.147431e-01
2.526800e+04 3.064056e-01
2.526900e+04 3.921500e-01
2.527000e+04 3.702635e-01
2.527100e+04 3.565014e-01
2.527200e+04 2.502290e-01
2.527300e+04 2.184909e-01
2.527400e+04 2.961123e-01
2.527500e+04 3.480376e-01
2.527600e+04 2.837266e-01
2.527700e+04 2.262539e-01
2.527800e+04 2.337696e-01
2.527900e+04 2.398365e-01
2.528000e+04 3.250960e-01
2.528100e+04 3.026795e-01
2.528200e+04 2.332350e-01
2.528300e+04 2.590311e-01
2.528400e+04 3.275536e-01
2.528500e+04 3.148795e-01
2.528600e+04 3.203504e-01
2.528700e+04 3.574781e-01
2.528800e+04 3.006915e-01
2.528900e+04 2.317546e-01
2.529000e+04 2.736369e-01
2.529100e+04 3.153782e-01
2.529200e+04 3.498255e-01
2.529300e+04 2.498008e-01
2.529400e+04 2.463346e-01
2.529500e+04 3.162193e-01
2.529600e+04 2.808802e-01
2.529700e+04 3.749627e-01
2.529800e+04 3.508024e-01
2.529900e+04 3.258957e-01
2.530000e+04 3.051688e-01
2.530100e+04 3.159597e-01
2.530200e+04 3.133601e-01
2.530300e+04 3.074711e-01
2.530400e+04 2.590648e-01
2.530500e+04 3.733429e-01
2.530600e+04 3.648297e-01
2.530700e+04 3.832306e-01
2.530800e+04 3.743518e-01
2.530900e+04 3.193113e-01
2.531000e+04 3.064227e-01
2.531100e+04 2.761203e-01
2.531200e+04 3.084552e-01
2.531300e+04 2.891770e-01
2.531400e+04 3.017231e-01
2.531500e+04 2.907619e-01
2.531600e+04 2.483373e-01
2.531700e+04 2.606714e-01
2.531800e+04 3.149980e-01
2.531900e+04 2.774624e-01
2.532000e+04 3.447413e-01
2.532100e+04 3.733289e-01
2.532200e+04 3.987508e-01
2.532300e+04 3.093622e-01
2.532400e+04 3.630450e-01
2.532500e+04 3.440329e-01
2.532600e+04 3.087131e-01
2.532700e+04 3.009140e-01
2.532800e+04 2.284762e-01
2.532900e+04 3.012008e-01
2.533000e+04 3.201540e-01
2.533100e+04 3.272055e-01
2.533200e+04 2.540406e-01
2.533300e+04 2.237152e-01
2.533400e+04 3.007477e-01
2.533500e+04 2.765138e-01
2.533600e+04 3.415697e-01
2.533700e+04 3.053056e-01
2.533800e+04 2.497097e-01
2.533900e+04 3.560709e-01
2.534000e+04 3.685271e-01
2.534100e+04 3.142364e-01
2.534200e+04 3.389958e-01
2.534300e+04 2.892833e-01
2.534400e+04 3.590181e-01
2.534500e+04 3.227627e-01
2.534600e+04 2.978394e-01
2.534700e+04 3.651994e-01
2.534800e+04 2.818665e-01
2.534900e+04 3.052322e-01
2.535000e+04 3.402870e-01
2.535100e+04 2.565098e-01
2.535200e+04 2.349342e-01
2.535300e+04 2.572329e-01
2.535400e+04 3.217190e-01
2.535500e+04 2.412531e-01
2.535600e+04 2.945963e-01
2.535700e+04 2.557133e-01
2.535800e+04 2.853960e-01
2.535900e+04 3.072240e-01
2.536000e+04 2.875092e-01
2.536100e+04 2.741157e-01
2.536200e+04 2.258956e-01
2.536300e+04 2.839649e-01
2.536400e+04 2.098743e-01
2.536500e+04 3.173526e-01
2.536600e+04 3.237981e-01
2.536700e+04 3.378212e-01
2.536800e+04 3.246278e-01
2.536900e+04 2.620036e-01
2.537000e+04 3.048115e-01
2.537100e+04 2.273304e-01
2.537200e+04 3.262929e-01
2.537300e+04 2.369704e-01
2.537400e+04 2.955582e-01
2.537500e+04 3.043947e-01
2.537600e+04 3.575023e-01
2.537700e+04 2.129217e-01
2.537800e+04 2.773997e-01
2.537900e+04 2.214431e-01
2.538000e+04 3.411008e-01
2.538100e+04 2.926651e-01
2.538200e+04 3.397869e-01
2.538300e+04 3.918626e-01
2.538400e+04 3.462752e-01
2.538500e+04 2.621953e-01
2.538600e+04 3.370623e-01
2.538700e+04 2.954765e-01
2.538800e+04 2.901781e-01
2.538900e+04 2.850266e-01
2.539000e+04 3.359709e-01
2.539100e+04 2.549365e-01
2.539200e+04 2.640032e-01
2.539300e+04 2.297193e-01
2.539400e+04 3.059164e-01
2.539500e+04 3.297098e-01
2.539600e+04 2.555056e-01
2.539700e+04 2.325898e-01
2.539800e+04 2.980281e-01
2.539900e+04 3.129155e-01
2.540000e+04 3.064114e-01
2.540100e+04 3.222415e-01
2.540200e+04 3.318167e-01
2.540300e+04 2.884249e-01
2.540400e+04 3.236885e-01
2.540500e+04 2.674375e-01
2.540600e+04 2.521047e-01
2.540700e+04 2.810460e-01
2.540800e+04 2.671264e-01
2.540900e+04 2.659572e-01
2.541000e+04 3.255021e-01
2.541100e+04 2.677781e-01
2.541200e+04 2.633523e-01
2.541300e+04 3.391861e-01
2.541400e+04 3.121355e-01
2.541500e+04 3.348919e-01
2.541600e+04 3.173713e-01
2.541700e+04 2.726175e-01
2.541800e+04 2.695900e-01
2.541900e+04 2.387888e-01
2.542000e+04 3.063172e-01
2.542100e+04 3.457739e-01
2.542200e+04 3.014593e-01
2.542300e+04 3.553545e-01
2.542400e+04 3.218462e-01
2.542500e+04 3.574389e-01
2.542600e+04 2.620795e-01
2.542700e+04 2.928778e-01
2.542800e+04 2.710892e-01
2.542900e+04 2.078442e-01
2.543000e+04 3.216476e-01
2.543100e+04 2.325964e-01
2.543200e+04 2.557936e-01
2.543300e+04 3.211094e-01
2.543400e+04 3.122532e-01
2.543500e+04 2.641481e-01
2.543600e+04 2.809052e-01
2.543700e+04 2.140532e-01
2.543800e+04 2.879062e-01
2.543900e+04 2.843740e-01
2.544000e+04 2.707785e-01
2.544100e+04 2.490610e-01
2.544200e+04 2.894989e-01
2.544300e+04 3.052329e-01
2.544400e+04 2.956748e-01
2.544500e+04 2.871340e-01
2.544600e+04 3.053862e-01
2.544700e+04 2.794309e-01
2.544800e+04 3.776678e-01
2.544900e+04 3.647106e-01
2.545000e+04 3.150721e-01
2.545100e+04 3.006567e-01
2.545200e+04 2.747640e-01
2.545300e+04 3.117855e-01
2.545400e+04 3.423030e-01
2.545500e+04 3.407199e-01
2.545600e+04 3.063414e-01
2.545700e+04 2.457088e-01
2.545800e+04 2.313049e-01
2.545900e+04 3.656587e-01
2.546000e+04 3.413165e-01
2.546100e+04 3.059382e-01
2.546200e+04 3.111827e-01
2.546300e+04 2.867497e-01
2.546400e+04 3.157057e-01
2.546500e+04 3.336853e-01
2.546600e+04 3.004654e-01
2.546700e+04 2.578565e-01
2.546800e+04 3.461346e-01
2.546900e+04 2.979072e-01
2.547000e+04 2.940053e-01
2.547100e+04 1.980794e-01
2.547200e+04 2.392612e-01
2.547300e+04 3.524253e-01
2.547400e+04 3.457693e-01
2.547500e+04 2.608839e-01
2.547600e+04 3.180246e-01
2.547700e+04 2.377868e-01
2.547800e+04 3.528984e-01
2.547900e+04 3.902912e-01
2.548000e+04 3.060979e-01
2.548100e+04 2.948569e-01
2.548200e+04 2.861939e-01
2.548300e+04 2.836425e-01
2.548400e+04 2.361218e-01
2.548500e+04 2.982787e-01
2.548600e+04 3.036815e-01
2.548700e+04 2.614206e-01
2.548800e+04 3.149262e-01
2.548900e+04 2.889435e-01
2.549000e+04 3.068530e-01
2.549100e+04 2.584333e-01
2.549200e+04 2.164960e-01
2.549300e+04 2.814701e-01
2.549400e+04 2.858918e-01
2.549500e+04 3.277640e-01
2.549600e+04 3.568809e-01
2.549700e+04 2.919249e-01
2.549800e+04 3.282857e-01
2.549900e+04 2.585922e-01
2.550000e+04 2.706869e-01
2.550100e+04 2.255583e-01
2.550200e+04 2.547755e-01
2.550300e+04 2.893908e-01
2.550400e+04 2.991710e-01
2.550500e+04 3.343059e-01
2.550600e+04 3.374483e-01
2.550700e+04 3.257829e-01
2.550800e+04 2.533944e-01
2.550900e+04 2.914811e-01
2.551000e+04 2.373901e-01
2.551100e+04 3.387241e-01
2.551200e+04 2.796931e-01
2.551300e+04 3.178765e-01
2.551400e+04 3.437967e-01
2.551500e+04 3.487442e-01
2.551600e+04 3.726575e-01
2.551700e+04 3.155172e-01
2.551800e+04 2.860415e-01
2.551900e+04 3.259817e-01
2.552000e+04 2.723865e-01
2.552100e+04 2.425703e-01
2.552200e+04 2.228636e-01
2.552300e+04 2.962018e-01
2.552400e+04 3.231601e-01
2.552500e+04 3.231720e-01
2.552600e+04 3.429320e-01
2.552700e+04 2.590380e-01
2.552800e+04 1.687478e-01
2.552900e+04 2.705017e-01
2.553000e+04 3.551681e-01
2.553100e+04 2.538572e-01
2.553200e+04 2.897481e-01
2.553300e+04 2.788146e-01
2.553400e+04 1.992212e-01
2.553500e+04 3.123171e-01
2.553600e+04 3.421841e-01
2.553700e+04 3.341023e-01
2.553800e+04 3.658288e-01
2.553900e+04 2.762484e-01
2.554000e+04 2.779914e-01
2.554100e+04 2.791520e-01
2.554200e+04 3.068637e-01
2.554300e+04 3.842248e-01
2.554400e+04 3.477319e-01
2.554500e+04 3.034787e-01
2.554600e+04 2.934744e-01
2.554700e+04 2.874680e-01
2.554800e+04 3.005544e-01
2.554900e+04 3.082867e-01
2.555000e+04 3.265796e-01
2.555100e+04 2.681881e-01
2.555200e+04 2.880766e-01
2.555300e+04 2.524075e-01
2.555400e+04 2.463957e-01
2.555500e+04 2.876794e-01
2.555600e+04 3.087539e-01
2.555700e+04 3.390153e-01
2.555800e+04 3.000759e-01
2.555900e+04 3.117570e-01
2.556000e+04 3.037600e-01
2.556100e+04 2.245424e-01
2.556200e+04 3.227055e-01
2.556300e+04 2.579153e-01
2.556400e+04 2.291874e-01
2.556500e+04 2.843535e-01
2.556600e+04 3.209671e-01
2.556700e+04 1.973604e-01
2.556800e+04 3.262592e-01
2.556900e+04 3.193083e-01
2.557000e+04 2.576518e-01
2.557100e+04 2.841919e-01
2.557200e+04 2.766778e-01
2.557300e+04 3.018388e-01
2.557400e+04 3.610431e-01
2.557500e+04 2.783502e-01
2.557600e+04 2.800614e-01
2.557700e+04 2.578408e-01
2.557800e+04 3.176703e-01
2.557900e+04 2.909409e-01
2.558000e+04 3.274669e-01
2.558100e+04 2.522676e-01
2.558200e+04 3.457559e-01
2.558300e+04 2.667828e-01
2.558400e+04 3.133470e-01
2.558500e+04 2.610133e-01
2.558600e+04 3.101428e-01
2.558700e+04 3.402557e-01
2.558800e+04 3.562288e-01
2.558900e+04 3.471499e-01
2.559000e+04 3.349366e-01
2.559100e+04 2.517359e-01
2.559200e+04 3.547779e-01
2.559300e+04 2.540694e-01
2.559400e+04 2.505636e-01
2.559500e+04 3.043576e-01
2.559600e+04 2.748613e-01
2.559700e+04 3.215809e-01
2.559800e+04 2.711019e-01
2.559900e+04 3.502946e-01
2.560000e+04 2.642732e-01
2.560100e+04 2.030743e-01
2.560200e+04 2.743292e-01
2.560300e+04 3.576507e-01
2.560400e+04 3.262358e-01
2.560500e+04 2.636336e-01
2.560600e+04 2.429366e-01
2.560700e+04 2.988161e-01
2.560800e+04 2.188928e-01
2.560900e+04 2.464736e-01
2.561000e+04 2.508948e-01
2.561100e+04 3.030096e-01
2.561200e+04 2.732839e-01
2.561300e+04 2.117907e-01
2.561400e+04 2.106092e-01
2.561500e+04 3.109419e-01
2.561600e+04 3.189325e-01
2.561700e+04 3.174177e-01
2.561800e+04 2.843329e-01
2.561900e+04 3.559967e-01
2.562000e+04 3.377201e-01
2.562100e+04 3.150276e-01
2.562200e+04 2.773048e-01
2.562300e+04 3.338295e-01
2.562400e+04 2.859178e-01
2.562500e+04 2.620629e-01
2.562600e+04 2.128465e-01
2.562700e+04 2.685727e-01
2.562800e+04 3.272075e-01
2.562900e+04 2.089930e-01
2.563000e+04 2.284947e-01
2.563100e+04 2.574394e-01
2.563200e+04 3.264522e-01
2.563300e+04 2.934889e-01
2.563400e+04 3.226412e-01
2.563500e+04 2.860835e-01
2.563600e+04 2.219571e-01
2.563700e+04 2.399581e-01
2.563800e+04 3.105399e-01
2.563900e+04 3.270983e-01
2.564000e+04 2.771536e-01
2.564100e+04 3.498745e-01
2.564200e+04 3.415865e-01
2.564300e+04 2.945930e-01
2.564400e+04 2.660563e-01
2.564500e+04 2.030625e-01
2.564600e+04 2.133703e-01
2.564700e+04 3.003626e-01
2.564800e+04 3.177090e-01
2.564900e+04 2.983022e-01
2.565000e+04 3.089785e-01
2.565100e+04 2.481885e-01
2.565200e+04 3.061417e-01
2.565300e+04 3.531022e-01
2.565400e+04 2.790121e-01
2.565500e+04 3.083054e-01
2.565600e+04 3.044654e-01
2.565700e+04 3.043677e-01
2.565800e+04 3.268819e-01
2.565900e+04 2.769453e-01
2.566000e+04 2.487276e-01
2.566100e+04 2.835496e-01
2.566200e+04 3.188160e-01
2.566300e+04 3.500270e-01
2.566400e+04 2.343811e-01
2.566500e+04 2.382258e-01
2.566600e+04 2.341673e-01
2.566700e+04 2.556495e-01
2.566800e+04 2.924425e-01
2.566900e+04 2.948348e-01
2.567000e+04 2.937003e-01
2.567100e+04 3.248595e-01
2.567200e+04 2.898789e-01
2.567300e+04 2.055557e-01
2.567400e+04 2.910255e-01
2.567500e+04 2.877393e-01
2.567600e+04 3.681102e-01
2.567700e+04 3.158529e-01
2.567800e+04 2.864611e-01
2.567900e+04 2.860947e-01
2.568000e+04 2.502982e-01
2.568100e+04 3.103169e-01
2.568200e+04 3.408466e-01
2.568300e+04 3.172520e-01
2.568400e+04 2.737670e-01
2.568500e+04 2.839072e-01
2.568600e+04 2.723562e-01
2.568700e+04 2.687385e-01
2.568800e+04 2.768683e-01
2.568900e+04 2.619404e-01
2.569000e+04 2.462622e-01
2.569100e+04 3.058743e-01
2.569200e+04 3.218090e-01
2.569300e+04 2.249816e-01
2.569400e+04 3.389742e-01
2.569500e+04 2.359177e-01
2.569600e+04 2.884032e-01
2.569700e+04 2.745766e-01
2.569800e+04 2.346993e-01
2.569900e+04 1.907930e-01
2.570000e+04 2.201312e-01
2.570100e+04 3.083100e-01
2.570200e+04 2.894053e-01
2.570300e+04 3.287854e-01
2.570400e+04 3.420630e-01
2.570500e+04 3.026248e-01
2.570600e+04 2.954934e-01
2.570700e+04 2.695917e-01
2.570800e+04 2.958467e-01
2.570900e+04 3.567924e-01
2.571000e+04 3.499714e-01
2.571100e+04 3.574332e-01
2.571200e+04 3.428527e-01
2.571300e+04 3.665306e-01
2.571400e+04 3.609948e-01
2.571500e+04 3.424155e-01
2.571600e+04 2.625518e-01
2.571700e+04 3.290895e-01
2.571800e+04 3.396044e-01
2.571900e+04 3.440548e-01
2.572000e+04 2.756880e-01
2.572100e+04 2.623972e-01
2.572200e+04 2.819197e-01
2.572300e+04 3.107042e-01
2.572400e+04 3.284950e-01
2.572500e+04 3.258223e-01
2.572600e+04 3.273442e-01
2.572700e+04 2.520960e-01
2.572800e+04 3.062177e-01
2.572900e+04 3.295911e-01
2.573000e+04 3.243512e-01
2.573100e+04 2.464064e-01
2.573200e+04 2.835143e-01
2.573300e+04 2.359876e-01
2.573400e+04 3.371755e-01
2.573500e+04 2.479404e-01
2.573600e+04 1.971133e-01
2.573700e+04 3.392236e-01
2.573800e+04 2.682388e-01
2.573900e+04 2.948915e-01
2.574000e+04 2.550104e-01
2.574100e+04 2.930307e-01
2.574200e+04 2.186618e-01
2.574300e+04 3.254708e-01
2.574400e+04 3.371707e-01
2.574500e+04 3.146888e-01
2.574600e+04 2.843045e-01
2.574700e+04 2.020229e-01
2.574800e+04 2.784241e-01
2.574900e+04 2.701859e-01
2.575000e+04 2.944058e-01
2.575100e+04 2.470171e-01
2.575200e+04 3.406319e-01
2.575300e+04 3.036595e-01
2.575400e+04 2.699071e-01
2.575500e+04 2.687756e-01
2.575600e+04 2.718996e-01
2.575700e+04 2.664183e-01
2.575800e+04 2.595361e-01
2.575900e+04 2.974857e-01
2.576000e+04 2.422903e-01
2.576100e+04 2.642704e-01
2.576200e+04 2.498417e-01
2.576300e+04 3.068961e-01
2.576400e+04 3.256688e-01
2.576500e+04 2.738257e-01
2.576600e+04 2.099485e-01
2.576700e+04 2.802230e-01
2.576800e+04 2.461785e-01
2.576900e+04 3.485167e-01
2.577000e+04 2.550467e-01
2.577100e+04 2.162724e-01
2.577200e+04 2.050018e-01
2.577300e+04 2.644488e-01
2.577400e+04 3.054562e-01
2.577500e+04 2.532709e-01
2.577600e+04 2.848693e-01
2.577700e+04 2.501134e-01
2.577800e+04 3.012720e-01
2.577900e+04 2.369500e-01
2.578000e+04 2.571531e-01
2.578100e+04 2.821403e-01
2.578200e+04 2.862949e-01
2.578300e+04 2.064456e-01
2.578400e+04 2.345538e-01
2.578500e+04 3.221211e-01
2.578600e+04 2.917279e-01
2.578700e+04 2.784950e-01
2.578800e+04 2.883826e-01
2.578900e+04 2.327324e-01
2.579000e+04 2.681122e-01
2.579100e+04 3.624948e-01
2.579200e+04 3.051557e-01
2.579300e+04 2.491726e-01
2.579400e+04 3.082316e-01
2.579500e+04 2.694079e-01
2.579600e+04 2.833733e-01
2.579700e+04 3.217167e-01
2.579800e+04 2.910743e-01
2.579900e+04 3.332608e-01
2.580000e+04 3.033124e-01
2.580100e+04 3.116446e-01
2.580200e+04 3.151025e-01
2.580300e+04 3.419681e-01
2.580400e+04 3.475379e-01
2.580500e+04 2.841441e-01
2.580600e+04 3.293569e-01
2.580700e+04 2.824998e-01
2.580800e+04 3.308454e-01
2.580900e+04 2.928174e-01
2.581000e+04 3.095386e-01
2.581100e+04 2.570291e-01
2.581200e+04 2.955673e-01
2.581300e+04 2.667661e-01
2.581400e+04 2.839777e-01
2.581500e+04 2.371436e-01
2.581600e+04 3.131370e-01
2.581700e+04 2.649285e-01
2.581800e+04 2.847571e-01
2.581900e+04 2.459776e-01
2.582000e+04 3.021615e-01
2.582100e+04 2.733839e-01
2.582200e+04 3.102893e-01
2.582300e+04 3.484377e-01
2.582400e+04 2.789730e-01
2.582500e+04 2.583686e-01
2.582600e+04 2.796156e-01
2.582700e+04 2.886433e-01
2.582800e+04 2.530029e-01
2.582900e+04 2.392893e-01
2.583000e+04 2.122781e-01
2.583100e+04 2.836301e-01
2.583200e+04 2.516405e-01
2.583300e+04 2.974020e-01
2.583400e+04 3.027995e-01
2.583500e+04 2.595202e-01
2.583600e+04 3.134253e-01
2.583700e+04 3.058572e-01
2.583800e+04 2.723557e-01
2.583900e+04 2.058520e-01
2.584000e+04 2.742813e-01
2.584100e+04 3.046418e-01
2.584200e+04 3.100076e-01
2.584300e+04 3.229671e-01
2.584400e+04 3.358931e-01
2.584500e+04 2.570285e-01
2.584600e+04 2.601561e-01
2.584700e+04 3.120108e-01
2.584800e+04 2.915401e-01
2.584900e+04 2.283314e-01
2.585000e+04 2.563140e-01
2.585100e+04 2.298273e-01
2.585200e+04 3.270379e-01
2.585300e+04 3.424015e-01
2.585400e+04 2.774084e-01
2.585500e+04 3.097512e-01
2.585600e+04 2.841792e-01
2.585700e+04 3.326817e-01
2.585800e+04 3.662000e-01
2.585900e+04 2.981662e-01
2.586000e+04 3.260339e-01
2.586100e+04 2.819867e-01
2.586200e+04 3.005172e-01
2.586300e+04 3.360545e-01
2.586400e+04 3.329836e-01
2.586500e+04 3.321613e-01
2.586600e+04 3.035009e-01
2.586700e+04 3.383844e-01
2.586800e+04 2.581394e-01
2.586900e+04 3.366861e-01
2.587000e+04 2.973853e-01
2.587100e+04 2.785036e-01
2.587200e+04 2.015953e-01
2.587300e+04 1.993623e-01
2.587400e+04 2.742481e-01
2.587500e+04 2.869238e-01
2.587600e+04 2.877612e-01
2.587700e+04 2.607909e-01
2.587800e+04 2.450396e-01
2.587900e+04 3.478726e-01
2.588000e+04 3.656210e-01
2.588100e+04 2.694492e-01
2.588200e+04 2.384101e-01
2.588300e+04 2.342130e-01
2.588400e+04 2.350861e-01
2.588500e+04 2.965446e-01
2.588600e+04 3.078354e-01
2.588700e+04 3.026281e-01
2.588800e+04 2.728019e-01
2.588900e+04 3.413121e-01
2.589000e+04 2.771457e-01
2.589100e+04 2.694330e-01
2.589200e+04 2.663385e-01
2.589300e+04 2.483421e-01
2.589400e+04 2.843940e-01
2.589500e+04 2.499754e-01
2.589600e+04 2.976749e-01
2.589700e+04 2.416384e-01
2.589800e+04 2.701464e-01
2.589900e+04 2.813041e-01
2.590000e+04 2.705792e-01
2.590100e+04 3.433249e-01
2.590200e+04 3.309063e-01
2.590300e+04 2.758186e-01
2.590400e+04 2.391683e-01
2.590500e+04 2.740473e-01
2.590600e+04 2.638507e-01
2.590700e+04 3.114819e-01
2.590800e+04 2.880527e-01
2.590900e+04 2.688333e-01
2.591000e+04 2.985202e-01
2.591100e+04 2.351127e-01
2.591200e+04 3.266117e-01
2.591300e+04 2.895177e-01
2.591400e+04 2.558936e-01
2.591500e+04 2.872567e-01
2.591600e+04 3.345966e-01
2.591700e+04 3.173269e-01
2.591800e+04 3.369262e-01
2.591900e+04 2.554289e-01
2.592000e+04 3.143194e-01
2.592100e+04 2.710066e-01
2.592200e+04 3.192831e-01
2.592300e+04 3.496815e-01
2.592400e+04 2.313543e-01
2.592500e+04 2.915282e-01
2.592600e+04 2.115196e-01
2.592700e+04 3.161256e-01
2.592800e+04 3.182465e-01
2.592900e+04 2.926305e-01
2.593000e+04 2.496770e-01
2.593100e+04 2.448672e-01
2.593200e+04 2.348567e-01
2.593300e+04 2.645896e-01
2.593400e+04 2.385088e-01
2.593500e+04 2.954730e-01
2.593600e+04 3.165166e-01
2.593700e+04 3.260410e-01
2.593800e+04 3.428633e-01
2.593900e+04 2.483916e-01
2.594000e+04 3.142765e-01
2.594100e+04 3.331531e-01
2.594200e+04 2.799394e-01
2.594300e+04 2.774096e-01
2.594400e+04 2.049294e-01
2.594500e+04 2.932601e-01
2.594600e+04 2.629755e-01
2.594700e+04 1.975343e-01
2.594800e+04 2.793950e-01
2.594900e+04 2.671018e-01
2.595000e+04 2.689783e-01
2.595100e+04 2.935120e-01
2.595200e+04 3.203225e-01
2.595300e+04 2.371648e-01
2.595400e+04 2.847778e-01
2.595500e+04 3.328875e-01
2.595600e+04 3.035156e-01
2.595700e+04 2.798990e-01
2.595800e+04 2.919670e-01
2.595900e+04 2.800535e-01
2.596000e+04 2.161291e-01
2.596100e+04 3.018260e-01
2.596200e+04 3.095969e-01
2.596300e+04 2.891615e-01
2.596400e+04 3.093237e-01
2.596500e+04 2.519347e-01
2.596600e+04 2.797544e-01
2.596700e+04 2.576130e-01
2.596800e+04 3.228325e-01
2.596900e+04 3.418271e-01
2.597000e+04 2.845943e-01
2.597100e+04 3.439638e-01
2.597200e+04 2.814354e-01
2.597300e+04 2.246775e-01
2.597400e+04 2.580833e-01
2.597500e+04 2.924474e-01
2.597600e+04 2.909447e-01
2.597700e+04 2.456388e-01
2.597800e+04 2.393499e-01
2.597900e+04 2.517596e-01
2.598000e+04 2.473089e-01
2.598100e+04 2.608425e-01
2.598200e+04 2.247906e-01
2.598300e+04 2.347156e-01
2.598400e+04 2.204573e-01
2.598500e+04 2.993835e-01
2.598600e+04 3.115830e-01
2.598700e+04 2.995893e-01
2.598800e+04 2.830339e-01
2.598900e+04 2.512939e-01
2.599000e+04 3.506038e-01
2.599100e+04 2.422309e-01
2.599200e+04 2.341130e-01
2.599300e+04 2.656480e-01
2.599400e+04 2.986442e-01
2.599500e+04 3.174958e-01
2.599600e+04 2.604651e-01
2.599700e+04 3.105654e-01
2.599800e+04 2.520475e-01
2.599900e+04 3.470544e-01
2.600000e+04 3.071391e-01
2.600100e+04 2.984299e-01
2.600200e+04 3.258642e-01
2.600300e+04 3.439232e-01
2.600400e+04 2.680732e-01
2.600500e+04 2.850964e-01
2.600600e+04 2.560194e-01
2.600700e+04 3.541965e-01
2.600800e+04 3.082996e-01
2.600900e+04 2.814224e-01
2.601000e+04 2.691656e-01
2.601100e+04 3.169026e-01
2.601200e+04 2.744169e-01
2.601300e+04 2.676899e-01
2.601400e+04 3.009541e-01
2.601500e+04 2.716350e-01
2.601600e+04 2.190622e-01
2.601700e+04 2.335435e-01
2.601800e+04 2.541967e-01
2.601900e+04 2.783777e-01
2.602000e+04 3.502075e-01
2.602100e+04 3.083835e-01
2.602200e+04 3.160254e-01
2.602300e+04 3.089939e-01
2.602400e+04 2.911128e-01
2.602500e+04 3.201228e-01
2.602600e+04 2.772885e-01
2.602700e+04 2.813310e-01
2.602800e+04 3.230985e-01
2.602900e+04 3.551504e-01
2.603000e+04 3.084992e-01
2.603100e+04 2.137677e-01
2.603200e+04 2.765630e-01
2.603300e+04 3.245079e-01
2.603400e+04 2.661456e-01
2.603500e+04 2.598317e-01
2.603600e+04 3.049714e-01
2.603700e+04 3.322787e-01
2.603800e+04 2.835449e-01
2.603900e+04 2.439872e-01
2.604000e+04 2.952946e-01
2.604100e+04 2.707031e-01
2.604200e+04 2.472418e-01
2.604300e+04 2.835254e-01
2.604400e+04 3.243060e-01
2.604500e+04 2.276764e-01
2.604600e+04 3.372613e-01
2.604700e+04 2.685891e-01
2.604800e+04 3.035627e-01
2.604900e+04 2.593750e-01
2.605000e+04 2.621278e-01
2.605100e+04 2.825120e-01
2.605200e+04 2.796727e-01
2.605300e+04 3.390879e-01
2.605400e+04 3.001801e-01
2.605500e+04 3.240604e-01
2.605600e+04 2.160598e-01
2.605700e+04 2.808505e-01
2.605800e+04 3.172936e-01
2.605900e+04 2.524366e-01
2.606000e+04 2.715062e-01
2.606100e+04 3.564092e-01
2.606200e+04 2.839855e-01
2.606300e+04 2.385617e-01
2.606400e+04 2.642666e-01
2.606500e+04 2.673327e-01
2.606600e+04 2.797069e-01
2.606700e+04 3.227747e-01
2.606800e+04 3.382044e-01
2.606900e+04 3.623931e-01
2.607000e+04 2.696914e-01
2.607100e+04 2.789291e-01
2.607200e+04 2.984595e-01
2.607300e+04 3.565848e-01
2.607400e+04 2.761249e-01
2.607500e+04 2.390564e-01
2.607600e+04 2.296648e-01
2.607700e+04 2.788174e-01
2.607800e+04 2.490167e-01
2.607900e+04 2.935728e-01
2.608000e+04 3.048616e-01
2.608100e+04 2.426390e-01
2.608200e+04 2.587450e-01
2.608300e+04 2.762025e-01
2.608400e+04 2.668410e-01
2.608500e+04 2.295708e-01
2.608600e+04 2.240855e-01
2.608700e+04 2.563802e-01
2.608800e+04 2.277404e-01
2.608900e+04 2.947477e-01
2.609000e+04 2.494195e-01
2.609100e+04 2.580480e-01
2.609200e+04 2.583639e-01
2.609300e+04 3.210460e-01
2.609400e+04 3.143195e-01
2.609500e+04 2.793130e-01
2.609600e+04 2.925451e-01
2.609700e+04 2.072760e-01
2.609800e+04 2.489335e-01
2.609900e+04 3.001260e-01
2.610000e+04 2.958318e-01
2.610100e+04 2.599895e-01
2.610200e+04 2.743485e-01
2.610300e+04 3.194938e-01
2.610400e+04 3.145499e-01
2.610500e+04 3.158669e-01
2.610600e+04 2.934904e-01
2.610700e+04 2.547002e-01
2.610800e+04 3.256133e-01
2.610900e+04 3.359470e-01
2.611000e+04 3.367828e-01
2.611100e+04 2.777225e-01
2.611200e+04 3.155889e-01
2.611300e+04 3.127070e-01
2.611400e+04 2.582167e-01
2.611500e+04 3.092430e-01
2.611600e+04 3.161832e-01
2.611700e+04 3.322132e-01
2.611800e+04 3.000583e-01
2.611900e+04 3.018188e-01
2.612000e+04 2.957897e-01
2.612100e+04 3.369188e-01
2.612200e+04 3.005553e-01
2.612300e+04 3.106662e-01
2.612400e+04 2.905518e-01
2.612500e+04 2.994562e-01
2.612600e+04 2.798251e-01
2.612700e+04 2.667753e-01
2.612800e+04 2.355406e-01
2.612900e+04 3.264531e-01
2.613000e+04 3.015863e-01
2.613100e+04 2.632145e-01
2.613200e+04 2.339751e-01
2.613300e+04 3.233820e-01
2.613400e+04 2.593999e-01
2.613500e+04 3.167594e-01
2.613600e+04 3.395360e-01
2.613700e+04 2.909740e-01
2.613800e+04 2.607215e-01
2.613900e+04 2.412466e-01
2.614000e+04 3.184920e-01
2.614100e+04 3.063331e-01
2.614200e+04 3.098988e-01
2.614300e+04 2.783767e-01
2.614400e+04 2.579113e-01
2.614500e+04 2.898249e-01
2.614600e+04 3.057217e-01
2.614700e+04 2.682363e-01
2.614800e+04 2.195439e-01
2.614900e+04 2.405470e-01
2.615000e+04 3.104257e-01
2.615100e+04 2.954032e-01
2.615200e+04 3.272523e-01
2.615300e+04 2.939100e-01
2.615400e+04 2.805359e-01
2.615500e+04 2.644382e-01
2.615600e+04 3.043356e-01
2.615700e+04 3.482616e-01
2.615800e+04 2.929135e-01
2.615900e+04 2.970941e-01
2.616000e+04 2.820746e-01
2.616100e+04 2.715277e-01
2.616200e+04 3.028761e-01
2.616300e+04 2.909853e-01
2.616400e+04 3.462814e-01
2.616500e+04 2.416158e-01
2.616600e+04 2.172109e-01
2.616700e+04 3.347809e-01
2.616800e+04 2.931334e-01
2.616900e+04 3.101444e-01
2.617000e+04 2.499454e-01
2.617100e+04 2.622578e-01
2.617200e+04 3.139168e-01
2.617300e+04 2.446004e-01
2.617400e+04 3.152178e-01
2.617500e+04 2.903373e-01
2.617600e+04 2.659772e-01
2.617700e+04 2.876743e-01
2.617800e+04 2.895914e-01
2.617900e+04 2.012390e-01
2.618000e+04 2.221287e-01
2.618100e+04 2.709569e-01
2.618200e+04 2.795991e-01
2.618300e+04 3.433718e-01
2.618400e+04 3.033091e-01
2.618500e+04 2.625567e-01
2.618600e+04 2.553376e-01
2.618700e+04 2.017281e-01
2.618800e+04 3.009974e-01
2.618900e+04 2.289770e-01
2.619000e+04 2.728387e-01
2.619100e+04 2.958512e-01
2.619200e+04 2.721394e-01
2.619300e+04 2.756541e-01
2.619400e+04 2.928454e-01
2.619500e+04 2.436319e-01
2.619600e+04 2.438180e-01
2.619700e+04 2.455058e-01
2.619800e+04 2.951636e-01
2.619900e+04 3.222802e-01
2.620000e+04 2.298371e-01
2.620100e+04 2.635576e-01
2.620200e+04 3.365483e-01
2.620300e+04 3.367497e-01
2.620400e+04 2.846233e-01
2.620500e+04 2.027718e-01
2.620600e+04 2.638773e-01
2.620700e+04 2.415791e-01
2.620800e+04 2.537864e-01
2.620900e+04 3.279852e-01
2.621000e+04 3.724242e-01
2.621100e+04 3.499923e-01
2.621200e+04 2.796547e-01
2.621300e+04 2.791224e-01
2.621400e+04 3.054698e-01
2.621500e+04 2.399290e-01
2.621600e+04 2.721692e-01
2.621700e+04 2.447117e-01
2.621800e+04 3.093440e-01
2.621900e+04 3.042201e-01
2.622000e+04 2.425767e-01
2.622100e+04 2.560536e-01
2.622200e+04 3.046973e-01
2.622300e+04 2.426537e-01
2.622400e+04 2.757940e-01
2.622500e+04 3.248588e-01
2.622600e+04 3.025534e-01
2.622700e+04 2.688197e-01
2.622800e+04 2.236890e-01
2.622900e+04 2.606045e-01
2.623000e+04 3.052065e-01
2.623100e+04 2.511169e-01
2.623200e+04 2.924262e-01
2.623300e+04 2.756266e-01
2.623400e+04 3.352458e-01
2.623500e+04 2.643432e-01
2.623600e+04 3.267297e-01
2.623700e+04 2.956815e-01
2.623800e+04 2.751063e-01
2.623900e+04 2.828984e-01
2.624000e+04 3.047635e-01
2.624100e+04 2.795689e-01
2.624200e+04 2.369683e-01
2.624300e+04 2.625068e-01
2.624400e+04 2.885592e-01
2.624500e+04 3.484478e-01
2.624600e+04 2.952280e-01
2.624700e+04 2.746103e-01
2.624800e+04 3.195968e-01
2.624900e+04 2.429612e-01
2.625000e+04 2.871420e-01
2.625100e+04 3.017608e-01
2.625200e+04 2.797644e-01
2.625300e+04 3.444296e-01
2.625400e+04 2.770185e-01
2.625500e+04 2.213139e-01
2.625600e+04 2.138219e-01
2.625700e+04 3.205073e-01
2.625800e+04 3.060930e-01
2.625900e+04 2.389295e-01
2.626000e+04 2.787619e-01
2.626100e+04 2.852591e-01
2.626200e+04 3.214626e-01
2.626300e+04 2.448196e-01
2.626400e+04 2.335403e-01
2.626500e+04 3.220780e-01
2.626600e+04 2.742580e-01
2.626700e+04 2.462920e-01
2.626800e+04 2.504408e-01
2.626900e+04 2.416571e-01
2.627000e+04 3.030575e-01
2.627100e+04 2.948571e-01
2.627200e+04 2.808511e-01
2.627300e+04 3.069347e-01
2.627400e+04 2.424206e-01
2.627500e+04 3.103360e-01
2.627600e+04 3.023156e-01
2.627700e+04 2.425714e-01
2.627800e+04 3.169651e-01
2.627900e+04 2.812332e-01
2.628000e+04 2.792011e-01
2.628100e+04 3.103981e-01
2.628200e+04 3.001835e-01
2.628300e+04 3.265583e-01
2.628400e+04 2.843622e-01
2.628500e+04 2.584590e-01
2.628600e+04 3.000613e-01
2.628700e+04 2.902361e-01
2.628800e+04 2.700845e-01
2.628900e+04 3.000917e-01
2.629000e+04 2.919180e-01
2.629100e+04 2.952774e-01
2.629200e+04 2.754973e-01
2.629300e+04 3.197505e-01
2.629400e+04 3.191725e-01
2.629500e+04 2.657084e-01
2.629600e+04 2.967554e-01
2.629700e+04 3.013963e-01
2.629800e+04 2.563337e-01
2.629900e+04 3.049103e-01
2.630000e+04 2.914429e-01
2.630100e+04 2.732855e-01
2.630200e+04 2.814218e-01
2.630300e+04 2.206330e-01
2.630400e+04 2.687632e-01
2.630500e+04 2.310942e-01
2.630600e+04 1.854161e-01
2.630700e+04 2.946220e-01
2.630800e+04 3.190721e-01
2.630900e+04 2.381557e-01
2.631000e+04 3.077105e-01
2.631100e+04 3.148582e-01
2.631200e+04 2.660795e-01
2.631300e+04 2.391492e-01
2.631400e+04 2.860883e-01
2.631500e+04 3.255576e-01
2.631600e+04 2.594635e-01
2.631700e+04 3.005888e-01
2.631800e+04 3.414728e-01
2.631900e+04 2.770680e-01
2.632000e+04 2.729110e-01
2.632100e+04 2.803346e-01
2.632200e+04 3.149361e-01
2.632300e+04 2.670501e-01
2.632400e+04 2.105802e-01
2.632500e+04 2.696098e-01
2.632600e+04 3.159274e-01
2.632700e+04 3.007873e-01
2.632800e+04 3.145258e-01
2.632900e+04 3.063529e-01
2.633000e+04 3.184900e-01
2.633100e+04 2.281073e-01
2.633200e+04 2.850626e-01
2.633300e+04 2.704979e-01
2.633400e+04 3.142793e-01
2.633500e+04 2.543263e-01
2.633600e+04 3.141182e-01
2.633700e+04 2.907717e-01
2.633800e+04 2.795119e-01
2.633900e+04 2.575777e-01
2.634000e+04 2.445361e-01
2.634100e+04 2.491194e-01
2.634200e+04 2.624225e-01
2.634300e+04 2.527484e-01
2.634400e+04 2.113272e-01
2.634500e+04 2.385768e-01
2.634600e+04 2.344761e-01
2.634700e+04 2.807296e-01
2.634800e+04 2.501843e-01
2.634900e+04 2.440875e-01
2.635000e+04 2.848414e-01
2.635100e+04 3.067585e-01
2.635200e+04 2.626631e-01
2.635300e+04 3.141996e-01
2.635400e+04 2.877015e-01
2.635500e+04 2.557354e-01
2.635600e+04 2.625078e-01
2.635700e+04 3.349937e-01
2.635800e+04 3.049763e-01
2.635900e+04 2.459728e-01
2.636000e+04 2.414045e-01
2.636100e+04 2.986788e-01
2.636200e+04 2.483442e-01
2.636300e+04 2.584758e-01
2.636400e+04 2.770029e-01
2.636500e+04 2.920529e-01
2.636600e+04 3.070284e-01
2.636700e+04 3.164181e-01
2.636800e+04 3.116152e-01
2.636900e+04 2.555146e-01
2.637000e+04 3.019074e-01
2.637100e+04 3.052866e-01
2.637200e+04 2.606410e-01
2.637300e+04 3.023637e-01
2.637400e+04 2.577681e-01
2.637500e+04 3.350580e-01
2.637600e+04 2.984227e-01
2.637700e+04 3.057567e-01
2.637800e+04 2.766703e-01
2.637900e+04 2.962210e-01
2.638000e+04 2.386470e-01
2.638100e+04 2.673927e-01
2.638200e+04 2.635153e-01
2.638300e+04 3.100132e-01
2.638400e+04 3.118092e-01
2.638500e+04 2.800905e-01
2.638600e+04 2.448229e-01
2.638700e+04 2.965474e-01
2.638800e+04 2.653304e-01
2.638900e+04 2.665822e-01
2.639000e+04 2.936342e-01
2.639100e+04 3.223715e-01
2.639200e+04 3.066321e-01
2.639300e+04 2.949207e-01
2.639400e+04 2.726643e-01
2.639500e+04 3.255710e-01
2.639600e+04 3.315735e-01
2.639700e+04 2.712470e-01
2.639800e+04 3.190525e-01
2.639900e+04 3.163301e-01
2.640000e+04 2.805072e-01
2.640100e+04 2.537328e-01
2.640200e+04 2.243747e-01
2.640300e+04 2.695679e-01
2.640400e+04 2.557206e-01
2.640500e+04 2.871810e-01
2.640600e+04 2.400103e-01
2.640700e+04 2.887233e-01
2.640800e+04 2.271399e-01
2.640900e+04 2.196910e-01
2.641000e+04 2.599530e-01
2.641100e+04 2.348450e-01
2.641200e+04 2.495849e-01
2.641300e+04 3.147670e-01
2.641400e+04 2.584399e-01
2.641500e+04 3.156237e-01
2.641600e+04 2.324118e-01
2.641700e+04 2.586939e-01
2.641800e+04 2.511404e-01
2.641900e+04 2.354197e-01
2.642000e+04 2.703026e-01
2.642100e+04 2.615141e-01
2.642200e+04 3.196394e-01
2.642300e+04 2.248739e-01
2.642400e+04 2.565986e-01
2.642500e+04 3.036540e-01
2.642600e+04 2.941336e-01
2.642700e+04 3.167697e-01
2.642800e+04 2.731186e-01
2.642900e+04 2.572605e-01
2.643000e+04 2.791003e-01
2.643100e+04 2.866031e-01
2.643200e+04 2.707744e-01
2.643300e+04 2.858180e-01
2.643400e+04 2.647881e-01
2.643500e+04 2.988051e-01
2.643600e+04 3.114027e-01
2.643700e+04 3.439750e-01
2.643800e+04 2.739174e-01
2.643900e+04 2.671184e-01
2.644000e+04 2.482013e-01
2.644100e+04 2.405198e-01
2.644200e+04 2.534619e-01
2.644300e+04 3.197352e-01
2.644400e+04 3.158116e-01
2.644500e+04 2.806528e-01
2.644600e+04 3.105594e-01
2.644700e+04 3.204772e-01
2.644800e+04 3.135902e-01
2.644900e+04 2.486937e-01
2.645000e+04 2.656133e-01
2.645100e+04 2.871821e-01
2.645200e+04 2.688452e-01
2.645300e+04 2.766699e-01
2.645400e+04 2.324564e-01
2.645500e+04 2.566036e-01
2.645600e+04 2.883166e-01
2.645700e+04 2.321125e-01
2.645800e+04 2.408062e-01
2.645900e+04 2.422591e-01
2.646000e+04 2.140613e-01
2.646100e+04 2.671814e-01
2.646200e+04 3.123770e-01
2.646300e+04 3.032452e-01
2.646400e+04 2.287224e-01
2.646500e+04 2.811869e-01
2.646600e+04 3.143570e-01
2.646700e+04 2.346056e-01
2.646800e+04 2.827911e-01
2.646900e+04 2.667966e-01
2.647000e+04 2.843361e-01
2.647100e+04 2.769230e-01
2.647200e+04 2.777979e-01
2.647300e+04 3.031443e-01
2.647400e+04 2.767058e-01
2.647500e+04 3.118920e-01
2.647600e+04 2.704523e-01
2.647700e+04 2.403443e-01
2.647800e+04 2.831597e-01
2.647900e+04 2.960667e-01
2.648000e+04 2.290027e-01
2.648100e+04 2.443830e-01
2.648200e+04 2.700340e-01
2.648300e+04 3.159176e-01
2.648400e+04 3.270432e-01
2.648500e+04 2.030544e-01
2.648600e+04 2.900684e-01
2.648700e+04 2.785738e-01
2.648800e+04 2.682753e-01
2.648900e+04 3.252619e-01
2.649000e+04 3.124867e-01
2.649100e+04 2.701005e-01
2.649200e+04 2.691098e-01
2.649300e+04 2.314008e-01
2.649400e+04 2.718936e-01
2.649500e+04 3.010146e-01
2.649600e+04 2.959585e-01
2.649700e+04 2.409040e-01
2.649800e+04 2.465991e-01
2.649900e+04 2.931228e-01
2.650000e+04 3.089094e-01
2.650100e+04 2.980537e-01
2.650200e+04 2.881124e-01
2.650300e+04 2.493368e-01
2.650400e+04 2.556811e-01
2.650500e+04 2.851433e-01
2.650600e+04 2.725001e-01
2.650700e+04 2.963198e-01
2.650800e+04 3.071616e-01
2.650900e+04 2.930325e-01
2.651000e+04 2.606908e-01
2.651100e+04 2.906371e-01
2.651200e+04 2.546975e-01
2.651300e+04 2.957435e-01
2.651400e+04 2.641907e-01
2.651500e+04 3.105414e-01
2.651600e+04 2.877784e-01
2.651700e+04 2.962140e-01
2.651800e+04 2.411822e-01
2.651900e+04 3.080248e-01
2.652000e+04 2.461838e-01
2.652100e+04 2.870991e-01
2.652200e+04 2.791148e-01
2.652300e+04 2.958267e-01
2.652400e+04 2.811780e-01
2.652500e+04 2.174195e-01
2.652600e+04 2.131161e-01
2.652700e+04 3.080446e-01
2.652800e+04 2.386142e-01
2.652900e+04 2.912932e-01
2.653000e+04 3.305348e-01
2.653100e+04 3.008389e-01
2.653200e+04 3.070469e-01
2.653300e+04 2.974257e-01
2.653400e+04 3.194533e-01
2.653500e+04 2.877844e-01
2.653600e+04 2.647238e-01
2.653700e+04 3.081380e-01
2.653800e+04 2.816807e-01
2.653900e+04 2.888670e-01
2.654000e+04 2.983099e-01
2.654100e+04 2.867473e-01
2.654200e+04 3.230281e-01
2.654300e+04 2.873003e-01
2.654400e+04 3.002893e-01
2.654500e+04 2.789295e-01
2.654600e+04 2.462113e-01
2.654700e+04 2.684915e-01
2.654800e+04 2.382580e-01
2.654900e+04 2.334392e-01
2.655000e+04 2.896995e-01
2.655100e+04 2.942553e-01
2.655200e+04 3.215920e-01
2.655300e+04 3.083283e-01
2.655400e+04 3.147008e-01
2.655500e+04 2.135147e-01
2.655600e+04 1.981414e-01
2.655700e+04 2.239597e-01
2.655800e+04 3.050667e-01
2.655900e+04 2.979341e-01
2.656000e+04 3.497737e-01
2.656100e+04 3.210231e-01
2.656200e+04 2.828188e-01
2.656300e+04 2.530859e-01
2.656400e+04 3.185419e-01
2.656500e+04 2.458554e-01
2.656600e+04 2.267417e-01
2.656700e+04 2.284260e-01
2.656800e+04 2.265578e-01
2.656900e+04 3.153074e-01
2.657000e+04 2.995183e-01
2.657100e+04 3.050233e-01
2.657200e+04 2.892238e-01
2.657300e+04 2.810399e-01
2.657400e+04 2.725396e-01
2.657500e+04 3.148583e-01
2.657600e+04 3.341603e-01
2.657700e+04 3.150568e-01
2.657800e+04 3.051725e-01
2.657900e+04 2.679785e-01
2.658000e+04 2.954819e-01
2.658100e+04 2.696673e-01
2.658200e+04 3.063804e-01
2.658300e+04 2.963134e-01
2.658400e+04 2.984804e-01
2.658500e+04 3.180896e-01
2.658600e+04 3.148768e-01
2.658700e+04 2.940910e-01
2.658800e+04 3.392778e-01
2.658900e+04 2.836334e-01
2.659000e+04 2.678772e-01
2.659100e+04 3.028328e-01
2.659200e+04 3.018204e-01
2.659300e+04 3.128662e-01
2.659400e+04 3.178631e-01
2.659500e+04 2.675726e-01
2.659600e+04 2.691322e-01
2.659700e+04 2.231828e-01
2.659800e+04 2.544521e-01
2.659900e+04 3.159885e-01
2.660000e+04 3.277464e-01
2.660100e+04 2.735278e-01
2.660200e+04 2.026067e-01
2.660300e+04 2.274386e-01
2.660400e+04 2.979979e-01
2.660500e+04 2.280108e-01
2.660600e+04 2.543325e-01
2.660700e+04 2.619301e-01
2.660800e+04 2.417179e-01
2.660900e+04 2.748346e-01
2.661000e+04 3.174842e-01
2.661100e+04 2.749938e-01
2.661200e+04 2.570101e-01
2.661300e+04 2.467573e-01
2.661400e+04 2.492925e-01
2.661500e+04 2.866907e-01
2.661600e+04 3.087445e-01
2.661700e+04 3.256055e-01
2.661800e+04 3.103930e-01
2.661900e+04 2.930193e-01
2.662000e+04 2.286716e-01
2.662100e+04 3.256331e-01
2.662200e+04 3.106050e-01
2.662300e+04 3.351056e-01
2.662400e+04 3.220071e-01
2.662500e+04 3.240155e-01
2.662600e+04 2.665459e-01
2.662700e+04 3.069769e-01
2.662800e+04 3.133136e-01
2.662900e+04 3.159346e-01
2.663000e+04 2.964095e-01
2.663100e+04 2.967245e-01
2.663200e+04 2.952209e-01
2.663300e+04 2.856078e-01
2.663400e+04 2.667157e-01
2.663500e+04 2.455338e-01
2.663600e+04 2.872803e-01
2.663700e+04 3.262463e-01
2.663800e+04 3.104402e-01
2.663900e+04 2.163881e-01
2.664000e+04 2.702978e-01
2.664100e+04 3.053634e-01
2.664200e+04 2.727697e-01
2.664300e+04 2.573604e-01
2.664400e+04 2.472031e-01
2.664500e+04 2.981927e-01
2.664600e+04 2.668965e-01
2.664700e+04 2.441273e-01
2.664800e+04 2.511836e-01
2.664900e+04 2.668843e-01
2.665000e+04 2.995876e-01
2.665100e+04 1.873935e-01
2.665200e+04 2.880669e-01
2.665300e+04 3.007763e-01
2.665400e+04 3.239861e-01
2.665500e+04 2.727777e-01
2.665600e+04 2.787735e-01
2.665700e+04 2.979599e-01
2.665800e+04 3.196844e-01
2.665900e+04 2.405726e-01
2.666000e+04 2.023874e-01
2.666100e+04 2.733191e-01
2.666200e+04 2.903780e-01
2.666300e+04 3.308535e-01
2.666400e+04 2.620799e-01
2.666500e+04 2.787621e-01
2.666600e+04 2.654748e-01
2.666700e+04 2.910070e-01
2.666800e+04 2.764333e-01
2.666900e+04 2.809232e-01
2.667000e+04 2.180279e-01
2.667100e+04 2.673206e-01
2.667200e+04 2.406629e-01
2.667300e+04 2.614155e-01
2.667400e+04 2.934787e-01
2.667500e+04 2.632349e-01
2.667600e+04 3.152596e-01
2.667700e+04 2.579285e-01
2.667800e+04 2.911617e-01
2.667900e+04 2.949485e-01
2.668000e+04 2.744354e-01
2.668100e+04 3.246109e-01
2.668200e+04 2.668754e-01
2.668300e+04 3.114311e-01
2.668400e+04 2.290955e-01
2.668500e+04 2.394152e-01
2.668600e+04 2.986097e-01
2.668700e+04 3.104673e-01
2.668800e+04 2.886763e-01
2.668900e+04 3.005114e-01
2.669000e+04 2.817408e-01
2.669100e+04 2.746215e-01
2.669200e+04 2.847172e-01
2.669300e+04 2.992652e-01
2.669400e+04 2.689356e-01
2.669500e+04 2.585613e-01
2.669600e+04 2.651905e-01
2.669700e+04 2.307051e-01
2.669800e+04 2.658861e-01
2.669900e+04 2.945877e-01
2.670000e+04 2.981975e-01
2.670100e+04 2.662755e-01
2.670200e+04 2.229548e-01
2.670300e+04 2.400164e-01
2.670400e+04 2.918777e-01
2.670500e+04 1.874878e-01
2.670600e+04 2.049131e-01
2.670700e+04 2.409109e-01
2.670800e+04 2.245262e-01
2.670900e+04 2.358480e-01
2.671000e+04 2.028147e-01
2.671100e+04 2.925678e-01
2.671200e+04 2.514029e-01
2.671300e+04 2.866069e-01
2.671400e+04 2.505467e-01
2.671500e+04 2.739171e-01
2.671600e+04 3.212856e-01
2.671700e+04 3.367963e-01
2.671800e+04 2.809005e-01
2.671900e+04 2.776341e-01
2.672000e+04 3.249158e-01
2.672100e+04 3.321182e-01
2.672200e+04 3.056571e-01
2.672300e+04 3.031268e-01
2.672400e+04 3.334028e-01
2.672500e+04 3.240468e-01
2.672600e+04 3.071566e-01
2.672700e+04 3.041529e-01
2.672800e+04 2.466648e-01
2.672900e+04 2.606907e-01
2.673000e+04 3.182570e-01
2.673100e+04 2.793153e-01
2.673200e+04 2.822299e-01
2.673300e+04 2.418688e-01
2.673400e+04 2.973946e-01
2.673500e+04 2.436491e-01
2.673600e+04 2.589276e-01
2.673700e+04 2.750383e-01
2.673800e+04 2.923390e-01
2.673900e+04 2.757070e-01
2.674000e+04 2.545179e-01
2.674100e+04 3.046789e-01
2.674200e+04 2.737497e-01
2.674300e+04 2.940123e-01
2.674400e+04 2.257995e-01
2.674500e+04 2.789380e-01
2.674600e+04 2.856988e-01
2.674700e+04 3.254816e-01
2.674800e+04 2.648474e-01
2.674900e+04 2.943271e-01
2.675000e+04 2.660529e-01
2.675100e+04 2.368299e-01
2.675200e+04 2.997879e-01
2.675300e+04 2.948429e-01
2.675400e+04 2.726565e-01
2.675500e+04 2.898022e-01
2.675600e+04 3.135758e-01
2.675700e+04 2.462391e-01
2.675800e+04 2.816533e-01
2.675900e+04 2.879594e-01
2.676000e+04 2.329641e-01
2.676100e+04 2.108129e-01
2.676200e+04 1.910131e-01
2.676300e+04 2.567050e-01
2.676400e+04 3.113391e-01
2.676500e+04 3.194862e-01
2.676600e+04 2.510083e-01
2.676700e+04 3.219224e-01
2.676800e+04 2.531825e-01
2.676900e+04 2.626631e-01
2.677000e+04 1.793606e-01
2.677100e+04 2.098444e-01
2.677200e+04 2.541395e-01
2.677300e+04 2.870189e-01
2.677400e+04 1.893533e-01
2.677500e+04 2.041850e-01
2.677600e+04 2.058693e-01
2.677700e+04 2.623857e-01
2.677800e+04 2.880949e-01
2.677900e+04 2.246518e-01
2.678000e+04 2.798449e-01
2.678100e+04 2.480530e-01
2.678200e+04 2.676705e-01
2.678300e+04 2.826341e-01
2.678400e+04 2.736110e-01
2.678500e+04 2.453452e-01
2.678600e+04 2.982754e-01
2.678700e+04 3.148768e-01
2.678800e+04 3.100633e-01
2.678900e+04 2.550287e-01
2.679000e+04 3.225630e-01
2.679100e+04 2.901133e-01
2.679200e+04 3.018700e-01
2.679300e+04 2.129748e-01
2.679400e+04 2.161433e-01
2.679500e+04 2.451139e-01
2.679600e+04 3.007189e-01
2.679700e+04 2.981768e-01
2.679800e+04 3.296546e-01
2.679900e+04 2.917907e-01
2.680000e+04 2.510311e-01
2.680100e+04 2.160830e-01
2.680200e+04 2.777747e-01
2.680300e+04 3.179645e-01
2.680400e+04 2.849223e-01
2.680500e+04 2.925618e-01
2.680600e+04 2.050749e-01
2.680700e+04 2.944065e-01
2.680800e+04 2.849597e-01
2.680900e+04 2.555958e-01
2.681000e+04 3.104766e-01
2.681100e+04 2.752765e-01
2.681200e+04 3.018959e-01
2.681300e+04 3.145814e-01
2.681400e+04 2.744729e-01
2.681500e+04 2.476696e-01
2.681600e+04 2.215828e-01
2.681700e+04 2.565043e-01
2.681800e+04 2.373718e-01
2.681900e+04 2.311704e-01
2.682000e+04 2.797402e-01
2.682100e+04 2.608976e-01
2.682200e+04 3.112148e-01
2.682300e+04 2.970459e-01
2.682400e+04 2.553264e-01
2.682500e+04 2.940530e-01
2.682600e+04 1.886397e-01
2.682700e+04 2.734830e-01
2.682800e+04 2.847907e-01
2.682900e+04 2.734668e-01
2.683000e+04 2.829325e-01
2.683100e+04 3.186600e-01
2.683200e+04 2.970590e-01
2.683300e+04 2.728238e-01
2.683400e+04 1.772776e-01
2.683500e+04 2.758133e-01
2.683600e+04 3.115515e-01
2.683700e+04 2.785557e-01
2.683800e+04 2.780491e-01
2.683900e+04 3.087838e-01
2.684000e+04 2.796908e-01
2.684100e+04 2.720329e-01
2.684200e+04 3.109051e-01
2.684300e+04 2.507996e-01
2.684400e+04 3.093736e-01
2.684500e+04 2.881401e-01
2.684600e+04 1.645957e-01
2.684700e+04 1.808316e-01
2.684800e+04 2.839713e-01
2.684900e+04 2.942240e-01
2.685000e+04 3.104527e-01
2.685100e+04 2.409784e-01
2.685200e+04 2.779339e-01
2.685300e+04 2.768569e-01
2.685400e+04 2.781728e-01
2.685500e+04 3.097522e-01
2.685600e+04 2.972291e-01
2.685700e+04 1.998600e-01
2.685800e+04 2.070923e-01
2.685900e+04 3.113614e-01
2.686000e+04 3.066783e-01
2.686100e+04 2.187694e-01
2.686200e+04 2.059469e-01
2.686300e+04 1.931943e-01
2.686400e+04 2.672591e-01
2.686500e+04 2.592760e-01
2.686600e+04 2.081995e-01
2.686700e+04 2.684750e-01
2.686800e+04 1.905534e-01
2.686900e+04 2.761315e-01
2.687000e+04 2.700914e-01
2.687100e+04 2.640202e-01
2.687200e+04 2.825807e-01
2.687300e+04 3.088271e-01
2.687400e+04 2.905448e-01
2.687500e+04 3.135877e-01
2.687600e+04 3.289576e-01
2.687700e+04 3.239716e-01
2.687800e+04 2.957611e-01
2.687900e+04 2.876103e-01
2.688000e+04 2.171763e-01
2.688100e+04 2.171644e-01
2.688200e+04 2.770626e-01
2.688300e+04 2.275591e-01
2.688400e+04 2.546206e-01
2.688500e+04 2.709389e-01
2.688600e+04 3.180740e-01
2.688700e+04 3.022356e-01
2.688800e+04 2.692238e-01
2.688900e+04 2.320637e-01
2.689000e+04 2.670276e-01
2.689100e+04 3.137461e-01
2.689200e+04 2.870328e-01
2.689300e+04 3.068250e-01
2.689400e+04 3.103922e-01
2.689500e+04 3.285843e-01
2.689600e+04 2.495932e-01
2.689700e+04 2.418808e-01
2.689800e+04 2.995484e-01
2.689900e+04 2.793202e-01
2.690000e+04 3.231640e-01
2.690100e+04 3.139167e-01
2.690200e+04 2.837473e-01
2.690300e+04 2.781033e-01
2.690400e+04 2.560706e-01
2.690500e+04 2.441773e-01
2.690600e+04 2.801979e-01
2.690700e+04 2.876336e-01
2.690800e+04 2.874013e-01
2.690900e+04 2.398634e-01
2.691000e+04 2.379929e-01
2.691100e+04 2.003704e-01
2.691200e+04 3.026321e-01
2.691300e+04 2.992329e-01
2.691400e+04 3.108814e-01
2.691500e+04 3.110605e-01
2.691600e+04 3.032541e-01
2.691700e+04 2.209080e-01
2.691800e+04 2.882591e-01
2.691900e+04 2.324976e-01
2.692000e+04 1.893890e-01
2.692100e+04 2.957929e-01
2.692200e+04 2.781219e-01
2.692300e+04 2.956716e-01
2.692400e+04 3.068030e-01
2.692500e+04 2.491649e-01
2.692600e+04 2.761256e-01
2.692700e+04 2.338676e-01
2.692800e+04 2.513640e-01
2.692900e+04 2.296047e-01
2.693000e+04 2.890436e-01
2.693100e+04 2.950671e-01
2.693200e+04 2.919194e-01
2.693300e+04 2.201319e-01
2.693400e+04 2.074619e-01
2.693500e+04 2.056164e-01
2.693600e+04 2.357407e-01
2.693700e+04 1.755215e-01
2.693800e+04 1.801316e-01
2.693900e+04 2.904006e-01
2.694000e+04 2.812079e-01
2.694100e+04 2.927807e-01
2.694200e+04 2.074210e-01
2.694300e+04 2.531890e-01
2.694400e+04 2.203333e-01
2.694500e+04 2.763673e-01
2.694600e+04 2.568157e-01
2.694700e+04 1.710016e-01
2.694800e+04 1.724847e-01
2.694900e+04 1.644348e-01
2.695000e+04 2.590882e-01
2.695100e+04 2.717674e-01
2.695200e+04 2.902131e-01
2.695300e+04 2.636866e-01
2.695400e+04 2.566730e-01
2.695500e+04 2.649613e-01
2.695600e+04 2.226379e-01
2.695700e+04 2.744019e-01
2.695800e+04 2.762000e-01
2.695900e+04 2.090788e-01
2.696000e+04 2.920429e-01
2.696100e+04 1.993810e-01
2.696200e+04 2.865944e-01
2.696300e+04 2.279013e-01
2.696400e+04 2.056735e-01
2.696500e+04 2.476180e-01
2.696600e+04 2.500361e-01
2.696700e+04 1.934465e-01
2.696800e+04 3.040987e-01
2.696900e+04 3.013524e-01
2.697000e+04 2.448807e-01
2.697100e+04 2.524823e-01
2.697200e+04 2.653681e-01
2.697300e+04 3.098218e-01
2.697400e+04 2.872440e-01
2.697500e+04 2.308972e-01
2.697600e+04 2.670261e-01
2.697700e+04 2.131118e-01
2.697800e+04 2.412899e-01
2.697900e+04 1.928826e-01
2.698000e+04 3.011311e-01
2.698100e+04 3.136867e-01
2.698200e+04 3.384838e-01
2.698300e+04 2.611000e-01
2.698400e+04 2.770166e-01
2.698500e+04 3.032870e-01
2.698600e+04 2.086438e-01
2.698700e+04 2.447056e-01
2.698800e+04 1.933294e-01
2.698900e+04 2.488439e-01
2.699000e+04 2.306139e-01
2.699100e+04 2.812710e-01
2.699200e+04 2.834242e-01
2.699300e+04 2.776710e-01
2.699400e+04 2.319574e-01
2.699500e+04 3.064416e-01
2.699600e+04 3.295701e-01
2.699700e+04 3.120782e-01
2.699800e+04 2.614513e-01
2.699900e+04 2.998387e-01
2.700000e+04 2.563654e-01
2.700100e+04 2.737906e-01
2.700200e+04 2.524381e-01
2.700300e+04 2.645673e-01
2.700400e+04 2.919335e-01
2.700500e+04 3.061596e-01
2.700600e+04 3.212028e-01
2.700700e+04 2.882956e-01
2.700800e+04 2.925609e-01
2.700900e+04 3.126457e-01
2.701000e+04 2.943821e-01
2.701100e+04 3.007211e-01
2.701200e+04 3.191075e-01
2.701300e+04 2.989890e-01
2.701400e+04 1.979318e-01
2.701500e+04 1.881780e-01
2.701600e+04 2.299365e-01
2.701700e+04 1.706522e-01
2.701800e+04 2.640500e-01
2.701900e+04 2.378226e-01
2.702000e+04 3.113438e-01
2.702100e+04 2.826172e-01
2.702200e+04 2.466810e-01
2.702300e+04 2.437046e-01
2.702400e+04 2.951207e-01
2.702500e+04 3.098108e-01
2.702600e+04 2.278545e-01
2.702700e+04 2.490289e-01
2.702800e+04 2.875209e-01
2.702900e+04 2.472221e-01
2.703000e+04 2.348973e-01
2.703100e+04 2.081993e-01
2.703200e+04 2.155166e-01
2.703300e+04 2.135736e-01
2.703400e+04 2.804067e-01
2.703500e+04 2.968059e-01
2.703600e+04 1.745162e-01
2.703700e+04 2.221547e-01
2.703800e+04 3.133182e-01
2.703900e+04 3.007475e-01
2.704000e+04 3.210797e-01
2.704100e+04 2.597929e-01
2.704200e+04 2.725142e-01
2.704300e+04 2.854528e-01
2.704400e+04 2.245320e-01
2.704500e+04 2.784796e-01
2.704600e+04 2.011522e-01
2.704700e+04 2.224054e-01
2.704800e+04 1.913232e-01
2.704900e+04 2.696378e-01
2.705000e+04 1.829245e-01
2.705100e+04 2.806743e-01
2.705200e+04 2.573704e-01
2.705300e+04 3.067387e-01
2.705400e+04 1.928587e-01
2.705500e+04 2.714877e-01
2.705600e+04 2.370956e-01
2.705700e+04 2.661792e-01
2.705800e+04 2.517719e-01
2.705900e+04 2.472445e-01
2.706000e+04 2.766185e-01
2.706100e+04 2.564786e-01
2.706200e+04 2.508038e-01
2.706300e+04 2.026085e-01
2.706400e+04 2.598444e-01
2.706500e+04 2.777054e-01
2.706600e+04 2.912577e-01
2.706700e+04 3.028184e-01
2.706800e+04 2.173202e-01
2.706900e+04 2.072559e-01
2.707000e+04 2.857948e-01
2.707100e+04 2.717461e-01
2.707200e+04 2.411491e-01
2.707300e+04 2.753425e-01
2.707400e+04 2.134310e-01
2.707500e+04 2.574034e-01
2.707600e+04 2.371383e-01
2.707700e+04 3.010334e-01
2.707800e+04 3.128926e-01
2.707900e+04 2.920369e-01
2.708000e+04 2.901134e-01
2.708100e+04 2.211469e-01
2.708200e+04 2.736099e-01
2.708300e+04 3.035580e-01
2.708400e+04 2.770170e-01
2.708500e+04 2.175552e-01
2.708600e+04 3.001914e-01
2.708700e+04 3.000881e-01
2.708800e+04 2.255104e-01
2.708900e+04 2.437246e-01
2.709000e+04 2.264839e-01
2.709100e+04 2.122324e-01
2.709200e+04 2.831762e-01
2.709300e+04 2.928463e-01
2.709400e+04 2.551383e-01
2.709500e+04 2.442406e-01
2.709600e+04 2.927381e-01
2.709700e+04 2.377824e-01
2.709800e+04 2.165208e-01
2.709900e+04 2.857250e-01
2.710000e+04 2.797823e-01
2.710100e+04 2.553485e-01
2.710200e+04 2.068150e-01
2.710300e+04 2.883723e-01
2.710400e+04 2.933800e-01
2.710500e+04 2.554842e-01
2.710600e+04 2.501664e-01
2.710700e+04 2.070933e-01
2.710800e+04 2.904396e-01
2.710900e+04 2.759273e-01
2.711000e+04 2.316800e-01
2.711100e+04 2.687497e-01
2.711200e+04 1.643105e-01
2.711300e+04 1.796377e-01
2.711400e+04 2.674594e-01
2.711500e+04 2.382481e-01
2.711600e+04 2.806389e-01
2.711700e+04 2.546835e-01
2.711800e+04 2.197701e-01
2.711900e+04 2.344266e-01
2.712000e+04 2.109287e-01
2.712100e+04 2.271376e-01
2.712200e+04 2.373770e-01
2.712300e+04 2.895367e-01
2.712400e+04 2.072251e-01
2.712500e+04 1.624924e-01
2.712600e+04 2.686775e-01
2.712700e+04 2.622417e-01
2.712800e+04 2.574799e-01
2.712900e+04 2.190026e-01
2.713000e+04 2.071639e-01
2.713100e+04 2.687058e-01
2.713200e+04 2.811247e-01
2.713300e+04 2.792437e-01
2.713400e+04 2.526910e-01
2.713500e+04 2.151854e-01
2.713600e+04 3.227325e-01
2.713700e+04 3.254815e-01
2.713800e+04 2.901912e-01
2.713900e+04 2.814171e-01
2.714000e+04 2.095962e-01
2.714100e+04 1.876598e-01
2.714200e+04 2.605737e-01
2.714300e+04 1.817540e-01
2.714400e+04 2.453876e-01
2.714500e+04 2.915108e-01
2.714600e+04 2.968370e-01
2.714700e+04 2.947343e-01
2.714800e+04 2.801867e-01
2.714900e+04 1.751658e-01
2.715000e+04 2.574305e-01
2.715100e+04 2.926871e-01
2.715200e+04 2.264064e-01
2.715300e+04 2.415424e-01
2.715400e+04 2.126916e-01
2.715500e+04 2.952884e-01
2.715600e+04 2.845941e-01
2.715700e+04 2.715225e-01
2.715800e+04 3.004636e-01
2.715900e+04 2.203172e-01
2.716000e+04 2.635779e-01
2.716100e+04 2.887225e-01
2.716200e+04 2.164299e-01
2.716300e+04 1.933539e-01
2.716400e+04 2.516751e-01
2.716500e+04 2.230262e-01
2.716600e+04 2.657215e-01
2.716700e+04 2.280462e-01
2.716800e+04 2.450302e-01
2.716900e+04 2.554269e-01
2.717000e+04 2.579285e-01
2.717100e+04 2.942209e-01
2.717200e+04 3.150616e-01
2.717300e+04 2.648158e-01
2.717400e+04 1.883644e-01
2.717500e+04 2.529964e-01
2.717600e+04 2.602968e-01
2.717700e+04 2.000430e-01
2.717800e+04 1.907137e-01
2.717900e+04 2.680064e-01
2.718000e+04 1.989883e-01
2.718100e+04 2.913158e-01
2.718200e+04 2.273969e-01
2.718300e+04 2.652829e-01
2.718400e+04 1.783615e-01
2.718500e+04 2.522082e-01
2.718600e+04 2.327023e-01
2.718700e+04 2.849343e-01
2.718800e+04 2.589920e-01
2.718900e+04 2.818434e-01
2.719000e+04 2.542130e-01
2.719100e+04 2.413339e-01
2.719200e+04 2.229486e-01
2.719300e+04 2.161534e-01
2.719400e+04 2.246972e-01
2.719500e+04 3.129092e-01
2.719600e+04 2.981431e-01
2.719700e+04 3.031455e-01
2.719800e+04 2.839897e-01
2.719900e+04 2.765604e-01
2.720000e+04 2.325263e-01
2.720100e+04 2.492624e-01
2.720200e+04 2.577374e-01
2.720300e+04 1.833393e-01
2.720400e+04 2.196005e-01
2.720500e+04 2.553457e-01
2.720600e+04 2.436560e-01
2.720700e+04 1.653813e-01
2.720800e+04 2.786424e-01
2.720900e+04 2.984281e-01
2.721000e+04 3.135079e-01
2.721100e+04 2.200429e-01
2.721200e+04 2.286131e-01
2.721300e+04 2.941829e-01
2.721400e+04 2.594294e-01
2.721500e+04 2.667241e-01
2.721600e+04 2.359385e-01
2.721700e+04 2.742841e-01
2.721800e+04 2.819659e-01
2.721900e+04 3.138768e-01
2.722000e+04 2.788180e-01
2.722100e+04 2.296848e-01
2.722200e+04 2.362187e-01
2.722300e+04 2.802384e-01
2.722400e+04 2.671547e-01
2.722500e+04 1.803661e-01
2.722600e+04 2.309190e-01
2.722700e+04 2.164061e-01
2.722800e+04 1.823282e-01
2.722900e+04 2.789271e-01
2.723000e+04 2.561933e-01
2.723100e+04 2.074787e-01
2.723200e+04 2.045366e-01
2.723300e+04 2.149124e-01
2.723400e+04 2.659656e-01
2.723500e+04 2.636549e-01
2.723600e+04 2.334277e-01
2.723700e+04 3.093232e-01
2.723800e+04 2.997493e-01
2.723900e+04 2.575998e-01
2.724000e+04 2.200472e-01
2.724100e+04 2.603178e-01
2.724200e+04 1.876950e-01
2.724300e+04 2.080023e-01
2.724400e+04 1.812862e-01
2.724500e+04 2.305871e-01
2.724600e+04 2.578150e-01
2.724700e+04 2.367553e-01
2.724800e+04 2.264693e-01
2.724900e+04 2.252913e-01
2.725000e+04 2.305483e-01
2.725100e+04 2.264328e-01
2.725200e+04 2.470477e-01
2.725300e+04 2.839650e-01
2.725400e+04 2.657271e-01
2.725500e+04 2.689601e-01
2.725600e+04 1.983934e-01
2.725700e+04 1.836138e-01
2.725800e+04 1.761927e-01
2.725900e+04 2.447197e-01
2.726000e+04 2.312326e-01
2.726100e+04 2.660261e-01
2.726200e+04 2.441855e-01
2.726300e+04 1.990565e-01
2.726400e+04 2.959423e-01
2.726500e+04 2.819871e-01
2.726600e+04 2.605541e-01
2.726700e+04 2.763205e-01
2.726800e+04 2.912154e-01
2.726900e+04 2.170863e-01
2.727000e+04 2.762199e-01
2.727100e+04 2.730262e-01
2.727200e+04 2.218367e-01
2.727300e+04 1.882511e-01
2.727400e+04 2.518682e-01
2.727500e+04 2.851861e-01
2.727600e+04 2.232370e-01
2.727700e+04 2.214231e-01
2.727800e+04 2.744362e-01
2.727900e+04 2.834643e-01
2.728000e+04 1.984223e-01
2.728100e+04 2.361264e-01
2.728200e+04 2.426785e-01
2.728300e+04 2.429957e-01
2.728400e+04 2.086117e-01
2.728500e+04 1.988660e-01
2.728600e+04 2.618543e-01
2.728700e+04 2.394733e-01
2.728800e+04 2.498872e-01
2.728900e+04 1.746932e-01
2.729000e+04 1.895700e-01
2.729100e+04 2.598180e-01
2.729200e+04 1.928734e-01
2.729300e+04 1.832218e-01
2.729400e+04 1.748522e-01
2.729500e+04 2.367233e-01
2.729600e+04 2.410010e-01
2.729700e+04 2.931688e-01
2.729800e+04 2.305211e-01
2.729900e+04 2.783249e-01
2.730000e+04 2.921263e-01
2.730100e+04 2.694002e-01
2.730200e+04 2.078351e-01
2.730300e+04 2.460781e-01
2.730400e+04 2.579770e-01
2.730500e+04 2.812851e-01
2.730600e+04 2.084700e-01
2.730700e+04 2.084940e-01
2.730800e+04 2.042163e-01
2.730900e+04 1.914198e-01
2.731000e+04 2.065958e-01
2.731100e+04 2.917936e-01
2.731200e+04 3.153179e-01
2.731300e+04 2.855952e-01
2.731400e+04 2.944906e-01
2.731500e+04 2.923331e-01
2.731600e+04 2.368868e-01
2.731700e+04 2.424338e-01
2.731800e+04 3.064251e-01
2.731900e+04 2.846277e-01
2.732000e+04 2.283733e-01
2.732100e+04 2.817750e-01
2.732200e+04 2.913429e-01
2.732300e+04 2.231009e-01
2.732400e+04 2.321788e-01
2.732500e+04 2.547220e-01
2.732600e+04 2.589856e-01
2.732700e+04 2.404461e-01
2.732800e+04 2.470649e-01
2.732900e+04 2.724984e-01
2.733000e+04 2.863494e-01
2.733100e+04 2.409611e-01
2.733200e+04 2.537386e-01
2.733300e+04 2.747346e-01
2.733400e+04 1.789112e-01
2.733500e+04 2.518009e-01
2.733600e+04 2.470827e-01
2.733700e+04 2.857955e-01
2.733800e+04 2.735762e-01
2.733900e+04 2.679513e-01
2.734000e+04 2.506648e-01
2.734100e+04 2.237041e-01
2.734200e+04 2.913908e-01
2.734300e+04 2.783658e-01
2.734400e+04 2.582864e-01
2.734500e+04 3.081787e-01
2.734600e+04 2.528539e-01
2.734700e+04 3.190006e-01
2.734800e+04 3.022516e-01
2.734900e+04 2.522753e-01
2.735000e+04 1.647031e-01
2.735100e+04 2.526171e-01
2.735200e+04 2.119637e-01
2.735300e+04 2.101481e-01
2.735400e+04 2.293255e-01
2.735500e+04 1.835056e-01
2.735600e+04 2.519603e-01
2.735700e+04 2.546592e-01
2.735800e+04 2.031019e-01
2.735900e+04 1.963504e-01
2.736000e+04 2.177433e-01
2.736100e+04 2.056899e-01
2.736200e+04 2.093030e-01
2.736300e+04 1.930825e-01
2.736400e+04 1.985104e-01
2.736500e+04 2.670090e-01
2.736600e+04 2.143752e-01
2.736700e+04 2.036313e-01
2.736800e+04 2.261779e-01
2.736900e+04 1.608783e-01
2.737000e+04 1.688851e-01
2.737100e+04 2.540245e-01
2.737200e+04 3.002622e-01
2.737300e+04 2.348522e-01
2.737400e+04 2.465795e-01
2.737500e+04 2.298284e-01
2.737600e+04 2.433635e-01
2.737700e+04 2.279784e-01
2.737800e+04 2.121529e-01
2.737900e+04 2.476821e-01
2.738000e+04 2.955010e-01
2.738100e+04 2.311471e-01
2.738200e+04 2.642376e-01
2.738300e+04 2.075253e-01
2.738400e+04 2.635795e-01
2.738500e+04 2.098764e-01
2.738600e+04 2.133753e-01
2.738700e+04 1.603074e-01
2.738800e+04 2.304615e-01
2.738900e+04 2.726997e-01
2.739000e+04 2.160674e-01
2.739100e+04 1.596391e-01
2.739200e+04 2.050396e-01
2.739300e+04 2.095849e-01
2.739400e+04 2.368543e-01
2.739500e+04 2.462699e-01
2.739600e+04 2.658961e-01
2.739700e+04 2.745223e-01
2.739800e+04 2.304055e-01
2.739900e+04 2.161430e-01
2.740000e+04 2.554204e-01
2.740100e+04 2.793607e-01
2.740200e+04 1.756079e-01
2.740300e+04 1.735830e-01
2.740400e+04 2.151947e-01
2.740500e+04 1.964160e-01
2.740600e+04 2.018599e-01
2.740700e+04 2.588309e-01
2.740800e+04 2.316010e-01
2.740900e+04 2.104416e-01
2.741000e+04 2.409530e-01
2.741100e+04 2.829199e-01
2.741200e+04 2.856139e-01
2.741300e+04 2.361060e-01
2.741400e+04 2.229781e-01
2.741500e+04 2.224606e-01
2.741600e+04 1.826899e-01
2.741700e+04 2.806968e-01
2.741800e+04 2.673224e-01
2.741900e+04 1.938323e-01
2.742000e+04 1.729928e-01
2.742100e+04 2.393914e-01
2.742200e+04 2.313426e-01
2.742300e+04 2.932275e-01
2.742400e+04 2.200064e-01
2.742500e+04 3.136971e-01
2.742600e+04 2.543982e-01
2.742700e+04 2.655843e-01
2.742800e+04 2.514938e-01
2.742900e+04 3.038561e-01
2.743000e+04 2.910474e-01
2.743100e+04 2.026011e-01
2.743200e+04 2.849179e-01
2.743300e+04 2.137069e-01
2.743400e+04 2.515890e-01
2.743500e+04 2.713967e-01
2.743600e+04 2.639269e-01
2.743700e+04 2.282779e-01
2.743800e+04 2.785841e-01
2.743900e+04 2.615423e-01
2.744000e+04 2.123808e-01
2.744100e+04 2.213910e-01
2.744200e+04 1.904077e-01
2.744300e+04 2.414738e-01
2.744400e+04 2.236885e-01
2.744500e+04 2.709375e-01
2.744600e+04 2.529855e-01
2.744700e+04 2.818745e-01
2.744800e+04 2.263298e-01
2.744900e+04 2.515982e-01
2.745000e+04 2.042092e-01
2.745100e+04 2.510489e-01
2.745200e+04 1.945466e-01
2.745300e+04 2.006021e-01
2.745400e+04 2.660208e-01
2.745500e+04 2.765569e-01
2.745600e+04 2.183208e-01
2.745700e+04 2.681230e-01
2.745800e+04 2.854374e-01
2.745900e+04 2.195205e-01
2.746000e+04 2.621135e-01
2.746100e+04 2.354373e-01
2.746200e+04 1.947994e-01
2.746300e+04 2.248109e-01
2.746400e+04 2.607332e-01
2.746500e+04 2.044996e-01
2.746600e+04 2.624277e-01
2.746700e+04 2.518241e-01
2.746800e+04 2.692834e-01
2.746900e+04 2.902896e-01
2.747000e+04 1.975292e-01
2.747100e+04 2.769878e-01
2.747200e+04 2.612264e-01
2.747300e+04 2.532273e-01
2.747400e+04 2.013378e-01
2.747500e+04 2.394087e-01
2.747600e+04 2.040436e-01
2.747700e+04 2.339822e-01
2.747800e+04 2.514444e-01
2.747900e+04 2.351169e-01
2.748000e+04 1.974545e-01
2.748100e+04 2.334125e-01
2.748200e+04 2.390757e-01
2.748300e+04 2.655277e-01
2.748400e+04 2.092325e-01
2.748500e+04 2.510520e-01
2.748600e+04 2.309266e-01
2.748700e+04 2.153881e-01
2.748800e+04 2.922257e-01
2.748900e+04 2.441199e-01
2.749000e+04 2.584499e-01
2.749100e+04 2.812257e-01
2.749200e+04 2.414789e-01
2.749300e+04 2.622492e-01
2.749400e+04 2.126380e-01
2.749500e+04 2.993346e-01
2.749600e+04 2.509703e-01
2.749700e+04 1.991370e-01
2.749800e+04 2.011365e-01
2.749900e+04 2.441399e-01
2.750000e+04 1.952688e-01
2.750100e+04 2.401533e-01
2.750200e+04 2.186077e-01
2.750300e+04 2.172820e-01
2.750400e+04 1.716721e-01
2.750500e+04 1.599113e-01
2.750600e+04 1.854524e-01
2.750700e+04 2.372428e-01
2.750800e+04 3.045939e-01
2.750900e+04 2.438218e-01
2.751000e+04 2.051083e-01
2.751100e+04 1.832548e-01
2.751200e+04 2.169920e-01
2.751300e+04 2.067561e-01
2.751400e+04 2.115887e-01
2.751500e+04 2.614005e-01
2.751600e+04 2.858751e-01
2.751700e+04 2.675047e-01
2.751800e+04 2.627667e-01
2.751900e+04 1.995350e-01
2.752000e+04 2.422880e-01
2.752100e+04 2.516929e-01
2.752200e+04 1.950018e-01
2.752300e+04 2.913452e-01
2.752400e+04 2.848682e-01
2.752500e+04 2.823276e-01
2.752600e+04 2.104697e-01
2.752700e+04 2.140961e-01
2.752800e+04 1.755321e-01
2.752900e+04 2.635862e-01
2.753000e+04 2.078343e-01
2.753100e+04 2.264665e-01
2.753200e+04 1.789489e-01
2.753300e+04 2.578886e-01
2.753400e+04 2.713999e-01
2.753500e+04 2.955154e-01
2.753600e+04 2.588803e-01
2.753700e+04 2.290617e-01
2.753800e+04 2.140831e-01
2.753900e+04 2.724478e-01
2.754000e+04 2.791517e-01
2.754100e+04 1.728035e-01
2.754200e+04 2.020196e-01
2.754300e+04 1.887971e-01
2.754400e+04 2.745525e-01
2.754500e+04 2.471044e-01
2.754600e+04 1.884896e-01
2.754700e+04 2.298230e-01
2.754800e+04 2.046683e-01
2.754900e+04 2.143561e-01
2.755000e+04 1.798234e-01
2.755100e+04 1.642076e-01
2.755200e+04 2.102921e-01
2.755300e+04 2.452332e-01
2.755400e+04 2.634566e-01
2.755500e+04 1.973294e-01
2.755600e+04 2.749643e-01
2.755700e+04 2.810161e-01
2.755800e+04 1.968519e-01
2.755900e+04 2.119358e-01
2.756000e+04 2.468389e-01
2.756100e+04 1.478079e-01
2.756200e+04 2.199422e-01
2.756300e+04 2.817695e-01
2.756400e+04 2.355078e-01
2.756500e+04 2.094788e-01
2.756600e+04 1.886946e-01
2.756700e+04 2.035390e-01
2.756800e+04 2.758788e-01
2.756900e+04 2.955057e-01
2.757000e+04 2.898060e-01
2.757100e+04 2.853415e-01
2.757200e+04 2.931469e-01
2.757300e+04 2.490381e-01
2.757400e+04 2.785020e-01
2.757500e+04 2.845917e-01
2.757600e+04 2.227464e-01
2.757700e+04 1.867479e-01
2.757800e+04 1.956029e-01
2.757900e+04 2.615539e-01
2.758000e+04 2.257392e-01
2.758100e+04 2.513722e-01
2.758200e+04 2.373092e-01
2.758300e+04 1.734141e-01
2.758400e+04 1.926385e-01
2.758500e+04 2.740701e-01
2.758600e+04 1.999219e-01
2.758700e+04 2.814981e-01
2.758800e+04 2.442214e-01
2.758900e+04 2.777286e-01
2.759000e+04 2.828298e-01
2.759100e+04 2.761220e-01
2.759200e+04 2.046980e-01
2.759300e+04 2.194424e-01
2.759400e+04 2.269137e-01
2.759500e+04 1.942850e-01
2.759600e+04 2.425199e-01
2.759700e+04 2.898921e-01
2.759800e+04 2.563729e-01
2.759900e+04 2.336696e-01
2.760000e+04 2.208041e-01
2.760100e+04 2.244629e-01
2.760200e+04 2.314982e-01
2.760300e+04 1.887081e-01
2.760400e+04 2.306908e-01
2.760500e+04 2.913333e-01
2.760600e+04 2.577606e-01
2.760700e+04 2.165100e-01
2.760800e+04 2.076700e-01
2.760900e+04 2.640239e-01
2.761000e+04 2.805101e-01
2.761100e+04 2.720019e-01
2.761200e+04 2.054449e-01
2.761300e+04 2.277440e-01
2.761400e+04 1.876667e-01
2.761500e+04 1.811258e-01
2.761600e+04 2.133851e-01
2.761700e+04 2.057334e-01
2.761800e+04 2.750797e-01
2.761900e+04 2.990678e-01
2.762000e+04 2.816833e-01
2.762100e+04 2.800009e-01
2.762200e+04 2.200870e-01
2.762300e+04 2.795110e-01
2.762400e+04 2.513247e-01
2.762500e+04 2.277514e-01
2.762600e+04 2.548846e-01
2.762700e+04 1.911111e-01
2.762800e+04 1.989391e-01
2.762900e+04 2.537559e-01
2.763000e+04 2.436390e-01
2.763100e+04 2.826662e-01
2.763200e+04 2.699929e-01
2.763300e+04 2.548382e-01
2.763400e+04 1.979159e-01
2.763500e+04 2.642193e-01
2.763600e+04 2.575111e-01
2.763700e+04 2.829366e-01
2.763800e+04 1.989184e-01
2.763900e+04 2.350941e-01
2.764000e+04 2.832094e-01
2.764100e+04 2.104887e-01
2.764200e+04 1.817918e-01
2.764300e+04 2.387837e-01
2.764400e+04 2.475898e-01
2.764500e+04 1.980226e-01
2.764600e+04 1.808513e-01
2.764700e+04 1.996583e-01
2.764800e+04 1.911228e-01
2.764900e+04 2.194389e-01
2.765000e+04 2.214818e-01
2.765100e+04 2.392994e-01
2.765200e+04 2.627435e-01
2.765300e+04 2.643234e-01
2.765400e+04 2.277894e-01
2.765500e+04 1.826654e-01
2.765600e+04 2.163811e-01
2.765700e+04 2.034808e-01
2.765800e+04 1.899471e-01
2.765900e+04 2.442258e-01
2.766000e+04 2.380375e-01
2.766100e+04 1.964801e-01
2.766200e+04 2.197103e-01
2.766300e+04 2.461663e-01
2.766400e+04 2.259457e-01
2.766500e+04 2.004603e-01
2.766600e+04 1.957216e-01
2.766700e+04 1.712491e-01
2.766800e+04 2.155945e-01
2.766900e+04 2.491099e-01
2.767000e+04 2.428039e-01
2.767100e+04 2.206941e-01
2.767200e+04 2.262166e-01
2.767300e+04 2.008190e-01
2.767400e+04 2.214734e-01
2.767500e+04 2.153452e-01
2.767600e+04 2.723805e-01
2.767700e+04 1.898840e-01
2.767800e+04 2.189478e-01
2.767900e+04 1.845923e-01
2.768000e+04 2.315345e-01
2.768100e+04 1.748271e-01
2.768200e+04 1.714977e-01
2.768300e+04 2.257952e-01
2.768400e+04 2.566352e-01
2.768500e+04 2.527739e-01
2.768600e+04 2.256054e-01
2.768700e+04 2.261036e-01
2.768800e+04 1.973849e-01
2.768900e+04 2.437498e-01
2.769000e+04 2.769744e-01
2.769100e+04 2.627531e-01
2.769200e+04 2.403646e-01
2.769300e+04 2.603986e-01
2.769400e+04 2.177007e-01
2.769500e+04 1.967198e-01
2.769600e+04 2.019203e-01
2.769700e+04 2.414675e-01
2.769800e+04 2.362907e-01
2.769900e+04 1.997596e-01
2.770000e+04 2.468135e-01
2.770100e+04 2.003403e-01
2.770200e+04 2.104585e-01
2.770300e+04 1.856905e-01
2.770400e+04 2.161599e-01
2.770500e+04 2.574601e-01
2.770600e+04 1.622293e-01
2.770700e+04 1.700982e-01
2.770800e+04 2.331719e-01
2.770900e+04 2.651538e-01
2.771000e+04 2.599989e-01
2.771100e+04 1.809906e-01
2.771200e+04 2.462950e-01
2.771300e+04 2.594159e-01
2.771400e+04 2.591998e-01
2.771500e+04 2.478562e-01
2.771600e+04 2.136567e-01
2.771700e+04 2.183025e-01
2.771800e+04 2.266518e-01
2.771900e+04 1.980892e-01
2.772000e+04 2.797425e-01
2.772100e+04 2.036899e-01
2.772200e+04 1.955857e-01
2.772300e+04 2.504520e-01
2.772400e+04 1.789393e-01
2.772500e+04 2.385702e-01
2.772600e+04 2.910254e-01
2.772700e+04 2.620289e-01
2.772800e+04 2.098497e-01
2.772900e+04 2.792124e-01
2.773000e+04 2.505482e-01
2.773100e+04 2.435235e-01
2.773200e+04 1.798858e-01
2.773300e+04 2.019079e-01
2.773400e+04 2.779821e-01
2.773500e+04 2.245385e-01
2.773600e+04 2.438043e-01
2.773700e+04 1.790433e-01
2.773800e+04 1.957623e-01
2.773900e+04 2.628910e-01
2.774000e+04 2.765106e-01
2.774100e+04 2.518400e-01
2.774200e+04 2.951712e-01
2.774300e+04 3.047639e-01
2.774400e+04 2.954239e-01
2.774500e+04 2.474454e-01
2.774600e+04 2.489210e-01
2.774700e+04 2.270326e-01
2.774800e+04 2.308112e-01
2.774900e+04 2.836374e-01
2.775000e+04 2.713581e-01
2.775100e+04 2.016705e-01
2.775200e+04 2.301627e-01
2.775300e+04 2.390284e-01
2.775400e+04 2.409987e-01
2.775500e+04 2.562004e-01
2.775600e+04 2.047450e-01
2.775700e+04 2.299056e-01
2.775800e+04 2.051363e-01
2.775900e+04 2.051333e-01
2.776000e+04 1.969386e-01
2.776100e+04 2.387302e-01
2.776200e+04 1.940453e-01
2.776300e+04 2.657982e-01
2.776400e+04 2.039841e-01
2.776500e+04 2.259489e-01
2.776600e+04 1.934296e-01
2.776700e+04 2.700745e-01
2.776800e+04 2.688332e-01
2.776900e+04 2.030871e-01
2.777000e+04 2.021394e-01
2.777100e+04 2.130288e-01
2.777200e+04 2.252572e-01
2.777300e+04 2.607561e-01
2.777400e+04 2.757514e-01
2.777500e+04 2.281031e-01
2.777600e+04 2.407306e-01
2.777700e+04 2.625073e-01
2.777800e+04 2.082063e-01
2.777900e+04 1.900394e-01
2.778000e+04 1.979479e-01
2.778100e+04 2.095328e-01
2.778200e+04 2.381000e-01
2.778300e+04 1.812756e-01
2.778400e+04 2.554155e-01
2.778500e+04 2.357393e-01
2.778600e+04 1.742488e-01
2.778700e+04 2.072744e-01
2.778800e+04 2.126187e-01
2.778900e+04 2.308018e-01
2.779000e+04 2.522362e-01
2.779100e+04 1.975458e-01
2.779200e+04 1.859297e-01
2.779300e+04 2.296300e-01
2.779400e+04 2.443472e-01
2.779500e+04 1.721378e-01
2.779600e+04 2.446591e-01
2.779700e+04 2.647041e-01
2.779800e+04 2.409652e-01
2.779900e+04 1.786678e-01
2.780000e+04 2.274287e-01
2.780100e+04 1.785953e-01
2.780200e+04 2.509265e-01
2.780300e+04 2.510752e-01
2.780400e+04 2.372359e-01
2.780500e+04 2.283239e-01
2.780600e+04 2.539286e-01
2.780700e+04 2.024846e-01
2.780800e+04 2.406201e-01
2.780900e+04 2.143370e-01
2.781000e+04 2.464914e-01
2.781100e+04 2.564509e-01
2.781200e+04 2.040617e-01
2.781300e+04 2.457088e-01
2.781400e+04 1.907101e-01
2.781500e+04 2.565619e-01
2.781600e+04 2.280926e-01
2.781700e+04 2.455709e-01
2.781800e+04 2.631337e-01
2.781900e+04 2.546641e-01
2.782000e+04 2.017871e-01
2.782100e+04 2.377449e-01
2.782200e+04 1.763491e-01
2.782300e+04 2.113608e-01
2.782400e+04 1.792381e-01
2.782500e+04 2.392234e-01
2.782600e+04 2.433867e-01
2.782700e+04 2.181427e-01
2.782800e+04 2.291436e-01
2.782900e+04 2.452676e-01
2.783000e+04 2.135000e-01
2.783100e+04 2.247149e-01
2.783200e+04 2.608143e-01
2.783300e+04 2.126048e-01
2.783400e+04 2.740214e-01
2.783500e+04 2.579963e-01
2.783600e+04 2.540388e-01
2.783700e+04 2.226754e-01
2.783800e+04 2.780918e-01
2.783900e+04 2.044196e-01
2.784000e+04 2.476691e-01
2.784100e+04 2.615393e-01
2.784200e+04 1.892721e-01
2.784300e+04 2.011310e-01
2.784400e+04 2.301688e-01
2.784500e+04 2.817433e-01
2.784600e+04 2.576279e-01
2.784700e+04 2.073640e-01
2.784800e+04 2.150506e-01
2.784900e+04 2.318315e-01
2.785000e+04 2.304641e-01
2.785100e+04 1.753247e-01
2.785200e+04 1.998754e-01
2.785300e+04 1.764909e-01
2.785400e+04 1.830971e-01
2.785500e+04 1.700652e-01
2.785600e+04 2.280500e-01
2.785700e+04 1.911268e-01
2.785800e+04 2.294878e-01
2.785900e+04 2.250716e-01
2.786000e+04 2.847390e-01
2.786100e+04 2.177321e-01
2.786200e+04 2.258090e-01
2.786300e+04 1.791043e-01
2.786400e+04 1.875458e-01
2.786500e+04 1.394831e-01
2.786600e+04 1.851251e-01
2.786700e+04 1.670366e-01
2.786800e+04 1.741918e-01
2.786900e+04 2.497072e-01
2.787000e+04 2.176124e-01
2.787100e+04 2.472157e-01
2.787200e+04 2.155972e-01
2.787300e+04 2.255463e-01
2.787400e+04 2.534852e-01
2.787500e+04 2.610786e-01
2.787600e+04 2.650427e-01
2.787700e+04 1.897911e-01
2.787800e+04 2.194836e-01
2.787900e+04 1.744782e-01
2.788000e+04 2.376518e-01
2.788100e+04 1.974725e-01
2.788200e+04 1.582406e-01
2.788300e+04 2.168410e-01
2.788400e+04 2.315944e-01
2.788500e+04 2.179619e-01
2.788600e+04 2.205444e-01
2.788700e+04 2.509894e-01
2.788800e+04 2.071205e-01
2.788900e+04 1.969469e-01
2.789000e+04 1.857533e-01
2.789100e+04 1.932590e-01
2.789200e+04 2.259856e-01
2.789300e+04 2.550590e-01
2.789400e+04 1.896006e-01
2.789500e+04 1.721035e-01
2.789600e+04 2.324128e-01
2.789700e+04 2.276073e-01
2.789800e+04 2.522568e-01
2.789900e+04 2.556537e-01
2.790000e+04 2.234196e-01
2.790100e+04 2.526758e-01
2.790200e+04 2.320533e-01
2.790300e+04 2.125756e-01
2.790400e+04 2.331181e-01
2.790500e+04 2.519466e-01
2.790600e+04 2.242887e-01
2.790700e+04 2.288484e-01
2.790800e+04 2.418093e-01
2.790900e+04 2.706898e-01
2.791000e+04 1.944279e-01
2.791100e+04 2.392872e-01
2.791200e+04 2.480318e-01
2.791300e+04 2.103071e-01
2.791400e+04 2.262995e-01
2.791500e+04 2.055737e-01
2.791600e+04 2.037247e-01
2.791700e+04 2.122522e-01
2.791800e+04 2.375879e-01
2.791900e+04 2.390168e-01
2.792000e+04 2.255959e-01
2.792100e+04 2.107040e-01
2.792200e+04 1.822731e-01
2.792300e+04 1.931347e-01
2.792400e+04 1.735667e-01
2.792500e+04 1.661391e-01
2.792600e+04 2.044768e-01
2.792700e+04 2.056450e-01
2.792800e+04 2.065669e-01
2.792900e+04 2.680301e-01
2.793000e+04 2.761502e-01
2.793100e+04 2.354165e-01
2.793200e+04 2.101347e-01
2.793300e+04 2.137300e-01
2.793400e+04 2.348689e-01
2.793500e+04 2.427249e-01
2.793600e+04 2.528907e-01
2.793700e+04 2.169935e-01
2.793800e+04 2.713078e-01
2.793900e+04 2.505322e-01
2.794000e+04 2.206301e-01
2.794100e+04 2.402461e-01
2.794200e+04 2.108273e-01
2.794300e+04 2.692608e-01
2.794400e+04 2.067131e-01
2.794500e+04 1.886807e-01
2.794600e+04 2.163574e-01
2.794700e+04 2.390314e-01
2.794800e+04 2.737566e-01
2.794900e+04 2.829119e-01
2.795000e+04 2.041759e-01
2.795100e+04 2.334836e-01
2.795200e+04 2.657960e-01
2.795300e+04 2.666300e-01
2.795400e+04 2.315324e-01
2.795500e+04 1.861150e-01
2.795600e+04 2.625999e-01
2.795700e+04 1.882685e-01
2.795800e+04 2.201872e-01
2.795900e+04 2.180096e-01
2.796000e+04 2.361458e-01
2.796100e+04 2.384674e-01
2.796200e+04 2.136241e-01
2.796300e+04 1.977597e-01
2.796400e+04 2.297979e-01
2.796500e+04 2.580455e-01
2.796600e+04 2.132279e-01
2.796700e+04 2.312473e-01
2.796800e+04 2.075816e-01
2.796900e+04 2.247141e-01
2.797000e+04 2.483749e-01
2.797100e+04 2.195294e-01
2.797200e+04 2.400663e-01
2.797300e+04 2.366273e-01
2.797400e+04 1.828000e-01
2.797500e+04 1.961058e-01
2.797600e+04 2.631140e-01
2.797700e+04 2.566248e-01
2.797800e+04 2.269115e-01
2.797900e+04 1.614440e-01
2.798000e+04 2.571985e-01
2.798100e+04 1.708043e-01
2.798200e+04 2.052979e-01
2.798300e+04 2.541846e-01
2.798400e+04 2.594779e-01
2.798500e+04 2.614882e-01
2.798600e+04 1.963809e-01
2.798700e+04 2.454369e-01
2.798800e+04 2.228111e-01
2.798900e+04 1.870158e-01
2.799000e+04 1.939730e-01
2.799100e+04 2.196816e-01
2.799200e+04 2.696748e-01
2.799300e+04 2.365913e-01
2.799400e+04 2.559719e-01
2.799500e+04 2.066573e-01
2.799600e+04 2.752609e-01
2.799700e+04 2.534321e-01
2.799800e+04 2.279304e-01
2.799900e+04 2.566939e-01
2.800000e+04 2.092229e-01
2.800100e+04 2.426447e-01
2.800200e+04 2.118674e-01
2.800300e+04 2.043842e-01
2.800400e+04 2.006999e-01
2.800500e+04 2.620801e-01
2.800600e+04 2.437837e-01
2.800700e+04 1.879668e-01
2.800800e+04 2.499293e-01
2.800900e+04 1.777394e-01
2.801000e+04 1.528951e-01
2.801100e+04 2.043141e-01
2.801200e+04 2.104672e-01
2.801300e+04 2.204614e-01
2.801400e+04 2.074491e-01
2.801500e+04 1.758513e-01
2.801600e+04 2.490015e-01
2.801700e+04 2.127029e-01
2.801800e+04 2.220735e-01
2.801900e+04 2.416444e-01
2.802000e+04 2.223695e-01
2.802100e+04 2.643688e-01
2.802200e+04 1.991355e-01
2.802300e+04 1.948497e-01
2.802400e+04 1.953714e-01
2.802500e+04 1.755806e-01
2.802600e+04 2.367088e-01
2.802700e+04 1.777851e-01
2.802800e+04 1.730070e-01
2.802900e+04 2.118804e-01
2.803000e+04 2.607884e-01
2.803100e+04 2.076997e-01
2.803200e+04 2.467156e-01
2.803300e+04 2.435680e-01
2.803400e+04 1.809583e-01
2.803500e+04 2.021784e-01
2.803600e+04 1.757316e-01
2.803700e+04 1.677599e-01
2.803800e+04 1.754639e-01
2.803900e+04 1.834124e-01
2.804000e+04 1.982711e-01
2.804100e+04 1.970549e-01
2.804200e+04 1.687554e-01
2.804300e+04 2.431662e-01
2.804400e+04 2.272821e-01
2.804500e+04 1.531564e-01
2.804600e+04 2.051922e-01
2.804700e+04 2.271332e-01
2.804800e+04 1.909856e-01
2.804900e+04 2.043733e-01
2.805000e+04 2.350057e-01
2.805100e+04 1.529199e-01
2.805200e+04 1.860557e-01
2.805300e+04 1.654032e-01
2.805400e+04 1.717970e-01
2.805500e+04 1.956300e-01
2.805600e+04 2.007669e-01
2.805700e+04 1.913893e-01
2.805800e+04 1.714584e-01
2.805900e+04 1.918735e-01
2.806000e+04 2.119171e-01
2.806100e+04 2.197000e-01
2.806200e+04 2.368435e-01
2.806300e+04 2.205585e-01
2.806400e+04 1.974699e-01
2.806500e+04 2.082971e-01
2.806600e+04 2.338961e-01
2.806700e+04 2.027048e-01
2.806800e+04 2.342605e-01
2.806900e+04 2.480084e-01
2.807000e+04 2.260054e-01
2.807100e+04 1.955676e-01
2.807200e+04 1.926741e-01
2.807300e+04 2.306970e-01
2.807400e+04 2.572355e-01
2.807500e+04 2.724979e-01
2.807600e+04 2.632164e-01
2.807700e+04 2.143696e-01
2.807800e+04 2.586293e-01
2.807900e+04 2.498479e-01
2.808000e+04 1.945685e-01
2.808100e+04 2.382677e-01
2.808200e+04 1.837603e-01
2.808300e+04 2.136100e-01
2.808400e+04 2.110767e-01
2.808500e+04 2.440267e-01
2.808600e+04 1.998016e-01
2.808700e+04 2.386048e-01
2.808800e+04 2.456097e-01
2.808900e+04 1.550799e-01
2.809000e+04 2.370445e-01
2.809100e+04 1.919645e-01
2.809200e+04 1.694631e-01
2.809300e+04 2.054705e-01
2.809400e+04 1.836183e-01
2.809500e+04 2.118793e-01
2.809600e+04 2.082556e-01
2.809700e+04 1.995802e-01
2.809800e+04 2.577206e-01
2.809900e+04 2.078454e-01
2.810000e+04 2.320000e-01
2.810100e+04 2.792336e-01
2.810200e+04 2.322661e-01
2.810300e+04 1.896426e-01
2.810400e+04 2.210913e-01
2.810500e+04 2.049726e-01
2.810600e+04 2.115153e-01
2.810700e+04 2.100623e-01
2.810800e+04 2.406060e-01
2.810900e+04 2.035811e-01
2.811000e+04 2.019071e-01
2.811100e+04 2.284748e-01
2.811200e+04 2.092669e-01
2.811300e+04 2.480836e-01
2.811400e+04 2.238583e-01
2.811500e+04 2.593155e-01
2.811600e+04 2.263206e-01
2.811700e+04 2.161766e-01
2.811800e+04 2.581701e-01
2.811900e+04 2.550315e-01
2.812000e+04 2.470767e-01
2.812100e+04 1.834155e-01
2.812200e+04 2.471757e-01
2.812300e+04 2.376807e-01
2.812400e+04 2.796341e-01
2.812500e+04 2.617331e-01
2.812600e+04 2.245403e-01
2.812700e+04 2.010060e-01
2.812800e+04 2.110667e-01
2.812900e+04 2.261312e-01
2.813000e+04 1.748091e-01
2.813100e+04 2.099418e-01
2.813200e+04 2.103648e-01
2.813300e+04 2.177817e-01
2.813400e+04 2.158332e-01
2.813500e+04 2.109105e-01
2.813600e+04 2.303493e-01
2.813700e+04 1.896783e-01
2.813800e+04 1.565663e-01
2.813900e+04 1.530090e-01
2.814000e+04 1.856749e-01
2.814100e+04 2.059306e-01
2.814200e+04 2.000759e-01
2.814300e+04 2.317874e-01
2.814400e+04 2.427504e-01
2.814500e+04 1.833688e-01
2.814600e+04 2.136906e-01
2.814700e+04 1.856025e-01
2.814800e+04 2.256482e-01
2.814900e+04 2.470044e-01
2.815000e+04 2.206571e-01
2.815100e+04 1.789799e-01
2.815200e+04 2.082171e-01
2.815300e+04 2.136975e-01
2.815400e+04 2.297476e-01
2.815500e+04 2.368082e-01
2.815600e+04 2.308021e-01
2.815700e+04 2.795264e-01
2.815800e+04 2.560556e-01
2.815900e+04 1.741645e-01
2.816000e+04 2.655837e-01
2.816100e+04 2.345689e-01
2.816200e+04 2.388727e-01
2.816300e+04 1.877862e-01
2.816400e+04 2.497656e-01
2.816500e+04 2.262584e-01
2.816600e+04 2.117579e-01
2.816700e+04 2.243327e-01
2.816800e+04 1.818045e-01
2.816900e+04 2.317355e-01
2.817000e+04 2.217027e-01
2.817100e+04 1.761476e-01
2.817200e+04 1.694610e-01
2.817300e+04 1.696792e-01
2.817400e+04 2.085615e-01
2.817500e+04 2.159056e-01
2.817600e+04 2.024343e-01
2.817700e+04 2.199336e-01
2.817800e+04 2.231004e-01
2.817900e+04 1.743315e-01
2.818000e+04 1.820671e-01
2.818100e+04 1.857242e-01
2.818200e+04 2.019717e-01
2.818300e+04 1.984701e-01
2.818400e+04 2.214599e-01
2.818500e+04 2.516665e-01
2.818600e+04 2.541371e-01
2.818700e+04 2.073900e-01
2.818800e+04 2.220137e-01
2.818900e+04 1.872453e-01
2.819000e+04 2.152312e-01
2.819100e+04 1.680996e-01
2.819200e+04 1.851490e-01
2.819300e+04 1.810670e-01
2.819400e+04 1.610970e-01
2.819500e+04 1.992521e-01
2.819600e+04 1.640721e-01
2.819700e+04 2.115909e-01
2.819800e+04 2.352321e-01
2.819900e+04 2.444100e-01
2.820000e+04 1.776852e-01
2.820100e+04 2.412055e-01
2.820200e+04 1.671055e-01
2.820300e+04 1.989492e-01
2.820400e+04 1.693742e-01
2.820500e+04 1.644970e-01
2.820600e+04 2.020473e-01
2.820700e+04 1.401692e-01
2.820800e+04 1.642992e-01
2.820900e+04 1.681804e-01
2.821000e+04 2.077844e-01
2.821100e+04 2.320865e-01
2.821200e+04 2.085121e-01
2.821300e+04 2.014489e-01
2.821400e+04 1.883773e-01
2.821500e+04 2.530810e-01
2.821600e+04 2.420411e-01
2.821700e+04 2.025392e-01
2.821800e+04 1.902430e-01
2.821900e+04 1.870759e-01
2.822000e+04 1.648824e-01
2.822100e+04 2.002807e-01
2.822200e+04 2.222839e-01
2.822300e+04 1.865731e-01
2.822400e+04 2.468637e-01
2.822500e+04 2.054565e-01
2.822600e+04 2.019106e-01
2.822700e+04 1.776931e-01
2.822800e+04 2.179476e-01
2.822900e+04 2.218405e-01
2.823000e+04 2.358657e-01
2.823100e+04 1.818245e-01
2.823200e+04 1.852671e-01
2.823300e+04 1.999820e-01
2.823400e+04 2.341146e-01
2.823500e+04 2.125563e-01
2.823600e+04 2.231126e-01
2.823700e+04 2.436017e-01
2.823800e+04 2.225244e-01
2.823900e+04 2.512772e-01
2.824000e+04 2.496982e-01
2.824100e+04 2.015846e-01
2.824200e+04 1.887511e-01
2.824300e+04 1.735491e-01
2.824400e+04 1.925798e-01
2.824500e+04 2.046390e-01
2.824600e+04 2.337381e-01
2.824700e+04 2.333080e-01
2.824800e+04 2.465520e-01
2.824900e+04 2.573917e-01
2.825000e+04 1.968615e-01
2.825100e+04 1.890758e-01
2.825200e+04 2.297778e-01
2.825300e+04 1.997819e-01
2.825400e+04 1.659615e-01
2.825500e+04 1.866157e-01
2.825600e+04 1.874189e-01
2.825700e+04 2.158536e-01
2.825800e+04 1.909888e-01
2.825900e+04 1.867715e-01
2.826000e+04 2.329697e-01
2.826100e+04 2.482499e-01
2.826200e+04 1.967828e-01
2.826300e+04 2.389965e-01
2.826400e+04 2.710090e-01
2.826500e+04 2.474505e-01
2.826600e+04 1.783921e-01
2.826700e+04 2.213508e-01
2.826800e+04 2.369712e-01
2.826900e+04 1.686011e-01
2.827000e+04 2.051400e-01
2.827100e+04 1.973745e-01
2.827200e+04 1.623670e-01
2.827300e+04 2.090002e-01
2.827400e+04 1.937687e-01
2.827500e+04 2.061641e-01
2.827600e+04 1.696897e-01
2.827700e+04 2.022692e-01
2.827800e+04 1.545519e-01
2.827900e+04 1.753212e-01
2.828000e+04 2.482337e-01
2.828100e+04 2.444991e-01
2.828200e+04 2.479055e-01
2.828300e+04 2.519381e-01
2.828400e+04 2.634317e-01
2.828500e+04 2.125000e-01
2.828600e+04 2.295674e-01
2.828700e+04 1.682998e-01
2.828800e+04 2.490626e-01
2.828900e+04 2.592544e-01
2.829000e+04 2.610486e-01
2.829100e+04 2.073090e-01
2.829200e+04 2.066921e-01
2.829300e+04 1.945168e-01
2.829400e+04 2.096487e-01
2.829500e+04 2.178329e-01
2.829600e+04 2.500695e-01
2.829700e+04 2.600519e-01
2.829800e+04 2.296874e-01
2.829900e+04 2.409865e-01
2.830000e+04 2.280099e-01
2.830100e+04 1.542269e-01
2.830200e+04 2.026978e-01
2.830300e+04 2.258626e-01
2.830400e+04 1.961834e-01
2.830500e+04 1.928980e-01
2.830600e+04 1.916399e-01
2.830700e+04 1.840465e-01
2.830800e+04 2.442312e-01
2.830900e+04 2.506233e-01
2.831000e+04 2.380074e-01
2.831100e+04 2.592789e-01
2.831200e+04 2.570395e-01
2.831300e+04 2.394406e-01
2.831400e+04 2.158511e-01
2.831500e+04 1.800645e-01
2.831600e+04 1.950369e-01
2.831700e+04 1.850080e-01
2.831800e+04 2.003272e-01
2.831900e+04 2.227562e-01
2.832000e+04 2.218677e-01
2.832100e+04 1.850398e-01
2.832200e+04 1.972202e-01
2.832300e+04 2.572455e-01
2.832400e+04 2.130468e-01
2.832500e+04 2.419122e-01
2.832600e+04 2.586528e-01
2.832700e+04 2.434508e-01
2.832800e+04 2.415868e-01
2.832900e+04 2.647076e-01
2.833000e+04 2.631912e-01
2.833100e+04 2.369173e-01
2.833200e+04 2.084304e-01
2.833300e+04 2.271726e-01
2.833400e+04 1.825442e-01
2.833500e+04 1.829241e-01
2.833600e+04 1.916542e-01
2.833700e+04 1.961095e-01
2.833800e+04 1.784587e-01
2.833900e+04 1.892440e-01
2.834000e+04 1.950352e-01
2.834100e+04 2.547566e-01
2.834200e+04 2.228372e-01
2.834300e+04 2.456845e-01
2.834400e+04 1.657283e-01
2.834500e+04 2.344757e-01
2.834600e+04 1.991052e-01
2.834700e+04 1.939230e-01
2.834800e+04 1.733731e-01
2.834900e+04 1.535515e-01
2.835000e+04 2.561724e-01
2.835100e+04 2.378400e-01
2.835200e+04 1.854425e-01
2.835300e+04 1.629622e-01
2.835400e+04 1.907153e-01
2.835500e+04 1.794730e-01
2.835600e+04 1.645105e-01
2.835700e+04 1.826559e-01
2.835800e+04 2.085853e-01
2.835900e+04 1.672298e-01
2.836000e+04 1.906241e-01
2.836100e+04 1.997354e-01
2.836200e+04 1.943113e-01
2.836300e+04 1.795621e-01
2.836400e+04 1.605169e-01
2.836500e+04 2.276928e-01
2.836600e+04 2.562551e-01
2.836700e+04 2.375502e-01
2.836800e+04 2.388162e-01
2.836900e+04 2.295437e-01
2.837000e+04 1.644609e-01
2.837100e+04 2.464695e-01
2.837200e+04 2.391342e-01
2.837300e+04 1.775081e-01
2.837400e+04 2.135420e-01
2.837500e+04 1.761991e-01
2.837600e+04 1.469111e-01
2.837700e+04 1.594712e-01
2.837800e+04 1.502615e-01
2.837900e+04 1.968264e-01
2.838000e+04 2.161054e-01
2.838100e+04 2.557067e-01
2.838200e+04 2.128863e-01
2.838300e+04 2.215538e-01
2.838400e+04 1.510560e-01
2.838500e+04 1.976591e-01
2.838600e+04 1.788255e-01
2.838700e+04 1.841228e-01
2.838800e+04 1.757376e-01
2.838900e+04 2.290818e-01
2.839000e+04 2.171357e-01
2.839100e+04 2.252584e-01
2.839200e+04 2.636852e-01
2.839300e+04 2.129428e-01
2.839400e+04 2.244488e-01
2.839500e+04 2.305374e-01
2.839600e+04 2.301546e-01
2.839700e+04 2.159705e-01
2.839800e+04 2.131835e-01
2.839900e+04 2.560777e-01
2.840000e+04 2.264095e-01
2.840100e+04 2.031931e-01
2.840200e+04 2.045145e-01
2.840300e+04 2.011722e-01
2.840400e+04 2.520224e-01
2.840500e+04 2.378963e-01
2.840600e+04 2.131863e-01
2.840700e+04 1.761835e-01
2.840800e+04 1.749493e-01
2.840900e+04 1.958080e-01
2.841000e+04 2.026403e-01
2.841100e+04 2.179341e-01
2.841200e+04 2.042088e-01
2.841300e+04 2.276326e-01
2.841400e+04 2.223805e-01
2.841500e+04 2.064398e-01
2.841600e+04 2.008670e-01
2.841700e+04 1.986315e-01
2.841800e+04 2.188906e-01
2.841900e+04 2.683107e-01
2.842000e+04 2.268762e-01
2.842100e+04 1.975313e-01
2.842200e+04 1.784628e-01
2.842300e+04 2.421992e-01
2.842400e+04 2.500770e-01
2.842500e+04 2.279357e-01
2.842600e+04 2.186892e-01
2.842700e+04 2.083685e-01
2.842800e+04 1.853520e-01
2.842900e+04 1.987430e-01
2.843000e+04 1.530155e-01
2.843100e+04 1.782034e-01
2.843200e+04 2.092532e-01
2.843300e+04 1.915155e-01
2.843400e+04 2.191751e-01
2.843500e+04 2.028732e-01
2.843600e+04 2.161983e-01
2.843700e+04 1.813187e-01
2.843800e+04 1.766448e-01
2.843900e+04 1.886934e-01
2.844000e+04 1.869812e-01
2.844100e+04 2.143186e-01
2.844200e+04 2.220339e-01
2.844300e+04 2.136192e-01
2.844400e+04 1.870657e-01
2.844500e+04 2.207244e-01
2.844600e+04 1.923067e-01
2.844700e+04 2.246472e-01
2.844800e+04 2.068899e-01
2.844900e+04 2.188865e-01
2.845000e+04 2.046246e-01
2.845100e+04 1.955786e-01
2.845200e+04 2.171637e-01
2.845300e+04 1.836524e-01
2.845400e+04 2.224596e-01
2.845500e+04 1.722700e-01
2.845600e+04 1.964651e-01
2.845700e+04 2.105506e-01
2.845800e+04 2.404854e-01
2.845900e+04 2.248445e-01
2.846000e+04 2.165847e-01
2.846100e+04 1.653272e-01
2.846200e+04 2.444010e-01
2.846300e+04 2.603671e-01
2.846400e+04 2.379520e-01
2.846500e+04 1.594496e-01
2.846600e+04 2.435532e-01
2.846700e+04 1.859171e-01
2.846800e+04 2.215761e-01
2.846900e+04 2.143851e-01
2.847000e+04 1.760338e-01
2.847100e+04 2.291160e-01
2.847200e+04 2.182236e-01
2.847300e+04 2.175488e-01
2.847400e+04 2.126592e-01
2.847500e+04 2.218752e-01
2.847600e+04 2.178546e-01
2.847700e+04 2.171937e-01
2.847800e+04 1.981342e-01
2.847900e+04 1.940883e-01
2.848000e+04 2.087883e-01
2.848100e+04 2.237179e-01
2.848200e+04 2.485048e-01
2.848300e+04 2.408312e-01
2.848400e+04 1.945301e-01
2.848500e+04 1.738413e-01
2.848600e+04 2.436589e-01
2.848700e+04 2.393400e-01
2.848800e+04 2.160893e-01
2.848900e+04 2.011457e-01
2.849000e+04 2.485708e-01
2.849100e+04 2.284578e-01
2.849200e+04 1.811772e-01
2.849300e+04 1.888432e-01
2.849400e+04 1.898143e-01
2.849500e+04 1.508651e-01
2.849600e+04 2.079199e-01
2.849700e+04 1.963840e-01
2.849800e+04 1.658607e-01
2.849900e+04 2.345871e-01
2.850000e+04 2.330074e-01
2.850100e+04 2.001635e-01
2.850200e+04 1.691848e-01
2.850300e+04 1.737126e-01
2.850400e+04 2.133204e-01
2.850500e+04 1.957483e-01
2.850600e+04 2.202936e-01
2.850700e+04 1.967734e-01
2.850800e+04 1.493031e-01
2.850900e+04 2.110945e-01
2.851000e+04 2.221725e-01
2.851100e+04 2.034968e-01
2.851200e+04 2.326809e-01
2.851300e+04 1.967472e-01
2.851400e+04 2.044117e-01
2.851500e+04 1.998195e-01
2.851600e+04 1.958692e-01
2.851700e+04 1.744981e-01
2.851800e+04 2.339780e-01
2.851900e+04 2.034834e-01
2.852000e+04 2.210431e-01
2.852100e+04 2.384214e-01
2.852200e+04 1.985691e-01
2.852300e+04 1.779569e-01
2.852400e+04 2.119313e-01
2.852500e+04 2.348984e-01
2.852600e+04 1.546678e-01
2.852700e+04 1.685396e-01
2.852800e+04 2.035661e-01
2.852900e+04 1.924035e-01
2.853000e+04 1.796639e-01
2.853100e+04 1.940000e-01
2.853200e+04 2.198046e-01
2.853300e+04 2.171977e-01
2.853400e+04 1.862759e-01
2.853500e+04 1.797313e-01
2.853600e+04 1.913311e-01
2.853700e+04 1.565835e-01
2.853800e+04 1.746474e-01
2.853900e+04 2.075850e-01
2.854000e+04 1.923784e-01
2.854100e+04 2.269922e-01
2.854200e+04 1.792405e-01
2.854300e+04 2.100290e-01
2.854400e+04 1.571962e-01
2.854500e+04 1.742309e-01
2.854600e+04 2.098619e-01
2.854700e+04 1.352378e-01
2.854800e+04 1.489825e-01
2.854900e+04 1.846316e-01
2.855000e+04 2.293328e-01
2.855100e+04 1.704638e-01
2.855200e+04 1.547855e-01
2.855300e+04 2.039991e-01
2.855400e+04 2.488676e-01
2.855500e+04 2.351947e-01
2.855600e+04 1.818859e-01
2.855700e+04 1.960749e-01
2.855800e+04 1.432874e-01
2.855900e+04 1.818140e-01
2.856000e+04 2.063395e-01
2.856100e+04 2.204780e-01
2.856200e+04 2.115685e-01
2.856300e+04 1.611978e-01
2.856400e+04 1.896705e-01
2.856500e+04 1.830816e-01
2.856600e+04 2.157691e-01
2.856700e+04 2.136412e-01
2.856800e+04 1.861813e-01
2.856900e+04 2.168980e-01
2.857000e+04 1.634481e-01
2.857100e+04 2.142370e-01
2.857200e+04 2.027668e-01
2.857300e+04 1.791449e-01
2.857400e+04 1.922903e-01
2.857500e+04 1.589218e-01
2.857600e+04 1.952484e-01
2.857700e+04 2.040854e-01
2.857800e+04 2.037523e-01
2.857900e+04 2.396094e-01
2.858000e+04 2.394944e-01
2.858100e+04 2.035592e-01
2.858200e+04 2.100878e-01
2.858300e+04 2.143526e-01
2.858400e+04 2.468705e-01
2.858500e+04 2.517674e-01
2.858600e+04 2.148211e-01
2.858700e+04 2.042721e-01
2.858800e+04 2.263522e-01
2.858900e+04 2.362114e-01
2.859000e+04 2.577669e-01
2.859100e+04 2.355701e-01
2.859200e+04 2.096852e-01
2.859300e+04 2.397778e-01
2.859400e+04 2.409937e-01
2.859500e+04 2.184147e-01
2.859600e+04 2.132763e-01
2.859700e+04 2.295587e-01
2.859800e+04 1.913029e-01
2.859900e+04 1.957061e-01
2.860000e+04 1.815298e-01
2.860100e+04 2.115176e-01
2.860200e+04 2.419758e-01
2.860300e+04 2.463182e-01
2.860400e+04 2.413476e-01
2.860500e+04 2.182742e-01
2.860600e+04 1.828402e-01
2.860700e+04 1.998940e-01
2.860800e+04 2.455709e-01
2.860900e+04 2.276049e-01
2.861000e+04 1.862540e-01
2.861100e+04 2.077264e-01
2.861200e+04 1.924084e-01
2.861300e+04 2.181763e-01
2.861400e+04 1.885495e-01
2.861500e+04 2.318834e-01
2.861600e+04 1.987817e-01
2.861700e+04 1.955467e-01
2.861800e+04 1.826170e-01
2.861900e+04 1.864901e-01
2.862000e+04 1.930828e-01
2.862100e+04 2.418569e-01
2.862200e+04 1.798056e-01
2.862300e+04 1.899087e-01
2.862400e+04 2.030610e-01
2.862500e+04 2.127105e-01
2.862600e+04 2.435321e-01
2.862700e+04 2.161081e-01
2.862800e+04 2.233681e-01
2.862900e+04 2.271541e-01
2.863000e+04 2.412866e-01
2.863100e+04 2.132421e-01
2.863200e+04 2.122720e-01
2.863300e+04 2.206122e-01
2.863400e+04 2.412504e-01
2.863500e+04 2.000958e-01
2.863600e+04 2.208838e-01
2.863700e+04 1.919283e-01
2.863800e+04 1.848442e-01
2.863900e+04 1.796488e-01
2.864000e+04 1.887493e-01
2.864100e+04 2.138231e-01
2.864200e+04 2.242649e-01
2.864300e+04 1.999261e-01
2.864400e+04 1.889182e-01
2.864500e+04 1.500161e-01
2.864600e+04 2.078878e-01
2.864700e+04 2.354820e-01
2.864800e+04 2.073360e-01
2.864900e+04 2.310627e-01
2.865000e+04 2.545041e-01
2.865100e+04 2.060283e-01
2.865200e+04 1.891098e-01
2.865300e+04 1.704600e-01
2.865400e+04 2.020364e-01
2.865500e+04 2.157581e-01
2.865600e+04 2.410792e-01
2.865700e+04 1.887262e-01
2.865800e+04 1.720006e-01
2.865900e+04 2.332193e-01
2.866000e+04 1.946250e-01
2.866100e+04 2.312205e-01
2.866200e+04 2.478974e-01
2.866300e+04 1.800714e-01
2.866400e+04 1.809549e-01
2.866500e+04 2.394310e-01
2.866600e+04 2.023139e-01
2.866700e+04 1.889738e-01
2.866800e+04 1.906354e-01
2.866900e+04 1.585493e-01
2.867000e+04 1.984082e-01
2.867100e+04 2.125492e-01
2.867200e+04 1.905002e-01
2.867300e+04 2.342304e-01
2.867400e+04 2.022987e-01
2.867500e+04 2.445631e-01
2.867600e+04 2.083539e-01
2.867700e+04 1.721860e-01
2.867800e+04 2.252051e-01
2.867900e+04 1.742762e-01
2.868000e+04 1.568010e-01
2.868100e+04 1.799234e-01
2.868200e+04 1.507847e-01
2.868300e+04 2.316008e-01
2.868400e+04 2.162901e-01
2.868500e+04 2.490975e-01
2.868600e+04 1.829909e-01
2.868700e+04 1.994530e-01
2.868800e+04 1.444012e-01
2.868900e+04 2.142444e-01
2.869000e+04 2.127501e-01
2.869100e+04 1.878037e-01
2.869200e+04 2.038087e-01
2.869300e+04 1.785246e-01
2.869400e+04 2.262120e-01
2.869500e+04 2.228105e-01
2.869600e+04 1.807671e-01
2.869700e+04 2.074281e-01
2.869800e+04 1.670467e-01
2.869900e+04 2.224512e-01
2.870000e+04 1.822510e-01
2.870100e+04 1.898599e-01
2.870200e+04 1.481985e-01
2.870300e+04 2.242718e-01
2.870400e+04 2.117777e-01
2.870500e+04 2.205094e-01
2.870600e+04 2.495951e-01
2.870700e+04 1.918458e-01
2.870800e+04 1.990047e-01
2.870900e+04 1.985799e-01
2.871000e+04 1.895205e-01
2.871100e+04 2.247025e-01
2.871200e+04 1.575622e-01
2.871300e+04 1.770766e-01
2.871400e+04 2.166040e-01
2.871500e+04 1.397906e-01
2.871600e+04 1.868118e-01
2.871700e+04 1.900790e-01
2.871800e+04 1.945180e-01
2.871900e+04 1.918099e-01
2.872000e+04 2.028211e-01
2.872100e+04 1.973910e-01
2.872200e+04 2.157559e-01
2.872300e+04 1.835413e-01
2.872400e+04 1.486192e-01
2.872500e+04 1.868732e-01
2.872600e+04 2.338249e-01
2.872700e+04 1.627538e-01
2.872800e+04 1.620049e-01
2.872900e+04 1.572603e-01
2.873000e+04 1.673369e-01
2.873100e+04 1.565743e-01
2.873200e+04 1.563946e-01
2.873300e+04 1.585771e-01
2.873400e+04 1.948496e-01
2.873500e+04 2.164073e-01
2.873600e+04 2.222085e-01
2.873700e+04 2.114346e-01
2.873800e+04 1.788667e-01
2.873900e+04 1.903309e-01
2.874000e+04 2.050703e-01
2.874100e+04 1.545427e-01
2.874200e+04 2.387828e-01
2.874300e+04 2.299884e-01
2.874400e+04 2.102426e-01
2.874500e+04 1.942966e-01
2.874600e+04 1.779591e-01
2.874700e+04 1.606451e-01
2.874800e+04 1.783107e-01
2.874900e+04 1.931141e-01
2.875000e+04 2.077592e-01
2.875100e+04 1.953893e-01
2.875200e+04 2.061553e-01
2.875300e+04 2.095989e-01
2.875400e+04 1.992339e-01
2.875500e+04 2.108773e-01
2.875600e+04 2.568344e-01
2.875700e+04 2.292338e-01
2.875800e+04 2.136899e-01
2.875900e+04 2.263343e-01
2.876000e+04 2.302948e-01
2.876100e+04 2.438410e-01
2.876200e+04 1.951664e-01
2.876300e+04 2.494650e-01
2.876400e+04 2.112297e-01
2.876500e+04 2.060633e-01
2.876600e+04 2.181157e-01
2.876700e+04 2.330649e-01
2.876800e+04 1.953883e-01
2.876900e+04 2.237181e-01
2.877000e+04 2.277288e-01
2.877100e+04 1.659867e-01
2.877200e+04 2.193452e-01
2.877300e+04 2.278773e-01
2.877400e+04 2.225849e-01
2.877500e+04 2.444745e-01
2.877600e+04 1.894057e-01
2.877700e+04 2.055252e-01
2.877800e+04 1.548532e-01
2.877900e+04 1.474575e-01
2.878000e+04 2.050168e-01
2.878100e+04 2.214370e-01
2.878200e+04 2.196925e-01
2.878300e+04 1.897342e-01
2.878400e+04 1.894129e-01
2.878500e+04 1.982841e-01
2.878600e+04 2.316674e-01
2.878700e+04 2.368342e-01
2.878800e+04 2.100436e-01
2.878900e+04 2.289093e-01
2.879000e+04 1.911081e-01
2.879100e+04 2.080535e-01
2.879200e+04 1.661086e-01
2.879300e+04 2.369540e-01
2.879400e+04 2.188558e-01
2.879500e+04 2.481647e-01
2.879600e+04 2.237350e-01
2.879700e+04 2.027892e-01
2.879800e+04 1.926204e-01
2.879900e+04 2.226449e-01
2.880000e+04 1.962738e-01
2.880100e+04 1.962833e-01
2.880200e+04 2.109464e-01
2.880300e+04 1.886269e-01
2.880400e+04 1.924824e-01
2.880500e+04 2.221447e-01
2.880600e+04 2.134816e-01
2.880700e+04 1.823889e-01
2.880800e+04 1.943503e-01
2.880900e+04 2.271100e-01
2.881000e+04 2.143248e-01
2.881100e+04 1.799394e-01
2.881200e+04 1.710391e-01
2.881300e+04 1.815081e-01
2.881400e+04 2.216700e-01
2.881500e+04 2.162019e-01
2.881600e+04 2.058467e-01
2.881700e+04 2.430652e-01
2.881800e+04 2.123662e-01
2.881900e+04 2.375057e-01
2.882000e+04 1.911895e-01
2.882100e+04 2.083085e-01
2.882200e+04 2.258076e-01
2.882300e+04 1.881980e-01
2.882400e+04 2.100750e-01
2.882500e+04 1.943260e-01
2.882600e+04 2.033526e-01
2.882700e+04 1.679024e-01
2.882800e+04 1.473591e-01
2.882900e+04 2.217176e-01
2.883000e+04 1.855239e-01
2.883100e+04 2.012017e-01
2.883200e+04 2.047229e-01
2.883300e+04 2.067675e-01
2.883400e+04 2.376485e-01
2.883500e+04 2.300253e-01
2.883600e+04 2.106955e-01
2.883700e+04 2.431227e-01
2.883800e+04 1.802626e-01
2.883900e+04 2.061441e-01
2.884000e+04 1.915526e-01
2.884100e+04 1.950514e-01
2.884200e+04 1.770443e-01
2.884300e+04 1.604924e-01
2.884400e+04 2.090258e-01
2.884500e+04 2.136890e-01
2.884600e+04 2.550623e-01
2.884700e+04 2.160890e-01
2.884800e+04 2.085055e-01
2.884900e+04 1.996890e-01
2.885000e+04 2.231562e-01
2.885100e+04 2.001209e-01
2.885200e+04 1.893588e-01
2.885300e+04 1.999550e-01
2.885400e+04 1.977871e-01
2.885500e+04 2.026632e-01
2.885600e+04 1.913842e-01
2.885700e+04 1.920515e-01
2.885800e+04 1.668506e-01
2.885900e+04 1.570622e-01
2.886000e+04 1.689702e-01
2.886100e+04 1.941884e-01
2.886200e+04 1.882740e-01
2.886300e+04 1.336463e-01
2.886400e+04 2.220140e-01
2.886500e+04 1.772056e-01
2.886600e+04 2.104811e-01
2.886700e+04 1.890158e-01
2.886800e+04 1.705509e-01
2.886900e+04 2.062857e-01
2.887000e+04 2.381318e-01
2.887100e+04 2.003740e-01
2.887200e+04 2.541290e-01
2.887300e+04 2.455202e-01
2.887400e+04 1.912695e-01
2.887500e+04 2.196431e-01
2.887600e+04 2.036913e-01
2.887700e+04 1.730750e-01
2.887800e+04 1.778211e-01
2.887900e+04 1.860785e-01
2.888000e+04 1.965868e-01
2.888100e+04 2.329685e-01
2.888200e+04 2.322398e-01
2.888300e+04 1.828816e-01
2.888400e+04 1.636715e-01
2.888500e+04 1.919686e-01
2.888600e+04 1.541168e-01
2.888700e+04 1.673507e-01
2.888800e+04 1.444369e-01
2.888900e+04 2.052268e-01
2.889000e+04 2.061749e-01
2.889100e+04 2.242344e-01
2.889200e+04 2.301013e-01
2.889300e+04 2.238202e-01
2.889400e+04 1.710803e-01
2.889500e+04 1.558803e-01
2.889600e+04 1.638893e-01
2.889700e+04 1.605340e-01
2.889800e+04 1.568035e-01
2.889900e+04 1.899898e-01
2.890000e+04 1.648354e-01
2.890100e+04 2.134112e-01
2.890200e+04 2.134173e-01
2.890300e+04 2.091430e-01
2.890400e+04 1.701718e-01
2.890500e+04 1.608821e-01
2.890600e+04 1.780507e-01
2.890700e+04 1.980737e-01
2.890800e+04 2.594619e-01
2.890900e+04 2.242516e-01
2.891000e+04 2.048486e-01
2.891100e+04 1.578352e-01
2.891200e+04 1.418078e-01
2.891300e+04 1.475417e-01
2.891400e+04 1.389758e-01
2.891500e+04 1.819591e-01
2.891600e+04 2.045981e-01
2.891700e+04 2.325848e-01
2.891800e+04 1.771712e-01
2.891900e+04 2.065900e-01
2.892000e+04 2.132236e-01
2.892100e+04 1.878081e-01
2.892200e+04 1.733980e-01
2.892300e+04 1.860443e-01
2.892400e+04 1.802227e-01
2.892500e+04 1.897801e-01
2.892600e+04 1.723319e-01
2.892700e+04 2.333635e-01
2.892800e+04 2.289931e-01
2.892900e+04 2.157409e-01
2.893000e+04 2.104036e-01
2.893100e+04 2.116041e-01
2.893200e+04 1.768046e-01
2.893300e+04 1.487248e-01
2.893400e+04 2.106892e-01
2.893500e+04 2.327929e-01
2.893600e+04 2.268843e-01
2.893700e+04 1.782277e-01
2.893800e+04 1.986857e-01
2.893900e+04 2.006936e-01
2.894000e+04 2.164608e-01
2.894100e+04 2.350589e-01
2.894200e+04 2.463192e-01
2.894300e+04 2.092400e-01
2.894400e+04 2.186031e-01
2.894500e+04 2.131994e-01
2.894600e+04 2.029754e-01
2.894700e+04 2.334727e-01
2.894800e+04 2.639917e-01
2.894900e+04 2.473139e-01
2.895000e+04 2.093522e-01
2.895100e+04 2.011691e-01
2.895200e+04 2.057173e-01
2.895300e+04 1.698253e-01
2.895400e+04 2.161597e-01
2.895500e+04 2.324994e-01
2.895600e+04 2.070987e-01
2.895700e+04 1.999797e-01
2.895800e+04 2.186722e-01
2.895900e+04 1.688491e-01
2.896000e+04 1.837338e-01
2.896100e+04 2.197429e-01
2.896200e+04 2.222490e-01
2.896300e+04 2.427074e-01
2.896400e+04 2.028805e-01
2.896500e+04 2.076309e-01
2.896600e+04 1.778811e-01
2.896700e+04 1.836215e-01
2.896800e+04 2.211892e-01
2.896900e+04 2.327793e-01
2.897000e+04 1.841849e-01
2.897100e+04 2.159615e-01
2.897200e+04 1.960089e-01
2.897300e+04 1.884455e-01
2.897400e+04 1.925889e-01
2.897500e+04 2.202157e-01
2.897600e+04 2.483951e-01
2.897700e+04 2.273623e-01
2.897800e+04 2.312566e-01
2.897900e+04 2.168188e-01
2.898000e+04 2.347077e-01
2.898100e+04 2.098851e-01
2.898200e+04 2.072919e-01
2.898300e+04 2.069611e-01
2.898400e+04 2.023206e-01
2.898500e+04 2.077262e-01
2.898600e+04 1.753334e-01
2.898700e+04 1.917967e-01
2.898800e+04 2.209107e-01
2.898900e+04 1.636985e-01
2.899000e+04 1.737761e-01
2.899100e+04 1.749910e-01
2.899200e+04 2.001756e-01
2.899300e+04 1.555927e-01
2.899400e+04 1.698550e-01
2.899500e+04 2.045889e-01
2.899600e+04 1.478780e-01
2.899700e+04 1.557397e-01
2.899800e+04 2.094176e-01
2.899900e+04 1.860468e-01
2.900000e+04 1.739750e-01
2.900100e+04 1.913903e-01
2.900200e+04 2.015935e-01
2.900300e+04 1.726335e-01
2.900400e+04 2.234900e-01
2.900500e+04 1.756206e-01
2.900600e+04 2.004008e-01
2.900700e+04 1.985226e-01
2.900800e+04 1.597451e-01
2.900900e+04 1.648480e-01
2.901000e+04 1.723098e-01
2.901100e+04 1.556925e-01
2.901200e+04 2.025039e-01
2.901300e+04 2.129512e-01
2.901400e+04 2.062538e-01
2.901500e+04 2.382391e-01
2.901600e+04 2.025176e-01
2.901700e+04 2.241228e-01
2.901800e+04 1.716039e-01
2.901900e+04 2.132954e-01
2.902000e+04 2.029803e-01
2.902100e+04 1.913160e-01
2.902200e+04 2.022307e-01
2.902300e+04 1.863905e-01
2.902400e+04 1.673261e-01
2.902500e+04 1.408520e-01
2.902600e+04 1.831931e-01
2.902700e+04 2.153574e-01
2.902800e+04 1.962807e-01
2.902900e+04 1.924534e-01
2.903000e+04 1.968054e-01
2.903100e+04 2.353209e-01
2.903200e+04 2.133547e-01
2.903300e+04 2.048275e-01
2.903400e+04 1.939832e-01
2.903500e+04 2.060506e-01
2.903600e+04 2.204112e-01
2.903700e+04 2.126886e-01
2.903800e+04 2.142018e-01
2.903900e+04 1.747750e-01
2.904000e+04 1.747572e-01
2.904100e+04 1.513279e-01
2.904200e+04 1.557184e-01
2.904300e+04 1.486510e-01
2.904400e+04 1.650088e-01
2.904500e+04 2.080471e-01
2.904600e+04 2.041386e-01
2.904700e+04 2.032551e-01
2.904800e+04 1.912824e-01
2.904900e+04 2.317037e-01
2.905000e+04 1.929012e-01
2.905100e+04 1.604373e-01
2.905200e+04 1.963410e-01
2.905300e+04 1.782167e-01
2.905400e+04 2.056573e-01
2.905500e+04 2.262304e-01
2.905600e+04 2.292425e-01
2.905700e+04 2.406893e-01
2.905800e+04 1.936332e-01
2.905900e+04 2.044218e-01
2.906000e+04 2.202966e-01
2.906100e+04 2.238110e-01
2.906200e+04 1.941524e-01
2.906300e+04 2.089192e-01
2.906400e+04 1.769488e-01
2.906500e+04 1.686151e-01
2.906600e+04 1.711982e-01
2.906700e+04 2.108521e-01
2.906800e+04 2.177386e-01
2.906900e+04 2.270988e-01
2.907000e+04 2.126107e-01
2.907100e+04 1.506436e-01
2.907200e+04 1.418969e-01
2.907300e+04 1.829787e-01
2.907400e+04 1.920646e-01
2.907500e+04 1.714202e-01
2.907600e+04 1.973920e-01
2.907700e+04 1.724347e-01
2.907800e+04 1.470054e-01
2.907900e+04 2.017743e-01
2.908000e+04 1.642582e-01
2.908100e+04 1.255027e-01
2.908200e+04 1.493407e-01
2.908300e+04 1.632128e-01
2.908400e+04 1.764627e-01
2.908500e+04 1.625378e-01
2.908600e+04 1.893333e-01
2.908700e+04 1.792820e-01
2.908800e+04 1.737833e-01
2.908900e+04 1.325174e-01
2.909000e+04 1.713187e-01
2.909100e+04 1.451370e-01
2.909200e+04 1.777664e-01
2.909300e+04 1.654506e-01
2.909400e+04 2.094032e-01
2.909500e+04 1.780959e-01
2.909600e+04 1.732521e-01
2.909700e+04 2.385024e-01
2.909800e+04 1.713734e-01
2.909900e+04 1.513579e-01
2.910000e+04 1.473520e-01
2.910100e+04 1.339819e-01
2.910200e+04 1.814158e-01
2.910300e+04 1.471277e-01
2.910400e+04 1.784079e-01
2.910500e+04 1.556788e-01
2.910600e+04 1.429535e-01
2.910700e+04 1.751526e-01
2.910800e+04 1.580034e-01
2.910900e+04 2.162886e-01
2.911000e+04 1.739199e-01
2.911100e+04 2.037719e-01
2.911200e+04 2.258805e-01
2.911300e+04 2.145045e-01
2.911400e+04 2.307800e-01
2.911500e+04 2.203846e-01
2.911600e+04 2.153188e-01
2.911700e+04 1.871900e-01
2.911800e+04 1.803014e-01
2.911900e+04 1.869972e-01
2.912000e+04 2.374019e-01
2.912100e+04 2.370096e-01
2.912200e+04 2.407449e-01
2.912300e+04 2.018648e-01
2.912400e+04 2.093167e-01
2.912500e+04 1.907461e-01
2.912600e+04 1.964713e-01
2.912700e+04 2.093452e-01
2.912800e+04 1.957573e-01
2.912900e+04 2.004108e-01
2.913000e+04 2.316212e-01
2.913100e+04 1.917956e-01
2.913200e+04 2.313424e-01
2.913300e+04 1.981187e-01
2.913400e+04 1.944550e-01
2.913500e+04 1.764560e-01
2.913600e+04 1.791552e-01
2.913700e+04 2.325578e-01
2.913800e+04 1.925946e-01
2.913900e+04 1.991076e-01
2.914000e+04 1.991076e-01
2.914100e+04 1.967503e-01
2.914200e+04 2.186381e-01
2.914300e+04 2.051460e-01
2.914400e+04 1.739890e-01
2.914500e+04 2.072327e-01
2.914600e+04 2.505342e-01
2.914700e+04 2.340978e-01
2.914800e+04 1.857512e-01
2.914900e+04 2.199339e-01
2.915000e+04 1.955949e-01
2.915100e+04 1.929022e-01
2.915200e+04 1.894262e-01
2.915300e+04 2.120365e-01
2.915400e+04 1.740006e-01
2.915500e+04 1.912398e-01
2.915600e+04 1.976310e-01
2.915700e+04 1.784249e-01
2.915800e+04 2.100290e-01
2.915900e+04 1.662163e-01
2.916000e+04 2.224276e-01
2.916100e+04 2.107157e-01
2.916200e+04 2.016049e-01
2.916300e+04 2.008440e-01
2.916400e+04 2.198025e-01
2.916500e+04 1.847731e-01
2.916600e+04 1.837514e-01
2.916700e+04 1.481269e-01
2.916800e+04 1.982261e-01
2.916900e+04 2.152721e-01
2.917000e+04 1.795726e-01
2.917100e+04 1.542805e-01
2.917200e+04 1.811917e-01
2.917300e+04 2.205770e-01
2.917400e+04 1.846342e-01
2.917500e+04 2.282995e-01
2.917600e+04 1.833830e-01
2.917700e+04 2.108652e-01
2.917800e+04 2.201868e-01
2.917900e+04 1.931582e-01
2.918000e+04 2.221564e-01
2.918100e+04 1.705733e-01
2.918200e+04 1.501600e-01
2.918300e+04 2.310586e-01
2.918400e+04 1.729198e-01
2.918500e+04 1.979401e-01
2.918600e+04 1.734659e-01
2.918700e+04 1.478295e-01
2.918800e+04 2.294433e-01
2.918900e+04 2.358816e-01
2.919000e+04 2.249811e-01
2.919100e+04 1.815174e-01
2.919200e+04 1.759371e-01
2.919300e+04 1.815568e-01
2.919400e+04 1.977789e-01
2.919500e+04 2.149462e-01
2.919600e+04 2.228631e-01
2.919700e+04 1.687275e-01
2.919800e+04 1.961211e-01
2.919900e+04 1.663070e-01
2.920000e+04 1.907213e-01
2.920100e+04 1.776837e-01
2.920200e+04 1.855035e-01
2.920300e+04 1.760316e-01
2.920400e+04 1.753265e-01
2.920500e+04 1.910171e-01
2.920600e+04 1.820461e-01
2.920700e+04 2.187820e-01
2.920800e+04 2.122742e-01
2.920900e+04 1.805195e-01
2.921000e+04 1.518825e-01
2.921100e+04 1.550600e-01
2.921200e+04 2.092806e-01
2.921300e+04 1.483368e-01
2.921400e+04 1.992467e-01
2.921500e+04 1.925028e-01
2.921600e+04 1.794609e-01
2.921700e+04 1.808892e-01
2.921800e+04 1.606606e-01
2.921900e+04 1.560496e-01
2.922000e+04 2.087694e-01
2.922100e+04 1.765369e-01
2.922200e+04 1.674927e-01
2.922300e+04 1.567467e-01
2.922400e+04 1.786696e-01
2.922500e+04 1.948208e-01
2.922600e+04 1.712885e-01
2.922700e+04 2.208455e-01
2.922800e+04 2.305137e-01
2.922900e+04 1.725753e-01
2.923000e+04 1.607829e-01
2.923100e+04 2.142214e-01
2.923200e+04 1.545585e-01
2.923300e+04 1.823931e-01
2.923400e+04 1.983704e-01
2.923500e+04 1.392519e-01
2.923600e+04 1.662267e-01
2.923700e+04 1.980027e-01
2.923800e+04 1.890020e-01
2.923900e+04 1.735681e-01
2.924000e+04 2.205472e-01
2.924100e+04 2.081938e-01
2.924200e+04 2.168354e-01
2.924300e+04 1.863255e-01
2.924400e+04 1.729646e-01
2.924500e+04 1.526823e-01
2.924600e+04 1.645592e-01
2.924700e+04 1.370253e-01
2.924800e+04 1.926119e-01
2.924900e+04 1.814078e-01
2.925000e+04 1.959608e-01
2.925100e+04 2.199841e-01
2.925200e+04 2.126272e-01
2.925300e+04 2.280785e-01
2.925400e+04 1.882664e-01
2.925500e+04 2.020046e-01
2.925600e+04 1.911332e-01
2.925700e+04 2.133376e-01
2.925800e+04 1.675900e-01
2.925900e+04 1.512032e-01
2.926000e+04 1.517939e-01
2.926100e+04 1.518312e-01
2.926200e+04 2.173289e-01
2.926300e+04 2.262848e-01
2.926400e+04 1.813197e-01
2.926500e+04 2.280163e-01
2.926600e+04 1.912400e-01
2.926700e+04 1.903475e-01
2.926800e+04 2.190132e-01
2.926900e+04 1.789141e-01
2.927000e+04 1.880947e-01
2.927100e+04 1.759864e-01
2.927200e+04 1.337791e-01
2.927300e+04 1.880361e-01
2.927400e+04 1.895331e-01
2.927500e+04 2.132628e-01
2.927600e+04 1.871992e-01
2.927700e+04 1.655756e-01
2.927800e+04 1.244607e-01
2.927900e+04 1.694478e-01
2.928000e+04 1.687653e-01
2.928100e+04 1.967195e-01
2.928200e+04 2.064649e-01
2.928300e+04 1.703726e-01
2.928400e+04 1.683077e-01
2.928500e+04 1.763204e-01
2.928600e+04 1.882841e-01
2.928700e+04 2.093972e-01
2.928800e+04 1.812809e-01
2.928900e+04 1.851952e-01
2.929000e+04 1.942282e-01
2.929100e+04 1.219232e-01
2.929200e+04 1.212047e-01
2.929300e+04 1.577353e-01
2.929400e+04 1.716322e-01
2.929500e+04 1.452384e-01
2.929600e+04 1.287907e-01
2.929700e+04 1.846803e-01
2.929800e+04 1.483789e-01
2.929900e+04 1.700829e-01
2.930000e+04 1.823551e-01
2.930100e+04 1.816890e-01
2.930200e+04 1.974082e-01
2.930300e+04 1.794938e-01
2.930400e+04 2.243468e-01
2.930500e+04 2.186344e-01
2.930600e+04 1.808664e-01
2.930700e+04 2.231657e-01
2.930800e+04 1.847497e-01
2.930900e+04 1.711576e-01
2.931000e+04 1.771251e-01
2.931100e+04 2.075469e-01
2.931200e+04 2.252464e-01
2.931300e+04 2.412749e-01
2.931400e+04 2.258251e-01
2.931500e+04 1.739843e-01
2.931600e+04 2.020167e-01
2.931700e+04 2.246834e-01
2.931800e+04 2.039212e-01
2.931900e+04 1.537208e-01
2.932000e+04 1.750767e-01
2.932100e+04 1.704636e-01
2.932200e+04 2.018476e-01
2.932300e+04 1.840438e-01
2.932400e+04 1.683321e-01
2.932500e+04 1.972192e-01
2.932600e+04 2.411990e-01
2.932700e+04 2.328380e-01
2.932800e+04 2.085084e-01
2.932900e+04 1.978873e-01
2.933000e+04 2.159975e-01
2.933100e+04 2.325421e-01
2.933200e+04 1.940868e-01
2.933300e+04 1.862263e-01
2.933400e+04 1.959701e-01
2.933500e+04 1.675038e-01
2.933600e+04 1.825604e-01
2.933700e+04 1.742658e-01
2.933800e+04 2.075616e-01
2.933900e+04 2.078180e-01
2.934000e+04 1.814990e-01
2.934100e+04 1.824098e-01
2.934200e+04 1.502431e-01
2.934300e+04 1.691824e-01
2.934400e+04 2.281550e-01
2.934500e+04 1.996526e-01
2.934600e+04 1.606433e-01
2.934700e+04 2.161286e-01
2.934800e+04 2.088627e-01
2.934900e+04 2.069990e-01
2.935000e+04 1.853746e-01
2.935100e+04 2.248865e-01
2.935200e+04 1.697098e-01
2.935300e+04 1.718705e-01
2.935400e+04 2.107187e-01
2.935500e+04 1.998914e-01
2.935600e+04 1.757676e-01
2.935700e+04 1.854405e-01
2.935800e+04 1.873018e-01
2.935900e+04 2.149710e-01
2.936000e+04 1.915691e-01
2.936100e+04 1.760010e-01
2.936200e+04 2.002687e-01
2.936300e+04 2.320606e-01
2.936400e+04 1.700804e-01
2.936500e+04 1.980066e-01
2.936600e+04 1.621948e-01
2.936700e+04 1.605220e-01
2.936800e+04 2.278497e-01
2.936900e+04 2.102743e-01
2.937000e+04 1.679660e-01
2.937100e+04 2.119681e-01
2.937200e+04 1.630691e-01
2.937300e+04 1.642646e-01
2.937400e+04 2.111582e-01
2.937500e+04 1.887622e-01
2.937600e+04 1.880076e-01
2.937700e+04 2.039584e-01
2.937800e+04 2.254630e-01
2.937900e+04 1.701033e-01
2.938000e+04 1.756635e-01
2.938100e+04 1.634467e-01
2.938200e+04 2.087338e-01
2.938300e+04 1.672178e-01
2.938400e+04 2.062676e-01
2.938500e+04 2.226987e-01
2.938600e+04 2.046211e-01
2.938700e+04 1.928181e-01
2.938800e+04 1.639352e-01
2.938900e+04 1.600545e-01
2.939000e+04 2.163013e-01
2.939100e+04 1.973803e-01
2.939200e+04 2.094740e-01
2.939300e+04 1.924140e-01
2.939400e+04 1.987744e-01
2.939500e+04 2.213323e-01
2.939600e+04 1.994461e-01
2.939700e+04 2.041760e-01
2.939800e+04 1.718968e-01
2.939900e+04 1.731603e-01
2.940000e+04 1.836028e-01
2.940100e+04 1.612794e-01
2.940200e+04 1.655256e-01
2.940300e+04 1.779637e-01
2.940400e+04 1.708535e-01
2.940500e+04 1.527000e-01
2.940600e+04 1.942792e-01
2.940700e+04 1.542087e-01
2.940800e+04 1.711895e-01
2.940900e+04 1.945898e-01
2.941000e+04 2.163800e-01
2.941100e+04 1.793568e-01
2.941200e+04 2.095406e-01
2.941300e+04 1.789846e-01
2.941400e+04 1.334542e-01
2.941500e+04 1.877857e-01
2.941600e+04 1.554406e-01
2.941700e+04 1.772425e-01
2.941800e+04 1.478887e-01
2.941900e+04 1.709909e-01
2.942000e+04 1.912713e-01
2.942100e+04 1.426772e-01
2.942200e+04 1.676241e-01
2.942300e+04 2.190007e-01
2.942400e+04 1.915089e-01
2.942500e+04 2.002754e-01
2.942600e+04 1.863373e-01
2.942700e+04 1.693813e-01
2.942800e+04 1.668817e-01
2.942900e+04 2.120623e-01
2.943000e+04 2.360883e-01
2.943100e+04 2.010232e-01
2.943200e+04 1.936496e-01
2.943300e+04 1.872008e-01
2.943400e+04 1.913149e-01
2.943500e+04 1.433722e-01
2.943600e+04 1.775042e-01
2.943700e+04 1.898529e-01
2.943800e+04 1.907943e-01
2.943900e+04 1.633655e-01
2.944000e+04 1.785823e-01
2.944100e+04 1.598654e-01
2.944200e+04 1.823354e-01
2.944300e+04 1.577468e-01
2.944400e+04 1.893788e-01
2.944500e+04 1.446386e-01
2.944600e+04 1.750395e-01
2.944700e+04 1.389590e-01
2.944800e+04 1.650408e-01
2.944900e+04 1.815247e-01
2.945000e+04 1.618269e-01
2.945100e+04 2.037755e-01
2.945200e+04 1.633413e-01
2.945300e+04 1.672354e-01
2.945400e+04 2.056198e-01
2.945500e+04 2.330825e-01
2.945600e+04 2.005119e-01
2.945700e+04 1.762771e-01
2.945800e+04 1.698632e-01
2.945900e+04 2.042740e-01
2.946000e+04 2.070875e-01
2.946100e+04 1.990878e-01
2.946200e+04 2.097243e-01
2.946300e+04 2.053675e-01
2.946400e+04 1.852323e-01
2.946500e+04 1.969277e-01
2.946600e+04 1.255832e-01
2.946700e+04 1.269713e-01
2.946800e+04 1.527254e-01
2.946900e+04 1.709271e-01
2.947000e+04 1.762668e-01
2.947100e+04 1.336552e-01
2.947200e+04 1.335173e-01
2.947300e+04 1.724513e-01
2.947400e+04 1.773003e-01
2.947500e+04 1.855924e-01
2.947600e+04 1.535918e-01
2.947700e+04 1.736697e-01
2.947800e+04 2.016998e-01
2.947900e+04 1.832761e-01
2.948000e+04 1.618197e-01
2.948100e+04 2.082934e-01
2.948200e+04 1.768550e-01
2.948300e+04 1.869339e-01
2.948400e+04 1.400152e-01
2.948500e+04 1.611476e-01
2.948600e+04 1.300325e-01
2.948700e+04 1.701975e-01
2.948800e+04 1.519889e-01
2.948900e+04 1.391213e-01
2.949000e+04 1.269316e-01
2.949100e+04 1.916408e-01
2.949200e+04 1.582134e-01
2.949300e+04 1.942127e-01
2.949400e+04 2.044553e-01
2.949500e+04 2.085566e-01
2.949600e+04 1.909882e-01
2.949700e+04 1.536973e-01
2.949800e+04 2.151279e-01
2.949900e+04 2.023718e-01
2.950000e+04 2.198024e-01
2.950100e+04 1.847389e-01
2.950200e+04 2.009972e-01
2.950300e+04 2.186065e-01
2.950400e+04 2.074212e-01
2.950500e+04 1.850605e-01
2.950600e+04 2.055061e-01
2.950700e+04 1.543419e-01
2.950800e+04 2.285344e-01
2.950900e+04 1.738622e-01
2.951000e+04 1.476221e-01
2.951100e+04 1.779157e-01
2.951200e+04 2.043620e-01
2.951300e+04 1.750563e-01
2.951400e+04 2.268935e-01
2.951500e+04 2.402791e-01
2.951600e+04 2.030753e-01
2.951700e+04 2.005722e-01
2.951800e+04 1.767142e-01
2.951900e+04 1.981187e-01
2.952000e+04 1.709412e-01
2.952100e+04 1.469184e-01
2.952200e+04 1.851864e-01
2.952300e+04 2.194338e-01
2.952400e+04 1.882188e-01
2.952500e+04 1.825444e-01
2.952600e+04 1.788875e-01
2.952700e+04 1.993667e-01
2.952800e+04 2.047073e-01
2.952900e+04 1.918975e-01
2.953000e+04 1.860408e-01
2.953100e+04 1.739769e-01
2.953200e+04 1.837398e-01
2.953300e+04 2.073748e-01
2.953400e+04 1.830129e-01
2.953500e+04 1.596675e-01
2.953600e+04 1.488825e-01
2.953700e+04 2.019616e-01
2.953800e+04 1.609530e-01
2.953900e+04 1.856908e-01
2.954000e+04 2.056654e-01
2.954100e+04 1.692320e-01
2.954200e+04 1.839794e-01
2.954300e+04 1.964176e-01
2.954400e+04 1.640553e-01
2.954500e+04 2.016592e-01
2.954600e+04 1.938305e-01
2.954700e+04 1.501214e-01
2.954800e+04 1.769175e-01
2.954900e+04 1.557241e-01
2.955000e+04 1.798704e-01
2.955100e+04 2.083845e-01
2.955200e+04 1.842842e-01
2.955300e+04 1.944619e-01
2.955400e+04 1.803669e-01
2.955500e+04 1.568622e-01
2.955600e+04 1.444864e-01
2.955700e+04 1.932185e-01
2.955800e+04 1.863214e-01
2.955900e+04 1.632945e-01
2.956000e+04 1.592676e-01
2.956100e+04 1.559098e-01
2.956200e+04 1.878162e-01
2.956300e+04 1.788344e-01
2.956400e+04 1.370636e-01
2.956500e+04 2.095178e-01
2.956600e+04 1.843630e-01
2.956700e+04 1.793067e-01
2.956800e+04 1.992866e-01
2.956900e+04 1.764219e-01
2.957000e+04 2.029389e-01
2.957100e+04 2.173763e-01
2.957200e+04 1.692178e-01
2.957300e+04 1.825412e-01
2.957400e+04 2.210340e-01
2.957500e+04 2.046431e-01
2.957600e+04 2.049307e-01
2.957700e+04 2.160048e-01
2.957800e+04 1.636319e-01
2.957900e+04 2.190976e-01
2.958000e+04 2.241728e-01
2.958100e+04 2.091661e-01
2.958200e+04 2.112249e-01
2.958300e+04 1.902138e-01
2.958400e+04 1.394691e-01
2.958500e+04 1.643852e-01
2.958600e+04 1.741883e-01
2.958700e+04 1.805262e-01
2.958800e+04 1.944391e-01
2.958900e+04 1.799338e-01
2.959000e+04 1.879080e-01
2.959100e+04 1.987823e-01
2.959200e+04 1.908476e-01
2.959300e+04 2.104261e-01
2.959400e+04 1.679306e-01
2.959500e+04 1.626650e-01
2.959600e+04 1.940853e-01
2.959700e+04 2.017518e-01
2.959800e+04 1.550497e-01
2.959900e+04 1.856979e-01
2.960000e+04 1.936764e-01
2.960100e+04 1.986994e-01
2.960200e+04 1.477704e-01
2.960300e+04 1.790925e-01
2.960400e+04 1.666706e-01
2.960500e+04 1.900939e-01
2.960600e+04 2.000366e-01
2.960700e+04 2.094003e-01
2.960800e+04 1.794457e-01
2.960900e+04 1.609029e-01
2.961000e+04 2.001632e-01
2.961100e+04 1.483464e-01
2.961200e+04 1.433210e-01
2.961300e+04 1.730465e-01
2.961400e+04 1.999429e-01
2.961500e+04 1.782156e-01
2.961600e+04 1.663939e-01
2.961700e+04 1.855483e-01
2.961800e+04 2.004386e-01
2.961900e+04 1.800403e-01
2.962000e+04 1.862605e-01
2.962100e+04 1.974988e-01
2.962200e+04 1.835372e-01
2.962300e+04 1.607210e-01
2.962400e+04 1.882119e-01
2.962500e+04 1.476576e-01
2.962600e+04 1.468606e-01
2.962700e+04 1.977292e-01
2.962800e+04 1.486900e-01
2.962900e+04 1.999766e-01
2.963000e+04 2.230097e-01
2.963100e+04 1.946918e-01
2.963200e+04 1.648205e-01
2.963300e+04 1.685924e-01
2.963400e+04 1.634005e-01
2.963500e+04 1.622516e-01
2.963600e+04 1.847211e-01
2.963700e+04 1.651601e-01
2.963800e+04 1.493789e-01
2.963900e+04 1.179042e-01
2.964000e+04 1.685313e-01
2.964100e+04 2.147722e-01
2.964200e+04 1.993006e-01
2.964300e+04 1.915236e-01
2.964400e+04 1.784140e-01
2.964500e+04 2.247514e-01
2.964600e+04 2.058390e-01
2.964700e+04 1.956387e-01
2.964800e+04 1.837908e-01
2.964900e+04 1.480153e-01
2.965000e+04 1.948230e-01
2.965100e+04 2.342587e-01
2.965200e+04 1.904837e-01
2.965300e+04 2.087499e-01
2.965400e+04 1.666090e-01
2.965500e+04 1.822100e-01
2.965600e+04 2.015984e-01
2.965700e+04 1.968866e-01
2.965800e+04 2.115951e-01
2.965900e+04 1.525192e-01
2.966000e+04 1.737029e-01
2.966100e+04 1.668817e-01
2.966200e+04 1.745831e-01
2.966300e+04 1.458184e-01
2.966400e+04 1.208872e-01
2.966500e+04 1.436513e-01
2.966600e+04 1.538656e-01
2.966700e+04 1.904264e-01
2.966800e+04 1.630944e-01
2.966900e+04 1.958135e-01
2.967000e+04 2.000374e-01
2.967100e+04 1.492467e-01
2.967200e+04 1.836464e-01
2.967300e+04 1.978462e-01
2.967400e+04 1.854004e-01
2.967500e+04 1.796269e-01
2.967600e+04 1.778878e-01
2.967700e+04 2.158014e-01
2.967800e+04 1.985935e-01
2.967900e+04 1.979238e-01
2.968000e+04 1.923982e-01
2.968100e+04 2.018926e-01
2.968200e+04 1.385898e-01
2.968300e+04 1.641218e-01
2.968400e+04 1.502677e-01
2.968500e+04 1.628675e-01
2.968600e+04 1.403944e-01
2.968700e+04 1.446590e-01
2.968800e+04 1.226976e-01
2.968900e+04 1.767386e-01
2.969000e+04 1.719168e-01
2.969100e+04 1.742522e-01
2.969200e+04 1.606955e-01
2.969300e+04 1.822503e-01
2.969400e+04 1.863347e-01
2.969500e+04 1.812210e-01
2.969600e+04 1.651175e-01
2.969700e+04 1.967517e-01
2.969800e+04 1.678022e-01
2.969900e+04 1.917488e-01
2.970000e+04 1.611297e-01
2.970100e+04 2.080169e-01
2.970200e+04 1.832734e-01
2.970300e+04 1.851906e-01
2.970400e+04 1.591205e-01
2.970500e+04 1.786743e-01
2.970600e+04 1.553781e-01
2.970700e+04 1.943603e-01
2.970800e+04 1.961495e-01
2.970900e+04 1.889988e-01
2.971000e+04 1.891786e-01
2.971100e+04 1.825589e-01
2.971200e+04 1.775441e-01
2.971300e+04 2.009603e-01
2.971400e+04 1.886003e-01
2.971500e+04 1.592455e-01
2.971600e+04 1.823980e-01
2.971700e+04 1.748903e-01
2.971800e+04 1.761153e-01
2.971900e+04 1.412967e-01
2.972000e+04 1.488486e-01
2.972100e+04 1.401703e-01
2.972200e+04 1.638405e-01
2.972300e+04 1.804870e-01
2.972400e+04 1.690807e-01
2.972500e+04 1.755297e-01
2.972600e+04 1.795222e-01
2.972700e+04 1.761568e-01
2.972800e+04 1.682463e-01
2.972900e+04 1.997842e-01
2.973000e+04 1.878057e-01
2.973100e+04 1.522789e-01
2.973200e+04 1.637236e-01
2.973300e+04 2.263122e-01
2.973400e+04 1.562933e-01
2.973500e+04 1.736384e-01
2.973600e+04 2.147669e-01
2.973700e+04 2.268140e-01
2.973800e+04 1.925812e-01
2.973900e+04 2.160922e-01
2.974000e+04 1.886426e-01
2.974100e+04 1.841640e-01
2.974200e+04 1.774621e-01
2.974300e+04 1.822197e-01
2.974400e+04 1.872454e-01
2.974500e+04 2.011465e-01
2.974600e+04 1.675031e-01
2.974700e+04 1.737257e-01
2.974800e+04 1.948837e-01
2.974900e+04 1.994842e-01
2.975000e+04 1.398646e-01
2.975100e+04 1.289132e-01
2.975200e+04 1.762117e-01
2.975300e+04 1.966269e-01
2.975400e+04 1.977745e-01
2.975500e+04 1.936506e-01
2.975600e+04 1.905750e-01
2.975700e+04 1.869835e-01
2.975800e+04 2.212824e-01
2.975900e+04 1.981891e-01
2.976000e+04 1.835054e-01
2.976100e+04 2.062795e-01
2.976200e+04 2.018355e-01
2.976300e+04 1.409370e-01
2.976400e+04 1.736185e-01
2.976500e+04 1.784865e-01
2.976600e+04 1.927528e-01
2.976700e+04 1.939405e-01
2.976800e+04 2.051793e-01
2.976900e+04 1.589802e-01
2.977000e+04 2.066160e-01
2.977100e+04 1.517635e-01
2.977200e+04 2.151458e-01
2.977300e+04 2.240518e-01
2.977400e+04 2.091501e-01
2.977500e+04 2.191209e-01
2.977600e+04 2.066788e-01
2.977700e+04 1.833657e-01
2.977800e+04 1.835655e-01
2.977900e+04 2.015549e-01
2.978000e+04 1.942293e-01
2.978100e+04 1.572447e-01
2.978200e+04 1.846957e-01
2.978300e+04 1.532515e-01
2.978400e+04 1.996631e-01
2.978500e+04 2.127463e-01
2.978600e+04 1.794558e-01
2.978700e+04 1.426965e-01
2.978800e+04 1.773417e-01
2.978900e+04 1.495775e-01
2.979000e+04 1.585510e-01
2.979100e+04 1.872919e-01
2.979200e+04 2.024554e-01
2.979300e+04 1.924081e-01
2.979400e+04 1.682251e-01
2.979500e+04 1.649825e-01
2.979600e+04 2.060314e-01
2.979700e+04 1.830186e-01
2.979800e+04 1.773315e-01
2.979900e+04 1.748216e-01
2.980000e+04 1.426048e-01
2.980100e+04 2.008297e-01
2.980200e+04 2.194863e-01
2.980300e+04 1.600173e-01
2.980400e+04 1.699817e-01
2.980500e+04 2.059820e-01
2.980600e+04 2.217754e-01
2.980700e+04 2.117939e-01
2.980800e+04 2.059487e-01
2.980900e+04 2.134803e-01
2.981000e+04 2.002965e-01
2.981100e+04 1.270107e-01
2.981200e+04 1.431109e-01
2.981300e+04 1.654058e-01
2.981400e+04 1.931158e-01
2.981500e+04 1.881242e-01
2.981600e+04 1.873942e-01
2.981700e+04 1.638642e-01
2.981800e+04 1.861606e-01
2.981900e+04 1.858892e-01
2.982000e+04 1.482605e-01
2.982100e+04 1.747520e-01
2.982200e+04 2.006337e-01
2.982300e+04 1.986675e-01
2.982400e+04 2.148092e-01
2.982500e+04 1.521450e-01
2.982600e+04 1.464579e-01
2.982700e+04 1.561643e-01
2.982800e+04 1.945042e-01
2.982900e+04 2.193185e-01
2.983000e+04 1.946625e-01
2.983100e+04 1.501577e-01
2.983200e+04 1.588385e-01
2.983300e+04 2.053462e-01
2.983400e+04 2.022832e-01
2.983500e+04 1.575033e-01
2.983600e+04 1.272785e-01
2.983700e+04 1.644605e-01
2.983800e+04 1.627203e-01
2.983900e+04 1.929129e-01
2.984000e+04 1.711593e-01
2.984100e+04 1.913142e-01
2.984200e+04 1.998743e-01
2.984300e+04 1.678795e-01
2.984400e+04 1.760499e-01
2.984500e+04 1.605768e-01
2.984600e+04 1.788947e-01
2.984700e+04 2.236043e-01
2.984800e+04 1.548167e-01
2.984900e+04 2.146936e-01
2.985000e+04 2.173951e-01
2.985100e+04 1.821604e-01
2.985200e+04 1.845103e-01
2.985300e+04 1.601884e-01
2.985400e+04 1.378184e-01
2.985500e+04 1.993240e-01
2.985600e+04 1.666189e-01
2.985700e+04 2.102554e-01
2.985800e+04 2.116056e-01
2.985900e+04 2.048700e-01
2.986000e+04 1.752095e-01
2.986100e+04 1.974892e-01
2.986200e+04 1.809393e-01
2.986300e+04 1.507780e-01
2.986400e+04 1.796587e-01
2.986500e+04 1.683580e-01
2.986600e+04 1.440548e-01
2.986700e+04 1.466533e-01
2.986800e+04 1.652405e-01
2.986900e+04 1.809910e-01
2.987000e+04 2.084821e-01
2.987100e+04 1.854288e-01
2.987200e+04 1.799786e-01
2.987300e+04 1.676727e-01
2.987400e+04 1.184504e-01
2.987500e+04 1.330663e-01
2.987600e+04 1.549503e-01
2.987700e+04 1.762599e-01
2.987800e+04 1.867118e-01
2.987900e+04 1.359521e-01
2.988000e+04 1.665819e-01
2.988100e+04 1.833173e-01
2.988200e+04 1.942745e-01
2.988300e+04 1.606588e-01
2.988400e+04 1.538449e-01
2.988500e+04 1.816341e-01
2.988600e+04 1.722740e-01
2.988700e+04 1.246440e-01
2.988800e+04 1.336565e-01
2.988900e+04 1.558699e-01
2.989000e+04 1.661864e-01
2.989100e+04 1.411629e-01
2.989200e+04 1.177906e-01
2.989300e+04 1.484460e-01
2.989400e+04 1.735612e-01
2.989500e+04 1.500105e-01
2.989600e+04 1.416434e-01
2.989700e+04 1.678406e-01
2.989800e+04 1.703747e-01
2.989900e+04 1.727513e-01
2.990000e+04 1.982120e-01
2.990100e+04 1.628290e-01
2.990200e+04 1.937397e-01
2.990300e+04 1.679338e-01
2.990400e+04 1.825644e-01
2.990500e+04 1.690795e-01
2.990600e+04 1.645979e-01
2.990700e+04 1.663516e-01
2.990800e+04 1.879951e-01
2.990900e+04 1.351426e-01
2.991000e+04 1.664619e-01
2.991100e+04 1.517652e-01
2.991200e+04 1.668557e-01
2.991300e+04 1.974731e-01
2.991400e+04 2.229790e-01
2.991500e+04 1.927738e-01
2.991600e+04 1.552601e-01
2.991700e+04 1.935498e-01
2.991800e+04 1.488967e-01
2.991900e+04 1.711075e-01
2.992000e+04 1.767737e-01
2.992100e+04 1.799036e-01
2.992200e+04 1.862202e-01
2.992300e+04 1.614454e-01
2.992400e+04 2.006295e-01
2.992500e+04 2.050627e-01
2.992600e+04 1.740750e-01
2.992700e+04 2.022394e-01
2.992800e+04 1.675815e-01
2.992900e+04 1.754623e-01
2.993000e+04 1.806088e-01
2.993100e+04 1.752684e-01
2.993200e+04 1.600152e-01
2.993300e+04 1.724045e-01
2.993400e+04 2.052412e-01
2.993500e+04 1.771436e-01
2.993600e+04 1.568635e-01
2.993700e+04 1.849160e-01
2.993800e+04 2.188506e-01
2.993900e+04 2.094924e-01
2.994000e+04 2.051598e-01
2.994100e+04 1.885117e-01
2.994200e+04 2.056769e-01
2.994300e+04 1.575201e-01
2.994400e+04 1.919194e-01
2.994500e+04 1.696140e-01
2.994600e+04 1.967225e-01
2.994700e+04 2.188062e-01
2.994800e+04 1.845488e-01
2.994900e+04 1.948585e-01
2.995000e+04 1.888435e-01
2.995100e+04 1.566791e-01
2.995200e+04 1.678169e-01
2.995300e+04 1.783781e-01
2.995400e+04 1.750295e-01
2.995500e+04 2.011635e-01
2.995600e+04 2.128096e-01
2.995700e+04 1.531771e-01
2.995800e+04 1.654078e-01
2.995900e+04 2.197364e-01
2.996000e+04 1.840587e-01
2.996100e+04 1.850613e-01
2.996200e+04 1.500930e-01
2.996300e+04 1.706433e-01
2.996400e+04 1.669637e-01
2.996500e+04 2.057378e-01
2.996600e+04 1.883385e-01
2.996700e+04 1.363741e-01
2.996800e+04 1.755450e-01
2.996900e+04 1.533467e-01
2.997000e+04 1.843906e-01
2.997100e+04 2.116910e-01
2.997200e+04 2.000132e-01
2.997300e+04 1.809065e-01
2.997400e+04 2.084372e-01
2.997500e+04 1.842877e-01
2.997600e+04 1.615900e-01
2.997700e+04 1.665783e-01
2.997800e+04 1.615174e-01
2.997900e+04 2.072253e-01
2.998000e+04 1.736456e-01
2.998100e+04 2.118186e-01
2.998200e+04 1.973596e-01
2.998300e+04 1.909007e-01
2.998400e+04 1.409795e-01
2.998500e+04 1.506832e-01
2.998600e+04 1.876917e-01
2.998700e+04 1.698152e-01
2.998800e+04 1.734081e-01
2.998900e+04 1.642362e-01
2.999000e+04 1.619518e-01
2.999100e+04 1.576441e-01
2.999200e+04 1.897498e-01
2.999300e+04 1.887923e-01
2.999400e+04 1.983769e-01
2.999500e+04 1.775258e-01
2.999600e+04 2.100637e-01
2.999700e+04 2.066235e-01
2.999800e+04 1.807298e-01
2.999900e+04 1.747314e-01
3.000000e+04 1.755220e-01
