# LHS 1140 SED at the LHS 1140b orbit, proxy GJ699
# Built by make_sed.py from Mega-MUSCLES v23 const-res-sed
# (the release the paper used; local copy, withdrawn from MAST)
# A = 0.0559 (catalog X-ray flux ratio, the paper's constant);
# product + A validated against the paper's fiducial XUV flux
# 0.033 W/m2 at the orbit (measured 33.6 here),
# d = 14.96 pc, a = 0.0946 AU, (d/a)^2 = 1.063974e+15,
# negative input fluxes clipped: 443
# repeated wavelengths merged: 10
# col 1: bin center wavelength [A] (increasing)
# col 2: flux at the planet [erg cm^-2 s^-1 A^-1]
8.000000e+00 6.993860e-02
9.000000e+00 9.210631e-02
1.000000e+01 1.164728e-01
1.100000e+01 1.772330e-01
1.200000e+01 2.328137e-01
1.300000e+01 2.394674e-01
1.400000e+01 2.592641e-01
1.500000e+01 3.013838e-01
1.600000e+01 3.013838e-01
1.700000e+01 3.013838e-01
1.800000e+01 1.640675e-01
1.900000e+01 1.139036e-01
2.000000e+01 1.139036e-01
2.100000e+01 6.229746e-02
2.200000e+01 6.489051e-02
2.300000e+01 4.844824e-02
2.400000e+01 4.757259e-02
2.500000e+01 5.378951e-02
2.600000e+01 4.247009e-02
2.700000e+01 4.133263e-02
2.800000e+01 4.164286e-02
2.900000e+01 3.763847e-02
3.000000e+01 4.000371e-02
3.100000e+01 3.647106e-02
3.200000e+01 3.667718e-02
3.300000e+01 3.762433e-02
3.400000e+01 4.510161e-02
3.500000e+01 3.061694e-02
3.600000e+01 3.113405e-02
3.700000e+01 3.268512e-02
3.800000e+01 2.807817e-02
3.900000e+01 2.628707e-02
4.000000e+01 2.899730e-02
4.100000e+01 3.013478e-02
4.200000e+01 2.578853e-02
4.300000e+01 2.680207e-02
4.400000e+01 3.018139e-02
4.500000e+01 2.192636e-02
4.600000e+01 2.802864e-02
4.700000e+01 2.919751e-02
4.800000e+01 2.089143e-02
4.900000e+01 2.229505e-02
5.000000e+01 2.925084e-02
5.100000e+01 2.477172e-02
5.200000e+01 1.886853e-02
5.300000e+01 2.011544e-02
5.400000e+01 2.036481e-02
5.500000e+01 2.225449e-02
5.600000e+01 1.615197e-02
5.700000e+01 1.633180e-02
5.800000e+01 1.875100e-02
5.900000e+01 1.780559e-02
6.000000e+01 1.536675e-02
6.100000e+01 1.486831e-02
6.200000e+01 1.399321e-02
6.300000e+01 1.748901e-02
6.400000e+01 1.902986e-02
6.500000e+01 1.310674e-02
6.600000e+01 2.063289e-02
6.700000e+01 1.506610e-02
6.800000e+01 1.232014e-02
6.900000e+01 1.154553e-02
7.000000e+01 1.209186e-02
7.100000e+01 1.104111e-02
7.200000e+01 1.078043e-02
7.300000e+01 1.069879e-02
7.400000e+01 1.085522e-02
7.500000e+01 1.027555e-02
7.600000e+01 1.138586e-02
7.700000e+01 1.012111e-02
7.800000e+01 9.858165e-03
7.900000e+01 9.308827e-03
8.000000e+01 8.995745e-03
8.100000e+01 8.824556e-03
8.200000e+01 8.627194e-03
8.300000e+01 9.185835e-03
8.400000e+01 8.095827e-03
8.500000e+01 7.843244e-03
8.600000e+01 7.983083e-03
8.700000e+01 7.689288e-03
8.800000e+01 8.566244e-03
8.900000e+01 8.218232e-03
9.000000e+01 9.059565e-03
9.100000e+01 1.062905e-02
9.200000e+01 1.045132e-02
9.300000e+01 2.466468e-02
9.400000e+01 3.391065e-02
9.500000e+01 6.589445e-03
9.600000e+01 6.715998e-03
9.700000e+01 6.621454e-03
9.800000e+01 7.035718e-03
9.900000e+01 6.799515e-03
1.000000e+02 7.211989e-03
1.010000e+02 1.207955e-02
1.020000e+02 8.435305e-03
1.030000e+02 9.541335e-03
1.040000e+02 1.658383e-02
1.050000e+02 5.727301e-03
1.060000e+02 6.864826e-03
1.070000e+02 6.382254e-03
1.080000e+02 1.790811e-02
1.090000e+02 1.036310e-02
1.100000e+02 7.023892e-03
1.110000e+02 5.296419e-03
1.120000e+02 6.030902e-03
1.130000e+02 5.061387e-03
1.140000e+02 4.869757e-03
1.150000e+02 5.679874e-03
1.160000e+02 5.300779e-03
1.170000e+02 4.886957e-03
1.180000e+02 5.188807e-03
1.190000e+02 6.139379e-03
1.200000e+02 7.067435e-03
1.210000e+02 3.912970e-03
1.220000e+02 6.128045e-03
1.230000e+02 5.923651e-03
1.240000e+02 1.869841e-02
1.250000e+02 1.368685e-02
1.260000e+02 9.299476e-03
1.270000e+02 4.514833e-03
1.280000e+02 3.599125e-02
1.290000e+02 9.970954e-03
1.300000e+02 3.870351e-02
1.310000e+02 2.533812e-01
1.320000e+02 3.334474e-02
1.330000e+02 3.806418e-02
1.340000e+02 3.403399e-02
1.350000e+02 2.382299e-02
1.360000e+02 2.826290e-02
1.370000e+02 4.153393e-02
1.380000e+02 5.057558e-02
1.390000e+02 3.740293e-02
1.400000e+02 4.800312e-02
1.410000e+02 3.284546e-02
1.420000e+02 3.232340e-02
1.430000e+02 8.097923e-02
1.440000e+02 3.589413e-02
1.450000e+02 1.745646e-02
1.460000e+02 2.342586e-02
1.470000e+02 4.498972e-02
1.480000e+02 1.614514e-01
1.490000e+02 3.361444e-02
1.500000e+02 8.734538e-02
1.510000e+02 3.365180e-02
1.520000e+02 6.301750e-02
1.530000e+02 4.805693e-02
1.540000e+02 3.741465e-02
1.550000e+02 1.455052e-02
1.560000e+02 1.602133e-02
1.570000e+02 4.027357e-02
1.580000e+02 4.387621e-02
1.590000e+02 5.481918e-02
1.600000e+02 4.313743e-02
1.610000e+02 2.635571e-02
1.620000e+02 5.138322e-02
1.630000e+02 2.441183e-02
1.640000e+02 8.626072e-02
1.650000e+02 9.862797e-02
1.660000e+02 5.716464e-02
1.670000e+02 8.631921e-02
1.680000e+02 1.949906e+00
1.690000e+02 8.454498e-01
1.700000e+02 1.925098e-01
1.710000e+02 3.770826e+00
1.720000e+02 2.329602e-01
1.730000e+02 2.494110e-01
1.740000e+02 9.427707e-01
1.750000e+02 1.296594e+00
1.760000e+02 1.644188e-01
1.770000e+02 9.772318e-01
1.780000e+02 2.358441e-01
1.790000e+02 1.385364e-01
1.800000e+02 7.157510e-01
1.810000e+02 5.952018e-01
1.820000e+02 2.872669e-01
1.830000e+02 1.461137e-01
1.840000e+02 3.222171e-01
1.850000e+02 1.114854e+00
1.860000e+02 1.101804e-01
1.870000e+02 9.332948e-01
1.880000e+02 5.550315e-01
1.890000e+02 5.105220e-01
1.900000e+02 4.051646e-01
1.910000e+02 2.276658e-01
1.920000e+02 3.003058e-01
1.930000e+02 4.935069e-01
1.940000e+02 2.463893e-01
1.950000e+02 6.127581e-01
1.960000e+02 2.875255e-01
1.970000e+02 3.594794e-01
1.980000e+02 1.346264e-01
1.990000e+02 1.876312e-01
2.000000e+02 1.237240e-01
2.010000e+02 1.806052e-01
2.020000e+02 2.459610e-01
2.030000e+02 1.431505e-01
2.040000e+02 3.855108e-01
2.050000e+02 1.208274e-01
2.060000e+02 7.484485e-02
2.070000e+02 1.314594e-01
2.080000e+02 1.441444e-01
2.090000e+02 1.038323e-01
2.100000e+02 1.233131e-01
2.110000e+02 1.672597e-01
2.120000e+02 1.104674e-01
2.130000e+02 3.547104e-02
2.140000e+02 9.279571e-02
2.150000e+02 2.664075e-01
2.160000e+02 4.128211e-02
2.170000e+02 6.569343e-01
2.180000e+02 3.393210e-01
2.190000e+02 3.168653e-01
2.200000e+02 2.649656e-01
2.210000e+02 1.174077e-01
2.220000e+02 1.754584e-01
2.230000e+02 9.989919e-02
2.240000e+02 1.395540e-01
2.250000e+02 2.260704e-01
2.260000e+02 1.725404e-01
2.270000e+02 3.676952e-01
2.280000e+02 1.171341e-01
2.290000e+02 5.805194e-02
2.300000e+02 1.414727e-02
2.310000e+02 2.529294e-01
2.320000e+02 1.695389e-01
2.330000e+02 1.661147e-01
2.340000e+02 1.773750e-01
2.350000e+02 1.749399e-01
2.360000e+02 6.529932e-02
2.370000e+02 8.982674e-02
2.380000e+02 1.598086e-01
2.390000e+02 2.378923e-01
2.400000e+02 1.409065e-01
2.410000e+02 1.750781e-01
2.420000e+02 1.801273e-01
2.430000e+02 1.304298e-01
2.440000e+02 1.021787e-01
2.450000e+02 4.973815e-01
2.460000e+02 2.538912e-01
2.470000e+02 4.802020e-02
2.480000e+02 8.078482e-02
2.490000e+02 2.096402e-01
2.500000e+02 9.244311e-02
2.510000e+02 1.083429e-01
2.520000e+02 1.367812e-01
2.530000e+02 1.688321e-02
2.540000e+02 1.414886e-01
2.550000e+02 1.162406e-01
2.560000e+02 3.368018e-01
2.570000e+02 3.089563e-01
2.580000e+02 4.781658e-01
2.590000e+02 3.655876e-02
2.600000e+02 7.140229e-02
2.610000e+02 8.113509e-02
2.620000e+02 6.150072e-02
2.630000e+02 3.415353e-02
2.640000e+02 3.775461e-02
2.650000e+02 2.078705e-01
2.660000e+02 3.322110e-02
2.670000e+02 3.712701e-02
2.680000e+02 4.253401e-02
2.690000e+02 8.143140e-02
2.700000e+02 2.027254e-01
2.710000e+02 5.145151e-02
2.720000e+02 1.981469e-01
2.730000e+02 6.067081e-02
2.740000e+02 1.496079e-01
2.750000e+02 2.366733e-01
2.760000e+02 8.305266e-02
2.770000e+02 6.023034e-01
2.780000e+02 1.556233e-01
2.790000e+02 1.432696e-01
2.800000e+02 1.010852e-01
2.810000e+02 1.600688e-01
2.820000e+02 1.655412e-02
2.830000e+02 2.493405e-02
2.840000e+02 5.916764e-01
2.850000e+02 2.813299e-02
2.860000e+02 2.961185e-02
2.870000e+02 1.719496e-02
2.880000e+02 1.395118e-02
2.890000e+02 3.079255e-02
2.900000e+02 3.750118e-02
2.910000e+02 9.028708e-02
2.920000e+02 5.618945e-02
2.930000e+02 1.233933e-01
2.940000e+02 3.743888e-02
2.950000e+02 2.698218e-02
2.960000e+02 1.318205e-01
2.970000e+02 4.600647e-02
2.980000e+02 2.506088e-02
2.990000e+02 3.001579e-02
3.000000e+02 2.194452e-02
3.010000e+02 2.162234e-02
3.020000e+02 1.796698e-02
3.030000e+02 2.513191e-01
3.040000e+02 1.353466e+00
3.050000e+02 2.741532e-02
3.060000e+02 4.488382e-02
3.070000e+02 5.069383e-02
3.080000e+02 9.799650e-02
3.090000e+02 9.187515e-02
3.100000e+02 3.189673e-02
3.110000e+02 2.989931e-02
3.120000e+02 1.469598e-01
3.130000e+02 4.855603e-02
3.140000e+02 2.559667e-01
3.150000e+02 5.207881e-01
3.160000e+02 1.062334e-01
3.170000e+02 2.388308e-01
3.180000e+02 5.071243e-02
3.190000e+02 3.573805e-01
3.200000e+02 1.967990e-01
3.210000e+02 1.139552e-01
3.220000e+02 1.690205e-02
3.230000e+02 3.967219e-02
3.240000e+02 2.975991e-02
3.250000e+02 1.988126e-02
3.260000e+02 2.507719e-02
3.270000e+02 1.282034e-02
3.280000e+02 3.620113e-02
3.290000e+02 1.236230e-02
3.300000e+02 1.162348e-01
3.310000e+02 1.142892e-02
3.320000e+02 2.241846e-02
3.330000e+02 4.914168e-02
3.340000e+02 7.982941e-02
3.350000e+02 3.045339e-01
3.360000e+02 1.243305e-01
3.370000e+02 1.291720e-02
3.380000e+02 6.960451e-02
3.390000e+02 9.896204e-02
3.400000e+02 4.892434e-02
3.410000e+02 6.018383e-02
3.420000e+02 1.134134e-01
3.430000e+02 1.801570e-02
3.440000e+02 6.661689e-03
3.450000e+02 1.477572e-01
3.460000e+02 7.296267e-02
3.470000e+02 6.297215e-02
3.480000e+02 9.853087e-02
3.490000e+02 3.064528e-01
3.500000e+02 1.082438e-01
3.510000e+02 8.891245e-02
3.520000e+02 1.461353e-01
3.530000e+02 2.604928e-01
3.540000e+02 1.861560e-01
3.550000e+02 5.518499e-02
3.560000e+02 1.730965e-01
3.570000e+02 4.878407e-02
3.580000e+02 1.007737e-01
3.590000e+02 1.511746e-01
3.600000e+02 1.621266e-01
3.610000e+02 1.560143e-01
3.620000e+02 4.197147e-03
3.630000e+02 6.612175e-03
3.640000e+02 6.435754e-02
3.650000e+02 2.319679e-01
3.660000e+02 1.510063e-01
3.670000e+02 1.039782e-01
3.680000e+02 7.911508e-01
3.690000e+02 3.434459e-01
3.700000e+02 1.924495e-03
3.710000e+02 4.656127e-03
3.720000e+02 6.648120e-03
3.730000e+02 4.510789e-03
3.740000e+02 4.172958e-02
3.750000e+02 1.376886e-02
3.760000e+02 1.294673e-02
3.770000e+02 6.417150e-03
3.780000e+02 1.622925e-02
3.790000e+02 3.315546e-02
3.800000e+02 6.335866e-02
3.810000e+02 3.431879e-02
3.820000e+02 4.852869e-02
3.830000e+02 2.195253e-02
3.840000e+02 2.594712e-02
3.850000e+02 1.813220e-02
3.860000e+02 6.075659e-03
3.870000e+02 1.337234e-02
3.880000e+02 6.040554e-02
3.890000e+02 5.556921e-03
3.900000e+02 5.937942e-03
3.910000e+02 3.590965e-03
3.920000e+02 8.506321e-03
3.930000e+02 1.782136e-02
3.940000e+02 2.544095e-03
3.950000e+02 1.141133e-02
3.960000e+02 1.400149e-02
3.970000e+02 2.250666e-03
3.980000e+02 1.856200e-03
3.990000e+02 6.815907e-02
4.000000e+02 1.457601e-01
4.010000e+02 2.220690e-01
4.020000e+02 5.619864e-01
4.030000e+02 3.773645e-01
4.040000e+02 1.670048e-03
4.050000e+02 1.743834e-03
4.060000e+02 3.929563e-03
4.070000e+02 6.157319e-03
4.080000e+02 5.372744e-03
4.090000e+02 7.124848e-03
4.100000e+02 1.392093e-02
4.110000e+02 6.862125e-02
4.120000e+02 1.923136e-02
4.130000e+02 1.125849e-02
4.140000e+02 1.608176e-02
4.150000e+02 1.906721e-02
4.160000e+02 1.987034e-01
4.170000e+02 5.900198e-02
4.180000e+02 2.428654e-02
4.190000e+02 9.741920e-03
4.200000e+02 9.557652e-03
4.210000e+02 6.147144e-03
4.220000e+02 2.478625e-02
4.230000e+02 1.161808e-02
4.240000e+02 2.045731e-03
4.250000e+02 1.929394e-03
4.260000e+02 1.366085e-03
4.270000e+02 8.965443e-04
4.280000e+02 2.911470e-02
4.290000e+02 4.808192e-02
4.300000e+02 9.269282e-02
4.310000e+02 1.882044e-01
4.320000e+02 5.118019e-02
4.330000e+02 1.101986e-01
4.340000e+02 4.608213e-02
4.350000e+02 2.162888e-01
4.360000e+02 2.642693e-01
4.370000e+02 2.055704e-01
4.380000e+02 3.868766e-03
4.390000e+02 1.215011e-02
4.400000e+02 7.713661e-03
4.410000e+02 2.749944e-02
4.420000e+02 4.104176e-03
4.430000e+02 2.390332e-02
4.440000e+02 2.709535e-02
4.450000e+02 6.397785e-03
4.460000e+02 4.781882e-03
4.470000e+02 1.055985e-02
4.480000e+02 1.570166e-02
4.490000e+02 7.036577e-04
4.500000e+02 9.614686e-04
4.510000e+02 3.572573e-03
4.520000e+02 1.092748e-02
4.530000e+02 7.338726e-03
4.540000e+02 4.485350e-03
4.550000e+02 2.659805e-03
4.560000e+02 1.248946e-03
4.570000e+02 9.503270e-04
4.580000e+02 1.740099e-03
4.590000e+02 6.035484e-03
4.600000e+02 3.684338e-02
4.610000e+02 1.108928e-02
4.620000e+02 6.325535e-03
4.630000e+02 5.622524e-03
4.640000e+02 6.575903e-03
4.650000e+02 9.599014e-01
4.660000e+02 7.026113e-01
4.670000e+02 6.065040e-02
4.680000e+02 1.524877e-03
4.690000e+02 6.238847e-04
4.700000e+02 1.008858e-01
4.710000e+02 8.469677e-03
4.720000e+02 5.551148e-04
4.730000e+02 3.276548e-04
4.740000e+02 6.743642e-04
4.750000e+02 6.680847e-04
4.760000e+02 1.569845e-03
4.770000e+02 4.765907e-04
4.780000e+02 4.784464e-04
4.790000e+02 2.149165e-03
4.800000e+02 2.057442e-02
4.810000e+02 7.738587e-02
4.820000e+02 5.065358e-02
4.830000e+02 1.061318e-01
4.840000e+02 6.753462e-02
4.850000e+02 2.271041e-03
4.860000e+02 1.499771e-03
4.870000e+02 1.187096e-02
4.880000e+02 1.147856e-02
4.890000e+02 3.473023e-02
4.900000e+02 1.585013e-02
4.910000e+02 1.815650e-02
4.920000e+02 2.338271e-02
4.930000e+02 5.668697e-03
4.940000e+02 1.354826e-02
4.950000e+02 2.664912e-03
4.960000e+02 4.817080e-03
4.970000e+02 7.943723e-04
4.980000e+02 2.266751e-03
4.990000e+02 1.104633e-01
5.000000e+02 1.340637e-02
5.010000e+02 4.865834e-03
5.020000e+02 7.104923e-04
5.030000e+02 1.244394e-03
5.040000e+02 1.906205e-04
5.050000e+02 3.508727e-04
5.060000e+02 2.803796e-03
5.070000e+02 1.641005e-02
5.080000e+02 1.231825e-01
5.090000e+02 2.296307e-02
5.100000e+02 5.421029e-03
5.110000e+02 1.328987e-03
5.120000e+02 5.589605e-04
5.130000e+02 6.587917e-04
5.140000e+02 4.988107e-04
5.150000e+02 2.238661e-03
5.160000e+02 1.583806e-03
5.170000e+02 7.938394e-04
5.180000e+02 3.224768e-03
5.190000e+02 4.636273e-03
5.200000e+02 3.329993e-02
5.210000e+02 3.489980e-02
5.220000e+02 7.650185e-03
5.230000e+02 1.282564e-03
5.240000e+02 8.284936e-05
5.250000e+02 2.268250e-02
5.260000e+02 5.215288e-02
5.270000e+02 2.454962e-03
5.280000e+02 3.411205e-04
5.290000e+02 1.590845e-03
5.300000e+02 1.742374e-03
5.310000e+02 1.301491e-03
5.320000e+02 1.478802e-03
5.330000e+02 9.797246e-04
5.340000e+02 5.745959e-04
5.350000e+02 2.056581e-04
5.360000e+02 2.049543e-03
5.370000e+02 6.040704e-03
5.380000e+02 2.351403e-02
5.390000e+02 2.348675e-02
5.400000e+02 1.712628e-02
5.410000e+02 3.239019e-02
5.420000e+02 3.572106e-02
5.430000e+02 1.330247e-02
5.440000e+02 6.834109e-02
5.450000e+02 1.603598e-03
5.460000e+02 5.395447e-03
5.470000e+02 6.414129e-04
5.480000e+02 9.324397e-05
5.490000e+02 5.492417e-04
5.500000e+02 1.230125e-02
5.510000e+02 1.413875e-02
5.520000e+02 5.702148e-03
5.530000e+02 1.909148e-01
5.540000e+02 7.136652e-01
5.550000e+02 1.023687e+00
5.560000e+02 2.178607e-04
5.570000e+02 1.613956e-04
5.580000e+02 2.629103e-01
5.590000e+02 7.062052e-02
5.600000e+02 1.080872e-02
5.610000e+02 4.098135e-02
5.620000e+02 1.992366e-01
5.630000e+02 2.874800e-01
5.640000e+02 3.541095e-03
5.650000e+02 1.871281e-02
5.660000e+02 8.527114e-04
5.670000e+02 9.685866e-04
5.680000e+02 4.032937e-02
5.690000e+02 9.499800e-02
5.700000e+02 6.199008e-02
5.710000e+02 1.023178e-02
5.720000e+02 5.218408e-02
5.730000e+02 1.400006e-01
5.740000e+02 3.260707e-02
5.750000e+02 4.684991e-03
5.760000e+02 5.457599e-04
5.770000e+02 2.579018e-04
5.780000e+02 3.289316e-04
5.790000e+02 2.064839e-04
5.800000e+02 1.684500e-03
5.810000e+02 1.135180e-02
5.820000e+02 7.413914e-04
5.830000e+02 7.524652e-03
5.840000e+02 5.483123e-02
5.850000e+02 7.997779e-02
5.860000e+02 5.541240e-02
5.870000e+02 2.477651e-04
5.880000e+02 7.682870e-05
5.890000e+02 4.830588e-04
5.900000e+02 2.277440e-04
5.910000e+02 1.698170e-04
5.920000e+02 3.545433e-04
5.930000e+02 1.323122e-03
5.940000e+02 3.392041e-03
5.950000e+02 1.189858e-03
5.960000e+02 2.024784e-03
5.970000e+02 1.658156e-02
5.980000e+02 1.208156e-02
5.990000e+02 3.952618e-02
6.000000e+02 1.213304e-01
6.010000e+02 9.621001e-04
6.020000e+02 1.980017e-03
6.030000e+02 8.052606e-04
6.040000e+02 1.674746e-03
6.050000e+02 2.408780e-03
6.060000e+02 3.238401e-04
6.070000e+02 5.070894e-04
6.080000e+02 1.276693e-01
6.090000e+02 3.774951e-01
6.100000e+02 2.946121e-01
6.110000e+02 2.577095e-03
6.120000e+02 1.361074e-03
6.130000e+02 2.720854e-04
6.140000e+02 1.333408e-04
6.150000e+02 1.137429e-04
6.160000e+02 6.421836e-03
6.170000e+02 2.009160e-02
6.180000e+02 2.285060e-04
6.190000e+02 1.256808e-04
6.200000e+02 1.372775e-03
6.210000e+02 2.656946e-03
6.220000e+02 3.130458e-03
6.230000e+02 8.542147e-04
6.240000e+02 2.462862e-02
6.250000e+02 1.354507e-01
6.260000e+02 1.283149e-01
6.270000e+02 1.212792e-03
6.280000e+02 1.003918e-03
6.290000e+02 3.631576e+00
6.300000e+02 1.680050e+00
6.310000e+02 1.976156e-03
6.320000e+02 1.654442e-04
6.330000e+02 3.103153e-04
6.340000e+02 4.803265e-04
6.350000e+02 8.835440e-04
6.360000e+02 2.065816e-03
6.370000e+02 4.340540e-03
6.380000e+02 2.311372e-03
6.390000e+02 6.017960e-03
6.400000e+02 5.296473e-03
6.410000e+02 2.441169e-03
6.420000e+02 8.105536e-04
6.430000e+02 1.652412e-04
6.440000e+02 3.347410e-03
6.450000e+02 3.788941e-03
6.460000e+02 1.700976e-04
6.470000e+02 5.407257e-05
6.480000e+02 3.442847e-04
6.490000e+02 8.534234e-04
6.500000e+02 1.433752e-03
6.510000e+02 1.823063e-03
6.520000e+02 2.188917e-03
6.530000e+02 1.455205e-03
6.540000e+02 8.945377e-04
6.550000e+02 1.337612e-03
6.560000e+02 1.105084e-03
6.570000e+02 1.357797e-02
6.580000e+02 1.640025e-02
6.590000e+02 4.276088e-03
6.600000e+02 7.254265e-03
6.610000e+02 2.912335e-02
6.620000e+02 3.040670e-02
6.630000e+02 1.111511e-02
6.640000e+02 6.050691e-04
6.650000e+02 8.934955e-04
6.660000e+02 7.095489e-04
6.670000e+02 1.475280e-04
6.680000e+02 8.917657e-05
6.690000e+02 5.383956e-04
6.700000e+02 9.344420e-04
6.710000e+02 1.288704e-03
6.720000e+02 1.075866e-03
6.730000e+02 1.165870e-03
6.740000e+02 1.327627e-03
6.750000e+02 1.571463e-03
6.760000e+02 1.902133e-03
6.770000e+02 2.377492e-03
6.780000e+02 3.170502e-03
6.790000e+02 4.543833e-03
6.800000e+02 7.228840e-03
6.810000e+02 1.439538e-02
6.820000e+02 1.685659e-02
6.830000e+02 4.251665e-03
6.840000e+02 6.710998e-03
6.850000e+02 2.928137e-02
6.860000e+02 5.069246e-02
6.870000e+02 9.578219e-03
6.880000e+02 4.172865e-03
6.890000e+02 3.112633e-03
6.900000e+02 5.097096e-03
6.910000e+02 5.896151e-03
6.920000e+02 2.654534e-03
6.930000e+02 1.879144e-03
6.940000e+02 8.012425e-03
6.950000e+02 3.403755e-03
6.960000e+02 9.993655e-03
6.970000e+02 1.970806e-02
6.980000e+02 1.656895e-03
6.990000e+02 1.550528e-02
7.000000e+02 1.801395e-02
7.010000e+02 1.124850e-03
7.020000e+02 9.562562e-02
7.030000e+02 1.205733e-01
7.040000e+02 1.256002e-01
7.050000e+02 1.101147e-04
7.060000e+02 1.994104e-02
7.070000e+02 2.594134e-02
7.080000e+02 3.037965e-03
7.090000e+02 8.784675e-04
7.100000e+02 2.033565e-03
7.110000e+02 4.852833e-03
7.120000e+02 6.645789e-03
7.130000e+02 9.441616e-03
7.140000e+02 1.054425e-02
7.150000e+02 1.433220e-04
7.160000e+02 1.017496e-03
7.170000e+02 6.038564e-03
7.180000e+02 2.001456e-02
7.190000e+02 4.492217e-03
7.200000e+02 5.717557e-03
7.210000e+02 1.365227e-02
7.220000e+02 1.505063e-03
7.230000e+02 1.361670e-03
7.240000e+02 2.062623e-03
7.250000e+02 1.826518e-03
7.260000e+02 8.285816e-04
7.270000e+02 5.868406e-04
7.280000e+02 3.100126e-03
7.290000e+02 3.138971e-03
7.300000e+02 2.470039e-03
7.310000e+02 2.194524e-04
7.320000e+02 2.933273e-04
7.330000e+02 3.680638e-04
7.340000e+02 4.862972e-04
7.350000e+02 3.629536e-04
7.360000e+02 3.331557e-04
7.370000e+02 3.216728e-04
7.380000e+02 4.892119e-04
7.390000e+02 4.687937e-04
7.400000e+02 4.167765e-04
7.410000e+02 9.673486e-04
7.420000e+02 5.757986e-04
7.430000e+02 9.537073e-05
7.440000e+02 6.165566e-03
7.450000e+02 3.353214e-03
7.460000e+02 3.951174e-04
7.470000e+02 9.019737e-04
7.480000e+02 6.666517e-03
7.490000e+02 1.248781e-02
7.500000e+02 3.321781e-02
7.510000e+02 1.626322e-02
7.520000e+02 6.107438e-04
7.530000e+02 6.706181e-03
7.540000e+02 3.338147e-03
7.550000e+02 1.226066e-04
7.560000e+02 6.314863e-04
7.570000e+02 4.384328e-04
7.580000e+02 2.394922e-04
7.590000e+02 2.418739e-01
7.600000e+02 3.886683e-01
7.610000e+02 5.536659e-01
7.620000e+02 1.711819e-01
7.630000e+02 9.330952e-02
7.640000e+02 1.836438e-02
7.650000e+02 1.982374e-01
7.660000e+02 1.402385e-01
7.670000e+02 3.804892e-05
7.680000e+02 8.642474e-05
7.690000e+02 9.825502e-02
7.700000e+02 3.326642e-01
7.710000e+02 9.430778e-02
7.720000e+02 1.509505e-02
7.730000e+02 5.711126e-03
7.740000e+02 1.228018e-02
7.750000e+02 1.397905e-02
7.760000e+02 3.079311e-03
7.770000e+02 1.514365e-03
7.780000e+02 7.571848e-04
7.790000e+02 2.319750e-02
7.800000e+02 8.683609e-02
7.810000e+02 1.610830e-01
7.820000e+02 2.340579e-02
7.830000e+02 5.708461e-03
7.840000e+02 6.351662e-04
7.850000e+02 5.445694e-04
7.860000e+02 1.287325e-01
7.870000e+02 6.343021e-01
7.880000e+02 2.362274e-01
7.890000e+02 4.129278e-02
7.900000e+02 7.281153e-01
7.910000e+02 3.821959e-01
7.920000e+02 2.414933e-04
7.930000e+02 2.209550e-04
7.940000e+02 1.916823e-04
7.950000e+02 1.314233e-04
7.960000e+02 3.520485e-03
7.970000e+02 4.265232e-03
7.980000e+02 3.294265e-04
7.990000e+02 5.749900e-04
8.000000e+02 7.898968e-04
8.010000e+02 4.104827e-03
8.020000e+02 3.364178e-03
8.030000e+02 1.429119e-03
8.040000e+02 1.547086e-03
8.050000e+02 2.185223e-03
8.060000e+02 6.460709e-03
8.070000e+02 3.633231e-03
8.080000e+02 9.339266e-04
8.090000e+02 4.604430e-03
8.100000e+02 3.795303e-03
8.110000e+02 6.393994e-04
8.120000e+02 9.060963e-04
8.130000e+02 1.043463e-03
8.140000e+02 1.041548e-03
8.150000e+02 3.123772e-03
8.160000e+02 6.128255e-03
8.170000e+02 2.784773e-03
8.180000e+02 1.658584e-03
8.190000e+02 6.143249e-04
8.200000e+02 1.948466e-03
8.210000e+02 3.235282e-03
8.220000e+02 3.209175e-03
8.230000e+02 2.615554e-03
8.240000e+02 5.917794e-04
8.250000e+02 4.243834e-04
8.260000e+02 3.027772e-04
8.270000e+02 1.032632e-03
8.280000e+02 1.103828e-03
8.290000e+02 1.144286e-03
8.300000e+02 1.292720e-03
8.310000e+02 1.383784e-03
8.320000e+02 4.857002e-02
8.330000e+02 8.413057e-02
8.340000e+02 1.636499e-01
8.350000e+02 1.690655e-01
8.360000e+02 1.722391e-01
8.370000e+02 1.227418e-02
8.380000e+02 4.402889e-03
8.390000e+02 1.249647e-03
8.400000e+02 1.207427e-03
8.410000e+02 1.180579e-03
8.420000e+02 6.599152e-04
8.430000e+02 8.783661e-04
8.440000e+02 1.656397e-03
8.450000e+02 2.118323e-03
8.460000e+02 2.478509e-03
8.470000e+02 1.483088e-03
8.480000e+02 1.564731e-03
8.490000e+02 2.614241e-03
8.500000e+02 2.329479e-03
8.510000e+02 2.023580e-03
8.520000e+02 3.501801e-03
8.530000e+02 4.156547e-03
8.540000e+02 7.011325e-03
8.550000e+02 4.702931e-03
8.560000e+02 8.019082e-04
8.570000e+02 9.284850e-03
8.580000e+02 1.362608e-02
8.590000e+02 2.778902e-02
8.600000e+02 2.296492e-02
8.610000e+02 4.248941e-03
8.620000e+02 2.687764e-03
8.630000e+02 1.189068e-03
8.640000e+02 1.264946e-03
8.650000e+02 1.227035e-03
8.660000e+02 2.830016e-04
8.670000e+02 1.851168e-03
8.680000e+02 5.066071e-03
8.690000e+02 2.390075e-03
8.700000e+02 5.576467e-04
8.710000e+02 2.106913e-03
8.720000e+02 2.336012e-03
8.730000e+02 2.083301e-03
8.740000e+02 1.664903e-03
8.750000e+02 9.514623e-04
8.760000e+02 1.317283e-03
8.770000e+02 1.540162e-03
8.780000e+02 1.829434e-03
8.790000e+02 1.768853e-03
8.800000e+02 9.612473e-04
8.810000e+02 8.279083e-04
8.820000e+02 5.862797e-04
8.830000e+02 5.043926e-04
8.840000e+02 4.482684e-04
8.850000e+02 3.807447e-04
8.860000e+02 3.881757e-04
8.870000e+02 7.390266e-04
8.880000e+02 7.216213e-04
8.890000e+02 6.780015e-04
8.900000e+02 7.891203e-04
8.910000e+02 8.963619e-04
8.920000e+02 1.281245e-03
8.930000e+02 1.424474e-03
8.940000e+02 4.099191e-02
8.950000e+02 3.651809e-02
8.960000e+02 3.960325e-04
8.970000e+02 1.073273e-03
8.980000e+02 2.238755e-03
8.990000e+02 2.427327e-03
9.000000e+02 2.567690e-03
9.010000e+02 1.551604e-03
9.020000e+02 1.257094e-03
9.030000e+02 2.728873e-02
9.040000e+02 2.383240e-02
9.050000e+02 3.316138e-03
9.060000e+02 2.869886e-03
9.070000e+02 2.077345e-03
9.080000e+02 1.429859e-03
9.090000e+02 8.957694e-04
9.100000e+02 1.424943e-03
9.110000e+02 1.618707e-03
9.120000e+02 2.114737e-03
9.130000e+02 2.044204e-03
9.140000e+02 8.340951e-04
9.150000e+02 2.241300e-03
9.160000e+02 6.196165e-03
9.170000e+02 3.707773e-03
9.180000e+02 4.368615e-04
9.190000e+02 5.728683e-04
9.200000e+02 6.643289e-04
9.210000e+02 1.928419e-02
9.220000e+02 2.516424e-02
9.230000e+02 6.854516e-02
9.240000e+02 6.713384e-02
9.250000e+02 3.240761e-04
9.260000e+02 2.970207e-04
9.270000e+02 2.035524e-04
9.280000e+02 3.583636e-04
9.290000e+02 6.196568e-04
9.300000e+02 5.511838e-04
9.310000e+02 4.869119e-04
9.320000e+02 3.773026e-02
9.330000e+02 5.727699e-02
9.340000e+02 1.222254e-02
9.350000e+02 3.897800e-04
9.360000e+02 3.659715e-04
9.370000e+02 3.757607e-04
9.380000e+02 5.846401e-04
9.390000e+02 5.093731e-04
9.400000e+02 1.629705e-04
9.410000e+02 1.957933e-04
9.420000e+02 2.723868e-04
9.430000e+02 1.349397e-02
9.440000e+02 3.192976e-02
9.450000e+02 1.502462e-02
9.460000e+02 1.228165e-04
9.470000e+02 3.127046e-04
9.480000e+02 4.188154e-04
9.490000e+02 5.857789e-01
9.500000e+02 7.832831e-01
9.510000e+02 1.174944e-01
9.520000e+02 8.362455e-05
9.530000e+02 1.025012e-04
9.540000e+02 1.440891e-04
9.550000e+02 1.035785e-03
9.560000e+02 9.302942e-04
9.570000e+02 2.529204e-04
9.580000e+02 2.537230e-04
9.590000e+02 2.565333e-04
9.600000e+02 2.927992e-04
9.610000e+02 3.751836e-04
9.620000e+02 7.745836e-04
9.630000e+02 1.411743e-03
9.640000e+02 7.954954e-04
9.650000e+02 7.528869e-05
9.660000e+02 6.927835e-04
9.670000e+02 1.233754e-03
9.680000e+02 8.889970e-04
9.690000e+02 6.601871e-04
9.700000e+02 6.225362e-04
9.710000e+02 6.035898e-04
9.720000e+02 1.344937e+00
9.730000e+02 1.853514e+00
9.740000e+02 4.046469e-01
9.750000e+02 5.485496e-04
9.760000e+02 3.443838e-01
9.770000e+02 4.126152e-01
9.780000e+02 4.856116e-02
9.790000e+02 3.300416e-04
9.800000e+02 1.734959e-03
9.810000e+02 1.844437e-03
9.820000e+02 1.810258e-04
9.830000e+02 1.303058e-04
9.840000e+02 7.589921e-04
9.850000e+02 7.603379e-04
9.860000e+02 7.939947e-04
9.870000e+02 8.124735e-04
9.880000e+02 1.067433e-03
9.890000e+02 2.886086e-03
9.900000e+02 2.067415e-02
9.910000e+02 2.271804e-02
9.920000e+02 3.860685e-02
9.930000e+02 3.388905e-02
9.940000e+02 2.655945e-03
9.950000e+02 3.037738e-03
9.960000e+02 5.297922e-03
9.970000e+02 8.271072e-03
9.980000e+02 2.462772e-02
9.990000e+02 2.084416e-02
1.000000e+03 8.506329e-04
1.001000e+03 7.576328e-04
1.002000e+03 2.709972e-04
1.003000e+03 2.453205e-04
1.004000e+03 1.082417e-04
1.005000e+03 1.844473e-03
1.006000e+03 1.160128e-02
1.007000e+03 9.979732e-03
1.008000e+03 4.804294e-05
1.009000e+03 8.187055e-04
1.010000e+03 6.183248e-03
1.011000e+03 5.607191e-03
1.012000e+03 7.912318e-04
1.013000e+03 7.646050e-04
1.014000e+03 4.742892e-04
1.015000e+03 5.924449e-04
1.016000e+03 2.542363e-03
1.017000e+03 2.485582e-03
1.018000e+03 3.744102e-04
1.019000e+03 3.744102e-04
1.020000e+03 2.858010e-03
1.021000e+03 2.880035e-03
1.022000e+03 2.450316e-04
1.023000e+03 1.129454e-04
1.024000e+03 4.690686e-04
1.025000e+03 5.046151e-04
1.026000e+03 8.644007e+00
1.027000e+03 1.002620e+01
1.028000e+03 1.896162e+00
1.029000e+03 5.911976e-04
1.030000e+03 2.955987e-04
1.031000e+03 1.999925e-04
1.032000e+03 7.661139e-01
1.033000e+03 1.100374e+00
1.034000e+03 4.043582e-01
1.035000e+03 1.422598e-04
1.036000e+03 3.234126e-01
1.037000e+03 5.724041e-01
1.038000e+03 2.902694e-01
1.039000e+03 1.651040e-04
1.040000e+03 3.397311e-04
1.041000e+03 5.838664e-04
1.042000e+03 3.978621e-04
1.043000e+03 3.159932e-05
1.044000e+03 3.435559e-04
1.045000e+03 1.267537e-03
1.046000e+03 1.114034e-03
1.047000e+03 3.304268e-04
1.048000e+03 4.761794e-04
1.049000e+03 2.383551e-03
1.050000e+03 2.383551e-03
1.051000e+03 6.067477e-04
1.052000e+03 5.594136e-04
1.053000e+03 2.483974e-04
1.054000e+03 2.032216e-04
1.055000e+03 1.890374e-04
1.056000e+03 1.847538e-04
1.057000e+03 1.804648e-04
1.058000e+03 1.782423e-04
1.059000e+03 1.577263e-04
1.060000e+03 1.406012e-04
1.061000e+03 5.181799e-03
1.062000e+03 1.194325e-02
1.063000e+03 8.608209e-03
1.064000e+03 1.005545e-03
1.065000e+03 1.465411e-03
1.066000e+03 0.000000e+00
1.067000e+03 8.975201e-03
1.068000e+03 0.000000e+00
1.069000e+03 0.000000e+00
1.070000e+03 0.000000e+00
1.071000e+03 0.000000e+00
1.072000e+03 0.000000e+00
1.073000e+03 0.000000e+00
1.074000e+03 0.000000e+00
1.075000e+03 6.569963e-03
1.076000e+03 0.000000e+00
1.077000e+03 0.000000e+00
1.078000e+03 0.000000e+00
1.079000e+03 3.185325e-02
1.080000e+03 0.000000e+00
1.081000e+03 0.000000e+00
1.082000e+03 9.463771e-04
1.083000e+03 0.000000e+00
1.084000e+03 6.297612e-02
1.085000e+03 3.467726e-02
1.086000e+03 0.000000e+00
1.087000e+03 0.000000e+00
1.088000e+03 0.000000e+00
1.089000e+03 0.000000e+00
1.090000e+03 1.159705e-02
1.091000e+03 3.232977e-03
1.092000e+03 0.000000e+00
1.093000e+03 4.267171e-03
1.094000e+03 1.404508e-02
1.095000e+03 0.000000e+00
1.096000e+03 6.988946e-03
1.097000e+03 0.000000e+00
1.098000e+03 6.823650e-03
1.099000e+03 9.327141e-03
1.100000e+03 4.196513e-03
1.101000e+03 1.095325e-02
1.102000e+03 5.997410e-03
1.103000e+03 6.235948e-03
1.104000e+03 7.212269e-03
1.105000e+03 5.093157e-03
1.106000e+03 7.418551e-03
1.107000e+03 5.602116e-03
1.108000e+03 7.450919e-03
1.109000e+03 8.521953e-03
1.110000e+03 1.032401e-02
1.111000e+03 8.550769e-03
1.112000e+03 9.946890e-03
1.113000e+03 1.275445e-02
1.114000e+03 6.897947e-03
1.115000e+03 7.759945e-03
1.116000e+03 6.716824e-03
1.117000e+03 1.349184e-02
1.118000e+03 2.415774e-02
1.119000e+03 2.986465e-02
1.120000e+03 7.622569e-03
1.121000e+03 9.249092e-03
1.122000e+03 1.317338e-02
1.123000e+03 8.824128e-03
1.124000e+03 8.914442e-03
1.125000e+03 9.809273e-03
1.126000e+03 7.896953e-03
1.127000e+03 8.450395e-03
1.128000e+03 1.432451e-02
1.129000e+03 8.622580e-03
1.130000e+03 1.015723e-02
1.131000e+03 9.908440e-03
1.132000e+03 8.080450e-03
1.133000e+03 9.647602e-03
1.134000e+03 8.074818e-03
1.135000e+03 9.513637e-03
1.136000e+03 9.216602e-03
1.137000e+03 5.210359e-03
1.138000e+03 6.211700e-03
1.139000e+03 7.427485e-03
1.140000e+03 6.053767e-03
1.141000e+03 4.067367e-03
1.142000e+03 4.572353e-03
1.143000e+03 3.497664e-03
1.144000e+03 3.368064e-03
1.145000e+03 1.175482e-02
1.146000e+03 4.800563e-03
1.147000e+03 4.270699e-03
1.148000e+03 4.627423e-03
1.149000e+03 2.477128e-03
1.150000e+03 3.694828e-03
1.151000e+03 4.333877e-03
1.152000e+03 5.511064e-03
1.153000e+03 4.553011e-03
1.154000e+03 4.117287e-03
1.155000e+03 3.968146e-03
1.156000e+03 6.123001e-03
1.157000e+03 5.045915e-03
1.158000e+03 7.486733e-03
1.159000e+03 5.822022e-03
1.160000e+03 4.759842e-03
1.161000e+03 5.562791e-03
1.162000e+03 5.874810e-03
1.163000e+03 4.096135e-02
1.164000e+03 7.538439e-03
1.165000e+03 4.009176e-03
1.166000e+03 3.885479e-03
1.167000e+03 5.216935e-03
1.168000e+03 5.496061e-03
1.169000e+03 7.061617e-03
1.170000e+03 3.448620e-03
1.171000e+03 5.035378e-03
1.172000e+03 4.738230e-03
1.173000e+03 4.076259e-03
1.174000e+03 4.014201e-02
1.175000e+03 1.900705e-01
1.176000e+03 6.295010e-02
1.177000e+03 4.390155e-03
1.178000e+03 5.105745e-03
1.179000e+03 5.758550e-03
1.180000e+03 4.730139e-03
1.181000e+03 4.961315e-03
1.182000e+03 5.884864e-03
1.183000e+03 4.978760e-03
1.184000e+03 4.804060e-03
1.185000e+03 5.189512e-03
1.186000e+03 4.301730e-03
1.187000e+03 4.615753e-03
1.188000e+03 6.442094e-03
1.189000e+03 1.044699e-02
1.190000e+03 9.403251e-03
1.191000e+03 7.002691e-03
1.192000e+03 5.935341e-03
1.193000e+03 1.086621e-02
1.194000e+03 1.042213e-02
1.195000e+03 5.948084e-03
1.196000e+03 5.579789e-03
1.197000e+03 8.367851e-03
1.198000e+03 6.336568e-03
1.199000e+03 1.307057e-02
1.200000e+03 1.769863e-02
1.201000e+03 1.186682e-02
1.202000e+03 9.690005e-03
1.203000e+03 7.771190e-03
1.204000e+03 1.141944e-02
1.205000e+03 1.103994e-02
1.206000e+03 2.164733e-01
1.207000e+03 1.146746e-02
1.208000e+03 3.247528e-02
1.209000e+03 4.882083e-04
1.210000e+03 1.763386e-02
1.211000e+03 7.212394e-02
1.212000e+03 6.451894e-02
1.213000e+03 1.731757e-01
1.214000e+03 8.287181e-01
1.215000e+03 5.482903e+01
1.216000e+03 6.129143e+00
1.217000e+03 2.912986e-01
1.218000e+03 1.065552e-01
1.219000e+03 1.847377e-02
1.220000e+03 1.028172e-01
1.221000e+03 0.000000e+00
1.222000e+03 1.885340e-02
1.223000e+03 1.754852e-02
1.224000e+03 1.466533e-02
1.225000e+03 1.182479e-02
1.226000e+03 1.145771e-02
1.227000e+03 1.169155e-02
1.228000e+03 1.224107e-02
1.229000e+03 8.817101e-03
1.230000e+03 9.253965e-03
1.231000e+03 7.887751e-03
1.232000e+03 8.142166e-03
1.233000e+03 7.037256e-03
1.234000e+03 7.464499e-03
1.235000e+03 4.991130e-03
1.236000e+03 6.017877e-03
1.237000e+03 7.400166e-03
1.238000e+03 1.567745e-01
1.239000e+03 1.490921e-02
1.240000e+03 9.167041e-03
1.241000e+03 9.550721e-03
1.242000e+03 8.294658e-02
1.243000e+03 9.157385e-03
1.244000e+03 4.943774e-03
1.245000e+03 6.390325e-03
1.246000e+03 5.346245e-03
1.247000e+03 1.015897e-02
1.248000e+03 9.627428e-03
1.249000e+03 5.609250e-03
1.250000e+03 6.803481e-03
1.251000e+03 6.530112e-03
1.252000e+03 5.861281e-03
1.253000e+03 8.648874e-03
1.254000e+03 1.031021e-02
1.255000e+03 4.136551e-03
1.256000e+03 1.884750e-02
1.257000e+03 1.131571e-02
1.258000e+03 5.933225e-03
1.259000e+03 9.095875e-03
1.260000e+03 1.311764e-02
1.261000e+03 7.156293e-03
1.262000e+03 3.984456e-03
1.263000e+03 3.856900e-03
1.264000e+03 1.545890e-02
1.265000e+03 6.672532e-03
1.266000e+03 6.887459e-03
1.267000e+03 4.613702e-03
1.268000e+03 5.929566e-03
1.269000e+03 3.774944e-03
1.270000e+03 5.102460e-03
1.271000e+03 5.337008e-03
1.272000e+03 2.168168e-03
1.273000e+03 1.760770e-03
1.274000e+03 5.680810e-03
1.275000e+03 2.378315e-03
1.276000e+03 4.343631e-03
1.277000e+03 9.993723e-03
1.278000e+03 1.516351e-03
1.279000e+03 5.081386e-03
1.280000e+03 6.998656e-03
1.281000e+03 3.017403e-03
1.282000e+03 2.850364e-03
1.283000e+03 2.279303e-03
1.284000e+03 2.988307e-03
1.285000e+03 3.972879e-03
1.286000e+03 3.336492e-03
1.287000e+03 3.523363e-03
1.288000e+03 8.312666e-03
1.289000e+03 3.342488e-03
1.290000e+03 3.189689e-03
1.291000e+03 5.099161e-03
1.292000e+03 2.701034e-03
1.293000e+03 5.747196e-03
1.294000e+03 8.488858e-03
1.295000e+03 3.818807e-03
1.296000e+03 6.452573e-03
1.297000e+03 3.374814e-03
1.298000e+03 1.260150e-02
1.299000e+03 6.271507e-03
1.300000e+03 4.573017e-03
1.301000e+03 1.169614e-02
1.302000e+03 1.109489e-02
1.303000e+03 1.003616e-02
1.304000e+03 1.462835e-02
1.305000e+03 1.679803e-02
1.306000e+03 1.222831e-02
1.307000e+03 6.058006e-03
1.308000e+03 5.559469e-03
1.309000e+03 2.991231e-03
1.310000e+03 5.824219e-03
1.311000e+03 7.882268e-03
1.312000e+03 6.084983e-03
1.313000e+03 5.778279e-03
1.314000e+03 4.419676e-03
1.315000e+03 4.570852e-03
1.316000e+03 5.924865e-03
1.317000e+03 4.174360e-03
1.318000e+03 4.917782e-03
1.319000e+03 6.304465e-03
1.320000e+03 3.753323e-03
1.321000e+03 4.598347e-03
1.322000e+03 4.993657e-03
1.323000e+03 6.503418e-03
1.324000e+03 4.852545e-03
1.325000e+03 4.713675e-03
1.326000e+03 4.210162e-03
1.327000e+03 6.314020e-03
1.328000e+03 6.428574e-03
1.329000e+03 1.147877e-02
1.330000e+03 5.503915e-03
1.331000e+03 4.516560e-03
1.332000e+03 3.801670e-03
1.333000e+03 6.545480e-03
1.334000e+03 1.484240e-01
1.335000e+03 2.504824e-01
1.336000e+03 1.080174e-02
1.337000e+03 6.422864e-03
1.338000e+03 6.611784e-03
1.339000e+03 4.794175e-03
1.340000e+03 3.859349e-03
1.341000e+03 5.079519e-03
1.342000e+03 6.249558e-03
1.343000e+03 5.324193e-03
1.344000e+03 5.900724e-03
1.345000e+03 5.554477e-03
1.346000e+03 6.304316e-03
1.347000e+03 6.294185e-03
1.348000e+03 4.373579e-03
1.349000e+03 6.460036e-03
1.350000e+03 4.943110e-03
1.351000e+03 7.397695e-03
1.352000e+03 5.494998e-03
1.353000e+03 1.457308e-02
1.354000e+03 2.327717e-03
1.355000e+03 1.421717e-03
1.356000e+03 6.824210e-03
1.357000e+03 7.463505e-03
1.358000e+03 6.683539e-03
1.359000e+03 7.107548e-03
1.360000e+03 3.551974e-03
1.361000e+03 6.507426e-03
1.362000e+03 3.903618e-04
1.363000e+03 1.298520e-03
1.364000e+03 8.512265e-04
1.365000e+03 2.726691e-04
1.366000e+03 1.265738e-03
1.367000e+03 2.661166e-04
1.368000e+03 2.417216e-03
1.369000e+03 0.000000e+00
1.370000e+03 3.593474e-03
1.371000e+03 5.364213e-03
1.372000e+03 4.068028e-03
1.373000e+03 6.800185e-04
1.374000e+03 3.296701e-03
1.375000e+03 2.195610e-03
1.376000e+03 2.137246e-03
1.377000e+03 8.691352e-04
1.378000e+03 1.478581e-03
1.379000e+03 6.793613e-04
1.380000e+03 1.983850e-03
1.381000e+03 6.949563e-04
1.382000e+03 7.291612e-04
1.383000e+03 2.063342e-03
1.384000e+03 1.863999e-03
1.385000e+03 1.476994e-03
1.386000e+03 3.193695e-04
1.387000e+03 1.365853e-03
1.388000e+03 2.272647e-03
1.389000e+03 7.338929e-04
1.390000e+03 1.256763e-03
1.391000e+03 6.232163e-03
1.392000e+03 1.248094e-02
1.393000e+03 2.713698e-02
1.394000e+03 2.497691e-02
1.395000e+03 1.106170e-02
1.396000e+03 4.519890e-03
1.397000e+03 3.014102e-03
1.398000e+03 2.326986e-03
1.399000e+03 3.870068e-03
1.400000e+03 7.335344e-03
1.401000e+03 1.250641e-02
1.402000e+03 1.938252e-02
1.403000e+03 1.745587e-02
1.404000e+03 4.944523e-03
1.405000e+03 3.818337e-03
1.406000e+03 2.799122e-03
1.407000e+03 2.429367e-03
1.408000e+03 2.388616e-03
1.409000e+03 9.923754e-04
1.410000e+03 1.481434e-03
1.411000e+03 9.468369e-04
1.412000e+03 1.019892e-03
1.413000e+03 9.638027e-04
1.414000e+03 1.383812e-03
1.415000e+03 6.266644e-04
1.416000e+03 5.933076e-04
1.417000e+03 1.556787e-03
1.418000e+03 1.078946e-03
1.419000e+03 4.143109e-04
1.420000e+03 1.961359e-04
1.421000e+03 9.210769e-04
1.422000e+03 1.090461e-03
1.423000e+03 7.410522e-04
1.424000e+03 1.641432e-03
1.425000e+03 6.048890e-04
1.426000e+03 1.124331e-03
1.427000e+03 1.297464e-03
1.428000e+03 1.146275e-03
1.429000e+03 1.972269e-03
1.430000e+03 2.905036e-03
1.431000e+03 3.608827e-03
1.432000e+03 3.163460e-03
1.433000e+03 3.027131e-03
1.434000e+03 2.433405e-03
1.435000e+03 2.254787e-03
1.436000e+03 1.233360e-03
1.437000e+03 4.184077e-04
1.438000e+03 8.346835e-05
1.439000e+03 0.000000e+00
1.440000e+03 7.530630e-04
1.441000e+03 9.259430e-04
1.442000e+03 2.234374e-03
1.443000e+03 3.113349e-03
1.444000e+03 2.504048e-03
1.445000e+03 2.548921e-03
1.446000e+03 3.653399e-03
1.447000e+03 2.610057e-03
1.448000e+03 8.938953e-04
1.449000e+03 2.182998e-03
1.450000e+03 2.988998e-04
1.451000e+03 1.048920e-03
1.452000e+03 2.393163e-03
1.453000e+03 1.271518e-03
1.454000e+03 1.429412e-03
1.455000e+03 1.039323e-03
1.456000e+03 2.268413e-03
1.457000e+03 1.494239e-03
1.458000e+03 9.217089e-04
1.459000e+03 1.890334e-03
1.460000e+03 1.638231e-03
1.461000e+03 1.714136e-03
1.462000e+03 2.143556e-03
1.463000e+03 3.246551e-03
1.464000e+03 3.406516e-03
1.465000e+03 3.028149e-03
1.466000e+03 4.013497e-03
1.467000e+03 4.940877e-03
1.468000e+03 2.279353e-03
1.469000e+03 1.876274e-03
1.470000e+03 1.225264e-04
1.471000e+03 1.323389e-03
1.472000e+03 3.093478e-03
1.473000e+03 4.554255e-03
1.474000e+03 2.298089e-03
1.475000e+03 2.968856e-03
1.476000e+03 3.626041e-03
1.477000e+03 5.315096e-04
1.478000e+03 1.452724e-04
1.479000e+03 1.425320e-03
1.480000e+03 1.816187e-03
1.481000e+03 1.612608e-03
1.482000e+03 2.043033e-03
1.483000e+03 2.976515e-03
1.484000e+03 3.206432e-03
1.485000e+03 2.234132e-03
1.486000e+03 1.127959e-03
1.487000e+03 1.374330e-03
1.488000e+03 3.472785e-03
1.489000e+03 4.459550e-03
1.490000e+03 2.229976e-03
1.491000e+03 1.222222e-03
1.492000e+03 2.564397e-03
1.493000e+03 2.311905e-03
1.494000e+03 1.670471e-03
1.495000e+03 2.341237e-03
1.496000e+03 6.699910e-04
1.497000e+03 1.227598e-03
1.498000e+03 9.767629e-04
1.499000e+03 2.341450e-03
1.500000e+03 4.137368e-03
1.501000e+03 4.827093e-03
1.502000e+03 2.273279e-03
1.503000e+03 2.557219e-03
1.504000e+03 3.338477e-03
1.505000e+03 4.695738e-03
1.506000e+03 1.185104e-03
1.507000e+03 1.257540e-03
1.508000e+03 0.000000e+00
1.509000e+03 8.716587e-04
1.510000e+03 1.354169e-03
1.511000e+03 1.907109e-03
1.512000e+03 2.777535e-03
1.513000e+03 1.290205e-03
1.514000e+03 6.587935e-04
1.515000e+03 2.257761e-04
1.516000e+03 9.164302e-04
1.517000e+03 5.282842e-06
1.518000e+03 1.810501e-03
1.519000e+03 2.316794e-03
1.520000e+03 1.049470e-03
1.521000e+03 2.336973e-03
1.522000e+03 2.773715e-03
1.523000e+03 1.055688e-03
1.524000e+03 3.863777e-03
1.525000e+03 5.485959e-03
1.526000e+03 7.067323e-03
1.527000e+03 2.076147e-03
1.528000e+03 3.962447e-03
1.529000e+03 2.606909e-03
1.530000e+03 7.019550e-04
1.531000e+03 0.000000e+00
1.532000e+03 2.855237e-03
1.533000e+03 2.585895e-03
1.534000e+03 2.731886e-03
1.535000e+03 2.375378e-03
1.536000e+03 2.539240e-03
1.537000e+03 1.575749e-03
1.538000e+03 2.799471e-03
1.539000e+03 2.390780e-03
1.540000e+03 0.000000e+00
1.541000e+03 0.000000e+00
1.542000e+03 1.976731e-03
1.543000e+03 3.559248e-03
1.544000e+03 3.311825e-03
1.545000e+03 8.048238e-03
1.546000e+03 3.158842e-02
1.547000e+03 1.149619e-01
1.548000e+03 1.771924e-01
1.549000e+03 9.158217e-02
1.550000e+03 9.729247e-02
1.551000e+03 5.909550e-02
1.552000e+03 2.029020e-02
1.553000e+03 6.332451e-03
1.554000e+03 2.046602e-03
1.555000e+03 2.801059e-03
1.556000e+03 5.293967e-03
1.557000e+03 2.572515e-03
1.558000e+03 8.050426e-04
1.559000e+03 6.480759e-03
1.560000e+03 1.338936e-02
1.561000e+03 1.592856e-02
1.562000e+03 9.965266e-03
1.563000e+03 4.833132e-03
1.564000e+03 2.856172e-04
1.565000e+03 2.061140e-03
1.566000e+03 3.669248e-03
1.567000e+03 1.723842e-03
1.568000e+03 2.394552e-03
1.569000e+03 2.844984e-03
1.570000e+03 2.476241e-04
1.571000e+03 2.952425e-03
1.572000e+03 3.065787e-03
1.573000e+03 1.098316e-03
1.574000e+03 4.354121e-03
1.575000e+03 6.479243e-04
1.576000e+03 1.726545e-03
1.577000e+03 8.726692e-04
1.578000e+03 2.726304e-03
1.579000e+03 3.073822e-03
1.580000e+03 4.814763e-04
1.581000e+03 2.982067e-03
1.582000e+03 3.382773e-03
1.583000e+03 2.553437e-03
1.584000e+03 1.107822e-03
1.585000e+03 2.836034e-03
1.586000e+03 1.347954e-03
1.587000e+03 2.422649e-03
1.588000e+03 2.864494e-03
1.589000e+03 2.197169e-03
1.590000e+03 0.000000e+00
1.591000e+03 0.000000e+00
1.592000e+03 2.495431e-03
1.593000e+03 2.037219e-03
1.594000e+03 3.501070e-03
1.595000e+03 1.209044e-03
1.596000e+03 0.000000e+00
1.597000e+03 4.879707e-05
1.598000e+03 3.124192e-03
1.599000e+03 4.538936e-03
1.600000e+03 6.372034e-03
1.601000e+03 3.451688e-03
1.602000e+03 3.700107e-03
1.603000e+03 5.752165e-03
1.604000e+03 4.747492e-03
1.605000e+03 7.710506e-03
1.606000e+03 2.975418e-03
1.607000e+03 6.782905e-03
1.608000e+03 1.515685e-03
1.609000e+03 1.244769e-03
1.610000e+03 5.077967e-03
1.611000e+03 1.291745e-04
1.612000e+03 1.342613e-03
1.613000e+03 5.582346e-03
1.614000e+03 1.461940e-04
1.615000e+03 8.579763e-04
1.616000e+03 0.000000e+00
1.617000e+03 3.541313e-04
1.618000e+03 2.258507e-03
1.619000e+03 0.000000e+00
1.620000e+03 0.000000e+00
1.621000e+03 3.426361e-04
1.622000e+03 4.215057e-03
1.623000e+03 4.169946e-03
1.624000e+03 2.189454e-03
1.625000e+03 2.119569e-03
1.626000e+03 2.220921e-03
1.627000e+03 0.000000e+00
1.628000e+03 1.058505e-03
1.629000e+03 0.000000e+00
1.630000e+03 0.000000e+00
1.631000e+03 0.000000e+00
1.632000e+03 0.000000e+00
1.633000e+03 0.000000e+00
1.634000e+03 0.000000e+00
1.635000e+03 4.747685e-04
1.636000e+03 2.475366e-03
1.637000e+03 0.000000e+00
1.638000e+03 1.268196e-02
1.639000e+03 5.718237e-02
1.640000e+03 1.400056e-01
1.641000e+03 5.632795e-02
1.642000e+03 1.521607e-02
1.643000e+03 2.693007e-03
1.644000e+03 0.000000e+00
1.645000e+03 3.377243e-03
1.646000e+03 3.695165e-05
1.647000e+03 0.000000e+00
1.648000e+03 0.000000e+00
1.649000e+03 0.000000e+00
1.650000e+03 0.000000e+00
1.651000e+03 0.000000e+00
1.652000e+03 0.000000e+00
1.653000e+03 2.130820e-03
1.654000e+03 0.000000e+00
1.655000e+03 8.154411e-03
1.656000e+03 2.288316e-02
1.657000e+03 3.446725e-02
1.658000e+03 1.651628e-02
1.659000e+03 4.183144e-03
1.660000e+03 0.000000e+00
1.661000e+03 0.000000e+00
1.662000e+03 0.000000e+00
1.663000e+03 0.000000e+00
1.664000e+03 0.000000e+00
1.665000e+03 0.000000e+00
1.666000e+03 0.000000e+00
1.667000e+03 0.000000e+00
1.668000e+03 7.259089e-03
1.669000e+03 3.732398e-02
1.670000e+03 1.111762e-01
1.671000e+03 5.936322e-02
1.672000e+03 1.779585e-02
1.673000e+03 1.658427e-03
1.674000e+03 0.000000e+00
1.675000e+03 0.000000e+00
1.676000e+03 0.000000e+00
1.677000e+03 0.000000e+00
1.678000e+03 0.000000e+00
1.679000e+03 0.000000e+00
1.680000e+03 0.000000e+00
1.681000e+03 0.000000e+00
1.682000e+03 0.000000e+00
1.683000e+03 0.000000e+00
1.684000e+03 0.000000e+00
1.685000e+03 0.000000e+00
1.686000e+03 0.000000e+00
1.687000e+03 0.000000e+00
1.688000e+03 0.000000e+00
1.689000e+03 0.000000e+00
1.690000e+03 0.000000e+00
1.691000e+03 0.000000e+00
1.692000e+03 0.000000e+00
1.693000e+03 0.000000e+00
1.694000e+03 0.000000e+00
1.695000e+03 0.000000e+00
1.696000e+03 0.000000e+00
1.697000e+03 0.000000e+00
1.698000e+03 0.000000e+00
1.699000e+03 0.000000e+00
1.700000e+03 0.000000e+00
1.701000e+03 0.000000e+00
1.702000e+03 0.000000e+00
1.703000e+03 0.000000e+00
1.704000e+03 0.000000e+00
1.705000e+03 0.000000e+00
1.706000e+03 0.000000e+00
1.707000e+03 0.000000e+00
1.708000e+03 0.000000e+00
1.709000e+03 0.000000e+00
1.710000e+03 0.000000e+00
1.711000e+03 0.000000e+00
1.712000e+03 0.000000e+00
1.713000e+03 7.891498e-04
1.714000e+03 8.818941e-04
1.715000e+03 2.862582e-03
1.716000e+03 4.803582e-03
1.717000e+03 4.086097e-02
1.718000e+03 1.849149e-02
1.719000e+03 4.077003e-03
1.720000e+03 0.000000e+00
1.721000e+03 7.691531e-03
1.722000e+03 1.732341e-02
1.723000e+03 0.000000e+00
1.724000e+03 0.000000e+00
1.725000e+03 0.000000e+00
1.726000e+03 2.361940e-02
1.727000e+03 1.855919e-02
1.728000e+03 1.358622e-02
1.729000e+03 4.114201e-02
1.730000e+03 6.737735e-03
1.731000e+03 0.000000e+00
1.732000e+03 0.000000e+00
1.733000e+03 0.000000e+00
1.734000e+03 2.014172e-02
1.735000e+03 1.266096e-02
1.736000e+03 1.281647e-02
1.737000e+03 2.009593e-02
1.738000e+03 2.752496e-02
1.739000e+03 2.948062e-02
1.740000e+03 2.160460e-02
1.741000e+03 1.737281e-03
1.742000e+03 0.000000e+00
1.743000e+03 0.000000e+00
1.744000e+03 0.000000e+00
1.745000e+03 0.000000e+00
1.746000e+03 0.000000e+00
1.747000e+03 0.000000e+00
1.748000e+03 4.801668e-04
1.749000e+03 3.168005e-02
1.750000e+03 2.516352e-02
1.751000e+03 3.535927e-03
1.752000e+03 0.000000e+00
1.753000e+03 0.000000e+00
1.754000e+03 0.000000e+00
1.755000e+03 0.000000e+00
1.756000e+03 0.000000e+00
1.757000e+03 5.626632e-03
1.758000e+03 4.647097e-02
1.759000e+03 6.807098e-02
1.760000e+03 2.571980e-03
1.761000e+03 0.000000e+00
1.762000e+03 0.000000e+00
1.763000e+03 6.299357e-03
1.764000e+03 5.222552e-03
1.765000e+03 2.895977e-03
1.766000e+03 4.904131e-03
1.767000e+03 0.000000e+00
1.768000e+03 0.000000e+00
1.769000e+03 0.000000e+00
1.770000e+03 0.000000e+00
1.771000e+03 3.098173e-02
1.772000e+03 2.031761e-02
1.773000e+03 1.229976e-02
1.774000e+03 0.000000e+00
1.775000e+03 6.275563e-03
1.776000e+03 1.708735e-02
1.777000e+03 5.568048e-02
1.778000e+03 4.068693e-02
1.779000e+03 2.718978e-02
1.780000e+03 5.824470e-02
1.781000e+03 5.553502e-02
1.782000e+03 5.127126e-02
1.783000e+03 0.000000e+00
1.784000e+03 0.000000e+00
1.785000e+03 0.000000e+00
1.786000e+03 2.423632e-03
1.787000e+03 0.000000e+00
1.788000e+03 0.000000e+00
1.789000e+03 0.000000e+00
1.790000e+03 0.000000e+00
1.791000e+03 9.725212e-03
1.792000e+03 1.325470e-02
1.793000e+03 1.920269e-02
1.794000e+03 6.511008e-02
1.795000e+03 2.842519e-02
1.796000e+03 0.000000e+00
1.797000e+03 0.000000e+00
1.798000e+03 0.000000e+00
1.799000e+03 0.000000e+00
1.800000e+03 2.655969e-02
1.801000e+03 1.441513e-02
1.802000e+03 0.000000e+00
1.803000e+03 0.000000e+00
1.804000e+03 0.000000e+00
1.805000e+03 1.619858e-02
1.806000e+03 0.000000e+00
1.807000e+03 0.000000e+00
1.808000e+03 9.213269e-03
1.809000e+03 2.902704e-03
1.810000e+03 3.847733e-04
1.811000e+03 1.474776e-02
1.812000e+03 1.250777e-02
1.813000e+03 1.056392e-02
1.814000e+03 0.000000e+00
1.815000e+03 0.000000e+00
1.816000e+03 4.595336e-03
1.817000e+03 0.000000e+00
1.818000e+03 3.216467e-03
1.819000e+03 1.054460e-02
1.820000e+03 0.000000e+00
1.821000e+03 0.000000e+00
1.822000e+03 7.238185e-03
1.823000e+03 6.987845e-03
1.824000e+03 1.273175e-02
1.825000e+03 4.046497e-02
1.826000e+03 2.344451e-02
1.827000e+03 1.424666e-02
1.828000e+03 2.358173e-02
1.829000e+03 4.092777e-03
1.830000e+03 0.000000e+00
1.831000e+03 3.426834e-02
1.832000e+03 2.941785e-02
1.833000e+03 2.303341e-02
1.834000e+03 1.046458e-02
1.835000e+03 7.026410e-04
1.836000e+03 0.000000e+00
1.837000e+03 0.000000e+00
1.838000e+03 0.000000e+00
1.839000e+03 9.274440e-03
1.840000e+03 2.638087e-02
1.841000e+03 2.459073e-02
1.842000e+03 0.000000e+00
1.843000e+03 1.755150e-03
1.844000e+03 1.206056e-02
1.845000e+03 1.935861e-02
1.846000e+03 0.000000e+00
1.847000e+03 0.000000e+00
1.848000e+03 1.271010e-02
1.849000e+03 4.464483e-03
1.850000e+03 0.000000e+00
1.851000e+03 0.000000e+00
1.852000e+03 0.000000e+00
1.853000e+03 0.000000e+00
1.854000e+03 1.679208e-03
1.855000e+03 3.233982e-03
1.856000e+03 3.369762e-03
1.857000e+03 0.000000e+00
1.858000e+03 0.000000e+00
1.859000e+03 0.000000e+00
1.860000e+03 1.130543e-02
1.861000e+03 1.892423e-02
1.862000e+03 0.000000e+00
1.863000e+03 0.000000e+00
1.864000e+03 0.000000e+00
1.865000e+03 0.000000e+00
1.866000e+03 0.000000e+00
1.867000e+03 1.208902e-02
1.868000e+03 0.000000e+00
1.869000e+03 0.000000e+00
1.870000e+03 0.000000e+00
1.871000e+03 2.073700e-02
1.872000e+03 2.748840e-02
1.873000e+03 1.953052e-02
1.874000e+03 3.054452e-03
1.875000e+03 2.584640e-03
1.876000e+03 2.979950e-02
1.877000e+03 2.814367e-02
1.878000e+03 2.369567e-02
1.879000e+03 0.000000e+00
1.880000e+03 5.291023e-03
1.881000e+03 2.109237e-02
1.882000e+03 8.592442e-03
1.883000e+03 0.000000e+00
1.884000e+03 0.000000e+00
1.885000e+03 0.000000e+00
1.886000e+03 1.073702e-03
1.887000e+03 1.215829e-02
1.888000e+03 0.000000e+00
1.889000e+03 0.000000e+00
1.890000e+03 0.000000e+00
1.891000e+03 7.982263e-03
1.892000e+03 1.595836e-02
1.893000e+03 3.039778e-03
1.894000e+03 2.720058e-02
1.895000e+03 4.082958e-02
1.896000e+03 3.495984e-02
1.897000e+03 2.185965e-02
1.898000e+03 1.065678e-02
1.899000e+03 3.153383e-03
1.900000e+03 1.001988e-02
1.901000e+03 1.855080e-02
1.902000e+03 1.698184e-03
1.903000e+03 5.571005e-03
1.904000e+03 1.586764e-02
1.905000e+03 2.818739e-02
1.906000e+03 2.486042e-02
1.907000e+03 7.659786e-03
1.908000e+03 6.299754e-03
1.909000e+03 2.855796e-03
1.910000e+03 0.000000e+00
1.911000e+03 0.000000e+00
1.912000e+03 4.129062e-03
1.913000e+03 7.396058e-03
1.914000e+03 0.000000e+00
1.915000e+03 0.000000e+00
1.916000e+03 0.000000e+00
1.917000e+03 0.000000e+00
1.918000e+03 0.000000e+00
1.919000e+03 0.000000e+00
1.920000e+03 0.000000e+00
1.921000e+03 0.000000e+00
1.922000e+03 0.000000e+00
1.923000e+03 0.000000e+00
1.924000e+03 5.556781e-03
1.925000e+03 3.774581e-02
1.926000e+03 4.131626e-02
1.927000e+03 0.000000e+00
1.928000e+03 4.220308e-03
1.929000e+03 8.244564e-03
1.930000e+03 1.204490e-03
1.931000e+03 2.948168e-03
1.932000e+03 4.477078e-03
1.933000e+03 0.000000e+00
1.934000e+03 0.000000e+00
1.935000e+03 1.694583e-02
1.936000e+03 5.785538e-03
1.937000e+03 0.000000e+00
1.938000e+03 0.000000e+00
1.939000e+03 0.000000e+00
1.940000e+03 3.731089e-03
1.941000e+03 3.513966e-03
1.942000e+03 0.000000e+00
1.943000e+03 0.000000e+00
1.944000e+03 0.000000e+00
1.945000e+03 0.000000e+00
1.946000e+03 1.849662e-03
1.947000e+03 0.000000e+00
1.948000e+03 0.000000e+00
1.949000e+03 2.580714e-03
1.950000e+03 1.138412e-02
1.951000e+03 8.019037e-03
1.952000e+03 3.461697e-03
1.953000e+03 1.342773e-02
1.954000e+03 4.228732e-03
1.955000e+03 0.000000e+00
1.956000e+03 0.000000e+00
1.957000e+03 0.000000e+00
1.958000e+03 0.000000e+00
1.959000e+03 0.000000e+00
1.960000e+03 2.907553e-03
1.961000e+03 3.473162e-03
1.962000e+03 0.000000e+00
1.963000e+03 0.000000e+00
1.964000e+03 0.000000e+00
1.965000e+03 0.000000e+00
1.966000e+03 0.000000e+00
1.967000e+03 0.000000e+00
1.968000e+03 1.700181e-03
1.969000e+03 9.219516e-03
1.970000e+03 0.000000e+00
1.971000e+03 0.000000e+00
1.972000e+03 1.968358e-03
1.973000e+03 2.689426e-03
1.974000e+03 0.000000e+00
1.975000e+03 0.000000e+00
1.976000e+03 0.000000e+00
1.977000e+03 0.000000e+00
1.978000e+03 0.000000e+00
1.979000e+03 0.000000e+00
1.980000e+03 0.000000e+00
1.981000e+03 0.000000e+00
1.982000e+03 0.000000e+00
1.983000e+03 0.000000e+00
1.984000e+03 0.000000e+00
1.985000e+03 1.123408e-03
1.986000e+03 1.457482e-02
1.987000e+03 0.000000e+00
1.988000e+03 0.000000e+00
1.989000e+03 2.675402e-03
1.990000e+03 0.000000e+00
1.991000e+03 0.000000e+00
1.992000e+03 0.000000e+00
1.993000e+03 0.000000e+00
1.994000e+03 0.000000e+00
1.995000e+03 0.000000e+00
1.996000e+03 0.000000e+00
1.997000e+03 0.000000e+00
1.998000e+03 4.994096e-03
1.999000e+03 4.510430e-03
2.000000e+03 4.040491e-03
2.001000e+03 1.886797e-02
2.002000e+03 1.185817e-02
2.003000e+03 1.114692e-03
2.004000e+03 0.000000e+00
2.005000e+03 3.716415e-03
2.006000e+03 1.702788e-02
2.007000e+03 0.000000e+00
2.008000e+03 0.000000e+00
2.009000e+03 2.658419e-03
2.010000e+03 0.000000e+00
2.011000e+03 0.000000e+00
2.012000e+03 0.000000e+00
2.013000e+03 0.000000e+00
2.014000e+03 0.000000e+00
2.015000e+03 0.000000e+00
2.016000e+03 6.859008e-05
2.017000e+03 8.064630e-03
2.018000e+03 1.812239e-02
2.019000e+03 1.427137e-02
2.020000e+03 7.873400e-03
2.021000e+03 0.000000e+00
2.022000e+03 0.000000e+00
2.023000e+03 0.000000e+00
2.024000e+03 1.837153e-02
2.025000e+03 2.230321e-02
2.026000e+03 1.962025e-03
2.027000e+03 0.000000e+00
2.028000e+03 0.000000e+00
2.029000e+03 1.753838e-02
2.030000e+03 2.750992e-03
2.031000e+03 0.000000e+00
2.032000e+03 2.555010e-03
2.033000e+03 0.000000e+00
2.034000e+03 0.000000e+00
2.035000e+03 1.691668e-03
2.036000e+03 0.000000e+00
2.037000e+03 0.000000e+00
2.038000e+03 0.000000e+00
2.039000e+03 0.000000e+00
2.040000e+03 0.000000e+00
2.041000e+03 0.000000e+00
2.042000e+03 0.000000e+00
2.043000e+03 0.000000e+00
2.044000e+03 0.000000e+00
2.045000e+03 0.000000e+00
2.046000e+03 8.338122e-03
2.047000e+03 7.069165e-03
2.048000e+03 6.351501e-03
2.049000e+03 1.661892e-02
2.050000e+03 5.016065e-03
2.051000e+03 0.000000e+00
2.052000e+03 1.017873e-02
2.053000e+03 4.135418e-03
2.054000e+03 0.000000e+00
2.055000e+03 6.092697e-03
2.056000e+03 7.770294e-03
2.057000e+03 5.267752e-03
2.058000e+03 0.000000e+00
2.059000e+03 0.000000e+00
2.060000e+03 0.000000e+00
2.061000e+03 1.923253e-03
2.062000e+03 5.303079e-03
2.063000e+03 0.000000e+00
2.064000e+03 0.000000e+00
2.065000e+03 0.000000e+00
2.066000e+03 2.616685e-03
2.067000e+03 4.809623e-03
2.068000e+03 7.342759e-03
2.069000e+03 0.000000e+00
2.070000e+03 0.000000e+00
2.071000e+03 0.000000e+00
2.072000e+03 0.000000e+00
2.073000e+03 0.000000e+00
2.074000e+03 0.000000e+00
2.075000e+03 1.317878e-02
2.076000e+03 1.649582e-02
2.077000e+03 6.427456e-03
2.078000e+03 1.285106e-02
2.079000e+03 1.520912e-02
2.080000e+03 2.193160e-03
2.081000e+03 2.052456e-03
2.082000e+03 1.934475e-03
2.083000e+03 0.000000e+00
2.084000e+03 0.000000e+00
2.085000e+03 0.000000e+00
2.086000e+03 9.981397e-03
2.087000e+03 3.848413e-03
2.088000e+03 0.000000e+00
2.089000e+03 0.000000e+00
2.090000e+03 0.000000e+00
2.091000e+03 0.000000e+00
2.092000e+03 0.000000e+00
2.093000e+03 0.000000e+00
2.094000e+03 6.820782e-03
2.095000e+03 0.000000e+00
2.096000e+03 0.000000e+00
2.097000e+03 0.000000e+00
2.098000e+03 0.000000e+00
2.099000e+03 0.000000e+00
2.100000e+03 4.821983e-04
2.101000e+03 0.000000e+00
2.102000e+03 0.000000e+00
2.103000e+03 1.052231e-03
2.104000e+03 3.273339e-03
2.105000e+03 6.142019e-03
2.106000e+03 1.295923e-02
2.107000e+03 1.256206e-02
2.108000e+03 6.050239e-03
2.109000e+03 2.573158e-05
2.110000e+03 0.000000e+00
2.111000e+03 0.000000e+00
2.112000e+03 1.607398e-04
2.113000e+03 1.961276e-03
2.114000e+03 6.617856e-03
2.115000e+03 8.253479e-03
2.116000e+03 9.800446e-03
2.117000e+03 6.567477e-03
2.118000e+03 0.000000e+00
2.119000e+03 0.000000e+00
2.120000e+03 0.000000e+00
2.121000e+03 0.000000e+00
2.122000e+03 6.312082e-03
2.123000e+03 0.000000e+00
2.124000e+03 0.000000e+00
2.125000e+03 0.000000e+00
2.126000e+03 0.000000e+00
2.127000e+03 0.000000e+00
2.128000e+03 2.472807e-03
2.129000e+03 2.379072e-03
2.130000e+03 2.621839e-03
2.131000e+03 9.257484e-03
2.132000e+03 1.267434e-04
2.133000e+03 0.000000e+00
2.134000e+03 9.013425e-03
2.135000e+03 3.905771e-03
2.136000e+03 0.000000e+00
2.137000e+03 7.948197e-03
2.138000e+03 6.381599e-03
2.139000e+03 0.000000e+00
2.140000e+03 0.000000e+00
2.141000e+03 7.279517e-04
2.142000e+03 6.019443e-03
2.143000e+03 0.000000e+00
2.144000e+03 0.000000e+00
2.145000e+03 0.000000e+00
2.146000e+03 0.000000e+00
2.147000e+03 0.000000e+00
2.148000e+03 0.000000e+00
2.149000e+03 0.000000e+00
2.150000e+03 3.179507e-03
2.151000e+03 0.000000e+00
2.152000e+03 0.000000e+00
2.153000e+03 2.296374e-03
2.154000e+03 3.721519e-03
2.155000e+03 2.812837e-03
2.156000e+03 0.000000e+00
2.157000e+03 0.000000e+00
2.158000e+03 0.000000e+00
2.159000e+03 2.314865e-03
2.160000e+03 0.000000e+00
2.161000e+03 0.000000e+00
2.162000e+03 0.000000e+00
2.163000e+03 0.000000e+00
2.164000e+03 0.000000e+00
2.165000e+03 7.458894e-03
2.166000e+03 4.155332e-03
2.167000e+03 2.880806e-04
2.168000e+03 0.000000e+00
2.169000e+03 0.000000e+00
2.170000e+03 0.000000e+00
2.171000e+03 1.188372e-03
2.172000e+03 0.000000e+00
2.173000e+03 0.000000e+00
2.174000e+03 2.600784e-03
2.175000e+03 5.458797e-03
2.176000e+03 5.091084e-03
2.177000e+03 1.581863e-03
2.178000e+03 8.843977e-04
2.179000e+03 1.602089e-02
2.180000e+03 8.312622e-03
2.181000e+03 1.622819e-03
2.182000e+03 2.319716e-03
2.183000e+03 0.000000e+00
2.184000e+03 0.000000e+00
2.185000e+03 7.229105e-04
2.186000e+03 1.367291e-03
2.187000e+03 1.317771e-03
2.188000e+03 3.950087e-03
2.189000e+03 5.503175e-03
2.190000e+03 8.152911e-03
2.191000e+03 0.000000e+00
2.192000e+03 0.000000e+00
2.193000e+03 0.000000e+00
2.194000e+03 0.000000e+00
2.195000e+03 0.000000e+00
2.196000e+03 8.524900e-03
2.197000e+03 5.166274e-03
2.198000e+03 1.997243e-03
2.199000e+03 1.146065e-02
2.200000e+03 4.889469e-03
2.201000e+03 0.000000e+00
2.202000e+03 0.000000e+00
2.203000e+03 1.936904e-03
2.204000e+03 8.298342e-03
2.205000e+03 6.083289e-03
2.206000e+03 6.929404e-03
2.207000e+03 1.188641e-02
2.208000e+03 6.773903e-04
2.209000e+03 0.000000e+00
2.210000e+03 1.919431e-03
2.211000e+03 5.601902e-03
2.212000e+03 8.221086e-03
2.213000e+03 9.041116e-03
2.214000e+03 1.323044e-02
2.215000e+03 1.754604e-02
2.216000e+03 2.874647e-03
2.217000e+03 6.641578e-04
2.218000e+03 0.000000e+00
2.219000e+03 4.145093e-03
2.220000e+03 3.916162e-03
2.221000e+03 1.135370e-03
2.222000e+03 1.319991e-02
2.223000e+03 1.465874e-02
2.224000e+03 5.270118e-03
2.225000e+03 0.000000e+00
2.226000e+03 0.000000e+00
2.227000e+03 0.000000e+00
2.228000e+03 0.000000e+00
2.229000e+03 1.261438e-03
2.230000e+03 7.861511e-03
2.231000e+03 8.911301e-03
2.232000e+03 1.009735e-02
2.233000e+03 0.000000e+00
2.234000e+03 2.323130e-03
2.235000e+03 8.154944e-03
2.236000e+03 0.000000e+00
2.237000e+03 0.000000e+00
2.238000e+03 1.998060e-03
2.239000e+03 6.281969e-03
2.240000e+03 7.185142e-03
2.241000e+03 4.209495e-03
2.242000e+03 7.512223e-03
2.243000e+03 7.898526e-03
2.244000e+03 0.000000e+00
2.245000e+03 0.000000e+00
2.246000e+03 0.000000e+00
2.247000e+03 0.000000e+00
2.248000e+03 0.000000e+00
2.249000e+03 0.000000e+00
2.250000e+03 4.583878e-03
2.251000e+03 5.640270e-03
2.252000e+03 4.752213e-03
2.253000e+03 0.000000e+00
2.254000e+03 0.000000e+00
2.255000e+03 1.577880e-03
2.256000e+03 3.267487e-03
2.257000e+03 3.886108e-03
2.258000e+03 3.450380e-03
2.259000e+03 4.625844e-04
2.260000e+03 0.000000e+00
2.261000e+03 6.927873e-03
2.262000e+03 5.635523e-03
2.263000e+03 4.421917e-03
2.264000e+03 8.772253e-03
2.265000e+03 5.899528e-03
2.266000e+03 1.735557e-03
2.267000e+03 0.000000e+00
2.268000e+03 0.000000e+00
2.269000e+03 5.082727e-03
2.270000e+03 1.753436e-03
2.271000e+03 1.059944e-03
2.272000e+03 1.948638e-03
2.273000e+03 6.075492e-03
2.274000e+03 6.796299e-03
2.275000e+03 0.000000e+00
2.276000e+03 7.476771e-04
2.277000e+03 2.265761e-03
2.278000e+03 7.738942e-03
2.279000e+03 1.485036e-02
2.280000e+03 2.226510e-02
2.281000e+03 6.238599e-03
2.282000e+03 8.489974e-03
2.283000e+03 1.348424e-02
2.284000e+03 6.214170e-03
2.285000e+03 4.986740e-03
2.286000e+03 5.215914e-03
2.287000e+03 2.678952e-03
2.288000e+03 2.377094e-03
2.289000e+03 4.523360e-03
2.290000e+03 2.681932e-03
2.291000e+03 2.334077e-03
2.292000e+03 7.599132e-03
2.293000e+03 4.332432e-03
2.294000e+03 1.808449e-03
2.295000e+03 7.677215e-03
2.296000e+03 4.981469e-03
2.297000e+03 1.846130e-03
2.298000e+03 9.465659e-03
2.299000e+03 3.905201e-03
2.300000e+03 0.000000e+00
2.301000e+03 7.250009e-03
2.302000e+03 7.242244e-03
2.303000e+03 0.000000e+00
2.304000e+03 3.085396e-03
2.305000e+03 6.252841e-03
2.306000e+03 1.329307e-02
2.307000e+03 2.569060e-03
2.308000e+03 0.000000e+00
2.309000e+03 1.485528e-03
2.310000e+03 9.222558e-04
2.311000e+03 4.229448e-04
2.312000e+03 7.407069e-03
2.313000e+03 9.015281e-03
2.314000e+03 1.094632e-02
2.315000e+03 5.255877e-03
2.316000e+03 3.299944e-03
2.317000e+03 9.025813e-04
2.318000e+03 0.000000e+00
2.319000e+03 0.000000e+00
2.320000e+03 2.613621e-03
2.321000e+03 0.000000e+00
2.322000e+03 0.000000e+00
2.323000e+03 9.507071e-03
2.324000e+03 8.233503e-03
2.325000e+03 7.401391e-03
2.326000e+03 7.926696e-03
2.327000e+03 1.002718e-02
2.328000e+03 1.212062e-02
2.329000e+03 1.760994e-03
2.330000e+03 1.911163e-03
2.331000e+03 2.889995e-03
2.332000e+03 4.109203e-03
2.333000e+03 4.392990e-03
2.334000e+03 4.570826e-03
2.335000e+03 1.160604e-02
2.336000e+03 1.033279e-02
2.337000e+03 0.000000e+00
2.338000e+03 3.952945e-03
2.339000e+03 6.846469e-03
2.340000e+03 3.205640e-03
2.341000e+03 7.008451e-04
2.342000e+03 0.000000e+00
2.343000e+03 0.000000e+00
2.344000e+03 1.455081e-03
2.345000e+03 7.371875e-03
2.346000e+03 4.356312e-03
2.347000e+03 3.296172e-03
2.348000e+03 1.947085e-03
2.349000e+03 2.166277e-03
2.350000e+03 4.428980e-03
2.351000e+03 1.020405e-02
2.352000e+03 8.456333e-03
2.353000e+03 7.319733e-03
2.354000e+03 5.111886e-03
2.355000e+03 3.096814e-03
2.356000e+03 2.260771e-03
2.357000e+03 5.913403e-03
2.358000e+03 6.560764e-03
2.359000e+03 7.121779e-03
2.360000e+03 3.841033e-03
2.361000e+03 5.240248e-04
2.362000e+03 0.000000e+00
2.363000e+03 9.610048e-03
2.364000e+03 9.602717e-03
2.365000e+03 6.457392e-03
2.366000e+03 1.925089e-02
2.367000e+03 1.671128e-02
2.368000e+03 0.000000e+00
2.369000e+03 2.615944e-03
2.370000e+03 3.946319e-03
2.371000e+03 1.810000e-03
2.372000e+03 1.631364e-03
2.373000e+03 2.036459e-03
2.374000e+03 1.162880e-02
2.375000e+03 1.075656e-02
2.376000e+03 9.895973e-03
2.377000e+03 4.108231e-03
2.378000e+03 5.056070e-03
2.379000e+03 6.839322e-03
2.380000e+03 1.212515e-02
2.381000e+03 1.336205e-02
2.382000e+03 1.416956e-02
2.383000e+03 2.148571e-02
2.384000e+03 2.286095e-02
2.385000e+03 1.944333e-02
2.386000e+03 1.819304e-02
2.387000e+03 1.663858e-02
2.388000e+03 9.578932e-03
2.389000e+03 9.367832e-03
2.390000e+03 9.490285e-03
2.391000e+03 2.459453e-02
2.392000e+03 1.506411e-02
2.393000e+03 4.312474e-03
2.394000e+03 0.000000e+00
2.395000e+03 4.039273e-03
2.396000e+03 1.179704e-02
2.397000e+03 1.648011e-02
2.398000e+03 1.465897e-02
2.399000e+03 7.248039e-03
2.400000e+03 1.259784e-02
2.401000e+03 1.323974e-02
2.402000e+03 6.948002e-03
2.403000e+03 3.107939e-03
2.404000e+03 1.836793e-03
2.405000e+03 1.298661e-02
2.406000e+03 1.074864e-02
2.407000e+03 8.784632e-03
2.408000e+03 6.441944e-03
2.409000e+03 5.105214e-03
2.410000e+03 3.420801e-03
2.411000e+03 6.350558e-03
2.412000e+03 4.975642e-03
2.413000e+03 1.549462e-03
2.414000e+03 4.020786e-03
2.415000e+03 3.302017e-03
2.416000e+03 0.000000e+00
2.417000e+03 7.864219e-04
2.418000e+03 1.754209e-03
2.419000e+03 2.661059e-03
2.420000e+03 3.566042e-03
2.421000e+03 4.327771e-03
2.422000e+03 7.337465e-03
2.423000e+03 2.647584e-03
2.424000e+03 0.000000e+00
2.425000e+03 7.408525e-03
2.426000e+03 3.398472e-03
2.427000e+03 0.000000e+00
2.428000e+03 5.001905e-03
2.429000e+03 7.393618e-03
2.430000e+03 9.516257e-03
2.431000e+03 0.000000e+00
2.432000e+03 0.000000e+00
2.433000e+03 8.079925e-03
2.434000e+03 5.260031e-03
2.435000e+03 2.994106e-03
2.436000e+03 0.000000e+00
2.437000e+03 0.000000e+00
2.438000e+03 0.000000e+00
2.439000e+03 0.000000e+00
2.440000e+03 0.000000e+00
2.441000e+03 0.000000e+00
2.442000e+03 5.754943e-03
2.443000e+03 3.956948e-03
2.444000e+03 0.000000e+00
2.445000e+03 1.177021e-02
2.446000e+03 1.118472e-02
2.447000e+03 1.893153e-03
2.448000e+03 9.253177e-03
2.449000e+03 1.114715e-02
2.450000e+03 6.067424e-03
2.451000e+03 0.000000e+00
2.452000e+03 0.000000e+00
2.453000e+03 1.452349e-03
2.454000e+03 2.900366e-03
2.455000e+03 4.233219e-03
2.456000e+03 0.000000e+00
2.457000e+03 2.656265e-05
2.458000e+03 1.322952e-03
2.459000e+03 0.000000e+00
2.460000e+03 0.000000e+00
2.461000e+03 0.000000e+00
2.462000e+03 0.000000e+00
2.463000e+03 8.897126e-04
2.464000e+03 6.579215e-03
2.465000e+03 3.042061e-03
2.466000e+03 2.400549e-03
2.467000e+03 9.399283e-03
2.468000e+03 4.768046e-03
2.469000e+03 1.965395e-03
2.470000e+03 1.906146e-02
2.471000e+03 9.443019e-03
2.472000e+03 0.000000e+00
2.473000e+03 3.163137e-03
2.474000e+03 7.303730e-03
2.475000e+03 1.347791e-02
2.476000e+03 3.595102e-03
2.477000e+03 7.915151e-04
2.478000e+03 0.000000e+00
2.479000e+03 7.985896e-03
2.480000e+03 9.496591e-03
2.481000e+03 1.646847e-03
2.482000e+03 6.225371e-03
2.483000e+03 7.724025e-03
2.484000e+03 0.000000e+00
2.485000e+03 1.996191e-03
2.486000e+03 6.525870e-03
2.487000e+03 1.359146e-02
2.488000e+03 1.060386e-02
2.489000e+03 6.762778e-03
2.490000e+03 0.000000e+00
2.491000e+03 0.000000e+00
2.492000e+03 1.375641e-03
2.493000e+03 7.479232e-04
2.494000e+03 1.416557e-03
2.495000e+03 3.963215e-03
2.496000e+03 9.752047e-04
2.497000e+03 0.000000e+00
2.498000e+03 1.711002e-03
2.499000e+03 2.576923e-03
2.500000e+03 2.985642e-03
2.501000e+03 0.000000e+00
2.502000e+03 5.147273e-03
2.503000e+03 1.063681e-02
2.504000e+03 0.000000e+00
2.505000e+03 1.425235e-04
2.506000e+03 1.524856e-03
2.507000e+03 1.487795e-02
2.508000e+03 1.415036e-02
2.509000e+03 7.164873e-03
2.510000e+03 3.711074e-03
2.511000e+03 2.575662e-03
2.512000e+03 2.543425e-03
2.513000e+03 3.527951e-03
2.514000e+03 5.087233e-03
2.515000e+03 1.385575e-02
2.516000e+03 1.574377e-02
2.517000e+03 1.713395e-02
2.518000e+03 2.586916e-03
2.519000e+03 4.939475e-03
2.520000e+03 7.719631e-03
2.521000e+03 2.170056e-03
2.522000e+03 2.493580e-03
2.523000e+03 4.057663e-03
2.524000e+03 4.296436e-03
2.525000e+03 7.665649e-03
2.526000e+03 1.704275e-02
2.527000e+03 1.150729e-02
2.528000e+03 8.378743e-03
2.529000e+03 3.805210e-03
2.530000e+03 1.031337e-02
2.531000e+03 1.359385e-02
2.532000e+03 1.430704e-03
2.533000e+03 1.857606e-03
2.534000e+03 2.260741e-03
2.535000e+03 3.763684e-03
2.536000e+03 4.758173e-03
2.537000e+03 6.080092e-03
2.538000e+03 6.576638e-03
2.539000e+03 6.314098e-03
2.540000e+03 5.582189e-03
2.541000e+03 7.661852e-04
2.542000e+03 0.000000e+00
2.543000e+03 0.000000e+00
2.544000e+03 8.114716e-04
2.545000e+03 4.362520e-03
2.546000e+03 6.849868e-03
2.547000e+03 4.793693e-03
2.548000e+03 3.359719e-03
2.549000e+03 9.217783e-03
2.550000e+03 1.150937e-03
2.551000e+03 0.000000e+00
2.552000e+03 2.578180e-03
2.553000e+03 3.794850e-03
2.554000e+03 4.331543e-03
2.555000e+03 0.000000e+00
2.556000e+03 0.000000e+00
2.557000e+03 3.520846e-03
2.558000e+03 3.074924e-04
2.559000e+03 2.867630e-04
2.560000e+03 6.046679e-03
2.561000e+03 9.085192e-03
2.562000e+03 1.002690e-02
2.563000e+03 0.000000e+00
2.564000e+03 1.326977e-03
2.565000e+03 3.448692e-03
2.566000e+03 1.100691e-02
2.567000e+03 5.931335e-03
2.568000e+03 0.000000e+00
2.569000e+03 0.000000e+00
2.570000e+03 0.000000e+00
2.571000e+03 0.000000e+00
2.572000e+03 0.000000e+00
2.573000e+03 0.000000e+00
2.574000e+03 0.000000e+00
2.575000e+03 0.000000e+00
2.576000e+03 1.340508e-03
2.577000e+03 3.408814e-03
2.578000e+03 1.427000e-02
2.579000e+03 2.149675e-02
2.580000e+03 0.000000e+00
2.581000e+03 4.734320e-03
2.582000e+03 1.159775e-02
2.583000e+03 5.494272e-04
2.584000e+03 1.226025e-03
2.585000e+03 3.697417e-03
2.586000e+03 2.776261e-02
2.587000e+03 3.071346e-02
2.588000e+03 2.565661e-02
2.589000e+03 1.331662e-02
2.590000e+03 7.020797e-03
2.591000e+03 0.000000e+00
2.592000e+03 3.632415e-03
2.593000e+03 6.072546e-03
2.594000e+03 3.793353e-03
2.595000e+03 7.348141e-03
2.596000e+03 1.047656e-02
2.597000e+03 6.532972e-03
2.598000e+03 1.161804e-02
2.599000e+03 1.838732e-02
2.600000e+03 5.714589e-02
2.601000e+03 4.820508e-02
2.602000e+03 1.995410e-02
2.603000e+03 5.467584e-03
2.604000e+03 4.819779e-03
2.605000e+03 1.588105e-02
2.606000e+03 1.218080e-02
2.607000e+03 1.269744e-02
2.608000e+03 2.715348e-02
2.609000e+03 2.052620e-02
2.610000e+03 1.587888e-02
2.611000e+03 1.805456e-02
2.612000e+03 2.324160e-02
2.613000e+03 2.876780e-02
2.614000e+03 3.027581e-02
2.615000e+03 2.524615e-02
2.616000e+03 1.702384e-02
2.617000e+03 1.371199e-02
2.618000e+03 1.573638e-02
2.619000e+03 2.247093e-02
2.620000e+03 2.629903e-02
2.621000e+03 2.861534e-02
2.622000e+03 3.273572e-02
2.623000e+03 1.620870e-02
2.624000e+03 8.504738e-03
2.625000e+03 2.778678e-02
2.626000e+03 3.539165e-02
2.627000e+03 4.199599e-02
2.628000e+03 3.326624e-02
2.629000e+03 3.688254e-02
2.630000e+03 4.174237e-02
2.631000e+03 3.386141e-02
2.632000e+03 3.671944e-02
2.633000e+03 4.440317e-02
2.634000e+03 3.483797e-02
2.635000e+03 3.127249e-02
2.636000e+03 2.817893e-02
2.637000e+03 1.657162e-02
2.638000e+03 1.150654e-02
2.639000e+03 1.316666e-02
2.640000e+03 2.035456e-02
2.641000e+03 2.485334e-02
2.642000e+03 8.824208e-03
2.643000e+03 6.794536e-03
2.644000e+03 4.643348e-03
2.645000e+03 8.454493e-03
2.646000e+03 8.502531e-03
2.647000e+03 8.159646e-03
2.648000e+03 1.258323e-02
2.649000e+03 1.694872e-02
2.650000e+03 2.570093e-02
2.651000e+03 1.084967e-02
2.652000e+03 7.026806e-03
2.653000e+03 1.374145e-02
2.654000e+03 1.009159e-02
2.655000e+03 9.711936e-03
2.656000e+03 2.821250e-02
2.657000e+03 2.287653e-02
2.658000e+03 1.823607e-02
2.659000e+03 1.252694e-02
2.660000e+03 1.250880e-02
2.661000e+03 1.260027e-02
2.662000e+03 1.466543e-02
2.663000e+03 1.121485e-02
2.664000e+03 3.808165e-03
2.665000e+03 8.343183e-03
2.666000e+03 1.358695e-02
2.667000e+03 2.666429e-02
2.668000e+03 2.788929e-02
2.669000e+03 3.396525e-02
2.670000e+03 6.966698e-02
2.671000e+03 5.493722e-02
2.672000e+03 4.331343e-02
2.673000e+03 1.109822e-02
2.674000e+03 1.395986e-02
2.675000e+03 1.702163e-02
2.676000e+03 1.696983e-02
2.677000e+03 1.594945e-02
2.678000e+03 1.430936e-02
2.679000e+03 2.129249e-02
2.680000e+03 2.509697e-02
2.681000e+03 3.119871e-02
2.682000e+03 2.328157e-02
2.683000e+03 2.010903e-02
2.684000e+03 1.887903e-02
2.685000e+03 2.608722e-02
2.686000e+03 3.081018e-02
2.687000e+03 3.664504e-02
2.688000e+03 3.314040e-02
2.689000e+03 3.004311e-02
2.690000e+03 1.605536e-02
2.691000e+03 1.730927e-02
2.692000e+03 1.933713e-02
2.693000e+03 1.615996e-02
2.694000e+03 1.434108e-02
2.695000e+03 1.152342e-02
2.696000e+03 6.405892e-03
2.697000e+03 8.746906e-03
2.698000e+03 2.151362e-02
2.699000e+03 2.459861e-02
2.700000e+03 2.292937e-02
2.701000e+03 1.645410e-03
2.702000e+03 4.421671e-03
2.703000e+03 6.708483e-03
2.704000e+03 1.586386e-02
2.705000e+03 1.597082e-02
2.706000e+03 1.608806e-02
2.707000e+03 2.758355e-02
2.708000e+03 2.584814e-02
2.709000e+03 2.146413e-02
2.710000e+03 2.483034e-02
2.711000e+03 2.385295e-02
2.712000e+03 1.941485e-02
2.713000e+03 2.539477e-02
2.714000e+03 2.559441e-02
2.715000e+03 1.581352e-02
2.716000e+03 1.280858e-02
2.717000e+03 1.103745e-02
2.718000e+03 1.152357e-02
2.719000e+03 1.628594e-02
2.720000e+03 2.062626e-02
2.721000e+03 6.749356e-03
2.722000e+03 1.124627e-02
2.723000e+03 1.793305e-02
2.724000e+03 1.206030e-02
2.725000e+03 1.536465e-02
2.726000e+03 2.417385e-02
2.727000e+03 2.715257e-02
2.728000e+03 2.718821e-02
2.729000e+03 2.417530e-02
2.730000e+03 2.710996e-02
2.731000e+03 2.916494e-02
2.732000e+03 3.365606e-02
2.733000e+03 4.327299e-02
2.734000e+03 5.013845e-02
2.735000e+03 2.649523e-02
2.736000e+03 2.737607e-02
2.737000e+03 2.837977e-02
2.738000e+03 2.916672e-02
2.739000e+03 2.762662e-02
2.740000e+03 2.483797e-02
2.741000e+03 3.400681e-02
2.742000e+03 3.160746e-02
2.743000e+03 1.920637e-02
2.744000e+03 3.912928e-02
2.745000e+03 4.764111e-02
2.746000e+03 5.043712e-02
2.747000e+03 5.389362e-02
2.748000e+03 5.528151e-02
2.749000e+03 4.338991e-02
2.750000e+03 3.780503e-02
2.751000e+03 3.247885e-02
2.752000e+03 3.084629e-02
2.753000e+03 3.399283e-02
2.754000e+03 3.860570e-02
2.755000e+03 2.426823e-02
2.756000e+03 2.388402e-02
2.757000e+03 2.824817e-02
2.758000e+03 4.051149e-02
2.759000e+03 4.443809e-02
2.760000e+03 4.451816e-02
2.761000e+03 3.495639e-02
2.762000e+03 3.052456e-02
2.763000e+03 3.522889e-02
2.764000e+03 3.177561e-02
2.765000e+03 2.914305e-02
2.766000e+03 5.600188e-02
2.767000e+03 4.612163e-02
2.768000e+03 3.424225e-02
2.769000e+03 3.309297e-02
2.770000e+03 3.464496e-02
2.771000e+03 3.772140e-02
2.772000e+03 4.501625e-02
2.773000e+03 4.537898e-02
2.774000e+03 4.107755e-02
2.775000e+03 5.338616e-02
2.776000e+03 5.596841e-02
2.777000e+03 4.065239e-02
2.778000e+03 3.333508e-02
2.779000e+03 3.096793e-02
2.780000e+03 8.169861e-02
2.781000e+03 5.439712e-02
2.782000e+03 2.675104e-02
2.783000e+03 5.040068e-02
2.784000e+03 4.235920e-02
2.785000e+03 2.798537e-02
2.786000e+03 2.284691e-02
2.787000e+03 2.567023e-02
2.788000e+03 3.475063e-02
2.789000e+03 7.400996e-02
2.790000e+03 9.265469e-02
2.791000e+03 1.138814e-01
2.792000e+03 1.317079e-01
2.793000e+03 1.598994e-01
2.794000e+03 3.442467e-01
2.795000e+03 8.048675e-01
2.796000e+03 1.198952e+00
2.797000e+03 9.443622e-01
2.798000e+03 6.883016e-01
2.799000e+03 3.624737e-01
2.800000e+03 2.583894e-01
2.801000e+03 3.260476e-01
2.802000e+03 4.867973e-01
2.803000e+03 8.357478e-01
2.804000e+03 8.369713e-01
2.805000e+03 5.252576e-01
2.806000e+03 2.881696e-01
2.807000e+03 1.655193e-01
2.808000e+03 8.462058e-02
2.809000e+03 8.115213e-02
2.810000e+03 7.804137e-02
2.811000e+03 5.806026e-02
2.812000e+03 4.667182e-02
2.813000e+03 3.424555e-02
2.814000e+03 3.483435e-02
2.815000e+03 3.076579e-02
2.816000e+03 2.394112e-02
2.817000e+03 3.139853e-02
2.818000e+03 3.103006e-02
2.819000e+03 2.586614e-02
2.820000e+03 2.325393e-02
2.821000e+03 2.433512e-02
2.822000e+03 3.436549e-02
2.823000e+03 2.410306e-02
2.824000e+03 2.056547e-02
2.825000e+03 5.699860e-02
2.826000e+03 4.909576e-02
2.827000e+03 4.176040e-02
2.828000e+03 2.664693e-02
2.829000e+03 2.696395e-02
2.830000e+03 2.811970e-02
2.831000e+03 3.342536e-02
2.832000e+03 3.154342e-02
2.833000e+03 2.563015e-02
2.834000e+03 1.926773e-02
2.835000e+03 2.079696e-02
2.836000e+03 3.384249e-02
2.837000e+03 2.326699e-02
2.838000e+03 1.937548e-02
2.839000e+03 3.190924e-02
2.840000e+03 3.299224e-02
2.841000e+03 3.371016e-02
2.842000e+03 1.426025e-02
2.843000e+03 1.922823e-02
2.844000e+03 2.515756e-02
2.845000e+03 1.096157e-02
2.846000e+03 1.556457e-02
2.847000e+03 2.672041e-02
2.848000e+03 2.924764e-02
2.849000e+03 2.483581e-02
2.850000e+03 9.810367e-03
2.851000e+03 2.123219e-02
2.852000e+03 2.725230e-02
2.853000e+03 3.366937e-02
2.854000e+03 2.838258e-02
2.855000e+03 2.455551e-02
2.856000e+03 1.912584e-02
2.857000e+03 2.177857e-02
2.858000e+03 2.448868e-02
2.859000e+03 3.667182e-02
2.860000e+03 2.772988e-02
2.861000e+03 1.272943e-02
2.862000e+03 7.979090e-03
2.863000e+03 1.281807e-02
2.864000e+03 2.690815e-02
2.865000e+03 2.513613e-02
2.866000e+03 2.406501e-02
2.867000e+03 2.213883e-02
2.868000e+03 2.506999e-02
2.869000e+03 2.797181e-02
2.870000e+03 4.126774e-02
2.871000e+03 4.203119e-02
2.872000e+03 4.270100e-02
2.873000e+03 2.464864e-02
2.874000e+03 3.675312e-02
2.875000e+03 5.326118e-02
2.876000e+03 4.336288e-02
2.877000e+03 4.279522e-02
2.878000e+03 4.444339e-02
2.879000e+03 4.282448e-02
2.880000e+03 4.812834e-02
2.881000e+03 6.809340e-02
2.882000e+03 5.192283e-02
2.883000e+03 4.563398e-02
2.884000e+03 5.702618e-02
2.885000e+03 5.672770e-02
2.886000e+03 5.663233e-02
2.887000e+03 6.352822e-02
2.888000e+03 6.748057e-02
2.889000e+03 7.199121e-02
2.890000e+03 7.115827e-02
2.891000e+03 6.830729e-02
2.892000e+03 6.346124e-02
2.893000e+03 5.033565e-02
2.894000e+03 5.468851e-02
2.895000e+03 7.558133e-02
2.896000e+03 7.572753e-02
2.897000e+03 7.647908e-02
2.898000e+03 8.016497e-02
2.899000e+03 6.950183e-02
2.900000e+03 6.290563e-02
2.901000e+03 6.845854e-02
2.902000e+03 7.257669e-02
2.903000e+03 7.663948e-02
2.904000e+03 6.714707e-02
2.905000e+03 6.293328e-02
2.906000e+03 5.733922e-02
2.907000e+03 6.285497e-02
2.908000e+03 6.962332e-02
2.909000e+03 8.331046e-02
2.910000e+03 6.279676e-02
2.911000e+03 5.312089e-02
2.912000e+03 4.200945e-02
2.913000e+03 5.285615e-02
2.914000e+03 5.786435e-02
2.915000e+03 4.749803e-02
2.916000e+03 6.943912e-02
2.917000e+03 8.820449e-02
2.918000e+03 5.688072e-02
2.919000e+03 6.478151e-02
2.920000e+03 7.553297e-02
2.921000e+03 8.231472e-02
2.922000e+03 8.039353e-02
2.923000e+03 7.474801e-02
2.924000e+03 6.444816e-02
2.925000e+03 7.006633e-02
2.926000e+03 9.872095e-02
2.927000e+03 8.326451e-02
2.928000e+03 7.733085e-02
2.929000e+03 8.728667e-02
2.930000e+03 6.245508e-02
2.931000e+03 4.405708e-02
2.932000e+03 4.579534e-02
2.933000e+03 6.094716e-02
2.934000e+03 7.800389e-02
2.935000e+03 7.602427e-02
2.936000e+03 7.462515e-02
2.937000e+03 7.251354e-02
2.938000e+03 7.351064e-02
2.939000e+03 7.808530e-02
2.940000e+03 9.024633e-02
2.941000e+03 8.428681e-02
2.942000e+03 7.544006e-02
2.943000e+03 4.163014e-02
2.944000e+03 4.792912e-02
2.945000e+03 5.469104e-02
2.946000e+03 1.000386e-01
2.947000e+03 7.800377e-02
2.948000e+03 5.635350e-02
2.949000e+03 5.620745e-02
2.950000e+03 5.283802e-02
2.951000e+03 4.781027e-02
2.952000e+03 5.480067e-02
2.953000e+03 5.904402e-02
2.954000e+03 6.614140e-02
2.955000e+03 8.011035e-02
2.956000e+03 7.691477e-02
2.957000e+03 4.364399e-02
2.958000e+03 5.061892e-02
2.959000e+03 5.547592e-02
2.960000e+03 6.521580e-02
2.961000e+03 6.853871e-02
2.962000e+03 7.139644e-02
2.963000e+03 7.795870e-02
2.964000e+03 6.398292e-02
2.965000e+03 4.561780e-02
2.966000e+03 3.008507e-02
2.967000e+03 3.178701e-02
2.968000e+03 3.946874e-02
2.969000e+03 4.848533e-02
2.970000e+03 5.293160e-02
2.971000e+03 5.934588e-02
2.972000e+03 5.664762e-02
2.973000e+03 5.582887e-02
2.974000e+03 5.932251e-02
2.975000e+03 5.707291e-02
2.976000e+03 5.620930e-02
2.977000e+03 1.013168e-01
2.978000e+03 9.228011e-02
2.979000e+03 8.193000e-02
2.980000e+03 4.682208e-02
2.981000e+03 4.809775e-02
2.982000e+03 5.615625e-02
2.983000e+03 5.137980e-02
2.984000e+03 5.712008e-02
2.985000e+03 7.684684e-02
2.986000e+03 8.651113e-02
2.987000e+03 8.470320e-02
2.988000e+03 5.264232e-02
2.989000e+03 6.493243e-02
2.990000e+03 7.316075e-02
2.991000e+03 7.503571e-02
2.992000e+03 5.497288e-02
2.993000e+03 3.472483e-02
2.994000e+03 6.134452e-02
2.995000e+03 5.505160e-02
2.996000e+03 4.299276e-02
2.997000e+03 6.938638e-02
2.998000e+03 6.906888e-02
2.999000e+03 5.606514e-02
3.000000e+03 6.387885e-02
3.001000e+03 6.188357e-02
3.002000e+03 4.082007e-02
3.003000e+03 4.844620e-02
3.004000e+03 5.275484e-02
3.005000e+03 5.143923e-02
3.006000e+03 6.410413e-02
3.007000e+03 7.540143e-02
3.008000e+03 7.636300e-02
3.009000e+03 7.204514e-02
3.010000e+03 6.615199e-02
3.011000e+03 6.087754e-02
3.012000e+03 5.721785e-02
3.013000e+03 5.108030e-02
3.014000e+03 1.010043e-01
3.015000e+03 1.063019e-01
3.016000e+03 7.052003e-02
3.017000e+03 6.994162e-02
3.018000e+03 6.486725e-02
3.019000e+03 2.653139e-02
3.020000e+03 3.550844e-02
3.021000e+03 4.260871e-02
3.022000e+03 4.377468e-02
3.023000e+03 4.550602e-02
3.024000e+03 4.758736e-02
3.025000e+03 7.737501e-02
3.026000e+03 5.845857e-02
3.027000e+03 1.722217e-02
3.028000e+03 4.295204e-02
3.029000e+03 5.594030e-02
3.030000e+03 7.580666e-02
3.031000e+03 6.748143e-02
3.032000e+03 6.090706e-02
3.033000e+03 4.326133e-02
3.034000e+03 6.195076e-02
3.035000e+03 7.398947e-02
3.036000e+03 4.535171e-02
3.037000e+03 4.186906e-02
3.038000e+03 3.814546e-02
3.039000e+03 6.500854e-02
3.040000e+03 5.946534e-02
3.041000e+03 4.709314e-02
3.042000e+03 9.762422e-02
3.043000e+03 9.563115e-02
3.044000e+03 6.214534e-02
3.045000e+03 7.280309e-02
3.046000e+03 7.516097e-02
3.047000e+03 6.651497e-02
3.048000e+03 4.450932e-02
3.049000e+03 3.287098e-02
3.050000e+03 6.272094e-02
3.051000e+03 7.121303e-02
3.052000e+03 7.931616e-02
3.053000e+03 6.206165e-02
3.054000e+03 6.429173e-02
3.055000e+03 6.861135e-02
3.056000e+03 6.698741e-02
3.057000e+03 7.363670e-02
3.058000e+03 8.965261e-02
3.059000e+03 5.245349e-02
3.060000e+03 5.065038e-02
3.061000e+03 9.402003e-02
3.062000e+03 1.028701e-01
3.063000e+03 1.025233e-01
3.064000e+03 5.086103e-02
3.065000e+03 8.136977e-02
3.066000e+03 1.074203e-01
3.067000e+03 9.354303e-02
3.068000e+03 9.849093e-02
3.069000e+03 1.051746e-01
3.070000e+03 6.501834e-02
3.071000e+03 7.174698e-02
3.072000e+03 9.641838e-02
3.073000e+03 5.827655e-02
3.074000e+03 5.628261e-02
3.075000e+03 8.734161e-02
3.076000e+03 9.214717e-02
3.077000e+03 9.785764e-02
3.078000e+03 1.227436e-01
3.079000e+03 1.146773e-01
3.080000e+03 1.079759e-01
3.081000e+03 7.029859e-02
3.082000e+03 9.329065e-02
3.083000e+03 1.201582e-01
3.084000e+03 1.394371e-01
3.085000e+03 1.486103e-01
3.086000e+03 1.616993e-01
3.087000e+03 1.256911e-01
3.088000e+03 1.172767e-01
3.089000e+03 1.184927e-01
3.090000e+03 8.900726e-02
3.091000e+03 7.699469e-02
3.092000e+03 8.140725e-02
3.093000e+03 9.751958e-02
3.094000e+03 1.071512e-01
3.095000e+03 7.231001e-02
3.096000e+03 8.585925e-02
3.097000e+03 1.001219e-01
3.098000e+03 9.708351e-02
3.099000e+03 9.530979e-02
3.100000e+03 9.278230e-02
3.101000e+03 1.279449e-01
3.102000e+03 1.151955e-01
3.103000e+03 6.280299e-02
3.104000e+03 8.879319e-02
3.105000e+03 1.046116e-01
3.106000e+03 1.331983e-01
3.107000e+03 1.316228e-01
3.108000e+03 1.346232e-01
3.109000e+03 1.915575e-01
3.110000e+03 1.608024e-01
3.111000e+03 1.315438e-01
3.112000e+03 1.343354e-01
3.113000e+03 1.319342e-01
3.114000e+03 1.282628e-01
3.115000e+03 1.744132e-01
3.116000e+03 1.789378e-01
3.117000e+03 1.711419e-01
3.118000e+03 1.379321e-01
3.119000e+03 1.215263e-01
3.120000e+03 9.996447e-02
3.121000e+03 8.149294e-02
3.122000e+03 7.867054e-02
3.123000e+03 1.540556e-01
3.124000e+03 1.224129e-01
3.125000e+03 9.513268e-02
3.126000e+03 1.028893e-01
3.127000e+03 1.320675e-01
3.128000e+03 1.703822e-01
3.129000e+03 1.556055e-01
3.130000e+03 1.414891e-01
3.131000e+03 1.164735e-01
3.132000e+03 1.831712e-01
3.133000e+03 1.781249e-01
3.134000e+03 9.042891e-02
3.135000e+03 1.373964e-01
3.136000e+03 1.548396e-01
3.137000e+03 1.078186e-01
3.138000e+03 1.327475e-01
3.139000e+03 1.523578e-01
3.140000e+03 1.635329e-01
3.141000e+03 1.826699e-01
3.142000e+03 2.056014e-01
3.143000e+03 1.700508e-01
3.144000e+03 1.744838e-01
3.145000e+03 1.899679e-01
3.146000e+03 1.650658e-01
3.147000e+03 1.608822e-01
3.148000e+03 1.677394e-01
3.149000e+03 1.100562e-01
3.150000e+03 8.908289e-02
3.151000e+03 1.202909e-01
3.152000e+03 1.441404e-01
3.153000e+03 1.638712e-01
3.154000e+03 2.497797e-01
3.155000e+03 1.302078e-01
3.156000e+03 2.162253e+00
3.157000e+03 2.097656e+00
3.158000e+03 1.662534e+00
3.159000e+03 1.090345e+00
3.160000e+03 9.194038e-01
3.161000e+03 1.197606e+00
3.162000e+03 1.047703e+00
3.163000e+03 1.430047e+00
3.164000e+03 2.049376e+00
3.165000e+03 1.979223e+00
3.166000e+03 1.478740e+00
3.167000e+03 1.317539e+00
3.168000e+03 1.050820e-01
3.169000e+03 5.103788e-02
3.170000e+03 4.005522e-02
3.171000e+03 0.000000e+00
3.172000e+03 0.000000e+00
3.173000e+03 4.312975e-01
3.174000e+03 1.401230e+00
3.175000e+03 1.401230e+00
3.176000e+03 1.069115e+00
3.177000e+03 8.428839e-01
3.178000e+03 8.428839e-01
3.179000e+03 8.249764e-01
3.180000e+03 8.217607e-01
3.181000e+03 9.002934e-01
3.182000e+03 1.601718e+00
3.183000e+03 1.601718e+00
3.184000e+03 9.597671e-01
3.185000e+03 0.000000e+00
3.186000e+03 0.000000e+00
3.187000e+03 4.694734e-02
3.188000e+03 2.160940e-01
3.189000e+03 2.160940e-01
3.190000e+03 1.135126e+00
3.191000e+03 1.285514e+00
3.192000e+03 1.149271e+00
3.193000e+03 7.162335e-02
3.194000e+03 7.162335e-02
3.195000e+03 4.862727e-01
3.196000e+03 1.207382e+00
3.197000e+03 1.207382e+00
3.198000e+03 9.026323e-01
3.199000e+03 7.141938e-01
3.200000e+03 7.141938e-01
3.201000e+03 1.062791e+00
3.202000e+03 1.114543e+00
3.203000e+03 9.231099e-01
3.204000e+03 0.000000e+00
3.205000e+03 0.000000e+00
3.206000e+03 8.472077e-03
3.207000e+03 7.435668e-01
3.208000e+03 7.435668e-01
3.209000e+03 5.834410e-01
3.210000e+03 4.890323e-01
3.211000e+03 4.890323e-01
3.212000e+03 0.000000e+00
3.213000e+03 0.000000e+00
3.214000e+03 0.000000e+00
3.215000e+03 0.000000e+00
3.216000e+03 0.000000e+00
3.217000e+03 1.743630e-01
3.218000e+03 7.045008e-01
3.219000e+03 7.045008e-01
3.220000e+03 5.211521e-01
3.221000e+03 4.180288e-01
3.222000e+03 4.180288e-01
3.223000e+03 1.068267e-01
3.224000e+03 6.942790e-02
3.225000e+03 5.462479e-02
3.226000e+03 0.000000e+00
3.227000e+03 0.000000e+00
3.228000e+03 2.218937e-01
3.229000e+03 6.064017e-01
3.230000e+03 6.064017e-01
3.231000e+03 1.737483e-01
3.232000e+03 0.000000e+00
3.233000e+03 0.000000e+00
3.234000e+03 0.000000e+00
3.235000e+03 0.000000e+00
3.236000e+03 0.000000e+00
3.237000e+03 0.000000e+00
3.238000e+03 0.000000e+00
3.239000e+03 0.000000e+00
3.240000e+03 0.000000e+00
3.241000e+03 0.000000e+00
3.242000e+03 1.231132e-01
3.243000e+03 5.235047e-01
3.244000e+03 5.235047e-01
3.245000e+03 3.408426e-01
3.246000e+03 3.235998e-01
3.247000e+03 4.183547e-01
3.248000e+03 8.933541e-01
3.249000e+03 8.933541e-01
3.250000e+03 3.631798e-01
3.251000e+03 0.000000e+00
3.252000e+03 0.000000e+00
3.253000e+03 1.931051e-01
3.254000e+03 4.698923e-01
3.255000e+03 4.698923e-01
3.256000e+03 4.012298e-01
3.257000e+03 3.955751e-01
3.258000e+03 2.370821e-01
3.259000e+03 0.000000e+00
3.260000e+03 0.000000e+00
3.261000e+03 0.000000e+00
3.262000e+03 0.000000e+00
3.263000e+03 0.000000e+00
3.264000e+03 1.587489e-01
3.265000e+03 4.907115e-01
3.266000e+03 4.907115e-01
3.267000e+03 3.963967e-01
3.268000e+03 3.897158e-01
3.269000e+03 4.726589e-01
3.270000e+03 8.349275e-01
3.271000e+03 8.349275e-01
3.272000e+03 5.988059e-01
3.273000e+03 2.967425e-01
3.274000e+03 2.967425e-01
3.275000e+03 3.912913e-01
3.276000e+03 4.335399e-01
3.277000e+03 4.335399e-01
3.278000e+03 7.867803e-01
3.279000e+03 8.079071e-01
3.280000e+03 6.962655e-01
3.281000e+03 2.381972e-01
3.282000e+03 2.381972e-01
3.283000e+03 3.784631e-01
3.284000e+03 5.510506e-01
3.285000e+03 5.510506e-01
3.286000e+03 1.084375e+00
3.287000e+03 1.312169e+00
3.288000e+03 1.312169e+00
3.289000e+03 1.233712e+00
3.290000e+03 1.229848e+00
3.291000e+03 9.436021e-01
3.292000e+03 0.000000e+00
3.293000e+03 0.000000e+00
3.294000e+03 2.526845e-01
3.295000e+03 7.459753e-01
3.296000e+03 7.459753e-01
3.297000e+03 1.482128e+00
3.298000e+03 1.782739e+00
3.299000e+03 1.782739e+00
3.300000e+03 9.685353e-01
3.301000e+03 9.366803e-01
3.302000e+03 8.018637e-01
3.303000e+03 3.085678e-01
3.304000e+03 3.085678e-01
3.305000e+03 3.923811e-01
3.306000e+03 4.880730e-01
3.307000e+03 4.880730e-01
3.308000e+03 6.436786e-01
3.309000e+03 7.044399e-01
3.310000e+03 7.044399e-01
3.311000e+03 1.349192e+00
3.312000e+03 1.368159e+00
3.313000e+03 1.189803e+00
3.314000e+03 5.707146e-01
3.315000e+03 5.707146e-01
3.316000e+03 6.383388e-01
3.317000e+03 7.128170e-01
3.318000e+03 7.128170e-01
3.319000e+03 8.124038e-01
3.320000e+03 8.495945e-01
3.321000e+03 8.495945e-01
3.322000e+03 7.740646e-01
3.323000e+03 7.725460e-01
3.324000e+03 8.636166e-01
3.325000e+03 1.164287e+00
3.326000e+03 1.164287e+00
3.327000e+03 1.117618e+00
3.328000e+03 1.067993e+00
3.329000e+03 1.067993e+00
3.330000e+03 1.324768e+00
3.331000e+03 1.416488e+00
3.332000e+03 1.416488e+00
3.333000e+03 2.086703e+00
3.334000e+03 2.094187e+00
3.335000e+03 1.520785e+00
3.336000e+03 0.000000e+00
3.337000e+03 0.000000e+00
3.338000e+03 2.150264e-02
3.339000e+03 3.355742e-01
3.340000e+03 3.355742e-01
3.341000e+03 1.000445e+00
3.342000e+03 1.227628e+00
3.343000e+03 1.227628e+00
3.344000e+03 1.080184e+00
3.345000e+03 1.079803e+00
3.346000e+03 1.442669e+00
3.347000e+03 2.534107e+00
3.348000e+03 2.534107e+00
3.349000e+03 1.483530e+00
3.350000e+03 4.395987e-01
3.351000e+03 4.395987e-01
3.352000e+03 1.022807e+00
3.353000e+03 1.213446e+00
3.354000e+03 1.208094e+00
3.355000e+03 2.742842e-01
3.356000e+03 2.742842e-01
3.357000e+03 4.161769e-01
3.358000e+03 8.248148e-01
3.359000e+03 8.248148e-01
3.360000e+03 7.523221e-01
3.361000e+03 6.826068e-01
3.362000e+03 6.826068e-01
3.363000e+03 1.951880e+00
3.364000e+03 2.348800e+00
3.365000e+03 2.328867e+00
3.366000e+03 9.025971e-01
3.367000e+03 9.025971e-01
3.368000e+03 8.135178e-01
3.369000e+03 5.674304e-01
3.370000e+03 5.674304e-01
3.371000e+03 5.452332e-01
3.372000e+03 5.245585e-01
3.373000e+03 5.245585e-01
3.374000e+03 1.196714e+00
3.375000e+03 1.397799e+00
3.376000e+03 1.395363e+00
3.377000e+03 1.285480e+00
3.378000e+03 1.285480e+00
3.379000e+03 1.309672e+00
3.380000e+03 1.373891e+00
3.381000e+03 1.373891e+00
3.382000e+03 1.800035e+00
3.383000e+03 2.184721e+00
3.384000e+03 2.184721e+00
3.385000e+03 1.488188e+00
3.386000e+03 1.288845e+00
3.387000e+03 1.288433e+00
3.388000e+03 1.274861e+00
3.389000e+03 1.274861e+00
3.390000e+03 1.301502e+00
3.391000e+03 1.369565e+00
3.392000e+03 1.369565e+00
3.393000e+03 1.523242e+00
3.394000e+03 1.657784e+00
3.395000e+03 1.657784e+00
3.396000e+03 1.592085e+00
3.397000e+03 1.574099e+00
3.398000e+03 1.543999e+00
3.399000e+03 7.592878e-01
3.400000e+03 7.592878e-01
3.401000e+03 1.021807e+00
3.402000e+03 1.668290e+00
3.403000e+03 1.668290e+00
3.404000e+03 1.260325e+00
3.405000e+03 9.137033e-01
3.406000e+03 9.137033e-01
3.407000e+03 1.427006e+00
3.408000e+03 1.561418e+00
3.409000e+03 1.513612e+00
3.410000e+03 4.824629e-01
3.411000e+03 4.824629e-01
3.412000e+03 7.140340e-01
3.413000e+03 1.264471e+00
3.414000e+03 1.264471e+00
3.415000e+03 1.083671e+00
3.416000e+03 9.345011e-01
3.417000e+03 9.345011e-01
3.418000e+03 9.625834e-01
3.419000e+03 9.696161e-01
3.420000e+03 1.005829e+00
3.421000e+03 1.672703e+00
3.422000e+03 1.672703e+00
3.423000e+03 1.640152e+00
3.424000e+03 1.565375e+00
3.425000e+03 1.565375e+00
3.426000e+03 1.667954e+00
3.427000e+03 1.750187e+00
3.428000e+03 1.750187e+00
3.429000e+03 1.877219e+00
3.430000e+03 1.907639e+00
3.431000e+03 1.883115e+00
3.432000e+03 1.488702e+00
3.433000e+03 1.488702e+00
3.434000e+03 1.533396e+00
3.435000e+03 1.632751e+00
3.436000e+03 1.632751e+00
3.437000e+03 1.016462e+00
3.438000e+03 5.361442e-01
3.439000e+03 5.361442e-01
3.440000e+03 1.307652e+00
3.441000e+03 1.484281e+00
3.442000e+03 1.422626e+00
3.443000e+03 5.417190e-01
3.444000e+03 5.417190e-01
3.445000e+03 6.954823e-01
3.446000e+03 1.026614e+00
3.447000e+03 1.026614e+00
3.448000e+03 1.404461e+00
3.449000e+03 1.690914e+00
3.450000e+03 1.690914e+00
3.451000e+03 1.523643e+00
3.452000e+03 1.487040e+00
3.453000e+03 1.552498e+00
3.454000e+03 2.394563e+00
3.455000e+03 2.394563e+00
3.456000e+03 2.180804e+00
3.457000e+03 1.734371e+00
3.458000e+03 1.734371e+00
3.459000e+03 1.859592e+00
3.460000e+03 1.951984e+00
3.461000e+03 1.951984e+00
3.462000e+03 6.437862e-01
3.463000e+03 3.702487e-01
3.464000e+03 4.461854e-01
3.465000e+03 1.335242e+00
3.466000e+03 1.335242e+00
3.467000e+03 1.293693e+00
3.468000e+03 1.209455e+00
3.469000e+03 1.209455e+00
3.470000e+03 1.549764e+00
3.471000e+03 1.794262e+00
3.472000e+03 1.794262e+00
3.473000e+03 1.954717e+00
3.474000e+03 1.986766e+00
3.475000e+03 1.954834e+00
3.476000e+03 1.611564e+00
3.477000e+03 1.611564e+00
3.478000e+03 1.540347e+00
3.479000e+03 1.400040e+00
3.480000e+03 1.400040e+00
3.481000e+03 2.243857e+00
3.482000e+03 2.834469e+00
3.483000e+03 2.834469e+00
3.484000e+03 1.975371e+00
3.485000e+03 1.811517e+00
3.486000e+03 1.874144e+00
3.487000e+03 2.496885e+00
3.488000e+03 2.496885e+00
3.489000e+03 2.210847e+00
3.490000e+03 1.662768e+00
3.491000e+03 1.662768e+00
3.492000e+03 1.515955e+00
3.493000e+03 1.415800e+00
3.494000e+03 1.415800e+00
3.495000e+03 1.309178e+00
3.496000e+03 1.289767e+00
3.497000e+03 1.315292e+00
3.498000e+03 1.551546e+00
3.499000e+03 1.551546e+00
3.500000e+03 1.695298e+00
3.501000e+03 1.963422e+00
3.502000e+03 1.963422e+00
3.503000e+03 2.357410e+00
3.504000e+03 2.619498e+00
3.505000e+03 2.619498e+00
3.506000e+03 2.840424e+00
3.507000e+03 2.878796e+00
3.508000e+03 2.865738e+00
3.509000e+03 2.752628e+00
3.510000e+03 2.752628e+00
3.511000e+03 2.891017e+00
3.512000e+03 3.142480e+00
3.513000e+03 3.142480e+00
3.514000e+03 2.449605e+00
3.515000e+03 1.999969e+00
3.516000e+03 1.999969e+00
3.517000e+03 2.130976e+00
3.518000e+03 2.152674e+00
3.519000e+03 2.133208e+00
3.520000e+03 1.974680e+00
3.521000e+03 1.974680e+00
3.522000e+03 2.048385e+00
3.523000e+03 2.178957e+00
3.524000e+03 2.178957e+00
3.525000e+03 2.051649e+00
3.526000e+03 1.971021e+00
3.527000e+03 1.971021e+00
3.528000e+03 1.604133e+00
3.529000e+03 1.546223e+00
3.530000e+03 1.665489e+00
3.531000e+03 2.582435e+00
3.532000e+03 2.582435e+00
3.533000e+03 2.705734e+00
3.534000e+03 2.918844e+00
3.535000e+03 2.918844e+00
3.536000e+03 3.067063e+00
3.537000e+03 3.158712e+00
3.538000e+03 3.158712e+00
3.539000e+03 3.554693e+00
3.540000e+03 3.614220e+00
3.541000e+03 3.715088e+00
3.542000e+03 4.449850e+00
3.543000e+03 4.449850e+00
3.544000e+03 4.232192e+00
3.545000e+03 3.864893e+00
3.546000e+03 3.864893e+00
3.547000e+03 3.992119e+00
3.548000e+03 4.068955e+00
3.549000e+03 4.068955e+00
3.550000e+03 1.525128e+00
3.551000e+03 1.161187e+00
3.552000e+03 1.466993e+00
3.553000e+03 3.584371e+00
3.554000e+03 3.584371e+00
3.555000e+03 3.561626e+00
3.556000e+03 3.524129e+00
3.557000e+03 3.524129e+00
3.558000e+03 3.154794e+00
3.559000e+03 2.936859e+00
3.560000e+03 2.936859e+00
3.561000e+03 2.824865e+00
3.562000e+03 2.809628e+00
3.563000e+03 2.794898e+00
3.564000e+03 2.697676e+00
3.565000e+03 2.697676e+00
3.566000e+03 2.363959e+00
3.567000e+03 1.826131e+00
3.568000e+03 1.826131e+00
3.569000e+03 2.139010e+00
3.570000e+03 2.319458e+00
3.571000e+03 2.319458e+00
3.572000e+03 1.310833e+00
3.573000e+03 1.180457e+00
3.574000e+03 1.285565e+00
3.575000e+03 1.948569e+00
3.576000e+03 1.948569e+00
3.577000e+03 1.700773e+00
3.578000e+03 1.310148e+00
3.579000e+03 1.310148e+00
3.580000e+03 1.284280e+00
3.581000e+03 1.269693e+00
3.582000e+03 1.269693e+00
3.583000e+03 1.319297e+00
3.584000e+03 1.325383e+00
3.585000e+03 1.442933e+00
3.586000e+03 2.153215e+00
3.587000e+03 2.153215e+00
3.588000e+03 2.290382e+00
3.589000e+03 2.502002e+00
3.590000e+03 2.502002e+00
3.591000e+03 2.478818e+00
3.592000e+03 2.466032e+00
3.593000e+03 2.466032e+00
3.594000e+03 2.244234e+00
3.595000e+03 2.218434e+00
3.596000e+03 2.164855e+00
3.597000e+03 1.854075e+00
3.598000e+03 1.854075e+00
3.599000e+03 1.933602e+00
3.600000e+03 2.053740e+00
3.601000e+03 2.053740e+00
3.602000e+03 2.419709e+00
3.603000e+03 2.617166e+00
3.604000e+03 2.617166e+00
3.605000e+03 2.244798e+00
3.606000e+03 2.203780e+00
3.607000e+03 2.185346e+00
3.608000e+03 2.082506e+00
3.609000e+03 2.082506e+00
3.610000e+03 2.137097e+00
3.611000e+03 2.217890e+00
3.612000e+03 2.217890e+00
3.613000e+03 2.071379e+00
3.614000e+03 1.994021e+00
3.615000e+03 1.994021e+00
3.616000e+03 2.786640e+00
3.617000e+03 2.869204e+00
3.618000e+03 2.848984e+00
3.619000e+03 2.740305e+00
3.620000e+03 2.740305e+00
3.621000e+03 2.824709e+00
3.622000e+03 2.947144e+00
3.623000e+03 2.947144e+00
3.624000e+03 2.767186e+00
3.625000e+03 2.674175e+00
3.626000e+03 2.674175e+00
3.627000e+03 2.299893e+00
3.628000e+03 2.263080e+00
3.629000e+03 2.369982e+00
3.630000e+03 2.924454e+00
3.631000e+03 2.924454e+00
3.632000e+03 2.388758e+00
3.633000e+03 1.626785e+00
3.634000e+03 1.626785e+00
3.635000e+03 1.907023e+00
3.636000e+03 2.048837e+00
3.637000e+03 2.048837e+00
3.638000e+03 2.732090e+00
3.639000e+03 2.795434e+00
3.640000e+03 2.875363e+00
3.641000e+03 3.276008e+00
3.642000e+03 3.276008e+00
3.643000e+03 3.126455e+00
3.644000e+03 2.917777e+00
3.645000e+03 2.917777e+00
3.646000e+03 2.753180e+00
3.647000e+03 2.671607e+00
3.648000e+03 2.671607e+00
3.649000e+03 1.538329e+00
3.650000e+03 1.439483e+00
3.651000e+03 1.644944e+00
3.652000e+03 2.641580e+00
3.653000e+03 2.641580e+00
3.654000e+03 2.582434e+00
3.655000e+03 2.501442e+00
3.656000e+03 2.501442e+00
3.657000e+03 2.791517e+00
3.658000e+03 2.932339e+00
3.659000e+03 2.932339e+00
3.660000e+03 2.964833e+00
3.661000e+03 2.967493e+00
3.662000e+03 2.952368e+00
3.663000e+03 2.881283e+00
3.664000e+03 2.881283e+00
3.665000e+03 2.840193e+00
3.666000e+03 2.784954e+00
3.667000e+03 2.784954e+00
3.668000e+03 2.955930e+00
3.669000e+03 3.037252e+00
3.670000e+03 3.037252e+00
3.671000e+03 2.718388e+00
3.672000e+03 2.693939e+00
3.673000e+03 2.622252e+00
3.674000e+03 2.295431e+00
3.675000e+03 2.295431e+00
3.676000e+03 2.480377e+00
3.677000e+03 2.724549e+00
3.678000e+03 2.724549e+00
3.679000e+03 2.247151e+00
3.680000e+03 2.024641e+00
3.681000e+03 2.024641e+00
3.682000e+03 2.417470e+00
3.683000e+03 2.445599e+00
3.684000e+03 2.391958e+00
3.685000e+03 2.154497e+00
3.686000e+03 2.154497e+00
3.687000e+03 2.391829e+00
3.688000e+03 2.699649e+00
3.689000e+03 2.699649e+00
3.690000e+03 2.704119e+00
3.691000e+03 2.706161e+00
3.692000e+03 2.706161e+00
3.693000e+03 2.351029e+00
3.694000e+03 2.327356e+00
3.695000e+03 2.482402e+00
3.696000e+03 3.149542e+00
3.697000e+03 3.149542e+00
3.698000e+03 3.342563e+00
3.699000e+03 3.588578e+00
3.700000e+03 3.588578e+00
3.701000e+03 3.701434e+00
3.702000e+03 3.751969e+00
3.703000e+03 3.751969e+00
3.704000e+03 2.143722e+00
3.705000e+03 2.044286e+00
3.706000e+03 2.208948e+00
3.707000e+03 2.898216e+00
3.708000e+03 2.898216e+00
3.709000e+03 2.728807e+00
3.710000e+03 2.516563e+00
3.711000e+03 2.516563e+00
3.712000e+03 2.641506e+00
3.713000e+03 2.696355e+00
3.714000e+03 2.696355e+00
3.715000e+03 2.334698e+00
3.716000e+03 2.314045e+00
3.717000e+03 2.421663e+00
3.718000e+03 2.860271e+00
3.719000e+03 2.860271e+00
3.720000e+03 2.220797e+00
3.721000e+03 1.433065e+00
3.722000e+03 1.433065e+00
3.723000e+03 1.402837e+00
3.724000e+03 1.389827e+00
3.725000e+03 1.389827e+00
3.726000e+03 1.723834e+00
3.727000e+03 1.741365e+00
3.728000e+03 1.999245e+00
3.729000e+03 3.023332e+00
3.730000e+03 3.023332e+00
3.731000e+03 2.649348e+00
3.732000e+03 2.196276e+00
3.733000e+03 2.196276e+00
3.734000e+03 2.010836e+00
3.735000e+03 1.932571e+00
3.736000e+03 1.932571e+00
3.737000e+03 8.043356e-01
3.738000e+03 7.502203e-01
3.739000e+03 8.742037e-01
3.740000e+03 1.354284e+00
3.741000e+03 1.354284e+00
3.742000e+03 1.274826e+00
3.743000e+03 1.180134e+00
3.744000e+03 1.180134e+00
3.745000e+03 1.622495e+00
3.746000e+03 1.805577e+00
3.747000e+03 1.805577e+00
3.748000e+03 1.373899e+00
3.749000e+03 1.355108e+00
3.750000e+03 1.473508e+00
3.751000e+03 1.920826e+00
3.752000e+03 1.920826e+00
3.753000e+03 2.121370e+00
3.754000e+03 2.356510e+00
3.755000e+03 2.356510e+00
3.756000e+03 3.090534e+00
3.757000e+03 3.388459e+00
3.758000e+03 3.388459e+00
3.759000e+03 2.727434e+00
3.760000e+03 2.701536e+00
3.761000e+03 2.812346e+00
3.762000e+03 3.221052e+00
3.763000e+03 3.221052e+00
3.764000e+03 3.253150e+00
3.765000e+03 3.290186e+00
3.766000e+03 3.290186e+00
3.767000e+03 3.342516e+00
3.768000e+03 3.363346e+00
3.769000e+03 3.363346e+00
3.770000e+03 3.744973e+00
3.771000e+03 3.758293e+00
3.772000e+03 3.934469e+00
3.773000e+03 4.569187e+00
3.774000e+03 4.569187e+00
3.775000e+03 3.979028e+00
3.776000e+03 3.308828e+00
3.777000e+03 3.308828e+00
3.778000e+03 3.164957e+00
3.779000e+03 3.108794e+00
3.780000e+03 3.108794e+00
3.781000e+03 3.726769e+00
3.782000e+03 3.745741e+00
3.783000e+03 3.815108e+00
3.784000e+03 4.059345e+00
3.785000e+03 4.059345e+00
3.786000e+03 3.716902e+00
3.787000e+03 3.334096e+00
3.788000e+03 3.334096e+00
3.789000e+03 3.622746e+00
3.790000e+03 3.733253e+00
3.791000e+03 3.733253e+00
3.792000e+03 4.095212e+00
3.793000e+03 4.104827e+00
3.794000e+03 4.073140e+00
3.795000e+03 3.964056e+00
3.796000e+03 3.964056e+00
3.797000e+03 3.488987e+00
3.798000e+03 2.966159e+00
3.799000e+03 2.966159e+00
3.800000e+03 3.356553e+00
3.801000e+03 3.503122e+00
3.802000e+03 3.503122e+00
3.803000e+03 3.951154e+00
3.804000e+03 3.961228e+00
3.805000e+03 4.062859e+00
3.806000e+03 4.405075e+00
3.807000e+03 4.405075e+00
3.808000e+03 4.244758e+00
3.809000e+03 4.071042e+00
3.810000e+03 4.071042e+00
3.811000e+03 4.055575e+00
3.812000e+03 4.049881e+00
3.813000e+03 4.049881e+00
3.814000e+03 3.386558e+00
3.815000e+03 3.374311e+00
3.816000e+03 3.396126e+00
3.817000e+03 3.468001e+00
3.818000e+03 3.468001e+00
3.819000e+03 3.269961e+00
3.820000e+03 3.058657e+00
3.821000e+03 3.058657e+00
3.822000e+03 2.758636e+00
3.823000e+03 2.650331e+00
3.824000e+03 2.650331e+00
3.825000e+03 2.484262e+00
3.826000e+03 2.481856e+00
3.827000e+03 2.361416e+00
3.828000e+03 1.972981e+00
3.829000e+03 1.972981e+00
3.830000e+03 2.516822e+00
3.831000e+03 3.088239e+00
3.832000e+03 3.088239e+00
3.833000e+03 3.596788e+00
3.834000e+03 3.776775e+00
3.835000e+03 3.776775e+00
3.836000e+03 3.057757e+00
3.837000e+03 3.050165e+00
3.838000e+03 3.045851e+00
3.839000e+03 3.032227e+00
3.840000e+03 3.032227e+00
3.841000e+03 3.109887e+00
3.842000e+03 3.190244e+00
3.843000e+03 3.190244e+00
3.844000e+03 3.098659e+00
3.845000e+03 3.066883e+00
3.846000e+03 3.066883e+00
3.847000e+03 3.318663e+00
3.848000e+03 3.320342e+00
3.849000e+03 3.463171e+00
3.850000e+03 3.904913e+00
3.851000e+03 3.904913e+00
3.852000e+03 3.206989e+00
3.853000e+03 2.495777e+00
3.854000e+03 2.495777e+00
3.855000e+03 3.299239e+00
3.856000e+03 3.572459e+00
3.857000e+03 3.572459e+00
3.858000e+03 2.812129e+00
3.859000e+03 2.809990e+00
3.860000e+03 2.640336e+00
3.861000e+03 2.126313e+00
3.862000e+03 2.126313e+00
3.863000e+03 2.258775e+00
3.864000e+03 2.391714e+00
3.865000e+03 2.391714e+00
3.866000e+03 2.389608e+00
3.867000e+03 2.388906e+00
3.868000e+03 2.389914e+00
3.869000e+03 3.385313e+00
3.870000e+03 3.385313e+00
3.871000e+03 3.657612e+00
3.872000e+03 4.466008e+00
3.873000e+03 4.466008e+00
3.874000e+03 4.117928e+00
3.875000e+03 3.773893e+00
3.876000e+03 3.773893e+00
3.877000e+03 3.579325e+00
3.878000e+03 3.515803e+00
3.879000e+03 3.513660e+00
3.880000e+03 3.072388e+00
3.881000e+03 3.072388e+00
3.882000e+03 3.220898e+00
3.883000e+03 3.652982e+00
3.884000e+03 3.652982e+00
3.885000e+03 3.375981e+00
3.886000e+03 3.106355e+00
3.887000e+03 3.106355e+00
3.888000e+03 3.058514e+00
3.889000e+03 3.043215e+00
3.890000e+03 3.050395e+00
3.891000e+03 3.872212e+00
3.892000e+03 3.872212e+00
3.893000e+03 3.885792e+00
3.894000e+03 3.924519e+00
3.895000e+03 3.924519e+00
3.896000e+03 3.830442e+00
3.897000e+03 3.740264e+00
3.898000e+03 3.740264e+00
3.899000e+03 3.205424e+00
3.900000e+03 3.037950e+00
3.901000e+03 3.043553e+00
3.902000e+03 3.486203e+00
3.903000e+03 3.486203e+00
3.904000e+03 3.769487e+00
3.905000e+03 4.561435e+00
3.906000e+03 4.561435e+00
3.907000e+03 4.334232e+00
3.908000e+03 4.119772e+00
3.909000e+03 4.119772e+00
3.910000e+03 3.892725e+00
3.911000e+03 3.823130e+00
3.912000e+03 3.820584e+00
3.913000e+03 3.667478e+00
3.914000e+03 3.667478e+00
3.915000e+03 3.831041e+00
3.916000e+03 4.279334e+00
3.917000e+03 4.279334e+00
3.918000e+03 4.064623e+00
3.919000e+03 3.865067e+00
3.920000e+03 3.865067e+00
3.921000e+03 3.744308e+00
3.922000e+03 3.708087e+00
3.923000e+03 3.693927e+00
3.924000e+03 3.008156e+00
3.925000e+03 3.008156e+00
3.926000e+03 2.972199e+00
3.927000e+03 2.875573e+00
3.928000e+03 2.875573e+00
3.929000e+03 2.943249e+00
3.930000e+03 3.005177e+00
3.931000e+03 3.005177e+00
3.932000e+03 2.820788e+00
3.933000e+03 2.766688e+00
3.934000e+03 2.782726e+00
3.935000e+03 3.431373e+00
3.936000e+03 3.431373e+00
3.937000e+03 3.371845e+00
3.938000e+03 3.214993e+00
3.939000e+03 3.214993e+00
3.940000e+03 3.322033e+00
3.941000e+03 3.418457e+00
3.942000e+03 3.418457e+00
3.943000e+03 3.035583e+00
3.944000e+03 2.925743e+00
3.945000e+03 2.908881e+00
3.946000e+03 2.324753e+00
3.947000e+03 2.324753e+00
3.948000e+03 2.442498e+00
3.949000e+03 2.746711e+00
3.950000e+03 2.746711e+00
3.951000e+03 3.455746e+00
3.952000e+03 4.084434e+00
3.953000e+03 4.084434e+00
3.954000e+03 3.933803e+00
3.955000e+03 3.891570e+00
3.956000e+03 3.884898e+00
3.957000e+03 3.683177e+00
3.958000e+03 3.683177e+00
3.959000e+03 3.300868e+00
3.960000e+03 2.332310e+00
3.961000e+03 2.332310e+00
3.962000e+03 1.827600e+00
3.963000e+03 1.387175e+00
3.964000e+03 1.387175e+00
3.965000e+03 1.938134e+00
3.966000e+03 2.089027e+00
3.967000e+03 2.118478e+00
3.968000e+03 2.906872e+00
3.969000e+03 2.906872e+00
3.970000e+03 3.200191e+00
3.971000e+03 3.928833e+00
3.972000e+03 3.928833e+00
3.973000e+03 4.253560e+00
3.974000e+03 4.532390e+00
3.975000e+03 4.532390e+00
3.976000e+03 4.948359e+00
3.977000e+03 5.059578e+00
3.978000e+03 5.088235e+00
3.979000e+03 5.775183e+00
3.980000e+03 5.775183e+00
3.981000e+03 5.796301e+00
3.982000e+03 5.847739e+00
3.983000e+03 5.847739e+00
3.984000e+03 5.887931e+00
3.985000e+03 5.921883e+00
3.986000e+03 5.921883e+00
3.987000e+03 6.339558e+00
3.988000e+03 6.448518e+00
3.989000e+03 6.434961e+00
3.990000e+03 6.141287e+00
3.991000e+03 6.141287e+00
3.992000e+03 5.869011e+00
3.993000e+03 5.218799e+00
3.994000e+03 5.218799e+00
3.995000e+03 5.016389e+00
3.996000e+03 4.848209e+00
3.997000e+03 4.848209e+00
3.998000e+03 5.947758e+00
3.999000e+03 6.227442e+00
4.000000e+03 6.222048e+00
4.001000e+03 6.115667e+00
4.002000e+03 6.115667e+00
4.003000e+03 6.180641e+00
4.004000e+03 6.332757e+00
4.005000e+03 6.332757e+00
4.006000e+03 6.658335e+00
4.007000e+03 6.924354e+00
4.008000e+03 6.924354e+00
4.009000e+03 6.957657e+00
4.010000e+03 6.965910e+00
4.011000e+03 6.982657e+00
4.012000e+03 7.285273e+00
4.013000e+03 7.285273e+00
4.014000e+03 7.400327e+00
4.015000e+03 7.664377e+00
4.016000e+03 7.664377e+00
4.017000e+03 7.724875e+00
4.018000e+03 7.773472e+00
4.019000e+03 7.773472e+00
4.020000e+03 7.355754e+00
4.021000e+03 7.254960e+00
4.022000e+03 7.226489e+00
4.023000e+03 6.752594e+00
4.024000e+03 6.752594e+00
4.025000e+03 6.570642e+00
4.026000e+03 6.161348e+00
4.027000e+03 6.161348e+00
4.028000e+03 6.317299e+00
4.029000e+03 6.440421e+00
4.030000e+03 6.440421e+00
4.031000e+03 6.122731e+00
4.032000e+03 6.048160e+00
4.033000e+03 5.944967e+00
4.034000e+03 4.355768e+00
4.035000e+03 4.355768e+00
4.036000e+03 4.599351e+00
4.037000e+03 5.136336e+00
4.038000e+03 5.136336e+00
4.039000e+03 6.184873e+00
4.040000e+03 6.998258e+00
4.041000e+03 6.998258e+00
4.042000e+03 7.487684e+00
4.043000e+03 7.599340e+00
4.044000e+03 7.533856e+00
4.045000e+03 6.597118e+00
4.046000e+03 6.597118e+00
4.047000e+03 6.416000e+00
4.048000e+03 6.024758e+00
4.049000e+03 6.024758e+00
4.050000e+03 6.592148e+00
4.051000e+03 7.024482e+00
4.052000e+03 7.024482e+00
4.053000e+03 7.563956e+00
4.054000e+03 7.683457e+00
4.055000e+03 7.667594e+00
4.056000e+03 7.456104e+00
4.057000e+03 7.456104e+00
4.058000e+03 7.516979e+00
4.059000e+03 7.645811e+00
4.060000e+03 7.645811e+00
4.061000e+03 6.928369e+00
4.062000e+03 6.391578e+00
4.063000e+03 6.391578e+00
4.064000e+03 6.294353e+00
4.065000e+03 6.273463e+00
4.066000e+03 6.199325e+00
4.067000e+03 5.275367e+00
4.068000e+03 5.275367e+00
4.069000e+03 5.534946e+00
4.070000e+03 6.073046e+00
4.071000e+03 6.073046e+00
4.072000e+03 6.049435e+00
4.073000e+03 6.032095e+00
4.074000e+03 6.032095e+00
4.075000e+03 5.872291e+00
4.076000e+03 5.839027e+00
4.077000e+03 5.868151e+00
4.078000e+03 6.208308e+00
4.079000e+03 6.208308e+00
4.080000e+03 6.129326e+00
4.081000e+03 5.968984e+00
4.082000e+03 5.968984e+00
4.083000e+03 5.815001e+00
4.084000e+03 5.704038e+00
4.085000e+03 5.704038e+00
4.086000e+03 5.810001e+00
4.087000e+03 5.831342e+00
4.088000e+03 5.899473e+00
4.089000e+03 6.646970e+00
4.090000e+03 6.646970e+00
4.091000e+03 6.437672e+00
4.092000e+03 6.021658e+00
4.093000e+03 6.021658e+00
4.094000e+03 5.942251e+00
4.095000e+03 5.886128e+00
4.096000e+03 5.886128e+00
4.097000e+03 5.475351e+00
4.098000e+03 5.395406e+00
4.099000e+03 5.392643e+00
4.100000e+03 5.364109e+00
4.101000e+03 5.364109e+00
4.102000e+03 5.433360e+00
4.103000e+03 5.568099e+00
4.104000e+03 5.568099e+00
4.105000e+03 5.605857e+00
4.106000e+03 5.632021e+00
4.107000e+03 5.632021e+00
4.108000e+03 5.544249e+00
4.109000e+03 5.527767e+00
4.110000e+03 5.533086e+00
4.111000e+03 5.584883e+00
4.112000e+03 5.584883e+00
4.113000e+03 5.448738e+00
4.114000e+03 5.189515e+00
4.115000e+03 5.189515e+00
4.116000e+03 5.325958e+00
4.117000e+03 5.418607e+00
4.118000e+03 5.418607e+00
4.119000e+03 6.172900e+00
4.120000e+03 6.309345e+00
4.121000e+03 6.245639e+00
4.122000e+03 5.659689e+00
4.123000e+03 5.659689e+00
4.124000e+03 5.611533e+00
4.125000e+03 5.521828e+00
4.126000e+03 5.521828e+00
4.127000e+03 5.927506e+00
4.128000e+03 6.197321e+00
4.129000e+03 6.197321e+00
4.130000e+03 6.015513e+00
4.131000e+03 5.983888e+00
4.132000e+03 5.957054e+00
4.133000e+03 5.723608e+00
4.134000e+03 5.723608e+00
4.135000e+03 5.647024e+00
4.136000e+03 5.507493e+00
4.137000e+03 5.507493e+00
4.138000e+03 5.676367e+00
4.139000e+03 5.786324e+00
4.140000e+03 5.786324e+00
4.141000e+03 6.145065e+00
4.142000e+03 6.204955e+00
4.143000e+03 6.146431e+00
4.144000e+03 5.664234e+00
4.145000e+03 5.664234e+00
4.146000e+03 5.654315e+00
4.147000e+03 5.636644e+00
4.148000e+03 5.636644e+00
4.149000e+03 5.668543e+00
4.150000e+03 5.688865e+00
4.151000e+03 5.688865e+00
4.152000e+03 6.104227e+00
4.153000e+03 6.170637e+00
4.154000e+03 6.221368e+00
4.155000e+03 6.617702e+00
4.156000e+03 6.617702e+00
4.157000e+03 6.448849e+00
4.158000e+03 6.154842e+00
4.159000e+03 6.154842e+00
4.160000e+03 6.202680e+00
4.161000e+03 6.232483e+00
4.162000e+03 6.232483e+00
4.163000e+03 6.124256e+00
4.164000e+03 6.107723e+00
4.165000e+03 6.125546e+00
4.166000e+03 6.257715e+00
4.167000e+03 6.257715e+00
4.168000e+03 6.232300e+00
4.169000e+03 6.189060e+00
4.170000e+03 6.189060e+00
4.171000e+03 6.346734e+00
4.172000e+03 6.442740e+00
4.173000e+03 6.442740e+00
4.174000e+03 5.751468e+00
4.175000e+03 5.650831e+00
4.176000e+03 5.755406e+00
4.177000e+03 6.492158e+00
4.178000e+03 6.492158e+00
4.179000e+03 6.372569e+00
4.180000e+03 6.173833e+00
4.181000e+03 6.173833e+00
4.182000e+03 6.015527e+00
4.183000e+03 5.921382e+00
4.184000e+03 5.921382e+00
4.185000e+03 5.714846e+00
4.186000e+03 5.686275e+00
4.187000e+03 5.622453e+00
4.188000e+03 5.194899e+00
4.189000e+03 5.194899e+00
4.190000e+03 5.246341e+00
4.191000e+03 5.329812e+00
4.192000e+03 5.329812e+00
4.193000e+03 5.967956e+00
4.194000e+03 6.338380e+00
4.195000e+03 6.338380e+00
4.196000e+03 6.397113e+00
4.197000e+03 6.404808e+00
4.198000e+03 6.306396e+00
4.199000e+03 5.679028e+00
4.200000e+03 5.679028e+00
4.201000e+03 5.200975e+00
4.202000e+03 4.443880e+00
4.203000e+03 4.443880e+00
4.204000e+03 5.279813e+00
4.205000e+03 5.753103e+00
4.206000e+03 5.753103e+00
4.207000e+03 5.351323e+00
4.208000e+03 5.301644e+00
4.209000e+03 5.332046e+00
4.210000e+03 5.516600e+00
4.211000e+03 5.516600e+00
4.212000e+03 5.197353e+00
4.213000e+03 4.704080e+00
4.214000e+03 4.704080e+00
4.215000e+03 4.719680e+00
4.216000e+03 4.728288e+00
4.217000e+03 4.728288e+00
4.218000e+03 4.112084e+00
4.219000e+03 4.040480e+00
4.220000e+03 3.916264e+00
4.221000e+03 3.197766e+00
4.222000e+03 3.197766e+00
4.223000e+03 2.938427e+00
4.224000e+03 2.547651e+00
4.225000e+03 2.547651e+00
4.226000e+03 1.986919e+00
4.227000e+03 1.685561e+00
4.228000e+03 1.685561e+00
4.229000e+03 8.379969e-01
4.230000e+03 7.458736e-01
4.231000e+03 8.566977e-01
4.232000e+03 1.467843e+00
4.233000e+03 1.467843e+00
4.234000e+03 1.738282e+00
4.235000e+03 2.135512e+00
4.236000e+03 2.135512e+00
4.237000e+03 2.677696e+00
4.238000e+03 2.961250e+00
4.239000e+03 2.961250e+00
4.240000e+03 3.418350e+00
4.241000e+03 3.464569e+00
4.242000e+03 3.502809e+00
4.243000e+03 3.703949e+00
4.244000e+03 3.703949e+00
4.245000e+03 3.750026e+00
4.246000e+03 3.815968e+00
4.247000e+03 3.815968e+00
4.248000e+03 4.200847e+00
4.249000e+03 4.396549e+00
4.250000e+03 4.396549e+00
4.251000e+03 3.972759e+00
4.252000e+03 3.933149e+00
4.253000e+03 3.915249e+00
4.254000e+03 3.825402e+00
4.255000e+03 3.825402e+00
4.256000e+03 3.749861e+00
4.257000e+03 3.644573e+00
4.258000e+03 3.644573e+00
4.259000e+03 4.243385e+00
4.260000e+03 4.539151e+00
4.261000e+03 4.539151e+00
4.262000e+03 4.196115e+00
4.263000e+03 4.166698e+00
4.264000e+03 4.145273e+00
4.265000e+03 4.042610e+00
4.266000e+03 4.042610e+00
4.267000e+03 4.201437e+00
4.268000e+03 4.416917e+00
4.269000e+03 4.416917e+00
4.270000e+03 4.810314e+00
4.271000e+03 4.998875e+00
4.272000e+03 4.998875e+00
4.273000e+03 4.610422e+00
4.274000e+03 4.580132e+00
4.275000e+03 4.499382e+00
4.276000e+03 4.129898e+00
4.277000e+03 4.129898e+00
4.278000e+03 4.394929e+00
4.279000e+03 4.744751e+00
4.280000e+03 4.744751e+00
4.281000e+03 5.482779e+00
4.282000e+03 5.825712e+00
4.283000e+03 5.825712e+00
4.284000e+03 5.266271e+00
4.285000e+03 5.227038e+00
4.286000e+03 5.250726e+00
4.287000e+03 5.354259e+00
4.288000e+03 5.354259e+00
4.289000e+03 5.404581e+00
4.290000e+03 5.469167e+00
4.291000e+03 5.469167e+00
4.292000e+03 4.601371e+00
4.293000e+03 4.210896e+00
4.294000e+03 4.210896e+00
4.295000e+03 5.283913e+00
4.296000e+03 5.350671e+00
4.297000e+03 5.388934e+00
4.298000e+03 5.548726e+00
4.299000e+03 5.548726e+00
4.300000e+03 5.356749e+00
4.301000e+03 5.117288e+00
4.302000e+03 5.117288e+00
4.303000e+03 4.798212e+00
4.304000e+03 4.659344e+00
4.305000e+03 4.659344e+00
4.306000e+03 5.375300e+00
4.307000e+03 5.414131e+00
4.308000e+03 5.403626e+00
4.309000e+03 5.361700e+00
4.310000e+03 5.361700e+00
4.311000e+03 5.179186e+00
4.312000e+03 4.958067e+00
4.313000e+03 4.958067e+00
4.314000e+03 5.701238e+00
4.315000e+03 6.013699e+00
4.316000e+03 6.013699e+00
4.317000e+03 5.561469e+00
4.318000e+03 5.540578e+00
4.319000e+03 5.557515e+00
4.320000e+03 5.622124e+00
4.321000e+03 5.622124e+00
4.322000e+03 5.913140e+00
4.323000e+03 6.255380e+00
4.324000e+03 6.255380e+00
4.325000e+03 6.515778e+00
4.326000e+03 6.621403e+00
4.327000e+03 6.621403e+00
4.328000e+03 6.346936e+00
4.329000e+03 6.336481e+00
4.330000e+03 6.379037e+00
4.331000e+03 6.534230e+00
4.332000e+03 6.534230e+00
4.333000e+03 6.736285e+00
4.334000e+03 6.966801e+00
4.335000e+03 6.966801e+00
4.336000e+03 7.380177e+00
4.337000e+03 7.541718e+00
4.338000e+03 7.541718e+00
4.339000e+03 7.441366e+00
4.340000e+03 7.438363e+00
4.341000e+03 7.440827e+00
4.342000e+03 7.449418e+00
4.343000e+03 7.449418e+00
4.344000e+03 7.508042e+00
4.345000e+03 7.572880e+00
4.346000e+03 7.572880e+00
4.347000e+03 7.833288e+00
4.348000e+03 7.931178e+00
4.349000e+03 7.931178e+00
4.350000e+03 8.268589e+00
4.351000e+03 8.275909e+00
4.352000e+03 8.001872e+00
4.353000e+03 7.088298e+00
4.354000e+03 7.088298e+00
4.355000e+03 6.983551e+00
4.356000e+03 6.871314e+00
4.357000e+03 6.871314e+00
4.358000e+03 6.633460e+00
4.359000e+03 6.547592e+00
4.360000e+03 6.547592e+00
4.361000e+03 6.711816e+00
4.362000e+03 6.714019e+00
4.363000e+03 6.673639e+00
4.364000e+03 6.544920e+00
4.365000e+03 6.544920e+00
4.366000e+03 6.308371e+00
4.367000e+03 6.062989e+00
4.368000e+03 6.062989e+00
4.369000e+03 7.052189e+00
4.370000e+03 7.394547e+00
4.371000e+03 7.394547e+00
4.372000e+03 6.731302e+00
4.373000e+03 6.727939e+00
4.374000e+03 6.865828e+00
4.375000e+03 7.286122e+00
4.376000e+03 7.286122e+00
4.377000e+03 7.367533e+00
4.378000e+03 7.449231e+00
4.379000e+03 7.449231e+00
4.380000e+03 7.847617e+00
4.381000e+03 7.979549e+00
4.382000e+03 7.977772e+00
4.383000e+03 7.447098e+00
4.384000e+03 7.447098e+00
4.385000e+03 7.124151e+00
4.386000e+03 6.182922e+00
4.387000e+03 6.182922e+00
4.388000e+03 6.838530e+00
4.389000e+03 7.474509e+00
4.390000e+03 7.474509e+00
4.391000e+03 7.672450e+00
4.392000e+03 7.735044e+00
4.393000e+03 7.737085e+00
4.394000e+03 7.906388e+00
4.395000e+03 7.906388e+00
4.396000e+03 7.819288e+00
4.397000e+03 7.576572e+00
4.398000e+03 7.576572e+00
4.399000e+03 7.672000e+00
4.400000e+03 7.761411e+00
4.401000e+03 7.761411e+00
4.402000e+03 8.032656e+00
4.403000e+03 8.114375e+00
4.404000e+03 8.109073e+00
4.405000e+03 7.858116e+00
4.406000e+03 7.858116e+00
4.407000e+03 7.709617e+00
4.408000e+03 7.313998e+00
4.409000e+03 7.313998e+00
4.410000e+03 7.894690e+00
4.411000e+03 8.419752e+00
4.412000e+03 8.419752e+00
4.413000e+03 9.041985e+00
4.414000e+03 9.220148e+00
4.415000e+03 9.233443e+00
4.416000e+03 9.668221e+00
4.417000e+03 9.668221e+00
4.418000e+03 9.540434e+00
4.419000e+03 9.214996e+00
4.420000e+03 9.214996e+00
4.421000e+03 9.400130e+00
4.422000e+03 9.561533e+00
4.423000e+03 9.561533e+00
4.424000e+03 1.020786e+01
4.425000e+03 1.038326e+01
4.426000e+03 1.030140e+01
4.427000e+03 8.276763e+00
4.428000e+03 8.276763e+00
4.429000e+03 8.483718e+00
4.430000e+03 8.987479e+00
4.431000e+03 8.987479e+00
4.432000e+03 9.491394e+00
4.433000e+03 9.914586e+00
4.434000e+03 9.914586e+00
4.435000e+03 1.021509e+01
4.436000e+03 1.029216e+01
4.437000e+03 1.024801e+01
4.438000e+03 9.377370e+00
4.439000e+03 9.377370e+00
4.440000e+03 9.689419e+00
4.441000e+03 1.041529e+01
4.442000e+03 1.041529e+01
4.443000e+03 1.064890e+01
4.444000e+03 1.083770e+01
4.445000e+03 1.083770e+01
4.446000e+03 1.066869e+01
4.447000e+03 1.062787e+01
4.448000e+03 1.071098e+01
4.449000e+03 1.206368e+01
4.450000e+03 1.206368e+01
4.451000e+03 1.183082e+01
4.452000e+03 1.131329e+01
4.453000e+03 1.131329e+01
4.454000e+03 1.093697e+01
4.455000e+03 1.064460e+01
4.456000e+03 1.064460e+01
4.457000e+03 9.714360e+00
4.458000e+03 9.503539e+00
4.459000e+03 9.544632e+00
4.460000e+03 1.011032e+01
4.461000e+03 1.011032e+01
4.462000e+03 1.043040e+01
4.463000e+03 1.110988e+01
4.464000e+03 1.110988e+01
4.465000e+03 1.116228e+01
4.466000e+03 1.120136e+01
4.467000e+03 1.120136e+01
4.468000e+03 1.287664e+01
4.469000e+03 1.323138e+01
4.470000e+03 1.321705e+01
4.471000e+03 1.304707e+01
4.472000e+03 1.304707e+01
4.473000e+03 1.313732e+01
4.474000e+03 1.332028e+01
4.475000e+03 1.332028e+01
4.476000e+03 1.362545e+01
4.477000e+03 1.384382e+01
4.478000e+03 1.384382e+01
4.479000e+03 1.424061e+01
4.480000e+03 1.431874e+01
4.481000e+03 1.425550e+01
4.482000e+03 1.360075e+01
4.483000e+03 1.360075e+01
4.484000e+03 1.365726e+01
4.485000e+03 1.376663e+01
4.486000e+03 1.376663e+01
4.487000e+03 1.465434e+01
4.488000e+03 1.526283e+01
4.489000e+03 1.526283e+01
4.490000e+03 1.500732e+01
4.491000e+03 1.496079e+01
4.492000e+03 1.485178e+01
4.493000e+03 1.385530e+01
4.494000e+03 1.385530e+01
4.495000e+03 1.390149e+01
4.496000e+03 1.398680e+01
4.497000e+03 1.398680e+01
4.498000e+03 1.415440e+01
4.499000e+03 1.426431e+01
4.500000e+03 1.426431e+01
4.501000e+03 1.477413e+01
4.502000e+03 1.485944e+01
4.503000e+03 1.496930e+01
4.504000e+03 1.586400e+01
4.505000e+03 1.586400e+01
4.506000e+03 1.621272e+01
4.507000e+03 1.682706e+01
4.508000e+03 1.682706e+01
4.509000e+03 1.585373e+01
4.510000e+03 1.524400e+01
4.511000e+03 1.524400e+01
4.512000e+03 1.503229e+01
4.513000e+03 1.499998e+01
4.514000e+03 1.500940e+01
4.515000e+03 1.507819e+01
4.516000e+03 1.507819e+01
4.517000e+03 1.540817e+01
4.518000e+03 1.596247e+01
4.519000e+03 1.596247e+01
4.520000e+03 1.537083e+01
4.521000e+03 1.501730e+01
4.522000e+03 1.501730e+01
4.523000e+03 1.581814e+01
4.524000e+03 1.592861e+01
4.525000e+03 1.595931e+01
4.526000e+03 1.616191e+01
4.527000e+03 1.616191e+01
4.528000e+03 1.584494e+01
4.529000e+03 1.533750e+01
4.530000e+03 1.533750e+01
4.531000e+03 1.504519e+01
4.532000e+03 1.487886e+01
4.533000e+03 1.487886e+01
4.534000e+03 1.413015e+01
4.535000e+03 1.403782e+01
4.536000e+03 1.395978e+01
4.537000e+03 1.349256e+01
4.538000e+03 1.349256e+01
4.539000e+03 1.475772e+01
4.540000e+03 1.668710e+01
4.541000e+03 1.668710e+01
4.542000e+03 1.757123e+01
4.543000e+03 1.804947e+01
4.544000e+03 1.804947e+01
4.545000e+03 1.805591e+01
4.546000e+03 1.805661e+01
4.547000e+03 1.779600e+01
4.548000e+03 1.637387e+01
4.549000e+03 1.637387e+01
4.550000e+03 1.621402e+01
4.551000e+03 1.598193e+01
4.552000e+03 1.598193e+01
4.553000e+03 1.644384e+01
4.554000e+03 1.668090e+01
4.555000e+03 1.668090e+01
4.556000e+03 1.690028e+01
4.557000e+03 1.692096e+01
4.558000e+03 1.722084e+01
4.559000e+03 1.871787e+01
4.560000e+03 1.871787e+01
4.561000e+03 1.847118e+01
4.562000e+03 1.813042e+01
4.563000e+03 1.813042e+01
4.564000e+03 1.952128e+01
4.565000e+03 2.019711e+01
4.566000e+03 2.019711e+01
4.567000e+03 2.051481e+01
4.568000e+03 2.054018e+01
4.569000e+03 2.049625e+01
4.570000e+03 2.029498e+01
4.571000e+03 2.029498e+01
4.572000e+03 2.053527e+01
4.573000e+03 2.085085e+01
4.574000e+03 2.085085e+01
4.575000e+03 2.055846e+01
4.576000e+03 2.042424e+01
4.577000e+03 2.042424e+01
4.578000e+03 2.089582e+01
4.579000e+03 2.092671e+01
4.580000e+03 2.068042e+01
4.581000e+03 1.964191e+01
4.582000e+03 1.964191e+01
4.583000e+03 1.938034e+01
4.584000e+03 1.905394e+01
4.585000e+03 1.905394e+01
4.586000e+03 1.819973e+01
4.587000e+03 1.783025e+01
4.588000e+03 1.783025e+01
4.589000e+03 1.702635e+01
4.590000e+03 1.698517e+01
4.591000e+03 1.735839e+01
4.592000e+03 1.881014e+01
4.593000e+03 1.881014e+01
4.594000e+03 1.837733e+01
4.595000e+03 1.786462e+01
4.596000e+03 1.786462e+01
4.597000e+03 1.853662e+01
4.598000e+03 1.880975e+01
4.599000e+03 1.880975e+01
4.600000e+03 1.991724e+01
4.601000e+03 1.995826e+01
4.602000e+03 1.989065e+01
4.603000e+03 1.964754e+01
4.604000e+03 1.964754e+01
4.605000e+03 1.983836e+01
4.606000e+03 2.005278e+01
4.607000e+03 2.005278e+01
4.608000e+03 1.924091e+01
4.609000e+03 1.893176e+01
4.610000e+03 1.893176e+01
4.611000e+03 2.027449e+01
4.612000e+03 2.030528e+01
4.613000e+03 2.076099e+01
4.614000e+03 2.227853e+01
4.615000e+03 2.227853e+01
4.616000e+03 2.186935e+01
4.617000e+03 2.143368e+01
4.618000e+03 2.143368e+01
4.619000e+03 2.250310e+01
4.620000e+03 2.288328e+01
4.621000e+03 2.288328e+01
4.622000e+03 2.368594e+01
4.623000e+03 2.369311e+01
4.624000e+03 2.349244e+01
4.625000e+03 2.287266e+01
4.626000e+03 2.287266e+01
4.627000e+03 2.182562e+01
4.628000e+03 2.077033e+01
4.629000e+03 2.077033e+01
4.630000e+03 1.960260e+01
4.631000e+03 1.921650e+01
4.632000e+03 1.921528e+01
4.633000e+03 1.897224e+01
4.634000e+03 1.897224e+01
4.635000e+03 1.912549e+01
4.636000e+03 1.956507e+01
4.637000e+03 1.956507e+01
4.638000e+03 1.973233e+01
4.639000e+03 1.989172e+01
4.640000e+03 1.989172e+01
4.641000e+03 1.923685e+01
4.642000e+03 1.903634e+01
4.643000e+03 1.906028e+01
4.644000e+03 2.028616e+01
4.645000e+03 2.028616e+01
4.646000e+03 1.992067e+01
4.647000e+03 1.894607e+01
4.648000e+03 1.894607e+01
4.649000e+03 1.921967e+01
4.650000e+03 1.946590e+01
4.651000e+03 1.946590e+01
4.652000e+03 1.978504e+01
4.653000e+03 1.987508e+01
4.654000e+03 1.983424e+01
4.655000e+03 1.865939e+01
4.656000e+03 1.865939e+01
4.657000e+03 1.931542e+01
4.658000e+03 2.094326e+01
4.659000e+03 2.094326e+01
4.660000e+03 2.125690e+01
4.661000e+03 2.152310e+01
4.662000e+03 2.152310e+01
4.663000e+03 2.205876e+01
4.664000e+03 2.219722e+01
4.665000e+03 2.226998e+01
4.666000e+03 2.370275e+01
4.667000e+03 2.370275e+01
4.668000e+03 2.295244e+01
4.669000e+03 2.121876e+01
4.670000e+03 2.121876e+01
4.671000e+03 1.967514e+01
4.672000e+03 1.844151e+01
4.673000e+03 1.844151e+01
4.674000e+03 1.792353e+01
4.675000e+03 1.780169e+01
4.676000e+03 1.784250e+01
4.677000e+03 1.844561e+01
4.678000e+03 1.844561e+01
4.679000e+03 1.865457e+01
4.680000e+03 1.910441e+01
4.681000e+03 1.910441e+01
4.682000e+03 1.898332e+01
4.683000e+03 1.889234e+01
4.684000e+03 1.889234e+01
4.685000e+03 1.767874e+01
4.686000e+03 1.742103e+01
4.687000e+03 1.755741e+01
4.688000e+03 1.915370e+01
4.689000e+03 1.915370e+01
4.690000e+03 1.943819e+01
4.691000e+03 2.000909e+01
4.692000e+03 2.000909e+01
4.693000e+03 2.005829e+01
4.694000e+03 2.009299e+01
4.695000e+03 2.009299e+01
4.696000e+03 1.990043e+01
4.697000e+03 1.986386e+01
4.698000e+03 1.996148e+01
4.699000e+03 2.089837e+01
4.700000e+03 2.089837e+01
4.701000e+03 2.119796e+01
4.702000e+03 2.175846e+01
4.703000e+03 2.175846e+01
4.704000e+03 2.238371e+01
4.705000e+03 2.279655e+01
4.706000e+03 2.279655e+01
4.707000e+03 2.245497e+01
4.708000e+03 2.239765e+01
4.709000e+03 2.215786e+01
4.710000e+03 2.022430e+01
4.711000e+03 2.022430e+01
4.712000e+03 2.078819e+01
4.713000e+03 2.177188e+01
4.714000e+03 2.177188e+01
4.715000e+03 2.117483e+01
4.716000e+03 2.080647e+01
4.717000e+03 2.080647e+01
4.718000e+03 2.034923e+01
4.719000e+03 2.028243e+01
4.720000e+03 2.032205e+01
4.721000e+03 2.059534e+01
4.722000e+03 2.059534e+01
4.723000e+03 2.086193e+01
4.724000e+03 2.129552e+01
4.725000e+03 2.129552e+01
4.726000e+03 2.062843e+01
4.727000e+03 2.024479e+01
4.728000e+03 2.024479e+01
4.729000e+03 2.073073e+01
4.730000e+03 2.079138e+01
4.731000e+03 2.090830e+01
4.732000e+03 2.160770e+01
4.733000e+03 2.160770e+01
4.734000e+03 2.150854e+01
4.735000e+03 2.135820e+01
4.736000e+03 2.135820e+01
4.737000e+03 2.181732e+01
4.738000e+03 2.206276e+01
4.739000e+03 2.206276e+01
4.740000e+03 2.062693e+01
4.741000e+03 2.047778e+01
4.742000e+03 2.043943e+01
4.743000e+03 2.023833e+01
4.744000e+03 2.023833e+01
4.745000e+03 2.097753e+01
4.746000e+03 2.202194e+01
4.747000e+03 2.202194e+01
4.748000e+03 2.205697e+01
4.749000e+03 2.207431e+01
4.750000e+03 2.207431e+01
4.751000e+03 2.280964e+01
4.752000e+03 2.287092e+01
4.753000e+03 2.285119e+01
4.754000e+03 2.275972e+01
4.755000e+03 2.275972e+01
4.756000e+03 2.308296e+01
4.757000e+03 2.350832e+01
4.758000e+03 2.350832e+01
4.759000e+03 2.217562e+01
4.760000e+03 2.156612e+01
4.761000e+03 2.156612e+01
4.762000e+03 1.866640e+01
4.763000e+03 1.848324e+01
4.764000e+03 1.777604e+01
4.765000e+03 1.485693e+01
4.766000e+03 1.485693e+01
4.767000e+03 1.466674e+01
4.768000e+03 1.443379e+01
4.769000e+03 1.443379e+01
4.770000e+03 1.414231e+01
4.771000e+03 1.401972e+01
4.772000e+03 1.401972e+01
4.773000e+03 1.373678e+01
4.774000e+03 1.372451e+01
4.775000e+03 1.379784e+01
4.776000e+03 1.406885e+01
4.777000e+03 1.406885e+01
4.778000e+03 1.437721e+01
4.779000e+03 1.472844e+01
4.780000e+03 1.472844e+01
4.781000e+03 1.453988e+01
4.782000e+03 1.446729e+01
4.783000e+03 1.446729e+01
4.784000e+03 1.362178e+01
4.785000e+03 1.360155e+01
4.786000e+03 1.402234e+01
4.787000e+03 1.542131e+01
4.788000e+03 1.542131e+01
4.789000e+03 1.602607e+01
4.790000e+03 1.666603e+01
4.791000e+03 1.666603e+01
4.792000e+03 1.695410e+01
4.793000e+03 1.705504e+01
4.794000e+03 1.705504e+01
4.795000e+03 1.783242e+01
4.796000e+03 1.783619e+01
4.797000e+03 1.800249e+01
4.798000e+03 1.850176e+01
4.799000e+03 1.850176e+01
4.800000e+03 1.926049e+01
4.801000e+03 2.000547e+01
4.802000e+03 2.000547e+01
4.803000e+03 1.971341e+01
4.804000e+03 1.962083e+01
4.805000e+03 1.958367e+01
4.806000e+03 1.697826e+01
4.807000e+03 1.697826e+01
4.808000e+03 1.669584e+01
4.809000e+03 1.592774e+01
4.810000e+03 1.592774e+01
4.811000e+03 1.577900e+01
4.812000e+03 1.564369e+01
4.813000e+03 1.564369e+01
4.814000e+03 1.594935e+01
4.815000e+03 1.603633e+01
4.816000e+03 1.604300e+01
4.817000e+03 1.623655e+01
4.818000e+03 1.623655e+01
4.819000e+03 1.637499e+01
4.820000e+03 1.671697e+01
4.821000e+03 1.671697e+01
4.822000e+03 1.758462e+01
4.823000e+03 1.831468e+01
4.824000e+03 1.831468e+01
4.825000e+03 1.806324e+01
4.826000e+03 1.799958e+01
4.827000e+03 1.803068e+01
4.828000e+03 1.858742e+01
4.829000e+03 1.858742e+01
4.830000e+03 1.858363e+01
4.831000e+03 1.857512e+01
4.832000e+03 1.857512e+01
4.833000e+03 1.848679e+01
4.834000e+03 1.841819e+01
4.835000e+03 1.841819e+01
4.836000e+03 1.958041e+01
4.837000e+03 1.983928e+01
4.838000e+03 1.981682e+01
4.839000e+03 1.953109e+01
4.840000e+03 1.953109e+01
4.841000e+03 1.976240e+01
4.842000e+03 2.023652e+01
4.843000e+03 2.023652e+01
4.844000e+03 1.964101e+01
4.845000e+03 1.921503e+01
4.846000e+03 1.921503e+01
4.847000e+03 1.852967e+01
4.848000e+03 1.839725e+01
4.849000e+03 1.838964e+01
4.850000e+03 1.831552e+01
4.851000e+03 1.831552e+01
4.852000e+03 1.833785e+01
4.853000e+03 1.837962e+01
4.854000e+03 1.837962e+01
4.855000e+03 1.820045e+01
4.856000e+03 1.808273e+01
4.857000e+03 1.808273e+01
4.858000e+03 1.792226e+01
4.859000e+03 1.789585e+01
4.860000e+03 1.801674e+01
4.861000e+03 1.895736e+01
4.862000e+03 1.895736e+01
4.863000e+03 1.855296e+01
4.864000e+03 1.786177e+01
4.865000e+03 1.786177e+01
4.866000e+03 1.819649e+01
4.867000e+03 1.839786e+01
4.868000e+03 1.839786e+01
4.869000e+03 1.927757e+01
4.870000e+03 1.939792e+01
4.871000e+03 1.953467e+01
4.872000e+03 2.041115e+01
4.873000e+03 2.041115e+01
4.874000e+03 2.044604e+01
4.875000e+03 2.050054e+01
4.876000e+03 2.050054e+01
4.877000e+03 2.077262e+01
4.878000e+03 2.092196e+01
4.879000e+03 2.092196e+01
4.880000e+03 2.039225e+01
4.881000e+03 2.033406e+01
4.882000e+03 2.046994e+01
4.883000e+03 2.120281e+01
4.884000e+03 2.120281e+01
4.885000e+03 2.157357e+01
4.886000e+03 2.210308e+01
4.887000e+03 2.210308e+01
4.888000e+03 2.204120e+01
4.889000e+03 2.201034e+01
4.890000e+03 2.201034e+01
4.891000e+03 2.291823e+01
4.892000e+03 2.299424e+01
4.893000e+03 2.279824e+01
4.894000e+03 2.189460e+01
4.895000e+03 2.189460e+01
4.896000e+03 2.212420e+01
4.897000e+03 2.242392e+01
4.898000e+03 2.242392e+01
4.899000e+03 2.316165e+01
4.900000e+03 2.349418e+01
4.901000e+03 2.349418e+01
4.902000e+03 2.359649e+01
4.903000e+03 2.360245e+01
4.904000e+03 2.370148e+01
4.905000e+03 2.409643e+01
4.906000e+03 2.409643e+01
4.907000e+03 2.471256e+01
4.908000e+03 2.544739e+01
4.909000e+03 2.544739e+01
4.910000e+03 2.609527e+01
4.911000e+03 2.635770e+01
4.912000e+03 2.635770e+01
4.913000e+03 2.635979e+01
4.914000e+03 2.635986e+01
4.915000e+03 2.663042e+01
4.916000e+03 2.757279e+01
4.917000e+03 2.757279e+01
4.918000e+03 2.716345e+01
4.919000e+03 2.671782e+01
4.920000e+03 2.671782e+01
4.921000e+03 2.543705e+01
4.922000e+03 2.497413e+01
4.923000e+03 2.497413e+01
4.924000e+03 2.663766e+01
4.925000e+03 2.665398e+01
4.926000e+03 2.685724e+01
4.927000e+03 2.748000e+01
4.928000e+03 2.748000e+01
4.929000e+03 2.832224e+01
4.930000e+03 2.915817e+01
4.931000e+03 2.915817e+01
4.932000e+03 2.915231e+01
4.933000e+03 2.915044e+01
4.934000e+03 2.913466e+01
4.935000e+03 2.798917e+01
4.936000e+03 2.798917e+01
4.937000e+03 2.837913e+01
4.938000e+03 2.943634e+01
4.939000e+03 2.943634e+01
4.940000e+03 2.938930e+01
4.941000e+03 2.934681e+01
4.942000e+03 2.934681e+01
4.943000e+03 2.957402e+01
4.944000e+03 2.963761e+01
4.945000e+03 2.963199e+01
4.946000e+03 2.948702e+01
4.947000e+03 2.948702e+01
4.948000e+03 2.995492e+01
4.949000e+03 3.108250e+01
4.950000e+03 3.108250e+01
4.951000e+03 3.188930e+01
4.952000e+03 3.255132e+01
4.953000e+03 3.255132e+01
4.954000e+03 3.043299e+01
4.955000e+03 2.992091e+01
4.956000e+03 2.946238e+01
4.957000e+03 2.245178e+01
4.958000e+03 2.245178e+01
4.959000e+03 2.039759e+01
4.960000e+03 1.598147e+01
4.961000e+03 1.598147e+01
4.962000e+03 1.552826e+01
4.963000e+03 1.519135e+01
4.964000e+03 1.519135e+01
4.965000e+03 1.534674e+01
4.966000e+03 1.537863e+01
4.967000e+03 1.539696e+01
4.968000e+03 1.559203e+01
4.969000e+03 1.559203e+01
4.970000e+03 1.678641e+01
4.971000e+03 1.908338e+01
4.972000e+03 1.908338e+01
4.973000e+03 1.946119e+01
4.974000e+03 1.971484e+01
4.975000e+03 1.971484e+01
4.976000e+03 2.056350e+01
4.977000e+03 2.070793e+01
4.978000e+03 2.077668e+01
4.979000e+03 2.132825e+01
4.980000e+03 2.132825e+01
4.981000e+03 2.112061e+01
4.982000e+03 2.076267e+01
4.983000e+03 2.076267e+01
4.984000e+03 1.956037e+01
4.985000e+03 1.883423e+01
4.986000e+03 1.883423e+01
4.987000e+03 2.061670e+01
4.988000e+03 2.086021e+01
4.989000e+03 2.100583e+01
4.990000e+03 2.192955e+01
4.991000e+03 2.192955e+01
4.992000e+03 2.204847e+01
4.993000e+03 2.223247e+01
4.994000e+03 2.223247e+01
4.995000e+03 2.185328e+01
4.996000e+03 2.164821e+01
4.997000e+03 2.164821e+01
4.998000e+03 2.211135e+01
4.999000e+03 2.215970e+01
5.000000e+03 2.181477e+01
5.001000e+03 2.002993e+01
5.002000e+03 2.002993e+01
5.003000e+03 1.952431e+01
5.004000e+03 1.882165e+01
5.005000e+03 1.882165e+01
5.006000e+03 1.862242e+01
5.007000e+03 1.852649e+01
5.008000e+03 1.852649e+01
5.009000e+03 1.764618e+01
5.010000e+03 1.758151e+01
5.011000e+03 1.766549e+01
5.012000e+03 1.802788e+01
5.013000e+03 1.802788e+01
5.014000e+03 1.788016e+01
5.015000e+03 1.769575e+01
5.016000e+03 1.769575e+01
5.017000e+03 1.767926e+01
5.018000e+03 1.767224e+01
5.019000e+03 1.767224e+01
5.020000e+03 1.865107e+01
5.021000e+03 1.869390e+01
5.022000e+03 1.901623e+01
5.023000e+03 2.019468e+01
5.024000e+03 2.019468e+01
5.025000e+03 2.023061e+01
5.026000e+03 2.027089e+01
5.027000e+03 2.027089e+01
5.028000e+03 2.075309e+01
5.029000e+03 2.093302e+01
5.030000e+03 2.093302e+01
5.031000e+03 1.941653e+01
5.032000e+03 1.939348e+01
5.033000e+03 1.999599e+01
5.034000e+03 2.188492e+01
5.035000e+03 2.188492e+01
5.036000e+03 2.125659e+01
5.037000e+03 2.062490e+01
5.038000e+03 2.062490e+01
5.039000e+03 2.144590e+01
5.040000e+03 2.171156e+01
5.041000e+03 2.169044e+01
5.042000e+03 2.001075e+01
5.043000e+03 2.001075e+01
5.044000e+03 2.032780e+01
5.045000e+03 2.118794e+01
5.046000e+03 2.118794e+01
5.047000e+03 2.251962e+01
5.048000e+03 2.371833e+01
5.049000e+03 2.371833e+01
5.050000e+03 2.328785e+01
5.051000e+03 2.316872e+01
5.052000e+03 2.311126e+01
5.053000e+03 2.174095e+01
5.054000e+03 2.174095e+01
5.055000e+03 2.156718e+01
5.056000e+03 2.115640e+01
5.057000e+03 2.115640e+01
5.058000e+03 2.143141e+01
5.059000e+03 2.165251e+01
5.060000e+03 2.165251e+01
5.061000e+03 2.183369e+01
5.062000e+03 2.187580e+01
5.063000e+03 2.193947e+01
5.064000e+03 2.280513e+01
5.065000e+03 2.280513e+01
5.066000e+03 2.255564e+01
5.067000e+03 2.203901e+01
5.068000e+03 2.203901e+01
5.069000e+03 2.179926e+01
5.070000e+03 2.162764e+01
5.071000e+03 2.162764e+01
5.072000e+03 2.226641e+01
5.073000e+03 2.238806e+01
5.074000e+03 2.244956e+01
5.075000e+03 2.302055e+01
5.076000e+03 2.302055e+01
5.077000e+03 2.328459e+01
5.078000e+03 2.376540e+01
5.079000e+03 2.376540e+01
5.080000e+03 2.254079e+01
5.081000e+03 2.176365e+01
5.082000e+03 2.176365e+01
5.083000e+03 2.255597e+01
5.084000e+03 2.267532e+01
5.085000e+03 2.254024e+01
5.086000e+03 2.160669e+01
5.087000e+03 2.160669e+01
5.088000e+03 2.264083e+01
5.089000e+03 2.430134e+01
5.090000e+03 2.430134e+01
5.091000e+03 2.364436e+01
5.092000e+03 2.327669e+01
5.093000e+03 2.327669e+01
5.094000e+03 2.384733e+01
5.095000e+03 2.391173e+01
5.096000e+03 2.360216e+01
5.097000e+03 2.192790e+01
5.098000e+03 2.192790e+01
5.099000e+03 2.196948e+01
5.100000e+03 2.202843e+01
5.101000e+03 2.202843e+01
5.102000e+03 2.188060e+01
5.103000e+03 2.180813e+01
5.104000e+03 2.180813e+01
5.105000e+03 2.087316e+01
5.106000e+03 2.080124e+01
5.107000e+03 2.085683e+01
5.108000e+03 2.109992e+01
5.109000e+03 2.109992e+01
5.110000e+03 2.168525e+01
5.111000e+03 2.241903e+01
5.112000e+03 2.241903e+01
5.113000e+03 2.227097e+01
5.114000e+03 2.220793e+01
5.115000e+03 2.220793e+01
5.116000e+03 2.270677e+01
5.117000e+03 2.272809e+01
5.118000e+03 2.312948e+01
5.119000e+03 2.458041e+01
5.120000e+03 2.458041e+01
5.121000e+03 2.447291e+01
5.122000e+03 2.435381e+01
5.123000e+03 2.435381e+01
5.124000e+03 2.321726e+01
5.125000e+03 2.280147e+01
5.126000e+03 2.280147e+01
5.127000e+03 2.219534e+01
5.128000e+03 2.218917e+01
5.129000e+03 2.203092e+01
5.130000e+03 2.155037e+01
5.131000e+03 2.155037e+01
5.132000e+03 2.216840e+01
5.133000e+03 2.277286e+01
5.134000e+03 2.277286e+01
5.135000e+03 2.493000e+01
5.136000e+03 2.559851e+01
5.137000e+03 2.559502e+01
5.138000e+03 2.543458e+01
5.139000e+03 2.543458e+01
5.140000e+03 2.515867e+01
5.141000e+03 2.444644e+01
5.142000e+03 2.444644e+01
5.143000e+03 2.474658e+01
5.144000e+03 2.500519e+01
5.145000e+03 2.500519e+01
5.146000e+03 2.368846e+01
5.147000e+03 2.334925e+01
5.148000e+03 2.333347e+01
5.149000e+03 2.305255e+01
5.150000e+03 2.305255e+01
5.151000e+03 2.306437e+01
5.152000e+03 2.309053e+01
5.153000e+03 2.309053e+01
5.154000e+03 2.214456e+01
5.155000e+03 2.142880e+01
5.156000e+03 2.142880e+01
5.157000e+03 2.153497e+01
5.158000e+03 2.155713e+01
5.159000e+03 2.193849e+01
5.160000e+03 2.601745e+01
5.161000e+03 2.601745e+01
5.162000e+03 2.656350e+01
5.163000e+03 2.760637e+01
5.164000e+03 2.760637e+01
5.165000e+03 2.737402e+01
5.166000e+03 2.722031e+01
5.167000e+03 2.722031e+01
5.168000e+03 2.235236e+01
5.169000e+03 2.156037e+01
5.170000e+03 2.066299e+01
5.171000e+03 1.397621e+01
5.172000e+03 1.397621e+01
5.173000e+03 1.353743e+01
5.174000e+03 1.281111e+01
5.175000e+03 1.281111e+01
5.176000e+03 1.254567e+01
5.177000e+03 1.239304e+01
5.178000e+03 1.239304e+01
5.179000e+03 1.347663e+01
5.180000e+03 1.360612e+01
5.181000e+03 1.363816e+01
5.182000e+03 1.381743e+01
5.183000e+03 1.381743e+01
5.184000e+03 1.417399e+01
5.185000e+03 1.468700e+01
5.186000e+03 1.468700e+01
5.187000e+03 1.678134e+01
5.188000e+03 1.782003e+01
5.189000e+03 1.782003e+01
5.190000e+03 2.073381e+01
5.191000e+03 2.096347e+01
5.192000e+03 2.084701e+01
5.193000e+03 2.033543e+01
5.194000e+03 2.033543e+01
5.195000e+03 2.085014e+01
5.196000e+03 2.149479e+01
5.197000e+03 2.149479e+01
5.198000e+03 2.177750e+01
5.199000e+03 2.189721e+01
5.200000e+03 2.189721e+01
5.201000e+03 2.179882e+01
5.202000e+03 2.179484e+01
5.203000e+03 2.147330e+01
5.204000e+03 2.033153e+01
5.205000e+03 2.033153e+01
5.206000e+03 1.879620e+01
5.207000e+03 1.712212e+01
5.208000e+03 1.712212e+01
5.209000e+03 1.657044e+01
5.210000e+03 1.637365e+01
5.211000e+03 1.637365e+01
5.212000e+03 1.780414e+01
5.213000e+03 1.781019e+01
5.214000e+03 1.968516e+01
5.215000e+03 2.517649e+01
5.216000e+03 2.517649e+01
5.217000e+03 2.680593e+01
5.218000e+03 2.835085e+01
5.219000e+03 2.835085e+01
5.220000e+03 2.874207e+01
5.221000e+03 2.885753e+01
5.222000e+03 2.894026e+01
5.223000e+03 3.152916e+01
5.224000e+03 3.152916e+01
5.225000e+03 3.153981e+01
5.226000e+03 3.156590e+01
5.227000e+03 3.156590e+01
5.228000e+03 3.022831e+01
5.229000e+03 2.912834e+01
5.230000e+03 2.912834e+01
5.231000e+03 3.190489e+01
5.232000e+03 3.256602e+01
5.233000e+03 3.261960e+01
5.234000e+03 3.336982e+01
5.235000e+03 3.336982e+01
5.236000e+03 3.311855e+01
5.237000e+03 3.259822e+01
5.238000e+03 3.259822e+01
5.239000e+03 3.265723e+01
5.240000e+03 3.269914e+01
5.241000e+03 3.269914e+01
5.242000e+03 3.163693e+01
5.243000e+03 3.144022e+01
5.244000e+03 3.137557e+01
5.245000e+03 3.081164e+01
5.246000e+03 3.081164e+01
5.247000e+03 3.063273e+01
5.248000e+03 3.031738e+01
5.249000e+03 3.031738e+01
5.250000e+03 2.967183e+01
5.251000e+03 2.927808e+01
5.252000e+03 2.927808e+01
5.253000e+03 2.925419e+01
5.254000e+03 2.925095e+01
5.255000e+03 2.970316e+01
5.256000e+03 3.249129e+01
5.257000e+03 3.249129e+01
5.258000e+03 3.187930e+01
5.259000e+03 3.095678e+01
5.260000e+03 3.095678e+01
5.261000e+03 3.107996e+01
5.262000e+03 3.114395e+01
5.263000e+03 3.114395e+01
5.264000e+03 2.902767e+01
5.265000e+03 2.883721e+01
5.266000e+03 2.836661e+01
5.267000e+03 2.617529e+01
5.268000e+03 2.617529e+01
5.269000e+03 2.612278e+01
5.270000e+03 2.605490e+01
5.271000e+03 2.605490e+01
5.272000e+03 2.578540e+01
5.273000e+03 2.566746e+01
5.274000e+03 2.566746e+01
5.275000e+03 3.135686e+01
5.276000e+03 3.162460e+01
5.277000e+03 3.218500e+01
5.278000e+03 3.423665e+01
5.279000e+03 3.423665e+01
5.280000e+03 3.405648e+01
5.281000e+03 3.385659e+01
5.282000e+03 3.385659e+01
5.283000e+03 3.311027e+01
5.284000e+03 3.283927e+01
5.285000e+03 3.283927e+01
5.286000e+03 3.335747e+01
5.287000e+03 3.336101e+01
5.288000e+03 3.395005e+01
5.289000e+03 3.569086e+01
5.290000e+03 3.569086e+01
5.291000e+03 3.496950e+01
5.292000e+03 3.428327e+01
5.293000e+03 3.428327e+01
5.294000e+03 3.479814e+01
5.295000e+03 3.495006e+01
5.296000e+03 3.493237e+01
5.297000e+03 3.439514e+01
5.298000e+03 3.439514e+01
5.299000e+03 3.425381e+01
5.300000e+03 3.391051e+01
5.301000e+03 3.391051e+01
5.302000e+03 3.433475e+01
5.303000e+03 3.467987e+01
5.304000e+03 3.467987e+01
5.305000e+03 3.642689e+01
5.306000e+03 3.683337e+01
5.307000e+03 3.675854e+01
5.308000e+03 3.578078e+01
5.309000e+03 3.578078e+01
5.310000e+03 3.594156e+01
5.311000e+03 3.626655e+01
5.312000e+03 3.626655e+01
5.313000e+03 3.552067e+01
5.314000e+03 3.500428e+01
5.315000e+03 3.500428e+01
5.316000e+03 3.439671e+01
5.317000e+03 3.429022e+01
5.318000e+03 3.439257e+01
5.319000e+03 3.521349e+01
5.320000e+03 3.521349e+01
5.321000e+03 3.496333e+01
5.322000e+03 3.453895e+01
5.323000e+03 3.453895e+01
5.324000e+03 3.537579e+01
5.325000e+03 3.586531e+01
5.326000e+03 3.586531e+01
5.327000e+03 3.355476e+01
5.328000e+03 3.327217e+01
5.329000e+03 3.297505e+01
5.330000e+03 3.130641e+01
5.331000e+03 3.130641e+01
5.332000e+03 3.202940e+01
5.333000e+03 3.306421e+01
5.334000e+03 3.306421e+01
5.335000e+03 3.397740e+01
5.336000e+03 3.442415e+01
5.337000e+03 3.442415e+01
5.338000e+03 3.578822e+01
5.339000e+03 3.588818e+01
5.340000e+03 3.566134e+01
5.341000e+03 3.470665e+01
5.342000e+03 3.470665e+01
5.343000e+03 3.521944e+01
5.344000e+03 3.584043e+01
5.345000e+03 3.584043e+01
5.346000e+03 3.534428e+01
5.347000e+03 3.514419e+01
5.348000e+03 3.514419e+01
5.349000e+03 3.485960e+01
5.350000e+03 3.485169e+01
5.351000e+03 3.529147e+01
5.352000e+03 3.673609e+01
5.353000e+03 3.673609e+01
5.354000e+03 3.802053e+01
5.355000e+03 3.933716e+01
5.356000e+03 3.933716e+01
5.357000e+03 3.837909e+01
5.358000e+03 3.806698e+01
5.359000e+03 3.806399e+01
5.360000e+03 3.786445e+01
5.361000e+03 3.786445e+01
5.362000e+03 3.768418e+01
5.363000e+03 3.720970e+01
5.364000e+03 3.720970e+01
5.365000e+03 3.768055e+01
5.366000e+03 3.808832e+01
5.367000e+03 3.808832e+01
5.368000e+03 3.823373e+01
5.369000e+03 3.827088e+01
5.370000e+03 3.822553e+01
5.371000e+03 3.747736e+01
5.372000e+03 3.747736e+01
5.373000e+03 3.702465e+01
5.374000e+03 3.605297e+01
5.375000e+03 3.605297e+01
5.376000e+03 3.705699e+01
5.377000e+03 3.778840e+01
5.378000e+03 3.778840e+01
5.379000e+03 4.020120e+01
5.380000e+03 4.066321e+01
5.381000e+03 4.067373e+01
5.382000e+03 4.076826e+01
5.383000e+03 4.076826e+01
5.384000e+03 4.041470e+01
5.385000e+03 3.978857e+01
5.386000e+03 3.978857e+01
5.387000e+03 4.117983e+01
5.388000e+03 4.202623e+01
5.389000e+03 4.202623e+01
5.390000e+03 4.031948e+01
5.391000e+03 4.009254e+01
5.392000e+03 4.036055e+01
5.393000e+03 4.195933e+01
5.394000e+03 4.195933e+01
5.395000e+03 4.091741e+01
5.396000e+03 3.938368e+01
5.397000e+03 3.938368e+01
5.398000e+03 3.820807e+01
5.399000e+03 3.761723e+01
5.400000e+03 3.761723e+01
5.401000e+03 4.055839e+01
5.402000e+03 4.079151e+01
5.403000e+03 4.112742e+01
5.404000e+03 4.258181e+01
5.405000e+03 4.258181e+01
5.406000e+03 4.136604e+01
5.407000e+03 3.987245e+01
5.408000e+03 3.987245e+01
5.409000e+03 3.885936e+01
5.410000e+03 3.844529e+01
5.411000e+03 3.844529e+01
5.412000e+03 3.796764e+01
5.413000e+03 3.795340e+01
5.414000e+03 3.892687e+01
5.415000e+03 4.214470e+01
5.416000e+03 4.214470e+01
5.417000e+03 4.323497e+01
5.418000e+03 4.435392e+01
5.419000e+03 4.435392e+01
5.420000e+03 4.445268e+01
5.421000e+03 4.448476e+01
5.422000e+03 4.447337e+01
5.423000e+03 4.377802e+01
5.424000e+03 4.377802e+01
5.425000e+03 4.372854e+01
5.426000e+03 4.359967e+01
5.427000e+03 4.359967e+01
5.428000e+03 4.412946e+01
5.429000e+03 4.458284e+01
5.430000e+03 4.458284e+01
5.431000e+03 4.073273e+01
5.432000e+03 3.977196e+01
5.433000e+03 3.978801e+01
5.434000e+03 4.003187e+01
5.435000e+03 4.003187e+01
5.436000e+03 4.057309e+01
5.437000e+03 4.170610e+01
5.438000e+03 4.170610e+01
5.439000e+03 4.279177e+01
5.440000e+03 4.356258e+01
5.441000e+03 4.356258e+01
5.442000e+03 4.562289e+01
5.443000e+03 4.599685e+01
5.444000e+03 4.597035e+01
5.445000e+03 4.575148e+01
5.446000e+03 4.575148e+01
5.447000e+03 4.194758e+01
5.448000e+03 3.546058e+01
5.449000e+03 3.546058e+01
5.450000e+03 3.295255e+01
5.451000e+03 3.148793e+01
5.452000e+03 3.148793e+01
5.453000e+03 2.828297e+01
5.454000e+03 2.789915e+01
5.455000e+03 2.777139e+01
5.456000e+03 2.707388e+01
5.457000e+03 2.707388e+01
5.458000e+03 2.776958e+01
5.459000e+03 2.874382e+01
5.460000e+03 2.874382e+01
5.461000e+03 2.900874e+01
5.462000e+03 2.913430e+01
5.463000e+03 2.913430e+01
5.464000e+03 2.950581e+01
5.465000e+03 2.952939e+01
5.466000e+03 2.996712e+01
5.467000e+03 3.169404e+01
5.468000e+03 3.169404e+01
5.469000e+03 3.157142e+01
5.470000e+03 3.142988e+01
5.471000e+03 3.142988e+01
5.472000e+03 3.135703e+01
5.473000e+03 3.132956e+01
5.474000e+03 3.132956e+01
5.475000e+03 3.371595e+01
5.476000e+03 3.374452e+01
5.477000e+03 3.333056e+01
5.478000e+03 3.209015e+01
5.479000e+03 3.209015e+01
5.480000e+03 3.382712e+01
5.481000e+03 3.548054e+01
5.482000e+03 3.548054e+01
5.483000e+03 3.493539e+01
5.484000e+03 3.477663e+01
5.485000e+03 3.479156e+01
5.486000e+03 3.518437e+01
5.487000e+03 3.518437e+01
5.488000e+03 3.527588e+01
5.489000e+03 3.549062e+01
5.490000e+03 3.549062e+01
5.491000e+03 3.567372e+01
5.492000e+03 3.581696e+01
5.493000e+03 3.581696e+01
5.494000e+03 3.648038e+01
5.495000e+03 3.662271e+01
5.496000e+03 3.645547e+01
5.497000e+03 3.467092e+01
5.498000e+03 3.467092e+01
5.499000e+03 3.339832e+01
5.500000e+03 3.101446e+01
5.501000e+03 3.101446e+01
5.502000e+03 2.878879e+01
5.503000e+03 2.736845e+01
5.504000e+03 2.736845e+01
5.505000e+03 2.750346e+01
5.506000e+03 2.752312e+01
5.507000e+03 2.765220e+01
5.508000e+03 2.847680e+01
5.509000e+03 2.847680e+01
5.510000e+03 2.805554e+01
5.511000e+03 2.741799e+01
5.512000e+03 2.741799e+01
5.513000e+03 2.841198e+01
5.514000e+03 2.892309e+01
5.515000e+03 2.892309e+01
5.516000e+03 2.713970e+01
5.517000e+03 2.699093e+01
5.518000e+03 2.737426e+01
5.519000e+03 2.905596e+01
5.520000e+03 2.905596e+01
5.521000e+03 2.872159e+01
5.522000e+03 2.831009e+01
5.523000e+03 2.831009e+01
5.524000e+03 2.956196e+01
5.525000e+03 3.007082e+01
5.526000e+03 3.007082e+01
5.527000e+03 2.912319e+01
5.528000e+03 2.909763e+01
5.529000e+03 2.907021e+01
5.530000e+03 2.898169e+01
5.531000e+03 2.898169e+01
5.532000e+03 2.885651e+01
5.533000e+03 2.873101e+01
5.534000e+03 2.873101e+01
5.535000e+03 2.635175e+01
5.536000e+03 2.560943e+01
5.537000e+03 2.561560e+01
5.538000e+03 2.585523e+01
5.539000e+03 2.585523e+01
5.540000e+03 2.565431e+01
5.541000e+03 2.515768e+01
5.542000e+03 2.515768e+01
5.543000e+03 2.506718e+01
5.544000e+03 2.499344e+01
5.545000e+03 2.499344e+01
5.546000e+03 2.610926e+01
5.547000e+03 2.636419e+01
5.548000e+03 2.643318e+01
5.549000e+03 2.725931e+01
5.550000e+03 2.725931e+01
5.551000e+03 2.756827e+01
5.552000e+03 2.816757e+01
5.553000e+03 2.816757e+01
5.554000e+03 2.844342e+01
5.555000e+03 2.862480e+01
5.556000e+03 2.862480e+01
5.557000e+03 2.985496e+01
5.558000e+03 3.004454e+01
5.559000e+03 3.007475e+01
5.560000e+03 3.027749e+01
5.561000e+03 3.027749e+01
5.562000e+03 3.069882e+01
5.563000e+03 3.134977e+01
5.564000e+03 3.134977e+01
5.565000e+03 3.231488e+01
5.566000e+03 3.282049e+01
5.567000e+03 3.282049e+01
5.568000e+03 3.368286e+01
5.569000e+03 3.375831e+01
5.570000e+03 3.370925e+01
5.571000e+03 3.349011e+01
5.572000e+03 3.349011e+01
5.573000e+03 3.432022e+01
5.574000e+03 3.535002e+01
5.575000e+03 3.535002e+01
5.576000e+03 3.591433e+01
5.577000e+03 3.614508e+01
5.578000e+03 3.614508e+01
5.579000e+03 3.713521e+01
5.580000e+03 3.716242e+01
5.581000e+03 3.727478e+01
5.582000e+03 3.763697e+01
5.583000e+03 3.763697e+01
5.584000e+03 3.731153e+01
5.585000e+03 3.698654e+01
5.586000e+03 3.698654e+01
5.587000e+03 3.733657e+01
5.588000e+03 3.744473e+01
5.589000e+03 3.736168e+01
5.590000e+03 3.443610e+01
5.591000e+03 3.443610e+01
5.592000e+03 3.497834e+01
5.593000e+03 3.629766e+01
5.594000e+03 3.629766e+01
5.595000e+03 3.520444e+01
5.596000e+03 3.432792e+01
5.597000e+03 3.432792e+01
5.598000e+03 3.240948e+01
5.599000e+03 3.198486e+01
5.600000e+03 3.187848e+01
5.601000e+03 3.069670e+01
5.602000e+03 3.069670e+01
5.603000e+03 3.096814e+01
5.604000e+03 3.148024e+01
5.605000e+03 3.148024e+01
5.606000e+03 3.126338e+01
5.607000e+03 3.112491e+01
5.608000e+03 3.112491e+01
5.609000e+03 3.244799e+01
5.610000e+03 3.263830e+01
5.611000e+03 3.280924e+01
5.612000e+03 3.387503e+01
5.613000e+03 3.387503e+01
5.614000e+03 3.380187e+01
5.615000e+03 3.369312e+01
5.616000e+03 3.369312e+01
5.617000e+03 3.248795e+01
5.618000e+03 3.188430e+01
5.619000e+03 3.188430e+01
5.620000e+03 3.204548e+01
5.621000e+03 3.205755e+01
5.622000e+03 3.219715e+01
5.623000e+03 3.277533e+01
5.624000e+03 3.277533e+01
5.625000e+03 3.298496e+01
5.626000e+03 3.323236e+01
5.627000e+03 3.323236e+01
5.628000e+03 3.321625e+01
5.629000e+03 3.321007e+01
5.630000e+03 3.321007e+01
5.631000e+03 3.154771e+01
5.632000e+03 3.152604e+01
5.633000e+03 3.190109e+01
5.634000e+03 3.301771e+01
5.635000e+03 3.301771e+01
5.636000e+03 3.318334e+01
5.637000e+03 3.333884e+01
5.638000e+03 3.333884e+01
5.639000e+03 3.337577e+01
5.640000e+03 3.338617e+01
5.641000e+03 3.332211e+01
5.642000e+03 3.194842e+01
5.643000e+03 3.194842e+01
5.644000e+03 3.255710e+01
5.645000e+03 3.391818e+01
5.646000e+03 3.391818e+01
5.647000e+03 3.515829e+01
5.648000e+03 3.608048e+01
5.649000e+03 3.608048e+01
5.650000e+03 3.499790e+01
5.651000e+03 3.478870e+01
5.652000e+03 3.507376e+01
5.653000e+03 3.756603e+01
5.654000e+03 3.756603e+01
5.655000e+03 3.826610e+01
5.656000e+03 3.947224e+01
5.657000e+03 3.947224e+01
5.658000e+03 3.802534e+01
5.659000e+03 3.718258e+01
5.660000e+03 3.718258e+01
5.661000e+03 3.708928e+01
5.662000e+03 3.707853e+01
5.663000e+03 3.671251e+01
5.664000e+03 3.481051e+01
5.665000e+03 3.481051e+01
5.666000e+03 3.505260e+01
5.667000e+03 3.537856e+01
5.668000e+03 3.537856e+01
5.669000e+03 3.444316e+01
5.670000e+03 3.402488e+01
5.671000e+03 3.402488e+01
5.672000e+03 3.333186e+01
5.673000e+03 3.329987e+01
5.674000e+03 3.369408e+01
5.675000e+03 3.508526e+01
5.676000e+03 3.508526e+01
5.677000e+03 3.506636e+01
5.678000e+03 3.504635e+01
5.679000e+03 3.504635e+01
5.680000e+03 3.646991e+01
5.681000e+03 3.694252e+01
5.682000e+03 3.696542e+01
5.683000e+03 3.839209e+01
5.684000e+03 3.839209e+01
5.685000e+03 3.849808e+01
5.686000e+03 3.876943e+01
5.687000e+03 3.876943e+01
5.688000e+03 3.740580e+01
5.689000e+03 3.627197e+01
5.690000e+03 3.627197e+01
5.691000e+03 3.739621e+01
5.692000e+03 3.765791e+01
5.693000e+03 3.786632e+01
5.694000e+03 4.038615e+01
5.695000e+03 4.038615e+01
5.696000e+03 4.663862e+01
5.697000e+03 5.868743e+01
5.698000e+03 3.148328e+01
5.699000e+03 3.231746e+01
5.700000e+03 3.109275e+01
5.701000e+03 3.423205e+01
5.702000e+03 3.283242e+01
5.703000e+03 3.044872e+01
5.704000e+03 3.517395e+01
5.705000e+03 3.120391e+01
5.706000e+03 3.537116e+01
5.707000e+03 3.958051e+01
5.708000e+03 3.799124e+01
5.709000e+03 3.371476e+01
5.710000e+03 3.799310e+01
5.711000e+03 3.727930e+01
5.712000e+03 4.047146e+01
5.713000e+03 3.608100e+01
5.714000e+03 4.013799e+01
5.715000e+03 4.096090e+01
5.716000e+03 4.108916e+01
5.717000e+03 4.404118e+01
5.718000e+03 4.157905e+01
5.719000e+03 4.462002e+01
5.720000e+03 3.527205e+01
5.721000e+03 3.628383e+01
5.722000e+03 3.654452e+01
5.723000e+03 3.821628e+01
5.724000e+03 3.532175e+01
5.725000e+03 3.322686e+01
5.726000e+03 3.331826e+01
5.727000e+03 3.265619e+01
5.728000e+03 3.540449e+01
5.729000e+03 2.766554e+01
5.730000e+03 3.265616e+01
5.731000e+03 3.344308e+01
5.732000e+03 3.631590e+01
5.733000e+03 3.595356e+01
5.734000e+03 3.752961e+01
5.735000e+03 3.700370e+01
5.736000e+03 3.895966e+01
5.737000e+03 3.725316e+01
5.738000e+03 3.840561e+01
5.739000e+03 3.300519e+01
5.740000e+03 3.887700e+01
5.741000e+03 3.802347e+01
5.742000e+03 3.748291e+01
5.743000e+03 4.146594e+01
5.744000e+03 4.135095e+01
5.745000e+03 3.582357e+01
5.746000e+03 4.141220e+01
5.747000e+03 3.750605e+01
5.748000e+03 4.294285e+01
5.749000e+03 4.022566e+01
5.750000e+03 3.844694e+01
5.751000e+03 3.762199e+01
5.752000e+03 4.010705e+01
5.753000e+03 4.022889e+01
5.754000e+03 4.249029e+01
5.755000e+03 4.087122e+01
5.756000e+03 4.356648e+01
5.757000e+03 4.042717e+01
5.758000e+03 4.528438e+01
5.759000e+03 4.001945e+01
5.760000e+03 4.526127e+01
5.761000e+03 3.583649e+01
5.762000e+03 3.368459e+01
5.763000e+03 3.956727e+01
5.764000e+03 3.267843e+01
5.765000e+03 3.466149e+01
5.766000e+03 3.886235e+01
5.767000e+03 3.790137e+01
5.768000e+03 3.857767e+01
5.769000e+03 4.017161e+01
5.770000e+03 3.913741e+01
5.771000e+03 3.975655e+01
5.772000e+03 3.646378e+01
5.773000e+03 3.687332e+01
5.774000e+03 3.454265e+01
5.775000e+03 3.966167e+01
5.776000e+03 3.622546e+01
5.777000e+03 3.636309e+01
5.778000e+03 3.380312e+01
5.779000e+03 3.494167e+01
5.780000e+03 3.802906e+01
5.781000e+03 3.849800e+01
5.782000e+03 3.858940e+01
5.783000e+03 3.762822e+01
5.784000e+03 3.751592e+01
5.785000e+03 3.934890e+01
5.786000e+03 3.950405e+01
5.787000e+03 3.899252e+01
5.788000e+03 4.003524e+01
5.789000e+03 3.948224e+01
5.790000e+03 3.887264e+01
5.791000e+03 4.033041e+01
5.792000e+03 4.077851e+01
5.793000e+03 4.205295e+01
5.794000e+03 4.125432e+01
5.795000e+03 4.365728e+01
5.796000e+03 4.634775e+01
5.797000e+03 4.511526e+01
5.798000e+03 4.253867e+01
5.799000e+03 4.442859e+01
5.800000e+03 4.237670e+01
5.801000e+03 4.577902e+01
5.802000e+03 4.158323e+01
5.803000e+03 4.651122e+01
5.804000e+03 4.355291e+01
5.805000e+03 4.327755e+01
5.806000e+03 4.373677e+01
5.807000e+03 4.429490e+01
5.808000e+03 4.628812e+01
5.809000e+03 4.592896e+01
5.810000e+03 4.326647e+01
5.811000e+03 4.914547e+01
5.812000e+03 3.867464e+01
5.813000e+03 3.712153e+01
5.814000e+03 4.138872e+01
5.815000e+03 3.919486e+01
5.816000e+03 3.840962e+01
5.817000e+03 4.048187e+01
5.818000e+03 4.046059e+01
5.819000e+03 3.992923e+01
5.820000e+03 4.234944e+01
5.821000e+03 4.241914e+01
5.822000e+03 4.226919e+01
5.823000e+03 4.553073e+01
5.824000e+03 4.408530e+01
5.825000e+03 4.243786e+01
5.826000e+03 3.992450e+01
5.827000e+03 4.454520e+01
5.828000e+03 3.762859e+01
5.829000e+03 4.287681e+01
5.830000e+03 3.844793e+01
5.831000e+03 3.932622e+01
5.832000e+03 3.844255e+01
5.833000e+03 3.999352e+01
5.834000e+03 3.876583e+01
5.835000e+03 4.123194e+01
5.836000e+03 4.042755e+01
5.837000e+03 4.120259e+01
5.838000e+03 4.223057e+01
5.839000e+03 4.183297e+01
5.840000e+03 3.670830e+01
5.841000e+03 3.664949e+01
5.842000e+03 3.566016e+01
5.843000e+03 3.535658e+01
5.844000e+03 3.630840e+01
5.845000e+03 3.991327e+01
5.846000e+03 3.650922e+01
5.847000e+03 3.599971e+01
5.848000e+03 3.553024e+01
5.849000e+03 3.405721e+01
5.850000e+03 2.446058e+01
5.851000e+03 2.579837e+01
5.852000e+03 2.530578e+01
5.853000e+03 2.273814e+01
5.854000e+03 2.345741e+01
5.855000e+03 2.301333e+01
5.856000e+03 2.664155e+01
5.857000e+03 2.499925e+01
5.858000e+03 2.322994e+01
5.859000e+03 1.947203e+01
5.860000e+03 2.416499e+01
5.861000e+03 2.703544e+01
5.862000e+03 2.369358e+01
5.863000e+03 2.702543e+01
5.864000e+03 2.318866e+01
5.865000e+03 1.851893e+01
5.866000e+03 1.970938e+01
5.867000e+03 2.112755e+01
5.868000e+03 1.915819e+01
5.869000e+03 1.991063e+01
5.870000e+03 2.164743e+01
5.871000e+03 2.076689e+01
5.872000e+03 2.104026e+01
5.873000e+03 1.935900e+01
5.874000e+03 1.851536e+01
5.875000e+03 1.570684e+01
5.876000e+03 1.673896e+01
5.877000e+03 1.686577e+01
5.878000e+03 1.499738e+01
5.879000e+03 1.435609e+01
5.880000e+03 1.398755e+01
5.881000e+03 1.376655e+01
5.882000e+03 1.340752e+01
5.883000e+03 1.314226e+01
5.884000e+03 1.229469e+01
5.885000e+03 1.178387e+01
5.886000e+03 1.109008e+01
5.887000e+03 1.033121e+01
5.888000e+03 9.602417e+00
5.889000e+03 8.414884e+00
5.890000e+03 7.084400e+00
5.891000e+03 4.877475e+00
5.892000e+03 4.274897e+00
5.893000e+03 7.111525e+00
5.894000e+03 8.663929e+00
5.895000e+03 9.312247e+00
5.896000e+03 8.875867e+00
5.897000e+03 6.172045e+00
5.898000e+03 4.790534e+00
5.899000e+03 7.804413e+00
5.900000e+03 9.118063e+00
5.901000e+03 9.330255e+00
5.902000e+03 1.017786e+01
5.903000e+03 1.102817e+01
5.904000e+03 1.206602e+01
5.905000e+03 1.265324e+01
5.906000e+03 1.318586e+01
5.907000e+03 1.181673e+01
5.908000e+03 1.198895e+01
5.909000e+03 1.325347e+01
5.910000e+03 1.338914e+01
5.911000e+03 1.297137e+01
5.912000e+03 1.436008e+01
5.913000e+03 1.468523e+01
5.914000e+03 1.496591e+01
5.915000e+03 1.557550e+01
5.916000e+03 1.433317e+01
5.917000e+03 1.512173e+01
5.918000e+03 1.607799e+01
5.919000e+03 1.725760e+01
5.920000e+03 1.637040e+01
5.921000e+03 1.877450e+01
5.922000e+03 1.901609e+01
5.923000e+03 1.787822e+01
5.924000e+03 1.735265e+01
5.925000e+03 1.676893e+01
5.926000e+03 1.751828e+01
5.927000e+03 1.666439e+01
5.928000e+03 1.806579e+01
5.929000e+03 1.728625e+01
5.930000e+03 1.731992e+01
5.931000e+03 1.630108e+01
5.932000e+03 1.787150e+01
5.933000e+03 1.700660e+01
5.934000e+03 2.086496e+01
5.935000e+03 1.814571e+01
5.936000e+03 2.240013e+01
5.937000e+03 1.890089e+01
5.938000e+03 2.202669e+01
5.939000e+03 1.851187e+01
5.940000e+03 1.989892e+01
5.941000e+03 2.048618e+01
5.942000e+03 2.223696e+01
5.943000e+03 2.001746e+01
5.944000e+03 2.085406e+01
5.945000e+03 2.172767e+01
5.946000e+03 2.182050e+01
5.947000e+03 2.276339e+01
5.948000e+03 2.382284e+01
5.949000e+03 2.272338e+01
5.950000e+03 2.329375e+01
5.951000e+03 2.462627e+01
5.952000e+03 1.991135e+01
5.953000e+03 1.673532e+01
5.954000e+03 1.710800e+01
5.955000e+03 1.929610e+01
5.956000e+03 2.168999e+01
5.957000e+03 2.188625e+01
5.958000e+03 1.988429e+01
5.959000e+03 1.721967e+01
5.960000e+03 1.751483e+01
5.961000e+03 1.883428e+01
5.962000e+03 1.975548e+01
5.963000e+03 1.934614e+01
5.964000e+03 1.995103e+01
5.965000e+03 1.963868e+01
5.966000e+03 2.060780e+01
5.967000e+03 2.001310e+01
5.968000e+03 2.183797e+01
5.969000e+03 2.137452e+01
5.970000e+03 2.223184e+01
5.971000e+03 2.462178e+01
5.972000e+03 2.348652e+01
5.973000e+03 2.386414e+01
5.974000e+03 2.180716e+01
5.975000e+03 2.559348e+01
5.976000e+03 2.274465e+01
5.977000e+03 2.365367e+01
5.978000e+03 2.254781e+01
5.979000e+03 2.167694e+01
5.980000e+03 2.274764e+01
5.981000e+03 2.407238e+01
5.982000e+03 2.241535e+01
5.983000e+03 2.203701e+01
5.984000e+03 2.568325e+01
5.985000e+03 2.166519e+01
5.986000e+03 2.711105e+01
5.987000e+03 2.368259e+01
5.988000e+03 2.565388e+01
5.989000e+03 2.706247e+01
5.990000e+03 2.633906e+01
5.991000e+03 2.701012e+01
5.992000e+03 2.865882e+01
5.993000e+03 2.896403e+01
5.994000e+03 2.977039e+01
5.995000e+03 2.861247e+01
5.996000e+03 3.014633e+01
5.997000e+03 2.680964e+01
5.998000e+03 3.346146e+01
5.999000e+03 2.620646e+01
6.000000e+03 3.330502e+01
6.001000e+03 3.083744e+01
6.002000e+03 3.152804e+01
6.003000e+03 3.257265e+01
6.004000e+03 3.161892e+01
6.005000e+03 2.866652e+01
6.006000e+03 2.163223e+01
6.007000e+03 2.813670e+01
6.008000e+03 2.566776e+01
6.009000e+03 3.150542e+01
6.010000e+03 2.966363e+01
6.011000e+03 3.010901e+01
6.012000e+03 2.476777e+01
6.013000e+03 2.594417e+01
6.014000e+03 2.618531e+01
6.015000e+03 3.077869e+01
6.016000e+03 2.817608e+01
6.017000e+03 2.932012e+01
6.018000e+03 2.898892e+01
6.019000e+03 3.095545e+01
6.020000e+03 2.903821e+01
6.021000e+03 2.942613e+01
6.022000e+03 2.937561e+01
6.023000e+03 3.291238e+01
6.024000e+03 3.067320e+01
6.025000e+03 3.093703e+01
6.026000e+03 3.575067e+01
6.027000e+03 3.431988e+01
6.028000e+03 3.697133e+01
6.029000e+03 3.178785e+01
6.030000e+03 3.559930e+01
6.031000e+03 3.289191e+01
6.032000e+03 3.140117e+01
6.033000e+03 3.071675e+01
6.034000e+03 3.434322e+01
6.035000e+03 3.292969e+01
6.036000e+03 3.465813e+01
6.037000e+03 3.633352e+01
6.038000e+03 3.387572e+01
6.039000e+03 3.811290e+01
6.040000e+03 3.568147e+01
6.041000e+03 3.609464e+01
6.042000e+03 3.322976e+01
6.043000e+03 3.882790e+01
6.044000e+03 3.921777e+01
6.045000e+03 3.738613e+01
6.046000e+03 4.026931e+01
6.047000e+03 4.150314e+01
6.048000e+03 3.955645e+01
6.049000e+03 4.117274e+01
6.050000e+03 4.064813e+01
6.051000e+03 4.426470e+01
6.052000e+03 4.093530e+01
6.053000e+03 4.324612e+01
6.054000e+03 4.250976e+01
6.055000e+03 4.638725e+01
6.056000e+03 4.230821e+01
6.057000e+03 4.450519e+01
6.058000e+03 4.593781e+01
6.059000e+03 4.101021e+01
6.060000e+03 3.519747e+01
6.061000e+03 4.329493e+01
6.062000e+03 3.876514e+01
6.063000e+03 4.378903e+01
6.064000e+03 4.417300e+01
6.065000e+03 3.781402e+01
6.066000e+03 3.508737e+01
6.067000e+03 3.639220e+01
6.068000e+03 3.711368e+01
6.069000e+03 4.412295e+01
6.070000e+03 4.251699e+01
6.071000e+03 4.095135e+01
6.072000e+03 4.308928e+01
6.073000e+03 4.403010e+01
6.074000e+03 4.475744e+01
6.075000e+03 4.344925e+01
6.076000e+03 4.714997e+01
6.077000e+03 4.619656e+01
6.078000e+03 4.581340e+01
6.079000e+03 4.912429e+01
6.080000e+03 4.784484e+01
6.081000e+03 4.990387e+01
6.082000e+03 5.318442e+01
6.083000e+03 4.299814e+01
6.084000e+03 5.116994e+01
6.085000e+03 5.136037e+01
6.086000e+03 5.322255e+01
6.087000e+03 4.407468e+01
6.088000e+03 5.131216e+01
6.089000e+03 4.705723e+01
6.090000e+03 4.436234e+01
6.091000e+03 4.889893e+01
6.092000e+03 4.158887e+01
6.093000e+03 5.019107e+01
6.094000e+03 4.420776e+01
6.095000e+03 5.107962e+01
6.096000e+03 5.148635e+01
6.097000e+03 5.390701e+01
6.098000e+03 4.801311e+01
6.099000e+03 4.595025e+01
6.100000e+03 5.453994e+01
6.101000e+03 5.074318e+01
6.102000e+03 5.052499e+01
6.103000e+03 4.800096e+01
6.104000e+03 3.298399e+01
6.105000e+03 4.153824e+01
6.106000e+03 4.961150e+01
6.107000e+03 4.805467e+01
6.108000e+03 5.686274e+01
6.109000e+03 5.182192e+01
6.110000e+03 5.007204e+01
6.111000e+03 5.071089e+01
6.112000e+03 5.306966e+01
6.113000e+03 5.118579e+01
6.114000e+03 5.255081e+01
6.115000e+03 5.474693e+01
6.116000e+03 5.163011e+01
6.117000e+03 5.365412e+01
6.118000e+03 5.992888e+01
6.119000e+03 5.382360e+01
6.120000e+03 5.998710e+01
6.121000e+03 4.383707e+01
6.122000e+03 4.602514e+01
6.123000e+03 3.903503e+01
6.124000e+03 2.495420e+01
6.125000e+03 4.460170e+01
6.126000e+03 4.760520e+01
6.127000e+03 5.565687e+01
6.128000e+03 4.635454e+01
6.129000e+03 5.678191e+01
6.130000e+03 5.592680e+01
6.131000e+03 5.198308e+01
6.132000e+03 5.906461e+01
6.133000e+03 6.167755e+01
6.134000e+03 5.536670e+01
6.135000e+03 5.371397e+01
6.136000e+03 5.788977e+01
6.137000e+03 4.955414e+01
6.138000e+03 4.945528e+01
6.139000e+03 4.937002e+01
6.140000e+03 5.326798e+01
6.141000e+03 5.824782e+01
6.142000e+03 6.270697e+01
6.143000e+03 5.256574e+01
6.144000e+03 6.071324e+01
6.145000e+03 5.954707e+01
6.146000e+03 6.169933e+01
6.147000e+03 5.612195e+01
6.148000e+03 6.140586e+01
6.149000e+03 5.952763e+01
6.150000e+03 5.702313e+01
6.151000e+03 3.992809e+01
6.152000e+03 3.353034e+01
6.153000e+03 4.537872e+01
6.154000e+03 4.843217e+01
6.155000e+03 4.828618e+01
6.156000e+03 3.877737e+01
6.157000e+03 4.587670e+01
6.158000e+03 4.084337e+01
6.159000e+03 4.273301e+01
6.160000e+03 3.640410e+01
6.161000e+03 1.899281e+01
6.162000e+03 2.075657e+01
6.163000e+03 1.855470e+01
6.164000e+03 1.376054e+01
6.165000e+03 1.849334e+01
6.166000e+03 2.195595e+01
6.167000e+03 2.346264e+01
6.168000e+03 2.517374e+01
6.169000e+03 2.735058e+01
6.170000e+03 2.293753e+01
6.171000e+03 1.717464e+01
6.172000e+03 2.646277e+01
6.173000e+03 2.507611e+01
6.174000e+03 2.951701e+01
6.175000e+03 3.368456e+01
6.176000e+03 2.837138e+01
6.177000e+03 1.795752e+01
6.178000e+03 2.356884e+01
6.179000e+03 2.303152e+01
6.180000e+03 2.858950e+01
6.181000e+03 2.777400e+01
6.182000e+03 2.870860e+01
6.183000e+03 2.923691e+01
6.184000e+03 2.559513e+01
6.185000e+03 3.017943e+01
6.186000e+03 2.419447e+01
6.187000e+03 2.192716e+01
6.188000e+03 2.328441e+01
6.189000e+03 1.439470e+01
6.190000e+03 1.977774e+01
6.191000e+03 2.210401e+01
6.192000e+03 1.851305e+01
6.193000e+03 1.691488e+01
6.194000e+03 1.738309e+01
6.195000e+03 1.884091e+01
6.196000e+03 1.707694e+01
6.197000e+03 1.958825e+01
6.198000e+03 1.787789e+01
6.199000e+03 1.829882e+01
6.200000e+03 2.318838e+01
6.201000e+03 1.866836e+01
6.202000e+03 2.430147e+01
6.203000e+03 1.819808e+01
6.204000e+03 2.095361e+01
6.205000e+03 1.987411e+01
6.206000e+03 2.340881e+01
6.207000e+03 2.270935e+01
6.208000e+03 2.072005e+01
6.209000e+03 2.016695e+01
6.210000e+03 2.474022e+01
6.211000e+03 2.507921e+01
6.212000e+03 2.748392e+01
6.213000e+03 1.921384e+01
6.214000e+03 2.107003e+01
6.215000e+03 2.167799e+01
6.216000e+03 1.818278e+01
6.217000e+03 1.430098e+01
6.218000e+03 1.258462e+01
6.219000e+03 1.532083e+01
6.220000e+03 1.596151e+01
6.221000e+03 1.732476e+01
6.222000e+03 1.865549e+01
6.223000e+03 2.329999e+01
6.224000e+03 1.634017e+01
6.225000e+03 1.218782e+01
6.226000e+03 1.321008e+01
6.227000e+03 1.327284e+01
6.228000e+03 1.548763e+01
6.229000e+03 1.492022e+01
6.230000e+03 1.445639e+01
6.231000e+03 1.457223e+01
6.232000e+03 1.457429e+01
6.233000e+03 1.575593e+01
6.234000e+03 1.526841e+01
6.235000e+03 1.707629e+01
6.236000e+03 1.801875e+01
6.237000e+03 1.671925e+01
6.238000e+03 1.508180e+01
6.239000e+03 1.653418e+01
6.240000e+03 1.539267e+01
6.241000e+03 1.635471e+01
6.242000e+03 1.479531e+01
6.243000e+03 1.731121e+01
6.244000e+03 1.638478e+01
6.245000e+03 1.701597e+01
6.246000e+03 1.481680e+01
6.247000e+03 1.690915e+01
6.248000e+03 1.852889e+01
6.249000e+03 1.701350e+01
6.250000e+03 2.035303e+01
6.251000e+03 1.808142e+01
6.252000e+03 2.012934e+01
6.253000e+03 1.887619e+01
6.254000e+03 1.768642e+01
6.255000e+03 2.146060e+01
6.256000e+03 2.266595e+01
6.257000e+03 1.956055e+01
6.258000e+03 2.074536e+01
6.259000e+03 1.990013e+01
6.260000e+03 1.981625e+01
6.261000e+03 2.213564e+01
6.262000e+03 2.145221e+01
6.263000e+03 1.746756e+01
6.264000e+03 2.082593e+01
6.265000e+03 2.421071e+01
6.266000e+03 2.587024e+01
6.267000e+03 2.101209e+01
6.268000e+03 2.342893e+01
6.269000e+03 2.366998e+01
6.270000e+03 2.269618e+01
6.271000e+03 1.876947e+01
6.272000e+03 2.168932e+01
6.273000e+03 2.306702e+01
6.274000e+03 2.105797e+01
6.275000e+03 2.430497e+01
6.276000e+03 2.176066e+01
6.277000e+03 2.692708e+01
6.278000e+03 1.917955e+01
6.279000e+03 1.835968e+01
6.280000e+03 2.120355e+01
6.281000e+03 2.192311e+01
6.282000e+03 2.302614e+01
6.283000e+03 2.031863e+01
6.284000e+03 2.181392e+01
6.285000e+03 2.535793e+01
6.286000e+03 2.440772e+01
6.287000e+03 2.445501e+01
6.288000e+03 2.369045e+01
6.289000e+03 2.400289e+01
6.290000e+03 2.570509e+01
6.291000e+03 2.669119e+01
6.292000e+03 2.839364e+01
6.293000e+03 2.411649e+01
6.294000e+03 2.485252e+01
6.295000e+03 2.483347e+01
6.296000e+03 2.849758e+01
6.297000e+03 2.551384e+01
6.298000e+03 2.098728e+01
6.299000e+03 2.410813e+01
6.300000e+03 2.918164e+01
6.301000e+03 2.618133e+01
6.302000e+03 2.728441e+01
6.303000e+03 2.701032e+01
6.304000e+03 2.868263e+01
6.305000e+03 3.151184e+01
6.306000e+03 3.100124e+01
6.307000e+03 2.528626e+01
6.308000e+03 2.742077e+01
6.309000e+03 3.056239e+01
6.310000e+03 3.525793e+01
6.311000e+03 2.947918e+01
6.312000e+03 3.105009e+01
6.313000e+03 3.408270e+01
6.314000e+03 3.475104e+01
6.315000e+03 3.245154e+01
6.316000e+03 3.257860e+01
6.317000e+03 2.834879e+01
6.318000e+03 3.909393e+01
6.319000e+03 3.382941e+01
6.320000e+03 3.174551e+01
6.321000e+03 3.589133e+01
6.322000e+03 3.797258e+01
6.323000e+03 3.110385e+01
6.324000e+03 3.171687e+01
6.325000e+03 2.770532e+01
6.326000e+03 3.769327e+01
6.327000e+03 3.009775e+01
6.328000e+03 3.289056e+01
6.329000e+03 3.003133e+01
6.330000e+03 3.829938e+01
6.331000e+03 3.496036e+01
6.332000e+03 3.567240e+01
6.333000e+03 3.059125e+01
6.334000e+03 3.875936e+01
6.335000e+03 3.655629e+01
6.336000e+03 3.840358e+01
6.337000e+03 3.246575e+01
6.338000e+03 3.703825e+01
6.339000e+03 3.666140e+01
6.340000e+03 3.717462e+01
6.341000e+03 4.320073e+01
6.342000e+03 4.240930e+01
6.343000e+03 3.471727e+01
6.344000e+03 4.635287e+01
6.345000e+03 4.363660e+01
6.346000e+03 4.275379e+01
6.347000e+03 2.952041e+01
6.348000e+03 3.408160e+01
6.349000e+03 3.800178e+01
6.350000e+03 3.648970e+01
6.351000e+03 4.001254e+01
6.352000e+03 4.866703e+01
6.353000e+03 3.366382e+01
6.354000e+03 3.273347e+01
6.355000e+03 3.509000e+01
6.356000e+03 3.439662e+01
6.357000e+03 2.820969e+01
6.358000e+03 3.063264e+01
6.359000e+03 3.167086e+01
6.360000e+03 3.107035e+01
6.361000e+03 3.071785e+01
6.362000e+03 3.216488e+01
6.363000e+03 3.185896e+01
6.364000e+03 3.264858e+01
6.365000e+03 3.085334e+01
6.366000e+03 3.225814e+01
6.367000e+03 3.213402e+01
6.368000e+03 3.493761e+01
6.369000e+03 3.096569e+01
6.370000e+03 3.349327e+01
6.371000e+03 3.405474e+01
6.372000e+03 3.138121e+01
6.373000e+03 3.463798e+01
6.374000e+03 3.340605e+01
6.375000e+03 3.654123e+01
6.376000e+03 3.567780e+01
6.377000e+03 3.087574e+01
6.378000e+03 3.302827e+01
6.379000e+03 3.154179e+01
6.380000e+03 3.198404e+01
6.381000e+03 2.989148e+01
6.382000e+03 2.841159e+01
6.383000e+03 2.814752e+01
6.384000e+03 2.697553e+01
6.385000e+03 3.110392e+01
6.386000e+03 2.784117e+01
6.387000e+03 3.021909e+01
6.388000e+03 3.232619e+01
6.389000e+03 2.851917e+01
6.390000e+03 3.368978e+01
6.391000e+03 2.915069e+01
6.392000e+03 2.666768e+01
6.393000e+03 2.185328e+01
6.394000e+03 3.336170e+01
6.395000e+03 3.936408e+01
6.396000e+03 3.769787e+01
6.397000e+03 3.491201e+01
6.398000e+03 3.624608e+01
6.399000e+03 3.823206e+01
6.400000e+03 3.353350e+01
6.401000e+03 3.219688e+01
6.402000e+03 3.055922e+01
6.403000e+03 2.764418e+01
6.404000e+03 3.522930e+01
6.405000e+03 5.309255e+01
6.406000e+03 4.281387e+01
6.407000e+03 5.082229e+01
6.408000e+03 4.742402e+01
6.409000e+03 4.825546e+01
6.410000e+03 4.152380e+01
6.411000e+03 4.922892e+01
6.412000e+03 4.476461e+01
6.413000e+03 4.249020e+01
6.414000e+03 3.784135e+01
6.415000e+03 3.554699e+01
6.416000e+03 4.364614e+01
6.417000e+03 3.656042e+01
6.418000e+03 5.055146e+01
6.419000e+03 5.000047e+01
6.420000e+03 4.185950e+01
6.421000e+03 4.699845e+01
6.422000e+03 4.485227e+01
6.423000e+03 3.256673e+01
6.424000e+03 4.232217e+01
6.425000e+03 4.879844e+01
6.426000e+03 4.013509e+01
6.427000e+03 4.365470e+01
6.428000e+03 4.557271e+01
6.429000e+03 4.101983e+01
6.430000e+03 4.435657e+01
6.431000e+03 4.097799e+01
6.432000e+03 4.904183e+01
6.433000e+03 4.481955e+01
6.434000e+03 4.961434e+01
6.435000e+03 4.535384e+01
6.436000e+03 5.578103e+01
6.437000e+03 4.916947e+01
6.438000e+03 4.909292e+01
6.439000e+03 4.737652e+01
6.440000e+03 4.013259e+01
6.441000e+03 2.673503e+01
6.442000e+03 4.301278e+01
6.443000e+03 5.463812e+01
6.444000e+03 5.140408e+01
6.445000e+03 6.083009e+01
6.446000e+03 5.690988e+01
6.447000e+03 5.709781e+01
6.448000e+03 5.607262e+01
6.449000e+03 5.520376e+01
6.450000e+03 4.557912e+01
6.451000e+03 4.772804e+01
6.452000e+03 4.579775e+01
6.453000e+03 5.297373e+01
6.454000e+03 5.337960e+01
6.455000e+03 5.464357e+01
6.456000e+03 5.819091e+01
6.457000e+03 4.890122e+01
6.458000e+03 5.884891e+01
6.459000e+03 5.925156e+01
6.460000e+03 5.540092e+01
6.461000e+03 5.800919e+01
6.462000e+03 5.721979e+01
6.463000e+03 5.385398e+01
6.464000e+03 3.171489e+01
6.465000e+03 4.355665e+01
6.466000e+03 5.440084e+01
6.467000e+03 6.285902e+01
6.468000e+03 6.150835e+01
6.469000e+03 6.451523e+01
6.470000e+03 6.730899e+01
6.471000e+03 7.009401e+01
6.472000e+03 6.720175e+01
6.473000e+03 4.783548e+01
6.474000e+03 5.511652e+01
6.475000e+03 6.570985e+01
6.476000e+03 3.502121e+01
6.477000e+03 4.780225e+01
6.478000e+03 5.054634e+01
6.479000e+03 5.688728e+01
6.480000e+03 5.973535e+01
6.481000e+03 5.269074e+01
6.482000e+03 5.191643e+01
6.483000e+03 4.395443e+01
6.484000e+03 4.246237e+01
6.485000e+03 4.379924e+01
6.486000e+03 4.408718e+01
6.487000e+03 4.319588e+01
6.488000e+03 4.794288e+01
6.489000e+03 4.911473e+01
6.490000e+03 4.133078e+01
6.491000e+03 5.566154e+01
6.492000e+03 4.436322e+01
6.493000e+03 5.193330e+01
6.494000e+03 4.105532e+01
6.495000e+03 4.161676e+01
6.496000e+03 3.388714e+01
6.497000e+03 3.724401e+01
6.498000e+03 3.937440e+01
6.499000e+03 4.359507e+01
6.500000e+03 4.495211e+01
6.501000e+03 3.098907e+01
6.502000e+03 4.050240e+01
6.503000e+03 4.519557e+01
6.504000e+03 4.853637e+01
6.505000e+03 4.639443e+01
6.506000e+03 5.010625e+01
6.507000e+03 4.826902e+01
6.508000e+03 5.835431e+01
6.509000e+03 4.534118e+01
6.510000e+03 3.985409e+01
6.511000e+03 3.958612e+01
6.512000e+03 4.788293e+01
6.513000e+03 5.253511e+01
6.514000e+03 4.503932e+01
6.515000e+03 4.616591e+01
6.516000e+03 5.140518e+01
6.517000e+03 4.323824e+01
6.518000e+03 4.848102e+01
6.519000e+03 4.240584e+01
6.520000e+03 5.270136e+01
6.521000e+03 4.365480e+01
6.522000e+03 4.933684e+01
6.523000e+03 4.922586e+01
6.524000e+03 5.401961e+01
6.525000e+03 5.040983e+01
6.526000e+03 5.423963e+01
6.527000e+03 5.200518e+01
6.528000e+03 5.678486e+01
6.529000e+03 4.909967e+01
6.530000e+03 5.340283e+01
6.531000e+03 5.390894e+01
6.532000e+03 6.006748e+01
6.533000e+03 6.034215e+01
6.534000e+03 5.854094e+01
6.535000e+03 5.994406e+01
6.536000e+03 6.289280e+01
6.537000e+03 6.289971e+01
6.538000e+03 6.049194e+01
6.539000e+03 6.531547e+01
6.540000e+03 6.006736e+01
6.541000e+03 6.603075e+01
6.542000e+03 6.542027e+01
6.543000e+03 6.771376e+01
6.544000e+03 6.336199e+01
6.545000e+03 5.403991e+01
6.546000e+03 4.994412e+01
6.547000e+03 5.663121e+01
6.548000e+03 5.639013e+01
6.549000e+03 5.494053e+01
6.550000e+03 5.801827e+01
6.551000e+03 5.717947e+01
6.552000e+03 5.255056e+01
6.553000e+03 5.212828e+01
6.554000e+03 5.146544e+01
6.555000e+03 5.837709e+01
6.556000e+03 4.637587e+01
6.557000e+03 5.742431e+01
6.558000e+03 5.524035e+01
6.559000e+03 5.781683e+01
6.560000e+03 5.595366e+01
6.561000e+03 6.370494e+01
6.562000e+03 5.774923e+01
6.563000e+03 6.438406e+01
6.564000e+03 5.280596e+01
6.565000e+03 5.636771e+01
6.566000e+03 5.181743e+01
6.567000e+03 6.224821e+01
6.568000e+03 5.512778e+01
6.569000e+03 5.190039e+01
6.570000e+03 6.057099e+01
6.571000e+03 5.148212e+01
6.572000e+03 6.476915e+01
6.573000e+03 5.698034e+01
6.574000e+03 6.247864e+01
6.575000e+03 6.196111e+01
6.576000e+03 5.302408e+01
6.577000e+03 6.247707e+01
6.578000e+03 5.694774e+01
6.579000e+03 6.090767e+01
6.580000e+03 5.011216e+01
6.581000e+03 5.235209e+01
6.582000e+03 5.575225e+01
6.583000e+03 5.377512e+01
6.584000e+03 6.370916e+01
6.585000e+03 5.281302e+01
6.586000e+03 6.307133e+01
6.587000e+03 5.850931e+01
6.588000e+03 5.974128e+01
6.589000e+03 5.973999e+01
6.590000e+03 6.893769e+01
6.591000e+03 5.945081e+01
6.592000e+03 6.969709e+01
6.593000e+03 5.998658e+01
6.594000e+03 5.970116e+01
6.595000e+03 6.096149e+01
6.596000e+03 5.025666e+01
6.597000e+03 5.092998e+01
6.598000e+03 5.754508e+01
6.599000e+03 5.902893e+01
6.600000e+03 6.704359e+01
6.601000e+03 5.445930e+01
6.602000e+03 5.642202e+01
6.603000e+03 6.125268e+01
6.604000e+03 5.786941e+01
6.605000e+03 6.236434e+01
6.606000e+03 5.938235e+01
6.607000e+03 5.983823e+01
6.608000e+03 5.985225e+01
6.609000e+03 5.981840e+01
6.610000e+03 5.433552e+01
6.611000e+03 5.898702e+01
6.612000e+03 5.153683e+01
6.613000e+03 5.720552e+01
6.614000e+03 5.915857e+01
6.615000e+03 5.539247e+01
6.616000e+03 5.717003e+01
6.617000e+03 5.271446e+01
6.618000e+03 5.538531e+01
6.619000e+03 6.136397e+01
6.620000e+03 5.428171e+01
6.621000e+03 5.205264e+01
6.622000e+03 5.362820e+01
6.623000e+03 5.599969e+01
6.624000e+03 5.393457e+01
6.625000e+03 5.030165e+01
6.626000e+03 5.716692e+01
6.627000e+03 4.811160e+01
6.628000e+03 4.907647e+01
6.629000e+03 4.468221e+01
6.630000e+03 5.296037e+01
6.631000e+03 5.053051e+01
6.632000e+03 5.288246e+01
6.633000e+03 5.395617e+01
6.634000e+03 5.724679e+01
6.635000e+03 6.127917e+01
6.636000e+03 5.626935e+01
6.637000e+03 5.168641e+01
6.638000e+03 4.207628e+01
6.639000e+03 4.941949e+01
6.640000e+03 4.967049e+01
6.641000e+03 4.964062e+01
6.642000e+03 4.912613e+01
6.643000e+03 5.154972e+01
6.644000e+03 5.585414e+01
6.645000e+03 5.164456e+01
6.646000e+03 5.191402e+01
6.647000e+03 5.137041e+01
6.648000e+03 5.457824e+01
6.649000e+03 5.431254e+01
6.650000e+03 5.127103e+01
6.651000e+03 5.170382e+01
6.652000e+03 4.535772e+01
6.653000e+03 3.154976e+01
6.654000e+03 3.424527e+01
6.655000e+03 3.870431e+01
6.656000e+03 4.309573e+01
6.657000e+03 3.987082e+01
6.658000e+03 4.018863e+01
6.659000e+03 4.022306e+01
6.660000e+03 3.849447e+01
6.661000e+03 3.993432e+01
6.662000e+03 4.393747e+01
6.663000e+03 4.390242e+01
6.664000e+03 4.638096e+01
6.665000e+03 3.815018e+01
6.666000e+03 4.150103e+01
6.667000e+03 4.448633e+01
6.668000e+03 5.175477e+01
6.669000e+03 4.934408e+01
6.670000e+03 4.799489e+01
6.671000e+03 4.611145e+01
6.672000e+03 4.579354e+01
6.673000e+03 5.141347e+01
6.674000e+03 5.011028e+01
6.675000e+03 5.516202e+01
6.676000e+03 5.109796e+01
6.677000e+03 4.620629e+01
6.678000e+03 4.320107e+01
6.679000e+03 4.910275e+01
6.680000e+03 4.360964e+01
6.681000e+03 4.197738e+01
6.682000e+03 4.545681e+01
6.683000e+03 2.513580e+01
6.684000e+03 3.131373e+01
6.685000e+03 2.843037e+01
6.686000e+03 3.637408e+01
6.687000e+03 3.402001e+01
6.688000e+03 3.454668e+01
6.689000e+03 3.425252e+01
6.690000e+03 3.946222e+01
6.691000e+03 4.399052e+01
6.692000e+03 3.792363e+01
6.693000e+03 4.485974e+01
6.694000e+03 3.658575e+01
6.695000e+03 3.526410e+01
6.696000e+03 3.435289e+01
6.697000e+03 3.807552e+01
6.698000e+03 3.593560e+01
6.699000e+03 4.119152e+01
6.700000e+03 3.638242e+01
6.701000e+03 4.010524e+01
6.702000e+03 4.303548e+01
6.703000e+03 4.175454e+01
6.704000e+03 4.331712e+01
6.705000e+03 4.133243e+01
6.706000e+03 4.340338e+01
6.707000e+03 4.157927e+01
6.708000e+03 4.327992e+01
6.709000e+03 4.551380e+01
6.710000e+03 3.289185e+01
6.711000e+03 4.471769e+01
6.712000e+03 4.274303e+01
6.713000e+03 4.086228e+01
6.714000e+03 4.294658e+01
6.715000e+03 4.213117e+01
6.716000e+03 3.180768e+01
6.717000e+03 2.758179e+01
6.718000e+03 3.632593e+01
6.719000e+03 2.890163e+01
6.720000e+03 2.547006e+01
6.721000e+03 2.460432e+01
6.722000e+03 3.055261e+01
6.723000e+03 2.895726e+01
6.724000e+03 2.688966e+01
6.725000e+03 3.213347e+01
6.726000e+03 2.895369e+01
6.727000e+03 3.445993e+01
6.728000e+03 2.754663e+01
6.729000e+03 3.418312e+01
6.730000e+03 3.016333e+01
6.731000e+03 3.023336e+01
6.732000e+03 3.135978e+01
6.733000e+03 3.320732e+01
6.734000e+03 3.585761e+01
6.735000e+03 3.458368e+01
6.736000e+03 3.441987e+01
6.737000e+03 3.299980e+01
6.738000e+03 3.498735e+01
6.739000e+03 3.809863e+01
6.740000e+03 3.632797e+01
6.741000e+03 3.364875e+01
6.742000e+03 4.195079e+01
6.743000e+03 3.207037e+01
6.744000e+03 3.010089e+01
6.745000e+03 3.440087e+01
6.746000e+03 2.823254e+01
6.747000e+03 4.002574e+01
6.748000e+03 3.102800e+01
6.749000e+03 3.290599e+01
6.750000e+03 2.506903e+01
6.751000e+03 2.928344e+01
6.752000e+03 3.441658e+01
6.753000e+03 3.178308e+01
6.754000e+03 3.008626e+01
6.755000e+03 2.696971e+01
6.756000e+03 3.146910e+01
6.757000e+03 3.462693e+01
6.758000e+03 2.980471e+01
6.759000e+03 3.042234e+01
6.760000e+03 3.921514e+01
6.761000e+03 2.893294e+01
6.762000e+03 3.609634e+01
6.763000e+03 3.073235e+01
6.764000e+03 3.511782e+01
6.765000e+03 3.504102e+01
6.766000e+03 3.573232e+01
6.767000e+03 3.349792e+01
6.768000e+03 3.426205e+01
6.769000e+03 4.112414e+01
6.770000e+03 4.172791e+01
6.771000e+03 3.849437e+01
6.772000e+03 3.850020e+01
6.773000e+03 3.440779e+01
6.774000e+03 3.534910e+01
6.775000e+03 4.052822e+01
6.776000e+03 3.952316e+01
6.777000e+03 3.910236e+01
6.778000e+03 3.827056e+01
6.779000e+03 3.961005e+01
6.780000e+03 3.865649e+01
6.781000e+03 3.987837e+01
6.782000e+03 3.463134e+01
6.783000e+03 3.495708e+01
6.784000e+03 2.728808e+01
6.785000e+03 2.575429e+01
6.786000e+03 3.160805e+01
6.787000e+03 2.806900e+01
6.788000e+03 3.041165e+01
6.789000e+03 2.863835e+01
6.790000e+03 3.204717e+01
6.791000e+03 2.864674e+01
6.792000e+03 2.992992e+01
6.793000e+03 3.379865e+01
6.794000e+03 2.969262e+01
6.795000e+03 3.260837e+01
6.796000e+03 3.249351e+01
6.797000e+03 3.886459e+01
6.798000e+03 3.077481e+01
6.799000e+03 4.163120e+01
6.800000e+03 2.810314e+01
6.801000e+03 3.699563e+01
6.802000e+03 3.218071e+01
6.803000e+03 3.550358e+01
6.804000e+03 3.702576e+01
6.805000e+03 3.545451e+01
6.806000e+03 3.478176e+01
6.807000e+03 3.847533e+01
6.808000e+03 3.667951e+01
6.809000e+03 3.472524e+01
6.810000e+03 3.991599e+01
6.811000e+03 3.503611e+01
6.812000e+03 4.176247e+01
6.813000e+03 3.522865e+01
6.814000e+03 3.414558e+01
6.815000e+03 3.563921e+01
6.816000e+03 4.207351e+01
6.817000e+03 2.708491e+01
6.818000e+03 3.144818e+01
6.819000e+03 3.012859e+01
6.820000e+03 4.422755e+01
6.821000e+03 3.955519e+01
6.822000e+03 2.967675e+01
6.823000e+03 3.044950e+01
6.824000e+03 3.840130e+01
6.825000e+03 4.107842e+01
6.826000e+03 3.104657e+01
6.827000e+03 3.844935e+01
6.828000e+03 2.977837e+01
6.829000e+03 4.026216e+01
6.830000e+03 3.696073e+01
6.831000e+03 3.151627e+01
6.832000e+03 3.976973e+01
6.833000e+03 2.762816e+01
6.834000e+03 4.114462e+01
6.835000e+03 3.296308e+01
6.836000e+03 3.277285e+01
6.837000e+03 3.845671e+01
6.838000e+03 3.612242e+01
6.839000e+03 3.353003e+01
6.840000e+03 4.143054e+01
6.841000e+03 3.761456e+01
6.842000e+03 3.033761e+01
6.843000e+03 4.919898e+01
6.844000e+03 3.286345e+01
6.845000e+03 4.120060e+01
6.846000e+03 4.233497e+01
6.847000e+03 4.281918e+01
6.848000e+03 3.081048e+01
6.849000e+03 4.121718e+01
6.850000e+03 3.221023e+01
6.851000e+03 3.546057e+01
6.852000e+03 3.155934e+01
6.853000e+03 3.327493e+01
6.854000e+03 2.990313e+01
6.855000e+03 3.073050e+01
6.856000e+03 3.251039e+01
6.857000e+03 3.439780e+01
6.858000e+03 3.085997e+01
6.859000e+03 3.215124e+01
6.860000e+03 3.151064e+01
6.861000e+03 3.053103e+01
6.862000e+03 3.253161e+01
6.863000e+03 3.041541e+01
6.864000e+03 3.278835e+01
6.865000e+03 3.010233e+01
6.866000e+03 3.946867e+01
6.867000e+03 3.626646e+01
6.868000e+03 3.083313e+01
6.869000e+03 3.565817e+01
6.870000e+03 3.414394e+01
6.871000e+03 3.677441e+01
6.872000e+03 2.652985e+01
6.873000e+03 3.815150e+01
6.874000e+03 3.616547e+01
6.875000e+03 3.081117e+01
6.876000e+03 3.025954e+01
6.877000e+03 4.646276e+01
6.878000e+03 3.794758e+01
6.879000e+03 3.410254e+01
6.880000e+03 3.438292e+01
6.881000e+03 4.447898e+01
6.882000e+03 3.505044e+01
6.883000e+03 3.125314e+01
6.884000e+03 3.621520e+01
6.885000e+03 3.845815e+01
6.886000e+03 3.568977e+01
6.887000e+03 2.984671e+01
6.888000e+03 3.139127e+01
6.889000e+03 2.966660e+01
6.890000e+03 3.415060e+01
6.891000e+03 4.175968e+01
6.892000e+03 3.508309e+01
6.893000e+03 3.860313e+01
6.894000e+03 2.881966e+01
6.895000e+03 4.525246e+01
6.896000e+03 3.778435e+01
6.897000e+03 4.054635e+01
6.898000e+03 4.063230e+01
6.899000e+03 3.335915e+01
6.900000e+03 3.586774e+01
6.901000e+03 3.981069e+01
6.902000e+03 4.217510e+01
6.903000e+03 3.307955e+01
6.904000e+03 2.870297e+01
6.905000e+03 3.475093e+01
6.906000e+03 4.470798e+01
6.907000e+03 3.772249e+01
6.908000e+03 4.701835e+01
6.909000e+03 3.604742e+01
6.910000e+03 5.123975e+01
6.911000e+03 3.467901e+01
6.912000e+03 5.544889e+01
6.913000e+03 3.870336e+01
6.914000e+03 4.218244e+01
6.915000e+03 5.510442e+01
6.916000e+03 5.402434e+01
6.917000e+03 4.190871e+01
6.918000e+03 4.344967e+01
6.919000e+03 3.418553e+01
6.920000e+03 2.847768e+01
6.921000e+03 3.694274e+01
6.922000e+03 4.675402e+01
6.923000e+03 4.515701e+01
6.924000e+03 4.326126e+01
6.925000e+03 3.987022e+01
6.926000e+03 5.039717e+01
6.927000e+03 5.982656e+01
6.928000e+03 4.353417e+01
6.929000e+03 4.615779e+01
6.930000e+03 4.704651e+01
6.931000e+03 5.171568e+01
6.932000e+03 4.952960e+01
6.933000e+03 4.333339e+01
6.934000e+03 4.965997e+01
6.935000e+03 4.363422e+01
6.936000e+03 4.849854e+01
6.937000e+03 4.614628e+01
6.938000e+03 3.978055e+01
6.939000e+03 4.880762e+01
6.940000e+03 4.778715e+01
6.941000e+03 4.707209e+01
6.942000e+03 4.282613e+01
6.943000e+03 5.577825e+01
6.944000e+03 4.530561e+01
6.945000e+03 5.508991e+01
6.946000e+03 4.756728e+01
6.947000e+03 5.113865e+01
6.948000e+03 5.698211e+01
6.949000e+03 6.123637e+01
6.950000e+03 4.359321e+01
6.951000e+03 5.498614e+01
6.952000e+03 6.493201e+01
6.953000e+03 4.826303e+01
6.954000e+03 5.361364e+01
6.955000e+03 4.774081e+01
6.956000e+03 5.148470e+01
6.957000e+03 7.178806e+01
6.958000e+03 5.035516e+01
6.959000e+03 5.013533e+01
6.960000e+03 6.336242e+01
6.961000e+03 4.423769e+01
6.962000e+03 6.835234e+01
6.963000e+03 6.086312e+01
6.964000e+03 5.101625e+01
6.965000e+03 8.017831e+01
6.966000e+03 4.369238e+01
6.967000e+03 4.463011e+01
6.968000e+03 6.918527e+01
6.969000e+03 5.323544e+01
6.970000e+03 5.864156e+01
6.971000e+03 6.047368e+01
6.972000e+03 5.483639e+01
6.973000e+03 5.062222e+01
6.974000e+03 5.721785e+01
6.975000e+03 6.776379e+01
6.976000e+03 7.204042e+01
6.977000e+03 4.761688e+01
6.978000e+03 6.104026e+01
6.979000e+03 6.394928e+01
6.980000e+03 4.456255e+01
6.981000e+03 6.034243e+01
6.982000e+03 7.487243e+01
6.983000e+03 4.591813e+01
6.984000e+03 6.852176e+01
6.985000e+03 7.412365e+01
6.986000e+03 6.455654e+01
6.987000e+03 5.171385e+01
6.988000e+03 6.982647e+01
6.989000e+03 6.875831e+01
6.990000e+03 8.144855e+01
6.991000e+03 4.218028e+01
6.992000e+03 7.687101e+01
6.993000e+03 4.894898e+01
6.994000e+03 6.105263e+01
6.995000e+03 5.912994e+01
6.996000e+03 6.976752e+01
6.997000e+03 5.420561e+01
6.998000e+03 7.299473e+01
6.999000e+03 5.715711e+01
7.000000e+03 6.684048e+01
7.001000e+03 5.884799e+01
7.002000e+03 6.401273e+01
7.003000e+03 6.333712e+01
7.004000e+03 5.624070e+01
7.005000e+03 6.722040e+01
7.006000e+03 6.739905e+01
7.007000e+03 6.564810e+01
7.008000e+03 6.446389e+01
7.009000e+03 5.586703e+01
7.010000e+03 8.789864e+01
7.011000e+03 6.160088e+01
7.012000e+03 7.648869e+01
7.013000e+03 6.295030e+01
7.014000e+03 7.436558e+01
7.015000e+03 6.956409e+01
7.016000e+03 7.084968e+01
7.017000e+03 5.944729e+01
7.018000e+03 7.481424e+01
7.019000e+03 7.698063e+01
7.020000e+03 7.113791e+01
7.021000e+03 7.269931e+01
7.022000e+03 7.136763e+01
7.023000e+03 7.989970e+01
7.024000e+03 7.394710e+01
7.025000e+03 5.782636e+01
7.026000e+03 8.807902e+01
7.027000e+03 7.286988e+01
7.028000e+03 8.968590e+01
7.029000e+03 8.473953e+01
7.030000e+03 7.876929e+01
7.031000e+03 9.055060e+01
7.032000e+03 9.474764e+01
7.033000e+03 7.695098e+01
7.034000e+03 8.503116e+01
7.035000e+03 7.210653e+01
7.036000e+03 7.240922e+01
7.037000e+03 6.638593e+01
7.038000e+03 7.727801e+01
7.039000e+03 1.102315e+02
7.040000e+03 9.157742e+01
7.041000e+03 9.471744e+01
7.042000e+03 1.120221e+02
7.043000e+03 9.613230e+01
7.044000e+03 1.069220e+02
7.045000e+03 1.022911e+02
7.046000e+03 1.041825e+02
7.047000e+03 1.090592e+02
7.048000e+03 1.111946e+02
7.049000e+03 1.175639e+02
7.050000e+03 1.161315e+02
7.051000e+03 1.041737e+02
7.052000e+03 1.018283e+02
7.053000e+03 1.175520e+02
7.054000e+03 1.144597e+02
7.055000e+03 1.050685e+02
7.056000e+03 6.472239e+01
7.057000e+03 3.469375e+01
7.058000e+03 4.970662e+01
7.059000e+03 7.107983e+01
7.060000e+03 7.068480e+01
7.061000e+03 5.588913e+01
7.062000e+03 5.011060e+01
7.063000e+03 5.311741e+01
7.064000e+03 5.907394e+01
7.065000e+03 6.825678e+01
7.066000e+03 5.439644e+01
7.067000e+03 5.921173e+01
7.068000e+03 6.312356e+01
7.069000e+03 7.367334e+01
7.070000e+03 6.896923e+01
7.071000e+03 6.395167e+01
7.072000e+03 7.074717e+01
7.073000e+03 6.649090e+01
7.074000e+03 8.055333e+01
7.075000e+03 6.610477e+01
7.076000e+03 7.197162e+01
7.077000e+03 7.523435e+01
7.078000e+03 7.090287e+01
7.079000e+03 8.813883e+01
7.080000e+03 6.876690e+01
7.081000e+03 7.122604e+01
7.082000e+03 7.277581e+01
7.083000e+03 7.562566e+01
7.084000e+03 8.928879e+01
7.085000e+03 7.197384e+01
7.086000e+03 7.017154e+01
7.087000e+03 6.610765e+01
7.088000e+03 8.825218e+01
7.089000e+03 7.044402e+01
7.090000e+03 1.767427e+01
7.091000e+03 3.583061e+01
7.092000e+03 3.419974e+01
7.093000e+03 4.827395e+01
7.094000e+03 5.449587e+01
7.095000e+03 3.471306e+01
7.096000e+03 4.387728e+01
7.097000e+03 4.474990e+01
7.098000e+03 4.549187e+01
7.099000e+03 5.081857e+01
7.100000e+03 4.613121e+01
7.101000e+03 5.255425e+01
7.102000e+03 4.680489e+01
7.103000e+03 5.093456e+01
7.104000e+03 5.076888e+01
7.105000e+03 4.642979e+01
7.106000e+03 5.218165e+01
7.107000e+03 5.258410e+01
7.108000e+03 5.610506e+01
7.109000e+03 5.797056e+01
7.110000e+03 5.752414e+01
7.111000e+03 6.933103e+01
7.112000e+03 5.445704e+01
7.113000e+03 5.797839e+01
7.114000e+03 6.570536e+01
7.115000e+03 6.183715e+01
7.116000e+03 6.240346e+01
7.117000e+03 6.591885e+01
7.118000e+03 6.112194e+01
7.119000e+03 6.349086e+01
7.120000e+03 6.054705e+01
7.121000e+03 8.372506e+01
7.122000e+03 5.639430e+01
7.123000e+03 6.079153e+01
7.124000e+03 7.172339e+01
7.125000e+03 7.010628e+01
7.126000e+03 5.930283e+01
7.127000e+03 4.275578e+01
7.128000e+03 1.652819e+01
7.129000e+03 2.586602e+01
7.130000e+03 3.027125e+01
7.131000e+03 3.846867e+01
7.132000e+03 4.127281e+01
7.133000e+03 2.941780e+01
7.134000e+03 2.830753e+01
7.135000e+03 3.952528e+01
7.136000e+03 3.309548e+01
7.137000e+03 3.412555e+01
7.138000e+03 3.800170e+01
7.139000e+03 2.975906e+01
7.140000e+03 4.466937e+01
7.141000e+03 3.186286e+01
7.142000e+03 4.209873e+01
7.143000e+03 4.066559e+01
7.144000e+03 3.973420e+01
7.145000e+03 4.390978e+01
7.146000e+03 4.690785e+01
7.147000e+03 3.901421e+01
7.148000e+03 4.153153e+01
7.149000e+03 3.932078e+01
7.150000e+03 3.220191e+01
7.151000e+03 3.528381e+01
7.152000e+03 5.468224e+01
7.153000e+03 4.401413e+01
7.154000e+03 4.420293e+01
7.155000e+03 4.778604e+01
7.156000e+03 5.457526e+01
7.157000e+03 6.264605e+01
7.158000e+03 5.617365e+01
7.159000e+03 5.137923e+01
7.160000e+03 4.427830e+01
7.161000e+03 3.193764e+01
7.162000e+03 3.930493e+01
7.163000e+03 4.847074e+01
7.164000e+03 4.641872e+01
7.165000e+03 4.814663e+01
7.166000e+03 4.606152e+01
7.167000e+03 4.527043e+01
7.168000e+03 5.081353e+01
7.169000e+03 4.750854e+01
7.170000e+03 5.359908e+01
7.171000e+03 4.162219e+01
7.172000e+03 5.206148e+01
7.173000e+03 5.490870e+01
7.174000e+03 4.588980e+01
7.175000e+03 5.857554e+01
7.176000e+03 5.201303e+01
7.177000e+03 5.347230e+01
7.178000e+03 4.724645e+01
7.179000e+03 6.322318e+01
7.180000e+03 4.791202e+01
7.181000e+03 5.051494e+01
7.182000e+03 5.840363e+01
7.183000e+03 5.532887e+01
7.184000e+03 6.400299e+01
7.185000e+03 5.094244e+01
7.186000e+03 7.138750e+01
7.187000e+03 4.965514e+01
7.188000e+03 6.463359e+01
7.189000e+03 5.942662e+01
7.190000e+03 5.994744e+01
7.191000e+03 5.881908e+01
7.192000e+03 7.302873e+01
7.193000e+03 5.841104e+01
7.194000e+03 6.946641e+01
7.195000e+03 6.367792e+01
7.196000e+03 6.593945e+01
7.197000e+03 6.379460e+01
7.198000e+03 6.718716e+01
7.199000e+03 4.596138e+01
7.200000e+03 3.365880e+01
7.201000e+03 6.127925e+01
7.202000e+03 4.979288e+01
7.203000e+03 5.902334e+01
7.204000e+03 4.361882e+01
7.205000e+03 5.169229e+01
7.206000e+03 4.950098e+01
7.207000e+03 5.262340e+01
7.208000e+03 4.406035e+01
7.209000e+03 5.809935e+01
7.210000e+03 4.544099e+01
7.211000e+03 4.983203e+01
7.212000e+03 5.237969e+01
7.213000e+03 5.106755e+01
7.214000e+03 5.828747e+01
7.215000e+03 5.092814e+01
7.216000e+03 5.437122e+01
7.217000e+03 5.974780e+01
7.218000e+03 5.918585e+01
7.219000e+03 6.320472e+01
7.220000e+03 6.133266e+01
7.221000e+03 6.390781e+01
7.222000e+03 5.479582e+01
7.223000e+03 6.288210e+01
7.224000e+03 7.443840e+01
7.225000e+03 6.212549e+01
7.226000e+03 6.777083e+01
7.227000e+03 7.180627e+01
7.228000e+03 5.965065e+01
7.229000e+03 7.089372e+01
7.230000e+03 6.831881e+01
7.231000e+03 6.943830e+01
7.232000e+03 7.020239e+01
7.233000e+03 5.225819e+01
7.234000e+03 7.074201e+01
7.235000e+03 6.664944e+01
7.236000e+03 6.495848e+01
7.237000e+03 8.617164e+01
7.238000e+03 5.656228e+01
7.239000e+03 7.911185e+01
7.240000e+03 7.251035e+01
7.241000e+03 6.286300e+01
7.242000e+03 8.083023e+01
7.243000e+03 6.240824e+01
7.244000e+03 8.081571e+01
7.245000e+03 8.097993e+01
7.246000e+03 6.162839e+01
7.247000e+03 6.683486e+01
7.248000e+03 8.273858e+01
7.249000e+03 7.000645e+01
7.250000e+03 8.306248e+01
7.251000e+03 7.190486e+01
7.252000e+03 9.255754e+01
7.253000e+03 8.025581e+01
7.254000e+03 6.224904e+01
7.255000e+03 8.417447e+01
7.256000e+03 7.625189e+01
7.257000e+03 9.671476e+01
7.258000e+03 7.774334e+01
7.259000e+03 8.858882e+01
7.260000e+03 7.948121e+01
7.261000e+03 7.878390e+01
7.262000e+03 8.712266e+01
7.263000e+03 9.210210e+01
7.264000e+03 8.972559e+01
7.265000e+03 8.354169e+01
7.266000e+03 1.007511e+02
7.267000e+03 9.199279e+01
7.268000e+03 8.976203e+01
7.269000e+03 8.363937e+01
7.270000e+03 1.034754e+02
7.271000e+03 9.456188e+01
7.272000e+03 8.745105e+01
7.273000e+03 7.572664e+01
7.274000e+03 8.041706e+01
7.275000e+03 9.231817e+01
7.276000e+03 8.945189e+01
7.277000e+03 8.887562e+01
7.278000e+03 9.643490e+01
7.279000e+03 7.983863e+01
7.280000e+03 8.649007e+01
7.281000e+03 9.690013e+01
7.282000e+03 7.347831e+01
7.283000e+03 8.426097e+01
7.284000e+03 9.870243e+01
7.285000e+03 9.762927e+01
7.286000e+03 8.950650e+01
7.287000e+03 8.891218e+01
7.288000e+03 9.620126e+01
7.289000e+03 1.049292e+02
7.290000e+03 8.777732e+01
7.291000e+03 1.035340e+02
7.292000e+03 1.107948e+02
7.293000e+03 8.516554e+01
7.294000e+03 1.022695e+02
7.295000e+03 1.004180e+02
7.296000e+03 9.671034e+01
7.297000e+03 1.052223e+02
7.298000e+03 1.044236e+02
7.299000e+03 9.592941e+01
7.300000e+03 1.041689e+02
7.301000e+03 9.913906e+01
7.302000e+03 9.726563e+01
7.303000e+03 1.038823e+02
7.304000e+03 1.204118e+02
7.305000e+03 9.914343e+01
7.306000e+03 1.041677e+02
7.307000e+03 1.018008e+02
7.308000e+03 1.120083e+02
7.309000e+03 1.040779e+02
7.310000e+03 1.064841e+02
7.311000e+03 1.100407e+02
7.312000e+03 1.192670e+02
7.313000e+03 9.506507e+01
7.314000e+03 1.181084e+02
7.315000e+03 1.064871e+02
7.316000e+03 1.157403e+02
7.317000e+03 1.096578e+02
7.318000e+03 1.033504e+02
7.319000e+03 1.153983e+02
7.320000e+03 1.094510e+02
7.321000e+03 1.133980e+02
7.322000e+03 1.164355e+02
7.323000e+03 1.068092e+02
7.324000e+03 1.144233e+02
7.325000e+03 1.121113e+02
7.326000e+03 1.107655e+02
7.327000e+03 1.043347e+02
7.328000e+03 5.993706e+01
7.329000e+03 9.390206e+01
7.330000e+03 1.113705e+02
7.331000e+03 1.084851e+02
7.332000e+03 1.254570e+02
7.333000e+03 1.169384e+02
7.334000e+03 1.091246e+02
7.335000e+03 1.199711e+02
7.336000e+03 1.325593e+02
7.337000e+03 1.079636e+02
7.338000e+03 1.265305e+02
7.339000e+03 1.332977e+02
7.340000e+03 1.226836e+02
7.341000e+03 1.055032e+02
7.342000e+03 1.293885e+02
7.343000e+03 1.240842e+02
7.344000e+03 1.273054e+02
7.345000e+03 1.257285e+02
7.346000e+03 1.122615e+02
7.347000e+03 1.096802e+02
7.348000e+03 1.253680e+02
7.349000e+03 1.192224e+02
7.350000e+03 1.229031e+02
7.351000e+03 1.257292e+02
7.352000e+03 1.276922e+02
7.353000e+03 1.321661e+02
7.354000e+03 1.189399e+02
7.355000e+03 1.259980e+02
7.356000e+03 1.226635e+02
7.357000e+03 1.348998e+02
7.358000e+03 1.046160e+02
7.359000e+03 1.185012e+02
7.360000e+03 1.101763e+02
7.361000e+03 1.362123e+02
7.362000e+03 1.220595e+02
7.363000e+03 1.222459e+02
7.364000e+03 1.325733e+02
7.365000e+03 1.223503e+02
7.366000e+03 1.072973e+02
7.367000e+03 1.426111e+02
7.368000e+03 1.262563e+02
7.369000e+03 1.303990e+02
7.370000e+03 1.322627e+02
7.371000e+03 1.272426e+02
7.372000e+03 1.334195e+02
7.373000e+03 1.324436e+02
7.374000e+03 1.366207e+02
7.375000e+03 1.264916e+02
7.376000e+03 1.335775e+02
7.377000e+03 1.352691e+02
7.378000e+03 1.338090e+02
7.379000e+03 1.337105e+02
7.380000e+03 1.302751e+02
7.381000e+03 1.344286e+02
7.382000e+03 1.437749e+02
7.383000e+03 1.324202e+02
7.384000e+03 1.292061e+02
7.385000e+03 1.380005e+02
7.386000e+03 1.408939e+02
7.387000e+03 1.326143e+02
7.388000e+03 1.357759e+02
7.389000e+03 1.309974e+02
7.390000e+03 1.428674e+02
7.391000e+03 1.389857e+02
7.392000e+03 1.335662e+02
7.393000e+03 1.277281e+02
7.394000e+03 1.365529e+02
7.395000e+03 1.351718e+02
7.396000e+03 1.339659e+02
7.397000e+03 1.308540e+02
7.398000e+03 1.345309e+02
7.399000e+03 1.387151e+02
7.400000e+03 1.458930e+02
7.401000e+03 1.325016e+02
7.402000e+03 1.219827e+02
7.403000e+03 1.326373e+02
7.404000e+03 1.322944e+02
7.405000e+03 1.399653e+02
7.406000e+03 1.431103e+02
7.407000e+03 1.446382e+02
7.408000e+03 1.438923e+02
7.409000e+03 1.363356e+02
7.410000e+03 1.236095e+02
7.411000e+03 1.372632e+02
7.412000e+03 1.483770e+02
7.413000e+03 1.357422e+02
7.414000e+03 1.343571e+02
7.415000e+03 1.397836e+02
7.416000e+03 1.387965e+02
7.417000e+03 1.344308e+02
7.418000e+03 1.440314e+02
7.419000e+03 1.266777e+02
7.420000e+03 1.372637e+02
7.421000e+03 1.401889e+02
7.422000e+03 1.384185e+02
7.423000e+03 1.370681e+02
7.424000e+03 1.354424e+02
7.425000e+03 1.369326e+02
7.426000e+03 1.489396e+02
7.427000e+03 1.417231e+02
7.428000e+03 1.325986e+02
7.429000e+03 1.363759e+02
7.430000e+03 1.420030e+02
7.431000e+03 1.468602e+02
7.432000e+03 1.420761e+02
7.433000e+03 1.382830e+02
7.434000e+03 1.441115e+02
7.435000e+03 1.314637e+02
7.436000e+03 1.387066e+02
7.437000e+03 1.423365e+02
7.438000e+03 1.478270e+02
7.439000e+03 1.424979e+02
7.440000e+03 1.340617e+02
7.441000e+03 1.448524e+02
7.442000e+03 1.433744e+02
7.443000e+03 1.333816e+02
7.444000e+03 1.434097e+02
7.445000e+03 1.421624e+02
7.446000e+03 1.358855e+02
7.447000e+03 1.416698e+02
7.448000e+03 1.393235e+02
7.449000e+03 1.380781e+02
7.450000e+03 1.364596e+02
7.451000e+03 1.346331e+02
7.452000e+03 1.361501e+02
7.453000e+03 1.400928e+02
7.454000e+03 1.446870e+02
7.455000e+03 1.443135e+02
7.456000e+03 1.395853e+02
7.457000e+03 1.378568e+02
7.458000e+03 1.353588e+02
7.459000e+03 1.411250e+02
7.460000e+03 1.424143e+02
7.461000e+03 1.371889e+02
7.462000e+03 1.384550e+02
7.463000e+03 1.441788e+02
7.464000e+03 1.280015e+02
7.465000e+03 1.350499e+02
7.466000e+03 1.454843e+02
7.467000e+03 1.451053e+02
7.468000e+03 1.466029e+02
7.469000e+03 1.372469e+02
7.470000e+03 1.457326e+02
7.471000e+03 1.401196e+02
7.472000e+03 1.463940e+02
7.473000e+03 1.424175e+02
7.474000e+03 1.378516e+02
7.475000e+03 1.509857e+02
7.476000e+03 1.435225e+02
7.477000e+03 1.366639e+02
7.478000e+03 1.462479e+02
7.479000e+03 1.392365e+02
7.480000e+03 1.472464e+02
7.481000e+03 1.456156e+02
7.482000e+03 1.473926e+02
7.483000e+03 1.390357e+02
7.484000e+03 1.492571e+02
7.485000e+03 1.462355e+02
7.486000e+03 1.438016e+02
7.487000e+03 1.438716e+02
7.488000e+03 1.397215e+02
7.489000e+03 1.386087e+02
7.490000e+03 1.397372e+02
7.491000e+03 1.406343e+02
7.492000e+03 1.345745e+02
7.493000e+03 1.389233e+02
7.494000e+03 1.450643e+02
7.495000e+03 1.370898e+02
7.496000e+03 1.368527e+02
7.497000e+03 1.336762e+02
7.498000e+03 1.292583e+02
7.499000e+03 1.439636e+02
7.500000e+03 1.477401e+02
7.501000e+03 1.437452e+02
7.502000e+03 1.500154e+02
7.503000e+03 1.343576e+02
7.504000e+03 1.468741e+02
7.505000e+03 1.466501e+02
7.506000e+03 1.558081e+02
7.507000e+03 1.446661e+02
7.508000e+03 1.442894e+02
7.509000e+03 1.413610e+02
7.510000e+03 1.523741e+02
7.511000e+03 1.520938e+02
7.512000e+03 1.453666e+02
7.513000e+03 1.322632e+02
7.514000e+03 1.425494e+02
7.515000e+03 1.407557e+02
7.516000e+03 1.470032e+02
7.517000e+03 1.513652e+02
7.518000e+03 1.492544e+02
7.519000e+03 1.428977e+02
7.520000e+03 1.513485e+02
7.521000e+03 1.319767e+02
7.522000e+03 1.462050e+02
7.523000e+03 1.465876e+02
7.524000e+03 1.533213e+02
7.525000e+03 1.428794e+02
7.526000e+03 1.524927e+02
7.527000e+03 1.344599e+02
7.528000e+03 1.468334e+02
7.529000e+03 1.482085e+02
7.530000e+03 1.465869e+02
7.531000e+03 1.444504e+02
7.532000e+03 1.391916e+02
7.533000e+03 1.442250e+02
7.534000e+03 1.431826e+02
7.535000e+03 1.509841e+02
7.536000e+03 1.400983e+02
7.537000e+03 1.444823e+02
7.538000e+03 1.403630e+02
7.539000e+03 1.325401e+02
7.540000e+03 1.522542e+02
7.541000e+03 1.573009e+02
7.542000e+03 1.460952e+02
7.543000e+03 1.486534e+02
7.544000e+03 1.562480e+02
7.545000e+03 1.451752e+02
7.546000e+03 1.582427e+02
7.547000e+03 1.468981e+02
7.548000e+03 1.500298e+02
7.549000e+03 1.590467e+02
7.550000e+03 1.532914e+02
7.551000e+03 1.409474e+02
7.552000e+03 1.522084e+02
7.553000e+03 1.543290e+02
7.554000e+03 1.485262e+02
7.555000e+03 1.522469e+02
7.556000e+03 1.519651e+02
7.557000e+03 1.445595e+02
7.558000e+03 1.509362e+02
7.559000e+03 1.445633e+02
7.560000e+03 1.588071e+02
7.561000e+03 1.415048e+02
7.562000e+03 1.500420e+02
7.563000e+03 1.536694e+02
7.564000e+03 1.512005e+02
7.565000e+03 1.443726e+02
7.566000e+03 1.495033e+02
7.567000e+03 1.520534e+02
7.568000e+03 1.477133e+02
7.569000e+03 1.477579e+02
7.570000e+03 1.518068e+02
7.571000e+03 1.389706e+02
7.572000e+03 1.478366e+02
7.573000e+03 1.403247e+02
7.574000e+03 1.462535e+02
7.575000e+03 1.462358e+02
7.576000e+03 1.419509e+02
7.577000e+03 1.463248e+02
7.578000e+03 1.521843e+02
7.579000e+03 1.478567e+02
7.580000e+03 1.500965e+02
7.581000e+03 1.518467e+02
7.582000e+03 1.531004e+02
7.583000e+03 1.581233e+02
7.584000e+03 1.484358e+02
7.585000e+03 1.557119e+02
7.586000e+03 1.471184e+02
7.587000e+03 1.495782e+02
7.588000e+03 1.456412e+02
7.589000e+03 1.493699e+02
7.590000e+03 1.484387e+02
7.591000e+03 1.235620e+02
7.592000e+03 9.814920e+01
7.593000e+03 1.166631e+02
7.594000e+03 1.181940e+02
7.595000e+03 1.188898e+02
7.596000e+03 1.358049e+02
7.597000e+03 1.287105e+02
7.598000e+03 1.205896e+02
7.599000e+03 1.227139e+02
7.600000e+03 1.379518e+02
7.601000e+03 1.146459e+02
7.602000e+03 1.270374e+02
7.603000e+03 1.325822e+02
7.604000e+03 1.234669e+02
7.605000e+03 1.302289e+02
7.606000e+03 1.274292e+02
7.607000e+03 1.256127e+02
7.608000e+03 1.255630e+02
7.609000e+03 1.266153e+02
7.610000e+03 1.293049e+02
7.611000e+03 1.279043e+02
7.612000e+03 1.223990e+02
7.613000e+03 1.178338e+02
7.614000e+03 1.287824e+02
7.615000e+03 1.130265e+02
7.616000e+03 1.381191e+02
7.617000e+03 1.272560e+02
7.618000e+03 1.357025e+02
7.619000e+03 1.314159e+02
7.620000e+03 1.429061e+02
7.621000e+03 1.329287e+02
7.622000e+03 1.386757e+02
7.623000e+03 1.313838e+02
7.624000e+03 1.384208e+02
7.625000e+03 1.426087e+02
7.626000e+03 1.329486e+02
7.627000e+03 1.276781e+02
7.628000e+03 1.402173e+02
7.629000e+03 1.345580e+02
7.630000e+03 8.916004e+01
7.631000e+03 9.783268e+01
7.632000e+03 1.082047e+02
7.633000e+03 1.055035e+02
7.634000e+03 1.120862e+02
7.635000e+03 1.228637e+02
7.636000e+03 1.109079e+02
7.637000e+03 1.195209e+02
7.638000e+03 1.073543e+02
7.639000e+03 1.151301e+02
7.640000e+03 1.160917e+02
7.641000e+03 1.077275e+02
7.642000e+03 1.149203e+02
7.643000e+03 1.101613e+02
7.644000e+03 1.156620e+02
7.645000e+03 1.182276e+02
7.646000e+03 1.066619e+02
7.647000e+03 1.155794e+02
7.648000e+03 1.128208e+02
7.649000e+03 1.171153e+02
7.650000e+03 1.148581e+02
7.651000e+03 1.199420e+02
7.652000e+03 1.075980e+02
7.653000e+03 1.170097e+02
7.654000e+03 1.064493e+02
7.655000e+03 1.083369e+02
7.656000e+03 1.030782e+02
7.657000e+03 1.106597e+02
7.658000e+03 1.012909e+02
7.659000e+03 1.058636e+02
7.660000e+03 1.024611e+02
7.661000e+03 1.060386e+02
7.662000e+03 9.103253e+01
7.663000e+03 8.069990e+01
7.664000e+03 6.796287e+01
7.665000e+03 5.189568e+01
7.666000e+03 3.414742e+01
7.667000e+03 1.864231e+01
7.668000e+03 3.187480e+01
7.669000e+03 4.948883e+01
7.670000e+03 6.139822e+01
7.671000e+03 7.405884e+01
7.672000e+03 7.950229e+01
7.673000e+03 9.656658e+01
7.674000e+03 6.090763e+01
7.675000e+03 7.246311e+01
7.676000e+03 8.232941e+01
7.677000e+03 8.027805e+01
7.678000e+03 9.493122e+01
7.679000e+03 8.246748e+01
7.680000e+03 1.014705e+02
7.681000e+03 8.326090e+01
7.682000e+03 8.542616e+01
7.683000e+03 9.038524e+01
7.684000e+03 8.563234e+01
7.685000e+03 1.010793e+02
7.686000e+03 8.016625e+01
7.687000e+03 9.512746e+01
7.688000e+03 1.021991e+02
7.689000e+03 8.962282e+01
7.690000e+03 1.056516e+02
7.691000e+03 8.360265e+01
7.692000e+03 1.022667e+02
7.693000e+03 1.021843e+02
7.694000e+03 9.745876e+01
7.695000e+03 9.442898e+01
7.696000e+03 9.019149e+01
7.697000e+03 8.293620e+01
7.698000e+03 8.147415e+01
7.699000e+03 6.545130e+01
7.700000e+03 4.899102e+01
7.701000e+03 2.226903e+01
7.702000e+03 4.331303e+01
7.703000e+03 6.328662e+01
7.704000e+03 7.225002e+01
7.705000e+03 9.116933e+01
7.706000e+03 9.617833e+01
7.707000e+03 7.587020e+01
7.708000e+03 8.175554e+01
7.709000e+03 9.609863e+01
7.710000e+03 8.568831e+01
7.711000e+03 9.660694e+01
7.712000e+03 1.001003e+02
7.713000e+03 9.527459e+01
7.714000e+03 1.034723e+02
7.715000e+03 8.441629e+01
7.716000e+03 9.509454e+01
7.717000e+03 9.553012e+01
7.718000e+03 9.325056e+01
7.719000e+03 1.048170e+02
7.720000e+03 8.733319e+01
7.721000e+03 1.134299e+02
7.722000e+03 9.308152e+01
7.723000e+03 1.081605e+02
7.724000e+03 1.016043e+02
7.725000e+03 9.874525e+01
7.726000e+03 9.942429e+01
7.727000e+03 9.830240e+01
7.728000e+03 1.125937e+02
7.729000e+03 1.101875e+02
7.730000e+03 1.006620e+02
7.731000e+03 1.229347e+02
7.732000e+03 9.535461e+01
7.733000e+03 1.195901e+02
7.734000e+03 1.076164e+02
7.735000e+03 1.230696e+02
7.736000e+03 1.134700e+02
7.737000e+03 1.052171e+02
7.738000e+03 1.174636e+02
7.739000e+03 1.122101e+02
7.740000e+03 1.232037e+02
7.741000e+03 1.061819e+02
7.742000e+03 1.161873e+02
7.743000e+03 1.039321e+02
7.744000e+03 1.317465e+02
7.745000e+03 9.351799e+01
7.746000e+03 1.043136e+02
7.747000e+03 1.074830e+02
7.748000e+03 1.030699e+02
7.749000e+03 9.916825e+01
7.750000e+03 1.077739e+02
7.751000e+03 9.920356e+01
7.752000e+03 7.001659e+01
7.753000e+03 8.258396e+01
7.754000e+03 1.073350e+02
7.755000e+03 8.937266e+01
7.756000e+03 9.865839e+01
7.757000e+03 1.014127e+02
7.758000e+03 1.048822e+02
7.759000e+03 9.031515e+01
7.760000e+03 9.415751e+01
7.761000e+03 1.039071e+02
7.762000e+03 8.818153e+01
7.763000e+03 1.063197e+02
7.764000e+03 8.987374e+01
7.765000e+03 1.030218e+02
7.766000e+03 1.027967e+02
7.767000e+03 1.046391e+02
7.768000e+03 1.024399e+02
7.769000e+03 1.147810e+02
7.770000e+03 9.349373e+01
7.771000e+03 1.059804e+02
7.772000e+03 1.119994e+02
7.773000e+03 1.049504e+02
7.774000e+03 9.417861e+01
7.775000e+03 1.160680e+02
7.776000e+03 1.007008e+02
7.777000e+03 1.108047e+02
7.778000e+03 9.761958e+01
7.779000e+03 1.174094e+02
7.780000e+03 1.022740e+02
7.781000e+03 1.035533e+02
7.782000e+03 1.105606e+02
7.783000e+03 9.313371e+01
7.784000e+03 1.194603e+02
7.785000e+03 9.039041e+01
7.786000e+03 8.669252e+01
7.787000e+03 1.073227e+02
7.788000e+03 1.033057e+02
7.789000e+03 9.501611e+01
7.790000e+03 1.068345e+02
7.791000e+03 9.805913e+01
7.792000e+03 1.043597e+02
7.793000e+03 1.161267e+02
7.794000e+03 9.771522e+01
7.795000e+03 1.024958e+02
7.796000e+03 1.164477e+02
7.797000e+03 9.400208e+01
7.798000e+03 1.092199e+02
7.799000e+03 1.078234e+02
7.800000e+03 1.090276e+02
7.801000e+03 1.025857e+02
7.802000e+03 9.223591e+01
7.803000e+03 1.017759e+02
7.804000e+03 1.184791e+02
7.805000e+03 1.160264e+02
7.806000e+03 1.128065e+02
7.807000e+03 1.150569e+02
7.808000e+03 1.113120e+02
7.809000e+03 1.182891e+02
7.810000e+03 1.180844e+02
7.811000e+03 1.126192e+02
7.812000e+03 1.158506e+02
7.813000e+03 1.129758e+02
7.814000e+03 1.146602e+02
7.815000e+03 1.348832e+02
7.816000e+03 1.143056e+02
7.817000e+03 1.207325e+02
7.818000e+03 1.280699e+02
7.819000e+03 1.052139e+02
7.820000e+03 1.302952e+02
7.821000e+03 1.241241e+02
7.822000e+03 1.151167e+02
7.823000e+03 1.135078e+02
7.824000e+03 1.070754e+02
7.825000e+03 1.098980e+02
7.826000e+03 1.214250e+02
7.827000e+03 1.150355e+02
7.828000e+03 1.160975e+02
7.829000e+03 1.204703e+02
7.830000e+03 1.004916e+02
7.831000e+03 9.343102e+01
7.832000e+03 1.069329e+02
7.833000e+03 1.029544e+02
7.834000e+03 1.119739e+02
7.835000e+03 1.026144e+02
7.836000e+03 1.061857e+02
7.837000e+03 1.145451e+02
7.838000e+03 1.036399e+02
7.839000e+03 1.049061e+02
7.840000e+03 1.132781e+02
7.841000e+03 1.122255e+02
7.842000e+03 1.093250e+02
7.843000e+03 1.141866e+02
7.844000e+03 1.083616e+02
7.845000e+03 1.151319e+02
7.846000e+03 1.094568e+02
7.847000e+03 1.162562e+02
7.848000e+03 1.205068e+02
7.849000e+03 1.039149e+02
7.850000e+03 1.209267e+02
7.851000e+03 1.112776e+02
7.852000e+03 1.204773e+02
7.853000e+03 1.147078e+02
7.854000e+03 1.146631e+02
7.855000e+03 1.139866e+02
7.856000e+03 1.182402e+02
7.857000e+03 1.185515e+02
7.858000e+03 1.187260e+02
7.859000e+03 1.211101e+02
7.860000e+03 1.194141e+02
7.861000e+03 1.165651e+02
7.862000e+03 1.330195e+02
7.863000e+03 1.112877e+02
7.864000e+03 1.002164e+02
7.865000e+03 1.218877e+02
7.866000e+03 1.088700e+02
7.867000e+03 1.258409e+02
7.868000e+03 1.194067e+02
7.869000e+03 1.105600e+02
7.870000e+03 1.228891e+02
7.871000e+03 1.160805e+02
7.872000e+03 1.111090e+02
7.873000e+03 1.200687e+02
7.874000e+03 1.244558e+02
7.875000e+03 1.191944e+02
7.876000e+03 1.191072e+02
7.877000e+03 1.253110e+02
7.878000e+03 1.181722e+02
7.879000e+03 1.309137e+02
7.880000e+03 1.203025e+02
7.881000e+03 1.149869e+02
7.882000e+03 1.361599e+02
7.883000e+03 1.137934e+02
7.884000e+03 1.291962e+02
7.885000e+03 1.262205e+02
7.886000e+03 1.265820e+02
7.887000e+03 1.230411e+02
7.888000e+03 1.223579e+02
7.889000e+03 1.361441e+02
7.890000e+03 1.188425e+02
7.891000e+03 1.319124e+02
7.892000e+03 1.253035e+02
7.893000e+03 1.339450e+02
7.894000e+03 1.284882e+02
7.895000e+03 1.292791e+02
7.896000e+03 1.355911e+02
7.897000e+03 1.182396e+02
7.898000e+03 1.281319e+02
7.899000e+03 1.274355e+02
7.900000e+03 1.287986e+02
7.901000e+03 1.339817e+02
7.902000e+03 1.260558e+02
7.903000e+03 1.179569e+02
7.904000e+03 1.342312e+02
7.905000e+03 1.300712e+02
7.906000e+03 1.229576e+02
7.907000e+03 1.332500e+02
7.908000e+03 1.238316e+02
7.909000e+03 1.276114e+02
7.910000e+03 1.109572e+02
7.911000e+03 1.190062e+02
7.912000e+03 1.221299e+02
7.913000e+03 1.129789e+02
7.914000e+03 1.161141e+02
7.915000e+03 1.092374e+02
7.916000e+03 1.222039e+02
7.917000e+03 1.221672e+02
7.918000e+03 1.225102e+02
7.919000e+03 1.294315e+02
7.920000e+03 1.214506e+02
7.921000e+03 1.169233e+02
7.922000e+03 1.245265e+02
7.923000e+03 1.193396e+02
7.924000e+03 1.286651e+02
7.925000e+03 1.205705e+02
7.926000e+03 1.292334e+02
7.927000e+03 1.251329e+02
7.928000e+03 1.293864e+02
7.929000e+03 1.246360e+02
7.930000e+03 1.345719e+02
7.931000e+03 1.303346e+02
7.932000e+03 1.337849e+02
7.933000e+03 1.239767e+02
7.934000e+03 1.288380e+02
7.935000e+03 1.279085e+02
7.936000e+03 1.378755e+02
7.937000e+03 1.306035e+02
7.938000e+03 1.262862e+02
7.939000e+03 1.207540e+02
7.940000e+03 1.289068e+02
7.941000e+03 1.393097e+02
7.942000e+03 1.233012e+02
7.943000e+03 1.263643e+02
7.944000e+03 1.240990e+02
7.945000e+03 1.326959e+02
7.946000e+03 1.357541e+02
7.947000e+03 1.250960e+02
7.948000e+03 1.269352e+02
7.949000e+03 1.308254e+02
7.950000e+03 1.133226e+02
7.951000e+03 1.174991e+02
7.952000e+03 1.298838e+02
7.953000e+03 1.338036e+02
7.954000e+03 1.277243e+02
7.955000e+03 1.376620e+02
7.956000e+03 1.365535e+02
7.957000e+03 1.341783e+02
7.958000e+03 1.341653e+02
7.959000e+03 1.304824e+02
7.960000e+03 1.365809e+02
7.961000e+03 1.346335e+02
7.962000e+03 1.296490e+02
7.963000e+03 1.433264e+02
7.964000e+03 1.294429e+02
7.965000e+03 1.385311e+02
7.966000e+03 1.419270e+02
7.967000e+03 1.338821e+02
7.968000e+03 1.351533e+02
7.969000e+03 1.412833e+02
7.970000e+03 1.384110e+02
7.971000e+03 1.364109e+02
7.972000e+03 1.384909e+02
7.973000e+03 1.386753e+02
7.974000e+03 1.393635e+02
7.975000e+03 1.429195e+02
7.976000e+03 1.364958e+02
7.977000e+03 1.403122e+02
7.978000e+03 1.446653e+02
7.979000e+03 1.387097e+02
7.980000e+03 1.439797e+02
7.981000e+03 1.226876e+02
7.982000e+03 1.355443e+02
7.983000e+03 1.349086e+02
7.984000e+03 1.370410e+02
7.985000e+03 1.357120e+02
7.986000e+03 1.378754e+02
7.987000e+03 1.413592e+02
7.988000e+03 1.402721e+02
7.989000e+03 1.412243e+02
7.990000e+03 1.264742e+02
7.991000e+03 1.319914e+02
7.992000e+03 1.375394e+02
7.993000e+03 1.348734e+02
7.994000e+03 1.369661e+02
7.995000e+03 1.351288e+02
7.996000e+03 1.386729e+02
7.997000e+03 1.387025e+02
7.998000e+03 1.332252e+02
7.999000e+03 1.393956e+02
8.000000e+03 1.376145e+02
8.001000e+03 1.307526e+02
8.002000e+03 1.374009e+02
8.003000e+03 1.406196e+02
8.004000e+03 1.401690e+02
8.005000e+03 1.357578e+02
8.006000e+03 1.451998e+02
8.007000e+03 1.391389e+02
8.008000e+03 1.371224e+02
8.009000e+03 1.457772e+02
8.010000e+03 1.429432e+02
8.011000e+03 1.441777e+02
8.012000e+03 1.394623e+02
8.013000e+03 1.488732e+02
8.014000e+03 1.369203e+02
8.015000e+03 1.479708e+02
8.016000e+03 1.405457e+02
8.017000e+03 1.462679e+02
8.018000e+03 1.393804e+02
8.019000e+03 1.489096e+02
8.020000e+03 1.451255e+02
8.021000e+03 1.460416e+02
8.022000e+03 1.458521e+02
8.023000e+03 1.425063e+02
8.024000e+03 1.449029e+02
8.025000e+03 1.424572e+02
8.026000e+03 1.444720e+02
8.027000e+03 1.381016e+02
8.028000e+03 1.428457e+02
8.029000e+03 1.469185e+02
8.030000e+03 1.416831e+02
8.031000e+03 1.453027e+02
8.032000e+03 1.473956e+02
8.033000e+03 1.421825e+02
8.034000e+03 1.507421e+02
8.035000e+03 1.457231e+02
8.036000e+03 1.462362e+02
8.037000e+03 1.489398e+02
8.038000e+03 1.509277e+02
8.039000e+03 1.472849e+02
8.040000e+03 1.477220e+02
8.041000e+03 1.514541e+02
8.042000e+03 1.489500e+02
8.043000e+03 1.459880e+02
8.044000e+03 1.546071e+02
8.045000e+03 1.485219e+02
8.046000e+03 1.518820e+02
8.047000e+03 1.478818e+02
8.048000e+03 1.483075e+02
8.049000e+03 1.495061e+02
8.050000e+03 1.260966e+02
8.051000e+03 1.553981e+02
8.052000e+03 1.508834e+02
8.053000e+03 1.525920e+02
8.054000e+03 1.520658e+02
8.055000e+03 1.553933e+02
8.056000e+03 1.503462e+02
8.057000e+03 1.515027e+02
8.058000e+03 1.514123e+02
8.059000e+03 1.593914e+02
8.060000e+03 1.498739e+02
8.061000e+03 1.535996e+02
8.062000e+03 1.542531e+02
8.063000e+03 1.590426e+02
8.064000e+03 1.462623e+02
8.065000e+03 1.573960e+02
8.066000e+03 1.543992e+02
8.067000e+03 1.531781e+02
8.068000e+03 1.529586e+02
8.069000e+03 1.523171e+02
8.070000e+03 1.466111e+02
8.071000e+03 1.458189e+02
8.072000e+03 1.548028e+02
8.073000e+03 1.505643e+02
8.074000e+03 1.491396e+02
8.075000e+03 1.576073e+02
8.076000e+03 1.563850e+02
8.077000e+03 1.321464e+02
8.078000e+03 1.537334e+02
8.079000e+03 1.576047e+02
8.080000e+03 1.524302e+02
8.081000e+03 1.528225e+02
8.082000e+03 1.567506e+02
8.083000e+03 1.572933e+02
8.084000e+03 1.560264e+02
8.085000e+03 1.535439e+02
8.086000e+03 1.587745e+02
8.087000e+03 1.521970e+02
8.088000e+03 1.544595e+02
8.089000e+03 1.568744e+02
8.090000e+03 1.582746e+02
8.091000e+03 1.587042e+02
8.092000e+03 1.547199e+02
8.093000e+03 1.597561e+02
8.094000e+03 1.572194e+02
8.095000e+03 1.554369e+02
8.096000e+03 1.525710e+02
8.097000e+03 1.583963e+02
8.098000e+03 1.587947e+02
8.099000e+03 1.583565e+02
8.100000e+03 1.582410e+02
8.101000e+03 1.619172e+02
8.102000e+03 1.561655e+02
8.103000e+03 1.579494e+02
8.104000e+03 1.578173e+02
8.105000e+03 1.595361e+02
8.106000e+03 1.605898e+02
8.107000e+03 1.587713e+02
8.108000e+03 1.605312e+02
8.109000e+03 1.586462e+02
8.110000e+03 1.638312e+02
8.111000e+03 1.595911e+02
8.112000e+03 1.610318e+02
8.113000e+03 1.599564e+02
8.114000e+03 1.589796e+02
8.115000e+03 1.574752e+02
8.116000e+03 1.630906e+02
8.117000e+03 1.593971e+02
8.118000e+03 1.609921e+02
8.119000e+03 1.407850e+02
8.120000e+03 1.636192e+02
8.121000e+03 1.610117e+02
8.122000e+03 1.604864e+02
8.123000e+03 1.615431e+02
8.124000e+03 1.646279e+02
8.125000e+03 1.604576e+02
8.126000e+03 1.607576e+02
8.127000e+03 1.618156e+02
8.128000e+03 1.630443e+02
8.129000e+03 1.620307e+02
8.130000e+03 1.621080e+02
8.131000e+03 1.664688e+02
8.132000e+03 1.649275e+02
8.133000e+03 1.633124e+02
8.134000e+03 1.622981e+02
8.135000e+03 1.609426e+02
8.136000e+03 1.646020e+02
8.137000e+03 1.667655e+02
8.138000e+03 1.632872e+02
8.139000e+03 1.662807e+02
8.140000e+03 1.641327e+02
8.141000e+03 1.628332e+02
8.142000e+03 1.643286e+02
8.143000e+03 1.665029e+02
8.144000e+03 1.628487e+02
8.145000e+03 1.606877e+02
8.146000e+03 1.682040e+02
8.147000e+03 1.607445e+02
8.148000e+03 1.653532e+02
8.149000e+03 1.642565e+02
8.150000e+03 1.660807e+02
8.151000e+03 1.652634e+02
8.152000e+03 1.663016e+02
8.153000e+03 1.630651e+02
8.154000e+03 1.650607e+02
8.155000e+03 1.671359e+02
8.156000e+03 1.656939e+02
8.157000e+03 1.664287e+02
8.158000e+03 1.626495e+02
8.159000e+03 1.641379e+02
8.160000e+03 1.654421e+02
8.161000e+03 1.644702e+02
8.162000e+03 1.622355e+02
8.163000e+03 1.496904e+02
8.164000e+03 1.646476e+02
8.165000e+03 1.615269e+02
8.166000e+03 1.648006e+02
8.167000e+03 1.660430e+02
8.168000e+03 1.632534e+02
8.169000e+03 1.650928e+02
8.170000e+03 1.639472e+02
8.171000e+03 1.646658e+02
8.172000e+03 1.631680e+02
8.173000e+03 1.638131e+02
8.174000e+03 1.626038e+02
8.175000e+03 1.615930e+02
8.176000e+03 1.596516e+02
8.177000e+03 1.607661e+02
8.178000e+03 1.572596e+02
8.179000e+03 1.552345e+02
8.180000e+03 1.519498e+02
8.181000e+03 1.466162e+02
8.182000e+03 1.417056e+02
8.183000e+03 1.278473e+02
8.184000e+03 1.050614e+02
8.185000e+03 5.935061e+01
8.186000e+03 5.839446e+01
8.187000e+03 1.052155e+02
8.188000e+03 1.259338e+02
8.189000e+03 1.326681e+02
8.190000e+03 1.397295e+02
8.191000e+03 1.428833e+02
8.192000e+03 1.382998e+02
8.193000e+03 1.342916e+02
8.194000e+03 1.214197e+02
8.195000e+03 1.048512e+02
8.196000e+03 7.638246e+01
8.197000e+03 3.654564e+01
8.198000e+03 7.073829e+01
8.199000e+03 1.018402e+02
8.200000e+03 1.214517e+02
8.201000e+03 1.299974e+02
8.202000e+03 1.403615e+02
8.203000e+03 1.465332e+02
8.204000e+03 1.506333e+02
8.205000e+03 1.541940e+02
8.206000e+03 1.373858e+02
8.207000e+03 1.362825e+02
8.208000e+03 1.466079e+02
8.209000e+03 1.491099e+02
8.210000e+03 1.516374e+02
8.211000e+03 1.558676e+02
8.212000e+03 1.570716e+02
8.213000e+03 1.524880e+02
8.214000e+03 1.531348e+02
8.215000e+03 1.529225e+02
8.216000e+03 1.523203e+02
8.217000e+03 1.534803e+02
8.218000e+03 1.557154e+02
8.219000e+03 1.510258e+02
8.220000e+03 1.554420e+02
8.221000e+03 1.563709e+02
8.222000e+03 1.489732e+02
8.223000e+03 1.430712e+02
8.224000e+03 1.575410e+02
8.225000e+03 1.564616e+02
8.226000e+03 1.552546e+02
8.227000e+03 1.585409e+02
8.228000e+03 1.575536e+02
8.229000e+03 1.568746e+02
8.230000e+03 1.596835e+02
8.231000e+03 1.595794e+02
8.232000e+03 1.562262e+02
8.233000e+03 1.579396e+02
8.234000e+03 1.574744e+02
8.235000e+03 1.551647e+02
8.236000e+03 1.633985e+02
8.237000e+03 1.594961e+02
8.238000e+03 1.584722e+02
8.239000e+03 1.625218e+02
8.240000e+03 1.601310e+02
8.241000e+03 1.480225e+02
8.242000e+03 1.607138e+02
8.243000e+03 1.625028e+02
8.244000e+03 1.561307e+02
8.245000e+03 1.582343e+02
8.246000e+03 1.591652e+02
8.247000e+03 1.603886e+02
8.248000e+03 1.625818e+02
8.249000e+03 1.630882e+02
8.250000e+03 1.566949e+02
8.251000e+03 1.651465e+02
8.252000e+03 1.604964e+02
8.253000e+03 1.564010e+02
8.254000e+03 1.532795e+02
8.255000e+03 1.605252e+02
8.256000e+03 1.525105e+02
8.257000e+03 1.587414e+02
8.258000e+03 1.532780e+02
8.259000e+03 1.538917e+02
8.260000e+03 1.630932e+02
8.261000e+03 1.575780e+02
8.262000e+03 1.625837e+02
8.263000e+03 1.593980e+02
8.264000e+03 1.615466e+02
8.265000e+03 1.600177e+02
8.266000e+03 1.616661e+02
8.267000e+03 1.614533e+02
8.268000e+03 1.606712e+02
8.269000e+03 1.632090e+02
8.270000e+03 1.583429e+02
8.271000e+03 1.625776e+02
8.272000e+03 1.617471e+02
8.273000e+03 1.609474e+02
8.274000e+03 1.628259e+02
8.275000e+03 1.610031e+02
8.276000e+03 1.619507e+02
8.277000e+03 1.472891e+02
8.278000e+03 1.524424e+02
8.279000e+03 1.566581e+02
8.280000e+03 1.537097e+02
8.281000e+03 1.611954e+02
8.282000e+03 1.548916e+02
8.283000e+03 1.634122e+02
8.284000e+03 1.510308e+02
8.285000e+03 1.550805e+02
8.286000e+03 1.558970e+02
8.287000e+03 1.514632e+02
8.288000e+03 1.566517e+02
8.289000e+03 1.519308e+02
8.290000e+03 1.580724e+02
8.291000e+03 1.468417e+02
8.292000e+03 1.451303e+02
8.293000e+03 1.533927e+02
8.294000e+03 1.467966e+02
8.295000e+03 1.569340e+02
8.296000e+03 1.476373e+02
8.297000e+03 1.513510e+02
8.298000e+03 1.592705e+02
8.299000e+03 1.478768e+02
8.300000e+03 1.537552e+02
8.301000e+03 1.528126e+02
8.302000e+03 1.522226e+02
8.303000e+03 1.559455e+02
8.304000e+03 1.487999e+02
8.305000e+03 1.443200e+02
8.306000e+03 1.530430e+02
8.307000e+03 1.455785e+02
8.308000e+03 1.585279e+02
8.309000e+03 1.526664e+02
8.310000e+03 1.367663e+02
8.311000e+03 1.566359e+02
8.312000e+03 1.527265e+02
8.313000e+03 1.462863e+02
8.314000e+03 1.550491e+02
8.315000e+03 1.562813e+02
8.316000e+03 1.528199e+02
8.317000e+03 1.549793e+02
8.318000e+03 1.496578e+02
8.319000e+03 1.562511e+02
8.320000e+03 1.552966e+02
8.321000e+03 1.529085e+02
8.322000e+03 1.547017e+02
8.323000e+03 1.611711e+02
8.324000e+03 1.454951e+02
8.325000e+03 1.610368e+02
8.326000e+03 1.507609e+02
8.327000e+03 1.564095e+02
8.328000e+03 1.475267e+02
8.329000e+03 1.086562e+02
8.330000e+03 1.349970e+02
8.331000e+03 1.538750e+02
8.332000e+03 1.519093e+02
8.333000e+03 1.590459e+02
8.334000e+03 1.546557e+02
8.335000e+03 1.574106e+02
8.336000e+03 1.554169e+02
8.337000e+03 1.310864e+02
8.338000e+03 1.493904e+02
8.339000e+03 1.512333e+02
8.340000e+03 1.541005e+02
8.341000e+03 1.556773e+02
8.342000e+03 1.529863e+02
8.343000e+03 1.576495e+02
8.344000e+03 1.578416e+02
8.345000e+03 1.567119e+02
8.346000e+03 1.559670e+02
8.347000e+03 1.527719e+02
8.348000e+03 1.541743e+02
8.349000e+03 1.541918e+02
8.350000e+03 1.426175e+02
8.351000e+03 1.400064e+02
8.352000e+03 1.511105e+02
8.353000e+03 1.531461e+02
8.354000e+03 1.549751e+02
8.355000e+03 1.417430e+02
8.356000e+03 1.500651e+02
8.357000e+03 1.501015e+02
8.358000e+03 1.559949e+02
8.359000e+03 1.483771e+02
8.360000e+03 1.540899e+02
8.361000e+03 1.505211e+02
8.362000e+03 1.510766e+02
8.363000e+03 1.539041e+02
8.364000e+03 1.465904e+02
8.365000e+03 1.552664e+02
8.366000e+03 1.348302e+02
8.367000e+03 1.294615e+02
8.368000e+03 1.503388e+02
8.369000e+03 1.527714e+02
8.370000e+03 1.543631e+02
8.371000e+03 1.557068e+02
8.372000e+03 1.536459e+02
8.373000e+03 1.548735e+02
8.374000e+03 1.539610e+02
8.375000e+03 1.464428e+02
8.376000e+03 1.463897e+02
8.377000e+03 1.499511e+02
8.378000e+03 1.560670e+02
8.379000e+03 1.500674e+02
8.380000e+03 1.140031e+02
8.381000e+03 1.485176e+02
8.382000e+03 1.545446e+02
8.383000e+03 1.519852e+02
8.384000e+03 1.465732e+02
8.385000e+03 8.842292e+01
8.386000e+03 1.457451e+02
8.387000e+03 1.540317e+02
8.388000e+03 1.529167e+02
8.389000e+03 1.273674e+02
8.390000e+03 9.323401e+01
8.391000e+03 1.360611e+02
8.392000e+03 1.401842e+02
8.393000e+03 1.549928e+02
8.394000e+03 1.485059e+02
8.395000e+03 1.544049e+02
8.396000e+03 1.562613e+02
8.397000e+03 1.460216e+02
8.398000e+03 1.587686e+02
8.399000e+03 1.129760e+02
8.400000e+03 1.509200e+02
8.401000e+03 1.461173e+02
8.402000e+03 1.603986e+02
8.403000e+03 1.455318e+02
8.404000e+03 1.532061e+02
8.405000e+03 1.522063e+02
8.406000e+03 1.545866e+02
8.407000e+03 1.512254e+02
8.408000e+03 1.611078e+02
8.409000e+03 1.485511e+02
8.410000e+03 1.546160e+02
8.411000e+03 1.554975e+02
8.412000e+03 1.552952e+02
8.413000e+03 1.495697e+02
8.414000e+03 1.446879e+02
8.415000e+03 1.174052e+02
8.416000e+03 1.499691e+02
8.417000e+03 1.576036e+02
8.418000e+03 1.545064e+02
8.419000e+03 1.490083e+02
8.420000e+03 1.528294e+02
8.421000e+03 1.562001e+02
8.422000e+03 1.435583e+02
8.423000e+03 1.442013e+02
8.424000e+03 1.503251e+02
8.425000e+03 1.488914e+02
8.426000e+03 1.500147e+02
8.427000e+03 1.413469e+02
8.428000e+03 1.432841e+02
8.429000e+03 1.018470e+02
8.430000e+03 1.470731e+02
8.431000e+03 1.481440e+02
8.432000e+03 1.492426e+02
8.433000e+03 1.479470e+02
8.434000e+03 1.457528e+02
8.435000e+03 1.319775e+02
8.436000e+03 1.163801e+02
8.437000e+03 8.514873e+01
8.438000e+03 8.435784e+01
8.439000e+03 1.325126e+02
8.440000e+03 1.374563e+02
8.441000e+03 1.405048e+02
8.442000e+03 1.445472e+02
8.443000e+03 1.243473e+02
8.444000e+03 1.283643e+02
8.445000e+03 1.398225e+02
8.446000e+03 1.329722e+02
8.447000e+03 1.359796e+02
8.448000e+03 1.347149e+02
8.449000e+03 1.334488e+02
8.450000e+03 1.404792e+02
8.451000e+03 1.372775e+02
8.452000e+03 1.416621e+02
8.453000e+03 1.303193e+02
8.454000e+03 1.171349e+02
8.455000e+03 1.147191e+02
8.456000e+03 1.270384e+02
8.457000e+03 1.284670e+02
8.458000e+03 1.235058e+02
8.459000e+03 1.282698e+02
8.460000e+03 1.203138e+02
8.461000e+03 1.298512e+02
8.462000e+03 1.299011e+02
8.463000e+03 1.307653e+02
8.464000e+03 1.375804e+02
8.465000e+03 1.279948e+02
8.466000e+03 1.286482e+02
8.467000e+03 1.293806e+02
8.468000e+03 1.255267e+02
8.469000e+03 1.228878e+02
8.470000e+03 1.188140e+02
8.471000e+03 1.008256e+02
8.472000e+03 1.259804e+02
8.473000e+03 1.303032e+02
8.474000e+03 1.296147e+02
8.475000e+03 1.232101e+02
8.476000e+03 1.234083e+02
8.477000e+03 1.307586e+02
8.478000e+03 1.363848e+02
8.479000e+03 1.294223e+02
8.480000e+03 1.371458e+02
8.481000e+03 1.283221e+02
8.482000e+03 1.293048e+02
8.483000e+03 1.342477e+02
8.484000e+03 1.351513e+02
8.485000e+03 1.307484e+02
8.486000e+03 1.344827e+02
8.487000e+03 1.373240e+02
8.488000e+03 1.351113e+02
8.489000e+03 1.358412e+02
8.490000e+03 1.352949e+02
8.491000e+03 1.336346e+02
8.492000e+03 1.381856e+02
8.493000e+03 1.319996e+02
8.494000e+03 1.411280e+02
8.495000e+03 1.392364e+02
8.496000e+03 1.317333e+02
8.497000e+03 1.289210e+02
8.498000e+03 1.182087e+02
8.499000e+03 1.292537e+02
8.500000e+03 1.004766e+02
8.501000e+03 1.160389e+02
8.502000e+03 1.371581e+02
8.503000e+03 1.356001e+02
8.504000e+03 1.358265e+02
8.505000e+03 1.295822e+02
8.506000e+03 1.341493e+02
8.507000e+03 1.221572e+02
8.508000e+03 1.304713e+02
8.509000e+03 1.295192e+02
8.510000e+03 1.330811e+02
8.511000e+03 1.312452e+02
8.512000e+03 1.351348e+02
8.513000e+03 1.371554e+02
8.514000e+03 1.360311e+02
8.515000e+03 1.326439e+02
8.516000e+03 1.117764e+02
8.517000e+03 1.137278e+02
8.518000e+03 1.244957e+02
8.519000e+03 1.338595e+02
8.520000e+03 1.200177e+02
8.521000e+03 1.260002e+02
8.522000e+03 1.295818e+02
8.523000e+03 1.339129e+02
8.524000e+03 1.341885e+02
8.525000e+03 1.367146e+02
8.526000e+03 1.339700e+02
8.527000e+03 1.374935e+02
8.528000e+03 1.372608e+02
8.529000e+03 1.352131e+02
8.530000e+03 1.316113e+02
8.531000e+03 1.352062e+02
8.532000e+03 1.323367e+02
8.533000e+03 1.361855e+02
8.534000e+03 1.348699e+02
8.535000e+03 1.340373e+02
8.536000e+03 1.430902e+02
8.537000e+03 1.344220e+02
8.538000e+03 1.392417e+02
8.539000e+03 1.363927e+02
8.540000e+03 1.370802e+02
8.541000e+03 1.306559e+02
8.542000e+03 1.283764e+02
8.543000e+03 1.209350e+02
8.544000e+03 8.912723e+01
8.545000e+03 9.826247e+01
8.546000e+03 1.237656e+02
8.547000e+03 1.279523e+02
8.548000e+03 1.388008e+02
8.549000e+03 1.336639e+02
8.550000e+03 1.331081e+02
8.551000e+03 1.360437e+02
8.552000e+03 1.428624e+02
8.553000e+03 1.456021e+02
8.554000e+03 1.369683e+02
8.555000e+03 1.446945e+02
8.556000e+03 1.455245e+02
8.557000e+03 1.409923e+02
8.558000e+03 1.452697e+02
8.559000e+03 1.435664e+02
8.560000e+03 1.428231e+02
8.561000e+03 1.359193e+02
8.562000e+03 1.287112e+02
8.563000e+03 1.394483e+02
8.564000e+03 1.425682e+02
8.565000e+03 1.441821e+02
8.566000e+03 1.453413e+02
8.567000e+03 1.431837e+02
8.568000e+03 1.439026e+02
8.569000e+03 1.424325e+02
8.570000e+03 1.406509e+02
8.571000e+03 1.426058e+02
8.572000e+03 1.416926e+02
8.573000e+03 1.382596e+02
8.574000e+03 1.443760e+02
8.575000e+03 1.417915e+02
8.576000e+03 1.406692e+02
8.577000e+03 1.500588e+02
8.578000e+03 1.376927e+02
8.579000e+03 1.501963e+02
8.580000e+03 1.383147e+02
8.581000e+03 1.370699e+02
8.582000e+03 1.470949e+02
8.583000e+03 1.385025e+02
8.584000e+03 1.469306e+02
8.585000e+03 1.370633e+02
8.586000e+03 1.450314e+02
8.587000e+03 1.442075e+02
8.588000e+03 1.498350e+02
8.589000e+03 1.430082e+02
8.590000e+03 1.480715e+02
8.591000e+03 1.478405e+02
8.592000e+03 1.436000e+02
8.593000e+03 1.457225e+02
8.594000e+03 1.381679e+02
8.595000e+03 1.497231e+02
8.596000e+03 1.430848e+02
8.597000e+03 1.439488e+02
8.598000e+03 1.488140e+02
8.599000e+03 1.441612e+02
8.600000e+03 1.501168e+02
8.601000e+03 1.450706e+02
8.602000e+03 1.461407e+02
8.603000e+03 1.479331e+02
8.604000e+03 1.500465e+02
8.605000e+03 1.449216e+02
8.606000e+03 1.480725e+02
8.607000e+03 1.496377e+02
8.608000e+03 1.487459e+02
8.609000e+03 1.466549e+02
8.610000e+03 1.483623e+02
8.611000e+03 1.491580e+02
8.612000e+03 1.485373e+02
8.613000e+03 1.483156e+02
8.614000e+03 1.260983e+02
8.615000e+03 1.454271e+02
8.616000e+03 1.514511e+02
8.617000e+03 1.502473e+02
8.618000e+03 1.498297e+02
8.619000e+03 1.461701e+02
8.620000e+03 1.483512e+02
8.621000e+03 1.517364e+02
8.622000e+03 1.468575e+02
8.623000e+03 1.509433e+02
8.624000e+03 1.440393e+02
8.625000e+03 1.468373e+02
8.626000e+03 1.454563e+02
8.627000e+03 1.481368e+02
8.628000e+03 1.516359e+02
8.629000e+03 1.508841e+02
8.630000e+03 1.569473e+02
8.631000e+03 1.485882e+02
8.632000e+03 1.455949e+02
8.633000e+03 1.501719e+02
8.634000e+03 1.499285e+02
8.635000e+03 1.515962e+02
8.636000e+03 1.493437e+02
8.637000e+03 1.508690e+02
8.638000e+03 1.512058e+02
8.639000e+03 1.501730e+02
8.640000e+03 1.555506e+02
8.641000e+03 1.467359e+02
8.642000e+03 1.449588e+02
8.643000e+03 1.534252e+02
8.644000e+03 1.557805e+02
8.645000e+03 1.500735e+02
8.646000e+03 1.539395e+02
8.647000e+03 1.504045e+02
8.648000e+03 1.449987e+02
8.649000e+03 1.484508e+02
8.650000e+03 1.457949e+02
8.651000e+03 1.565013e+02
8.652000e+03 1.496398e+02
8.653000e+03 1.494648e+02
8.654000e+03 1.509443e+02
8.655000e+03 1.550363e+02
8.656000e+03 1.489318e+02
8.657000e+03 1.532486e+02
8.658000e+03 1.523877e+02
8.659000e+03 1.468806e+02
8.660000e+03 1.482054e+02
8.661000e+03 1.496803e+02
8.662000e+03 1.429154e+02
8.663000e+03 1.363089e+02
8.664000e+03 9.196178e+01
8.665000e+03 1.047926e+02
8.666000e+03 1.351467e+02
8.667000e+03 1.454112e+02
8.668000e+03 1.493478e+02
8.669000e+03 1.535990e+02
8.670000e+03 1.509147e+02
8.671000e+03 1.500214e+02
8.672000e+03 1.579752e+02
8.673000e+03 1.546805e+02
8.674000e+03 1.515164e+02
8.675000e+03 1.522347e+02
8.676000e+03 1.554104e+02
8.677000e+03 1.271970e+02
8.678000e+03 1.235308e+02
8.679000e+03 1.564977e+02
8.680000e+03 1.500615e+02
8.681000e+03 1.508777e+02
8.682000e+03 1.566533e+02
8.683000e+03 1.569021e+02
8.684000e+03 1.526704e+02
8.685000e+03 1.308805e+02
8.686000e+03 1.503871e+02
8.687000e+03 1.533480e+02
8.688000e+03 1.542219e+02
8.689000e+03 1.502799e+02
8.690000e+03 1.378740e+02
8.691000e+03 8.752391e+01
8.692000e+03 1.356651e+02
8.693000e+03 1.478259e+02
8.694000e+03 1.510294e+02
8.695000e+03 1.325825e+02
8.696000e+03 1.482531e+02
8.697000e+03 1.491769e+02
8.698000e+03 1.522248e+02
8.699000e+03 1.567046e+02
8.700000e+03 1.449504e+02
8.701000e+03 1.563444e+02
8.702000e+03 1.569153e+02
8.703000e+03 1.559397e+02
8.704000e+03 1.475286e+02
8.705000e+03 1.545746e+02
8.706000e+03 1.533463e+02
8.707000e+03 1.566236e+02
8.708000e+03 1.550922e+02
8.709000e+03 1.513583e+02
8.710000e+03 1.591069e+02
8.711000e+03 1.550178e+02
8.712000e+03 1.516787e+02
8.713000e+03 1.453599e+02
8.714000e+03 1.493492e+02
8.715000e+03 1.616855e+02
8.716000e+03 1.523999e+02
8.717000e+03 1.504148e+02
8.718000e+03 1.529175e+02
8.719000e+03 1.509178e+02
8.720000e+03 1.530047e+02
8.721000e+03 1.529912e+02
8.722000e+03 1.477496e+02
8.723000e+03 1.622402e+02
8.724000e+03 1.526912e+02
8.725000e+03 1.592720e+02
8.726000e+03 1.552215e+02
8.727000e+03 1.517944e+02
8.728000e+03 1.602575e+02
8.729000e+03 1.524572e+02
8.730000e+03 1.584175e+02
8.731000e+03 1.605538e+02
8.732000e+03 1.601837e+02
8.733000e+03 1.600907e+02
8.734000e+03 1.508585e+02
8.735000e+03 1.572848e+02
8.736000e+03 1.527272e+02
8.737000e+03 1.369811e+02
8.738000e+03 1.522431e+02
8.739000e+03 1.591449e+02
8.740000e+03 1.560206e+02
8.741000e+03 1.495798e+02
8.742000e+03 1.602508e+02
8.743000e+03 1.563268e+02
8.744000e+03 1.567549e+02
8.745000e+03 1.588943e+02
8.746000e+03 1.552400e+02
8.747000e+03 1.603392e+02
8.748000e+03 1.599427e+02
8.749000e+03 1.576304e+02
8.750000e+03 1.550235e+02
8.751000e+03 1.566277e+02
8.752000e+03 1.570402e+02
8.753000e+03 1.543886e+02
8.754000e+03 1.572882e+02
8.755000e+03 1.596368e+02
8.756000e+03 1.615004e+02
8.757000e+03 1.597833e+02
8.758000e+03 1.572446e+02
8.759000e+03 1.531145e+02
8.760000e+03 1.473627e+02
8.761000e+03 1.578085e+02
8.762000e+03 1.632128e+02
8.763000e+03 1.620454e+02
8.764000e+03 1.622914e+02
8.765000e+03 1.591206e+02
8.766000e+03 1.542240e+02
8.767000e+03 1.584107e+02
8.768000e+03 1.523707e+02
8.769000e+03 1.460816e+02
8.770000e+03 1.541496e+02
8.771000e+03 1.626121e+02
8.772000e+03 1.598884e+02
8.773000e+03 1.651497e+02
8.774000e+03 1.607076e+02
8.775000e+03 1.546898e+02
8.776000e+03 1.529386e+02
8.777000e+03 1.634472e+02
8.778000e+03 1.615795e+02
8.779000e+03 1.663438e+02
8.780000e+03 1.585517e+02
8.781000e+03 1.524583e+02
8.782000e+03 1.580723e+02
8.783000e+03 1.625114e+02
8.784000e+03 1.608737e+02
8.785000e+03 1.591363e+02
8.786000e+03 1.600097e+02
8.787000e+03 1.644191e+02
8.788000e+03 1.627210e+02
8.789000e+03 1.631338e+02
8.790000e+03 1.628657e+02
8.791000e+03 1.604773e+02
8.792000e+03 1.631008e+02
8.793000e+03 1.672123e+02
8.794000e+03 1.601962e+02
8.795000e+03 1.625784e+02
8.796000e+03 1.624338e+02
8.797000e+03 1.604640e+02
8.798000e+03 1.644792e+02
8.799000e+03 1.629847e+02
8.800000e+03 1.663810e+02
8.801000e+03 1.673703e+02
8.802000e+03 1.664032e+02
8.803000e+03 1.481984e+02
8.804000e+03 1.552331e+02
8.805000e+03 1.562578e+02
8.806000e+03 1.584589e+02
8.807000e+03 1.513320e+02
8.808000e+03 1.528198e+02
8.809000e+03 1.170963e+02
8.810000e+03 1.484397e+02
8.811000e+03 1.583546e+02
8.812000e+03 1.620328e+02
8.813000e+03 1.630932e+02
8.814000e+03 1.591450e+02
8.815000e+03 1.647287e+02
8.816000e+03 1.653698e+02
8.817000e+03 1.622335e+02
8.818000e+03 1.656102e+02
8.819000e+03 1.646353e+02
8.820000e+03 1.683270e+02
8.821000e+03 1.667544e+02
8.822000e+03 1.649435e+02
8.823000e+03 1.672687e+02
8.824000e+03 1.583859e+02
8.825000e+03 1.566051e+02
8.826000e+03 1.399087e+02
8.827000e+03 1.092344e+02
8.828000e+03 1.610644e+02
8.829000e+03 1.590279e+02
8.830000e+03 1.597343e+02
8.831000e+03 1.618236e+02
8.832000e+03 1.621738e+02
8.833000e+03 1.694011e+02
8.834000e+03 1.662820e+02
8.835000e+03 1.660510e+02
8.836000e+03 1.653683e+02
8.837000e+03 1.676663e+02
8.838000e+03 1.655067e+02
8.839000e+03 1.623631e+02
8.840000e+03 1.676609e+02
8.841000e+03 1.445235e+02
8.842000e+03 1.645566e+02
8.843000e+03 1.669406e+02
8.844000e+03 1.671303e+02
8.845000e+03 1.649234e+02
8.846000e+03 1.657845e+02
8.847000e+03 1.578127e+02
8.848000e+03 1.649484e+02
8.849000e+03 1.635082e+02
8.850000e+03 1.627625e+02
8.851000e+03 1.600036e+02
8.852000e+03 1.611291e+02
8.853000e+03 1.667743e+02
8.854000e+03 1.714996e+02
8.855000e+03 1.684110e+02
8.856000e+03 1.676665e+02
8.857000e+03 1.702913e+02
8.858000e+03 1.641287e+02
8.859000e+03 1.655098e+02
8.860000e+03 1.687900e+02
8.861000e+03 1.671601e+02
8.862000e+03 1.098686e+02
8.863000e+03 1.249946e+02
8.864000e+03 1.345481e+02
8.865000e+03 1.430823e+02
8.866000e+03 1.415580e+02
8.867000e+03 1.443225e+02
8.868000e+03 1.496224e+02
8.869000e+03 1.520238e+02
8.870000e+03 1.527289e+02
8.871000e+03 1.367048e+02
8.872000e+03 1.256554e+02
8.873000e+03 1.317927e+02
8.874000e+03 1.312036e+02
8.875000e+03 1.366773e+02
8.876000e+03 1.354084e+02
8.877000e+03 1.285855e+02
8.878000e+03 1.447717e+02
8.879000e+03 1.381591e+02
8.880000e+03 1.392625e+02
8.881000e+03 1.405831e+02
8.882000e+03 1.430809e+02
8.883000e+03 1.413266e+02
8.884000e+03 1.465795e+02
8.885000e+03 1.395237e+02
8.886000e+03 1.352006e+02
8.887000e+03 1.383277e+02
8.888000e+03 1.450906e+02
8.889000e+03 1.427187e+02
8.890000e+03 1.357587e+02
8.891000e+03 1.500168e+02
8.892000e+03 1.328828e+02
8.893000e+03 1.392675e+02
8.894000e+03 1.559767e+02
8.895000e+03 1.340411e+02
8.896000e+03 1.390194e+02
8.897000e+03 1.426209e+02
8.898000e+03 1.409599e+02
8.899000e+03 1.440213e+02
8.900000e+03 1.367715e+02
8.901000e+03 1.484365e+02
8.902000e+03 1.429797e+02
8.903000e+03 1.496273e+02
8.904000e+03 1.495118e+02
8.905000e+03 1.414938e+02
8.906000e+03 1.574094e+02
8.907000e+03 1.389995e+02
8.908000e+03 1.558819e+02
8.909000e+03 1.436880e+02
8.910000e+03 1.508734e+02
8.911000e+03 1.514264e+02
8.912000e+03 1.440190e+02
8.913000e+03 1.457080e+02
8.914000e+03 1.507980e+02
8.915000e+03 1.472513e+02
8.916000e+03 1.500069e+02
8.917000e+03 1.465428e+02
8.918000e+03 1.493004e+02
8.919000e+03 1.447427e+02
8.920000e+03 1.547324e+02
8.921000e+03 1.463396e+02
8.922000e+03 1.409228e+02
8.923000e+03 1.485961e+02
8.924000e+03 1.549386e+02
8.925000e+03 1.488570e+02
8.926000e+03 1.498963e+02
8.927000e+03 1.526077e+02
8.928000e+03 1.447455e+02
8.929000e+03 1.597091e+02
8.930000e+03 1.421810e+02
8.931000e+03 1.570152e+02
8.932000e+03 1.420162e+02
8.933000e+03 1.615183e+02
8.934000e+03 1.498818e+02
8.935000e+03 1.520508e+02
8.936000e+03 1.580543e+02
8.937000e+03 1.494004e+02
8.938000e+03 1.587660e+02
8.939000e+03 1.353650e+02
8.940000e+03 1.398811e+02
8.941000e+03 1.381659e+02
8.942000e+03 1.465077e+02
8.943000e+03 1.473146e+02
8.944000e+03 1.433665e+02
8.945000e+03 1.490018e+02
8.946000e+03 1.473478e+02
8.947000e+03 1.474110e+02
8.948000e+03 1.407404e+02
8.949000e+03 1.459883e+02
8.950000e+03 1.368419e+02
8.951000e+03 1.455038e+02
8.952000e+03 1.458807e+02
8.953000e+03 1.463906e+02
8.954000e+03 1.489414e+02
8.955000e+03 1.474970e+02
8.956000e+03 1.378093e+02
8.957000e+03 1.490417e+02
8.958000e+03 1.485311e+02
8.959000e+03 1.498720e+02
8.960000e+03 1.459748e+02
8.961000e+03 1.463527e+02
8.962000e+03 1.508704e+02
8.963000e+03 1.446970e+02
8.964000e+03 1.476956e+02
8.965000e+03 1.542369e+02
8.966000e+03 1.480971e+02
8.967000e+03 1.434897e+02
8.968000e+03 1.525405e+02
8.969000e+03 1.425311e+02
8.970000e+03 1.462985e+02
8.971000e+03 1.460315e+02
8.972000e+03 1.529459e+02
8.973000e+03 1.551963e+02
8.974000e+03 1.453547e+02
8.975000e+03 1.440179e+02
8.976000e+03 1.583415e+02
8.977000e+03 1.531987e+02
8.978000e+03 1.404287e+02
8.979000e+03 1.524171e+02
8.980000e+03 1.501293e+02
8.981000e+03 1.494173e+02
8.982000e+03 1.569395e+02
8.983000e+03 1.399967e+02
8.984000e+03 1.557933e+02
8.985000e+03 1.556144e+02
8.986000e+03 1.615868e+02
8.987000e+03 1.446961e+02
8.988000e+03 1.620846e+02
8.989000e+03 1.554698e+02
8.990000e+03 1.437272e+02
8.991000e+03 1.635750e+02
8.992000e+03 1.474401e+02
8.993000e+03 1.469580e+02
8.994000e+03 1.611761e+02
8.995000e+03 1.584539e+02
8.996000e+03 1.531734e+02
8.997000e+03 1.547492e+02
8.998000e+03 1.580404e+02
8.999000e+03 1.566575e+02
9.000000e+03 1.450927e+02
9.001000e+03 1.582786e+02
9.002000e+03 1.174180e+02
9.003000e+03 1.416468e+02
9.004000e+03 1.586318e+02
9.005000e+03 1.626453e+02
9.006000e+03 1.503796e+02
9.007000e+03 1.629706e+02
9.008000e+03 1.591141e+02
9.009000e+03 1.599930e+02
9.010000e+03 1.530783e+02
9.011000e+03 1.640496e+02
9.012000e+03 1.429375e+02
9.013000e+03 1.468847e+02
9.014000e+03 1.642162e+02
9.015000e+03 1.566724e+02
9.016000e+03 1.545140e+02
9.017000e+03 1.551405e+02
9.018000e+03 1.545553e+02
9.019000e+03 1.484026e+02
9.020000e+03 1.418852e+02
9.021000e+03 1.609363e+02
9.022000e+03 1.553599e+02
9.023000e+03 1.534450e+02
9.024000e+03 1.465993e+02
9.025000e+03 1.564570e+02
9.026000e+03 1.636468e+02
9.027000e+03 1.484745e+02
9.028000e+03 1.489826e+02
9.029000e+03 1.570562e+02
9.030000e+03 1.396906e+02
9.031000e+03 1.457676e+02
9.032000e+03 1.588289e+02
9.033000e+03 1.581582e+02
9.034000e+03 1.538509e+02
9.035000e+03 1.584405e+02
9.036000e+03 1.576497e+02
9.037000e+03 1.560034e+02
9.038000e+03 1.570547e+02
9.039000e+03 1.584715e+02
9.040000e+03 1.575465e+02
9.041000e+03 1.595351e+02
9.042000e+03 1.537335e+02
9.043000e+03 1.566890e+02
9.044000e+03 1.545001e+02
9.045000e+03 1.567110e+02
9.046000e+03 1.585228e+02
9.047000e+03 1.590185e+02
9.048000e+03 1.607430e+02
9.049000e+03 1.594800e+02
9.050000e+03 1.575426e+02
9.051000e+03 1.642094e+02
9.052000e+03 1.630644e+02
9.053000e+03 1.575105e+02
9.054000e+03 1.557928e+02
9.055000e+03 1.531398e+02
9.056000e+03 1.583543e+02
9.057000e+03 1.537845e+02
9.058000e+03 1.598466e+02
9.059000e+03 1.566854e+02
9.060000e+03 1.540069e+02
9.061000e+03 1.591782e+02
9.062000e+03 1.589826e+02
9.063000e+03 1.564323e+02
9.064000e+03 1.575408e+02
9.065000e+03 1.675911e+02
9.066000e+03 1.526219e+02
9.067000e+03 1.646657e+02
9.068000e+03 1.581478e+02
9.069000e+03 1.585257e+02
9.070000e+03 1.603352e+02
9.071000e+03 1.643328e+02
9.072000e+03 1.590753e+02
9.073000e+03 1.522545e+02
9.074000e+03 1.652354e+02
9.075000e+03 1.612642e+02
9.076000e+03 1.572819e+02
9.077000e+03 1.596208e+02
9.078000e+03 1.590903e+02
9.079000e+03 1.613430e+02
9.080000e+03 1.665322e+02
9.081000e+03 1.660532e+02
9.082000e+03 1.612372e+02
9.083000e+03 1.633867e+02
9.084000e+03 1.620877e+02
9.085000e+03 1.631947e+02
9.086000e+03 1.602625e+02
9.087000e+03 1.523697e+02
9.088000e+03 1.624270e+02
9.089000e+03 1.634811e+02
9.090000e+03 1.593436e+02
9.091000e+03 1.415052e+02
9.092000e+03 1.445072e+02
9.093000e+03 1.483798e+02
9.094000e+03 1.617194e+02
9.095000e+03 1.659453e+02
9.096000e+03 1.607306e+02
9.097000e+03 1.622246e+02
9.098000e+03 1.607616e+02
9.099000e+03 1.632240e+02
9.100000e+03 1.617017e+02
9.101000e+03 1.607138e+02
9.102000e+03 1.482316e+02
9.103000e+03 1.603023e+02
9.104000e+03 1.643184e+02
9.105000e+03 1.671976e+02
9.106000e+03 1.655591e+02
9.107000e+03 1.601893e+02
9.108000e+03 1.502238e+02
9.109000e+03 1.556687e+02
9.110000e+03 1.620529e+02
9.111000e+03 1.601821e+02
9.112000e+03 1.572535e+02
9.113000e+03 1.671444e+02
9.114000e+03 1.637083e+02
9.115000e+03 1.672382e+02
9.116000e+03 1.692292e+02
9.117000e+03 1.674832e+02
9.118000e+03 1.652568e+02
9.119000e+03 1.629917e+02
9.120000e+03 1.658522e+02
9.121000e+03 1.592504e+02
9.122000e+03 1.628471e+02
9.123000e+03 1.657965e+02
9.124000e+03 1.637583e+02
9.125000e+03 1.687445e+02
9.126000e+03 1.649989e+02
9.127000e+03 1.627463e+02
9.128000e+03 1.656696e+02
9.129000e+03 1.644983e+02
9.130000e+03 1.677660e+02
9.131000e+03 1.637629e+02
9.132000e+03 1.694244e+02
9.133000e+03 1.680967e+02
9.134000e+03 1.603381e+02
9.135000e+03 1.713585e+02
9.136000e+03 1.651387e+02
9.137000e+03 1.619417e+02
9.138000e+03 1.668443e+02
9.139000e+03 1.669670e+02
9.140000e+03 1.690839e+02
9.141000e+03 1.609494e+02
9.142000e+03 1.674550e+02
9.143000e+03 1.599278e+02
9.144000e+03 1.660963e+02
9.145000e+03 1.688275e+02
9.146000e+03 1.671011e+02
9.147000e+03 1.710274e+02
9.148000e+03 1.696340e+02
9.149000e+03 1.695369e+02
9.150000e+03 1.624272e+02
9.151000e+03 1.704737e+02
9.152000e+03 1.591877e+02
9.153000e+03 1.665228e+02
9.154000e+03 1.649681e+02
9.155000e+03 1.659707e+02
9.156000e+03 1.654678e+02
9.157000e+03 1.670173e+02
9.158000e+03 1.705555e+02
9.159000e+03 1.637083e+02
9.160000e+03 1.710866e+02
9.161000e+03 1.702543e+02
9.162000e+03 1.669580e+02
9.163000e+03 1.680068e+02
9.164000e+03 1.692339e+02
9.165000e+03 1.650081e+02
9.166000e+03 1.654827e+02
9.167000e+03 1.707729e+02
9.168000e+03 1.710330e+02
9.169000e+03 1.709371e+02
9.170000e+03 1.675682e+02
9.171000e+03 1.630768e+02
9.172000e+03 1.658212e+02
9.173000e+03 1.710876e+02
9.174000e+03 1.732691e+02
9.175000e+03 1.699671e+02
9.176000e+03 1.594889e+02
9.177000e+03 1.644137e+02
9.178000e+03 1.626717e+02
9.179000e+03 1.696263e+02
9.180000e+03 1.665419e+02
9.181000e+03 1.716769e+02
9.182000e+03 1.674465e+02
9.183000e+03 1.675701e+02
9.184000e+03 1.727094e+02
9.185000e+03 1.716598e+02
9.186000e+03 1.691195e+02
9.187000e+03 1.664593e+02
9.188000e+03 1.669151e+02
9.189000e+03 1.712569e+02
9.190000e+03 1.722321e+02
9.191000e+03 1.720209e+02
9.192000e+03 1.719669e+02
9.193000e+03 1.700016e+02
9.194000e+03 1.719904e+02
9.195000e+03 1.672622e+02
9.196000e+03 1.684556e+02
9.197000e+03 1.726046e+02
9.198000e+03 1.688710e+02
9.199000e+03 1.669237e+02
9.200000e+03 1.739945e+02
9.201000e+03 1.701782e+02
9.202000e+03 1.683292e+02
9.203000e+03 1.699754e+02
9.204000e+03 1.700156e+02
9.205000e+03 1.674911e+02
9.206000e+03 1.713423e+02
9.207000e+03 1.669699e+02
9.208000e+03 1.676943e+02
9.209000e+03 1.627988e+02
9.210000e+03 1.595362e+02
9.211000e+03 1.580084e+02
9.212000e+03 1.641848e+02
9.213000e+03 1.658892e+02
9.214000e+03 1.655258e+02
9.215000e+03 1.646035e+02
9.216000e+03 1.702119e+02
9.217000e+03 1.683898e+02
9.218000e+03 1.710894e+02
9.219000e+03 1.610238e+02
9.220000e+03 1.643826e+02
9.221000e+03 1.624157e+02
9.222000e+03 1.562385e+02
9.223000e+03 1.658678e+02
9.224000e+03 1.636859e+02
9.225000e+03 1.640002e+02
9.226000e+03 1.632689e+02
9.227000e+03 1.649784e+02
9.228000e+03 1.641788e+02
9.229000e+03 1.637610e+02
9.230000e+03 1.670959e+02
9.231000e+03 1.608005e+02
9.232000e+03 1.615125e+02
9.233000e+03 1.600982e+02
9.234000e+03 1.628594e+02
9.235000e+03 1.577423e+02
9.236000e+03 1.625865e+02
9.237000e+03 1.611883e+02
9.238000e+03 1.639397e+02
9.239000e+03 1.612701e+02
9.240000e+03 1.653784e+02
9.241000e+03 1.615320e+02
9.242000e+03 1.645438e+02
9.243000e+03 1.628513e+02
9.244000e+03 1.667091e+02
9.245000e+03 1.660343e+02
9.246000e+03 1.650255e+02
9.247000e+03 1.643904e+02
9.248000e+03 1.628527e+02
9.249000e+03 1.584590e+02
9.250000e+03 1.608086e+02
9.251000e+03 1.644330e+02
9.252000e+03 1.620001e+02
9.253000e+03 1.595794e+02
9.254000e+03 1.630917e+02
9.255000e+03 1.597462e+02
9.256000e+03 1.622430e+02
9.257000e+03 1.635215e+02
9.258000e+03 1.595041e+02
9.259000e+03 1.626688e+02
9.260000e+03 1.626858e+02
9.261000e+03 1.665525e+02
9.262000e+03 1.613375e+02
9.263000e+03 1.617086e+02
9.264000e+03 1.634932e+02
9.265000e+03 1.648863e+02
9.266000e+03 1.590240e+02
9.267000e+03 1.615931e+02
9.268000e+03 1.653834e+02
9.269000e+03 1.627941e+02
9.270000e+03 1.613699e+02
9.271000e+03 1.656045e+02
9.272000e+03 1.649399e+02
9.273000e+03 1.654136e+02
9.274000e+03 1.664349e+02
9.275000e+03 1.627556e+02
9.276000e+03 1.562273e+02
9.277000e+03 1.613857e+02
9.278000e+03 1.606756e+02
9.279000e+03 1.637287e+02
9.280000e+03 1.564194e+02
9.281000e+03 1.597608e+02
9.282000e+03 1.604712e+02
9.283000e+03 1.564025e+02
9.284000e+03 1.657565e+02
9.285000e+03 1.578919e+02
9.286000e+03 1.597971e+02
9.287000e+03 1.604022e+02
9.288000e+03 1.633034e+02
9.289000e+03 1.617150e+02
9.290000e+03 1.621080e+02
9.291000e+03 1.596922e+02
9.292000e+03 1.583208e+02
9.293000e+03 1.378829e+02
9.294000e+03 1.557645e+02
9.295000e+03 1.603585e+02
9.296000e+03 1.611204e+02
9.297000e+03 1.535180e+02
9.298000e+03 1.624169e+02
9.299000e+03 1.489050e+02
9.300000e+03 1.610456e+02
9.301000e+03 1.547729e+02
9.302000e+03 1.590317e+02
9.303000e+03 1.552668e+02
9.304000e+03 1.572730e+02
9.305000e+03 1.631050e+02
9.306000e+03 1.603888e+02
9.307000e+03 1.613003e+02
9.308000e+03 1.520755e+02
9.309000e+03 1.600685e+02
9.310000e+03 1.623338e+02
9.311000e+03 1.625406e+02
9.312000e+03 1.624568e+02
9.313000e+03 1.607724e+02
9.314000e+03 1.605012e+02
9.315000e+03 1.581717e+02
9.316000e+03 1.629251e+02
9.317000e+03 1.608459e+02
9.318000e+03 1.616388e+02
9.319000e+03 1.520643e+02
9.320000e+03 1.613464e+02
9.321000e+03 1.589896e+02
9.322000e+03 1.574731e+02
9.323000e+03 1.599978e+02
9.324000e+03 1.596304e+02
9.325000e+03 1.633598e+02
9.326000e+03 1.564161e+02
9.327000e+03 1.612697e+02
9.328000e+03 1.612337e+02
9.329000e+03 1.582312e+02
9.330000e+03 1.604880e+02
9.331000e+03 1.601359e+02
9.332000e+03 1.609915e+02
9.333000e+03 1.634721e+02
9.334000e+03 1.610970e+02
9.335000e+03 1.601008e+02
9.336000e+03 1.628017e+02
9.337000e+03 1.588003e+02
9.338000e+03 1.583001e+02
9.339000e+03 1.601831e+02
9.340000e+03 1.623310e+02
9.341000e+03 1.656175e+02
9.342000e+03 1.642303e+02
9.343000e+03 1.550033e+02
9.344000e+03 1.627438e+02
9.345000e+03 1.543364e+02
9.346000e+03 1.628759e+02
9.347000e+03 1.577471e+02
9.348000e+03 1.620003e+02
9.349000e+03 1.608891e+02
9.350000e+03 1.592401e+02
9.351000e+03 1.621319e+02
9.352000e+03 1.602482e+02
9.353000e+03 1.546025e+02
9.354000e+03 1.560852e+02
9.355000e+03 1.553959e+02
9.356000e+03 1.635731e+02
9.357000e+03 1.593079e+02
9.358000e+03 1.618243e+02
9.359000e+03 1.623991e+02
9.360000e+03 1.560962e+02
9.361000e+03 1.610981e+02
9.362000e+03 1.578829e+02
9.363000e+03 1.610490e+02
9.364000e+03 1.623678e+02
9.365000e+03 1.536792e+02
9.366000e+03 1.615849e+02
9.367000e+03 1.612126e+02
9.368000e+03 1.509103e+02
9.369000e+03 1.629199e+02
9.370000e+03 1.575137e+02
9.371000e+03 1.599247e+02
9.372000e+03 1.578191e+02
9.373000e+03 1.632238e+02
9.374000e+03 1.597431e+02
9.375000e+03 1.612092e+02
9.376000e+03 1.614323e+02
9.377000e+03 1.634462e+02
9.378000e+03 1.621616e+02
9.379000e+03 1.636916e+02
9.380000e+03 1.569075e+02
9.381000e+03 1.636610e+02
9.382000e+03 1.621495e+02
9.383000e+03 1.521497e+02
9.384000e+03 1.622710e+02
9.385000e+03 1.636687e+02
9.386000e+03 1.607021e+02
9.387000e+03 1.626754e+02
9.388000e+03 1.630842e+02
9.389000e+03 1.605591e+02
9.390000e+03 1.604655e+02
9.391000e+03 1.630562e+02
9.392000e+03 1.593537e+02
9.393000e+03 1.555881e+02
9.394000e+03 1.643317e+02
9.395000e+03 1.597832e+02
9.396000e+03 1.606138e+02
9.397000e+03 1.631756e+02
9.398000e+03 1.560890e+02
9.399000e+03 1.600607e+02
9.400000e+03 1.647053e+02
9.401000e+03 1.606428e+02
9.402000e+03 1.614584e+02
9.403000e+03 1.637460e+02
9.404000e+03 1.604719e+02
9.405000e+03 1.611009e+02
9.406000e+03 1.600630e+02
9.407000e+03 1.591372e+02
9.408000e+03 1.643544e+02
9.409000e+03 1.603461e+02
9.410000e+03 1.652018e+02
9.411000e+03 1.611339e+02
9.412000e+03 1.627083e+02
9.413000e+03 1.618131e+02
9.414000e+03 1.620823e+02
9.415000e+03 1.566348e+02
9.416000e+03 1.623788e+02
9.417000e+03 1.605363e+02
9.418000e+03 1.581410e+02
9.419000e+03 1.620900e+02
9.420000e+03 1.587258e+02
9.421000e+03 1.648551e+02
9.422000e+03 1.645100e+02
9.423000e+03 1.594592e+02
9.424000e+03 1.607510e+02
9.425000e+03 1.613529e+02
9.426000e+03 1.616438e+02
9.427000e+03 1.600968e+02
9.428000e+03 1.642411e+02
9.429000e+03 1.617565e+02
9.430000e+03 1.652583e+02
9.431000e+03 1.579746e+02
9.432000e+03 1.636327e+02
9.433000e+03 1.609759e+02
9.434000e+03 1.655575e+02
9.435000e+03 1.632233e+02
9.436000e+03 1.639898e+02
9.437000e+03 1.598869e+02
9.438000e+03 1.631137e+02
9.439000e+03 1.575561e+02
9.440000e+03 1.571988e+02
9.441000e+03 1.621319e+02
9.442000e+03 1.617931e+02
9.443000e+03 1.617894e+02
9.444000e+03 1.589728e+02
9.445000e+03 1.610102e+02
9.446000e+03 1.584583e+02
9.447000e+03 1.591707e+02
9.448000e+03 1.599343e+02
9.449000e+03 1.518306e+02
9.450000e+03 1.437919e+02
9.451000e+03 1.640262e+02
9.452000e+03 1.646290e+02
9.453000e+03 1.614875e+02
9.454000e+03 1.641311e+02
9.455000e+03 1.644166e+02
9.456000e+03 1.641938e+02
9.457000e+03 1.593200e+02
9.458000e+03 1.577533e+02
9.459000e+03 1.602433e+02
9.460000e+03 1.651927e+02
9.461000e+03 1.621864e+02
9.462000e+03 1.645698e+02
9.463000e+03 1.631969e+02
9.464000e+03 1.594733e+02
9.465000e+03 1.634347e+02
9.466000e+03 1.626415e+02
9.467000e+03 1.592546e+02
9.468000e+03 1.613341e+02
9.469000e+03 1.621573e+02
9.470000e+03 1.643974e+02
9.471000e+03 1.597865e+02
9.472000e+03 1.636073e+02
9.473000e+03 1.636400e+02
9.474000e+03 1.660963e+02
9.475000e+03 1.635664e+02
9.476000e+03 1.639794e+02
9.477000e+03 1.631225e+02
9.478000e+03 1.634694e+02
9.479000e+03 1.679160e+02
9.480000e+03 1.659176e+02
9.481000e+03 1.652630e+02
9.482000e+03 1.678161e+02
9.483000e+03 1.596154e+02
9.484000e+03 1.576997e+02
9.485000e+03 1.629158e+02
9.486000e+03 1.640943e+02
9.487000e+03 1.650135e+02
9.488000e+03 1.659015e+02
9.489000e+03 1.638331e+02
9.490000e+03 1.644618e+02
9.491000e+03 1.648018e+02
9.492000e+03 1.640772e+02
9.493000e+03 1.653499e+02
9.494000e+03 1.671927e+02
9.495000e+03 1.646412e+02
9.496000e+03 1.616170e+02
9.497000e+03 1.640614e+02
9.498000e+03 1.631372e+02
9.499000e+03 1.688599e+02
9.500000e+03 1.663853e+02
9.501000e+03 1.639169e+02
9.502000e+03 1.676347e+02
9.503000e+03 1.595994e+02
9.504000e+03 1.631908e+02
9.505000e+03 1.595891e+02
9.506000e+03 1.669619e+02
9.507000e+03 1.671895e+02
9.508000e+03 1.642017e+02
9.509000e+03 1.592685e+02
9.510000e+03 1.648904e+02
9.511000e+03 1.608783e+02
9.512000e+03 1.621097e+02
9.513000e+03 1.638102e+02
9.514000e+03 1.627644e+02
9.515000e+03 1.625464e+02
9.516000e+03 1.606342e+02
9.517000e+03 1.652996e+02
9.518000e+03 1.608380e+02
9.519000e+03 1.629181e+02
9.520000e+03 1.657257e+02
9.521000e+03 1.639603e+02
9.522000e+03 1.644713e+02
9.523000e+03 1.668021e+02
9.524000e+03 1.654702e+02
9.525000e+03 1.632849e+02
9.526000e+03 1.652458e+02
9.527000e+03 1.666551e+02
9.528000e+03 1.634951e+02
9.529000e+03 1.645933e+02
9.530000e+03 1.650211e+02
9.531000e+03 1.604986e+02
9.532000e+03 1.661559e+02
9.533000e+03 1.670880e+02
9.534000e+03 1.631008e+02
9.535000e+03 1.642697e+02
9.536000e+03 1.638219e+02
9.537000e+03 1.612340e+02
9.538000e+03 1.596964e+02
9.539000e+03 1.616104e+02
9.540000e+03 1.632809e+02
9.541000e+03 1.646066e+02
9.542000e+03 1.627560e+02
9.543000e+03 1.608724e+02
9.544000e+03 1.676088e+02
9.545000e+03 1.642215e+02
9.546000e+03 1.622010e+02
9.547000e+03 1.642978e+02
9.548000e+03 1.547518e+02
9.549000e+03 1.251878e+02
9.550000e+03 1.608493e+02
9.551000e+03 1.586931e+02
9.552000e+03 1.662127e+02
9.553000e+03 1.653685e+02
9.554000e+03 1.645350e+02
9.555000e+03 1.622299e+02
9.556000e+03 1.646457e+02
9.557000e+03 1.646499e+02
9.558000e+03 1.659041e+02
9.559000e+03 1.608583e+02
9.560000e+03 1.651987e+02
9.561000e+03 1.632473e+02
9.562000e+03 1.630011e+02
9.563000e+03 1.679435e+02
9.564000e+03 1.651370e+02
9.565000e+03 1.639753e+02
9.566000e+03 1.597845e+02
9.567000e+03 1.677558e+02
9.568000e+03 1.660403e+02
9.569000e+03 1.629091e+02
9.570000e+03 1.654253e+02
9.571000e+03 1.616473e+02
9.572000e+03 1.647722e+02
9.573000e+03 1.663194e+02
9.574000e+03 1.570435e+02
9.575000e+03 1.650320e+02
9.576000e+03 1.654350e+02
9.577000e+03 1.451061e+02
9.578000e+03 1.616168e+02
9.579000e+03 1.667370e+02
9.580000e+03 1.634563e+02
9.581000e+03 1.636073e+02
9.582000e+03 1.670475e+02
9.583000e+03 1.662497e+02
9.584000e+03 1.624742e+02
9.585000e+03 1.671273e+02
9.586000e+03 1.663187e+02
9.587000e+03 1.650737e+02
9.588000e+03 1.679112e+02
9.589000e+03 1.657241e+02
9.590000e+03 1.638657e+02
9.591000e+03 1.660600e+02
9.592000e+03 1.632535e+02
9.593000e+03 1.634339e+02
9.594000e+03 1.657280e+02
9.595000e+03 1.659067e+02
9.596000e+03 1.650549e+02
9.597000e+03 1.658376e+02
9.598000e+03 1.619783e+02
9.599000e+03 1.631315e+02
9.600000e+03 1.585756e+02
9.601000e+03 1.608884e+02
9.602000e+03 1.163015e+02
9.603000e+03 1.543443e+02
9.604000e+03 1.610775e+02
9.605000e+03 1.646026e+02
9.606000e+03 1.611421e+02
9.607000e+03 1.582483e+02
9.608000e+03 1.650941e+02
9.609000e+03 1.643516e+02
9.610000e+03 1.647159e+02
9.611000e+03 1.620836e+02
9.612000e+03 1.649187e+02
9.613000e+03 1.665205e+02
9.614000e+03 1.659650e+02
9.615000e+03 1.627894e+02
9.616000e+03 1.651408e+02
9.617000e+03 1.643233e+02
9.618000e+03 1.657908e+02
9.619000e+03 1.643548e+02
9.620000e+03 1.636954e+02
9.621000e+03 1.661759e+02
9.622000e+03 1.655328e+02
9.623000e+03 1.651397e+02
9.624000e+03 1.663068e+02
9.625000e+03 1.671807e+02
9.626000e+03 1.678550e+02
9.627000e+03 1.656162e+02
9.628000e+03 1.667145e+02
9.629000e+03 1.639066e+02
9.630000e+03 1.669247e+02
9.631000e+03 1.629681e+02
9.632000e+03 1.619105e+02
9.633000e+03 1.677622e+02
9.634000e+03 1.648398e+02
9.635000e+03 1.656608e+02
9.636000e+03 1.664035e+02
9.637000e+03 1.652285e+02
9.638000e+03 1.608523e+02
9.639000e+03 1.567127e+02
9.640000e+03 1.399265e+02
9.641000e+03 8.528576e+01
9.642000e+03 1.451122e+02
9.643000e+03 1.563568e+02
9.644000e+03 1.613039e+02
9.645000e+03 1.648580e+02
9.646000e+03 1.606523e+02
9.647000e+03 1.647051e+02
9.648000e+03 1.624834e+02
9.649000e+03 1.600527e+02
9.650000e+03 1.129706e+02
9.651000e+03 1.599086e+02
9.652000e+03 1.626367e+02
9.653000e+03 1.618713e+02
9.654000e+03 1.600505e+02
9.655000e+03 1.597265e+02
9.656000e+03 1.620183e+02
9.657000e+03 1.637819e+02
9.658000e+03 1.635989e+02
9.659000e+03 1.650163e+02
9.660000e+03 1.653608e+02
9.661000e+03 1.679922e+02
9.662000e+03 1.655428e+02
9.663000e+03 1.628373e+02
9.664000e+03 1.621266e+02
9.665000e+03 1.654002e+02
9.666000e+03 1.618482e+02
9.667000e+03 1.645028e+02
9.668000e+03 1.667276e+02
9.669000e+03 1.658356e+02
9.670000e+03 1.571656e+02
9.671000e+03 1.654376e+02
9.672000e+03 1.605088e+02
9.673000e+03 1.473591e+02
9.674000e+03 1.625615e+02
9.675000e+03 1.621304e+02
9.676000e+03 1.621547e+02
9.677000e+03 1.518555e+02
9.678000e+03 9.368438e+01
9.679000e+03 1.399476e+02
9.680000e+03 1.616261e+02
9.681000e+03 1.643391e+02
9.682000e+03 1.605052e+02
9.683000e+03 1.664749e+02
9.684000e+03 1.654034e+02
9.685000e+03 1.646506e+02
9.686000e+03 1.596451e+02
9.687000e+03 1.648532e+02
9.688000e+03 1.650652e+02
9.689000e+03 1.680028e+02
9.690000e+03 1.644021e+02
9.691000e+03 1.415407e+02
9.692000e+03 1.359102e+02
9.693000e+03 1.649120e+02
9.694000e+03 1.644464e+02
9.695000e+03 1.665414e+02
9.696000e+03 1.663091e+02
9.697000e+03 1.637401e+02
9.698000e+03 1.650524e+02
9.699000e+03 1.688603e+02
9.700000e+03 1.674845e+02
9.701000e+03 1.645604e+02
9.702000e+03 1.664468e+02
9.703000e+03 1.669337e+02
9.704000e+03 1.632380e+02
9.705000e+03 1.642249e+02
9.706000e+03 1.619301e+02
9.707000e+03 1.584289e+02
9.708000e+03 1.062274e+02
9.709000e+03 1.393526e+02
9.710000e+03 1.616839e+02
9.711000e+03 1.635698e+02
9.712000e+03 1.646427e+02
9.713000e+03 1.670641e+02
9.714000e+03 1.651904e+02
9.715000e+03 1.617686e+02
9.716000e+03 1.679141e+02
9.717000e+03 1.656139e+02
9.718000e+03 1.640475e+02
9.719000e+03 1.649533e+02
9.720000e+03 1.557920e+02
9.721000e+03 1.598204e+02
9.722000e+03 1.442075e+02
9.723000e+03 1.585243e+02
9.724000e+03 1.549989e+02
9.725000e+03 1.597549e+02
9.726000e+03 1.595691e+02
9.727000e+03 1.626567e+02
9.728000e+03 1.582402e+02
9.729000e+03 1.577209e+02
9.730000e+03 1.539391e+02
9.731000e+03 1.032623e+02
9.732000e+03 1.517043e+02
9.733000e+03 1.590170e+02
9.734000e+03 1.644338e+02
9.735000e+03 1.647111e+02
9.736000e+03 1.613254e+02
9.737000e+03 1.463038e+02
9.738000e+03 1.600330e+02
9.739000e+03 1.597911e+02
9.740000e+03 1.555979e+02
9.741000e+03 1.586787e+02
9.742000e+03 1.582892e+02
9.743000e+03 1.611181e+02
9.744000e+03 1.603988e+02
9.745000e+03 1.574231e+02
9.746000e+03 1.102027e+02
9.747000e+03 1.463504e+02
9.748000e+03 1.594732e+02
9.749000e+03 1.560344e+02
9.750000e+03 1.519194e+02
9.751000e+03 1.629716e+02
9.752000e+03 1.620387e+02
9.753000e+03 1.622582e+02
9.754000e+03 1.632086e+02
9.755000e+03 1.583252e+02
9.756000e+03 1.618743e+02
9.757000e+03 1.616731e+02
9.758000e+03 1.616082e+02
9.759000e+03 1.617212e+02
9.760000e+03 1.639393e+02
9.761000e+03 1.612342e+02
9.762000e+03 1.628406e+02
9.763000e+03 1.656812e+02
9.764000e+03 1.609277e+02
9.765000e+03 1.620283e+02
9.766000e+03 1.652473e+02
9.767000e+03 1.623558e+02
9.768000e+03 1.657845e+02
9.769000e+03 1.626001e+02
9.770000e+03 1.630294e+02
9.771000e+03 1.576221e+02
9.772000e+03 1.569722e+02
9.773000e+03 1.193270e+02
9.774000e+03 1.561938e+02
9.775000e+03 1.616022e+02
9.776000e+03 1.638502e+02
9.777000e+03 1.629071e+02
9.778000e+03 1.651780e+02
9.779000e+03 1.608467e+02
9.780000e+03 1.652005e+02
9.781000e+03 1.619315e+02
9.782000e+03 1.641558e+02
9.783000e+03 1.615530e+02
9.784000e+03 1.616807e+02
9.785000e+03 1.552114e+02
9.786000e+03 9.180490e+01
9.787000e+03 1.481821e+02
9.788000e+03 1.597595e+02
9.789000e+03 1.578286e+02
9.790000e+03 1.222816e+02
9.791000e+03 1.461730e+02
9.792000e+03 1.591418e+02
9.793000e+03 1.621776e+02
9.794000e+03 1.638229e+02
9.795000e+03 1.589886e+02
9.796000e+03 1.652681e+02
9.797000e+03 1.664866e+02
9.798000e+03 1.595520e+02
9.799000e+03 1.653731e+02
9.800000e+03 1.615498e+02
9.801000e+03 1.655774e+02
9.802000e+03 1.624722e+02
9.803000e+03 1.643494e+02
9.804000e+03 1.647096e+02
9.805000e+03 1.605617e+02
9.806000e+03 1.672832e+02
9.807000e+03 1.646975e+02
9.808000e+03 1.621994e+02
9.809000e+03 1.588466e+02
9.810000e+03 1.530070e+02
9.811000e+03 1.620483e+02
9.812000e+03 1.601716e+02
9.813000e+03 1.627312e+02
9.814000e+03 1.637214e+02
9.815000e+03 1.586511e+02
9.816000e+03 1.579410e+02
9.817000e+03 1.621205e+02
9.818000e+03 1.621809e+02
9.819000e+03 1.645736e+02
9.820000e+03 1.589255e+02
9.821000e+03 1.640287e+02
9.822000e+03 1.623665e+02
9.823000e+03 1.618761e+02
9.824000e+03 1.584642e+02
9.825000e+03 1.600772e+02
9.826000e+03 1.599745e+02
9.827000e+03 1.616498e+02
9.828000e+03 1.585823e+02
9.829000e+03 1.611003e+02
9.830000e+03 1.605245e+02
9.831000e+03 1.601412e+02
9.832000e+03 1.606175e+02
9.833000e+03 1.601243e+02
9.834000e+03 1.600616e+02
9.835000e+03 1.516899e+02
9.836000e+03 1.556680e+02
9.837000e+03 1.615001e+02
9.838000e+03 1.563509e+02
9.839000e+03 1.576248e+02
9.840000e+03 1.599827e+02
9.841000e+03 1.642158e+02
9.842000e+03 1.606189e+02
9.843000e+03 1.606113e+02
9.844000e+03 1.636108e+02
9.845000e+03 1.624462e+02
9.846000e+03 1.601272e+02
9.847000e+03 1.626493e+02
9.848000e+03 1.623910e+02
9.849000e+03 1.611285e+02
9.850000e+03 1.608690e+02
9.851000e+03 1.650901e+02
9.852000e+03 1.597865e+02
9.853000e+03 1.624045e+02
9.854000e+03 1.649747e+02
9.855000e+03 1.585514e+02
9.856000e+03 1.674591e+02
9.857000e+03 1.648103e+02
9.858000e+03 1.624670e+02
9.859000e+03 1.640091e+02
9.860000e+03 1.630556e+02
9.861000e+03 1.656866e+02
9.862000e+03 1.596720e+02
9.863000e+03 1.644000e+02
9.864000e+03 1.625330e+02
9.865000e+03 1.640229e+02
9.866000e+03 1.601267e+02
9.867000e+03 1.661104e+02
9.868000e+03 1.596268e+02
9.869000e+03 1.633529e+02
9.870000e+03 1.644342e+02
9.871000e+03 1.645671e+02
9.872000e+03 1.559159e+02
9.873000e+03 1.673401e+02
9.874000e+03 1.605502e+02
9.875000e+03 1.646677e+02
9.876000e+03 1.629751e+02
9.877000e+03 1.647083e+02
9.878000e+03 1.647603e+02
9.879000e+03 1.651074e+02
9.880000e+03 1.643450e+02
9.881000e+03 1.668331e+02
9.882000e+03 1.616810e+02
9.883000e+03 1.642970e+02
9.884000e+03 1.649611e+02
9.885000e+03 1.639840e+02
9.886000e+03 1.661517e+02
9.887000e+03 1.632102e+02
9.888000e+03 1.673432e+02
9.889000e+03 1.639647e+02
9.890000e+03 1.619156e+02
9.891000e+03 1.661127e+02
9.892000e+03 1.630798e+02
9.893000e+03 1.667896e+02
9.894000e+03 1.632016e+02
9.895000e+03 1.668405e+02
9.896000e+03 1.584120e+02
9.897000e+03 1.580367e+02
9.898000e+03 1.624525e+02
9.899000e+03 1.385025e+02
9.900000e+03 1.552237e+02
9.901000e+03 1.451448e+02
9.902000e+03 1.596821e+02
9.903000e+03 1.627341e+02
9.904000e+03 1.486073e+02
9.905000e+03 1.495438e+02
9.906000e+03 1.366390e+02
9.907000e+03 1.622128e+02
9.908000e+03 1.519210e+02
9.909000e+03 1.344821e+02
9.910000e+03 1.228523e+02
9.911000e+03 1.508084e+02
9.912000e+03 1.500790e+02
9.913000e+03 1.281605e+02
9.914000e+03 1.622919e+02
9.915000e+03 1.371717e+02
9.916000e+03 1.406431e+02
9.917000e+03 1.363408e+02
9.918000e+03 1.359585e+02
9.919000e+03 1.509884e+02
9.920000e+03 1.341076e+02
9.921000e+03 1.295261e+02
9.922000e+03 1.637023e+02
9.923000e+03 1.487351e+02
9.924000e+03 1.443815e+02
9.925000e+03 1.532250e+02
9.926000e+03 1.220707e+02
9.927000e+03 1.454022e+02
9.928000e+03 1.514647e+02
9.929000e+03 1.500249e+02
9.930000e+03 1.365660e+02
9.931000e+03 1.647444e+02
9.932000e+03 1.460303e+02
9.933000e+03 1.556414e+02
9.934000e+03 1.516839e+02
9.935000e+03 1.549974e+02
9.936000e+03 1.377094e+02
9.937000e+03 1.312746e+02
9.938000e+03 1.565281e+02
9.939000e+03 1.535168e+02
9.940000e+03 1.636574e+02
9.941000e+03 1.631068e+02
9.942000e+03 1.431452e+02
9.943000e+03 1.613301e+02
9.944000e+03 1.618874e+02
9.945000e+03 1.556076e+02
9.946000e+03 1.518344e+02
9.947000e+03 1.528508e+02
9.948000e+03 1.415390e+02
9.949000e+03 1.608970e+02
9.950000e+03 1.656800e+02
9.951000e+03 1.543659e+02
9.952000e+03 1.509701e+02
9.953000e+03 1.491496e+02
9.954000e+03 1.659017e+02
9.955000e+03 1.633646e+02
9.956000e+03 1.653337e+02
9.957000e+03 1.402380e+02
9.958000e+03 1.656712e+02
9.959000e+03 1.546593e+02
9.960000e+03 1.520813e+02
9.961000e+03 1.519292e+02
9.962000e+03 1.635565e+02
9.963000e+03 1.518131e+02
9.964000e+03 1.389496e+02
9.965000e+03 1.479651e+02
9.966000e+03 1.643065e+02
9.967000e+03 1.618819e+02
9.968000e+03 1.649360e+02
9.969000e+03 1.624109e+02
9.970000e+03 1.617850e+02
9.971000e+03 1.486740e+02
9.972000e+03 1.605994e+02
9.973000e+03 1.394562e+02
9.974000e+03 1.485606e+02
9.975000e+03 1.517143e+02
9.976000e+03 1.543105e+02
9.977000e+03 1.432318e+02
9.978000e+03 1.474482e+02
9.979000e+03 1.567714e+02
9.980000e+03 1.634061e+02
9.981000e+03 1.581956e+02
9.982000e+03 1.594828e+02
9.983000e+03 1.552738e+02
9.984000e+03 1.578514e+02
9.985000e+03 1.568902e+02
9.986000e+03 1.253361e+02
9.987000e+03 1.535876e+02
9.988000e+03 1.456857e+02
9.989000e+03 1.449167e+02
9.990000e+03 1.641588e+02
9.991000e+03 1.605271e+02
9.992000e+03 1.397885e+02
9.993000e+03 1.428664e+02
9.994000e+03 1.553987e+02
9.995000e+03 1.551653e+02
9.996000e+03 1.622525e+02
9.997000e+03 1.634765e+02
9.998000e+03 1.505306e+02
9.999000e+03 1.407366e+02
1.000000e+04 1.515896e+02
1.000100e+04 1.444001e+02
1.000200e+04 1.632046e+02
1.000300e+04 1.509362e+02
1.000400e+04 1.610013e+02
1.000500e+04 1.585310e+02
1.000600e+04 1.554478e+02
1.000700e+04 1.495972e+02
1.000800e+04 1.585655e+02
1.000900e+04 1.617758e+02
1.001000e+04 1.442247e+02
1.001100e+04 1.594361e+02
1.001200e+04 1.442346e+02
1.001300e+04 1.520214e+02
1.001400e+04 1.494494e+02
1.001500e+04 1.509891e+02
1.001600e+04 1.612911e+02
1.001700e+04 1.498314e+02
1.001800e+04 1.615353e+02
1.001900e+04 1.561566e+02
1.002000e+04 1.601579e+02
1.002100e+04 1.615893e+02
1.002200e+04 1.522930e+02
1.002300e+04 1.504824e+02
1.002400e+04 1.537813e+02
1.002500e+04 1.451907e+02
1.002600e+04 1.612339e+02
1.002700e+04 1.616161e+02
1.002800e+04 1.571781e+02
1.002900e+04 1.593665e+02
1.003000e+04 1.468903e+02
1.003100e+04 1.609887e+02
1.003200e+04 1.616684e+02
1.003300e+04 1.523757e+02
1.003400e+04 1.556314e+02
1.003500e+04 1.573062e+02
1.003600e+04 1.519811e+02
1.003700e+04 1.425883e+02
1.003800e+04 1.561024e+02
1.003900e+04 1.452523e+02
1.004000e+04 1.460923e+02
1.004100e+04 1.592267e+02
1.004200e+04 1.543669e+02
1.004300e+04 1.612483e+02
1.004400e+04 1.484123e+02
1.004500e+04 1.615581e+02
1.004600e+04 1.611800e+02
1.004700e+04 1.593922e+02
1.004800e+04 1.501786e+02
1.004900e+04 1.550319e+02
1.005000e+04 1.609411e+02
1.005100e+04 1.505513e+02
1.005200e+04 1.415632e+02
1.005300e+04 1.425907e+02
1.005400e+04 1.401811e+02
1.005500e+04 1.554965e+02
1.005600e+04 1.460472e+02
1.005700e+04 1.420179e+02
1.005800e+04 1.477858e+02
1.005900e+04 1.336567e+02
1.006000e+04 1.549615e+02
1.006100e+04 1.492193e+02
1.006200e+04 1.418912e+02
1.006300e+04 1.503700e+02
1.006400e+04 1.453277e+02
1.006500e+04 1.495629e+02
1.006600e+04 1.491359e+02
1.006700e+04 1.421336e+02
1.006800e+04 1.564654e+02
1.006900e+04 1.544805e+02
1.007000e+04 1.604977e+02
1.007100e+04 1.581842e+02
1.007200e+04 1.511140e+02
1.007300e+04 1.585374e+02
1.007400e+04 1.514454e+02
1.007500e+04 1.372896e+02
1.007600e+04 1.586848e+02
1.007700e+04 1.613166e+02
1.007800e+04 1.578737e+02
1.007900e+04 1.530199e+02
1.008000e+04 1.562056e+02
1.008100e+04 1.637945e+02
1.008200e+04 1.574658e+02
1.008300e+04 1.517908e+02
1.008400e+04 1.605530e+02
1.008500e+04 1.605010e+02
1.008600e+04 1.517989e+02
1.008700e+04 1.570129e+02
1.008800e+04 1.568461e+02
1.008900e+04 1.563532e+02
1.009000e+04 1.589818e+02
1.009100e+04 1.610919e+02
1.009200e+04 1.342968e+02
1.009300e+04 1.585133e+02
1.009400e+04 1.599302e+02
1.009500e+04 1.521548e+02
1.009600e+04 1.497935e+02
1.009700e+04 1.498022e+02
1.009800e+04 1.578364e+02
1.009900e+04 1.528379e+02
1.010000e+04 1.554494e+02
1.010100e+04 1.634067e+02
1.010200e+04 1.589982e+02
1.010300e+04 1.634718e+02
1.010400e+04 1.598467e+02
1.010500e+04 1.614890e+02
1.010600e+04 1.525308e+02
1.010700e+04 1.639872e+02
1.010800e+04 1.532988e+02
1.010900e+04 1.603095e+02
1.011000e+04 1.558580e+02
1.011100e+04 1.507748e+02
1.011200e+04 1.497375e+02
1.011300e+04 1.555885e+02
1.011400e+04 1.516891e+02
1.011500e+04 1.517268e+02
1.011600e+04 1.571485e+02
1.011700e+04 1.647006e+02
1.011800e+04 1.515895e+02
1.011900e+04 1.445660e+02
1.012000e+04 1.453393e+02
1.012100e+04 1.619605e+02
1.012200e+04 1.538746e+02
1.012300e+04 1.590574e+02
1.012400e+04 1.616465e+02
1.012500e+04 1.628025e+02
1.012600e+04 1.563404e+02
1.012700e+04 1.455053e+02
1.012800e+04 1.644956e+02
1.012900e+04 1.647816e+02
1.013000e+04 1.455291e+02
1.013100e+04 1.630705e+02
1.013200e+04 1.621497e+02
1.013300e+04 1.638911e+02
1.013400e+04 1.626307e+02
1.013500e+04 1.530283e+02
1.013600e+04 1.515825e+02
1.013700e+04 1.559258e+02
1.013800e+04 1.519479e+02
1.013900e+04 1.343990e+02
1.014000e+04 1.644834e+02
1.014100e+04 1.511620e+02
1.014200e+04 1.504835e+02
1.014300e+04 1.516084e+02
1.014400e+04 1.646981e+02
1.014500e+04 1.572766e+02
1.014600e+04 1.561375e+02
1.014700e+04 1.571322e+02
1.014800e+04 1.607027e+02
1.014900e+04 1.463617e+02
1.015000e+04 1.384262e+02
1.015100e+04 1.624455e+02
1.015200e+04 1.560155e+02
1.015300e+04 1.638359e+02
1.015400e+04 1.518671e+02
1.015500e+04 1.625344e+02
1.015600e+04 1.536785e+02
1.015700e+04 1.505833e+02
1.015800e+04 1.569939e+02
1.015900e+04 1.483001e+02
1.016000e+04 1.490876e+02
1.016100e+04 1.491290e+02
1.016200e+04 1.633679e+02
1.016300e+04 1.608916e+02
1.016400e+04 1.524990e+02
1.016500e+04 1.412517e+02
1.016600e+04 1.601425e+02
1.016700e+04 1.506515e+02
1.016800e+04 1.498794e+02
1.016900e+04 1.622555e+02
1.017000e+04 1.583834e+02
1.017100e+04 1.640584e+02
1.017200e+04 1.466368e+02
1.017300e+04 1.549909e+02
1.017400e+04 1.417529e+02
1.017500e+04 1.562379e+02
1.017600e+04 1.602687e+02
1.017700e+04 1.634600e+02
1.017800e+04 1.610016e+02
1.017900e+04 1.608963e+02
1.018000e+04 1.544796e+02
1.018100e+04 1.470450e+02
1.018200e+04 1.614577e+02
1.018300e+04 1.493491e+02
1.018400e+04 1.600934e+02
1.018500e+04 1.477425e+02
1.018600e+04 1.464947e+02
1.018700e+04 1.604357e+02
1.018800e+04 1.414651e+02
1.018900e+04 1.488477e+02
1.019000e+04 1.603920e+02
1.019100e+04 1.628236e+02
1.019200e+04 1.525061e+02
1.019300e+04 1.620286e+02
1.019400e+04 1.591690e+02
1.019500e+04 1.517349e+02
1.019600e+04 1.442658e+02
1.019700e+04 1.614437e+02
1.019800e+04 1.516772e+02
1.019900e+04 1.622644e+02
1.020000e+04 1.599642e+02
1.020100e+04 1.481577e+02
1.020200e+04 1.589793e+02
1.020300e+04 1.513440e+02
1.020400e+04 1.582560e+02
1.020500e+04 1.526051e+02
1.020600e+04 1.570590e+02
1.020700e+04 1.631161e+02
1.020800e+04 1.492919e+02
1.020900e+04 1.571794e+02
1.021000e+04 1.636428e+02
1.021100e+04 1.588274e+02
1.021200e+04 1.603064e+02
1.021300e+04 1.628171e+02
1.021400e+04 1.421428e+02
1.021500e+04 1.608087e+02
1.021600e+04 1.624693e+02
1.021700e+04 1.397880e+02
1.021800e+04 1.630962e+02
1.021900e+04 1.468015e+02
1.022000e+04 1.629454e+02
1.022100e+04 1.440977e+02
1.022200e+04 1.452842e+02
1.022300e+04 1.509661e+02
1.022400e+04 1.475003e+02
1.022500e+04 1.599264e+02
1.022600e+04 1.625625e+02
1.022700e+04 1.595737e+02
1.022800e+04 1.560512e+02
1.022900e+04 1.571062e+02
1.023000e+04 1.475209e+02
1.023100e+04 1.505247e+02
1.023200e+04 1.628493e+02
1.023300e+04 1.604825e+02
1.023400e+04 1.618378e+02
1.023500e+04 1.367199e+02
1.023600e+04 1.631288e+02
1.023700e+04 1.603838e+02
1.023800e+04 1.635101e+02
1.023900e+04 1.608718e+02
1.024000e+04 1.567103e+02
1.024100e+04 1.580404e+02
1.024200e+04 1.606136e+02
1.024300e+04 1.621167e+02
1.024400e+04 1.637480e+02
1.024500e+04 1.642628e+02
1.024600e+04 1.614766e+02
1.024700e+04 1.615971e+02
1.024800e+04 1.514427e+02
1.024900e+04 1.614560e+02
1.025000e+04 1.533855e+02
1.025100e+04 1.644014e+02
1.025200e+04 1.549894e+02
1.025300e+04 1.538331e+02
1.025400e+04 1.478926e+02
1.025500e+04 1.429537e+02
1.025600e+04 1.461663e+02
1.025700e+04 1.513132e+02
1.025800e+04 1.532621e+02
1.025900e+04 1.604866e+02
1.026000e+04 1.538871e+02
1.026100e+04 1.470346e+02
1.026200e+04 1.374324e+02
1.026300e+04 1.419285e+02
1.026400e+04 1.556418e+02
1.026500e+04 1.497998e+02
1.026600e+04 1.404616e+02
1.026700e+04 1.564793e+02
1.026800e+04 1.418978e+02
1.026900e+04 1.583696e+02
1.027000e+04 1.589045e+02
1.027100e+04 1.548163e+02
1.027200e+04 1.499132e+02
1.027300e+04 1.513938e+02
1.027400e+04 1.557753e+02
1.027500e+04 1.503147e+02
1.027600e+04 1.508948e+02
1.027700e+04 1.403442e+02
1.027800e+04 1.538756e+02
1.027900e+04 1.483233e+02
1.028000e+04 1.550826e+02
1.028100e+04 1.553135e+02
1.028200e+04 1.516613e+02
1.028300e+04 1.462205e+02
1.028400e+04 1.558127e+02
1.028500e+04 1.328812e+02
1.028600e+04 1.487765e+02
1.028700e+04 1.481495e+02
1.028800e+04 1.534730e+02
1.028900e+04 1.556400e+02
1.029000e+04 1.564238e+02
1.029100e+04 1.532804e+02
1.029200e+04 1.498460e+02
1.029300e+04 1.396429e+02
1.029400e+04 1.513797e+02
1.029500e+04 1.544437e+02
1.029600e+04 1.558114e+02
1.029700e+04 1.632048e+02
1.029800e+04 1.556760e+02
1.029900e+04 1.595548e+02
1.030000e+04 1.558390e+02
1.030100e+04 1.382048e+02
1.030200e+04 1.623402e+02
1.030300e+04 1.511548e+02
1.030400e+04 1.357201e+02
1.030500e+04 1.518902e+02
1.030600e+04 1.547579e+02
1.030700e+04 1.584919e+02
1.030800e+04 1.595067e+02
1.030900e+04 1.587050e+02
1.031000e+04 1.650706e+02
1.031100e+04 1.506617e+02
1.031200e+04 1.564943e+02
1.031300e+04 1.614931e+02
1.031400e+04 1.554789e+02
1.031500e+04 1.560924e+02
1.031600e+04 1.623103e+02
1.031700e+04 1.528950e+02
1.031800e+04 1.533910e+02
1.031900e+04 1.577247e+02
1.032000e+04 1.482335e+02
1.032100e+04 1.495271e+02
1.032200e+04 1.559617e+02
1.032300e+04 1.630214e+02
1.032400e+04 1.590222e+02
1.032500e+04 1.486103e+02
1.032600e+04 1.427167e+02
1.032700e+04 1.524178e+02
1.032800e+04 1.576448e+02
1.032900e+04 1.569641e+02
1.033000e+04 1.528162e+02
1.033100e+04 1.542118e+02
1.033200e+04 1.590973e+02
1.033300e+04 1.513574e+02
1.033400e+04 1.515426e+02
1.033500e+04 1.558370e+02
1.033600e+04 1.605605e+02
1.033700e+04 1.600363e+02
1.033800e+04 1.596674e+02
1.033900e+04 1.365914e+02
1.034000e+04 1.550460e+02
1.034100e+04 1.607552e+02
1.034200e+04 1.471714e+02
1.034300e+04 1.458004e+02
1.034400e+04 1.487063e+02
1.034500e+04 1.470332e+02
1.034600e+04 1.193469e+02
1.034700e+04 9.406683e+01
1.034800e+04 1.376624e+02
1.034900e+04 1.487529e+02
1.035000e+04 1.522198e+02
1.035100e+04 1.555956e+02
1.035200e+04 1.556784e+02
1.035300e+04 1.395708e+02
1.035400e+04 1.454612e+02
1.035500e+04 1.617361e+02
1.035600e+04 1.558022e+02
1.035700e+04 1.614278e+02
1.035800e+04 1.514461e+02
1.035900e+04 1.512648e+02
1.036000e+04 1.566540e+02
1.036100e+04 1.608470e+02
1.036200e+04 1.599103e+02
1.036300e+04 1.583272e+02
1.036400e+04 1.631260e+02
1.036500e+04 1.620640e+02
1.036600e+04 1.563444e+02
1.036700e+04 1.510624e+02
1.036800e+04 1.628911e+02
1.036900e+04 1.526643e+02
1.037000e+04 1.616173e+02
1.037100e+04 1.434756e+02
1.037200e+04 1.568625e+02
1.037300e+04 1.614643e+02
1.037400e+04 1.622391e+02
1.037500e+04 1.622799e+02
1.037600e+04 1.633180e+02
1.037700e+04 1.619586e+02
1.037800e+04 1.619068e+02
1.037900e+04 1.518257e+02
1.038000e+04 1.561242e+02
1.038100e+04 1.465581e+02
1.038200e+04 1.578386e+02
1.038300e+04 1.463851e+02
1.038400e+04 1.496808e+02
1.038500e+04 1.505652e+02
1.038600e+04 1.595589e+02
1.038700e+04 1.626368e+02
1.038800e+04 1.586727e+02
1.038900e+04 1.589675e+02
1.039000e+04 1.576240e+02
1.039100e+04 1.503903e+02
1.039200e+04 1.585971e+02
1.039300e+04 1.552087e+02
1.039400e+04 1.481816e+02
1.039500e+04 1.505004e+02
1.039600e+04 1.634196e+02
1.039700e+04 1.518205e+02
1.039800e+04 1.499272e+02
1.039900e+04 1.335591e+02
1.040000e+04 1.162646e+02
1.040100e+04 1.571376e+02
1.040200e+04 1.592046e+02
1.040300e+04 1.592289e+02
1.040400e+04 1.563545e+02
1.040500e+04 1.569575e+02
1.040600e+04 1.634294e+02
1.040700e+04 1.611011e+02
1.040800e+04 1.641996e+02
1.040900e+04 1.636673e+02
1.041000e+04 1.615268e+02
1.041100e+04 1.629288e+02
1.041200e+04 1.604676e+02
1.041300e+04 1.500994e+02
1.041400e+04 1.526569e+02
1.041500e+04 1.428055e+02
1.041600e+04 1.471410e+02
1.041700e+04 1.456430e+02
1.041800e+04 1.606541e+02
1.041900e+04 1.517281e+02
1.042000e+04 1.609842e+02
1.042100e+04 1.617239e+02
1.042200e+04 1.560231e+02
1.042300e+04 1.619960e+02
1.042400e+04 1.522819e+02
1.042500e+04 1.548575e+02
1.042600e+04 1.596553e+02
1.042700e+04 1.462070e+02
1.042800e+04 1.469480e+02
1.042900e+04 1.501467e+02
1.043000e+04 1.472470e+02
1.043100e+04 1.449723e+02
1.043200e+04 1.561350e+02
1.043300e+04 1.518487e+02
1.043400e+04 1.607792e+02
1.043500e+04 1.620812e+02
1.043600e+04 1.617650e+02
1.043700e+04 1.485747e+02
1.043800e+04 1.521737e+02
1.043900e+04 1.631866e+02
1.044000e+04 1.617594e+02
1.044100e+04 1.539580e+02
1.044200e+04 1.581673e+02
1.044300e+04 1.635312e+02
1.044400e+04 1.596736e+02
1.044500e+04 1.590551e+02
1.044600e+04 1.634719e+02
1.044700e+04 1.581498e+02
1.044800e+04 1.492158e+02
1.044900e+04 1.556413e+02
1.045000e+04 1.608733e+02
1.045100e+04 1.604543e+02
1.045200e+04 1.635910e+02
1.045300e+04 1.580255e+02
1.045400e+04 1.541457e+02
1.045500e+04 1.633535e+02
1.045600e+04 1.571588e+02
1.045700e+04 1.628591e+02
1.045800e+04 1.626427e+02
1.045900e+04 1.628688e+02
1.046000e+04 1.581474e+02
1.046100e+04 1.575680e+02
1.046200e+04 1.605390e+02
1.046300e+04 1.587579e+02
1.046400e+04 1.538055e+02
1.046500e+04 1.604297e+02
1.046600e+04 1.615942e+02
1.046700e+04 1.548073e+02
1.046800e+04 1.505255e+02
1.046900e+04 1.524265e+02
1.047000e+04 1.420840e+02
1.047100e+04 1.564702e+02
1.047200e+04 1.552947e+02
1.047300e+04 1.518370e+02
1.047400e+04 1.409531e+02
1.047500e+04 1.518259e+02
1.047600e+04 1.629724e+02
1.047700e+04 1.620534e+02
1.047800e+04 1.569015e+02
1.047900e+04 1.552831e+02
1.048000e+04 1.456204e+02
1.048100e+04 1.629453e+02
1.048200e+04 1.574415e+02
1.048300e+04 1.565528e+02
1.048400e+04 1.468670e+02
1.048500e+04 1.520010e+02
1.048600e+04 1.597006e+02
1.048700e+04 1.633500e+02
1.048800e+04 1.575187e+02
1.048900e+04 1.495362e+02
1.049000e+04 1.550589e+02
1.049100e+04 1.574738e+02
1.049200e+04 1.623308e+02
1.049300e+04 1.608289e+02
1.049400e+04 1.606384e+02
1.049500e+04 1.573034e+02
1.049600e+04 1.573282e+02
1.049700e+04 1.588246e+02
1.049800e+04 1.562246e+02
1.049900e+04 1.157177e+02
1.050000e+04 1.562106e+02
1.050100e+04 1.536868e+02
1.050200e+04 1.614375e+02
1.050300e+04 1.616772e+02
1.050400e+04 1.570630e+02
1.050500e+04 1.556030e+02
1.050600e+04 1.574177e+02
1.050700e+04 1.622468e+02
1.050800e+04 1.486405e+02
1.050900e+04 1.623057e+02
1.051000e+04 1.618432e+02
1.051100e+04 1.579519e+02
1.051200e+04 1.571517e+02
1.051300e+04 1.492336e+02
1.051400e+04 1.440534e+02
1.051500e+04 1.555848e+02
1.051600e+04 1.463857e+02
1.051700e+04 1.512688e+02
1.051800e+04 1.626139e+02
1.051900e+04 1.578509e+02
1.052000e+04 1.592201e+02
1.052100e+04 1.564433e+02
1.052200e+04 1.371145e+02
1.052300e+04 1.609707e+02
1.052400e+04 1.452690e+02
1.052500e+04 1.511624e+02
1.052600e+04 1.514836e+02
1.052700e+04 1.527719e+02
1.052800e+04 1.567808e+02
1.052900e+04 1.618584e+02
1.053000e+04 1.607775e+02
1.053100e+04 1.623200e+02
1.053200e+04 1.560786e+02
1.053300e+04 1.602975e+02
1.053400e+04 1.567164e+02
1.053500e+04 1.575766e+02
1.053600e+04 1.629464e+02
1.053700e+04 1.620433e+02
1.053800e+04 1.626635e+02
1.053900e+04 1.527227e+02
1.054000e+04 1.577313e+02
1.054100e+04 1.552747e+02
1.054200e+04 1.518014e+02
1.054300e+04 1.546450e+02
1.054400e+04 1.582659e+02
1.054500e+04 1.451208e+02
1.054600e+04 1.614026e+02
1.054700e+04 1.603425e+02
1.054800e+04 1.614815e+02
1.054900e+04 1.511417e+02
1.055000e+04 1.508758e+02
1.055100e+04 1.606769e+02
1.055200e+04 1.613263e+02
1.055300e+04 1.592378e+02
1.055400e+04 1.600126e+02
1.055500e+04 1.519520e+02
1.055600e+04 1.580040e+02
1.055700e+04 1.500457e+02
1.055800e+04 1.603742e+02
1.055900e+04 1.444957e+02
1.056000e+04 1.566751e+02
1.056100e+04 1.513880e+02
1.056200e+04 1.507561e+02
1.056300e+04 1.617128e+02
1.056400e+04 1.618740e+02
1.056500e+04 1.619383e+02
1.056600e+04 1.602779e+02
1.056700e+04 1.509748e+02
1.056800e+04 1.599806e+02
1.056900e+04 1.577320e+02
1.057000e+04 1.424315e+02
1.057100e+04 1.525098e+02
1.057200e+04 1.587430e+02
1.057300e+04 1.456274e+02
1.057400e+04 1.474870e+02
1.057500e+04 1.563172e+02
1.057600e+04 1.602504e+02
1.057700e+04 1.521456e+02
1.057800e+04 1.568668e+02
1.057900e+04 1.589243e+02
1.058000e+04 1.558574e+02
1.058100e+04 1.602974e+02
1.058200e+04 1.572105e+02
1.058300e+04 1.597014e+02
1.058400e+04 1.579977e+02
1.058500e+04 1.584024e+02
1.058600e+04 1.592697e+02
1.058700e+04 1.385854e+02
1.058800e+04 1.309753e+02
1.058900e+04 1.525917e+02
1.059000e+04 1.580650e+02
1.059100e+04 1.542402e+02
1.059200e+04 1.491440e+02
1.059300e+04 1.521436e+02
1.059400e+04 1.611747e+02
1.059500e+04 1.606669e+02
1.059600e+04 1.455442e+02
1.059700e+04 1.613115e+02
1.059800e+04 1.607847e+02
1.059900e+04 1.579376e+02
1.060000e+04 1.561086e+02
1.060100e+04 1.606252e+02
1.060200e+04 1.580367e+02
1.060300e+04 1.498675e+02
1.060400e+04 1.612416e+02
1.060500e+04 1.611945e+02
1.060600e+04 1.607932e+02
1.060700e+04 1.492267e+02
1.060800e+04 1.505562e+02
1.060900e+04 1.460704e+02
1.061000e+04 1.512715e+02
1.061100e+04 1.500927e+02
1.061200e+04 1.522784e+02
1.061300e+04 1.582984e+02
1.061400e+04 1.537290e+02
1.061500e+04 1.608483e+02
1.061600e+04 1.621395e+02
1.061700e+04 1.607888e+02
1.061800e+04 1.607521e+02
1.061900e+04 1.491129e+02
1.062000e+04 1.511993e+02
1.062100e+04 1.595942e+02
1.062200e+04 1.483743e+02
1.062300e+04 1.608959e+02
1.062400e+04 1.572803e+02
1.062500e+04 1.484059e+02
1.062600e+04 1.615359e+02
1.062700e+04 1.565336e+02
1.062800e+04 1.500605e+02
1.062900e+04 1.557013e+02
1.063000e+04 1.561438e+02
1.063100e+04 1.610252e+02
1.063200e+04 1.604834e+02
1.063300e+04 1.614895e+02
1.063400e+04 1.604782e+02
1.063500e+04 1.498345e+02
1.063600e+04 1.597737e+02
1.063700e+04 1.599321e+02
1.063800e+04 1.610339e+02
1.063900e+04 1.597597e+02
1.064000e+04 1.480144e+02
1.064100e+04 1.580204e+02
1.064200e+04 1.583410e+02
1.064300e+04 1.581797e+02
1.064400e+04 1.574789e+02
1.064500e+04 1.600401e+02
1.064600e+04 1.576246e+02
1.064700e+04 1.495309e+02
1.064800e+04 1.582248e+02
1.064900e+04 1.548506e+02
1.065000e+04 1.580552e+02
1.065100e+04 1.551779e+02
1.065200e+04 1.559861e+02
1.065300e+04 1.570189e+02
1.065400e+04 1.553162e+02
1.065500e+04 1.588879e+02
1.065600e+04 1.483310e+02
1.065700e+04 1.495872e+02
1.065800e+04 1.529514e+02
1.065900e+04 1.425437e+02
1.066000e+04 1.614266e+02
1.066100e+04 1.576594e+02
1.066200e+04 1.618128e+02
1.066300e+04 1.585083e+02
1.066400e+04 1.365118e+02
1.066500e+04 1.343514e+02
1.066600e+04 1.570806e+02
1.066700e+04 1.529964e+02
1.066800e+04 1.535105e+02
1.066900e+04 1.606647e+02
1.067000e+04 1.345188e+02
1.067100e+04 1.583167e+02
1.067200e+04 1.611273e+02
1.067300e+04 1.504295e+02
1.067400e+04 1.571018e+02
1.067500e+04 1.572112e+02
1.067600e+04 1.571920e+02
1.067700e+04 1.552645e+02
1.067800e+04 1.527460e+02
1.067900e+04 1.558746e+02
1.068000e+04 1.336569e+02
1.068100e+04 1.567986e+02
1.068200e+04 1.605354e+02
1.068300e+04 1.587969e+02
1.068400e+04 1.557440e+02
1.068500e+04 1.502757e+02
1.068600e+04 1.564436e+02
1.068700e+04 1.554379e+02
1.068800e+04 1.540304e+02
1.068900e+04 1.563018e+02
1.069000e+04 1.574948e+02
1.069100e+04 1.570549e+02
1.069200e+04 1.559006e+02
1.069300e+04 1.591695e+02
1.069400e+04 1.540319e+02
1.069500e+04 1.579328e+02
1.069600e+04 1.547395e+02
1.069700e+04 1.509143e+02
1.069800e+04 1.601711e+02
1.069900e+04 1.530555e+02
1.070000e+04 1.611464e+02
1.070100e+04 1.561566e+02
1.070200e+04 1.587634e+02
1.070300e+04 1.594125e+02
1.070400e+04 1.555348e+02
1.070500e+04 1.541534e+02
1.070600e+04 1.558797e+02
1.070700e+04 1.543243e+02
1.070800e+04 1.410408e+02
1.070900e+04 1.596624e+02
1.071000e+04 1.585889e+02
1.071100e+04 1.505641e+02
1.071200e+04 1.599992e+02
1.071300e+04 1.577524e+02
1.071400e+04 1.518931e+02
1.071500e+04 1.615014e+02
1.071600e+04 1.583344e+02
1.071700e+04 1.593014e+02
1.071800e+04 1.532956e+02
1.071900e+04 1.594716e+02
1.072000e+04 1.598111e+02
1.072100e+04 1.564242e+02
1.072200e+04 1.494303e+02
1.072300e+04 1.579143e+02
1.072400e+04 1.594147e+02
1.072500e+04 1.593239e+02
1.072600e+04 1.574128e+02
1.072700e+04 1.584019e+02
1.072800e+04 1.581905e+02
1.072900e+04 1.228087e+02
1.073000e+04 1.478971e+02
1.073100e+04 1.547394e+02
1.073200e+04 1.519365e+02
1.073300e+04 1.608086e+02
1.073400e+04 1.602268e+02
1.073500e+04 1.510167e+02
1.073600e+04 1.332516e+02
1.073700e+04 1.522592e+02
1.073800e+04 1.603464e+02
1.073900e+04 1.597498e+02
1.074000e+04 1.497949e+02
1.074100e+04 1.602234e+02
1.074200e+04 1.600799e+02
1.074300e+04 1.509339e+02
1.074400e+04 1.575239e+02
1.074500e+04 1.534286e+02
1.074600e+04 1.543735e+02
1.074700e+04 1.566699e+02
1.074800e+04 1.506875e+02
1.074900e+04 1.502957e+02
1.075000e+04 1.552648e+02
1.075100e+04 1.597242e+02
1.075200e+04 1.539641e+02
1.075300e+04 1.541926e+02
1.075400e+04 1.553340e+02
1.075500e+04 1.601321e+02
1.075600e+04 1.587390e+02
1.075700e+04 1.556624e+02
1.075800e+04 1.522066e+02
1.075900e+04 1.550170e+02
1.076000e+04 1.583249e+02
1.076100e+04 1.517635e+02
1.076200e+04 1.478257e+02
1.076300e+04 1.585218e+02
1.076400e+04 1.601063e+02
1.076500e+04 1.600370e+02
1.076600e+04 1.501042e+02
1.076700e+04 1.552117e+02
1.076800e+04 1.549421e+02
1.076900e+04 1.594028e+02
1.077000e+04 1.546147e+02
1.077100e+04 1.588447e+02
1.077200e+04 1.519539e+02
1.077300e+04 1.614811e+02
1.077400e+04 1.600185e+02
1.077500e+04 1.579748e+02
1.077600e+04 1.600896e+02
1.077700e+04 1.573468e+02
1.077800e+04 1.372072e+02
1.077900e+04 1.606508e+02
1.078000e+04 1.553681e+02
1.078100e+04 1.557484e+02
1.078200e+04 1.607855e+02
1.078300e+04 1.612302e+02
1.078400e+04 1.577784e+02
1.078500e+04 1.588232e+02
1.078600e+04 1.547952e+02
1.078700e+04 1.506912e+02
1.078800e+04 1.582819e+02
1.078900e+04 1.570597e+02
1.079000e+04 1.571565e+02
1.079100e+04 1.604921e+02
1.079200e+04 1.603775e+02
1.079300e+04 1.597027e+02
1.079400e+04 1.533004e+02
1.079500e+04 1.549455e+02
1.079600e+04 1.504519e+02
1.079700e+04 1.493128e+02
1.079800e+04 1.574950e+02
1.079900e+04 1.611337e+02
1.080000e+04 1.520376e+02
1.080100e+04 1.511822e+02
1.080200e+04 1.595206e+02
1.080300e+04 1.546737e+02
1.080400e+04 1.572570e+02
1.080500e+04 1.576832e+02
1.080600e+04 1.564739e+02
1.080700e+04 1.419361e+02
1.080800e+04 1.521403e+02
1.080900e+04 1.568585e+02
1.081000e+04 1.595459e+02
1.081100e+04 1.396548e+02
1.081200e+04 1.559598e+02
1.081300e+04 1.543537e+02
1.081400e+04 1.529112e+02
1.081500e+04 1.503278e+02
1.081600e+04 1.585710e+02
1.081700e+04 1.516313e+02
1.081800e+04 1.568141e+02
1.081900e+04 1.513475e+02
1.082000e+04 1.574808e+02
1.082100e+04 1.576653e+02
1.082200e+04 1.603368e+02
1.082300e+04 1.532761e+02
1.082400e+04 1.505491e+02
1.082500e+04 1.569260e+02
1.082600e+04 1.603893e+02
1.082700e+04 1.577713e+02
1.082800e+04 1.529005e+02
1.082900e+04 1.597055e+02
1.083000e+04 1.570692e+02
1.083100e+04 1.534452e+02
1.083200e+04 1.583106e+02
1.083300e+04 1.600211e+02
1.083400e+04 1.558420e+02
1.083500e+04 1.557159e+02
1.083600e+04 1.543775e+02
1.083700e+04 1.535418e+02
1.083800e+04 1.403174e+02
1.083900e+04 1.566167e+02
1.084000e+04 1.593002e+02
1.084100e+04 1.561549e+02
1.084200e+04 1.587024e+02
1.084300e+04 1.593712e+02
1.084400e+04 1.595477e+02
1.084500e+04 1.580251e+02
1.084600e+04 1.510136e+02
1.084700e+04 1.542431e+02
1.084800e+04 1.560060e+02
1.084900e+04 1.567784e+02
1.085000e+04 1.505379e+02
1.085100e+04 1.580842e+02
1.085200e+04 1.551516e+02
1.085300e+04 1.562679e+02
1.085400e+04 1.448543e+02
1.085500e+04 1.598676e+02
1.085600e+04 1.594101e+02
1.085700e+04 1.549009e+02
1.085800e+04 1.479904e+02
1.085900e+04 1.503562e+02
1.086000e+04 1.544041e+02
1.086100e+04 1.593148e+02
1.086200e+04 1.566031e+02
1.086300e+04 1.542205e+02
1.086400e+04 1.556429e+02
1.086500e+04 1.556993e+02
1.086600e+04 1.507264e+02
1.086700e+04 1.560674e+02
1.086800e+04 1.587008e+02
1.086900e+04 1.602649e+02
1.087000e+04 1.539323e+02
1.087100e+04 1.593338e+02
1.087200e+04 1.529929e+02
1.087300e+04 1.575561e+02
1.087400e+04 1.589798e+02
1.087500e+04 1.596686e+02
1.087600e+04 1.505262e+02
1.087700e+04 1.576347e+02
1.087800e+04 1.569733e+02
1.087900e+04 1.538085e+02
1.088000e+04 1.565381e+02
1.088100e+04 1.597498e+02
1.088200e+04 1.582404e+02
1.088300e+04 1.594053e+02
1.088400e+04 1.597538e+02
1.088500e+04 1.561180e+02
1.088600e+04 1.576990e+02
1.088700e+04 1.543721e+02
1.088800e+04 1.552223e+02
1.088900e+04 1.506506e+02
1.089000e+04 1.545312e+02
1.089100e+04 1.480693e+02
1.089200e+04 1.541605e+02
1.089300e+04 1.584675e+02
1.089400e+04 1.576938e+02
1.089500e+04 1.578408e+02
1.089600e+04 1.596664e+02
1.089700e+04 1.546005e+02
1.089800e+04 1.577532e+02
1.089900e+04 1.518979e+02
1.090000e+04 1.583730e+02
1.090100e+04 1.571268e+02
1.090200e+04 1.570070e+02
1.090300e+04 1.548112e+02
1.090400e+04 1.595904e+02
1.090500e+04 1.592001e+02
1.090600e+04 1.563497e+02
1.090700e+04 1.580808e+02
1.090800e+04 1.555192e+02
1.090900e+04 1.537507e+02
1.091000e+04 1.507474e+02
1.091100e+04 1.513038e+02
1.091200e+04 1.513518e+02
1.091300e+04 1.541829e+02
1.091400e+04 1.467987e+02
1.091500e+04 1.584108e+02
1.091600e+04 1.595635e+02
1.091700e+04 1.562238e+02
1.091800e+04 1.452785e+02
1.091900e+04 1.545785e+02
1.092000e+04 1.573351e+02
1.092100e+04 1.538120e+02
1.092200e+04 1.471082e+02
1.092300e+04 1.575554e+02
1.092400e+04 1.580680e+02
1.092500e+04 1.552046e+02
1.092600e+04 1.521487e+02
1.092700e+04 1.585396e+02
1.092800e+04 1.574403e+02
1.092900e+04 1.541295e+02
1.093000e+04 1.590146e+02
1.093100e+04 1.567227e+02
1.093200e+04 1.562940e+02
1.093300e+04 1.540781e+02
1.093400e+04 1.581091e+02
1.093500e+04 1.553565e+02
1.093600e+04 1.574389e+02
1.093700e+04 1.505799e+02
1.093800e+04 1.561694e+02
1.093900e+04 1.568848e+02
1.094000e+04 1.589714e+02
1.094100e+04 1.577394e+02
1.094200e+04 1.538382e+02
1.094300e+04 1.580771e+02
1.094400e+04 1.567211e+02
1.094500e+04 1.569878e+02
1.094600e+04 1.583461e+02
1.094700e+04 1.556744e+02
1.094800e+04 1.579402e+02
1.094900e+04 1.557816e+02
1.095000e+04 1.573486e+02
1.095100e+04 1.542147e+02
1.095200e+04 1.507380e+02
1.095300e+04 1.572725e+02
1.095400e+04 1.552792e+02
1.095500e+04 1.495655e+02
1.095600e+04 1.574574e+02
1.095700e+04 1.525379e+02
1.095800e+04 1.565099e+02
1.095900e+04 1.539023e+02
1.096000e+04 1.555276e+02
1.096100e+04 1.562502e+02
1.096200e+04 1.533549e+02
1.096300e+04 1.566282e+02
1.096400e+04 1.457822e+02
1.096500e+04 1.522259e+02
1.096600e+04 1.543609e+02
1.096700e+04 1.551541e+02
1.096800e+04 1.562203e+02
1.096900e+04 1.570843e+02
1.097000e+04 1.562498e+02
1.097100e+04 1.571535e+02
1.097200e+04 1.511280e+02
1.097300e+04 1.546019e+02
1.097400e+04 1.525403e+02
1.097500e+04 1.562795e+02
1.097600e+04 1.527045e+02
1.097700e+04 1.534363e+02
1.097800e+04 1.458011e+02
1.097900e+04 1.527115e+02
1.098000e+04 1.556435e+02
1.098100e+04 1.541934e+02
1.098200e+04 1.524850e+02
1.098300e+04 1.539796e+02
1.098400e+04 1.538186e+02
1.098500e+04 1.510010e+02
1.098600e+04 1.393252e+02
1.098700e+04 1.573052e+02
1.098800e+04 1.576370e+02
1.098900e+04 1.550753e+02
1.099000e+04 1.516693e+02
1.099100e+04 1.567784e+02
1.099200e+04 1.545842e+02
1.099300e+04 1.569560e+02
1.099400e+04 1.563851e+02
1.099500e+04 1.538091e+02
1.099600e+04 1.546306e+02
1.099700e+04 1.563043e+02
1.099800e+04 1.545094e+02
1.099900e+04 1.564787e+02
1.100000e+04 1.545552e+02
1.100100e+04 1.481858e+02
1.100200e+04 1.570496e+02
1.100300e+04 1.565640e+02
1.100400e+04 1.506995e+02
1.100500e+04 1.517574e+02
1.100600e+04 1.558849e+02
1.100700e+04 1.573557e+02
1.100800e+04 1.572276e+02
1.100900e+04 1.561328e+02
1.101000e+04 1.507321e+02
1.101100e+04 1.554643e+02
1.101200e+04 1.531604e+02
1.101300e+04 1.550584e+02
1.101400e+04 1.573750e+02
1.101500e+04 1.530368e+02
1.101600e+04 1.470626e+02
1.101700e+04 1.579659e+02
1.101800e+04 1.544739e+02
1.101900e+04 1.455193e+02
1.102000e+04 1.540115e+02
1.102100e+04 1.563267e+02
1.102200e+04 1.555251e+02
1.102300e+04 1.437738e+02
1.102400e+04 1.546893e+02
1.102500e+04 1.441869e+02
1.102600e+04 1.417920e+02
1.102700e+04 1.554360e+02
1.102800e+04 1.559990e+02
1.102900e+04 1.557490e+02
1.103000e+04 1.541881e+02
1.103100e+04 1.553901e+02
1.103200e+04 1.516428e+02
1.103300e+04 1.563946e+02
1.103400e+04 1.425459e+02
1.103500e+04 1.472095e+02
1.103600e+04 1.399561e+02
1.103700e+04 1.532203e+02
1.103800e+04 1.502740e+02
1.103900e+04 1.527070e+02
1.104000e+04 1.513121e+02
1.104100e+04 1.525437e+02
1.104200e+04 1.472337e+02
1.104300e+04 1.516172e+02
1.104400e+04 1.486323e+02
1.104500e+04 1.510403e+02
1.104600e+04 1.539851e+02
1.104700e+04 1.515272e+02
1.104800e+04 1.409891e+02
1.104900e+04 1.448561e+02
1.105000e+04 1.436507e+02
1.105100e+04 1.551065e+02
1.105200e+04 1.469489e+02
1.105300e+04 1.495246e+02
1.105400e+04 1.442809e+02
1.105500e+04 1.503244e+02
1.105600e+04 1.504355e+02
1.105700e+04 1.464061e+02
1.105800e+04 1.452194e+02
1.105900e+04 1.492901e+02
1.106000e+04 1.526230e+02
1.106100e+04 1.516106e+02
1.106200e+04 1.500213e+02
1.106300e+04 1.545794e+02
1.106400e+04 1.467569e+02
1.106500e+04 1.547681e+02
1.106600e+04 1.468360e+02
1.106700e+04 1.553702e+02
1.106800e+04 1.425503e+02
1.106900e+04 1.485122e+02
1.107000e+04 1.471885e+02
1.107100e+04 1.482124e+02
1.107200e+04 1.468697e+02
1.107300e+04 1.518288e+02
1.107400e+04 1.481392e+02
1.107500e+04 1.549133e+02
1.107600e+04 1.515067e+02
1.107700e+04 1.504768e+02
1.107800e+04 1.501262e+02
1.107900e+04 1.498085e+02
1.108000e+04 1.500818e+02
1.108100e+04 1.511376e+02
1.108200e+04 1.399874e+02
1.108300e+04 1.548361e+02
1.108400e+04 1.458839e+02
1.108500e+04 1.533471e+02
1.108600e+04 1.524639e+02
1.108700e+04 1.490777e+02
1.108800e+04 1.503764e+02
1.108900e+04 1.539540e+02
1.109000e+04 1.483191e+02
1.109100e+04 1.497785e+02
1.109200e+04 1.533308e+02
1.109300e+04 1.430273e+02
1.109400e+04 1.499987e+02
1.109500e+04 1.497198e+02
1.109600e+04 1.501226e+02
1.109700e+04 1.522479e+02
1.109800e+04 1.527052e+02
1.109900e+04 1.460539e+02
1.110000e+04 1.441677e+02
1.110100e+04 1.531756e+02
1.110200e+04 1.478924e+02
1.110300e+04 1.491865e+02
1.110400e+04 1.499345e+02
1.110500e+04 1.494366e+02
1.110600e+04 1.494505e+02
1.110700e+04 1.536866e+02
1.110800e+04 1.460507e+02
1.110900e+04 1.494599e+02
1.111000e+04 1.508863e+02
1.111100e+04 1.526429e+02
1.111200e+04 1.390641e+02
1.111300e+04 1.509189e+02
1.111400e+04 1.523724e+02
1.111500e+04 1.454713e+02
1.111600e+04 1.520778e+02
1.111700e+04 1.535651e+02
1.111800e+04 1.535002e+02
1.111900e+04 1.435826e+02
1.112000e+04 1.547513e+02
1.112100e+04 1.544049e+02
1.112200e+04 1.475285e+02
1.112300e+04 1.346510e+02
1.112400e+04 1.527004e+02
1.112500e+04 1.515250e+02
1.112600e+04 1.376184e+02
1.112700e+04 1.492217e+02
1.112800e+04 1.533420e+02
1.112900e+04 1.558515e+02
1.113000e+04 1.472394e+02
1.113100e+04 1.525159e+02
1.113200e+04 1.529487e+02
1.113300e+04 1.460837e+02
1.113400e+04 1.479331e+02
1.113500e+04 1.425167e+02
1.113600e+04 1.535796e+02
1.113700e+04 1.523002e+02
1.113800e+04 1.497106e+02
1.113900e+04 1.469759e+02
1.114000e+04 1.486565e+02
1.114100e+04 1.523101e+02
1.114200e+04 1.526280e+02
1.114300e+04 1.488299e+02
1.114400e+04 1.530708e+02
1.114500e+04 1.538589e+02
1.114600e+04 1.540532e+02
1.114700e+04 1.490834e+02
1.114800e+04 1.547378e+02
1.114900e+04 1.516434e+02
1.115000e+04 1.502273e+02
1.115100e+04 1.486818e+02
1.115200e+04 1.359982e+02
1.115300e+04 1.538438e+02
1.115400e+04 1.531985e+02
1.115500e+04 1.516674e+02
1.115600e+04 1.466478e+02
1.115700e+04 1.532311e+02
1.115800e+04 1.441490e+02
1.115900e+04 1.533772e+02
1.116000e+04 1.428083e+02
1.116100e+04 1.515639e+02
1.116200e+04 1.509058e+02
1.116300e+04 1.477574e+02
1.116400e+04 1.540879e+02
1.116500e+04 1.467974e+02
1.116600e+04 1.517055e+02
1.116700e+04 1.513837e+02
1.116800e+04 1.489128e+02
1.116900e+04 1.512137e+02
1.117000e+04 1.505032e+02
1.117100e+04 1.515898e+02
1.117200e+04 1.530098e+02
1.117300e+04 1.483992e+02
1.117400e+04 1.453862e+02
1.117500e+04 1.502823e+02
1.117600e+04 1.464685e+02
1.117700e+04 1.539995e+02
1.117800e+04 1.446036e+02
1.117900e+04 1.495862e+02
1.118000e+04 1.505397e+02
1.118100e+04 1.511205e+02
1.118200e+04 1.533322e+02
1.118300e+04 1.534313e+02
1.118400e+04 1.463331e+02
1.118500e+04 1.547951e+02
1.118600e+04 1.514059e+02
1.118700e+04 1.533862e+02
1.118800e+04 1.533455e+02
1.118900e+04 1.466493e+02
1.119000e+04 1.500109e+02
1.119100e+04 1.477306e+02
1.119200e+04 1.518091e+02
1.119300e+04 1.443854e+02
1.119400e+04 1.422779e+02
1.119500e+04 1.464318e+02
1.119600e+04 1.526196e+02
1.119700e+04 1.486981e+02
1.119800e+04 1.513009e+02
1.119900e+04 1.508464e+02
1.120000e+04 1.342840e+02
1.120100e+04 1.467138e+02
1.120200e+04 1.506999e+02
1.120300e+04 1.535731e+02
1.120400e+04 1.473382e+02
1.120500e+04 1.463027e+02
1.120600e+04 1.518956e+02
1.120700e+04 1.432609e+02
1.120800e+04 1.527834e+02
1.120900e+04 1.529434e+02
1.121000e+04 1.503923e+02
1.121100e+04 1.461842e+02
1.121200e+04 1.548948e+02
1.121300e+04 1.422486e+02
1.121400e+04 1.514862e+02
1.121500e+04 1.485851e+02
1.121600e+04 1.433787e+02
1.121700e+04 1.531336e+02
1.121800e+04 1.492705e+02
1.121900e+04 1.505095e+02
1.122000e+04 1.530867e+02
1.122100e+04 1.507452e+02
1.122200e+04 1.447798e+02
1.122300e+04 1.478098e+02
1.122400e+04 1.506934e+02
1.122500e+04 1.519300e+02
1.122600e+04 1.462846e+02
1.122700e+04 1.499663e+02
1.122800e+04 1.456833e+02
1.122900e+04 1.517304e+02
1.123000e+04 1.512955e+02
1.123100e+04 1.513145e+02
1.123200e+04 1.536026e+02
1.123300e+04 1.499566e+02
1.123400e+04 1.468825e+02
1.123500e+04 1.548127e+02
1.123600e+04 1.524827e+02
1.123700e+04 1.508040e+02
1.123800e+04 1.494496e+02
1.123900e+04 1.448933e+02
1.124000e+04 1.532864e+02
1.124100e+04 1.528839e+02
1.124200e+04 1.522414e+02
1.124300e+04 1.527247e+02
1.124400e+04 1.504010e+02
1.124500e+04 1.479011e+02
1.124600e+04 1.505211e+02
1.124700e+04 1.470373e+02
1.124800e+04 1.495393e+02
1.124900e+04 1.462480e+02
1.125000e+04 1.507728e+02
1.125100e+04 1.531507e+02
1.125200e+04 1.449582e+02
1.125300e+04 1.467977e+02
1.125400e+04 1.302458e+02
1.125500e+04 1.461335e+02
1.125600e+04 1.322237e+02
1.125700e+04 1.377093e+02
1.125800e+04 1.232113e+02
1.125900e+04 1.440021e+02
1.126000e+04 1.502764e+02
1.126100e+04 1.490344e+02
1.126200e+04 1.447078e+02
1.126300e+04 1.524149e+02
1.126400e+04 1.499619e+02
1.126500e+04 1.516911e+02
1.126600e+04 1.493324e+02
1.126700e+04 1.541303e+02
1.126800e+04 1.511973e+02
1.126900e+04 1.524634e+02
1.127000e+04 1.524482e+02
1.127100e+04 1.495462e+02
1.127200e+04 1.482023e+02
1.127300e+04 1.516291e+02
1.127400e+04 1.472301e+02
1.127500e+04 1.508230e+02
1.127600e+04 1.528845e+02
1.127700e+04 1.502191e+02
1.127800e+04 1.459224e+02
1.127900e+04 1.422487e+02
1.128000e+04 1.504908e+02
1.128100e+04 1.516761e+02
1.128200e+04 1.482443e+02
1.128300e+04 1.521232e+02
1.128400e+04 1.471177e+02
1.128500e+04 1.525667e+02
1.128600e+04 1.512801e+02
1.128700e+04 1.529998e+02
1.128800e+04 1.479647e+02
1.128900e+04 1.521317e+02
1.129000e+04 1.480279e+02
1.129100e+04 1.459318e+02
1.129200e+04 1.533417e+02
1.129300e+04 1.461900e+02
1.129400e+04 1.522118e+02
1.129500e+04 1.510857e+02
1.129600e+04 1.508478e+02
1.129700e+04 1.455500e+02
1.129800e+04 1.535719e+02
1.129900e+04 1.474714e+02
1.130000e+04 1.484613e+02
1.130100e+04 1.506220e+02
1.130200e+04 1.378172e+02
1.130300e+04 1.438780e+02
1.130400e+04 1.436600e+02
1.130500e+04 1.520467e+02
1.130600e+04 1.395050e+02
1.130700e+04 1.501791e+02
1.130800e+04 1.524824e+02
1.130900e+04 1.494105e+02
1.131000e+04 1.528720e+02
1.131100e+04 1.476112e+02
1.131200e+04 1.514425e+02
1.131300e+04 1.473040e+02
1.131400e+04 1.475458e+02
1.131500e+04 1.491127e+02
1.131600e+04 1.513307e+02
1.131700e+04 1.498943e+02
1.131800e+04 1.470710e+02
1.131900e+04 1.518876e+02
1.132000e+04 1.508572e+02
1.132100e+04 1.505858e+02
1.132200e+04 1.456018e+02
1.132300e+04 1.537022e+02
1.132400e+04 1.479841e+02
1.132500e+04 1.520151e+02
1.132600e+04 1.511570e+02
1.132700e+04 1.508214e+02
1.132800e+04 1.514096e+02
1.132900e+04 1.473820e+02
1.133000e+04 1.499347e+02
1.133100e+04 1.495266e+02
1.133200e+04 1.521255e+02
1.133300e+04 1.477603e+02
1.133400e+04 1.518398e+02
1.133500e+04 1.439948e+02
1.133600e+04 1.493320e+02
1.133700e+04 1.491640e+02
1.133800e+04 1.497775e+02
1.133900e+04 1.509388e+02
1.134000e+04 1.496361e+02
1.134100e+04 1.462566e+02
1.134200e+04 1.444499e+02
1.134300e+04 1.477982e+02
1.134400e+04 1.481212e+02
1.134500e+04 1.474152e+02
1.134600e+04 1.464011e+02
1.134700e+04 1.496943e+02
1.134800e+04 1.481418e+02
1.134900e+04 1.485965e+02
1.135000e+04 1.491391e+02
1.135100e+04 1.446716e+02
1.135200e+04 1.470738e+02
1.135300e+04 1.512157e+02
1.135400e+04 1.497145e+02
1.135500e+04 1.514665e+02
1.135600e+04 1.478968e+02
1.135700e+04 1.492780e+02
1.135800e+04 1.517191e+02
1.135900e+04 1.504361e+02
1.136000e+04 1.484922e+02
1.136100e+04 1.436607e+02
1.136200e+04 1.454541e+02
1.136300e+04 1.472211e+02
1.136400e+04 1.462548e+02
1.136500e+04 1.527178e+02
1.136600e+04 1.496059e+02
1.136700e+04 1.489594e+02
1.136800e+04 1.462363e+02
1.136900e+04 1.453779e+02
1.137000e+04 1.476624e+02
1.137100e+04 1.438439e+02
1.137200e+04 1.481020e+02
1.137300e+04 1.477700e+02
1.137400e+04 1.472740e+02
1.137500e+04 1.454184e+02
1.137600e+04 1.441556e+02
1.137700e+04 1.324967e+02
1.137800e+04 1.423768e+02
1.137900e+04 1.421657e+02
1.138000e+04 1.389755e+02
1.138100e+04 1.364321e+02
1.138200e+04 1.301016e+02
1.138300e+04 1.154914e+02
1.138400e+04 7.784044e+01
1.138500e+04 6.802541e+01
1.138600e+04 1.115711e+02
1.138700e+04 1.269104e+02
1.138800e+04 1.360132e+02
1.138900e+04 1.399126e+02
1.139000e+04 1.445322e+02
1.139100e+04 1.445521e+02
1.139200e+04 1.436018e+02
1.139300e+04 1.446548e+02
1.139400e+04 1.362345e+02
1.139500e+04 1.404246e+02
1.139600e+04 1.423785e+02
1.139700e+04 1.462349e+02
1.139800e+04 1.450800e+02
1.139900e+04 1.426618e+02
1.140000e+04 1.425594e+02
1.140100e+04 1.361602e+02
1.140200e+04 1.362165e+02
1.140300e+04 1.325488e+02
1.140400e+04 1.224671e+02
1.140500e+04 1.088957e+02
1.140600e+04 8.421506e+01
1.140700e+04 5.035369e+01
1.140800e+04 9.125034e+01
1.140900e+04 1.137117e+02
1.141000e+04 1.263034e+02
1.141100e+04 1.324421e+02
1.141200e+04 1.322026e+02
1.141300e+04 1.417251e+02
1.141400e+04 1.426689e+02
1.141500e+04 1.428334e+02
1.141600e+04 1.469208e+02
1.141700e+04 1.450073e+02
1.141800e+04 1.466566e+02
1.141900e+04 1.450763e+02
1.142000e+04 1.487271e+02
1.142100e+04 1.469448e+02
1.142200e+04 1.486026e+02
1.142300e+04 1.470328e+02
1.142400e+04 1.448485e+02
1.142500e+04 1.289397e+02
1.142600e+04 1.392466e+02
1.142700e+04 1.486752e+02
1.142800e+04 1.460040e+02
1.142900e+04 1.477638e+02
1.143000e+04 1.495696e+02
1.143100e+04 1.470182e+02
1.143200e+04 1.466910e+02
1.143300e+04 1.490027e+02
1.143400e+04 1.494172e+02
1.143500e+04 1.508453e+02
1.143600e+04 1.467734e+02
1.143700e+04 1.486469e+02
1.143800e+04 1.465903e+02
1.143900e+04 1.480025e+02
1.144000e+04 1.467901e+02
1.144100e+04 1.478229e+02
1.144200e+04 1.256419e+02
1.144300e+04 1.425075e+02
1.144400e+04 1.490495e+02
1.144500e+04 1.488237e+02
1.144600e+04 1.455572e+02
1.144700e+04 1.492700e+02
1.144800e+04 1.482904e+02
1.144900e+04 1.453913e+02
1.145000e+04 1.500461e+02
1.145100e+04 1.486887e+02
1.145200e+04 1.485507e+02
1.145300e+04 1.501892e+02
1.145400e+04 1.446058e+02
1.145500e+04 1.512341e+02
1.145600e+04 1.439128e+02
1.145700e+04 1.473517e+02
1.145800e+04 1.465595e+02
1.145900e+04 1.490358e+02
1.146000e+04 1.505453e+02
1.146100e+04 1.493923e+02
1.146200e+04 1.499088e+02
1.146300e+04 1.474830e+02
1.146400e+04 1.467785e+02
1.146500e+04 1.410348e+02
1.146600e+04 1.478210e+02
1.146700e+04 1.495848e+02
1.146800e+04 1.513319e+02
1.146900e+04 1.473441e+02
1.147000e+04 1.507615e+02
1.147100e+04 1.485847e+02
1.147200e+04 1.486155e+02
1.147300e+04 1.482419e+02
1.147400e+04 1.490714e+02
1.147500e+04 1.499432e+02
1.147600e+04 1.390069e+02
1.147700e+04 1.484772e+02
1.147800e+04 1.486779e+02
1.147900e+04 1.502438e+02
1.148000e+04 1.464340e+02
1.148100e+04 1.457923e+02
1.148200e+04 1.416468e+02
1.148300e+04 1.476866e+02
1.148400e+04 1.479298e+02
1.148500e+04 1.492782e+02
1.148600e+04 1.501389e+02
1.148700e+04 1.473145e+02
1.148800e+04 1.372574e+02
1.148900e+04 1.496052e+02
1.149000e+04 1.516334e+02
1.149100e+04 1.495635e+02
1.149200e+04 1.495323e+02
1.149300e+04 1.433658e+02
1.149400e+04 1.500665e+02
1.149500e+04 1.502004e+02
1.149600e+04 1.498167e+02
1.149700e+04 1.484358e+02
1.149800e+04 1.479223e+02
1.149900e+04 1.490261e+02
1.150000e+04 1.495941e+02
1.150100e+04 1.501224e+02
1.150200e+04 1.491534e+02
1.150300e+04 1.509867e+02
1.150400e+04 1.494101e+02
1.150500e+04 1.497727e+02
1.150600e+04 1.486958e+02
1.150700e+04 1.488414e+02
1.150800e+04 1.486831e+02
1.150900e+04 1.455876e+02
1.151000e+04 1.474529e+02
1.151100e+04 1.505888e+02
1.151200e+04 1.478352e+02
1.151300e+04 1.495814e+02
1.151400e+04 1.500317e+02
1.151500e+04 1.501046e+02
1.151600e+04 1.476041e+02
1.151700e+04 1.469186e+02
1.151800e+04 1.500000e+02
1.151900e+04 1.504648e+02
1.152000e+04 1.432432e+02
1.152100e+04 1.487132e+02
1.152200e+04 1.508345e+02
1.152300e+04 1.497771e+02
1.152400e+04 1.492835e+02
1.152500e+04 1.469474e+02
1.152600e+04 1.483096e+02
1.152700e+04 1.470976e+02
1.152800e+04 1.505071e+02
1.152900e+04 1.479680e+02
1.153000e+04 1.490452e+02
1.153100e+04 1.483032e+02
1.153200e+04 1.492068e+02
1.153300e+04 1.470874e+02
1.153400e+04 1.496711e+02
1.153500e+04 1.491855e+02
1.153600e+04 1.493905e+02
1.153700e+04 1.497447e+02
1.153800e+04 1.476806e+02
1.153900e+04 1.457146e+02
1.154000e+04 1.448904e+02
1.154100e+04 1.421889e+02
1.154200e+04 1.504825e+02
1.154300e+04 1.474248e+02
1.154400e+04 1.487996e+02
1.154500e+04 1.490515e+02
1.154600e+04 1.439367e+02
1.154700e+04 1.459390e+02
1.154800e+04 1.488932e+02
1.154900e+04 1.483560e+02
1.155000e+04 1.487709e+02
1.155100e+04 1.494068e+02
1.155200e+04 1.494102e+02
1.155300e+04 1.487018e+02
1.155400e+04 1.449284e+02
1.155500e+04 1.498113e+02
1.155600e+04 1.448536e+02
1.155700e+04 1.491620e+02
1.155800e+04 1.438497e+02
1.155900e+04 1.475852e+02
1.156000e+04 1.480428e+02
1.156100e+04 1.482477e+02
1.156200e+04 1.504922e+02
1.156300e+04 1.487722e+02
1.156400e+04 1.489952e+02
1.156500e+04 1.479792e+02
1.156600e+04 1.495550e+02
1.156700e+04 1.442384e+02
1.156800e+04 1.450809e+02
1.156900e+04 1.490078e+02
1.157000e+04 1.488014e+02
1.157100e+04 1.440999e+02
1.157200e+04 1.455744e+02
1.157300e+04 1.494136e+02
1.157400e+04 1.498425e+02
1.157500e+04 1.498316e+02
1.157600e+04 1.485806e+02
1.157700e+04 1.476532e+02
1.157800e+04 1.457065e+02
1.157900e+04 1.491284e+02
1.158000e+04 1.471721e+02
1.158100e+04 1.502053e+02
1.158200e+04 1.472511e+02
1.158300e+04 1.488127e+02
1.158400e+04 1.490147e+02
1.158500e+04 1.445743e+02
1.158600e+04 1.486506e+02
1.158700e+04 1.480285e+02
1.158800e+04 1.486129e+02
1.158900e+04 1.477038e+02
1.159000e+04 1.469886e+02
1.159100e+04 1.477000e+02
1.159200e+04 1.477964e+02
1.159300e+04 1.480256e+02
1.159400e+04 1.495857e+02
1.159500e+04 1.472047e+02
1.159600e+04 1.443483e+02
1.159700e+04 1.174254e+02
1.159800e+04 1.413443e+02
1.159900e+04 1.484792e+02
1.160000e+04 1.499420e+02
1.160100e+04 1.485891e+02
1.160200e+04 1.481311e+02
1.160300e+04 1.460059e+02
1.160400e+04 1.455530e+02
1.160500e+04 1.491847e+02
1.160600e+04 1.475329e+02
1.160700e+04 1.463875e+02
1.160800e+04 1.450510e+02
1.160900e+04 1.441329e+02
1.161000e+04 1.374429e+02
1.161100e+04 1.064473e+02
1.161200e+04 1.417383e+02
1.161300e+04 1.418026e+02
1.161400e+04 1.257236e+02
1.161500e+04 1.467186e+02
1.161600e+04 1.472568e+02
1.161700e+04 1.494583e+02
1.161800e+04 1.479414e+02
1.161900e+04 1.467790e+02
1.162000e+04 1.478069e+02
1.162100e+04 1.495470e+02
1.162200e+04 1.491942e+02
1.162300e+04 1.416324e+02
1.162400e+04 1.467420e+02
1.162500e+04 1.457517e+02
1.162600e+04 1.466565e+02
1.162700e+04 1.475482e+02
1.162800e+04 1.480471e+02
1.162900e+04 1.481906e+02
1.163000e+04 1.491917e+02
1.163100e+04 1.461356e+02
1.163200e+04 1.481040e+02
1.163300e+04 1.490836e+02
1.163400e+04 1.489590e+02
1.163500e+04 1.487273e+02
1.163600e+04 1.462119e+02
1.163700e+04 1.437502e+02
1.163800e+04 1.450842e+02
1.163900e+04 1.463683e+02
1.164000e+04 1.451284e+02
1.164100e+04 1.195172e+02
1.164200e+04 1.306808e+02
1.164300e+04 1.458219e+02
1.164400e+04 1.487720e+02
1.164500e+04 1.461175e+02
1.164600e+04 1.493463e+02
1.164700e+04 1.487171e+02
1.164800e+04 1.458896e+02
1.164900e+04 1.488616e+02
1.165000e+04 1.477914e+02
1.165100e+04 1.481880e+02
1.165200e+04 1.485899e+02
1.165300e+04 1.479490e+02
1.165400e+04 1.459051e+02
1.165500e+04 1.461153e+02
1.165600e+04 1.465198e+02
1.165700e+04 1.456079e+02
1.165800e+04 1.401959e+02
1.165900e+04 1.463040e+02
1.166000e+04 1.468404e+02
1.166100e+04 1.481781e+02
1.166200e+04 1.451693e+02
1.166300e+04 1.487568e+02
1.166400e+04 1.496932e+02
1.166500e+04 1.441294e+02
1.166600e+04 1.478659e+02
1.166700e+04 1.450759e+02
1.166800e+04 1.492876e+02
1.166900e+04 1.484810e+02
1.167000e+04 1.472307e+02
1.167100e+04 1.458776e+02
1.167200e+04 1.473685e+02
1.167300e+04 1.466831e+02
1.167400e+04 1.491536e+02
1.167500e+04 1.480991e+02
1.167600e+04 1.493021e+02
1.167700e+04 1.437695e+02
1.167800e+04 1.455447e+02
1.167900e+04 1.437943e+02
1.168000e+04 1.485093e+02
1.168100e+04 1.472724e+02
1.168200e+04 1.469260e+02
1.168300e+04 1.446510e+02
1.168400e+04 1.483462e+02
1.168500e+04 1.471254e+02
1.168600e+04 1.432292e+02
1.168700e+04 1.462857e+02
1.168800e+04 1.459439e+02
1.168900e+04 1.448146e+02
1.169000e+04 1.447001e+02
1.169100e+04 1.409318e+02
1.169200e+04 1.335607e+02
1.169300e+04 8.039385e+01
1.169400e+04 1.039359e+02
1.169500e+04 1.335776e+02
1.169600e+04 1.429923e+02
1.169700e+04 1.449174e+02
1.169800e+04 1.458082e+02
1.169900e+04 1.461951e+02
1.170000e+04 1.457479e+02
1.170100e+04 1.450344e+02
1.170200e+04 1.469343e+02
1.170300e+04 1.472219e+02
1.170400e+04 1.456201e+02
1.170500e+04 1.463337e+02
1.170600e+04 1.469548e+02
1.170700e+04 1.457499e+02
1.170800e+04 1.480884e+02
1.170900e+04 1.447996e+02
1.171000e+04 1.464687e+02
1.171100e+04 1.473818e+02
1.171200e+04 1.467071e+02
1.171300e+04 1.477836e+02
1.171400e+04 1.450226e+02
1.171500e+04 1.469556e+02
1.171600e+04 1.452527e+02
1.171700e+04 1.451738e+02
1.171800e+04 1.468944e+02
1.171900e+04 1.416791e+02
1.172000e+04 1.443380e+02
1.172100e+04 1.475425e+02
1.172200e+04 1.474875e+02
1.172300e+04 1.470453e+02
1.172400e+04 1.472403e+02
1.172500e+04 1.484538e+02
1.172600e+04 1.439250e+02
1.172700e+04 1.465865e+02
1.172800e+04 1.455480e+02
1.172900e+04 1.477410e+02
1.173000e+04 1.476589e+02
1.173100e+04 1.483235e+02
1.173200e+04 1.442013e+02
1.173300e+04 1.457179e+02
1.173400e+04 1.474093e+02
1.173500e+04 1.460352e+02
1.173600e+04 1.469993e+02
1.173700e+04 1.452632e+02
1.173800e+04 1.404958e+02
1.173900e+04 1.409327e+02
1.174000e+04 1.392252e+02
1.174100e+04 1.472580e+02
1.174200e+04 1.444293e+02
1.174300e+04 1.473181e+02
1.174400e+04 1.477482e+02
1.174500e+04 1.463561e+02
1.174600e+04 1.466941e+02
1.174700e+04 1.441536e+02
1.174800e+04 1.471405e+02
1.174900e+04 1.482078e+02
1.175000e+04 1.433566e+02
1.175100e+04 1.467036e+02
1.175200e+04 1.420806e+02
1.175300e+04 1.433370e+02
1.175400e+04 1.441221e+02
1.175500e+04 1.419996e+02
1.175600e+04 1.462145e+02
1.175700e+04 1.438977e+02
1.175800e+04 1.455887e+02
1.175900e+04 1.440892e+02
1.176000e+04 1.457872e+02
1.176100e+04 1.448069e+02
1.176200e+04 1.453041e+02
1.176300e+04 1.415061e+02
1.176400e+04 1.437673e+02
1.176500e+04 1.439908e+02
1.176600e+04 1.451155e+02
1.176700e+04 1.456289e+02
1.176800e+04 1.419423e+02
1.176900e+04 1.433775e+02
1.177000e+04 1.444442e+02
1.177100e+04 1.408097e+02
1.177200e+04 1.348053e+02
1.177300e+04 9.643279e+01
1.177400e+04 1.312044e+02
1.177500e+04 1.177706e+02
1.177600e+04 6.593260e+01
1.177700e+04 1.144342e+02
1.177800e+04 1.325324e+02
1.177900e+04 1.402640e+02
1.178000e+04 1.401512e+02
1.178100e+04 1.429276e+02
1.178200e+04 1.421877e+02
1.178300e+04 1.417747e+02
1.178400e+04 1.322424e+02
1.178500e+04 1.440470e+02
1.178600e+04 1.258003e+02
1.178700e+04 1.277909e+02
1.178800e+04 1.441716e+02
1.178900e+04 1.431509e+02
1.179000e+04 1.457525e+02
1.179100e+04 1.437842e+02
1.179200e+04 1.456513e+02
1.179300e+04 1.420443e+02
1.179400e+04 1.417270e+02
1.179500e+04 1.457115e+02
1.179600e+04 1.450813e+02
1.179700e+04 1.453532e+02
1.179800e+04 1.459344e+02
1.179900e+04 1.435276e+02
1.180000e+04 1.368197e+02
1.180100e+04 1.431981e+02
1.180200e+04 1.421723e+02
1.180300e+04 1.450227e+02
1.180400e+04 1.448414e+02
1.180500e+04 1.437583e+02
1.180600e+04 1.455233e+02
1.180700e+04 1.456657e+02
1.180800e+04 1.447779e+02
1.180900e+04 1.445315e+02
1.181000e+04 1.436558e+02
1.181100e+04 1.420866e+02
1.181200e+04 1.417397e+02
1.181300e+04 1.438354e+02
1.181400e+04 1.446737e+02
1.181500e+04 1.453742e+02
1.181600e+04 1.441790e+02
1.181700e+04 1.433967e+02
1.181800e+04 1.406774e+02
1.181900e+04 1.443547e+02
1.182000e+04 1.446156e+02
1.182100e+04 1.451938e+02
1.182200e+04 1.452105e+02
1.182300e+04 1.424397e+02
1.182400e+04 1.429475e+02
1.182500e+04 1.425646e+02
1.182600e+04 1.444461e+02
1.182700e+04 1.418976e+02
1.182800e+04 1.388523e+02
1.182900e+04 1.375728e+02
1.183000e+04 1.366960e+02
1.183100e+04 1.091904e+02
1.183200e+04 1.174506e+02
1.183300e+04 1.362717e+02
1.183400e+04 1.410682e+02
1.183500e+04 1.412507e+02
1.183600e+04 1.426657e+02
1.183700e+04 1.418337e+02
1.183800e+04 1.439383e+02
1.183900e+04 1.429496e+02
1.184000e+04 1.440654e+02
1.184100e+04 1.426440e+02
1.184200e+04 1.430711e+02
1.184300e+04 1.452115e+02
1.184400e+04 1.428313e+02
1.184500e+04 1.415393e+02
1.184600e+04 1.457747e+02
1.184700e+04 1.457287e+02
1.184800e+04 1.445399e+02
1.184900e+04 1.439600e+02
1.185000e+04 1.435080e+02
1.185100e+04 1.398337e+02
1.185200e+04 1.424174e+02
1.185300e+04 1.415710e+02
1.185400e+04 1.430820e+02
1.185500e+04 1.449820e+02
1.185600e+04 1.420459e+02
1.185700e+04 1.438027e+02
1.185800e+04 1.452112e+02
1.185900e+04 1.450949e+02
1.186000e+04 1.435279e+02
1.186100e+04 1.457698e+02
1.186200e+04 1.436832e+02
1.186300e+04 1.420234e+02
1.186400e+04 1.449091e+02
1.186500e+04 1.455397e+02
1.186600e+04 1.436952e+02
1.186700e+04 1.434632e+02
1.186800e+04 1.441235e+02
1.186900e+04 1.450858e+02
1.187000e+04 1.400081e+02
1.187100e+04 1.455816e+02
1.187200e+04 1.432552e+02
1.187300e+04 1.449998e+02
1.187400e+04 1.437938e+02
1.187500e+04 1.457228e+02
1.187600e+04 1.454550e+02
1.187700e+04 1.445938e+02
1.187800e+04 1.434182e+02
1.187900e+04 1.422645e+02
1.188000e+04 1.430388e+02
1.188100e+04 1.437573e+02
1.188200e+04 1.437059e+02
1.188300e+04 1.408493e+02
1.188400e+04 1.421056e+02
1.188500e+04 1.335881e+02
1.188600e+04 9.129101e+01
1.188700e+04 1.016537e+02
1.188800e+04 1.304445e+02
1.188900e+04 1.407401e+02
1.189000e+04 1.438881e+02
1.189100e+04 1.404610e+02
1.189200e+04 1.431986e+02
1.189300e+04 1.434399e+02
1.189400e+04 1.420913e+02
1.189500e+04 1.433691e+02
1.189600e+04 1.234084e+02
1.189700e+04 1.420986e+02
1.189800e+04 1.434795e+02
1.189900e+04 1.439205e+02
1.190000e+04 1.446758e+02
1.190100e+04 1.412488e+02
1.190200e+04 1.444195e+02
1.190300e+04 1.431062e+02
1.190400e+04 1.447808e+02
1.190500e+04 1.425274e+02
1.190600e+04 1.443545e+02
1.190700e+04 1.449751e+02
1.190800e+04 1.437208e+02
1.190900e+04 1.438570e+02
1.191000e+04 1.439247e+02
1.191100e+04 1.437060e+02
1.191200e+04 1.416805e+02
1.191300e+04 1.407477e+02
1.191400e+04 1.448937e+02
1.191500e+04 1.415054e+02
1.191600e+04 1.425110e+02
1.191700e+04 1.384157e+02
1.191800e+04 1.447054e+02
1.191900e+04 1.441229e+02
1.192000e+04 1.439527e+02
1.192100e+04 1.443017e+02
1.192200e+04 1.441395e+02
1.192300e+04 1.422780e+02
1.192400e+04 1.435397e+02
1.192500e+04 1.431782e+02
1.192600e+04 1.448380e+02
1.192700e+04 1.427009e+02
1.192800e+04 1.430207e+02
1.192900e+04 1.443867e+02
1.193000e+04 1.445925e+02
1.193100e+04 1.433112e+02
1.193200e+04 1.450158e+02
1.193300e+04 1.439048e+02
1.193400e+04 1.421575e+02
1.193500e+04 1.406720e+02
1.193600e+04 1.443862e+02
1.193700e+04 1.407928e+02
1.193800e+04 1.428202e+02
1.193900e+04 1.409076e+02
1.194000e+04 1.402622e+02
1.194100e+04 1.447553e+02
1.194200e+04 1.417471e+02
1.194300e+04 1.417807e+02
1.194400e+04 1.413055e+02
1.194500e+04 1.435646e+02
1.194600e+04 1.444000e+02
1.194700e+04 1.423213e+02
1.194800e+04 1.422688e+02
1.194900e+04 1.454667e+02
1.195000e+04 1.401817e+02
1.195100e+04 1.409703e+02
1.195200e+04 1.379033e+02
1.195300e+04 1.196038e+02
1.195400e+04 1.391440e+02
1.195500e+04 1.399737e+02
1.195600e+04 1.432596e+02
1.195700e+04 1.376410e+02
1.195800e+04 1.402400e+02
1.195900e+04 1.220991e+02
1.196000e+04 1.373147e+02
1.196100e+04 1.379747e+02
1.196200e+04 1.396332e+02
1.196300e+04 1.428588e+02
1.196400e+04 1.404405e+02
1.196500e+04 1.380913e+02
1.196600e+04 1.400106e+02
1.196700e+04 1.438741e+02
1.196800e+04 1.409867e+02
1.196900e+04 1.431533e+02
1.197000e+04 1.407161e+02
1.197100e+04 1.428807e+02
1.197200e+04 1.411170e+02
1.197300e+04 1.386668e+02
1.197400e+04 1.383763e+02
1.197500e+04 1.299979e+02
1.197600e+04 8.874040e+01
1.197700e+04 1.022315e+02
1.197800e+04 1.324203e+02
1.197900e+04 1.393255e+02
1.198000e+04 1.378607e+02
1.198100e+04 1.404597e+02
1.198200e+04 1.433873e+02
1.198300e+04 1.423239e+02
1.198400e+04 1.385769e+02
1.198500e+04 1.407471e+02
1.198600e+04 1.399526e+02
1.198700e+04 1.423145e+02
1.198800e+04 1.419249e+02
1.198900e+04 1.433918e+02
1.199000e+04 1.412443e+02
1.199100e+04 1.401916e+02
1.199200e+04 1.416604e+02
1.199300e+04 1.399866e+02
1.199400e+04 1.411882e+02
1.199500e+04 1.371875e+02
1.199600e+04 1.404031e+02
1.199700e+04 1.416271e+02
1.199800e+04 1.391898e+02
1.199900e+04 1.404825e+02
1.200000e+04 1.416364e+02
1.200100e+04 1.415061e+02
1.200200e+04 1.437557e+02
1.200300e+04 1.434933e+02
1.200400e+04 1.388935e+02
1.200500e+04 1.394414e+02
1.200600e+04 1.440903e+02
1.200700e+04 1.393471e+02
1.200800e+04 1.419481e+02
1.200900e+04 1.436943e+02
1.201000e+04 1.431613e+02
1.201100e+04 1.415766e+02
1.201200e+04 1.387383e+02
1.201300e+04 1.407287e+02
1.201400e+04 1.393197e+02
1.201500e+04 1.446756e+02
1.201600e+04 1.418337e+02
1.201700e+04 1.401172e+02
1.201800e+04 1.435784e+02
1.201900e+04 1.396059e+02
1.202000e+04 1.413702e+02
1.202100e+04 1.412191e+02
1.202200e+04 1.398826e+02
1.202300e+04 1.388858e+02
1.202400e+04 1.418968e+02
1.202500e+04 1.427590e+02
1.202600e+04 1.413970e+02
1.202700e+04 1.435492e+02
1.202800e+04 1.431569e+02
1.202900e+04 1.380669e+02
1.203000e+04 1.410586e+02
1.203100e+04 1.397763e+02
1.203200e+04 1.427330e+02
1.203300e+04 1.411153e+02
1.203400e+04 1.389455e+02
1.203500e+04 1.389149e+02
1.203600e+04 1.385279e+02
1.203700e+04 1.406105e+02
1.203800e+04 1.419601e+02
1.203900e+04 1.429730e+02
1.204000e+04 1.435535e+02
1.204100e+04 1.419528e+02
1.204200e+04 1.421123e+02
1.204300e+04 1.419219e+02
1.204400e+04 1.427398e+02
1.204500e+04 1.424107e+02
1.204600e+04 1.431664e+02
1.204700e+04 1.401464e+02
1.204800e+04 1.413063e+02
1.204900e+04 1.381660e+02
1.205000e+04 1.360539e+02
1.205100e+04 1.439495e+02
1.205200e+04 1.434061e+02
1.205300e+04 1.401597e+02
1.205400e+04 1.398790e+02
1.205500e+04 1.426391e+02
1.205600e+04 1.401845e+02
1.205700e+04 1.434763e+02
1.205800e+04 1.428280e+02
1.205900e+04 1.438659e+02
1.206000e+04 1.422173e+02
1.206100e+04 1.444357e+02
1.206200e+04 1.428235e+02
1.206300e+04 1.431408e+02
1.206400e+04 1.433698e+02
1.206500e+04 1.413703e+02
1.206600e+04 1.406031e+02
1.206700e+04 1.409564e+02
1.206800e+04 1.415416e+02
1.206900e+04 1.400966e+02
1.207000e+04 1.368010e+02
1.207100e+04 1.414066e+02
1.207200e+04 1.411850e+02
1.207300e+04 1.393808e+02
1.207400e+04 1.430858e+02
1.207500e+04 1.412511e+02
1.207600e+04 1.387959e+02
1.207700e+04 1.400046e+02
1.207800e+04 1.404071e+02
1.207900e+04 1.436958e+02
1.208000e+04 1.409336e+02
1.208100e+04 1.419735e+02
1.208200e+04 1.404129e+02
1.208300e+04 1.395283e+02
1.208400e+04 1.416883e+02
1.208500e+04 1.399127e+02
1.208600e+04 1.362241e+02
1.208700e+04 1.285557e+02
1.208800e+04 1.369839e+02
1.208900e+04 1.386113e+02
1.209000e+04 1.360276e+02
1.209100e+04 1.376136e+02
1.209200e+04 1.393652e+02
1.209300e+04 1.392935e+02
1.209400e+04 1.419887e+02
1.209500e+04 1.417100e+02
1.209600e+04 1.427411e+02
1.209700e+04 1.415077e+02
1.209800e+04 1.407634e+02
1.209900e+04 1.423704e+02
1.210000e+04 1.435812e+02
1.210100e+04 1.432820e+02
1.210200e+04 1.422794e+02
1.210300e+04 1.426261e+02
1.210400e+04 1.416285e+02
1.210500e+04 1.392977e+02
1.210600e+04 1.433470e+02
1.210700e+04 1.407975e+02
1.210800e+04 1.422173e+02
1.210900e+04 1.378488e+02
1.211000e+04 1.409389e+02
1.211100e+04 1.427051e+02
1.211200e+04 1.403789e+02
1.211300e+04 1.390233e+02
1.211400e+04 1.375670e+02
1.211500e+04 1.413027e+02
1.211600e+04 1.412424e+02
1.211700e+04 1.400971e+02
1.211800e+04 1.393494e+02
1.211900e+04 1.394306e+02
1.212000e+04 1.435152e+02
1.212100e+04 1.381192e+02
1.212200e+04 1.419719e+02
1.212300e+04 1.395363e+02
1.212400e+04 1.424103e+02
1.212500e+04 1.419077e+02
1.212600e+04 1.425785e+02
1.212700e+04 1.424426e+02
1.212800e+04 1.422212e+02
1.212900e+04 1.397369e+02
1.213000e+04 1.407231e+02
1.213100e+04 1.386236e+02
1.213200e+04 1.403834e+02
1.213300e+04 1.388551e+02
1.213400e+04 1.376885e+02
1.213500e+04 1.425004e+02
1.213600e+04 1.400918e+02
1.213700e+04 1.412007e+02
1.213800e+04 1.427583e+02
1.213900e+04 1.414598e+02
1.214000e+04 1.434490e+02
1.214100e+04 1.431727e+02
1.214200e+04 1.412052e+02
1.214300e+04 1.425092e+02
1.214400e+04 1.404947e+02
1.214500e+04 1.420882e+02
1.214600e+04 1.408843e+02
1.214700e+04 1.396888e+02
1.214800e+04 1.424349e+02
1.214900e+04 1.423563e+02
1.215000e+04 1.424712e+02
1.215100e+04 1.401639e+02
1.215200e+04 1.426011e+02
1.215300e+04 1.413806e+02
1.215400e+04 1.426226e+02
1.215500e+04 1.430460e+02
1.215600e+04 1.408444e+02
1.215700e+04 1.427189e+02
1.215800e+04 1.419203e+02
1.215900e+04 1.420458e+02
1.216000e+04 1.422639e+02
1.216100e+04 1.370658e+02
1.216200e+04 1.379920e+02
1.216300e+04 1.427651e+02
1.216400e+04 1.415541e+02
1.216500e+04 1.378097e+02
1.216600e+04 1.387043e+02
1.216700e+04 1.418251e+02
1.216800e+04 1.412790e+02
1.216900e+04 1.402669e+02
1.217000e+04 1.403384e+02
1.217100e+04 1.406966e+02
1.217200e+04 1.424327e+02
1.217300e+04 1.425763e+02
1.217400e+04 1.401377e+02
1.217500e+04 1.417746e+02
1.217600e+04 1.426056e+02
1.217700e+04 1.428821e+02
1.217800e+04 1.408998e+02
1.217900e+04 1.404304e+02
1.218000e+04 1.430241e+02
1.218100e+04 1.410142e+02
1.218200e+04 1.401566e+02
1.218300e+04 1.433950e+02
1.218400e+04 1.396478e+02
1.218500e+04 1.403966e+02
1.218600e+04 1.413889e+02
1.218700e+04 1.413026e+02
1.218800e+04 1.421238e+02
1.218900e+04 1.414733e+02
1.219000e+04 1.408581e+02
1.219100e+04 1.371193e+02
1.219200e+04 1.407211e+02
1.219300e+04 1.426050e+02
1.219400e+04 1.415163e+02
1.219500e+04 1.419000e+02
1.219600e+04 1.410873e+02
1.219700e+04 1.417724e+02
1.219800e+04 1.402679e+02
1.219900e+04 1.420137e+02
1.220000e+04 1.390684e+02
1.220100e+04 1.384338e+02
1.220200e+04 1.404037e+02
1.220300e+04 1.416098e+02
1.220400e+04 1.394081e+02
1.220500e+04 1.389939e+02
1.220600e+04 1.396126e+02
1.220700e+04 1.420706e+02
1.220800e+04 1.393473e+02
1.220900e+04 1.408230e+02
1.221000e+04 1.427011e+02
1.221100e+04 1.403409e+02
1.221200e+04 1.396042e+02
1.221300e+04 1.421003e+02
1.221400e+04 1.381691e+02
1.221500e+04 1.395337e+02
1.221600e+04 1.415733e+02
1.221700e+04 1.393694e+02
1.221800e+04 1.416123e+02
1.221900e+04 1.389030e+02
1.222000e+04 1.418586e+02
1.222100e+04 1.418772e+02
1.222200e+04 1.397115e+02
1.222300e+04 1.415094e+02
1.222400e+04 1.407569e+02
1.222500e+04 1.374853e+02
1.222600e+04 1.410688e+02
1.222700e+04 1.402229e+02
1.222800e+04 1.407003e+02
1.222900e+04 1.413870e+02
1.223000e+04 1.401774e+02
1.223100e+04 1.397063e+02
1.223200e+04 1.422952e+02
1.223300e+04 1.414139e+02
1.223400e+04 1.407921e+02
1.223500e+04 1.405416e+02
1.223600e+04 1.384983e+02
1.223700e+04 1.394257e+02
1.223800e+04 1.406693e+02
1.223900e+04 1.384589e+02
1.224000e+04 1.392327e+02
1.224100e+04 1.417878e+02
1.224200e+04 1.416089e+02
1.224300e+04 1.402941e+02
1.224400e+04 1.405390e+02
1.224500e+04 1.411066e+02
1.224600e+04 1.395081e+02
1.224700e+04 1.408681e+02
1.224800e+04 1.406686e+02
1.224900e+04 1.410630e+02
1.225000e+04 1.410982e+02
1.225100e+04 1.413027e+02
1.225200e+04 1.408838e+02
1.225300e+04 1.392546e+02
1.225400e+04 1.405644e+02
1.225500e+04 1.401300e+02
1.225600e+04 1.416291e+02
1.225700e+04 1.408023e+02
1.225800e+04 1.401061e+02
1.225900e+04 1.404889e+02
1.226000e+04 1.401878e+02
1.226100e+04 1.415783e+02
1.226200e+04 1.421084e+02
1.226300e+04 1.417327e+02
1.226400e+04 1.397854e+02
1.226500e+04 1.395135e+02
1.226600e+04 1.417436e+02
1.226700e+04 1.395409e+02
1.226800e+04 1.405525e+02
1.226900e+04 1.419300e+02
1.227000e+04 1.410728e+02
1.227100e+04 1.410070e+02
1.227200e+04 1.415069e+02
1.227300e+04 1.391513e+02
1.227400e+04 1.395711e+02
1.227500e+04 1.390613e+02
1.227600e+04 1.380772e+02
1.227700e+04 1.364235e+02
1.227800e+04 1.414054e+02
1.227900e+04 1.404317e+02
1.228000e+04 1.401337e+02
1.228100e+04 1.413432e+02
1.228200e+04 1.410591e+02
1.228300e+04 1.419823e+02
1.228400e+04 1.411182e+02
1.228500e+04 1.408652e+02
1.228600e+04 1.391372e+02
1.228700e+04 1.405222e+02
1.228800e+04 1.416643e+02
1.228900e+04 1.399782e+02
1.229000e+04 1.410671e+02
1.229100e+04 1.394179e+02
1.229200e+04 1.414876e+02
1.229300e+04 1.395740e+02
1.229400e+04 1.400960e+02
1.229500e+04 1.404439e+02
1.229600e+04 1.397227e+02
1.229700e+04 1.383907e+02
1.229800e+04 1.400552e+02
1.229900e+04 1.393581e+02
1.230000e+04 1.415684e+02
1.230100e+04 1.400060e+02
1.230200e+04 1.405762e+02
1.230300e+04 1.408922e+02
1.230400e+04 1.382717e+02
1.230500e+04 1.397515e+02
1.230600e+04 1.396226e+02
1.230700e+04 1.401359e+02
1.230800e+04 1.405632e+02
1.230900e+04 1.407629e+02
1.231000e+04 1.391800e+02
1.231100e+04 1.407241e+02
1.231200e+04 1.378927e+02
1.231300e+04 1.404468e+02
1.231400e+04 1.400946e+02
1.231500e+04 1.372995e+02
1.231600e+04 1.387199e+02
1.231700e+04 1.398543e+02
1.231800e+04 1.378284e+02
1.231900e+04 1.385932e+02
1.232000e+04 1.392665e+02
1.232100e+04 1.397737e+02
1.232200e+04 1.397992e+02
1.232300e+04 1.327153e+02
1.232400e+04 1.369193e+02
1.232500e+04 1.391969e+02
1.232600e+04 1.390262e+02
1.232700e+04 1.386198e+02
1.232800e+04 1.404558e+02
1.232900e+04 1.406825e+02
1.233000e+04 1.403300e+02
1.233100e+04 1.387296e+02
1.233200e+04 1.384764e+02
1.233300e+04 1.380338e+02
1.233400e+04 1.384711e+02
1.233500e+04 1.374970e+02
1.233600e+04 1.381312e+02
1.233700e+04 1.394911e+02
1.233800e+04 1.403318e+02
1.233900e+04 1.407759e+02
1.234000e+04 1.401939e+02
1.234100e+04 1.405804e+02
1.234200e+04 1.377973e+02
1.234300e+04 1.400200e+02
1.234400e+04 1.379009e+02
1.234500e+04 1.398892e+02
1.234600e+04 1.398213e+02
1.234700e+04 1.349555e+02
1.234800e+04 1.412367e+02
1.234900e+04 1.399996e+02
1.235000e+04 1.410065e+02
1.235100e+04 1.393959e+02
1.235200e+04 1.383409e+02
1.235300e+04 1.383102e+02
1.235400e+04 1.395919e+02
1.235500e+04 1.402033e+02
1.235600e+04 1.406706e+02
1.235700e+04 1.395365e+02
1.235800e+04 1.394003e+02
1.235900e+04 1.387635e+02
1.236000e+04 1.389093e+02
1.236100e+04 1.378836e+02
1.236200e+04 1.387793e+02
1.236300e+04 1.409524e+02
1.236400e+04 1.383715e+02
1.236500e+04 1.383123e+02
1.236600e+04 1.388827e+02
1.236700e+04 1.376976e+02
1.236800e+04 1.386539e+02
1.236900e+04 1.398029e+02
1.237000e+04 1.387097e+02
1.237100e+04 1.384377e+02
1.237200e+04 1.389351e+02
1.237300e+04 1.410800e+02
1.237400e+04 1.386385e+02
1.237500e+04 1.404725e+02
1.237600e+04 1.373734e+02
1.237700e+04 1.381352e+02
1.237800e+04 1.387824e+02
1.237900e+04 1.399723e+02
1.238000e+04 1.404264e+02
1.238100e+04 1.392529e+02
1.238200e+04 1.391060e+02
1.238300e+04 1.388708e+02
1.238400e+04 1.395988e+02
1.238500e+04 1.409131e+02
1.238600e+04 1.404942e+02
1.238700e+04 1.388362e+02
1.238800e+04 1.399358e+02
1.238900e+04 1.402612e+02
1.239000e+04 1.373534e+02
1.239100e+04 1.393572e+02
1.239200e+04 1.338575e+02
1.239300e+04 1.336510e+02
1.239400e+04 1.362879e+02
1.239500e+04 1.398452e+02
1.239600e+04 1.372286e+02
1.239700e+04 1.399537e+02
1.239800e+04 1.400656e+02
1.239900e+04 1.388945e+02
1.240000e+04 1.366512e+02
1.240100e+04 1.376065e+02
1.240200e+04 1.373015e+02
1.240300e+04 1.387431e+02
1.240400e+04 1.390904e+02
1.240500e+04 1.383346e+02
1.240600e+04 1.402387e+02
1.240700e+04 1.336560e+02
1.240800e+04 1.379349e+02
1.240900e+04 1.366546e+02
1.241000e+04 1.304074e+02
1.241100e+04 1.321165e+02
1.241200e+04 1.348058e+02
1.241300e+04 1.385945e+02
1.241400e+04 1.358668e+02
1.241500e+04 1.342123e+02
1.241600e+04 1.354474e+02
1.241700e+04 1.383776e+02
1.241800e+04 1.389362e+02
1.241900e+04 1.335038e+02
1.242000e+04 1.350020e+02
1.242100e+04 1.340552e+02
1.242200e+04 1.364381e+02
1.242300e+04 1.365840e+02
1.242400e+04 1.330550e+02
1.242500e+04 1.363000e+02
1.242600e+04 1.364509e+02
1.242700e+04 1.343537e+02
1.242800e+04 1.351745e+02
1.242900e+04 1.359676e+02
1.243000e+04 1.338229e+02
1.243100e+04 1.369325e+02
1.243200e+04 1.362455e+02
1.243300e+04 1.368172e+02
1.243400e+04 1.335823e+02
1.243500e+04 1.200899e+02
1.243600e+04 9.238691e+01
1.243700e+04 1.333552e+02
1.243800e+04 1.347832e+02
1.243900e+04 1.357105e+02
1.244000e+04 1.347027e+02
1.244100e+04 1.380780e+02
1.244200e+04 1.350268e+02
1.244300e+04 1.357894e+02
1.244400e+04 1.375245e+02
1.244500e+04 1.378537e+02
1.244600e+04 1.346789e+02
1.244700e+04 1.359764e+02
1.244800e+04 1.372152e+02
1.244900e+04 1.394266e+02
1.245000e+04 1.368252e+02
1.245100e+04 1.351417e+02
1.245200e+04 1.392783e+02
1.245300e+04 1.366024e+02
1.245400e+04 1.383536e+02
1.245500e+04 1.360123e+02
1.245600e+04 1.360961e+02
1.245700e+04 1.348255e+02
1.245800e+04 1.384894e+02
1.245900e+04 1.361307e+02
1.246000e+04 1.388796e+02
1.246100e+04 1.366645e+02
1.246200e+04 1.371906e+02
1.246300e+04 1.341604e+02
1.246400e+04 1.373222e+02
1.246500e+04 1.380694e+02
1.246600e+04 1.352139e+02
1.246700e+04 1.391424e+02
1.246800e+04 1.366041e+02
1.246900e+04 1.354632e+02
1.247000e+04 1.348983e+02
1.247100e+04 1.384316e+02
1.247200e+04 1.342480e+02
1.247300e+04 1.374754e+02
1.247400e+04 1.383476e+02
1.247500e+04 1.356356e+02
1.247600e+04 1.366721e+02
1.247700e+04 1.362572e+02
1.247800e+04 1.351374e+02
1.247900e+04 1.349050e+02
1.248000e+04 1.369145e+02
1.248100e+04 1.341143e+02
1.248200e+04 1.363120e+02
1.248300e+04 1.379099e+02
1.248400e+04 1.386180e+02
1.248500e+04 1.366839e+02
1.248600e+04 1.360208e+02
1.248700e+04 1.379266e+02
1.248800e+04 1.343447e+02
1.248900e+04 1.372536e+02
1.249000e+04 1.362221e+02
1.249100e+04 1.379167e+02
1.249200e+04 1.341568e+02
1.249300e+04 1.367880e+02
1.249400e+04 1.398063e+02
1.249500e+04 1.390503e+02
1.249600e+04 1.358036e+02
1.249700e+04 1.340548e+02
1.249800e+04 1.386740e+02
1.249900e+04 1.356474e+02
1.250000e+04 1.364550e+02
1.250100e+04 1.338740e+02
1.250200e+04 1.357821e+02
1.250300e+04 1.329917e+02
1.250400e+04 1.389263e+02
1.250500e+04 1.360744e+02
1.250600e+04 1.380469e+02
1.250700e+04 1.388444e+02
1.250800e+04 1.383465e+02
1.250900e+04 1.333492e+02
1.251000e+04 1.381211e+02
1.251100e+04 1.385074e+02
1.251200e+04 1.369669e+02
1.251300e+04 1.377811e+02
1.251400e+04 1.357743e+02
1.251500e+04 1.335612e+02
1.251600e+04 1.378058e+02
1.251700e+04 1.354314e+02
1.251800e+04 1.339035e+02
1.251900e+04 1.340712e+02
1.252000e+04 1.320536e+02
1.252100e+04 1.355578e+02
1.252200e+04 1.352907e+02
1.252300e+04 1.359190e+02
1.252400e+04 1.318582e+02
1.252500e+04 1.018101e+02
1.252600e+04 9.433078e+01
1.252700e+04 1.273420e+02
1.252800e+04 1.327541e+02
1.252900e+04 1.344801e+02
1.253000e+04 1.352182e+02
1.253100e+04 1.355415e+02
1.253200e+04 1.354380e+02
1.253300e+04 1.377234e+02
1.253400e+04 1.364340e+02
1.253500e+04 1.376499e+02
1.253600e+04 1.313941e+02
1.253700e+04 1.342647e+02
1.253800e+04 1.375895e+02
1.253900e+04 1.354779e+02
1.254000e+04 1.383799e+02
1.254100e+04 1.371994e+02
1.254200e+04 1.364539e+02
1.254300e+04 1.380083e+02
1.254400e+04 1.360968e+02
1.254500e+04 1.364317e+02
1.254600e+04 1.327773e+02
1.254700e+04 1.371585e+02
1.254800e+04 1.362825e+02
1.254900e+04 1.367823e+02
1.255000e+04 1.376126e+02
1.255100e+04 1.318931e+02
1.255200e+04 1.346839e+02
1.255300e+04 1.359920e+02
1.255400e+04 1.336815e+02
1.255500e+04 1.359455e+02
1.255600e+04 1.342748e+02
1.255700e+04 1.369842e+02
1.255800e+04 1.342903e+02
1.255900e+04 1.353134e+02
1.256000e+04 1.346866e+02
1.256100e+04 1.340330e+02
1.256200e+04 1.344736e+02
1.256300e+04 1.374266e+02
1.256400e+04 1.367104e+02
1.256500e+04 1.360625e+02
1.256600e+04 1.379103e+02
1.256700e+04 1.347428e+02
1.256800e+04 1.352344e+02
1.256900e+04 1.354461e+02
1.257000e+04 1.363724e+02
1.257100e+04 1.351797e+02
1.257200e+04 1.350889e+02
1.257300e+04 1.314957e+02
1.257400e+04 1.367141e+02
1.257500e+04 1.344787e+02
1.257600e+04 1.355630e+02
1.257700e+04 1.358991e+02
1.257800e+04 1.328501e+02
1.257900e+04 1.355011e+02
1.258000e+04 1.351329e+02
1.258100e+04 1.353599e+02
1.258200e+04 1.353290e+02
1.258300e+04 1.364966e+02
1.258400e+04 1.345112e+02
1.258500e+04 1.372473e+02
1.258600e+04 1.350565e+02
1.258700e+04 1.378879e+02
1.258800e+04 1.350973e+02
1.258900e+04 1.367620e+02
1.259000e+04 1.329441e+02
1.259100e+04 1.349816e+02
1.259200e+04 1.355970e+02
1.259300e+04 1.370403e+02
1.259400e+04 1.332032e+02
1.259500e+04 1.347233e+02
1.259600e+04 1.337577e+02
1.259700e+04 1.340120e+02
1.259800e+04 1.348599e+02
1.259900e+04 1.349607e+02
1.260000e+04 1.342196e+02
1.260100e+04 1.376639e+02
1.260200e+04 1.342177e+02
1.260300e+04 1.357883e+02
1.260400e+04 1.288428e+02
1.260500e+04 1.338344e+02
1.260600e+04 1.353847e+02
1.260700e+04 1.363915e+02
1.260800e+04 1.355074e+02
1.260900e+04 1.368736e+02
1.261000e+04 1.347892e+02
1.261100e+04 1.343097e+02
1.261200e+04 1.365118e+02
1.261300e+04 1.358830e+02
1.261400e+04 1.336286e+02
1.261500e+04 1.342059e+02
1.261600e+04 1.362718e+02
1.261700e+04 1.351385e+02
1.261800e+04 1.365669e+02
1.261900e+04 1.335449e+02
1.262000e+04 1.353051e+02
1.262100e+04 1.341169e+02
1.262200e+04 1.364229e+02
1.262300e+04 1.356289e+02
1.262400e+04 1.325405e+02
1.262500e+04 1.355358e+02
1.262600e+04 1.367925e+02
1.262700e+04 1.338456e+02
1.262800e+04 1.359471e+02
1.262900e+04 1.368611e+02
1.263000e+04 1.342489e+02
1.263100e+04 1.354084e+02
1.263200e+04 1.332966e+02
1.263300e+04 1.361945e+02
1.263400e+04 1.347296e+02
1.263500e+04 1.353608e+02
1.263600e+04 1.324757e+02
1.263700e+04 1.368262e+02
1.263800e+04 1.347419e+02
1.263900e+04 1.345360e+02
1.264000e+04 1.339224e+02
1.264100e+04 1.366153e+02
1.264200e+04 1.290013e+02
1.264300e+04 1.318077e+02
1.264400e+04 1.330691e+02
1.264500e+04 1.356727e+02
1.264600e+04 1.338058e+02
1.264700e+04 1.345731e+02
1.264800e+04 1.354999e+02
1.264900e+04 1.345702e+02
1.265000e+04 1.343883e+02
1.265100e+04 1.373758e+02
1.265200e+04 1.341544e+02
1.265300e+04 1.363959e+02
1.265400e+04 1.324680e+02
1.265500e+04 1.371832e+02
1.265600e+04 1.367379e+02
1.265700e+04 1.346156e+02
1.265800e+04 1.340255e+02
1.265900e+04 1.355983e+02
1.266000e+04 1.366733e+02
1.266100e+04 1.326030e+02
1.266200e+04 1.336855e+02
1.266300e+04 1.331258e+02
1.266400e+04 1.358114e+02
1.266500e+04 1.345449e+02
1.266600e+04 1.371802e+02
1.266700e+04 1.346495e+02
1.266800e+04 1.351545e+02
1.266900e+04 1.338324e+02
1.267000e+04 1.369313e+02
1.267100e+04 1.363292e+02
1.267200e+04 1.334672e+02
1.267300e+04 1.350582e+02
1.267400e+04 1.321763e+02
1.267500e+04 1.268124e+02
1.267600e+04 1.330885e+02
1.267700e+04 1.333800e+02
1.267800e+04 1.331662e+02
1.267900e+04 1.350414e+02
1.268000e+04 1.331602e+02
1.268100e+04 1.278031e+02
1.268200e+04 1.135006e+02
1.268300e+04 1.010214e+02
1.268400e+04 1.270960e+02
1.268500e+04 1.329410e+02
1.268600e+04 1.331791e+02
1.268700e+04 1.330535e+02
1.268800e+04 1.343975e+02
1.268900e+04 1.350546e+02
1.269000e+04 1.365428e+02
1.269100e+04 1.328979e+02
1.269200e+04 1.338403e+02
1.269300e+04 1.354002e+02
1.269400e+04 1.362997e+02
1.269500e+04 1.357681e+02
1.269600e+04 1.355420e+02
1.269700e+04 1.344512e+02
1.269800e+04 1.307925e+02
1.269900e+04 1.349516e+02
1.270000e+04 1.355645e+02
1.270100e+04 1.317752e+02
1.270200e+04 1.321715e+02
1.270300e+04 1.331831e+02
1.270400e+04 1.361701e+02
1.270500e+04 1.330148e+02
1.270600e+04 1.334612e+02
1.270700e+04 1.350714e+02
1.270800e+04 1.337517e+02
1.270900e+04 1.320492e+02
1.271000e+04 1.356537e+02
1.271100e+04 1.351538e+02
1.271200e+04 1.335272e+02
1.271300e+04 1.346041e+02
1.271400e+04 1.340149e+02
1.271500e+04 1.339573e+02
1.271600e+04 1.361887e+02
1.271700e+04 1.362230e+02
1.271800e+04 1.349893e+02
1.271900e+04 1.359169e+02
1.272000e+04 1.330127e+02
1.272100e+04 1.352760e+02
1.272200e+04 1.342169e+02
1.272300e+04 1.356276e+02
1.272400e+04 1.348843e+02
1.272500e+04 1.360906e+02
1.272600e+04 1.353187e+02
1.272700e+04 1.355241e+02
1.272800e+04 1.363069e+02
1.272900e+04 1.331198e+02
1.273000e+04 1.346599e+02
1.273100e+04 1.340122e+02
1.273200e+04 1.359728e+02
1.273300e+04 1.336788e+02
1.273400e+04 1.350438e+02
1.273500e+04 1.338785e+02
1.273600e+04 1.365183e+02
1.273700e+04 1.337684e+02
1.273800e+04 1.335144e+02
1.273900e+04 1.347329e+02
1.274000e+04 1.346488e+02
1.274100e+04 1.318981e+02
1.274200e+04 1.229827e+02
1.274300e+04 1.348869e+02
1.274400e+04 1.328417e+02
1.274500e+04 1.286683e+02
1.274600e+04 1.333580e+02
1.274700e+04 1.335603e+02
1.274800e+04 1.325199e+02
1.274900e+04 1.321354e+02
1.275000e+04 1.341807e+02
1.275100e+04 1.320967e+02
1.275200e+04 1.344481e+02
1.275300e+04 1.338892e+02
1.275400e+04 1.333238e+02
1.275500e+04 1.320798e+02
1.275600e+04 1.320583e+02
1.275700e+04 1.361528e+02
1.275800e+04 1.346132e+02
1.275900e+04 1.346028e+02
1.276000e+04 1.344235e+02
1.276100e+04 1.348744e+02
1.276200e+04 1.341737e+02
1.276300e+04 1.349694e+02
1.276400e+04 1.360303e+02
1.276500e+04 1.328273e+02
1.276600e+04 1.335181e+02
1.276700e+04 1.344989e+02
1.276800e+04 1.353344e+02
1.276900e+04 1.331900e+02
1.277000e+04 1.332643e+02
1.277100e+04 1.353883e+02
1.277200e+04 1.325728e+02
1.277300e+04 1.334341e+02
1.277400e+04 1.363995e+02
1.277500e+04 1.324415e+02
1.277600e+04 1.331897e+02
1.277700e+04 1.353563e+02
1.277800e+04 1.357949e+02
1.277900e+04 1.343869e+02
1.278000e+04 1.329741e+02
1.278100e+04 1.310343e+02
1.278200e+04 1.346377e+02
1.278300e+04 1.348775e+02
1.278400e+04 1.339945e+02
1.278500e+04 1.342610e+02
1.278600e+04 1.333103e+02
1.278700e+04 1.329550e+02
1.278800e+04 1.331251e+02
1.278900e+04 1.341685e+02
1.279000e+04 1.348112e+02
1.279100e+04 1.356155e+02
1.279200e+04 1.351318e+02
1.279300e+04 1.345575e+02
1.279400e+04 1.350862e+02
1.279500e+04 1.329191e+02
1.279600e+04 1.347468e+02
1.279700e+04 1.354108e+02
1.279800e+04 1.332821e+02
1.279900e+04 1.333805e+02
1.280000e+04 1.334535e+02
1.280100e+04 1.353940e+02
1.280200e+04 1.346228e+02
1.280300e+04 1.334972e+02
1.280400e+04 1.349784e+02
1.280500e+04 1.316353e+02
1.280600e+04 1.350121e+02
1.280700e+04 1.334568e+02
1.280800e+04 1.305161e+02
1.280900e+04 1.343981e+02
1.281000e+04 1.341077e+02
1.281100e+04 1.343558e+02
1.281200e+04 1.341364e+02
1.281300e+04 1.346575e+02
1.281400e+04 1.328666e+02
1.281500e+04 1.276047e+02
1.281600e+04 1.328980e+02
1.281700e+04 1.313229e+02
1.281800e+04 1.327286e+02
1.281900e+04 1.213420e+02
1.282000e+04 1.202998e+02
1.282100e+04 1.321519e+02
1.282200e+04 1.321893e+02
1.282300e+04 1.336977e+02
1.282400e+04 1.324039e+02
1.282500e+04 1.039885e+02
1.282600e+04 1.268247e+02
1.282700e+04 1.200948e+02
1.282800e+04 1.258455e+02
1.282900e+04 1.326930e+02
1.283000e+04 1.315878e+02
1.283100e+04 1.295953e+02
1.283200e+04 1.313548e+02
1.283300e+04 1.321583e+02
1.283400e+04 1.294363e+02
1.283500e+04 1.089909e+02
1.283600e+04 1.309099e+02
1.283700e+04 1.331126e+02
1.283800e+04 1.345300e+02
1.283900e+04 1.348294e+02
1.284000e+04 1.314029e+02
1.284100e+04 1.317704e+02
1.284200e+04 1.319133e+02
1.284300e+04 1.345482e+02
1.284400e+04 1.317166e+02
1.284500e+04 1.325455e+02
1.284600e+04 1.334784e+02
1.284700e+04 1.333061e+02
1.284800e+04 1.325052e+02
1.284900e+04 1.316909e+02
1.285000e+04 1.212972e+02
1.285100e+04 1.150134e+02
1.285200e+04 1.313316e+02
1.285300e+04 1.339162e+02
1.285400e+04 1.331658e+02
1.285500e+04 1.333541e+02
1.285600e+04 1.343881e+02
1.285700e+04 1.340601e+02
1.285800e+04 1.325552e+02
1.285900e+04 1.316678e+02
1.286000e+04 1.303967e+02
1.286100e+04 1.311600e+02
1.286200e+04 1.305274e+02
1.286300e+04 1.322307e+02
1.286400e+04 1.315897e+02
1.286500e+04 1.329992e+02
1.286600e+04 1.304184e+02
1.286700e+04 1.342274e+02
1.286800e+04 1.307232e+02
1.286900e+04 1.338819e+02
1.287000e+04 1.327896e+02
1.287100e+04 1.342178e+02
1.287200e+04 1.333489e+02
1.287300e+04 1.334433e+02
1.287400e+04 1.346196e+02
1.287500e+04 1.335549e+02
1.287600e+04 1.321710e+02
1.287700e+04 1.320242e+02
1.287800e+04 1.292616e+02
1.287900e+04 1.341510e+02
1.288000e+04 1.343784e+02
1.288100e+04 1.337181e+02
1.288200e+04 1.342945e+02
1.288300e+04 1.255717e+02
1.288400e+04 1.313676e+02
1.288500e+04 1.308163e+02
1.288600e+04 1.304047e+02
1.288700e+04 1.310574e+02
1.288800e+04 1.329741e+02
1.288900e+04 1.277037e+02
1.289000e+04 1.342630e+02
1.289100e+04 1.340683e+02
1.289200e+04 1.314298e+02
1.289300e+04 1.326946e+02
1.289400e+04 1.335937e+02
1.289500e+04 1.318133e+02
1.289600e+04 1.311081e+02
1.289700e+04 1.343755e+02
1.289800e+04 1.308944e+02
1.289900e+04 1.323228e+02
1.290000e+04 1.308727e+02
1.290100e+04 1.314600e+02
1.290200e+04 1.280500e+02
1.290300e+04 9.468418e+01
1.290400e+04 1.176233e+02
1.290500e+04 1.292201e+02
1.290600e+04 1.312368e+02
1.290700e+04 1.310093e+02
1.290800e+04 1.337533e+02
1.290900e+04 1.322110e+02
1.291000e+04 1.315432e+02
1.291100e+04 1.310827e+02
1.291200e+04 1.278551e+02
1.291300e+04 1.243190e+02
1.291400e+04 1.247989e+02
1.291500e+04 1.313228e+02
1.291600e+04 1.309185e+02
1.291700e+04 1.295805e+02
1.291800e+04 1.340838e+02
1.291900e+04 1.302321e+02
1.292000e+04 1.327107e+02
1.292100e+04 1.315480e+02
1.292200e+04 1.338098e+02
1.292300e+04 1.304037e+02
1.292400e+04 1.310876e+02
1.292500e+04 1.307553e+02
1.292600e+04 1.319496e+02
1.292700e+04 1.316748e+02
1.292800e+04 1.312050e+02
1.292900e+04 1.319360e+02
1.293000e+04 1.320458e+02
1.293100e+04 1.304508e+02
1.293200e+04 1.308536e+02
1.293300e+04 1.305237e+02
1.293400e+04 1.339590e+02
1.293500e+04 1.334917e+02
1.293600e+04 1.325167e+02
1.293700e+04 1.329262e+02
1.293800e+04 1.304972e+02
1.293900e+04 1.317347e+02
1.294000e+04 1.277424e+02
1.294100e+04 1.311867e+02
1.294200e+04 1.343062e+02
1.294300e+04 1.326584e+02
1.294400e+04 1.345618e+02
1.294500e+04 1.333471e+02
1.294600e+04 1.292828e+02
1.294700e+04 1.316253e+02
1.294800e+04 1.320528e+02
1.294900e+04 1.277616e+02
1.295000e+04 1.280558e+02
1.295100e+04 1.334191e+02
1.295200e+04 1.320935e+02
1.295300e+04 1.328913e+02
1.295400e+04 1.317576e+02
1.295500e+04 1.314822e+02
1.295600e+04 1.320290e+02
1.295700e+04 1.323312e+02
1.295800e+04 1.343395e+02
1.295900e+04 1.303634e+02
1.296000e+04 1.336770e+02
1.296100e+04 1.329030e+02
1.296200e+04 1.312951e+02
1.296300e+04 1.333500e+02
1.296400e+04 1.329149e+02
1.296500e+04 1.313688e+02
1.296600e+04 1.337884e+02
1.296700e+04 1.339577e+02
1.296800e+04 1.313760e+02
1.296900e+04 1.306423e+02
1.297000e+04 1.327267e+02
1.297100e+04 1.322966e+02
1.297200e+04 1.310652e+02
1.297300e+04 1.318074e+02
1.297400e+04 1.322371e+02
1.297500e+04 1.327459e+02
1.297600e+04 1.317326e+02
1.297700e+04 1.319009e+02
1.297800e+04 1.309463e+02
1.297900e+04 1.237556e+02
1.298000e+04 1.255980e+02
1.298100e+04 1.326355e+02
1.298200e+04 1.326202e+02
1.298300e+04 1.307695e+02
1.298400e+04 1.322223e+02
1.298500e+04 1.302059e+02
1.298600e+04 1.334388e+02
1.298700e+04 1.325488e+02
1.298800e+04 1.318719e+02
1.298900e+04 1.332817e+02
1.299000e+04 1.317379e+02
1.299100e+04 1.268675e+02
1.299200e+04 1.294289e+02
1.299300e+04 1.317663e+02
1.299400e+04 1.319517e+02
1.299500e+04 1.317130e+02
1.299600e+04 1.334312e+02
1.299700e+04 1.301643e+02
1.299800e+04 1.324753e+02
1.299900e+04 1.324016e+02
1.300000e+04 1.328492e+02
1.300100e+04 1.306448e+02
1.300200e+04 1.303481e+02
1.300300e+04 1.329168e+02
1.300400e+04 1.316627e+02
1.300500e+04 1.316658e+02
1.300600e+04 1.325025e+02
1.300700e+04 1.325301e+02
1.300800e+04 1.330151e+02
1.300900e+04 1.298478e+02
1.301000e+04 1.307442e+02
1.301100e+04 1.316168e+02
1.301200e+04 1.305593e+02
1.301300e+04 1.313783e+02
1.301400e+04 1.291819e+02
1.301500e+04 1.251837e+02
1.301600e+04 1.269572e+02
1.301700e+04 1.326761e+02
1.301800e+04 1.332774e+02
1.301900e+04 1.303442e+02
1.302000e+04 1.325641e+02
1.302100e+04 1.331995e+02
1.302200e+04 1.316960e+02
1.302300e+04 1.312890e+02
1.302400e+04 1.317255e+02
1.302500e+04 1.325005e+02
1.302600e+04 1.319653e+02
1.302700e+04 1.318738e+02
1.302800e+04 1.311473e+02
1.302900e+04 1.331311e+02
1.303000e+04 1.323963e+02
1.303100e+04 1.297498e+02
1.303200e+04 1.309438e+02
1.303300e+04 1.308190e+02
1.303400e+04 1.319463e+02
1.303500e+04 1.307809e+02
1.303600e+04 1.296758e+02
1.303700e+04 1.226356e+02
1.303800e+04 1.301063e+02
1.303900e+04 1.320869e+02
1.304000e+04 1.313846e+02
1.304100e+04 1.309671e+02
1.304200e+04 1.315303e+02
1.304300e+04 1.322547e+02
1.304400e+04 1.309539e+02
1.304500e+04 1.302467e+02
1.304600e+04 1.325738e+02
1.304700e+04 1.325748e+02
1.304800e+04 1.322808e+02
1.304900e+04 1.308888e+02
1.305000e+04 1.310107e+02
1.305100e+04 1.325936e+02
1.305200e+04 1.319106e+02
1.305300e+04 1.314956e+02
1.305400e+04 1.306203e+02
1.305500e+04 1.289588e+02
1.305600e+04 1.324496e+02
1.305700e+04 1.296774e+02
1.305800e+04 1.322876e+02
1.305900e+04 1.316434e+02
1.306000e+04 1.322692e+02
1.306100e+04 1.306493e+02
1.306200e+04 1.304121e+02
1.306300e+04 1.296396e+02
1.306400e+04 1.309426e+02
1.306500e+04 1.297554e+02
1.306600e+04 1.314143e+02
1.306700e+04 1.302506e+02
1.306800e+04 1.318646e+02
1.306900e+04 1.301991e+02
1.307000e+04 1.301015e+02
1.307100e+04 1.301222e+02
1.307200e+04 1.304949e+02
1.307300e+04 1.325144e+02
1.307400e+04 1.276786e+02
1.307500e+04 1.305153e+02
1.307600e+04 1.307832e+02
1.307700e+04 1.315645e+02
1.307800e+04 1.315725e+02
1.307900e+04 1.317174e+02
1.308000e+04 1.292889e+02
1.308100e+04 1.199231e+02
1.308200e+04 1.310002e+02
1.308300e+04 1.307883e+02
1.308400e+04 1.301638e+02
1.308500e+04 1.293587e+02
1.308600e+04 1.270231e+02
1.308700e+04 1.324170e+02
1.308800e+04 1.314422e+02
1.308900e+04 1.317762e+02
1.309000e+04 1.283000e+02
1.309100e+04 1.281599e+02
1.309200e+04 1.307099e+02
1.309300e+04 1.300008e+02
1.309400e+04 1.272540e+02
1.309500e+04 1.280726e+02
1.309600e+04 1.295852e+02
1.309700e+04 1.296791e+02
1.309800e+04 1.294568e+02
1.309900e+04 1.292520e+02
1.310000e+04 1.313657e+02
1.310100e+04 1.297402e+02
1.310200e+04 1.291997e+02
1.310300e+04 1.302271e+02
1.310400e+04 1.311786e+02
1.310500e+04 1.320270e+02
1.310600e+04 1.312958e+02
1.310700e+04 1.286990e+02
1.310800e+04 1.279342e+02
1.310900e+04 1.302260e+02
1.311000e+04 1.302273e+02
1.311100e+04 1.311439e+02
1.311200e+04 1.308864e+02
1.311300e+04 1.305938e+02
1.311400e+04 1.286329e+02
1.311500e+04 1.293943e+02
1.311600e+04 1.273809e+02
1.311700e+04 1.292415e+02
1.311800e+04 1.287342e+02
1.311900e+04 1.267846e+02
1.312000e+04 1.263534e+02
1.312100e+04 1.282010e+02
1.312200e+04 1.260556e+02
1.312300e+04 1.243774e+02
1.312400e+04 1.209634e+02
1.312500e+04 1.141113e+02
1.312600e+04 1.017268e+02
1.312700e+04 6.955779e+01
1.312800e+04 1.014482e+02
1.312900e+04 1.142614e+02
1.313000e+04 1.190607e+02
1.313100e+04 1.226322e+02
1.313200e+04 1.246562e+02
1.313300e+04 1.259883e+02
1.313400e+04 1.264303e+02
1.313500e+04 1.282979e+02
1.313600e+04 1.263922e+02
1.313700e+04 1.250235e+02
1.313800e+04 1.229434e+02
1.313900e+04 1.212268e+02
1.314000e+04 1.279352e+02
1.314100e+04 1.283443e+02
1.314200e+04 1.276420e+02
1.314300e+04 1.291173e+02
1.314400e+04 1.260600e+02
1.314500e+04 1.286792e+02
1.314600e+04 1.284729e+02
1.314700e+04 1.293223e+02
1.314800e+04 1.275056e+02
1.314900e+04 1.283110e+02
1.315000e+04 1.264309e+02
1.315100e+04 1.230364e+02
1.315200e+04 1.218001e+02
1.315300e+04 1.134015e+02
1.315400e+04 8.168465e+01
1.315500e+04 9.762624e+01
1.315600e+04 1.159372e+02
1.315700e+04 1.218417e+02
1.315800e+04 1.248763e+02
1.315900e+04 1.250955e+02
1.316000e+04 1.289087e+02
1.316100e+04 1.282115e+02
1.316200e+04 1.277653e+02
1.316300e+04 1.292328e+02
1.316400e+04 1.292910e+02
1.316500e+04 1.305111e+02
1.316600e+04 1.283987e+02
1.316700e+04 1.290052e+02
1.316800e+04 1.303986e+02
1.316900e+04 1.311254e+02
1.317000e+04 1.272954e+02
1.317100e+04 1.289319e+02
1.317200e+04 1.287282e+02
1.317300e+04 1.295906e+02
1.317400e+04 1.295573e+02
1.317500e+04 1.292190e+02
1.317600e+04 1.311914e+02
1.317700e+04 1.297654e+02
1.317800e+04 1.292005e+02
1.317900e+04 1.276516e+02
1.318000e+04 1.272376e+02
1.318100e+04 1.281015e+02
1.318200e+04 1.293674e+02
1.318300e+04 1.292301e+02
1.318400e+04 1.299523e+02
1.318500e+04 1.297192e+02
1.318600e+04 1.309139e+02
1.318700e+04 1.283118e+02
1.318800e+04 1.282616e+02
1.318900e+04 1.299349e+02
1.319000e+04 1.287859e+02
1.319100e+04 1.305590e+02
1.319200e+04 1.310519e+02
1.319300e+04 1.312359e+02
1.319400e+04 1.296280e+02
1.319500e+04 1.280255e+02
1.319600e+04 1.294898e+02
1.319700e+04 1.267617e+02
1.319800e+04 1.298901e+02
1.319900e+04 1.307369e+02
1.320000e+04 1.309550e+02
1.320100e+04 1.265570e+02
1.320200e+04 1.273993e+02
1.320300e+04 1.262768e+02
1.320400e+04 1.280992e+02
1.320500e+04 1.234224e+02
1.320600e+04 1.303850e+02
1.320700e+04 1.296871e+02
1.320800e+04 1.294502e+02
1.320900e+04 1.250621e+02
1.321000e+04 1.292819e+02
1.321100e+04 1.309389e+02
1.321200e+04 1.285466e+02
1.321300e+04 1.271643e+02
1.321400e+04 1.295235e+02
1.321500e+04 1.296481e+02
1.321600e+04 1.236780e+02
1.321700e+04 1.286013e+02
1.321800e+04 1.276024e+02
1.321900e+04 1.304895e+02
1.322000e+04 1.273767e+02
1.322100e+04 1.249271e+02
1.322200e+04 1.266074e+02
1.322300e+04 1.270258e+02
1.322400e+04 1.288387e+02
1.322500e+04 1.297427e+02
1.322600e+04 1.287543e+02
1.322700e+04 1.286909e+02
1.322800e+04 1.298194e+02
1.322900e+04 1.295500e+02
1.323000e+04 1.280541e+02
1.323100e+04 1.283349e+02
1.323200e+04 1.295510e+02
1.323300e+04 1.272272e+02
1.323400e+04 1.293826e+02
1.323500e+04 1.265720e+02
1.323600e+04 1.282461e+02
1.323700e+04 1.290498e+02
1.323800e+04 1.286729e+02
1.323900e+04 1.278563e+02
1.324000e+04 1.268612e+02
1.324100e+04 1.256371e+02
1.324200e+04 1.276689e+02
1.324300e+04 1.291417e+02
1.324400e+04 1.297786e+02
1.324500e+04 1.306851e+02
1.324600e+04 1.293341e+02
1.324700e+04 1.266718e+02
1.324800e+04 1.287481e+02
1.324900e+04 1.265136e+02
1.325000e+04 1.276001e+02
1.325100e+04 1.262411e+02
1.325200e+04 1.271440e+02
1.325300e+04 1.247283e+02
1.325400e+04 1.267983e+02
1.325500e+04 1.228626e+02
1.325600e+04 1.259047e+02
1.325700e+04 1.286118e+02
1.325800e+04 1.275073e+02
1.325900e+04 1.277746e+02
1.326000e+04 1.262071e+02
1.326100e+04 1.288100e+02
1.326200e+04 1.242937e+02
1.326300e+04 1.298422e+02
1.326400e+04 1.298616e+02
1.326500e+04 1.283706e+02
1.326600e+04 1.263858e+02
1.326700e+04 1.281115e+02
1.326800e+04 1.265525e+02
1.326900e+04 1.263198e+02
1.327000e+04 1.252714e+02
1.327100e+04 1.171746e+02
1.327200e+04 1.222010e+02
1.327300e+04 1.269427e+02
1.327400e+04 1.278309e+02
1.327500e+04 1.289004e+02
1.327600e+04 1.283991e+02
1.327700e+04 1.260258e+02
1.327800e+04 1.273383e+02
1.327900e+04 1.284831e+02
1.328000e+04 1.225820e+02
1.328100e+04 1.280716e+02
1.328200e+04 1.241407e+02
1.328300e+04 1.294143e+02
1.328400e+04 1.257040e+02
1.328500e+04 1.196698e+02
1.328600e+04 1.273532e+02
1.328700e+04 1.281096e+02
1.328800e+04 1.274901e+02
1.328900e+04 1.221653e+02
1.329000e+04 1.278704e+02
1.329100e+04 1.264651e+02
1.329200e+04 1.236659e+02
1.329300e+04 1.264228e+02
1.329400e+04 1.282121e+02
1.329500e+04 1.221260e+02
1.329600e+04 1.249639e+02
1.329700e+04 1.083836e+02
1.329800e+04 1.131194e+02
1.329900e+04 1.268021e+02
1.330000e+04 1.264010e+02
1.330100e+04 1.241676e+02
1.330200e+04 1.261623e+02
1.330300e+04 1.276798e+02
1.330400e+04 1.264603e+02
1.330500e+04 1.255393e+02
1.330600e+04 1.253826e+02
1.330700e+04 1.244093e+02
1.330800e+04 1.256916e+02
1.330900e+04 1.229355e+02
1.331000e+04 1.279489e+02
1.331100e+04 1.251805e+02
1.331200e+04 1.247519e+02
1.331300e+04 1.216287e+02
1.331400e+04 1.210886e+02
1.331500e+04 1.223492e+02
1.331600e+04 1.258015e+02
1.331700e+04 1.266795e+02
1.331800e+04 1.097387e+02
1.331900e+04 1.225084e+02
1.332000e+04 1.140327e+02
1.332100e+04 1.083181e+02
1.332200e+04 1.007705e+02
1.332300e+04 9.897568e+01
1.332400e+04 1.028214e+02
1.332500e+04 1.160037e+02
1.332600e+04 1.152394e+02
1.332700e+04 1.162535e+02
1.332800e+04 1.224543e+02
1.332900e+04 1.243893e+02
1.333000e+04 1.239214e+02
1.333100e+04 1.246557e+02
1.333200e+04 1.224040e+02
1.333300e+04 1.190450e+02
1.333400e+04 1.233183e+02
1.333500e+04 1.256574e+02
1.333600e+04 1.227659e+02
1.333700e+04 1.251856e+02
1.333800e+04 1.234611e+02
1.333900e+04 1.264872e+02
1.334000e+04 1.181951e+02
1.334100e+04 1.086605e+02
1.334200e+04 1.190752e+02
1.334300e+04 1.100406e+02
1.334400e+04 1.247888e+02
1.334500e+04 1.268913e+02
1.334600e+04 1.060040e+02
1.334700e+04 1.110230e+02
1.334800e+04 9.191177e+01
1.334900e+04 1.079166e+02
1.335000e+04 1.034627e+02
1.335100e+04 1.099119e+02
1.335200e+04 1.076978e+02
1.335300e+04 1.252532e+02
1.335400e+04 9.920421e+01
1.335500e+04 1.191724e+02
1.335600e+04 1.069344e+02
1.335700e+04 1.177994e+02
1.335800e+04 1.112506e+02
1.335900e+04 1.040836e+02
1.336000e+04 1.130641e+02
1.336100e+04 1.043023e+02
1.336200e+04 1.276732e+02
1.336300e+04 1.212208e+02
1.336400e+04 1.194390e+02
1.336500e+04 1.119686e+02
1.336600e+04 9.877857e+01
1.336700e+04 1.087741e+02
1.336800e+04 1.201551e+02
1.336900e+04 1.264653e+02
1.337000e+04 1.200997e+02
1.337100e+04 1.074349e+02
1.337200e+04 1.067630e+02
1.337300e+04 1.074158e+02
1.337400e+04 9.626760e+01
1.337500e+04 1.075752e+02
1.337600e+04 1.192098e+02
1.337700e+04 1.187778e+02
1.337800e+04 1.130018e+02
1.337900e+04 1.139002e+02
1.338000e+04 1.117215e+02
1.338100e+04 1.151831e+02
1.338200e+04 1.159733e+02
1.338300e+04 1.103752e+02
1.338400e+04 1.106665e+02
1.338500e+04 1.234872e+02
1.338600e+04 1.117675e+02
1.338700e+04 1.137657e+02
1.338800e+04 1.232745e+02
1.338900e+04 1.224216e+02
1.339000e+04 1.154390e+02
1.339100e+04 1.126180e+02
1.339200e+04 1.201515e+02
1.339300e+04 1.065365e+02
1.339400e+04 1.001142e+02
1.339500e+04 1.090266e+02
1.339600e+04 1.243475e+02
1.339700e+04 1.220701e+02
1.339800e+04 1.223766e+02
1.339900e+04 1.243853e+02
1.340000e+04 9.853927e+01
1.340100e+04 9.391071e+01
1.340200e+04 1.229485e+02
1.340300e+04 1.224336e+02
1.340400e+04 1.211277e+02
1.340500e+04 1.065075e+02
1.340600e+04 1.068035e+02
1.340700e+04 1.254301e+02
1.340800e+04 1.107635e+02
1.340900e+04 1.186515e+02
1.341000e+04 1.180452e+02
1.341100e+04 1.219537e+02
1.341200e+04 1.147238e+02
1.341300e+04 1.174292e+02
1.341400e+04 1.229743e+02
1.341500e+04 1.078288e+02
1.341600e+04 1.181113e+02
1.341700e+04 1.217969e+02
1.341800e+04 9.055380e+01
1.341900e+04 1.097379e+02
1.342000e+04 1.177625e+02
1.342100e+04 1.048778e+02
1.342200e+04 1.166764e+02
1.342300e+04 1.108929e+02
1.342400e+04 1.025316e+02
1.342500e+04 1.194325e+02
1.342600e+04 1.145709e+02
1.342700e+04 1.056691e+02
1.342800e+04 1.097506e+02
1.342900e+04 1.025978e+02
1.343000e+04 1.168870e+02
1.343100e+04 1.117022e+02
1.343200e+04 1.119876e+02
1.343300e+04 9.132162e+01
1.343400e+04 1.118634e+02
1.343500e+04 1.154917e+02
1.343600e+04 1.191168e+02
1.343700e+04 1.204483e+02
1.343800e+04 1.221135e+02
1.343900e+04 1.029344e+02
1.344000e+04 1.160585e+02
1.344100e+04 1.097384e+02
1.344200e+04 1.101439e+02
1.344300e+04 1.243123e+02
1.344400e+04 1.186534e+02
1.344500e+04 1.154068e+02
1.344600e+04 9.241852e+01
1.344700e+04 1.123436e+02
1.344800e+04 9.334632e+01
1.344900e+04 9.013446e+01
1.345000e+04 1.254087e+02
1.345100e+04 1.195988e+02
1.345200e+04 1.215501e+02
1.345300e+04 1.176657e+02
1.345400e+04 1.193035e+02
1.345500e+04 1.195179e+02
1.345600e+04 1.079162e+02
1.345700e+04 1.180841e+02
1.345800e+04 1.114194e+02
1.345900e+04 1.165093e+02
1.346000e+04 1.237248e+02
1.346100e+04 1.228425e+02
1.346200e+04 1.189922e+02
1.346300e+04 1.121901e+02
1.346400e+04 1.216958e+02
1.346500e+04 9.659924e+01
1.346600e+04 9.580043e+01
1.346700e+04 1.227939e+02
1.346800e+04 1.008664e+02
1.346900e+04 1.028919e+02
1.347000e+04 1.167709e+02
1.347100e+04 1.217973e+02
1.347200e+04 1.201239e+02
1.347300e+04 1.155532e+02
1.347400e+04 1.033068e+02
1.347500e+04 1.183563e+02
1.347600e+04 1.244893e+02
1.347700e+04 9.535576e+01
1.347800e+04 1.098041e+02
1.347900e+04 1.049574e+02
1.348000e+04 1.110591e+02
1.348100e+04 1.061869e+02
1.348200e+04 1.210825e+02
1.348300e+04 1.150207e+02
1.348400e+04 8.503780e+01
1.348500e+04 1.202675e+02
1.348600e+04 1.224942e+02
1.348700e+04 1.241290e+02
1.348800e+04 1.133269e+02
1.348900e+04 1.147059e+02
1.349000e+04 1.002331e+02
1.349100e+04 1.201707e+02
1.349200e+04 1.133152e+02
1.349300e+04 1.184199e+02
1.349400e+04 1.170370e+02
1.349500e+04 1.178386e+02
1.349600e+04 1.186294e+02
1.349700e+04 1.194610e+02
1.349800e+04 1.143422e+02
1.349900e+04 1.094019e+02
1.350000e+04 1.199054e+02
1.350100e+04 1.217686e+02
1.350200e+04 9.897215e+01
1.350300e+04 1.048181e+02
1.350400e+04 9.289633e+01
1.350500e+04 1.050839e+02
1.350600e+04 1.172767e+02
1.350700e+04 8.915020e+01
1.350800e+04 1.041348e+02
1.350900e+04 1.217212e+02
1.351000e+04 1.151722e+02
1.351100e+04 1.152238e+02
1.351200e+04 1.226288e+02
1.351300e+04 1.132316e+02
1.351400e+04 1.113509e+02
1.351500e+04 1.144037e+02
1.351600e+04 1.127629e+02
1.351700e+04 1.130482e+02
1.351800e+04 1.047406e+02
1.351900e+04 1.162253e+02
1.352000e+04 1.068620e+02
1.352100e+04 1.125553e+02
1.352200e+04 1.076832e+02
1.352300e+04 1.176867e+02
1.352400e+04 1.216050e+02
1.352500e+04 8.665163e+01
1.352600e+04 1.173250e+02
1.352700e+04 1.121630e+02
1.352800e+04 1.123412e+02
1.352900e+04 1.124453e+02
1.353000e+04 1.169223e+02
1.353100e+04 1.140485e+02
1.353200e+04 1.137589e+02
1.353300e+04 1.153574e+02
1.353400e+04 1.258169e+02
1.353500e+04 1.166562e+02
1.353600e+04 1.073264e+02
1.353700e+04 1.013895e+02
1.353800e+04 1.082148e+02
1.353900e+04 1.114969e+02
1.354000e+04 1.136570e+02
1.354100e+04 1.051339e+02
1.354200e+04 1.106455e+02
1.354300e+04 9.843402e+01
1.354400e+04 1.205319e+02
1.354500e+04 1.135138e+02
1.354600e+04 1.121521e+02
1.354700e+04 9.988046e+01
1.354800e+04 1.164261e+02
1.354900e+04 1.122515e+02
1.355000e+04 9.872769e+01
1.355100e+04 1.137017e+02
1.355200e+04 1.112215e+02
1.355300e+04 1.118022e+02
1.355400e+04 1.147632e+02
1.355500e+04 1.158220e+02
1.355600e+04 1.217790e+02
1.355700e+04 1.000078e+02
1.355800e+04 9.312648e+01
1.355900e+04 1.114207e+02
1.356000e+04 1.135925e+02
1.356100e+04 1.179648e+02
1.356200e+04 1.212352e+02
1.356300e+04 1.108478e+02
1.356400e+04 1.120861e+02
1.356500e+04 1.165337e+02
1.356600e+04 1.069743e+02
1.356700e+04 1.154343e+02
1.356800e+04 1.154556e+02
1.356900e+04 1.209677e+02
1.357000e+04 1.022466e+02
1.357100e+04 9.809832e+01
1.357200e+04 1.199155e+02
1.357300e+04 1.212294e+02
1.357400e+04 1.149220e+02
1.357500e+04 1.059797e+02
1.357600e+04 1.181988e+02
1.357700e+04 1.025401e+02
1.357800e+04 1.097291e+02
1.357900e+04 1.144128e+02
1.358000e+04 1.107291e+02
1.358100e+04 1.114755e+02
1.358200e+04 1.168838e+02
1.358300e+04 1.166428e+02
1.358400e+04 9.604380e+01
1.358500e+04 1.150508e+02
1.358600e+04 1.094113e+02
1.358700e+04 1.180259e+02
1.358800e+04 1.069764e+02
1.358900e+04 1.068031e+02
1.359000e+04 1.175665e+02
1.359100e+04 1.120557e+02
1.359200e+04 1.128698e+02
1.359300e+04 1.161668e+02
1.359400e+04 1.172518e+02
1.359500e+04 1.008246e+02
1.359600e+04 1.067270e+02
1.359700e+04 1.017051e+02
1.359800e+04 1.109192e+02
1.359900e+04 1.077500e+02
1.360000e+04 1.189540e+02
1.360100e+04 1.180564e+02
1.360200e+04 1.156027e+02
1.360300e+04 1.157482e+02
1.360400e+04 1.012428e+02
1.360500e+04 1.197238e+02
1.360600e+04 1.100907e+02
1.360700e+04 1.159712e+02
1.360800e+04 1.037076e+02
1.360900e+04 1.152935e+02
1.361000e+04 1.162432e+02
1.361100e+04 1.057293e+02
1.361200e+04 1.138888e+02
1.361300e+04 1.041836e+02
1.361400e+04 1.136499e+02
1.361500e+04 1.078949e+02
1.361600e+04 1.111085e+02
1.361700e+04 1.047694e+02
1.361800e+04 1.147166e+02
1.361900e+04 1.005237e+02
1.362000e+04 1.041346e+02
1.362100e+04 1.163032e+02
1.362200e+04 1.128195e+02
1.362300e+04 1.003754e+02
1.362400e+04 8.251294e+01
1.362500e+04 1.149696e+02
1.362600e+04 1.195914e+02
1.362700e+04 1.092737e+02
1.362800e+04 1.055050e+02
1.362900e+04 1.139679e+02
1.363000e+04 9.924301e+01
1.363100e+04 9.626243e+01
1.363200e+04 1.011815e+02
1.363300e+04 1.170428e+02
1.363400e+04 1.115233e+02
1.363500e+04 1.099142e+02
1.363600e+04 1.174602e+02
1.363700e+04 1.108589e+02
1.363800e+04 1.117781e+02
1.363900e+04 1.136011e+02
1.364000e+04 1.172885e+02
1.364100e+04 1.194495e+02
1.364200e+04 1.049036e+02
1.364300e+04 1.069559e+02
1.364400e+04 1.082000e+02
1.364500e+04 1.115721e+02
1.364600e+04 1.029618e+02
1.364700e+04 8.772222e+01
1.364800e+04 1.146714e+02
1.364900e+04 1.058889e+02
1.365000e+04 1.064821e+02
1.365100e+04 1.140547e+02
1.365200e+04 1.124709e+02
1.365300e+04 1.209103e+02
1.365400e+04 1.141144e+02
1.365500e+04 1.106320e+02
1.365600e+04 1.103341e+02
1.365700e+04 1.165437e+02
1.365800e+04 1.132835e+02
1.365900e+04 1.184001e+02
1.366000e+04 1.099121e+02
1.366100e+04 1.141763e+02
1.366200e+04 1.145413e+02
1.366300e+04 1.137167e+02
1.366400e+04 1.041655e+02
1.366500e+04 1.135669e+02
1.366600e+04 1.042368e+02
1.366700e+04 1.126757e+02
1.366800e+04 1.076722e+02
1.366900e+04 1.079761e+02
1.367000e+04 1.171820e+02
1.367100e+04 1.148018e+02
1.367200e+04 1.083304e+02
1.367300e+04 1.117414e+02
1.367400e+04 1.156384e+02
1.367500e+04 1.112726e+02
1.367600e+04 1.060707e+02
1.367700e+04 1.165768e+02
1.367800e+04 1.124525e+02
1.367900e+04 1.102445e+02
1.368000e+04 1.083826e+02
1.368100e+04 1.106974e+02
1.368200e+04 1.170556e+02
1.368300e+04 1.116679e+02
1.368400e+04 1.165665e+02
1.368500e+04 1.111402e+02
1.368600e+04 1.012451e+02
1.368700e+04 1.088983e+02
1.368800e+04 1.060937e+02
1.368900e+04 1.117206e+02
1.369000e+04 1.154892e+02
1.369100e+04 1.087002e+02
1.369200e+04 1.186259e+02
1.369300e+04 1.128914e+02
1.369400e+04 1.056141e+02
1.369500e+04 1.137788e+02
1.369600e+04 1.053560e+02
1.369700e+04 1.042254e+02
1.369800e+04 1.164170e+02
1.369900e+04 1.153059e+02
1.370000e+04 1.105344e+02
1.370100e+04 1.111004e+02
1.370200e+04 1.122753e+02
1.370300e+04 1.113742e+02
1.370400e+04 1.162991e+02
1.370500e+04 1.115779e+02
1.370600e+04 1.135047e+02
1.370700e+04 1.152752e+02
1.370800e+04 1.097017e+02
1.370900e+04 1.094204e+02
1.371000e+04 1.046661e+02
1.371100e+04 1.069161e+02
1.371200e+04 1.097138e+02
1.371300e+04 1.048360e+02
1.371400e+04 1.119031e+02
1.371500e+04 1.069119e+02
1.371600e+04 1.115025e+02
1.371700e+04 1.065266e+02
1.371800e+04 1.079483e+02
1.371900e+04 1.148066e+02
1.372000e+04 1.171482e+02
1.372100e+04 1.126784e+02
1.372200e+04 1.145767e+02
1.372300e+04 1.094678e+02
1.372400e+04 1.161878e+02
1.372500e+04 1.109177e+02
1.372600e+04 1.077276e+02
1.372700e+04 1.111892e+02
1.372800e+04 1.205646e+02
1.372900e+04 1.028169e+02
1.373000e+04 1.164069e+02
1.373100e+04 1.089540e+02
1.373200e+04 1.076599e+02
1.373300e+04 1.064660e+02
1.373400e+04 1.149428e+02
1.373500e+04 1.151258e+02
1.373600e+04 1.139370e+02
1.373700e+04 1.141603e+02
1.373800e+04 1.088518e+02
1.373900e+04 1.099888e+02
1.374000e+04 1.113431e+02
1.374100e+04 1.061928e+02
1.374200e+04 1.074812e+02
1.374300e+04 1.157860e+02
1.374400e+04 1.095368e+02
1.374500e+04 1.183762e+02
1.374600e+04 1.092117e+02
1.374700e+04 1.178982e+02
1.374800e+04 1.094100e+02
1.374900e+04 1.137391e+02
1.375000e+04 1.055531e+02
1.375100e+04 1.147701e+02
1.375200e+04 1.080504e+02
1.375300e+04 1.138530e+02
1.375400e+04 1.117478e+02
1.375500e+04 1.164926e+02
1.375600e+04 1.168528e+02
1.375700e+04 1.089150e+02
1.375800e+04 1.114142e+02
1.375900e+04 1.126423e+02
1.376000e+04 1.093698e+02
1.376100e+04 1.121991e+02
1.376200e+04 1.122085e+02
1.376300e+04 1.101849e+02
1.376400e+04 1.163091e+02
1.376500e+04 1.106045e+02
1.376600e+04 1.134036e+02
1.376700e+04 1.054563e+02
1.376800e+04 1.151211e+02
1.376900e+04 1.081355e+02
1.377000e+04 1.091329e+02
1.377100e+04 1.119188e+02
1.377200e+04 1.166037e+02
1.377300e+04 1.131292e+02
1.377400e+04 1.150189e+02
1.377500e+04 1.093819e+02
1.377600e+04 1.174434e+02
1.377700e+04 1.118720e+02
1.377800e+04 1.117486e+02
1.377900e+04 1.159004e+02
1.378000e+04 1.058585e+02
1.378100e+04 1.117598e+02
1.378200e+04 1.110584e+02
1.378300e+04 1.047232e+02
1.378400e+04 1.171338e+02
1.378500e+04 1.113388e+02
1.378600e+04 1.142980e+02
1.378700e+04 1.101294e+02
1.378800e+04 1.106942e+02
1.378900e+04 1.081073e+02
1.379000e+04 1.151997e+02
1.379100e+04 1.040134e+02
1.379200e+04 1.110532e+02
1.379300e+04 1.141045e+02
1.379400e+04 1.108484e+02
1.379500e+04 1.127544e+02
1.379600e+04 1.140442e+02
1.379700e+04 1.123425e+02
1.379800e+04 1.143549e+02
1.379900e+04 1.137583e+02
1.380000e+04 1.125785e+02
1.380100e+04 1.115561e+02
1.380200e+04 1.174323e+02
1.380300e+04 1.171768e+02
1.380400e+04 1.154857e+02
1.380500e+04 1.082504e+02
1.380600e+04 9.902674e+01
1.380700e+04 1.128247e+02
1.380800e+04 1.111824e+02
1.380900e+04 1.118287e+02
1.381000e+04 1.104059e+02
1.381100e+04 1.111631e+02
1.381200e+04 1.092788e+02
1.381300e+04 1.128008e+02
1.381400e+04 1.160741e+02
1.381500e+04 1.097629e+02
1.381600e+04 1.139954e+02
1.381700e+04 1.162721e+02
1.381800e+04 1.184892e+02
1.381900e+04 1.146187e+02
1.382000e+04 1.136552e+02
1.382100e+04 1.150434e+02
1.382200e+04 1.114688e+02
1.382300e+04 1.082558e+02
1.382400e+04 1.104025e+02
1.382500e+04 1.051212e+02
1.382600e+04 1.070566e+02
1.382700e+04 9.119594e+01
1.382800e+04 1.100735e+02
1.382900e+04 1.059430e+02
1.383000e+04 1.119936e+02
1.383100e+04 1.123193e+02
1.383200e+04 1.114122e+02
1.383300e+04 1.124311e+02
1.383400e+04 1.122452e+02
1.383500e+04 1.066601e+02
1.383600e+04 1.170990e+02
1.383700e+04 1.124660e+02
1.383800e+04 1.101303e+02
1.383900e+04 1.068048e+02
1.384000e+04 1.161987e+02
1.384100e+04 1.127564e+02
1.384200e+04 1.150548e+02
1.384300e+04 1.086102e+02
1.384400e+04 1.100875e+02
1.384500e+04 1.119132e+02
1.384600e+04 1.143046e+02
1.384700e+04 1.133098e+02
1.384800e+04 1.122317e+02
1.384900e+04 1.035139e+02
1.385000e+04 1.143327e+02
1.385100e+04 8.694154e+01
1.385200e+04 1.122419e+02
1.385300e+04 1.152647e+02
1.385400e+04 1.136515e+02
1.385500e+04 1.123152e+02
1.385600e+04 1.176005e+02
1.385700e+04 1.118687e+02
1.385800e+04 1.078947e+02
1.385900e+04 1.006984e+02
1.386000e+04 1.094085e+02
1.386100e+04 1.090343e+02
1.386200e+04 1.150603e+02
1.386300e+04 1.149634e+02
1.386400e+04 1.001327e+02
1.386500e+04 1.056377e+02
1.386600e+04 1.098641e+02
1.386700e+04 1.093302e+02
1.386800e+04 9.349605e+01
1.386900e+04 1.131553e+02
1.387000e+04 1.055281e+02
1.387100e+04 1.121520e+02
1.387200e+04 1.136469e+02
1.387300e+04 1.157718e+02
1.387400e+04 1.125105e+02
1.387500e+04 1.131118e+02
1.387600e+04 1.119459e+02
1.387700e+04 1.129536e+02
1.387800e+04 1.130023e+02
1.387900e+04 1.101314e+02
1.388000e+04 1.102388e+02
1.388100e+04 8.538192e+01
1.388200e+04 1.041938e+02
1.388300e+04 1.101462e+02
1.388400e+04 1.093650e+02
1.388500e+04 1.111019e+02
1.388600e+04 1.110540e+02
1.388700e+04 1.096129e+02
1.388800e+04 1.121144e+02
1.388900e+04 1.128827e+02
1.389000e+04 9.687219e+01
1.389100e+04 1.120351e+02
1.389200e+04 1.136534e+02
1.389300e+04 1.181732e+02
1.389400e+04 1.121070e+02
1.389500e+04 1.075984e+02
1.389600e+04 1.040841e+02
1.389700e+04 1.063888e+02
1.389800e+04 1.118009e+02
1.389900e+04 9.899230e+01
1.390000e+04 9.509857e+01
1.390100e+04 1.144626e+02
1.390200e+04 1.101392e+02
1.390300e+04 1.051158e+02
1.390400e+04 1.092158e+02
1.390500e+04 1.120912e+02
1.390600e+04 1.033975e+02
1.390700e+04 1.026511e+02
1.390800e+04 1.028004e+02
1.390900e+04 9.731542e+01
1.391000e+04 1.070987e+02
1.391100e+04 9.824860e+01
1.391200e+04 9.097009e+01
1.391300e+04 1.123278e+02
1.391400e+04 9.247676e+01
1.391500e+04 1.111198e+02
1.391600e+04 9.919907e+01
1.391700e+04 8.949431e+01
1.391800e+04 1.082326e+02
1.391900e+04 9.906899e+01
1.392000e+04 1.089294e+02
1.392100e+04 1.043354e+02
1.392200e+04 9.394316e+01
1.392300e+04 1.127854e+02
1.392400e+04 1.106455e+02
1.392500e+04 9.626535e+01
1.392600e+04 1.013385e+02
1.392700e+04 9.647822e+01
1.392800e+04 9.230222e+01
1.392900e+04 1.114126e+02
1.393000e+04 1.108489e+02
1.393100e+04 1.039930e+02
1.393200e+04 1.018916e+02
1.393300e+04 1.059407e+02
1.393400e+04 1.079481e+02
1.393500e+04 1.007873e+02
1.393600e+04 8.778536e+01
1.393700e+04 1.047840e+02
1.393800e+04 1.126192e+02
1.393900e+04 9.863748e+01
1.394000e+04 1.021283e+02
1.394100e+04 1.120038e+02
1.394200e+04 1.011178e+02
1.394300e+04 1.136281e+02
1.394400e+04 1.126626e+02
1.394500e+04 9.792923e+01
1.394600e+04 1.099363e+02
1.394700e+04 1.023536e+02
1.394800e+04 1.077852e+02
1.394900e+04 1.138132e+02
1.395000e+04 1.028237e+02
1.395100e+04 1.035214e+02
1.395200e+04 9.310629e+01
1.395300e+04 1.110701e+02
1.395400e+04 1.101947e+02
1.395500e+04 1.034382e+02
1.395600e+04 1.080630e+02
1.395700e+04 8.011782e+01
1.395800e+04 1.061729e+02
1.395900e+04 1.129367e+02
1.396000e+04 1.114772e+02
1.396100e+04 1.119415e+02
1.396200e+04 1.133971e+02
1.396300e+04 1.076995e+02
1.396400e+04 1.015569e+02
1.396500e+04 1.027981e+02
1.396600e+04 1.044621e+02
1.396700e+04 1.121939e+02
1.396800e+04 1.063341e+02
1.396900e+04 9.880544e+01
1.397000e+04 1.125798e+02
1.397100e+04 9.139215e+01
1.397200e+04 1.067742e+02
1.397300e+04 1.083131e+02
1.397400e+04 1.066775e+02
1.397500e+04 9.553733e+01
1.397600e+04 1.083595e+02
1.397700e+04 8.612277e+01
1.397800e+04 1.143420e+02
1.397900e+04 1.000202e+02
1.398000e+04 1.066583e+02
1.398100e+04 1.001036e+02
1.398200e+04 1.002745e+02
1.398300e+04 1.130693e+02
1.398400e+04 8.996451e+01
1.398500e+04 9.263707e+01
1.398600e+04 1.114480e+02
1.398700e+04 9.900237e+01
1.398800e+04 9.892362e+01
1.398900e+04 1.061167e+02
1.399000e+04 1.014172e+02
1.399100e+04 1.056727e+02
1.399200e+04 1.119045e+02
1.399300e+04 1.114258e+02
1.399400e+04 1.027995e+02
1.399500e+04 1.014262e+02
1.399600e+04 1.045736e+02
1.399700e+04 1.108986e+02
1.399800e+04 1.023662e+02
1.399900e+04 9.440316e+01
1.400000e+04 9.752065e+01
1.400100e+04 9.337774e+01
1.400200e+04 1.051919e+02
1.400300e+04 1.121663e+02
1.400400e+04 1.018507e+02
1.400500e+04 1.085854e+02
1.400600e+04 9.857985e+01
1.400700e+04 8.978425e+01
1.400800e+04 9.481806e+01
1.400900e+04 1.098740e+02
1.401000e+04 9.995782e+01
1.401100e+04 9.468300e+01
1.401200e+04 1.093334e+02
1.401300e+04 1.094678e+02
1.401400e+04 1.007270e+02
1.401500e+04 1.032467e+02
1.401600e+04 1.075922e+02
1.401700e+04 1.125934e+02
1.401800e+04 9.131160e+01
1.401900e+04 1.091046e+02
1.402000e+04 1.118790e+02
1.402100e+04 1.099468e+02
1.402200e+04 9.813127e+01
1.402300e+04 1.092958e+02
1.402400e+04 1.041732e+02
1.402500e+04 1.022477e+02
1.402600e+04 9.321845e+01
1.402700e+04 1.038396e+02
1.402800e+04 1.163031e+02
1.402900e+04 1.063370e+02
1.403000e+04 1.035537e+02
1.403100e+04 1.103546e+02
1.403200e+04 1.080540e+02
1.403300e+04 1.023848e+02
1.403400e+04 1.094381e+02
1.403500e+04 1.138420e+02
1.403600e+04 1.011483e+02
1.403700e+04 1.030309e+02
1.403800e+04 1.098692e+02
1.403900e+04 1.089152e+02
1.404000e+04 9.871076e+01
1.404100e+04 1.099033e+02
1.404200e+04 1.056033e+02
1.404300e+04 1.041695e+02
1.404400e+04 9.111919e+01
1.404500e+04 9.464392e+01
1.404600e+04 1.036767e+02
1.404700e+04 1.145868e+02
1.404800e+04 1.099404e+02
1.404900e+04 9.386627e+01
1.405000e+04 8.467097e+01
1.405100e+04 1.083839e+02
1.405200e+04 1.068893e+02
1.405300e+04 1.049418e+02
1.405400e+04 1.043741e+02
1.405500e+04 1.117692e+02
1.405600e+04 1.092901e+02
1.405700e+04 1.008882e+02
1.405800e+04 1.101785e+02
1.405900e+04 9.381295e+01
1.406000e+04 1.124557e+02
1.406100e+04 1.127972e+02
1.406200e+04 1.079795e+02
1.406300e+04 1.068937e+02
1.406400e+04 1.103711e+02
1.406500e+04 1.099570e+02
1.406600e+04 1.011226e+02
1.406700e+04 9.659892e+01
1.406800e+04 1.076082e+02
1.406900e+04 9.585481e+01
1.407000e+04 1.062576e+02
1.407100e+04 1.049324e+02
1.407200e+04 1.036661e+02
1.407300e+04 9.312009e+01
1.407400e+04 1.063504e+02
1.407500e+04 1.014436e+02
1.407600e+04 1.070218e+02
1.407700e+04 1.038892e+02
1.407800e+04 1.005938e+02
1.407900e+04 1.073307e+02
1.408000e+04 1.067710e+02
1.408100e+04 1.030590e+02
1.408200e+04 1.024349e+02
1.408300e+04 1.020215e+02
1.408400e+04 9.987189e+01
1.408500e+04 1.051359e+02
1.408600e+04 1.009820e+02
1.408700e+04 9.826266e+01
1.408800e+04 1.014663e+02
1.408900e+04 1.001410e+02
1.409000e+04 9.451926e+01
1.409100e+04 1.031282e+02
1.409200e+04 1.087655e+02
1.409300e+04 9.380977e+01
1.409400e+04 1.083623e+02
1.409500e+04 9.003982e+01
1.409600e+04 1.028047e+02
1.409700e+04 1.052161e+02
1.409800e+04 1.075827e+02
1.409900e+04 1.076864e+02
1.410000e+04 1.120667e+02
1.410100e+04 1.038598e+02
1.410200e+04 1.062918e+02
1.410300e+04 1.040741e+02
1.410400e+04 9.865864e+01
1.410500e+04 9.965978e+01
1.410600e+04 9.945667e+01
1.410700e+04 9.342608e+01
1.410800e+04 1.021156e+02
1.410900e+04 1.018812e+02
1.411000e+04 1.069063e+02
1.411100e+04 1.112356e+02
1.411200e+04 1.024279e+02
1.411300e+04 9.159672e+01
1.411400e+04 9.992264e+01
1.411500e+04 1.003095e+02
1.411600e+04 1.053149e+02
1.411700e+04 9.019513e+01
1.411800e+04 1.052374e+02
1.411900e+04 1.019662e+02
1.412000e+04 1.066519e+02
1.412100e+04 1.067111e+02
1.412200e+04 9.333048e+01
1.412300e+04 9.095910e+01
1.412400e+04 8.732204e+01
1.412500e+04 1.056678e+02
1.412600e+04 1.053593e+02
1.412700e+04 9.722653e+01
1.412800e+04 1.007334e+02
1.412900e+04 1.056197e+02
1.413000e+04 1.058741e+02
1.413100e+04 9.770982e+01
1.413200e+04 1.113514e+02
1.413300e+04 9.576167e+01
1.413400e+04 9.478140e+01
1.413500e+04 9.996731e+01
1.413600e+04 1.052217e+02
1.413700e+04 1.040841e+02
1.413800e+04 1.048261e+02
1.413900e+04 1.108264e+02
1.414000e+04 1.101950e+02
1.414100e+04 7.705136e+01
1.414200e+04 9.603638e+01
1.414300e+04 9.235116e+01
1.414400e+04 1.094267e+02
1.414500e+04 1.002628e+02
1.414600e+04 8.662148e+01
1.414700e+04 9.884085e+01
1.414800e+04 1.026397e+02
1.414900e+04 8.981969e+01
1.415000e+04 1.050534e+02
1.415100e+04 1.065098e+02
1.415200e+04 1.025217e+02
1.415300e+04 1.008849e+02
1.415400e+04 1.067997e+02
1.415500e+04 1.107292e+02
1.415600e+04 9.990567e+01
1.415700e+04 1.057843e+02
1.415800e+04 1.034445e+02
1.415900e+04 1.020624e+02
1.416000e+04 1.043546e+02
1.416100e+04 9.543010e+01
1.416200e+04 1.008657e+02
1.416300e+04 9.590383e+01
1.416400e+04 1.008727e+02
1.416500e+04 1.078870e+02
1.416600e+04 1.050031e+02
1.416700e+04 9.811986e+01
1.416800e+04 1.055381e+02
1.416900e+04 8.724726e+01
1.417000e+04 9.922053e+01
1.417100e+04 9.076424e+01
1.417200e+04 1.046072e+02
1.417300e+04 1.041020e+02
1.417400e+04 1.015980e+02
1.417500e+04 9.478230e+01
1.417600e+04 8.877566e+01
1.417700e+04 9.018824e+01
1.417800e+04 9.912609e+01
1.417900e+04 1.035142e+02
1.418000e+04 9.077270e+01
1.418100e+04 1.047164e+02
1.418200e+04 9.733704e+01
1.418300e+04 9.824689e+01
1.418400e+04 1.001600e+02
1.418500e+04 9.954814e+01
1.418600e+04 9.834182e+01
1.418700e+04 1.104275e+02
1.418800e+04 1.025654e+02
1.418900e+04 8.463695e+01
1.419000e+04 8.088428e+01
1.419100e+04 9.907971e+01
1.419200e+04 9.733463e+01
1.419300e+04 1.029984e+02
1.419400e+04 9.529561e+01
1.419500e+04 9.505264e+01
1.419600e+04 9.943293e+01
1.419700e+04 1.052431e+02
1.419800e+04 1.045661e+02
1.419900e+04 1.059285e+02
1.420000e+04 8.676177e+01
1.420100e+04 1.013058e+02
1.420200e+04 1.070721e+02
1.420300e+04 1.052746e+02
1.420400e+04 1.019843e+02
1.420500e+04 1.063961e+02
1.420600e+04 8.960425e+01
1.420700e+04 1.040092e+02
1.420800e+04 9.834504e+01
1.420900e+04 1.085329e+02
1.421000e+04 1.011753e+02
1.421100e+04 1.049389e+02
1.421200e+04 1.075191e+02
1.421300e+04 1.031653e+02
1.421400e+04 1.043119e+02
1.421500e+04 8.803342e+01
1.421600e+04 9.684296e+01
1.421700e+04 1.009751e+02
1.421800e+04 1.064222e+02
1.421900e+04 9.234384e+01
1.422000e+04 9.335719e+01
1.422100e+04 1.068960e+02
1.422200e+04 9.860750e+01
1.422300e+04 1.057922e+02
1.422400e+04 9.127129e+01
1.422500e+04 1.068702e+02
1.422600e+04 1.061461e+02
1.422700e+04 9.493875e+01
1.422800e+04 9.474294e+01
1.422900e+04 1.104913e+02
1.423000e+04 1.077886e+02
1.423100e+04 9.897050e+01
1.423200e+04 9.308124e+01
1.423300e+04 9.072287e+01
1.423400e+04 1.030666e+02
1.423500e+04 9.365887e+01
1.423600e+04 9.738171e+01
1.423700e+04 1.101457e+02
1.423800e+04 8.231340e+01
1.423900e+04 8.413476e+01
1.424000e+04 9.618107e+01
1.424100e+04 9.806197e+01
1.424200e+04 1.016841e+02
1.424300e+04 9.593071e+01
1.424400e+04 9.770165e+01
1.424500e+04 1.020582e+02
1.424600e+04 1.055094e+02
1.424700e+04 1.033497e+02
1.424800e+04 1.022606e+02
1.424900e+04 1.020208e+02
1.425000e+04 9.177625e+01
1.425100e+04 9.300634e+01
1.425200e+04 1.002547e+02
1.425300e+04 9.927310e+01
1.425400e+04 9.489675e+01
1.425500e+04 1.022738e+02
1.425600e+04 8.667874e+01
1.425700e+04 9.928879e+01
1.425800e+04 9.497302e+01
1.425900e+04 9.901805e+01
1.426000e+04 9.137415e+01
1.426100e+04 9.422056e+01
1.426200e+04 9.585452e+01
1.426300e+04 8.316652e+01
1.426400e+04 9.242961e+01
1.426500e+04 1.006557e+02
1.426600e+04 9.771238e+01
1.426700e+04 1.045070e+02
1.426800e+04 9.675766e+01
1.426900e+04 9.471457e+01
1.427000e+04 9.784947e+01
1.427100e+04 8.991975e+01
1.427200e+04 1.026517e+02
1.427300e+04 9.739796e+01
1.427400e+04 8.745414e+01
1.427500e+04 8.711635e+01
1.427600e+04 9.522744e+01
1.427700e+04 9.921790e+01
1.427800e+04 1.028095e+02
1.427900e+04 1.023031e+02
1.428000e+04 1.029697e+02
1.428100e+04 9.885328e+01
1.428200e+04 9.738498e+01
1.428300e+04 1.019287e+02
1.428400e+04 8.363131e+01
1.428500e+04 9.910752e+01
1.428600e+04 9.474109e+01
1.428700e+04 9.846892e+01
1.428800e+04 9.334324e+01
1.428900e+04 7.619290e+01
1.429000e+04 8.069847e+01
1.429100e+04 1.032103e+02
1.429200e+04 1.007759e+02
1.429300e+04 1.000412e+02
1.429400e+04 9.637797e+01
1.429500e+04 8.940617e+01
1.429600e+04 1.047665e+02
1.429700e+04 1.005423e+02
1.429800e+04 1.082054e+02
1.429900e+04 1.026480e+02
1.430000e+04 9.695475e+01
1.430100e+04 1.009902e+02
1.430200e+04 9.995361e+01
1.430300e+04 1.052734e+02
1.430400e+04 1.061715e+02
1.430500e+04 1.016920e+02
1.430600e+04 1.078473e+02
1.430700e+04 1.078574e+02
1.430800e+04 9.430216e+01
1.430900e+04 1.026732e+02
1.431000e+04 1.066527e+02
1.431100e+04 8.901974e+01
1.431200e+04 9.910085e+01
1.431300e+04 1.000081e+02
1.431400e+04 1.008373e+02
1.431500e+04 9.929591e+01
1.431600e+04 9.582831e+01
1.431700e+04 1.036755e+02
1.431800e+04 9.552836e+01
1.431900e+04 9.422652e+01
1.432000e+04 9.512533e+01
1.432100e+04 1.018073e+02
1.432200e+04 1.022790e+02
1.432300e+04 9.555358e+01
1.432400e+04 1.012419e+02
1.432500e+04 1.022294e+02
1.432600e+04 9.912203e+01
1.432700e+04 1.012528e+02
1.432800e+04 9.333795e+01
1.432900e+04 9.543207e+01
1.433000e+04 1.038273e+02
1.433100e+04 9.898556e+01
1.433200e+04 1.079016e+02
1.433300e+04 1.035283e+02
1.433400e+04 1.000791e+02
1.433500e+04 1.073714e+02
1.433600e+04 9.904008e+01
1.433700e+04 8.915001e+01
1.433800e+04 8.853046e+01
1.433900e+04 9.907819e+01
1.434000e+04 9.639860e+01
1.434100e+04 8.879884e+01
1.434200e+04 9.767738e+01
1.434300e+04 8.473304e+01
1.434400e+04 8.850464e+01
1.434500e+04 9.503589e+01
1.434600e+04 1.100170e+02
1.434700e+04 1.041404e+02
1.434800e+04 9.473386e+01
1.434900e+04 8.951451e+01
1.435000e+04 1.084903e+02
1.435100e+04 1.001090e+02
1.435200e+04 9.406343e+01
1.435300e+04 9.626127e+01
1.435400e+04 1.048256e+02
1.435500e+04 1.031812e+02
1.435600e+04 9.563925e+01
1.435700e+04 9.526354e+01
1.435800e+04 9.769146e+01
1.435900e+04 9.545492e+01
1.436000e+04 1.058595e+02
1.436100e+04 9.332589e+01
1.436200e+04 9.418540e+01
1.436300e+04 1.046633e+02
1.436400e+04 1.021863e+02
1.436500e+04 1.038432e+02
1.436600e+04 8.970959e+01
1.436700e+04 1.020865e+02
1.436800e+04 9.094054e+01
1.436900e+04 9.649665e+01
1.437000e+04 9.887135e+01
1.437100e+04 9.443682e+01
1.437200e+04 9.920036e+01
1.437300e+04 9.861617e+01
1.437400e+04 1.032822e+02
1.437500e+04 9.784687e+01
1.437600e+04 1.025749e+02
1.437700e+04 1.087631e+02
1.437800e+04 9.892569e+01
1.437900e+04 9.505404e+01
1.438000e+04 9.066100e+01
1.438100e+04 9.521593e+01
1.438200e+04 9.287017e+01
1.438300e+04 1.042633e+02
1.438400e+04 1.095306e+02
1.438500e+04 9.708016e+01
1.438600e+04 1.011665e+02
1.438700e+04 1.049185e+02
1.438800e+04 1.086306e+02
1.438900e+04 1.008424e+02
1.439000e+04 1.057814e+02
1.439100e+04 9.657410e+01
1.439200e+04 9.036429e+01
1.439300e+04 1.003439e+02
1.439400e+04 9.170219e+01
1.439500e+04 8.609459e+01
1.439600e+04 8.908411e+01
1.439700e+04 1.008234e+02
1.439800e+04 8.933033e+01
1.439900e+04 9.905667e+01
1.440000e+04 9.812342e+01
1.440100e+04 1.069430e+02
1.440200e+04 1.028003e+02
1.440300e+04 1.022367e+02
1.440400e+04 9.844784e+01
1.440500e+04 8.659912e+01
1.440600e+04 1.079706e+02
1.440700e+04 1.016005e+02
1.440800e+04 1.002077e+02
1.440900e+04 9.782553e+01
1.441000e+04 9.638585e+01
1.441100e+04 8.374820e+01
1.441200e+04 9.326733e+01
1.441300e+04 9.416122e+01
1.441400e+04 9.815320e+01
1.441500e+04 1.045918e+02
1.441600e+04 9.560899e+01
1.441700e+04 9.612780e+01
1.441800e+04 9.565357e+01
1.441900e+04 1.052115e+02
1.442000e+04 1.053254e+02
1.442100e+04 9.570669e+01
1.442200e+04 9.679159e+01
1.442300e+04 1.003039e+02
1.442400e+04 9.263340e+01
1.442500e+04 9.605356e+01
1.442600e+04 1.037589e+02
1.442700e+04 9.049543e+01
1.442800e+04 9.871497e+01
1.442900e+04 1.011373e+02
1.443000e+04 1.012050e+02
1.443100e+04 1.047152e+02
1.443200e+04 9.901203e+01
1.443300e+04 9.825244e+01
1.443400e+04 9.986610e+01
1.443500e+04 1.058198e+02
1.443600e+04 1.061405e+02
1.443700e+04 1.064306e+02
1.443800e+04 1.005447e+02
1.443900e+04 9.487925e+01
1.444000e+04 9.674539e+01
1.444100e+04 1.023954e+02
1.444200e+04 9.794459e+01
1.444300e+04 9.558656e+01
1.444400e+04 9.355461e+01
1.444500e+04 1.000720e+02
1.444600e+04 9.608086e+01
1.444700e+04 1.011049e+02
1.444800e+04 1.046805e+02
1.444900e+04 9.550475e+01
1.445000e+04 9.528781e+01
1.445100e+04 8.939350e+01
1.445200e+04 1.000058e+02
1.445300e+04 9.912488e+01
1.445400e+04 8.349182e+01
1.445500e+04 9.465208e+01
1.445600e+04 9.503966e+01
1.445700e+04 1.061127e+02
1.445800e+04 1.015785e+02
1.445900e+04 9.835617e+01
1.446000e+04 1.037486e+02
1.446100e+04 9.423384e+01
1.446200e+04 1.046204e+02
1.446300e+04 1.038117e+02
1.446400e+04 1.019177e+02
1.446500e+04 1.051161e+02
1.446600e+04 9.299258e+01
1.446700e+04 9.431939e+01
1.446800e+04 9.562406e+01
1.446900e+04 9.211186e+01
1.447000e+04 9.920364e+01
1.447100e+04 9.454406e+01
1.447200e+04 1.000907e+02
1.447300e+04 9.693412e+01
1.447400e+04 8.995116e+01
1.447500e+04 1.046799e+02
1.447600e+04 9.993254e+01
1.447700e+04 9.950417e+01
1.447800e+04 8.879231e+01
1.447900e+04 1.002965e+02
1.448000e+04 8.812591e+01
1.448100e+04 9.831609e+01
1.448200e+04 1.007529e+02
1.448300e+04 1.063520e+02
1.448400e+04 9.781068e+01
1.448500e+04 1.022927e+02
1.448600e+04 9.383412e+01
1.448700e+04 1.064605e+02
1.448800e+04 1.036238e+02
1.448900e+04 9.161605e+01
1.449000e+04 9.337069e+01
1.449100e+04 1.045743e+02
1.449200e+04 1.072938e+02
1.449300e+04 1.026968e+02
1.449400e+04 1.023623e+02
1.449500e+04 1.027871e+02
1.449600e+04 1.048450e+02
1.449700e+04 1.015950e+02
1.449800e+04 8.403719e+01
1.449900e+04 9.601599e+01
1.450000e+04 9.696305e+01
1.450100e+04 9.997108e+01
1.450200e+04 1.066127e+02
1.450300e+04 8.756034e+01
1.450400e+04 8.832604e+01
1.450500e+04 9.925112e+01
1.450600e+04 1.031123e+02
1.450700e+04 9.318976e+01
1.450800e+04 8.473710e+01
1.450900e+04 9.908566e+01
1.451000e+04 9.264804e+01
1.451100e+04 7.757190e+01
1.451200e+04 1.002961e+02
1.451300e+04 9.404971e+01
1.451400e+04 1.050643e+02
1.451500e+04 1.020648e+02
1.451600e+04 9.565698e+01
1.451700e+04 1.041781e+02
1.451800e+04 1.086398e+02
1.451900e+04 9.357240e+01
1.452000e+04 9.643633e+01
1.452100e+04 1.040170e+02
1.452200e+04 1.013664e+02
1.452300e+04 1.019120e+02
1.452400e+04 1.045243e+02
1.452500e+04 9.749685e+01
1.452600e+04 8.419427e+01
1.452700e+04 1.038113e+02
1.452800e+04 1.032874e+02
1.452900e+04 1.054825e+02
1.453000e+04 1.002781e+02
1.453100e+04 1.005123e+02
1.453200e+04 9.349144e+01
1.453300e+04 9.470861e+01
1.453400e+04 1.025906e+02
1.453500e+04 9.649844e+01
1.453600e+04 1.005799e+02
1.453700e+04 8.937187e+01
1.453800e+04 1.012172e+02
1.453900e+04 9.292398e+01
1.454000e+04 9.873270e+01
1.454100e+04 9.890478e+01
1.454200e+04 1.019704e+02
1.454300e+04 9.832269e+01
1.454400e+04 8.453014e+01
1.454500e+04 1.016037e+02
1.454600e+04 1.026559e+02
1.454700e+04 1.007648e+02
1.454800e+04 9.044271e+01
1.454900e+04 1.034222e+02
1.455000e+04 1.035314e+02
1.455100e+04 1.043533e+02
1.455200e+04 1.077752e+02
1.455300e+04 9.932446e+01
1.455400e+04 1.041354e+02
1.455500e+04 9.519720e+01
1.455600e+04 1.018768e+02
1.455700e+04 9.148201e+01
1.455800e+04 9.663137e+01
1.455900e+04 9.474185e+01
1.456000e+04 9.665995e+01
1.456100e+04 1.006004e+02
1.456200e+04 9.084131e+01
1.456300e+04 9.902424e+01
1.456400e+04 9.201772e+01
1.456500e+04 9.029217e+01
1.456600e+04 8.270536e+01
1.456700e+04 9.222615e+01
1.456800e+04 9.915390e+01
1.456900e+04 1.028537e+02
1.457000e+04 8.304865e+01
1.457100e+04 1.031139e+02
1.457200e+04 9.481531e+01
1.457300e+04 8.811279e+01
1.457400e+04 1.081100e+02
1.457500e+04 9.391194e+01
1.457600e+04 9.543703e+01
1.457700e+04 9.683464e+01
1.457800e+04 1.015123e+02
1.457900e+04 9.818068e+01
1.458000e+04 1.041805e+02
1.458100e+04 1.058891e+02
1.458200e+04 1.014473e+02
1.458300e+04 8.962423e+01
1.458400e+04 1.033369e+02
1.458500e+04 9.935614e+01
1.458600e+04 9.883634e+01
1.458700e+04 1.010444e+02
1.458800e+04 1.029655e+02
1.458900e+04 1.029841e+02
1.459000e+04 9.759963e+01
1.459100e+04 9.320830e+01
1.459200e+04 9.803975e+01
1.459300e+04 1.014741e+02
1.459400e+04 9.948971e+01
1.459500e+04 9.606747e+01
1.459600e+04 9.869125e+01
1.459700e+04 1.040379e+02
1.459800e+04 9.925009e+01
1.459900e+04 9.703080e+01
1.460000e+04 9.877338e+01
1.460100e+04 1.032319e+02
1.460200e+04 9.816356e+01
1.460300e+04 8.888982e+01
1.460400e+04 9.198608e+01
1.460500e+04 8.548947e+01
1.460600e+04 9.431185e+01
1.460700e+04 9.998839e+01
1.460800e+04 9.666299e+01
1.460900e+04 9.067283e+01
1.461000e+04 9.211683e+01
1.461100e+04 8.963961e+01
1.461200e+04 9.647351e+01
1.461300e+04 9.831869e+01
1.461400e+04 9.775138e+01
1.461500e+04 8.347442e+01
1.461600e+04 1.051739e+02
1.461700e+04 8.230166e+01
1.461800e+04 8.976207e+01
1.461900e+04 9.850844e+01
1.462000e+04 1.018740e+02
1.462100e+04 9.467952e+01
1.462200e+04 8.594049e+01
1.462300e+04 1.003178e+02
1.462400e+04 9.971330e+01
1.462500e+04 1.031655e+02
1.462600e+04 8.440094e+01
1.462700e+04 8.025610e+01
1.462800e+04 9.620294e+01
1.462900e+04 1.030009e+02
1.463000e+04 7.265600e+01
1.463100e+04 8.979511e+01
1.463200e+04 9.566418e+01
1.463300e+04 9.422189e+01
1.463400e+04 9.222314e+01
1.463500e+04 9.632902e+01
1.463600e+04 1.017931e+02
1.463700e+04 9.353306e+01
1.463800e+04 9.944340e+01
1.463900e+04 9.816334e+01
1.464000e+04 9.541933e+01
1.464100e+04 1.046300e+02
1.464200e+04 9.076194e+01
1.464300e+04 9.437736e+01
1.464400e+04 1.022580e+02
1.464500e+04 9.484440e+01
1.464600e+04 9.668647e+01
1.464700e+04 9.982317e+01
1.464800e+04 9.136387e+01
1.464900e+04 8.831854e+01
1.465000e+04 1.013787e+02
1.465100e+04 9.336218e+01
1.465200e+04 1.002132e+02
1.465300e+04 9.086824e+01
1.465400e+04 8.660719e+01
1.465500e+04 9.411261e+01
1.465600e+04 1.052748e+02
1.465700e+04 1.056963e+02
1.465800e+04 1.038394e+02
1.465900e+04 1.010377e+02
1.466000e+04 9.419994e+01
1.466100e+04 1.003307e+02
1.466200e+04 9.095842e+01
1.466300e+04 9.531457e+01
1.466400e+04 9.173345e+01
1.466500e+04 8.443254e+01
1.466600e+04 1.012971e+02
1.466700e+04 1.003501e+02
1.466800e+04 9.932611e+01
1.466900e+04 9.949000e+01
1.467000e+04 9.399220e+01
1.467100e+04 9.773376e+01
1.467200e+04 9.640337e+01
1.467300e+04 8.970160e+01
1.467400e+04 9.154813e+01
1.467500e+04 1.012481e+02
1.467600e+04 9.947855e+01
1.467700e+04 8.958637e+01
1.467800e+04 8.302045e+01
1.467900e+04 8.729643e+01
1.468000e+04 9.733670e+01
1.468100e+04 9.225528e+01
1.468200e+04 8.851005e+01
1.468300e+04 8.770592e+01
1.468400e+04 9.205336e+01
1.468500e+04 1.022969e+02
1.468600e+04 9.605129e+01
1.468700e+04 1.015848e+02
1.468800e+04 8.177569e+01
1.468900e+04 8.814701e+01
1.469000e+04 9.345159e+01
1.469100e+04 9.954416e+01
1.469200e+04 9.497328e+01
1.469300e+04 8.276593e+01
1.469400e+04 9.021487e+01
1.469500e+04 9.721540e+01
1.469600e+04 9.285578e+01
1.469700e+04 9.244699e+01
1.469800e+04 9.003100e+01
1.469900e+04 9.085511e+01
1.470000e+04 1.003831e+02
1.470100e+04 9.815250e+01
1.470200e+04 8.373912e+01
1.470300e+04 8.512971e+01
1.470400e+04 9.456294e+01
1.470500e+04 9.476228e+01
1.470600e+04 9.713021e+01
1.470700e+04 9.805156e+01
1.470800e+04 8.846286e+01
1.470900e+04 9.771362e+01
1.471000e+04 9.979896e+01
1.471100e+04 8.568923e+01
1.471200e+04 9.196107e+01
1.471300e+04 9.259511e+01
1.471400e+04 9.907859e+01
1.471500e+04 9.407976e+01
1.471600e+04 9.965686e+01
1.471700e+04 8.880525e+01
1.471800e+04 9.591268e+01
1.471900e+04 9.984634e+01
1.472000e+04 9.040908e+01
1.472100e+04 9.410874e+01
1.472200e+04 9.800079e+01
1.472300e+04 9.836853e+01
1.472400e+04 9.558783e+01
1.472500e+04 9.448241e+01
1.472600e+04 1.005398e+02
1.472700e+04 9.687963e+01
1.472800e+04 9.774007e+01
1.472900e+04 1.009546e+02
1.473000e+04 9.637896e+01
1.473100e+04 9.666729e+01
1.473200e+04 9.710903e+01
1.473300e+04 9.323316e+01
1.473400e+04 9.100820e+01
1.473500e+04 9.874561e+01
1.473600e+04 9.575546e+01
1.473700e+04 9.595323e+01
1.473800e+04 9.839181e+01
1.473900e+04 8.822113e+01
1.474000e+04 8.326021e+01
1.474100e+04 9.170047e+01
1.474200e+04 9.318850e+01
1.474300e+04 1.003335e+02
1.474400e+04 9.487626e+01
1.474500e+04 9.518413e+01
1.474600e+04 8.685308e+01
1.474700e+04 9.732409e+01
1.474800e+04 9.312031e+01
1.474900e+04 9.581306e+01
1.475000e+04 1.018988e+02
1.475100e+04 9.940872e+01
1.475200e+04 7.585496e+01
1.475300e+04 9.691405e+01
1.475400e+04 9.847809e+01
1.475500e+04 9.495052e+01
1.475600e+04 8.413337e+01
1.475700e+04 8.996767e+01
1.475800e+04 9.201773e+01
1.475900e+04 9.937977e+01
1.476000e+04 9.534235e+01
1.476100e+04 9.848581e+01
1.476200e+04 9.609224e+01
1.476300e+04 9.399586e+01
1.476400e+04 9.336354e+01
1.476500e+04 8.777857e+01
1.476600e+04 9.720946e+01
1.476700e+04 9.489572e+01
1.476800e+04 9.689393e+01
1.476900e+04 9.643978e+01
1.477000e+04 9.178674e+01
1.477100e+04 9.163748e+01
1.477200e+04 8.582300e+01
1.477300e+04 8.808135e+01
1.477400e+04 9.664111e+01
1.477500e+04 9.785775e+01
1.477600e+04 9.135280e+01
1.477700e+04 9.647627e+01
1.477800e+04 8.298382e+01
1.477900e+04 9.235518e+01
1.478000e+04 9.765915e+01
1.478100e+04 8.754597e+01
1.478200e+04 8.933068e+01
1.478300e+04 9.404515e+01
1.478400e+04 8.314929e+01
1.478500e+04 9.518035e+01
1.478600e+04 9.785933e+01
1.478700e+04 9.429574e+01
1.478800e+04 9.989675e+01
1.478900e+04 1.018598e+02
1.479000e+04 9.525516e+01
1.479100e+04 9.874517e+01
1.479200e+04 8.956257e+01
1.479300e+04 9.904625e+01
1.479400e+04 9.836597e+01
1.479500e+04 9.710767e+01
1.479600e+04 9.255351e+01
1.479700e+04 8.833768e+01
1.479800e+04 8.861316e+01
1.479900e+04 8.486786e+01
1.480000e+04 8.650917e+01
1.480100e+04 9.045770e+01
1.480200e+04 9.487769e+01
1.480300e+04 9.884667e+01
1.480400e+04 9.061659e+01
1.480500e+04 9.109541e+01
1.480600e+04 8.945396e+01
1.480700e+04 9.204558e+01
1.480800e+04 1.005332e+02
1.480900e+04 9.360050e+01
1.481000e+04 9.446383e+01
1.481100e+04 8.784303e+01
1.481200e+04 9.622311e+01
1.481300e+04 9.791263e+01
1.481400e+04 9.640280e+01
1.481500e+04 9.922049e+01
1.481600e+04 9.293746e+01
1.481700e+04 8.412709e+01
1.481800e+04 8.358919e+01
1.481900e+04 9.688776e+01
1.482000e+04 9.426876e+01
1.482100e+04 9.767047e+01
1.482200e+04 8.265882e+01
1.482300e+04 9.044376e+01
1.482400e+04 9.693024e+01
1.482500e+04 9.804543e+01
1.482600e+04 1.006874e+02
1.482700e+04 9.373271e+01
1.482800e+04 9.825389e+01
1.482900e+04 9.448136e+01
1.483000e+04 9.061969e+01
1.483100e+04 9.314368e+01
1.483200e+04 9.483483e+01
1.483300e+04 8.647647e+01
1.483400e+04 9.870746e+01
1.483500e+04 9.929807e+01
1.483600e+04 9.779421e+01
1.483700e+04 9.839162e+01
1.483800e+04 9.756228e+01
1.483900e+04 1.011636e+02
1.484000e+04 9.877215e+01
1.484100e+04 9.834856e+01
1.484200e+04 1.023747e+02
1.484300e+04 8.028087e+01
1.484400e+04 9.076101e+01
1.484500e+04 9.034981e+01
1.484600e+04 9.647163e+01
1.484700e+04 9.721207e+01
1.484800e+04 8.822913e+01
1.484900e+04 9.633491e+01
1.485000e+04 8.428434e+01
1.485100e+04 9.416481e+01
1.485200e+04 9.476747e+01
1.485300e+04 9.824491e+01
1.485400e+04 8.992905e+01
1.485500e+04 9.793522e+01
1.485600e+04 9.188160e+01
1.485700e+04 8.958139e+01
1.485800e+04 1.029324e+02
1.485900e+04 9.416921e+01
1.486000e+04 9.217139e+01
1.486100e+04 9.655241e+01
1.486200e+04 8.768228e+01
1.486300e+04 1.023938e+02
1.486400e+04 9.009220e+01
1.486500e+04 1.013107e+02
1.486600e+04 9.447928e+01
1.486700e+04 8.644946e+01
1.486800e+04 1.014819e+02
1.486900e+04 1.041203e+02
1.487000e+04 9.980026e+01
1.487100e+04 9.638200e+01
1.487200e+04 8.561361e+01
1.487300e+04 9.156053e+01
1.487400e+04 9.620728e+01
1.487500e+04 9.162443e+01
1.487600e+04 9.494694e+01
1.487700e+04 9.672765e+01
1.487800e+04 9.147661e+01
1.487900e+04 9.092778e+01
1.488000e+04 9.198272e+01
1.488100e+04 9.302750e+01
1.488200e+04 8.668073e+01
1.488300e+04 8.971575e+01
1.488400e+04 8.257655e+01
1.488500e+04 8.591901e+01
1.488600e+04 8.205101e+01
1.488700e+04 8.254414e+01
1.488800e+04 8.774345e+01
1.488900e+04 8.759790e+01
1.489000e+04 9.031180e+01
1.489100e+04 1.025077e+02
1.489200e+04 9.659092e+01
1.489300e+04 9.776914e+01
1.489400e+04 9.063379e+01
1.489500e+04 9.977471e+01
1.489600e+04 9.890722e+01
1.489700e+04 8.980463e+01
1.489800e+04 9.446858e+01
1.489900e+04 9.967519e+01
1.490000e+04 8.648620e+01
1.490100e+04 1.024734e+02
1.490200e+04 9.669345e+01
1.490300e+04 9.235964e+01
1.490400e+04 8.977517e+01
1.490500e+04 1.005511e+02
1.490600e+04 9.179143e+01
1.490700e+04 9.006717e+01
1.490800e+04 8.594207e+01
1.490900e+04 8.620479e+01
1.491000e+04 8.569760e+01
1.491100e+04 9.718139e+01
1.491200e+04 1.020886e+02
1.491300e+04 1.014700e+02
1.491400e+04 9.653081e+01
1.491500e+04 9.804400e+01
1.491600e+04 9.235236e+01
1.491700e+04 9.235687e+01
1.491800e+04 9.712341e+01
1.491900e+04 9.682757e+01
1.492000e+04 9.770314e+01
1.492100e+04 9.865742e+01
1.492200e+04 9.581918e+01
1.492300e+04 9.307577e+01
1.492400e+04 9.449805e+01
1.492500e+04 9.182131e+01
1.492600e+04 8.502364e+01
1.492700e+04 9.197755e+01
1.492800e+04 8.825672e+01
1.492900e+04 9.620722e+01
1.493000e+04 9.609339e+01
1.493100e+04 9.948870e+01
1.493200e+04 9.482387e+01
1.493300e+04 9.709297e+01
1.493400e+04 9.479337e+01
1.493500e+04 9.676369e+01
1.493600e+04 9.472364e+01
1.493700e+04 9.712111e+01
1.493800e+04 9.204557e+01
1.493900e+04 9.422335e+01
1.494000e+04 9.311793e+01
1.494100e+04 9.212205e+01
1.494200e+04 8.570192e+01
1.494300e+04 9.450454e+01
1.494400e+04 9.700391e+01
1.494500e+04 9.222973e+01
1.494600e+04 9.858063e+01
1.494700e+04 9.230347e+01
1.494800e+04 9.724053e+01
1.494900e+04 9.612719e+01
1.495000e+04 9.594284e+01
1.495100e+04 9.138039e+01
1.495200e+04 9.795280e+01
1.495300e+04 8.876173e+01
1.495400e+04 8.873106e+01
1.495500e+04 9.844960e+01
1.495600e+04 9.987118e+01
1.495700e+04 9.758962e+01
1.495800e+04 8.936785e+01
1.495900e+04 9.027130e+01
1.496000e+04 9.431471e+01
1.496100e+04 1.008222e+02
1.496200e+04 8.745772e+01
1.496300e+04 9.518252e+01
1.496400e+04 9.734248e+01
1.496500e+04 8.751042e+01
1.496600e+04 9.634825e+01
1.496700e+04 1.001155e+02
1.496800e+04 9.499105e+01
1.496900e+04 9.730296e+01
1.497000e+04 1.005048e+02
1.497100e+04 9.506984e+01
1.497200e+04 9.552587e+01
1.497300e+04 9.384655e+01
1.497400e+04 9.792840e+01
1.497500e+04 9.449812e+01
1.497600e+04 9.258043e+01
1.497700e+04 8.900220e+01
1.497800e+04 9.988035e+01
1.497900e+04 1.014900e+02
1.498000e+04 9.318183e+01
1.498100e+04 1.006769e+02
1.498200e+04 9.393924e+01
1.498300e+04 9.206479e+01
1.498400e+04 9.538727e+01
1.498500e+04 9.411524e+01
1.498600e+04 9.953681e+01
1.498700e+04 9.645054e+01
1.498800e+04 1.020990e+02
1.498900e+04 9.062527e+01
1.499000e+04 9.975331e+01
1.499100e+04 9.673058e+01
1.499200e+04 9.520282e+01
1.499300e+04 9.089601e+01
1.499400e+04 9.384188e+01
1.499500e+04 9.560720e+01
1.499600e+04 9.536768e+01
1.499700e+04 8.980511e+01
1.499800e+04 9.577233e+01
1.499900e+04 9.589544e+01
1.500000e+04 9.505003e+01
1.500100e+04 9.486199e+01
1.500200e+04 9.498256e+01
1.500300e+04 9.422251e+01
1.500400e+04 8.476707e+01
1.500500e+04 9.514830e+01
1.500600e+04 8.289008e+01
1.500700e+04 8.338386e+01
1.500800e+04 9.451607e+01
1.500900e+04 9.507956e+01
1.501000e+04 8.787663e+01
1.501100e+04 9.666115e+01
1.501200e+04 9.746419e+01
1.501300e+04 9.276421e+01
1.501400e+04 9.645188e+01
1.501500e+04 9.745333e+01
1.501600e+04 8.478928e+01
1.501700e+04 9.331762e+01
1.501800e+04 9.666634e+01
1.501900e+04 9.405277e+01
1.502000e+04 8.776633e+01
1.502100e+04 9.751559e+01
1.502200e+04 8.533847e+01
1.502300e+04 8.309913e+01
1.502400e+04 8.822063e+01
1.502500e+04 8.435155e+01
1.502600e+04 9.428195e+01
1.502700e+04 8.369641e+01
1.502800e+04 8.899668e+01
1.502900e+04 6.976476e+01
1.503000e+04 8.642217e+01
1.503100e+04 8.991157e+01
1.503200e+04 9.321196e+01
1.503300e+04 9.818488e+01
1.503400e+04 9.608391e+01
1.503500e+04 9.756151e+01
1.503600e+04 8.532804e+01
1.503700e+04 9.545732e+01
1.503800e+04 9.031685e+01
1.503900e+04 9.398531e+01
1.504000e+04 9.382309e+01
1.504100e+04 9.267174e+01
1.504200e+04 9.459300e+01
1.504300e+04 9.374077e+01
1.504400e+04 7.663515e+01
1.504500e+04 8.458125e+01
1.504600e+04 8.997072e+01
1.504700e+04 9.188235e+01
1.504800e+04 9.629889e+01
1.504900e+04 9.361181e+01
1.505000e+04 9.460641e+01
1.505100e+04 9.020665e+01
1.505200e+04 8.429298e+01
1.505300e+04 9.182875e+01
1.505400e+04 8.786643e+01
1.505500e+04 9.247698e+01
1.505600e+04 9.079484e+01
1.505700e+04 9.204389e+01
1.505800e+04 9.269943e+01
1.505900e+04 9.753389e+01
1.506000e+04 8.979422e+01
1.506100e+04 9.258329e+01
1.506200e+04 1.007158e+02
1.506300e+04 9.075607e+01
1.506400e+04 9.485609e+01
1.506500e+04 9.371383e+01
1.506600e+04 1.001794e+02
1.506700e+04 9.879461e+01
1.506800e+04 8.889684e+01
1.506900e+04 9.076798e+01
1.507000e+04 9.508416e+01
1.507100e+04 9.945308e+01
1.507200e+04 9.440762e+01
1.507300e+04 9.538580e+01
1.507400e+04 9.953681e+01
1.507500e+04 8.824463e+01
1.507600e+04 9.588513e+01
1.507700e+04 9.181217e+01
1.507800e+04 9.347333e+01
1.507900e+04 8.905888e+01
1.508000e+04 1.009247e+02
1.508100e+04 8.887431e+01
1.508200e+04 8.882757e+01
1.508300e+04 9.479670e+01
1.508400e+04 9.250130e+01
1.508500e+04 9.709617e+01
1.508600e+04 9.295850e+01
1.508700e+04 8.802948e+01
1.508800e+04 9.125271e+01
1.508900e+04 9.332337e+01
1.509000e+04 9.479622e+01
1.509100e+04 9.762245e+01
1.509200e+04 9.960010e+01
1.509300e+04 1.030686e+02
1.509400e+04 9.679181e+01
1.509500e+04 9.322573e+01
1.509600e+04 9.811423e+01
1.509700e+04 8.695078e+01
1.509800e+04 9.944504e+01
1.509900e+04 9.730087e+01
1.510000e+04 9.154216e+01
1.510100e+04 9.964340e+01
1.510200e+04 8.595300e+01
1.510300e+04 8.832137e+01
1.510400e+04 9.892674e+01
1.510500e+04 9.911851e+01
1.510600e+04 9.285799e+01
1.510700e+04 9.861492e+01
1.510800e+04 9.303035e+01
1.510900e+04 8.968641e+01
1.511000e+04 9.777794e+01
1.511100e+04 9.872284e+01
1.511200e+04 9.034616e+01
1.511300e+04 9.079550e+01
1.511400e+04 9.670249e+01
1.511500e+04 9.803328e+01
1.511600e+04 9.493527e+01
1.511700e+04 9.196970e+01
1.511800e+04 9.310462e+01
1.511900e+04 8.946271e+01
1.512000e+04 9.457112e+01
1.512100e+04 9.440261e+01
1.512200e+04 9.773712e+01
1.512300e+04 9.976434e+01
1.512400e+04 9.749650e+01
1.512500e+04 9.376972e+01
1.512600e+04 9.278485e+01
1.512700e+04 9.253988e+01
1.512800e+04 9.327487e+01
1.512900e+04 9.806436e+01
1.513000e+04 9.471455e+01
1.513100e+04 9.743101e+01
1.513200e+04 8.720051e+01
1.513300e+04 9.315107e+01
1.513400e+04 8.262871e+01
1.513500e+04 8.372292e+01
1.513600e+04 8.937644e+01
1.513700e+04 9.600478e+01
1.513800e+04 8.929662e+01
1.513900e+04 8.349916e+01
1.514000e+04 9.052525e+01
1.514100e+04 9.997385e+01
1.514200e+04 9.975900e+01
1.514300e+04 9.208590e+01
1.514400e+04 9.548191e+01
1.514500e+04 1.012517e+02
1.514600e+04 9.978734e+01
1.514700e+04 9.868534e+01
1.514800e+04 9.616355e+01
1.514900e+04 9.582077e+01
1.515000e+04 8.543758e+01
1.515100e+04 9.602240e+01
1.515200e+04 8.448181e+01
1.515300e+04 8.920937e+01
1.515400e+04 9.534450e+01
1.515500e+04 1.018141e+02
1.515600e+04 9.565500e+01
1.515700e+04 9.810844e+01
1.515800e+04 9.521006e+01
1.515900e+04 9.165931e+01
1.516000e+04 9.833281e+01
1.516100e+04 1.025706e+02
1.516200e+04 9.395085e+01
1.516300e+04 8.293180e+01
1.516400e+04 9.353073e+01
1.516500e+04 9.228283e+01
1.516600e+04 8.974180e+01
1.516700e+04 7.033291e+01
1.516800e+04 9.094691e+01
1.516900e+04 9.132967e+01
1.517000e+04 9.035108e+01
1.517100e+04 8.592578e+01
1.517200e+04 8.554968e+01
1.517300e+04 7.920942e+01
1.517400e+04 8.729978e+01
1.517500e+04 8.300062e+01
1.517600e+04 8.549774e+01
1.517700e+04 8.607945e+01
1.517800e+04 9.136007e+01
1.517900e+04 9.142594e+01
1.518000e+04 9.046885e+01
1.518100e+04 9.838625e+01
1.518200e+04 9.954679e+01
1.518300e+04 9.881318e+01
1.518400e+04 1.018058e+02
1.518500e+04 9.627344e+01
1.518600e+04 9.858863e+01
1.518700e+04 8.605831e+01
1.518800e+04 9.682947e+01
1.518900e+04 9.222171e+01
1.519000e+04 9.480276e+01
1.519100e+04 9.048644e+01
1.519200e+04 9.811699e+01
1.519300e+04 9.464618e+01
1.519400e+04 9.419468e+01
1.519500e+04 9.389192e+01
1.519600e+04 9.898742e+01
1.519700e+04 9.872984e+01
1.519800e+04 8.217208e+01
1.519900e+04 9.682894e+01
1.520000e+04 9.547214e+01
1.520100e+04 9.102354e+01
1.520200e+04 8.869628e+01
1.520300e+04 9.487708e+01
1.520400e+04 9.878848e+01
1.520500e+04 9.202090e+01
1.520600e+04 9.354577e+01
1.520700e+04 9.426644e+01
1.520800e+04 9.748904e+01
1.520900e+04 9.422213e+01
1.521000e+04 9.965309e+01
1.521100e+04 9.458856e+01
1.521200e+04 9.524755e+01
1.521300e+04 9.909809e+01
1.521400e+04 1.018403e+02
1.521500e+04 9.666822e+01
1.521600e+04 9.849949e+01
1.521700e+04 9.905538e+01
1.521800e+04 9.247098e+01
1.521900e+04 1.014573e+02
1.522000e+04 8.816883e+01
1.522100e+04 9.560799e+01
1.522200e+04 9.834928e+01
1.522300e+04 9.324895e+01
1.522400e+04 9.958660e+01
1.522500e+04 8.862833e+01
1.522600e+04 1.001048e+02
1.522700e+04 9.021680e+01
1.522800e+04 9.083884e+01
1.522900e+04 9.319464e+01
1.523000e+04 9.745992e+01
1.523100e+04 9.279053e+01
1.523200e+04 9.890307e+01
1.523300e+04 9.992009e+01
1.523400e+04 9.715851e+01
1.523500e+04 9.623904e+01
1.523600e+04 9.829976e+01
1.523700e+04 9.274854e+01
1.523800e+04 9.670401e+01
1.523900e+04 1.005917e+02
1.524000e+04 9.516367e+01
1.524100e+04 8.651994e+01
1.524200e+04 8.895027e+01
1.524300e+04 9.512213e+01
1.524400e+04 9.207120e+01
1.524500e+04 9.631821e+01
1.524600e+04 9.401237e+01
1.524700e+04 8.933344e+01
1.524800e+04 9.367272e+01
1.524900e+04 9.117376e+01
1.525000e+04 9.255295e+01
1.525100e+04 9.430509e+01
1.525200e+04 9.135481e+01
1.525300e+04 9.312708e+01
1.525400e+04 9.290362e+01
1.525500e+04 9.578424e+01
1.525600e+04 9.722094e+01
1.525700e+04 9.707089e+01
1.525800e+04 9.325242e+01
1.525900e+04 9.506819e+01
1.526000e+04 9.190790e+01
1.526100e+04 8.566330e+01
1.526200e+04 8.454563e+01
1.526300e+04 9.129313e+01
1.526400e+04 9.275943e+01
1.526500e+04 9.890790e+01
1.526600e+04 9.431366e+01
1.526700e+04 9.610034e+01
1.526800e+04 9.032112e+01
1.526900e+04 8.051632e+01
1.527000e+04 8.696056e+01
1.527100e+04 8.907339e+01
1.527200e+04 9.639637e+01
1.527300e+04 1.001309e+02
1.527400e+04 9.205124e+01
1.527500e+04 9.341608e+01
1.527600e+04 9.719607e+01
1.527700e+04 9.301962e+01
1.527800e+04 9.588877e+01
1.527900e+04 9.644388e+01
1.528000e+04 8.974426e+01
1.528100e+04 9.720978e+01
1.528200e+04 9.133371e+01
1.528300e+04 8.709064e+01
1.528400e+04 9.418976e+01
1.528500e+04 8.226289e+01
1.528600e+04 9.508458e+01
1.528700e+04 9.201244e+01
1.528800e+04 8.394214e+01
1.528900e+04 9.635919e+01
1.529000e+04 9.940188e+01
1.529100e+04 9.897151e+01
1.529200e+04 9.261508e+01
1.529300e+04 8.894533e+01
1.529400e+04 8.894218e+01
1.529500e+04 9.748418e+01
1.529600e+04 9.440630e+01
1.529700e+04 9.768852e+01
1.529800e+04 9.390654e+01
1.529900e+04 9.490240e+01
1.530000e+04 9.405709e+01
1.530100e+04 9.947275e+01
1.530200e+04 9.358132e+01
1.530300e+04 9.633499e+01
1.530400e+04 9.754909e+01
1.530500e+04 9.795787e+01
1.530600e+04 9.303933e+01
1.530700e+04 9.493179e+01
1.530800e+04 9.550331e+01
1.530900e+04 9.305073e+01
1.531000e+04 1.001676e+02
1.531100e+04 9.484318e+01
1.531200e+04 9.357592e+01
1.531300e+04 9.934027e+01
1.531400e+04 9.417424e+01
1.531500e+04 8.920823e+01
1.531600e+04 9.451995e+01
1.531700e+04 9.409901e+01
1.531800e+04 9.469251e+01
1.531900e+04 9.740793e+01
1.532000e+04 8.565147e+01
1.532100e+04 8.767322e+01
1.532200e+04 8.774239e+01
1.532300e+04 9.086391e+01
1.532400e+04 8.784696e+01
1.532500e+04 9.060263e+01
1.532600e+04 8.826532e+01
1.532700e+04 9.789695e+01
1.532800e+04 8.799599e+01
1.532900e+04 9.120194e+01
1.533000e+04 8.787662e+01
1.533100e+04 9.553026e+01
1.533200e+04 9.017656e+01
1.533300e+04 8.719392e+01
1.533400e+04 9.756306e+01
1.533500e+04 9.454259e+01
1.533600e+04 9.807654e+01
1.533700e+04 9.490879e+01
1.533800e+04 9.317028e+01
1.533900e+04 7.921431e+01
1.534000e+04 9.536893e+01
1.534100e+04 9.134980e+01
1.534200e+04 9.387892e+01
1.534300e+04 9.848553e+01
1.534400e+04 9.331569e+01
1.534500e+04 9.425600e+01
1.534600e+04 9.037717e+01
1.534700e+04 9.518651e+01
1.534800e+04 9.663123e+01
1.534900e+04 9.331770e+01
1.535000e+04 8.981209e+01
1.535100e+04 9.134696e+01
1.535200e+04 9.482802e+01
1.535300e+04 9.581687e+01
1.535400e+04 9.760203e+01
1.535500e+04 9.714138e+01
1.535600e+04 9.598190e+01
1.535700e+04 9.412420e+01
1.535800e+04 8.774141e+01
1.535900e+04 9.569673e+01
1.536000e+04 9.527497e+01
1.536100e+04 1.004610e+02
1.536200e+04 1.002909e+02
1.536300e+04 9.602180e+01
1.536400e+04 9.184246e+01
1.536500e+04 9.483579e+01
1.536600e+04 9.085571e+01
1.536700e+04 9.251850e+01
1.536800e+04 9.701538e+01
1.536900e+04 9.453607e+01
1.537000e+04 9.123777e+01
1.537100e+04 9.350253e+01
1.537200e+04 9.753956e+01
1.537300e+04 9.043330e+01
1.537400e+04 9.590295e+01
1.537500e+04 8.937701e+01
1.537600e+04 9.255575e+01
1.537700e+04 8.919401e+01
1.537800e+04 8.986950e+01
1.537900e+04 9.211699e+01
1.538000e+04 9.203149e+01
1.538100e+04 8.913339e+01
1.538200e+04 9.408869e+01
1.538300e+04 9.550924e+01
1.538400e+04 9.360976e+01
1.538500e+04 8.795037e+01
1.538600e+04 9.550274e+01
1.538700e+04 9.247611e+01
1.538800e+04 8.860921e+01
1.538900e+04 9.358603e+01
1.539000e+04 9.706490e+01
1.539100e+04 9.439338e+01
1.539200e+04 9.637201e+01
1.539300e+04 9.441469e+01
1.539400e+04 8.950384e+01
1.539500e+04 8.719990e+01
1.539600e+04 8.844663e+01
1.539700e+04 9.289810e+01
1.539800e+04 8.956349e+01
1.539900e+04 9.379245e+01
1.540000e+04 9.324751e+01
1.540100e+04 9.081489e+01
1.540200e+04 9.551096e+01
1.540300e+04 9.580199e+01
1.540400e+04 8.758596e+01
1.540500e+04 8.724147e+01
1.540600e+04 8.736815e+01
1.540700e+04 9.223424e+01
1.540800e+04 9.005118e+01
1.540900e+04 9.032062e+01
1.541000e+04 8.859363e+01
1.541100e+04 8.064876e+01
1.541200e+04 8.746390e+01
1.541300e+04 8.053923e+01
1.541400e+04 9.406112e+01
1.541500e+04 9.781681e+01
1.541600e+04 1.012021e+02
1.541700e+04 9.681412e+01
1.541800e+04 9.745662e+01
1.541900e+04 8.841208e+01
1.542000e+04 9.240306e+01
1.542100e+04 9.706292e+01
1.542200e+04 9.246793e+01
1.542300e+04 9.069354e+01
1.542400e+04 8.382010e+01
1.542500e+04 8.604686e+01
1.542600e+04 8.240672e+01
1.542700e+04 8.675176e+01
1.542800e+04 9.589259e+01
1.542900e+04 9.099389e+01
1.543000e+04 9.111956e+01
1.543100e+04 9.154787e+01
1.543200e+04 8.557038e+01
1.543300e+04 8.768353e+01
1.543400e+04 8.916065e+01
1.543500e+04 9.316523e+01
1.543600e+04 9.351956e+01
1.543700e+04 9.632272e+01
1.543800e+04 8.939590e+01
1.543900e+04 8.852877e+01
1.544000e+04 8.969149e+01
1.544100e+04 9.637271e+01
1.544200e+04 9.128736e+01
1.544300e+04 9.204392e+01
1.544400e+04 9.288511e+01
1.544500e+04 9.502732e+01
1.544600e+04 9.461481e+01
1.544700e+04 9.502766e+01
1.544800e+04 9.447014e+01
1.544900e+04 9.158254e+01
1.545000e+04 9.522541e+01
1.545100e+04 9.717339e+01
1.545200e+04 9.015190e+01
1.545300e+04 9.323556e+01
1.545400e+04 9.481925e+01
1.545500e+04 9.823329e+01
1.545600e+04 9.746640e+01
1.545700e+04 9.695148e+01
1.545800e+04 9.454731e+01
1.545900e+04 9.211103e+01
1.546000e+04 9.122561e+01
1.546100e+04 9.882394e+01
1.546200e+04 8.837085e+01
1.546300e+04 9.777543e+01
1.546400e+04 9.750389e+01
1.546500e+04 9.267663e+01
1.546600e+04 8.709315e+01
1.546700e+04 9.361910e+01
1.546800e+04 9.166690e+01
1.546900e+04 9.576839e+01
1.547000e+04 9.541775e+01
1.547100e+04 9.252807e+01
1.547200e+04 9.135763e+01
1.547300e+04 9.530816e+01
1.547400e+04 8.801590e+01
1.547500e+04 8.641344e+01
1.547600e+04 9.836098e+01
1.547700e+04 8.885232e+01
1.547800e+04 9.006559e+01
1.547900e+04 9.204528e+01
1.548000e+04 9.046787e+01
1.548100e+04 9.488147e+01
1.548200e+04 9.236922e+01
1.548300e+04 9.431965e+01
1.548400e+04 8.957367e+01
1.548500e+04 9.706440e+01
1.548600e+04 9.659241e+01
1.548700e+04 9.451364e+01
1.548800e+04 9.022274e+01
1.548900e+04 9.296423e+01
1.549000e+04 8.745158e+01
1.549100e+04 9.786228e+01
1.549200e+04 9.006103e+01
1.549300e+04 9.671858e+01
1.549400e+04 9.705108e+01
1.549500e+04 9.472365e+01
1.549600e+04 9.709343e+01
1.549700e+04 9.561866e+01
1.549800e+04 9.758775e+01
1.549900e+04 9.854976e+01
1.550000e+04 9.643567e+01
1.550100e+04 8.670677e+01
1.550200e+04 9.293577e+01
1.550300e+04 8.245525e+01
1.550400e+04 9.421416e+01
1.550500e+04 9.284756e+01
1.550600e+04 9.212218e+01
1.550700e+04 9.096236e+01
1.550800e+04 8.661082e+01
1.550900e+04 8.899281e+01
1.551000e+04 7.991972e+01
1.551100e+04 8.836526e+01
1.551200e+04 9.003428e+01
1.551300e+04 9.719138e+01
1.551400e+04 9.842245e+01
1.551500e+04 9.518067e+01
1.551600e+04 9.792309e+01
1.551700e+04 9.336667e+01
1.551800e+04 8.735651e+01
1.551900e+04 8.886960e+01
1.552000e+04 9.357064e+01
1.552100e+04 9.568485e+01
1.552200e+04 9.720061e+01
1.552300e+04 9.840398e+01
1.552400e+04 9.438727e+01
1.552500e+04 9.897154e+01
1.552600e+04 9.597243e+01
1.552700e+04 9.455277e+01
1.552800e+04 9.421570e+01
1.552900e+04 9.210725e+01
1.553000e+04 9.220180e+01
1.553100e+04 1.006285e+02
1.553200e+04 9.316501e+01
1.553300e+04 9.270335e+01
1.553400e+04 9.523014e+01
1.553500e+04 9.186360e+01
1.553600e+04 9.451692e+01
1.553700e+04 8.657626e+01
1.553800e+04 9.282384e+01
1.553900e+04 8.861962e+01
1.554000e+04 8.874804e+01
1.554100e+04 8.579923e+01
1.554200e+04 9.669647e+01
1.554300e+04 9.525047e+01
1.554400e+04 9.541505e+01
1.554500e+04 8.964272e+01
1.554600e+04 8.195236e+01
1.554700e+04 9.012151e+01
1.554800e+04 7.729124e+01
1.554900e+04 8.807016e+01
1.555000e+04 9.458208e+01
1.555100e+04 9.333754e+01
1.555200e+04 9.718069e+01
1.555300e+04 9.629968e+01
1.555400e+04 9.467156e+01
1.555500e+04 9.713166e+01
1.555600e+04 9.447514e+01
1.555700e+04 8.699763e+01
1.555800e+04 9.393981e+01
1.555900e+04 9.280437e+01
1.556000e+04 9.076699e+01
1.556100e+04 9.416003e+01
1.556200e+04 8.374581e+01
1.556300e+04 9.330758e+01
1.556400e+04 8.981516e+01
1.556500e+04 9.082911e+01
1.556600e+04 8.850045e+01
1.556700e+04 9.554784e+01
1.556800e+04 9.384479e+01
1.556900e+04 9.569805e+01
1.557000e+04 8.971070e+01
1.557100e+04 9.404163e+01
1.557200e+04 8.647681e+01
1.557300e+04 8.316447e+01
1.557400e+04 9.305804e+01
1.557500e+04 9.174468e+01
1.557600e+04 8.200906e+01
1.557700e+04 8.769850e+01
1.557800e+04 9.183367e+01
1.557900e+04 9.569696e+01
1.558000e+04 9.318792e+01
1.558100e+04 9.084129e+01
1.558200e+04 9.064918e+01
1.558300e+04 9.034736e+01
1.558400e+04 9.336515e+01
1.558500e+04 9.322289e+01
1.558600e+04 9.180643e+01
1.558700e+04 9.263314e+01
1.558800e+04 9.469294e+01
1.558900e+04 9.679339e+01
1.559000e+04 9.347015e+01
1.559100e+04 9.517333e+01
1.559200e+04 9.317985e+01
1.559300e+04 9.374957e+01
1.559400e+04 9.403415e+01
1.559500e+04 9.372505e+01
1.559600e+04 9.050020e+01
1.559700e+04 9.082429e+01
1.559800e+04 9.300759e+01
1.559900e+04 9.564192e+01
1.560000e+04 9.256236e+01
1.560100e+04 9.145735e+01
1.560200e+04 9.099649e+01
1.560300e+04 9.278604e+01
1.560400e+04 9.361832e+01
1.560500e+04 9.252518e+01
1.560600e+04 8.896022e+01
1.560700e+04 9.181019e+01
1.560800e+04 9.814089e+01
1.560900e+04 9.218332e+01
1.561000e+04 9.216217e+01
1.561100e+04 9.292611e+01
1.561200e+04 9.222005e+01
1.561300e+04 9.378863e+01
1.561400e+04 9.063936e+01
1.561500e+04 9.433343e+01
1.561600e+04 9.852081e+01
1.561700e+04 9.094365e+01
1.561800e+04 8.916298e+01
1.561900e+04 9.427505e+01
1.562000e+04 9.491736e+01
1.562100e+04 8.987530e+01
1.562200e+04 9.370490e+01
1.562300e+04 9.603302e+01
1.562400e+04 9.483148e+01
1.562500e+04 9.537297e+01
1.562600e+04 9.149893e+01
1.562700e+04 9.403269e+01
1.562800e+04 9.309188e+01
1.562900e+04 9.224529e+01
1.563000e+04 9.514496e+01
1.563100e+04 7.847572e+01
1.563200e+04 8.628154e+01
1.563300e+04 9.460231e+01
1.563400e+04 1.009440e+02
1.563500e+04 9.349362e+01
1.563600e+04 9.203420e+01
1.563700e+04 9.461087e+01
1.563800e+04 9.268554e+01
1.563900e+04 9.109447e+01
1.564000e+04 9.465325e+01
1.564100e+04 9.450012e+01
1.564200e+04 9.802629e+01
1.564300e+04 9.597172e+01
1.564400e+04 9.796402e+01
1.564500e+04 9.336064e+01
1.564600e+04 9.175369e+01
1.564700e+04 9.304466e+01
1.564800e+04 9.211623e+01
1.564900e+04 9.251776e+01
1.565000e+04 9.667486e+01
1.565100e+04 8.946257e+01
1.565200e+04 8.957908e+01
1.565300e+04 9.219897e+01
1.565400e+04 9.522280e+01
1.565500e+04 9.007285e+01
1.565600e+04 8.325854e+01
1.565700e+04 8.435669e+01
1.565800e+04 8.023810e+01
1.565900e+04 9.035613e+01
1.566000e+04 8.976886e+01
1.566100e+04 8.935265e+01
1.566200e+04 9.701241e+01
1.566300e+04 9.271323e+01
1.566400e+04 9.336059e+01
1.566500e+04 9.260009e+01
1.566600e+04 9.381718e+01
1.566700e+04 9.578874e+01
1.566800e+04 9.378511e+01
1.566900e+04 9.091261e+01
1.567000e+04 9.641916e+01
1.567100e+04 9.698998e+01
1.567200e+04 9.311882e+01
1.567300e+04 9.140865e+01
1.567400e+04 9.929415e+01
1.567500e+04 9.675490e+01
1.567600e+04 9.863763e+01
1.567700e+04 9.510077e+01
1.567800e+04 9.171799e+01
1.567900e+04 9.346799e+01
1.568000e+04 9.509257e+01
1.568100e+04 9.853770e+01
1.568200e+04 9.267990e+01
1.568300e+04 9.332627e+01
1.568400e+04 9.487383e+01
1.568500e+04 9.746965e+01
1.568600e+04 9.146825e+01
1.568700e+04 9.692836e+01
1.568800e+04 9.372810e+01
1.568900e+04 9.294205e+01
1.569000e+04 9.092102e+01
1.569100e+04 9.176609e+01
1.569200e+04 9.510456e+01
1.569300e+04 9.027162e+01
1.569400e+04 9.559572e+01
1.569500e+04 9.481468e+01
1.569600e+04 9.562830e+01
1.569700e+04 8.985366e+01
1.569800e+04 9.235508e+01
1.569900e+04 9.317288e+01
1.570000e+04 8.992187e+01
1.570100e+04 8.983968e+01
1.570200e+04 9.345880e+01
1.570300e+04 8.772013e+01
1.570400e+04 9.206322e+01
1.570500e+04 9.547729e+01
1.570600e+04 9.444737e+01
1.570700e+04 9.439673e+01
1.570800e+04 9.337913e+01
1.570900e+04 9.468515e+01
1.571000e+04 9.432959e+01
1.571100e+04 9.436505e+01
1.571200e+04 9.299643e+01
1.571300e+04 9.234242e+01
1.571400e+04 9.318277e+01
1.571500e+04 9.238643e+01
1.571600e+04 9.753966e+01
1.571700e+04 9.486395e+01
1.571800e+04 9.523119e+01
1.571900e+04 9.211435e+01
1.572000e+04 7.876504e+01
1.572100e+04 8.072187e+01
1.572200e+04 9.152015e+01
1.572300e+04 9.571952e+01
1.572400e+04 8.040865e+01
1.572500e+04 9.085731e+01
1.572600e+04 9.516496e+01
1.572700e+04 9.002359e+01
1.572800e+04 9.263342e+01
1.572900e+04 9.805520e+01
1.573000e+04 9.529861e+01
1.573100e+04 7.952280e+01
1.573200e+04 9.259562e+01
1.573300e+04 9.716673e+01
1.573400e+04 9.099660e+01
1.573500e+04 8.207230e+01
1.573600e+04 9.531156e+01
1.573700e+04 8.824760e+01
1.573800e+04 9.561844e+01
1.573900e+04 9.186218e+01
1.574000e+04 9.557640e+01
1.574100e+04 9.741024e+01
1.574200e+04 9.224441e+01
1.574300e+04 9.466149e+01
1.574400e+04 9.468550e+01
1.574500e+04 9.248809e+01
1.574600e+04 9.421779e+01
1.574700e+04 9.386683e+01
1.574800e+04 9.213178e+01
1.574900e+04 9.205202e+01
1.575000e+04 8.966903e+01
1.575100e+04 9.226217e+01
1.575200e+04 9.151144e+01
1.575300e+04 9.271385e+01
1.575400e+04 9.291617e+01
1.575500e+04 9.338611e+01
1.575600e+04 9.397734e+01
1.575700e+04 9.123895e+01
1.575800e+04 9.358672e+01
1.575900e+04 9.178810e+01
1.576000e+04 8.607693e+01
1.576100e+04 8.616904e+01
1.576200e+04 9.286592e+01
1.576300e+04 8.989914e+01
1.576400e+04 9.177761e+01
1.576500e+04 9.240108e+01
1.576600e+04 9.079550e+01
1.576700e+04 9.185159e+01
1.576800e+04 9.201326e+01
1.576900e+04 8.758664e+01
1.577000e+04 8.773515e+01
1.577100e+04 8.828394e+01
1.577200e+04 9.233116e+01
1.577300e+04 9.041824e+01
1.577400e+04 9.305257e+01
1.577500e+04 9.004450e+01
1.577600e+04 9.335157e+01
1.577700e+04 9.206064e+01
1.577800e+04 9.593182e+01
1.577900e+04 9.404027e+01
1.578000e+04 8.864793e+01
1.578100e+04 8.329478e+01
1.578200e+04 9.249638e+01
1.578300e+04 8.425942e+01
1.578400e+04 9.515999e+01
1.578500e+04 9.338557e+01
1.578600e+04 9.581296e+01
1.578700e+04 9.176479e+01
1.578800e+04 9.253002e+01
1.578900e+04 9.294282e+01
1.579000e+04 9.632271e+01
1.579100e+04 9.335048e+01
1.579200e+04 9.564292e+01
1.579300e+04 9.051362e+01
1.579400e+04 9.792841e+01
1.579500e+04 9.679724e+01
1.579600e+04 9.613094e+01
1.579700e+04 9.160527e+01
1.579800e+04 9.600622e+01
1.579900e+04 9.535814e+01
1.580000e+04 9.322881e+01
1.580100e+04 9.621396e+01
1.580200e+04 9.141916e+01
1.580300e+04 9.102948e+01
1.580400e+04 9.237306e+01
1.580500e+04 9.232786e+01
1.580600e+04 9.199038e+01
1.580700e+04 9.339104e+01
1.580800e+04 9.624359e+01
1.580900e+04 9.471948e+01
1.581000e+04 9.288443e+01
1.581100e+04 9.616609e+01
1.581200e+04 9.905410e+01
1.581300e+04 9.645400e+01
1.581400e+04 9.426391e+01
1.581500e+04 9.574423e+01
1.581600e+04 9.205925e+01
1.581700e+04 9.268410e+01
1.581800e+04 9.294335e+01
1.581900e+04 9.220155e+01
1.582000e+04 9.456880e+01
1.582100e+04 9.428281e+01
1.582200e+04 9.240104e+01
1.582300e+04 9.099475e+01
1.582400e+04 9.753995e+01
1.582500e+04 9.341645e+01
1.582600e+04 9.551082e+01
1.582700e+04 9.489861e+01
1.582800e+04 9.234563e+01
1.582900e+04 9.508819e+01
1.583000e+04 9.507657e+01
1.583100e+04 9.228171e+01
1.583200e+04 9.698029e+01
1.583300e+04 9.093583e+01
1.583400e+04 8.833126e+01
1.583500e+04 9.454687e+01
1.583600e+04 9.564405e+01
1.583700e+04 9.333448e+01
1.583800e+04 9.163885e+01
1.583900e+04 9.111782e+01
1.584000e+04 8.976312e+01
1.584100e+04 8.914615e+01
1.584200e+04 8.917531e+01
1.584300e+04 9.389776e+01
1.584400e+04 9.445448e+01
1.584500e+04 9.324852e+01
1.584600e+04 9.128806e+01
1.584700e+04 8.967981e+01
1.584800e+04 9.367133e+01
1.584900e+04 9.557423e+01
1.585000e+04 9.035463e+01
1.585100e+04 9.342541e+01
1.585200e+04 8.948795e+01
1.585300e+04 9.326013e+01
1.585400e+04 9.637534e+01
1.585500e+04 9.566665e+01
1.585600e+04 9.422164e+01
1.585700e+04 9.728864e+01
1.585800e+04 9.591072e+01
1.585900e+04 9.359889e+01
1.586000e+04 9.346909e+01
1.586100e+04 9.889061e+01
1.586200e+04 9.571236e+01
1.586300e+04 9.647799e+01
1.586400e+04 9.585692e+01
1.586500e+04 9.328615e+01
1.586600e+04 9.263202e+01
1.586700e+04 9.083385e+01
1.586800e+04 9.199689e+01
1.586900e+04 9.669446e+01
1.587000e+04 9.444000e+01
1.587100e+04 9.265152e+01
1.587200e+04 9.529755e+01
1.587300e+04 9.429348e+01
1.587400e+04 9.540206e+01
1.587500e+04 9.596584e+01
1.587600e+04 9.639701e+01
1.587700e+04 9.452838e+01
1.587800e+04 9.374889e+01
1.587900e+04 9.292109e+01
1.588000e+04 9.558082e+01
1.588100e+04 9.265468e+01
1.588200e+04 9.679540e+01
1.588300e+04 9.465425e+01
1.588400e+04 9.381031e+01
1.588500e+04 9.318460e+01
1.588600e+04 9.621637e+01
1.588700e+04 9.700014e+01
1.588800e+04 9.296067e+01
1.588900e+04 8.357121e+01
1.589000e+04 9.552739e+01
1.589100e+04 9.267610e+01
1.589200e+04 8.078463e+01
1.589300e+04 9.037839e+01
1.589400e+04 9.674557e+01
1.589500e+04 9.439492e+01
1.589600e+04 8.826825e+01
1.589700e+04 8.909908e+01
1.589800e+04 7.835938e+01
1.589900e+04 9.009654e+01
1.590000e+04 9.128447e+01
1.590100e+04 9.316118e+01
1.590200e+04 8.099259e+01
1.590300e+04 9.021206e+01
1.590400e+04 9.152690e+01
1.590500e+04 9.280027e+01
1.590600e+04 9.459822e+01
1.590700e+04 9.734130e+01
1.590800e+04 9.510041e+01
1.590900e+04 9.473220e+01
1.591000e+04 9.293210e+01
1.591100e+04 9.107371e+01
1.591200e+04 9.432129e+01
1.591300e+04 9.568770e+01
1.591400e+04 9.702325e+01
1.591500e+04 8.206230e+01
1.591600e+04 9.348379e+01
1.591700e+04 8.240060e+01
1.591800e+04 9.514889e+01
1.591900e+04 9.218079e+01
1.592000e+04 9.197259e+01
1.592100e+04 9.417885e+01
1.592200e+04 9.574464e+01
1.592300e+04 9.013812e+01
1.592400e+04 9.470364e+01
1.592500e+04 9.577891e+01
1.592600e+04 9.235848e+01
1.592700e+04 9.540278e+01
1.592800e+04 9.720093e+01
1.592900e+04 9.175646e+01
1.593000e+04 9.378083e+01
1.593100e+04 9.284457e+01
1.593200e+04 8.901332e+01
1.593300e+04 9.198793e+01
1.593400e+04 9.387841e+01
1.593500e+04 9.260203e+01
1.593600e+04 9.781585e+01
1.593700e+04 9.548771e+01
1.593800e+04 9.457999e+01
1.593900e+04 9.223408e+01
1.594000e+04 9.327529e+01
1.594100e+04 9.360928e+01
1.594200e+04 9.585063e+01
1.594300e+04 9.531357e+01
1.594400e+04 9.422969e+01
1.594500e+04 8.933122e+01
1.594600e+04 9.407548e+01
1.594700e+04 9.654071e+01
1.594800e+04 9.753778e+01
1.594900e+04 9.206725e+01
1.595000e+04 9.539159e+01
1.595100e+04 9.134210e+01
1.595200e+04 9.417340e+01
1.595300e+04 9.783791e+01
1.595400e+04 9.553893e+01
1.595500e+04 9.482249e+01
1.595600e+04 9.615829e+01
1.595700e+04 9.772964e+01
1.595800e+04 9.573719e+01
1.595900e+04 9.320238e+01
1.596000e+04 9.370715e+01
1.596100e+04 9.780676e+01
1.596200e+04 9.715339e+01
1.596300e+04 9.194891e+01
1.596400e+04 9.552685e+01
1.596500e+04 9.538903e+01
1.596600e+04 9.700027e+01
1.596700e+04 9.767286e+01
1.596800e+04 9.539763e+01
1.596900e+04 8.964237e+01
1.597000e+04 9.451280e+01
1.597100e+04 9.332726e+01
1.597200e+04 9.382573e+01
1.597300e+04 9.047634e+01
1.597400e+04 9.318892e+01
1.597500e+04 9.013773e+01
1.597600e+04 9.641886e+01
1.597700e+04 9.371941e+01
1.597800e+04 9.195881e+01
1.597900e+04 9.590115e+01
1.598000e+04 9.683709e+01
1.598100e+04 9.427589e+01
1.598200e+04 9.134753e+01
1.598300e+04 9.321626e+01
1.598400e+04 9.448455e+01
1.598500e+04 9.345920e+01
1.598600e+04 9.376626e+01
1.598700e+04 9.664953e+01
1.598800e+04 9.173917e+01
1.598900e+04 9.493329e+01
1.599000e+04 9.410912e+01
1.599100e+04 9.418266e+01
1.599200e+04 9.450428e+01
1.599300e+04 9.260166e+01
1.599400e+04 9.373328e+01
1.599500e+04 9.422955e+01
1.599600e+04 9.384419e+01
1.599700e+04 9.117885e+01
1.599800e+04 9.318077e+01
1.599900e+04 9.382596e+01
1.600000e+04 9.760331e+01
1.600100e+04 9.171379e+01
1.600200e+04 9.666726e+01
1.600300e+04 9.658762e+01
1.600400e+04 9.491077e+01
1.600500e+04 9.576941e+01
1.600600e+04 8.694062e+01
1.600700e+04 9.366450e+01
1.600800e+04 9.201235e+01
1.600900e+04 9.407344e+01
1.601000e+04 9.687730e+01
1.601100e+04 9.592706e+01
1.601200e+04 9.534201e+01
1.601300e+04 9.644743e+01
1.601400e+04 9.336317e+01
1.601500e+04 9.510457e+01
1.601600e+04 9.263435e+01
1.601700e+04 9.481401e+01
1.601800e+04 9.069044e+01
1.601900e+04 9.438581e+01
1.602000e+04 9.604887e+01
1.602100e+04 9.113468e+01
1.602200e+04 9.530047e+01
1.602300e+04 9.035090e+01
1.602400e+04 9.132090e+01
1.602500e+04 9.265309e+01
1.602600e+04 9.608820e+01
1.602700e+04 9.619907e+01
1.602800e+04 9.628876e+01
1.602900e+04 9.559867e+01
1.603000e+04 9.488515e+01
1.603100e+04 9.051080e+01
1.603200e+04 9.739977e+01
1.603300e+04 9.202303e+01
1.603400e+04 9.558621e+01
1.603500e+04 9.562278e+01
1.603600e+04 9.091709e+01
1.603700e+04 9.611405e+01
1.603800e+04 9.744313e+01
1.603900e+04 9.307421e+01
1.604000e+04 9.155707e+01
1.604100e+04 8.336202e+01
1.604200e+04 9.553915e+01
1.604300e+04 8.082557e+01
1.604400e+04 9.222614e+01
1.604500e+04 9.405277e+01
1.604600e+04 9.154382e+01
1.604700e+04 9.132963e+01
1.604800e+04 9.135308e+01
1.604900e+04 9.480250e+01
1.605000e+04 9.170311e+01
1.605100e+04 9.590701e+01
1.605200e+04 9.519698e+01
1.605300e+04 9.666481e+01
1.605400e+04 9.624963e+01
1.605500e+04 9.180358e+01
1.605600e+04 9.368347e+01
1.605700e+04 8.189932e+01
1.605800e+04 9.386405e+01
1.605900e+04 9.543868e+01
1.606000e+04 8.198416e+01
1.606100e+04 9.407458e+01
1.606200e+04 9.180261e+01
1.606300e+04 9.381911e+01
1.606400e+04 9.520693e+01
1.606500e+04 9.302313e+01
1.606600e+04 8.009561e+01
1.606700e+04 9.238449e+01
1.606800e+04 9.621492e+01
1.606900e+04 8.768074e+01
1.607000e+04 9.302147e+01
1.607100e+04 9.470895e+01
1.607200e+04 9.528222e+01
1.607300e+04 9.209341e+01
1.607400e+04 8.038633e+01
1.607500e+04 9.741615e+01
1.607600e+04 9.554961e+01
1.607700e+04 9.606835e+01
1.607800e+04 8.742750e+01
1.607900e+04 8.679593e+01
1.608000e+04 8.903060e+01
1.608100e+04 9.261873e+01
1.608200e+04 9.109869e+01
1.608300e+04 9.529353e+01
1.608400e+04 9.525438e+01
1.608500e+04 9.333180e+01
1.608600e+04 9.548921e+01
1.608700e+04 9.272642e+01
1.608800e+04 9.515361e+01
1.608900e+04 9.500962e+01
1.609000e+04 9.631202e+01
1.609100e+04 9.385385e+01
1.609200e+04 9.553652e+01
1.609300e+04 9.298281e+01
1.609400e+04 9.339922e+01
1.609500e+04 9.247809e+01
1.609600e+04 9.784191e+01
1.609700e+04 9.243221e+01
1.609800e+04 9.488898e+01
1.609900e+04 9.282292e+01
1.610000e+04 9.245365e+01
1.610100e+04 9.594417e+01
1.610200e+04 9.493695e+01
1.610300e+04 9.473953e+01
1.610400e+04 9.355358e+01
1.610500e+04 9.521745e+01
1.610600e+04 9.234764e+01
1.610700e+04 9.260272e+01
1.610800e+04 8.993134e+01
1.610900e+04 9.433842e+01
1.611000e+04 9.503911e+01
1.611100e+04 9.159541e+01
1.611200e+04 9.346308e+01
1.611300e+04 9.211551e+01
1.611400e+04 9.288882e+01
1.611500e+04 9.527292e+01
1.611600e+04 9.365682e+01
1.611700e+04 9.593984e+01
1.611800e+04 9.697545e+01
1.611900e+04 9.439266e+01
1.612000e+04 9.115959e+01
1.612100e+04 8.894640e+01
1.612200e+04 9.373430e+01
1.612300e+04 9.539882e+01
1.612400e+04 9.321197e+01
1.612500e+04 9.506830e+01
1.612600e+04 9.185769e+01
1.612700e+04 9.584153e+01
1.612800e+04 9.049700e+01
1.612900e+04 9.059198e+01
1.613000e+04 9.755160e+01
1.613100e+04 9.187332e+01
1.613200e+04 9.472804e+01
1.613300e+04 9.202319e+01
1.613400e+04 9.461687e+01
1.613500e+04 9.077806e+01
1.613600e+04 9.130771e+01
1.613700e+04 9.374201e+01
1.613800e+04 8.958473e+01
1.613900e+04 9.002035e+01
1.614000e+04 8.964422e+01
1.614100e+04 8.014915e+01
1.614200e+04 8.506087e+01
1.614300e+04 8.970909e+01
1.614400e+04 9.211488e+01
1.614500e+04 9.351704e+01
1.614600e+04 9.233016e+01
1.614700e+04 9.300649e+01
1.614800e+04 9.129197e+01
1.614900e+04 9.114453e+01
1.615000e+04 9.231312e+01
1.615100e+04 9.030034e+01
1.615200e+04 8.952608e+01
1.615300e+04 8.870704e+01
1.615400e+04 8.366218e+01
1.615500e+04 7.273101e+01
1.615600e+04 8.145174e+01
1.615700e+04 8.639597e+01
1.615800e+04 8.522752e+01
1.615900e+04 8.512422e+01
1.616000e+04 8.001054e+01
1.616100e+04 7.952581e+01
1.616200e+04 7.232714e+01
1.616300e+04 8.359422e+01
1.616400e+04 8.437079e+01
1.616500e+04 9.096305e+01
1.616600e+04 9.334172e+01
1.616700e+04 9.392072e+01
1.616800e+04 9.235529e+01
1.616900e+04 9.175437e+01
1.617000e+04 9.091996e+01
1.617100e+04 9.441708e+01
1.617200e+04 9.560225e+01
1.617300e+04 9.249663e+01
1.617400e+04 9.369391e+01
1.617500e+04 9.427422e+01
1.617600e+04 9.621250e+01
1.617700e+04 9.476216e+01
1.617800e+04 9.430242e+01
1.617900e+04 9.460217e+01
1.618000e+04 9.589309e+01
1.618100e+04 9.531773e+01
1.618200e+04 9.375249e+01
1.618300e+04 9.277745e+01
1.618400e+04 9.137119e+01
1.618500e+04 9.268441e+01
1.618600e+04 9.512837e+01
1.618700e+04 9.480822e+01
1.618800e+04 9.097382e+01
1.618900e+04 8.991541e+01
1.619000e+04 9.193074e+01
1.619100e+04 9.079484e+01
1.619200e+04 8.956218e+01
1.619300e+04 8.962129e+01
1.619400e+04 8.297717e+01
1.619500e+04 8.156229e+01
1.619600e+04 8.731863e+01
1.619700e+04 8.415804e+01
1.619800e+04 8.644483e+01
1.619900e+04 8.610966e+01
1.620000e+04 8.101968e+01
1.620100e+04 7.261293e+01
1.620200e+04 7.339782e+01
1.620300e+04 8.339932e+01
1.620400e+04 8.682046e+01
1.620500e+04 8.650994e+01
1.620600e+04 8.977311e+01
1.620700e+04 8.864460e+01
1.620800e+04 8.016183e+01
1.620900e+04 7.890880e+01
1.621000e+04 8.953022e+01
1.621100e+04 8.545630e+01
1.621200e+04 7.950414e+01
1.621300e+04 8.927594e+01
1.621400e+04 9.001246e+01
1.621500e+04 9.419113e+01
1.621600e+04 9.405738e+01
1.621700e+04 9.498343e+01
1.621800e+04 8.870946e+01
1.621900e+04 9.298050e+01
1.622000e+04 9.205518e+01
1.622100e+04 8.887626e+01
1.622200e+04 9.282164e+01
1.622300e+04 9.071692e+01
1.622400e+04 9.142711e+01
1.622500e+04 9.072755e+01
1.622600e+04 9.395996e+01
1.622700e+04 9.322430e+01
1.622800e+04 9.286605e+01
1.622900e+04 9.009850e+01
1.623000e+04 8.398399e+01
1.623100e+04 9.227057e+01
1.623200e+04 9.288853e+01
1.623300e+04 9.315933e+01
1.623400e+04 9.297025e+01
1.623500e+04 8.805256e+01
1.623600e+04 8.909534e+01
1.623700e+04 9.281521e+01
1.623800e+04 9.527656e+01
1.623900e+04 9.632943e+01
1.624000e+04 9.120698e+01
1.624100e+04 9.538820e+01
1.624200e+04 9.604893e+01
1.624300e+04 9.552811e+01
1.624400e+04 9.359468e+01
1.624500e+04 9.145146e+01
1.624600e+04 8.665425e+01
1.624700e+04 9.289057e+01
1.624800e+04 9.346114e+01
1.624900e+04 9.378676e+01
1.625000e+04 9.385821e+01
1.625100e+04 9.520095e+01
1.625200e+04 8.418885e+01
1.625300e+04 8.962440e+01
1.625400e+04 8.947173e+01
1.625500e+04 9.275236e+01
1.625600e+04 8.077471e+01
1.625700e+04 9.420212e+01
1.625800e+04 9.302092e+01
1.625900e+04 8.515383e+01
1.626000e+04 8.654261e+01
1.626100e+04 9.388528e+01
1.626200e+04 9.551154e+01
1.626300e+04 9.318284e+01
1.626400e+04 9.025261e+01
1.626500e+04 8.423053e+01
1.626600e+04 9.167633e+01
1.626700e+04 9.331471e+01
1.626800e+04 9.518008e+01
1.626900e+04 9.235380e+01
1.627000e+04 8.805681e+01
1.627100e+04 9.225642e+01
1.627200e+04 9.759096e+01
1.627300e+04 9.625026e+01
1.627400e+04 9.083440e+01
1.627500e+04 9.484820e+01
1.627600e+04 9.455537e+01
1.627700e+04 9.388296e+01
1.627800e+04 9.385838e+01
1.627900e+04 9.228052e+01
1.628000e+04 9.228487e+01
1.628100e+04 9.154725e+01
1.628200e+04 9.214726e+01
1.628300e+04 9.570542e+01
1.628400e+04 9.459587e+01
1.628500e+04 9.408869e+01
1.628600e+04 9.268452e+01
1.628700e+04 9.582764e+01
1.628800e+04 9.344432e+01
1.628900e+04 9.424151e+01
1.629000e+04 9.429705e+01
1.629100e+04 9.308243e+01
1.629200e+04 9.396822e+01
1.629300e+04 9.456008e+01
1.629400e+04 9.444038e+01
1.629500e+04 9.307928e+01
1.629600e+04 9.346412e+01
1.629700e+04 9.321201e+01
1.629800e+04 9.571352e+01
1.629900e+04 9.293364e+01
1.630000e+04 9.248725e+01
1.630100e+04 9.370132e+01
1.630200e+04 9.202019e+01
1.630300e+04 9.107070e+01
1.630400e+04 9.147310e+01
1.630500e+04 9.312795e+01
1.630600e+04 9.477899e+01
1.630700e+04 9.366520e+01
1.630800e+04 9.228536e+01
1.630900e+04 9.325675e+01
1.631000e+04 8.929204e+01
1.631100e+04 9.201767e+01
1.631200e+04 9.451480e+01
1.631300e+04 9.457412e+01
1.631400e+04 9.278814e+01
1.631500e+04 9.215407e+01
1.631600e+04 9.107115e+01
1.631700e+04 8.380561e+01
1.631800e+04 9.414720e+01
1.631900e+04 9.486364e+01
1.632000e+04 9.323459e+01
1.632100e+04 9.134618e+01
1.632200e+04 9.254345e+01
1.632300e+04 9.219967e+01
1.632400e+04 9.227649e+01
1.632500e+04 9.410279e+01
1.632600e+04 9.312227e+01
1.632700e+04 9.438818e+01
1.632800e+04 9.428498e+01
1.632900e+04 9.113757e+01
1.633000e+04 9.293941e+01
1.633100e+04 9.475829e+01
1.633200e+04 9.394594e+01
1.633300e+04 9.579933e+01
1.633400e+04 9.411294e+01
1.633500e+04 9.523116e+01
1.633600e+04 9.592695e+01
1.633700e+04 9.339164e+01
1.633800e+04 9.400011e+01
1.633900e+04 9.387621e+01
1.634000e+04 9.373433e+01
1.634100e+04 9.155509e+01
1.634200e+04 8.816417e+01
1.634300e+04 9.288078e+01
1.634400e+04 9.422373e+01
1.634500e+04 9.413006e+01
1.634600e+04 8.935904e+01
1.634700e+04 9.295648e+01
1.634800e+04 9.511621e+01
1.634900e+04 9.473006e+01
1.635000e+04 9.134804e+01
1.635100e+04 8.894822e+01
1.635200e+04 8.733973e+01
1.635300e+04 9.349785e+01
1.635400e+04 9.107304e+01
1.635500e+04 9.518495e+01
1.635600e+04 9.363826e+01
1.635700e+04 8.213645e+01
1.635800e+04 9.462468e+01
1.635900e+04 8.112525e+01
1.636000e+04 9.056839e+01
1.636100e+04 9.332295e+01
1.636200e+04 9.301004e+01
1.636300e+04 9.386631e+01
1.636400e+04 9.319419e+01
1.636500e+04 9.347307e+01
1.636600e+04 9.351133e+01
1.636700e+04 9.296645e+01
1.636800e+04 9.036130e+01
1.636900e+04 8.146299e+01
1.637000e+04 9.306394e+01
1.637100e+04 9.281674e+01
1.637200e+04 9.112121e+01
1.637300e+04 8.475865e+01
1.637400e+04 9.562278e+01
1.637500e+04 9.476612e+01
1.637600e+04 9.345349e+01
1.637700e+04 9.270950e+01
1.637800e+04 9.116322e+01
1.637900e+04 9.371921e+01
1.638000e+04 9.404717e+01
1.638100e+04 9.325861e+01
1.638200e+04 9.444345e+01
1.638300e+04 8.975019e+01
1.638400e+04 9.409290e+01
1.638500e+04 9.351133e+01
1.638600e+04 9.219425e+01
1.638700e+04 9.240172e+01
1.638800e+04 9.239673e+01
1.638900e+04 9.143671e+01
1.639000e+04 9.393735e+01
1.639100e+04 9.596076e+01
1.639200e+04 9.412840e+01
1.639300e+04 8.944074e+01
1.639400e+04 8.769638e+01
1.639500e+04 9.191207e+01
1.639600e+04 9.255456e+01
1.639700e+04 9.176843e+01
1.639800e+04 9.088789e+01
1.639900e+04 9.363768e+01
1.640000e+04 9.231789e+01
1.640100e+04 9.062144e+01
1.640200e+04 9.148375e+01
1.640300e+04 9.270088e+01
1.640400e+04 9.331284e+01
1.640500e+04 9.410530e+01
1.640600e+04 8.784389e+01
1.640700e+04 9.473691e+01
1.640800e+04 9.352056e+01
1.640900e+04 9.410508e+01
1.641000e+04 9.232359e+01
1.641100e+04 9.240094e+01
1.641200e+04 9.332538e+01
1.641300e+04 9.086337e+01
1.641400e+04 9.075694e+01
1.641500e+04 9.205432e+01
1.641600e+04 9.229246e+01
1.641700e+04 9.050285e+01
1.641800e+04 8.949113e+01
1.641900e+04 9.367950e+01
1.642000e+04 9.302829e+01
1.642100e+04 9.506483e+01
1.642200e+04 9.176303e+01
1.642300e+04 9.531601e+01
1.642400e+04 9.221891e+01
1.642500e+04 9.519144e+01
1.642600e+04 9.082928e+01
1.642700e+04 9.375844e+01
1.642800e+04 9.266392e+01
1.642900e+04 9.229622e+01
1.643000e+04 9.065050e+01
1.643100e+04 9.523517e+01
1.643200e+04 9.420288e+01
1.643300e+04 9.366280e+01
1.643400e+04 9.208278e+01
1.643500e+04 9.222081e+01
1.643600e+04 9.403618e+01
1.643700e+04 9.233749e+01
1.643800e+04 9.483764e+01
1.643900e+04 9.356421e+01
1.644000e+04 9.357342e+01
1.644100e+04 9.283910e+01
1.644200e+04 8.980875e+01
1.644300e+04 9.258215e+01
1.644400e+04 9.419409e+01
1.644500e+04 9.483637e+01
1.644600e+04 9.517251e+01
1.644700e+04 8.769912e+01
1.644800e+04 7.704251e+01
1.644900e+04 9.117343e+01
1.645000e+04 9.396870e+01
1.645100e+04 9.299783e+01
1.645200e+04 9.010901e+01
1.645300e+04 8.528630e+01
1.645400e+04 9.262588e+01
1.645500e+04 8.110672e+01
1.645600e+04 9.346973e+01
1.645700e+04 9.515595e+01
1.645800e+04 9.222909e+01
1.645900e+04 9.038948e+01
1.646000e+04 8.793945e+01
1.646100e+04 8.608748e+01
1.646200e+04 9.153713e+01
1.646300e+04 9.307286e+01
1.646400e+04 9.471004e+01
1.646500e+04 9.307982e+01
1.646600e+04 9.211440e+01
1.646700e+04 9.346752e+01
1.646800e+04 9.294146e+01
1.646900e+04 9.245791e+01
1.647000e+04 9.447035e+01
1.647100e+04 9.443892e+01
1.647200e+04 9.514415e+01
1.647300e+04 9.572437e+01
1.647400e+04 9.099612e+01
1.647500e+04 9.348889e+01
1.647600e+04 8.736921e+01
1.647700e+04 8.745248e+01
1.647800e+04 9.314158e+01
1.647900e+04 8.793970e+01
1.648000e+04 9.326019e+01
1.648100e+04 9.140171e+01
1.648200e+04 9.442041e+01
1.648300e+04 9.459604e+01
1.648400e+04 9.164418e+01
1.648500e+04 9.363590e+01
1.648600e+04 9.567880e+01
1.648700e+04 9.167238e+01
1.648800e+04 9.528831e+01
1.648900e+04 9.380047e+01
1.649000e+04 9.331319e+01
1.649100e+04 8.779810e+01
1.649200e+04 9.154087e+01
1.649300e+04 9.102756e+01
1.649400e+04 9.228074e+01
1.649500e+04 9.360557e+01
1.649600e+04 9.507333e+01
1.649700e+04 9.423835e+01
1.649800e+04 9.082756e+01
1.649900e+04 9.019884e+01
1.650000e+04 9.365056e+01
1.650100e+04 9.434485e+01
1.650200e+04 9.265386e+01
1.650300e+04 9.227376e+01
1.650400e+04 9.395224e+01
1.650500e+04 9.306226e+01
1.650600e+04 9.216171e+01
1.650700e+04 9.166157e+01
1.650800e+04 9.145639e+01
1.650900e+04 9.245728e+01
1.651000e+04 9.463619e+01
1.651100e+04 9.219994e+01
1.651200e+04 9.280024e+01
1.651300e+04 9.270703e+01
1.651400e+04 9.257694e+01
1.651500e+04 9.295103e+01
1.651600e+04 9.235432e+01
1.651700e+04 9.390966e+01
1.651800e+04 8.969613e+01
1.651900e+04 9.254266e+01
1.652000e+04 9.353374e+01
1.652100e+04 9.388954e+01
1.652200e+04 9.346199e+01
1.652300e+04 9.526985e+01
1.652400e+04 9.478676e+01
1.652500e+04 9.125469e+01
1.652600e+04 9.202436e+01
1.652700e+04 9.217993e+01
1.652800e+04 8.067732e+01
1.652900e+04 9.422193e+01
1.653000e+04 9.107274e+01
1.653100e+04 8.191618e+01
1.653200e+04 9.381176e+01
1.653300e+04 9.352681e+01
1.653400e+04 9.294474e+01
1.653500e+04 9.465516e+01
1.653600e+04 9.353778e+01
1.653700e+04 9.417357e+01
1.653800e+04 9.192755e+01
1.653900e+04 8.016325e+01
1.654000e+04 9.085361e+01
1.654100e+04 9.079862e+01
1.654200e+04 9.350751e+01
1.654300e+04 8.084312e+01
1.654400e+04 9.174463e+01
1.654500e+04 9.262779e+01
1.654600e+04 9.202737e+01
1.654700e+04 9.291406e+01
1.654800e+04 9.354773e+01
1.654900e+04 9.259355e+01
1.655000e+04 9.221107e+01
1.655100e+04 9.445512e+01
1.655200e+04 9.131049e+01
1.655300e+04 9.352664e+01
1.655400e+04 9.051754e+01
1.655500e+04 9.490416e+01
1.655600e+04 9.432202e+01
1.655700e+04 9.354194e+01
1.655800e+04 9.128278e+01
1.655900e+04 9.465119e+01
1.656000e+04 9.432063e+01
1.656100e+04 9.456469e+01
1.656200e+04 9.568338e+01
1.656300e+04 9.395963e+01
1.656400e+04 9.320260e+01
1.656500e+04 9.216696e+01
1.656600e+04 9.298430e+01
1.656700e+04 9.335725e+01
1.656800e+04 9.350188e+01
1.656900e+04 9.388572e+01
1.657000e+04 9.557348e+01
1.657100e+04 9.273888e+01
1.657200e+04 9.252673e+01
1.657300e+04 9.083661e+01
1.657400e+04 9.337409e+01
1.657500e+04 9.294404e+01
1.657600e+04 9.324056e+01
1.657700e+04 9.141484e+01
1.657800e+04 9.295371e+01
1.657900e+04 9.388866e+01
1.658000e+04 9.261644e+01
1.658100e+04 9.274445e+01
1.658200e+04 9.443436e+01
1.658300e+04 9.448221e+01
1.658400e+04 9.148587e+01
1.658500e+04 9.034925e+01
1.658600e+04 8.530065e+01
1.658700e+04 8.493361e+01
1.658800e+04 9.254562e+01
1.658900e+04 9.255222e+01
1.659000e+04 9.183199e+01
1.659100e+04 9.445055e+01
1.659200e+04 9.007058e+01
1.659300e+04 9.166120e+01
1.659400e+04 9.213635e+01
1.659500e+04 9.294325e+01
1.659600e+04 9.360449e+01
1.659700e+04 9.279426e+01
1.659800e+04 9.276287e+01
1.659900e+04 9.263852e+01
1.660000e+04 9.406893e+01
1.660100e+04 9.274180e+01
1.660200e+04 8.925962e+01
1.660300e+04 9.132729e+01
1.660400e+04 9.137472e+01
1.660500e+04 9.386161e+01
1.660600e+04 9.245254e+01
1.660700e+04 9.331979e+01
1.660800e+04 9.238323e+01
1.660900e+04 9.061450e+01
1.661000e+04 8.357721e+01
1.661100e+04 8.951794e+01
1.661200e+04 8.321427e+01
1.661300e+04 9.104389e+01
1.661400e+04 9.275104e+01
1.661500e+04 9.023737e+01
1.661600e+04 9.314011e+01
1.661700e+04 9.320086e+01
1.661800e+04 9.176938e+01
1.661900e+04 9.222560e+01
1.662000e+04 9.159122e+01
1.662100e+04 9.336977e+01
1.662200e+04 9.161777e+01
1.662300e+04 9.060478e+01
1.662400e+04 9.046488e+01
1.662500e+04 9.150204e+01
1.662600e+04 9.113147e+01
1.662700e+04 9.319830e+01
1.662800e+04 9.369757e+01
1.662900e+04 9.331677e+01
1.663000e+04 9.310620e+01
1.663100e+04 9.067199e+01
1.663200e+04 9.121514e+01
1.663300e+04 9.116972e+01
1.663400e+04 9.410235e+01
1.663500e+04 9.255279e+01
1.663600e+04 9.081507e+01
1.663700e+04 9.286897e+01
1.663800e+04 9.283374e+01
1.663900e+04 9.036924e+01
1.664000e+04 8.654883e+01
1.664100e+04 9.187942e+01
1.664200e+04 9.046296e+01
1.664300e+04 9.435135e+01
1.664400e+04 9.406606e+01
1.664500e+04 9.433515e+01
1.664600e+04 9.273599e+01
1.664700e+04 9.178224e+01
1.664800e+04 9.097166e+01
1.664900e+04 9.166826e+01
1.665000e+04 9.095536e+01
1.665100e+04 9.337127e+01
1.665200e+04 9.425250e+01
1.665300e+04 9.240143e+01
1.665400e+04 8.653556e+01
1.665500e+04 8.597771e+01
1.665600e+04 9.189495e+01
1.665700e+04 9.416822e+01
1.665800e+04 9.307791e+01
1.665900e+04 8.221424e+01
1.666000e+04 8.536016e+01
1.666100e+04 8.451000e+01
1.666200e+04 9.108312e+01
1.666300e+04 9.304384e+01
1.666400e+04 9.185971e+01
1.666500e+04 9.359259e+01
1.666600e+04 9.080761e+01
1.666700e+04 8.085887e+01
1.666800e+04 9.327791e+01
1.666900e+04 9.124796e+01
1.667000e+04 8.987917e+01
1.667100e+04 9.158318e+01
1.667200e+04 9.159237e+01
1.667300e+04 9.106811e+01
1.667400e+04 9.104077e+01
1.667500e+04 8.896730e+01
1.667600e+04 9.012580e+01
1.667700e+04 9.181231e+01
1.667800e+04 9.035544e+01
1.667900e+04 8.932253e+01
1.668000e+04 8.922065e+01
1.668100e+04 9.133053e+01
1.668200e+04 9.345830e+01
1.668300e+04 9.342378e+01
1.668400e+04 9.257249e+01
1.668500e+04 9.392819e+01
1.668600e+04 9.304755e+01
1.668700e+04 9.178288e+01
1.668800e+04 9.248651e+01
1.668900e+04 9.086347e+01
1.669000e+04 9.168165e+01
1.669100e+04 9.352251e+01
1.669200e+04 8.957908e+01
1.669300e+04 9.179399e+01
1.669400e+04 8.952489e+01
1.669500e+04 9.219240e+01
1.669600e+04 9.144450e+01
1.669700e+04 9.346557e+01
1.669800e+04 9.143758e+01
1.669900e+04 9.184113e+01
1.670000e+04 8.931027e+01
1.670100e+04 9.172677e+01
1.670200e+04 9.167685e+01
1.670300e+04 9.192437e+01
1.670400e+04 9.048407e+01
1.670500e+04 9.165032e+01
1.670600e+04 9.247395e+01
1.670700e+04 9.106414e+01
1.670800e+04 8.961498e+01
1.670900e+04 7.908825e+01
1.671000e+04 9.202863e+01
1.671100e+04 9.163474e+01
1.671200e+04 7.805612e+01
1.671300e+04 9.050289e+01
1.671400e+04 9.141099e+01
1.671500e+04 9.137042e+01
1.671600e+04 8.981611e+01
1.671700e+04 8.972100e+01
1.671800e+04 8.900867e+01
1.671900e+04 7.873746e+01
1.672000e+04 8.851034e+01
1.672100e+04 8.549164e+01
1.672200e+04 8.368384e+01
1.672300e+04 7.135655e+01
1.672400e+04 7.284386e+01
1.672500e+04 8.306531e+01
1.672600e+04 8.432213e+01
1.672700e+04 8.691859e+01
1.672800e+04 8.998255e+01
1.672900e+04 8.935909e+01
1.673000e+04 9.192623e+01
1.673100e+04 8.949249e+01
1.673200e+04 9.150693e+01
1.673300e+04 8.143455e+01
1.673400e+04 8.351956e+01
1.673500e+04 8.879499e+01
1.673600e+04 9.073389e+01
1.673700e+04 9.189385e+01
1.673800e+04 9.176001e+01
1.673900e+04 9.095278e+01
1.674000e+04 9.164017e+01
1.674100e+04 9.033477e+01
1.674200e+04 9.109460e+01
1.674300e+04 9.092835e+01
1.674400e+04 8.973595e+01
1.674500e+04 9.028133e+01
1.674600e+04 9.013545e+01
1.674700e+04 9.011947e+01
1.674800e+04 9.042718e+01
1.674900e+04 8.911988e+01
1.675000e+04 8.918312e+01
1.675100e+04 8.808871e+01
1.675200e+04 8.397139e+01
1.675300e+04 8.188864e+01
1.675400e+04 7.369714e+01
1.675500e+04 6.647445e+01
1.675600e+04 7.184063e+01
1.675700e+04 8.165235e+01
1.675800e+04 8.362329e+01
1.675900e+04 8.635347e+01
1.676000e+04 8.824857e+01
1.676100e+04 8.921219e+01
1.676200e+04 8.893813e+01
1.676300e+04 8.947134e+01
1.676400e+04 8.888327e+01
1.676500e+04 8.877010e+01
1.676600e+04 8.762771e+01
1.676700e+04 8.629269e+01
1.676800e+04 8.129601e+01
1.676900e+04 8.562684e+01
1.677000e+04 8.795907e+01
1.677100e+04 8.885452e+01
1.677200e+04 8.963962e+01
1.677300e+04 9.106015e+01
1.677400e+04 9.022607e+01
1.677500e+04 9.025388e+01
1.677600e+04 8.941722e+01
1.677700e+04 9.137140e+01
1.677800e+04 9.020604e+01
1.677900e+04 8.987295e+01
1.678000e+04 9.115197e+01
1.678100e+04 9.192123e+01
1.678200e+04 9.219276e+01
1.678300e+04 9.100223e+01
1.678400e+04 9.203991e+01
1.678500e+04 9.179356e+01
1.678600e+04 9.085927e+01
1.678700e+04 9.194047e+01
1.678800e+04 9.041398e+01
1.678900e+04 9.034095e+01
1.679000e+04 9.220717e+01
1.679100e+04 9.268135e+01
1.679200e+04 9.157679e+01
1.679300e+04 9.032675e+01
1.679400e+04 9.074400e+01
1.679500e+04 9.106187e+01
1.679600e+04 9.208889e+01
1.679700e+04 9.159611e+01
1.679800e+04 9.025729e+01
1.679900e+04 9.044065e+01
1.680000e+04 9.163567e+01
1.680100e+04 8.985600e+01
1.680200e+04 8.985195e+01
1.680300e+04 9.186356e+01
1.680400e+04 9.052876e+01
1.680500e+04 9.050447e+01
1.680600e+04 9.162039e+01
1.680700e+04 8.989026e+01
1.680800e+04 9.173936e+01
1.680900e+04 9.046791e+01
1.681000e+04 9.092445e+01
1.681100e+04 8.828823e+01
1.681200e+04 9.090382e+01
1.681300e+04 8.953656e+01
1.681400e+04 9.231273e+01
1.681500e+04 9.191460e+01
1.681600e+04 8.995832e+01
1.681700e+04 9.017662e+01
1.681800e+04 9.218073e+01
1.681900e+04 9.163365e+01
1.682000e+04 9.260752e+01
1.682100e+04 8.951519e+01
1.682200e+04 9.164633e+01
1.682300e+04 9.004374e+01
1.682400e+04 8.967177e+01
1.682500e+04 9.210146e+01
1.682600e+04 9.031692e+01
1.682700e+04 9.090097e+01
1.682800e+04 8.916044e+01
1.682900e+04 9.127131e+01
1.683000e+04 9.109430e+01
1.683100e+04 9.208070e+01
1.683200e+04 9.008923e+01
1.683300e+04 8.962963e+01
1.683400e+04 9.276106e+01
1.683500e+04 9.097550e+01
1.683600e+04 8.974539e+01
1.683700e+04 9.055054e+01
1.683800e+04 9.108257e+01
1.683900e+04 9.029234e+01
1.684000e+04 8.882614e+01
1.684100e+04 8.771237e+01
1.684200e+04 8.994216e+01
1.684300e+04 8.980081e+01
1.684400e+04 8.939303e+01
1.684500e+04 9.071609e+01
1.684600e+04 9.028644e+01
1.684700e+04 9.089225e+01
1.684800e+04 9.115315e+01
1.684900e+04 8.957711e+01
1.685000e+04 8.968072e+01
1.685100e+04 9.171991e+01
1.685200e+04 9.038818e+01
1.685300e+04 8.957078e+01
1.685400e+04 8.977212e+01
1.685500e+04 9.051251e+01
1.685600e+04 8.980527e+01
1.685700e+04 9.002900e+01
1.685800e+04 8.940310e+01
1.685900e+04 8.895867e+01
1.686000e+04 9.050001e+01
1.686100e+04 9.010894e+01
1.686200e+04 9.078934e+01
1.686300e+04 9.136852e+01
1.686400e+04 9.001250e+01
1.686500e+04 9.002169e+01
1.686600e+04 9.100733e+01
1.686700e+04 8.960865e+01
1.686800e+04 8.776079e+01
1.686900e+04 8.864185e+01
1.687000e+04 8.726911e+01
1.687100e+04 8.105446e+01
1.687200e+04 8.889353e+01
1.687300e+04 9.032687e+01
1.687400e+04 9.002397e+01
1.687500e+04 9.047361e+01
1.687600e+04 8.495025e+01
1.687700e+04 7.688028e+01
1.687800e+04 9.005681e+01
1.687900e+04 8.931871e+01
1.688000e+04 9.123872e+01
1.688100e+04 8.871635e+01
1.688200e+04 8.886791e+01
1.688300e+04 8.714678e+01
1.688400e+04 8.152733e+01
1.688500e+04 8.816485e+01
1.688600e+04 9.001281e+01
1.688700e+04 9.090823e+01
1.688800e+04 8.669331e+01
1.688900e+04 8.081315e+01
1.689000e+04 8.837722e+01
1.689100e+04 8.056144e+01
1.689200e+04 8.863925e+01
1.689300e+04 8.863947e+01
1.689400e+04 8.684656e+01
1.689500e+04 8.820523e+01
1.689600e+04 9.022339e+01
1.689700e+04 8.483891e+01
1.689800e+04 9.134999e+01
1.689900e+04 8.830064e+01
1.690000e+04 7.912144e+01
1.690100e+04 9.081810e+01
1.690200e+04 9.179657e+01
1.690300e+04 8.199111e+01
1.690400e+04 8.450130e+01
1.690500e+04 8.882225e+01
1.690600e+04 9.093507e+01
1.690700e+04 8.240823e+01
1.690800e+04 8.591676e+01
1.690900e+04 7.749872e+01
1.691000e+04 8.067158e+01
1.691100e+04 8.945827e+01
1.691200e+04 9.000686e+01
1.691300e+04 8.995412e+01
1.691400e+04 7.853051e+01
1.691500e+04 8.992583e+01
1.691600e+04 9.033408e+01
1.691700e+04 9.110440e+01
1.691800e+04 9.006755e+01
1.691900e+04 8.772594e+01
1.692000e+04 8.768951e+01
1.692100e+04 8.372504e+01
1.692200e+04 9.015321e+01
1.692300e+04 9.006655e+01
1.692400e+04 8.612969e+01
1.692500e+04 8.681547e+01
1.692600e+04 8.621830e+01
1.692700e+04 8.707687e+01
1.692800e+04 9.060091e+01
1.692900e+04 8.761039e+01
1.693000e+04 9.065356e+01
1.693100e+04 9.075979e+01
1.693200e+04 9.044023e+01
1.693300e+04 8.964725e+01
1.693400e+04 8.914989e+01
1.693500e+04 8.823199e+01
1.693600e+04 8.889110e+01
1.693700e+04 8.985105e+01
1.693800e+04 9.119276e+01
1.693900e+04 8.966264e+01
1.694000e+04 9.079082e+01
1.694100e+04 8.749414e+01
1.694200e+04 9.006249e+01
1.694300e+04 8.934474e+01
1.694400e+04 8.670826e+01
1.694500e+04 8.617738e+01
1.694600e+04 8.996917e+01
1.694700e+04 8.961533e+01
1.694800e+04 8.691921e+01
1.694900e+04 8.728504e+01
1.695000e+04 8.899102e+01
1.695100e+04 8.836908e+01
1.695200e+04 8.578683e+01
1.695300e+04 8.929105e+01
1.695400e+04 9.001868e+01
1.695500e+04 8.469938e+01
1.695600e+04 8.853247e+01
1.695700e+04 8.342347e+01
1.695800e+04 8.983280e+01
1.695900e+04 9.069581e+01
1.696000e+04 8.708146e+01
1.696100e+04 8.598777e+01
1.696200e+04 8.925136e+01
1.696300e+04 9.057485e+01
1.696400e+04 8.470803e+01
1.696500e+04 8.709681e+01
1.696600e+04 8.997177e+01
1.696700e+04 8.925014e+01
1.696800e+04 8.726897e+01
1.696900e+04 9.046733e+01
1.697000e+04 8.838636e+01
1.697100e+04 8.641054e+01
1.697200e+04 8.763947e+01
1.697300e+04 8.623513e+01
1.697400e+04 8.844987e+01
1.697500e+04 8.861519e+01
1.697600e+04 8.733484e+01
1.697700e+04 8.407060e+01
1.697800e+04 8.481426e+01
1.697900e+04 8.317401e+01
1.698000e+04 8.809394e+01
1.698100e+04 8.709634e+01
1.698200e+04 8.954626e+01
1.698300e+04 9.065532e+01
1.698400e+04 8.787746e+01
1.698500e+04 8.865439e+01
1.698600e+04 8.351712e+01
1.698700e+04 8.725299e+01
1.698800e+04 8.882771e+01
1.698900e+04 8.980475e+01
1.699000e+04 9.055847e+01
1.699100e+04 8.742634e+01
1.699200e+04 8.943306e+01
1.699300e+04 8.961464e+01
1.699400e+04 7.894339e+01
1.699500e+04 8.788516e+01
1.699600e+04 8.532276e+01
1.699700e+04 8.803429e+01
1.699800e+04 8.629586e+01
1.699900e+04 8.726391e+01
1.700000e+04 8.632294e+01
1.700100e+04 8.555055e+01
1.700200e+04 8.596775e+01
1.700300e+04 8.666328e+01
1.700400e+04 8.647943e+01
1.700500e+04 8.992075e+01
1.700600e+04 8.888924e+01
1.700700e+04 8.779977e+01
1.700800e+04 8.616472e+01
1.700900e+04 8.034829e+01
1.701000e+04 8.425359e+01
1.701100e+04 8.686155e+01
1.701200e+04 8.701371e+01
1.701300e+04 8.969219e+01
1.701400e+04 8.580489e+01
1.701500e+04 8.774421e+01
1.701600e+04 8.844072e+01
1.701700e+04 8.458793e+01
1.701800e+04 8.885506e+01
1.701900e+04 8.860383e+01
1.702000e+04 8.869655e+01
1.702100e+04 8.866011e+01
1.702200e+04 8.887325e+01
1.702300e+04 8.685493e+01
1.702400e+04 8.463462e+01
1.702500e+04 8.696822e+01
1.702600e+04 8.659526e+01
1.702700e+04 8.797597e+01
1.702800e+04 8.397821e+01
1.702900e+04 8.674202e+01
1.703000e+04 8.484824e+01
1.703100e+04 8.842245e+01
1.703200e+04 8.742731e+01
1.703300e+04 8.942457e+01
1.703400e+04 8.696966e+01
1.703500e+04 8.477874e+01
1.703600e+04 8.673737e+01
1.703700e+04 8.796909e+01
1.703800e+04 8.836224e+01
1.703900e+04 8.662665e+01
1.704000e+04 8.270516e+01
1.704100e+04 8.336861e+01
1.704200e+04 8.893629e+01
1.704300e+04 8.667342e+01
1.704400e+04 8.295111e+01
1.704500e+04 8.525133e+01
1.704600e+04 8.584262e+01
1.704700e+04 8.805950e+01
1.704800e+04 8.697148e+01
1.704900e+04 8.580820e+01
1.705000e+04 8.573276e+01
1.705100e+04 8.628236e+01
1.705200e+04 8.292709e+01
1.705300e+04 8.556174e+01
1.705400e+04 8.233014e+01
1.705500e+04 7.836385e+01
1.705600e+04 8.287895e+01
1.705700e+04 7.893508e+01
1.705800e+04 8.855120e+01
1.705900e+04 8.555324e+01
1.706000e+04 8.879535e+01
1.706100e+04 8.762450e+01
1.706200e+04 8.575142e+01
1.706300e+04 8.885253e+01
1.706400e+04 8.547609e+01
1.706500e+04 8.472913e+01
1.706600e+04 7.773607e+01
1.706700e+04 8.701582e+01
1.706800e+04 8.703434e+01
1.706900e+04 8.763383e+01
1.707000e+04 8.332535e+01
1.707100e+04 7.810910e+01
1.707200e+04 8.700706e+01
1.707300e+04 8.434054e+01
1.707400e+04 7.642674e+01
1.707500e+04 8.348299e+01
1.707600e+04 8.024364e+01
1.707700e+04 8.659357e+01
1.707800e+04 8.379204e+01
1.707900e+04 8.605267e+01
1.708000e+04 8.754857e+01
1.708100e+04 8.510988e+01
1.708200e+04 8.095208e+01
1.708300e+04 7.713295e+01
1.708400e+04 8.648356e+01
1.708500e+04 8.084971e+01
1.708600e+04 8.160333e+01
1.708700e+04 8.542869e+01
1.708800e+04 8.052889e+01
1.708900e+04 8.606027e+01
1.709000e+04 8.836129e+01
1.709100e+04 8.543460e+01
1.709200e+04 8.135781e+01
1.709300e+04 8.256704e+01
1.709400e+04 8.722662e+01
1.709500e+04 8.651437e+01
1.709600e+04 8.677102e+01
1.709700e+04 8.441229e+01
1.709800e+04 8.562145e+01
1.709900e+04 7.712290e+01
1.710000e+04 8.446535e+01
1.710100e+04 7.715440e+01
1.710200e+04 8.623814e+01
1.710300e+04 8.510938e+01
1.710400e+04 7.662713e+01
1.710500e+04 7.057238e+01
1.710600e+04 8.393871e+01
1.710700e+04 8.088267e+01
1.710800e+04 7.959764e+01
1.710900e+04 7.578063e+01
1.711000e+04 7.544144e+01
1.711100e+04 7.546374e+01
1.711200e+04 7.359325e+01
1.711300e+04 6.980467e+01
1.711400e+04 6.744557e+01
1.711500e+04 7.047913e+01
1.711600e+04 7.758605e+01
1.711700e+04 7.737326e+01
1.711800e+04 8.340707e+01
1.711900e+04 8.243805e+01
1.712000e+04 8.515962e+01
1.712100e+04 8.198779e+01
1.712200e+04 8.230874e+01
1.712300e+04 8.004651e+01
1.712400e+04 7.781732e+01
1.712500e+04 8.455517e+01
1.712600e+04 8.449059e+01
1.712700e+04 8.665226e+01
1.712800e+04 8.193496e+01
1.712900e+04 7.746630e+01
1.713000e+04 8.508966e+01
1.713100e+04 8.428961e+01
1.713200e+04 8.490405e+01
1.713300e+04 8.660599e+01
1.713400e+04 8.073939e+01
1.713500e+04 8.491741e+01
1.713600e+04 8.796664e+01
1.713700e+04 8.274417e+01
1.713800e+04 7.723656e+01
1.713900e+04 7.888567e+01
1.714000e+04 8.371732e+01
1.714100e+04 8.592577e+01
1.714200e+04 7.896774e+01
1.714300e+04 8.155939e+01
1.714400e+04 8.115266e+01
1.714500e+04 8.039312e+01
1.714600e+04 8.163622e+01
1.714700e+04 8.361141e+01
1.714800e+04 8.673135e+01
1.714900e+04 7.558010e+01
1.715000e+04 8.412759e+01
1.715100e+04 8.608600e+01
1.715200e+04 8.057786e+01
1.715300e+04 8.505260e+01
1.715400e+04 8.316600e+01
1.715500e+04 8.739641e+01
1.715600e+04 7.734025e+01
1.715700e+04 8.512042e+01
1.715800e+04 8.630645e+01
1.715900e+04 7.812850e+01
1.716000e+04 7.856969e+01
1.716100e+04 8.119928e+01
1.716200e+04 8.139158e+01
1.716300e+04 8.307431e+01
1.716400e+04 8.587847e+01
1.716500e+04 8.607877e+01
1.716600e+04 8.556510e+01
1.716700e+04 8.339973e+01
1.716800e+04 7.536045e+01
1.716900e+04 7.771686e+01
1.717000e+04 8.318762e+01
1.717100e+04 8.309279e+01
1.717200e+04 8.633856e+01
1.717300e+04 7.817046e+01
1.717400e+04 8.247879e+01
1.717500e+04 6.994631e+01
1.717600e+04 8.004409e+01
1.717700e+04 8.242962e+01
1.717800e+04 8.167793e+01
1.717900e+04 8.379793e+01
1.718000e+04 8.069605e+01
1.718100e+04 7.753320e+01
1.718200e+04 8.390663e+01
1.718300e+04 7.732720e+01
1.718400e+04 8.005744e+01
1.718500e+04 8.302988e+01
1.718600e+04 7.836765e+01
1.718700e+04 8.406783e+01
1.718800e+04 7.654327e+01
1.718900e+04 7.686657e+01
1.719000e+04 8.215845e+01
1.719100e+04 7.797626e+01
1.719200e+04 8.271072e+01
1.719300e+04 8.217173e+01
1.719400e+04 6.931601e+01
1.719500e+04 7.860378e+01
1.719600e+04 7.639527e+01
1.719700e+04 8.132275e+01
1.719800e+04 8.606777e+01
1.719900e+04 8.274269e+01
1.720000e+04 8.069143e+01
1.720100e+04 7.392823e+01
1.720200e+04 7.952841e+01
1.720300e+04 8.409760e+01
1.720400e+04 8.555364e+01
1.720500e+04 8.346523e+01
1.720600e+04 8.419714e+01
1.720700e+04 8.591977e+01
1.720800e+04 8.352077e+01
1.720900e+04 7.963766e+01
1.721000e+04 7.308900e+01
1.721100e+04 7.681771e+01
1.721200e+04 7.747272e+01
1.721300e+04 7.894672e+01
1.721400e+04 8.368794e+01
1.721500e+04 7.872155e+01
1.721600e+04 7.584182e+01
1.721700e+04 8.475914e+01
1.721800e+04 8.408462e+01
1.721900e+04 8.428772e+01
1.722000e+04 8.680702e+01
1.722100e+04 8.430300e+01
1.722200e+04 8.334016e+01
1.722300e+04 7.956920e+01
1.722400e+04 7.948229e+01
1.722500e+04 8.063859e+01
1.722600e+04 8.330298e+01
1.722700e+04 8.097120e+01
1.722800e+04 7.834072e+01
1.722900e+04 8.025769e+01
1.723000e+04 7.253089e+01
1.723100e+04 7.999754e+01
1.723200e+04 8.222125e+01
1.723300e+04 7.200519e+01
1.723400e+04 8.333570e+01
1.723500e+04 7.024310e+01
1.723600e+04 7.663839e+01
1.723700e+04 7.608115e+01
1.723800e+04 7.935353e+01
1.723900e+04 8.355259e+01
1.724000e+04 7.954285e+01
1.724100e+04 8.370353e+01
1.724200e+04 8.207578e+01
1.724300e+04 8.068665e+01
1.724400e+04 7.595810e+01
1.724500e+04 8.007098e+01
1.724600e+04 8.594392e+01
1.724700e+04 8.372718e+01
1.724800e+04 7.411001e+01
1.724900e+04 7.097860e+01
1.725000e+04 8.306924e+01
1.725100e+04 7.756674e+01
1.725200e+04 8.653812e+01
1.725300e+04 8.435432e+01
1.725400e+04 8.001943e+01
1.725500e+04 8.104591e+01
1.725600e+04 8.342082e+01
1.725700e+04 7.877666e+01
1.725800e+04 8.307541e+01
1.725900e+04 8.567930e+01
1.726000e+04 8.158125e+01
1.726100e+04 8.070259e+01
1.726200e+04 7.536849e+01
1.726300e+04 7.589088e+01
1.726400e+04 8.468773e+01
1.726500e+04 7.481991e+01
1.726600e+04 6.694794e+01
1.726700e+04 7.478598e+01
1.726800e+04 7.837262e+01
1.726900e+04 8.356621e+01
1.727000e+04 7.451944e+01
1.727100e+04 7.875749e+01
1.727200e+04 6.990537e+01
1.727300e+04 7.678738e+01
1.727400e+04 7.627682e+01
1.727500e+04 8.182507e+01
1.727600e+04 8.463461e+01
1.727700e+04 7.967860e+01
1.727800e+04 8.348487e+01
1.727900e+04 8.499844e+01
1.728000e+04 7.457128e+01
1.728100e+04 8.417935e+01
1.728200e+04 8.429406e+01
1.728300e+04 8.012635e+01
1.728400e+04 7.269661e+01
1.728500e+04 8.533759e+01
1.728600e+04 8.311710e+01
1.728700e+04 8.548704e+01
1.728800e+04 8.046554e+01
1.728900e+04 7.120898e+01
1.729000e+04 8.215484e+01
1.729100e+04 8.221860e+01
1.729200e+04 7.371669e+01
1.729300e+04 8.213815e+01
1.729400e+04 7.991761e+01
1.729500e+04 7.113506e+01
1.729600e+04 7.528485e+01
1.729700e+04 8.210990e+01
1.729800e+04 8.109889e+01
1.729900e+04 7.887796e+01
1.730000e+04 7.581022e+01
1.730100e+04 8.405598e+01
1.730200e+04 8.044703e+01
1.730300e+04 7.669133e+01
1.730400e+04 8.503294e+01
1.730500e+04 8.251461e+01
1.730600e+04 8.103848e+01
1.730700e+04 8.188297e+01
1.730800e+04 8.496571e+01
1.730900e+04 8.558139e+01
1.731000e+04 8.144326e+01
1.731100e+04 8.273093e+01
1.731200e+04 7.112336e+01
1.731300e+04 7.164997e+01
1.731400e+04 8.030057e+01
1.731500e+04 8.221290e+01
1.731600e+04 7.681877e+01
1.731700e+04 7.564375e+01
1.731800e+04 7.128069e+01
1.731900e+04 6.827270e+01
1.732000e+04 7.258481e+01
1.732100e+04 6.533904e+01
1.732200e+04 8.163969e+01
1.732300e+04 7.867437e+01
1.732400e+04 8.096218e+01
1.732500e+04 8.008459e+01
1.732600e+04 7.908802e+01
1.732700e+04 7.286154e+01
1.732800e+04 8.124044e+01
1.732900e+04 7.327890e+01
1.733000e+04 7.687137e+01
1.733100e+04 7.859340e+01
1.733200e+04 7.919373e+01
1.733300e+04 8.036286e+01
1.733400e+04 8.295753e+01
1.733500e+04 7.225686e+01
1.733600e+04 8.189238e+01
1.733700e+04 8.106547e+01
1.733800e+04 8.269512e+01
1.733900e+04 7.417653e+01
1.734000e+04 7.390344e+01
1.734100e+04 7.630628e+01
1.734200e+04 7.980865e+01
1.734300e+04 7.452267e+01
1.734400e+04 6.703992e+01
1.734500e+04 6.794198e+01
1.734600e+04 8.065053e+01
1.734700e+04 7.829250e+01
1.734800e+04 7.696286e+01
1.734900e+04 7.893753e+01
1.735000e+04 6.968982e+01
1.735100e+04 7.426269e+01
1.735200e+04 7.344339e+01
1.735300e+04 7.498768e+01
1.735400e+04 7.101143e+01
1.735500e+04 7.773582e+01
1.735600e+04 7.484420e+01
1.735700e+04 7.689768e+01
1.735800e+04 7.932914e+01
1.735900e+04 8.243405e+01
1.736000e+04 7.055048e+01
1.736100e+04 8.237311e+01
1.736200e+04 8.067608e+01
1.736300e+04 7.590992e+01
1.736400e+04 8.144229e+01
1.736500e+04 8.399778e+01
1.736600e+04 7.012946e+01
1.736700e+04 7.892381e+01
1.736800e+04 7.700519e+01
1.736900e+04 8.276112e+01
1.737000e+04 6.780292e+01
1.737100e+04 8.003773e+01
1.737200e+04 7.644362e+01
1.737300e+04 7.034997e+01
1.737400e+04 7.635991e+01
1.737500e+04 8.228956e+01
1.737600e+04 8.245725e+01
1.737700e+04 8.291380e+01
1.737800e+04 8.138305e+01
1.737900e+04 7.435843e+01
1.738000e+04 7.769595e+01
1.738100e+04 6.906180e+01
1.738200e+04 8.260655e+01
1.738300e+04 7.388376e+01
1.738400e+04 7.374454e+01
1.738500e+04 7.189081e+01
1.738600e+04 7.856821e+01
1.738700e+04 8.036628e+01
1.738800e+04 8.172035e+01
1.738900e+04 6.744018e+01
1.739000e+04 7.496674e+01
1.739100e+04 8.309486e+01
1.739200e+04 8.173886e+01
1.739300e+04 7.748361e+01
1.739400e+04 7.315852e+01
1.739500e+04 7.602270e+01
1.739600e+04 7.937299e+01
1.739700e+04 8.213124e+01
1.739800e+04 6.379601e+01
1.739900e+04 7.830887e+01
1.740000e+04 7.661830e+01
1.740100e+04 8.068578e+01
1.740200e+04 8.171979e+01
1.740300e+04 7.746800e+01
1.740400e+04 6.701486e+01
1.740500e+04 7.291873e+01
1.740600e+04 7.927840e+01
1.740700e+04 6.797121e+01
1.740800e+04 6.736200e+01
1.740900e+04 7.626880e+01
1.741000e+04 7.983285e+01
1.741100e+04 7.057062e+01
1.741200e+04 6.911182e+01
1.741300e+04 8.342343e+01
1.741400e+04 8.168965e+01
1.741500e+04 8.130875e+01
1.741600e+04 6.965233e+01
1.741700e+04 8.105138e+01
1.741800e+04 6.931306e+01
1.741900e+04 7.646558e+01
1.742000e+04 8.087058e+01
1.742100e+04 8.294426e+01
1.742200e+04 7.694971e+01
1.742300e+04 7.554363e+01
1.742400e+04 7.974618e+01
1.742500e+04 7.242358e+01
1.742600e+04 6.584659e+01
1.742700e+04 7.053839e+01
1.742800e+04 7.101402e+01
1.742900e+04 7.479159e+01
1.743000e+04 7.387003e+01
1.743100e+04 8.121633e+01
1.743200e+04 7.029673e+01
1.743300e+04 6.878099e+01
1.743400e+04 8.235606e+01
1.743500e+04 8.397264e+01
1.743600e+04 7.577725e+01
1.743700e+04 6.768323e+01
1.743800e+04 7.423898e+01
1.743900e+04 7.259703e+01
1.744000e+04 7.479608e+01
1.744100e+04 7.704646e+01
1.744200e+04 7.332423e+01
1.744300e+04 8.092511e+01
1.744400e+04 8.015657e+01
1.744500e+04 6.925561e+01
1.744600e+04 7.679846e+01
1.744700e+04 7.762531e+01
1.744800e+04 8.109643e+01
1.744900e+04 6.492369e+01
1.745000e+04 7.745725e+01
1.745100e+04 7.833262e+01
1.745200e+04 7.130396e+01
1.745300e+04 7.839074e+01
1.745400e+04 7.138771e+01
1.745500e+04 7.646543e+01
1.745600e+04 7.608412e+01
1.745700e+04 8.002593e+01
1.745800e+04 7.003525e+01
1.745900e+04 7.970285e+01
1.746000e+04 7.990106e+01
1.746100e+04 7.009492e+01
1.746200e+04 8.209152e+01
1.746300e+04 8.012361e+01
1.746400e+04 7.133933e+01
1.746500e+04 6.729261e+01
1.746600e+04 7.617368e+01
1.746700e+04 8.047544e+01
1.746800e+04 6.773034e+01
1.746900e+04 7.348342e+01
1.747000e+04 8.163613e+01
1.747100e+04 6.828049e+01
1.747200e+04 7.804387e+01
1.747300e+04 7.438952e+01
1.747400e+04 7.850330e+01
1.747500e+04 5.597917e+01
1.747600e+04 7.805880e+01
1.747700e+04 8.122942e+01
1.747800e+04 7.313758e+01
1.747900e+04 7.671974e+01
1.748000e+04 7.855100e+01
1.748100e+04 7.058775e+01
1.748200e+04 7.029800e+01
1.748300e+04 6.738650e+01
1.748400e+04 7.389523e+01
1.748500e+04 7.902875e+01
1.748600e+04 7.718575e+01
1.748700e+04 7.956546e+01
1.748800e+04 8.018680e+01
1.748900e+04 8.198198e+01
1.749000e+04 7.666845e+01
1.749100e+04 7.937247e+01
1.749200e+04 6.669582e+01
1.749300e+04 7.537286e+01
1.749400e+04 7.731586e+01
1.749500e+04 6.334788e+01
1.749600e+04 7.755176e+01
1.749700e+04 7.473048e+01
1.749800e+04 7.859820e+01
1.749900e+04 6.962858e+01
1.750000e+04 7.987552e+01
1.750100e+04 7.595718e+01
1.750200e+04 7.314567e+01
1.750300e+04 6.191354e+01
1.750400e+04 7.424126e+01
1.750500e+04 6.568130e+01
1.750600e+04 6.962308e+01
1.750700e+04 6.463631e+01
1.750800e+04 6.671943e+01
1.750900e+04 6.877518e+01
1.751000e+04 7.018853e+01
1.751100e+04 7.670772e+01
1.751200e+04 8.107032e+01
1.751300e+04 7.046069e+01
1.751400e+04 7.446343e+01
1.751500e+04 7.596997e+01
1.751600e+04 7.630584e+01
1.751700e+04 7.787179e+01
1.751800e+04 7.006670e+01
1.751900e+04 6.842866e+01
1.752000e+04 7.813401e+01
1.752100e+04 6.527003e+01
1.752200e+04 7.250659e+01
1.752300e+04 8.031070e+01
1.752400e+04 7.478797e+01
1.752500e+04 7.010975e+01
1.752600e+04 7.467563e+01
1.752700e+04 8.178553e+01
1.752800e+04 7.527366e+01
1.752900e+04 7.078465e+01
1.753000e+04 7.923809e+01
1.753100e+04 7.790215e+01
1.753200e+04 6.847565e+01
1.753300e+04 7.769717e+01
1.753400e+04 6.964801e+01
1.753500e+04 7.626087e+01
1.753600e+04 6.808620e+01
1.753700e+04 6.744109e+01
1.753800e+04 7.230608e+01
1.753900e+04 7.454565e+01
1.754000e+04 7.818170e+01
1.754100e+04 6.839359e+01
1.754200e+04 7.097781e+01
1.754300e+04 6.874379e+01
1.754400e+04 6.462988e+01
1.754500e+04 7.850983e+01
1.754600e+04 6.312602e+01
1.754700e+04 7.131782e+01
1.754800e+04 7.459265e+01
1.754900e+04 7.896943e+01
1.755000e+04 7.453392e+01
1.755100e+04 6.619709e+01
1.755200e+04 7.823832e+01
1.755300e+04 6.955549e+01
1.755400e+04 7.167075e+01
1.755500e+04 7.418641e+01
1.755600e+04 6.602063e+01
1.755700e+04 7.545561e+01
1.755800e+04 7.146202e+01
1.755900e+04 6.287212e+01
1.756000e+04 6.417654e+01
1.756100e+04 6.631254e+01
1.756200e+04 6.983953e+01
1.756300e+04 6.465906e+01
1.756400e+04 7.755756e+01
1.756500e+04 6.843079e+01
1.756600e+04 7.085090e+01
1.756700e+04 6.448666e+01
1.756800e+04 6.900115e+01
1.756900e+04 7.121079e+01
1.757000e+04 7.351313e+01
1.757100e+04 6.808842e+01
1.757200e+04 7.414156e+01
1.757300e+04 7.491570e+01
1.757400e+04 7.389687e+01
1.757500e+04 7.965060e+01
1.757600e+04 7.787485e+01
1.757700e+04 7.461753e+01
1.757800e+04 5.777478e+01
1.757900e+04 7.303656e+01
1.758000e+04 7.305870e+01
1.758100e+04 6.592833e+01
1.758200e+04 6.662355e+01
1.758300e+04 7.552492e+01
1.758400e+04 7.189457e+01
1.758500e+04 7.449781e+01
1.758600e+04 6.390169e+01
1.758700e+04 7.017705e+01
1.758800e+04 6.635771e+01
1.758900e+04 7.153193e+01
1.759000e+04 7.085898e+01
1.759100e+04 6.428786e+01
1.759200e+04 7.334758e+01
1.759300e+04 7.899367e+01
1.759400e+04 6.302470e+01
1.759500e+04 6.860998e+01
1.759600e+04 7.265889e+01
1.759700e+04 7.214550e+01
1.759800e+04 6.902271e+01
1.759900e+04 7.794042e+01
1.760000e+04 6.880696e+01
1.760100e+04 7.156757e+01
1.760200e+04 7.709440e+01
1.760300e+04 7.376972e+01
1.760400e+04 7.399733e+01
1.760500e+04 7.454956e+01
1.760600e+04 6.313189e+01
1.760700e+04 6.697621e+01
1.760800e+04 7.298885e+01
1.760900e+04 6.374933e+01
1.761000e+04 6.932784e+01
1.761100e+04 7.456860e+01
1.761200e+04 6.389208e+01
1.761300e+04 6.694411e+01
1.761400e+04 7.854147e+01
1.761500e+04 6.755922e+01
1.761600e+04 7.048931e+01
1.761700e+04 7.656619e+01
1.761800e+04 7.549408e+01
1.761900e+04 7.496341e+01
1.762000e+04 6.891047e+01
1.762100e+04 7.571127e+01
1.762200e+04 5.733436e+01
1.762300e+04 6.643338e+01
1.762400e+04 7.178426e+01
1.762500e+04 6.306441e+01
1.762600e+04 7.219072e+01
1.762700e+04 6.706575e+01
1.762800e+04 6.335722e+01
1.762900e+04 6.796576e+01
1.763000e+04 6.910259e+01
1.763100e+04 6.523718e+01
1.763200e+04 7.231835e+01
1.763300e+04 6.091624e+01
1.763400e+04 6.973636e+01
1.763500e+04 7.669744e+01
1.763600e+04 7.468331e+01
1.763700e+04 7.758816e+01
1.763800e+04 7.694211e+01
1.763900e+04 7.418654e+01
1.764000e+04 7.067967e+01
1.764100e+04 7.246500e+01
1.764200e+04 6.588464e+01
1.764300e+04 7.411340e+01
1.764400e+04 7.011342e+01
1.764500e+04 5.630821e+01
1.764600e+04 7.882228e+01
1.764700e+04 7.003154e+01
1.764800e+04 5.927417e+01
1.764900e+04 7.380260e+01
1.765000e+04 7.567723e+01
1.765100e+04 6.583055e+01
1.765200e+04 7.924640e+01
1.765300e+04 6.783410e+01
1.765400e+04 6.853896e+01
1.765500e+04 7.150201e+01
1.765600e+04 7.195270e+01
1.765700e+04 6.724448e+01
1.765800e+04 7.737879e+01
1.765900e+04 7.165053e+01
1.766000e+04 6.622493e+01
1.766100e+04 7.659773e+01
1.766200e+04 7.204138e+01
1.766300e+04 7.549308e+01
1.766400e+04 7.340266e+01
1.766500e+04 7.674349e+01
1.766600e+04 7.065047e+01
1.766700e+04 7.685571e+01
1.766800e+04 7.109383e+01
1.766900e+04 5.063057e+01
1.767000e+04 7.668147e+01
1.767100e+04 6.782195e+01
1.767200e+04 5.930504e+01
1.767300e+04 6.991666e+01
1.767400e+04 7.252974e+01
1.767500e+04 6.812939e+01
1.767600e+04 6.739268e+01
1.767700e+04 7.124374e+01
1.767800e+04 6.265051e+01
1.767900e+04 6.151442e+01
1.768000e+04 6.974391e+01
1.768100e+04 7.270375e+01
1.768200e+04 6.190819e+01
1.768300e+04 6.407454e+01
1.768400e+04 5.860454e+01
1.768500e+04 6.473857e+01
1.768600e+04 6.990777e+01
1.768700e+04 6.583227e+01
1.768800e+04 6.675229e+01
1.768900e+04 6.486133e+01
1.769000e+04 6.355191e+01
1.769100e+04 7.559868e+01
1.769200e+04 6.693045e+01
1.769300e+04 7.262370e+01
1.769400e+04 6.509241e+01
1.769500e+04 6.247547e+01
1.769600e+04 8.002395e+01
1.769700e+04 7.748237e+01
1.769800e+04 7.149555e+01
1.769900e+04 7.656767e+01
1.770000e+04 7.383404e+01
1.770100e+04 7.488302e+01
1.770200e+04 6.060305e+01
1.770300e+04 5.983011e+01
1.770400e+04 6.592029e+01
1.770500e+04 7.281666e+01
1.770600e+04 7.607618e+01
1.770700e+04 7.787688e+01
1.770800e+04 6.608029e+01
1.770900e+04 6.770682e+01
1.771000e+04 7.020979e+01
1.771100e+04 5.946163e+01
1.771200e+04 7.375121e+01
1.771300e+04 6.512516e+01
1.771400e+04 7.428839e+01
1.771500e+04 6.765915e+01
1.771600e+04 6.298801e+01
1.771700e+04 5.392328e+01
1.771800e+04 7.514912e+01
1.771900e+04 7.397340e+01
1.772000e+04 7.049369e+01
1.772100e+04 6.964160e+01
1.772200e+04 6.384572e+01
1.772300e+04 7.069257e+01
1.772400e+04 4.856136e+01
1.772500e+04 6.489049e+01
1.772600e+04 6.538824e+01
1.772700e+04 6.569345e+01
1.772800e+04 6.560389e+01
1.772900e+04 6.541460e+01
1.773000e+04 6.709740e+01
1.773100e+04 5.804642e+01
1.773200e+04 7.203742e+01
1.773300e+04 6.705495e+01
1.773400e+04 6.621583e+01
1.773500e+04 7.151465e+01
1.773600e+04 6.735043e+01
1.773700e+04 7.436557e+01
1.773800e+04 7.500238e+01
1.773900e+04 6.620948e+01
1.774000e+04 7.634863e+01
1.774100e+04 7.414742e+01
1.774200e+04 7.492711e+01
1.774300e+04 6.302943e+01
1.774400e+04 6.680874e+01
1.774500e+04 6.073611e+01
1.774600e+04 7.062587e+01
1.774700e+04 6.518111e+01
1.774800e+04 7.474578e+01
1.774900e+04 7.000809e+01
1.775000e+04 5.407591e+01
1.775100e+04 7.313192e+01
1.775200e+04 6.009882e+01
1.775300e+04 6.600555e+01
1.775400e+04 6.413506e+01
1.775500e+04 6.550446e+01
1.775600e+04 7.145608e+01
1.775700e+04 7.315081e+01
1.775800e+04 7.812336e+01
1.775900e+04 6.587325e+01
1.776000e+04 5.016737e+01
1.776100e+04 7.417531e+01
1.776200e+04 6.231313e+01
1.776300e+04 6.664388e+01
1.776400e+04 6.272112e+01
1.776500e+04 5.464484e+01
1.776600e+04 6.715950e+01
1.776700e+04 6.176857e+01
1.776800e+04 5.816718e+01
1.776900e+04 7.161317e+01
1.777000e+04 6.989352e+01
1.777100e+04 6.692064e+01
1.777200e+04 7.018163e+01
1.777300e+04 7.146928e+01
1.777400e+04 6.488205e+01
1.777500e+04 5.906665e+01
1.777600e+04 7.040540e+01
1.777700e+04 6.676239e+01
1.777800e+04 5.622793e+01
1.777900e+04 6.850253e+01
1.778000e+04 6.548620e+01
1.778100e+04 6.895282e+01
1.778200e+04 6.916039e+01
1.778300e+04 6.435855e+01
1.778400e+04 6.181750e+01
1.778500e+04 6.502216e+01
1.778600e+04 6.872661e+01
1.778700e+04 7.269595e+01
1.778800e+04 6.982522e+01
1.778900e+04 6.809956e+01
1.779000e+04 6.287128e+01
1.779100e+04 5.545976e+01
1.779200e+04 6.550008e+01
1.779300e+04 7.365726e+01
1.779400e+04 7.188391e+01
1.779500e+04 5.753618e+01
1.779600e+04 5.996549e+01
1.779700e+04 5.761271e+01
1.779800e+04 5.539202e+01
1.779900e+04 6.764597e+01
1.780000e+04 7.028663e+01
1.780100e+04 7.235550e+01
1.780200e+04 7.365328e+01
1.780300e+04 7.535644e+01
1.780400e+04 6.789139e+01
1.780500e+04 5.827792e+01
1.780600e+04 6.911525e+01
1.780700e+04 7.478223e+01
1.780800e+04 7.016637e+01
1.780900e+04 6.670979e+01
1.781000e+04 6.234958e+01
1.781100e+04 6.017022e+01
1.781200e+04 5.041848e+01
1.781300e+04 6.608532e+01
1.781400e+04 5.752225e+01
1.781500e+04 6.883622e+01
1.781600e+04 6.671331e+01
1.781700e+04 5.868481e+01
1.781800e+04 6.218252e+01
1.781900e+04 6.694218e+01
1.782000e+04 7.150547e+01
1.782100e+04 6.536854e+01
1.782200e+04 7.492353e+01
1.782300e+04 5.256606e+01
1.782400e+04 6.698420e+01
1.782500e+04 6.413968e+01
1.782600e+04 6.492760e+01
1.782700e+04 6.884403e+01
1.782800e+04 5.569546e+01
1.782900e+04 4.628988e+01
1.783000e+04 6.416698e+01
1.783100e+04 6.474695e+01
1.783200e+04 5.506379e+01
1.783300e+04 7.419767e+01
1.783400e+04 6.505909e+01
1.783500e+04 7.358254e+01
1.783600e+04 6.557445e+01
1.783700e+04 6.083701e+01
1.783800e+04 6.977740e+01
1.783900e+04 7.067826e+01
1.784000e+04 7.450203e+01
1.784100e+04 7.000784e+01
1.784200e+04 6.109571e+01
1.784300e+04 6.737771e+01
1.784400e+04 7.393511e+01
1.784500e+04 6.392497e+01
1.784600e+04 7.448997e+01
1.784700e+04 6.159432e+01
1.784800e+04 6.361987e+01
1.784900e+04 5.963642e+01
1.785000e+04 6.269723e+01
1.785100e+04 6.830462e+01
1.785200e+04 6.773996e+01
1.785300e+04 6.738164e+01
1.785400e+04 5.888819e+01
1.785500e+04 6.267677e+01
1.785600e+04 6.299810e+01
1.785700e+04 5.450332e+01
1.785800e+04 6.220735e+01
1.785900e+04 6.003738e+01
1.786000e+04 6.038444e+01
1.786100e+04 7.114938e+01
1.786200e+04 6.215515e+01
1.786300e+04 5.341339e+01
1.786400e+04 7.048071e+01
1.786500e+04 7.053923e+01
1.786600e+04 6.484463e+01
1.786700e+04 6.017062e+01
1.786800e+04 6.424508e+01
1.786900e+04 5.757746e+01
1.787000e+04 6.454097e+01
1.787100e+04 4.401600e+01
1.787200e+04 6.365246e+01
1.787300e+04 6.504008e+01
1.787400e+04 6.186619e+01
1.787500e+04 6.240879e+01
1.787600e+04 5.616167e+01
1.787700e+04 7.014376e+01
1.787800e+04 6.391531e+01
1.787900e+04 7.032295e+01
1.788000e+04 6.682140e+01
1.788100e+04 6.101374e+01
1.788200e+04 5.533436e+01
1.788300e+04 6.977147e+01
1.788400e+04 7.388306e+01
1.788500e+04 5.630988e+01
1.788600e+04 6.584451e+01
1.788700e+04 6.092194e+01
1.788800e+04 5.527063e+01
1.788900e+04 6.851146e+01
1.789000e+04 6.925652e+01
1.789100e+04 6.770610e+01
1.789200e+04 6.507881e+01
1.789300e+04 7.001853e+01
1.789400e+04 5.732109e+01
1.789500e+04 6.761507e+01
1.789600e+04 7.230930e+01
1.789700e+04 6.696119e+01
1.789800e+04 6.879471e+01
1.789900e+04 6.328599e+01
1.790000e+04 6.790437e+01
1.790100e+04 6.105768e+01
1.790200e+04 7.200515e+01
1.790300e+04 7.304998e+01
1.790400e+04 5.205530e+01
1.790500e+04 6.798113e+01
1.790600e+04 5.538526e+01
1.790700e+04 5.548868e+01
1.790800e+04 6.913760e+01
1.790900e+04 6.711117e+01
1.791000e+04 5.847887e+01
1.791100e+04 5.568617e+01
1.791200e+04 7.187515e+01
1.791300e+04 5.995414e+01
1.791400e+04 5.366175e+01
1.791500e+04 6.414784e+01
1.791600e+04 6.101935e+01
1.791700e+04 6.971754e+01
1.791800e+04 6.818574e+01
1.791900e+04 5.137504e+01
1.792000e+04 6.401220e+01
1.792100e+04 6.617418e+01
1.792200e+04 6.357833e+01
1.792300e+04 6.451757e+01
1.792400e+04 6.814003e+01
1.792500e+04 6.030802e+01
1.792600e+04 7.257926e+01
1.792700e+04 5.810993e+01
1.792800e+04 6.050469e+01
1.792900e+04 6.339900e+01
1.793000e+04 7.091893e+01
1.793100e+04 6.852938e+01
1.793200e+04 6.103700e+01
1.793300e+04 6.776556e+01
1.793400e+04 5.722961e+01
1.793500e+04 5.863601e+01
1.793600e+04 7.239981e+01
1.793700e+04 4.955391e+01
1.793800e+04 6.490491e+01
1.793900e+04 5.955794e+01
1.794000e+04 7.160743e+01
1.794100e+04 6.915678e+01
1.794200e+04 4.618759e+01
1.794300e+04 7.126816e+01
1.794400e+04 6.558119e+01
1.794500e+04 6.273067e+01
1.794600e+04 6.614153e+01
1.794700e+04 5.961061e+01
1.794800e+04 5.542942e+01
1.794900e+04 6.247084e+01
1.795000e+04 5.971356e+01
1.795100e+04 6.168613e+01
1.795200e+04 5.482066e+01
1.795300e+04 5.474957e+01
1.795400e+04 6.693880e+01
1.795500e+04 6.905995e+01
1.795600e+04 6.713885e+01
1.795700e+04 7.032983e+01
1.795800e+04 6.788368e+01
1.795900e+04 7.541422e+01
1.796000e+04 5.206442e+01
1.796100e+04 6.306015e+01
1.796200e+04 5.955750e+01
1.796300e+04 4.188654e+01
1.796400e+04 4.544071e+01
1.796500e+04 6.077513e+01
1.796600e+04 7.039720e+01
1.796700e+04 6.763238e+01
1.796800e+04 6.847273e+01
1.796900e+04 5.864631e+01
1.797000e+04 5.465132e+01
1.797100e+04 7.151444e+01
1.797200e+04 6.671181e+01
1.797300e+04 6.471684e+01
1.797400e+04 7.319119e+01
1.797500e+04 5.136894e+01
1.797600e+04 6.444178e+01
1.797700e+04 7.004639e+01
1.797800e+04 6.288467e+01
1.797900e+04 6.773653e+01
1.798000e+04 6.925862e+01
1.798100e+04 6.662503e+01
1.798200e+04 6.157442e+01
1.798300e+04 6.948590e+01
1.798400e+04 6.372640e+01
1.798500e+04 6.300995e+01
1.798600e+04 7.124049e+01
1.798700e+04 6.682682e+01
1.798800e+04 6.170441e+01
1.798900e+04 6.672771e+01
1.799000e+04 6.606873e+01
1.799100e+04 5.785286e+01
1.799200e+04 5.007258e+01
1.799300e+04 5.642588e+01
1.799400e+04 5.970443e+01
1.799500e+04 6.387331e+01
1.799600e+04 5.316904e+01
1.799700e+04 6.398597e+01
1.799800e+04 5.349252e+01
1.799900e+04 6.786927e+01
1.800000e+04 5.575868e+01
1.800100e+04 6.528990e+01
1.800200e+04 5.982259e+01
1.800300e+04 6.472753e+01
1.800400e+04 6.295587e+01
1.800500e+04 5.810442e+01
1.800600e+04 5.635831e+01
1.800700e+04 6.677590e+01
1.800800e+04 6.615959e+01
1.800900e+04 5.607077e+01
1.801000e+04 5.159589e+01
1.801100e+04 5.432902e+01
1.801200e+04 4.368163e+01
1.801300e+04 7.038776e+01
1.801400e+04 6.880097e+01
1.801500e+04 5.507912e+01
1.801600e+04 6.537067e+01
1.801700e+04 5.025171e+01
1.801800e+04 6.693606e+01
1.801900e+04 6.646862e+01
1.802000e+04 5.904508e+01
1.802100e+04 6.422235e+01
1.802200e+04 5.619745e+01
1.802300e+04 6.032498e+01
1.802400e+04 6.389878e+01
1.802500e+04 6.148012e+01
1.802600e+04 6.342606e+01
1.802700e+04 4.184598e+01
1.802800e+04 5.787938e+01
1.802900e+04 6.592559e+01
1.803000e+04 6.617837e+01
1.803100e+04 5.401354e+01
1.803200e+04 6.393477e+01
1.803300e+04 6.407693e+01
1.803400e+04 5.240439e+01
1.803500e+04 5.762226e+01
1.803600e+04 6.366784e+01
1.803700e+04 5.788060e+01
1.803800e+04 5.681320e+01
1.803900e+04 5.893365e+01
1.804000e+04 6.588612e+01
1.804100e+04 6.512063e+01
1.804200e+04 7.004512e+01
1.804300e+04 6.177596e+01
1.804400e+04 6.066971e+01
1.804500e+04 7.239506e+01
1.804600e+04 5.678932e+01
1.804700e+04 5.234564e+01
1.804800e+04 6.763017e+01
1.804900e+04 5.358422e+01
1.805000e+04 5.934199e+01
1.805100e+04 5.577837e+01
1.805200e+04 6.215174e+01
1.805300e+04 6.807170e+01
1.805400e+04 6.531479e+01
1.805500e+04 5.009018e+01
1.805600e+04 6.119017e+01
1.805700e+04 5.032271e+01
1.805800e+04 5.862644e+01
1.805900e+04 6.214267e+01
1.806000e+04 5.723445e+01
1.806100e+04 7.066148e+01
1.806200e+04 5.540147e+01
1.806300e+04 5.720430e+01
1.806400e+04 5.693028e+01
1.806500e+04 7.343805e+01
1.806600e+04 6.658379e+01
1.806700e+04 7.244364e+01
1.806800e+04 5.942175e+01
1.806900e+04 6.067046e+01
1.807000e+04 5.750994e+01
1.807100e+04 6.481336e+01
1.807200e+04 5.455099e+01
1.807300e+04 6.161585e+01
1.807400e+04 5.933188e+01
1.807500e+04 5.526608e+01
1.807600e+04 4.924175e+01
1.807700e+04 5.199034e+01
1.807800e+04 6.233129e+01
1.807900e+04 6.927064e+01
1.808000e+04 6.202856e+01
1.808100e+04 6.009562e+01
1.808200e+04 4.800207e+01
1.808300e+04 7.000113e+01
1.808400e+04 6.776447e+01
1.808500e+04 6.020490e+01
1.808600e+04 4.975535e+01
1.808700e+04 5.396692e+01
1.808800e+04 5.768030e+01
1.808900e+04 6.623250e+01
1.809000e+04 5.463256e+01
1.809100e+04 6.438516e+01
1.809200e+04 6.952589e+01
1.809300e+04 6.548869e+01
1.809400e+04 6.175953e+01
1.809500e+04 6.162877e+01
1.809600e+04 6.139729e+01
1.809700e+04 6.429286e+01
1.809800e+04 6.659112e+01
1.809900e+04 5.855513e+01
1.810000e+04 6.284348e+01
1.810100e+04 7.079246e+01
1.810200e+04 6.697151e+01
1.810300e+04 6.508799e+01
1.810400e+04 5.543572e+01
1.810500e+04 5.972013e+01
1.810600e+04 5.365920e+01
1.810700e+04 5.539635e+01
1.810800e+04 5.503097e+01
1.810900e+04 5.414654e+01
1.811000e+04 4.155846e+01
1.811100e+04 6.026138e+01
1.811200e+04 5.005052e+01
1.811300e+04 6.586527e+01
1.811400e+04 6.334997e+01
1.811500e+04 5.003049e+01
1.811600e+04 5.769725e+01
1.811700e+04 6.172451e+01
1.811800e+04 6.919660e+01
1.811900e+04 6.185858e+01
1.812000e+04 6.203617e+01
1.812100e+04 6.107481e+01
1.812200e+04 6.404149e+01
1.812300e+04 5.146563e+01
1.812400e+04 5.976740e+01
1.812500e+04 5.215283e+01
1.812600e+04 5.330566e+01
1.812700e+04 4.688395e+01
1.812800e+04 6.323330e+01
1.812900e+04 5.901203e+01
1.813000e+04 6.112078e+01
1.813100e+04 6.454582e+01
1.813200e+04 6.915581e+01
1.813300e+04 6.008541e+01
1.813400e+04 5.456570e+01
1.813500e+04 5.603411e+01
1.813600e+04 5.987518e+01
1.813700e+04 6.280531e+01
1.813800e+04 6.697130e+01
1.813900e+04 5.671427e+01
1.814000e+04 6.762242e+01
1.814100e+04 5.627225e+01
1.814200e+04 6.627370e+01
1.814300e+04 6.806583e+01
1.814400e+04 6.712829e+01
1.814500e+04 6.579028e+01
1.814600e+04 6.911746e+01
1.814700e+04 6.537398e+01
1.814800e+04 6.095549e+01
1.814900e+04 6.901105e+01
1.815000e+04 4.452294e+01
1.815100e+04 5.009465e+01
1.815200e+04 6.659656e+01
1.815300e+04 6.506391e+01
1.815400e+04 6.582539e+01
1.815500e+04 6.614787e+01
1.815600e+04 5.303212e+01
1.815700e+04 5.479803e+01
1.815800e+04 6.732539e+01
1.815900e+04 5.618293e+01
1.816000e+04 6.182728e+01
1.816100e+04 6.554370e+01
1.816200e+04 6.616060e+01
1.816300e+04 5.329232e+01
1.816400e+04 6.538708e+01
1.816500e+04 6.752191e+01
1.816600e+04 6.723997e+01
1.816700e+04 6.408807e+01
1.816800e+04 6.382382e+01
1.816900e+04 6.174331e+01
1.817000e+04 4.699448e+01
1.817100e+04 5.401945e+01
1.817200e+04 6.217268e+01
1.817300e+04 5.084922e+01
1.817400e+04 5.771444e+01
1.817500e+04 6.605388e+01
1.817600e+04 6.249787e+01
1.817700e+04 5.089716e+01
1.817800e+04 5.744777e+01
1.817900e+04 5.984741e+01
1.818000e+04 5.836529e+01
1.818100e+04 6.865486e+01
1.818200e+04 6.135913e+01
1.818300e+04 5.276304e+01
1.818400e+04 6.037907e+01
1.818500e+04 5.677810e+01
1.818600e+04 6.338330e+01
1.818700e+04 4.514218e+01
1.818800e+04 5.272313e+01
1.818900e+04 5.897247e+01
1.819000e+04 5.776902e+01
1.819100e+04 6.654467e+01
1.819200e+04 5.909429e+01
1.819300e+04 5.828602e+01
1.819400e+04 5.799198e+01
1.819500e+04 5.758577e+01
1.819600e+04 5.786040e+01
1.819700e+04 4.909290e+01
1.819800e+04 6.002414e+01
1.819900e+04 5.636575e+01
1.820000e+04 6.223456e+01
1.820100e+04 6.489858e+01
1.820200e+04 5.426245e+01
1.820300e+04 4.664215e+01
1.820400e+04 5.912149e+01
1.820500e+04 6.334843e+01
1.820600e+04 5.146700e+01
1.820700e+04 6.396914e+01
1.820800e+04 5.615213e+01
1.820900e+04 6.384453e+01
1.821000e+04 5.727570e+01
1.821100e+04 5.549487e+01
1.821200e+04 5.217251e+01
1.821300e+04 6.540554e+01
1.821400e+04 6.703564e+01
1.821500e+04 5.158730e+01
1.821600e+04 5.353345e+01
1.821700e+04 4.788421e+01
1.821800e+04 5.315034e+01
1.821900e+04 6.137493e+01
1.822000e+04 6.123534e+01
1.822100e+04 4.361633e+01
1.822200e+04 5.724628e+01
1.822300e+04 5.304865e+01
1.822400e+04 5.427344e+01
1.822500e+04 5.839304e+01
1.822600e+04 5.239039e+01
1.822700e+04 5.355153e+01
1.822800e+04 6.737205e+01
1.822900e+04 6.583358e+01
1.823000e+04 6.525853e+01
1.823100e+04 6.212439e+01
1.823200e+04 6.167691e+01
1.823300e+04 6.172514e+01
1.823400e+04 6.404428e+01
1.823500e+04 6.525259e+01
1.823600e+04 6.653927e+01
1.823700e+04 6.535396e+01
1.823800e+04 6.246314e+01
1.823900e+04 6.274715e+01
1.824000e+04 6.739799e+01
1.824100e+04 6.097518e+01
1.824200e+04 6.954775e+01
1.824300e+04 6.467472e+01
1.824400e+04 6.884635e+01
1.824500e+04 5.955324e+01
1.824600e+04 6.308997e+01
1.824700e+04 5.784344e+01
1.824800e+04 4.856236e+01
1.824900e+04 6.264581e+01
1.825000e+04 6.445460e+01
1.825100e+04 5.534605e+01
1.825200e+04 5.418017e+01
1.825300e+04 6.087440e+01
1.825400e+04 5.626161e+01
1.825500e+04 6.387165e+01
1.825600e+04 5.401633e+01
1.825700e+04 6.683274e+01
1.825800e+04 6.065725e+01
1.825900e+04 6.495450e+01
1.826000e+04 6.430169e+01
1.826100e+04 5.649767e+01
1.826200e+04 5.263442e+01
1.826300e+04 4.462350e+01
1.826400e+04 3.544656e+01
1.826500e+04 5.050059e+01
1.826600e+04 5.622590e+01
1.826700e+04 6.797943e+01
1.826800e+04 5.668226e+01
1.826900e+04 6.819730e+01
1.827000e+04 5.291914e+01
1.827100e+04 5.178749e+01
1.827200e+04 6.241271e+01
1.827300e+04 6.451614e+01
1.827400e+04 5.179220e+01
1.827500e+04 5.593047e+01
1.827600e+04 5.522761e+01
1.827700e+04 4.561583e+01
1.827800e+04 5.549487e+01
1.827900e+04 5.541871e+01
1.828000e+04 5.961735e+01
1.828100e+04 6.661248e+01
1.828200e+04 6.155943e+01
1.828300e+04 5.859666e+01
1.828400e+04 5.623076e+01
1.828500e+04 5.870983e+01
1.828600e+04 5.964283e+01
1.828700e+04 6.204143e+01
1.828800e+04 6.073793e+01
1.828900e+04 5.661818e+01
1.829000e+04 5.622495e+01
1.829100e+04 6.375891e+01
1.829200e+04 6.243435e+01
1.829300e+04 6.207320e+01
1.829400e+04 5.481074e+01
1.829500e+04 6.366211e+01
1.829600e+04 6.659816e+01
1.829700e+04 6.585002e+01
1.829800e+04 5.733393e+01
1.829900e+04 5.321320e+01
1.830000e+04 6.170854e+01
1.830100e+04 5.573259e+01
1.830200e+04 5.754461e+01
1.830300e+04 5.609225e+01
1.830400e+04 6.003948e+01
1.830500e+04 6.136978e+01
1.830600e+04 6.060049e+01
1.830700e+04 4.613214e+01
1.830800e+04 6.811001e+01
1.830900e+04 5.953305e+01
1.831000e+04 5.682803e+01
1.831100e+04 6.780186e+01
1.831200e+04 5.043698e+01
1.831300e+04 4.719134e+01
1.831400e+04 6.235516e+01
1.831500e+04 5.360723e+01
1.831600e+04 6.877704e+01
1.831700e+04 6.074469e+01
1.831800e+04 6.094577e+01
1.831900e+04 6.150363e+01
1.832000e+04 5.133157e+01
1.832100e+04 5.080316e+01
1.832200e+04 6.451697e+01
1.832300e+04 4.861103e+01
1.832400e+04 5.447080e+01
1.832500e+04 5.386851e+01
1.832600e+04 4.814618e+01
1.832700e+04 5.311061e+01
1.832800e+04 5.952298e+01
1.832900e+04 6.136577e+01
1.833000e+04 5.455862e+01
1.833100e+04 6.536214e+01
1.833200e+04 5.700394e+01
1.833300e+04 5.555398e+01
1.833400e+04 5.714839e+01
1.833500e+04 6.082702e+01
1.833600e+04 6.429260e+01
1.833700e+04 5.894798e+01
1.833800e+04 5.278715e+01
1.833900e+04 5.815837e+01
1.834000e+04 5.837514e+01
1.834100e+04 5.833076e+01
1.834200e+04 5.993459e+01
1.834300e+04 5.821355e+01
1.834400e+04 6.823114e+01
1.834500e+04 6.445930e+01
1.834600e+04 5.124357e+01
1.834700e+04 6.055259e+01
1.834800e+04 5.723238e+01
1.834900e+04 5.803800e+01
1.835000e+04 5.368183e+01
1.835100e+04 3.810638e+01
1.835200e+04 6.163286e+01
1.835300e+04 6.076156e+01
1.835400e+04 6.478163e+01
1.835500e+04 6.637632e+01
1.835600e+04 6.197322e+01
1.835700e+04 4.450840e+01
1.835800e+04 6.121275e+01
1.835900e+04 5.966434e+01
1.836000e+04 5.640081e+01
1.836100e+04 6.099301e+01
1.836200e+04 6.003945e+01
1.836300e+04 4.862378e+01
1.836400e+04 5.375487e+01
1.836500e+04 4.859764e+01
1.836600e+04 6.441132e+01
1.836700e+04 6.417884e+01
1.836800e+04 6.096699e+01
1.836900e+04 6.445343e+01
1.837000e+04 6.626930e+01
1.837100e+04 4.898773e+01
1.837200e+04 6.155533e+01
1.837300e+04 6.197834e+01
1.837400e+04 5.902604e+01
1.837500e+04 5.049638e+01
1.837600e+04 5.590565e+01
1.837700e+04 6.319740e+01
1.837800e+04 4.284727e+01
1.837900e+04 5.097714e+01
1.838000e+04 5.449273e+01
1.838100e+04 5.892090e+01
1.838200e+04 6.120420e+01
1.838300e+04 6.289039e+01
1.838400e+04 5.734257e+01
1.838500e+04 5.432877e+01
1.838600e+04 6.649243e+01
1.838700e+04 6.295395e+01
1.838800e+04 6.016519e+01
1.838900e+04 6.030113e+01
1.839000e+04 5.417507e+01
1.839100e+04 6.277808e+01
1.839200e+04 5.223393e+01
1.839300e+04 4.808843e+01
1.839400e+04 5.416416e+01
1.839500e+04 6.249911e+01
1.839600e+04 5.482535e+01
1.839700e+04 4.996215e+01
1.839800e+04 5.337579e+01
1.839900e+04 4.375421e+01
1.840000e+04 5.853244e+01
1.840100e+04 6.473855e+01
1.840200e+04 5.677980e+01
1.840300e+04 5.871346e+01
1.840400e+04 5.419126e+01
1.840500e+04 5.663639e+01
1.840600e+04 5.889761e+01
1.840700e+04 5.674069e+01
1.840800e+04 5.258413e+01
1.840900e+04 4.991232e+01
1.841000e+04 6.676697e+01
1.841100e+04 6.219172e+01
1.841200e+04 6.211656e+01
1.841300e+04 6.591389e+01
1.841400e+04 6.336961e+01
1.841500e+04 6.332081e+01
1.841600e+04 5.620603e+01
1.841700e+04 6.381374e+01
1.841800e+04 5.432540e+01
1.841900e+04 5.212225e+01
1.842000e+04 5.012386e+01
1.842100e+04 5.298210e+01
1.842200e+04 5.663150e+01
1.842300e+04 4.973667e+01
1.842400e+04 5.152152e+01
1.842500e+04 5.716026e+01
1.842600e+04 6.017807e+01
1.842700e+04 5.225719e+01
1.842800e+04 5.411099e+01
1.842900e+04 5.483471e+01
1.843000e+04 5.726749e+01
1.843100e+04 4.736152e+01
1.843200e+04 6.671706e+01
1.843300e+04 4.911347e+01
1.843400e+04 5.469430e+01
1.843500e+04 5.155667e+01
1.843600e+04 6.028121e+01
1.843700e+04 4.824936e+01
1.843800e+04 6.035940e+01
1.843900e+04 5.047740e+01
1.844000e+04 4.261222e+01
1.844100e+04 5.322818e+01
1.844200e+04 5.520078e+01
1.844300e+04 5.546088e+01
1.844400e+04 5.521733e+01
1.844500e+04 5.112078e+01
1.844600e+04 4.596300e+01
1.844700e+04 6.011911e+01
1.844800e+04 5.215681e+01
1.844900e+04 5.301000e+01
1.845000e+04 5.120278e+01
1.845100e+04 5.966151e+01
1.845200e+04 6.167658e+01
1.845300e+04 5.750213e+01
1.845400e+04 5.851319e+01
1.845500e+04 4.798433e+01
1.845600e+04 5.234549e+01
1.845700e+04 5.532402e+01
1.845800e+04 5.095702e+01
1.845900e+04 5.528947e+01
1.846000e+04 4.948254e+01
1.846100e+04 5.648423e+01
1.846200e+04 6.015124e+01
1.846300e+04 5.519948e+01
1.846400e+04 5.107941e+01
1.846500e+04 5.277872e+01
1.846600e+04 4.972386e+01
1.846700e+04 4.888256e+01
1.846800e+04 4.607818e+01
1.846900e+04 4.814799e+01
1.847000e+04 3.542778e+01
1.847100e+04 3.626756e+01
1.847200e+04 4.712686e+01
1.847300e+04 4.819773e+01
1.847400e+04 4.555606e+01
1.847500e+04 5.348450e+01
1.847600e+04 4.559129e+01
1.847700e+04 5.821042e+01
1.847800e+04 5.457022e+01
1.847900e+04 5.411696e+01
1.848000e+04 4.686297e+01
1.848100e+04 4.513862e+01
1.848200e+04 5.175673e+01
1.848300e+04 4.976358e+01
1.848400e+04 5.082879e+01
1.848500e+04 5.311726e+01
1.848600e+04 4.434523e+01
1.848700e+04 4.901229e+01
1.848800e+04 4.498558e+01
1.848900e+04 5.892735e+01
1.849000e+04 5.585154e+01
1.849100e+04 6.091016e+01
1.849200e+04 5.818140e+01
1.849300e+04 5.707799e+01
1.849400e+04 4.589004e+01
1.849500e+04 5.396527e+01
1.849600e+04 5.264301e+01
1.849700e+04 4.600676e+01
1.849800e+04 6.320436e+01
1.849900e+04 5.718620e+01
1.850000e+04 5.578832e+01
1.850100e+04 5.338291e+01
1.850200e+04 4.599987e+01
1.850300e+04 5.055374e+01
1.850400e+04 5.048287e+01
1.850500e+04 5.595775e+01
1.850600e+04 6.447204e+01
1.850700e+04 4.860682e+01
1.850800e+04 5.501913e+01
1.850900e+04 5.818454e+01
1.851000e+04 5.871116e+01
1.851100e+04 6.007892e+01
1.851200e+04 5.946551e+01
1.851300e+04 4.592084e+01
1.851400e+04 5.695572e+01
1.851500e+04 5.298747e+01
1.851600e+04 5.433421e+01
1.851700e+04 6.440476e+01
1.851800e+04 6.412517e+01
1.851900e+04 5.674763e+01
1.852000e+04 4.669257e+01
1.852100e+04 6.363887e+01
1.852200e+04 6.258818e+01
1.852300e+04 4.982966e+01
1.852400e+04 4.902150e+01
1.852500e+04 6.117739e+01
1.852600e+04 5.707554e+01
1.852700e+04 5.685883e+01
1.852800e+04 5.585144e+01
1.852900e+04 5.579333e+01
1.853000e+04 5.244747e+01
1.853100e+04 4.774097e+01
1.853200e+04 4.421652e+01
1.853300e+04 4.530880e+01
1.853400e+04 5.506497e+01
1.853500e+04 5.911923e+01
1.853600e+04 5.353102e+01
1.853700e+04 5.506057e+01
1.853800e+04 4.470915e+01
1.853900e+04 5.440939e+01
1.854000e+04 5.386466e+01
1.854100e+04 5.422353e+01
1.854200e+04 6.172757e+01
1.854300e+04 4.975179e+01
1.854400e+04 5.867020e+01
1.854500e+04 6.206371e+01
1.854600e+04 6.147067e+01
1.854700e+04 4.294528e+01
1.854800e+04 5.383782e+01
1.854900e+04 5.994674e+01
1.855000e+04 4.269361e+01
1.855100e+04 5.270558e+01
1.855200e+04 5.154321e+01
1.855300e+04 5.757062e+01
1.855400e+04 6.071813e+01
1.855500e+04 5.813654e+01
1.855600e+04 5.735853e+01
1.855700e+04 6.206345e+01
1.855800e+04 5.193983e+01
1.855900e+04 5.581254e+01
1.856000e+04 5.977685e+01
1.856100e+04 5.330313e+01
1.856200e+04 4.599212e+01
1.856300e+04 5.247767e+01
1.856400e+04 5.097294e+01
1.856500e+04 4.406331e+01
1.856600e+04 5.090573e+01
1.856700e+04 4.157088e+01
1.856800e+04 3.676992e+01
1.856900e+04 5.973535e+01
1.857000e+04 4.870219e+01
1.857100e+04 5.631254e+01
1.857200e+04 4.090145e+01
1.857300e+04 5.434513e+01
1.857400e+04 5.229132e+01
1.857500e+04 5.603955e+01
1.857600e+04 5.503474e+01
1.857700e+04 4.589665e+01
1.857800e+04 5.399259e+01
1.857900e+04 4.941822e+01
1.858000e+04 4.302334e+01
1.858100e+04 4.059922e+01
1.858200e+04 4.957359e+01
1.858300e+04 4.898304e+01
1.858400e+04 4.985209e+01
1.858500e+04 5.413169e+01
1.858600e+04 4.673247e+01
1.858700e+04 5.106888e+01
1.858800e+04 5.880766e+01
1.858900e+04 5.024071e+01
1.859000e+04 4.430096e+01
1.859100e+04 4.476154e+01
1.859200e+04 4.448042e+01
1.859300e+04 4.765952e+01
1.859400e+04 5.261478e+01
1.859500e+04 5.514111e+01
1.859600e+04 5.321029e+01
1.859700e+04 5.154638e+01
1.859800e+04 4.138622e+01
1.859900e+04 5.110614e+01
1.860000e+04 5.730074e+01
1.860100e+04 4.512028e+01
1.860200e+04 5.489381e+01
1.860300e+04 5.153317e+01
1.860400e+04 4.371661e+01
1.860500e+04 4.787148e+01
1.860600e+04 5.339235e+01
1.860700e+04 4.605534e+01
1.860800e+04 4.887112e+01
1.860900e+04 5.192683e+01
1.861000e+04 5.463935e+01
1.861100e+04 4.265329e+01
1.861200e+04 5.844561e+01
1.861300e+04 4.102064e+01
1.861400e+04 4.939691e+01
1.861500e+04 4.870190e+01
1.861600e+04 5.372243e+01
1.861700e+04 4.786011e+01
1.861800e+04 5.769421e+01
1.861900e+04 5.172388e+01
1.862000e+04 4.896146e+01
1.862100e+04 6.062974e+01
1.862200e+04 5.419804e+01
1.862300e+04 5.102450e+01
1.862400e+04 5.752061e+01
1.862500e+04 5.094323e+01
1.862600e+04 5.815193e+01
1.862700e+04 5.321363e+01
1.862800e+04 4.510100e+01
1.862900e+04 5.098395e+01
1.863000e+04 4.789062e+01
1.863100e+04 5.632993e+01
1.863200e+04 5.189045e+01
1.863300e+04 5.892752e+01
1.863400e+04 6.043724e+01
1.863500e+04 4.641132e+01
1.863600e+04 5.345528e+01
1.863700e+04 5.586565e+01
1.863800e+04 5.129489e+01
1.863900e+04 5.660504e+01
1.864000e+04 5.571250e+01
1.864100e+04 5.602882e+01
1.864200e+04 4.942106e+01
1.864300e+04 4.936755e+01
1.864400e+04 5.503272e+01
1.864500e+04 5.368473e+01
1.864600e+04 4.728770e+01
1.864700e+04 5.237850e+01
1.864800e+04 5.589371e+01
1.864900e+04 5.790189e+01
1.865000e+04 4.802056e+01
1.865100e+04 4.390787e+01
1.865200e+04 4.658947e+01
1.865300e+04 4.578585e+01
1.865400e+04 5.439583e+01
1.865500e+04 4.893574e+01
1.865600e+04 5.110061e+01
1.865700e+04 4.716791e+01
1.865800e+04 5.810956e+01
1.865900e+04 4.737530e+01
1.866000e+04 6.203913e+01
1.866100e+04 4.987966e+01
1.866200e+04 5.800222e+01
1.866300e+04 6.182584e+01
1.866400e+04 5.117308e+01
1.866500e+04 5.355637e+01
1.866600e+04 5.358094e+01
1.866700e+04 5.228884e+01
1.866800e+04 4.973237e+01
1.866900e+04 5.846942e+01
1.867000e+04 5.688544e+01
1.867100e+04 5.057678e+01
1.867200e+04 4.850476e+01
1.867300e+04 5.600342e+01
1.867400e+04 5.481269e+01
1.867500e+04 5.658332e+01
1.867600e+04 6.135357e+01
1.867700e+04 5.433595e+01
1.867800e+04 4.038732e+01
1.867900e+04 5.619960e+01
1.868000e+04 4.658698e+01
1.868100e+04 4.979898e+01
1.868200e+04 3.653212e+01
1.868300e+04 5.309471e+01
1.868400e+04 5.422463e+01
1.868500e+04 5.763896e+01
1.868600e+04 5.277511e+01
1.868700e+04 5.357467e+01
1.868800e+04 5.357304e+01
1.868900e+04 5.694798e+01
1.869000e+04 5.495356e+01
1.869100e+04 5.173799e+01
1.869200e+04 5.761951e+01
1.869300e+04 5.774302e+01
1.869400e+04 5.529144e+01
1.869500e+04 5.629101e+01
1.869600e+04 5.479251e+01
1.869700e+04 5.510042e+01
1.869800e+04 4.813999e+01
1.869900e+04 5.627998e+01
1.870000e+04 5.461467e+01
1.870100e+04 5.513513e+01
1.870200e+04 6.047366e+01
1.870300e+04 5.039827e+01
1.870400e+04 5.752938e+01
1.870500e+04 5.870365e+01
1.870600e+04 5.038971e+01
1.870700e+04 6.007537e+01
1.870800e+04 5.980420e+01
1.870900e+04 4.287344e+01
1.871000e+04 5.439589e+01
1.871100e+04 4.235352e+01
1.871200e+04 5.178049e+01
1.871300e+04 5.016195e+01
1.871400e+04 4.642672e+01
1.871500e+04 5.309294e+01
1.871600e+04 6.181485e+01
1.871700e+04 4.694512e+01
1.871800e+04 4.503388e+01
1.871900e+04 5.343185e+01
1.872000e+04 6.436080e+01
1.872100e+04 5.089328e+01
1.872200e+04 5.572221e+01
1.872300e+04 5.715673e+01
1.872400e+04 4.428373e+01
1.872500e+04 5.564741e+01
1.872600e+04 5.925233e+01
1.872700e+04 5.419526e+01
1.872800e+04 4.068085e+01
1.872900e+04 5.585406e+01
1.873000e+04 3.893082e+01
1.873100e+04 3.937655e+01
1.873200e+04 4.927127e+01
1.873300e+04 4.365421e+01
1.873400e+04 5.078876e+01
1.873500e+04 4.288106e+01
1.873600e+04 4.498691e+01
1.873700e+04 5.106927e+01
1.873800e+04 5.597905e+01
1.873900e+04 5.919644e+01
1.874000e+04 5.159034e+01
1.874100e+04 4.445088e+01
1.874200e+04 4.903250e+01
1.874300e+04 5.718064e+01
1.874400e+04 6.118102e+01
1.874500e+04 5.343895e+01
1.874600e+04 4.958270e+01
1.874700e+04 5.102624e+01
1.874800e+04 4.492778e+01
1.874900e+04 5.699198e+01
1.875000e+04 5.538096e+01
1.875100e+04 5.880486e+01
1.875200e+04 4.894606e+01
1.875300e+04 5.539186e+01
1.875400e+04 4.382303e+01
1.875500e+04 5.225123e+01
1.875600e+04 6.003249e+01
1.875700e+04 4.759996e+01
1.875800e+04 5.219239e+01
1.875900e+04 6.119851e+01
1.876000e+04 6.099929e+01
1.876100e+04 5.652989e+01
1.876200e+04 4.903111e+01
1.876300e+04 4.964529e+01
1.876400e+04 4.835114e+01
1.876500e+04 4.945613e+01
1.876600e+04 5.699073e+01
1.876700e+04 5.322018e+01
1.876800e+04 4.815137e+01
1.876900e+04 5.072267e+01
1.877000e+04 5.209566e+01
1.877100e+04 4.807150e+01
1.877200e+04 5.504025e+01
1.877300e+04 3.956079e+01
1.877400e+04 5.328609e+01
1.877500e+04 5.810377e+01
1.877600e+04 5.582928e+01
1.877700e+04 5.501322e+01
1.877800e+04 5.125812e+01
1.877900e+04 4.495484e+01
1.878000e+04 5.401437e+01
1.878100e+04 5.048419e+01
1.878200e+04 5.642896e+01
1.878300e+04 5.280816e+01
1.878400e+04 5.037745e+01
1.878500e+04 4.306300e+01
1.878600e+04 4.857586e+01
1.878700e+04 5.015370e+01
1.878800e+04 4.154369e+01
1.878900e+04 4.990596e+01
1.879000e+04 5.399381e+01
1.879100e+04 5.529664e+01
1.879200e+04 4.885245e+01
1.879300e+04 5.305746e+01
1.879400e+04 4.407875e+01
1.879500e+04 4.715803e+01
1.879600e+04 5.551694e+01
1.879700e+04 4.963754e+01
1.879800e+04 5.178114e+01
1.879900e+04 5.174456e+01
1.880000e+04 4.857643e+01
1.880100e+04 5.160560e+01
1.880200e+04 5.577555e+01
1.880300e+04 5.496974e+01
1.880400e+04 5.423858e+01
1.880500e+04 6.048915e+01
1.880600e+04 4.420874e+01
1.880700e+04 6.234238e+01
1.880800e+04 5.906793e+01
1.880900e+04 4.559505e+01
1.881000e+04 5.540088e+01
1.881100e+04 5.884269e+01
1.881200e+04 5.002549e+01
1.881300e+04 4.669438e+01
1.881400e+04 4.900655e+01
1.881500e+04 4.625342e+01
1.881600e+04 4.962048e+01
1.881700e+04 5.537314e+01
1.881800e+04 5.345748e+01
1.881900e+04 5.937417e+01
1.882000e+04 4.557171e+01
1.882100e+04 4.760466e+01
1.882200e+04 5.539086e+01
1.882300e+04 5.755493e+01
1.882400e+04 5.912177e+01
1.882500e+04 5.197743e+01
1.882600e+04 5.099065e+01
1.882700e+04 5.702713e+01
1.882800e+04 5.834031e+01
1.882900e+04 6.361048e+01
1.883000e+04 5.207423e+01
1.883100e+04 5.728817e+01
1.883200e+04 5.753957e+01
1.883300e+04 5.437226e+01
1.883400e+04 5.570740e+01
1.883500e+04 5.114212e+01
1.883600e+04 5.521556e+01
1.883700e+04 5.849664e+01
1.883800e+04 4.730326e+01
1.883900e+04 6.100460e+01
1.884000e+04 5.941007e+01
1.884100e+04 5.172294e+01
1.884200e+04 4.959898e+01
1.884300e+04 5.754888e+01
1.884400e+04 5.680745e+01
1.884500e+04 5.303983e+01
1.884600e+04 4.887739e+01
1.884700e+04 5.620843e+01
1.884800e+04 3.993357e+01
1.884900e+04 5.306950e+01
1.885000e+04 5.961423e+01
1.885100e+04 4.172740e+01
1.885200e+04 4.413150e+01
1.885300e+04 5.148500e+01
1.885400e+04 5.511661e+01
1.885500e+04 5.428116e+01
1.885600e+04 5.191533e+01
1.885700e+04 5.350494e+01
1.885800e+04 5.252598e+01
1.885900e+04 4.720826e+01
1.886000e+04 5.240341e+01
1.886100e+04 5.078537e+01
1.886200e+04 5.176882e+01
1.886300e+04 5.892723e+01
1.886400e+04 5.206003e+01
1.886500e+04 5.269588e+01
1.886600e+04 4.941515e+01
1.886700e+04 4.926364e+01
1.886800e+04 5.645403e+01
1.886900e+04 4.568675e+01
1.887000e+04 4.216764e+01
1.887100e+04 5.188376e+01
1.887200e+04 5.426242e+01
1.887300e+04 5.506358e+01
1.887400e+04 5.288791e+01
1.887500e+04 6.027278e+01
1.887600e+04 5.649432e+01
1.887700e+04 5.625992e+01
1.887800e+04 5.312670e+01
1.887900e+04 5.407322e+01
1.888000e+04 5.360849e+01
1.888100e+04 5.104378e+01
1.888200e+04 5.630244e+01
1.888300e+04 5.717098e+01
1.888400e+04 5.142939e+01
1.888500e+04 5.625765e+01
1.888600e+04 5.082179e+01
1.888700e+04 4.577325e+01
1.888800e+04 4.742785e+01
1.888900e+04 4.448972e+01
1.889000e+04 5.228275e+01
1.889100e+04 5.573760e+01
1.889200e+04 4.583757e+01
1.889300e+04 4.950002e+01
1.889400e+04 5.958978e+01
1.889500e+04 5.733345e+01
1.889600e+04 6.040298e+01
1.889700e+04 5.228288e+01
1.889800e+04 4.919620e+01
1.889900e+04 5.063527e+01
1.890000e+04 5.616610e+01
1.890100e+04 5.868788e+01
1.890200e+04 5.202820e+01
1.890300e+04 5.045937e+01
1.890400e+04 5.326705e+01
1.890500e+04 5.273306e+01
1.890600e+04 5.378970e+01
1.890700e+04 4.881051e+01
1.890800e+04 5.871245e+01
1.890900e+04 4.677409e+01
1.891000e+04 5.792796e+01
1.891100e+04 4.927297e+01
1.891200e+04 5.596215e+01
1.891300e+04 4.960500e+01
1.891400e+04 5.602799e+01
1.891500e+04 4.603938e+01
1.891600e+04 4.769867e+01
1.891700e+04 4.774630e+01
1.891800e+04 5.338257e+01
1.891900e+04 4.522118e+01
1.892000e+04 5.109723e+01
1.892100e+04 4.604366e+01
1.892200e+04 3.975790e+01
1.892300e+04 4.734082e+01
1.892400e+04 4.629971e+01
1.892500e+04 5.192221e+01
1.892600e+04 5.369235e+01
1.892700e+04 5.205974e+01
1.892800e+04 4.863383e+01
1.892900e+04 4.494228e+01
1.893000e+04 5.030181e+01
1.893100e+04 4.856705e+01
1.893200e+04 4.851428e+01
1.893300e+04 5.250418e+01
1.893400e+04 4.794567e+01
1.893500e+04 5.132473e+01
1.893600e+04 5.817018e+01
1.893700e+04 4.966344e+01
1.893800e+04 5.295187e+01
1.893900e+04 5.119354e+01
1.894000e+04 5.265234e+01
1.894100e+04 5.611867e+01
1.894200e+04 4.618983e+01
1.894300e+04 5.083414e+01
1.894400e+04 4.719574e+01
1.894500e+04 5.480643e+01
1.894600e+04 5.439134e+01
1.894700e+04 4.788396e+01
1.894800e+04 4.782251e+01
1.894900e+04 4.743944e+01
1.895000e+04 5.132445e+01
1.895100e+04 4.368935e+01
1.895200e+04 5.556143e+01
1.895300e+04 5.915852e+01
1.895400e+04 5.452042e+01
1.895500e+04 6.051882e+01
1.895600e+04 5.480176e+01
1.895700e+04 5.274063e+01
1.895800e+04 5.915101e+01
1.895900e+04 5.300109e+01
1.896000e+04 5.114810e+01
1.896100e+04 5.185121e+01
1.896200e+04 4.353815e+01
1.896300e+04 4.698835e+01
1.896400e+04 4.811337e+01
1.896500e+04 5.415920e+01
1.896600e+04 5.420160e+01
1.896700e+04 5.813565e+01
1.896800e+04 4.742987e+01
1.896900e+04 5.812993e+01
1.897000e+04 5.682048e+01
1.897100e+04 5.419586e+01
1.897200e+04 5.922222e+01
1.897300e+04 5.229999e+01
1.897400e+04 5.039764e+01
1.897500e+04 5.099097e+01
1.897600e+04 5.040999e+01
1.897700e+04 5.276596e+01
1.897800e+04 5.683465e+01
1.897900e+04 4.541047e+01
1.898000e+04 5.441972e+01
1.898100e+04 4.827448e+01
1.898200e+04 4.426864e+01
1.898300e+04 4.663671e+01
1.898400e+04 5.459042e+01
1.898500e+04 4.971977e+01
1.898600e+04 5.087756e+01
1.898700e+04 4.843748e+01
1.898800e+04 5.577744e+01
1.898900e+04 4.807970e+01
1.899000e+04 4.885057e+01
1.899100e+04 5.875544e+01
1.899200e+04 5.430807e+01
1.899300e+04 5.369524e+01
1.899400e+04 5.070108e+01
1.899500e+04 5.449324e+01
1.899600e+04 5.497734e+01
1.899700e+04 4.390353e+01
1.899800e+04 5.451557e+01
1.899900e+04 5.794398e+01
1.900000e+04 5.241471e+01
1.900100e+04 5.862280e+01
1.900200e+04 5.717836e+01
1.900300e+04 5.841855e+01
1.900400e+04 4.310861e+01
1.900500e+04 5.242156e+01
1.900600e+04 4.945432e+01
1.900700e+04 5.543623e+01
1.900800e+04 5.712077e+01
1.900900e+04 5.950189e+01
1.901000e+04 5.705198e+01
1.901100e+04 4.760736e+01
1.901200e+04 4.393889e+01
1.901300e+04 5.798210e+01
1.901400e+04 4.561726e+01
1.901500e+04 4.661699e+01
1.901600e+04 4.811975e+01
1.901700e+04 5.801063e+01
1.901800e+04 5.542443e+01
1.901900e+04 5.612071e+01
1.902000e+04 5.272999e+01
1.902100e+04 5.439672e+01
1.902200e+04 5.869798e+01
1.902300e+04 5.073609e+01
1.902400e+04 5.931386e+01
1.902500e+04 5.447648e+01
1.902600e+04 5.453328e+01
1.902700e+04 5.490301e+01
1.902800e+04 4.974864e+01
1.902900e+04 4.379511e+01
1.903000e+04 4.102320e+01
1.903100e+04 5.158954e+01
1.903200e+04 5.756905e+01
1.903300e+04 4.604996e+01
1.903400e+04 5.216411e+01
1.903500e+04 5.751442e+01
1.903600e+04 5.477984e+01
1.903700e+04 4.824210e+01
1.903800e+04 5.156016e+01
1.903900e+04 4.984817e+01
1.904000e+04 4.854055e+01
1.904100e+04 5.160387e+01
1.904200e+04 5.295322e+01
1.904300e+04 5.059888e+01
1.904400e+04 5.950074e+01
1.904500e+04 5.306942e+01
1.904600e+04 5.184357e+01
1.904700e+04 4.730891e+01
1.904800e+04 5.665443e+01
1.904900e+04 5.448312e+01
1.905000e+04 5.455317e+01
1.905100e+04 5.136636e+01
1.905200e+04 4.951309e+01
1.905300e+04 5.114675e+01
1.905400e+04 4.363191e+01
1.905500e+04 5.552875e+01
1.905600e+04 5.535890e+01
1.905700e+04 5.333005e+01
1.905800e+04 5.484211e+01
1.905900e+04 4.388393e+01
1.906000e+04 5.457750e+01
1.906100e+04 4.411316e+01
1.906200e+04 4.078735e+01
1.906300e+04 5.396976e+01
1.906400e+04 5.506009e+01
1.906500e+04 5.455929e+01
1.906600e+04 5.780150e+01
1.906700e+04 3.892966e+01
1.906800e+04 5.578921e+01
1.906900e+04 5.056132e+01
1.907000e+04 4.350479e+01
1.907100e+04 4.996876e+01
1.907200e+04 5.496546e+01
1.907300e+04 5.813918e+01
1.907400e+04 4.519647e+01
1.907500e+04 5.553025e+01
1.907600e+04 5.209916e+01
1.907700e+04 5.231222e+01
1.907800e+04 5.370184e+01
1.907900e+04 4.830167e+01
1.908000e+04 5.204050e+01
1.908100e+04 5.598166e+01
1.908200e+04 5.982043e+01
1.908300e+04 5.301947e+01
1.908400e+04 5.394512e+01
1.908500e+04 5.080691e+01
1.908600e+04 4.882216e+01
1.908700e+04 5.769451e+01
1.908800e+04 5.017056e+01
1.908900e+04 5.245778e+01
1.909000e+04 5.278748e+01
1.909100e+04 5.136573e+01
1.909200e+04 5.359551e+01
1.909300e+04 4.968079e+01
1.909400e+04 5.204082e+01
1.909500e+04 4.811985e+01
1.909600e+04 5.176629e+01
1.909700e+04 4.828229e+01
1.909800e+04 5.797080e+01
1.909900e+04 5.291806e+01
1.910000e+04 5.433420e+01
1.910100e+04 5.251740e+01
1.910200e+04 5.281340e+01
1.910300e+04 4.439141e+01
1.910400e+04 5.635444e+01
1.910500e+04 5.190838e+01
1.910600e+04 5.054609e+01
1.910700e+04 4.993989e+01
1.910800e+04 4.940829e+01
1.910900e+04 4.964234e+01
1.911000e+04 4.889248e+01
1.911100e+04 4.060962e+01
1.911200e+04 4.608031e+01
1.911300e+04 5.146662e+01
1.911400e+04 4.562809e+01
1.911500e+04 5.105290e+01
1.911600e+04 4.473552e+01
1.911700e+04 4.393364e+01
1.911800e+04 5.329535e+01
1.911900e+04 5.220307e+01
1.912000e+04 4.942446e+01
1.912100e+04 4.482647e+01
1.912200e+04 5.538543e+01
1.912300e+04 5.914678e+01
1.912400e+04 5.605817e+01
1.912500e+04 5.329149e+01
1.912600e+04 5.189825e+01
1.912700e+04 4.921002e+01
1.912800e+04 4.998653e+01
1.912900e+04 5.551333e+01
1.913000e+04 5.820661e+01
1.913100e+04 5.458803e+01
1.913200e+04 5.149413e+01
1.913300e+04 5.423983e+01
1.913400e+04 5.112338e+01
1.913500e+04 5.850187e+01
1.913600e+04 4.914725e+01
1.913700e+04 4.396570e+01
1.913800e+04 5.263022e+01
1.913900e+04 5.878796e+01
1.914000e+04 5.822576e+01
1.914100e+04 5.859019e+01
1.914200e+04 5.488905e+01
1.914300e+04 5.234837e+01
1.914400e+04 4.619656e+01
1.914500e+04 4.917305e+01
1.914600e+04 5.733506e+01
1.914700e+04 5.209049e+01
1.914800e+04 5.444602e+01
1.914900e+04 5.017638e+01
1.915000e+04 5.621286e+01
1.915100e+04 5.243238e+01
1.915200e+04 5.610136e+01
1.915300e+04 5.518786e+01
1.915400e+04 5.226989e+01
1.915500e+04 5.692284e+01
1.915600e+04 5.258963e+01
1.915700e+04 5.167994e+01
1.915800e+04 5.567116e+01
1.915900e+04 4.420729e+01
1.916000e+04 4.647341e+01
1.916100e+04 4.886858e+01
1.916200e+04 4.830584e+01
1.916300e+04 5.115172e+01
1.916400e+04 4.911410e+01
1.916500e+04 4.444030e+01
1.916600e+04 4.565862e+01
1.916700e+04 5.223251e+01
1.916800e+04 5.021364e+01
1.916900e+04 5.045692e+01
1.917000e+04 5.119672e+01
1.917100e+04 4.846483e+01
1.917200e+04 4.900041e+01
1.917300e+04 5.591639e+01
1.917400e+04 5.058532e+01
1.917500e+04 4.858019e+01
1.917600e+04 5.299973e+01
1.917700e+04 5.295350e+01
1.917800e+04 5.234904e+01
1.917900e+04 5.130072e+01
1.918000e+04 5.199761e+01
1.918100e+04 5.056310e+01
1.918200e+04 4.764182e+01
1.918300e+04 4.964302e+01
1.918400e+04 5.297983e+01
1.918500e+04 4.943454e+01
1.918600e+04 4.887291e+01
1.918700e+04 5.493651e+01
1.918800e+04 5.391703e+01
1.918900e+04 5.506543e+01
1.919000e+04 5.152493e+01
1.919100e+04 5.346393e+01
1.919200e+04 5.504946e+01
1.919300e+04 5.127823e+01
1.919400e+04 5.422081e+01
1.919500e+04 5.624399e+01
1.919600e+04 5.521836e+01
1.919700e+04 4.352941e+01
1.919800e+04 4.320485e+01
1.919900e+04 5.330349e+01
1.920000e+04 4.957327e+01
1.920100e+04 5.344898e+01
1.920200e+04 5.520793e+01
1.920300e+04 5.183358e+01
1.920400e+04 5.702672e+01
1.920500e+04 5.458416e+01
1.920600e+04 5.068782e+01
1.920700e+04 3.603744e+01
1.920800e+04 5.126830e+01
1.920900e+04 5.019272e+01
1.921000e+04 4.439077e+01
1.921100e+04 4.994197e+01
1.921200e+04 5.121561e+01
1.921300e+04 5.456823e+01
1.921400e+04 5.415266e+01
1.921500e+04 5.251203e+01
1.921600e+04 4.888392e+01
1.921700e+04 5.547315e+01
1.921800e+04 5.242074e+01
1.921900e+04 4.820772e+01
1.922000e+04 5.454307e+01
1.922100e+04 5.224247e+01
1.922200e+04 4.657419e+01
1.922300e+04 5.016544e+01
1.922400e+04 4.896348e+01
1.922500e+04 5.230999e+01
1.922600e+04 5.563190e+01
1.922700e+04 5.378389e+01
1.922800e+04 5.317370e+01
1.922900e+04 3.834806e+01
1.923000e+04 4.600395e+01
1.923100e+04 5.901503e+01
1.923200e+04 5.663788e+01
1.923300e+04 5.127340e+01
1.923400e+04 5.146960e+01
1.923500e+04 5.201240e+01
1.923600e+04 5.292106e+01
1.923700e+04 4.480600e+01
1.923800e+04 4.970894e+01
1.923900e+04 5.090437e+01
1.924000e+04 4.538206e+01
1.924100e+04 5.624680e+01
1.924200e+04 3.892030e+01
1.924300e+04 5.156184e+01
1.924400e+04 4.963363e+01
1.924500e+04 5.285657e+01
1.924600e+04 5.373267e+01
1.924700e+04 5.642135e+01
1.924800e+04 5.210187e+01
1.924900e+04 4.112480e+01
1.925000e+04 4.782014e+01
1.925100e+04 5.363594e+01
1.925200e+04 5.771862e+01
1.925300e+04 5.100672e+01
1.925400e+04 5.258625e+01
1.925500e+04 4.737883e+01
1.925600e+04 4.761027e+01
1.925700e+04 5.033907e+01
1.925800e+04 4.847007e+01
1.925900e+04 5.655002e+01
1.926000e+04 4.691303e+01
1.926100e+04 5.043271e+01
1.926200e+04 5.439090e+01
1.926300e+04 4.931187e+01
1.926400e+04 5.080518e+01
1.926500e+04 4.577963e+01
1.926600e+04 5.110708e+01
1.926700e+04 5.167236e+01
1.926800e+04 3.790596e+01
1.926900e+04 4.659363e+01
1.927000e+04 5.040551e+01
1.927100e+04 4.482651e+01
1.927200e+04 5.140891e+01
1.927300e+04 5.330588e+01
1.927400e+04 5.408152e+01
1.927500e+04 5.359870e+01
1.927600e+04 5.218181e+01
1.927700e+04 5.323470e+01
1.927800e+04 5.402025e+01
1.927900e+04 5.450052e+01
1.928000e+04 5.684427e+01
1.928100e+04 5.527996e+01
1.928200e+04 5.337815e+01
1.928300e+04 5.059619e+01
1.928400e+04 5.622276e+01
1.928500e+04 4.845380e+01
1.928600e+04 4.651072e+01
1.928700e+04 4.131947e+01
1.928800e+04 5.455191e+01
1.928900e+04 5.440105e+01
1.929000e+04 5.315400e+01
1.929100e+04 5.219424e+01
1.929200e+04 4.947418e+01
1.929300e+04 4.390624e+01
1.929400e+04 5.347061e+01
1.929500e+04 4.501119e+01
1.929600e+04 5.033491e+01
1.929700e+04 4.642793e+01
1.929800e+04 4.841385e+01
1.929900e+04 5.174892e+01
1.930000e+04 5.303694e+01
1.930100e+04 5.042441e+01
1.930200e+04 4.967640e+01
1.930300e+04 4.118274e+01
1.930400e+04 4.501241e+01
1.930500e+04 4.578277e+01
1.930600e+04 4.797025e+01
1.930700e+04 4.831380e+01
1.930800e+04 4.483314e+01
1.930900e+04 4.415711e+01
1.931000e+04 4.230713e+01
1.931100e+04 3.977885e+01
1.931200e+04 3.719410e+01
1.931300e+04 3.780726e+01
1.931400e+04 2.877776e+01
1.931500e+04 2.912126e+01
1.931600e+04 3.833026e+01
1.931700e+04 4.351705e+01
1.931800e+04 4.364826e+01
1.931900e+04 3.925313e+01
1.932000e+04 4.425105e+01
1.932100e+04 4.803316e+01
1.932200e+04 4.690352e+01
1.932300e+04 5.089996e+01
1.932400e+04 4.621699e+01
1.932500e+04 5.126049e+01
1.932600e+04 4.786644e+01
1.932700e+04 5.227318e+01
1.932800e+04 4.728190e+01
1.932900e+04 4.769699e+01
1.933000e+04 5.179157e+01
1.933100e+04 5.479903e+01
1.933200e+04 5.124354e+01
1.933300e+04 5.574293e+01
1.933400e+04 4.357851e+01
1.933500e+04 4.898495e+01
1.933600e+04 4.825849e+01
1.933700e+04 4.952594e+01
1.933800e+04 4.886370e+01
1.933900e+04 4.044164e+01
1.934000e+04 4.097499e+01
1.934100e+04 5.128827e+01
1.934200e+04 4.979927e+01
1.934300e+04 5.306626e+01
1.934400e+04 5.368378e+01
1.934500e+04 5.555761e+01
1.934600e+04 4.684475e+01
1.934700e+04 4.971713e+01
1.934800e+04 5.355034e+01
1.934900e+04 5.150352e+01
1.935000e+04 5.103896e+01
1.935100e+04 5.313064e+01
1.935200e+04 5.134438e+01
1.935300e+04 4.741135e+01
1.935400e+04 5.472304e+01
1.935500e+04 5.403954e+01
1.935600e+04 4.774739e+01
1.935700e+04 5.194532e+01
1.935800e+04 5.082102e+01
1.935900e+04 5.132431e+01
1.936000e+04 5.088552e+01
1.936100e+04 5.346026e+01
1.936200e+04 5.105402e+01
1.936300e+04 4.865194e+01
1.936400e+04 5.458673e+01
1.936500e+04 5.180232e+01
1.936600e+04 3.614105e+01
1.936700e+04 5.007461e+01
1.936800e+04 5.120620e+01
1.936900e+04 5.868297e+01
1.937000e+04 5.810213e+01
1.937100e+04 4.820199e+01
1.937200e+04 5.457422e+01
1.937300e+04 4.773685e+01
1.937400e+04 4.763522e+01
1.937500e+04 5.082250e+01
1.937600e+04 5.279840e+01
1.937700e+04 5.478359e+01
1.937800e+04 5.704573e+01
1.937900e+04 5.526302e+01
1.938000e+04 4.075075e+01
1.938100e+04 4.718266e+01
1.938200e+04 5.013180e+01
1.938300e+04 4.964880e+01
1.938400e+04 3.976285e+01
1.938500e+04 5.507097e+01
1.938600e+04 4.978236e+01
1.938700e+04 4.561201e+01
1.938800e+04 4.436622e+01
1.938900e+04 5.047448e+01
1.939000e+04 4.868416e+01
1.939100e+04 4.354393e+01
1.939200e+04 5.060412e+01
1.939300e+04 4.855127e+01
1.939400e+04 5.134379e+01
1.939500e+04 5.242812e+01
1.939600e+04 4.995515e+01
1.939700e+04 4.406772e+01
1.939800e+04 4.552612e+01
1.939900e+04 4.787282e+01
1.940000e+04 5.039346e+01
1.940100e+04 4.721446e+01
1.940200e+04 5.350074e+01
1.940300e+04 5.487411e+01
1.940400e+04 4.178326e+01
1.940500e+04 4.135301e+01
1.940600e+04 5.003000e+01
1.940700e+04 4.319400e+01
1.940800e+04 5.479177e+01
1.940900e+04 5.069103e+01
1.941000e+04 5.211988e+01
1.941100e+04 4.814860e+01
1.941200e+04 4.594576e+01
1.941300e+04 5.035329e+01
1.941400e+04 5.556910e+01
1.941500e+04 5.204412e+01
1.941600e+04 4.403345e+01
1.941700e+04 5.316364e+01
1.941800e+04 4.921073e+01
1.941900e+04 4.859144e+01
1.942000e+04 5.212244e+01
1.942100e+04 5.069483e+01
1.942200e+04 4.594043e+01
1.942300e+04 5.218390e+01
1.942400e+04 5.189188e+01
1.942500e+04 4.945684e+01
1.942600e+04 5.477873e+01
1.942700e+04 5.381411e+01
1.942800e+04 4.407490e+01
1.942900e+04 5.398566e+01
1.943000e+04 4.933317e+01
1.943100e+04 4.512273e+01
1.943200e+04 4.396693e+01
1.943300e+04 4.345450e+01
1.943400e+04 4.841737e+01
1.943500e+04 4.428378e+01
1.943600e+04 3.997370e+01
1.943700e+04 4.609917e+01
1.943800e+04 4.632270e+01
1.943900e+04 5.313989e+01
1.944000e+04 5.128625e+01
1.944100e+04 5.094394e+01
1.944200e+04 5.090708e+01
1.944300e+04 4.882096e+01
1.944400e+04 4.664610e+01
1.944500e+04 4.730221e+01
1.944600e+04 4.537545e+01
1.944700e+04 4.538608e+01
1.944800e+04 3.656043e+01
1.944900e+04 4.366126e+01
1.945000e+04 4.051799e+01
1.945100e+04 4.810265e+01
1.945200e+04 4.578172e+01
1.945300e+04 4.580380e+01
1.945400e+04 3.939161e+01
1.945500e+04 4.032730e+01
1.945600e+04 3.790149e+01
1.945700e+04 3.418136e+01
1.945800e+04 2.367725e+01
1.945900e+04 2.865177e+01
1.946000e+04 3.262588e+01
1.946100e+04 3.986566e+01
1.946200e+04 4.216454e+01
1.946300e+04 4.353543e+01
1.946400e+04 4.193873e+01
1.946500e+04 4.533495e+01
1.946600e+04 4.670726e+01
1.946700e+04 4.561418e+01
1.946800e+04 4.759542e+01
1.946900e+04 4.890516e+01
1.947000e+04 4.966109e+01
1.947100e+04 4.572689e+01
1.947200e+04 5.072278e+01
1.947300e+04 5.238558e+01
1.947400e+04 4.409392e+01
1.947500e+04 4.271887e+01
1.947600e+04 5.125284e+01
1.947700e+04 4.650781e+01
1.947800e+04 5.195545e+01
1.947900e+04 4.951540e+01
1.948000e+04 4.978919e+01
1.948100e+04 4.392065e+01
1.948200e+04 4.048740e+01
1.948300e+04 4.771910e+01
1.948400e+04 3.853636e+01
1.948500e+04 5.075724e+01
1.948600e+04 4.328082e+01
1.948700e+04 4.680887e+01
1.948800e+04 5.132562e+01
1.948900e+04 5.280078e+01
1.949000e+04 4.966309e+01
1.949100e+04 4.453420e+01
1.949200e+04 4.647018e+01
1.949300e+04 4.322089e+01
1.949400e+04 4.120604e+01
1.949500e+04 5.286223e+01
1.949600e+04 4.927990e+01
1.949700e+04 5.414177e+01
1.949800e+04 5.465688e+01
1.949900e+04 4.824286e+01
1.950000e+04 4.838018e+01
1.950100e+04 5.198193e+01
1.950200e+04 4.546336e+01
1.950300e+04 4.809150e+01
1.950400e+04 4.579637e+01
1.950500e+04 3.933321e+01
1.950600e+04 4.411650e+01
1.950700e+04 4.578678e+01
1.950800e+04 4.319761e+01
1.950900e+04 4.097827e+01
1.951000e+04 3.578476e+01
1.951100e+04 2.502699e+01
1.951200e+04 3.515966e+01
1.951300e+04 3.818464e+01
1.951400e+04 4.394022e+01
1.951500e+04 4.625771e+01
1.951600e+04 4.238066e+01
1.951700e+04 4.415945e+01
1.951800e+04 4.632970e+01
1.951900e+04 4.434428e+01
1.952000e+04 4.601918e+01
1.952100e+04 5.152160e+01
1.952200e+04 4.748373e+01
1.952300e+04 5.266103e+01
1.952400e+04 4.856957e+01
1.952500e+04 5.060610e+01
1.952600e+04 4.321620e+01
1.952700e+04 5.027652e+01
1.952800e+04 4.513817e+01
1.952900e+04 4.585285e+01
1.953000e+04 4.933013e+01
1.953100e+04 4.435469e+01
1.953200e+04 4.537320e+01
1.953300e+04 3.774250e+01
1.953400e+04 4.837629e+01
1.953500e+04 5.305122e+01
1.953600e+04 4.842530e+01
1.953700e+04 5.189446e+01
1.953800e+04 4.927604e+01
1.953900e+04 5.702407e+01
1.954000e+04 5.547242e+01
1.954100e+04 4.666784e+01
1.954200e+04 4.425361e+01
1.954300e+04 4.659118e+01
1.954400e+04 4.225569e+01
1.954500e+04 5.396258e+01
1.954600e+04 5.009724e+01
1.954700e+04 5.490237e+01
1.954800e+04 5.302110e+01
1.954900e+04 5.041046e+01
1.955000e+04 4.220097e+01
1.955100e+04 5.134264e+01
1.955200e+04 4.337361e+01
1.955300e+04 5.203421e+01
1.955400e+04 4.686188e+01
1.955500e+04 4.329986e+01
1.955600e+04 4.184411e+01
1.955700e+04 4.949129e+01
1.955800e+04 4.548897e+01
1.955900e+04 4.963792e+01
1.956000e+04 4.636337e+01
1.956100e+04 5.049955e+01
1.956200e+04 5.410798e+01
1.956300e+04 5.136798e+01
1.956400e+04 3.326217e+01
1.956500e+04 4.272791e+01
1.956600e+04 3.704091e+01
1.956700e+04 4.986189e+01
1.956800e+04 5.058228e+01
1.956900e+04 5.406495e+01
1.957000e+04 5.188245e+01
1.957100e+04 4.862629e+01
1.957200e+04 4.861240e+01
1.957300e+04 4.967642e+01
1.957400e+04 5.103070e+01
1.957500e+04 5.043582e+01
1.957600e+04 5.587949e+01
1.957700e+04 5.734382e+01
1.957800e+04 5.197720e+01
1.957900e+04 5.482361e+01
1.958000e+04 4.507974e+01
1.958100e+04 3.514690e+01
1.958200e+04 5.069074e+01
1.958300e+04 5.371426e+01
1.958400e+04 4.470727e+01
1.958500e+04 5.476065e+01
1.958600e+04 5.496210e+01
1.958700e+04 5.649592e+01
1.958800e+04 5.053685e+01
1.958900e+04 5.650556e+01
1.959000e+04 5.425746e+01
1.959100e+04 5.204198e+01
1.959200e+04 4.948128e+01
1.959300e+04 5.459082e+01
1.959400e+04 5.389850e+01
1.959500e+04 5.080882e+01
1.959600e+04 4.262112e+01
1.959700e+04 5.322653e+01
1.959800e+04 3.867006e+01
1.959900e+04 5.100035e+01
1.960000e+04 4.631522e+01
1.960100e+04 4.957171e+01
1.960200e+04 4.623457e+01
1.960300e+04 4.996611e+01
1.960400e+04 4.956903e+01
1.960500e+04 4.727537e+01
1.960600e+04 4.578289e+01
1.960700e+04 4.992123e+01
1.960800e+04 3.564032e+01
1.960900e+04 4.614765e+01
1.961000e+04 5.015914e+01
1.961100e+04 4.312572e+01
1.961200e+04 5.187744e+01
1.961300e+04 4.169401e+01
1.961400e+04 4.834303e+01
1.961500e+04 5.445512e+01
1.961600e+04 4.989888e+01
1.961700e+04 5.121780e+01
1.961800e+04 4.419716e+01
1.961900e+04 5.266276e+01
1.962000e+04 4.819332e+01
1.962100e+04 3.527361e+01
1.962200e+04 5.005778e+01
1.962300e+04 5.412895e+01
1.962400e+04 5.501174e+01
1.962500e+04 5.069183e+01
1.962600e+04 4.380679e+01
1.962700e+04 5.102775e+01
1.962800e+04 5.403648e+01
1.962900e+04 5.202503e+01
1.963000e+04 4.853217e+01
1.963100e+04 3.954934e+01
1.963200e+04 5.292337e+01
1.963300e+04 5.288458e+01
1.963400e+04 5.046338e+01
1.963500e+04 4.287421e+01
1.963600e+04 4.048712e+01
1.963700e+04 3.990663e+01
1.963800e+04 4.386027e+01
1.963900e+04 4.242863e+01
1.964000e+04 4.760093e+01
1.964100e+04 5.300575e+01
1.964200e+04 5.531277e+01
1.964300e+04 5.401291e+01
1.964400e+04 5.061768e+01
1.964500e+04 5.512179e+01
1.964600e+04 4.446560e+01
1.964700e+04 3.725617e+01
1.964800e+04 5.032388e+01
1.964900e+04 4.598461e+01
1.965000e+04 4.535067e+01
1.965100e+04 4.910065e+01
1.965200e+04 5.054681e+01
1.965300e+04 4.550229e+01
1.965400e+04 5.324858e+01
1.965500e+04 4.342524e+01
1.965600e+04 5.246880e+01
1.965700e+04 5.144565e+01
1.965800e+04 5.039373e+01
1.965900e+04 4.643643e+01
1.966000e+04 4.118395e+01
1.966100e+04 5.255744e+01
1.966200e+04 5.024973e+01
1.966300e+04 4.728334e+01
1.966400e+04 5.439811e+01
1.966500e+04 5.144097e+01
1.966600e+04 5.249732e+01
1.966700e+04 4.862247e+01
1.966800e+04 4.700181e+01
1.966900e+04 4.850779e+01
1.967000e+04 5.255543e+01
1.967100e+04 4.828988e+01
1.967200e+04 5.122215e+01
1.967300e+04 4.808759e+01
1.967400e+04 5.468096e+01
1.967500e+04 4.404605e+01
1.967600e+04 5.107941e+01
1.967700e+04 4.772968e+01
1.967800e+04 5.200842e+01
1.967900e+04 3.334524e+01
1.968000e+04 4.349186e+01
1.968100e+04 4.602227e+01
1.968200e+04 5.224541e+01
1.968300e+04 5.277640e+01
1.968400e+04 4.451961e+01
1.968500e+04 4.734426e+01
1.968600e+04 5.489859e+01
1.968700e+04 5.455281e+01
1.968800e+04 4.200324e+01
1.968900e+04 4.505989e+01
1.969000e+04 4.547297e+01
1.969100e+04 4.379473e+01
1.969200e+04 5.072574e+01
1.969300e+04 4.947172e+01
1.969400e+04 4.724019e+01
1.969500e+04 5.435728e+01
1.969600e+04 5.263327e+01
1.969700e+04 5.337733e+01
1.969800e+04 4.191212e+01
1.969900e+04 5.030297e+01
1.970000e+04 4.946145e+01
1.970100e+04 5.518416e+01
1.970200e+04 5.412303e+01
1.970300e+04 5.454572e+01
1.970400e+04 4.587669e+01
1.970500e+04 5.060452e+01
1.970600e+04 5.082114e+01
1.970700e+04 4.977817e+01
1.970800e+04 4.464184e+01
1.970900e+04 4.831051e+01
1.971000e+04 4.713532e+01
1.971100e+04 3.313989e+01
1.971200e+04 5.004951e+01
1.971300e+04 4.595803e+01
1.971400e+04 4.622743e+01
1.971500e+04 5.203406e+01
1.971600e+04 5.403345e+01
1.971700e+04 4.985938e+01
1.971800e+04 4.244584e+01
1.971900e+04 4.271622e+01
1.972000e+04 4.750013e+01
1.972100e+04 4.788771e+01
1.972200e+04 4.959093e+01
1.972300e+04 4.765141e+01
1.972400e+04 5.039569e+01
1.972500e+04 5.364639e+01
1.972600e+04 5.258624e+01
1.972700e+04 5.304101e+01
1.972800e+04 5.168142e+01
1.972900e+04 4.286566e+01
1.973000e+04 4.632488e+01
1.973100e+04 4.418456e+01
1.973200e+04 4.137255e+01
1.973300e+04 4.023971e+01
1.973400e+04 4.618728e+01
1.973500e+04 4.776536e+01
1.973600e+04 5.105561e+01
1.973700e+04 4.996830e+01
1.973800e+04 4.961434e+01
1.973900e+04 4.568244e+01
1.974000e+04 4.069356e+01
1.974100e+04 4.901564e+01
1.974200e+04 3.755112e+01
1.974300e+04 4.925605e+01
1.974400e+04 5.021965e+01
1.974500e+04 5.206439e+01
1.974600e+04 4.460872e+01
1.974700e+04 4.234588e+01
1.974800e+04 5.377078e+01
1.974900e+04 5.215813e+01
1.975000e+04 5.212379e+01
1.975100e+04 4.377316e+01
1.975200e+04 4.554530e+01
1.975300e+04 4.771291e+01
1.975400e+04 4.428639e+01
1.975500e+04 4.381541e+01
1.975600e+04 4.040593e+01
1.975700e+04 3.948449e+01
1.975800e+04 4.342470e+01
1.975900e+04 3.882716e+01
1.976000e+04 3.837087e+01
1.976100e+04 3.929530e+01
1.976200e+04 4.267284e+01
1.976300e+04 4.765989e+01
1.976400e+04 4.807856e+01
1.976500e+04 3.364956e+01
1.976600e+04 4.274959e+01
1.976700e+04 4.325463e+01
1.976800e+04 4.326591e+01
1.976900e+04 4.689153e+01
1.977000e+04 4.808969e+01
1.977100e+04 4.476980e+01
1.977200e+04 4.511370e+01
1.977300e+04 3.939501e+01
1.977400e+04 4.004814e+01
1.977500e+04 4.081452e+01
1.977600e+04 4.143254e+01
1.977700e+04 4.041112e+01
1.977800e+04 3.963684e+01
1.977900e+04 3.331027e+01
1.978000e+04 3.345911e+01
1.978100e+04 3.021145e+01
1.978200e+04 2.140634e+01
1.978300e+04 2.805265e+01
1.978400e+04 3.296232e+01
1.978500e+04 3.663194e+01
1.978600e+04 3.772123e+01
1.978700e+04 3.698420e+01
1.978800e+04 3.679033e+01
1.978900e+04 4.350665e+01
1.979000e+04 4.373464e+01
1.979100e+04 4.414906e+01
1.979200e+04 4.008430e+01
1.979300e+04 4.610315e+01
1.979400e+04 4.702189e+01
1.979500e+04 4.022191e+01
1.979600e+04 4.169966e+01
1.979700e+04 3.829496e+01
1.979800e+04 4.783122e+01
1.979900e+04 4.268284e+01
1.980000e+04 4.581943e+01
1.980100e+04 4.775799e+01
1.980200e+04 4.410013e+01
1.980300e+04 3.692433e+01
1.980400e+04 3.997853e+01
1.980500e+04 4.233658e+01
1.980600e+04 4.576674e+01
1.980700e+04 4.172587e+01
1.980800e+04 4.580836e+01
1.980900e+04 4.952036e+01
1.981000e+04 4.441369e+01
1.981100e+04 4.502081e+01
1.981200e+04 4.319529e+01
1.981300e+04 4.792756e+01
1.981400e+04 5.196998e+01
1.981500e+04 3.797978e+01
1.981600e+04 4.622225e+01
1.981700e+04 5.018243e+01
1.981800e+04 4.607985e+01
1.981900e+04 3.801712e+01
1.982000e+04 4.337787e+01
1.982100e+04 4.682250e+01
1.982200e+04 4.887128e+01
1.982300e+04 5.207518e+01
1.982400e+04 3.788861e+01
1.982500e+04 4.212696e+01
1.982600e+04 4.261440e+01
1.982700e+04 3.979392e+01
1.982800e+04 4.562130e+01
1.982900e+04 4.024919e+01
1.983000e+04 4.963685e+01
1.983100e+04 4.715339e+01
1.983200e+04 4.996478e+01
1.983300e+04 4.386554e+01
1.983400e+04 5.109522e+01
1.983500e+04 4.618995e+01
1.983600e+04 4.536026e+01
1.983700e+04 5.186943e+01
1.983800e+04 4.801586e+01
1.983900e+04 3.756057e+01
1.984000e+04 4.081139e+01
1.984100e+04 3.975675e+01
1.984200e+04 5.106831e+01
1.984300e+04 4.784731e+01
1.984400e+04 4.658313e+01
1.984500e+04 4.847204e+01
1.984600e+04 5.041508e+01
1.984700e+04 4.770940e+01
1.984800e+04 4.156758e+01
1.984900e+04 3.972693e+01
1.985000e+04 4.302105e+01
1.985100e+04 4.492005e+01
1.985200e+04 4.745521e+01
1.985300e+04 4.877290e+01
1.985400e+04 4.041990e+01
1.985500e+04 4.499323e+01
1.985600e+04 4.310854e+01
1.985700e+04 3.866222e+01
1.985800e+04 3.867872e+01
1.985900e+04 3.594426e+01
1.986000e+04 4.066088e+01
1.986100e+04 3.913593e+01
1.986200e+04 4.378672e+01
1.986300e+04 3.951318e+01
1.986400e+04 4.018739e+01
1.986500e+04 4.214474e+01
1.986600e+04 3.633424e+01
1.986700e+04 3.001114e+01
1.986800e+04 2.624542e+01
1.986900e+04 3.685430e+01
1.987000e+04 4.094295e+01
1.987100e+04 4.191988e+01
1.987200e+04 4.239366e+01
1.987300e+04 4.415593e+01
1.987400e+04 4.327975e+01
1.987500e+04 4.114977e+01
1.987600e+04 4.692080e+01
1.987700e+04 4.846154e+01
1.987800e+04 4.520896e+01
1.987900e+04 4.907927e+01
1.988000e+04 4.798575e+01
1.988100e+04 3.927554e+01
1.988200e+04 4.116909e+01
1.988300e+04 4.674988e+01
1.988400e+04 4.011007e+01
1.988500e+04 4.922847e+01
1.988600e+04 4.677316e+01
1.988700e+04 4.840673e+01
1.988800e+04 5.088263e+01
1.988900e+04 4.980413e+01
1.989000e+04 4.288099e+01
1.989100e+04 3.950072e+01
1.989200e+04 4.511592e+01
1.989300e+04 4.773993e+01
1.989400e+04 5.262646e+01
1.989500e+04 3.862991e+01
1.989600e+04 4.506221e+01
1.989700e+04 4.600109e+01
1.989800e+04 3.784796e+01
1.989900e+04 4.962620e+01
1.990000e+04 4.205153e+01
1.990100e+04 4.453463e+01
1.990200e+04 4.256071e+01
1.990300e+04 4.324501e+01
1.990400e+04 4.388618e+01
1.990500e+04 3.841259e+01
1.990600e+04 4.898625e+01
1.990700e+04 4.969467e+01
1.990800e+04 3.802588e+01
1.990900e+04 4.697206e+01
1.991000e+04 4.274016e+01
1.991100e+04 4.735140e+01
1.991200e+04 4.443246e+01
1.991300e+04 4.926129e+01
1.991400e+04 4.692372e+01
1.991500e+04 4.652451e+01
1.991600e+04 4.173173e+01
1.991700e+04 3.979966e+01
1.991800e+04 3.725798e+01
1.991900e+04 4.377248e+01
1.992000e+04 4.659171e+01
1.992100e+04 3.906596e+01
1.992200e+04 3.687320e+01
1.992300e+04 3.373935e+01
1.992400e+04 4.197338e+01
1.992500e+04 4.312969e+01
1.992600e+04 4.674001e+01
1.992700e+04 5.138769e+01
1.992800e+04 4.663837e+01
1.992900e+04 4.154859e+01
1.993000e+04 5.178185e+01
1.993100e+04 4.965502e+01
1.993200e+04 3.925797e+01
1.993300e+04 4.009933e+01
1.993400e+04 4.494828e+01
1.993500e+04 4.393102e+01
1.993600e+04 4.774078e+01
1.993700e+04 4.586784e+01
1.993800e+04 4.543730e+01
1.993900e+04 3.710074e+01
1.994000e+04 4.181186e+01
1.994100e+04 3.778963e+01
1.994200e+04 4.870998e+01
1.994300e+04 4.081205e+01
1.994400e+04 4.137955e+01
1.994500e+04 4.946268e+01
1.994600e+04 5.101249e+01
1.994700e+04 3.839817e+01
1.994800e+04 4.709948e+01
1.994900e+04 4.940195e+01
1.995000e+04 3.579436e+01
1.995100e+04 4.847838e+01
1.995200e+04 4.656934e+01
1.995300e+04 4.023082e+01
1.995400e+04 4.113205e+01
1.995500e+04 4.393640e+01
1.995600e+04 4.206566e+01
1.995700e+04 4.344575e+01
1.995800e+04 4.576364e+01
1.995900e+04 5.093582e+01
1.996000e+04 4.698102e+01
1.996100e+04 5.155195e+01
1.996200e+04 4.982591e+01
1.996300e+04 4.569995e+01
1.996400e+04 4.591224e+01
1.996500e+04 4.626138e+01
1.996600e+04 4.066075e+01
1.996700e+04 4.097430e+01
1.996800e+04 4.410240e+01
1.996900e+04 4.981389e+01
1.997000e+04 4.394450e+01
1.997100e+04 4.440798e+01
1.997200e+04 3.676020e+01
1.997300e+04 4.073124e+01
1.997400e+04 4.362397e+01
1.997500e+04 4.805576e+01
1.997600e+04 3.928583e+01
1.997700e+04 3.579411e+01
1.997800e+04 4.049058e+01
1.997900e+04 4.232488e+01
1.998000e+04 4.217331e+01
1.998100e+04 5.184710e+01
1.998200e+04 4.688531e+01
1.998300e+04 4.396008e+01
1.998400e+04 4.715964e+01
1.998500e+04 4.404008e+01
1.998600e+04 4.094912e+01
1.998700e+04 4.725366e+01
1.998800e+04 4.935128e+01
1.998900e+04 4.763162e+01
1.999000e+04 5.025493e+01
1.999100e+04 4.575639e+01
1.999200e+04 4.504647e+01
1.999300e+04 4.443160e+01
1.999400e+04 4.528148e+01
1.999500e+04 4.369370e+01
1.999600e+04 3.938975e+01
1.999700e+04 5.040256e+01
1.999800e+04 5.048248e+01
1.999900e+04 4.068914e+01
2.000000e+04 3.245837e+01
2.000100e+04 3.285835e+01
2.000200e+04 4.763686e+01
2.000300e+04 4.891144e+01
2.000400e+04 4.622374e+01
2.000500e+04 4.708315e+01
2.000600e+04 4.350021e+01
2.000700e+04 5.270325e+01
2.000800e+04 4.507602e+01
2.000900e+04 4.471923e+01
2.001000e+04 3.795781e+01
2.001100e+04 4.515177e+01
2.001200e+04 4.505241e+01
2.001300e+04 4.504470e+01
2.001400e+04 4.954162e+01
2.001500e+04 4.577150e+01
2.001600e+04 4.369478e+01
2.001700e+04 4.707993e+01
2.001800e+04 5.250043e+01
2.001900e+04 3.732792e+01
2.002000e+04 4.694835e+01
2.002100e+04 4.940069e+01
2.002200e+04 4.234839e+01
2.002300e+04 3.880180e+01
2.002400e+04 4.045697e+01
2.002500e+04 4.026877e+01
2.002600e+04 4.892382e+01
2.002700e+04 4.535227e+01
2.002800e+04 4.921671e+01
2.002900e+04 5.120996e+01
2.003000e+04 4.514183e+01
2.003100e+04 5.174095e+01
2.003200e+04 4.854844e+01
2.003300e+04 4.522071e+01
2.003400e+04 3.455194e+01
2.003500e+04 4.926276e+01
2.003600e+04 4.949912e+01
2.003700e+04 4.630538e+01
2.003800e+04 4.850525e+01
2.003900e+04 4.411753e+01
2.004000e+04 4.311522e+01
2.004100e+04 4.534802e+01
2.004200e+04 4.448644e+01
2.004300e+04 3.806567e+01
2.004400e+04 4.429003e+01
2.004500e+04 5.037072e+01
2.004600e+04 5.090553e+01
2.004700e+04 4.121843e+01
2.004800e+04 4.314839e+01
2.004900e+04 4.664903e+01
2.005000e+04 4.235398e+01
2.005100e+04 4.300467e+01
2.005200e+04 4.507339e+01
2.005300e+04 4.849040e+01
2.005400e+04 4.512920e+01
2.005500e+04 4.963896e+01
2.005600e+04 4.226377e+01
2.005700e+04 4.644320e+01
2.005800e+04 4.147176e+01
2.005900e+04 4.300664e+01
2.006000e+04 5.029926e+01
2.006100e+04 5.175480e+01
2.006200e+04 4.854263e+01
2.006300e+04 3.781640e+01
2.006400e+04 3.649858e+01
2.006500e+04 4.965113e+01
2.006600e+04 4.086034e+01
2.006700e+04 4.936347e+01
2.006800e+04 3.907157e+01
2.006900e+04 4.911891e+01
2.007000e+04 4.639579e+01
2.007100e+04 4.031669e+01
2.007200e+04 4.372263e+01
2.007300e+04 4.098815e+01
2.007400e+04 4.674132e+01
2.007500e+04 4.646545e+01
2.007600e+04 5.233427e+01
2.007700e+04 4.173663e+01
2.007800e+04 5.199060e+01
2.007900e+04 4.355407e+01
2.008000e+04 4.798176e+01
2.008100e+04 4.866632e+01
2.008200e+04 4.717288e+01
2.008300e+04 4.827001e+01
2.008400e+04 5.267331e+01
2.008500e+04 4.117516e+01
2.008600e+04 3.902408e+01
2.008700e+04 3.406770e+01
2.008800e+04 3.886042e+01
2.008900e+04 4.507403e+01
2.009000e+04 4.554507e+01
2.009100e+04 4.536179e+01
2.009200e+04 5.069734e+01
2.009300e+04 3.711233e+01
2.009400e+04 3.550676e+01
2.009500e+04 5.029184e+01
2.009600e+04 4.687761e+01
2.009700e+04 3.951074e+01
2.009800e+04 4.426759e+01
2.009900e+04 4.395413e+01
2.010000e+04 4.909049e+01
2.010100e+04 4.779568e+01
2.010200e+04 4.468318e+01
2.010300e+04 3.428115e+01
2.010400e+04 4.844397e+01
2.010500e+04 4.964762e+01
2.010600e+04 4.403531e+01
2.010700e+04 4.089524e+01
2.010800e+04 3.412776e+01
2.010900e+04 3.928659e+01
2.011000e+04 4.689511e+01
2.011100e+04 5.008270e+01
2.011200e+04 4.196928e+01
2.011300e+04 4.096930e+01
2.011400e+04 4.161244e+01
2.011500e+04 4.115019e+01
2.011600e+04 4.978276e+01
2.011700e+04 4.608011e+01
2.011800e+04 4.142647e+01
2.011900e+04 4.691430e+01
2.012000e+04 4.574942e+01
2.012100e+04 5.283517e+01
2.012200e+04 4.388367e+01
2.012300e+04 3.652804e+01
2.012400e+04 4.165822e+01
2.012500e+04 4.368442e+01
2.012600e+04 4.178084e+01
2.012700e+04 4.333706e+01
2.012800e+04 4.527190e+01
2.012900e+04 5.086714e+01
2.013000e+04 4.421942e+01
2.013100e+04 4.386063e+01
2.013200e+04 5.028473e+01
2.013300e+04 3.564241e+01
2.013400e+04 4.823792e+01
2.013500e+04 4.229235e+01
2.013600e+04 5.115108e+01
2.013700e+04 4.070071e+01
2.013800e+04 3.362381e+01
2.013900e+04 4.394343e+01
2.014000e+04 3.765492e+01
2.014100e+04 4.808168e+01
2.014200e+04 4.977883e+01
2.014300e+04 5.247654e+01
2.014400e+04 4.277289e+01
2.014500e+04 4.294785e+01
2.014600e+04 3.615909e+01
2.014700e+04 5.059387e+01
2.014800e+04 4.674529e+01
2.014900e+04 4.923794e+01
2.015000e+04 4.804565e+01
2.015100e+04 4.710253e+01
2.015200e+04 5.077925e+01
2.015300e+04 3.808244e+01
2.015400e+04 4.149947e+01
2.015500e+04 4.038105e+01
2.015600e+04 3.874809e+01
2.015700e+04 4.899774e+01
2.015800e+04 4.418110e+01
2.015900e+04 4.828250e+01
2.016000e+04 4.600683e+01
2.016100e+04 3.750013e+01
2.016200e+04 3.920774e+01
2.016300e+04 4.161568e+01
2.016400e+04 4.887697e+01
2.016500e+04 4.617206e+01
2.016600e+04 3.488155e+01
2.016700e+04 4.154719e+01
2.016800e+04 4.654273e+01
2.016900e+04 5.010695e+01
2.017000e+04 4.725772e+01
2.017100e+04 3.649925e+01
2.017200e+04 3.793336e+01
2.017300e+04 4.079502e+01
2.017400e+04 4.902253e+01
2.017500e+04 4.459466e+01
2.017600e+04 4.814062e+01
2.017700e+04 4.723655e+01
2.017800e+04 4.963135e+01
2.017900e+04 4.083351e+01
2.018000e+04 3.947509e+01
2.018100e+04 4.577191e+01
2.018200e+04 4.756472e+01
2.018300e+04 4.773985e+01
2.018400e+04 4.053899e+01
2.018500e+04 4.387210e+01
2.018600e+04 4.612964e+01
2.018700e+04 4.572916e+01
2.018800e+04 3.839399e+01
2.018900e+04 4.396376e+01
2.019000e+04 4.169424e+01
2.019100e+04 4.607457e+01
2.019200e+04 4.913795e+01
2.019300e+04 4.477118e+01
2.019400e+04 3.887097e+01
2.019500e+04 4.686110e+01
2.019600e+04 4.034986e+01
2.019700e+04 3.306724e+01
2.019800e+04 3.880692e+01
2.019900e+04 3.964878e+01
2.020000e+04 3.674686e+01
2.020100e+04 4.790153e+01
2.020200e+04 4.169623e+01
2.020300e+04 3.864574e+01
2.020400e+04 4.108731e+01
2.020500e+04 3.968602e+01
2.020600e+04 3.805284e+01
2.020700e+04 4.188713e+01
2.020800e+04 4.733219e+01
2.020900e+04 4.929101e+01
2.021000e+04 4.552963e+01
2.021100e+04 4.574015e+01
2.021200e+04 5.141581e+01
2.021300e+04 4.789584e+01
2.021400e+04 4.767181e+01
2.021500e+04 4.725402e+01
2.021600e+04 4.298483e+01
2.021700e+04 4.703671e+01
2.021800e+04 4.583295e+01
2.021900e+04 4.292705e+01
2.022000e+04 4.217805e+01
2.022100e+04 4.376257e+01
2.022200e+04 4.645008e+01
2.022300e+04 4.693527e+01
2.022400e+04 3.280142e+01
2.022500e+04 4.659608e+01
2.022600e+04 5.000406e+01
2.022700e+04 4.297451e+01
2.022800e+04 4.131839e+01
2.022900e+04 4.097697e+01
2.023000e+04 4.581526e+01
2.023100e+04 4.719618e+01
2.023200e+04 4.398646e+01
2.023300e+04 4.273678e+01
2.023400e+04 4.185601e+01
2.023500e+04 4.057066e+01
2.023600e+04 5.069608e+01
2.023700e+04 4.147144e+01
2.023800e+04 4.794209e+01
2.023900e+04 4.235782e+01
2.024000e+04 4.947248e+01
2.024100e+04 5.201467e+01
2.024200e+04 5.038919e+01
2.024300e+04 4.148080e+01
2.024400e+04 4.776718e+01
2.024500e+04 3.518589e+01
2.024600e+04 4.467693e+01
2.024700e+04 4.361719e+01
2.024800e+04 4.723130e+01
2.024900e+04 4.560304e+01
2.025000e+04 4.066533e+01
2.025100e+04 4.739118e+01
2.025200e+04 4.764577e+01
2.025300e+04 4.673133e+01
2.025400e+04 4.153341e+01
2.025500e+04 4.412603e+01
2.025600e+04 3.833092e+01
2.025700e+04 4.059795e+01
2.025800e+04 4.582255e+01
2.025900e+04 3.891422e+01
2.026000e+04 4.239058e+01
2.026100e+04 3.509611e+01
2.026200e+04 4.654402e+01
2.026300e+04 4.593376e+01
2.026400e+04 4.093190e+01
2.026500e+04 4.280586e+01
2.026600e+04 4.596654e+01
2.026700e+04 4.098552e+01
2.026800e+04 3.973977e+01
2.026900e+04 4.482863e+01
2.027000e+04 3.796497e+01
2.027100e+04 3.749495e+01
2.027200e+04 4.299813e+01
2.027300e+04 4.947630e+01
2.027400e+04 4.553868e+01
2.027500e+04 4.218970e+01
2.027600e+04 4.337408e+01
2.027700e+04 4.684746e+01
2.027800e+04 4.111060e+01
2.027900e+04 3.835805e+01
2.028000e+04 3.433779e+01
2.028100e+04 4.605442e+01
2.028200e+04 4.247257e+01
2.028300e+04 4.749784e+01
2.028400e+04 5.159695e+01
2.028500e+04 4.686863e+01
2.028600e+04 4.424326e+01
2.028700e+04 4.006780e+01
2.028800e+04 3.847308e+01
2.028900e+04 4.457759e+01
2.029000e+04 4.554783e+01
2.029100e+04 3.475682e+01
2.029200e+04 3.419692e+01
2.029300e+04 4.320313e+01
2.029400e+04 3.087568e+01
2.029500e+04 4.239997e+01
2.029600e+04 5.120630e+01
2.029700e+04 4.914061e+01
2.029800e+04 4.179179e+01
2.029900e+04 4.764345e+01
2.030000e+04 4.586595e+01
2.030100e+04 4.566643e+01
2.030200e+04 4.174036e+01
2.030300e+04 4.898181e+01
2.030400e+04 4.061190e+01
2.030500e+04 4.808542e+01
2.030600e+04 3.619496e+01
2.030700e+04 4.722564e+01
2.030800e+04 3.993790e+01
2.030900e+04 3.345294e+01
2.031000e+04 4.667100e+01
2.031100e+04 3.771322e+01
2.031200e+04 3.517402e+01
2.031300e+04 4.273424e+01
2.031400e+04 4.555565e+01
2.031500e+04 4.932018e+01
2.031600e+04 5.041818e+01
2.031700e+04 4.524799e+01
2.031800e+04 4.939358e+01
2.031900e+04 4.036290e+01
2.032000e+04 4.397862e+01
2.032100e+04 4.813666e+01
2.032200e+04 4.871120e+01
2.032300e+04 4.959905e+01
2.032400e+04 3.825827e+01
2.032500e+04 4.695617e+01
2.032600e+04 4.669407e+01
2.032700e+04 4.472565e+01
2.032800e+04 4.290703e+01
2.032900e+04 4.093169e+01
2.033000e+04 4.602742e+01
2.033100e+04 4.392509e+01
2.033200e+04 4.307477e+01
2.033300e+04 4.435882e+01
2.033400e+04 4.247687e+01
2.033500e+04 4.583746e+01
2.033600e+04 4.549437e+01
2.033700e+04 4.070780e+01
2.033800e+04 4.534831e+01
2.033900e+04 4.410218e+01
2.034000e+04 4.207871e+01
2.034100e+04 4.611668e+01
2.034200e+04 4.032009e+01
2.034300e+04 4.291084e+01
2.034400e+04 4.608894e+01
2.034500e+04 4.704334e+01
2.034600e+04 5.008393e+01
2.034700e+04 3.463827e+01
2.034800e+04 3.927794e+01
2.034900e+04 4.547954e+01
2.035000e+04 4.453996e+01
2.035100e+04 4.346972e+01
2.035200e+04 4.768282e+01
2.035300e+04 3.858992e+01
2.035400e+04 4.910674e+01
2.035500e+04 4.215677e+01
2.035600e+04 3.576405e+01
2.035700e+04 3.939967e+01
2.035800e+04 3.054091e+01
2.035900e+04 3.912433e+01
2.036000e+04 4.657378e+01
2.036100e+04 4.674060e+01
2.036200e+04 3.993435e+01
2.036300e+04 4.144279e+01
2.036400e+04 3.673721e+01
2.036500e+04 4.374057e+01
2.036600e+04 4.444941e+01
2.036700e+04 4.961244e+01
2.036800e+04 5.128784e+01
2.036900e+04 4.306361e+01
2.037000e+04 4.269955e+01
2.037100e+04 4.384610e+01
2.037200e+04 4.818428e+01
2.037300e+04 4.027087e+01
2.037400e+04 4.121659e+01
2.037500e+04 4.548694e+01
2.037600e+04 4.069937e+01
2.037700e+04 4.886580e+01
2.037800e+04 4.203773e+01
2.037900e+04 4.709606e+01
2.038000e+04 4.695106e+01
2.038100e+04 4.983918e+01
2.038200e+04 4.681771e+01
2.038300e+04 3.268387e+01
2.038400e+04 4.239151e+01
2.038500e+04 4.605305e+01
2.038600e+04 4.372355e+01
2.038700e+04 3.436888e+01
2.038800e+04 4.282783e+01
2.038900e+04 4.868074e+01
2.039000e+04 4.868366e+01
2.039100e+04 3.985655e+01
2.039200e+04 3.983478e+01
2.039300e+04 4.580313e+01
2.039400e+04 3.863356e+01
2.039500e+04 3.246376e+01
2.039600e+04 4.430097e+01
2.039700e+04 4.214949e+01
2.039800e+04 4.507072e+01
2.039900e+04 4.386110e+01
2.040000e+04 4.250660e+01
2.040100e+04 4.788990e+01
2.040200e+04 4.480604e+01
2.040300e+04 4.428764e+01
2.040400e+04 3.908834e+01
2.040500e+04 4.038154e+01
2.040600e+04 4.313610e+01
2.040700e+04 4.166416e+01
2.040800e+04 4.308962e+01
2.040900e+04 4.740385e+01
2.041000e+04 4.102052e+01
2.041100e+04 4.463929e+01
2.041200e+04 4.158448e+01
2.041300e+04 4.084684e+01
2.041400e+04 3.324281e+01
2.041500e+04 3.875357e+01
2.041600e+04 4.738240e+01
2.041700e+04 4.840019e+01
2.041800e+04 4.804326e+01
2.041900e+04 4.451894e+01
2.042000e+04 4.120206e+01
2.042100e+04 4.273018e+01
2.042200e+04 4.302181e+01
2.042300e+04 3.978778e+01
2.042400e+04 4.713950e+01
2.042500e+04 4.146147e+01
2.042600e+04 4.405772e+01
2.042700e+04 4.957908e+01
2.042800e+04 4.538125e+01
2.042900e+04 4.739097e+01
2.043000e+04 4.874014e+01
2.043100e+04 4.650380e+01
2.043200e+04 4.936446e+01
2.043300e+04 4.681301e+01
2.043400e+04 4.233571e+01
2.043500e+04 4.091394e+01
2.043600e+04 3.488241e+01
2.043700e+04 3.991317e+01
2.043800e+04 4.578427e+01
2.043900e+04 4.150539e+01
2.044000e+04 3.741690e+01
2.044100e+04 4.203327e+01
2.044200e+04 4.068079e+01
2.044300e+04 4.821949e+01
2.044400e+04 3.874496e+01
2.044500e+04 3.543485e+01
2.044600e+04 4.128757e+01
2.044700e+04 4.170543e+01
2.044800e+04 3.984825e+01
2.044900e+04 4.605635e+01
2.045000e+04 3.515566e+01
2.045100e+04 3.620731e+01
2.045200e+04 4.695638e+01
2.045300e+04 3.510866e+01
2.045400e+04 4.265631e+01
2.045500e+04 4.228068e+01
2.045600e+04 4.919537e+01
2.045700e+04 3.703223e+01
2.045800e+04 4.012258e+01
2.045900e+04 4.293367e+01
2.046000e+04 4.423538e+01
2.046100e+04 3.648914e+01
2.046200e+04 4.635345e+01
2.046300e+04 4.129165e+01
2.046400e+04 4.095187e+01
2.046500e+04 4.953736e+01
2.046600e+04 4.837225e+01
2.046700e+04 4.572039e+01
2.046800e+04 4.499401e+01
2.046900e+04 4.316170e+01
2.047000e+04 3.799284e+01
2.047100e+04 4.238030e+01
2.047200e+04 3.774893e+01
2.047300e+04 4.676836e+01
2.047400e+04 4.074484e+01
2.047500e+04 4.484994e+01
2.047600e+04 4.786687e+01
2.047700e+04 4.195611e+01
2.047800e+04 4.390223e+01
2.047900e+04 4.579436e+01
2.048000e+04 4.999768e+01
2.048100e+04 4.541861e+01
2.048200e+04 4.076280e+01
2.048300e+04 4.457660e+01
2.048400e+04 3.421809e+01
2.048500e+04 4.733596e+01
2.048600e+04 4.276694e+01
2.048700e+04 4.355240e+01
2.048800e+04 4.068843e+01
2.048900e+04 3.731341e+01
2.049000e+04 4.265801e+01
2.049100e+04 3.576147e+01
2.049200e+04 4.032946e+01
2.049300e+04 4.489815e+01
2.049400e+04 3.744361e+01
2.049500e+04 3.775100e+01
2.049600e+04 4.777236e+01
2.049700e+04 4.457006e+01
2.049800e+04 3.943675e+01
2.049900e+04 3.366085e+01
2.050000e+04 3.906504e+01
2.050100e+04 4.059661e+01
2.050200e+04 4.393233e+01
2.050300e+04 4.556130e+01
2.050400e+04 4.033042e+01
2.050500e+04 4.327230e+01
2.050600e+04 4.495877e+01
2.050700e+04 4.388256e+01
2.050800e+04 4.562662e+01
2.050900e+04 4.613361e+01
2.051000e+04 4.198934e+01
2.051100e+04 4.469138e+01
2.051200e+04 4.853483e+01
2.051300e+04 4.206067e+01
2.051400e+04 4.540889e+01
2.051500e+04 4.167019e+01
2.051600e+04 4.337598e+01
2.051700e+04 4.490568e+01
2.051800e+04 4.230393e+01
2.051900e+04 3.918172e+01
2.052000e+04 4.655428e+01
2.052100e+04 4.662734e+01
2.052200e+04 4.053980e+01
2.052300e+04 3.835192e+01
2.052400e+04 4.383651e+01
2.052500e+04 3.600402e+01
2.052600e+04 4.702453e+01
2.052700e+04 4.744345e+01
2.052800e+04 4.257015e+01
2.052900e+04 4.419407e+01
2.053000e+04 4.519858e+01
2.053100e+04 4.837517e+01
2.053200e+04 3.972497e+01
2.053300e+04 4.617376e+01
2.053400e+04 4.505262e+01
2.053500e+04 4.364090e+01
2.053600e+04 4.185833e+01
2.053700e+04 4.427274e+01
2.053800e+04 4.199954e+01
2.053900e+04 3.687536e+01
2.054000e+04 4.347991e+01
2.054100e+04 4.479784e+01
2.054200e+04 4.443204e+01
2.054300e+04 3.555153e+01
2.054400e+04 3.248226e+01
2.054500e+04 3.551280e+01
2.054600e+04 3.910725e+01
2.054700e+04 3.674556e+01
2.054800e+04 3.949090e+01
2.054900e+04 4.379514e+01
2.055000e+04 4.825925e+01
2.055100e+04 4.603182e+01
2.055200e+04 4.053086e+01
2.055300e+04 4.949200e+01
2.055400e+04 4.409594e+01
2.055500e+04 3.880445e+01
2.055600e+04 4.290402e+01
2.055700e+04 4.196379e+01
2.055800e+04 4.026824e+01
2.055900e+04 4.575907e+01
2.056000e+04 3.093129e+01
2.056100e+04 4.038799e+01
2.056200e+04 4.427819e+01
2.056300e+04 4.103129e+01
2.056400e+04 4.323647e+01
2.056500e+04 4.664724e+01
2.056600e+04 4.298420e+01
2.056700e+04 4.612512e+01
2.056800e+04 4.597159e+01
2.056900e+04 4.558360e+01
2.057000e+04 3.775264e+01
2.057100e+04 4.090959e+01
2.057200e+04 4.170890e+01
2.057300e+04 4.182352e+01
2.057400e+04 4.394238e+01
2.057500e+04 4.525844e+01
2.057600e+04 4.427747e+01
2.057700e+04 3.507017e+01
2.057800e+04 4.682772e+01
2.057900e+04 4.290343e+01
2.058000e+04 4.496024e+01
2.058100e+04 3.832341e+01
2.058200e+04 4.706174e+01
2.058300e+04 4.605760e+01
2.058400e+04 4.671375e+01
2.058500e+04 4.691152e+01
2.058600e+04 4.378450e+01
2.058700e+04 4.688134e+01
2.058800e+04 4.269629e+01
2.058900e+04 4.332927e+01
2.059000e+04 4.015308e+01
2.059100e+04 3.788755e+01
2.059200e+04 4.040594e+01
2.059300e+04 4.290626e+01
2.059400e+04 4.496491e+01
2.059500e+04 4.208275e+01
2.059600e+04 4.368437e+01
2.059700e+04 4.328627e+01
2.059800e+04 4.930636e+01
2.059900e+04 3.881734e+01
2.060000e+04 4.310645e+01
2.060100e+04 4.224860e+01
2.060200e+04 4.637566e+01
2.060300e+04 4.505494e+01
2.060400e+04 4.475866e+01
2.060500e+04 3.920732e+01
2.060600e+04 3.628426e+01
2.060700e+04 4.163650e+01
2.060800e+04 3.990582e+01
2.060900e+04 4.122454e+01
2.061000e+04 4.108282e+01
2.061100e+04 4.461471e+01
2.061200e+04 3.757740e+01
2.061300e+04 3.658964e+01
2.061400e+04 4.203729e+01
2.061500e+04 4.702587e+01
2.061600e+04 4.600317e+01
2.061700e+04 4.101512e+01
2.061800e+04 4.597050e+01
2.061900e+04 4.767656e+01
2.062000e+04 4.173595e+01
2.062100e+04 3.596729e+01
2.062200e+04 3.674845e+01
2.062300e+04 3.698730e+01
2.062400e+04 4.371477e+01
2.062500e+04 4.491894e+01
2.062600e+04 4.461992e+01
2.062700e+04 4.385869e+01
2.062800e+04 4.142644e+01
2.062900e+04 4.614638e+01
2.063000e+04 4.509737e+01
2.063100e+04 3.402657e+01
2.063200e+04 3.779984e+01
2.063300e+04 4.478469e+01
2.063400e+04 4.326533e+01
2.063500e+04 4.228142e+01
2.063600e+04 4.296536e+01
2.063700e+04 4.279336e+01
2.063800e+04 4.033353e+01
2.063900e+04 3.525362e+01
2.064000e+04 3.917061e+01
2.064100e+04 3.628304e+01
2.064200e+04 3.347355e+01
2.064300e+04 3.595733e+01
2.064400e+04 4.409549e+01
2.064500e+04 4.560405e+01
2.064600e+04 4.342855e+01
2.064700e+04 4.322358e+01
2.064800e+04 3.872085e+01
2.064900e+04 4.039417e+01
2.065000e+04 4.023534e+01
2.065100e+04 4.128329e+01
2.065200e+04 3.991159e+01
2.065300e+04 4.415958e+01
2.065400e+04 4.447999e+01
2.065500e+04 4.071046e+01
2.065600e+04 3.807697e+01
2.065700e+04 4.202166e+01
2.065800e+04 4.225815e+01
2.065900e+04 3.980090e+01
2.066000e+04 3.958901e+01
2.066100e+04 3.596084e+01
2.066200e+04 3.883582e+01
2.066300e+04 4.081577e+01
2.066400e+04 4.490263e+01
2.066500e+04 4.627337e+01
2.066600e+04 4.140419e+01
2.066700e+04 4.764802e+01
2.066800e+04 5.142735e+01
2.066900e+04 4.535562e+01
2.067000e+04 4.092869e+01
2.067100e+04 4.146885e+01
2.067200e+04 3.974249e+01
2.067300e+04 4.409041e+01
2.067400e+04 4.195643e+01
2.067500e+04 3.962222e+01
2.067600e+04 3.834714e+01
2.067700e+04 3.795837e+01
2.067800e+04 3.787098e+01
2.067900e+04 4.343281e+01
2.068000e+04 4.596354e+01
2.068100e+04 4.517502e+01
2.068200e+04 4.281378e+01
2.068300e+04 4.404204e+01
2.068400e+04 4.568795e+01
2.068500e+04 4.088159e+01
2.068600e+04 4.197817e+01
2.068700e+04 4.447531e+01
2.068800e+04 4.081124e+01
2.068900e+04 3.969958e+01
2.069000e+04 4.295734e+01
2.069100e+04 3.412567e+01
2.069200e+04 4.132985e+01
2.069300e+04 3.719636e+01
2.069400e+04 4.303561e+01
2.069500e+04 4.018667e+01
2.069600e+04 4.493080e+01
2.069700e+04 4.071455e+01
2.069800e+04 4.238669e+01
2.069900e+04 4.377278e+01
2.070000e+04 3.995966e+01
2.070100e+04 4.486948e+01
2.070200e+04 4.248839e+01
2.070300e+04 4.697399e+01
2.070400e+04 4.908719e+01
2.070500e+04 4.496052e+01
2.070600e+04 4.247315e+01
2.070700e+04 4.316090e+01
2.070800e+04 4.553839e+01
2.070900e+04 4.115559e+01
2.071000e+04 4.495163e+01
2.071100e+04 4.738086e+01
2.071200e+04 4.388591e+01
2.071300e+04 4.137705e+01
2.071400e+04 4.311595e+01
2.071500e+04 3.378389e+01
2.071600e+04 4.161141e+01
2.071700e+04 3.982399e+01
2.071800e+04 3.830055e+01
2.071900e+04 4.149395e+01
2.072000e+04 4.072396e+01
2.072100e+04 4.040934e+01
2.072200e+04 4.535318e+01
2.072300e+04 4.107542e+01
2.072400e+04 3.707180e+01
2.072500e+04 4.479624e+01
2.072600e+04 3.838557e+01
2.072700e+04 4.251860e+01
2.072800e+04 4.549817e+01
2.072900e+04 4.243616e+01
2.073000e+04 4.204512e+01
2.073100e+04 3.897944e+01
2.073200e+04 4.159872e+01
2.073300e+04 3.996079e+01
2.073400e+04 4.542922e+01
2.073500e+04 3.433539e+01
2.073600e+04 3.340178e+01
2.073700e+04 4.294402e+01
2.073800e+04 4.556101e+01
2.073900e+04 4.052374e+01
2.074000e+04 3.987596e+01
2.074100e+04 3.935218e+01
2.074200e+04 3.731448e+01
2.074300e+04 4.570618e+01
2.074400e+04 4.137899e+01
2.074500e+04 4.382695e+01
2.074600e+04 4.539757e+01
2.074700e+04 4.362292e+01
2.074800e+04 3.775143e+01
2.074900e+04 4.287471e+01
2.075000e+04 4.291875e+01
2.075100e+04 3.835005e+01
2.075200e+04 3.584580e+01
2.075300e+04 4.193584e+01
2.075400e+04 3.900213e+01
2.075500e+04 3.852182e+01
2.075600e+04 4.487607e+01
2.075700e+04 4.634432e+01
2.075800e+04 4.456207e+01
2.075900e+04 4.367538e+01
2.076000e+04 4.762764e+01
2.076100e+04 4.429928e+01
2.076200e+04 3.740785e+01
2.076300e+04 4.093934e+01
2.076400e+04 4.084242e+01
2.076500e+04 3.618463e+01
2.076600e+04 3.705375e+01
2.076700e+04 3.931327e+01
2.076800e+04 4.027059e+01
2.076900e+04 4.285979e+01
2.077000e+04 4.298167e+01
2.077100e+04 4.660645e+01
2.077200e+04 4.359804e+01
2.077300e+04 4.344800e+01
2.077400e+04 4.153185e+01
2.077500e+04 4.329422e+01
2.077600e+04 3.985193e+01
2.077700e+04 4.110889e+01
2.077800e+04 3.982306e+01
2.077900e+04 4.146380e+01
2.078000e+04 4.066451e+01
2.078100e+04 4.705416e+01
2.078200e+04 4.242977e+01
2.078300e+04 4.234679e+01
2.078400e+04 4.437635e+01
2.078500e+04 4.101321e+01
2.078600e+04 3.939406e+01
2.078700e+04 4.232907e+01
2.078800e+04 3.919855e+01
2.078900e+04 3.950746e+01
2.079000e+04 4.361651e+01
2.079100e+04 4.187146e+01
2.079200e+04 4.452655e+01
2.079300e+04 4.270405e+01
2.079400e+04 4.341166e+01
2.079500e+04 4.025201e+01
2.079600e+04 3.490609e+01
2.079700e+04 4.539284e+01
2.079800e+04 3.862474e+01
2.079900e+04 4.382676e+01
2.080000e+04 4.488539e+01
2.080100e+04 4.516937e+01
2.080200e+04 4.225935e+01
2.080300e+04 3.901511e+01
2.080400e+04 4.123041e+01
2.080500e+04 3.903374e+01
2.080600e+04 4.189523e+01
2.080700e+04 4.339700e+01
2.080800e+04 4.616694e+01
2.080900e+04 4.510740e+01
2.081000e+04 3.967223e+01
2.081100e+04 3.931873e+01
2.081200e+04 3.897014e+01
2.081300e+04 4.514213e+01
2.081400e+04 3.945746e+01
2.081500e+04 3.641373e+01
2.081600e+04 3.959038e+01
2.081700e+04 3.736487e+01
2.081800e+04 4.340272e+01
2.081900e+04 3.968808e+01
2.082000e+04 4.187767e+01
2.082100e+04 4.501759e+01
2.082200e+04 4.392166e+01
2.082300e+04 4.550649e+01
2.082400e+04 4.284922e+01
2.082500e+04 4.326372e+01
2.082600e+04 3.493791e+01
2.082700e+04 4.245838e+01
2.082800e+04 3.863099e+01
2.082900e+04 4.088731e+01
2.083000e+04 4.416010e+01
2.083100e+04 4.468912e+01
2.083200e+04 4.623763e+01
2.083300e+04 3.847510e+01
2.083400e+04 3.972671e+01
2.083500e+04 3.925594e+01
2.083600e+04 4.204720e+01
2.083700e+04 4.070755e+01
2.083800e+04 4.124092e+01
2.083900e+04 4.264397e+01
2.084000e+04 4.210366e+01
2.084100e+04 3.701109e+01
2.084200e+04 4.099712e+01
2.084300e+04 3.982209e+01
2.084400e+04 4.384183e+01
2.084500e+04 4.709023e+01
2.084600e+04 3.997976e+01
2.084700e+04 4.163021e+01
2.084800e+04 3.886397e+01
2.084900e+04 4.001310e+01
2.085000e+04 4.464672e+01
2.085100e+04 3.888157e+01
2.085200e+04 4.297045e+01
2.085300e+04 4.471502e+01
2.085400e+04 3.764598e+01
2.085500e+04 3.888950e+01
2.085600e+04 3.790397e+01
2.085700e+04 3.989430e+01
2.085800e+04 3.506800e+01
2.085900e+04 4.613728e+01
2.086000e+04 4.289103e+01
2.086100e+04 4.071447e+01
2.086200e+04 4.509866e+01
2.086300e+04 4.301100e+01
2.086400e+04 4.376127e+01
2.086500e+04 4.150049e+01
2.086600e+04 3.985354e+01
2.086700e+04 4.413501e+01
2.086800e+04 4.372024e+01
2.086900e+04 3.910391e+01
2.087000e+04 3.717266e+01
2.087100e+04 3.892521e+01
2.087200e+04 4.111969e+01
2.087300e+04 3.539654e+01
2.087400e+04 4.207217e+01
2.087500e+04 3.918435e+01
2.087600e+04 4.493741e+01
2.087700e+04 4.550748e+01
2.087800e+04 4.644217e+01
2.087900e+04 3.961413e+01
2.088000e+04 3.725613e+01
2.088100e+04 4.245122e+01
2.088200e+04 4.251865e+01
2.088300e+04 3.996981e+01
2.088400e+04 4.228662e+01
2.088500e+04 3.785404e+01
2.088600e+04 4.079771e+01
2.088700e+04 4.258697e+01
2.088800e+04 4.498311e+01
2.088900e+04 4.261395e+01
2.089000e+04 3.908360e+01
2.089100e+04 3.990399e+01
2.089200e+04 3.637630e+01
2.089300e+04 4.495349e+01
2.089400e+04 3.846917e+01
2.089500e+04 4.201850e+01
2.089600e+04 4.072387e+01
2.089700e+04 3.648316e+01
2.089800e+04 3.962511e+01
2.089900e+04 4.236611e+01
2.090000e+04 3.907396e+01
2.090100e+04 3.625952e+01
2.090200e+04 3.844774e+01
2.090300e+04 3.978138e+01
2.090400e+04 4.673456e+01
2.090500e+04 4.330331e+01
2.090600e+04 4.585023e+01
2.090700e+04 3.922788e+01
2.090800e+04 4.440910e+01
2.090900e+04 4.325163e+01
2.091000e+04 4.334218e+01
2.091100e+04 4.541208e+01
2.091200e+04 4.171284e+01
2.091300e+04 4.209503e+01
2.091400e+04 4.630498e+01
2.091500e+04 4.078293e+01
2.091600e+04 4.358361e+01
2.091700e+04 4.294034e+01
2.091800e+04 3.770259e+01
2.091900e+04 3.925265e+01
2.092000e+04 3.936386e+01
2.092100e+04 3.821754e+01
2.092200e+04 4.230439e+01
2.092300e+04 4.104313e+01
2.092400e+04 4.427909e+01
2.092500e+04 4.524997e+01
2.092600e+04 4.427785e+01
2.092700e+04 4.385333e+01
2.092800e+04 4.736972e+01
2.092900e+04 4.245481e+01
2.093000e+04 4.273267e+01
2.093100e+04 4.356036e+01
2.093200e+04 4.169921e+01
2.093300e+04 3.888134e+01
2.093400e+04 4.080206e+01
2.093500e+04 4.331010e+01
2.093600e+04 3.854964e+01
2.093700e+04 4.093268e+01
2.093800e+04 3.969749e+01
2.093900e+04 3.497101e+01
2.094000e+04 4.597650e+01
2.094100e+04 3.859306e+01
2.094200e+04 3.821662e+01
2.094300e+04 4.119864e+01
2.094400e+04 4.115950e+01
2.094500e+04 4.136392e+01
2.094600e+04 3.949070e+01
2.094700e+04 4.458897e+01
2.094800e+04 4.366580e+01
2.094900e+04 3.804636e+01
2.095000e+04 3.945234e+01
2.095100e+04 3.905586e+01
2.095200e+04 4.201889e+01
2.095300e+04 4.598610e+01
2.095400e+04 4.113463e+01
2.095500e+04 3.994083e+01
2.095600e+04 4.510653e+01
2.095700e+04 3.863520e+01
2.095800e+04 4.196405e+01
2.095900e+04 3.906603e+01
2.096000e+04 4.204650e+01
2.096100e+04 3.831572e+01
2.096200e+04 3.799594e+01
2.096300e+04 4.231624e+01
2.096400e+04 4.155676e+01
2.096500e+04 3.930282e+01
2.096600e+04 3.709505e+01
2.096700e+04 4.249958e+01
2.096800e+04 4.083755e+01
2.096900e+04 4.138913e+01
2.097000e+04 3.735585e+01
2.097100e+04 4.377668e+01
2.097200e+04 4.122041e+01
2.097300e+04 3.923457e+01
2.097400e+04 4.081201e+01
2.097500e+04 4.095497e+01
2.097600e+04 4.003748e+01
2.097700e+04 3.850016e+01
2.097800e+04 4.372859e+01
2.097900e+04 3.407321e+01
2.098000e+04 4.164734e+01
2.098100e+04 4.599905e+01
2.098200e+04 4.488941e+01
2.098300e+04 4.007174e+01
2.098400e+04 4.182085e+01
2.098500e+04 4.028948e+01
2.098600e+04 4.116390e+01
2.098700e+04 4.061786e+01
2.098800e+04 4.400372e+01
2.098900e+04 4.171034e+01
2.099000e+04 4.467952e+01
2.099100e+04 4.090498e+01
2.099200e+04 4.350677e+01
2.099300e+04 4.011135e+01
2.099400e+04 3.568520e+01
2.099500e+04 3.609043e+01
2.099600e+04 4.019156e+01
2.099700e+04 4.152214e+01
2.099800e+04 4.395303e+01
2.099900e+04 3.691010e+01
2.100000e+04 4.029105e+01
2.100100e+04 3.892337e+01
2.100200e+04 4.429897e+01
2.100300e+04 4.345116e+01
2.100400e+04 4.092985e+01
2.100500e+04 4.042443e+01
2.100600e+04 3.657393e+01
2.100700e+04 4.041669e+01
2.100800e+04 4.190153e+01
2.100900e+04 4.310798e+01
2.101000e+04 4.525814e+01
2.101100e+04 4.559040e+01
2.101200e+04 4.283601e+01
2.101300e+04 4.075982e+01
2.101400e+04 4.172566e+01
2.101500e+04 4.210832e+01
2.101600e+04 4.080518e+01
2.101700e+04 4.255973e+01
2.101800e+04 3.940695e+01
2.101900e+04 3.896747e+01
2.102000e+04 4.079921e+01
2.102100e+04 3.725969e+01
2.102200e+04 3.730918e+01
2.102300e+04 4.520690e+01
2.102400e+04 4.393922e+01
2.102500e+04 4.040315e+01
2.102600e+04 3.629085e+01
2.102700e+04 4.418393e+01
2.102800e+04 4.275518e+01
2.102900e+04 4.411243e+01
2.103000e+04 3.843539e+01
2.103100e+04 4.129591e+01
2.103200e+04 4.075569e+01
2.103300e+04 4.060739e+01
2.103400e+04 4.033417e+01
2.103500e+04 4.081550e+01
2.103600e+04 4.325163e+01
2.103700e+04 4.110153e+01
2.103800e+04 4.560931e+01
2.103900e+04 4.085145e+01
2.104000e+04 3.809407e+01
2.104100e+04 4.383934e+01
2.104200e+04 4.300184e+01
2.104300e+04 4.189665e+01
2.104400e+04 4.318111e+01
2.104500e+04 4.075855e+01
2.104600e+04 4.262203e+01
2.104700e+04 3.858274e+01
2.104800e+04 4.196873e+01
2.104900e+04 4.067358e+01
2.105000e+04 4.105566e+01
2.105100e+04 3.939246e+01
2.105200e+04 4.080317e+01
2.105300e+04 3.201707e+01
2.105400e+04 4.014940e+01
2.105500e+04 4.201091e+01
2.105600e+04 3.910639e+01
2.105700e+04 4.463569e+01
2.105800e+04 4.519069e+01
2.105900e+04 4.157893e+01
2.106000e+04 4.159811e+01
2.106100e+04 4.080727e+01
2.106200e+04 3.846297e+01
2.106300e+04 4.183114e+01
2.106400e+04 4.339048e+01
2.106500e+04 4.166597e+01
2.106600e+04 3.927078e+01
2.106700e+04 4.509491e+01
2.106800e+04 4.452765e+01
2.106900e+04 4.414003e+01
2.107000e+04 4.086724e+01
2.107100e+04 3.890341e+01
2.107200e+04 4.216151e+01
2.107300e+04 4.146225e+01
2.107400e+04 4.067760e+01
2.107500e+04 4.008393e+01
2.107600e+04 3.713649e+01
2.107700e+04 4.200321e+01
2.107800e+04 4.275623e+01
2.107900e+04 4.022283e+01
2.108000e+04 4.423240e+01
2.108100e+04 4.304644e+01
2.108200e+04 3.843948e+01
2.108300e+04 3.801771e+01
2.108400e+04 3.867850e+01
2.108500e+04 3.686981e+01
2.108600e+04 3.979385e+01
2.108700e+04 3.752436e+01
2.108800e+04 4.155501e+01
2.108900e+04 3.845796e+01
2.109000e+04 4.327432e+01
2.109100e+04 4.193755e+01
2.109200e+04 3.934097e+01
2.109300e+04 3.947084e+01
2.109400e+04 4.092369e+01
2.109500e+04 4.352703e+01
2.109600e+04 4.121958e+01
2.109700e+04 4.045854e+01
2.109800e+04 4.153085e+01
2.109900e+04 3.822146e+01
2.110000e+04 4.130435e+01
2.110100e+04 4.122173e+01
2.110200e+04 3.989679e+01
2.110300e+04 4.399963e+01
2.110400e+04 4.441381e+01
2.110500e+04 4.025994e+01
2.110600e+04 3.837696e+01
2.110700e+04 4.305187e+01
2.110800e+04 4.481835e+01
2.110900e+04 4.371481e+01
2.111000e+04 4.259330e+01
2.111100e+04 4.121420e+01
2.111200e+04 4.237406e+01
2.111300e+04 3.895472e+01
2.111400e+04 4.275481e+01
2.111500e+04 4.178036e+01
2.111600e+04 3.645442e+01
2.111700e+04 3.798489e+01
2.111800e+04 3.763296e+01
2.111900e+04 3.847850e+01
2.112000e+04 4.261059e+01
2.112100e+04 3.854014e+01
2.112200e+04 3.841125e+01
2.112300e+04 4.059690e+01
2.112400e+04 4.149913e+01
2.112500e+04 3.988901e+01
2.112600e+04 4.243518e+01
2.112700e+04 4.069112e+01
2.112800e+04 3.805983e+01
2.112900e+04 3.814948e+01
2.113000e+04 4.260182e+01
2.113100e+04 4.181307e+01
2.113200e+04 3.947387e+01
2.113300e+04 4.140043e+01
2.113400e+04 4.235659e+01
2.113500e+04 4.376928e+01
2.113600e+04 4.082960e+01
2.113700e+04 4.028337e+01
2.113800e+04 4.136145e+01
2.113900e+04 4.152027e+01
2.114000e+04 4.338601e+01
2.114100e+04 3.990487e+01
2.114200e+04 4.189726e+01
2.114300e+04 4.169716e+01
2.114400e+04 4.256592e+01
2.114500e+04 4.255968e+01
2.114600e+04 3.874679e+01
2.114700e+04 4.330690e+01
2.114800e+04 4.412151e+01
2.114900e+04 4.257797e+01
2.115000e+04 4.278276e+01
2.115100e+04 4.040374e+01
2.115200e+04 3.730307e+01
2.115300e+04 4.057325e+01
2.115400e+04 4.188703e+01
2.115500e+04 3.988865e+01
2.115600e+04 4.255519e+01
2.115700e+04 4.324417e+01
2.115800e+04 4.106384e+01
2.115900e+04 3.999039e+01
2.116000e+04 3.883531e+01
2.116100e+04 4.296653e+01
2.116200e+04 4.405307e+01
2.116300e+04 4.342898e+01
2.116400e+04 3.970370e+01
2.116500e+04 4.045377e+01
2.116600e+04 4.090294e+01
2.116700e+04 3.638457e+01
2.116800e+04 4.191465e+01
2.116900e+04 3.614091e+01
2.117000e+04 3.785713e+01
2.117100e+04 3.620499e+01
2.117200e+04 3.967604e+01
2.117300e+04 3.849352e+01
2.117400e+04 3.921789e+01
2.117500e+04 3.825346e+01
2.117600e+04 4.255294e+01
2.117700e+04 4.123717e+01
2.117800e+04 3.835446e+01
2.117900e+04 3.940930e+01
2.118000e+04 3.863384e+01
2.118100e+04 4.028827e+01
2.118200e+04 4.214409e+01
2.118300e+04 4.439521e+01
2.118400e+04 4.365762e+01
2.118500e+04 3.993490e+01
2.118600e+04 4.122461e+01
2.118700e+04 4.179688e+01
2.118800e+04 3.849103e+01
2.118900e+04 4.390429e+01
2.119000e+04 4.251212e+01
2.119100e+04 4.054565e+01
2.119200e+04 3.901242e+01
2.119300e+04 3.959236e+01
2.119400e+04 3.860131e+01
2.119500e+04 3.938364e+01
2.119600e+04 4.138237e+01
2.119700e+04 4.430202e+01
2.119800e+04 4.064440e+01
2.119900e+04 4.107269e+01
2.120000e+04 4.374087e+01
2.120100e+04 4.050977e+01
2.120200e+04 4.177714e+01
2.120300e+04 4.037651e+01
2.120400e+04 3.848666e+01
2.120500e+04 3.968647e+01
2.120600e+04 4.086652e+01
2.120700e+04 4.056736e+01
2.120800e+04 4.207274e+01
2.120900e+04 4.296210e+01
2.121000e+04 3.998041e+01
2.121100e+04 4.193430e+01
2.121200e+04 4.038905e+01
2.121300e+04 4.339496e+01
2.121400e+04 3.965485e+01
2.121500e+04 4.098005e+01
2.121600e+04 3.988467e+01
2.121700e+04 4.079474e+01
2.121800e+04 3.670537e+01
2.121900e+04 4.420589e+01
2.122000e+04 4.288619e+01
2.122100e+04 4.276445e+01
2.122200e+04 4.033282e+01
2.122300e+04 4.200762e+01
2.122400e+04 3.876647e+01
2.122500e+04 4.211858e+01
2.122600e+04 4.057619e+01
2.122700e+04 3.820379e+01
2.122800e+04 4.296936e+01
2.122900e+04 4.148700e+01
2.123000e+04 4.459362e+01
2.123100e+04 4.130495e+01
2.123200e+04 4.226333e+01
2.123300e+04 4.012297e+01
2.123400e+04 4.013238e+01
2.123500e+04 3.681432e+01
2.123600e+04 4.048324e+01
2.123700e+04 3.925436e+01
2.123800e+04 3.841164e+01
2.123900e+04 4.317640e+01
2.124000e+04 4.247503e+01
2.124100e+04 4.425520e+01
2.124200e+04 3.961887e+01
2.124300e+04 3.847921e+01
2.124400e+04 4.152030e+01
2.124500e+04 4.304182e+01
2.124600e+04 4.210567e+01
2.124700e+04 4.006068e+01
2.124800e+04 4.144877e+01
2.124900e+04 4.447720e+01
2.125000e+04 4.435884e+01
2.125100e+04 4.396197e+01
2.125200e+04 4.151454e+01
2.125300e+04 4.322757e+01
2.125400e+04 3.888719e+01
2.125500e+04 4.096766e+01
2.125600e+04 3.781344e+01
2.125700e+04 4.005582e+01
2.125800e+04 4.131455e+01
2.125900e+04 3.937238e+01
2.126000e+04 4.020113e+01
2.126100e+04 3.972171e+01
2.126200e+04 3.865921e+01
2.126300e+04 4.210660e+01
2.126400e+04 4.269076e+01
2.126500e+04 4.130951e+01
2.126600e+04 4.020751e+01
2.126700e+04 3.779691e+01
2.126800e+04 3.931914e+01
2.126900e+04 4.126453e+01
2.127000e+04 4.251678e+01
2.127100e+04 3.976748e+01
2.127200e+04 4.231489e+01
2.127300e+04 4.254236e+01
2.127400e+04 4.169484e+01
2.127500e+04 3.746733e+01
2.127600e+04 3.897000e+01
2.127700e+04 3.843349e+01
2.127800e+04 3.910726e+01
2.127900e+04 4.015488e+01
2.128000e+04 3.853100e+01
2.128100e+04 3.729748e+01
2.128200e+04 4.154396e+01
2.128300e+04 4.442317e+01
2.128400e+04 4.403717e+01
2.128500e+04 3.554193e+01
2.128600e+04 3.912212e+01
2.128700e+04 3.685516e+01
2.128800e+04 3.929015e+01
2.128900e+04 4.241102e+01
2.129000e+04 3.917634e+01
2.129100e+04 4.080958e+01
2.129200e+04 4.036646e+01
2.129300e+04 3.985464e+01
2.129400e+04 3.897181e+01
2.129500e+04 4.341996e+01
2.129600e+04 4.399827e+01
2.129700e+04 3.874077e+01
2.129800e+04 3.827460e+01
2.129900e+04 4.063830e+01
2.130000e+04 4.094369e+01
2.130100e+04 3.918466e+01
2.130200e+04 4.091504e+01
2.130300e+04 4.067586e+01
2.130400e+04 4.241293e+01
2.130500e+04 4.156449e+01
2.130600e+04 4.399445e+01
2.130700e+04 3.786388e+01
2.130800e+04 4.230120e+01
2.130900e+04 4.031953e+01
2.131000e+04 3.711589e+01
2.131100e+04 4.175329e+01
2.131200e+04 4.063724e+01
2.131300e+04 4.161801e+01
2.131400e+04 4.210659e+01
2.131500e+04 4.269432e+01
2.131600e+04 4.175350e+01
2.131700e+04 4.293645e+01
2.131800e+04 3.980492e+01
2.131900e+04 4.301164e+01
2.132000e+04 4.236252e+01
2.132100e+04 4.177112e+01
2.132200e+04 4.268889e+01
2.132300e+04 3.426079e+01
2.132400e+04 3.886882e+01
2.132500e+04 4.212645e+01
2.132600e+04 4.105524e+01
2.132700e+04 3.916584e+01
2.132800e+04 4.018620e+01
2.132900e+04 4.231046e+01
2.133000e+04 4.320050e+01
2.133100e+04 4.117398e+01
2.133200e+04 4.166784e+01
2.133300e+04 4.124642e+01
2.133400e+04 4.265423e+01
2.133500e+04 4.129242e+01
2.133600e+04 4.125851e+01
2.133700e+04 3.956725e+01
2.133800e+04 4.421785e+01
2.133900e+04 4.183628e+01
2.134000e+04 4.154493e+01
2.134100e+04 3.717407e+01
2.134200e+04 3.854764e+01
2.134300e+04 3.705179e+01
2.134400e+04 4.145033e+01
2.134500e+04 4.146299e+01
2.134600e+04 4.183545e+01
2.134700e+04 3.859210e+01
2.134800e+04 4.079035e+01
2.134900e+04 4.119446e+01
2.135000e+04 4.283192e+01
2.135100e+04 3.983204e+01
2.135200e+04 4.157319e+01
2.135300e+04 4.224741e+01
2.135400e+04 4.051279e+01
2.135500e+04 4.021834e+01
2.135600e+04 4.184703e+01
2.135700e+04 4.340194e+01
2.135800e+04 4.069801e+01
2.135900e+04 4.237657e+01
2.136000e+04 4.217785e+01
2.136100e+04 4.061633e+01
2.136200e+04 3.726021e+01
2.136300e+04 3.783306e+01
2.136400e+04 4.188632e+01
2.136500e+04 4.340074e+01
2.136600e+04 4.157467e+01
2.136700e+04 4.039480e+01
2.136800e+04 4.192955e+01
2.136900e+04 4.164094e+01
2.137000e+04 4.063567e+01
2.137100e+04 3.580168e+01
2.137200e+04 4.104994e+01
2.137300e+04 4.235365e+01
2.137400e+04 3.930818e+01
2.137500e+04 4.289898e+01
2.137600e+04 4.108364e+01
2.137700e+04 3.936950e+01
2.137800e+04 3.971743e+01
2.137900e+04 4.028188e+01
2.138000e+04 4.029175e+01
2.138100e+04 4.054569e+01
2.138200e+04 4.199481e+01
2.138300e+04 4.119375e+01
2.138400e+04 3.785710e+01
2.138500e+04 3.654057e+01
2.138600e+04 4.285992e+01
2.138700e+04 4.128629e+01
2.138800e+04 3.999631e+01
2.138900e+04 3.866814e+01
2.139000e+04 3.960028e+01
2.139100e+04 3.965804e+01
2.139200e+04 4.269232e+01
2.139300e+04 4.102111e+01
2.139400e+04 4.143322e+01
2.139500e+04 4.258033e+01
2.139600e+04 3.980162e+01
2.139700e+04 4.290888e+01
2.139800e+04 4.203793e+01
2.139900e+04 3.900732e+01
2.140000e+04 3.816526e+01
2.140100e+04 4.198429e+01
2.140200e+04 4.110865e+01
2.140300e+04 3.723426e+01
2.140400e+04 3.463994e+01
2.140500e+04 3.847219e+01
2.140600e+04 4.422203e+01
2.140700e+04 3.822192e+01
2.140800e+04 4.050741e+01
2.140900e+04 3.946621e+01
2.141000e+04 4.156422e+01
2.141100e+04 3.947858e+01
2.141200e+04 4.219861e+01
2.141300e+04 4.042893e+01
2.141400e+04 3.805709e+01
2.141500e+04 4.030553e+01
2.141600e+04 4.041160e+01
2.141700e+04 4.373873e+01
2.141800e+04 4.299935e+01
2.141900e+04 3.954389e+01
2.142000e+04 4.237761e+01
2.142100e+04 3.924626e+01
2.142200e+04 4.186214e+01
2.142300e+04 3.855465e+01
2.142400e+04 3.630366e+01
2.142500e+04 3.881947e+01
2.142600e+04 4.165582e+01
2.142700e+04 4.281412e+01
2.142800e+04 3.893252e+01
2.142900e+04 3.753721e+01
2.143000e+04 4.086145e+01
2.143100e+04 4.172248e+01
2.143200e+04 4.226807e+01
2.143300e+04 3.928540e+01
2.143400e+04 3.963267e+01
2.143500e+04 4.203519e+01
2.143600e+04 4.196651e+01
2.143700e+04 4.287508e+01
2.143800e+04 4.152628e+01
2.143900e+04 4.251178e+01
2.144000e+04 4.346962e+01
2.144100e+04 4.322779e+01
2.144200e+04 4.176166e+01
2.144300e+04 3.955572e+01
2.144400e+04 4.085788e+01
2.144500e+04 4.221069e+01
2.144600e+04 4.080006e+01
2.144700e+04 4.152322e+01
2.144800e+04 4.168303e+01
2.144900e+04 4.018123e+01
2.145000e+04 4.227383e+01
2.145100e+04 4.238848e+01
2.145200e+04 4.107430e+01
2.145300e+04 4.224113e+01
2.145400e+04 4.162202e+01
2.145500e+04 4.075227e+01
2.145600e+04 4.015908e+01
2.145700e+04 4.056736e+01
2.145800e+04 3.935286e+01
2.145900e+04 4.035850e+01
2.146000e+04 4.223092e+01
2.146100e+04 3.997803e+01
2.146200e+04 4.050323e+01
2.146300e+04 4.164757e+01
2.146400e+04 4.143457e+01
2.146500e+04 4.243243e+01
2.146600e+04 4.306754e+01
2.146700e+04 3.840098e+01
2.146800e+04 3.988994e+01
2.146900e+04 4.364639e+01
2.147000e+04 4.184615e+01
2.147100e+04 4.096104e+01
2.147200e+04 3.890627e+01
2.147300e+04 4.146803e+01
2.147400e+04 4.307461e+01
2.147500e+04 4.292041e+01
2.147600e+04 4.200379e+01
2.147700e+04 4.028295e+01
2.147800e+04 4.075263e+01
2.147900e+04 4.035042e+01
2.148000e+04 4.052361e+01
2.148100e+04 3.839070e+01
2.148200e+04 4.228432e+01
2.148300e+04 4.074973e+01
2.148400e+04 3.764730e+01
2.148500e+04 4.111767e+01
2.148600e+04 4.055050e+01
2.148700e+04 4.322001e+01
2.148800e+04 3.871076e+01
2.148900e+04 3.974536e+01
2.149000e+04 3.781587e+01
2.149100e+04 3.927723e+01
2.149200e+04 4.214733e+01
2.149300e+04 3.891253e+01
2.149400e+04 4.116161e+01
2.149500e+04 4.295989e+01
2.149600e+04 3.980642e+01
2.149700e+04 3.713821e+01
2.149800e+04 4.084499e+01
2.149900e+04 4.137583e+01
2.150000e+04 3.675755e+01
2.150100e+04 3.997354e+01
2.150200e+04 4.053376e+01
2.150300e+04 3.709852e+01
2.150400e+04 3.947810e+01
2.150500e+04 3.756324e+01
2.150600e+04 3.865497e+01
2.150700e+04 4.151637e+01
2.150800e+04 4.166497e+01
2.150900e+04 4.177530e+01
2.151000e+04 4.101442e+01
2.151100e+04 4.008515e+01
2.151200e+04 4.085815e+01
2.151300e+04 4.091352e+01
2.151400e+04 4.296673e+01
2.151500e+04 4.304193e+01
2.151600e+04 3.889249e+01
2.151700e+04 4.044308e+01
2.151800e+04 4.329245e+01
2.151900e+04 3.950333e+01
2.152000e+04 3.746088e+01
2.152100e+04 3.821509e+01
2.152200e+04 4.181509e+01
2.152300e+04 4.094723e+01
2.152400e+04 4.096900e+01
2.152500e+04 4.041373e+01
2.152600e+04 4.053726e+01
2.152700e+04 4.199549e+01
2.152800e+04 4.222009e+01
2.152900e+04 3.680575e+01
2.153000e+04 3.691469e+01
2.153100e+04 4.007152e+01
2.153200e+04 3.905537e+01
2.153300e+04 4.120703e+01
2.153400e+04 3.996940e+01
2.153500e+04 3.957447e+01
2.153600e+04 3.976238e+01
2.153700e+04 4.130980e+01
2.153800e+04 4.141578e+01
2.153900e+04 4.122219e+01
2.154000e+04 4.301899e+01
2.154100e+04 3.947339e+01
2.154200e+04 3.835406e+01
2.154300e+04 4.001557e+01
2.154400e+04 4.019165e+01
2.154500e+04 3.993276e+01
2.154600e+04 4.167211e+01
2.154700e+04 3.983150e+01
2.154800e+04 4.315554e+01
2.154900e+04 4.235035e+01
2.155000e+04 4.231669e+01
2.155100e+04 4.056483e+01
2.155200e+04 3.895712e+01
2.155300e+04 4.213194e+01
2.155400e+04 4.017435e+01
2.155500e+04 4.099628e+01
2.155600e+04 4.125656e+01
2.155700e+04 4.122503e+01
2.155800e+04 4.068572e+01
2.155900e+04 3.978552e+01
2.156000e+04 3.997712e+01
2.156100e+04 3.937499e+01
2.156200e+04 4.024018e+01
2.156300e+04 4.002135e+01
2.156400e+04 3.945298e+01
2.156500e+04 4.119847e+01
2.156600e+04 3.925052e+01
2.156700e+04 4.122408e+01
2.156800e+04 4.271892e+01
2.156900e+04 4.048878e+01
2.157000e+04 3.872305e+01
2.157100e+04 4.110510e+01
2.157200e+04 4.322624e+01
2.157300e+04 4.172863e+01
2.157400e+04 4.022852e+01
2.157500e+04 3.850563e+01
2.157600e+04 4.159007e+01
2.157700e+04 4.282512e+01
2.157800e+04 4.007607e+01
2.157900e+04 4.200382e+01
2.158000e+04 3.928281e+01
2.158100e+04 4.159236e+01
2.158200e+04 4.066487e+01
2.158300e+04 4.131296e+01
2.158400e+04 3.815956e+01
2.158500e+04 4.022967e+01
2.158600e+04 4.186544e+01
2.158700e+04 4.141011e+01
2.158800e+04 4.037794e+01
2.158900e+04 4.236630e+01
2.159000e+04 4.204170e+01
2.159100e+04 4.084878e+01
2.159200e+04 4.085154e+01
2.159300e+04 3.968098e+01
2.159400e+04 3.835314e+01
2.159500e+04 4.094172e+01
2.159600e+04 4.116260e+01
2.159700e+04 4.114120e+01
2.159800e+04 3.740941e+01
2.159900e+04 3.940757e+01
2.160000e+04 4.221378e+01
2.160100e+04 4.169138e+01
2.160200e+04 4.253267e+01
2.160300e+04 3.867810e+01
2.160400e+04 3.918851e+01
2.160500e+04 3.758571e+01
2.160600e+04 3.994083e+01
2.160700e+04 4.113832e+01
2.160800e+04 3.942379e+01
2.160900e+04 4.138584e+01
2.161000e+04 4.089016e+01
2.161100e+04 4.275458e+01
2.161200e+04 4.255058e+01
2.161300e+04 4.158001e+01
2.161400e+04 4.244967e+01
2.161500e+04 4.227493e+01
2.161600e+04 4.075582e+01
2.161700e+04 4.133104e+01
2.161800e+04 4.043256e+01
2.161900e+04 3.992138e+01
2.162000e+04 3.956858e+01
2.162100e+04 4.002194e+01
2.162200e+04 3.976003e+01
2.162300e+04 3.967745e+01
2.162400e+04 3.946531e+01
2.162500e+04 4.058160e+01
2.162600e+04 4.316844e+01
2.162700e+04 4.065795e+01
2.162800e+04 4.036769e+01
2.162900e+04 4.021984e+01
2.163000e+04 3.966740e+01
2.163100e+04 3.860176e+01
2.163200e+04 3.666618e+01
2.163300e+04 3.925233e+01
2.163400e+04 4.090195e+01
2.163500e+04 4.054156e+01
2.163600e+04 4.299670e+01
2.163700e+04 4.084768e+01
2.163800e+04 4.086370e+01
2.163900e+04 4.009659e+01
2.164000e+04 3.942231e+01
2.164100e+04 4.146250e+01
2.164200e+04 4.181363e+01
2.164300e+04 4.137624e+01
2.164400e+04 3.860859e+01
2.164500e+04 4.067617e+01
2.164600e+04 4.042122e+01
2.164700e+04 4.258022e+01
2.164800e+04 4.048178e+01
2.164900e+04 4.088171e+01
2.165000e+04 4.182718e+01
2.165100e+04 4.075705e+01
2.165200e+04 4.159614e+01
2.165300e+04 4.096941e+01
2.165400e+04 4.229694e+01
2.165500e+04 3.892492e+01
2.165600e+04 3.945855e+01
2.165700e+04 3.942382e+01
2.165800e+04 4.066558e+01
2.165900e+04 4.104412e+01
2.166000e+04 3.915694e+01
2.166100e+04 4.104946e+01
2.166200e+04 3.892277e+01
2.166300e+04 4.187534e+01
2.166400e+04 4.078977e+01
2.166500e+04 3.888996e+01
2.166600e+04 4.127916e+01
2.166700e+04 4.169842e+01
2.166800e+04 4.009507e+01
2.166900e+04 4.041266e+01
2.167000e+04 4.024040e+01
2.167100e+04 4.013848e+01
2.167200e+04 4.096028e+01
2.167300e+04 4.122043e+01
2.167400e+04 4.029728e+01
2.167500e+04 3.894725e+01
2.167600e+04 4.155566e+01
2.167700e+04 4.225804e+01
2.167800e+04 4.056556e+01
2.167900e+04 4.083764e+01
2.168000e+04 4.034514e+01
2.168100e+04 4.188600e+01
2.168200e+04 3.949583e+01
2.168300e+04 4.028521e+01
2.168400e+04 4.214620e+01
2.168500e+04 4.143750e+01
2.168600e+04 4.029037e+01
2.168700e+04 4.039231e+01
2.168800e+04 4.140957e+01
2.168900e+04 4.222841e+01
2.169000e+04 4.129789e+01
2.169100e+04 4.257527e+01
2.169200e+04 3.974610e+01
2.169300e+04 4.108521e+01
2.169400e+04 4.131766e+01
2.169500e+04 4.184895e+01
2.169600e+04 4.010086e+01
2.169700e+04 4.031172e+01
2.169800e+04 4.073313e+01
2.169900e+04 4.181445e+01
2.170000e+04 4.145820e+01
2.170100e+04 4.165663e+01
2.170200e+04 4.045413e+01
2.170300e+04 3.999525e+01
2.170400e+04 3.879065e+01
2.170500e+04 3.941203e+01
2.170600e+04 3.870156e+01
2.170700e+04 3.855932e+01
2.170800e+04 3.931659e+01
2.170900e+04 4.081714e+01
2.171000e+04 3.969803e+01
2.171100e+04 4.140515e+01
2.171200e+04 4.271768e+01
2.171300e+04 3.885985e+01
2.171400e+04 3.925359e+01
2.171500e+04 4.137875e+01
2.171600e+04 3.814038e+01
2.171700e+04 4.029928e+01
2.171800e+04 4.166278e+01
2.171900e+04 3.894793e+01
2.172000e+04 4.129533e+01
2.172100e+04 4.040473e+01
2.172200e+04 4.163178e+01
2.172300e+04 3.940225e+01
2.172400e+04 3.933473e+01
2.172500e+04 4.057873e+01
2.172600e+04 4.073271e+01
2.172700e+04 3.752159e+01
2.172800e+04 3.981302e+01
2.172900e+04 4.000756e+01
2.173000e+04 4.125154e+01
2.173100e+04 4.007678e+01
2.173200e+04 4.099967e+01
2.173300e+04 4.024487e+01
2.173400e+04 4.057754e+01
2.173500e+04 4.027209e+01
2.173600e+04 3.923630e+01
2.173700e+04 4.069967e+01
2.173800e+04 4.033224e+01
2.173900e+04 4.182062e+01
2.174000e+04 3.918692e+01
2.174100e+04 4.177876e+01
2.174200e+04 3.905506e+01
2.174300e+04 3.878896e+01
2.174400e+04 4.087572e+01
2.174500e+04 4.140215e+01
2.174600e+04 4.058961e+01
2.174700e+04 4.035507e+01
2.174800e+04 4.161446e+01
2.174900e+04 4.120052e+01
2.175000e+04 4.099763e+01
2.175100e+04 3.952847e+01
2.175200e+04 3.933657e+01
2.175300e+04 4.153175e+01
2.175400e+04 4.011585e+01
2.175500e+04 4.046562e+01
2.175600e+04 3.836194e+01
2.175700e+04 4.121906e+01
2.175800e+04 3.922783e+01
2.175900e+04 3.944198e+01
2.176000e+04 3.890479e+01
2.176100e+04 4.093703e+01
2.176200e+04 3.997800e+01
2.176300e+04 3.883026e+01
2.176400e+04 3.831265e+01
2.176500e+04 4.086368e+01
2.176600e+04 3.986803e+01
2.176700e+04 3.998222e+01
2.176800e+04 3.840947e+01
2.176900e+04 4.148741e+01
2.177000e+04 4.059090e+01
2.177100e+04 3.905692e+01
2.177200e+04 3.937929e+01
2.177300e+04 4.137472e+01
2.177400e+04 4.192664e+01
2.177500e+04 4.113107e+01
2.177600e+04 3.951092e+01
2.177700e+04 3.871954e+01
2.177800e+04 4.025202e+01
2.177900e+04 4.090756e+01
2.178000e+04 3.950874e+01
2.178100e+04 3.977008e+01
2.178200e+04 3.986528e+01
2.178300e+04 4.107540e+01
2.178400e+04 4.037808e+01
2.178500e+04 4.071613e+01
2.178600e+04 3.951181e+01
2.178700e+04 3.812003e+01
2.178800e+04 3.687600e+01
2.178900e+04 3.199576e+01
2.179000e+04 3.829765e+01
2.179100e+04 4.181723e+01
2.179200e+04 4.120771e+01
2.179300e+04 3.819921e+01
2.179400e+04 3.746203e+01
2.179500e+04 3.970893e+01
2.179600e+04 3.914000e+01
2.179700e+04 4.087831e+01
2.179800e+04 4.216936e+01
2.179900e+04 3.944951e+01
2.180000e+04 4.139998e+01
2.180100e+04 3.978555e+01
2.180200e+04 3.905862e+01
2.180300e+04 4.065769e+01
2.180400e+04 3.945998e+01
2.180500e+04 4.056344e+01
2.180600e+04 3.994195e+01
2.180700e+04 4.093175e+01
2.180800e+04 3.811158e+01
2.180900e+04 3.989388e+01
2.181000e+04 4.073524e+01
2.181100e+04 3.945120e+01
2.181200e+04 3.977316e+01
2.181300e+04 4.095096e+01
2.181400e+04 4.100855e+01
2.181500e+04 4.016847e+01
2.181600e+04 4.037264e+01
2.181700e+04 4.087064e+01
2.181800e+04 4.007026e+01
2.181900e+04 4.207774e+01
2.182000e+04 4.092544e+01
2.182100e+04 4.071473e+01
2.182200e+04 4.043251e+01
2.182300e+04 3.719358e+01
2.182400e+04 3.717099e+01
2.182500e+04 3.958521e+01
2.182600e+04 4.084114e+01
2.182700e+04 3.923854e+01
2.182800e+04 4.008748e+01
2.182900e+04 4.092768e+01
2.183000e+04 3.930152e+01
2.183100e+04 3.994666e+01
2.183200e+04 4.114877e+01
2.183300e+04 3.825479e+01
2.183400e+04 3.886846e+01
2.183500e+04 4.094183e+01
2.183600e+04 4.014042e+01
2.183700e+04 3.866526e+01
2.183800e+04 3.994703e+01
2.183900e+04 4.001732e+01
2.184000e+04 4.043894e+01
2.184100e+04 4.024363e+01
2.184200e+04 3.789147e+01
2.184300e+04 4.035086e+01
2.184400e+04 3.961228e+01
2.184500e+04 4.022062e+01
2.184600e+04 4.116887e+01
2.184700e+04 3.998547e+01
2.184800e+04 3.991953e+01
2.184900e+04 3.975882e+01
2.185000e+04 4.077105e+01
2.185100e+04 4.030484e+01
2.185200e+04 3.987920e+01
2.185300e+04 4.016504e+01
2.185400e+04 4.083430e+01
2.185500e+04 4.128475e+01
2.185600e+04 4.002634e+01
2.185700e+04 3.953028e+01
2.185800e+04 4.147643e+01
2.185900e+04 4.096964e+01
2.186000e+04 4.130921e+01
2.186100e+04 3.799528e+01
2.186200e+04 4.027810e+01
2.186300e+04 3.864343e+01
2.186400e+04 3.976222e+01
2.186500e+04 3.932405e+01
2.186600e+04 3.993320e+01
2.186700e+04 3.972686e+01
2.186800e+04 4.095206e+01
2.186900e+04 4.113281e+01
2.187000e+04 4.086640e+01
2.187100e+04 4.195960e+01
2.187200e+04 4.019956e+01
2.187300e+04 4.058167e+01
2.187400e+04 3.937352e+01
2.187500e+04 3.725984e+01
2.187600e+04 3.992637e+01
2.187700e+04 4.076489e+01
2.187800e+04 4.131924e+01
2.187900e+04 3.893104e+01
2.188000e+04 3.980136e+01
2.188100e+04 4.079284e+01
2.188200e+04 4.052608e+01
2.188300e+04 4.099467e+01
2.188400e+04 3.857178e+01
2.188500e+04 4.017747e+01
2.188600e+04 3.832969e+01
2.188700e+04 4.131184e+01
2.188800e+04 3.930999e+01
2.188900e+04 3.957756e+01
2.189000e+04 4.109454e+01
2.189100e+04 4.010297e+01
2.189200e+04 4.125978e+01
2.189300e+04 4.063208e+01
2.189400e+04 3.915576e+01
2.189500e+04 3.963892e+01
2.189600e+04 4.041263e+01
2.189700e+04 3.619093e+01
2.189800e+04 4.060612e+01
2.189900e+04 4.120643e+01
2.190000e+04 4.006662e+01
2.190100e+04 3.962726e+01
2.190200e+04 3.848063e+01
2.190300e+04 3.425432e+01
2.190400e+04 3.571388e+01
2.190500e+04 3.986142e+01
2.190600e+04 4.129098e+01
2.190700e+04 3.954622e+01
2.190800e+04 3.930848e+01
2.190900e+04 4.107026e+01
2.191000e+04 4.008616e+01
2.191100e+04 3.945112e+01
2.191200e+04 4.045182e+01
2.191300e+04 4.067056e+01
2.191400e+04 4.136570e+01
2.191500e+04 4.115754e+01
2.191600e+04 4.073123e+01
2.191700e+04 3.880462e+01
2.191800e+04 3.815523e+01
2.191900e+04 3.979648e+01
2.192000e+04 4.079058e+01
2.192100e+04 3.875807e+01
2.192200e+04 4.134624e+01
2.192300e+04 4.113045e+01
2.192400e+04 3.980635e+01
2.192500e+04 4.053714e+01
2.192600e+04 4.016376e+01
2.192700e+04 4.095594e+01
2.192800e+04 3.835903e+01
2.192900e+04 3.976034e+01
2.193000e+04 3.816724e+01
2.193100e+04 3.811055e+01
2.193200e+04 3.978676e+01
2.193300e+04 3.893017e+01
2.193400e+04 3.909188e+01
2.193500e+04 4.135919e+01
2.193600e+04 4.112129e+01
2.193700e+04 3.969036e+01
2.193800e+04 4.038261e+01
2.193900e+04 3.998062e+01
2.194000e+04 3.892528e+01
2.194100e+04 4.010918e+01
2.194200e+04 3.961007e+01
2.194300e+04 4.000431e+01
2.194400e+04 3.942856e+01
2.194500e+04 4.030445e+01
2.194600e+04 4.022317e+01
2.194700e+04 4.069866e+01
2.194800e+04 3.902945e+01
2.194900e+04 3.949442e+01
2.195000e+04 4.049736e+01
2.195100e+04 4.048293e+01
2.195200e+04 3.995176e+01
2.195300e+04 4.182176e+01
2.195400e+04 4.087423e+01
2.195500e+04 4.002095e+01
2.195600e+04 4.040163e+01
2.195700e+04 3.848367e+01
2.195800e+04 4.033718e+01
2.195900e+04 3.980349e+01
2.196000e+04 4.035646e+01
2.196100e+04 3.933698e+01
2.196200e+04 4.078826e+01
2.196300e+04 4.019509e+01
2.196400e+04 4.024890e+01
2.196500e+04 4.068531e+01
2.196600e+04 4.071208e+01
2.196700e+04 4.061749e+01
2.196800e+04 4.053175e+01
2.196900e+04 3.874017e+01
2.197000e+04 4.020167e+01
2.197100e+04 3.828282e+01
2.197200e+04 3.976630e+01
2.197300e+04 3.918539e+01
2.197400e+04 3.810983e+01
2.197500e+04 3.940729e+01
2.197600e+04 4.040868e+01
2.197700e+04 4.084275e+01
2.197800e+04 3.945199e+01
2.197900e+04 4.046311e+01
2.198000e+04 3.987802e+01
2.198100e+04 4.058653e+01
2.198200e+04 3.982853e+01
2.198300e+04 4.069142e+01
2.198400e+04 4.160516e+01
2.198500e+04 4.048446e+01
2.198600e+04 4.048728e+01
2.198700e+04 4.043852e+01
2.198800e+04 3.873145e+01
2.198900e+04 3.959049e+01
2.199000e+04 3.874934e+01
2.199100e+04 3.976054e+01
2.199200e+04 3.873176e+01
2.199300e+04 3.935852e+01
2.199400e+04 4.015050e+01
2.199500e+04 3.925958e+01
2.199600e+04 4.088339e+01
2.199700e+04 4.070164e+01
2.199800e+04 3.946696e+01
2.199900e+04 4.053025e+01
2.200000e+04 3.897722e+01
2.200100e+04 3.994836e+01
2.200200e+04 4.095387e+01
2.200300e+04 4.021718e+01
2.200400e+04 3.877571e+01
2.200500e+04 3.994915e+01
2.200600e+04 4.023156e+01
2.200700e+04 3.963036e+01
2.200800e+04 3.960013e+01
2.200900e+04 4.088986e+01
2.201000e+04 3.860042e+01
2.201100e+04 3.648809e+01
2.201200e+04 3.949394e+01
2.201300e+04 4.105802e+01
2.201400e+04 4.085846e+01
2.201500e+04 3.985157e+01
2.201600e+04 4.055698e+01
2.201700e+04 3.946048e+01
2.201800e+04 3.960881e+01
2.201900e+04 3.914067e+01
2.202000e+04 3.943415e+01
2.202100e+04 3.581114e+01
2.202200e+04 3.941844e+01
2.202300e+04 4.088680e+01
2.202400e+04 4.107033e+01
2.202500e+04 4.024966e+01
2.202600e+04 3.965274e+01
2.202700e+04 3.751999e+01
2.202800e+04 4.020285e+01
2.202900e+04 4.020632e+01
2.203000e+04 3.772933e+01
2.203100e+04 4.020328e+01
2.203200e+04 3.948200e+01
2.203300e+04 3.903529e+01
2.203400e+04 3.759005e+01
2.203500e+04 3.787388e+01
2.203600e+04 3.915898e+01
2.203700e+04 3.998073e+01
2.203800e+04 3.928075e+01
2.203900e+04 3.939532e+01
2.204000e+04 3.823471e+01
2.204100e+04 3.956344e+01
2.204200e+04 4.006338e+01
2.204300e+04 3.904213e+01
2.204400e+04 3.960029e+01
2.204500e+04 3.928508e+01
2.204600e+04 3.903527e+01
2.204700e+04 3.769781e+01
2.204800e+04 3.997284e+01
2.204900e+04 3.971609e+01
2.205000e+04 3.919377e+01
2.205100e+04 3.739543e+01
2.205200e+04 3.758504e+01
2.205300e+04 3.744149e+01
2.205400e+04 3.668491e+01
2.205500e+04 3.756547e+01
2.205600e+04 3.787430e+01
2.205700e+04 3.671521e+01
2.205800e+04 3.351040e+01
2.205900e+04 3.528960e+01
2.206000e+04 3.434248e+01
2.206100e+04 3.130633e+01
2.206200e+04 2.445967e+01
2.206300e+04 2.564061e+01
2.206400e+04 3.168524e+01
2.206500e+04 3.356272e+01
2.206600e+04 3.531537e+01
2.206700e+04 3.581201e+01
2.206800e+04 3.742044e+01
2.206900e+04 3.572664e+01
2.207000e+04 3.706922e+01
2.207100e+04 3.512890e+01
2.207200e+04 3.839094e+01
2.207300e+04 3.943175e+01
2.207400e+04 3.813299e+01
2.207500e+04 3.775751e+01
2.207600e+04 3.916066e+01
2.207700e+04 3.885200e+01
2.207800e+04 3.851369e+01
2.207900e+04 3.900537e+01
2.208000e+04 3.884314e+01
2.208100e+04 3.788935e+01
2.208200e+04 3.827322e+01
2.208300e+04 3.680254e+01
2.208400e+04 3.801128e+01
2.208500e+04 3.751819e+01
2.208600e+04 3.666075e+01
2.208700e+04 3.378146e+01
2.208800e+04 3.398792e+01
2.208900e+04 2.890083e+01
2.209000e+04 2.483885e+01
2.209100e+04 3.240348e+01
2.209200e+04 3.526465e+01
2.209300e+04 3.669094e+01
2.209400e+04 3.709559e+01
2.209500e+04 3.819901e+01
2.209600e+04 3.718700e+01
2.209700e+04 3.861139e+01
2.209800e+04 3.855682e+01
2.209900e+04 3.875020e+01
2.210000e+04 3.806966e+01
2.210100e+04 3.850976e+01
2.210200e+04 3.972811e+01
2.210300e+04 3.965610e+01
2.210400e+04 3.910522e+01
2.210500e+04 3.933825e+01
2.210600e+04 3.713926e+01
2.210700e+04 3.910909e+01
2.210800e+04 3.875117e+01
2.210900e+04 3.979524e+01
2.211000e+04 3.960913e+01
2.211100e+04 3.971192e+01
2.211200e+04 3.783585e+01
2.211300e+04 3.806432e+01
2.211400e+04 3.904165e+01
2.211500e+04 3.957905e+01
2.211600e+04 3.972464e+01
2.211700e+04 3.936777e+01
2.211800e+04 3.848007e+01
2.211900e+04 4.054040e+01
2.212000e+04 4.059227e+01
2.212100e+04 4.037094e+01
2.212200e+04 4.025173e+01
2.212300e+04 4.055340e+01
2.212400e+04 4.042712e+01
2.212500e+04 3.844451e+01
2.212600e+04 4.011227e+01
2.212700e+04 3.848144e+01
2.212800e+04 3.996365e+01
2.212900e+04 3.986361e+01
2.213000e+04 3.964312e+01
2.213100e+04 3.927099e+01
2.213200e+04 3.834901e+01
2.213300e+04 3.893420e+01
2.213400e+04 3.920178e+01
2.213500e+04 4.047211e+01
2.213600e+04 3.909941e+01
2.213700e+04 3.901827e+01
2.213800e+04 4.037401e+01
2.213900e+04 3.998294e+01
2.214000e+04 3.955147e+01
2.214100e+04 3.962554e+01
2.214200e+04 4.088608e+01
2.214300e+04 3.983640e+01
2.214400e+04 4.062734e+01
2.214500e+04 3.903088e+01
2.214600e+04 4.001228e+01
2.214700e+04 3.929495e+01
2.214800e+04 3.877612e+01
2.214900e+04 3.880168e+01
2.215000e+04 4.047971e+01
2.215100e+04 3.962017e+01
2.215200e+04 4.004403e+01
2.215300e+04 3.965060e+01
2.215400e+04 4.040404e+01
2.215500e+04 4.013380e+01
2.215600e+04 3.820249e+01
2.215700e+04 4.018063e+01
2.215800e+04 3.828528e+01
2.215900e+04 3.864766e+01
2.216000e+04 3.971622e+01
2.216100e+04 3.954282e+01
2.216200e+04 4.058825e+01
2.216300e+04 3.625334e+01
2.216400e+04 4.086913e+01
2.216500e+04 4.103905e+01
2.216600e+04 4.028246e+01
2.216700e+04 3.876570e+01
2.216800e+04 3.708516e+01
2.216900e+04 4.005366e+01
2.217000e+04 4.011513e+01
2.217100e+04 3.992418e+01
2.217200e+04 3.964934e+01
2.217300e+04 3.767405e+01
2.217400e+04 3.889410e+01
2.217500e+04 3.981678e+01
2.217600e+04 4.006279e+01
2.217700e+04 3.816028e+01
2.217800e+04 3.884837e+01
2.217900e+04 3.993005e+01
2.218000e+04 3.964524e+01
2.218100e+04 3.997107e+01
2.218200e+04 4.034750e+01
2.218300e+04 3.998247e+01
2.218400e+04 4.075410e+01
2.218500e+04 4.122584e+01
2.218600e+04 3.947278e+01
2.218700e+04 4.019407e+01
2.218800e+04 3.879433e+01
2.218900e+04 3.953512e+01
2.219000e+04 3.859037e+01
2.219100e+04 3.887292e+01
2.219200e+04 3.946858e+01
2.219300e+04 3.719801e+01
2.219400e+04 3.967407e+01
2.219500e+04 3.969900e+01
2.219600e+04 3.864104e+01
2.219700e+04 3.943154e+01
2.219800e+04 3.886573e+01
2.219900e+04 3.931055e+01
2.220000e+04 3.921233e+01
2.220100e+04 4.029194e+01
2.220200e+04 3.753137e+01
2.220300e+04 3.854574e+01
2.220400e+04 3.913247e+01
2.220500e+04 3.887490e+01
2.220600e+04 3.889996e+01
2.220700e+04 3.954900e+01
2.220800e+04 4.005592e+01
2.220900e+04 3.849928e+01
2.221000e+04 4.005314e+01
2.221100e+04 3.881282e+01
2.221200e+04 3.659622e+01
2.221300e+04 3.730611e+01
2.221400e+04 3.947818e+01
2.221500e+04 3.894260e+01
2.221600e+04 3.840970e+01
2.221700e+04 3.400859e+01
2.221800e+04 3.771489e+01
2.221900e+04 3.984788e+01
2.222000e+04 3.970717e+01
2.222100e+04 3.996823e+01
2.222200e+04 3.840307e+01
2.222300e+04 4.026488e+01
2.222400e+04 3.964798e+01
2.222500e+04 3.993502e+01
2.222600e+04 4.005561e+01
2.222700e+04 3.920435e+01
2.222800e+04 4.081542e+01
2.222900e+04 3.937489e+01
2.223000e+04 4.000980e+01
2.223100e+04 3.824022e+01
2.223200e+04 3.857308e+01
2.223300e+04 4.038989e+01
2.223400e+04 3.869729e+01
2.223500e+04 3.943757e+01
2.223600e+04 3.802937e+01
2.223700e+04 3.849391e+01
2.223800e+04 3.836691e+01
2.223900e+04 3.409401e+01
2.224000e+04 3.928521e+01
2.224100e+04 3.965024e+01
2.224200e+04 3.998338e+01
2.224300e+04 4.044664e+01
2.224400e+04 4.086787e+01
2.224500e+04 3.987741e+01
2.224600e+04 3.951211e+01
2.224700e+04 3.981005e+01
2.224800e+04 4.028810e+01
2.224900e+04 4.057689e+01
2.225000e+04 4.018933e+01
2.225100e+04 3.969757e+01
2.225200e+04 4.019959e+01
2.225300e+04 3.905659e+01
2.225400e+04 3.938127e+01
2.225500e+04 4.046469e+01
2.225600e+04 4.056319e+01
2.225700e+04 3.923376e+01
2.225800e+04 4.076659e+01
2.225900e+04 4.019647e+01
2.226000e+04 3.940104e+01
2.226100e+04 3.924796e+01
2.226200e+04 3.920215e+01
2.226300e+04 3.980759e+01
2.226400e+04 3.874645e+01
2.226500e+04 3.794672e+01
2.226600e+04 3.932571e+01
2.226700e+04 3.801032e+01
2.226800e+04 3.910094e+01
2.226900e+04 3.998399e+01
2.227000e+04 3.904119e+01
2.227100e+04 3.906978e+01
2.227200e+04 4.009043e+01
2.227300e+04 3.676394e+01
2.227400e+04 3.880135e+01
2.227500e+04 3.821680e+01
2.227600e+04 3.728889e+01
2.227700e+04 4.017279e+01
2.227800e+04 3.870354e+01
2.227900e+04 3.819691e+01
2.228000e+04 3.460123e+01
2.228100e+04 3.808338e+01
2.228200e+04 3.836634e+01
2.228300e+04 3.774757e+01
2.228400e+04 3.864974e+01
2.228500e+04 3.895963e+01
2.228600e+04 3.895530e+01
2.228700e+04 3.644641e+01
2.228800e+04 3.896357e+01
2.228900e+04 3.646124e+01
2.229000e+04 3.796217e+01
2.229100e+04 3.796653e+01
2.229200e+04 3.843023e+01
2.229300e+04 3.958551e+01
2.229400e+04 4.011162e+01
2.229500e+04 3.779363e+01
2.229600e+04 3.933553e+01
2.229700e+04 3.986924e+01
2.229800e+04 3.854553e+01
2.229900e+04 3.870906e+01
2.230000e+04 3.880406e+01
2.230100e+04 3.942952e+01
2.230200e+04 3.750371e+01
2.230300e+04 3.961514e+01
2.230400e+04 3.795987e+01
2.230500e+04 3.662084e+01
2.230600e+04 3.986953e+01
2.230700e+04 3.985602e+01
2.230800e+04 4.060955e+01
2.230900e+04 4.030506e+01
2.231000e+04 3.927267e+01
2.231100e+04 3.919733e+01
2.231200e+04 4.016608e+01
2.231300e+04 3.920521e+01
2.231400e+04 3.853171e+01
2.231500e+04 3.955254e+01
2.231600e+04 3.874027e+01
2.231700e+04 3.596148e+01
2.231800e+04 3.746056e+01
2.231900e+04 3.910700e+01
2.232000e+04 3.950283e+01
2.232100e+04 4.024142e+01
2.232200e+04 3.977876e+01
2.232300e+04 3.970353e+01
2.232400e+04 3.842380e+01
2.232500e+04 3.909390e+01
2.232600e+04 4.032834e+01
2.232700e+04 4.018950e+01
2.232800e+04 3.831286e+01
2.232900e+04 3.905745e+01
2.233000e+04 3.838785e+01
2.233100e+04 3.956232e+01
2.233200e+04 3.874341e+01
2.233300e+04 3.623085e+01
2.233400e+04 3.857489e+01
2.233500e+04 3.926079e+01
2.233600e+04 3.930292e+01
2.233700e+04 3.885152e+01
2.233800e+04 3.857513e+01
2.233900e+04 3.795044e+01
2.234000e+04 3.913637e+01
2.234100e+04 3.887940e+01
2.234200e+04 3.951347e+01
2.234300e+04 3.919595e+01
2.234400e+04 3.900286e+01
2.234500e+04 3.894169e+01
2.234600e+04 3.761222e+01
2.234700e+04 3.934437e+01
2.234800e+04 3.756312e+01
2.234900e+04 3.752677e+01
2.235000e+04 3.923014e+01
2.235100e+04 3.925763e+01
2.235200e+04 3.997454e+01
2.235300e+04 3.831099e+01
2.235400e+04 3.803445e+01
2.235500e+04 3.925648e+01
2.235600e+04 3.844081e+01
2.235700e+04 3.970782e+01
2.235800e+04 3.771328e+01
2.235900e+04 3.878638e+01
2.236000e+04 3.938641e+01
2.236100e+04 3.943489e+01
2.236200e+04 3.798639e+01
2.236300e+04 3.920121e+01
2.236400e+04 3.649962e+01
2.236500e+04 3.852329e+01
2.236600e+04 3.874221e+01
2.236700e+04 3.926362e+01
2.236800e+04 3.953174e+01
2.236900e+04 3.983398e+01
2.237000e+04 3.951414e+01
2.237100e+04 3.962614e+01
2.237200e+04 3.910594e+01
2.237300e+04 3.979077e+01
2.237400e+04 3.928951e+01
2.237500e+04 3.963615e+01
2.237600e+04 3.884128e+01
2.237700e+04 3.888353e+01
2.237800e+04 3.914943e+01
2.237900e+04 3.899104e+01
2.238000e+04 3.926141e+01
2.238100e+04 3.894538e+01
2.238200e+04 3.963948e+01
2.238300e+04 3.845284e+01
2.238400e+04 3.945184e+01
2.238500e+04 3.889326e+01
2.238600e+04 3.858752e+01
2.238700e+04 3.770845e+01
2.238800e+04 3.960919e+01
2.238900e+04 3.904300e+01
2.239000e+04 3.675988e+01
2.239100e+04 3.901324e+01
2.239200e+04 3.860962e+01
2.239300e+04 3.954005e+01
2.239400e+04 4.026559e+01
2.239500e+04 3.975012e+01
2.239600e+04 3.950535e+01
2.239700e+04 3.926189e+01
2.239800e+04 3.995357e+01
2.239900e+04 3.981491e+01
2.240000e+04 3.882446e+01
2.240100e+04 3.652237e+01
2.240200e+04 3.932447e+01
2.240300e+04 3.790952e+01
2.240400e+04 3.937955e+01
2.240500e+04 3.943290e+01
2.240600e+04 3.991179e+01
2.240700e+04 3.939108e+01
2.240800e+04 3.890882e+01
2.240900e+04 4.025502e+01
2.241000e+04 3.973638e+01
2.241100e+04 3.878476e+01
2.241200e+04 3.983052e+01
2.241300e+04 3.898167e+01
2.241400e+04 3.891115e+01
2.241500e+04 3.941622e+01
2.241600e+04 3.937636e+01
2.241700e+04 3.923369e+01
2.241800e+04 3.724258e+01
2.241900e+04 3.639124e+01
2.242000e+04 3.943059e+01
2.242100e+04 3.886148e+01
2.242200e+04 3.828683e+01
2.242300e+04 3.967461e+01
2.242400e+04 3.955562e+01
2.242500e+04 3.907954e+01
2.242600e+04 3.914689e+01
2.242700e+04 3.719903e+01
2.242800e+04 3.787346e+01
2.242900e+04 3.938836e+01
2.243000e+04 3.961092e+01
2.243100e+04 3.681767e+01
2.243200e+04 3.944290e+01
2.243300e+04 3.908365e+01
2.243400e+04 3.877159e+01
2.243500e+04 3.755774e+01
2.243600e+04 3.706645e+01
2.243700e+04 3.887225e+01
2.243800e+04 4.009507e+01
2.243900e+04 4.036244e+01
2.244000e+04 3.997979e+01
2.244100e+04 3.835344e+01
2.244200e+04 3.727847e+01
2.244300e+04 3.845490e+01
2.244400e+04 3.790711e+01
2.244500e+04 3.944058e+01
2.244600e+04 3.948590e+01
2.244700e+04 4.016708e+01
2.244800e+04 3.628218e+01
2.244900e+04 3.844497e+01
2.245000e+04 3.649599e+01
2.245100e+04 3.815372e+01
2.245200e+04 3.871238e+01
2.245300e+04 4.031656e+01
2.245400e+04 3.985934e+01
2.245500e+04 3.977297e+01
2.245600e+04 3.900759e+01
2.245700e+04 3.965849e+01
2.245800e+04 3.953359e+01
2.245900e+04 3.921937e+01
2.246000e+04 3.925959e+01
2.246100e+04 3.771565e+01
2.246200e+04 3.962631e+01
2.246300e+04 3.841888e+01
2.246400e+04 3.828682e+01
2.246500e+04 3.886054e+01
2.246600e+04 3.889331e+01
2.246700e+04 3.638205e+01
2.246800e+04 3.905693e+01
2.246900e+04 3.922307e+01
2.247000e+04 3.947578e+01
2.247100e+04 3.920096e+01
2.247200e+04 3.981662e+01
2.247300e+04 3.837278e+01
2.247400e+04 3.833610e+01
2.247500e+04 3.908251e+01
2.247600e+04 3.767098e+01
2.247700e+04 3.831620e+01
2.247800e+04 3.913547e+01
2.247900e+04 3.993313e+01
2.248000e+04 3.932856e+01
2.248100e+04 3.827540e+01
2.248200e+04 3.940980e+01
2.248300e+04 3.519513e+01
2.248400e+04 3.863182e+01
2.248500e+04 3.965122e+01
2.248600e+04 3.850658e+01
2.248700e+04 3.982168e+01
2.248800e+04 3.935344e+01
2.248900e+04 4.004618e+01
2.249000e+04 3.922770e+01
2.249100e+04 3.980494e+01
2.249200e+04 3.939797e+01
2.249300e+04 3.867619e+01
2.249400e+04 3.812148e+01
2.249500e+04 3.893600e+01
2.249600e+04 3.996981e+01
2.249700e+04 3.790485e+01
2.249800e+04 3.834668e+01
2.249900e+04 3.900868e+01
2.250000e+04 3.944418e+01
2.250100e+04 3.567962e+01
2.250200e+04 3.943676e+01
2.250300e+04 3.693934e+01
2.250400e+04 3.883091e+01
2.250500e+04 3.680015e+01
2.250600e+04 3.991346e+01
2.250700e+04 3.868609e+01
2.250800e+04 3.905010e+01
2.250900e+04 3.748040e+01
2.251000e+04 3.917207e+01
2.251100e+04 3.947552e+01
2.251200e+04 3.902923e+01
2.251300e+04 3.946584e+01
2.251400e+04 3.990886e+01
2.251500e+04 3.940475e+01
2.251600e+04 3.950970e+01
2.251700e+04 3.641478e+01
2.251800e+04 3.951676e+01
2.251900e+04 3.753885e+01
2.252000e+04 3.854439e+01
2.252100e+04 3.945178e+01
2.252200e+04 3.809500e+01
2.252300e+04 3.880970e+01
2.252400e+04 3.818601e+01
2.252500e+04 3.905891e+01
2.252600e+04 3.963754e+01
2.252700e+04 3.892976e+01
2.252800e+04 3.614741e+01
2.252900e+04 3.774111e+01
2.253000e+04 3.937567e+01
2.253100e+04 3.966270e+01
2.253200e+04 3.866659e+01
2.253300e+04 3.964740e+01
2.253400e+04 3.890978e+01
2.253500e+04 3.904438e+01
2.253600e+04 3.831707e+01
2.253700e+04 3.657213e+01
2.253800e+04 3.933091e+01
2.253900e+04 3.899304e+01
2.254000e+04 3.917302e+01
2.254100e+04 3.927971e+01
2.254200e+04 3.852187e+01
2.254300e+04 3.895277e+01
2.254400e+04 3.767155e+01
2.254500e+04 3.748530e+01
2.254600e+04 3.767593e+01
2.254700e+04 3.853918e+01
2.254800e+04 3.894482e+01
2.254900e+04 3.711964e+01
2.255000e+04 3.638937e+01
2.255100e+04 3.829658e+01
2.255200e+04 3.893788e+01
2.255300e+04 3.727178e+01
2.255400e+04 3.876818e+01
2.255500e+04 3.905546e+01
2.255600e+04 3.916427e+01
2.255700e+04 3.873641e+01
2.255800e+04 3.924785e+01
2.255900e+04 3.646968e+01
2.256000e+04 3.882134e+01
2.256100e+04 3.856584e+01
2.256200e+04 3.936125e+01
2.256300e+04 3.935907e+01
2.256400e+04 3.740068e+01
2.256500e+04 3.852646e+01
2.256600e+04 3.891646e+01
2.256700e+04 3.904172e+01
2.256800e+04 3.980662e+01
2.256900e+04 3.933904e+01
2.257000e+04 3.913951e+01
2.257100e+04 3.842701e+01
2.257200e+04 3.902729e+01
2.257300e+04 3.889555e+01
2.257400e+04 3.787348e+01
2.257500e+04 3.772899e+01
2.257600e+04 3.784164e+01
2.257700e+04 3.835364e+01
2.257800e+04 3.663111e+01
2.257900e+04 3.534719e+01
2.258000e+04 3.870973e+01
2.258100e+04 3.832906e+01
2.258200e+04 3.917075e+01
2.258300e+04 3.920862e+01
2.258400e+04 3.742266e+01
2.258500e+04 3.861516e+01
2.258600e+04 3.677130e+01
2.258700e+04 3.865954e+01
2.258800e+04 3.866573e+01
2.258900e+04 3.916558e+01
2.259000e+04 3.894760e+01
2.259100e+04 3.917484e+01
2.259200e+04 3.767040e+01
2.259300e+04 3.697247e+01
2.259400e+04 3.820691e+01
2.259500e+04 3.805800e+01
2.259600e+04 3.811749e+01
2.259700e+04 3.838062e+01
2.259800e+04 3.915403e+01
2.259900e+04 3.909301e+01
2.260000e+04 3.895345e+01
2.260100e+04 3.767296e+01
2.260200e+04 3.862720e+01
2.260300e+04 3.755987e+01
2.260400e+04 3.721465e+01
2.260500e+04 3.815006e+01
2.260600e+04 3.762916e+01
2.260700e+04 3.836647e+01
2.260800e+04 3.876444e+01
2.260900e+04 3.816451e+01
2.261000e+04 3.791296e+01
2.261100e+04 3.867014e+01
2.261200e+04 3.836999e+01
2.261300e+04 3.647369e+01
2.261400e+04 3.574135e+01
2.261500e+04 3.707630e+01
2.261600e+04 3.808566e+01
2.261700e+04 3.782807e+01
2.261800e+04 3.818457e+01
2.261900e+04 3.812400e+01
2.262000e+04 3.789598e+01
2.262100e+04 3.665185e+01
2.262200e+04 3.806417e+01
2.262300e+04 3.846899e+01
2.262400e+04 3.753087e+01
2.262500e+04 3.835293e+01
2.262600e+04 3.681516e+01
2.262700e+04 3.699968e+01
2.262800e+04 3.746787e+01
2.262900e+04 3.804643e+01
2.263000e+04 3.739781e+01
2.263100e+04 3.530452e+01
2.263200e+04 3.258569e+01
2.263300e+04 3.683656e+01
2.263400e+04 3.766225e+01
2.263500e+04 3.794779e+01
2.263600e+04 3.910609e+01
2.263700e+04 3.900556e+01
2.263800e+04 3.685398e+01
2.263900e+04 3.587419e+01
2.264000e+04 3.922224e+01
2.264100e+04 3.810387e+01
2.264200e+04 3.726294e+01
2.264300e+04 3.792021e+01
2.264400e+04 3.731186e+01
2.264500e+04 3.895635e+01
2.264600e+04 3.835982e+01
2.264700e+04 3.447760e+01
2.264800e+04 3.826560e+01
2.264900e+04 3.577784e+01
2.265000e+04 3.897260e+01
2.265100e+04 3.831462e+01
2.265200e+04 3.865584e+01
2.265300e+04 3.857975e+01
2.265400e+04 3.758964e+01
2.265500e+04 3.718493e+01
2.265600e+04 3.687256e+01
2.265700e+04 3.458704e+01
2.265800e+04 3.569657e+01
2.265900e+04 3.742484e+01
2.266000e+04 3.719495e+01
2.266100e+04 3.782717e+01
2.266200e+04 3.848743e+01
2.266300e+04 3.752629e+01
2.266400e+04 3.709628e+01
2.266500e+04 3.753878e+01
2.266600e+04 3.812583e+01
2.266700e+04 3.778337e+01
2.266800e+04 3.789911e+01
2.266900e+04 3.686858e+01
2.267000e+04 3.904373e+01
2.267100e+04 3.811065e+01
2.267200e+04 3.786165e+01
2.267300e+04 3.814105e+01
2.267400e+04 3.908088e+01
2.267500e+04 3.824838e+01
2.267600e+04 3.803404e+01
2.267700e+04 3.640270e+01
2.267800e+04 3.878775e+01
2.267900e+04 3.904486e+01
2.268000e+04 3.848731e+01
2.268100e+04 3.869466e+01
2.268200e+04 3.721517e+01
2.268300e+04 3.876564e+01
2.268400e+04 3.848694e+01
2.268500e+04 3.926429e+01
2.268600e+04 3.905319e+01
2.268700e+04 3.765050e+01
2.268800e+04 3.541083e+01
2.268900e+04 3.755327e+01
2.269000e+04 3.842931e+01
2.269100e+04 3.878659e+01
2.269200e+04 3.755219e+01
2.269300e+04 3.883186e+01
2.269400e+04 3.887300e+01
2.269500e+04 3.815746e+01
2.269600e+04 3.692341e+01
2.269700e+04 3.798316e+01
2.269800e+04 3.854299e+01
2.269900e+04 3.801616e+01
2.270000e+04 3.839441e+01
2.270100e+04 3.857320e+01
2.270200e+04 3.708062e+01
2.270300e+04 3.507654e+01
2.270400e+04 3.608079e+01
2.270500e+04 3.826589e+01
2.270600e+04 3.835132e+01
2.270700e+04 3.845925e+01
2.270800e+04 3.824041e+01
2.270900e+04 3.464979e+01
2.271000e+04 3.840558e+01
2.271100e+04 3.863560e+01
2.271200e+04 3.816864e+01
2.271300e+04 3.846918e+01
2.271400e+04 3.836476e+01
2.271500e+04 3.700022e+01
2.271600e+04 3.755741e+01
2.271700e+04 3.793284e+01
2.271800e+04 3.841389e+01
2.271900e+04 3.829856e+01
2.272000e+04 3.627136e+01
2.272100e+04 3.704162e+01
2.272200e+04 3.789319e+01
2.272300e+04 3.863174e+01
2.272400e+04 3.758660e+01
2.272500e+04 3.591799e+01
2.272600e+04 3.864177e+01
2.272700e+04 3.823661e+01
2.272800e+04 3.852707e+01
2.272900e+04 3.833080e+01
2.273000e+04 3.682286e+01
2.273100e+04 3.777332e+01
2.273200e+04 3.886734e+01
2.273300e+04 3.748868e+01
2.273400e+04 3.765107e+01
2.273500e+04 3.764137e+01
2.273600e+04 3.882042e+01
2.273700e+04 3.887318e+01
2.273800e+04 3.808880e+01
2.273900e+04 3.787617e+01
2.274000e+04 3.592416e+01
2.274100e+04 3.800685e+01
2.274200e+04 3.701640e+01
2.274300e+04 3.815188e+01
2.274400e+04 3.801595e+01
2.274500e+04 3.672632e+01
2.274600e+04 3.713272e+01
2.274700e+04 3.505562e+01
2.274800e+04 3.881507e+01
2.274900e+04 3.824641e+01
2.275000e+04 3.857583e+01
2.275100e+04 3.831898e+01
2.275200e+04 3.888004e+01
2.275300e+04 3.825258e+01
2.275400e+04 3.821568e+01
2.275500e+04 3.885216e+01
2.275600e+04 3.841162e+01
2.275700e+04 3.782916e+01
2.275800e+04 3.869417e+01
2.275900e+04 3.806726e+01
2.276000e+04 3.756953e+01
2.276100e+04 3.662700e+01
2.276200e+04 3.712827e+01
2.276300e+04 3.680302e+01
2.276400e+04 3.890864e+01
2.276500e+04 3.889371e+01
2.276600e+04 3.860796e+01
2.276700e+04 3.688553e+01
2.276800e+04 3.831785e+01
2.276900e+04 3.862493e+01
2.277000e+04 3.842897e+01
2.277100e+04 3.801753e+01
2.277200e+04 3.732790e+01
2.277300e+04 3.819938e+01
2.277400e+04 3.807847e+01
2.277500e+04 3.835541e+01
2.277600e+04 3.739731e+01
2.277700e+04 3.836783e+01
2.277800e+04 3.700563e+01
2.277900e+04 3.726010e+01
2.278000e+04 3.792803e+01
2.278100e+04 3.879066e+01
2.278200e+04 3.868199e+01
2.278300e+04 3.742895e+01
2.278400e+04 3.812410e+01
2.278500e+04 3.803786e+01
2.278600e+04 3.630975e+01
2.278700e+04 3.630613e+01
2.278800e+04 3.719898e+01
2.278900e+04 3.812333e+01
2.279000e+04 3.811975e+01
2.279100e+04 3.446031e+01
2.279200e+04 3.792579e+01
2.279300e+04 3.838645e+01
2.279400e+04 3.577378e+01
2.279500e+04 3.836090e+01
2.279600e+04 3.746015e+01
2.279700e+04 3.878960e+01
2.279800e+04 3.757431e+01
2.279900e+04 3.854419e+01
2.280000e+04 3.815117e+01
2.280100e+04 3.585077e+01
2.280200e+04 3.620910e+01
2.280300e+04 3.704479e+01
2.280400e+04 3.697666e+01
2.280500e+04 3.827978e+01
2.280600e+04 3.858318e+01
2.280700e+04 3.526924e+01
2.280800e+04 3.387280e+01
2.280900e+04 3.608696e+01
2.281000e+04 3.691539e+01
2.281100e+04 3.844297e+01
2.281200e+04 3.726218e+01
2.281300e+04 3.837546e+01
2.281400e+04 3.855446e+01
2.281500e+04 3.821178e+01
2.281600e+04 3.834000e+01
2.281700e+04 3.767837e+01
2.281800e+04 3.751758e+01
2.281900e+04 3.803654e+01
2.282000e+04 3.766988e+01
2.282100e+04 3.779371e+01
2.282200e+04 3.742897e+01
2.282300e+04 3.686051e+01
2.282400e+04 3.787251e+01
2.282500e+04 3.773469e+01
2.282600e+04 3.690320e+01
2.282700e+04 3.470712e+01
2.282800e+04 3.562204e+01
2.282900e+04 3.707563e+01
2.283000e+04 3.761885e+01
2.283100e+04 3.632547e+01
2.283200e+04 3.504532e+01
2.283300e+04 3.709100e+01
2.283400e+04 3.739846e+01
2.283500e+04 3.820811e+01
2.283600e+04 3.783339e+01
2.283700e+04 3.795641e+01
2.283800e+04 3.743755e+01
2.283900e+04 3.598883e+01
2.284000e+04 3.636249e+01
2.284100e+04 3.769177e+01
2.284200e+04 3.786732e+01
2.284300e+04 3.770454e+01
2.284400e+04 3.745799e+01
2.284500e+04 3.228445e+01
2.284600e+04 3.712965e+01
2.284700e+04 3.699947e+01
2.284800e+04 3.660866e+01
2.284900e+04 3.792411e+01
2.285000e+04 3.738960e+01
2.285100e+04 3.832569e+01
2.285200e+04 3.862152e+01
2.285300e+04 3.754223e+01
2.285400e+04 3.784721e+01
2.285500e+04 3.743341e+01
2.285600e+04 3.840942e+01
2.285700e+04 3.577817e+01
2.285800e+04 3.793610e+01
2.285900e+04 3.707920e+01
2.286000e+04 3.744195e+01
2.286100e+04 3.781364e+01
2.286200e+04 3.703017e+01
2.286300e+04 3.791164e+01
2.286400e+04 3.832134e+01
2.286500e+04 3.850962e+01
2.286600e+04 3.788794e+01
2.286700e+04 3.815614e+01
2.286800e+04 3.707519e+01
2.286900e+04 3.676984e+01
2.287000e+04 3.742261e+01
2.287100e+04 3.730976e+01
2.287200e+04 3.857315e+01
2.287300e+04 3.905413e+01
2.287400e+04 3.673945e+01
2.287500e+04 3.747327e+01
2.287600e+04 3.757319e+01
2.287700e+04 3.637360e+01
2.287800e+04 3.716669e+01
2.287900e+04 3.793055e+01
2.288000e+04 3.772115e+01
2.288100e+04 3.806893e+01
2.288200e+04 3.846684e+01
2.288300e+04 3.811784e+01
2.288400e+04 3.810339e+01
2.288500e+04 3.690932e+01
2.288600e+04 3.675089e+01
2.288700e+04 3.703292e+01
2.288800e+04 3.767779e+01
2.288900e+04 3.779965e+01
2.289000e+04 3.683892e+01
2.289100e+04 3.730343e+01
2.289200e+04 3.743964e+01
2.289300e+04 3.709958e+01
2.289400e+04 3.727766e+01
2.289500e+04 3.677231e+01
2.289600e+04 3.805470e+01
2.289700e+04 3.638335e+01
2.289800e+04 3.815992e+01
2.289900e+04 3.865499e+01
2.290000e+04 3.811747e+01
2.290100e+04 3.830790e+01
2.290200e+04 3.769238e+01
2.290300e+04 3.633922e+01
2.290400e+04 3.737714e+01
2.290500e+04 3.838370e+01
2.290600e+04 3.806046e+01
2.290700e+04 3.675558e+01
2.290800e+04 3.774183e+01
2.290900e+04 3.792324e+01
2.291000e+04 3.779524e+01
2.291100e+04 3.813667e+01
2.291200e+04 3.792037e+01
2.291300e+04 3.576590e+01
2.291400e+04 3.784318e+01
2.291500e+04 3.744401e+01
2.291600e+04 3.757829e+01
2.291700e+04 3.420029e+01
2.291800e+04 3.494289e+01
2.291900e+04 3.685428e+01
2.292000e+04 3.604374e+01
2.292100e+04 3.840788e+01
2.292200e+04 3.734560e+01
2.292300e+04 3.661978e+01
2.292400e+04 3.837357e+01
2.292500e+04 3.691023e+01
2.292600e+04 3.670526e+01
2.292700e+04 3.704341e+01
2.292800e+04 3.795847e+01
2.292900e+04 3.603115e+01
2.293000e+04 3.715479e+01
2.293100e+04 3.400256e+01
2.293200e+04 3.756498e+01
2.293300e+04 3.752753e+01
2.293400e+04 3.645324e+01
2.293500e+04 2.699446e+01
2.293600e+04 2.346763e+01
2.293700e+04 2.730980e+01
2.293800e+04 2.704131e+01
2.293900e+04 2.894606e+01
2.294000e+04 3.093206e+01
2.294100e+04 2.955033e+01
2.294200e+04 2.975982e+01
2.294300e+04 3.244355e+01
2.294400e+04 2.658750e+01
2.294500e+04 3.634523e+01
2.294600e+04 3.128588e+01
2.294700e+04 2.799346e+01
2.294800e+04 3.542872e+01
2.294900e+04 3.356300e+01
2.295000e+04 2.689024e+01
2.295100e+04 3.308184e+01
2.295200e+04 3.594738e+01
2.295300e+04 3.144005e+01
2.295400e+04 2.792247e+01
2.295500e+04 3.630638e+01
2.295600e+04 3.559205e+01
2.295700e+04 3.221502e+01
2.295800e+04 2.753702e+01
2.295900e+04 3.649414e+01
2.296000e+04 3.598505e+01
2.296100e+04 3.647558e+01
2.296200e+04 3.043055e+01
2.296300e+04 2.839669e+01
2.296400e+04 3.533306e+01
2.296500e+04 3.554264e+01
2.296600e+04 3.443560e+01
2.296700e+04 2.982874e+01
2.296800e+04 2.962638e+01
2.296900e+04 3.485835e+01
2.297000e+04 3.333176e+01
2.297100e+04 3.541539e+01
2.297200e+04 3.171665e+01
2.297300e+04 2.746859e+01
2.297400e+04 3.663581e+01
2.297500e+04 3.735955e+01
2.297600e+04 3.674867e+01
2.297700e+04 3.564077e+01
2.297800e+04 2.995384e+01
2.297900e+04 2.915958e+01
2.298000e+04 3.586255e+01
2.298100e+04 3.583969e+01
2.298200e+04 3.695399e+01
2.298300e+04 3.562154e+01
2.298400e+04 3.188655e+01
2.298500e+04 2.837866e+01
2.298600e+04 3.541110e+01
2.298700e+04 3.532360e+01
2.298800e+04 3.677402e+01
2.298900e+04 3.757355e+01
2.299000e+04 3.412474e+01
2.299100e+04 2.621944e+01
2.299200e+04 3.231016e+01
2.299300e+04 3.485588e+01
2.299400e+04 3.682358e+01
2.299500e+04 3.714716e+01
2.299600e+04 3.726702e+01
2.299700e+04 3.567828e+01
2.299800e+04 2.610362e+01
2.299900e+04 3.596642e+01
2.300000e+04 3.687545e+01
2.300100e+04 3.695763e+01
2.300200e+04 3.649659e+01
2.300300e+04 3.740738e+01
2.300400e+04 3.528045e+01
2.300500e+04 2.741497e+01
2.300600e+04 3.122151e+01
2.300700e+04 3.632729e+01
2.300800e+04 3.672818e+01
2.300900e+04 3.656754e+01
2.301000e+04 3.660510e+01
2.301100e+04 3.479253e+01
2.301200e+04 3.348891e+01
2.301300e+04 2.555591e+01
2.301400e+04 3.361732e+01
2.301500e+04 3.509960e+01
2.301600e+04 3.644048e+01
2.301700e+04 3.684864e+01
2.301800e+04 3.674674e+01
2.301900e+04 3.666711e+01
2.302000e+04 3.634796e+01
2.302100e+04 2.738897e+01
2.302200e+04 3.515339e+01
2.302300e+04 3.743011e+01
2.302400e+04 3.660114e+01
2.302500e+04 3.722254e+01
2.302600e+04 3.715054e+01
2.302700e+04 3.638757e+01
2.302800e+04 3.401969e+01
2.302900e+04 3.336569e+01
2.303000e+04 2.665827e+01
2.303100e+04 3.584215e+01
2.303200e+04 3.498835e+01
2.303300e+04 3.701309e+01
2.303400e+04 3.547544e+01
2.303500e+04 3.514071e+01
2.303600e+04 3.626020e+01
2.303700e+04 3.574421e+01
2.303800e+04 3.375423e+01
2.303900e+04 2.554303e+01
2.304000e+04 3.609071e+01
2.304100e+04 3.636288e+01
2.304200e+04 3.714297e+01
2.304300e+04 3.721821e+01
2.304400e+04 3.717901e+01
2.304500e+04 3.729951e+01
2.304600e+04 3.671100e+01
2.304700e+04 3.457701e+01
2.304800e+04 2.589353e+01
2.304900e+04 3.438058e+01
2.305000e+04 3.559884e+01
2.305100e+04 3.535140e+01
2.305200e+04 3.667357e+01
2.305300e+04 3.636281e+01
2.305400e+04 3.515882e+01
2.305500e+04 3.438914e+01
2.305600e+04 3.467295e+01
2.305700e+04 3.453928e+01
2.305800e+04 2.632120e+01
2.305900e+04 3.454775e+01
2.306000e+04 3.593046e+01
2.306100e+04 3.637048e+01
2.306200e+04 3.668455e+01
2.306300e+04 3.673471e+01
2.306400e+04 3.683310e+01
2.306500e+04 3.466298e+01
2.306600e+04 3.471166e+01
2.306700e+04 3.503530e+01
2.306800e+04 2.592654e+01
2.306900e+04 3.466991e+01
2.307000e+04 3.618283e+01
2.307100e+04 3.698411e+01
2.307200e+04 3.713030e+01
2.307300e+04 3.697983e+01
2.307400e+04 3.589251e+01
2.307500e+04 3.638606e+01
2.307600e+04 3.146920e+01
2.307700e+04 3.620087e+01
2.307800e+04 2.899212e+01
2.307900e+04 3.266906e+01
2.308000e+04 3.466506e+01
2.308100e+04 3.659994e+01
2.308200e+04 3.681715e+01
2.308300e+04 3.704644e+01
2.308400e+04 3.590104e+01
2.308500e+04 3.722200e+01
2.308600e+04 3.688688e+01
2.308700e+04 3.597203e+01
2.308800e+04 3.552191e+01
2.308900e+04 2.733055e+01
2.309000e+04 3.305043e+01
2.309100e+04 3.478982e+01
2.309200e+04 3.491031e+01
2.309300e+04 3.700649e+01
2.309400e+04 3.687595e+01
2.309500e+04 3.704672e+01
2.309600e+04 3.268218e+01
2.309700e+04 3.375799e+01
2.309800e+04 3.529464e+01
2.309900e+04 3.543319e+01
2.310000e+04 3.407927e+01
2.310100e+04 2.769981e+01
2.310200e+04 3.633946e+01
2.310300e+04 3.581007e+01
2.310400e+04 3.557008e+01
2.310500e+04 3.423658e+01
2.310600e+04 3.498178e+01
2.310700e+04 3.637990e+01
2.310800e+04 3.575131e+01
2.310900e+04 3.445241e+01
2.311000e+04 3.510502e+01
2.311100e+04 3.251642e+01
2.311200e+04 2.850766e+01
2.311300e+04 3.202691e+01
2.311400e+04 3.681950e+01
2.311500e+04 3.558439e+01
2.311600e+04 3.306260e+01
2.311700e+04 3.491203e+01
2.311800e+04 3.649042e+01
2.311900e+04 3.546500e+01
2.312000e+04 3.691111e+01
2.312100e+04 3.434221e+01
2.312200e+04 3.674261e+01
2.312300e+04 3.534754e+01
2.312400e+04 3.180484e+01
2.312500e+04 2.938067e+01
2.312600e+04 3.534646e+01
2.312700e+04 3.500354e+01
2.312800e+04 3.607245e+01
2.312900e+04 3.545593e+01
2.313000e+04 3.585080e+01
2.313100e+04 3.409485e+01
2.313200e+04 3.587371e+01
2.313300e+04 3.608855e+01
2.313400e+04 3.637355e+01
2.313500e+04 3.678905e+01
2.313600e+04 3.667050e+01
2.313700e+04 2.583113e+01
2.313800e+04 3.486588e+01
2.313900e+04 3.598015e+01
2.314000e+04 3.497016e+01
2.314100e+04 3.106113e+01
2.314200e+04 3.620887e+01
2.314300e+04 3.576031e+01
2.314400e+04 3.637051e+01
2.314500e+04 3.646349e+01
2.314600e+04 3.460708e+01
2.314700e+04 3.283972e+01
2.314800e+04 3.286623e+01
2.314900e+04 3.147606e+01
2.315000e+04 2.404547e+01
2.315100e+04 3.512769e+01
2.315200e+04 3.450519e+01
2.315300e+04 3.627463e+01
2.315400e+04 3.625030e+01
2.315500e+04 3.532133e+01
2.315600e+04 3.633433e+01
2.315700e+04 3.604845e+01
2.315800e+04 3.598411e+01
2.315900e+04 3.594877e+01
2.316000e+04 3.412991e+01
2.316100e+04 3.571078e+01
2.316200e+04 3.486424e+01
2.316300e+04 2.745627e+01
2.316400e+04 3.165609e+01
2.316500e+04 3.245993e+01
2.316600e+04 3.666813e+01
2.316700e+04 3.420447e+01
2.316800e+04 3.637765e+01
2.316900e+04 3.520180e+01
2.317000e+04 3.679785e+01
2.317100e+04 3.482689e+01
2.317200e+04 3.594897e+01
2.317300e+04 3.529711e+01
2.317400e+04 3.560566e+01
2.317500e+04 3.147804e+01
2.317600e+04 3.449902e+01
2.317700e+04 2.629619e+01
2.317800e+04 3.444501e+01
2.317900e+04 3.614724e+01
2.318000e+04 3.674811e+01
2.318100e+04 3.360830e+01
2.318200e+04 3.397198e+01
2.318300e+04 3.570821e+01
2.318400e+04 3.587168e+01
2.318500e+04 3.443347e+01
2.318600e+04 3.669371e+01
2.318700e+04 3.660439e+01
2.318800e+04 3.661291e+01
2.318900e+04 3.575672e+01
2.319000e+04 3.559710e+01
2.319100e+04 2.740630e+01
2.319200e+04 3.321362e+01
2.319300e+04 3.614505e+01
2.319400e+04 3.661526e+01
2.319500e+04 3.673015e+01
2.319600e+04 3.067827e+01
2.319700e+04 3.534254e+01
2.319800e+04 3.699534e+01
2.319900e+04 3.599754e+01
2.320000e+04 3.503005e+01
2.320100e+04 3.714414e+01
2.320200e+04 3.670189e+01
2.320300e+04 3.473101e+01
2.320400e+04 3.376531e+01
2.320500e+04 3.246788e+01
2.320600e+04 2.582393e+01
2.320700e+04 3.529449e+01
2.320800e+04 3.336682e+01
2.320900e+04 3.369479e+01
2.321000e+04 3.379161e+01
2.321100e+04 3.306259e+01
2.321200e+04 3.354327e+01
2.321300e+04 3.626220e+01
2.321400e+04 3.657721e+01
2.321500e+04 3.506145e+01
2.321600e+04 3.519185e+01
2.321700e+04 3.496992e+01
2.321800e+04 3.572425e+01
2.321900e+04 3.564081e+01
2.322000e+04 3.453287e+01
2.322100e+04 2.589385e+01
2.322200e+04 3.285042e+01
2.322300e+04 3.463978e+01
2.322400e+04 3.492996e+01
2.322500e+04 3.574163e+01
2.322600e+04 2.991885e+01
2.322700e+04 2.059776e+01
2.322800e+04 2.472790e+01
2.322900e+04 2.709267e+01
2.323000e+04 2.382551e+01
2.323100e+04 2.957405e+01
2.323200e+04 2.578570e+01
2.323300e+04 3.289524e+01
2.323400e+04 2.726490e+01
2.323500e+04 3.049657e+01
2.323600e+04 2.645757e+01
2.323700e+04 2.700576e+01
2.323800e+04 3.115292e+01
2.323900e+04 3.159693e+01
2.324000e+04 2.823806e+01
2.324100e+04 3.109457e+01
2.324200e+04 3.531134e+01
2.324300e+04 3.056568e+01
2.324400e+04 2.686634e+01
2.324500e+04 3.457344e+01
2.324600e+04 3.562224e+01
2.324700e+04 2.991328e+01
2.324800e+04 2.638120e+01
2.324900e+04 3.161396e+01
2.325000e+04 3.357707e+01
2.325100e+04 2.995397e+01
2.325200e+04 2.401606e+01
2.325300e+04 2.901294e+01
2.325400e+04 3.529207e+01
2.325500e+04 3.494122e+01
2.325600e+04 3.067246e+01
2.325700e+04 2.874657e+01
2.325800e+04 3.096547e+01
2.325900e+04 3.418097e+01
2.326000e+04 3.101161e+01
2.326100e+04 2.851735e+01
2.326200e+04 3.077217e+01
2.326300e+04 2.593823e+01
2.326400e+04 3.285186e+01
2.326500e+04 3.594194e+01
2.326600e+04 3.516533e+01
2.326700e+04 3.130666e+01
2.326800e+04 2.529161e+01
2.326900e+04 3.288968e+01
2.327000e+04 3.421619e+01
2.327100e+04 3.481042e+01
2.327200e+04 3.417995e+01
2.327300e+04 3.147947e+01
2.327400e+04 2.842128e+01
2.327500e+04 3.191980e+01
2.327600e+04 3.590979e+01
2.327700e+04 3.624529e+01
2.327800e+04 3.414909e+01
2.327900e+04 3.171440e+01
2.328000e+04 3.285676e+01
2.328100e+04 2.607734e+01
2.328200e+04 3.341844e+01
2.328300e+04 3.487323e+01
2.328400e+04 3.326258e+01
2.328500e+04 2.691104e+01
2.328600e+04 3.240287e+01
2.328700e+04 3.189724e+01
2.328800e+04 2.516925e+01
2.328900e+04 3.386458e+01
2.329000e+04 3.437164e+01
2.329100e+04 3.132440e+01
2.329200e+04 3.526996e+01
2.329300e+04 3.597586e+01
2.329400e+04 3.199447e+01
2.329500e+04 2.577528e+01
2.329600e+04 3.278290e+01
2.329700e+04 3.640986e+01
2.329800e+04 3.582103e+01
2.329900e+04 3.294609e+01
2.330000e+04 3.469507e+01
2.330100e+04 3.203941e+01
2.330200e+04 2.592513e+01
2.330300e+04 2.589715e+01
2.330400e+04 3.361504e+01
2.330500e+04 2.927376e+01
2.330600e+04 3.126069e+01
2.330700e+04 3.168272e+01
2.330800e+04 3.402281e+01
2.330900e+04 3.406938e+01
2.331000e+04 3.169711e+01
2.331100e+04 2.537602e+01
2.331200e+04 3.244180e+01
2.331300e+04 3.540596e+01
2.331400e+04 3.400478e+01
2.331500e+04 3.440135e+01
2.331600e+04 3.273829e+01
2.331700e+04 3.260472e+01
2.331800e+04 3.477190e+01
2.331900e+04 2.488240e+01
2.332000e+04 2.682719e+01
2.332100e+04 3.477537e+01
2.332200e+04 3.408392e+01
2.332300e+04 3.510826e+01
2.332400e+04 3.541139e+01
2.332500e+04 3.428789e+01
2.332600e+04 3.569285e+01
2.332700e+04 3.530740e+01
2.332800e+04 2.706062e+01
2.332900e+04 2.994006e+01
2.333000e+04 3.481121e+01
2.333100e+04 3.337210e+01
2.333200e+04 3.421457e+01
2.333300e+04 3.438525e+01
2.333400e+04 3.377587e+01
2.333500e+04 3.508077e+01
2.333600e+04 3.418821e+01
2.333700e+04 2.732944e+01
2.333800e+04 2.560890e+01
2.333900e+04 3.458038e+01
2.334000e+04 3.521705e+01
2.334100e+04 3.482807e+01
2.334200e+04 3.248669e+01
2.334300e+04 2.976066e+01
2.334400e+04 3.161247e+01
2.334500e+04 3.275482e+01
2.334600e+04 3.367447e+01
2.334700e+04 2.992437e+01
2.334800e+04 2.489854e+01
2.334900e+04 3.347812e+01
2.335000e+04 3.371304e+01
2.335100e+04 3.242331e+01
2.335200e+04 3.139460e+01
2.335300e+04 3.055844e+01
2.335400e+04 2.748352e+01
2.335500e+04 2.350314e+01
2.335600e+04 2.869645e+01
2.335700e+04 3.030408e+01
2.335800e+04 2.496649e+01
2.335900e+04 3.352339e+01
2.336000e+04 3.339469e+01
2.336100e+04 3.341534e+01
2.336200e+04 3.461766e+01
2.336300e+04 3.285216e+01
2.336400e+04 3.254774e+01
2.336500e+04 3.280716e+01
2.336600e+04 3.327512e+01
2.336700e+04 3.314097e+01
2.336800e+04 2.460517e+01
2.336900e+04 3.003870e+01
2.337000e+04 3.056141e+01
2.337100e+04 3.303918e+01
2.337200e+04 3.422157e+01
2.337300e+04 3.291516e+01
2.337400e+04 2.839700e+01
2.337500e+04 3.379995e+01
2.337600e+04 3.338747e+01
2.337700e+04 3.407345e+01
2.337800e+04 3.036058e+01
2.337900e+04 2.720822e+01
2.338000e+04 2.938146e+01
2.338100e+04 3.125466e+01
2.338200e+04 3.204993e+01
2.338300e+04 3.095525e+01
2.338400e+04 2.744575e+01
2.338500e+04 2.470594e+01
2.338600e+04 2.419477e+01
2.338700e+04 2.827625e+01
2.338800e+04 3.105049e+01
2.338900e+04 3.210435e+01
2.339000e+04 2.943418e+01
2.339100e+04 2.456522e+01
2.339200e+04 3.232729e+01
2.339300e+04 2.871057e+01
2.339400e+04 3.028276e+01
2.339500e+04 3.357064e+01
2.339600e+04 3.462724e+01
2.339700e+04 3.192474e+01
2.339800e+04 3.266983e+01
2.339900e+04 3.303605e+01
2.340000e+04 3.474092e+01
2.340100e+04 3.276557e+01
2.340200e+04 3.007531e+01
2.340300e+04 2.636123e+01
2.340400e+04 2.907031e+01
2.340500e+04 3.256460e+01
2.340600e+04 3.342848e+01
2.340700e+04 3.310438e+01
2.340800e+04 3.491810e+01
2.340900e+04 3.536809e+01
2.341000e+04 3.461612e+01
2.341100e+04 2.742502e+01
2.341200e+04 3.261891e+01
2.341300e+04 3.086825e+01
2.341400e+04 3.421270e+01
2.341500e+04 2.450404e+01
2.341600e+04 2.935656e+01
2.341700e+04 3.115963e+01
2.341800e+04 3.220560e+01
2.341900e+04 3.521088e+01
2.342000e+04 3.299303e+01
2.342100e+04 3.549972e+01
2.342200e+04 3.385032e+01
2.342300e+04 3.514912e+01
2.342400e+04 3.489872e+01
2.342500e+04 3.556179e+01
2.342600e+04 3.532404e+01
2.342700e+04 2.902257e+01
2.342800e+04 2.768784e+01
2.342900e+04 3.340418e+01
2.343000e+04 3.493374e+01
2.343100e+04 3.311532e+01
2.343200e+04 3.451391e+01
2.343300e+04 3.148516e+01
2.343400e+04 3.506613e+01
2.343500e+04 2.986376e+01
2.343600e+04 3.430539e+01
2.343700e+04 3.052969e+01
2.343800e+04 3.320707e+01
2.343900e+04 3.050537e+01
2.344000e+04 3.213702e+01
2.344100e+04 2.581126e+01
2.344200e+04 3.456246e+01
2.344300e+04 3.355556e+01
2.344400e+04 3.188858e+01
2.344500e+04 2.910380e+01
2.344600e+04 3.398271e+01
2.344700e+04 2.817307e+01
2.344800e+04 2.842613e+01
2.344900e+04 3.297417e+01
2.345000e+04 2.919186e+01
2.345100e+04 3.415173e+01
2.345200e+04 3.451632e+01
2.345300e+04 2.893829e+01
2.345400e+04 2.412784e+01
2.345500e+04 2.835821e+01
2.345600e+04 3.498584e+01
2.345700e+04 3.463946e+01
2.345800e+04 3.486440e+01
2.345900e+04 3.391205e+01
2.346000e+04 3.527686e+01
2.346100e+04 3.448596e+01
2.346200e+04 3.443650e+01
2.346300e+04 3.416535e+01
2.346400e+04 3.042839e+01
2.346500e+04 3.434915e+01
2.346600e+04 3.511619e+01
2.346700e+04 3.448586e+01
2.346800e+04 2.458382e+01
2.346900e+04 2.966407e+01
2.347000e+04 3.391971e+01
2.347100e+04 3.338564e+01
2.347200e+04 3.492011e+01
2.347300e+04 3.308607e+01
2.347400e+04 3.465138e+01
2.347500e+04 3.204669e+01
2.347600e+04 2.945960e+01
2.347700e+04 3.339605e+01
2.347800e+04 3.210325e+01
2.347900e+04 3.497695e+01
2.348000e+04 3.515895e+01
2.348100e+04 3.411602e+01
2.348200e+04 2.765861e+01
2.348300e+04 2.976170e+01
2.348400e+04 3.436803e+01
2.348500e+04 3.394688e+01
2.348600e+04 3.298731e+01
2.348700e+04 3.421977e+01
2.348800e+04 3.363931e+01
2.348900e+04 3.369110e+01
2.349000e+04 3.471744e+01
2.349100e+04 3.367441e+01
2.349200e+04 3.344293e+01
2.349300e+04 3.386433e+01
2.349400e+04 3.208172e+01
2.349500e+04 2.972539e+01
2.349600e+04 3.329826e+01
2.349700e+04 2.460301e+01
2.349800e+04 3.155479e+01
2.349900e+04 3.347852e+01
2.350000e+04 3.317673e+01
2.350100e+04 3.396243e+01
2.350200e+04 3.466285e+01
2.350300e+04 3.280320e+01
2.350400e+04 3.184063e+01
2.350500e+04 3.323637e+01
2.350600e+04 3.323001e+01
2.350700e+04 3.172491e+01
2.350800e+04 3.259863e+01
2.350900e+04 3.193125e+01
2.351000e+04 3.082064e+01
2.351100e+04 3.093282e+01
2.351200e+04 2.588492e+01
2.351300e+04 3.023625e+01
2.351400e+04 3.456412e+01
2.351500e+04 2.998144e+01
2.351600e+04 2.882627e+01
2.351700e+04 2.687309e+01
2.351800e+04 3.351284e+01
2.351900e+04 3.331530e+01
2.352000e+04 3.311097e+01
2.352100e+04 3.325179e+01
2.352200e+04 3.367863e+01
2.352300e+04 3.168669e+01
2.352400e+04 2.738712e+01
2.352500e+04 2.149122e+01
2.352600e+04 2.385605e+01
2.352700e+04 2.532210e+01
2.352800e+04 2.121435e+01
2.352900e+04 2.383134e+01
2.353000e+04 3.026875e+01
2.353100e+04 2.862728e+01
2.353200e+04 2.889919e+01
2.353300e+04 2.749821e+01
2.353400e+04 2.683237e+01
2.353500e+04 3.213857e+01
2.353600e+04 2.847488e+01
2.353700e+04 2.567642e+01
2.353800e+04 3.254721e+01
2.353900e+04 2.626744e+01
2.354000e+04 2.951886e+01
2.354100e+04 2.504395e+01
2.354200e+04 3.014678e+01
2.354300e+04 2.623261e+01
2.354400e+04 2.412216e+01
2.354500e+04 2.679554e+01
2.354600e+04 3.209292e+01
2.354700e+04 2.856092e+01
2.354800e+04 3.232761e+01
2.354900e+04 2.643602e+01
2.355000e+04 3.341420e+01
2.355100e+04 3.041938e+01
2.355200e+04 2.811410e+01
2.355300e+04 3.336318e+01
2.355400e+04 2.502118e+01
2.355500e+04 3.375543e+01
2.355600e+04 3.243309e+01
2.355700e+04 2.975253e+01
2.355800e+04 3.347892e+01
2.355900e+04 2.607519e+01
2.356000e+04 2.659187e+01
2.356100e+04 2.725200e+01
2.356200e+04 3.008844e+01
2.356300e+04 2.880369e+01
2.356400e+04 2.804280e+01
2.356500e+04 2.729671e+01
2.356600e+04 3.342720e+01
2.356700e+04 3.237107e+01
2.356800e+04 3.367086e+01
2.356900e+04 2.954023e+01
2.357000e+04 3.108782e+01
2.357100e+04 2.622945e+01
2.357200e+04 3.205945e+01
2.357300e+04 3.090192e+01
2.357400e+04 3.279564e+01
2.357500e+04 3.073456e+01
2.357600e+04 2.949733e+01
2.357700e+04 2.367251e+01
2.357800e+04 3.250114e+01
2.357900e+04 3.214810e+01
2.358000e+04 3.281119e+01
2.358100e+04 3.112110e+01
2.358200e+04 3.142845e+01
2.358300e+04 3.339379e+01
2.358400e+04 2.449428e+01
2.358500e+04 2.888681e+01
2.358600e+04 2.699781e+01
2.358700e+04 2.989046e+01
2.358800e+04 3.193476e+01
2.358900e+04 2.917112e+01
2.359000e+04 3.220861e+01
2.359100e+04 2.765073e+01
2.359200e+04 2.746633e+01
2.359300e+04 3.244308e+01
2.359400e+04 2.530625e+01
2.359500e+04 2.980868e+01
2.359600e+04 3.348737e+01
2.359700e+04 3.094001e+01
2.359800e+04 3.308995e+01
2.359900e+04 2.584570e+01
2.360000e+04 3.379497e+01
2.360100e+04 3.029953e+01
2.360200e+04 3.318281e+01
2.360300e+04 3.397311e+01
2.360400e+04 3.089250e+01
2.360500e+04 3.028734e+01
2.360600e+04 3.077399e+01
2.360700e+04 2.503918e+01
2.360800e+04 2.793047e+01
2.360900e+04 3.294408e+01
2.361000e+04 3.332125e+01
2.361100e+04 3.294501e+01
2.361200e+04 2.519082e+01
2.361300e+04 3.040355e+01
2.361400e+04 3.009201e+01
2.361500e+04 2.963583e+01
2.361600e+04 2.582232e+01
2.361700e+04 2.845630e+01
2.361800e+04 3.032009e+01
2.361900e+04 3.278477e+01
2.362000e+04 3.363117e+01
2.362100e+04 3.341855e+01
2.362200e+04 3.231523e+01
2.362300e+04 3.096145e+01
2.362400e+04 2.809520e+01
2.362500e+04 2.444135e+01
2.362600e+04 3.138711e+01
2.362700e+04 3.282032e+01
2.362800e+04 3.354461e+01
2.362900e+04 3.299974e+01
2.363000e+04 2.684226e+01
2.363100e+04 2.532373e+01
2.363200e+04 3.099519e+01
2.363300e+04 3.051193e+01
2.363400e+04 2.476963e+01
2.363500e+04 3.307124e+01
2.363600e+04 3.075837e+01
2.363700e+04 3.326425e+01
2.363800e+04 3.407044e+01
2.363900e+04 3.020649e+01
2.364000e+04 3.354453e+01
2.364100e+04 3.354834e+01
2.364200e+04 3.025039e+01
2.364300e+04 3.107337e+01
2.364400e+04 2.479635e+01
2.364500e+04 3.295121e+01
2.364600e+04 3.379868e+01
2.364700e+04 3.199494e+01
2.364800e+04 3.249657e+01
2.364900e+04 2.650822e+01
2.365000e+04 3.417474e+01
2.365100e+04 3.188323e+01
2.365200e+04 3.367350e+01
2.365300e+04 3.053158e+01
2.365400e+04 2.610605e+01
2.365500e+04 2.760902e+01
2.365600e+04 2.918134e+01
2.365700e+04 3.423955e+01
2.365800e+04 3.475042e+01
2.365900e+04 3.475258e+01
2.366000e+04 3.232173e+01
2.366100e+04 2.701316e+01
2.366200e+04 3.428756e+01
2.366300e+04 3.073859e+01
2.366400e+04 3.060705e+01
2.366500e+04 2.496512e+01
2.366600e+04 3.269795e+01
2.366700e+04 3.159309e+01
2.366800e+04 2.798441e+01
2.366900e+04 3.140938e+01
2.367000e+04 3.479501e+01
2.367100e+04 3.322636e+01
2.367200e+04 2.881567e+01
2.367300e+04 2.850137e+01
2.367400e+04 3.271779e+01
2.367500e+04 2.985161e+01
2.367600e+04 2.461642e+01
2.367700e+04 2.892893e+01
2.367800e+04 2.513272e+01
2.367900e+04 3.273749e+01
2.368000e+04 2.612290e+01
2.368100e+04 3.142899e+01
2.368200e+04 3.465805e+01
2.368300e+04 3.142386e+01
2.368400e+04 3.269954e+01
2.368500e+04 3.288701e+01
2.368600e+04 3.171109e+01
2.368700e+04 2.618810e+01
2.368800e+04 2.705618e+01
2.368900e+04 2.644971e+01
2.369000e+04 3.197156e+01
2.369100e+04 3.251981e+01
2.369200e+04 3.289182e+01
2.369300e+04 3.173914e+01
2.369400e+04 3.016809e+01
2.369500e+04 2.919406e+01
2.369600e+04 3.265016e+01
2.369700e+04 3.428857e+01
2.369800e+04 3.379374e+01
2.369900e+04 2.950691e+01
2.370000e+04 2.578349e+01
2.370100e+04 3.279667e+01
2.370200e+04 2.878985e+01
2.370300e+04 3.381533e+01
2.370400e+04 3.366747e+01
2.370500e+04 2.597560e+01
2.370600e+04 3.106125e+01
2.370700e+04 2.754882e+01
2.370800e+04 3.276872e+01
2.370900e+04 3.379978e+01
2.371000e+04 3.401020e+01
2.371100e+04 3.163118e+01
2.371200e+04 2.464365e+01
2.371300e+04 3.048098e+01
2.371400e+04 3.124987e+01
2.371500e+04 3.379514e+01
2.371600e+04 3.296816e+01
2.371700e+04 2.820710e+01
2.371800e+04 3.274893e+01
2.371900e+04 3.153187e+01
2.372000e+04 3.414551e+01
2.372100e+04 3.255444e+01
2.372200e+04 3.307369e+01
2.372300e+04 3.336897e+01
2.372400e+04 3.139773e+01
2.372500e+04 2.389843e+01
2.372600e+04 2.978436e+01
2.372700e+04 2.830718e+01
2.372800e+04 3.305561e+01
2.372900e+04 3.370090e+01
2.373000e+04 3.219634e+01
2.373100e+04 2.666118e+01
2.373200e+04 3.237150e+01
2.373300e+04 3.309555e+01
2.373400e+04 3.106101e+01
2.373500e+04 3.205109e+01
2.373600e+04 3.235726e+01
2.373700e+04 3.249909e+01
2.373800e+04 2.416702e+01
2.373900e+04 3.042998e+01
2.374000e+04 3.165519e+01
2.374100e+04 3.359669e+01
2.374200e+04 3.016061e+01
2.374300e+04 2.902687e+01
2.374400e+04 2.708053e+01
2.374500e+04 3.278642e+01
2.374600e+04 3.384319e+01
2.374700e+04 3.321044e+01
2.374800e+04 2.999633e+01
2.374900e+04 3.098574e+01
2.375000e+04 3.052164e+01
2.375100e+04 3.030435e+01
2.375200e+04 2.767144e+01
2.375300e+04 3.279567e+01
2.375400e+04 3.101650e+01
2.375500e+04 3.023096e+01
2.375600e+04 3.169576e+01
2.375700e+04 2.220919e+01
2.375800e+04 3.024832e+01
2.375900e+04 3.363163e+01
2.376000e+04 3.369886e+01
2.376100e+04 3.204383e+01
2.376200e+04 2.850726e+01
2.376300e+04 3.264718e+01
2.376400e+04 3.141501e+01
2.376500e+04 3.014311e+01
2.376600e+04 2.572956e+01
2.376700e+04 2.889082e+01
2.376800e+04 3.119618e+01
2.376900e+04 2.870363e+01
2.377000e+04 2.786227e+01
2.377100e+04 2.772359e+01
2.377200e+04 3.213786e+01
2.377300e+04 3.259708e+01
2.377400e+04 3.305568e+01
2.377500e+04 3.290711e+01
2.377600e+04 3.278690e+01
2.377700e+04 3.365157e+01
2.377800e+04 3.143551e+01
2.377900e+04 3.215742e+01
2.378000e+04 2.537717e+01
2.378100e+04 3.161447e+01
2.378200e+04 3.079769e+01
2.378300e+04 2.535938e+01
2.378400e+04 3.170677e+01
2.378500e+04 2.993993e+01
2.378600e+04 2.928331e+01
2.378700e+04 3.151145e+01
2.378800e+04 2.618849e+01
2.378900e+04 3.405258e+01
2.379000e+04 3.261974e+01
2.379100e+04 2.914279e+01
2.379200e+04 3.071735e+01
2.379300e+04 2.888553e+01
2.379400e+04 3.111077e+01
2.379500e+04 2.566728e+01
2.379600e+04 3.204293e+01
2.379700e+04 2.914136e+01
2.379800e+04 2.998861e+01
2.379900e+04 2.819807e+01
2.380000e+04 3.175222e+01
2.380100e+04 3.310252e+01
2.380200e+04 3.264104e+01
2.380300e+04 3.310458e+01
2.380400e+04 3.300450e+01
2.380500e+04 3.166586e+01
2.380600e+04 3.303583e+01
2.380700e+04 3.150999e+01
2.380800e+04 2.389331e+01
2.380900e+04 3.033340e+01
2.381000e+04 2.135240e+01
2.381100e+04 2.909188e+01
2.381200e+04 3.076713e+01
2.381300e+04 2.898821e+01
2.381400e+04 3.283389e+01
2.381500e+04 2.856392e+01
2.381600e+04 2.579495e+01
2.381700e+04 2.942477e+01
2.381800e+04 3.153080e+01
2.381900e+04 2.971110e+01
2.382000e+04 3.285986e+01
2.382100e+04 3.383812e+01
2.382200e+04 3.164728e+01
2.382300e+04 2.530304e+01
2.382400e+04 3.068179e+01
2.382500e+04 3.042377e+01
2.382600e+04 2.283977e+01
2.382700e+04 3.017015e+01
2.382800e+04 3.158545e+01
2.382900e+04 2.560202e+01
2.383000e+04 2.068399e+01
2.383100e+04 2.519759e+01
2.383200e+04 2.606965e+01
2.383300e+04 2.741397e+01
2.383400e+04 2.702670e+01
2.383500e+04 2.575963e+01
2.383600e+04 2.530568e+01
2.383700e+04 2.206772e+01
2.383800e+04 2.337185e+01
2.383900e+04 2.823598e+01
2.384000e+04 2.739213e+01
2.384100e+04 2.640613e+01
2.384200e+04 2.698188e+01
2.384300e+04 2.751590e+01
2.384400e+04 2.761886e+01
2.384500e+04 2.925729e+01
2.384600e+04 2.731844e+01
2.384700e+04 2.480666e+01
2.384800e+04 2.717222e+01
2.384900e+04 3.203795e+01
2.385000e+04 3.008970e+01
2.385100e+04 3.146011e+01
2.385200e+04 2.838176e+01
2.385300e+04 2.571922e+01
2.385400e+04 3.254946e+01
2.385500e+04 2.901739e+01
2.385600e+04 3.219683e+01
2.385700e+04 2.607307e+01
2.385800e+04 2.409332e+01
2.385900e+04 2.263693e+01
2.386000e+04 2.795345e+01
2.386100e+04 3.077106e+01
2.386200e+04 2.747594e+01
2.386300e+04 2.893051e+01
2.386400e+04 3.135570e+01
2.386500e+04 2.227035e+01
2.386600e+04 2.638312e+01
2.386700e+04 2.888798e+01
2.386800e+04 2.481914e+01
2.386900e+04 3.007977e+01
2.387000e+04 2.804888e+01
2.387100e+04 2.367844e+01
2.387200e+04 3.002564e+01
2.387300e+04 2.953264e+01
2.387400e+04 2.552280e+01
2.387500e+04 2.691936e+01
2.387600e+04 2.574878e+01
2.387700e+04 3.062415e+01
2.387800e+04 2.969035e+01
2.387900e+04 3.334797e+01
2.388000e+04 2.473282e+01
2.388100e+04 2.389680e+01
2.388200e+04 2.485718e+01
2.388300e+04 2.378829e+01
2.388400e+04 2.891734e+01
2.388500e+04 3.079808e+01
2.388600e+04 3.184968e+01
2.388700e+04 2.478766e+01
2.388800e+04 2.949616e+01
2.388900e+04 3.137675e+01
2.389000e+04 2.949759e+01
2.389100e+04 3.135946e+01
2.389200e+04 2.679785e+01
2.389300e+04 2.090572e+01
2.389400e+04 2.457369e+01
2.389500e+04 2.725962e+01
2.389600e+04 3.240448e+01
2.389700e+04 3.089127e+01
2.389800e+04 3.180510e+01
2.389900e+04 2.887420e+01
2.390000e+04 3.006741e+01
2.390100e+04 2.886323e+01
2.390200e+04 2.579445e+01
2.390300e+04 2.981437e+01
2.390400e+04 3.009425e+01
2.390500e+04 2.555328e+01
2.390600e+04 2.946687e+01
2.390700e+04 3.169694e+01
2.390800e+04 3.060174e+01
2.390900e+04 3.101642e+01
2.391000e+04 2.738586e+01
2.391100e+04 2.771650e+01
2.391200e+04 2.534454e+01
2.391300e+04 3.082040e+01
2.391400e+04 3.006227e+01
2.391500e+04 2.997160e+01
2.391600e+04 2.445491e+01
2.391700e+04 2.425840e+01
2.391800e+04 2.829149e+01
2.391900e+04 2.457248e+01
2.392000e+04 3.083312e+01
2.392100e+04 2.885058e+01
2.392200e+04 2.386856e+01
2.392300e+04 3.070861e+01
2.392400e+04 2.605821e+01
2.392500e+04 2.793283e+01
2.392600e+04 3.083037e+01
2.392700e+04 2.732414e+01
2.392800e+04 2.431957e+01
2.392900e+04 2.416851e+01
2.393000e+04 2.486481e+01
2.393100e+04 2.986939e+01
2.393200e+04 3.002996e+01
2.393300e+04 2.993995e+01
2.393400e+04 2.652644e+01
2.393500e+04 2.950780e+01
2.393600e+04 3.125290e+01
2.393700e+04 2.917396e+01
2.393800e+04 2.626157e+01
2.393900e+04 3.284192e+01
2.394000e+04 3.061037e+01
2.394100e+04 3.356139e+01
2.394200e+04 3.329690e+01
2.394300e+04 3.049870e+01
2.394400e+04 2.918158e+01
2.394500e+04 3.032798e+01
2.394600e+04 3.270254e+01
2.394700e+04 2.614832e+01
2.394800e+04 2.656887e+01
2.394900e+04 2.352175e+01
2.395000e+04 3.024399e+01
2.395100e+04 2.386000e+01
2.395200e+04 2.953893e+01
2.395300e+04 2.810655e+01
2.395400e+04 2.527933e+01
2.395500e+04 3.115129e+01
2.395600e+04 2.990464e+01
2.395700e+04 2.964677e+01
2.395800e+04 2.529076e+01
2.395900e+04 3.137643e+01
2.396000e+04 3.181870e+01
2.396100e+04 2.591118e+01
2.396200e+04 2.982218e+01
2.396300e+04 2.796733e+01
2.396400e+04 2.668817e+01
2.396500e+04 3.077989e+01
2.396600e+04 3.168878e+01
2.396700e+04 3.002601e+01
2.396800e+04 2.131328e+01
2.396900e+04 2.667792e+01
2.397000e+04 2.295112e+01
2.397100e+04 2.799487e+01
2.397200e+04 3.037787e+01
2.397300e+04 3.128006e+01
2.397400e+04 3.097873e+01
2.397500e+04 3.290517e+01
2.397600e+04 2.893929e+01
2.397700e+04 3.049201e+01
2.397800e+04 2.781374e+01
2.397900e+04 2.439943e+01
2.398000e+04 2.164397e+01
2.398100e+04 2.671158e+01
2.398200e+04 2.771743e+01
2.398300e+04 2.867460e+01
2.398400e+04 2.637408e+01
2.398500e+04 3.139676e+01
2.398600e+04 3.044119e+01
2.398700e+04 2.863485e+01
2.398800e+04 2.831503e+01
2.398900e+04 3.064107e+01
2.399000e+04 2.918965e+01
2.399100e+04 2.482822e+01
2.399200e+04 2.978918e+01
2.399300e+04 2.787402e+01
2.399400e+04 2.556059e+01
2.399500e+04 2.771213e+01
2.399600e+04 2.913575e+01
2.399700e+04 2.755684e+01
2.399800e+04 3.103459e+01
2.399900e+04 2.896898e+01
2.400000e+04 2.660225e+01
2.400100e+04 2.981820e+01
2.400200e+04 3.156257e+01
2.400300e+04 2.312162e+01
2.400400e+04 2.349082e+01
2.400500e+04 2.870702e+01
2.400600e+04 3.007349e+01
2.400700e+04 3.241535e+01
2.400800e+04 2.729754e+01
2.400900e+04 2.733847e+01
2.401000e+04 2.370259e+01
2.401100e+04 2.688145e+01
2.401200e+04 2.741248e+01
2.401300e+04 2.703929e+01
2.401400e+04 2.589922e+01
2.401500e+04 3.071066e+01
2.401600e+04 2.505575e+01
2.401700e+04 3.000803e+01
2.401800e+04 2.918249e+01
2.401900e+04 2.870404e+01
2.402000e+04 3.013304e+01
2.402100e+04 2.627545e+01
2.402200e+04 2.849645e+01
2.402300e+04 2.718657e+01
2.402400e+04 2.621056e+01
2.402500e+04 2.755202e+01
2.402600e+04 2.360209e+01
2.402700e+04 2.951953e+01
2.402800e+04 2.621227e+01
2.402900e+04 2.511134e+01
2.403000e+04 2.417098e+01
2.403100e+04 2.956593e+01
2.403200e+04 2.548482e+01
2.403300e+04 3.112826e+01
2.403400e+04 3.236364e+01
2.403500e+04 3.226655e+01
2.403600e+04 3.018924e+01
2.403700e+04 2.947889e+01
2.403800e+04 3.002729e+01
2.403900e+04 2.598610e+01
2.404000e+04 2.823336e+01
2.404100e+04 2.172152e+01
2.404200e+04 2.210847e+01
2.404300e+04 2.507336e+01
2.404400e+04 3.073098e+01
2.404500e+04 3.159693e+01
2.404600e+04 2.960076e+01
2.404700e+04 3.026498e+01
2.404800e+04 2.375808e+01
2.404900e+04 2.088008e+01
2.405000e+04 2.853388e+01
2.405100e+04 2.822324e+01
2.405200e+04 2.983596e+01
2.405300e+04 3.156537e+01
2.405400e+04 2.703451e+01
2.405500e+04 2.472101e+01
2.405600e+04 2.134917e+01
2.405700e+04 2.525327e+01
2.405800e+04 2.763384e+01
2.405900e+04 3.096423e+01
2.406000e+04 3.038140e+01
2.406100e+04 2.372168e+01
2.406200e+04 2.896125e+01
2.406300e+04 2.952077e+01
2.406400e+04 2.651751e+01
2.406500e+04 2.907731e+01
2.406600e+04 3.019128e+01
2.406700e+04 2.900489e+01
2.406800e+04 2.897870e+01
2.406900e+04 2.943650e+01
2.407000e+04 2.279853e+01
2.407100e+04 2.592097e+01
2.407200e+04 2.202312e+01
2.407300e+04 2.797912e+01
2.407400e+04 2.623425e+01
2.407500e+04 3.063283e+01
2.407600e+04 3.104371e+01
2.407700e+04 2.621993e+01
2.407800e+04 2.932508e+01
2.407900e+04 2.584258e+01
2.408000e+04 2.407151e+01
2.408100e+04 2.665154e+01
2.408200e+04 2.676986e+01
2.408300e+04 2.531601e+01
2.408400e+04 2.447745e+01
2.408500e+04 2.346910e+01
2.408600e+04 2.730806e+01
2.408700e+04 2.537027e+01
2.408800e+04 2.816465e+01
2.408900e+04 2.263345e+01
2.409000e+04 2.877975e+01
2.409100e+04 2.502528e+01
2.409200e+04 2.972551e+01
2.409300e+04 2.258546e+01
2.409400e+04 2.997985e+01
2.409500e+04 2.895436e+01
2.409600e+04 3.117284e+01
2.409700e+04 2.566347e+01
2.409800e+04 2.733868e+01
2.409900e+04 2.672841e+01
2.410000e+04 2.228443e+01
2.410100e+04 3.000475e+01
2.410200e+04 2.381007e+01
2.410300e+04 2.364454e+01
2.410400e+04 2.307980e+01
2.410500e+04 2.839041e+01
2.410600e+04 2.970820e+01
2.410700e+04 2.880234e+01
2.410800e+04 2.449443e+01
2.410900e+04 2.738637e+01
2.411000e+04 2.900161e+01
2.411100e+04 2.351450e+01
2.411200e+04 3.072101e+01
2.411300e+04 2.751443e+01
2.411400e+04 2.582913e+01
2.411500e+04 2.506698e+01
2.411600e+04 2.961773e+01
2.411700e+04 2.642250e+01
2.411800e+04 2.478760e+01
2.411900e+04 2.815541e+01
2.412000e+04 2.769097e+01
2.412100e+04 3.070308e+01
2.412200e+04 2.946241e+01
2.412300e+04 2.850746e+01
2.412400e+04 2.748961e+01
2.412500e+04 2.319980e+01
2.412600e+04 2.714482e+01
2.412700e+04 2.955561e+01
2.412800e+04 2.909797e+01
2.412900e+04 2.365754e+01
2.413000e+04 2.288473e+01
2.413100e+04 1.856935e+01
2.413200e+04 2.930215e+01
2.413300e+04 3.077938e+01
2.413400e+04 3.072468e+01
2.413500e+04 2.298230e+01
2.413600e+04 2.353544e+01
2.413700e+04 2.584283e+01
2.413800e+04 2.263628e+01
2.413900e+04 2.479043e+01
2.414000e+04 2.976849e+01
2.414100e+04 2.735170e+01
2.414200e+04 2.148752e+01
2.414300e+04 1.984979e+01
2.414400e+04 2.601037e+01
2.414500e+04 2.295350e+01
2.414600e+04 2.891964e+01
2.414700e+04 2.612356e+01
2.414800e+04 2.400011e+01
2.414900e+04 2.188255e+01
2.415000e+04 2.554809e+01
2.415100e+04 2.876749e+01
2.415200e+04 2.519824e+01
2.415300e+04 2.723720e+01
2.415400e+04 3.038483e+01
2.415500e+04 2.722608e+01
2.415600e+04 3.005047e+01
2.415700e+04 2.777940e+01
2.415800e+04 2.861140e+01
2.415900e+04 2.370801e+01
2.416000e+04 2.653714e+01
2.416100e+04 2.517648e+01
2.416200e+04 2.760809e+01
2.416300e+04 2.397644e+01
2.416400e+04 2.470466e+01
2.416500e+04 2.133414e+01
2.416600e+04 2.809191e+01
2.416700e+04 2.164455e+01
2.416800e+04 1.944070e+01
2.416900e+04 2.651252e+01
2.417000e+04 2.666211e+01
2.417100e+04 2.422588e+01
2.417200e+04 2.777192e+01
2.417300e+04 2.188414e+01
2.417400e+04 2.548927e+01
2.417500e+04 2.649687e+01
2.417600e+04 2.619425e+01
2.417700e+04 2.658187e+01
2.417800e+04 2.108379e+01
2.417900e+04 2.292596e+01
2.418000e+04 2.697915e+01
2.418100e+04 2.830006e+01
2.418200e+04 2.478116e+01
2.418300e+04 3.073441e+01
2.418400e+04 2.411727e+01
2.418500e+04 2.489795e+01
2.418600e+04 2.874549e+01
2.418700e+04 2.967324e+01
2.418800e+04 3.127411e+01
2.418900e+04 3.042616e+01
2.419000e+04 2.963620e+01
2.419100e+04 2.508217e+01
2.419200e+04 2.924634e+01
2.419300e+04 2.735031e+01
2.419400e+04 2.475510e+01
2.419500e+04 2.421221e+01
2.419600e+04 1.859356e+01
2.419700e+04 2.355354e+01
2.419800e+04 2.518918e+01
2.419900e+04 2.828166e+01
2.420000e+04 2.211066e+01
2.420100e+04 2.136214e+01
2.420200e+04 2.666894e+01
2.420300e+04 3.131831e+01
2.420400e+04 2.910570e+01
2.420500e+04 2.689497e+01
2.420600e+04 3.027865e+01
2.420700e+04 2.881519e+01
2.420800e+04 2.255917e+01
2.420900e+04 2.434858e+01
2.421000e+04 2.888507e+01
2.421100e+04 2.945784e+01
2.421200e+04 2.429891e+01
2.421300e+04 2.849177e+01
2.421400e+04 2.618679e+01
2.421500e+04 2.465709e+01
2.421600e+04 2.209363e+01
2.421700e+04 2.503843e+01
2.421800e+04 2.199762e+01
2.421900e+04 2.909608e+01
2.422000e+04 2.841666e+01
2.422100e+04 2.336197e+01
2.422200e+04 1.926836e+01
2.422300e+04 2.734141e+01
2.422400e+04 2.310581e+01
2.422500e+04 2.318759e+01
2.422600e+04 2.554087e+01
2.422700e+04 2.966011e+01
2.422800e+04 3.016182e+01
2.422900e+04 2.281810e+01
2.423000e+04 2.760892e+01
2.423100e+04 2.176805e+01
2.423200e+04 2.792071e+01
2.423300e+04 2.496945e+01
2.423400e+04 2.244554e+01
2.423500e+04 2.195887e+01
2.423600e+04 2.236245e+01
2.423700e+04 2.807457e+01
2.423800e+04 2.585870e+01
2.423900e+04 3.049486e+01
2.424000e+04 2.871096e+01
2.424100e+04 2.710457e+01
2.424200e+04 3.117411e+01
2.424300e+04 2.670715e+01
2.424400e+04 2.935556e+01
2.424500e+04 2.814033e+01
2.424600e+04 2.490456e+01
2.424700e+04 2.796500e+01
2.424800e+04 1.859026e+01
2.424900e+04 2.793072e+01
2.425000e+04 2.692194e+01
2.425100e+04 2.947222e+01
2.425200e+04 2.807503e+01
2.425300e+04 2.254053e+01
2.425400e+04 2.326141e+01
2.425500e+04 2.817155e+01
2.425600e+04 2.502225e+01
2.425700e+04 2.582766e+01
2.425800e+04 2.081395e+01
2.425900e+04 2.071700e+01
2.426000e+04 2.772365e+01
2.426100e+04 2.646791e+01
2.426200e+04 2.843626e+01
2.426300e+04 2.577265e+01
2.426400e+04 2.299198e+01
2.426500e+04 2.188091e+01
2.426600e+04 2.805029e+01
2.426700e+04 2.225892e+01
2.426800e+04 2.210399e+01
2.426900e+04 2.057727e+01
2.427000e+04 2.647941e+01
2.427100e+04 3.031194e+01
2.427200e+04 2.940016e+01
2.427300e+04 1.942971e+01
2.427400e+04 2.920976e+01
2.427500e+04 2.448146e+01
2.427600e+04 2.808389e+01
2.427700e+04 2.768476e+01
2.427800e+04 2.733918e+01
2.427900e+04 2.205836e+01
2.428000e+04 2.292937e+01
2.428100e+04 2.113419e+01
2.428200e+04 2.887809e+01
2.428300e+04 2.665994e+01
2.428400e+04 2.127326e+01
2.428500e+04 1.787620e+01
2.428600e+04 2.786513e+01
2.428700e+04 2.837666e+01
2.428800e+04 2.522574e+01
2.428900e+04 2.819236e+01
2.429000e+04 2.526979e+01
2.429100e+04 2.415023e+01
2.429200e+04 2.578008e+01
2.429300e+04 2.772933e+01
2.429400e+04 2.607392e+01
2.429500e+04 2.464545e+01
2.429600e+04 2.940677e+01
2.429700e+04 2.833811e+01
2.429800e+04 2.521472e+01
2.429900e+04 2.796017e+01
2.430000e+04 2.775920e+01
2.430100e+04 2.342965e+01
2.430200e+04 1.683972e+01
2.430300e+04 2.300996e+01
2.430400e+04 2.770307e+01
2.430500e+04 2.865553e+01
2.430600e+04 2.744921e+01
2.430700e+04 2.964913e+01
2.430800e+04 2.782194e+01
2.430900e+04 2.411912e+01
2.431000e+04 2.196526e+01
2.431100e+04 2.263484e+01
2.431200e+04 2.138953e+01
2.431300e+04 2.522747e+01
2.431400e+04 2.537893e+01
2.431500e+04 2.089533e+01
2.431600e+04 2.016376e+01
2.431700e+04 2.957818e+01
2.431800e+04 2.778460e+01
2.431900e+04 1.935062e+01
2.432000e+04 2.681296e+01
2.432100e+04 2.716764e+01
2.432200e+04 2.693569e+01
2.432300e+04 2.533703e+01
2.432400e+04 2.862935e+01
2.432500e+04 2.814283e+01
2.432600e+04 2.717178e+01
2.432700e+04 2.580750e+01
2.432800e+04 2.737268e+01
2.432900e+04 2.665334e+01
2.433000e+04 2.619573e+01
2.433100e+04 2.760786e+01
2.433200e+04 2.975722e+01
2.433300e+04 2.207431e+01
2.433400e+04 2.337259e+01
2.433500e+04 2.238720e+01
2.433600e+04 2.333226e+01
2.433700e+04 2.300324e+01
2.433800e+04 2.004834e+01
2.433900e+04 2.667855e+01
2.434000e+04 2.243901e+01
2.434100e+04 2.657934e+01
2.434200e+04 1.850911e+01
2.434300e+04 2.548516e+01
2.434400e+04 2.923695e+01
2.434500e+04 2.867408e+01
2.434600e+04 2.108239e+01
2.434700e+04 2.470015e+01
2.434800e+04 1.944327e+01
2.434900e+04 2.531129e+01
2.435000e+04 2.890085e+01
2.435100e+04 2.446917e+01
2.435200e+04 2.373358e+01
2.435300e+04 2.551951e+01
2.435400e+04 2.470302e+01
2.435500e+04 2.967236e+01
2.435600e+04 2.908034e+01
2.435700e+04 2.556495e+01
2.435800e+04 2.284688e+01
2.435900e+04 2.899072e+01
2.436000e+04 2.986876e+01
2.436100e+04 2.615385e+01
2.436200e+04 2.322580e+01
2.436300e+04 2.368643e+01
2.436400e+04 2.421808e+01
2.436500e+04 2.421930e+01
2.436600e+04 2.717638e+01
2.436700e+04 1.939537e+01
2.436800e+04 2.523991e+01
2.436900e+04 2.541668e+01
2.437000e+04 1.890467e+01
2.437100e+04 1.982281e+01
2.437200e+04 1.554508e+01
2.437300e+04 2.480432e+01
2.437400e+04 2.327185e+01
2.437500e+04 2.488482e+01
2.437600e+04 2.461912e+01
2.437700e+04 2.702066e+01
2.437800e+04 1.965083e+01
2.437900e+04 2.446749e+01
2.438000e+04 2.222829e+01
2.438100e+04 2.203211e+01
2.438200e+04 2.493053e+01
2.438300e+04 2.393207e+01
2.438400e+04 2.829442e+01
2.438500e+04 2.897361e+01
2.438600e+04 2.704296e+01
2.438700e+04 2.682213e+01
2.438800e+04 2.531827e+01
2.438900e+04 2.463643e+01
2.439000e+04 2.628612e+01
2.439100e+04 2.479519e+01
2.439200e+04 2.892100e+01
2.439300e+04 2.391417e+01
2.439400e+04 2.960769e+01
2.439500e+04 3.001944e+01
2.439600e+04 2.127591e+01
2.439700e+04 2.633004e+01
2.439800e+04 2.538908e+01
2.439900e+04 2.905740e+01
2.440000e+04 2.443676e+01
2.440100e+04 2.078005e+01
2.440200e+04 2.307134e+01
2.440300e+04 2.636554e+01
2.440400e+04 2.334314e+01
2.440500e+04 2.375930e+01
2.440600e+04 2.770326e+01
2.440700e+04 2.567861e+01
2.440800e+04 2.347315e+01
2.440900e+04 2.708156e+01
2.441000e+04 2.262700e+01
2.441100e+04 2.860546e+01
2.441200e+04 1.946984e+01
2.441300e+04 2.358658e+01
2.441400e+04 2.690078e+01
2.441500e+04 2.788637e+01
2.441600e+04 1.998540e+01
2.441700e+04 2.229905e+01
2.441800e+04 2.539595e+01
2.441900e+04 2.095322e+01
2.442000e+04 2.550987e+01
2.442100e+04 2.869008e+01
2.442200e+04 2.765555e+01
2.442300e+04 2.454942e+01
2.442400e+04 2.449588e+01
2.442500e+04 1.875924e+01
2.442600e+04 2.337823e+01
2.442700e+04 1.804159e+01
2.442800e+04 2.471662e+01
2.442900e+04 2.523611e+01
2.443000e+04 2.697816e+01
2.443100e+04 2.507809e+01
2.443200e+04 2.503136e+01
2.443300e+04 2.787851e+01
2.443400e+04 2.201633e+01
2.443500e+04 2.289333e+01
2.443600e+04 2.644058e+01
2.443700e+04 1.902906e+01
2.443800e+04 2.056922e+01
2.443900e+04 2.486007e+01
2.444000e+04 2.704085e+01
2.444100e+04 2.531469e+01
2.444200e+04 2.123434e+01
2.444300e+04 2.224086e+01
2.444400e+04 1.752074e+01
2.444500e+04 2.444586e+01
2.444600e+04 2.189964e+01
2.444700e+04 2.232219e+01
2.444800e+04 2.177160e+01
2.444900e+04 2.392567e+01
2.445000e+04 2.310393e+01
2.445100e+04 2.949313e+01
2.445200e+04 2.280106e+01
2.445300e+04 2.643091e+01
2.445400e+04 2.808309e+01
2.445500e+04 2.819942e+01
2.445600e+04 2.392926e+01
2.445700e+04 2.683249e+01
2.445800e+04 2.630834e+01
2.445900e+04 2.781217e+01
2.446000e+04 2.549145e+01
2.446100e+04 2.190963e+01
2.446200e+04 2.343479e+01
2.446300e+04 2.522315e+01
2.446400e+04 1.793122e+01
2.446500e+04 2.236269e+01
2.446600e+04 2.615538e+01
2.446700e+04 2.208852e+01
2.446800e+04 2.646429e+01
2.446900e+04 2.738851e+01
2.447000e+04 2.060267e+01
2.447100e+04 2.503659e+01
2.447200e+04 2.765839e+01
2.447300e+04 2.677998e+01
2.447400e+04 2.643152e+01
2.447500e+04 2.061046e+01
2.447600e+04 2.340438e+01
2.447700e+04 2.166364e+01
2.447800e+04 1.789262e+01
2.447900e+04 2.409626e+01
2.448000e+04 2.293695e+01
2.448100e+04 2.012354e+01
2.448200e+04 2.415925e+01
2.448300e+04 2.538638e+01
2.448400e+04 2.507057e+01
2.448500e+04 1.594722e+01
2.448600e+04 1.854957e+01
2.448700e+04 2.381177e+01
2.448800e+04 2.717481e+01
2.448900e+04 2.628375e+01
2.449000e+04 2.663909e+01
2.449100e+04 1.968567e+01
2.449200e+04 2.642231e+01
2.449300e+04 2.362974e+01
2.449400e+04 2.402615e+01
2.449500e+04 2.289784e+01
2.449600e+04 2.446278e+01
2.449700e+04 2.275591e+01
2.449800e+04 2.636406e+01
2.449900e+04 2.441112e+01
2.450000e+04 2.120236e+01
2.450100e+04 2.397354e+01
2.450200e+04 2.387776e+01
2.450300e+04 2.631129e+01
2.450400e+04 2.610440e+01
2.450500e+04 1.813241e+01
2.450600e+04 2.383231e+01
2.450700e+04 2.902571e+01
2.450800e+04 2.346423e+01
2.450900e+04 1.914052e+01
2.451000e+04 2.874220e+01
2.451100e+04 2.671446e+01
2.451200e+04 2.582983e+01
2.451300e+04 2.128821e+01
2.451400e+04 2.786899e+01
2.451500e+04 2.259873e+01
2.451600e+04 2.554353e+01
2.451700e+04 2.291551e+01
2.451800e+04 2.001863e+01
2.451900e+04 1.553170e+01
2.452000e+04 2.357723e+01
2.452100e+04 2.477966e+01
2.452200e+04 2.184102e+01
2.452300e+04 2.482162e+01
2.452400e+04 1.790187e+01
2.452500e+04 2.273802e+01
2.452600e+04 2.800004e+01
2.452700e+04 2.529923e+01
2.452800e+04 2.505206e+01
2.452900e+04 1.768423e+01
2.453000e+04 1.849494e+01
2.453100e+04 2.493862e+01
2.453200e+04 2.034322e+01
2.453300e+04 2.238267e+01
2.453400e+04 2.327906e+01
2.453500e+04 2.054331e+01
2.453600e+04 2.302567e+01
2.453700e+04 2.748259e+01
2.453800e+04 2.344209e+01
2.453900e+04 2.369563e+01
2.454000e+04 1.879472e+01
2.454100e+04 2.473282e+01
2.454200e+04 1.731519e+01
2.454300e+04 1.976445e+01
2.454400e+04 2.179874e+01
2.454500e+04 1.642321e+01
2.454600e+04 2.260150e+01
2.454700e+04 2.033582e+01
2.454800e+04 2.152077e+01
2.454900e+04 1.738953e+01
2.455000e+04 1.909682e+01
2.455100e+04 2.419476e+01
2.455200e+04 2.260433e+01
2.455300e+04 2.474376e+01
2.455400e+04 2.585210e+01
2.455500e+04 2.539323e+01
2.455600e+04 2.021158e+01
2.455700e+04 2.505010e+01
2.455800e+04 2.697299e+01
2.455900e+04 2.015196e+01
2.456000e+04 2.468508e+01
2.456100e+04 2.612019e+01
2.456200e+04 1.966119e+01
2.456300e+04 2.827504e+01
2.456400e+04 2.739912e+01
2.456500e+04 2.121286e+01
2.456600e+04 2.028993e+01
2.456700e+04 2.736242e+01
2.456800e+04 2.352595e+01
2.456900e+04 2.607522e+01
2.457000e+04 2.328157e+01
2.457100e+04 2.449565e+01
2.457200e+04 2.585825e+01
2.457300e+04 2.468406e+01
2.457400e+04 2.291923e+01
2.457500e+04 2.480792e+01
2.457600e+04 2.669626e+01
2.457700e+04 2.052458e+01
2.457800e+04 2.387510e+01
2.457900e+04 2.488698e+01
2.458000e+04 2.543541e+01
2.458100e+04 2.804201e+01
2.458200e+04 2.197066e+01
2.458300e+04 2.352335e+01
2.458400e+04 2.346048e+01
2.458500e+04 2.360617e+01
2.458600e+04 2.345163e+01
2.458700e+04 2.499353e+01
2.458800e+04 2.728766e+01
2.458900e+04 1.931263e+01
2.459000e+04 2.422897e+01
2.459100e+04 2.637376e+01
2.459200e+04 2.552499e+01
2.459300e+04 2.687796e+01
2.459400e+04 1.831728e+01
2.459500e+04 2.270043e+01
2.459600e+04 2.148784e+01
2.459700e+04 1.882807e+01
2.459800e+04 2.732507e+01
2.459900e+04 2.179000e+01
2.460000e+04 1.637963e+01
2.460100e+04 2.481381e+01
2.460200e+04 2.281229e+01
2.460300e+04 2.814000e+01
2.460400e+04 2.503129e+01
2.460500e+04 2.407818e+01
2.460600e+04 2.202039e+01
2.460700e+04 1.687790e+01
2.460800e+04 1.535013e+01
2.460900e+04 1.765132e+01
2.461000e+04 2.541935e+01
2.461100e+04 1.953791e+01
2.461200e+04 1.631341e+01
2.461300e+04 1.413895e+01
2.461400e+04 1.744564e+01
2.461500e+04 2.315720e+01
2.461600e+04 1.522034e+01
2.461700e+04 2.335705e+01
2.461800e+04 2.451583e+01
2.461900e+04 2.415845e+01
2.462000e+04 2.146094e+01
2.462100e+04 2.658861e+01
2.462200e+04 2.686690e+01
2.462300e+04 2.170795e+01
2.462400e+04 2.675219e+01
2.462500e+04 2.562439e+01
2.462600e+04 2.347729e+01
2.462700e+04 2.224348e+01
2.462800e+04 2.711409e+01
2.462900e+04 2.080125e+01
2.463000e+04 2.178171e+01
2.463100e+04 2.695117e+01
2.463200e+04 2.331380e+01
2.463300e+04 2.137518e+01
2.463400e+04 2.348260e+01
2.463500e+04 1.908659e+01
2.463600e+04 2.630206e+01
2.463700e+04 2.580691e+01
2.463800e+04 2.420013e+01
2.463900e+04 2.204514e+01
2.464000e+04 2.206449e+01
2.464100e+04 2.826599e+01
2.464200e+04 2.580368e+01
2.464300e+04 2.426994e+01
2.464400e+04 2.734870e+01
2.464500e+04 2.494668e+01
2.464600e+04 2.617968e+01
2.464700e+04 2.035148e+01
2.464800e+04 2.204656e+01
2.464900e+04 2.608672e+01
2.465000e+04 1.936784e+01
2.465100e+04 2.527616e+01
2.465200e+04 2.356491e+01
2.465300e+04 2.448729e+01
2.465400e+04 1.739237e+01
2.465500e+04 2.476628e+01
2.465600e+04 2.396822e+01
2.465700e+04 2.626874e+01
2.465800e+04 2.154552e+01
2.465900e+04 2.212309e+01
2.466000e+04 1.709186e+01
2.466100e+04 2.498458e+01
2.466200e+04 2.352653e+01
2.466300e+04 2.077547e+01
2.466400e+04 2.217662e+01
2.466500e+04 2.518069e+01
2.466600e+04 2.631913e+01
2.466700e+04 1.677282e+01
2.466800e+04 2.348181e+01
2.466900e+04 2.782370e+01
2.467000e+04 2.488572e+01
2.467100e+04 2.267688e+01
2.467200e+04 1.796088e+01
2.467300e+04 2.724687e+01
2.467400e+04 2.706820e+01
2.467500e+04 1.990001e+01
2.467600e+04 1.787832e+01
2.467700e+04 1.873869e+01
2.467800e+04 1.468664e+01
2.467900e+04 2.271015e+01
2.468000e+04 2.551482e+01
2.468100e+04 2.052643e+01
2.468200e+04 1.819203e+01
2.468300e+04 2.209742e+01
2.468400e+04 2.083589e+01
2.468500e+04 2.291426e+01
2.468600e+04 1.808655e+01
2.468700e+04 2.570351e+01
2.468800e+04 2.602326e+01
2.468900e+04 1.902455e+01
2.469000e+04 2.203515e+01
2.469100e+04 2.538127e+01
2.469200e+04 2.637497e+01
2.469300e+04 2.449115e+01
2.469400e+04 2.549439e+01
2.469500e+04 2.433750e+01
2.469600e+04 2.178660e+01
2.469700e+04 2.323075e+01
2.469800e+04 2.523000e+01
2.469900e+04 2.155011e+01
2.470000e+04 2.016569e+01
2.470100e+04 1.819857e+01
2.470200e+04 2.276848e+01
2.470300e+04 2.098136e+01
2.470400e+04 2.631577e+01
2.470500e+04 2.343176e+01
2.470600e+04 2.442529e+01
2.470700e+04 2.384143e+01
2.470800e+04 2.063349e+01
2.470900e+04 2.247012e+01
2.471000e+04 2.035638e+01
2.471100e+04 1.909181e+01
2.471200e+04 2.290209e+01
2.471300e+04 2.702056e+01
2.471400e+04 2.180702e+01
2.471500e+04 2.476563e+01
2.471600e+04 2.077164e+01
2.471700e+04 2.341565e+01
2.471800e+04 2.064812e+01
2.471900e+04 2.116475e+01
2.472000e+04 1.672747e+01
2.472100e+04 2.538614e+01
2.472200e+04 2.598033e+01
2.472300e+04 2.020071e+01
2.472400e+04 2.329424e+01
2.472500e+04 2.216885e+01
2.472600e+04 2.200982e+01
2.472700e+04 2.070577e+01
2.472800e+04 2.217282e+01
2.472900e+04 2.512138e+01
2.473000e+04 2.534255e+01
2.473100e+04 2.324254e+01
2.473200e+04 2.365520e+01
2.473300e+04 2.280987e+01
2.473400e+04 2.086651e+01
2.473500e+04 2.489344e+01
2.473600e+04 1.740708e+01
2.473700e+04 2.287908e+01
2.473800e+04 1.852074e+01
2.473900e+04 2.175897e+01
2.474000e+04 1.463937e+01
2.474100e+04 1.823047e+01
2.474200e+04 1.819748e+01
2.474300e+04 2.534053e+01
2.474400e+04 2.441396e+01
2.474500e+04 2.158182e+01
2.474600e+04 2.486950e+01
2.474700e+04 2.299605e+01
2.474800e+04 1.931242e+01
2.474900e+04 1.718737e+01
2.475000e+04 1.584447e+01
2.475100e+04 1.815136e+01
2.475200e+04 2.067368e+01
2.475300e+04 2.194791e+01
2.475400e+04 2.659146e+01
2.475500e+04 2.280181e+01
2.475600e+04 1.967910e+01
2.475700e+04 1.637413e+01
2.475800e+04 2.232164e+01
2.475900e+04 2.175562e+01
2.476000e+04 2.050389e+01
2.476100e+04 1.991056e+01
2.476200e+04 1.781176e+01
2.476300e+04 1.970292e+01
2.476400e+04 2.232810e+01
2.476500e+04 2.441149e+01
2.476600e+04 2.295006e+01
2.476700e+04 2.525055e+01
2.476800e+04 2.470477e+01
2.476900e+04 2.741625e+01
2.477000e+04 2.794597e+01
2.477100e+04 2.514144e+01
2.477200e+04 2.380366e+01
2.477300e+04 2.389735e+01
2.477400e+04 1.760899e+01
2.477500e+04 1.800414e+01
2.477600e+04 2.510848e+01
2.477700e+04 2.178862e+01
2.477800e+04 2.604579e+01
2.477900e+04 2.603904e+01
2.478000e+04 2.107748e+01
2.478100e+04 2.370753e+01
2.478200e+04 2.267607e+01
2.478300e+04 2.602098e+01
2.478400e+04 2.350379e+01
2.478500e+04 1.892927e+01
2.478600e+04 1.658840e+01
2.478700e+04 2.188021e+01
2.478800e+04 2.066208e+01
2.478900e+04 2.263701e+01
2.479000e+04 1.895497e+01
2.479100e+04 2.144480e+01
2.479200e+04 2.288854e+01
2.479300e+04 2.030756e+01
2.479400e+04 1.721279e+01
2.479500e+04 1.980312e+01
2.479600e+04 2.330596e+01
2.479700e+04 1.972519e+01
2.479800e+04 2.636183e+01
2.479900e+04 1.893666e+01
2.480000e+04 2.321846e+01
2.480100e+04 2.041213e+01
2.480200e+04 1.901350e+01
2.480300e+04 2.060454e+01
2.480400e+04 2.054734e+01
2.480500e+04 2.255218e+01
2.480600e+04 2.068939e+01
2.480700e+04 2.601802e+01
2.480800e+04 2.425460e+01
2.480900e+04 2.040629e+01
2.481000e+04 1.801503e+01
2.481100e+04 1.595528e+01
2.481200e+04 2.274844e+01
2.481300e+04 2.491489e+01
2.481400e+04 1.850855e+01
2.481500e+04 2.048866e+01
2.481600e+04 1.847967e+01
2.481700e+04 1.439580e+01
2.481800e+04 2.349396e+01
2.481900e+04 2.532912e+01
2.482000e+04 1.968481e+01
2.482100e+04 2.080628e+01
2.482200e+04 2.042802e+01
2.482300e+04 2.412440e+01
2.482400e+04 1.874676e+01
2.482500e+04 1.271068e+01
2.482600e+04 1.627413e+01
2.482700e+04 2.016436e+01
2.482800e+04 2.453146e+01
2.482900e+04 2.490133e+01
2.483000e+04 2.207348e+01
2.483100e+04 2.559590e+01
2.483200e+04 1.861951e+01
2.483300e+04 2.062005e+01
2.483400e+04 1.782730e+01
2.483500e+04 2.473087e+01
2.483600e+04 2.323930e+01
2.483700e+04 2.593209e+01
2.483800e+04 2.571396e+01
2.483900e+04 2.723739e+01
2.484000e+04 2.093096e+01
2.484100e+04 2.070073e+01
2.484200e+04 2.576005e+01
2.484300e+04 2.360879e+01
2.484400e+04 1.909819e+01
2.484500e+04 2.280642e+01
2.484600e+04 2.696635e+01
2.484700e+04 2.301702e+01
2.484800e+04 1.967928e+01
2.484900e+04 2.513308e+01
2.485000e+04 2.438773e+01
2.485100e+04 2.097889e+01
2.485200e+04 2.126706e+01
2.485300e+04 2.372121e+01
2.485400e+04 2.521886e+01
2.485500e+04 2.387266e+01
2.485600e+04 2.080563e+01
2.485700e+04 2.422507e+01
2.485800e+04 2.297143e+01
2.485900e+04 2.347195e+01
2.486000e+04 1.989130e+01
2.486100e+04 2.180533e+01
2.486200e+04 2.526715e+01
2.486300e+04 2.455075e+01
2.486400e+04 2.107725e+01
2.486500e+04 1.825567e+01
2.486600e+04 2.082403e+01
2.486700e+04 2.107218e+01
2.486800e+04 1.878989e+01
2.486900e+04 1.610665e+01
2.487000e+04 2.427552e+01
2.487100e+04 2.194497e+01
2.487200e+04 2.320258e+01
2.487300e+04 2.035485e+01
2.487400e+04 1.871036e+01
2.487500e+04 1.592982e+01
2.487600e+04 1.835543e+01
2.487700e+04 1.772830e+01
2.487800e+04 2.418790e+01
2.487900e+04 2.062877e+01
2.488000e+04 2.488871e+01
2.488100e+04 2.277210e+01
2.488200e+04 2.035042e+01
2.488300e+04 1.469194e+01
2.488400e+04 2.021621e+01
2.488500e+04 2.282471e+01
2.488600e+04 1.675280e+01
2.488700e+04 1.764214e+01
2.488800e+04 2.299750e+01
2.488900e+04 2.133813e+01
2.489000e+04 2.353457e+01
2.489100e+04 2.444520e+01
2.489200e+04 2.555145e+01
2.489300e+04 2.285693e+01
2.489400e+04 1.463017e+01
2.489500e+04 1.721928e+01
2.489600e+04 1.549681e+01
2.489700e+04 2.394591e+01
2.489800e+04 2.498201e+01
2.489900e+04 2.522316e+01
2.490000e+04 2.291239e+01
2.490100e+04 1.627622e+01
2.490200e+04 2.263889e+01
2.490300e+04 1.875644e+01
2.490400e+04 1.847519e+01
2.490500e+04 2.110718e+01
2.490600e+04 2.386746e+01
2.490700e+04 2.517724e+01
2.490800e+04 1.919850e+01
2.490900e+04 1.416426e+01
2.491000e+04 1.622705e+01
2.491100e+04 1.656530e+01
2.491200e+04 1.583008e+01
2.491300e+04 2.201461e+01
2.491400e+04 2.317142e+01
2.491500e+04 2.322443e+01
2.491600e+04 2.035866e+01
2.491700e+04 2.443474e+01
2.491800e+04 2.148221e+01
2.491900e+04 1.780973e+01
2.492000e+04 2.003470e+01
2.492100e+04 1.786049e+01
2.492200e+04 2.045814e+01
2.492300e+04 1.749006e+01
2.492400e+04 2.317200e+01
2.492500e+04 2.673546e+01
2.492600e+04 2.423881e+01
2.492700e+04 2.619807e+01
2.492800e+04 2.010703e+01
2.492900e+04 1.730403e+01
2.493000e+04 2.482255e+01
2.493100e+04 2.523602e+01
2.493200e+04 1.605673e+01
2.493300e+04 1.783550e+01
2.493400e+04 1.999592e+01
2.493500e+04 2.174949e+01
2.493600e+04 2.178087e+01
2.493700e+04 2.597038e+01
2.493800e+04 2.330332e+01
2.493900e+04 1.683719e+01
2.494000e+04 2.359307e+01
2.494100e+04 2.374779e+01
2.494200e+04 2.643755e+01
2.494300e+04 2.139565e+01
2.494400e+04 2.449775e+01
2.494500e+04 2.183908e+01
2.494600e+04 2.243431e+01
2.494700e+04 1.771524e+01
2.494800e+04 1.679886e+01
2.494900e+04 1.733452e+01
2.495000e+04 2.309799e+01
2.495100e+04 2.015702e+01
2.495200e+04 2.319097e+01
2.495300e+04 2.615764e+01
2.495400e+04 2.687859e+01
2.495500e+04 2.303635e+01
2.495600e+04 2.154817e+01
2.495700e+04 2.357891e+01
2.495800e+04 1.703030e+01
2.495900e+04 1.749200e+01
2.496000e+04 2.562919e+01
2.496100e+04 2.202442e+01
2.496200e+04 2.474422e+01
2.496300e+04 1.748467e+01
2.496400e+04 1.993978e+01
2.496500e+04 1.861947e+01
2.496600e+04 1.845356e+01
2.496700e+04 2.545907e+01
2.496800e+04 2.422132e+01
2.496900e+04 2.705402e+01
2.497000e+04 2.349386e+01
2.497100e+04 1.954863e+01
2.497200e+04 1.986197e+01
2.497300e+04 1.929471e+01
2.497400e+04 2.489358e+01
2.497500e+04 2.225391e+01
2.497600e+04 2.491252e+01
2.497700e+04 2.015075e+01
2.497800e+04 1.562412e+01
2.497900e+04 2.014472e+01
2.498000e+04 2.380785e+01
2.498100e+04 1.840891e+01
2.498200e+04 1.331243e+01
2.498300e+04 1.504340e+01
2.498400e+04 1.900918e+01
2.498500e+04 2.227823e+01
2.498600e+04 1.848371e+01
2.498700e+04 1.904013e+01
2.498800e+04 2.184471e+01
2.498900e+04 1.998442e+01
2.499000e+04 2.439512e+01
2.499100e+04 2.272167e+01
2.499200e+04 1.745150e+01
2.499300e+04 1.983074e+01
2.499400e+04 2.232737e+01
2.499500e+04 2.027793e+01
2.499600e+04 2.362574e+01
2.499700e+04 2.031978e+01
2.499800e+04 2.111935e+01
2.499900e+04 1.889149e+01
2.500000e+04 2.287383e+01
2.500100e+04 1.693833e+01
2.500200e+04 1.949221e+01
2.500300e+04 2.507293e+01
2.500400e+04 2.538636e+01
2.500500e+04 2.151496e+01
2.500600e+04 2.052482e+01
2.500700e+04 1.450127e+01
2.500800e+04 1.664976e+01
2.500900e+04 2.049513e+01
2.501000e+04 2.018941e+01
2.501100e+04 1.970674e+01
2.501200e+04 1.851630e+01
2.501300e+04 2.474934e+01
2.501400e+04 2.423221e+01
2.501500e+04 2.397463e+01
2.501600e+04 2.323875e+01
2.501700e+04 2.007605e+01
2.501800e+04 1.747558e+01
2.501900e+04 2.261404e+01
2.502000e+04 2.287623e+01
2.502100e+04 2.097156e+01
2.502200e+04 2.301751e+01
2.502300e+04 2.542111e+01
2.502400e+04 1.924802e+01
2.502500e+04 2.163698e+01
2.502600e+04 1.857721e+01
2.502700e+04 2.378822e+01
2.502800e+04 2.598803e+01
2.502900e+04 2.117589e+01
2.503000e+04 1.855733e+01
2.503100e+04 1.596415e+01
2.503200e+04 1.695961e+01
2.503300e+04 2.605655e+01
2.503400e+04 2.164300e+01
2.503500e+04 1.677376e+01
2.503600e+04 1.761460e+01
2.503700e+04 1.796729e+01
2.503800e+04 1.541099e+01
2.503900e+04 1.930313e+01
2.504000e+04 2.454615e+01
2.504100e+04 2.160817e+01
2.504200e+04 2.199529e+01
2.504300e+04 2.197644e+01
2.504400e+04 2.015522e+01
2.504500e+04 2.054838e+01
2.504600e+04 1.543552e+01
2.504700e+04 1.832831e+01
2.504800e+04 2.172358e+01
2.504900e+04 1.778673e+01
2.505000e+04 2.001601e+01
2.505100e+04 2.325650e+01
2.505200e+04 1.895039e+01
2.505300e+04 1.752217e+01
2.505400e+04 2.192560e+01
2.505500e+04 1.712954e+01
2.505600e+04 2.228746e+01
2.505700e+04 2.364928e+01
2.505800e+04 1.597416e+01
2.505900e+04 1.743032e+01
2.506000e+04 1.569519e+01
2.506100e+04 1.243129e+01
2.506200e+04 1.783380e+01
2.506300e+04 1.937721e+01
2.506400e+04 1.656915e+01
2.506500e+04 1.891545e+01
2.506600e+04 1.361753e+01
2.506700e+04 2.120618e+01
2.506800e+04 2.162368e+01
2.506900e+04 2.388207e+01
2.507000e+04 1.817545e+01
2.507100e+04 1.926501e+01
2.507200e+04 2.123577e+01
2.507300e+04 2.000001e+01
2.507400e+04 1.883915e+01
2.507500e+04 2.500073e+01
2.507600e+04 2.373056e+01
2.507700e+04 1.772645e+01
2.507800e+04 1.842752e+01
2.507900e+04 2.281837e+01
2.508000e+04 1.825956e+01
2.508100e+04 2.029131e+01
2.508200e+04 1.910835e+01
2.508300e+04 2.459136e+01
2.508400e+04 1.961913e+01
2.508500e+04 1.744692e+01
2.508600e+04 2.099756e+01
2.508700e+04 1.858174e+01
2.508800e+04 2.423144e+01
2.508900e+04 2.671118e+01
2.509000e+04 2.424632e+01
2.509100e+04 2.286401e+01
2.509200e+04 2.392117e+01
2.509300e+04 1.742433e+01
2.509400e+04 1.968328e+01
2.509500e+04 2.229322e+01
2.509600e+04 2.216959e+01
2.509700e+04 2.521886e+01
2.509800e+04 2.071100e+01
2.509900e+04 2.216132e+01
2.510000e+04 2.205348e+01
2.510100e+04 2.323359e+01
2.510200e+04 2.315736e+01
2.510300e+04 2.184246e+01
2.510400e+04 1.743634e+01
2.510500e+04 2.128127e+01
2.510600e+04 2.097850e+01
2.510700e+04 2.280100e+01
2.510800e+04 1.954341e+01
2.510900e+04 1.623076e+01
2.511000e+04 2.178254e+01
2.511100e+04 2.254431e+01
2.511200e+04 1.668017e+01
2.511300e+04 1.779559e+01
2.511400e+04 2.130391e+01
2.511500e+04 1.777308e+01
2.511600e+04 2.471534e+01
2.511700e+04 2.157091e+01
2.511800e+04 2.191733e+01
2.511900e+04 1.558290e+01
2.512000e+04 1.912399e+01
2.512100e+04 2.117775e+01
2.512200e+04 1.655907e+01
2.512300e+04 1.942339e+01
2.512400e+04 2.177749e+01
2.512500e+04 1.835782e+01
2.512600e+04 1.664291e+01
2.512700e+04 1.614829e+01
2.512800e+04 1.930286e+01
2.512900e+04 2.368028e+01
2.513000e+04 1.775973e+01
2.513100e+04 2.184869e+01
2.513200e+04 1.806255e+01
2.513300e+04 2.150656e+01
2.513400e+04 2.109683e+01
2.513500e+04 1.788861e+01
2.513600e+04 1.763210e+01
2.513700e+04 1.935175e+01
2.513800e+04 1.800976e+01
2.513900e+04 2.001735e+01
2.514000e+04 2.126913e+01
2.514100e+04 2.242626e+01
2.514200e+04 1.837283e+01
2.514300e+04 2.299988e+01
2.514400e+04 1.879147e+01
2.514500e+04 2.170625e+01
2.514600e+04 2.059116e+01
2.514700e+04 1.905447e+01
2.514800e+04 2.072695e+01
2.514900e+04 1.542777e+01
2.515000e+04 2.046404e+01
2.515100e+04 1.483749e+01
2.515200e+04 1.772643e+01
2.515300e+04 1.523264e+01
2.515400e+04 1.913009e+01
2.515500e+04 1.531981e+01
2.515600e+04 1.641436e+01
2.515700e+04 1.825449e+01
2.515800e+04 1.588646e+01
2.515900e+04 2.066117e+01
2.516000e+04 2.231404e+01
2.516100e+04 2.315840e+01
2.516200e+04 2.286202e+01
2.516300e+04 2.179764e+01
2.516400e+04 2.017613e+01
2.516500e+04 1.581134e+01
2.516600e+04 1.532517e+01
2.516700e+04 2.049280e+01
2.516800e+04 2.259435e+01
2.516900e+04 2.621887e+01
2.517000e+04 2.620281e+01
2.517100e+04 2.548964e+01
2.517200e+04 2.514439e+01
2.517300e+04 2.280013e+01
2.517400e+04 1.891475e+01
2.517500e+04 1.782371e+01
2.517600e+04 1.877754e+01
2.517700e+04 2.405703e+01
2.517800e+04 2.061615e+01
2.517900e+04 2.318290e+01
2.518000e+04 2.138766e+01
2.518100e+04 1.893165e+01
2.518200e+04 2.183926e+01
2.518300e+04 2.076985e+01
2.518400e+04 1.732622e+01
2.518500e+04 2.046193e+01
2.518600e+04 2.060007e+01
2.518700e+04 2.095061e+01
2.518800e+04 2.317237e+01
2.518900e+04 2.119181e+01
2.519000e+04 1.896569e+01
2.519100e+04 2.232298e+01
2.519200e+04 2.402608e+01
2.519300e+04 2.011148e+01
2.519400e+04 1.441242e+01
2.519500e+04 1.722243e+01
2.519600e+04 1.400827e+01
2.519700e+04 1.826184e+01
2.519800e+04 1.642801e+01
2.519900e+04 2.061842e+01
2.520000e+04 2.232942e+01
2.520100e+04 2.215071e+01
2.520200e+04 2.076857e+01
2.520300e+04 1.714077e+01
2.520400e+04 2.284977e+01
2.520500e+04 1.540518e+01
2.520600e+04 1.487096e+01
2.520700e+04 1.899436e+01
2.520800e+04 2.302208e+01
2.520900e+04 1.670168e+01
2.521000e+04 2.069816e+01
2.521100e+04 2.373246e+01
2.521200e+04 1.847467e+01
2.521300e+04 2.262705e+01
2.521400e+04 2.178118e+01
2.521500e+04 2.252898e+01
2.521600e+04 2.454132e+01
2.521700e+04 1.784447e+01
2.521800e+04 2.083547e+01
2.521900e+04 1.920072e+01
2.522000e+04 2.334719e+01
2.522100e+04 1.943554e+01
2.522200e+04 1.418229e+01
2.522300e+04 1.840092e+01
2.522400e+04 1.972031e+01
2.522500e+04 2.454248e+01
2.522600e+04 2.225463e+01
2.522700e+04 2.280462e+01
2.522800e+04 1.511567e+01
2.522900e+04 2.300152e+01
2.523000e+04 2.531163e+01
2.523100e+04 1.855790e+01
2.523200e+04 2.108545e+01
2.523300e+04 1.622422e+01
2.523400e+04 2.241531e+01
2.523500e+04 2.073355e+01
2.523600e+04 1.958841e+01
2.523700e+04 2.284636e+01
2.523800e+04 1.871732e+01
2.523900e+04 1.426081e+01
2.524000e+04 1.705277e+01
2.524100e+04 1.783927e+01
2.524200e+04 1.653686e+01
2.524300e+04 1.984483e+01
2.524400e+04 1.985599e+01
2.524500e+04 1.725652e+01
2.524600e+04 1.884354e+01
2.524700e+04 1.861135e+01
2.524800e+04 1.818987e+01
2.524900e+04 1.726878e+01
2.525000e+04 2.362245e+01
2.525100e+04 2.016835e+01
2.525200e+04 2.137183e+01
2.525300e+04 2.108415e+01
2.525400e+04 1.533236e+01
2.525500e+04 1.880670e+01
2.525600e+04 1.782870e+01
2.525700e+04 1.975260e+01
2.525800e+04 1.764280e+01
2.525900e+04 1.760203e+01
2.526000e+04 2.356555e+01
2.526100e+04 1.929715e+01
2.526200e+04 1.936747e+01
2.526300e+04 1.689548e+01
2.526400e+04 1.760224e+01
2.526500e+04 2.087635e+01
2.526600e+04 2.335425e+01
2.526700e+04 2.017425e+01
2.526800e+04 1.974795e+01
2.526900e+04 2.502105e+01
2.527000e+04 2.368359e+01
2.527100e+04 2.275231e+01
2.527200e+04 1.617726e+01
2.527300e+04 1.415169e+01
2.527400e+04 1.905336e+01
2.527500e+04 2.228717e+01
2.527600e+04 1.823193e+01
2.527700e+04 1.465749e+01
2.527800e+04 1.511917e+01
2.527900e+04 1.553937e+01
2.528000e+04 2.080301e+01
2.528100e+04 1.943671e+01
2.528200e+04 1.511689e+01
2.528300e+04 1.674047e+01
2.528400e+04 2.105132e+01
2.528500e+04 2.017699e+01
2.528600e+04 2.056584e+01
2.528700e+04 2.288466e+01
2.528800e+04 1.936638e+01
2.528900e+04 1.500025e+01
2.529000e+04 1.765665e+01
2.529100e+04 2.019836e+01
2.529200e+04 2.237803e+01
2.529300e+04 1.612638e+01
2.529400e+04 1.589535e+01
2.529500e+04 2.027014e+01
2.529600e+04 1.811488e+01
2.529700e+04 2.397445e+01
2.529800e+04 2.245887e+01
2.529900e+04 2.089699e+01
2.530000e+04 1.962575e+01
2.530100e+04 2.034127e+01
2.530200e+04 2.014592e+01
2.530300e+04 1.977020e+01
2.530400e+04 1.673982e+01
2.530500e+04 2.381999e+01
2.530600e+04 2.332666e+01
2.530700e+04 2.447990e+01
2.530800e+04 2.392842e+01
2.530900e+04 2.053034e+01
2.531000e+04 1.967762e+01
2.531100e+04 1.778533e+01
2.531200e+04 1.979203e+01
2.531300e+04 1.864665e+01
2.531400e+04 1.935450e+01
2.531500e+04 1.870966e+01
2.531600e+04 1.602414e+01
2.531700e+04 1.681963e+01
2.531800e+04 2.024169e+01
2.531900e+04 1.790465e+01
2.532000e+04 2.206792e+01
2.532100e+04 2.385892e+01
2.532200e+04 2.541300e+01
2.532300e+04 1.989946e+01
2.532400e+04 2.323897e+01
2.532500e+04 2.203945e+01
2.532600e+04 1.992803e+01
2.532700e+04 1.932810e+01
2.532800e+04 1.478958e+01
2.532900e+04 1.933102e+01
2.533000e+04 2.060310e+01
2.533100e+04 2.099606e+01
2.533200e+04 1.640299e+01
2.533300e+04 1.449852e+01
2.533400e+04 1.934692e+01
2.533500e+04 1.781687e+01
2.533600e+04 2.174468e+01
2.533700e+04 1.956631e+01
2.533800e+04 1.611631e+01
2.533900e+04 2.278741e+01
2.534000e+04 2.355833e+01
2.534100e+04 2.017982e+01
2.534200e+04 2.171856e+01
2.534300e+04 1.862624e+01
2.534400e+04 2.295141e+01
2.534500e+04 2.071253e+01
2.534600e+04 1.918308e+01
2.534700e+04 2.336635e+01
2.534800e+04 1.816414e+01
2.534900e+04 1.958764e+01
2.535000e+04 2.177383e+01
2.535100e+04 1.653577e+01
2.535200e+04 1.521606e+01
2.535300e+04 1.660290e+01
2.535400e+04 2.064125e+01
2.535500e+04 1.558856e+01
2.535600e+04 1.891930e+01
2.535700e+04 1.649937e+01
2.535800e+04 1.835828e+01
2.535900e+04 1.972283e+01
2.536000e+04 1.848152e+01
2.536100e+04 1.772640e+01
2.536200e+04 1.464357e+01
2.536300e+04 1.828317e+01
2.536400e+04 1.365490e+01
2.536500e+04 2.036008e+01
2.536600e+04 2.072252e+01
2.536700e+04 2.164762e+01
2.536800e+04 2.085351e+01
2.536900e+04 1.689493e+01
2.537000e+04 1.956238e+01
2.537100e+04 1.474351e+01
2.537200e+04 2.088112e+01
2.537300e+04 1.533964e+01
2.537400e+04 1.898275e+01
2.537500e+04 1.958733e+01
2.537600e+04 2.284204e+01
2.537700e+04 1.384419e+01
2.537800e+04 1.787010e+01
2.537900e+04 1.435158e+01
2.538000e+04 2.185161e+01
2.538100e+04 1.885354e+01
2.538200e+04 2.177918e+01
2.538300e+04 2.499166e+01
2.538400e+04 2.218939e+01
2.538500e+04 1.690972e+01
2.538600e+04 2.165557e+01
2.538700e+04 1.897934e+01
2.538800e+04 1.866700e+01
2.538900e+04 1.836259e+01
2.539000e+04 2.153329e+01
2.539100e+04 1.645759e+01
2.539200e+04 1.699923e+01
2.539300e+04 1.488980e+01
2.539400e+04 1.962916e+01
2.539500e+04 2.113320e+01
2.539600e+04 1.649564e+01
2.539700e+04 1.504405e+01
2.539800e+04 1.913609e+01
2.539900e+04 2.011853e+01
2.540000e+04 1.968970e+01
2.540100e+04 2.069582e+01
2.540200e+04 2.127336e+01
2.540300e+04 1.859191e+01
2.540400e+04 2.074464e+01
2.540500e+04 1.723128e+01
2.540600e+04 1.628895e+01
2.540700e+04 1.812722e+01
2.540800e+04 1.725601e+01
2.540900e+04 1.720934e+01
2.541000e+04 2.090487e+01
2.541100e+04 1.729861e+01
2.541200e+04 1.699662e+01
2.541300e+04 2.172651e+01
2.541400e+04 2.002983e+01
2.541500e+04 2.142641e+01
2.541600e+04 2.035078e+01
2.541700e+04 1.761984e+01
2.541800e+04 1.741189e+01
2.541900e+04 1.547402e+01
2.542000e+04 1.966073e+01
2.542100e+04 2.213794e+01
2.542200e+04 1.937358e+01
2.542300e+04 2.272479e+01
2.542400e+04 2.064356e+01
2.542500e+04 2.283749e+01
2.542600e+04 1.691073e+01
2.542700e+04 1.882038e+01
2.542800e+04 1.746409e+01
2.542900e+04 1.351888e+01
2.543000e+04 2.063591e+01
2.543100e+04 1.504651e+01
2.543200e+04 1.649418e+01
2.543300e+04 2.058778e+01
2.543400e+04 2.001263e+01
2.543500e+04 1.702173e+01
2.543600e+04 1.808649e+01
2.543700e+04 1.389286e+01
2.543800e+04 1.850669e+01
2.543900e+04 1.829189e+01
2.544000e+04 1.742773e+01
2.544100e+04 1.606716e+01
2.544200e+04 1.860576e+01
2.544300e+04 1.959351e+01
2.544400e+04 1.901772e+01
2.544500e+04 1.848400e+01
2.544600e+04 1.962535e+01
2.544700e+04 1.801846e+01
2.544800e+04 2.411125e+01
2.544900e+04 2.334385e+01
2.545000e+04 2.031105e+01
2.545100e+04 1.932499e+01
2.545200e+04 1.769055e+01
2.545300e+04 2.007224e+01
2.545400e+04 2.190763e+01
2.545500e+04 2.182819e+01
2.545600e+04 1.970488e+01
2.545700e+04 1.596513e+01
2.545800e+04 1.501734e+01
2.545900e+04 2.338394e+01
2.546000e+04 2.189187e+01
2.546100e+04 1.966063e+01
2.546200e+04 1.998472e+01
2.546300e+04 1.841012e+01
2.546400e+04 2.024360e+01
2.546500e+04 2.135682e+01
2.546600e+04 1.927041e+01
2.546700e+04 1.664028e+01
2.546800e+04 2.211511e+01
2.546900e+04 1.916041e+01
2.547000e+04 1.890693e+01
2.547100e+04 1.288643e+01
2.547200e+04 1.545292e+01
2.547300e+04 2.254123e+01
2.547400e+04 2.211340e+01
2.547500e+04 1.684310e+01
2.547600e+04 2.038614e+01
2.547700e+04 1.539360e+01
2.547800e+04 2.259632e+01
2.547900e+04 2.485956e+01
2.548000e+04 1.968704e+01
2.548100e+04 1.894643e+01
2.548200e+04 1.841368e+01
2.548300e+04 1.821656e+01
2.548400e+04 1.524811e+01
2.548500e+04 1.916365e+01
2.548600e+04 1.951674e+01
2.548700e+04 1.693425e+01
2.548800e+04 2.023112e+01
2.548900e+04 1.860539e+01
2.549000e+04 1.968794e+01
2.549100e+04 1.665579e+01
2.549200e+04 1.403840e+01
2.549300e+04 1.814569e+01
2.549400e+04 1.844121e+01
2.549500e+04 2.101010e+01
2.549600e+04 2.282746e+01
2.549700e+04 1.877995e+01
2.549800e+04 2.103054e+01
2.549900e+04 1.676922e+01
2.550000e+04 1.745742e+01
2.550100e+04 1.459223e+01
2.550200e+04 1.644881e+01
2.550300e+04 1.865683e+01
2.550400e+04 1.927664e+01
2.550500e+04 2.142472e+01
2.550600e+04 2.160910e+01
2.550700e+04 2.085694e+01
2.550800e+04 1.633272e+01
2.550900e+04 1.872832e+01
2.551000e+04 1.533718e+01
2.551100e+04 2.165306e+01
2.551200e+04 1.796340e+01
2.551300e+04 2.031770e+01
2.551400e+04 2.192196e+01
2.551500e+04 2.228125e+01
2.551600e+04 2.375528e+01
2.551700e+04 2.023390e+01
2.551800e+04 1.842352e+01
2.551900e+04 2.087693e+01
2.552000e+04 1.752158e+01
2.552100e+04 1.565677e+01
2.552200e+04 1.441428e+01
2.552300e+04 1.898637e+01
2.552400e+04 2.071893e+01
2.552500e+04 2.073377e+01
2.552600e+04 2.195893e+01
2.552700e+04 1.669428e+01
2.552800e+04 1.105466e+01
2.552900e+04 1.742205e+01
2.553000e+04 2.270168e+01
2.553100e+04 1.640720e+01
2.553200e+04 1.868062e+01
2.553300e+04 1.797777e+01
2.553400e+04 1.298856e+01
2.553500e+04 2.005477e+01
2.553600e+04 2.190919e+01
2.553700e+04 2.141693e+01
2.553800e+04 2.335808e+01
2.553900e+04 1.779754e+01
2.554000e+04 1.788565e+01
2.554100e+04 1.802206e+01
2.554200e+04 1.974547e+01
2.554300e+04 2.449981e+01
2.554400e+04 2.225720e+01
2.554500e+04 1.950578e+01
2.554600e+04 1.889934e+01
2.554700e+04 1.851179e+01
2.554800e+04 1.928046e+01
2.554900e+04 1.974819e+01
2.555000e+04 2.092655e+01
2.555100e+04 1.731512e+01
2.555200e+04 1.854355e+01
2.555300e+04 1.631444e+01
2.555400e+04 1.590521e+01
2.555500e+04 1.850612e+01
2.555600e+04 1.980444e+01
2.555700e+04 2.171317e+01
2.555800e+04 1.932845e+01
2.555900e+04 2.004912e+01
2.556000e+04 1.948370e+01
2.556100e+04 1.455628e+01
2.556200e+04 2.071216e+01
2.556300e+04 1.664195e+01
2.556400e+04 1.482284e+01
2.556500e+04 1.832701e+01
2.556600e+04 2.058820e+01
2.556700e+04 1.284697e+01
2.556800e+04 2.089771e+01
2.556900e+04 2.048810e+01
2.557000e+04 1.667774e+01
2.557100e+04 1.825622e+01
2.557200e+04 1.788280e+01
2.557300e+04 1.941213e+01
2.557400e+04 2.306403e+01
2.557500e+04 1.790631e+01
2.557600e+04 1.809706e+01
2.557700e+04 1.665562e+01
2.557800e+04 2.036090e+01
2.557900e+04 1.874181e+01
2.558000e+04 2.099227e+01
2.558100e+04 1.627047e+01
2.558200e+04 2.209733e+01
2.558300e+04 1.718784e+01
2.558400e+04 2.013932e+01
2.558500e+04 1.684789e+01
2.558600e+04 1.988747e+01
2.558700e+04 2.181204e+01
2.558800e+04 2.276809e+01
2.558900e+04 2.223820e+01
2.559000e+04 2.145305e+01
2.559100e+04 1.624512e+01
2.559200e+04 2.268006e+01
2.559300e+04 1.639763e+01
2.559400e+04 1.615809e+01
2.559500e+04 1.954923e+01
2.559600e+04 1.772411e+01
2.559700e+04 2.058730e+01
2.559800e+04 1.745837e+01
2.559900e+04 2.238036e+01
2.560000e+04 1.703840e+01
2.560100e+04 1.322218e+01
2.560200e+04 1.766822e+01
2.560300e+04 2.286340e+01
2.560400e+04 2.089150e+01
2.560500e+04 1.696686e+01
2.560600e+04 1.573205e+01
2.560700e+04 1.917748e+01
2.560800e+04 1.418458e+01
2.560900e+04 1.594131e+01
2.561000e+04 1.617762e+01
2.561100e+04 1.946956e+01
2.561200e+04 1.761361e+01
2.561300e+04 1.374869e+01
2.561400e+04 1.366161e+01
2.561500e+04 1.992255e+01
2.561600e+04 2.042151e+01
2.561700e+04 2.037140e+01
2.561800e+04 1.831211e+01
2.561900e+04 2.278366e+01
2.562000e+04 2.161685e+01
2.562100e+04 2.021020e+01
2.562200e+04 1.787368e+01
2.562300e+04 2.136582e+01
2.562400e+04 1.839767e+01
2.562500e+04 1.688092e+01
2.562600e+04 1.381950e+01
2.562700e+04 1.727646e+01
2.562800e+04 2.095708e+01
2.562900e+04 1.356327e+01
2.563000e+04 1.479075e+01
2.563100e+04 1.662720e+01
2.563200e+04 2.092562e+01
2.563300e+04 1.890238e+01
2.563400e+04 2.068526e+01
2.563500e+04 1.842573e+01
2.563600e+04 1.439074e+01
2.563700e+04 1.550220e+01
2.563800e+04 1.993181e+01
2.563900e+04 2.091704e+01
2.564000e+04 1.784675e+01
2.564100e+04 2.236488e+01
2.564200e+04 2.185329e+01
2.564300e+04 1.896425e+01
2.564400e+04 1.712857e+01
2.564500e+04 1.317999e+01
2.564600e+04 1.383338e+01
2.564700e+04 1.916216e+01
2.564800e+04 2.026056e+01
2.564900e+04 1.916626e+01
2.565000e+04 1.983368e+01
2.565100e+04 1.605104e+01
2.565200e+04 1.965892e+01
2.565300e+04 2.256670e+01
2.565400e+04 1.801184e+01
2.565500e+04 1.982449e+01
2.565600e+04 1.953304e+01
2.565700e+04 1.961683e+01
2.565800e+04 2.094946e+01
2.565900e+04 1.782691e+01
2.566000e+04 1.608453e+01
2.566100e+04 1.823019e+01
2.566200e+04 2.044175e+01
2.566300e+04 2.238267e+01
2.566400e+04 1.520680e+01
2.566500e+04 1.542605e+01
2.566600e+04 1.513084e+01
2.566700e+04 1.651524e+01
2.566800e+04 1.881619e+01
2.566900e+04 1.896460e+01
2.567000e+04 1.889838e+01
2.567100e+04 2.080755e+01
2.567200e+04 1.861417e+01
2.567300e+04 1.334802e+01
2.567400e+04 1.869054e+01
2.567500e+04 1.849314e+01
2.567600e+04 2.348508e+01
2.567700e+04 2.027009e+01
2.567800e+04 1.843449e+01
2.567900e+04 1.843907e+01
2.568000e+04 1.616986e+01
2.568100e+04 1.991655e+01
2.568200e+04 2.185186e+01
2.568300e+04 2.039871e+01
2.568400e+04 1.765286e+01
2.568500e+04 1.823060e+01
2.568600e+04 1.756257e+01
2.568700e+04 1.729817e+01
2.568800e+04 1.782136e+01
2.568900e+04 1.685888e+01
2.569000e+04 1.589730e+01
2.569100e+04 1.964247e+01
2.569200e+04 2.061852e+01
2.569300e+04 1.460094e+01
2.569400e+04 2.167955e+01
2.569500e+04 1.526625e+01
2.569600e+04 1.852257e+01
2.569700e+04 1.770064e+01
2.569800e+04 1.517333e+01
2.569900e+04 1.240884e+01
2.570000e+04 1.425302e+01
2.570100e+04 1.975873e+01
2.570200e+04 1.862107e+01
2.570300e+04 2.106617e+01
2.570400e+04 2.187734e+01
2.570500e+04 1.941059e+01
2.570600e+04 1.897957e+01
2.570700e+04 1.735187e+01
2.570800e+04 1.901080e+01
2.570900e+04 2.279796e+01
2.571000e+04 2.239952e+01
2.571100e+04 2.284834e+01
2.571200e+04 2.197723e+01
2.571300e+04 2.339856e+01
2.571400e+04 2.307955e+01
2.571500e+04 2.190772e+01
2.571600e+04 1.695689e+01
2.571700e+04 2.109490e+01
2.571800e+04 2.174786e+01
2.571900e+04 2.203089e+01
2.572000e+04 1.775505e+01
2.572100e+04 1.693610e+01
2.572200e+04 1.814397e+01
2.572300e+04 1.990541e+01
2.572400e+04 2.101572e+01
2.572500e+04 2.090267e+01
2.572600e+04 2.098241e+01
2.572700e+04 1.629861e+01
2.572800e+04 1.965641e+01
2.572900e+04 2.112382e+01
2.573000e+04 2.081357e+01
2.573100e+04 1.591882e+01
2.573200e+04 1.821677e+01
2.573300e+04 1.528089e+01
2.573400e+04 2.157798e+01
2.573500e+04 1.603392e+01
2.573600e+04 1.283450e+01
2.573700e+04 2.170214e+01
2.573800e+04 1.727413e+01
2.573900e+04 1.891497e+01
2.574000e+04 1.642326e+01
2.574100e+04 1.884077e+01
2.574200e+04 1.418091e+01
2.574300e+04 2.084553e+01
2.574400e+04 2.159860e+01
2.574500e+04 2.021379e+01
2.574600e+04 1.830010e+01
2.574700e+04 1.313050e+01
2.574800e+04 1.796276e+01
2.574900e+04 1.739672e+01
2.575000e+04 1.889570e+01
2.575100e+04 1.597662e+01
2.575200e+04 2.177546e+01
2.575300e+04 1.948162e+01
2.575400e+04 1.737875e+01
2.575500e+04 1.730370e+01
2.575600e+04 1.750669e+01
2.575700e+04 1.715637e+01
2.575800e+04 1.673101e+01
2.575900e+04 1.910800e+01
2.576000e+04 1.568124e+01
2.576100e+04 1.704155e+01
2.576200e+04 1.615804e+01
2.576300e+04 1.965605e+01
2.576400e+04 2.086836e+01
2.576500e+04 1.760739e+01
2.576600e+04 1.362498e+01
2.576700e+04 1.801962e+01
2.576800e+04 1.591427e+01
2.576900e+04 2.228262e+01
2.577000e+04 1.645821e+01
2.577100e+04 1.403245e+01
2.577200e+04 1.332849e+01
2.577300e+04 1.706058e+01
2.577400e+04 1.961617e+01
2.577500e+04 1.631149e+01
2.577600e+04 1.829713e+01
2.577700e+04 1.613452e+01
2.577800e+04 1.933100e+01
2.577900e+04 1.533234e+01
2.578000e+04 1.658286e+01
2.578100e+04 1.816664e+01
2.578200e+04 1.841187e+01
2.578300e+04 1.338121e+01
2.578400e+04 1.519264e+01
2.578500e+04 2.067772e+01
2.578600e+04 1.877023e+01
2.578700e+04 1.792229e+01
2.578800e+04 1.853762e+01
2.578900e+04 1.503396e+01
2.579000e+04 1.729064e+01
2.579100e+04 2.312999e+01
2.579200e+04 1.959624e+01
2.579300e+04 1.606208e+01
2.579400e+04 1.976397e+01
2.579500e+04 1.732607e+01
2.579600e+04 1.826232e+01
2.579700e+04 2.062820e+01
2.579800e+04 1.869692e+01
2.579900e+04 2.130777e+01
2.580000e+04 1.943895e+01
2.580100e+04 1.995684e+01
2.580200e+04 2.024263e+01
2.580300e+04 2.186147e+01
2.580400e+04 2.220058e+01
2.580500e+04 1.826188e+01
2.580600e+04 2.108736e+01
2.580700e+04 1.816463e+01
2.580800e+04 2.118080e+01
2.580900e+04 1.883387e+01
2.581000e+04 1.986822e+01
2.581100e+04 1.663677e+01
2.581200e+04 1.898698e+01
2.581300e+04 1.720991e+01
2.581400e+04 1.827978e+01
2.581500e+04 1.531612e+01
2.581600e+04 2.002445e+01
2.581700e+04 1.705169e+01
2.581800e+04 1.828480e+01
2.581900e+04 1.586729e+01
2.582000e+04 1.934870e+01
2.582100e+04 1.766143e+01
2.582200e+04 1.992151e+01
2.582300e+04 2.225455e+01
2.582400e+04 1.793766e+01
2.582500e+04 1.667640e+01
2.582600e+04 1.801830e+01
2.582700e+04 1.854652e+01
2.582800e+04 1.631242e+01
2.582900e+04 1.546391e+01
2.583000e+04 1.381940e+01
2.583100e+04 1.823733e+01
2.583200e+04 1.623054e+01
2.583300e+04 1.913332e+01
2.583400e+04 1.943360e+01
2.583500e+04 1.670491e+01
2.583600e+04 2.010264e+01
2.583700e+04 1.964613e+01
2.583800e+04 1.755908e+01
2.583900e+04 1.336029e+01
2.584000e+04 1.771498e+01
2.584100e+04 1.957805e+01
2.584200e+04 1.988464e+01
2.584300e+04 2.069352e+01
2.584400e+04 2.148619e+01
2.584500e+04 1.658267e+01
2.584600e+04 1.678557e+01
2.584700e+04 2.001493e+01
2.584800e+04 1.867468e+01
2.584900e+04 1.479828e+01
2.585000e+04 1.652499e+01
2.585100e+04 1.485430e+01
2.585200e+04 2.093387e+01
2.585300e+04 2.188558e+01
2.585400e+04 1.784428e+01
2.585500e+04 1.989626e+01
2.585600e+04 1.833193e+01
2.585700e+04 2.133654e+01
2.585800e+04 2.336591e+01
2.585900e+04 1.914510e+01
2.586000e+04 2.088936e+01
2.586100e+04 1.815771e+01
2.586200e+04 1.931468e+01
2.586300e+04 2.149483e+01
2.586400e+04 2.125834e+01
2.586500e+04 2.126059e+01
2.586600e+04 1.952577e+01
2.586700e+04 2.164273e+01
2.586800e+04 1.666766e+01
2.586900e+04 2.155384e+01
2.587000e+04 1.912278e+01
2.587100e+04 1.792761e+01
2.587200e+04 1.308614e+01
2.587300e+04 1.293757e+01
2.587400e+04 1.764872e+01
2.587500e+04 1.845803e+01
2.587600e+04 1.846139e+01
2.587700e+04 1.684367e+01
2.587800e+04 1.582576e+01
2.587900e+04 2.222083e+01
2.588000e+04 2.330729e+01
2.588100e+04 1.731343e+01
2.588200e+04 1.541416e+01
2.588300e+04 1.510429e+01
2.588400e+04 1.518366e+01
2.588500e+04 1.903782e+01
2.588600e+04 1.971506e+01
2.588700e+04 1.942007e+01
2.588800e+04 1.754973e+01
2.588900e+04 2.178831e+01
2.589000e+04 1.784090e+01
2.589100e+04 1.730594e+01
2.589200e+04 1.712711e+01
2.589300e+04 1.601073e+01
2.589400e+04 1.825911e+01
2.589500e+04 1.613572e+01
2.589600e+04 1.912579e+01
2.589700e+04 1.561979e+01
2.589800e+04 1.740488e+01
2.589900e+04 1.810142e+01
2.590000e+04 1.744593e+01
2.590100e+04 2.195294e+01
2.590200e+04 2.113794e+01
2.590300e+04 1.773668e+01
2.590400e+04 1.547214e+01
2.590500e+04 1.763202e+01
2.590600e+04 1.699879e+01
2.590700e+04 1.993763e+01
2.590800e+04 1.852531e+01
2.590900e+04 1.729971e+01
2.591000e+04 1.917826e+01
2.591100e+04 1.524029e+01
2.591200e+04 2.089791e+01
2.591300e+04 1.860589e+01
2.591400e+04 1.649289e+01
2.591500e+04 1.847510e+01
2.591600e+04 2.139726e+01
2.591700e+04 2.035225e+01
2.591800e+04 2.155196e+01
2.591900e+04 1.655083e+01
2.592000e+04 2.014471e+01
2.592100e+04 1.744846e+01
2.592200e+04 2.047305e+01
2.592300e+04 2.232580e+01
2.592400e+04 1.498590e+01
2.592500e+04 1.872373e+01
2.592600e+04 1.372258e+01
2.592700e+04 2.025460e+01
2.592800e+04 2.042157e+01
2.592900e+04 1.881332e+01
2.593000e+04 1.611689e+01
2.593100e+04 1.579081e+01
2.593200e+04 1.518656e+01
2.593300e+04 1.702706e+01
2.593400e+04 1.541564e+01
2.593500e+04 1.898881e+01
2.593600e+04 2.031589e+01
2.593700e+04 2.090177e+01
2.593800e+04 2.192535e+01
2.593900e+04 1.601670e+01
2.594000e+04 2.014499e+01
2.594100e+04 2.130950e+01
2.594200e+04 1.796139e+01
2.594300e+04 1.782250e+01
2.594400e+04 1.331463e+01
2.594500e+04 1.880796e+01
2.594600e+04 1.690702e+01
2.594700e+04 1.285489e+01
2.594800e+04 1.799173e+01
2.594900e+04 1.725294e+01
2.595000e+04 1.732104e+01
2.595100e+04 1.883458e+01
2.595200e+04 2.050247e+01
2.595300e+04 1.537431e+01
2.595400e+04 1.831085e+01
2.595500e+04 2.124648e+01
2.595600e+04 1.946868e+01
2.595700e+04 1.799247e+01
2.595800e+04 1.875126e+01
2.595900e+04 1.800471e+01
2.596000e+04 1.399450e+01
2.596100e+04 1.934628e+01
2.596200e+04 1.987038e+01
2.596300e+04 1.859397e+01
2.596400e+04 1.980654e+01
2.596500e+04 1.626717e+01
2.596600e+04 1.800040e+01
2.596700e+04 1.660558e+01
2.596800e+04 2.067404e+01
2.596900e+04 2.183291e+01
2.597000e+04 1.829111e+01
2.597100e+04 2.197706e+01
2.597200e+04 1.808681e+01
2.597300e+04 1.451969e+01
2.597400e+04 1.660261e+01
2.597500e+04 1.877448e+01
2.597600e+04 1.872578e+01
2.597700e+04 1.586973e+01
2.597800e+04 1.542922e+01
2.597900e+04 1.623988e+01
2.598000e+04 1.600610e+01
2.598100e+04 1.680734e+01
2.598200e+04 1.457334e+01
2.598300e+04 1.518216e+01
2.598400e+04 1.428011e+01
2.598500e+04 1.921910e+01
2.598600e+04 1.998757e+01
2.598700e+04 1.919954e+01
2.598800e+04 1.821872e+01
2.598900e+04 1.617371e+01
2.599000e+04 2.235795e+01
2.599100e+04 1.560493e+01
2.599200e+04 1.511349e+01
2.599300e+04 1.707718e+01
2.599400e+04 1.915330e+01
2.599500e+04 2.030263e+01
2.599600e+04 1.680198e+01
2.599700e+04 1.992041e+01
2.599800e+04 1.631035e+01
2.599900e+04 2.216615e+01
2.600000e+04 1.971924e+01
2.600100e+04 1.913081e+01
2.600200e+04 2.084738e+01
2.600300e+04 2.197895e+01
2.600400e+04 1.726004e+01
2.600500e+04 1.834464e+01
2.600600e+04 1.652590e+01
2.600700e+04 2.259805e+01
2.600800e+04 1.977806e+01
2.600900e+04 1.814878e+01
2.601000e+04 1.732294e+01
2.601100e+04 2.031008e+01
2.601200e+04 1.770227e+01
2.601300e+04 1.724101e+01
2.601400e+04 1.933205e+01
2.601500e+04 1.753481e+01
2.601600e+04 1.422253e+01
2.601700e+04 1.510492e+01
2.601800e+04 1.643379e+01
2.601900e+04 1.794256e+01
2.602000e+04 2.235598e+01
2.602100e+04 1.979410e+01
2.602200e+04 2.023544e+01
2.602300e+04 1.981138e+01
2.602400e+04 1.869735e+01
2.602500e+04 2.052095e+01
2.602600e+04 1.785468e+01
2.602700e+04 1.807306e+01
2.602800e+04 2.071983e+01
2.602900e+04 2.266947e+01
2.603000e+04 1.975898e+01
2.603100e+04 1.384609e+01
2.603200e+04 1.778912e+01
2.603300e+04 2.077915e+01
2.603400e+04 1.713779e+01
2.603500e+04 1.673766e+01
2.603600e+04 1.952848e+01
2.603700e+04 2.124062e+01
2.603800e+04 1.821904e+01
2.603900e+04 1.573770e+01
2.604000e+04 1.892823e+01
2.604100e+04 1.743571e+01
2.604200e+04 1.598872e+01
2.604300e+04 1.823490e+01
2.604400e+04 2.075365e+01
2.604500e+04 1.473984e+01
2.604600e+04 2.155273e+01
2.604700e+04 1.728862e+01
2.604800e+04 1.942330e+01
2.604900e+04 1.669133e+01
2.605000e+04 1.689621e+01
2.605100e+04 1.815903e+01
2.605200e+04 1.795185e+01
2.605300e+04 2.164303e+01
2.605400e+04 1.925147e+01
2.605500e+04 2.073827e+01
2.605600e+04 1.399616e+01
2.605700e+04 1.803918e+01
2.605800e+04 2.032622e+01
2.605900e+04 1.628065e+01
2.606000e+04 1.747124e+01
2.606100e+04 2.271851e+01
2.606200e+04 1.824024e+01
2.606300e+04 1.539935e+01
2.606400e+04 1.702551e+01
2.606500e+04 1.719066e+01
2.606600e+04 1.791455e+01
2.606700e+04 2.063837e+01
2.606800e+04 2.161071e+01
2.606900e+04 2.306593e+01
2.607000e+04 1.726929e+01
2.607100e+04 1.792282e+01
2.607200e+04 1.917695e+01
2.607300e+04 2.275254e+01
2.607400e+04 1.774572e+01
2.607500e+04 1.541303e+01
2.607600e+04 1.484661e+01
2.607700e+04 1.791720e+01
2.607800e+04 1.607933e+01
2.607900e+04 1.884877e+01
2.608000e+04 1.955917e+01
2.608100e+04 1.568003e+01
2.608200e+04 1.664274e+01
2.608300e+04 1.774434e+01
2.608400e+04 1.718549e+01
2.608500e+04 1.484905e+01
2.608600e+04 1.448942e+01
2.608700e+04 1.646589e+01
2.608800e+04 1.471805e+01
2.608900e+04 1.889459e+01
2.609000e+04 1.605732e+01
2.609100e+04 1.663629e+01
2.609200e+04 1.668606e+01
2.609300e+04 2.055955e+01
2.609400e+04 2.013883e+01
2.609500e+04 1.794952e+01
2.609600e+04 1.875645e+01
2.609700e+04 1.342517e+01
2.609800e+04 1.606361e+01
2.609900e+04 1.927254e+01
2.610000e+04 1.899241e+01
2.610100e+04 1.677784e+01
2.610200e+04 1.765568e+01
2.610300e+04 2.045425e+01
2.610400e+04 2.017341e+01
2.610500e+04 2.023625e+01
2.610600e+04 1.886837e+01
2.610700e+04 1.644395e+01
2.610800e+04 2.085219e+01
2.610900e+04 2.147496e+01
2.611000e+04 2.152859e+01
2.611100e+04 1.788328e+01
2.611200e+04 2.021829e+01
2.611300e+04 2.006662e+01
2.611400e+04 1.665135e+01
2.611500e+04 1.982692e+01
2.611600e+04 2.029249e+01
2.611700e+04 2.125084e+01
2.611800e+04 1.927166e+01
2.611900e+04 1.934418e+01
2.612000e+04 1.898510e+01
2.612100e+04 2.151949e+01
2.612200e+04 1.927467e+01
2.612300e+04 1.993780e+01
2.612400e+04 1.862031e+01
2.612500e+04 1.920751e+01
2.612600e+04 1.798674e+01
2.612700e+04 1.716564e+01
2.612800e+04 1.521280e+01
2.612900e+04 2.084885e+01
2.613000e+04 1.932059e+01
2.613100e+04 1.693430e+01
2.613200e+04 1.518264e+01
2.613300e+04 2.069121e+01
2.613400e+04 1.673453e+01
2.613500e+04 2.031262e+01
2.613600e+04 2.170290e+01
2.613700e+04 1.869080e+01
2.613800e+04 1.683679e+01
2.613900e+04 1.560696e+01
2.614000e+04 2.041428e+01
2.614100e+04 1.966245e+01
2.614200e+04 1.985189e+01
2.614300e+04 1.789314e+01
2.614400e+04 1.665670e+01
2.614500e+04 1.861122e+01
2.614600e+04 1.960516e+01
2.614700e+04 1.727158e+01
2.614800e+04 1.422014e+01
2.614900e+04 1.555683e+01
2.615000e+04 1.988344e+01
2.615100e+04 1.898602e+01
2.615200e+04 2.093233e+01
2.615300e+04 1.886624e+01
2.615400e+04 1.803532e+01
2.615500e+04 1.703649e+01
2.615600e+04 1.956259e+01
2.615700e+04 2.223934e+01
2.615800e+04 1.881552e+01
2.615900e+04 1.907846e+01
2.616000e+04 1.813434e+01
2.616100e+04 1.745172e+01
2.616200e+04 1.942589e+01
2.616300e+04 1.867714e+01
2.616400e+04 2.208082e+01
2.616500e+04 1.559238e+01
2.616600e+04 1.407946e+01
2.616700e+04 2.139647e+01
2.616800e+04 1.881933e+01
2.616900e+04 1.988281e+01
2.617000e+04 1.613037e+01
2.617100e+04 1.687132e+01
2.617200e+04 2.013369e+01
2.617300e+04 1.582311e+01
2.617400e+04 2.017123e+01
2.617500e+04 1.863415e+01
2.617600e+04 1.710797e+01
2.617700e+04 1.847441e+01
2.617800e+04 1.858878e+01
2.617900e+04 1.309722e+01
2.618000e+04 1.436086e+01
2.618100e+04 1.745242e+01
2.618200e+04 1.796532e+01
2.618300e+04 2.191769e+01
2.618400e+04 1.945999e+01
2.618500e+04 1.693838e+01
2.618600e+04 1.650822e+01
2.618700e+04 1.311420e+01
2.618800e+04 1.930347e+01
2.618900e+04 1.484749e+01
2.619000e+04 1.754409e+01
2.619100e+04 1.899526e+01
2.619200e+04 1.749077e+01
2.619300e+04 1.770501e+01
2.619400e+04 1.878781e+01
2.619500e+04 1.572287e+01
2.619600e+04 1.571691e+01
2.619700e+04 1.584068e+01
2.619800e+04 1.889284e+01
2.619900e+04 2.057863e+01
2.620000e+04 1.483202e+01
2.620100e+04 1.694580e+01
2.620200e+04 2.146915e+01
2.620300e+04 2.148912e+01
2.620400e+04 1.826673e+01
2.620500e+04 1.316043e+01
2.620600e+04 1.704338e+01
2.620700e+04 1.559307e+01
2.620800e+04 1.642626e+01
2.620900e+04 2.092460e+01
2.621000e+04 2.369337e+01
2.621100e+04 2.233434e+01
2.621200e+04 1.798469e+01
2.621300e+04 1.793338e+01
2.621400e+04 1.955182e+01
2.621500e+04 1.545533e+01
2.621600e+04 1.748054e+01
2.621700e+04 1.579408e+01
2.621800e+04 1.982947e+01
2.621900e+04 1.941605e+01
2.622000e+04 1.562437e+01
2.622100e+04 1.647889e+01
2.622200e+04 1.953900e+01
2.622300e+04 1.563545e+01
2.622400e+04 1.773316e+01
2.622500e+04 2.078583e+01
2.622600e+04 1.939607e+01
2.622700e+04 1.730262e+01
2.622800e+04 1.448100e+01
2.622900e+04 1.676534e+01
2.623000e+04 1.951910e+01
2.623100e+04 1.621641e+01
2.623200e+04 1.877997e+01
2.623300e+04 1.772848e+01
2.623400e+04 2.142680e+01
2.623500e+04 1.701230e+01
2.623600e+04 2.085766e+01
2.623700e+04 1.899470e+01
2.623800e+04 1.773293e+01
2.623900e+04 1.816710e+01
2.624000e+04 1.954419e+01
2.624100e+04 1.802300e+01
2.624200e+04 1.526972e+01
2.624300e+04 1.688138e+01
2.624400e+04 1.857244e+01
2.624500e+04 2.221697e+01
2.624600e+04 1.883100e+01
2.624700e+04 1.766788e+01
2.624800e+04 2.043357e+01
2.624900e+04 1.563993e+01
2.625000e+04 1.843152e+01
2.625100e+04 1.933744e+01
2.625200e+04 1.796533e+01
2.625300e+04 2.197279e+01
2.625400e+04 1.784799e+01
2.625500e+04 1.432606e+01
2.625600e+04 1.385796e+01
2.625700e+04 2.050282e+01
2.625800e+04 1.965359e+01
2.625900e+04 1.545651e+01
2.626000e+04 1.793778e+01
2.626100e+04 1.836430e+01
2.626200e+04 2.056831e+01
2.626300e+04 1.577967e+01
2.626400e+04 1.509805e+01
2.626500e+04 2.060118e+01
2.626600e+04 1.764601e+01
2.626700e+04 1.589043e+01
2.626800e+04 1.616356e+01
2.626900e+04 1.559590e+01
2.627000e+04 1.942864e+01
2.627100e+04 1.893329e+01
2.627200e+04 1.805143e+01
2.627300e+04 1.966720e+01
2.627400e+04 1.571896e+01
2.627500e+04 1.985029e+01
2.627600e+04 1.934446e+01
2.627700e+04 1.562789e+01
2.627800e+04 2.027165e+01
2.627900e+04 1.808409e+01
2.628000e+04 1.797089e+01
2.628100e+04 1.991578e+01
2.628200e+04 1.927627e+01
2.628300e+04 2.087742e+01
2.628400e+04 1.831286e+01
2.628500e+04 1.665232e+01
2.628600e+04 1.925916e+01
2.628700e+04 1.861325e+01
2.628800e+04 1.741376e+01
2.628900e+04 1.926866e+01
2.629000e+04 1.873635e+01
2.629100e+04 1.894957e+01
2.629200e+04 1.768229e+01
2.629300e+04 2.045403e+01
2.629400e+04 2.044972e+01
2.629500e+04 1.714009e+01
2.629600e+04 1.905057e+01
2.629700e+04 1.930190e+01
2.629800e+04 1.647596e+01
2.629900e+04 1.954417e+01
2.630000e+04 1.870791e+01
2.630100e+04 1.755552e+01
2.630200e+04 1.805685e+01
2.630300e+04 1.432096e+01
2.630400e+04 1.731018e+01
2.630500e+04 1.492149e+01
2.630600e+04 1.205599e+01
2.630700e+04 1.888923e+01
2.630800e+04 2.039459e+01
2.630900e+04 1.538617e+01
2.631000e+04 1.970612e+01
2.631100e+04 2.012661e+01
2.631200e+04 1.717549e+01
2.631300e+04 1.544491e+01
2.631400e+04 1.837276e+01
2.631500e+04 2.081860e+01
2.631600e+04 1.678326e+01
2.631700e+04 1.928003e+01
2.631800e+04 2.179752e+01
2.631900e+04 1.783629e+01
2.632000e+04 1.758112e+01
2.632100e+04 1.803841e+01
2.632200e+04 2.019980e+01
2.632300e+04 1.718996e+01
2.632400e+04 1.365404e+01
2.632500e+04 1.736082e+01
2.632600e+04 2.021454e+01
2.632700e+04 1.930952e+01
2.632800e+04 2.014318e+01
2.632900e+04 1.965144e+01
2.633000e+04 2.038512e+01
2.633100e+04 1.479703e+01
2.633200e+04 1.831619e+01
2.633300e+04 1.742889e+01
2.633400e+04 2.011841e+01
2.633500e+04 1.642159e+01
2.633600e+04 2.008592e+01
2.633700e+04 1.866767e+01
2.633800e+04 1.794400e+01
2.633900e+04 1.662034e+01
2.634000e+04 1.582341e+01
2.634100e+04 1.609331e+01
2.634200e+04 1.688346e+01
2.634300e+04 1.631622e+01
2.634400e+04 1.369379e+01
2.634500e+04 1.542035e+01
2.634600e+04 1.517742e+01
2.634700e+04 1.803576e+01
2.634800e+04 1.612092e+01
2.634900e+04 1.573277e+01
2.635000e+04 1.828438e+01
2.635100e+04 1.966076e+01
2.635200e+04 1.692391e+01
2.635300e+04 2.011419e+01
2.635400e+04 1.847930e+01
2.635500e+04 1.646042e+01
2.635600e+04 1.686778e+01
2.635700e+04 2.139414e+01
2.635800e+04 1.953581e+01
2.635900e+04 1.584486e+01
2.636000e+04 1.558368e+01
2.636100e+04 1.917136e+01
2.636200e+04 1.606063e+01
2.636300e+04 1.668145e+01
2.636400e+04 1.783414e+01
2.636500e+04 1.877582e+01
2.636600e+04 1.966306e+01
2.636700e+04 2.023517e+01
2.636800e+04 1.995408e+01
2.636900e+04 1.651971e+01
2.637000e+04 1.932803e+01
2.637100e+04 1.957431e+01
2.637200e+04 1.683283e+01
2.637300e+04 1.937203e+01
2.637400e+04 1.658192e+01
2.637500e+04 2.138589e+01
2.637600e+04 1.912241e+01
2.637700e+04 1.956208e+01
2.637800e+04 1.773804e+01
2.637900e+04 1.895734e+01
2.638000e+04 1.536918e+01
2.638100e+04 1.720130e+01
2.638200e+04 1.701339e+01
2.638300e+04 1.983627e+01
2.638400e+04 1.995628e+01
2.638500e+04 1.797905e+01
2.638600e+04 1.570920e+01
2.638700e+04 1.903653e+01
2.638800e+04 1.713103e+01
2.638900e+04 1.704858e+01
2.639000e+04 1.887971e+01
2.639100e+04 2.063200e+01
2.639200e+04 1.961428e+01
2.639300e+04 1.891372e+01
2.639400e+04 1.752258e+01
2.639500e+04 2.079925e+01
2.639600e+04 2.117518e+01
2.639700e+04 1.739088e+01
2.639800e+04 2.039860e+01
2.639900e+04 2.019991e+01
2.640000e+04 1.801374e+01
2.640100e+04 1.633823e+01
2.640200e+04 1.451674e+01
2.640300e+04 1.733515e+01
2.640400e+04 1.644362e+01
2.640500e+04 1.843057e+01
2.640600e+04 1.552205e+01
2.640700e+04 1.854444e+01
2.640800e+04 1.467511e+01
2.640900e+04 1.424475e+01
2.641000e+04 1.676606e+01
2.641100e+04 1.519995e+01
2.641200e+04 1.609225e+01
2.641300e+04 2.013701e+01
2.641400e+04 1.668999e+01
2.641500e+04 2.020177e+01
2.641600e+04 1.498973e+01
2.641700e+04 1.669398e+01
2.641800e+04 1.618816e+01
2.641900e+04 1.520855e+01
2.642000e+04 1.737845e+01
2.642100e+04 1.675964e+01
2.642200e+04 2.039269e+01
2.642300e+04 1.450366e+01
2.642400e+04 1.649737e+01
2.642500e+04 1.945420e+01
2.642600e+04 1.889796e+01
2.642700e+04 2.026328e+01
2.642800e+04 1.759403e+01
2.642900e+04 1.659137e+01
2.643000e+04 1.797337e+01
2.643100e+04 1.844405e+01
2.643200e+04 1.744472e+01
2.643300e+04 1.834560e+01
2.643400e+04 1.704918e+01
2.643500e+04 1.913495e+01
2.643600e+04 1.995745e+01
2.643700e+04 2.192583e+01
2.643800e+04 1.761402e+01
2.643900e+04 1.722365e+01
2.644000e+04 1.601364e+01
2.644100e+04 1.553430e+01
2.644200e+04 1.634199e+01
2.644300e+04 2.046695e+01
2.644400e+04 2.023720e+01
2.644500e+04 1.805541e+01
2.644600e+04 1.985133e+01
2.644700e+04 2.049986e+01
2.644800e+04 2.006340e+01
2.644900e+04 1.601550e+01
2.645000e+04 1.710736e+01
2.645100e+04 1.843354e+01
2.645200e+04 1.732334e+01
2.645300e+04 1.778917e+01
2.645400e+04 1.498991e+01
2.645500e+04 1.650276e+01
2.645600e+04 1.847651e+01
2.645700e+04 1.502835e+01
2.645800e+04 1.558966e+01
2.645900e+04 1.567783e+01
2.646000e+04 1.389169e+01
2.646100e+04 1.720774e+01
2.646200e+04 1.996942e+01
2.646300e+04 1.941393e+01
2.646400e+04 1.480270e+01
2.646500e+04 1.806764e+01
2.646600e+04 2.013101e+01
2.646700e+04 1.517323e+01
2.646800e+04 1.815829e+01
2.646900e+04 1.721035e+01
2.647000e+04 1.823678e+01
2.647100e+04 1.778921e+01
2.647200e+04 1.785587e+01
2.647300e+04 1.941644e+01
2.647400e+04 1.780077e+01
2.647500e+04 1.997727e+01
2.647600e+04 1.741708e+01
2.647700e+04 1.554582e+01
2.647800e+04 1.814552e+01
2.647900e+04 1.895564e+01
2.648000e+04 1.480547e+01
2.648100e+04 1.580250e+01
2.648200e+04 1.740078e+01
2.648300e+04 2.023972e+01
2.648400e+04 2.089270e+01
2.648500e+04 1.315906e+01
2.648600e+04 1.857560e+01
2.648700e+04 1.788408e+01
2.648800e+04 1.726645e+01
2.648900e+04 2.077919e+01
2.649000e+04 1.999123e+01
2.649100e+04 1.738501e+01
2.649200e+04 1.730563e+01
2.649300e+04 1.496798e+01
2.649400e+04 1.747750e+01
2.649500e+04 1.924127e+01
2.649600e+04 1.898782e+01
2.649700e+04 1.555420e+01
2.649800e+04 1.588590e+01
2.649900e+04 1.879608e+01
2.650000e+04 1.978910e+01
2.650100e+04 1.910342e+01
2.650200e+04 1.851730e+01
2.650300e+04 1.605511e+01
2.650400e+04 1.648428e+01
2.650500e+04 1.827723e+01
2.650600e+04 1.751112e+01
2.650700e+04 1.903231e+01
2.650800e+04 1.968256e+01
2.650900e+04 1.877286e+01
2.651000e+04 1.676509e+01
2.651100e+04 1.864707e+01
2.651200e+04 1.642137e+01
2.651300e+04 1.894968e+01
2.651400e+04 1.701738e+01
2.651500e+04 1.979110e+01
2.651600e+04 1.837554e+01
2.651700e+04 1.892120e+01
2.651800e+04 1.552516e+01
2.651900e+04 1.968107e+01
2.652000e+04 1.587188e+01
2.652100e+04 1.845071e+01
2.652200e+04 1.791114e+01
2.652300e+04 1.892397e+01
2.652400e+04 1.803313e+01
2.652500e+04 1.413343e+01
2.652600e+04 1.380828e+01
2.652700e+04 1.970167e+01
2.652800e+04 1.537627e+01
2.652900e+04 1.867828e+01
2.653000e+04 2.110850e+01
2.653100e+04 1.928964e+01
2.653200e+04 1.972614e+01
2.653300e+04 1.905895e+01
2.653400e+04 2.045692e+01
2.653500e+04 1.844515e+01
2.653600e+04 1.702945e+01
2.653700e+04 1.974847e+01
2.653800e+04 1.808069e+01
2.653900e+04 1.850966e+01
2.654000e+04 1.910445e+01
2.654100e+04 1.835345e+01
2.654200e+04 2.062515e+01
2.654300e+04 1.849192e+01
2.654400e+04 1.924631e+01
2.654500e+04 1.791764e+01
2.654600e+04 1.594032e+01
2.654700e+04 1.730297e+01
2.654800e+04 1.541100e+01
2.654900e+04 1.501351e+01
2.655000e+04 1.851027e+01
2.655100e+04 1.879127e+01
2.655200e+04 2.046690e+01
2.655300e+04 1.971322e+01
2.655400e+04 2.011665e+01
2.655500e+04 1.382271e+01
2.655600e+04 1.285107e+01
2.655700e+04 1.444685e+01
2.655800e+04 1.951639e+01
2.655900e+04 1.907643e+01
2.656000e+04 2.227078e+01
2.656100e+04 2.048818e+01
2.656200e+04 1.815151e+01
2.656300e+04 1.633044e+01
2.656400e+04 2.035975e+01
2.656500e+04 1.573982e+01
2.656600e+04 1.462340e+01
2.656700e+04 1.473250e+01
2.656800e+04 1.454228e+01
2.656900e+04 2.012917e+01
2.657000e+04 1.917681e+01
2.657100e+04 1.944658e+01
2.657200e+04 1.855511e+01
2.657300e+04 1.805095e+01
2.657400e+04 1.751105e+01
2.657500e+04 2.008582e+01
2.657600e+04 2.132231e+01
2.657700e+04 2.017481e+01
2.657800e+04 1.956062e+01
2.657900e+04 1.724566e+01
2.658000e+04 1.892246e+01
2.658100e+04 1.729586e+01
2.658200e+04 1.958901e+01
2.658300e+04 1.901747e+01
2.658400e+04 1.912625e+01
2.658500e+04 2.033169e+01
2.658600e+04 2.012281e+01
2.658700e+04 1.884004e+01
2.658800e+04 2.161364e+01
2.658900e+04 1.816245e+01
2.659000e+04 1.714484e+01
2.659100e+04 1.933926e+01
2.659200e+04 1.929385e+01
2.659300e+04 2.002849e+01
2.659400e+04 2.031687e+01
2.659500e+04 1.720787e+01
2.659600e+04 1.732819e+01
2.659700e+04 1.447696e+01
2.659800e+04 1.638060e+01
2.659900e+04 2.020244e+01
2.660000e+04 2.092244e+01
2.660100e+04 1.755150e+01
2.660200e+04 1.315116e+01
2.660300e+04 1.470775e+01
2.660400e+04 1.906255e+01
2.660500e+04 1.471317e+01
2.660600e+04 1.640260e+01
2.660700e+04 1.685440e+01
2.660800e+04 1.564692e+01
2.660900e+04 1.762970e+01
2.661000e+04 2.026147e+01
2.661100e+04 1.755506e+01
2.661200e+04 1.654641e+01
2.661300e+04 1.578254e+01
2.661400e+04 1.602440e+01
2.661500e+04 1.836835e+01
2.661600e+04 1.975390e+01
2.661700e+04 2.072700e+01
2.661800e+04 1.981709e+01
2.661900e+04 1.877139e+01
2.662000e+04 1.478627e+01
2.662100e+04 2.079000e+01
2.662200e+04 1.985093e+01
2.662300e+04 2.135262e+01
2.662400e+04 2.056768e+01
2.662500e+04 2.060774e+01
2.662600e+04 1.712599e+01
2.662700e+04 1.964836e+01
2.662800e+04 2.007354e+01
2.662900e+04 2.021004e+01
2.663000e+04 1.902262e+01
2.663100e+04 1.898435e+01
2.663200e+04 1.890486e+01
2.663300e+04 1.834477e+01
2.663400e+04 1.715332e+01
2.663500e+04 1.582560e+01
2.663600e+04 1.843520e+01
2.663700e+04 2.082191e+01
2.663800e+04 1.983703e+01
2.663900e+04 1.403955e+01
2.664000e+04 1.739746e+01
2.664100e+04 1.956134e+01
2.664200e+04 1.757734e+01
2.664300e+04 1.655621e+01
2.664400e+04 1.592451e+01
2.664500e+04 1.902579e+01
2.664600e+04 1.711796e+01
2.664700e+04 1.572090e+01
2.664800e+04 1.616063e+01
2.664900e+04 1.717080e+01
2.665000e+04 1.917798e+01
2.665100e+04 1.217464e+01
2.665200e+04 1.846931e+01
2.665300e+04 1.928841e+01
2.665400e+04 2.068765e+01
2.665500e+04 1.755133e+01
2.665600e+04 1.794113e+01
2.665700e+04 1.906846e+01
2.665800e+04 2.041323e+01
2.665900e+04 1.552034e+01
2.666000e+04 1.312990e+01
2.666100e+04 1.755244e+01
2.666200e+04 1.865425e+01
2.666300e+04 2.110096e+01
2.666400e+04 1.688937e+01
2.666500e+04 1.787133e+01
2.666600e+04 1.704484e+01
2.666700e+04 1.859057e+01
2.666800e+04 1.776043e+01
2.666900e+04 1.806394e+01
2.667000e+04 1.411436e+01
2.667100e+04 1.716584e+01
2.667200e+04 1.552458e+01
2.667300e+04 1.680065e+01
2.667400e+04 1.880125e+01
2.667500e+04 1.694751e+01
2.667600e+04 2.013111e+01
2.667700e+04 1.662221e+01
2.667800e+04 1.864959e+01
2.667900e+04 1.891180e+01
2.668000e+04 1.760985e+01
2.668100e+04 2.072238e+01
2.668200e+04 1.718725e+01
2.668300e+04 1.988357e+01
2.668400e+04 1.481523e+01
2.668500e+04 1.544735e+01
2.668600e+04 1.914307e+01
2.668700e+04 1.986961e+01
2.668800e+04 1.855133e+01
2.668900e+04 1.925785e+01
2.669000e+04 1.809114e+01
2.669100e+04 1.761325e+01
2.669200e+04 1.831396e+01
2.669300e+04 1.917577e+01
2.669400e+04 1.733717e+01
2.669500e+04 1.662620e+01
2.669600e+04 1.702792e+01
2.669700e+04 1.487528e+01
2.669800e+04 1.711664e+01
2.669900e+04 1.889203e+01
2.670000e+04 1.911510e+01
2.670100e+04 1.709295e+01
2.670200e+04 1.439645e+01
2.670300e+04 1.548575e+01
2.670400e+04 1.870266e+01
2.670500e+04 1.216063e+01
2.670600e+04 1.326763e+01
2.670700e+04 1.555166e+01
2.670800e+04 1.454049e+01
2.670900e+04 1.522641e+01
2.671000e+04 1.312972e+01
2.671100e+04 1.875654e+01
2.671200e+04 1.617607e+01
2.671300e+04 1.839898e+01
2.671400e+04 1.609250e+01
2.671500e+04 1.751041e+01
2.671600e+04 2.049824e+01
2.671700e+04 2.145494e+01
2.671800e+04 1.805034e+01
2.671900e+04 1.785813e+01
2.672000e+04 2.073085e+01
2.672100e+04 2.118488e+01
2.672200e+04 1.956050e+01
2.672300e+04 1.941310e+01
2.672400e+04 2.125862e+01
2.672500e+04 2.068458e+01
2.672600e+04 1.965387e+01
2.672700e+04 1.947353e+01
2.672800e+04 1.590149e+01
2.672900e+04 1.676626e+01
2.673000e+04 2.032599e+01
2.673100e+04 1.794176e+01
2.673200e+04 1.811853e+01
2.673300e+04 1.559703e+01
2.673400e+04 1.904269e+01
2.673500e+04 1.577069e+01
2.673600e+04 1.670627e+01
2.673700e+04 1.770627e+01
2.673800e+04 1.871213e+01
2.673900e+04 1.774076e+01
2.674000e+04 1.637116e+01
2.674100e+04 1.948823e+01
2.674200e+04 1.758866e+01
2.674300e+04 1.884335e+01
2.674400e+04 1.457873e+01
2.674500e+04 1.792932e+01
2.674600e+04 1.833298e+01
2.674700e+04 2.077437e+01
2.674800e+04 1.702840e+01
2.674900e+04 1.885904e+01
2.675000e+04 1.709306e+01
2.675100e+04 1.527064e+01
2.675200e+04 1.917228e+01
2.675300e+04 1.888167e+01
2.675400e+04 1.749554e+01
2.675500e+04 1.855470e+01
2.675600e+04 2.001909e+01
2.675700e+04 1.576340e+01
2.675800e+04 1.803132e+01
2.675900e+04 1.842036e+01
2.676000e+04 1.491233e+01
2.676100e+04 1.362016e+01
2.676200e+04 1.238215e+01
2.676300e+04 1.650248e+01
2.676400e+04 1.988057e+01
2.676500e+04 2.039115e+01
2.676600e+04 1.618241e+01
2.676700e+04 2.056601e+01
2.676800e+04 1.633848e+01
2.676900e+04 1.687048e+01
2.677000e+04 1.166649e+01
2.677100e+04 1.356966e+01
2.677200e+04 1.635116e+01
2.677300e+04 1.840699e+01
2.677400e+04 1.229470e+01
2.677500e+04 1.324481e+01
2.677600e+04 1.330766e+01
2.677700e+04 1.684623e+01
2.677800e+04 1.846847e+01
2.677900e+04 1.453141e+01
2.678000e+04 1.799363e+01
2.678100e+04 1.598870e+01
2.678200e+04 1.722811e+01
2.678300e+04 1.812877e+01
2.678400e+04 1.756060e+01
2.678500e+04 1.579563e+01
2.678600e+04 1.911600e+01
2.678700e+04 2.013268e+01
2.678800e+04 1.982421e+01
2.678900e+04 1.640249e+01
2.679000e+04 2.057433e+01
2.679100e+04 1.857726e+01
2.679200e+04 1.931969e+01
2.679300e+04 1.378207e+01
2.679400e+04 1.398098e+01
2.679500e+04 1.579278e+01
2.679600e+04 1.925546e+01
2.679700e+04 1.909425e+01
2.679800e+04 2.099306e+01
2.679900e+04 1.865877e+01
2.680000e+04 1.611606e+01
2.680100e+04 1.394650e+01
2.680200e+04 1.780940e+01
2.680300e+04 2.027734e+01
2.680400e+04 1.827325e+01
2.680500e+04 1.874198e+01
2.680600e+04 1.329397e+01
2.680700e+04 1.886786e+01
2.680800e+04 1.827506e+01
2.680900e+04 1.645308e+01
2.681000e+04 1.985400e+01
2.681100e+04 1.770013e+01
2.681200e+04 1.932406e+01
2.681300e+04 2.010376e+01
2.681400e+04 1.759361e+01
2.681500e+04 1.595137e+01
2.681600e+04 1.431915e+01
2.681700e+04 1.648766e+01
2.681800e+04 1.527837e+01
2.681900e+04 1.484485e+01
2.682000e+04 1.780227e+01
2.682100e+04 1.663941e+01
2.682200e+04 1.987802e+01
2.682300e+04 1.902532e+01
2.682400e+04 1.641573e+01
2.682500e+04 1.881683e+01
2.682600e+04 1.223683e+01
2.682700e+04 1.753347e+01
2.682800e+04 1.827685e+01
2.682900e+04 1.756684e+01
2.683000e+04 1.813151e+01
2.683100e+04 2.035249e+01
2.683200e+04 1.900489e+01
2.683300e+04 1.748787e+01
2.683400e+04 1.150770e+01
2.683500e+04 1.766583e+01
2.683600e+04 1.990202e+01
2.683700e+04 1.785932e+01
2.683800e+04 1.782233e+01
2.683900e+04 1.972664e+01
2.684000e+04 1.793130e+01
2.684100e+04 1.749377e+01
2.684200e+04 1.986502e+01
2.684300e+04 1.613122e+01
2.684400e+04 1.977105e+01
2.684500e+04 1.844880e+01
2.684600e+04 1.072251e+01
2.684700e+04 1.177893e+01
2.684800e+04 1.821651e+01
2.684900e+04 1.886379e+01
2.685000e+04 1.985616e+01
2.685100e+04 1.557927e+01
2.685200e+04 1.784053e+01
2.685300e+04 1.775523e+01
2.685400e+04 1.783605e+01
2.685500e+04 1.979363e+01
2.685600e+04 1.903288e+01
2.685700e+04 1.294564e+01
2.685800e+04 1.341743e+01
2.685900e+04 1.990017e+01
2.686000e+04 1.961390e+01
2.686100e+04 1.410949e+01
2.686200e+04 1.331599e+01
2.686300e+04 1.253560e+01
2.686400e+04 1.719306e+01
2.686500e+04 1.665562e+01
2.686600e+04 1.345188e+01
2.686700e+04 1.725762e+01
2.686800e+04 1.235985e+01
2.686900e+04 1.772520e+01
2.687000e+04 1.735353e+01
2.687100e+04 1.696069e+01
2.687200e+04 1.813338e+01
2.687300e+04 1.976010e+01
2.687400e+04 1.860316e+01
2.687500e+04 2.002945e+01
2.687600e+04 2.097893e+01
2.687700e+04 2.065285e+01
2.687800e+04 1.894377e+01
2.687900e+04 1.844550e+01
2.688000e+04 1.404821e+01
2.688100e+04 1.402193e+01
2.688200e+04 1.774339e+01
2.688300e+04 1.466658e+01
2.688400e+04 1.637532e+01
2.688500e+04 1.744848e+01
2.688600e+04 2.031393e+01
2.688700e+04 1.935330e+01
2.688800e+04 1.729672e+01
2.688900e+04 1.495261e+01
2.689000e+04 1.714503e+01
2.689100e+04 2.003965e+01
2.689200e+04 1.841107e+01
2.689300e+04 1.961217e+01
2.689400e+04 1.985422e+01
2.689500e+04 2.094612e+01
2.689600e+04 1.609700e+01
2.689700e+04 1.562236e+01
2.689800e+04 1.919229e+01
2.689900e+04 1.796756e+01
2.690000e+04 2.060375e+01
2.690100e+04 1.997467e+01
2.690200e+04 1.813931e+01
2.690300e+04 1.780793e+01
2.690400e+04 1.645620e+01
2.690500e+04 1.574845e+01
2.690600e+04 1.797723e+01
2.690700e+04 1.845927e+01
2.690800e+04 1.842038e+01
2.690900e+04 1.541905e+01
2.691000e+04 1.533271e+01
2.691100e+04 1.298038e+01
2.691200e+04 1.933785e+01
2.691300e+04 1.916969e+01
2.691400e+04 1.987403e+01
2.691500e+04 1.988253e+01
2.691600e+04 1.938993e+01
2.691700e+04 1.425469e+01
2.691800e+04 1.844459e+01
2.691900e+04 1.496012e+01
2.692000e+04 1.226601e+01
2.692100e+04 1.892186e+01
2.692200e+04 1.783575e+01
2.692300e+04 1.892712e+01
2.692400e+04 1.957844e+01
2.692500e+04 1.600851e+01
2.692600e+04 1.772337e+01
2.692700e+04 1.506471e+01
2.692800e+04 1.620470e+01
2.692900e+04 1.483824e+01
2.693000e+04 1.851871e+01
2.693100e+04 1.888705e+01
2.693200e+04 1.869352e+01
2.693300e+04 1.419182e+01
2.693400e+04 1.339041e+01
2.693500e+04 1.328540e+01
2.693600e+04 1.519950e+01
2.693700e+04 1.139820e+01
2.693800e+04 1.171357e+01
2.693900e+04 1.859424e+01
2.694000e+04 1.808034e+01
2.694100e+04 1.873010e+01
2.694200e+04 1.346936e+01
2.694300e+04 1.630368e+01
2.694400e+04 1.425036e+01
2.694500e+04 1.773795e+01
2.694600e+04 1.650287e+01
2.694700e+04 1.112964e+01
2.694800e+04 1.121090e+01
2.694900e+04 1.071408e+01
2.695000e+04 1.665441e+01
2.695100e+04 1.744068e+01
2.695200e+04 1.857942e+01
2.695300e+04 1.693305e+01
2.695400e+04 1.652486e+01
2.695500e+04 1.701167e+01
2.695600e+04 1.436151e+01
2.695700e+04 1.759753e+01
2.695800e+04 1.773800e+01
2.695900e+04 1.358993e+01
2.696000e+04 1.868162e+01
2.696100e+04 1.288534e+01
2.696200e+04 1.825332e+01
2.696300e+04 1.467576e+01
2.696400e+04 1.322570e+01
2.696500e+04 1.591696e+01
2.696600e+04 1.605719e+01
2.696700e+04 1.251591e+01
2.696800e+04 1.941187e+01
2.696900e+04 1.926226e+01
2.697000e+04 1.579717e+01
2.697100e+04 1.626527e+01
2.697200e+04 1.705564e+01
2.697300e+04 1.978486e+01
2.697400e+04 1.841243e+01
2.697500e+04 1.492250e+01
2.697600e+04 1.715574e+01
2.697700e+04 1.377933e+01
2.697800e+04 1.556524e+01
2.697900e+04 1.248352e+01
2.698000e+04 1.924284e+01
2.698100e+04 2.002779e+01
2.698200e+04 2.153690e+01
2.698300e+04 1.677254e+01
2.698400e+04 1.778052e+01
2.698500e+04 1.937796e+01
2.698600e+04 1.348886e+01
2.698700e+04 1.579786e+01
2.698800e+04 1.255055e+01
2.698900e+04 1.599174e+01
2.699000e+04 1.483152e+01
2.699100e+04 1.802526e+01
2.699200e+04 1.817317e+01
2.699300e+04 1.780846e+01
2.699400e+04 1.493176e+01
2.699500e+04 1.956722e+01
2.699600e+04 2.097718e+01
2.699700e+04 1.992727e+01
2.699800e+04 1.681469e+01
2.699900e+04 1.920535e+01
2.700000e+04 1.649883e+01
2.700100e+04 1.757506e+01
2.700200e+04 1.627629e+01
2.700300e+04 1.699679e+01
2.700400e+04 1.869015e+01
2.700500e+04 1.957464e+01
2.700600e+04 2.049164e+01
2.700700e+04 1.846785e+01
2.700800e+04 1.873376e+01
2.700900e+04 1.995154e+01
2.701000e+04 1.886315e+01
2.701100e+04 1.924534e+01
2.701200e+04 2.036256e+01
2.701300e+04 1.911354e+01
2.701400e+04 1.288510e+01
2.701500e+04 1.219272e+01
2.701600e+04 1.479042e+01
2.701700e+04 1.108075e+01
2.701800e+04 1.692376e+01
2.701900e+04 1.526690e+01
2.702000e+04 1.986256e+01
2.702100e+04 1.806435e+01
2.702200e+04 1.586500e+01
2.702300e+04 1.571752e+01
2.702400e+04 1.887457e+01
2.702500e+04 1.977313e+01
2.702600e+04 1.465509e+01
2.702700e+04 1.596639e+01
2.702800e+04 1.840034e+01
2.702900e+04 1.592728e+01
2.703000e+04 1.514769e+01
2.703100e+04 1.346698e+01
2.703200e+04 1.389375e+01
2.703300e+04 1.376392e+01
2.703400e+04 1.796139e+01
2.703500e+04 1.895940e+01
2.703600e+04 1.133303e+01
2.703700e+04 1.435798e+01
2.703800e+04 1.998049e+01
2.703900e+04 1.922707e+01
2.704000e+04 2.045986e+01
2.704100e+04 1.667717e+01
2.704200e+04 1.748596e+01
2.704300e+04 1.827681e+01
2.704400e+04 1.449003e+01
2.704500e+04 1.784285e+01
2.704600e+04 1.298421e+01
2.704700e+04 1.416978e+01
2.704800e+04 1.235910e+01
2.704900e+04 1.726451e+01
2.705000e+04 1.184394e+01
2.705100e+04 1.796887e+01
2.705200e+04 1.658795e+01
2.705300e+04 1.959309e+01
2.705400e+04 1.249102e+01
2.705500e+04 1.739135e+01
2.705600e+04 1.530704e+01
2.705700e+04 1.707069e+01
2.705800e+04 1.614889e+01
2.705900e+04 1.592212e+01
2.706000e+04 1.774520e+01
2.706100e+04 1.650959e+01
2.706200e+04 1.611013e+01
2.706300e+04 1.312454e+01
2.706400e+04 1.669799e+01
2.706500e+04 1.783698e+01
2.706600e+04 1.865283e+01
2.706700e+04 1.936107e+01
2.706800e+04 1.400870e+01
2.706900e+04 1.338517e+01
2.707000e+04 1.828841e+01
2.707100e+04 1.739814e+01
2.707200e+04 1.556265e+01
2.707300e+04 1.762482e+01
2.707400e+04 1.374936e+01
2.707500e+04 1.652079e+01
2.707600e+04 1.526083e+01
2.707700e+04 1.922864e+01
2.707800e+04 1.994064e+01
2.707900e+04 1.868639e+01
2.708000e+04 1.855738e+01
2.708100e+04 1.427490e+01
2.708200e+04 1.755454e+01
2.708300e+04 1.941368e+01
2.708400e+04 1.777402e+01
2.708500e+04 1.403240e+01
2.708600e+04 1.918941e+01
2.708700e+04 1.918617e+01
2.708800e+04 1.454035e+01
2.708900e+04 1.565574e+01
2.709000e+04 1.459229e+01
2.709100e+04 1.372466e+01
2.709200e+04 1.814957e+01
2.709300e+04 1.874486e+01
2.709400e+04 1.643323e+01
2.709500e+04 1.572063e+01
2.709600e+04 1.873524e+01
2.709700e+04 1.532317e+01
2.709800e+04 1.401311e+01
2.709900e+04 1.828858e+01
2.710000e+04 1.795504e+01
2.710100e+04 1.642806e+01
2.710200e+04 1.337581e+01
2.710300e+04 1.843990e+01
2.710400e+04 1.876726e+01
2.710500e+04 1.644169e+01
2.710600e+04 1.607727e+01
2.710700e+04 1.336410e+01
2.710800e+04 1.859633e+01
2.710900e+04 1.770058e+01
2.711000e+04 1.492736e+01
2.711100e+04 1.721880e+01
2.711200e+04 1.069476e+01
2.711300e+04 1.166859e+01
2.711400e+04 1.715745e+01
2.711500e+04 1.534135e+01
2.711600e+04 1.796780e+01
2.711700e+04 1.636933e+01
2.711800e+04 1.419887e+01
2.711900e+04 1.506362e+01
2.712000e+04 1.364103e+01
2.712100e+04 1.461822e+01
2.712200e+04 1.527836e+01
2.712300e+04 1.852047e+01
2.712400e+04 1.339272e+01
2.712500e+04 1.057012e+01
2.712600e+04 1.720858e+01
2.712700e+04 1.683131e+01
2.712800e+04 1.654665e+01
2.712900e+04 1.409480e+01
2.713000e+04 1.338168e+01
2.713100e+04 1.722811e+01
2.713200e+04 1.800001e+01
2.713300e+04 1.790751e+01
2.713400e+04 1.628233e+01
2.713500e+04 1.387693e+01
2.713600e+04 2.056811e+01
2.713700e+04 2.073147e+01
2.713800e+04 1.857872e+01
2.713900e+04 1.800824e+01
2.714000e+04 1.351833e+01
2.714100e+04 1.213557e+01
2.714200e+04 1.669166e+01
2.714300e+04 1.176277e+01
2.714400e+04 1.579374e+01
2.714500e+04 1.865886e+01
2.714600e+04 1.898819e+01
2.714700e+04 1.887089e+01
2.714800e+04 1.792622e+01
2.714900e+04 1.136111e+01
2.715000e+04 1.650632e+01
2.715100e+04 1.870903e+01
2.715200e+04 1.460857e+01
2.715300e+04 1.551094e+01
2.715400e+04 1.370300e+01
2.715500e+04 1.886044e+01
2.715600e+04 1.824456e+01
2.715700e+04 1.740033e+01
2.715800e+04 1.916143e+01
2.715900e+04 1.425584e+01
2.716000e+04 1.694065e+01
2.716100e+04 1.849310e+01
2.716200e+04 1.398348e+01
2.716300e+04 1.249186e+01
2.716400e+04 1.614707e+01
2.716500e+04 1.438804e+01
2.716600e+04 1.704312e+01
2.716700e+04 1.468524e+01
2.716800e+04 1.572396e+01
2.716900e+04 1.638800e+01
2.717000e+04 1.660668e+01
2.717100e+04 1.881789e+01
2.717200e+04 2.007628e+01
2.717300e+04 1.699300e+01
2.717400e+04 1.220659e+01
2.717500e+04 1.624236e+01
2.717600e+04 1.668580e+01
2.717700e+04 1.284392e+01
2.717800e+04 1.233646e+01
2.717900e+04 1.710457e+01
2.718000e+04 1.287052e+01
2.718100e+04 1.862405e+01
2.718200e+04 1.464545e+01
2.718300e+04 1.699553e+01
2.718400e+04 1.156376e+01
2.718500e+04 1.618272e+01
2.718600e+04 1.499672e+01
2.718700e+04 1.824326e+01
2.718800e+04 1.665613e+01
2.718900e+04 1.804067e+01
2.719000e+04 1.634443e+01
2.719100e+04 1.556631e+01
2.719200e+04 1.440621e+01
2.719300e+04 1.400486e+01
2.719400e+04 1.447677e+01
2.719500e+04 1.995519e+01
2.719600e+04 1.905274e+01
2.719700e+04 1.936232e+01
2.719800e+04 1.819475e+01
2.719900e+04 1.773116e+01
2.720000e+04 1.500653e+01
2.720100e+04 1.602971e+01
2.720200e+04 1.655784e+01
2.720300e+04 1.190248e+01
2.720400e+04 1.416651e+01
2.720500e+04 1.640235e+01
2.720600e+04 1.565206e+01
2.720700e+04 1.074647e+01
2.720800e+04 1.783980e+01
2.720900e+04 1.906422e+01
2.721000e+04 1.998042e+01
2.721100e+04 1.417663e+01
2.721200e+04 1.473572e+01
2.721300e+04 1.877928e+01
2.721400e+04 1.668135e+01
2.721500e+04 1.715373e+01
2.721600e+04 1.519115e+01
2.721700e+04 1.758693e+01
2.721800e+04 1.805757e+01
2.721900e+04 2.000817e+01
2.722000e+04 1.784044e+01
2.722100e+04 1.477917e+01
2.722200e+04 1.521155e+01
2.722300e+04 1.792845e+01
2.722400e+04 1.709785e+01
2.722500e+04 1.168693e+01
2.722600e+04 1.485260e+01
2.722700e+04 1.394338e+01
2.722800e+04 1.180061e+01
2.722900e+04 1.785252e+01
2.723000e+04 1.646356e+01
2.723100e+04 1.341244e+01
2.723200e+04 1.318919e+01
2.723300e+04 1.384611e+01
2.723400e+04 1.705837e+01
2.723500e+04 1.692692e+01
2.723600e+04 1.504971e+01
2.723700e+04 1.972919e+01
2.723800e+04 1.915923e+01
2.723900e+04 1.654608e+01
2.724000e+04 1.417641e+01
2.724100e+04 1.669047e+01
2.724200e+04 1.214029e+01
2.724300e+04 1.339791e+01
2.724400e+04 1.173056e+01
2.724500e+04 1.480842e+01
2.724600e+04 1.655817e+01
2.724700e+04 1.524453e+01
2.724800e+04 1.462471e+01
2.724900e+04 1.451495e+01
2.725000e+04 1.484123e+01
2.725100e+04 1.460702e+01
2.725200e+04 1.587762e+01
2.725300e+04 1.816777e+01
2.725400e+04 1.705293e+01
2.725500e+04 1.725181e+01
2.725600e+04 1.281932e+01
2.725700e+04 1.190180e+01
2.725800e+04 1.140888e+01
2.725900e+04 1.572423e+01
2.726000e+04 1.488974e+01
2.726100e+04 1.705504e+01
2.726200e+04 1.564797e+01
2.726300e+04 1.283892e+01
2.726400e+04 1.890248e+01
2.726500e+04 1.806920e+01
2.726600e+04 1.675010e+01
2.726700e+04 1.770279e+01
2.726800e+04 1.863233e+01
2.726900e+04 1.403010e+01
2.727000e+04 1.769981e+01
2.727100e+04 1.749334e+01
2.727200e+04 1.429670e+01
2.727300e+04 1.218066e+01
2.727400e+04 1.617030e+01
2.727500e+04 1.823597e+01
2.727600e+04 1.439433e+01
2.727700e+04 1.429872e+01
2.727800e+04 1.760200e+01
2.727900e+04 1.813696e+01
2.728000e+04 1.286008e+01
2.728100e+04 1.520762e+01
2.728200e+04 1.560720e+01
2.728300e+04 1.562342e+01
2.728400e+04 1.345056e+01
2.728500e+04 1.283519e+01
2.728600e+04 1.680385e+01
2.728700e+04 1.541228e+01
2.728800e+04 1.601195e+01
2.728900e+04 1.132420e+01
2.729000e+04 1.226506e+01
2.729100e+04 1.666780e+01
2.729200e+04 1.244861e+01
2.729300e+04 1.186927e+01
2.729400e+04 1.132309e+01
2.729500e+04 1.511341e+01
2.729600e+04 1.547950e+01
2.729700e+04 1.870855e+01
2.729800e+04 1.486022e+01
2.729900e+04 1.781934e+01
2.730000e+04 1.866660e+01
2.730100e+04 1.724839e+01
2.730200e+04 1.340934e+01
2.730300e+04 1.583651e+01
2.730400e+04 1.655947e+01
2.730500e+04 1.801830e+01
2.730600e+04 1.344615e+01
2.730700e+04 1.343995e+01
2.730800e+04 1.316602e+01
2.730900e+04 1.236614e+01
2.731000e+04 1.331230e+01
2.731100e+04 1.861341e+01
2.731200e+04 2.007484e+01
2.731300e+04 1.827868e+01
2.731400e+04 1.881384e+01
2.731500e+04 1.869017e+01
2.731600e+04 1.526422e+01
2.731700e+04 1.558934e+01
2.731800e+04 1.954078e+01
2.731900e+04 1.819111e+01
2.732000e+04 1.472305e+01
2.732100e+04 1.804714e+01
2.732200e+04 1.861553e+01
2.732300e+04 1.443414e+01
2.732400e+04 1.493206e+01
2.732500e+04 1.637523e+01
2.732600e+04 1.664218e+01
2.732700e+04 1.549043e+01
2.732800e+04 1.587884e+01
2.732900e+04 1.743182e+01
2.733000e+04 1.830896e+01
2.733100e+04 1.548667e+01
2.733200e+04 1.628379e+01
2.733300e+04 1.757741e+01
2.733400e+04 1.157551e+01
2.733500e+04 1.617245e+01
2.733600e+04 1.588268e+01
2.733700e+04 1.827367e+01
2.733800e+04 1.750588e+01
2.733900e+04 1.719458e+01
2.734000e+04 1.611062e+01
2.734100e+04 1.440039e+01
2.734200e+04 1.861521e+01
2.734300e+04 1.781690e+01
2.734400e+04 1.658480e+01
2.734500e+04 1.964652e+01
2.734600e+04 1.624679e+01
2.734700e+04 2.032506e+01
2.734800e+04 1.929374e+01
2.734900e+04 1.619275e+01
2.735000e+04 1.070597e+01
2.735100e+04 1.620725e+01
2.735200e+04 1.364498e+01
2.735300e+04 1.355259e+01
2.735400e+04 1.475212e+01
2.735500e+04 1.188734e+01
2.735600e+04 1.616383e+01
2.735700e+04 1.633290e+01
2.735800e+04 1.310601e+01
2.735900e+04 1.267338e+01
2.736000e+04 1.401322e+01
2.736100e+04 1.324840e+01
2.736200e+04 1.350004e+01
2.736300e+04 1.247209e+01
2.736400e+04 1.282267e+01
2.736500e+04 1.710275e+01
2.736600e+04 1.382922e+01
2.736700e+04 1.310553e+01
2.736800e+04 1.454817e+01
2.736900e+04 1.044436e+01
2.737000e+04 1.094428e+01
2.737100e+04 1.628228e+01
2.737200e+04 1.915385e+01
2.737300e+04 1.509923e+01
2.737400e+04 1.581076e+01
2.737500e+04 1.480862e+01
2.737600e+04 1.569611e+01
2.737700e+04 1.469998e+01
2.737800e+04 1.371359e+01
2.737900e+04 1.590562e+01
2.738000e+04 1.886553e+01
2.738100e+04 1.485841e+01
2.738200e+04 1.693099e+01
2.738300e+04 1.338793e+01
2.738400e+04 1.690142e+01
2.738500e+04 1.349889e+01
2.738600e+04 1.373125e+01
2.738700e+04 1.043570e+01
2.738800e+04 1.483565e+01
2.738900e+04 1.744362e+01
2.739000e+04 1.394221e+01
2.739100e+04 1.037091e+01
2.739200e+04 1.322439e+01
2.739300e+04 1.351771e+01
2.739400e+04 1.522567e+01
2.739500e+04 1.584578e+01
2.739600e+04 1.706601e+01
2.739700e+04 1.757847e+01
2.739800e+04 1.484728e+01
2.739900e+04 1.392639e+01
2.740000e+04 1.637955e+01
2.740100e+04 1.785554e+01
2.740200e+04 1.134943e+01
2.740300e+04 1.120759e+01
2.740400e+04 1.385738e+01
2.740500e+04 1.267728e+01
2.740600e+04 1.306186e+01
2.740700e+04 1.659855e+01
2.740800e+04 1.492031e+01
2.740900e+04 1.358964e+01
2.741000e+04 1.549455e+01
2.741100e+04 1.809817e+01
2.741200e+04 1.827192e+01
2.741300e+04 1.516912e+01
2.741400e+04 1.434737e+01
2.741500e+04 1.430307e+01
2.741600e+04 1.182326e+01
2.741700e+04 1.794762e+01
2.741800e+04 1.712889e+01
2.741900e+04 1.255189e+01
2.742000e+04 1.120371e+01
2.742100e+04 1.536299e+01
2.742200e+04 1.490813e+01
2.742300e+04 1.872456e+01
2.742400e+04 1.422662e+01
2.742500e+04 1.998441e+01
2.742600e+04 1.632368e+01
2.742700e+04 1.703420e+01
2.742800e+04 1.617785e+01
2.742900e+04 1.937546e+01
2.743000e+04 1.859778e+01
2.743100e+04 1.308665e+01
2.743200e+04 1.821753e+01
2.743300e+04 1.382674e+01
2.743400e+04 1.611506e+01
2.743500e+04 1.738270e+01
2.743600e+04 1.691912e+01
2.743700e+04 1.471346e+01
2.743800e+04 1.783047e+01
2.743900e+04 1.680097e+01
2.744000e+04 1.368232e+01
2.744100e+04 1.426662e+01
2.744200e+04 1.229329e+01
2.744300e+04 1.552267e+01
2.744400e+04 1.441345e+01
2.744500e+04 1.733272e+01
2.744600e+04 1.623460e+01
2.744700e+04 1.804107e+01
2.744800e+04 1.459545e+01
2.744900e+04 1.613037e+01
2.745000e+04 1.321741e+01
2.745100e+04 1.609093e+01
2.745200e+04 1.255444e+01
2.745300e+04 1.296545e+01
2.745400e+04 1.703615e+01
2.745500e+04 1.769900e+01
2.745600e+04 1.405089e+01
2.745700e+04 1.716729e+01
2.745800e+04 1.825610e+01
2.745900e+04 1.416508e+01
2.746000e+04 1.679708e+01
2.746100e+04 1.514081e+01
2.746200e+04 1.259644e+01
2.746300e+04 1.446669e+01
2.746400e+04 1.670251e+01
2.746500e+04 1.320938e+01
2.746600e+04 1.681709e+01
2.746700e+04 1.617223e+01
2.746800e+04 1.725167e+01
2.746900e+04 1.852710e+01
2.747000e+04 1.273474e+01
2.747100e+04 1.772674e+01
2.747200e+04 1.677833e+01
2.747300e+04 1.624682e+01
2.747400e+04 1.297706e+01
2.747500e+04 1.539666e+01
2.747600e+04 1.317627e+01
2.747700e+04 1.504456e+01
2.747800e+04 1.612276e+01
2.747900e+04 1.511310e+01
2.748000e+04 1.274262e+01
2.748100e+04 1.496493e+01
2.748200e+04 1.535068e+01
2.748300e+04 1.700310e+01
2.748400e+04 1.347175e+01
2.748500e+04 1.612884e+01
2.748600e+04 1.492065e+01
2.748700e+04 1.389182e+01
2.748800e+04 1.865890e+01
2.748900e+04 1.572324e+01
2.749000e+04 1.655441e+01
2.749100e+04 1.798549e+01
2.749200e+04 1.553496e+01
2.749300e+04 1.679875e+01
2.749400e+04 1.372954e+01
2.749500e+04 1.907948e+01
2.749600e+04 1.610232e+01
2.749700e+04 1.283899e+01
2.749800e+04 1.294701e+01
2.749900e+04 1.566222e+01
2.750000e+04 1.259865e+01
2.750100e+04 1.540839e+01
2.750200e+04 1.407308e+01
2.750300e+04 1.397360e+01
2.750400e+04 1.112675e+01
2.750500e+04 1.037194e+01
2.750600e+04 1.198923e+01
2.750700e+04 1.525463e+01
2.750800e+04 1.941018e+01
2.750900e+04 1.566972e+01
2.751000e+04 1.326086e+01
2.751100e+04 1.185155e+01
2.751200e+04 1.397042e+01
2.751300e+04 1.332261e+01
2.751400e+04 1.365689e+01
2.751500e+04 1.677070e+01
2.751600e+04 1.826281e+01
2.751700e+04 1.713576e+01
2.751800e+04 1.685937e+01
2.751900e+04 1.290161e+01
2.752000e+04 1.554489e+01
2.752100e+04 1.613749e+01
2.752200e+04 1.256572e+01
2.752300e+04 1.859586e+01
2.752400e+04 1.821695e+01
2.752500e+04 1.804270e+01
2.752600e+04 1.354538e+01
2.752700e+04 1.379216e+01
2.752800e+04 1.134924e+01
2.752900e+04 1.684326e+01
2.753000e+04 1.339160e+01
2.753100e+04 1.460432e+01
2.753200e+04 1.158895e+01
2.753300e+04 1.653383e+01
2.753400e+04 1.739964e+01
2.753500e+04 1.885927e+01
2.753600e+04 1.661400e+01
2.753700e+04 1.474076e+01
2.753800e+04 1.379556e+01
2.753900e+04 1.745742e+01
2.754000e+04 1.782279e+01
2.754100e+04 1.120225e+01
2.754200e+04 1.306948e+01
2.754300e+04 1.222210e+01
2.754400e+04 1.756010e+01
2.754500e+04 1.585247e+01
2.754600e+04 1.216353e+01
2.754700e+04 1.478364e+01
2.754800e+04 1.322833e+01
2.754900e+04 1.381271e+01
2.755000e+04 1.163395e+01
2.755100e+04 1.066439e+01
2.755200e+04 1.355602e+01
2.755300e+04 1.572827e+01
2.755400e+04 1.684642e+01
2.755500e+04 1.270856e+01
2.755600e+04 1.759259e+01
2.755700e+04 1.796868e+01
2.755800e+04 1.274302e+01
2.755900e+04 1.365779e+01
2.756000e+04 1.583135e+01
2.756100e+04 9.629594e+00
2.756200e+04 1.413441e+01
2.756300e+04 1.799530e+01
2.756400e+04 1.512194e+01
2.756500e+04 1.341211e+01
2.756600e+04 1.219385e+01
2.756700e+04 1.310110e+01
2.756800e+04 1.762405e+01
2.756900e+04 1.884171e+01
2.757000e+04 1.851651e+01
2.757100e+04 1.823308e+01
2.757200e+04 1.871977e+01
2.757300e+04 1.598670e+01
2.757400e+04 1.781490e+01
2.757500e+04 1.817283e+01
2.757600e+04 1.433813e+01
2.757700e+04 1.208923e+01
2.757800e+04 1.263111e+01
2.757900e+04 1.676897e+01
2.758000e+04 1.452462e+01
2.758100e+04 1.610723e+01
2.758200e+04 1.524634e+01
2.758300e+04 1.123016e+01
2.758400e+04 1.243863e+01
2.758500e+04 1.752200e+01
2.758600e+04 1.291251e+01
2.758700e+04 1.798279e+01
2.758800e+04 1.571005e+01
2.758900e+04 1.777136e+01
2.759000e+04 1.806818e+01
2.759100e+04 1.765202e+01
2.759200e+04 1.322434e+01
2.759300e+04 1.415358e+01
2.759400e+04 1.458345e+01
2.759500e+04 1.252932e+01
2.759600e+04 1.559229e+01
2.759700e+04 1.850499e+01
2.759800e+04 1.644909e+01
2.759900e+04 1.501809e+01
2.760000e+04 1.428126e+01
2.760100e+04 1.444597e+01
2.760200e+04 1.487188e+01
2.760300e+04 1.219678e+01
2.760400e+04 1.484855e+01
2.760500e+04 1.859570e+01
2.760600e+04 1.652906e+01
2.760700e+04 1.393992e+01
2.760800e+04 1.337607e+01
2.760900e+04 1.689288e+01
2.761000e+04 1.794830e+01
2.761100e+04 1.740079e+01
2.761200e+04 1.325578e+01
2.761300e+04 1.464797e+01
2.761400e+04 1.211672e+01
2.761500e+04 1.174501e+01
2.761600e+04 1.374196e+01
2.761700e+04 1.326765e+01
2.761800e+04 1.756184e+01
2.761900e+04 1.906792e+01
2.762000e+04 1.801240e+01
2.762100e+04 1.789281e+01
2.762200e+04 1.418078e+01
2.762300e+04 1.786504e+01
2.762400e+04 1.615137e+01
2.762500e+04 1.466227e+01
2.762600e+04 1.634105e+01
2.762700e+04 1.234355e+01
2.762800e+04 1.282987e+01
2.762900e+04 1.626986e+01
2.763000e+04 1.568457e+01
2.763100e+04 1.807484e+01
2.763200e+04 1.730518e+01
2.763300e+04 1.635121e+01
2.763400e+04 1.279773e+01
2.763500e+04 1.692306e+01
2.763600e+04 1.652191e+01
2.763700e+04 1.809793e+01
2.763800e+04 1.288399e+01
2.763900e+04 1.515926e+01
2.764000e+04 1.810323e+01
2.764100e+04 1.355306e+01
2.764200e+04 1.176590e+01
2.764300e+04 1.534192e+01
2.764400e+04 1.587748e+01
2.764500e+04 1.274447e+01
2.764600e+04 1.167018e+01
2.764700e+04 1.285420e+01
2.764800e+04 1.231570e+01
2.764900e+04 1.411952e+01
2.765000e+04 1.425500e+01
2.765100e+04 1.537774e+01
2.765200e+04 1.683034e+01
2.765300e+04 1.693313e+01
2.765400e+04 1.463643e+01
2.765500e+04 1.182505e+01
2.765600e+04 1.396711e+01
2.765700e+04 1.312029e+01
2.765800e+04 1.229139e+01
2.765900e+04 1.567529e+01
2.766000e+04 1.533208e+01
2.766100e+04 1.267462e+01
2.766200e+04 1.412069e+01
2.766300e+04 1.575859e+01
2.766400e+04 1.451779e+01
2.766500e+04 1.295178e+01
2.766600e+04 1.263693e+01
2.766700e+04 1.108669e+01
2.766800e+04 1.388603e+01
2.766900e+04 1.595579e+01
2.767000e+04 1.559274e+01
2.767100e+04 1.419578e+01
2.767200e+04 1.451326e+01
2.767300e+04 1.291854e+01
2.767400e+04 1.424606e+01
2.767500e+04 1.386084e+01
2.767600e+04 1.739319e+01
2.767700e+04 1.225996e+01
2.767800e+04 1.407435e+01
2.767900e+04 1.190554e+01
2.768000e+04 1.486538e+01
2.768100e+04 1.131217e+01
2.768200e+04 1.108294e+01
2.768300e+04 1.450992e+01
2.768400e+04 1.646892e+01
2.768500e+04 1.626534e+01
2.768600e+04 1.450222e+01
2.768700e+04 1.454409e+01
2.768800e+04 1.271222e+01
2.768900e+04 1.563272e+01
2.769000e+04 1.770914e+01
2.769100e+04 1.684270e+01
2.769200e+04 1.543695e+01
2.769300e+04 1.668947e+01
2.769400e+04 1.398436e+01
2.769500e+04 1.269120e+01
2.769600e+04 1.301455e+01
2.769700e+04 1.549271e+01
2.769800e+04 1.517569e+01
2.769900e+04 1.290194e+01
2.770000e+04 1.583781e+01
2.770100e+04 1.292910e+01
2.770200e+04 1.353250e+01
2.770300e+04 1.201244e+01
2.770400e+04 1.391153e+01
2.770500e+04 1.648212e+01
2.770600e+04 1.053619e+01
2.770700e+04 1.101714e+01
2.770800e+04 1.497648e+01
2.770900e+04 1.698239e+01
2.771000e+04 1.662139e+01
2.771100e+04 1.169290e+01
2.771200e+04 1.582006e+01
2.771300e+04 1.662585e+01
2.771400e+04 1.660989e+01
2.771500e+04 1.592242e+01
2.771600e+04 1.378423e+01
2.771700e+04 1.405620e+01
2.771800e+04 1.455919e+01
2.771900e+04 1.274153e+01
2.772000e+04 1.785654e+01
2.772100e+04 1.312900e+01
2.772200e+04 1.261089e+01
2.772300e+04 1.603760e+01
2.772400e+04 1.158218e+01
2.772500e+04 1.533387e+01
2.772600e+04 1.857171e+01
2.772700e+04 1.679157e+01
2.772800e+04 1.350931e+01
2.772900e+04 1.781562e+01
2.773000e+04 1.607320e+01
2.773100e+04 1.562308e+01
2.773200e+04 1.162463e+01
2.773300e+04 1.303277e+01
2.773400e+04 1.777362e+01
2.773500e+04 1.441631e+01
2.773600e+04 1.564575e+01
2.773700e+04 1.157544e+01
2.773800e+04 1.265195e+01
2.773900e+04 1.684271e+01
2.774000e+04 1.766797e+01
2.774100e+04 1.615435e+01
2.774200e+04 1.882748e+01
2.774300e+04 1.940351e+01
2.774400e+04 1.882826e+01
2.774500e+04 1.585537e+01
2.774600e+04 1.596941e+01
2.774700e+04 1.460956e+01
2.774800e+04 1.484588e+01
2.774900e+04 1.810790e+01
2.775000e+04 1.734861e+01
2.775100e+04 1.299668e+01
2.775200e+04 1.478514e+01
2.775300e+04 1.539648e+01
2.775400e+04 1.551371e+01
2.775500e+04 1.642929e+01
2.775600e+04 1.321397e+01
2.775700e+04 1.476789e+01
2.775800e+04 1.323432e+01
2.775900e+04 1.327110e+01
2.776000e+04 1.270880e+01
2.776100e+04 1.533527e+01
2.776200e+04 1.251432e+01
2.776300e+04 1.699920e+01
2.776400e+04 1.312276e+01
2.776500e+04 1.450522e+01
2.776600e+04 1.246386e+01
2.776700e+04 1.727077e+01
2.776800e+04 1.718728e+01
2.776900e+04 1.314408e+01
2.777000e+04 1.308273e+01
2.777100e+04 1.371865e+01
2.777200e+04 1.453777e+01
2.777300e+04 1.670520e+01
2.777400e+04 1.761499e+01
2.777500e+04 1.463665e+01
2.777600e+04 1.548309e+01
2.777700e+04 1.685933e+01
2.777800e+04 1.340649e+01
2.777900e+04 1.228317e+01
2.778000e+04 1.279668e+01
2.778100e+04 1.354273e+01
2.778200e+04 1.530745e+01
2.778300e+04 1.172894e+01
2.778400e+04 1.636013e+01
2.778500e+04 1.517813e+01
2.778600e+04 1.128528e+01
2.778700e+04 1.334810e+01
2.778800e+04 1.373152e+01
2.778900e+04 1.485234e+01
2.779000e+04 1.616577e+01
2.779100e+04 1.276250e+01
2.779200e+04 1.199031e+01
2.779300e+04 1.475362e+01
2.779400e+04 1.564534e+01
2.779500e+04 1.113185e+01
2.779600e+04 1.568288e+01
2.779700e+04 1.695859e+01
2.779800e+04 1.547295e+01
2.779900e+04 1.152948e+01
2.780000e+04 1.462065e+01
2.780100e+04 1.154726e+01
2.780200e+04 1.607192e+01
2.780300e+04 1.609974e+01
2.780400e+04 1.524165e+01
2.780500e+04 1.467901e+01
2.780600e+04 1.628669e+01
2.780700e+04 1.309041e+01
2.780800e+04 1.544151e+01
2.780900e+04 1.379020e+01
2.781000e+04 1.581680e+01
2.781100e+04 1.642742e+01
2.781200e+04 1.317846e+01
2.781300e+04 1.573948e+01
2.781400e+04 1.231365e+01
2.781500e+04 1.645088e+01
2.781600e+04 1.467451e+01
2.781700e+04 1.578307e+01
2.781800e+04 1.686218e+01
2.781900e+04 1.630855e+01
2.782000e+04 1.298100e+01
2.782100e+04 1.526376e+01
2.782200e+04 1.140623e+01
2.782300e+04 1.358247e+01
2.782400e+04 1.159799e+01
2.782500e+04 1.536185e+01
2.782600e+04 1.561801e+01
2.782700e+04 1.403328e+01
2.782800e+04 1.472874e+01
2.782900e+04 1.574061e+01
2.783000e+04 1.373683e+01
2.783100e+04 1.444512e+01
2.783200e+04 1.671551e+01
2.783300e+04 1.370180e+01
2.783400e+04 1.751079e+01
2.783500e+04 1.653262e+01
2.783600e+04 1.626993e+01
2.783700e+04 1.431321e+01
2.783800e+04 1.775558e+01
2.783900e+04 1.316282e+01
2.784000e+04 1.588196e+01
2.784100e+04 1.672596e+01
2.784200e+04 1.221541e+01
2.784300e+04 1.295401e+01
2.784400e+04 1.478580e+01
2.784500e+04 1.798674e+01
2.784600e+04 1.648457e+01
2.784700e+04 1.332820e+01
2.784800e+04 1.386407e+01
2.784900e+04 1.490295e+01
2.785000e+04 1.478341e+01
2.785100e+04 1.134787e+01
2.785200e+04 1.289297e+01
2.785300e+04 1.141742e+01
2.785400e+04 1.182071e+01
2.785500e+04 1.100380e+01
2.785600e+04 1.462422e+01
2.785700e+04 1.236277e+01
2.785800e+04 1.477724e+01
2.785900e+04 1.448357e+01
2.786000e+04 1.816646e+01
2.786100e+04 1.403561e+01
2.786200e+04 1.452006e+01
2.786300e+04 1.157322e+01
2.786400e+04 1.208307e+01
2.786500e+04 9.105094e+00
2.786600e+04 1.194775e+01
2.786700e+04 1.080940e+01
2.786800e+04 1.126327e+01
2.786900e+04 1.598788e+01
2.787000e+04 1.402844e+01
2.787100e+04 1.582412e+01
2.787200e+04 1.389780e+01
2.787300e+04 1.449768e+01
2.787400e+04 1.627683e+01
2.787500e+04 1.671317e+01
2.787600e+04 1.695112e+01
2.787700e+04 1.230018e+01
2.787800e+04 1.410266e+01
2.787900e+04 1.127743e+01
2.788000e+04 1.522411e+01
2.788100e+04 1.275213e+01
2.788200e+04 1.026689e+01
2.788300e+04 1.391614e+01
2.788400e+04 1.486603e+01
2.788500e+04 1.404974e+01
2.788600e+04 1.418632e+01
2.788700e+04 1.606189e+01
2.788800e+04 1.331920e+01
2.788900e+04 1.267224e+01
2.789000e+04 1.200015e+01
2.789100e+04 1.244971e+01
2.789200e+04 1.452927e+01
2.789300e+04 1.633902e+01
2.789400e+04 1.223382e+01
2.789500e+04 1.112041e+01
2.789600e+04 1.489021e+01
2.789700e+04 1.463786e+01
2.789800e+04 1.616633e+01
2.789900e+04 1.636539e+01
2.790000e+04 1.437642e+01
2.790100e+04 1.612513e+01
2.790200e+04 1.489719e+01
2.790300e+04 1.370971e+01
2.790400e+04 1.500619e+01
2.790500e+04 1.613858e+01
2.790600e+04 1.438578e+01
2.790700e+04 1.467117e+01
2.790800e+04 1.548941e+01
2.790900e+04 1.724221e+01
2.791000e+04 1.255149e+01
2.791100e+04 1.533496e+01
2.791200e+04 1.588728e+01
2.791300e+04 1.353969e+01
2.791400e+04 1.456956e+01
2.791500e+04 1.326207e+01
2.791600e+04 1.311321e+01
2.791700e+04 1.366470e+01
2.791800e+04 1.527390e+01
2.791900e+04 1.532215e+01
2.792000e+04 1.447495e+01
2.792100e+04 1.357235e+01
2.792200e+04 1.176088e+01
2.792300e+04 1.245844e+01
2.792400e+04 1.122430e+01
2.792500e+04 1.075976e+01
2.792600e+04 1.316681e+01
2.792700e+04 1.324935e+01
2.792800e+04 1.328567e+01
2.792900e+04 1.712533e+01
2.793000e+04 1.762621e+01
2.793100e+04 1.512806e+01
2.793200e+04 1.351308e+01
2.793300e+04 1.374331e+01
2.793400e+04 1.506359e+01
2.793500e+04 1.557472e+01
2.793600e+04 1.616961e+01
2.793700e+04 1.398394e+01
2.793800e+04 1.734304e+01
2.793900e+04 1.606028e+01
2.794000e+04 1.416885e+01
2.794100e+04 1.538923e+01
2.794200e+04 1.358323e+01
2.794300e+04 1.718182e+01
2.794400e+04 1.332593e+01
2.794500e+04 1.217841e+01
2.794600e+04 1.390959e+01
2.794700e+04 1.533516e+01
2.794800e+04 1.749142e+01
2.794900e+04 1.805307e+01
2.795000e+04 1.311437e+01
2.795100e+04 1.495386e+01
2.795200e+04 1.699775e+01
2.795300e+04 1.704684e+01
2.795400e+04 1.489107e+01
2.795500e+04 1.199660e+01
2.795600e+04 1.677431e+01
2.795700e+04 1.213914e+01
2.795800e+04 1.415438e+01
2.795900e+04 1.400964e+01
2.796000e+04 1.515171e+01
2.796100e+04 1.528692e+01
2.796200e+04 1.375060e+01
2.796300e+04 1.273202e+01
2.796400e+04 1.474069e+01
2.796500e+04 1.650963e+01
2.796600e+04 1.377892e+01
2.796700e+04 1.484200e+01
2.796800e+04 1.337887e+01
2.796900e+04 1.442471e+01
2.797000e+04 1.587623e+01
2.797100e+04 1.411480e+01
2.797200e+04 1.540010e+01
2.797300e+04 1.522525e+01
2.797400e+04 1.182115e+01
2.797500e+04 1.264966e+01
2.797600e+04 1.680004e+01
2.797700e+04 1.641355e+01
2.797800e+04 1.457576e+01
2.797900e+04 1.045712e+01
2.798000e+04 1.643495e+01
2.798100e+04 1.103823e+01
2.798200e+04 1.320746e+01
2.798300e+04 1.626743e+01
2.798400e+04 1.659272e+01
2.798500e+04 1.672148e+01
2.798600e+04 1.272152e+01
2.798700e+04 1.575489e+01
2.798800e+04 1.431587e+01
2.798900e+04 1.208892e+01
2.799000e+04 1.250511e+01
2.799100e+04 1.414793e+01
2.799200e+04 1.723658e+01
2.799300e+04 1.515843e+01
2.799400e+04 1.634661e+01
2.799500e+04 1.329934e+01
2.799600e+04 1.756460e+01
2.799700e+04 1.623152e+01
2.799800e+04 1.464736e+01
2.799900e+04 1.644158e+01
2.800000e+04 1.345826e+01
2.800100e+04 1.552872e+01
2.800200e+04 1.361414e+01
2.800300e+04 1.313526e+01
2.800400e+04 1.290074e+01
2.800500e+04 1.676250e+01
2.800600e+04 1.562216e+01
2.800700e+04 1.216582e+01
2.800800e+04 1.599218e+01
2.800900e+04 1.147843e+01
2.801000e+04 9.917854e+00
2.801100e+04 1.315012e+01
2.801200e+04 1.354703e+01
2.801300e+04 1.416303e+01
2.801400e+04 1.335056e+01
2.801500e+04 1.135481e+01
2.801600e+04 1.592379e+01
2.801700e+04 1.366167e+01
2.801800e+04 1.424052e+01
2.801900e+04 1.548194e+01
2.802000e+04 1.425934e+01
2.802100e+04 1.688744e+01
2.802200e+04 1.283752e+01
2.802300e+04 1.246307e+01
2.802400e+04 1.249180e+01
2.802500e+04 1.133607e+01
2.802600e+04 1.517865e+01
2.802700e+04 1.148201e+01
2.802800e+04 1.117901e+01
2.802900e+04 1.361266e+01
2.803000e+04 1.665600e+01
2.803100e+04 1.335276e+01
2.803200e+04 1.579362e+01
2.803300e+04 1.560263e+01
2.803400e+04 1.169398e+01
2.803500e+04 1.301645e+01
2.803600e+04 1.134030e+01
2.803700e+04 1.086644e+01
2.803800e+04 1.136301e+01
2.803900e+04 1.185801e+01
2.804000e+04 1.278027e+01
2.804100e+04 1.269943e+01
2.804200e+04 1.092366e+01
2.804300e+04 1.556557e+01
2.804400e+04 1.458293e+01
2.804500e+04 9.932958e+00
2.804600e+04 1.317251e+01
2.804700e+04 1.457009e+01
2.804800e+04 1.227952e+01
2.804900e+04 1.314209e+01
2.805000e+04 1.506599e+01
2.805100e+04 9.918269e+00
2.805200e+04 1.199998e+01
2.805300e+04 1.072676e+01
2.805400e+04 1.110297e+01
2.805500e+04 1.260356e+01
2.805600e+04 1.291917e+01
2.805700e+04 1.235302e+01
2.805800e+04 1.107885e+01
2.805900e+04 1.236494e+01
2.806000e+04 1.361270e+01
2.806100e+04 1.411786e+01
2.806200e+04 1.518364e+01
2.806300e+04 1.416574e+01
2.806400e+04 1.272945e+01
2.806500e+04 1.339690e+01
2.806600e+04 1.498795e+01
2.806700e+04 1.304590e+01
2.806800e+04 1.498959e+01
2.806900e+04 1.586471e+01
2.807000e+04 1.453314e+01
2.807100e+04 1.265659e+01
2.807200e+04 1.246712e+01
2.807300e+04 1.479190e+01
2.807400e+04 1.643977e+01
2.807500e+04 1.739417e+01
2.807600e+04 1.682629e+01
2.807700e+04 1.372997e+01
2.807800e+04 1.651843e+01
2.807900e+04 1.603474e+01
2.808000e+04 1.255534e+01
2.808100e+04 1.527661e+01
2.808200e+04 1.186211e+01
2.808300e+04 1.374416e+01
2.808400e+04 1.350248e+01
2.808500e+04 1.560174e+01
2.808600e+04 1.285183e+01
2.808700e+04 1.528960e+01
2.808800e+04 1.571319e+01
2.808900e+04 1.005780e+01
2.809000e+04 1.518274e+01
2.809100e+04 1.238383e+01
2.809200e+04 1.097096e+01
2.809300e+04 1.321886e+01
2.809400e+04 1.186589e+01
2.809500e+04 1.361767e+01
2.809600e+04 1.342080e+01
2.809700e+04 1.291294e+01
2.809800e+04 1.647857e+01
2.809900e+04 1.337329e+01
2.810000e+04 1.488201e+01
2.810100e+04 1.780001e+01
2.810200e+04 1.490998e+01
2.810300e+04 1.224603e+01
2.810400e+04 1.419490e+01
2.810500e+04 1.318690e+01
2.810600e+04 1.358036e+01
2.810700e+04 1.350528e+01
2.810800e+04 1.544756e+01
2.810900e+04 1.311280e+01
2.811000e+04 1.298858e+01
2.811100e+04 1.462421e+01
2.811200e+04 1.342648e+01
2.811300e+04 1.587789e+01
2.811400e+04 1.437473e+01
2.811500e+04 1.656736e+01
2.811600e+04 1.451543e+01
2.811700e+04 1.389408e+01
2.811800e+04 1.650444e+01
2.811900e+04 1.623008e+01
2.812000e+04 1.571836e+01
2.812100e+04 1.181184e+01
2.812200e+04 1.579856e+01
2.812300e+04 1.522287e+01
2.812400e+04 1.782493e+01
2.812500e+04 1.673654e+01
2.812600e+04 1.440091e+01
2.812700e+04 1.298258e+01
2.812800e+04 1.360244e+01
2.812900e+04 1.451858e+01
2.813000e+04 1.132037e+01
2.813100e+04 1.350571e+01
2.813200e+04 1.351596e+01
2.813300e+04 1.400659e+01
2.813400e+04 1.388830e+01
2.813500e+04 1.359112e+01
2.813600e+04 1.478589e+01
2.813700e+04 1.221246e+01
2.813800e+04 1.014808e+01
2.813900e+04 9.928382e+00
2.814000e+04 1.198870e+01
2.814100e+04 1.324249e+01
2.814200e+04 1.290216e+01
2.814300e+04 1.486395e+01
2.814400e+04 1.552676e+01
2.814500e+04 1.180427e+01
2.814600e+04 1.377902e+01
2.814700e+04 1.197356e+01
2.814800e+04 1.447686e+01
2.814900e+04 1.582953e+01
2.815000e+04 1.419716e+01
2.815100e+04 1.158032e+01
2.815200e+04 1.340895e+01
2.815300e+04 1.379015e+01
2.815400e+04 1.476932e+01
2.815500e+04 1.517289e+01
2.815600e+04 1.480271e+01
2.815700e+04 1.781106e+01
2.815800e+04 1.634805e+01
2.815900e+04 1.123083e+01
2.816000e+04 1.694345e+01
2.816100e+04 1.504898e+01
2.816200e+04 1.528756e+01
2.816300e+04 1.212703e+01
2.816400e+04 1.598738e+01
2.816500e+04 1.458214e+01
2.816600e+04 1.364815e+01
2.816700e+04 1.438868e+01
2.816800e+04 1.172255e+01
2.816900e+04 1.485310e+01
2.817000e+04 1.423442e+01
2.817100e+04 1.137360e+01
2.817200e+04 1.093221e+01
2.817300e+04 1.096984e+01
2.817400e+04 1.342006e+01
2.817500e+04 1.387211e+01
2.817600e+04 1.304194e+01
2.817700e+04 1.414798e+01
2.817800e+04 1.430881e+01
2.817900e+04 1.127377e+01
2.818000e+04 1.175309e+01
2.818100e+04 1.200115e+01
2.818200e+04 1.298990e+01
2.818300e+04 1.280306e+01
2.818400e+04 1.422737e+01
2.818500e+04 1.610104e+01
2.818600e+04 1.624425e+01
2.818700e+04 1.332719e+01
2.818800e+04 1.426291e+01
2.818900e+04 1.207776e+01
2.819000e+04 1.384496e+01
2.819100e+04 1.085827e+01
2.819200e+04 1.192398e+01
2.819300e+04 1.167674e+01
2.819400e+04 1.042593e+01
2.819500e+04 1.281874e+01
2.819600e+04 1.060678e+01
2.819700e+04 1.358565e+01
2.819800e+04 1.507117e+01
2.819900e+04 1.564158e+01
2.820000e+04 1.148135e+01
2.820100e+04 1.543650e+01
2.820200e+04 1.079828e+01
2.820300e+04 1.278331e+01
2.820400e+04 1.095249e+01
2.820500e+04 1.063106e+01
2.820600e+04 1.298536e+01
2.820700e+04 9.118319e+00
2.820800e+04 1.062463e+01
2.820900e+04 1.086745e+01
2.821000e+04 1.335562e+01
2.821100e+04 1.488625e+01
2.821200e+04 1.341833e+01
2.821300e+04 1.296918e+01
2.821400e+04 1.216573e+01
2.821500e+04 1.617846e+01
2.821600e+04 1.551199e+01
2.821700e+04 1.303491e+01
2.821800e+04 1.226589e+01
2.821900e+04 1.208211e+01
2.822000e+04 1.067557e+01
2.822100e+04 1.286340e+01
2.822200e+04 1.427212e+01
2.822300e+04 1.204773e+01
2.822400e+04 1.579899e+01
2.822500e+04 1.325679e+01
2.822600e+04 1.299632e+01
2.822700e+04 1.146029e+01
2.822800e+04 1.400244e+01
2.822900e+04 1.426699e+01
2.823000e+04 1.511234e+01
2.823100e+04 1.174147e+01
2.823200e+04 1.196195e+01
2.823300e+04 1.286876e+01
2.823400e+04 1.499872e+01
2.823500e+04 1.363396e+01
2.823600e+04 1.431585e+01
2.823700e+04 1.556955e+01
2.823800e+04 1.430083e+01
2.823900e+04 1.607101e+01
2.824000e+04 1.598019e+01
2.824100e+04 1.299242e+01
2.824200e+04 1.218526e+01
2.824300e+04 1.120541e+01
2.824400e+04 1.239686e+01
2.824500e+04 1.316160e+01
2.824600e+04 1.501831e+01
2.824700e+04 1.500628e+01
2.824800e+04 1.580229e+01
2.824900e+04 1.643244e+01
2.825000e+04 1.267163e+01
2.825100e+04 1.217768e+01
2.825200e+04 1.474178e+01
2.825300e+04 1.288512e+01
2.825400e+04 1.073144e+01
2.825500e+04 1.203082e+01
2.825600e+04 1.208788e+01
2.825700e+04 1.387044e+01
2.825800e+04 1.231573e+01
2.825900e+04 1.204639e+01
2.826000e+04 1.493943e+01
2.826100e+04 1.588143e+01
2.826200e+04 1.269307e+01
2.826300e+04 1.529669e+01
2.826400e+04 1.729844e+01
2.826500e+04 1.580369e+01
2.826600e+04 1.152724e+01
2.826700e+04 1.417687e+01
2.826800e+04 1.511434e+01
2.826900e+04 1.089893e+01
2.827000e+04 1.319114e+01
2.827100e+04 1.270996e+01
2.827200e+04 1.051158e+01
2.827300e+04 1.344291e+01
2.827400e+04 1.248548e+01
2.827500e+04 1.330097e+01
2.827600e+04 1.097707e+01
2.827700e+04 1.299998e+01
2.827800e+04 1.002898e+01
2.827900e+04 1.130757e+01
2.828000e+04 1.587469e+01
2.828100e+04 1.567205e+01
2.828200e+04 1.588598e+01
2.828300e+04 1.614755e+01
2.828400e+04 1.681572e+01
2.828500e+04 1.368302e+01
2.828600e+04 1.470101e+01
2.828700e+04 1.087794e+01
2.828800e+04 1.588914e+01
2.828900e+04 1.653538e+01
2.829000e+04 1.664930e+01
2.829100e+04 1.330311e+01
2.829200e+04 1.332008e+01
2.829300e+04 1.252647e+01
2.829400e+04 1.347609e+01
2.829500e+04 1.398405e+01
2.829600e+04 1.599187e+01
2.829700e+04 1.660844e+01
2.829800e+04 1.474558e+01
2.829900e+04 1.542404e+01
2.830000e+04 1.461506e+01
2.830100e+04 9.988809e+00
2.830200e+04 1.301725e+01
2.830300e+04 1.447495e+01
2.830400e+04 1.263086e+01
2.830500e+04 1.241530e+01
2.830600e+04 1.236334e+01
2.830700e+04 1.187710e+01
2.830800e+04 1.561831e+01
2.830900e+04 1.599074e+01
2.831000e+04 1.522415e+01
2.831100e+04 1.657430e+01
2.831200e+04 1.642322e+01
2.831300e+04 1.533741e+01
2.831400e+04 1.387765e+01
2.831500e+04 1.163130e+01
2.831600e+04 1.254613e+01
2.831700e+04 1.195174e+01
2.831800e+04 1.290034e+01
2.831900e+04 1.428905e+01
2.832000e+04 1.428115e+01
2.832100e+04 1.192214e+01
2.832200e+04 1.270006e+01
2.832300e+04 1.641662e+01
2.832400e+04 1.366939e+01
2.832500e+04 1.548115e+01
2.832600e+04 1.653074e+01
2.832700e+04 1.561450e+01
2.832800e+04 1.547419e+01
2.832900e+04 1.689530e+01
2.833000e+04 1.680885e+01
2.833100e+04 1.517969e+01
2.833200e+04 1.342043e+01
2.833300e+04 1.457281e+01
2.833400e+04 1.178856e+01
2.833500e+04 1.183922e+01
2.833600e+04 1.233716e+01
2.833700e+04 1.261347e+01
2.833800e+04 1.150936e+01
2.833900e+04 1.217792e+01
2.834000e+04 1.254484e+01
2.834100e+04 1.626345e+01
2.834200e+04 1.429497e+01
2.834300e+04 1.569767e+01
2.834400e+04 1.071894e+01
2.834500e+04 1.501428e+01
2.834600e+04 1.279791e+01
2.834700e+04 1.248750e+01
2.834800e+04 1.120778e+01
2.834900e+04 9.943544e+00
2.835000e+04 1.635674e+01
2.835100e+04 1.523162e+01
2.835200e+04 1.200802e+01
2.835300e+04 1.054920e+01
2.835400e+04 1.228165e+01
2.835500e+04 1.157741e+01
2.835600e+04 1.062920e+01
2.835700e+04 1.178223e+01
2.835800e+04 1.339224e+01
2.835900e+04 1.078867e+01
2.836000e+04 1.226791e+01
2.836100e+04 1.283220e+01
2.836200e+04 1.250335e+01
2.836300e+04 1.157954e+01
2.836400e+04 1.037414e+01
2.836500e+04 1.458715e+01
2.836600e+04 1.637152e+01
2.836700e+04 1.522847e+01
2.836800e+04 1.529171e+01
2.836900e+04 1.470407e+01
2.837000e+04 1.063901e+01
2.837100e+04 1.576467e+01
2.837200e+04 1.531360e+01
2.837300e+04 1.146522e+01
2.837400e+04 1.371119e+01
2.837500e+04 1.135226e+01
2.837600e+04 9.530938e+00
2.837700e+04 1.032440e+01
2.837800e+04 9.727801e+00
2.837900e+04 1.264960e+01
2.838000e+04 1.384992e+01
2.838100e+04 1.631336e+01
2.838200e+04 1.368779e+01
2.838300e+04 1.418711e+01
2.838400e+04 9.788530e+00
2.838500e+04 1.273202e+01
2.838600e+04 1.154837e+01
2.838700e+04 1.187189e+01
2.838800e+04 1.136338e+01
2.838900e+04 1.468329e+01
2.839000e+04 1.400006e+01
2.839100e+04 1.449292e+01
2.839200e+04 1.682494e+01
2.839300e+04 1.368608e+01
2.839400e+04 1.436968e+01
2.839500e+04 1.476346e+01
2.839600e+04 1.476274e+01
2.839700e+04 1.387145e+01
2.839800e+04 1.370589e+01
2.839900e+04 1.638402e+01
2.840000e+04 1.456412e+01
2.840100e+04 1.305083e+01
2.840200e+04 1.313320e+01
2.840300e+04 1.294737e+01
2.840400e+04 1.609583e+01
2.840500e+04 1.527369e+01
2.840600e+04 1.370362e+01
2.840700e+04 1.136204e+01
2.840800e+04 1.128247e+01
2.840900e+04 1.262433e+01
2.841000e+04 1.308983e+01
2.841100e+04 1.396550e+01
2.841200e+04 1.313971e+01
2.841300e+04 1.460078e+01
2.841400e+04 1.427193e+01
2.841500e+04 1.325356e+01
2.841600e+04 1.294551e+01
2.841700e+04 1.284211e+01
2.841800e+04 1.408012e+01
2.841900e+04 1.710400e+01
2.842000e+04 1.455530e+01
2.842100e+04 1.269490e+01
2.842200e+04 1.151984e+01
2.842300e+04 1.550479e+01
2.842400e+04 1.599594e+01
2.842500e+04 1.460598e+01
2.842600e+04 1.402880e+01
2.842700e+04 1.340225e+01
2.842800e+04 1.197174e+01
2.842900e+04 1.278235e+01
2.843000e+04 9.926321e+00
2.843100e+04 1.151649e+01
2.843200e+04 1.344660e+01
2.843300e+04 1.232846e+01
2.843400e+04 1.406292e+01
2.843500e+04 1.302701e+01
2.843600e+04 1.387494e+01
2.843700e+04 1.167156e+01
2.843800e+04 1.138887e+01
2.843900e+04 1.214369e+01
2.844000e+04 1.204995e+01
2.844100e+04 1.378199e+01
2.844200e+04 1.421980e+01
2.844300e+04 1.370709e+01
2.844400e+04 1.204424e+01
2.844500e+04 1.416892e+01
2.844600e+04 1.240455e+01
2.844700e+04 1.439312e+01
2.844800e+04 1.332398e+01
2.844900e+04 1.409815e+01
2.845000e+04 1.314194e+01
2.845100e+04 1.256516e+01
2.845200e+04 1.392466e+01
2.845300e+04 1.187079e+01
2.845400e+04 1.427505e+01
2.845500e+04 1.112609e+01
2.845600e+04 1.264384e+01
2.845700e+04 1.354392e+01
2.845800e+04 1.542525e+01
2.845900e+04 1.441114e+01
2.846000e+04 1.389645e+01
2.846100e+04 1.068123e+01
2.846200e+04 1.561355e+01
2.846300e+04 1.662879e+01
2.846400e+04 1.524884e+01
2.846500e+04 1.032585e+01
2.846600e+04 1.555671e+01
2.846700e+04 1.198965e+01
2.846800e+04 1.422871e+01
2.846900e+04 1.380489e+01
2.847000e+04 1.135404e+01
2.847100e+04 1.468743e+01
2.847200e+04 1.401873e+01
2.847300e+04 1.394958e+01
2.847400e+04 1.363543e+01
2.847500e+04 1.422864e+01
2.847600e+04 1.400673e+01
2.847700e+04 1.393151e+01
2.847800e+04 1.278638e+01
2.847900e+04 1.249576e+01
2.848000e+04 1.339134e+01
2.848100e+04 1.433341e+01
2.848200e+04 1.588626e+01
2.848300e+04 1.541392e+01
2.848400e+04 1.251410e+01
2.848500e+04 1.122498e+01
2.848600e+04 1.557673e+01
2.848700e+04 1.531579e+01
2.848800e+04 1.386653e+01
2.848900e+04 1.293792e+01
2.849000e+04 1.588481e+01
2.849100e+04 1.461923e+01
2.849200e+04 1.167123e+01
2.849300e+04 1.215791e+01
2.849400e+04 1.219038e+01
2.849500e+04 9.768197e+00
2.849600e+04 1.333085e+01
2.849700e+04 1.263485e+01
2.849800e+04 1.073851e+01
2.849900e+04 1.504189e+01
2.850000e+04 1.489612e+01
2.850100e+04 1.286018e+01
2.850200e+04 1.091357e+01
2.850300e+04 1.120530e+01
2.850400e+04 1.369864e+01
2.850500e+04 1.259826e+01
2.850600e+04 1.412091e+01
2.850700e+04 1.261749e+01
2.850800e+04 9.652816e+00
2.850900e+04 1.351749e+01
2.851000e+04 1.424430e+01
2.851100e+04 1.310910e+01
2.851200e+04 1.492244e+01
2.851300e+04 1.269147e+01
2.851400e+04 1.313174e+01
2.851500e+04 1.286192e+01
2.851600e+04 1.259381e+01
2.851700e+04 1.126152e+01
2.851800e+04 1.497478e+01
2.851900e+04 1.306954e+01
2.852000e+04 1.418163e+01
2.852100e+04 1.525427e+01
2.852200e+04 1.278107e+01
2.852300e+04 1.148174e+01
2.852400e+04 1.360968e+01
2.852500e+04 1.501860e+01
2.852600e+04 1.001580e+01
2.852700e+04 1.088460e+01
2.852800e+04 1.305571e+01
2.852900e+04 1.237033e+01
2.853000e+04 1.157232e+01
2.853100e+04 1.245910e+01
2.853200e+04 1.413814e+01
2.853300e+04 1.392405e+01
2.853400e+04 1.199145e+01
2.853500e+04 1.159052e+01
2.853600e+04 1.229862e+01
2.853700e+04 1.012291e+01
2.853800e+04 1.125220e+01
2.853900e+04 1.332325e+01
2.854000e+04 1.236701e+01
2.854100e+04 1.455041e+01
2.854200e+04 1.157894e+01
2.854300e+04 1.348459e+01
2.854400e+04 1.017532e+01
2.854500e+04 1.124330e+01
2.854600e+04 1.345760e+01
2.854700e+04 8.788264e+00
2.854800e+04 9.650392e+00
2.854900e+04 1.188177e+01
2.855000e+04 1.466134e+01
2.855100e+04 1.098650e+01
2.855200e+04 1.001325e+01
2.855300e+04 1.310802e+01
2.855400e+04 1.588725e+01
2.855500e+04 1.504045e+01
2.855600e+04 1.172898e+01
2.855700e+04 1.259733e+01
2.855800e+04 9.300735e+00
2.855900e+04 1.172261e+01
2.856000e+04 1.325630e+01
2.856100e+04 1.413000e+01
2.856200e+04 1.357426e+01
2.856300e+04 1.043714e+01
2.856400e+04 1.223014e+01
2.856500e+04 1.179585e+01
2.856600e+04 1.383418e+01
2.856700e+04 1.370607e+01
2.856800e+04 1.200016e+01
2.856900e+04 1.388942e+01
2.857000e+04 1.054810e+01
2.857100e+04 1.376552e+01
2.857200e+04 1.301833e+01
2.857300e+04 1.155269e+01
2.857400e+04 1.236013e+01
2.857500e+04 1.027964e+01
2.857600e+04 1.254223e+01
2.857700e+04 1.311048e+01
2.857800e+04 1.310109e+01
2.857900e+04 1.532624e+01
2.858000e+04 1.531291e+01
2.858100e+04 1.308657e+01
2.858200e+04 1.352120e+01
2.858300e+04 1.376187e+01
2.858400e+04 1.576761e+01
2.858500e+04 1.607799e+01
2.858600e+04 1.376529e+01
2.858700e+04 1.311607e+01
2.858800e+04 1.450216e+01
2.858900e+04 1.512933e+01
2.859000e+04 1.646818e+01
2.859100e+04 1.507472e+01
2.859200e+04 1.347113e+01
2.859300e+04 1.534021e+01
2.859400e+04 1.541156e+01
2.859500e+04 1.400551e+01
2.859600e+04 1.372982e+01
2.859700e+04 1.470530e+01
2.859800e+04 1.234801e+01
2.859900e+04 1.260274e+01
2.860000e+04 1.172053e+01
2.860100e+04 1.359022e+01
2.860200e+04 1.551287e+01
2.860300e+04 1.575217e+01
2.860400e+04 1.546682e+01
2.860500e+04 1.400676e+01
2.860600e+04 1.182219e+01
2.860700e+04 1.286985e+01
2.860800e+04 1.569795e+01
2.860900e+04 1.459531e+01
2.861000e+04 1.201289e+01
2.861100e+04 1.337430e+01
2.861200e+04 1.245636e+01
2.861300e+04 1.398172e+01
2.861400e+04 1.213968e+01
2.861500e+04 1.485880e+01
2.861600e+04 1.280932e+01
2.861700e+04 1.256712e+01
2.861800e+04 1.178025e+01
2.861900e+04 1.199612e+01
2.862000e+04 1.239389e+01
2.862100e+04 1.545929e+01
2.862200e+04 1.159631e+01
2.862300e+04 1.225012e+01
2.862400e+04 1.305696e+01
2.862500e+04 1.369037e+01
2.862600e+04 1.556003e+01
2.862700e+04 1.383063e+01
2.862800e+04 1.431346e+01
2.862900e+04 1.454756e+01
2.863000e+04 1.542426e+01
2.863100e+04 1.368738e+01
2.863200e+04 1.362307e+01
2.863300e+04 1.418485e+01
2.863400e+04 1.543519e+01
2.863500e+04 1.289887e+01
2.863600e+04 1.419575e+01
2.863700e+04 1.232047e+01
2.863800e+04 1.189617e+01
2.863900e+04 1.161650e+01
2.864000e+04 1.214017e+01
2.864100e+04 1.371625e+01
2.864200e+04 1.437929e+01
2.864300e+04 1.284013e+01
2.864400e+04 1.214917e+01
2.864500e+04 9.727915e+00
2.864600e+04 1.335682e+01
2.864700e+04 1.506183e+01
2.864800e+04 1.327734e+01
2.864900e+04 1.478125e+01
2.865000e+04 1.624943e+01
2.865100e+04 1.325453e+01
2.865200e+04 1.217473e+01
2.865300e+04 1.099456e+01
2.865400e+04 1.297149e+01
2.865500e+04 1.383713e+01
2.865600e+04 1.540387e+01
2.865700e+04 1.215694e+01
2.865800e+04 1.108149e+01
2.865900e+04 1.492292e+01
2.866000e+04 1.253803e+01
2.866100e+04 1.479206e+01
2.866200e+04 1.583129e+01
2.866300e+04 1.158712e+01
2.866400e+04 1.165192e+01
2.866500e+04 1.531945e+01
2.866600e+04 1.303994e+01
2.866700e+04 1.215986e+01
2.866800e+04 1.228880e+01
2.866900e+04 1.027789e+01
2.867000e+04 1.278750e+01
2.867100e+04 1.363367e+01
2.867200e+04 1.225200e+01
2.867300e+04 1.499848e+01
2.867400e+04 1.300451e+01
2.867500e+04 1.562216e+01
2.867600e+04 1.336447e+01
2.867700e+04 1.110006e+01
2.867800e+04 1.441478e+01
2.867900e+04 1.124745e+01
2.868000e+04 1.014860e+01
2.868100e+04 1.159940e+01
2.868200e+04 9.753681e+00
2.868300e+04 1.480385e+01
2.868400e+04 1.388584e+01
2.868500e+04 1.589884e+01
2.868600e+04 1.179202e+01
2.868700e+04 1.281445e+01
2.868800e+04 9.365427e+00
2.868900e+04 1.373041e+01
2.869000e+04 1.365656e+01
2.869100e+04 1.207948e+01
2.869200e+04 1.312107e+01
2.869300e+04 1.153878e+01
2.869400e+04 1.447618e+01
2.869500e+04 1.426102e+01
2.869600e+04 1.161402e+01
2.869700e+04 1.322773e+01
2.869800e+04 1.073328e+01
2.869900e+04 1.423114e+01
2.870000e+04 1.174724e+01
2.870100e+04 1.222012e+01
2.870200e+04 9.592269e+00
2.870300e+04 1.435050e+01
2.870400e+04 1.357549e+01
2.870500e+04 1.415303e+01
2.870600e+04 1.593008e+01
2.870700e+04 1.232525e+01
2.870800e+04 1.278761e+01
2.870900e+04 1.275630e+01
2.871000e+04 1.220947e+01
2.871100e+04 1.439114e+01
2.871200e+04 1.018350e+01
2.871300e+04 1.139400e+01
2.871400e+04 1.385535e+01
2.871500e+04 9.066748e+00
2.871600e+04 1.204323e+01
2.871700e+04 1.224341e+01
2.871800e+04 1.247941e+01
2.871900e+04 1.235315e+01
2.872000e+04 1.301282e+01
2.872100e+04 1.271370e+01
2.872200e+04 1.381329e+01
2.872300e+04 1.181672e+01
2.872400e+04 9.631899e+00
2.872500e+04 1.201653e+01
2.872600e+04 1.494101e+01
2.872700e+04 1.050484e+01
2.872800e+04 1.046608e+01
2.872900e+04 1.016635e+01
2.873000e+04 1.080453e+01
2.873100e+04 1.011688e+01
2.873200e+04 1.010079e+01
2.873300e+04 1.025116e+01
2.873400e+04 1.252874e+01
2.873500e+04 1.387244e+01
2.873600e+04 1.421945e+01
2.873700e+04 1.355757e+01
2.873800e+04 1.155500e+01
2.873900e+04 1.222109e+01
2.874000e+04 1.316964e+01
2.874100e+04 1.000221e+01
2.874200e+04 1.525497e+01
2.874300e+04 1.473059e+01
2.874400e+04 1.348049e+01
2.874500e+04 1.248815e+01
2.874600e+04 1.144625e+01
2.874700e+04 1.037702e+01
2.874800e+04 1.148248e+01
2.874900e+04 1.242228e+01
2.875000e+04 1.333037e+01
2.875100e+04 1.256248e+01
2.875200e+04 1.324265e+01
2.875300e+04 1.348575e+01
2.875400e+04 1.280499e+01
2.875500e+04 1.353861e+01
2.875600e+04 1.637063e+01
2.875700e+04 1.468884e+01
2.875800e+04 1.370891e+01
2.875900e+04 1.451549e+01
2.876000e+04 1.473280e+01
2.876100e+04 1.557494e+01
2.876200e+04 1.256327e+01
2.876300e+04 1.590945e+01
2.876400e+04 1.354278e+01
2.876500e+04 1.326043e+01
2.876600e+04 1.399501e+01
2.876700e+04 1.492582e+01
2.876800e+04 1.258857e+01
2.876900e+04 1.434453e+01
2.877000e+04 1.460119e+01
2.877100e+04 1.073494e+01
2.877200e+04 1.407100e+01
2.877300e+04 1.460736e+01
2.877400e+04 1.429688e+01
2.877500e+04 1.562990e+01
2.877600e+04 1.221795e+01
2.877700e+04 1.319872e+01
2.877800e+04 1.000977e+01
2.877900e+04 9.550712e+00
2.878000e+04 1.315362e+01
2.878100e+04 1.418953e+01
2.878200e+04 1.407593e+01
2.878300e+04 1.219581e+01
2.878400e+04 1.220100e+01
2.878500e+04 1.275402e+01
2.878600e+04 1.482935e+01
2.878700e+04 1.515112e+01
2.878800e+04 1.349982e+01
2.878900e+04 1.467315e+01
2.879000e+04 1.232840e+01
2.879100e+04 1.337044e+01
2.879200e+04 1.072306e+01
2.879300e+04 1.516343e+01
2.879400e+04 1.407484e+01
2.879500e+04 1.585887e+01
2.879600e+04 1.434424e+01
2.879700e+04 1.305342e+01
2.879800e+04 1.237475e+01
2.879900e+04 1.427309e+01
2.880000e+04 1.264782e+01
2.880100e+04 1.263913e+01
2.880200e+04 1.351802e+01
2.880300e+04 1.212212e+01
2.880400e+04 1.242215e+01
2.880500e+04 1.424755e+01
2.880600e+04 1.369555e+01
2.880700e+04 1.175976e+01
2.880800e+04 1.251339e+01
2.880900e+04 1.454286e+01
2.881000e+04 1.373529e+01
2.881100e+04 1.158152e+01
2.881200e+04 1.101531e+01
2.881300e+04 1.169491e+01
2.881400e+04 1.421274e+01
2.881500e+04 1.388561e+01
2.881600e+04 1.325355e+01
2.881700e+04 1.552436e+01
2.881800e+04 1.363603e+01
2.881900e+04 1.518739e+01
2.882000e+04 1.233452e+01
2.882100e+04 1.337046e+01
2.882200e+04 1.447157e+01
2.882300e+04 1.210141e+01
2.882400e+04 1.348976e+01
2.882500e+04 1.248095e+01
2.882600e+04 1.305371e+01
2.882700e+04 1.084543e+01
2.882800e+04 9.535192e+00
2.882900e+04 1.417939e+01
2.883000e+04 1.196990e+01
2.883100e+04 1.293783e+01
2.883200e+04 1.314902e+01
2.883300e+04 1.327308e+01
2.883400e+04 1.517222e+01
2.883500e+04 1.471634e+01
2.883600e+04 1.353802e+01
2.883700e+04 1.552539e+01
2.883800e+04 1.158972e+01
2.883900e+04 1.321444e+01
2.884000e+04 1.232252e+01
2.884100e+04 1.257292e+01
2.884200e+04 1.140220e+01
2.884300e+04 1.036993e+01
2.884400e+04 1.339981e+01
2.884500e+04 1.372947e+01
2.884600e+04 1.627340e+01
2.884700e+04 1.388132e+01
2.884800e+04 1.337927e+01
2.884900e+04 1.282653e+01
2.885000e+04 1.432035e+01
2.885100e+04 1.286647e+01
2.885200e+04 1.217897e+01
2.885300e+04 1.285833e+01
2.885400e+04 1.269823e+01
2.885500e+04 1.300128e+01
2.885600e+04 1.227957e+01
2.885700e+04 1.232361e+01
2.885800e+04 1.066180e+01
2.885900e+04 1.013715e+01
2.886000e+04 1.089064e+01
2.886100e+04 1.250520e+01
2.886200e+04 1.210777e+01
2.886300e+04 8.680984e+00
2.886400e+04 1.419036e+01
2.886500e+04 1.142932e+01
2.886600e+04 1.349950e+01
2.886700e+04 1.213375e+01
2.886800e+04 1.098776e+01
2.886900e+04 1.321494e+01
2.887000e+04 1.521839e+01
2.887100e+04 1.285056e+01
2.887200e+04 1.618870e+01
2.887300e+04 1.567681e+01
2.887400e+04 1.229301e+01
2.887500e+04 1.406132e+01
2.887600e+04 1.308530e+01
2.887700e+04 1.114119e+01
2.887800e+04 1.143631e+01
2.887900e+04 1.200626e+01
2.888000e+04 1.265484e+01
2.888100e+04 1.489896e+01
2.888200e+04 1.484269e+01
2.888300e+04 1.178384e+01
2.888400e+04 1.054760e+01
2.888500e+04 1.231598e+01
2.888600e+04 9.946078e+00
2.888700e+04 1.078167e+01
2.888800e+04 9.346940e+00
2.888900e+04 1.315520e+01
2.889000e+04 1.323521e+01
2.889100e+04 1.435868e+01
2.889200e+04 1.470946e+01
2.889300e+04 1.431131e+01
2.889400e+04 1.102835e+01
2.889500e+04 1.007453e+01
2.889600e+04 1.056572e+01
2.889700e+04 1.035297e+01
2.889800e+04 1.012072e+01
2.889900e+04 1.218362e+01
2.890000e+04 1.063987e+01
2.890100e+04 1.368561e+01
2.890200e+04 1.367089e+01
2.890300e+04 1.340885e+01
2.890400e+04 1.094822e+01
2.890500e+04 1.037111e+01
2.890600e+04 1.146907e+01
2.890700e+04 1.270965e+01
2.890800e+04 1.651739e+01
2.890900e+04 1.435000e+01
2.891000e+04 1.313111e+01
2.891100e+04 1.017617e+01
2.891200e+04 9.187199e+00
2.891300e+04 9.556923e+00
2.891400e+04 9.015435e+00
2.891500e+04 1.173098e+01
2.891600e+04 1.312033e+01
2.891700e+04 1.487151e+01
2.891800e+04 1.142084e+01
2.891900e+04 1.327158e+01
2.892000e+04 1.366782e+01
2.892100e+04 1.209016e+01
2.892200e+04 1.116042e+01
2.892300e+04 1.196935e+01
2.892400e+04 1.160269e+01
2.892500e+04 1.218532e+01
2.892600e+04 1.109086e+01
2.892700e+04 1.492210e+01
2.892800e+04 1.468839e+01
2.892900e+04 1.381389e+01
2.893000e+04 1.349198e+01
2.893100e+04 1.355630e+01
2.893200e+04 1.137450e+01
2.893300e+04 9.620108e+00
2.893400e+04 1.349814e+01
2.893500e+04 1.488675e+01
2.893600e+04 1.454997e+01
2.893700e+04 1.148668e+01
2.893800e+04 1.273886e+01
2.893900e+04 1.290615e+01
2.894000e+04 1.388717e+01
2.894100e+04 1.501214e+01
2.894200e+04 1.571290e+01
2.894300e+04 1.343476e+01
2.894400e+04 1.400635e+01
2.894500e+04 1.367350e+01
2.894600e+04 1.303869e+01
2.894700e+04 1.491572e+01
2.894800e+04 1.679708e+01
2.894900e+04 1.578830e+01
2.895000e+04 1.343118e+01
2.895100e+04 1.294238e+01
2.895200e+04 1.318072e+01
2.895300e+04 1.095533e+01
2.895400e+04 1.384108e+01
2.895500e+04 1.485198e+01
2.895600e+04 1.329786e+01
2.895700e+04 1.283399e+01
2.895800e+04 1.400578e+01
2.895900e+04 1.089716e+01
2.896000e+04 1.182382e+01
2.896100e+04 1.406856e+01
2.896200e+04 1.425790e+01
2.896300e+04 1.550008e+01
2.896400e+04 1.302295e+01
2.896500e+04 1.330894e+01
2.896600e+04 1.147871e+01
2.896700e+04 1.181946e+01
2.896800e+04 1.416751e+01
2.896900e+04 1.488600e+01
2.897000e+04 1.187359e+01
2.897100e+04 1.384709e+01
2.897200e+04 1.259967e+01
2.897300e+04 1.213397e+01
2.897400e+04 1.240613e+01
2.897500e+04 1.413109e+01
2.897600e+04 1.584895e+01
2.897700e+04 1.458458e+01
2.897800e+04 1.479953e+01
2.897900e+04 1.390047e+01
2.898000e+04 1.499955e+01
2.898100e+04 1.343540e+01
2.898200e+04 1.328978e+01
2.898300e+04 1.330912e+01
2.898400e+04 1.300305e+01
2.898500e+04 1.332358e+01
2.898600e+04 1.128804e+01
2.898700e+04 1.230852e+01
2.898800e+04 1.414082e+01
2.898900e+04 1.054667e+01
2.899000e+04 1.120541e+01
2.899100e+04 1.127115e+01
2.899200e+04 1.282487e+01
2.899300e+04 1.003925e+01
2.899400e+04 1.093705e+01
2.899500e+04 1.311665e+01
2.899600e+04 9.579797e+00
2.899700e+04 1.006389e+01
2.899800e+04 1.345166e+01
2.899900e+04 1.200184e+01
2.900000e+04 1.122509e+01
2.900100e+04 1.231811e+01
2.900200e+04 1.294823e+01
2.900300e+04 1.113054e+01
2.900400e+04 1.428803e+01
2.900500e+04 1.132351e+01
2.900600e+04 1.287767e+01
2.900700e+04 1.274872e+01
2.900800e+04 1.030809e+01
2.900900e+04 1.065158e+01
2.901000e+04 1.111166e+01
2.901100e+04 1.003251e+01
2.901200e+04 1.297115e+01
2.901300e+04 1.365345e+01
2.901400e+04 1.323961e+01
2.901500e+04 1.522011e+01
2.901600e+04 1.301526e+01
2.901700e+04 1.434634e+01
2.901800e+04 1.105682e+01
2.901900e+04 1.366239e+01
2.902000e+04 1.305082e+01
2.902100e+04 1.231771e+01
2.902200e+04 1.299023e+01
2.902300e+04 1.199445e+01
2.902400e+04 1.078483e+01
2.902500e+04 9.136529e+00
2.902600e+04 1.178175e+01
2.902700e+04 1.379715e+01
2.902800e+04 1.261345e+01
2.902900e+04 1.238220e+01
2.903000e+04 1.264390e+01
2.903100e+04 1.504346e+01
2.903200e+04 1.366977e+01
2.903300e+04 1.314596e+01
2.903400e+04 1.246672e+01
2.903500e+04 1.319326e+01
2.903600e+04 1.409451e+01
2.903700e+04 1.363666e+01
2.903800e+04 1.374835e+01
2.903900e+04 1.124274e+01
2.904000e+04 1.122993e+01
2.904100e+04 9.765826e+00
2.904200e+04 1.004189e+01
2.904300e+04 9.615751e+00
2.904400e+04 1.064085e+01
2.904500e+04 1.334525e+01
2.904600e+04 1.310336e+01
2.904700e+04 1.308312e+01
2.904800e+04 1.233424e+01
2.904900e+04 1.482138e+01
2.905000e+04 1.238521e+01
2.905100e+04 1.036227e+01
2.905200e+04 1.260448e+01
2.905300e+04 1.148118e+01
2.905400e+04 1.321740e+01
2.905500e+04 1.450715e+01
2.905600e+04 1.466785e+01
2.905700e+04 1.537591e+01
2.905800e+04 1.246592e+01
2.905900e+04 1.311026e+01
2.906000e+04 1.409287e+01
2.906100e+04 1.433467e+01
2.906200e+04 1.247883e+01
2.906300e+04 1.339531e+01
2.906400e+04 1.140045e+01
2.906500e+04 1.083942e+01
2.906600e+04 1.102304e+01
2.906700e+04 1.352684e+01
2.906800e+04 1.396289e+01
2.906900e+04 1.451669e+01
2.907000e+04 1.362080e+01
2.907100e+04 9.737923e+00
2.907200e+04 9.189969e+00
2.907300e+04 1.175017e+01
2.907400e+04 1.231988e+01
2.907500e+04 1.102754e+01
2.907600e+04 1.267077e+01
2.907700e+04 1.108361e+01
2.907800e+04 9.492235e+00
2.907900e+04 1.293647e+01
2.908000e+04 1.058086e+01
2.908100e+04 8.162175e+00
2.908200e+04 9.644531e+00
2.908300e+04 1.051506e+01
2.908400e+04 1.138183e+01
2.908500e+04 1.050084e+01
2.908600e+04 1.217828e+01
2.908700e+04 1.153013e+01
2.908800e+04 1.119538e+01
2.908900e+04 8.599364e+00
2.909000e+04 1.102634e+01
2.909100e+04 9.394074e+00
2.909200e+04 1.142218e+01
2.909300e+04 1.066974e+01
2.909400e+04 1.341036e+01
2.909500e+04 1.145260e+01
2.909600e+04 1.119238e+01
2.909700e+04 1.520022e+01
2.909800e+04 1.102177e+01
2.909900e+04 9.777454e+00
2.910000e+04 9.520909e+00
2.910100e+04 8.687615e+00
2.910200e+04 1.166192e+01
2.910300e+04 9.522006e+00
2.910400e+04 1.148641e+01
2.910500e+04 1.006145e+01
2.910600e+04 9.251245e+00
2.910700e+04 1.128204e+01
2.910800e+04 1.020407e+01
2.910900e+04 1.384056e+01
2.911000e+04 1.122608e+01
2.911100e+04 1.307023e+01
2.911200e+04 1.444661e+01
2.911300e+04 1.375096e+01
2.911400e+04 1.474976e+01
2.911500e+04 1.409700e+01
2.911600e+04 1.380392e+01
2.911700e+04 1.203607e+01
2.911800e+04 1.161154e+01
2.911900e+04 1.204552e+01
2.912000e+04 1.515614e+01
2.912100e+04 1.514532e+01
2.912200e+04 1.537177e+01
2.912300e+04 1.297421e+01
2.912400e+04 1.340233e+01
2.912500e+04 1.226207e+01
2.912600e+04 1.263718e+01
2.912700e+04 1.341354e+01
2.912800e+04 1.258342e+01
2.912900e+04 1.287754e+01
2.913000e+04 1.479902e+01
2.913100e+04 1.231225e+01
2.913200e+04 1.479666e+01
2.913300e+04 1.272567e+01
2.913400e+04 1.249615e+01
2.913500e+04 1.139421e+01
2.913600e+04 1.156673e+01
2.913700e+04 1.486493e+01
2.913800e+04 1.239902e+01
2.913900e+04 1.281296e+01
2.914000e+04 1.278913e+01
2.914100e+04 1.264368e+01
2.914200e+04 1.399023e+01
2.914300e+04 1.314380e+01
2.914400e+04 1.122722e+01
2.914500e+04 1.332126e+01
2.914600e+04 1.595520e+01
2.914700e+04 1.496948e+01
2.914800e+04 1.196357e+01
2.914900e+04 1.408524e+01
2.915000e+04 1.255509e+01
2.915100e+04 1.241324e+01
2.915200e+04 1.217462e+01
2.915300e+04 1.358542e+01
2.915400e+04 1.121671e+01
2.915500e+04 1.229886e+01
2.915600e+04 1.270125e+01
2.915700e+04 1.151911e+01
2.915800e+04 1.345596e+01
2.915900e+04 1.071720e+01
2.916000e+04 1.423448e+01
2.916100e+04 1.350942e+01
2.916200e+04 1.297450e+01
2.916300e+04 1.289465e+01
2.916400e+04 1.405604e+01
2.916500e+04 1.189316e+01
2.916600e+04 1.180887e+01
2.916700e+04 9.580983e+00
2.916800e+04 1.271525e+01
2.916900e+04 1.378721e+01
2.917000e+04 1.153429e+01
2.917100e+04 9.946612e+00
2.917200e+04 1.166741e+01
2.917300e+04 1.410558e+01
2.917400e+04 1.188748e+01
2.917500e+04 1.459453e+01
2.917600e+04 1.180458e+01
2.917700e+04 1.349434e+01
2.917800e+04 1.409668e+01
2.917900e+04 1.241704e+01
2.918000e+04 1.420505e+01
2.918100e+04 1.099644e+01
2.918200e+04 9.706393e+00
2.918300e+04 1.474767e+01
2.918400e+04 1.113752e+01
2.918500e+04 1.271543e+01
2.918600e+04 1.116310e+01
2.918700e+04 9.563803e+00
2.918800e+04 1.464734e+01
2.918900e+04 1.505268e+01
2.919000e+04 1.437040e+01
2.919100e+04 1.165232e+01
2.919200e+04 1.132654e+01
2.919300e+04 1.167601e+01
2.919400e+04 1.270564e+01
2.919500e+04 1.375558e+01
2.919600e+04 1.426201e+01
2.919700e+04 1.089728e+01
2.919800e+04 1.258399e+01
2.919900e+04 1.070715e+01
2.920000e+04 1.224306e+01
2.920100e+04 1.143720e+01
2.920200e+04 1.192819e+01
2.920300e+04 1.133965e+01
2.920400e+04 1.132328e+01
2.920500e+04 1.228357e+01
2.920600e+04 1.171301e+01
2.920700e+04 1.398289e+01
2.920800e+04 1.358390e+01
2.920900e+04 1.161878e+01
2.921000e+04 9.811417e+00
2.921100e+04 1.004974e+01
2.921200e+04 1.340438e+01
2.921300e+04 9.584522e+00
2.921400e+04 1.277836e+01
2.921500e+04 1.235989e+01
2.921600e+04 1.154583e+01
2.921700e+04 1.163762e+01
2.921800e+04 1.036046e+01
2.921900e+04 1.009351e+01
2.922000e+04 1.337499e+01
2.922100e+04 1.135259e+01
2.922200e+04 1.075417e+01
2.922300e+04 9.991150e+00
2.922400e+04 1.150491e+01
2.922500e+04 1.249435e+01
2.922600e+04 1.103666e+01
2.922700e+04 1.411462e+01
2.922800e+04 1.470649e+01
2.922900e+04 1.111022e+01
2.923000e+04 1.036760e+01
2.923100e+04 1.370876e+01
2.923200e+04 9.965552e+00
2.923300e+04 1.171718e+01
2.923400e+04 1.273829e+01
2.923500e+04 9.036500e+00
2.923600e+04 1.069077e+01
2.923700e+04 1.268452e+01
2.923800e+04 1.213581e+01
2.923900e+04 1.122529e+01
2.924000e+04 1.411155e+01
2.924100e+04 1.335178e+01
2.924200e+04 1.388556e+01
2.924300e+04 1.198754e+01
2.924400e+04 1.114781e+01
2.924500e+04 9.854287e+00
2.924600e+04 1.060309e+01
2.924700e+04 8.864463e+00
2.924800e+04 1.237216e+01
2.924900e+04 1.163928e+01
2.925000e+04 1.255017e+01
2.925100e+04 1.406867e+01
2.925200e+04 1.364735e+01
2.925300e+04 1.455360e+01
2.925400e+04 1.209980e+01
2.925500e+04 1.295609e+01
2.925600e+04 1.226879e+01
2.925700e+04 1.365741e+01
2.925800e+04 1.078315e+01
2.925900e+04 9.747970e+00
2.926000e+04 9.784820e+00
2.926100e+04 9.791422e+00
2.926200e+04 1.387936e+01
2.926300e+04 1.445180e+01
2.926400e+04 1.165619e+01
2.926500e+04 1.454765e+01
2.926600e+04 1.226504e+01
2.926700e+04 1.221053e+01
2.926800e+04 1.399522e+01
2.926900e+04 1.148410e+01
2.927000e+04 1.209426e+01
2.927100e+04 1.131463e+01
2.927200e+04 8.672684e+00
2.927300e+04 1.204530e+01
2.927400e+04 1.214951e+01
2.927500e+04 1.364422e+01
2.927600e+04 1.201807e+01
2.927700e+04 1.065574e+01
2.927800e+04 8.086541e+00
2.927900e+04 1.088168e+01
2.928000e+04 1.085031e+01
2.928100e+04 1.261910e+01
2.928200e+04 1.321710e+01
2.928300e+04 1.095142e+01
2.928400e+04 1.081784e+01
2.928500e+04 1.133481e+01
2.928600e+04 1.210625e+01
2.928700e+04 1.336779e+01
2.928800e+04 1.159960e+01
2.928900e+04 1.186690e+01
2.929000e+04 1.242081e+01
2.929100e+04 7.930992e+00
2.929200e+04 7.888985e+00
2.929300e+04 1.016863e+01
2.929400e+04 1.103976e+01
2.929500e+04 9.387673e+00
2.929600e+04 8.349798e+00
2.929700e+04 1.185076e+01
2.929800e+04 9.578876e+00
2.929900e+04 1.096089e+01
2.930000e+04 1.170593e+01
2.930100e+04 1.168788e+01
2.930200e+04 1.266422e+01
2.930300e+04 1.158242e+01
2.930400e+04 1.433826e+01
2.930500e+04 1.399990e+01
2.930600e+04 1.165467e+01
2.930700e+04 1.425537e+01
2.930800e+04 1.188812e+01
2.930900e+04 1.100686e+01
2.931000e+04 1.139240e+01
2.931100e+04 1.331647e+01
2.931200e+04 1.438842e+01
2.931300e+04 1.537863e+01
2.931400e+04 1.444973e+01
2.931500e+04 1.123249e+01
2.931600e+04 1.296106e+01
2.931700e+04 1.435275e+01
2.931800e+04 1.308863e+01
2.931900e+04 9.922057e+00
2.932000e+04 1.127845e+01
2.932100e+04 1.099109e+01
2.932200e+04 1.293261e+01
2.932300e+04 1.183251e+01
2.932400e+04 1.084250e+01
2.932500e+04 1.267816e+01
2.932600e+04 1.536932e+01
2.932700e+04 1.487077e+01
2.932800e+04 1.339455e+01
2.932900e+04 1.267063e+01
2.933000e+04 1.380991e+01
2.933100e+04 1.483833e+01
2.933200e+04 1.247153e+01
2.933300e+04 1.196468e+01
2.933400e+04 1.257915e+01
2.933500e+04 1.079889e+01
2.933600e+04 1.172130e+01
2.933700e+04 1.124387e+01
2.933800e+04 1.332100e+01
2.933900e+04 1.331168e+01
2.934000e+04 1.167692e+01
2.934100e+04 1.172661e+01
2.934200e+04 9.702858e+00
2.934300e+04 1.079385e+01
2.934400e+04 1.452893e+01
2.934500e+04 1.278299e+01
2.934600e+04 1.027241e+01
2.934700e+04 1.377850e+01
2.934800e+04 1.335929e+01
2.934900e+04 1.326083e+01
2.935000e+04 1.193568e+01
2.935100e+04 1.436511e+01
2.935200e+04 1.091773e+01
2.935300e+04 1.108411e+01
2.935400e+04 1.348121e+01
2.935500e+04 1.282187e+01
2.935600e+04 1.132710e+01
2.935700e+04 1.192539e+01
2.935800e+04 1.202532e+01
2.935900e+04 1.375488e+01
2.936000e+04 1.229500e+01
2.936100e+04 1.134861e+01
2.936200e+04 1.286536e+01
2.936300e+04 1.479985e+01
2.936400e+04 1.093520e+01
2.936500e+04 1.267258e+01
2.936600e+04 1.043358e+01
2.936700e+04 1.032850e+01
2.936800e+04 1.453981e+01
2.936900e+04 1.346611e+01
2.937000e+04 1.080096e+01
2.937100e+04 1.353821e+01
2.937200e+04 1.049928e+01
2.937300e+04 1.056528e+01
2.937400e+04 1.352016e+01
2.937500e+04 1.214543e+01
2.937600e+04 1.207138e+01
2.937700e+04 1.308070e+01
2.937800e+04 1.438793e+01
2.937900e+04 1.094353e+01
2.938000e+04 1.130374e+01
2.938100e+04 1.053970e+01
2.938200e+04 1.335239e+01
2.938300e+04 1.076077e+01
2.938400e+04 1.321643e+01
2.938500e+04 1.423502e+01
2.938600e+04 1.307144e+01
2.938700e+04 1.230609e+01
2.938800e+04 1.057400e+01
2.938900e+04 1.032028e+01
2.939000e+04 1.384378e+01
2.939100e+04 1.266132e+01
2.939200e+04 1.343672e+01
2.939300e+04 1.235752e+01
2.939400e+04 1.275435e+01
2.939500e+04 1.413562e+01
2.939600e+04 1.279752e+01
2.939700e+04 1.310014e+01
2.939800e+04 1.108129e+01
2.939900e+04 1.114386e+01
2.940000e+04 1.179634e+01
2.940100e+04 1.041062e+01
2.940200e+04 1.067257e+01
2.940300e+04 1.145338e+01
2.940400e+04 1.097710e+01
2.940500e+04 9.875831e+00
2.940600e+04 1.244256e+01
2.940700e+04 9.940250e+00
2.940800e+04 1.102200e+01
2.940900e+04 1.248863e+01
2.941000e+04 1.382961e+01
2.941100e+04 1.150838e+01
2.941200e+04 1.340112e+01
2.941300e+04 1.149542e+01
2.941400e+04 8.638901e+00
2.941500e+04 1.203424e+01
2.941600e+04 1.002355e+01
2.941700e+04 1.139095e+01
2.941800e+04 9.562204e+00
2.941900e+04 1.098805e+01
2.942000e+04 1.226974e+01
2.942100e+04 9.222936e+00
2.942200e+04 1.080656e+01
2.942300e+04 1.399588e+01
2.942400e+04 1.230166e+01
2.942500e+04 1.286783e+01
2.942600e+04 1.194542e+01
2.942700e+04 1.089588e+01
2.942800e+04 1.073946e+01
2.942900e+04 1.358006e+01
2.943000e+04 1.504953e+01
2.943100e+04 1.287625e+01
2.943200e+04 1.242857e+01
2.943300e+04 1.203080e+01
2.943400e+04 1.227515e+01
2.943500e+04 9.254922e+00
2.943600e+04 1.141074e+01
2.943700e+04 1.217342e+01
2.943800e+04 1.223335e+01
2.943900e+04 1.052417e+01
2.944000e+04 1.146614e+01
2.944100e+04 1.028757e+01
2.944200e+04 1.170884e+01
2.944300e+04 1.017089e+01
2.944400e+04 1.213259e+01
2.944500e+04 9.331548e+00
2.944600e+04 1.123432e+01
2.944700e+04 8.980819e+00
2.944800e+04 1.060541e+01
2.944900e+04 1.164303e+01
2.945000e+04 1.041857e+01
2.945100e+04 1.302577e+01
2.945200e+04 1.050936e+01
2.945300e+04 1.073682e+01
2.945400e+04 1.315308e+01
2.945500e+04 1.485786e+01
2.945600e+04 1.285606e+01
2.945700e+04 1.133007e+01
2.945800e+04 1.095556e+01
2.945900e+04 1.310588e+01
2.946000e+04 1.327262e+01
2.946100e+04 1.275624e+01
2.946200e+04 1.342039e+01
2.946300e+04 1.314854e+01
2.946400e+04 1.189760e+01
2.946500e+04 1.260772e+01
2.946600e+04 8.148992e+00
2.946700e+04 8.232782e+00
2.946800e+04 9.846771e+00
2.946900e+04 1.100344e+01
2.947000e+04 1.131103e+01
2.947100e+04 8.653361e+00
2.947200e+04 8.646628e+00
2.947300e+04 1.108263e+01
2.947400e+04 1.144714e+01
2.947500e+04 1.192024e+01
2.947600e+04 9.913786e+00
2.947700e+04 1.117477e+01
2.947800e+04 1.292395e+01
2.947900e+04 1.176485e+01
2.948000e+04 1.044543e+01
2.948100e+04 1.332483e+01
2.948200e+04 1.137374e+01
2.948300e+04 1.198694e+01
2.948400e+04 9.053062e+00
2.948500e+04 1.037890e+01
2.948600e+04 8.427934e+00
2.948700e+04 1.093932e+01
2.948800e+04 9.800976e+00
2.948900e+04 8.999547e+00
2.949000e+04 8.227944e+00
2.949100e+04 1.226980e+01
2.949200e+04 1.018648e+01
2.949300e+04 1.244934e+01
2.949400e+04 1.308493e+01
2.949500e+04 1.334557e+01
2.949600e+04 1.224644e+01
2.949700e+04 9.910047e+00
2.949800e+04 1.376721e+01
2.949900e+04 1.296983e+01
2.950000e+04 1.404084e+01
2.950100e+04 1.189664e+01
2.950200e+04 1.289774e+01
2.950300e+04 1.396028e+01
2.950400e+04 1.327618e+01
2.950500e+04 1.190381e+01
2.950600e+04 1.313754e+01
2.950700e+04 9.952328e+00
2.950800e+04 1.456212e+01
2.950900e+04 1.117265e+01
2.951000e+04 9.528493e+00
2.951100e+04 1.142629e+01
2.951200e+04 1.308581e+01
2.951300e+04 1.125576e+01
2.951400e+04 1.446491e+01
2.951500e+04 1.530349e+01
2.951600e+04 1.302054e+01
2.951700e+04 1.288654e+01
2.951800e+04 1.136978e+01
2.951900e+04 1.266900e+01
2.952000e+04 1.098653e+01
2.952100e+04 9.493734e+00
2.952200e+04 1.188002e+01
2.952300e+04 1.402073e+01
2.952400e+04 1.208291e+01
2.952500e+04 1.173597e+01
2.952600e+04 1.151718e+01
2.952700e+04 1.278238e+01
2.952800e+04 1.312506e+01
2.952900e+04 1.232039e+01
2.953000e+04 1.195560e+01
2.953100e+04 1.117614e+01
2.953200e+04 1.180674e+01
2.953300e+04 1.327511e+01
2.953400e+04 1.177909e+01
2.953500e+04 1.029419e+01
2.953600e+04 9.617881e+00
2.953700e+04 1.291387e+01
2.953800e+04 1.035741e+01
2.953900e+04 1.190938e+01
2.954000e+04 1.317042e+01
2.954100e+04 1.088420e+01
2.954200e+04 1.181600e+01
2.954300e+04 1.256566e+01
2.954400e+04 1.056666e+01
2.954500e+04 1.290732e+01
2.954600e+04 1.240604e+01
2.954700e+04 9.690453e+00
2.954800e+04 1.134864e+01
2.954900e+04 1.002938e+01
2.955000e+04 1.154056e+01
2.955100e+04 1.333131e+01
2.955200e+04 1.185155e+01
2.955300e+04 1.248424e+01
2.955400e+04 1.156361e+01
2.955500e+04 1.010256e+01
2.955600e+04 9.316819e+00
2.955700e+04 1.239725e+01
2.955800e+04 1.198494e+01
2.955900e+04 1.051353e+01
2.956000e+04 1.026719e+01
2.956100e+04 1.007886e+01
2.956200e+04 1.205987e+01
2.956300e+04 1.150950e+01
2.956400e+04 8.869504e+00
2.956500e+04 1.339688e+01
2.956600e+04 1.183683e+01
2.956700e+04 1.152792e+01
2.956800e+04 1.277239e+01
2.956900e+04 1.131697e+01
2.957000e+04 1.298693e+01
2.957100e+04 1.391792e+01
2.957200e+04 1.088401e+01
2.957300e+04 1.173298e+01
2.957400e+04 1.411534e+01
2.957500e+04 1.310666e+01
2.957600e+04 1.312861e+01
2.957700e+04 1.378896e+01
2.957800e+04 1.053788e+01
2.957900e+04 1.398839e+01
2.958000e+04 1.431465e+01
2.958100e+04 1.339625e+01
2.958200e+04 1.350810e+01
2.958300e+04 1.218176e+01
2.958400e+04 9.005043e+00
2.958500e+04 1.057124e+01
2.958600e+04 1.121088e+01
2.958700e+04 1.160978e+01
2.958800e+04 1.249136e+01
2.958900e+04 1.157199e+01
2.959000e+04 1.203687e+01
2.959100e+04 1.273831e+01
2.959200e+04 1.223518e+01
2.959300e+04 1.344828e+01
2.959400e+04 1.085176e+01
2.959500e+04 1.047736e+01
2.959600e+04 1.246572e+01
2.959700e+04 1.291898e+01
2.959800e+04 1.001542e+01
2.959900e+04 1.194149e+01
2.960000e+04 1.243741e+01
2.960100e+04 1.273324e+01
2.960200e+04 9.526876e+00
2.960300e+04 1.138837e+01
2.960400e+04 1.062862e+01
2.960500e+04 1.213913e+01
2.960600e+04 1.282482e+01
2.960700e+04 1.339985e+01
2.960800e+04 1.152650e+01
2.960900e+04 1.036019e+01
2.961000e+04 1.282415e+01
2.961100e+04 9.564987e+00
2.961200e+04 9.244255e+00
2.961300e+04 1.110814e+01
2.961400e+04 1.281895e+01
2.961500e+04 1.146712e+01
2.961600e+04 1.071202e+01
2.961700e+04 1.189458e+01
2.961800e+04 1.281960e+01
2.961900e+04 1.155933e+01
2.962000e+04 1.195021e+01
2.962100e+04 1.264971e+01
2.962200e+04 1.178852e+01
2.962300e+04 1.035599e+01
2.962400e+04 1.206095e+01
2.962500e+04 9.524096e+00
2.962600e+04 9.468506e+00
2.962700e+04 1.264095e+01
2.962800e+04 9.598839e+00
2.962900e+04 1.282064e+01
2.963000e+04 1.423311e+01
2.963100e+04 1.247607e+01
2.963200e+04 1.060338e+01
2.963300e+04 1.082008e+01
2.963400e+04 1.050442e+01
2.963500e+04 1.044460e+01
2.963600e+04 1.184732e+01
2.963700e+04 1.064092e+01
2.963800e+04 9.619108e+00
2.963900e+04 7.659561e+00
2.964000e+04 1.080937e+01
2.964100e+04 1.371255e+01
2.964200e+04 1.278426e+01
2.964300e+04 1.229416e+01
2.964400e+04 1.147079e+01
2.964500e+04 1.433624e+01
2.964600e+04 1.316355e+01
2.964700e+04 1.254963e+01
2.964800e+04 1.179015e+01
2.964900e+04 9.551182e+00
2.965000e+04 1.248623e+01
2.965100e+04 1.490998e+01
2.965200e+04 1.220337e+01
2.965300e+04 1.334682e+01
2.965400e+04 1.071624e+01
2.965500e+04 1.168645e+01
2.965600e+04 1.287985e+01
2.965700e+04 1.262145e+01
2.965800e+04 1.350886e+01
2.965900e+04 9.817232e+00
2.966000e+04 1.115819e+01
2.966100e+04 1.074280e+01
2.966200e+04 1.122711e+01
2.966300e+04 9.416298e+00
2.966400e+04 7.844294e+00
2.966500e+04 9.261886e+00
2.966600e+04 9.902993e+00
2.966700e+04 1.220620e+01
2.966800e+04 1.050031e+01
2.966900e+04 1.254657e+01
2.967000e+04 1.280083e+01
2.967100e+04 9.633427e+00
2.967200e+04 1.178483e+01
2.967300e+04 1.266688e+01
2.967400e+04 1.189431e+01
2.967500e+04 1.155581e+01
2.967600e+04 1.144875e+01
2.967700e+04 1.380296e+01
2.967800e+04 1.272885e+01
2.967900e+04 1.269622e+01
2.968000e+04 1.235603e+01
2.968100e+04 1.293449e+01
2.968200e+04 8.949142e+00
2.968300e+04 1.056236e+01
2.968400e+04 9.692835e+00
2.968500e+04 1.044988e+01
2.968600e+04 9.061247e+00
2.968700e+04 9.336840e+00
2.968800e+04 7.962785e+00
2.968900e+04 1.133541e+01
2.969000e+04 1.105195e+01
2.969100e+04 1.117970e+01
2.969200e+04 1.035247e+01
2.969300e+04 1.169331e+01
2.969400e+04 1.198200e+01
2.969500e+04 1.162692e+01
2.969600e+04 1.063882e+01
2.969700e+04 1.260454e+01
2.969800e+04 1.079568e+01
2.969900e+04 1.221846e+01
2.970000e+04 1.028514e+01
2.970100e+04 1.327959e+01
2.970200e+04 1.176665e+01
2.970300e+04 1.186886e+01
2.970400e+04 1.012603e+01
2.970500e+04 1.147333e+01
2.970600e+04 1.000574e+01
2.970700e+04 1.245671e+01
2.970800e+04 1.255863e+01
2.970900e+04 1.214031e+01
2.971000e+04 1.215066e+01
2.971100e+04 1.171220e+01
2.971200e+04 1.138309e+01
2.971300e+04 1.285977e+01
2.971400e+04 1.210162e+01
2.971500e+04 1.025179e+01
2.971600e+04 1.169629e+01
2.971700e+04 1.126670e+01
2.971800e+04 1.132285e+01
2.971900e+04 9.140699e+00
2.972000e+04 9.602959e+00
2.972100e+04 9.044463e+00
2.972200e+04 1.053111e+01
2.972300e+04 1.159846e+01
2.972400e+04 1.086326e+01
2.972500e+04 1.126522e+01
2.972600e+04 1.152520e+01
2.972700e+04 1.132085e+01
2.972800e+04 1.081566e+01
2.972900e+04 1.278159e+01
2.973000e+04 1.203793e+01
2.973100e+04 9.825209e+00
2.973200e+04 1.054619e+01
2.973300e+04 1.442573e+01
2.973400e+04 1.005936e+01
2.973500e+04 1.117970e+01
2.973600e+04 1.370977e+01
2.973700e+04 1.444425e+01
2.973800e+04 1.238503e+01
2.973900e+04 1.381413e+01
2.974000e+04 1.207812e+01
2.974100e+04 1.183569e+01
2.974200e+04 1.139622e+01
2.974300e+04 1.171808e+01
2.974400e+04 1.204160e+01
2.974500e+04 1.287778e+01
2.974600e+04 1.080296e+01
2.974700e+04 1.115830e+01
2.974800e+04 1.248969e+01
2.974900e+04 1.275858e+01
2.975000e+04 9.017916e+00
2.975100e+04 8.348122e+00
2.975200e+04 1.130855e+01
2.975300e+04 1.260644e+01
2.975400e+04 1.267455e+01
2.975500e+04 1.245723e+01
2.975600e+04 1.223056e+01
2.975700e+04 1.200799e+01
2.975800e+04 1.412159e+01
2.975900e+04 1.271146e+01
2.976000e+04 1.179013e+01
2.976100e+04 1.319475e+01
2.976200e+04 1.292079e+01
2.976300e+04 9.095913e+00
2.976400e+04 1.114557e+01
2.976500e+04 1.148756e+01
2.976600e+04 1.237244e+01
2.976700e+04 1.240955e+01
2.976800e+04 1.312708e+01
2.976900e+04 1.021657e+01
2.977000e+04 1.319590e+01
2.977100e+04 9.772393e+00
2.977200e+04 1.373197e+01
2.977300e+04 1.428930e+01
2.977400e+04 1.338170e+01
2.977500e+04 1.399568e+01
2.977600e+04 1.323941e+01
2.977700e+04 1.177601e+01
2.977800e+04 1.179797e+01
2.977900e+04 1.291423e+01
2.978000e+04 1.243571e+01
2.978100e+04 1.012050e+01
2.978200e+04 1.185579e+01
2.978300e+04 9.863978e+00
2.978400e+04 1.277291e+01
2.978500e+04 1.358526e+01
2.978600e+04 1.154347e+01
2.978700e+04 9.252564e+00
2.978800e+04 1.140547e+01
2.978900e+04 9.643466e+00
2.979000e+04 1.022038e+01
2.979100e+04 1.201126e+01
2.979200e+04 1.296494e+01
2.979300e+04 1.231924e+01
2.979400e+04 1.081706e+01
2.979500e+04 1.060814e+01
2.979600e+04 1.316772e+01
2.979700e+04 1.173693e+01
2.979800e+04 1.137927e+01
2.979900e+04 1.123627e+01
2.980000e+04 9.221849e+00
2.980100e+04 1.285945e+01
2.980200e+04 1.401136e+01
2.980300e+04 1.029625e+01
2.980400e+04 1.094126e+01
2.980500e+04 1.316313e+01
2.980600e+04 1.414554e+01
2.980700e+04 1.353503e+01
2.980800e+04 1.317389e+01
2.980900e+04 1.363457e+01
2.981000e+04 1.280177e+01
2.981100e+04 8.223707e+00
2.981200e+04 9.245661e+00
2.981300e+04 1.063375e+01
2.981400e+04 1.236907e+01
2.981500e+04 1.203607e+01
2.981600e+04 1.201163e+01
2.981700e+04 1.053262e+01
2.981800e+04 1.193237e+01
2.981900e+04 1.192196e+01
2.982000e+04 9.540640e+00
2.982100e+04 1.122316e+01
2.982200e+04 1.285644e+01
2.982300e+04 1.271639e+01
2.982400e+04 1.371374e+01
2.982500e+04 9.801327e+00
2.982600e+04 9.438140e+00
2.982700e+04 1.006533e+01
2.982800e+04 1.246125e+01
2.982900e+04 1.398592e+01
2.983000e+04 1.246121e+01
2.983100e+04 9.674109e+00
2.983200e+04 1.021820e+01
2.983300e+04 1.311118e+01
2.983400e+04 1.291228e+01
2.983500e+04 1.012244e+01
2.983600e+04 8.237496e+00
2.983700e+04 1.056506e+01
2.983800e+04 1.044350e+01
2.983900e+04 1.236551e+01
2.984000e+04 1.101581e+01
2.984100e+04 1.225604e+01
2.984200e+04 1.277390e+01
2.984300e+04 1.076513e+01
2.984400e+04 1.127487e+01
2.984500e+04 1.034917e+01
2.984600e+04 1.149690e+01
2.984700e+04 1.425230e+01
2.984800e+04 9.976032e+00
2.984900e+04 1.370279e+01
2.985000e+04 1.388123e+01
2.985100e+04 1.170211e+01
2.985200e+04 1.185923e+01
2.985300e+04 1.029845e+01
2.985400e+04 8.894180e+00
2.985500e+04 1.274394e+01
2.985600e+04 1.071476e+01
2.985700e+04 1.342085e+01
2.985800e+04 1.351814e+01
2.985900e+04 1.308582e+01
2.986000e+04 1.125807e+01
2.986100e+04 1.262882e+01
2.986200e+04 1.160938e+01
2.986300e+04 9.717247e+00
2.986400e+04 1.152958e+01
2.986500e+04 1.082177e+01
2.986600e+04 9.288644e+00
2.986700e+04 9.443727e+00
2.986800e+04 1.062306e+01
2.986900e+04 1.161765e+01
2.987000e+04 1.331866e+01
2.987100e+04 1.188539e+01
2.987200e+04 1.155626e+01
2.987300e+04 1.076764e+01
2.987400e+04 7.690212e+00
2.987500e+04 8.595269e+00
2.987600e+04 9.969688e+00
2.987700e+04 1.131642e+01
2.987800e+04 1.195378e+01
2.987900e+04 8.779880e+00
2.988000e+04 1.071190e+01
2.988100e+04 1.177352e+01
2.988200e+04 1.244704e+01
2.988300e+04 1.032302e+01
2.988400e+04 9.911976e+00
2.988500e+04 1.166331e+01
2.988600e+04 1.105567e+01
2.988700e+04 8.069388e+00
2.988800e+04 8.630771e+00
2.988900e+04 1.000933e+01
2.989000e+04 1.066870e+01
2.989100e+04 9.112702e+00
2.989200e+04 7.644045e+00
2.989300e+04 9.556220e+00
2.989400e+04 1.112252e+01
2.989500e+04 9.649446e+00
2.989600e+04 9.129878e+00
2.989700e+04 1.076244e+01
2.989800e+04 1.091520e+01
2.989900e+04 1.107268e+01
2.990000e+04 1.267270e+01
2.990100e+04 1.046492e+01
2.990200e+04 1.240119e+01
2.990300e+04 1.080310e+01
2.990400e+04 1.169493e+01
2.990500e+04 1.085918e+01
2.990600e+04 1.056467e+01
2.990700e+04 1.067799e+01
2.990800e+04 1.203214e+01
2.990900e+04 8.727498e+00
2.991000e+04 1.069400e+01
2.991100e+04 9.779235e+00
2.991200e+04 1.073057e+01
2.991300e+04 1.264631e+01
2.991400e+04 1.420973e+01
2.991500e+04 1.235363e+01
2.991600e+04 9.996694e+00
2.991700e+04 1.238944e+01
2.991800e+04 9.591266e+00
2.991900e+04 1.100779e+01
2.992000e+04 1.135007e+01
2.992100e+04 1.156145e+01
2.992200e+04 1.194101e+01
2.992300e+04 1.039187e+01
2.992400e+04 1.282985e+01
2.992500e+04 1.309891e+01
2.992600e+04 1.116975e+01
2.992700e+04 1.293736e+01
2.992800e+04 1.081402e+01
2.992900e+04 1.126715e+01
2.993000e+04 1.157986e+01
2.993100e+04 1.126844e+01
2.993200e+04 1.032791e+01
2.993300e+04 1.109606e+01
2.993400e+04 1.311298e+01
2.993500e+04 1.138354e+01
2.993600e+04 1.009305e+01
2.993700e+04 1.185632e+01
2.993800e+04 1.396581e+01
2.993900e+04 1.340101e+01
2.994000e+04 1.313054e+01
2.994100e+04 1.209566e+01
2.994200e+04 1.313189e+01
2.994300e+04 1.014806e+01
2.994400e+04 1.229449e+01
2.994500e+04 1.088734e+01
2.994600e+04 1.257640e+01
2.994700e+04 1.396007e+01
2.994800e+04 1.185823e+01
2.994900e+04 1.249960e+01
2.995000e+04 1.209220e+01
2.995100e+04 1.006903e+01
2.995200e+04 1.078027e+01
2.995300e+04 1.145047e+01
2.995400e+04 1.126285e+01
2.995500e+04 1.288598e+01
2.995600e+04 1.357761e+01
2.995700e+04 9.859792e+00
2.995800e+04 1.064219e+01
2.995900e+04 1.399238e+01
2.996000e+04 1.178077e+01
2.996100e+04 1.185662e+01
2.996200e+04 9.677289e+00
2.996300e+04 1.095609e+01
2.996400e+04 1.073786e+01
2.996500e+04 1.314065e+01
2.996600e+04 1.207600e+01
2.996700e+04 8.842543e+00
2.996800e+04 1.126275e+01
2.996900e+04 9.876275e+00
2.997000e+04 1.183424e+01
2.997100e+04 1.351795e+01
2.997200e+04 1.278304e+01
2.997300e+04 1.159284e+01
2.997400e+04 1.330575e+01
2.997500e+04 1.181408e+01
2.997600e+04 1.037097e+01
2.997700e+04 1.069005e+01
2.997800e+04 1.039433e+01
2.997900e+04 1.323753e+01
2.998000e+04 1.114908e+01
2.998100e+04 1.352490e+01
2.998200e+04 1.264522e+01
2.998300e+04 1.221447e+01
2.998400e+04 9.095475e+00
2.998500e+04 9.710561e+00
2.998600e+04 1.203997e+01
2.998700e+04 1.092301e+01
2.998800e+04 1.114660e+01
2.998900e+04 1.056763e+01
2.999000e+04 1.039682e+01
2.999100e+04 1.012836e+01
2.999200e+04 1.215109e+01
2.999300e+04 1.209506e+01
2.999400e+04 1.270288e+01
2.999500e+04 1.142280e+01
2.999600e+04 1.341901e+01
2.999700e+04 1.317585e+01
2.999800e+04 1.159213e+01
2.999900e+04 1.112787e+01
3.000000e+04 1.116420e+01
