# EXHALE schema 2
# columns r[Rp] HI HII HeI HeII HeIII HeITR CI CII CIII OI OII OIII NI NII NIII MgI MgII MgIII SiI SiII SiIII CaI CaII CaIII NaI NaII KI KII SI SII FeI FeII FeIII
  0.99980985594098393        12656669288109.740        30235572.828822844        26479519992774.086        238851.80550092133        5.6940466265192812E-003   4.6295559952264989E-003   3511239817.5913916        4196156.3281489378       0.32209048779023891        6273803.1096995939        5.2299808300140125        4.0000573194706877E-007   1036242381.3228872        17561.577752161702        1.3099782528613192E-003   0.0000000000000000        0.0000000000000000        0.0000000000000000        0.0000000000000000        0.0000000000000000        0.0000000000000000        0.0000000000000000        0.0000000000000000        0.0000000000000000        0.0000000000000000        0.0000000000000000        0.0000000000000000        0.0000000000000000        0.0000000000000000        0.0000000000000000        0.0000000000000000        0.0000000000000000        0.0000000000000000     
   1.0000000000000000        12656667522850.584        32000831.980648011        26479519966815.023        264810.86625231931        6.7738314414058538E-003   5.3794733190532604E-003   3511364357.6202092        4071616.2896700436       0.33175620511868625        6273802.8043544032        5.5353259336894203        4.4992259172398365E-007   1036241367.5308585        18575.369625071042        1.4713463362933251E-003   0.0000000000000000        0.0000000000000000        0.0000000000000000        0.0000000000000000        0.0000000000000000        0.0000000000000000        0.0000000000000000        0.0000000000000000        0.0000000000000000        0.0000000000000000        0.0000000000000000        0.0000000000000000        0.0000000000000000        0.0000000000000000        0.0000000000000000        0.0000000000000000        0.0000000000000000        0.0000000000000000     
   1.0001901440590162        9939286605409.3281        32199276.914898414        20794393462641.375        279961.45479783724        9.2497651908575642E-003   5.4496550169292344E-003   2756742184.0144596        3933204.9305820791       0.40669864566749392        4926821.1275517149        6.8413747056834930        7.5515980813308538E-007   813758884.50496781        17085.899766837898        1.7803581351072710E-003   0.0000000000000000        0.0000000000000000        0.0000000000000000        0.0000000000000000        0.0000000000000000        0.0000000000000000        0.0000000000000000        0.0000000000000000        0.0000000000000000        0.0000000000000000        0.0000000000000000        0.0000000000000000        0.0000000000000000        0.0000000000000000        0.0000000000000000        0.0000000000000000        0.0000000000000000        0.0000000000000000     
   1.0003802881180321        8327633700652.7451        32159329.709272571        17421926097443.363        297111.81538462057        1.1796577531082875E-002   5.8902661761978566E-003   2309299744.9553046        3734240.3325703046       0.45756841900698614        4127939.0708388016        7.5099154608858409        1.0236413126938771E-006   681806967.70577395        15851.300019962606        2.0036758656466363E-003   0.0000000000000000        0.0000000000000000        0.0000000000000000        0.0000000000000000        0.0000000000000000        0.0000000000000000        0.0000000000000000        0.0000000000000000        0.0000000000000000        0.0000000000000000        0.0000000000000000        0.0000000000000000        0.0000000000000000        0.0000000000000000        0.0000000000000000        0.0000000000000000        0.0000000000000000        0.0000000000000000     
   1.0005704321770483        7094189799793.4082        28650887.962676015        14840862463816.479        326577.35680259636        1.3357150672857263E-002   7.8652191529157457E-003   1966873844.3580978        3566450.7245785147       0.50849988067295881        3516530.0751999281        8.0867517256814789        1.3354771209061622E-006   580820476.64772391        14550.118421610541        2.1919830378262875E-003   0.0000000000000000        0.0000000000000000        0.0000000000000000        0.0000000000000000        0.0000000000000000        0.0000000000000000        0.0000000000000000        0.0000000000000000        0.0000000000000000        0.0000000000000000        0.0000000000000000        0.0000000000000000        0.0000000000000000        0.0000000000000000        0.0000000000000000        0.0000000000000000        0.0000000000000000        0.0000000000000000     
   1.0007605762360645        6563781220824.0283        28289517.200506940        13730651638222.115        355309.42908363574        1.6113844537575441E-002   9.7560789699041826E-003   1819711877.7001143        3405755.0487429905       0.52880267581810558        3253611.0618865197        8.3172400351223779        1.5144564314341373E-006   537393813.43174767        14288.550003008309        2.3615842034456743E-003   0.0000000000000000        0.0000000000000000        0.0000000000000000        0.0000000000000000        0.0000000000000000        0.0000000000000000        0.0000000000000000        0.0000000000000000        0.0000000000000000        0.0000000000000000        0.0000000000000000        0.0000000000000000        0.0000000000000000        0.0000000000000000        0.0000000000000000        0.0000000000000000        0.0000000000000000        0.0000000000000000     
   1.0009507202950805        6311368798561.4199        32828066.159075737        13202027766760.566        355390.54084576049        1.9481956109506711E-002   7.9353640422369191E-003   1749761686.1860909        3248905.3878981671       0.53319304857182337        3128494.7417793958        8.3949269169690446        1.6125132202995688E-006   516727789.45604718        14563.237905987115        2.5404052857955035E-003   0.0000000000000000        0.0000000000000000        0.0000000000000000        0.0000000000000000        0.0000000000000000        0.0000000000000000        0.0000000000000000        0.0000000000000000        0.0000000000000000        0.0000000000000000        0.0000000000000000        0.0000000000000000        0.0000000000000000        0.0000000000000000        0.0000000000000000        0.0000000000000000        0.0000000000000000        0.0000000000000000     
   1.0011408643540967        5837328981427.5508        33059766.439595126        12209841816340.895        376406.81613848795        2.2653248285581559E-002   8.7643365537155519E-003   1618238786.5643249        3105898.8233289020       0.55421191635919442        2893517.4953445802        8.6239434196009448        1.8250915251749762E-006   477916394.48167396        14241.712426553335        2.7228434899546519E-003   0.0000000000000000        0.0000000000000000        0.0000000000000000        0.0000000000000000        0.0000000000000000        0.0000000000000000        0.0000000000000000        0.0000000000000000        0.0000000000000000        0.0000000000000000        0.0000000000000000        0.0000000000000000        0.0000000000000000        0.0000000000000000        0.0000000000000000        0.0000000000000000        0.0000000000000000        0.0000000000000000     
   1.0013310084131126        5396878983284.9912        33253232.801072780        11287977946752.539        397364.50460794981        2.6225707155794083E-002   9.6262075834233681E-003   1496034949.5021784        2973491.3071377897       0.57613103071557070        2675190.3929343997        8.8511188120619924        2.0632683613552385E-006   441855196.47611177        13867.062875588954        2.9042154663552586E-003   0.0000000000000000        0.0000000000000000        0.0000000000000000        0.0000000000000000        0.0000000000000000        0.0000000000000000        0.0000000000000000        0.0000000000000000        0.0000000000000000        0.0000000000000000        0.0000000000000000        0.0000000000000000        0.0000000000000000        0.0000000000000000        0.0000000000000000        0.0000000000000000        0.0000000000000000        0.0000000000000000     
   1.0015211524721288        4539070125339.8193        32898120.422251496        9493282758524.8633        408293.33311844250        3.1844811549358774E-002   9.9390828811554335E-003   1257884365.5819764        2865012.3639061027       0.64235967879178890        2249981.7939563394        9.3944996576516289        2.6848865747617640E-006   371624470.88205993        11960.169931882932        3.0102048545285914E-003   0.0000000000000000        0.0000000000000000        0.0000000000000000        0.0000000000000000        0.0000000000000000        0.0000000000000000        0.0000000000000000        0.0000000000000000        0.0000000000000000        0.0000000000000000        0.0000000000000000        0.0000000000000000        0.0000000000000000        0.0000000000000000        0.0000000000000000        0.0000000000000000        0.0000000000000000        0.0000000000000000     
   1.0017112965311450        4173507394932.4219        32944184.215767864        8728213131110.1641        425118.13161179941        3.6339914133439365E-002   1.0653294977306358E-002   1156451250.7799113        2762003.2085319050       0.66976751242758847        2068775.5450308558        9.6178397102529551        3.0422909903387016E-006   341694859.97265738        11338.027840158096        3.1350602128914695E-003   0.0000000000000000        0.0000000000000000        0.0000000000000000        0.0000000000000000        0.0000000000000000        0.0000000000000000        0.0000000000000000        0.0000000000000000        0.0000000000000000        0.0000000000000000        0.0000000000000000        0.0000000000000000        0.0000000000000000        0.0000000000000000        0.0000000000000000        0.0000000000000000        0.0000000000000000        0.0000000000000000     
   1.0019014405901610        3837941507780.9844        32960675.294714868        8025940436987.5674        441209.71850343118        4.1278109305801482E-002   1.1358023678386302E-002   1063341740.9576645        2667093.3800877761       0.69748844894416573        1902438.4471450974        9.8319330562078786        3.4403617191611199E-006   314221253.33332407        10683.362237792633        3.2427592724130665E-003   0.0000000000000000        0.0000000000000000        0.0000000000000000        0.0000000000000000        0.0000000000000000        0.0000000000000000        0.0000000000000000        0.0000000000000000        0.0000000000000000        0.0000000000000000        0.0000000000000000        0.0000000000000000        0.0000000000000000        0.0000000000000000        0.0000000000000000        0.0000000000000000        0.0000000000000000        0.0000000000000000     
   1.0020915846491771        3839559659284.9634        33399429.641749181        8028811222967.3496        466255.59282895469        4.4553443771586820E-002   1.2621553749718711E-002   1063887021.8978999        2571380.7131626937       0.68729784344130018        1903240.7915197397        9.8077084742047482        3.4460217046699515E-006   314353161.53737009        11296.297908309969        3.4599056178841567E-003   0.0000000000000000        0.0000000000000000        0.0000000000000000        0.0000000000000000        0.0000000000000000        0.0000000000000000        0.0000000000000000        0.0000000000000000        0.0000000000000000        0.0000000000000000        0.0000000000000000        0.0000000000000000        0.0000000000000000        0.0000000000000000        0.0000000000000000        0.0000000000000000        0.0000000000000000        0.0000000000000000     
   1.0022817287081933        3636466481524.9097        33550433.528240886        7603628526904.1553        486774.68074696523        4.9676575188131358E-002   1.3648794096110641E-002   1007567730.7907369        2480978.9757404062       0.70158869675574032        1802569.3384108548        9.9347253350441154        3.7310360441034086E-006   297725254.67960829        11079.218754580568        3.6153309801272610E-003   0.0000000000000000        0.0000000000000000        0.0000000000000000        0.0000000000000000        0.0000000000000000        0.0000000000000000        0.0000000000000000        0.0000000000000000        0.0000000000000000        0.0000000000000000        0.0000000000000000        0.0000000000000000        0.0000000000000000        0.0000000000000000        0.0000000000000000        0.0000000000000000        0.0000000000000000        0.0000000000000000     
   1.0024718727672093        3249991048777.7524        33374749.558669806        6795065879705.5430        500102.03734579874        5.7086403170860091E-002   1.4262006290200755E-002   900303482.90208673        2400475.9665098214       0.74214581812984559        1610996.6924453457        10.212971300440776        4.3808438995851165E-006   266083915.41499314        9951.8847842363521        3.6638231175351406E-003   0.0000000000000000        0.0000000000000000        0.0000000000000000        0.0000000000000000        0.0000000000000000        0.0000000000000000        0.0000000000000000        0.0000000000000000        0.0000000000000000        0.0000000000000000        0.0000000000000000        0.0000000000000000        0.0000000000000000        0.0000000000000000        0.0000000000000000        0.0000000000000000        0.0000000000000000        0.0000000000000000     
   1.0026620168262255        3076673085246.0786        32574067.625792928        6432230079503.9551        524083.01582182868        6.1684069292733061E-002   1.6062934185602395E-002   852240252.75715256        2323903.3313213964       0.75714295092157302        1525084.0713927182        10.333192548430429        4.7370788789685226E-006   251893827.30742407        9666.5562659863190        3.7887609505936511E-003   0.0000000000000000        0.0000000000000000        0.0000000000000000        0.0000000000000000        0.0000000000000000        0.0000000000000000        0.0000000000000000        0.0000000000000000        0.0000000000000000        0.0000000000000000        0.0000000000000000        0.0000000000000000        0.0000000000000000        0.0000000000000000        0.0000000000000000        0.0000000000000000        0.0000000000000000        0.0000000000000000     
   1.0028521608852414        3006082519398.3423        33718017.452956915        6284184747265.0977        542019.71269166027        6.8487398386215370E-002   1.6558203440288865E-002   832708552.84095836        2249181.1552597731       0.75835220325699204        1490093.5091717720        10.374940940865638        4.9007579885470954E-006   246114182.02378649        9843.8063189794721        3.9791663630913340E-003   0.0000000000000000        0.0000000000000000        0.0000000000000000        0.0000000000000000        0.0000000000000000        0.0000000000000000        0.0000000000000000        0.0000000000000000        0.0000000000000000        0.0000000000000000        0.0000000000000000        0.0000000000000000        0.0000000000000000        0.0000000000000000        0.0000000000000000        0.0000000000000000        0.0000000000000000        0.0000000000000000     
   1.0030423049442576        2911838630439.1128        33918909.884604670        6086702547296.7510        564960.73981634097        7.4654490178919841E-002   1.7894313611922730E-002   806604436.49946964        2176832.5488562952       0.76328579602745839        1443377.7275133980        10.436197449938110        5.1295348384998428E-006   238397985.81234440        9892.6418573738301        4.1594195965350108E-003   0.0000000000000000        0.0000000000000000        0.0000000000000000        0.0000000000000000        0.0000000000000000        0.0000000000000000        0.0000000000000000        0.0000000000000000        0.0000000000000000        0.0000000000000000        0.0000000000000000        0.0000000000000000        0.0000000000000000        0.0000000000000000        0.0000000000000000        0.0000000000000000        0.0000000000000000        0.0000000000000000     
   1.0032324490032738        2785753442464.9902        34047143.959296539        5822682545876.3623        586880.10917415342        8.1908196070289901E-002   1.9203726077019867E-002   771653196.07512248        2107572.2395576863       0.77356552912996501        1380878.4449990257        10.526261990318657        5.4599388114321048E-006   228074987.26405236        9749.9506418360215        4.3161809588877021E-003   0.0000000000000000        0.0000000000000000        0.0000000000000000        0.0000000000000000        0.0000000000000000        0.0000000000000000        0.0000000000000000        0.0000000000000000        0.0000000000000000        0.0000000000000000        0.0000000000000000        0.0000000000000000        0.0000000000000000        0.0000000000000000        0.0000000000000000        0.0000000000000000        0.0000000000000000        0.0000000000000000     
   1.0034225930622898        2664806761843.3628        33927037.767373383        5569428116137.0625        612468.56787574815        8.8710497610056560E-002   2.1388798585143389E-002   738126120.75239253        2041313.5668793907       0.78388397045675084        1320926.1512043229        10.614851173337232        5.8101062771229632E-006   218172691.30540776        9596.6503898259616        4.4723647385595958E-003   0.0000000000000000        0.0000000000000000        0.0000000000000000        0.0000000000000000        0.0000000000000000        0.0000000000000000        0.0000000000000000        0.0000000000000000        0.0000000000000000        0.0000000000000000        0.0000000000000000        0.0000000000000000        0.0000000000000000        0.0000000000000000        0.0000000000000000        0.0000000000000000        0.0000000000000000        0.0000000000000000     
   1.0036127371213059        2548036069730.8643        33631312.150079511        5324927024224.9219        639902.54240183008        9.6823535668314448E-002   2.3677622719768952E-002   705755986.39757514        1977958.3884732381       0.79436467565160551        1263043.7697943347        10.702700712011662        6.1838018112868188E-006   208612302.60725144        9428.3514187692053        4.6264988000037739E-003   0.0000000000000000        0.0000000000000000        0.0000000000000000        0.0000000000000000        0.0000000000000000        0.0000000000000000        0.0000000000000000        0.0000000000000000        0.0000000000000000        0.0000000000000000        0.0000000000000000        0.0000000000000000        0.0000000000000000        0.0000000000000000        0.0000000000000000        0.0000000000000000        0.0000000000000000        0.0000000000000000     
   1.0038028811803221        2435323252299.1719        33222517.316116970        5088932068862.3174        669125.28086437413       0.10548755668989611        2.6389039903381307E-002   674510102.44693017        1917408.1741356389       0.80500053979295094        1207172.7838526482        10.789805445456034        6.5828672782031390E-006   199384155.84176201        9245.0015300933555        4.7776129774427549E-003   0.0000000000000000        0.0000000000000000        0.0000000000000000        0.0000000000000000        0.0000000000000000        0.0000000000000000        0.0000000000000000        0.0000000000000000        0.0000000000000000        0.0000000000000000        0.0000000000000000        0.0000000000000000        0.0000000000000000        0.0000000000000000        0.0000000000000000        0.0000000000000000        0.0000000000000000        0.0000000000000000     
   1.0039930252393381        2334309833845.6279        32881010.286355246        4877409604184.5225        698326.44478357036       0.11461968128295132        2.9177376566613147E-002   646511233.69196045        1859404.3523826422       0.81440189314242450        1157101.1227696217        10.868760582178039        6.9777593335321901E-006   191113861.58559752        9096.1666510235100        4.9352379101949319E-003   0.0000000000000000        0.0000000000000000        0.0000000000000000        0.0000000000000000        0.0000000000000000        0.0000000000000000        0.0000000000000000        0.0000000000000000        0.0000000000000000        0.0000000000000000        0.0000000000000000        0.0000000000000000        0.0000000000000000        0.0000000000000000        0.0000000000000000        0.0000000000000000        0.0000000000000000        0.0000000000000000     
   1.0041831692983543        2240207257275.4482        32602165.684290946        4680350300074.3047        728093.49535033503       0.12441651672302069        3.2194094992616669E-002   620429524.69415557        1803765.0867522534       0.82326723355051867        1110455.1370184189        10.943546655812083        7.3817782610256211E-006   183409382.83350998        8958.1346716596072        5.0956756639747277E-003   0.0000000000000000        0.0000000000000000        0.0000000000000000        0.0000000000000000        0.0000000000000000        0.0000000000000000        0.0000000000000000        0.0000000000000000        0.0000000000000000        0.0000000000000000        0.0000000000000000        0.0000000000000000        0.0000000000000000        0.0000000000000000        0.0000000000000000        0.0000000000000000        0.0000000000000000        0.0000000000000000     
   1.0043733133573702        2151986421464.6541        32364915.279684160        4495601765556.4219        757901.20936036366       0.13486666392629060        3.5315313816152223E-002   595979277.44196391        1750346.6358913763       0.83170065185981479        1066724.6996040216        11.014851267545664        7.7966471243745650E-006   176186463.94001597        8827.7676414208454        5.2586075996523714E-003   0.0000000000000000        0.0000000000000000        0.0000000000000000        0.0000000000000000        0.0000000000000000        0.0000000000000000        0.0000000000000000        0.0000000000000000        0.0000000000000000        0.0000000000000000        0.0000000000000000        0.0000000000000000        0.0000000000000000        0.0000000000000000        0.0000000000000000        0.0000000000000000        0.0000000000000000        0.0000000000000000     
   1.0045634574163864        2067463431344.7959        34740856.631651163        4318605500281.0259        750033.06628360506       0.15062319985093864        3.0400349506289899E-002   572554730.66176653        1699041.1848065364       0.84004427817109195        1024828.5468837323        11.084542849148082        8.2312378002026975E-006   169266522.47411853        8692.9007766606301        5.4212256468041172E-003   0.0000000000000000        0.0000000000000000        0.0000000000000000        0.0000000000000000        0.0000000000000000        0.0000000000000000        0.0000000000000000        0.0000000000000000        0.0000000000000000        0.0000000000000000        0.0000000000000000        0.0000000000000000        0.0000000000000000        0.0000000000000000        0.0000000000000000        0.0000000000000000        0.0000000000000000        0.0000000000000000     
   1.0047536014754026        1983652211359.8484        34813895.709046543        4143113435282.1323        774699.38268132752       0.16353378126222831        3.2317313451117796E-002   549325162.88494682        1649813.3659753096       0.84884739875882620        983284.06913822074        11.155574011888541        8.7029185764431733E-006   162404693.28434798        8532.9765494058229        5.5775372842274355E-003   0.0000000000000000        0.0000000000000000        0.0000000000000000        0.0000000000000000        0.0000000000000000        0.0000000000000000        0.0000000000000000        0.0000000000000000        0.0000000000000000        0.0000000000000000        0.0000000000000000        0.0000000000000000        0.0000000000000000        0.0000000000000000        0.0000000000000000        0.0000000000000000        0.0000000000000000        0.0000000000000000     
   1.0049437455344186        1909125400574.6384        34792442.008640669        3987034121100.3813        801463.60197641188       0.17532535955904377        3.5079952169727716E-002   528672431.20584661        1602495.5017978793       0.85640586913177863        946341.74750995461        11.219012344780236        9.1614100108262118E-006   156302973.44175246        8411.5944120221011        5.7441051095441656E-003   0.0000000000000000        0.0000000000000000        0.0000000000000000        0.0000000000000000        0.0000000000000000        0.0000000000000000        0.0000000000000000        0.0000000000000000        0.0000000000000000        0.0000000000000000        0.0000000000000000        0.0000000000000000        0.0000000000000000        0.0000000000000000        0.0000000000000000        0.0000000000000000        0.0000000000000000        0.0000000000000000     
   1.0051338895934347        1837886302860.2312        34509235.554462537        3837840383432.4854        833327.68608971511       0.18908750223579865        3.8491284443744209E-002   508931009.03612763        1556967.5192732327       0.86392346938089004        911028.98667850439        11.280723087333017        9.6383215566971339E-006   150470413.10291255        8288.8811342159133        5.9110182809398006E-003   0.0000000000000000        0.0000000000000000        0.0000000000000000        0.0000000000000000        0.0000000000000000        0.0000000000000000        0.0000000000000000        0.0000000000000000        0.0000000000000000        0.0000000000000000        0.0000000000000000        0.0000000000000000        0.0000000000000000        0.0000000000000000        0.0000000000000000        0.0000000000000000        0.0000000000000000        0.0000000000000000     
   1.0053240336524509        1774682519363.3318        35061120.378659666        3705446150273.2339        853021.89088859712       0.20667386733269655        3.8810928905280068E-002   491420013.94348699        1513076.8567110817       0.87014623546514380        879699.67739244120        11.335423742791310        1.0097270526467494E-005   145295769.45348164        8204.5486554665313        6.0907990237147550E-003   0.0000000000000000        0.0000000000000000        0.0000000000000000        0.0000000000000000        0.0000000000000000        0.0000000000000000        0.0000000000000000        0.0000000000000000        0.0000000000000000        0.0000000000000000        0.0000000000000000        0.0000000000000000        0.0000000000000000        0.0000000000000000        0.0000000000000000        0.0000000000000000        0.0000000000000000        0.0000000000000000     
   1.0055141777114669        1706659583229.9934        35120924.585727893        3563008035598.3950        879495.38626122405       0.22337899745924039        4.1139777493097530E-002   472568715.91454321        1470818.4598039908       0.87780376214830935        845981.30833640450        11.396795300133650        1.0632954826681182E-005   139726582.24494964        8058.1555639845465        6.2520299234218859E-003   0.0000000000000000        0.0000000000000000        0.0000000000000000        0.0000000000000000        0.0000000000000000        0.0000000000000000        0.0000000000000000        0.0000000000000000        0.0000000000000000        0.0000000000000000        0.0000000000000000        0.0000000000000000        0.0000000000000000        0.0000000000000000        0.0000000000000000        0.0000000000000000        0.0000000000000000        0.0000000000000000     
   1.0057043217704831        1641585088496.6316        34911045.642280132        3426745327162.7588        910386.05280893075       0.23852683320646226        4.5088460167107325E-002   454534644.12437767        1430197.2959215082       0.88530751346119940        813724.32218969602        11.456581224132623        1.1191578670342147E-005   134398776.87691268        7909.7737514674627        6.4116130336152261E-003   0.0000000000000000        0.0000000000000000        0.0000000000000000        0.0000000000000000        0.0000000000000000        0.0000000000000000        0.0000000000000000        0.0000000000000000        0.0000000000000000        0.0000000000000000        0.0000000000000000        0.0000000000000000        0.0000000000000000        0.0000000000000000        0.0000000000000000        0.0000000000000000        0.0000000000000000        0.0000000000000000     
   1.0058944658294990        1584174721484.5015        34757133.329621308        3306500241831.4883        941471.71873773809       0.25638239096980436        4.8486934703916434E-002   438627826.22496450        1391072.0796151476       0.89160118149194201        785266.40782039496        11.509223302405713        1.1726635154104182E-005   129698431.02021070        7802.4810350661264        6.5853691087098733E-003   0.0000000000000000        0.0000000000000000        0.0000000000000000        0.0000000000000000        0.0000000000000000        0.0000000000000000        0.0000000000000000        0.0000000000000000        0.0000000000000000        0.0000000000000000        0.0000000000000000        0.0000000000000000        0.0000000000000000        0.0000000000000000        0.0000000000000000        0.0000000000000000        0.0000000000000000        0.0000000000000000     
   1.0060846098885152        1528204031695.9453        37478678.367562816        3189284089277.5513        926541.57927895710       0.28199098361502184        4.2137659151417504E-002   423120286.95869750        1353341.5319960855       0.89795647758070263        757523.55381279858        11.561462450362407        1.2290836555935966E-005   125116202.32697126        7686.1901014472578        6.7563465907656941E-003   0.0000000000000000        0.0000000000000000        0.0000000000000000        0.0000000000000000        0.0000000000000000        0.0000000000000000        0.0000000000000000        0.0000000000000000        0.0000000000000000        0.0000000000000000        0.0000000000000000        0.0000000000000000        0.0000000000000000        0.0000000000000000        0.0000000000000000        0.0000000000000000        0.0000000000000000        0.0000000000000000     
   1.0062747539475314        1472073285935.3083        35346662.438652210        3071742370789.9048        990142.22704273416       0.30099301646415999        5.1631907104033981E-002   407565562.96356642        1316991.5990581983       0.90472357264274461        729698.95420839160        11.615175275407470        1.2904167913398335E-005   120520495.62363438        7546.0367706757761        6.9175451061851880E-003   0.0000000000000000        0.0000000000000000        0.0000000000000000        0.0000000000000000        0.0000000000000000        0.0000000000000000        0.0000000000000000        0.0000000000000000        0.0000000000000000        0.0000000000000000        0.0000000000000000        0.0000000000000000        0.0000000000000000        0.0000000000000000        0.0000000000000000        0.0000000000000000        0.0000000000000000        0.0000000000000000     
   1.0064648980065476        1420299587878.5139        36814867.350745037        2963318361794.7935        993463.98768273601       0.32459486714171104        4.9560301724317697E-002   393220692.33598518        1281971.2427894194       0.91087858988628545        704035.89111726370        11.665029139416596        1.3517161320626553E-005   116281796.35212587        7423.9748063279167        7.0851923044625668E-003   0.0000000000000000        0.0000000000000000        0.0000000000000000        0.0000000000000000        0.0000000000000000        0.0000000000000000        0.0000000000000000        0.0000000000000000        0.0000000000000000        0.0000000000000000        0.0000000000000000        0.0000000000000000        0.0000000000000000        0.0000000000000000        0.0000000000000000        0.0000000000000000        0.0000000000000000        0.0000000000000000     
   1.0066550420655651        1371517363773.6792        37351384.986661062        2861151263631.9404        1014266.4654966536       0.34950284056976927        5.0736522604289597E-002   379705214.87308544        1248189.7396426729       0.91669049864499419        679855.21450224880        11.712417433647200        1.4141153824236825E-005   112287938.04451330        7309.8647798405764        7.2558881628934429E-003   0.0000000000000000        0.0000000000000000        0.0000000000000000        0.0000000000000000        0.0000000000000000        0.0000000000000000        0.0000000000000000        0.0000000000000000        0.0000000000000000        0.0000000000000000        0.0000000000000000        0.0000000000000000        0.0000000000000000        0.0000000000000000        0.0000000000000000        0.0000000000000000        0.0000000000000000        0.0000000000000000     
   1.0068451861245860        1323036385706.1487        35482389.687020279        2759625118801.7915        1077326.9026712994       0.37276080735177441        6.0766243987626110E-002   366271545.51070791        1215603.9810881263       0.92273923463771923        655822.66967351025        11.760490318862866        1.4811294971544026E-005   108318564.41028489        7178.4762263510056        7.4179536359148222E-003   0.0000000000000000        0.0000000000000000        0.0000000000000000        0.0000000000000000        0.0000000000000000        0.0000000000000000        0.0000000000000000        0.0000000000000000        0.0000000000000000        0.0000000000000000        0.0000000000000000        0.0000000000000000        0.0000000000000000        0.0000000000000000        0.0000000000000000        0.0000000000000000        0.0000000000000000        0.0000000000000000     
   1.0070353301836217        1277886462851.9402        36775237.745499820        2665070945265.5352        1083019.8713729866       0.40040919193431612        5.9015790901589260E-002   353762806.00160033        1184177.0838574951       0.92832241737896803        633442.86830247322        11.805516800801488        1.5485335958316212E-005   104622164.41817273        7060.5359310595222        7.5851978881989555E-003   0.0000000000000000        0.0000000000000000        0.0000000000000000        0.0000000000000000        0.0000000000000000        0.0000000000000000        0.0000000000000000        0.0000000000000000        0.0000000000000000        0.0000000000000000        0.0000000000000000        0.0000000000000000        0.0000000000000000        0.0000000000000000        0.0000000000000000        0.0000000000000000        0.0000000000000000        0.0000000000000000     
   1.0072254742427160        1234976743932.7690        36681262.626169622        2575202500918.1680        1115716.1291931022       0.42798782290155429        6.2990347264524502E-002   341874816.58517069        1153838.2124215236       0.93365923712339249        612172.82963674422        11.848675773416653        1.6175730003191078E-005   101109061.94374362        6946.9322895370415        7.7537649409588098E-003   0.0000000000000000        0.0000000000000000        0.0000000000000000        0.0000000000000000        0.0000000000000000        0.0000000000000000        0.0000000000000000        0.0000000000000000        0.0000000000000000        0.0000000000000000        0.0000000000000000        0.0000000000000000        0.0000000000000000        0.0000000000000000        0.0000000000000000        0.0000000000000000        0.0000000000000000        0.0000000000000000     
   1.0074156183020444        1193263542606.5046        36466448.430082642        2487845312926.1650        1150563.9316576824       0.45718338243049922        6.7562326007444759E-002   330318087.07743430        1124542.1926096720       0.93896944758375345        591495.83438368584        11.891175227616337        1.6898693640649587E-005   97693919.355174780        6827.7340742379383        7.9183291661778562E-003   0.0000000000000000        0.0000000000000000        0.0000000000000000        0.0000000000000000        0.0000000000000000        0.0000000000000000        0.0000000000000000        0.0000000000000000        0.0000000000000000        0.0000000000000000        0.0000000000000000        0.0000000000000000        0.0000000000000000        0.0000000000000000        0.0000000000000000        0.0000000000000000        0.0000000000000000        0.0000000000000000     
   1.0076057623623105        1153445965108.0703        36203398.642242573        2404456568592.8438        1186703.5112820538       0.48772945821153108        7.2589777908510913E-002   319286850.02846557        1096255.4784885461       0.94407532724714593        571758.45992803422        11.932083418480568        1.7641806217562551E-005   94433973.336449161        6711.1197376163482        8.0828862693218956E-003   0.0000000000000000        0.0000000000000000        0.0000000000000000        0.0000000000000000        0.0000000000000000        0.0000000000000000        0.0000000000000000        0.0000000000000000        0.0000000000000000        0.0000000000000000        0.0000000000000000        0.0000000000000000        0.0000000000000000        0.0000000000000000        0.0000000000000000        0.0000000000000000        0.0000000000000000        0.0000000000000000     
   1.0077959064263262        1116226004053.7068        36030898.061279267        2326498671675.5464        1221917.6349765235       0.52004124742215918        7.7464939524396079E-002   308976173.43446654        1068929.1610588185       0.94879856305535781        553308.74726530444        11.970415682947348        1.8388338049028153E-005   91386701.279432118        6606.2992012824807        8.2530389960384920E-003   0.0000000000000000        0.0000000000000000        0.0000000000000000        0.0000000000000000        0.0000000000000000        0.0000000000000000        0.0000000000000000        0.0000000000000000        0.0000000000000000        0.0000000000000000        0.0000000000000000        0.0000000000000000        0.0000000000000000        0.0000000000000000        0.0000000000000000        0.0000000000000000        0.0000000000000000        0.0000000000000000     
   1.0079860505053404        1080584561284.5525        36048985.600770697        2251846395485.2197        1254007.1957239788       0.55500191620784978        8.1555623397626315E-002   299103084.50328058        1042506.2706864899       0.95335323939003003        535641.58732326666        12.007345365791410        1.9155253057692929E-005   88468683.189534619        6503.3861817172728        8.4234654761779701E-003   0.0000000000000000        0.0000000000000000        0.0000000000000000        0.0000000000000000        0.0000000000000000        0.0000000000000000        0.0000000000000000        0.0000000000000000        0.0000000000000000        0.0000000000000000        0.0000000000000000        0.0000000000000000        0.0000000000000000        0.0000000000000000        0.0000000000000000        0.0000000000000000        0.0000000000000000        0.0000000000000000     
   1.0081761946443488        1045539387410.3257        35929356.443882301        2178451660089.2815        1289067.4013898117       0.59140461462025584        8.6628012995888057E-002   289394703.05676937        1016953.1051523917       0.95794985587081671        518269.92426529317        12.044076355826419        1.9964396714604740E-005   85599481.875917807        6391.5918341693759        8.5870185950153288E-003   0.0000000000000000        0.0000000000000000        0.0000000000000000        0.0000000000000000        0.0000000000000000        0.0000000000000000        0.0000000000000000        0.0000000000000000        0.0000000000000000        0.0000000000000000        0.0000000000000000        0.0000000000000000        0.0000000000000000        0.0000000000000000        0.0000000000000000        0.0000000000000000        0.0000000000000000        0.0000000000000000     
   1.0083663390233342        1011555054520.9495        35723486.109532207        2107282470775.5654        1325985.4185117178       0.62939061195455381        9.2391765873380535E-002   279980096.98914319        992252.34894633980       0.96246948905242002        501424.06831406249        12.079969791871726        2.0806734693403188E-005   82817132.506334841        6276.5337197353119        8.7464192172619810E-003   0.0000000000000000        0.0000000000000000        0.0000000000000000        0.0000000000000000        0.0000000000000000        0.0000000000000000        0.0000000000000000        0.0000000000000000        0.0000000000000000        0.0000000000000000        0.0000000000000000        0.0000000000000000        0.0000000000000000        0.0000000000000000        0.0000000000000000        0.0000000000000000        0.0000000000000000        0.0000000000000000     
   1.0085564843622270        979134358908.37524        35518417.692178868        2039385849584.9050        1363418.2737825352       0.66922568257211246        9.8463405332094300E-002   270998971.44366634        968376.20242274727       0.96678574127662964        485353.29478559823        12.114305728283666        2.1668801619777732E-005   80162801.589323655        6164.9850888996125        8.9059457774105996E-003   0.0000000000000000        0.0000000000000000        0.0000000000000000        0.0000000000000000        0.0000000000000000        0.0000000000000000        0.0000000000000000        0.0000000000000000        0.0000000000000000        0.0000000000000000        0.0000000000000000        0.0000000000000000        0.0000000000000000        0.0000000000000000        0.0000000000000000        0.0000000000000000        0.0000000000000000        0.0000000000000000     
   1.0087466335407496        948087722527.61218        35234868.670817882        1974365873768.8184        1403269.1727902184       0.71046549758850275       0.10552100762779117        262398687.60114729        945285.59737936012       0.97092894125646811        469963.59214865690        12.147240579069413        2.2553417753680822E-005   77620962.352164447        6055.6348198931910        9.0647553555011640E-003   0.0000000000000000        0.0000000000000000        0.0000000000000000        0.0000000000000000        0.0000000000000000        0.0000000000000000        0.0000000000000000        0.0000000000000000        0.0000000000000000        0.0000000000000000        0.0000000000000000        0.0000000000000000        0.0000000000000000        0.0000000000000000        0.0000000000000000        0.0000000000000000        0.0000000000000000        0.0000000000000000     
   1.0089367980777919        918283226913.50732        34879364.248946615        1911947055087.5637        1445002.1994636126       0.75305071355047748       0.11347678932429366        254142647.52736625        922939.53397163015       0.97491399891308517        455189.57284587092        12.178808889422793        2.3462360049943310E-005   75180815.264117181        5947.7999715293063        9.2223599542920059E-003   0.0000000000000000        0.0000000000000000        0.0000000000000000        0.0000000000000000        0.0000000000000000        0.0000000000000000        0.0000000000000000        0.0000000000000000        0.0000000000000000        0.0000000000000000        0.0000000000000000        0.0000000000000000        0.0000000000000000        0.0000000000000000        0.0000000000000000        0.0000000000000000        0.0000000000000000        0.0000000000000000     
   1.0091270240489134        889451446832.86499        34462915.041438021        1851567759069.1365        1487318.1277365326       0.79672553246472000       0.12196301471911306        246156058.43131092        901300.20073921361       0.97879005324280421        440897.69039152330        12.209369799165815        2.4403293496998847E-005   72820304.887197584        5838.7850970959735        9.3765993684054132E-003   0.0000000000000000        0.0000000000000000        0.0000000000000000        0.0000000000000000        0.0000000000000000        0.0000000000000000        0.0000000000000000        0.0000000000000000        0.0000000000000000        0.0000000000000000        0.0000000000000000        0.0000000000000000        0.0000000000000000        0.0000000000000000        0.0000000000000000        0.0000000000000000        0.0000000000000000        0.0000000000000000     
   1.0093174957563509        861392938411.20227        33967004.583384126        1792812056235.6450        1529339.4244880995       0.84042052086496033       0.13075910384078537        238383560.48637623        880326.15132152336       0.98259997300903890        426989.07245062868        12.239604630215588        2.5385277418460391E-005   70523102.440953687        5726.5029180754900        9.5257320209512133E-003   0.0000000000000000        0.0000000000000000        0.0000000000000000        0.0000000000000000        0.0000000000000000        0.0000000000000000        0.0000000000000000        0.0000000000000000        0.0000000000000000        0.0000000000000000        0.0000000000000000        0.0000000000000000        0.0000000000000000        0.0000000000000000        0.0000000000000000        0.0000000000000000        0.0000000000000000        0.0000000000000000     
   1.0095089504090522        833880960035.15808        33403726.607086971        1735206558508.8711        1570848.5665160210       0.88377249941080638       0.13988371262815591        230762275.06497139        859921.21417311893       0.98638184320549938        413351.33065502561        12.270165568809199        2.6420300971281380E-005   68270646.506035492        5609.0246852175660        9.6685182615487419E-003   0.0000000000000000        0.0000000000000000        0.0000000000000000        0.0000000000000000        0.0000000000000000        0.0000000000000000        0.0000000000000000        0.0000000000000000        0.0000000000000000        0.0000000000000000        0.0000000000000000        0.0000000000000000        0.0000000000000000        0.0000000000000000        0.0000000000000000        0.0000000000000000        0.0000000000000000        0.0000000000000000     
   1.0097026651616305        806942792297.34863        32825430.827943854        1678805864706.1250        1612998.8640321048       0.92902751202474498       0.14962617894464827        223299932.67874318        839946.68379537319       0.99009653821767707        399998.01411994459        12.300622900762542        2.7509010888184028E-005   66065172.696950503        5488.6047108347830        9.8075866627579354E-003   0.0000000000000000        0.0000000000000000        0.0000000000000000        0.0000000000000000        0.0000000000000000        0.0000000000000000        0.0000000000000000        0.0000000000000000        0.0000000000000000        0.0000000000000000        0.0000000000000000        0.0000000000000000        0.0000000000000000        0.0000000000000000        0.0000000000000000        0.0000000000000000        0.0000000000000000        0.0000000000000000     
   1.0098995696880111        780909974698.47900        32290110.553584486        1624298109787.3318        1657381.0496495678       0.97928649413052204       0.16032898763248152        216088723.38848421        820314.69068269653       0.99365048876526596        387093.49366760597        12.329950785099836        2.8636979547628935E-005   63933824.218184188        5371.3912678011238        9.9491187841120737E-003   0.0000000000000000        0.0000000000000000        0.0000000000000000        0.0000000000000000        0.0000000000000000        0.0000000000000000        0.0000000000000000        0.0000000000000000        0.0000000000000000        0.0000000000000000        0.0000000000000000        0.0000000000000000        0.0000000000000000        0.0000000000000000        0.0000000000000000        0.0000000000000000        0.0000000000000000        0.0000000000000000     
   1.0100999364481571        756053315912.71704        31827243.729941349        1572245707603.6125        1704398.3728890000        1.0356275158000352       0.17216478371125496        209203895.32595918        801003.20621495706       0.99698941175556266        374772.02179842978        12.357604013040506        2.9790051369423154E-005   61898771.090152770        5262.0807735911285        1.0098276743586605E-002   0.0000000000000000        0.0000000000000000        0.0000000000000000        0.0000000000000000        0.0000000000000000        0.0000000000000000        0.0000000000000000        0.0000000000000000        0.0000000000000000        0.0000000000000000        0.0000000000000000        0.0000000000000000        0.0000000000000000        0.0000000000000000        0.0000000000000000        0.0000000000000000        0.0000000000000000        0.0000000000000000     
   1.0103038263196065        732284198231.01013        31429114.376562707        1522463568030.1147        1753496.9934169385        1.0971907326364614       0.18517576819369752        202620835.66694304        782009.07893307216        1.0001392327374541        362989.66750990064        12.383785480267683        3.0969856591981911E-005   59952757.839338899        5159.9914016324865        1.0255254567917918E-002   0.0000000000000000        0.0000000000000000        0.0000000000000000        0.0000000000000000        0.0000000000000000        0.0000000000000000        0.0000000000000000        0.0000000000000000        0.0000000000000000        0.0000000000000000        0.0000000000000000        0.0000000000000000        0.0000000000000000        0.0000000000000000        0.0000000000000000        0.0000000000000000        0.0000000000000000        0.0000000000000000     
   1.0105113012503251        709427782657.07141        31073431.077577386        1474587444805.6768        1804103.8026337216        1.1627803458974271       0.19935538241045672        196290984.47032121        763324.00665685616        1.0031367007519134        351659.75345377828        12.408728025331786        3.2182958048053533E-005   58081469.780165099        5063.1420770720479        1.0418770813650337E-002   0.0000000000000000        0.0000000000000000        0.0000000000000000        0.0000000000000000        0.0000000000000000        0.0000000000000000        0.0000000000000000        0.0000000000000000        0.0000000000000000        0.0000000000000000        0.0000000000000000        0.0000000000000000        0.0000000000000000        0.0000000000000000        0.0000000000000000        0.0000000000000000        0.0000000000000000        0.0000000000000000     
   1.0107224242775292        687199632213.31274        30735849.955634981        1428025622149.7554        1856006.3115959470        1.2319606314859539       0.21477304410290524        190135341.49316841        744938.25332552334        1.0060324158838188        340641.27447839518        12.432749649405846        3.3444048542713991E-005   56261620.638117321        4967.7013790588426        1.0585105096781242E-002   0.0000000000000000        0.0000000000000000        0.0000000000000000        0.0000000000000000        0.0000000000000000        0.0000000000000000        0.0000000000000000        0.0000000000000000        0.0000000000000000        0.0000000000000000        0.0000000000000000        0.0000000000000000        0.0000000000000000        0.0000000000000000        0.0000000000000000        0.0000000000000000        0.0000000000000000        0.0000000000000000     
   1.0109372595468384        665450234685.44434        30402483.882798959        1382467250502.9111        1909222.4729003825        1.3049209939603492       0.23153456706896974        184112377.77328363        726849.46127986046        1.0088494779692792        329860.11173738929        12.455997726730159        3.4763439166210809E-005   54480970.165001497        4871.5545546915664        1.0751810539536661E-002   0.0000000000000000        0.0000000000000000        0.0000000000000000        0.0000000000000000        0.0000000000000000        0.0000000000000000        0.0000000000000000        0.0000000000000000        0.0000000000000000        0.0000000000000000        0.0000000000000000        0.0000000000000000        0.0000000000000000        0.0000000000000000        0.0000000000000000        0.0000000000000000        0.0000000000000000        0.0000000000000000     
   1.0111558723317648        644079690470.31787        30065575.454102520        1337704839192.8179        1963810.6465593234        1.3820850591328326       0.24978136470908699        178194342.68772125        709058.68661613809        1.0115994017961709        319266.74200160202        12.478551180074055        3.6150564779444435E-005   52731340.033955291        4773.1711876316594        1.0916693470879217E-002   0.0000000000000000        0.0000000000000000        0.0000000000000000        0.0000000000000000        0.0000000000000000        0.0000000000000000        0.0000000000000000        0.0000000000000000        0.0000000000000000        0.0000000000000000        0.0000000000000000        0.0000000000000000        0.0000000000000000        0.0000000000000000        0.0000000000000000        0.0000000000000000        0.0000000000000000        0.0000000000000000     
   1.0113783290535450        623034200838.94629        29720920.720261015        1293626849222.3286        2019792.4858541985        1.4638565722345314       0.26966878925919241        172366288.63745749        691569.60355025972        1.0142838313468903        308834.49563988537        12.500427266507348        3.7613548407766885E-005   51008326.084941797        4671.6273448836791        1.1077948603847016E-002   0.0000000000000000        0.0000000000000000        0.0000000000000000        0.0000000000000000        0.0000000000000000        0.0000000000000000        0.0000000000000000        0.0000000000000000        0.0000000000000000        0.0000000000000000        0.0000000000000000        0.0000000000000000        0.0000000000000000        0.0000000000000000        0.0000000000000000        0.0000000000000000        0.0000000000000000        0.0000000000000000     
   1.0116046973013206        602350043652.28625        29368921.704184823        1250308858101.4670        2077176.8852157409        1.5505904035297260       0.29133935555877721        166638286.02973050        674388.20040738978        1.0168902929546648        298581.35554914328        12.521526918031293        3.9154975241639457E-005   49314898.086085178        4567.4166720134008        1.1235386638633103E-002   0.0000000000000000        0.0000000000000000        0.0000000000000000        0.0000000000000000        0.0000000000000000        0.0000000000000000        0.0000000000000000        0.0000000000000000        0.0000000000000000        0.0000000000000000        0.0000000000000000        0.0000000000000000        0.0000000000000000        0.0000000000000000        0.0000000000000000        0.0000000000000000        0.0000000000000000        0.0000000000000000     
   1.0118350458526748        582075018203.25305        29011226.808620241        1207850277344.5527        2135953.3323586104        1.6425998762648912       0.31494110580034518        161023606.61602390        657519.57948062057        1.0194056141855623        288531.01632680255        12.541735118697108        4.0776112572203231E-005   47654968.959241152        4461.2916973077454        1.1389225276724656E-002   0.0000000000000000        0.0000000000000000        0.0000000000000000        0.0000000000000000        0.0000000000000000        0.0000000000000000        0.0000000000000000        0.0000000000000000        0.0000000000000000        0.0000000000000000        0.0000000000000000        0.0000000000000000        0.0000000000000000        0.0000000000000000        0.0000000000000000        0.0000000000000000        0.0000000000000000        0.0000000000000000     
   1.0120694446945278        562295100384.13562        28651341.145193331        1166429597179.4270        2196099.0396894831        1.7401370257909490       0.34060323712630869        155546126.93416113        640968.23656928458        1.0218142461716484        278726.09731935459        12.560893695802278        4.2474050076581005E-005   46035576.727133602        4354.7430596576305        1.1540893099102539E-002   0.0000000000000000        0.0000000000000000        0.0000000000000000        0.0000000000000000        0.0000000000000000        0.0000000000000000        0.0000000000000000        0.0000000000000000        0.0000000000000000        0.0000000000000000        0.0000000000000000        0.0000000000000000        0.0000000000000000        0.0000000000000000        0.0000000000000000        0.0000000000000000        0.0000000000000000        0.0000000000000000     
   1.0123079650444022        543079862373.71832        28292524.134462900        1126191054533.1060        2257587.0878556650        1.8434389907016102       0.36845860938314134        150225169.97764009        624735.96328620543        1.0241062889988251        269201.08656028251        12.578867351253322        4.4245426624059817E-005   44462416.484607682        4249.1246186341968        1.1691974199929166E-002   0.0000000000000000        0.0000000000000000        0.0000000000000000        0.0000000000000000        0.0000000000000000        0.0000000000000000        0.0000000000000000        0.0000000000000000        0.0000000000000000        0.0000000000000000        0.0000000000000000        0.0000000000000000        0.0000000000000000        0.0000000000000000        0.0000000000000000        0.0000000000000000        0.0000000000000000        0.0000000000000000     
   1.0125506793720607        524416897771.82794        27934506.991949003        1087108726289.7274        2320359.8491994049        1.9527373095895015       0.39868647063089863        145057291.50621063        608821.01063909731        1.0262828700231517        259949.83421150967        12.595623642494800        4.6093389497758144E-005   42934472.420781329        4144.4584205052397        1.1842286659907119E-002   0.0000000000000000        0.0000000000000000        0.0000000000000000        0.0000000000000000        0.0000000000000000        0.0000000000000000        0.0000000000000000        0.0000000000000000        0.0000000000000000        0.0000000000000000        0.0000000000000000        0.0000000000000000        0.0000000000000000        0.0000000000000000        0.0000000000000000        0.0000000000000000        0.0000000000000000        0.0000000000000000     
   1.0127976614215235        506254714221.37921        27575032.737726230        1049075697687.3680        2384347.0512302415        2.0682867682555397       0.43150918081169720        140028191.48559153        593220.63054057641        1.0283479396262138        250946.81486001521        12.611173914942290        4.8025585319851786E-005   41447529.129515812        4040.0589047626268        1.1990455599987081E-002   0.0000000000000000        0.0000000000000000        0.0000000000000000        0.0000000000000000        0.0000000000000000        0.0000000000000000        0.0000000000000000        0.0000000000000000        0.0000000000000000        0.0000000000000000        0.0000000000000000        0.0000000000000000        0.0000000000000000        0.0000000000000000        0.0000000000000000        0.0000000000000000        0.0000000000000000        0.0000000000000000     
   1.0130489862334762        488570976603.35956        27213193.304091763        1012045581046.2914        2449498.2979646265        2.1903891028121585       0.46715802321851807        135131667.33798525        577933.50276646437        1.0303018156075339        242180.95676957275        12.625493323788941        5.0047650448468860E-005   39999758.077721789        3935.7098801971051        1.2135684305905736E-002   0.0000000000000000        0.0000000000000000        0.0000000000000000        0.0000000000000000        0.0000000000000000        0.0000000000000000        0.0000000000000000        0.0000000000000000        0.0000000000000000        0.0000000000000000        0.0000000000000000        0.0000000000000000        0.0000000000000000        0.0000000000000000        0.0000000000000000        0.0000000000000000        0.0000000000000000        0.0000000000000000     
   1.0133047301680671        471355773243.98987        26848938.735897798        975997761772.10547        2515768.3630682258        2.3193803341072656       0.50588213776264612        130364966.94552931        562958.73440313921        1.0321436421001904        233647.34683011376        12.638542585900433        5.2164318903381679E-005   38590347.753561601        3831.4065453510407        1.2277452948028901E-002   0.0000000000000000        0.0000000000000000        0.0000000000000000        0.0000000000000000        0.0000000000000000        0.0000000000000000        0.0000000000000000        0.0000000000000000        0.0000000000000000        0.0000000000000000        0.0000000000000000        0.0000000000000000        0.0000000000000000        0.0000000000000000        0.0000000000000000        0.0000000000000000        0.0000000000000000        0.0000000000000000     
   1.0135649709281098        454652124919.61963        26484821.542644121        941021194378.36523        2583120.4852523706        2.4555593643251603       0.54788967538255695        125740039.81154977        548296.67980775668        1.0338715501663491        225367.31139717199        12.650230484407087        5.4373314557456948E-005   37222819.672189675        3728.1438764929703        1.2417109887241304E-002   0.0000000000000000        0.0000000000000000        0.0000000000000000        0.0000000000000000        0.0000000000000000        0.0000000000000000        0.0000000000000000        0.0000000000000000        0.0000000000000000        0.0000000000000000        0.0000000000000000        0.0000000000000000        0.0000000000000000        0.0000000000000000        0.0000000000000000        0.0000000000000000        0.0000000000000000        0.0000000000000000     
   1.0138297875826900        438456784903.01758        26121491.741982911        907108933288.71448        2651491.4517954891        2.5992407008871705       0.59344358590616475        121255986.77709819        533944.89031575143        1.0354875064875819        217339.24145988948        12.660517563842619        5.6677351424776628E-005   35896907.869839497        3626.1149478292687        1.2554741827798321E-002   0.0000000000000000        0.0000000000000000        0.0000000000000000        0.0000000000000000        0.0000000000000000        0.0000000000000000        0.0000000000000000        0.0000000000000000        0.0000000000000000        0.0000000000000000        0.0000000000000000        0.0000000000000000        0.0000000000000000        0.0000000000000000        0.0000000000000000        0.0000000000000000        0.0000000000000000        0.0000000000000000     
   1.0140992605911898        422743969608.14001        25758181.585852493        874207400973.04968        2720780.8181169564        2.7507067145321824       0.64284439635770951        116905649.54476362        519899.98230396525        1.0369942666305589        209550.35596786908        12.669389646906584        5.9082598851647580E-005   34610501.504300259        3525.0829385759171        1.2689598069926878E-002   0.0000000000000000        0.0000000000000000        0.0000000000000000        0.0000000000000000        0.0000000000000000        0.0000000000000000        0.0000000000000000        0.0000000000000000        0.0000000000000000        0.0000000000000000        0.0000000000000000        0.0000000000000000        0.0000000000000000        0.0000000000000000        0.0000000000000000        0.0000000000000000        0.0000000000000000        0.0000000000000000     
   1.0143734718277342        407496738987.00024        25394508.821126156        842281358472.75110        2790895.9936547452        2.9102667312560651       0.69641001820293713        112684325.80661261        506159.00877012586        1.0383939640051045        201992.25773097959        12.676823008492018        6.1594562152872016E-005   33362213.674414236        3424.9610926540781        1.2821143985285468E-002   0.0000000000000000        0.0000000000000000        0.0000000000000000        0.0000000000000000        0.0000000000000000        0.0000000000000000        0.0000000000000000        0.0000000000000000        0.0000000000000000        0.0000000000000000        0.0000000000000000        0.0000000000000000        0.0000000000000000        0.0000000000000000        0.0000000000000000        0.0000000000000000        0.0000000000000000        0.0000000000000000     
   1.0146525046060662        392688449855.29877        25029692.802228000        811275551123.34717        2861735.7639402705        3.0782677635443876       0.75450935758936177        108584618.38946013        492718.70230938209        1.0396881820631814        194651.73959925669        12.682801775258856        6.4221115747005670E-005   32149863.213815998        3325.4565783000039        1.2948317646702181E-002   0.0000000000000000        0.0000000000000000        0.0000000000000000        0.0000000000000000        0.0000000000000000        0.0000000000000000        0.0000000000000000        0.0000000000000000        0.0000000000000000        0.0000000000000000        0.0000000000000000        0.0000000000000000        0.0000000000000000        0.0000000000000000        0.0000000000000000        0.0000000000000000        0.0000000000000000        0.0000000000000000     
   1.0149364437048605        378325059070.04413        24664613.084037151        781202115829.53113        2933209.9934791382        3.2550310974284997       0.81748079596289303        104608183.92028436        479577.21500896744        1.0408796180620814        187531.75480816010        12.687285138350530        6.6964795001391966E-005   30973937.567606587        3226.9105248582755        1.3071409131268101E-002   0.0000000000000000        0.0000000000000000        0.0000000000000000        0.0000000000000000        0.0000000000000000        0.0000000000000000        0.0000000000000000        0.0000000000000000        0.0000000000000000        0.0000000000000000        0.0000000000000000        0.0000000000000000        0.0000000000000000        0.0000000000000000        0.0000000000000000        0.0000000000000000        0.0000000000000000        0.0000000000000000     
   1.0152253753934819        364401167383.89050        24299774.982515089        752049692309.44666        3005219.5168095701        3.4409031502308181       0.88570772497734540        100753525.73259255        466731.69668620464        1.0419715266189273        180629.62728015386        12.690244370881658        6.9829966180453933E-005   29833994.584594321        3129.4552473125250        1.3190318142122407E-002   0.0000000000000000        0.0000000000000000        0.0000000000000000        0.0000000000000000        0.0000000000000000        0.0000000000000000        0.0000000000000000        0.0000000000000000        0.0000000000000000        0.0000000000000000        0.0000000000000000        0.0000000000000000        0.0000000000000000        0.0000000000000000        0.0000000000000000        0.0000000000000000        0.0000000000000000        0.0000000000000000     
   1.0155193874581958        350917423901.08484        23935918.069812316        723819380539.66321        3077650.5905320044        3.6361878365555413       0.95957058039768661        97020827.160126612        454179.30965015187        1.0429684359751183        173945.67916441214        12.691651840120795        7.2819580918096920E-005   28730087.207280453        3033.3538303394034        1.3305326364362257E-002   0.0000000000000000        0.0000000000000000        0.0000000000000000        0.0000000000000000        0.0000000000000000        0.0000000000000000        0.0000000000000000        0.0000000000000000        0.0000000000000000        0.0000000000000000        0.0000000000000000        0.0000000000000000        0.0000000000000000        0.0000000000000000        0.0000000000000000        0.0000000000000000        0.0000000000000000        0.0000000000000000     
   1.0158185692288417        337866881694.41064        23573440.578706510        696496575323.24353        3150382.4913344029        3.8412079291121923        1.0394870186792231        93408162.383115590        441916.45453824825        1.0438977527346900        167476.46715041663        12.691488192659730        7.5937974466854920E-005   27661646.574246917        2938.7246549576821        1.3416433976460626E-002   0.0000000000000000        0.0000000000000000        0.0000000000000000        0.0000000000000000        0.0000000000000000        0.0000000000000000        0.0000000000000000        0.0000000000000000        0.0000000000000000        0.0000000000000000        0.0000000000000000        0.0000000000000000        0.0000000000000000        0.0000000000000000        0.0000000000000000        0.0000000000000000        0.0000000000000000        0.0000000000000000     
   1.0161230116059730        325223797632.22852        23211587.929723553        670027934212.99194        3223255.8629064620        4.0562866378652922        1.1259543085798684        89908385.541327551        429938.55065288395        1.0446467790747331        161209.23024010618        12.689746313420661        7.9194740193879877E-005   26626565.201057162        2845.2863850955714        1.3522585253345766E-002   0.0000000000000000        0.0000000000000000        0.0000000000000000        0.0000000000000000        0.0000000000000000        0.0000000000000000        0.0000000000000000        0.0000000000000000        0.0000000000000000        0.0000000000000000        0.0000000000000000        0.0000000000000000        0.0000000000000000        0.0000000000000000        0.0000000000000000        0.0000000000000000        0.0000000000000000        0.0000000000000000     
   1.0164328070884756        312985732770.60327        22850867.440376971        644408181061.24121        3296135.8799313479        4.2817336870799405        1.2194302737244880        86520822.578995124        418242.37056312372        1.0453833839781543        155142.75973918464        12.686410118637808        8.2593933610285056E-005   25624643.247501459        2753.2336443571398        1.3623918139653322E-002   0.0000000000000000        0.0000000000000000        0.0000000000000000        0.0000000000000000        0.0000000000000000        0.0000000000000000        0.0000000000000000        0.0000000000000000        0.0000000000000000        0.0000000000000000        0.0000000000000000        0.0000000000000000        0.0000000000000000        0.0000000000000000        0.0000000000000000        0.0000000000000000        0.0000000000000000        0.0000000000000000     
   1.0167480498016730        301158982014.54291        22492580.730577815        619649977236.87122        3368921.1217931444        4.5179075642936626        1.3203662723208029        83247225.449826583        406824.75075867813        1.0460460065412882        149280.17663232185        12.681466057169050        8.6136743262797260E-005   24656395.817251023        2662.9610318697401        1.3721336773818394E-002   0.0000000000000000        0.0000000000000000        0.0000000000000000        0.0000000000000000        0.0000000000000000        0.0000000000000000        0.0000000000000000        0.0000000000000000        0.0000000000000000        0.0000000000000000        0.0000000000000000        0.0000000000000000        0.0000000000000000        0.0000000000000000        0.0000000000000000        0.0000000000000000        0.0000000000000000        0.0000000000000000     
   1.0170688355259230        289726094214.59979        22136583.951626092        595717071473.75244        3441449.4965533074        4.7651466331555881        1.4293094334133063        80082751.874569207        395680.82181647682        1.0466407698670721        143612.83047779437        12.674911925123553        8.9831123160122604E-005   23720394.204419989        2574.3599029427301        1.3814329793034298E-002   0.0000000000000000        0.0000000000000000        0.0000000000000000        0.0000000000000000        0.0000000000000000        0.0000000000000000        0.0000000000000000        0.0000000000000000        0.0000000000000000        0.0000000000000000        0.0000000000000000        0.0000000000000000        0.0000000000000000        0.0000000000000000        0.0000000000000000        0.0000000000000000        0.0000000000000000        0.0000000000000000     
   1.0173952617257196        278650788810.42859        21781328.409238350        572534570527.18127        3513497.3763891472        5.0237723425101448        1.5469406206865550        77017330.068615153        384804.90454046155        1.0471669478470156        138122.73657240451        12.666746608834941        9.3693013380834173E-005   22813668.377041269        2486.8855628781685        1.3900835564633734E-002   0.0000000000000000        0.0000000000000000        0.0000000000000000        0.0000000000000000        0.0000000000000000        0.0000000000000000        0.0000000000000000        0.0000000000000000        0.0000000000000000        0.0000000000000000        0.0000000000000000        0.0000000000000000        0.0000000000000000        0.0000000000000000        0.0000000000000000        0.0000000000000000        0.0000000000000000        0.0000000000000000     
   1.0177274275793058        267952874200.98712        21428774.209557876        550142908541.31079        3584967.3440162572        5.2941001207073359        1.6736908475766221        74056464.461701378        374194.95531234628        1.0477157493946032        132819.71472901109        12.656968152702447        9.7719334388525364E-005   21937839.620944716        2401.2138548713465        1.3982758777491219E-002   0.0000000000000000        0.0000000000000000        0.0000000000000000        0.0000000000000000        0.0000000000000000        0.0000000000000000        0.0000000000000000        0.0000000000000000        0.0000000000000000        0.0000000000000000        0.0000000000000000        0.0000000000000000        0.0000000000000000        0.0000000000000000        0.0000000000000000        0.0000000000000000        0.0000000000000000        0.0000000000000000     
   1.0180654340088062        257621095033.83121        21079373.183234036        528518614915.22131        3655733.2981766020        5.5765786231152807        1.8101967067218019        71197033.636250645        363846.30970217363        1.0481401071216208        127698.18599256950        12.645581945142315        1.0191752459846545E-004   21091986.439446460        2317.3529934985245        1.4060016659457150E-002   0.0000000000000000        0.0000000000000000        0.0000000000000000        0.0000000000000000        0.0000000000000000        0.0000000000000000        0.0000000000000000        0.0000000000000000        0.0000000000000000        0.0000000000000000        0.0000000000000000        0.0000000000000000        0.0000000000000000        0.0000000000000000        0.0000000000000000        0.0000000000000000        0.0000000000000000        0.0000000000000000     
   1.0184093837108903        247656985328.95563        20734061.836751673        507664448737.84277        3725646.9029806699        5.8714978188880265        1.9569585395163454        68439467.877538547        353755.02108581510        1.0485272502022891        122758.91121378411        12.632600955222468        1.0628937993925580E-004   20276234.212009840        2235.5971891700683        1.4133621605666242E-002   0.0000000000000000        0.0000000000000000        0.0000000000000000        0.0000000000000000        0.0000000000000000        0.0000000000000000        0.0000000000000000        0.0000000000000000        0.0000000000000000        0.0000000000000000        0.0000000000000000        0.0000000000000000        0.0000000000000000        0.0000000000000000        0.0000000000000000        0.0000000000000000        0.0000000000000000        0.0000000000000000     
   1.0187593811879756        238036682999.85196        20392237.531425979        487531080846.44354        3794523.2084331233        6.1792760199151591        2.1147070810437492        65777145.080823310        343915.26124539186        1.0488822113641489        117990.06187095577        12.618033605384584        1.1084823152978091E-004   19488629.478344463        2155.6628801710717        1.4202485727243433E-002   0.0000000000000000        0.0000000000000000        0.0000000000000000        0.0000000000000000        0.0000000000000000        0.0000000000000000        0.0000000000000000        0.0000000000000000        0.0000000000000000        0.0000000000000000        0.0000000000000000        0.0000000000000000        0.0000000000000000        0.0000000000000000        0.0000000000000000        0.0000000000000000        0.0000000000000000        0.0000000000000000     
   1.0191155327799786        228750073461.03513        20053952.309809063        468097420032.49597        3862184.7060223389        6.5002527308457285        2.2840693422919989        63207260.478929244        334322.45557197765        1.0492126405892541        113386.62426940785        12.601894328021412        1.1560248667107372E-004   18728344.105837725        2077.5611118980109        1.4266577015613317E-002   0.0000000000000000        0.0000000000000000        0.0000000000000000        0.0000000000000000        0.0000000000000000        0.0000000000000000        0.0000000000000000        0.0000000000000000        0.0000000000000000        0.0000000000000000        0.0000000000000000        0.0000000000000000        0.0000000000000000        0.0000000000000000        0.0000000000000000        0.0000000000000000        0.0000000000000000        0.0000000000000000     
   1.0194779466966231        219796864493.17078        19720202.859006029        449362469299.08002        3928538.7355915043        6.8349158141639581        2.4656203381748720        60729737.160891429        324972.62706112204        1.0495303329635715        108948.45402863517        12.584207263257477        1.2055537619433423E-004   17995354.015076630        2001.5276106476742        1.4326894959547405E-002   0.0000000000000000        0.0000000000000000        0.0000000000000000        0.0000000000000000        0.0000000000000000        0.0000000000000000        0.0000000000000000        0.0000000000000000        0.0000000000000000        0.0000000000000000        0.0000000000000000        0.0000000000000000        0.0000000000000000        0.0000000000000000        0.0000000000000000        0.0000000000000000        0.0000000000000000        0.0000000000000000     
   1.0198467330503187        211164346561.71378        19391121.354394861        431299805341.78485        3993439.3650387186        7.1837541067319339        2.6600383929266638        58341050.149601027        315860.67846707121        1.0498434820712641        104669.25119661419        12.564991775543291        1.2571681905303701E-004   17288618.683623090        1927.5098567578036        1.4383325975143232E-002   0.0000000000000000        0.0000000000000000        0.0000000000000000        0.0000000000000000        0.0000000000000000        0.0000000000000000        0.0000000000000000        0.0000000000000000        0.0000000000000000        0.0000000000000000        0.0000000000000000        0.0000000000000000        0.0000000000000000        0.0000000000000000        0.0000000000000000        0.0000000000000000        0.0000000000000000        0.0000000000000000     
   1.0202220038896155        202832952179.87646        19066143.299568094        413869046084.83057        4056688.4066350367        7.5472211898033983        2.8680888296226588        56035769.834665835        306981.13567460660        1.0501580885283637        100539.31606047734        12.544259534339240        1.3110252200839324E-004   16606536.215527061        1855.2809361954933        1.4434894768908199E-002   0.0000000000000000        0.0000000000000000        0.0000000000000000        0.0000000000000000        0.0000000000000000        0.0000000000000000        0.0000000000000000        0.0000000000000000        0.0000000000000000        0.0000000000000000        0.0000000000000000        0.0000000000000000        0.0000000000000000        0.0000000000000000        0.0000000000000000        0.0000000000000000        0.0000000000000000        0.0000000000000000     
   1.0206038732332485        194794388877.42755        18745489.497489270        397052890581.97296        4118147.7843646109        7.9258342368310135        3.0904185927979460        53811597.363517873        298329.65427426237        1.0504838696904826        96554.538206766534        12.522033001443061        1.3672265975128240E-004   15948427.663657162        1784.8648605818287        1.4481724684784009E-002   0.0000000000000000        0.0000000000000000        0.0000000000000000        0.0000000000000000        0.0000000000000000        0.0000000000000000        0.0000000000000000        0.0000000000000000        0.0000000000000000        0.0000000000000000        0.0000000000000000        0.0000000000000000        0.0000000000000000        0.0000000000000000        0.0000000000000000        0.0000000000000000        0.0000000000000000        0.0000000000000000     
   1.0209924571047797        187040627947.99524        18429524.666983116        380834583142.21112        4177709.5918946257        8.3202187572194077        3.3276984956752416        51666307.168300517        289901.90631734737        1.0508310485908305        92710.938036144638        12.498337152000449        1.4258784020511889E-004   15313635.687291978        1716.2865286335950        1.4523995387019744E-002   0.0000000000000000        0.0000000000000000        0.0000000000000000        0.0000000000000000        0.0000000000000000        0.0000000000000000        0.0000000000000000        0.0000000000000000        0.0000000000000000        0.0000000000000000        0.0000000000000000        0.0000000000000000        0.0000000000000000        0.0000000000000000        0.0000000000000000        0.0000000000000000        0.0000000000000000        0.0000000000000000     
   1.0213878735678497        179570229952.83881        18119105.126896046        365210775453.97516        4235305.2191094747        8.7310304835385377        3.5804157980233398        49599503.492229171        281694.07802444103        1.0512125783749220        89007.802417408137        12.473211244812843        1.4870363424194968E-004   14702042.324623851        1649.7246440533074        1.4562803892302500E-002   0.0000000000000000        0.0000000000000000        0.0000000000000000        0.0000000000000000        0.0000000000000000        0.0000000000000000        0.0000000000000000        0.0000000000000000        0.0000000000000000        0.0000000000000000        0.0000000000000000        0.0000000000000000        0.0000000000000000        0.0000000000000000        0.0000000000000000        0.0000000000000000        0.0000000000000000        0.0000000000000000     
   1.0217902427620484        172370667365.37033        17814232.150225986        350155538260.94568        4290817.3135470832        9.1589901980059611        3.8492327591928683        47607711.688374430        273701.25886239082        1.0516380414855817        85438.921549520543        12.446678417134249        1.5508483016400752E-004   14112621.981069673        1585.0899109341754        1.4597919055658614E-002   0.0000000000000000        0.0000000000000000        0.0000000000000000        0.0000000000000000        0.0000000000000000        0.0000000000000000        0.0000000000000000        0.0000000000000000        0.0000000000000000        0.0000000000000000        0.0000000000000000        0.0000000000000000        0.0000000000000000        0.0000000000000000        0.0000000000000000        0.0000000000000000        0.0000000000000000        0.0000000000000000     
   1.0221996869394185        165435198760.31113        17515202.983081058        335654733370.89972        4344154.3818198992        9.6048270786329137        4.1346017166646947        45689063.655802093        265919.18137261190        1.0521192921447708        82000.953883435286        12.418773181691224        1.6174233437143371E-004   13544822.690011989        1522.4229928892332        1.4629854571984824E-002   0.0000000000000000        0.0000000000000000        0.0000000000000000        0.0000000000000000        0.0000000000000000        0.0000000000000000        0.0000000000000000        0.0000000000000000        0.0000000000000000        0.0000000000000000        0.0000000000000000        0.0000000000000000        0.0000000000000000        0.0000000000000000        0.0000000000000000        0.0000000000000000        0.0000000000000000        0.0000000000000000     
   1.0226163305015978        158755731329.51501        17222305.846012570        321691480864.05896        4395261.7783318236        10.069451214754196        4.4370107683264406        43841316.053789325        258343.46476391246        1.0526680924777658        78689.887998072329        12.389529679181885        1.6868895256351535E-004   12997981.879007427        1461.7259511910725        1.4658980026016590E-002   0.0000000000000000        0.0000000000000000        0.0000000000000000        0.0000000000000000        0.0000000000000000        0.0000000000000000        0.0000000000000000        0.0000000000000000        0.0000000000000000        0.0000000000000000        0.0000000000000000        0.0000000000000000        0.0000000000000000        0.0000000000000000        0.0000000000000000        0.0000000000000000        0.0000000000000000        0.0000000000000000     
   1.0230403000376176        152331133609.18930        16936411.805730671        308262998640.94879        4444154.5815516729        10.553903357033391        4.7565777250966059        42064158.604888618        250970.36097324421        1.0532990421360162        75505.163415545627        12.359001482154714        1.7593014537438099E-004   12472006.814881749        1403.1653336796103        1.4686828694581619E-002   0.0000000000000000        0.0000000000000000        0.0000000000000000        0.0000000000000000        0.0000000000000000        0.0000000000000000        0.0000000000000000        0.0000000000000000        0.0000000000000000        0.0000000000000000        0.0000000000000000        0.0000000000000000        0.0000000000000000        0.0000000000000000        0.0000000000000000        0.0000000000000000        0.0000000000000000        0.0000000000000000     
   1.0234717243623628        146141419792.82889        16656745.272547830        295328338705.54907        4490700.0153239975        11.059240597442535        5.0939917595314217        40352045.667236663        243794.17917541633        1.0540204344685420        72436.872971790450        12.327189612532397        1.8349374274791443E-004   11965261.404900461        1346.4440435522620        1.4711987284442028E-002   0.0000000000000000        0.0000000000000000        0.0000000000000000        0.0000000000000000        0.0000000000000000        0.0000000000000000        0.0000000000000000        0.0000000000000000        0.0000000000000000        0.0000000000000000        0.0000000000000000        0.0000000000000000        0.0000000000000000        0.0000000000000000        0.0000000000000000        0.0000000000000000        0.0000000000000000        0.0000000000000000     
   1.0239107345557117        140185430049.55807        16383930.022784758        282884697029.90723        4534914.1494236970        11.586611760022642        5.4490985530823570        38704658.667227283        236811.51973773193        1.0548474693181566        69484.442002910640        12.294149770171682        1.9138747924938253E-004   11477650.591834279        1291.7098984950360        1.4735966705266747E-002   0.0000000000000000        0.0000000000000000        0.0000000000000000        0.0000000000000000        0.0000000000000000        0.0000000000000000        0.0000000000000000        0.0000000000000000        0.0000000000000000        0.0000000000000000        0.0000000000000000        0.0000000000000000        0.0000000000000000        0.0000000000000000        0.0000000000000000        0.0000000000000000        0.0000000000000000        0.0000000000000000     
   1.0243574640023598        134450625540.18501        16117840.414259346        270906280278.13544        4576779.9861611947        12.137478971330838        5.8222076760336625        37118519.634087354        230017.61860790235        1.0557920042552698        66641.655044323197        12.259898167752748        1.9963439842671360E-004   11008147.887244975        1238.8308537184257        1.4758428887282722E-002   0.0000000000000000        0.0000000000000000        0.0000000000000000        0.0000000000000000        0.0000000000000000        0.0000000000000000        0.0000000000000000        0.0000000000000000        0.0000000000000000        0.0000000000000000        0.0000000000000000        0.0000000000000000        0.0000000000000000        0.0000000000000000        0.0000000000000000        0.0000000000000000        0.0000000000000000        0.0000000000000000     
   1.0248120484323486        128929786962.44867        15858578.155417960        259378077306.59412        4616293.8226919360        12.713255321827267        6.2131917833406307        35591627.367455751        223408.52168614193        1.0568685768082433        63904.933571258953        12.224468927096851        2.0825263447943009E-004   10556162.235615846        1187.7945614999639        1.4779880852622253E-002   0.0000000000000000        0.0000000000000000        0.0000000000000000        0.0000000000000000        0.0000000000000000        0.0000000000000000        0.0000000000000000        0.0000000000000000        0.0000000000000000        0.0000000000000000        0.0000000000000000        0.0000000000000000        0.0000000000000000        0.0000000000000000        0.0000000000000000        0.0000000000000000        0.0000000000000000        0.0000000000000000     
   1.0252746259623020        123618500067.50999        15606639.208260765        248290727765.18170        4653543.8262676904        13.315738173996383        6.6216349088938449        34122759.569161169        216980.59412669917        1.0580919270264548        61272.089682870843        12.187906595827094        2.1725682121472934E-004   10121332.212377822        1138.6521293969779        1.4801425790844876E-002   0.0000000000000000        0.0000000000000000        0.0000000000000000        0.0000000000000000        0.0000000000000000        0.0000000000000000        0.0000000000000000        0.0000000000000000        0.0000000000000000        0.0000000000000000        0.0000000000000000        0.0000000000000000        0.0000000000000000        0.0000000000000000        0.0000000000000000        0.0000000000000000        0.0000000000000000        0.0000000000000000     
   1.0257453371373932        118504203669.53410        15361635.677395921        237618518336.50580        4688504.2597353123        13.946690051382308        7.0474428993494049        32708431.808019403        210729.25259732633        1.0594766125423618        58736.896716848634        12.150218085613702        2.2667700038049099E-004   9702629.4992387611        1091.2502763278173        1.4822565093080570E-002   0.0000000000000000        0.0000000000000000        0.0000000000000000        0.0000000000000000        0.0000000000000000        0.0000000000000000        0.0000000000000000        0.0000000000000000        0.0000000000000000        0.0000000000000000        0.0000000000000000        0.0000000000000000        0.0000000000000000        0.0000000000000000        0.0000000000000000        0.0000000000000000        0.0000000000000000        0.0000000000000000     
   1.0262243249740435        113584145342.42421        15124028.220081309        227355468215.70026        4721287.8137497930        14.608171500211919        7.4896451054505633        31347882.925556578        204651.28896143861        1.0610392169678382        56297.990498793501        12.111454085449504        2.3652820059634992E-004   9299828.7028989941        1045.6667241020091        1.4844745728026056E-002   0.0000000000000000        0.0000000000000000        0.0000000000000000        0.0000000000000000        0.0000000000000000        0.0000000000000000        0.0000000000000000        0.0000000000000000        0.0000000000000000        0.0000000000000000        0.0000000000000000        0.0000000000000000        0.0000000000000000        0.0000000000000000        0.0000000000000000        0.0000000000000000        0.0000000000000000        0.0000000000000000     
   1.0267117350033776        108850282852.58324        14893887.414357619        217484989515.63968        4751982.8625908401        15.302530301938576        7.9475569839223557        30038883.131878793        198742.75837484637        1.0627960870056576        53951.384579710313        12.071638088465836        2.4683642829166440E-004   8912271.4307617247        1001.8466298506579        1.4868394435536678E-002   0.0000000000000000        0.0000000000000000        0.0000000000000000        0.0000000000000000        0.0000000000000000        0.0000000000000000        0.0000000000000000        0.0000000000000000        0.0000000000000000        0.0000000000000000        0.0000000000000000        0.0000000000000000        0.0000000000000000        0.0000000000000000        0.0000000000000000        0.0000000000000000        0.0000000000000000        0.0000000000000000     
   1.0272077153154391        104297602873.04134        14671434.607588496        207996576778.81549        4780706.0394819025        16.032268732672566        8.4198552781569465        28780043.493364498        193000.18943013076        1.0647644727515535        51694.593970724083        12.030809076165591        2.5762336399335061E-004   8539547.2253311072        959.80236896919337        1.4894621404159765E-002   0.0000000000000000        0.0000000000000000        0.0000000000000000        0.0000000000000000        0.0000000000000000        0.0000000000000000        0.0000000000000000        0.0000000000000000        0.0000000000000000        0.0000000000000000        0.0000000000000000        0.0000000000000000        0.0000000000000000        0.0000000000000000        0.0000000000000000        0.0000000000000000        0.0000000000000000        0.0000000000000000     
   1.0277124166041849        99917984646.180939        14456587.154260833        198873538925.65921        4807550.1464607315        16.800136978622902        8.9053853726077552        27569112.313130632        187419.69143219932        1.0669622445218279        49523.593228859398        11.988984938761844        2.6891969491192711E-004   8180991.2651962731        919.46625880079375        1.4923855414263923E-002   0.0000000000000000        0.0000000000000000        0.0000000000000000        0.0000000000000000        0.0000000000000000        0.0000000000000000        0.0000000000000000        0.0000000000000000        0.0000000000000000        0.0000000000000000        0.0000000000000000        0.0000000000000000        0.0000000000000000        0.0000000000000000        0.0000000000000000        0.0000000000000000        0.0000000000000000        0.0000000000000000     
   1.0282259922132708        95707083745.604050        14249586.477619460        190106737455.88080        4832678.1088597588        17.609221474864373        9.4022774699300680        26404886.262512106        181997.98271698735        1.0694079790492805        47436.228941292437        11.946206353319951        2.8074924458911887E-004   7836247.8555230955        880.85550343725106        1.4957442748836793E-002   0.0000000000000000        0.0000000000000000        0.0000000000000000        0.0000000000000000        0.0000000000000000        0.0000000000000000        0.0000000000000000        0.0000000000000000        0.0000000000000000        0.0000000000000000        0.0000000000000000        0.0000000000000000        0.0000000000000000        0.0000000000000000        0.0000000000000000        0.0000000000000000        0.0000000000000000        0.0000000000000000     
   1.0287485981826425        91657341317.472641        14050359.673102273        181680655515.27414        4856214.6702960059        18.462914194150809        9.9087875560262599        25285269.603526965        176731.28684021367        1.0721209859730565        45428.754202975368        11.902488589319736        2.9314635609258694E-004   7504698.1777498107        843.90591507131592        1.4995988551629117E-002   0.0000000000000000        0.0000000000000000        0.0000000000000000        0.0000000000000000        0.0000000000000000        0.0000000000000000        0.0000000000000000        0.0000000000000000        0.0000000000000000        0.0000000000000000        0.0000000000000000        0.0000000000000000        0.0000000000000000        0.0000000000000000        0.0000000000000000        0.0000000000000000        0.0000000000000000        0.0000000000000000     
   1.0292803932959442        87760751674.160355        13858587.707235876        173578946030.07587        4878237.8264669133        19.364598752805495        10.423160935555964        24208042.393538639        171615.85423123286        1.0751233449491380        43497.200503945474        11.857838465688651        3.0615095692749361E-004   7185686.8250119481        808.53719941322765        1.5039924592345674E-002   0.0000000000000000        0.0000000000000000        0.0000000000000000        0.0000000000000000        0.0000000000000000        0.0000000000000000        0.0000000000000000        0.0000000000000000        0.0000000000000000        0.0000000000000000        0.0000000000000000        0.0000000000000000        0.0000000000000000        0.0000000000000000        0.0000000000000000        0.0000000000000000        0.0000000000000000        0.0000000000000000     
   1.0298215391287624        84016703519.400375        13674890.228200939        165799916812.01715        4899040.2912627961        20.318551294177009        10.942349184757617        23173037.564632677        166649.13553669036        1.0784334745165551        41641.265070788395        11.812322652257579        3.1978181864415371E-004   6879163.7093357043        774.83853326116207        1.5091740687703494E-002   0.0000000000000000        0.0000000000000000        0.0000000000000000        0.0000000000000000        0.0000000000000000        0.0000000000000000        0.0000000000000000        0.0000000000000000        0.0000000000000000        0.0000000000000000        0.0000000000000000        0.0000000000000000        0.0000000000000000        0.0000000000000000        0.0000000000000000        0.0000000000000000        0.0000000000000000        0.0000000000000000     
   1.0303722000977185        80419208612.226761        13499356.324867921        158331217033.27368        4918814.7164096450        21.329313710381598        11.463913116698624        22178595.428905096        161827.59162706273        1.0820734232245679        39857.979609896509        11.765963480661162        3.3407577380754422E-004   6584638.5955822989        742.76858765088252        1.5152628457085551E-002   0.0000000000000000        0.0000000000000000        0.0000000000000000        0.0000000000000000        0.0000000000000000        0.0000000000000000        0.0000000000000000        0.0000000000000000        0.0000000000000000        0.0000000000000000        0.0000000000000000        0.0000000000000000        0.0000000000000000        0.0000000000000000        0.0000000000000000        0.0000000000000000        0.0000000000000000        0.0000000000000000     
   1.0309325435104217        76962110208.108246        13331805.392921945        151160197468.35257        4937697.0106779337        22.401464793379738        11.985131731631661        21223009.409315839        157147.69523268146        1.0860659829303905        38144.292172653702        11.718778950077304        3.4907389352522157E-004   6301607.4393901927        712.27704335539420        1.5223750707833116E-002   0.0000000000000000        0.0000000000000000        0.0000000000000000        0.0000000000000000        0.0000000000000000        0.0000000000000000        0.0000000000000000        0.0000000000000000        0.0000000000000000        0.0000000000000000        0.0000000000000000        0.0000000000000000        0.0000000000000000        0.0000000000000000        0.0000000000000000        0.0000000000000000        0.0000000000000000        0.0000000000000000     
   1.0315027396163037        73640715520.532028        13172262.340440376        144277116264.86230        4955888.8858793220        23.540291368568454        12.502909237681891        20304979.340844072        152606.18284486912        1.0904338359109251        36497.876571768647        11.670797994062550        3.6481477656701738E-004   6029686.0447184825        683.34280136833058        1.5306751631187084E-002   0.0000000000000000        0.0000000000000000        0.0000000000000000        0.0000000000000000        0.0000000000000000        0.0000000000000000        0.0000000000000000        0.0000000000000000        0.0000000000000000        0.0000000000000000        0.0000000000000000        0.0000000000000000        0.0000000000000000        0.0000000000000000        0.0000000000000000        0.0000000000000000        0.0000000000000000        0.0000000000000000     
   1.0320829616583445        70449058533.795410        13020514.877462050        137669757421.88437        4973531.7209841534        24.751142320582151        13.014756567389929        19422851.576784927        148199.56355501356        1.0952027203324488        34915.775390276765        11.622033755786527        3.8134603429399100E-004   5768385.9849280100        655.91103812843164        1.5402944180250766E-002   0.0000000000000000        0.0000000000000000        0.0000000000000000        0.0000000000000000        0.0000000000000000        0.0000000000000000        0.0000000000000000        0.0000000000000000        0.0000000000000000        0.0000000000000000        0.0000000000000000        0.0000000000000000        0.0000000000000000        0.0000000000000000        0.0000000000000000        0.0000000000000000        0.0000000000000000        0.0000000000000000     
   1.0326733859257105        67386879633.335625        12877154.890750136        131337064405.09618        4990979.1414358784        26.040617414938648        13.516571693468611        18576556.601027556        143925.40913568874        1.1003914061294080        33397.860151995708        11.572567261790065        3.9868978857388867E-004   5517685.9840036333        630.05043395906011        1.5515568810096639E-002   0.0000000000000000        0.0000000000000000        0.0000000000000000        0.0000000000000000        0.0000000000000000        0.0000000000000000        0.0000000000000000        0.0000000000000000        0.0000000000000000        0.0000000000000000        0.0000000000000000        0.0000000000000000        0.0000000000000000        0.0000000000000000        0.0000000000000000        0.0000000000000000        0.0000000000000000        0.0000000000000000     
   1.0332741918073143        64449257862.841812        12742275.007523514        125268835636.63306        5008459.0527758850        27.415689686916782        14.005422296169431        17764731.085431401        139780.26316449014        1.1060244092571521        31941.691602102524        11.522426890128147        4.1689081691866602E-004   5277183.1897542896        605.72031401073571        1.5646577245176842E-002   0.0000000000000000        0.0000000000000000        0.0000000000000000        0.0000000000000000        0.0000000000000000        0.0000000000000000        0.0000000000000000        0.0000000000000000        0.0000000000000000        0.0000000000000000        0.0000000000000000        0.0000000000000000        0.0000000000000000        0.0000000000000000        0.0000000000000000        0.0000000000000000        0.0000000000000000        0.0000000000000000     
   1.0338855618463210        61629989926.102303        12615461.437089857        119452407143.44052        5026064.6391889406        28.883028767555082        14.478808450540178        16985655.631513763        135760.42517291920        1.1121302258304899        30544.194610719202        11.471621063080246        4.3600565319232125E-004   5046369.7504928680        582.84720049157011        1.5797535358348942E-002   0.0000000000000000        0.0000000000000000        0.0000000000000000        0.0000000000000000        0.0000000000000000        0.0000000000000000        0.0000000000000000        0.0000000000000000        0.0000000000000000        0.0000000000000000        0.0000000000000000        0.0000000000000000        0.0000000000000000        0.0000000000000000        0.0000000000000000        0.0000000000000000        0.0000000000000000        0.0000000000000000     
   1.0345076817956087        58926187445.796486        12496806.967623916        113881575462.45732        5044039.8733843612        30.450559120466945        14.933517196285429        16238531.009139838        131862.89564549067        1.1187308688818260        29203.937430058402        11.420201724181389        4.5607485341206958E-004   4825009.1953551825        561.42533154792693        1.5971200919316704E-002   0.0000000000000000        0.0000000000000000        0.0000000000000000        0.0000000000000000        0.0000000000000000        0.0000000000000000        0.0000000000000000        0.0000000000000000        0.0000000000000000        0.0000000000000000        0.0000000000000000        0.0000000000000000        0.0000000000000000        0.0000000000000000        0.0000000000000000        0.0000000000000000        0.0000000000000000        0.0000000000000000     
   1.0351407406742059        56333944797.058792        12386330.187023614        108548154486.34294        5062594.9209494404        32.126723453753065        15.367206014924633        15522275.698222302        128084.40088131836        1.1258435599254009        27918.984048757640        11.368207449468821        4.7714685485512599E-004   4612781.7876697946        541.42212422022703        1.6170118059437820E-002   0.0000000000000000        0.0000000000000000        0.0000000000000000        0.0000000000000000        0.0000000000000000        0.0000000000000000        0.0000000000000000        0.0000000000000000        0.0000000000000000        0.0000000000000000        0.0000000000000000        0.0000000000000000        0.0000000000000000        0.0000000000000000        0.0000000000000000        0.0000000000000000        0.0000000000000000        0.0000000000000000     
   1.0357849308247222        53850305406.424713        12284094.027198926        103445782797.99326        5081948.4768767646        33.920475368273408        15.777499230604617        14836071.602014203        124421.85801418297        1.1334786175090068        26687.868896469427        11.315693745540631        4.9926508023942549E-004   4409445.4823304778        522.82009420121994        1.6397283904815523E-002   0.0000000000000000        0.0000000000000000        0.0000000000000000        0.0000000000000000        0.0000000000000000        0.0000000000000000        0.0000000000000000        0.0000000000000000        0.0000000000000000        0.0000000000000000        0.0000000000000000        0.0000000000000000        0.0000000000000000        0.0000000000000000        0.0000000000000000        0.0000000000000000        0.0000000000000000        0.0000000000000000     
   1.0364404479717870        51473261653.323395        12190400.131294100        98569892508.078369        5102391.6254021889        35.842009835184790        16.161973509789735        14179364.087964024        120872.36070781128        1.1417156866497589        25509.596887443200        11.262736988863596        5.2246468991587729E-004   4214835.9342771629        505.61622351892584        1.6656193350090116E-002   0.0000000000000000        0.0000000000000000        0.0000000000000000        0.0000000000000000        0.0000000000000000        0.0000000000000000        0.0000000000000000        0.0000000000000000        0.0000000000000000        0.0000000000000000        0.0000000000000000        0.0000000000000000        0.0000000000000000        0.0000000000000000        0.0000000000000000        0.0000000000000000        0.0000000000000000        0.0000000000000000     
   1.0371074912815175        49199291383.796463        12105317.804939561        93912977902.528992        5124141.7663302273        37.902167497369327        16.518947506909285        13551178.215624485        117432.58004770744        1.1504181500358905        24382.422103562796        11.209390615075781        5.4679304546048353E-004   4028664.8139883261        489.77138961252967        1.6949922513162460E-002   0.0000000000000000        0.0000000000000000        0.0000000000000000        0.0000000000000000        0.0000000000000000        0.0000000000000000        0.0000000000000000        0.0000000000000000        0.0000000000000000        0.0000000000000000        0.0000000000000000        0.0000000000000000        0.0000000000000000        0.0000000000000000        0.0000000000000000        0.0000000000000000        0.0000000000000000        0.0000000000000000     
   1.0377862634220303        47023435042.961067        12028462.267679384        89464796685.414261        5147267.2499638423        40.111355587942597        16.848162261897897        12950140.052456820        114098.81043773225        1.1597127974208141        23303.885924048165        11.155679340976986        5.7231347477645618E-004   3850526.1012894744        475.21357713193783        1.7281095621536704E-002   0.0000000000000000        0.0000000000000000        0.0000000000000000        0.0000000000000000        0.0000000000000000        0.0000000000000000        0.0000000000000000        0.0000000000000000        0.0000000000000000        0.0000000000000000        0.0000000000000000        0.0000000000000000        0.0000000000000000        0.0000000000000000        0.0000000000000000        0.0000000000000000        0.0000000000000000        0.0000000000000000     
   1.0384769706250194        44943489669.810295        11959908.151722632        85220369928.123215        5171987.9319847487        42.481557782003009        17.148612583051378        12375640.704206591        110868.08787940553        1.1696033639651866        22272.896318741801        11.101682979653507        5.9906484486955112E-004   3680239.4570822865        461.92183466295597        1.7653430728960123E-002   0.0000000000000000        0.0000000000000000        0.0000000000000000        0.0000000000000000        0.0000000000000000        0.0000000000000000        0.0000000000000000        0.0000000000000000        0.0000000000000000        0.0000000000000000        0.0000000000000000        0.0000000000000000        0.0000000000000000        0.0000000000000000        0.0000000000000000        0.0000000000000000        0.0000000000000000        0.0000000000000000     
   1.0391798227484148        42957177639.487770        11899933.532099510        81174537082.317902        5198574.6925399108        45.026481397824895        17.419690826565951        11827050.645780606        107737.39762090545        1.1800864166580638        21288.324344792221        11.047484709108714        6.2708401043403848E-004   3517618.4515133444        449.86956307722591        1.8070737362265291E-002   0.0000000000000000        0.0000000000000000        0.0000000000000000        0.0000000000000000        0.0000000000000000        0.0000000000000000        0.0000000000000000        0.0000000000000000        0.0000000000000000        0.0000000000000000        0.0000000000000000        0.0000000000000000        0.0000000000000000        0.0000000000000000        0.0000000000000000        0.0000000000000000        0.0000000000000000        0.0000000000000000     
   1.0398950333401433        41060769599.643555        11848376.425954284        77319369808.051743        5227125.4542010240        47.758867165013939        17.662660921953915        11303337.423657024        104703.30947534213        1.1911611600207328        20348.321262546808        10.993138530674118        6.5642428710478858E-004   3362357.7908640248        438.99865177934271        1.8536357015320998E-002   0.0000000000000000        0.0000000000000000        0.0000000000000000        0.0000000000000000        0.0000000000000000        0.0000000000000000        0.0000000000000000        0.0000000000000000        0.0000000000000000        0.0000000000000000        0.0000000000000000        0.0000000000000000        0.0000000000000000        0.0000000000000000        0.0000000000000000        0.0000000000000000        0.0000000000000000        0.0000000000000000     
   1.0406228197030130        39252924338.523170        11805626.715425229        73651426051.626190        5257959.1255991245        50.694997802516319        17.876497606814041        10804131.317051820        101763.12697300667        1.2028143809941976        19452.222325544088        10.938757942855229        6.8710641270563371E-004   3214347.7118363134        429.29338021890823        1.9054606521521959E-002   0.0000000000000000        0.0000000000000000        0.0000000000000000        0.0000000000000000        0.0000000000000000        0.0000000000000000        0.0000000000000000        0.0000000000000000        0.0000000000000000        0.0000000000000000        0.0000000000000000        0.0000000000000000        0.0000000000000000        0.0000000000000000        0.0000000000000000        0.0000000000000000        0.0000000000000000        0.0000000000000000     
   1.0413634029607339        37528761663.960175        11771286.489720069        70160592279.551697        5291059.7440924682        53.848389161685645        18.064686100765197        10328080.525327306        98913.052191391849        1.2151818025991927        18597.608243961880        10.884369551845070        7.1919876882125264E-004   3073188.7031183522        420.66957142158299        1.9628554341906846E-002   0.0000000000000000        0.0000000000000000        0.0000000000000000        0.0000000000000000        0.0000000000000000        0.0000000000000000        0.0000000000000000        0.0000000000000000        0.0000000000000000        0.0000000000000000        0.0000000000000000        0.0000000000000000        0.0000000000000000        0.0000000000000000        0.0000000000000000        0.0000000000000000        0.0000000000000000        0.0000000000000000     
   1.0421170081251037        35887814855.361885        11745846.100827392        66845019755.645966        5326786.7293284638        57.237667905969921        18.226117188543544        9875057.8362360559        96150.800733904995        1.2280701072982572        17784.247766517674        10.830118641190069        7.5270229246099417E-004   2938842.5970293274        413.12257052547233        2.0262924602736737E-002   0.0000000000000000        0.0000000000000000        0.0000000000000000        0.0000000000000000        0.0000000000000000        0.0000000000000000        0.0000000000000000        0.0000000000000000        0.0000000000000000        0.0000000000000000        0.0000000000000000        0.0000000000000000        0.0000000000000000        0.0000000000000000        0.0000000000000000        0.0000000000000000        0.0000000000000000        0.0000000000000000     
   1.0428838641643727        34326007124.455540        11729256.563306762        63696080134.530029        5365225.1448550988        60.879738982654281        18.364454114619374        9443934.3896396141        93472.878992773156        1.2415394447944406        17010.119993846143        10.776054178801227        7.8767039041400383E-004   2810975.6763597629        406.58089428203459        2.0961205387527788E-002   0.0000000000000000        0.0000000000000000        0.0000000000000000        0.0000000000000000        0.0000000000000000        0.0000000000000000        0.0000000000000000        0.0000000000000000        0.0000000000000000        0.0000000000000000        0.0000000000000000        0.0000000000000000        0.0000000000000000        0.0000000000000000        0.0000000000000000        0.0000000000000000        0.0000000000000000        0.0000000000000000     
   1.0436642040728119        32841179707.606350        11721661.107427487        60708723375.681198        5406591.7360027367        64.794803568289495        18.479926628287057        9034113.3491458818        90876.560137508321        1.2555683583414192        16274.154813714629        10.722280302956840        8.2412194690306305E-004   2689411.2427511564        401.00710155647903        2.1727616372524204E-002   0.0000000000000000        0.0000000000000000        0.0000000000000000        0.0000000000000000        0.0000000000000000        0.0000000000000000        0.0000000000000000        0.0000000000000000        0.0000000000000000        0.0000000000000000        0.0000000000000000        0.0000000000000000        0.0000000000000000        0.0000000000000000        0.0000000000000000        0.0000000000000000        0.0000000000000000        0.0000000000000000     
   1.0444582649415024        31428658706.787041        11722614.424001139        57873252074.537880        5450818.3449574457        68.999896983306741        18.577191485179558        8644300.0208504740        88358.225319271849        1.2701320043894861        15574.035175032901        10.668819480772655        8.6212536701476617E-004   2573766.6687891837        396.31945000755456        2.2565531215300940E-002   0.0000000000000000        0.0000000000000000        0.0000000000000000        0.0000000000000000        0.0000000000000000        0.0000000000000000        0.0000000000000000        0.0000000000000000        0.0000000000000000        0.0000000000000000        0.0000000000000000        0.0000000000000000        0.0000000000000000        0.0000000000000000        0.0000000000000000        0.0000000000000000        0.0000000000000000        0.0000000000000000     
   1.0452662880303729        30087370688.465492        11732470.150824182        55186631589.214828        5498193.7733103167        73.517688546132902        18.656518998875054        8274198.4431212107        85915.785007679995        1.2852574913355199        14909.229023766033        10.615810023934644        9.0167191848353580E-004   2463954.1147731100        392.49984079031907        2.3479650210274254E-002   0.0000000000000000        0.0000000000000000        0.0000000000000000        0.0000000000000000        0.0000000000000000        0.0000000000000000        0.0000000000000000        0.0000000000000000        0.0000000000000000        0.0000000000000000        0.0000000000000000        0.0000000000000000        0.0000000000000000        0.0000000000000000        0.0000000000000000        0.0000000000000000        0.0000000000000000        0.0000000000000000     
   1.0460885188414997        28814465766.209549        11751541.875338446        52642532703.885429        5548920.3852759572        78.371789751737964        18.720906463633764        7923019.8701024409        83546.507804815948        1.3008569591014252        14278.323772906349        10.563332138230246        9.4278453741511383E-004   2359740.3212130358        389.50063343541984        2.4474129535898559E-002   0.0000000000000000        0.0000000000000000        0.0000000000000000        0.0000000000000000        0.0000000000000000        0.0000000000000000        0.0000000000000000        0.0000000000000000        0.0000000000000000        0.0000000000000000        0.0000000000000000        0.0000000000000000        0.0000000000000000        0.0000000000000000        0.0000000000000000        0.0000000000000000        0.0000000000000000        0.0000000000000000     
   1.0469252071936992        27606919595.777256        11779774.342784138        50234324566.256744        5603078.1716947509        83.585314515529660        18.772657993204408        7589926.9670673208        81247.692490848713        1.3169126406470568        13679.820184591264        10.511456934737808        9.8548881186563014E-004   2260877.7162265661        387.27274903563870        2.5553179688348592E-002   0.0000000000000000        0.0000000000000000        0.0000000000000000        0.0000000000000000        0.0000000000000000        0.0000000000000000        0.0000000000000000        0.0000000000000000        0.0000000000000000        0.0000000000000000        0.0000000000000000        0.0000000000000000        0.0000000000000000        0.0000000000000000        0.0000000000000000        0.0000000000000000        0.0000000000000000        0.0000000000000000     
   1.0477766072984305        26461843026.646645        11817222.553285783        47955649070.954010        5660796.9222156033        89.184069692759564        18.813953246437272        7274119.8218021579        79016.796423893800        1.3333975801754021        13112.286090244308        10.460255166102234        1.0298057433718118E-003   2167129.8015853143        385.77138905449800        2.6721178756382413E-002   0.0000000000000000        0.0000000000000000        0.0000000000000000        0.0000000000000000        0.0000000000000000        0.0000000000000000        0.0000000000000000        0.0000000000000000        0.0000000000000000        0.0000000000000000        0.0000000000000000        0.0000000000000000        0.0000000000000000        0.0000000000000000        0.0000000000000000        0.0000000000000000        0.0000000000000000        0.0000000000000000     
   1.0486429778370316        25375831297.784286        11863713.960628260        45799249223.191864        5722102.9140169267        95.193523001118081        18.847649821941815        6974655.4034059141        76851.120060198344        1.3503175876899247        12574.033652872173        10.409769853255318        1.0757731203510253E-003   2078217.8519817004        384.94489198018573        2.7982521010116748E-002   0.0000000000000000        0.0000000000000000        0.0000000000000000        0.0000000000000000        0.0000000000000000        0.0000000000000000        0.0000000000000000        0.0000000000000000        0.0000000000000000        0.0000000000000000        0.0000000000000000        0.0000000000000000        0.0000000000000000        0.0000000000000000        0.0000000000000000        0.0000000000000000        0.0000000000000000        0.0000000000000000     
   1.0495245820393153        24346096594.906445        11919176.268079260        43759029765.351715        5787065.7114011217        101.64070294594582        18.876031298595077        6690761.6693160702        74748.362280488334        1.3675566038864826        12063.680882601846        10.360061376762372        1.1234122627315694E-003   1993913.6500089555        384.75406075021806        2.9341923903544242E-002   0.0000000000000000        0.0000000000000000        0.0000000000000000        0.0000000000000000        0.0000000000000000        0.0000000000000000        0.0000000000000000        0.0000000000000000        0.0000000000000000        0.0000000000000000        0.0000000000000000        0.0000000000000000        0.0000000000000000        0.0000000000000000        0.0000000000000000        0.0000000000000000        0.0000000000000000        0.0000000000000000     
   1.0504216877635462        23370348666.003624        11983858.503079554        41829821086.790688        5855875.0662388699        108.55699912745078        18.900707374701877        6421804.5070990641        72706.580272510982        1.3852144446227375        11580.092569982364        10.311205988127464        1.1727246557059737E-003   1914029.7313043077        385.17058521154291        3.0804531975946250E-002   0.0000000000000000        0.0000000000000000        0.0000000000000000        0.0000000000000000        0.0000000000000000        0.0000000000000000        0.0000000000000000        0.0000000000000000        0.0000000000000000        0.0000000000000000        0.0000000000000000        0.0000000000000000        0.0000000000000000        0.0000000000000000        0.0000000000000000        0.0000000000000000        0.0000000000000000        0.0000000000000000     
   1.0513345675778252        22445578127.914455        12057785.207384877        40005199223.529549        5928612.1034966381        115.97442149009751        18.923801415727898        6166950.3178525995        70723.514821298450        1.4030922988567607        11121.776967584592        10.263239984189820        1.2237398305743458E-003   1838319.7447740168        386.15605996041461        3.2375470762068308E-002   0.0000000000000000        0.0000000000000000        0.0000000000000000        0.0000000000000000        0.0000000000000000        0.0000000000000000        0.0000000000000000        0.0000000000000000        0.0000000000000000        0.0000000000000000        0.0000000000000000        0.0000000000000000        0.0000000000000000        0.0000000000000000        0.0000000000000000        0.0000000000000000        0.0000000000000000        0.0000000000000000     
   1.0522634988429025        21568446082.524998        12140606.793559447        38278215861.265900        6005210.9111508848        123.92305841371672        18.947792913377327        5925274.0171738435        68796.764278223272        1.4212509205978132        10687.078832758196        10.216171909097177        1.2765085424439953E-003   1766510.3342235761        387.66770251971263        3.4060213076703004E-002   0.0000000000000000        0.0000000000000000        0.0000000000000000        0.0000000000000000        0.0000000000000000        0.0000000000000000        0.0000000000000000        0.0000000000000000        0.0000000000000000        0.0000000000000000        0.0000000000000000        0.0000000000000000        0.0000000000000000        0.0000000000000000        0.0000000000000000        0.0000000000000000        0.0000000000000000        0.0000000000000000     
   1.0532087637964487        20736300837.590004        12232184.839952262        36643212549.582993        6085714.4594516102        132.43729316431342        18.974086352816919        5696041.0040550996        66924.375810701735        1.4396678440327031        10274.683648026226        10.170031391360112        1.3310604744652813E-003   1698384.4122821137        389.67577791631624        3.5864690332628776E-002   0.0000000000000000        0.0000000000000000        0.0000000000000000        0.0000000000000000        0.0000000000000000        0.0000000000000000        0.0000000000000000        0.0000000000000000        0.0000000000000000        0.0000000000000000        0.0000000000000000        0.0000000000000000        0.0000000000000000        0.0000000000000000        0.0000000000000000        0.0000000000000000        0.0000000000000000        0.0000000000000000     
   1.0541706496388081        19946367256.457687        12332348.257258106        35094370234.055893        6170119.3747554701        141.55133997488167        19.004875769093598        5478482.4272656161        65104.350680598829        1.4583241975022452        9883.2157071987076        10.124830320304483        1.3874388512798109E-003   1633714.7831456338        392.14936993423004        3.7795209814560790E-002   0.0000000000000000        0.0000000000000000        0.0000000000000000        0.0000000000000000        0.0000000000000000        0.0000000000000000        0.0000000000000000        0.0000000000000000        0.0000000000000000        0.0000000000000000        0.0000000000000000        0.0000000000000000        0.0000000000000000        0.0000000000000000        0.0000000000000000        0.0000000000000000        0.0000000000000000        0.0000000000000000     
   1.0551494486202586        19196539807.249790        12441174.138403093        33627105535.290321        6258537.9865065990        151.30458634147436        19.041010825172492        5272015.0204930427        63335.158895972338        1.4771893561059293        9511.6313184255287        10.080606159418789        1.4456584413406269E-003   1572329.0818884110        395.07050640862616        3.9858588631614691E-002   0.0000000000000000        0.0000000000000000        0.0000000000000000        0.0000000000000000        0.0000000000000000        0.0000000000000000        0.0000000000000000        0.0000000000000000        0.0000000000000000        0.0000000000000000        0.0000000000000000        0.0000000000000000        0.0000000000000000        0.0000000000000000        0.0000000000000000        0.0000000000000000        0.0000000000000000        0.0000000000000000     
   1.0561454581298053        18484171529.794094        12558602.752829617        32235936708.134853        6351008.6224711332        161.73871369635680        19.083830928358140        5075905.4541933397        61614.912356355962        1.4962490502588779        9158.6183826000288        10.037354795376094        1.5057712788383473E-003   1514010.6123507244        398.41211837003340        4.2062077091932625E-002   0.0000000000000000        0.0000000000000000        0.0000000000000000        0.0000000000000000        0.0000000000000000        0.0000000000000000        0.0000000000000000        0.0000000000000000        0.0000000000000000        0.0000000000000000        0.0000000000000000        0.0000000000000000        0.0000000000000000        0.0000000000000000        0.0000000000000000        0.0000000000000000        0.0000000000000000        0.0000000000000000     
   1.0571589807855371        17806145730.435879        12683926.105061403        30914640404.349625        6447287.8217960214        172.88655346592455        19.135905566332575        4889290.1063062018        59941.365520881569        1.5155150078181356        8822.6316793970454        9.9950294243985986        1.5678771864765472E-003   1458504.1759307929        402.13734527953943        4.4413450284425483E-002   0.0000000000000000        0.0000000000000000        0.0000000000000000        0.0000000000000000        0.0000000000000000        0.0000000000000000        0.0000000000000000        0.0000000000000000        0.0000000000000000        0.0000000000000000        0.0000000000000000        0.0000000000000000        0.0000000000000000        0.0000000000000000        0.0000000000000000        0.0000000000000000        0.0000000000000000        0.0000000000000000     
   1.0581903245265716        17160799920.690767        12817129.327267526        29659594451.139812        6547487.3159100730        184.79479032947847        19.196940088070878        4711708.4026457882        58313.327357070193        1.5349498534203825        8502.8470947645947        9.9536566163918199        1.6319955733043240E-003   1405673.6663159097        406.23599246229310        4.6921028787375967E-002   0.0000000000000000        0.0000000000000000        0.0000000000000000        0.0000000000000000        0.0000000000000000        0.0000000000000000        0.0000000000000000        0.0000000000000000        0.0000000000000000        0.0000000000000000        0.0000000000000000        0.0000000000000000        0.0000000000000000        0.0000000000000000        0.0000000000000000        0.0000000000000000        0.0000000000000000        0.0000000000000000     
   1.0592398027066159        16545670337.057077        12957962.022666922        28465840252.820229        6651533.3492352888        197.50498400165071        19.269222404185363        4542477.7741960976        56728.979654104776        1.5545842648904207        8198.0432746530205        9.9132015424331250        1.6982128318333599E-003   1355317.3698584293        410.68198779853486        4.9593781983088371E-002   0.0000000000000000        0.0000000000000000        0.0000000000000000        0.0000000000000000        0.0000000000000000        0.0000000000000000        0.0000000000000000        0.0000000000000000        0.0000000000000000        0.0000000000000000        0.0000000000000000        0.0000000000000000        0.0000000000000000        0.0000000000000000        0.0000000000000000        0.0000000000000000        0.0000000000000000        0.0000000000000000     
   1.0603077341891731        15958975149.919664        13106234.788633289        27329658664.972591        6759432.2043144759        211.06493012595581        19.352757922069848        4381104.5641694190        55187.018136182189        1.5743941494514277        7907.3368924521938        9.8736604946902169        1.7665793917688150E-003   1307289.3987193990        415.46138576236700        5.2441206244803570E-002   0.0000000000000000        0.0000000000000000        0.0000000000000000        0.0000000000000000        0.0000000000000000        0.0000000000000000        0.0000000000000000        0.0000000000000000        0.0000000000000000        0.0000000000000000        0.0000000000000000        0.0000000000000000        0.0000000000000000        0.0000000000000000        0.0000000000000000        0.0000000000000000        0.0000000000000000        0.0000000000000000     
   1.0613944434444229        15398487295.837006        13261560.774423504        26246623759.279942        6871064.3342935704        225.51905978796103        19.449293262781989        4226971.7945161462        53685.739888467448        1.5943936512460903        7629.6238685100898        9.8349866113728854        1.8371981744065844E-003   1261407.4061858959        420.54968648243749        5.5473534710897020E-002   0.0000000000000000        0.0000000000000000        0.0000000000000000        0.0000000000000000        0.0000000000000000        0.0000000000000000        0.0000000000000000        0.0000000000000000        0.0000000000000000        0.0000000000000000        0.0000000000000000        0.0000000000000000        0.0000000000000000        0.0000000000000000        0.0000000000000000        0.0000000000000000        0.0000000000000000        0.0000000000000000     
   1.0625002606478051        14862487029.193308        13423562.721644839        25213239968.953289        6986349.3431257177        240.91507732513219        19.559247361386330        4079603.0073295240        52223.833561609790        1.6145894486632058        7364.0515791005882        9.7971546164777887        1.9101470070785978E-003   1217530.5743874668        425.93068556609740        5.8701574541962710E-002   0.0000000000000000        0.0000000000000000        0.0000000000000000        0.0000000000000000        0.0000000000000000        0.0000000000000000        0.0000000000000000        0.0000000000000000        0.0000000000000000        0.0000000000000000        0.0000000000000000        0.0000000000000000        0.0000000000000000        0.0000000000000000        0.0000000000000000        0.0000000000000000        0.0000000000000000        0.0000000000000000     
   1.0636255217803379        14349322878.057890        13591986.966071635        24226179643.279530        7105237.8615452675        257.30352311214801        19.683554419285670        3938540.7159682787        50800.014095333798        1.6349815826114988        7109.8013118875970        9.7601317304876734        1.9855129873403575E-003   1175523.6858444565        431.58777475928935        6.2136794333006257E-002   0.0000000000000000        0.0000000000000000        0.0000000000000000        0.0000000000000000        0.0000000000000000        0.0000000000000000        0.0000000000000000        0.0000000000000000        0.0000000000000000        0.0000000000000000        0.0000000000000000        0.0000000000000000        0.0000000000000000        0.0000000000000000        0.0000000000000000        0.0000000000000000        0.0000000000000000        0.0000000000000000     
   1.0647705687306985        13857457984.979609        13766512.516828695        23282359522.034359        7227650.0286132852        274.73577251313799        19.822862759487453        3803359.1802852172        49413.065733385767        1.6555847561359889        6866.1111380718394        9.7238815913195058        2.0633883141135010E-003   1135260.9011999164        437.50470424872452        6.5791343425181309E-002   0.0000000000000000        0.0000000000000000        0.0000000000000000        0.0000000000000000        0.0000000000000000        0.0000000000000000        0.0000000000000000        0.0000000000000000        0.0000000000000000        0.0000000000000000        0.0000000000000000        0.0000000000000000        0.0000000000000000        0.0000000000000000        0.0000000000000000        0.0000000000000000        0.0000000000000000        0.0000000000000000     
   1.0659357493990995        13385413395.283539        13946759.270701274        22378842730.652534        7353476.6562640816        293.26351650007348        19.977944050085654        3673648.7092638290        48061.789839856232        1.6764124771004041        6632.2478094195039        9.6883598264688509        2.1438766300599880E-003   1096621.1181221381        443.66411475095151        6.9678066119329210E-002   0.0000000000000000        0.0000000000000000        0.0000000000000000        0.0000000000000000        0.0000000000000000        0.0000000000000000        0.0000000000000000        0.0000000000000000        0.0000000000000000        0.0000000000000000        0.0000000000000000        0.0000000000000000        0.0000000000000000        0.0000000000000000        0.0000000000000000        0.0000000000000000        0.0000000000000000        0.0000000000000000     
   1.0671214178029911        12931917657.205040        14132350.775210485        21513085640.914944        7482606.1142837750        312.93806035737907        20.149546315987038        3549057.0827855971        46745.152447323955        1.6974768984379776        6407.5809319642904        9.6535268770431699        2.2270745810041969E-003   1059500.2213941414        450.05101111569877        7.3810426881218916E-002   0.0000000000000000        0.0000000000000000        0.0000000000000000        0.0000000000000000        0.0000000000000000        0.0000000000000000        0.0000000000000000        0.0000000000000000        0.0000000000000000        0.0000000000000000        0.0000000000000000        0.0000000000000000        0.0000000000000000        0.0000000000000000        0.0000000000000000        0.0000000000000000        0.0000000000000000        0.0000000000000000     
   1.0683279341846235        12496025989.589985        14323193.777838940        20683124417.259670        7615052.1924556484        333.82012040583447        20.337728919257156        3429322.5976958973        45462.415033957746        1.7187749189466608        6191.6421628763310        9.6193600431139608        2.3130489521333785E-003   1023820.8588584054        456.65649213028030        7.8202392234774043E-002   0.0000000000000000        0.0000000000000000        0.0000000000000000        0.0000000000000000        0.0000000000000000        0.0000000000000000        0.0000000000000000        0.0000000000000000        0.0000000000000000        0.0000000000000000        0.0000000000000000        0.0000000000000000        0.0000000000000000        0.0000000000000000        0.0000000000000000        0.0000000000000000        0.0000000000000000        0.0000000000000000     
   1.0695556651204985        12076543296.120960        14518967.402563199        19886612796.530262        7750696.8058750909        355.96528884684642        20.543441993778586        3314114.2433294030        44212.557549788457        1.7403373929520063        5983.8389991547956        9.5858050175978455        2.4019134439821777E-003   989485.17361442023        463.46335304701938        8.2868868740755330E-002   0.0000000000000000        0.0000000000000000        0.0000000000000000        0.0000000000000000        0.0000000000000000        0.0000000000000000        0.0000000000000000        0.0000000000000000        0.0000000000000000        0.0000000000000000        0.0000000000000000        0.0000000000000000        0.0000000000000000        0.0000000000000000        0.0000000000000000        0.0000000000000000        0.0000000000000000        0.0000000000000000     
   1.0708049836327471        11672444705.560078        14719226.680936784        19121524240.656673        7889389.5351868365        379.42912642683018        20.767036072607421        3203148.1136424080        42994.701407851273        1.7621660563412500        5783.6632517225635        9.5528110555167896        2.4937745920867831E-003   956409.23403281346        470.45603722427904        8.7825317807000994E-002   0.0000000000000000        0.0000000000000000        0.0000000000000000        0.0000000000000000        0.0000000000000000        0.0000000000000000        0.0000000000000000        0.0000000000000000        0.0000000000000000        0.0000000000000000        0.0000000000000000        0.0000000000000000        0.0000000000000000        0.0000000000000000        0.0000000000000000        0.0000000000000000        0.0000000000000000        0.0000000000000000     
   1.0720762693024648        11282830571.722019        14923599.747862639        18386070227.892879        8031002.0988612426        404.26776216150802        21.009161912827349        3096175.0020948262        41808.070431165077        1.7842850331049960        5590.6688398444930        9.5203282062669921        2.5887341474663738E-003   924519.36630739574        477.61987818276691        9.3087831826258030E-002   0.0000000000000000        0.0000000000000000        0.0000000000000000        0.0000000000000000        0.0000000000000000        0.0000000000000000        0.0000000000000000        0.0000000000000000        0.0000000000000000        0.0000000000000000        0.0000000000000000        0.0000000000000000        0.0000000000000000        0.0000000000000000        0.0000000000000000        0.0000000000000000        0.0000000000000000        0.0000000000000000     
   1.0733699083850401        10907033030.578321        15131896.168052202        17678866316.598869        8175481.9193309043        430.54363037951566        21.269954885633545        2993009.9037425560        40652.115445097159        1.8066967271819301        5404.5246522092075        9.4883193186783537        2.6868648848486537E-003   893760.88396100502        484.94476428205184        9.8672905457954665E-002   0.0000000000000000        0.0000000000000000        0.0000000000000000        0.0000000000000000        0.0000000000000000        0.0000000000000000        0.0000000000000000        0.0000000000000000        0.0000000000000000        0.0000000000000000        0.0000000000000000        0.0000000000000000        0.0000000000000000        0.0000000000000000        0.0000000000000000        0.0000000000000000        0.0000000000000000        0.0000000000000000     
   1.0746862939275104        10544318161.047756        15343874.864584064        16998441881.255163        8322729.0776671907        458.31784496997716        21.549959538190453        2893449.5511901323        39526.188106452522        1.8294146562669140        5224.8668236470403        9.4567321100043760        2.7882597686224690E-003   864073.69159770233        492.41697272228765       0.10459779773653344        0.0000000000000000        0.0000000000000000        0.0000000000000000        0.0000000000000000        0.0000000000000000        0.0000000000000000        0.0000000000000000        0.0000000000000000        0.0000000000000000        0.0000000000000000        0.0000000000000000        0.0000000000000000        0.0000000000000000        0.0000000000000000        0.0000000000000000        0.0000000000000000        0.0000000000000000        0.0000000000000000     
   1.0760258258879822        10194002332.458538        15559156.024301136        16343430628.722847        8472580.9856355432        487.64736205622324        21.849621734010672        2797304.5779127199        38429.668976639499        1.8524536360104111        5051.3563526916123        9.4255103111331007        2.8930131670904932E-003   835401.80054513307        500.02219573117856       0.11088035941242660        0.0000000000000000        0.0000000000000000        0.0000000000000000        0.0000000000000000        0.0000000000000000        0.0000000000000000        0.0000000000000000        0.0000000000000000        0.0000000000000000        0.0000000000000000        0.0000000000000000        0.0000000000000000        0.0000000000000000        0.0000000000000000        0.0000000000000000        0.0000000000000000        0.0000000000000000        0.0000000000000000     
   1.0773889112571502        9855567582.3797321        15777507.896117799        15712751787.305849        8624943.2092331871        518.59524945895453        22.169041906294343        2704431.5063944827        37362.105587280268        1.8758210406808979        4883.7364224783796        9.3946066785354905        3.0011925486522432E-003   807702.79478162096        507.74958825992996       0.11753878791688209        0.0000000000000000        0.0000000000000000        0.0000000000000000        0.0000000000000000        0.0000000000000000        0.0000000000000000        0.0000000000000000        0.0000000000000000        0.0000000000000000        0.0000000000000000        0.0000000000000000        0.0000000000000000        0.0000000000000000        0.0000000000000000        0.0000000000000000        0.0000000000000000        0.0000000000000000        0.0000000000000000     
   1.0787759641819532        9528436982.6999168        15998625.199421791        15105246520.670990        8779669.8213222157        551.22212879408414        22.508645556381548        2614670.5584088215        36322.947856739294        1.8995319145024354        4721.7209652746051        9.3639596294593268        3.1128849521829842E-003   780929.42794807418        515.58484083795872       0.12459199426124971        0.0000000000000000        0.0000000000000000        0.0000000000000000        0.0000000000000000        0.0000000000000000        0.0000000000000000        0.0000000000000000        0.0000000000000000        0.0000000000000000        0.0000000000000000        0.0000000000000000        0.0000000000000000        0.0000000000000000        0.0000000000000000        0.0000000000000000        0.0000000000000000        0.0000000000000000        0.0000000000000000     
   1.0801874060914054        9212108311.4634914        16222104.187593136        14519891822.126795        8936563.5473147519        585.58130777576980        22.868874741184420        2527882.6154347188        35311.708506193696        1.9236009219394139        4565.0608950653614        9.3335082115319725        3.2281678156900941E-003   755040.56141148799        523.51437889587328       0.13205931121909095        0.0000000000000000        0.0000000000000000        0.0000000000000000        0.0000000000000000        0.0000000000000000        0.0000000000000000        0.0000000000000000        0.0000000000000000        0.0000000000000000        0.0000000000000000        0.0000000000000000        0.0000000000000000        0.0000000000000000        0.0000000000000000        0.0000000000000000        0.0000000000000000        0.0000000000000000        0.0000000000000000     
   1.0816236658246388        8906268640.9474506        16447837.317436442        13955975302.553873        9095571.4484766126        621.74377988142010        23.249228202556033        2443981.0072154342        34328.111316809154        1.9480264319702436        4413.6010889065237        9.3032066666407793        3.3470708734737462E-003   730010.57348190143        531.53029189357983       0.13996011325955443        0.0000000000000000        0.0000000000000000        0.0000000000000000        0.0000000000000000        0.0000000000000000        0.0000000000000000        0.0000000000000000        0.0000000000000000        0.0000000000000000        0.0000000000000000        0.0000000000000000        0.0000000000000000        0.0000000000000000        0.0000000000000000        0.0000000000000000        0.0000000000000000        0.0000000000000000        0.0000000000000000     
   1.0830851797611973        8610312773.0654697        16675258.511788290        13412337896.012960        9256382.8694181386        659.75091091502759        23.650992599212099        2362798.1595342662        33371.477675318689        1.9728385784535380        4267.0413626157761        9.2729673940374990        3.4697104893076096E-003   705789.88760207500        539.61252635161657       0.14831509127409884        0.0000000000000000        0.0000000000000000        0.0000000000000000        0.0000000000000000        0.0000000000000000        0.0000000000000000        0.0000000000000000        0.0000000000000000        0.0000000000000000        0.0000000000000000        0.0000000000000000        0.0000000000000000        0.0000000000000000        0.0000000000000000        0.0000000000000000        0.0000000000000000        0.0000000000000000        0.0000000000000000     
   1.0845723919536232        8324065238.7829771        16904126.899604488        12888504432.653358        9418886.3650454376        699.66583625367480        24.073083329616587        2284285.4152431954        32441.660785207019        1.9980324551481194        4125.2946591528389        9.2427496740271309        3.5960792237999441E-003   682364.12257155101        547.75611614010279       0.15714407961185103        0.0000000000000000        0.0000000000000000        0.0000000000000000        0.0000000000000000        0.0000000000000000        0.0000000000000000        0.0000000000000000        0.0000000000000000        0.0000000000000000        0.0000000000000000        0.0000000000000000        0.0000000000000000        0.0000000000000000        0.0000000000000000        0.0000000000000000        0.0000000000000000        0.0000000000000000        0.0000000000000000     
   1.0860857542623732        8047069148.6202126        17134064.841257431        12383568882.189022        9582850.5642864704        741.53529859773471        24.516451031186637        2208316.3142077904        31538.113455402996        2.0236297733950033        3988.1343973155358        9.2124715679335392        3.7262560608013382E-003   659695.85649775912        555.94445209185642       0.16646825401673593        0.0000000000000000        0.0000000000000000        0.0000000000000000        0.0000000000000000        0.0000000000000000        0.0000000000000000        0.0000000000000000        0.0000000000000000        0.0000000000000000        0.0000000000000000        0.0000000000000000        0.0000000000000000        0.0000000000000000        0.0000000000000000        0.0000000000000000        0.0000000000000000        0.0000000000000000        0.0000000000000000     
   1.0876257264931071        7779009325.4588680        17364446.986327857        11896855967.521048        9747954.5482361875        785.39299804765767        24.980877650669228        2134803.5271487525        30660.449877046547        2.0496428151395287        3855.4041056442024        9.1820641497262123        3.8602776030447795E-003   637759.24540077546        564.16534888112824       0.17630865223364303        0.0000000000000000        0.0000000000000000        0.0000000000000000        0.0000000000000000        0.0000000000000000        0.0000000000000000        0.0000000000000000        0.0000000000000000        0.0000000000000000        0.0000000000000000        0.0000000000000000        0.0000000000000000        0.0000000000000000        0.0000000000000000        0.0000000000000000        0.0000000000000000        0.0000000000000000        0.0000000000000000     
   1.0891927765363918        7519629104.2646942        17594842.398557831        11427787042.112814        9913968.7823272571        831.27824785128064        25.466227526509083        2063675.9769006018        29808.338035815857        2.0760801356181782        3726.9764096538506        9.1514618085778299        3.9981561963174520E-003   616533.24986545998        572.40861687125891       0.18668636872926622        0.0000000000000000        0.0000000000000000        0.0000000000000000        0.0000000000000000        0.0000000000000000        0.0000000000000000        0.0000000000000000        0.0000000000000000        0.0000000000000000        0.0000000000000000        0.0000000000000000        0.0000000000000000        0.0000000000000000        0.0000000000000000        0.0000000000000000        0.0000000000000000        0.0000000000000000        0.0000000000000000     
   1.0907873805098591        7268560117.6052952        17824421.442943566        10975621002.147972        10080456.739415867        879.19271663427742        25.973271377525030        1994831.6367827300        28981.259005227108        2.1029641958292897        3602.6683874678424        9.1205788086689754        4.1399487858347975E-003   595987.65809700137        580.65823290878677       0.19762330727143110        0.0000000000000000        0.0000000000000000        0.0000000000000000        0.0000000000000000        0.0000000000000000        0.0000000000000000        0.0000000000000000        0.0000000000000000        0.0000000000000000        0.0000000000000000        0.0000000000000000        0.0000000000000000        0.0000000000000000        0.0000000000000000        0.0000000000000000        0.0000000000000000        0.0000000000000000        0.0000000000000000     
   1.0924100229028668        7025653765.0023241        18052516.004346624        10539956113.346123        10247094.988157893        929.14496296140157        26.501282642803837        1928229.2760249819        28178.983757725546        2.1302964298569327        3482.4061051685762        9.0893580509120842        4.2856173612469788E-003   576110.25504333677        588.90794843832225       0.20914045163079456        0.0000000000000000        0.0000000000000000        0.0000000000000000        0.0000000000000000        0.0000000000000000        0.0000000000000000        0.0000000000000000        0.0000000000000000        0.0000000000000000        0.0000000000000000        0.0000000000000000        0.0000000000000000        0.0000000000000000        0.0000000000000000        0.0000000000000000        0.0000000000000000        0.0000000000000000        0.0000000000000000     
   1.0940611967237004        6790532456.0026426        18278017.758898504        10120051538.767063        10413323.355424665        981.09239763888604        27.051580771016916        1863764.3031281058        27400.919051295652        2.1581053686167175        3366.0019403509364        9.0577044143798009        4.4352233574267812E-003   556870.05269179167        597.14001062811656       0.22126028176843870        0.0000000000000000        0.0000000000000000        0.0000000000000000        0.0000000000000000        0.0000000000000000        0.0000000000000000        0.0000000000000000        0.0000000000000000        0.0000000000000000        0.0000000000000000        0.0000000000000000        0.0000000000000000        0.0000000000000000        0.0000000000000000        0.0000000000000000        0.0000000000000000        0.0000000000000000        0.0000000000000000     
   1.0957414036493629        6562998146.8427010        18499629.836619020        9715443706.2695446        10578545.430538006        1034.9706521691426        27.623909734513962        1801381.7048057725        26646.710707685288        2.1864011237670606        3253.3571521211229        9.0255475149149049        4.5887450284103296E-003   538250.73973676201        605.34480465672561       0.23400430091542362        0.0000000000000000        0.0000000000000000        0.0000000000000000        0.0000000000000000        0.0000000000000000        0.0000000000000000        0.0000000000000000        0.0000000000000000        0.0000000000000000        0.0000000000000000        0.0000000000000000        0.0000000000000000        0.0000000000000000        0.0000000000000000        0.0000000000000000        0.0000000000000000        0.0000000000000000        0.0000000000000000     
   1.0974511541780017        6342778715.8658781        18715886.206398133        9325563960.1922836        10742077.119230878        1090.6690820410331        28.219563415846036        1741005.9840746259        25915.865892246551        2.2152069243384060        3144.3362103115815        8.9928026332096795        4.7461948529301618E-003   520229.93011944398        613.50853372140216       0.24739464560145447        0.0000000000000000        0.0000000000000000        0.0000000000000000        0.0000000000000000        0.0000000000000000        0.0000000000000000        0.0000000000000000        0.0000000000000000        0.0000000000000000        0.0000000000000000        0.0000000000000000        0.0000000000000000        0.0000000000000000        0.0000000000000000        0.0000000000000000        0.0000000000000000        0.0000000000000000        0.0000000000000000     
   1.0991909677840122        6129696924.8764124        18925131.054763809        8949989149.8554630        10903175.302477658        1148.0422315495200        28.838899440106413        1682587.8231911859        25208.013994035271        2.2445335250217346        3038.8505092468863        8.9593993894671318        4.9075300329436029E-003   502792.98585626151        621.62231658953340       0.26145273146742398        0.0000000000000000        0.0000000000000000        0.0000000000000000        0.0000000000000000        0.0000000000000000        0.0000000000000000        0.0000000000000000        0.0000000000000000        0.0000000000000000        0.0000000000000000        0.0000000000000000        0.0000000000000000        0.0000000000000000        0.0000000000000000        0.0000000000000000        0.0000000000000000        0.0000000000000000        0.0000000000000000     
   1.1009613730758701        5923488947.4423437        19125392.463240106        8588174214.5497828        11060944.794488361        1206.8812133990300        29.483623571430858        1626053.9281249403        24522.622735615194        2.2744056993320019        2936.7683818589735        8.9252510752727705        5.0727547084039098E-003   485918.15886457503        629.67212773520805       0.27620072914491750        0.0000000000000000        0.0000000000000000        0.0000000000000000        0.0000000000000000        0.0000000000000000        0.0000000000000000        0.0000000000000000        0.0000000000000000        0.0000000000000000        0.0000000000000000        0.0000000000000000        0.0000000000000000        0.0000000000000000        0.0000000000000000        0.0000000000000000        0.0000000000000000        0.0000000000000000        0.0000000000000000     
   1.1027629079567391        5724001740.0429945        19314636.558466755        8239740593.5181751        11214493.683219068        1266.9465761792121        30.154311539035898        1571361.6018970134        23859.315876478428        2.3048349452977925        2838.0130251032069        8.8902903811611207        5.2417998599090616E-003   469592.75988299784        637.65033564821613       0.29165971798495988        0.0000000000000000        0.0000000000000000        0.0000000000000000        0.0000000000000000        0.0000000000000000        0.0000000000000000        0.0000000000000000        0.0000000000000000        0.0000000000000000        0.0000000000000000        0.0000000000000000        0.0000000000000000        0.0000000000000000        0.0000000000000000        0.0000000000000000        0.0000000000000000        0.0000000000000000        0.0000000000000000     
   1.1045961197879024        5530975916.0783520        19490612.848896015        7904160730.9000082        11362814.876148431        1327.9428366721993        30.852837896112856        1518438.7468422470        23217.520572402922        2.3358495082998099        2742.4548354565891        8.8544297571878872        5.4146634169384917E-003   453795.38179536228        645.54264904041293       0.30785181642785003        0.0000000000000000        0.0000000000000000        0.0000000000000000        0.0000000000000000        0.0000000000000000        0.0000000000000000        0.0000000000000000        0.0000000000000000        0.0000000000000000        0.0000000000000000        0.0000000000000000        0.0000000000000000        0.0000000000000000        0.0000000000000000        0.0000000000000000        0.0000000000000000        0.0000000000000000        0.0000000000000000     
   1.1064615655550669        5344236459.9394255        19651088.084401671        7581034601.2108850        11504918.130254040        1389.5507817000857        31.579910219197473        1467236.5847368736        22596.783630935035        2.3674672955884706        2650.0060236575027        8.8175979148504720        5.5912831529482216E-003   438511.52170158533        653.33979924936841       0.32479809190398690        0.0000000000000000        0.0000000000000000        0.0000000000000000        0.0000000000000000        0.0000000000000000        0.0000000000000000        0.0000000000000000        0.0000000000000000        0.0000000000000000        0.0000000000000000        0.0000000000000000        0.0000000000000000        0.0000000000000000        0.0000000000000000        0.0000000000000000        0.0000000000000000        0.0000000000000000        0.0000000000000000     
   1.1083598120375941        5163585781.1274481        19794051.581338953        7269934833.4620972        11639890.453672303        1451.4405674154546        32.336627636047290        1417700.1854587425        21996.595328812247        2.3997110457352822        2560.5677242946972        8.7797198643709873        5.7716087764868879E-003   423724.84806860215        661.03106695058773       0.34251973090547061        0.0000000000000000        0.0000000000000000        0.0000000000000000        0.0000000000000000        0.0000000000000000        0.0000000000000000        0.0000000000000000        0.0000000000000000        0.0000000000000000        0.0000000000000000        0.0000000000000000        0.0000000000000000        0.0000000000000000        0.0000000000000000        0.0000000000000000        0.0000000000000000        0.0000000000000000        0.0000000000000000     
   1.1102914359807032        4988844796.5510159        19917729.526882842        6970465488.9874849        11766889.525670867        1513.2867843536001        33.123299228015796        1369779.8098305287        21416.461278430124        2.4326020849349721        2474.0503582060423        8.7407257497884281        5.9555716384052096E-003   409420.56279664492        668.60697687691015       0.36103748311207906        0.0000000000000000        0.0000000000000000        0.0000000000000000        0.0000000000000000        0.0000000000000000        0.0000000000000000        0.0000000000000000        0.0000000000000000        0.0000000000000000        0.0000000000000000        0.0000000000000000        0.0000000000000000        0.0000000000000000        0.0000000000000000        0.0000000000000000        0.0000000000000000        0.0000000000000000        0.0000000000000000     
   1.1122570242707051        4819832570.1211596        20020754.371573493        6682233082.1704683        11885209.789347652        1574.7895205079406        33.939852302437096        1323425.3347874843        20855.869143196702        2.4661634373549060        2390.3636277716996        8.7005470426433309        6.1431005211695497E-003   395583.74940820725        676.05798116468839       0.38037191150409910        0.0000000000000000        0.0000000000000000        0.0000000000000000        0.0000000000000000        0.0000000000000000        0.0000000000000000        0.0000000000000000        0.0000000000000000        0.0000000000000000        0.0000000000000000        0.0000000000000000        0.0000000000000000        0.0000000000000000        0.0000000000000000        0.0000000000000000        0.0000000000000000        0.0000000000000000        0.0000000000000000     
   1.1142571741133154        4656374359.0162020        20102213.413126759        6404858099.0619450        11994294.535572900        1635.6904158273173        34.785429967157214        1278588.4860753759        20314.304309308987        2.5004183888398295        2309.4205272961440        8.6591187079600491        6.3341150041940440E-003   382200.03523023071        683.37503836691747       0.40054323438180167        0.0000000000000000        0.0000000000000000        0.0000000000000000        0.0000000000000000        0.0000000000000000        0.0000000000000000        0.0000000000000000        0.0000000000000000        0.0000000000000000        0.0000000000000000        0.0000000000000000        0.0000000000000000        0.0000000000000000        0.0000000000000000        0.0000000000000000        0.0000000000000000        0.0000000000000000        0.0000000000000000     
   1.1162924932151048        4498283716.8113098        20161647.682998393        6137950561.3952522        12093727.878591204        1695.7779152876235        35.658693511360219        1235217.8988264785        19791.218088117803        2.5353938505696609        2231.1284750381533        8.6163752905955278        6.5285447834024469E-003   369254.12748682179        690.54813335385552       0.42157164317421503        0.0000000000000000        0.0000000000000000        0.0000000000000000        0.0000000000000000        0.0000000000000000        0.0000000000000000        0.0000000000000000        0.0000000000000000        0.0000000000000000        0.0000000000000000        0.0000000000000000        0.0000000000000000        0.0000000000000000        0.0000000000000000        0.0000000000000000        0.0000000000000000        0.0000000000000000        0.0000000000000000     
   1.1183635999681381        4345406186.7346897        20199161.609515782        5881169693.0114889        12183288.680389510        1754.9009594546262        36.557443777942026        1193271.2002622886        19286.111413033177        2.5711119852795767        2155.4110149924722        8.5722618796147856        6.7262837832904911E-003   356733.39602875570        697.56988736510436       0.44347640565519475        0.0000000000000000        0.0000000000000000        0.0000000000000000        0.0000000000000000        0.0000000000000000        0.0000000000000000        0.0000000000000000        0.0000000000000000        0.0000000000000000        0.0000000000000000        0.0000000000000000        0.0000000000000000        0.0000000000000000        0.0000000000000000        0.0000000000000000        0.0000000000000000        0.0000000000000000        0.0000000000000000     
   1.1204711236378606        4197591201.6500859        20215363.444387477        5634184312.1304245        12262928.659382474        1812.9692782875131        37.478986724814973        1152707.2379171294        18798.485200846444        2.6075950287695107        2082.1938644976153        8.5267280272605355        6.9272156431480153E-003   344625.56978000927        704.43356076001430       0.46627636262913347        0.0000000000000000        0.0000000000000000        0.0000000000000000        0.0000000000000000        0.0000000000000000        0.0000000000000000        0.0000000000000000        0.0000000000000000        0.0000000000000000        0.0000000000000000        0.0000000000000000        0.0000000000000000        0.0000000000000000        0.0000000000000000        0.0000000000000000        0.0000000000000000        0.0000000000000000        0.0000000000000000     
   1.1226157045542895        4054664894.2521272        20211114.731478058        5396636689.2658844        12332661.619039161        1869.9314960363411        38.420376477562506        1113478.5109102789        18327.787438585390        2.6448713471093983        2011.3913192805148        8.4797207483088926        7.1312503711726391E-003   332916.49269705336        711.13043143297693       0.48999062899997958        0.0000000000000000        0.0000000000000000        0.0000000000000000        0.0000000000000000        0.0000000000000000        0.0000000000000000        0.0000000000000000        0.0000000000000000        0.0000000000000000        0.0000000000000000        0.0000000000000000        0.0000000000000000        0.0000000000000000        0.0000000000000000        0.0000000000000000        0.0000000000000000        0.0000000000000000        0.0000000000000000     
   1.1247979943065629        3916480044.5667763        20187590.599023487        5168209807.7160587        12392619.666438987        1925.7826428716530        39.377965336346570        1075544.9608996087        17873.512053599901        2.6829649986156716        1942.9310287422525        8.4311976926985306        7.3382640452796920E-003   321594.21371816378        717.65420583226944       0.51463732267026241        0.0000000000000000        0.0000000000000000        0.0000000000000000        0.0000000000000000        0.0000000000000000        0.0000000000000000        0.0000000000000000        0.0000000000000000        0.0000000000000000        0.0000000000000000        0.0000000000000000        0.0000000000000000        0.0000000000000000        0.0000000000000000        0.0000000000000000        0.0000000000000000        0.0000000000000000        0.0000000000000000     
   1.1270186559409157        3782871589.3260212        20146094.143719155        4948567742.7970085        12442978.815631798        1980.5429228678263        40.348292256601255        1038861.6507082917        17435.111318664662        2.7219048944425039        1876.7318621110905        8.3811153361240631        7.5481575182953092E-003   310645.33303060260        723.99690918443571       0.54023476842634144        0.0000000000000000        0.0000000000000000        0.0000000000000000        0.0000000000000000        0.0000000000000000        0.0000000000000000        0.0000000000000000        0.0000000000000000        0.0000000000000000        0.0000000000000000        0.0000000000000000        0.0000000000000000        0.0000000000000000        0.0000000000000000        0.0000000000000000        0.0000000000000000        0.0000000000000000        0.0000000000000000     
   1.1292783641621309        3653710137.9830637        20088098.024421543        4737425869.3242064        12483994.520471707        2034.2588038629115        41.327364776967684        1003393.5291379564        17012.106835736206        2.7617132478892135        1812.7304409832254        8.3294445245268065        7.7607803336310231E-003   300059.38181383250        730.15414215057592       0.56679986443639863        0.0000000000000000        0.0000000000000000        0.0000000000000000        0.0000000000000000        0.0000000000000000        0.0000000000000000        0.0000000000000000        0.0000000000000000        0.0000000000000000        0.0000000000000000        0.0000000000000000        0.0000000000000000        0.0000000000000000        0.0000000000000000        0.0000000000000000        0.0000000000000000        0.0000000000000000        0.0000000000000000     
   1.1315778055385366        3528856721.5184116        20015087.524393860        4534490573.9153814        12515945.502980443        2086.9892450042353        42.311438322055658        969102.90979361208        16603.998457513113        2.8024152907759556        1750.8586436154249        8.2761577294682844        7.9759936741513257E-003   289825.10874898103        736.12080544858838       0.59434948477928851        0.0000000000000000        0.0000000000000000        0.0000000000000000        0.0000000000000000        0.0000000000000000        0.0000000000000000        0.0000000000000000        0.0000000000000000        0.0000000000000000        0.0000000000000000        0.0000000000000000        0.0000000000000000        0.0000000000000000        0.0000000000000000        0.0000000000000000        0.0000000000000000        0.0000000000000000        0.0000000000000000     
   1.1339176787106064        3408166217.4735484        19928414.509754516        4339464526.9352293        12539068.850679131        2138.7896886983549        43.296736518765279        935950.37584850751        16210.270272595319        2.8440390986013480        1691.0452295315624        8.2212298069504772        8.1936710154931341E-003   279930.74843968498        741.89114462530392       0.62290046211254924        0.0000000000000000        0.0000000000000000        0.0000000000000000        0.0000000000000000        0.0000000000000000        0.0000000000000000        0.0000000000000000        0.0000000000000000        0.0000000000000000        0.0000000000000000        0.0000000000000000        0.0000000000000000        0.0000000000000000        0.0000000000000000        0.0000000000000000        0.0000000000000000        0.0000000000000000        0.0000000000000000     
   1.1362986946032272        3291508386.1319008        19829377.734465476        4152073527.7917066        12553615.883263865        2189.7170868972989        44.279476910402074        903900.59856456995        15830.437257443518        2.8866100423226175        1633.2263001551589        8.1646446457252413        8.4136631383936560E-003   270365.74802604615        747.46103699135676       0.65246875602061316        0.0000000000000000        0.0000000000000000        0.0000000000000000        0.0000000000000000        0.0000000000000000        0.0000000000000000        0.0000000000000000        0.0000000000000000        0.0000000000000000        0.0000000000000000        0.0000000000000000        0.0000000000000000        0.0000000000000000        0.0000000000000000        0.0000000000000000        0.0000000000000000        0.0000000000000000        0.0000000000000000     
   1.1387215766417003        3178758646.2317886        19719188.154895931        3972054089.6399837        12559839.729619311        2239.8262981102584        45.256004705487435        872919.78364822548        15464.027211207271        2.9301529417337537        1577.3407118474463        8.1063925293314814        8.6358113678818762E-003   261120.00996590985        752.82713698374027       0.68306978783611472        0.0000000000000000        0.0000000000000000        0.0000000000000000        0.0000000000000000        0.0000000000000000        0.0000000000000000        0.0000000000000000        0.0000000000000000        0.0000000000000000        0.0000000000000000        0.0000000000000000        0.0000000000000000        0.0000000000000000        0.0000000000000000        0.0000000000000000        0.0000000000000000        0.0000000000000000        0.0000000000000000     
   1.1411870609715398        3069784798.7065129        19598873.668847680        3799136950.7472291        12557946.400593143        2289.1591162995296        46.222902362462428        842971.98715897824        15110.550863435161        2.9746960686310473        1523.3234523242934        8.0464655524132063        8.8599756914582960E-003   252182.79892610322        757.98519872583370       0.71471912894050638        0.0000000000000000        0.0000000000000000        0.0000000000000000        0.0000000000000000        0.0000000000000000        0.0000000000000000        0.0000000000000000        0.0000000000000000        0.0000000000000000        0.0000000000000000        0.0000000000000000        0.0000000000000000        0.0000000000000000        0.0000000000000000        0.0000000000000000        0.0000000000000000        0.0000000000000000        0.0000000000000000     
   1.1436958966821358        2964467354.2231560        19469358.742994715        3633072479.6761761        12548136.150764287        2337.7499975506989        47.176745070400962        814024.73663479462        14769.548905877207        3.0202651112217751        1471.1157493335468        7.9848646256239562        9.0859951837124493E-003   243544.41019511415        762.93248927402044       0.74743148007515703        0.0000000000000000        0.0000000000000000        0.0000000000000000        0.0000000000000000        0.0000000000000000        0.0000000000000000        0.0000000000000000        0.0000000000000000        0.0000000000000000        0.0000000000000000        0.0000000000000000        0.0000000000000000        0.0000000000000000        0.0000000000000000        0.0000000000000000        0.0000000000000000        0.0000000000000000        0.0000000000000000     
   1.1462488460343523        2862692304.6962295        19331476.016646676        3473621169.2105846        12530610.069485325        2385.6270184554746        48.114325584760699        786047.04143027705        14440.577141804859        3.0668850646504571        1420.6614956608578        7.9215971160256418        9.3137001694655851E-003   235195.57954173756        767.66705155881789       0.78122101035979574        0.0000000000000000        0.0000000000000000        0.0000000000000000        0.0000000000000000        0.0000000000000000        0.0000000000000000        0.0000000000000000        0.0000000000000000        0.0000000000000000        0.0000000000000000        0.0000000000000000        0.0000000000000000        0.0000000000000000        0.0000000000000000        0.0000000000000000        0.0000000000000000        0.0000000000000000        0.0000000000000000     
   1.1488466846921230        2764345139.6496754        19185925.460932299        3320546240.3706136        12505542.583124865        2432.8075253604238        49.032579894404556        759007.73311226757        14123.192771497981        3.1145822366655951        1371.9042651621141        7.8566745220038925        9.5429266756667814E-003   227126.99076769821        772.18690064361533       0.81610175828920706        0.0000000000000000        0.0000000000000000        0.0000000000000000        0.0000000000000000        0.0000000000000000        0.0000000000000000        0.0000000000000000        0.0000000000000000        0.0000000000000000        0.0000000000000000        0.0000000000000000        0.0000000000000000        0.0000000000000000        0.0000000000000000        0.0000000000000000        0.0000000000000000        0.0000000000000000        0.0000000000000000     
   1.1514902019581228        2669312664.6481333        19033292.821216658        3173616017.8847084        12473088.023632776        2479.2983921174155        49.928628249808888        732875.97133779456        13816.958711859037        3.1633837887774945        1324.7882227807579        7.7901129790646779        9.7735145641471219E-003   219329.42595314729        776.49017125209184       0.85208757818333658        0.0000000000000000        0.0000000000000000        0.0000000000000000        0.0000000000000000        0.0000000000000000        0.0000000000000000        0.0000000000000000        0.0000000000000000        0.0000000000000000        0.0000000000000000        0.0000000000000000        0.0000000000000000        0.0000000000000000        0.0000000000000000        0.0000000000000000        0.0000000000000000        0.0000000000000000        0.0000000000000000     
   1.1541802010135824        2577491929.7471828        18874116.401438367        3032614407.8559508        12433412.984072071        2525.1033114919924        50.799618026905556        707623.71924053808        13521.466666601773        3.2133142834545354        1279.2625798999638        7.7219367861736101        1.0005283178146179E-002   211794.50062048790        780.57643424801824       0.88919145326765670        0.0000000000000000        0.0000000000000000        0.0000000000000000        0.0000000000000000        0.0000000000000000        0.0000000000000000        0.0000000000000000        0.0000000000000000        0.0000000000000000        0.0000000000000000        0.0000000000000000        0.0000000000000000        0.0000000000000000        0.0000000000000000        0.0000000000000000        0.0000000000000000        0.0000000000000000        0.0000000000000000     
   1.1569174991623186        2488775015.5962524        18708830.059738439        2897322680.7594957        12386661.449003145        2570.2159648663828        51.643033119288290        683221.53971092671        13236.299302026035        3.2644014650045223        1235.2740310331328        7.6521720295008624        1.0238073173580583E-002   204513.41564533045        784.44448822093568       0.92742674497073718        0.0000000000000000        0.0000000000000000        0.0000000000000000        0.0000000000000000        0.0000000000000000        0.0000000000000000        0.0000000000000000        0.0000000000000000        0.0000000000000000        0.0000000000000000        0.0000000000000000        0.0000000000000000        0.0000000000000000        0.0000000000000000        0.0000000000000000        0.0000000000000000        0.0000000000000000        0.0000000000000000     
   1.1597029280790565        2403066347.3992457        18537851.246770684        2767539799.9401050        12332995.948676310        2614.6286556984996        52.456285260667414        659643.38406006666        12961.075047037455        3.3166693204075850        1192.7753726538938        7.5808538112245678        1.0471696870972307E-002   197478.37944685327        788.09494920752309       0.96680569465434552        0.0000000000000000        0.0000000000000000        0.0000000000000000        0.0000000000000000        0.0000000000000000        0.0000000000000000        0.0000000000000000        0.0000000000000000        0.0000000000000000        0.0000000000000000        0.0000000000000000        0.0000000000000000        0.0000000000000000        0.0000000000000000        0.0000000000000000        0.0000000000000000        0.0000000000000000        0.0000000000000000     
   1.1625373340621175        2320263747.4216852        18361510.768743664        2643060159.6378188        12272559.731720112        2658.3262168761494        53.237151516565106        636861.35886653978        12695.399007438729        3.3701459216422687        1151.7160847864598        7.5080176896947268        1.0705995793269970E-002   190681.05384323458        791.52732782511930        1.0073412426738877        0.0000000000000000        0.0000000000000000        0.0000000000000000        0.0000000000000000        0.0000000000000000        0.0000000000000000        0.0000000000000000        0.0000000000000000        0.0000000000000000        0.0000000000000000        0.0000000000000000        0.0000000000000000        0.0000000000000000        0.0000000000000000        0.0000000000000000        0.0000000000000000        0.0000000000000000        0.0000000000000000     
   1.1654215782905502        2240272834.6169724        18180114.579577088        2523690365.9111495        12205501.932099840        2701.2897301645708        53.983412490591761        614849.70480390021        12438.900846498442        3.4248573682840426        1112.0494931410117        7.4337059780747579        1.0940797350720670E-002   184113.73587570398        794.74222686625910        1.0490456409266860        0.0000000000000000        0.0000000000000000        0.0000000000000000        0.0000000000000000        0.0000000000000000        0.0000000000000000        0.0000000000000000        0.0000000000000000        0.0000000000000000        0.0000000000000000        0.0000000000000000        0.0000000000000000        0.0000000000000000        0.0000000000000000        0.0000000000000000        0.0000000000000000        0.0000000000000000        0.0000000000000000     
   1.1683565370857840        2163005578.7599173        17993977.312669441        2409247148.4581447        12131998.164981501        2743.5022944094612        54.693022150652766        593584.40687413781        12191.232271132965        3.4808279964721476        1073.7320697561936        7.3579670199157894        1.1175915630837722E-002   177769.24226036161        797.74125534026632        1.0919305055452033        0.0000000000000000        0.0000000000000000        0.0000000000000000        0.0000000000000000        0.0000000000000000        0.0000000000000000        0.0000000000000000        0.0000000000000000        0.0000000000000000        0.0000000000000000        0.0000000000000000        0.0000000000000000        0.0000000000000000        0.0000000000000000        0.0000000000000000        0.0000000000000000        0.0000000000000000        0.0000000000000000     
   1.1713431021778815        2088370797.8343198        17803356.263539255        2299546594.4899783        12052208.377158526        2784.9411438410134        55.364160202935132        573040.56320104399        11952.040518473479        3.5380850054279227        1036.7186947671419        7.2808503047587410        1.1411186820052412E-002   171640.12763292753        800.52535649251251        1.1360080294351838        0.0000000000000000        0.0000000000000000        0.0000000000000000        0.0000000000000000        0.0000000000000000        0.0000000000000000        0.0000000000000000        0.0000000000000000        0.0000000000000000        0.0000000000000000        0.0000000000000000        0.0000000000000000        0.0000000000000000        0.0000000000000000        0.0000000000000000        0.0000000000000000        0.0000000000000000        0.0000000000000000     
   1.1743821809764730        2016281811.5882244        17608496.067849617        2194412804.3368940        11966299.039953658        2825.5814561661450        55.995107048942820        553194.50210876274        11720.989488209323        3.5966548059242576        1000.9664688777225        7.2024099651966553        1.1646442696800452E-002   165719.31357493784        803.09607090417308        1.1812900721284225        0.0000000000000000        0.0000000000000000        0.0000000000000000        0.0000000000000000        0.0000000000000000        0.0000000000000000        0.0000000000000000        0.0000000000000000        0.0000000000000000        0.0000000000000000        0.0000000000000000        0.0000000000000000        0.0000000000000000        0.0000000000000000        0.0000000000000000        0.0000000000000000        0.0000000000000000        0.0000000000000000     
   1.1774746968464558        1946657531.2676337        17409656.302212708        2093678801.9279189        11874459.413939463        2865.4012668719242        56.584266050619107        534024.08847256133        11497.763735644636        3.6565621570637070        966.43526681155868        7.1227051851431851        1.1881503602462129E-002   160000.17980498666        805.45582659670879        1.2277879348422032        0.0000000000000000        0.0000000000000000        0.0000000000000000        0.0000000000000000        0.0000000000000000        0.0000000000000000        0.0000000000000000        0.0000000000000000        0.0000000000000000        0.0000000000000000        0.0000000000000000        0.0000000000000000        0.0000000000000000        0.0000000000000000        0.0000000000000000        0.0000000000000000        0.0000000000000000        0.0000000000000000     
   1.1806215893885410        1879413573.9742737        17207050.156525511        1997176839.2177320        11776863.769257957        2904.3734711992915        57.130322110721664        515506.26528027485        11282.041857755556        3.7178351587411327        933.08330741001498        7.0417951327386934        1.2116217745923500E-002   154475.83339074228        807.60619758881023        1.2755138076030497        0.0000000000000000        0.0000000000000000        0.0000000000000000        0.0000000000000000        0.0000000000000000        0.0000000000000000        0.0000000000000000        0.0000000000000000        0.0000000000000000        0.0000000000000000        0.0000000000000000        0.0000000000000000        0.0000000000000000        0.0000000000000000        0.0000000000000000        0.0000000000000000        0.0000000000000000        0.0000000000000000     
   1.1838238147247315        1814473223.2158344        17000914.105274320        1904750205.3039579        11673708.150174579        2942.4730947578159        57.631987845179069        497620.08449464722        11073.529314022819        3.7804989405956366        900.87261547400351        6.9597447450517915        1.2350413020022303E-002   149140.00973209401        809.55001554791261        1.3244789706811444        0.0000000000000000        0.0000000000000000        0.0000000000000000        0.0000000000000000        0.0000000000000000        0.0000000000000000        0.0000000000000000        0.0000000000000000        0.0000000000000000        0.0000000000000000        0.0000000000000000        0.0000000000000000        0.0000000000000000        0.0000000000000000        0.0000000000000000        0.0000000000000000        0.0000000000000000        0.0000000000000000     
   1.1870823457888224        1751761358.2445161        16791486.652999099        1816246444.8898091        11565200.389554029        2979.6769041996904        58.088213697188820        480345.03283423081        10871.940594373988        3.8445790179788566        869.76600568907418        6.8766210713463725        1.2583922483841919E-002   143986.57491644091        811.29024139937769        1.3746948046320300        0.0000000000000000        0.0000000000000000        0.0000000000000000        0.0000000000000000        0.0000000000000000        0.0000000000000000        0.0000000000000000        0.0000000000000000        0.0000000000000000        0.0000000000000000        0.0000000000000000        0.0000000000000000        0.0000000000000000        0.0000000000000000        0.0000000000000000        0.0000000000000000        0.0000000000000000        0.0000000000000000     
   1.1903981726220074        1691201867.0783522        16578973.529370910        1731514720.7770526        11451535.557415197        3015.9572235688356        58.498145298834665        463660.31249309849        10676.990289402986        3.9101031566956626        839.72578486924999        6.7924914196481003        1.2816600182591002E-002   139009.31170040247        812.82932596963064        1.4261734184720187        0.0000000000000000        0.0000000000000000        0.0000000000000000        0.0000000000000000        0.0000000000000000        0.0000000000000000        0.0000000000000000        0.0000000000000000        0.0000000000000000        0.0000000000000000        0.0000000000000000        0.0000000000000000        0.0000000000000000        0.0000000000000000        0.0000000000000000        0.0000000000000000        0.0000000000000000        0.0000000000000000     
   1.1937723026736837        1632724864.5924096        16363606.738766497        1650413249.9949605        11332930.602356980        3051.2899830146321        58.861000177810162        447546.83925527567        10488.416228392411        3.9770964475990267        810.71735511692646        6.7074274462222121        1.3048282865804683E-002   134202.51376613055        814.17076691090472        1.4789261063695491        0.0000000000000000        0.0000000000000000        0.0000000000000000        0.0000000000000000        0.0000000000000000        0.0000000000000000        0.0000000000000000        0.0000000000000000        0.0000000000000000        0.0000000000000000        0.0000000000000000        0.0000000000000000        0.0000000000000000        0.0000000000000000        0.0000000000000000        0.0000000000000000        0.0000000000000000        0.0000000000000000     
   1.1972057611075457        1576260624.6626458        16145607.923019294        1572802869.5305471        11209603.436267246        3085.6507545163263        59.176257245044567        431985.56645856326        10305.959970190617        4.0455853773750947        782.70619185024941        6.6215011555987981        1.3278821911928324E-002   129560.48722246528        815.31780433331414        1.5329646933455947        0.0000000000000000        0.0000000000000000        0.0000000000000000        0.0000000000000000        0.0000000000000000        0.0000000000000000        0.0000000000000000        0.0000000000000000        0.0000000000000000        0.0000000000000000        0.0000000000000000        0.0000000000000000        0.0000000000000000        0.0000000000000000        0.0000000000000000        0.0000000000000000        0.0000000000000000        0.0000000000000000     
   1.2006995911130611        1521742493.1133018        15925201.210848019        1498549981.8480594        11081777.254286086        3119.0153297488932        59.443497230517700        416958.28827229474        10129.376176367436        4.1155957007548318        755.65929251855994        6.5347864915061287        1.3508067233438018E-002   125077.78952207101        816.27405227682425        1.5883008485479715        0.0000000000000000        0.0000000000000000        0.0000000000000000        0.0000000000000000        0.0000000000000000        0.0000000000000000        0.0000000000000000        0.0000000000000000        0.0000000000000000        0.0000000000000000        0.0000000000000000        0.0000000000000000        0.0000000000000000        0.0000000000000000        0.0000000000000000        0.0000000000000000        0.0000000000000000        0.0000000000000000     
   1.2042548542224243        1469104667.6420023        15702601.526239965        1427524258.0307214        10949675.304846868        3151.3595920887838        59.662493403134839        402447.02754759317        9958.4248795302246        4.1871540750054397        729.54407208351438        6.4473575763562936        1.3735880782788748E-002   120749.04727300319        817.04296195991617        1.6449466797363472        0.0000000000000000        0.0000000000000000        0.0000000000000000        0.0000000000000000        0.0000000000000000        0.0000000000000000        0.0000000000000000        0.0000000000000000        0.0000000000000000        0.0000000000000000        0.0000000000000000        0.0000000000000000        0.0000000000000000        0.0000000000000000        0.0000000000000000        0.0000000000000000        0.0000000000000000        0.0000000000000000     
   1.2078726306330805        1418282991.7692819        15478016.980309498        1359599417.9888654        10813520.253669733        3182.6585514541484        59.833189082564260        388434.25470128341        9792.8737861526079        4.2602875037785770        704.32875748048150        6.3592889924809803        1.3962132915358824E-002   116569.02129289547        817.62796774723768        1.7029145691060719        0.0000000000000000        0.0000000000000000        0.0000000000000000        0.0000000000000000        0.0000000000000000        0.0000000000000000        0.0000000000000000        0.0000000000000000        0.0000000000000000        0.0000000000000000        0.0000000000000000        0.0000000000000000        0.0000000000000000        0.0000000000000000        0.0000000000000000        0.0000000000000000        0.0000000000000000        0.0000000000000000     
   1.2115540195359249        1369218683.2075851        15251686.702531658        1294656668.1036792        10673556.389681499        3212.8920666321415        59.955630173719683        374903.91993187834        9632.5121373899510        4.3350198668082518        679.98425210467553        6.2706581946700544        1.4186674188924470E-002   112532.91395003184        818.03350281753819        1.7622158920667153        0.0000000000000000        0.0000000000000000        0.0000000000000000        0.0000000000000000        0.0000000000000000        0.0000000000000000        0.0000000000000000        0.0000000000000000        0.0000000000000000        0.0000000000000000        0.0000000000000000        0.0000000000000000        0.0000000000000000        0.0000000000000000        0.0000000000000000        0.0000000000000000        0.0000000000000000        0.0000000000000000     
   1.2153001394492686        1321852076.7687273        15023826.938839093        1232578562.2144752        10530017.850939421        3242.0383699672543        60.030075639145799        361839.72310175950        9477.1279240101921        4.4113773127816085        656.48101218577847        6.1815407907226998        1.4409378878262291E-002   108635.85406662500        818.26338483799134        1.8228630545586313        0.0000000000000000        0.0000000000000000        0.0000000000000000        0.0000000000000000        0.0000000000000000        0.0000000000000000        0.0000000000000000        0.0000000000000000        0.0000000000000000        0.0000000000000000        0.0000000000000000        0.0000000000000000        0.0000000000000000        0.0000000000000000        0.0000000000000000        0.0000000000000000        0.0000000000000000        0.0000000000000000     
   1.2191121285586803        1276124101.9933875        14794634.645381976        1173250531.0774467        10383128.662434882        3270.0729035326763        60.056927379668025        349225.52077361342        9326.5122652598147        4.4893871257385731        633.78978021386445        6.0920113513799432        1.4630137745435517E-002   104873.01791653819        818.32109291395034        1.8848691147746945        0.0000000000000000        0.0000000000000000        0.0000000000000000        0.0000000000000000        0.0000000000000000        0.0000000000000000        0.0000000000000000        0.0000000000000000        0.0000000000000000        0.0000000000000000        0.0000000000000000        0.0000000000000000        0.0000000000000000        0.0000000000000000        0.0000000000000000        0.0000000000000000        0.0000000000000000        0.0000000000000000     
   1.2229911450628006        1231980586.9117897        14564334.258125262        1116564765.9197886        10233131.744318536        3296.9764433632454        60.036659651016038        337046.51784559205        9180.4761509192413        4.5690732448664360        611.88373844307705        6.0021464601702421        1.4848821922649394E-002   101239.98418147957        818.21101031867181        1.9482460066039362        0.0000000000000000        0.0000000000000000        0.0000000000000000        0.0000000000000000        0.0000000000000000        0.0000000000000000        0.0000000000000000        0.0000000000000000        0.0000000000000000        0.0000000000000000        0.0000000000000000        0.0000000000000000        0.0000000000000000        0.0000000000000000        0.0000000000000000        0.0000000000000000        0.0000000000000000        0.0000000000000000     
   1.2269383675252379        1189366997.3370693        14333131.273023246        1062415229.1973749        10080261.027685650        3322.7283263290087        59.969981247713129        325287.81382760342        9038.8300895952052        4.6504615080539340        590.73588239788626        5.9120204716671232        1.5065325136812423E-002   97732.300906645527        817.93694882532054        2.0130066582973063        0.0000000000000000        0.0000000000000000        0.0000000000000000        0.0000000000000000        0.0000000000000000        0.0000000000000000        0.0000000000000000        0.0000000000000000        0.0000000000000000        0.0000000000000000        0.0000000000000000        0.0000000000000000        0.0000000000000000        0.0000000000000000        0.0000000000000000        0.0000000000000000        0.0000000000000000        0.0000000000000000     
   1.2309549952326528        1148232447.5536833        14101244.587748567        1010701269.4312199        9924758.3276659641        3347.3102942499640        59.857639869871953        313935.51003515365        8901.3998830063738        4.7335751780684552        570.32102199668986        5.8217085154875710        1.5279528585062332E-002   94345.815350511461        817.50332151165105        2.0791631489716225        0.0000000000000000        0.0000000000000000        0.0000000000000000        0.0000000000000000        0.0000000000000000        0.0000000000000000        0.0000000000000000        0.0000000000000000        0.0000000000000000        0.0000000000000000        0.0000000000000000        0.0000000000000000        0.0000000000000000        0.0000000000000000        0.0000000000000000        0.0000000000000000        0.0000000000000000        0.0000000000000000     
   1.2350422485591381        1108525579.7833402        13868870.367106326        961323853.01702094        9766853.6016806867        3370.7024287178519        59.700580969088236        302975.57198281266        8768.0097008702978        4.8184395075537001        550.61372464532622        5.7312829434996031        1.5491338182805729E-002   91076.334915157073        816.91388565176715        2.1467286529287204        0.0000000000000000        0.0000000000000000        0.0000000000000000        0.0000000000000000        0.0000000000000000        0.0000000000000000        0.0000000000000000        0.0000000000000000        0.0000000000000000        0.0000000000000000        0.0000000000000000        0.0000000000000000        0.0000000000000000        0.0000000000000000        0.0000000000000000        0.0000000000000000        0.0000000000000000        0.0000000000000000     
   1.2392013693370054        1070197884.2437178        13636210.845669398        914188486.28870773        9606780.1531175636        3392.8864717191959        59.499801196866159        292394.74607342528        8638.4955518729275        4.9050777539578156        531.58997264942036        5.6408159479640627        1.5700653524722202E-002   87919.900321831097        816.17275494542537        2.2157157285861877        0.0000000000000000        0.0000000000000000        0.0000000000000000        0.0000000000000000        0.0000000000000000        0.0000000000000000        0.0000000000000000        0.0000000000000000        0.0000000000000000        0.0000000000000000        0.0000000000000000        0.0000000000000000        0.0000000000000000        0.0000000000000000        0.0000000000000000        0.0000000000000000        0.0000000000000000        0.0000000000000000     
   1.2434336212340902        1033201864.6258734        13403460.377062960        869203521.51083386        9444767.7273067832        3413.8449993309887        59.256439781753642        282180.05390864605        8512.6975521427030        4.9935132189253748        513.22624864625641        5.5503778417327032        1.5907384789949696E-002   84872.634837864345        815.28382902790759        2.2861372153394957        0.0000000000000000        0.0000000000000000        0.0000000000000000        0.0000000000000000        0.0000000000000000        0.0000000000000000        0.0000000000000000        0.0000000000000000        0.0000000000000000        0.0000000000000000        0.0000000000000000        0.0000000000000000        0.0000000000000000        0.0000000000000000        0.0000000000000000        0.0000000000000000        0.0000000000000000        0.0000000000000000     
   1.2477402901376957        997491674.74458194        13170809.095922932        826280661.98181224        9281043.0250307973        3433.5609628845850        58.971722590584370        272318.96758701070        8390.4624767383139        5.0837683306536734        495.49985256690911        5.4600374994642928        1.6111446231010226E-002   81930.796502667683        814.25099307954315        2.3580058230688747        0.0000000000000000        0.0000000000000000        0.0000000000000000        0.0000000000000000        0.0000000000000000        0.0000000000000000        0.0000000000000000        0.0000000000000000        0.0000000000000000        0.0000000000000000        0.0000000000000000        0.0000000000000000        0.0000000000000000        0.0000000000000000        0.0000000000000000        0.0000000000000000        0.0000000000000000        0.0000000000000000     
   1.2521226845452820        963023456.47875166        12938448.745437743        785335161.75404823        9115833.5833397638        3452.0193568523696        58.646958105750869        262799.50357600738        8271.6453708921090        5.1758639008911507        478.38907185575607        5.3698625460174609        1.6312750865570803E-002   79090.806133176025        813.07825854096461        2.4313337770438119        0.0000000000000000        0.0000000000000000        0.0000000000000000        0.0000000000000000        0.0000000000000000        0.0000000000000000        0.0000000000000000        0.0000000000000000        0.0000000000000000        0.0000000000000000        0.0000000000000000        0.0000000000000000        0.0000000000000000        0.0000000000000000        0.0000000000000000        0.0000000000000000        0.0000000000000000        0.0000000000000000     
   1.2565821359620291        929754230.45228958        12706559.943604717        746284843.41748691        8949359.6696814969        3469.2050048403617        58.283551346992205        253609.91621307324        8156.1043940408617        5.2698205741573902        461.87262638643006        5.2799182369728230        1.6511222799762235E-002   76349.155846704976        811.76937214778968        2.5061334947040987        0.0000000000000000        0.0000000000000000        0.0000000000000000        0.0000000000000000        0.0000000000000000        0.0000000000000000        0.0000000000000000        0.0000000000000000        0.0000000000000000        0.0000000000000000        0.0000000000000000        0.0000000000000000        0.0000000000000000        0.0000000000000000        0.0000000000000000        0.0000000000000000        0.0000000000000000        0.0000000000000000     
   1.2611199993053881        897642479.24482274        12475317.756048869        709050542.91321611        8781837.2228830308        3485.1034749393416        57.882961540514053        244738.85875108754        8043.7033117411829        5.3656577979133573        445.92995987195013        5.1902679100774005        1.6706790199360017E-002   73702.457068322095        810.32801536244449        2.5824170961041131        0.0000000000000000        0.0000000000000000        0.0000000000000000        0.0000000000000000        0.0000000000000000        0.0000000000000000        0.0000000000000000        0.0000000000000000        0.0000000000000000        0.0000000000000000        0.0000000000000000        0.0000000000000000        0.0000000000000000        0.0000000000000000        0.0000000000000000        0.0000000000000000        0.0000000000000000        0.0000000000000000     
   1.2657376533167473        866647843.89946806        12244889.461028533        673555812.14324629        8613476.7250939906        3499.7009044129172        57.446731710631560        236175.29999445428        7934.3099426273529        5.4633941407887390        430.54108867378648        5.1009726265553725        1.6899388765893492E-002   71147.415613048492        808.75769078300743        2.6601965536120127        0.0000000000000000        0.0000000000000000        0.0000000000000000        0.0000000000000000        0.0000000000000000        0.0000000000000000        0.0000000000000000        0.0000000000000000        0.0000000000000000        0.0000000000000000        0.0000000000000000        0.0000000000000000        0.0000000000000000        0.0000000000000000        0.0000000000000000        0.0000000000000000        0.0000000000000000        0.0000000000000000     
   1.2704365009803340        836732136.06560981        12015446.907456465        639727642.71219110        8444490.1705254000        3512.9863882367708        56.976427313158169        227908.80374965395        7827.8012680549400        5.5630452308603342        415.68710871066105        5.0120921131636003        1.7088946398013231E-002   68680.915143713617        807.06214574536637        2.7394826432930652        0.0000000000000000        0.0000000000000000        0.0000000000000000        0.0000000000000000        0.0000000000000000        0.0000000000000000        0.0000000000000000        0.0000000000000000        0.0000000000000000        0.0000000000000000        0.0000000000000000        0.0000000000000000        0.0000000000000000        0.0000000000000000        0.0000000000000000        0.0000000000000000        0.0000000000000000        0.0000000000000000     
   1.2752179699494866        807857093.38272083        11787139.508519422        607494673.40711379        8275074.8477907786        3524.9471236608870        56.473704924765315        219928.90931831306        7724.0519852384614        5.6646276369680066        401.34907172129294        4.9236824458084163        1.7275414644579698E-002   66299.832091415738        805.24446211967904        2.8202869080667430        0.0000000000000000        0.0000000000000000        0.0000000000000000        0.0000000000000000        0.0000000000000000        0.0000000000000000        0.0000000000000000        0.0000000000000000        0.0000000000000000        0.0000000000000000        0.0000000000000000        0.0000000000000000        0.0000000000000000        0.0000000000000000        0.0000000000000000        0.0000000000000000        0.0000000000000000        0.0000000000000000     
   1.2800835129804169        779986851.12293637        11560123.864015525        576789053.12006998        8105430.4799808478        3535.5735676401414        55.940214143907838        212225.81369617252        7622.9470469216449        5.7681539930586654        387.50922262943794        4.8357985747143015        1.7458732266916122E-002   64001.239429616115        803.30807434672556        2.9026191416317668        0.0000000000000000        0.0000000000000000        0.0000000000000000        0.0000000000000000        0.0000000000000000        0.0000000000000000        0.0000000000000000        0.0000000000000000        0.0000000000000000        0.0000000000000000        0.0000000000000000        0.0000000000000000        0.0000000000000000        0.0000000000000000        0.0000000000000000        0.0000000000000000        0.0000000000000000        0.0000000000000000     
   1.2850346083736033        753086110.13628709        11334543.220446132        547544973.44805324        7935747.5480729090        3544.8564575106489        55.377669670168004        204789.86643100649        7524.3722364824534        5.8736362932437451        374.15008316555100        4.7484923626034501        1.7638851426756058E-002   61782.255739302411        801.25602246456947        2.9864890842846528        0.0000000000000000        0.0000000000000000        0.0000000000000000        0.0000000000000000        0.0000000000000000        0.0000000000000000        0.0000000000000000        0.0000000000000000        0.0000000000000000        0.0000000000000000        0.0000000000000000        0.0000000000000000        0.0000000000000000        0.0000000000000000        0.0000000000000000        0.0000000000000000        0.0000000000000000        0.0000000000000000     
   1.2900727604229429        727121052.35122848        11110537.548833059        519699316.77501327        7766212.2863912592        3552.7879287460705        54.787788681342967        197611.82195077016        7428.2189240382977        5.9810837773155043        361.25490969111382        4.6618135756592549        1.7815722992624867E-002   59640.120595766297        799.09134765106376        3.0719052916224823        0.0000000000000000        0.0000000000000000        0.0000000000000000        0.0000000000000000        0.0000000000000000        0.0000000000000000        0.0000000000000000        0.0000000000000000        0.0000000000000000        0.0000000000000000        0.0000000000000000        0.0000000000000000        0.0000000000000000        0.0000000000000000        0.0000000000000000        0.0000000000000000        0.0000000000000000        0.0000000000000000     
   1.2951994998728023        702058877.45643497        10888239.095782289        493191257.49157274        7597004.5267539117        3559.3614162325921        54.172310927477433        190682.71211468591        7334.3815909690065        6.0905036071491017        348.80746184200092        4.5758093659182286        1.7989302940117316E-002   57572.156460292434        796.81690202837694        3.1588754792523011        0.0000000000000000        0.0000000000000000        0.0000000000000000        0.0000000000000000        0.0000000000000000        0.0000000000000000        0.0000000000000000        0.0000000000000000        0.0000000000000000        0.0000000000000000        0.0000000000000000        0.0000000000000000        0.0000000000000000        0.0000000000000000        0.0000000000000000        0.0000000000000000        0.0000000000000000        0.0000000000000000     
   1.3004163843831034        677867710.33997357        10667770.643887896        467962156.03485447        7428296.1581028719        3564.5709548948917        53.532982760512674        183993.82064860294        7242.7572023102302        6.2019008913138087        336.79195586951528        4.4905241848910658        1.8159553870250117E-002   55575.761003204716        794.43530482165295        3.2474065240296328        0.0000000000000000        0.0000000000000000        0.0000000000000000        0.0000000000000000        0.0000000000000000        0.0000000000000000        0.0000000000000000        0.0000000000000000        0.0000000000000000        0.0000000000000000        0.0000000000000000        0.0000000000000000        0.0000000000000000        0.0000000000000000        0.0000000000000000        0.0000000000000000        0.0000000000000000        0.0000000000000000     
   1.3057249990025901        654516936.12664878        10449250.931663319        443955746.78950530        7260254.5023983466        3568.4126065920395        52.871548904221370        177536.77576656765        7153.2471493354487        6.3152775545109252        325.19323300435269        4.4060001881162334        1.8326437982384550E-002   53648.434806099533        791.94911551296263        3.3375038191954465        0.0000000000000000        0.0000000000000000        0.0000000000000000        0.0000000000000000        0.0000000000000000        0.0000000000000000        0.0000000000000000        0.0000000000000000        0.0000000000000000        0.0000000000000000        0.0000000000000000        0.0000000000000000        0.0000000000000000        0.0000000000000000        0.0000000000000000        0.0000000000000000        0.0000000000000000        0.0000000000000000     
   1.3111269566504125        631976930.66095364        10232791.435619006        421117898.81913567        7093040.2512658145        3570.8838573823582        52.189750322013872        171303.47594610849        7065.7557210079513        6.4306326468731605        313.99662453591668        4.3222769597416280        1.8489920995298968E-002   51787.759147085155        789.36071843340153        3.4291714259877986        0.0000000000000000        0.0000000000000000        0.0000000000000000        0.0000000000000000        0.0000000000000000        0.0000000000000000        0.0000000000000000        0.0000000000000000        0.0000000000000000        0.0000000000000000        0.0000000000000000        0.0000000000000000        0.0000000000000000        0.0000000000000000        0.0000000000000000        0.0000000000000000        0.0000000000000000        0.0000000000000000     
   1.3166238986061813        610218945.10669947        10018494.800298538        399396492.94685876        6926806.2634663973        3571.9831607304900        51.489315944910267        165286.05815997990        6980.1893833013492        6.5479624266258458        303.18789393246885        4.2393914093562959        1.8649974062683261E-002   49991.386475000189        786.67227163634277        3.5224121033421816        0.0000000000000000        0.0000000000000000        0.0000000000000000        0.0000000000000000        0.0000000000000000        0.0000000000000000        0.0000000000000000        0.0000000000000000        0.0000000000000000        0.0000000000000000        0.0000000000000000        0.0000000000000000        0.0000000000000000        0.0000000000000000        0.0000000000000000        0.0000000000000000        0.0000000000000000        0.0000000000000000     
   1.3222174950086405        589215262.18141067        9806457.6454826687        378741484.16304654        6761699.2875467641        3571.7107288280786        50.771955400376946        159476.94109262180        6896.4577377641444        6.6672596094764760        292.75331543496333        4.1573780175190951        1.8806569840847540E-002   48257.053339728795        783.88579847405811        3.6172268538182006        0.0000000000000000        0.0000000000000000        0.0000000000000000        0.0000000000000000        0.0000000000000000        0.0000000000000000        0.0000000000000000        0.0000000000000000        0.0000000000000000        0.0000000000000000        0.0000000000000000        0.0000000000000000        0.0000000000000000        0.0000000000000000        0.0000000000000000        0.0000000000000000        0.0000000000000000        0.0000000000000000     
   1.3279094453631037        568939204.75061619        9596771.4633118175        359104856.65271842        6597860.4905653959        3570.0689157473107        50.039355558400388        153868.82762256323        6814.4736758533036        6.7885129014030268        282.67967869399098        4.0762689051191829        1.8959680998957042E-002   46582.581143292708        781.00321390375177        3.7136146313360254        0.0000000000000000        0.0000000000000000        0.0000000000000000        0.0000000000000000        0.0000000000000000        0.0000000000000000        0.0000000000000000        0.0000000000000000        0.0000000000000000        0.0000000000000000        0.0000000000000000        0.0000000000000000        0.0000000000000000        0.0000000000000000        0.0000000000000000        0.0000000000000000        0.0000000000000000        0.0000000000000000     
   1.3337014790578174        549364879.74081159        9389519.0355543904        340440412.78388900        6435423.0720929792        3567.0612550225424        49.293176073964439        148454.63431137995        6734.1517654095242        6.9117075129239165        272.95416030912804        3.9960935730834963        1.9109285264045650E-002   44965.855007174076        778.02619657435434        3.8115726172207918        0.0000000000000000        0.0000000000000000        0.0000000000000000        0.0000000000000000        0.0000000000000000        0.0000000000000000        0.0000000000000000        0.0000000000000000        0.0000000000000000        0.0000000000000000        0.0000000000000000        0.0000000000000000        0.0000000000000000        0.0000000000000000        0.0000000000000000        0.0000000000000000        0.0000000000000000        0.0000000000000000     
   1.3395953558894018        530467248.43974900        9184775.8610881176        322703777.75551057        6274513.0533217750        3562.6928198748537        48.535042280074904        143227.51086200547        6655.4087154426643        7.0368246666601175        263.56435922605419        3.9168790620613532        1.9255363414432607E-002   43404.829595498450        774.95623862948048        3.9110959064497735        0.0000000000000000        0.0000000000000000        0.0000000000000000        0.0000000000000000        0.0000000000000000        0.0000000000000000        0.0000000000000000        0.0000000000000000        0.0000000000000000        0.0000000000000000        0.0000000000000000        0.0000000000000000        0.0000000000000000        0.0000000000000000        0.0000000000000000        0.0000000000000000        0.0000000000000000        0.0000000000000000     
   1.3455928665975307        512222217.61385447        8982612.3072810564        305852412.12455678        6115250.6271052537        3556.9709406022903        47.766542454622396        138180.86532484140        6578.1640764280346        7.1638408779405367        254.49834277411003        3.8386501506449586        1.9397895976646953E-002   41897.536679126322        771.79471840106203        4.0121770496158051        0.0000000000000000        0.0000000000000000        0.0000000000000000        0.0000000000000000        0.0000000000000000        0.0000000000000000        0.0000000000000000        0.0000000000000000        0.0000000000000000        0.0000000000000000        0.0000000000000000        0.0000000000000000        0.0000000000000000        0.0000000000000000        0.0000000000000000        0.0000000000000000        0.0000000000000000        0.0000000000000000     
   1.3516958334090123        494606523.05325717        8783092.3134451546        289845496.66119009        5957749.2906177714        3549.9048637917635        46.989224729654488        133308.33210570039        6502.3395265340178        7.2927279445971349        245.74458836344809        3.7614292880479616        1.9536865057921467E-002   40442.075545786764        768.54284947077781        4.1148060212916935        0.0000000000000000        0.0000000000000000        0.0000000000000000        0.0000000000000000        0.0000000000000000        0.0000000000000000        0.0000000000000000        0.0000000000000000        0.0000000000000000        0.0000000000000000        0.0000000000000000        0.0000000000000000        0.0000000000000000        0.0000000000000000        0.0000000000000000        0.0000000000000000        0.0000000000000000        0.0000000000000000     
   1.3579061105914376        477597650.23284358        8586272.5198092237        274643841.71078956        5802115.1726767849        3541.5054386267107        46.204592270542882        128603.75017214118        6427.8583866978206        7.4234529818567623        237.29194375171454        3.6852365665736184        1.9672255864714872E-002   39036.606464926765        765.20164868358268        4.2189702116718557        0.0000000000000000        0.0000000000000000        0.0000000000000000        0.0000000000000000        0.0000000000000000        0.0000000000000000        0.0000000000000000        0.0000000000000000        0.0000000000000000        0.0000000000000000        0.0000000000000000        0.0000000000000000        0.0000000000000000        0.0000000000000000        0.0000000000000000        0.0000000000000000        0.0000000000000000        0.0000000000000000     
   1.3642255850165643        461173826.57273549        8392202.6323220879        260209844.85930663        5648447.2479250357        3531.7852278496725        45.414100978348969        124061.16102075168        6354.6456052755302        7.5559781389413345        229.12962330584469        3.6100898045388363        1.9804056402615830E-002   37679.350075969574        761.77194428975554        4.3246542260131857        0.0000000000000000        0.0000000000000000        0.0000000000000000        0.0000000000000000        0.0000000000000000        0.0000000000000000        0.0000000000000000        0.0000000000000000        0.0000000000000000        0.0000000000000000        0.0000000000000000        0.0000000000000000        0.0000000000000000        0.0000000000000000        0.0000000000000000        0.0000000000000000        0.0000000000000000        0.0000000000000000     
   1.3706561767336045        445314126.09628910        8200927.8319434356        246507510.48828885        5496838.8168108324        3520.7592923539087        44.619155029188029        119674.83752617962        6282.6286481469106        7.6902597218019366        221.24726083441493        3.5360047902996143        1.9932253356916178E-002   36368.596064114317        758.25446679529705        4.4318393067179978        0.0000000000000000        0.0000000000000000        0.0000000000000000        0.0000000000000000        0.0000000000000000        0.0000000000000000        0.0000000000000000        0.0000000000000000        0.0000000000000000        0.0000000000000000        0.0000000000000000        0.0000000000000000        0.0000000000000000        0.0000000000000000        0.0000000000000000        0.0000000000000000        0.0000000000000000        0.0000000000000000     
   1.3771998395525957        429998274.20989317        8012486.0425982606        233502296.42552811        5347375.7559125982        3508.4443011597864        43.821108665939036        115439.23031633465        6211.7361410881595        7.8262487896926585        213.63481164464582        3.4629950970087737        2.0056837240696328E-002   35102.687063820063        754.64973791164289        4.5405036733500648        0.0000000000000000        0.0000000000000000        0.0000000000000000        0.0000000000000000        0.0000000000000000        0.0000000000000000        0.0000000000000000        0.0000000000000000        0.0000000000000000        0.0000000000000000        0.0000000000000000        0.0000000000000000        0.0000000000000000        0.0000000000000000        0.0000000000000000        0.0000000000000000        0.0000000000000000        0.0000000000000000     
   1.3838585616380270        415206739.05643421        7826909.9343381552        221161128.62412560        5200137.6692671720        3494.8590319507307        43.021259533218874        111348.99291417398        6141.8986588621538        7.9638903633942908        206.28259858531371        3.3910723192863217        2.0177798830896758E-002   33880.026221734566        750.95815168073671        4.6506219891772105        0.0000000000000000        0.0000000000000000        0.0000000000000000        0.0000000000000000        0.0000000000000000        0.0000000000000000        0.0000000000000000        0.0000000000000000        0.0000000000000000        0.0000000000000000        0.0000000000000000        0.0000000000000000        0.0000000000000000        0.0000000000000000        0.0000000000000000        0.0000000000000000        0.0000000000000000        0.0000000000000000     
   1.3906343661129048        400920662.73348486        7644226.4136451771        209452323.95098561        5055197.6122822724        3480.0242643105980        42.220850587389400        107398.96290504823        6073.0483119331047        8.1031234393690941        199.18127769768071        3.3202460737260271        2.0295130571569231E-002   32699.071550557212        747.17994743843292        4.7621653323665551        0.0000000000000000        0.0000000000000000        0.0000000000000000        0.0000000000000000        0.0000000000000000        0.0000000000000000        0.0000000000000000        0.0000000000000000        0.0000000000000000        0.0000000000000000        0.0000000000000000        0.0000000000000000        0.0000000000000000        0.0000000000000000        0.0000000000000000        0.0000000000000000        0.0000000000000000        0.0000000000000000     
   1.3975293116734386        387121882.62438607        7464457.5356945982        198345563.09439504        4912622.5648966227        3463.9629344112841        41.421067598716192        103584.16779861093        6005.1190631518366        8.2438805546799152        192.32184910739676        3.2505241343920979        2.0408824995620231E-002   31558.337710710832        743.31524962632375        4.8751008742085986        0.0000000000000000        0.0000000000000000        0.0000000000000000        0.0000000000000000        0.0000000000000000        0.0000000000000000        0.0000000000000000        0.0000000000000000        0.0000000000000000        0.0000000000000000        0.0000000000000000        0.0000000000000000        0.0000000000000000        0.0000000000000000        0.0000000000000000        0.0000000000000000        0.0000000000000000        0.0000000000000000     
   1.4045454932145365        373792895.64031303        7287620.4708453789        187811833.12530416        4772473.3794815484        3446.7000554501842        40.623037826590064        99899.815219972850        5938.0465955378604        8.3860876657677910        185.69563923214403        3.1819124833622596        2.0518875048040657E-002   30456.393081298236        739.36406655396877        4.9893917552861122        0.0000000000000000        0.0000000000000000        0.0000000000000000        0.0000000000000000        0.0000000000000000        0.0000000000000000        0.0000000000000000        0.0000000000000000        0.0000000000000000        0.0000000000000000        0.0000000000000000        0.0000000000000000        0.0000000000000000        0.0000000000000000        0.0000000000000000        0.0000000000000000        0.0000000000000000        0.0000000000000000     
   1.4116850424662974        360916759.61683583        7113726.2290663291        177823342.16178745        4634803.9987105420        3428.2621417570945        39.827830419313571        96341.265895012722        5871.7675849479347        8.5296644769428056        179.29425131521288        3.1144152649649954        2.0625277180389374E-002   29391.851641409427        735.32623138516090        5.1049972567556985        0.0000000000000000        0.0000000000000000        0.0000000000000000        0.0000000000000000        0.0000000000000000        0.0000000000000000        0.0000000000000000        0.0000000000000000        0.0000000000000000        0.0000000000000000        0.0000000000000000        0.0000000000000000        0.0000000000000000        0.0000000000000000        0.0000000000000000        0.0000000000000000        0.0000000000000000        0.0000000000000000     
   1.4189501286416961        348477182.00723898        6942781.8561119856        168353529.07193050        4499662.7673601136        3408.6778660950540        39.036454511738235        92904.057973122530        5806.2206229581079        8.6745236444583682        173.10961023480505        3.0480350336288256        2.0728027270544638E-002   28363.380315809387        731.20149854898602        5.2218722258188839        0.0000000000000000        0.0000000000000000        0.0000000000000000        0.0000000000000000        0.0000000000000000        0.0000000000000000        0.0000000000000000        0.0000000000000000        0.0000000000000000        0.0000000000000000        0.0000000000000000        0.0000000000000000        0.0000000000000000        0.0000000000000000        0.0000000000000000        0.0000000000000000        0.0000000000000000        0.0000000000000000     
   1.4263429590956571        336458468.97698033        6774790.1434020773        159377001.76220560        4367092.2713897098        3387.9778801358066        38.249860785709707        89583.893067569603        5741.3459567029131        8.8205708233419848        167.13393710178525        2.9827727779086901        2.0827121636035902E-002   27369.694797505817        726.98952958091468        5.3399670514258162        0.0000000000000000        0.0000000000000000        0.0000000000000000        0.0000000000000000        0.0000000000000000        0.0000000000000000        0.0000000000000000        0.0000000000000000        0.0000000000000000        0.0000000000000000        0.0000000000000000        0.0000000000000000        0.0000000000000000        0.0000000000000000        0.0000000000000000        0.0000000000000000        0.0000000000000000        0.0000000000000000     
   1.4338657799957155        324845474.33076632        6609749.1813987494        150869478.68246618        4237129.0369465137        3366.1944225664733        37.468940953387602        86376.622249083186        5677.0851854302427        8.9677048204814263        161.35972369367173        2.9186279472618177        2.0922558499659790E-002   26409.555349324237        722.68987337285319        5.4592277068048718        0.0000000000000000        0.0000000000000000        0.0000000000000000        0.0000000000000000        0.0000000000000000        0.0000000000000000        0.0000000000000000        0.0000000000000000        0.0000000000000000        0.0000000000000000        0.0000000000000000        0.0000000000000000        0.0000000000000000        0.0000000000000000        0.0000000000000000        0.0000000000000000        0.0000000000000000        0.0000000000000000     
   1.4415208770044705        313623623.90396565        6447653.4091108786        142807766.22356024        4109804.1486511766        3343.3615527984084        36.694528092822182        83278.252690301000        5613.3816826603997        9.1158172794779837        155.77974492340113        2.8555985958869532        2.1014336221887770E-002   25481.768836880441        718.30201643907333        5.5795954710764288        0.0000000000000000        0.0000000000000000        0.0000000000000000        0.0000000000000000        0.0000000000000000        0.0000000000000000        0.0000000000000000        0.0000000000000000        0.0000000000000000        0.0000000000000000        0.0000000000000000        0.0000000000000000        0.0000000000000000        0.0000000000000000        0.0000000000000000        0.0000000000000000        0.0000000000000000        0.0000000000000000     
   1.4493105759740419        302778877.64035922        6288493.4626581203        135169708.82824960        3985143.1920079356        3319.5149305823670        35.927397265011152        80284.937267217058        5550.1804195805789        9.2647927585660081        150.38703991985150        2.7936814285889056        2.1102454131212978E-002   24585.185619483247        713.82537476583536        5.7010069156901464        0.0000000000000000        0.0000000000000000        0.0000000000000000        0.0000000000000000        0.0000000000000000        0.0000000000000000        0.0000000000000000        0.0000000000000000        0.0000000000000000        0.0000000000000000        0.0000000000000000        0.0000000000000000        0.0000000000000000        0.0000000000000000        0.0000000000000000        0.0000000000000000        0.0000000000000000        0.0000000000000000     
   1.4572372436527326        292297699.54934996        6132256.1403484968        127934143.60668586        3863166.2470050557        3294.6915843771139        35.168267118790780        77392.966310411939        5487.4278594821499        9.4145088885094115        145.17489706245556        2.7328718561430798        2.1186913310173854E-002   23718.697089277339        709.25929204266731        5.8233939350741650        0.0000000000000000        0.0000000000000000        0.0000000000000000        0.0000000000000000        0.0000000000000000        0.0000000000000000        0.0000000000000000        0.0000000000000000        0.0000000000000000        0.0000000000000000        0.0000000000000000        0.0000000000000000        0.0000000000000000        0.0000000000000000        0.0000000000000000        0.0000000000000000        0.0000000000000000        0.0000000000000000     
   1.4653032884041199        282167108.73358542        5978925.9989898503        121080890.43959956        3743888.8226845129        3268.9303495658041        34.417799538484779        74598.781470716363        5425.0727090717000        9.5648358538987583        140.13687988056722        2.6731641845571876        2.1267713160054210E-002   22881.239896269144        704.60312362681441        5.9466833110874688        0.0000000000000000        0.0000000000000000        0.0000000000000000        0.0000000000000000        0.0000000000000000        0.0000000000000000        0.0000000000000000        0.0000000000000000        0.0000000000000000        0.0000000000000000        0.0000000000000000        0.0000000000000000        0.0000000000000000        0.0000000000000000        0.0000000000000000        0.0000000000000000        0.0000000000000000        0.0000000000000000     
   1.4735111609387901        272374561.92370796        5828483.5597167816        114590669.40029702        3627320.8210103209        3242.2708709156445        33.676602282543904        71898.943573981727        5363.0649379498900        9.7156374810744914        135.26676803540687        2.6145515120364573        2.1344856701158221E-002   22071.786272010897        699.85614791262424        6.0707973623799543        0.0000000000000000        0.0000000000000000        0.0000000000000000        0.0000000000000000        0.0000000000000000        0.0000000000000000        0.0000000000000000        0.0000000000000000        0.0000000000000000        0.0000000000000000        0.0000000000000000        0.0000000000000000        0.0000000000000000        0.0000000000000000        0.0000000000000000        0.0000000000000000        0.0000000000000000        0.0000000000000000     
   1.4818633550589388        262908020.83613941        5680907.1918362118        108445102.08990067        3513467.7041461468        3214.7541721199686        32.945229179976685        69290.150963858876        5301.3566686164322        9.8667705258744434        130.55859141957171        2.5570259562147473        2.1418346266792940E-002   21289.349602876606        695.01766274491604        6.1956533741167252        0.0000000000000000        0.0000000000000000        0.0000000000000000        0.0000000000000000        0.0000000000000000        0.0000000000000000        0.0000000000000000        0.0000000000000000        0.0000000000000000        0.0000000000000000        0.0000000000000000        0.0000000000000000        0.0000000000000000        0.0000000000000000        0.0000000000000000        0.0000000000000000        0.0000000000000000        0.0000000000000000     
   1.4903624084160647        253755913.91387442        5536172.9260022854        102626664.88767537        3402330.4180538384        3186.4223627186261        32.224182099040164        66769.228968389478        5239.9020309444504        10.018085107593050        126.00661107079414        2.5005786819348428        2.1488184623063865E-002   20532.981287385788        690.08698015298876        6.3211637934899132        0.0000000000000000        0.0000000000000000        0.0000000000000000        0.0000000000000000        0.0000000000000000        0.0000000000000000        0.0000000000000000        0.0000000000000000        0.0000000000000000        0.0000000000000000        0.0000000000000000        0.0000000000000000        0.0000000000000000        0.0000000000000000        0.0000000000000000        0.0000000000000000        0.0000000000000000        0.0000000000000000     
   1.4990109032819841        244907088.14300632        5394253.9623908270        97118641.145738259        3293905.1392258559        3157.3181040815530        31.513912854912469        64333.116682510517        5178.6568592926824        10.169425382101261        121.60529502958607        2.4451999135455180        2.1554377133537143E-002   19801.766773757990        685.06340317813192        6.4472365858761531        0.0000000000000000        0.0000000000000000        0.0000000000000000        0.0000000000000000        0.0000000000000000        0.0000000000000000        0.0000000000000000        0.0000000000000000        0.0000000000000000        0.0000000000000000        0.0000000000000000        0.0000000000000000        0.0000000000000000        0.0000000000000000        0.0000000000000000        0.0000000000000000        0.0000000000000000        0.0000000000000000     
   1.5078114673334051        236350873.08878821        5255122.5624465505        91905119.471408024        3188184.4242772218        3127.4852427202845        30.814823839932927        61978.884312373644        5117.5796604664874        10.320628907281622        117.34935080894559        2.3908791498266257        2.1616926927551922E-002   19094.830850159000        679.94633396975519        6.5737746928280663        0.0000000000000000        0.0000000000000000        0.0000000000000000        0.0000000000000000        0.0000000000000000        0.0000000000000000        0.0000000000000000        0.0000000000000000        0.0000000000000000        0.0000000000000000        0.0000000000000000        0.0000000000000000        0.0000000000000000        0.0000000000000000        0.0000000000000000        0.0000000000000000        0.0000000000000000        0.0000000000000000     
   1.5167667744502968        228076973.62741438        5118748.3136332752        86970924.124090552        3085156.2754099858        3096.9677264285688        30.127270915645365        59703.703872064958        5056.6306394757339        10.471528126812366        113.23367146247719        2.3376050580578962        2.1675840708712472E-002   18411.328812238917        674.73518074429433        6.7006769405371047        0.0000000000000000        0.0000000000000000        0.0000000000000000        0.0000000000000000        0.0000000000000000        0.0000000000000000        0.0000000000000000        0.0000000000000000        0.0000000000000000        0.0000000000000000        0.0000000000000000        0.0000000000000000        0.0000000000000000        0.0000000000000000        0.0000000000000000        0.0000000000000000        0.0000000000000000        0.0000000000000000     
   1.5258795455282941        220075515.71040031        4985099.5845343862        82301607.917163491        2984805.0394166880        3065.8099948960244        29.451564071187040        57504.861541560080        4995.7724572412781        10.621950060432329        109.25335881251129        2.2853656557672384        2.1731125140546339E-002   17750.450243349718        669.42944396243752        6.8278377114657820        0.0000000000000000        0.0000000000000000        0.0000000000000000        0.0000000000000000        0.0000000000000000        0.0000000000000000        0.0000000000000000        0.0000000000000000        0.0000000000000000        0.0000000000000000        0.0000000000000000        0.0000000000000000        0.0000000000000000        0.0000000000000000        0.0000000000000000        0.0000000000000000        0.0000000000000000        0.0000000000000000     
   1.5351525493053888        212337015.46426544        4854143.3958785115        77883414.918153733        2887111.4218723406        3034.0566888765807        28.787970128520822        55379.749155194164        4934.9701229579005        10.771716992975820        105.40370803690396        2.2341483418884081        2.1782787961823997E-002   17111.416477023216        664.02871298953210        6.9551473015863943        0.0000000000000000        0.0000000000000000        0.0000000000000000        0.0000000000000000        0.0000000000000000        0.0000000000000000        0.0000000000000000        0.0000000000000000        0.0000000000000000        0.0000000000000000        0.0000000000000000        0.0000000000000000        0.0000000000000000        0.0000000000000000        0.0000000000000000        0.0000000000000000        0.0000000000000000        0.0000000000000000     
   1.5445886032031582        204852373.85629487        4725845.7890339028        73703254.179719582        2792052.7681056848        3001.7525356813180        28.136714220619307        53325.862635732192        4874.1911803723106        10.920646875213281        101.68020512912406        2.1839399757444666        2.1830837439225984E-002   16493.480162743414        658.53269359771832        7.0824920779219980        0.0000000000000000        0.0000000000000000        0.0000000000000000        0.0000000000000000        0.0000000000000000        0.0000000000000000        0.0000000000000000        0.0000000000000000        0.0000000000000000        0.0000000000000000        0.0000000000000000        0.0000000000000000        0.0000000000000000        0.0000000000000000        0.0000000000000000        0.0000000000000000        0.0000000000000000        0.0000000000000000     
   1.5541905741827819        197612864.86190575        4600172.0641477518        69748671.926192954        2699603.2970492551        2968.9422279181617        27.497981887782707        51340.798668842268        4813.4058124072490        11.068553822025411        98.078521086265539        2.1347269419382719        2.1875282183492828E-002   15895.924297419269        652.94122697451189        7.2097547049318829        0.0000000000000000        0.0000000000000000        0.0000000000000000        0.0000000000000000        0.0000000000000000        0.0000000000000000        0.0000000000000000        0.0000000000000000        0.0000000000000000        0.0000000000000000        0.0000000000000000        0.0000000000000000        0.0000000000000000        0.0000000000000000        0.0000000000000000        0.0000000000000000        0.0000000000000000        0.0000000000000000     
   1.5639613796161140        190610107.47498858        4477086.6215183316        66007818.719767101        2609734.0993215367        2935.6700541831624        26.871920699581473        49422.246990914937        4752.5867342030697        11.215248980498551        94.594497927538086        2.0864951778447676        2.1916132322231510E-002   15318.059924513922        647.25428548706793        7.3368146261457889        0.0000000000000000        0.0000000000000000        0.0000000000000000        0.0000000000000000        0.0000000000000000        0.0000000000000000        0.0000000000000000        0.0000000000000000        0.0000000000000000        0.0000000000000000        0.0000000000000000        0.0000000000000000        0.0000000000000000        0.0000000000000000        0.0000000000000000        0.0000000000000000        0.0000000000000000        0.0000000000000000     
   1.5739039881720687        183836045.30606282        4356552.9465851393        62469420.891247422        2522413.2387975827        2901.9796200381588        26.258642320242387        47567.984757257487        4691.7091532311824        11.360541380112998        91.224138530227407        2.0392302163307772        2.1953400373728168E-002   14759.224459949141        641.47197468965737        7.4635485346804300        0.0000000000000000        0.0000000000000000        0.0000000000000000        0.0000000000000000        0.0000000000000000        0.0000000000000000        0.0000000000000000        0.0000000000000000        0.0000000000000000        0.0000000000000000        0.0000000000000000        0.0000000000000000        0.0000000000000000        0.0000000000000000        0.0000000000000000        0.0000000000000000        0.0000000000000000        0.0000000000000000     
   1.5840214207185914        177282987.67276478        4238535.0190466093        59122773.677645050        2437606.6599307056        2867.9144256909171        25.658224362243381        45775.887561806107        4630.7515543167556        11.504237590738015        87.963627534811039        1.9929173519030770        2.1987096644412507E-002   14218.785077043154        635.59462836530770        7.5898300237943594        0.0000000000000000        0.0000000000000000        0.0000000000000000        0.0000000000000000        0.0000000000000000        0.0000000000000000        0.0000000000000000        0.0000000000000000        0.0000000000000000        0.0000000000000000        0.0000000000000000        0.0000000000000000        0.0000000000000000        0.0000000000000000        0.0000000000000000        0.0000000000000000        0.0000000000000000        0.0000000000000000     
   1.5943167512404930        170943523.10692108        4122995.7586201793        55957691.130225964        2355277.4288513050        2833.5167224914007        25.070712468308514        44043.905905859283        4569.6947733982624        11.646143865330520        84.809287799039708        1.9475415361530457        2.2017235539400826E-002   13696.131592747253        629.62271210041536        7.7155309649134729        0.0000000000000000        0.0000000000000000        0.0000000000000000        0.0000000000000000        0.0000000000000000        0.0000000000000000        0.0000000000000000        0.0000000000000000        0.0000000000000000        0.0000000000000000        0.0000000000000000        0.0000000000000000        0.0000000000000000        0.0000000000000000        0.0000000000000000        0.0000000000000000        0.0000000000000000        0.0000000000000000     
   1.6047931077734188        164810569.61052901        4009898.6024570805        52964503.970806338        2275386.7353449031        2798.8281989893480        24.496121759821072        42370.078702233986        4508.5228907301735        11.786065663146607        81.757605911235984        1.9030875631968880        2.2043830155659496E-002   13190.680603998038        623.55693119806438        7.8405210716449876        0.0000000000000000        0.0000000000000000        0.0000000000000000        0.0000000000000000        0.0000000000000000        0.0000000000000000        0.0000000000000000        0.0000000000000000        0.0000000000000000        0.0000000000000000        0.0000000000000000        0.0000000000000000        0.0000000000000000        0.0000000000000000        0.0000000000000000        0.0000000000000000        0.0000000000000000        0.0000000000000000     
   1.6154536733542413        158877328.53650144        3899206.8609128720        50134025.194319159        2197893.6660006065        2763.8894228268809        23.934439166818795        40752.520702025475        4447.2228139715762        11.923809102272640        78.805209034616695        1.8595400422038262        2.2066895207735762E-002   12701.871697625787        617.39819112189036        7.9646688142530477        0.0000000000000000        0.0000000000000000        0.0000000000000000        0.0000000000000000        0.0000000000000000        0.0000000000000000        0.0000000000000000        0.0000000000000000        0.0000000000000000        0.0000000000000000        0.0000000000000000        0.0000000000000000        0.0000000000000000        0.0000000000000000        0.0000000000000000        0.0000000000000000        0.0000000000000000        0.0000000000000000     
   1.6263016869881644        153137275.22818127        3790883.8695953893        47457529.337958649        2122755.4144851174        2728.7396997269007        23.385624589200511        39189.419881937662        4385.7843324139849        12.059181731521514        75.948860291882923        1.8168834483890886        2.2086446907846859E-002   12229.166682949579        611.14761051692915        8.0878418678695638        0.0000000000000000        0.0000000000000000        0.0000000000000000        0.0000000000000000        0.0000000000000000        0.0000000000000000        0.0000000000000000        0.0000000000000000        0.0000000000000000        0.0000000000000000        0.0000000000000000        0.0000000000000000        0.0000000000000000        0.0000000000000000        0.0000000000000000        0.0000000000000000        0.0000000000000000        0.0000000000000000     
   1.6373404446328321        147584143.13441640        3684892.9941381607        44926730.492881030        2049927.4367661055        2693.4169229484664        22.849613294886989        37679.033091155085        4324.2000584152265        12.191993464658319        73.185450857545604        1.7751021584635949        2.2102503544697928E-002   11772.048291306370        604.80652093228628        8.2099076827924815        0.0000000000000000        0.0000000000000000        0.0000000000000000        0.0000000000000000        0.0000000000000000        0.0000000000000000        0.0000000000000000        0.0000000000000000        0.0000000000000000        0.0000000000000000        0.0000000000000000        0.0000000000000000        0.0000000000000000        0.0000000000000000        0.0000000000000000        0.0000000000000000        0.0000000000000000        0.0000000000000000     
   1.6485733001997400        142211958.83206213        3581198.8597753597        42533776.248323649        1979364.2501640602        2657.9582014858261        22.326317399744532        36219.695411961577        4262.4661363415889        12.322056142630238        70.512017788211267        1.7341805953329017        2.2115080320520411E-002   11330.023051686396        598.37655967631247        8.3307331117295931        0.0000000000000000        0.0000000000000000        0.0000000000000000        0.0000000000000000        0.0000000000000000        0.0000000000000000        0.0000000000000000        0.0000000000000000        0.0000000000000000        0.0000000000000000        0.0000000000000000        0.0000000000000000        0.0000000000000000        0.0000000000000000        0.0000000000000000        0.0000000000000000        0.0000000000000000        0.0000000000000000     
   1.6600036665732567        137014949.55969483        3479765.4503602977        40271203.374753714        1911018.5466101686        2622.3984828106250        21.815627351049024        34809.795179861889        4200.5810087321443        12.449186457924723        67.925697385945796        1.6941030790528471        2.2124198050781453E-002   10902.613702764242        591.85952953712399        8.4501863929012444        0.0000000000000000        0.0000000000000000        0.0000000000000000        0.0000000000000000        0.0000000000000000        0.0000000000000000        0.0000000000000000        0.0000000000000000        0.0000000000000000        0.0000000000000000        0.0000000000000000        0.0000000000000000        0.0000000000000000        0.0000000000000000        0.0000000000000000        0.0000000000000000        0.0000000000000000        0.0000000000000000     
   1.6716350166475631        131987604.45773412        3380557.9427575087        38131941.421605997        1844842.3328100489        2586.7716408492602        21.317413647071493        33447.790439123957        4138.5464810347048        12.573204809417804        65.423756265297087        1.6548540331253407        2.2129875296859499E-002   10489.364222131902        585.25753458693111        8.5681363015591501        0.0000000000000000        0.0000000000000000        0.0000000000000000        0.0000000000000000        0.0000000000000000        0.0000000000000000        0.0000000000000000        0.0000000000000000        0.0000000000000000        0.0000000000000000        0.0000000000000000        0.0000000000000000        0.0000000000000000        0.0000000000000000        0.0000000000000000        0.0000000000000000        0.0000000000000000        0.0000000000000000     
   1.6834708843818218        127124600.89601310        3283541.2073817756        36109276.299530409        1780786.2805947869        2551.1093791752655        20.831528402145604        32132.189088881725        4076.3666937415614        12.693937848563282        63.003554201751797        1.6164178668652109        2.2132135536490061E-002   10089.833788342663        578.57286173486864        8.6844538987450886        0.0000000000000000        0.0000000000000000        0.0000000000000000        0.0000000000000000        0.0000000000000000        0.0000000000000000        0.0000000000000000        0.0000000000000000        0.0000000000000000        0.0000000000000000        0.0000000000000000        0.0000000000000000        0.0000000000000000        0.0000000000000000        0.0000000000000000        0.0000000000000000        0.0000000000000000        0.0000000000000000     
   1.6955148658739039        122420850.88356104        3188681.2704555327        34196849.957986735        1718800.6542272442        2515.4421401446793        20.357806974719555        30861.561342524186        4014.0489605278117        12.811217553574068        60.662567697073321        1.5787791464358893        2.2131000513596712E-002   9703.6005898978456        571.80809190927221        8.7990118577402505        0.0000000000000000        0.0000000000000000        0.0000000000000000        0.0000000000000000        0.0000000000000000        0.0000000000000000        0.0000000000000000        0.0000000000000000        0.0000000000000000        0.0000000000000000        0.0000000000000000        0.0000000000000000        0.0000000000000000        0.0000000000000000        0.0000000000000000        0.0000000000000000        0.0000000000000000        0.0000000000000000     
   1.7077706204529908        117871476.91803327        3095945.0344968764        32388639.488071050        1658835.3068924788        2479.7988998961046        19.896069684480622        29634.533212418286        3951.6034970311771        12.924882197949731        58.398377876770041        1.5419225865300858        2.2126491325561021E-002   9330.2598480517699        564.96607637895318        8.9116851386730929        0.0000000000000000        0.0000000000000000        0.0000000000000000        0.0000000000000000        0.0000000000000000        0.0000000000000000        0.0000000000000000        0.0000000000000000        0.0000000000000000        0.0000000000000000        0.0000000000000000        0.0000000000000000        0.0000000000000000        0.0000000000000000        0.0000000000000000        0.0000000000000000        0.0000000000000000        0.0000000000000000     
   1.7202418717913925        113471757.07234973        3005299.1304644900        30678929.077654175        1600839.2194119999        2444.2062579937970        19.446122767232485        28449.771782493266        3889.0425748482835        13.034778600724467        56.208642779429837        1.5058329659404570        2.2118634493339884E-002   8969.4193259807980        558.04983602465268        9.0223525687396862        0.0000000000000000        0.0000000000000000        0.0000000000000000        0.0000000000000000        0.0000000000000000        0.0000000000000000        0.0000000000000000        0.0000000000000000        0.0000000000000000        0.0000000000000000        0.0000000000000000        0.0000000000000000        0.0000000000000000        0.0000000000000000        0.0000000000000000        0.0000000000000000        0.0000000000000000        0.0000000000000000     
   1.7329324090359117        109217175.64069982        2916711.4825260243        29062311.863326397        1544761.4728144747        2408.6895594453722        19.007759781378269        27305.998813811089        3826.3814191586757        13.140760629483138        54.091123068860142        1.4704953038759225        2.2107453901830717E-002   8620.7034814380331        551.06268444676277        9.1308958064671515        0.0000000000000000        0.0000000000000000        0.0000000000000000        0.0000000000000000        0.0000000000000000        0.0000000000000000        0.0000000000000000        0.0000000000000000        0.0000000000000000        0.0000000000000000        0.0000000000000000        0.0000000000000000        0.0000000000000000        0.0000000000000000        0.0000000000000000        0.0000000000000000        0.0000000000000000        0.0000000000000000     
   1.7458460879591013        105103358.21889049        2830149.8891387265        27533660.338472668        1490550.6590466148        2373.2718816377069        18.580763223682101        26201.973381098225        3763.6371438652291        13.242691792337991        52.043649264116091        1.4358947388639500        2.2092978453877823E-002   8283.7481638382014        544.00809759717254        9.2372011928448092        0.0000000000000000        0.0000000000000000        0.0000000000000000        0.0000000000000000        0.0000000000000000        0.0000000000000000        0.0000000000000000        0.0000000000000000        0.0000000000000000        0.0000000000000000        0.0000000000000000        0.0000000000000000        0.0000000000000000        0.0000000000000000        0.0000000000000000        0.0000000000000000        0.0000000000000000        0.0000000000000000     
   1.7589868321307685        101126124.49140550        2745583.6346776639        26088129.079598948        1438155.8490859393        2337.9752360256084        18.164905878531322        25136.506038944721        3700.8296967173765        13.340443313049594        50.064148533662951        1.4020167086133748        2.2075232970082063E-002   7958.2049359916900        536.88984722279451        9.3411584348587695        0.0000000000000000        0.0000000000000000        0.0000000000000000        0.0000000000000000        0.0000000000000000        0.0000000000000000        0.0000000000000000        0.0000000000000000        0.0000000000000000        0.0000000000000000        0.0000000000000000        0.0000000000000000        0.0000000000000000        0.0000000000000000        0.0000000000000000        0.0000000000000000        0.0000000000000000        0.0000000000000000     
   1.7723586341100726        97281409.284110874        2662981.6316937981        24721122.982883614        1387525.7728537654        2302.8191903438724        17.759951536014203        24108.437758430613        3637.9804755833070        13.433897393579462        48.150604800120718        1.3688467805309557        2.2054248622038111E-002   7643.7346321555679        529.71182459713486        9.4426629573084835        0.0000000000000000        0.0000000000000000        0.0000000000000000        0.0000000000000000        0.0000000000000000        0.0000000000000000        0.0000000000000000        0.0000000000000000        0.0000000000000000        0.0000000000000000        0.0000000000000000        0.0000000000000000        0.0000000000000000        0.0000000000000000        0.0000000000000000        0.0000000000000000        0.0000000000000000        0.0000000000000000     
   1.7859655566585870        93565306.495748535        2582313.7852505483        23428298.464694269        1338609.6578011841        2267.8219670261215        17.365656630410466        23116.651742661161        3575.1130957271143        13.522945452420448        46.301081044512976        1.3363708080485270        2.2030055078642131E-002   7340.0109572624842        522.47815104918811        9.5416147149168289        0.0000000000000000        0.0000000000000000        0.0000000000000000        0.0000000000000000        0.0000000000000000        0.0000000000000000        0.0000000000000000        0.0000000000000000        0.0000000000000000        0.0000000000000000        0.0000000000000000        0.0000000000000000        0.0000000000000000        0.0000000000000000        0.0000000000000000        0.0000000000000000        0.0000000000000000        0.0000000000000000     
   1.7998117339746909        89974040.411276489        2503550.4320082786        22205545.840219114        1291357.0661993760        2233.0000825171978        16.981771231319780        22160.065831335716        3512.2528605036773        13.607489260862097        44.513704850882796        1.3045748852670978        2.2002683494035755E-002   7046.7181542298222        515.19311515281947        9.6379190655339304        0.0000000000000000        0.0000000000000000        0.0000000000000000        0.0000000000000000        0.0000000000000000        0.0000000000000000        0.0000000000000000        0.0000000000000000        0.0000000000000000        0.0000000000000000        0.0000000000000000        0.0000000000000000        0.0000000000000000        0.0000000000000000        0.0000000000000000        0.0000000000000000        0.0000000000000000        0.0000000000000000     
   1.8139013729496636        86503960.233618841        2426662.3700220375        21048978.272357725        1245718.0288555496        2198.3684364124701        16.608040143587427        21237.631122438223        3449.4266289443676        13.687441119076171        42.786665693928171        1.2734453638447694        2.1972166194154950E-002   6763.5505688063440        507.86116241184254        9.7314869680627627        0.0000000000000000        0.0000000000000000        0.0000000000000000        0.0000000000000000        0.0000000000000000        0.0000000000000000        0.0000000000000000        0.0000000000000000        0.0000000000000000        0.0000000000000000        0.0000000000000000        0.0000000000000000        0.0000000000000000        0.0000000000000000        0.0000000000000000        0.0000000000000000        0.0000000000000000        0.0000000000000000     
   1.8282387544458680        83151529.861800000        2351620.7445372762        19954920.004624594        1201643.1038657140        2163.9403009765392        16.244203839183509        20348.329340870205        3386.6625759476410        13.762724159559566        41.118209816015032        1.2429688520020581        2.1938537165293273E-002   6490.2118287513786        500.48686952378279        9.8222352801053141        0.0000000000000000        0.0000000000000000        0.0000000000000000        0.0000000000000000        0.0000000000000000        0.0000000000000000        0.0000000000000000        0.0000000000000000        0.0000000000000000        0.0000000000000000        0.0000000000000000        0.0000000000000000        0.0000000000000000        0.0000000000000000        0.0000000000000000        0.0000000000000000        0.0000000000000000        0.0000000000000000     
   1.8428282345974063        79913319.971639693        2278396.9825667785        18919895.560342941        1159083.4544962083        2129.7273623059964        15.889999470808940        19491.170829525385        3323.9899832153988        13.833272553734782        39.506636264213171        1.2131322191806517        2.1901832403036958E-002   6226.4142123154270        493.07492192318819        9.9100869887430676        0.0000000000000000        0.0000000000000000        0.0000000000000000        0.0000000000000000        0.0000000000000000        0.0000000000000000        0.0000000000000000        0.0000000000000000        0.0000000000000000        0.0000000000000000        0.0000000000000000        0.0000000000000000        0.0000000000000000        0.0000000000000000        0.0000000000000000        0.0000000000000000        0.0000000000000000        0.0000000000000000     
   1.8576742461336471        76786020.930275902        2206963.3070592778        17940624.092516575        1117991.2042315081        2095.7402767923231        15.545162145087897        18665.198077285793        3261.4394421890970        13.899030438325120        37.950303490546219        1.1839226562036118        2.1862085979751051E-002   5971.8797099446356        485.63015222231212        9.9949705319526139        0.0000000000000000        0.0000000000000000        0.0000000000000000        0.0000000000000000        0.0000000000000000        0.0000000000000000        0.0000000000000000        0.0000000000000000        0.0000000000000000        0.0000000000000000        0.0000000000000000        0.0000000000000000        0.0000000000000000        0.0000000000000000        0.0000000000000000        0.0000000000000000        0.0000000000000000        0.0000000000000000     
   1.8727812997260225        73766405.946384549        2137291.8346893527        17014002.284660131        1078319.0737616315        2061.9879857522487        15.209425182907893        17869.476024792377        3199.0420608340396        13.959953633360781        36.447610721779185        1.1553275862059522        2.1819336016268124E-002   5726.3370400298927        478.15743221712501        10.076821120942871        0.0000000000000000        0.0000000000000000        0.0000000000000000        0.0000000000000000        0.0000000000000000        0.0000000000000000        0.0000000000000000        0.0000000000000000        0.0000000000000000        0.0000000000000000        0.0000000000000000        0.0000000000000000        0.0000000000000000        0.0000000000000000        0.0000000000000000        0.0000000000000000        0.0000000000000000        0.0000000000000000     
   1.8881539853585096        70851339.989701226        2069354.9417323614        16137098.647878285        1040020.6541489462        2028.4781491067686        14.882521355309997        17103.094550073049        3136.8295578880411        14.016008812044600        34.997002518363935        1.1273347109472789        2.1773622108549849E-002   5489.5223899615285        470.66169257363873        10.155580235841375        0.0000000000000000        0.0000000000000000        0.0000000000000000        0.0000000000000000        0.0000000000000000        0.0000000000000000        0.0000000000000000        0.0000000000000000        0.0000000000000000        0.0000000000000000        0.0000000000000000        0.0000000000000000        0.0000000000000000        0.0000000000000000        0.0000000000000000        0.0000000000000000        0.0000000000000000        0.0000000000000000     
   1.9037969737222067        68037786.458336636        2003125.5733847127        15307147.304383794        1003050.6354171024        1995.2175512645065        14.564183772338440        16365.170339487895        3074.8343306753445        14.067172522162979        33.596972199498161        1.0999320468180911        2.1724982514706375E-002   5261.1799692439754        463.14794153535877        10.231195011400750        0.0000000000000000        0.0000000000000000        0.0000000000000000        0.0000000000000000        0.0000000000000000        0.0000000000000000        0.0000000000000000        0.0000000000000000        0.0000000000000000        0.0000000000000000        0.0000000000000000        0.0000000000000000        0.0000000000000000        0.0000000000000000        0.0000000000000000        0.0000000000000000        0.0000000000000000        0.0000000000000000     
   1.9197150176344315        65322784.050075501        1938576.6869836561        14521535.193263302        967364.59471887350        1962.2117136430966        14.254146311318559        15654.840857240682        3013.0889058848702        14.113432184486138        32.246050157077768        1.0731078662913001        2.1673458079887065E-002   5041.0601454336593        455.62118893792029        10.303619049503435        0.0000000000000000        0.0000000000000000        0.0000000000000000        0.0000000000000000        0.0000000000000000        0.0000000000000000        0.0000000000000000        0.0000000000000000        0.0000000000000000        0.0000000000000000        0.0000000000000000        0.0000000000000000        0.0000000000000000        0.0000000000000000        0.0000000000000000        0.0000000000000000        0.0000000000000000        0.0000000000000000     
   1.9359129534827733        62703446.870941162        1875681.3421354366        13777795.067287233        932919.10235251114        1929.4650873215496        13.952144411774556        14971.264485572152        2951.6258550393450        14.154785616951557        30.942803943554605        1.0468507093647903        2.1619091424563783E-002   4828.9194680836608        448.08643878533024        10.372812166017326        0.0000000000000000        0.0000000000000000        0.0000000000000000        0.0000000000000000        0.0000000000000000        0.0000000000000000        0.0000000000000000        0.0000000000000000        0.0000000000000000        0.0000000000000000        0.0000000000000000        0.0000000000000000        0.0000000000000000        0.0000000000000000        0.0000000000000000        0.0000000000000000        0.0000000000000000        0.0000000000000000     
   1.9523957026945336        60176966.307706855        1814412.8421327255        13073599.088493405        899671.84494684415        1896.9813110041107        13.657915832120237        14313.621124531432        2890.4777548244570        14.191240309312969        29.685839255325583        1.0211493998795775        2.1561925524169592E-002   4624.5208338675320        440.54868945836336        10.438739947977467        0.0000000000000000        0.0000000000000000        0.0000000000000000        0.0000000000000000        0.0000000000000000        0.0000000000000000        0.0000000000000000        0.0000000000000000        0.0000000000000000        0.0000000000000000        0.0000000000000000        0.0000000000000000        0.0000000000000000        0.0000000000000000        0.0000000000000000        0.0000000000000000        0.0000000000000000        0.0000000000000000     
   1.9691682732320077        57740607.160605751        1754744.7043764868        12406751.293920442        867581.65105373308        1864.7633046700955        13.371201227598267        13681.111263263201        2829.6770337744369        14.222813083518497        28.473798006669671       0.99599304007214673        2.1502003577841978E-002   4427.6331851031537        433.01291630333429        10.501373586991459        0.0000000000000000        0.0000000000000000        0.0000000000000000        0.0000000000000000        0.0000000000000000        0.0000000000000000        0.0000000000000000        0.0000000000000000        0.0000000000000000        0.0000000000000000        0.0000000000000000        0.0000000000000000        0.0000000000000000        0.0000000000000000        0.0000000000000000        0.0000000000000000        0.0000000000000000        0.0000000000000000     
   1.9862357611140551        55391693.930780448        1696650.3213773710        11775178.285995867        836608.36006903870        1832.8130404861536        13.091744518337732        13072.952455752358        2769.2555931682059        14.249530593019990        27.305351402225192       0.97137097009734363        2.1439371786052625E-002   4238.0304145967029        425.48401587359945        10.560690331379865        0.0000000000000000        0.0000000000000000        0.0000000000000000        0.0000000000000000        0.0000000000000000        0.0000000000000000        0.0000000000000000        0.0000000000000000        0.0000000000000000        0.0000000000000000        0.0000000000000000        0.0000000000000000        0.0000000000000000        0.0000000000000000        0.0000000000000000        0.0000000000000000        0.0000000000000000        0.0000000000000000     
   2.0036033519644256        53127623.702632979        1640103.4122454992        11176925.948925132        806713.07199228741        1801.1321069266935        12.819293664328631        12488.382810363477        2709.2450226907768        14.271427636359670        26.179206501808977       0.94727281691706500        2.1374075103203941E-002   4055.4924180974290        417.96684634870223        10.616672312792323        0.0000000000000000        0.0000000000000000        0.0000000000000000        0.0000000000000000        0.0000000000000000        0.0000000000000000        0.0000000000000000        0.0000000000000000        0.0000000000000000        0.0000000000000000        0.0000000000000000        0.0000000000000000        0.0000000000000000        0.0000000000000000        0.0000000000000000        0.0000000000000000        0.0000000000000000        0.0000000000000000     
   2.0212763225873109        50945848.192162350        1585077.5436375500        10610149.726257842        777857.93284423905        1769.7213275543033        12.553600860800305        11926.656341135389        2649.6761290647532        14.288548044040160        25.094097140681377       0.92368843393768740        2.1306161400914774E-002   3879.8036571910930        410.46615489999317        10.669307282718821        0.0000000000000000        0.0000000000000000        0.0000000000000000        0.0000000000000000        0.0000000000000000        0.0000000000000000        0.0000000000000000        0.0000000000000000        0.0000000000000000        0.0000000000000000        0.0000000000000000        0.0000000000000000        0.0000000000000000        0.0000000000000000        0.0000000000000000        0.0000000000000000        0.0000000000000000        0.0000000000000000     
   2.0392600425705982        48843884.174270451        1531546.4997708064        10073111.237236196        750006.32814736094        1738.5812374389668        12.294423197837180        11387.045792075509        2590.5791122780452        14.300943145080604        24.048789246426409       0.90060793988549415        2.1235677843600930E-002   3710.7540107902337        402.98661130435556        10.718587533075777        0.0000000000000000        0.0000000000000000        0.0000000000000000        0.0000000000000000        0.0000000000000000        0.0000000000000000        0.0000000000000000        0.0000000000000000        0.0000000000000000        0.0000000000000000        0.0000000000000000        0.0000000000000000        0.0000000000000000        0.0000000000000000        0.0000000000000000        0.0000000000000000        0.0000000000000000        0.0000000000000000     
   2.0575599759173153        46819302.807522364        1479484.0085479536        9564170.6470857244        723122.75676339772        1707.7118919983548        12.041522901861004        10868.839899880140        2531.9832613972048        14.308672083613553        23.042075447602414       0.87802168034261707        2.1162673327198941E-002   3548.1379254265471        395.53276089367716        10.764510201811973        0.0000000000000000        0.0000000000000000        0.0000000000000000        0.0000000000000000        0.0000000000000000        0.0000000000000000        0.0000000000000000        0.0000000000000000        0.0000000000000000        0.0000000000000000        0.0000000000000000        0.0000000000000000        0.0000000000000000        0.0000000000000000        0.0000000000000000        0.0000000000000000        0.0000000000000000        0.0000000000000000     
   2.0761816827057604        44869732.492504887        1428863.8740047803        9081782.1031257883        697172.89372226805        1677.1130824255181        11.794667693279880        10371.344208860435        2473.9169712135313        14.311800952471586        22.072776548373028       0.85592023706136855        2.1087197049418846E-002   3391.7546544645620        388.10903080435213        10.807076680232383        0.0000000000000000        0.0000000000000000        0.0000000000000000        0.0000000000000000        0.0000000000000000        0.0000000000000000        0.0000000000000000        0.0000000000000000        0.0000000000000000        0.0000000000000000        0.0000000000000000        0.0000000000000000        0.0000000000000000        0.0000000000000000        0.0000000000000000        0.0000000000000000        0.0000000000000000        0.0000000000000000     
   2.0951308207788255        42992855.026713222        1379659.9019782161        8624488.0209145714        672123.55011043267        1646.7843387773428        11.553631053459542        9893.8801190009799        2416.4076057838356        14.310402556012042        21.139739600508392       0.83429441244699765        2.1009299191868808E-002   3241.4079578064748        380.71970949161096        10.846292491601538        0.0000000000000000        0.0000000000000000        0.0000000000000000        0.0000000000000000        0.0000000000000000        0.0000000000000000        0.0000000000000000        0.0000000000000000        0.0000000000000000        0.0000000000000000        0.0000000000000000        0.0000000000000000        0.0000000000000000        0.0000000000000000        0.0000000000000000        0.0000000000000000        0.0000000000000000        0.0000000000000000     
   2.1144131474630203        41186403.643503435        1331845.8774794082        8190914.0008199532        647942.65266161098        1616.7249723680466        11.318192535525018        9435.7844248675628        2359.4814089476990        14.304556013603976        20.241836930420774       0.81313521903727237        2.0929031117296999E-002   3096.9059529519450        373.36893349921462        10.882167049348570        0.0000000000000000        0.0000000000000000        0.0000000000000000        0.0000000000000000        0.0000000000000000        0.0000000000000000        0.0000000000000000        0.0000000000000000        0.0000000000000000        0.0000000000000000        0.0000000000000000        0.0000000000000000        0.0000000000000000        0.0000000000000000        0.0000000000000000        0.0000000000000000        0.0000000000000000        0.0000000000000000     
   2.1340345213177248        39448168.445980176        1285395.7765702296        7779765.3800275484        624599.32754984801        1586.9343735986602        11.088138079358604        8996.4107763317352        2303.1636129104672        14.294345580135326        19.377968921802044       0.79243389789455798        2.0846442891578783E-002   2958.0615558096965        366.06070975958761        10.914712789109334        0.0000000000000000        0.0000000000000000        0.0000000000000000        0.0000000000000000        0.0000000000000000        0.0000000000000000        0.0000000000000000        0.0000000000000000        0.0000000000000000        0.0000000000000000        0.0000000000000000        0.0000000000000000        0.0000000000000000        0.0000000000000000        0.0000000000000000        0.0000000000000000        0.0000000000000000        0.0000000000000000     
   2.1540009039151959        37775983.249416947        1240283.3822606336        7389820.3468449693        602063.69761419774        1557.4116255939969        10.863259896942241        8575.1262749614598        2247.4780797092490        14.279861546583318        18.547057354989267       0.77218186237778641        2.0761587661494524E-002   2824.6914342309051        358.79885257299111        10.943945938750844        0.0000000000000000        0.0000000000000000        0.0000000000000000        0.0000000000000000        0.0000000000000000        0.0000000000000000        0.0000000000000000        0.0000000000000000        0.0000000000000000        0.0000000000000000        0.0000000000000000        0.0000000000000000        0.0000000000000000        0.0000000000000000        0.0000000000000000        0.0000000000000000        0.0000000000000000        0.0000000000000000     
   2.1743183616518782        36167739.332113229        1196482.7614116410        7019928.5829196274        580307.08830838394        1528.1561107721495        10.643357092099350        8171.3150956388827        2192.4476335599593        14.261198077823570        17.748052412933433       0.75237075035014345        2.0674516045182691E-002   2696.6171119785881        351.58704619123239        10.969884854770839        0.0000000000000000        0.0000000000000000        0.0000000000000000        0.0000000000000000        0.0000000000000000        0.0000000000000000        0.0000000000000000        0.0000000000000000        0.0000000000000000        0.0000000000000000        0.0000000000000000        0.0000000000000000        0.0000000000000000        0.0000000000000000        0.0000000000000000        0.0000000000000000        0.0000000000000000        0.0000000000000000     
   2.1949930675915588        34621369.821927577        1153967.7918835334        6669004.2886141082        559301.77116665093        1499.1669763259993        10.428235248569592        7784.3744305761093        2138.0936474505011        14.238454581098864        16.979924771574993       0.73299235426491782        2.0585281833368409E-002   2573.6637257048365        344.42876962679628        10.992551178104797        0.0000000000000000        0.0000000000000000        0.0000000000000000        0.0000000000000000        0.0000000000000000        0.0000000000000000        0.0000000000000000        0.0000000000000000        0.0000000000000000        0.0000000000000000        0.0000000000000000        0.0000000000000000        0.0000000000000000        0.0000000000000000        0.0000000000000000        0.0000000000000000        0.0000000000000000        0.0000000000000000     
   2.2160313033409329        33134861.015493419        1112712.5630426160        6336024.7368717166        539021.12853153585        1470.4436541781638        10.217706979339143        7413.7174582486232        2084.4363313097715        14.211733791034902        16.241671369762514       0.71403866543507821        2.0493937157802504E-002   2455.6609314753923        337.32735116550356        11.011968342202403        0.0000000000000000        0.0000000000000000        0.0000000000000000        0.0000000000000000        0.0000000000000000        0.0000000000000000        0.0000000000000000        0.0000000000000000        0.0000000000000000        0.0000000000000000        0.0000000000000000        0.0000000000000000        0.0000000000000000        0.0000000000000000        0.0000000000000000        0.0000000000000000        0.0000000000000000        0.0000000000000000     
   2.2374394609581474        31706245.640212085        1072691.1881898015        6020025.4434432965        519439.52973967959        1441.9856544046984        10.011591772664239        7058.7715946563876        2031.4945568074572        14.181142108966496        15.532312008235952       0.69550183979326563        2.0400534803795705E-002   2342.4423692682731        330.28593650998687        11.028161903351045        0.0000000000000000        0.0000000000000000        0.0000000000000000        0.0000000000000000        0.0000000000000000        0.0000000000000000        0.0000000000000000        0.0000000000000000        0.0000000000000000        0.0000000000000000        0.0000000000000000        0.0000000000000000        0.0000000000000000        0.0000000000000000        0.0000000000000000        0.0000000000000000        0.0000000000000000        0.0000000000000000     
   2.2592240448949035        30333601.645403609        1033877.7923361948        5720096.6418280192        500532.29110163974        1413.7925572171062        9.8097159546307395        6718.9781835630447        1979.2858282255238        14.146789335475733        14.850888753980440       0.67737418788560533        2.0305128587473572E-002   2233.8455690350161        323.30748289456494        11.041159389771323        0.0000000000000000        0.0000000000000000        0.0000000000000000        0.0000000000000000        0.0000000000000000        0.0000000000000000        0.0000000000000000        0.0000000000000000        0.0000000000000000        0.0000000000000000        0.0000000000000000        0.0000000000000000        0.0000000000000000        0.0000000000000000        0.0000000000000000        0.0000000000000000        0.0000000000000000        0.0000000000000000     
   2.2813916739727071        29015056.222922295        996246.67901667033        5435380.9161698101        482275.72071736032        1385.8642437202952        9.6119129628155928        6393.7935376558326        1927.8264053919715        14.108787647410965        14.196468003940137       0.65964818899572752        2.0207771187573598E-002   2129.7122702949487        316.39478313239408        11.050989503537775        0.0000000000000000        0.0000000000000000        0.0000000000000000        0.0000000000000000        0.0000000000000000        0.0000000000000000        0.0000000000000000        0.0000000000000000        0.0000000000000000        0.0000000000000000        0.0000000000000000        0.0000000000000000        0.0000000000000000        0.0000000000000000        0.0000000000000000        0.0000000000000000        0.0000000000000000        0.0000000000000000     
   2.3039490833938689        27748781.757858928        959772.22485247522        5165069.4547278034        464647.02895780647        1358.2007565399344        9.4180231526529674        6082.6878780115658        1877.1312100967070        14.067251726036993        13.568138447837573       0.64231646737050774        2.0108515636780792E-002   2029.8880998947843        309.55044751534712        11.057682294608727        0.0000000000000000        0.0000000000000000        0.0000000000000000        0.0000000000000000        0.0000000000000000        0.0000000000000000        0.0000000000000000        0.0000000000000000        0.0000000000000000        0.0000000000000000        0.0000000000000000        0.0000000000000000        0.0000000000000000        0.0000000000000000        0.0000000000000000        0.0000000000000000        0.0000000000000000        0.0000000000000000     
   2.3269031267878661        26532996.317924943        924428.92604050518        4908399.3617808819        447624.31343524420        1330.8023588568544        9.2278938048389509        5785.1454481188957        1827.2138613872219        14.022298279754985        12.965011335429661       0.62537179105513174        2.0007414858240494E-002   1934.2226099217414        302.77691011260640        11.061268823444523        0.0000000000000000        0.0000000000000000        0.0000000000000000        0.0000000000000000        0.0000000000000000        0.0000000000000000        0.0000000000000000        0.0000000000000000        0.0000000000000000        0.0000000000000000        0.0000000000000000        0.0000000000000000        0.0000000000000000        0.0000000000000000        0.0000000000000000        0.0000000000000000        0.0000000000000000        0.0000000000000000     
   2.3502607782936820        25365963.004516304        890191.40726754116        4664650.8988360623        431186.52419738256        1303.6695380772107        9.0413790998180907        5500.6643285305145        1778.0866834527644        13.974045739380744        12.386220166832006       0.60880706431038822        1.9904521670958280E-002   1842.5692244112734        296.07642984766659        11.061780974782623        0.0000000000000000        0.0000000000000000        0.0000000000000000        0.0000000000000000        0.0000000000000000        0.0000000000000000        0.0000000000000000        0.0000000000000000        0.0000000000000000        0.0000000000000000        0.0000000000000000        0.0000000000000000        0.0000000000000000        0.0000000000000000        0.0000000000000000        0.0000000000000000        0.0000000000000000        0.0000000000000000     
   2.3740291346787630        24245990.050466266        857034.45573293767        4433145.0188398166        415313.44028399372        1276.8030358296144        8.8583400360139049        5228.7564386435070        1729.7607408338190        13.922613869676921        11.830920761049997       0.59261532475427048        1.9799888437013517E-002   1754.7852440940096        289.45109680489861        11.059251193267112        0.0000000000000000        0.0000000000000000        0.0000000000000000        0.0000000000000000        0.0000000000000000        0.0000000000000000        0.0000000000000000        0.0000000000000000        0.0000000000000000        0.0000000000000000        0.0000000000000000        0.0000000000000000        0.0000000000000000        0.0000000000000000        0.0000000000000000        0.0000000000000000        0.0000000000000000        0.0000000000000000     
   2.3982154174952335        23171429.287951663        824932.99964145548        4213240.7575297384        399985.62073283788        1250.2038019081504        8.6786443294769864        4968.9471161071488        1682.2458276212881        13.868123644858658        11.298290496333705       0.57678973235943043        1.9693567603670883E-002   1670.7317224411395        282.90282900185991        11.053712465501675        0.0000000000000000        0.0000000000000000        0.0000000000000000        0.0000000000000000        0.0000000000000000        0.0000000000000000        0.0000000000000000        0.0000000000000000        0.0000000000000000        0.0000000000000000        0.0000000000000000        0.0000000000000000        0.0000000000000000        0.0000000000000000        0.0000000000000000        0.0000000000000000        0.0000000000000000        0.0000000000000000     
   2.4228269752740230        22140677.059947204        793862.17142033891        4004333.2106453693        385184.39571223652        1223.8730602470964        8.5021663817924011        4720.7753217512909        1635.5505337578954        13.810696736764735        10.787528792375992       0.56132357125159305        1.9585610842337186E-002   1590.2735331908618        276.43338503688449        11.045197946709061        0.0000000000000000        0.0000000000000000        0.0000000000000000        0.0000000000000000        0.0000000000000000        0.0000000000000000        0.0000000000000000        0.0000000000000000        0.0000000000000000        0.0000000000000000        0.0000000000000000        0.0000000000000000        0.0000000000000000        0.0000000000000000        0.0000000000000000        0.0000000000000000        0.0000000000000000        0.0000000000000000     
   2.4478712857575764        21152173.179161463        763797.30382362381        3805851.2867735201        370891.82590332790        1197.8122784975826        8.3287871448986923        4483.7933378384905        1589.6822567190800        13.750455341224544        10.297856599847998       0.54621024196922918        1.9476069276749129E-002   1513.2792835486714        270.04436539636157        11.033740897687043        0.0000000000000000        0.0000000000000000        0.0000000000000000        0.0000000000000000        0.0000000000000000        0.0000000000000000        0.0000000000000000        0.0000000000000000        0.0000000000000000        0.0000000000000000        0.0000000000000000        0.0000000000000000        0.0000000000000000        0.0000000000000000        0.0000000000000000        0.0000000000000000        0.0000000000000000        0.0000000000000000     
   2.4733559581718172        20204399.887789354        734713.92549311242        3617255.5977605735        357090.66258938168        1172.0231324920087        8.1583939493758209        4257.5664656612153        1544.6472139065295        13.687522022493637        9.8285158900191743       0.53144325371342416        1.9364993771543146E-002   1439.6212274707420        263.73721366950070        11.019374653554998        0.0000000000000000        0.0000000000000000        0.0000000000000000        0.0000000000000000        0.0000000000000000        0.0000000000000000        0.0000000000000000        0.0000000000000000        0.0000000000000000        0.0000000000000000        0.0000000000000000        0.0000000000000000        0.0000000000000000        0.0000000000000000        0.0000000000000000        0.0000000000000000        0.0000000000000000        0.0000000000000000     
   2.4992887355380642        19295881.950859129        706587.79702131834        3438036.6717566382        343764.32738217863        1146.5075263544222        7.9908804074571247        4041.6730101953422        1500.4504942661467        13.622019385640487        9.3787697202218414       0.51701622344025577        1.9252434522504684E-002   1369.1752670879141        257.51322591717593        11.002132426252144        0.0000000000000000        0.0000000000000000        0.0000000000000000        0.0000000000000000        0.0000000000000000        0.0000000000000000        0.0000000000000000        0.0000000000000000        0.0000000000000000        0.0000000000000000        0.0000000000000000        0.0000000000000000        0.0000000000000000        0.0000000000000000        0.0000000000000000        0.0000000000000000        0.0000000000000000        0.0000000000000000     
   2.5256774970255984        18425185.777827632        679394.91281205416        3267713.1122663720        330896.87681789149        1121.2675610716208        7.8261462474479204        3835.7040145125429        1457.0960805740642        13.554069915693139        8.9479018053722736       0.50292286967747779        1.9138441224406399E-002   1301.8208777337411        251.37355390441547        10.982047277537820        0.0000000000000000        0.0000000000000000        0.0000000000000000        0.0000000000000000        0.0000000000000000        0.0000000000000000        0.0000000000000000        0.0000000000000000        0.0000000000000000        0.0000000000000000        0.0000000000000000        0.0000000000000000        0.0000000000000000        0.0000000000000000        0.0000000000000000        0.0000000000000000        0.0000000000000000        0.0000000000000000     
   2.5525302603455939        17590919.620503813        653111.54247748130        3105830.0646423576        318472.98756051605        1096.3055660703337        7.6640972340063733        3639.2632669701197        1414.5869090838619        13.483795612281483        8.5352166362975197       0.48915701343018109        1.9023062467014368E-002   1237.4411165055824        245.31921636928209        10.959151883152444        0.0000000000000000        0.0000000000000000        0.0000000000000000        0.0000000000000000        0.0000000000000000        0.0000000000000000        0.0000000000000000        0.0000000000000000        0.0000000000000000        0.0000000000000000        0.0000000000000000        0.0000000000000000        0.0000000000000000        0.0000000000000000        0.0000000000000000        0.0000000000000000        0.0000000000000000        0.0000000000000000     
   2.5798551841871440        16791732.026291888        627714.20848348539        2951957.4687082018        306477.91084398679        1071.6240234537156        7.5046449063919196        3451.9668612747660        1372.9248736417799        13.411317985435190        8.1400387109224823       0.47571256857392435        1.8906346361169585E-002   1175.9224944537912        239.35109822040843        10.933478676074921        0.0000000000000000        0.0000000000000000        0.0000000000000000        0.0000000000000000        0.0000000000000000        0.0000000000000000        0.0000000000000000        0.0000000000000000        0.0000000000000000        0.0000000000000000        0.0000000000000000        0.0000000000000000        0.0000000000000000        0.0000000000000000        0.0000000000000000        0.0000000000000000        0.0000000000000000        0.0000000000000000     
   2.6076605706961189        16026311.290961621        603179.70027797075        2805688.5982034900        294897.44662908209        1047.2255519881396        7.3477064223181108        3273.4430104501421        1332.1108638241249        13.336757880088882        7.7617122725926402       0.46258353925996470        1.8788340557504429E-002   1117.1549267633341        233.46995672778908        10.905059826698675        0.0000000000000000        0.0000000000000000        0.0000000000000000        0.0000000000000000        0.0000000000000000        0.0000000000000000        0.0000000000000000        0.0000000000000000        0.0000000000000000        0.0000000000000000        0.0000000000000000        0.0000000000000000        0.0000000000000000        0.0000000000000000        0.0000000000000000        0.0000000000000000        0.0000000000000000        0.0000000000000000     
   2.6359548679976132        15293386.229744773        579485.13824752369        2666638.9228852089        283717.94314953737        1023.1129760191731        7.1932045092337473        3103.3321945167600        1292.1448496833948        13.260234988540534        7.3996017198212778       0.44976402533964771        1.8669091002652946E-002   1061.0317843673672        227.67643865242485        10.873926869130395        0.0000000000000000        0.0000000000000000        0.0000000000000000        0.0000000000000000        0.0000000000000000        0.0000000000000000        0.0000000000000000        0.0000000000000000        0.0000000000000000        0.0000000000000000        0.0000000000000000        0.0000000000000000        0.0000000000000000        0.0000000000000000        0.0000000000000000        0.0000000000000000        0.0000000000000000        0.0000000000000000     
   2.6647466727627398        14591723.415010342        556607.90555201343        2534444.4365335805        272926.23308094736        999.28916857630657        7.0410670775573507        2941.2864095563796        1253.0258462105651        13.181868146711228        7.0530902175912091       0.43724820628233696        1.8548643672047154E-002   1007.4496718540780        221.97107008201789        10.840111213892051        0.0000000000000000        0.0000000000000000        0.0000000000000000        0.0000000000000000        0.0000000000000000        0.0000000000000000        0.0000000000000000        0.0000000000000000        0.0000000000000000        0.0000000000000000        0.0000000000000000        0.0000000000000000        0.0000000000000000        0.0000000000000000        0.0000000000000000        0.0000000000000000        0.0000000000000000        0.0000000000000000     
   2.6940447328205686        13920128.331083968        534525.72676142037        2408760.7610470462        262509.64322127058        975.75714761797508        6.8912272077415686        2786.9694095730574        1214.7520146169354        13.101774787371406        6.7215803009974087       0.42503035050382232        1.8427043011740727E-002   956.30850833297541        216.35427699373815        10.803643707380498        0.0000000000000000        0.0000000000000000        0.0000000000000000        0.0000000000000000        0.0000000000000000        0.0000000000000000        0.0000000000000000        0.0000000000000000        0.0000000000000000        0.0000000000000000        0.0000000000000000        0.0000000000000000        0.0000000000000000        0.0000000000000000        0.0000000000000000        0.0000000000000000        0.0000000000000000        0.0000000000000000     
   2.7238579498159750        13277443.674201788        513216.63934603118        2289261.8267541160        252455.95304407558        952.51998822986491        6.7436228666951727        2640.0562249910618        1177.3206636605769        13.020071004224681        6.4044930267224869       0.41310480624568663        1.8304332754298918E-002   907.51138749497034        210.82638340020208        10.764554901301844        0.0000000000000000        0.0000000000000000        0.0000000000000000        0.0000000000000000        0.0000000000000000        0.0000000000000000        0.0000000000000000        0.0000000000000000        0.0000000000000000        0.0000000000000000        0.0000000000000000        0.0000000000000000        0.0000000000000000        0.0000000000000000        0.0000000000000000        0.0000000000000000        0.0000000000000000        0.0000000000000000     
   2.7541953819142373        12662548.928857915        492659.01277679688        2175638.8487747656        242753.37762933716        929.58081571481546        6.5981967266069903        2500.2330026605564        1140.7282974596960        12.936871367299814        6.1012677728712834       0.40146600143857392        1.8180555688258090E-002   860.96453613357926        205.38761972398387        10.722875034461961        0.0000000000000000        0.0000000000000000        0.0000000000000000        0.0000000000000000        0.0000000000000000        0.0000000000000000        0.0000000000000000        0.0000000000000000        0.0000000000000000        0.0000000000000000        0.0000000000000000        0.0000000000000000        0.0000000000000000        0.0000000000000000        0.0000000000000000        0.0000000000000000        0.0000000000000000        0.0000000000000000     
   2.7850662465531828        12074359.833337460        472831.56381801341        2067599.3558776267        233390.55060125905        906.94279701039716        6.4548959914644914        2367.1968180269969        1104.9706593046271        12.852288739350453        5.8113619825675586       0.39010844298921615        1.8055753424555985E-002   816.57726401511650        200.03813043823925        10.678634014891877        0.0000000000000000        0.0000000000000000        0.0000000000000000        0.0000000000000000        0.0000000000000000        0.0000000000000000        0.0000000000000000        0.0000000000000000        0.0000000000000000        0.0000000000000000        0.0000000000000000        0.0000000000000000        0.0000000000000000        0.0000000000000000        0.0000000000000000        0.0000000000000000        0.0000000000000000        0.0000000000000000     
   2.8164799232437243        11511827.272058906        453713.34926435404        1964866.1844867000        224356.49718929862        884.60909038964951        6.3136721520740773        2240.6553425741781        1070.0427545744164        12.766434243682371        5.5342506151621844       0.37902671253209169        1.7929966780858505E-002   774.26186982006516        194.77797665812813        10.631861603527710        0.0000000000000000        0.0000000000000000        0.0000000000000000        0.0000000000000000        0.0000000000000000        0.0000000000000000        0.0000000000000000        0.0000000000000000        0.0000000000000000        0.0000000000000000        0.0000000000000000        0.0000000000000000        0.0000000000000000        0.0000000000000000        0.0000000000000000        0.0000000000000000        0.0000000000000000        0.0000000000000000     
   2.8484459564196447        10973937.013797466        435283.79127007816        1867176.6784487818        215640.62465023203        862.58285756996304        6.1744808392883188        2120.3267233940442        1035.9389057259823        12.679417031312491        5.2694260277670537       0.36821546823279611        1.7803235239620598E-002   733.93361179327599        189.60714621818695        10.582587327696475        0.0000000000000000        0.0000000000000000        0.0000000000000000        0.0000000000000000        0.0000000000000000        0.0000000000000000        0.0000000000000000        0.0000000000000000        0.0000000000000000        0.0000000000000000        0.0000000000000000        0.0000000000000000        0.0000000000000000        0.0000000000000000        0.0000000000000000        0.0000000000000000        0.0000000000000000        0.0000000000000000     
   2.8809740583374861        10459708.403782256        417522.66144126345        1774281.7672106095        207232.69380443613        840.86719940424189        6.0372815442194572        2005.9392009895464        1002.6527667773177        12.591344302395918        5.0163973238385253       0.35766943939076745        1.7675597560989093E-002   695.51059862123225        184.52555413475272        10.530840755145038        0.0000000000000000        0.0000000000000000        0.0000000000000000        0.0000000000000000        0.0000000000000000        0.0000000000000000        0.0000000000000000        0.0000000000000000        0.0000000000000000        0.0000000000000000        0.0000000000000000        0.0000000000000000        0.0000000000000000        0.0000000000000000        0.0000000000000000        0.0000000000000000        0.0000000000000000        0.0000000000000000     
   2.9140741120274294        9968194.0677963682        400410.10428872163        1685945.2699335546        199122.81131482415        819.46516929950315        5.9020374752683251        1897.2309797123278        970.17737741100234        12.502321092239725        4.7746902163711376       0.34738342871606792        1.7547091263242751E-002   658.91375755004822        179.53305224536078        10.476651430244429        0.0000000000000000        0.0000000000000000        0.0000000000000000        0.0000000000000000        0.0000000000000000        0.0000000000000000        0.0000000000000000        0.0000000000000000        0.0000000000000000        0.0000000000000000        0.0000000000000000        0.0000000000000000        0.0000000000000000        0.0000000000000000        0.0000000000000000        0.0000000000000000        0.0000000000000000        0.0000000000000000     
   2.9477561742960612        9498478.9844249450        383926.63542228704        1601943.1406215986        191301.41073173398        798.37973976863577        5.7687153291476720        1793.9499409302703        938.50519168508606        12.412450205315492        4.5438465693826640       0.33735230991938397        1.7417752774370840E-002   624.06675444008044        174.62943289807919        10.420049023044568        0.0000000000000000        0.0000000000000000        0.0000000000000000        0.0000000000000000        0.0000000000000000        0.0000000000000000        0.0000000000000000        0.0000000000000000        0.0000000000000000        0.0000000000000000        0.0000000000000000        0.0000000000000000        0.0000000000000000        0.0000000000000000        0.0000000000000000        0.0000000000000000        0.0000000000000000        0.0000000000000000     
   2.9820304787819372        9049679.6626186240        368053.14327258174        1522062.7777746641        183759.23653705261        777.61377746594985        5.6372850734302586        1695.8533824570950        907.62811072511818        12.321832137793299        4.3234239922696718       0.32757102645254260        1.7287617515464804E-002   590.89592204655844        169.81443333896343        10.361063465624092        0.0000000000000000        0.0000000000000000        0.0000000000000000        0.0000000000000000        0.0000000000000000        0.0000000000000000        0.0000000000000000        0.0000000000000000        0.0000000000000000        0.0000000000000000        0.0000000000000000        0.0000000000000000        0.0000000000000000        0.0000000000000000        0.0000000000000000        0.0000000000000000        0.0000000000000000        0.0000000000000000     
   3.0169074390648762        8620943.3578239791        352770.89181272604        1446102.3836373310        176487.32991576861        757.17002260735273        5.5077197418064889        1602.7077683619816        877.53751603752073        12.230564988317754        4.1129954535948041       0.31803459048820742        1.7156719925872629E-002   559.33019144878563        165.08774020378266        10.299725075146204        0.0000000000000000        0.0000000000000000        0.0000000000000000        0.0000000000000000        0.0000000000000000        0.0000000000000000        0.0000000000000000        0.0000000000000000        0.0000000000000000        0.0000000000000000        0.0000000000000000        0.0000000000000000        0.0000000000000000        0.0000000000000000        0.0000000000000000        0.0000000000000000        0.0000000000000000        0.0000000000000000     
   3.0523976518299230        8211447.4619768141        338061.52974761021        1373870.3921744935        169477.01886851262        737.05108407970988        5.3799952523969559        1514.2885215423678        848.22431018055374        12.138744335433936        3.9121489828523339       0.30873808355689308        1.7025093241171952E-002   529.30103670623146        160.44899562097493        10.236064603237512        0.0000000000000000        0.0000000000000000        0.0000000000000000        0.0000000000000000        0.0000000000000000        0.0000000000000000        0.0000000000000000        0.0000000000000000        0.0000000000000000        0.0000000000000000        0.0000000000000000        0.0000000000000000        0.0000000000000000        0.0000000000000000        0.0000000000000000        0.0000000000000000        0.0000000000000000        0.0000000000000000     
   3.0885119000869423        7820398.5218226099        323907.08401705459        1305184.8715294136        162719.90163273760        717.25940428246565        5.2540901703495164        1430.3797255673269        819.67894048246171        12.046463207138213        3.7204871827492774       0.29967665413457784        1.6892769794476230E-002   500.74239176414210        155.89779918096224        10.170113454674382        0.0000000000000000        0.0000000000000000        0.0000000000000000        0.0000000000000000        0.0000000000000000        0.0000000000000000        0.0000000000000000        0.0000000000000000        0.0000000000000000        0.0000000000000000        0.0000000000000000        0.0000000000000000        0.0000000000000000        0.0000000000000000        0.0000000000000000        0.0000000000000000        0.0000000000000000        0.0000000000000000     
   3.1252611564468289        7447031.6107481867        310289.96699671069        1239873.0201677701        156207.83798836885        697.79725515423047        5.1299855307495887        1350.7739137321944        791.89143761800256        11.953811974168092        3.5376269209108751       0.29084551831416028        1.6759780831712340E-002   473.59059419214657        151.43371328933279        10.101903754276004        0.0000000000000000        0.0000000000000000        0.0000000000000000        0.0000000000000000        0.0000000000000000        0.0000000000000000        0.0000000000000000        0.0000000000000000        0.0000000000000000        0.0000000000000000        0.0000000000000000        0.0000000000000000        0.0000000000000000        0.0000000000000000        0.0000000000000000        0.0000000000000000        0.0000000000000000        0.0000000000000000     
   3.1626565864553209        7090609.4664757773        297192.97342485707        1177770.6554183024        149932.93642456018        678.66671461308533        5.0076646245014507        1275.2718015745884        764.85144276795802        11.860878312819441        3.3631989020918027       0.28223995847907246        1.6626156666442175E-002   447.78431160267354        147.05626570613640        10.031468536736332        0.0000000000000000        0.0000000000000000        0.0000000000000000        0.0000000000000000        0.0000000000000000        0.0000000000000000        0.0000000000000000        0.0000000000000000        0.0000000000000000        0.0000000000000000        0.0000000000000000        0.0000000000000000        0.0000000000000000        0.0000000000000000        0.0000000000000000        0.0000000000000000        0.0000000000000000        0.0000000000000000     
   3.2007095519854332        6750421.8116890900        284599.28411532921        1118721.7624585840        143887.54571332602        659.86966034943384        4.8871128177747298        1203.6820643994779        738.54824255527728        11.767747076908828        3.1968473331189395       0.27385532352682845        1.6491926594652626E-002   423.26448202249685        142.76495381088895        9.9588417907558870        0.0000000000000000        0.0000000000000000        0.0000000000000000        0.0000000000000000        0.0000000000000000        0.0000000000000000        0.0000000000000000        0.0000000000000000        0.0000000000000000        0.0000000000000000        0.0000000000000000        0.0000000000000000        0.0000000000000000        0.0000000000000000        0.0000000000000000        0.0000000000000000        0.0000000000000000        0.0000000000000000     
   3.2394316146895412        6425784.5227223737        272492.46264809259        1062578.0447813144        138064.24382807530        641.40775053480149        4.7683173466935891        1135.8210791478421        712.97079533636372        11.674500319514229        3.0382295099842889       0.26568702795526866        1.6357119002040156E-002   399.97424323571954        138.55924668406556        9.8840587004856850        0.0000000000000000        0.0000000000000000        0.0000000000000000        0.0000000000000000        0.0000000000000000        0.0000000000000000        0.0000000000000000        0.0000000000000000        0.0000000000000000        0.0000000000000000        0.0000000000000000        0.0000000000000000        0.0000000000000000        0.0000000000000000        0.0000000000000000        0.0000000000000000        0.0000000000000000        0.0000000000000000     
   3.2788345395121645        6116038.9136354849        260856.45605265943        1009198.5191228363        132455.82972668880        623.28241575332231        4.6512671373881407        1071.5126945759853        688.10776246854198        11.581217185760224        2.8870154634492415       0.25773055171737613        1.6221761366365897E-002   377.85887099624250        134.43858826656736        9.8071557136224534        0.0000000000000000        0.0000000000000000        0.0000000000000000        0.0000000000000000        0.0000000000000000        0.0000000000000000        0.0000000000000000        0.0000000000000000        0.0000000000000000        0.0000000000000000        0.0000000000000000        0.0000000000000000        0.0000000000000000        0.0000000000000000        0.0000000000000000        0.0000000000000000        0.0000000000000000        0.0000000000000000     
   3.3189302982645144        5820550.9834445110        249675.59315601105        958449.12768771616        127055.31478987618        605.49484818578321        4.5359526217782049        1010.5879936408536        663.94753641974660        11.487973874951763        2.7428875853963346       0.24998143986107371        1.6085880306089914E-002   356.86571482257489        130.40239964922753        9.7281706892472748        0.0000000000000000        0.0000000000000000        0.0000000000000000        0.0000000000000000        0.0000000000000000        0.0000000000000000        0.0000000000000000        0.0000000000000000        0.0000000000000000        0.0000000000000000        0.0000000000000000        0.0000000000000000        0.0000000000000000        0.0000000000000000        0.0000000000000000        0.0000000000000000        0.0000000000000000        0.0000000000000000     
   3.3597310732618975        5538710.6937652007        238934.58340001147        910202.37671092898        121855.91523629433        588.04599419876752        4.4223655633010548        952.88506416800305        640.47826918497822        11.394843591071442        2.6055402703781563       0.24243530231785587        1.5949501591390851E-002   336.94413636063393        126.45008135422199        9.6471430143004930        0.0000000000000000        0.0000000000000000        0.0000000000000000        0.0000000000000000        0.0000000000000000        0.0000000000000000        0.0000000000000000        0.0000000000000000        0.0000000000000000        0.0000000000000000        0.0000000000000000        0.0000000000000000        0.0000000000000000        0.0000000000000000        0.0000000000000000        0.0000000000000000        0.0000000000000000        0.0000000000000000     
   3.4012492610250740        5269931.2282318920        228618.51404275009        864336.99197174655        116851.04444732246        570.93654549262953        4.3104988818908305        898.24876611147783        617.68789858906246        11.301896504147901        2.4746795474618648       0.23508781349315644        1.5812650222710833E-002   318.04544671960770        122.58101500300607        9.5641137359663428        0.0000000000000000        0.0000000000000000        0.0000000000000000        0.0000000000000000        0.0000000000000000        0.0000000000000000        0.0000000000000000        0.0000000000000000        0.0000000000000000        0.0000000000000000        0.0000000000000000        0.0000000000000000        0.0000000000000000        0.0000000000000000        0.0000000000000000        0.0000000000000000        0.0000000000000000        0.0000000000000000     
   3.4434974760466983        5013648.2794228848        218712.84768133156        820737.59716791613        112034.30612531357        554.16693328074064        4.2003464897820297        846.53050662466649        595.56417450963079        11.209199709786354        2.3500227257766233       0.22793471198334983        1.5675350473929435E-002   300.12284618510944        118.79456490591222        9.4791256735422191        0.0000000000000000        0.0000000000000000        0.0000000000000000        0.0000000000000000        0.0000000000000000        0.0000000000000000        0.0000000000000000        0.0000000000000000        0.0000000000000000        0.0000000000000000        0.0000000000000000        0.0000000000000000        0.0000000000000000        0.0000000000000000        0.0000000000000000        0.0000000000000000        0.0000000000000000        0.0000000000000000     
   3.4864885546239885        4769319.3570980281        209203.41983865789        779294.41257168539        107399.48809774987        537.73732481504771        4.0919031352870627        797.58802116798449        574.09468499467130        11.116817194601900        2.2312980505166027       0.22097180044567952        1.5537625923115805E-002   283.13136580640793        115.09007953942863        9.3922235187080254        0.0000000000000000        0.0000000000000000        0.0000000000000000        0.0000000000000000        0.0000000000000000        0.0000000000000000        0.0000000000000000        0.0000000000000000        0.0000000000000000        0.0000000000000000        0.0000000000000000        0.0000000000000000        0.0000000000000000        0.0000000000000000        0.0000000000000000        0.0000000000000000        0.0000000000000000        0.0000000000000000     
   3.5302355587587844        4536423.0956739606        200076.43566964011        739902.96912295150        102940.55626138941        521.64762001026565        3.9851642519865620        751.28515576058476        553.26688077617689        11.024809805160869        2.1182443582727388       0.21419494530502231        1.5399499503119902E-002   267.02780926919360        111.46689260877460        9.3034539304331876        0.0000000000000000        0.0000000000000000        0.0000000000000000        0.0000000000000000        0.0000000000000000        0.0000000000000000        0.0000000000000000        0.0000000000000000        0.0000000000000000        0.0000000000000000        0.0000000000000000        0.0000000000000000        0.0000000000000000        0.0000000000000000        0.0000000000000000        0.0000000000000000        0.0000000000000000        0.0000000000000000     
   3.5747517801261823        4314458.5669796318        191318.46601198197        702463.83769816556        98651.648723507184        505.89744835956532        3.8801258118634161        707.49165170099491        533.06809859371083        10.933235222696933        2.0106107346912965       0.20760007639814482        1.5260993580505901E-002   251.77069547780027        107.92432378070740        9.2128656288645754        0.0000000000000000        0.0000000000000000        0.0000000000000000        0.0000000000000000        0.0000000000000000        0.0000000000000000        0.0000000000000000        0.0000000000000000        0.0000000000000000        0.0000000000000000        0.0000000000000000        0.0000000000000000        0.0000000000000000        0.0000000000000000        0.0000000000000000        0.0000000000000000        0.0000000000000000        0.0000000000000000     
   3.6200507441129521        4102944.6292218021        182916.44416740598        666882.37756632525        94527.070835653343        490.48616987764291        3.7767841942000979        666.08294011888881        513.48558494724875        10.842147937677506        1.9081561902653001       0.20118318685514711        1.5122129975420931E-002   237.32020411184922        104.46167949994117        9.1205094556649122        0.0000000000000000        0.0000000000000000        0.0000000000000000        0.0000000000000000        0.0000000000000000        0.0000000000000000        0.0000000000000000        0.0000000000000000        0.0000000000000000        0.0000000000000000        0.0000000000000000        0.0000000000000000        0.0000000000000000        0.0000000000000000        0.0000000000000000        0.0000000000000000        0.0000000000000000        0.0000000000000000     
   3.6661462139269618        3901419.2593482770        174857.66107900624        633068.49413676618        90561.289846370739        475.41287367080855        3.6751360524501595        626.93993402168985        494.50651729139872        10.751599231394701        1.8106493273677315       0.19494033263423394        1.4982930061682909E-002   223.63812028414642        101.07825319949316        9.0264384485353819        0.0000000000000000        0.0000000000000000        0.0000000000000000        0.0000000000000000        0.0000000000000000        0.0000000000000000        0.0000000000000000        0.0000000000000000        0.0000000000000000        0.0000000000000000        0.0000000000000000        0.0000000000000000        0.0000000000000000        0.0000000000000000        0.0000000000000000        0.0000000000000000        0.0000000000000000        0.0000000000000000     
   3.7130521947788604        3709438.9294797033        167129.76159728240        600936.41503188817        86748.930540740344        460.67638119796510        3.5751781992709328        589.94883197638421        476.11802613577908        10.661637158734749        1.7178680294180617       0.18886763238564222        1.4843414788579054E-002   210.68778271202936        97.773325736092474        8.9307078744690429        0.0000000000000000        0.0000000000000000        0.0000000000000000        0.0000000000000000        0.0000000000000000        0.0000000000000000        0.0000000000000000        0.0000000000000000        0.0000000000000000        0.0000000000000000        0.0000000000000000        0.0000000000000000        0.0000000000000000        0.0000000000000000        0.0000000000000000        0.0000000000000000        0.0000000000000000        0.0000000000000000     
   3.7607829381372886        3526577.9776423178        159720.73963802896        570404.47560163075        83084.770718118991        446.27524842583665        3.4769074940161762        555.00092195362686        458.30721508906947        10.572306534223724        1.6295991468696607       0.18296126707021954        1.4703604752625535E-002   198.43403177624148        94.546165380178110        8.8333752635224911        0.0000000000000000        0.0000000000000000        0.0000000000000000        0.0000000000000000        0.0000000000000000        0.0000000000000000        0.0000000000000000        0.0000000000000000        0.0000000000000000        0.0000000000000000        0.0000000000000000        0.0000000000000000        0.0000000000000000        0.0000000000000000        0.0000000000000000        0.0000000000000000        0.0000000000000000        0.0000000000000000     
   3.8093529460589100        3352427.9947531740        152618.93320996143        541394.91637662775        79563.736942639502        432.20776913220686        3.3803207390616330        521.99239039961390        441.06118015000726        10.483648921433351        1.5456381911843819       0.17721747958204992        1.4563520269972253E-002   186.84315903961138        91.396027681286412        8.7345004274310902        0.0000000000000000        0.0000000000000000        0.0000000000000000        0.0000000000000000        0.0000000000000000        0.0000000000000000        0.0000000000000000        0.0000000000000000        0.0000000000000000        0.0000000000000000        0.0000000000000000        0.0000000000000000        0.0000000000000000        0.0000000000000000        0.0000000000000000        0.0000000000000000        0.0000000000000000        0.0000000000000000     
   3.8587769755945791        3186597.2349787722        145813.01965149803        513833.69301797228        76180.900738671960        418.47198036380343        3.2854145883163159        490.82413819804191        424.36702865593196        10.395702624792042        1.4657890404448295       0.17163257445289204        1.4423181418803636E-002   175.88285873000379        88.322155327599617        8.6341454505640627        0.0000000000000000        0.0000000000000000        0.0000000000000000        0.0000000000000000        0.0000000000000000        0.0000000000000000        0.0000000000000000        0.0000000000000000        0.0000000000000000        0.0000000000000000        0.0000000000000000        0.0000000000000000        0.0000000000000000        0.0000000000000000        0.0000000000000000        0.0000000000000000        0.0000000000000000        0.0000000000000000     
   3.9090700432729828        3028710.0321000838        139292.01030610086        487650.29519085807        72931.474794586757        405.06566777301327        3.1921854613338931        461.40159955585460        408.21189681768567        10.308502683692234        1.3898636477615804       0.16620291743487470        1.4282608107656204E-002   165.52217991276331        85.323777770314635        8.5323746723911409        0.0000000000000000        0.0000000000000000        0.0000000000000000        0.0000000000000000        0.0000000000000000        0.0000000000000000        0.0000000000000000        0.0000000000000000        0.0000000000000000        0.0000000000000000        0.0000000000000000        0.0000000000000000        0.0000000000000000        0.0000000000000000        0.0000000000000000        0.0000000000000000        0.0000000000000000        0.0000000000000000     
   3.9602474296631178        2878406.2334412076        133045.24517165963        462777.57551621011        69810.809415550844        391.98637214812697        3.1006294673943753        433.63456645883781        392.58296655286324        10.222080869441132        1.3176817583757898       0.16092493509083894        1.4141820133860696E-002   155.73148016789230        82.400110799796892        8.4292546493004163        0.0000000000000000        0.0000000000000000        0.0000000000000000        0.0000000000000000        0.0000000000000000        0.0000000000000000        0.0000000000000000        0.0000000000000000        0.0000000000000000        0.0000000000000000        0.0000000000000000        0.0000000000000000        0.0000000000000000        0.0000000000000000        0.0000000000000000        0.0000000000000000        0.0000000000000000        0.0000000000000000     
   4.0123246840170008        2735340.6426718337        127062.38713772924        439151.58672308363        66814.389014715023        379.23139598518867        3.0107423359504786        407.43701678055407        377.46748101623518        10.136465682033812        1.2490706310373132       0.15579511428353945        1.4000837262079202E-002   146.48238013577824        79.550355957321884        8.3248541050859952        0.0000000000000000        0.0000000000000000        0.0000000000000000        0.0000000000000000        0.0000000000000000        0.0000000000000000        0.0000000000000000        0.0000000000000000        0.0000000000000000        0.0000000000000000        0.0000000000000000        0.0000000000000000        0.0000000000000000        0.0000000000000000        0.0000000000000000        0.0000000000000000        0.0000000000000000        0.0000000000000000     
   4.0653176289940003        2599182.4970862265        121333.41701558291        416711.43044657592        63937.829234917008        366.79781348005480        2.9225193640895375        382.72695165830487        362.85276065147735        10.051682354751428        1.1838647766878563       0.15081000191852015        1.3859679226744163E-002   137.74772072835287        76.773700212347578        8.2192438381283619        0.0000000000000000        0.0000000000000000        0.0000000000000000        0.0000000000000000        0.0000000000000000        0.0000000000000000        0.0000000000000000        0.0000000000000000        0.0000000000000000        0.0000000000000000        0.0000000000000000        0.0000000000000000        0.0000000000000000        0.0000000000000000        0.0000000000000000        0.0000000000000000        0.0000000000000000        0.0000000000000000     
   4.1192423654682404        2469614.9191086795        115848.62658454252        395399.10754245438        61176.873228137847        354.68247563704784        2.8359553547449230        359.42622891479596        348.72621549790136        9.9677528483041105        1.1219056838270842       0.14596620409344602        1.3718365886099334E-002   129.50151870417625        74.069314969040931        8.1124966627760315        0.0000000000000000        0.0000000000000000        0.0000000000000000        0.0000000000000000        0.0000000000000000        0.0000000000000000        0.0000000000000000        0.0000000000000000        0.0000000000000000        0.0000000000000000        0.0000000000000000        0.0000000000000000        0.0000000000000000        0.0000000000000000        0.0000000000000000        0.0000000000000000        0.0000000000000000        0.0000000000000000     
   4.1741152774205492        2346334.4333754848        110598.61391114886        375159.38411075866        58527.389306569276        342.88202302725904        2.7510445868393099        337.46041252799796        335.07536027712223        9.8846958623169758        1.0630415769986634       0.14126038595805726        1.3576917177986796E-002   121.71892707521474        71.436355880708064        8.0046872662622288        0.0000000000000000        0.0000000000000000        0.0000000000000000        0.0000000000000000        0.0000000000000000        0.0000000000000000        0.0000000000000000        0.0000000000000000        0.0000000000000000        0.0000000000000000        0.0000000000000000        0.0000000000000000        0.0000000000000000        0.0000000000000000        0.0000000000000000        0.0000000000000000        0.0000000000000000        0.0000000000000000     
   4.2299530369163989        2229050.4513162174        105574.27640178555        355939.65704099042        55985.367556376958        331.39289252224285        2.6677807697860318        316.75861672093617        321.88782521832337        9.8025268315403142        1.0071271585662447       0.13668927086879287        1.3435353257233639E-002   114.37619336696963        68.873961918906971        7.8958921110523645        0.0000000000000000        0.0000000000000000        0.0000000000000000        0.0000000000000000        0.0000000000000000        0.0000000000000000        0.0000000000000000        0.0000000000000000        0.0000000000000000        0.0000000000000000        0.0000000000000000        0.0000000000000000        0.0000000000000000        0.0000000000000000        0.0000000000000000        0.0000000000000000        0.0000000000000000        0.0000000000000000     
   4.2867726091713969        2117484.8047998687        100766.80540971323        337689.83176866599        53546.917407831745        320.21132939291664        2.5861570239368614        297.25336237181165        309.15136860770133        9.7212579371575742       0.95402337522097869       0.13224964004652570        1.3293694489846707E-002   107.45062148493837        66.381255044524323        7.7861892732954496        0.0000000000000000        0.0000000000000000        0.0000000000000000        0.0000000000000000        0.0000000000000000        0.0000000000000000        0.0000000000000000        0.0000000000000000        0.0000000000000000        0.0000000000000000        0.0000000000000000        0.0000000000000000        0.0000000000000000        0.0000000000000000        0.0000000000000000        0.0000000000000000        0.0000000000000000        0.0000000000000000     
   4.3445912577058357        2011371.2820067301        96167.680235993990        320362.20438229991        51208.265010529940        309.33339820904814        2.5061658624952123        278.88043557865791        296.85388763490056        9.6408981165081364       0.90359718546927703       0.12793833202553995        1.3151961478635789E-002   100.92053386056202        63.957339736374514        7.6756582768942447        0.0000000000000000        0.0000000000000000        0.0000000000000000        0.0000000000000000        0.0000000000000000        0.0000000000000000        0.0000000000000000        0.0000000000000000        0.0000000000000000        0.0000000000000000        0.0000000000000000        0.0000000000000000        0.0000000000000000        0.0000000000000000        0.0000000000000000        0.0000000000000000        0.0000000000000000        0.0000000000000000     
   4.4034265495898719        1910455.1499970844        91768.660780657156        303911.34526134731        48965.749992004741        298.75498984866198        2.4277991659166838        261.57874511193091        284.98342630133772        9.5614530530210526       0.85572132011586510       0.12375224169569983        1.3010175236956054E-002   94.765232760574563        61.601302118829850        7.5643799654284658        0.0000000000000000        0.0000000000000000        0.0000000000000000        0.0000000000000000        0.0000000000000000        0.0000000000000000        0.0000000000000000        0.0000000000000000        0.0000000000000000        0.0000000000000000        0.0000000000000000        0.0000000000000000        0.0000000000000000        0.0000000000000000        0.0000000000000000        0.0000000000000000        0.0000000000000000        0.0000000000000000     
   4.4632963607809426        1814492.7496758797        87561.782952669950        288293.99761989119        46815.823773698103        288.47183765894448        2.3510481945020114        245.29019692339543        273.52818710487958        9.4829252080012214       0.81027407944074137       0.11968832021147112        1.2868357055241650E-002   88.964966776896958        59.312210178915898        7.4524362573285359        0.0000000000000000        0.0000000000000000        0.0000000000000000        0.0000000000000000        0.0000000000000000        0.0000000000000000        0.0000000000000000        0.0000000000000000        0.0000000000000000        0.0000000000000000        0.0000000000000000        0.0000000000000000        0.0000000000000000        0.0000000000000000        0.0000000000000000        0.0000000000000000        0.0000000000000000        0.0000000000000000     
   4.5242188815550266        1723251.0435993664        83539.351164850959        273468.97161669191        44755.046415519566        278.47952461759934        2.2759035729287800        229.95956031747534        262.47653719692067        9.4053138095730837       0.76713910616918668       0.11574357397688348        1.2726528677797024E-002   83.500894068710494        57.089113036291160        7.3399099962754226        0.0000000000000000        0.0000000000000000        0.0000000000000000        0.0000000000000000        0.0000000000000000        0.0000000000000000        0.0000000000000000        0.0000000000000000        0.0000000000000000        0.0000000000000000        0.0000000000000000        0.0000000000000000        0.0000000000000000        0.0000000000000000        0.0000000000000000        0.0000000000000000        0.0000000000000000        0.0000000000000000     
   4.5862126220334041        1636507.2180033224        79693.932767453924        259397.04990690982        42780.084553087239        268.77349685902976        2.2023553049825506        215.53434723345688        251.81701699473362        9.3286148742130770       0.72620518591312078       0.11191506422519397        1.2584712251642365E-002   78.355049474447057        54.931041028056001        7.2268847149507316        0.0000000000000000        0.0000000000000000        0.0000000000000000        0.0000000000000000        0.0000000000000000        0.0000000000000000        0.0000000000000000        0.0000000000000000        0.0000000000000000        0.0000000000000000        0.0000000000000000        0.0000000000000000        0.0000000000000000        0.0000000000000000        0.0000000000000000        0.0000000000000000        0.0000000000000000        0.0000000000000000     
   4.6492964178065961        1554048.2703267226        76018.351149127295        246040.89349086190        40887.708678361203        259.34907293715025        2.1303927753383611        201.96469007517720        241.53834587303905        9.2528212027128287       0.68736603999171275       0.10819990620364479        1.2442930440663611E-002   73.510310637681869        52.837005433269212        7.1134444485063666        0.0000000000000000        0.0000000000000000        0.0000000000000000        0.0000000000000000        0.0000000000000000        0.0000000000000000        0.0000000000000000        0.0000000000000000        0.0000000000000000        0.0000000000000000        0.0000000000000000        0.0000000000000000        0.0000000000000000        0.0000000000000000        0.0000000000000000        0.0000000000000000        0.0000000000000000        0.0000000000000000     
   4.7134894356571939        1475670.6441314120        72505.680527094431        233364.95743858899        39074.791367423080        250.20145878129620        2.0600047793044918        189.20323095139972        231.62943003698192        9.1779224176532708       0.65052014228116795       0.10459526889095290        1.2301206308953238E-002   68.950367479860276        50.805998952571372        6.9996734649247543        0.0000000000000000        0.0000000000000000        0.0000000000000000        0.0000000000000000        0.0000000000000000        0.0000000000000000        0.0000000000000000        0.0000000000000000        0.0000000000000000        0.0000000000000000        0.0000000000000000        0.0000000000000000        0.0000000000000000        0.0000000000000000        0.0000000000000000        0.0000000000000000        0.0000000000000000        0.0000000000000000     
   4.7788111793833110        1401179.8206556831        69149.238016049276        221335.40192795161        37338.304078073852        241.32575331071590        1.9911795187888097        177.20500369563254        222.07936488429240        9.1039049313236564       0.61557051381020333       0.10109837376798769        1.2159563560204424E-002   64.659688691264932        48.836995281447237        6.8856561101245743        0.0000000000000000        0.0000000000000000        0.0000000000000000        0.0000000000000000        0.0000000000000000        0.0000000000000000        0.0000000000000000        0.0000000000000000        0.0000000000000000        0.0000000000000000        0.0000000000000000        0.0000000000000000        0.0000000000000000        0.0000000000000000        0.0000000000000000        0.0000000000000000        0.0000000000000000        0.0000000000000000     
   4.8452814957244339        1330389.9949604142        65942.579256415542        209920.01868405490        35675.315888387049        232.71696605972497        1.9239046518044953        165.92733455107947        212.87744308972529        9.0307520106863279       0.58242456023067790        9.7706494878724459E-002   1.2018026307718151E-002   60.623494086732777        46.928950191402315        6.7714764977801671        0.0000000000000000        0.0000000000000000        0.0000000000000000        0.0000000000000000        0.0000000000000000        0.0000000000000000        0.0000000000000000        0.0000000000000000        0.0000000000000000        0.0000000000000000        0.0000000000000000        0.0000000000000000        0.0000000000000000        0.0000000000000000        0.0000000000000000        0.0000000000000000        0.0000000000000000        0.0000000000000000     
   4.9129205803914635        1263123.6967012838        62879.490769762269        199088.15047117166        34082.990488022057        224.37002336143073        1.8581672964933158        155.32973329446742        204.01315605209882        8.9584437515596935       0.55099388101409297        9.4416957664759701E-002   1.1876619274368814E-002   56.827723166246720        45.080801464047362        6.6572183396971036        0.0000000000000000        0.0000000000000000        0.0000000000000000        0.0000000000000000        0.0000000000000000        0.0000000000000000        0.0000000000000000        0.0000000000000000        0.0000000000000000        0.0000000000000000        0.0000000000000000        0.0000000000000000        0.0000000000000000        0.0000000000000000        0.0000000000000000        0.0000000000000000        0.0000000000000000        0.0000000000000000     
   4.9817489842027944        1199211.4656489121        59953.984458644387        188810.62092458582        32558.584333404746        216.27978159712791        1.7939540704227930        145.37379682639062        195.47619861336466        8.8869571162831509       0.52119410633472418        9.1227138600352961E-002   1.1735367706392271E-002   53.259007454515995        43.291469794465627        6.5429646859425485        0.0000000000000000        0.0000000000000000        0.0000000000000000        0.0000000000000000        0.0000000000000000        0.0000000000000000        0.0000000000000000        0.0000000000000000        0.0000000000000000        0.0000000000000000        0.0000000000000000        0.0000000000000000        0.0000000000000000        0.0000000000000000        0.0000000000000000        0.0000000000000000        0.0000000000000000        0.0000000000000000     
   5.0517876193282758        1138491.5173571010        57160.291096014065        179059.66437817304        31099.444262061126        208.44103656657768        1.7312511141699374        136.02311229793239        187.25647125606724        8.8162659396361942       0.49294472881586454        8.8134464436543186E-002   1.1594297430644225E-002   49.904642178710560        41.559859416642773        6.4287977154074456        0.0000000000000000        0.0000000000000000        0.0000000000000000        0.0000000000000000        0.0000000000000000        0.0000000000000000        0.0000000000000000        0.0000000000000000        0.0000000000000000        0.0000000000000000        0.0000000000000000        0.0000000000000000        0.0000000000000000        0.0000000000000000        0.0000000000000000        0.0000000000000000        0.0000000000000000        0.0000000000000000     
   5.1230577656429679        1080809.4378169451        54492.854751656894        169808.86167426105        29703.005612612433        200.84853580061380        1.6700441310501062        127.24316734398974        179.34408346691927        8.7463409731641786       0.46616894988554247        8.5136411809615523E-002   1.1453434770536647E-002   46.752559936529806        39.884859226708521        6.3147984881510455        0.0000000000000000        0.0000000000000000        0.0000000000000000        0.0000000000000000        0.0000000000000000        0.0000000000000000        0.0000000000000000        0.0000000000000000        0.0000000000000000        0.0000000000000000        0.0000000000000000        0.0000000000000000        0.0000000000000000        0.0000000000000000        0.0000000000000000        0.0000000000000000        0.0000000000000000        0.0000000000000000     
   5.1955810771926192        1026017.8698934850        51946.326317994106        161033.07596788931        28366.789846261858        193.49698714502918        1.6103184117545504        119.00126020019361        171.72935471729969        8.6771498963507643       0.44079352187839510        8.2230506449182769E-002   1.1312806596434750E-002   43.791303836401596        38.265343638090968        6.2010467471545381        0.0000000000000000        0.0000000000000000        0.0000000000000000        0.0000000000000000        0.0000000000000000        0.0000000000000000        0.0000000000000000        0.0000000000000000        0.0000000000000000        0.0000000000000000        0.0000000000000000        0.0000000000000000        0.0000000000000000        0.0000000000000000        0.0000000000000000        0.0000000000000000        0.0000000000000000        0.0000000000000000     
   5.2693795887728241        973976.21426909242        49515.557281165311        152708.39202355471        27088.402288823570        186.38106763111003        1.5520588631845456        111.26641400259544        164.40281535575707        8.6086573304773069       0.41674859730384234        7.9414322528499365E-002   1.1172440379977359E-002   41.010001626672562        36.700173643156518        6.0876207324164824        0.0000000000000000        0.0000000000000000        0.0000000000000000        0.0000000000000000        0.0000000000000000        0.0000000000000000        0.0000000000000000        0.0000000000000000        0.0000000000000000        0.0000000000000000        0.0000000000000000        0.0000000000000000        0.0000000000000000        0.0000000000000000        0.0000000000000000        0.0000000000000000        0.0000000000000000        0.0000000000000000     
   5.3444757226238693        924550.36597803282        47195.594836996010        144812.06219928211        25865.530591908126        179.49543679095942        1.4952500580582548        104.00929925683880        157.35520950987237        8.5408249327293042       0.39396759624799804        7.6685482467635527E-002   1.1032363970654059E-002   38.398342292844646        35.188198508369489        5.9745969176008780        0.0000000000000000        0.0000000000000000        0.0000000000000000        0.0000000000000000        0.0000000000000000        0.0000000000000000        0.0000000000000000        0.0000000000000000        0.0000000000000000        0.0000000000000000        0.0000000000000000        0.0000000000000000        0.0000000000000000        0.0000000000000000        0.0000000000000000        0.0000000000000000        0.0000000000000000        0.0000000000000000     
   5.4208922952432950        877612.41721012059        44981.674861044288        137322.44814084779        24695.942002718966        172.83474137430733        1.4398762449007123        97.202151213709328        150.57749323276576        8.4736113743642978       0.37238705636869340        7.4041655921867858E-002   1.0892605810236490E-002   35.946550379946835        33.728256656547295        5.8620498970551251        0.0000000000000000        0.0000000000000000        0.0000000000000000        0.0000000000000000        0.0000000000000000        0.0000000000000000        0.0000000000000000        0.0000000000000000        0.0000000000000000        0.0000000000000000        0.0000000000000000        0.0000000000000000        0.0000000000000000        0.0000000000000000        0.0000000000000000        0.0000000000000000        0.0000000000000000        0.0000000000000000     
   5.4986525243182376        833040.41030917875        42869.216998244607        130218.97127998115        23577.481768690592        166.39362729653973        1.3859213952988927        90.818698040324989        144.06083626165781        8.4069724416904936       0.35194650844897041        7.1480559555380588E-002   1.0753194735192852E-002   33.645363774139334        32.319177488320186        5.7500521576071728        0.0000000000000000        0.0000000000000000        0.0000000000000000        0.0000000000000000        0.0000000000000000        0.0000000000000000        0.0000000000000000        0.0000000000000000        0.0000000000000000        0.0000000000000000        0.0000000000000000        0.0000000000000000        0.0000000000000000        0.0000000000000000        0.0000000000000000        0.0000000000000000        0.0000000000000000        0.0000000000000000     
   5.5777800357796776        790718.07782207045        40853.818690941167        123482.06215392338        22508.070937256529        160.16674692041602        1.3333692264658223        84.834087777898986        137.79662115361776        8.3408610816719033       0.33258834520673658        6.8999956389950393E-002   1.0614160002834872E-002   31.486010649475556        30.959782806674149        5.6386739349751185        0.0000000000000000        0.0000000000000000        0.0000000000000000        0.0000000000000000        0.0000000000000000        0.0000000000000000        0.0000000000000000        0.0000000000000000        0.0000000000000000        0.0000000000000000        0.0000000000000000        0.0000000000000000        0.0000000000000000        0.0000000000000000        0.0000000000000000        0.0000000000000000        0.0000000000000000        0.0000000000000000     
   5.6582988709807154        750534.59543190105        38931.249471459123        117093.11253175102        21485.704273160980        154.14876659034309        1.2822032269181607        79.224818937954396        131.77644242002353        8.2752274624495996       0.31425769655459262        6.6597655244320750E-002   1.0475531294270689E-002   29.460187343734376        29.648888380668335        5.5279830784718813        0.0000000000000000        0.0000000000000000        0.0000000000000000        0.0000000000000000        0.0000000000000000        0.0000000000000000        0.0000000000000000        0.0000000000000000        0.0000000000000000        0.0000000000000000        0.0000000000000000        0.0000000000000000        0.0000000000000000        0.0000000000000000        0.0000000000000000        0.0000000000000000        0.0000000000000000        0.0000000000000000     
   5.7402334940010702        712384.35181931418        37097.445748525024        111034.43090967543        20508.448418061042        148.33437531720486        1.2324066873033774        73.968675437811882        125.99210611353175        8.2100190810966129       0.29690231350260948        6.4271510291730519E-002   1.0337338592162527E-002   27.560037469709542        28.385305723710005        5.4180448921117303        0.0000000000000000        0.0000000000000000        0.0000000000000000        0.0000000000000000        0.0000000000000000        0.0000000000000000        0.0000000000000000        0.0000000000000000        0.0000000000000000        0.0000000000000000        0.0000000000000000        0.0000000000000000        0.0000000000000000        0.0000000000000000        0.0000000000000000        0.0000000000000000        0.0000000000000000        0.0000000000000000     
   5.8236087990800156        676166.71844327636        35348.505229991002        105289.19865885026        19574.439819923628        142.71829127752571        1.1839627193484552        69.044662569212733        120.43562828663474        8.1451808432530513       0.28047245176274521        6.2019420546391472E-002   1.0199612207699420E-002   25.778131058585402        27.167843737452909        5.3089220416319387        0.0000000000000000        0.0000000000000000        0.0000000000000000        0.0000000000000000        0.0000000000000000        0.0000000000000000        0.0000000000000000        0.0000000000000000        0.0000000000000000        0.0000000000000000        0.0000000000000000        0.0000000000000000        0.0000000000000000        0.0000000000000000        0.0000000000000000        0.0000000000000000        0.0000000000000000        0.0000000000000000     
   5.9084501181800020        641785.83832274913        33680.681985416879        99841.429751212694        18681.882984361528        137.29527005823081        1.1368542841408347        64.432947618615302        115.09923418206021        8.0806552145313564       0.26492076517321944        5.9839329463456811E-002   1.0062382609862391E-002   24.107445122064775        25.995310591189998        5.2006744153487965        0.0000000000000000        0.0000000000000000        0.0000000000000000        0.0000000000000000        0.0000000000000000        0.0000000000000000        0.0000000000000000        0.0000000000000000        0.0000000000000000        0.0000000000000000        0.0000000000000000        0.0000000000000000        0.0000000000000000        0.0000000000000000        0.0000000000000000        0.0000000000000000        0.0000000000000000        0.0000000000000000     
   5.9947832286832892        609150.40065329859        32090.380431045189        94675.928849141565        17829.048096169037        132.06010770489488        1.0910641916166977        60.114799058551888        109.97535472039138        8.0163822699409675       0.25020219164716279        5.7729224108334219E-002   9.9256806054192886E-003   22.541343353900118        24.866515093464262        5.0933591054021150        0.0000000000000000        0.0000000000000000        0.0000000000000000        0.0000000000000000        0.0000000000000000        0.0000000000000000        0.0000000000000000        0.0000000000000000        0.0000000000000000        0.0000000000000000        0.0000000000000000        0.0000000000000000        0.0000000000000000        0.0000000000000000        0.0000000000000000        0.0000000000000000        0.0000000000000000        0.0000000000000000     
   6.0826343612238931        578173.45924685837        30574.151290838108        89778.256739101576        17014.269703026337        127.00765095642116        1.0465751389894584        56.072534467954362        105.05662678049404        7.9522999424037204       0.23627386150488816        5.5687135157469952E-002   9.7895370060654477E-003   21.073558854835749        23.780268918175917        4.9870302608797452        0.0000000000000000        0.0000000000000000        0.0000000000000000        0.0000000000000000        0.0000000000000000        0.0000000000000000        0.0000000000000000        0.0000000000000000        0.0000000000000000        0.0000000000000000        0.0000000000000000        0.0000000000000000        0.0000000000000000        0.0000000000000000        0.0000000000000000        0.0000000000000000        0.0000000000000000        0.0000000000000000     
   6.1720302076572615        548772.22699474997        29128.685996913402        85134.692514949813        16235.944500854057        122.13280031138399        1.0033697071885612        52.289465334362120        100.33588964369405        7.8883441325663064       0.22309499346594414        5.3711136142397108E-002   9.6539827339076831E-003   19.698175413191276        22.735388044807774        4.8817390803262537        0.0000000000000000        0.0000000000000000        0.0000000000000000        0.0000000000000000        0.0000000000000000        0.0000000000000000        0.0000000000000000        0.0000000000000000        0.0000000000000000        0.0000000000000000        0.0000000000000000        0.0000000000000000        0.0000000000000000        0.0000000000000000        0.0000000000000000        0.0000000000000000        0.0000000000000000        0.0000000000000000     
   6.2629979291700693        520867.89136516914        27750.811898951419        80732.199480060386        15492.529533183584        117.43051550690686       0.96143037206047177        48.749846560438613        95.806182712042514        7.8244489072922132       0.21062680138545004        5.1799342978194600E-002   9.5190487258262086E-003   18.409610331763602        21.730694483125486        4.7775337618776428        0.0000000000000000        0.0000000000000000        0.0000000000000000        0.0000000000000000        0.0000000000000000        0.0000000000000000        0.0000000000000000        0.0000000000000000        0.0000000000000000        0.0000000000000000        0.0000000000000000        0.0000000000000000        0.0000000000000000        0.0000000000000000        0.0000000000000000        0.0000000000000000        0.0000000000000000        0.0000000000000000     
   6.3555651645326154        494385.43693658832        26437.487566531923        76558.392553995553        14782.540408811361        112.89582053938160       0.92073951098615814        45.438828077682786        91.460743082843351        7.7605467147579610       0.19883240442440131        4.9949913559199047E-002   9.3847658703312062E-003   17.202597838201733        20.765017969473622        4.6744594819961556        0.0000000000000000        0.0000000000000000        0.0000000000000000        0.0000000000000000        0.0000000000000000        0.0000000000000000        0.0000000000000000        0.0000000000000000        0.0000000000000000        0.0000000000000000        0.0000000000000000        0.0000000000000000        0.0000000000000000        0.0000000000000000        0.0000000000000000        0.0000000000000000        0.0000000000000000        0.0000000000000000     
   6.4497600384963283        469253.47559754306        25185.798232819383        72601.507246467489        14104.549564824994        108.52380844329683       0.88127940735800969        42.342408736560451        87.293002981030227        7.6965686339033921       0.18767674115365007        4.8161047328938819E-002   9.2511649067418874E-003   16.072173176101664        19.837197618650425        4.5725583771627969        0.0000000000000000        0.0000000000000000        0.0000000000000000        0.0000000000000000        0.0000000000000000        0.0000000000000000        0.0000000000000000        0.0000000000000000        0.0000000000000000        0.0000000000000000        0.0000000000000000        0.0000000000000000        0.0000000000000000        0.0000000000000000        0.0000000000000000        0.0000000000000000        0.0000000000000000        0.0000000000000000     
   6.5456111703389217        445404.07757454546        23992.951023257523        68850.369114329995        13457.184375440615        104.30964427311646       0.84303224417314926        39.447391308780283        83.296586268085576        7.6324446054862713       0.17712648404159057        4.6430984668877254E-002   9.1182764257644582E-003   15.013656933970763        18.946083349123334        4.4718695645551598        0.0000000000000000        0.0000000000000000        0.0000000000000000        0.0000000000000000        0.0000000000000000        0.0000000000000000        0.0000000000000000        0.0000000000000000        0.0000000000000000        0.0000000000000000        0.0000000000000000        0.0000000000000000        0.0000000000000000        0.0000000000000000        0.0000000000000000        0.0000000000000000        0.0000000000000000        0.0000000000000000     
   6.6431476825598050        422772.62105467694        22856.270935502231        65294.366422940926        12839.125648060099        100.24857045475369       0.80598011089083732        36.741341365165823        79.465306339912033        7.5681037719864364       0.16714996333683874        4.4758006672443888E-002   8.9861306793936752E-003   14.022640722904221        18.090537574702889        4.3724291314957968        0.0000000000000000        0.0000000000000000        0.0000000000000000        0.0000000000000000        0.0000000000000000        0.0000000000000000        0.0000000000000000        0.0000000000000000        0.0000000000000000        0.0000000000000000        0.0000000000000000        0.0000000000000000        0.0000000000000000        0.0000000000000000        0.0000000000000000        0.0000000000000000        0.0000000000000000        0.0000000000000000     
   6.7423992097283874        401297.63072171336        21773.195989812451        61923.421393701348        12249.105621659937        96.335907703801979       0.77010498352200873        34.212545346865632        75.793161626495220        7.5034747126628192       0.15771708530862924        4.3140434355317232E-002   8.8547576901821402E-003   13.094972368534306        17.269436323980695        4.2742702072430534        0.0000000000000000        0.0000000000000000        0.0000000000000000        0.0000000000000000        0.0000000000000000        0.0000000000000000        0.0000000000000000        0.0000000000000000        0.0000000000000000        0.0000000000000000        0.0000000000000000        0.0000000000000000        0.0000000000000000        0.0000000000000000        0.0000000000000000        0.0000000000000000        0.0000000000000000        0.0000000000000000     
   6.8433959074879631        380920.64363522705        20741.273627983592        58727.965959767025        11685.906633080707        92.567060515277518       0.73538873250195735        31.849973797948589        72.274333678110310        7.4384858720679512       0.14879926440948524        4.1576628508108227E-002   8.7241869683888137E-003   12.226743014432543        16.481670871520240        4.1774229524928357        0.0000000000000000        0.0000000000000000        0.0000000000000000        0.0000000000000000        0.0000000000000000        0.0000000000000000        0.0000000000000000        0.0000000000000000        0.0000000000000000        0.0000000000000000        0.0000000000000000        0.0000000000000000        0.0000000000000000        0.0000000000000000        0.0000000000000000        0.0000000000000000        0.0000000000000000        0.0000000000000000     
   6.9461684617179218        361586.06184254057        19758.156184363332        55698.915729849192        11148.359230874932        88.937517771490064       0.70181310021016685        29.643243363492498        68.903182679451731        7.3730658524234327       0.14036934858426131        4.0064988980193991E-002   8.5944476152450561E-003   11.414273588183450        15.726148740462270        4.0819146525805303        0.0000000000000000        0.0000000000000000        0.0000000000000000        0.0000000000000000        0.0000000000000000        0.0000000000000000        0.0000000000000000        0.0000000000000000        0.0000000000000000        0.0000000000000000        0.0000000000000000        0.0000000000000000        0.0000000000000000        0.0000000000000000        0.0000000000000000        0.0000000000000000        0.0000000000000000        0.0000000000000000     
   7.0507480978570456        343241.02257406950        18821.597104226428        52827.646908060968        10635.340677730746        85.442855791179724       0.66935969490813463        27.582582379216255        65.674244335555528        7.3071438340759531       0.13240155361389602        3.8603954269821668E-002   8.4655681716162071E-003   10.654102591485909        15.001794936614351        3.9877697559905458        0.0000000000000000        0.0000000000000000        0.0000000000000000        0.0000000000000000        0.0000000000000000        0.0000000000000000        0.0000000000000000        0.0000000000000000        0.0000000000000000        0.0000000000000000        0.0000000000000000        0.0000000000000000        0.0000000000000000        0.0000000000000000        0.0000000000000000        0.0000000000000000        0.0000000000000000        0.0000000000000000     
   7.1571665903907595        325835.27198204055        17929.447164387730        50105.973981859024        10145.773424708645        82.078740605777710       0.63800997982623231        25.658797731617732        62.582226469097812        7.2406499988774575       0.12487139915034814        3.7192001110886282E-002   8.3375765363366654E-003   9.9429742875630254        14.307553046021088        3.8950099423715758        0.0000000000000000        0.0000000000000000        0.0000000000000000        0.0000000000000000        0.0000000000000000        0.0000000000000000        0.0000000000000000        0.0000000000000000        0.0000000000000000        0.0000000000000000        0.0000000000000000        0.0000000000000000        0.0000000000000000        0.0000000000000000        0.0000000000000000        0.0000000000000000        0.0000000000000000        0.0000000000000000     
   7.2654562725051886        309321.03978294495        17079.650557073161        47526.127757334194        9678.6234784246535        78.840928799747502       0.60774525478827324        23.863242702987513        59.622004862616116        7.1735159368048782       0.11775564529444126        3.5827643831710394E-002   8.2104999498278947E-003   9.2778271844954947        13.642386083655417        3.8036542063048389        0.0000000000000000        0.0000000000000000        0.0000000000000000        0.0000000000000000        0.0000000000000000        0.0000000000000000        0.0000000000000000        0.0000000000000000        0.0000000000000000        0.0000000000000000        0.0000000000000000        0.0000000000000000        0.0000000000000000        0.0000000000000000        0.0000000000000000        0.0000000000000000        0.0000000000000000        0.0000000000000000     
   7.3756500459109597        293652.92483149579        16270.241396832595        45080.735269917634        9232.8989784458736        75.725269474983591       0.57854664642893738        22.187787143301769        56.788619859491789        7.1056751206914326       0.11103223464005314        3.4509433961802574E-002   8.0843648917325543E-003   8.6557833678906562        13.005277430434083        3.7137189330590092        0.0000000000000000        0.0000000000000000        0.0000000000000000        0.0000000000000000        0.0000000000000000        0.0000000000000000        0.0000000000000000        0.0000000000000000        0.0000000000000000        0.0000000000000000        0.0000000000000000        0.0000000000000000        0.0000000000000000        0.0000000000000000        0.0000000000000000        0.0000000000000000        0.0000000000000000        0.0000000000000000     
   7.4877813908397552        278787.78215854446        15499.340141677778        42762.800098865926        8807.6486986274886        72.727705059998016       0.55039509275115850        20.624788626772990        54.077272376659707        7.0370633673749987       0.10468023512907519        3.3235959659065811E-002   7.9591970304817346E-003   8.0741381505518106        12.395231553845663        3.6252179865706471        0.0000000000000000        0.0000000000000000        0.0000000000000000        0.0000000000000000        0.0000000000000000        0.0000000000000000        0.0000000000000000        0.0000000000000000        0.0000000000000000        0.0000000000000000        0.0000000000000000        0.0000000000000000        0.0000000000000000        0.0000000000000000        0.0000000000000000        0.0000000000000000        0.0000000000000000        0.0000000000000000     
   7.6018843762166215        264684.61630890769        14765.150201503238        40565.683817184516        8401.9606273294394        69.844272210618684       0.52327133062240849        19.167065216510082        51.483320086708879        6.9676193231774244        9.8679786072979600E-002   3.2005845201443839E-002   7.8350211574615188E-003   7.5303502983011334        11.811274681085527        3.5381627998985303        0.0000000000000000        0.0000000000000000        0.0000000000000000        0.0000000000000000        0.0000000000000000        0.0000000000000000        0.0000000000000000        0.0000000000000000        0.0000000000000000        0.0000000000000000        0.0000000000000000        0.0000000000000000        0.0000000000000000        0.0000000000000000        0.0000000000000000        0.0000000000000000        0.0000000000000000        0.0000000000000000     
   7.7179936700111513        251304.47940016576        14065.954657414424        38483.088320684503        8014.9605846937629        67.071102494431187       0.49715588440482750        17.807869584771105        49.002273578015277        6.8972849578335369        9.3012046559753245E-002   3.0817750481367263E-002   7.7118611281272063E-003   7.0220327371724771        11.252455381049707        3.4525624710579823        0.0000000000000000        0.0000000000000000        0.0000000000000000        0.0000000000000000        0.0000000000000000        0.0000000000000000        0.0000000000000000        0.0000000000000000        0.0000000000000000        0.0000000000000000        0.0000000000000000        0.0000000000000000        0.0000000000000000        0.0000000000000000        0.0000000000000000        0.0000000000000000        0.0000000000000000        0.0000000000000000     
   7.8361445497706734        238610.37248251590        13400.113019535765        36509.038808494835        7645.8108364263626        64.404422520806875       0.47202905408168899        16.540864297135432        46.629792285518285        6.8260060514159582        8.7659145594148724E-002   2.9670370409949236E-002   7.5897398154267069E-003   6.5469436712723246        10.717845007661969        3.3684238602745218        0.0000000000000000        0.0000000000000000        0.0000000000000000        0.0000000000000000        0.0000000000000000        0.0000000000000000        0.0000000000000000        0.0000000000000000        0.0000000000000000        0.0000000000000000        0.0000000000000000        0.0000000000000000        0.0000000000000000        0.0000000000000000        0.0000000000000000        0.0000000000000000        0.0000000000000000        0.0000000000000000     
   7.9563729133386421        226567.15300987460        12766.058188727284        34637.867834729572        7293.7087993462137        61.840554328518117       0.44787090824915049        15.360098563188080        44.361680693790618        6.7537326965136328        8.2604135287130273E-002   2.8562434419913418E-002   7.4686790456639359E-003   6.1029782395051582        10.206538119689370        3.2857516889355955        0.0000000000000000        0.0000000000000000        0.0000000000000000        0.0000000000000000        0.0000000000000000        0.0000000000000000        0.0000000000000000        0.0000000000000000        0.0000000000000000        0.0000000000000000        0.0000000000000000        0.0000000000000000        0.0000000000000000        0.0000000000000000        0.0000000000000000        0.0000000000000000        0.0000000000000000        0.0000000000000000     
   8.0787152897615044        215141.44429126359        12162.293398790885        32864.199788847960        6957.8857124040387        59.375914989940114       0.42466127574663193        14.259985911537740        42.193884194892476        6.6804197659020481        7.7830945086928727E-002   2.7492705847011349E-002   7.3486995862006108E-003   5.6881604900001479        9.7176527353393869        3.2045486465964164        0.0000000000000000        0.0000000000000000        0.0000000000000000        0.0000000000000000        0.0000000000000000        0.0000000000000000        0.0000000000000000        0.0000000000000000        0.0000000000000000        0.0000000000000000        0.0000000000000000        0.0000000000000000        0.0000000000000000        0.0000000000000000        0.0000000000000000        0.0000000000000000        0.0000000000000000        0.0000000000000000     
   8.2032088503873339        204301.55176611949        11587.389417615557        31182.936537538877        6637.6054328459659        57.007016782950046       0.40237974469434973        13.235283386667399        40.122485364518681        6.6060274073721601        7.3324339504088371E-002   2.6459981414885616E-002   7.2298210466293913E-003   5.3006359351392964        9.2503306020691483        3.1248154820777212        0.0000000000000000        0.0000000000000000        0.0000000000000000        0.0000000000000000        0.0000000000000000        0.0000000000000000        0.0000000000000000        0.0000000000000000        0.0000000000000000        0.0000000000000000        0.0000000000000000        0.0000000000000000        0.0000000000000000        0.0000000000000000        0.0000000000000000        0.0000000000000000        0.0000000000000000        0.0000000000000000     
   8.3298914201596261        194017.38016753868        11039.981681335390        29589.243311097427        6332.1631726051419        54.730466392282132       0.38100565936803327        12.281071444501311        38.143699836268794        6.5305214697416050        6.9069876230822211E-002   2.5463090612851014E-002   7.1120618996554728E-003   4.9386643285243119        8.8037372880384392        3.0465511181948637        0.0000000000000000        0.0000000000000000        0.0000000000000000        0.0000000000000000        0.0000000000000000        0.0000000000000000        0.0000000000000000        0.0000000000000000        0.0000000000000000        0.0000000000000000        0.0000000000000000        0.0000000000000000        0.0000000000000000        0.0000000000000000        0.0000000000000000        0.0000000000000000        0.0000000000000000        0.0000000000000000     
   8.4588014891096641        184260.35677430569        10518.767660375421        28078.535622263957        6040.8843464476922        52.542964601662810       0.36051812449392595        11.392735231615234        36.253872533826005        6.4538739428995644        6.5053867434080259E-002   2.4500895133691008E-002   6.9954394013481188E-003   4.6006129753657179        8.3770622797059939        2.9697527444234213        0.0000000000000000        0.0000000000000000        0.0000000000000000        0.0000000000000000        0.0000000000000000        0.0000000000000000        0.0000000000000000        0.0000000000000000        0.0000000000000000        0.0000000000000000        0.0000000000000000        0.0000000000000000        0.0000000000000000        0.0000000000000000        0.0000000000000000        0.0000000000000000        0.0000000000000000        0.0000000000000000     
   8.5899782240509737        175003.35598370570        10022.504194337209        26646.466481943491        5763.1233823668372        50.441305217201936       0.34089600900537581        10.565946578844514        34.449473621582101        6.3760633232044359        6.1263341669960523E-002   2.3572288227197681E-002   6.8799696135625138E-003   4.2849502774512791        7.9695189320866779        2.8944159279116222        0.0000000000000000        0.0000000000000000        0.0000000000000000        0.0000000000000000        0.0000000000000000        0.0000000000000000        0.0000000000000000        0.0000000000000000        0.0000000000000000        0.0000000000000000        0.0000000000000000        0.0000000000000000        0.0000000000000000        0.0000000000000000        0.0000000000000000        0.0000000000000000        0.0000000000000000        0.0000000000000000     
   8.7234614804793864        166220.62925686760        9550.0050315593580        25288.914523462343        5498.2626302011922        48.422374404509910       0.32211795681546962        9.7966472129440394        32.727094794132654        6.2970749710457739        5.7686008567147243E-002   2.2676194122277702E-002   6.7656673533372357E-003   3.9902397444990534        7.5803444246175422        2.8205347091300026        0.0000000000000000        0.0000000000000000        0.0000000000000000        0.0000000000000000        0.0000000000000000        0.0000000000000000        0.0000000000000000        0.0000000000000000        0.0000000000000000        0.0000000000000000        0.0000000000000000        0.0000000000000000        0.0000000000000000        0.0000000000000000        0.0000000000000000        0.0000000000000000        0.0000000000000000        0.0000000000000000     
   8.8592918146823649        157887.73815097328        9100.1384501681368        24001.972679894512        5245.7112989764028        46.483149864509109       0.30416240077859630        9.0810328576729376        31.083445605918797        6.2169014188520944        5.4310225079437967E-002   2.1811567441910113E-002   6.6525461508712023E-003   3.7151343284043619        7.2087996532892049        2.7481016977682158        0.0000000000000000        0.0000000000000000        0.0000000000000000        0.0000000000000000        0.0000000000000000        0.0000000000000000        0.0000000000000000        0.0000000000000000        0.0000000000000000        0.0000000000000000        0.0000000000000000        0.0000000000000000        0.0000000000000000        0.0000000000000000        0.0000000000000000        0.0000000000000000        0.0000000000000000        0.0000000000000000     
   8.9975104960612367        149981.48849914313        8671.8248537660820        22781.937114288317        5004.9043621077381        44.620699317389828       0.28700757680184197        8.4155379800906971        29.515349558751115        6.1355425877353236        5.1124962309122217E-002   2.0977392516258398E-002   6.5406182948230546E-003   3.4583709704143191        6.8541689907096437        2.6771081796619618        0.0000000000000000        0.0000000000000000        0.0000000000000000        0.0000000000000000        0.0000000000000000        0.0000000000000000        0.0000000000000000        0.0000000000000000        0.0000000000000000        0.0000000000000000        0.0000000000000000        0.0000000000000000        0.0000000000000000        0.0000000000000000        0.0000000000000000        0.0000000000000000        0.0000000000000000        0.0000000000000000     
   9.1381595196700918        142479.86936509254        8264.0345548798105        21625.296949518484        4775.3015538761165        42.832179390897309       0.27063154469869855        7.7968216003437965        28.019740530979199        6.0530059773538873        4.8119774807582213E-002   2.0172682757328329E-002   6.4298947987159686E-003   3.2187655569535361        6.5157600611253335        2.6075442064147674        0.0000000000000000        0.0000000000000000        0.0000000000000000        0.0000000000000000        0.0000000000000000        0.0000000000000000        0.0000000000000000        0.0000000000000000        0.0000000000000000        0.0000000000000000        0.0000000000000000        0.0000000000000000        0.0000000000000000        0.0000000000000000        0.0000000000000000        0.0000000000000000        0.0000000000000000        0.0000000000000000     
   9.2812816189751768        135361.99583529282        7875.7856991058607        20528.724648960244        4556.3864313019703        41.114834717402601       0.25501221403185015        7.2217539821374288        26.593659480916461        5.9693068057946936        4.5284771765138510E-002   1.9396480121937777E-002   6.3203853617477233E-003   2.9952082006475940        6.1929035143423565        2.5393986866355522        0.0000000000000000        0.0000000000000000        0.0000000000000000        0.0000000000000000        0.0000000000000000        0.0000000000000000        0.0000000000000000        0.0000000000000000        0.0000000000000000        0.0000000000000000        0.0000000000000000        0.0000000000000000        0.0000000000000000        0.0000000000000000        0.0000000000000000        0.0000000000000000        0.0000000000000000        0.0000000000000000     
   9.4269202788386117        128608.05063078663        7506.1420431457800        19489.066282070980        4347.6653363672585        39.465995768537020       0.24012736622457359        6.6874036701558746        25.234250574452556        5.8844680098895461        4.2610587675754534E-002   1.8647854313916509E-002   6.2120984579983590E-003   2.7866586097163841        5.8849525944987526        2.4726594853518504        0.0000000000000000        0.0000000000000000        0.0000000000000000        0.0000000000000000        0.0000000000000000        0.0000000000000000        0.0000000000000000        0.0000000000000000        0.0000000000000000        0.0000000000000000        0.0000000000000000        0.0000000000000000        0.0000000000000000        0.0000000000000000        0.0000000000000000        0.0000000000000000        0.0000000000000000        0.0000000000000000     
   9.5751197487304296        122199.23304585073        7154.2110843356295        18503.332962010514        4148.6665468169649        37.883078023088103       0.22595468806327379        6.1910257552895223        23.938758204174359        5.7985202589014104        4.0088356671516848E-002   1.7925902278299093E-002   6.1050412699515137E-003   2.5921419483825803        5.5912828658792098        2.4073135040257219        0.0000000000000000        0.0000000000000000        0.0000000000000000        0.0000000000000000        0.0000000000000000        0.0000000000000000        0.0000000000000000        0.0000000000000000        0.0000000000000000        0.0000000000000000        0.0000000000000000        0.0000000000000000        0.0000000000000000        0.0000000000000000        0.0000000000000000        0.0000000000000000        0.0000000000000000        0.0000000000000000     
   9.7259250561729047        116117.70723221984        6819.1420832805970        17568.692239565418        3958.9393514334429        36.363580115674601       0.21247180211273070        5.7300504891050732        22.704523580119584        5.7115018358687850        3.7709686570150829E-002   1.7229747494341481E-002   5.9992197327691666E-003   2.4107447913966875        5.3112917747837498        2.3433467680648024        0.0000000000000000        0.0000000000000000        0.0000000000000000        0.0000000000000000        0.0000000000000000        0.0000000000000000        0.0000000000000000        0.0000000000000000        0.0000000000000000        0.0000000000000000        0.0000000000000000        0.0000000000000000        0.0000000000000000        0.0000000000000000        0.0000000000000000        0.0000000000000000        0.0000000000000000        0.0000000000000000     
   9.8793820204212999        110346.55421683285        6500.1242383009339        16682.460115583744        3778.0532000309818        34.905082328829025       0.19965630188385311        5.3020726863805345        21.528981663139337        5.6234584674438883        3.5466634782955690E-002   1.6558539364126101E-002   5.8946385484885495E-003   2.2416113742038992        5.0443982387645692        2.2807445094338834        0.0000000000000000        0.0000000000000000        0.0000000000000000        0.0000000000000000        0.0000000000000000        0.0000000000000000        0.0000000000000000        0.0000000000000000        0.0000000000000000        0.0000000000000000        0.0000000000000000        0.0000000000000000        0.0000000000000000        0.0000000000000000        0.0000000000000000        0.0000000000000000        0.0000000000000000        0.0000000000000000     
   10.035537266385147        104869.72612245260        6196.3849269558295        15842.093435955829        3605.5968799380007        33.505245011393257       0.18748578875298352        4.9048417400536781        20.409658189975570        5.5344430800829256        3.3351685371327919E-002   1.5911452587251681E-002   5.7913011907300607E-003   2.0839400645817969        4.7900422070367039        2.2194912424712352        0.0000000000000000        0.0000000000000000        0.0000000000000000        0.0000000000000000        0.0000000000000000        0.0000000000000000        0.0000000000000000        0.0000000000000000        0.0000000000000000        0.0000000000000000        0.0000000000000000        0.0000000000000000        0.0000000000000000        0.0000000000000000        0.0000000000000000        0.0000000000000000        0.0000000000000000        0.0000000000000000     
   10.194438238794316        99672.001416164087        5907.1879484380643        15045.182488564893        3441.1776809773783        32.161806578259416       0.17593790843354601        4.5362521037578478        19.344166615241523        5.4445154574892705        3.1357726615669691E-002   1.5287686465882820E-002   5.6892099766115388E-003   1.9369799873542173        4.5476841483269901        2.1595708434204171        0.0000000000000000        0.0000000000000000        0.0000000000000000        0.0000000000000000        0.0000000000000000        0.0000000000000000        0.0000000000000000        0.0000000000000000        0.0000000000000000        0.0000000000000000        0.0000000000000000        0.0000000000000000        0.0000000000000000        0.0000000000000000        0.0000000000000000        0.0000000000000000        0.0000000000000000        0.0000000000000000     
   10.356133216614184        94738.944323968186        5631.8319556167653        14289.444273362918        3284.4206594045572        30.872582128796271       0.16499039217121150        4.1943345362881326        18.330205524830234        5.3537418745139407        2.9478030706811837E-002   1.4686464348047379E-002   5.5883660369926702E-003   1.8000279475209597        4.3168046121599142        2.1009666147316146        0.0000000000000000        0.0000000000000000        0.0000000000000000        0.0000000000000000        0.0000000000000000        0.0000000000000000        0.0000000000000000        0.0000000000000000        0.0000000000000000        0.0000000000000000        0.0000000000000000        0.0000000000000000        0.0000000000000000        0.0000000000000000        0.0000000000000000        0.0000000000000000        0.0000000000000000        0.0000000000000000     
   10.520671327714240        90056.864782148463        5369.6488664613635        13572.715893819401        3134.9678792335048        29.635461575499718       0.15462109603996455        3.8772477115537529        17.365555924280894        5.2621946339803918        2.7706233665775664E-002   1.4107033000690716E-002   5.4887693844855572E-003   1.6724254638407541        4.0969037124664771        2.0436613588482340        0.0000000000000000        0.0000000000000000        0.0000000000000000        0.0000000000000000        0.0000000000000000        0.0000000000000000        0.0000000000000000        0.0000000000000000        0.0000000000000000        0.0000000000000000        0.0000000000000000        0.0000000000000000        0.0000000000000000        0.0000000000000000        0.0000000000000000        0.0000000000000000        0.0000000000000000        0.0000000000000000     
   10.688102563794649        85612.780243958099        5120.0023348605846        12892.948266900481        2992.4776778634910        28.448407720247403       0.14480804048368839        3.5832703405487276        16.448078604514411        5.1699515459365957        2.6036316298944543E-002   1.3548661942456035E-002   5.3904189354301475E-003   1.5535559919362905        3.8875005949337531        1.9876374354957214        0.0000000000000000        0.0000000000000000        0.0000000000000000        0.0000000000000000        0.0000000000000000        0.0000000000000000        0.0000000000000000        0.0000000000000000        0.0000000000000000        0.0000000000000000        0.0000000000000000        0.0000000000000000        0.0000000000000000        0.0000000000000000        0.0000000000000000        0.0000000000000000        0.0000000000000000        0.0000000000000000     
   10.858477795575244        81394.380342084492        4882.2863438373442        12248.200299595348        2856.6239934174537        27.309454646967364       0.13552945141619832        3.3107938287413439        15.575711830936379        5.0770953753171302        2.4462586469607639E-002   1.3010642913293983E-002   5.2933125549208147E-003   1.4428423424302395        3.6881329446970552        1.9328768274332508        0.0000000000000000        0.0000000000000000        0.0000000000000000        0.0000000000000000        0.0000000000000000        0.0000000000000000        0.0000000000000000        0.0000000000000000        0.0000000000000000        0.0000000000000000        0.0000000000000000        0.0000000000000000        0.0000000000000000        0.0000000000000000        0.0000000000000000        0.0000000000000000        0.0000000000000000        0.0000000000000000     
   11.031848788251610        77389.992419378963        4655.9238062316272        11636.633229610019        2727.0956873854398        26.216705822195756       0.12676379924085074        3.0583153096595073        14.746468959791846        4.9837132293974102        2.2979661912276482E-002   1.2492289247778308E-002   5.1974470894511800E-003   1.3397442308241854        3.4983564473839110        1.8793611928113696        0.0000000000000000        0.0000000000000000        0.0000000000000000        0.0000000000000000        0.0000000000000000        0.0000000000000000        0.0000000000000000        0.0000000000000000        0.0000000000000000        0.0000000000000000        0.0000000000000000        0.0000000000000000        0.0000000000000000        0.0000000000000000        0.0000000000000000        0.0000000000000000        0.0000000000000000        0.0000000000000000     
   11.208268217222932        73588.549032766430        4440.3652404900886        11056.505295138910        2603.5959023721862        25.168332281227379       0.11848983746835449        2.8244311140206722        13.958436217613148        4.8898959155262673        2.1582454011674114E-002   1.1992935295433917E-002   5.1028184031870110E-003   1.2437559850202948        3.3177442614828707        1.8270719162638089        0.0000000000000000        0.0000000000000000        0.0000000000000000        0.0000000000000000        0.0000000000000000        0.0000000000000000        0.0000000000000000        0.0000000000000000        0.0000000000000000        0.0000000000000000        0.0000000000000000        0.0000000000000000        0.0000000000000000        0.0000000000000000        0.0000000000000000        0.0000000000000000        0.0000000000000000        0.0000000000000000     
   11.387789684096379        69979.557362448075        4235.0875209304813        10506.166720809817        2485.8414552438276        24.162570922693821       0.11068664047849530        2.6078306479402356        13.209770639190218        4.7957372811442465        2.0266152515723456E-002   1.1511935889194190E-002   5.0094214134639766E-003   1.1544044016891766        3.1458865051934226        1.7759901587644753        0.0000000000000000        0.0000000000000000        0.0000000000000000        0.0000000000000000        0.0000000000000000        0.0000000000000000        0.0000000000000000        0.0000000000000000        0.0000000000000000        0.0000000000000000        0.0000000000000000        0.0000000000000000        0.0000000000000000        0.0000000000000000        0.0000000000000000        0.0000000000000000        0.0000000000000000        0.0000000000000000     
   11.570467732972917        66553.068979604548        4039.5926114122312        9984.0547855772638        2373.5622127104689        23.197722408418151       0.10333363774885225        2.4072905449088253        12.498697871778250        4.7013335087618309        1.9026210469340544E-002   1.1048665714569497E-002   4.9172501742508331E-003   1.0712466898449229        2.9823896881339698        1.7260969034127740        0.0000000000000000        0.0000000000000000        0.0000000000000000        0.0000000000000000        0.0000000000000000        0.0000000000000000        0.0000000000000000        0.0000000000000000        0.0000000000000000        0.0000000000000000        0.0000000000000000        0.0000000000000000        0.0000000000000000        0.0000000000000000        0.0000000000000000        0.0000000000000000        0.0000000000000000        0.0000000000000000     
   11.756357867019469        63299.653121063864        3853.4064748543578        9488.6894436726579        2266.5005626554730        22.272149775783550        9.6410649407289800E-002   2.2216693276187343        11.823510447874050        4.6067824554309764        1.7858330875898092E-002   1.0602518878383444E-002   4.8262978579075985E-003  0.99386861985175701        2.8268762460966212        1.6773729942683795        0.0000000000000000        0.0000000000000000        0.0000000000000000        0.0000000000000000        0.0000000000000000        0.0000000000000000        0.0000000000000000        0.0000000000000000        0.0000000000000000        0.0000000000000000        0.0000000000000000        0.0000000000000000        0.0000000000000000        0.0000000000000000        0.0000000000000000        0.0000000000000000        0.0000000000000000        0.0000000000000000     
   11.945516565332474        60210.369063355909        3676.0778944759800        9018.6688348776715        2164.4108266903772        21.384276275228128        8.9897915910337689E-002   2.0499022090758392        11.182565699498500        4.5121829367584585        1.6758452958577794E-002   1.0172908278822411E-002   4.7365568455594188E-003  0.92188269877897533        2.6789839694305138        1.6297991742445108        0.0000000000000000        0.0000000000000000        0.0000000000000000        0.0000000000000000        0.0000000000000000        0.0000000000000000        0.0000000000000000        0.0000000000000000        0.0000000000000000        0.0000000000000000        0.0000000000000000        0.0000000000000000        0.0000000000000000        0.0000000000000000        0.0000000000000000        0.0000000000000000        0.0000000000000000        0.0000000000000000     
   12.138001300097955        57276.741252772787        3507.1774297487827        8572.6652317289463        2067.0587451476240        20.532583713920609        8.3776127561797836E-002   1.8909963088221418        10.574284012311026        4.4176340588817951        1.5722739757114988E-002   9.7592651277421810E-003   4.6480187627231384E-003  0.85492650913394630        2.5383655070368683        1.5833561206870874        0.0000000000000000        0.0000000000000000        0.0000000000000000        0.0000000000000000        0.0000000000000000        0.0000000000000000        0.0000000000000000        0.0000000000000000        0.0000000000000000        0.0000000000000000        0.0000000000000000        0.0000000000000000        0.0000000000000000        0.0000000000000000        0.0000000000000000        0.0000000000000000        0.0000000000000000        0.0000000000000000     
   12.333870554053327        54490.735727662381        3346.2964211705662        8149.4212019013330        1974.2209846327171        19.715610838157364        7.8026451385143025E-002   1.7440261544009834        9.9971471449469487        4.3232345724614065        1.4747566383290894E-002   9.3610384908205373E-003   4.5606745030882922E-003  0.79266115144648597        2.4046878804568368        1.5380244768080840        0.0000000000000000        0.0000000000000000        0.0000000000000000        0.0000000000000000        0.0000000000000000        0.0000000000000000        0.0000000000000000        0.0000000000000000        0.0000000000000000        0.0000000000000000        0.0000000000000000        0.0000000000000000        0.0000000000000000        0.0000000000000000        0.0000000000000000        0.0000000000000000        0.0000000000000000        0.0000000000000000     
   12.533183838256233        51844.736534850686        3193.0459657437964        7747.7457903778759        1885.6846223601715        18.931951303553316        7.2630553426319591E-002   1.6081293660329092        9.4496963623215322        4.2290822197278075        1.3829508332333562E-002   8.9776947087991093E-003   4.4745142978670736E-003  0.73476974187563049        2.2776319461178258        1.4937848770582680        0.0000000000000000        0.0000000000000000        0.0000000000000000        0.0000000000000000        0.0000000000000000        0.0000000000000000        0.0000000000000000        0.0000000000000000        0.0000000000000000        0.0000000000000000        0.0000000000000000        0.0000000000000000        0.0000000000000000        0.0000000000000000        0.0000000000000000        0.0000000000000000        0.0000000000000000        0.0000000000000000     
   12.736001710165835        49331.524813105345        3047.0560285635074        7366.5111201255932        1801.2467050956277        18.180252213079935        6.7570620442655577E-002   1.4825026947705955        8.9305309146312251        4.1352731609358884        1.2965331033688157E-002   8.6087170074210431E-003   4.3895277465766484E-003  0.68095604938794219        2.1568919424649278        1.4506179775501160        0.0000000000000000        0.0000000000000000        0.0000000000000000        0.0000000000000000        0.0000000000000000        0.0000000000000000        0.0000000000000000        0.0000000000000000        0.0000000000000000        0.0000000000000000        0.0000000000000000        0.0000000000000000        0.0000000000000000        0.0000000000000000        0.0000000000000000        0.0000000000000000        0.0000000000000000        0.0000000000000000     
   12.942385792041993        46944.257851414623        2907.9745275210530        7004.6490069598876        1720.7137870104989        17.459212282946631        6.2829377003268780E-002   1.3663982263677408        8.4383063297927201        4.0419014072059154        1.2151979487548682E-002   8.2536049837158756E-003   4.3057038599024810E-003  0.63094318476265987        2.0421749922774093        1.4085044752055829        0.0000000000000000        0.0000000000000000        0.0000000000000000        0.0000000000000000        0.0000000000000000        0.0000000000000000        0.0000000000000000        0.0000000000000000        0.0000000000000000        0.0000000000000000        0.0000000000000000        0.0000000000000000        0.0000000000000000        0.0000000000000000        0.0000000000000000        0.0000000000000000        0.0000000000000000        0.0000000000000000     
   13.152398789668013        44676.449628821392        2775.4664846964238        6661.1478131020467        1643.9015018583009        16.767580191974982        5.8390100302435931E-002   1.2591198340588678        7.9717328273785526        3.9490583129851053        1.1386568595117098E-002   7.9118741626712473E-003   4.2230311058966703E-003  0.58447238129141266        1.9332006372265138        1.3674251297293172        0.0000000000000000        0.0000000000000000        0.0000000000000000        0.0000000000000000        0.0000000000000000        0.0000000000000000        0.0000000000000000        0.0000000000000000        0.0000000000000000        0.0000000000000000        0.0000000000000000        0.0000000000000000        0.0000000000000000        0.0000000000000000        0.0000000000000000        0.0000000000000000        0.0000000000000000        0.0000000000000000     
   13.366104511402554        42521.952347586739        2649.2132163548745        6335.0494650372621        1570.6341532821805        16.104152965075247        5.4236632019283394E-002   1.1600198412852056        7.5295737592252729        3.8568321185144319        1.0666373990778766E-002   7.5830555662315096E-003   4.1414974534538318E-003  0.54130185082618920        1.8297003839646750        1.3273607831915817        0.0000000000000000        0.0000000000000000        0.0000000000000000        0.0000000000000000        0.0000000000000000        0.0000000000000000        0.0000000000000000        0.0000000000000000        0.0000000000000000        0.0000000000000000        0.0000000000000000        0.0000000000000000        0.0000000000000000        0.0000000000000000        0.0000000000000000        0.0000000000000000        0.0000000000000000        0.0000000000000000     
   13.583567887566584        40474.938680202504        2528.9115454339380        6025.4465930651786        1500.7443139561221        15.467774301625077        5.0353386981259338E-002   1.0684958708966221        7.1106440251769989        3.7653075352035592        9.9888232676931393E-003   7.2666952602884654E-003   4.0610904093755307E-003  0.50120570528017194        1.7314172507049119        1.2882923739551408        0.0000000000000000        0.0000000000000000        0.0000000000000000        0.0000000000000000        0.0000000000000000        0.0000000000000000        0.0000000000000000        0.0000000000000000        0.0000000000000000        0.0000000000000000        0.0000000000000000        0.0000000000000000        0.0000000000000000        0.0000000000000000        0.0000000000000000        0.0000000000000000        0.0000000000000000        0.0000000000000000     
   13.804854990171167        38529.885328357923        2414.2730751534787        5731.4798806485305        1434.0724567352534        14.857333093838097        4.6725359563252529E-002  0.98398790114130874        6.7138085923845701        3.6745654020395713        9.3514878035295557E-003   6.9623539743476235E-003   3.9817970632365042E-003  0.46397295355905838        1.6381053460510560        1.2502009553409761        0.0000000000000000        0.0000000000000000        0.0000000000000000        0.0000000000000000        0.0000000000000000        0.0000000000000000        0.0000000000000000        0.0000000000000000        0.0000000000000000        0.0000000000000000        0.0000000000000000        0.0000000000000000        0.0000000000000000        0.0000000000000000        0.0000000000000000        0.0000000000000000        0.0000000000000000        0.0000000000000000     
   14.030033052992170        36681.556868886772        2305.0234611220690        5452.3354699649626        1370.4665809339285        14.271761763493567        4.3338126639645466E-002  0.90597547025794478        6.3379809144778232        3.5846823728108452        8.7520748143632473E-003   6.6696066479641604E-003   3.9036041188279845E-003  0.42940654819334406        1.5495294321963191        1.2130677035977451        0.0000000000000000        0.0000000000000000        0.0000000000000000        0.0000000000000000        0.0000000000000000        0.0000000000000000        0.0000000000000000        0.0000000000000000        0.0000000000000000        0.0000000000000000        0.0000000000000000        0.0000000000000000        0.0000000000000000        0.0000000000000000        0.0000000000000000        0.0000000000000000        0.0000000000000000        0.0000000000000000     
   14.259170491997933        34924.991023104099        2200.9017540870882        5187.2425919877778        1309.7818767702477        13.710034866635166        4.0177848734673928E-002  0.83397507648567293        5.9821214895924486        3.4957306840325297        8.1884200362311380E-003   6.3880420792626859E-003   3.8264979364378083E-003  0.39732250379504636        1.4654645304072866        1.1768739340847274        0.0000000000000000        0.0000000000000000        0.0000000000000000        0.0000000000000000        0.0000000000000000        0.0000000000000000        0.0000000000000000        0.0000000000000000        0.0000000000000000        0.0000000000000000        0.0000000000000000        0.0000000000000000        0.0000000000000000        0.0000000000000000        0.0000000000000000        0.0000000000000000        0.0000000000000000        0.0000000000000000     
   14.492336926136126        33255.483930353774        2101.6597256741675        4935.4712090919784        1251.8803761668107        13.171167437372011        3.7231267773176306E-002  0.76753769615041989        5.6452362742262148        3.4077779454091903        7.6584804935656047E-003   6.1172624726640980E-003   3.7504645826979496E-003  0.36754905132768129        1.3856954996326627        1.1416011074684795        0.0000000000000000        0.0000000000000000        0.0000000000000000        0.0000000000000000        0.0000000000000000        0.0000000000000000        0.0000000000000000        0.0000000000000000        0.0000000000000000        0.0000000000000000        0.0000000000000000        0.0000000000000000        0.0000000000000000        0.0000000000000000        0.0000000000000000        0.0000000000000000        0.0000000000000000        0.0000000000000000     
   14.729603198486116        31668.577178071093        2007.0612881734717        4696.3299299608498        1196.6306561267397        12.654213765065791        3.4485703802299580E-002  0.70624650624323759        5.3263753175645228        3.3208870193368423        7.1603280778124358E-003   5.8568831369263021E-003   3.6754898372432974E-003  0.33992587250002282        1.3100166811068577        1.1072308413148926        0.0000000000000000        0.0000000000000000        0.0000000000000000        0.0000000000000000        0.0000000000000000        0.0000000000000000        0.0000000000000000        0.0000000000000000        0.0000000000000000        0.0000000000000000        0.0000000000000000        0.0000000000000000        0.0000000000000000        0.0000000000000000        0.0000000000000000        0.0000000000000000        0.0000000000000000        0.0000000000000000     
   14.971041397783251        30160.044427115863        1916.8818734948070        4469.1638748690602        1143.9075146784578        12.158265776722629        3.1929048278183374E-002  0.64971468504462537        5.0246311832336898        3.2351159111739851        6.6921429818256831E-003   5.6065320442054267E-003   3.6015592617099335E-003  0.31430335002285908        1.2382314961041303        1.0737449161872916        0.0000000000000000        0.0000000000000000        0.0000000000000000        0.0000000000000000        0.0000000000000000        0.0000000000000000        0.0000000000000000        0.0000000000000000        0.0000000000000000        0.0000000000000000        0.0000000000000000        0.0000000000000000        0.0000000000000000        0.0000000000000000        0.0000000000000000        0.0000000000000000        0.0000000000000000        0.0000000000000000     
   15.216724880321625        28725.879510585655        1830.9078904880428        4253.3527697077552        1093.5916904940152        11.682451773137945        2.9549756384424312E-002  0.59758339254232706        4.7391375492931980        3.1505177325112821        6.2522078429919871E-003   5.3658495054280664E-003   3.5286582129308765E-003  0.29054188807591069        1.1701520995881884        1.0411252826957245        0.0000000000000000        0.0000000000000000        0.0000000000000000        0.0000000000000000        0.0000000000000000        0.0000000000000000        0.0000000000000000        0.0000000000000000        0.0000000000000000        0.0000000000000000        0.0000000000000000        0.0000000000000000        0.0000000000000000        0.0000000000000000        0.0000000000000000        0.0000000000000000        0.0000000000000000        0.0000000000000000     
   15.466728292241951        27362.284828297597        1748.9361873949420        4048.3090931203269        1045.5695827963141        11.225935071072572        2.7336837208746370E-002  0.54951985730711750        4.4690677543367139        3.0671406954216391        5.8389020514303730E-003   5.1344878101951472E-003   3.4567718756264168E-003  0.26851126538650882        1.1055990278343619        1.0093540665895551        0.0000000000000000        0.0000000000000000        0.0000000000000000        0.0000000000000000        0.0000000000000000        0.0000000000000000        0.0000000000000000        0.0000000000000000        0.0000000000000000        0.0000000000000000        0.0000000000000000        0.0000000000000000        0.0000000000000000        0.0000000000000000        0.0000000000000000        0.0000000000000000        0.0000000000000000        0.0000000000000000     
   15.721127592211339        26065.660279060499        1670.7735353668199        3853.4763122232321        999.73298117619743        10.787912655361820        2.5279842302244487E-002  0.50521557813578533        4.2136333456082085        2.9850281451522087        5.4506963195754309E-003   4.9121108669121704E-003   3.3858853105058276E-003  0.24809002588983023        1.0444008536359641       0.97841357444032440        0.0000000000000000        0.0000000000000000        0.0000000000000000        0.0000000000000000        0.0000000000000000        0.0000000000000000        0.0000000000000000        0.0000000000000000        0.0000000000000000        0.0000000000000000        0.0000000000000000        0.0000000000000000        0.0000000000000000        0.0000000000000000        0.0000000000000000        0.0000000000000000        0.0000000000000000        0.0000000000000000     
   15.980000074501861        24832.592918568400        1596.2361459358128        3668.3272340875865        955.97881319916269        10.367613931250879        2.3368853034810629E-002  0.46438464959803472        3.9720826781942318        2.9042186288105714        5.0861476362557010E-003   4.6983938693441986E-003   3.3159834679626610E-003  0.22916491370455633       0.98639386302955068       0.94828629568011724        0.0000000000000000        0.0000000000000000        0.0000000000000000        0.0000000000000000        0.0000000000000000        0.0000000000000000        0.0000000000000000        0.0000000000000000        0.0000000000000000        0.0000000000000000        0.0000000000000000        0.0000000000000000        0.0000000000000000        0.0000000000000000        0.0000000000000000        0.0000000000000000        0.0000000000000000        0.0000000000000000     
   16.243424392474903        23659.847139241025        1525.1492102345414        3492.3624422843582        914.20890266747665        9.9642995056048740        2.1594466739412885E-002  0.42676218958475581        3.7436995283741386        2.8247459989047279        4.7438944560265206E-003   4.4930229735483168E-003   3.2470512256432557E-003  0.21163034067910713       0.93142174094686769       0.91895490765738741        0.0000000000000000        0.0000000000000000        0.0000000000000000        0.0000000000000000        0.0000000000000000        0.0000000000000000        0.0000000000000000        0.0000000000000000        0.0000000000000000        0.0000000000000000        0.0000000000000000        0.0000000000000000        0.0000000000000000        0.0000000000000000        0.0000000000000000        0.0000000000000000        0.0000000000000000        0.0000000000000000     
   16.511480582478477        22544.355214187348        1457.3464505872653        3325.1087946465645        874.32973307403279        9.5772599427285492        1.9947781690721051E-002  0.39210286238016934        3.5278016985675786        2.7466395343340717        4.4226520996053708E-003   4.2956949560913459E-003   3.1790734202519662E-003  0.19538788481415403       0.87933526067113632       0.89040227683744144        0.0000000000000000        0.0000000000000000        0.0000000000000000        0.0000000000000000        0.0000000000000000        0.0000000000000000        0.0000000000000000        0.0000000000000000        0.0000000000000000        0.0000000000000000        0.0000000000000000        0.0000000000000000        0.0000000000000000        0.0000000000000000        0.0000000000000000        0.0000000000000000        0.0000000000000000        0.0000000000000000     
   16.784250088164676        21483.208511581681        1392.6697047688708        3166.1180270685959        836.25222852554373        9.2058146313759170        1.8420381429785949E-002  0.36017950537719368        3.3237396838408335        2.6699240914612972        4.1212084778733497E-003   4.1061169088760872E-003   3.1120348676924822E-003  0.18034582456968692       0.82999199417863512       0.86261146079732587        0.0000000000000000        0.0000000000000000        0.0000000000000000        0.0000000000000000        0.0000000000000000        0.0000000000000000        0.0000000000000000        0.0000000000000000        0.0000000000000000        0.0000000000000000        0.0000000000000000        0.0000000000000000        0.0000000000000000        0.0000000000000000        0.0000000000000000        0.0000000000000000        0.0000000000000000        0.0000000000000000     
   17.061815785234757        20473.648940203529        1330.9685153154849        3014.9653980288945        799.89153572045745        8.8493105887332959        1.7004318194440655E-002  0.33078183552210688        3.1308953169352334        2.5946202625423824        3.8384199541581904E-003   3.9240059028474092E-003   3.0459203931374958E-003  0.16641869717873473       0.78325602064453537       0.83556570738991875        0.0000000000000000        0.0000000000000000        0.0000000000000000        0.0000000000000000        0.0000000000000000        0.0000000000000000        0.0000000000000000        0.0000000000000000        0.0000000000000000        0.0000000000000000        0.0000000000000000        0.0000000000000000        0.0000000000000000        0.0000000000000000        0.0000000000000000        0.0000000000000000        0.0000000000000000        0.0000000000000000     
   17.344262006619324        19513.061200695349        1272.0997616750715        2871.2484581326698        765.16682978031395        8.5071214554558789        1.5692096164275592E-002  0.30371525530995153        2.9486805157034155        2.5207445678874376        3.5732075700338215E-003   3.7490887215581034E-003   2.9807148483441594E-003  0.15352689248065185       0.73899766476257667       0.80924845804966750        0.0000000000000000        0.0000000000000000        0.0000000000000000        0.0000000000000000        0.0000000000000000        0.0000000000000000        0.0000000000000000        0.0000000000000000        0.0000000000000000        0.0000000000000000        0.0000000000000000        0.0000000000000000        0.0000000000000000        0.0000000000000000        0.0000000000000000        0.0000000000000000        0.0000000000000000        0.0000000000000000     
   17.631674568101211        18598.964924362750        1215.9272762853500        2734.5858089425114        732.00110868040076        8.1786462977817589        1.4476653853406875E-002  0.27879971744166493        2.7765359525293207        2.4483096316763082        3.3245532737475295E-003   3.5811015096332841E-003   2.9164031477321643E-003  0.14159626134072459       0.69709321692182125       0.78364334413167902        0.0000000000000000        0.0000000000000000        0.0000000000000000        0.0000000000000000        0.0000000000000000        0.0000000000000000        0.0000000000000000        0.0000000000000000        0.0000000000000000        0.0000000000000000        0.0000000000000000        0.0000000000000000        0.0000000000000000        0.0000000000000000        0.0000000000000000        0.0000000000000000        0.0000000000000000        0.0000000000000000     
   17.924140794388968        17729.007697897658        1162.3215098413798        2604.6159978645092        700.32101557555040        7.8633086528436200        1.3351346700114697E-002  0.25586868617751585        2.6139298577021650        2.3773243868544074        3.0914965583989191E-003   3.4197895124582242E-003   2.8529702670133041E-003  0.13055776023614699       0.65742469067932818       0.75873418635026835        0.0000000000000000        0.0000000000000000        0.0000000000000000        0.0000000000000000        0.0000000000000000        0.0000000000000000        0.0000000000000000        0.0000000000000000        0.0000000000000000        0.0000000000000000        0.0000000000000000        0.0000000000000000        0.0000000000000000        0.0000000000000000        0.0000000000000000        0.0000000000000000        0.0000000000000000        0.0000000000000000     
   18.221749545648752        16900.958165192202        1111.1591938070819        2480.9964295518803        670.05665792666662        7.5605554780006790        1.2309929278103217E-002  0.23476815506594959        2.4603567920240339        2.3077942750662568        2.8731311448299463E-003   3.2649067713764802E-003   2.7904012784469019E-003  0.12034711051772133       0.61987957208423516       0.73450499377656275        0.0000000000000000        0.0000000000000000        0.0000000000000000        0.0000000000000000        0.0000000000000000        0.0000000000000000        0.0000000000000000        0.0000000000000000        0.0000000000000000        0.0000000000000000        0.0000000000000000        0.0000000000000000        0.0000000000000000        0.0000000000000000        0.0000000000000000        0.0000000000000000        0.0000000000000000        0.0000000000000000     
   18.524591244502773        16112.699555298601        1062.3230233058212        2363.4023449257306        641.14143742097292        7.2698561617769188        1.1346537563707208E-002  0.21535573733887994        2.3153364728112256        2.2397214445520111        2.6686019047767527E-003   3.1162158362359979E-003   2.7286813498229793E-003  0.11090448291857356       0.58435058433052067       0.71093995881925309        0.0000000000000000        0.0000000000000000        0.0000000000000000        0.0000000000000000        0.0000000000000000        0.0000000000000000        0.0000000000000000        0.0000000000000000        0.0000000000000000        0.0000000000000000        0.0000000000000000        0.0000000000000000        0.0000000000000000        0.0000000000000000        0.0000000000000000        0.0000000000000000        0.0000000000000000        0.0000000000000000     
   18.832757903502433        15362.223519490439        1015.7013531820705        2251.5258503021655        613.51188643513092        6.9907015518118305        1.0455671281563562E-002  0.19749981574463740        2.1784126269258244        2.1731049510889839        2.4771019195242109E-003   2.9734874789013395E-003   2.6677957667253414E-003  0.10217420015041008       0.55073545832285953       0.68802345459077097        0.0000000000000000        0.0000000000000000        0.0000000000000000        0.0000000000000000        0.0000000000000000        0.0000000000000000        0.0000000000000000        0.0000000000000000        0.0000000000000000        0.0000000000000000        0.0000000000000000        0.0000000000000000        0.0000000000000000        0.0000000000000000        0.0000000000000000        0.0000000000000000        0.0000000000000000        0.0000000000000000     
   19.146343153084562        14647.624303492659        971.18790940906956        2145.0750001417578        587.10751244330800        6.7226030188842563        9.6321764500185252E-003  0.18107875477091920        2.0491518890171281        2.1079409486890608        2.2978697398308252E-003   2.8365004162201114E-003   2.6077299178156538E-003   9.4104460891494421E-002  0.51893671533897878       0.66574002748324590        0.0000000000000000        0.0000000000000000        0.0000000000000000        0.0000000000000000        0.0000000000000000        0.0000000000000000        0.0000000000000000        0.0000000000000000        0.0000000000000000        0.0000000000000000        0.0000000000000000        0.0000000000000000        0.0000000000000000        0.0000000000000000        0.0000000000000000        0.0000000000000000        0.0000000000000000        0.0000000000000000     
   19.465442270019185        13967.093210216703        928.68151329924240        2043.7729265963044        561.87064891394812        6.4650915431756752        8.8712281849909723E-003  0.16598016444550184        1.9271427295244805        2.0442228832022837        2.1301867593138844E-003   2.7050410355108231E-003   2.5484693144836651E-003   8.6647079126792093E-002  0.48886145502462469       0.64407439389296750        0.0000000000000000        0.0000000000000000        0.0000000000000000        0.0000000000000000        0.0000000000000000        0.0000000000000000        0.0000000000000000        0.0000000000000000        0.0000000000000000        0.0000000000000000        0.0000000000000000        0.0000000000000000        0.0000000000000000        0.0000000000000000        0.0000000000000000        0.0000000000000000        0.0000000000000000        0.0000000000000000     
   19.790152206357536        13318.913244352254        888.08581170158209        1947.3569996837271        537.74630865188624        6.2177167791104369        8.1683137674303762E-003  0.15210021655857214        1.8119944076626846        1.9819416606897782        1.9733747424521731E-003   2.5789031065543461E-003   2.4899995624882501E-003   7.9757241185330965E-002  0.46042114963714276       0.62301142837856871        0.0000000000000000        0.0000000000000000        0.0000000000000000        0.0000000000000000        0.0000000000000000        0.0000000000000000        0.0000000000000000        0.0000000000000000        0.0000000000000000        0.0000000000000000        0.0000000000000000        0.0000000000000000        0.0000000000000000        0.0000000000000000        0.0000000000000000        0.0000000000000000        0.0000000000000000        0.0000000000000000     
   20.120571618889016        12701.454101170220        849.30902420878920        1855.5780416878067        514.68204630209118        5.9800461768783517        7.5192161669381582E-003  0.13934300951897824        1.7033359736381390        1.9210858182627031        1.8267934922034977E-003   2.4578875119551503E-003   2.4323063546678211E-003   7.3393278223196731E-002  0.43353144832528689       0.60253615591206611        0.0000000000000000        0.0000000000000000        0.0000000000000000        0.0000000000000000        0.0000000000000000        0.0000000000000000        0.0000000000000000        0.0000000000000000        0.0000000000000000        0.0000000000000000        0.0000000000000000        0.0000000000000000        0.0000000000000000        0.0000000000000000        0.0000000000000000        0.0000000000000000        0.0000000000000000        0.0000000000000000     
   20.456800899116178        12113.167341729864        812.26369730501870        1768.1995724083113        492.62782400402051        5.7516640947676994        6.9199979669847343E-003  0.12761997842447292        1.6008153002813141        1.8616416739926220        1.6898386495357162E-003   2.3418019705000021E-003   2.3753754345787036E-003   6.7516453674700619E-002  0.40811198752044064       0.58263373888038505        0.0000000000000000        0.0000000000000000        0.0000000000000000        0.0000000000000000        0.0000000000000000        0.0000000000000000        0.0000000000000000        0.0000000000000000        0.0000000000000000        0.0000000000000000        0.0000000000000000        0.0000000000000000        0.0000000000000000        0.0000000000000000        0.0000000000000000        0.0000000000000000        0.0000000000000000        0.0000000000000000     
   20.798942203756695        11552.581772163494        776.86646686118422        1684.9970876904410        471.53588109607853        5.5321709137688435        6.3669857618003723E-003  0.11684934635165170        1.5040981462400116        1.8035934630433252        1.5619396047884811E-003   2.2304607574801945E-003   2.3191925566369682E-003   6.2090763833645493E-002  0.38408620693007212       0.56328946274664182        0.0000000000000000        0.0000000000000000        0.0000000000000000        0.0000000000000000        0.0000000000000000        0.0000000000000000        0.0000000000000000        0.0000000000000000        0.0000000000000000        0.0000000000000000        0.0000000000000000        0.0000000000000000        0.0000000000000000        0.0000000000000000        0.0000000000000000        0.0000000000000000        0.0000000000000000        0.0000000000000000     
   21.147099485781713        11018.299043613186        743.03783035534786        1605.7573734720584        451.36060875843100        5.3211821663975334        5.8567550793099683E-003  0.10695561612180707        1.4128672592629545        1.7469234572241366        1.4425575395253009E-003   2.1236844299150270E-003   2.2637434250638955E-003   5.7082752024330420E-002  0.36138117366910061       0.54448871884583916        0.0000000000000000        0.0000000000000000        0.0000000000000000        0.0000000000000000        0.0000000000000000        0.0000000000000000        0.0000000000000000        0.0000000000000000        0.0000000000000000        0.0000000000000000        0.0000000000000000        0.0000000000000000        0.0000000000000000        0.0000000000000000        0.0000000000000000        0.0000000000000000        0.0000000000000000        0.0000000000000000     
   21.501378525999915        10508.989281469823        710.70191616540865        1530.2778272924609        432.05842195817166        5.1183275911821546        5.3861157548561840E-003   9.7869095333701583E-002   1.3268214857078324        1.6916120523777403        1.3311835372793834E-003   2.0212995182676344E-003   2.2090136105194836E-003   5.2461332964437349E-002  0.33992740536087007       0.52621698017847052        0.0000000000000000        0.0000000000000000        0.0000000000000000        0.0000000000000000        0.0000000000000000        0.0000000000000000        0.0000000000000000        0.0000000000000000        0.0000000000000000        0.0000000000000000        0.0000000000000000        0.0000000000000000        0.0000000000000000        0.0000000000000000        0.0000000000000000        0.0000000000000000        0.0000000000000000        0.0000000000000000     
   21.861886965196980        10023.386983293887        679.78626616397946        1458.3658220827544        413.58763857784965        4.9232502288319404        4.9520979321562497E-003   8.9525459052240949E-002   1.2456749351366785        1.6376378413463319        1.2273368408321930E-003   1.9231382391885527E-003   2.1549884389518983E-003   4.8197630400795395E-002  0.31965870507430411       0.50845977518228935        0.0000000000000000        0.0000000000000000        0.0000000000000000        0.0000000000000000        0.0000000000000000        0.0000000000000000        0.0000000000000000        0.0000000000000000        0.0000000000000000        0.0000000000000000        0.0000000000000000        0.0000000000000000        0.0000000000000000        0.0000000000000000        0.0000000000000000        0.0000000000000000        0.0000000000000000        0.0000000000000000     
   22.228734336840127        9560.2870106466289        650.22162009239196        1389.8380865913282        395.90835877928816        4.7356054799102560        4.5519386096677279E-003   8.1865343372034730E-002   1.1691561684757146        1.5849776590767299        1.1305631981087081E-003   1.8290381951109348E-003   2.1016528524111970E-003   4.4264824804560288E-002  0.30051199963591729       0.49120265590439538        0.0000000000000000        0.0000000000000000        0.0000000000000000        0.0000000000000000        0.0000000000000000        0.0000000000000000        0.0000000000000000        0.0000000000000000        0.0000000000000000        0.0000000000000000        0.0000000000000000        0.0000000000000000        0.0000000000000000        0.0000000000000000        0.0000000000000000        0.0000000000000000        0.0000000000000000        0.0000000000000000     
   22.602032100357718        9118.5404477310603        621.94168632085234        1324.5200693849970        378.98233524611788        4.5550600113014399        4.1830686389213115E-003   7.4833963839658721E-002   1.0970073724379004        1.5336065758287047        1.0404332410597192E-003   1.7388420129004515E-003   2.0489912250519827E-003   4.0638008328174310E-002  0.28242717152919911       0.47443115330461610        0.0000000000000000        0.0000000000000000        0.0000000000000000        0.0000000000000000        0.0000000000000000        0.0000000000000000        0.0000000000000000        0.0000000000000000        0.0000000000000000        0.0000000000000000        0.0000000000000000        0.0000000000000000        0.0000000000000000        0.0000000000000000        0.0000000000000000        0.0000000000000000        0.0000000000000000        0.0000000000000000     
   22.981893675004070        8697.0506548744615        594.88292118315690        1262.2453341801656        362.77284780271543        4.3812906699570107        3.8431003742217629E-003   6.8380766486812822E-002   1.0289835899349755        1.4834978582823417        9.5654101766802935E-004   1.6523970041895282E-003   1.9969871051591158E-003   3.7294052103932392E-002  0.26534690347052864       0.45813072419537437        0.0000000000000000        0.0000000000000000        0.0000000000000000        0.0000000000000000        0.0000000000000000        0.0000000000000000        0.0000000000000000        0.0000000000000000        0.0000000000000000        0.0000000000000000        0.0000000000000000        0.0000000000000000        0.0000000000000000        0.0000000000000000        0.0000000000000000        0.0000000000000000        0.0000000000000000        0.0000000000000000     
   23.368434474319631        8294.7691837771945        568.98429426954522        1202.8549380467809        347.24456865240239        4.2139832383358646        3.5298158152971635E-003   6.2459100239256736E-002  0.96485194109600958        1.4346228763681252        8.7850255342579182E-004   1.5695547686144233E-003   1.9456229093179212E-003   3.4211479684222425E-002  0.24921651729561778       0.44228668526183240        0.0000000000000000        0.0000000000000000        0.0000000000000000        0.0000000000000000        0.0000000000000000        0.0000000000000000        0.0000000000000000        0.0000000000000000        0.0000000000000000        0.0000000000000000        0.0000000000000000        0.0000000000000000        0.0000000000000000        0.0000000000000000        0.0000000000000000        0.0000000000000000        0.0000000000000000        0.0000000000000000     
   23.761771941197185        7910.6914412055085        544.18703165602005        1146.1967761964124        332.36341330729141        4.0528309671631702        3.2411552146924872E-003   5.7025910943440214E-002  0.90439083024330458        1.3869509265233679        8.0595446243617486E-004   1.4901707280238221E-003   1.8948795003578523E-003   3.1370347570182262E-002  0.23398380710745931       0.42688412332969694        0.0000000000000000        0.0000000000000000        0.0000000000000000        0.0000000000000000        0.0000000000000000        0.0000000000000000        0.0000000000000000        0.0000000000000000        0.0000000000000000        0.0000000000000000        0.0000000000000000        0.0000000000000000        0.0000000000000000        0.0000000000000000        0.0000000000000000        0.0000000000000000        0.0000000000000000        0.0000000000000000     
   24.162025583564564        7543.8520230599788        520.43433119797703        1092.1248823402141        318.09637355003446        3.8975328330238654        2.9752061478108879E-003   5.2041456860583347E-002  0.84738913942255234        1.3404489476135770        7.3855262339301740E-004   1.4141035889590108E-003   1.8447355949077105E-003   2.8752133302484092E-002  0.21959886747030849       0.41190777374986992        0.0000000000000000        0.0000000000000000        0.0000000000000000        0.0000000000000000        0.0000000000000000        0.0000000000000000        0.0000000000000000        0.0000000000000000        0.0000000000000000        0.0000000000000000        0.0000000000000000        0.0000000000000000        0.0000000000000000        0.0000000000000000        0.0000000000000000        0.0000000000000000        0.0000000000000000        0.0000000000000000     
   24.569317010694807        7193.3199965099448        497.67106861187597        1040.4987250799836        304.41134381352225        3.7477916531150584        2.7301931919799668E-003   4.7469045007723629E-002  0.79364544421014571        1.2950811767461674        6.7597092840048368E-004   1.3412147760265510E-003   1.7951670969083282E-003   2.6339630343392467E-002  0.20601392357302370       0.39734188501611495        0.0000000000000000        0.0000000000000000        0.0000000000000000        0.0000000000000000        0.0000000000000000        0.0000000000000000        0.0000000000000000        0.0000000000000000        0.0000000000000000        0.0000000000000000        0.0000000000000000        0.0000000000000000        0.0000000000000000        0.0000000000000000        0.0000000000000000        0.0000000000000000        0.0000000000000000        0.0000000000000000     
   24.983769970154764        6858.1918690193388        475.84333712635407        991.18217370622119        291.27684469323873        3.6033108599981656        2.5044672996272460E-003   4.3274766876955577E-002  0.74296694643128269        1.2508084000958253        6.1789982626859162E-004   1.2713674183382232E-003   1.7461458544979597E-003   2.4116840093105302E-002  0.19318309009290774       0.38316995453714459        0.0000000000000000        0.0000000000000000        0.0000000000000000        0.0000000000000000        0.0000000000000000        0.0000000000000000        0.0000000000000000        0.0000000000000000        0.0000000000000000        0.0000000000000000        0.0000000000000000        0.0000000000000000        0.0000000000000000        0.0000000000000000        0.0000000000000000        0.0000000000000000        0.0000000000000000        0.0000000000000000     
   25.405510385403407        6537.5870915389005        454.89815487999675        944.04283531926649        278.66184783863974        3.4637924337429724        2.2964969431317202E-003   3.9427284699598414E-002  0.69516883017290731        1.2075874803545548        5.6404537380346940E-004   1.2044258290391506E-003   1.6976387551279342E-003   2.2068885898426864E-002  0.18106223035864008       0.36937456333485957        0.0000000000000000        0.0000000000000000        0.0000000000000000        0.0000000000000000        0.0000000000000000        0.0000000000000000        0.0000000000000000        0.0000000000000000        0.0000000000000000        0.0000000000000000        0.0000000000000000        0.0000000000000000        0.0000000000000000        0.0000000000000000        0.0000000000000000        0.0000000000000000        0.0000000000000000        0.0000000000000000     
   25.834666394051183        6230.6316478193376        434.78233420106852        898.94967711268180        266.53508594208682        3.3289283212444931        2.1048553958806764E-003   3.5897526187382817E-002  0.65007203716208817        1.1653690144340048        5.1412682919933729E-004   1.1402527110048952E-003   1.6496042313609545E-003   2.0181879633462237E-002  0.16960842556354552       0.35593660405781141        0.0000000000000000        0.0000000000000000        0.0000000000000000        0.0000000000000000        0.0000000000000000        0.0000000000000000        0.0000000000000000        0.0000000000000000        0.0000000000000000        0.0000000000000000        0.0000000000000000        0.0000000000000000        0.0000000000000000        0.0000000000000000        0.0000000000000000        0.0000000000000000        0.0000000000000000        0.0000000000000000     
   26.271368386792165        5936.4653126655339        415.44298838779861        855.77407261604594        254.86536442672465        3.1984041871535447        1.9282179097044971E-003   3.2658633029395256E-002  0.60750442018862116        1.1240983883074294        4.6787765433035819E-004   1.0787109417556956E-003   1.6019933227205882E-003   1.8442910666746921E-002  0.15878026736459078       0.34283563517281046        0.0000000000000000        0.0000000000000000        0.0000000000000000        0.0000000000000000        0.0000000000000000        0.0000000000000000        0.0000000000000000        0.0000000000000000        0.0000000000000000        0.0000000000000000        0.0000000000000000        0.0000000000000000        0.0000000000000000        0.0000000000000000        0.0000000000000000        0.0000000000000000        0.0000000000000000        0.0000000000000000     
   26.715749047020708        5654.1721180262466        396.82265125553164        814.37978546599788        243.61856598746570        3.0718614901068428        1.7653321065138755E-003   2.9685244718465814E-002  0.56729164356084927        1.0837049239165064        4.2503684444906655E-004   1.0196506786008797E-003   1.5547343543400023E-003   1.6839701955796670E-002  0.14853562601801570       0.33004636410183524        0.0000000000000000        0.0000000000000000        0.0000000000000000        0.0000000000000000        0.0000000000000000        0.0000000000000000        0.0000000000000000        0.0000000000000000        0.0000000000000000        0.0000000000000000        0.0000000000000000        0.0000000000000000        0.0000000000000000        0.0000000000000000        0.0000000000000000        0.0000000000000000        0.0000000000000000        0.0000000000000000     
   27.167943391144714        5382.9085634382054        378.86824159059717        774.64145803984059        232.76315060821304        2.9489662489923822        1.6150588526364007E-003   2.6954558074329598E-002  0.52927476578257249        1.0441213377076306        3.8536575638916054E-004   9.6293453244214607E-004   1.5077589312781493E-003   1.5361152197170616E-002  0.13883598678933204       0.31754499977730233        0.0000000000000000        0.0000000000000000        0.0000000000000000        0.0000000000000000        0.0000000000000000        0.0000000000000000        0.0000000000000000        0.0000000000000000        0.0000000000000000        0.0000000000000000        0.0000000000000000        0.0000000000000000        0.0000000000000000        0.0000000000000000        0.0000000000000000        0.0000000000000000        0.0000000000000000        0.0000000000000000     
   27.628088809607746        5121.5220933979399        361.50416703661148        736.38973060116314        222.25362532835493        2.8291988916441455        1.4762424284706168E-003   2.4443078009652959E-002  0.49326062100366835        1.0052231688937585        3.4860201361654994E-004   9.0836475336240061E-004   1.4609183985048544E-003   1.3995697677260411E-002  0.12963416062168734       0.30528974107497858        0.0000000000000000        0.0000000000000000        0.0000000000000000        0.0000000000000000        0.0000000000000000        0.0000000000000000        0.0000000000000000        0.0000000000000000        0.0000000000000000        0.0000000000000000        0.0000000000000000        0.0000000000000000        0.0000000000000000        0.0000000000000000        0.0000000000000000        0.0000000000000000        0.0000000000000000        0.0000000000000000     
   28.096325108632431        4870.1331875586893        344.74406243944952        699.63868042160379        212.09925305397994        2.7127295841719254        1.3482079258388391E-003   2.2140080195084427E-002  0.45923155830654960       0.96707604342322384        3.1465962500290025E-004   8.5600007848432168E-004   1.4143064893366627E-003   1.2738425054482748E-002  0.12092708167440386       0.29329954772405792        0.0000000000000000        0.0000000000000000        0.0000000000000000        0.0000000000000000        0.0000000000000000        0.0000000000000000        0.0000000000000000        0.0000000000000000        0.0000000000000000        0.0000000000000000        0.0000000000000000        0.0000000000000000        0.0000000000000000        0.0000000000000000        0.0000000000000000        0.0000000000000000        0.0000000000000000        0.0000000000000000     
   28.570700234027193        4627.9438364911221        328.53231005037890        664.27301576550440        202.26603983338919        2.5991204324935278        1.2302374408540845E-003   2.0028916216809998E-002  0.42705673108301034       0.92959035882792274        2.8335505504750415E-004   8.0573128435116248E-004   1.3677928276713399E-003   1.1581462251883909E-002  0.11268397272144307       0.28154317879674062        0.0000000000000000        0.0000000000000000        0.0000000000000000        0.0000000000000000        0.0000000000000000        0.0000000000000000        0.0000000000000000        0.0000000000000000        0.0000000000000000        0.0000000000000000        0.0000000000000000        0.0000000000000000        0.0000000000000000        0.0000000000000000        0.0000000000000000        0.0000000000000000        0.0000000000000000        0.0000000000000000     
   29.047133489351463        4398.7374821494777        313.13634143755905        630.82672834154300        192.91560996438403        2.4904175913522839        1.1230415806857536E-003   1.8126533652764010E-002  0.39717346901250378       0.89343698003159289        2.5500300727162857E-004   7.5833022837766334E-004   1.3222988329346138E-003   1.0534457864225804E-002  0.10501644946699223       0.27023103291751277        0.0000000000000000        0.0000000000000000        0.0000000000000000        0.0000000000000000        0.0000000000000000        0.0000000000000000        0.0000000000000000        0.0000000000000000        0.0000000000000000        0.0000000000000000        0.0000000000000000        0.0000000000000000        0.0000000000000000        0.0000000000000000        0.0000000000000000        0.0000000000000000        0.0000000000000000        0.0000000000000000     
   29.523566744675733        4397.9353779457542        313.93844564128437        630.18508382837069        193.53794267239590        2.5097293965129919        1.0854745944861377E-003   1.8123072365404176E-002  0.39715186713733441       0.89346204319411937        2.5494847749374502E-004   7.5828231089323129E-004   1.3224012801969227E-003   1.0531915493319083E-002  0.10500845673701494       0.27024156801839588        0.0000000000000000        0.0000000000000000        0.0000000000000000        0.0000000000000000        0.0000000000000000        0.0000000000000000        0.0000000000000000        0.0000000000000000        0.0000000000000000        0.0000000000000000        0.0000000000000000        0.0000000000000000        0.0000000000000000        0.0000000000000000        0.0000000000000000        0.0000000000000000        0.0000000000000000        0.0000000000000000     
   30.000000000000000        4397.1334949265602        314.74032866047708        629.54408962558864        194.15956254466161        2.5291037270295322        1.0538132983565944E-003   1.8119655680090937E-002  0.39713066550429305       0.89348666151247180        2.5489226056832560E-004   7.5823568632688400E-004   1.3225041216886869E-003   1.0529398426583979E-002  0.10500056676299360       0.27025197505915161        0.0000000000000000        0.0000000000000000        0.0000000000000000        0.0000000000000000        0.0000000000000000        0.0000000000000000        0.0000000000000000        0.0000000000000000        0.0000000000000000        0.0000000000000000        0.0000000000000000        0.0000000000000000        0.0000000000000000        0.0000000000000000        0.0000000000000000        0.0000000000000000        0.0000000000000000        0.0000000000000000     
