# EXHALE schema 2
# columns r[Rp] HI HII HeI HeII HeIII HeITR CI CII CIII OI OII OIII NI NII NIII MgI MgII MgIII SiI SiII SiIII CaI CaII CaIII NaI NaII KI KII SI SII FeI FeII FeIII
# rows 504: 2 ghost cells at each end; physical cells are rows 3 to 502
# restart_schema 1
# reservoir He/H 1.2013689777827105E+01 C/H 2.7780249576276489E-04 O/H 1.0514371219003603E-06 N/H 8.1907636559975914E-05
# species_columns 34 r HI HII HeI HeII HeIII HeITR CI CII CIII OI OII OIII NI NII NIII MgI MgII MgIII SiI SiII SiIII CaI CaII CaIII NaI NaII KI KII SI SII FeI FeII FeIII
# grid N 500 R0[cm] 1.1273716464000001E+09 r_min[Rp] 1.0001933187778382E+00 r_max[Rp] 2.9031224061195065E+01 mode Mixed
# constants set IAU2015+CODATA2018 RJ[cm] 7.1492000000000000E+09 kB[erg/K] 1.3806490000000000E-16
# options He23S=T metals=T eos_metals=T mol=F molbase=F oxychem=F carrier=F carrier_newton=F iontrans=F he_diff=T he_metal_diff=F sec_ion=T caloric_mono=F excH=F base_ir=F mol_ir=F mol_heat=T visc=F cond=F jlya=0 wellbal=T
# t_phys[s] 0.0000000000000000E+00
# source git=43bc28cef587 tree=dirty restart_input=provenance_unknown
# mapped: onto the cell centers of /nfs/mocafe/kiseon/RT_Codes/ExoAtmosphere/EXHALE_v1.00/LHS1140b/models/current_grid_Hydro_ioniz.txt from /nfs/mocafe/kiseon/RT_Codes/ExoAtmosphere/EXHALE_v1.00/LHS1140b/models_20260915_db87/atomic_photochem_gj1132_kzzprofile/HeH12/k04/output/Ion_species.txt by map_state_to_grid.py; largest relative center shift of the physical cells 0.00e+00; 0 ghost row(s) extrapolated linearly in ln r; an initialization seed, not a continuation
  9.9980668122216187E-01   3.1664223017137114E+12   3.3124744140196986E+07   3.8040811897149727E+13   1.2916319676125394E+06   2.6569244897638483E-02   9.7613686856261303E-02   8.7840435883274305E+08   1.2448606115027757E+06   7.4731623710080253E-01   3.3293161191923977E+06   1.2661028261387875E+01   3.3267079668736998E-12   2.5933858081392282E+08   1.8299435482917863E+04   4.2736209363971062E-03   0.0000000000000000E+00   0.0000000000000000E+00   0.0000000000000000E+00   0.0000000000000000E+00   0.0000000000000000E+00   0.0000000000000000E+00   0.0000000000000000E+00   0.0000000000000000E+00   0.0000000000000000E+00   0.0000000000000000E+00   0.0000000000000000E+00   0.0000000000000000E+00   0.0000000000000000E+00   0.0000000000000000E+00   0.0000000000000000E+00   0.0000000000000000E+00   0.0000000000000000E+00   0.0000000000000000E+00
  1.0000000000000000E+00   3.0008932309356709E+12   3.4169980396669522E+07   3.6052209351044414E+13   1.4893420632217461E+06   3.4081172216258608E-02   1.2869840075175748E-01   8.3255197420415366E+08   1.1131466883107654E+06   6.8491005822312445E-01   3.1552738990307534E+06   1.2570420411554714E+01   3.7572285904337060E-12   2.4577988130666903E+08   1.8989586005214845E+04   4.4338237473824796E-03   0.0000000000000000E+00   0.0000000000000000E+00   0.0000000000000000E+00   0.0000000000000000E+00   0.0000000000000000E+00   0.0000000000000000E+00   0.0000000000000000E+00   0.0000000000000000E+00   0.0000000000000000E+00   0.0000000000000000E+00   0.0000000000000000E+00   0.0000000000000000E+00   0.0000000000000000E+00   0.0000000000000000E+00   0.0000000000000000E+00   0.0000000000000000E+00   0.0000000000000000E+00   0.0000000000000000E+00
  1.0001933187778382E+00   2.4462153815576162E+12   3.4219978112263173E+07   2.9388482199792531E+13   1.6321907303828637E+06   4.6653083562277764E-02   1.4753253048802129E-01   6.7856139598753393E+08   1.0128478611841886E+06   7.1657641245247805E-01   2.5720634386391980E+06   1.4201849432270622E+01   5.6581633535101814E-12   2.0034846265544617E+08   1.8060637256114966E+04   4.8719736698982644E-03   0.0000000000000000E+00   0.0000000000000000E+00   0.0000000000000000E+00   0.0000000000000000E+00   0.0000000000000000E+00   0.0000000000000000E+00   0.0000000000000000E+00   0.0000000000000000E+00   0.0000000000000000E+00   0.0000000000000000E+00   0.0000000000000000E+00   0.0000000000000000E+00   0.0000000000000000E+00   0.0000000000000000E+00   0.0000000000000000E+00   0.0000000000000000E+00   0.0000000000000000E+00   0.0000000000000000E+00
  1.0003866375556763E+00   1.9508192335760916E+12   3.3941477302401185E+07   2.3435889477258176E+13   1.7386777384563731E+06   6.2628169764603239E-02   1.6056829185301311E-01   5.4101560635686660E+08   9.3627376469039591E+05   7.7495047334398393E-01   2.0511833839126686E+06   1.6063715472005317E+01   8.7352471785791111E-12   1.5977335334988731E+08   1.6419488969432983E+04   5.2780225020855089E-03   0.0000000000000000E+00   0.0000000000000000E+00   0.0000000000000000E+00   0.0000000000000000E+00   0.0000000000000000E+00   0.0000000000000000E+00   0.0000000000000000E+00   0.0000000000000000E+00   0.0000000000000000E+00   0.0000000000000000E+00   0.0000000000000000E+00   0.0000000000000000E+00   0.0000000000000000E+00   0.0000000000000000E+00   0.0000000000000000E+00   0.0000000000000000E+00   0.0000000000000000E+00   0.0000000000000000E+00
  1.0005799563335145E+00   1.6047659573289573E+12   3.3680040659623511E+07   1.9277273238558027E+13   1.8311882589195725E+06   8.0481713424594689E-02   1.7344316163113463E-01   4.4494312816397840E+08   8.7421546979414683E+05   8.2666256591517828E-01   1.6873283751640993E+06   1.7536778419639923E+01   1.2491470583937404E-11   1.3143056452440467E+08   1.4780919290266986E+04   5.5456230630815733E-03   0.0000000000000000E+00   0.0000000000000000E+00   0.0000000000000000E+00   0.0000000000000000E+00   0.0000000000000000E+00   0.0000000000000000E+00   0.0000000000000000E+00   0.0000000000000000E+00   0.0000000000000000E+00   0.0000000000000000E+00   0.0000000000000000E+00   0.0000000000000000E+00   0.0000000000000000E+00   0.0000000000000000E+00   0.0000000000000000E+00   0.0000000000000000E+00   0.0000000000000000E+00   0.0000000000000000E+00
  1.0007732751113527E+00   1.3612733263253452E+12   3.3477854990790568E+07   1.6350514842227674E+13   1.9171863447255364E+06   9.9772107169802657E-02   1.8708291383655581E-01   3.7735258473231298E+08   8.2184210114898521E+05   8.6664479372555125E-01   1.4313098549771467E+06   1.8653233474407426E+01   1.6743024336617001E-11   1.1148808349377252E+08   1.3339463938651897E+04   5.7055243947251406E-03   0.0000000000000000E+00   0.0000000000000000E+00   0.0000000000000000E+00   0.0000000000000000E+00   0.0000000000000000E+00   0.0000000000000000E+00   0.0000000000000000E+00   0.0000000000000000E+00   0.0000000000000000E+00   0.0000000000000000E+00   0.0000000000000000E+00   0.0000000000000000E+00   0.0000000000000000E+00   0.0000000000000000E+00   0.0000000000000000E+00   0.0000000000000000E+00   0.0000000000000000E+00   0.0000000000000000E+00
  1.0009665938891910E+00   1.1818056104285251E+12   3.3321587173957720E+07   1.4192945290837461E+13   1.9990309189883415E+06   1.2043488845742276E-01   2.0145329921495297E-01   3.2754128426845098E+08   7.7651973894267261E+05   8.9614511842391176E-01   1.2426098076257729E+06   1.9517602526273119E+01   2.1458976183054853E-11   9.6789531173281670E+07   1.2102536887762835E+04   5.7942164608834681E-03   0.0000000000000000E+00   0.0000000000000000E+00   0.0000000000000000E+00   0.0000000000000000E+00   0.0000000000000000E+00   0.0000000000000000E+00   0.0000000000000000E+00   0.0000000000000000E+00   0.0000000000000000E+00   0.0000000000000000E+00   0.0000000000000000E+00   0.0000000000000000E+00   0.0000000000000000E+00   0.0000000000000000E+00   0.0000000000000000E+00   0.0000000000000000E+00   0.0000000000000000E+00   0.0000000000000000E+00
  1.0011599126670290E+00   1.0437540349042444E+12   3.3196630835626382E+07   1.2533124453657473E+13   2.0776789459960205E+06   1.4249730137695704E-01   2.1643634519705002E-01   2.8923007157921320E+08   7.3662546943521651E+05   9.1707747101145731E-01   1.0974564362869614E+06   2.0206314504236367E+01   2.6612881201813960E-11   8.5483105814586714E+07   1.1039386088679081E+04   5.8357640009145681E-03   0.0000000000000000E+00   0.0000000000000000E+00   0.0000000000000000E+00   0.0000000000000000E+00   0.0000000000000000E+00   0.0000000000000000E+00   0.0000000000000000E+00   0.0000000000000000E+00   0.0000000000000000E+00   0.0000000000000000E+00   0.0000000000000000E+00   0.0000000000000000E+00   0.0000000000000000E+00   0.0000000000000000E+00   0.0000000000000000E+00   0.0000000000000000E+00   0.0000000000000000E+00   0.0000000000000000E+00
  1.0013532314448672E+00   9.3393109767379065E+11   3.3093006410839416E+07   1.1212649457036332E+13   2.1536671730756876E+06   1.6600227876020110E-01   2.3194998344551046E-01   2.5875651903232130E+08   7.0106316061132203E+05   9.3106004373339879E-01   9.8198385186156142E+05   2.0768745105265467E+01   3.2212047494429824E-11   7.6488680843700156E+07   1.0118640715655200E+04   5.8452244801403515E-03   0.0000000000000000E+00   0.0000000000000000E+00   0.0000000000000000E+00   0.0000000000000000E+00   0.0000000000000000E+00   0.0000000000000000E+00   0.0000000000000000E+00   0.0000000000000000E+00   0.0000000000000000E+00   0.0000000000000000E+00   0.0000000000000000E+00   0.0000000000000000E+00   0.0000000000000000E+00   0.0000000000000000E+00   0.0000000000000000E+00   0.0000000000000000E+00   0.0000000000000000E+00   0.0000000000000000E+00
  1.0015465502227054E+00   8.4426497495831628E+11   3.3004351799064118E+07   1.0134518939079641E+13   2.2273697913005319E+06   1.9099202361108014E-01   2.4794547505877193E-01   2.3387903573497337E+08   6.6904914543383697E+05   9.3938265327967430E-01   8.8770500023664371E+05   2.1237155337930140E+01   3.8270616396568132E-11   6.9145137346224114E+07   9.3146855940605419E+03   5.8323135435667302E-03   0.0000000000000000E+00   0.0000000000000000E+00   0.0000000000000000E+00   0.0000000000000000E+00   0.0000000000000000E+00   0.0000000000000000E+00   0.0000000000000000E+00   0.0000000000000000E+00   0.0000000000000000E+00   0.0000000000000000E+00   0.0000000000000000E+00   0.0000000000000000E+00   0.0000000000000000E+00   0.0000000000000000E+00   0.0000000000000000E+00   0.0000000000000000E+00   0.0000000000000000E+00   0.0000000000000000E+00
  1.0017398690005437E+00   7.6954510041265808E+11   3.2926541004196711E+07   9.2360949490826680E+12   2.2990756478881836E+06   2.1750612734635971E-01   2.6439518281354579E-01   2.1315069654269058E+08   6.3999908611842885E+05   9.4308774328493972E-01   8.0914127234694408E+05   2.1633390798908888E+01   4.4802776512060616E-11   6.3025709927506141E+07   8.6074029491661349E+03   5.8035544942377591E-03   0.0000000000000000E+00   0.0000000000000000E+00   0.0000000000000000E+00   0.0000000000000000E+00   0.0000000000000000E+00   0.0000000000000000E+00   0.0000000000000000E+00   0.0000000000000000E+00   0.0000000000000000E+00   0.0000000000000000E+00   0.0000000000000000E+00   0.0000000000000000E+00   0.0000000000000000E+00   0.0000000000000000E+00   0.0000000000000000E+00   0.0000000000000000E+00   0.0000000000000000E+00   0.0000000000000000E+00
  1.0019331877783817E+00   7.0624797995410120E+11   3.2856817158328358E+07   8.4750134718147764E+12   2.3690176800844255E+06   2.4558235334972101E-01   2.8128381438605232E-01   1.9559311452410877E+08   6.1346369731242710E+05   9.4303471111987569E-01   7.4258791745409707E+05   2.1972813862945952E+01   5.1819924103448180E-11   5.7841813108150586E+07   7.9809736174355658E+03   5.7634743690817107E-03   0.0000000000000000E+00   0.0000000000000000E+00   0.0000000000000000E+00   0.0000000000000000E+00   0.0000000000000000E+00   0.0000000000000000E+00   0.0000000000000000E+00   0.0000000000000000E+00   0.0000000000000000E+00   0.0000000000000000E+00   0.0000000000000000E+00   0.0000000000000000E+00   0.0000000000000000E+00   0.0000000000000000E+00   0.0000000000000000E+00   0.0000000000000000E+00   0.0000000000000000E+00   0.0000000000000000E+00
  1.0021265065562199E+00   6.5189723874483264E+11   3.2793274366801091E+07   7.8214996466065039E+12   2.4373882930198731E+06   2.7525758848871168E-01   2.9860346888728112E-01   1.8051870009546158E+08   5.8908892221793055E+05   9.3994031136750711E-01   6.8544116996212129E+05   2.2266584451125276E+01   5.9336562360786836E-11   5.3390625292688280E+07   7.4228267539811268E+03   5.7152959474523002E-03   0.0000000000000000E+00   0.0000000000000000E+00   0.0000000000000000E+00   0.0000000000000000E+00   0.0000000000000000E+00   0.0000000000000000E+00   0.0000000000000000E+00   0.0000000000000000E+00   0.0000000000000000E+00   0.0000000000000000E+00   0.0000000000000000E+00   0.0000000000000000E+00   0.0000000000000000E+00   0.0000000000000000E+00   0.0000000000000000E+00   0.0000000000000000E+00   0.0000000000000000E+00   0.0000000000000000E+00
  1.0023198253340582E+00   6.0469643918239465E+11   3.2734556803861592E+07   7.2539546065661641E+12   2.5043487916421792E+06   3.0656846945364091E-01   3.1635074177780909E-01   1.6742868251829743E+08   5.6659027258575335E+05   9.3440498810821782E-01   6.3581217892944778E+05   2.2523036023783042E+01   6.7367750283169168E-11   4.9525014520846292E+07   6.9228533325326453E+03   5.6613589622047794E-03   0.0000000000000000E+00   0.0000000000000000E+00   0.0000000000000000E+00   0.0000000000000000E+00   0.0000000000000000E+00   0.0000000000000000E+00   0.0000000000000000E+00   0.0000000000000000E+00   0.0000000000000000E+00   0.0000000000000000E+00   0.0000000000000000E+00   0.0000000000000000E+00   0.0000000000000000E+00   0.0000000000000000E+00   0.0000000000000000E+00   0.0000000000000000E+00   0.0000000000000000E+00   0.0000000000000000E+00
  1.0025131441118964E+00   5.6330768311482812E+11   3.2679675364688359E+07   6.7562928537052168E+12   2.5700358008758300E+06   3.3955174436874358E-01   3.3452501313012728E-01   1.5595162234169483E+08   5.4573547837449366E+05   9.2693167522456987E-01   5.9229422116630315E+05   2.2748536137890380E+01   7.5852678903030331E-11   4.6135404857204951E+07   6.4728321703388247E+03   5.6033884583142008E-03   0.0000000000000000E+00   0.0000000000000000E+00   0.0000000000000000E+00   0.0000000000000000E+00   0.0000000000000000E+00   0.0000000000000000E+00   0.0000000000000000E+00   0.0000000000000000E+00   0.0000000000000000E+00   0.0000000000000000E+00   0.0000000000000000E+00   0.0000000000000000E+00   0.0000000000000000E+00   0.0000000000000000E+00   0.0000000000000000E+00   0.0000000000000000E+00   0.0000000000000000E+00   0.0000000000000000E+00
  1.0027064628897344E+00   5.2671226186823199E+11   3.2627893191489663E+07   6.3162665012096855E+12   2.6345660622547460E+06   3.7424448266206445E-01   3.5312742611702769E-01   1.4580471176249278E+08   5.2633232555808290E+05   9.1794048594919542E-01   5.5381618282023293E+05   2.2948046261133488E+01   8.4841361902333414E-11   4.3138362976319239E+07   6.0660085362419086E+03   5.5426718282102373E-03   0.0000000000000000E+00   0.0000000000000000E+00   0.0000000000000000E+00   0.0000000000000000E+00   0.0000000000000000E+00   0.0000000000000000E+00   0.0000000000000000E+00   0.0000000000000000E+00   0.0000000000000000E+00   0.0000000000000000E+00   0.0000000000000000E+00   0.0000000000000000E+00   0.0000000000000000E+00   0.0000000000000000E+00   0.0000000000000000E+00   0.0000000000000000E+00   0.0000000000000000E+00   0.0000000000000000E+00
  1.0028997816675727E+00   4.9411969732457452E+11   3.2578651193966798E+07   5.9243714151245449E+12   2.6980400389270182E+06   4.1068418795071976E-01   3.7216024643090972E-01   1.3676851475026888E+08   5.0821989485360606E+05   9.0778096807146924E-01   5.1954692133496265E+05   2.3125497495714303E+01   9.4375096668519565E-11   4.0469148239539251E+07   5.6967808836311988E+03   5.4801790637304887E-03   0.0000000000000000E+00   0.0000000000000000E+00   0.0000000000000000E+00   0.0000000000000000E+00   0.0000000000000000E+00   0.0000000000000000E+00   0.0000000000000000E+00   0.0000000000000000E+00   0.0000000000000000E+00   0.0000000000000000E+00   0.0000000000000000E+00   0.0000000000000000E+00   0.0000000000000000E+00   0.0000000000000000E+00   0.0000000000000000E+00   0.0000000000000000E+00   0.0000000000000000E+00   0.0000000000000000E+00
  1.0030931004454109E+00   4.6490646836212073E+11   3.2531518245608129E+07   5.5731108211028584E+12   2.7605448687896961E+06   4.4890888109252086E-01   3.9162649662846155E-01   1.2866995157741538E+08   4.9126207004072773E+05   8.9674258944185470E-01   4.8883083984336990E+05   2.3284050057589567E+01   1.0447015338293610E-10   3.8076694154638007E+07   5.3604647012107098E+03   5.4166462940678029E-03   0.0000000000000000E+00   0.0000000000000000E+00   0.0000000000000000E+00   0.0000000000000000E+00   0.0000000000000000E+00   0.0000000000000000E+00   0.0000000000000000E+00   0.0000000000000000E+00   0.0000000000000000E+00   0.0000000000000000E+00   0.0000000000000000E+00   0.0000000000000000E+00   0.0000000000000000E+00   0.0000000000000000E+00   0.0000000000000000E+00   0.0000000000000000E+00   0.0000000000000000E+00   0.0000000000000000E+00
  1.0032864192232491E+00   4.3857366827682257E+11   3.2486157005557790E+07   5.2564860943862891E+12   2.8221565336238313E+06   4.8895712855229878E-01   4.1152968418940156E-01   1.2137054078683746E+08   4.7534268671520991E+05   8.8506391647498883E-01   4.6114336638880323E+05   2.3426276852061477E+01   1.1514322831826758E-10   3.5920140372659765E+07   5.0531123184999342E+03   5.3526351087437429E-03   0.0000000000000000E+00   0.0000000000000000E+00   0.0000000000000000E+00   0.0000000000000000E+00   0.0000000000000000E+00   0.0000000000000000E+00   0.0000000000000000E+00   0.0000000000000000E+00   0.0000000000000000E+00   0.0000000000000000E+00   0.0000000000000000E+00   0.0000000000000000E+00   0.0000000000000000E+00   0.0000000000000000E+00   0.0000000000000000E+00   0.0000000000000000E+00   0.0000000000000000E+00   0.0000000000000000E+00
  1.0034797380010871E+00   4.1471702600430920E+11   3.2442299906424094E+07   4.9696364187543574E+12   2.8829416449681288E+06   5.3086806090610950E-01   4.3187363509222437E-01   1.1475807472843236E+08   4.6036180980765977E+05   8.7294057046359574E-01   4.3605943296730204E+05   2.3554296127334457E+01   1.2641143712344394E-10   3.3966377334341817E+07   4.7713736709703880E+03   5.2885753347296938E-03   0.0000000000000000E+00   0.0000000000000000E+00   0.0000000000000000E+00   0.0000000000000000E+00   0.0000000000000000E+00   0.0000000000000000E+00   0.0000000000000000E+00   0.0000000000000000E+00   0.0000000000000000E+00   0.0000000000000000E+00   0.0000000000000000E+00   0.0000000000000000E+00   0.0000000000000000E+00   0.0000000000000000E+00   0.0000000000000000E+00   0.0000000000000000E+00   0.0000000000000000E+00   0.0000000000000000E+00
  1.0036730567789254E+00   3.9300526345258923E+11   3.2399731994017292E+07   4.7085785451930254E+12   2.9429588234846778E+06   5.7468136796932034E-01   4.5266236487022937E-01   1.0874061004664856E+08   4.4623285425342934E+05   8.6053212795360012E-01   4.1323071950807644E+05   2.3669869149030543E+01   1.3829230715438679E-10   3.2188273677681275E+07   4.5123875959222314E+03   5.2247964006749701E-03   0.0000000000000000E+00   0.0000000000000000E+00   0.0000000000000000E+00   0.0000000000000000E+00   0.0000000000000000E+00   0.0000000000000000E+00   0.0000000000000000E+00   0.0000000000000000E+00   0.0000000000000000E+00   0.0000000000000000E+00   0.0000000000000000E+00   0.0000000000000000E+00   0.0000000000000000E+00   0.0000000000000000E+00   0.0000000000000000E+00   0.0000000000000000E+00   0.0000000000000000E+00   0.0000000000000000E+00
  1.0038663755567636E+00   3.7316417886635767E+11   3.2358278450850401E+07   4.4700154325814736E+12   3.0022598245232678E+06   6.2043728532867415E-01   4.7389998754524076E-01   1.0324204826189484E+08   4.3288031897870003E+05   8.4796804385586388E-01   3.9236891844537912E+05   2.3774473325804742E+01   1.5080377088702111E-10   3.0563372628659036E+07   4.2736960751187062E+03   5.1615506133938479E-03   0.0000000000000000E+00   0.0000000000000000E+00   0.0000000000000000E+00   0.0000000000000000E+00   0.0000000000000000E+00   0.0000000000000000E+00   0.0000000000000000E+00   0.0000000000000000E+00   0.0000000000000000E+00   0.0000000000000000E+00   0.0000000000000000E+00   0.0000000000000000E+00   0.0000000000000000E+00   0.0000000000000000E+00   0.0000000000000000E+00   0.0000000000000000E+00   0.0000000000000000E+00   0.0000000000000000E+00
  1.0040596943346018E+00   3.5496474115069385E+11   3.2317795357541982E+07   4.2511932715079272E+12   3.0608905661021005E+06   6.6817659612580738E-01   4.9559068282775531E-01   9.8198830159358561E+07   4.2023796893622831E+05   8.3535267200403795E-01   3.7323321658355044E+05   2.3869357751043658E+01   1.6396416518714182E-10   2.9072916902989246E+07   4.0531759225860314E+03   5.0990305918867038E-03   0.0000000000000000E+00   0.0000000000000000E+00   0.0000000000000000E+00   0.0000000000000000E+00   0.0000000000000000E+00   0.0000000000000000E+00   0.0000000000000000E+00   0.0000000000000000E+00   0.0000000000000000E+00   0.0000000000000000E+00   0.0000000000000000E+00   0.0000000000000000E+00   0.0000000000000000E+00   0.0000000000000000E+00   0.0000000000000000E+00   0.0000000000000000E+00   0.0000000000000000E+00   0.0000000000000000E+00
  1.0042530131124399E+00   3.3821409410440680E+11   3.2278162878008552E+07   4.0497930446535708E+12   3.1188917095778231E+06   7.1794057428031866E-01   5.1773858901045366E-01   9.3557438163905367E+07   4.0824741187087737E+05   8.2276959831899865E-01   3.5562083656384615E+05   2.3955586071420875E+01   1.7779221900506274E-10   2.7701111938408647E+07   3.8489839510013330E+03   5.0373825634595472E-03   0.0000000000000000E+00   0.0000000000000000E+00   0.0000000000000000E+00   0.0000000000000000E+00   0.0000000000000000E+00   0.0000000000000000E+00   0.0000000000000000E+00   0.0000000000000000E+00   0.0000000000000000E+00   0.0000000000000000E+00   0.0000000000000000E+00   0.0000000000000000E+00   0.0000000000000000E+00   0.0000000000000000E+00   0.0000000000000000E+00   0.0000000000000000E+00   0.0000000000000000E+00   0.0000000000000000E+00
  1.0044463318902781E+00   3.2274861243953180E+11   3.2239280030069038E+07   3.8638473084038760E+12   3.1762994709028974E+06   7.6977099177288588E-01   5.4034781966790535E-01   8.9272468485256582E+07   3.9685689657597820E+05   8.1028519531494692E-01   3.3935973566669645E+05   2.4034069817575553E+01   1.9230705675880952E-10   2.6434557173642181E+07   3.6595125442808680E+03   4.9767164418311029E-03   0.0000000000000000E+00   0.0000000000000000E+00   0.0000000000000000E+00   0.0000000000000000E+00   0.0000000000000000E+00   0.0000000000000000E+00   0.0000000000000000E+00   0.0000000000000000E+00   0.0000000000000000E+00   0.0000000000000000E+00   0.0000000000000000E+00   0.0000000000000000E+00   0.0000000000000000E+00   0.0000000000000000E+00   0.0000000000000000E+00   0.0000000000000000E+00   0.0000000000000000E+00   0.0000000000000000E+00
  1.0046396506681163E+00   3.0842853666560883E+11   3.2201060819406886E+07   3.6916754896576748E+12   3.2331460262085120E+06   8.2371006022992188E-01   5.6342238959738289E-01   8.5305141619272783E+07   3.8602036799437262E+05   7.9795168313350495E-01   3.2430296469953185E+05   2.4105594771719804E+01   2.0752818669731895E-10   2.5261806640299190E+07   3.4833535001591981E+03   4.9171137127590383E-03   0.0000000000000000E+00   0.0000000000000000E+00   0.0000000000000000E+00   0.0000000000000000E+00   0.0000000000000000E+00   0.0000000000000000E+00   0.0000000000000000E+00   0.0000000000000000E+00   0.0000000000000000E+00   0.0000000000000000E+00   0.0000000000000000E+00   0.0000000000000000E+00   0.0000000000000000E+00   0.0000000000000000E+00   0.0000000000000000E+00   0.0000000000000000E+00   0.0000000000000000E+00   0.0000000000000000E+00
  1.0048329694459543E+00   2.9513373636257605E+11   3.2163431198826019E+07   3.5318330792427817E+12   3.2894600676155156E+06   8.7980042030446182E-01   5.8696622317033897E-01   8.1622126182061583E+07   3.7569665889541758E+05   7.8580962673719812E-01   3.1032421332035877E+05   2.4170841917771131E+01   2.2347550131961183E-10   2.4173021972065825E+07   3.3192682803628600E+03   4.8586334787863094E-03   0.0000000000000000E+00   0.0000000000000000E+00   0.0000000000000000E+00   0.0000000000000000E+00   0.0000000000000000E+00   0.0000000000000000E+00   0.0000000000000000E+00   0.0000000000000000E+00   0.0000000000000000E+00   0.0000000000000000E+00   0.0000000000000000E+00   0.0000000000000000E+00   0.0000000000000000E+00   0.0000000000000000E+00   0.0000000000000000E+00   0.0000000000000000E+00   0.0000000000000000E+00   0.0000000000000000E+00
  1.0050262882237926E+00   2.8276036424829883E+11   3.2126326783935379E+07   3.3830713078652515E+12   3.3452671242797589E+06   9.3808509127920181E-01   6.1098310956295987E-01   7.8194610053093761E+07   3.6584883773587161E+05   7.7389005594710447E-01   2.9731429198092542E+05   2.4230404339985959E+01   2.4016926846788321E-10   2.3159698371654052E+07   3.1661634571300187E+03   4.8013172420050135E-03   0.0000000000000000E+00   0.0000000000000000E+00   0.0000000000000000E+00   0.0000000000000000E+00   0.0000000000000000E+00   0.0000000000000000E+00   0.0000000000000000E+00   0.0000000000000000E+00   0.0000000000000000E+00   0.0000000000000000E+00   0.0000000000000000E+00   0.0000000000000000E+00   0.0000000000000000E+00   0.0000000000000000E+00   0.0000000000000000E+00   0.0000000000000000E+00   0.0000000000000000E+00   0.0000000000000000E+00
  1.0052196070016308E+00   2.7121816319295721E+11   3.2089691016366314E+07   3.2443048792540371E+12   3.4005900029553501E+06   9.9860746281117385E-01   6.3547672329087401E-01   7.4997552821831003E+07   3.5644364339579019E+05   7.6221618353052889E-01   2.8517830040616548E+05   2.4284800882531325E+01   2.5763013307339042E-10   2.2214444055013668E+07   3.0230702614651473E+03   4.7451926019958452E-03   0.0000000000000000E+00   0.0000000000000000E+00   0.0000000000000000E+00   0.0000000000000000E+00   0.0000000000000000E+00   0.0000000000000000E+00   0.0000000000000000E+00   0.0000000000000000E+00   0.0000000000000000E+00   0.0000000000000000E+00   0.0000000000000000E+00   0.0000000000000000E+00   0.0000000000000000E+00   0.0000000000000000E+00   0.0000000000000000E+00   0.0000000000000000E+00   0.0000000000000000E+00   0.0000000000000000E+00
  1.0054129257794691E+00   2.6042830505774258E+11   3.2053473791276213E+07   3.1145859111721650E+12   3.4554490305722207E+06   1.0614112476846274E+00   6.6045059297509856E-01   7.2009085870439366E+07   3.4745102607471228E+05   7.5080486383013079E-01   2.7383335525615525E+05   2.4334487363013537E+01   2.7587910916499824E-10   2.1330803252669346E+07   2.8891275204854087E+03   4.6902762351334120E-03   0.0000000000000000E+00   0.0000000000000000E+00   0.0000000000000000E+00   0.0000000000000000E+00   0.0000000000000000E+00   0.0000000000000000E+00   0.0000000000000000E+00   0.0000000000000000E+00   0.0000000000000000E+00   0.0000000000000000E+00   0.0000000000000000E+00   0.0000000000000000E+00   0.0000000000000000E+00   0.0000000000000000E+00   0.0000000000000000E+00   0.0000000000000000E+00   0.0000000000000000E+00   0.0000000000000000E+00
  1.0056062445573071E+00   2.5032162895387970E+11   3.2017630370972443E+07   2.9930827393546030E+12   3.5098623030451168E+06   1.1265404428729089E+00   6.8590808650298252E-01   6.9210023351087913E+07   3.3884375365208543E+05   7.3966778887155538E-01   2.6320673775596701E+05   2.4379865800283333E+01   2.9493757371691690E-10   2.0503111923940696E+07   2.7635673082111371E+03   4.6365762482767463E-03   0.0000000000000000E+00   0.0000000000000000E+00   0.0000000000000000E+00   0.0000000000000000E+00   0.0000000000000000E+00   0.0000000000000000E+00   0.0000000000000000E+00   0.0000000000000000E+00   0.0000000000000000E+00   0.0000000000000000E+00   0.0000000000000000E+00   0.0000000000000000E+00   0.0000000000000000E+00   0.0000000000000000E+00   0.0000000000000000E+00   0.0000000000000000E+00   0.0000000000000000E+00   0.0000000000000000E+00
  1.0057995633351453E+00   2.4083719495500226E+11   3.1982120512497980E+07   2.8790625499892793E+12   3.5638459384433609E+06   1.1940393010174450E+00   7.1185241190588910E-01   6.6583460742243014E+07   3.3059707284005283E+05   7.2881246743650563E-01   2.5323437300670813E+05   2.4421292056664047E+01   3.1482726310245714E-10   1.9726379307001032E+07   2.6457028145217855E+03   4.5840940381441739E-03   0.0000000000000000E+00   0.0000000000000000E+00   0.0000000000000000E+00   0.0000000000000000E+00   0.0000000000000000E+00   0.0000000000000000E+00   0.0000000000000000E+00   0.0000000000000000E+00   0.0000000000000000E+00   0.0000000000000000E+00   0.0000000000000000E+00   0.0000000000000000E+00   0.0000000000000000E+00   0.0000000000000000E+00   0.0000000000000000E+00   0.0000000000000000E+00   0.0000000000000000E+00   0.0000000000000000E+00
  1.0059928821129835E+00   2.3192109187122153E+11   3.1946907777630188E+07   2.7718770509956465E+12   3.6174142915867530E+06   1.2639522999108486E+00   7.3828661608877333E-01   6.4114443933909096E+07   3.2268842040599202E+05   7.1824303421938818E-01   2.4385957642759173E+05   2.4459082217770721E+01   3.3557026898815837E-10   1.8996190276706990E+07   2.5349180506726616E+03   4.5328257778843115E-03   0.0000000000000000E+00   0.0000000000000000E+00   0.0000000000000000E+00   0.0000000000000000E+00   0.0000000000000000E+00   0.0000000000000000E+00   0.0000000000000000E+00   0.0000000000000000E+00   0.0000000000000000E+00   0.0000000000000000E+00   0.0000000000000000E+00   0.0000000000000000E+00   0.0000000000000000E+00   0.0000000000000000E+00   0.0000000000000000E+00   0.0000000000000000E+00   0.0000000000000000E+00   0.0000000000000000E+00
  1.0061862008908218E+00   2.2352544978248962E+11   3.1911958999786939E+07   2.6709505783028848E+12   3.6705801157710007E+06   1.3363241016304082E+00   7.6521357240431498E-01   6.1789695152174920E+07   3.1509717778296914E+05   7.0796092233588637E-01   2.3503201549112416E+05   2.4493517956802027E+01   3.5718903107596594E-10   1.8308624472258575E+07   2.4306590855850309E+03   4.4827636244546502E-03   0.0000000000000000E+00   0.0000000000000000E+00   0.0000000000000000E+00   0.0000000000000000E+00   0.0000000000000000E+00   0.0000000000000000E+00   0.0000000000000000E+00   0.0000000000000000E+00   0.0000000000000000E+00   0.0000000000000000E+00   0.0000000000000000E+00   0.0000000000000000E+00   0.0000000000000000E+00   0.0000000000000000E+00   0.0000000000000000E+00   0.0000000000000000E+00   0.0000000000000000E+00   0.0000000000000000E+00
  1.0063795196686598E+00   2.1560760974764124E+11   3.1877243809908073E+07   2.5757701665062373E+12   3.7233547930634385E+06   1.4111995437611451E+00   7.9263600706299386E-01   5.9597382522181854E+07   3.0780445107372350E+05   6.9796539771786859E-01   2.2670683671930656E+05   2.4524851030275617E+01   3.7970633845412326E-10   1.7660188297518998E+07   2.3324265203082214E+03   4.4338966454842837E-03   0.0000000000000000E+00   0.0000000000000000E+00   0.0000000000000000E+00   0.0000000000000000E+00   0.0000000000000000E+00   0.0000000000000000E+00   0.0000000000000000E+00   0.0000000000000000E+00   0.0000000000000000E+00   0.0000000000000000E+00   0.0000000000000000E+00   0.0000000000000000E+00   0.0000000000000000E+00   0.0000000000000000E+00   0.0000000000000000E+00   0.0000000000000000E+00   0.0000000000000000E+00   0.0000000000000000E+00
  1.0065728384464980E+00   2.0812943677430426E+11   3.1842734331827175E+07   2.4858772088266870E+12   3.7757483869240265E+06   1.4886235741598457E+00   8.2055645826791979E-01   5.7526929385855958E+07   3.0079289455264219E+05   6.8825403014273812E-01   2.1884394331048513E+05   2.4553307143160282E+01   4.0314531514400880E-10   1.7047758654402580E+07   2.2397690617653661E+03   4.3862116344552931E-03   0.0000000000000000E+00   0.0000000000000000E+00   0.0000000000000000E+00   0.0000000000000000E+00   0.0000000000000000E+00   0.0000000000000000E+00   0.0000000000000000E+00   0.0000000000000000E+00   0.0000000000000000E+00   0.0000000000000000E+00   0.0000000000000000E+00   0.0000000000000000E+00   0.0000000000000000E+00   0.0000000000000000E+00   0.0000000000000000E+00   0.0000000000000000E+00   0.0000000000000000E+00   0.0000000000000000E+00
  1.0067661572243365E+00   2.0105672967928189E+11   3.1808404853514206E+07   2.4008604246430649E+12   3.8277698531062473E+06   1.5686412478530751E+00   8.4897731021259137E-01   5.5568850528159402E+07   2.9404654206981091E+05   6.7882304592539722E-01   2.1140737464111616E+05   2.4579089183996647E+01   4.2752942225014387E-10   1.6468534611488782E+07   2.1522779414668939E+03   4.3396936961977084E-03   0.0000000000000000E+00   0.0000000000000000E+00   0.0000000000000000E+00   0.0000000000000000E+00   0.0000000000000000E+00   0.0000000000000000E+00   0.0000000000000000E+00   0.0000000000000000E+00   0.0000000000000000E+00   0.0000000000000000E+00   0.0000000000000000E+00   0.0000000000000000E+00   0.0000000000000000E+00   0.0000000000000000E+00   0.0000000000000000E+00   0.0000000000000000E+00   0.0000000000000000E+00   0.0000000000000000E+00
  1.0069594760021756E+00   1.9435872802132990E+11   3.1774231615117576E+07   2.3203498908502148E+12   3.8794271062035779E+06   1.6512976775787989E+00   8.7790077120519927E-01   5.3714615338111214E+07   2.8755067066097335E+05   6.6966764116094368E-01   2.0436478783353735E+05   2.4602380034916663E+01   4.5288244720899526E-10   1.5919997022838786E+07   2.0695821103712433E+03   4.2943267661433729E-03   0.0000000000000000E+00   0.0000000000000000E+00   0.0000000000000000E+00   0.0000000000000000E+00   0.0000000000000000E+00   0.0000000000000000E+00   0.0000000000000000E+00   0.0000000000000000E+00   0.0000000000000000E+00   0.0000000000000000E+00   0.0000000000000000E+00   0.0000000000000000E+00   0.0000000000000000E+00   0.0000000000000000E+00   0.0000000000000000E+00   0.0000000000000000E+00   0.0000000000000000E+00   0.0000000000000000E+00
  1.0071527947800178E+00   1.8800768778192786E+11   3.1740192597472358E+07   2.2440119602493052E+12   3.9307271529766973E+06   1.7366380143432290E+00   9.0732888690947355E-01   5.1956530057730809E+07   2.8129167460799828E+05   6.6078222350851823E-01   1.9768701160834497E+05   2.4623344958505797E+01   4.7922850091583871E-10   1.5399873777180254E+07   1.9913440508685835E+03   4.2500939976097881E-03   0.0000000000000000E+00   0.0000000000000000E+00   0.0000000000000000E+00   0.0000000000000000E+00   0.0000000000000000E+00   0.0000000000000000E+00   0.0000000000000000E+00   0.0000000000000000E+00   0.0000000000000000E+00   0.0000000000000000E+00   0.0000000000000000E+00   0.0000000000000000E+00   0.0000000000000000E+00   0.0000000000000000E+00   0.0000000000000000E+00   0.0000000000000000E+00   0.0000000000000000E+00   0.0000000000000000E+00
  1.0073461135578718E+00   1.8197851718887231E+11   3.1706267327616926E+07   2.1715449145719077E+12   3.9816762416541032E+06   1.8247074433685506E+00   9.3726356866386340E-01   5.0287636725483015E+07   2.7525695282355283E+05   6.5216060432172618E-01   1.9134766337357103E+05   2.4642133642452922E+01   5.0659201902619936E-10   1.4906109972718062E+07   1.9172561237147515E+03   4.2069780585266229E-03   0.0000000000000000E+00   0.0000000000000000E+00   0.0000000000000000E+00   0.0000000000000000E+00   0.0000000000000000E+00   0.0000000000000000E+00   0.0000000000000000E+00   0.0000000000000000E+00   0.0000000000000000E+00   0.0000000000000000E+00   0.0000000000000000E+00   0.0000000000000000E+00   0.0000000000000000E+00   0.0000000000000000E+00   0.0000000000000000E+00   0.0000000000000000E+00   0.0000000000000000E+00   0.0000000000000000E+00
  1.0075394323357734E+00   1.7624847254422845E+11   3.1672436807629079E+07   2.1026752273365728E+12   4.0322798275711858E+06   1.9155511036763027E+00   9.6770653823575981E-01   4.8701628762750193E+07   2.6943482260347105E+05   6.4379618624266632E-01   1.8532282940498361E+05   2.4658882032602097E+01   5.3499774086785430E-10   1.4436843006266762E+07   1.8470374134871761E+03   4.1649614458690786E-03   0.0000000000000000E+00   0.0000000000000000E+00   0.0000000000000000E+00   0.0000000000000000E+00   0.0000000000000000E+00   0.0000000000000000E+00   0.0000000000000000E+00   0.0000000000000000E+00   0.0000000000000000E+00   0.0000000000000000E+00   0.0000000000000000E+00   0.0000000000000000E+00   0.0000000000000000E+00   0.0000000000000000E+00   0.0000000000000000E+00   0.0000000000000000E+00   0.0000000000000000E+00   0.0000000000000000E+00
  1.0077327511138647E+00   1.7079688554859048E+11   3.1638683344740540E+07   2.0371543426610061E+12   4.0825427357648285E+06   2.0092140988037026E+00   9.9865937077133937E-01   4.7192775315505669E+07   2.6381442790961906E+05   6.3568207998688686E-01   1.7959077814304456E+05   2.4673713850291755E+01   5.6447071442902379E-10   1.3990380241824424E+07   1.7804309165920085E+03   4.1240266441866062E-03   0.0000000000000000E+00   0.0000000000000000E+00   0.0000000000000000E+00   0.0000000000000000E+00   0.0000000000000000E+00   0.0000000000000000E+00   0.0000000000000000E+00   0.0000000000000000E+00   0.0000000000000000E+00   0.0000000000000000E+00   0.0000000000000000E+00   0.0000000000000000E+00   0.0000000000000000E+00   0.0000000000000000E+00   0.0000000000000000E+00   0.0000000000000000E+00   0.0000000000000000E+00   0.0000000000000000E+00
  1.0079260698927159E+00   1.6560493423425275E+11   3.1604990483602569E+07   1.9747558878616458E+12   4.1324691778913848E+06   2.1057414446725873E+00   1.0301234706624582E+00   4.5755857690128401E+07   2.5838566819529564E+05   6.2781122235672349E-01   1.7413171934200803E+05   2.4686741963696576E+01   5.9503628224961954E-10   1.3565180250680247E+07   1.7172011061861808E+03   4.0841563176176893E-03   0.0000000000000000E+00   0.0000000000000000E+00   0.0000000000000000E+00   0.0000000000000000E+00   0.0000000000000000E+00   0.0000000000000000E+00   0.0000000000000000E+00   0.0000000000000000E+00   0.0000000000000000E+00   0.0000000000000000E+00   0.0000000000000000E+00   0.0000000000000000E+00   0.0000000000000000E+00   0.0000000000000000E+00   0.0000000000000000E+00   0.0000000000000000E+00   0.0000000000000000E+00   0.0000000000000000E+00
  1.0081193886746063E+00   1.6065543629043994E+11   3.1571342850890450E+07   1.9152732510007415E+12   4.1820629265917842E+06   2.2051781026717836E+00   1.0621001323513368E+00   4.4386112013471663E+07   2.5313912352652880E+05   6.2017644342944112E-01   1.6892758676319165E+05   2.4698069522406708E+01   6.2672009274573792E-10   1.3159835885344589E+07   1.6571317463684038E+03   4.0453333779460789E-03   0.0000000000000000E+00   0.0000000000000000E+00   0.0000000000000000E+00   0.0000000000000000E+00   0.0000000000000000E+00   0.0000000000000000E+00   0.0000000000000000E+00   0.0000000000000000E+00   0.0000000000000000E+00   0.0000000000000000E+00   0.0000000000000000E+00   0.0000000000000000E+00   0.0000000000000000E+00   0.0000000000000000E+00   0.0000000000000000E+00   0.0000000000000000E+00   0.0000000000000000E+00   0.0000000000000000E+00
  1.0083127074686531E+00   1.5593267985080560E+11   3.1537726166577749E+07   1.8585174674497278E+12   4.2313272377359057E+06   2.3075688917581498E+00   1.0945904742732817E+00   4.3079182275244623E+07   2.4806600455100185E+05   6.1277056048166034E-01   1.6396186025750352E+05   2.4707791052611629E+01   6.5954807514114314E-10   1.2773060421632955E+07   1.6000240138694601E+03   4.0075411476827947E-03   0.0000000000000000E+00   0.0000000000000000E+00   0.0000000000000000E+00   0.0000000000000000E+00   0.0000000000000000E+00   0.0000000000000000E+00   0.0000000000000000E+00   0.0000000000000000E+00   0.0000000000000000E+00   0.0000000000000000E+00   0.0000000000000000E+00   0.0000000000000000E+00   0.0000000000000000E+00   0.0000000000000000E+00   0.0000000000000000E+00   0.0000000000000000E+00   0.0000000000000000E+00   0.0000000000000000E+00
  1.0085060263113255E+00   1.5142226559131143E+11   3.1504127159832124E+07   1.8043153671043594E+12   4.2802649939548001E+06   2.4129585259465438E+00   1.1275954904435299E+00   4.1831076522321403E+07   2.4315809255916334E+05   6.0558641747926623E-01   1.5921939974037150E+05   2.4715993364011894E+01   6.9354645250539861E-10   1.2403674626984278E+07   1.5456947825930934E+03   3.9707633832272663E-03   0.0000000000000000E+00   0.0000000000000000E+00   0.0000000000000000E+00   0.0000000000000000E+00   0.0000000000000000E+00   0.0000000000000000E+00   0.0000000000000000E+00   0.0000000000000000E+00   0.0000000000000000E+00   0.0000000000000000E+00   0.0000000000000000E+00   0.0000000000000000E+00   0.0000000000000000E+00   0.0000000000000000E+00   0.0000000000000000E+00   0.0000000000000000E+00   0.0000000000000000E+00   0.0000000000000000E+00
  1.0086993453485009E+00   1.4711096969451141E+11   3.1470533645558316E+07   1.7525079259420383E+12   4.3288788032728126E+06   2.5213916768095030E+00   1.1611160854658176E+00   4.0638128840874642E+07   2.3840768851033173E+05   5.9861692210409867E-01   1.5468630110639057E+05   2.4722756485841757E+01   7.2874176622354965E-10   1.2050595537728216E+07   1.4939750914460678E+03   3.9349842881282989E-03   0.0000000000000000E+00   0.0000000000000000E+00   0.0000000000000000E+00   0.0000000000000000E+00   0.0000000000000000E+00   0.0000000000000000E+00   0.0000000000000000E+00   0.0000000000000000E+00   0.0000000000000000E+00   0.0000000000000000E+00   0.0000000000000000E+00   0.0000000000000000E+00   0.0000000000000000E+00   0.0000000000000000E+00   0.0000000000000000E+00   0.0000000000000000E+00   0.0000000000000000E+00   0.0000000000000000E+00
  1.0088926651636878E+00   1.4298661667628943E+11   3.1436935059431240E+07   1.7029487240892551E+12   4.3771712190825865E+06   2.6329132743427666E+00   1.1951531856611310E+00   3.9496964081211470E+07   2.3380755929538867E+05   5.9185505746789702E-01   1.5034976251393219E+05   2.4728154954674523E+01   7.6516098969053585E-10   1.1712826044130309E+07   1.4447086819599285E+03   3.9001883971481978E-03   0.0000000000000000E+00   0.0000000000000000E+00   0.0000000000000000E+00   0.0000000000000000E+00   0.0000000000000000E+00   0.0000000000000000E+00   0.0000000000000000E+00   0.0000000000000000E+00   0.0000000000000000E+00   0.0000000000000000E+00   0.0000000000000000E+00   0.0000000000000000E+00   0.0000000000000000E+00   0.0000000000000000E+00   0.0000000000000000E+00   0.0000000000000000E+00   0.0000000000000000E+00   0.0000000000000000E+00
  1.0090859880909211E+00   1.3903793744703653E+11   3.1403324788340595E+07   1.6555022335219243E+12   4.4251455975375753E+06   2.7475698597503158E+00   1.2297082355289122E+00   3.8404458514165528E+07   2.2935085103260280E+05   5.8529380499851846E-01   1.4619793514491612E+05   2.4732260782645131E+01   8.0283203405121368E-10   1.1389443266409166E+07   1.3977502974247213E+03   3.8663599497050145E-03   0.0000000000000000E+00   0.0000000000000000E+00   0.0000000000000000E+00   0.0000000000000000E+00   0.0000000000000000E+00   0.0000000000000000E+00   0.0000000000000000E+00   0.0000000000000000E+00   0.0000000000000000E+00   0.0000000000000000E+00   0.0000000000000000E+00   0.0000000000000000E+00   0.0000000000000000E+00   0.0000000000000000E+00   0.0000000000000000E+00   0.0000000000000000E+00   0.0000000000000000E+00   0.0000000000000000E+00
  1.0092793234663395E+00   1.3525433005621935E+11   3.1369709876756337E+07   1.6100409606411831E+12   4.4728096316150585E+06   2.8654153026910740E+00   1.2647853209781008E+00   3.7357673597645722E+07   2.2503085945873021E+05   5.7892573984613949E-01   1.4221967164281633E+05   2.4735153511656858E+01   8.4178588476950966E-10   1.1079578961692266E+07   1.3529626766032648E+03   3.8334803344943656E-03   0.0000000000000000E+00   0.0000000000000000E+00   0.0000000000000000E+00   0.0000000000000000E+00   0.0000000000000000E+00   0.0000000000000000E+00   0.0000000000000000E+00   0.0000000000000000E+00   0.0000000000000000E+00   0.0000000000000000E+00   0.0000000000000000E+00   0.0000000000000000E+00   0.0000000000000000E+00   0.0000000000000000E+00   0.0000000000000000E+00   0.0000000000000000E+00   0.0000000000000000E+00   0.0000000000000000E+00
  1.0094727086344986E+00   1.3162521517120399E+11   3.1336151027146649E+07   1.5664377257347249E+12   4.5201897105376869E+06   2.9865344721380600E+00   1.3003999460408704E+00   3.6353677730831973E+07   2.2084023725737230E+05   5.7274138073588365E-01   1.3840384844219920E+05   2.4736959355383746E+01   8.8206549274924375E-10   1.0782366744444799E+07   1.3102081937061582E+03   3.8015179839913605E-03   0.0000000000000000E+00   0.0000000000000000E+00   0.0000000000000000E+00   0.0000000000000000E+00   0.0000000000000000E+00   0.0000000000000000E+00   0.0000000000000000E+00   0.0000000000000000E+00   0.0000000000000000E+00   0.0000000000000000E+00   0.0000000000000000E+00   0.0000000000000000E+00   0.0000000000000000E+00   0.0000000000000000E+00   0.0000000000000000E+00   0.0000000000000000E+00   0.0000000000000000E+00   0.0000000000000000E+00
  1.0096662929736202E+00   1.2813780385369730E+11   3.1302926213916153E+07   1.5245389475101538E+12   4.5673899823454730E+06   3.1111411284174220E+00   1.3366155467098535E+00   3.5388929206892081E+07   2.1676796952584406E+05   5.6672262247742977E-01   1.3473701874107347E+05   2.4738008119966182E+01   9.2324785626456689E-10   1.0496759292581914E+07   1.2693199924529526E+03   3.7703890149519840E-03   0.0000000000000000E+00   0.0000000000000000E+00   0.0000000000000000E+00   0.0000000000000000E+00   0.0000000000000000E+00   0.0000000000000000E+00   0.0000000000000000E+00   0.0000000000000000E+00   0.0000000000000000E+00   0.0000000000000000E+00   0.0000000000000000E+00   0.0000000000000000E+00   0.0000000000000000E+00   0.0000000000000000E+00   0.0000000000000000E+00   0.0000000000000000E+00   0.0000000000000000E+00   0.0000000000000000E+00
  1.0098606739965927E+00   1.2477226201227553E+11   3.1270647527361572E+07   1.4841065112077715E+12   4.6147258232498467E+06   3.2398223017177288E+00   1.3736362819290981E+00   3.4457940220231391E+07   2.1279207183861596E+05   5.6083019499583731E-01   1.3119832822380963E+05   2.4738959000666515E+01   9.6539285762214322E-10   1.0221132328746913E+07   1.2300620124997724E+03   3.7399290537949671E-03   0.0000000000000000E+00   0.0000000000000000E+00   0.0000000000000000E+00   0.0000000000000000E+00   0.0000000000000000E+00   0.0000000000000000E+00   0.0000000000000000E+00   0.0000000000000000E+00   0.0000000000000000E+00   0.0000000000000000E+00   0.0000000000000000E+00   0.0000000000000000E+00   0.0000000000000000E+00   0.0000000000000000E+00   0.0000000000000000E+00   0.0000000000000000E+00   0.0000000000000000E+00   0.0000000000000000E+00
  1.0100574069010908E+00   1.2150344155564729E+11   3.1238966035307359E+07   1.4448375014605959E+12   4.6626198367369631E+06   3.3735388869743228E+00   1.4117906634577027E+00   3.3553755879949208E+07   2.0888113568078165E+05   5.5502094912179234E-01   1.2776133504446170E+05   2.4739654326665821E+01   1.0094088660241395E-09   9.9534262164558824E+06   1.1922214358994861E+03   3.7101445788549851E-03   0.0000000000000000E+00   0.0000000000000000E+00   0.0000000000000000E+00   0.0000000000000000E+00   0.0000000000000000E+00   0.0000000000000000E+00   0.0000000000000000E+00   0.0000000000000000E+00   0.0000000000000000E+00   0.0000000000000000E+00   0.0000000000000000E+00   0.0000000000000000E+00   0.0000000000000000E+00   0.0000000000000000E+00   0.0000000000000000E+00   0.0000000000000000E+00   0.0000000000000000E+00   0.0000000000000000E+00
  1.0102575990216738E+00   1.1831337622336531E+11   3.1206953945732165E+07   1.4065157557307051E+12   4.7111737571466621E+06   3.5131058833872935E+00   1.4512426175995572E+00   3.2671401286472555E+07   2.0501873090453388E+05   5.4928106115061881E-01   1.2440714845838262E+05   2.4739470054271823E+01   1.0555729716593447E-09   9.6921695242341142E+06   1.1555798131178542E+03   3.6809696772885838E-03   0.0000000000000000E+00   0.0000000000000000E+00   0.0000000000000000E+00   0.0000000000000000E+00   0.0000000000000000E+00   0.0000000000000000E+00   0.0000000000000000E+00   0.0000000000000000E+00   0.0000000000000000E+00   0.0000000000000000E+00   0.0000000000000000E+00   0.0000000000000000E+00   0.0000000000000000E+00   0.0000000000000000E+00   0.0000000000000000E+00   0.0000000000000000E+00   0.0000000000000000E+00   0.0000000000000000E+00
  1.0104613111828178E+00   1.1519606133511844E+11   3.1174410143228564E+07   1.3690696886606033E+12   4.7603019068112532E+06   3.6589523742348558E+00   1.4920032936246737E+00   3.1809208521608632E+07   2.0120460465272728E+05   5.4361357964862811E-01   1.2112945477085041E+05   2.4738345665575601E+01   1.1040609397412381E-09   9.4368705551235657E+06   1.1199884568533689E+03   3.6522492745292854E-03   0.0000000000000000E+00   0.0000000000000000E+00   0.0000000000000000E+00   0.0000000000000000E+00   0.0000000000000000E+00   0.0000000000000000E+00   0.0000000000000000E+00   0.0000000000000000E+00   0.0000000000000000E+00   0.0000000000000000E+00   0.0000000000000000E+00   0.0000000000000000E+00   0.0000000000000000E+00   0.0000000000000000E+00   0.0000000000000000E+00   0.0000000000000000E+00   0.0000000000000000E+00   0.0000000000000000E+00
  1.0106686052784950E+00   1.1215004359779347E+11   3.1141316426911589E+07   1.3324818190983745E+12   4.8100053400485432E+06   3.8113776771049888E+00   1.5341189524450018E+00   3.0966773901373755E+07   1.9743870739855681E+05   5.3801962507385837E-01   1.1792672592312637E+05   2.4736274440728646E+01   1.1549995935524424E-09   9.1874102895993553E+06   1.0854295971659187E+03   3.6240140948028384E-03   0.0000000000000000E+00   0.0000000000000000E+00   0.0000000000000000E+00   0.0000000000000000E+00   0.0000000000000000E+00   0.0000000000000000E+00   0.0000000000000000E+00   0.0000000000000000E+00   0.0000000000000000E+00   0.0000000000000000E+00   0.0000000000000000E+00   0.0000000000000000E+00   0.0000000000000000E+00   0.0000000000000000E+00   0.0000000000000000E+00   0.0000000000000000E+00   0.0000000000000000E+00   0.0000000000000000E+00
  1.0108795442909790E+00   1.0917390161764151E+11   3.1107653826391350E+07   1.2967350661794753E+12   4.8602847153597306E+06   3.9706955413009282E+00   1.5776374442827594E+00   3.0143702610655606E+07   1.9372098225083592E+05   5.3250024092954584E-01   1.1479746739668735E+05   2.4733248793133040E+01   1.2085230047752609E-09   8.9436723206173964E+06   1.0518857216173362E+03   3.5962964240946623E-03   0.0000000000000000E+00   0.0000000000000000E+00   0.0000000000000000E+00   0.0000000000000000E+00   0.0000000000000000E+00   0.0000000000000000E+00   0.0000000000000000E+00   0.0000000000000000E+00   0.0000000000000000E+00   0.0000000000000000E+00   0.0000000000000000E+00   0.0000000000000000E+00   0.0000000000000000E+00   0.0000000000000000E+00   0.0000000000000000E+00   0.0000000000000000E+00   0.0000000000000000E+00   0.0000000000000000E+00
  1.0110941923099799E+00   1.0626624612097725E+11   3.1073402601328667E+07   1.2618127113266150E+12   4.9111401059610778E+06   4.1372347348335801E+00   1.6226081466385456E+00   2.9339608759260926E+07   1.9005137022171871E+05   5.2705641282544147E-01   1.1174021844526766E+05   2.4729260311790661E+01   1.2647728986903126E-09   8.7055428717379551E+06   1.0193395287759600E+03   3.5691301322733453E-03   0.0000000000000000E+00   0.0000000000000000E+00   0.0000000000000000E+00   0.0000000000000000E+00   0.0000000000000000E+00   0.0000000000000000E+00   0.0000000000000000E+00   0.0000000000000000E+00   0.0000000000000000E+00   0.0000000000000000E+00   0.0000000000000000E+00   0.0000000000000000E+00   0.0000000000000000E+00   0.0000000000000000E+00   0.0000000000000000E+00   0.0000000000000000E+00   0.0000000000000000E+00   0.0000000000000000E+00
  1.0113126145521172E+00   1.0342571326435858E+11   3.1038542088824850E+07   1.2276983834147876E+12   4.9625711710746456E+06   4.3113399130729961E+00   1.6690821413419774E+00   2.8554113533331554E+07   1.8642980031585720E+05   5.2168904439755881E-01   1.0875354506085775E+05   2.4724299658766004E+01   1.3238991577923219E-09   8.4729102492098212E+06   9.8777388462997760E+02   3.5425506427202084E-03   0.0000000000000000E+00   0.0000000000000000E+00   0.0000000000000000E+00   0.0000000000000000E+00   0.0000000000000000E+00   0.0000000000000000E+00   0.0000000000000000E+00   0.0000000000000000E+00   0.0000000000000000E+00   0.0000000000000000E+00   0.0000000000000000E+00   0.0000000000000000E+00   0.0000000000000000E+00   0.0000000000000000E+00   0.0000000000000000E+00   0.0000000000000000E+00   0.0000000000000000E+00   0.0000000000000000E+00
  1.0115348773807351E+00   1.0065096977111922E+11   3.1003050842388835E+07   1.1943760459882769E+12   5.0145768942227326E+06   4.4933721515026299E+00   1.7171120868562189E+00   2.7786846611948080E+07   1.8285619990912380E+05   5.1639899043757642E-01   1.0583604537448099E+05   2.4718356676675274E+01   1.3860602299722419E-09   8.2456652626802344E+06   9.5717184455879556E+02   3.5165951122258115E-03   0.0000000000000000E+00   0.0000000000000000E+00   0.0000000000000000E+00   0.0000000000000000E+00   0.0000000000000000E+00   0.0000000000000000E+00   0.0000000000000000E+00   0.0000000000000000E+00   0.0000000000000000E+00   0.0000000000000000E+00   0.0000000000000000E+00   0.0000000000000000E+00   0.0000000000000000E+00   0.0000000000000000E+00   0.0000000000000000E+00   0.0000000000000000E+00   0.0000000000000000E+00   0.0000000000000000E+00
  1.0117610483260642E+00   9.7940709040613190E+10   3.0966906557643898E+07   1.1618299880146416E+12   5.0671556737848623E+06   4.6837097954503539E+00   1.7667523342562044E+00   2.7037445092051469E+07   1.7933048894310681E+05   5.1118704415540472E-01   1.0298634556529901E+05   2.4711420336479161E+01   1.4514236557215941E-09   8.0237009065282233E+06   9.2751663208782134E+02   3.4913024658968848E-03   0.0000000000000000E+00   0.0000000000000000E+00   0.0000000000000000E+00   0.0000000000000000E+00   0.0000000000000000E+00   0.0000000000000000E+00   0.0000000000000000E+00   0.0000000000000000E+00   0.0000000000000000E+00   0.0000000000000000E+00   0.0000000000000000E+00   0.0000000000000000E+00   0.0000000000000000E+00   0.0000000000000000E+00   0.0000000000000000E+00   0.0000000000000000E+00   0.0000000000000000E+00   0.0000000000000000E+00
  1.0119911961057415E+00   9.5293649663368668E+10   3.0930086052570123E+07   1.1300448143931274E+12   5.1203053324854113E+06   4.8827492839287858E+00   1.8180589902219717E+00   2.6305553077636074E+07   1.7585257823268199E+05   5.0605393562704604E-01   1.0020309829935075E+05   2.4703478725707825E+01   1.5201666049902260E-09   7.8069122382515557E+06   8.9879162867888886E+02   3.4667134687823048E-03   0.0000000000000000E+00   0.0000000000000000E+00   0.0000000000000000E+00   0.0000000000000000E+00   0.0000000000000000E+00   0.0000000000000000E+00   0.0000000000000000E+00   0.0000000000000000E+00   0.0000000000000000E+00   0.0000000000000000E+00   0.0000000000000000E+00   0.0000000000000000E+00   0.0000000000000000E+00   0.0000000000000000E+00   0.0000000000000000E+00   0.0000000000000000E+00   0.0000000000000000E+00   0.0000000000000000E+00
  1.0122253906456866E+00   9.2708535201633209E+10   3.0892565284059886E+07   1.0990054356903568E+12   5.1740230711516431E+06   5.0909059622629176E+00   1.8710899395369356E+00   2.5590821618127946E+07   1.7242237012931993E+05   5.0100033692429669E-01   9.7484982498854108E+04   2.4694519065555614E+01   1.5924764296036321E-09   7.5951963605011823E+06   8.7098036781098460E+02   3.4428708166932393E-03   0.0000000000000000E+00   0.0000000000000000E+00   0.0000000000000000E+00   0.0000000000000000E+00   0.0000000000000000E+00   0.0000000000000000E+00   0.0000000000000000E+00   0.0000000000000000E+00   0.0000000000000000E+00   0.0000000000000000E+00   0.0000000000000000E+00   0.0000000000000000E+00   0.0000000000000000E+00   0.0000000000000000E+00   0.0000000000000000E+00   0.0000000000000000E+00   0.0000000000000000E+00   0.0000000000000000E+00
  1.0124637031013488E+00   9.0184136758183365E+10   3.0854319460952066E+07   1.0686970594112532E+12   5.2283052950132275E+06   5.3086147912279138E+00   1.9259047617013496E+00   2.4892909416419845E+07   1.6903976413611977E+05   4.9602688207955292E-01   9.4830706043136292E+04   2.4684527798401469E+01   1.6685511982469530E-09   7.3884526314824894E+06   8.4406654605248491E+02   3.4198192920196937E-03   0.0000000000000000E+00   0.0000000000000000E+00   0.0000000000000000E+00   0.0000000000000000E+00   0.0000000000000000E+00   0.0000000000000000E+00   0.0000000000000000E+00   0.0000000000000000E+00   0.0000000000000000E+00   0.0000000000000000E+00   0.0000000000000000E+00   0.0000000000000000E+00   0.0000000000000000E+00   0.0000000000000000E+00   0.0000000000000000E+00   0.0000000000000000E+00   0.0000000000000000E+00   0.0000000000000000E+00
  1.0127062058793259E+00   8.7719247701491943E+10   3.0815322926629055E+07   1.0391051816894373E+12   5.2831477951048119E+06   5.5363314438272715E+00   1.9825649220916561E+00   2.4211481372172404E+07   1.6570464821461926E+05   4.9113414458388427E-01   9.2239000222453833E+04   2.4673490504752426E+01   1.7486003833206018E-09   7.1865822329296041E+06   8.1803399106205791E+02   3.3976057609602464E-03   0.0000000000000000E+00   0.0000000000000000E+00   0.0000000000000000E+00   0.0000000000000000E+00   0.0000000000000000E+00   0.0000000000000000E+00   0.0000000000000000E+00   0.0000000000000000E+00   0.0000000000000000E+00   0.0000000000000000E+00   0.0000000000000000E+00   0.0000000000000000E+00   0.0000000000000000E+00   0.0000000000000000E+00   0.0000000000000000E+00   0.0000000000000000E+00   0.0000000000000000E+00   0.0000000000000000E+00
  1.0129529726593638E+00   8.5312684653972336E+10   3.0775549226519104E+07   1.0102155788126730E+12   5.3385456569807660E+06   5.7745331820876569E+00   2.0411337540571135E+00   2.3546208853740327E+07   1.6241690141366611E+05   4.8632264798174424E-01   8.9708620777101838E+04   2.4661391958076539E+01   1.8328454952855498E-09   6.9894882510550879E+06   7.9286666231632057E+02   3.3762792917244387E-03   0.0000000000000000E+00   0.0000000000000000E+00   0.0000000000000000E+00   0.0000000000000000E+00   0.0000000000000000E+00   0.0000000000000000E+00   0.0000000000000000E+00   0.0000000000000000E+00   0.0000000000000000E+00   0.0000000000000000E+00   0.0000000000000000E+00   0.0000000000000000E+00   0.0000000000000000E+00   0.0000000000000000E+00   0.0000000000000000E+00   0.0000000000000000E+00   0.0000000000000000E+00   0.0000000000000000E+00
  1.0132040784167418E+00   8.2963287374725372E+10   3.0734971152698666E+07   9.8201429863483398E+11   5.3944932106642239E+06   6.0237198116062904E+00   2.1016764682945821E+00   2.2896769664893422E+07   1.5917639458717339E+05   4.8159287094748321E-01   8.7238347774110516E+04   2.4648216164213704E+01   1.9215207661604056E-09   6.7970756669552466E+06   7.6854864483255972E+02   3.3558912504249032E-03   0.0000000000000000E+00   0.0000000000000000E+00   0.0000000000000000E+00   0.0000000000000000E+00   0.0000000000000000E+00   0.0000000000000000E+00   0.0000000000000000E+00   0.0000000000000000E+00   0.0000000000000000E+00   0.0000000000000000E+00   0.0000000000000000E+00   0.0000000000000000E+00   0.0000000000000000E+00   0.0000000000000000E+00   0.0000000000000000E+00   0.0000000000000000E+00   0.0000000000000000E+00   0.0000000000000000E+00
  1.0134595994450530E+00   8.0669917508193253E+10   3.0693560755872119E+07   9.5448765301454895E+11   5.4509840442738663E+06   6.2844147460727466E+00   2.1642602119859800E+00   2.2262847698723216E+07   1.5598298886377335E+05   4.7694524538511252E-01   8.4826984291549015E+04   2.4633946375626195E+01   2.0148738940634332E-09   6.6092512541287467E+06   7.4506413759675752E+02   3.3364953736951409E-03   0.0000000000000000E+00   0.0000000000000000E+00   0.0000000000000000E+00   0.0000000000000000E+00   0.0000000000000000E+00   0.0000000000000000E+00   0.0000000000000000E+00   0.0000000000000000E+00   0.0000000000000000E+00   0.0000000000000000E+00   0.0000000000000000E+00   0.0000000000000000E+00   0.0000000000000000E+00   0.0000000000000000E+00   0.0000000000000000E+00   0.0000000000000000E+00   0.0000000000000000E+00   0.0000000000000000E+00
  1.0137196133793853E+00   7.8431457534294388E+10   3.0651289364426441E+07   9.2762221020683386E+11   5.5080110141030177E+06   6.5571661232638343E+00   2.2289541264459811E+00   2.1644132647178046E+07   1.5283653446203499E+05   4.7238015528371391E-01   8.2473355314658242E+04   2.4618565111731332E+01   2.1131668313803173E-09   6.4259234924965538E+06   7.2239744217743157E+02   3.3181478405174222E-03   0.0000000000000000E+00   0.0000000000000000E+00   0.0000000000000000E+00   0.0000000000000000E+00   0.0000000000000000E+00   0.0000000000000000E+00   0.0000000000000000E+00   0.0000000000000000E+00   0.0000000000000000E+00   0.0000000000000000E+00   0.0000000000000000E+00   0.0000000000000000E+00   0.0000000000000000E+00   0.0000000000000000E+00   0.0000000000000000E+00   0.0000000000000000E+00   0.0000000000000000E+00   0.0000000000000000E+00
  1.0139841992199077E+00   7.6246811196879318E+10   3.0608127663389001E+07   9.0140478749685742E+11   5.5655661767702335E+06   6.8425478805113054E+00   2.2958293350261618E+00   2.1040320118508585E+07   1.4973687229244961E+05   4.6789794413661029E-01   8.0176308186350419E+04   2.4602054224926203E+01   2.2166765848668610E-09   6.2470026035067160E+06   7.0053295929601859E+02   3.3009073769196119E-03   0.0000000000000000E+00   0.0000000000000000E+00   0.0000000000000000E+00   0.0000000000000000E+00   0.0000000000000000E+00   0.0000000000000000E+00   0.0000000000000000E+00   0.0000000000000000E+00   0.0000000000000000E+00   0.0000000000000000E+00   0.0000000000000000E+00   0.0000000000000000E+00   0.0000000000000000E+00   0.0000000000000000E+00   0.0000000000000000E+00   0.0000000000000000E+00   0.0000000000000000E+00   0.0000000000000000E+00
  1.0142534373558743E+00   7.4114901594603485E+10   3.0564045689831201E+07   8.7582244399411450E+11   5.6236408533592466E+06   7.1411610439673385E+00   2.3649590453284670E+00   2.0451111109765187E+07   1.4668383109961424E+05   4.6349890827836476E-01   7.7934710599877857E+04   2.4584394904228674E+01   2.3256961191999605E-09   6.0724003937777122E+06   6.7945517204588873E+02   3.2848353011780077E-03   0.0000000000000000E+00   0.0000000000000000E+00   0.0000000000000000E+00   0.0000000000000000E+00   0.0000000000000000E+00   0.0000000000000000E+00   0.0000000000000000E+00   0.0000000000000000E+00   0.0000000000000000E+00   0.0000000000000000E+00   0.0000000000000000E+00   0.0000000000000000E+00   0.0000000000000000E+00   0.0000000000000000E+00   0.0000000000000000E+00   0.0000000000000000E+00   0.0000000000000000E+00   0.0000000000000000E+00
  1.0145274095900483E+00   7.2034672164697922E+10   3.0519012945760030E+07   8.5086247387338525E+11   5.6822255340850595E+06   7.4536348802906476E+00   2.4364185067516178E+00   1.9876212277486581E+07   1.4367723009846956E+05   4.5918330741139851E-01   7.5747451633243370E+04   2.4565567767931071E+01   2.4405352404014831E-09   5.9020303356875060E+06   6.5914864549087349E+02   3.2699956379858008E-03   0.0000000000000000E+00   0.0000000000000000E+00   0.0000000000000000E+00   0.0000000000000000E+00   0.0000000000000000E+00   0.0000000000000000E+00   0.0000000000000000E+00   0.0000000000000000E+00   0.0000000000000000E+00   0.0000000000000000E+00   0.0000000000000000E+00   0.0000000000000000E+00   0.0000000000000000E+00   0.0000000000000000E+00   0.0000000000000000E+00   0.0000000000000000E+00   0.0000000000000000E+00   0.0000000000000000E+00
  1.0148061991635569E+00   7.0005085196971039E+10   3.0472998419424079E+07   8.2651239979447754E+11   5.7413099271999421E+06   7.7806282894546799E+00   2.5102850950999702E+00   1.9315335526998468E+07   1.4071687686625894E+05   4.5495136003367048E-01   7.3613440186750799E+04   2.4545552887579525E+01   2.5615215957896885E-09   5.7358074456736753E+06   6.3959801233929215E+02   3.2564551679176755E-03   0.0000000000000000E+00   0.0000000000000000E+00   0.0000000000000000E+00   0.0000000000000000E+00   0.0000000000000000E+00   0.0000000000000000E+00   0.0000000000000000E+00   0.0000000000000000E+00   0.0000000000000000E+00   0.0000000000000000E+00   0.0000000000000000E+00   0.0000000000000000E+00   0.0000000000000000E+00   0.0000000000000000E+00   0.0000000000000000E+00   0.0000000000000000E+00   0.0000000000000000E+00   0.0000000000000000E+00
  1.0150898907811812E+00   6.8025121067616684E+10   3.0425970635353480E+07   8.0275996617972717E+11   5.8008829723399570E+06   8.1228312321021345E+00   2.5866383669709112E+00   1.8768197800296377E+07   1.3780256662507789E+05   4.5080324300987801E-01   7.1531604177410714E+04   2.4524329834705217E+01   2.6890017199457708E-09   5.5736482214926165E+06   6.2078796196197015E+02   3.2442834868621965E-03   0.0000000000000000E+00   0.0000000000000000E+00   0.0000000000000000E+00   0.0000000000000000E+00   0.0000000000000000E+00   0.0000000000000000E+00   0.0000000000000000E+00   0.0000000000000000E+00   0.0000000000000000E+00   0.0000000000000000E+00   0.0000000000000000E+00   0.0000000000000000E+00   0.0000000000000000E+00   0.0000000000000000E+00   0.0000000000000000E+00   0.0000000000000000E+00   0.0000000000000000E+00   0.0000000000000000E+00
  1.0153785706370937E+00   6.6093778271093094E+10   3.0377897745019324E+07   7.7959313356549048E+11   5.8609328139664726E+06   8.4809661698855532E+00   2.6655600723337463E+00   1.8234521084212098E+07   1.3493408295704957E+05   4.4673909565492609E-01   6.9500890572485237E+04   2.4501877757483058E+01   2.8233421175570067E-09   5.4154706448427467E+06   6.0270323544188147E+02   3.2335530870083395E-03   0.0000000000000000E+00   0.0000000000000000E+00   0.0000000000000000E+00   0.0000000000000000E+00   0.0000000000000000E+00   0.0000000000000000E+00   0.0000000000000000E+00   0.0000000000000000E+00   0.0000000000000000E+00   0.0000000000000000E+00   0.0000000000000000E+00   0.0000000000000000E+00   0.0000000000000000E+00   0.0000000000000000E+00   0.0000000000000000E+00   0.0000000000000000E+00   0.0000000000000000E+00   0.0000000000000000E+00
  1.0156723264410457E+00   6.4210073863135529E+10   3.0328747648528241E+07   7.5700007241734937E+11   5.9214467351368126E+06   8.8557895233528097E+00   2.7471341217444496E+00   1.7714032531810053E+07   1.3211119951004168E+05   4.4275902731646005E-01   6.7520265855309888E+04   2.4478175483328009E+01   2.9649303883316068E-09   5.2611942176638534E+06   5.8532862200400530E+02   3.2243394448055263E-03   0.0000000000000000E+00   0.0000000000000000E+00   0.0000000000000000E+00   0.0000000000000000E+00   0.0000000000000000E+00   0.0000000000000000E+00   0.0000000000000000E+00   0.0000000000000000E+00   0.0000000000000000E+00   0.0000000000000000E+00   0.0000000000000000E+00   0.0000000000000000E+00   0.0000000000000000E+00   0.0000000000000000E+00   0.0000000000000000E+00   0.0000000000000000E+00   0.0000000000000000E+00   0.0000000000000000E+00
  1.0159712474450167E+00   6.2373040575712868E+10   3.0278487955855411E+07   7.3496915805912451E+11   5.9824113400098095E+06   9.2480935796202122E+00   2.8314468024378767E+00   1.7206463666044395E+07   1.2933367485811989E+05   4.3886310172684406E-01   6.5588712991825319E+04   2.4453201497038748E+01   3.1141765537567584E-09   5.1107397258479577E+06   5.6864893809214800E+02   3.2167210095210585E-03   0.0000000000000000E+00   0.0000000000000000E+00   0.0000000000000000E+00   0.0000000000000000E+00   0.0000000000000000E+00   0.0000000000000000E+00   0.0000000000000000E+00   0.0000000000000000E+00   0.0000000000000000E+00   0.0000000000000000E+00   0.0000000000000000E+00   0.0000000000000000E+00   0.0000000000000000E+00   0.0000000000000000E+00   0.0000000000000000E+00   0.0000000000000000E+00   0.0000000000000000E+00   0.0000000000000000E+00
  1.0162754244703309E+00   6.0581727072293167E+10   3.0227086094836302E+07   7.1348896493557800E+11   6.0438125265775723E+06   9.6587082130705504E+00   2.9185867915729671E+00   1.6711550449488413E+07   1.2660125371706499E+05   4.3505134221016034E-01   6.3705231699009280E+04   2.4426934033148196E+01   3.2715143571682373E-09   4.9640292601608690E+06   5.5264902307512091E+02   3.2107792690669939E-03   0.0000000000000000E+00   0.0000000000000000E+00   0.0000000000000000E+00   0.0000000000000000E+00   0.0000000000000000E+00   0.0000000000000000E+00   0.0000000000000000E+00   0.0000000000000000E+00   0.0000000000000000E+00   0.0000000000000000E+00   0.0000000000000000E+00   0.0000000000000000E+00   0.0000000000000000E+00   0.0000000000000000E+00   0.0000000000000000E+00   0.0000000000000000E+00   0.0000000000000000E+00   0.0000000000000000E+00
  1.0165849499352533E+00   5.8835199760878929E+10   3.0174509520072713E+07   6.9254826085739001E+11   6.1056353254657155E+06   1.0088502476255607E+01   3.0086450160029123E+00   1.6229033783511003E+07   1.2391367148988493E+05   4.3132374879941110E-01   6.1868840351199950E+04   2.4399351247505511E+01   3.4374025548591419E-09   4.8209863647555402E+06   5.3731374423441946E+02   3.2065988644608234E-03   0.0000000000000000E+00   0.0000000000000000E+00   0.0000000000000000E+00   0.0000000000000000E+00   0.0000000000000000E+00   0.0000000000000000E+00   0.0000000000000000E+00   0.0000000000000000E+00   0.0000000000000000E+00   0.0000000000000000E+00   0.0000000000000000E+00   0.0000000000000000E+00   0.0000000000000000E+00   0.0000000000000000E+00   0.0000000000000000E+00   0.0000000000000000E+00   0.0000000000000000E+00   0.0000000000000000E+00
  1.0168999178830667E+00   5.7132541285958397E+10   3.0120725757755272E+07   6.7213600230682092E+11   6.1678639917728323E+06   1.0538386677356092E+01   3.1017147683155870E+00   1.5758659091655420E+07   1.2127065196105714E+05   4.2768029197218010E-01   6.0078574394491436E+04   2.4370431261507346E+01   3.6123264298015078E-09   4.6815359136670977E+06   5.2262798460302781E+02   3.2042676028633016E-03   0.0000000000000000E+00   0.0000000000000000E+00   0.0000000000000000E+00   0.0000000000000000E+00   0.0000000000000000E+00   0.0000000000000000E+00   0.0000000000000000E+00   0.0000000000000000E+00   0.0000000000000000E+00   0.0000000000000000E+00   0.0000000000000000E+00   0.0000000000000000E+00   0.0000000000000000E+00   0.0000000000000000E+00   0.0000000000000000E+00   0.0000000000000000E+00   0.0000000000000000E+00   0.0000000000000000E+00
  1.0172204240106471E+00   5.5472848136585617E+10   3.0065702384543836E+07   6.5224133019851746E+11   6.2304822001230679E+06   1.1009314784213096E+01   3.1978919494933224E+00   1.5300175659467578E+07   1.1867190298169784E+05   4.2412089848226830E-01   5.8333483831765589E+04   2.4340152154384249E+01   3.7967994765526786E-09   4.5456039149114583E+06   5.0857662626137619E+02   3.2038764277104383E-03   0.0000000000000000E+00   0.0000000000000000E+00   0.0000000000000000E+00   0.0000000000000000E+00   0.0000000000000000E+00   0.0000000000000000E+00   0.0000000000000000E+00   0.0000000000000000E+00   0.0000000000000000E+00   0.0000000000000000E+00   0.0000000000000000E+00   0.0000000000000000E+00   0.0000000000000000E+00   0.0000000000000000E+00   0.0000000000000000E+00   0.0000000000000000E+00   0.0000000000000000E+00   0.0000000000000000E+00
  1.0175465656975389E+00   5.3855231653373558E+10   3.0009407199170556E+07   6.3285356486893799E+11   6.2934729657216519E+06   1.1502286523894115E+01   3.2972750161330833E+00   1.4853336911431892E+07   1.1611711932654388E+05   4.2064546219824900E-01   5.6632634281517814E+04   2.4308492106633118E+01   3.9913650215018922E-09   4.4131175929776598E+06   4.9514455239725220E+02   3.2055194883182040E-03   0.0000000000000000E+00   0.0000000000000000E+00   0.0000000000000000E+00   0.0000000000000000E+00   0.0000000000000000E+00   0.0000000000000000E+00   0.0000000000000000E+00   0.0000000000000000E+00   0.0000000000000000E+00   0.0000000000000000E+00   0.0000000000000000E+00   0.0000000000000000E+00   0.0000000000000000E+00   0.0000000000000000E+00   0.0000000000000000E+00   0.0000000000000000E+00   0.0000000000000000E+00   0.0000000000000000E+00
  1.0178784420355407E+00   5.2278818190084770E+10   2.9951808359268103E+07   6.1396220167701758E+11   6.3568186290819645E+06   1.2018349710454348E+01   3.3999649870538433E+00   1.4417900454775175E+07   1.1360598381763336E+05   4.1725384914467184E-01   5.4975107147786723E+04   2.4275429516463504E+01   4.1965979781120503E-09   4.2840054020760907E+06   4.8231664597891495E+02   3.2092941826084333E-03   0.0000000000000000E+00   0.0000000000000000E+00   0.0000000000000000E+00   0.0000000000000000E+00   0.0000000000000000E+00   0.0000000000000000E+00   0.0000000000000000E+00   0.0000000000000000E+00   0.0000000000000000E+00   0.0000000000000000E+00   0.0000000000000000E+00   0.0000000000000000E+00   0.0000000000000000E+00   0.0000000000000000E+00   0.0000000000000000E+00   0.0000000000000000E+00   0.0000000000000000E+00   0.0000000000000000E+00
  1.0182161538588137E+00   5.0742748112213036E+10   2.9892874447064612E+07   5.9555690702930371E+11   6.4205009509478668E+06   1.2558602931710736E+01   3.5060655774746685E+00   1.3993627802652853E+07   1.1113816596071274E+05   4.1394589342585553E-01   5.3359998567221213E+04   2.4240943060697518E+01   4.4131067937489875E-09   4.1581969441269999E+06   4.7007778265024280E+02   3.2153011530470432E-03   0.0000000000000000E+00   0.0000000000000000E+00   0.0000000000000000E+00   0.0000000000000000E+00   0.0000000000000000E+00   0.0000000000000000E+00   0.0000000000000000E+00   0.0000000000000000E+00   0.0000000000000000E+00   0.0000000000000000E+00   0.0000000000000000E+00   0.0000000000000000E+00   0.0000000000000000E+00   0.0000000000000000E+00   0.0000000000000000E+00   0.0000000000000000E+00   0.0000000000000000E+00   0.0000000000000000E+00
  1.0185598037745174E+00   4.9246176130120529E+10   2.9832574623370171E+07   5.7762751407978882E+11   6.4845010852886532E+06   1.3124198191148654E+01   3.6156831909517595E+00   1.3580284465175185E+07   1.0871332350732513E+05   4.1072140381199512E-01   5.1786419759415781E+04   2.4205011825669757E+01   4.6415354366745681E-09   4.0356229960586671E+06   4.5841283153353334E+02   3.2236443229190746E-03   0.0000000000000000E+00   0.0000000000000000E+00   0.0000000000000000E+00   0.0000000000000000E+00   0.0000000000000000E+00   0.0000000000000000E+00   0.0000000000000000E+00   0.0000000000000000E+00   0.0000000000000000E+00   0.0000000000000000E+00   0.0000000000000000E+00   0.0000000000000000E+00   0.0000000000000000E+00   0.0000000000000000E+00   0.0000000000000000E+00   0.0000000000000000E+00   0.0000000000000000E+00   0.0000000000000000E+00
  1.0189094961939849E+00   4.7788271113244080E+10   2.9770878755017582E+07   5.6016401862656226E+11   6.5487995962051125E+06   1.3716343811075006E+01   3.7289269581249433E+00   1.3177639897326650E+07   1.0633110295762442E+05   4.0758016662183372E-01   5.0253496831547745E+04   2.4167615417823267E+01   4.8825655440072976E-09   3.9162154946013591E+06   4.4730665394183848E+02   3.2344309104487060E-03   0.0000000000000000E+00   0.0000000000000000E+00   0.0000000000000000E+00   0.0000000000000000E+00   0.0000000000000000E+00   0.0000000000000000E+00   0.0000000000000000E+00   0.0000000000000000E+00   0.0000000000000000E+00   0.0000000000000000E+00   0.0000000000000000E+00   0.0000000000000000E+00   0.0000000000000000E+00   0.0000000000000000E+00   0.0000000000000000E+00   0.0000000000000000E+00   0.0000000000000000E+00   0.0000000000000000E+00
  1.0192653373644465E+00   4.6368214042989708E+10   2.9707757397110067E+07   5.4315657707003168E+11   6.6133767048491416E+06   1.4336308005104442E+01   3.8459090688318591E+00   1.2785466934181198E+07   1.0399113564852368E+05   4.0452193116181578E-01   4.8760368625989831E+04   2.4128733956619651E+01   5.1369188920254418E-09   3.7999073686217251E+06   4.3674409434605820E+02   3.2477713673544719E-03   0.0000000000000000E+00   0.0000000000000000E+00   0.0000000000000000E+00   0.0000000000000000E+00   0.0000000000000000E+00   0.0000000000000000E+00   0.0000000000000000E+00   0.0000000000000000E+00   0.0000000000000000E+00   0.0000000000000000E+00   0.0000000000000000E+00   0.0000000000000000E+00   0.0000000000000000E+00   0.0000000000000000E+00   0.0000000000000000E+00   0.0000000000000000E+00   0.0000000000000000E+00   0.0000000000000000E+00
  1.0196274354013106E+00   4.4985200022100746E+10   2.9643182077121094E+07   5.2659550206991382E+11   6.6782120947462656E+06   1.4985421802236980E+01   3.9667445532821577E+00   1.2403542343829304E+07   1.0169304311332016E+05   4.0154643077124769E-01   4.7306188833077875E+04   2.4088348308941860E+01   5.4053596819760975E-09   3.6866327037148303E+06   4.2670999313474772E+02   3.2637794667684655E-03   0.0000000000000000E+00   0.0000000000000000E+00   0.0000000000000000E+00   0.0000000000000000E+00   0.0000000000000000E+00   0.0000000000000000E+00   0.0000000000000000E+00   0.0000000000000000E+00   0.0000000000000000E+00   0.0000000000000000E+00   0.0000000000000000E+00   0.0000000000000000E+00   0.0000000000000000E+00   0.0000000000000000E+00   0.0000000000000000E+00   0.0000000000000000E+00   0.0000000000000000E+00   0.0000000000000000E+00
  1.0199959003210131E+00   4.3638435966949158E+10   2.9577125252735570E+07   5.1047125985394135E+11   6.7432851883551516E+06   1.5665083202383174E+01   4.0915516693200935E+00   1.2031646190603498E+07   9.9436432756674360E+04   3.9865336644584504E-01   4.5890123564696740E+04   2.4046440064805640E+01   5.6886973869911497E-09   3.5763265531931259E+06   4.1718917623838621E+02   3.2825722129886845E-03   0.0000000000000000E+00   0.0000000000000000E+00   0.0000000000000000E+00   0.0000000000000000E+00   0.0000000000000000E+00   0.0000000000000000E+00   0.0000000000000000E+00   0.0000000000000000E+00   0.0000000000000000E+00   0.0000000000000000E+00   0.0000000000000000E+00   0.0000000000000000E+00   0.0000000000000000E+00   0.0000000000000000E+00   0.0000000000000000E+00   0.0000000000000000E+00   0.0000000000000000E+00   0.0000000000000000E+00
  1.0203708440744426E+00   4.2327141213950180E+10   2.9509560487194281E+07   4.9477446697467291E+11   6.8085751184655456E+06   1.6376760977912795E+01   4.2204519053177298E+00   1.1669562001416102E+07   9.7220900031058656E+04   3.9584241539735454E-01   4.4511351991917189E+04   2.4002991684952395E+01   5.9877895353152829E-09   3.4689249877635147E+06   4.0816646229681260E+02   3.3042698646982577E-03   0.0000000000000000E+00   0.0000000000000000E+00   0.0000000000000000E+00   0.0000000000000000E+00   0.0000000000000000E+00   0.0000000000000000E+00   0.0000000000000000E+00   0.0000000000000000E+00   0.0000000000000000E+00   0.0000000000000000E+00   0.0000000000000000E+00   0.0000000000000000E+00   0.0000000000000000E+00   0.0000000000000000E+00   0.0000000000000000E+00   0.0000000000000000E+00   0.0000000000000000E+00   0.0000000000000000E+00
  1.0207523805809555E+00   4.1050548141958290E+10   2.9440462641270168E+07   4.7949588737061688E+11   6.8740606836023647E+06   1.7121998693980078E+01   4.3535699481882881E+00   1.1317076936425140E+07   9.5046030724134354E+04   3.9311324061113445E-01   4.3169066999447037E+04   2.3957986661701934E+01   6.3010034279710172E-09   3.3643651465126658E+06   3.9962667145168007E+02   3.3289959653429054E-03   0.0000000000000000E+00   0.0000000000000000E+00   0.0000000000000000E+00   0.0000000000000000E+00   0.0000000000000000E+00   0.0000000000000000E+00   0.0000000000000000E+00   0.0000000000000000E+00   0.0000000000000000E+00   0.0000000000000000E+00   0.0000000000000000E+00   0.0000000000000000E+00   0.0000000000000000E+00   0.0000000000000000E+00   0.0000000000000000E+00   0.0000000000000000E+00   0.0000000000000000E+00   0.0000000000000000E+00
  1.0211406257629874E+00   3.9807900440436409E+10   2.9369807855113011E+07   4.6462643013542676E+11   6.9397205969961546E+06   1.7902419763716559E+01   4.4910340704458243E+00   1.0973981311043199E+07   9.2911397841412196E+04   3.9046547834306788E-01   4.1862473364706915E+04   2.3911409512808039E+01   6.6268945292766034E-09   3.2625850950603429E+06   3.9155462100670172E+02   3.3568772593844803E-03   0.0000000000000000E+00   0.0000000000000000E+00   0.0000000000000000E+00   0.0000000000000000E+00   0.0000000000000000E+00   0.0000000000000000E+00   0.0000000000000000E+00   0.0000000000000000E+00   0.0000000000000000E+00   0.0000000000000000E+00   0.0000000000000000E+00   0.0000000000000000E+00   0.0000000000000000E+00   0.0000000000000000E+00   0.0000000000000000E+00   0.0000000000000000E+00   0.0000000000000000E+00   0.0000000000000000E+00
  1.0215356975812748E+00   3.8598454010884727E+10   2.9297573757646967E+07   4.5015714674483575E+11   7.0055334178559948E+06   1.8719732113049055E+01   4.6329760814119645E+00   1.0640068843468286E+07   9.0816564549723393E+04   3.8789875017177972E-01   4.0590788705671301E+04   2.3863245956024898E+01   6.9706611083925798E-09   3.1635238993979585E+06   3.8393513757843471E+02   3.3880437299122620E-03   0.0000000000000000E+00   0.0000000000000000E+00   0.0000000000000000E+00   0.0000000000000000E+00   0.0000000000000000E+00   0.0000000000000000E+00   0.0000000000000000E+00   0.0000000000000000E+00   0.0000000000000000E+00   0.0000000000000000E+00   0.0000000000000000E+00   0.0000000000000000E+00   0.0000000000000000E+00   0.0000000000000000E+00   0.0000000000000000E+00   0.0000000000000000E+00   0.0000000000000000E+00   0.0000000000000000E+00
  1.0219377160706946E+00   3.7421476363926193E+10   2.9223739540534277E+07   4.3607922904290845E+11   7.0714776748191640E+06   1.9575733691884516E+01   4.7795315554641133E+00   1.0315136487765254E+07   8.8761083626944004E+04   3.8541266076077435E-01   3.9353242846956331E+04   2.3813482975390233E+01   7.3333226388278320E-09   3.0671215765068280E+06   3.7675306160377988E+02   3.4226285667462893E-03   0.0000000000000000E+00   0.0000000000000000E+00   0.0000000000000000E+00   0.0000000000000000E+00   0.0000000000000000E+00   0.0000000000000000E+00   0.0000000000000000E+00   0.0000000000000000E+00   0.0000000000000000E+00   0.0000000000000000E+00   0.0000000000000000E+00   0.0000000000000000E+00   0.0000000000000000E+00   0.0000000000000000E+00   0.0000000000000000E+00   0.0000000000000000E+00   0.0000000000000000E+00   0.0000000000000000E+00
  1.0223468033767336E+00   3.6276247085733467E+10   2.9148286135810461E+07   4.2238400672266510E+11   7.1375318388713812E+06   2.0472318025210420E+01   4.9308398445265835E+00   9.9989845614461452E+06   8.6744499505338419E+04   3.8300680672846027E-01   3.8149078310270452E+04   2.3762108970800373E+01   7.7159595105160031E-09   2.9733191325653782E+06   3.6999325884089342E+02   3.4607681907968791E-03   0.0000000000000000E+00   0.0000000000000000E+00   0.0000000000000000E+00   0.0000000000000000E+00   0.0000000000000000E+00   0.0000000000000000E+00   0.0000000000000000E+00   0.0000000000000000E+00   0.0000000000000000E+00   0.0000000000000000E+00   0.0000000000000000E+00   0.0000000000000000E+00   0.0000000000000000E+00   0.0000000000000000E+00   0.0000000000000000E+00   0.0000000000000000E+00   0.0000000000000000E+00   0.0000000000000000E+00
  1.0227630837926021E+00   3.5162056428781197E+10   2.9071196191117615E+07   4.0906294634957129E+11   7.2036745868862979E+06   2.1411481002148061E+01   5.0870445462844005E+00   9.6914163565603700E+06   8.4766345681368723E+04   3.8068076516646199E-01   3.6977548832673448E+04   2.3709113743669764E+01   8.1197172742585365E-09   2.8820584475168134E+06   3.6364062223381814E+02   3.5026021801557380E-03   0.0000000000000000E+00   0.0000000000000000E+00   0.0000000000000000E+00   0.0000000000000000E+00   0.0000000000000000E+00   0.0000000000000000E+00   0.0000000000000000E+00   0.0000000000000000E+00   0.0000000000000000E+00   0.0000000000000000E+00   0.0000000000000000E+00   0.0000000000000000E+00   0.0000000000000000E+00   0.0000000000000000E+00   0.0000000000000000E+00   0.0000000000000000E+00   0.0000000000000000E+00   0.0000000000000000E+00
  1.0231866837969956E+00   3.4078205826855633E+10   2.8992454236276910E+07   3.9610764891560992E+11   7.2698847790246569E+06   2.2395327448930583E+01   5.2482935584857051E+00   9.3922382806465011E+06   8.2826146881398701E+04   3.7843410276060552E-01   3.5837919908107673E+04   2.3654488637360597E+01   8.5458109024396039E-09   2.7932823172532548E+06   3.5768008493868246E+02   3.5482732974926093E-03   0.0000000000000000E+00   0.0000000000000000E+00   0.0000000000000000E+00   0.0000000000000000E+00   0.0000000000000000E+00   0.0000000000000000E+00   0.0000000000000000E+00   0.0000000000000000E+00   0.0000000000000000E+00   0.0000000000000000E+00   0.0000000000000000E+00   0.0000000000000000E+00   0.0000000000000000E+00   0.0000000000000000E+00   0.0000000000000000E+00   0.0000000000000000E+00   0.0000000000000000E+00   0.0000000000000000E+00
  1.0236177320925250E+00   3.3024007911052814E+10   2.8912046802326951E+07   3.8350984740177887E+11   7.3361414910436505E+06   2.3426078392942930E+01   5.4147392227294260E+00   9.1012598601390645E+06   8.0923420132699524E+04   3.7626638063688223E-01   3.4729468804237469E+04   2.3598226640150290E+01   8.9955294521478502E-09   2.7069344549248838E+06   3.5209663092580900E+02   3.5979274987695733E-03   0.0000000000000000E+00   0.0000000000000000E+00   0.0000000000000000E+00   0.0000000000000000E+00   0.0000000000000000E+00   0.0000000000000000E+00   0.0000000000000000E+00   0.0000000000000000E+00   0.0000000000000000E+00   0.0000000000000000E+00   0.0000000000000000E+00   0.0000000000000000E+00   0.0000000000000000E+00   0.0000000000000000E+00   0.0000000000000000E+00   0.0000000000000000E+00   0.0000000000000000E+00   0.0000000000000000E+00
  1.0240563596448189E+00   3.1998786692510002E+10   2.8829962555707432E+07   3.7126140597327142E+11   7.4024240495937765E+06   2.4506078838297750E+01   5.5865384657750194E+00   8.8182937899599336E+06   7.9057675972443132E+04   3.7417715966152554E-01   3.3651484754621648E+04   2.3540322496651328E+01   9.4702410463138182E-09   2.6229595059037884E+06   3.4687530963582321E+02   3.6517139715318298E-03   0.0000000000000000E+00   0.0000000000000000E+00   0.0000000000000000E+00   0.0000000000000000E+00   0.0000000000000000E+00   0.0000000000000000E+00   0.0000000000000000E+00   0.0000000000000000E+00   0.0000000000000000E+00   0.0000000000000000E+00   0.0000000000000000E+00   0.0000000000000000E+00   0.0000000000000000E+00   0.0000000000000000E+00   0.0000000000000000E+00   0.0000000000000000E+00   0.0000000000000000E+00   0.0000000000000000E+00
  1.0245026997223152E+00   3.1001875861169224E+10   2.8746192188047577E+07   3.5935431887808789E+11   7.4687123719979506E+06   2.5637807246256003E+01   5.7638535017546948E+00   8.5431554641771335E+06   7.7228415149767825E+04   3.7216598474260931E-01   3.2603267169921546E+04   2.3480772624648822E+01   9.9713987375712946E-09   2.5413029084291169E+06   3.4200123723117770E+02   3.7097850444112674E-03   0.0000000000000000E+00   0.0000000000000000E+00   0.0000000000000000E+00   0.0000000000000000E+00   0.0000000000000000E+00   0.0000000000000000E+00   0.0000000000000000E+00   0.0000000000000000E+00   0.0000000000000000E+00   0.0000000000000000E+00   0.0000000000000000E+00   0.0000000000000000E+00   0.0000000000000000E+00   0.0000000000000000E+00   0.0000000000000000E+00   0.0000000000000000E+00   0.0000000000000000E+00   0.0000000000000000E+00
  1.0249568879367523E+00   3.0032620900037430E+10   2.8660728775762144E+07   3.4778070857972375E+11   7.5349866678648600E+06   2.6823883628379548E+01   5.9468514438047162E+00   8.2756635573502984E+06   7.5435134728091012E+04   3.7023241301349197E-01   3.1584127861013440E+04   2.3419575408207240E+01   1.0500545894452649E-08   2.4619110667831069E+06   3.3745962428360207E+02   3.7722963706865124E-03   0.0000000000000000E+00   0.0000000000000000E+00   0.0000000000000000E+00   0.0000000000000000E+00   0.0000000000000000E+00   0.0000000000000000E+00   0.0000000000000000E+00   0.0000000000000000E+00   0.0000000000000000E+00   0.0000000000000000E+00   0.0000000000000000E+00   0.0000000000000000E+00   0.0000000000000000E+00   0.0000000000000000E+00   0.0000000000000000E+00   0.0000000000000000E+00   0.0000000000000000E+00   0.0000000000000000E+00
  1.0254190622843729E+00   2.9090377083215282E+10   2.8573567612002742E+07   3.3653282502392657E+11   7.6012278388929376E+06   2.8067080707683694E+01   6.1357051581069273E+00   8.0156394724137839E+06   7.3677324002127381E+04   3.6837599429319962E-01   3.0593388933982937E+04   2.3356731066996399E+01   1.1059323098730606E-08   2.3847311873000469E+06   3.3323577612077293E+02   3.8394068374643570E-03   0.0000000000000000E+00   0.0000000000000000E+00   0.0000000000000000E+00   0.0000000000000000E+00   0.0000000000000000E+00   0.0000000000000000E+00   0.0000000000000000E+00   0.0000000000000000E+00   0.0000000000000000E+00   0.0000000000000000E+00   0.0000000000000000E+00   0.0000000000000000E+00   0.0000000000000000E+00   0.0000000000000000E+00   0.0000000000000000E+00   0.0000000000000000E+00   0.0000000000000000E+00   0.0000000000000000E+00
  1.0258893631878496E+00   2.8174510790194988E+10   2.8484706462862227E+07   3.2560304419729193E+11   7.6674173005593941E+06   2.9370333925056318E+01   6.3305931064833993E+00   7.7629077017001165E+06   7.1954468660458966E+04   3.6659629078829659E-01   2.9630384172093851E+04   2.3292241865739751E+01   1.1649474695062721E-08   2.3097113860149612E+06   3.2931511639902953E+02   3.9112787300789771E-03   0.0000000000000000E+00   0.0000000000000000E+00   0.0000000000000000E+00   0.0000000000000000E+00   0.0000000000000000E+00   0.0000000000000000E+00   0.0000000000000000E+00   0.0000000000000000E+00   0.0000000000000000E+00   0.0000000000000000E+00   0.0000000000000000E+00   0.0000000000000000E+00   0.0000000000000000E+00   0.0000000000000000E+00   0.0000000000000000E+00   0.0000000000000000E+00   0.0000000000000000E+00   0.0000000000000000E+00
  1.0263679335389522E+00   2.7284398078119701E+10   2.8394145437218606E+07   3.1498386740351392E+11   7.7335373038093485E+06   3.0736754123483074E+01   6.5317001387149451E+00   7.5172954330103584E+06   7.0266048049995836E+04   3.6489286329400633E-01   2.8694457534571211E+04   2.3226112012731942E+01   1.2272856738820909E-08   2.2368005717053055E+06   3.2568319159504171E+02   3.9880777001539769E-03   0.0000000000000000E+00   0.0000000000000000E+00   0.0000000000000000E+00   0.0000000000000000E+00   0.0000000000000000E+00   0.0000000000000000E+00   0.0000000000000000E+00   0.0000000000000000E+00   0.0000000000000000E+00   0.0000000000000000E+00   0.0000000000000000E+00   0.0000000000000000E+00   0.0000000000000000E+00   0.0000000000000000E+00   0.0000000000000000E+00   0.0000000000000000E+00   0.0000000000000000E+00   0.0000000000000000E+00
  1.0268549187419593E+00   2.6419426085098351E+10   2.8301887256419480E+07   3.0466791997124023E+11   7.7995707153812330E+06   3.2169639140197880E+01   6.7392172768425604E+00   7.2786329350885870E+06   6.8611539620090087E+04   3.6326529315558881E-01   2.7784964632160601E+04   2.3158347879484072E+01   1.2931444651114315E-08   2.1659485608302001E+06   3.2232569632678934E+02   4.0699729867753314E-03   0.0000000000000000E+00   0.0000000000000000E+00   0.0000000000000000E+00   0.0000000000000000E+00   0.0000000000000000E+00   0.0000000000000000E+00   0.0000000000000000E+00   0.0000000000000000E+00   0.0000000000000000E+00   0.0000000000000000E+00   0.0000000000000000E+00   0.0000000000000000E+00   0.0000000000000000E+00   0.0000000000000000E+00   0.0000000000000000E+00   0.0000000000000000E+00   0.0000000000000000E+00   0.0000000000000000E+00
  1.0273504667578401E+00   2.5578992052482944E+10   2.8207937169010095E+07   2.9464795066392853E+11   7.8655012539060414E+06   3.3672488109151722E+01   6.9533423947686428E+00   7.0467532876160536E+06   6.6990417291404723E+04   3.6171317405428172E-01   2.6901271699095665E+04   2.3088957934145508E+01   1.3627342349170976E-08   2.0971059974319227E+06   3.1922848170224700E+02   4.1571374632683403E-03   0.0000000000000000E+00   0.0000000000000000E+00   0.0000000000000000E+00   0.0000000000000000E+00   0.0000000000000000E+00   0.0000000000000000E+00   0.0000000000000000E+00   0.0000000000000000E+00   0.0000000000000000E+00   0.0000000000000000E+00   0.0000000000000000E+00   0.0000000000000000E+00   0.0000000000000000E+00   0.0000000000000000E+00   0.0000000000000000E+00   0.0000000000000000E+00   0.0000000000000000E+00   0.0000000000000000E+00
  1.0278547281492065E+00   2.4762503129719067E+10   2.8112302959266484E+07   2.8491683070874097E+11   7.9313135773939472E+06   3.5249016352478748E+01   7.1742806630732296E+00   6.8214923266346967E+06   6.5402151821301537E+04   3.6023611355323215E-01   2.6042755387905483E+04   2.3017952750304769E+01   1.4362791929424913E-08   2.0302243371391629E+06   3.1637756876342559E+02   4.2497477631624194E-03   0.0000000000000000E+00   0.0000000000000000E+00   0.0000000000000000E+00   0.0000000000000000E+00   0.0000000000000000E+00   0.0000000000000000E+00   0.0000000000000000E+00   0.0000000000000000E+00   0.0000000000000000E+00   0.0000000000000000E+00   0.0000000000000000E+00   0.0000000000000000E+00   0.0000000000000000E+00   0.0000000000000000E+00   0.0000000000000000E+00   0.0000000000000000E+00   0.0000000000000000E+00   0.0000000000000000E+00
  1.0283678561260603E+00   2.3969376750920025E+10   2.8014995038902771E+07   2.7546755340801825E+11   7.9969932622200204E+06   3.6903170871047955E+01   7.4022447826309463E+00   6.6026887474601902E+06   6.3846212529507531E+04   3.5883374177527100E-01   2.5208803165387653E+04   2.2945345080848686E+01   1.5140183914461806E-08   1.9652558779998650E+06   3.1375916728440984E+02   4.3479844933379547E-03   0.0000000000000000E+00   0.0000000000000000E+00   0.0000000000000000E+00   0.0000000000000000E+00   0.0000000000000000E+00   0.0000000000000000E+00   0.0000000000000000E+00   0.0000000000000000E+00   0.0000000000000000E+00   0.0000000000000000E+00   0.0000000000000000E+00   0.0000000000000000E+00   0.0000000000000000E+00   0.0000000000000000E+00   0.0000000000000000E+00   0.0000000000000000E+00   0.0000000000000000E+00   0.0000000000000000E+00
  1.0288900065923423E+00   2.3199039972096928E+10   2.7916026364617605E+07   2.6629323180036389E+11   8.0625269295857176E+06   3.8639147932394970E+01   7.6374555999626281E+00   6.3901839210941195E+06   6.2322066744149066E+04   3.5750570913001128E-01   2.4398812615714807E+04   2.2871149796166371E+01   1.5962068890594839E-08   1.9021537061806782E+06   3.1135968363303931E+02   4.4520323652762692E-03   0.0000000000000000E+00   0.0000000000000000E+00   0.0000000000000000E+00   0.0000000000000000E+00   0.0000000000000000E+00   0.0000000000000000E+00   0.0000000000000000E+00   0.0000000000000000E+00   0.0000000000000000E+00   0.0000000000000000E+00   0.0000000000000000E+00   0.0000000000000000E+00   0.0000000000000000E+00   0.0000000000000000E+00   0.0000000000000000E+00   0.0000000000000000E+00   0.0000000000000000E+00   0.0000000000000000E+00
  1.0294213381933011E+00   2.2450930512194469E+10   2.7815412624880042E+07   2.5738710005307721E+11   8.1279021121350853E+06   4.0461410259457580E+01   7.8801421036354116E+00   6.1838221803527949E+06   6.0829182926859336E+04   3.5625170254925953E-01   2.3612192535073049E+04   2.2795384029554459E+01   1.6831169243357044E-08   1.8408717812246645E+06   3.0916574722095913E+02   4.5620805554903669E-03   0.0000000000000000E+00   0.0000000000000000E+00   0.0000000000000000E+00   0.0000000000000000E+00   0.0000000000000000E+00   0.0000000000000000E+00   0.0000000000000000E+00   0.0000000000000000E+00   0.0000000000000000E+00   0.0000000000000000E+00   0.0000000000000000E+00   0.0000000000000000E+00   0.0000000000000000E+00   0.0000000000000000E+00   0.0000000000000000E+00   0.0000000000000000E+00   0.0000000000000000E+00   0.0000000000000000E+00
  1.0299620123636948E+00   2.1724495662483074E+10   2.7713172048276715E+07   2.4874251227595044E+11   8.1931075089918999E+06   4.2374707700057975E+01   8.1305423708016313E+00   5.9834505187718505E+06   5.9367028741742266E+04   3.5507143534897345E-01   2.2848361784911391E+04   2.2718067023711043E+01   1.7750393087147679E-08   1.7813648467014004E+06   3.0716421556417203E+02   4.6783228571098288E-03   0.0000000000000000E+00   0.0000000000000000E+00   0.0000000000000000E+00   0.0000000000000000E+00   0.0000000000000000E+00   0.0000000000000000E+00   0.0000000000000000E+00   0.0000000000000000E+00   0.0000000000000000E+00   0.0000000000000000E+00   0.0000000000000000E+00   0.0000000000000000E+00   0.0000000000000000E+00   0.0000000000000000E+00   0.0000000000000000E+00   0.0000000000000000E+00   0.0000000000000000E+00   0.0000000000000000E+00
  1.0305121933768382E+00   2.1019192909368511E+10   2.7609325512459856E+07   2.4035294154026443E+11   8.2581328447518004E+06   4.4384097338446203E+01   8.3889036453761339E+00   5.7889187611328820E+06   5.7935073577170740E+04   3.5396466195669085E-01   2.2106749946809829E+04   2.2639220218353199E+01   1.8722848428508482E-08   1.7235884812090995E+06   3.0534219408264568E+02   4.8009580691859835E-03   0.0000000000000000E+00   0.0000000000000000E+00   0.0000000000000000E+00   0.0000000000000000E+00   0.0000000000000000E+00   0.0000000000000000E+00   0.0000000000000000E+00   0.0000000000000000E+00   0.0000000000000000E+00   0.0000000000000000E+00   0.0000000000000000E+00   0.0000000000000000E+00   0.0000000000000000E+00   0.0000000000000000E+00   0.0000000000000000E+00   0.0000000000000000E+00   0.0000000000000000E+00   0.0000000000000000E+00
  1.0310720483945157E+00   2.0334489732314346E+10   2.7503896489866193E+07   2.3221197925700119E+11   8.3229689195284238E+06   4.6494965910110587E+01   8.6554828655647675E+00   5.6000795070311977E+06   5.6532788824421878E+04   3.5293118040382426E-01   2.1386797109996307E+04   2.2558867205095545E+01   1.9751859043593320E-08   1.6674990818053510E+06   3.0368704892923773E+02   4.9301903367775174E-03   0.0000000000000000E+00   0.0000000000000000E+00   0.0000000000000000E+00   0.0000000000000000E+00   0.0000000000000000E+00   0.0000000000000000E+00   0.0000000000000000E+00   0.0000000000000000E+00   0.0000000000000000E+00   0.0000000000000000E+00   0.0000000000000000E+00   0.0000000000000000E+00   0.0000000000000000E+00   0.0000000000000000E+00   0.0000000000000000E+00   0.0000000000000000E+00   0.0000000000000000E+00   0.0000000000000000E+00
  1.0316417475177699E+00   1.9669862652447586E+10   2.7396910801372215E+07   2.2431333471702231E+11   8.3876078743895032E+06   4.8713055012631955E+01   8.9305477945060172E+00   5.4167878683594307E+06   5.5159646026864277E+04   3.5197082155974463E-01   2.0687952870958194E+04   2.2477033526059849E+01   2.0840982456201697E-08   1.6130537860560624E+06   3.0218641167261268E+02   5.0662294080484555E-03   0.0000000000000000E+00   0.0000000000000000E+00   0.0000000000000000E+00   0.0000000000000000E+00   0.0000000000000000E+00   0.0000000000000000E+00   0.0000000000000000E+00   0.0000000000000000E+00   0.0000000000000000E+00   0.0000000000000000E+00   0.0000000000000000E+00   0.0000000000000000E+00   0.0000000000000000E+00   0.0000000000000000E+00   0.0000000000000000E+00   0.0000000000000000E+00   0.0000000000000000E+00   0.0000000000000000E+00
  1.0322214638385825E+00   1.9024798190216862E+10   2.7288396764015201E+07   2.1665083418273178E+11   8.4520429311068617E+06   5.1044484973184332E+01   9.2143768877180214E+00   5.2389017319849124E+06   5.3815120282831282E+04   3.5108347022329944E-01   2.0009677340396360E+04   2.2393746791319366E+01   2.1994028029355820E-08   1.5602105504649100E+06   3.0082820127216257E+02   5.2092912135964092E-03   0.0000000000000000E+00   0.0000000000000000E+00   0.0000000000000000E+00   0.0000000000000000E+00   0.0000000000000000E+00   0.0000000000000000E+00   0.0000000000000000E+00   0.0000000000000000E+00   0.0000000000000000E+00   0.0000000000000000E+00   0.0000000000000000E+00   0.0000000000000000E+00   0.0000000000000000E+00   0.0000000000000000E+00   0.0000000000000000E+00   0.0000000000000000E+00   0.0000000000000000E+00   0.0000000000000000E+00
  1.0328113734924655E+00   1.8398793139770767E+10   2.7178385209662151E+07   2.0921842012982202E+11   8.5162682738196645E+06   5.3495780811496296E+01   9.5072594732825575E+00   5.0662818343940303E+06   5.2498691829655494E+04   3.5026907684021169E-01   1.9351441431726369E+04   2.2309036691738932E+01   2.3215077005373955E-08   1.5089281729324907E+06   2.9960064032753178E+02   5.3595984358444666E-03   0.0000000000000000E+00   0.0000000000000000E+00   0.0000000000000000E+00   0.0000000000000000E+00   0.0000000000000000E+00   0.0000000000000000E+00   0.0000000000000000E+00   0.0000000000000000E+00   0.0000000000000000E+00   0.0000000000000000E+00   0.0000000000000000E+00   0.0000000000000000E+00   0.0000000000000000E+00   0.0000000000000000E+00   0.0000000000000000E+00   0.0000000000000000E+00   0.0000000000000000E+00   0.0000000000000000E+00
  1.0334116557119772E+00   1.7791353399866474E+10   2.7066909137162838E+07   2.0201015086629315E+11   8.5802793639398869E+06   5.6073902451176785E+01   9.8094971285823647E+00   4.8987914393635942E+06   5.1209843499572184E+04   3.4952764291831717E-01   1.8712725631770074E+04   2.2222934713711126E+01   2.4508505807803436E-08   1.4591661969694505E+06   2.9849225581920467E+02   5.5173808790178660E-03   0.0000000000000000E+00   0.0000000000000000E+00   0.0000000000000000E+00   0.0000000000000000E+00   0.0000000000000000E+00   0.0000000000000000E+00   0.0000000000000000E+00   0.0000000000000000E+00   0.0000000000000000E+00   0.0000000000000000E+00   0.0000000000000000E+00   0.0000000000000000E+00   0.0000000000000000E+00   0.0000000000000000E+00   0.0000000000000000E+00   0.0000000000000000E+00   0.0000000000000000E+00   0.0000000000000000E+00
  1.0340224928811779E+00   1.7201994691738346E+10   2.6954003792447820E+07   1.9502019958682285E+11   8.6440726858413611E+06   5.8786273078649046E+01   1.0121403588932711E+01   4.7362965346374512E+06   4.9948063490027787E+04   3.4885924044490546E-01   1.8093020755569378E+04   2.2135474200964307E+01   2.5879009619512853E-08   1.4108849704830374E+06   2.9749189797460411E+02   5.6828762142117420E-03   0.0000000000000000E+00   0.0000000000000000E+00   0.0000000000000000E+00   0.0000000000000000E+00   0.0000000000000000E+00   0.0000000000000000E+00   0.0000000000000000E+00   0.0000000000000000E+00   0.0000000000000000E+00   0.0000000000000000E+00   0.0000000000000000E+00   0.0000000000000000E+00   0.0000000000000000E+00   0.0000000000000000E+00   0.0000000000000000E+00   0.0000000000000000E+00   0.0000000000000000E+00   0.0000000000000000E+00
  1.0346440705910427E+00   1.6630241802977369E+10   2.6839706370031141E+07   1.8824285378244302E+11   8.7076459386387933E+06   6.1640811883428682E+01   1.0443305904296963E+01   4.5786656232432239E+06   4.8712843912887583E+04   3.4826400422081694E-01   1.7491827151310717E+04   2.2046690108490949E+01   2.7331629688338331E-08   1.3640455838179861E+06   2.9658874310160564E+02   5.8563305210352695E-03   0.0000000000000000E+00   0.0000000000000000E+00   0.0000000000000000E+00   0.0000000000000000E+00   0.0000000000000000E+00   0.0000000000000000E+00   0.0000000000000000E+00   0.0000000000000000E+00   0.0000000000000000E+00   0.0000000000000000E+00   0.0000000000000000E+00   0.0000000000000000E+00   0.0000000000000000E+00   0.0000000000000000E+00   0.0000000000000000E+00   0.0000000000000000E+00   0.0000000000000000E+00   0.0000000000000000E+00
  1.0352765776958524E+00   1.6075629373105989E+10   2.6724056100488286E+07   1.8167251441675320E+11   8.7709977263730988E+06   6.4645964861316898E+01   1.0775544187657301E+01   4.4257699388134982E+06   4.7503683731627621E+04   3.4774215393327884E-01   1.6908655526327690E+04   2.1956619069344406E+01   2.8871781232515118E-08   1.3186099340888071E+06   2.9577231280662647E+02   6.0379992064843388E-03   0.0000000000000000E+00   0.0000000000000000E+00   0.0000000000000000E+00   0.0000000000000000E+00   0.0000000000000000E+00   0.0000000000000000E+00   0.0000000000000000E+00   0.0000000000000000E+00   0.0000000000000000E+00   0.0000000000000000E+00   0.0000000000000000E+00   0.0000000000000000E+00   0.0000000000000000E+00   0.0000000000000000E+00   0.0000000000000000E+00   0.0000000000000000E+00   0.0000000000000000E+00   0.0000000000000000E+00
  1.0359202063705704E+00   1.5537701262328171E+10   2.6607093966425363E+07   1.7530369444938562E+11   8.8341276443388984E+06   6.7810739961249581E+01   1.1118472538802227E+01   4.2774832710956959E+06   4.6320087809777782E+04   3.4729399151675910E-01   1.6343026283318235E+04   2.1865299161680813E+01   3.0483752074359676E-08   1.2745406734503019E+06   2.9503247620545176E+02   6.2281477293086368E-03   0.0000000000000000E+00   0.0000000000000000E+00   0.0000000000000000E+00   0.0000000000000000E+00   0.0000000000000000E+00   0.0000000000000000E+00   0.0000000000000000E+00   0.0000000000000000E+00   0.0000000000000000E+00   0.0000000000000000E+00   0.0000000000000000E+00   0.0000000000000000E+00   0.0000000000000000E+00   0.0000000000000000E+00   0.0000000000000000E+00   0.0000000000000000E+00   0.0000000000000000E+00   0.0000000000000000E+00
  1.0365751521692328E+00   1.5016010489248999E+10   2.6488862518777743E+07   1.6913101917706299E+11   8.8970362888183258E+06   7.1144742593767248E+01   1.1472459722422373E+01   4.1336819484014492E+06   4.5161567109127987E+04   3.4691990447816073E-01   1.5794469454825627E+04   2.1772769751783176E+01   3.2190117886958229E-08   1.2318012039720891E+06   2.9435945900228074E+02   6.4270524845317697E-03   0.0000000000000000E+00   0.0000000000000000E+00   0.0000000000000000E+00   0.0000000000000000E+00   0.0000000000000000E+00   0.0000000000000000E+00   0.0000000000000000E+00   0.0000000000000000E+00   0.0000000000000000E+00   0.0000000000000000E+00   0.0000000000000000E+00   0.0000000000000000E+00   0.0000000000000000E+00   0.0000000000000000E+00   0.0000000000000000E+00   0.0000000000000000E+00   0.0000000000000000E+00   0.0000000000000000E+00
  1.0372416140843632E+00   1.4510119824371237E+10   2.6369405912187852E+07   1.6314922480186493E+11   8.9597249147555325E+06   7.4658209913994142E+01   1.1837888783885766E+01   3.9942449999783174E+06   4.4027641202217834E+04   3.4662038849695592E-01   1.5262525327270208E+04   2.1679071519268611E+01   3.3999911770162029E-08   1.1903557262376167E+06   2.9374385932519283E+02   6.6350019849650164E-03   0.0000000000000000E+00   0.0000000000000000E+00   0.0000000000000000E+00   0.0000000000000000E+00   0.0000000000000000E+00   0.0000000000000000E+00   0.0000000000000000E+00   0.0000000000000000E+00   0.0000000000000000E+00   0.0000000000000000E+00   0.0000000000000000E+00   0.0000000000000000E+00   0.0000000000000000E+00   0.0000000000000000E+00   0.0000000000000000E+00   0.0000000000000000E+00   0.0000000000000000E+00   0.0000000000000000E+00
  1.0379197946074332E+00   1.4019600730160091E+10   2.6248769415851120E+07   1.5735315770306680E+11   9.0221957220307160E+06   7.8362051069810107E+01   1.2215158656423979E+01   3.8590538639538181E+06   4.2917835740253002E+04   3.4639603309192951E-01   1.4746743326388470E+04   2.1584246054046766E+01   3.5920125062008817E-08   1.1501691524927982E+06   2.9317664218125890E+02   6.8522976969080550E-03   0.0000000000000000E+00   0.0000000000000000E+00   0.0000000000000000E+00   0.0000000000000000E+00   0.0000000000000000E+00   0.0000000000000000E+00   0.0000000000000000E+00   0.0000000000000000E+00   0.0000000000000000E+00   0.0000000000000000E+00   0.0000000000000000E+00   0.0000000000000000E+00   0.0000000000000000E+00   0.0000000000000000E+00   0.0000000000000000E+00   0.0000000000000000E+00   0.0000000000000000E+00   0.0000000000000000E+00
  1.0386098997903854E+00   1.3544033710755753E+10   2.6126999331507590E+07   1.5173777336622705E+11   9.0844516184566692E+06   8.2267884232292261E+01   1.2604684125761603E+01   3.7279924828422805E+06   4.1831684073843855E+04   3.4624753798632335E-01   1.4246682384915457E+04   2.1488335784344720E+01   3.7958287881041244E-08   1.1112071352724039E+06   2.9264915050273618E+02   7.0792553297680779E-03   0.0000000000000000E+00   0.0000000000000000E+00   0.0000000000000000E+00   0.0000000000000000E+00   0.0000000000000000E+00   0.0000000000000000E+00   0.0000000000000000E+00   0.0000000000000000E+00   0.0000000000000000E+00   0.0000000000000000E+00   0.0000000000000000E+00   0.0000000000000000E+00   0.0000000000000000E+00   0.0000000000000000E+00   0.0000000000000000E+00   0.0000000000000000E+00   0.0000000000000000E+00   0.0000000000000000E+00
  1.0393121393082374E+00   1.3083008843078236E+10   2.6004142997594941E+07   1.4629813529474606E+11   9.1464958641221710E+06   8.6388072746308907E+01   1.3006895264186976E+01   3.6009474488816909E+06   4.0768729460514325E+04   3.4617573623082587E-01   1.3761911501017095E+04   2.1391383974899078E+01   4.0122513943840907E-08   1.0734361108875163E+06   2.9215311964817084E+02   7.3162063567396600E-03   0.0000000000000000E+00   0.0000000000000000E+00   0.0000000000000000E+00   0.0000000000000000E+00   0.0000000000000000E+00   0.0000000000000000E+00   0.0000000000000000E+00   0.0000000000000000E+00   0.0000000000000000E+00   0.0000000000000000E+00   0.0000000000000000E+00   0.0000000000000000E+00   0.0000000000000000E+00   0.0000000000000000E+00   0.0000000000000000E+00   0.0000000000000000E+00   0.0000000000000000E+00   0.0000000000000000E+00
  1.0400267265227883E+00   1.2636124148204309E+10   2.5880248018644843E+07   1.4102941440291034E+11   9.2083326308139507E+06   9.0735770224492867E+01   1.3422240088549904E+01   3.4778075558749987E+06   3.9728520572906556E+04   3.4618156381085774E-01   1.3292008025717263E+04   2.1293434093042329E+01   4.2421554584964564E-08   1.0368231659832768E+06   2.9168065974310571E+02   7.5634989085860182E-03   0.0000000000000000E+00   0.0000000000000000E+00   0.0000000000000000E+00   0.0000000000000000E+00   0.0000000000000000E+00   0.0000000000000000E+00   0.0000000000000000E+00   0.0000000000000000E+00   0.0000000000000000E+00   0.0000000000000000E+00   0.0000000000000000E+00   0.0000000000000000E+00   0.0000000000000000E+00   0.0000000000000000E+00   0.0000000000000000E+00   0.0000000000000000E+00   0.0000000000000000E+00   0.0000000000000000E+00
  1.0407538785474446E+00   1.2202987275654825E+10   2.5755362653785747E+07   1.3592688757875664E+11   9.2699661450090706E+06   9.5324952421048479E+01   1.3851182161679860E+01   3.3584642615026897E+06   3.8710617193499304E+04   3.4626611205803215E-01   1.2836559433917422E+04   2.1194530119902563E+01   4.4864849734429022E-08   1.0013361754972064E+06   2.9122428524503681E+02   7.8214999293335259E-03   0.0000000000000000E+00   0.0000000000000000E+00   0.0000000000000000E+00   0.0000000000000000E+00   0.0000000000000000E+00   0.0000000000000000E+00   0.0000000000000000E+00   0.0000000000000000E+00   0.0000000000000000E+00   0.0000000000000000E+00   0.0000000000000000E+00   0.0000000000000000E+00   0.0000000000000000E+00   0.0000000000000000E+00   0.0000000000000000E+00   0.0000000000000000E+00   0.0000000000000000E+00   0.0000000000000000E+00
  1.0414938163131853E+00   1.1783214533580950E+10   2.5629535269389819E+07   1.3098593692232726E+11   9.3314009527061395E+06   1.0017045915604572E+02   1.4294202087644011E+01   3.2428114202841129E+06   3.7714587684954065E+04   3.4643061460370106E-01   1.2395162304575457E+04   2.1094716098057187E+01   4.7462589875274155E-08   9.6694372318810213E+05   2.9077690601080320E+02   8.0905965792219727E-03   0.0000000000000000E+00   0.0000000000000000E+00   0.0000000000000000E+00   0.0000000000000000E+00   0.0000000000000000E+00   0.0000000000000000E+00   0.0000000000000000E+00   0.0000000000000000E+00   0.0000000000000000E+00   0.0000000000000000E+00   0.0000000000000000E+00   0.0000000000000000E+00   0.0000000000000000E+00   0.0000000000000000E+00   0.0000000000000000E+00   0.0000000000000000E+00   0.0000000000000000E+00   0.0000000000000000E+00
  1.0422467646356879E+00   1.1376430642096809E+10   2.5502814014411747E+07   1.2620204874749411E+11   9.3926418996433672E+06   1.0528803329874330E+02   1.4751798027732603E+01   3.1307452153401133E+06   3.6740008611817371E+04   3.4667645111285289E-01   1.1967422061281308E+04   2.0994035860490719E+01   5.0225782216108366E-08   9.3361508140601066E+05   2.9033182688097446E+02   8.3711979782734886E-03   0.0000000000000000E+00   0.0000000000000000E+00   0.0000000000000000E+00   0.0000000000000000E+00   0.0000000000000000E+00   0.0000000000000000E+00   0.0000000000000000E+00   0.0000000000000000E+00   0.0000000000000000E+00   0.0000000000000000E+00   0.0000000000000000E+00   0.0000000000000000E+00   0.0000000000000000E+00   0.0000000000000000E+00   0.0000000000000000E+00   0.0000000000000000E+00   0.0000000000000000E+00   0.0000000000000000E+00
  1.0430129522836342E+00   1.0982268744033279E+10   2.5375246585942715E+07   1.2157081258533267E+11   9.4536940017467476E+06   1.1069435757725596E+02   1.5224485735165761E+01   3.0221641609474965E+06   3.5786465109096913E+04   3.4700515769155171E-01   1.1552952983513384E+04   2.0892532832765458E+01   5.3166322168362500E-08   9.0132021195082681E+05   2.8988275057487050E+02   8.6637371976876505E-03   0.0000000000000000E+00   0.0000000000000000E+00   0.0000000000000000E+00   0.0000000000000000E+00   0.0000000000000000E+00   0.0000000000000000E+00   0.0000000000000000E+00   0.0000000000000000E+00   0.0000000000000000E+00   0.0000000000000000E+00   0.0000000000000000E+00   0.0000000000000000E+00   0.0000000000000000E+00   0.0000000000000000E+00   0.0000000000000000E+00   0.0000000000000000E+00   0.0000000000000000E+00   0.0000000000000000E+00
  1.0437926120482171E+00   1.0600370590245775E+10   2.5246880082263295E+07   1.1708791999358188E+11   9.5145622042972166E+06   1.1640708853770009E+02   1.5712798014964619E+01   2.9169691530298917E+06   3.4853551828950658E+04   3.4741844390694132E-01   1.1151378401451513E+04   2.0790249906979081E+01   5.6297070458876394E-08   8.7002978123270813E+05   2.8942378348652295E+02   8.9686735354067241E-03   0.0000000000000000E+00   0.0000000000000000E+00   0.0000000000000000E+00   0.0000000000000000E+00   0.0000000000000000E+00   0.0000000000000000E+00   0.0000000000000000E+00   0.0000000000000000E+00   0.0000000000000000E+00   0.0000000000000000E+00   0.0000000000000000E+00   0.0000000000000000E+00   0.0000000000000000E+00   0.0000000000000000E+00   0.0000000000000000E+00   0.0000000000000000E+00   0.0000000000000000E+00   0.0000000000000000E+00
  1.0445859808138698E+00   1.0230386457510538E+10   2.5117760744159672E+07   1.1274916390460046E+11   9.5752513074615281E+06   1.2244488987443277E+02   1.6217284661283564E+01   2.8150634463309678E+06   3.3940872887304235E+04   3.4791820098540077E-01   1.0762330609595148E+04   2.0687229223060818E+01   5.9631937977489822E-08   8.3971515352445003E+05   2.8894943707918736E+02   9.2864948470141907E-03   0.0000000000000000E+00   0.0000000000000000E+00   0.0000000000000000E+00   0.0000000000000000E+00   0.0000000000000000E+00   0.0000000000000000E+00   0.0000000000000000E+00   0.0000000000000000E+00   0.0000000000000000E+00   0.0000000000000000E+00   0.0000000000000000E+00   0.0000000000000000E+00   0.0000000000000000E+00   0.0000000000000000E+00   0.0000000000000000E+00   0.0000000000000000E+00   0.0000000000000000E+00   0.0000000000000000E+00
  1.0453932996302382E+00   9.8719750701421585E+09   2.4987933716546774E+07   1.0855043724799751E+11   9.6357658347915187E+06   1.2882746315427372E+02   1.6738512081254239E+01   2.7163526324816267E+06   3.3048041955325592E+04   3.4850651297200380E-01   1.0385450784298906E+04   2.0583511968452139E+01   6.3185978172350592E-08   8.1034838452139066E+05   2.8845462839795630E+02   9.6177201054824073E-03   0.0000000000000000E+00   0.0000000000000000E+00   0.0000000000000000E+00   0.0000000000000000E+00   0.0000000000000000E+00   0.0000000000000000E+00   0.0000000000000000E+00   0.0000000000000000E+00   0.0000000000000000E+00   0.0000000000000000E+00   0.0000000000000000E+00   0.0000000000000000E+00   0.0000000000000000E+00   0.0000000000000000E+00   0.0000000000000000E+00   0.0000000000000000E+00   0.0000000000000000E+00   0.0000000000000000E+00
  1.0462148137854201E+00   9.5248031226867046E+09   2.4857442599566597E+07   1.0448773219375340E+11   9.6961101905806381E+06   1.3557557920027455E+02   1.7277064043654651E+01   2.6207445086983615E+06   3.2174680839596127E+04   3.4918565190295620E-01   1.0020388481818147E+04   2.0479138004032816E+01   6.6975489893454154E-08   7.8190218221777864E+05   2.8793467185250904E+02   9.9629018593869988E-03   0.0000000000000000E+00   0.0000000000000000E+00   0.0000000000000000E+00   0.0000000000000000E+00   0.0000000000000000E+00   0.0000000000000000E+00   0.0000000000000000E+00   0.0000000000000000E+00   0.0000000000000000E+00   0.0000000000000000E+00   0.0000000000000000E+00   0.0000000000000000E+00   0.0000000000000000E+00   0.0000000000000000E+00   0.0000000000000000E+00   0.0000000000000000E+00   0.0000000000000000E+00   0.0000000000000000E+00
  1.0470507728804894E+00   9.1885454960416260E+09   2.4726329326207478E+07   1.0055713918773878E+11   9.7562884497650880E+06   1.4271110139484770E+02   1.7833540662376961E+01   2.5281491369635235E+06   3.1320420306105556E+04   3.4995809498123243E-01   9.6668018655215983E+03   2.0374145756977128E+01   7.1018126168504819E-08   7.5434992459428369E+05   2.8738528352011883E+02   1.0322629297904545E-02   0.0000000000000000E+00   0.0000000000000000E+00   0.0000000000000000E+00   0.0000000000000000E+00   0.0000000000000000E+00   0.0000000000000000E+00   0.0000000000000000E+00   0.0000000000000000E+00   0.0000000000000000E+00   0.0000000000000000E+00   0.0000000000000000E+00   0.0000000000000000E+00   0.0000000000000000E+00   0.0000000000000000E+00   0.0000000000000000E+00   0.0000000000000000E+00   0.0000000000000000E+00   0.0000000000000000E+00
  1.0479014309053347E+00   8.8628849607700539E+09   2.4594633798330087E+07   9.6754846094244583E+10   9.8163044539522454E+06   1.5025700938195158E+02   1.8408558598724298E+01   2.4384787624212196E+06   3.0484899163783710E+04   3.5082652418732091E-01   9.3243573938690661E+03   2.0268571915966348E+01   7.5333015272062078E-08   7.2766563529395126E+05   2.8680257457308119E+02   1.0697531199884876E-02   0.0000000000000000E+00   0.0000000000000000E+00   0.0000000000000000E+00   0.0000000000000000E+00   0.0000000000000000E+00   0.0000000000000000E+00   0.0000000000000000E+00   0.0000000000000000E+00   0.0000000000000000E+00   0.0000000000000000E+00   0.0000000000000000E+00   0.0000000000000000E+00   0.0000000000000000E+00   0.0000000000000000E+00   0.0000000000000000E+00   0.0000000000000000E+00   0.0000000000000000E+00   0.0000000000000000E+00
  1.0487670463158272E+00   8.5475127154630013E+09   2.4462393977824178E+07   9.3077137176646133E+10   9.8761614100430701E+06   1.5823741070744310E+02   1.9002748601257451E+01   2.3516479610880590E+06   2.9667766136867689E+04   3.5179385597087287E-01   8.9927303864924670E+03   2.0162451498724177E+01   7.9940886943913291E-08   7.0182402771420532E+05   2.8618306269744375E+02   1.1088279758240050E-02   0.0000000000000000E+00   0.0000000000000000E+00   0.0000000000000000E+00   0.0000000000000000E+00   0.0000000000000000E+00   0.0000000000000000E+00   0.0000000000000000E+00   0.0000000000000000E+00   0.0000000000000000E+00   0.0000000000000000E+00   0.0000000000000000E+00   0.0000000000000000E+00   0.0000000000000000E+00   0.0000000000000000E+00   0.0000000000000000E+00   0.0000000000000000E+00   0.0000000000000000E+00   0.0000000000000000E+00
  1.0496478821123492E+00   8.2421275886773262E+09   2.4329645275192399E+07   8.9520392416754318E+10   9.9358623401641157E+06   1.6667756077060673E+02   1.9616756990720202E+01   2.2675734206879088E+06   2.8868677156844900E+04   3.5286322096316791E-01   8.6716041849492503E+03   2.0055817344435859E+01   8.4864218186238955E-08   6.7680043960811337E+05   2.8552365340731848E+02   1.1495593600707862E-02   0.0000000000000000E+00   0.0000000000000000E+00   0.0000000000000000E+00   0.0000000000000000E+00   0.0000000000000000E+00   0.0000000000000000E+00   0.0000000000000000E+00   0.0000000000000000E+00   0.0000000000000000E+00   0.0000000000000000E+00   0.0000000000000000E+00   0.0000000000000000E+00   0.0000000000000000E+00   0.0000000000000000E+00   0.0000000000000000E+00   0.0000000000000000E+00   0.0000000000000000E+00   0.0000000000000000E+00
  1.0505442059197001E+00   7.9464365780060873E+09   2.4196420674908210E+07   8.6081086528853943E+10   9.9954097148697674E+06   1.7560386476220498E+02   2.0251242823115991E+01   2.1861740886292560E+06   2.8087297175191645E+04   3.5403799275407266E-01   8.3606707195569961E+03   1.9948700209175325E+01   9.0127382214917491E-08   6.5257087723785045E+05   2.8482165078455614E+02   1.1920242122810884E-02   0.0000000000000000E+00   0.0000000000000000E+00   0.0000000000000000E+00   0.0000000000000000E+00   0.0000000000000000E+00   0.0000000000000000E+00   0.0000000000000000E+00   0.0000000000000000E+00   0.0000000000000000E+00   0.0000000000000000E+00   0.0000000000000000E+00   0.0000000000000000E+00   0.0000000000000000E+00   0.0000000000000000E+00   0.0000000000000000E+00   0.0000000000000000E+00   0.0000000000000000E+00   0.0000000000000000E+00
  1.0514562900684101E+00   7.6601540607486362E+09   2.4062750108835902E+07   8.2755788324192596E+10   1.0054805998427533E+07   1.8504388960558319E+02   2.0906879551401424E+01   2.1073709553702483E+06   2.7323297346226333E+04   3.5532176249830449E-01   8.0596296793242309E+03   1.9841128245510365E+01   9.5756820338320216E-08   6.2911195069281512E+05   2.8407473584799868E+02   1.2363048852395617E-02   0.0000000000000000E+00   0.0000000000000000E+00   0.0000000000000000E+00   0.0000000000000000E+00   0.0000000000000000E+00   0.0000000000000000E+00   0.0000000000000000E+00   0.0000000000000000E+00   0.0000000000000000E+00   0.0000000000000000E+00   0.0000000000000000E+00   0.0000000000000000E+00   0.0000000000000000E+00   0.0000000000000000E+00   0.0000000000000000E+00   0.0000000000000000E+00   0.0000000000000000E+00   0.0000000000000000E+00
  1.0523844116774823E+00   7.3830023823725519E+09   2.3928660652093064E+07   7.9541159694399948E+10   1.0114053285787065E+07   1.9502635458812392E+02   2.1584351596505073E+01   2.0310872159935618E+06   2.6576356982832396E+04   3.5671836822770542E-01   7.7681891307338992E+03   1.9733127155816074E+01   1.0178121638677737E-07   6.0640092209404719E+05   2.8328097786664119E+02   1.2824896358706556E-02   0.0000000000000000E+00   0.0000000000000000E+00   0.0000000000000000E+00   0.0000000000000000E+00   0.0000000000000000E+00   0.0000000000000000E+00   0.0000000000000000E+00   0.0000000000000000E+00   0.0000000000000000E+00   0.0000000000000000E+00   0.0000000000000000E+00   0.0000000000000000E+00   0.0000000000000000E+00   0.0000000000000000E+00   0.0000000000000000E+00   0.0000000000000000E+00   0.0000000000000000E+00   0.0000000000000000E+00
  1.0533288527385896E+00   7.1147116521433258E+09   2.3794176277207166E+07   7.6433954938208237E+10   1.0173153510596640E+07   2.0558112538393573E+02   2.2284353552461045E+01   1.9572482142027549E+06   2.5846162717421128E+04   3.5823189043203202E-01   7.4860653028108827E+03   1.9624719983561207E+01   1.0823169121739534E-07   5.8441568884224514E+05   2.8243882650317227E+02   1.3306730695293085E-02   0.0000000000000000E+00   0.0000000000000000E+00   0.0000000000000000E+00   0.0000000000000000E+00   0.0000000000000000E+00   0.0000000000000000E+00   0.0000000000000000E+00   0.0000000000000000E+00   0.0000000000000000E+00   0.0000000000000000E+00   0.0000000000000000E+00   0.0000000000000000E+00   0.0000000000000000E+00   0.0000000000000000E+00   0.0000000000000000E+00   0.0000000000000000E+00   0.0000000000000000E+00   0.0000000000000000E+00
  1.0542899002017521E+00   6.8550195031098642E+09   2.3659317593885127E+07   7.3431019645645569E+10   1.0232108675793022E+07   2.1673920407401226E+02   2.3007589387489229E+01   1.8857813764639026E+06   2.5132407611212373E+04   3.5986664530344947E-01   7.2129823347076954E+03   1.9515926894033143E+01   1.1511712411052509E-07   5.6313476394803333E+05   2.8154710133277234E+02   1.3809566027846838E-02   0.0000000000000000E+00   0.0000000000000000E+00   0.0000000000000000E+00   0.0000000000000000E+00   0.0000000000000000E+00   0.0000000000000000E+00   0.0000000000000000E+00   0.0000000000000000E+00   0.0000000000000000E+00   0.0000000000000000E+00   0.0000000000000000E+00   0.0000000000000000E+00   0.0000000000000000E+00   0.0000000000000000E+00   0.0000000000000000E+00   0.0000000000000000E+00   0.0000000000000000E+00   0.0000000000000000E+00
  1.0552678460625220E+00   6.6036712765811825E+09   2.3524101818834737E+07   7.0529291208972137E+10   1.0290921031744486E+07   2.2853270795507288E+02   2.3754770657333609E+01   1.8166162630826179E+06   2.4434791317002528E+04   3.6162718404565214E-01   6.9486724696740630E+03   1.9406765138991990E+01   1.2244828254943107E-07   5.4253729113863385E+05   2.8060499276622642E+02   1.4334489758799368E-02   0.0000000000000000E+00   0.0000000000000000E+00   0.0000000000000000E+00   0.0000000000000000E+00   0.0000000000000000E+00   0.0000000000000000E+00   0.0000000000000000E+00   0.0000000000000000E+00   0.0000000000000000E+00   0.0000000000000000E+00   0.0000000000000000E+00   0.0000000000000000E+00   0.0000000000000000E+00   0.0000000000000000E+00   0.0000000000000000E+00   0.0000000000000000E+00   0.0000000000000000E+00   0.0000000000000000E+00
  1.0562629874507008E+00   6.3604197255692739E+09   2.3388542565864880E+07   6.7725795900099098E+10   1.0349593182414224E+07   2.4099484958640167E+02   2.4526614680804446E+01   1.7496844863925013E+06   2.3753019447922186E+04   3.6351828985454954E-01   6.6928757431968406E+03   1.9297248883873070E+01   1.3030546970040975E-07   5.2260302056372084E+05   2.7961204852931422E+02   1.4882667797917673E-02   0.0000000000000000E+00   0.0000000000000000E+00   0.0000000000000000E+00   0.0000000000000000E+00   0.0000000000000000E+00   0.0000000000000000E+00   0.0000000000000000E+00   0.0000000000000000E+00   0.0000000000000000E+00   0.0000000000000000E+00   0.0000000000000000E+00   0.0000000000000000E+00   0.0000000000000000E+00   0.0000000000000000E+00   0.0000000000000000E+00   0.0000000000000000E+00   0.0000000000000000E+00   0.0000000000000000E+00
  1.0572756267206158E+00   6.1250251876940660E+09   2.3252649888811309E+07   6.5017648384782951E+10   1.0408128169497572E+07   2.5415990434041842E+02   2.5323841565020338E+01   1.6849197583799544E+06   2.3086803998346830E+04   3.6554497993417034E-01   6.4453401648169720E+03   1.9187389235672381E+01   1.3873058502992112E-07   5.0331232296123309E+05   2.7856817385913160E+02   1.5455350377050188E-02   0.0000000000000000E+00   0.0000000000000000E+00   0.0000000000000000E+00   0.0000000000000000E+00   0.0000000000000000E+00   0.0000000000000000E+00   0.0000000000000000E+00   0.0000000000000000E+00   0.0000000000000000E+00   0.0000000000000000E+00   0.0000000000000000E+00   0.0000000000000000E+00   0.0000000000000000E+00   0.0000000000000000E+00   0.0000000000000000E+00   0.0000000000000000E+00   0.0000000000000000E+00   0.0000000000000000E+00
  1.0583060715429848E+00   5.8972553239363346E+09   2.3116430031883191E+07   6.2402050899824234E+10   1.0466529894308347E+07   2.6806318137590546E+02   2.6147173114575661E+01   1.6222578190801400E+06   2.2435862302982696E+04   3.6771248456570382E-01   6.2058214433918465E+03   1.9077194032382167E+01   1.4776902245720666E-07   4.8464616825223283E+05   2.7747361781811867E+02   1.6053877474768771E-02   0.0000000000000000E+00   0.0000000000000000E+00   0.0000000000000000E+00   0.0000000000000000E+00   0.0000000000000000E+00   0.0000000000000000E+00   0.0000000000000000E+00   0.0000000000000000E+00   0.0000000000000000E+00   0.0000000000000000E+00   0.0000000000000000E+00   0.0000000000000000E+00   0.0000000000000000E+00   0.0000000000000000E+00   0.0000000000000000E+00   0.0000000000000000E+00   0.0000000000000000E+00   0.0000000000000000E+00
  1.0593546349983962E+00   5.6768850500762415E+09   2.2979885328939758E+07   5.9876292075791245E+10   1.0524803376619650E+07   2.8274098715275738E+02   2.6997330452339444E+01   1.5616364177458819E+06   2.1799916793957404E+04   3.7002623397130247E-01   5.9740829149893971E+03   1.8966667755702630E+01   1.5746994242191851E-07   4.6658611992581678E+05   2.7632896456393280E+02   1.6679684718738430E-02   0.0000000000000000E+00   0.0000000000000000E+00   0.0000000000000000E+00   0.0000000000000000E+00   0.0000000000000000E+00   0.0000000000000000E+00   0.0000000000000000E+00   0.0000000000000000E+00   0.0000000000000000E+00   0.0000000000000000E+00   0.0000000000000000E+00   0.0000000000000000E+00   0.0000000000000000E+00   0.0000000000000000E+00   0.0000000000000000E+00   0.0000000000000000E+00   0.0000000000000000E+00   0.0000000000000000E+00
  1.0604216356724316E+00   5.4636966167414446E+09   2.2843014245504942E+07   5.7437745559952003E+10   1.0582954865097746E+07   2.9823058069293927E+02   2.7875030172909035E+01   1.5029953346920703E+06   2.1178695405410326E+04   3.7249185237184856E-01   5.7498956270668978E+03   1.8855811561773187E+01   1.6788655429089462E-07   4.4911434160258749E+05   2.7513512983976130E+02   1.7334309824750292E-02   0.0000000000000000E+00   0.0000000000000000E+00   0.0000000000000000E+00   0.0000000000000000E+00   0.0000000000000000E+00   0.0000000000000000E+00   0.0000000000000000E+00   0.0000000000000000E+00   0.0000000000000000E+00   0.0000000000000000E+00   0.0000000000000000E+00   0.0000000000000000E+00   0.0000000000000000E+00   0.0000000000000000E+00   0.0000000000000000E+00   0.0000000000000000E+00   0.0000000000000000E+00   0.0000000000000000E+00
  1.0615073977524627E+00   5.2574793083858070E+09   2.2705811111716956E+07   5.5083868551878189E+10   1.0640992292947225E+07   3.1457013519626463E+02   2.8780982600838406E+01   1.4462762985457424E+06   2.0571930624824960E+04   3.7511512679070091E-01   5.5330380219066483E+03   1.8744623059333787E+01   1.7907641925204452E-07   4.3221357237418671E+05   2.7389334356741472E+02   1.8019398451991353E-02   0.0000000000000000E+00   0.0000000000000000E+00   0.0000000000000000E+00   0.0000000000000000E+00   0.0000000000000000E+00   0.0000000000000000E+00   0.0000000000000000E+00   0.0000000000000000E+00   0.0000000000000000E+00   0.0000000000000000E+00   0.0000000000000000E+00   0.0000000000000000E+00   0.0000000000000000E+00   0.0000000000000000E+00   0.0000000000000000E+00   0.0000000000000000E+00   0.0000000000000000E+00   0.0000000000000000E+00
  1.0626122511261489E+00   5.0580296668806810E+09   2.2568266319066383E+07   5.2812200045033997E+10   1.0698925205109932E+07   3.3179868157228321E+02   2.9715885735203809E+01   1.3914230472632681E+06   1.9979360644643755E+04   3.7790200665936341E-01   5.3232961717554390E+03   1.8633096469532234E+01   1.9110175238275305E-07   4.1586714513153286E+05   2.7260515161373735E+02   1.8736711383319216E-02   0.0000000000000000E+00   0.0000000000000000E+00   0.0000000000000000E+00   0.0000000000000000E+00   0.0000000000000000E+00   0.0000000000000000E+00   0.0000000000000000E+00   0.0000000000000000E+00   0.0000000000000000E+00   0.0000000000000000E+00   0.0000000000000000E+00   0.0000000000000000E+00   0.0000000000000000E+00   0.0000000000000000E+00   0.0000000000000000E+00   0.0000000000000000E+00   0.0000000000000000E+00   0.0000000000000000E+00
  1.0637365314816669E+00   4.8651510390210476E+09   2.2430365924130559E+07   5.0620358996209274E+10   1.0756765315371012E+07   3.4995606935596999E+02   3.0680423573322113E+01   1.3383812036424796E+06   1.9400728036322642E+04   3.8085855785093331E-01   5.1204633029643483E+03   1.8521222300396438E+01   2.0402975013791044E-07   4.0005894949362479E+05   2.7127239175901707E+02   1.9488130303220757E-02   0.0000000000000000E+00   0.0000000000000000E+00   0.0000000000000000E+00   0.0000000000000000E+00   0.0000000000000000E+00   0.0000000000000000E+00   0.0000000000000000E+00   0.0000000000000000E+00   0.0000000000000000E+00   0.0000000000000000E+00   0.0000000000000000E+00   0.0000000000000000E+00   0.0000000000000000E+00   0.0000000000000000E+00   0.0000000000000000E+00   0.0000000000000000E+00   0.0000000000000000E+00   0.0000000000000000E+00
  1.0648805804097041E+00   4.6786536755514126E+09   2.2292091744897868E+07   4.8506042235731560E+10   1.0814526484164454E+07   3.6908290870734720E+02   3.1675259604965994E+01   1.2870983019662485E+06   1.8835780642994494E+04   3.8399094998709093E-01   4.9243399001305834E+03   1.8408987426676113E+01   2.1793291095795817E-07   3.8477343992976402E+05   2.6989719040171548E+02   2.0275664953959355E-02   0.0000000000000000E+00   0.0000000000000000E+00   0.0000000000000000E+00   0.0000000000000000E+00   0.0000000000000000E+00   0.0000000000000000E+00   0.0000000000000000E+00   0.0000000000000000E+00   0.0000000000000000E+00   0.0000000000000000E+00   0.0000000000000000E+00   0.0000000000000000E+00   0.0000000000000000E+00   0.0000000000000000E+00   0.0000000000000000E+00   0.0000000000000000E+00   0.0000000000000000E+00   0.0000000000000000E+00
  1.0660447455072439E+00   4.4983544322965946E+09   2.2153421101527408E+07   4.6467021983455032E+10   1.0872224997999068E+07   3.8922052379518038E+02   3.2701032392807477E+01   1.2375237053586496E+06   1.8284271125006282E+04   3.8730541738074259E-01   4.7347333917915457E+03   1.8296374879965263E+01   2.3288937041186975E-07   3.6999561127779610E+05   2.6848194336627955E+02   2.1101459443227832E-02   0.0000000000000000E+00   0.0000000000000000E+00   0.0000000000000000E+00   0.0000000000000000E+00   0.0000000000000000E+00   0.0000000000000000E+00   0.0000000000000000E+00   0.0000000000000000E+00   0.0000000000000000E+00   0.0000000000000000E+00   0.0000000000000000E+00   0.0000000000000000E+00   0.0000000000000000E+00   0.0000000000000000E+00   0.0000000000000000E+00   0.0000000000000000E+00   0.0000000000000000E+00   0.0000000000000000E+00
  1.0672293804831747E+00   4.3240767501784315E+09   2.2014326788663734E+07   4.4501143829966728E+10   1.0929879630174706E+07   4.1041089458817396E+02   3.3758348658872954E+01   1.1896085996637386E+06   1.7745957521642482E+04   3.9080823061753311E-01   4.5514581294052568E+03   1.8183363828423449E+01   2.4898322769391507E-07   3.5571099711325555E+05   2.6702930769551620E+02   2.1967799088638496E-02   0.0000000000000000E+00   0.0000000000000000E+00   0.0000000000000000E+00   0.0000000000000000E+00   0.0000000000000000E+00   0.0000000000000000E+00   0.0000000000000000E+00   0.0000000000000000E+00   0.0000000000000000E+00   0.0000000000000000E+00   0.0000000000000000E+00   0.0000000000000000E+00   0.0000000000000000E+00   0.0000000000000000E+00   0.0000000000000000E+00   0.0000000000000000E+00   0.0000000000000000E+00   0.0000000000000000E+00
  1.0684348452657599E+00   4.1556502274910841E+09   2.1874776675282806E+07   4.2606323540221947E+10   1.0987511883955371E+07   4.3269661497284670E+02   3.4847778151071765E+01   1.1433058751650348E+06   1.7220602597990281E+04   3.9450564543999278E-01   4.3743349375258094E+03   1.8069929254923068E+01   2.6630488296141508E-07   3.4190563470888592E+05   2.6554217545095247E+02   2.2877116277892979E-02   0.0000000000000000E+00   0.0000000000000000E+00   0.0000000000000000E+00   0.0000000000000000E+00   0.0000000000000000E+00   0.0000000000000000E+00   0.0000000000000000E+00   0.0000000000000000E+00   0.0000000000000000E+00   0.0000000000000000E+00   0.0000000000000000E+00   0.0000000000000000E+00   0.0000000000000000E+00   0.0000000000000000E+00   0.0000000000000000E+00   0.0000000000000000E+00   0.0000000000000000E+00   0.0000000000000000E+00
  1.0696615061119930E+00   3.9929106323620834E+09   2.1734733759922631E+07   4.0780543791631401E+10   1.1045145665806243E+07   4.5612083067970082E+02   3.5969842966390949E+01   1.0985701288907274E+06   1.6707975016392491E+04   3.9840388450705955E-01   4.2031911269105894E+03   1.7956042009975256E+01   2.8495134799120196E-07   3.2856606606632977E+05   2.6402366715472886E+02   2.3831997725297524E-02   0.0000000000000000E+00   0.0000000000000000E+00   0.0000000000000000E+00   0.0000000000000000E+00   0.0000000000000000E+00   0.0000000000000000E+00   0.0000000000000000E+00   0.0000000000000000E+00   0.0000000000000000E+00   0.0000000000000000E+00   0.0000000000000000E+00   0.0000000000000000E+00   0.0000000000000000E+00   0.0000000000000000E+00   0.0000000000000000E+00   0.0000000000000000E+00   0.0000000000000000E+00   0.0000000000000000E+00
  1.0709097357188797E+00   3.8356995537824607E+09   2.1594155817333162E+07   3.9021851196149002E+10   1.1102807366993304E+07   4.8072719303298106E+02   3.7125009896298728E+01   1.0553575678506787E+06   1.6207849056972005E+04   4.0250908454446710E-01   4.0378601275109713E+03   1.7841668529585323E+01   3.0502655656237426E-07   3.1567930932774121E+05   2.6247710801843044E+02   2.4835190169137156E-02   0.0000000000000000E+00   0.0000000000000000E+00   0.0000000000000000E+00   0.0000000000000000E+00   0.0000000000000000E+00   0.0000000000000000E+00   0.0000000000000000E+00   0.0000000000000000E+00   0.0000000000000000E+00   0.0000000000000000E+00   0.0000000000000000E+00   0.0000000000000000E+00   0.0000000000000000E+00   0.0000000000000000E+00   0.0000000000000000E+00   0.0000000000000000E+00   0.0000000000000000E+00   0.0000000000000000E+00
  1.0721799133366723E+00   3.6838641922792521E+09   2.1452995211132988E+07   3.7328352927212097E+10   1.1160525636923738E+07   5.0655980549859146E+02   3.8313679697876822E+01   1.0136259503983447E+06   1.5720005051800141E+04   4.0682725696151040E-01   3.8781812683245512E+03   1.7726770691259528E+01   3.2664164743342116E-07   3.0323284163241880E+05   2.6090601033745747E+02   2.5889606455285898E-02   0.0000000000000000E+00   0.0000000000000000E+00   0.0000000000000000E+00   0.0000000000000000E+00   0.0000000000000000E+00   0.0000000000000000E+00   0.0000000000000000E+00   0.0000000000000000E+00   0.0000000000000000E+00   0.0000000000000000E+00   0.0000000000000000E+00   0.0000000000000000E+00   0.0000000000000000E+00   0.0000000000000000E+00   0.0000000000000000E+00   0.0000000000000000E+00   0.0000000000000000E+00   0.0000000000000000E+00
  1.0734724248840997E+00   3.5372570694444032E+09   2.1311198626786981E+07   3.5698213174324860E+10   1.1218331138649553E+07   5.3366317378481426E+02   3.9536175823327717E+01   9.7333450526761264E+05   1.5244229580394993E+04   4.1136424223440604E-01   3.7239994719105694E+03   1.7611305605889072E+01   3.4987667294331233E-07   2.9121457532522309E+05   2.5931405145583079E+02   2.6998331067183610E-02   0.0000000000000000E+00   0.0000000000000000E+00   0.0000000000000000E+00   0.0000000000000000E+00   0.0000000000000000E+00   0.0000000000000000E+00   0.0000000000000000E+00   0.0000000000000000E+00   0.0000000000000000E+00   0.0000000000000000E+00   0.0000000000000000E+00   0.0000000000000000E+00   0.0000000000000000E+00   0.0000000000000000E+00   0.0000000000000000E+00   0.0000000000000000E+00   0.0000000000000000E+00   0.0000000000000000E+00
  1.0747876630656195E+00   3.3957357856107821E+09   2.1168706890544336E+07   3.4129649437426899E+10   1.1276256115661819E+07   5.6208215138267292E+02   4.0792730873784571E+01   9.3444386373508931E+05   1.4780315939001914E+04   4.1612567114424048E-01   3.5751649995475827E+03   1.7495225481341624E+01   3.7463601907542551E-07   2.7961283811328938E+05   2.5770505399821593E+02   2.8164625652277810E-02   0.0000000000000000E+00   0.0000000000000000E+00   0.0000000000000000E+00   0.0000000000000000E+00   0.0000000000000000E+00   0.0000000000000000E+00   0.0000000000000000E+00   0.0000000000000000E+00   0.0000000000000000E+00   0.0000000000000000E+00   0.0000000000000000E+00   0.0000000000000000E+00   0.0000000000000000E+00   0.0000000000000000E+00   0.0000000000000000E+00   0.0000000000000000E+00   0.0000000000000000E+00   0.0000000000000000E+00
  1.0761260274907352E+00   3.2591626185019693E+09   2.1025454604693241E+07   3.2620928807964272E+10   1.1334334086020531E+07   5.9186189550697452E+02   4.2083474065365579E+01   8.9691594820318744E+05   1.4328063960093392E+04   4.2111691012874319E-01   3.4315330291417108E+03   1.7378477335840049E+01   4.0126685373252813E-07   2.6841634019207029E+05   2.5608295635254768E+02   2.9391933261707023E-02   0.0000000000000000E+00   0.0000000000000000E+00   0.0000000000000000E+00   0.0000000000000000E+00   0.0000000000000000E+00   0.0000000000000000E+00   0.0000000000000000E+00   0.0000000000000000E+00   0.0000000000000000E+00   0.0000000000000000E+00   0.0000000000000000E+00   0.0000000000000000E+00   0.0000000000000000E+00   0.0000000000000000E+00   0.0000000000000000E+00   0.0000000000000000E+00   0.0000000000000000E+00   0.0000000000000000E+00
  1.0774879247954079E+00   3.1274042605059299E+09   2.0881370012062103E+07   3.1170364068411430E+10   1.1392599210716546E+07   6.2304781203496646E+02   4.3408415051450447E+01   8.6071389873562707E+05   1.3887280453206740E+04   4.2634302528816598E-01   3.2929633789414484E+03   1.7261002900405032E+01   4.2990535622655723E-07   2.5761415273725675E+05   2.5445179028912611E+02   3.0683882981085042E-02   0.0000000000000000E+00   0.0000000000000000E+00   0.0000000000000000E+00   0.0000000000000000E+00   0.0000000000000000E+00   0.0000000000000000E+00   0.0000000000000000E+00   0.0000000000000000E+00   0.0000000000000000E+00   0.0000000000000000E+00   0.0000000000000000E+00   0.0000000000000000E+00   0.0000000000000000E+00   0.0000000000000000E+00   0.0000000000000000E+00   0.0000000000000000E+00   0.0000000000000000E+00   0.0000000000000000E+00
  1.0788737687656071E+00   3.0003315952846842E+09   2.0736374975441802E+07   2.9776310101719845E+10   1.1451085577944696E+07   6.5568549176820625E+02   4.4767426089343964E+01   8.2580201047962275E+05   1.3457779718756012E+04   4.3180875121516155E-01   3.1593202726394879E+03   1.7142738615170888E+01   4.6069513745990483E-07   2.4719568962598636E+05   2.5281566074442091E+02   3.2044294286437743E-02   0.0000000000000000E+00   0.0000000000000000E+00   0.0000000000000000E+00   0.0000000000000000E+00   0.0000000000000000E+00   0.0000000000000000E+00   0.0000000000000000E+00   0.0000000000000000E+00   0.0000000000000000E+00   0.0000000000000000E+00   0.0000000000000000E+00   0.0000000000000000E+00   0.0000000000000000E+00   0.0000000000000000E+00   0.0000000000000000E+00   0.0000000000000000E+00   0.0000000000000000E+00   0.0000000000000000E+00
  1.0802839804630291E+00   2.8778191354474154E+09   2.0590384585642852E+07   2.8437159562224926E+10   1.1509826690477813E+07   6.8982067741539367E+02   4.6160227174581294E+01   7.9214557812118914E+05   1.3039382768050637E+04   4.3751843674024082E-01   3.0304717480157824E+03   1.7023615322301904E+01   4.9378721915725606E-07   2.3715066138712940E+05   2.5117870450838211E+02   3.3477179236806764E-02   0.0000000000000000E+00   0.0000000000000000E+00   0.0000000000000000E+00   0.0000000000000000E+00   0.0000000000000000E+00   0.0000000000000000E+00   0.0000000000000000E+00   0.0000000000000000E+00   0.0000000000000000E+00   0.0000000000000000E+00   0.0000000000000000E+00   0.0000000000000000E+00   0.0000000000000000E+00   0.0000000000000000E+00   0.0000000000000000E+00   0.0000000000000000E+00   0.0000000000000000E+00   0.0000000000000000E+00
  1.0817189883530298E+00   2.7597448711617012E+09   2.0443307363803860E+07   2.7151339919112438E+10   1.1568854651347119E+07   7.2549918897142015E+02   4.7586366469050667E+01   7.5971085335581040E+05   1.2631917852607428E+04   4.4347602060174118E-01   2.9062894977971400E+03   1.6903558443493733E+01   5.2933990041312937E-07   2.2746906283678327E+05   2.4954507144972726E+02   3.4986745596439953E-02   0.0000000000000000E+00   0.0000000000000000E+00   0.0000000000000000E+00   0.0000000000000000E+00   0.0000000000000000E+00   0.0000000000000000E+00   0.0000000000000000E+00   0.0000000000000000E+00   0.0000000000000000E+00   0.0000000000000000E+00   0.0000000000000000E+00   0.0000000000000000E+00   0.0000000000000000E+00   0.0000000000000000E+00   0.0000000000000000E+00   0.0000000000000000E+00   0.0000000000000000E+00   0.0000000000000000E+00
  1.0831792284348056E+00   2.6459899432433019E+09   2.0295045381688703E+07   2.5917309960663052E+10   1.1628199371887933E+07   7.6276685975074918E+02   4.9045201552056682E+01   7.2846495424746047E+05   1.2235220322288566E+04   4.4968500399170441E-01   2.7866485259473784E+03   1.6782488090836285E+01   5.6751855424230652E-07   2.1814114634055193E+05   2.4791889564307178E+02   3.6577398854497171E-02   0.0000000000000000E+00   0.0000000000000000E+00   0.0000000000000000E+00   0.0000000000000000E+00   0.0000000000000000E+00   0.0000000000000000E+00   0.0000000000000000E+00   0.0000000000000000E+00   0.0000000000000000E+00   0.0000000000000000E+00   0.0000000000000000E+00   0.0000000000000000E+00   0.0000000000000000E+00   0.0000000000000000E+00   0.0000000000000000E+00   0.0000000000000000E+00   0.0000000000000000E+00   0.0000000000000000E+00
  1.0846651443738622E+00   2.5364382772176089E+09   2.0145494434069749E+07   2.4733556504431721E+10   1.1687887834872724E+07   8.0166947426040588E+02   5.0535881705916140E+01   6.9837576409285085E+05   1.1849132150095626E+04   4.5614842172806019E-01   2.6714267629347355E+03   1.6660319219125967E+01   6.0849534253293907E-07   2.0915739188734896E+05   2.4630426246696234E+02   3.8253743095953585E-02   0.0000000000000000E+00   0.0000000000000000E+00   0.0000000000000000E+00   0.0000000000000000E+00   0.0000000000000000E+00   0.0000000000000000E+00   0.0000000000000000E+00   0.0000000000000000E+00   0.0000000000000000E+00   0.0000000000000000E+00   0.0000000000000000E+00   0.0000000000000000E+00   0.0000000000000000E+00   0.0000000000000000E+00   0.0000000000000000E+00   0.0000000000000000E+00   0.0000000000000000E+00   0.0000000000000000E+00
  1.0861771876368154E+00   2.4309763041471162E+09   1.9994544482634027E+07   2.3598591439743584E+10   1.1747943249885624E+07   8.4225269176730524E+02   5.2057329290154080E+01   6.6941185428847279E+05   1.1473501633762155E+04   4.6286882846605742E-01   2.5605047722928171E+03   1.6536961999396691E+01   6.5244882729191739E-07   2.0050848428755612E+05   2.4470518050854858E+02   4.0020581718248516E-02   0.0000000000000000E+00   0.0000000000000000E+00   0.0000000000000000E+00   0.0000000000000000E+00   0.0000000000000000E+00   0.0000000000000000E+00   0.0000000000000000E+00   0.0000000000000000E+00   0.0000000000000000E+00   0.0000000000000000E+00   0.0000000000000000E+00   0.0000000000000000E+00   0.0000000000000000E+00   0.0000000000000000E+00   0.0000000000000000E+00   0.0000000000000000E+00   0.0000000000000000E+00   0.0000000000000000E+00
  1.0877158176285582E+00   2.3294926837591906E+09   1.9842080250452254E+07   2.2510949162769100E+10   1.1808384273351284E+07   8.8456196350090750E+02   5.3608222647670807E+01   6.4154240809705225E+05   1.1108182878712500E+04   4.6984828781547339E-01   2.4537654596369107E+03   1.6412322314019352E+01   6.9956348491940740E-07   1.9218529057269194E+05   2.4312555259143122E+02   4.1882917188629500E-02   0.0000000000000000E+00   0.0000000000000000E+00   0.0000000000000000E+00   0.0000000000000000E+00   0.0000000000000000E+00   0.0000000000000000E+00   0.0000000000000000E+00   0.0000000000000000E+00   0.0000000000000000E+00   0.0000000000000000E+00   0.0000000000000000E+00   0.0000000000000000E+00   0.0000000000000000E+00   0.0000000000000000E+00   0.0000000000000000E+00   0.0000000000000000E+00   0.0000000000000000E+00   0.0000000000000000E+00
  1.0892815018318442E+00   2.2318779832637248E+09   1.9687981887390811E+07   2.1469184239815304E+10   1.1869224347194402E+07   9.2864245351353816E+02   5.5186982061020018E+01   6.1473713252294017E+05   1.0753034882113447E+04   4.7708835916481385E-01   2.3510937351088869E+03   1.6286302308123933E+01   7.5002913454954601E-07   1.8417883377629161E+05   2.4156914215594475E+02   4.3845949323698036E-02   0.0000000000000000E+00   0.0000000000000000E+00   0.0000000000000000E+00   0.0000000000000000E+00   0.0000000000000000E+00   0.0000000000000000E+00   0.0000000000000000E+00   0.0000000000000000E+00   0.0000000000000000E+00   0.0000000000000000E+00   0.0000000000000000E+00   0.0000000000000000E+00   0.0000000000000000E+00   0.0000000000000000E+00   0.0000000000000000E+00   0.0000000000000000E+00   0.0000000000000000E+00   0.0000000000000000E+00
  1.0908747159493224E+00   2.1380245163592391E+09   1.9532126092438176E+07   2.0471869523983826E+10   1.1930470850069998E+07   9.7453892779365572E+02   5.6791754526067400E+01   5.8896621433664707E+05   1.0407921095792421E+04   4.8459011297957355E-01   2.2523763443581756E+03   1.6158801313940685E+01   8.0404023862528757E-07   1.7648027986103043E+05   2.4003955137755648E+02   4.5915074334177221E-02   0.0000000000000000E+00   0.0000000000000000E+00   0.0000000000000000E+00   0.0000000000000000E+00   0.0000000000000000E+00   0.0000000000000000E+00   0.0000000000000000E+00   0.0000000000000000E+00   0.0000000000000000E+00   0.0000000000000000E+00   0.0000000000000000E+00   0.0000000000000000E+00   0.0000000000000000E+00   0.0000000000000000E+00   0.0000000000000000E+00   0.0000000000000000E+00   0.0000000000000000E+00   0.0000000000000000E+00
  1.0924959440480688E+00   2.0478260970704663E+09   1.9374387191932470E+07   1.9517595046212517E+10   1.1992124695244936E+07   1.0222956482480636E+03   5.8420406530473201E+01   5.6420025316157192E+05   1.0072708254336105E+04   4.9235412063652712E-01   2.1575016099659392E+03   1.6029716735908288E+01   8.6179513165106782E-07   1.6908091767558508E+05   2.3854019008914744E+02   4.8095880636600363E-02   0.0000000000000000E+00   0.0000000000000000E+00   0.0000000000000000E+00   0.0000000000000000E+00   0.0000000000000000E+00   0.0000000000000000E+00   0.0000000000000000E+00   0.0000000000000000E+00   0.0000000000000000E+00   0.0000000000000000E+00   0.0000000000000000E+00   0.0000000000000000E+00   0.0000000000000000E+00   0.0000000000000000E+00   0.0000000000000000E+00   0.0000000000000000E+00   0.0000000000000000E+00   0.0000000000000000E+00
  1.0941456787066632E+00   1.9611776859180865E+09   1.9214638313268967E+07   1.8604964774344376E+10   1.2054179194920531E+07   1.0719563083384910E+03   6.0070511841390037E+01   5.4041016470136470E+05   9.7472651789732627E+03   5.0038050227637665E-01   2.0663590596835743E+03   1.5898945016096143E+01   9.2349518275608800E-07   1.6197213010288725E+05   2.3707424225592840E+02   5.0394147683031701E-02   0.0000000000000000E+00   0.0000000000000000E+00   0.0000000000000000E+00   0.0000000000000000E+00   0.0000000000000000E+00   0.0000000000000000E+00   0.0000000000000000E+00   0.0000000000000000E+00   0.0000000000000000E+00   0.0000000000000000E+00   0.0000000000000000E+00   0.0000000000000000E+00   0.0000000000000000E+00   0.0000000000000000E+00   0.0000000000000000E+00   0.0000000000000000E+00   0.0000000000000000E+00   0.0000000000000000E+00
  1.0958244211648480E+00   1.8779755612620013E+09   1.9052753325369846E+07   1.7732599431474831E+10   1.2116620404893031E+07   1.1235638128193805E+03   6.1739356767833975E+01   5.1756722942637873E+05   9.4314622296815178E+03   5.0866889834326767E-01   1.9788396070456238E+03   1.5766383218039682E+01   9.8934377690218027E-07   1.5514540826094261E+05   2.3564465841365578E+02   5.2815837521828120E-02   0.0000000000000000E+00   0.0000000000000000E+00   0.0000000000000000E+00   0.0000000000000000E+00   0.0000000000000000E+00   0.0000000000000000E+00   0.0000000000000000E+00   0.0000000000000000E+00   0.0000000000000000E+00   0.0000000000000000E+00   0.0000000000000000E+00   0.0000000000000000E+00   0.0000000000000000E+00   0.0000000000000000E+00   0.0000000000000000E+00   0.0000000000000000E+00   0.0000000000000000E+00   0.0000000000000000E+00
  1.0975326814758202E+00   1.7981171235512648E+09   1.8888608547880277E+07   1.6899134974603134E+10   1.2179426427520504E+07   1.1771601437540933E+03   6.3423939806853404E+01   4.9564303977192804E+05   9.1251702018895903E+03   5.1721851273585284E-01   1.8948353459480886E+03   1.5631930426905786E+01   1.0595452846400259E-06   1.4859233563237608E+05   2.3425413268600977E+02   5.5367090405070742E-02   0.0000000000000000E+00   0.0000000000000000E+00   0.0000000000000000E+00   0.0000000000000000E+00   0.0000000000000000E+00   0.0000000000000000E+00   0.0000000000000000E+00   0.0000000000000000E+00   0.0000000000000000E+00   0.0000000000000000E+00   0.0000000000000000E+00   0.0000000000000000E+00   0.0000000000000000E+00   0.0000000000000000E+00   0.0000000000000000E+00   0.0000000000000000E+00   0.0000000000000000E+00   0.0000000000000000E+00
  1.0992709786612012E+00   1.7215007719650960E+09   1.8722084574475352E+07   1.6103222460293230E+10   1.2242567130050996E+07   1.2327862027318849E+03   6.5120980045525670E+01   4.7460946759817749E+05   8.8282591037368165E+03   5.2602813632871614E-01   1.8142394213707032E+03   1.5495489239973541E+01   1.1343039702048319E-06   1.4230457813077478E+05   2.3290508179712808E+02   5.8054217476745183E-02   0.0000000000000000E+00   0.0000000000000000E+00   0.0000000000000000E+00   0.0000000000000000E+00   0.0000000000000000E+00   0.0000000000000000E+00   0.0000000000000000E+00   0.0000000000000000E+00   0.0000000000000000E+00   0.0000000000000000E+00   0.0000000000000000E+00   0.0000000000000000E+00   0.0000000000000000E+00   0.0000000000000000E+00   0.0000000000000000E+00   0.0000000000000000E+00   0.0000000000000000E+00   0.0000000000000000E+00
  1.1010398408687325E+00   1.6480258358065252E+09   1.8553068219896249E+07   1.5343528465958332E+10   1.2306004008066418E+07   1.2904816325623910E+03   6.6826931769585073E+01   4.5443864682958939E+05   8.5405969983013947E+03   5.3509616891293332E-01   1.7369459576981276E+03   1.5356967357254588E+01   1.2138228501060964E-06   1.3627387865802951E+05   2.3159962778137057E+02   6.0883691816577851E-02   0.0000000000000000E+00   0.0000000000000000E+00   0.0000000000000000E+00   0.0000000000000000E+00   0.0000000000000000E+00   0.0000000000000000E+00   0.0000000000000000E+00   0.0000000000000000E+00   0.0000000000000000E+00   0.0000000000000000E+00   0.0000000000000000E+00   0.0000000000000000E+00   0.0000000000000000E+00   0.0000000000000000E+00   0.0000000000000000E+00   0.0000000000000000E+00   0.0000000000000000E+00   0.0000000000000000E+00
  1.1028398055327413E+00   1.5775925689473252E+09   1.8381454615817707E+07   1.4618735770643641E+10   1.2369690036473339E+07   1.3502846133121268E+03   6.8538003174288662E+01   4.3510297342517803E+05   8.2620490725187883E+03   5.4442065232954240E-01   1.6628500533707570E+03   1.5216279293756022E+01   1.2983025053312898E-06   1.3049205683162400E+05   2.3033958739633101E+02   6.3862139042572041E-02   0.0000000000000000E+00   0.0000000000000000E+00   0.0000000000000000E+00   0.0000000000000000E+00   0.0000000000000000E+00   0.0000000000000000E+00   0.0000000000000000E+00   0.0000000000000000E+00   0.0000000000000000E+00   0.0000000000000000E+00   0.0000000000000000E+00   0.0000000000000000E+00   0.0000000000000000E+00   0.0000000000000000E+00   0.0000000000000000E+00   0.0000000000000000E+00   0.0000000000000000E+00   0.0000000000000000E+00
  1.1046714195374312E+00   1.5101021657299302E+09   1.8207149287028637E+07   1.3927544509557039E+10   1.2433569740789738E+07   1.4122316378805015E+03   7.0250182739299902E+01   4.1657511131242092E+05   7.9924766974323757E+03   5.5399929256341851E-01   1.5918477980917378E+03   1.5073348075068752E+01   1.3879398840814904E-06   1.2495101046623371E+05   2.2912646305816182E+02   6.6996325427987155E-02   0.0000000000000000E+00   0.0000000000000000E+00   0.0000000000000000E+00   0.0000000000000000E+00   0.0000000000000000E+00   0.0000000000000000E+00   0.0000000000000000E+00   0.0000000000000000E+00   0.0000000000000000E+00   0.0000000000000000E+00   0.0000000000000000E+00   0.0000000000000000E+00   0.0000000000000000E+00   0.0000000000000000E+00   0.0000000000000000E+00   0.0000000000000000E+00   0.0000000000000000E+00   0.0000000000000000E+00
  1.1065352393830408E+00   1.4454567501662366E+09   1.8030070081794191E+07   1.3268672950570383E+10   1.2497579163244264E+07   1.4763573022650162E+03   7.1959268668738233E+01   3.9882799084897130E+05   7.7317365023089187E+03   5.6382949343167832E-01   1.5238362619235400E+03   1.4928106814065789E+01   1.4829137582650275E-06   1.1964271485573641E+05   2.2796143429188513E+02   7.0293145800403953E-02   0.0000000000000000E+00   0.0000000000000000E+00   0.0000000000000000E+00   0.0000000000000000E+00   0.0000000000000000E+00   0.0000000000000000E+00   0.0000000000000000E+00   0.0000000000000000E+00   0.0000000000000000E+00   0.0000000000000000E+00   0.0000000000000000E+00   0.0000000000000000E+00   0.0000000000000000E+00   0.0000000000000000E+00   0.0000000000000000E+00   0.0000000000000000E+00   0.0000000000000000E+00   0.0000000000000000E+00
  1.1084318313549262E+00   1.3835591955947924E+09   1.7850148503508482E+07   1.2640856548421322E+10   1.2561645241864780E+07   1.5426942354204568E+03   7.3660893120499338E+01   3.8183476034549024E+05   7.4796791218133440E+03   5.7390843379972867E-01   1.4587133059829941E+03   1.4780499798004850E+01   1.5818626268447311E-06   1.1455920812790717E+05   2.2684534062465161E+02   7.3759615530090791E-02   0.0000000000000000E+00   0.0000000000000000E+00   0.0000000000000000E+00   0.0000000000000000E+00   0.0000000000000000E+00   0.0000000000000000E+00   0.0000000000000000E+00   0.0000000000000000E+00   0.0000000000000000E+00   0.0000000000000000E+00   0.0000000000000000E+00   0.0000000000000000E+00   0.0000000000000000E+00   0.0000000000000000E+00   0.0000000000000000E+00   0.0000000000000000E+00   0.0000000000000000E+00   0.0000000000000000E+00
  1.1103617716956165E+00   1.3243137142496545E+09   1.7667332586196359E+07   1.2042854532693789E+10   1.2625687593873249E+07   1.6112725222101251E+03   7.5350582845007125E+01   3.6556895001781423E+05   7.2361498264946131E+03   5.8423298846154781E-01   1.3963782030057569E+03   1.4630484837720994E+01   1.6863139260459610E-06   1.0969263973932530E+05   2.2577871242786091E+02   7.7402842934714833E-02   0.0000000000000000E+00   0.0000000000000000E+00   0.0000000000000000E+00   0.0000000000000000E+00   0.0000000000000000E+00   0.0000000000000000E+00   0.0000000000000000E+00   0.0000000000000000E+00   0.0000000000000000E+00   0.0000000000000000E+00   0.0000000000000000E+00   0.0000000000000000E+00   0.0000000000000000E+00   0.0000000000000000E+00   0.0000000000000000E+00   0.0000000000000000E+00   0.0000000000000000E+00   0.0000000000000000E+00
  1.1123256467798925E+00   1.2676257772856972E+09   1.7481588200389218E+07   1.1473449482302774E+10   1.2689618231601167E+07   1.6821195085317190E+03   7.7023795901813344E+01   3.5000445079912670E+05   7.0009878562049462E+03   5.9479979057032639E-01   1.3367315535666264E+03   1.4478034336457496E+01   1.7964225146351502E-06   1.0503526403506780E+05   2.2476176768896275E+02   8.1230016165376881E-02   0.0000000000000000E+00   0.0000000000000000E+00   0.0000000000000000E+00   0.0000000000000000E+00   0.0000000000000000E+00   0.0000000000000000E+00   0.0000000000000000E+00   0.0000000000000000E+00   0.0000000000000000E+00   0.0000000000000000E+00   0.0000000000000000E+00   0.0000000000000000E+00   0.0000000000000000E+00   0.0000000000000000E+00   0.0000000000000000E+00   0.0000000000000000E+00   0.0000000000000000E+00   0.0000000000000000E+00
  1.1143240532929459E+00   1.2134021654832094E+09   1.7292900268232461E+07   1.0931448449793423E+10   1.2753341827726755E+07   1.7552595419907070E+03   7.8675967006962054E+01   3.3511552910341142E+05   6.7740260799704129E+03   6.0560525630492079E-01   1.2796753396744036E+03   1.4323136283800780E+01   1.9123339082401292E-06   1.0057944449715136E+05   2.2379441617865814E+02   8.5248384989584258E-02   0.0000000000000000E+00   0.0000000000000000E+00   0.0000000000000000E+00   0.0000000000000000E+00   0.0000000000000000E+00   0.0000000000000000E+00   0.0000000000000000E+00   0.0000000000000000E+00   0.0000000000000000E+00   0.0000000000000000E+00   0.0000000000000000E+00   0.0000000000000000E+00   0.0000000000000000E+00   0.0000000000000000E+00   0.0000000000000000E+00   0.0000000000000000E+00   0.0000000000000000E+00   0.0000000000000000E+00
  1.1163575984116705E+00   1.1615510697812467E+09   1.7101273746549606E+07   1.0415684651199390E+10   1.2816756295487847E+07   1.8307136775901886E+03   8.0302558503200160E+01   3.2087685515502508E+05   6.5550908680107532E+03   6.1664558545683679E-01   1.2251130307054227E+03   1.4165795060222306E+01   2.0341835211902883E-06   9.6317662051924301E+04   2.2287626706860968E+02   8.9465238373690734E-02   0.0000000000000000E+00   0.0000000000000000E+00   0.0000000000000000E+00   0.0000000000000000E+00   0.0000000000000000E+00   0.0000000000000000E+00   0.0000000000000000E+00   0.0000000000000000E+00   0.0000000000000000E+00   0.0000000000000000E+00   0.0000000000000000E+00   0.0000000000000000E+00   0.0000000000000000E+00   0.0000000000000000E+00   0.0000000000000000E+00   0.0000000000000000E+00   0.0000000000000000E+00   0.0000000000000000E+00
  1.1184268999891407E+00   1.1119821660188584E+09   1.6906734219922043E+07   9.9250183461103325E+09   1.2879752983685885E+07   1.9084994388190082E+03   8.1899103773340414E+01   3.0726352383107506E+05   6.3440021773146736E+03   6.2791679970101810E-01   1.1729496621263922E+03   1.4006031923719149E+01   2.1620960251172487E-06   9.2242521228458470E+04   2.2200664099882491E+02   9.3887885980865865E-02   0.0000000000000000E+00   0.0000000000000000E+00   0.0000000000000000E+00   0.0000000000000000E+00   0.0000000000000000E+00   0.0000000000000000E+00   0.0000000000000000E+00   0.0000000000000000E+00   0.0000000000000000E+00   0.0000000000000000E+00   0.0000000000000000E+00   0.0000000000000000E+00   0.0000000000000000E+00   0.0000000000000000E+00   0.0000000000000000E+00   0.0000000000000000E+00   0.0000000000000000E+00   0.0000000000000000E+00
  1.1205325867423348E+00   1.0646069053800275E+09   1.6709328829788214E+07   9.4583399655254688E+09   1.2942217922510624E+07   1.9886303229903779E+03   8.3461268184505471E+01   2.9425113487600908E+05   6.1405742815412323E+03   6.3941469977067000E-01   1.1230921410926401E+03   1.3843885772760176E+01   2.2961847086716037E-06   8.8346773998547214E+04   2.2118459587636769E+02   9.8523626633552727E-02   0.0000000000000000E+00   0.0000000000000000E+00   0.0000000000000000E+00   0.0000000000000000E+00   0.0000000000000000E+00   0.0000000000000000E+00   0.0000000000000000E+00   0.0000000000000000E+00   0.0000000000000000E+00   0.0000000000000000E+00   0.0000000000000000E+00   0.0000000000000000E+00   0.0000000000000000E+00   0.0000000000000000E+00   0.0000000000000000E+00   0.0000000000000000E+00   0.0000000000000000E+00   0.0000000000000000E+00
  1.1226752984431581E+00   1.0193380718831193E+09   1.6509124275311066E+07   9.0145663492281666E+09   1.3004030518797336E+07   2.0711162215801369E+03   8.4984858237286318E+01   2.8181567059161718E+05   5.9446145950134005E+03   6.5113501607296642E-01   1.0754487807110584E+03   1.3679411509665675E+01   2.4365514890750223E-06   8.4623283389715754E+04   2.2040890514236230E+02   1.0337974785506734E-01   0.0000000000000000E+00   0.0000000000000000E+00   0.0000000000000000E+00   0.0000000000000000E+00   0.0000000000000000E+00   0.0000000000000000E+00   0.0000000000000000E+00   0.0000000000000000E+00   0.0000000000000000E+00   0.0000000000000000E+00   0.0000000000000000E+00   0.0000000000000000E+00   0.0000000000000000E+00   0.0000000000000000E+00   0.0000000000000000E+00   0.0000000000000000E+00   0.0000000000000000E+00   0.0000000000000000E+00
  1.1248556861128247E+00   9.7609032914857888E+08   1.6306207766551960E+07   8.5926458394003468E+09   1.3065065488138692E+07   2.1559627563518275E+03   8.6465885292187110E+01   2.6993364623227692E+05   5.7559254357164682E+03   6.6307332477630865E-01   1.0299298751491472E+03   1.3512680825405793E+01   2.5832863706414227E-06   8.1065068299935068E+04   2.1967810559308808E+02   1.0846348714106514E-01   0.0000000000000000E+00   0.0000000000000000E+00   0.0000000000000000E+00   0.0000000000000000E+00   0.0000000000000000E+00   0.0000000000000000E+00   0.0000000000000000E+00   0.0000000000000000E+00   0.0000000000000000E+00   0.0000000000000000E+00   0.0000000000000000E+00   0.0000000000000000E+00   0.0000000000000000E+00   0.0000000000000000E+00   0.0000000000000000E+00   0.0000000000000000E+00   0.0000000000000000E+00   0.0000000000000000E+00
  1.1270744122196581E+00   9.3478058267593920E+08   1.6100687446465347E+07   8.1915613931480532E+09   1.3125194399682336E+07   2.2431706363905023E+03   8.7900623745045223E+01   2.5858220927945452E+05   5.5743055096003791E+03   6.7522499216487042E-01   9.8644808063878884E+02   1.3343782551099800E+01   2.7364670565776467E-06   7.7665333164483629E+04   2.1899053838687246E+02   1.1378199375147739E-01   0.0000000000000000E+00   0.0000000000000000E+00   0.0000000000000000E+00   0.0000000000000000E+00   0.0000000000000000E+00   0.0000000000000000E+00   0.0000000000000000E+00   0.0000000000000000E+00   0.0000000000000000E+00   0.0000000000000000E+00   0.0000000000000000E+00   0.0000000000000000E+00   0.0000000000000000E+00   0.0000000000000000E+00   0.0000000000000000E+00   0.0000000000000000E+00   0.0000000000000000E+00   0.0000000000000000E+00
  1.1293321508803693E+00   8.9532785924760354E+08   1.5892690682917615E+07   7.8103294711658392E+09   1.3184285793158554E+07   2.3327356626940973E+03   8.9285635209912456E+01   2.4773910536045226E+05   5.3995500153099665E+03   6.8758522748675044E-01   9.4491828827617951E+02   1.3172821262956017E+01   2.8961590914880636E-06   7.4417457931757774E+04   2.1834435561245613E+02   1.1934230983208229E-01   0.0000000000000000E+00   0.0000000000000000E+00   0.0000000000000000E+00   0.0000000000000000E+00   0.0000000000000000E+00   0.0000000000000000E+00   0.0000000000000000E+00   0.0000000000000000E+00   0.0000000000000000E+00   0.0000000000000000E+00   0.0000000000000000E+00   0.0000000000000000E+00   0.0000000000000000E+00   0.0000000000000000E+00   0.0000000000000000E+00   0.0000000000000000E+00   0.0000000000000000E+00   0.0000000000000000E+00
  1.1316295880648737E+00   8.5765334882249999E+08   1.5682362625813702E+07   7.4480001887096605E+09   1.3242205716711078E+07   2.4246485970694334E+03   9.0617793563593665E+01   2.3738268879772144E+05   5.2314513322321491E+03   7.0014911190758389E-01   9.0525766773054215E+02   1.2999916104958313E+01   3.0624159941232279E-06   7.1315001356283552E+04   2.1773754051740971E+02   1.2515134752184962E-01   0.0000000000000000E+00   0.0000000000000000E+00   0.0000000000000000E+00   0.0000000000000000E+00   0.0000000000000000E+00   0.0000000000000000E+00   0.0000000000000000E+00   0.0000000000000000E+00   0.0000000000000000E+00   0.0000000000000000E+00   0.0000000000000000E+00   0.0000000000000000E+00   0.0000000000000000E+00   0.0000000000000000E+00   0.0000000000000000E+00   0.0000000000000000E+00   0.0000000000000000E+00   0.0000000000000000E+00
  1.1339674218047104E+00   8.2168048556553948E+08   1.5469864684642656E+07   7.1036579513833933E+09   1.3298818665313171E+07   2.5188949726361548E+03   9.1894312311864581E+01   2.2749194388452664E+05   5.0697998320303441E+03   7.1291159145941119E-01   8.6738575208329394E+02   1.2825199546249388E+01   3.2352794811790308E-06   6.8351707489894543E+04   2.1716792858460755E+02   1.3121585960681656E-01   0.0000000000000000E+00   0.0000000000000000E+00   0.0000000000000000E+00   0.0000000000000000E+00   0.0000000000000000E+00   0.0000000000000000E+00   0.0000000000000000E+00   0.0000000000000000E+00   0.0000000000000000E+00   0.0000000000000000E+00   0.0000000000000000E+00   0.0000000000000000E+00   0.0000000000000000E+00   0.0000000000000000E+00   0.0000000000000000E+00   0.0000000000000000E+00   0.0000000000000000E+00   0.0000000000000000E+00
  1.1363463624051242E+00   7.8733492773913836E+08   1.5255372358827695E+07   6.7764209147571478E+09   1.3353987952755129E+07   2.6154551624757078E+03   9.3112751627072115E+01   2.1804647809383617E+05   4.9143844808132098E+03   7.2586752690917522E-01   8.3122441617744562E+02   1.2648815607840833E+01   3.4147798775897671E-06   6.5521503839940124E+04   2.1663322461502608E+02   1.3754242189146618E-01   0.0000000000000000E+00   0.0000000000000000E+00   0.0000000000000000E+00   0.0000000000000000E+00   0.0000000000000000E+00   0.0000000000000000E+00   0.0000000000000000E+00   0.0000000000000000E+00   0.0000000000000000E+00   0.0000000000000000E+00   0.0000000000000000E+00   0.0000000000000000E+00   0.0000000000000000E+00   0.0000000000000000E+00   0.0000000000000000E+00   0.0000000000000000E+00   0.0000000000000000E+00   0.0000000000000000E+00
  1.1387671326608793E+00   7.5454487697607458E+08   1.5039074764240595E+07   6.4654433368610420E+09   1.3407577551216677E+07   2.7143036664348510E+03   9.4271058666351252E+01   2.0902660889323076E+05   4.7649945875620033E+03   7.3901161804420556E-01   7.9669821219677010E+02   1.2470919480744268E+01   3.6009361568663165E-06   6.2818527437566510E+04   2.1613104657447656E+02   1.4413738572065360E-01   0.0000000000000000E+00   0.0000000000000000E+00   0.0000000000000000E+00   0.0000000000000000E+00   0.0000000000000000E+00   0.0000000000000000E+00   0.0000000000000000E+00   0.0000000000000000E+00   0.0000000000000000E+00   0.0000000000000000E+00   0.0000000000000000E+00   0.0000000000000000E+00   0.0000000000000000E+00   0.0000000000000000E+00   0.0000000000000000E+00   0.0000000000000000E+00   0.0000000000000000E+00   0.0000000000000000E+00
  1.1412304680758660E+00   7.2324033122471583E+08   1.4821168222337728E+07   6.1699088518689346E+09   1.3459449629277706E+07   2.8154110753838559E+03   9.5367480502782939E+01   2.0041315626023847E+05   4.6214179738351777E+03   7.5233870774200495E-01   7.6373358269965161E+02   1.2291672272644306E+01   3.7917001253098294E-06   6.0237063164613493E+04   2.1565888407056943E+02   1.5100692800411780E-01   0.0000000000000000E+00   0.0000000000000000E+00   0.0000000000000000E+00   0.0000000000000000E+00   0.0000000000000000E+00   0.0000000000000000E+00   0.0000000000000000E+00   0.0000000000000000E+00   0.0000000000000000E+00   0.0000000000000000E+00   0.0000000000000000E+00   0.0000000000000000E+00   0.0000000000000000E+00   0.0000000000000000E+00   0.0000000000000000E+00   0.0000000000000000E+00   0.0000000000000000E+00   0.0000000000000000E+00
  1.1437371170865689E+00   6.9335380320950985E+08   1.4601857706658492E+07   5.8890361726471844E+09   1.3509467902197044E+07   2.9187426166135097E+03   9.6400630370462181E+01   1.9218763958670746E+05   4.4834440615934163E+03   7.6584357445941864E-01   7.3225961635693693E+02   1.2111242201219877E+01   3.9885439023611531E-06   5.7771602645607476E+04   2.1521417231077453E+02   1.5815697544222648E-01   0.0000000000000000E+00   0.0000000000000000E+00   0.0000000000000000E+00   0.0000000000000000E+00   0.0000000000000000E+00   0.0000000000000000E+00   0.0000000000000000E+00   0.0000000000000000E+00   0.0000000000000000E+00   0.0000000000000000E+00   0.0000000000000000E+00   0.0000000000000000E+00   0.0000000000000000E+00   0.0000000000000000E+00   0.0000000000000000E+00   0.0000000000000000E+00   0.0000000000000000E+00   0.0000000000000000E+00
  1.1462878412894646E+00   6.6482053471012330E+08   1.4381356216045368E+07   5.6220803338950615E+09   1.3557499351777317E+07   3.0242574469199899E+03   9.7369515457519327E+01   1.8433233554249423E+05   4.3508653627103831E+03   7.7952086056105196E-01   7.0220827310766799E+02   1.1929804085168952E+01   4.1918107376400246E-06   5.5416861709577992E+04   2.1479433009184265E+02   1.6559315472802444E-01   0.0000000000000000E+00   0.0000000000000000E+00   0.0000000000000000E+00   0.0000000000000000E+00   0.0000000000000000E+00   0.0000000000000000E+00   0.0000000000000000E+00   0.0000000000000000E+00   0.0000000000000000E+00   0.0000000000000000E+00   0.0000000000000000E+00   0.0000000000000000E+00   0.0000000000000000E+00   0.0000000000000000E+00   0.0000000000000000E+00   0.0000000000000000E+00   0.0000000000000000E+00   0.0000000000000000E+00
  1.1488834156724195E+00   6.3757824700601804E+08   1.4159881447864806E+07   5.3683299986663485E+09   1.3603413980586035E+07   3.1319092678421689E+03   9.8273502216793574E+01   1.7683020796174341E+05   4.2234773412994518E+03   7.9336518176248050E-01   6.7351412099356230E+02   1.1747536619164702E+01   4.4014749068260252E-06   5.3167759676959213E+04   2.1439675992264245E+02   1.7332079305412618E-01   0.0000000000000000E+00   0.0000000000000000E+00   0.0000000000000000E+00   0.0000000000000000E+00   0.0000000000000000E+00   0.0000000000000000E+00   0.0000000000000000E+00   0.0000000000000000E+00   0.0000000000000000E+00   0.0000000000000000E+00   0.0000000000000000E+00   0.0000000000000000E+00   0.0000000000000000E+00   0.0000000000000000E+00   0.0000000000000000E+00   0.0000000000000000E+00   0.0000000000000000E+00   0.0000000000000000E+00
  1.1515246288501526E+00   6.1156710217006731E+08   1.3937653713933488E+07   5.1271064600368872E+09   1.3647085226980967E+07   3.2416464900041237E+03   9.9112296627977770E+01   1.6966489593919122E+05   4.1010789856645297E+03   8.0737118088152859E-01   6.4611429497601648E+02   1.1564620668075396E+01   4.6175028040942687E-06   5.1019416000545993E+04   2.1401886602675353E+02   1.8134490545024667E-01   0.0000000000000000E+00   0.0000000000000000E+00   0.0000000000000000E+00   0.0000000000000000E+00   0.0000000000000000E+00   0.0000000000000000E+00   0.0000000000000000E+00   0.0000000000000000E+00   0.0000000000000000E+00   0.0000000000000000E+00   0.0000000000000000E+00   0.0000000000000000E+00   0.0000000000000000E+00   0.0000000000000000E+00   0.0000000000000000E+00   0.0000000000000000E+00   0.0000000000000000E+00   0.0000000000000000E+00
  1.1542122833038420E+00   5.8672962668929541E+08   1.3714893646814020E+07   4.8977626873484325E+09   1.3688390655375950E+07   3.3534125144817999E+03   9.9885926707621223E+01   1.6282069169471602E+05   3.9834730881823984E+03   8.2153353443720734E-01   6.1994841609548041E+02   1.1381237387645720E+01   4.8398537155132748E-06   4.8967143815689546E+04   2.1365806024952025E+02   1.8967017526957117E-01   0.0000000000000000E+00   0.0000000000000000E+00   0.0000000000000000E+00   0.0000000000000000E+00   0.0000000000000000E+00   0.0000000000000000E+00   0.0000000000000000E+00   0.0000000000000000E+00   0.0000000000000000E+00   0.0000000000000000E+00   0.0000000000000000E+00   0.0000000000000000E+00   0.0000000000000000E+00   0.0000000000000000E+00   0.0000000000000000E+00   0.0000000000000000E+00   0.0000000000000000E+00   0.0000000000000000E+00
  1.1569471956249431E+00   5.6301074995429671E+08   1.3491820948359024E+07   4.6796829212658434E+09   1.3727212674547942E+07   3.4671456438065297E+03   1.0059472979723876E+02   1.5628255013465014E+05   3.8704670287768936E+03   8.3584696876108788E-01   5.9495863164934576E+02   1.1197567200166773E+01   5.0684802622535682E-06   4.7006452967187324E+04   2.1331178526231778E+02   1.9830093192245721E-01   0.0000000000000000E+00   0.0000000000000000E+00   0.0000000000000000E+00   0.0000000000000000E+00   0.0000000000000000E+00   0.0000000000000000E+00   0.0000000000000000E+00   0.0000000000000000E+00   0.0000000000000000E+00   0.0000000000000000E+00   0.0000000000000000E+00   0.0000000000000000E+00   0.0000000000000000E+00   0.0000000000000000E+00   0.0000000000000000E+00   0.0000000000000000E+00   0.0000000000000000E+00   0.0000000000000000E+00
  1.1597301967632936E+00   5.4035761329975879E+08   1.3268651614958191E+07   4.4722805065830307E+09   1.3763438236927478E+07   3.5827799669238566E+03   1.0123930104437383E+02   1.5003603517930830E+05   3.7618726274328687E+03   8.5030637058183889E-01   5.7108941376641769E+02   1.1013787520568279E+01   5.3033292736549253E-06   4.5133034141007825E+04   2.1297751451297097E+02   2.0724116611583476E-01   0.0000000000000000E+00   0.0000000000000000E+00   0.0000000000000000E+00   0.0000000000000000E+00   0.0000000000000000E+00   0.0000000000000000E+00   0.0000000000000000E+00   0.0000000000000000E+00   0.0000000000000000E+00   0.0000000000000000E+00   0.0000000000000000E+00   0.0000000000000000E+00   0.0000000000000000E+00   0.0000000000000000E+00   0.0000000000000000E+00   0.0000000000000000E+00   0.0000000000000000E+00   0.0000000000000000E+00
  1.1625621322795818E+00   5.1871997726012939E+08   1.3045600077057052E+07   4.2750006442713652E+09   1.3796961708503401E+07   3.7002433197728842E+03   1.0182056176186046E+02   1.4406743143277438E+05   3.6575082056488759E+03   8.6490655910317760E-01   5.4828798810724106E+02   1.0830074509442534E+01   5.5443413695421003E-06   4.3342792345237402E+04   2.1265280397577345E+02   2.1649442154574725E-01   0.0000000000000000E+00   0.0000000000000000E+00   0.0000000000000000E+00   0.0000000000000000E+00   0.0000000000000000E+00   0.0000000000000000E+00   0.0000000000000000E+00   0.0000000000000000E+00   0.0000000000000000E+00   0.0000000000000000E+00   0.0000000000000000E+00   0.0000000000000000E+00   0.0000000000000000E+00   0.0000000000000000E+00   0.0000000000000000E+00   0.0000000000000000E+00   0.0000000000000000E+00   0.0000000000000000E+00
  1.1654438626022534E+00   4.9804883601240814E+08   1.2822866934149772E+07   4.0873085628309245E+09   1.3827677969685012E+07   3.8194646184574881E+03   1.0233945045263062E+02   1.3836336070738637E+05   3.5571937426362365E+03   8.7964308795683055E-01   5.2650287419234905E+02   1.0646593022593356E+01   5.7914545248928415E-06   4.1631732528774875E+04   2.1233518085357966E+02   2.2606408819819249E-01   0.0000000000000000E+00   0.0000000000000000E+00   0.0000000000000000E+00   0.0000000000000000E+00   0.0000000000000000E+00   0.0000000000000000E+00   0.0000000000000000E+00   0.0000000000000000E+00   0.0000000000000000E+00   0.0000000000000000E+00   0.0000000000000000E+00   0.0000000000000000E+00   0.0000000000000000E+00   0.0000000000000000E+00   0.0000000000000000E+00   0.0000000000000000E+00   0.0000000000000000E+00   0.0000000000000000E+00
  1.1683762632889361E+00   4.7829795181329340E+08   1.2600650605529232E+07   3.9087014780191607E+09   1.3855491023490041E+07   3.9403662276097930E+03   1.0279721379155799E+02   1.3291120524463349E+05   3.4607571623701165E+03   8.9451138206102776E-01   5.0568550146781251E+02   1.0463506159680747E+01   6.0446009050851597E-06   3.9996086068352655E+04   2.1202229330681425E+02   2.3595305632284155E-01   0.0000000000000000E+00   0.0000000000000000E+00   0.0000000000000000E+00   0.0000000000000000E+00   0.0000000000000000E+00   0.0000000000000000E+00   0.0000000000000000E+00   0.0000000000000000E+00   0.0000000000000000E+00   0.0000000000000000E+00   0.0000000000000000E+00   0.0000000000000000E+00   0.0000000000000000E+00   0.0000000000000000E+00   0.0000000000000000E+00   0.0000000000000000E+00   0.0000000000000000E+00   0.0000000000000000E+00
  1.1713602252924609E+00   4.5942337768026781E+08   1.2379143426140504E+07   3.7387040690210805E+09   1.3880312379420348E+07   4.0628658077565169E+03   1.0319531713705466E+02   1.2769897540760343E+05   3.3680329559431611E+03   9.0950696190376845E-01   4.8578970653239429E+02   1.0280972061285109E+01   6.3037081442342878E-06   3.8432271379347942E+04   2.1171188373580173E+02   2.4616377479982751E-01   0.0000000000000000E+00   0.0000000000000000E+00   0.0000000000000000E+00   0.0000000000000000E+00   0.0000000000000000E+00   0.0000000000000000E+00   0.0000000000000000E+00   0.0000000000000000E+00   0.0000000000000000E+00   0.0000000000000000E+00   0.0000000000000000E+00   0.0000000000000000E+00   0.0000000000000000E+00   0.0000000000000000E+00   0.0000000000000000E+00   0.0000000000000000E+00   0.0000000000000000E+00   0.0000000000000000E+00
  1.1743966552315608E+00   4.4138325760783780E+08   1.2158529890314948E+07   3.5768661628864322E+09   1.3902060362565542E+07   4.1868771909655152E+03   1.0353539067392623E+02   1.2271525404973139E+05   3.2788618243720630E+03   9.2462557470007822E-01   4.6677152267141901E+02   1.0099142468435272E+01   6.5686999504325030E-06   3.6936877408674794E+04   2.1140178820039307E+02   2.5669828013129908E-01   0.0000000000000000E+00   0.0000000000000000E+00   0.0000000000000000E+00   0.0000000000000000E+00   0.0000000000000000E+00   0.0000000000000000E+00   0.0000000000000000E+00   0.0000000000000000E+00   0.0000000000000000E+00   0.0000000000000000E+00   0.0000000000000000E+00   0.0000000000000000E+00   0.0000000000000000E+00   0.0000000000000000E+00   0.0000000000000000E+00   0.0000000000000000E+00   0.0000000000000000E+00   0.0000000000000000E+00
  1.1774864756663284E+00   4.2413770118123204E+08   1.1938985491492156E+07   3.4227614202328124E+09   1.3920660334134212E+07   4.3123108735684718E+03   1.0381920446176433E+02   1.1794916161385197E+05   3.1930904245847714E+03   9.3986318919703471E-01   4.4858904775477265E+02   9.9181617686900232E+00   6.8394967115970074E-06   3.5506653277029385E+04   2.1108992904574748E+02   2.6755818764744765E-01   0.0000000000000000E+00   0.0000000000000000E+00   0.0000000000000000E+00   0.0000000000000000E+00   0.0000000000000000E+00   0.0000000000000000E+00   0.0000000000000000E+00   0.0000000000000000E+00   0.0000000000000000E+00   0.0000000000000000E+00   0.0000000000000000E+00   0.0000000000000000E+00   0.0000000000000000E+00   0.0000000000000000E+00   0.0000000000000000E+00   0.0000000000000000E+00   0.0000000000000000E+00   0.0000000000000000E+00
  1.1806306253785190E+00   4.0764871497169781E+08   1.1720676265705356E+07   3.2759862308690829E+09   1.3936044710987166E+07   4.4390742773042684E+03   1.0404864463772206E+02   1.1339033692645990E+05   3.1105713897672663E+03   9.5521602193300603E-01   4.3120237200017800E+02   9.7381666204072825E+00   7.1151230692213750E-06   3.4138502617250517E+04   2.1077431990714516E+02   2.7874468882141912E-01   0.0000000000000000E+00   0.0000000000000000E+00   0.0000000000000000E+00   0.0000000000000000E+00   0.0000000000000000E+00   0.0000000000000000E+00   0.0000000000000000E+00   0.0000000000000000E+00   0.0000000000000000E+00   0.0000000000000000E+00   0.0000000000000000E+00   0.0000000000000000E+00   0.0000000000000000E+00   0.0000000000000000E+00   0.0000000000000000E+00   0.0000000000000000E+00   0.0000000000000000E+00   0.0000000000000000E+00
  1.1838300596567810E+00   3.9188012819324130E+08   1.1503758436178802E+07   3.1361585881859608E+09   1.3948152885143030E+07   4.5670720535045211E+03   1.0422568890480720E+02   1.0902891648539677E+05   3.0311632901611433E+03   9.7068056754459298E-01   4.1457349972374766E+02   9.5592856600820202E+00   7.3947421926883306E-06   3.2829477451982639E+04   2.1045306965199927E+02   2.9025855329313516E-01   0.0000000000000000E+00   0.0000000000000000E+00   0.0000000000000000E+00   0.0000000000000000E+00   0.0000000000000000E+00   0.0000000000000000E+00   0.0000000000000000E+00   0.0000000000000000E+00   0.0000000000000000E+00   0.0000000000000000E+00   0.0000000000000000E+00   0.0000000000000000E+00   0.0000000000000000E+00   0.0000000000000000E+00   0.0000000000000000E+00   0.0000000000000000E+00   0.0000000000000000E+00   0.0000000000000000E+00
  1.1870857505869004E+00   3.7679753797976798E+08   1.1288378384528594E+07   3.0029171865384130E+09   1.3956931314169997E+07   4.6962061841203977E+03   1.0435239199821564E+02   1.0485551925707927E+05   2.9547306256971165E+03   9.8625359626885167E-01   3.9866629179558856E+02   9.3816394767491182E+00   7.6797736493971502E-06   3.1576773705479649E+04   2.1012438600858431E+02   3.0210011972687240E-01   0.0000000000000000E+00   0.0000000000000000E+00   0.0000000000000000E+00   0.0000000000000000E+00   0.0000000000000000E+00   0.0000000000000000E+00   0.0000000000000000E+00   0.0000000000000000E+00   0.0000000000000000E+00   0.0000000000000000E+00   0.0000000000000000E+00   0.0000000000000000E+00   0.0000000000000000E+00   0.0000000000000000E+00   0.0000000000000000E+00   0.0000000000000000E+00   0.0000000000000000E+00   0.0000000000000000E+00
  1.1903986873471515E+00   3.6236818071861547E+08   1.1074671964188412E+07   2.8759199596087074E+09   1.3962333034434184E+07   4.8263767751384512E+03   1.0443084816215097E+02   1.0086121109258624E+05   2.8811434752455280E+03   1.0019322116845180E+00   3.8344633019992614E+02   9.2053400489861179E+00   7.9701288861457016E-06   3.0377720613165722E+04   2.0978657097308272E+02   3.1426932239428268E-01   0.0000000000000000E+00   0.0000000000000000E+00   0.0000000000000000E+00   0.0000000000000000E+00   0.0000000000000000E+00   0.0000000000000000E+00   0.0000000000000000E+00   0.0000000000000000E+00   0.0000000000000000E+00   0.0000000000000000E+00   0.0000000000000000E+00   0.0000000000000000E+00   0.0000000000000000E+00   0.0000000000000000E+00   0.0000000000000000E+00   0.0000000000000000E+00   0.0000000000000000E+00   0.0000000000000000E+00
  1.1937698765088389E+00   3.4856101960825336E+08   1.0862766222886870E+07   2.7548443460220041E+09   1.3964318739058498E+07   4.9574806884593445E+03   1.0446322961908746E+02   9.7037528994556138E+04   2.8102780321232226E+03   1.0177137063789026E+00   3.6888101049960113E+02   9.0304921514815710E+00   8.2657170958631988E-06   2.9229788018092750E+04   2.0943803716185587E+02   3.2676561018786415E-01   0.0000000000000000E+00   0.0000000000000000E+00   0.0000000000000000E+00   0.0000000000000000E+00   0.0000000000000000E+00   0.0000000000000000E+00   0.0000000000000000E+00   0.0000000000000000E+00   0.0000000000000000E+00   0.0000000000000000E+00   0.0000000000000000E+00   0.0000000000000000E+00   0.0000000000000000E+00   0.0000000000000000E+00   0.0000000000000000E+00   0.0000000000000000E+00   0.0000000000000000E+00   0.0000000000000000E+00
  1.1972003423421254E+00   3.3534619412200713E+08   1.0652774191017881E+07   2.6393826086176195E+09   1.3962852967968438E+07   5.0894170032226775E+03   1.0445159649895979E+02   9.3376328969232680E+04   2.7420143634484643E+03   1.0335960133957529E+00   3.5493896176206715E+02   8.8571890949920373E+00   8.5664472008638109E-06   2.8130540901868615E+04   2.0907725662570817E+02   3.3958821356834695E-01   0.0000000000000000E+00   0.0000000000000000E+00   0.0000000000000000E+00   0.0000000000000000E+00   0.0000000000000000E+00   0.0000000000000000E+00   0.0000000000000000E+00   0.0000000000000000E+00   0.0000000000000000E+00   0.0000000000000000E+00   0.0000000000000000E+00   0.0000000000000000E+00   0.0000000000000000E+00   0.0000000000000000E+00   0.0000000000000000E+00   0.0000000000000000E+00   0.0000000000000000E+00   0.0000000000000000E+00
  1.2006911271272349E+00   3.2269522811888885E+08   1.0444797873117298E+07   2.5292431383748188E+09   1.3957905696421416E+07   5.2220851493081618E+03   1.0439795993060170E+02   8.9869843709606226E+04   2.6762373719566572E+03   1.0495774802089177E+00   3.4159026607138884E+02   8.6855151751978603E+00   8.8722270353451976E-06   2.7077656651293797E+04   2.0870278519163000E+02   3.5273604545232978E-01   0.0000000000000000E+00   0.0000000000000000E+00   0.0000000000000000E+00   0.0000000000000000E+00   0.0000000000000000E+00   0.0000000000000000E+00   0.0000000000000000E+00   0.0000000000000000E+00   0.0000000000000000E+00   0.0000000000000000E+00   0.0000000000000000E+00   0.0000000000000000E+00   0.0000000000000000E+00   0.0000000000000000E+00   0.0000000000000000E+00   0.0000000000000000E+00   0.0000000000000000E+00   0.0000000000000000E+00
  1.2042432914711307E+00   3.1058138221370363E+08   1.0238933414409190E+07   2.4241527817186089E+09   1.3949455544500915E+07   5.3553799894116028E+03   1.0430443641604604E+02   8.6510780251858712E+04   2.6128384645986498E+03   1.0656564234792538E+00   3.2880683023534340E+02   8.5155498928551729E+00   9.1829615411416198E-06   2.6068954298506782E+04   2.0831330757685609E+02   3.6620743759407504E-01   0.0000000000000000E+00   0.0000000000000000E+00   0.0000000000000000E+00   0.0000000000000000E+00   0.0000000000000000E+00   0.0000000000000000E+00   0.0000000000000000E+00   0.0000000000000000E+00   0.0000000000000000E+00   0.0000000000000000E+00   0.0000000000000000E+00   0.0000000000000000E+00   0.0000000000000000E+00   0.0000000000000000E+00   0.0000000000000000E+00   0.0000000000000000E+00   0.0000000000000000E+00   0.0000000000000000E+00
  1.2078579146297592E+00   2.9897930211736089E+08   1.0035268327460041E+07   2.3238537303773079E+09   1.3937487535256712E+07   5.4891948054601326E+03   1.0417314347042559E+02   8.3292222936330872E+04   2.5517141289250044E+03   1.0818313676588900E+00   3.1656201539011244E+02   8.3473656850833748E+00   9.4985539607471735E-06   2.5102365519765695E+04   2.0790760767566033E+02   3.8000028777251904E-01   0.0000000000000000E+00   0.0000000000000000E+00   0.0000000000000000E+00   0.0000000000000000E+00   0.0000000000000000E+00   0.0000000000000000E+00   0.0000000000000000E+00   0.0000000000000000E+00   0.0000000000000000E+00   0.0000000000000000E+00   0.0000000000000000E+00   0.0000000000000000E+00   0.0000000000000000E+00   0.0000000000000000E+00   0.0000000000000000E+00   0.0000000000000000E+00   0.0000000000000000E+00   0.0000000000000000E+00
  1.2115360948359608E+00   2.8786491472594064E+08   9.8338814771919828E+06   2.2281022609895120E+09   1.3921992187040664E+07   5.6234220282306160E+03   1.0400616560328741E+02   8.0207604862321881E+04   2.4927656073405201E+03   1.0981011313292601E+00   3.0483052773836158E+02   8.1810279157228987E+00   9.8189058725593512E-06   2.4175926121277676E+04   2.0748457035168144E+02   3.9411211670048557E-01   0.0000000000000000E+00   0.0000000000000000E+00   0.0000000000000000E+00   0.0000000000000000E+00   0.0000000000000000E+00   0.0000000000000000E+00   0.0000000000000000E+00   0.0000000000000000E+00   0.0000000000000000E+00   0.0000000000000000E+00   0.0000000000000000E+00   0.0000000000000000E+00   0.0000000000000000E+00   0.0000000000000000E+00   0.0000000000000000E+00   0.0000000000000000E+00   0.0000000000000000E+00   0.0000000000000000E+00
  1.2152789496331473E+00   2.7721531713824773E+08   9.6348426976631135E+06   2.1366678782390120E+09   1.3902965610204814E+07   5.7579539114581121E+03   1.0380554671317782E+02   7.7250677520344194E+04   2.4358983273073568E+03   1.1144647041193398E+00   2.9358830177261484E+02   8.0165945579669557E+00   1.0143917845899163E-05   2.3287766941991998E+04   2.0704315696127040E+02   4.0854005465149595E-01   0.0000000000000000E+00   0.0000000000000000E+00   0.0000000000000000E+00   0.0000000000000000E+00   0.0000000000000000E+00   0.0000000000000000E+00   0.0000000000000000E+00   0.0000000000000000E+00   0.0000000000000000E+00   0.0000000000000000E+00   0.0000000000000000E+00   0.0000000000000000E+00   0.0000000000000000E+00   0.0000000000000000E+00   0.0000000000000000E+00   0.0000000000000000E+00   0.0000000000000000E+00   0.0000000000000000E+00
  1.2190876162148445E+00   2.6700873094344848E+08   9.4382133990187049E+06   2.0493325515132086E+09   1.3880408979153374E+07   5.8926827635110385E+03   1.0357327613840046E+02   7.4415498367166976E+04   2.3810217958861826E+03   1.1309212650225915E+00   2.8281245235045265E+02   7.8541166936138165E+00   1.0473489302876990E-05   2.2436110153844580E+04   2.0658241060085089E+02   4.2328087028557482E-01   0.0000000000000000E+00   0.0000000000000000E+00   0.0000000000000000E+00   0.0000000000000000E+00   0.0000000000000000E+00   0.0000000000000000E+00   0.0000000000000000E+00   0.0000000000000000E+00   0.0000000000000000E+00   0.0000000000000000E+00   0.0000000000000000E+00   0.0000000000000000E+00   0.0000000000000000E+00   0.0000000000000000E+00   0.0000000000000000E+00   0.0000000000000000E+00   0.0000000000000000E+00   0.0000000000000000E+00
  1.2229632517702078E+00   2.5722444609658390E+08   9.2440469965023417E+06   1.9658900078104784E+09   1.3854328187575117E+07   6.0275012517547784E+03   1.0331127912171617E+02   7.1696415560410300E+04   2.3280493928260444E+03   1.1474701570071832E+00   2.7248121578195935E+02   7.6936388654097883E+00   1.0807518559788464E-05   2.1619264702042754E+04   2.0610145391783152E+02   4.3833098961560318E-01   0.0000000000000000E+00   0.0000000000000000E+00   0.0000000000000000E+00   0.0000000000000000E+00   0.0000000000000000E+00   0.0000000000000000E+00   0.0000000000000000E+00   0.0000000000000000E+00   0.0000000000000000E+00   0.0000000000000000E+00   0.0000000000000000E+00   0.0000000000000000E+00   0.0000000000000000E+00   0.0000000000000000E+00   0.0000000000000000E+00   0.0000000000000000E+00   0.0000000000000000E+00   0.0000000000000000E+00
  1.2269070338356107E+00   2.4784276581970114E+08   9.0523893299901821E+06   1.8861450670673680E+09   1.3824733533241140E+07   6.1623027186886175E+03   1.0302140886745114E+02   6.9088052982470239E+04   2.2768981566158868E+03   1.1641108523279584E+00   2.6257389199322199E+02   7.5351994215794713E+00   1.1145902901915080E-05   2.0835621829789154E+04   2.0559948571295112E+02   4.5368651478430666E-01   0.0000000000000000E+00   0.0000000000000000E+00   0.0000000000000000E+00   0.0000000000000000E+00   0.0000000000000000E+00   0.0000000000000000E+00   0.0000000000000000E+00   0.0000000000000000E+00   0.0000000000000000E+00   0.0000000000000000E+00   0.0000000000000000E+00   0.0000000000000000E+00   0.0000000000000000E+00   0.0000000000000000E+00   0.0000000000000000E+00   0.0000000000000000E+00   0.0000000000000000E+00   0.0000000000000000E+00
  1.2309201606524165E+00   2.3884495389481094E+08   8.8632790898088273E+06   1.8099130163615739E+09   1.3791639415868342E+07   6.2969815026206343E+03   1.0270543975959193E+02   6.6585295923877071E+04   2.2274885773123815E+03   1.1808429139093708E+00   2.5307078920623010E+02   7.3788308655676751E+00   1.1488538676911561E-05   2.0083650799809664E+04   2.0507577716185020E+02   4.6934324383805248E-01   0.0000000000000000E+00   0.0000000000000000E+00   0.0000000000000000E+00   0.0000000000000000E+00   0.0000000000000000E+00   0.0000000000000000E+00   0.0000000000000000E+00   0.0000000000000000E+00   0.0000000000000000E+00   0.0000000000000000E+00   0.0000000000000000E+00   0.0000000000000000E+00   0.0000000000000000E+00   0.0000000000000000E+00   0.0000000000000000E+00   0.0000000000000000E+00   0.0000000000000000E+00   0.0000000000000000E+00
  1.2350038515310395E+00   2.3021318604924574E+08   8.6767482753904331E+06   1.7370190226402109E+09   1.3755064031473765E+07   6.4314332427413501E+03   1.0236506151323600E+02   6.4183277889543308E+04   2.1797444124759409E+03   1.1976659596566714E+00   2.4395317292903488E+02   7.2245602328791989E+00   1.1835321378036529E-05   1.9361894953050913E+04   2.0452966875224172E+02   4.8529669309719270E-01   0.0000000000000000E+00   0.0000000000000000E+00   0.0000000000000000E+00   0.0000000000000000E+00   0.0000000000000000E+00   0.0000000000000000E+00   0.0000000000000000E+00   0.0000000000000000E+00   0.0000000000000000E+00   0.0000000000000000E+00   0.0000000000000000E+00   0.0000000000000000E+00   0.0000000000000000E+00   0.0000000000000000E+00   0.0000000000000000E+00   0.0000000000000000E+00   0.0000000000000000E+00   0.0000000000000000E+00
  1.2391593472214111E+00   2.2193050233338532E+08   8.4928226272357702E+06   1.6672975790980790E+09   1.3715029099103248E+07   6.5655552004781066E+03   1.0200187447579944E+02   6.1877367672605717E+04   2.1335925037806023E+03   1.2145796218650249E+00   2.3520321598324486E+02   7.0724094458864011E+00   1.2186145774002046E-05   1.8668967847474152E+04   2.0396056621940349E+02   5.0154211923297876E-01   0.0000000000000000E+00   0.0000000000000000E+00   0.0000000000000000E+00   0.0000000000000000E+00   0.0000000000000000E+00   0.0000000000000000E+00   0.0000000000000000E+00   0.0000000000000000E+00   0.0000000000000000E+00   0.0000000000000000E+00   0.0000000000000000E+00   0.0000000000000000E+00   0.0000000000000000E+00   0.0000000000000000E+00   0.0000000000000000E+00   0.0000000000000000E+00   0.0000000000000000E+00   0.0000000000000000E+00
  1.2433879102899557E+00   2.1398076499123231E+08   8.3115221068858737E+06   1.6005919951438954E+09   1.3671559598238159E+07   6.6992465296023111E+03   1.0161738644654056E+02   5.9663157932458111E+04   2.0889626286933626E+03   1.2315835118928762E+00   2.2680395431813082E+02   6.9223957080291445E+00   1.2540906013423773E-05   1.8003549849453419E+04   2.0336793771959790E+02   5.1807454250383389E-01   0.0000000000000000E+00   0.0000000000000000E+00   0.0000000000000000E+00   0.0000000000000000E+00   0.0000000000000000E+00   0.0000000000000000E+00   0.0000000000000000E+00   0.0000000000000000E+00   0.0000000000000000E+00   0.0000000000000000E+00   0.0000000000000000E+00   0.0000000000000000E+00   0.0000000000000000E+00   0.0000000000000000E+00   0.0000000000000000E+00   0.0000000000000000E+00   0.0000000000000000E+00   0.0000000000000000E+00
  1.2476908255031967E+00   2.0634861474028161E+08   8.1328613129774788E+06   1.5367538928711128E+09   1.3624683495730799E+07   6.8324086239347853E+03   1.0121300847584357E+02   5.7536453319193017E+04   2.0457873460844974E+03   1.2486771915412336E+00   2.1873924113876629E+02   6.7745318457792196E+00   1.2897805291001148E-05   1.7364384590430502E+04   2.0275131020891635E+02   5.3488877501585674E-01   0.0000000000000000E+00   0.0000000000000000E+00   0.0000000000000000E+00   0.0000000000000000E+00   0.0000000000000000E+00   0.0000000000000000E+00   0.0000000000000000E+00   0.0000000000000000E+00   0.0000000000000000E+00   0.0000000000000000E+00   0.0000000000000000E+00   0.0000000000000000E+00   0.0000000000000000E+00   0.0000000000000000E+00   0.0000000000000000E+00   0.0000000000000000E+00   0.0000000000000000E+00   0.0000000000000000E+00
  1.2520694002181090E+00   1.9901943983318329E+08   7.9568500324506797E+06   1.4756428136663003E+09   1.3574431637055259E+07   6.9649451877790107E+03   1.0079005880028495E+02   5.5493262121955398E+04   2.0040019063035745E+03   1.2658601247342611E+00   2.1099371449957923E+02   6.6288267599600452E+00   1.3258368190214156E-05   1.6750276480502191E+04   2.0211026691046712E+02   5.5197943094816393E-01   0.0000000000000000E+00   0.0000000000000000E+00   0.0000000000000000E+00   0.0000000000000000E+00   0.0000000000000000E+00   0.0000000000000000E+00   0.0000000000000000E+00   0.0000000000000000E+00   0.0000000000000000E+00   0.0000000000000000E+00   0.0000000000000000E+00   0.0000000000000000E+00   0.0000000000000000E+00   0.0000000000000000E+00   0.0000000000000000E+00   0.0000000000000000E+00   0.0000000000000000E+00   0.0000000000000000E+00
  1.2565249647793331E+00   1.9197907027361119E+08   7.7834897521372866E+06   1.4171238475902920E+09   1.3520834070633637E+07   7.0967701017916106E+03   1.0034957293418964E+02   5.3529711797311953E+04   1.9635428055689617E+03   1.2831322276205597E+00   2.0355247495979648E+02   6.4852825945855095E+00   1.3622524932584033E-05   1.6160065417160242E+04   2.0144440626925945E+02   5.6934144787747498E-01   0.0000000000000000E+00   0.0000000000000000E+00   0.0000000000000000E+00   0.0000000000000000E+00   0.0000000000000000E+00   0.0000000000000000E+00   0.0000000000000000E+00   0.0000000000000000E+00   0.0000000000000000E+00   0.0000000000000000E+00   0.0000000000000000E+00   0.0000000000000000E+00   0.0000000000000000E+00   0.0000000000000000E+00   0.0000000000000000E+00   0.0000000000000000E+00   0.0000000000000000E+00   0.0000000000000000E+00
  1.2610588729233749E+00   1.8521426629041031E+08   7.6127816390668964E+06   1.3610710453687587E+09   1.3463926335660711E+07   7.2277941195072017E+03   9.9892647856824894E+01   5.1642184407599518E+04   1.9243502649580021E+03   1.3004928131854792E+00   1.9640160107863505E+02   6.3439012306870861E+00   1.3990172857354984E-05   1.5592667381754452E+04   2.0075340975049497E+02   5.8696923399925771E-01   0.0000000000000000E+00   0.0000000000000000E+00   0.0000000000000000E+00   0.0000000000000000E+00   0.0000000000000000E+00   0.0000000000000000E+00   0.0000000000000000E+00   0.0000000000000000E+00   0.0000000000000000E+00   0.0000000000000000E+00   0.0000000000000000E+00   0.0000000000000000E+00   0.0000000000000000E+00   0.0000000000000000E+00   0.0000000000000000E+00   0.0000000000000000E+00   0.0000000000000000E+00   0.0000000000000000E+00
  1.2656725021899122E+00   1.7871247360083050E+08   7.4447239383510612E+06   1.3073654655274258E+09   1.3403746931682311E+07   7.3579298344047229E+03   9.9420318574404590E+01   4.9827249021200718E+04   1.8863671184314735E+03   1.3179409500951227E+00   1.8952789147192820E+02   6.2046821684797431E+00   1.4361209102025856E-05   1.5047054209789165E+04   2.0003701227937910E+02   6.0485699280180194E-01   0.0000000000000000E+00   0.0000000000000000E+00   0.0000000000000000E+00   0.0000000000000000E+00   0.0000000000000000E+00   0.0000000000000000E+00   0.0000000000000000E+00   0.0000000000000000E+00   0.0000000000000000E+00   0.0000000000000000E+00   0.0000000000000000E+00   0.0000000000000000E+00   0.0000000000000000E+00   0.0000000000000000E+00   0.0000000000000000E+00   0.0000000000000000E+00   0.0000000000000000E+00   0.0000000000000000E+00
  1.2703672543403324E+00   1.7246177481789938E+08   7.2793123035414517E+06   1.2558945173608387E+09   1.3340336296925057E+07   7.4870924832105620E+03   9.8933530187782651E+01   4.8081648351088144E+04   1.8495387666825029E+03   1.3354756736876818E+00   1.8291881378975214E+02   6.0676228049044383E+00   1.4735530487259178E-05   1.4522249624687551E+04   1.9929501528381445E+02   6.2299886471695654E-01   0.0000000000000000E+00   0.0000000000000000E+00   0.0000000000000000E+00   0.0000000000000000E+00   0.0000000000000000E+00   0.0000000000000000E+00   0.0000000000000000E+00   0.0000000000000000E+00   0.0000000000000000E+00   0.0000000000000000E+00   0.0000000000000000E+00   0.0000000000000000E+00   0.0000000000000000E+00   0.0000000000000000E+00   0.0000000000000000E+00   0.0000000000000000E+00   0.0000000000000000E+00   0.0000000000000000E+00
  1.2751445557836316E+00   1.6645081420218888E+08   7.1165391368493717E+06   1.2065515885959644E+09   1.3273737363848347E+07   7.6152008418906316E+03   9.8433145302751271E+01   4.6402278146622150E+04   1.8138126981302796E+03   1.3530957645925779E+00   1.7656242545227164E+02   5.9327178853343820E+00   1.5113035029091052E-05   1.4017323059198088E+04   1.9852724790449338E+02   6.4138886641531445E-01   0.0000000000000000E+00   0.0000000000000000E+00   0.0000000000000000E+00   0.0000000000000000E+00   0.0000000000000000E+00   0.0000000000000000E+00   0.0000000000000000E+00   0.0000000000000000E+00   0.0000000000000000E+00   0.0000000000000000E+00   0.0000000000000000E+00   0.0000000000000000E+00   0.0000000000000000E+00   0.0000000000000000E+00   0.0000000000000000E+00   0.0000000000000000E+00   0.0000000000000000E+00   0.0000000000000000E+00
  1.2800058580098004E+00   1.6066878726122093E+08   6.9563943046433786E+06   1.1592357252399375E+09   1.3203995179565558E+07   7.7421771421673620E+03   9.7919943286819816E+01   4.4786184394726879E+04   1.7791385971029854E+03   1.3707998495826261E+00   1.7044736287822269E+02   5.7999600917745582E+00   1.5493621713406003E-05   1.3531388849971367E+04   1.9773357907772919E+02   6.6002094607290107E-01   0.0000000000000000E+00   0.0000000000000000E+00   0.0000000000000000E+00   0.0000000000000000E+00   0.0000000000000000E+00   0.0000000000000000E+00   0.0000000000000000E+00   0.0000000000000000E+00   0.0000000000000000E+00   0.0000000000000000E+00   0.0000000000000000E+00   0.0000000000000000E+00   0.0000000000000000E+00   0.0000000000000000E+00   0.0000000000000000E+00   0.0000000000000000E+00   0.0000000000000000E+00   0.0000000000000000E+00
  1.2849526380308309E+00   1.5510541805371398E+08   6.7988655188520877E+06   1.1138513411689661E+09   1.3131156826851364E+07   7.8679471125099080E+03   9.7394624395995336E+01   4.3230557140943682E+04   1.7454683237677768E+03   1.3885864257212006E+00   1.6456281771136483E+02   5.6693403543051710E+00   1.5877190674546106E-05   1.3063604409801119E+04   1.9691391755838399E+02   6.7888900395976914E-01   0.0000000000000000E+00   0.0000000000000000E+00   0.0000000000000000E+00   0.0000000000000000E+00   0.0000000000000000E+00   0.0000000000000000E+00   0.0000000000000000E+00   0.0000000000000000E+00   0.0000000000000000E+00   0.0000000000000000E+00   0.0000000000000000E+00   0.0000000000000000E+00   0.0000000000000000E+00   0.0000000000000000E+00   0.0000000000000000E+00   0.0000000000000000E+00   0.0000000000000000E+00   0.0000000000000000E+00
  1.2899863988294786E+00   1.4975093655694160E+08   6.6439386671174774E+06   1.0703079448382171E+09   1.3055271391185269E+07   7.9924399946720350E+03   9.6857814973637346E+01   4.1732724321804359E+04   1.7127558860587806E+03   1.4064538820847525E+00   1.5889851310193424E+02   5.5408481199537709E+00   1.6263643414483273E-05   1.2613168401751263E+04   1.9606821103454996E+02   6.9798690766718574E-01   0.0000000000000000E+00   0.0000000000000000E+00   0.0000000000000000E+00   0.0000000000000000E+00   0.0000000000000000E+00   0.0000000000000000E+00   0.0000000000000000E+00   0.0000000000000000E+00   0.0000000000000000E+00   0.0000000000000000E+00   0.0000000000000000E+00   0.0000000000000000E+00   0.0000000000000000E+00   0.0000000000000000E+00   0.0000000000000000E+00   0.0000000000000000E+00   0.0000000000000000E+00   0.0000000000000000E+00
  1.2951086698159142E+00   1.4459605656413585E+08   6.4915981044471338E+06   1.0285198800586014E+09   1.2976389955852386E+07   8.1155885338290864E+03   9.6310073300743767E+01   4.0290145737654282E+04   1.6809574076949182E+03   1.4244005221136165E+00   1.5344468053689690E+02   5.4144715896141085E+00   1.6652883044896447E-05   1.2179318953900762E+04   1.9519644488796769E+02   7.1730850342521713E-01   0.0000000000000000E+00   0.0000000000000000E+00   0.0000000000000000E+00   0.0000000000000000E+00   0.0000000000000000E+00   0.0000000000000000E+00   0.0000000000000000E+00   0.0000000000000000E+00   0.0000000000000000E+00   0.0000000000000000E+00   0.0000000000000000E+00   0.0000000000000000E+00   0.0000000000000000E+00   0.0000000000000000E+00   0.0000000000000000E+00   0.0000000000000000E+00   0.0000000000000000E+00   0.0000000000000000E+00
  1.3003210072924043E+00   1.3963195445769095E+08   6.3418269168136409E+06   9.8840607906756079E+08   1.2894565611305533E+07   8.2373289376021621E+03   9.5751895837577052E+01   3.8900407261974680E+04   1.6500310951976578E+03   1.4424245887198690E+00   1.4819203758478730E+02   5.2901979317014698E+00   1.7044814535317021E-05   1.1761331943444540E+04   1.9429864103757035E+02   7.3684762473638099E-01   0.0000000000000000E+00   0.0000000000000000E+00   0.0000000000000000E+00   0.0000000000000000E+00   0.0000000000000000E+00   0.0000000000000000E+00   0.0000000000000000E+00   0.0000000000000000E+00   0.0000000000000000E+00   0.0000000000000000E+00   0.0000000000000000E+00   0.0000000000000000E+00   0.0000000000000000E+00   0.0000000000000000E+00   0.0000000000000000E+00   0.0000000000000000E+00   0.0000000000000000E+00   0.0000000000000000E+00
  1.3056249949261645E+00   1.3485024895377815E+08   6.1946071620786162E+06   9.4988982662888217E+08   1.2809853470385889E+07   8.3576008022957249E+03   9.5183723678206675E+01   3.7561215314519628E+04   1.6199372046681478E+03   1.4605242929729818E+00   1.4313176665689471E+02   5.1680134770484445E+00   1.7439344956615678E-05   1.1358519358197851E+04   1.9337485709327336E+02   7.5659809917907894E-01   0.0000000000000000E+00   0.0000000000000000E+00   0.0000000000000000E+00   0.0000000000000000E+00   0.0000000000000000E+00   0.0000000000000000E+00   0.0000000000000000E+00   0.0000000000000000E+00   0.0000000000000000E+00   0.0000000000000000E+00   0.0000000000000000E+00   0.0000000000000000E+00   0.0000000000000000E+00   0.0000000000000000E+00   0.0000000000000000E+00   0.0000000000000000E+00   0.0000000000000000E+00   0.0000000000000000E+00
  1.3110222442305255E+00   1.3024298131111039E+08   6.0499200773335341E+06   9.1289853426884413E+08   1.2722310694421060E+07   8.4763470170695746E+03   9.4605949202435397E+01   3.6270391460037194E+04   1.5906380025742822E+03   1.4786978418806493E+00   1.3825549424886708E+02   5.0479038860451988E+00   1.7836383735813887E-05   1.0970227693530880E+04   1.9242518534505083E+02   7.7655375196081522E-01   0.0000000000000000E+00   0.0000000000000000E+00   0.0000000000000000E+00   0.0000000000000000E+00   0.0000000000000000E+00   0.0000000000000000E+00   0.0000000000000000E+00   0.0000000000000000E+00   0.0000000000000000E+00   0.0000000000000000E+00   0.0000000000000000E+00   0.0000000000000000E+00   0.0000000000000000E+00   0.0000000000000000E+00   0.0000000000000000E+00   0.0000000000000000E+00   0.0000000000000000E+00   0.0000000000000000E+00
  1.3165143950545604E+00   1.2580259628127140E+08   5.9077462624711199E+06   8.7736352374364412E+08   1.2631996519023243E+07   8.5935136426579393E+03   9.4018922725081254E+01   3.5025867209470220E+04   1.5620977234783688E+03   1.4969434671349597E+00   1.3355527095664047E+02   4.9298542962000553E+00   1.8235842906702462E-05   1.0595836407895937E+04   1.9144975195771150E+02   7.9670840760715933E-01   0.0000000000000000E+00   0.0000000000000000E+00   0.0000000000000000E+00   0.0000000000000000E+00   0.0000000000000000E+00   0.0000000000000000E+00   0.0000000000000000E+00   0.0000000000000000E+00   0.0000000000000000E+00   0.0000000000000000E+00   0.0000000000000000E+00   0.0000000000000000E+00   0.0000000000000000E+00   0.0000000000000000E+00   0.0000000000000000E+00   0.0000000000000000E+00   0.0000000000000000E+00   0.0000000000000000E+00
  1.3221031160813197E+00   1.2152192362138456E+08   5.7680658377968371E+06   8.4321981911680400E+08   1.2538972278533533E+07   8.7090497702100802E+03   9.3422959066384479E+01   3.3825678975098672E+04   1.5342825228206045E+03   1.5152594529527681E+00   1.2902355207768454E+02   4.8138494483464571E+00   1.8637637359967207E-05   1.0234756422222861E+04   1.9044871623199222E+02   8.1705588960274389E-01   0.0000000000000000E+00   0.0000000000000000E+00   0.0000000000000000E+00   0.0000000000000000E+00   0.0000000000000000E+00   0.0000000000000000E+00   0.0000000000000000E+00   0.0000000000000000E+00   0.0000000000000000E+00   0.0000000000000000E+00   0.0000000000000000E+00   0.0000000000000000E+00   0.0000000000000000E+00   0.0000000000000000E+00   0.0000000000000000E+00   0.0000000000000000E+00   0.0000000000000000E+00   0.0000000000000000E+00
  1.3277901053348302E+00   1.1739416005989857E+08   5.6308585749532226E+06   8.1040594695676887E+08   1.2443301427461019E+07   8.8229073655251123E+03   9.2818343964061086E+01   3.2667963150019255E+04   1.5071604238370955E+03   1.5336441615991636E+00   1.2465317868253510E+02   4.6998737909309547E+00   1.9041685095797986E-05   9.8864286542769241E+03   1.8942226983146585E+02   8.3759001788645471E-01   0.0000000000000000E+00   0.0000000000000000E+00   0.0000000000000000E+00   0.0000000000000000E+00   0.0000000000000000E+00   0.0000000000000000E+00   0.0000000000000000E+00   0.0000000000000000E+00   0.0000000000000000E+00   0.0000000000000000E+00   0.0000000000000000E+00   0.0000000000000000E+00   0.0000000000000000E+00   0.0000000000000000E+00   0.0000000000000000E+00   0.0000000000000000E+00   0.0000000000000000E+00   0.0000000000000000E+00
  1.3335770906960043E+00   1.1341285172296366E+08   5.4961040035234708E+06   7.7886374427050006E+08   1.2345049555343319E+07   8.9350411018740615E+03   9.2205340233186462E+01   3.1550951314355356E+04   1.4807012589472358E+03   1.5520960560707600E+00   1.2043735916493748E+02   4.5879115643740782E+00   1.9447907477595986E-05   9.5503225887695244E+03   1.8837063599586341E+02   8.5830460454150503E-01   0.0000000000000000E+00   0.0000000000000000E+00   0.0000000000000000E+00   0.0000000000000000E+00   0.0000000000000000E+00   0.0000000000000000E+00   0.0000000000000000E+00   0.0000000000000000E+00   0.0000000000000000E+00   0.0000000000000000E+00   0.0000000000000000E+00   0.0000000000000000E+00   0.0000000000000000E+00   0.0000000000000000E+00   0.0000000000000000E+00   0.0000000000000000E+00   0.0000000000000000E+00   0.0000000000000000E+00
  1.3394658304276241E+00   1.0957187702350508E+08   5.3637814955077795E+06   7.4853817390200949E+08   1.2244284392174924E+07   9.0454081847657089E+03   9.1584193596150740E+01   3.0472965568832627E+04   1.4548766061626989E+03   1.5706137196065533E+00   1.1636965127335736E+02   4.4779468673519647E+00   1.9856229486106500E-05   9.2259348835589881E+03   1.8729406874821066E+02   8.7919344801102517E-01   0.0000000000000000E+00   0.0000000000000000E+00   0.0000000000000000E+00   0.0000000000000000E+00   0.0000000000000000E+00   0.0000000000000000E+00   0.0000000000000000E+00   0.0000000000000000E+00   0.0000000000000000E+00   0.0000000000000000E+00   0.0000000000000000E+00   0.0000000000000000E+00   0.0000000000000000E+00   0.0000000000000000E+00   0.0000000000000000E+00   0.0000000000000000E+00   0.0000000000000000E+00   0.0000000000000000E+00
  1.3454581137085557E+00   1.0586543007150474E+08   5.2338703315363070E+06   7.1937714720009422E+08   1.2141075800731296E+07   9.1539681704305549E+03   9.0955138104820819E+01   2.9432414011764849E+04   1.4296597218211252E+03   1.5891958724548971E+00   1.1244394468610245E+02   4.3699637082197782E+00   2.0266579970253679E-05   8.9127880169733453E+03   1.8619285217851984E+02   9.0025032652198123E-01   0.0000000000000000E+00   0.0000000000000000E+00   0.0000000000000000E+00   0.0000000000000000E+00   0.0000000000000000E+00   0.0000000000000000E+00   0.0000000000000000E+00   0.0000000000000000E+00   0.0000000000000000E+00   0.0000000000000000E+00   0.0000000000000000E+00   0.0000000000000000E+00   0.0000000000000000E+00   0.0000000000000000E+00   0.0000000000000000E+00   0.0000000000000000E+00   0.0000000000000000E+00   0.0000000000000000E+00
  1.3515557611773557E+00   1.0228800434476098E+08   5.1063497427107859E+06   6.9133135391077363E+08   1.2035495760873964E+07   9.2606827885420062E+03   9.0318401176819719E+01   2.8427786287926705E+04   1.4050254670168081E+03   1.6078413824323454E+00   1.0865444385464554E+02   4.2639460365285284E+00   2.0678891911206106E-05   8.6104289547833687E+03   1.8506729941583066E+02   9.2146898938301847E-01   0.0000000000000000E+00   0.0000000000000000E+00   0.0000000000000000E+00   0.0000000000000000E+00   0.0000000000000000E+00   0.0000000000000000E+00   0.0000000000000000E+00   0.0000000000000000E+00   0.0000000000000000E+00   0.0000000000000000E+00   0.0000000000000000E+00   0.0000000000000000E+00   0.0000000000000000E+00   0.0000000000000000E+00   0.0000000000000000E+00   0.0000000000000000E+00   0.0000000000000000E+00   0.0000000000000000E+00
  1.3577606254854362E+00   9.8834377070432097E+07   4.9811989435699619E+06   6.6435409912248504E+08   1.1927618333673222E+07   9.3655157604143315E+03   8.9674208094882204E+01   2.7457649332519821E+04   1.3809502339412979E+03   1.6265492744845487E+00   1.0499565159198241E+02   4.1598777674924143E+00   2.1093102673962170E-05   8.3184278743639134E+03   1.8391775190513633E+02   9.4284314904333444E-01   0.0000000000000000E+00   0.0000000000000000E+00   0.0000000000000000E+00   0.0000000000000000E+00   0.0000000000000000E+00   0.0000000000000000E+00   0.0000000000000000E+00   0.0000000000000000E+00   0.0000000000000000E+00   0.0000000000000000E+00   0.0000000000000000E+00   0.0000000000000000E+00   0.0000000000000000E+00   0.0000000000000000E+00   0.0000000000000000E+00   0.0000000000000000E+00   0.0000000000000000E+00   0.0000000000000000E+00
  1.3640745918599584E+00   9.5499593858618885E+07   4.8583971437131269E+06   6.3840114734932554E+08   1.1817519616605364E+07   9.4684326283579085E+03   8.9022786070826797E+01   2.6520643184407247E+04   1.3574118670412493E+03   1.6453187334141528E+00   1.0146235292095717E+02   4.0577427890709554E+00   2.1509154276095015E-05   8.0363769081342080E+03   1.8274457830180700E+02   9.6436647124765085E-01   0.0000000000000000E+00   0.0000000000000000E+00   0.0000000000000000E+00   0.0000000000000000E+00   0.0000000000000000E+00   0.0000000000000000E+00   0.0000000000000000E+00   0.0000000000000000E+00   0.0000000000000000E+00   0.0000000000000000E+00   0.0000000000000000E+00   0.0000000000000000E+00   0.0000000000000000E+00   0.0000000000000000E+00   0.0000000000000000E+00   0.0000000000000000E+00   0.0000000000000000E+00   0.0000000000000000E+00
  1.3704995786766205E+00   9.2278953942876518E+07   4.7379235505084535E+06   6.1343057365192246E+08   1.1705277681007840E+07   9.5694005893540707E+03   8.8364367773096930E+01   2.5615476965598889E+04   1.3343895840670978E+03   1.6641491040629026E+00   9.8049599558429719E+01   3.9575249619689714E+00   2.1926993653879982E-05   7.7638889358818697E+03   1.8154817346347909E+02   9.8603256556741159E-01   0.0000000000000000E+00   0.0000000000000000E+00   0.0000000000000000E+00   0.0000000000000000E+00   0.0000000000000000E+00   0.0000000000000000E+00   0.0000000000000000E+00   0.0000000000000000E+00   0.0000000000000000E+00   0.0000000000000000E+00   0.0000000000000000E+00   0.0000000000000000E+00   0.0000000000000000E+00   0.0000000000000000E+00   0.0000000000000000E+00   0.0000000000000000E+00   0.0000000000000000E+00   0.0000000000000000E+00
  1.3770375380425204E+00   8.9167995985657111E+07   4.6197573632435398E+06   5.8940262179715204E+08   1.1590972493184766E+07   9.6683883361559001E+03   8.7699194331298543E+01   2.4740925015283916E+04   1.3118638971319399E+03   1.6830398886134981E+00   9.4752694991238286E+01   3.8592081128460278E+00   2.2346572928988979E-05   7.5005964226313863E+03   1.8032895746981649E+02   1.0078349763178860E+00   0.0000000000000000E+00   0.0000000000000000E+00   0.0000000000000000E+00   0.0000000000000000E+00   0.0000000000000000E+00   0.0000000000000000E+00   0.0000000000000000E+00   0.0000000000000000E+00   0.0000000000000000E+00   0.0000000000000000E+00   0.0000000000000000E+00   0.0000000000000000E+00   0.0000000000000000E+00   0.0000000000000000E+00   0.0000000000000000E+00   0.0000000000000000E+00   0.0000000000000000E+00   0.0000000000000000E+00
  1.3836904563892638E+00   8.6162484231121391E+07   4.5038777528101364E+06   5.6627956948800242E+08   1.1474685826054014E+07   9.7653659153088483E+03   8.7027517888407544E+01   2.3895823118717937E+04   1.2898165314080679E+03   1.7019907376535701E+00   9.1567179913881205E+01   3.7627760158179968E+00   2.2767849694189914E-05   7.2461502841455249E+03   1.7908737427656257E+02   1.0297671720943939E+00   0.0000000000000000E+00   0.0000000000000000E+00   0.0000000000000000E+00   0.0000000000000000E+00   0.0000000000000000E+00   0.0000000000000000E+00   0.0000000000000000E+00   0.0000000000000000E+00   0.0000000000000000E+00   0.0000000000000000E+00   0.0000000000000000E+00   0.0000000000000000E+00   0.0000000000000000E+00   0.0000000000000000E+00   0.0000000000000000E+00   0.0000000000000000E+00   0.0000000000000000E+00   0.0000000000000000E+00
  1.3904603550765042E+00   8.3258395440957233E+07   4.3902638425263613E+06   5.4402560052258825E+08   1.1356501150542267E+07   9.8603045895847517E+03   8.6349603601965768E+01   2.3079064950013581E+04   1.2682303477541639E+03   1.7210014415685688E+00   8.8488818489465842E+01   3.6682123751867359E+00   2.3190787287645022E-05   7.0002188163284491E+03   1.7782389069397641E+02   1.0518225374389534E+00   0.0000000000000000E+00   0.0000000000000000E+00   0.0000000000000000E+00   0.0000000000000000E+00   0.0000000000000000E+00   0.0000000000000000E+00   0.0000000000000000E+00   0.0000000000000000E+00   0.0000000000000000E+00   0.0000000000000000E+00   0.0000000000000000E+00   0.0000000000000000E+00   0.0000000000000000E+00   0.0000000000000000E+00   0.0000000000000000E+00   0.0000000000000000E+00   0.0000000000000000E+00   0.0000000000000000E+00
  1.3973492910060930E+00   8.0451906159945771E+07   4.2788946762471329E+06   5.2260668393024641E+08   1.1236503520541176E+07   9.9531767214054453E+03   8.5665731242046746E+01   2.2289598604730003E+04   1.2470892636242884E+03   1.7400719153487643E+00   8.5513584954272133E+01   3.5755007978833726E+00   2.3615355091655746E-05   6.7624866510515321E+03   1.7653899491134885E+02   1.0739943628778656E+00   0.0000000000000000E+00   0.0000000000000000E+00   0.0000000000000000E+00   0.0000000000000000E+00   0.0000000000000000E+00   0.0000000000000000E+00   0.0000000000000000E+00   0.0000000000000000E+00   0.0000000000000000E+00   0.0000000000000000E+00   0.0000000000000000E+00   0.0000000000000000E+00   0.0000000000000000E+00   0.0000000000000000E+00   0.0000000000000000E+00   0.0000000000000000E+00   0.0000000000000000E+00   0.0000000000000000E+00
  1.4043593572470283E+00   7.7739380814894572E+07   4.1697491919303825E+06   5.0199045987659580E+08   1.1114779438622128E+07   1.0043955660515227E+04   8.4976196277347995E+01   2.1526423359878794E+04   1.2263781795861935E+03   1.7592021851683586E+00   8.2637651099511658E+01   3.4846247706881996E+00   2.4041528816930216E-05   6.5326537802793737E+03   1.7523319542481349E+02   1.0962758378250492E+00   0.0000000000000000E+00   0.0000000000000000E+00   0.0000000000000000E+00   0.0000000000000000E+00   0.0000000000000000E+00   0.0000000000000000E+00   0.0000000000000000E+00   0.0000000000000000E+00   0.0000000000000000E+00   0.0000000000000000E+00   0.0000000000000000E+00   0.0000000000000000E+00   0.0000000000000000E+00   0.0000000000000000E+00   0.0000000000000000E+00   0.0000000000000000E+00   0.0000000000000000E+00   0.0000000000000000E+00
  1.4114926836713946E+00   7.5117360134184420E+07   4.0628061842579860E+06   4.8214613234200305E+08   1.0991416718603568E+07   1.0132615655053813E+04   8.4281310621951647E+01   2.0788586521172871E+04   1.2060829046310698E+03   1.7783923681863758E+00   7.9857374087566626E+01   3.3955676285901069E+00   2.4469290815305403E-05   6.3104346060738326E+03   1.7390701945349466E+02   1.1186600415852266E+00   0.0000000000000000E+00   0.0000000000000000E+00   0.0000000000000000E+00   0.0000000000000000E+00   0.0000000000000000E+00   0.0000000000000000E+00   0.0000000000000000E+00   0.0000000000000000E+00   0.0000000000000000E+00   0.0000000000000000E+00   0.0000000000000000E+00   0.0000000000000000E+00   0.0000000000000000E+00   0.0000000000000000E+00   0.0000000000000000E+00   0.0000000000000000E+00   0.0000000000000000E+00   0.0000000000000000E+00
  1.4187514376014818E+00   7.2582550338284373E+07   3.9580442728794599E+06   4.6304436832110494E+08   1.0866504333459148E+07   1.0219131769623544E+04   8.3581402952766993E+01   2.0075180480537983E+04   1.1861900869538024E+03   1.7976426536018195E+00   7.7169285079847029E+01   3.3083125280178369E+00   2.4898630383554406E-05   6.0955570539072460E+03   1.7256101165110090E+02   1.1411399367810209E+00   0.0000000000000000E+00   0.0000000000000000E+00   0.0000000000000000E+00   0.0000000000000000E+00   0.0000000000000000E+00   0.0000000000000000E+00   0.0000000000000000E+00   0.0000000000000000E+00   0.0000000000000000E+00   0.0000000000000000E+00   0.0000000000000000E+00   0.0000000000000000E+00   0.0000000000000000E+00   0.0000000000000000E+00   0.0000000000000000E+00   0.0000000000000000E+00   0.0000000000000000E+00   0.0000000000000000E+00
  1.4261378244682847E+00   7.0131812862651184E+07   3.8554418691950520E+06   4.4465720342489618E+08   1.0740132256772576E+07   1.0303479818814625E+04   8.2876818697330691E+01   1.9385339918699345E+04   1.1666871471599231E+03   1.8169532811864373E+00   7.4570078423965072E+01   3.2228424190451457E+00   2.5329544077719900E-05   5.8877617295831587E+03   1.7119573269969982E+02   1.1637083630445968E+00   0.0000000000000000E+00   0.0000000000000000E+00   0.0000000000000000E+00   0.0000000000000000E+00   0.0000000000000000E+00   0.0000000000000000E+00   0.0000000000000000E+00   0.0000000000000000E+00   0.0000000000000000E+00   0.0000000000000000E+00   0.0000000000000000E+00   0.0000000000000000E+00   0.0000000000000000E+00   0.0000000000000000E+00   0.0000000000000000E+00   0.0000000000000000E+00   0.0000000000000000E+00   0.0000000000000000E+00
  1.4336540884815800E+00   6.7762154612550423E+07   3.7549771425477136E+06   4.2695795368562955E+08   1.0612391299242068E+07   1.0385636316217022E+04   8.2167919727039106E+01   1.8718239152775088E+04   1.1475622140663563E+03   1.8363245172850018E+00   7.2056601399840474E+01   3.1391400172649973E+00   2.5762036038588524E-05   5.6868011197945980E+03   1.6981175778241942E+02   1.1863580308351174E+00   0.0000000000000000E+00   0.0000000000000000E+00   0.0000000000000000E+00   0.0000000000000000E+00   0.0000000000000000E+00   0.0000000000000000E+00   0.0000000000000000E+00   0.0000000000000000E+00   0.0000000000000000E+00   0.0000000000000000E+00   0.0000000000000000E+00   0.0000000000000000E+00   0.0000000000000000E+00   0.0000000000000000E+00   0.0000000000000000E+00   0.0000000000000000E+00   0.0000000000000000E+00   0.0000000000000000E+00
  1.4413025133117852E+00   6.5470718877109237E+07   3.6566279915207773E+06   4.0992113331089145E+08   1.0483372937487435E+07   1.0465578432535838E+04   8.1455083753225338E+01   1.8073089663599316E+04   1.1288040653305247E+03   1.8557566314228195E+00   6.9625844659982860E+01   3.0571877800500755E+00   2.6196118314388141E-05   5.4924388469337564E+03   1.6840967521958379E+02   1.2090815170760889E+00   0.0000000000000000E+00   0.0000000000000000E+00   0.0000000000000000E+00   0.0000000000000000E+00   0.0000000000000000E+00   0.0000000000000000E+00   0.0000000000000000E+00   0.0000000000000000E+00   0.0000000000000000E+00   0.0000000000000000E+00   0.0000000000000000E+00   0.0000000000000000E+00   0.0000000000000000E+00   0.0000000000000000E+00   0.0000000000000000E+00   0.0000000000000000E+00   0.0000000000000000E+00   0.0000000000000000E+00
  1.4490854227838079E+00   6.3254776710610107E+07   3.5603720143426801E+06   3.9352237818938655E+08   1.0353169142204983E+07   1.0543283970167540E+04   8.0738703512252400E+01   1.7449137750494014E+04   1.1104020701861539E+03   1.8752498697683819E+00   6.7274933160693635E+01   2.9769678821932204E+00   2.6631811198448369E-05   5.3044489622953970E+03   1.6699008490764876E+02   1.2318712603724657E+00   0.0000000000000000E+00   0.0000000000000000E+00   0.0000000000000000E+00   0.0000000000000000E+00   0.0000000000000000E+00   0.0000000000000000E+00   0.0000000000000000E+00   0.0000000000000000E+00   0.0000000000000000E+00   0.0000000000000000E+00   0.0000000000000000E+00   0.0000000000000000E+00   0.0000000000000000E+00   0.0000000000000000E+00   0.0000000000000000E+00   0.0000000000000000E+00   0.0000000000000000E+00   0.0000000000000000E+00
  1.4570051815830944E+00   6.1111718944979854E+07   3.4661864854653655E+06   3.7773837485163832E+08   1.0221872201470207E+07   1.0618731345525075E+04   8.0019185723595314E+01   1.6845662358162099E+04   1.0923461371154144E+03   1.8948044296272026E+00   6.5001117758203335E+01   2.8984621967835942E+00   2.7069143562790299E-05   5.1226152913012138E+03   1.6555359694139491E+02   1.2547195581203523E+00   0.0000000000000000E+00   0.0000000000000000E+00   0.0000000000000000E+00   0.0000000000000000E+00   0.0000000000000000E+00   0.0000000000000000E+00   0.0000000000000000E+00   0.0000000000000000E+00   0.0000000000000000E+00   0.0000000000000000E+00   0.0000000000000000E+00   0.0000000000000000E+00   0.0000000000000000E+00   0.0000000000000000E+00   0.0000000000000000E+00   0.0000000000000000E+00   0.0000000000000000E+00   0.0000000000000000E+00
  1.4650641959740942E+00   5.9039048671343230E+07   3.3740483332831427E+06   3.6254679465204334E+08   1.0089574545121241E+07   1.0691899585091527E+04   7.9296949894681347E+01   1.6261973031588501E+04   1.0746266641461718E+03   1.9144204317729896E+00   6.2801767298152498E+01   2.8216522771189063E+00   2.7508153202440603E-05   4.9467308173523388E+03   1.6410083012076572E+02   1.2776185635688173E+00   0.0000000000000000E+00   0.0000000000000000E+00   0.0000000000000000E+00   0.0000000000000000E+00   0.0000000000000000E+00   0.0000000000000000E+00   0.0000000000000000E+00   0.0000000000000000E+00   0.0000000000000000E+00   0.0000000000000000E+00   0.0000000000000000E+00   0.0000000000000000E+00   0.0000000000000000E+00   0.0000000000000000E+00   0.0000000000000000E+00   0.0000000000000000E+00   0.0000000000000000E+00   0.0000000000000000E+00
  1.4732649145313550E+00   5.7034374250977673E+07   3.2839341221964927E+06   3.4792623288002074E+08   9.9563685689963344E+06   1.0762768330806854E+04   7.8572426981548418E+01   1.5697408015387018E+04   1.0572344929745461E+03   1.9340978925433603E+00   6.0674361262592157E+01   2.7465193423019736E+00   2.7948887181494035E-05   4.7765971093403587E+03   1.6263241051756123E+02   1.3005602838670585E+00   0.0000000000000000E+00   0.0000000000000000E+00   0.0000000000000000E+00   0.0000000000000000E+00   0.0000000000000000E+00   0.0000000000000000E+00   0.0000000000000000E+00   0.0000000000000000E+00   0.0000000000000000E+00   0.0000000000000000E+00   0.0000000000000000E+00   0.0000000000000000E+00   0.0000000000000000E+00   0.0000000000000000E+00   0.0000000000000000E+00   0.0000000000000000E+00   0.0000000000000000E+00   0.0000000000000000E+00
  1.4816098288834760E+00   5.5095402836929098E+07   3.1958200393367419E+06   3.3385615252008235E+08   9.8223464600708969E+06   1.0831317853644778E+04   7.7846057933666458E+01   1.5151332492487665E+04   1.0401608669046520E+03   1.9538366960211873E+00   5.8616482954892405E+01   2.6730442667719045E+00   2.8391402179381035E-05   4.6120237912821849E+03   1.6114897012358711E+02   1.3235365792392786E+00   0.0000000000000000E+00   0.0000000000000000E+00   0.0000000000000000E+00   0.0000000000000000E+00   0.0000000000000000E+00   0.0000000000000000E+00   0.0000000000000000E+00   0.0000000000000000E+00   0.0000000000000000E+00   0.0000000000000000E+00   0.0000000000000000E+00   0.0000000000000000E+00   0.0000000000000000E+00   0.0000000000000000E+00   0.0000000000000000E+00   0.0000000000000000E+00   0.0000000000000000E+00   0.0000000000000000E+00
  1.4901014744701397E+00   5.3219934309052184E+07   3.1096818830648693E+06   3.2031683239780492E+08   9.6876000261665061E+06   1.0897529078743575E+04   7.7118292171890658E+01   1.4623136935720873E+04   1.0233973912421817E+03   1.9736365643048572E+00   5.6625813119664748E+01   2.6012075713563845E+00   2.8835764846323060E-05   4.4528280460585956E+03   1.5965114540567589E+02   1.3465391619535236E+00   0.0000000000000000E+00   0.0000000000000000E+00   0.0000000000000000E+00   0.0000000000000000E+00   0.0000000000000000E+00   0.0000000000000000E+00   0.0000000000000000E+00   0.0000000000000000E+00   0.0000000000000000E+00   0.0000000000000000E+00   0.0000000000000000E+00   0.0000000000000000E+00   0.0000000000000000E+00   0.0000000000000000E+00   0.0000000000000000E+00   0.0000000000000000E+00   0.0000000000000000E+00   0.0000000000000000E+00
  1.4987424313124560E+00   5.1405855689560018E+07   3.0254950567800091E+06   3.0728931941245538E+08   9.5522205282166731E+06   1.0961383616499099E+04   7.6389585998937804E+01   1.4112235590531845E+04   1.0069359975096889E+03   1.9934970283483262E+00   5.4700124069046403E+01   2.5309894187748414E+00   2.9282052156214191E-05   4.2988341588159283E+03   1.5813957598670271E+02   1.3695595965536174E+00   0.0000000000000000E+00   0.0000000000000000E+00   0.0000000000000000E+00   0.0000000000000000E+00   0.0000000000000000E+00   0.0000000000000000E+00   0.0000000000000000E+00   0.0000000000000000E+00   0.0000000000000000E+00   0.0000000000000000E+00   0.0000000000000000E+00   0.0000000000000000E+00   0.0000000000000000E+00   0.0000000000000000E+00   0.0000000000000000E+00   0.0000000000000000E+00   0.0000000000000000E+00   0.0000000000000000E+00
  1.5075353247968519E+00   4.9651135982236423E+07   2.9432345667411876E+06   2.9475538458858341E+08   9.4162985170687269E+06   1.1022863800421595E+04   7.5660400974624793E+01   1.3618065073302781E+04   9.9076891087458296E+02   2.0134173987687145E+00   5.2837274255313808E+01   2.4623696125066807E+00   2.9730351759956204E-05   4.1498730953379072E+03   1.5661490338705352E+02   1.3925893008747623E+00   0.0000000000000000E+00   0.0000000000000000E+00   0.0000000000000000E+00   0.0000000000000000E+00   0.0000000000000000E+00   0.0000000000000000E+00   0.0000000000000000E+00   0.0000000000000000E+00   0.0000000000000000E+00   0.0000000000000000E+00   0.0000000000000000E+00   0.0000000000000000E+00   0.0000000000000000E+00   0.0000000000000000E+00   0.0000000000000000E+00   0.0000000000000000E+00   0.0000000000000000E+00   0.0000000000000000E+00
  1.5164828264727435E+00   4.7953821387466192E+07   2.8628750228189765E+06   2.8269748268360656E+08   9.2799236765053403E+06   1.1081952732476893E+04   7.4931202283784714E+01   1.3140083072258290E+04   9.7488862020030695E+02   2.0333967358832767E+00   5.1035203239233653E+01   2.3953275981131279E+00   3.0180762342139125E-05   4.0057821114361145E+03   1.5507776976832369E+02   1.4156195473117257E+00   0.0000000000000000E+00   0.0000000000000000E+00   0.0000000000000000E+00   0.0000000000000000E+00   0.0000000000000000E+00   0.0000000000000000E+00   0.0000000000000000E+00   0.0000000000000000E+00   0.0000000000000000E+00   0.0000000000000000E+00   0.0000000000000000E+00   0.0000000000000000E+00   0.0000000000000000E+00   0.0000000000000000E+00   0.0000000000000000E+00   0.0000000000000000E+00   0.0000000000000000E+00   0.0000000000000000E+00
  1.5255876548642340E+00   4.6312030863891147E+07   2.7843906417578585E+06   2.7109871509096819E+08   9.1431846734636091E+06   1.1138634335824345E+04   7.4202457116882030E+01   1.2677767143042700E+04   9.5928785042722052E+02   2.0534338186519712E+00   4.9291927023446156E+01   2.3298424666602697E+00   3.0633393982135879E-05   3.8664043909551187E+03   1.5352881666044689E+02   1.4386414640405776E+00   0.0000000000000000E+00   0.0000000000000000E+00   0.0000000000000000E+00   0.0000000000000000E+00   0.0000000000000000E+00   0.0000000000000000E+00   0.0000000000000000E+00   0.0000000000000000E+00   0.0000000000000000E+00   0.0000000000000000E+00   0.0000000000000000E+00   0.0000000000000000E+00   0.0000000000000000E+00   0.0000000000000000E+00   0.0000000000000000E+00   0.0000000000000000E+00   0.0000000000000000E+00   0.0000000000000000E+00
  1.5348525762960854E+00   4.4723952110174820E+07   2.7077552568546296E+06   2.5994279576968080E+08   9.0061690125398375E+06   1.1192893407629188E+04   7.3474633053505613E+01   1.2230613618705502E+04   9.4395953902679059E+02   2.0735271162079769E+00   4.7605533828951735E+01   2.2658929634839295E+00   3.1088368503948010E-05   3.7315887184529993E+03   1.5196868394586770E+02   1.4616460383916614E+00   0.0000000000000000E+00   0.0000000000000000E+00   0.0000000000000000E+00   0.0000000000000000E+00   0.0000000000000000E+00   0.0000000000000000E+00   0.0000000000000000E+00   0.0000000000000000E+00   0.0000000000000000E+00   0.0000000000000000E+00   0.0000000000000000E+00   0.0000000000000000E+00   0.0000000000000000E+00   0.0000000000000000E+00   0.0000000000000000E+00   0.0000000000000000E+00   0.0000000000000000E+00   0.0000000000000000E+00
  1.5442804057342112E+00   4.3187837787768401E+07   2.6329423273918987E+06   2.4921401997853765E+08   8.8689629008234534E+06   1.1244715681750346E+04   7.2748196501573261E+01   1.1798136585569349E+04   9.2889681346132704E+02   2.0936747566297722E+00   4.5974180124936346E+01   2.2034574967525389E+00   3.1545819838094538E-05   3.6011891717651488E+03   1.5039800868264484E+02   1.4846241189282701E+00   0.0000000000000000E+00   0.0000000000000000E+00   0.0000000000000000E+00   0.0000000000000000E+00   0.0000000000000000E+00   0.0000000000000000E+00   0.0000000000000000E+00   0.0000000000000000E+00   0.0000000000000000E+00   0.0000000000000000E+00   0.0000000000000000E+00   0.0000000000000000E+00   0.0000000000000000E+00   0.0000000000000000E+00   0.0000000000000000E+00   0.0000000000000000E+00   0.0000000000000000E+00   0.0000000000000000E+00
  1.5538740076409501E+00   4.1702002106811032E+07   2.5599249535345137E+06   2.3889723560521773E+08   8.7316511188114863E+06   1.1294087889923363E+04   7.2023611187462464E+01   1.1379866957957332E+04   9.1409297217709286E+02   2.1138744978410329E+00   4.4396087041624391E+01   2.1425141505694074E+00   3.2005894373558933E-05   3.4750648445348388E+03   1.4881742414864846E+02   1.5075664191222913E+00   0.0000000000000000E+00   0.0000000000000000E+00   0.0000000000000000E+00   0.0000000000000000E+00   0.0000000000000000E+00   0.0000000000000000E+00   0.0000000000000000E+00   0.0000000000000000E+00   0.0000000000000000E+00   0.0000000000000000E+00   0.0000000000000000E+00   0.0000000000000000E+00   0.0000000000000000E+00   0.0000000000000000E+00   0.0000000000000000E+00   0.0000000000000000E+00   0.0000000000000000E+00   0.0000000000000000E+00
  1.5636362968453756E+00   4.0264817634596519E+07   2.4886758918730007E+06   2.2897781673956895E+08   8.5943169002199415E+06   1.1340997832282887E+04   7.1301336665923131E+01   1.0975351613571756E+04   8.9954146695988732E+02   2.1341236977102729E+00   4.2869537017284507E+01   2.0830406986162280E+00   3.2468751316068436E-05   3.3530795870743723E+03   1.4722755883970311E+02   1.5304635209770319E+00   0.0000000000000000E+00   0.0000000000000000E+00   0.0000000000000000E+00   0.0000000000000000E+00   0.0000000000000000E+00   0.0000000000000000E+00   0.0000000000000000E+00   0.0000000000000000E+00   0.0000000000000000E+00   0.0000000000000000E+00   0.0000000000000000E+00   0.0000000000000000E+00   0.0000000000000000E+00   0.0000000000000000E+00   0.0000000000000000E+00   0.0000000000000000E+00   0.0000000000000000E+00   0.0000000000000000E+00
  1.5735702394289115E+00   3.8874712458632886E+07   2.4191675766623309E+06   2.1944163973050410E+08   8.4570418211089931E+06   1.1385434434644250E+04   7.0581827052437262E+01   1.0584152625417921E+04   8.8523588882904903E+02   2.1544192852578599E+00   4.1392870819342640E+01   2.0250146224996981E+00   3.2934563034510847E-05   3.2351017765340616E+03   1.4562903566930353E+02   1.5533058785842928E+00   0.0000000000000000E+00   0.0000000000000000E+00   0.0000000000000000E+00   0.0000000000000000E+00   0.0000000000000000E+00   0.0000000000000000E+00   0.0000000000000000E+00   0.0000000000000000E+00   0.0000000000000000E+00   0.0000000000000000E+00   0.0000000000000000E+00   0.0000000000000000E+00   0.0000000000000000E+00   0.0000000000000000E+00   0.0000000000000000E+00   0.0000000000000000E+00   0.0000000000000000E+00   0.0000000000000000E+00
  1.5836788536265174E+00   3.7530167371950224E+07   2.3513721368696019E+06   2.1027506017437741E+08   8.3199056923093693E+06   1.1427387848879220E+04   6.9865529344940654E+01   1.0205846499391926E+04   8.7116995328475878E+02   2.1747577338299422E+00   3.9964484587907002E+01   1.9684131266822023E+00   3.3403515424539995E-05   3.1210040886513939E+03   1.4402247106349242E+02   1.5760838255834548E+00   0.0000000000000000E+00   0.0000000000000000E+00   0.0000000000000000E+00   0.0000000000000000E+00   0.0000000000000000E+00   0.0000000000000000E+00   0.0000000000000000E+00   0.0000000000000000E+00   0.0000000000000000E+00   0.0000000000000000E+00   0.0000000000000000E+00   0.0000000000000000E+00   0.0000000000000000E+00   0.0000000000000000E+00   0.0000000000000000E+00   0.0000000000000000E+00   0.0000000000000000E+00   0.0000000000000000E+00
  1.5939652107437192E+00   3.6229713843401313E+07   2.2852614313693899E+06   2.0146489473942727E+08   8.1829864802758899E+06   1.1466849429841250E+04   6.9152883366562122E+01   9.8400236265099193E+03   8.5733749403417437E+02   2.1951350273310792E+00   3.8582827708895998E+01   1.9132131682599363E+00   3.3875808229088389E-05   3.0106633349319045E+03   1.4240847442075446E+02   1.5987875693749496E+00   0.0000000000000000E+00   0.0000000000000000E+00   0.0000000000000000E+00   0.0000000000000000E+00   0.0000000000000000E+00   0.0000000000000000E+00   0.0000000000000000E+00   0.0000000000000000E+00   0.0000000000000000E+00   0.0000000000000000E+00   0.0000000000000000E+00   0.0000000000000000E+00   0.0000000000000000E+00   0.0000000000000000E+00   0.0000000000000000E+00   0.0000000000000000E+00   0.0000000000000000E+00   0.0000000000000000E+00
  1.6044324360897693E+00   3.4971930534547247E+07   2.2208070386796589E+06   1.9299839546007609E+08   8.0463601751040397E+06   1.1503812095347565E+04   6.8444317050100480E+01   9.4862873362531191E+03   8.4373243918473088E+02   2.2155466532075252E+00   3.7246399148307368E+01   1.8593914496222732E+00   3.4351655473195175E-05   2.9039601777099001E+03   1.4078764687875389E+02   1.6214072294975086E+00   0.0000000000000000E+00   0.0000000000000000E+00   0.0000000000000000E+00   0.0000000000000000E+00   0.0000000000000000E+00   0.0000000000000000E+00   0.0000000000000000E+00   0.0000000000000000E+00   0.0000000000000000E+00   0.0000000000000000E+00   0.0000000000000000E+00   0.0000000000000000E+00   0.0000000000000000E+00   0.0000000000000000E+00   0.0000000000000000E+00   0.0000000000000000E+00   0.0000000000000000E+00   0.0000000000000000E+00
  1.6150837099272057E+00   3.3755444928229570E+07   2.1579803910088241E+06   1.8486325270105088E+08   7.9101008568993313E+06   1.1538269493488635E+04   6.7740256481160458E+01   9.1442543495622776E+03   8.3034884799609085E+02   2.2359875148932029E+00   3.5953749194915389E+01   1.8069245290383975E+00   3.4831285561826029E-05   2.8007792735121966E+03   1.3916058242249474E+02   1.6439327370372052E+00   0.0000000000000000E+00   0.0000000000000000E+00   0.0000000000000000E+00   0.0000000000000000E+00   0.0000000000000000E+00   0.0000000000000000E+00   0.0000000000000000E+00   0.0000000000000000E+00   0.0000000000000000E+00   0.0000000000000000E+00   0.0000000000000000E+00   0.0000000000000000E+00   0.0000000000000000E+00   0.0000000000000000E+00   0.0000000000000000E+00   0.0000000000000000E+00   0.0000000000000000E+00   0.0000000000000000E+00
  1.6259222684381180E+00   3.2578920329517055E+07   2.0967524730273390E+06   1.7704751832427612E+08   7.7742801925250357E+06   1.1570218884300561E+04   6.7041090799230716E+01   8.8135512275256260E+03   8.1718076717600002E+02   2.2564520971533661E+00   3.4703465721119699E+01   1.7557885753990548E+00   3.5314942365837451E-05   2.7010081892341618E+03   1.3752786197775026E+02   1.6663541711533096E+00   0.0000000000000000E+00   0.0000000000000000E+00   0.0000000000000000E+00   0.0000000000000000E+00   0.0000000000000000E+00   0.0000000000000000E+00   0.0000000000000000E+00   0.0000000000000000E+00   0.0000000000000000E+00   0.0000000000000000E+00   0.0000000000000000E+00   0.0000000000000000E+00   0.0000000000000000E+00   0.0000000000000000E+00   0.0000000000000000E+00   0.0000000000000000E+00   0.0000000000000000E+00   0.0000000000000000E+00
  1.6369514047073945E+00   3.1441061351164430E+07   2.0370940553660048E+06   1.6953963169793236E+08   7.6389676619826928E+06   1.1599659678287768E+04   6.6347190856226135E+01   8.4938158852420383E+03   8.0422230589398748E+02   2.2769343306498722E+00   3.3494180004271072E+01   1.7059595600145825E+00   3.5802884949392758E-05   2.6045378680521540E+03   1.3589005609777774E+02   1.6886615861921344E+00   0.0000000000000000E+00   0.0000000000000000E+00   0.0000000000000000E+00   0.0000000000000000E+00   0.0000000000000000E+00   0.0000000000000000E+00   0.0000000000000000E+00   0.0000000000000000E+00   0.0000000000000000E+00   0.0000000000000000E+00   0.0000000000000000E+00   0.0000000000000000E+00   0.0000000000000000E+00   0.0000000000000000E+00   0.0000000000000000E+00   0.0000000000000000E+00   0.0000000000000000E+00   0.0000000000000000E+00
  1.6481744697232639E+00   3.0340621782553591E+07   1.9789760194836315E+06   1.6232845614520034E+08   7.5042308907212140E+06   1.1626590886294509E+04   6.5658939427406267E+01   8.1846997448185912E+03   7.9146775923272742E+02   2.2974274022241197E+00   3.2324575074939872E+01   1.6574135236187628E+00   3.6295387285645459E-05   2.5112632959517432E+03   1.3424772987345361E+02   1.7108447082805609E+00   0.0000000000000000E+00   0.0000000000000000E+00   0.0000000000000000E+00   0.0000000000000000E+00   0.0000000000000000E+00   0.0000000000000000E+00   0.0000000000000000E+00   0.0000000000000000E+00   0.0000000000000000E+00   0.0000000000000000E+00   0.0000000000000000E+00   0.0000000000000000E+00   0.0000000000000000E+00   0.0000000000000000E+00   0.0000000000000000E+00   0.0000000000000000E+00   0.0000000000000000E+00   0.0000000000000000E+00
  1.6595948733954264E+00   2.9276396000714362E+07   1.9223691776523723E+06   1.5540322688601750E+08   7.3701353270011852E+06   1.1651012796746018E+04   6.4976710624733940E+01   7.8858653858165917E+03   7.7891152160615752E+02   2.3179238431655658E+00   3.1193376643129813E+01   1.6101264301144780E+00   3.6792739185579102E-05   2.4210827872893988E+03   1.3260143893291269E+02   1.7328931270674786E+00   0.0000000000000000E+00   0.0000000000000000E+00   0.0000000000000000E+00   0.0000000000000000E+00   0.0000000000000000E+00   0.0000000000000000E+00   0.0000000000000000E+00   0.0000000000000000E+00   0.0000000000000000E+00   0.0000000000000000E+00   0.0000000000000000E+00   0.0000000000000000E+00   0.0000000000000000E+00   0.0000000000000000E+00   0.0000000000000000E+00   0.0000000000000000E+00   0.0000000000000000E+00   0.0000000000000000E+00
  1.6712160855910900E+00   2.8247216311480649E+07   1.8672442659047642E+06   1.4875353151794922E+08   7.2367441469409149E+06   1.1672927349675152E+04   6.4300865355248831E+01   7.5969858208870228E+03   7.6654807052226545E+02   2.3384155371218687E+00   3.0099350299967021E+01   1.5640741618516198E+00   3.7295246743072603E-05   2.3338977671111275E+03   1.3095172871842024E+02   1.7547963423999215E+00   0.0000000000000000E+00   0.0000000000000000E+00   0.0000000000000000E+00   0.0000000000000000E+00   0.0000000000000000E+00   0.0000000000000000E+00   0.0000000000000000E+00   0.0000000000000000E+00   0.0000000000000000E+00   0.0000000000000000E+00   0.0000000000000000E+00   0.0000000000000000E+00   0.0000000000000000E+00   0.0000000000000000E+00   0.0000000000000000E+00   0.0000000000000000E+00   0.0000000000000000E+00   0.0000000000000000E+00
  1.6830416371892205E+00   2.7251951474318665E+07   1.8135719694781573E+06   1.4236929746861908E+08   7.1041182162012011E+06   1.1692338250241617E+04   6.3631750092562250E+01   7.3177440957043555E+03   7.5437196392301132E+02   2.3588937098469294E+00   2.9041299971553965E+01   1.5192325414833430E+00   3.7803232696021350E-05   2.2496126525828231E+03   1.2929913429770059E+02   1.7765437791230989E+00   0.0000000000000000E+00   0.0000000000000000E+00   0.0000000000000000E+00   0.0000000000000000E+00   0.0000000000000000E+00   0.0000000000000000E+00   0.0000000000000000E+00   0.0000000000000000E+00   0.0000000000000000E+00   0.0000000000000000E+00   0.0000000000000000E+00   0.0000000000000000E+00   0.0000000000000000E+00   0.0000000000000000E+00   0.0000000000000000E+00   0.0000000000000000E+00   0.0000000000000000E+00   0.0000000000000000E+00
  1.6950751211533317E+00   2.6289505500426468E+07   1.7613229533657776E+06   1.3624078125549582E+08   6.9723160681958701E+06   1.1709251025271122E+04   6.2969696406993400E+01   7.0478329633907988E+03   7.4237784036952280E+02   2.3793489155114274E+00   2.8018066661366372E+01   1.4755773579699143E+00   3.8317036780872408E-05   2.1681347571616266E+03   1.2764418024320575E+02   1.7981247943309484E+00   0.0000000000000000E+00   0.0000000000000000E+00   0.0000000000000000E+00   0.0000000000000000E+00   0.0000000000000000E+00   0.0000000000000000E+00   0.0000000000000000E+00   0.0000000000000000E+00   0.0000000000000000E+00   0.0000000000000000E+00   0.0000000000000000E+00   0.0000000000000000E+00   0.0000000000000000E+00   0.0000000000000000E+00   0.0000000000000000E+00   0.0000000000000000E+00   0.0000000000000000E+00   0.0000000000000000E+00
  1.7073201936231359E+00   2.5358816572041359E+07   1.7104678942403353E+06   1.3035855853800164E+08   6.8413938912124708E+06   1.1723673063467095E+04   6.2315020715078276E+01   6.7869545916673424E+03   7.3056042055286707E+02   2.3997710243569244E+00   2.7028527320409111E+01   1.4330843937012590E+00   3.8837016086609808E-05   2.0893742047087167E+03   1.2598738061046397E+02   1.8195286833886946E+00   0.0000000000000000E+00   0.0000000000000000E+00   0.0000000000000000E+00   0.0000000000000000E+00   0.0000000000000000E+00   0.0000000000000000E+00   0.0000000000000000E+00   0.0000000000000000E+00   0.0000000000000000E+00   0.0000000000000000E+00   0.0000000000000000E+00   0.0000000000000000E+00   0.0000000000000000E+00   0.0000000000000000E+00   0.0000000000000000E+00   0.0000000000000000E+00   0.0000000000000000E+00   0.0000000000000000E+00
  1.7197805750253923E+00   2.4458856058859654E+07   1.6609775134163711E+06   1.2471351470840943E+08   6.7114055214317674E+06   1.1735613643303946E+04   6.1668024152878068E+01   6.5348202959441651E+03   7.1891451012758284E+02   2.4201492138265275E+00   2.6071593819726935E+01   1.3917294524746950E+00   3.9363545407565915E-05   2.0132438514883397E+03   1.2432923906982060E+02   1.8407446866487778E+00   0.0000000000000000E+00   0.0000000000000000E+00   0.0000000000000000E+00   0.0000000000000000E+00   0.0000000000000000E+00   0.0000000000000000E+00   0.0000000000000000E+00   0.0000000000000000E+00   0.0000000000000000E+00   0.0000000000000000E+00   0.0000000000000000E+00   0.0000000000000000E+00   0.0000000000000000E+00   0.0000000000000000E+00   0.0000000000000000E+00   0.0000000000000000E+00   0.0000000000000000E+00   0.0000000000000000E+00
  1.7324600512042847E+00   2.3588627559259698E+07   1.6128226078010404E+06   1.1929683588685076E+08   6.5824024430693137E+06   1.1745083959622902E+04   6.1028992518417837E+01   6.2911502790635532E+03   7.0743500222638272E+02   2.4404719597669660E+00   2.5146211948555155E+01   1.3514883857938171E+00   3.9897017610465984E-05   1.9396592100937273E+03   1.2267024897903377E+02   1.8617619949474757E+00   0.0000000000000000E+00   0.0000000000000000E+00   0.0000000000000000E+00   0.0000000000000000E+00   0.0000000000000000E+00   0.0000000000000000E+00   0.0000000000000000E+00   0.0000000000000000E+00   0.0000000000000000E+00   0.0000000000000000E+00   0.0000000000000000E+00   0.0000000000000000E+00   0.0000000000000000E+00   0.0000000000000000E+00   0.0000000000000000E+00   0.0000000000000000E+00   0.0000000000000000E+00   0.0000000000000000E+00
  1.7453624745716776E+00   2.2747166038917452E+07   1.5659740822460277E+06   1.1410000041530778E+08   6.4544337943177028E+06   1.1752097131060840E+04   6.0398196393729926E+01   6.0556733970365140E+03   6.9611688142086552E+02   2.4607270310044180E+00   2.4251360515189376E+01   1.3123371203206817E+00   4.0437844002939999E-05   1.8685383812986136E+03   1.2101089362210368E+02   1.8825697551100351E+00   0.0000000000000000E+00   0.0000000000000000E+00   0.0000000000000000E+00   0.0000000000000000E+00   0.0000000000000000E+00   0.0000000000000000E+00   0.0000000000000000E+00   0.0000000000000000E+00   0.0000000000000000E+00   0.0000000000000000E+00   0.0000000000000000E+00   0.0000000000000000E+00   0.0000000000000000E+00   0.0000000000000000E+00   0.0000000000000000E+00   0.0000000000000000E+00   0.0000000000000000E+00   0.0000000000000000E+00
  1.7584917652775960E+00   2.1933536935303718E+07   1.5204029783298334E+06   1.0911477031280507E+08   6.3275463753459183E+06   1.1756668228117356E+04   5.9775891039145264E+01   5.8281269153384183E+03   6.8495522665074338E+02   2.4809014874830817E+00   2.3386050411177504E+01   1.2742516823796495E+00   4.0986454713864127E-05   1.7998019828352878E+03   1.1935164643114047E+02   1.9031570787956269E+00   0.0000000000000000E+00   0.0000000000000000E+00   0.0000000000000000E+00   0.0000000000000000E+00   0.0000000000000000E+00   0.0000000000000000E+00   0.0000000000000000E+00   0.0000000000000000E+00   0.0000000000000000E+00   0.0000000000000000E+00   0.0000000000000000E+00   0.0000000000000000E+00   0.0000000000000000E+00   0.0000000000000000E+00   0.0000000000000000E+00   0.0000000000000000E+00   0.0000000000000000E+00   0.0000000000000000E+00
  1.7718519124012868E+00   2.1146835523985885E+07   1.4760805106364703E+06   1.0433318413163343E+08   6.2017846715019206E+06   1.1758814205597391E+04   5.9162317320325776E+01   5.6082563358667321E+03   6.7394521830680071E+02   2.5009816754024805E+00   2.2549323952516190E+01   1.2372082286193704E+00   4.1543299084646913E-05   1.7333731000120310E+03   1.1769297143809449E+02   1.9235130403890122E+00   0.0000000000000000E+00   0.0000000000000000E+00   0.0000000000000000E+00   0.0000000000000000E+00   0.0000000000000000E+00   0.0000000000000000E+00   0.0000000000000000E+00   0.0000000000000000E+00   0.0000000000000000E+00   0.0000000000000000E+00   0.0000000000000000E+00   0.0000000000000000E+00   0.0000000000000000E+00   0.0000000000000000E+00   0.0000000000000000E+00   0.0000000000000000E+00   0.0000000000000000E+00   0.0000000000000000E+00
  1.7854469751632227E+00   2.0386185645666324E+07   1.4329780768047585E+06   9.9747546761519536E+07   6.0771908492423929E+06   1.1758554099147013E+04   5.8557699742427744E+01   5.3958150507269074E+03   6.6308213359009892E+02   2.5209532413095057E+00   2.1740253542709951E+01   1.2011830550692870E+00   4.2108846069046695E-05   1.6691771822894941E+03   1.1603532322357022E+02   1.9436267095567368E+00   0.0000000000000000E+00   0.0000000000000000E+00   0.0000000000000000E+00   0.0000000000000000E+00   0.0000000000000000E+00   0.0000000000000000E+00   0.0000000000000000E+00   0.0000000000000000E+00   0.0000000000000000E+00   0.0000000000000000E+00   0.0000000000000000E+00   0.0000000000000000E+00   0.0000000000000000E+00   0.0000000000000000E+00   0.0000000000000000E+00   0.0000000000000000E+00   0.0000000000000000E+00   0.0000000000000000E+00
  1.7992810841584179E+00   1.9650740493239600E+07   1.3910673449539614E+06   9.5350429321852401E+07   5.9538048520411281E+06   1.1755908361995949E+04   5.7962253724297341E+01   5.1905645525480031E+03   6.5236137916401879E+02   2.5408010980977127E+00   2.0957942519455099E+01   1.1661526699287905E+00   4.2683584686502567E-05   1.6071421131937259E+03   1.1437914870504260E+02   1.9634870767153534E+00   0.0000000000000000E+00   0.0000000000000000E+00   0.0000000000000000E+00   0.0000000000000000E+00   0.0000000000000000E+00   0.0000000000000000E+00   0.0000000000000000E+00   0.0000000000000000E+00   0.0000000000000000E+00   0.0000000000000000E+00   0.0000000000000000E+00   0.0000000000000000E+00   0.0000000000000000E+00   0.0000000000000000E+00   0.0000000000000000E+00   0.0000000000000000E+00   0.0000000000000000E+00   0.0000000000000000E+00
  1.8133584426114275E+00   1.8939672877449404E+07   1.3503199031632424E+06   9.1134624874395922E+07   5.8316641158853155E+06   1.1750902524689676E+04   5.7376149145548588E+01   4.9922718171052966E+03   6.4177830686410095E+02   2.5605094927463350E+00   2.0201514839973079E+01   1.1320935046267275E+00   4.3268024571496543E-05   1.5471973972466592E+03   1.1272487383316211E+02   1.9830833990418966E+00   0.0000000000000000E+00   0.0000000000000000E+00   0.0000000000000000E+00   0.0000000000000000E+00   0.0000000000000000E+00   0.0000000000000000E+00   0.0000000000000000E+00   0.0000000000000000E+00   0.0000000000000000E+00   0.0000000000000000E+00   0.0000000000000000E+00   0.0000000000000000E+00   0.0000000000000000E+00   0.0000000000000000E+00   0.0000000000000000E+00   0.0000000000000000E+00   0.0000000000000000E+00   0.0000000000000000E+00
  1.8276833276534170E+00   1.8252189023778208E+07   1.3107078839490945E+06   8.7093201318173170E+07   5.7108041140496871E+06   1.1743561535467970E+04   5.6799567487408133E+01   4.8007130109212158E+03   6.3132851248639440E+02   2.5800619081243674E+00   1.9470129727722849E+01   1.0989824303498381E+00   4.3862619438396269E-05   1.4892753197614375E+03   1.1107292553564301E+02   2.0024046811593155E+00   0.0000000000000000E+00   0.0000000000000000E+00   0.0000000000000000E+00   0.0000000000000000E+00   0.0000000000000000E+00   0.0000000000000000E+00   0.0000000000000000E+00   0.0000000000000000E+00   0.0000000000000000E+00   0.0000000000000000E+00   0.0000000000000000E+00   0.0000000000000000E+00   0.0000000000000000E+00   0.0000000000000000E+00   0.0000000000000000E+00   0.0000000000000000E+00   0.0000000000000000E+00   0.0000000000000000E+00
  1.8422600916216840E+00   1.7587522523284692E+07   1.2722037786568096E+06   8.3219470484965041E+07   5.5912581755821388E+06   1.1733911651410168E+04   5.6232682057760890E+01   4.6156718537038414E+03   6.2100774123457711E+02   2.5994411430132307E+00   1.8762975273777968E+01   1.0667966058943361E+00   4.4463067413097576E-05   1.4333104419020092E+03   1.0942372577060958E+02   2.0214398872649428E+00   0.0000000000000000E+00   0.0000000000000000E+00   0.0000000000000000E+00   0.0000000000000000E+00   0.0000000000000000E+00   0.0000000000000000E+00   0.0000000000000000E+00   0.0000000000000000E+00   0.0000000000000000E+00   0.0000000000000000E+00   0.0000000000000000E+00   0.0000000000000000E+00   0.0000000000000000E+00   0.0000000000000000E+00   0.0000000000000000E+00   0.0000000000000000E+00   0.0000000000000000E+00   0.0000000000000000E+00
  1.8570931633820325E+00   1.6944932456504904E+07   1.2347804097546728E+06   7.9506976705731809E+07   5.4730574812224917E+06   1.1721980796817084E+04   5.5675654523601196E+01   4.4369391099760423E+03   6.1081186719890002E+02   2.6186293219616368E+00   1.8079266443858838E+01   1.0355134546181084E+00   4.5074595984694771E-05   1.3792394463301766E+03   1.0777768990626845E+02   2.0401779777148086E+00   0.0000000000000000E+00   0.0000000000000000E+00   0.0000000000000000E+00   0.0000000000000000E+00   0.0000000000000000E+00   0.0000000000000000E+00   0.0000000000000000E+00   0.0000000000000000E+00   0.0000000000000000E+00   0.0000000000000000E+00   0.0000000000000000E+00   0.0000000000000000E+00   0.0000000000000000E+00   0.0000000000000000E+00   0.0000000000000000E+00   0.0000000000000000E+00   0.0000000000000000E+00   0.0000000000000000E+00
  1.8721870496743962E+00   1.6323702542917222E+07   1.1984109449857648E+06   7.5949489397487611E+07   5.3562310956162903E+06   1.1707798588345537E+04   5.5128634664572836E+01   4.2643123566471395E+03   6.0073689341791123E+02   2.6376079122295075E+00   1.7418244200000196E+01   1.0051106775377194E+00   4.5697791812862903E-05   1.3270010684077552E+03   1.0613522699714983E+02   2.0586079247520561E+00   0.0000000000000000E+00   0.0000000000000000E+00   0.0000000000000000E+00   0.0000000000000000E+00   0.0000000000000000E+00   0.0000000000000000E+00   0.0000000000000000E+00   0.0000000000000000E+00   0.0000000000000000E+00   0.0000000000000000E+00   0.0000000000000000E+00   0.0000000000000000E+00   0.0000000000000000E+00   0.0000000000000000E+00   0.0000000000000000E+00   0.0000000000000000E+00   0.0000000000000000E+00   0.0000000000000000E+00
  1.8875463364821243E+00   1.5723140447765365E+07   1.1630689158252103E+06   7.2540996448260397E+07   5.2408060063409861E+06   1.1691396287283798E+04   5.4591760836390051E+01   4.0975957928149892E+03   5.9077895462257425E+02   2.6563577399773086E+00   1.6779174770841230E+01   9.7556626895285292E-01   4.6333264262612490E-05   1.2765360404998798E+03   1.0449674020771177E+02   2.0767187209018600E+00   0.0000000000000000E+00   0.0000000000000000E+00   0.0000000000000000E+00   0.0000000000000000E+00   0.0000000000000000E+00   0.0000000000000000E+00   0.0000000000000000E+00   0.0000000000000000E+00   0.0000000000000000E+00   0.0000000000000000E+00   0.0000000000000000E+00   0.0000000000000000E+00   0.0000000000000000E+00   0.0000000000000000E+00   0.0000000000000000E+00   0.0000000000000000E+00   0.0000000000000000E+00   0.0000000000000000E+00
  1.9031756904253432E+00   1.5142577134337846E+07   1.1287282363277571E+06   6.9275697870614007E+07   5.1268071666848529E+06   1.1672806733016134E+04   5.4065160585354988E+01   3.9366000616711754E+03   5.8093432060843895E+02   2.6748590089393374E+00   1.6161348974212103E+01   9.4685853263438380E-01   4.6981646002939486E-05   1.2277870399472688E+03   1.0286262732254524E+02   2.0944993868880766E+00   0.0000000000000000E+00   0.0000000000000000E+00   0.0000000000000000E+00   0.0000000000000000E+00   0.0000000000000000E+00   0.0000000000000000E+00   0.0000000000000000E+00   0.0000000000000000E+00   0.0000000000000000E+00   0.0000000000000000E+00   0.0000000000000000E+00   0.0000000000000000E+00   0.0000000000000000E+00   0.0000000000000000E+00   0.0000000000000000E+00   0.0000000000000000E+00   0.0000000000000000E+00   0.0000000000000000E+00
  1.9190798601788175E+00   1.4581366238920005E+07   1.0953632215073183E+06   6.6147999573686890E+07   5.0142575388454106E+06   1.1652064264255318E+04   5.3548951309552116E+01   3.7811420781583756E+03   5.7119940002184637E+02   2.6930913237797229E+00   1.5564081563466340E+01   9.1896609762056891E-01   4.7643593641799852E-05   1.1806986387676004E+03   1.0123328134459810E+02   2.1119389813757334E+00   0.0000000000000000E+00   0.0000000000000000E+00   0.0000000000000000E+00   0.0000000000000000E+00   0.0000000000000000E+00   0.0000000000000000E+00   0.0000000000000000E+00   0.0000000000000000E+00   0.0000000000000000E+00   0.0000000000000000E+00   0.0000000000000000E+00   0.0000000000000000E+00   0.0000000000000000E+00   0.0000000000000000E+00   0.0000000000000000E+00   0.0000000000000000E+00   0.0000000000000000E+00   0.0000000000000000E+00
  1.9352636779147439E+00   1.4038883437882302E+07   1.0629486036363847E+06   6.3152507245931558E+07   4.9031781390822856E+06   1.1629204636438652E+04   5.3043240943472853E+01   3.6310448544668020E+03   5.6157074354217355E+02   2.7110337145841892E+00   1.4986710565089892E+01   8.9186793227702632E-01   4.8319788411475878E-05   1.1352172526110567E+03   9.9609091025113472E+01   2.1290266101896536E+00   0.0000000000000000E+00   0.0000000000000000E+00   0.0000000000000000E+00   0.0000000000000000E+00   0.0000000000000000E+00   0.0000000000000000E+00   0.0000000000000000E+00   0.0000000000000000E+00   0.0000000000000000E+00   0.0000000000000000E+00   0.0000000000000000E+00   0.0000000000000000E+00   0.0000000000000000E+00   0.0000000000000000E+00   0.0000000000000000E+00   0.0000000000000000E+00   0.0000000000000000E+00   0.0000000000000000E+00
  1.9517320607709099E+00   1.3514525825198691E+07   1.0314595475609553E+06   6.0284020334230192E+07   4.7935880831816588E+06   1.1604264931987826E+04   5.2548128652595977E+01   3.4861373280410417E+03   5.5204504717405518E+02   2.7286646657862117E+00   1.4428596627065430E+01   8.6554335753510869E-01   4.9010936900010142E-05   1.0912910904440409E+03   9.7990441437156292E+01   2.1457514373822582E+00   0.0000000000000000E+00   0.0000000000000000E+00   0.0000000000000000E+00   0.0000000000000000E+00   0.0000000000000000E+00   0.0000000000000000E+00   0.0000000000000000E+00   0.0000000000000000E+00   0.0000000000000000E+00   0.0000000000000000E+00   0.0000000000000000E+00   0.0000000000000000E+00   0.0000000000000000E+00   0.0000000000000000E+00   0.0000000000000000E+00   0.0000000000000000E+00   0.0000000000000000E+00   0.0000000000000000E+00
  1.9684900123446742E+00   1.3007711288710024E+07   1.0008716643755091E+06   5.7537526124930657E+07   4.6855046327954447E+06   1.1577283466284280E+04   5.2063705537686218E+01   3.3462541890957468E+03   5.4261915522278923E+02   2.7459621479204253E+00   1.3889122365560620E+01   8.3997205876059222E-01   4.9717771838300825E-05   1.0488701040247656E+03   9.6377714519706146E+01   2.1621026969843995E+00   0.0000000000000000E+00   0.0000000000000000E+00   0.0000000000000000E+00   0.0000000000000000E+00   0.0000000000000000E+00   0.0000000000000000E+00   0.0000000000000000E+00   0.0000000000000000E+00   0.0000000000000000E+00   0.0000000000000000E+00   0.0000000000000000E+00   0.0000000000000000E+00   0.0000000000000000E+00   0.0000000000000000E+00   0.0000000000000000E+00   0.0000000000000000E+00   0.0000000000000000E+00   0.0000000000000000E+00
  1.9855426242132079E+00   1.2517877879122885E+07   9.7116102309756086E+05   5.4908193923219338E+07   4.5789432426785761E+06   1.1548299691935499E+04   5.1590055338315459E+01   3.2112357060955442E+03   5.3329006273048719E+02   2.7629036514698284E+00   1.3367691703547138E+01   8.1513409595107167E-01   5.0441052950374873E-05   1.0079059366907818E+03   9.4771289550675419E+01   2.1780697048580206E+00   0.0000000000000000E+00   0.0000000000000000E+00   0.0000000000000000E+00   0.0000000000000000E+00   0.0000000000000000E+00   0.0000000000000000E+00   0.0000000000000000E+00   0.0000000000000000E+00   0.0000000000000000E+00   0.0000000000000000E+00   0.0000000000000000E+00   0.0000000000000000E+00   0.0000000000000000E+00   0.0000000000000000E+00   0.0000000000000000E+00   0.0000000000000000E+00   0.0000000000000000E+00   0.0000000000000000E+00
  2.0028950774804746E+00   1.2044483196106134E+07   9.4230416178696183E+05   5.2391369344318062E+07   4.4739176076766578E+06   1.1517354094998891E+04   5.1127255151142826E+01   3.0809275554928354E+03   5.2405491824350531E+02   2.7794662263993026E+00   1.2863729227278666E+01   7.9100991346739835E-01   5.1181567861492180E-05   9.6835187343544851E+02   9.3171543683273768E+01   2.1936418731616332E+00   0.0000000000000000E+00   0.0000000000000000E+00   0.0000000000000000E+00   0.0000000000000000E+00   0.0000000000000000E+00   0.0000000000000000E+00   0.0000000000000000E+00   0.0000000000000000E+00   0.0000000000000000E+00   0.0000000000000000E+00   0.0000000000000000E+00   0.0000000000000000E+00   0.0000000000000000E+00   0.0000000000000000E+00   0.0000000000000000E+00   0.0000000000000000E+00   0.0000000000000000E+00   0.0000000000000000E+00
  2.0205526443514064E+00   1.1587003756003153E+07   9.1427809605778451E+05   4.9982568677941747E+07   4.3704397101963926E+06   1.1484488096767012E+04   5.0675376090986305E+01   2.9551806464994270E+03   5.1491102571263309E+02   2.7956265238545992E+00   1.2376679522874944E+01   7.6758034758697580E-01   5.1940133079053813E-05   9.3016278938651192E+02   9.1578852360655048E+01   2.2088087251479847E+00   0.0000000000000000E+00   0.0000000000000000E+00   0.0000000000000000E+00   0.0000000000000000E+00   0.0000000000000000E+00   0.0000000000000000E+00   0.0000000000000000E+00   0.0000000000000000E+00   0.0000000000000000E+00   0.0000000000000000E+00   0.0000000000000000E+00   0.0000000000000000E+00   0.0000000000000000E+00   0.0000000000000000E+00   0.0000000000000000E+00   0.0000000000000000E+00   0.0000000000000000E+00   0.0000000000000000E+00
  2.0385206897337591E+00   1.1144934386578383E+07   8.8706032741591905E+05   4.7677473465316921E+07   4.2685198692390928E+06   1.1449743936315490E+04   5.0234484122794633E+01   2.8338509529502094E+03   5.0585584676118606E+02   2.8113608403020107E+00   1.1906006541304533E+01   7.4482663390158355E-01   5.2717595057544170E-05   8.9329510048273880E+02   8.9993589733768431E+01   2.2235599088025073E+00   0.0000000000000000E+00   0.0000000000000000E+00   0.0000000000000000E+00   0.0000000000000000E+00   0.0000000000000000E+00   0.0000000000000000E+00   0.0000000000000000E+00   0.0000000000000000E+00   0.0000000000000000E+00   0.0000000000000000E+00   0.0000000000000000E+00   0.0000000000000000E+00   0.0000000000000000E+00   0.0000000000000000E+00   0.0000000000000000E+00   0.0000000000000000E+00   0.0000000000000000E+00   0.0000000000000000E+00
  2.0568046728681404E+00   1.0717787565166991E+07   8.6062884718483943E+05   4.5471924873063877E+07   4.1681667842361000E+06   1.1413164602167008E+04   4.9804640329292994E+01   2.7167993298342853E+03   4.9688700132506312E+02   2.8266451722406827E+00   1.1451192902889698E+01   7.2273041104471358E-01   5.3514831301911371E-05   8.5770670921064891E+02   8.8416129011103081E+01   2.2378852211388249E+00   0.0000000000000000E+00   0.0000000000000000E+00   0.0000000000000000E+00   0.0000000000000000E+00   0.0000000000000000E+00   0.0000000000000000E+00   0.0000000000000000E+00   0.0000000000000000E+00   0.0000000000000000E+00   0.0000000000000000E+00   0.0000000000000000E+00   0.0000000000000000E+00   0.0000000000000000E+00   0.0000000000000000E+00   0.0000000000000000E+00   0.0000000000000000E+00   0.0000000000000000E+00   0.0000000000000000E+00
  2.0754101489866859E+00   1.0305092958119487E+07   8.3496214946215856E+05   4.3361919120935462E+07   4.0693875938172648E+06   1.1374793600252793E+04   4.9385902904519682E+01   2.6038913832746725E+03   4.8800227328664477E+02   2.8414552593169748E+00   1.1011739415470139E+01   7.0127373190397779E-01   5.4332751683022251E-05   8.2335696741557956E+02   8.6846842986796418E+01   2.2517746074519565E+00   0.0000000000000000E+00   0.0000000000000000E+00   0.0000000000000000E+00   0.0000000000000000E+00   0.0000000000000000E+00   0.0000000000000000E+00   0.0000000000000000E+00   0.0000000000000000E+00   0.0000000000000000E+00   0.0000000000000000E+00   0.0000000000000000E+00   0.0000000000000000E+00   0.0000000000000000E+00   0.0000000000000000E+00   0.0000000000000000E+00   0.0000000000000000E+00   0.0000000000000000E+00   0.0000000000000000E+00
  2.0943427710009153E+00   9.9063963578454312E+06   8.1003920997208881E+05   4.1343600213584699E+07   3.9721878890980259E+06   1.1334675233069258E+04   4.8978323709367288E+01   2.4949971805092277E+03   4.7919959923119904E+02   2.8557666798322607E+00   1.0587163951666012E+01   6.8043904648987974E-01   5.5172299421758566E-05   7.9020658772182412E+02   8.5286103741889590E+01   2.2652182434177837E+00   0.0000000000000000E+00   0.0000000000000000E+00   0.0000000000000000E+00   0.0000000000000000E+00   0.0000000000000000E+00   0.0000000000000000E+00   0.0000000000000000E+00   0.0000000000000000E+00   0.0000000000000000E+00   0.0000000000000000E+00   0.0000000000000000E+00   0.0000000000000000E+00   0.0000000000000000E+00   0.0000000000000000E+00   0.0000000000000000E+00   0.0000000000000000E+00   0.0000000000000000E+00   0.0000000000000000E+00
  2.1136082912192551E+00   9.5212581454979666E+06   7.8583942786414200E+05   3.9413253109726556E+07   3.8765717617184273E+06   1.1292855113127136E+04   4.8581944054840363E+01   2.3899908435725551E+03   4.7047703155164186E+02   2.8695548258752224E+00   1.0176999819478716E+01   6.6020915374999656E-01   5.6034452259340789E-05   7.5821751729140624E+02   8.3734278203932362E+01   2.2782065317231415E+00   0.0000000000000000E+00   0.0000000000000000E+00   0.0000000000000000E+00   0.0000000000000000E+00   0.0000000000000000E+00   0.0000000000000000E+00   0.0000000000000000E+00   0.0000000000000000E+00   0.0000000000000000E+00   0.0000000000000000E+00   0.0000000000000000E+00   0.0000000000000000E+00   0.0000000000000000E+00   0.0000000000000000E+00   0.0000000000000000E+00   0.0000000000000000E+00   0.0000000000000000E+00   0.0000000000000000E+00
  2.1332125630947667E+00   9.1492555035717040E+06   7.6234279149040277E+05   3.7567307631237678E+07   3.7825419496580414E+06   1.1249378095522996E+04   4.8196813484504382E+01   2.2887511148397093E+03   4.6183283351490331E+02   2.8827950113384126E+00   9.7807981244937103E+00   6.4056734007296401E-01   5.6920224902658458E-05   7.2735312344380588E+02   8.2191737436089497E+01   2.2907300004448552E+00   0.0000000000000000E+00   0.0000000000000000E+00   0.0000000000000000E+00   0.0000000000000000E+00   0.0000000000000000E+00   0.0000000000000000E+00   0.0000000000000000E+00   0.0000000000000000E+00   0.0000000000000000E+00   0.0000000000000000E+00   0.0000000000000000E+00   0.0000000000000000E+00   0.0000000000000000E+00   0.0000000000000000E+00   0.0000000000000000E+00   0.0000000000000000E+00   0.0000000000000000E+00   0.0000000000000000E+00
  2.1531615430036064E+00   8.7899804812839516E+06   7.3952980338924879E+05   3.5802328932597451E+07   3.6900998249626649E+06   1.1204289052363725E+04   4.7822982027598428E+01   2.1911608393995107E+03   4.5326543853536162E+02   2.8954625440540536E+00   9.3981257188852698E+00   6.2149731728013125E-01   5.7830670340194845E-05   6.9757803249735548E+02   8.0658853095224373E+01   2.3027793989104612E+00   0.0000000000000000E+00   0.0000000000000000E+00   0.0000000000000000E+00   0.0000000000000000E+00   0.0000000000000000E+00   0.0000000000000000E+00   0.0000000000000000E+00   0.0000000000000000E+00   0.0000000000000000E+00   0.0000000000000000E+00   0.0000000000000000E+00   0.0000000000000000E+00   0.0000000000000000E+00   0.0000000000000000E+00   0.0000000000000000E+00   0.0000000000000000E+00   0.0000000000000000E+00   0.0000000000000000E+00
  2.1734612920547494E+00   8.4430391662409920E+06   7.1738146431106282E+05   3.4115011988471135E+07   3.5992454284250140E+06   1.1157632936400350E+04   4.7460499244171004E+01   2.0971067384406497E+03   4.4477344216503286E+02   2.9075327981422423E+00   9.0285643265947844E+00   6.0298320970690256E-01   5.8766881536925081E-05   6.6885806131473737E+02   7.9135996695839466E+01   2.3143457331237456E+00   0.0000000000000000E+00   0.0000000000000000E+00   0.0000000000000000E+00   0.0000000000000000E+00   0.0000000000000000E+00   0.0000000000000000E+00   0.0000000000000000E+00   0.0000000000000000E+00   0.0000000000000000E+00   0.0000000000000000E+00   0.0000000000000000E+00   0.0000000000000000E+00   0.0000000000000000E+00   0.0000000000000000E+00   0.0000000000000000E+00   0.0000000000000000E+00   0.0000000000000000E+00   0.0000000000000000E+00
  2.1941179779315436E+00   8.1080510770687191E+06   6.9587926805969363E+05   3.2502176952866267E+07   3.5099775157514131E+06   1.1109454718444582E+04   4.7109414509909946E+01   2.0064792408867625E+03   4.3635560022090141E+02   2.9189812903158296E+00   8.6717099032254268E+00   5.8500955027319179E-01   5.9729993277005361E-05   6.4116016729570504E+02   7.7623539420922867E+01   2.3254202914116378E+00   0.0000000000000000E+00   0.0000000000000000E+00   0.0000000000000000E+00   0.0000000000000000E+00   0.0000000000000000E+00   0.0000000000000000E+00   0.0000000000000000E+00   0.0000000000000000E+00   0.0000000000000000E+00   0.0000000000000000E+00   0.0000000000000000E+00   0.0000000000000000E+00   0.0000000000000000E+00   0.0000000000000000E+00   0.0000000000000000E+00   0.0000000000000000E+00   0.0000000000000000E+00   0.0000000000000000E+00
  2.2151378767656396E+00   7.7846485946930302E+06   6.7500519672656583E+05   3.0960764767617308E+07   3.4222936049387502E+06   1.1059799301794277E+04   4.6769777559169704E+01   1.9191723254834010E+03   4.2801082730484887E+02   2.9297837568005387E+00   8.3271720394614697E+00   5.6756127705217074E-01   6.0718209033945166E-05   6.1445240161855827E+02   7.6121851886103855E+01   2.3359946660729469E+00   0.0000000000000000E+00   0.0000000000000000E+00   0.0000000000000000E+00   0.0000000000000000E+00   0.0000000000000000E+00   0.0000000000000000E+00   0.0000000000000000E+00   0.0000000000000000E+00   0.0000000000000000E+00   0.0000000000000000E+00   0.0000000000000000E+00   0.0000000000000000E+00   0.0000000000000000E+00   0.0000000000000000E+00   0.0000000000000000E+00   0.0000000000000000E+00   0.0000000000000000E+00   0.0000000000000000E+00
  2.2365273750438694E+00   7.4724764149130350E+06   6.5474171546933230E+05   2.9487832928185340E+07   3.3361900242144610E+06   1.1008711435441175E+04   4.6441639068927508E+01   1.8350833687695456E+03   4.1973819522574877E+02   2.9399162330726281E+00   7.9945733885443317E+00   5.5062372957809735E-01   6.1721942159690611E-05   5.8870386422906006E+02   7.4631303863259518E+01   2.3460607745948878E+00   0.0000000000000000E+00   0.0000000000000000E+00   0.0000000000000000E+00   0.0000000000000000E+00   0.0000000000000000E+00   0.0000000000000000E+00   0.0000000000000000E+00   0.0000000000000000E+00   0.0000000000000000E+00   0.0000000000000000E+00   0.0000000000000000E+00   0.0000000000000000E+00   0.0000000000000000E+00   0.0000000000000000E+00   0.0000000000000000E+00   0.0000000000000000E+00   0.0000000000000000E+00   0.0000000000000000E+00
  2.2582929715486566E+00   7.1711910162104685E+06   6.3507176649806090E+05   2.8080551370718949E+07   3.2516619593757712E+06   1.0956235630451674E+04   4.6125051230128570E+01   1.7541129973335574E+03   4.1153693114562265E+02   2.9493551370274926E+00   7.6735490754887792E+00   5.3418264212518785E-01   6.2755434096300997E-05   5.6388466006290321E+02   7.3152263953396471E+01   2.3556108813725687E+00   0.0000000000000000E+00   0.0000000000000000E+00   0.0000000000000000E+00   0.0000000000000000E+00   0.0000000000000000E+00   0.0000000000000000E+00   0.0000000000000000E+00   0.0000000000000000E+00   0.0000000000000000E+00   0.0000000000000000E+00   0.0000000000000000E+00   0.0000000000000000E+00   0.0000000000000000E+00   0.0000000000000000E+00   0.0000000000000000E+00   0.0000000000000000E+00   0.0000000000000000E+00   0.0000000000000000E+00
  2.2804412793325475E+00   6.8804601416045297E+06   6.1597876215843705E+05   2.6736198500276811E+07   3.1687035015210169E+06   1.0902416078207934E+04   4.5820068354817217E+01   1.6761649442066687E+03   4.0340641523891810E+02   2.9580773526219843E+00   7.3637461849097692E+00   5.1822414059108457E-01   6.3819972570979989E-05   5.3996585644215145E+02   7.1685099163850694E+01   2.3646376173851635E+00   0.0000000000000000E+00   0.0000000000000000E+00   0.0000000000000000E+00   0.0000000000000000E+00   0.0000000000000000E+00   0.0000000000000000E+00   0.0000000000000000E+00   0.0000000000000000E+00   0.0000000000000000E+00   0.0000000000000000E+00   0.0000000000000000E+00   0.0000000000000000E+00   0.0000000000000000E+00   0.0000000000000000E+00   0.0000000000000000E+00   0.0000000000000000E+00   0.0000000000000000E+00   0.0000000000000000E+00
  2.3029790277274529E+00   6.5999622895912398E+06   5.9744657683154277E+05   2.5452157295458887E+07   3.0873076932184366E+06   1.0847296584307618E+04   4.5526747336836152E+01   1.6011459080160544E+03   3.9534617778298161E+02   2.9660603180370888E+00   7.0648232115384362E+00   5.0273473521572398E-01   6.4916896556258894E-05   5.1691944116487980E+02   7.0230174437009225E+01   2.3731340025287717E+00   0.0000000000000000E+00   0.0000000000000000E+00   0.0000000000000000E+00   0.0000000000000000E+00   0.0000000000000000E+00   0.0000000000000000E+00   0.0000000000000000E+00   0.0000000000000000E+00   0.0000000000000000E+00   0.0000000000000000E+00   0.0000000000000000E+00   0.0000000000000000E+00   0.0000000000000000E+00   0.0000000000000000E+00   0.0000000000000000E+00   0.0000000000000000E+00   0.0000000000000000E+00   0.0000000000000000E+00
  2.3259130643892307E+00   6.3293862483655019E+06   5.7945953995786794E+05   2.4225911672522947E+07   3.0074665775576127E+06   1.0790920469499433E+04   4.5245148541695492E+01   1.5289654240108739E+03   3.8735589671585524E+02   2.9732821093089945E+00   6.7764495686822501E+00   4.8770131504605524E-01   6.6047598986678670E-05   4.9471828427717412E+02   6.8787852142271703E+01   2.3810934593852968E+00   0.0000000000000000E+00   0.0000000000000000E+00   0.0000000000000000E+00   0.0000000000000000E+00   0.0000000000000000E+00   0.0000000000000000E+00   0.0000000000000000E+00   0.0000000000000000E+00   0.0000000000000000E+00   0.0000000000000000E+00   0.0000000000000000E+00   0.0000000000000000E+00   0.0000000000000000E+00   0.0000000000000000E+00   0.0000000000000000E+00   0.0000000000000000E+00   0.0000000000000000E+00   0.0000000000000000E+00
  2.3492503573782075E+00   6.0684305559480740E+06   5.6200242202135909E+05   2.3055042557464130E+07   2.9291712376511954E+06   1.0733330598509127E+04   4.4975335313780974E+01   1.4595357162455089E+03   3.7943539148178263E+02   2.9797215401471822E+00   6.4983050172770511E+00   4.7311113650226183E-01   6.7213529448907115E-05   4.7333609340803656E+02   6.7358491338713193E+01   2.3885098479883848E+00   0.0000000000000000E+00   0.0000000000000000E+00   0.0000000000000000E+00   0.0000000000000000E+00   0.0000000000000000E+00   0.0000000000000000E+00   0.0000000000000000E+00   0.0000000000000000E+00   0.0000000000000000E+00   0.0000000000000000E+00   0.0000000000000000E+00   0.0000000000000000E+00   0.0000000000000000E+00   0.0000000000000000E+00   0.0000000000000000E+00   0.0000000000000000E+00   0.0000000000000000E+00   0.0000000000000000E+00
  2.3729979972762916E+00   5.8168032751785088E+06   5.4506044144522236E+05   2.1937225313717946E+07   2.8524118624628931E+06   1.0674569018968890E+04   4.4717377830753648E+01   1.3927716320879704E+03   3.7158462787019329E+02   2.9853582222849613E+00   6.2300794305099219E+00   4.5895182942092383E-01   6.8416197727244263E-05   4.5274739596743592E+02   6.5942447740653279E+01   2.3953774371723173E+00   0.0000000000000000E+00   0.0000000000000000E+00   0.0000000000000000E+00   0.0000000000000000E+00   0.0000000000000000E+00   0.0000000000000000E+00   0.0000000000000000E+00   0.0000000000000000E+00   0.0000000000000000E+00   0.0000000000000000E+00   0.0000000000000000E+00   0.0000000000000000E+00   0.0000000000000000E+00   0.0000000000000000E+00   0.0000000000000000E+00   0.0000000000000000E+00   0.0000000000000000E+00   0.0000000000000000E+00
  2.3971631993413061E+00   5.5742207815228701E+06   5.2861919614117860E+05   2.0870223457486570E+07   2.7771777329825689E+06   1.0614677924081716E+04   4.4471342728911672E+01   1.3285903232236603E+03   3.6380368108925757E+02   2.9901727227321397E+00   5.9714715043399753E+00   4.4521134001747192E-01   6.9657175322857727E-05   4.3292743745291085E+02   6.4540070370492927E+01   2.4016910507439020E+00   0.0000000000000000E+00   0.0000000000000000E+00   0.0000000000000000E+00   0.0000000000000000E+00   0.0000000000000000E+00   0.0000000000000000E+00   0.0000000000000000E+00   0.0000000000000000E+00   0.0000000000000000E+00   0.0000000000000000E+00   0.0000000000000000E+00   0.0000000000000000E+00   0.0000000000000000E+00   0.0000000000000000E+00   0.0000000000000000E+00   0.0000000000000000E+00   0.0000000000000000E+00   0.0000000000000000E+00
  2.4217533056992049E+00   5.3404083540004557E+06   5.1266472647014970E+05   1.9851889425960798E+07   2.7034573566398257E+06   1.0553698287574614E+04   4.4237308127034161E+01   1.2669113928098795E+03   3.5609277030150997E+02   2.9941465250252826E+00   5.7221893920920053E+00   4.3187798380878473E-01   7.0938101092756186E-05   4.1385223310614879E+02   6.3151703648265098E+01   2.4074458797105467E+00   0.0000000000000000E+00   0.0000000000000000E+00   0.0000000000000000E+00   0.0000000000000000E+00   0.0000000000000000E+00   0.0000000000000000E+00   0.0000000000000000E+00   0.0000000000000000E+00   0.0000000000000000E+00   0.0000000000000000E+00   0.0000000000000000E+00   0.0000000000000000E+00   0.0000000000000000E+00   0.0000000000000000E+00   0.0000000000000000E+00   0.0000000000000000E+00   0.0000000000000000E+00   0.0000000000000000E+00
  2.4467757875748362E+00   5.1150994878031127E+06   4.9718348479813227E+05   1.8880159849348985E+07   2.6312384716717284E+06   1.0491670234748268E+04   4.4015359232198847E+01   1.2076567099425215E+03   3.4845224457553650E+02   2.9972621972298579E+00   5.4819499749089244E+00   4.1894042040844559E-01   7.2260684193150380E-05   3.9549850986710027E+02   6.1777686530214304E+01   2.4126375942091163E+00   0.0000000000000000E+00   0.0000000000000000E+00   0.0000000000000000E+00   0.0000000000000000E+00   0.0000000000000000E+00   0.0000000000000000E+00   0.0000000000000000E+00   0.0000000000000000E+00   0.0000000000000000E+00   0.0000000000000000E+00   0.0000000000000000E+00   0.0000000000000000E+00   0.0000000000000000E+00   0.0000000000000000E+00   0.0000000000000000E+00   0.0000000000000000E+00   0.0000000000000000E+00   0.0000000000000000E+00
  2.4722382475619264E+00   4.8980353850133261E+06   4.8216231424778799E+05   1.7953052145891331E+07   2.5605080847776891E+06   1.0428633134268883E+04   4.3805587651125499E+01   1.1507502741390774E+03   3.4088257094465990E+02   2.9995034679501504E+00   5.2504783215003510E+00   4.0638763595729099E-01   7.3626707886802442E-05   3.7784366443619558E+02   6.0418350979366217E+01   2.4172623562915585E+00   0.0000000000000000E+00   0.0000000000000000E+00   0.0000000000000000E+00   0.0000000000000000E+00   0.0000000000000000E+00   0.0000000000000000E+00   0.0000000000000000E+00   0.0000000000000000E+00   0.0000000000000000E+00   0.0000000000000000E+00   0.0000000000000000E+00   0.0000000000000000E+00   0.0000000000000000E+00   0.0000000000000000E+00   0.0000000000000000E+00   0.0000000000000000E+00   0.0000000000000000E+00   0.0000000000000000E+00
  2.4981484219329810E+00   4.6889646129230233E+06   4.6758843831359112E+05   1.7068661679046202E+07   2.4912525182184638E+06   1.0364625539153309E+04   4.3608092322840029E+01   1.0961181233278430E+03   3.3338432853982926E+02   3.0008552987948240E+00   5.0275073264497001E+00   3.9420893463479706E-01   7.5038033794053692E-05   3.6086573530358578E+02   5.9074021100882504E+01   2.4213168184117380E+00   0.0000000000000000E+00   0.0000000000000000E+00   0.0000000000000000E+00   0.0000000000000000E+00   0.0000000000000000E+00   0.0000000000000000E+00   0.0000000000000000E+00   0.0000000000000000E+00   0.0000000000000000E+00   0.0000000000000000E+00   0.0000000000000000E+00   0.0000000000000000E+00   0.0000000000000000E+00   0.0000000000000000E+00   0.0000000000000000E+00   0.0000000000000000E+00   0.0000000000000000E+00   0.0000000000000000E+00
  2.5245141829898015E+00   4.4876427437288826E+06   4.5344944724629354E+05   1.6225158832208309E+07   2.4234574505904987E+06   1.0299685194250378E+04   4.3422979715739032E+01   1.0436882376355793E+03   3.2595820084784719E+02   3.0013039632311811E+00   4.8127773282688224E+00   3.8239392744756695E-01   7.6496606282125287E-05   3.4454337308200462E+02   5.7745012173971404E+01   2.4247981317088194E+00   0.0000000000000000E+00   0.0000000000000000E+00   0.0000000000000000E+00   0.0000000000000000E+00   0.0000000000000000E+00   0.0000000000000000E+00   0.0000000000000000E+00   0.0000000000000000E+00   0.0000000000000000E+00   0.0000000000000000E+00   0.0000000000000000E+00   0.0000000000000000E+00   0.0000000000000000E+00   0.0000000000000000E+00   0.0000000000000000E+00   0.0000000000000000E+00   0.0000000000000000E+00   0.0000000000000000E+00
  2.5513435414553287E+00   4.2938320363943884E+06   4.3973328601430118E+05   1.5420786266885737E+07   2.3571079590392788E+06   1.0233849021889184E+04   4.3250364331150280E+01   9.9339045479623303E+02   3.1860496850566722E+02   3.0008371191911216E+00   4.6060357721405927E+00   3.7093252232239388E-01   7.8004457179372600E-05   3.2885581435988377E+02   5.6431629752965279E+01   2.4277039478719074E+00   0.0000000000000000E+00   0.0000000000000000E+00   0.0000000000000000E+00   0.0000000000000000E+00   0.0000000000000000E+00   0.0000000000000000E+00   0.0000000000000000E+00   0.0000000000000000E+00   0.0000000000000000E+00   0.0000000000000000E+00   0.0000000000000000E+00   0.0000000000000000E+00   0.0000000000000000E+00   0.0000000000000000E+00   0.0000000000000000E+00   0.0000000000000000E+00   0.0000000000000000E+00   0.0000000000000000E+00
  2.5786446489075461E+00   4.1073011400603908E+06   4.2642824236495054E+05   1.4653856283188518E+07   2.2921885608552308E+06   1.0167153110369407E+04   4.3090369239673585E+01   9.4515639181493486E+02   3.1132550185857451E+02   2.9994438770789071E+00   4.4070368953536692E+00   3.5981491426731965E-01   7.9563710795648818E-05   3.1378285732714443E+02   5.5134168771970998E+01   2.4300324178142478E+00   0.0000000000000000E+00   0.0000000000000000E+00   0.0000000000000000E+00   0.0000000000000000E+00   0.0000000000000000E+00   0.0000000000000000E+00   0.0000000000000000E+00   0.0000000000000000E+00   0.0000000000000000E+00   0.0000000000000000E+00   0.0000000000000000E+00   0.0000000000000000E+00   0.0000000000000000E+00   0.0000000000000000E+00   0.0000000000000000E+00   0.0000000000000000E+00   0.0000000000000000E+00   0.0000000000000000E+00
  2.6064258002561789E+00   3.9278248222746765E+06   4.1352293539399153E+05   1.3922748292242505E+07   2.2286832547855643E+06   1.0099632697892372E+04   4.2943126739443329E+01   8.9891937372583129E+02   3.0412075346689647E+02   2.9971148615889347E+00   4.2155414389573336E+00   3.4903157594462014E-01   8.1176589292261971E-05   2.9930483945056318E+02   5.3852912678945074E+01   2.4317821860414659E+00   0.0000000000000000E+00   0.0000000000000000E+00   0.0000000000000000E+00   0.0000000000000000E+00   0.0000000000000000E+00   0.0000000000000000E+00   0.0000000000000000E+00   0.0000000000000000E+00   0.0000000000000000E+00   0.0000000000000000E+00   0.0000000000000000E+00   0.0000000000000000E+00   0.0000000000000000E+00   0.0000000000000000E+00   0.0000000000000000E+00   0.0000000000000000E+00   0.0000000000000000E+00   0.0000000000000000E+00
  2.6346954362629398E+00   3.7551837055565151E+06   4.0100630321240966E+05   1.3225906318553997E+07   2.1665755595091940E+06   1.0031322186654243E+04   4.2808778691382891E+01   8.5461436507662643E+02   2.9699174994957497E+02   2.9938422739379380E+00   4.0313163680027850E+00   3.3857324746932854E-01   8.2845418301717317E-05   2.8540261574637611E+02   5.2588132577410164E+01   2.4329523886141216E+00   0.0000000000000000E+00   0.0000000000000000E+00   0.0000000000000000E+00   0.0000000000000000E+00   0.0000000000000000E+00   0.0000000000000000E+00   0.0000000000000000E+00   0.0000000000000000E+00   0.0000000000000000E+00   0.0000000000000000E+00   0.0000000000000000E+00   0.0000000000000000E+00   0.0000000000000000E+00   0.0000000000000000E+00   0.0000000000000000E+00   0.0000000000000000E+00   0.0000000000000000E+00   0.0000000000000000E+00
  2.6634621461060890E+00   3.5891640678084530E+06   3.8886759505017061E+05   1.2561836758455979E+07   2.1058485558260307E+06   9.9622550725699421E+03   4.2687477926306002E+01   8.1217791829959469E+02   2.8993958592606845E+02   2.9896199396537630E+00   3.8541346598650215E+00   3.2843092992590878E-01   8.4572633198199388E-05   2.7205754243149335E+02   5.1340086598128302E+01   2.4335426358377266E+00   0.0000000000000000E+00   0.0000000000000000E+00   0.0000000000000000E+00   0.0000000000000000E+00   0.0000000000000000E+00   0.0000000000000000E+00   0.0000000000000000E+00   0.0000000000000000E+00   0.0000000000000000E+00   0.0000000000000000E+00   0.0000000000000000E+00   0.0000000000000000E+00   0.0000000000000000E+00   0.0000000000000000E+00   0.0000000000000000E+00   0.0000000000000000E+00   0.0000000000000000E+00   0.0000000000000000E+00
  2.6927346699900907E+00   3.4295575279046362E+06   3.7709635071077530E+05   1.1929105699548310E+07   2.0464849126071804E+06   9.8924641549645348E+03   4.2579386271596718E+01   7.7154809350920948E+02   2.8296541109097393E+02   2.9844433840675304E+00   3.6837749882377575E+00   3.1859586986931365E-01   8.6340094692168389E-05   2.5925145061640308E+02   5.0109018745813486E+01   2.4335530369908280E+00   0.0000000000000000E+00   0.0000000000000000E+00   0.0000000000000000E+00   0.0000000000000000E+00   0.0000000000000000E+00   0.0000000000000000E+00   0.0000000000000000E+00   0.0000000000000000E+00   0.0000000000000000E+00   0.0000000000000000E+00   0.0000000000000000E+00   0.0000000000000000E+00   0.0000000000000000E+00   0.0000000000000000E+00   0.0000000000000000E+00   0.0000000000000000E+00   0.0000000000000000E+00   0.0000000000000000E+00
  2.7225219018011533E+00   3.2761609109315816E+06   3.6568239573342988E+05   1.1326337168135043E+07   1.9884669413199900E+06   9.8219813557809357E+03   4.2484677861122059E+01   7.3266442621135036E+02   2.7607042374707873E+02   2.9783098098972083E+00   3.5200215452164061E+00   3.0905955242838123E-01   8.8147126693131417E-05   2.4696663586072083E+02   4.8895157988234665E+01   2.4329841217052670E+00   0.0000000000000000E+00   0.0000000000000000E+00   0.0000000000000000E+00   0.0000000000000000E+00   0.0000000000000000E+00   0.0000000000000000E+00   0.0000000000000000E+00   0.0000000000000000E+00   0.0000000000000000E+00   0.0000000000000000E+00   0.0000000000000000E+00   0.0000000000000000E+00   0.0000000000000000E+00   0.0000000000000000E+00   0.0000000000000000E+00   0.0000000000000000E+00   0.0000000000000000E+00   0.0000000000000000E+00
  2.7528328918094620E+00   3.1287761219108077E+06   3.5461583655149123E+05   1.0752210970186146E+07   1.9317766260547673E+06   9.7508376793999832E+03   4.2403539948551590E+01   6.9546789441477051E+02   2.6925586719300662E+02   2.9712181728770926E+00   3.3626639004022572E+00   2.9981369663094648E-01   9.0018222883962227E-05   2.3518584729709667E+02   4.7698718376117149E+01   2.4318368564281467E+00   0.0000000000000000E+00   0.0000000000000000E+00   0.0000000000000000E+00   0.0000000000000000E+00   0.0000000000000000E+00   0.0000000000000000E+00   0.0000000000000000E+00   0.0000000000000000E+00   0.0000000000000000E+00   0.0000000000000000E+00   0.0000000000000000E+00   0.0000000000000000E+00   0.0000000000000000E+00   0.0000000000000000E+00   0.0000000000000000E+00   0.0000000000000000E+00   0.0000000000000000E+00   0.0000000000000000E+00
  2.7836768494189297E+00   2.9872099262307258E+06   3.4388704533390480E+05   1.0205460498357637E+07   1.8763956551013244E+06   9.6790633028536922E+03   4.2336172751599868E+01   6.5990086477560988E+02   2.6252301834741354E+02   2.9631692053113730E+00   3.2114968098561012E+00   2.9085024649744290E-01   9.1956199090025443E-05   2.2389226941589513E+02   4.6519898049443903E+01   2.4301126275878904E+00   0.0000000000000000E+00   0.0000000000000000E+00   0.0000000000000000E+00   0.0000000000000000E+00   0.0000000000000000E+00   0.0000000000000000E+00   0.0000000000000000E+00   0.0000000000000000E+00   0.0000000000000000E+00   0.0000000000000000E+00   0.0000000000000000E+00   0.0000000000000000E+00   0.0000000000000000E+00   0.0000000000000000E+00   0.0000000000000000E+00   0.0000000000000000E+00   0.0000000000000000E+00   0.0000000000000000E+00
  2.8150631459652939E+00   2.8512737879645876E+06   3.3348664903101936E+05   9.6848707216313668E+06   1.8223054537792616E+06   9.6066876092129332E+03   4.2282789936642082E+01   6.2590705361189180E+02   2.5587317875666696E+02   2.9541654352431665E+00   3.0663200236093440E+00   2.8216136019762633E-01   9.3964009570090770E-05   2.1306950858557715E+02   4.5358878596891103E+01   2.4278132215333210E+00   0.0000000000000000E+00   0.0000000000000000E+00   0.0000000000000000E+00   0.0000000000000000E+00   0.0000000000000000E+00   0.0000000000000000E+00   0.0000000000000000E+00   0.0000000000000000E+00   0.0000000000000000E+00   0.0000000000000000E+00   0.0000000000000000E+00   0.0000000000000000E+00   0.0000000000000000E+00   0.0000000000000000E+00   0.0000000000000000E+00   0.0000000000000000E+00   0.0000000000000000E+00   0.0000000000000000E+00
  2.8470013175634135E+00   2.7207837320971489E+06   3.2340551969578129E+05   9.1892762640154809E+06   1.7694872163243354E+06   9.5337392100782708E+03   4.2243619248329004E+01   5.9343149422881743E+02   2.4930766629253915E+02   2.9442112008107273E+00   2.9269381386906885E+00   2.7373940197882318E-01   9.6044755277917713E-05   2.0270158149077548E+02   4.4215824561327615E+01   2.4249408035133704E+00   0.0000000000000000E+00   0.0000000000000000E+00   0.0000000000000000E+00   0.0000000000000000E+00   0.0000000000000000E+00   0.0000000000000000E+00   0.0000000000000000E+00   0.0000000000000000E+00   0.0000000000000000E+00   0.0000000000000000E+00   0.0000000000000000E+00   0.0000000000000000E+00   0.0000000000000000E+00   0.0000000000000000E+00   0.0000000000000000E+00   0.0000000000000000E+00   0.0000000000000000E+00   0.0000000000000000E+00
  2.8795010680046320E+00   2.5955602188916388E+06   3.1363476505184220E+05   8.7175595522601996E+06   1.7179219368201583E+06   9.4602459709151135E+03   4.2218903165934677E+01   5.6242050778373039E+02   2.4282780676121885E+02   2.9333126549861066E+00   2.7931604649834165E+00   2.6557693428811435E-01   9.8201692650549862E-05   1.9277290454163136E+02   4.3090882991730155E+01   2.4214978935664901E+00   0.0000000000000000E+00   0.0000000000000000E+00   0.0000000000000000E+00   0.0000000000000000E+00   0.0000000000000000E+00   0.0000000000000000E+00   0.0000000000000000E+00   0.0000000000000000E+00   0.0000000000000000E+00   0.0000000000000000E+00   0.0000000000000000E+00   0.0000000000000000E+00   0.0000000000000000E+00   0.0000000000000000E+00   0.0000000000000000E+00   0.0000000000000000E+00   0.0000000000000000E+00   0.0000000000000000E+00
  2.9125722717050868E+00   2.4754280346720940E+06   3.0416571988348296E+05   8.2686490295230960E+06   1.6675904386402769E+06   9.3862350335738829E+03   4.2208899602905852E+01   5.3282167845317076E+02   2.3643492600272486E+02   2.9214777661525213E+00   2.6648009085254776E+00   2.5766671057338936E-01   1.0043824295081417E-04   1.8326828456620507E+02   4.1984183123029553E+01   2.4174873432580921E+00   0.0000000000000000E+00   0.0000000000000000E+00   0.0000000000000000E+00   0.0000000000000000E+00   0.0000000000000000E+00   0.0000000000000000E+00   0.0000000000000000E+00   0.0000000000000000E+00   0.0000000000000000E+00   0.0000000000000000E+00   0.0000000000000000E+00   0.0000000000000000E+00   0.0000000000000000E+00   0.0000000000000000E+00   0.0000000000000000E+00   0.0000000000000000E+00   0.0000000000000000E+00   0.0000000000000000E+00
  2.9462249767058575E+00   2.3602161893909522E+06   2.9498993731885857E+05   7.8415174225732172E+06   1.6184734025744007E+06   9.3117328488889270E+03   4.2213882532006643E+01   5.0458383065956320E+02   2.3013034179504825E+02   2.9087163098773376E+00   2.5416778619368743E+00   2.5000166798062418E-01   1.0275800216774764E-04   1.7417291002158120E+02   4.0895836086002625E+01   2.4129123107610169E+00   0.0000000000000000E+00   0.0000000000000000E+00   0.0000000000000000E+00   0.0000000000000000E+00   0.0000000000000000E+00   0.0000000000000000E+00   0.0000000000000000E+00   0.0000000000000000E+00   0.0000000000000000E+00   0.0000000000000000E+00   0.0000000000000000E+00   0.0000000000000000E+00   0.0000000000000000E+00   0.0000000000000000E+00   0.0000000000000000E+00   0.0000000000000000E+00   0.0000000000000000E+00   0.0000000000000000E+00
  2.9804694077258649E+00   2.2497578337657149E+06   2.8609918162229634E+05   7.4351800918934420E+06   1.5705513942541010E+06   9.2367651891331861E+03   4.2234142886283145E+01   4.7765701131445388E+02   2.2391535660389704E+02   2.8950398538890703E+00   2.4236141157455751E+00   2.4257492131293446E-01   1.0516475162985929E-04   1.6547234376767966E+02   3.9825934781971036E+01   2.4077762347929368E+00   0.0000000000000000E+00   0.0000000000000000E+00   0.0000000000000000E+00   0.0000000000000000E+00   0.0000000000000000E+00   0.0000000000000000E+00   0.0000000000000000E+00   0.0000000000000000E+00   0.0000000000000000E+00   0.0000000000000000E+00   0.0000000000000000E+00   0.0000000000000000E+00   0.0000000000000000E+00   0.0000000000000000E+00   0.0000000000000000E+00   0.0000000000000000E+00   0.0000000000000000E+00   0.0000000000000000E+00
  3.0153159692684586E+00   2.1438901658430984E+06   2.7748541887807340E+05   7.0486933648407115E+06   1.5238048875443765E+06   9.1613572220610749E+03   4.2269988616711217E+01   4.5199246953461716E+02   2.1779124933548923E+02   2.8804617443840184E+00   2.3104367581793919E+00   2.3537975519036614E-01   1.0766246892783810E-04   1.5715251483983249E+02   3.8774553710724682E+01   2.4020828179594851E+00   0.0000000000000000E+00   0.0000000000000000E+00   0.0000000000000000E+00   0.0000000000000000E+00   0.0000000000000000E+00   0.0000000000000000E+00   0.0000000000000000E+00   0.0000000000000000E+00   0.0000000000000000E+00   0.0000000000000000E+00   0.0000000000000000E+00   0.0000000000000000E+00   0.0000000000000000E+00   0.0000000000000000E+00   0.0000000000000000E+00   0.0000000000000000E+00   0.0000000000000000E+00   0.0000000000000000E+00
  3.0507752487826170E+00   2.0424543605074743E+06   2.6914081000656233E+05   6.6811530332246572E+06   1.4782142922133859E+06   9.0855335180089405E+03   4.2321745893081662E+01   4.2754264278275292E+02   2.1175926772104245E+02   2.8649970580911135E+00   2.2019770995709775E+00   2.2840961817277072E-01   1.1025533999649871E-04   1.4919971228649956E+02   3.7741748829609804E+01   2.3958359841265988E+00   0.0000000000000000E+00   0.0000000000000000E+00   0.0000000000000000E+00   0.0000000000000000E+00   0.0000000000000000E+00   0.0000000000000000E+00   0.0000000000000000E+00   0.0000000000000000E+00   0.0000000000000000E+00   0.0000000000000000E+00   0.0000000000000000E+00   0.0000000000000000E+00   0.0000000000000000E+00   0.0000000000000000E+00   0.0000000000000000E+00   0.0000000000000000E+00   0.0000000000000000E+00   0.0000000000000000E+00
  3.0868580198797391E+00   1.9452955252929088E+06   2.6105770646706835E+05   6.3316928751011295E+06   1.4337599767748415E+06   9.0093180425680930E+03   4.2389760218475658E+01   4.0426114861002520E+02   2.0582062312939678E+02   2.8486625776843089E+00   2.0980706249841123E+00   2.2165811914100902E-01   1.1294777186556677E-04   1.4160058088376874E+02   3.6727557884844892E+01   2.3890398612877020E+00   0.0000000000000000E+00   0.0000000000000000E+00   0.0000000000000000E+00   0.0000000000000000E+00   0.0000000000000000E+00   0.0000000000000000E+00   0.0000000000000000E+00   0.0000000000000000E+00   0.0000000000000000E+00   0.0000000000000000E+00   0.0000000000000000E+00   0.0000000000000000E+00   0.0000000000000000E+00   0.0000000000000000E+00   0.0000000000000000E+00   0.0000000000000000E+00   0.0000000000000000E+00   0.0000000000000000E+00
  3.1235752456069985E+00   1.8522626315830082E+06   2.5322864257490801E+05   5.9994831712196860E+06   1.3904222892444127E+06   8.9327342150879358E+03   4.2474396800210798E+01   3.8210277080541613E+02   1.9997648321126729E+02   2.8314767510365400E+00   1.9985569202784808E+00   2.1511902080228251E-01   1.1574440591455188E-04   1.3434211483342202E+02   3.5732000470302985E+01   2.3816987601767523E+00   0.0000000000000000E+00   0.0000000000000000E+00   0.0000000000000000E+00   0.0000000000000000E+00   0.0000000000000000E+00   0.0000000000000000E+00   0.0000000000000000E+00   0.0000000000000000E+00   0.0000000000000000E+00   0.0000000000000000E+00   0.0000000000000000E+00   0.0000000000000000E+00   0.0000000000000000E+00   0.0000000000000000E+00   0.0000000000000000E+00   0.0000000000000000E+00   0.0000000000000000E+00   0.0000000000000000E+00
  3.1609380817782493E+00   1.7632084583163655E+06   2.4564632900061770E+05   5.6837292992605455E+06   1.3481815778243085E+06   8.8558049486314503E+03   4.2576041187069166E+01   3.6102344864059711E+02   1.9422796526031550E+02   2.8134596406572983E+00   1.9032796115777562E+00   2.0878623418228262E-01   1.1865013202516871E-04   1.2741165247069034E+02   3.4755078200475772E+01   2.3738171501391112E+00   0.0000000000000000E+00   0.0000000000000000E+00   0.0000000000000000E+00   0.0000000000000000E+00   0.0000000000000000E+00   0.0000000000000000E+00   0.0000000000000000E+00   0.0000000000000000E+00   0.0000000000000000E+00   0.0000000000000000E+00   0.0000000000000000E+00   0.0000000000000000E+00   0.0000000000000000E+00   0.0000000000000000E+00   0.0000000000000000E+00   0.0000000000000000E+00   0.0000000000000000E+00   0.0000000000000000E+00
  3.1989578803635026E+00   1.6779895449581454E+06   2.3830364717905474E+05   5.3836703812891208E+06   1.3070182102937591E+06   8.7785526828019229E+03   4.2695099953717715E+01   3.4098026818895067E+02   1.8857613032940478E+02   2.7946328704835435E+00   1.8120863146796293E+00   2.0265381387456258E-01   1.2167010358038086E-04   1.2079687165998010E+02   3.3796775024753579E+01   2.3653996391742731E+00   0.0000000000000000E+00   0.0000000000000000E+00   0.0000000000000000E+00   0.0000000000000000E+00   0.0000000000000000E+00   0.0000000000000000E+00   0.0000000000000000E+00   0.0000000000000000E+00   0.0000000000000000E+00   0.0000000000000000E+00   0.0000000000000000E+00   0.0000000000000000E+00   0.0000000000000000E+00   0.0000000000000000E+00   0.0000000000000000E+00   0.0000000000000000E+00   0.0000000000000000E+00   0.0000000000000000E+00
  3.2376461929380054E+00   1.5964661466356560E+06   2.3119364387214254E+05   5.0985779796530334E+06   1.2669125925185403E+06   8.7009994175630291E+03   4.2832001386630715E+01   3.2193145410522322E+02   1.8302197753876621E+02   2.7750195642570392E+00   1.7248285867826396E+00   1.9671595340830747E-01   1.2480975335498891E-04   1.1448578534005125E+02   3.2857057582599772E+01   2.3564509535244937E+00   0.0000000000000000E+00   0.0000000000000000E+00   0.0000000000000000E+00   0.0000000000000000E+00   0.0000000000000000E+00   0.0000000000000000E+00   0.0000000000000000E+00   0.0000000000000000E+00   0.0000000000000000E+00   0.0000000000000000E+00   0.0000000000000000E+00   0.0000000000000000E+00   0.0000000000000000E+00   0.0000000000000000E+00   0.0000000000000000E+00   0.0000000000000000E+00   0.0000000000000000E+00   0.0000000000000000E+00
  3.2770147741919571E+00   1.5185021930200080E+06   2.2430952613050232E+05   4.8277548365922822E+06   1.2278451856547238E+06   8.6231667471631681E+03   4.2987196123305225E+01   3.0383636211793151E+02   1.7756643882683488E+02   2.7546442797810307E+00   1.6413618822457794E+00   1.9096698094159320E-01   1.2807481029945334E-04   1.0846673731851499E+02   3.1935875645210182E+01   2.3469759209065066E+00   0.0000000000000000E+00   0.0000000000000000E+00   0.0000000000000000E+00   0.0000000000000000E+00   0.0000000000000000E+00   0.0000000000000000E+00   0.0000000000000000E+00   0.0000000000000000E+00   0.0000000000000000E+00   0.0000000000000000E+00   0.0000000000000000E+00   0.0000000000000000E+00   0.0000000000000000E+00   0.0000000000000000E+00   0.0000000000000000E+00   0.0000000000000000E+00   0.0000000000000000E+00   0.0000000000000000E+00
  3.3170755855019443E+00   1.4439652496160313E+06   2.1764465661673318E+05   4.5705336625955543E+06   1.1897965226226640E+06   8.5450758899053581E+03   4.3161157846361441E+01   2.8665547192235493E+02   1.7221037407733101E+02   2.7335329358532325E+00   1.5615455109630898E+00   1.8540135524995041E-01   1.3147131732127570E-04   1.0272839823760108E+02   3.1033162612561789E+01   2.3369794539921260E+00   0.0000000000000000E+00   0.0000000000000000E+00   0.0000000000000000E+00   0.0000000000000000E+00   0.0000000000000000E+00   0.0000000000000000E+00   0.0000000000000000E+00   0.0000000000000000E+00   0.0000000000000000E+00   0.0000000000000000E+00   0.0000000000000000E+00   0.0000000000000000E+00   0.0000000000000000E+00   0.0000000000000000E+00   0.0000000000000000E+00   0.0000000000000000E+00   0.0000000000000000E+00   0.0000000000000000E+00
  3.3578407985651739E+00   1.3727264791944278E+06   2.1119254887893918E+05   4.3262759523982806E+06   1.1527472225559745E+06   8.4667477313924101E+03   4.3354383651637654E+01   2.7035037971790888E+02   1.6695456662622891E+02   2.7117127407218207E+00   1.4852426586358058E+00   1.8001366914098124E-01   1.3493642369404209E-04   9.7259761466521653E+01   3.0148836082792403E+01   2.3264665425392130E+00   0.0000000000000000E+00   0.0000000000000000E+00   0.0000000000000000E+00   0.0000000000000000E+00   0.0000000000000000E+00   0.0000000000000000E+00   0.0000000000000000E+00   0.0000000000000000E+00   0.0000000000000000E+00   0.0000000000000000E+00   0.0000000000000000E+00   0.0000000000000000E+00   0.0000000000000000E+00   0.0000000000000000E+00   0.0000000000000000E+00   0.0000000000000000E+00   0.0000000000000000E+00   0.0000000000000000E+00
  3.3993227990976052E+00   1.3046606051460709E+06   2.0494686327204193E+05   4.0943708741049226E+06   1.1166780066755516E+06   8.3882028414610650E+03   4.3567394967037416E+01   2.5488379131204599E+02   1.6179971893811449E+02   2.6892120984578569E+00   1.4123202063024498E+00   1.7479862925044820E-01   1.3849623974217649E-04   9.2050139231591885E+01   2.9282798407271937E+01   2.3154422325357378E+00   0.0000000000000000E+00   0.0000000000000000E+00   0.0000000000000000E+00   0.0000000000000000E+00   0.0000000000000000E+00   0.0000000000000000E+00   0.0000000000000000E+00   0.0000000000000000E+00   0.0000000000000000E+00   0.0000000000000000E+00   0.0000000000000000E+00   0.0000000000000000E+00   0.0000000000000000E+00   0.0000000000000000E+00   0.0000000000000000E+00   0.0000000000000000E+00   0.0000000000000000E+00   0.0000000000000000E+00
  3.4415341905971086E+00   1.2396458780050655E+06   1.9890140322282549E+05   3.8742341632166952E+06   1.0815697101290785E+06   8.3094615118893580E+03   4.3800737786416178E+01   2.4021951508210677E+02   1.5674644937955497E+02   2.6660605361458911E+00   1.3426487533611611E+00   1.6975105924102349E-01   1.4220048952238862E-04   8.7089158807291199E+01   2.8434937447206654E+01   2.3039116306457217E+00   0.0000000000000000E+00   0.0000000000000000E+00   0.0000000000000000E+00   0.0000000000000000E+00   0.0000000000000000E+00   0.0000000000000000E+00   0.0000000000000000E+00   0.0000000000000000E+00   0.0000000000000000E+00   0.0000000000000000E+00   0.0000000000000000E+00   0.0000000000000000E+00   0.0000000000000000E+00   0.0000000000000000E+00   0.0000000000000000E+00   0.0000000000000000E+00   0.0000000000000000E+00   0.0000000000000000E+00
  3.4844877981727906E+00   1.1775640353174161E+06   1.9305011084753418E+05   3.6653070679098410E+06   1.0474032946276575E+06   8.2305437965155888E+03   4.4054982972534525E+01   2.2632245340673353E+02   1.5179528851547676E+02   2.6422886101226855E+00   1.2761026335455667E+00   1.6486590331122125E-01   1.4605622266067845E-04   8.2366758243745466E+01   2.7605127207211758E+01   2.2918798970707717E+00   0.0000000000000000E+00   0.0000000000000000E+00   0.0000000000000000E+00   0.0000000000000000E+00   0.0000000000000000E+00   0.0000000000000000E+00   0.0000000000000000E+00   0.0000000000000000E+00   0.0000000000000000E+00   0.0000000000000000E+00   0.0000000000000000E+00   0.0000000000000000E+00   0.0000000000000000E+00   0.0000000000000000E+00   0.0000000000000000E+00   0.0000000000000000E+00   0.0000000000000000E+00   0.0000000000000000E+00
  3.5281966724416578E+00   1.1183002644798851E+06   1.8738706323372031E+05   3.4670553357193018E+06   1.0141598602199720E+06   8.1514695433586567E+03   4.4330726539526189E+01   2.1315859435245531E+02   1.4694667616058260E+02   2.6179278115760973E+00   1.2125598367105324E+00   1.6013821836509293E-01   1.5007087719489431E-04   7.7873182293518127E+01   2.6793228561955193E+01   2.2793522438452949E+00   0.0000000000000000E+00   0.0000000000000000E+00   0.0000000000000000E+00   0.0000000000000000E+00   0.0000000000000000E+00   0.0000000000000000E+00   0.0000000000000000E+00   0.0000000000000000E+00   0.0000000000000000E+00   0.0000000000000000E+00   0.0000000000000000E+00   0.0000000000000000E+00   0.0000000000000000E+00   0.0000000000000000E+00   0.0000000000000000E+00   0.0000000000000000E+00   0.0000000000000000E+00   0.0000000000000000E+00
  3.5726740934937888E+00   1.0617431656646309E+06   1.8190646900621438E+05   3.2789682344005583E+06   9.8182065594034805E+05   8.0722584259950472E+03   4.4628589771855289E+01   2.0069500289030441E+02   1.4220095900305444E+02   2.5930104726091558E+00   1.1519019692526973E+00   1.5556317097652053E-01   1.5425230135409813E-04   7.3598978304296168E+01   2.5999090040952701E+01   2.2663339393034687E+00   0.0000000000000000E+00   0.0000000000000000E+00   0.0000000000000000E+00   0.0000000000000000E+00   0.0000000000000000E+00   0.0000000000000000E+00   0.0000000000000000E+00   0.0000000000000000E+00   0.0000000000000000E+00   0.0000000000000000E+00   0.0000000000000000E+00   0.0000000000000000E+00   0.0000000000000000E+00   0.0000000000000000E+00   0.0000000000000000E+00   0.0000000000000000E+00   0.0000000000000000E+00   0.0000000000000000E+00
  3.6179335749272341E+00   1.0077847120778239E+06   1.7660266479372099E+05   3.1005576079906658E+06   9.5036708988474007E+05   7.9929299778946734E+03   4.4949219166608003E+01   1.8889981114031255E+02   1.3755838843763118E+02   2.5675696668412473E+00   1.0940142117228384E+00   1.5113603425375927E-01   1.5860877615861001E-04   6.9534991890040388E+01   2.5222548607061363E+01   2.2528303139020673E+00   0.0000000000000000E+00   0.0000000000000000E+00   0.0000000000000000E+00   0.0000000000000000E+00   0.0000000000000000E+00   0.0000000000000000E+00   0.0000000000000000E+00   0.0000000000000000E+00   0.0000000000000000E+00   0.0000000000000000E+00   0.0000000000000000E+00   0.0000000000000000E+00   0.0000000000000000E+00   0.0000000000000000E+00   0.0000000000000000E+00   0.0000000000000000E+00   0.0000000000000000E+00   0.0000000000000000E+00
  3.6639888679538570E+00   9.5632020850533177E+05   1.7147011172332257E+05   2.9313569661331163E+06   9.1978073853902379E+05   7.9135036288331285E+03   4.5293286145149466E+01   1.7774220773354696E+02   1.3301911881443445E+02   2.5416391085853371E+00   1.0387852746589255E+00   1.4685218471044939E-01   1.6314903874474401E-04   6.5672362447562534E+01   2.4463430448063168E+01   2.2388467695077638E+00   0.0000000000000000E+00   0.0000000000000000E+00   0.0000000000000000E+00   0.0000000000000000E+00   0.0000000000000000E+00   0.0000000000000000E+00   0.0000000000000000E+00   0.0000000000000000E+00   0.0000000000000000E+00   0.0000000000000000E+00   0.0000000000000000E+00   0.0000000000000000E+00   0.0000000000000000E+00   0.0000000000000000E+00   0.0000000000000000E+00   0.0000000000000000E+00   0.0000000000000000E+00   0.0000000000000000E+00
  3.7108539655773720E+00   9.0724824984430685E+05   1.6650339227366008E+05   2.7709206080730143E+06   8.9004335537360772E+05   7.8339987365916686E+03   4.5661486585709433E+01   1.6719242669079929E+02   1.2858320626665767E+02   2.5152530522449248E+00   9.8610735449320119E-01   1.4270709942458201E-01   1.6788230636794228E-04   6.2002518651157907E+01   2.3721551813199916E+01   2.2243887939065252E+00   0.0000000000000000E+00   0.0000000000000000E+00   0.0000000000000000E+00   0.0000000000000000E+00   0.0000000000000000E+00   0.0000000000000000E+00   0.0000000000000000E+00   0.0000000000000000E+00   0.0000000000000000E+00   0.0000000000000000E+00   0.0000000000000000E+00   0.0000000000000000E+00   0.0000000000000000E+00   0.0000000000000000E+00   0.0000000000000000E+00   0.0000000000000000E+00   0.0000000000000000E+00   0.0000000000000000E+00
  3.7585431068448472E+00   8.6047067586509627E+05   1.6169720675143739E+05   2.6188227726216787E+06   8.6113687849661568E+05   7.7544346309759894E+03   4.6054539837083183E+01   1.5722173491541020E+02   1.2425060777186158E+02   2.4884461921016068E+00   9.3587608544188783E-01   1.3869635285455631E-01   1.7281830072902354E-04   5.8517173625563032E+01   2.2996719827031423E+01   2.2094619800282080E+00   0.0000000000000000E+00   0.0000000000000000E+00   0.0000000000000000E+00   0.0000000000000000E+00   0.0000000000000000E+00   0.0000000000000000E+00   0.0000000000000000E+00   0.0000000000000000E+00   0.0000000000000000E+00   0.0000000000000000E+00   0.0000000000000000E+00   0.0000000000000000E+00   0.0000000000000000E+00   0.0000000000000000E+00   0.0000000000000000E+00   0.0000000000000000E+00   0.0000000000000000E+00   0.0000000000000000E+00
  3.8070707811729609E+00   8.1589252345434274E+05   1.5704636973433549E+05   2.4746568250662428E+06   8.3304343838175794E+05   7.6748306554618048E+03   4.6473187530374254E+01   1.4780241875405699E+02   1.2002118044328562E+02   2.4612535550974330E+00   8.8799048876000408E-01   1.3481561360636699E-01   1.7796727271900456E-04   5.5208319947985842E+01   2.2288733267753795E+01   2.1940720426122153E+00   0.0000000000000000E+00   0.0000000000000000E+00   0.0000000000000000E+00   0.0000000000000000E+00   0.0000000000000000E+00   0.0000000000000000E+00   0.0000000000000000E+00   0.0000000000000000E+00   0.0000000000000000E+00   0.0000000000000000E+00   0.0000000000000000E+00   0.0000000000000000E+00   0.0000000000000000E+00   0.0000000000000000E+00   0.0000000000000000E+00   0.0000000000000000E+00   0.0000000000000000E+00   0.0000000000000000E+00
  3.8564517327503305E+00   7.7342198262572428E+05   1.5254580775628169E+05   2.3380344842305114E+06   8.0574536529795721E+05   7.5952061816508349E+03   4.6918192488986719E+01   1.3890777086559365E+02   1.1589468190068563E+02   2.4337103977427033E+00   8.4235292622049973E-01   1.3106064224340355E-01   1.8334002765517594E-04   5.2068224945771000E+01   2.1597383454372810E+01   2.1782248406993050E+00   0.0000000000000000E+00   0.0000000000000000E+00   0.0000000000000000E+00   0.0000000000000000E+00   0.0000000000000000E+00   0.0000000000000000E+00   0.0000000000000000E+00   0.0000000000000000E+00   0.0000000000000000E+00   0.0000000000000000E+00   0.0000000000000000E+00   0.0000000000000000E+00   0.0000000000000000E+00   0.0000000000000000E+00   0.0000000000000000E+00   0.0000000000000000E+00   0.0000000000000000E+00   0.0000000000000000E+00
  3.9067009650172428E+00   7.3297034369507956E+05   1.4819055533031380E+05   2.2085850529163135E+06   7.7922519459802541E+05   7.5155806736186350E+03   4.7390336112855067E+01   1.3051207442082725E+02   1.1187077038620994E+02   2.4058521107463400E+00   7.9886904401137449E-01   1.2742728764147970E-01   1.8894794943480510E-04   4.9089425230347949E+01   2.0922455026960122E+01   2.1619264109177299E+00   0.0000000000000000E+00   0.0000000000000000E+00   0.0000000000000000E+00   0.0000000000000000E+00   0.0000000000000000E+00   0.0000000000000000E+00   0.0000000000000000E+00   0.0000000000000000E+00   0.0000000000000000E+00   0.0000000000000000E+00   0.0000000000000000E+00   0.0000000000000000E+00   0.0000000000000000E+00   0.0000000000000000E+00   0.0000000000000000E+00   0.0000000000000000E+00   0.0000000000000000E+00   0.0000000000000000E+00
  3.9578337452241605E+00   6.9445194398101675E+05   1.4397575141359115E+05   2.0859546919820022E+06   7.5346567284422577E+05   7.4359737341852233E+03   4.7890415706564497E+01   1.2259058691429883E+02   1.0794900526847492E+02   2.3777141144477163E+00   7.5744771624441953E-01   1.2391148369828081E-01   1.9480302447816110E-04   4.6264721264883413E+01   2.0263726697682223E+01   2.1451829936249127E+00   0.0000000000000000E+00   0.0000000000000000E+00   0.0000000000000000E+00   0.0000000000000000E+00   0.0000000000000000E+00   0.0000000000000000E+00   0.0000000000000000E+00   0.0000000000000000E+00   0.0000000000000000E+00   0.0000000000000000E+00   0.0000000000000000E+00   0.0000000000000000E+00   0.0000000000000000E+00   0.0000000000000000E+00   0.0000000000000000E+00   0.0000000000000000E+00   0.0000000000000000E+00   0.0000000000000000E+00
  4.0098656090703795E+00   6.5778411600231042E+05   1.3989663645229707E+05   1.9698057208987691E+06   7.2844976298380014E+05   7.3564051459281764E+03   4.8419241131162522E+01   1.1511952366093175E+02   1.0412884842693329E+02   2.3493317659257973E+00   7.1800099018398733E-01   1.2050924650758431E-01   2.0091786450693598E-04   4.3587172020691064E+01   1.9620972072090652E+01   2.1280010701490846E+00   0.0000000000000000E+00   0.0000000000000000E+00   0.0000000000000000E+00   0.0000000000000000E+00   0.0000000000000000E+00   0.0000000000000000E+00   0.0000000000000000E+00   0.0000000000000000E+00   0.0000000000000000E+00   0.0000000000000000E+00   0.0000000000000000E+00   0.0000000000000000E+00   0.0000000000000000E+00   0.0000000000000000E+00   0.0000000000000000E+00   0.0000000000000000E+00   0.0000000000000000E+00   0.0000000000000000E+00
  4.0628123654242456E+00   6.2288713059163000E+05   1.3594854876167711E+05   1.8598159433811184E+06   7.0416064942143043E+05   7.2768949250827654E+03   4.8977630569125253E+01   1.0807603980215460E+02   1.0040966553518709E+02   2.3207402608240062E+00   6.8044402603474674E-01   1.1721667093214247E-01   2.0730572756334285E-04   4.1050089274062842E+01   1.8993960363184943E+01   2.1103873959575763E+00   0.0000000000000000E+00   0.0000000000000000E+00   0.0000000000000000E+00   0.0000000000000000E+00   0.0000000000000000E+00   0.0000000000000000E+00   0.0000000000000000E+00   0.0000000000000000E+00   0.0000000000000000E+00   0.0000000000000000E+00   0.0000000000000000E+00   0.0000000000000000E+00   0.0000000000000000E+00   0.0000000000000000E+00   0.0000000000000000E+00   0.0000000000000000E+00   0.0000000000000000E+00   0.0000000000000000E+00
  4.1166901011263723E+00   5.8968414025726484E+05   1.3212692121691065E+05   1.7556779979792205E+06   6.8058174235145608E+05   7.1974633741221869E+03   4.9566405338566604E+01   1.0143821180456905E+02   9.6790727997776145E+01   2.2919745443307717E+00   6.4469503708959552E-01   1.1402992740604904E-01   2.1398053652210014E-04   3.8647031917424101E+01   1.8382457129546701E+01   2.0923490412182861E+00   0.0000000000000000E+00   0.0000000000000000E+00   0.0000000000000000E+00   0.0000000000000000E+00   0.0000000000000000E+00   0.0000000000000000E+00   0.0000000000000000E+00   0.0000000000000000E+00   0.0000000000000000E+00   0.0000000000000000E+00   0.0000000000000000E+00   0.0000000000000000E+00   0.0000000000000000E+00   0.0000000000000000E+00   0.0000000000000000E+00   0.0000000000000000E+00   0.0000000000000000E+00   0.0000000000000000E+00
  4.1715151858773156E+00   5.5810112080148445E+05   1.2842727786957572E+05   1.6570987328425304E+06   6.5769668166314799E+05   7.1181311388406702E+03   5.0186383571555126E+01   9.5185018124016295E+01   9.3271215212577360E+01   2.2630692262208902E+00   6.1067522807234742E-01   1.1094525863493616E-01   2.2095689418959340E-04   3.6371800153165239E+01   1.7786224979471662E+01   2.0738934338066732E+00   0.0000000000000000E+00   0.0000000000000000E+00   0.0000000000000000E+00   0.0000000000000000E+00   0.0000000000000000E+00   0.0000000000000000E+00   0.0000000000000000E+00   0.0000000000000000E+00   0.0000000000000000E+00   0.0000000000000000E+00   0.0000000000000000E+00   0.0000000000000000E+00   0.0000000000000000E+00   0.0000000000000000E+00   0.0000000000000000E+00   0.0000000000000000E+00   0.0000000000000000E+00   0.0000000000000000E+00
  4.2273042772111857E+00   5.2806680918005703E+05   1.2484522993205593E+05   1.5637986019257172E+06   6.3548934058499162E+05   7.0389192826762810E+03   5.0838372373964020E+01   8.9296318654614083E+01   8.9850216828534428E+01   2.2340584957353702E+00   5.7830872945447365E-01   1.0795897570989242E-01   2.2825009368277385E-04   3.4218429428931557E+01   1.7205024176244176E+01   2.0550284000451549E+00   0.0000000000000000E+00   0.0000000000000000E+00   0.0000000000000000E+00   0.0000000000000000E+00   0.0000000000000000E+00   0.0000000000000000E+00   0.0000000000000000E+00   0.0000000000000000E+00   0.0000000000000000E+00   0.0000000000000000E+00   0.0000000000000000E+00   0.0000000000000000E+00   0.0000000000000000E+00   0.0000000000000000E+00   0.0000000000000000E+00   0.0000000000000000E+00   0.0000000000000000E+00   0.0000000000000000E+00
  4.2840743255567180E+00   4.9951264429949381E+05   1.2137647289545780E+05   1.4755110926712698E+06   6.1394382927911507E+05   6.9598493353998419E+03   5.1523159140440441E+01   8.3752834438058187E+01   8.6526735866212860E+01   2.2049760444056181E+00   5.4752253512201521E-01   1.0506745515690424E-01   2.3587612371220486E-04   3.2181184639746547E+01   1.6638613306483631E+01   2.0357622090114491E+00   0.0000000000000000E+00   0.0000000000000000E+00   0.0000000000000000E+00   0.0000000000000000E+00   0.0000000000000000E+00   0.0000000000000000E+00   0.0000000000000000E+00   0.0000000000000000E+00   0.0000000000000000E+00   0.0000000000000000E+00   0.0000000000000000E+00   0.0000000000000000E+00   0.0000000000000000E+00   0.0000000000000000E+00   0.0000000000000000E+00   0.0000000000000000E+00   0.0000000000000000E+00   0.0000000000000000E+00
  4.3418425793873263E+00   4.7237270417825616E+05   1.1801678285943117E+05   1.3919821668002401E+06   5.9304449742458831E+05   6.8809433699085621E+03   5.2241500544091821E+01   7.8536126106533487E+01   8.3299691867164668E+01   2.1758549974512773E+00   5.1824643612754939E-01   1.0226713525763972E-01   2.4385166586911094E-04   3.0254554050386961E+01   1.6086749861461367E+01   2.0161036212583854E+00   0.0000000000000000E+00   0.0000000000000000E+00   0.0000000000000000E+00   0.0000000000000000E+00   0.0000000000000000E+00   0.0000000000000000E+00   0.0000000000000000E+00   0.0000000000000000E+00   0.0000000000000000E+00   0.0000000000000000E+00   0.0000000000000000E+00   0.0000000000000000E+00   0.0000000000000000E+00   0.0000000000000000E+00   0.0000000000000000E+00   0.0000000000000000E+00   0.0000000000000000E+00   0.0000000000000000E+00
  4.4006265904617212E+00   4.4658364184062905E+05   1.1476201285272971E+05   1.3129697248288228E+06   5.7277593672346941E+05   6.8022240811442953E+03   5.2994109660919875E+01   7.3628571781011644E+01   8.0167924231338318E+01   2.1467278470252973E+00   4.9041306821923236E-01   9.9554535671640937E-02   2.5205567110959335E-04   2.8433243175532535E+01   1.5549190759099407E+01   1.9960619345071688E+00   0.0000000000000000E+00   0.0000000000000000E+00   0.0000000000000000E+00   0.0000000000000000E+00   0.0000000000000000E+00   0.0000000000000000E+00   0.0000000000000000E+00   0.0000000000000000E+00   0.0000000000000000E+00   0.0000000000000000E+00   0.0000000000000000E+00   0.0000000000000000E+00   0.0000000000000000E+00   0.0000000000000000E+00   0.0000000000000000E+00   0.0000000000000000E+00   0.0000000000000000E+00   0.0000000000000000E+00
  4.4604442191566633E+00   4.2208462147808535E+05   1.1160808942910715E+05   1.2382430917867052E+06   5.5312298295584158E+05   6.7237148657010912E+03   5.3781640853058612E+01   6.9013344683869164E+01   7.7130195981311857E+01   2.1176263952103427E+00   4.6395759155929045E-01   9.6926204403123065E-02   2.6053197297008437E-04   2.6712168713189776E+01   1.5025692853951851E+01   1.9756470325469955E+00   0.0000000000000000E+00   0.0000000000000000E+00   0.0000000000000000E+00   0.0000000000000000E+00   0.0000000000000000E+00   0.0000000000000000E+00   0.0000000000000000E+00   0.0000000000000000E+00   0.0000000000000000E+00   0.0000000000000000E+00   0.0000000000000000E+00   0.0000000000000000E+00   0.0000000000000000E+00   0.0000000000000000E+00   0.0000000000000000E+00   0.0000000000000000E+00   0.0000000000000000E+00   0.0000000000000000E+00
  4.5213136398934965E+00   3.9881725337379059E+05   1.0855100921374479E+05   1.1675825229510930E+06   5.3407071775552304E+05   6.6454399079294089E+03   5.4604672053627617E+01   6.4674390258207040E+01   7.4185197658039968E+01   2.0885817013656229E+00   4.3881770408430676E-01   9.4378727777177623E-02   2.6939389707076472E-04   2.5086452437329346E+01   1.4516013384781708E+01   1.9548694319693740E+00   0.0000000000000000E+00   0.0000000000000000E+00   0.0000000000000000E+00   0.0000000000000000E+00   0.0000000000000000E+00   0.0000000000000000E+00   0.0000000000000000E+00   0.0000000000000000E+00   0.0000000000000000E+00   0.0000000000000000E+00   0.0000000000000000E+00   0.0000000000000000E+00   0.0000000000000000E+00   0.0000000000000000E+00   0.0000000000000000E+00   0.0000000000000000E+00   0.0000000000000000E+00   0.0000000000000000E+00
  4.5832533466600882E+00   3.7672552845532162E+05   1.0558683561063462E+05   1.1007787291352279E+06   5.1560447002238128E+05   6.5674242693736815E+03   5.5463684139181787E+01   6.0596402987893065E+01   7.1331551450203449E+01   2.0596240366486578E+00   4.1493370922142653E-01   9.1908755242594217E-02   2.7865946638752577E-04   2.3551415115405710E+01   1.4019910380683303E+01   1.9337403282031984E+00   0.0000000000000000E+00   0.0000000000000000E+00   0.0000000000000000E+00   0.0000000000000000E+00   0.0000000000000000E+00   0.0000000000000000E+00   0.0000000000000000E+00   0.0000000000000000E+00   0.0000000000000000E+00   0.0000000000000000E+00   0.0000000000000000E+00   0.0000000000000000E+00   0.0000000000000000E+00   0.0000000000000000E+00   0.0000000000000000E+00   0.0000000000000000E+00   0.0000000000000000E+00   0.0000000000000000E+00
  4.6462821586298713E+00   3.5575575291877333E+05   1.0271169577856325E+05   1.0376324199265724E+06   4.9770981675211980E+05   6.4896939812834198E+03   5.6359036931702484E+01   5.6764803026525790E+01   6.8567815598728274E+01   2.0307828488360848E+00   3.9224836739035829E-01   8.9512980222290955E-02   2.8834713062182932E-04   2.2102570479695878E+01   1.3537143039597847E+01   1.9122716431816191E+00   0.0000000000000000E+00   0.0000000000000000E+00   0.0000000000000000E+00   0.0000000000000000E+00   0.0000000000000000E+00   0.0000000000000000E+00   0.0000000000000000E+00   0.0000000000000000E+00   0.0000000000000000E+00   0.0000000000000000E+00   0.0000000000000000E+00   0.0000000000000000E+00   0.0000000000000000E+00   0.0000000000000000E+00   0.0000000000000000E+00   0.0000000000000000E+00   0.0000000000000000E+00   0.0000000000000000E+00
  4.7104192258796767E+00   3.3585648145136581E+05   9.9921777551353982E+04   9.7795386509238556E+05   4.8037258369045798E+05   6.4122761457561128E+03   5.7290941445590313E+01   5.3165712478224023E+01   6.5892488742941026E+01   2.0020867289286008E+00   3.7070682610108746E-01   8.7188136664458654E-02   2.9847566696237897E-04   2.0735619170964931E+01   1.3067472021732419E+01   1.8904760664324729E+00   0.0000000000000000E+00   0.0000000000000000E+00   0.0000000000000000E+00   0.0000000000000000E+00   0.0000000000000000E+00   0.0000000000000000E+00   0.0000000000000000E+00   0.0000000000000000E+00   0.0000000000000000E+00   0.0000000000000000E+00   0.0000000000000000E+00   0.0000000000000000E+00   0.0000000000000000E+00   0.0000000000000000E+00   0.0000000000000000E+00   0.0000000000000000E+00   0.0000000000000000E+00   0.0000000000000000E+00
  4.7756840352081200E+00   3.1697845169907797E+05   9.7213327214961959E+04   9.2156247615556442E+05   4.6357884566574282E+05   6.3351990239342786E+03   5.8259428432176755E+01   4.9785931888209596E+01   6.3304014631391425E+01   1.9735633871278244E+00   3.5025655157639068E-01   8.4930996306269838E-02   3.0906405345139452E-04   1.9446442855697040E+01   1.2610659742839504E+01   1.8683670948805762E+00   0.0000000000000000E+00   0.0000000000000000E+00   0.0000000000000000E+00   0.0000000000000000E+00   0.0000000000000000E+00   0.0000000000000000E+00   0.0000000000000000E+00   0.0000000000000000E+00   0.0000000000000000E+00   0.0000000000000000E+00   0.0000000000000000E+00   0.0000000000000000E+00   0.0000000000000000E+00   0.0000000000000000E+00   0.0000000000000000E+00   0.0000000000000000E+00   0.0000000000000000E+00   0.0000000000000000E+00
  4.8420964160562763E+00   2.9907451772435952E+05   9.4582647311375520E+04   8.6828640132868360E+05   4.4731492614926834E+05   6.2584921373836260E+03   5.9264311979611968E+01   4.6612916472729495E+01   6.0800786811851353E+01   1.9452396372309777E+00   3.3084725937582615E-01   8.2738365935727906E-02   3.2013130902608708E-04   1.8231098331591106E+01   1.2166470600337922E+01   1.8459590710446339E+00   0.0000000000000000E+00   0.0000000000000000E+00   0.0000000000000000E+00   0.0000000000000000E+00   0.0000000000000000E+00   0.0000000000000000E+00   0.0000000000000000E+00   0.0000000000000000E+00   0.0000000000000000E+00   0.0000000000000000E+00   0.0000000000000000E+00   0.0000000000000000E+00   0.0000000000000000E+00   0.0000000000000000E+00   0.0000000000000000E+00   0.0000000000000000E+00   0.0000000000000000E+00   0.0000000000000000E+00
  4.9096765465324781E+00   2.8209958314191614E+05   9.2026094942232448E+04   8.1796213779777207E+05   4.3156739650466543E+05   6.1821863666616764E+03   6.0305148296447179E+01   4.3634752395048103E+01   5.8381153321280493E+01   1.9171413843724114E+00   3.1243084481602068E-01   8.0607085082087651E-02   3.3169629565951985E-04   1.7085811710763664E+01   1.1734671143534875E+01   1.8232672139683526E+00   0.0000000000000000E+00   0.0000000000000000E+00   0.0000000000000000E+00   0.0000000000000000E+00   0.0000000000000000E+00   0.0000000000000000E+00   0.0000000000000000E+00   0.0000000000000000E+00   0.0000000000000000E+00   0.0000000000000000E+00   0.0000000000000000E+00   0.0000000000000000E+00   0.0000000000000000E+00   0.0000000000000000E+00   0.0000000000000000E+00   0.0000000000000000E+00   0.0000000000000000E+00   0.0000000000000000E+00
  4.9784449595430367E+00   2.6601053468012554E+05   8.9540080865226104E+04   7.7043416002895182E+05   4.1632307467144995E+05   6.1063140430893864E+03   6.1381189247316200E+01   4.0840133247521486E+01   5.6043421500119251E+01   1.8892936208349405E+00   2.9496131401314496E-01   7.8534024409024558E-02   3.4377747669070831E-04   1.6006972731571750E+01   1.1315030218545258E+01   1.8003076466435333E+00   0.0000000000000000E+00   0.0000000000000000E+00   0.0000000000000000E+00   0.0000000000000000E+00   0.0000000000000000E+00   0.0000000000000000E+00   0.0000000000000000E+00   0.0000000000000000E+00   0.0000000000000000E+00   0.0000000000000000E+00   0.0000000000000000E+00   0.0000000000000000E+00   0.0000000000000000E+00   0.0000000000000000E+00   0.0000000000000000E+00   0.0000000000000000E+00   0.0000000000000000E+00   0.0000000000000000E+00
  5.0484225490307644E+00   2.5076617513129322E+05   8.7121069225524232E+04   7.2555456345486990E+05   4.0156902342025790E+05   6.0309090362618517E+03   6.2491330320889602E+01   3.8218336629322152E+01   5.3785862715165777E+01   1.8617204242271506E+00   2.7839471440656699E-01   7.6516084701494597E-02   3.5639262526219746E-04   1.4991129144082766E+01   1.0907319050994220E+01   1.7770974139492708E+00   0.0000000000000000E+00   0.0000000000000000E+00   0.0000000000000000E+00   0.0000000000000000E+00   0.0000000000000000E+00   0.0000000000000000E+00   0.0000000000000000E+00   0.0000000000000000E+00   0.0000000000000000E+00   0.0000000000000000E+00   0.0000000000000000E+00   0.0000000000000000E+00   0.0000000000000000E+00   0.0000000000000000E+00   0.0000000000000000E+00   0.0000000000000000E+00   0.0000000000000000E+00   0.0000000000000000E+00
  5.1196305763231962E+00   2.3632715679665821E+05   8.4765578416261735E+04   6.8318272286225064E+05   3.8729254786720092E+05   5.9560068273098332E+03   6.3634052859706301E+01   3.5759201083587890E+01   5.1606717166585938E+01   1.8344449632551325E+00   2.6268906598941300E-01   7.4550196909416694E-02   3.6955847650295718E-04   1.4034981248392418E+01   1.0511311313289005E+01   1.7536544961829443E+00   0.0000000000000000E+00   0.0000000000000000E+00   0.0000000000000000E+00   0.0000000000000000E+00   0.0000000000000000E+00   0.0000000000000000E+00   0.0000000000000000E+00   0.0000000000000000E+00   0.0000000000000000E+00   0.0000000000000000E+00   0.0000000000000000E+00   0.0000000000000000E+00   0.0000000000000000E+00   0.0000000000000000E+00   0.0000000000000000E+00   0.0000000000000000E+00   0.0000000000000000E+00   0.0000000000000000E+00
  5.1920906765924215E+00   2.2265591375594508E+05   8.2470182748780731E+04   6.4318496540798072E+05   3.7348119263746799E+05   5.8816445728869812E+03   6.4807360540415132E+01   3.3453103184607485E+01   4.9504198446346656E+01   1.8074895003982778E+00   2.4780438836523722E-01   7.2633351436515337E-02   3.8316492382440187E-04   1.3135376497136193E+01   1.0126783113086285E+01   1.7299978072470739E+00   0.0000000000000000E+00   0.0000000000000000E+00   0.0000000000000000E+00   0.0000000000000000E+00   0.0000000000000000E+00   0.0000000000000000E+00   0.0000000000000000E+00   0.0000000000000000E+00   0.0000000000000000E+00   0.0000000000000000E+00   0.0000000000000000E+00   0.0000000000000000E+00   0.0000000000000000E+00   0.0000000000000000E+00   0.0000000000000000E+00   0.0000000000000000E+00   0.0000000000000000E+00   0.0000000000000000E+00
  5.2658248654285229E+00   2.0971659534344592E+05   8.0231515986816376E+04   6.0543425826223788E+05   3.6012273813628068E+05   5.8078611348259310E+03   6.6008710603756697E+01   3.1290935267449246E+01   4.7476498298051020E+01   1.7808754037373637E+00   2.3370252440568715E-01   7.0762572813140329E-02   3.9711045866957427E-04   1.2289304327402954E+01   9.7535130075674861E+00   1.7061471891166908E+00   0.0000000000000000E+00   0.0000000000000000E+00   0.0000000000000000E+00   0.0000000000000000E+00   0.0000000000000000E+00   0.0000000000000000E+00   0.0000000000000000E+00   0.0000000000000000E+00   0.0000000000000000E+00   0.0000000000000000E+00   0.0000000000000000E+00   0.0000000000000000E+00   0.0000000000000000E+00   0.0000000000000000E+00   0.0000000000000000E+00   0.0000000000000000E+00   0.0000000000000000E+00   0.0000000000000000E+00
  5.3408555455285720E+00   1.9747499751241805E+05   7.8046275524110359E+04   5.6980990643148182E+05   3.4720519597285439E+05   5.7346971091285059E+03   6.7234939199150290E+01   2.9264083177196724E+01   4.5521790952801318E+01   1.7546231552734508E+00   2.2034682758586940E-01   6.8934847236850241E-02   4.1161952109282585E-04   1.1493890989967053E+01   9.3912819154865126E+00   1.6821233909607858E+00   0.0000000000000000E+00   0.0000000000000000E+00   0.0000000000000000E+00   0.0000000000000000E+00   0.0000000000000000E+00   0.0000000000000000E+00   0.0000000000000000E+00   0.0000000000000000E+00   0.0000000000000000E+00   0.0000000000000000E+00   0.0000000000000000E+00   0.0000000000000000E+00   0.0000000000000000E+00   0.0000000000000000E+00   0.0000000000000000E+00   0.0000000000000000E+00   0.0000000000000000E+00   0.0000000000000000E+00
  5.4172055135032586E+00   1.8589849445328698E+05   7.5911228747021698E+04   5.3619726686500490E+05   3.3471680399944249E+05   5.6621948045295376E+03   6.8482183379150058E+01   2.7364404731690925E+01   4.3638237433165784E+01   1.7287523551400452E+00   2.0770251211793483E-01   6.7147251242815051E-02   4.2669848648154026E-04   1.0746394597613852E+01   9.0398730262753606E+00   1.6579480318664468E+00   0.0000000000000000E+00   0.0000000000000000E+00   0.0000000000000000E+00   0.0000000000000000E+00   0.0000000000000000E+00   0.0000000000000000E+00   0.0000000000000000E+00   0.0000000000000000E+00   0.0000000000000000E+00   0.0000000000000000E+00   0.0000000000000000E+00   0.0000000000000000E+00   0.0000000000000000E+00   0.0000000000000000E+00   0.0000000000000000E+00   0.0000000000000000E+00   0.0000000000000000E+00   0.0000000000000000E+00
  5.4948979668032001E+00   1.7495596988462110E+05   7.3823221336683098E+04   5.0448747442508047E+05   3.2264602041511209E+05   5.5903981811560971E+03   6.9745800323111808E+01   2.5584208687488950E+01   4.1823989800298719E+01   1.7032817273251519E+00   1.9573641497917799E-01   6.5396911884951670E-02   4.4234994226842402E-04   1.0044200328183354E+01   8.6990716981480514E+00   1.6336435519050250E+00   0.0000000000000000E+00   0.0000000000000000E+00   0.0000000000000000E+00   0.0000000000000000E+00   0.0000000000000000E+00   0.0000000000000000E+00   0.0000000000000000E+00   0.0000000000000000E+00   0.0000000000000000E+00   0.0000000000000000E+00   0.0000000000000000E+00   0.0000000000000000E+00   0.0000000000000000E+00   0.0000000000000000E+00   0.0000000000000000E+00   0.0000000000000000E+00   0.0000000000000000E+00   0.0000000000000000E+00
  5.5739565107670250E+00   1.6461774696470221E+05   7.1779187412724626E+04   4.7457717981511657E+05   3.1098151719458745E+05   5.5193527451026612E+03   7.1020285973684040E+01   2.3916234168758123E+01   4.0077195076795384E+01   1.6782291151543605E+00   1.8441692387891456E-01   6.3681016498216544E-02   4.5857193070744168E-04   9.3848157354837998E+00   8.3686653071399153E+00   1.6092331422524770E+00   0.0000000000000000E+00   0.0000000000000000E+00   0.0000000000000000E+00   0.0000000000000000E+00   0.0000000000000000E+00   0.0000000000000000E+00   0.0000000000000000E+00   0.0000000000000000E+00   0.0000000000000000E+00   0.0000000000000000E+00   0.0000000000000000E+00   0.0000000000000000E+00   0.0000000000000000E+00   0.0000000000000000E+00   0.0000000000000000E+00   0.0000000000000000E+00   0.0000000000000000E+00   0.0000000000000000E+00
  5.6544051657934054E+00   1.5485551779949298E+05   6.9776162070153456E+04   4.4636829920017387E+05   2.9971217262733122E+05   5.4491053816688218E+03   7.2299195990732386E+01   2.2353630727468246E+01   3.8395999094253689E+01   1.6536114734404148E+00   1.7371390474868728E-01   6.1996825094037672E-02   4.7535712702963408E-04   8.7658662347863032E+00   8.0484430997559961E+00   1.5847406600753140E+00   0.0000000000000000E+00   0.0000000000000000E+00   0.0000000000000000E+00   0.0000000000000000E+00   0.0000000000000000E+00   0.0000000000000000E+00   0.0000000000000000E+00   0.0000000000000000E+00   0.0000000000000000E+00   0.0000000000000000E+00   0.0000000000000000E+00   0.0000000000000000E+00   0.0000000000000000E+00   0.0000000000000000E+00   0.0000000000000000E+00   0.0000000000000000E+00   0.0000000000000000E+00   0.0000000000000000E+00
  5.7362683746391792E+00   1.4564227153741699E+05   6.7811296062551366E+04   4.1976777514020103E+05   2.8882706325216260E+05   5.3797041259022872E+03   7.3575072722963199E+01   2.0889938934173166E+01   3.6778550027730589E+01   1.6294448468265141E+00   1.6359862754780594E-01   6.0341685263116077E-02   4.9269196572778893E-04   8.1850907070704668E+00   7.7381960106543834E+00   1.5601905196817234E+00   0.0000000000000000E+00   0.0000000000000000E+00   0.0000000000000000E+00   0.0000000000000000E+00   0.0000000000000000E+00   0.0000000000000000E+00   0.0000000000000000E+00   0.0000000000000000E+00   0.0000000000000000E+00   0.0000000000000000E+00   0.0000000000000000E+00   0.0000000000000000E+00   0.0000000000000000E+00   0.0000000000000000E+00   0.0000000000000000E+00   0.0000000000000000E+00   0.0000000000000000E+00   0.0000000000000000E+00
  5.8195710098458129E+00   1.3695222181364550E+05   6.5881872943069146E+04   3.9468734810767655E+05   2.7831545500482549E+05   5.3111978561831629E+03   7.4839382821943460E+01   1.9519071622722102E+01   3.5223001787355237E+01   1.6057443391115160E+00   1.5404369113724600E-01   5.8713049942587067E-02   5.1055573440440013E-04   7.6403372634292390E+00   7.4377164867061252E+00   1.5356075651673651E+00   0.0000000000000000E+00   0.0000000000000000E+00   0.0000000000000000E+00   0.0000000000000000E+00   0.0000000000000000E+00   0.0000000000000000E+00   0.0000000000000000E+00   0.0000000000000000E+00   0.0000000000000000E+00   0.0000000000000000E+00   0.0000000000000000E+00   0.0000000000000000E+00   0.0000000000000000E+00   0.0000000000000000E+00   0.0000000000000000E+00   0.0000000000000000E+00   0.0000000000000000E+00   0.0000000000000000E+00
  5.9043383812964354E+00   1.2876073313305315E+05   6.3985328506428465E+04   3.7104333896818646E+05   2.6816679400037869E+05   5.2436359024478816E+03   7.6082471523383077E+01   1.8235295749925381E+01   3.3727517156343382E+01   1.5825240656148369E+00   1.4502294665733692E-01   5.7108497986419239E-02   5.2891966405711679E-04   7.1295591470366171E+00   7.1467983004811630E+00   1.5110169176134010E+00   0.0000000000000000E+00   0.0000000000000000E+00   0.0000000000000000E+00   0.0000000000000000E+00   0.0000000000000000E+00   0.0000000000000000E+00   0.0000000000000000E+00   0.0000000000000000E+00   0.0000000000000000E+00   0.0000000000000000E+00   0.0000000000000000E+00   0.0000000000000000E+00   0.0000000000000000E+00   0.0000000000000000E+00   0.0000000000000000E+00   0.0000000000000000E+00   0.0000000000000000E+00   0.0000000000000000E+00
  5.9905962439057507E+00   1.2104424675212492E+05   6.2119272378186193E+04   3.4875644062705227E+05   2.5837069675499009E+05   5.1770675655278055E+03   7.7293539794858802E+01   1.7033214892413302E+01   3.2290270761703461E+01   1.5597970929672178E+00   1.3651141988858811E-01   5.5525757450648319E-02   5.4774605225330910E-04   6.6508107754717054E+00   6.8652363774392349E+00   1.4864438030586258E+00   0.0000000000000000E+00   0.0000000000000000E+00   0.0000000000000000E+00   0.0000000000000000E+00   0.0000000000000000E+00   0.0000000000000000E+00   0.0000000000000000E+00   0.0000000000000000E+00   0.0000000000000000E+00   0.0000000000000000E+00   0.0000000000000000E+00   0.0000000000000000E+00   0.0000000000000000E+00   0.0000000000000000E+00   0.0000000000000000E+00   0.0000000000000000E+00   0.0000000000000000E+00   0.0000000000000000E+00
  6.0783708054451688E+00   1.1378020590645568E+05   6.0281511284621432E+04   3.2775151906137675E+05   2.4891694036904757E+05   5.1115415444236460E+03   7.8460652112563821E+01   1.5907752342500956E+01   3.0909451752125353E+01   1.5375753578018050E+00   1.2848523228454606E-01   5.3962731204324446E-02   5.6698746752309080E-04   6.2022438973796721E+00   6.5928266182204931E+00   1.4619133550901451E+00   0.0000000000000000E+00   0.0000000000000000E+00   0.0000000000000000E+00   0.0000000000000000E+00   0.0000000000000000E+00   0.0000000000000000E+00   0.0000000000000000E+00   0.0000000000000000E+00   0.0000000000000000E+00   0.0000000000000000E+00   0.0000000000000000E+00   0.0000000000000000E+00   0.0000000000000000E+00   0.0000000000000000E+00   0.0000000000000000E+00   0.0000000000000000E+00   0.0000000000000000E+00   0.0000000000000000E+00
  6.1676887345055320E+00   1.0694698149485172E+05   5.8470073748395720E+04   3.0795742296923429E+05   2.3979545275233351E+05   5.0471052650239808E+03   7.9570782878214828E+01   1.4854134854331551E+01   2.9583266362778517E+01   1.5158695711844974E+00   1.2092152176934091E-01   5.2417524616329189E-02   5.8658609249664668E-04   5.7821038883075850E+00   6.3293657539814134E+00   1.4374503993942551E+00   0.0000000000000000E+00   0.0000000000000000E+00   0.0000000000000000E+00   0.0000000000000000E+00   0.0000000000000000E+00   0.0000000000000000E+00   0.0000000000000000E+00   0.0000000000000000E+00   0.0000000000000000E+00   0.0000000000000000E+00   0.0000000000000000E+00   0.0000000000000000E+00   0.0000000000000000E+00   0.0000000000000000E+00   0.0000000000000000E+00   0.0000000000000000E+00   0.0000000000000000E+00   0.0000000000000000E+00
  6.2585771685998344E+00   1.0052379848417705E+05   5.6683235306144546E+04   2.8930680137658212E+05   2.3099630337989258E+05   4.9838041183627165E+03   8.0609909569326632E+01   1.3867876983197528E+01   2.8309940251772961E+01   1.4946891034364156E+00   1.1379836343822784E-01   5.0888474440290814E-02   6.0647327244549960E-04   5.3887261509363622E+00   6.0746512188813693E+00   1.4130792185500032E+00   0.0000000000000000E+00   0.0000000000000000E+00   0.0000000000000000E+00   0.0000000000000000E+00   0.0000000000000000E+00   0.0000000000000000E+00   0.0000000000000000E+00   0.0000000000000000E+00   0.0000000000000000E+00   0.0000000000000000E+00   0.0000000000000000E+00   0.0000000000000000E+00   0.0000000000000000E+00   0.0000000000000000E+00   0.0000000000000000E+00   0.0000000000000000E+00   0.0000000000000000E+00   0.0000000000000000E+00
  6.3510637224084414E+00   9.4490664132097721E+04   5.4919543412280793E+04   2.7173592847829213E+05   2.2250969492010734E+05   4.9216806154762789E+03   8.1563160136623452E+01   1.2944766021613162E+01   2.7087720674017884E+01   1.4740418526245256E+00   1.0709469124795853E-01   4.9374178012862473E-02   6.2656934215466072E-04   5.0205326191328385E+00   5.8284810561178269E+00   1.3888233026432188E+00   0.0000000000000000E+00   0.0000000000000000E+00   0.0000000000000000E+00   0.0000000000000000E+00   0.0000000000000000E+00   0.0000000000000000E+00   0.0000000000000000E+00   0.0000000000000000E+00   0.0000000000000000E+00   0.0000000000000000E+00   0.0000000000000000E+00   0.0000000000000000E+00   0.0000000000000000E+00   0.0000000000000000E+00   0.0000000000000000E+00   0.0000000000000000E+00   0.0000000000000000E+00   0.0000000000000000E+00
  6.4451764961692612E+00   8.8828299146179794E+04   5.3177840894090237E+04   2.5518453481216723E+05   2.1432595614280339E+05   4.8607734750793852E+03   8.2415020584308053E+01   1.2080847478011574E+01   2.5914878537704713E+01   1.4539341011029139E+00   1.0079072894212510E-01   4.7873762411923489E-02   6.4603582205384003E-04   4.6760283520510937E+00   5.5906538640496608E+00   1.3647050916009196E+00   0.0000000000000000E+00   0.0000000000000000E+00   0.0000000000000000E+00   0.0000000000000000E+00   0.0000000000000000E+00   0.0000000000000000E+00   0.0000000000000000E+00   0.0000000000000000E+00   0.0000000000000000E+00   0.0000000000000000E+00   0.0000000000000000E+00   0.0000000000000000E+00   0.0000000000000000E+00   0.0000000000000000E+00   0.0000000000000000E+00   0.0000000000000000E+00   0.0000000000000000E+00   0.0000000000000000E+00
  6.5409440842154618E+00   8.3518073131768630E+04   5.1457286672885246E+04   2.3959564436199472E+05   2.0643553668792406E+05   4.8011166640766096E+03   8.3149606487180677E+01   1.1272411125657168E+01   2.4789710333058199E+01   1.4343703614910075E+00   9.4866438617663598E-02   4.6386222775570682E-02   6.6544244721931651E-04   4.3537982104906643E+00   5.3609687897942173E+00   1.3407457151450886E+00   0.0000000000000000E+00   0.0000000000000000E+00   0.0000000000000000E+00   0.0000000000000000E+00   0.0000000000000000E+00   0.0000000000000000E+00   0.0000000000000000E+00   0.0000000000000000E+00   0.0000000000000000E+00   0.0000000000000000E+00   0.0000000000000000E+00   0.0000000000000000E+00   0.0000000000000000E+00   0.0000000000000000E+00   0.0000000000000000E+00   0.0000000000000000E+00   0.0000000000000000E+00   0.0000000000000000E+00
  6.6383955836632937E+00   7.8541945553199243E+04   4.9757372254760376E+04   2.2491541651372044E+05   1.9882900409108339E+05   4.7427384244712839E+03   8.3750998168611218E+01   1.0515977514899449E+01   2.3710539958023805E+01   1.4153532187838269E+00   8.9302863985699033E-02   4.4911085886627213E-02   6.8471558543597164E-04   4.0525035904410185E+00   5.1392255654705457E+00   1.3169647379941434E+00   0.0000000000000000E+00   0.0000000000000000E+00   0.0000000000000000E+00   0.0000000000000000E+00   0.0000000000000000E+00   0.0000000000000000E+00   0.0000000000000000E+00   0.0000000000000000E+00   0.0000000000000000E+00   0.0000000000000000E+00   0.0000000000000000E+00   0.0000000000000000E+00   0.0000000000000000E+00   0.0000000000000000E+00   0.0000000000000000E+00   0.0000000000000000E+00   0.0000000000000000E+00   0.0000000000000000E+00
  6.7375606032526933E+00   7.3882414001885583E+04   4.8077932579740191E+04   2.1109299229975429E+05   1.9149704347627159E+05   4.6856603192746725E+03   8.4203634892116696E+01   9.8082849927778355E+00   2.2675720494902606E+01   1.3968831767826584E+00   8.4081653886643681E-02   4.3448242119675073E-02   7.0373978942023360E-04   3.7708792162069606E+00   4.9252246040523948E+00   1.2933799222758724E+00   0.0000000000000000E+00   0.0000000000000000E+00   0.0000000000000000E+00   0.0000000000000000E+00   0.0000000000000000E+00   0.0000000000000000E+00   0.0000000000000000E+00   0.0000000000000000E+00   0.0000000000000000E+00   0.0000000000000000E+00   0.0000000000000000E+00   0.0000000000000000E+00   0.0000000000000000E+00   0.0000000000000000E+00   0.0000000000000000E+00   0.0000000000000000E+00   0.0000000000000000E+00   0.0000000000000000E+00
  6.8384692723433131E+00   6.9522471014993120E+04   4.6419149734702027E+04   1.9808034440995430E+05   1.8443046031093877E+05   4.6298963413870688E+03   8.4492757869605683E+01   9.1462771599359769E+00   2.1683635931226600E+01   1.3789585158785080E+00   7.9184986052024731E-02   4.1997943157262421E-02   7.2239482021756412E-04   3.5077299733953633E+00   4.7187671456836098E+00   1.2700070154602512E+00   0.0000000000000000E+00   0.0000000000000000E+00   0.0000000000000000E+00   0.0000000000000000E+00   0.0000000000000000E+00   0.0000000000000000E+00   0.0000000000000000E+00   0.0000000000000000E+00   0.0000000000000000E+00   0.0000000000000000E+00   0.0000000000000000E+00   0.0000000000000000E+00   0.0000000000000000E+00   0.0000000000000000E+00   0.0000000000000000E+00   0.0000000000000000E+00   0.0000000000000000E+00   0.0000000000000000E+00
  6.9411522500687424E+00   6.5445570707880797E+04   4.4781548253499204E+04   1.8583213052012128E+05   1.7762018642704436E+05   4.5754521312845509E+03   8.4604885986318649E+01   8.5270907472192583E+00   2.0732702830189943E+01   1.3615751707969932E+00   7.4595524754054926E-02   4.0560801681391631E-02   7.4055828065845968E-04   3.2619277730085119E+00   4.5196554516706309E+00   1.2468595742615427E+00   0.0000000000000000E+00   0.0000000000000000E+00   0.0000000000000000E+00   0.0000000000000000E+00   0.0000000000000000E+00   0.0000000000000000E+00   0.0000000000000000E+00   0.0000000000000000E+00   0.0000000000000000E+00   0.0000000000000000E+00   0.0000000000000000E+00   0.0000000000000000E+00   0.0000000000000000E+00   0.0000000000000000E+00   0.0000000000000000E+00   0.0000000000000000E+00   0.0000000000000000E+00   0.0000000000000000E+00
  7.0456407346516920E+00   6.1635606338185164E+04   4.3165981144328223E+04   1.7430554969703913E+05   1.7105728929024565E+05   4.5223243467596831E+03   8.4528302494931481E+01   7.9480439266638241E+00   1.9821371995998501E+01   1.3447266398753346E+00   7.0296389972480222E-02   3.9137780883632782E-02   7.5810865707241879E-04   3.0324084501208950E+00   4.3276930513591179E+00   1.2239488369449378E+00   0.0000000000000000E+00   0.0000000000000000E+00   0.0000000000000000E+00   0.0000000000000000E+00   0.0000000000000000E+00   0.0000000000000000E+00   0.0000000000000000E+00   0.0000000000000000E+00   0.0000000000000000E+00   0.0000000000000000E+00   0.0000000000000000E+00   0.0000000000000000E+00   0.0000000000000000E+00   0.0000000000000000E+00   0.0000000000000000E+00   0.0000000000000000E+00   0.0000000000000000E+00   0.0000000000000000E+00
  7.1519664728829611E+00   5.8076899084188190E+04   4.1573606009292416E+04   1.6346020185848404E+05   1.6473298441384666E+05   4.4705002320194280E+03   8.4253526266831486E+01   7.4066250179897928E+00   1.8948130069634139E+01   1.3284039313611444E+00   6.6271138687661976E-02   3.7730172931184816E-02   7.7492865254336822E-04   2.8181686842446636E+00   4.1426850200843521E+00   1.2012836498844368E+00   0.0000000000000000E+00   0.0000000000000000E+00   0.0000000000000000E+00   0.0000000000000000E+00   0.0000000000000000E+00   0.0000000000000000E+00   0.0000000000000000E+00   0.0000000000000000E+00   0.0000000000000000E+00   0.0000000000000000E+00   0.0000000000000000E+00   0.0000000000000000E+00   0.0000000000000000E+00   0.0000000000000000E+00   0.0000000000000000E+00   0.0000000000000000E+00   0.0000000000000000E+00   0.0000000000000000E+00
  7.2601617697670813E+00   5.4754198190065363E+04   4.0005851417427068E+04   1.5325795051593747E+05   1.5863865045651613E+05   4.4199574189754103E+03   8.3773738395410859E+01   6.9004816142551713E+00   1.8111501107075259E+01   1.3125955582306954E+00   6.2503758809505247E-02   3.6339566365144869E-02   7.9090865577398622E-04   2.6182629555967796E+00   3.9644382902001705E+00   1.1788704578578164E+00   0.0000000000000000E+00   0.0000000000000000E+00   0.0000000000000000E+00   0.0000000000000000E+00   0.0000000000000000E+00   0.0000000000000000E+00   0.0000000000000000E+00   0.0000000000000000E+00   0.0000000000000000E+00   0.0000000000000000E+00   0.0000000000000000E+00   0.0000000000000000E+00   0.0000000000000000E+00   0.0000000000000000E+00   0.0000000000000000E+00   0.0000000000000000E+00   0.0000000000000000E+00   0.0000000000000000E+00
  7.3702594983375729E+00   5.1652691681570221E+04   3.8464374127443472E+04   1.4366278925264228E+05   1.5276584642738904E+05   4.3706639890752213E+03   8.3085134641274635E+01   6.4274101460383699E+00   1.7310048062639105E+01   1.2972875838806637E+00   5.8978675191983319E-02   3.4967802955408321E-02   8.0595016093086796E-04   2.4318005391456592E+00   3.7927619748246735E+00   1.1567133601647535E+00   0.0000000000000000E+00   0.0000000000000000E+00   0.0000000000000000E+00   0.0000000000000000E+00   0.0000000000000000E+00   0.0000000000000000E+00   0.0000000000000000E+00   0.0000000000000000E+00   0.0000000000000000E+00   0.0000000000000000E+00   0.0000000000000000E+00   0.0000000000000000E+00   0.0000000000000000E+00   0.0000000000000000E+00   0.0000000000000000E+00   0.0000000000000000E+00   0.0000000000000000E+00   0.0000000000000000E+00
  7.4822931096447602E+00   4.8758026403650329E+04   3.6951008467868574E+04   1.3464071249434620E+05   1.4710633017861246E+05   4.3225788082670297E+03   8.2187176787017791E+01   5.9853458967890720E+00   1.6542374176244554E+01   1.2824637236889895E+00   5.5680766662124244E-02   3.3616925344840787E-02   8.1996893919089229E-04   2.2579425511828375E+00   3.6274676932410577E+00   1.1348142337377993E+00   0.0000000000000000E+00   0.0000000000000000E+00   0.0000000000000000E+00   0.0000000000000000E+00   0.0000000000000000E+00   0.0000000000000000E+00   0.0000000000000000E+00   0.0000000000000000E+00   0.0000000000000000E+00   0.0000000000000000E+00   0.0000000000000000E+00   0.0000000000000000E+00   0.0000000000000000E+00   0.0000000000000000E+00   0.0000000000000000E+00   0.0000000000000000E+00   0.0000000000000000E+00   0.0000000000000000E+00
  7.5962966429192358E+00   4.6056335470878024E+04   3.5467709737783880E+04   1.2615959137635340E+05   1.4165207725451855E+05   4.2756521323566849E+03   8.1082721793969071E+01   5.5723535069337071E+00   1.5807124215280128E+01   1.2681055014260980E+00   5.2595392209603659E-02   3.2289117482344649E-02   8.3289776791083505E-04   2.0958990639106796E+00   3.4683698825525200E+00   1.1131729193859827E+00   0.0000000000000000E+00   0.0000000000000000E+00   0.0000000000000000E+00   0.0000000000000000E+00   0.0000000000000000E+00   0.0000000000000000E+00   0.0000000000000000E+00   0.0000000000000000E+00   0.0000000000000000E+00   0.0000000000000000E+00   0.0000000000000000E+00   0.0000000000000000E+00   0.0000000000000000E+00   0.0000000000000000E+00   0.0000000000000000E+00   0.0000000000000000E+00   0.0000000000000000E+00   0.0000000000000000E+00
  7.7123047359140076E+00   4.3534270782190280E+04   3.4016493924283197E+04   1.1818905546710367E+05   1.3639529912035240E+05   4.2298264650769961E+03   7.9778015818825210E+01   5.1866179939683938E+00   1.5102985532729642E+01   1.2541924570684599E+00   4.9708423922849090E-02   3.0986640374466651E-02   8.4468854681954018E-04   1.9449263057500696E+00   3.3152860811031273E+00   1.0917874636719178E+00   0.0000000000000000E+00   0.0000000000000000E+00   0.0000000000000000E+00   0.0000000000000000E+00   0.0000000000000000E+00   0.0000000000000000E+00   0.0000000000000000E+00   0.0000000000000000E+00   0.0000000000000000E+00   0.0000000000000000E+00   0.0000000000000000E+00   0.0000000000000000E+00   0.0000000000000000E+00   0.0000000000000000E+00   0.0000000000000000E+00   0.0000000000000000E+00   0.0000000000000000E+00   0.0000000000000000E+00
  7.8303526354285102E+00   4.1179037971737627E+04   3.2599376335778208E+04   1.1070038113887610E+05   1.3132845980161097E+05   4.1850376349762455E+03   7.8282550253997499E+01   4.8264363206532570E+00   1.4428688907813589E+01   1.2407023995775250E+00   4.7006283866353603E-02   2.9711766058549520E-02   8.5531367295239532E-04   1.8043239668729059E+00   3.1680371724259575E+00   1.0706544057715817E+00   0.0000000000000000E+00   0.0000000000000000E+00   0.0000000000000000E+00   0.0000000000000000E+00   0.0000000000000000E+00   0.0000000000000000E+00   0.0000000000000000E+00   0.0000000000000000E+00   0.0000000000000000E+00   0.0000000000000000E+00   0.0000000000000000E+00   0.0000000000000000E+00   0.0000000000000000E+00   0.0000000000000000E+00   0.0000000000000000E+00   0.0000000000000000E+00   0.0000000000000000E+00   0.0000000000000000E+00
  7.9504762080176601E+00   3.8978431134169507E+04   3.1218311827690370E+04   1.0366638711378352E+05   1.2644429002135026E+05   4.1412160454483828E+03   7.6608787320038104E+01   4.4902095490115910E+00   1.3783009144004239E+01   1.2276116962036405E+00   4.4475981970283747E-02   2.8466712816011132E-02   8.6476660029258321E-04   1.6734326288429466E+00   3.0264475837893619E+00   1.0497690975809373E+00   0.0000000000000000E+00   0.0000000000000000E+00   0.0000000000000000E+00   0.0000000000000000E+00   0.0000000000000000E+00   0.0000000000000000E+00   0.0000000000000000E+00   0.0000000000000000E+00   0.0000000000000000E+00   0.0000000000000000E+00   0.0000000000000000E+00   0.0000000000000000E+00   0.0000000000000000E+00   0.0000000000000000E+00   0.0000000000000000E+00   0.0000000000000000E+00   0.0000000000000000E+00   0.0000000000000000E+00
  8.0727119508892038E+00   3.6920864595012477E+04   2.9875139081908474E+04   9.7061337936326425E+04   1.2173579831211947E+05   4.0982880433522787E+03   7.4771773077069355E+01   4.1764355687620007E+00   1.3164765375763730E+01   1.2148955838991538E+00   4.2105151845713250E-02   2.7253584441431208E-02   8.7306157335238505E-04   1.5516313302868090E+00   2.8903454247469460E+00   1.0291260377934537E+00   0.0000000000000000E+00   0.0000000000000000E+00   0.0000000000000000E+00   0.0000000000000000E+00   0.0000000000000000E+00   0.0000000000000000E+00   0.0000000000000000E+00   0.0000000000000000E+00   0.0000000000000000E+00   0.0000000000000000E+00   0.0000000000000000E+00   0.0000000000000000E+00   0.0000000000000000E+00   0.0000000000000000E+00   0.0000000000000000E+00   0.0000000000000000E+00   0.0000000000000000E+00   0.0000000000000000E+00
  8.1970970029926882E+00   3.4995399677912894E+04   2.8571531199479647E+04   9.0860855044269367E+04   1.1719627834649826E+05   4.0561773487912333E+03   7.2788662509398577E+01   3.8837024324428473E+00   1.2572821116940016E+01   1.2025284963337144E+00   3.9882082134139636E-02   2.6074316134561591E-02   8.8023258105463767E-04   1.4383352830728007E+00   2.7595625765821419E+00   1.0087192118828581E+00   0.0000000000000000E+00   0.0000000000000000E+00   0.0000000000000000E+00   0.0000000000000000E+00   0.0000000000000000E+00   0.0000000000000000E+00   0.0000000000000000E+00   0.0000000000000000E+00   0.0000000000000000E+00   0.0000000000000000E+00   0.0000000000000000E+00   0.0000000000000000E+00   0.0000000000000000E+00   0.0000000000000000E+00   0.0000000000000000E+00   0.0000000000000000E+00   0.0000000000000000E+00   0.0000000000000000E+00
  8.3236691563034082E+00   3.3191764443377149E+04   2.7308954202713365E+04   8.5041835739153539E+04   1.1281931246184725E+05   4.0148064890281566E+03   7.0678187560973825E+01   3.6106822562991931E+00   1.2006083991013218E+01   1.1904843880100549E+00   3.7795740970892243E-02   2.4930628881841544E-02   8.8633163340600361E-04   1.3329937388123687E+00   2.6339347188429958E+00   9.8854241682520505E-01   0.0000000000000000E+00   0.0000000000000000E+00   0.0000000000000000E+00   0.0000000000000000E+00   0.0000000000000000E+00   0.0000000000000000E+00   0.0000000000000000E+00   0.0000000000000000E+00   0.0000000000000000E+00   0.0000000000000000E+00   0.0000000000000000E+00   0.0000000000000000E+00   0.0000000000000000E+00   0.0000000000000000E+00   0.0000000000000000E+00   0.0000000000000000E+00   0.0000000000000000E+00   0.0000000000000000E+00
  8.4524668673047554E+00   3.1500365368405273E+04   2.6088634712105762E+04   7.9582379940090337E+04   1.0859877142276074E+05   3.9740981763617838E+03   6.8460100596008346E+01   3.3561256960134123E+00   1.1463505207641834E+01   1.1787370471901983E+00   3.5835925402682274E-02   2.3824082291290256E-02   8.9120480378995206E-04   1.2350880166046441E+00   2.5133013113663498E+00   9.6858956047508005E-01   0.0000000000000000E+00   0.0000000000000000E+00   0.0000000000000000E+00   0.0000000000000000E+00   0.0000000000000000E+00   0.0000000000000000E+00   0.0000000000000000E+00   0.0000000000000000E+00   0.0000000000000000E+00   0.0000000000000000E+00   0.0000000000000000E+00   0.0000000000000000E+00   0.0000000000000000E+00   0.0000000000000000E+00   0.0000000000000000E+00   0.0000000000000000E+00   0.0000000000000000E+00   0.0000000000000000E+00
  8.5835292686724820E+00   2.9912290284725830E+04   2.4911537265925650E+04   7.4461723956368238E+04   1.0452881054537481E+05   3.9339765875506960E+03   6.6154624077094354E+01   3.1188569464258635E+00   1.0944078787047506E+01   1.1672603873627665E+00   3.3993508728472996E-02   2.2756213306996516E-02   8.9408541593926163E-04   1.1441296823332578E+00   2.3975055339334133E+00   9.4885492557812534E-01   0.0000000000000000E+00   0.0000000000000000E+00   0.0000000000000000E+00   0.0000000000000000E+00   0.0000000000000000E+00   0.0000000000000000E+00   0.0000000000000000E+00   0.0000000000000000E+00   0.0000000000000000E+00   0.0000000000000000E+00   0.0000000000000000E+00   0.0000000000000000E+00   0.0000000000000000E+00   0.0000000000000000E+00   0.0000000000000000E+00   0.0000000000000000E+00   0.0000000000000000E+00   0.0000000000000000E+00
  8.7168961811643904E+00   2.8419302560629174E+04   2.3778351227940904E+04   6.9660180676233213E+04   1.0060386259828800E+05   3.8943685077731293E+03   6.3781933783721961E+01   2.8977692223512497E+00   1.0446840563693904E+01   1.1560287093781643E+00   3.2258910827731274E-02   2.1727499721193033E-02   8.9614032047201906E-04   1.0596588720075379E+00   2.2863941929194023E+00   9.2933339086998723E-01   0.0000000000000000E+00   0.0000000000000000E+00   0.0000000000000000E+00   0.0000000000000000E+00   0.0000000000000000E+00   0.0000000000000000E+00   0.0000000000000000E+00   0.0000000000000000E+00   0.0000000000000000E+00   0.0000000000000000E+00   0.0000000000000000E+00   0.0000000000000000E+00   0.0000000000000000E+00   0.0000000000000000E+00   0.0000000000000000E+00   0.0000000000000000E+00   0.0000000000000000E+00   0.0000000000000000E+00
  8.8526081257191009E+00   2.7013826890951270E+04   2.2689486811191255E+04   6.5159085453335181E+04   9.6818628006714833E+04   3.8552043121885490E+03   6.1361697240098856E+01   2.6918206682097297E+00   9.9708669984112728E+00   1.1450169275115369E+00   3.0623886776215175E-02   2.0738551086686995E-02   8.9747124498124303E-04   9.8124274751163820E-01   2.1798176031502523E+00   9.1002060387897987E-01   0.0000000000000000E+00   0.0000000000000000E+00   0.0000000000000000E+00   0.0000000000000000E+00   0.0000000000000000E+00   0.0000000000000000E+00   0.0000000000000000E+00   0.0000000000000000E+00   0.0000000000000000E+00   0.0000000000000000E+00   0.0000000000000000E+00   0.0000000000000000E+00   0.0000000000000000E+00   0.0000000000000000E+00   0.0000000000000000E+00   0.0000000000000000E+00   0.0000000000000000E+00   0.0000000000000000E+00
  8.9907063357675554E+00   2.5688927692886726E+04   2.1645079259898928E+04   6.0940746879669445E+04   9.3168062925234204E+04   3.8164187702624977E+03   5.8912682293846530E+01   2.5000306523277165E+00   9.5152738551545379E+00   1.1342007584518028E+00   2.9080861362407839E-02   1.9789686795920386E-02   8.9818388011387207E-04   9.0847407311418826E-01   2.0776294593181217E+00   8.9091310598320406E-01   0.0000000000000000E+00   0.0000000000000000E+00   0.0000000000000000E+00   0.0000000000000000E+00   0.0000000000000000E+00   0.0000000000000000E+00   0.0000000000000000E+00   0.0000000000000000E+00   0.0000000000000000E+00   0.0000000000000000E+00   0.0000000000000000E+00   0.0000000000000000E+00   0.0000000000000000E+00   0.0000000000000000E+00   0.0000000000000000E+00   0.0000000000000000E+00   0.0000000000000000E+00   0.0000000000000000E+00
  9.1312327697609774E+00   2.4438281124504843E+04   2.0644999999043193E+04   5.6988401670798557E+04   8.9647365794402576E+04   3.7779516692296693E+03   5.6452444172509772E+01   2.3214763834111327E+00   9.0792147599955673E+00   1.1235568698874756E+00   2.7622902319432801E-02   1.8880947733921266E-02   8.9838529700679549E-04   8.4096989555434776E-01   1.9796867007271965E+00   8.7200840891667308E-01   0.0000000000000000E+00   0.0000000000000000E+00   0.0000000000000000E+00   0.0000000000000000E+00   0.0000000000000000E+00   0.0000000000000000E+00   0.0000000000000000E+00   0.0000000000000000E+00   0.0000000000000000E+00   0.0000000000000000E+00   0.0000000000000000E+00   0.0000000000000000E+00   0.0000000000000000E+00   0.0000000000000000E+00   0.0000000000000000E+00   0.0000000000000000E+00   0.0000000000000000E+00   0.0000000000000000E+00
  9.2742301239191445E+00   2.3256142096948672E+04   1.9688873454475797E+04   5.3286172928704604E+04   8.6251962927759625E+04   3.7397482584880195E+03   5.3997093138128470E+01   2.1552898065994253E+00   8.6618797020100544E+00   1.1130629921452762E+00   2.6243687851361518E-02   1.8012114036986573E-02   8.9818166300159358E-04   7.7837031565740378E-01   1.8858493823104561E+00   8.5330502788026052E-01   0.0000000000000000E+00   0.0000000000000000E+00   0.0000000000000000E+00   0.0000000000000000E+00   0.0000000000000000E+00   0.0000000000000000E+00   0.0000000000000000E+00   0.0000000000000000E+00   0.0000000000000000E+00   0.0000000000000000E+00   0.0000000000000000E+00   0.0000000000000000E+00   0.0000000000000000E+00   0.0000000000000000E+00   0.0000000000000000E+00   0.0000000000000000E+00   0.0000000000000000E+00   0.0000000000000000E+00
  9.4197418452027968E+00   2.2137307588008662E+04   1.8776098140681457E+04   4.9819031120643893E+04   8.2977493661620931E+04   3.7017595269102953E+03   5.1561139766904567E+01   2.0006547300102921E+00   8.2624934973948179E+00   1.1026979941779416E+00   2.4937469851141102E-02   1.7182727415108481E-02   8.9767630025914798E-04   7.2033733616793616E-01   1.7959805554445367E+00   8.3480247524339657E-01   0.0000000000000000E+00   0.0000000000000000E+00   0.0000000000000000E+00   0.0000000000000000E+00   0.0000000000000000E+00   0.0000000000000000E+00   0.0000000000000000E+00   0.0000000000000000E+00   0.0000000000000000E+00   0.0000000000000000E+00   0.0000000000000000E+00   0.0000000000000000E+00   0.0000000000000000E+00   0.0000000000000000E+00   0.0000000000000000E+00   0.0000000000000000E+00   0.0000000000000000E+00   0.0000000000000000E+00
  9.5678121445141500E+00   2.1077077540353235E+04   1.7905870676131482E+04   4.6572757229073824E+04   7.9819795509709438E+04   3.6639423294521293E+03   4.9157411097205440E+01   1.8568041389066752E+00   7.8803142408612512E+00   1.0924419269607113E+00   2.3699034201891664E-02   1.6392116569373161E-02   8.9696810466060055E-04   6.6655377273495309E-01   1.7099461616506479E+00   8.1650122016610749E-01   0.0000000000000000E+00   0.0000000000000000E+00   0.0000000000000000E+00   0.0000000000000000E+00   0.0000000000000000E+00   0.0000000000000000E+00   0.0000000000000000E+00   0.0000000000000000E+00   0.0000000000000000E+00   0.0000000000000000E+00   0.0000000000000000E+00   0.0000000000000000E+00   0.0000000000000000E+00   0.0000000000000000E+00   0.0000000000000000E+00   0.0000000000000000E+00   0.0000000000000000E+00   0.0000000000000000E+00
  9.7184860101295154E+00   2.0071214620985480E+04   1.7077211550106702E+04   4.3533907606881185E+04   7.6774889668515229E+04   3.6262593795242415E+03   4.6797028293623391E+01   1.7230176753524122E+00   7.5146317876789270E+00   1.0822760409553962E+00   2.2523659564976789E-02   1.5639424412773974E-02   8.9615031870465410E-04   6.1672221987702758E-01   1.6276149472342480E+00   7.9840262248516836E-01   0.0000000000000000E+00   0.0000000000000000E+00   0.0000000000000000E+00   0.0000000000000000E+00   0.0000000000000000E+00   0.0000000000000000E+00   0.0000000000000000E+00   0.0000000000000000E+00   0.0000000000000000E+00   0.0000000000000000E+00   0.0000000000000000E+00   0.0000000000000000E+00   0.0000000000000000E+00   0.0000000000000000E+00   0.0000000000000000E+00   0.0000000000000000E+00   0.0000000000000000E+00   0.0000000000000000E+00
  9.8718092213681121E+00   1.9115903812235803E+04   1.6288991523587907E+04   4.0689780194163199E+04   7.3838967173340454E+04   3.5886791304938224E+03   4.4489435266305662E+01   1.5986192394592307E+00   7.1647662667306431E+00   1.0721827803204156E+00   2.1407075722373242E-02   1.4923635894450463E-02   8.9530963625363436E-04   5.7056406041131269E-01   1.5488583941733052E+00   7.8050884502565787E-01   0.0000000000000000E+00   0.0000000000000000E+00   0.0000000000000000E+00   0.0000000000000000E+00   0.0000000000000000E+00   0.0000000000000000E+00   0.0000000000000000E+00   0.0000000000000000E+00   0.0000000000000000E+00   0.0000000000000000E+00   0.0000000000000000E+00   0.0000000000000000E+00   0.0000000000000000E+00   0.0000000000000000E+00   0.0000000000000000E+00   0.0000000000000000E+00   0.0000000000000000E+00   0.0000000000000000E+00
  1.0027828362501229E+01   1.8207712771401126E+04   1.5539957812042934E+04   3.8028381837829256E+04   7.1008375882347507E+04   3.5511755649931415E+03   4.2242467330580467E+01   1.4829747087558793E+00   6.8300666460766033E+00   1.0621457594268771E+00   2.0345422517715671E-02   1.4243605506668536E-02   8.9452560470972919E-04   5.2781851351032938E-01   1.4735506713247679E+00   7.6282275205906491E-01   0.0000000000000000E+00   0.0000000000000000E+00   0.0000000000000000E+00   0.0000000000000000E+00   0.0000000000000000E+00   0.0000000000000000E+00   0.0000000000000000E+00   0.0000000000000000E+00   0.0000000000000000E+00   0.0000000000000000E+00   0.0000000000000000E+00   0.0000000000000000E+00   0.0000000000000000E+00   0.0000000000000000E+00   0.0000000000000000E+00   0.0000000000000000E+00   0.0000000000000000E+00   0.0000000000000000E+00
  1.0186590836905935E+01   1.7343553630283728E+04   1.4828759317751985E+04   3.5538396530567181E+04   6.8279608434219947E+04   3.5137279134271394E+03   4.0062449466114955E+01   1.3754897455884485E+00   6.5099093596233120E+00   1.0521497262120745E+00   1.9335210145096000E-02   1.3598083702023043E-02   8.9387028383622032E-04   4.8824171537927230E-01   1.4015686023960696E+00   7.4534779846575760E-01   0.0000000000000000E+00   0.0000000000000000E+00   0.0000000000000000E+00   0.0000000000000000E+00   0.0000000000000000E+00   0.0000000000000000E+00   0.0000000000000000E+00   0.0000000000000000E+00   0.0000000000000000E+00   0.0000000000000000E+00   0.0000000000000000E+00   0.0000000000000000E+00   0.0000000000000000E+00   0.0000000000000000E+00   0.0000000000000000E+00   0.0000000000000000E+00   0.0000000000000000E+00   0.0000000000000000E+00
  1.0348144881467684E+01   1.6520646788627750E+04   1.4153970398429363E+04   3.3209154462522521E+04   6.5649291232861375E+04   3.4763203190684167E+03   3.7954314728805556E+01   1.2756076913904444E+00   6.2036970028168312E+00   1.0421805169234826E+00   1.8373281410322531E-02   1.2985741682219210E-02   8.9340811800824027E-04   4.5160583002751209E-01   1.3327916507948574E+00   7.2808791535109751E-01   0.0000000000000000E+00   0.0000000000000000E+00   0.0000000000000000E+00   0.0000000000000000E+00   0.0000000000000000E+00   0.0000000000000000E+00   0.0000000000000000E+00   0.0000000000000000E+00   0.0000000000000000E+00   0.0000000000000000E+00   0.0000000000000000E+00   0.0000000000000000E+00   0.0000000000000000E+00   0.0000000000000000E+00   0.0000000000000000E+00   0.0000000000000000E+00   0.0000000000000000E+00   0.0000000000000000E+00
  1.0512539581236142E+01   1.5736487050349446E+04   1.3514112782098226E+04   3.1030601823445406E+04   6.3114174490918027E+04   3.4389414673010801E+03   3.5921734645799631E+01   1.1828075372381701E+00   5.9108570937703968E+00   1.0322250050020496E+00   1.7456776360114942E-02   1.2405194162330524E-02   8.9319597923770378E-04   4.1769818742621795E-01   1.2671019173223748E+00   7.1104739548842122E-01   0.0000000000000000E+00   0.0000000000000000E+00   0.0000000000000000E+00   0.0000000000000000E+00   0.0000000000000000E+00   0.0000000000000000E+00   0.0000000000000000E+00   0.0000000000000000E+00   0.0000000000000000E+00   0.0000000000000000E+00   0.0000000000000000E+00   0.0000000000000000E+00   0.0000000000000000E+00   0.0000000000000000E+00   0.0000000000000000E+00   0.0000000000000000E+00   0.0000000000000000E+00   0.0000000000000000E+00
  1.0679824884338730E+01   1.4988812349237347E+04   1.2907675405884189E+04   2.8993271336622114E+04   6.0671123306236375E+04   3.4015841927421566E+03   3.3967254836351948E+01   1.0966019651235106E+00   5.6308409077144388E+00   1.0222710485488606E+00   1.6583099563890164E-02   1.1855019891315379E-02   8.9328334116326802E-04   3.8632044854393899E-01   1.2043841493042651E+00   6.9423078249769143E-01   0.0000000000000000E+00   0.0000000000000000E+00   0.0000000000000000E+00   0.0000000000000000E+00   0.0000000000000000E+00   0.0000000000000000E+00   0.0000000000000000E+00   0.0000000000000000E+00   0.0000000000000000E+00   0.0000000000000000E+00   0.0000000000000000E+00   0.0000000000000000E+00   0.0000000000000000E+00   0.0000000000000000E+00   0.0000000000000000E+00   0.0000000000000000E+00   0.0000000000000000E+00   0.0000000000000000E+00
  1.0850051617156396E+01   1.4275575157144120E+04   1.2333132044298312E+04   2.7088253528133861E+04   5.8317109738468651E+04   3.3642450774643416E+03   3.2092430498391451E+01   1.0165354593265485E+00   5.3631223729810431E+00   1.0123074372726517E+00   1.5749890160208731E-02   1.1333779808888819E-02   8.9371254827149424E-04   3.5728779644048558E-01   1.1445257568196776E+00   6.7764276552601010E-01   0.0000000000000000E+00   0.0000000000000000E+00   0.0000000000000000E+00   0.0000000000000000E+00   0.0000000000000000E+00   0.0000000000000000E+00   0.0000000000000000E+00   0.0000000000000000E+00   0.0000000000000000E+00   0.0000000000000000E+00   0.0000000000000000E+00   0.0000000000000000E+00   0.0000000000000000E+00   0.0000000000000000E+00   0.0000000000000000E+00   0.0000000000000000E+00   0.0000000000000000E+00   0.0000000000000000E+00
  1.1023271499766199E+01   1.3594916616087405E+04   1.1788956726247661E+04   2.5307168768727992E+04   5.6049205798713898E+04   3.3269240489076938E+03   3.0297957740857345E+01   9.4218248820432959E-01   5.1071970356542469E+00   1.0023238427670003E+00   1.4954994725759924E-02   1.0840032853959160E-02   8.9451915002516512E-04   3.3042815441750467E-01   1.0874168354014317E+00   6.6128808238914405E-01   0.0000000000000000E+00   0.0000000000000000E+00   0.0000000000000000E+00   0.0000000000000000E+00   0.0000000000000000E+00   0.0000000000000000E+00   0.0000000000000000E+00   0.0000000000000000E+00   0.0000000000000000E+00   0.0000000000000000E+00   0.0000000000000000E+00   0.0000000000000000E+00   0.0000000000000000E+00   0.0000000000000000E+00   0.0000000000000000E+00   0.0000000000000000E+00   0.0000000000000000E+00   0.0000000000000000E+00
  1.1199537161655478E+01   1.2945143319786855E+04   1.1273636962464199E+04   2.3642140098091502E+04   5.3864577310485009E+04   3.2896239871062558E+03   2.8583797806101249E+01   8.7314575389638338E-01   4.8625810807811032E+00   9.9231077206080154E-01   1.4196442892290552E-02   1.0372349470255896E-02   8.9573227335653445E-04   3.0558143120380715E-01   1.0329501907813485E+00   6.4517143129900878E-01   0.0000000000000000E+00   0.0000000000000000E+00   0.0000000000000000E+00   0.0000000000000000E+00   0.0000000000000000E+00   0.0000000000000000E+00   0.0000000000000000E+00   0.0000000000000000E+00   0.0000000000000000E+00   0.0000000000000000E+00   0.0000000000000000E+00   0.0000000000000000E+00   0.0000000000000000E+00   0.0000000000000000E+00   0.0000000000000000E+00   0.0000000000000000E+00   0.0000000000000000E+00   0.0000000000000000E+00
  1.1378902157712268E+01   1.2324706637036892E+04   1.0785684904096624E+04   2.2085766901093495E+04   5.1760478523695856E+04   3.2523503462421741E+03   2.6949292353397954E+01   8.0905451277075491E-01   4.6288104091409865E+00   9.8225952626878144E-01   1.3472425603853491E-02   9.9293229500842396E-03   8.9737501405828465E-04   2.8259879413480499E-01   9.8102136437526799E-01   6.2929739259951556E-01   0.0000000000000000E+00   0.0000000000000000E+00   0.0000000000000000E+00   0.0000000000000000E+00   0.0000000000000000E+00   0.0000000000000000E+00   0.0000000000000000E+00   0.0000000000000000E+00   0.0000000000000000E+00   0.0000000000000000E+00   0.0000000000000000E+00   0.0000000000000000E+00   0.0000000000000000E+00   0.0000000000000000E+00   0.0000000000000000E+00   0.0000000000000000E+00   0.0000000000000000E+00   0.0000000000000000E+00
  1.1561420984496927E+01   1.1732184448181260E+04   1.0323646568617043E+04   2.0631099440940881E+04   4.9734247425038047E+04   3.2151107950725891E+03   2.5393268598155963E+01   7.4956296618421858E-01   4.4054397704934356E+00   9.7216216590979532E-01   1.2781275881570532E-02   9.5095787742160553E-03   8.9946482963324849E-04   2.6134197146433796E-01   9.3152865842981503E-01   6.1367036105773176E-01   0.0000000000000000E+00   0.0000000000000000E+00   0.0000000000000000E+00   0.0000000000000000E+00   0.0000000000000000E+00   0.0000000000000000E+00   0.0000000000000000E+00   0.0000000000000000E+00   0.0000000000000000E+00   0.0000000000000000E+00   0.0000000000000000E+00   0.0000000000000000E+00   0.0000000000000000E+00   0.0000000000000000E+00   0.0000000000000000E+00   0.0000000000000000E+00   0.0000000000000000E+00   0.0000000000000000E+00
  1.1747149096799845E+01   1.1166265084495915E+04   9.8861092826525382E+03   1.9271614309659646E+04   4.7783301645998072E+04   3.1779148803153648E+03   2.3914133904541789E+01   6.9434872339422271E-01   4.1920419365662163E+00   9.6201148096453737E-01   1.2121451872364767E-02   9.1117821186161834E-03   9.0201392277902898E-04   2.4168258362216688E-01   8.8437315704289021E-01   5.9829448772360738E-01   0.0000000000000000E+00   0.0000000000000000E+00   0.0000000000000000E+00   0.0000000000000000E+00   0.0000000000000000E+00   0.0000000000000000E+00   0.0000000000000000E+00   0.0000000000000000E+00   0.0000000000000000E+00   0.0000000000000000E+00   0.0000000000000000E+00   0.0000000000000000E+00   0.0000000000000000E+00   0.0000000000000000E+00   0.0000000000000000E+00   0.0000000000000000E+00   0.0000000000000000E+00   0.0000000000000000E+00
  1.1936142924490309E+01   1.0625733312109807E+04   9.4717075239532696E+03   1.8001190799895714E+04   4.5905134904064005E+04   3.1407737143300524E+03   2.2509959752721521E+01   6.4311133425495193E-01   3.9882069207581892E+00   9.5180096768896216E-01   1.1491522017113660E-02   8.7346437271958368E-03   9.0502960592040143E-04   2.2350150459196261E-01   8.3945874344955496E-01   5.8317363174411596E-01   0.0000000000000000E+00   0.0000000000000000E+00   0.0000000000000000E+00   0.0000000000000000E+00   0.0000000000000000E+00   0.0000000000000000E+00   0.0000000000000000E+00   0.0000000000000000E+00   0.0000000000000000E+00   0.0000000000000000E+00   0.0000000000000000E+00   0.0000000000000000E+00   0.0000000000000000E+00   0.0000000000000000E+00   0.0000000000000000E+00   0.0000000000000000E+00   0.0000000000000000E+00   0.0000000000000000E+00
  1.2128459889661618E+01   1.0109458160339747E+04   9.0791273408115521E+03   1.6814088231530106E+04   4.4097313891750811E+04   3.1036996880793463E+03   2.1178555455127807E+01   5.9557089548869613E-01   3.7935412357738336E+00   9.4152481111376785E-01   1.0890152126947770E-02   8.3769243439027474E-03   9.0851464181611525E-04   2.0668825352840570E-01   7.9669211222125658E-01   5.6831132157841258E-01   0.0000000000000000E+00   0.0000000000000000E+00   0.0000000000000000E+00   0.0000000000000000E+00   0.0000000000000000E+00   0.0000000000000000E+00   0.0000000000000000E+00   0.0000000000000000E+00   0.0000000000000000E+00   0.0000000000000000E+00   0.0000000000000000E+00   0.0000000000000000E+00   0.0000000000000000E+00   0.0000000000000000E+00   0.0000000000000000E+00   0.0000000000000000E+00   0.0000000000000000E+00   0.0000000000000000E+00
  1.2324158424077661E+01   9.6163824042028118E+03   8.7071095201500139E+03   1.5704924240209317E+04   4.2357475551985153E+04   3.0667062098729116E+03   1.9917532178624914E+01   5.5146672595287105E-01   3.6076671883460016E+00   9.3117787337457703E-01   1.0316094167042012E-02   8.0374378882082393E-03   9.1246755685317666E-04   1.9114041668747495E-01   7.5598277552180981E-01   5.5371072484004946E-01   0.0000000000000000E+00   0.0000000000000000E+00   0.0000000000000000E+00   0.0000000000000000E+00   0.0000000000000000E+00   0.0000000000000000E+00   0.0000000000000000E+00   0.0000000000000000E+00   0.0000000000000000E+00   0.0000000000000000E+00   0.0000000000000000E+00   0.0000000000000000E+00   0.0000000000000000E+00   0.0000000000000000E+00   0.0000000000000000E+00   0.0000000000000000E+00   0.0000000000000000E+00   0.0000000000000000E+00
  1.2523297986926277E+01   9.1455135157230216E+03   8.3544516676832227E+03   1.4668654030110869E+04   4.0683324683432598E+04   3.0298074698603805E+03   1.8724357984049028E+01   5.1055611412014512E-01   3.4302222034242562E+00   9.2075568616678971E-01   9.7681765524778568E-03   7.7150535476628946E-03   9.1688292565386470E-04   1.7676309949632543E-01   7.1724306271061822E-01   5.3937462584751605E-01   0.0000000000000000E+00   0.0000000000000000E+00   0.0000000000000000E+00   0.0000000000000000E+00   0.0000000000000000E+00   0.0000000000000000E+00   0.0000000000000000E+00   0.0000000000000000E+00   0.0000000000000000E+00   0.0000000000000000E+00   0.0000000000000000E+00   0.0000000000000000E+00   0.0000000000000000E+00   0.0000000000000000E+00   0.0000000000000000E+00   0.0000000000000000E+00   0.0000000000000000E+00   0.0000000000000000E+00
  1.2725939082884775E+01   8.6959159215228501E+03   8.0200093658492897E+03   1.3700550590747212E+04   3.9072631814239168E+04   2.9930182288001110E+03   1.7596404687537099E+01   4.7261313294317947E-01   3.2608581824257294E+00   9.1025444844643222E-01   9.2452957869019886E-03   7.4086969597172078E-03   9.2175162743411687E-04   1.6346840866972825E-01   6.8038811387647713E-01   5.2530541065536895E-01   0.0000000000000000E+00   0.0000000000000000E+00   0.0000000000000000E+00   0.0000000000000000E+00   0.0000000000000000E+00   0.0000000000000000E+00   0.0000000000000000E+00   0.0000000000000000E+00   0.0000000000000000E+00   0.0000000000000000E+00   0.0000000000000000E+00   0.0000000000000000E+00   0.0000000000000000E+00   0.0000000000000000E+00   0.0000000000000000E+00   0.0000000000000000E+00   0.0000000000000000E+00   0.0000000000000000E+00
  1.2932143280503086E+01   8.2667043884838495E+03   7.7026965378901496E+03   1.2796185868106211E+04   3.7523231308992450E+04   2.9563536312801557E+03   1.6530987369657581E+01   4.3742752241280780E-01   3.0992408844374086E+00   8.9967102633214768E-01   8.7464092551498285E-03   7.1173506179667244E-03   9.2706107538074447E-04   1.5117496349262008E-01   6.4533586585614111E-01   5.1150505780902555E-01   0.0000000000000000E+00   0.0000000000000000E+00   0.0000000000000000E+00   0.0000000000000000E+00   0.0000000000000000E+00   0.0000000000000000E+00   0.0000000000000000E+00   0.0000000000000000E+00   0.0000000000000000E+00   0.0000000000000000E+00   0.0000000000000000E+00   0.0000000000000000E+00   0.0000000000000000E+00   0.0000000000000000E+00   0.0000000000000000E+00   0.0000000000000000E+00   0.0000000000000000E+00   0.0000000000000000E+00
  1.3141973230910187E+01   7.8570384184667546E+03   7.4014851721078539E+03   1.1951412871064624E+04   3.6033019649056820E+04   2.9198290402770194E+03   1.5525397344113095E+01   4.0480363805754471E-01   2.9450493396628334E+00   8.8900295739564517E-01   8.2705290491087800E-03   6.8400536577951669E-03   9.3279542161607684E-04   1.3980743614737093E-01   6.1200703297392633E-01   4.9797513557709855E-01   0.0000000000000000E+00   0.0000000000000000E+00   0.0000000000000000E+00   0.0000000000000000E+00   0.0000000000000000E+00   0.0000000000000000E+00   0.0000000000000000E+00   0.0000000000000000E+00   0.0000000000000000E+00   0.0000000000000000E+00   0.0000000000000000E+00   0.0000000000000000E+00   0.0000000000000000E+00   0.0000000000000000E+00   0.0000000000000000E+00   0.0000000000000000E+00   0.0000000000000000E+00   0.0000000000000000E+00
  1.3355492686849413E+01   7.4661174828918165E+03   7.1154045089398323E+03   1.1162348710701004E+04   3.4599953883317459E+04   2.8834598924555326E+03   1.4576929400690135E+01   3.7455946235257243E-01   2.7979752834820979E+00   8.7824845551517905E-01   7.8172212506473528E-03   6.5763256290507178E-03   9.3800663631802704E-04   1.2929611987323891E-01   5.8032508078591627E-01   4.8471680313888110E-01   0.0000000000000000E+00   0.0000000000000000E+00   0.0000000000000000E+00   0.0000000000000000E+00   0.0000000000000000E+00   0.0000000000000000E+00   0.0000000000000000E+00   0.0000000000000000E+00   0.0000000000000000E+00   0.0000000000000000E+00   0.0000000000000000E+00   0.0000000000000000E+00   0.0000000000000000E+00   0.0000000000000000E+00   0.0000000000000000E+00   0.0000000000000000E+00   0.0000000000000000E+00   0.0000000000000000E+00
  1.3572766522048488E+01   7.0931770318051422E+03   6.8435397574811368E+03   1.0425358511326571E+04   3.3222050184118430E+04   2.8472615758126026E+03   1.3682904001659967E+01   3.4652567627403641E-01   2.6577226133502969E+00   8.6740641717757827E-01   7.3851696584205781E-03   6.3249774255559627E-03   9.4343430568904281E-04   1.1957652380468090E-01   5.5021619350087991E-01   4.7173081631041414E-01   0.0000000000000000E+00   0.0000000000000000E+00   0.0000000000000000E+00   0.0000000000000000E+00   0.0000000000000000E+00   0.0000000000000000E+00   0.0000000000000000E+00   0.0000000000000000E+00   0.0000000000000000E+00   0.0000000000000000E+00   0.0000000000000000E+00   0.0000000000000000E+00   0.0000000000000000E+00   0.0000000000000000E+00   0.0000000000000000E+00   0.0000000000000000E+00   0.0000000000000000E+00   0.0000000000000000E+00
  1.3793860750930149E+01   6.7374850907262480E+03   6.5850305251854161E+03   9.7370401991445542E+03   3.1897382488412641E+04   2.8112493215226550E+03   1.2840685166331932E+01   3.2054478990206875E-01   2.5240068699800760E+00   8.5647642805593971E-01   6.9734225236792510E-03   6.0851312270199685E-03   9.4923372496556594E-04   1.1058899408022017E-01   5.2160923643047852E-01   4.5901753662181816E-01   0.0000000000000000E+00   0.0000000000000000E+00   0.0000000000000000E+00   0.0000000000000000E+00   0.0000000000000000E+00   0.0000000000000000E+00   0.0000000000000000E+00   0.0000000000000000E+00   0.0000000000000000E+00   0.0000000000000000E+00   0.0000000000000000E+00   0.0000000000000000E+00   0.0000000000000000E+00   0.0000000000000000E+00   0.0000000000000000E+00   0.0000000000000000E+00   0.0000000000000000E+00   0.0000000000000000E+00
  1.4018842548669342E+01   6.3983394226835107E+03   6.3390689513188026E+03   9.0942101366353490E+03   3.0624081236851260E+04   2.7754381139746915E+03   1.2047694644575428E+01   2.9647032851002092E-01   2.3965547387647415E+00   8.4545876857198987E-01   6.5811638437853325E-03   5.8560419280334437E-03   9.5537822940942136E-04   1.0227835975818463E-01   4.9443571308077605E-01   4.4657694297463646E-01   0.0000000000000000E+00   0.0000000000000000E+00   0.0000000000000000E+00   0.0000000000000000E+00   0.0000000000000000E+00   0.0000000000000000E+00   0.0000000000000000E+00   0.0000000000000000E+00   0.0000000000000000E+00   0.0000000000000000E+00   0.0000000000000000E+00   0.0000000000000000E+00   0.0000000000000000E+00   0.0000000000000000E+00   0.0000000000000000E+00   0.0000000000000000E+00   0.0000000000000000E+00   0.0000000000000000E+00
  1.4247780271603080E+01   6.0750651514269657E+03   6.1048976522985704E+03   8.4938895604767149E+03   2.9400332162564649E+04   2.7398426151110457E+03   1.1301422918738215E+01   2.7416607190860048E-01   2.2751035744368129E+00   8.3435441882669348E-01   6.2076121878717862E-03   5.6370139540483965E-03   9.6183889328076513E-04   9.4593602548065661E-02   4.6862971810669801E-01   4.3440864598667916E-01   0.0000000000000000E+00   0.0000000000000000E+00   0.0000000000000000E+00   0.0000000000000000E+00   0.0000000000000000E+00   0.0000000000000000E+00   0.0000000000000000E+00   0.0000000000000000E+00   0.0000000000000000E+00   0.0000000000000000E+00   0.0000000000000000E+00   0.0000000000000000E+00   0.0000000000000000E+00   0.0000000000000000E+00   0.0000000000000000E+00   0.0000000000000000E+00   0.0000000000000000E+00   0.0000000000000000E+00
  1.4480743477999200E+01   5.7670127618194228E+03   5.8818075248632795E+03   7.9332917915980479E+03   2.8224375123522619E+04   2.7044771025296814E+03   1.0599437523087641E+01   2.5350534372623218E-01   2.1594009438816251E+00   8.2316506072404805E-01   5.8520181837525189E-03   5.4273992312621070E-03   9.6858466074790201E-04   8.7487548974982982E-02   4.4412788568337352E-01   4.2251190373558228E-01   0.0000000000000000E+00   0.0000000000000000E+00   0.0000000000000000E+00   0.0000000000000000E+00   0.0000000000000000E+00   0.0000000000000000E+00   0.0000000000000000E+00   0.0000000000000000E+00   0.0000000000000000E+00   0.0000000000000000E+00   0.0000000000000000E+00   0.0000000000000000E+00   0.0000000000000000E+00   0.0000000000000000E+00   0.0000000000000000E+00   0.0000000000000000E+00   0.0000000000000000E+00   0.0000000000000000E+00
  1.4717802949190276E+01   5.4735564264801969E+03   5.6691354624212363E+03   7.4098101869750435E+03   2.7094502965436943E+04   2.6693554193545924E+03   9.9393891125176772E+00   2.3437034842192694E-01   2.0492041901554714E+00   8.1189307767446850E-01   5.5136623357223856E-03   5.2265950796740067E-03   9.7558247449082013E-04   8.0916583971504794E-02   4.2086933454443082E-01   4.1088563901983982E-01   0.0000000000000000E+00   0.0000000000000000E+00   0.0000000000000000E+00   0.0000000000000000E+00   0.0000000000000000E+00   0.0000000000000000E+00   0.0000000000000000E+00   0.0000000000000000E+00   0.0000000000000000E+00   0.0000000000000000E+00   0.0000000000000000E+00   0.0000000000000000E+00   0.0000000000000000E+00   0.0000000000000000E+00   0.0000000000000000E+00   0.0000000000000000E+00   0.0000000000000000E+00   0.0000000000000000E+00
  1.4959030711079151E+01   5.1940926023637876E+03   5.4662620228174337E+03   6.9210067975058410E+03   2.6009060407683086E+04   2.6344909347597049E+03   9.3190156488049851E+00   2.1665155320474300E-01   1.9442800163480698E+00   8.0054155103828184E-01   5.1918531163286930E-03   5.0340420637120867E-03   9.8279740549532014E-04   7.4840384660916970E-02   3.9879560998620223E-01   3.9952845759255945E-01   0.0000000000000000E+00   0.0000000000000000E+00   0.0000000000000000E+00   0.0000000000000000E+00   0.0000000000000000E+00   0.0000000000000000E+00   0.0000000000000000E+00   0.0000000000000000E+00   0.0000000000000000E+00   0.0000000000000000E+00   0.0000000000000000E+00   0.0000000000000000E+00   0.0000000000000000E+00   0.0000000000000000E+00   0.0000000000000000E+00   0.0000000000000000E+00   0.0000000000000000E+00   0.0000000000000000E+00
  1.5204500056022610E+01   4.9280388479131880E+03   5.2726090787375324E+03   6.4646016993540488E+03   2.4966442945896644E+04   2.5998965141958151E+03   8.7361450290531142E+00   2.0024711209802526E-01   1.8444040879428498E+00   7.8911425237956634E-01   4.8859252826466242E-03   4.8492218275143668E-03   9.9019278735390992E-04   6.9221673109421150E-02   3.7785062310154688E-01   3.8843866684128009E-01   0.0000000000000000E+00   0.0000000000000000E+00   0.0000000000000000E+00   0.0000000000000000E+00   0.0000000000000000E+00   0.0000000000000000E+00   0.0000000000000000E+00   0.0000000000000000E+00   0.0000000000000000E+00   0.0000000000000000E+00   0.0000000000000000E+00   0.0000000000000000E+00   0.0000000000000000E+00   0.0000000000000000E+00   0.0000000000000000E+00   0.0000000000000000E+00   0.0000000000000000E+00   0.0000000000000000E+00
  1.5454285565099829E+01   4.6748328263328749E+03   5.0876374827899053E+03   6.0384629648203172E+03   2.3965095764061331E+04   2.5655844977428892E+03   8.1886964310986929E+00   1.8506232982362675E-01   1.7493606550905880E+00   7.7761563176963289E-01   4.5952383842007309E-03   4.6716549420781801E-03   9.9773035818143292E-04   6.4025986982779517E-02   3.5798058809150640E-01   3.7761429493278620E-01   0.0000000000000000E+00   0.0000000000000000E+00   0.0000000000000000E+00   0.0000000000000000E+00   0.0000000000000000E+00   0.0000000000000000E+00   0.0000000000000000E+00   0.0000000000000000E+00   0.0000000000000000E+00   0.0000000000000000E+00   0.0000000000000000E+00   0.0000000000000000E+00   0.0000000000000000E+00   0.0000000000000000E+00   0.0000000000000000E+00   0.0000000000000000E+00   0.0000000000000000E+00   0.0000000000000000E+00
  1.5708463130772389E+01   4.4339314579458560E+03   4.9108447666156517E+03   5.6405972400950786E+03   2.3003512653326146E+04   2.5315666857978231E+03   7.6746806130166902E+00   1.7100916286784340E-01   1.6589421932650619E+00   7.6605080139446358E-01   4.3191754260987845E-03   4.5008987793809145E-03   1.0053704128746847E-03   5.9221466930222511E-02   3.3913395784067696E-01   3.6705310996467355E-01   0.0000000000000000E+00   0.0000000000000000E+00   0.0000000000000000E+00   0.0000000000000000E+00   0.0000000000000000E+00   0.0000000000000000E+00   0.0000000000000000E+00   0.0000000000000000E+00   0.0000000000000000E+00   0.0000000000000000E+00   0.0000000000000000E+00   0.0000000000000000E+00   0.0000000000000000E+00   0.0000000000000000E+00   0.0000000000000000E+00   0.0000000000000000E+00   0.0000000000000000E+00   0.0000000000000000E+00
  1.5967109979942707E+01   4.2048101941499081E+03   4.7417628926034022E+03   5.2691408978154395E+03   2.2080234934221378E+04   2.4978543310740006E+03   7.1921993671704696E+00   1.5800575539520720E-01   1.5729490622899411E+00   7.5442551433866889E-01   4.0571416615866060E-03   4.3365454275118651E-03   1.0130719681074323E-03   5.4778659632274664E-02   3.2126135824681312E-01   3.5675263896787196E-01   0.0000000000000000E+00   0.0000000000000000E+00   0.0000000000000000E+00   0.0000000000000000E+00   0.0000000000000000E+00   0.0000000000000000E+00   0.0000000000000000E+00   0.0000000000000000E+00   0.0000000000000000E+00   0.0000000000000000E+00   0.0000000000000000E+00   0.0000000000000000E+00   0.0000000000000000E+00   0.0000000000000000E+00   0.0000000000000000E+00   0.0000000000000000E+00   0.0000000000000000E+00   0.0000000000000000E+00
  1.6230304697417949E+01   3.9869623887743405E+03   4.5799560717659433E+03   4.9223517331300973E+03   2.1193850380685493E+04   2.4644581359941676E+03   6.7394442983105156E+00   1.4597600771194955E-01   1.4911891832083659E+00   7.4274613841359582E-01   3.8085634916385168E-03   4.1782196560521991E-03   1.0207929420136337E-03   5.0670335469628396E-02   3.0431552167028753E-01   3.4671018656486496E-01   0.0000000000000000E+00   0.0000000000000000E+00   0.0000000000000000E+00   0.0000000000000000E+00   0.0000000000000000E+00   0.0000000000000000E+00   0.0000000000000000E+00   0.0000000000000000E+00   0.0000000000000000E+00   0.0000000000000000E+00   0.0000000000000000E+00   0.0000000000000000E+00   0.0000000000000000E+00   0.0000000000000000E+00   0.0000000000000000E+00   0.0000000000000000E+00   0.0000000000000000E+00   0.0000000000000000E+00
  1.6498127249786481E+01   3.7798987484009417E+03   4.4250186599842928E+03   4.5986011734196345E+03   2.0342992143833329E+04   2.4313882544835783E+03   6.3146950691489030E+00   1.3484917517355838E-01   1.4134777331553017E+00   7.3101962524763908E-01   3.5728874555560506E-03   4.0255769395965372E-03   1.0284903501490636E-03   4.6871319843799497E-02   2.8825121998316366E-01   3.3692285326357585E-01   0.0000000000000000E+00   0.0000000000000000E+00   0.0000000000000000E+00   0.0000000000000000E+00   0.0000000000000000E+00   0.0000000000000000E+00   0.0000000000000000E+00   0.0000000000000000E+00   0.0000000000000000E+00   0.0000000000000000E+00   0.0000000000000000E+00   0.0000000000000000E+00   0.0000000000000000E+00   0.0000000000000000E+00   0.0000000000000000E+00   0.0000000000000000E+00   0.0000000000000000E+00   0.0000000000000000E+00
  1.6770659009714151E+01   3.5831468438050488E+03   4.2765731392426196E+03   4.2963669725470863E+03   1.9526337675584462E+04   2.3986542974737213E+03   5.9163172327420259E+00   1.2455949540374023E-01   1.3396368572567663E+00   7.1925347462632261E-01   3.3495792969709909E-03   3.8783015422515547E-03   1.0361205186947429E-03   4.3358337185755776E-02   2.7302519745436027E-01   3.2738755319444407E-01   0.0000000000000000E+00   0.0000000000000000E+00   0.0000000000000000E+00   0.0000000000000000E+00   0.0000000000000000E+00   0.0000000000000000E+00   0.0000000000000000E+00   0.0000000000000000E+00   0.0000000000000000E+00   0.0000000000000000E+00   0.0000000000000000E+00   0.0000000000000000E+00   0.0000000000000000E+00   0.0000000000000000E+00   0.0000000000000000E+00   0.0000000000000000E+00   0.0000000000000000E+00   0.0000000000000000E+00
  1.7047982780667805E+01   3.3962506664207731E+03   4.1342681867979245E+03   4.0142263617919698E+03   1.8742607653118881E+04   2.3662653417256211E+03   5.5427597516866571E+00   1.1504584179310678E-01   1.2694953962377498E+00   7.0745569378156403E-01   3.1381230914713718E-03   3.7361046626763384E-03   1.0436393152959183E-03   4.0109866725943896E-02   2.5859610359263718E-01   3.1810103101880455E-01   0.0000000000000000E+00   0.0000000000000000E+00   0.0000000000000000E+00   0.0000000000000000E+00   0.0000000000000000E+00   0.0000000000000000E+00   0.0000000000000000E+00   0.0000000000000000E+00   0.0000000000000000E+00   0.0000000000000000E+00   0.0000000000000000E+00   0.0000000000000000E+00   0.0000000000000000E+00   0.0000000000000000E+00   0.0000000000000000E+00   0.0000000000000000E+00   0.0000000000000000E+00   0.0000000000000000E+00
  1.7330182822073503E+01   3.2187702239620435E+03   3.9977768413255285E+03   3.7508496311162335E+03   1.7990564902239541E+04   2.3342299405830918E+03   5.1925522871122798E+00   1.0625140162398364E-01   1.2028886309542137E+00   6.9563475294782484E-01   2.9380204336757931E-03   3.5987226451561984E-03   1.0510023975513125E-03   3.7106009255666393E-02   2.4492442662152644E-01   3.0905987836424048E-01   0.0000000000000000E+00   0.0000000000000000E+00   0.0000000000000000E+00   0.0000000000000000E+00   0.0000000000000000E+00   0.0000000000000000E+00   0.0000000000000000E+00   0.0000000000000000E+00   0.0000000000000000E+00   0.0000000000000000E+00   0.0000000000000000E+00   0.0000000000000000E+00   0.0000000000000000E+00   0.0000000000000000E+00   0.0000000000000000E+00   0.0000000000000000E+00   0.0000000000000000E+00   0.0000000000000000E+00
  1.7617344874917091E+01   3.0502811592874891E+03   3.8667947607625752E+03   3.5049941151116059E+03   1.7269013323217350E+04   2.3025561370088240E+03   4.8643023257795468E+00   9.8123376834124212E-02   1.1396580408427011E+00   6.8379953629330315E-01   2.7487896698153297E-03   3.4659152493528547E-03   1.0581654781745200E-03   3.4328363990594128E-02   2.3197242731449907E-01   3.0026054921204176E-01   0.0000000000000000E+00   0.0000000000000000E+00   0.0000000000000000E+00   0.0000000000000000E+00   0.0000000000000000E+00   0.0000000000000000E+00   0.0000000000000000E+00   0.0000000000000000E+00   0.0000000000000000E+00   0.0000000000000000E+00   0.0000000000000000E+00   0.0000000000000000E+00   0.0000000000000000E+00   0.0000000000000000E+00   0.0000000000000000E+00   0.0000000000000000E+00   0.0000000000000000E+00   0.0000000000000000E+00
  1.7909556187794941E+01   2.8903743902102815E+03   3.7410385776355065E+03   3.2754985597173472E+03   1.6576796817976385E+04   2.2712514775923601E+03   4.5566922017521634E+00   9.0612705973362975E-02   1.0796510772933585E+00   6.7195928963410456E-01   2.5699651773957214E-03   3.3374639820868989E-03   1.0650846055608653E-03   3.1759914859707972E-02   2.1970407378406212E-01   2.9169937460557016E-01   0.0000000000000000E+00   0.0000000000000000E+00   0.0000000000000000E+00   0.0000000000000000E+00   0.0000000000000000E+00   0.0000000000000000E+00   0.0000000000000000E+00   0.0000000000000000E+00   0.0000000000000000E+00   0.0000000000000000E+00   0.0000000000000000E+00   0.0000000000000000E+00   0.0000000000000000E+00   0.0000000000000000E+00   0.0000000000000000E+00   0.0000000000000000E+00   0.0000000000000000E+00   0.0000000000000000E+00
  1.8206905543422746E+01   2.7386557630383381E+03   3.6202443498290322E+03   3.0612778467805097E+03   1.5912798220255007E+04   2.2403230272505084E+03   4.2684760586001769E+00   8.3673805771202758E-02   1.0227209506994366E+00   6.6012356518975290E-01   2.4010966875973832E-03   3.2131704878840999E-03   1.0717164576427656E-03   2.9384925500037407E-02   2.0808497730279057E-01   2.8337257656302273E-01   0.0000000000000000E+00   0.0000000000000000E+00   0.0000000000000000E+00   0.0000000000000000E+00   0.0000000000000000E+00   0.0000000000000000E+00   0.0000000000000000E+00   0.0000000000000000E+00   0.0000000000000000E+00   0.0000000000000000E+00   0.0000000000000000E+00   0.0000000000000000E+00   0.0000000000000000E+00   0.0000000000000000E+00   0.0000000000000000E+00   0.0000000000000000E+00   0.0000000000000000E+00   0.0000000000000000E+00
  1.8509483285610397E+01   2.5947457135354398E+03   3.5041661033961532E+03   2.8613180545933947E+03   1.5275938230855567E+04   2.2097773843936357E+03   3.9984767894673876E+00   7.7264330826442448E-02   9.6872642971891176E-01   6.4830216363503845E-01   2.2417486468763069E-03   3.0928549943757492E-03   1.0780186462656903E-03   2.7188842281498246E-02   1.9708232918552779E-01   2.7527628104547375E-01   0.0000000000000000E+00   0.0000000000000000E+00   0.0000000000000000E+00   0.0000000000000000E+00   0.0000000000000000E+00   0.0000000000000000E+00   0.0000000000000000E+00   0.0000000000000000E+00   0.0000000000000000E+00   0.0000000000000000E+00   0.0000000000000000E+00   0.0000000000000000E+00   0.0000000000000000E+00   0.0000000000000000E+00   0.0000000000000000E+00   0.0000000000000000E+00   0.0000000000000000E+00   0.0000000000000000E+00
  1.8817381346711212E+01   2.4582789341837533E+03   3.3925744677848179E+03   2.6746718340287489E+03   1.4665174358287130E+04   2.1796206957886748E+03   3.7455829851955080E+00   7.1344950169547838E-02   9.1753165272054171E-01   6.3650507451867033E-01   2.0914996198684696E-03   2.9763548129657881E-03   1.0839500287916667E-03   2.5158204782994444E-02   1.8666483904407233E-01   2.6740653018700533E-01   0.0000000000000000E+00   0.0000000000000000E+00   0.0000000000000000E+00   0.0000000000000000E+00   0.0000000000000000E+00   0.0000000000000000E+00   0.0000000000000000E+00   0.0000000000000000E+00   0.0000000000000000E+00   0.0000000000000000E+00   0.0000000000000000E+00   0.0000000000000000E+00   0.0000000000000000E+00   0.0000000000000000E+00   0.0000000000000000E+00   0.0000000000000000E+00   0.0000000000000000E+00   0.0000000000000000E+00
  1.9130693275553778E+01   2.3289040422607532E+03   3.2852553974294101E+03   2.5004540806569530E+03   1.4079499867560189E+04   2.1498586712024994E+03   3.5087459144745465E+00   6.5879139365475167E-02   8.6900594951155730E-01   6.2474241507880424E-01   1.9499417303428120E-03   2.8635228899440506E-03   1.0894710228701097E-03   2.3280563117634660E-02   1.7680267431248620E-01   2.5975929354572691E-01   0.0000000000000000E+00   0.0000000000000000E+00   0.0000000000000000E+00   0.0000000000000000E+00   0.0000000000000000E+00   0.0000000000000000E+00   0.0000000000000000E+00   0.0000000000000000E+00   0.0000000000000000E+00   0.0000000000000000E+00   0.0000000000000000E+00   0.0000000000000000E+00   0.0000000000000000E+00   0.0000000000000000E+00   0.0000000000000000E+00   0.0000000000000000E+00   0.0000000000000000E+00   0.0000000000000000E+00
  1.9449514265864938E+01   2.2062832498005023E+03   3.1820089799543789E+03   2.3378378846617011E+03   1.3517942737318890E+04   2.1204965970478033E+03   3.2869765552001828E+00   6.0832987103067025E-02   8.2302367347010497E-01   6.1302436875167809E-01   1.8166801439142212E-03   2.7542264099493065E-03   1.0945439201473916E-03   2.1544401615556055E-02   1.6746740135538862E-01   2.5233047866270863E-01   0.0000000000000000E+00   0.0000000000000000E+00   0.0000000000000000E+00   0.0000000000000000E+00   0.0000000000000000E+00   0.0000000000000000E+00   0.0000000000000000E+00   0.0000000000000000E+00   0.0000000000000000E+00   0.0000000000000000E+00   0.0000000000000000E+00   0.0000000000000000E+00   0.0000000000000000E+00   0.0000000000000000E+00   0.0000000000000000E+00   0.0000000000000000E+00   0.0000000000000000E+00   0.0000000000000000E+00
  1.9773941185192562E+01   2.0900920331475900E+03   3.0826483264076487E+03   2.1860507412437883E+03   1.2979564627311771E+04   2.0915393488138848E+03   3.0793426918231748E+00   5.6175015169330197E-02   7.7946404281809145E-01   6.0136112382964890E-01   1.6913325919181914E-03   2.6483454500600473E-03   1.0991331940097819E-03   1.9939068363096557E-02   1.5863192815905636E-01   2.4511594086736813E-01   0.0000000000000000E+00   0.0000000000000000E+00   0.0000000000000000E+00   0.0000000000000000E+00   0.0000000000000000E+00   0.0000000000000000E+00   0.0000000000000000E+00   0.0000000000000000E+00   0.0000000000000000E+00   0.0000000000000000E+00   0.0000000000000000E+00   0.0000000000000000E+00   0.0000000000000000E+00   0.0000000000000000E+00   0.0000000000000000E+00   0.0000000000000000E+00   0.0000000000000000E+00   0.0000000000000000E+00
  2.0104072604336857E+01   1.9800187997628975E+03   2.9869985379187406E+03   2.0443710050759457E+03   1.2463459858418890E+04   2.0629914024199338E+03   2.8849660900275622E+00   5.1876010779717763E-02   7.3821098960171694E-01   5.8976281252328078E-01   1.5735289352030808E-03   2.5457716826079355E-03   1.1032057961494772E-03   1.8454710126914773E-02   1.5027044854235921E-01   2.3811149221259675E-01   0.0000000000000000E+00   0.0000000000000000E+00   0.0000000000000000E+00   0.0000000000000000E+00   0.0000000000000000E+00   0.0000000000000000E+00   0.0000000000000000E+00   0.0000000000000000E+00   0.0000000000000000E+00   0.0000000000000000E+00   0.0000000000000000E+00   0.0000000000000000E+00   0.0000000000000000E+00   0.0000000000000000E+00   0.0000000000000000E+00   0.0000000000000000E+00   0.0000000000000000E+00   0.0000000000000000E+00
  2.0440008827299181E+01   1.8757645536870493E+03   2.8948957470816808E+03   1.9121245736422040E+03   1.1968754406024435E+04   2.0348568438965965E+03   2.7030197573133568E+00   4.7908870407224656E-02   6.9915301612105285E-01   5.7823945146147204E-01   1.4629107701518414E-03   2.4464071292948108E-03   1.1067314367573136E-03   1.7082212265823488E-02   1.4235838806660384E-01   2.3131290973399343E-01   0.0000000000000000E+00   0.0000000000000000E+00   0.0000000000000000E+00   0.0000000000000000E+00   0.0000000000000000E+00   0.0000000000000000E+00   0.0000000000000000E+00   0.0000000000000000E+00   0.0000000000000000E+00   0.0000000000000000E+00   0.0000000000000000E+00   0.0000000000000000E+00   0.0000000000000000E+00   0.0000000000000000E+00   0.0000000000000000E+00   0.0000000000000000E+00   0.0000000000000000E+00   0.0000000000000000E+00
  2.0781851921757479E+01   1.7770425590074772E+03   2.8061862295915525E+03   1.7886817849538356E+03   1.1494604908564286E+04   2.0071393773409454E+03   2.5327252956527930E+00   4.4248454256666389E-02   6.6218305778965325E-01   5.6680088407809259E-01   1.3591310761859661E-03   2.3501629672634809E-03   1.1096828430454098E-03   1.5813143235556375E-02   1.3487235162972949E-01   2.2471594302245299E-01   0.0000000000000000E+00   0.0000000000000000E+00   0.0000000000000000E+00   0.0000000000000000E+00   0.0000000000000000E+00   0.0000000000000000E+00   0.0000000000000000E+00   0.0000000000000000E+00   0.0000000000000000E+00   0.0000000000000000E+00   0.0000000000000000E+00   0.0000000000000000E+00   0.0000000000000000E+00   0.0000000000000000E+00   0.0000000000000000E+00   0.0000000000000000E+00   0.0000000000000000E+00   0.0000000000000000E+00
  2.1129705750077530E+01   1.6835780007639451E+03   2.7207255811857603E+03   1.6734545160866937E+03   1.1040197693051468E+04   1.9798423312405976E+03   2.3733503503748081E+00   4.0871450589354943E-02   6.2719835136248081E-01   5.5545672521052891E-01   1.2618539033941946E-03   2.2569583879555248E-03   1.1120359908303003E-03   1.4639703321605290E-02   1.2779007270671966E-01   2.1831632106176835E-01   0.0000000000000000E+00   0.0000000000000000E+00   0.0000000000000000E+00   0.0000000000000000E+00   0.0000000000000000E+00   0.0000000000000000E+00   0.0000000000000000E+00   0.0000000000000000E+00   0.0000000000000000E+00   0.0000000000000000E+00   0.0000000000000000E+00   0.0000000000000000E+00   0.0000000000000000E+00   0.0000000000000000E+00   0.0000000000000000E+00   0.0000000000000000E+00   0.0000000000000000E+00   0.0000000000000000E+00
  2.1483676000869529E+01   1.5951076456878811E+03   2.6383779589193477E+03   1.5658934698946889E+03   1.0604747818292453E+04   1.9529686625647942E+03   2.2242061580715444E+00   3.7756249246230160E-02   5.9410030852937457E-01   5.4421630895987549E-01   1.1707541013265298E-03   2.1667195137405936E-03   1.1137703046470615E-03   1.3554677291196811E-02   1.2109036439868945E-01   2.1210975859413619E-01   0.0000000000000000E+00   0.0000000000000000E+00   0.0000000000000000E+00   0.0000000000000000E+00   0.0000000000000000E+00   0.0000000000000000E+00   0.0000000000000000E+00   0.0000000000000000E+00   0.0000000000000000E+00   0.0000000000000000E+00   0.0000000000000000E+00   0.0000000000000000E+00   0.0000000000000000E+00   0.0000000000000000E+00   0.0000000000000000E+00   0.0000000000000000E+00   0.0000000000000000E+00   0.0000000000000000E+00
  2.1843870221099497E+01   1.5113795019506283E+03   2.5590153814130840E+03   1.4654856378935783E+03   1.0187498137732904E+04   1.9265209589285960E+03   2.0846451947907250E+00   3.4882823674784756E-02   5.6279439373300655E-01   5.3308863993051858E-01   1.0855170857007614E-03   2.0793783734904532E-03   1.1148688219701874E-03   1.2551390645727911E-02   1.1475307219190639E-01   2.0609196192447848E-01   0.0000000000000000E+00   0.0000000000000000E+00   0.0000000000000000E+00   0.0000000000000000E+00   0.0000000000000000E+00   0.0000000000000000E+00   0.0000000000000000E+00   0.0000000000000000E+00   0.0000000000000000E+00   0.0000000000000000E+00   0.0000000000000000E+00   0.0000000000000000E+00   0.0000000000000000E+00   0.0000000000000000E+00   0.0000000000000000E+00   0.0000000000000000E+00   0.0000000000000000E+00   0.0000000000000000E+00
  2.2210397848765343E+01   1.4321524773177960E+03   2.4825170827604074E+03   1.3717519280390225E+03   9.7877183840757207E+03   1.9005014390274291E+03   1.9540589247298366E+00   3.2232620833842013E-02   5.3319000521560400E-01   5.2208234782668184E-01   1.0058386394139461E-03   1.9948719385092456E-03   1.1153183175159039E-03   1.1623669182330636E-02   1.0875902832947487E-01   2.0025863406745276E-01   0.0000000000000000E+00   0.0000000000000000E+00   0.0000000000000000E+00   0.0000000000000000E+00   0.0000000000000000E+00   0.0000000000000000E+00   0.0000000000000000E+00   0.0000000000000000E+00   0.0000000000000000E+00   0.0000000000000000E+00   0.0000000000000000E+00   0.0000000000000000E+00   0.0000000000000000E+00   0.0000000000000000E+00   0.0000000000000000E+00   0.0000000000000000E+00   0.0000000000000000E+00   0.0000000000000000E+00
  2.2583370246147449E+01   1.3571960389438816E+03   2.4087689206464693E+03   1.2842449469357659E+03   9.4047042756976753E+03   1.8749119508098368E+03   1.8318756491045178E+00   2.9788458491432520E-02   5.0520035968200960E-01   5.1120564655576139E-01   9.3142474746621266E-04   1.9131412254508430E-03   1.1151093853717937E-03   1.0765801632498968E-02   1.0309000798426099E-01   1.9460547959093863E-01   0.0000000000000000E+00   0.0000000000000000E+00   0.0000000000000000E+00   0.0000000000000000E+00   0.0000000000000000E+00   0.0000000000000000E+00   0.0000000000000000E+00   0.0000000000000000E+00   0.0000000000000000E+00   0.0000000000000000E+00   0.0000000000000000E+00   0.0000000000000000E+00   0.0000000000000000E+00   0.0000000000000000E+00   0.0000000000000000E+00   0.0000000000000000E+00   0.0000000000000000E+00   0.0000000000000000E+00
  2.2962900733643963E+01   1.2862898730406760E+03   2.3376628322063739E+03   1.2025469266034675E+03   9.0377766477879068E+03   1.8497539680784666E+03   1.7175584538568558E+00   2.7534429350766519E-02   4.7874237934076291E-01   5.0046629735224279E-01   8.6199145968872491E-04   1.8341304661545754E-03   1.1142364764642968E-03   9.9725051175867125E-03   9.7728687039567885E-02   1.8912820893473364E-01   0.0000000000000000E+00   0.0000000000000000E+00   0.0000000000000000E+00   0.0000000000000000E+00   0.0000000000000000E+00   0.0000000000000000E+00   0.0000000000000000E+00   0.0000000000000000E+00   0.0000000000000000E+00   0.0000000000000000E+00   0.0000000000000000E+00   0.0000000000000000E+00   0.0000000000000000E+00   0.0000000000000000E+00   0.0000000000000000E+00   0.0000000000000000E+00   0.0000000000000000E+00   0.0000000000000000E+00
  2.3349104624200962E+01   1.2192235460593665E+03   2.2690963367782961E+03   1.1262677863113724E+03   8.6862806074630080E+03   1.8250285849631230E+03   1.6106032543759901E+00   2.5455811570078736E-02   4.5373658134273687E-01   4.8987157655828695E-01   7.9726477818759173E-04   1.7577863488581556E-03   1.1126978908325622E-03   9.2388932155968752E-03   9.2658601552620526E-02   1.8382254240015500E-01   0.0000000000000000E+00   0.0000000000000000E+00   0.0000000000000000E+00   0.0000000000000000E+00   0.0000000000000000E+00   0.0000000000000000E+00   0.0000000000000000E+00   0.0000000000000000E+00   0.0000000000000000E+00   0.0000000000000000E+00   0.0000000000000000E+00   0.0000000000000000E+00   0.0000000000000000E+00   0.0000000000000000E+00   0.0000000000000000E+00   0.0000000000000000E+00   0.0000000000000000E+00   0.0000000000000000E+00
  2.3742099258348059E+01   1.1557961657158128E+03   2.2029720808413808E+03   1.0550433212329137E+03   8.3495847196622726E+03   1.8007365098076389E+03   1.5105369357261997E+00   2.3538985214265028E-02   4.3010696887126065E-01   4.7942824749671786E-01   7.3698056288139246E-04   1.6840573306982568E-03   1.1104957247104741E-03   8.5604464212754913E-03   8.7864108748590422E-02   1.7868421365829795E-01   0.0000000000000000E+00   0.0000000000000000E+00   0.0000000000000000E+00   0.0000000000000000E+00   0.0000000000000000E+00   0.0000000000000000E+00   0.0000000000000000E+00   0.0000000000000000E+00   0.0000000000000000E+00   0.0000000000000000E+00   0.0000000000000000E+00   0.0000000000000000E+00   0.0000000000000000E+00   0.0000000000000000E+00   0.0000000000000000E+00   0.0000000000000000E+00   0.0000000000000000E+00   0.0000000000000000E+00
  2.4142004039850040E+01   1.0958160465157011E+03   2.1391974329644281E+03   9.8853350826452800E+02   8.0270802090964735E+03   1.7768780540580435E+03   1.4169155844636609E+00   2.1771354359373950E-02   4.0778092523443066E-01   4.6914253883191481E-01   6.8088445469328929E-04   1.6128930314920399E-03   1.1076357759878422E-03   7.9329848723711880E-03   8.3330349957624436E-02   1.7370897351385514E-01   0.0000000000000000E+00   0.0000000000000000E+00   0.0000000000000000E+00   0.0000000000000000E+00   0.0000000000000000E+00   0.0000000000000000E+00   0.0000000000000000E+00   0.0000000000000000E+00   0.0000000000000000E+00   0.0000000000000000E+00   0.0000000000000000E+00   0.0000000000000000E+00   0.0000000000000000E+00   0.0000000000000000E+00   0.0000000000000000E+00   0.0000000000000000E+00   0.0000000000000000E+00   0.0000000000000000E+00
  2.4548940471985365E+01   1.0391003592551208E+03   2.0776841024715341E+03   9.2642092491729977E+02   7.7181802291055656E+03   1.7534531294537351E+03   1.3293228149187872E+00   2.0141274159676106E-02   3.8668910597475425E-01   4.5902012208778525E-01   6.2873179248720931E-04   1.5442436838698796E-03   1.1041274076642492E-03   7.3526430081790224E-03   7.9043214152948654E-02   1.6889259176572943E-01   0.0000000000000000E+00   0.0000000000000000E+00   0.0000000000000000E+00   0.0000000000000000E+00   0.0000000000000000E+00   0.0000000000000000E+00   0.0000000000000000E+00   0.0000000000000000E+00   0.0000000000000000E+00   0.0000000000000000E+00   0.0000000000000000E+00   0.0000000000000000E+00   0.0000000000000000E+00   0.0000000000000000E+00   0.0000000000000000E+00   0.0000000000000000E+00   0.0000000000000000E+00   0.0000000000000000E+00
  2.4963032194462574E+01   9.8547479643368786E+02   2.0183478666446924E+03   8.6840926146651611E+02   7.4223190664683234E+03   1.7304612144578630E+03   1.2473681749395549E+00   1.8637983412784765E-02   3.6676534153314266E-01   4.4906610768591126E-01   5.8028755244604179E-04   1.4780597081261889E-03   1.0999833949935829E-03   6.8158464471373007E-03   7.4989305581155158E-02   1.6423086294972009E-01   0.0000000000000000E+00   0.0000000000000000E+00   0.0000000000000000E+00   0.0000000000000000E+00   0.0000000000000000E+00   0.0000000000000000E+00   0.0000000000000000E+00   0.0000000000000000E+00   0.0000000000000000E+00   0.0000000000000000E+00   0.0000000000000000E+00   0.0000000000000000E+00   0.0000000000000000E+00   0.0000000000000000E+00   0.0000000000000000E+00   0.0000000000000000E+00   0.0000000000000000E+00   0.0000000000000000E+00
  2.5384405020985806E+01   9.3477309127575722E+02   1.9611082852024772E+03   8.1422195148919752E+02   7.1389517143362309E+03   1.7079013927893147E+03   1.1706856881132583E+00   1.7251540635188564E-02   3.4794652404962179E-01   4.3928500913366619E-01   5.3532617045630925E-04   1.4142912470131767E-03   1.0952197623792809E-03   6.3192900057304300E-03   7.1155907640451724E-02   1.5971960165917234E-01   0.0000000000000000E+00   0.0000000000000000E+00   0.0000000000000000E+00   0.0000000000000000E+00   0.0000000000000000E+00   0.0000000000000000E+00   0.0000000000000000E+00   0.0000000000000000E+00   0.0000000000000000E+00   0.0000000000000000E+00   0.0000000000000000E+00   0.0000000000000000E+00   0.0000000000000000E+00   0.0000000000000000E+00   0.0000000000000000E+00   0.0000000000000000E+00   0.0000000000000000E+00   0.0000000000000000E+00
  2.5813186977480850E+01   8.8683690678771040E+02   1.9058883675009617E+03   7.6360079698967945E+02   6.8675527945864715E+03   1.6857722548821177E+03   1.0989323569327134E+00   1.5972765452690302E-02   3.3017251409383808E-01   4.2968077163053092E-01   4.9363164352324122E-04   1.3528879266801370E-03   1.0898554544527654E-03   5.8599181980773223E-03   6.7530955651505908E-02   1.5535465292868286E-01   0.0000000000000000E+00   0.0000000000000000E+00   0.0000000000000000E+00   0.0000000000000000E+00   0.0000000000000000E+00   0.0000000000000000E+00   0.0000000000000000E+00   0.0000000000000000E+00   0.0000000000000000E+00   0.0000000000000000E+00   0.0000000000000000E+00   0.0000000000000000E+00   0.0000000000000000E+00   0.0000000000000000E+00   0.0000000000000000E+00   0.0000000000000000E+00   0.0000000000000000E+00   0.0000000000000000E+00
  2.6249508340993309E+01   8.4152287314816613E+02   1.8526113002986640E+03   7.1630738816161113E+02   6.6076244978147352E+03   1.6640724235752527E+03   1.0317891739538552E+00   1.4793227280432577E-02   3.1338663254840549E-01   4.2025733747437211E-01   4.5500266250525815E-04   1.2938014143477681E-03   1.0839086044889912E-03   5.4349258046993663E-03   6.4103155097816999E-02   1.5113208181994930E-01   0.0000000000000000E+00   0.0000000000000000E+00   0.0000000000000000E+00   0.0000000000000000E+00   0.0000000000000000E+00   0.0000000000000000E+00   0.0000000000000000E+00   0.0000000000000000E+00   0.0000000000000000E+00   0.0000000000000000E+00   0.0000000000000000E+00   0.0000000000000000E+00   0.0000000000000000E+00   0.0000000000000000E+00   0.0000000000000000E+00   0.0000000000000000E+00   0.0000000000000000E+00   0.0000000000000000E+00
  2.6693501679270760E+01   7.9868478864776591E+02   1.8012013552944873E+03   6.7211298994449544E+02   6.3586617087669511E+03   1.6428004078836773E+03   9.6894895660452551E-01   1.3704998238577562E-02   2.9753320094244590E-01   4.1101666030508610E-01   4.1923912869489758E-04   1.2369748830308800E-03   1.0774027927291890E-03   5.0416525097786036E-03   6.0861323358708759E-02   1.4704755350682730E-01   0.0000000000000000E+00   0.0000000000000000E+00   0.0000000000000000E+00   0.0000000000000000E+00   0.0000000000000000E+00   0.0000000000000000E+00   0.0000000000000000E+00   0.0000000000000000E+00   0.0000000000000000E+00   0.0000000000000000E+00   0.0000000000000000E+00   0.0000000000000000E+00   0.0000000000000000E+00   0.0000000000000000E+00   0.0000000000000000E+00   0.0000000000000000E+00   0.0000000000000000E+00   0.0000000000000000E+00
  2.7145301891040880E+01   7.5819842276081147E+02   1.7516007943384645E+03   6.3081969116173161E+02   6.1202468746283512E+03   1.6219518571191168E+03   9.1014720944217864E-01   1.2701155602008440E-02   2.8256374264866790E-01   4.0196358812285932E-01   3.8616280892866261E-04   1.1823707671090025E-03   1.0703624893366411E-03   4.6778194676160246E-03   5.7796107835039190E-02   1.4309779480999799E-01   0.0000000000000000E+00   0.0000000000000000E+00   0.0000000000000000E+00   0.0000000000000000E+00   0.0000000000000000E+00   0.0000000000000000E+00   0.0000000000000000E+00   0.0000000000000000E+00   0.0000000000000000E+00   0.0000000000000000E+00   0.0000000000000000E+00   0.0000000000000000E+00   0.0000000000000000E+00   0.0000000000000000E+00   0.0000000000000000E+00   0.0000000000000000E+00   0.0000000000000000E+00   0.0000000000000000E+00
  2.7605046246997787E+01   7.1989779273930355E+02   1.7037104561875926E+03   5.9219590434778411E+02   5.8917641037816848E+03   1.6015285400766115E+03   8.5506700807105906E-01   1.1774165369634592E-02   2.6841863645854380E-01   3.9309161847485702E-01   3.5556522943782292E-04   1.1298876050086883E-03   1.0628188474188312E-03   4.3407905871806251E-03   5.4894867722214573E-02   1.3927636530744256E-01   0.0000000000000000E+00   0.0000000000000000E+00   0.0000000000000000E+00   0.0000000000000000E+00   0.0000000000000000E+00   0.0000000000000000E+00   0.0000000000000000E+00   0.0000000000000000E+00   0.0000000000000000E+00   0.0000000000000000E+00   0.0000000000000000E+00   0.0000000000000000E+00   0.0000000000000000E+00   0.0000000000000000E+00   0.0000000000000000E+00   0.0000000000000000E+00   0.0000000000000000E+00   0.0000000000000000E+00
  2.8072874431509074E+01   6.8376841787938133E+02   1.6575661847702083E+03   5.5616510026601713E+02   5.6732724405205445E+03   1.5815119702482255E+03   8.0361781436158675E-01   1.0920436577462510E-02   2.5508158074917470E-01   3.8442657870506619E-01   3.2736216512957867E-04   1.0796133678606563E-03   1.0547905830251007E-03   4.0296810803035063E-03   5.2156905945416852E-02   1.3558659667337461E-01   0.0000000000000000E+00   0.0000000000000000E+00   0.0000000000000000E+00   0.0000000000000000E+00   0.0000000000000000E+00   0.0000000000000000E+00   0.0000000000000000E+00   0.0000000000000000E+00   0.0000000000000000E+00   0.0000000000000000E+00   0.0000000000000000E+00   0.0000000000000000E+00   0.0000000000000000E+00   0.0000000000000000E+00   0.0000000000000000E+00   0.0000000000000000E+00   0.0000000000000000E+00   0.0000000000000000E+00
  2.8548928585056196E+01   6.4941578528048092E+02   1.6128422861940614E+03   5.2229018578018577E+02   5.4630773176120047E+03   1.5619362267085512E+03   7.5517409067489238E-01   1.0127940284741075E-02   2.4242959426571478E-01   3.7590340376457770E-01   3.0117772179752720E-04   1.0311176509773228E-03   1.0463267428919476E-03   3.7396384360807002E-03   4.9551525008740910E-02   1.3200504847836719E-01   0.0000000000000000E+00   0.0000000000000000E+00   0.0000000000000000E+00   0.0000000000000000E+00   0.0000000000000000E+00   0.0000000000000000E+00   0.0000000000000000E+00   0.0000000000000000E+00   0.0000000000000000E+00   0.0000000000000000E+00   0.0000000000000000E+00   0.0000000000000000E+00   0.0000000000000000E+00   0.0000000000000000E+00   0.0000000000000000E+00   0.0000000000000000E+00   0.0000000000000000E+00   0.0000000000000000E+00
  2.9031224061195065E+01   6.1781236223983444E+02   1.5705590026484103E+03   4.9145922639756287E+02   5.2661443175710856E+03   1.5427452489732784E+03   7.1106274310566986E-01   9.4156798263693737E-03   2.3073589327251209E-01   3.6778345372277355E-01   2.7767027219937089E-04   9.8583501037309324E-04   1.0374296069744608E-03   3.4798773403832074E-03   4.7155689836131935E-02   1.2860875923698448E-01   0.0000000000000000E+00   0.0000000000000000E+00   0.0000000000000000E+00   0.0000000000000000E+00   0.0000000000000000E+00   0.0000000000000000E+00   0.0000000000000000E+00   0.0000000000000000E+00   0.0000000000000000E+00   0.0000000000000000E+00   0.0000000000000000E+00   0.0000000000000000E+00   0.0000000000000000E+00   0.0000000000000000E+00   0.0000000000000000E+00   0.0000000000000000E+00   0.0000000000000000E+00   0.0000000000000000E+00
  2.9515612030597531E+01   5.8627279732826298E+02   1.5284220101292062E+03   4.6093208694780799E+02   5.0692250129053036E+03   1.5244086529075382E+03   6.6723469469230201E-01   8.7212805882226890E-03   2.1926295876595472E-01   3.5948325593401198E-01   2.5478785889342695E-04   9.4019827882883074E-04   1.0284824843282225E-03   3.2214259255393669E-03   4.4756295065369489E-02   1.2523193273356531E-01   0.0000000000000000E+00   0.0000000000000000E+00   0.0000000000000000E+00   0.0000000000000000E+00   0.0000000000000000E+00   0.0000000000000000E+00   0.0000000000000000E+00   0.0000000000000000E+00   0.0000000000000000E+00   0.0000000000000000E+00   0.0000000000000000E+00   0.0000000000000000E+00   0.0000000000000000E+00   0.0000000000000000E+00   0.0000000000000000E+00   0.0000000000000000E+00   0.0000000000000000E+00   0.0000000000000000E+00
  3.0000000000000000E+01   5.5718842839866977E+02   1.4885715197423133E+03   4.3311159285180582E+02   4.8848373557871801E+03   1.5066519430029373E+03   6.2726358567278140E-01   8.0961925842348310E-03   2.0866011366381348E-01   3.5156091307696530E-01   2.3423676528415668E-04   8.9752343236955390E-04   1.0192277543184228E-03   2.9890213095710230E-03   4.2543405616424460E-02   1.2203093539527349E-01   0.0000000000000000E+00   0.0000000000000000E+00   0.0000000000000000E+00   0.0000000000000000E+00   0.0000000000000000E+00   0.0000000000000000E+00   0.0000000000000000E+00   0.0000000000000000E+00   0.0000000000000000E+00   0.0000000000000000E+00   0.0000000000000000E+00   0.0000000000000000E+00   0.0000000000000000E+00   0.0000000000000000E+00   0.0000000000000000E+00   0.0000000000000000E+00   0.0000000000000000E+00   0.0000000000000000E+00
