# NIST ASD Fe I lines (E1+forbidden, with energies/g). Fetched 1500-13000 A.
# Type blank = E1 (permitted); downstream keeps blank-Type rows that carry an Aki.
obs_wl_vac(A)	ritz_wl_vac(A)	Aki(s^-1)	Acc	Ei(cm-1)	Ek(cm-1)	conf_i	term_i	J_i	conf_k	term_k	J_k	g_i	g_k	Type	
"1704.320"	"1704.31908"	""		"0.000"	"58674.459"	"3d6.4s2"	"a 5D"	"4"	"3d6.4s.(4D).5p"	"5P*"	"3"	9	7		
"1704.845"	"1704.84988"	""		"704.007"	"59360.198"	"3d6.4s2"	"a 5D"	"2"	"3d6.4s.(4D).5p"	"5P*"	"1"	5	3		
"1709.944"	"1709.94828"	""		"0.000"	"58481.301"	"3d6.4s2"	"a 5D"	"4"	"3d6.4s.(4D).5p"	"5F*"	"4"	9	9		
"1710.216"	"1710.21835"	""		"888.132"	"59360.198"	"3d6.4s2"	"a 5D"	"1"	"3d6.4s.(4D).5p"	"5P*"	"1"	3	3		
"1712.289"	"1712.29097"	""		"704.007"	"59105.296"	"3d6.4s2"	"a 5D"	"2"	"3d6.4s.(4D).5p"	"5P*"	"2"	5	5		
"1712.852"	"1712.85306"	""		"978.074"	"59360.198"	"3d6.4s2"	"a 5D"	"0"	"3d6.4s.(4D).5p"	"5P*"	"1"	1	3		
"1716.486"	"1716.48696"	""		"415.933"	"58674.459"	"3d6.4s2"	"a 5D"	"3"	"3d6.4s.(4D).5p"	"5P*"	"3"	7	7		
"1717.703"	"1717.70648"	""		"888.132"	"59105.296"	"3d6.4s2"	"a 5D"	"1"	"3d6.4s.(4D).5p"	"5P*"	"2"	3	5		
"1718.148"	"1718.15080"	""		"704.007"	"58906.116"	"3d6.4s2"	"a 5D"	"2"	"3d6.4s.(4D).5p"	"5F*"	"2"	5	5		
"1719.777"	"1719.77897"	""		"0.000"	"58147.007"	"3d6.4s2"	"a 5D"	"4"	"3d6.4s.(4D).5p"	"5F*"	"5"	9	11		
"1721.484"	"1721.48536"	""		"888.132"	"58977.502"	"3d6.4s2"	"a 5D"	"1"	"3d6.4s.(4D).5p"	"5F*"	"1"	3	3		
"1722.195"	"1722.19696"	""		"415.933"	"58481.301"	"3d6.4s2"	"a 5D"	"3"	"3d6.4s.(4D).5p"	"5F*"	"4"	7	9		
"1722.542"	"1722.54544"	""		"704.007"	"58757.628"	"3d6.4s2"	"a 5D"	"2"	"3d6.4s.(4D).5p"	"5F*"	"3"	5	7		
"1723.141"	"1723.14249"	""		"0.000"	"58033.506"	"3d6.4s2"	"a 5D"	"4"	"3d6.4s.(4D).5p"	"5D*"	"3"	9	7		
"1725.011"	"1725.01674"	""		"704.007"	"58674.459"	"3d6.4s2"	"a 5D"	"2"	"3d6.4s.(4D).5p"	"5P*"	"3"	5	7		
"1726.678"	"1726.67928"	""		"415.933"	"58330.568"	"3d6.4s2"	"a 5D"	"3"	"3d6.4s.(4D).5p"	"5D*"	"2"	7	5		
"1729.616"	"1729.6251"	""		"704.007"	"58520.003"	"3d6.4s2"	"a 5D"	"2"	"3d6.4s.(4D).5p"	"5D*"	"1"	5	3		
"1731.184"	"1731.18733"	""		"0.000"	"57763.824"	"3d6.4s2"	"a 5D"	"4"	"3d6.4s.(4D).5p"	"5D*"	"4"	9	9		
"1735.576"	"1735.58161"	""		"415.933"	"58033.506"	"3d6.4s2"	"a 5D"	"3"	"3d6.4s.(4D).5p"	"5D*"	"3"	7	7		
"1757.829"	"1757.82690"	""		"0.000"	"56888.423"	"3d6.4s2"	"a 5D"	"4"	"3d6.4s.(6D).6p"	"7P*"	"3"	9	7		
"1758.355"	"1758.35476"	""		"0.000"	"56871.345"	"3d6.4s2"	"a 5D"	"4"	"3d6.4s.(6D).6p"	"5P*"	"3"	9	7		
"1758.443"	"1758.44254"	""		"704.007"	"57572.513"	"3d6.4s2"	"a 5D"	"2"	"3d6.4s.(6D).6p"	"5F*"	"2"	5	5		
"1758.914"	"1758.91161"	""		"888.132"	"57741.472"	"3d6.4s2"	"a 5D"	"1"	"3d6.4s.(6D).6p"	"5P*"	"1"	3	3		
"1761.700"	"1761.69862"	""		"978.074"	"57741.472"	"3d6.4s2"	"a 5D"	"0"	"3d6.4s.(6D).6p"	"5P*"	"1"	1	3		
"1762.037"	"1762.03387"	""		"415.933"	"57168.531"	"3d6.4s2"	"a 5D"	"3"	"3d6.4s.(6D).6p"	"5D*"	"3"	7	7		
"1762.666"	"1762.66321"	""		"0.000"	"56732.335"	"3d6.4s2"	"a 5D"	"4"	"3d6.4s.(6D).6p"	"5D*"	"4"	9	9		
"1762.910"	"1762.90696"	""		"415.933"	"57140.424"	"3d6.4s2"	"a 5D"	"3"	"3d6.4s.(6D).6p"	"7F*"	"2"	7	5		
"1763.304"	"1763.30302"	""		"704.007"	"57415.757"	"3d6.4s2"	"a 5D"	"2"	"3d6.4s.(6D).6p"	"5D*"	"2"	5	5		
"1763.444"	"1763.44189"	""		"0.000"	"56707.284"	"3d6.4s2"	"a 5D"	"4"	"3d6.4s.(6D).6p"	"5F*"	"5"	9	11		
"1764.156"	"1764.15440"	""		"888.132"	"57572.513"	"3d6.4s2"	"a 5D"	"1"	"3d6.4s.(6D).6p"	"5F*"	"2"	3	5		
"1765.275"	"1765.27452"	""		"415.933"	"57064.346"	"3d6.4s2"	"a 5D"	"3"	"3d6.4s.(6D).6p"	"5F*"	"4"	7	9		
"1765.471"	"1765.46999"	""		"704.007"	"57346.148"	"3d6.4s2"	"a 5D"	"2"	"3d6.(3D).4s.4p.(1P*)"	"3D*"	"3"	5	7		
"1765.542"	"1765.54230"	""		"704.007"	"57343.828"	"3d6.4s2"	"a 5D"	"2"	"3d6.4s.(6D).6p"	"5F*"	"3"	5	7		
"1768.611"	"1768.60943"	""		"0.000"	"56541.596"	"3d6.4s2"	"a 5D"	"4"	"3d6.4s.(6D).6p"	"7P*"	"4"	9	9		
"1769.385"	"1769.38714"	""		"0.000"	"56516.744"	"3d6.4s2"	"a 5D"	"4"	"3d6.4s.(6D).6p"	"7D*"	"4"	9	9		
"1769.820"	"1769.81888"	""		"0.000"	"56502.957"	"3d6.4s2"	"a 5D"	"4"	"3d6.4s.(6D).6p"	"7F*"	"5"	9	11		
"1775.684"	"1775.68162"	""		"415.933"	"56732.335"	"3d6.4s2"	"a 5D"	"3"	"3d6.4s.(6D).6p"	"5D*"	"4"	7	9		
"1841.582"	"1841.57518"	""		"0.000"	"54301.340"	"3d6.4s2"	"a 5D"	"4"	"3d6.(3D).4s.4p.(3P*)"	"5D*"	"4"	9	9		
"1841.9939"	"1841.99262"	""		"0.000"	"54289.034"	"3d6.4s2"	"a 5D"	"4"	"3d7.(4F).5p"	"3F*"	"3"	9	7		
"1847.9265"	"1847.92604"	""		"415.933"	"54530.653"	"3d6.4s2"	"a 5D"	"3"	"3d7.(4F).5p"	"5D*"	"2"	7	5		
"1848.318"	"1848.31804"	""		"704.007"	"54807.250"	"3d6.4s2"	"a 5D"	"2"	"3d7.(4F).5p"	"3D*"	"1"	5	3		
"1851.248"	"1851.24913"	""		"0.000"	"54017.581"	"3d6.4s2"	"a 5D"	"4"	"3d7.(4F).5p"	"3G*"	"4"	9	9		
"1851.3802"	"1851.38037"	""		"0.000"	"54013.752"	"3d6.4s2"	"a 5D"	"4"	"3d6.(3D).4s.4p.(3P*)"	"5F*"	"5"	9	11		
"1851.688"	"1851.69007"	""		"0.000"	"54004.718"	"3d6.4s2"	"a 5D"	"4"	"3d6.(3D).4s.4p.(3P*)"	"t 5P*"	"3"	9	7		
"1851.770"	"1851.77024"	""		"704.007"	"54706.387"	"3d6.4s2"	"a 5D"	"2"	"3d7.(4F).5p"	"3F*"	"2"	5	5		
"1852.424"	"1852.42497"	""		"0.000"	"53983.293"	"3d6.4s2"	"a 5D"	"4"	"3d6.(3G).4s.4p.(3P*)"	"t 3G*"	"5"	9	11		
"1853.8609"	"1853.86116"	""		"415.933"	"54357.405"	"3d6.4s2"	"a 5D"	"3"	"3d7.(4F).5p"	"3G*"	"3"	7	7		
"1854.3643"	"1854.36397"	""		"415.933"	"54342.779"	"3d6.4s2"	"a 5D"	"3"	"3d7.(4F).5p"	"3D*"	"2"	7	5		
"1855.3173"	"1855.31741"	""		"704.007"	"54603.140"	"3d6.4s2"	"a 5D"	"2"	"3d7.(4F).5p"	"5D*"	"1"	5	3		
"1855.5790"	"1855.57930"	""		"0.000"	"53891.526"	"3d6.4s2"	"a 5D"	"4"	"3d6.(3D).4s.4p.(3P*)"	"5D*"	"3"	9	7		
"1855.9140"	"1855.91404"	""		"0.000"	"53881.806"	"3d6.4s2"	"a 5D"	"4"	"3d6.(3D).4s.4p.(3P*)"	"5F*"	"4"	9	9		
"1856.2149"	"1856.21392"	""		"415.933"	"54289.034"	"3d6.4s2"	"a 5D"	"3"	"3d7.(4F).5p"	"3F*"	"3"	7	7		
"1856.930"	"1856.93732"	""		"0.000"	"53852.114"	"3d6.4s2"	"a 5D"	"4"	"3d7.(4F).5p"	"5G*"	"4"	9	9		
"1857.296"	"1857.29490"	""		"415.933"	"54257.679"	"3d6.4s2"	"a 5D"	"3"	"3d7.(4F).5p"	"5G*"	"2"	7	5		
"1857.4307"	"1857.42926"	""		"0.000"	"53837.851"	"3d6.4s2"	"a 5D"	"4"	"3d7.(4F).5p"	"3D*"	"3"	9	7		
"1857.724"	"1857.72336"	""		"6928.268"	"60757.596"	"3d7.(4F).4s"	"a 5F"	"5"	"3d6.(3H).4s.4p.(1P*)"	"t 3H*"	"4"	11	9		
"1857.8163"	"1857.81592"	""		"704.007"	"54530.653"	"3d6.4s2"	"a 5D"	"2"	"3d7.(4F).5p"	"5D*"	"2"	5	5		
"1858.106"	"1858.10558"	""		"888.132"	"54706.387"	"3d6.4s2"	"a 5D"	"1"	"3d7.(4F).5p"	"3F*"	"2"	3	5		
"1859.2634"	"1859.26308"	""		"0.000"	"53784.750"	"3d6.4s2"	"a 5D"	"4"	"3d7.(4F).5p"	"5D*"	"3"	9	7		
"1861.0328"	"1861.03316"	""		"0.000"	"53733.594"	"3d6.4s2"	"a 5D"	"4"	"3d6.(3D).4s.4p.(3P*)"	"5F*"	"3"	9	7		
"1861.542"	"1861.54838"	""		"415.933"	"54134.655"	"3d6.4s2"	"a 5D"	"3"	"3d7.(4F).5p"	"5G*"	"3"	7	7		
"1861.675"	"1861.67709"	""		"888.132"	"54603.140"	"3d6.4s2"	"a 5D"	"1"	"3d7.(4F).5p"	"5D*"	"1"	3	3		
"1862.3256"	"1862.32581"	""		"415.933"	"54112.230"	"3d6.4s2"	"a 5D"	"3"	"3d6.(3D).4s.4p.(3P*)"	"t 5P*"	"2"	7	5		
"1863.543"	"1863.54807"	""		"0.000"	"53661.079"	"3d6.4s2"	"a 5D"	"4"	"3d7.(4F).5p"	"5F*"	"3"	9	7		
"1864.1917"	"1864.19277"	""		"888.132"	"54530.653"	"3d6.4s2"	"a 5D"	"1"	"3d7.(4F).5p"	"5D*"	"2"	3	5		
"1864.3213"	"1864.32307"	""		"704.007"	"54342.779"	"3d6.4s2"	"a 5D"	"2"	"3d7.(4F).5p"	"3D*"	"2"	5	5		
"1864.7464"	"1864.74644"	""		"415.933"	"54042.527"	"3d6.4s2"	"a 5D"	"3"	"3d7.(4F).5p"	"5F*"	"2"	7	5		
"1865.3091"	"1865.30930"	""		"0.000"	"53610.412"	"3d6.4s2"	"a 5D"	"4"	"3d7.(4F).5p"	"5D*"	"4"	9	9		
"1865.612"	"1865.61428"	""		"415.933"	"54017.581"	"3d6.4s2"	"a 5D"	"3"	"3d7.(4F).5p"	"3G*"	"4"	7	9		
"1866.0619"	"1866.06209"	""		"415.933"	"54004.718"	"3d6.4s2"	"a 5D"	"3"	"3d6.(3D).4s.4p.(3P*)"	"t 5P*"	"3"	7	7		
"1866.1413"	"1866.14131"	""		"0.000"	"53586.510"	"3d6.4s2"	"a 5D"	"4"	"3d7.(4F).5p"	"5G*"	"5"	9	11		
"1866.191"	"1866.19296"	""		"704.007"	"54289.034"	"3d6.4s2"	"a 5D"	"2"	"3d7.(4F).5p"	"3F*"	"3"	5	7		
"1866.8189"	"1866.81907"	""		"704.007"	"54271.062"	"3d6.4s2"	"a 5D"	"2"	"3d6.(3D).4s.4p.(3P*)"	"t 5P*"	"1"	5	3		
"1869.2604"	"1869.26066"	""		"415.933"	"53913.020"	"3d6.4s2"	"a 5D"	"3"	"3d6.(3D).4s.4p.(3P*)"	"5D*"	"2"	7	5		
"1870.011"	"1870.01199"	""		"415.933"	"53891.526"	"3d6.4s2"	"a 5D"	"3"	"3d6.(3D).4s.4p.(3P*)"	"5D*"	"3"	7	7		
"1870.3519"	"1870.35195"	""		"415.933"	"53881.806"	"3d6.4s2"	"a 5D"	"3"	"3d6.(3D).4s.4p.(3P*)"	"5F*"	"4"	7	9		
"1871.8912"	"1871.89086"	""		"415.933"	"53837.851"	"3d6.4s2"	"a 5D"	"3"	"3d7.(4F).5p"	"3D*"	"3"	7	7		
"1872.3708"	"1872.37085"	""		"704.007"	"54112.230"	"3d6.4s2"	"a 5D"	"2"	"3d6.(3D).4s.4p.(3P*)"	"t 5P*"	"2"	5	5		
"1873.0575"	"1873.05774"	""		"0.000"	"53388.637"	"3d6.4s2"	"a 5D"	"4"	"3d7.(4F).5p"	"5F*"	"4"	9	9		
"1873.2580"	"1873.25799"	""		"888.132"	"54271.062"	"3d6.4s2"	"a 5D"	"1"	"3d6.(3D).4s.4p.(3P*)"	"t 5P*"	"1"	3	3		
"1874.897"	"1874.89613"	""		"888.132"	"54224.420"	"3d6.4s2"	"a 5D"	"1"	"3d7.(4F).5p"	"5F*"	"1"	3	3		
"1875.1587"	"1875.15816"	""		"0.000"	"53328.835"	"3d6.4s2"	"a 5D"	"4"	"3d7.(4F).5p"	"3F*"	"4"	9	9		
"1875.697"	"1875.69971"	""		"0.000"	"53313.438"	"3d6.4s2"	"a 5D"	"4"	"3d6.(3G).4s.4p.(3P*)"	"y 1H*"	"5"	9	11		
"1876.1475"	"1876.14758"	""		"704.007"	"54004.718"	"3d6.4s2"	"a 5D"	"2"	"3d6.(3D).4s.4p.(3P*)"	"t 5P*"	"3"	5	7		
"1876.4196"	"1876.41946"	""		"978.074"	"54271.062"	"3d6.4s2"	"a 5D"	"0"	"3d6.(3D).4s.4p.(3P*)"	"t 5P*"	"1"	1	3		
"1877.1684"	"1877.1680"	""		"704.007"	"53975.744"	"3d6.4s2"	"a 5D"	"2"	"3d6.(3D).4s.4p.(3P*)"	"5D*"	"1"	5	3		
"1878.1044"	"1878.10547"	""		"415.933"	"53661.079"	"3d6.4s2"	"a 5D"	"3"	"3d7.(4F).5p"	"5F*"	"3"	7	7		
"1878.8478"	"1878.84819"	""		"888.132"	"54112.230"	"3d6.4s2"	"a 5D"	"1"	"3d6.(3D).4s.4p.(3P*)"	"t 5P*"	"2"	3	5		
"1879.3806"	"1879.38085"	""		"704.007"	"53913.020"	"3d6.4s2"	"a 5D"	"2"	"3d6.(3D).4s.4p.(3P*)"	"5D*"	"2"	5	5		
"1880.1405"	"1880.14034"	""		"704.007"	"53891.526"	"3d6.4s2"	"a 5D"	"2"	"3d6.(3D).4s.4p.(3P*)"	"5D*"	"3"	5	7		
"1881.3114"	"1881.31198"	""		"888.132"	"54042.527"	"3d6.4s2"	"a 5D"	"1"	"3d7.(4F).5p"	"5F*"	"2"	3	5		
"1882.036"	"1882.03963"	""		"704.007"	"53837.851"	"3d6.4s2"	"a 5D"	"2"	"3d7.(4F).5p"	"3D*"	"3"	5	7		
"1883.6797"	"1883.6786"	""		"888.132"	"53975.744"	"3d6.4s2"	"a 5D"	"1"	"3d6.(3D).4s.4p.(3P*)"	"5D*"	"1"	3	3		
"1883.7788"	"1883.77880"	""		"0.000"	"53084.789"	"3d6.4s2"	"a 5D"	"4"	"3d7.(4F).5p"	"5F*"	"5"	9	11		
"1883.9225"	"1883.92239"	""		"704.007"	"53784.750"	"3d6.4s2"	"a 5D"	"2"	"3d7.(4F).5p"	"5D*"	"3"	5	7		
"1884.684"	"1884.68470"	""		"704.007"	"53763.280"	"3d6.4s2"	"a 5D"	"2"	"3d7.(2D2).4p"	"x 1F*"	"3"	5	7		
"1885.1766"	"1885.17767"	""		"704.007"	"53749.405"	"3d6.4s2"	"a 5D"	"2"	"3d6.(3G).4s.4p.(3P*)"	"3F*"	"2"	5	5		
"1885.741"	"1885.74156"	""		"7728.060"	"60757.596"	"3d7.(4F).4s"	"a 5F"	"3"	"3d6.(3H).4s.4p.(1P*)"	"t 3H*"	"4"	7	9		
"1885.9073"	"1885.90686"	""		"888.132"	"53913.020"	"3d6.4s2"	"a 5D"	"1"	"3d6.(3D).4s.4p.(3P*)"	"5D*"	"2"	3	5		
"1887.047"	"1887.04667"	""		"704.007"	"53696.867"	"3d6.4s2"	"a 5D"	"2"	"3d6.(3D).4s.4p.(3P*)"	"5F*"	"1"	5	3		
"1887.7646"	"1887.76469"	""		"415.933"	"53388.637"	"3d6.4s2"	"a 5D"	"3"	"3d7.(4F).5p"	"5F*"	"4"	7	9		
"1888.3219"	"1888.32192"	""		"704.007"	"53661.079"	"3d6.4s2"	"a 5D"	"2"	"3d7.(4F).5p"	"5F*"	"3"	5	7		
"1889.640"	"1889.63675"	""		"888.132"	"53808.356"	"3d6.4s2"	"a 5D"	"1"	"3d7.(2P).4p"	"x 3S*"	"1"	3	3		
"1889.8978"	"1889.89823"	""		"415.933"	"53328.835"	"3d6.4s2"	"a 5D"	"3"	"3d7.(4F).5p"	"3F*"	"4"	7	9		
"1891.7438"	"1891.74408"	""		"888.132"	"53749.405"	"3d6.4s2"	"a 5D"	"1"	"3d6.(3G).4s.4p.(3P*)"	"3F*"	"2"	3	5		
"1892.689"	"1892.68667"	""		"888.132"	"53723.079"	"3d6.4s2"	"a 5D"	"1"	"3d6.(3D).4s.4p.(3P*)"	"5F*"	"2"	3	5		
"1892.853"	"1892.85380"	""		"978.074"	"53808.356"	"3d6.4s2"	"a 5D"	"0"	"3d7.(2P).4p"	"x 3S*"	"1"	1	3		
"1896.8579"	"1896.85678"	""		"978.074"	"53696.867"	"3d6.4s2"	"a 5D"	"0"	"3d6.(3D).4s.4p.(3P*)"	"5F*"	"1"	1	3		
"1899.2088"	"1899.20869"	""		"704.007"	"53357.515"	"3d6.4s2"	"a 5D"	"2"	"3d6.(3G).4s.4p.(3P*)"	"3F*"	"3"	5	7		
"1903.3948"	"1903.39523"	""		"415.933"	"52953.629"	"3d6.4s2"	"a 5D"	"3"	"3d6.(3G).4s.4p.(3P*)"	"3F*"	"4"	7	9		
"1917.4067"	"1917.40594"	""		"704.007"	"52857.804"	"3d6.4s2"	"a 5D"	"2"	"3d7.(2D2).4p"	"t 3D*"	"1"	5	3		
"1924.220"	"1924.22032"	""		"0.000"	"51969.101"	"3d6.4s2"	"a 5D"	"4"	"3d7.(2P).4p"	"u 3D*"	"3"	9	7		
"1927.483"	"1927.48839"	""		"415.933"	"52296.920"	"3d6.4s2"	"a 5D"	"3"	"3d7.(2P).4p"	"u 3D*"	"2"	7	5		
"1930.701"	"1930.69619"	""		"888.132"	"52682.920"	"3d6.4s2"	"a 5D"	"1"	"3d7.(2D2).4p"	"t 3D*"	"2"	3	5		
"1933.757"	"1933.75482"	""		"7376.764"	"59089.628"	"3d7.(4F).4s"	"a 5F"	"4"	"3d6.4s.(4D).5p"	"3F*"	"3"	9	7		
"1934.5350"	"1934.53495"	"2.5e+07"	C+	"0.000"	"51692.010"	"3d6.4s2"	"a 5D"	"4"	"3d6.(5D).4s (6D).5p"	"u 5P*"	"3"	9	7		
"1937.2683"	"1937.26831"	"2.2e+07"	C+	"0.000"	"51619.076"	"3d6.4s2"	"a 5D"	"4"	"3d6.(5D).4s (6D).5p"	"u 5F*"	"3"	9	7		
"1939.741"	"1939.74500"	""		"415.933"	"51969.101"	"3d6.4s2"	"a 5D"	"3"	"3d7.(2P).4p"	"u 3D*"	"3"	7	7		
"1940.6603"	"1940.66039"	"2.6e+07"	D+	"415.933"	"51944.784"	"3d6.4s2"	"a 5D"	"3"	"3d6.(5D).4s (6D).5p"	"u 5P*"	"2"	7	5		
"1941.400"	"1941.39989"	""		"704.007"	"52213.230"	"3d6.4s2"	"a 5D"	"2"	"3d7.(2D2).4p"	"t 3D*"	"3"	5	7		
"1945.0912"	"1945.09086"	""		"415.933"	"51827.413"	"3d6.4s2"	"a 5D"	"3"	"3d6.(5D).4s (6D).5p"	"u 5F*"	"2"	7	5		
"1945.2756"	"1945.27574"	""		"704.007"	"52110.601"	"3d6.4s2"	"a 5D"	"2"	"3d6.(5D).4s (6D).5p"	"u 5P*"	"1"	5	3		
"1946.2277"	"1946.22741"	""		"0.000"	"51381.457"	"3d6.4s2"	"a 5D"	"4"	"3d6.(5D).4s (6D).5p"	"u 5F*"	"4"	9	9		
"1946.8390"	"1946.83918"	""		"0.000"	"51365.311"	"3d6.4s2"	"a 5D"	"4"	"3d7.(2D2).4p"	"v 3F*"	"3"	9	7		
"1946.9878"	"1946.98777"	""		"0.000"	"51361.391"	"3d6.4s2"	"a 5D"	"4"	"3d6.(5D).4s (6D).5p"	"t 5D*"	"3"	9	7		
"1949.1425"	"1949.14281"	""		"0.000"	"51304.604"	"3d6.4s2"	"a 5D"	"4"	"3d7.(2D2).4p"	"v 3F*"	"4"	9	9		
"1949.6071"	"1949.60756"	""		"415.933"	"51708.307"	"3d6.4s2"	"a 5D"	"3"	"3d7.(2P).4p"	"y 1D*"	"2"	7	5		
"1950.2269"	"1950.22720"	""		"415.933"	"51692.010"	"3d6.4s2"	"a 5D"	"3"	"3d6.(5D).4s (6D).5p"	"u 5P*"	"3"	7	7		
"1950.646"	"1950.64501"	""		"704.007"	"51969.101"	"3d6.4s2"	"a 5D"	"2"	"3d7.(2P).4p"	"u 3D*"	"3"	5	7		
"1951.5706"	"1951.57072"	""		"704.007"	"51944.784"	"3d6.4s2"	"a 5D"	"2"	"3d6.(5D).4s (6D).5p"	"u 5P*"	"2"	5	5		
"1952.2684"	"1952.26825"	""		"888.132"	"52110.601"	"3d6.4s2"	"a 5D"	"1"	"3d6.(5D).4s (6D).5p"	"u 5P*"	"1"	3	3		
"1952.5885"	"1952.58850"	""		"415.933"	"51630.001"	"3d6.4s2"	"a 5D"	"3"	"3d6.(5D).4s (6D).5p"	"t 5D*"	"2"	7	5		
"1953.0050"	"1953.00511"	""		"415.933"	"51619.076"	"3d6.4s2"	"a 5D"	"3"	"3d6.(5D).4s (6D).5p"	"u 5F*"	"3"	7	7		
"1955.7021"	"1955.70229"	""		"978.074"	"52110.601"	"3d6.4s2"	"a 5D"	"0"	"3d6.(5D).4s (6D).5p"	"u 5P*"	"1"	1	3		
"1956.0344"	"1956.03433"	""		"704.007"	"51827.854"	"3d6.4s2"	"a 5D"	"2"	"3d6.(5D).4s (6D).5p"	"t 5D*"	"1"	5	3		
"1956.0511"	"1956.05121"	""		"704.007"	"51827.413"	"3d6.4s2"	"a 5D"	"2"	"3d6.(5D).4s (6D).5p"	"u 5F*"	"2"	5	5		
"1957.8427"	"1957.84264"	""		"0.000"	"51076.628"	"3d6.4s2"	"a 5D"	"4"	"3d6.(5D).4s (6D).5p"	"t 5D*"	"4"	9	9		
"1958.5690"	"1958.56902"	""		"888.132"	"51945.817"	"3d6.4s2"	"a 5D"	"1"	"3d6.(5D).4s (6D).5p"	"u 5F*"	"1"	3	3		
"1958.6085"	"1958.60865"	""		"888.132"	"51944.784"	"3d6.4s2"	"a 5D"	"1"	"3d6.(5D).4s (6D).5p"	"u 5P*"	"2"	3	5		
"1958.7330"	"1958.73310"	""		"888.132"	"51941.540"	"3d6.4s2"	"a 5D"	"1"	"3d6.(5D).4s (6D).5p"	"t 5D*"	"0"	3	1		
"1960.1439"	"1960.14400"	""		"0.000"	"51016.660"	"3d6.4s2"	"a 5D"	"4"	"3d6.(5D).4s (6D).5p"	"u 5F*"	"5"	9	11		
"1960.621"	"1960.61901"	""		"704.007"	"51708.307"	"3d6.4s2"	"a 5D"	"2"	"3d7.(2P).4p"	"y 1D*"	"2"	5	5		
"1961.0463"	"1961.04613"	""		"415.933"	"51409.124"	"3d6.4s2"	"a 5D"	"3"	"3d6.(3G).4s.4p.(3P*)"	"x 3H*"	"4"	7	9		
"1961.2457"	"1961.24567"	""		"704.007"	"51692.010"	"3d6.4s2"	"a 5D"	"2"	"3d6.(5D).4s (6D).5p"	"u 5P*"	"3"	5	7		
"1962.0252"	"1962.02528"	""		"978.074"	"51945.817"	"3d6.4s2"	"a 5D"	"0"	"3d6.(5D).4s (6D).5p"	"u 5F*"	"1"	1	3		
"1962.1107"	"1962.11070"	""		"415.933"	"51381.457"	"3d6.4s2"	"a 5D"	"3"	"3d6.(5D).4s (6D).5p"	"u 5F*"	"4"	7	9		
"1962.7332"	"1962.73250"	""		"415.933"	"51365.311"	"3d6.4s2"	"a 5D"	"3"	"3d7.(2D2).4p"	"v 3F*"	"3"	7	7		
"1962.8835"	"1962.88352"	""		"415.933"	"51361.391"	"3d6.4s2"	"a 5D"	"3"	"3d6.(5D).4s (6D).5p"	"t 5D*"	"3"	7	7		
"1963.1042"	"1963.10455"	""		"888.132"	"51827.854"	"3d6.4s2"	"a 5D"	"1"	"3d6.(5D).4s (6D).5p"	"t 5D*"	"1"	3	3		
"1963.1217"	"1963.12154"	""		"888.132"	"51827.413"	"3d6.4s2"	"a 5D"	"1"	"3d6.(5D).4s (6D).5p"	"u 5F*"	"2"	3	5		
"1963.6336"	"1963.63374"	""		"704.007"	"51630.001"	"3d6.4s2"	"a 5D"	"2"	"3d6.(5D).4s (6D).5p"	"t 5D*"	"2"	5	5		
"1964.0550"	"1964.05508"	""		"704.007"	"51619.076"	"3d6.4s2"	"a 5D"	"2"	"3d6.(5D).4s (6D).5p"	"u 5F*"	"3"	5	7		
"1965.076"	"1965.07392"	""		"415.933"	"51304.604"	"3d6.4s2"	"a 5D"	"3"	"3d7.(2D2).4p"	"v 3F*"	"4"	7	9		
"1966.580"	"1966.57685"	""		"978.074"	"51827.854"	"3d6.4s2"	"a 5D"	"0"	"3d6.(5D).4s (6D).5p"	"t 5D*"	"1"	1	3		
"1967.127"	"1967.12710"	""		"6928.268"	"57763.824"	"3d7.(4F).4s"	"a 5F"	"5"	"3d6.4s.(4D).5p"	"5D*"	"4"	11	9		
"1970.760"	"1970.75910"	""		"888.132"	"51630.001"	"3d6.4s2"	"a 5D"	"1"	"3d6.(5D).4s (6D).5p"	"t 5D*"	"2"	3	5		
"1973.9162"	"1973.91686"	""		"415.933"	"51076.628"	"3d6.4s2"	"a 5D"	"3"	"3d6.(5D).4s (6D).5p"	"t 5D*"	"4"	7	9		
"1974.056"	"1974.04588"	""		"704.007"	"51361.391"	"3d6.4s2"	"a 5D"	"2"	"3d6.(5D).4s (6D).5p"	"t 5D*"	"3"	5	7		
"1975.177"	"1975.17708"	""		"0.000"	"50628.372"	"3d6.4s2"	"a 5D"	"4"	"3d6.(5D).4s (6D).5p"	"n 7P*"	"3"	9	7		
"1976.190"	"1976.18663"	""		"7728.060"	"58330.568"	"3d7.(4F).4s"	"a 5F"	"3"	"3d6.4s.(4D).5p"	"5D*"	"2"	7	5		
"1979.769"	"1979.76855"	""		"6928.268"	"57439.223"	"3d7.(4F).4s"	"a 5F"	"5"	"3d6.4s.(6D<5/2>).4f"	"2[9/2]*"	"4"	11	9		
"1980.776"	"1980.77700"	""		"415.933"	"50901.172"	"3d6.4s2"	"a 5D"	"3"	"3d6.(5D).4s (6D).5p"	"n 7P*"	"2"	7	5		
"1984.634"	"1984.63653"	""		"7376.764"	"57763.824"	"3d7.(4F).4s"	"a 5F"	"4"	"3d6.4s.(4D).5p"	"5D*"	"4"	9	9		
"1987.957"	"1987.94411"	""		"0.000"	"50303.225"	"3d6.4s2"	"a 5D"	"4"	"3d6.(5D).4s (6D).5p"	"n 7F*"	"4"	9	9		
"1991.044"	"1991.04416"	""		"6928.268"	"57153.171"	"3d7.(4F).4s"	"a 5F"	"5"	"3d6.4s.(6D<7/2>).4f"	"2[13/2]*"	"6"	11	13		
"1991.255"	"1991.25774"	""		"6928.268"	"57147.784"	"3d7.(4F).4s"	"a 5F"	"5"	"3d6.4s.(6D<7/2>).4f"	"2[11/2]*"	"5"	11	11		
"1991.540"	"1991.53839"	""		"415.933"	"50628.372"	"3d6.4s2"	"a 5D"	"3"	"3d6.(5D).4s (6D).5p"	"n 7P*"	"3"	7	7		
"1992.146"	"1992.14438"	""		"704.007"	"50901.172"	"3d6.4s2"	"a 5D"	"2"	"3d6.(5D).4s (6D).5p"	"n 7P*"	"2"	5	5		
"1992.599"	"1992.59778"	""		"0.000"	"50185.743"	"3d6.4s2"	"a 5D"	"4"	"3d6.(5D).4s (6D).5p"	"n 7P*"	"4"	9	9		
"1994.5704"	"1994.57165"	""		"6928.268"	"57064.346"	"3d7.(4F).4s"	"a 5F"	"5"	"3d6.4s.(6D).6p"	"5F*"	"4"	11	9		
"1997.507"	"1997.50476"	""		"7376.764"	"57439.223"	"3d7.(4F).4s"	"a 5F"	"4"	"3d6.4s.(6D<5/2>).4f"	"2[9/2]*"	"4"	9	9		
"1997.560"	"1997.55643"	""		"7376.764"	"57437.928"	"3d7.(4F).4s"	"a 5F"	"4"	"3d6.4s.(6D<5/2>).4f"	"2[9/2]*"	"5"	9	11		
"1997.560"	"1997.56150"	""		"7376.764"	"57437.801"	"3d7.(4F).4s"	"a 5F"	"4"	"3d6.4s.(6D<5/2>).4f"	"2[7/2]*"	"4"	9	9		
"1997.9133"	"1997.91442"	""		"0.000"	"50052.194"	"3d6.4s2"	"a 5D"	"4"	"3d6.(5D).4s (6D).5p"	"n 7F*"	"5"	9	11		
"1999.318"	"1999.31655"	""		"415.933"	"50433.025"	"3d6.4s2"	"a 5D"	"3"	"3d6.(5D).4s (6D).5p"	"n 7F*"	"3"	7	7		
obs_wl_air(A)	ritz_wl_air(A)	Aki(s^-1)	Acc	Ei(cm-1)	Ek(cm-1)	conf_i	term_i	J_i	conf_k	term_k	J_k	g_i	g_k	Type	
"2000.578"	"2000.57726"	""		"7376.764"	"57346.148"	"3d7.(4F).4s"	"a 5F"	"4"	"3d6.(3D).4s.4p.(1P*)"	"3D*"	"3"	9	7		
"2000.671"	"2000.67016"	""		"7376.764"	"57343.828"	"3d7.(4F).4s"	"a 5F"	"4"	"3d6.4s.(6D).6p"	"5F*"	"3"	9	7		
"2002.3799"	"2002.38154"	""		"704.007"	"50628.372"	"3d6.4s2"	"a 5D"	"2"	"3d6.(5D).4s (6D).5p"	"n 7P*"	"3"	5	7		
"2003.605"	"2003.60565"	""		"7728.060"	"57621.928"	"3d7.(4F).4s"	"a 5F"	"3"	"3d6.4s.(6D<3/2>).4f"	"2[9/2]*"	"4"	7	9		
"2003.728"	"2003.73105"	""		"7728.060"	"57618.806"	"3d7.(4F).4s"	"a 5F"	"3"	"3d6.4s.(6D<3/2>).4f"	"2[3/2]*"	"2"	7	5		
"2003.8696"	"2003.86980"	""		"415.933"	"50303.225"	"3d6.4s2"	"a 5D"	"3"	"3d6.(5D).4s (6D).5p"	"n 7F*"	"4"	7	9		
"2005.297"	"2005.29848"	""		"704.007"	"50555.762"	"3d6.4s2"	"a 5D"	"2"	"3d6.(5D).4s (6D).5p"	"n 7F*"	"2"	5	5		
"2005.594"	"2005.59229"	""		"7728.060"	"57572.513"	"3d7.(4F).4s"	"a 5F"	"3"	"3d6.4s.(6D).6p"	"5F*"	"2"	7	5		
"2006.2444"	"2006.24516"	""		"6928.268"	"56756.503"	"3d7.(4F).4s"	"a 5F"	"5"	"3d6.4s.(6D<9/2>).4f"	"2[13/2]*"	"6"	11	13		
"2006.245"	"2006.23707"	""		"6928.268"	"56756.704"	"3d7.(4F).4s"	"a 5F"	"5"	"3d6.4s.(6D).6p"	"7F*"	"4"	11	9		
"2006.318"	"2006.31673"	""		"6928.268"	"56754.726"	"3d7.(4F).4s"	"a 5F"	"5"	"3d6.4s.(6D<9/2>).4f"	"2[9/2]*"	"5"	11	11		
"2006.464"	"2006.46280"	""		"6928.268"	"56751.099"	"3d7.(4F).4s"	"a 5F"	"5"	"3d6.4s.(6D<9/2>).4f"	"2[11/2]*"	"5"	11	11		
"2007.179"	"2007.17090"	""		"0.000"	"49805.257"	"3d6.4s2"	"a 5D"	"4"	"3d6.(5D).4s (6D).5p"	"n 7D*"	"3"	9	7		
"2007.2193"	"2007.21886"	""		"6928.268"	"56732.335"	"3d7.(4F).4s"	"a 5F"	"5"	"3d6.4s.(6D).6p"	"5D*"	"4"	11	9		
"2008.233"	"2008.22913"	""		"6928.268"	"56707.284"	"3d7.(4F).4s"	"a 5F"	"5"	"3d6.4s.(6D).6p"	"5F*"	"5"	11	11		
"2008.478"	"2008.47440"	""		"7376.764"	"57149.702"	"3d7.(4F).4s"	"a 5F"	"4"	"3d6.4s.(6D<7/2>).4f"	"2[7/2]*"	"3"	9	7		
"2008.505"	"2008.49817"	""		"7376.764"	"57149.113"	"3d7.(4F).4s"	"a 5F"	"4"	"3d6.4s.(6D<7/2>).4f"	"2[7/2]*"	"4"	9	9		
"2008.552"	"2008.55181"	""		"7376.764"	"57147.784"	"3d7.(4F).4s"	"a 5F"	"4"	"3d6.4s.(6D<7/2>).4f"	"2[11/2]*"	"5"	9	11		
"2009.031"	"2009.03114"	""		"7985.785"	"57744.932"	"3d7.(4F).4s"	"a 5F"	"2"	"3d6.4s.(6D<1/2>).4f"	"2[7/2]*"	"3"	5	7		
"2010.248"	"2010.24852"	""		"704.007"	"50433.025"	"3d6.4s2"	"a 5D"	"2"	"3d6.(5D).4s (6D).5p"	"n 7F*"	"3"	5	7		
"2011.441"	"2011.44199"	""		"7728.060"	"57427.576"	"3d7.(4F).4s"	"a 5F"	"3"	"3d6.4s.(6D<5/2>).4f"	"2[3/2]*"	"2"	7	5		
"2011.926"	"2011.92517"	""		"7376.764"	"57064.346"	"3d7.(4F).4s"	"a 5F"	"4"	"3d6.4s.(6D).6p"	"5F*"	"4"	9	9		
"2013.440"	"2013.44035"	""		"7376.764"	"57026.960"	"3d7.(4F).4s"	"a 5F"	"4"	"3d6.4s.(6D).6p"	"7F*"	"3"	9	7		
"2014.940"	"2014.93677"	""		"6928.268"	"56541.596"	"3d7.(4F).4s"	"a 5F"	"5"	"3d6.4s.(6D).6p"	"7P*"	"4"	11	9		
"2015.782"	"2015.77951"	""		"415.933"	"50008.522"	"3d6.4s2"	"a 5D"	"3"	"3d6.(5D).4s (6D).5p"	"n 7D*"	"2"	7	5		
"2016.5087"	"2016.50746"	""		"6928.268"	"56502.957"	"3d7.(4F).4s"	"a 5F"	"5"	"3d6.4s.(6D).6p"	"7F*"	"5"	11	11		
"2017.159"	"2017.15675"	""		"0.000"	"49558.734"	"3d6.4s2"	"a 5D"	"4"	"3d6.(5D).4s (6D).5p"	"n 7D*"	"4"	9	9		
"2019.075"	"2019.07491"	""		"7376.764"	"56888.423"	"3d7.(4F).4s"	"a 5F"	"4"	"3d6.4s.(6D).6p"	"7P*"	"3"	9	7		
"2019.775"	"2019.77169"	""		"7376.764"	"56871.345"	"3d7.(4F).4s"	"a 5F"	"4"	"3d6.4s.(6D).6p"	"5P*"	"3"	9	7		
"2020.452"	"2020.45110"	""		"8154.714"	"57632.654"	"3d7.(4F).4s"	"a 5F"	"1"	"3d6.4s.(6D<3/2>).4f"	"2[5/2]*"	"2"	3	5		
"2021.099"	"2021.09610"	""		"7728.060"	"57190.212"	"3d7.(4F).4s"	"a 5F"	"3"	"3d6.4s.(6D).6p"	"7P*"	"2"	7	5		
"2021.443"	"2021.44153"	""		"7985.785"	"57439.486"	"3d7.(4F).4s"	"a 5F"	"2"	"3d6.4s.(6D<5/2>).4f"	"2[7/2]*"	"3"	5	7		
"2021.714"	"2021.71294"	""		"7985.785"	"57432.848"	"3d7.(4F).4s"	"a 5F"	"2"	"3d6.4s.(6D<5/2>).4f"	"2[5/2]*"	"3"	5	7		
"2021.9829"	"2021.98254"	""		"7728.060"	"57168.531"	"3d7.(4F).4s"	"a 5F"	"3"	"3d6.4s.(6D).6p"	"5D*"	"3"	7	7		
"2022.415"	"2022.41207"	""		"7985.785"	"57415.757"	"3d7.(4F).4s"	"a 5F"	"2"	"3d6.4s.(6D).6p"	"5D*"	"2"	5	5		
"2022.779"	"2022.77711"	""		"7728.060"	"57149.113"	"3d7.(4F).4s"	"a 5F"	"3"	"3d6.4s.(6D<7/2>).4f"	"2[7/2]*"	"4"	7	9		
"2023.013"	"2023.01022"	""		"7985.785"	"57401.144"	"3d7.(4F).4s"	"a 5F"	"2"	"3d6.4s.(6D).6p"	"5D*"	"1"	5	3		
"2024.067"	"2024.07678"	""		"415.933"	"49805.257"	"3d6.4s2"	"a 5D"	"3"	"3d6.(5D).4s (6D).5p"	"n 7D*"	"3"	7	7		
"2024.135"	"2024.13092"	""		"7376.764"	"56764.767"	"3d7.(4F).4s"	"a 5F"	"4"	"3d6.4s.(6D<9/2>).4f"	"2[7/2]*"	"4"	9	9		
"2024.692"	"2024.69133"	""		"7376.764"	"56751.099"	"3d7.(4F).4s"	"a 5F"	"4"	"3d6.4s.(6D<9/2>).4f"	"2[11/2]*"	"5"	9	11		
"2025.361"	"2025.35973"	""		"7985.785"	"57343.828"	"3d7.(4F).4s"	"a 5F"	"2"	"3d6.4s.(6D).6p"	"5F*"	"3"	5	7		
"2025.4615"	"2025.46119"	""		"7376.764"	"56732.335"	"3d7.(4F).4s"	"a 5F"	"4"	"3d6.4s.(6D).6p"	"5D*"	"4"	9	9		
"2025.823"	"2025.81899"	""		"7728.060"	"57074.915"	"3d7.(4F).4s"	"a 5F"	"3"	"3d6.(3D).4s.4p.(1P*)"	"3D*"	"2"	7	5		
"2026.261"	"2026.25303"	""		"7728.060"	"57064.346"	"3d7.(4F).4s"	"a 5F"	"3"	"3d6.4s.(6D).6p"	"5F*"	"4"	7	9		
"2026.491"	"2026.48990"	""		"7376.764"	"56707.284"	"3d7.(4F).4s"	"a 5F"	"4"	"3d6.4s.(6D).6p"	"5F*"	"5"	9	11		
"2028.464"	"2028.46558"	""		"8154.714"	"57437.194"	"3d7.(4F).4s"	"a 5F"	"1"	"3d6.4s.(6D).6p"	"5P*"	"2"	3	5		
"2028.719"	"2028.71582"	""		"8154.714"	"57431.116"	"3d7.(4F).4s"	"a 5F"	"1"	"3d6.4s.(6D<5/2>).4f"	"2[5/2]*"	"2"	3	5		
"2029.955"	"2029.95069"	""		"8154.714"	"57401.144"	"3d7.(4F).4s"	"a 5F"	"1"	"3d6.4s.(6D).6p"	"5D*"	"1"	3	3		
"2031.686"	"2031.68379"	""		"7985.785"	"57190.212"	"3d7.(4F).4s"	"a 5F"	"2"	"3d6.4s.(6D).6p"	"7P*"	"2"	5	5		
"2034.214"	"2034.21187"	""		"7728.060"	"56871.345"	"3d7.(4F).4s"	"a 5F"	"3"	"3d6.4s.(6D).6p"	"5P*"	"3"	7	7		
"2034.347"	"2034.34871"	""		"7376.764"	"56516.744"	"3d7.(4F).4s"	"a 5F"	"4"	"3d6.4s.(6D).6p"	"7D*"	"4"	9	9		
"2034.555"	"2034.55397"	""		"0.000"	"49135.023"	"3d6.4s2"	"a 5D"	"4"	"3d6.(3F2).4s.4p.(3P*)"	"v 3D*"	"3"	9	7		
"2034.920"	"2034.91972"	""		"7376.764"	"56502.957"	"3d7.(4F).4s"	"a 5F"	"4"	"3d6.4s.(6D).6p"	"7F*"	"5"	9	11		
"2037.452"	"2037.45221"	""		"978.074"	"50043.213"	"3d6.4s2"	"a 5D"	"0"	"3d7.(2P).4p"	"w 3P*"	"1"	1	3		
"2038.685"	"2038.68398"	""		"8154.714"	"57190.212"	"3d7.(4F).4s"	"a 5F"	"1"	"3d6.4s.(6D).6p"	"7P*"	"2"	3	5		
"2039.984"	"2039.98310"	""		"7728.060"	"56732.335"	"3d7.(4F).4s"	"a 5F"	"3"	"3d6.4s.(6D).6p"	"5D*"	"4"	7	9		
"2043.491"	"2043.48949"	""		"8154.714"	"57074.915"	"3d7.(4F).4s"	"a 5F"	"1"	"3d6.(3D).4s.4p.(1P*)"	"3D*"	"2"	3	5		
"2044.936"	"2044.93773"	""		"7985.785"	"56871.345"	"3d7.(4F).4s"	"a 5F"	"2"	"3d6.4s.(6D).6p"	"5P*"	"3"	5	7		
"2047.248"	"2047.24676"	""		"11976.239"	"60806.670"	"3d7.(4F).4s"	"a 3F"	"4"	"3d6.(3F2).4s.4p.(1P*)"	"3D*"	"3"	9	7		
"2047.402"	"2047.40372"	""		"415.933"	"49242.621"	"3d6.4s2"	"a 5D"	"3"	"3d6.(3F2).4s.4p.(3P*)"	"v 3D*"	"2"	7	5		
"2058.105"	"2058.10358"	""		"11976.239"	"60549.116"	"3d7.(4F).4s"	"a 3F"	"4"	"3d6.(3H).4s.4p.(1P*)"	"t 3H*"	"5"	9	11		
"2072.059"	"2072.06084"	""		"12560.934"	"60806.670"	"3d7.(4F).4s"	"a 3F"	"3"	"3d6.(3F2).4s.4p.(1P*)"	"3D*"	"3"	7	7		
"2072.693"	"2072.68197"	""		"0.000"	"48231.280"	"3d6.4s2"	"a 5D"	"4"	"3d6.(3G).4s.4p.(3P*)"	"y 5H*"	"5"	9	11		
"2074.1887"	"2074.18970"	""		"11976.239"	"60172.464"	"3d7.(4F).4s"	"a 3F"	"4"	"3d6.(3F2).4s.4p.(1P*)"	"3F*"	"3"	9	7		
"2077.348"	"2077.34935"	""		"0.000"	"48122.928"	"3d6.4s2"	"a 5D"	"4"	"3d6.(3G).4s.4p.(3P*)"	"v 5F*"	"3"	9	7		
"2077.5029"	"2077.50340"	""		"11976.239"	"60095.599"	"3d7.(4F).4s"	"a 3F"	"4"	"3d6.(3F2).4s.4p.(1P*)"	"3F*"	"4"	9	9		
"2084.1212"	"2084.12115"	""		"0.000"	"47966.585"	"3d6.4s2"	"a 5D"	"4"	"3d5.(6S).4s2.4p"	"v 5P*"	"3"	9	7		
"2085.020"	"2085.01827"	""		"415.933"	"48361.882"	"3d6.4s2"	"a 5D"	"3"	"3d6.(3G).4s.4p.(3P*)"	"y 5H*"	"4"	7	9		
"2085.712"	"2085.71229"	""		"0.000"	"47929.997"	"3d6.4s2"	"a 5D"	"4"	"3d6.(3G).4s.4p.(3P*)"	"v 5F*"	"4"	9	9		
"2087.5110"	"2087.51070"	""		"415.933"	"48304.643"	"3d6.4s2"	"a 5D"	"3"	"3d7.(4P).4p"	"x 3P*"	"2"	7	5		
"2089.8738"	"2089.87455"	""		"0.000"	"47834.550"	"3d6.4s2"	"a 5D"	"4"	"3d6.(3F2).4s.4p.(3P*)"	"x 3G*"	"5"	9	11		
"2090.3831"	"2090.38311"	""		"415.933"	"48238.847"	"3d6.4s2"	"a 5D"	"3"	"3d6.(3G).4s.4p.(3P*)"	"v 5F*"	"2"	7	5		
"2090.8546"	"2090.85461"	""		"704.007"	"48516.138"	"3d6.4s2"	"a 5D"	"2"	"3d7.(4P).4p"	"x 3P*"	"1"	5	3		
"2090.8546"	"2090.85518"	""		"0.000"	"47812.118"	"3d6.4s2"	"a 5D"	"4"	"3d6.(3F2).4s.4p.(3P*)"	"x 3G*"	"4"	9	9		
"2093.6846"	"2093.68457"	""		"415.933"	"48163.446"	"3d6.4s2"	"a 5D"	"3"	"3d5.(6S).4s2.4p"	"v 5P*"	"2"	7	5		
"2095.4639"	"2095.46297"	""		"415.933"	"48122.928"	"3d6.4s2"	"a 5D"	"3"	"3d6.(3G).4s.4p.(3P*)"	"v 5F*"	"3"	7	7		
"2098.1196"	"2098.11947"	""		"704.007"	"48350.606"	"3d6.4s2"	"a 5D"	"2"	"3d6.(3G).4s.4p.(3P*)"	"v 5F*"	"1"	5	3		
"2098.9388"	"2098.93864"	""		"888.132"	"48516.138"	"3d6.4s2"	"a 5D"	"1"	"3d7.(4P).4p"	"x 3P*"	"1"	3	3		
"2099.6659"	"2099.66506"	""		"12560.934"	"60172.464"	"3d7.(4F).4s"	"a 3F"	"3"	"3d6.(3F2).4s.4p.(1P*)"	"3F*"	"3"	7	7		
"2099.9040"	"2099.90397"	""		"0.000"	"47606.114"	"3d6.4s2"	"a 5D"	"4"	"3d6.(3G).4s.4p.(3P*)"	"v 5F*"	"5"	9	11		
"2100.1462"	"2100.14566"	""		"704.007"	"48304.643"	"3d6.4s2"	"a 5D"	"2"	"3d7.(4P).4p"	"x 3P*"	"2"	5	5		
"2100.614"	"2100.61296"	""		"0.000"	"47590.048"	"3d6.4s2"	"a 5D"	"4"	"3d6.(3G).4s.4p.(3P*)"	"w 5G*"	"4"	9	9		
"2100.7977"	"2100.79768"	""		"704.007"	"48289.871"	"3d6.4s2"	"a 5D"	"2"	"3d5.(6S).4s2.4p"	"v 5P*"	"1"	5	3		
"2102.3536"	"2102.35354"	""		"415.933"	"47966.585"	"3d6.4s2"	"a 5D"	"3"	"3d5.(6S).4s2.4p"	"v 5P*"	"3"	7	7		
"2102.9104"	"2102.91031"	""		"978.074"	"48516.138"	"3d6.4s2"	"a 5D"	"0"	"3d7.(4P).4p"	"x 3P*"	"1"	1	3		
"2103.0529"	"2103.05296"	""		"704.007"	"48238.847"	"3d6.4s2"	"a 5D"	"2"	"3d6.(3G).4s.4p.(3P*)"	"v 5F*"	"2"	5	5		
"2103.0607"	"2103.06070"	""		"12560.934"	"60095.599"	"3d7.(4F).4s"	"a 3F"	"3"	"3d6.(3F2).4s.4p.(1P*)"	"3F*"	"4"	7	9		
"2103.9720"	"2103.97265"	""		"415.933"	"47929.997"	"3d6.4s2"	"a 5D"	"3"	"3d6.(3G).4s.4p.(3P*)"	"v 5F*"	"4"	7	9		
"2106.2600"	"2106.25987"	""		"888.132"	"48350.606"	"3d6.4s2"	"a 5D"	"1"	"3d6.(3G).4s.4p.(3P*)"	"v 5F*"	"1"	3	3		
"2106.3947"	"2106.39458"	""		"704.007"	"48163.446"	"3d6.4s2"	"a 5D"	"2"	"3d5.(6S).4s2.4p"	"v 5P*"	"2"	5	5		
"2106.693"	"2106.69300"	""		"0.000"	"47452.717"	"3d6.4s2"	"a 5D"	"4"	"3d7.(2G).4p"	"z 1G*"	"4"	9	9		
"2108.1370"	"2108.13653"	""		"0.000"	"47420.228"	"3d6.4s2"	"a 5D"	"4"	"3d6.(3G).4s.4p.(3P*)"	"w 5G*"	"5"	9	11		
"2108.1937"	"2108.19464"	""		"704.007"	"48122.928"	"3d6.4s2"	"a 5D"	"2"	"3d6.(3G).4s.4p.(3P*)"	"v 5F*"	"3"	5	7		
"2108.3027"	"2108.30181"	""		"888.132"	"48304.643"	"3d6.4s2"	"a 5D"	"1"	"3d7.(4P).4p"	"x 3P*"	"2"	3	5		
"2108.9590"	"2108.95891"	""		"888.132"	"48289.871"	"3d6.4s2"	"a 5D"	"1"	"3d5.(6S).4s2.4p"	"v 5P*"	"1"	3	3		
"2110.2353"	"2110.23526"	""		"6928.268"	"54301.340"	"3d7.(4F).4s"	"a 5F"	"5"	"3d6.(3D).4s.4p.(3P*)"	"5D*"	"4"	11	9		
"2111.2322"	"2111.23174"	""		"888.132"	"48238.847"	"3d6.4s2"	"a 5D"	"1"	"3d6.(3G).4s.4p.(3P*)"	"v 5F*"	"2"	3	5		
"2112.9687"	"2112.96862"	""		"978.074"	"48289.871"	"3d6.4s2"	"a 5D"	"0"	"3d5.(6S).4s2.4p"	"v 5P*"	"1"	1	3		
"2113.0871"	"2113.08699"	""		"6928.268"	"54237.415"	"3d7.(4F).4s"	"a 5F"	"5"	"3d6.(3G).4s.4p.(3P*)"	"t 3G*"	"4"	11	9		
"2114.5995"	"2114.59942"	""		"888.132"	"48163.446"	"3d6.4s2"	"a 5D"	"1"	"3d5.(6S).4s2.4p"	"v 5P*"	"2"	3	5		
"2115.1699"	"2115.16932"	""		"704.007"	"47966.585"	"3d6.4s2"	"a 5D"	"2"	"3d5.(6S).4s2.4p"	"v 5P*"	"3"	5	7		
"2117.798"	"2117.79849"	""		"12968.554"	"60172.464"	"3d7.(4F).4s"	"a 3F"	"2"	"3d6.(3F2).4s.4p.(1P*)"	"3F*"	"3"	5	7		
"2119.1365"	"2119.13624"	""		"415.933"	"47590.048"	"3d6.4s2"	"a 5D"	"3"	"3d6.(3G).4s.4p.(3P*)"	"w 5G*"	"4"	7	9		
"2121.8687"	"2121.86799"	""		"11976.239"	"59089.628"	"3d7.(4F).4s"	"a 3F"	"4"	"3d6.4s.(4D).5p"	"3F*"	"3"	9	7		
"2122.1784"	"2122.17906"	""		"0.000"	"47106.484"	"3d6.4s2"	"a 5D"	"4"	"3d6.(3H).4s.4p.(3P*)"	"z 3H*"	"4"	9	9		
"2122.7990"	"2122.79975"	""		"0.000"	"47092.712"	"3d6.4s2"	"a 5D"	"4"	"3d6.(3F2).4s.4p.(3P*)"	"x 3F*"	"3"	9	7		
"2122.957"	"2122.95299"	""		"6928.268"	"54017.581"	"3d7.(4F).4s"	"a 5F"	"5"	"3d7.(4F).5p"	"3G*"	"4"	11	9		
"2123.1244"	"2123.12565"	""		"6928.268"	"54013.752"	"3d7.(4F).4s"	"a 5F"	"5"	"3d6.(3D).4s.4p.(3P*)"	"5F*"	"5"	11	11		
"2124.5014"	"2124.50013"	""		"6928.268"	"53983.293"	"3d7.(4F).4s"	"a 5F"	"5"	"3d6.(3G).4s.4p.(3P*)"	"t 3G*"	"5"	11	11		
"2125.324"	"2125.32411"	""		"415.933"	"47452.717"	"3d6.4s2"	"a 5D"	"3"	"3d7.(2G).4p"	"z 1G*"	"4"	7	9		
"2126.2105"	"2126.21001"	""		"0.000"	"47017.188"	"3d6.4s2"	"a 5D"	"4"	"3d7.(4P).4p"	"w 3D*"	"3"	9	7		
"2126.6093"	"2126.60886"	""		"0.000"	"47008.371"	"3d6.4s2"	"a 5D"	"4"	"3d6.(3H).4s.4p.(3P*)"	"z 3H*"	"5"	9	11		
"2126.8164"	"2126.81777"	""		"415.933"	"47419.687"	"3d6.4s2"	"a 5D"	"3"	"3d6.(3P2).4s.4p.(3P*)"	"1D*"	"2"	7	5		
"2127.4740"	"2127.47514"	""		"704.007"	"47693.239"	"3d6.4s2"	"a 5D"	"2"	"3d6.(3G).4s.4p.(3P*)"	"w 5G*"	"3"	5	7		
"2127.8644"	"2127.86422"	""		"7376.764"	"54357.405"	"3d7.(4F).4s"	"a 5F"	"4"	"3d7.(4F).5p"	"3G*"	"3"	9	7		
"2127.969"	"2127.96904"	""		"7728.060"	"54706.387"	"3d7.(4F).4s"	"a 5F"	"3"	"3d7.(4F).5p"	"3F*"	"2"	7	5		
"2130.4075"	"2130.40686"	""		"7376.764"	"54301.340"	"3d7.(4F).4s"	"a 5F"	"4"	"3d6.(3D).4s.4p.(3P*)"	"5D*"	"4"	9	9		
"2130.4404"	"2130.44001"	""		"6928.268"	"53852.114"	"3d7.(4F).4s"	"a 5F"	"5"	"3d7.(4F).5p"	"5G*"	"4"	11	9		
"2130.9658"	"2130.96577"	""		"7376.764"	"54289.034"	"3d7.(4F).4s"	"a 5F"	"4"	"3d7.(4F).5p"	"3F*"	"3"	9	7		
"2132.0171"	"2132.01699"	"7.6e+06"	C+	"0.000"	"46889.142"	"3d6.4s2"	"a 5D"	"4"	"3d6.(3F2).4s.4p.(3P*)"	"x 3F*"	"4"	9	9		
"2133.3134"	"2133.31339"	""		"7376.764"	"54237.415"	"3d7.(4F).4s"	"a 5F"	"4"	"3d6.(3G).4s.4p.(3P*)"	"t 3G*"	"4"	9	9		
"2135.0994"	"2135.09902"	""		"7985.785"	"54807.250"	"3d7.(4F).4s"	"a 5F"	"2"	"3d7.(4F).5p"	"3D*"	"1"	5	3		
"2135.9605"	"2135.96004"	""		"7728.060"	"54530.653"	"3d7.(4F).4s"	"a 5F"	"3"	"3d7.(4F).5p"	"5D*"	"2"	7	5		
"2136.941"	"2136.94255"	""		"415.933"	"47197.010"	"3d6.4s2"	"a 5D"	"3"	"3d6.(3F2).4s.4p.(3P*)"	"x 3F*"	"2"	7	5		
"2138.0026"	"2138.00232"	""		"7376.764"	"54134.655"	"3d7.(4F).4s"	"a 5F"	"4"	"3d7.(4F).5p"	"5G*"	"3"	9	7		
"2138.5924"	"2138.59231"	"2.8e+06"	D+	"0.000"	"46744.993"	"3d6.4s2"	"a 5D"	"4"	"3d7.(4P).4p"	"u 5D*"	"3"	9	7		
"2139.6980"	"2139.69792"	""		"0.000"	"46720.842"	"3d6.4s2"	"a 5D"	"4"	"3d7.(4P).4p"	"u 5D*"	"4"	9	9		
""	"2139.72957"	""		"415.933"	"47136.084"	"3d6.4s2"	"a 5D"	"3"	"3d7.(4P).4p"	"w 3D*"	"2"	7	5		
"2139.9344"	"2139.93438"	""		"704.007"	"47419.687"	"3d6.4s2"	"a 5D"	"2"	"3d6.(3P2).4s.4p.(3P*)"	"1D*"	"2"	5	5		
"2141.0858"	"2141.08623"	""		"415.933"	"47106.484"	"3d6.4s2"	"a 5D"	"3"	"3d6.(3H).4s.4p.(3P*)"	"z 3H*"	"4"	7	9		
"2141.4717"	"2141.47186"	""		"6928.268"	"53610.412"	"3d7.(4F).4s"	"a 5F"	"5"	"3d7.(4F).5p"	"5D*"	"4"	11	9		
"2141.7181"	"2141.71803"	""		"415.933"	"47092.712"	"3d6.4s2"	"a 5D"	"3"	"3d6.(3F2).4s.4p.(3P*)"	"x 3F*"	"3"	7	7		
"2142.1460"	"2142.14493"	""		"888.132"	"47555.610"	"3d6.4s2"	"a 5D"	"1"	"3d7.(4P).4p"	"y 3S*"	"1"	3	3		
"2142.5662"	"2142.56902"	""		"6928.268"	"53586.510"	"3d7.(4F).4s"	"a 5F"	"5"	"3d7.(4F).5p"	"5G*"	"5"	11	11		
"2142.8316"	"2142.83110"	""		"8154.714"	"54807.250"	"3d7.(4F).4s"	"a 5F"	"1"	"3d7.(4F).5p"	"3D*"	"1"	3	3		
"2143.3692"	"2143.36957"	""		"7376.764"	"54017.581"	"3d7.(4F).4s"	"a 5F"	"4"	"3d7.(4F).5p"	"3G*"	"4"	9	9		
"2143.550"	"2143.54557"	""		"7376.764"	"54013.752"	"3d7.(4F).4s"	"a 5F"	"4"	"3d6.(3D).4s.4p.(3P*)"	"5F*"	"5"	9	11		
"2143.8964"	"2143.89696"	""		"7728.060"	"54357.405"	"3d7.(4F).4s"	"a 5F"	"3"	"3d7.(4F).5p"	"3G*"	"3"	7	7		
"2144.4485"	"2144.44843"	""		"7985.785"	"54603.140"	"3d7.(4F).4s"	"a 5F"	"2"	"3d7.(4F).5p"	"5D*"	"1"	5	3		
"2144.5681"	"2144.56971"	""		"7728.060"	"54342.779"	"3d7.(4F).4s"	"a 5F"	"3"	"3d7.(4F).5p"	"3D*"	"2"	7	5		
"2145.1895"	"2145.18938"	"5.7e+06"	C	"415.933"	"47017.188"	"3d6.4s2"	"a 5D"	"3"	"3d7.(4P).4p"	"w 3D*"	"3"	7	7		
"2146.2821"	"2146.28192"	""		"978.074"	"47555.610"	"3d6.4s2"	"a 5D"	"0"	"3d7.(4P).4p"	"y 3S*"	"1"	1	3		
"2146.7205"	"2146.72055"	""		"704.007"	"47272.027"	"3d6.4s2"	"a 5D"	"2"	"3d7.(4P).4p"	"w 3D*"	"1"	5	3		
"2147.0454"	"2147.04545"	""		"7728.060"	"54289.034"	"3d7.(4F).4s"	"a 5F"	"3"	"3d7.(4F).5p"	"3F*"	"3"	7	7		
"2147.479"	"2147.47447"	""		"8154.714"	"54706.387"	"3d7.(4F).4s"	"a 5F"	"1"	"3d7.(4F).5p"	"3F*"	"2"	3	5		
"2147.7883"	"2147.78848"	""		"7985.785"	"54530.653"	"3d7.(4F).4s"	"a 5F"	"2"	"3d7.(4F).5p"	"5D*"	"2"	5	5		
"2148.4031"	"2148.40304"	""		"888.132"	"47419.687"	"3d6.4s2"	"a 5D"	"1"	"3d6.(3P2).4s.4p.(3P*)"	"1D*"	"2"	3	5		
"2148.4928"	"2148.49244"	""		"7728.060"	"54257.679"	"3d7.(4F).4s"	"a 5F"	"3"	"3d7.(4F).5p"	"5G*"	"2"	7	5		
"2149.1786"	"2149.17876"	""		"7376.764"	"53891.526"	"3d7.(4F).4s"	"a 5F"	"4"	"3d6.(3D).4s.4p.(3P*)"	"5D*"	"3"	9	7		
"2149.6294"	"2149.62801"	""		"7376.764"	"53881.806"	"3d7.(4F).4s"	"a 5F"	"4"	"3d6.(3D).4s.4p.(3P*)"	"5F*"	"4"	9	9		
"2150.1847"	"2150.18470"	""		"704.007"	"47197.010"	"3d6.4s2"	"a 5D"	"2"	"3d6.(3F2).4s.4p.(3P*)"	"x 3F*"	"2"	5	5		
"2151.0023"	"2151.00151"	""		"7376.764"	"53852.114"	"3d7.(4F).4s"	"a 5F"	"4"	"3d7.(4F).5p"	"5G*"	"4"	9	9		
"2151.0994"	"2151.09978"	""		"704.007"	"47177.234"	"3d6.4s2"	"a 5D"	"2"	"3d7.(4P).4p"	"u 5D*"	"1"	5	3		
"2151.0994"	"2151.10061"	""		"415.933"	"46889.142"	"3d6.4s2"	"a 5D"	"3"	"3d6.(3F2).4s.4p.(3P*)"	"x 3F*"	"4"	7	9		
"2151.6953"	"2151.69517"	""		"6928.268"	"53388.637"	"3d7.(4F).4s"	"a 5F"	"5"	"3d7.(4F).5p"	"5F*"	"4"	11	9		
"2152.2487"	"2152.24848"	""		"8154.714"	"54603.140"	"3d7.(4F).4s"	"a 5F"	"1"	"3d7.(4F).5p"	"5D*"	"1"	3	3		
"2152.48007"	""	""		""	""	""	""	""	""	""	""				
"2153.0065"	"2153.00638"	"6.9e+06"	C	"704.007"	"47136.084"	"3d6.4s2"	"a 5D"	"2"	"3d7.(4P).4p"	"w 3D*"	"2"	5	5		
"2154.1244"	"2154.12416"	""		"7376.764"	"53784.750"	"3d7.(4F).4s"	"a 5F"	"4"	"3d7.(4F).5p"	"5D*"	"3"	9	7		
"2154.4454"	"2154.44564"	""		"12560.934"	"58961.996"	"3d7.(4F).4s"	"a 3F"	"3"	"3d6.4s.(4D).5p"	"3F*"	"2"	7	5		
"2154.4689"	"2154.46862"	""		"6928.268"	"53328.835"	"3d7.(4F).4s"	"a 5F"	"5"	"3d7.(4F).5p"	"3F*"	"4"	11	9		
"2155.0197"	"2155.01960"	""		"704.007"	"47092.712"	"3d6.4s2"	"a 5D"	"2"	"3d6.(3F2).4s.4p.(3P*)"	"x 3F*"	"3"	5	7		
"2155.2429"	"2155.24310"	""		"888.132"	"47272.027"	"3d6.4s2"	"a 5D"	"1"	"3d7.(4P).4p"	"w 3D*"	"1"	3	3		
"2155.6139"	"2155.61288"	""		"8154.714"	"54530.653"	"3d7.(4F).4s"	"a 5F"	"1"	"3d7.(4F).5p"	"5D*"	"2"	3	5		
"2155.6472"	"2155.64477"	""		"12968.554"	"59343.807"	"3d7.(4F).4s"	"a 3F"	"2"	"3d6.4s.(4D).5p"	"3P*"	"1"	5	3		
"2155.8144"	"2155.81368"	""		"7985.785"	"54357.405"	"3d7.(4F).4s"	"a 5F"	"2"	"3d7.(4F).5p"	"3G*"	"3"	5	7		
"2156.4301"	"2156.42973"	""		"11976.239"	"58334.613"	"3d7.(4F).4s"	"a 3F"	"4"	"3d6.(3H).4s.4p.(1P*)"	"3G*"	"4"	9	9		
"2156.4950"	"2156.49393"	""		"7985.785"	"54342.779"	"3d7.(4F).4s"	"a 5F"	"2"	"3d7.(4F).5p"	"3D*"	"2"	5	5		
"2157.7944"	"2157.79433"	""		"415.933"	"46744.993"	"3d6.4s2"	"a 5D"	"3"	"3d7.(4P).4p"	"u 5D*"	"3"	7	7		
"2158.4743"	"2158.47429"	""		"7728.060"	"54042.527"	"3d7.(4F).4s"	"a 5F"	"3"	"3d7.(4F).5p"	"5F*"	"2"	7	5		
"2158.5342"	"2158.53423"	""		"704.007"	"47017.188"	"3d6.4s2"	"a 5D"	"2"	"3d7.(4P).4p"	"w 3D*"	"3"	5	7		
"2158.6294"	"2158.62932"	""		"415.933"	"46727.074"	"3d6.4s2"	"a 5D"	"3"	"3d6.(3P2).4s.4p.(3P*)"	"y 3P*"	"2"	7	5		
"2158.7348"	"2158.73482"	""		"888.132"	"47197.010"	"3d6.4s2"	"a 5D"	"1"	"3d6.(3F2).4s.4p.(3P*)"	"x 3F*"	"2"	3	5		
"2158.9200"	"2158.91988"	""		"415.933"	"46720.842"	"3d6.4s2"	"a 5D"	"3"	"3d7.(4P).4p"	"u 5D*"	"4"	7	9		
"2158.9977"	"2158.99729"	""		"7985.785"	"54289.034"	"3d7.(4F).4s"	"a 5F"	"2"	"3d7.(4F).5p"	"3F*"	"3"	5	7		
"2159.150"	"2159.14783"	""		"11976.239"	"58276.260"	"3d7.(4F).4s"	"a 3F"	"4"	"3d6.4s.(4D).5p"	"3D*"	"3"	9	7		
"2159.4310"	"2159.43087"	""		"978.074"	"47272.027"	"3d6.4s2"	"a 5D"	"0"	"3d7.(4P).4p"	"w 3D*"	"1"	1	3		
"2159.6374"	"2159.63765"	""		"7728.060"	"54017.581"	"3d7.(4F).4s"	"a 5F"	"3"	"3d7.(4F).5p"	"3G*"	"4"	7	9		
"2159.6557"	"2159.65720"	""		"888.132"	"47177.234"	"3d6.4s2"	"a 5D"	"1"	"3d7.(4P).4p"	"u 5D*"	"1"	3	3		
"2159.8809"	"2159.88059"	""		"7376.764"	"53661.079"	"3d7.(4F).4s"	"a 5F"	"4"	"3d7.(4F).5p"	"5F*"	"3"	9	7		
"2159.9235"	"2159.92334"	""		"888.132"	"47171.531"	"3d6.4s2"	"a 5D"	"1"	"3d7.(4P).4p"	"u 5D*"	"0"	3	1		
"2160.2382"	"2160.23800"	""		"7728.060"	"54004.718"	"3d7.(4F).4s"	"a 5F"	"3"	"3d6.(3D).4s.4p.(3P*)"	"t 5P*"	"3"	7	7		
"2160.4615"	"2160.46044"	""		"7985.785"	"54257.679"	"3d7.(4F).4s"	"a 5F"	"2"	"3d7.(4F).5p"	"5G*"	"2"	5	5		
"2161.5790"	"2161.57900"	"5.0e+06"	D+	"888.132"	"47136.084"	"3d6.4s2"	"a 5D"	"1"	"3d7.(4P).4p"	"w 3D*"	"2"	3	5		
"2162.2479"	"2162.24784"	""		"7376.764"	"53610.412"	"3d7.(4F).4s"	"a 5F"	"4"	"3d7.(4F).5p"	"5D*"	"4"	9	9		
"2163.3665"	"2163.36638"	""		"7376.764"	"53586.510"	"3d7.(4F).4s"	"a 5F"	"4"	"3d7.(4F).5p"	"5G*"	"5"	9	11		
"2163.8622"	"2163.86215"	""		"978.074"	"47177.234"	"3d6.4s2"	"a 5D"	"0"	"3d7.(4P).4p"	"u 5D*"	"1"	1	3		
"2163.927"	"2163.92468"	""		"704.007"	"46901.832"	"3d6.4s2"	"a 5D"	"2"	"3d6.(3P2).4s.4p.(3P*)"	"y 3P*"	"1"	5	3		
"2164.3813"	"2164.38199"	""		"8154.714"	"54342.779"	"3d7.(4F).4s"	"a 5F"	"1"	"3d7.(4F).5p"	"3D*"	"2"	3	5		
"2164.5275"	"2164.52752"	""		"7728.060"	"53913.020"	"3d7.(4F).4s"	"a 5F"	"3"	"3d6.(3D).4s.4p.(3P*)"	"5D*"	"2"	7	5		
"2164.5487"	"2164.54861"	""		"704.007"	"46888.517"	"3d6.4s2"	"a 5D"	"2"	"3d7.(4P).4p"	"u 5D*"	"2"	5	5		
"2165.5351"	"2165.53545"	""		"7728.060"	"53891.526"	"3d7.(4F).4s"	"a 5F"	"3"	"3d6.(3D).4s.4p.(3P*)"	"5D*"	"3"	7	7		
"2165.8614"	"2165.86132"	""		"6928.268"	"53084.789"	"3d7.(4F).4s"	"a 5F"	"5"	"3d7.(4F).5p"	"5F*"	"5"	11	11		
"2165.9911"	"2165.99156"	""		"7728.060"	"53881.806"	"3d7.(4F).4s"	"a 5F"	"3"	"3d6.(3D).4s.4p.(3P*)"	"5F*"	"4"	7	9		
"2166.222"	"2166.22044"	""		"7985.785"	"54134.655"	"3d7.(4F).4s"	"a 5F"	"2"	"3d7.(4F).5p"	"5G*"	"3"	5	7		
"2166.5858"	"2166.58578"	""		"6928.268"	"53069.357"	"3d7.(4F).4s"	"a 5F"	"5"	"3d7.(4F).5p"	"5G*"	"6"	11	13		
"2166.7732"	"2166.77326"	"2.7e+08"	D+	"0.000"	"46137.097"	"3d6.4s2"	"a 5D"	"4"	"3d7.(4P).4p"	"w 5P*"	"3"	9	7		
"2167.2761"	"2167.27369"	""		"7985.785"	"54112.230"	"3d7.(4F).4s"	"a 5F"	"2"	"3d6.(3D).4s.4p.(3P*)"	"t 5P*"	"2"	5	5		
"2167.3860"	"2167.38605"	""		"7728.060"	"53852.114"	"3d7.(4F).4s"	"a 5F"	"3"	"3d7.(4F).5p"	"5G*"	"4"	7	9		
"2167.526"	"2167.52611"	""		"12968.554"	"59089.628"	"3d7.(4F).4s"	"a 3F"	"2"	"3d6.4s.(4D).5p"	"3F*"	"3"	5	7		
"2168.0565"	"2168.05655"	""		"7728.060"	"53837.851"	"3d7.(4F).4s"	"a 5F"	"3"	"3d7.(4F).5p"	"3D*"	"3"	7	7		
"2168.3776"	"2168.37759"	""		"8154.714"	"54257.679"	"3d7.(4F).4s"	"a 5F"	"1"	"3d7.(4F).5p"	"5G*"	"2"	3	5		
"2169.9436"	"2169.94317"	""		"8154.714"	"54224.420"	"3d7.(4F).4s"	"a 5F"	"1"	"3d7.(4F).5p"	"5F*"	"1"	3	3		
"2170.5298"	"2170.52929"	""		"11976.239"	"58033.506"	"3d7.(4F).4s"	"a 3F"	"4"	"3d6.4s.(4D).5p"	"5D*"	"3"	9	7		
"2170.5543"	"2170.55403"	""		"7985.785"	"54042.527"	"3d7.(4F).4s"	"a 5F"	"2"	"3d7.(4F).5p"	"5F*"	"2"	5	5		
"2170.5543"	"2170.55648"	""		"7728.060"	"53784.750"	"3d7.(4F).4s"	"a 5F"	"3"	"3d7.(4F).5p"	"5D*"	"3"	7	7		
"2171.2338"	"2171.23390"	""		"11976.239"	"58018.561"	"3d7.(4F).4s"	"a 3F"	"4"	"3d6.(3H).4s.4p.(1P*)"	"3G*"	"5"	9	11		
"2171.2970"	"2171.29691"	"5.1e+06"	D+	"704.007"	"46744.993"	"3d6.4s2"	"a 5D"	"2"	"3d7.(4P).4p"	"u 5D*"	"3"	5	7		
"2171.3702"	"2171.37125"	""		"12560.934"	"58600.344"	"3d7.(4F).4s"	"a 3F"	"3"	"3d6.(3H).4s.4p.(1P*)"	"3G*"	"3"	7	7		
"2172.1423"	"2172.14239"	""		"704.007"	"46727.074"	"3d6.4s2"	"a 5D"	"2"	"3d6.(3P2).4s.4p.(3P*)"	"y 3P*"	"2"	5	5		
"2172.225"	"2172.22368"	""		"7728.060"	"53749.405"	"3d7.(4F).4s"	"a 5F"	"3"	"3d6.(3G).4s.4p.(3P*)"	"3F*"	"2"	7	5		
"2172.5847"	"2172.58462"	""		"888.132"	"46901.832"	"3d6.4s2"	"a 5D"	"1"	"3d6.(3P2).4s.4p.(3P*)"	"y 3P*"	"1"	3	3		
"2172.6708"	"2172.67090"	""		"7376.764"	"53388.637"	"3d7.(4F).4s"	"a 5F"	"4"	"3d7.(4F).5p"	"5F*"	"4"	9	9		
"2173.2136"	"2173.21355"	"8.3e+06"	D+	"888.132"	"46888.517"	"3d6.4s2"	"a 5D"	"1"	"3d7.(4P).4p"	"u 5D*"	"2"	3	5		
"2173.469"	"2173.46712"	""		"7728.060"	"53723.079"	"3d7.(4F).4s"	"a 5F"	"3"	"3d6.(3D).4s.4p.(3P*)"	"5F*"	"2"	7	5		
"2173.543"	"2173.54165"	""		"12968.554"	"58961.996"	"3d7.(4F).4s"	"a 3F"	"2"	"3d6.4s.(4D).5p"	"3F*"	"2"	5	5		
"2173.706"	"2173.7063"	""		"7985.785"	"53975.744"	"3d7.(4F).4s"	"a 5F"	"2"	"3d6.(3D).4s.4p.(3P*)"	"5D*"	"1"	5	3		
"2174.1429"	"2174.14163"	""		"7376.764"	"53357.515"	"3d7.(4F).4s"	"a 5F"	"4"	"3d6.(3G).4s.4p.(3P*)"	"3F*"	"3"	9	7		
"2175.239"	"2175.24094"	""		"8154.714"	"54112.230"	"3d7.(4F).4s"	"a 5F"	"1"	"3d6.(3D).4s.4p.(3P*)"	"t 5P*"	"2"	3	5		
"2175.4989"	"2175.49872"	""		"7376.764"	"53328.835"	"3d7.(4F).4s"	"a 5F"	"4"	"3d7.(4F).5p"	"3F*"	"4"	9	9		
"2176.0233"	"2176.02232"	""		"11976.239"	"57917.254"	"3d7.(4F).4s"	"a 3F"	"4"	"3d6.4s.(4D).5p"	"3F*"	"4"	9	9		
"2176.2280"	"2176.22797"	""		"7376.764"	"53313.438"	"3d7.(4F).4s"	"a 5F"	"4"	"3d6.(3G).4s.4p.(3P*)"	"y 1H*"	"5"	9	11		
"2176.4006"	"2176.40116"	""		"7728.060"	"53661.079"	"3d7.(4F).4s"	"a 5F"	"3"	"3d7.(4F).5p"	"5F*"	"3"	7	7		
"2176.677"	"2176.67528"	""		"7985.785"	"53913.020"	"3d7.(4F).4s"	"a 5F"	"2"	"3d6.(3D).4s.4p.(3P*)"	"5D*"	"2"	5	5		
"2176.8401"	"2176.84010"	"1.0e+07"	C+	"978.074"	"46901.832"	"3d6.4s2"	"a 5D"	"0"	"3d6.(3P2).4s.4p.(3P*)"	"y 3P*"	"1"	1	3		
"2177.697"	"2177.69455"	""		"7985.785"	"53891.526"	"3d7.(4F).4s"	"a 5F"	"2"	"3d6.(3D).4s.4p.(3P*)"	"5D*"	"3"	5	7		
"2178.0806"	"2178.08067"	""		"415.933"	"46313.537"	"3d6.4s2"	"a 5D"	"3"	"3d7.(4P).4p"	"w 5P*"	"2"	7	5		
"2178.1185"	"2178.11831"	""		"704.007"	"46600.818"	"3d6.4s2"	"a 5D"	"2"	"3d6.(3P2).4s.4p.(3P*)"	"z 3S*"	"1"	5	3		
"2178.805"	"2178.80478"	""		"7728.060"	"53610.412"	"3d7.(4F).4s"	"a 5F"	"3"	"3d7.(4F).5p"	"5D*"	"4"	7	9		
"2178.981"	"2178.97666"	""		"6928.268"	"52807.001"	"3d7.(4F).4s"	"a 5F"	"5"	"3d7.(4F).5p"	"3G*"	"5"	11	11		
"2180.250"	"2180.24406"	""		"7985.785"	"53837.851"	"3d7.(4F).4s"	"a 5F"	"2"	"3d7.(4F).5p"	"3D*"	"3"	5	7		
"2180.869"	"2180.86835"	""		"888.132"	"46727.074"	"3d6.4s2"	"a 5D"	"1"	"3d6.(3P2).4s.4p.(3P*)"	"y 3P*"	"2"	3	5		
"2181.1406"	"2181.14050"	""		"0.000"	"45833.223"	"3d6.4s2"	"a 5D"	"4"	"3d6.(3F2).4s.4p.(3P*)"	"x 5G*"	"4"	9	9		
"2181.652"	"2181.64759"	""		"7985.785"	"53808.356"	"3d7.(4F).4s"	"a 5F"	"2"	"3d7.(2P).4p"	"x 3S*"	"1"	5	3		
"2181.7186"	"2181.7210"	""		"8154.714"	"53975.744"	"3d7.(4F).4s"	"a 5F"	"1"	"3d6.(3D).4s.4p.(3P*)"	"5D*"	"1"	3	3		
"2183.4664"	"2183.46626"	""		"888.132"	"46672.540"	"3d6.4s2"	"a 5D"	"1"	"3d6.(3P2).4s.4p.(3P*)"	"y 3P*"	"0"	3	1		
"2183.9797"	"2183.97811"	""		"12560.934"	"58334.613"	"3d7.(4F).4s"	"a 3F"	"3"	"3d6.(3H).4s.4p.(1P*)"	"3G*"	"4"	7	9		
"2184.4601"	"2184.45820"	""		"7985.785"	"53749.405"	"3d7.(4F).4s"	"a 5F"	"2"	"3d6.(3G).4s.4p.(3P*)"	"3F*"	"2"	5	5		
"2185.2138"	"2185.21326"	""		"7985.785"	"53733.594"	"3d7.(4F).4s"	"a 5F"	"2"	"3d6.(3D).4s.4p.(3P*)"	"5F*"	"3"	5	7		
"2186.2496"	"2186.24939"	""		"0.000"	"45726.130"	"3d6.4s2"	"a 5D"	"4"	"3d6.(3F2).4s.4p.(3P*)"	"x 5G*"	"5"	9	11		
"2186.4868"	"2186.48687"	""		"415.933"	"46137.097"	"3d6.4s2"	"a 5D"	"3"	"3d7.(4P).4p"	"w 5P*"	"3"	7	7		
"2186.767"	"2186.76612"	""		"12560.934"	"58276.260"	"3d7.(4F).4s"	"a 3F"	"3"	"3d6.4s.(4D).5p"	"3D*"	"3"	7	7		
"2186.8924"	"2186.89243"	""		"888.132"	"46600.818"	"3d6.4s2"	"a 5D"	"1"	"3d6.(3P2).4s.4p.(3P*)"	"z 3S*"	"1"	3	3		
"2187.119"	"2187.11545"	""		"7376.764"	"53084.789"	"3d7.(4F).4s"	"a 5F"	"4"	"3d7.(4F).5p"	"5F*"	"5"	9	11		
"2187.1943"	"2187.19447"	""		"704.007"	"46410.381"	"3d6.4s2"	"a 5D"	"2"	"3d7.(4P).4p"	"w 5P*"	"1"	5	3		
"2189.1877"	"2189.18775"	""		"11976.239"	"57641.001"	"3d7.(4F).4s"	"a 3F"	"4"	"3d6.(3D).4s.4p.(3P*)"	"t 3F*"	"3"	9	7		
"2189.3884"	"2189.38842"	""		"7728.060"	"53388.637"	"3d7.(4F).4s"	"a 5F"	"3"	"3d7.(4F).5p"	"5F*"	"4"	7	9		
"2190.7696"	"2190.76975"	""		"12968.554"	"58600.344"	"3d7.(4F).4s"	"a 3F"	"2"	"3d6.(3H).4s.4p.(1P*)"	"3G*"	"3"	5	7		
"2190.8810"	"2190.88187"	""		"7728.060"	"53357.515"	"3d7.(4F).4s"	"a 5F"	"3"	"3d6.(3G).4s.4p.(3P*)"	"3F*"	"3"	7	7		
"2191.2042"	"2191.20418"	"7.3e+06"	C	"978.074"	"46600.818"	"3d6.4s2"	"a 5D"	"0"	"3d6.(3P2).4s.4p.(3P*)"	"z 3S*"	"1"	1	3		
"2191.8389"	"2191.83908"	"1.2e+08"	C+	"704.007"	"46313.537"	"3d6.4s2"	"a 5D"	"2"	"3d7.(4P).4p"	"w 5P*"	"2"	5	5		
"2192.261"	"2192.25994"	""		"7728.060"	"53328.835"	"3d7.(4F).4s"	"a 5F"	"3"	"3d7.(4F).5p"	"3F*"	"4"	7	9		
"2192.8232"	"2192.82306"	""		"11976.239"	"57565.305"	"3d7.(4F).4s"	"a 3F"	"4"	"3d6.(3P2).4s.4p.(1P*)"	"3D*"	"3"	9	7		
"2193.4102"	"2193.41014"	""		"7376.764"	"52953.629"	"3d7.(4F).4s"	"a 5F"	"4"	"3d6.(3G).4s.4p.(3P*)"	"3F*"	"4"	9	9		
"2193.5600"	"2193.55907"	""		"11976.239"	"57550.010"	"3d7.(4F).4s"	"a 3F"	"4"	"3d6.(3D).4s.4p.(3P*)"	"t 3F*"	"4"	9	9		
"2196.0418"	"2196.04199"	"1.2e+08"	C+	"888.132"	"46410.381"	"3d6.4s2"	"a 5D"	"1"	"3d7.(4P).4p"	"w 5P*"	"1"	3	3		
"2197.2340"	"2197.23359"	""		"415.933"	"45913.497"	"3d6.4s2"	"a 5D"	"3"	"3d6.(3F2).4s.4p.(3P*)"	"x 5G*"	"3"	7	7		
"2200.086"	"2200.0887"	""		"12560.934"	"57999.461"	"3d7.(4F).4s"	"a 3F"	"3"	"3d6.4s.(4D).5p"	"3P*"	"2"	7	5		
"2200.3519"	"2200.35200"	""		"704.007"	"46137.097"	"3d6.4s2"	"a 5D"	"2"	"3d7.(4P).4p"	"w 5P*"	"3"	5	7		
"2200.3898"	"2200.38993"	"8.9e+07"	C	"978.074"	"46410.381"	"3d6.4s2"	"a 5D"	"0"	"3d7.(4P).4p"	"w 5P*"	"1"	1	3		
"2200.4914"	"2200.49020"	""		"7376.764"	"52807.001"	"3d7.(4F).4s"	"a 5F"	"4"	"3d7.(4F).5p"	"3G*"	"5"	9	11		
"2200.577"	"2200.57909"	""		"0.000"	"45428.402"	"3d6.4s2"	"a 5D"	"4"	"3d6.(3H).4s.4p.(3P*)"	"y 3G*"	"4"	9	9		
"2200.7241"	"2200.72429"	"2.8e+07"	C	"888.132"	"46313.537"	"3d6.4s2"	"a 5D"	"1"	"3d7.(4P).4p"	"w 5P*"	"2"	3	5		
"2201.1178"	"2201.11755"	""		"415.933"	"45833.223"	"3d6.4s2"	"a 5D"	"3"	"3d6.(3F2).4s.4p.(3P*)"	"x 5G*"	"4"	7	9		
"2204.074"	"2204.07669"	""		"12560.934"	"57917.254"	"3d7.(4F).4s"	"a 3F"	"3"	"3d6.4s.(4D).5p"	"3F*"	"4"	7	9		
"2206.440"	"2206.44185"	""		"12968.554"	"58276.260"	"3d7.(4F).4s"	"a 3F"	"2"	"3d6.4s.(4D).5p"	"3D*"	"3"	5	7		
"2207.0684"	"2207.06836"	""		"0.000"	"45294.846"	"3d6.4s2"	"a 5D"	"4"	"3d6.(3H).4s.4p.(3P*)"	"y 3G*"	"5"	9	11		
"2208.723"	"2208.72141"	""		"704.007"	"45964.957"	"3d6.4s2"	"a 5D"	"2"	"3d6.(3F2).4s.4p.(3P*)"	"x 5G*"	"2"	5	5		
"2210.6883"	"2210.68847"	""		"0.000"	"45220.681"	"3d6.4s2"	"a 5D"	"4"	"3d6.(3P2).4s.4p.(3P*)"	"x 3D*"	"3"	9	7		
"2211.2353"	"2211.23576"	""		"704.007"	"45913.497"	"3d6.4s2"	"a 5D"	"2"	"3d6.(3F2).4s.4p.(3P*)"	"x 5G*"	"3"	5	7		
"2213.481"	"2213.47813"	""		"12968.554"	"58132.249"	"3d7.(4F).4s"	"a 3F"	"2"	"3d6.4s.(4D).5p"	"3D*"	"2"	5	5		
"2214.257"	"2214.25715"	""		"12560.934"	"57708.741"	"3d7.(4F).4s"	"a 3F"	"3"	"3d6.(3D).4s.4p.(3P*)"	"t 3F*"	"2"	7	5		
"2217.585"	"2217.58476"	""		"12560.934"	"57641.001"	"3d7.(4F).4s"	"a 3F"	"3"	"3d6.(3D).4s.4p.(3P*)"	"t 3F*"	"3"	7	7		
"2217.7430"	"2217.74427"	""		"888.132"	"45964.957"	"3d6.4s2"	"a 5D"	"1"	"3d6.(3F2).4s.4p.(3P*)"	"x 5G*"	"2"	3	5		
"2220.9150"	"2220.91538"	""		"415.933"	"45428.402"	"3d6.4s2"	"a 5D"	"3"	"3d6.(3H).4s.4p.(3P*)"	"y 3G*"	"4"	7	9		
"2221.317"	"2221.31504"	""		"12560.934"	"57565.305"	"3d7.(4F).4s"	"a 3F"	"3"	"3d6.(3P2).4s.4p.(1P*)"	"3D*"	"3"	7	7		
"2222.071"	"2222.07030"	""		"12560.934"	"57550.010"	"3d7.(4F).4s"	"a 3F"	"3"	"3d6.(3D).4s.4p.(3P*)"	"t 3F*"	"4"	7	9		
"2222.7632"	"2222.76276"	""		"11976.239"	"56951.301"	"3d7.(4F).4s"	"a 3F"	"4"	"3d7.(2H).4p"	"v 1G*"	"4"	9	9		
"2223.767"	"2223.76173"	""		"7728.060"	"52682.920"	"3d7.(4F).4s"	"a 5F"	"3"	"3d7.(2D2).4p"	"t 3D*"	"2"	7	5		
"2227.868"	"2227.86756"	""		"7985.785"	"52857.804"	"3d7.(4F).4s"	"a 5F"	"2"	"3d7.(2D2).4p"	"t 3D*"	"1"	5	3		
"2228.1715"	"2228.17144"	"2.1e+06"	D+	"415.933"	"45281.833"	"3d6.4s2"	"a 5D"	"3"	"3d6.(3P2).4s.4p.(3P*)"	"x 3D*"	"2"	7	5		
"2228.5174"	"2228.51584"	""		"704.007"	"45562.974"	"3d6.4s2"	"a 5D"	"2"	"3d6.(3H).4s.4p.(3P*)"	"y 3G*"	"3"	5	7		
"2229.0732"	"2229.07277"	""		"704.007"	"45551.767"	"3d6.4s2"	"a 5D"	"2"	"3d6.(3P2).4s.4p.(3P*)"	"x 3D*"	"1"	5	3		
"2231.101"	"2231.09658"	""		"11976.239"	"56783.322"	"3d7.(4F).4s"	"a 3F"	"4"	"3d6.(1G2).4s.4p.(3P*)"	"u 3F*"	"3"	9	7		
"2231.2130"	"2231.21287"	""		"415.933"	"45220.681"	"3d6.4s2"	"a 5D"	"3"	"3d6.(3P2).4s.4p.(3P*)"	"x 3D*"	"3"	7	7		
"2234.4327"	"2234.43287"	""		"12968.554"	"57708.741"	"3d7.(4F).4s"	"a 3F"	"2"	"3d6.(3D).4s.4p.(3P*)"	"t 3F*"	"2"	5	5		
"2237.817"	"2237.82143"	""		"12968.554"	"57641.001"	"3d7.(4F).4s"	"a 3F"	"2"	"3d6.(3D).4s.4p.(3P*)"	"t 3F*"	"3"	5	7		
""	"2238.26298"	""		"888.132"	"45551.767"	"3d6.4s2"	"a 5D"	"1"	"3d6.(3P2).4s.4p.(3P*)"	"x 3D*"	"1"	3	3		
"2240.6297"	"2240.62963"	""		"11976.239"	"56592.703"	"3d7.(4F).4s"	"a 3F"	"4"	"3d6.(1G2).4s.4p.(3P*)"	"u 3F*"	"4"	9	9		
"2242.5699"	"2242.57189"	""		"704.007"	"45281.833"	"3d6.4s2"	"a 5D"	"2"	"3d6.(3P2).4s.4p.(3P*)"	"x 3D*"	"2"	5	5		
"2242.7807"	"2242.77985"	""		"978.074"	"45551.767"	"3d6.4s2"	"a 5D"	"0"	"3d6.(3P2).4s.4p.(3P*)"	"x 3D*"	"1"	1	3		
"2243.908"	"2243.90549"	""		"0.000"	"44551.335"	"3d6.4s2"	"a 5D"	"4"	"3d6.(3F2).4s.4p.(3P*)"	"w 5F*"	"3"	9	7		
"2245.0734"	"2245.07114"	""		"8154.714"	"52682.920"	"3d7.(4F).4s"	"a 5F"	"1"	"3d7.(2D2).4p"	"t 3D*"	"2"	3	5		
"2245.6526"	"2245.65278"	""		"704.007"	"45220.681"	"3d6.4s2"	"a 5D"	"2"	"3d6.(3P2).4s.4p.(3P*)"	"x 3D*"	"3"	5	7		
"2247.244"	"2247.24328"	""		"7728.060"	"52213.230"	"3d7.(4F).4s"	"a 5F"	"3"	"3d7.(2D2).4p"	"t 3D*"	"3"	7	7		
"2247.4607"	"2247.46126"	""		"6928.268"	"51409.124"	"3d7.(4F).4s"	"a 5F"	"5"	"3d6.(3G).4s.4p.(3P*)"	"x 3H*"	"4"	11	9		
"2248.8600"	"2248.86018"	""		"6928.268"	"51381.457"	"3d7.(4F).4s"	"a 5F"	"5"	"3d6.(5D).4s (6D).5p"	"u 5F*"	"4"	11	9		
"2250.7902"	"2250.79023"	"1.23e+06"	C+	"0.000"	"44415.074"	"3d6.4s2"	"a 5D"	"4"	"3d6.(3F2).4s.4p.(3P*)"	"w 5F*"	"4"	9	9		
"2251.230"	"2251.22876"	""		"11976.239"	"56382.662"	"3d7.(4F).4s"	"a 3F"	"4"	"3d6.(1I).4s.4p.(3P*)"	"u 3H*"	"5"	9	11		
"2251.8732"	"2251.87396"	""		"888.132"	"45281.833"	"3d6.4s2"	"a 5D"	"1"	"3d6.(3P2).4s.4p.(3P*)"	"x 3D*"	"2"	3	5		
"2252.752"	"2252.75523"	""		"6928.268"	"51304.604"	"3d7.(4F).4s"	"a 5F"	"5"	"3d7.(2D2).4p"	"v 3F*"	"4"	11	9		
"2255.8609"	"2255.86102"	""		"7376.764"	"51692.010"	"3d7.(4F).4s"	"a 5F"	"4"	"3d6.(5D).4s (6D).5p"	"u 5P*"	"3"	9	7		
"2256.070"	"2256.07033"	""		"7985.785"	"52296.920"	"3d7.(4F).4s"	"a 5F"	"2"	"3d7.(2P).4p"	"u 3D*"	"2"	5	5		
"2256.7548"	"2256.75366"	""		"12560.934"	"56858.653"	"3d7.(4F).4s"	"a 3F"	"3"	"3d6.(1G2).4s.4p.(3P*)"	"u 3F*"	"2"	7	5		
"2259.2825"	"2259.28244"	"1.3e+06"	C	"415.933"	"44664.075"	"3d6.4s2"	"a 5D"	"3"	"3d6.(3F2).4s.4p.(3P*)"	"v 5D*"	"2"	7	5		
"2259.5101"	"2259.51006"	"5.66e+06"	B+	"0.000"	"44243.685"	"3d6.4s2"	"a 5D"	"4"	"3d6.(3F2).4s.4p.(3P*)"	"w 5F*"	"5"	9	11		
"2259.5802"	"2259.58018"	""		"7376.764"	"51619.076"	"3d7.(4F).4s"	"a 5F"	"4"	"3d6.(5D).4s (6D).5p"	"u 5F*"	"3"	9	7		
"2260.5971"	"2260.59831"	""		"12560.934"	"56783.322"	"3d7.(4F).4s"	"a 3F"	"3"	"3d6.(1G2).4s.4p.(3P*)"	"u 3F*"	"3"	7	7		
"2260.8871"	"2260.88791"	""		"7728.060"	"51944.784"	"3d7.(4F).4s"	"a 5F"	"3"	"3d6.(5D).4s (6D).5p"	"u 5P*"	"2"	7	5		
"2261.9968"	"2261.99756"	""		"7985.785"	"52180.820"	"3d7.(4F).4s"	"a 5F"	"2"	"3d7.(2P).4p"	"1P*"	"1"	5	3		
"2263.4741"	"2263.47419"	""		"0.000"	"44166.206"	"3d6.4s2"	"a 5D"	"4"	"3d6.(3F2).4s.4p.(3P*)"	"v 5D*"	"3"	9	7		
"2264.3891"	"2264.38924"	""		"6928.268"	"51076.628"	"3d7.(4F).4s"	"a 5F"	"5"	"3d6.(5D).4s (6D).5p"	"t 5D*"	"4"	11	9		
"2265.0541"	"2265.05412"	"1.43e+06"	C	"415.933"	"44551.335"	"3d6.4s2"	"a 5D"	"3"	"3d6.(3F2).4s.4p.(3P*)"	"w 5F*"	"3"	7	7		
"2265.595"	"2265.59758"	""		"7985.785"	"52110.601"	"3d7.(4F).4s"	"a 5F"	"2"	"3d6.(5D).4s (6D).5p"	"u 5P*"	"1"	5	3		
"2265.758"	"2265.76289"	""		"11976.239"	"56097.836"	"3d7.(4F).4s"	"a 3F"	"4"	"3d6.(3G).4s.4p.(3P*)"	"1F*"	"3"	9	7		
"2266.9058"	"2266.90586"	""		"7728.060"	"51827.413"	"3d7.(4F).4s"	"a 5F"	"3"	"3d6.(5D).4s (6D).5p"	"u 5F*"	"2"	7	5		
"2267.0845"	"2267.08447"	"4.57e+06"	B	"415.933"	"44511.812"	"3d6.4s2"	"a 5D"	"3"	"3d7.(4P).4p"	"y 5S*"	"2"	7	5		
"2267.4694"	"2267.46950"	""		"6928.268"	"51016.660"	"3d7.(4F).4s"	"a 5F"	"5"	"3d6.(5D).4s (6D).5p"	"u 5F*"	"5"	11	11		
"2269.0987"	"2269.09873"	""		"704.007"	"44760.746"	"3d6.4s2"	"a 5D"	"2"	"3d6.(3F2).4s.4p.(3P*)"	"v 5D*"	"1"	5	3		
"2270.678"	"2270.67770"	""		"8154.714"	"52180.820"	"3d7.(4F).4s"	"a 5F"	"1"	"3d7.(2P).4p"	"1P*"	"1"	3	3		
"2270.8624"	"2270.86242"	""		"0.000"	"44022.525"	"3d6.4s2"	"a 5D"	"4"	"3d6.(3F2).4s.4p.(3P*)"	"v 5D*"	"4"	9	9		
"2271.7828"	"2271.78273"	""		"7376.764"	"51381.457"	"3d7.(4F).4s"	"a 5F"	"4"	"3d6.(5D).4s (6D).5p"	"u 5F*"	"4"	9	9		
"2272.0694"	"2272.06942"	"2.92e+06"	B+	"415.933"	"44415.074"	"3d6.4s2"	"a 5D"	"3"	"3d6.(3F2).4s.4p.(3P*)"	"w 5F*"	"4"	7	9		
"2272.6167"	"2272.61666"	""		"7376.764"	"51365.311"	"3d7.(4F).4s"	"a 5F"	"4"	"3d7.(2D2).4p"	"v 3F*"	"3"	9	7		
"2272.8192"	"2272.81922"	""		"7376.764"	"51361.391"	"3d7.(4F).4s"	"a 5F"	"4"	"3d6.(5D).4s (6D).5p"	"t 5D*"	"3"	9	7		
"2273.892"	"2273.88827"	""		"7728.060"	"51692.010"	"3d7.(4F).4s"	"a 5F"	"3"	"3d6.(5D).4s (6D).5p"	"u 5P*"	"3"	7	7		
"2274.0907"	"2274.08909"	""		"704.007"	"44664.075"	"3d6.4s2"	"a 5D"	"2"	"3d6.(3F2).4s.4p.(3P*)"	"v 5D*"	"2"	5	5		
"2274.0907"	"2274.09095"	""		"7985.785"	"51945.817"	"3d7.(4F).4s"	"a 5F"	"2"	"3d6.(5D).4s (6D).5p"	"u 5F*"	"1"	5	3		
"2274.138"	"2274.14439"	""		"7985.785"	"51944.784"	"3d7.(4F).4s"	"a 5F"	"2"	"3d6.(5D).4s (6D).5p"	"u 5P*"	"2"	5	5		
"2274.303"	"2274.30541"	""		"8154.714"	"52110.601"	"3d7.(4F).4s"	"a 5F"	"1"	"3d6.(5D).4s (6D).5p"	"u 5P*"	"1"	3	3		
"2275.1914"	"2275.19159"	"6.19e+06"	D+	"888.132"	"44826.900"	"3d6.4s2"	"a 5D"	"1"	"3d6.(3F2).4s.4p.(3P*)"	"v 5D*"	"0"	3	1		
"2275.5968"	"2275.59709"	""		"11976.239"	"55907.178"	"3d7.(4F).4s"	"a 3F"	"4"	"3d7.(2H).4p"	"1H*"	"5"	9	11		
"2275.679"	"2275.68216"	""		"11976.239"	"55905.536"	"3d7.(4F).4s"	"a 3F"	"4"	"3d6.(1G2).4s.4p.(3P*)"	"s 3G*"	"4"	9	9		
"2275.757"	"2275.75764"	""		"7376.764"	"51304.604"	"3d7.(4F).4s"	"a 5F"	"4"	"3d7.(2D2).4p"	"v 3F*"	"4"	9	9		
"2276.0257"	"2276.02564"	"1.25e+07"	D+	"0.000"	"43922.668"	"3d6.4s2"	"a 5D"	"4"	"3d6.(3P2).4s.4p.(3P*)"	"w 5D*"	"3"	9	7		
"2277.1003"	"2277.10030"	""		"7728.060"	"51630.001"	"3d7.(4F).4s"	"a 5F"	"3"	"3d6.(5D).4s (6D).5p"	"t 5D*"	"2"	7	5		
"2277.6670"	"2277.66715"	""		"7728.060"	"51619.076"	"3d7.(4F).4s"	"a 5F"	"3"	"3d6.(5D).4s (6D).5p"	"u 5F*"	"3"	7	7		
"2277.7146"	"2277.71474"	""		"12968.554"	"56858.653"	"3d7.(4F).4s"	"a 3F"	"2"	"3d6.(1G2).4s.4p.(3P*)"	"u 3F*"	"2"	5	5		
"2278.623"	"2278.62259"	""		"888.132"	"44760.746"	"3d6.4s2"	"a 5D"	"1"	"3d6.(3F2).4s.4p.(3P*)"	"v 5D*"	"1"	3	3		
"2278.780"	"2278.78325"	""		"415.933"	"44285.454"	"3d6.4s2"	"a 5D"	"3"	"3d6.(3F2).4s.4p.(3P*)"	"w 5F*"	"2"	7	5		
"2279.153"	"2279.15590"	""		"12560.934"	"56423.283"	"3d7.(4F).4s"	"a 3F"	"3"	"3d6.(1I).4s.4p.(3P*)"	"u 3H*"	"4"	7	9		
"2279.9370"	"2279.93675"	"1.88e+06"	B+	"704.007"	"44551.335"	"3d6.4s2"	"a 5D"	"2"	"3d6.(3F2).4s.4p.(3P*)"	"w 5F*"	"3"	5	7		
"2280.2099"	"2280.21026"	""		"7985.785"	"51827.854"	"3d7.(4F).4s"	"a 5F"	"2"	"3d6.(5D).4s (6D).5p"	"t 5D*"	"1"	5	3		
"2280.2331"	"2280.23320"	""		"7985.785"	"51827.413"	"3d7.(4F).4s"	"a 5F"	"2"	"3d6.(5D).4s (6D).5p"	"u 5F*"	"2"	5	5		
"2281.629"	"2281.63119"	""		"12968.554"	"56783.322"	"3d7.(4F).4s"	"a 3F"	"2"	"3d6.(1G2).4s.4p.(3P*)"	"u 3F*"	"3"	5	7		
"2281.9931"	"2281.99387"	""		"704.007"	"44511.812"	"3d6.4s2"	"a 5D"	"2"	"3d7.(4P).4p"	"y 5S*"	"2"	5	5		
"2282.8643"	"2282.86431"	""		"8154.714"	"51945.817"	"3d7.(4F).4s"	"a 5F"	"1"	"3d6.(5D).4s (6D).5p"	"u 5F*"	"1"	3	3		
"2282.922"	"2282.91817"	""		"8154.714"	"51944.784"	"3d7.(4F).4s"	"a 5F"	"1"	"3d6.(5D).4s (6D).5p"	"u 5P*"	"2"	3	5		
"2283.0872"	"2283.08731"	""		"8154.714"	"51941.540"	"3d7.(4F).4s"	"a 5F"	"1"	"3d6.(5D).4s (6D).5p"	"t 5D*"	"0"	3	1		
"2283.3040"	"2283.30395"	"2.59e+06"	B+	"978.074"	"44760.746"	"3d6.4s2"	"a 5D"	"0"	"3d6.(3F2).4s.4p.(3P*)"	"v 5D*"	"1"	1	3		
"2283.6551"	"2283.65496"	"1.53e+06"	C	"888.132"	"44664.075"	"3d6.4s2"	"a 5D"	"1"	"3d6.(3F2).4s.4p.(3P*)"	"v 5D*"	"2"	3	5		
"2284.0855"	"2284.08535"	"1.29e+07"	C	"415.933"	"44183.628"	"3d6.4s2"	"a 5D"	"3"	"3d6.(3P2).4s.4p.(3P*)"	"w 5D*"	"2"	7	5		
"2286.443"	"2286.44542"	""		"7985.785"	"51708.307"	"3d7.(4F).4s"	"a 5F"	"2"	"3d7.(2P).4p"	"y 1D*"	"2"	5	5		
"2287.2495"	"2287.24949"	"2.23e+07"	B+	"704.007"	"44411.160"	"3d6.4s2"	"a 5D"	"2"	"3d6.(3P2).4s.4p.(3P*)"	"w 5D*"	"1"	5	3		
"2287.293"	"2287.29806"	""		"7985.785"	"51692.010"	"3d7.(4F).4s"	"a 5F"	"2"	"3d6.(5D).4s (6D).5p"	"u 5P*"	"3"	5	7		
"2287.6310"	"2287.63103"	""		"7376.764"	"51076.628"	"3d7.(4F).4s"	"a 5F"	"4"	"3d6.(5D).4s (6D).5p"	"t 5D*"	"4"	9	9		
"2288.616"	"2288.61570"	""		"7728.060"	"51409.124"	"3d7.(4F).4s"	"a 5F"	"3"	"3d6.(3G).4s.4p.(3P*)"	"x 3H*"	"4"	7	9		
"2288.9681"	"2288.96834"	""		"704.007"	"44378.342"	"3d6.4s2"	"a 5D"	"2"	"3d6.(3F2).4s.4p.(3P*)"	"w 5F*"	"1"	5	3		
"2289.0308"	"2289.03098"	""		"8154.714"	"51827.854"	"3d7.(4F).4s"	"a 5F"	"1"	"3d6.(5D).4s (6D).5p"	"t 5D*"	"1"	3	3		
"2289.0544"	"2289.05410"	""		"8154.714"	"51827.413"	"3d7.(4F).4s"	"a 5F"	"1"	"3d6.(5D).4s (6D).5p"	"u 5F*"	"2"	3	5		
"2290.0660"	"2290.06633"	""		"7728.060"	"51381.457"	"3d7.(4F).4s"	"a 5F"	"3"	"3d6.(5D).4s (6D).5p"	"u 5F*"	"4"	7	9		
"2290.477"	"2290.4761"	""		"19390.168"	"63035.756"	"3d6.4s2"	"a 3H"	"6"	"3d6.(3G).4s.4p.(1P*)"	"3H*"	"6"	13	13		
"2290.5480"	"2290.54811"	""		"7985.785"	"51630.001"	"3d7.(4F).4s"	"a 5F"	"2"	"3d6.(5D).4s (6D).5p"	"t 5D*"	"2"	5	5		
"2290.7744"	"2290.77488"	""		"7376.764"	"51016.660"	"3d7.(4F).4s"	"a 5F"	"4"	"3d6.(5D).4s (6D).5p"	"u 5F*"	"5"	9	11		
"2290.9131"	"2290.91374"	""		"7728.060"	"51365.311"	"3d7.(4F).4s"	"a 5F"	"3"	"3d7.(2D2).4p"	"v 3F*"	"3"	7	7		
"2291.1198"	"2291.11957"	""		"7728.060"	"51361.391"	"3d7.(4F).4s"	"a 5F"	"3"	"3d6.(5D).4s (6D).5p"	"t 5D*"	"3"	7	7		
"2291.1198"	"2291.12167"	""		"7985.785"	"51619.076"	"3d7.(4F).4s"	"a 5F"	"2"	"3d6.(5D).4s (6D).5p"	"u 5F*"	"3"	5	7		
"2291.6247"	"2291.62649"	""		"888.132"	"44511.812"	"3d6.4s2"	"a 5D"	"1"	"3d7.(4P).4p"	"y 5S*"	"2"	3	5		
"2292.5246"	"2292.52458"	"2.96e+06"	B	"415.933"	"44022.525"	"3d6.4s2"	"a 5D"	"3"	"3d6.(3F2).4s.4p.(3P*)"	"v 5D*"	"4"	7	9		
"2293.8480"	"2293.84741"	"1.09e+06"	C+	"704.007"	"44285.454"	"3d6.4s2"	"a 5D"	"2"	"3d6.(3F2).4s.4p.(3P*)"	"w 5F*"	"2"	5	5		
"2294.107"	"2294.10552"	""		"7728.060"	"51304.604"	"3d7.(4F).4s"	"a 5F"	"3"	"3d7.(2D2).4p"	"v 3F*"	"4"	7	9		
"2294.4079"	"2294.40788"	"3.61e+07"	B	"888.132"	"44458.934"	"3d6.4s2"	"a 5D"	"1"	"3d6.(3P2).4s.4p.(3P*)"	"w 5D*"	"0"	3	1		
"2295.5404"	"2295.53961"	""		"11976.239"	"55525.562"	"3d7.(4F).4s"	"a 3F"	"4"	"3d6.(1G2).4s.4p.(3P*)"	"v 3H*"	"5"	9	11		
"2296.196"	"2296.19458"	""		"12560.934"	"56097.836"	"3d7.(4F).4s"	"a 3F"	"3"	"3d6.(3G).4s.4p.(3P*)"	"1F*"	"3"	7	7		
"2296.9267"	"2296.92661"	"4.04e+06"	D+	"888.132"	"44411.160"	"3d6.4s2"	"a 5D"	"1"	"3d6.(3P2).4s.4p.(3P*)"	"w 5D*"	"1"	3	3		
"2297.7870"	"2297.78687"	"1.44e+07"	D+	"415.933"	"43922.668"	"3d6.4s2"	"a 5D"	"3"	"3d6.(3P2).4s.4p.(3P*)"	"w 5D*"	"3"	7	7		
"2298.1688"	"2298.16882"	"3.09e+07"	D+	"0.000"	"43499.505"	"3d6.4s2"	"a 5D"	"4"	"3d6.(3P2).4s.4p.(3P*)"	"w 5D*"	"4"	9	9		
"2298.6602"	"2298.66004"	"1.59e+06"	C	"888.132"	"44378.342"	"3d6.4s2"	"a 5D"	"1"	"3d6.(3F2).4s.4p.(3P*)"	"w 5F*"	"1"	3	3		
"2299.2200"	"2299.21991"	"7.03e+06"	C	"704.007"	"44183.628"	"3d6.4s2"	"a 5D"	"2"	"3d6.(3P2).4s.4p.(3P*)"	"w 5D*"	"2"	5	5		
"2299.4489"	"2299.44913"	""		"8154.714"	"51630.001"	"3d7.(4F).4s"	"a 5F"	"1"	"3d6.(5D).4s (6D).5p"	"t 5D*"	"2"	3	5		
"2299.743"	"2299.74105"	""		"11976.239"	"55446.008"	"3d7.(4F).4s"	"a 3F"	"4"	"3d6.(1G2).4s.4p.(3P*)"	"v 3H*"	"4"	9	9		
"2300.1417"	"2300.14164"	"4.99e+06"	B	"704.007"	"44166.206"	"3d6.4s2"	"a 5D"	"2"	"3d6.(3F2).4s.4p.(3P*)"	"v 5D*"	"3"	5	7		
"2300.2513"	"2300.25163"	""		"0.000"	"43460.121"	"3d6.4s2"	"a 5D"	"4"	"3d6.(3H).4s.4p.(3P*)"	"z 5I*"	"5"	9	11		
"2300.5976"	"2300.59791"	""		"11976.239"	"55429.819"	"3d7.(4F).4s"	"a 3F"	"4"	"3d6.(1G2).4s.4p.(3P*)"	"s 3G*"	"5"	9	11		
"2301.1739"	"2301.17387"	""		"0.000"	"43442.705"	"3d6.4s2"	"a 5D"	"4"	"3d6.(3H).4s.4p.(3P*)"	"z 5I*"	"4"	9	9		
"2301.6837"	"2301.68355"	"8.68e+06"	B+	"978.074"	"44411.160"	"3d6.4s2"	"a 5D"	"0"	"3d6.(3P2).4s.4p.(3P*)"	"w 5D*"	"1"	1	3		
"2303.4242"	"2303.42417"	"7.33e+06"	C+	"978.074"	"44378.342"	"3d6.4s2"	"a 5D"	"0"	"3d6.(3F2).4s.4p.(3P*)"	"w 5F*"	"1"	1	3		
"2303.5805"	"2303.58055"	"4.83e+06"	C+	"888.132"	"44285.454"	"3d6.4s2"	"a 5D"	"1"	"3d6.(3F2).4s.4p.(3P*)"	"w 5F*"	"2"	3	5		
"2304.53"	"2304.52565"	""		"7985.785"	"51365.311"	"3d7.(4F).4s"	"a 5F"	"2"	"3d7.(2D2).4p"	"v 3F*"	"3"	5	7		
"2304.7350"	"2304.73394"	""		"7985.785"	"51361.391"	"3d7.(4F).4s"	"a 5F"	"2"	"3d6.(5D).4s (6D).5p"	"t 5D*"	"3"	5	7		
"2306.1738"	"2306.17161"	""		"7728.060"	"51076.628"	"3d7.(4F).4s"	"a 5F"	"3"	"3d6.(5D).4s (6D).5p"	"t 5D*"	"4"	7	9		
"2306.3821"	"2306.38264"	""		"12560.934"	"55905.536"	"3d7.(4F).4s"	"a 3F"	"3"	"3d6.(1G2).4s.4p.(3P*)"	"s 3G*"	"4"	7	9		
"2308.9988"	"2308.99878"	"1.02e+07"	C	"888.132"	"44183.628"	"3d6.4s2"	"a 5D"	"1"	"3d6.(3P2).4s.4p.(3P*)"	"w 5D*"	"2"	3	5		
"2313.1039"	"2313.10413"	"1.18e+07"	D+	"704.007"	"43922.668"	"3d6.4s2"	"a 5D"	"2"	"3d6.(3P2).4s.4p.(3P*)"	"w 5D*"	"3"	5	7		
"2313.5639"	"2313.56170"	""		"7376.764"	"50586.878"	"3d7.(4F).4s"	"a 5F"	"4"	"3d7.(2G).4p"	"z 1F*"	"3"	9	7		
"2317.8978"	"2317.89811"	""		"12968.554"	"56097.836"	"3d7.(4F).4s"	"a 3F"	"2"	"3d6.(3G).4s.4p.(3P*)"	"1F*"	"3"	5	7		
"2318.1867"	"2318.18601"	""		"6928.268"	"50052.194"	"3d7.(4F).4s"	"a 5F"	"5"	"3d6.(5D).4s (6D).5p"	"n 7F*"	"5"	11	11		
"2320.3576"	"2320.35752"	"1.41e+07"	C	"415.933"	"43499.505"	"3d6.4s2"	"a 5D"	"3"	"3d6.(3P2).4s.4p.(3P*)"	"w 5D*"	"4"	7	9		
"2323.4219"	"2323.42091"	""		"415.933"	"43442.705"	"3d6.4s2"	"a 5D"	"3"	"3d6.(3H).4s.4p.(3P*)"	"z 5I*"	"4"	7	9		
"2323.4219"	"2323.4211"	""		"19350.891"	"62377.66"	"3d6.(5D).4s.4p.(3P*)"	"z 7D*"	"5"	""	"62377e"	"4"	11	9		
"2323.623"	"2323.62544"	""		"0.000"	"43022.985"	"3d6.4s2"	"a 5D"	"4"	"3d6.(3H).4s.4p.(3P*)"	"y 5G*"	"4"	9	9		
"2325.319"	"2325.31664"	""		"0.000"	"42991.697"	"3d6.4s2"	"a 5D"	"4"	"3d6.(3H).4s.4p.(3P*)"	"z 5H*"	"5"	9	11		
"2328.855"	"2328.85076"	""		"7376.764"	"50303.225"	"3d7.(4F).4s"	"a 5F"	"4"	"3d6.(5D).4s (6D).5p"	"n 7F*"	"4"	9	9		
"2329.6404"	"2329.64014"	""		"0.000"	"42911.917"	"3d6.4s2"	"a 5D"	"4"	"3d6.(3H).4s.4p.(3P*)"	"y 5G*"	"5"	9	11		
"2329.742"	"2329.74254"	""		"415.933"	"43325.964"	"3d6.4s2"	"a 5D"	"3"	"3d6.(3H).4s.4p.(3P*)"	"z 5H*"	"3"	7	7		
"2334.5239"	"2334.52456"	""		"12968.554"	"55790.696"	"3d7.(4F).4s"	"a 3F"	"2"	"3d6.(1G2).4s.4p.(3P*)"	"s 3G*"	"3"	5	7		
"2339.6452"	"2339.64502"	""		"19350.891"	"62079.322"	"3d6.(5D).4s.4p.(3P*)"	"z 7D*"	"5"	""	"62079e"	"6"	11	13		
"2340.024"	"2340.02167"	""		"415.933"	"43137.487"	"3d6.4s2"	"a 5D"	"3"	"3d6.(3H).4s.4p.(3P*)"	"y 5G*"	"3"	7	7		
"2341.595"	"2341.58773"	""		"415.933"	"43108.917"	"3d6.4s2"	"a 5D"	"3"	"3d6.(3H).4s.4p.(3P*)"	"z 5H*"	"4"	7	9		
"2342.508"	"2342.51098"	""		"6928.268"	"49604.427"	"3d7.(4F).4s"	"a 5F"	"5"	"3d7.(2G).4p"	"y 3H*"	"5"	11	11		
"2342.551"	"2342.55100"	""		"7376.764"	"50052.194"	"3d7.(4F).4s"	"a 5F"	"4"	"3d6.(5D).4s (6D).5p"	"n 7F*"	"5"	9	11		
"2345.0274"	"2345.02198"	""		"6928.268"	"49558.734"	"3d7.(4F).4s"	"a 5F"	"5"	"3d6.(5D).4s (6D).5p"	"n 7D*"	"4"	11	9		
"2345.037"	"2345.0313"	""		"19562.439"	"62192.735"	"3d6.(5D).4s.4p.(3P*)"	"z 7D*"	"4"	""	"62192e"	"5"	9	11		
"2345.494"	"2345.49018"	""		"704.007"	"43325.964"	"3d6.4s2"	"a 5D"	"2"	"3d6.(3H).4s.4p.(3P*)"	"z 5H*"	"3"	5	7		
"2345.563"	"2345.5633"	""		"19757.032"	"62377.66"	"3d6.(5D).4s.4p.(3P*)"	"z 7D*"	"3"	""	"62377e"	"4"	7	9		
"2346.307"	"2346.31076"	""		"415.933"	"43022.985"	"3d6.4s2"	"a 5D"	"3"	"3d6.(3H).4s.4p.(3P*)"	"y 5G*"	"4"	7	9		
"2350.413"	"2350.41045"	"1.61e+05"	D	"0.000"	"42532.741"	"3d6.4s2"	"a 5D"	"4"	"3d6.(3P2).4s.4p.(3P*)"	"x 5P*"	"3"	9	7		
"2351.8864"	"2351.88825"	""		"704.007"	"43210.025"	"3d6.4s2"	"a 5D"	"2"	"3d6.(3H).4s.4p.(3P*)"	"y 5G*"	"2"	5	5		
"2351.901"	"2351.89505"	""		"6928.268"	"49434.163"	"3d7.(4F).4s"	"a 5F"	"5"	"3d7.(2G).4p"	"y 3H*"	"6"	11	13		
"2355.9090"	"2355.90902"	"5.17e+05"	C	"704.007"	"43137.487"	"3d6.4s2"	"a 5D"	"2"	"3d6.(3H).4s.4p.(3P*)"	"y 5G*"	"3"	5	7		
"2356.190"	"2356.18595"	""		"7376.764"	"49805.257"	"3d7.(4F).4s"	"a 5F"	"4"	"3d6.(5D).4s (6D).5p"	"n 7D*"	"3"	9	7		
"2356.190"	"2356.18645"	""		"18378.186"	"60806.670"	"3d6.4s2"	"a 3P2"	"2"	"3d6.(3F2).4s.4p.(1P*)"	"3D*"	"3"	5	7		
"2361.9420"	"2361.94213"	""		"11976.239"	"54301.340"	"3d7.(4F).4s"	"a 3F"	"4"	"3d6.(3D).4s.4p.(3P*)"	"5D*"	"4"	9	9		
"2362.122"	"2362.12118"	""		"888.132"	"43210.025"	"3d6.4s2"	"a 5D"	"1"	"3d6.(3H).4s.4p.(3P*)"	"y 5G*"	"2"	3	5		
"2362.630"	"2362.62912"	""		"11976.239"	"54289.034"	"3d7.(4F).4s"	"a 3F"	"4"	"3d7.(4F).5p"	"3F*"	"3"	9	7		
"2364.437"	"2364.43603"	""		"7728.060"	"50008.522"	"3d7.(4F).4s"	"a 5F"	"3"	"3d6.(5D).4s (6D).5p"	"n 7D*"	"2"	7	5		
"2365.32041"	""	""		""	""	""	""	""	""	""	""				
"2365.5149"	"2365.51513"	""		"11976.239"	"54237.415"	"3d7.(4F).4s"	"a 3F"	"4"	"3d6.(3G).4s.4p.(3P*)"	"t 3G*"	"4"	9	9		
"2367.391"	"2367.39262"	""		"7376.764"	"49604.427"	"3d7.(4F).4s"	"a 5F"	"4"	"3d7.(2G).4p"	"y 3H*"	"5"	9	11		
"2369.4561"	"2369.45612"	"2.53e+06"	B	"888.132"	"43079.023"	"3d6.4s2"	"a 5D"	"1"	"3d6.(3P2).4s.4p.(3P*)"	"x 5P*"	"1"	3	3		
"2370.77365"	""	""		""	""	""	""	""	""	""	""				
"2371.4303"	"2371.43028"	"2.67e+06"	C+	"704.007"	"42859.778"	"3d6.4s2"	"a 5D"	"2"	"3d6.(3P2).4s.4p.(3P*)"	"x 5P*"	"2"	5	5		
"2373.6244"	"2373.62430"	"6.53e+06"	B	"415.933"	"42532.741"	"3d6.4s2"	"a 5D"	"3"	"3d6.(3P2).4s.4p.(3P*)"	"x 5P*"	"3"	7	7		
"2373.80514"	""	""		""	""	""	""	""	""	""	""				
"2374.5184"	"2374.51850"	"3.14e+06"	B	"978.074"	"43079.023"	"3d6.4s2"	"a 5D"	"0"	"3d6.(3P2).4s.4p.(3P*)"	"x 5P*"	"1"	1	3		
"2374.65304"	""	""		""	""	""	""	""	""	""	""				
"2375.860"	"2375.85899"	""		"7728.060"	"49805.257"	"3d7.(4F).4s"	"a 5F"	"3"	"3d6.(5D).4s (6D).5p"	"n 7D*"	"3"	7	7		
"2377.8842"	"2377.88540"	""		"11976.239"	"54017.581"	"3d7.(4F).4s"	"a 3F"	"4"	"3d7.(4F).5p"	"3G*"	"4"	9	9		
"2377.9946"	"2377.99435"	""		"12560.934"	"54600.350"	"3d7.(4F).4s"	"a 3F"	"3"	"3d6.(3G).4s.4p.(3P*)"	"t 3G*"	"3"	7	7		
"2378.616"	"2378.61322"	""		"11976.239"	"54004.718"	"3d7.(4F).4s"	"a 3F"	"4"	"3d6.(3D).4s.4p.(3P*)"	"t 5P*"	"3"	9	7		
"2381.8361"	"2381.83431"	"4.34e+06"	C+	"888.132"	"42859.778"	"3d6.4s2"	"a 5D"	"1"	"3d6.(3P2).4s.4p.(3P*)"	"x 5P*"	"2"	3	5		
"2385.5889"	"2385.59042"	""		"11976.239"	"53881.806"	"3d7.(4F).4s"	"a 3F"	"4"	"3d6.(3D).4s.4p.(3P*)"	"5F*"	"4"	9	9		
"2387.2818"	"2387.28205"	""		"11976.239"	"53852.114"	"3d7.(4F).4s"	"a 3F"	"4"	"3d7.(4F).5p"	"5G*"	"4"	9	9		
"2387.847"	"2387.83823"	""		"7376.764"	"49242.886"	"3d7.(4F).4s"	"a 5F"	"4"	"3d7.(2G).4p"	"w 3F*"	"3"	9	7		
"2388.0968"	"2388.09550"	""		"11976.239"	"53837.851"	"3d7.(4F).4s"	"a 3F"	"4"	"3d7.(4F).5p"	"3D*"	"3"	9	7		
"2389.406"	"2389.40362"	""		"12968.554"	"54807.250"	"3d7.(4F).4s"	"a 3F"	"2"	"3d7.(4F).5p"	"3D*"	"1"	5	3		
"2389.9727"	"2389.97273"	"4.47e+06"	B	"704.007"	"42532.741"	"3d6.4s2"	"a 5D"	"2"	"3d6.(3P2).4s.4p.(3P*)"	"x 5P*"	"3"	5	7		
"2391.8190"	"2391.81771"	""		"12560.934"	"54357.405"	"3d7.(4F).4s"	"a 3F"	"3"	"3d7.(4F).5p"	"3G*"	"3"	7	7		
"2392.656"	"2392.65505"	""		"12560.934"	"54342.779"	"3d7.(4F).4s"	"a 3F"	"3"	"3d7.(4F).5p"	"3D*"	"2"	7	5		
"2394.009"	"2394.00658"	""		"7376.764"	"49135.023"	"3d7.(4F).4s"	"a 5F"	"4"	"3d6.(3F2).4s.4p.(3P*)"	"v 3D*"	"3"	9	7		
"2395.026"	"2395.03061"	""		"12560.934"	"54301.340"	"3d7.(4F).4s"	"a 3F"	"3"	"3d6.(3D).4s.4p.(3P*)"	"5D*"	"4"	7	9		
"2395.1767"	"2395.17827"	""		"12968.554"	"54706.387"	"3d7.(4F).4s"	"a 3F"	"2"	"3d7.(4F).5p"	"3F*"	"2"	5	5		
"2395.495"	"2395.50550"	""		"7376.764"	"49108.896"	"3d7.(4F).4s"	"a 5F"	"4"	"3d7.(2G).4p"	"w 3F*"	"4"	9	9		
"2395.745"	"2395.73699"	""		"12560.934"	"54289.034"	"3d7.(4F).4s"	"a 3F"	"3"	"3d7.(4F).5p"	"3F*"	"3"	7	7		
"2397.062"	"2397.05998"	""		"7728.060"	"49433.131"	"3d7.(4F).4s"	"a 5F"	"3"	"3d7.(2G).4p"	"w 3F*"	"2"	7	5		
"2398.227"	"2398.22345"	""		"11976.239"	"53661.079"	"3d7.(4F).4s"	"a 3F"	"4"	"3d7.(4F).5p"	"5F*"	"3"	9	7		
"2398.704"	"2398.70449"	""		"12560.934"	"54237.415"	"3d7.(4F).4s"	"a 3F"	"3"	"3d6.(3G).4s.4p.(3P*)"	"t 3G*"	"4"	7	9		
"2401.1434"	"2401.14221"	""		"11976.239"	"53610.412"	"3d7.(4F).4s"	"a 3F"	"4"	"3d7.(4F).5p"	"5D*"	"4"	9	9		
"2404.639"	"2404.63396"	""		"12560.934"	"54134.655"	"3d7.(4F).4s"	"a 3F"	"3"	"3d7.(4F).5p"	"5G*"	"3"	7	7		
"2408.0450"	"2408.04556"	""		"7728.060"	"49242.886"	"3d7.(4F).4s"	"a 5F"	"3"	"3d7.(2G).4p"	"w 3F*"	"3"	7	7		
"2408.0608"	"2408.06093"	""		"7728.060"	"49242.621"	"3d7.(4F).4s"	"a 5F"	"3"	"3d6.(3F2).4s.4p.(3P*)"	"v 3D*"	"2"	7	5		
"2410.09723"	""	""		""	""	""	""	""	""	""	""				
"2411.557"	"2411.55969"	""		"6928.268"	"48382.603"	"3d7.(4F).4s"	"a 5F"	"5"	"3d7.(2G).4p"	"z 1H*"	"5"	11	11		
"2411.9645"	"2411.96637"	""		"7985.785"	"49433.131"	"3d7.(4F).4s"	"a 5F"	"2"	"3d7.(2G).4p"	"w 3F*"	"2"	5	5		
"2412.180"	"2412.17369"	""		"12560.934"	"54004.718"	"3d7.(4F).4s"	"a 3F"	"3"	"3d6.(3D).4s.4p.(3P*)"	"t 5P*"	"3"	7	7		
"2412.769"	"2412.76581"	""		"6928.268"	"48361.882"	"3d7.(4F).4s"	"a 5F"	"5"	"3d6.(3G).4s.4p.(3P*)"	"y 5H*"	"4"	11	9		
""	"2414.00199"	""		"11976.239"	"53388.637"	"3d7.(4F).4s"	"a 3F"	"4"	"3d7.(4F).5p"	"5F*"	"4"	9	9		
"2417.498"	"2417.49326"	""		"11976.239"	"53328.835"	"3d7.(4F).4s"	"a 3F"	"4"	"3d7.(4F).5p"	"3F*"	"4"	9	9		
"2418.787"	"2418.78041"	""		"12560.934"	"53891.526"	"3d7.(4F).4s"	"a 3F"	"3"	"3d6.(3D).4s.4p.(3P*)"	"5D*"	"3"	7	7		
"2419.0628"	"2419.06260"	""		"7376.764"	"48702.535"	"3d7.(4F).4s"	"a 5F"	"4"	"3d6.(3H).4s.4p.(3P*)"	"y 1G*"	"4"	9	9		
"2419.4015"	"2419.3991"	""		"21715.732"	"63035.756"	"3d7.(2G).4s"	"a 3G"	"5"	"3d6.(3G).4s.4p.(1P*)"	"3H*"	"6"	11	13		
"2419.8785"	"2419.87782"	""		"7985.785"	"49297.635"	"3d7.(4F).4s"	"a 5F"	"2"	"3d6.(3F2).4s.4p.(3P*)"	"v 3D*"	"1"	5	3		
"2420.3955"	"2420.39567"	"1.05e+05"	C	"6928.268"	"48231.280"	"3d7.(4F).4s"	"a 5F"	"5"	"3d6.(3G).4s.4p.(3P*)"	"y 5H*"	"5"	11	11		
"2423.1050"	"2423.10486"	""		"7985.785"	"49242.621"	"3d7.(4F).4s"	"a 5F"	"2"	"3d6.(3F2).4s.4p.(3P*)"	"v 3D*"	"2"	5	5		
"2426.315"	"2426.30965"	""		"12560.934"	"53763.280"	"3d7.(4F).4s"	"a 3F"	"3"	"3d7.(2D2).4p"	"x 1F*"	"3"	7	7		
"2427.1249"	"2427.12705"	""		"12560.934"	"53749.405"	"3d7.(4F).4s"	"a 3F"	"3"	"3d6.(3G).4s.4p.(3P*)"	"3F*"	"2"	7	5		
"2428.871"	"2428.86814"	""		"19390.168"	"60549.116"	"3d6.4s2"	"a 3H"	"6"	"3d6.(3H).4s.4p.(1P*)"	"t 3H*"	"5"	13	11		
"2429.439"	"2429.44133"	""		"7985.785"	"49135.023"	"3d7.(4F).4s"	"a 5F"	"2"	"3d6.(3F2).4s.4p.(3P*)"	"v 3D*"	"3"	5	7		
"2429.8144"	"2429.81437"	""		"8154.714"	"49297.635"	"3d7.(4F).4s"	"a 5F"	"1"	"3d6.(3F2).4s.4p.(3P*)"	"v 3D*"	"1"	3	3		
"2430.1898"	"2430.18835"	""		"19621.006"	"60757.596"	"3d6.4s2"	"a 3H"	"5"	"3d6.(3H).4s.4p.(1P*)"	"t 3H*"	"4"	11	9		
"2431.0246"	"2431.02451"	""		"18378.186"	"59500.628"	"3d6.4s2"	"a 3P2"	"2"	"3d6.(3P2).4s.4p.(1P*)"	"3S*"	"1"	5	3		
"2432.343"	"2432.34344"	""		"12560.934"	"53661.079"	"3d7.(4F).4s"	"a 3F"	"3"	"3d7.(4F).5p"	"5F*"	"3"	7	7		
"2432.4172"	"2432.41583"	""		"7376.764"	"48475.686"	"3d7.(4F).4s"	"a 5F"	"4"	"3d6.(3G).4s.4p.(3P*)"	"y 5H*"	"3"	9	7		
"2433.0676"	"2433.06797"	""		"8154.714"	"49242.621"	"3d7.(4F).4s"	"a 5F"	"1"	"3d6.(3F2).4s.4p.(3P*)"	"v 3D*"	"2"	3	5		
"2433.892"	"2433.89343"	""		"12968.554"	"54042.527"	"3d7.(4F).4s"	"a 3F"	"2"	"3d7.(4F).5p"	"5F*"	"2"	5	5		
"2438.1824"	"2438.18221"	"7.09e+06"	B	"6928.268"	"47929.997"	"3d7.(4F).4s"	"a 5F"	"5"	"3d6.(3G).4s.4p.(3P*)"	"v 5F*"	"4"	11	9		
"2439.1704"	"2439.17046"	""		"7376.764"	"48361.882"	"3d7.(4F).4s"	"a 5F"	"4"	"3d6.(3G).4s.4p.(3P*)"	"y 5H*"	"4"	9	9		
"2439.3556"	"2439.35534"	""		"18378.186"	"59360.198"	"3d6.4s2"	"a 3P2"	"2"	"3d6.4s.(4D).5p"	"5P*"	"1"	5	3		
"2439.6305"	"2439.63050"	""		"11976.239"	"52953.629"	"3d7.(4F).4s"	"a 3F"	"4"	"3d6.(3G).4s.4p.(3P*)"	"3F*"	"4"	9	9		
"2439.7448"	"2439.74488"	"3.46e+08"	C+	"19390.168"	"60365.637"	"3d6.4s2"	"a 3H"	"6"	"3d6.(3H).4s.4p.(1P*)"	"t 3H*"	"6"	13	13		
"2440.1096"	"2440.10960"	""		"19788.251"	"60757.596"	"3d6.4s2"	"a 3H"	"4"	"3d6.(3H).4s.4p.(1P*)"	"t 3H*"	"4"	9	9		
"2440.3317"	"2440.33143"	""		"18378.186"	"59343.807"	"3d6.4s2"	"a 3P2"	"2"	"3d6.4s.(4D).5p"	"3P*"	"1"	5	3		
"2441.590"	"2441.59239"	""		"12968.554"	"53913.020"	"3d7.(4F).4s"	"a 3F"	"2"	"3d6.(3D).4s.4p.(3P*)"	"5D*"	"2"	5	5		
"2442.5683"	"2442.56819"	"3.12e+08"	B	"19621.006"	"60549.116"	"3d6.4s2"	"a 3H"	"5"	"3d6.(3H).4s.4p.(1P*)"	"t 3H*"	"5"	11	11		
"2442.644"	"2442.64190"	""		"6928.268"	"47855.143"	"3d7.(4F).4s"	"a 5F"	"5"	"3d6.(3G).4s.4p.(3P*)"	"y 5H*"	"6"	11	13		
"2443.8716"	"2443.87166"	"5.89e+06"	B+	"6928.268"	"47834.550"	"3d7.(4F).4s"	"a 5F"	"5"	"3d6.(3F2).4s.4p.(3P*)"	"x 3G*"	"5"	11	11		
"2445.2128"	"2445.21265"	"1.18e+06"	C+	"6928.268"	"47812.118"	"3d7.(4F).4s"	"a 5F"	"5"	"3d6.(3F2).4s.4p.(3P*)"	"x 3G*"	"4"	11	9		
"2446.966"	"2446.96847"	""		"7376.764"	"48231.280"	"3d7.(4F).4s"	"a 5F"	"4"	"3d6.(3G).4s.4p.(3P*)"	"y 5H*"	"5"	9	11		
"2447.7093"	"2447.70917"	"3.30e+06"	D+	"0.000"	"40842.154"	"3d6.4s2"	"a 5D"	"4"	"3d6.(5D).4s.4p.(1P*)"	"x 5F*"	"3"	9	7		
"2448.3923"	"2448.39214"	""		"11976.239"	"52807.001"	"3d7.(4F).4s"	"a 3F"	"4"	"3d7.(4F).5p"	"3G*"	"5"	9	11		
"2448.5742"	"2448.57560"	""		"12560.934"	"53388.637"	"3d7.(4F).4s"	"a 3F"	"3"	"3d7.(4F).5p"	"5F*"	"4"	7	9		
"2450.4434"	"2450.44365"	""		"12560.934"	"53357.515"	"3d7.(4F).4s"	"a 3F"	"3"	"3d6.(3G).4s.4p.(3P*)"	"3F*"	"3"	7	7		
"2451.3872"	"2451.38891"	""		"12968.554"	"53749.405"	"3d7.(4F).4s"	"a 3F"	"2"	"3d6.(3G).4s.4p.(3P*)"	"3F*"	"2"	5	5		
"2451.6754"	"2451.6757"	""		"19757.032"	"60533.113"	"3d6.(5D).4s.4p.(3P*)"	"z 7D*"	"3"	"3d6.(5D).4p2.(3P)"	"7F"	"2"	7	5		
"2452.1676"	"2452.16765"	""		"12560.934"	"53328.835"	"3d7.(4F).4s"	"a 3F"	"3"	"3d7.(4F).5p"	"3F*"	"4"	7	9		
"2452.338"	"2452.33977"	""		"12968.554"	"53733.594"	"3d7.(4F).4s"	"a 3F"	"2"	"3d6.(3D).4s.4p.(3P*)"	"5F*"	"3"	5	7		
"2452.5918"	"2452.59097"	""		"19788.251"	"60549.116"	"3d6.4s2"	"a 3H"	"4"	"3d6.(3H).4s.4p.(1P*)"	"t 3H*"	"5"	9	11		
"2452.9745"	"2452.97254"	""		"12968.554"	"53723.079"	"3d7.(4F).4s"	"a 3F"	"2"	"3d6.(3D).4s.4p.(3P*)"	"5F*"	"2"	5	5		
"2453.3854"	"2453.38788"	""		"7728.060"	"48475.686"	"3d7.(4F).4s"	"a 5F"	"3"	"3d6.(3G).4s.4p.(3P*)"	"y 5H*"	"3"	7	7		
"2453.4758"	"2453.47592"	"1.89e+07"	B	"7376.764"	"48122.928"	"3d7.(4F).4s"	"a 5F"	"4"	"3d6.(3G).4s.4p.(3P*)"	"v 5F*"	"3"	9	7		
"2453.5688"	"2453.56823"	"1.23e+07"	C	"19621.006"	"60365.637"	"3d6.4s2"	"a 3H"	"5"	"3d6.(3H).4s.4p.(1P*)"	"t 3H*"	"6"	11	13		
"2456.7081"	"2456.71021"	""		"12968.554"	"53661.079"	"3d7.(4F).4s"	"a 3F"	"2"	"3d7.(4F).5p"	"5F*"	"3"	5	7		
"2457.589"	"2457.59275"	""		"19788.251"	"60466.164"	"3d6.4s2"	"a 3H"	"4"	"3d6.(3F2).4s.4p.(1P*)"	"r 3G*"	"4"	9	9		
"2457.5966"	"2457.59680"	"4.81e+07"	B	"6928.268"	"47606.114"	"3d7.(4F).4s"	"a 5F"	"5"	"3d6.(3G).4s.4p.(3P*)"	"v 5F*"	"5"	11	11		
"2458.200"	"2458.19934"	""		"17726.988"	"58394.864"	"3d7.(4P).4s"	"a 5P"	"2"	"3d6.4s.(4D).5p"	"3D*"	"1"	5	3		
"2458.5686"	"2458.56790"	"1.07e+06"	C	"6928.268"	"47590.048"	"3d7.(4F).4s"	"a 5F"	"5"	"3d6.(3G).4s.4p.(3P*)"	"w 5G*"	"4"	11	9		
"2460.075"	"2460.07624"	""		"11976.239"	"52613.090"	"3d7.(4F).4s"	"a 3F"	"4"	"3d7.(2H).4p"	"w 3H*"	"5"	9	11		
"2460.2592"	"2460.25963"	""		"7728.060"	"48361.882"	"3d7.(4F).4s"	"a 5F"	"3"	"3d6.(3G).4s.4p.(3P*)"	"y 5H*"	"4"	7	9		
"2460.3006"	"2460.29948"	""		"19621.006"	"60254.170"	"3d6.4s2"	"a 3H"	"5"	"3d6.(3F2).4s.4p.(1P*)"	"r 3G*"	"5"	11	11		
"2461.0598"	"2461.0594"	""		"19912.495"	"60533.113"	"3d6.(5D).4s.4p.(3P*)"	"z 7D*"	"2"	"3d6.(5D).4p2.(3P)"	"7F"	"2"	5	5		
"2462.1808"	"2462.18086"	"1.10e+07"	C+	"415.933"	"41018.051"	"3d6.4s2"	"a 5D"	"3"	"3d6.(5D).4s.4p.(1P*)"	"x 5F*"	"2"	7	5		
"2462.6471"	"2462.64707"	"5.85e+07"	C+	"0.000"	"40594.432"	"3d6.4s2"	"a 5D"	"4"	"3d6.(5D).4s.4p.(1P*)"	"x 5F*"	"4"	9	9		
"2463.3965"	"2463.39741"	""		"17550.181"	"58132.249"	"3d7.(4P).4s"	"a 5P"	"3"	"3d6.4s.(4D).5p"	"3D*"	"2"	7	5		
"2463.7303"	"2463.73043"	"1.64e+07"	B	"7728.060"	"48304.643"	"3d7.(4F).4s"	"a 5F"	"3"	"3d7.(4P).4p"	"x 3P*"	"2"	7	5		
"2465.1491"	"2465.14911"	"4.35e+07"	B	"7376.764"	"47929.997"	"3d7.(4F).4s"	"a 5F"	"4"	"3d6.(3G).4s.4p.(3P*)"	"v 5F*"	"4"	9	9		
"2465.392"	"2465.38993"	""		"17726.988"	"58276.260"	"3d7.(4P).4s"	"a 5P"	"2"	"3d6.4s.(4D).5p"	"3D*"	"3"	5	7		
"2466.2821"	"2466.2833"	""		"19562.439"	"60097.024"	"3d6.(5D).4s.4p.(3P*)"	"z 7D*"	"4"	"3d6.4s.(6D<3/2>).6d"	"2[7/2]"	"3"	9	7		
"2466.6965"	"2466.6993"	""		"19350.891"	"59878.64"	"3d6.(5D).4s.4p.(3P*)"	"z 7D*"	"5"	"3d6.4s.(6D<5/2>).6d"	"2[7/2]"	"4"	11	9		
"2466.897"	"2466.90020"	""		"6928.268"	"47452.717"	"3d7.(4F).4s"	"a 5F"	"5"	"3d7.(2G).4p"	"z 1G*"	"4"	11	9		
"2467.5687"	"2467.5679"	""		"19562.439"	"60075.924"	"3d6.(5D).4s.4p.(3P*)"	"z 7D*"	"4"	"3d6.4s.(6D<3/2>).6d"	"2[5/2]"	"3"	9	7		
"2467.5687"	"2467.5683"	""		"20019.635"	"60533.113"	"3d6.(5D).4s.4p.(3P*)"	"z 7D*"	"1"	"3d6.(5D).4p2.(3P)"	"7F"	"2"	3	5		
"2467.7334"	"2467.73221"	""		"7728.060"	"48238.847"	"3d7.(4F).4s"	"a 5F"	"3"	"3d6.(3G).4s.4p.(3P*)"	"v 5F*"	"2"	7	5		
"2468.29592"	""	""		""	""	""	""	""	""	""	""				
"2468.8797"	"2468.87968"	"2.40e+07"	B+	"6928.268"	"47420.228"	"3d7.(4F).4s"	"a 5F"	"5"	"3d6.(3G).4s.4p.(3P*)"	"w 5G*"	"5"	11	11		
"2469.008"	"2469.00523"	""		"7985.785"	"48475.686"	"3d7.(4F).4s"	"a 5F"	"2"	"3d6.(3G).4s.4p.(3P*)"	"y 5H*"	"3"	5	7		
"2469.6677"	"2469.66671"	""		"415.933"	"40894.990"	"3d6.4s2"	"a 5D"	"3"	"3d6.(3P2).4s.4p.(3P*)"	"z 5S*"	"2"	7	5		
"2469.9389"	"2469.93911"	""		"19621.006"	"60095.599"	"3d6.4s2"	"a 3H"	"5"	"3d6.(3F2).4s.4p.(1P*)"	"3F*"	"4"	11	9		
"2470.9653"	"2470.96525"	"2.36e+06"	B+	"7376.764"	"47834.550"	"3d7.(4F).4s"	"a 5F"	"4"	"3d6.(3F2).4s.4p.(3P*)"	"x 3G*"	"5"	9	11		
"2472.332"	"2472.33419"	""		"7728.060"	"48163.446"	"3d7.(4F).4s"	"a 5F"	"3"	"3d5.(6S).4s2.4p"	"v 5P*"	"2"	7	5		
"2472.341"	"2472.33614"	"1.07e+07"	B+	"7376.764"	"47812.118"	"3d7.(4F).4s"	"a 5F"	"4"	"3d6.(3F2).4s.4p.(3P*)"	"x 3G*"	"4"	9	9		
"2472.341"	"2472.35118"	"7.21e+06"	B	"6928.268"	"47363.376"	"3d7.(4F).4s"	"a 5F"	"5"	"3d6.(3G).4s.4p.(3P*)"	"w 5G*"	"6"	11	13		
"2472.8711"	"2472.87203"	"2.10e+07"	C	"704.007"	"41130.599"	"3d6.4s2"	"a 5D"	"2"	"3d6.(5D).4s.4p.(1P*)"	"x 5F*"	"1"	5	3		
"2472.8947"	"2472.89473"	"1.30e+08"	B	"415.933"	"40842.154"	"3d6.4s2"	"a 5D"	"3"	"3d6.(5D).4s.4p.(1P*)"	"x 5F*"	"3"	7	7		
"2473.1566"	"2473.15677"	"2.75e+06"	B+	"0.000"	"40421.938"	"3d6.4s2"	"a 5D"	"4"	"3d5.(6S).4s2.4p"	"y 7P*"	"4"	9	9		
"2474.8142"	"2474.81423"	"6.13e+07"	B	"7728.060"	"48122.928"	"3d7.(4F).4s"	"a 5F"	"3"	"3d6.(3G).4s.4p.(3P*)"	"v 5F*"	"3"	7	7		
"2474.943"	"2474.94738"	""		"12560.934"	"52953.629"	"3d7.(4F).4s"	"a 3F"	"3"	"3d6.(3G).4s.4p.(3P*)"	"3F*"	"4"	7	9		
"2475.4671"	"2475.46723"	""		"19788.251"	"60172.464"	"3d6.4s2"	"a 3H"	"4"	"3d6.(3F2).4s.4p.(1P*)"	"3F*"	"3"	9	7		
"2475.7619"	"2475.75974"	""		"18378.186"	"58757.628"	"3d6.4s2"	"a 3P2"	"2"	"3d6.4s.(4D).5p"	"5F*"	"3"	5	7		
"2476.0311"	"2476.0313"	""		"19350.891"	"59725.904"	"3d6.(5D).4s.4p.(3P*)"	"z 7D*"	"5"	"3d6.4s.(6D<5/2>).6d"	"2[9/2]"	"4"	11	9		
"2476.4717"	"2476.4718"	""		"19350.891"	"59718.724"	"3d6.(5D).4s.4p.(3P*)"	"z 7D*"	"5"	"3d6.4s.(6D<5/2>).6d"	"2[9/2]"	"5"	11	11		
"2476.6565"	"2476.65658"	"3.05e+07"	B	"7985.785"	"48350.606"	"3d7.(4F).4s"	"a 5F"	"2"	"3d6.(3G).4s.4p.(3P*)"	"v 5F*"	"1"	5	3		
"2476.8654"	"2476.86504"	"2.93e+06"	C+	"8154.714"	"48516.138"	"3d7.(4F).4s"	"a 5F"	"1"	"3d7.(4P).4p"	"x 3P*"	"1"	3	3		
"2478.179"	"2478.18363"	""		"19621.006"	"59960.956"	"3d6.4s2"	"a 3H"	"5"	"3d7.(4F<3/2>).4f"	"2[9/2]*"	"4"	11	9		
"2478.1791"	"2478.1811"	""		"19757.032"	"60097.024"	"3d6.(5D).4s.4p.(3P*)"	"z 7D*"	"3"	"3d6.4s.(6D<3/2>).6d"	"2[7/2]"	"3"	7	7		
"2478.2109"	"2478.21275"	""		"19621.006"	"59960.482"	"3d6.4s2"	"a 3H"	"5"	"3d7.(4F<3/2>).4f"	"2[9/2]*"	"5"	11	11		
"2479.1481"	"2479.1479"	""		"19562.439"	"59886.70"	"3d6.(5D).4s.4p.(3P*)"	"z 7D*"	"4"	"3d6.4s.(6D<5/2>).6d"	"2[7/2]"	"3"	9	7		
"2479.4802"	"2479.4780"	""		"19757.032"	"60075.924"	"3d6.(5D).4s.4p.(3P*)"	"z 7D*"	"3"	"3d6.4s.(6D<3/2>).6d"	"2[5/2]"	"3"	7	7		
"2479.4802"	"2479.48014"	"2.10e+07"	B	"7985.785"	"48304.643"	"3d7.(4F).4s"	"a 5F"	"2"	"3d7.(4P).4p"	"x 3P*"	"2"	5	5		
"2479.6278"	"2479.62670"	"7.06e+05"	C	"7376.764"	"47693.239"	"3d7.(4F).4s"	"a 5F"	"4"	"3d6.(3G).4s.4p.(3P*)"	"w 5G*"	"3"	9	7		
"2479.6425"	"2479.6436"	""		"19562.439"	"59878.64"	"3d6.(5D).4s.4p.(3P*)"	"z 7D*"	"4"	"3d6.4s.(6D<5/2>).6d"	"2[7/2]"	"4"	9	9		
"2479.7762"	"2479.77624"	"1.74e+08"	B	"704.007"	"41018.051"	"3d6.4s2"	"a 5D"	"2"	"3d6.(5D).4s.4p.(1P*)"	"x 5F*"	"2"	5	5		
"2480.1879"	"2480.18822"	""		"19788.251"	"60095.599"	"3d6.4s2"	"a 3H"	"4"	"3d6.(3F2).4s.4p.(1P*)"	"3F*"	"4"	9	9		
"2480.3892"	"2480.38896"	""		"7985.785"	"48289.871"	"3d7.(4F).4s"	"a 5F"	"2"	"3d5.(6S).4s2.4p"	"v 5P*"	"1"	5	3		
"2481.991"	"2481.9950"	""		"19757.032"	"60035.04"	"3d6.(5D).4s.4p.(3P*)"	"z 7D*"	"3"	"3d6.4s.(6D<3/2>).6d"	"2[3/2]"	"2"	7	5		
"2483.2707"	"2483.27095"	"4.80e+08"	B	"0.000"	"40257.314"	"3d6.4s2"	"a 5D"	"4"	"3d6.(5D).4s.4p.(1P*)"	"x 5F*"	"5"	9	11		
"2483.5332"	"2483.53328"	"2.09e+07"	C	"7985.785"	"48238.847"	"3d7.(4F).4s"	"a 5F"	"2"	"3d6.(3G).4s.4p.(3P*)"	"v 5F*"	"2"	5	5		
"2484.1875"	"2484.18719"	"2.26e+08"	C+	"888.132"	"41130.599"	"3d6.4s2"	"a 5D"	"1"	"3d6.(5D).4s.4p.(1P*)"	"x 5F*"	"1"	3	3		
"2484.5253"	"2484.52529"	""		"11976.239"	"52213.230"	"3d7.(4F).4s"	"a 3F"	"4"	"3d7.(2D2).4p"	"t 3D*"	"3"	9	7		
"2484.9970"	"2484.99723"	""		"7376.764"	"47606.114"	"3d7.(4F).4s"	"a 5F"	"4"	"3d6.(3G).4s.4p.(3P*)"	"v 5F*"	"5"	9	11		
"2485.443"	"2485.44159"	""		"18378.186"	"58600.344"	"3d6.4s2"	"a 3P2"	"2"	"3d6.(3H).4s.4p.(1P*)"	"3G*"	"3"	5	7		
"2485.9901"	"2485.99010"	"2.94e+06"	B	"7376.764"	"47590.048"	"3d7.(4F).4s"	"a 5F"	"4"	"3d6.(3G).4s.4p.(3P*)"	"w 5G*"	"4"	9	9		
"2486.3725"	"2486.37304"	"3.08e+06"	B+	"0.000"	"40207.091"	"3d6.4s2"	"a 5D"	"4"	"3d5.(6S).4s2.4p"	"y 7P*"	"3"	9	7		
"2486.6917"	"2486.69182"	"1.47e+07"	B	"7728.060"	"47929.997"	"3d7.(4F).4s"	"a 5F"	"3"	"3d6.(3G).4s.4p.(3P*)"	"v 5F*"	"4"	7	9		
"2487.0658"	"2487.06582"	"6.40e+07"	C+	"8154.714"	"48350.606"	"3d7.(4F).4s"	"a 5F"	"1"	"3d6.(3G).4s.4p.(3P*)"	"v 5F*"	"1"	3	3		
"2487.243"	"2487.24775"	""		"17550.181"	"57743.133"	"3d7.(4P).4s"	"a 5P"	"3"	"3d6.4s.(6D<1/2>).4f"	"2[7/2]*"	"4"	7	9		
"2487.3697"	"2487.36961"	"2.74e+06"	C+	"704.007"	"40894.990"	"3d6.4s2"	"a 5D"	"2"	"3d6.(3P2).4s.4p.(3P*)"	"z 5S*"	"2"	5	5		
"2487.4148"	"2487.4160"	""		"19350.891"	"59541.124"	"3d6.(5D).4s.4p.(3P*)"	"z 7D*"	"5"	"3d6.4s.(6D<7/2>).6d"	"2[11/2]"	"6"	11	13		
"2487.7676"	"2487.7691"	""		"19912.495"	"60097.024"	"3d6.(5D).4s.4p.(3P*)"	"z 7D*"	"2"	"3d6.4s.(6D<3/2>).6d"	"2[7/2]"	"3"	5	7		
"2487.926"	"2487.9289"	""		"19350.891"	"59532.84"	"3d6.(5D).4s.4p.(3P*)"	"z 7D*"	"5"	"3d6.4s.(6D<7/2>).6d"	"2[9/2]"	"4"	11	9		
"2488.1423"	"2488.14253"	"4.20e+08"	B	"415.933"	"40594.432"	"3d6.4s2"	"a 5D"	"3"	"3d6.(5D).4s.4p.(1P*)"	"x 5F*"	"4"	7	9		
"2488.1601"	"2488.16005"	""		"6928.268"	"47106.484"	"3d7.(4F).4s"	"a 5F"	"5"	"3d6.(3H).4s.4p.(3P*)"	"z 3H*"	"4"	11	9		
"2488.482"	"2488.4826"	""		"19912.495"	"60085.504"	"3d6.(5D).4s.4p.(3P*)"	"z 7D*"	"2"	"3d6.4s.(6D<3/2>).6d"	"2[5/2]"	"2"	5	5		
"2488.482"	"2488.484"	""		"19350.891"	"59523.88"	"3d6.(5D).4s.4p.(3P*)"	"z 7D*"	"5"	"3d6.(5D).4p2.(3P)"	"7F"	"5"	11	11		
"2488.528"	"2488.53077"	""		"19788.251"	"59960.482"	"3d6.4s2"	"a 3H"	"4"	"3d7.(4F<3/2>).4f"	"2[9/2]*"	"5"	9	11		
"2488.9443"	"2488.94412"	""		"20641.110"	"60806.670"	"3d6.4s2"	"b 3F2"	"4"	"3d6.(3F2).4s.4p.(1P*)"	"3D*"	"3"	9	7		
"2489.0746"	"2489.0740"	""		"19562.439"	"59725.904"	"3d6.(5D).4s.4p.(3P*)"	"z 7D*"	"4"	"3d6.4s.(6D<5/2>).6d"	"2[9/2]"	"4"	9	9		
"2489.0746"	"2489.0762"	""		"19912.495"	"60075.924"	"3d6.(5D).4s.4p.(3P*)"	"z 7D*"	"2"	"3d6.4s.(6D<3/2>).6d"	"2[5/2]"	"3"	5	7		
"2489.347"	"2489.34619"	""		"19788.251"	"59947.324"	"3d6.4s2"	"a 3H"	"4"	"3d7.(4F<3/2>).4f"	"2[7/2]*"	"3"	9	7		
"2489.5207"	"2489.5190"	""		"19562.439"	"59718.724"	"3d6.(5D).4s.4p.(3P*)"	"z 7D*"	"4"	"3d6.4s.(6D<5/2>).6d"	"2[9/2]"	"5"	9	11		
"2489.7523"	"2489.75218"	"2.31e+08"	C+	"978.074"	"41130.599"	"3d6.4s2"	"a 5D"	"0"	"3d6.(5D).4s.4p.(1P*)"	"x 5F*"	"1"	1	3		
"2489.9131"	"2489.91317"	"8.72e+06"	B	"8154.714"	"48304.643"	"3d7.(4F).4s"	"a 5F"	"1"	"3d7.(4P).4p"	"x 3P*"	"2"	3	5		
"2490.418"	"2490.4164"	""		"18378.186"	"58520.003"	"3d6.4s2"	"a 3P2"	"2"	"3d6.4s.(4D).5p"	"5D*"	"1"	5	3		
"2490.6442"	"2490.64410"	"3.44e+08"	B	"704.007"	"40842.154"	"3d6.4s2"	"a 5D"	"2"	"3d6.(5D).4s.4p.(1P*)"	"x 5F*"	"3"	5	7		
"2490.7082"	"2490.70641"	""		"7985.785"	"48122.928"	"3d7.(4F).4s"	"a 5F"	"2"	"3d6.(3G).4s.4p.(3P*)"	"v 5F*"	"3"	5	7		
"2490.8299"	"2490.82966"	""		"8154.714"	"48289.871"	"3d7.(4F).4s"	"a 5F"	"1"	"3d5.(6S).4s2.4p"	"v 5P*"	"1"	3	3		
"2491.1548"	"2491.15480"	"2.91e+08"	B	"888.132"	"41018.051"	"3d6.4s2"	"a 5D"	"1"	"3d6.(5D).4s.4p.(1P*)"	"x 5F*"	"2"	3	5		
"2491.477"	"2491.4764"	""		"19350.891"	"59475.63"	"3d6.(5D).4s.4p.(3P*)"	"z 7D*"	"5"	"3d6.4s.(6D<7/2>).6d"	"2[7/2]"	"4"	11	9		
"2491.607"	"2491.6127"	""		"19912.495"	"60035.04"	"3d6.(5D).4s.4p.(3P*)"	"z 7D*"	"2"	"3d6.4s.(6D<3/2>).6d"	"2[3/2]"	"2"	5	5		
"2491.643"	"2491.64739"	""		"12560.934"	"52682.920"	"3d7.(4F).4s"	"a 3F"	"3"	"3d7.(2D2).4p"	"t 3D*"	"2"	7	5		
"2491.670"	"2491.6709"	""		"19757.032"	"59878.64"	"3d6.(5D).4s.4p.(3P*)"	"z 7D*"	"3"	"3d6.4s.(6D<5/2>).6d"	"2[7/2]"	"4"	7	9		
""	"2491.98902"	"3.25e+07"	D+	"20641.110"	"60757.596"	"3d6.4s2"	"b 3F2"	"4"	"3d6.(3H).4s.4p.(1P*)"	"t 3H*"	"4"	9	9		
"2492.2307"	"2492.2290"	""		"19350.891"	"59463.514"	"3d6.(5D).4s.4p.(3P*)"	"z 7D*"	"5"	"3d6.4s.(6D<7/2>).6d"	"2[9/2]"	"5"	11	11		
"2492.455"	"2492.4563"	""		"20019.635"	"60128.60"	"3d6.(5D).4s.4p.(3P*)"	"z 7D*"	"1"	"3d6.4s.(6D<1/2>).6d"	"2[3/2]"	"2"	3	5		
"2492.6305"	"2492.63061"	"5.35e+05"	D+	"7728.060"	"47834.221"	"3d7.(4F).4s"	"a 5F"	"3"	"3d6.(3F2).4s.4p.(3P*)"	"x 3G*"	"3"	7	7		
"2492.8203"	"2492.82132"	""		"7728.060"	"47831.153"	"3d7.(4F).4s"	"a 5F"	"3"	"3d6.(3G).4s.4p.(3P*)"	"w 5G*"	"2"	7	5		
"2494.0008"	"2494.00052"	"8.89e+06"	C	"8154.714"	"48238.847"	"3d7.(4F).4s"	"a 5F"	"1"	"3d6.(3G).4s.4p.(3P*)"	"v 5F*"	"2"	3	5		
"2494.0008"	"2494.00518"	""		"7728.060"	"47812.118"	"3d7.(4F).4s"	"a 5F"	"3"	"3d6.(3F2).4s.4p.(3P*)"	"x 3G*"	"4"	7	9		
"2494.2022"	"2494.20083"	""		"17550.181"	"57631.095"	"3d7.(4P).4s"	"a 5P"	"3"	"3d6.4s.(6D<3/2>).4f"	"2[5/2]*"	"3"	7	7		
"2494.2513"	"2494.25130"	"1.10e+06"	B	"6928.268"	"47008.371"	"3d7.(4F).4s"	"a 5F"	"5"	"3d6.(3H).4s.4p.(3P*)"	"z 3H*"	"5"	11	11		
"2494.5098"	"2494.50961"	""		"7376.764"	"47452.717"	"3d7.(4F).4s"	"a 5F"	"4"	"3d7.(2G).4p"	"z 1G*"	"4"	9	9		
"2495.2762"	"2495.2768"	""		"19757.032"	"59820.664"	"3d6.(5D).4s.4p.(3P*)"	"z 7D*"	"3"	"3d6.4s.(6D<5/2>).6d"	"2[5/2]"	"3"	7	7		
"2495.872"	"2495.87367"	"1.43e+06"	C	"6928.268"	"46982.320"	"3d7.(4F).4s"	"a 5F"	"5"	"3d6.(3H).4s.4p.(3P*)"	"z 3H*"	"6"	11	13		
"2496.5337"	"2496.53365"	"2.15e+07"	B	"7376.764"	"47420.228"	"3d7.(4F).4s"	"a 5F"	"4"	"3d6.(3G).4s.4p.(3P*)"	"w 5G*"	"5"	9	11		
"2497.8528"	"2497.85193"	""		"17550.181"	"57572.513"	"3d7.(4P).4s"	"a 5P"	"3"	"3d6.4s.(6D).6p"	"5F*"	"2"	7	5		
"2498.122"	"2498.12584"	""		"17726.988"	"57744.932"	"3d7.(4P).4s"	"a 5P"	"2"	"3d6.4s.(6D<1/2>).4f"	"2[7/2]*"	"3"	5	7		
"2498.2054"	"2498.20487"	""		"18378.186"	"58394.864"	"3d6.4s2"	"a 3P2"	"2"	"3d6.4s.(4D).5p"	"3D*"	"1"	5	3		
"2498.3416"	"2498.34186"	""		"17726.988"	"57741.472"	"3d7.(4P).4s"	"a 5P"	"2"	"3d6.4s.(6D).6p"	"5P*"	"1"	5	3		
"2498.697"	"2498.70107"	""		"8154.714"	"48163.446"	"3d7.(4F).4s"	"a 5F"	"1"	"3d5.(6S).4s2.4p"	"v 5P*"	"2"	3	5		
"2498.8182"	"2498.81812"	"1.22e+05"	C+	"888.132"	"40894.990"	"3d6.4s2"	"a 5D"	"1"	"3d6.(3P2).4s.4p.(3P*)"	"z 5S*"	"2"	3	5		
"2498.8737"	"2498.87140"	"5.90e+04"	B	"415.933"	"40421.938"	"3d6.4s2"	"a 5D"	"3"	"3d5.(6S).4s2.4p"	"y 7P*"	"4"	7	9		
"2499.6255"	"2499.6290"	""		"19562.439"	"59556.32"	"3d6.(5D).4s.4p.(3P*)"	"z 7D*"	"4"	"3d6.4s.(6D<7/2>).6d"	"2[11/2]"	"5"	9	11		
"2499.693"	"2499.69267"	""		"11976.239"	"51969.101"	"3d7.(4F).4s"	"a 3F"	"4"	"3d7.(2P).4p"	"u 3D*"	"3"	9	7		
"2500.4857"	"2500.4872"	""		"20019.635"	"59999.79"	"3d6.(5D).4s.4p.(3P*)"	"z 7D*"	"1"	"3d6.4s.(6D<3/2>).6d"	"2[3/2]"	"1"	3	3		
"2500.861"	"2500.8594"	""		"19912.495"	"59886.70"	"3d6.(5D).4s.4p.(3P*)"	"z 7D*"	"2"	"3d6.4s.(6D<5/2>).6d"	"2[7/2]"	"3"	5	7		
"2501.1318"	"2501.13174"	"6.75e+07"	C+	"0.000"	"39969.853"	"3d6.4s2"	"a 5D"	"4"	"3d6.(5D).4s.4p.(1P*)"	"x 5D*"	"3"	9	7		
"2501.4235"	"2501.42428"	"1.56e+05"	C	"7728.060"	"47693.239"	"3d7.(4F).4s"	"a 5F"	"3"	"3d6.(3G).4s.4p.(3P*)"	"w 5G*"	"3"	7	7		
"2501.6939"	"2501.69377"	"3.69e+06"	C+	"6928.268"	"46889.142"	"3d7.(4F).4s"	"a 5F"	"5"	"3d6.(3F2).4s.4p.(3P*)"	"x 3F*"	"4"	11	9		
"2501.734"	"2501.73128"	""		"19562.439"	"59522.714"	"3d6.(5D).4s.4p.(3P*)"	"z 7D*"	"4"	"3d6.4s.(4D).4d"	"3F"	"3"	9	7		
"2502.225"	"2502.22555"	""		"18378.186"	"58330.568"	"3d6.4s2"	"a 3P2"	"2"	"3d6.4s.(4D).5p"	"5D*"	"2"	5	5		
"2502.4905"	"2502.49065"	""		"19552.478"	"59500.628"	"3d6.4s2"	"a 3P2"	"1"	"3d6.(3P2).4s.4p.(1P*)"	"3S*"	"1"	3	3		
"2503.4915"	"2503.49103"	""		"20874.482"	"60806.670"	"3d6.4s2"	"b 3F2"	"3"	"3d6.(3F2).4s.4p.(1P*)"	"3D*"	"3"	7	7		
"2503.555"	"2503.5612"	""		"19912.495"	"59843.564"	"3d6.(5D).4s.4p.(3P*)"	"z 7D*"	"2"	"3d6.4s.(6D<5/2>).6d"	"2[5/2]"	"2"	5	5		
"2504.102"	"2504.0983"	""		"20641.110"	"60563.614"	"3d6.4s2"	"b 3F2"	"4"	"3d6.(3F2).4s.4p.(1P*)"	"r 3G*"	"3"	9	7		
"2504.541"	"2504.54436"	""		"17726.988"	"57642.383"	"3d7.(4P).4s"	"a 5P"	"2"	"3d6.4s.(6D<3/2>).4f"	"2[7/2]*"	"3"	5	7		
"2504.627"	"2504.63109"	""		"17726.988"	"57641.001"	"3d7.(4P).4s"	"a 5P"	"2"	"3d6.(3D).4s.4p.(3P*)"	"t 3F*"	"3"	5	7		
"2505.0077"	"2505.0081"	"2.56e+07"	C+	"20641.110"	"60549.116"	"3d6.4s2"	"b 3F2"	"4"	"3d6.(3H).4s.4p.(1P*)"	"t 3H*"	"5"	9	11		
"2505.4435"	"2505.4433"	""		"19562.439"	"59463.514"	"3d6.(5D).4s.4p.(3P*)"	"z 7D*"	"4"	"3d6.4s.(6D<7/2>).6d"	"2[9/2]"	"5"	9	11		
"2505.6322"	"2505.63174"	""		"18378.186"	"58276.260"	"3d6.4s2"	"a 3P2"	"2"	"3d6.4s.(4D).5p"	"3D*"	"3"	5	7		
"2506.329"	"2506.32662"	""		"17550.181"	"57437.194"	"3d7.(4P).4s"	"a 5P"	"3"	"3d6.4s.(6D).6p"	"5P*"	"2"	7	5		
"2506.5722"	"2506.57165"	"2.04e+07"	C+	"20874.482"	"60757.596"	"3d6.4s2"	"b 3F2"	"3"	"3d6.(3H).4s.4p.(1P*)"	"t 3H*"	"4"	7	9		
"2507.5253"	"2507.5227"	""		"19912.495"	"59780.484"	"3d6.(5D).4s.4p.(3P*)"	"z 7D*"	"2"	"3d6.4s.(6D<5/2>).6d"	"2[3/2]"	"2"	5	5		
"2507.9001"	"2507.90017"	"1.93e+07"	B+	"7728.060"	"47590.048"	"3d7.(4F).4s"	"a 5F"	"3"	"3d6.(3G).4s.4p.(3P*)"	"w 5G*"	"4"	7	9		
"2508.7531"	"2508.75314"	"1.71e+06"	C+	"7985.785"	"47834.221"	"3d7.(4F).4s"	"a 5F"	"2"	"3d6.(3F2).4s.4p.(3P*)"	"x 3G*"	"3"	5	7		
"2508.942"	"2508.93643"	""		"17726.988"	"57572.513"	"3d7.(4P).4s"	"a 5P"	"2"	"3d6.4s.(6D).6p"	"5F*"	"2"	5	5		
"2508.9450"	"2508.94632"	""		"7985.785"	"47831.153"	"3d7.(4F).4s"	"a 5F"	"2"	"3d6.(3G).4s.4p.(3P*)"	"w 5G*"	"2"	5	5		
"2509.391"	"2509.39041"	""		"17726.988"	"57565.305"	"3d7.(4P).4s"	"a 5P"	"2"	"3d6.(3P2).4s.4p.(1P*)"	"3D*"	"3"	5	7		
"2510.2969"	"2510.2971"	""		"20019.635"	"59843.564"	"3d6.(5D).4s.4p.(3P*)"	"z 7D*"	"1"	"3d6.4s.(6D<5/2>).6d"	"2[5/2]"	"2"	3	5		
"2510.8348"	"2510.83468"	"1.29e+08"	B	"415.933"	"40231.336"	"3d6.4s2"	"a 5D"	"3"	"3d6.(5D).4s.4p.(1P*)"	"x 5D*"	"2"	7	5		
"2511.026"	"2511.0277"	""		"19757.032"	"59569.374"	"3d6.(5D).4s.4p.(3P*)"	"z 7D*"	"3"	"3d6.4s.(6D<7/2>).6d"	"2[3/2]"	"2"	7	5		
"2511.317"	"2511.31931"	""		"19552.478"	"59360.198"	"3d6.4s2"	"a 3P2"	"1"	"3d6.4s.(4D).5p"	"5P*"	"1"	3	3		
"2512.2753"	"2512.27524"	"2.19e+06"	C+	"6928.268"	"46720.842"	"3d7.(4F).4s"	"a 5F"	"5"	"3d7.(4P).4p"	"u 5D*"	"4"	11	9		
"2512.3647"	"2512.36465"	"2.00e+06"	B+	"415.933"	"40207.091"	"3d6.4s2"	"a 5D"	"3"	"3d5.(6S).4s2.4p"	"y 7P*"	"3"	7	7		
"2512.8997"	"2512.8976"	""		"19350.891"	"59133.61"	"3d6.(5D).4s.4p.(3P*)"	"z 7D*"	"5"	"3d6.4s.(6D<9/2>).6d"	"2[9/2]"	"4"	11	9		
"2512.973"	"2512.9707"	""		"19757.032"	"59538.594"	"3d6.(5D).4s.4p.(3P*)"	"z 7D*"	"3"	"3d6.4s.(6D<7/2>).6d"	"2[5/2]"	"3"	7	7		
"2513.3301"	"2513.3310"	""		"19350.891"	"59126.75"	"3d6.(5D).4s.4p.(3P*)"	"z 7D*"	"5"	"3d6.4s.(6D<9/2>).6d"	"2[9/2]"	"5"	11	11		
"2513.332"	"2513.3343"	""		"19757.032"	"59532.84"	"3d6.(5D).4s.4p.(3P*)"	"z 7D*"	"3"	"3d6.4s.(6D<7/2>).6d"	"2[9/2]"	"4"	7	9		
"2513.4997"	"2513.5002"	""		"19350.891"	"59124.074"	"3d6.(5D).4s.4p.(3P*)"	"z 7D*"	"5"	"3d6.4s.(6D<9/2>).6d"	"2[11/2]"	"6"	11	13		
"2513.8479"	"2513.84781"	""		"21038.987"	"60806.670"	"3d6.4s2"	"b 3F2"	"2"	"3d6.(3F2).4s.4p.(1P*)"	"3D*"	"3"	5	7		
"2514.2798"	"2514.2799"	""		"20019.635"	"59780.484"	"3d6.(5D).4s.4p.(3P*)"	"z 7D*"	"1"	"3d6.4s.(6D<5/2>).6d"	"2[3/2]"	"2"	3	5		
"2514.5189"	"2514.5171"	""		"19757.032"	"59514.13"	"3d6.(5D).4s.4p.(3P*)"	"z 7D*"	"3"	"3d6.4s.(6D<7/2>).6d"	"2[5/2]"	"2"	7	5		
"2514.7090"	"2514.70913"	""		"18378.186"	"58132.249"	"3d6.4s2"	"a 3P2"	"2"	"3d6.4s.(4D).5p"	"3D*"	"2"	5	5		
"2515.8536"	"2515.85322"	"1.22e+06"	C	"12560.934"	"52296.920"	"3d7.(4F).4s"	"a 3F"	"3"	"3d7.(2P).4p"	"u 3D*"	"2"	7	5		
"2516.2504"	"2516.25003"	"3.73e+05"	C	"7376.764"	"47106.484"	"3d7.(4F).4s"	"a 5F"	"4"	"3d6.(3H).4s.4p.(3P*)"	"z 3H*"	"4"	9	9		
"2516.5707"	"2516.57076"	"1.71e+06"	C	"7728.060"	"47452.717"	"3d7.(4F).4s"	"a 5F"	"3"	"3d7.(2G).4p"	"z 1G*"	"4"	7	9		
"2516.956"	"2516.9547"	""		"19757.032"	"59475.63"	"3d6.(5D).4s.4p.(3P*)"	"z 7D*"	"3"	"3d6.4s.(6D<7/2>).6d"	"2[7/2]"	"4"	7	9		
"2517.127"	"2517.12263"	""		"7376.764"	"47092.712"	"3d7.(4F).4s"	"a 5F"	"4"	"3d6.(3F2).4s.4p.(3P*)"	"x 3F*"	"3"	9	7		
"2517.2203"	"2517.22291"	""		"12968.554"	"52682.920"	"3d7.(4F).4s"	"a 3F"	"2"	"3d7.(2D2).4p"	"t 3D*"	"2"	5	5		
"2517.481"	"2517.48663"	""		"17726.988"	"57437.194"	"3d7.(4P).4s"	"a 5P"	"2"	"3d6.4s.(6D).6p"	"5P*"	"2"	5	5		
"2517.529"	"2517.5292"	""		"20019.635"	"59729.17"	"3d6.(5D).4s.4p.(3P*)"	"z 7D*"	"1"	"3d6.4s.(6D<5/2>).6d"	"2[1/2]"	"1"	3	3		
"2517.6609"	"2517.66112"	"1.58e+07"	B	"7985.785"	"47693.239"	"3d7.(4F).4s"	"a 5F"	"2"	"3d6.(3G).4s.4p.(3P*)"	"w 5G*"	"3"	5	7		
"2517.798"	"2517.79948"	""		"17927.382"	"57632.654"	"3d7.(4P).4s"	"a 5P"	"1"	"3d6.4s.(6D<3/2>).4f"	"2[5/2]*"	"2"	3	5		
"2518.1015"	"2518.10145"	"1.93e+08"	B	"704.007"	"40404.518"	"3d6.4s2"	"a 5D"	"2"	"3d6.(5D).4s.4p.(1P*)"	"x 5D*"	"1"	5	3		
"2518.6463"	"2518.64479"	""		"11976.239"	"51668.186"	"3d7.(4F).4s"	"a 3F"	"4"	"3d7.(2H).4p"	"u 3G*"	"4"	9	9		
"2518.667"	"2518.66510"	""		"7728.060"	"47419.687"	"3d7.(4F).4s"	"a 5F"	"3"	"3d6.(3P2).4s.4p.(3P*)"	"1D*"	"2"	7	5		
"2518.8234"	"2518.8234"	""		"20874.482"	"60563.614"	"3d6.4s2"	"b 3F2"	"3"	"3d6.(3F2).4s.4p.(1P*)"	"r 3G*"	"3"	7	7		
"2519.6292"	"2519.62930"	"1.34e+07"	C+	"8154.714"	"47831.153"	"3d7.(4F).4s"	"a 5F"	"1"	"3d6.(3G).4s.4p.(3P*)"	"w 5G*"	"2"	3	5		
"2519.848"	"2519.845"	""		"19562.439"	"59235.48"	"3d6.(5D).4s.4p.(3P*)"	"z 7D*"	"4"	"3d6.4s.(6D<9/2>).6d"	"2[7/2]"	"4"	9	9		
"2520.872"	"2520.8721"	""		"19912.495"	"59569.374"	"3d6.(5D).4s.4p.(3P*)"	"z 7D*"	"2"	"3d6.4s.(6D<7/2>).6d"	"2[3/2]"	"2"	5	5		
"2520.9709"	"2520.97126"	""		"18378.186"	"58033.506"	"3d6.4s2"	"a 3P2"	"2"	"3d6.4s.(4D).5p"	"5D*"	"3"	5	7		
"2521.0597"	"2521.05906"	""		"11976.239"	"51630.178"	"3d7.(4F).4s"	"a 3F"	"4"	"3d6.(3H).4s.4p.(3P*)"	"1H*"	"5"	9	11		
"2521.159"	"2521.16352"	""		"12560.934"	"52213.230"	"3d7.(4F).4s"	"a 3F"	"3"	"3d7.(2D2).4p"	"t 3D*"	"3"	7	7		
"2521.621"	"2521.61920"	""		"17927.382"	"57572.513"	"3d7.(4P).4s"	"a 5P"	"1"	"3d6.4s.(6D).6p"	"5F*"	"2"	3	5		
"2521.769"	"2521.76513"	""		"11976.239"	"51619.076"	"3d7.(4F).4s"	"a 3F"	"4"	"3d6.(5D).4s (6D).5p"	"u 5F*"	"3"	9	7		
"2521.9188"	"2521.91864"	"2.42e+06"	C+	"7376.764"	"47017.188"	"3d7.(4F).4s"	"a 5F"	"4"	"3d7.(4P).4p"	"w 3D*"	"3"	9	7		
"2522.194"	"2522.19366"	""		"415.933"	"40052.035"	"3d6.4s2"	"a 5D"	"3"	"3d5.(6S).4s2.4p"	"y 7P*"	"2"	7	5		
"2522.4798"	"2522.47974"	"1.14e+06"	C+	"7376.764"	"47008.371"	"3d7.(4F).4s"	"a 5F"	"4"	"3d6.(3H).4s.4p.(3P*)"	"z 3H*"	"5"	9	11		
"2522.8493"	"2522.84917"	"2.13e+08"	B	"0.000"	"39625.804"	"3d6.4s2"	"a 5D"	"4"	"3d6.(5D).4s.4p.(1P*)"	"x 5D*"	"4"	9	9		
"2523.1375"	"2523.1376"	""		"18378.186"	"57999.461"	"3d6.4s2"	"a 3P2"	"2"	"3d6.4s.(4D).5p"	"3P*"	"2"	5	5		
"2523.271"	"2523.27227"	""		"17726.988"	"57346.148"	"3d7.(4P).4s"	"a 5P"	"2"	"3d6.(3D).4s.4p.(1P*)"	"3D*"	"3"	5	7		
"2523.271"	"2523.27616"	""		"17927.382"	"57546.481"	"3d7.(4P).4s"	"a 5P"	"1"	"3d6.4s.(6D).6p"	"5F*"	"1"	3	3		
"2523.3234"	"2523.32387"	""		"17550.181"	"57168.531"	"3d7.(4P).4s"	"a 5P"	"3"	"3d6.4s.(6D).6p"	"5D*"	"3"	7	7		
"2523.6610"	"2523.66086"	""		"20641.110"	"60254.170"	"3d6.4s2"	"b 3F2"	"4"	"3d6.(3F2).4s.4p.(1P*)"	"r 3G*"	"5"	9	11		
"2523.9968"	"2523.9955"	""		"19912.495"	"59520.304"	"3d6.(5D).4s.4p.(3P*)"	"z 7D*"	"2"	"3d6.4s.(6D<7/2>).6d"	"2[7/2]"	"3"	5	7		
"2524.2923"	"2524.29228"	"3.23e+08"	B	"888.132"	"40491.284"	"3d6.4s2"	"a 5D"	"1"	"3d6.(5D).4s.4p.(1P*)"	"x 5D*"	"0"	3	1		
"2524.394"	"2524.3890"	""		"19912.495"	"59514.13"	"3d6.(5D).4s.4p.(3P*)"	"z 7D*"	"2"	"3d6.4s.(6D<7/2>).6d"	"2[5/2]"	"2"	5	5		
"2524.563"	"2524.56130"	""		"17550.181"	"57149.113"	"3d7.(4P).4s"	"a 5P"	"3"	"3d6.4s.(6D<7/2>).4f"	"2[7/2]*"	"4"	7	9		
"2525.0236"	"2525.0236"	""		"20874.482"	"60466.164"	"3d6.4s2"	"b 3F2"	"3"	"3d6.(3F2).4s.4p.(1P*)"	"r 3G*"	"4"	7	9		
"2525.111"	"2525.11541"	""		"17550.181"	"57140.424"	"3d7.(4P).4s"	"a 5P"	"3"	"3d6.4s.(6D).6p"	"7F*"	"2"	7	5		
"2526.7711"	"2526.7706"	""		"19562.439"	"59126.75"	"3d6.(5D).4s.4p.(3P*)"	"z 7D*"	"4"	"3d6.4s.(6D<9/2>).6d"	"2[9/2]"	"5"	9	11		
"2527.2661"	"2527.26548"	"3.46e+07"	D+	"19390.168"	"58946.732"	"3d6.4s2"	"a 3H"	"6"	"3d6.(3H).4s.4p.(1P*)"	"3I*"	"6"	13	13		
"2527.4348"	"2527.43442"	"1.93e+08"	B	"415.933"	"39969.853"	"3d6.4s2"	"a 5D"	"3"	"3d6.(5D).4s.4p.(1P*)"	"x 5D*"	"3"	7	7		
"2527.699"	"2527.7016"	""		"20019.635"	"59569.374"	"3d6.(5D).4s.4p.(3P*)"	"z 7D*"	"1"	"3d6.4s.(6D<7/2>).6d"	"2[3/2]"	"2"	3	5		
"2528.0127"	"2528.0127"	""		"19757.032"	"59301.904"	"3d6.(5D).4s.4p.(3P*)"	"z 7D*"	"3"	"3d6.4s.(4D).4d"	"3F"	"4"	7	9		
"2528.077"	"2528.07470"	""		"12968.554"	"52512.457"	"3d7.(4F).4s"	"a 3F"	"2"	"3d7.(2P).4p"	"u 3D*"	"1"	5	3		
"2528.172"	"2528.1760"	""		"22650.416"	"62192.735"	"3d6.(5D).4s.4p.(3P*)"	"z 7F*"	"6"	""	"62192e"	"5"	13	11		
"2528.8777"	"2528.87728"	""		"20641.110"	"60172.464"	"3d6.4s2"	"b 3F2"	"4"	"3d6.(3F2).4s.4p.(1P*)"	"3F*"	"3"	9	7		
"2529.1348"	"2529.13480"	"9.91e+07"	B	"704.007"	"40231.336"	"3d6.4s2"	"a 5D"	"2"	"3d6.(5D).4s.4p.(1P*)"	"x 5D*"	"2"	5	5		
"2529.3075"	"2529.3077"	"4.86e+08"	B	"21038.987"	"60563.614"	"3d6.4s2"	"b 3F2"	"2"	"3d6.(3F2).4s.4p.(1P*)"	"r 3G*"	"3"	5	7		
"2529.8352"	"2529.83523"	"3.83e+07"	B	"888.132"	"40404.518"	"3d6.4s2"	"a 5D"	"1"	"3d6.(5D).4s.4p.(1P*)"	"x 5D*"	"1"	3	3		
"2530.257"	"2530.25619"	""		"17927.382"	"57437.194"	"3d7.(4P).4s"	"a 5P"	"1"	"3d6.4s.(6D).6p"	"5P*"	"2"	3	5		
"2530.6915"	"2530.68716"	"6.40e+05"	B	"704.007"	"40207.091"	"3d6.4s2"	"a 5D"	"2"	"3d5.(6S).4s2.4p"	"y 7P*"	"3"	5	7		
"2531.2472"	"2531.2463"	""		"19757.032"	"59251.39"	"3d6.(5D).4s.4p.(3P*)"	"z 7D*"	"3"	"3d6.4s.(6D<9/2>).6d"	"2[7/2]"	"3"	7	7		
"2531.632"	"2531.62988"	""		"17927.382"	"57415.757"	"3d7.(4P).4s"	"a 5P"	"1"	"3d6.4s.(6D).6p"	"5D*"	"2"	3	5		
"2532.271"	"2532.267"	""		"19757.032"	"59235.48"	"3d6.(5D).4s.4p.(3P*)"	"z 7D*"	"3"	"3d6.4s.(6D<9/2>).6d"	"2[7/2]"	"4"	7	9		
"2532.3740"	"2532.3736"	""		"17550.181"	"57026.960"	"3d7.(4P).4s"	"a 5P"	"3"	"3d6.4s.(6D).6p"	"7F*"	"3"	7	7		
"2532.8759"	"2532.87593"	"1.43e+06"	B	"7728.060"	"47197.010"	"3d7.(4F).4s"	"a 5F"	"3"	"3d6.(3F2).4s.4p.(3P*)"	"x 3F*"	"2"	7	5		
"2533.1414"	"2533.14095"	"2.07e+07"	C+	"19621.006"	"59085.827"	"3d6.4s2"	"a 3H"	"5"	"3d6.(3H).4s.4p.(1P*)"	"3I*"	"5"	11	11		
"2533.273"	"2533.26991"	""		"20037.816"	"59500.628"	"3d6.4s2"	"a 3P2"	"0"	"3d6.(3P2).4s.4p.(1P*)"	"3S*"	"1"	1	3		
"2533.8040"	"2533.80435"	""		"20641.110"	"60095.599"	"3d6.4s2"	"b 3F2"	"4"	"3d6.(3F2).4s.4p.(1P*)"	"3F*"	"4"	9	9		
"2534.634"	"2534.63608"	""		"17726.988"	"57168.531"	"3d7.(4P).4s"	"a 5P"	"2"	"3d6.4s.(6D).6p"	"5D*"	"3"	5	7		
"2535.128"	"2535.12724"	""		"7985.785"	"47419.687"	"3d7.(4F).4s"	"a 5F"	"2"	"3d6.(3P2).4s.4p.(3P*)"	"1D*"	"2"	5	5		
"2535.4484"	"2535.4485"	""		"22650.416"	"62079.322"	"3d6.(5D).4s.4p.(3P*)"	"z 7F*"	"6"	""	"62079e"	"6"	13	13		
"2535.6068"	"2535.60682"	"9.59e+07"	B	"978.074"	"40404.518"	"3d6.4s2"	"a 5D"	"0"	"3d6.(5D).4s.4p.(1P*)"	"x 5D*"	"1"	1	3		
"2536.444"	"2536.44373"	""		"17726.988"	"57140.424"	"3d7.(4P).4s"	"a 5P"	"2"	"3d6.4s.(6D).6p"	"7F*"	"2"	5	5		
"2536.801"	"2536.79209"	""		"7728.060"	"47136.084"	"3d7.(4F).4s"	"a 5F"	"3"	"3d7.(4P).4p"	"w 3D*"	"2"	7	5		
"2536.9718"	"2536.97274"	""		"11976.239"	"51381.457"	"3d7.(4F).4s"	"a 3F"	"4"	"3d6.(5D).4s (6D).5p"	"u 5F*"	"4"	9	9		
"2537.130"	"2537.12612"	""		"19562.439"	"58965.275"	"3d6.(5D).4s.4p.(3P*)"	"z 7D*"	"4"	"3d6.4s.(4D).4d"	"3G"	"4"	9	9		
"2537.1745"	"2537.17435"	"3.70e+08"	B	"19390.168"	"58792.255"	"3d6.4s2"	"a 3H"	"6"	"3d6.(3H).4s.4p.(1P*)"	"3I*"	"7"	13	15		
"2537.4587"	"2537.45876"	"3.19e+06"	C+	"11976.239"	"51373.910"	"3d7.(4F).4s"	"a 3F"	"4"	"3d7.(2H).4p"	"u 3G*"	"5"	9	11		
"2538.008"	"2538.01274"	""		"11976.239"	"51365.311"	"3d7.(4F).4s"	"a 3F"	"4"	"3d7.(2D2).4p"	"v 3F*"	"3"	9	7		
"2538.397"	"2538.3911"	""		"17550.181"	"56933.382"	"3d7.(4P).4s"	"a 5P"	"3"	"3d6.4s.(6D).6p"	"7D*"	"2"	7	5		
"2538.6992"	"2538.69907"	"2.74e+05"	C+	"7728.060"	"47106.484"	"3d7.(4F).4s"	"a 5F"	"3"	"3d6.(3H).4s.4p.(3P*)"	"z 3H*"	"4"	7	9		
"2539.3567"	"2539.35655"	"2.41e+06"	C+	"7376.764"	"46744.993"	"3d7.(4F).4s"	"a 5F"	"4"	"3d7.(4P).4p"	"u 5D*"	"3"	9	7		
"2539.5869"	"2539.58731"	""		"7728.060"	"47092.712"	"3d7.(4F).4s"	"a 5F"	"3"	"3d6.(3F2).4s.4p.(3P*)"	"x 3F*"	"3"	7	7		
"2540.293"	"2540.29812"	""		"19552.478"	"58906.116"	"3d6.4s2"	"a 3P2"	"1"	"3d6.4s.(4D).5p"	"5F*"	"2"	3	5		
"2540.663"	"2540.66685"	""		"17726.988"	"57074.915"	"3d7.(4P).4s"	"a 5P"	"2"	"3d6.(3D).4s.4p.(1P*)"	"3D*"	"2"	5	5		
"2540.6633"	"2540.66032"	"1.41e+06"	B+	"704.007"	"40052.035"	"3d6.4s2"	"a 5D"	"2"	"3d5.(6S).4s2.4p"	"y 7P*"	"2"	5	5		
"2540.732"	"2540.7354"	""		"22845.869"	"62192.735"	"3d6.(5D).4s.4p.(3P*)"	"z 7F*"	"5"	""	"62192e"	"5"	11	11		
"2540.9154"	"2540.91541"	""		"7376.764"	"46720.842"	"3d7.(4F).4s"	"a 5F"	"4"	"3d7.(4P).4p"	"u 5D*"	"4"	9	9		
"2540.9720"	"2540.97186"	"9.59e+07"	C+	"888.132"	"40231.336"	"3d6.4s2"	"a 5D"	"1"	"3d6.(5D).4s.4p.(1P*)"	"x 5D*"	"2"	3	5		
"2541.2534"	"2541.2502"	""		"19912.495"	"59251.39"	"3d6.(5D).4s.4p.(3P*)"	"z 7D*"	"2"	"3d6.4s.(6D<9/2>).6d"	"2[7/2]"	"3"	5	7		
"2541.2931"	"2541.29239"	""		"17550.181"	"56888.423"	"3d7.(4P).4s"	"a 5P"	"3"	"3d6.4s.(6D).6p"	"7P*"	"3"	7	7		
"2541.929"	"2541.93060"	""		"12968.554"	"52296.920"	"3d7.(4F).4s"	"a 3F"	"2"	"3d7.(2P).4p"	"u 3D*"	"2"	5	5		
"2541.929"	"2541.93066"	""		"11976.239"	"51304.604"	"3d7.(4F).4s"	"a 3F"	"4"	"3d7.(2D2).4p"	"v 3F*"	"4"	9	9		
"2542.1011"	"2542.10125"	"4.47e+08"	C+	"19621.006"	"58946.732"	"3d6.4s2"	"a 3H"	"5"	"3d6.(3H).4s.4p.(1P*)"	"3I*"	"6"	11	13		
"2542.314"	"2542.31745"	""		"20037.816"	"59360.198"	"3d6.4s2"	"a 3P2"	"0"	"3d6.4s.(4D).5p"	"5P*"	"1"	1	3		
"2542.391"	"2542.39620"	""		"17550.181"	"56871.345"	"3d7.(4P).4s"	"a 5P"	"3"	"3d6.4s.(6D).6p"	"5P*"	"3"	7	7		
"2542.7359"	"2542.73663"	""		"19390.168"	"58706.068"	"3d6.4s2"	"a 3H"	"6"	"3d7.(4F<9/2>).4f"	"2[13/2]*"	"7"	13	15		
"2543.0508"	"2543.04796"	""		"19350.891"	"58661.978"	"3d6.(5D).4s.4p.(3P*)"	"z 7D*"	"5"	""	"58661e"	"4"	11	9		
"2543.3778"	"2543.37769"	""		"20037.816"	"59343.807"	"3d6.4s2"	"a 3P2"	"0"	"3d6.4s.(4D).5p"	"3P*"	"1"	1	3		
"2543.378"	"2543.38274"	""		"20641.110"	"59947.023"	"3d6.4s2"	"b 3F2"	"4"	"3d7.(4F<3/2>).4f"	"2[7/2]*"	"4"	9	9		
"2543.678"	"2543.67630"	""		"19788.251"	"59089.628"	"3d6.4s2"	"a 3H"	"4"	"3d6.4s.(4D).5p"	"3F*"	"3"	9	7		
"2543.8960"	"2543.89607"	""		"20874.482"	"60172.464"	"3d6.4s2"	"b 3F2"	"3"	"3d6.(3F2).4s.4p.(1P*)"	"3F*"	"3"	7	7		
"2543.9224"	"2543.92235"	"4.70e+08"	B	"19788.251"	"59085.827"	"3d6.4s2"	"a 3H"	"4"	"3d6.(3H).4s.4p.(1P*)"	"3I*"	"5"	9	11		
"2544.465"	"2544.46939"	""		"7728.060"	"47017.188"	"3d7.(4F).4s"	"a 5F"	"3"	"3d7.(4P).4p"	"w 3D*"	"3"	7	7		
"2544.6565"	"2544.65632"	"2.86e+06"	C+	"7985.785"	"47272.027"	"3d7.(4F).4s"	"a 5F"	"2"	"3d7.(4P).4p"	"w 3D*"	"1"	5	3		
"2544.70616"	""	""		""	""	""	""	""	""	""	""				
"2545.9783"	"2545.97818"	"7.16e+07"	C+	"704.007"	"39969.853"	"3d6.4s2"	"a 5D"	"2"	"3d6.(5D).4s.4p.(1P*)"	"x 5D*"	"3"	5	7		
"2546.1746"	"2546.17377"	""		"17927.382"	"57190.212"	"3d7.(4P).4s"	"a 5P"	"1"	"3d6.4s.(6D).6p"	"7P*"	"2"	3	5		
"2546.1746"	"2546.17474"	""		"18378.186"	"57641.001"	"3d6.4s2"	"a 3P2"	"2"	"3d6.(3D).4s.4p.(3P*)"	"t 3F*"	"3"	5	7		
"2546.8674"	"2546.8674"	""		"23783.619"	"63035.756"	"3d6.4s2"	"b 3G"	"5"	"3d6.(3G).4s.4p.(1P*)"	"3H*"	"6"	11	13		
"2547.689"	"2547.68654"	""		"17550.181"	"56789.699"	"3d7.(4P).4s"	"a 5P"	"3"	"3d6.4s.(6D<9/2>).4f"	"2[3/2]*"	"2"	7	5		
"2548.0802"	"2548.0804"	""		"22845.869"	"62079.322"	"3d6.(5D).4s.4p.(3P*)"	"z 7F*"	"5"	""	"62079e"	"6"	11	13		
"2548.1000"	"2548.10067"	""		"17550.181"	"56783.322"	"3d7.(4P).4s"	"a 5P"	"3"	"3d6.(1G2).4s.4p.(3P*)"	"u 3F*"	"3"	7	7		
"2548.393"	"2548.39065"	""		"17927.382"	"57156.059"	"3d7.(4P).4s"	"a 5P"	"1"	"3d6.4s.(6D<7/2>).4f"	"2[1/2]*"	"0"	3	1		
"2548.508"	"2548.50694"	""		"17927.382"	"57154.269"	"3d7.(4P).4s"	"a 5P"	"1"	"3d6.4s.(6D<7/2>).4f"	"2[3/2]*"	"2"	3	5		
"2548.883"	"2548.88189"	""		"20874.482"	"60095.599"	"3d6.4s2"	"b 3F2"	"3"	"3d6.(3F2).4s.4p.(1P*)"	"3F*"	"4"	7	9		
"2549.226"	"2549.22282"	""		"17550.181"	"56766.053"	"3d7.(4P).4s"	"a 5P"	"3"	"3d6.4s.(6D<9/2>).4f"	"2[7/2]*"	"3"	7	7		
"2549.3067"	"2549.30642"	""		"17550.181"	"56764.767"	"3d7.(4P).4s"	"a 5P"	"3"	"3d6.4s.(6D<9/2>).4f"	"2[7/2]*"	"4"	7	9		
"2549.5252"	"2549.52495"	"6.62e+05"	C+	"7985.785"	"47197.010"	"3d7.(4F).4s"	"a 5F"	"2"	"3d6.(3F2).4s.4p.(3P*)"	"x 3F*"	"2"	5	5		
"2549.6132"	"2549.61299"	"2.31e+07"	B	"415.933"	"39625.804"	"3d6.4s2"	"a 5D"	"3"	"3d6.(5D).4s.4p.(1P*)"	"x 5D*"	"4"	7	9		
"2549.948"	"2549.94599"	""		"17550.181"	"56754.932"	"3d7.(4P).4s"	"a 5P"	"3"	"3d6.4s.(6D<9/2>).4f"	"2[9/2]*"	"4"	7	9		
"2550.510"	"2550.5114"	""		"22996.674"	"62192.735"	"3d6.(5D).4s.4p.(3P*)"	"z 7F*"	"4"	""	"62192e"	"5"	9	11		
"2550.8110"	"2550.81152"	""		"7985.785"	"47177.234"	"3d7.(4F).4s"	"a 5F"	"2"	"3d7.(4P).4p"	"u 5D*"	"1"	5	3		
"2551.0932"	"2551.09339"	""		"18378.186"	"57565.305"	"3d6.4s2"	"a 3P2"	"2"	"3d6.(3P2).4s.4p.(1P*)"	"3D*"	"3"	5	7		
"2551.414"	"2551.41668"	""		"17550.181"	"56732.335"	"3d7.(4P).4s"	"a 5P"	"3"	"3d6.4s.(6D).6p"	"5D*"	"4"	7	9		
"2552.6057"	"2552.60576"	"6.19e+05"	B	"888.132"	"40052.035"	"3d6.4s2"	"a 5D"	"1"	"3d5.(6S).4s2.4p"	"y 7P*"	"2"	3	5		
"2552.7682"	"2552.76664"	""		"17726.988"	"56888.423"	"3d7.(4P).4s"	"a 5P"	"2"	"3d6.4s.(6D).6p"	"7P*"	"3"	5	7		
"2552.8305"	"2552.83039"	"1.43e+06"	C+	"7728.060"	"46888.517"	"3d7.(4F).4s"	"a 5F"	"3"	"3d7.(4P).4p"	"u 5D*"	"2"	7	5		
"2553.4930"	"2553.49280"	""		"7985.785"	"47136.084"	"3d7.(4F).4s"	"a 5F"	"2"	"3d7.(4P).4p"	"w 3D*"	"2"	5	5		
"2553.549"	"2553.55118"	""		"19757.032"	"58906.436"	"3d6.(5D).4s.4p.(3P*)"	"z 7D*"	"3"	""	"58906e"	"4"	7	9		
"2553.671"	"2553.67323"	""		"17927.382"	"57074.915"	"3d7.(4P).4s"	"a 5P"	"1"	"3d6.(3D).4s.4p.(1P*)"	"3D*"	"2"	3	5		
"2553.8810"	"2553.88043"	""		"17726.988"	"56871.345"	"3d7.(4P).4s"	"a 5P"	"2"	"3d6.4s.(6D).6p"	"5P*"	"3"	5	7		
"2554.071"	"2554.07704"	""		"19350.891"	"58492.235"	"3d6.(5D).4s.4p.(3P*)"	"z 7D*"	"5"	"3d6.4s.(4D).4d"	"3G"	"5"	11	11		
"2555.6465"	"2555.64619"	""		"8154.714"	"47272.027"	"3d7.(4F).4s"	"a 5F"	"1"	"3d7.(4P).4p"	"w 3D*"	"1"	3	3		
"2556.3036"	"2556.30372"	"2.55e+06"	C+	"12560.934"	"51668.186"	"3d7.(4F).4s"	"a 3F"	"3"	"3d7.(2H).4p"	"u 3G*"	"4"	7	9		
"2556.8627"	"2556.86269"	"7.51e+05"	C+	"6928.268"	"46026.971"	"3d7.(4F).4s"	"a 5F"	"5"	"3d6.(3H).4s.4p.(3P*)"	"z 3I*"	"6"	11	13		
"2557.2705"	"2557.26980"	""		"11976.239"	"51068.718"	"3d7.(4F).4s"	"a 3F"	"4"	"3d6.(3G).4s.4p.(3P*)"	"x 3H*"	"5"	9	11		
"2557.421"	"2557.41622"	""		"19621.006"	"58711.247"	"3d6.4s2"	"a 3H"	"5"	"3d7.(4F<9/2>).4f"	"2[7/2]*"	"4"	11	9		
"2557.829"	"2557.83071"	""		"19621.006"	"58704.913"	"3d6.4s2"	"a 3H"	"5"	"3d7.(4F<9/2>).4f"	"2[9/2]*"	"4"	11	9		
"2557.9785"	"2557.97680"	""		"19621.006"	"58702.681"	"3d6.4s2"	"a 3H"	"5"	"3d7.(4F<9/2>).4f"	"2[13/2]*"	"6"	11	13		
"2558.1143"	"2558.11695"	""		"19621.006"	"58700.540"	"3d6.4s2"	"a 3H"	"5"	"3d7.(4F<9/2>).4f"	"2[11/2]*"	"6"	11	13		
"2558.522"	"2558.52616"	""		"20874.482"	"59947.766"	"3d6.4s2"	"b 3F2"	"3"	"3d7.(4F<3/2>).4f"	"2[5/2]*"	"2"	7	5		
"2558.579"	"2558.57481"	""		"20874.482"	"59947.023"	"3d6.4s2"	"b 3F2"	"3"	"3d7.(4F<3/2>).4f"	"2[7/2]*"	"4"	7	9		
"2559.092"	"2559.09266"	""		"17726.988"	"56791.623"	"3d7.(4P).4s"	"a 5P"	"2"	"3d6.4s.(6D<9/2>).4f"	"2[3/2]*"	"1"	5	3		
"2559.561"	"2559.56353"	""		"20019.635"	"59077.084"	"3d6.(5D).4s.4p.(3P*)"	"z 7D*"	"1"	""	"59077e"	"1"	3	3		
"2559.884"	"2559.88463"	""		"17726.988"	"56779.538"	"3d7.(4P).4s"	"a 5P"	"2"	"3d6.4s.(6D<9/2>).4f"	"2[5/2]*"	"2"	5	5		
"2560.028"	"2560.03384"	""		"17726.988"	"56777.262"	"3d7.(4P).4s"	"a 5P"	"2"	"3d6.4s.(6D<9/2>).4f"	"2[5/2]*"	"3"	5	7		
"2560.5571"	"2560.55700"	"1.59e+06"	B	"8154.714"	"47197.010"	"3d7.(4F).4s"	"a 5F"	"1"	"3d6.(3F2).4s.4p.(3P*)"	"x 3F*"	"2"	3	5		
"2560.584"	"2560.58534"	""		"21715.732"	"60757.596"	"3d7.(2G).4s"	"a 3G"	"5"	"3d6.(3H).4s.4p.(1P*)"	"t 3H*"	"4"	11	9		
"2560.766"	"2560.76893"	""		"17726.988"	"56766.053"	"3d7.(4P).4s"	"a 5P"	"2"	"3d6.4s.(6D<9/2>).4f"	"2[7/2]*"	"3"	5	7		
"2560.869"	"2560.86694"	""		"18378.186"	"57415.757"	"3d6.4s2"	"a 3P2"	"2"	"3d6.4s.(6D).6p"	"5D*"	"2"	5	5		
"2561.2717"	"2561.27165"	""		"7985.785"	"47017.188"	"3d7.(4F).4s"	"a 5F"	"2"	"3d7.(4P).4p"	"w 3D*"	"3"	5	7		
"2561.8550"	"2561.85473"	"1.67e+06"	C+	"8154.714"	"47177.234"	"3d7.(4F).4s"	"a 5F"	"1"	"3d7.(4P).4p"	"u 5D*"	"1"	3	3		
"2562.2247"	"2562.22160"	""		"7728.060"	"46744.993"	"3d7.(4F).4s"	"a 5F"	"3"	"3d7.(4P).4p"	"u 5D*"	"3"	7	7		
"2562.228"	"2562.22922"	""		"8154.714"	"47171.531"	"3d7.(4F).4s"	"a 5F"	"1"	"3d7.(4P).4p"	"u 5D*"	"0"	3	1		
"2563.3987"	"2563.39895"	"1.12e+06"	C+	"7728.060"	"46727.074"	"3d7.(4F).4s"	"a 5F"	"3"	"3d6.(3P2).4s.4p.(3P*)"	"y 3P*"	"2"	7	5		
"2563.898"	"2563.89856"	""		"17550.181"	"56541.596"	"3d7.(4P).4s"	"a 5P"	"3"	"3d6.4s.(6D).6p"	"7P*"	"4"	7	9		
"2564.5592"	"2564.55928"	"1.43e+06"	C+	"8154.714"	"47136.084"	"3d7.(4F).4s"	"a 5F"	"1"	"3d7.(4P).4p"	"w 3D*"	"2"	3	5		
"2565.276"	"2565.27519"	""		"19350.891"	"58321.383"	"3d6.(5D).4s.4p.(3P*)"	"z 7D*"	"5"	"3d6.4s.(6D).7s"	"5D"	"4"	11	9		
"2565.4692"	"2565.4705"	""		"19552.478"	"58520.003"	"3d6.4s2"	"a 3P2"	"1"	"3d6.4s.(4D).5p"	"5D*"	"1"	3	3		
"2565.531"	"2565.53386"	""		"17550.181"	"56516.744"	"3d7.(4P).4s"	"a 5P"	"3"	"3d6.4s.(6D).6p"	"7D*"	"4"	7	9		
"2565.595"	"2565.59450"	""		"18378.186"	"57343.828"	"3d6.4s2"	"a 3P2"	"2"	"3d6.4s.(6D).6p"	"5F*"	"3"	5	7		
"2568.154"	"2568.15652"	""		"19757.032"	"58683.804"	"3d6.(5D).4s.4p.(3P*)"	"z 7D*"	"3"	"3d6.4s.(6D).7s"	"7D"	"2"	7	5		
"2568.407"	"2568.40568"	""		"19788.251"	"58711.247"	"3d6.4s2"	"a 3H"	"4"	"3d7.(4F<9/2>).4f"	"2[7/2]*"	"4"	9	9		
"2568.8646"	"2568.86433"	"2.04e+06"	C+	"7985.785"	"46901.832"	"3d7.(4F).4s"	"a 5F"	"2"	"3d6.(3P2).4s.4p.(3P*)"	"y 3P*"	"1"	5	3		
"2569.029"	"2569.02945"	""		"21038.987"	"59952.533"	"3d6.4s2"	"b 3F2"	"2"	"3d7.(4F<3/2>).4f"	"2[5/2]*"	"3"	5	7		
"2569.089"	"2569.09303"	""		"19788.251"	"58700.834"	"3d6.4s2"	"a 3H"	"4"	"3d7.(4F<9/2>).4f"	"2[11/2]*"	"5"	9	11		
"2569.345"	"2569.34422"	""		"21038.987"	"59947.766"	"3d6.4s2"	"b 3F2"	"2"	"3d7.(4F<3/2>).4f"	"2[5/2]*"	"2"	5	5		
"2569.5968"	"2569.59678"	"1.01e+06"	B+	"6928.268"	"45833.223"	"3d7.(4F).4s"	"a 5F"	"5"	"3d6.(3F2).4s.4p.(3P*)"	"x 5G*"	"4"	11	9		
"2569.7434"	"2569.74362"	"1.17e+06"	C+	"7985.785"	"46888.517"	"3d7.(4F).4s"	"a 5F"	"2"	"3d7.(4P).4p"	"u 5D*"	"2"	5	5		
"2572.549"	"2572.55006"	""		"19621.006"	"58481.301"	"3d6.4s2"	"a 3H"	"5"	"3d6.4s.(4D).5p"	"5F*"	"4"	11	9		
"2572.7552"	"2572.75372"	"2.49e+06"	C+	"12968.554"	"51825.773"	"3d7.(4F).4s"	"a 3F"	"2"	"3d7.(2H).4p"	"u 3G*"	"3"	5	7		
"2575.7451"	"2575.74520"	""		"19788.251"	"58600.344"	"3d6.4s2"	"a 3H"	"4"	"3d6.(3H).4s.4p.(1P*)"	"3G*"	"3"	9	7		
"2576.6900"	"2576.69004"	"1.13e+07"	B+	"6928.268"	"45726.130"	"3d7.(4F).4s"	"a 5F"	"5"	"3d6.(3F2).4s.4p.(3P*)"	"x 5G*"	"5"	11	11		
"2576.984"	"2576.97832"	""		"12968.554"	"51762.076"	"3d7.(4F).4s"	"a 3F"	"2"	"3d6.(3H).4s.4p.(3P*)"	"x 1D*"	"2"	5	5		
"2577.187"	"2577.18939"	""		"18378.186"	"57168.531"	"3d6.4s2"	"a 3P2"	"2"	"3d6.4s.(6D).6p"	"5D*"	"3"	5	7		
"2578.0032"	"2578.00391"	""		"19552.478"	"58330.568"	"3d6.4s2"	"a 3P2"	"1"	"3d6.4s.(4D).5p"	"5D*"	"2"	3	5		
"2578.21032"	""	""		""	""	""	""	""	""	""	""				
""	"2579.25989"	""		"7985.785"	"46744.993"	"3d7.(4F).4s"	"a 5F"	"2"	"3d7.(4P).4p"	"u 5D*"	"3"	5	7		
"2579.2700"	"2579.27001"	"3.15e+05"	C+	"7376.764"	"46135.820"	"3d7.(4F).4s"	"a 5F"	"4"	"3d6.(3H).4s.4p.(3P*)"	"z 3I*"	"5"	9	11		
"2579.272"	"2579.27746"	""		"19562.439"	"58321.383"	"3d6.(5D).4s.4p.(3P*)"	"z 7D*"	"4"	"3d6.4s.(6D).7s"	"5D"	"4"	9	9		
"2579.8438"	"2579.8441"	""		"21715.732"	"60466.164"	"3d7.(2G).4s"	"a 3G"	"5"	"3d6.(3F2).4s.4p.(1P*)"	"r 3G*"	"4"	11	9		
"2580.0646"	"2580.06473"	""		"8154.714"	"46901.832"	"3d7.(4F).4s"	"a 5F"	"1"	"3d6.(3P2).4s.4p.(3P*)"	"y 3P*"	"1"	3	3		
"2580.2939"	"2580.29436"	""		"12560.934"	"51304.604"	"3d7.(4F).4s"	"a 3F"	"3"	"3d7.(2D2).4p"	"v 3F*"	"4"	7	9		
"2580.4526"	"2580.45295"	""		"7985.785"	"46727.074"	"3d7.(4F).4s"	"a 5F"	"2"	"3d6.(3P2).4s.4p.(3P*)"	"y 3P*"	"2"	5	5		
"2580.5542"	"2580.55527"	""		"12968.554"	"51708.307"	"3d7.(4F).4s"	"a 3F"	"2"	"3d7.(2P).4p"	"y 1D*"	"2"	5	5		
"2580.9507"	"2580.95170"	""		"8154.714"	"46888.517"	"3d7.(4F).4s"	"a 5F"	"1"	"3d7.(4P).4p"	"u 5D*"	"2"	3	5		
"2582.2979"	"2582.29821"	""		"19621.006"	"58334.613"	"3d6.4s2"	"a 3H"	"5"	"3d6.(3H).4s.4p.(1P*)"	"3G*"	"4"	11	9		
"2583.667"	"2583.67023"	""		"19788.251"	"58481.301"	"3d6.4s2"	"a 3H"	"4"	"3d6.4s.(4D).5p"	"5F*"	"4"	9	9		
"2584.5359"	"2584.53576"	"3.15e+07"	B+	"6928.268"	"45608.361"	"3d7.(4F).4s"	"a 5F"	"5"	"3d6.(3F2).4s.4p.(3P*)"	"x 5G*"	"6"	11	13		
"2585.470"	"2585.4642"	""		"23711.456"	"62377.66"	"3d6.(5D).4s.4p.(3P*)"	"z 7P*"	"4"	""	"62377e"	"4"	9	9		
"2586.477"	"2586.47814"	""		"19350.891"	"58001.938"	"3d6.(5D).4s.4p.(3P*)"	"z 7D*"	"5"	"3d6.(5D).4s (4D).4d"	"g 5G"	"6"	11	13		
"2586.556"	"2586.5546"	""		"21715.732"	"60365.637"	"3d7.(2G).4s"	"a 3G"	"5"	"3d6.(3H).4s.4p.(1P*)"	"t 3H*"	"6"	11	13		
"2587.374"	"2587.36872"	""		"11976.239"	"50613.983"	"3d7.(4F).4s"	"a 3F"	"4"	"3d6.(3F2).4s.4p.(3P*)"	"x 1G*"	"4"	9	9		
"2587.877"	"2587.87350"	""		"20641.110"	"59271.318"	"3d6.4s2"	"b 3F2"	"4"	"3d7.(4F<7/2>).4f"	"2[5/2]*"	"3"	9	7		
"2587.9952"	"2587.99510"	""		"19390.168"	"58018.561"	"3d6.4s2"	"a 3H"	"6"	"3d6.(3H).4s.4p.(1P*)"	"3G*"	"5"	13	11		
"2588.303"	"2588.30462"	""		"20641.110"	"59264.884"	"3d6.4s2"	"b 3F2"	"4"	"3d7.(4F<7/2>).4f"	"2[9/2]*"	"5"	9	11		
"2588.480"	"2588.47787"	""		"20641.110"	"59262.299"	"3d6.4s2"	"b 3F2"	"4"	"3d7.(4F<7/2>).4f"	"2[9/2]*"	"4"	9	9		
"2588.891"	"2588.89055"	""		"7985.785"	"46600.818"	"3d7.(4F).4s"	"a 5F"	"2"	"3d6.(3P2).4s.4p.(3P*)"	"z 3S*"	"1"	5	3		
"2589.9070"	"2589.9061"	""		"19912.495"	"58512.387"	"3d6.(5D).4s.4p.(3P*)"	"z 7D*"	"2"	"3d6.4s.(4D).4d"	"5F"	"2"	5	5		
"2590.879"	"2590.87373"	""		"7728.060"	"46313.537"	"3d7.(4F).4s"	"a 5F"	"3"	"3d7.(4P).4p"	"w 5P*"	"2"	7	5		
"2591.2566"	"2591.25695"	""		"19552.478"	"58132.249"	"3d6.4s2"	"a 3P2"	"1"	"3d6.4s.(4D).5p"	"3D*"	"2"	3	5		
"2591.757"	"2591.75485"	""		"8154.714"	"46727.074"	"3d7.(4F).4s"	"a 5F"	"1"	"3d6.(3P2).4s.4p.(3P*)"	"y 3P*"	"2"	3	5		
"2592.286"	"2592.29313"	""		"19757.032"	"58321.383"	"3d6.(5D).4s.4p.(3P*)"	"z 7D*"	"3"	"3d6.4s.(6D).7s"	"5D"	"4"	7	9		
"2592.2862"	"2592.2842"	""		"21999.130"	"60563.614"	"3d7.(2G).4s"	"a 3G"	"4"	"3d6.(3F2).4s.4p.(1P*)"	"r 3G*"	"3"	9	7		
"2593.260"	"2593.2592"	""		"21999.130"	"60549.116"	"3d7.(2G).4s"	"a 3G"	"4"	"3d6.(3H).4s.4p.(1P*)"	"t 3H*"	"5"	9	11		
"2593.5008"	"2593.50299"	""		"19788.251"	"58334.613"	"3d6.4s2"	"a 3H"	"4"	"3d6.(3H).4s.4p.(1P*)"	"3G*"	"4"	9	9		
"2593.5159"	"2593.5166"	""		"19350.891"	"57897.051"	"3d6.(5D).4s.4p.(3P*)"	"z 7D*"	"5"	"3d6.(5D).4s (6D).7s"	"7D"	"5"	11	11		
"2594.0361"	"2594.03628"	""		"21715.732"	"60254.170"	"3d7.(2G).4s"	"a 3G"	"5"	"3d6.(3F2).4s.4p.(1P*)"	"r 3G*"	"5"	11	11		
"2594.1508"	"2594.15106"	"1.86e+06"	B+	"7376.764"	"45913.497"	"3d7.(4F).4s"	"a 5F"	"4"	"3d6.(3F2).4s.4p.(3P*)"	"x 5G*"	"3"	9	7		
"2595.427"	"2595.42451"	""		"8154.714"	"46672.540"	"3d7.(4F).4s"	"a 5F"	"1"	"3d6.(3P2).4s.4p.(3P*)"	"y 3P*"	"0"	3	1		
"2596.070"	"2596.07556"	""		"22249.429"	"60757.596"	"3d7.(2G).4s"	"a 3G"	"3"	"3d6.(3H).4s.4p.(1P*)"	"t 3H*"	"4"	7	9		
"2596.6159"	"2596.61726"	"5.79e+04"	C+	"6928.268"	"45428.402"	"3d7.(4F).4s"	"a 5F"	"5"	"3d6.(3H).4s.4p.(3P*)"	"y 3G*"	"4"	11	9		
"2597.8290"	"2597.8283"	""		"20037.816"	"58520.003"	"3d6.4s2"	"a 3P2"	"0"	"3d6.4s.(4D).5p"	"5D*"	"1"	1	3		
"2597.883"	"2597.8896"	""		"23711.456"	"62192.735"	"3d6.(5D).4s.4p.(3P*)"	"z 7P*"	"4"	""	"62192e"	"5"	9	11		
"2597.9456"	"2597.94445"	""		"18378.186"	"56858.653"	"3d6.4s2"	"a 3P2"	"2"	"3d6.(1G2).4s.4p.(3P*)"	"u 3F*"	"2"	5	5		
"2598.8523"	"2598.8517"	""		"21999.130"	"60466.164"	"3d7.(2G).4s"	"a 3G"	"4"	"3d6.(3F2).4s.4p.(1P*)"	"r 3G*"	"4"	9	9		
"2599.217"	"2599.21616"	""		"21038.987"	"59500.628"	"3d6.4s2"	"b 3F2"	"2"	"3d6.(3P2).4s.4p.(1P*)"	"3S*"	"1"	5	3		
"2599.5667"	"2599.56642"	"1.47e+07"	B+	"7376.764"	"45833.223"	"3d7.(4F).4s"	"a 5F"	"4"	"3d6.(3F2).4s.4p.(3P*)"	"x 5G*"	"4"	9	9		
"2600.098"	"2600.10336"	""		"20641.110"	"59089.628"	"3d6.4s2"	"b 3F2"	"4"	"3d6.4s.(4D).5p"	"3F*"	"3"	9	7		
"2600.2068"	"2600.2072"	""		"19552.478"	"57999.461"	"3d6.4s2"	"a 3P2"	"1"	"3d6.4s.(4D).5p"	"3P*"	"2"	3	5		
"2600.2701"	"2600.26663"	""		"8154.714"	"46600.818"	"3d7.(4F).4s"	"a 5F"	"1"	"3d6.(3P2).4s.4p.(3P*)"	"z 3S*"	"1"	3	3		
"2603.043"	"2603.04059"	""		"18378.186"	"56783.322"	"3d6.4s2"	"a 3P2"	"2"	"3d6.(1G2).4s.4p.(3P*)"	"u 3F*"	"3"	5	7		
"2603.5544"	"2603.55455"	""		"19621.006"	"58018.561"	"3d6.4s2"	"a 3H"	"5"	"3d6.(3H).4s.4p.(1P*)"	"3G*"	"5"	11	11		
"2603.607"	"2603.60331"	""		"20874.482"	"59271.318"	"3d6.4s2"	"b 3F2"	"3"	"3d7.(4F<7/2>).4f"	"2[5/2]*"	"3"	7	7		
"2603.6082"	"2603.60866"	""		"12968.554"	"51365.311"	"3d7.(4F).4s"	"a 3F"	"2"	"3d7.(2D2).4p"	"v 3F*"	"3"	5	7		
"2604.219"	"2604.21505"	""		"20874.482"	"59262.299"	"3d6.4s2"	"b 3F2"	"3"	"3d7.(4F<7/2>).4f"	"2[9/2]*"	"4"	7	9		
"2604.7545"	"2604.75452"	""		"21715.732"	"60095.599"	"3d7.(2G).4s"	"a 3G"	"5"	"3d6.(3F2).4s.4p.(1P*)"	"3F*"	"4"	11	9		
"2605.6571"	"2605.65678"	"1.45e+06"	B	"6928.268"	"45294.846"	"3d7.(4F).4s"	"a 5F"	"5"	"3d6.(3H).4s.4p.(3P*)"	"y 3G*"	"5"	11	11		
"2606.3035"	"2606.30421"	""		"20037.816"	"58394.864"	"3d6.4s2"	"a 3P2"	"0"	"3d6.4s.(4D).5p"	"3D*"	"1"	1	3		
"2606.8261"	"2606.82632"	"2.43e+07"	B+	"7376.764"	"45726.130"	"3d7.(4F).4s"	"a 5F"	"4"	"3d6.(3F2).4s.4p.(3P*)"	"x 5G*"	"5"	9	11		
"2607.212"	"2607.2055"	""		"20019.635"	"58363.424"	"3d6.(5D).4s.4p.(3P*)"	"z 7D*"	"1"	"3d6.4s.(4D).4d"	"5F"	"1"	3	3		
"2607.830"	"2607.8297"	""		"19562.439"	"57897.051"	"3d6.(5D).4s.4p.(3P*)"	"z 7D*"	"4"	"3d6.(5D).4s (6D).7s"	"7D"	"5"	9	11		
"2608.296"	"2608.29647"	""		"7985.785"	"46313.537"	"3d7.(4F).4s"	"a 5F"	"2"	"3d7.(4P).4p"	"w 5P*"	"2"	5	5		
"2609.2208"	"2609.2201"	"4.60e+07"	C+	"22249.429"	"60563.614"	"3d7.(2G).4s"	"a 3G"	"3"	"3d6.(3F2).4s.4p.(1P*)"	"r 3G*"	"3"	7	7		
"2610.7507"	"2610.75038"	"3.61e+05"	D	"704.007"	"38995.736"	"3d6.4s2"	"a 5D"	"2"	"3d7.(4F).4p"	"y 3D*"	"1"	5	3		
"2612.7720"	"2612.77178"	"5.07e+05"	C	"415.933"	"38678.039"	"3d6.4s2"	"a 5D"	"3"	"3d7.(4F).4p"	"y 3D*"	"2"	7	5		
"2613.2542"	"2613.25440"	""		"21999.130"	"60254.170"	"3d7.(2G).4s"	"a 3G"	"4"	"3d6.(3F2).4s.4p.(1P*)"	"r 3G*"	"5"	9	11		
"2614.4945"	"2614.49444"	"1.80e+06"	B+	"7728.060"	"45964.957"	"3d7.(4F).4s"	"a 5F"	"3"	"3d6.(3F2).4s.4p.(3P*)"	"x 5G*"	"2"	7	5		
"2614.780"	"2614.77907"	""		"12968.554"	"51201.289"	"3d7.(4F).4s"	"a 3F"	"2"	"3d7.(2D2).4p"	"v 3F*"	"2"	5	5		
"2614.944"	"2614.94494"	""		"19788.251"	"58018.561"	"3d6.4s2"	"a 3H"	"4"	"3d6.(3H).4s.4p.(1P*)"	"3G*"	"5"	9	11		
"2615.8500"	"2615.84853"	""		"19757.032"	"57974.137"	"3d6.(5D).4s.4p.(3P*)"	"z 7D*"	"3"	"3d6.(5D).4s (4D).4d"	"i 5D"	"2"	7	5		
"2615.879"	"2615.8739"	""		"22249.429"	"60466.164"	"3d7.(2G).4s"	"a 3G"	"3"	"3d6.(3F2).4s.4p.(1P*)"	"r 3G*"	"4"	7	9		
"2615.984"	"2615.98263"	""		"20874.482"	"59089.628"	"3d6.4s2"	"b 3F2"	"3"	"3d6.4s.(4D).5p"	"3F*"	"3"	7	7		
"2618.0179"	"2618.01804"	"1.50e+07"	B+	"7728.060"	"45913.497"	"3d7.(4F).4s"	"a 5F"	"3"	"3d6.(3F2).4s.4p.(3P*)"	"x 5G*"	"3"	7	7		
"2618.7105"	"2618.70949"	"5.21e+05"	B	"0.000"	"38175.355"	"3d6.4s2"	"a 5D"	"4"	"3d7.(4F).4p"	"y 3D*"	"3"	9	7		
"2618.8489"	"2618.84814"	""		"21999.130"	"60172.464"	"3d7.(2G).4s"	"a 3G"	"4"	"3d6.(3F2).4s.4p.(1P*)"	"3F*"	"3"	9	7		
"2619.848"	"2619.84409"	""		"8154.714"	"46313.537"	"3d7.(4F).4s"	"a 5F"	"1"	"3d7.(4P).4p"	"w 5P*"	"2"	3	5		
"2623.3658"	"2623.36554"	"8.61e+05"	D	"888.132"	"38995.736"	"3d6.4s2"	"a 5D"	"1"	"3d7.(4F).4p"	"y 3D*"	"1"	3	3		
"2623.5337"	"2623.53360"	"2.13e+07"	B+	"7728.060"	"45833.223"	"3d7.(4F).4s"	"a 5F"	"3"	"3d6.(3F2).4s.4p.(3P*)"	"x 5G*"	"4"	7	9		
"2623.9927"	"2623.99149"	""		"19562.439"	"57660.953"	"3d6.(5D).4s.4p.(3P*)"	"z 7D*"	"4"	"3d6.4s.(4D).4d"	"5F"	"5"	9	11		
"2624.129"	"2624.13235"	""		"21999.130"	"60095.599"	"3d7.(2G).4s"	"a 3G"	"4"	"3d6.(3F2).4s.4p.(1P*)"	"3F*"	"4"	9	9		
"2624.7475"	"2624.74937"	""		"20874.482"	"58961.996"	"3d6.4s2"	"b 3F2"	"3"	"3d6.4s.(4D).5p"	"3F*"	"2"	7	5		
"2627.1280"	"2627.12677"	""		"12560.934"	"50613.983"	"3d7.(4F).4s"	"a 3F"	"3"	"3d6.(3F2).4s.4p.(3P*)"	"x 1G*"	"4"	7	9		
"2627.2240"	"2627.22419"	"1.09e+05"	B	"7376.764"	"45428.402"	"3d7.(4F).4s"	"a 5F"	"4"	"3d6.(3H).4s.4p.(3P*)"	"y 3G*"	"4"	9	9		
"2628.998"	"2628.99951"	""		"12560.934"	"50586.878"	"3d7.(4F).4s"	"a 3F"	"3"	"3d7.(2G).4p"	"z 1F*"	"3"	7	7		
""	"2629.57226"	"2.00e+06"	D+	"978.074"	"38995.736"	"3d6.4s2"	"a 5D"	"0"	"3d7.(4F).4p"	"y 3D*"	"1"	1	3		
"2632.2375"	"2632.23736"	"1.21e+07"	B+	"7985.785"	"45964.957"	"3d7.(4F).4s"	"a 5F"	"2"	"3d6.(3F2).4s.4p.(3P*)"	"x 5G*"	"2"	5	5		
"2632.5938"	"2632.59367"	"9.00e+05"	C	"704.007"	"38678.039"	"3d6.4s2"	"a 5D"	"2"	"3d7.(4F).4p"	"y 3D*"	"2"	5	5		
"2632.9871"	"2632.98787"	""		"22838.323"	"60806.670"	"3d7.(4P).4s"	"b 3P"	"2"	"3d6.(3F2).4s.4p.(1P*)"	"3D*"	"3"	5	7		
"2633.6185"	"2633.62002"	""		"20641.110"	"58600.344"	"3d6.4s2"	"b 3F2"	"4"	"3d6.(3H).4s.4p.(1P*)"	"3G*"	"3"	9	7		
"2633.812"	"2633.81465"	""		"19350.891"	"57307.320"	"3d6.(5D).4s.4p.(3P*)"	"z 7D*"	"5"	"3d6.4s.(6D).5d"	"7F"	"4"	11	9		
"2634.922"	"2634.92321"	""		"19757.032"	"57697.493"	"3d6.(5D).4s.4p.(3P*)"	"z 7D*"	"3"	"3d6.(5D).4s (4D).4d"	"i 5D"	"4"	7	9		
"2635.7211"	"2635.71918"	"4.29e+06"	C	"19621.006"	"57550.010"	"3d6.4s2"	"a 3H"	"5"	"3d6.(3D).4s.4p.(3P*)"	"t 3F*"	"4"	11	9		
"2635.8087"	"2635.80897"	"2.11e+07"	B+	"7985.785"	"45913.497"	"3d7.(4F).4s"	"a 5F"	"2"	"3d6.(3F2).4s.4p.(3P*)"	"x 5G*"	"3"	5	7		
"2636.136"	"2636.13406"	""		"22249.429"	"60172.464"	"3d7.(2G).4s"	"a 3G"	"3"	"3d6.(3F2).4s.4p.(1P*)"	"3F*"	"3"	7	7		
"2636.136"	"2636.13587"	""		"21038.987"	"58961.996"	"3d6.4s2"	"b 3F2"	"2"	"3d6.4s.(4D).5p"	"3F*"	"2"	5	5		
"2636.4785"	"2636.47842"	"7.86e+05"	B	"7376.764"	"45294.846"	"3d7.(4F).4s"	"a 5F"	"4"	"3d6.(3H).4s.4p.(3P*)"	"y 3G*"	"5"	9	11		
"2639.676"	"2639.68029"	""		"12560.934"	"50433.025"	"3d7.(4F).4s"	"a 3F"	"3"	"3d6.(5D).4s (6D).5p"	"n 7F*"	"3"	7	7		
"2641.0292"	"2641.02912"	"7.71e+06"	D+	"19788.251"	"57641.001"	"3d6.4s2"	"a 3H"	"4"	"3d6.(3D).4s.4p.(3P*)"	"t 3F*"	"3"	9	7		
"2641.490"	"2641.48832"	""		"22249.429"	"60095.599"	"3d7.(2G).4s"	"a 3G"	"3"	"3d6.(3F2).4s.4p.(1P*)"	"3F*"	"4"	7	9		
"2641.6436"	"2641.64559"	"6.47e+06"	C	"7376.764"	"45220.681"	"3d7.(4F).4s"	"a 5F"	"4"	"3d6.(3P2).4s.4p.(3P*)"	"x 3D*"	"3"	9	7		
"2642.276"	"2642.27422"	""		"7728.060"	"45562.974"	"3d7.(4F).4s"	"a 5F"	"3"	"3d6.(3H).4s.4p.(3P*)"	"y 3G*"	"3"	7	7		
"2643.9984"	"2643.99839"	"2.34e+07"	B+	"8154.714"	"45964.957"	"3d7.(4F).4s"	"a 5F"	"1"	"3d6.(3F2).4s.4p.(3P*)"	"x 5G*"	"2"	3	5		
"2644.375"	"2644.36748"	""		"19350.891"	"57155.857"	"3d6.(5D).4s.4p.(3P*)"	"z 7D*"	"5"	"3d6.4s.(6D).5d"	"7G"	"4"	11	9		
"2644.792"	"2644.78998"	""		"19562.439"	"57361.366"	"3d6.(5D).4s.4p.(3P*)"	"z 7D*"	"4"	"3d6.4s.(6D).5d"	"7G"	"3"	9	7		
"2645.4214"	"2645.42130"	"3.38e+05"	C	"888.132"	"38678.039"	"3d6.4s2"	"a 5D"	"1"	"3d7.(4F).4p"	"y 3D*"	"2"	3	5		
"2646.393"	"2646.40002"	""		"19350.891"	"57126.823"	"3d6.(5D).4s.4p.(3P*)"	"z 7D*"	"5"	"3d6.4s.(6D).5d"	"7G"	"5"	11	11		
"2646.511"	"2646.51023"	""		"19350.891"	"57125.250"	"3d6.(5D).4s.4p.(3P*)"	"z 7D*"	"5"	"3d6.4s.(6D).5d"	"5F"	"4"	11	9		
"2647.395"	"2647.39334"	""		"19788.251"	"57550.010"	"3d6.4s2"	"a 3H"	"4"	"3d6.(3D).4s.4p.(3P*)"	"t 3F*"	"4"	9	9		
"2647.5574"	"2647.55720"	"5.20e+05"	B	"415.933"	"38175.355"	"3d6.4s2"	"a 5D"	"3"	"3d7.(4F).4p"	"y 3D*"	"3"	7	7		
"2648.165"	"2648.16536"	""		"11976.239"	"49726.990"	"3d7.(4F).4s"	"a 3F"	"4"	"3d7.(2G).4p"	"y 3H*"	"4"	9	9		
"2648.5798"	"2648.57722"	""		"19562.439"	"57307.320"	"3d6.(5D).4s.4p.(3P*)"	"z 7D*"	"4"	"3d6.4s.(6D).5d"	"7F"	"4"	9	9		
"2648.752"	"2648.75898"	""		"12560.934"	"50303.225"	"3d7.(4F).4s"	"a 3F"	"3"	"3d6.(5D).4s (6D).5p"	"n 7F*"	"4"	7	9		
"2649.9119"	"2649.91254"	""		"20874.482"	"58600.344"	"3d6.4s2"	"b 3F2"	"3"	"3d6.(3H).4s.4p.(1P*)"	"3G*"	"3"	7	7		
"2651.7060"	"2651.70642"	"9.72e+05"	B	"7728.060"	"45428.402"	"3d7.(4F).4s"	"a 5F"	"3"	"3d6.(3H).4s.4p.(3P*)"	"y 3G*"	"4"	7	9		
"2652.188"	"2652.18756"	""		"20641.110"	"58334.613"	"3d6.4s2"	"b 3F2"	"4"	"3d6.(3H).4s.4p.(1P*)"	"3G*"	"4"	9	9		
"2653.051"	"2653.05110"	""		"19757.032"	"57438.267"	"3d6.(5D).4s.4p.(3P*)"	"z 7D*"	"3"	"3d6.4s.(6D).5d"	"7S"	"3"	7	7		
"2653.138"	"2653.13785"	""		"19390.168"	"57070.171"	"3d6.4s2"	"a 3H"	"6"	"3d6.(1I).4s.4p.(3P*)"	"x 3I*"	"6"	13	13		
"2655.139"	"2655.13622"	""		"11976.239"	"49627.884"	"3d7.(4F).4s"	"a 3F"	"4"	"3d7.(2G).4p"	"v 3G*"	"4"	9	9		
"2656.1453"	"2656.14508"	"1.63e+07"	B	"19390.168"	"57027.513"	"3d6.4s2"	"a 3H"	"6"	"3d6.(1I).4s.4p.(3P*)"	"x 3I*"	"7"	13	15		
"2656.300"	"2656.30000"	""		"20641.110"	"58276.260"	"3d6.4s2"	"b 3F2"	"4"	"3d6.4s.(4D).5p"	"3D*"	"3"	9	7		
"2656.7917"	"2656.79150"	"1.45e+06"	B	"11976.239"	"49604.427"	"3d7.(4F).4s"	"a 3F"	"4"	"3d7.(2G).4p"	"y 3H*"	"5"	9	11		
"2658.4762"	"2658.47691"	""		"19757.032"	"57361.366"	"3d6.(5D).4s.4p.(3P*)"	"z 7D*"	"3"	"3d6.4s.(6D).5d"	"7G"	"3"	7	7		
"2658.920"	"2658.9127"	""		"19912.495"	"57510.666"	"3d6.(5D).4s.4p.(3P*)"	"z 7D*"	"2"	"3d7.(4F).6s"	"5F"	"3"	5	7		
"2658.9465"	"2658.94581"	""		"19562.439"	"57160.142"	"3d6.(5D).4s.4p.(3P*)"	"z 7D*"	"4"	"3d6.4s.(6D).5d"	"5P"	"3"	9	7		
"2659.251"	"2659.24890"	""		"19562.439"	"57155.857"	"3d6.(5D).4s.4p.(3P*)"	"z 7D*"	"4"	"3d6.4s.(6D).5d"	"7G"	"4"	9	9		
"2660.3970"	"2660.39745"	"6.32e+05"	B	"7985.785"	"45562.974"	"3d7.(4F).4s"	"a 5F"	"2"	"3d6.(3H).4s.4p.(3P*)"	"y 3G*"	"3"	5	7		
"2661.1931"	"2661.19117"	""		"7985.785"	"45551.767"	"3d7.(4F).4s"	"a 5F"	"2"	"3d6.(3P2).4s.4p.(3P*)"	"x 3D*"	"1"	5	3		
"2661.3045"	"2661.30439"	""		"19562.439"	"57126.823"	"3d6.(5D).4s.4p.(3P*)"	"z 7D*"	"4"	"3d6.4s.(6D).5d"	"7G"	"5"	9	11		
"2661.4152"	"2661.41584"	""		"19562.439"	"57125.250"	"3d6.(5D).4s.4p.(3P*)"	"z 7D*"	"4"	"3d6.4s.(6D).5d"	"5F"	"4"	9	9		
"2661.521"	"2661.51887"	""		"21038.987"	"58600.344"	"3d6.4s2"	"b 3F2"	"2"	"3d6.(3H).4s.4p.(1P*)"	"3G*"	"3"	5	7		
"2662.0564"	"2662.05639"	"4.64e+06"	B	"7728.060"	"45281.833"	"3d7.(4F).4s"	"a 5F"	"3"	"3d6.(3P2).4s.4p.(3P*)"	"x 3D*"	"2"	7	5		
"2662.3030"	"2662.30347"	""		"19757.032"	"57307.320"	"3d6.(5D).4s.4p.(3P*)"	"z 7D*"	"3"	"3d6.4s.(6D).5d"	"7F"	"4"	7	9		
"2663.163"	"2663.16303"	""		"19912.495"	"57450.664"	"3d6.(5D).4s.4p.(3P*)"	"z 7D*"	"2"	"3d6.4s.(6D).5d"	"7G"	"2"	5	5		
"2663.440"	"2663.44423"	""		"19757.032"	"57291.238"	"3d6.(5D).4s.4p.(3P*)"	"z 7D*"	"3"	"3d6.4s.(6D).5d"	"7P"	"2"	7	5		
"2664.0428"	"2664.04288"	""		"19912.495"	"57438.267"	"3d6.(5D).4s.4p.(3P*)"	"z 7D*"	"2"	"3d6.4s.(6D).5d"	"7S"	"3"	5	7		
"2664.1672"	"2664.16692"	""		"19350.891"	"56874.916"	"3d6.(5D).4s.4p.(3P*)"	"z 7D*"	"5"	"3d6.4s.(6D).5d"	"7G"	"6"	11	13		
"2665.806"	"2665.81073"	""		"11976.239"	"49477.127"	"3d7.(4F).4s"	"a 3F"	"4"	"3d6.(3F2).4s.4p.(3P*)"	"1F*"	"3"	9	7		
"2666.364"	"2666.35902"	""		"19562.439"	"57055.616"	"3d6.(5D).4s.4p.(3P*)"	"z 7D*"	"4"	"3d6.4s.(6D).5d"	"5G"	"3"	9	7		
"2666.3985"	"2666.39857"	"1.79e+06"	B	"7728.060"	"45220.681"	"3d7.(4F).4s"	"a 5F"	"3"	"3d6.(3P2).4s.4p.(3P*)"	"x 3D*"	"3"	7	7		
"2666.4539"	"2666.45397"	""		"19350.891"	"56842.733"	"3d6.(5D).4s.4p.(3P*)"	"z 7D*"	"5"	"3d6.4s.(6D).5d"	"7F"	"5"	11	11		
"2666.8123"	"2666.81221"	"8.91e+06"	B+	"6928.268"	"44415.074"	"3d7.(4F).4s"	"a 5F"	"5"	"3d6.(3F2).4s.4p.(3P*)"	"w 5F*"	"4"	11	9		
"2666.9648"	"2666.96468"	"5.16e+06"	B	"11976.239"	"49460.902"	"3d7.(4F).4s"	"a 3F"	"4"	"3d7.(2G).4p"	"v 3G*"	"5"	9	11		
"2667.218"	"2667.2242"	""		"21038.987"	"58520.003"	"3d6.4s2"	"b 3F2"	"2"	"3d6.4s.(4D).5p"	"5D*"	"1"	5	3		
"2667.521"	"2667.52348"	""		"19757.032"	"57233.843"	"3d6.(5D).4s.4p.(3P*)"	"z 7D*"	"3"	"3d6.4s.(6D).5d"	"5G"	"2"	7	5		
"2667.9125"	"2667.91240"	"1.69e+05"	B	"704.007"	"38175.355"	"3d6.4s2"	"a 5D"	"2"	"3d7.(4F).4p"	"y 3D*"	"3"	5	7		
"2668.7085"	"2668.71133"	""		"20874.482"	"58334.613"	"3d6.4s2"	"b 3F2"	"3"	"3d6.(3H).4s.4p.(1P*)"	"3G*"	"4"	7	9		
"2668.9094"	"2668.90762"	""		"19350.891"	"56808.267"	"3d6.(5D).4s.4p.(3P*)"	"z 7D*"	"5"	"3d7.(4F).6s"	"3F"	"4"	11	9		
"2669.009"	"2668.99955"	""		"20874.482"	"58330.568"	"3d6.4s2"	"b 3F2"	"3"	"3d6.4s.(4D).5p"	"5D*"	"2"	7	5		
"2669.4931"	"2669.49283"	"1.34e+07"	B	"19621.006"	"57070.171"	"3d6.4s2"	"a 3H"	"5"	"3d6.(1I).4s.4p.(3P*)"	"x 3I*"	"6"	11	13		
"2670.7858"	"2670.78632"	""		"20019.635"	"57450.664"	"3d6.(5D).4s.4p.(3P*)"	"z 7D*"	"1"	"3d6.4s.(6D).5d"	"7G"	"2"	3	5		
"2672.217"	"2672.21721"	""		"19350.891"	"56761.878"	"3d6.(5D).4s.4p.(3P*)"	"z 7D*"	"5"	"3d6.4s.(6D).5d"	"5F"	"5"	11	11		
"2672.446"	"2672.44117"	""		"19912.495"	"57320.347"	"3d6.(5D).4s.4p.(3P*)"	"z 7D*"	"2"	"3d6.4s.(6D).5d"	"7G"	"1"	5	3		
"2672.781"	"2672.78001"	""		"19757.032"	"57160.142"	"3d6.(5D).4s.4p.(3P*)"	"z 7D*"	"3"	"3d6.4s.(6D).5d"	"5P"	"3"	7	7		
"2673.089"	"2673.08626"	""		"19757.032"	"57155.857"	"3d6.(5D).4s.4p.(3P*)"	"z 7D*"	"3"	"3d6.4s.(6D).5d"	"7G"	"4"	7	9		
"2673.2130"	"2673.21293"	"2.27e+06"	B	"8154.714"	"45551.767"	"3d7.(4F).4s"	"a 5F"	"1"	"3d6.(3P2).4s.4p.(3P*)"	"x 3D*"	"1"	3	3		
"2673.548"	"2673.54588"	""		"20641.110"	"58033.506"	"3d6.4s2"	"b 3F2"	"4"	"3d6.4s.(4D).5p"	"5D*"	"3"	9	7		
"2674.182"	"2674.18220"	""		"20019.635"	"57403.134"	"3d6.(5D).4s.4p.(3P*)"	"z 7D*"	"1"	"3d6.4s.(6D).5d"	"5P"	"2"	3	5		
"2674.617"	"2674.61493"	""		"20641.110"	"58018.561"	"3d6.4s2"	"b 3F2"	"4"	"3d6.(3H).4s.4p.(1P*)"	"3G*"	"5"	9	11		
"2674.714"	"2674.71541"	""		"18378.186"	"55754.233"	"3d6.4s2"	"a 3P2"	"2"	"3d7.(2D2).4p"	"w 1D*"	"2"	5	5		
"2675.2754"	"2675.27582"	""		"19757.032"	"57125.250"	"3d6.(5D).4s.4p.(3P*)"	"z 7D*"	"3"	"3d6.4s.(6D).5d"	"5F"	"4"	7	9		
"2676.161"	"2676.15968"	""		"21038.987"	"58394.864"	"3d6.4s2"	"b 3F2"	"2"	"3d6.4s.(4D).5p"	"3D*"	"1"	5	3		
"2677.719"	"2677.71783"	""		"22838.323"	"60172.464"	"3d7.(4P).4s"	"b 3P"	"2"	"3d6.(3F2).4s.4p.(1P*)"	"3F*"	"3"	5	7		
"2678.213"	"2678.21227"	""		"19757.032"	"57084.281"	"3d6.(5D).4s.4p.(3P*)"	"z 7D*"	"3"	"3d6.4s.(6D).5d"	"7F"	"3"	7	7		
"2679.0240"	"2679.0221"	"1.10e+07"	B	"19788.251"	"57104.217"	"3d6.4s2"	"a 3H"	"4"	"3d6.(1I).4s.4p.(3P*)"	"x 3I*"	"5"	9	11		
"2679.0616"	"2679.06153"	"1.50e+07"	B+	"6928.268"	"44243.685"	"3d7.(4F).4s"	"a 5F"	"5"	"3d6.(3F2).4s.4p.(3P*)"	"w 5F*"	"5"	11	11		
"2679.210"	"2679.21073"	""		"19757.032"	"57070.371"	"3d6.(5D).4s.4p.(3P*)"	"z 7D*"	"3"	"3d6.4s.(6D).5d"	"7D"	"3"	7	7		
"2679.715"	"2679.71398"	""		"19912.495"	"57218.827"	"3d6.(5D).4s.4p.(3P*)"	"z 7D*"	"2"	"3d7.(4F).6s"	"3F"	"3"	5	7		
"2680.1160"	"2680.11775"	""		"20019.635"	"57320.347"	"3d6.(5D).4s.4p.(3P*)"	"z 7D*"	"1"	"3d6.4s.(6D).5d"	"7G"	"1"	3	3		
"2680.271"	"2680.27067"	""		"19757.032"	"57055.616"	"3d6.(5D).4s.4p.(3P*)"	"z 7D*"	"3"	"3d6.4s.(6D).5d"	"5G"	"3"	7	7		
"2680.4529"	"2680.45292"	"3.42e+06"	B	"7985.785"	"45281.833"	"3d7.(4F).4s"	"a 5F"	"2"	"3d6.(3P2).4s.4p.(3P*)"	"x 3D*"	"2"	5	5		
"2680.9126"	"2680.91242"	""		"12560.934"	"49850.590"	"3d7.(4F).4s"	"a 3F"	"3"	"3d7.(2G).4p"	"v 3G*"	"3"	7	7		
"2681.4607"	"2681.46040"	""		"19562.439"	"56844.475"	"3d6.(5D).4s.4p.(3P*)"	"z 7D*"	"4"	"3d6.4s.(6D).5d"	"7P"	"4"	9	9		
"2681.5856"	"2681.58570"	""		"19562.439"	"56842.733"	"3d6.(5D).4s.4p.(3P*)"	"z 7D*"	"4"	"3d6.4s.(6D).5d"	"7F"	"5"	9	11		
"2681.887"	"2681.88426"	""		"20641.110"	"57917.254"	"3d6.4s2"	"b 3F2"	"4"	"3d6.4s.(4D).5p"	"3F*"	"4"	9	9		
"2682.2108"	"2682.21103"	""		"20019.635"	"57291.238"	"3d6.(5D).4s.4p.(3P*)"	"z 7D*"	"1"	"3d6.4s.(6D).5d"	"7P"	"2"	3	5		
"2683.9364"	"2683.93620"	""		"19912.495"	"57160.142"	"3d6.(5D).4s.4p.(3P*)"	"z 7D*"	"2"	"3d6.4s.(6D).5d"	"5P"	"3"	5	7		
"2684.0673"	"2684.06729"	""		"19562.439"	"56808.267"	"3d6.(5D).4s.4p.(3P*)"	"z 7D*"	"4"	"3d7.(4F).6s"	"3F"	"4"	9	9		
"2684.585"	"2684.5804"	""		"19788.251"	"57026.960"	"3d6.4s2"	"a 3H"	"4"	"3d6.4s.(6D).6p"	"7F*"	"3"	9	7		
"2684.8558"	"2684.85536"	"1.87e+05"	C+	"7985.785"	"45220.681"	"3d7.(4F).4s"	"a 5F"	"2"	"3d6.(3P2).4s.4p.(3P*)"	"x 3D*"	"3"	5	7		
"2685.135"	"2685.13633"	""		"21715.732"	"58946.732"	"3d7.(2G).4s"	"a 3G"	"5"	"3d6.(3H).4s.4p.(1P*)"	"3I*"	"6"	11	13		
"2687.4141"	"2687.41460"	""		"19562.439"	"56761.878"	"3d6.(5D).4s.4p.(3P*)"	"z 7D*"	"4"	"3d6.4s.(6D).5d"	"5F"	"5"	9	11		
"2687.723"	"2687.72227"	""		"19757.032"	"56952.213"	"3d6.(5D).4s.4p.(3P*)"	"z 7D*"	"3"	"3d6.4s.(6D).5d"	"5F"	"2"	7	5		
"2687.8004"	"2687.79974"	""		"20019.635"	"57213.744"	"3d6.(5D).4s.4p.(3P*)"	"z 7D*"	"1"	"3d6.4s.(6D).5d"	"7F"	"1"	3	3		
"2689.2121"	"2689.21246"	"1.68e+07"	B+	"7376.764"	"44551.335"	"3d7.(4F).4s"	"a 5F"	"4"	"3d6.(3F2).4s.4p.(3P*)"	"w 5F*"	"3"	9	7		
"2689.4136"	"2689.41395"	""		"19912.495"	"57084.281"	"3d6.(5D).4s.4p.(3P*)"	"z 7D*"	"2"	"3d6.4s.(6D).5d"	"7F"	"3"	5	7		
"2689.8287"	"2689.82861"	"3.04e+06"	C+	"12560.934"	"49726.990"	"3d7.(4F).4s"	"a 3F"	"3"	"3d7.(2G).4p"	"y 3H*"	"4"	7	9		
"2689.8798"	"2689.87985"	""		"19912.495"	"57077.843"	"3d6.(5D).4s.4p.(3P*)"	"z 7D*"	"2"	"3d6.4s.(6D).5d"	"5F"	"1"	5	3		
"2689.8798"	"2689.88137"	""		"19350.891"	"56516.218"	"3d6.(5D).4s.4p.(3P*)"	"z 7D*"	"5"	"3d7.(4F).6s"	"5F"	"4"	11	9		
""	"2690.04619"	"1.69e+06"	D+	"19788.251"	"56951.301"	"3d6.4s2"	"a 3H"	"4"	"3d7.(2H).4p"	"v 1G*"	"4"	9	9		
"2690.0680"	"2690.06820"	"2.53e+05"	C+	"0.000"	"37162.746"	"3d6.4s2"	"a 5D"	"4"	"3d7.(4F).4p"	"y 3F*"	"3"	9	7		
"2690.420"	"2690.42078"	""		"19912.495"	"57070.371"	"3d6.(5D).4s.4p.(3P*)"	"z 7D*"	"2"	"3d6.4s.(6D).5d"	"7D"	"3"	5	7		
"2691.4923"	"2691.48961"	""		"19912.495"	"57055.616"	"3d6.(5D).4s.4p.(3P*)"	"z 7D*"	"2"	"3d6.4s.(6D).5d"	"5G"	"3"	5	7		
"2692.2480"	"2692.24811"	"6.27e+05"	C+	"11976.239"	"49108.896"	"3d7.(4F).4s"	"a 3F"	"4"	"3d7.(2G).4p"	"w 3F*"	"4"	9	9		
"2692.601"	"2692.59344"	""		"19621.006"	"56748.901"	"3d6.4s2"	"a 3H"	"5"	"3d6.4s.(6D<9/2>).4f"	"2[11/2]*"	"6"	11	13		
"2692.6501"	"2692.64972"	"3.99e+05"	C+	"8154.714"	"45281.833"	"3d7.(4F).4s"	"a 5F"	"1"	"3d6.(3P2).4s.4p.(3P*)"	"x 3D*"	"2"	3	5		
"2692.810"	"2692.8049"	""		"20874.482"	"57999.461"	"3d6.4s2"	"b 3F2"	"3"	"3d6.4s.(4D).5p"	"3P*"	"2"	7	5		
"2694.5357"	"2694.53622"	""		"19350.891"	"56452.018"	"3d6.(5D).4s.4p.(3P*)"	"z 7D*"	"5"	"3d6.4s.(6D).5d"	"7D"	"4"	11	9		
"2695.0353"	"2695.03529"	"4.77e+05"	B	"6928.268"	"44022.525"	"3d7.(4F).4s"	"a 5F"	"5"	"3d6.(3F2).4s.4p.(3P*)"	"v 5D*"	"4"	11	9		
"2695.211"	"2695.20917"	""		"19912.495"	"57004.359"	"3d6.(5D).4s.4p.(3P*)"	"z 7D*"	"2"	"3d6.4s.(6D).5d"	"7D"	"1"	5	3		
"2695.303"	"2695.30843"	""		"21999.130"	"59089.628"	"3d7.(2G).4s"	"a 3G"	"4"	"3d6.4s.(4D).5p"	"3F*"	"3"	9	7		
"2695.5309"	"2695.53047"	""		"19757.032"	"56844.475"	"3d6.(5D).4s.4p.(3P*)"	"z 7D*"	"3"	"3d6.4s.(6D).5d"	"7P"	"4"	7	9		
"2695.5882"	"2695.58469"	""		"21999.130"	"59085.827"	"3d7.(2G).4s"	"a 3G"	"4"	"3d6.(3H).4s.4p.(1P*)"	"3I*"	"5"	9	11		
"2695.6512"	"2695.65142"	""		"19757.032"	"56842.811"	"3d6.(5D).4s.4p.(3P*)"	"z 7D*"	"3"	"3d6.4s.(6D).5d"	"7D"	"2"	7	5		
"2695.9894"	"2695.98940"	""		"19350.891"	"56432.021"	"3d6.(5D).4s.4p.(3P*)"	"z 7D*"	"5"	"3d6.4s.(6D).5d"	"7D"	"5"	11	11		
"2696.1232"	"2696.1261"	""		"22996.674"	"60075.924"	"3d6.(5D).4s.4p.(3P*)"	"z 7F*"	"4"	"3d6.4s.(6D<3/2>).6d"	"2[5/2]"	"3"	9	7		
"2696.2809"	"2696.28347"	""		"19350.891"	"56427.977"	"3d6.(5D).4s.4p.(3P*)"	"z 7D*"	"5"	"3d6.4s.(6D).5d"	"7F"	"6"	11	13		
"2697.0208"	"2697.02081"	"3.51e+06"	B	"12560.934"	"49627.884"	"3d7.(4F).4s"	"a 3F"	"3"	"3d7.(2G).4p"	"v 3G*"	"4"	7	9		
"2697.660"	"2697.65707"	""		"20019.635"	"57077.843"	"3d6.(5D).4s.4p.(3P*)"	"z 7D*"	"1"	"3d6.4s.(6D).5d"	"5F"	"1"	3	3		
"2698.1648"	"2698.16480"	""		"19757.032"	"56808.267"	"3d6.(5D).4s.4p.(3P*)"	"z 7D*"	"3"	"3d7.(4F).6s"	"3F"	"4"	7	9		
"2698.239"	"2698.24243"	""		"17550.181"	"54600.350"	"3d7.(4P).4s"	"a 5P"	"3"	"3d6.(3G).4s.4p.(3P*)"	"t 3G*"	"3"	7	7		
"2698.784"	"2698.78127"	""		"20874.482"	"57917.254"	"3d6.4s2"	"b 3F2"	"3"	"3d6.4s.(4D).5p"	"3F*"	"4"	7	9		
"2699.0017"	"2699.00380"	""		"19912.495"	"56952.213"	"3d6.(5D).4s.4p.(3P*)"	"z 7D*"	"2"	"3d6.4s.(6D).5d"	"5F"	"2"	5	5		
"2699.1065"	"2699.10641"	"5.59e+06"	B+	"7376.764"	"44415.074"	"3d7.(4F).4s"	"a 5F"	"4"	"3d6.(3F2).4s.4p.(3P*)"	"w 5F*"	"4"	9	9		
"2700.608"	"2700.6121"	""		"23110.939"	"60128.60"	"3d6.(5D).4s.4p.(3P*)"	"z 7F*"	"3"	"3d6.4s.(6D<1/2>).6d"	"2[3/2]"	"2"	7	5		
"2701.8086"	"2701.80827"	""		"20641.110"	"57642.383"	"3d6.4s2"	"b 3F2"	"4"	"3d6.4s.(6D<3/2>).4f"	"2[7/2]*"	"3"	9	7		
"2701.9103"	"2701.90919"	"1.05e+07"	D+	"20641.110"	"57641.001"	"3d6.4s2"	"b 3F2"	"4"	"3d6.(3D).4s.4p.(3P*)"	"t 3F*"	"3"	9	7		
"2702.263"	"2702.26124"	""		"19788.251"	"56783.322"	"3d6.4s2"	"a 3H"	"4"	"3d6.(1G2).4s.4p.(3P*)"	"u 3F*"	"3"	9	7		
"2702.300"	"2702.30156"	""		"21038.987"	"58033.506"	"3d6.4s2"	"b 3F2"	"2"	"3d6.4s.(4D).5p"	"5D*"	"3"	5	7		
"2702.4500"	"2702.44950"	"4.23e+06"	B	"19390.168"	"56382.662"	"3d6.4s2"	"a 3H"	"6"	"3d6.(1I).4s.4p.(3P*)"	"u 3H*"	"5"	13	11		
"2702.5599"	"2702.56092"	""		"19350.891"	"56341.860"	"3d6.(5D).4s.4p.(3P*)"	"z 7D*"	"5"	"3d6.4s.(6D).5d"	"5G"	"6"	11	13		
"2702.637"	"2702.63281"	""		"20641.110"	"57631.095"	"3d6.4s2"	"b 3F2"	"4"	"3d6.4s.(6D<3/2>).4f"	"2[5/2]*"	"3"	9	7		
"2702.768"	"2702.76361"	""		"19562.439"	"56550.634"	"3d6.(5D).4s.4p.(3P*)"	"z 7D*"	"4"	"3d6.4s.(6D).5d"	"5G"	"5"	9	11		
"2702.9151"	"2702.9178"	""		"23110.939"	"60097.024"	"3d6.(5D).4s.4p.(3P*)"	"z 7F*"	"3"	"3d6.4s.(6D<3/2>).6d"	"2[7/2]"	"3"	7	7		
"2703.013"	"2703.01728"	""		"20019.635"	"57004.359"	"3d6.(5D).4s.4p.(3P*)"	"z 7D*"	"1"	"3d6.4s.(6D).5d"	"7D"	"1"	3	3		
"2703.304"	"2703.30279"	""		"20641.110"	"57621.928"	"3d6.4s2"	"b 3F2"	"4"	"3d6.4s.(6D<3/2>).4f"	"2[9/2]*"	"4"	9	9		
"2703.805"	"2703.80299"	""		"23783.619"	"60757.596"	"3d6.4s2"	"b 3G"	"5"	"3d6.(3H).4s.4p.(1P*)"	"t 3H*"	"4"	11	9		
"2704.099"	"2704.10411"	""		"19757.032"	"56726.892"	"3d6.(5D).4s.4p.(3P*)"	"z 7D*"	"3"	"3d6.4s.(6D).5d"	"5F"	"3"	7	7		
"2704.337"	"2704.33666"	""		"19788.251"	"56754.932"	"3d6.4s2"	"a 3H"	"4"	"3d6.4s.(6D<9/2>).4f"	"2[9/2]*"	"4"	9	9		
"2704.4643"	"2704.4607"	""		"23110.939"	"60075.924"	"3d6.(5D).4s.4p.(3P*)"	"z 7F*"	"3"	"3d6.4s.(6D<3/2>).6d"	"2[5/2]"	"3"	7	7		
"2704.5773"	"2704.57840"	""		"19757.032"	"56720.409"	"3d6.(5D).4s.4p.(3P*)"	"z 7D*"	"3"	"3d6.4s.(6D).5d"	"5S"	"2"	7	5		
"2704.6149"	"2704.61711"	""		"19788.251"	"56751.099"	"3d6.4s2"	"a 3H"	"4"	"3d6.4s.(6D<9/2>).4f"	"2[11/2]*"	"5"	9	11		
"2704.793"	"2704.7908"	""		"21038.987"	"57999.461"	"3d6.4s2"	"b 3F2"	"2"	"3d6.4s.(4D).5p"	"3P*"	"2"	5	5		
"2705.279"	"2705.28090"	""		"19562.439"	"56516.218"	"3d6.(5D).4s.4p.(3P*)"	"z 7D*"	"4"	"3d7.(4F).6s"	"5F"	"4"	9	9		
"2706.0124"	"2706.01226"	"2.28e+07"	B+	"19390.168"	"56333.960"	"3d6.4s2"	"a 3H"	"6"	"3d6.(1I).4s.4p.(3P*)"	"u 3H*"	"6"	13	13		
"2706.5817"	"2706.58205"	"2.69e+07"	B+	"7728.060"	"44664.075"	"3d7.(4F).4s"	"a 5F"	"3"	"3d6.(3F2).4s.4p.(3P*)"	"v 5D*"	"2"	7	5		
"2706.582"	"2706.5758"	""		"23192.500"	"60128.60"	"3d6.(5D).4s.4p.(3P*)"	"z 7F*"	"2"	"3d6.4s.(6D<1/2>).6d"	"2[3/2]"	"2"	5	5		
"2706.999"	"2706.99975"	""		"19912.495"	"56842.811"	"3d6.(5D).4s.4p.(3P*)"	"z 7D*"	"2"	"3d6.4s.(6D).5d"	"7D"	"2"	5	5		
"2707.034"	"2707.0341"	""		"26105.908"	"63035.756"	"3d7.(2H).4s"	"b 3H"	"6"	"3d6.(3G).4s.4p.(1P*)"	"3H*"	"6"	13	13		
"2707.4483"	"2707.44852"	""		"20641.110"	"57565.305"	"3d6.4s2"	"b 3F2"	"4"	"3d6.(3P2).4s.4p.(1P*)"	"3D*"	"3"	9	7		
"2707.451"	"2707.4554"	""		"23110.939"	"60035.04"	"3d6.(5D).4s.4p.(3P*)"	"z 7F*"	"3"	"3d6.4s.(6D<3/2>).6d"	"2[3/2]"	"2"	7	5		
"2708.038"	"2708.03542"	""		"12560.934"	"49477.127"	"3d7.(4F).4s"	"a 3F"	"3"	"3d6.(3F2).4s.4p.(3P*)"	"1F*"	"3"	7	7		
"2708.038"	"2708.04129"	""		"19757.032"	"56673.145"	"3d6.(5D).4s.4p.(3P*)"	"z 7D*"	"3"	"3d6.4s.(6D).5d"	"5G"	"4"	7	9		
"2708.5707"	"2708.57054"	"6.49e+07"	B+	"20641.110"	"57550.010"	"3d6.4s2"	"b 3F2"	"4"	"3d6.(3D).4s.4p.(3P*)"	"t 3F*"	"4"	9	9		
"2708.649"	"2708.6461"	""		"23270.384"	"60178.254"	"3d6.(5D).4s.4p.(3P*)"	"z 7F*"	"0"	"3d6.4s.(6D<1/2>).6d"	"2[3/2]"	"1"	1	3		
"2708.8927"	"2708.8917"	""		"23192.500"	"60097.024"	"3d6.(5D).4s.4p.(3P*)"	"z 7F*"	"2"	"3d6.4s.(6D<3/2>).6d"	"2[7/2]"	"3"	5	7		
"2709.5396"	"2709.53684"	""		"19621.006"	"56516.744"	"3d6.4s2"	"a 3H"	"5"	"3d6.4s.(6D).6p"	"7D*"	"4"	11	9		
"2709.9888"	"2709.98924"	""		"19562.439"	"56452.018"	"3d6.(5D).4s.4p.(3P*)"	"z 7D*"	"4"	"3d6.4s.(6D).5d"	"7D"	"4"	9	9		
"2710.4146"	"2710.4167"	""		"23244.838"	"60128.60"	"3d6.(5D).4s.4p.(3P*)"	"z 7F*"	"1"	"3d6.4s.(6D<1/2>).6d"	"2[3/2]"	"2"	3	5		
"2710.442"	"2710.4415"	""		"23192.500"	"60075.924"	"3d6.(5D).4s.4p.(3P*)"	"z 7F*"	"2"	"3d6.4s.(6D<3/2>).6d"	"2[5/2]"	"3"	5	7		
"2710.5435"	"2710.54351"	"5.99e+06"	C+	"12968.554"	"49850.590"	"3d7.(4F).4s"	"a 3F"	"2"	"3d7.(2G).4p"	"v 3G*"	"3"	5	7		
"2710.545"	"2710.549"	""		"22996.674"	"59878.64"	"3d6.(5D).4s.4p.(3P*)"	"z 7F*"	"4"	"3d6.4s.(6D<5/2>).6d"	"2[7/2]"	"4"	9	9		
"2710.545"	"2710.54976"	""		"19621.006"	"56502.957"	"3d6.4s2"	"a 3H"	"5"	"3d6.4s.(6D).6p"	"7F*"	"5"	11	11		
"2710.9739"	"2710.97603"	""		"17726.988"	"54603.140"	"3d7.(4P).4s"	"a 5P"	"2"	"3d7.(4F).5p"	"5D*"	"1"	5	3		
"2711.273"	"2711.26683"	""		"12560.934"	"49433.131"	"3d7.(4F).4s"	"a 3F"	"3"	"3d7.(2G).4p"	"w 3F*"	"2"	7	5		
"2711.4587"	"2711.45914"	""		"19562.439"	"56432.021"	"3d6.(5D).4s.4p.(3P*)"	"z 7D*"	"4"	"3d6.4s.(6D).5d"	"7D"	"5"	9	11		
"2711.6550"	"2711.65486"	"4.99e+06"	B+	"7376.764"	"44243.685"	"3d7.(4F).4s"	"a 5F"	"4"	"3d6.(3F2).4s.4p.(3P*)"	"w 5F*"	"5"	9	11		
"2713.450"	"2713.4494"	""		"23192.500"	"60035.04"	"3d6.(5D).4s.4p.(3P*)"	"z 7F*"	"2"	"3d6.4s.(6D<3/2>).6d"	"2[3/2]"	"2"	5	5		
"2714.0599"	"2714.05950"	""		"20874.482"	"57708.741"	"3d6.4s2"	"b 3F2"	"3"	"3d6.(3D).4s.4p.(3P*)"	"t 3F*"	"2"	7	5		
"2714.869"	"2714.87642"	""		"20019.635"	"56842.811"	"3d6.(5D).4s.4p.(3P*)"	"z 7D*"	"1"	"3d6.4s.(6D).5d"	"7D"	"2"	3	5		
"2714.8691"	"2714.86912"	"8.38e+05"	B+	"7728.060"	"44551.335"	"3d7.(4F).4s"	"a 5F"	"3"	"3d6.(3F2).4s.4p.(3P*)"	"w 5F*"	"3"	7	7		
"2715.3223"	"2715.32050"	""		"704.007"	"37521.161"	"3d6.4s2"	"a 5D"	"2"	"3d7.(4F).4p"	"y 3F*"	"2"	5	5		
"2715.5207"	"2715.52386"	""		"19912.495"	"56726.892"	"3d6.(5D).4s.4p.(3P*)"	"z 7D*"	"2"	"3d6.4s.(6D).5d"	"5F"	"3"	5	7		
"2715.626"	"2715.6197"	""		"22650.416"	"59463.514"	"3d6.(5D).4s.4p.(3P*)"	"z 7F*"	"6"	"3d6.4s.(6D<7/2>).6d"	"2[9/2]"	"5"	13	11		
"2716.004"	"2716.00217"	""		"19912.495"	"56720.409"	"3d6.(5D).4s.4p.(3P*)"	"z 7D*"	"2"	"3d6.4s.(6D).5d"	"5S"	"2"	5	5		
"2716.043"	"2716.0482"	""		"23192.500"	"59999.79"	"3d6.(5D).4s.4p.(3P*)"	"z 7F*"	"2"	"3d6.4s.(6D<3/2>).6d"	"2[3/2]"	"1"	5	3		
"2716.2573"	"2716.25767"	"3.70e+06"	D+	"19788.251"	"56592.703"	"3d6.4s2"	"a 3H"	"4"	"3d6.(1G2).4s.4p.(3P*)"	"u 3F*"	"4"	9	9		
"2716.4185"	"2716.41821"	"4.96e+06"	C+	"19621.006"	"56423.283"	"3d6.4s2"	"a 3H"	"5"	"3d6.(1I).4s.4p.(3P*)"	"u 3H*"	"4"	11	9		
"2717.132"	"2717.13285"	""		"17550.181"	"54342.779"	"3d7.(4P).4s"	"a 5P"	"3"	"3d7.(4F).5p"	"3D*"	"2"	7	5		
"2717.309"	"2717.3098"	""		"23244.838"	"60035.04"	"3d6.(5D).4s.4p.(3P*)"	"z 7F*"	"1"	"3d6.4s.(6D<3/2>).6d"	"2[3/2]"	"2"	3	5		
"2717.3661"	"2717.36595"	"1.92e+05"	C	"7376.764"	"44166.206"	"3d7.(4F).4s"	"a 5F"	"4"	"3d6.(3F2).4s.4p.(3P*)"	"v 5D*"	"3"	9	7		
"2717.7864"	"2717.78632"	"1.92e+06"	B	"7728.060"	"44511.812"	"3d7.(4F).4s"	"a 5F"	"3"	"3d7.(4P).4p"	"y 5S*"	"2"	7	5		
"2718.4361"	"2718.43604"	"3.79e+07"	B+	"7985.785"	"44760.746"	"3d7.(4F).4s"	"a 5F"	"2"	"3d6.(3F2).4s.4p.(3P*)"	"v 5D*"	"1"	5	3		
"2719.0272"	"2719.02720"	"1.42e+08"	B+	"0.000"	"36766.966"	"3d6.4s2"	"a 5D"	"4"	"3d6.(5D).4s.4p.(1P*)"	"y 5P*"	"3"	9	7		
""	"2719.06026"	"7.40e+07"	B	"20874.482"	"57641.001"	"3d6.4s2"	"b 3F2"	"3"	"3d6.(3D).4s.4p.(3P*)"	"t 3F*"	"3"	7	7		
"2719.138"	"2719.1358"	""		"23783.619"	"60549.116"	"3d6.4s2"	"b 3G"	"5"	"3d6.(3H).4s.4p.(1P*)"	"t 3H*"	"5"	11	11		
"2719.4202"	"2719.41996"	"3.20e+07"	B+	"19621.006"	"56382.662"	"3d6.4s2"	"a 3H"	"5"	"3d6.(1I).4s.4p.(3P*)"	"u 3H*"	"5"	11	11		
"2719.6801"	"2719.67773"	""		"20874.482"	"57632.654"	"3d6.4s2"	"b 3F2"	"3"	"3d6.4s.(6D<3/2>).4f"	"2[5/2]*"	"2"	7	5		
"2720.1966"	"2720.19674"	""		"17550.181"	"54301.340"	"3d7.(4P).4s"	"a 5P"	"3"	"3d6.(3D).4s.4p.(3P*)"	"5D*"	"4"	7	9		
"2720.5189"	"2720.51847"	""		"415.933"	"37162.746"	"3d6.4s2"	"a 5D"	"3"	"3d7.(4F).4p"	"y 3F*"	"3"	7	7		
"2720.9021"	"2720.90204"	"1.04e+08"	B	"415.933"	"37157.566"	"3d6.4s2"	"a 5D"	"3"	"3d6.(5D).4s.4p.(1P*)"	"y 5P*"	"2"	7	5		
"2721.1067"	"2721.10794"	""		"17550.181"	"54289.034"	"3d7.(4P).4s"	"a 5P"	"3"	"3d7.(4F).5p"	"3F*"	"3"	7	7		
"2721.815"	"2721.8079"	""		"23270.384"	"59999.79"	"3d6.(5D).4s.4p.(3P*)"	"z 7F*"	"0"	"3d6.4s.(6D<3/2>).6d"	"2[3/2]"	"1"	1	3		
"2721.815"	"2721.8209"	""		"22996.674"	"59725.904"	"3d6.(5D).4s.4p.(3P*)"	"z 7F*"	"4"	"3d6.4s.(6D<5/2>).6d"	"2[9/2]"	"4"	9	9		
"2722.0388"	"2722.03836"	"6.31e+05"	C+	"11976.239"	"48702.535"	"3d7.(4F).4s"	"a 3F"	"4"	"3d6.(3H).4s.4p.(3P*)"	"y 1G*"	"4"	9	9		
"2722.237"	"2722.2321"	""		"23244.838"	"59968.52"	"3d6.(5D).4s.4p.(3P*)"	"z 7F*"	"1"	"3d6.4s.(6D<3/2>).6d"	"2[1/2]"	"1"	3	3		
"2722.3241"	"2722.32487"	""		"19757.032"	"56479.463"	"3d6.(5D).4s.4p.(3P*)"	"z 7D*"	"3"	"3d6.4s.(6D).5d"	"5D"	"2"	7	5		
"2722.351"	"2722.3531"	""		"22996.674"	"59718.724"	"3d6.(5D).4s.4p.(3P*)"	"z 7F*"	"4"	"3d6.4s.(6D<5/2>).6d"	"2[9/2]"	"5"	9	11		
"2722.834"	"2722.83710"	""		"20019.635"	"56735.158"	"3d6.(5D).4s.4p.(3P*)"	"z 7D*"	"1"	"3d6.4s.(6D).5d"	"5D"	"1"	3	3		
"2723.025"	"2723.02764"	""		"19621.006"	"56333.960"	"3d6.4s2"	"a 3H"	"5"	"3d6.(1I).4s.4p.(3P*)"	"u 3H*"	"6"	11	13		
"2723.209"	"2723.2133"	""		"22845.869"	"59556.32"	"3d6.(5D).4s.4p.(3P*)"	"z 7F*"	"5"	"3d6.4s.(6D<7/2>).6d"	"2[11/2]"	"5"	11	11		
"2723.266"	"2723.2672"	""		"23110.939"	"59820.664"	"3d6.(5D).4s.4p.(3P*)"	"z 7F*"	"3"	"3d6.4s.(6D<5/2>).6d"	"2[5/2]"	"3"	7	7		
"2723.5773"	"2723.57709"	"5.69e+07"	B	"704.007"	"37409.555"	"3d6.4s2"	"a 5D"	"2"	"3d6.(5D).4s.4p.(1P*)"	"y 5P*"	"1"	5	3		
"2723.7863"	"2723.78711"	""		"20641.110"	"57343.828"	"3d6.4s2"	"b 3F2"	"4"	"3d6.4s.(6D).6p"	"5F*"	"3"	9	7		
"2724.127"	"2724.1272"	""		"23270.384"	"59968.52"	"3d6.(5D).4s.4p.(3P*)"	"z 7F*"	"0"	"3d6.4s.(6D<3/2>).6d"	"2[1/2]"	"1"	1	3		
"2724.3411"	"2724.3411"	""		"22845.869"	"59541.124"	"3d6.(5D).4s.4p.(3P*)"	"z 7F*"	"5"	"3d6.4s.(6D<7/2>).6d"	"2[11/2]"	"6"	11	13		
"2724.417"	"2724.4194"	""		"23192.500"	"59886.70"	"3d6.(5D).4s.4p.(3P*)"	"z 7F*"	"2"	"3d6.4s.(6D<5/2>).6d"	"2[7/2]"	"3"	5	7		
"2724.6692"	"2724.67019"	""		"20874.482"	"57565.305"	"3d6.4s2"	"b 3F2"	"3"	"3d6.(3P2).4s.4p.(1P*)"	"3D*"	"3"	7	7		
"2724.9531"	"2724.95309"	"4.76e+06"	B+	"7728.060"	"44415.074"	"3d7.(4F).4s"	"a 5F"	"3"	"3d6.(3F2).4s.4p.(3P*)"	"w 5F*"	"4"	7	9		
"2724.9531"	"2724.9563"	""		"22845.869"	"59532.84"	"3d6.(5D).4s.4p.(3P*)"	"z 7F*"	"5"	"3d6.4s.(6D<7/2>).6d"	"2[9/2]"	"4"	11	9		
"2725.0160"	"2725.01534"	"3.10e+04"	D+	"0.000"	"36686.176"	"3d6.4s2"	"a 5D"	"4"	"3d7.(4F).4p"	"y 3F*"	"4"	9	9		
"2725.2845"	"2725.2851"	""		"23783.619"	"60466.164"	"3d6.4s2"	"b 3G"	"5"	"3d6.(3F2).4s.4p.(1P*)"	"r 3G*"	"4"	11	9		
"2725.3291"	"2725.32915"	""		"12560.934"	"49242.886"	"3d7.(4F).4s"	"a 3F"	"3"	"3d7.(2G).4p"	"w 3F*"	"3"	7	7		
"2725.6018"	"2725.60127"	"4.92e+05"	B	"7985.785"	"44664.075"	"3d7.(4F).4s"	"a 5F"	"2"	"3d6.(3F2).4s.4p.(3P*)"	"v 5D*"	"2"	5	5		
"2725.625"	"2725.622"	""		"22845.869"	"59523.88"	"3d6.(5D).4s.4p.(3P*)"	"z 7F*"	"5"	"3d6.(5D).4p2.(3P)"	"7F"	"5"	11	11		
"2725.8058"	"2725.80654"	"2.41e+06"	D+	"20874.482"	"57550.010"	"3d6.4s2"	"b 3F2"	"3"	"3d6.(3D).4s.4p.(3P*)"	"t 3F*"	"4"	7	9		
"2726.0551"	"2726.05496"	"5.52e+07"	B+	"8154.714"	"44826.900"	"3d7.(4F).4s"	"a 5F"	"1"	"3d6.(3F2).4s.4p.(3P*)"	"v 5D*"	"0"	3	1		
"2726.2326"	"2726.23577"	""		"21038.987"	"57708.741"	"3d6.4s2"	"b 3F2"	"2"	"3d6.(3D).4s.4p.(3P*)"	"t 3F*"	"2"	5	5		
"2726.367"	"2726.3640"	""		"22996.674"	"59664.704"	"3d6.(5D).4s.4p.(3P*)"	"z 7F*"	"4"	"3d6.(5D).4p2.(3P)"	"7F"	"4"	9	9		
"2726.7867"	"2726.78971"	""		"22838.323"	"59500.628"	"3d7.(4P).4s"	"b 3P"	"2"	"3d6.(3P2).4s.4p.(1P*)"	"3S*"	"1"	5	3		
"2728.0208"	"2728.02081"	"3.45e+06"	B	"7376.764"	"44022.525"	"3d7.(4F).4s"	"a 5F"	"4"	"3d6.(3F2).4s.4p.(3P*)"	"v 5D*"	"4"	9	9		
"2728.450"	"2728.45155"	""		"19621.006"	"56260.982"	"3d6.4s2"	"a 3H"	"5"	"3d6.4s.(6D).6p"	"7F*"	"6"	11	13		
"2728.8200"	"2728.81978"	"2.98e+07"	B	"19788.251"	"56423.283"	"3d6.4s2"	"a 3H"	"4"	"3d6.(1I).4s.4p.(3P*)"	"u 3H*"	"4"	9	9		
"2728.9696"	"2728.96899"	"1.56e+05"	D+	"888.132"	"37521.161"	"3d6.4s2"	"a 5D"	"1"	"3d7.(4F).4p"	"y 3F*"	"2"	3	5		
"2729.3288"	"2729.3315"	""		"23192.500"	"59820.664"	"3d6.(5D).4s.4p.(3P*)"	"z 7F*"	"2"	"3d6.4s.(6D<5/2>).6d"	"2[5/2]"	"3"	5	7		
"2730.022"	"2730.02341"	""		"21715.732"	"58334.613"	"3d7.(2G).4s"	"a 3G"	"5"	"3d6.(3H).4s.4p.(1P*)"	"3G*"	"4"	11	9		
"2730.9818"	"2730.98172"	"6.28e+06"	B+	"8154.714"	"44760.746"	"3d7.(4F).4s"	"a 5F"	"1"	"3d6.(3F2).4s.4p.(3P*)"	"v 5D*"	"1"	3	3		
"2731.2812"	"2731.28153"	"6.84e+06"	D+	"21038.987"	"57641.001"	"3d6.4s2"	"b 3F2"	"2"	"3d6.(3D).4s.4p.(3P*)"	"t 3F*"	"3"	5	7		
"2731.3399"	"2731.34123"	""		"21999.130"	"58600.344"	"3d7.(2G).4s"	"a 3G"	"4"	"3d6.(3H).4s.4p.(1P*)"	"3G*"	"3"	9	7		
"2732.018"	"2732.02097"	""		"21038.987"	"57631.095"	"3d6.4s2"	"b 3F2"	"2"	"3d6.4s.(6D<3/2>).4f"	"2[5/2]*"	"3"	5	7		
"2732.778"	"2732.7746"	""		"23783.619"	"60365.637"	"3d6.4s2"	"b 3G"	"5"	"3d6.(3H).4s.4p.(1P*)"	"t 3H*"	"6"	11	13		
"2732.9397"	"2732.93884"	""		"21038.987"	"57618.806"	"3d6.4s2"	"b 3F2"	"2"	"3d6.4s.(6D<3/2>).4f"	"2[3/2]*"	"2"	5	5		
"2733.3654"	"2733.36703"	"4.75e+05"	C+	"12560.934"	"49135.023"	"3d7.(4F).4s"	"a 3F"	"3"	"3d6.(3F2).4s.4p.(3P*)"	"v 3D*"	"3"	7	7		
"2733.5803"	"2733.58020"	"7.10e+07"	C+	"6928.268"	"43499.505"	"3d7.(4F).4s"	"a 5F"	"5"	"3d6.(3P2).4s.4p.(3P*)"	"w 5D*"	"4"	11	9		
"2733.896"	"2733.89935"	""		"19912.495"	"56479.463"	"3d6.(5D).4s.4p.(3P*)"	"z 7D*"	"2"	"3d6.4s.(6D).5d"	"5D"	"2"	5	5		
"2734.0053"	"2734.00538"	"2.20e+06"	B+	"7985.785"	"44551.335"	"3d7.(4F).4s"	"a 5F"	"2"	"3d6.(3F2).4s.4p.(3P*)"	"w 5F*"	"3"	5	7		
"2734.2671"	"2734.26718"	""		"17550.181"	"54112.230"	"3d7.(4P).4s"	"a 5P"	"3"	"3d6.(3D).4s.4p.(3P*)"	"t 5P*"	"2"	7	5		
"2734.2671"	"2734.26741"	""		"17726.988"	"54289.034"	"3d7.(4P).4s"	"a 5P"	"2"	"3d7.(4F).5p"	"3F*"	"3"	5	7		
"2734.4470"	"2734.4469"	""		"22996.674"	"59556.32"	"3d6.(5D).4s.4p.(3P*)"	"z 7F*"	"4"	"3d6.4s.(6D<7/2>).6d"	"2[11/2]"	"5"	9	11		
"2734.6150"	"2734.61537"	"9.68e+05"	B+	"7728.060"	"44285.454"	"3d7.(4F).4s"	"a 5F"	"3"	"3d6.(3F2).4s.4p.(3P*)"	"w 5F*"	"2"	7	5		
"2734.8814"	"2734.88335"	""		"22946.816"	"59500.628"	"3d7.(4P).4s"	"b 3P"	"1"	"3d6.(3P2).4s.4p.(1P*)"	"3S*"	"1"	3	3		
"2734.886"	"2734.8869"	""		"23110.939"	"59664.704"	"3d6.(5D).4s.4p.(3P*)"	"z 7F*"	"3"	"3d6.(5D).4p2.(3P)"	"7F"	"4"	7	9		
"2735.317"	"2735.32113"	""		"12560.934"	"49108.896"	"3d7.(4F).4s"	"a 3F"	"3"	"3d7.(2G).4p"	"w 3F*"	"4"	7	9		
"2735.4751"	"2735.47518"	"5.03e+07"	D+	"7376.764"	"43922.668"	"3d7.(4F).4s"	"a 5F"	"4"	"3d6.(3P2).4s.4p.(3P*)"	"w 5D*"	"3"	9	7		
"2735.6120"	"2735.61217"	""		"17726.988"	"54271.062"	"3d7.(4P).4s"	"a 5P"	"2"	"3d6.(3D).4s.4p.(3P*)"	"t 5P*"	"1"	5	3		
"2736.199"	"2736.2043"	""		"22996.674"	"59532.84"	"3d6.(5D).4s.4p.(3P*)"	"z 7F*"	"4"	"3d6.4s.(6D<7/2>).6d"	"2[9/2]"	"4"	9	9		
"2736.397"	"2736.40204"	""		"21038.987"	"57572.513"	"3d6.4s2"	"b 3F2"	"2"	"3d6.4s.(6D).6p"	"5F*"	"2"	5	5		
"2736.491"	"2736.4936"	""		"22650.416"	"59182.72"	"3d6.(5D).4s.4p.(3P*)"	"z 7F*"	"6"	"3d6.4s.(6D<9/2>).6d"	"2[11/2]"	"5"	13	11		
"2736.5272"	"2736.52736"	""		"6928.268"	"43460.121"	"3d7.(4F).4s"	"a 5F"	"5"	"3d6.(3H).4s.4p.(3P*)"	"z 5I*"	"5"	11	11		
"2736.612"	"2736.61441"	""		"17726.988"	"54257.679"	"3d7.(4P).4s"	"a 5P"	"2"	"3d7.(4F).5p"	"5G*"	"2"	5	5		
"2736.7623"	"2736.7622"	""		"22650.416"	"59179.134"	"3d6.(5D).4s.4p.(3P*)"	"z 7F*"	"6"	"3d6.4s.(6D<9/2>).6d"	"2[13/2]"	"7"	13	15		
"2736.9659"	"2736.96387"	""		"7985.785"	"44511.812"	"3d7.(4F).4s"	"a 5F"	"2"	"3d7.(4P).4p"	"y 5S*"	"2"	5	5		
"2737.1396"	"2737.1435"	""		"22996.674"	"59520.304"	"3d6.(5D).4s.4p.(3P*)"	"z 7F*"	"4"	"3d6.4s.(6D<7/2>).6d"	"2[7/2]"	"3"	9	7		
"2737.3090"	"2737.30891"	"7.25e+07"	B	"888.132"	"37409.555"	"3d6.4s2"	"a 5D"	"1"	"3d6.(5D).4s.4p.(1P*)"	"y 5P*"	"1"	3	3		
"2737.6407"	"2737.63973"	"1.14e+07"	B	"19390.168"	"55907.178"	"3d6.4s2"	"a 3H"	"6"	"3d7.(2H).4p"	"1H*"	"5"	13	11		
"2737.8327"	"2737.83265"	""		"6928.268"	"43442.705"	"3d7.(4F).4s"	"a 5F"	"5"	"3d6.(3H).4s.4p.(3P*)"	"z 5I*"	"4"	11	9		
"2738.2131"	"2738.21332"	"4.10e+05"	B	"8154.714"	"44664.075"	"3d7.(4F).4s"	"a 5F"	"1"	"3d6.(3F2).4s.4p.(3P*)"	"v 5D*"	"2"	3	5		
"2738.278"	"2738.27100"	""		"20641.110"	"57149.702"	"3d6.4s2"	"b 3F2"	"4"	"3d6.4s.(6D<7/2>).4f"	"2[7/2]*"	"3"	9	7		
"2738.278"	"2738.27242"	""		"12968.554"	"49477.127"	"3d7.(4F).4s"	"a 3F"	"2"	"3d6.(3F2).4s.4p.(3P*)"	"1F*"	"3"	5	7		
"2738.3160"	"2738.31518"	""		"20641.110"	"57149.113"	"3d6.4s2"	"b 3F2"	"4"	"3d6.4s.(6D<7/2>).4f"	"2[7/2]*"	"4"	9	9		
"2738.455"	"2738.46085"	""		"20641.110"	"57147.171"	"3d6.4s2"	"b 3F2"	"4"	"3d6.4s.(6D<7/2>).4f"	"2[9/2]*"	"4"	9	9		
"2738.973"	"2738.96627"	""		"19621.006"	"56120.331"	"3d6.4s2"	"a 3H"	"5"	"3d6.4s.(6D).6p"	"7D*"	"5"	11	11		
"2739.1046"	"2739.10834"	""		"17726.988"	"54224.420"	"3d7.(4P).4s"	"a 5P"	"2"	"3d7.(4F).5p"	"5F*"	"1"	5	3		
"2739.220"	"2739.2193"	""		"22650.416"	"59146.37"	"3d6.(5D).4s.4p.(3P*)"	"z 7F*"	"6"	"3d6.4s.(6D<9/2>).6d"	"2[13/2]"	"6"	13	13		
"2740.261"	"2740.25421"	""		"21999.130"	"58481.301"	"3d7.(2G).4s"	"a 3G"	"4"	"3d6.4s.(4D).5p"	"5F*"	"4"	9	9		
"2740.6886"	"2740.6927"	""		"22650.416"	"59126.75"	"3d6.(5D).4s.4p.(3P*)"	"z 7F*"	"6"	"3d6.4s.(6D<9/2>).6d"	"2[9/2]"	"5"	13	11		
"2740.8920"	"2740.8938"	""		"22650.416"	"59124.074"	"3d6.(5D).4s.4p.(3P*)"	"z 7F*"	"6"	"3d6.4s.(6D<9/2>).6d"	"2[11/2]"	"6"	13	13		
"2741.0461"	"2741.04353"	""		"20874.482"	"57346.148"	"3d6.4s2"	"b 3F2"	"3"	"3d6.(3D).4s.4p.(1P*)"	"3D*"	"3"	7	7		
"2741.1010"	"2741.10080"	""		"24335.766"	"60806.670"	"3d7.(2P).4s"	"c 3P"	"2"	"3d6.(3F2).4s.4p.(1P*)"	"3D*"	"3"	5	7		
"2741.216"	"2741.21791"	""		"20874.482"	"57343.828"	"3d6.4s2"	"b 3F2"	"3"	"3d6.4s.(6D).6p"	"5F*"	"3"	7	7		
"2741.358"	"2741.36420"	""		"17550.181"	"54017.581"	"3d7.(4P).4s"	"a 5P"	"3"	"3d7.(4F).5p"	"3G*"	"4"	7	9		
"2741.5766"	"2741.57644"	"6.99e+05"	C	"12968.554"	"49433.131"	"3d7.(4F).4s"	"a 3F"	"2"	"3d7.(2G).4p"	"w 3F*"	"2"	5	5		
"2741.6842"	"2741.6870"	""		"20641.110"	"57104.217"	"3d6.4s2"	"b 3F2"	"4"	"3d6.(1I).4s.4p.(3P*)"	"x 3I*"	"5"	9	11		
"2742.0157"	"2742.01546"	"4.11e+05"	C	"704.007"	"37162.746"	"3d6.4s2"	"a 5D"	"2"	"3d7.(4F).4p"	"y 3F*"	"3"	5	7		
"2742.2540"	"2742.25398"	"3.41e+07"	C+	"7728.060"	"44183.628"	"3d7.(4F).4s"	"a 5F"	"3"	"3d6.(3P2).4s.4p.(3P*)"	"w 5D*"	"2"	7	5		
"2742.3316"	"2742.33154"	""		"17550.181"	"54004.718"	"3d7.(4P).4s"	"a 5P"	"3"	"3d6.(3D).4s.4p.(3P*)"	"t 5P*"	"3"	7	7		
"2742.4052"	"2742.40512"	"4.70e+07"	C+	"704.007"	"37157.566"	"3d6.4s2"	"a 5D"	"2"	"3d6.(5D).4s.4p.(1P*)"	"y 5P*"	"2"	5	5		
"2742.756"	"2742.75733"	""		"23051.750"	"59500.628"	"3d7.(4P).4s"	"b 3P"	"0"	"3d6.(3P2).4s.4p.(1P*)"	"3S*"	"1"	1	3		
"2743.060"	"2743.0646"	""		"24118.819"	"60563.614"	"3d6.4s2"	"b 3G"	"4"	"3d6.(3F2).4s.4p.(1P*)"	"r 3G*"	"3"	9	7		
"2743.5652"	"2743.56519"	"4.84e+06"	B+	"7728.060"	"44166.206"	"3d7.(4F).4s"	"a 5F"	"3"	"3d6.(3F2).4s.4p.(3P*)"	"v 5D*"	"3"	7	7		
"2744.0673"	"2744.06714"	"3.09e+07"	B	"978.074"	"37409.555"	"3d6.4s2"	"a 5D"	"0"	"3d6.(5D).4s.4p.(1P*)"	"y 5P*"	"1"	1	3		
"2744.352"	"2744.3554"	""		"23110.939"	"59538.594"	"3d6.(5D).4s.4p.(3P*)"	"z 7F*"	"3"	"3d6.4s.(6D<7/2>).6d"	"2[5/2]"	"3"	7	7		
"2744.5273"	"2744.52716"	"2.53e+07"	B+	"7985.785"	"44411.160"	"3d7.(4F).4s"	"a 5F"	"2"	"3d6.(3P2).4s.4p.(3P*)"	"w 5D*"	"1"	5	3		
"2744.786"	"2744.7889"	""		"23110.939"	"59532.84"	"3d6.(5D).4s.4p.(3P*)"	"z 7F*"	"3"	"3d6.4s.(6D<7/2>).6d"	"2[9/2]"	"4"	7	9		
"2745.2803"	"2745.27921"	""		"17927.382"	"54342.779"	"3d7.(4P).4s"	"a 5P"	"1"	"3d7.(4F).5p"	"3D*"	"2"	3	5		
"2745.735"	"2745.7340"	""		"23110.939"	"59520.304"	"3d6.(5D).4s.4p.(3P*)"	"z 7F*"	"3"	"3d6.4s.(6D<7/2>).6d"	"2[7/2]"	"3"	7	7		
"2745.856"	"2745.86211"	""		"17726.988"	"54134.655"	"3d7.(4P).4s"	"a 5P"	"2"	"3d7.(4F).5p"	"5G*"	"3"	5	7		
"2745.9606"	"2745.96039"	""		"11976.239"	"48382.603"	"3d7.(4F).4s"	"a 3F"	"4"	"3d7.(2G).4p"	"z 1H*"	"5"	9	11		
"2746.670"	"2746.66757"	""		"22946.816"	"59343.807"	"3d7.(4P).4s"	"b 3P"	"1"	"3d6.4s.(4D).5p"	"3P*"	"1"	3	3		
"2746.9818"	"2746.9818"	""		"6928.268"	"43321.096?"	"3d7.(4F).4s"	"a 5F"	"5"	"3d6.(3H).4s.4p.(3P*)"	"z 5H*"	"6"	11	13		
""	"2747.00224"	"6.61e+06"	C+	"7985.785"	"44378.342"	"3d7.(4F).4s"	"a 5F"	"2"	"3d6.(3F2).4s.4p.(3P*)"	"w 5F*"	"1"	5	3		
"2747.533"	"2747.5299"	""		"23711.456"	"60097.024"	"3d6.(5D).4s.4p.(3P*)"	"z 7P*"	"4"	"3d6.4s.(6D<3/2>).6d"	"2[7/2]"	"3"	9	7		
"2747.5544"	"2747.55454"	""		"17726.988"	"54112.230"	"3d7.(4P).4s"	"a 5P"	"2"	"3d6.(3D).4s.4p.(3P*)"	"t 5P*"	"2"	5	5		
"2748.197"	"2748.19446"	""		"21038.987"	"57415.757"	"3d6.4s2"	"b 3F2"	"2"	"3d6.4s.(6D).6p"	"5D*"	"2"	5	5		
"2749.6825"	"2749.68153"	"4.85e+05"	C+	"8154.714"	"44511.812"	"3d7.(4F).4s"	"a 5F"	"1"	"3d7.(4P).4p"	"y 5S*"	"2"	3	5		
"2750.0507"	"2750.0482"	""		"24180.862"	"60533.113"	"3d6.(5D).4s.4p.(3P*)"	"z 7P*"	"3"	"3d6.(5D).4p2.(3P)"	"7F"	"2"	7	5		
"2750.1404"	"2750.14032"	"2.74e+07"	B	"415.933"	"36766.966"	"3d6.4s2"	"a 5D"	"3"	"3d6.(5D).4s.4p.(1P*)"	"y 5P*"	"3"	7	7		
"2750.419"	"2750.4194"	""		"24118.819"	"60466.164"	"3d6.4s2"	"b 3G"	"4"	"3d6.(3F2).4s.4p.(1P*)"	"r 3G*"	"4"	9	9		
"2750.517"	"2750.5141"	""		"23192.500"	"59538.594"	"3d6.(5D).4s.4p.(3P*)"	"z 7F*"	"2"	"3d6.4s.(6D<7/2>).6d"	"2[5/2]"	"3"	5	7		
"2750.5233"	"2750.520"	""		"23244.838"	"59590.85"	"3d6.(5D).4s.4p.(3P*)"	"z 7F*"	"1"	"3d6.4s.(6D<7/2>).6d"	"2[3/2]"	"1"	3	3		
"2750.6966"	"2750.69676"	""		"17927.382"	"54271.062"	"3d7.(4P).4s"	"a 5P"	"1"	"3d6.(3D).4s.4p.(3P*)"	"t 5P*"	"1"	3	3		
"2750.8734"	"2750.87350"	""		"17550.181"	"53891.526"	"3d7.(4P).4s"	"a 5P"	"3"	"3d6.(3D).4s.4p.(3P*)"	"5D*"	"3"	7	7		
"2751.208"	"2751.2137"	""		"22845.869"	"59182.72"	"3d6.(5D).4s.4p.(3P*)"	"z 7F*"	"5"	"3d6.4s.(6D<9/2>).6d"	"2[11/2]"	"5"	11	11		
"2751.3175"	"2751.31733"	""		"21999.130"	"58334.613"	"3d7.(2G).4s"	"a 3G"	"4"	"3d6.(3H).4s.4p.(1P*)"	"3G*"	"4"	9	9		
"2751.8659"	"2751.86886"	""		"18378.186"	"54706.387"	"3d6.4s2"	"a 3P2"	"2"	"3d7.(4F).5p"	"3F*"	"2"	5	5		
"2752.1500"	"2752.1465"	""		"23244.838"	"59569.374"	"3d6.(5D).4s.4p.(3P*)"	"z 7F*"	"1"	"3d6.4s.(6D<7/2>).6d"	"2[3/2]"	"2"	3	5		
"2753.0976"	"2753.09822"	""		"23783.619"	"60095.599"	"3d6.4s2"	"b 3G"	"5"	"3d6.(3F2).4s.4p.(1P*)"	"3F*"	"4"	11	9		
"2753.240"	"2753.23387"	""		"20641.110"	"56951.301"	"3d6.4s2"	"b 3F2"	"4"	"3d7.(2H).4p"	"v 1G*"	"4"	9	9		
"2753.285"	"2753.27982"	""		"19788.251"	"56097.836"	"3d6.4s2"	"a 3H"	"4"	"3d6.(3G).4s.4p.(3P*)"	"1F*"	"3"	9	7		
"2753.6867"	"2753.68672"	"4.00e+07"	B	"8154.714"	"44458.934"	"3d7.(4F).4s"	"a 5F"	"1"	"3d6.(3P2).4s.4p.(3P*)"	"w 5D*"	"0"	3	1		
"2753.7918"	"2753.79224"	""		"21715.732"	"58018.561"	"3d7.(2G).4s"	"a 3G"	"5"	"3d6.(3H).4s.4p.(1P*)"	"3G*"	"5"	11	11		
"2753.866"	"2753.86021"	""		"17550.181"	"53852.114"	"3d7.(4P).4s"	"a 5P"	"3"	"3d7.(4F).5p"	"5G*"	"4"	7	9		
"2753.9661"	"2753.9689"	""		"22845.869"	"59146.37"	"3d6.(5D).4s.4p.(3P*)"	"z 7F*"	"5"	"3d6.4s.(6D<9/2>).6d"	"2[13/2]"	"6"	11	13		
"2754.0319"	"2754.03198"	"7.29e+06"	B+	"7985.785"	"44285.454"	"3d7.(4F).4s"	"a 5F"	"2"	"3d6.(3F2).4s.4p.(3P*)"	"w 5F*"	"2"	5	5		
"2754.233"	"2754.23161"	""		"17927.382"	"54224.420"	"3d7.(4P).4s"	"a 5P"	"1"	"3d7.(4F).5p"	"5F*"	"1"	3	3		
"2754.4271"	"2754.42688"	"1.62e+06"	B	"7728.060"	"44022.525"	"3d7.(4F).4s"	"a 5F"	"3"	"3d6.(3F2).4s.4p.(3P*)"	"v 5D*"	"4"	7	9		
"2754.552"	"2754.5573"	""		"25899.989"	"62192.735"	"3d6.(5D).4s.4p.(3P*)"	"z 5D*"	"4"	""	"62192e"	"5"	9	11		
"2754.941"	"2754.9373"	""		"22845.869"	"59133.61"	"3d6.(5D).4s.4p.(3P*)"	"z 7F*"	"5"	"3d6.4s.(6D<9/2>).6d"	"2[9/2]"	"4"	11	9		
"2754.9433"	"2754.94268"	""		"17550.181"	"53837.851"	"3d7.(4P).4s"	"a 5P"	"3"	"3d7.(4F).5p"	"3D*"	"3"	7	7		
"2755.1817"	"2755.18110"	"5.13e+06"	C+	"19621.006"	"55905.536"	"3d6.4s2"	"a 3H"	"5"	"3d6.(1G2).4s.4p.(3P*)"	"s 3G*"	"4"	11	9		
"2755.454"	"2755.4582"	""		"22845.869"	"59126.75"	"3d6.(5D).4s.4p.(3P*)"	"z 7F*"	"5"	"3d6.4s.(6D<9/2>).6d"	"2[9/2]"	"5"	11	11		
"2755.659"	"2755.6615"	""		"22845.869"	"59124.074"	"3d6.(5D).4s.4p.(3P*)"	"z 7F*"	"5"	"3d6.4s.(6D<9/2>).6d"	"2[11/2]"	"6"	11	13		
"2755.890"	"2755.88825"	""		"20874.482"	"57149.702"	"3d6.4s2"	"b 3F2"	"3"	"3d6.4s.(6D<7/2>).4f"	"2[7/2]*"	"3"	7	7		
"2755.950"	"2755.95572"	""		"12968.554"	"49242.886"	"3d7.(4F).4s"	"a 3F"	"2"	"3d7.(2G).4p"	"w 3F*"	"3"	5	7		
"2756.086"	"2756.08056"	""		"20874.482"	"57147.171"	"3d6.4s2"	"b 3F2"	"3"	"3d6.4s.(6D<7/2>).4f"	"2[9/2]*"	"4"	7	9		
"2756.2666"	"2756.26644"	"6.56e+05"	C+	"415.933"	"36686.176"	"3d6.4s2"	"a 5D"	"3"	"3d7.(4F).4p"	"y 3F*"	"4"	7	9		
"2756.3280"	"2756.32792"	"1.41e+07"	B	"888.132"	"37157.566"	"3d6.4s2"	"a 5D"	"1"	"3d6.(5D).4s.4p.(1P*)"	"y 5P*"	"2"	3	5		
"2757.3153"	"2757.31536"	"2.85e+07"	B+	"8154.714"	"44411.160"	"3d7.(4F).4s"	"a 5F"	"1"	"3d6.(3P2).4s.4p.(3P*)"	"w 5D*"	"1"	3	3		
"2757.4224"	"2757.42222"	"7.26e+05"	B	"11976.239"	"48231.280"	"3d7.(4F).4s"	"a 3F"	"4"	"3d6.(3G).4s.4p.(3P*)"	"y 5H*"	"5"	9	11		
"2757.712"	"2757.70641"	""		"22838.323"	"59089.628"	"3d7.(4P).4s"	"b 3P"	"2"	"3d6.4s.(4D).5p"	"3F*"	"3"	5	7		
"2758.012"	"2758.01014"	""		"20641.110"	"56888.423"	"3d6.4s2"	"b 3F2"	"4"	"3d6.4s.(6D).6p"	"7P*"	"3"	9	7		
"2758.9831"	"2758.98021"	""		"17550.181"	"53784.750"	"3d7.(4P).4s"	"a 5P"	"3"	"3d7.(4F).5p"	"5D*"	"3"	7	7		
"2759.179"	"2759.17470"	""		"24574.655"	"60806.670"	"3d7.(2G).4s"	"a 1G"	"4"	"3d6.(3F2).4s.4p.(1P*)"	"3D*"	"3"	9	7		
"2759.179"	"2759.18559"	""		"22249.429"	"58481.301"	"3d7.(2G).4s"	"a 3G"	"3"	"3d6.4s.(4D).5p"	"5F*"	"4"	7	9		
"2759.723"	"2759.7207"	""		"24338.767"	"60563.614"	"3d6.4s2"	"b 3G"	"3"	"3d6.(3F2).4s.4p.(1P*)"	"r 3G*"	"3"	7	7		
"2759.8136"	"2759.81357"	"7.60e+06"	C+	"8154.714"	"44378.342"	"3d7.(4F).4s"	"a 5F"	"1"	"3d6.(3F2).4s.4p.(3P*)"	"w 5F*"	"1"	3	3		
"2759.922"	"2759.92512"	""		"18378.186"	"54600.350"	"3d6.4s2"	"a 3P2"	"2"	"3d6.(3G).4s.4p.(3P*)"	"t 3G*"	"3"	5	7		
"2760.6127"	"2760.61603"	"1.81e+06"	C+	"17550.181"	"53763.280"	"3d7.(4P).4s"	"a 5P"	"3"	"3d7.(2D2).4p"	"x 1F*"	"3"	7	7		
"2761.4976"	"2761.49891"	""		"21715.732"	"57917.254"	"3d7.(2G).4s"	"a 3G"	"5"	"3d6.4s.(4D).5p"	"3F*"	"4"	11	9		
"2761.7796"	"2761.77959"	"1.94e+07"	B+	"7985.785"	"44183.628"	"3d7.(4F).4s"	"a 5F"	"2"	"3d6.(3P2).4s.4p.(3P*)"	"w 5D*"	"2"	5	5		
"2762.0264"	"2762.02644"	"1.76e+07"	D+	"7728.060"	"43922.668"	"3d7.(4F).4s"	"a 5F"	"3"	"3d6.(3P2).4s.4p.(3P*)"	"w 5D*"	"3"	7	7		
"2762.6811"	"2762.6800"	""		"22996.674"	"59182.72"	"3d6.(5D).4s.4p.(3P*)"	"z 7F*"	"4"	"3d6.4s.(6D<9/2>).6d"	"2[11/2]"	"5"	9	11		
"2762.6811"	"2762.68107"	""		"17726.988"	"53913.020"	"3d7.(4P).4s"	"a 5P"	"2"	"3d6.(3D).4s.4p.(3P*)"	"5D*"	"2"	5	5		
"2762.7714"	"2762.77147"	""		"17927.382"	"54112.230"	"3d7.(4P).4s"	"a 5P"	"1"	"3d6.(3D).4s.4p.(3P*)"	"t 5P*"	"2"	3	5		
"2762.920"	"2762.91709"	""		"24574.655"	"60757.596"	"3d7.(2G).4s"	"a 1G"	"4"	"3d6.(3H).4s.4p.(1P*)"	"t 3H*"	"4"	9	9		
""	"2763.09213"	"3.93e+05"	B	"6928.268"	"43108.917"	"3d7.(4F).4s"	"a 5F"	"5"	"3d6.(3H).4s.4p.(3P*)"	"z 5H*"	"4"	11	9		
"2763.1094"	"2763.10954"	"3.27e+06"	B+	"7985.785"	"44166.206"	"3d7.(4F).4s"	"a 5F"	"2"	"3d6.(3F2).4s.4p.(3P*)"	"v 5D*"	"3"	5	7		
"2763.503"	"2763.5050"	""		"23711.456"	"59886.70"	"3d6.(5D).4s.4p.(3P*)"	"z 7P*"	"4"	"3d6.4s.(6D<5/2>).6d"	"2[7/2]"	"3"	9	7		
"2764.1192"	"2764.121"	""		"23711.456"	"59878.64"	"3d6.(5D).4s.4p.(3P*)"	"z 7P*"	"4"	"3d6.4s.(6D<5/2>).6d"	"2[7/2]"	"4"	9	9		
"2764.3229"	"2764.32313"	""		"17726.988"	"53891.526"	"3d7.(4P).4s"	"a 5P"	"2"	"3d6.(3D).4s.4p.(3P*)"	"5D*"	"3"	5	7		
"2765.236"	"2765.24616"	""		"18378.186"	"54530.653"	"3d6.4s2"	"a 3P2"	"2"	"3d7.(4F).5p"	"5D*"	"2"	5	5		
"2765.689"	"2765.68820"	""		"11976.239"	"48122.928"	"3d7.(4F).4s"	"a 3F"	"4"	"3d6.(3G).4s.4p.(3P*)"	"v 5F*"	"3"	9	7		
"2766.026"	"2766.03081"	""		"20641.110"	"56783.322"	"3d6.4s2"	"b 3F2"	"4"	"3d6.(1G2).4s.4p.(3P*)"	"u 3F*"	"3"	9	7		
"2766.439"	"2766.4347"	""		"22996.674"	"59133.61"	"3d6.(5D).4s.4p.(3P*)"	"z 7F*"	"4"	"3d6.4s.(6D<9/2>).6d"	"2[9/2]"	"4"	9	9		
"2766.550"	"2766.55602"	""		"24118.819"	"60254.170"	"3d6.4s2"	"b 3G"	"4"	"3d6.(3F2).4s.4p.(1P*)"	"r 3G*"	"5"	9	11		
"2766.5514"	"2766.54898"	""		"21038.987"	"57174.430"	"3d6.4s2"	"b 3F2"	"2"	"3d6.4s.(6D).6p"	"7F*"	"1"	5	3		
"2766.5514"	"2766.55273"	""		"19390.168"	"55525.562"	"3d6.4s2"	"a 3H"	"6"	"3d6.(1G2).4s.4p.(3P*)"	"v 3H*"	"5"	13	11		
"2766.9089"	"2766.90911"	"4.04e+06"	B+	"8154.714"	"44285.454"	"3d7.(4F).4s"	"a 5F"	"1"	"3d6.(3F2).4s.4p.(3P*)"	"w 5F*"	"2"	3	5		
"2767.449"	"2767.45044"	""		"22838.323"	"58961.996"	"3d7.(4P).4s"	"b 3P"	"2"	"3d6.4s.(4D).5p"	"3F*"	"2"	5	5		
"2767.522"	"2767.52184"	"1.48e+07"	C+	"7376.764"	"43499.505"	"3d7.(4F).4s"	"a 5F"	"4"	"3d6.(3P2).4s.4p.(3P*)"	"w 5D*"	"4"	9	9		
"2767.944"	"2767.93994"	""		"19788.251"	"55905.536"	"3d6.4s2"	"a 3H"	"4"	"3d6.(1G2).4s.4p.(3P*)"	"s 3G*"	"4"	9	9		
"2768.0382"	"2768.03774"	""		"21038.987"	"57154.996"	"3d6.4s2"	"b 3F2"	"2"	"3d6.4s.(6D<7/2>).4f"	"2[1/2]*"	"1"	5	3		
"2768.1037"	"2768.10396"	""		"17927.382"	"54042.527"	"3d7.(4P).4s"	"a 5P"	"1"	"3d7.(4F).5p"	"5F*"	"2"	3	5		
"2768.4313"	"2768.42953"	""		"17550.181"	"53661.079"	"3d7.(4P).4s"	"a 5P"	"3"	"3d7.(4F).5p"	"5F*"	"3"	7	7		
"2768.4313"	"2768.43222"	""		"17726.988"	"53837.851"	"3d7.(4P).4s"	"a 5P"	"2"	"3d7.(4F).5p"	"3D*"	"3"	5	7		
"2768.4313"	"2768.43260"	""		"21038.987"	"57149.845"	"3d6.4s2"	"b 3F2"	"2"	"3d6.4s.(6D<7/2>).4f"	"2[5/2]*"	"3"	5	7		
"2768.5572"	"2768.5591"	""		"23711.456"	"59820.664"	"3d6.(5D).4s.4p.(3P*)"	"z 7P*"	"4"	"3d6.4s.(6D<5/2>).6d"	"2[5/2]"	"3"	9	7		
"2768.7862"	"2768.7848"	""		"23110.939"	"59217.204"	"3d6.(5D).4s.4p.(3P*)"	"z 7F*"	"3"	"3d6.4s.(6D<9/2>).6d"	"2[5/2]"	"3"	7	7		
"2769.1526"	"2769.15509"	""		"21038.987"	"57140.424"	"3d6.4s2"	"b 3F2"	"2"	"3d6.4s.(6D).6p"	"7F*"	"2"	5	5		
"2769.2980"	"2769.29800"	"1.80e+07"	C+	"19390.168"	"55489.742"	"3d6.4s2"	"a 3H"	"6"	"3d6.(1G2).4s.4p.(3P*)"	"v 3H*"	"6"	13	13		
"2769.6691"	"2769.67066"	"7.17e+05"	B+	"6928.268"	"43022.985"	"3d7.(4F).4s"	"a 5F"	"5"	"3d6.(3H).4s.4p.(3P*)"	"y 5G*"	"4"	11	9		
"2770.408"	"2770.40240"	""		"22249.429"	"58334.613"	"3d7.(2G).4s"	"a 3G"	"3"	"3d6.(3H).4s.4p.(1P*)"	"3G*"	"4"	7	9		
"2770.539"	"2770.54268"	""		"7376.764"	"43460.121"	"3d7.(4F).4s"	"a 5F"	"4"	"3d6.(3H).4s.4p.(3P*)"	"z 5I*"	"5"	9	11		
"2770.6949"	"2770.69541"	""		"17726.988"	"53808.356"	"3d7.(4P).4s"	"a 5P"	"2"	"3d7.(2P).4p"	"x 3S*"	"1"	5	3		
"2770.846"	"2770.84870"	""		"0.000"	"36079.372"	"3d6.4s2"	"a 5D"	"4"	"3d7.(4F).4p"	"z 3G*"	"3"	9	7		
"2771.734"	"2771.73828"	""		"22838.323"	"58906.116"	"3d7.(4P).4s"	"b 3P"	"2"	"3d6.4s.(4D).5p"	"5F*"	"2"	5	5		
"2771.8808"	"2771.88062"	""		"7376.764"	"43442.705"	"3d7.(4F).4s"	"a 5F"	"4"	"3d6.(3H).4s.4p.(3P*)"	"z 5I*"	"4"	9	9		
"2772.0738"	"2772.07371"	"2.34e+06"	B+	"6928.268"	"42991.697"	"3d7.(4F).4s"	"a 5F"	"5"	"3d6.(3H).4s.4p.(3P*)"	"z 5H*"	"5"	11	11		
"2772.1100"	"2772.10984"	"4.12e+06"	B	"704.007"	"36766.966"	"3d6.4s2"	"a 5D"	"2"	"3d6.(5D).4s.4p.(1P*)"	"y 5P*"	"3"	5	7		
"2772.3195"	"2772.31956"	""		"17550.181"	"53610.412"	"3d7.(4P).4s"	"a 5P"	"3"	"3d7.(4F).5p"	"5D*"	"4"	7	9		
"2772.5084"	"2772.50940"	""		"17726.988"	"53784.750"	"3d7.(4P).4s"	"a 5P"	"2"	"3d7.(4F).5p"	"5D*"	"3"	5	7		
"2772.822"	"2772.82601"	""		"24118.819"	"60172.464"	"3d6.4s2"	"b 3G"	"4"	"3d6.(3F2).4s.4p.(1P*)"	"3F*"	"3"	9	7		
"2773.2324"	"2773.2324"	""		"17927.382"	"53975.744"	"3d7.(4P).4s"	"a 5P"	"1"	"3d6.(3D).4s.4p.(3P*)"	"5D*"	"1"	3	3		
"2773.9049"	"2773.90274"	""		"19390.168"	"55429.819"	"3d6.4s2"	"a 3H"	"6"	"3d6.(1G2).4s.4p.(3P*)"	"s 3G*"	"5"	13	11		
"2774.164"	"2774.16132"	""		"17726.988"	"53763.280"	"3d7.(4P).4s"	"a 5P"	"2"	"3d7.(2D2).4p"	"x 1F*"	"3"	5	7		
"2774.1931"	"2774.18934"	""		"21038.987"	"57074.915"	"3d6.4s2"	"b 3F2"	"2"	"3d6.(3D).4s.4p.(1P*)"	"3D*"	"2"	5	5		
"2774.7297"	"2774.72944"	"2.64e+06"	B+	"8154.714"	"44183.628"	"3d7.(4F).4s"	"a 5F"	"1"	"3d6.(3P2).4s.4p.(3P*)"	"w 5D*"	"2"	3	5		
"2774.9377"	"2774.9388"	""		"24506.917"	"60533.113"	"3d6.(5D).4s.4p.(3P*)"	"z 7P*"	"2"	"3d6.(5D).4p2.(3P)"	"7F"	"2"	5	5		
"2775.055"	"2775.0537"	""		"23192.500"	"59217.204"	"3d6.(5D).4s.4p.(3P*)"	"z 7F*"	"2"	"3d6.4s.(6D<9/2>).6d"	"2[5/2]"	"3"	5	7		
"2775.229"	"2775.22991"	""		"17726.988"	"53749.405"	"3d7.(4P).4s"	"a 5P"	"2"	"3d6.(3G).4s.4p.(3P*)"	"3F*"	"2"	5	5		
"2775.458"	"2775.45999"	""		"21999.130"	"58018.561"	"3d7.(2G).4s"	"a 3G"	"4"	"3d6.(3H).4s.4p.(1P*)"	"3G*"	"5"	9	11		
"2775.791"	"2775.78761"	""		"22946.816"	"58961.996"	"3d7.(4P).4s"	"b 3P"	"1"	"3d6.4s.(4D).5p"	"3F*"	"2"	3	5		
"2775.8437"	"2775.8440"	""		"23711.456"	"59725.904"	"3d6.(5D).4s.4p.(3P*)"	"z 7P*"	"4"	"3d6.4s.(6D<5/2>).6d"	"2[9/2]"	"4"	9	9		
"2776.3970"	"2776.3976"	""		"23711.456"	"59718.724"	"3d6.(5D).4s.4p.(3P*)"	"z 7P*"	"4"	"3d6.4s.(6D<5/2>).6d"	"2[9/2]"	"5"	9	11		
"2776.450"	"2776.44862"	""		"17726.988"	"53733.594"	"3d7.(4P).4s"	"a 5P"	"2"	"3d6.(3D).4s.4p.(3P*)"	"5F*"	"3"	5	7		
"2776.7669"	"2776.76952"	""		"19788.251"	"55790.696"	"3d6.4s2"	"a 3H"	"4"	"3d6.(1G2).4s.4p.(3P*)"	"s 3G*"	"3"	9	7		
"2777.266"	"2777.25970"	""		"17726.988"	"53723.079"	"3d7.(4P).4s"	"a 5P"	"2"	"3d6.(3D).4s.4p.(3P*)"	"5F*"	"2"	5	5		
"2777.812"	"2777.8101"	""		"24574.655"	"60563.614"	"3d7.(2G).4s"	"a 1G"	"4"	"3d6.(3F2).4s.4p.(1P*)"	"r 3G*"	"3"	9	7		
"2777.8883"	"2777.8862"	""		"21038.987"	"57026.960"	"3d6.4s2"	"b 3F2"	"2"	"3d6.4s.(6D).6p"	"7F*"	"3"	5	7		
"2778.0674"	"2778.06647"	""		"17927.382"	"53913.020"	"3d7.(4P).4s"	"a 5P"	"1"	"3d6.(3D).4s.4p.(3P*)"	"5D*"	"2"	3	5		
"2778.2201"	"2778.22004"	"9.08e+06"	B+	"6928.268"	"42911.917"	"3d7.(4F).4s"	"a 5F"	"5"	"3d6.(3H).4s.4p.(3P*)"	"y 5G*"	"5"	11	11		
"2778.563"	"2778.56213"	""		"18378.186"	"54357.405"	"3d6.4s2"	"a 3P2"	"2"	"3d7.(4F).5p"	"3G*"	"3"	5	7		
"2778.753"	"2778.75051"	""		"24118.819"	"60095.599"	"3d6.4s2"	"b 3G"	"4"	"3d6.(3F2).4s.4p.(1P*)"	"3F*"	"4"	9	9		
"2778.8421"	"2778.84220"	""		"6928.268"	"42903.861"	"3d7.(4F).4s"	"a 5F"	"5"	"3d6.(3H).4s.4p.(3P*)"	"z 5I*"	"6"	11	13		
"2778.928"	"2778.9296"	""		"24574.655"	"60549.116"	"3d7.(2G).4s"	"a 1G"	"4"	"3d6.(3H).4s.4p.(1P*)"	"t 3H*"	"5"	9	11		
"2779.694"	"2779.69217"	""		"18378.186"	"54342.779"	"3d6.4s2"	"a 3P2"	"2"	"3d7.(4F).5p"	"3D*"	"2"	5	5		
"2780.528"	"2780.52990"	""		"11976.239"	"47929.997"	"3d7.(4F).4s"	"a 3F"	"4"	"3d6.(3G).4s.4p.(3P*)"	"v 5F*"	"4"	9	9		
"2780.571"	"2780.5693"	""		"23711.456"	"59664.704"	"3d6.(5D).4s.4p.(3P*)"	"z 7P*"	"4"	"3d6.(5D).4p2.(3P)"	"7F"	"4"	9	9		
"2780.6971"	"2780.69735"	"9.01e+06"	B	"20641.110"	"56592.703"	"3d6.4s2"	"b 3F2"	"4"	"3d6.(1G2).4s.4p.(3P*)"	"u 3F*"	"4"	9	9		
"2780.8817"	"2780.88246"	"7.20e+04"	C+	"7376.764"	"43325.964"	"3d7.(4F).4s"	"a 5F"	"4"	"3d6.(3H).4s.4p.(3P*)"	"z 5H*"	"3"	9	7		
"2781.8354"	"2781.83563"	"2.25e+06"	D+	"7985.785"	"43922.668"	"3d7.(4F).4s"	"a 5F"	"2"	"3d6.(3P2).4s.4p.(3P*)"	"w 5D*"	"3"	5	7		
"2782.0511"	"2782.05178"	""		"17726.988"	"53661.079"	"3d7.(4P).4s"	"a 5P"	"2"	"3d7.(4F).5p"	"5F*"	"3"	5	7		
"2782.769"	"2782.7695"	""		"23110.939"	"59035.762"	"3d6.(5D).4s.4p.(3P*)"	"z 7F*"	"3"	"3d6.4s.(6D).7s"	"5D"	"2"	7	5		
"2783.081"	"2783.0782"	""		"23192.500"	"59113.339"	"3d6.(5D).4s.4p.(3P*)"	"z 7F*"	"2"	"3d6.4s.(6D).7s"	"5D"	"1"	5	3		
"2783.199"	"2783.19706"	""		"22838.323"	"58757.628"	"3d7.(4P).4s"	"b 3P"	"2"	"3d6.4s.(4D).5p"	"5F*"	"3"	5	7		
"2783.286"	"2783.28858"	""		"21999.130"	"57917.254"	"3d7.(2G).4s"	"a 3G"	"4"	"3d6.4s.(4D).5p"	"3F*"	"4"	9	9		
"2783.4436"	"2783.4406"	""		"24180.862"	"60097.024"	"3d6.(5D).4s.4p.(3P*)"	"z 7P*"	"3"	"3d6.4s.(6D<3/2>).6d"	"2[7/2]"	"3"	7	7		
"2783.5496"	"2783.54991"	""		"12560.934"	"48475.686"	"3d7.(4F).4s"	"a 3F"	"3"	"3d6.(3G).4s.4p.(3P*)"	"y 5H*"	"3"	7	7		
"2783.852"	"2783.85253"	""		"18378.186"	"54289.034"	"3d6.4s2"	"a 3P2"	"2"	"3d7.(4F).5p"	"3F*"	"3"	5	7		
"2784.0084"	"2784.00821"	""		"20874.482"	"56783.322"	"3d6.4s2"	"b 3F2"	"3"	"3d6.(1G2).4s.4p.(3P*)"	"u 3F*"	"3"	7	7		
"2784.341"	"2784.3337"	""		"24180.862"	"60085.504"	"3d6.(5D).4s.4p.(3P*)"	"z 7P*"	"3"	"3d6.4s.(6D<3/2>).6d"	"2[5/2]"	"2"	7	5		
"2784.3419"	"2784.34041"	"2.30e+06"	C+	"19621.006"	"55525.562"	"3d6.4s2"	"a 3H"	"5"	"3d6.(1G2).4s.4p.(3P*)"	"v 3H*"	"5"	11	11		
"2785.132"	"2785.1286"	""		"21038.987"	"56933.382"	"3d6.4s2"	"b 3F2"	"2"	"3d6.4s.(6D).6p"	"7D*"	"2"	5	5		
"2785.349"	"2785.3526"	""		"24574.655"	"60466.164"	"3d7.(2G).4s"	"a 1G"	"4"	"3d6.(3F2).4s.4p.(1P*)"	"r 3G*"	"4"	9	9		
"2786.171"	"2786.17045"	""		"17927.382"	"53808.356"	"3d7.(4P).4s"	"a 5P"	"1"	"3d7.(2P).4p"	"x 3S*"	"1"	3	3		
"2787.125"	"2787.12111"	""		"19621.006"	"55489.742"	"3d6.4s2"	"a 3H"	"5"	"3d6.(1G2).4s.4p.(3P*)"	"v 3H*"	"6"	11	13		
"2787.9312"	"2787.93144"	"2.27e+06"	B+	"11976.239"	"47834.550"	"3d7.(4F).4s"	"a 3F"	"4"	"3d6.(3F2).4s.4p.(3P*)"	"x 3G*"	"5"	9	11		
"2787.9578"	"2787.95702"	""		"11976.239"	"47834.221"	"3d7.(4F).4s"	"a 3F"	"4"	"3d6.(3F2).4s.4p.(3P*)"	"x 3G*"	"3"	9	7		
"2788.1047"	"2788.10461"	"5.92e+07"	B+	"6928.268"	"42784.352"	"3d7.(4F).4s"	"a 5F"	"5"	"3d6.(3H).4s.4p.(3P*)"	"y 5G*"	"6"	11	13		
"2788.628"	"2788.62167"	""		"21038.987"	"56888.423"	"3d6.4s2"	"b 3F2"	"2"	"3d6.4s.(6D).6p"	"7P*"	"3"	5	7		
"2788.981"	"2788.9774"	""		"23711.456"	"59556.32"	"3d6.(5D).4s.4p.(3P*)"	"z 7P*"	"4"	"3d6.4s.(6D<7/2>).6d"	"2[11/2]"	"5"	9	11		
"2789.4760"	"2789.47607"	""		"17550.181"	"53388.637"	"3d7.(4P).4s"	"a 5P"	"3"	"3d7.(4F).5p"	"5F*"	"4"	7	9		
"2789.6765"	"2789.67668"	""		"11976.239"	"47812.118"	"3d7.(4F).4s"	"a 3F"	"4"	"3d6.(3F2).4s.4p.(3P*)"	"x 3G*"	"4"	9	9		
"2789.8014"	"2789.80132"	"2.36e+07"	B+	"21715.732"	"57550.010"	"3d7.(2G).4s"	"a 3G"	"5"	"3d6.(3D).4s.4p.(3P*)"	"t 3F*"	"4"	11	9		
"2789.839"	"2789.84656"	""		"24338.767"	"60172.464"	"3d6.4s2"	"b 3G"	"3"	"3d6.(3F2).4s.4p.(1P*)"	"3F*"	"3"	7	7		
"2790.757"	"2790.75578"	""		"17927.382"	"53749.405"	"3d7.(4P).4s"	"a 5P"	"1"	"3d6.(3G).4s.4p.(3P*)"	"3F*"	"2"	3	5		
"2790.808"	"2790.8056"	""		"23711.456"	"59532.84"	"3d6.(5D).4s.4p.(3P*)"	"z 7P*"	"4"	"3d6.4s.(6D<7/2>).6d"	"2[9/2]"	"4"	9	9		
"2790.946"	"2790.93943"	""		"21038.987"	"56858.653"	"3d6.4s2"	"b 3F2"	"2"	"3d6.(1G2).4s.4p.(3P*)"	"u 3F*"	"2"	5	5		
"2791.504"	"2791.504"	""		"23711.456"	"59523.88"	"3d6.(5D).4s.4p.(3P*)"	"z 7P*"	"4"	"3d6.(5D).4p2.(3P)"	"7F"	"5"	9	11		
"2791.590"	"2791.59474"	""		"23711.456"	"59522.714"	"3d6.(5D).4s.4p.(3P*)"	"z 7P*"	"4"	"3d6.4s.(4D).4d"	"3F"	"3"	9	7		
"2791.7856"	"2791.7826"	""		"23711.456"	"59520.304"	"3d6.(5D).4s.4p.(3P*)"	"z 7P*"	"4"	"3d6.4s.(6D<7/2>).6d"	"2[7/2]"	"3"	9	7		
"2791.7856"	"2791.78536"	""		"19621.006"	"55429.819"	"3d6.4s2"	"a 3H"	"5"	"3d6.(1G2).4s.4p.(3P*)"	"s 3G*"	"5"	11	11		
"2791.899"	"2791.90068"	""		"17550.181"	"53357.515"	"3d7.(4P).4s"	"a 5P"	"3"	"3d6.(3G).4s.4p.(3P*)"	"3F*"	"3"	7	7		
"2792.3987"	"2792.39871"	"1.17e+06"	B	"12560.934"	"48361.882"	"3d7.(4F).4s"	"a 3F"	"3"	"3d6.(3G).4s.4p.(3P*)"	"y 5H*"	"4"	7	9		
"2792.807"	"2792.80835"	""		"17927.382"	"53723.079"	"3d7.(4P).4s"	"a 5P"	"1"	"3d6.(3D).4s.4p.(3P*)"	"5F*"	"2"	3	5		
"2794.143"	"2794.13876"	""		"17550.181"	"53328.835"	"3d7.(4P).4s"	"a 5P"	"3"	"3d7.(4F).5p"	"3F*"	"4"	7	9		
"2794.7019"	"2794.70189"	"1.10e+06"	C	"7728.060"	"43499.505"	"3d7.(4F).4s"	"a 5F"	"3"	"3d6.(3P2).4s.4p.(3P*)"	"w 5D*"	"4"	7	9		
"2794.852"	"2794.8550"	""		"17927.382"	"53696.867"	"3d7.(4P).4s"	"a 5P"	"1"	"3d6.(3D).4s.4p.(3P*)"	"5F*"	"1"	3	3		
"2795.0045"	"2795.00515"	"9.29e+04"	C+	"0.000"	"35767.564"	"3d6.4s2"	"a 5D"	"4"	"3d7.(4F).4p"	"z 3G*"	"4"	9	9		
"2795.149"	"2795.14442"	""		"22996.674"	"58762.456"	"3d6.(5D).4s.4p.(3P*)"	"z 7F*"	"4"	"3d6.4s.(6D).7s"	"5D"	"3"	9	7		
"2795.268"	"2795.2701"	""		"23711.456"	"59475.63"	"3d6.(5D).4s.4p.(3P*)"	"z 7P*"	"4"	"3d6.4s.(6D<7/2>).6d"	"2[7/2]"	"4"	9	9		
"2795.5398"	"2795.53986"	"1.42e+06"	B	"7376.764"	"43137.487"	"3d7.(4F).4s"	"a 5F"	"4"	"3d6.(3H).4s.4p.(3P*)"	"y 5G*"	"3"	9	7		
"2795.865"	"2795.87247"	""		"18378.186"	"54134.655"	"3d6.4s2"	"a 3P2"	"2"	"3d7.(4F).5p"	"5G*"	"3"	5	7		
"2796.2161"	"2796.2174"	""		"23711.456"	"59463.514"	"3d6.(5D).4s.4p.(3P*)"	"z 7P*"	"4"	"3d6.4s.(6D<7/2>).6d"	"2[9/2]"	"5"	9	11		
"2796.8674"	"2796.87060"	""		"12560.934"	"48304.643"	"3d7.(4F).4s"	"a 3F"	"3"	"3d7.(4P).4p"	"x 3P*"	"2"	7	5		
"2797.041"	"2797.03940"	""		"20641.110"	"56382.662"	"3d6.4s2"	"b 3F2"	"4"	"3d6.(1I).4s.4p.(3P*)"	"u 3H*"	"5"	9	11		
"2797.374"	"2797.37135"	""		"19788.251"	"55525.562"	"3d6.4s2"	"a 3H"	"4"	"3d6.(1G2).4s.4p.(3P*)"	"v 3H*"	"5"	9	11		
"2797.6306"	"2797.62711"	""		"18378.186"	"54112.230"	"3d6.4s2"	"a 3P2"	"2"	"3d6.(3D).4s.4p.(3P*)"	"t 5P*"	"2"	5	5		
"2797.7751"	"2797.77518"	"4.52e+06"	B+	"7376.764"	"43108.917"	"3d7.(4F).4s"	"a 5F"	"4"	"3d6.(3H).4s.4p.(3P*)"	"z 5H*"	"4"	9	9		
"2798.967"	"2798.96220"	""		"11976.239"	"47693.239"	"3d7.(4F).4s"	"a 3F"	"4"	"3d6.(3G).4s.4p.(3P*)"	"w 5G*"	"3"	9	7		
"2799.1467"	"2799.14677"	""		"7728.060"	"43442.705"	"3d7.(4F).4s"	"a 5F"	"3"	"3d6.(3H).4s.4p.(3P*)"	"z 5I*"	"4"	7	9		
"2799.8401"	"2799.8372"	""		"24180.862"	"59886.70"	"3d6.(5D).4s.4p.(3P*)"	"z 7P*"	"3"	"3d6.4s.(6D<5/2>).6d"	"2[7/2]"	"3"	7	7		
"2800.4664"	"2800.469"	""		"24180.862"	"59878.64"	"3d6.(5D).4s.4p.(3P*)"	"z 7P*"	"3"	"3d6.4s.(6D<5/2>).6d"	"2[7/2]"	"4"	7	9		
"2801.895"	"2801.90294"	""		"24574.655"	"60254.170"	"3d7.(2G).4s"	"a 1G"	"4"	"3d6.(3F2).4s.4p.(1P*)"	"r 3G*"	"5"	9	11		
"2803.1660"	"2803.16602"	"6.00e+04"	C	"415.933"	"36079.372"	"3d6.4s2"	"a 5D"	"3"	"3d7.(4F).4p"	"z 3G*"	"3"	7	7		
"2803.6132"	"2803.61272"	"1.04e+07"	B	"19788.251"	"55446.008"	"3d6.4s2"	"a 3H"	"4"	"3d6.(1G2).4s.4p.(3P*)"	"v 3H*"	"4"	9	9		
"2804.5201"	"2804.52009"	"1.05e+07"	B+	"7376.764"	"43022.985"	"3d7.(4F).4s"	"a 5F"	"4"	"3d6.(3H).4s.4p.(3P*)"	"y 5G*"	"4"	9	9		
"2804.8615"	"2804.86239"	"2.40e+07"	D+	"21999.130"	"57641.001"	"3d7.(2G).4s"	"a 3G"	"4"	"3d6.(3D).4s.4p.(3P*)"	"t 3F*"	"3"	9	7		
"2805.025"	"2805.0252"	""		"24180.862"	"59820.664"	"3d6.(5D).4s.4p.(3P*)"	"z 7P*"	"3"	"3d6.4s.(6D<5/2>).6d"	"2[5/2]"	"3"	7	7		
"2805.759"	"2805.75544"	""		"17726.988"	"53357.515"	"3d7.(4P).4s"	"a 5P"	"2"	"3d6.(3G).4s.4p.(3P*)"	"3F*"	"3"	5	7		
"2805.8101"	"2805.80679"	""		"11976.239"	"47606.114"	"3d7.(4F).4s"	"a 3F"	"4"	"3d6.(3G).4s.4p.(3P*)"	"v 5F*"	"5"	9	11		
"2806.072"	"2806.07008"	""		"18378.186"	"54004.718"	"3d6.4s2"	"a 3P2"	"2"	"3d6.(3D).4s.4p.(3P*)"	"t 5P*"	"3"	5	7		
"2806.9840"	"2806.98400"	"1.15e+07"	B+	"7376.764"	"42991.697"	"3d7.(4F).4s"	"a 5F"	"4"	"3d6.(3H).4s.4p.(3P*)"	"z 5H*"	"5"	9	11		
"2807.2437"	"2807.24476"	"1.67e+05"	D	"0.000"	"35611.625"	"3d6.4s2"	"a 5D"	"4"	"3d7.(4F).4p"	"z 5G*"	"3"	9	7		
"2808.3268"	"2808.32685"	"4.48e+05"	B+	"7728.060"	"43325.964"	"3d7.(4F).4s"	"a 5F"	"3"	"3d6.(3H).4s.4p.(3P*)"	"z 5H*"	"3"	7	7		
"2808.355"	"2808.3541"	""		"18378.186"	"53975.744"	"3d6.4s2"	"a 3P2"	"2"	"3d6.(3D).4s.4p.(3P*)"	"5D*"	"1"	5	3		
"2808.947"	"2808.9421"	""		"24506.917"	"60097.024"	"3d6.(5D).4s.4p.(3P*)"	"z 7P*"	"2"	"3d6.4s.(6D<3/2>).6d"	"2[7/2]"	"3"	5	7		
"2810.311"	"2810.30367"	""		"23110.939"	"58683.804"	"3d6.(5D).4s.4p.(3P*)"	"z 7F*"	"3"	"3d6.4s.(6D).7s"	"7D"	"2"	7	5		
"2810.837"	"2810.83232"	""		"21999.130"	"57565.305"	"3d7.(2G).4s"	"a 3G"	"4"	"3d6.(3P2).4s.4p.(1P*)"	"3D*"	"3"	9	7		
"2811.167"	"2811.16280"	""		"12560.934"	"48122.928"	"3d7.(4F).4s"	"a 3F"	"3"	"3d6.(3G).4s.4p.(3P*)"	"v 5F*"	"3"	7	7		
"2811.597"	"2811.59395"	""		"22838.323"	"58394.864"	"3d7.(4P).4s"	"b 3P"	"2"	"3d6.4s.(4D).5p"	"3D*"	"1"	5	3		
"2811.775"	"2811.77165"	""		"24118.819"	"59673.113"	"3d6.4s2"	"b 3G"	"4"	"3d7.(4F<5/2>).4f"	"2[9/2]*"	"4"	9	9		
"2811.859"	"2811.8627"	""		"24118.819"	"59671.962"	"3d6.4s2"	"b 3G"	"4"	"3d7.(4F<5/2>).4f"	"2[7/2]*"	"3"	9	7		
"2811.906"	"2811.90183"	""		"24118.819"	"59671.467"	"3d6.4s2"	"b 3G"	"4"	"3d7.(4F<5/2>).4f"	"2[7/2]*"	"4"	9	9		
"2812.0401"	"2812.0417"	"5.00e+06"	C+	"21999.130"	"57550.010"	"3d7.(2G).4s"	"a 3G"	"4"	"3d6.(3D).4s.4p.(3P*)"	"t 3F*"	"4"	9	9		
"2812.212"	"2812.20614"	""		"20874.482"	"56423.283"	"3d6.4s2"	"b 3F2"	"3"	"3d6.(1I).4s.4p.(3P*)"	"u 3H*"	"4"	7	9		
"2812.307"	"2812.30243"	""		"12968.554"	"48516.138"	"3d7.(4F).4s"	"a 3F"	"2"	"3d7.(4P).4p"	"x 3P*"	"1"	5	3		
"2812.4997"	"2812.5036"	""		"24180.862"	"59725.904"	"3d6.(5D).4s.4p.(3P*)"	"z 7P*"	"3"	"3d6.4s.(6D<5/2>).6d"	"2[9/2]"	"4"	7	9		
"2813.2863"	"2813.28628"	"3.42e+07"	B+	"7376.764"	"42911.917"	"3d7.(4F).4s"	"a 5F"	"4"	"3d6.(3H).4s.4p.(3P*)"	"y 5G*"	"5"	9	11		
"2815.0172"	"2815.01434"	""		"18378.186"	"53891.526"	"3d6.4s2"	"a 3P2"	"2"	"3d6.(3D).4s.4p.(3P*)"	"5D*"	"3"	5	7		
"2815.5064"	"2815.50654"	"1.45e+06"	B	"12968.554"	"48475.686"	"3d7.(4F).4s"	"a 3F"	"2"	"3d6.(3G).4s.4p.(3P*)"	"y 5H*"	"3"	5	7		
"2815.6152"	"2815.6163"	""		"23711.456"	"59217.204"	"3d6.(5D).4s.4p.(3P*)"	"z 7P*"	"4"	"3d6.4s.(6D<9/2>).6d"	"2[5/2]"	"3"	9	7		
"2815.840"	"2815.83797"	""		"17726.988"	"53229.941"	"3d7.(4P).4s"	"a 5P"	"2"	"3d7.(2D2).4p"	"v 3P*"	"1"	5	3		
"2816.690"	"2816.68755"	""		"22838.323"	"58330.568"	"3d7.(4P).4s"	"b 3P"	"2"	"3d6.4s.(4D).5p"	"5D*"	"2"	5	5		
"2817.5036"	"2817.50365"	"1.49e+06"	B+	"7728.060"	"43210.025"	"3d7.(4F).4s"	"a 5F"	"3"	"3d6.(3H).4s.4p.(3P*)"	"y 5G*"	"2"	7	5		
"2817.766"	"2817.76454"	""		"23783.619"	"59262.299"	"3d6.4s2"	"b 3G"	"5"	"3d7.(4F<7/2>).4f"	"2[9/2]*"	"4"	11	9		
"2817.945"	"2817.93944"	"1.17e+05"	C	"11976.239"	"47452.717"	"3d7.(4F).4s"	"a 3F"	"4"	"3d7.(2G).4p"	"z 1G*"	"4"	9	9		
"2818.023"	"2818.0160"	""		"22845.869"	"58321.383"	"3d6.(5D).4s.4p.(3P*)"	"z 7F*"	"5"	"3d6.4s.(6D).7s"	"5D"	"4"	11	9		
"2818.596"	"2818.5929"	""		"23051.750"	"58520.003"	"3d7.(4P).4s"	"b 3P"	"0"	"3d6.4s.(4D).5p"	"5D*"	"1"	1	3		
"2819.2751"	"2819.27562"	""		"18378.186"	"53837.851"	"3d6.4s2"	"a 3P2"	"2"	"3d7.(4F).5p"	"3D*"	"3"	5	7		
"2819.3024"	"2819.3037"	""		"22249.429"	"57708.741"	"3d7.(2G).4s"	"a 3G"	"3"	"3d6.(3D).4s.4p.(3P*)"	"t 3F*"	"2"	7	5		
"2820.192"	"2820.19960"	""		"22946.816"	"58394.864"	"3d7.(4P).4s"	"b 3P"	"1"	"3d6.4s.(4D).5p"	"3D*"	"1"	3	3		
"2820.529"	"2820.52258"	""		"11976.239"	"47420.228"	"3d7.(4F).4s"	"a 3F"	"4"	"3d6.(3G).4s.4p.(3P*)"	"w 5G*"	"5"	9	11		
""	"2820.80273"	"6.10e+04"	D+	"415.933"	"35856.402"	"3d6.4s2"	"a 5D"	"3"	"3d7.(4F).4p"	"z 5G*"	"2"	7	5		
"2820.814"	"2820.81172"	""		"21999.130"	"57439.486"	"3d7.(2G).4s"	"a 3G"	"4"	"3d6.4s.(6D<5/2>).4f"	"2[7/2]*"	"3"	9	7		
"2820.923"	"2820.9224"	""		"23244.838"	"58683.804"	"3d6.(5D).4s.4p.(3P*)"	"z 7F*"	"1"	"3d6.4s.(6D).7s"	"7D"	"2"	3	5		
"2821.625"	"2821.62273"	""		"18378.186"	"53808.356"	"3d6.4s2"	"a 3P2"	"2"	"3d7.(2P).4p"	"x 3S*"	"1"	5	3		
"2821.625"	"2821.63213"	""		"21715.732"	"57145.784"	"3d7.(2G).4s"	"a 3G"	"5"	"3d6.4s.(6D<7/2>).4f"	"2[9/2]*"	"5"	11	11		
"2822.262"	"2822.2613"	""		"23711.456"	"59133.61"	"3d6.(5D).4s.4p.(3P*)"	"z 7P*"	"4"	"3d6.4s.(6D<9/2>).6d"	"2[9/2]"	"4"	9	9		
"2822.807"	"2822.8080"	""		"23711.456"	"59126.75"	"3d6.(5D).4s.4p.(3P*)"	"z 7P*"	"4"	"3d6.4s.(6D<9/2>).6d"	"2[9/2]"	"5"	9	11		
"2823.2755"	"2823.27574"	"1.51e+07"	B+	"7728.060"	"43137.487"	"3d7.(4F).4s"	"a 5F"	"3"	"3d6.(3H).4s.4p.(3P*)"	"y 5G*"	"3"	7	7		
"2823.511"	"2823.50404"	""		"18378.186"	"53784.750"	"3d6.4s2"	"a 3P2"	"2"	"3d7.(4F).5p"	"5D*"	"3"	5	7		
"2824.576"	"2824.57564"	""		"19912.495"	"55305.627"	"3d6.(5D).4s.4p.(3P*)"	"z 7D*"	"2"	"3d6.4s.(6D).6s"	"5D"	"1"	5	3		
"2824.706"	"2824.70014"	""		"22249.429"	"57641.001"	"3d7.(2G).4s"	"a 3G"	"3"	"3d6.(3D).4s.4p.(3P*)"	"t 3F*"	"3"	7	7		
"2824.952"	"2824.9466"	""		"21715.732"	"57104.217"	"3d7.(2G).4s"	"a 3G"	"5"	"3d6.(1I).4s.4p.(3P*)"	"x 3I*"	"5"	11	11		
"2825.3226"	"2825.32445"	""		"22946.816"	"58330.568"	"3d7.(4P).4s"	"b 3P"	"1"	"3d6.4s.(4D).5p"	"5D*"	"2"	3	5		
"2825.5555"	"2825.55564"	"1.32e+07"	B+	"7728.060"	"43108.917"	"3d7.(4F).4s"	"a 5F"	"3"	"3d6.(3H).4s.4p.(3P*)"	"z 5H*"	"4"	7	9		
"2825.6873"	"2825.68734"	"8.79e+04"	C+	"0.000"	"35379.208"	"3d6.4s2"	"a 5D"	"4"	"3d7.(4F).4p"	"z 3G*"	"5"	9	11		
"2825.848"	"2825.85285"	""		"19757.032"	"55134.168"	"3d6.(5D).4s.4p.(3P*)"	"z 7D*"	"3"	"3d6.4s.(6D).6s"	"5D"	"2"	7	5		
"2825.997"	"2825.99433"	""		"704.007"	"36079.372"	"3d6.4s2"	"a 5D"	"2"	"3d7.(4F).4p"	"z 3G*"	"3"	5	7		
"2826.4964"	"2826.49788"	""		"12560.934"	"47929.997"	"3d7.(4F).4s"	"a 3F"	"3"	"3d6.(3G).4s.4p.(3P*)"	"v 5F*"	"4"	7	9		
"2826.739"	"2826.73358"	""		"17550.181"	"52916.295"	"3d7.(4P).4s"	"a 5P"	"3"	"3d7.(2D2).4p"	"v 3P*"	"2"	7	5		
"2827.5897"	"2827.58959"	""		"18378.186"	"53733.594"	"3d6.4s2"	"a 3P2"	"2"	"3d6.(3D).4s.4p.(3P*)"	"5F*"	"3"	5	7		
"2827.670"	"2827.6671"	""		"21715.732"	"57070.171"	"3d7.(2G).4s"	"a 3G"	"5"	"3d6.(1I).4s.4p.(3P*)"	"x 3I*"	"6"	11	13		
"2827.8918"	"2827.89171"	"1.48e+05"	C+	"415.933"	"35767.564"	"3d6.4s2"	"a 5D"	"3"	"3d7.(4F).4p"	"z 3G*"	"4"	7	9		
"2827.894"	"2827.90043"	""		"22650.416"	"58001.938"	"3d6.(5D).4s.4p.(3P*)"	"z 7F*"	"6"	"3d6.(5D).4s (4D).4d"	"g 5G"	"6"	13	13		
"2828.266"	"2828.26078"	""		"21999.130"	"57346.148"	"3d7.(2G).4s"	"a 3G"	"4"	"3d6.(3D).4s.4p.(1P*)"	"3D*"	"3"	9	7		
"2828.451"	"2828.44644"	""		"21999.130"	"57343.828"	"3d7.(2G).4s"	"a 3G"	"4"	"3d6.4s.(6D).6p"	"5F*"	"3"	9	7		
"2828.581"	"2828.57321"	""		"23051.750"	"58394.864"	"3d7.(4P).4s"	"b 3P"	"0"	"3d6.4s.(4D).5p"	"3D*"	"1"	1	3		
"2828.6782"	"2828.6742"	""		"24180.862"	"59522.714"	"3d6.(5D).4s.4p.(3P*)"	"z 7P*"	"3"	"3d6.4s.(4D).4d"	"3F"	"3"	7	7		
"2828.8080"	"2828.80813"	"1.87e+06"	B+	"7985.785"	"43325.964"	"3d7.(4F).4s"	"a 5F"	"2"	"3d6.(3H).4s.4p.(3P*)"	"z 5H*"	"3"	5	7		
"2829.089"	"2829.0909"	""		"24506.917"	"59843.564"	"3d6.(5D).4s.4p.(3P*)"	"z 7P*"	"2"	"3d6.4s.(6D<5/2>).6d"	"2[5/2]"	"2"	5	5		
"2829.3650"	"2829.3615"	""		"24180.862"	"59514.13"	"3d6.(5D).4s.4p.(3P*)"	"z 7P*"	"3"	"3d6.4s.(6D<7/2>).6d"	"2[5/2]"	"2"	7	5		
"2829.3650"	"2829.3673"	""		"24338.767"	"59671.962"	"3d6.4s2"	"b 3G"	"3"	"3d7.(4F<5/2>).4f"	"2[7/2]*"	"3"	7	7		
"2830.054"	"2830.0470"	""		"22996.674"	"58321.383"	"3d6.(5D).4s.4p.(3P*)"	"z 7F*"	"4"	"3d6.4s.(6D).7s"	"5D"	"4"	9	9		
"2830.529"	"2830.5301"	""		"18378.186"	"53696.867"	"3d6.4s2"	"a 3P2"	"2"	"3d6.(3D).4s.4p.(3P*)"	"5F*"	"1"	5	3		
"2830.565"	"2830.5698"	""		"26874.550"	"62192.735"	"3d6.(5D).4s.4p.(3P*)"	"z 5F*"	"5"	""	"62192e"	"5"	11	11		
"2830.759"	"2830.75490"	""		"22249.429"	"57565.305"	"3d7.(2G).4s"	"a 3G"	"3"	"3d6.(3P2).4s.4p.(1P*)"	"3D*"	"3"	7	7		
"2830.924"	"2830.9256"	""		"24506.917"	"59820.664"	"3d6.(5D).4s.4p.(3P*)"	"z 7P*"	"2"	"3d6.4s.(6D<5/2>).6d"	"2[5/2]"	"3"	5	7		
"2831.8376"	"2831.83618"	""		"19562.439"	"54864.831"	"3d6.(5D).4s.4p.(3P*)"	"z 7D*"	"4"	"3d6.4s.(6D).6s"	"5D"	"3"	9	7		
"2831.977"	"2831.9815"	""		"22249.429"	"57550.010"	"3d7.(2G).4s"	"a 3G"	"3"	"3d6.(3D).4s.4p.(3P*)"	"t 3F*"	"4"	7	9		
"2832.4353"	"2832.43532"	"2.38e+07"	B+	"7728.060"	"43022.985"	"3d7.(4F).4s"	"a 5F"	"3"	"3d6.(3H).4s.4p.(3P*)"	"y 5G*"	"4"	7	9		
"2833.013"	"2833.0066"	""		"23192.500"	"58480.308"	"3d6.(5D).4s.4p.(3P*)"	"z 7F*"	"2"	"3d6.4s.(6D).7s"	"7D"	"3"	5	7		
"2833.4020"	"2833.40127"	""		"18378.186"	"53661.079"	"3d6.4s2"	"a 3P2"	"2"	"3d7.(4F).5p"	"5F*"	"3"	5	7		
"2834.058"	"2834.0523"	""		"22996.674"	"58271.462"	"3d6.(5D).4s.4p.(3P*)"	"z 7F*"	"4"	"3d6.(5D).4s (4D).4d"	"g 5G"	"5"	9	11		
"2834.1732"	"2834.17293"	"2.35e+05"	D+	"12560.934"	"47834.221"	"3d7.(4F).4s"	"a 3F"	"3"	"3d6.(3F2).4s.4p.(3P*)"	"x 3G*"	"3"	7	7		
"2834.4170"	"2834.41352"	""		"12968.554"	"48238.847"	"3d7.(4F).4s"	"a 3F"	"2"	"3d6.(3G).4s.4p.(3P*)"	"v 5F*"	"2"	5	5		
"2834.4170"	"2834.41947"	""		"12560.934"	"47831.153"	"3d7.(4F).4s"	"a 3F"	"3"	"3d6.(3G).4s.4p.(3P*)"	"w 5G*"	"2"	7	5		
"2834.7524"	"2834.75311"	"5.41e+06"	C+	"20641.110"	"55907.178"	"3d6.4s2"	"b 3F2"	"4"	"3d7.(2H).4p"	"1H*"	"5"	9	11		
"2835.240"	"2835.2407"	""		"24506.917"	"59766.92"	"3d6.(5D).4s.4p.(3P*)"	"z 7P*"	"2"	"3d6.4s.(6D<5/2>).6d"	"2[3/2]"	"1"	5	3		
"2835.4562"	"2835.45618"	"3.24e+05"	C+	"0.000"	"35257.324"	"3d6.4s2"	"a 5D"	"4"	"3d7.(4F).4p"	"z 5G*"	"4"	9	9		
"2835.6580"	"2835.66144"	""		"19552.478"	"54807.250"	"3d6.4s2"	"a 3P2"	"1"	"3d7.(4F).5p"	"3D*"	"1"	3	3		
"2835.9505"	"2835.95008"	"1.30e+06"	B	"12560.934"	"47812.118"	"3d7.(4F).4s"	"a 3F"	"3"	"3d6.(3F2).4s.4p.(3P*)"	"x 3G*"	"4"	7	9		
"2836.3145"	"2836.3161"	""		"22650.416"	"57897.051"	"3d6.(5D).4s.4p.(3P*)"	"z 7F*"	"6"	"3d6.(5D).4s (6D).7s"	"7D"	"5"	13	11		
"2838.1193"	"2838.11948"	"1.28e+07"	B+	"7985.785"	"43210.025"	"3d7.(4F).4s"	"a 5F"	"2"	"3d6.(3H).4s.4p.(3P*)"	"y 5G*"	"2"	5	5		
"2839.232"	"2839.2316"	""		"23110.939"	"58321.383"	"3d6.(5D).4s.4p.(3P*)"	"z 7F*"	"3"	"3d6.4s.(6D).7s"	"5D"	"4"	7	9		
"2839.9759"	"2839.9740"	""		"22996.674"	"58197.914"	"3d6.(5D).4s.4p.(3P*)"	"z 7F*"	"4"	"3d6.4s.(6D).7s"	"7D"	"4"	9	9		
"2840.4221"	"2840.42166"	"4.12e+05"	C+	"415.933"	"35611.625"	"3d6.4s2"	"a 5D"	"3"	"3d7.(4F).4p"	"z 5G*"	"3"	7	7		
"2840.460"	"2840.46274"	""		"22838.323"	"58033.506"	"3d7.(4P).4s"	"b 3P"	"2"	"3d6.4s.(4D).5p"	"5D*"	"3"	5	7		
"2840.9372"	"2840.93707"	"2.37e+06"	C+	"17726.988"	"52916.295"	"3d7.(4P).4s"	"a 5P"	"2"	"3d7.(2D2).4p"	"v 3P*"	"2"	5	5		
"2841.252"	"2841.24988"	""		"22946.816"	"58132.249"	"3d7.(4P).4s"	"b 3P"	"1"	"3d6.4s.(4D).5p"	"3D*"	"2"	3	5		
"2842.793"	"2842.79353"	""		"22249.429"	"57415.757"	"3d7.(2G).4s"	"a 3G"	"3"	"3d6.4s.(6D).6p"	"5D*"	"2"	7	5		
"2842.911"	"2842.9121"	""		"24335.766"	"59500.628"	"3d7.(2P).4s"	"c 3P"	"2"	"3d6.(3P2).4s.4p.(1P*)"	"3S*"	"1"	5	3		
"2843.055"	"2843.0535"	""		"23783.619"	"58946.732"	"3d6.4s2"	"b 3G"	"5"	"3d6.(3H).4s.4p.(1P*)"	"3I*"	"6"	11	13		
"2843.2139"	"2843.2132"	""		"22838.323"	"57999.461"	"3d7.(4P).4s"	"b 3P"	"2"	"3d6.4s.(4D).5p"	"3P*"	"2"	5	5		
"2843.624"	"2843.62314"	""		"22845.869"	"58001.938"	"3d6.(5D).4s.4p.(3P*)"	"z 7F*"	"5"	"3d6.(5D).4s (4D).4d"	"g 5G"	"6"	11	13		
"2843.6306"	"2843.63058"	"6.96e+06"	B+	"7376.764"	"42532.741"	"3d7.(4F).4s"	"a 5F"	"4"	"3d6.(3P2).4s.4p.(3P*)"	"x 5P*"	"3"	9	7		
"2843.7957"	"2843.79787"	""		"19552.478"	"54706.387"	"3d6.4s2"	"a 3P2"	"1"	"3d7.(4F).5p"	"3F*"	"2"	3	5		
"2843.9210"	"2843.92036"	"2.73e+05"	C+	"704.007"	"35856.402"	"3d6.4s2"	"a 5D"	"2"	"3d7.(4F).4p"	"z 5G*"	"2"	5	5		
"2843.9762"	"2843.97643"	"3.17e+07"	B+	"7985.785"	"43137.487"	"3d7.(4F).4s"	"a 5F"	"2"	"3d6.(3H).4s.4p.(3P*)"	"y 5G*"	"3"	5	7		
"2844.141"	"2844.14764"	""		"20641.110"	"55790.696"	"3d6.4s2"	"b 3F2"	"4"	"3d6.(1G2).4s.4p.(3P*)"	"s 3G*"	"3"	9	7		
"2844.279"	"2844.27267"	""		"21999.130"	"57147.171"	"3d7.(2G).4s"	"a 3G"	"4"	"3d6.4s.(6D<7/2>).4f"	"2[9/2]*"	"4"	9	9		
"2844.413"	"2844.42118"	""		"24118.819"	"59265.025"	"3d6.4s2"	"b 3G"	"4"	"3d7.(4F<7/2>).4f"	"2[11/2]*"	"5"	9	11		
"2845.5474"	"2845.54670"	"7.76e+05"	C+	"12560.934"	"47693.239"	"3d7.(4F).4s"	"a 3F"	"3"	"3d6.(3G).4s.4p.(3P*)"	"w 5G*"	"3"	7	7		
"2845.5945"	"2845.59425"	"7.86e+06"	B	"7728.060"	"42859.778"	"3d7.(4F).4s"	"a 5F"	"3"	"3d6.(3P2).4s.4p.(3P*)"	"x 5P*"	"2"	7	5		
"2845.7131"	"2845.71357"	"7.32e+05"	C+	"11976.239"	"47106.484"	"3d7.(4F).4s"	"a 3F"	"4"	"3d6.(3H).4s.4p.(3P*)"	"z 3H*"	"4"	9	9		
"2845.8173"	"2845.81354"	""		"19350.891"	"54479.902"	"3d6.(5D).4s.4p.(3P*)"	"z 7D*"	"5"	"3d6.4s.(6D).6s"	"5D"	"4"	11	9		
"2846.4597"	"2846.4593"	""		"24180.862"	"59301.904"	"3d6.(5D).4s.4p.(3P*)"	"z 7P*"	"3"	"3d6.4s.(4D).4d"	"3F"	"4"	7	9		
"2846.8296"	"2846.82965"	"8.74e+05"	B	"11976.239"	"47092.712"	"3d7.(4F).4s"	"a 3F"	"4"	"3d6.(3F2).4s.4p.(3P*)"	"x 3F*"	"3"	9	7		
"2846.989"	"2846.98694"	""		"20019.635"	"55134.168"	"3d6.(5D).4s.4p.(3P*)"	"z 7D*"	"1"	"3d6.4s.(6D).6s"	"5D"	"2"	3	5		
"2847.535"	"2847.53305"	""		"19757.032"	"54864.831"	"3d6.(5D).4s.4p.(3P*)"	"z 7D*"	"3"	"3d6.4s.(6D).6s"	"5D"	"3"	7	7		
"2848.627"	"2848.62037"	""		"22249.429"	"57343.828"	"3d7.(2G).4s"	"a 3G"	"3"	"3d6.4s.(6D).6p"	"5F*"	"3"	7	7		
"2848.7145"	"2848.71461"	"2.70e+06"	B	"7985.785"	"43079.023"	"3d7.(4F).4s"	"a 5F"	"2"	"3d6.(3P2).4s.4p.(3P*)"	"x 5P*"	"1"	5	3		
"2851.5098"	"2851.50903"	""		"21038.987"	"56097.836"	"3d6.4s2"	"b 3F2"	"2"	"3d6.(3G).4s.4p.(3P*)"	"1F*"	"3"	5	7		
"2851.7967"	"2851.79684"	"3.37e+07"	B+	"8154.714"	"43210.025"	"3d7.(4F).4s"	"a 5F"	"1"	"3d6.(3H).4s.4p.(3P*)"	"y 5G*"	"2"	3	5		
"2852.0146"	"2852.0137"	""		"22946.816"	"57999.461"	"3d7.(4P).4s"	"b 3P"	"1"	"3d6.4s.(4D).5p"	"3P*"	"2"	3	5		
"2852.169"	"2852.17511"	""		"19552.478"	"54603.140"	"3d6.4s2"	"a 3P2"	"1"	"3d7.(4F).5p"	"5D*"	"1"	3	3		
"2852.973"	"2852.96574"	""		"11976.239"	"47017.188"	"3d7.(4F).4s"	"a 3F"	"4"	"3d7.(4P).4p"	"w 3D*"	"3"	9	7		
"2853.340"	"2853.3409"	""		"24180.862"	"59217.204"	"3d6.(5D).4s.4p.(3P*)"	"z 7P*"	"3"	"3d6.4s.(6D<9/2>).6d"	"2[5/2]"	"3"	7	7		
"2853.6838"	"2853.68382"	"3.29e+05"	C+	"11976.239"	"47008.371"	"3d7.(4F).4s"	"a 3F"	"4"	"3d6.(3H).4s.4p.(3P*)"	"z 3H*"	"5"	9	11		
"2853.7715"	"2853.7716"	"5.91e+06"	C+	"20874.482"	"55905.536"	"3d6.4s2"	"b 3F2"	"3"	"3d6.(1G2).4s.4p.(3P*)"	"s 3G*"	"4"	7	9		
"2854.183"	"2854.1904"	""		"27166.820"	"62192.735"	"3d6.(5D).4s.4p.(3P*)"	"z 5F*"	"4"	""	"62192e"	"5"	9	11		
"2857.694"	"2857.6944"	""		"27394.691"	"62377.66"	"3d6.(5D).4s.4p.(3P*)"	"z 5F*"	"3"	""	"62377e"	"4"	7	9		
"2857.9928"	"2857.99180"	""		"18378.186"	"53357.515"	"3d6.4s2"	"a 3P2"	"2"	"3d6.(3G).4s.4p.(3P*)"	"3F*"	"3"	5	7		
"2858.0892"	"2858.08610"	""		"19552.478"	"54530.653"	"3d6.4s2"	"a 3P2"	"1"	"3d7.(4F).5p"	"5D*"	"2"	3	5		
"2858.677"	"2858.6835"	""		"23711.456"	"58682.322"	"3d6.(5D).4s.4p.(3P*)"	"z 7P*"	"4"	"3d6.4s.(4D).4d"	"3D"	"3"	9	7		
"2858.8962"	"2858.89571"	"2.12e+05"	B	"888.132"	"35856.402"	"3d6.4s2"	"a 5D"	"1"	"3d7.(4F).4p"	"z 5G*"	"2"	3	5		
"2860.200"	"2860.19908"	""		"19912.495"	"54864.831"	"3d6.(5D).4s.4p.(3P*)"	"z 7D*"	"2"	"3d6.4s.(6D).6s"	"5D"	"3"	5	7		
"2862.273"	"2862.27585"	""		"24338.767"	"59265.744"	"3d6.4s2"	"b 3G"	"3"	"3d7.(4F<7/2>).4f"	"2[7/2]*"	"4"	7	9		
"2862.4945"	"2862.49452"	"1.17e+06"	B	"8154.714"	"43079.023"	"3d7.(4F).4s"	"a 5F"	"1"	"3d6.(3P2).4s.4p.(3P*)"	"x 5P*"	"1"	3	3		
"2862.743"	"2862.74167"	""		"23783.619"	"58704.913"	"3d6.4s2"	"b 3G"	"5"	"3d7.(4F<9/2>).4f"	"2[9/2]*"	"4"	11	9		
"2863.057"	"2863.05577"	""		"19562.439"	"54479.902"	"3d6.(5D).4s.4p.(3P*)"	"z 7D*"	"4"	"3d6.4s.(6D).6s"	"5D"	"4"	9	9		
"2863.100"	"2863.10022"	""		"23783.619"	"58700.540"	"3d6.4s2"	"b 3G"	"5"	"3d7.(4F<9/2>).4f"	"2[11/2]*"	"6"	11	13		
"2863.4298"	"2863.42974"	"4.13e+06"	B	"11976.239"	"46889.142"	"3d7.(4F).4s"	"a 3F"	"4"	"3d6.(3F2).4s.4p.(3P*)"	"x 3F*"	"4"	9	9		
"2863.8629"	"2863.86328"	"5.69e+05"	C+	"704.007"	"35611.625"	"3d6.4s2"	"a 5D"	"2"	"3d7.(4F).4p"	"z 5G*"	"3"	5	7		
"2866.153"	"2866.1515"	""		"20874.482"	"55754.233"	"3d6.4s2"	"b 3F2"	"3"	"3d7.(2D2).4p"	"w 1D*"	"2"	7	5		
"2866.153"	"2866.15154"	""		"23711.456"	"58591.206"	"3d6.(5D).4s.4p.(3P*)"	"z 7P*"	"4"	"3d7.(4F).5d"	"5F"	"5"	9	11		
"2866.380"	"2866.37993"	""		"21715.732"	"56592.703"	"3d7.(2G).4s"	"a 3G"	"5"	"3d6.(1G2).4s.4p.(3P*)"	"u 3F*"	"4"	11	9		
"2866.6247"	"2866.62471"	"1.99e+06"	B	"7985.785"	"42859.778"	"3d7.(4F).4s"	"a 5F"	"2"	"3d6.(3P2).4s.4p.(3P*)"	"x 5P*"	"2"	5	5		
"2867.3092"	"2867.30930"	"1.25e+06"	B+	"12968.554"	"47834.221"	"3d7.(4F).4s"	"a 3F"	"2"	"3d6.(3F2).4s.4p.(3P*)"	"x 3G*"	"3"	5	7		
"2867.5615"	"2867.56164"	"2.37e+06"	C	"12968.554"	"47831.153"	"3d7.(4F).4s"	"a 3F"	"2"	"3d6.(3G).4s.4p.(3P*)"	"w 5G*"	"2"	5	5		
"2867.8778"	"2867.87803"	""		"12560.934"	"47419.687"	"3d7.(4F).4s"	"a 3F"	"3"	"3d6.(3P2).4s.4p.(3P*)"	"1D*"	"2"	7	5		
"2868.2145"	"2868.21335"	""		"19757.032"	"54611.710"	"3d6.(5D).4s.4p.(3P*)"	"z 7D*"	"3"	"3d6.(5D).4s (6D).6s"	"g 7D"	"2"	7	5		
"2868.4539"	"2868.45391"	"1.45e+07"	B	"18378.186"	"53229.941"	"3d6.4s2"	"a 3P2"	"2"	"3d7.(2D2).4p"	"v 3P*"	"1"	5	3		
"2869.2281"	"2869.22905"	""		"19562.439"	"54404.779"	"3d6.(5D).4s.4p.(3P*)"	"z 7D*"	"4"	"3d6.(5D).4s (6D).6s"	"g 7D"	"3"	9	7		
"2869.3076"	"2869.30721"	"9.25e+05"	B	"415.933"	"35257.324"	"3d6.4s2"	"a 5D"	"3"	"3d7.(4F).4p"	"z 5G*"	"4"	7	9		
"2869.8251"	"2869.82517"	""		"19912.495"	"54747.598"	"3d6.(5D).4s.4p.(3P*)"	"z 7D*"	"2"	"3d6.(5D).4s (6D).6s"	"g 7D"	"1"	5	3		
"2871.724"	"2871.72165"	""		"19788.251"	"54600.350"	"3d6.4s2"	"a 3H"	"4"	"3d6.(3G).4s.4p.(3P*)"	"t 3G*"	"3"	9	7		
"2872.3337"	"2872.33374"	"1.98e+06"	C+	"7728.060"	"42532.741"	"3d7.(4F).4s"	"a 5F"	"3"	"3d6.(3P2).4s.4p.(3P*)"	"x 5P*"	"3"	7	7		
"2872.4984"	"2872.49906"	""		"22838.323"	"57641.001"	"3d7.(4P).4s"	"b 3P"	"2"	"3d6.(3D).4s.4p.(3P*)"	"t 3F*"	"3"	5	7		
"2872.802"	"2872.80589"	""		"24180.862"	"58979.823"	"3d6.(5D).4s.4p.(3P*)"	"z 7P*"	"3"	"3d6.4s.(4D).4d"	"3D"	"2"	7	5		
"2873.5198"	"2873.52102"	""		"19552.478"	"54342.779"	"3d6.4s2"	"a 3P2"	"1"	"3d7.(4F).5p"	"3D*"	"2"	3	5		
"2873.6542"	"2873.65253"	""		"20641.110"	"55429.819"	"3d6.4s2"	"b 3F2"	"4"	"3d6.(1G2).4s.4p.(3P*)"	"s 3G*"	"5"	9	11		
"2874.1720"	"2874.17205"	"9.30e+05"	B	"0.000"	"34782.421"	"3d6.4s2"	"a 5D"	"4"	"3d7.(4F).4p"	"z 5G*"	"5"	9	11		
"2874.8778"	"2874.88026"	""		"19350.891"	"54124.744"	"3d6.(5D).4s.4p.(3P*)"	"z 7D*"	"5"	"3d6.(5D).4s (6D).6s"	"g 7D"	"4"	11	9		
"2875.249"	"2875.24566"	""		"20037.816"	"54807.250"	"3d6.4s2"	"a 3P2"	"0"	"3d7.(4F).5p"	"3D*"	"1"	1	3		
"2875.301"	"2875.2938"	""		"23711.456"	"58480.308"	"3d6.(5D).4s.4p.(3P*)"	"z 7P*"	"4"	"3d6.4s.(6D).7s"	"7D"	"3"	9	7		
"2875.3020"	"2875.30190"	"1.52e+06"	B	"11976.239"	"46744.993"	"3d7.(4F).4s"	"a 3F"	"4"	"3d7.(4P).4p"	"u 5D*"	"3"	9	7		
"2875.478"	"2875.48592"	""		"24338.767"	"59105.296"	"3d6.4s2"	"b 3G"	"3"	"3d6.4s.(4D).5p"	"5P*"	"2"	7	5		
"2876.400"	"2876.39530"	""		"17927.382"	"52682.920"	"3d7.(4P).4s"	"a 5P"	"1"	"3d7.(2D2).4p"	"t 3D*"	"2"	3	5		
"2876.7125"	"2876.71224"	""		"21038.987"	"55790.696"	"3d6.4s2"	"b 3F2"	"2"	"3d6.(1G2).4s.4p.(3P*)"	"s 3G*"	"3"	5	7		
"2877.3005"	"2877.30061"	"4.61e+06"	B	"11976.239"	"46720.842"	"3d7.(4F).4s"	"a 3F"	"4"	"3d7.(4P).4p"	"u 5D*"	"4"	9	9		
"2878.629"	"2878.6257"	""		"24772.018"	"59500.628"	"3d7.(2P).4s"	"c 3P"	"1"	"3d6.(3P2).4s.4p.(1P*)"	"3S*"	"1"	3	3		
"2878.684"	"2878.67935"	""		"20019.635"	"54747.598"	"3d6.(5D).4s.4p.(3P*)"	"z 7D*"	"1"	"3d6.(5D).4s (6D).6s"	"g 7D"	"1"	3	3		
"2878.7604"	"2878.76067"	""		"22838.323"	"57565.305"	"3d7.(4P).4s"	"b 3P"	"2"	"3d6.(3P2).4s.4p.(1P*)"	"3D*"	"3"	5	7		
"2878.9496"	"2878.95110"	"3.61e+05"	C+	"12968.554"	"47693.239"	"3d7.(4F).4s"	"a 3F"	"2"	"3d6.(3G).4s.4p.(3P*)"	"w 5G*"	"3"	5	7		
"2879.102"	"2879.10160"	""		"19757.032"	"54479.902"	"3d6.(5D).4s.4p.(3P*)"	"z 7D*"	"3"	"3d6.4s.(6D).6s"	"5D"	"4"	7	9		
"2879.458"	"2879.45704"	""		"19552.478"	"54271.062"	"3d6.4s2"	"a 3P2"	"1"	"3d6.(3D).4s.4p.(3P*)"	"t 5P*"	"1"	3	3		
"2879.735"	"2879.7339"	""		"21038.987"	"55754.233"	"3d6.4s2"	"b 3F2"	"2"	"3d7.(2D2).4p"	"w 1D*"	"2"	5	5		
"2880.375"	"2880.37242"	""		"21715.732"	"56423.283"	"3d7.(2G).4s"	"a 3G"	"5"	"3d6.(1I).4s.4p.(3P*)"	"u 3H*"	"4"	11	9		
"2880.5791"	"2880.57884"	""		"8154.714"	"42859.778"	"3d7.(4F).4s"	"a 5F"	"1"	"3d6.(3P2).4s.4p.(3P*)"	"x 5P*"	"2"	3	5		
"2881.073"	"2881.06442"	""		"19912.495"	"54611.710"	"3d6.(5D).4s.4p.(3P*)"	"z 7D*"	"2"	"3d6.(5D).4s (6D).6s"	"g 7D"	"2"	5	5		
"2881.741"	"2881.73931"	""		"24574.655"	"59265.744"	"3d7.(2G).4s"	"a 1G"	"4"	"3d7.(4F<7/2>).4f"	"2[7/2]*"	"4"	9	9		
"2881.805"	"2881.79904"	""		"24574.655"	"59265.025"	"3d7.(2G).4s"	"a 1G"	"4"	"3d7.(4F<7/2>).4f"	"2[11/2]*"	"5"	9	11		
"2881.805"	"2881.81075"	""		"24574.655"	"59264.884"	"3d7.(2G).4s"	"a 1G"	"4"	"3d7.(4F<7/2>).4f"	"2[9/2]*"	"5"	9	11		
"2882.026"	"2882.02552"	""		"24574.655"	"59262.299"	"3d7.(2G).4s"	"a 1G"	"4"	"3d7.(4F<7/2>).4f"	"2[9/2]*"	"4"	9	9		
"2882.632"	"2882.63303"	""		"19621.006"	"54301.340"	"3d6.4s2"	"a 3H"	"5"	"3d6.(3D).4s.4p.(3P*)"	"5D*"	"4"	11	9		
"2883.7470"	"2883.74765"	"2.91e+06"	C+	"21715.732"	"56382.662"	"3d7.(2G).4s"	"a 3G"	"5"	"3d6.(1I).4s.4p.(3P*)"	"u 3H*"	"5"	11	11		
"2885.3464"	"2885.34434"	""		"19757.032"	"54404.779"	"3d6.(5D).4s.4p.(3P*)"	"z 7D*"	"3"	"3d6.(5D).4s (6D).6s"	"g 7D"	"3"	7	7		
"2885.3464"	"2885.3445"	""		"24506.917"	"59154.662"	"3d6.(5D).4s.4p.(3P*)"	"z 7P*"	"2"	"3d6.4s.(4D).4d"	"3S"	"1"	5	3		
"2886.3158"	"2886.31663"	"1.29e+06"	B	"12560.934"	"47197.010"	"3d7.(4F).4s"	"a 3F"	"3"	"3d6.(3F2).4s.4p.(3P*)"	"x 3F*"	"2"	7	5		
"2887.143"	"2887.13740"	""		"24335.766"	"58961.996"	"3d7.(2P).4s"	"c 3P"	"2"	"3d6.4s.(4D).5p"	"3F*"	"2"	5	5		
"2887.360"	"2887.35805"	""		"19390.168"	"54013.752"	"3d6.4s2"	"a 3H"	"6"	"3d6.(3D).4s.4p.(3P*)"	"5F*"	"5"	13	11		
"2887.538"	"2887.53669"	""		"23192.500"	"57813.942"	"3d6.(5D).4s.4p.(3P*)"	"z 7F*"	"2"	"3d6.(5D).4s (4D).4d"	"i 5D"	"3"	5	7		
"2887.8049"	"2887.8048"	"7.98e+06"	B+	"21715.732"	"56333.960"	"3d7.(2G).4s"	"a 3G"	"5"	"3d6.(1I).4s.4p.(3P*)"	"u 3H*"	"6"	11	13		
"2887.958"	"2887.95654"	"1.41e+06"	D+	"19621.006"	"54237.415"	"3d6.4s2"	"a 3H"	"5"	"3d6.(3G).4s.4p.(3P*)"	"t 3G*"	"4"	11	9		
"2888.497"	"2888.4974"	""		"23711.456"	"58321.383"	"3d6.(5D).4s.4p.(3P*)"	"z 7P*"	"4"	"3d6.4s.(6D).7s"	"5D"	"4"	9	9		
"2889.864"	"2889.86304"	""		"21999.130"	"56592.703"	"3d7.(2G).4s"	"a 3G"	"4"	"3d6.(1G2).4s.4p.(3P*)"	"u 3F*"	"4"	9	9		
"2889.8998"	"2889.9005"	"5.67e+05"	D+	"19390.168"	"53983.293"	"3d6.4s2"	"a 3H"	"6"	"3d6.(3G).4s.4p.(3P*)"	"t 3G*"	"5"	13	11		
"2889.9877"	"2889.98819"	""		"20019.635"	"54611.710"	"3d6.(5D).4s.4p.(3P*)"	"z 7D*"	"1"	"3d6.(5D).4s (6D).6s"	"g 7D"	"2"	3	5		
"2890.320"	"2890.3136"	""		"24772.018"	"59360.198"	"3d7.(2P).4s"	"c 3P"	"1"	"3d6.4s.(4D).5p"	"5P*"	"1"	3	3		
"2890.411"	"2890.40758"	""		"12968.554"	"47555.610"	"3d7.(4F).4s"	"a 3F"	"2"	"3d7.(4P).4p"	"y 3S*"	"1"	5	3		
"2890.823"	"2890.82893"	""		"24118.819"	"58700.834"	"3d6.4s2"	"b 3G"	"4"	"3d7.(4F<9/2>).4f"	"2[11/2]*"	"5"	9	11		
"2890.859"	"2890.8552"	""		"26224.969"	"60806.670"	"3d7.(2D2).4s"	"a 3D"	"3"	"3d6.(3F2).4s.4p.(1P*)"	"3D*"	"3"	7	7		
"2890.859"	"2890.86413"	""		"24180.862"	"58762.456"	"3d6.(5D).4s.4p.(3P*)"	"z 7P*"	"3"	"3d6.4s.(6D).7s"	"5D"	"3"	7	7		
"2891.404"	"2891.40294"	""		"12560.934"	"47136.084"	"3d7.(4F).4s"	"a 3F"	"3"	"3d7.(4P).4p"	"w 3D*"	"2"	7	5		
"2891.692"	"2891.68405"	""		"24772.018"	"59343.807"	"3d7.(2P).4s"	"c 3P"	"1"	"3d6.4s.(4D).5p"	"3P*"	"1"	3	3		
"2891.7082"	"2891.7061"	""		"20874.482"	"55446.008"	"3d6.4s2"	"b 3F2"	"3"	"3d6.(1G2).4s.4p.(3P*)"	"v 3H*"	"4"	7	9		
"2891.844"	"2891.83939"	""		"17726.988"	"52296.920"	"3d7.(4P).4s"	"a 5P"	"2"	"3d7.(2P).4p"	"u 3D*"	"2"	5	5		
"2891.9060"	"2891.90448"	""		"19788.251"	"54357.405"	"3d6.4s2"	"a 3H"	"4"	"3d7.(4F).5p"	"3G*"	"3"	9	7		
"2892.229"	"2892.22493"	""		"20037.816"	"54603.140"	"3d6.4s2"	"a 3P2"	"0"	"3d7.(4F).5p"	"5D*"	"1"	1	3		
"2892.4774"	"2892.47758"	"8.78e+06"	C+	"19562.439"	"54124.744"	"3d6.(5D).4s.4p.(3P*)"	"z 7D*"	"4"	"3d6.(5D).4s (6D).6s"	"g 7D"	"4"	9	9		
"2893.431"	"2893.4245"	""		"23783.619"	"58334.613"	"3d6.4s2"	"b 3G"	"5"	"3d6.(3H).4s.4p.(1P*)"	"3G*"	"4"	11	9		
"2893.7625"	"2893.76274"	"1.76e+05"	C+	"7985.785"	"42532.741"	"3d7.(4F).4s"	"a 5F"	"2"	"3d6.(3P2).4s.4p.(3P*)"	"x 5P*"	"3"	5	7		
"2893.833"	"2893.83688"	""		"23244.838"	"57790.909"	"3d6.(5D).4s.4p.(3P*)"	"z 7F*"	"1"	"3d7.(4F).6s"	"3F"	"2"	3	5		
"2893.8804"	"2893.88053"	"6.88e+05"	C+	"12560.934"	"47106.484"	"3d7.(4F).4s"	"a 3F"	"3"	"3d6.(3H).4s.4p.(3P*)"	"z 3H*"	"4"	7	9		
"2894.5040"	"2894.50402"	"4.83e+07"	B	"18378.186"	"52916.295"	"3d6.4s2"	"a 3P2"	"2"	"3d7.(2D2).4p"	"v 3P*"	"2"	5	5		
"2894.863"	"2894.85741"	""		"22249.429"	"56783.322"	"3d7.(2G).4s"	"a 3G"	"3"	"3d6.(1G2).4s.4p.(3P*)"	"u 3F*"	"3"	7	7		
"2894.957"	"2894.9635"	""		"26224.969"	"60757.596"	"3d7.(2D2).4s"	"a 3D"	"3"	"3d6.(3H).4s.4p.(1P*)"	"t 3H*"	"4"	7	9		
"2895.0346"	"2895.03472"	"4.24e+06"	B	"12560.934"	"47092.712"	"3d7.(4F).4s"	"a 3F"	"3"	"3d6.(3F2).4s.4p.(3P*)"	"x 3F*"	"3"	7	7		
"2896.444"	"2896.4443"	""		"24574.655"	"59089.628"	"3d7.(2G).4s"	"a 1G"	"4"	"3d6.4s.(4D).5p"	"3F*"	"3"	9	7		
"2896.771"	"2896.7634"	""		"24574.655"	"59085.827"	"3d7.(2G).4s"	"a 1G"	"4"	"3d6.(3H).4s.4p.(1P*)"	"3I*"	"5"	9	11		
"2897.457"	"2897.4544"	""		"24180.862"	"58683.804"	"3d6.(5D).4s.4p.(3P*)"	"z 7P*"	"3"	"3d6.4s.(6D).7s"	"7D"	"2"	7	5		
"2897.643"	"2897.63570"	""		"19788.251"	"54289.034"	"3d6.4s2"	"a 3H"	"4"	"3d7.(4F).5p"	"3F*"	"3"	9	7		
"2898.3504"	"2898.34972"	""		"19912.495"	"54404.779"	"3d6.(5D).4s.4p.(3P*)"	"z 7D*"	"2"	"3d6.(5D).4s (6D).6s"	"g 7D"	"3"	5	7		
"2898.541"	"2898.53754"	""		"19552.478"	"54042.527"	"3d6.4s2"	"a 3P2"	"1"	"3d7.(4F).5p"	"5F*"	"2"	3	5		
"2898.863"	"2898.85753"	""		"17726.988"	"52213.230"	"3d7.(4P).4s"	"a 5P"	"2"	"3d7.(2D2).4p"	"t 3D*"	"3"	5	7		
"2899.2549"	"2899.2541"	""		"24118.819"	"58600.344"	"3d6.4s2"	"b 3G"	"4"	"3d6.(3H).4s.4p.(1P*)"	"3G*"	"3"	9	7		
"2899.4144"	"2899.41447"	"4.68e+07"	C+	"18378.186"	"52857.804"	"3d6.4s2"	"a 3P2"	"2"	"3d7.(2D2).4p"	"t 3D*"	"1"	5	3		
"2899.681"	"2899.68452"	""		"22650.416"	"57126.823"	"3d6.(5D).4s.4p.(3P*)"	"z 7F*"	"6"	"3d6.4s.(6D).5d"	"7G"	"5"	13	11		
"2900.938"	"2900.94302"	""		"22845.869"	"57307.320"	"3d6.(5D).4s.4p.(3P*)"	"z 7F*"	"5"	"3d6.4s.(6D).5d"	"7F"	"4"	11	9		
"2901.3805"	"2901.38059"	"2.46e+06"	B	"12560.934"	"47017.188"	"3d7.(4F).4s"	"a 3F"	"3"	"3d7.(4P).4p"	"w 3D*"	"3"	7	7		
"2901.585"	"2901.58455"	""		"17726.988"	"52180.820"	"3d7.(4P).4s"	"a 5P"	"2"	"3d7.(2P).4p"	"1P*"	"1"	5	3		
"2901.805"	"2901.81188"	""		"12968.554"	"47419.687"	"3d7.(4F).4s"	"a 3F"	"2"	"3d6.(3P2).4s.4p.(3P*)"	"1D*"	"2"	5	5		
"2901.9102"	"2901.91002"	"1.78e+07"	B+	"19350.891"	"53800.859"	"3d6.(5D).4s.4p.(3P*)"	"z 7D*"	"5"	"3d6.(5D).4s (6D).6s"	"g 7D"	"5"	11	11		
"2901.975"	"2901.97775"	""		"19788.251"	"54237.415"	"3d6.4s2"	"a 3H"	"4"	"3d6.(3G).4s.4p.(3P*)"	"t 3G*"	"4"	9	9		
"2902.615"	"2902.61569"	""		"22996.674"	"57438.267"	"3d6.(5D).4s.4p.(3P*)"	"z 7F*"	"4"	"3d6.4s.(6D).5d"	"7S"	"3"	9	7		
"2904.0844"	"2904.08629"	"1.78e+06"	D+	"21999.130"	"56423.283"	"3d7.(2G).4s"	"a 3G"	"4"	"3d6.(1I).4s.4p.(3P*)"	"u 3H*"	"4"	9	9		
"2904.1600"	"2904.1611"	""		"19552.478"	"53975.744"	"3d6.4s2"	"a 3P2"	"1"	"3d6.(3D).4s.4p.(3P*)"	"5D*"	"1"	3	3		
"2904.531"	"2904.52784"	""		"17550.181"	"51969.101"	"3d7.(4P).4s"	"a 5P"	"3"	"3d7.(2P).4p"	"u 3D*"	"3"	7	7		
"2905.181"	"2905.17848"	""		"24180.862"	"58592.074"	"3d6.(5D).4s.4p.(3P*)"	"z 7P*"	"3"	"3d7.(4F).5d"	"5F"	"4"	7	9		
"2905.363"	"2905.3628"	""		"25091.599"	"59500.628"	"3d7.(2P).4s"	"c 3P"	"0"	"3d6.(3P2).4s.4p.(1P*)"	"3S*"	"1"	1	3		
"2905.504"	"2905.4988"	""		"23711.456"	"58118.875"	"3d6.(5D).4s.4p.(3P*)"	"z 7P*"	"4"	"3d6.4s.(4D).4d"	"5F"	"4"	9	9		
"2905.571"	"2905.5716"	""		"26351.040"	"60757.596"	"3d7.(2H).4s"	"b 3H"	"5"	"3d6.(3H).4s.4p.(1P*)"	"t 3H*"	"4"	11	9		
"2906.4143"	"2906.41479"	""		"19621.006"	"54017.581"	"3d6.4s2"	"a 3H"	"5"	"3d7.(4F).5p"	"3G*"	"4"	11	9		
"2906.583"	"2906.58144"	""		"17550.181"	"51944.784"	"3d7.(4P).4s"	"a 5P"	"3"	"3d6.(5D).4s (6D).5p"	"u 5P*"	"2"	7	5		
"2906.740"	"2906.73838"	""		"19621.006"	"54013.752"	"3d6.4s2"	"a 3H"	"5"	"3d6.(3D).4s.4p.(3P*)"	"5F*"	"5"	11	11		
"2907.5172"	"2907.51736"	"1.61e+07"	B	"21999.130"	"56382.662"	"3d7.(2G).4s"	"a 3G"	"4"	"3d6.(1I).4s.4p.(3P*)"	"u 3H*"	"5"	9	11		
"2907.792"	"2907.79298"	""		"24338.767"	"58719.040"	"3d6.4s2"	"b 3G"	"3"	"3d7.(4F<9/2>).4f"	"2[5/2]*"	"3"	7	7		
"2908.8558"	"2908.85580"	"8.98e+06"	C+	"19757.032"	"54124.744"	"3d6.(5D).4s.4p.(3P*)"	"z 7D*"	"3"	"3d6.(5D).4s (6D).6s"	"g 7D"	"4"	7	9		
"2909.113"	"2909.11144"	""		"22996.674"	"57361.366"	"3d6.(5D).4s.4p.(3P*)"	"z 7F*"	"4"	"3d6.4s.(6D).5d"	"7G"	"3"	9	7		
"2909.3145"	"2909.3151"	""		"19621.006"	"53983.293"	"3d6.4s2"	"a 3H"	"5"	"3d6.(3G).4s.4p.(3P*)"	"t 3G*"	"5"	11	11		
"2910.663"	"2910.66049"	""		"19788.251"	"54134.655"	"3d6.4s2"	"a 3H"	"4"	"3d7.(4F).5p"	"5G*"	"3"	9	7		
"2910.928"	"2910.92577"	"2.39e+06"	D+	"22249.429"	"56592.703"	"3d7.(2G).4s"	"a 3G"	"3"	"3d6.(1G2).4s.4p.(3P*)"	"u 3F*"	"4"	7	9		
"2911.230"	"2911.22663"	""		"23110.939"	"57450.664"	"3d6.(5D).4s.4p.(3P*)"	"z 7F*"	"3"	"3d6.4s.(6D).5d"	"7G"	"2"	7	5		
"2911.915"	"2911.9220"	""		"24180.862"	"58512.387"	"3d6.(5D).4s.4p.(3P*)"	"z 7P*"	"3"	"3d6.4s.(4D).4d"	"5F"	"2"	7	5		
"2912.1571"	"2912.15723"	"2.61e+06"	D	"0.000"	"34328.752"	"3d6.4s2"	"a 5D"	"4"	"3d7.(4F).4p"	"y 5F*"	"3"	9	7		
"2912.2565"	"2912.25641"	"1.36e+06"	C+	"12560.934"	"46888.517"	"3d7.(4F).4s"	"a 3F"	"3"	"3d7.(4P).4p"	"u 5D*"	"2"	7	5		
"2912.273"	"2912.27804"	""		"23110.939"	"57438.267"	"3d6.(5D).4s.4p.(3P*)"	"z 7F*"	"3"	"3d6.4s.(6D).5d"	"7S"	"3"	7	7		
"2913.058"	"2913.0556"	""		"23192.500"	"57510.666"	"3d6.(5D).4s.4p.(3P*)"	"z 7F*"	"2"	"3d7.(4F).6s"	"5F"	"3"	5	7		
"2913.690"	"2913.69407"	""		"22996.674"	"57307.320"	"3d6.(5D).4s.4p.(3P*)"	"z 7F*"	"4"	"3d6.4s.(6D).5d"	"7F"	"4"	9	9		
"2914.1964"	"2914.19623"	""		"18378.186"	"52682.920"	"3d6.4s2"	"a 3P2"	"2"	"3d7.(2D2).4p"	"t 3D*"	"2"	5	5		
"2914.3032"	"2914.30336"	"3.30e+06"	C+	"12968.554"	"47272.027"	"3d7.(4F).4s"	"a 3F"	"2"	"3d7.(4P).4p"	"w 3D*"	"1"	5	3		
"2914.513"	"2914.5141"	""		"24180.862"	"58481.855"	"3d6.(5D).4s.4p.(3P*)"	"z 7P*"	"3"	"3d6.4s.(4D).4d"	"5P"	"3"	7	7		
"2914.649"	"2914.6455"	""		"24180.862"	"58480.308"	"3d6.(5D).4s.4p.(3P*)"	"z 7P*"	"3"	"3d6.4s.(6D).7s"	"7D"	"3"	7	7		
"2915.271"	"2915.26186"	""		"23110.939"	"57403.134"	"3d6.(5D).4s.4p.(3P*)"	"z 7F*"	"3"	"3d6.4s.(6D).5d"	"5P"	"2"	7	5		
"2915.980"	"2915.98647"	""		"23244.838"	"57528.512"	"3d6.(5D).4s.4p.(3P*)"	"z 7F*"	"1"	"3d7.(4F).6s"	"5F"	"2"	3	5		
"2916.214"	"2916.21784"	""		"22845.869"	"57126.823"	"3d6.(5D).4s.4p.(3P*)"	"z 7F*"	"5"	"3d6.4s.(6D).5d"	"7G"	"5"	11	11		
"2917.872"	"2917.8672"	""		"24338.767"	"58600.344"	"3d6.4s2"	"b 3G"	"3"	"3d6.(3H).4s.4p.(1P*)"	"3G*"	"3"	7	7		
"2918.0246"	"2918.0246"	"1.18e+08"	C+	"26105.908"	"60365.637"	"3d7.(2H).4s"	"b 3H"	"6"	"3d6.(3H).4s.4p.(1P*)"	"t 3H*"	"6"	13	13		
"2918.1588"	"2918.15793"	""		"23192.500"	"57450.664"	"3d6.(5D).4s.4p.(3P*)"	"z 7F*"	"2"	"3d6.4s.(6D).5d"	"7G"	"2"	5	5		
"2918.3526"	"2918.35267"	""		"19552.478"	"53808.356"	"3d6.4s2"	"a 3P2"	"1"	"3d7.(2P).4p"	"x 3S*"	"1"	3	3		
"2918.672"	"2918.66538"	""		"25091.599"	"59343.807"	"3d7.(2P).4s"	"c 3P"	"0"	"3d6.4s.(4D).5p"	"3P*"	"1"	1	3		
"2918.8167"	"2918.81715"	""		"23110.939"	"57361.366"	"3d6.(5D).4s.4p.(3P*)"	"z 7F*"	"3"	"3d6.4s.(6D).5d"	"7G"	"3"	7	7		
"2919.2131"	"2919.21435"	""		"23192.500"	"57438.267"	"3d6.(5D).4s.4p.(3P*)"	"z 7F*"	"2"	"3d6.4s.(6D).5d"	"7S"	"3"	5	7		
"2919.608"	"2919.6042"	""		"26224.969"	"60466.164"	"3d7.(2D2).4s"	"a 3D"	"3"	"3d6.(3F2).4s.4p.(1P*)"	"r 3G*"	"4"	7	9		
"2919.8403"	"2919.84079"	"7.44e+06"	B	"19562.439"	"53800.859"	"3d6.(5D).4s.4p.(3P*)"	"z 7D*"	"4"	"3d6.(5D).4s (6D).6s"	"g 7D"	"5"	9	11		
"2920.283"	"2920.28212"	""		"20037.816"	"54271.062"	"3d6.4s2"	"a 3P2"	"0"	"3d6.(3D).4s.4p.(3P*)"	"t 5P*"	"1"	1	3		
"2920.623"	"2920.61623"	""		"19788.251"	"54017.581"	"3d6.4s2"	"a 3H"	"4"	"3d7.(4F).5p"	"3G*"	"4"	9	9		
"2920.6904"	"2920.69081"	"6.38e+06"	B	"12968.554"	"47197.010"	"3d7.(4F).4s"	"a 3F"	"2"	"3d6.(3F2).4s.4p.(3P*)"	"x 3F*"	"2"	5	5		
"2921.031"	"2921.02842"	""		"22650.416"	"56874.916"	"3d6.(5D).4s.4p.(3P*)"	"z 7F*"	"6"	"3d6.4s.(6D).5d"	"7G"	"6"	13	13		
"2921.602"	"2921.60074"	""		"17726.988"	"51944.784"	"3d7.(4P).4s"	"a 5P"	"2"	"3d6.(5D).4s (6D).5p"	"u 5P*"	"2"	5	5		
"2921.715"	"2921.71422"	""		"19788.251"	"54004.718"	"3d6.4s2"	"a 3H"	"4"	"3d6.(3D).4s.4p.(3P*)"	"t 5P*"	"3"	9	7		
"2921.771"	"2921.7717"	""		"24118.819"	"58334.613"	"3d6.4s2"	"b 3G"	"4"	"3d6.(3H).4s.4p.(1P*)"	"3G*"	"4"	9	9		
"2922.2126"	"2922.21241"	""		"23192.500"	"57403.134"	"3d6.(5D).4s.4p.(3P*)"	"z 7F*"	"2"	"3d6.4s.(6D).5d"	"5P"	"2"	5	5		
"2922.3789"	"2922.37933"	""		"12968.554"	"47177.234"	"3d7.(4F).4s"	"a 3F"	"2"	"3d7.(4P).4p"	"u 5D*"	"1"	5	3		
"2922.6232"	"2922.62317"	""		"23244.838"	"57450.664"	"3d6.(5D).4s.4p.(3P*)"	"z 7F*"	"1"	"3d6.4s.(6D).5d"	"7G"	"2"	3	5		
"2923.2854"	"2923.2855"	"1.39e+08"	C+	"26351.040"	"60549.116"	"3d7.(2H).4s"	"b 3H"	"5"	"3d6.(3H).4s.4p.(1P*)"	"t 3H*"	"5"	11	11		
"2923.389"	"2923.38376"	""		"19552.478"	"53749.405"	"3d6.4s2"	"a 3P2"	"1"	"3d6.(3G).4s.4p.(3P*)"	"3F*"	"2"	3	5		
"2923.430"	"2923.43377"	""		"19390.168"	"53586.510"	"3d6.4s2"	"a 3H"	"6"	"3d7.(4F).5p"	"5G*"	"5"	13	11		
"2923.4305"	"2923.43043"	""		"23110.939"	"57307.320"	"3d6.(5D).4s.4p.(3P*)"	"z 7F*"	"3"	"3d6.4s.(6D).5d"	"7F"	"4"	7	9		
"2923.8524"	"2923.85240"	"2.97e+07"	B	"21715.732"	"55907.178"	"3d7.(2G).4s"	"a 3G"	"5"	"3d7.(2H).4p"	"1H*"	"5"	11	11		
"2923.9914"	"2923.9928"	""		"21715.732"	"55905.536"	"3d7.(2G).4s"	"a 3G"	"5"	"3d6.(1G2).4s.4p.(3P*)"	"s 3G*"	"4"	11	9		
"2924.355"	"2924.3529"	""		"23711.456"	"57897.051"	"3d6.(5D).4s.4p.(3P*)"	"z 7P*"	"4"	"3d6.(5D).4s (6D).7s"	"7D"	"5"	9	11		
"2924.489"	"2924.48426"	""		"12560.934"	"46744.993"	"3d7.(4F).4s"	"a 3F"	"3"	"3d7.(4P).4p"	"u 5D*"	"3"	7	7		
"2924.811"	"2924.80599"	""		"23110.939"	"57291.238"	"3d6.(5D).4s.4p.(3P*)"	"z 7F*"	"3"	"3d6.4s.(6D).5d"	"7P"	"2"	7	5		
"2925.096"	"2925.0980"	""		"24506.917"	"58683.804"	"3d6.(5D).4s.4p.(3P*)"	"z 7P*"	"2"	"3d6.4s.(6D).7s"	"7D"	"2"	5	5		
"2925.3575"	"2925.35761"	"1.69e+07"	B	"22249.429"	"56423.283"	"3d7.(2G).4s"	"a 3G"	"3"	"3d6.(1I).4s.4p.(3P*)"	"u 3H*"	"4"	7	9		
"2925.639"	"2925.63612"	""		"19552.478"	"53723.079"	"3d6.4s2"	"a 3P2"	"1"	"3d6.(3D).4s.4p.(3P*)"	"5F*"	"2"	3	5		
"2925.710"	"2925.7093"	""		"20641.110"	"54810.856"	"3d6.4s2"	"b 3F2"	"4"	"3d6.(3G).4s.4p.(3P*)"	"w 1G*"	"4"	9	9		
"2925.7843"	"2925.78468"	""		"23192.500"	"57361.366"	"3d6.(5D).4s.4p.(3P*)"	"z 7F*"	"2"	"3d6.4s.(6D).5d"	"7G"	"3"	5	7		
"2925.8987"	"2925.89909"	"8.10e+05"	B	"12968.554"	"47136.084"	"3d7.(4F).4s"	"a 3F"	"2"	"3d7.(4P).4p"	"w 3D*"	"2"	5	5		
"2926.019"	"2926.01813"	""		"12560.934"	"46727.074"	"3d7.(4F).4s"	"a 3F"	"3"	"3d6.(3P2).4s.4p.(3P*)"	"y 3P*"	"2"	7	5		
"2926.246"	"2926.24699"	""		"22996.674"	"57160.142"	"3d6.(5D).4s.4p.(3P*)"	"z 7F*"	"4"	"3d6.4s.(6D).5d"	"5P"	"3"	9	7		
"2926.5520"	"2926.55196"	""		"12560.934"	"46720.842"	"3d7.(4F).4s"	"a 3F"	"3"	"3d7.(4P).4p"	"u 5D*"	"4"	7	9		
"2926.6151"	"2926.61408"	""		"22996.674"	"57155.857"	"3d6.(5D).4s.4p.(3P*)"	"z 7F*"	"4"	"3d6.4s.(6D).5d"	"7G"	"4"	9	9		
"2926.694"	"2926.69008"	""		"23244.838"	"57403.134"	"3d6.(5D).4s.4p.(3P*)"	"z 7F*"	"1"	"3d6.4s.(6D).5d"	"5P"	"2"	3	5		
"2926.768"	"2926.7633"	""		"24118.819"	"58276.260"	"3d6.4s2"	"b 3G"	"4"	"3d6.4s.(4D).5p"	"3D*"	"3"	9	7		
"2927.549"	"2927.5501"	""		"26105.908"	"60254.170"	"3d7.(2H).4s"	"b 3H"	"6"	"3d6.(3F2).4s.4p.(1P*)"	"r 3G*"	"5"	13	11		
"2927.8813"	"2927.8822"	""		"19552.478"	"53696.867"	"3d6.4s2"	"a 3P2"	"1"	"3d6.(3D).4s.4p.(3P*)"	"5F*"	"1"	3	3		
"2928.1022"	"2928.10172"	""		"17550.181"	"51692.010"	"3d7.(4P).4s"	"a 5P"	"3"	"3d6.(5D).4s (6D).5p"	"u 5P*"	"3"	7	7		
"2928.218"	"2928.2139"	""		"24180.862"	"58321.383"	"3d6.(5D).4s.4p.(3P*)"	"z 7P*"	"3"	"3d6.4s.(6D).7s"	"5D"	"4"	7	9		
"2928.7495"	"2928.75009"	""		"18378.186"	"52512.457"	"3d6.4s2"	"a 3P2"	"2"	"3d7.(2P).4p"	"u 3D*"	"1"	5	3		
"2928.805"	"2928.8047"	""		"23783.619"	"57917.254"	"3d6.4s2"	"b 3G"	"5"	"3d6.4s.(4D).5p"	"3F*"	"4"	11	9		
"2929.0069"	"2929.00692"	"5.10e+06"	B	"415.933"	"34547.211"	"3d6.4s2"	"a 5D"	"3"	"3d7.(4F).4p"	"y 5F*"	"2"	7	5		
"2929.1082"	"2929.10382"	""		"22996.674"	"57126.823"	"3d6.(5D).4s.4p.(3P*)"	"z 7F*"	"4"	"3d6.4s.(6D).5d"	"7G"	"5"	9	11		
"2929.117"	"2929.1177"	"1.53e+08"	C+	"26627.609"	"60757.596"	"3d7.(2H).4s"	"b 3H"	"4"	"3d6.(3H).4s.4p.(1P*)"	"t 3H*"	"4"	9	9		
"2929.2379"	"2929.23883"	""		"22996.674"	"57125.250"	"3d6.(5D).4s.4p.(3P*)"	"z 7F*"	"4"	"3d6.4s.(6D).5d"	"5F"	"4"	9	9		
"2929.304"	"2929.3014"	""		"23192.500"	"57320.347"	"3d6.(5D).4s.4p.(3P*)"	"z 7F*"	"2"	"3d6.4s.(6D).5d"	"7G"	"1"	5	3		
"2929.6177"	"2929.61809"	"6.72e+05"	C+	"12968.554"	"47092.712"	"3d7.(4F).4s"	"a 3F"	"2"	"3d6.(3F2).4s.4p.(3P*)"	"x 3F*"	"3"	5	7		
"2930.393"	"2930.3939"	""		"26351.040"	"60466.164"	"3d7.(2H).4s"	"b 3H"	"5"	"3d6.(3F2).4s.4p.(1P*)"	"r 3G*"	"4"	11	9		
"2931.413"	"2931.41211"	""		"19788.251"	"53891.526"	"3d6.4s2"	"a 3H"	"4"	"3d6.(3D).4s.4p.(3P*)"	"5D*"	"3"	9	7		
"2931.481"	"2931.47993"	""		"23711.456"	"57813.942"	"3d6.(5D).4s.4p.(3P*)"	"z 7P*"	"4"	"3d6.(5D).4s (4D).4d"	"i 5D"	"3"	9	7		
"2931.657"	"2931.65712"	""		"17726.988"	"51827.413"	"3d7.(4P).4s"	"a 5P"	"2"	"3d6.(5D).4s (6D).5p"	"u 5F*"	"2"	5	5		
"2931.8033"	"2931.80216"	""		"23192.500"	"57291.238"	"3d6.(5D).4s.4p.(3P*)"	"z 7F*"	"2"	"3d6.4s.(6D).5d"	"7P"	"2"	5	5		
"2931.8033"	"2931.80492"	""		"21999.130"	"56097.836"	"3d7.(2G).4s"	"a 3G"	"4"	"3d6.(3G).4s.4p.(3P*)"	"1F*"	"3"	9	7		
"2933.804"	"2933.8008"	""		"23244.838"	"57320.347"	"3d6.(5D).4s.4p.(3P*)"	"z 7F*"	"1"	"3d6.4s.(6D).5d"	"7G"	"1"	3	3		
"2934.371"	"2934.37042"	""		"17550.181"	"51619.076"	"3d7.(4P).4s"	"a 5P"	"3"	"3d6.(5D).4s (6D).5p"	"u 5F*"	"3"	7	7		
"2935.232"	"2935.22797"	""		"22996.674"	"57055.616"	"3d6.(5D).4s.4p.(3P*)"	"z 7F*"	"4"	"3d6.4s.(6D).5d"	"5G"	"3"	9	7		
"2935.679"	"2935.6771"	""		"26479.381"	"60533.113"	"3d6.(5D).4s.4p.(3P*)"	"z 5D*"	"1"	"3d6.(5D).4p2.(3P)"	"7F"	"2"	3	5		
"2936.0322"	"2936.03333"	""		"19788.251"	"53837.851"	"3d6.4s2"	"a 3H"	"4"	"3d7.(4F).5p"	"3D*"	"3"	9	7		
"2936.0672"	"2936.06756"	""		"23110.939"	"57160.142"	"3d6.(5D).4s.4p.(3P*)"	"z 7F*"	"3"	"3d6.4s.(6D).5d"	"5P"	"3"	7	7		
"2936.1172"	"2936.11663"	""		"12968.554"	"47017.188"	"3d7.(4F).4s"	"a 3F"	"2"	"3d7.(4P).4p"	"w 3D*"	"3"	5	7		
"2936.4376"	"2936.43712"	""		"23110.939"	"57155.857"	"3d6.(5D).4s.4p.(3P*)"	"z 7F*"	"3"	"3d6.4s.(6D).5d"	"7G"	"4"	7	9		
"2936.749"	"2936.74552"	""		"23192.500"	"57233.843"	"3d6.(5D).4s.4p.(3P*)"	"z 7F*"	"2"	"3d6.4s.(6D).5d"	"5G"	"2"	5	5		
"2936.9032"	"2936.90315"	"1.40e+07"	C+	"0.000"	"34039.516"	"3d6.4s2"	"a 5D"	"4"	"3d7.(4F).4p"	"y 5F*"	"4"	9	9		
"2937.465"	"2937.4636"	""		"22838.323"	"56871.345"	"3d7.(4P).4s"	"b 3P"	"2"	"3d6.4s.(6D).6p"	"5P*"	"3"	5	7		
"2937.8065"	"2937.80672"	""		"22845.869"	"56874.916"	"3d6.(5D).4s.4p.(3P*)"	"z 7F*"	"5"	"3d6.4s.(6D).5d"	"7G"	"6"	11	13		
"2938.040"	"2938.04157"	""		"23192.500"	"57218.827"	"3d6.(5D).4s.4p.(3P*)"	"z 7F*"	"2"	"3d7.(4F).6s"	"3F"	"3"	5	7		
"2938.482"	"2938.48056"	""		"23192.500"	"57213.744"	"3d6.(5D).4s.4p.(3P*)"	"z 7F*"	"2"	"3d6.4s.(6D).5d"	"7F"	"1"	5	3		
"2938.720"	"2938.72321"	""		"17927.382"	"51945.817"	"3d7.(4P).4s"	"a 5P"	"1"	"3d6.(5D).4s (6D).5p"	"u 5F*"	"1"	3	3		
"2938.850"	"2938.8427"	""		"24180.862"	"58197.914"	"3d6.(5D).4s.4p.(3P*)"	"z 7P*"	"3"	"3d6.4s.(6D).7s"	"7D"	"4"	7	9		
"2939.0532"	"2939.0548"	""		"26351.040"	"60365.637"	"3d7.(2H).4s"	"b 3H"	"5"	"3d6.(3H).4s.4p.(1P*)"	"t 3H*"	"6"	11	13		
"2939.080"	"2939.07952"	""		"23110.939"	"57125.250"	"3d6.(5D).4s.4p.(3P*)"	"z 7F*"	"3"	"3d6.4s.(6D).5d"	"5F"	"4"	7	9		
"2940.5875"	"2940.58791"	""		"22845.869"	"56842.733"	"3d6.(5D).4s.4p.(3P*)"	"z 7F*"	"5"	"3d6.4s.(6D).5d"	"7F"	"5"	11	11		
"2940.6221"	"2940.61948"	""		"19788.251"	"53784.750"	"3d6.4s2"	"a 3H"	"4"	"3d7.(4F).5p"	"5D*"	"3"	9	7		
"2941.2346"	"2941.23317"	""		"19621.006"	"53610.412"	"3d6.4s2"	"a 3H"	"5"	"3d7.(4F).5p"	"5D*"	"4"	11	9		
"2941.270"	"2941.26787"	""		"23244.838"	"57233.843"	"3d6.(5D).4s.4p.(3P*)"	"z 7F*"	"1"	"3d6.4s.(6D).5d"	"5G"	"2"	3	5		
"2941.3425"	"2941.34264"	"5.12e+06"	B	"704.007"	"34692.148"	"3d6.4s2"	"a 5D"	"2"	"3d7.(4F).4p"	"y 5F*"	"1"	5	3		
"2941.523"	"2941.52474"	""		"23711.456"	"57697.493"	"3d6.(5D).4s.4p.(3P*)"	"z 7P*"	"4"	"3d6.(5D).4s (4D).4d"	"i 5D"	"4"	9	9		
"2942.625"	"2942.6197"	""		"24506.917"	"58480.308"	"3d6.(5D).4s.4p.(3P*)"	"z 7P*"	"2"	"3d6.4s.(6D).7s"	"7D"	"3"	5	7		
"2942.625"	"2942.62396"	""		"23110.939"	"57084.281"	"3d6.(5D).4s.4p.(3P*)"	"z 7F*"	"3"	"3d6.4s.(6D).5d"	"7F"	"3"	7	7		
"2943.003"	"2943.00826"	""		"23244.838"	"57213.744"	"3d6.(5D).4s.4p.(3P*)"	"z 7F*"	"1"	"3d6.4s.(6D).5d"	"7F"	"1"	3	3		
"2943.117"	"2943.11778"	""		"23192.500"	"57160.142"	"3d6.(5D).4s.4p.(3P*)"	"z 7F*"	"2"	"3d6.4s.(6D).5d"	"5P"	"3"	5	7		
"2943.303"	"2943.30304"	""		"19621.006"	"53586.510"	"3d6.4s2"	"a 3H"	"5"	"3d7.(4F).5p"	"5G*"	"5"	11	11		
"2943.5712"	"2943.57223"	""		"22845.869"	"56808.267"	"3d6.(5D).4s.4p.(3P*)"	"z 7F*"	"5"	"3d7.(4F).6s"	"3F"	"4"	11	9		
"2944.525"	"2944.52788"	""		"22838.323"	"56789.699"	"3d7.(4P).4s"	"b 3P"	"2"	"3d6.4s.(6D<9/2>).4f"	"2[3/2]*"	"2"	5	5		
"2945.0514"	"2945.05122"	""		"19788.251"	"53733.594"	"3d6.4s2"	"a 3H"	"4"	"3d6.(3D).4s.4p.(3P*)"	"5F*"	"3"	9	7		
"2945.0514"	"2945.0528"	""		"26140.179"	"60085.504"	"3d6.(5D).4s.4p.(3P*)"	"z 5D*"	"3"	"3d6.4s.(6D<3/2>).6d"	"2[5/2]"	"2"	7	5		
"2945.105"	"2945.10901"	""		"23110.939"	"57055.616"	"3d6.(5D).4s.4p.(3P*)"	"z 7F*"	"3"	"3d6.4s.(6D).5d"	"5G"	"3"	7	7		
"2945.223"	"2945.22328"	""		"23270.384"	"57213.744"	"3d6.(5D).4s.4p.(3P*)"	"z 7F*"	"0"	"3d6.4s.(6D).5d"	"7F"	"1"	1	3		
"2945.471"	"2945.4720"	""		"24335.766"	"58276.260"	"3d7.(2P).4s"	"c 3P"	"2"	"3d6.4s.(4D).5p"	"3D*"	"3"	5	7		
"2945.601"	"2945.60696"	""		"22838.323"	"56777.262"	"3d7.(4P).4s"	"b 3P"	"2"	"3d6.4s.(6D<9/2>).4f"	"2[5/2]*"	"3"	5	7		
"2945.693"	"2945.6873"	""		"24180.862"	"58118.875"	"3d6.(5D).4s.4p.(3P*)"	"z 7P*"	"3"	"3d6.4s.(4D).4d"	"5F"	"4"	7	9		
"2945.6969"	"2945.6947"	""		"20037.816"	"53975.744"	"3d6.4s2"	"a 3P2"	"0"	"3d6.(3D).4s.4p.(3P*)"	"5D*"	"1"	1	3		
"2945.860"	"2945.8616"	""		"26627.609"	"60563.614"	"3d7.(2H).4s"	"b 3H"	"4"	"3d6.(3F2).4s.4p.(1P*)"	"r 3G*"	"3"	9	7		
"2946.099"	"2946.09839"	""		"12968.554"	"46901.832"	"3d7.(4F).4s"	"a 3F"	"2"	"3d6.(3P2).4s.4p.(3P*)"	"y 3P*"	"1"	5	3		
"2946.974"	"2946.9676"	""		"19390.168"	"53313.438"	"3d6.4s2"	"a 3H"	"6"	"3d6.(3G).4s.4p.(3P*)"	"y 1H*"	"5"	13	11		
"2947.1205"	"2947.1207"	""		"26627.609"	"60549.116"	"3d7.(2H).4s"	"b 3H"	"4"	"3d6.(3H).4s.4p.(1P*)"	"t 3H*"	"5"	9	11		
"2947.253"	"2947.25490"	""		"12968.554"	"46888.517"	"3d7.(4F).4s"	"a 3F"	"2"	"3d7.(4P).4p"	"u 5D*"	"2"	5	5		
"2947.361"	"2947.3668"	""		"23110.939"	"57029.614"	"3d6.(5D).4s.4p.(3P*)"	"z 7F*"	"3"	"3d6.4s.(6D).5d"	"7F"	"2"	7	5		
"2947.3618"	"2947.36170"	"9.30e+06"	B	"18378.186"	"52296.920"	"3d6.4s2"	"a 3P2"	"2"	"3d7.(2P).4p"	"u 3D*"	"2"	5	5		
"2947.8758"	"2947.87579"	"1.83e+07"	B	"415.933"	"34328.752"	"3d6.4s2"	"a 5D"	"3"	"3d7.(4F).4p"	"y 5F*"	"3"	7	7		
"2948.4334"	"2948.4334"	"3.32e+07"	B	"21999.130"	"55905.536"	"3d7.(2G).4s"	"a 3G"	"4"	"3d6.(1G2).4s.4p.(3P*)"	"s 3G*"	"4"	9	9		
"2948.723"	"2948.7183"	""		"26351.040"	"60254.170"	"3d7.(2H).4s"	"b 3H"	"5"	"3d6.(3F2).4s.4p.(1P*)"	"r 3G*"	"5"	11	11		
"2948.7268"	"2948.72847"	""		"17726.988"	"51630.001"	"3d7.(4P).4s"	"a 5P"	"2"	"3d6.(5D).4s (6D).5p"	"t 5D*"	"2"	5	5		
"2948.9495"	"2948.94950"	""		"17927.382"	"51827.854"	"3d7.(4P).4s"	"a 5P"	"1"	"3d6.(5D).4s (6D).5p"	"t 5D*"	"1"	3	3		
"2948.985"	"2948.98786"	""		"17927.382"	"51827.413"	"3d7.(4P).4s"	"a 5P"	"1"	"3d6.(5D).4s (6D).5p"	"u 5F*"	"2"	3	5		
"2949.680"	"2949.67902"	""		"17726.988"	"51619.076"	"3d7.(4P).4s"	"a 5P"	"2"	"3d6.(5D).4s (6D).5p"	"u 5F*"	"3"	5	7		
"2949.702"	"2949.70574"	""		"23192.500"	"57084.281"	"3d6.(5D).4s.4p.(3P*)"	"z 7F*"	"2"	"3d6.4s.(6D).5d"	"7F"	"3"	5	7		
"2950.2411"	"2950.2410"	""		"22650.416"	"56536.048"	"3d6.(5D).4s.4p.(3P*)"	"z 7F*"	"6"	"3d6.4s.(6D).5d"	"7G"	"7"	13	15		
"2950.917"	"2950.91692"	""		"23192.500"	"57070.371"	"3d6.(5D).4s.4p.(3P*)"	"z 7F*"	"2"	"3d6.4s.(6D).5d"	"7D"	"3"	5	7		
"2951.3583"	"2951.35627"	""		"19788.251"	"53661.079"	"3d6.4s2"	"a 3H"	"4"	"3d7.(4F).5p"	"5F*"	"3"	9	7		
"2951.5488"	"2951.5478"	""		"26224.969"	"60095.599"	"3d7.(2D2).4s"	"a 3D"	"3"	"3d6.(3F2).4s.4p.(1P*)"	"3F*"	"4"	7	9		
"2952.196"	"2952.20277"	""		"23192.500"	"57055.616"	"3d6.(5D).4s.4p.(3P*)"	"z 7F*"	"2"	"3d6.4s.(6D).5d"	"5G"	"3"	5	7		
"2952.564"	"2952.56663"	""		"17550.181"	"51409.124"	"3d7.(4P).4s"	"a 5P"	"3"	"3d6.(3G).4s.4p.(3P*)"	"x 3H*"	"4"	7	9		
"2953.4855"	"2953.48572"	"3.64e+07"	C+	"22249.429"	"56097.836"	"3d7.(2G).4s"	"a 3G"	"3"	"3d6.(3G).4s.4p.(3P*)"	"1F*"	"3"	7	7		
"2953.5389"	"2953.53860"	""		"22996.674"	"56844.475"	"3d6.(5D).4s.4p.(3P*)"	"z 7F*"	"4"	"3d6.4s.(6D).5d"	"7P"	"4"	9	9		
"2953.6908"	"2953.69062"	""		"22996.674"	"56842.733"	"3d6.(5D).4s.4p.(3P*)"	"z 7F*"	"4"	"3d6.4s.(6D).5d"	"7F"	"5"	9	11		
"2953.9398"	"2953.93980"	"1.89e+07"	A	"704.007"	"34547.211"	"3d6.4s2"	"a 5D"	"2"	"3d7.(4F).4p"	"y 5F*"	"2"	5	5		
"2954.107"	"2954.10827"	""		"23110.939"	"56952.213"	"3d6.(5D).4s.4p.(3P*)"	"z 7F*"	"3"	"3d6.4s.(6D).5d"	"5F"	"2"	7	5		
"2954.3441"	"2954.3454"	""		"26339.696"	"60178.254"	"3d6.(5D).4s.4p.(3P*)"	"z 5D*"	"2"	"3d6.4s.(6D<1/2>).6d"	"2[3/2]"	"1"	5	3		
"2954.3441"	"2954.3457"	""		"26627.609"	"60466.164"	"3d7.(2H).4s"	"b 3H"	"4"	"3d6.(3F2).4s.4p.(1P*)"	"r 3G*"	"4"	9	9		
"2954.6521"	"2954.65223"	"1.06e+07"	C+	"18378.186"	"52213.230"	"3d6.4s2"	"a 3P2"	"2"	"3d7.(2D2).4p"	"t 3D*"	"3"	5	7		
"2954.928"	"2954.92639"	""		"20874.482"	"54706.387"	"3d6.4s2"	"b 3F2"	"3"	"3d7.(4F).5p"	"3F*"	"2"	7	5		
"2954.983"	"2954.98133"	""		"17550.181"	"51381.457"	"3d7.(4P).4s"	"a 5P"	"3"	"3d6.(5D).4s (6D).5p"	"u 5F*"	"4"	7	9		
"2954.983"	"2954.98500"	""		"19562.439"	"53393.673"	"3d6.(5D).4s.4p.(3P*)"	"z 7D*"	"4"	"3d7.(4F).4d"	"g 5F"	"4"	9	9		
"2956.7012"	"2956.70161"	""		"22996.674"	"56808.267"	"3d6.(5D).4s.4p.(3P*)"	"z 7F*"	"4"	"3d7.(4F).6s"	"3F"	"4"	9	9		
"2956.8560"	"2956.85579"	"1.77e+06"	D+	"21715.732"	"55525.562"	"3d7.(2G).4s"	"a 3G"	"5"	"3d6.(1G2).4s.4p.(3P*)"	"v 3H*"	"5"	11	11		
"2957.3643"	"2957.36437"	"1.77e+07"	A	"888.132"	"34692.148"	"3d6.4s2"	"a 5D"	"1"	"3d7.(4F).4p"	"y 5F*"	"1"	3	3		
"2957.4844"	"2957.48528"	"1.31e+07"	C	"18378.186"	"52180.820"	"3d6.4s2"	"a 3P2"	"2"	"3d7.(2P).4p"	"1P*"	"1"	5	3		
"2957.854"	"2957.8527"	""		"24118.819"	"57917.254"	"3d6.4s2"	"b 3G"	"4"	"3d6.4s.(4D).5p"	"3F*"	"4"	9	9		
"2958.020"	"2958.02357"	""		"24335.766"	"58132.249"	"3d7.(2P).4s"	"c 3P"	"2"	"3d6.4s.(4D).5p"	"3D*"	"2"	5	5		
"2958.301"	"2958.3044"	""		"24180.862"	"57974.137"	"3d6.(5D).4s.4p.(3P*)"	"z 7P*"	"3"	"3d6.(5D).4s (4D).4d"	"i 5D"	"2"	7	5		
"2958.4526"	"2958.45401"	""		"21999.130"	"55790.696"	"3d7.(2G).4s"	"a 3G"	"4"	"3d6.(1G2).4s.4p.(3P*)"	"s 3G*"	"3"	9	7		
"2958.678"	"2958.6871"	""		"26339.696"	"60128.60"	"3d6.(5D).4s.4p.(3P*)"	"z 5D*"	"2"	"3d6.4s.(6D<1/2>).6d"	"2[3/2]"	"2"	5	5		
"2959.3245"	"2959.32639"	""		"22650.416"	"56432.021"	"3d6.(5D).4s.4p.(3P*)"	"z 7F*"	"6"	"3d6.4s.(6D).5d"	"7D"	"5"	13	11		
"2959.6800"	"2959.68071"	""		"22650.416"	"56427.977"	"3d6.(5D).4s.4p.(3P*)"	"z 7F*"	"6"	"3d6.4s.(6D).5d"	"7F"	"6"	13	13		
"2959.9920"	"2959.9919"	"5.02e+07"	B	"21715.732"	"55489.742"	"3d7.(2G).4s"	"a 3G"	"5"	"3d6.(1G2).4s.4p.(3P*)"	"v 3H*"	"6"	11	13		
"2960.2961"	"2960.29607"	""		"20037.816"	"53808.356"	"3d6.4s2"	"a 3P2"	"0"	"3d7.(2P).4p"	"x 3S*"	"1"	1	3		
"2960.499"	"2960.49569"	""		"21038.987"	"54807.250"	"3d6.4s2"	"b 3F2"	"2"	"3d7.(4F).5p"	"3D*"	"1"	5	3		
"2960.5506"	"2960.55110"	""		"19621.006"	"53388.637"	"3d6.4s2"	"a 3H"	"5"	"3d7.(4F).5p"	"5F*"	"4"	11	9		
"2960.6592"	"2960.6598"	"8.48e+06"	C+	"23783.619"	"57550.010"	"3d6.4s2"	"b 3G"	"5"	"3d6.(3D).4s.4p.(3P*)"	"t 3F*"	"4"	11	9		
"2960.766"	"2960.76391"	""		"22996.674"	"56761.878"	"3d6.(5D).4s.4p.(3P*)"	"z 7F*"	"4"	"3d6.4s.(6D).5d"	"5F"	"5"	9	11		
"2960.803"	"2960.8068"	""		"25899.989"	"59664.704"	"3d6.(5D).4s.4p.(3P*)"	"z 5D*"	"4"	"3d6.(5D).4p2.(3P)"	"7F"	"4"	9	9		
"2961.222"	"2961.2240"	""		"24574.655"	"58334.613"	"3d7.(2G).4s"	"a 1G"	"4"	"3d6.(3H).4s.4p.(1P*)"	"3G*"	"4"	9	9		
"2961.350"	"2961.35015"	""		"12968.554"	"46727.074"	"3d7.(4F).4s"	"a 3F"	"2"	"3d6.(3P2).4s.4p.(3P*)"	"y 3P*"	"2"	5	5		
"2961.449"	"2961.4547"	""		"26339.696"	"60097.024"	"3d6.(5D).4s.4p.(3P*)"	"z 5D*"	"2"	"3d6.4s.(6D<3/2>).6d"	"2[7/2]"	"3"	5	7		
"2961.711"	"2961.70961"	""		"17550.181"	"51304.604"	"3d7.(4P).4s"	"a 5P"	"3"	"3d7.(2D2).4p"	"v 3F*"	"4"	7	9		
"2962.1093"	"2962.10733"	""		"11976.239"	"45726.130"	"3d7.(4F).4s"	"a 3F"	"4"	"3d6.(3F2).4s.4p.(3P*)"	"x 5G*"	"5"	9	11		
"2962.407"	"2962.403"	""		"26140.179"	"59886.70"	"3d6.(5D).4s.4p.(3P*)"	"z 5D*"	"3"	"3d6.4s.(6D<5/2>).6d"	"2[7/2]"	"3"	7	7		
"2962.461"	"2962.4657"	""		"26339.696"	"60085.504"	"3d6.(5D).4s.4p.(3P*)"	"z 5D*"	"2"	"3d6.4s.(6D<3/2>).6d"	"2[5/2]"	"2"	5	5		
"2962.573"	"2962.5754"	""		"26351.040"	"60095.599"	"3d7.(2H).4s"	"b 3H"	"5"	"3d6.(3F2).4s.4p.(1P*)"	"3F*"	"4"	11	9		
"2963.304"	"2963.3070"	""		"26339.696"	"60075.924"	"3d6.(5D).4s.4p.(3P*)"	"z 5D*"	"2"	"3d6.4s.(6D<3/2>).6d"	"2[5/2]"	"3"	5	7		
"2963.544"	"2963.54351"	""		"23110.939"	"56844.475"	"3d6.(5D).4s.4p.(3P*)"	"z 7F*"	"3"	"3d6.4s.(6D).5d"	"7P"	"4"	7	9		
"2963.642"	"2963.64199"	""		"18378.186"	"52110.601"	"3d6.4s2"	"a 3P2"	"2"	"3d6.(5D).4s (6D).5p"	"u 5P*"	"1"	5	3		
"2963.691"	"2963.68970"	""		"23110.939"	"56842.811"	"3d6.(5D).4s.4p.(3P*)"	"z 7F*"	"3"	"3d6.4s.(6D).5d"	"7D"	"2"	7	5		
"2964.1328"	"2964.13445"	""		"23711.456"	"57438.267"	"3d6.(5D).4s.4p.(3P*)"	"z 7P*"	"4"	"3d6.4s.(6D).5d"	"7S"	"3"	9	7		
"2964.215"	"2964.21733"	""		"20874.482"	"54600.350"	"3d6.4s2"	"b 3F2"	"3"	"3d6.(3G).4s.4p.(3P*)"	"t 3G*"	"3"	7	7		
"2965.2542"	"2965.25319"	""		"21715.732"	"55429.819"	"3d7.(2G).4s"	"a 3G"	"5"	"3d6.(1G2).4s.4p.(3P*)"	"s 3G*"	"5"	11	11		
"2965.2542"	"2965.25433"	"1.16e+07"	A	"978.074"	"34692.148"	"3d6.4s2"	"a 5D"	"0"	"3d7.(4F).4p"	"y 5F*"	"1"	1	3		
"2965.583"	"2965.57515"	""		"19350.891"	"53061.318"	"3d6.(5D).4s.4p.(3P*)"	"z 7D*"	"5"	"3d7.(4F).4d"	"g 5F"	"5"	11	11		
"2965.8037"	"2965.80373"	""		"19621.006"	"53328.835"	"3d6.4s2"	"a 3H"	"5"	"3d7.(4F).5p"	"3F*"	"4"	11	9		
"2965.836"	"2965.84367"	""		"23244.838"	"56952.213"	"3d6.(5D).4s.4p.(3P*)"	"z 7F*"	"1"	"3d6.4s.(6D).5d"	"5F"	"2"	3	5		
"2966.076"	"2966.07335"	""		"22845.869"	"56550.634"	"3d6.(5D).4s.4p.(3P*)"	"z 7F*"	"5"	"3d6.4s.(6D).5d"	"5G"	"5"	11	11		
"2966.1972"	"2966.1948"	""		"26140.179"	"59843.564"	"3d6.(5D).4s.4p.(3P*)"	"z 5D*"	"3"	"3d6.4s.(6D<5/2>).6d"	"2[5/2]"	"2"	7	5		
"2966.1972"	"2966.19692"	""		"19390.168"	"53093.529"	"3d6.4s2"	"a 3H"	"6"	"3d7.(2H).4p"	"1I*"	"6"	13	13		
"2966.2620"	"2966.26222"	""		"17927.382"	"51630.001"	"3d7.(4P).4s"	"a 5P"	"1"	"3d6.(5D).4s (6D).5p"	"t 5D*"	"2"	3	5		
"2966.598"	"2966.5920"	""		"26479.381"	"60178.254"	"3d6.(5D).4s.4p.(3P*)"	"z 5D*"	"1"	"3d6.4s.(6D<1/2>).6d"	"2[3/2]"	"1"	3	3		
"2966.684"	"2966.69172"	""		"24335.766"	"58033.506"	"3d7.(2P).4s"	"c 3P"	"2"	"3d6.4s.(4D).5p"	"5D*"	"3"	5	7		
"2966.8980"	"2966.89802"	"2.72e+07"	A	"0.000"	"33695.397"	"3d6.4s2"	"a 5D"	"4"	"3d7.(4F).4p"	"y 5F*"	"5"	9	11		
"2966.8984"	"2966.903"	""		"26339.696"	"60035.04"	"3d6.(5D).4s.4p.(3P*)"	"z 5D*"	"2"	"3d6.4s.(6D<3/2>).6d"	"2[3/2]"	"2"	5	5		
"2967.173"	"2967.1591"	""		"19621.006"	"53313.438"	"3d6.4s2"	"a 3H"	"5"	"3d6.(3G).4s.4p.(3P*)"	"y 1H*"	"5"	11	11		
"2968.332"	"2968.32589"	""		"19390.168"	"53069.357"	"3d6.4s2"	"a 3H"	"6"	"3d7.(4F).5p"	"5G*"	"6"	13	13		
"2968.4776"	"2968.47802"	"8.26e+06"	C+	"19552.478"	"53229.941"	"3d6.4s2"	"a 3P2"	"1"	"3d7.(2D2).4p"	"v 3P*"	"1"	3	3		
"2968.566"	"2968.56547"	""		"22996.674"	"56673.145"	"3d6.(5D).4s.4p.(3P*)"	"z 7F*"	"4"	"3d6.4s.(6D).5d"	"5G"	"4"	9	9		
"2969.359"	"2969.36532"	""		"21038.987"	"54706.387"	"3d6.4s2"	"b 3F2"	"2"	"3d7.(4F).5p"	"3F*"	"2"	5	5		
"2969.3596"	"2969.35959"	"3.66e+06"	A	"888.132"	"34555.597"	"3d6.4s2"	"a 5D"	"1"	"3d6.(5D).4s.4p.(3P*)"	"z 3P*"	"0"	3	1		
"2969.4744"	"2969.47434"	"2.10e+06"	D+	"6928.268"	"40594.432"	"3d7.(4F).4s"	"a 5F"	"5"	"3d6.(5D).4s.4p.(1P*)"	"x 5F*"	"4"	11	9		
"2970.0992"	"2970.09942"	"1.08e+07"	B+	"888.132"	"34547.211"	"3d6.4s2"	"a 5D"	"1"	"3d7.(4F).4p"	"y 5F*"	"2"	3	5		
"2970.1058"	"2970.1019"	""		"20037.816"	"53696.867"	"3d6.4s2"	"a 3P2"	"0"	"3d6.(3D).4s.4p.(3P*)"	"5F*"	"1"	1	3		
"2970.1179"	"2970.11822"	"3.43e+06"	B+	"704.007"	"34362.873"	"3d6.4s2"	"a 5D"	"2"	"3d6.(5D).4s.4p.(3P*)"	"z 3P*"	"1"	5	3		
"2970.359"	"2970.35606"	""		"20874.482"	"54530.653"	"3d6.4s2"	"b 3F2"	"3"	"3d7.(4F).5p"	"5D*"	"2"	7	5		
"2970.359"	"2970.3617"	""		"22249.429"	"55905.536"	"3d7.(2G).4s"	"a 3G"	"3"	"3d6.(1G2).4s.4p.(3P*)"	"s 3G*"	"4"	7	9		
"2970.917"	"2970.90876"	""		"23711.456"	"57361.366"	"3d6.(5D).4s.4p.(3P*)"	"z 7P*"	"4"	"3d6.4s.(6D).5d"	"7G"	"3"	9	7		
"2970.970"	"2970.9698"	""		"26479.381"	"60128.60"	"3d6.(5D).4s.4p.(3P*)"	"z 5D*"	"1"	"3d6.4s.(6D<1/2>).6d"	"2[3/2]"	"2"	3	5		
"2971.092"	"2971.08412"	""		"20641.110"	"54289.034"	"3d6.4s2"	"b 3F2"	"4"	"3d7.(4F).5p"	"3F*"	"3"	9	7		
"2971.760"	"2971.7571"	""		"26140.179"	"59780.484"	"3d6.(5D).4s.4p.(3P*)"	"z 5D*"	"3"	"3d6.4s.(6D<5/2>).6d"	"2[3/2]"	"2"	7	5		
"2971.936"	"2971.93216"	""		"17726.988"	"51365.311"	"3d7.(4P).4s"	"a 5P"	"2"	"3d7.(2D2).4p"	"v 3F*"	"3"	5	7		
"2972.2782"	"2972.27854"	""		"17726.988"	"51361.391"	"3d7.(4P).4s"	"a 5P"	"2"	"3d6.(5D).4s (6D).5p"	"t 5D*"	"3"	5	7		
"2972.416"	"2972.416"	""		"25899.989"	"59532.84"	"3d6.(5D).4s.4p.(3P*)"	"z 5D*"	"4"	"3d6.4s.(6D<7/2>).6d"	"2[9/2]"	"4"	9	9		
"2972.774"	"2972.7717"	""		"26339.696"	"59968.52"	"3d6.(5D).4s.4p.(3P*)"	"z 5D*"	"2"	"3d6.4s.(6D<3/2>).6d"	"2[1/2]"	"1"	5	3		
"2972.856"	"2972.8644"	""		"26550.479"	"60178.254"	"3d6.(5D).4s.4p.(3P*)"	"z 5D*"	"0"	"3d6.4s.(6D<1/2>).6d"	"2[3/2]"	"1"	1	3		
"2973.1322"	"2973.13230"	"1.35e+07"	A	"704.007"	"34328.752"	"3d6.4s2"	"a 5D"	"2"	"3d7.(4F).4p"	"y 5F*"	"3"	5	7		
"2973.2352"	"2973.23506"	"1.83e+07"	A	"415.933"	"34039.516"	"3d6.4s2"	"a 5D"	"3"	"3d7.(4F).4p"	"y 5F*"	"4"	7	9		
"2973.910"	"2973.90994"	""		"23110.939"	"56726.892"	"3d6.(5D).4s.4p.(3P*)"	"z 7F*"	"3"	"3d6.4s.(6D).5d"	"5F"	"3"	7	7		
"2974.483"	"2974.48361"	""		"23110.939"	"56720.409"	"3d6.(5D).4s.4p.(3P*)"	"z 7F*"	"3"	"3d6.4s.(6D).5d"	"5S"	"2"	7	5		
"2974.7776"	"2974.77756"	""		"22845.869"	"56452.018"	"3d6.(5D).4s.4p.(3P*)"	"z 7F*"	"5"	"3d6.4s.(6D).5d"	"7D"	"4"	11	9		
"2974.7776"	"2974.7799"	""		"26479.381"	"60085.504"	"3d6.(5D).4s.4p.(3P*)"	"z 5D*"	"1"	"3d6.4s.(6D<3/2>).6d"	"2[5/2]"	"2"	3	5		
"2975.287"	"2975.28781"	""		"19788.251"	"53388.637"	"3d6.4s2"	"a 3H"	"4"	"3d7.(4F).5p"	"5F*"	"4"	9	9		
"2975.648"	"2975.64923"	""		"20641.110"	"54237.415"	"3d6.4s2"	"b 3F2"	"4"	"3d6.(3G).4s.4p.(3P*)"	"t 3G*"	"4"	9	9		
"2976.1264"	"2976.12673"	"9.70e+06"	B	"18378.186"	"51969.101"	"3d6.4s2"	"a 3P2"	"2"	"3d7.(2P).4p"	"u 3D*"	"3"	5	7		
"2976.505"	"2976.49713"	""		"11976.239"	"45562.974"	"3d7.(4F).4s"	"a 3F"	"4"	"3d6.(3H).4s.4p.(3P*)"	"y 3G*"	"3"	9	7		
"2976.5498"	"2976.54880"	""		"22845.869"	"56432.021"	"3d6.(5D).4s.4p.(3P*)"	"z 7F*"	"5"	"3d6.4s.(6D).5d"	"7D"	"5"	11	11		
"2976.585"	"2976.5866"	""		"26140.179"	"59725.904"	"3d6.(5D).4s.4p.(3P*)"	"z 5D*"	"3"	"3d6.4s.(6D<5/2>).6d"	"2[9/2]"	"4"	7	9		
"2976.907"	"2976.90726"	""		"22845.869"	"56427.977"	"3d6.(5D).4s.4p.(3P*)"	"z 7F*"	"5"	"3d6.4s.(6D).5d"	"7F"	"6"	11	13		
"2978.050"	"2978.04631"	""		"19788.251"	"53357.515"	"3d6.4s2"	"a 3H"	"4"	"3d6.(3G).4s.4p.(3P*)"	"3F*"	"3"	9	7		
"2978.196"	"2978.19119"	""		"18378.186"	"51945.817"	"3d6.4s2"	"a 3P2"	"2"	"3d6.(5D).4s (6D).5p"	"u 5F*"	"1"	5	3		
"2978.282"	"2978.28285"	""		"18378.186"	"51944.784"	"3d6.4s2"	"a 3P2"	"2"	"3d6.(5D).4s (6D).5p"	"u 5P*"	"2"	5	5		
"2978.502"	"2978.49981"	""		"21038.987"	"54603.140"	"3d6.4s2"	"b 3F2"	"2"	"3d7.(4F).5p"	"5D*"	"1"	5	3		
"2978.555"	"2978.5555"	""		"25899.989"	"59463.514"	"3d6.(5D).4s.4p.(3P*)"	"z 5D*"	"4"	"3d6.4s.(6D<7/2>).6d"	"2[9/2]"	"5"	9	11		
"2978.674"	"2978.67261"	""		"23110.939"	"56673.145"	"3d6.(5D).4s.4p.(3P*)"	"z 7F*"	"3"	"3d6.4s.(6D).5d"	"5G"	"4"	7	9		
"2979.408"	"2979.40466"	""		"22996.674"	"56550.634"	"3d6.(5D).4s.4p.(3P*)"	"z 7F*"	"4"	"3d6.4s.(6D).5d"	"5G"	"5"	9	11		
"2980.211"	"2980.2134"	""		"26627.609"	"60172.464"	"3d7.(2H).4s"	"b 3H"	"4"	"3d6.(3F2).4s.4p.(1P*)"	"3F*"	"3"	9	7		
"2980.409"	"2980.4086"	""		"23192.500"	"56735.158"	"3d6.(5D).4s.4p.(3P*)"	"z 7F*"	"2"	"3d6.4s.(6D).5d"	"5D"	"1"	5	3		
"2980.5322"	"2980.53220"	"1.66e+07"	B	"22249.429"	"55790.696"	"3d7.(2G).4s"	"a 3G"	"3"	"3d6.(1G2).4s.4p.(3P*)"	"s 3G*"	"3"	7	7		
"2980.592"	"2980.59290"	""		"19788.251"	"53328.835"	"3d6.4s2"	"a 3H"	"4"	"3d7.(4F).5p"	"3F*"	"4"	9	9		
"2981.140"	"2981.14328"	""		"23192.500"	"56726.892"	"3d6.(5D).4s.4p.(3P*)"	"z 7F*"	"2"	"3d6.4s.(6D).5d"	"5F"	"3"	5	7		
"2981.4448"	"2981.44486"	"6.53e+06"	A	"415.933"	"33946.933"	"3d6.4s2"	"a 5D"	"3"	"3d6.(5D).4s.4p.(3P*)"	"z 3P*"	"2"	7	5		
"2981.722"	"2981.71974"	""		"23192.500"	"56720.409"	"3d6.(5D).4s.4p.(3P*)"	"z 7F*"	"2"	"3d6.4s.(6D).5d"	"5S"	"2"	5	5		
"2981.8507"	"2981.84977"	"1.86e+07"	B	"17550.181"	"51076.628"	"3d7.(4P).4s"	"a 5P"	"3"	"3d6.(5D).4s (6D).5p"	"t 5D*"	"4"	7	9		
"2981.8507"	"2981.85110"	""		"21999.130"	"55525.562"	"3d7.(2G).4s"	"a 3G"	"4"	"3d6.(1G2).4s.4p.(3P*)"	"v 3H*"	"5"	9	11		
"2981.970"	"2981.9618"	""		"19788.251"	"53313.438"	"3d6.4s2"	"a 3H"	"4"	"3d6.(3G).4s.4p.(3P*)"	"y 1H*"	"5"	9	11		
"2982.015"	"2982.0207"	""		"26140.179"	"59664.704"	"3d6.(5D).4s.4p.(3P*)"	"z 5D*"	"3"	"3d6.(5D).4p2.(3P)"	"7F"	"4"	7	9		
"2982.228"	"2982.22916"	"3.47e+06"	D+	"24118.819"	"57641.001"	"3d6.4s2"	"b 3G"	"4"	"3d6.(3D).4s.4p.(3P*)"	"t 3F*"	"3"	9	7		
"2982.380"	"2982.387"	""		"26479.381"	"59999.79"	"3d6.(5D).4s.4p.(3P*)"	"z 5D*"	"1"	"3d6.4s.(6D<3/2>).6d"	"2[3/2]"	"1"	3	3		
"2983.419"	"2983.4175"	""		"19390.168"	"52898.998"	"3d6.4s2"	"a 3H"	"6"	"3d7.(2H).4p"	"y 3I*"	"5"	13	11		
"2983.5695"	"2983.56951"	"2.79e+07"	A	"0.000"	"33507.123"	"3d6.4s2"	"a 5D"	"4"	"3d7.(4F).4p"	"y 5D*"	"3"	9	7		
"2983.7752"	"2983.7760"	""		"22249.429"	"55754.233"	"3d7.(2G).4s"	"a 3G"	"3"	"3d7.(2D2).4p"	"w 1D*"	"2"	7	5		
"2983.856"	"2983.8594"	""		"26339.696"	"59843.564"	"3d6.(5D).4s.4p.(3P*)"	"z 5D*"	"2"	"3d6.4s.(6D<5/2>).6d"	"2[5/2]"	"2"	5	5		
"2984.557"	"2984.56111"	""		"22845.869"	"56341.860"	"3d6.(5D).4s.4p.(3P*)"	"z 7F*"	"5"	"3d6.4s.(6D).5d"	"5G"	"6"	11	13		
"2984.7679"	"2984.76794"	"2.58e+05"	B	"6928.268"	"40421.938"	"3d7.(4F).4s"	"a 5F"	"5"	"3d5.(6S).4s2.4p"	"y 7P*"	"4"	11	9		
"2984.952"	"2984.94654"	""		"21038.987"	"54530.653"	"3d6.4s2"	"b 3F2"	"2"	"3d7.(4F).5p"	"5D*"	"2"	5	5		
"2985.168"	"2985.1718"	""		"26479.381"	"59968.52"	"3d6.(5D).4s.4p.(3P*)"	"z 5D*"	"1"	"3d6.4s.(6D<3/2>).6d"	"2[1/2]"	"1"	3	3		
"2985.7279"	"2985.72600"	""		"20874.482"	"54357.405"	"3d6.4s2"	"b 3F2"	"3"	"3d7.(4F).5p"	"3G*"	"3"	7	7		
"2985.901"	"2985.9003"	""		"26339.696"	"59820.664"	"3d6.(5D).4s.4p.(3P*)"	"z 5D*"	"2"	"3d6.4s.(6D<5/2>).6d"	"2[5/2]"	"3"	5	7		
"2986.4557"	"2986.45581"	"2.19e+05"	A	"888.132"	"34362.873"	"3d6.4s2"	"a 5D"	"1"	"3d6.(5D).4s.4p.(3P*)"	"z 3P*"	"1"	3	3		
"2986.6544"	"2986.65371"	""		"19621.006"	"53093.529"	"3d6.4s2"	"a 3H"	"5"	"3d7.(2H).4p"	"1I*"	"6"	11	13		
"2987.032"	"2987.03085"	""		"20874.482"	"54342.779"	"3d6.4s2"	"b 3F2"	"3"	"3d7.(4F).5p"	"3D*"	"2"	7	5		
"2987.055"	"2987.0583"	""		"26627.609"	"60095.599"	"3d7.(2H).4s"	"b 3H"	"4"	"3d6.(3F2).4s.4p.(1P*)"	"3F*"	"4"	9	9		
"2987.2903"	"2987.2946"	""		"22996.674"	"56462.016"	"3d6.(5D).4s.4p.(3P*)"	"z 7F*"	"4"	"3d6.4s.(6D).5d"	"7P"	"3"	9	7		
"2987.2904"	"2987.29033"	"5.25e+06"	C+	"7376.764"	"40842.154"	"3d7.(4F).4s"	"a 5F"	"4"	"3d6.(5D).4s.4p.(1P*)"	"x 5F*"	"3"	9	7		
"2987.429"	"2987.43380"	""		"19621.006"	"53084.789"	"3d6.4s2"	"a 3H"	"5"	"3d7.(4F).5p"	"5F*"	"5"	11	11		
"2988.187"	"2988.18740"	""		"22996.674"	"56452.018"	"3d6.(5D).4s.4p.(3P*)"	"z 7F*"	"4"	"3d6.4s.(6D).5d"	"7D"	"4"	9	9		
"2988.4711"	"2988.47156"	"5.44e+05"	B+	"11976.239"	"45428.402"	"3d7.(4F).4s"	"a 3F"	"4"	"3d6.(3H).4s.4p.(3P*)"	"y 3G*"	"4"	9	9		
"2988.783"	"2988.78223"	""		"23711.456"	"57160.142"	"3d6.(5D).4s.4p.(3P*)"	"z 7P*"	"4"	"3d6.4s.(6D).5d"	"5P"	"3"	9	7		
"2988.8824"	"2988.88043"	""		"18378.186"	"51825.773"	"3d6.4s2"	"a 3P2"	"2"	"3d7.(2H).4p"	"u 3G*"	"3"	5	7		
"2988.9430"	"2988.9438"	"7.99e+05"	D+	"21999.130"	"55446.008"	"3d7.(2G).4s"	"a 3G"	"4"	"3d6.(1G2).4s.4p.(3P*)"	"v 3H*"	"4"	9	9		
"2989.161"	"2989.16517"	""		"23711.456"	"57155.857"	"3d6.(5D).4s.4p.(3P*)"	"z 7P*"	"4"	"3d6.4s.(6D).5d"	"7G"	"4"	9	9		
"2989.487"	"2989.4881"	""		"26339.696"	"59780.484"	"3d6.(5D).4s.4p.(3P*)"	"z 5D*"	"2"	"3d6.4s.(6D<5/2>).6d"	"2[3/2]"	"2"	5	5		
"2990.3913"	"2990.39127"	"3.5e+07"	D+	"21999.130"	"55429.819"	"3d7.(2G).4s"	"a 3G"	"4"	"3d6.(1G2).4s.4p.(3P*)"	"s 3G*"	"5"	9	11		
"2990.599"	"2990.5957"	""		"25091.599"	"58520.003"	"3d7.(2P).4s"	"c 3P"	"0"	"3d6.4s.(4D).5p"	"5D*"	"1"	1	3		
"2991.6312"	"2991.63126"	""		"19390.168"	"52807.001"	"3d6.4s2"	"a 3H"	"6"	"3d7.(4F).5p"	"3G*"	"5"	13	11		
"2991.763"	"2991.76252"	""		"23711.456"	"57126.823"	"3d6.(5D).4s.4p.(3P*)"	"z 7P*"	"4"	"3d6.4s.(6D).5d"	"7G"	"5"	9	11		
"2991.827"	"2991.83549"	""		"20874.482"	"54289.034"	"3d6.4s2"	"b 3F2"	"3"	"3d7.(4F).5p"	"3F*"	"3"	7	7		
"2991.904"	"2991.90336"	""		"23711.456"	"57125.250"	"3d6.(5D).4s.4p.(3P*)"	"z 7P*"	"4"	"3d6.4s.(6D).5d"	"5F"	"4"	9	9		
"2993.280"	"2993.2811"	""		"26140.179"	"59538.594"	"3d6.(5D).4s.4p.(3P*)"	"z 5D*"	"3"	"3d6.4s.(6D<7/2>).6d"	"2[5/2]"	"3"	7	7		
"2993.791"	"2993.797"	""		"26140.179"	"59532.84"	"3d6.(5D).4s.4p.(3P*)"	"z 5D*"	"3"	"3d6.4s.(6D<7/2>).6d"	"2[9/2]"	"4"	7	9		
"2994.074"	"2994.083"	""		"26339.696"	"59729.17"	"3d6.(5D).4s.4p.(3P*)"	"z 5D*"	"2"	"3d6.4s.(6D<5/2>).6d"	"2[1/2]"	"1"	5	3		
"2994.4266"	"2994.42662"	"4.39e+07"	B+	"415.933"	"33801.572"	"3d6.4s2"	"a 5D"	"3"	"3d7.(4F).4p"	"y 5D*"	"2"	7	5		
"2994.5019"	"2994.50197"	"1.49e+06"	A	"978.074"	"34362.873"	"3d6.4s2"	"a 5D"	"0"	"3d6.(5D).4s.4p.(3P*)"	"z 3P*"	"1"	1	3		
"2995.2497"	"2995.24918"	""		"20641.110"	"54017.581"	"3d6.4s2"	"b 3F2"	"4"	"3d7.(4F).5p"	"3G*"	"4"	9	9		
"2995.475"	"2995.475"	""		"26140.179"	"59514.13"	"3d6.(5D).4s.4p.(3P*)"	"z 5D*"	"3"	"3d6.4s.(6D<7/2>).6d"	"2[5/2]"	"2"	7	5		
"2995.594"	"2995.59285"	""		"20641.110"	"54013.752"	"3d6.4s2"	"b 3F2"	"4"	"3d6.(3D).4s.4p.(3P*)"	"5F*"	"5"	9	11		
"2995.830"	"2995.8324"	""		"24338.767"	"57708.741"	"3d6.4s2"	"b 3G"	"3"	"3d6.(3D).4s.4p.(3P*)"	"t 3F*"	"2"	7	5		
"2995.956"	"2995.96256"	""		"23110.939"	"56479.463"	"3d6.(5D).4s.4p.(3P*)"	"z 7F*"	"3"	"3d6.4s.(6D).5d"	"5D"	"2"	7	5		
"2996.3855"	"2996.38525"	"1.70e+07"	B	"19552.478"	"52916.295"	"3d6.4s2"	"a 3P2"	"1"	"3d7.(2D2).4p"	"v 3P*"	"2"	3	5		
"2996.570"	"2996.57692"	""		"22845.869"	"56207.552"	"3d6.(5D).4s.4p.(3P*)"	"z 7F*"	"5"	"3d6.4s.(6D).5d"	"5D"	"4"	11	9		
"2997.526"	"2997.5299"	""		"23110.939"	"56462.016"	"3d6.(5D).4s.4p.(3P*)"	"z 7F*"	"3"	"3d6.4s.(6D).5d"	"7P"	"3"	7	7		
"2998.326"	"2998.3295"	""		"20641.110"	"53983.293"	"3d6.4s2"	"b 3F2"	"4"	"3d6.(3G).4s.4p.(3P*)"	"t 3G*"	"5"	9	11		
"2998.436"	"2998.42881"	""		"23110.939"	"56452.018"	"3d6.(5D).4s.4p.(3P*)"	"z 7F*"	"3"	"3d6.4s.(6D).5d"	"7D"	"4"	7	9		
"2998.478"	"2998.48520"	""		"22996.674"	"56337.126"	"3d6.(5D).4s.4p.(3P*)"	"z 7F*"	"4"	"3d6.4s.(6D).5d"	"5D"	"3"	9	7		
"2998.930"	"2998.931"	""		"25899.989"	"59235.48"	"3d6.(5D).4s.4p.(3P*)"	"z 5D*"	"4"	"3d6.4s.(6D<9/2>).6d"	"2[7/2]"	"4"	9	9		
"2998.930"	"2998.935"	""		"26140.179"	"59475.63"	"3d6.(5D).4s.4p.(3P*)"	"z 5D*"	"3"	"3d6.4s.(6D<7/2>).6d"	"2[7/2]"	"4"	7	9		
"2999.1880"	"2999.18950"	""		"19621.006"	"52953.629"	"3d6.4s2"	"a 3H"	"5"	"3d6.(3G).4s.4p.(3P*)"	"3F*"	"4"	11	9		
"2999.5116"	"2999.51140"	"1.70e+07"	C	"6928.268"	"40257.314"	"3d7.(4F).4s"	"a 5F"	"5"	"3d6.(5D).4s.4p.(1P*)"	"x 5F*"	"5"	11	11		
"3000.4509"	"3000.45121"	"5.41e+06"	B+	"11976.239"	"45294.846"	"3d7.(4F).4s"	"a 3F"	"4"	"3d6.(3H).4s.4p.(3P*)"	"y 3G*"	"5"	9	11		
"3000.577"	"3000.5766"	""		"25899.989"	"59217.204"	"3d6.(5D).4s.4p.(3P*)"	"z 5D*"	"4"	"3d6.4s.(6D<9/2>).6d"	"2[5/2]"	"3"	9	7		
"3000.9476"	"3000.94760"	"6.42e+07"	A	"704.007"	"34017.103"	"3d6.4s2"	"a 5D"	"2"	"3d7.(4F).4p"	"y 5D*"	"1"	5	3		
"3001.658"	"3001.65594"	""		"24335.766"	"57641.001"	"3d7.(2P).4s"	"c 3P"	"2"	"3d6.(3D).4s.4p.(3P*)"	"t 3F*"	"3"	5	7		
"3001.787"	"3001.78600"	""		"21038.987"	"54342.779"	"3d6.4s2"	"b 3F2"	"2"	"3d7.(4F).5p"	"3D*"	"2"	5	5		
"3001.827"	"3001.8335"	""		"25091.599"	"58394.864"	"3d7.(2P).4s"	"c 3P"	"0"	"3d6.4s.(4D).5p"	"3D*"	"1"	1	3		
"3001.924"	"3001.92644"	""		"24338.767"	"57641.001"	"3d6.4s2"	"b 3G"	"3"	"3d6.(3D).4s.4p.(3P*)"	"t 3F*"	"3"	7	7		
"3003.0305"	"3003.03050"	"7.50e+06"	C	"7728.060"	"41018.051"	"3d7.(4F).4s"	"a 5F"	"3"	"3d6.(5D).4s.4p.(1P*)"	"x 5F*"	"2"	7	5		
"3003.251"	"3003.2517"	""		"26479.381"	"59766.92"	"3d6.(5D).4s.4p.(3P*)"	"z 5D*"	"1"	"3d6.4s.(6D<5/2>).6d"	"2[3/2]"	"1"	3	3		
"3003.338"	"3003.3408"	""		"23783.619"	"57070.171"	"3d6.4s2"	"b 3G"	"5"	"3d6.(1I).4s.4p.(3P*)"	"x 3I*"	"6"	11	13		
"3003.686"	"3003.6856"	""		"25899.989"	"59182.72"	"3d6.(5D).4s.4p.(3P*)"	"z 5D*"	"4"	"3d6.4s.(6D<9/2>).6d"	"2[11/2]"	"5"	9	11		
"3004.1134"	"3004.1133"	"2.79e+06"	B	"19621.006"	"52898.998"	"3d6.4s2"	"a 3H"	"5"	"3d7.(2H).4p"	"y 3I*"	"5"	11	11		
"3004.6267"	"3004.62829"	""		"12560.934"	"45833.223"	"3d7.(4F).4s"	"a 3F"	"3"	"3d6.(3F2).4s.4p.(3P*)"	"x 5G*"	"4"	7	9		
"3005.006"	"3005.01404"	""		"22845.869"	"56113.887"	"3d6.(5D).4s.4p.(3P*)"	"z 7F*"	"5"	"3d7.(4F).6s"	"5F"	"5"	11	11		
"3005.3025"	"3005.3026"	"2.94e+06"	C	"19390.168"	"52654.992"	"3d6.4s2"	"a 3H"	"6"	"3d7.(2H).4p"	"y 3I*"	"7"	13	15		
"3005.726"	"3005.72286"	""		"20874.482"	"54134.655"	"3d6.4s2"	"b 3F2"	"3"	"3d7.(4F).5p"	"5G*"	"3"	7	7		
"3005.966"	"3005.97303"	""		"24180.862"	"57438.267"	"3d6.(5D).4s.4p.(3P*)"	"z 7P*"	"3"	"3d6.4s.(6D).5d"	"7S"	"3"	7	7		
"3006.539"	"3006.538"	""		"26339.696"	"59590.85"	"3d6.(5D).4s.4p.(3P*)"	"z 5D*"	"2"	"3d6.4s.(6D<7/2>).6d"	"2[3/2]"	"1"	5	3		
"3006.596"	"3006.5968"	""		"26140.179"	"59390.684"	"3d6.(5D).4s.4p.(3P*)"	"z 5D*"	"3"	""	"59390e"	"3"	7	7		
"3006.608"	"3006.60489"	""		"20641.110"	"53891.526"	"3d6.4s2"	"b 3F2"	"4"	"3d6.(3D).4s.4p.(3P*)"	"5D*"	"3"	9	7		
"3007.1450"	"3007.14520"	"7.34e+06"	B+	"11976.239"	"45220.681"	"3d7.(4F).4s"	"a 3F"	"4"	"3d6.(3P2).4s.4p.(3P*)"	"x 3D*"	"3"	9	7		
"3007.2822"	"3007.28234"	"2.73e+06"	A	"704.007"	"33946.933"	"3d6.4s2"	"a 5D"	"2"	"3d6.(5D).4s.4p.(3P*)"	"z 3P*"	"2"	5	5		
"3007.471"	"3007.46655"	""		"18378.186"	"51619.076"	"3d6.4s2"	"a 3P2"	"2"	"3d6.(5D).4s (6D).5p"	"u 5F*"	"3"	5	7		
"3008.1380"	"3008.13796"	"1.07e+08"	A	"888.132"	"34121.603"	"3d6.4s2"	"a 5D"	"1"	"3d7.(4F).4p"	"y 5D*"	"0"	3	1		
"3008.483"	"3008.4813"	""		"26339.696"	"59569.374"	"3d6.(5D).4s.4p.(3P*)"	"z 5D*"	"2"	"3d6.4s.(6D<7/2>).6d"	"2[3/2]"	"2"	5	5		
"3008.495"	"3008.49392"	""		"24335.766"	"57565.305"	"3d7.(2P).4s"	"c 3P"	"2"	"3d6.(3P2).4s.4p.(1P*)"	"3D*"	"3"	5	7		
"3008.677"	"3008.6837"	""		"24772.018"	"57999.461"	"3d7.(2P).4s"	"c 3P"	"1"	"3d6.4s.(4D).5p"	"3P*"	"2"	3	5		
"3008.789"	"3008.79744"	""		"23110.939"	"56337.126"	"3d6.(5D).4s.4p.(3P*)"	"z 7F*"	"3"	"3d6.4s.(6D).5d"	"5D"	"3"	7	7		
"3009.0929"	"3009.09315"	"7.77e+06"	B+	"19390.168"	"52613.090"	"3d6.4s2"	"a 3H"	"6"	"3d7.(2H).4p"	"w 3H*"	"5"	13	11		
"3009.5691"	"3009.56911"	"1.43e+07"	C+	"7376.764"	"40594.432"	"3d7.(4F).4s"	"a 5F"	"4"	"3d6.(5D).4s.4p.(1P*)"	"x 5F*"	"4"	9	9		
"3009.681"	"3009.6803"	""		"26550.479"	"59766.92"	"3d6.(5D).4s.4p.(3P*)"	"z 5D*"	"0"	"3d6.4s.(6D<5/2>).6d"	"2[3/2]"	"1"	1	3		
"3010.168"	"3010.17303"	""		"20641.110"	"53852.114"	"3d6.4s2"	"b 3F2"	"4"	"3d7.(4F).5p"	"5G*"	"4"	9	9		
"3011.271"	"3011.2707"	""		"26339.696"	"59538.594"	"3d6.(5D).4s.4p.(3P*)"	"z 5D*"	"2"	"3d6.4s.(6D<7/2>).6d"	"2[5/2]"	"3"	5	7		
"3011.474"	"3011.46640"	""		"20641.110"	"53837.851"	"3d6.4s2"	"b 3F2"	"4"	"3d7.(4F).5p"	"3D*"	"3"	9	7		
"3011.4808"	"3011.4811"	"3.79e+07"	B+	"22249.429"	"55446.008"	"3d7.(2G).4s"	"a 3G"	"3"	"3d6.(1G2).4s.4p.(3P*)"	"v 3H*"	"4"	7	9		
"3011.8847"	"3011.8852"	""		"20037.816"	"53229.941"	"3d6.4s2"	"a 3P2"	"0"	"3d7.(2D2).4p"	"v 3P*"	"1"	1	3		
"3012.4412"	"3012.44159"	""		"19621.006"	"52807.001"	"3d6.4s2"	"a 3H"	"5"	"3d7.(4F).5p"	"3G*"	"5"	11	11		
"3012.933"	"3012.9307"	""		"26339.696"	"59520.304"	"3d6.(5D).4s.4p.(3P*)"	"z 5D*"	"2"	"3d6.4s.(6D<7/2>).6d"	"2[7/2]"	"3"	5	7		
"3012.933"	"3012.94014"	""		"24180.862"	"57361.366"	"3d6.(5D).4s.4p.(3P*)"	"z 7P*"	"3"	"3d6.4s.(6D).5d"	"7G"	"3"	7	7		
"3013.489"	"3013.491"	""		"26339.696"	"59514.13"	"3d6.(5D).4s.4p.(3P*)"	"z 5D*"	"2"	"3d6.4s.(6D<7/2>).6d"	"2[5/2]"	"2"	5	5		
"3014.099"	"3014.1049"	""		"23783.619"	"56951.301"	"3d6.4s2"	"b 3G"	"5"	"3d7.(2H).4p"	"v 1G*"	"4"	11	9		
"3014.1732"	"3014.17327"	"2.57e+05"	B	"7728.060"	"40894.990"	"3d7.(4F).4s"	"a 5F"	"3"	"3d6.(3P2).4s.4p.(3P*)"	"z 5S*"	"2"	7	5		
"3014.315"	"3014.31433"	""		"19788.251"	"52953.629"	"3d6.4s2"	"a 3H"	"4"	"3d6.(3G).4s.4p.(3P*)"	"3F*"	"4"	9	9		
"3015.9188"	"3015.9186"	"6.3e+06"	D+	"19621.006"	"52768.743"	"3d6.4s2"	"a 3H"	"5"	"3d7.(2H).4p"	"w 3H*"	"4"	11	9		
"3016.1845"	"3016.18458"	"8.85e+06"	D+	"7985.785"	"41130.599"	"3d7.(4F).4s"	"a 5F"	"2"	"3d6.(5D).4s.4p.(1P*)"	"x 5F*"	"1"	5	3		
"3017.251"	"3017.25835"	""		"23711.456"	"56844.475"	"3d6.(5D).4s.4p.(3P*)"	"z 7P*"	"4"	"3d6.4s.(6D).5d"	"7P"	"4"	9	9		
"3017.4173"	"3017.41700"	""		"23711.456"	"56842.733"	"3d6.(5D).4s.4p.(3P*)"	"z 7P*"	"4"	"3d6.4s.(6D).5d"	"7F"	"5"	9	11		
"3017.6270"	"3017.62704"	"6.81e+06"	A	"888.132"	"34017.103"	"3d6.4s2"	"a 5D"	"1"	"3d7.(4F).4p"	"y 5D*"	"1"	3	3		
"3017.861"	"3017.85597"	""		"24180.862"	"57307.320"	"3d6.(5D).4s.4p.(3P*)"	"z 7P*"	"3"	"3d6.4s.(6D).5d"	"7F"	"4"	7	9		
"3018.1348"	"3018.13533"	""		"19390.168"	"52513.560"	"3d6.4s2"	"a 3H"	"6"	"3d7.(2H).4p"	"y 3I*"	"6"	13	13		
"3018.247"	"3018.24668"	""		"20641.110"	"53763.280"	"3d6.4s2"	"b 3F2"	"4"	"3d7.(2D2).4p"	"x 1F*"	"3"	9	7		
"3018.700"	"3018.69847"	""		"22996.674"	"56113.887"	"3d6.(5D).4s.4p.(3P*)"	"z 7F*"	"4"	"3d7.(4F).6s"	"5F"	"5"	9	11		
"3018.9828"	"3018.98281"	"1.03e+07"	C+	"7728.060"	"40842.154"	"3d7.(4F).4s"	"a 5F"	"3"	"3d6.(5D).4s.4p.(1P*)"	"x 5F*"	"3"	7	7		
"3019.221"	"3019.222"	""		"26479.381"	"59590.85"	"3d6.(5D).4s.4p.(3P*)"	"z 5D*"	"1"	"3d6.4s.(6D<7/2>).6d"	"2[3/2]"	"1"	3	3		
"3019.2873"	"3019.2880"	"2.33e+06"	C+	"19788.251"	"52898.998"	"3d6.4s2"	"a 3H"	"4"	"3d7.(2H).4p"	"y 3I*"	"5"	9	11		
"3019.926"	"3019.92894"	""		"24335.766"	"57439.486"	"3d7.(2P).4s"	"c 3P"	"2"	"3d6.4s.(6D<5/2>).4f"	"2[7/2]*"	"3"	5	7		
"3020.4905"	"3020.49056"	"1.94e+07"	B	"704.007"	"33801.572"	"3d6.4s2"	"a 5D"	"2"	"3d7.(4F).4p"	"y 5D*"	"2"	5	5		
"3020.6388"	"3020.63878"	"7.59e+07"	B	"0.000"	"33095.941"	"3d6.4s2"	"a 5D"	"4"	"3d7.(4F).4p"	"y 5D*"	"4"	9	9		
"3021.0725"	"3021.07248"	"4.55e+07"	A	"415.933"	"33507.123"	"3d6.4s2"	"a 5D"	"3"	"3d7.(4F).4p"	"y 5D*"	"3"	7	7		
"3023.426"	"3023.4309"	""		"24335.766"	"57401.144"	"3d7.(2P).4s"	"c 3P"	"2"	"3d6.4s.(6D).6p"	"5D*"	"1"	5	3		
"3024.0324"	"3024.03247"	"4.87e+06"	A	"888.132"	"33946.933"	"3d6.4s2"	"a 5D"	"1"	"3d6.(5D).4s.4p.(3P*)"	"z 3P*"	"2"	3	5		
"3024.793"	"3024.79916"	""		"23711.456"	"56761.878"	"3d6.(5D).4s.4p.(3P*)"	"z 7P*"	"4"	"3d6.4s.(6D).5d"	"5F"	"5"	9	11		
"3025.2798"	"3025.27956"	"1.66e+05"	B	"7376.764"	"40421.938"	"3d7.(4F).4s"	"a 5F"	"4"	"3d5.(6S).4s2.4p"	"y 7P*"	"4"	9	9		
"3025.6362"	"3025.63620"	"5.86e+07"	B+	"19390.168"	"52431.447"	"3d6.4s2"	"a 3H"	"6"	"3d7.(2H).4p"	"w 3H*"	"6"	13	13		
"3025.8422"	"3025.84226"	"3.48e+07"	A	"978.074"	"34017.103"	"3d6.4s2"	"a 5D"	"0"	"3d7.(4F).4p"	"y 5D*"	"1"	1	3		
"3026.4617"	"3026.46179"	"1.10e+07"	C	"7985.785"	"41018.051"	"3d7.(4F).4s"	"a 5F"	"2"	"3d6.(5D).4s.4p.(1P*)"	"x 5F*"	"2"	5	5		
"3027.589"	"3027.58893"	""		"20641.110"	"53661.079"	"3d6.4s2"	"b 3F2"	"4"	"3d7.(4F).5p"	"5F*"	"3"	9	7		
"3027.700"	"3027.70070"	""		"19788.251"	"52807.001"	"3d6.4s2"	"a 3H"	"4"	"3d7.(4F).5p"	"3G*"	"5"	9	11		
"3029.074"	"3029.0769"	""		"24506.917"	"57510.666"	"3d6.(5D).4s.4p.(3P*)"	"z 7P*"	"2"	"3d7.(4F).6s"	"5F"	"3"	5	7		
"3029.2338"	"3029.23379"	"6.98e+05"	B+	"12560.934"	"45562.974"	"3d7.(4F).4s"	"a 3F"	"3"	"3d6.(3H).4s.4p.(3P*)"	"y 3G*"	"3"	7	7		
"3030.1481"	"3030.14796"	"5.04e+07"	B+	"19621.006"	"52613.090"	"3d6.4s2"	"a 3H"	"5"	"3d7.(2H).4p"	"w 3H*"	"5"	11	11		
"3030.6036"	"3030.60350"	""		"18378.186"	"51365.311"	"3d6.4s2"	"a 3P2"	"2"	"3d7.(2D2).4p"	"v 3F*"	"3"	5	7		
"3030.759"	"3030.7622"	""		"24118.819"	"57104.217"	"3d6.4s2"	"b 3G"	"4"	"3d6.(1I).4s.4p.(3P*)"	"x 3I*"	"5"	9	11		
"3030.958"	"3030.96370"	""		"18378.186"	"51361.391"	"3d6.4s2"	"a 3P2"	"2"	"3d6.(5D).4s (6D).5p"	"t 5D*"	"3"	5	7		
"3031.2123"	"3031.2130"	""		"19788.251"	"52768.743"	"3d6.4s2"	"a 3H"	"4"	"3d7.(2H).4p"	"w 3H*"	"4"	9	9		
"3031.330"	"3031.32444"	""		"24180.862"	"57160.142"	"3d6.(5D).4s.4p.(3P*)"	"z 7P*"	"3"	"3d6.4s.(6D).5d"	"5P"	"3"	7	7		
"3031.471"	"3031.47593"	""		"20874.482"	"53852.114"	"3d6.4s2"	"b 3F2"	"3"	"3d7.(4F).5p"	"5G*"	"4"	7	9		
"3031.6364"	"3031.63654"	"1.38e+07"	D+	"8154.714"	"41130.599"	"3d7.(4F).4s"	"a 5F"	"1"	"3d6.(5D).4s.4p.(1P*)"	"x 5F*"	"1"	3	3		
"3031.712"	"3031.71837"	""		"24180.862"	"57155.857"	"3d6.(5D).4s.4p.(3P*)"	"z 7P*"	"3"	"3d6.4s.(6D).5d"	"7G"	"4"	7	9		
"3031.860"	"3031.8531"	""		"27559.583"	"60533.113"	"3d6.(5D).4s.4p.(3P*)"	"z 5F*"	"2"	"3d6.(5D).4p2.(3P)"	"7F"	"2"	5	5		
"3032.051"	"3032.05695"	""		"23783.619"	"56754.932"	"3d6.4s2"	"b 3G"	"5"	"3d6.4s.(6D<9/2>).4f"	"2[9/2]*"	"4"	11	9		
"3033.097"	"3033.09963"	"5.26e+06"	C+	"19552.478"	"52512.457"	"3d6.4s2"	"a 3P2"	"1"	"3d7.(2P).4p"	"u 3D*"	"1"	3	3		
"3033.796"	"3033.79975"	""		"22838.323"	"55790.696"	"3d7.(4P).4s"	"b 3P"	"2"	"3d6.(1G2).4s.4p.(3P*)"	"s 3G*"	"3"	5	7		
"3034.479"	"3034.4840"	""		"12968.554"	"45913.497"	"3d7.(4F).4s"	"a 3F"	"2"	"3d6.(3F2).4s.4p.(3P*)"	"x 5G*"	"3"	5	7		
"3034.5364"	"3034.53511"	""		"24180.862"	"57125.250"	"3d6.(5D).4s.4p.(3P*)"	"z 7P*"	"3"	"3d6.4s.(6D).5d"	"5F"	"4"	7	9		
"3034.592"	"3034.59415"	""		"24506.917"	"57450.664"	"3d6.(5D).4s.4p.(3P*)"	"z 7P*"	"2"	"3d6.4s.(6D).5d"	"7G"	"2"	5	5		
"3035.7354"	"3035.73657"	""		"24506.917"	"57438.267"	"3d6.(5D).4s.4p.(3P*)"	"z 7P*"	"2"	"3d6.4s.(6D).5d"	"7S"	"3"	5	7		
"3037.161"	"3037.1606"	""		"22838.323"	"55754.233"	"3d7.(4P).4s"	"b 3P"	"2"	"3d7.(2D2).4p"	"w 1D*"	"2"	5	5		
"3037.3885"	"3037.38855"	"2.91e+07"	B	"888.132"	"33801.572"	"3d6.4s2"	"a 5D"	"1"	"3d7.(4F).4p"	"y 5D*"	"2"	3	5		
"3037.542"	"3037.5497"	""		"26339.696"	"59251.39"	"3d6.(5D).4s.4p.(3P*)"	"z 5D*"	"2"	"3d6.4s.(6D<9/2>).6d"	"2[7/2]"	"3"	5	7		
"3037.685"	"3037.68132"	""		"20874.482"	"53784.750"	"3d6.4s2"	"b 3F2"	"3"	"3d7.(4F).5p"	"5D*"	"3"	7	7		
"3037.7794"	"3037.77944"	"3.44e+05"	B	"7985.785"	"40894.990"	"3d7.(4F).4s"	"a 5F"	"2"	"3d6.(3P2).4s.4p.(3P*)"	"z 5S*"	"2"	5	5		
"3037.782"	"3037.7888"	""		"27166.820"	"60075.924"	"3d6.(5D).4s.4p.(3P*)"	"z 5F*"	"4"	"3d6.4s.(6D<3/2>).6d"	"2[5/2]"	"3"	9	7		
"3038.312"	"3038.31365"	""		"24180.862"	"57084.281"	"3d6.(5D).4s.4p.(3P*)"	"z 7P*"	"3"	"3d6.4s.(6D).5d"	"7F"	"3"	7	7		
"3038.974"	"3038.97886"	""		"24506.917"	"57403.134"	"3d6.(5D).4s.4p.(3P*)"	"z 7P*"	"2"	"3d6.4s.(6D).5d"	"5P"	"2"	5	5		
"3039.3169"	"3039.31730"	"1.60e+06"	C+	"19621.006"	"52513.560"	"3d6.4s2"	"a 3H"	"5"	"3d7.(2H).4p"	"y 3I*"	"6"	11	13		
"3039.598"	"3039.59870"	""		"24180.862"	"57070.371"	"3d6.(5D).4s.4p.(3P*)"	"z 7P*"	"3"	"3d6.4s.(6D).5d"	"7D"	"3"	7	7		
"3040.4271"	"3040.42694"	"2.45e+06"	D+	"7376.764"	"40257.314"	"3d7.(4F).4s"	"a 5F"	"4"	"3d6.(5D).4s.4p.(1P*)"	"x 5F*"	"5"	9	11		
"3040.759"	"3040.7651"	""		"26623.735"	"59500.628"	"3d7.(2D2).4s"	"a 3D"	"2"	"3d6.(3P2).4s.4p.(1P*)"	"3S*"	"1"	5	3		
"3040.956"	"3040.94737"	""		"20874.482"	"53749.405"	"3d6.4s2"	"b 3F2"	"3"	"3d6.(3G).4s.4p.(3P*)"	"3F*"	"2"	7	5		
"3040.956"	"3040.96300"	""		"24180.862"	"57055.616"	"3d6.(5D).4s.4p.(3P*)"	"z 7P*"	"3"	"3d6.4s.(6D).5d"	"5G"	"3"	7	7		
"3041.029"	"3041.02970"	""		"21038.987"	"53913.020"	"3d6.4s2"	"b 3F2"	"2"	"3d6.(3D).4s.4p.(3P*)"	"5D*"	"2"	5	5		
"3041.6370"	"3041.63715"	"4.24e+06"	B+	"12560.934"	"45428.402"	"3d7.(4F).4s"	"a 3F"	"3"	"3d6.(3H).4s.4p.(3P*)"	"y 3G*"	"4"	7	9		
"3041.7386"	"3041.73858"	"5.20e+06"	D+	"7728.060"	"40594.432"	"3d7.(4F).4s"	"a 5F"	"3"	"3d6.(5D).4s.4p.(1P*)"	"x 5F*"	"4"	7	9		
"3041.890"	"3041.8971"	""		"26224.969"	"59089.628"	"3d7.(2D2).4s"	"a 3D"	"3"	"3d6.4s.(4D).5p"	"3F*"	"3"	7	7		
"3042.0194"	"3042.01950"	"4.70e+06"	D+	"8154.714"	"41018.051"	"3d7.(4F).4s"	"a 5F"	"1"	"3d6.(5D).4s.4p.(1P*)"	"x 5F*"	"2"	3	5		
"3042.6646"	"3042.66466"	"5.20e+06"	C+	"7985.785"	"40842.154"	"3d7.(4F).4s"	"a 5F"	"2"	"3d6.(5D).4s.4p.(1P*)"	"x 5F*"	"3"	5	7		
"3042.840"	"3042.84248"	""		"24506.917"	"57361.366"	"3d6.(5D).4s.4p.(3P*)"	"z 7P*"	"2"	"3d6.4s.(6D).5d"	"7G"	"3"	5	7		
"3042.840"	"3042.84313"	""		"24574.655"	"57429.097"	"3d7.(2G).4s"	"a 1G"	"4"	"3d6.4s.(6D<5/2>).4f"	"2[11/2]*"	"5"	9	11		
"3043.796"	"3043.7944"	""		"26874.550"	"59718.724"	"3d6.(5D).4s.4p.(3P*)"	"z 5F*"	"5"	"3d6.4s.(6D<5/2>).6d"	"2[9/2]"	"5"	11	11		
"3044.103"	"3044.1049"	""		"26105.908"	"58946.732"	"3d7.(2H).4s"	"b 3H"	"6"	"3d6.(3H).4s.4p.(1P*)"	"3I*"	"6"	13	13		
"3044.216"	"3044.21433"	""		"26140.179"	"58979.823"	"3d6.(5D).4s.4p.(3P*)"	"z 5D*"	"3"	"3d6.4s.(4D).4d"	"3D"	"2"	7	5		
"3044.255"	"3044.25754"	""		"23711.456"	"56550.634"	"3d6.(5D).4s.4p.(3P*)"	"z 7P*"	"4"	"3d6.4s.(6D).5d"	"5G"	"5"	9	11		
"3045.0782"	"3045.07830"	"6.97e+05"	B	"7376.764"	"40207.091"	"3d7.(4F).4s"	"a 5F"	"4"	"3d5.(6S).4s2.4p"	"y 7P*"	"3"	9	7		
"3045.5885"	"3045.58742"	"1.78e+06"	C+	"19788.251"	"52613.090"	"3d6.4s2"	"a 3H"	"4"	"3d7.(2H).4p"	"w 3H*"	"5"	9	11		
"3045.746"	"3045.74851"	""		"18378.186"	"51201.289"	"3d6.4s2"	"a 3P2"	"2"	"3d7.(2D2).4p"	"v 3F*"	"2"	5	5		
"3046.505"	"3046.5038"	""		"26339.696"	"59154.662"	"3d6.(5D).4s.4p.(3P*)"	"z 5D*"	"2"	"3d6.4s.(4D).4d"	"3S"	"1"	5	3		
"3046.643"	"3046.6464"	""		"24506.917"	"57320.347"	"3d6.(5D).4s.4p.(3P*)"	"z 7P*"	"2"	"3d6.4s.(6D).5d"	"7G"	"1"	5	3		
"3046.803"	"3046.8046"	""		"21999.130"	"54810.856"	"3d7.(2G).4s"	"a 3G"	"4"	"3d6.(3G).4s.4p.(3P*)"	"w 1G*"	"4"	9	9		
"3046.9238"	"3046.92395"	""		"19621.006"	"52431.447"	"3d6.4s2"	"a 3H"	"5"	"3d7.(2H).4p"	"w 3H*"	"6"	11	13		
"3047.0491"	"3047.04998"	""		"23783.619"	"56592.703"	"3d6.4s2"	"b 3G"	"5"	"3d6.(1G2).4s.4p.(3P*)"	"u 3F*"	"4"	11	9		
"3047.204"	"3047.2048"	""		"22946.816"	"55754.233"	"3d7.(4P).4s"	"b 3P"	"1"	"3d7.(2D2).4p"	"w 1D*"	"2"	3	5		
"3047.454"	"3047.45144"	""		"23711.456"	"56516.218"	"3d6.(5D).4s.4p.(3P*)"	"z 7P*"	"4"	"3d7.(4F).6s"	"5F"	"4"	9	9		
"3047.6043"	"3047.60437"	"2.84e+07"	A	"704.007"	"33507.123"	"3d6.4s2"	"a 5D"	"2"	"3d7.(4F).4p"	"y 5D*"	"3"	5	7		
"3048.001"	"3047.99947"	""		"21038.987"	"53837.851"	"3d6.4s2"	"b 3F2"	"2"	"3d7.(4F).5p"	"3D*"	"3"	5	7		
"3049.144"	"3049.13992"	""		"20874.482"	"53661.079"	"3d6.4s2"	"b 3F2"	"3"	"3d7.(4F).5p"	"5F*"	"3"	7	7		
"3049.3526"	"3049.35161"	""		"24506.917"	"57291.238"	"3d6.(5D).4s.4p.(3P*)"	"z 7P*"	"2"	"3d6.4s.(6D).5d"	"7P"	"2"	5	5		
"3049.538"	"3049.5365"	""		"25899.989"	"58682.322"	"3d6.(5D).4s.4p.(3P*)"	"z 5D*"	"4"	"3d6.4s.(4D).4d"	"3D"	"3"	9	7		
"3050.770"	"3050.76127"	""		"24574.655"	"57343.828"	"3d7.(2G).4s"	"a 1G"	"4"	"3d6.4s.(6D).6p"	"5F*"	"3"	9	7		
"3052.491"	"3052.4952"	""		"23711.456"	"56462.016"	"3d6.(5D).4s.4p.(3P*)"	"z 7P*"	"4"	"3d6.4s.(6D).5d"	"7P"	"3"	9	7		
"3053.0654"	"3053.06552"	"1.53e+07"	B	"19552.478"	"52296.920"	"3d6.4s2"	"a 3P2"	"1"	"3d7.(2P).4p"	"u 3D*"	"2"	3	5		
"3053.4281"	"3053.42735"	""		"23711.456"	"56452.018"	"3d6.(5D).4s.4p.(3P*)"	"z 7P*"	"4"	"3d6.4s.(6D).5d"	"7D"	"4"	9	9		
"3053.4533"	"3053.45402"	"1.17e+05"	C+	"8154.714"	"40894.990"	"3d7.(4F).4s"	"a 5F"	"1"	"3d6.(3P2).4s.4p.(3P*)"	"z 5S*"	"2"	3	5		
"3053.755"	"3053.75707"	""		"26224.969"	"58961.996"	"3d7.(2D2).4s"	"a 3D"	"3"	"3d6.4s.(4D).5p"	"3F*"	"2"	7	5		
"3053.855"	"3053.85941"	""		"20874.482"	"53610.412"	"3d6.4s2"	"b 3F2"	"3"	"3d7.(4F).5p"	"5D*"	"4"	7	9		
"3055.2622"	"3055.26232"	"9.48e+06"	B+	"12560.934"	"45281.833"	"3d7.(4F).4s"	"a 3F"	"3"	"3d6.(3P2).4s.4p.(3P*)"	"x 3D*"	"2"	7	5		
"3055.2933"	"3055.29351"	""		"23711.456"	"56432.021"	"3d6.(5D).4s.4p.(3P*)"	"z 7P*"	"4"	"3d6.4s.(6D).5d"	"7D"	"5"	9	11		
"3055.356"	"3055.357"	""		"27166.820"	"59886.70"	"3d6.(5D).4s.4p.(3P*)"	"z 5F*"	"4"	"3d6.4s.(6D<5/2>).6d"	"2[7/2]"	"3"	9	7		
"3055.6815"	"3055.68201"	""		"20641.110"	"53357.515"	"3d6.4s2"	"b 3F2"	"4"	"3d6.(3G).4s.4p.(3P*)"	"3F*"	"3"	9	7		
"3056.101"	"3056.10192"	""		"24506.917"	"57218.827"	"3d6.(5D).4s.4p.(3P*)"	"z 7P*"	"2"	"3d7.(4F).6s"	"3F"	"3"	5	7		
"3056.101"	"3056.110"	""		"27166.820"	"59878.64"	"3d6.(5D).4s.4p.(3P*)"	"z 5F*"	"4"	"3d6.4s.(6D<5/2>).6d"	"2[7/2]"	"4"	9	9		
"3056.2416"	"3056.24132"	""		"21038.987"	"53749.405"	"3d6.4s2"	"b 3F2"	"2"	"3d6.(3G).4s.4p.(3P*)"	"3F*"	"2"	5	5		
"3056.580"	"3056.57689"	""		"24506.917"	"57213.744"	"3d6.(5D).4s.4p.(3P*)"	"z 7P*"	"2"	"3d6.4s.(6D).5d"	"7F"	"1"	5	3		
"3057.4456"	"3057.44545"	"3.13e+07"	B	"6928.268"	"39625.804"	"3d7.(4F).4s"	"a 5F"	"5"	"3d6.(5D).4s.4p.(1P*)"	"x 5D*"	"4"	11	9		
"3057.584"	"3057.5829"	""		"26339.696"	"59035.762"	"3d6.(5D).4s.4p.(3P*)"	"z 5D*"	"2"	"3d6.4s.(6D).7s"	"5D"	"2"	5	5		
"3057.718"	"3057.71937"	""		"21038.987"	"53733.594"	"3d6.4s2"	"b 3F2"	"2"	"3d6.(3D).4s.4p.(3P*)"	"5F*"	"3"	5	7		
"3057.7882"	"3057.78755"	""		"7728.060"	"40421.938"	"3d7.(4F).4s"	"a 5F"	"3"	"3d5.(6S).4s2.4p"	"y 7P*"	"4"	7	9		
"3057.957"	"3057.95526"	""		"25899.989"	"58592.074"	"3d6.(5D).4s.4p.(3P*)"	"z 5D*"	"4"	"3d7.(4F).5d"	"5F"	"4"	9	9		
"3058.038"	"3058.03646"	""		"25899.989"	"58591.206"	"3d6.(5D).4s.4p.(3P*)"	"z 5D*"	"4"	"3d7.(4F).5d"	"5F"	"5"	9	11		
"3058.078"	"3058.0743"	""		"27394.691"	"60085.504"	"3d6.(5D).4s.4p.(3P*)"	"z 5F*"	"3"	"3d6.4s.(6D<3/2>).6d"	"2[5/2]"	"2"	7	5		
"3058.362"	"3058.36316"	""		"20641.110"	"53328.835"	"3d6.4s2"	"b 3F2"	"4"	"3d7.(4F).5p"	"3F*"	"4"	9	9		
"3058.4912"	"3058.49210"	""		"26105.908"	"58792.255"	"3d7.(2H).4s"	"b 3H"	"6"	"3d6.(3H).4s.4p.(1P*)"	"3I*"	"7"	13	15		
"3059.0856"	"3059.08538"	"1.63e+07"	C+	"415.933"	"33095.941"	"3d6.4s2"	"a 5D"	"3"	"3d7.(4F).4p"	"y 5D*"	"4"	7	9		
"3059.530"	"3059.5279"	""		"26479.381"	"59154.662"	"3d6.(5D).4s.4p.(3P*)"	"z 5D*"	"1"	"3d6.4s.(4D).4d"	"3S"	"1"	3	3		
"3060.5376"	"3060.53751"	"6.75e+06"	D+	"24118.819"	"56783.322"	"3d6.4s2"	"b 3G"	"4"	"3d6.(1G2).4s.4p.(3P*)"	"u 3F*"	"3"	9	7		
"3060.626"	"3060.62091"	""		"24180.862"	"56844.475"	"3d6.(5D).4s.4p.(3P*)"	"z 7P*"	"3"	"3d6.4s.(6D).5d"	"7P"	"4"	7	9		
"3060.7764"	"3060.77684"	""		"24180.862"	"56842.811"	"3d6.(5D).4s.4p.(3P*)"	"z 7P*"	"3"	"3d6.4s.(6D).5d"	"7D"	"2"	7	5		
"3060.9831"	"3060.98321"	"9.08e+05"	B	"12560.934"	"45220.681"	"3d7.(4F).4s"	"a 3F"	"3"	"3d6.(3P2).4s.4p.(3P*)"	"x 3D*"	"3"	7	7		
"3061.107"	"3061.10544"	""		"24118.819"	"56777.262"	"3d6.4s2"	"b 3G"	"4"	"3d6.4s.(6D<9/2>).4f"	"2[5/2]*"	"3"	9	7		
"3061.162"	"3061.1582"	""		"21038.987"	"53696.867"	"3d6.4s2"	"b 3F2"	"2"	"3d6.(3D).4s.4p.(3P*)"	"5F*"	"1"	5	3		
"3061.969"	"3061.960"	""		"26874.550"	"59523.88"	"3d6.(5D).4s.4p.(3P*)"	"z 5F*"	"5"	"3d6.(5D).4p2.(3P)"	"7F"	"5"	11	11		
"3062.164"	"3062.15647"	""		"24118.819"	"56766.053"	"3d6.4s2"	"b 3G"	"4"	"3d6.4s.(6D<9/2>).4f"	"2[7/2]*"	"3"	9	7		
"3062.826"	"3062.82325"	""		"26339.696"	"58979.823"	"3d6.(5D).4s.4p.(3P*)"	"z 5D*"	"2"	"3d6.4s.(4D).4d"	"3D"	"2"	5	5		
"3062.873"	"3062.86669"	""		"23783.619"	"56423.283"	"3d6.4s2"	"b 3G"	"5"	"3d6.(1I).4s.4p.(3P*)"	"u 3H*"	"4"	11	9		
"3063.151"	"3063.14928"	""		"17550.181"	"50186.834"	"3d7.(4P).4s"	"a 5P"	"3"	"3d7.(2P).4p"	"w 3P*"	"2"	7	5		
"3063.9292"	"3063.92955"	""		"19552.478"	"52180.820"	"3d6.4s2"	"a 3P2"	"1"	"3d7.(2P).4p"	"1P*"	"1"	3	3		
"3064.020"	"3064.01754"	""		"24180.862"	"56808.267"	"3d6.(5D).4s.4p.(3P*)"	"z 7P*"	"3"	"3d7.(4F).6s"	"3F"	"4"	7	9		
"3064.695"	"3064.69678"	""		"25899.989"	"58520.163"	"3d6.(5D).4s.4p.(3P*)"	"z 5D*"	"4"	"3d6.(5D).4s (4D).4d"	"g 5G"	"4"	9	9		
"3064.837"	"3064.8380"	""		"27559.583"	"60178.254"	"3d6.(5D).4s.4p.(3P*)"	"z 5F*"	"2"	"3d6.4s.(6D<1/2>).6d"	"2[3/2]"	"1"	5	3		
"3066.4787"	"3066.47863"	"9.11e+06"	B	"21999.130"	"54600.350"	"3d7.(2G).4s"	"a 3G"	"4"	"3d6.(3G).4s.4p.(3P*)"	"t 3G*"	"3"	9	7		
"3066.486"	"3066.492"	""		"26874.550"	"59475.63"	"3d6.(5D).4s.4p.(3P*)"	"z 5F*"	"5"	"3d6.4s.(6D<7/2>).6d"	"2[7/2]"	"4"	11	9		
"3066.689"	"3066.68342"	""		"23783.619"	"56382.662"	"3d6.4s2"	"b 3G"	"5"	"3d6.(1I).4s.4p.(3P*)"	"u 3H*"	"5"	11	11		
"3066.812"	"3066.8095"	""		"26479.381"	"59077.084"	"3d6.(5D).4s.4p.(3P*)"	"z 5D*"	"1"	""	"59077e"	"1"	3	3		
"3066.9968"	"3066.9987"	"1.71e+07"	C+	"26351.040"	"58946.732"	"3d7.(2H).4s"	"b 3H"	"5"	"3d6.(3H).4s.4p.(1P*)"	"3I*"	"6"	11	13		
"3067.1181"	"3067.11840"	"3.89e+06"	B+	"12968.554"	"45562.974"	"3d7.(4F).4s"	"a 3F"	"2"	"3d6.(3H).4s.4p.(3P*)"	"y 3G*"	"3"	5	7		
"3067.2437"	"3067.24366"	"3.12e+07"	C+	"7376.764"	"39969.853"	"3d7.(4F).4s"	"a 5F"	"4"	"3d6.(5D).4s.4p.(1P*)"	"x 5D*"	"3"	9	7		
"3067.9480"	"3067.94786"	""		"21715.732"	"54301.340"	"3d7.(2G).4s"	"a 3G"	"5"	"3d6.(3D).4s.4p.(3P*)"	"5D*"	"4"	11	9		
"3068.1733"	"3068.17338"	"1.11e+07"	B+	"12968.554"	"45551.767"	"3d7.(4F).4s"	"a 3F"	"2"	"3d6.(3P2).4s.4p.(3P*)"	"x 3D*"	"1"	5	3		
"3068.301"	"3068.3002"	""		"25899.989"	"58481.855"	"3d6.(5D).4s.4p.(3P*)"	"z 5D*"	"4"	"3d6.4s.(4D).4d"	"5P"	"3"	9	7		
"3068.451"	"3068.4459"	""		"25899.989"	"58480.308"	"3d6.(5D).4s.4p.(3P*)"	"z 5D*"	"4"	"3d6.4s.(6D).7s"	"7D"	"3"	9	7		
"3068.726"	"3068.72427"	""		"24506.917"	"57084.281"	"3d6.(5D).4s.4p.(3P*)"	"z 7P*"	"2"	"3d6.4s.(6D).5d"	"7F"	"3"	5	7		
"3068.940"	"3068.93793"	""		"11976.239"	"44551.335"	"3d7.(4F).4s"	"a 3F"	"4"	"3d6.(3F2).4s.4p.(3P*)"	"w 5F*"	"3"	9	7		
"3069.332"	"3069.33086"	""		"24506.917"	"57077.843"	"3d6.(5D).4s.4p.(3P*)"	"z 7P*"	"2"	"3d6.4s.(6D).5d"	"5F"	"1"	5	3		
"3069.440"	"3069.4306"	""		"26140.179"	"58710.047"	"3d6.(5D).4s.4p.(3P*)"	"z 5D*"	"3"	"3d6.(5D).4s (4D).4d"	"g 5G"	"3"	7	7		
"3070.033"	"3070.03517"	""		"24506.917"	"57070.371"	"3d6.(5D).4s.4p.(3P*)"	"z 7P*"	"2"	"3d6.4s.(6D).5d"	"7D"	"3"	5	7		
"3070.226"	"3070.2263"	""		"22249.429"	"54810.856"	"3d7.(2G).4s"	"a 3G"	"3"	"3d6.(3G).4s.4p.(3P*)"	"w 1G*"	"4"	7	9		
"3070.540"	"3070.53788"	""		"19552.478"	"52110.601"	"3d6.4s2"	"a 3P2"	"1"	"3d6.(5D).4s (6D).5p"	"u 5P*"	"1"	3	3		
"3070.694"	"3070.7022"	""		"26479.381"	"59035.762"	"3d6.(5D).4s.4p.(3P*)"	"z 5D*"	"1"	"3d6.4s.(6D).7s"	"5D"	"2"	3	5		
"3070.785"	"3070.78235"	""		"26406.465"	"58961.996"	"3d7.(2D2).4s"	"a 3D"	"1"	"3d6.4s.(4D).5p"	"3F*"	"2"	3	5		
"3071.1249"	"3071.1245"	""		"27166.820"	"59718.724"	"3d6.(5D).4s.4p.(3P*)"	"z 5F*"	"4"	"3d6.4s.(6D<5/2>).6d"	"2[9/2]"	"5"	9	11		
"3071.277"	"3071.2720"	""		"23783.619"	"56333.960"	"3d6.4s2"	"b 3G"	"5"	"3d6.(1I).4s.4p.(3P*)"	"u 3H*"	"6"	11	13		
"3071.428"	"3071.42694"	""		"24506.917"	"57055.616"	"3d6.(5D).4s.4p.(3P*)"	"z 7P*"	"2"	"3d6.4s.(6D).5d"	"5G"	"3"	5	7		
"3071.679"	"3071.67883"	""		"24180.862"	"56726.892"	"3d6.(5D).4s.4p.(3P*)"	"z 7P*"	"3"	"3d6.4s.(6D).5d"	"5F"	"3"	7	7		
"3072.046"	"3072.0457"	""		"26140.179"	"58682.322"	"3d6.(5D).4s.4p.(3P*)"	"z 5D*"	"3"	"3d6.4s.(4D).4d"	"3D"	"3"	7	7		
"3072.293"	"3072.29084"	""		"24180.862"	"56720.409"	"3d6.(5D).4s.4p.(3P*)"	"z 7P*"	"3"	"3d6.4s.(6D).5d"	"5S"	"2"	7	5		
"3072.487"	"3072.4897"	""		"27559.583"	"60097.024"	"3d6.(5D).4s.4p.(3P*)"	"z 5F*"	"2"	"3d6.4s.(6D<3/2>).6d"	"2[7/2]"	"3"	5	7		
"3073.235"	"3073.2339"	""		"24574.655"	"57104.217"	"3d7.(2G).4s"	"a 1G"	"4"	"3d6.(1I).4s.4p.(3P*)"	"x 3I*"	"5"	9	11		
"3073.871"	"3073.8647"	""		"24335.766"	"56858.653"	"3d7.(2P).4s"	"c 3P"	"2"	"3d6.(1G2).4s.4p.(3P*)"	"u 3F*"	"2"	5	5		
"3073.9783"	"3073.97850"	"3.83e+06"	C	"21715.732"	"54237.415"	"3d7.(2G).4s"	"a 3G"	"5"	"3d6.(3G).4s.4p.(3P*)"	"t 3G*"	"4"	11	9		
"3074.1479"	"3074.1484"	""		"24338.767"	"56858.653"	"3d6.4s2"	"b 3G"	"3"	"3d6.(1G2).4s.4p.(3P*)"	"u 3F*"	"2"	7	5		
"3074.693"	"3074.69025"	""		"20874.482"	"53388.637"	"3d6.4s2"	"b 3F2"	"3"	"3d7.(4F).5p"	"5F*"	"4"	7	9		
"3075.7194"	"3075.71940"	"3.14e+07"	C+	"7728.060"	"40231.336"	"3d7.(4F).4s"	"a 5F"	"3"	"3d6.(5D).4s.4p.(1P*)"	"x 5D*"	"2"	7	5		
"3075.996"	"3075.98761"	""		"26479.381"	"58979.823"	"3d6.(5D).4s.4p.(3P*)"	"z 5D*"	"1"	"3d6.4s.(4D).4d"	"3D"	"2"	3	5		
"3076.277"	"3076.27158"	""		"24506.917"	"57004.359"	"3d6.(5D).4s.4p.(3P*)"	"z 7P*"	"2"	"3d6.4s.(6D).5d"	"7D"	"1"	5	3		
"3076.759"	"3076.76004"	""		"24180.862"	"56673.145"	"3d6.(5D).4s.4p.(3P*)"	"z 7P*"	"3"	"3d6.4s.(6D).5d"	"5G"	"4"	7	9		
"3077.013"	"3077.0055"	""		"24574.655"	"57064.346"	"3d7.(2G).4s"	"a 1G"	"4"	"3d6.4s.(6D).6p"	"5F*"	"4"	9	9		
"3077.548"	"3077.549"	""		"27394.691"	"59878.64"	"3d6.(5D).4s.4p.(3P*)"	"z 5F*"	"3"	"3d6.4s.(6D<5/2>).6d"	"2[7/2]"	"4"	7	9		
"3077.6357"	"3077.63622"	""		"20874.482"	"53357.515"	"3d6.4s2"	"b 3F2"	"3"	"3d6.(3G).4s.4p.(3P*)"	"3F*"	"3"	7	7		
"3078.0155"	"3078.01546"	"3.11e+05"	C+	"7728.060"	"40207.091"	"3d7.(4F).4s"	"a 5F"	"3"	"3d5.(6S).4s2.4p"	"y 7P*"	"3"	7	7		
"3078.354"	"3078.354"	""		"27559.583"	"60035.04"	"3d6.(5D).4s.4p.(3P*)"	"z 5F*"	"2"	"3d6.4s.(6D<3/2>).6d"	"2[3/2]"	"2"	5	5		
"3078.4320"	"3078.4316"	"1.52e+07"	B	"20037.816"	"52512.457"	"3d6.4s2"	"a 3P2"	"0"	"3d7.(2P).4p"	"u 3D*"	"1"	1	3		
"3078.502"	"3078.50333"	""		"24118.819"	"56592.703"	"3d6.4s2"	"b 3G"	"4"	"3d6.(1G2).4s.4p.(3P*)"	"u 3F*"	"4"	9	9		
"3079.609"	"3079.6065"	""		"27666.348"	"60128.60"	"3d6.(5D).4s.4p.(3P*)"	"z 5F*"	"1"	"3d6.4s.(6D<1/2>).6d"	"2[3/2]"	"2"	3	5		
"3079.833"	"3079.83476"	""		"17726.988"	"50186.834"	"3d7.(4P).4s"	"a 5P"	"2"	"3d7.(2P).4p"	"w 3P*"	"2"	5	5		
"3079.9883"	"3079.9892"	"8.35e+06"	D+	"26627.609"	"59085.827"	"3d7.(2H).4s"	"b 3H"	"4"	"3d6.(3H).4s.4p.(1P*)"	"3I*"	"5"	9	11		
"3080.1083"	"3080.10881"	""		"22249.429"	"54706.387"	"3d7.(2G).4s"	"a 3G"	"3"	"3d7.(4F).5p"	"3F*"	"2"	7	5		
"3080.356"	"3080.35605"	""		"20874.482"	"53328.835"	"3d6.4s2"	"b 3F2"	"3"	"3d7.(4F).5p"	"3F*"	"4"	7	9		
"3080.590"	"3080.58937"	""		"26140.179"	"58592.074"	"3d6.(5D).4s.4p.(3P*)"	"z 5D*"	"3"	"3d7.(4F).5d"	"5F"	"4"	7	9		
"3080.879"	"3080.8763"	""		"27394.691"	"59843.564"	"3d6.(5D).4s.4p.(3P*)"	"z 5F*"	"3"	"3d6.4s.(6D<5/2>).6d"	"2[5/2]"	"2"	7	5		
"3081.0012"	"3081.00134"	""		"24335.766"	"56783.322"	"3d7.(2P).4s"	"c 3P"	"2"	"3d6.(1G2).4s.4p.(3P*)"	"u 3F*"	"3"	5	7		
"3081.223"	"3081.21595"	""		"24506.917"	"56952.213"	"3d6.(5D).4s.4p.(3P*)"	"z 7P*"	"2"	"3d6.4s.(6D).5d"	"5F"	"2"	5	5		
"3081.292"	"3081.28633"	""		"24338.767"	"56783.322"	"3d6.4s2"	"b 3G"	"3"	"3d6.(1G2).4s.4p.(3P*)"	"u 3F*"	"3"	7	7		
"3081.700"	"3081.699"	""		"27559.583"	"59999.79"	"3d6.(5D).4s.4p.(3P*)"	"z 5F*"	"2"	"3d6.4s.(6D<3/2>).6d"	"2[3/2]"	"1"	5	3		
"3081.831"	"3081.82968"	""		"11976.239"	"44415.074"	"3d7.(4F).4s"	"a 3F"	"4"	"3d6.(3F2).4s.4p.(3P*)"	"w 5F*"	"4"	9	9		
"3083.057"	"3083.04959"	""		"24338.767"	"56764.767"	"3d6.4s2"	"b 3G"	"3"	"3d6.4s.(6D<9/2>).4f"	"2[7/2]*"	"4"	7	9		
"3083.057"	"3083.0522"	""		"27394.691"	"59820.664"	"3d6.(5D).4s.4p.(3P*)"	"z 5F*"	"3"	"3d6.4s.(6D<5/2>).6d"	"2[5/2]"	"3"	7	7		
"3083.150"	"3083.14667"	""		"19788.251"	"52213.230"	"3d6.4s2"	"a 3H"	"4"	"3d7.(2D2).4p"	"t 3D*"	"3"	9	7		
"3083.490"	"3083.4876"	""		"25899.989"	"58321.383"	"3d6.(5D).4s.4p.(3P*)"	"z 5D*"	"4"	"3d6.4s.(6D).7s"	"5D"	"4"	9	9		
"3083.7407"	"3083.74072"	"3.08e+07"	C+	"7985.785"	"40404.518"	"3d7.(4F).4s"	"a 5F"	"2"	"3d6.(5D).4s.4p.(1P*)"	"x 5D*"	"1"	5	3		
"3085.291"	"3085.29224"	""		"23711.456"	"56113.887"	"3d6.(5D).4s.4p.(3P*)"	"z 7P*"	"4"	"3d7.(4F).6s"	"5F"	"5"	9	11		
"3086.524"	"3086.524"	""		"27166.820"	"59556.32"	"3d6.(5D).4s.4p.(3P*)"	"z 5F*"	"4"	"3d6.4s.(6D<7/2>).6d"	"2[11/2]"	"5"	9	11		
"3087.434"	"3087.43116"	""		"26140.179"	"58520.163"	"3d6.(5D).4s.4p.(3P*)"	"z 5D*"	"3"	"3d6.(5D).4s (4D).4d"	"g 5G"	"4"	7	9		
"3088.171"	"3088.1728"	""		"26140.179"	"58512.387"	"3d6.(5D).4s.4p.(3P*)"	"z 5D*"	"3"	"3d6.4s.(4D).4d"	"5F"	"2"	7	5		
"3088.2143"	"3088.2142"	""		"27166.820"	"59538.594"	"3d6.(5D).4s.4p.(3P*)"	"z 5F*"	"4"	"3d6.4s.(6D<7/2>).6d"	"2[5/2]"	"3"	9	7		
"3088.244"	"3088.2429"	""		"25899.989"	"58271.462"	"3d6.(5D).4s.4p.(3P*)"	"z 5D*"	"4"	"3d6.(5D).4s (4D).4d"	"g 5G"	"5"	9	11		
"3088.346"	"3088.3500"	""		"26339.696"	"58710.047"	"3d6.(5D).4s.4p.(3P*)"	"z 5D*"	"2"	"3d6.(5D).4s (4D).4d"	"g 5G"	"3"	5	7		
"3088.761"	"3088.763"	""		"27166.820"	"59532.84"	"3d6.(5D).4s.4p.(3P*)"	"z 5F*"	"4"	"3d6.4s.(6D<7/2>).6d"	"2[9/2]"	"4"	9	9		
"3089.500"	"3089.50258"	""		"21999.130"	"54357.405"	"3d7.(2G).4s"	"a 3G"	"4"	"3d7.(4F).5p"	"3G*"	"3"	9	7		
"3089.623"	"3089.619"	""		"27166.820"	"59523.88"	"3d6.(5D).4s.4p.(3P*)"	"z 5F*"	"4"	"3d6.(5D).4p2.(3P)"	"7F"	"5"	9	11		
"3090.2046"	"3090.20492"	"2.38e+06"	D+	"22249.429"	"54600.350"	"3d7.(2G).4s"	"a 3G"	"3"	"3d6.(3G).4s.4p.(3P*)"	"t 3G*"	"3"	7	7		
"3090.728"	"3090.7263"	""		"26479.381"	"58824.845"	"3d6.(5D).4s.4p.(3P*)"	"z 5D*"	"1"	"3d6.(5D).4s (4D).4d"	"g 5G"	"2"	3	5		
"3091.002"	"3090.9975"	""		"26339.696"	"58682.322"	"3d6.(5D).4s.4p.(3P*)"	"z 5D*"	"2"	"3d6.4s.(4D).4d"	"3D"	"3"	5	7		
"3091.090"	"3091.0883"	""		"26140.179"	"58481.855"	"3d6.(5D).4s.4p.(3P*)"	"z 5D*"	"3"	"3d6.4s.(4D).4d"	"5P"	"3"	7	7		
"3091.419"	"3091.41474"	""		"26623.735"	"58961.996"	"3d7.(2D2).4s"	"a 3D"	"2"	"3d6.4s.(4D).5p"	"3F*"	"2"	5	5		
"3091.5763"	"3091.57641"	"5.53e+07"	C	"8154.714"	"40491.284"	"3d7.(4F).4s"	"a 5F"	"1"	"3d6.(5D).4s.4p.(1P*)"	"x 5D*"	"0"	3	1		
"3091.688"	"3091.69248"	""		"24180.862"	"56516.218"	"3d6.(5D).4s.4p.(3P*)"	"z 7P*"	"3"	"3d7.(4F).6s"	"5F"	"4"	7	9		
"3091.875"	"3091.876"	""		"27666.348"	"59999.79"	"3d6.(5D).4s.4p.(3P*)"	"z 5F*"	"1"	"3d6.4s.(6D<3/2>).6d"	"2[3/2]"	"1"	3	3		
"3092.079"	"3092.0887"	""		"27394.691"	"59725.904"	"3d6.(5D).4s.4p.(3P*)"	"z 5F*"	"3"	"3d6.4s.(6D<5/2>).6d"	"2[9/2]"	"4"	7	9		
"3092.482"	"3092.480"	""		"27559.583"	"59886.70"	"3d6.(5D).4s.4p.(3P*)"	"z 5F*"	"2"	"3d6.4s.(6D<5/2>).6d"	"2[7/2]"	"3"	5	7		
"3092.7815"	"3092.78108"	"8.40e+04"	C+	"7728.060"	"40052.035"	"3d7.(4F).4s"	"a 5F"	"3"	"3d5.(6S).4s2.4p"	"y 7P*"	"2"	7	5		
"3093.310"	"3093.30236"	""		"21038.987"	"53357.515"	"3d6.4s2"	"b 3F2"	"2"	"3d6.(3G).4s.4p.(3P*)"	"3F*"	"3"	5	7		
"3093.529"	"3093.52282"	""		"17726.988"	"50043.213"	"3d7.(4P).4s"	"a 5P"	"2"	"3d7.(2P).4p"	"w 3P*"	"1"	5	3		
"3093.8049"	"3093.80486"	"1.28e+06"	B	"12968.554"	"45281.833"	"3d7.(4F).4s"	"a 3F"	"2"	"3d6.(3P2).4s.4p.(3P*)"	"x 3D*"	"2"	5	5		
"3093.8775"	"3093.87763"	""		"20641.110"	"52953.629"	"3d6.4s2"	"b 3F2"	"4"	"3d6.(3G).4s.4p.(3P*)"	"3F*"	"4"	9	9		
"3094.291"	"3094.2941"	""		"26874.550"	"59182.72"	"3d6.(5D).4s.4p.(3P*)"	"z 5F*"	"5"	"3d6.4s.(6D<9/2>).6d"	"2[11/2]"	"5"	11	11		
"3094.871"	"3094.86506"	""		"21999.130"	"54301.340"	"3d7.(2G).4s"	"a 3G"	"4"	"3d6.(3D).4s.4p.(3P*)"	"5D*"	"4"	9	9		
"3094.871"	"3094.8687"	""		"27666.348"	"59968.52"	"3d6.(5D).4s.4p.(3P*)"	"z 5F*"	"1"	"3d6.4s.(6D<3/2>).6d"	"2[1/2]"	"1"	3	3		
"3094.8995"	"3094.89965"	""		"21715.732"	"54017.581"	"3d7.(2G).4s"	"a 3G"	"5"	"3d7.(4F).5p"	"3G*"	"4"	11	9		
"3095.216"	"3095.21089"	""		"24180.862"	"56479.463"	"3d6.(5D).4s.4p.(3P*)"	"z 7P*"	"3"	"3d6.4s.(6D).5d"	"5D"	"2"	7	5		
"3095.266"	"3095.2757"	""		"25899.989"	"58197.914"	"3d6.(5D).4s.4p.(3P*)"	"z 5D*"	"4"	"3d6.4s.(6D).7s"	"7D"	"4"	9	9		
"3095.2667"	"3095.26657"	"1.93e+06"	C+	"21715.732"	"54013.752"	"3d7.(2G).4s"	"a 3G"	"5"	"3d6.(3D).4s.4p.(3P*)"	"5F*"	"5"	11	11		
"3096.045"	"3096.04459"	""		"21999.130"	"54289.034"	"3d7.(2G).4s"	"a 3G"	"4"	"3d7.(4F).5p"	"3F*"	"3"	9	7		
"3096.615"	"3096.6126"	""		"27559.583"	"59843.564"	"3d6.(5D).4s.4p.(3P*)"	"z 5F*"	"2"	"3d6.4s.(6D<5/2>).6d"	"2[5/2]"	"2"	5	5		
"3096.8762"	"3096.87711"	""		"22249.429"	"54530.653"	"3d7.(2G).4s"	"a 3G"	"3"	"3d7.(4F).5p"	"5D*"	"2"	7	5		
"3096.877"	"3096.8838"	""		"24180.862"	"56462.016"	"3d6.(5D).4s.4p.(3P*)"	"z 7P*"	"3"	"3d6.4s.(6D).5d"	"7P"	"3"	7	7		
"3096.975"	"3096.9755"	""		"26479.381"	"58759.579"	"3d6.(5D).4s.4p.(3P*)"	"z 5D*"	"1"	"3d6.4s.(6D).7s"	"7D"	"1"	3	3		
"3097.493"	"3097.49363"	""		"19562.439"	"51837.238"	"3d6.(5D).4s.4p.(3P*)"	"z 7D*"	"4"	"3d6.(5D).4s (6D).4d"	"e 5P"	"3"	9	7		
"3097.779"	"3097.7796"	""		"26874.550"	"59146.37"	"3d6.(5D).4s.4p.(3P*)"	"z 5F*"	"5"	"3d6.4s.(6D<9/2>).6d"	"2[13/2]"	"6"	11	13		
"3097.959"	"3097.9530"	""		"27394.691"	"59664.704"	"3d6.(5D).4s.4p.(3P*)"	"z 5F*"	"3"	"3d6.(5D).4p2.(3P)"	"7F"	"4"	7	9		
"3098.1891"	"3098.1885"	"7.52e+06"	B	"21715.732"	"53983.293"	"3d7.(2G).4s"	"a 3G"	"5"	"3d6.(3G).4s.4p.(3P*)"	"t 3G*"	"5"	11	11		
"3098.548"	"3098.54551"	""		"24118.819"	"56382.662"	"3d6.4s2"	"b 3G"	"4"	"3d6.(1I).4s.4p.(3P*)"	"u 3H*"	"5"	9	11		
"3098.970"	"3098.96728"	""		"17927.382"	"50186.834"	"3d7.(4P).4s"	"a 5P"	"1"	"3d7.(2P).4p"	"w 3P*"	"2"	3	5		
"3098.998"	"3099.005"	""		"26874.550"	"59133.61"	"3d6.(5D).4s.4p.(3P*)"	"z 5F*"	"5"	"3d6.4s.(6D<9/2>).6d"	"2[9/2]"	"4"	11	9		
"3099.122"	"3099.1175"	""		"20641.110"	"52898.998"	"3d6.4s2"	"b 3F2"	"4"	"3d7.(2H).4p"	"y 3I*"	"5"	9	11		
"3099.385"	"3099.38773"	""		"17550.181"	"49805.257"	"3d7.(4P).4s"	"a 5P"	"3"	"3d6.(5D).4s (6D).5p"	"n 7D*"	"3"	7	7		
"3099.501"	"3099.49728"	""		"24338.767"	"56592.703"	"3d6.4s2"	"b 3G"	"3"	"3d6.(1G2).4s.4p.(3P*)"	"u 3F*"	"4"	7	9		
"3099.670"	"3099.6641"	""		"26874.550"	"59126.75"	"3d6.(5D).4s.4p.(3P*)"	"z 5F*"	"5"	"3d6.4s.(6D<9/2>).6d"	"2[9/2]"	"5"	11	11		
"3099.670"	"3099.67114"	""		"12968.554"	"45220.681"	"3d7.(4F).4s"	"a 3F"	"2"	"3d6.(3P2).4s.4p.(3P*)"	"x 3D*"	"3"	5	7		
"3099.8943"	"3099.89442"	"1.93e+07"	C+	"8154.714"	"40404.518"	"3d7.(4F).4s"	"a 5F"	"1"	"3d6.(5D).4s.4p.(1P*)"	"x 5D*"	"1"	3	3		
"3099.9679"	"3099.96786"	"8.23e+06"	C+	"7376.764"	"39625.804"	"3d7.(4F).4s"	"a 5F"	"4"	"3d6.(5D).4s.4p.(1P*)"	"x 5D*"	"4"	9	9		
"3100.3033"	"3100.30329"	"1.87e+07"	C+	"7985.785"	"40231.336"	"3d7.(4F).4s"	"a 5F"	"2"	"3d6.(5D).4s.4p.(1P*)"	"x 5D*"	"2"	5	5		
"3100.6647"	"3100.66467"	"1.35e+07"	C	"7728.060"	"39969.853"	"3d7.(4F).4s"	"a 5F"	"3"	"3d6.(5D).4s.4p.(1P*)"	"x 5D*"	"3"	7	7		
"3100.8360"	"3100.83615"	"2.73e+06"	B	"19390.168"	"51630.178"	"3d6.4s2"	"a 3H"	"6"	"3d6.(3H).4s.4p.(3P*)"	"1H*"	"5"	13	11		
"3101.0022"	"3101.00208"	"5.53e+06"	C+	"21999.130"	"54237.415"	"3d7.(2G).4s"	"a 3G"	"4"	"3d6.(3G).4s.4p.(3P*)"	"t 3G*"	"4"	9	9		
"3101.5999"	"3101.5979"	""		"25899.989"	"58132.081"	"3d6.(5D).4s.4p.(3P*)"	"z 5D*"	"4"	"3d6.4s.(4D).4d"	"5F"	"3"	9	7		
"3102.259"	"3102.25772"	""		"17927.382"	"50152.619"	"3d7.(4P).4s"	"a 5P"	"1"	"3d6.(5D).4s (6D).5p"	"n 7D*"	"1"	3	3		
"3102.6365"	"3102.63621"	"3.00e+04"	D+	"7985.785"	"40207.091"	"3d7.(4F).4s"	"a 5F"	"2"	"3d5.(6S).4s2.4p"	"y 7P*"	"3"	5	7		
"3102.763"	"3102.76439"	""		"24506.917"	"56726.892"	"3d6.(5D).4s.4p.(3P*)"	"z 7P*"	"2"	"3d6.4s.(6D).5d"	"5F"	"3"	5	7		
"3102.8690"	"3102.8693"	""		"25899.989"	"58118.875"	"3d6.(5D).4s.4p.(3P*)"	"z 5D*"	"4"	"3d6.4s.(4D).4d"	"5F"	"4"	9	9		
"3103.768"	"3103.76405"	""		"19552.478"	"51762.076"	"3d6.4s2"	"a 3P2"	"1"	"3d6.(3H).4s.4p.(3P*)"	"x 1D*"	"2"	3	5		
"3103.8522"	"3103.85136"	""		"18378.186"	"50586.878"	"3d6.4s2"	"a 3P2"	"2"	"3d7.(2G).4p"	"z 1F*"	"3"	5	7		
"3103.8522"	"3103.85377"	""		"24574.655"	"56783.322"	"3d7.(2G).4s"	"a 1G"	"4"	"3d6.(1G2).4s.4p.(3P*)"	"u 3F*"	"3"	9	7		
"3103.981"	"3103.9819"	""		"27559.583"	"59766.92"	"3d6.(5D).4s.4p.(3P*)"	"z 5F*"	"2"	"3d6.4s.(6D<5/2>).6d"	"2[3/2]"	"1"	5	3		
"3105.556"	"3105.56172"	""		"21038.987"	"53229.941"	"3d6.4s2"	"b 3F2"	"2"	"3d7.(2D2).4p"	"v 3P*"	"1"	5	3		
"3105.658"	"3105.65695"	""		"11976.239"	"44166.206"	"3d7.(4F).4s"	"a 3F"	"4"	"3d6.(3F2).4s.4p.(3P*)"	"v 5D*"	"3"	9	7		
"3106.512"	"3106.5027"	""		"26140.179"	"58321.383"	"3d6.(5D).4s.4p.(3P*)"	"z 5D*"	"3"	"3d6.4s.(6D).7s"	"5D"	"4"	7	9		
"3106.539"	"3106.53683"	""		"19788.251"	"51969.101"	"3d6.4s2"	"a 3H"	"4"	"3d7.(2P).4p"	"u 3D*"	"3"	9	7		
"3107.332"	"3107.3247"	""		"26339.696"	"58512.387"	"3d6.(5D).4s.4p.(3P*)"	"z 5D*"	"2"	"3d6.4s.(4D).4d"	"5F"	"2"	5	5		
"3107.623"	"3107.625"	""		"27559.583"	"59729.17"	"3d6.(5D).4s.4p.(3P*)"	"z 5F*"	"2"	"3d6.4s.(6D<5/2>).6d"	"2[1/2]"	"1"	5	3		
"3107.976"	"3107.96392"	""		"21715.732"	"53881.806"	"3d7.(2G).4s"	"a 3G"	"5"	"3d6.(3D).4s.4p.(3P*)"	"5F*"	"4"	11	9		
"3107.976"	"3107.98161"	""		"20641.110"	"52807.001"	"3d6.4s2"	"b 3F2"	"4"	"3d7.(4F).5p"	"3G*"	"5"	9	11		
"3108.917"	"3108.91212"	""		"24180.862"	"56337.126"	"3d6.(5D).4s.4p.(3P*)"	"z 7P*"	"3"	"3d6.4s.(6D).5d"	"5D"	"3"	7	7		
"3108.957"	"3108.95417"	""		"19552.478"	"51708.307"	"3d6.4s2"	"a 3P2"	"1"	"3d7.(2P).4p"	"y 1D*"	"2"	3	5		
"3110.1948"	"3110.1947"	""		"20037.816"	"52180.820"	"3d6.4s2"	"a 3P2"	"0"	"3d7.(2P).4p"	"1P*"	"1"	1	3		
"3110.2757"	"3110.2765"	""		"26339.696"	"58481.855"	"3d6.(5D).4s.4p.(3P*)"	"z 5D*"	"2"	"3d6.4s.(4D).4d"	"5P"	"3"	5	7		
"3110.663"	"3110.665"	""		"27394.691"	"59532.84"	"3d6.(5D).4s.4p.(3P*)"	"z 5F*"	"3"	"3d6.4s.(6D<7/2>).6d"	"2[9/2]"	"4"	7	9		
"3110.8358"	"3110.83560"	""		"21715.732"	"53852.114"	"3d7.(2G).4s"	"a 3G"	"5"	"3d7.(4F).5p"	"5G*"	"4"	11	9		
"3110.928"	"3110.91856"	""		"21999.130"	"54134.655"	"3d7.(2G).4s"	"a 3G"	"4"	"3d7.(4F).5p"	"5G*"	"3"	9	7		
"3111.6812"	"3111.6828"	""		"20641.110"	"52768.743"	"3d6.4s2"	"b 3F2"	"4"	"3d7.(2H).4p"	"w 3H*"	"4"	9	9		
"3112.0770"	"3112.07742"	"5.24e+06"	C+	"23783.619"	"55907.178"	"3d6.4s2"	"b 3G"	"5"	"3d7.(2H).4p"	"1H*"	"5"	11	11		
"3112.238"	"3112.2365"	""		"23783.619"	"55905.536"	"3d6.4s2"	"b 3G"	"5"	"3d6.(1G2).4s.4p.(3P*)"	"s 3G*"	"4"	11	9		
"3112.836"	"3112.82631"	""		"17927.382"	"50043.213"	"3d7.(4P).4s"	"a 5P"	"1"	"3d7.(2P).4p"	"w 3P*"	"1"	3	3		
"3113.433"	"3113.4261"	""		"26224.969"	"58334.613"	"3d7.(2D2).4s"	"a 3D"	"3"	"3d6.(3H).4s.4p.(1P*)"	"3G*"	"4"	7	9		
"3113.5879"	"3113.58787"	""		"22249.429"	"54357.405"	"3d7.(2G).4s"	"a 3G"	"3"	"3d7.(4F).5p"	"3G*"	"3"	7	7		
"3113.666"	"3113.66564"	""		"19912.495"	"52019.669"	"3d6.(5D).4s.4p.(3P*)"	"z 7D*"	"2"	"3d6.(5D).4s (6D).4d"	"e 5P"	"1"	5	3		
"3113.822"	"3113.81840"	""		"26224.969"	"58330.568"	"3d7.(2D2).4s"	"a 3D"	"3"	"3d6.4s.(4D).5p"	"5D*"	"2"	7	5		
"3114.065"	"3114.05682"	""		"12560.934"	"44664.075"	"3d7.(4F).4s"	"a 3F"	"3"	"3d6.(3F2).4s.4p.(3P*)"	"v 5D*"	"2"	7	5		
"3114.296"	"3114.3060"	""		"27666.348"	"59766.92"	"3d6.(5D).4s.4p.(3P*)"	"z 5F*"	"1"	"3d6.4s.(6D<5/2>).6d"	"2[3/2]"	"1"	3	3		
"3115.010"	"3115.00689"	""		"22249.429"	"54342.779"	"3d7.(2G).4s"	"a 3G"	"3"	"3d7.(4F).5p"	"3D*"	"2"	7	5		
"3115.6570"	"3115.6588"	""		"24772.018"	"56858.653"	"3d7.(2P).4s"	"c 3P"	"1"	"3d6.(1G2).4s.4p.(3P*)"	"u 3F*"	"2"	3	5		
"3115.858"	"3115.8593"	""		"27166.820"	"59251.39"	"3d6.(5D).4s.4p.(3P*)"	"z 5F*"	"4"	"3d6.4s.(6D<9/2>).6d"	"2[7/2]"	"3"	9	7		
"3115.870"	"3115.86459"	""		"24338.767"	"56423.283"	"3d6.4s2"	"b 3G"	"3"	"3d6.(1I).4s.4p.(3P*)"	"u 3H*"	"4"	7	9		
"3116.192"	"3116.19250"	""		"17927.382"	"50008.522"	"3d7.(4P).4s"	"a 5P"	"1"	"3d6.(5D).4s (6D).5p"	"n 7D*"	"2"	3	5		
"3116.280"	"3116.28323"	""		"19757.032"	"51837.238"	"3d6.(5D).4s.4p.(3P*)"	"z 7D*"	"3"	"3d6.(5D).4s (6D).4d"	"e 5P"	"3"	7	7		
"3116.393"	"3116.38611"	""		"20874.482"	"52953.629"	"3d6.4s2"	"b 3F2"	"3"	"3d6.(3G).4s.4p.(3P*)"	"3F*"	"4"	7	9		
"3116.474"	"3116.47141"	""		"17726.988"	"49805.257"	"3d7.(4P).4s"	"a 5P"	"2"	"3d6.(5D).4s (6D).5p"	"n 7D*"	"3"	5	7		
"3116.6313"	"3116.63143"	"3.04e+06"	C	"8154.714"	"40231.336"	"3d7.(4F).4s"	"a 5F"	"1"	"3d6.(5D).4s.4p.(1P*)"	"x 5D*"	"2"	3	5		
"3116.997"	"3116.98875"	""		"26140.179"	"58213.124"	"3d6.(5D).4s.4p.(3P*)"	"z 5D*"	"3"	"3d6.4s.(4D).4d"	"5P"	"2"	7	5		
"3117.412"	"3117.405"	""		"27166.820"	"59235.48"	"3d6.(5D).4s.4p.(3P*)"	"z 5F*"	"4"	"3d6.4s.(6D<9/2>).6d"	"2[7/2]"	"4"	9	9		
"3117.6398"	"3117.63956"	"4.30e+04"	C+	"7985.785"	"40052.035"	"3d7.(4F).4s"	"a 5F"	"2"	"3d5.(6S).4s2.4p"	"y 7P*"	"2"	5	5		
"3117.977"	"3117.973"	""		"27666.348"	"59729.17"	"3d6.(5D).4s.4p.(3P*)"	"z 5F*"	"1"	"3d6.4s.(6D<5/2>).6d"	"2[1/2]"	"1"	3	3		
"3118.164"	"3118.17062"	""		"23244.838"	"55305.627"	"3d6.(5D).4s.4p.(3P*)"	"z 7F*"	"1"	"3d6.4s.(6D).6s"	"5D"	"1"	3	3		
"3119.038"	"3119.03435"	""		"22249.429"	"54301.340"	"3d7.(2G).4s"	"a 3G"	"3"	"3d6.(3D).4s.4p.(3P*)"	"5D*"	"4"	7	9		
"3119.181"	"3119.1830"	""		"27166.820"	"59217.204"	"3d6.(5D).4s.4p.(3P*)"	"z 5F*"	"4"	"3d6.4s.(6D<9/2>).6d"	"2[5/2]"	"3"	9	7		
"3119.4947"	"3119.49482"	"8.28e+06"	B	"19621.006"	"51668.186"	"3d6.4s2"	"a 3H"	"5"	"3d7.(2H).4p"	"u 3G*"	"4"	11	9		
"3119.5812"	"3119.58184"	""		"11976.239"	"44022.525"	"3d7.(4F).4s"	"a 3F"	"4"	"3d6.(3F2).4s.4p.(3P*)"	"v 5D*"	"4"	9	9		
"3120.018"	"3120.01735"	""		"20874.482"	"52916.295"	"3d6.4s2"	"b 3F2"	"3"	"3d7.(2D2).4p"	"v 3P*"	"2"	7	5		
"3120.2320"	"3120.23237"	""		"22249.429"	"54289.034"	"3d7.(2G).4s"	"a 3G"	"3"	"3d7.(4F).5p"	"3F*"	"3"	7	7		
"3120.4351"	"3120.43525"	"7.26e+06"	B	"19788.251"	"51825.773"	"3d6.4s2"	"a 3H"	"4"	"3d7.(2H).4p"	"u 3G*"	"3"	9	7		
"3120.8752"	"3120.8752"	""		"26479.381"	"58512.387"	"3d6.(5D).4s.4p.(3P*)"	"z 5D*"	"1"	"3d6.4s.(4D).4d"	"5F"	"2"	3	5		
"3121.490"	"3121.49068"	""		"24180.862"	"56207.552"	"3d6.(5D).4s.4p.(3P*)"	"z 7P*"	"3"	"3d6.4s.(6D).5d"	"5D"	"4"	7	9		
"3121.777"	"3121.7794"	""		"26339.696"	"58363.424"	"3d6.(5D).4s.4p.(3P*)"	"z 5D*"	"2"	"3d6.4s.(4D).4d"	"5F"	"1"	5	3		
"3122.2945"	"3122.29393"	""		"21999.130"	"54017.581"	"3d7.(2G).4s"	"a 3G"	"4"	"3d7.(4F).5p"	"3G*"	"4"	9	9		
"3122.324"	"3122.33323"	""		"24574.655"	"56592.703"	"3d7.(2G).4s"	"a 1G"	"4"	"3d6.(1G2).4s.4p.(3P*)"	"u 3F*"	"4"	9	9		
"3122.536"	"3122.5427"	""		"27166.820"	"59182.72"	"3d6.(5D).4s.4p.(3P*)"	"z 5F*"	"4"	"3d6.4s.(6D<9/2>).6d"	"2[11/2]"	"5"	9	11		
"3122.667"	"3122.66738"	""		"21999.130"	"54013.752"	"3d7.(2G).4s"	"a 3G"	"4"	"3d6.(3D).4s.4p.(3P*)"	"5F*"	"5"	9	11		
"3123.129"	"3123.1387"	""		"27559.583"	"59569.374"	"3d6.(5D).4s.4p.(3P*)"	"z 5F*"	"2"	"3d6.4s.(6D<7/2>).6d"	"2[3/2]"	"2"	5	5		
"3123.199"	"3123.19908"	""		"19621.006"	"51630.178"	"3d6.4s2"	"a 3H"	"5"	"3d6.(3H).4s.4p.(3P*)"	"1H*"	"5"	11	11		
"3123.264"	"3123.25948"	""		"17550.181"	"49558.734"	"3d7.(4P).4s"	"a 5P"	"3"	"3d6.(5D).4s (6D).5p"	"n 7D*"	"4"	7	9		
"3123.350"	"3123.34681"	""		"19562.439"	"51570.097"	"3d6.(5D).4s.4p.(3P*)"	"z 7D*"	"4"	"3d6.(5D).4s (6D).4d"	"e 7S"	"3"	9	7		
"3123.551"	"3123.54883"	""		"21999.130"	"54004.718"	"3d7.(2G).4s"	"a 3G"	"4"	"3d6.(3D).4s.4p.(3P*)"	"t 5P*"	"3"	9	7		
"3124.093"	"3124.09098"	""		"20019.635"	"52019.669"	"3d6.(5D).4s.4p.(3P*)"	"z 7D*"	"1"	"3d6.(5D).4s (6D).4d"	"e 5P"	"1"	3	3		
"3124.886"	"3124.8851"	""		"26140.179"	"58132.081"	"3d6.(5D).4s.4p.(3P*)"	"z 5D*"	"3"	"3d6.4s.(4D).4d"	"5F"	"3"	7	7		
"3125.037"	"3125.03174"	""		"12560.934"	"44551.335"	"3d7.(4F).4s"	"a 3F"	"3"	"3d6.(3F2).4s.4p.(3P*)"	"w 5F*"	"3"	7	7		
"3125.269"	"3125.26768"	""		"22249.429"	"54237.415"	"3d7.(2G).4s"	"a 3G"	"3"	"3d6.(3G).4s.4p.(3P*)"	"t 3G*"	"4"	7	9		
"3125.646"	"3125.6413"	""		"21999.130"	"53983.293"	"3d7.(2G).4s"	"a 3G"	"4"	"3d6.(3G).4s.4p.(3P*)"	"t 3G*"	"5"	9	11		
"3125.646"	"3125.65523"	""		"19350.891"	"51334.911"	"3d6.(5D).4s.4p.(3P*)"	"z 7D*"	"5"	"3d6.(5D).4s (6D).4d"	"e 7G"	"4"	11	9		
"3125.6503"	"3125.65054"	"2.12e+06"	C	"7985.785"	"39969.853"	"3d7.(4F).4s"	"a 5F"	"2"	"3d6.(5D).4s.4p.(1P*)"	"x 5D*"	"3"	5	7		
"3125.6823"	"3125.68240"	"8.46e+06"	B	"19390.168"	"51373.910"	"3d6.4s2"	"a 3H"	"6"	"3d7.(2H).4p"	"u 3G*"	"5"	13	11		
"3125.694"	"3125.6989"	""		"26351.040"	"58334.613"	"3d7.(2H).4s"	"b 3H"	"5"	"3d6.(3H).4s.4p.(1P*)"	"3G*"	"4"	11	9		
"3126.1763"	"3126.1756"	""		"26140.179"	"58118.875"	"3d6.(5D).4s.4p.(3P*)"	"z 5D*"	"3"	"3d6.4s.(4D).4d"	"5F"	"4"	7	9		
"3126.754"	"3126.7585"	""		"26627.609"	"58600.344"	"3d7.(2H).4s"	"b 3H"	"4"	"3d6.(3H).4s.4p.(1P*)"	"3G*"	"3"	9	7		
"3126.837"	"3126.83233"	""		"20641.110"	"52613.090"	"3d6.4s2"	"b 3F2"	"4"	"3d7.(2H).4p"	"w 3H*"	"5"	9	11		
"3127.125"	"3127.13096"	""		"22838.323"	"54807.250"	"3d7.(4P).4s"	"b 3P"	"2"	"3d7.(4F).5p"	"3D*"	"1"	5	3		
"3128.8978"	"3128.89753"	""		"12560.934"	"44511.812"	"3d7.(4F).4s"	"a 3F"	"3"	"3d7.(4P).4p"	"y 5S*"	"2"	7	5		
"3129.3329"	"3129.33329"	"9.05e+05"	D+	"11976.239"	"43922.668"	"3d7.(4F).4s"	"a 3F"	"4"	"3d6.(3P2).4s.4p.(3P*)"	"w 5D*"	"3"	9	7		
"3129.801"	"3129.79975"	""		"23192.500"	"55134.168"	"3d6.(5D).4s.4p.(3P*)"	"z 7F*"	"2"	"3d6.4s.(6D).6s"	"5D"	"2"	5	5		
"3130.205"	"3130.212"	""		"26874.550"	"58812.015"	"3d6.(5D).4s.4p.(3P*)"	"z 5F*"	"5"	"3d7.(4F).5d"	"3G"	"5"	11	11		
"3131.235"	"3131.24300"	""		"17550.181"	"49477.127"	"3d7.(4P).4s"	"a 5P"	"3"	"3d6.(3F2).4s.4p.(3P*)"	"1F*"	"3"	7	7		
"3131.455"	"3131.45909"	""		"19912.495"	"51837.238"	"3d6.(5D).4s.4p.(3P*)"	"z 7D*"	"2"	"3d6.(5D).4s (6D).4d"	"e 5P"	"3"	5	7		
"3132.5177"	"3132.51786"	"3.39e+07"	C+	"25899.989"	"57813.942"	"3d6.(5D).4s.4p.(3P*)"	"z 5D*"	"4"	"3d6.(5D).4s (4D).4d"	"i 5D"	"3"	9	7		
"3132.649"	"3132.6455"	""		"26105.908"	"58018.561"	"3d7.(2H).4s"	"b 3H"	"6"	"3d6.(3H).4s.4p.(1P*)"	"3G*"	"5"	13	11		
"3133.170"	"3133.17301"	""		"26224.969"	"58132.249"	"3d7.(2D2).4s"	"a 3D"	"3"	"3d6.4s.(4D).5p"	"3D*"	"2"	7	5		
"3133.963"	"3133.96362"	""		"19562.439"	"51461.670"	"3d6.(5D).4s.4p.(3P*)"	"z 7D*"	"4"	"3d6.(5D).4s (6D).4d"	"f 5F"	"4"	9	9		
"3134.1098"	"3134.10973"	"7.86e+05"	C	"7728.060"	"39625.804"	"3d7.(4F).4s"	"a 5F"	"3"	"3d6.(5D).4s.4p.(1P*)"	"x 5D*"	"4"	7	9		
"3134.248"	"3134.2548"	""		"26623.735"	"58520.003"	"3d7.(2D2).4s"	"a 3D"	"2"	"3d6.4s.(4D).5p"	"5D*"	"1"	5	3		
"3134.412"	"3134.41082"	""		"21715.732"	"53610.412"	"3d7.(2G).4s"	"a 3G"	"5"	"3d7.(4F).5p"	"5D*"	"4"	11	9		
"3134.639"	"3134.63530"	""		"21999.130"	"53891.526"	"3d7.(2G).4s"	"a 3G"	"4"	"3d6.(3D).4s.4p.(3P*)"	"5D*"	"3"	9	7		
"3134.934"	"3134.93669"	""		"23244.838"	"55134.168"	"3d6.(5D).4s.4p.(3P*)"	"z 7F*"	"1"	"3d6.4s.(6D).6s"	"5D"	"2"	3	5		
"3135.4571"	"3135.4565"	""		"26479.381"	"58363.424"	"3d6.(5D).4s.4p.(3P*)"	"z 5D*"	"1"	"3d6.4s.(4D).4d"	"5F"	"1"	3	3		
"3135.5905"	"3135.59099"	""		"21999.130"	"53881.806"	"3d7.(2G).4s"	"a 3G"	"4"	"3d6.(3D).4s.4p.(3P*)"	"5F*"	"4"	9	9		
"3135.8604"	"3135.86059"	"4.86e+05"	D+	"19788.251"	"51668.186"	"3d6.4s2"	"a 3H"	"4"	"3d7.(2H).4p"	"u 3G*"	"4"	9	9		
"3136.5006"	"3136.50081"	""		"26339.696"	"58213.124"	"3d6.(5D).4s.4p.(3P*)"	"z 5D*"	"2"	"3d6.4s.(4D).4d"	"5P"	"2"	5	5		
"3136.761"	"3136.76161"	""		"21715.732"	"53586.510"	"3d7.(2G).4s"	"a 3G"	"5"	"3d7.(4F).5p"	"5G*"	"5"	11	11		
"3137.021"	"3137.01960"	""		"22996.674"	"54864.831"	"3d6.(5D).4s.4p.(3P*)"	"z 7F*"	"4"	"3d6.4s.(6D).6s"	"5D"	"3"	9	7		
"3137.021"	"3137.02876"	""		"22838.323"	"54706.387"	"3d7.(4P).4s"	"b 3P"	"2"	"3d7.(4F).5p"	"3F*"	"2"	5	5		
"3137.781"	"3137.78005"	""		"22946.816"	"54807.250"	"3d7.(4P).4s"	"b 3P"	"1"	"3d7.(4F).5p"	"3D*"	"1"	3	3		
"3138.398"	"3138.40006"	""		"12560.934"	"44415.074"	"3d7.(4F).4s"	"a 3F"	"3"	"3d6.(3F2).4s.4p.(3P*)"	"w 5F*"	"4"	7	9		
"3138.5142"	"3138.51396"	""		"21999.130"	"53852.114"	"3d7.(2G).4s"	"a 3G"	"4"	"3d7.(4F).5p"	"5G*"	"4"	9	9		
"3139.023"	"3139.027"	""		"27666.348"	"59514.13"	"3d6.(5D).4s.4p.(3P*)"	"z 5F*"	"1"	"3d6.4s.(6D<7/2>).6d"	"2[5/2]"	"2"	3	5		
"3139.605"	"3139.60384"	""		"19788.251"	"51630.178"	"3d6.4s2"	"a 3H"	"4"	"3d6.(3H).4s.4p.(3P*)"	"1H*"	"5"	9	11		
"3139.6598"	"3139.65758"	""		"19350.891"	"51192.273"	"3d6.(5D).4s.4p.(3P*)"	"z 7D*"	"5"	"3d6.(5D).4s (6D).4d"	"e 7F"	"4"	11	9		
"3139.918"	"3139.92000"	""		"21999.130"	"53837.851"	"3d7.(2G).4s"	"a 3G"	"4"	"3d7.(4F).5p"	"3D*"	"3"	9	7		
"3140.3896"	"3140.3898"	""		"26140.179"	"57974.137"	"3d6.(5D).4s.4p.(3P*)"	"z 5D*"	"3"	"3d6.(5D).4s (4D).4d"	"i 5D"	"2"	7	5		
"3141.512"	"3141.5193"	""		"27394.691"	"59217.204"	"3d6.(5D).4s.4p.(3P*)"	"z 5F*"	"3"	"3d6.4s.(6D<9/2>).6d"	"2[5/2]"	"3"	7	7		
"3141.886"	"3141.88422"	""		"21038.987"	"52857.804"	"3d6.4s2"	"b 3F2"	"2"	"3d7.(2D2).4p"	"t 3D*"	"1"	5	3		
"3142.4537"	"3142.45232"	"3.93e+06"	C	"19757.032"	"51570.097"	"3d6.(5D).4s.4p.(3P*)"	"z 7D*"	"3"	"3d6.(5D).4s (6D).4d"	"e 7S"	"3"	7	7		
"3142.456"	"3142.4642"	""		"26550.479"	"58363.424"	"3d6.(5D).4s.4p.(3P*)"	"z 5D*"	"0"	"3d6.4s.(4D).4d"	"5F"	"1"	1	3		
"3142.8887"	"3142.88870"	"5.65e+06"	B	"18378.186"	"50186.834"	"3d6.4s2"	"a 3P2"	"2"	"3d7.(2P).4p"	"w 3P*"	"2"	5	5		
"3142.895"	"3142.89967"	""		"26224.969"	"58033.506"	"3d7.(2D2).4s"	"a 3D"	"3"	"3d6.4s.(4D).5p"	"5D*"	"3"	7	7		
"3142.944"	"3142.95204"	""		"24574.655"	"56382.662"	"3d7.(2G).4s"	"a 1G"	"4"	"3d6.(1I).4s.4p.(3P*)"	"u 3H*"	"5"	9	11		
"3143.2424"	"3143.24218"	"1.27e+04"	C+	"0.000"	"31805.071"	"3d6.4s2"	"a 5D"	"4"	"3d6.(5D).4s.4p.(3P*)"	"z 3F*"	"3"	9	7		
"3143.9903"	"3143.99022"	"6.10e+07"	B	"25899.989"	"57697.493"	"3d6.(5D).4s.4p.(3P*)"	"z 5D*"	"4"	"3d6.(5D).4s (4D).4d"	"i 5D"	"4"	9	9		
"3144.428"	"3144.42594"	""		"22249.429"	"54042.527"	"3d7.(2G).4s"	"a 3G"	"3"	"3d7.(4F).5p"	"5F*"	"2"	7	5		
"3144.4965"	"3144.4965"	""		"26339.696"	"58132.081"	"3d6.(5D).4s.4p.(3P*)"	"z 5D*"	"2"	"3d6.4s.(4D).4d"	"5F"	"3"	5	7		
"3144.923"	"3144.91857"	""		"19621.006"	"51409.124"	"3d6.4s2"	"a 3H"	"5"	"3d6.(3G).4s.4p.(3P*)"	"x 3H*"	"4"	11	9		
"3145.0568"	"3145.0572"	"4.65e+06"	C+	"24118.819"	"55905.536"	"3d6.4s2"	"b 3G"	"4"	"3d6.(1G2).4s.4p.(3P*)"	"s 3G*"	"4"	9	9		
"3145.165"	"3145.16574"	""		"21999.130"	"53784.750"	"3d7.(2G).4s"	"a 3G"	"4"	"3d7.(4F).5p"	"5D*"	"3"	9	7		
"3146.270"	"3146.2673"	""		"26224.969"	"57999.461"	"3d7.(2D2).4s"	"a 3D"	"3"	"3d6.4s.(4D).5p"	"3P*"	"2"	7	5		
"3146.469"	"3146.46731"	""		"19562.439"	"51334.911"	"3d6.(5D).4s.4p.(3P*)"	"z 7D*"	"4"	"3d6.(5D).4s (6D).4d"	"e 7G"	"4"	9	9		
"3146.604"	"3146.60032"	""		"26623.735"	"58394.864"	"3d7.(2D2).4s"	"a 3D"	"2"	"3d6.4s.(4D).5p"	"3D*"	"1"	5	3		
"3146.895"	"3146.89520"	""		"22249.429"	"54017.581"	"3d7.(2G).4s"	"a 3G"	"3"	"3d7.(4F).5p"	"3G*"	"4"	7	9		
"3147.2911"	"3147.29170"	""		"21999.130"	"53763.280"	"3d7.(2G).4s"	"a 3G"	"4"	"3d7.(2D2).4p"	"x 1F*"	"3"	9	7		
"3147.601"	"3147.6074"	""		"25899.989"	"57660.953"	"3d6.(5D).4s.4p.(3P*)"	"z 5D*"	"4"	"3d6.4s.(4D).4d"	"5F"	"5"	9	11		
"3147.749"	"3147.74548"	""		"22946.816"	"54706.387"	"3d7.(4P).4s"	"b 3P"	"1"	"3d7.(4F).5p"	"3F*"	"2"	3	5		
"3147.7946"	"3147.79524"	"7.59e+06"	C+	"24338.767"	"56097.836"	"3d6.4s2"	"b 3G"	"3"	"3d6.(3G).4s.4p.(3P*)"	"1F*"	"3"	7	7		
"3148.165"	"3148.16995"	""		"22249.429"	"54004.718"	"3d7.(2G).4s"	"a 3G"	"3"	"3d6.(3D).4s.4p.(3P*)"	"t 5P*"	"3"	7	7		
"3148.314"	"3148.30846"	""		"23110.939"	"54864.831"	"3d6.(5D).4s.4p.(3P*)"	"z 7F*"	"3"	"3d6.4s.(6D).6s"	"5D"	"3"	7	7		
"3148.4056"	"3148.40642"	""		"19621.006"	"51373.910"	"3d6.4s2"	"a 3H"	"5"	"3d7.(2H).4p"	"u 3G*"	"5"	11	11		
"3148.4652"	"3148.46632"	""		"19350.891"	"51103.191"	"3d6.(5D).4s.4p.(3P*)"	"z 7D*"	"5"	"3d6.(5D).4s (6D).4d"	"f 5F"	"5"	11	11		
"3148.6807"	"3148.68062"	""		"17726.988"	"49477.127"	"3d7.(4P).4s"	"a 5P"	"2"	"3d6.(3F2).4s.4p.(3P*)"	"1F*"	"3"	5	7		
"3149.495"	"3149.49366"	""		"23783.619"	"55525.562"	"3d6.4s2"	"b 3G"	"5"	"3d6.(1G2).4s.4p.(3P*)"	"v 3H*"	"5"	11	11		
"3149.723"	"3149.72457"	""		"27166.820"	"58906.436"	"3d6.(5D).4s.4p.(3P*)"	"z 5F*"	"4"	""	"58906e"	"4"	9	9		
"3150.200"	"3150.19643"	""		"20019.635"	"51754.497"	"3d6.(5D).4s.4p.(3P*)"	"z 7D*"	"1"	"3d6.(5D).4s (6D).4d"	"f 5F"	"1"	3	3		
"3150.240"	"3150.23594"	""		"21999.130"	"53733.594"	"3d7.(2G).4s"	"a 3G"	"4"	"3d6.(3D).4s.4p.(3P*)"	"5F*"	"3"	9	7		
"3150.3066"	"3150.30752"	""		"26479.381"	"58213.124"	"3d6.(5D).4s.4p.(3P*)"	"z 5D*"	"1"	"3d6.4s.(4D).4d"	"5P"	"2"	3	5		
"3150.759"	"3150.7624"	""		"28819.954"	"60549.116"	"3d7.(2H).4s"	"a 1H"	"5"	"3d6.(3H).4s.4p.(1P*)"	"t 3H*"	"5"	11	11		
"3151.102"	"3151.09786"	""		"26406.465"	"58132.249"	"3d7.(2D2).4s"	"a 3D"	"1"	"3d6.4s.(4D).5p"	"3D*"	"2"	3	5		
"3151.8653"	"3151.86545"	"1.37e+04"	C+	"415.933"	"32133.991"	"3d6.4s2"	"a 5D"	"3"	"3d6.(5D).4s.4p.(3P*)"	"z 3F*"	"2"	7	5		
"3152.0043"	"3152.00478"	""		"26874.550"	"58591.206"	"3d6.(5D).4s.4p.(3P*)"	"z 5F*"	"5"	"3d7.(4F).5d"	"5F"	"5"	11	11		
"3152.968"	"3152.9643"	""		"26627.609"	"58334.613"	"3d7.(2H).4s"	"b 3H"	"4"	"3d6.(3H).4s.4p.(1P*)"	"3G*"	"4"	9	9		
"3153.056"	"3153.04995"	""		"17726.988"	"49433.131"	"3d7.(4P).4s"	"a 5P"	"2"	"3d7.(2G).4p"	"w 3F*"	"2"	5	5		
"3153.056"	"3153.0519"	""		"23783.619"	"55489.742"	"3d6.4s2"	"b 3G"	"5"	"3d6.(1G2).4s.4p.(3P*)"	"v 3H*"	"6"	11	13		
"3153.1995"	"3153.19962"	"7.91e+06"	B+	"19757.032"	"51461.670"	"3d6.(5D).4s.4p.(3P*)"	"z 7D*"	"3"	"3d6.(5D).4s (6D).4d"	"f 5F"	"4"	7	9		
"3153.3134"	"3153.31421"	"2.63e+06"	B	"19757.032"	"51460.518"	"3d6.(5D).4s.4p.(3P*)"	"z 7D*"	"3"	"3d6.(5D).4s (6D).4d"	"e 7G"	"3"	7	7		
"3154.110"	"3154.10665"	""		"12968.554"	"44664.075"	"3d7.(4F).4s"	"a 3F"	"2"	"3d6.(3F2).4s.4p.(3P*)"	"v 5D*"	"2"	5	5		
"3154.3849"	"3154.38692"	""		"17550.181"	"49242.886"	"3d7.(4P).4s"	"a 5P"	"3"	"3d7.(2G).4p"	"w 3F*"	"3"	7	7		
"3154.4293"	"3154.4287"	""		"26224.969"	"57917.254"	"3d7.(2D2).4s"	"a 3D"	"3"	"3d6.4s.(4D).5p"	"3F*"	"4"	7	9		
"3154.433"	"3154.42424"	""		"22838.323"	"54530.653"	"3d7.(4P).4s"	"b 3P"	"2"	"3d7.(4F).5p"	"5D*"	"2"	5	5		
"3154.4964"	"3154.49611"	"4.64e+06"	B	"19912.495"	"51604.103"	"3d6.(5D).4s.4p.(3P*)"	"z 7D*"	"2"	"3d6.(5D).4s (6D).4d"	"f 5F"	"3"	5	7		
"3155.118"	"3155.11627"	""		"20019.635"	"51705.014"	"3d6.(5D).4s.4p.(3P*)"	"z 7D*"	"1"	"3d6.(5D).4s (6D).4d"	"f 5F"	"2"	3	5		
"3155.2932"	"3155.29364"	""		"19621.006"	"51304.604"	"3d6.4s2"	"a 3H"	"5"	"3d7.(2D2).4p"	"v 3F*"	"4"	11	9		
"3155.7956"	"3155.79645"	""		"19390.168"	"51068.718"	"3d6.4s2"	"a 3H"	"6"	"3d6.(3G).4s.4p.(3P*)"	"x 3H*"	"5"	13	11		
"3156.2736"	"3156.27342"	"6.36e+07"	C+	"26140.179"	"57813.942"	"3d6.(5D).4s.4p.(3P*)"	"z 5D*"	"3"	"3d6.(5D).4s (4D).4d"	"i 5D"	"3"	7	7		
"3156.421"	"3156.41613"	""		"23192.500"	"54864.831"	"3d6.(5D).4s.4p.(3P*)"	"z 7F*"	"2"	"3d6.4s.(6D).6s"	"5D"	"3"	5	7		
"3156.4628"	"3156.46138"	""		"24118.819"	"55790.696"	"3d6.4s2"	"b 3G"	"4"	"3d6.(1G2).4s.4p.(3P*)"	"s 3G*"	"3"	9	7		
"3156.894"	"3156.8956"	""		"26351.040"	"58018.561"	"3d7.(2H).4s"	"b 3H"	"5"	"3d6.(3H).4s.4p.(1P*)"	"3G*"	"5"	11	11		
"3157.0359"	"3157.03585"	"1.26e+07"	B+	"19562.439"	"51228.553"	"3d6.(5D).4s.4p.(3P*)"	"z 7D*"	"4"	"3d6.(5D).4s (6D).4d"	"e 7G"	"5"	9	11		
"3157.1430"	"3157.14423"	"1.81e+06"	C+	"18378.186"	"50043.213"	"3d6.4s2"	"a 3P2"	"2"	"3d7.(2P).4p"	"w 3P*"	"1"	5	3		
"3157.204"	"3157.2058"	""		"27166.820"	"58831.230"	"3d6.(5D).4s.4p.(3P*)"	"z 5F*"	"4"	""	"58831e"	"3"	9	7		
"3157.288"	"3157.28742"	""		"22249.429"	"53913.020"	"3d7.(2G).4s"	"a 3G"	"3"	"3d6.(3D).4s.4p.(3P*)"	"5D*"	"2"	7	5		
"3157.409"	"3157.4073"	""		"23783.619"	"55446.008"	"3d6.4s2"	"b 3G"	"5"	"3d6.(1G2).4s.4p.(3P*)"	"v 3H*"	"4"	11	9		
"3157.4511"	"3157.45116"	""		"21999.130"	"53661.079"	"3d7.(2G).4s"	"a 3G"	"4"	"3d7.(4F).5p"	"5F*"	"3"	9	7		
"3157.8848"	"3157.8828"	""		"27559.583"	"59217.204"	"3d6.(5D).4s.4p.(3P*)"	"z 5F*"	"2"	"3d6.4s.(6D<9/2>).6d"	"2[5/2]"	"3"	5	7		
"3157.8848"	"3157.88474"	"1.61e+07"	C+	"19912.495"	"51570.097"	"3d6.(5D).4s.4p.(3P*)"	"z 7D*"	"2"	"3d6.(5D).4s (6D).4d"	"e 7S"	"3"	5	7		
"3157.9871"	"3157.98709"	"2.25e+06"	C+	"19562.439"	"51219.015"	"3d6.(5D).4s.4p.(3P*)"	"z 7D*"	"4"	"3d6.(5D).4s (6D).4d"	"e 5G"	"3"	9	7		
"3158.213"	"3158.21346"	""		"19912.495"	"51566.802"	"3d6.(5D).4s.4p.(3P*)"	"z 7D*"	"2"	"3d6.(5D).4s (6D).4d"	"e 7G"	"1"	5	3		
"3158.391"	"3158.3913"	""		"26623.735"	"58276.260"	"3d7.(2D2).4s"	"a 3D"	"2"	"3d6.4s.(4D).5p"	"3D*"	"3"	5	7		
"3158.567"	"3158.57040"	""		"26140.179"	"57790.909"	"3d6.(5D).4s.4p.(3P*)"	"z 5D*"	"3"	"3d7.(4F).6s"	"3F"	"2"	7	5		
"3159.0208"	"3159.02255"	""		"23783.619"	"55429.819"	"3d6.4s2"	"b 3G"	"5"	"3d6.(1G2).4s.4p.(3P*)"	"s 3G*"	"5"	11	11		
"3159.123"	"3159.123"	""		"27166.820"	"58812.015"	"3d6.(5D).4s.4p.(3P*)"	"z 5F*"	"4"	"3d7.(4F).5d"	"3G"	"5"	9	11		
"3159.250"	"3159.24888"	""		"21038.987"	"52682.920"	"3d6.4s2"	"b 3F2"	"2"	"3d7.(2D2).4p"	"t 3D*"	"2"	5	5		
"3159.435"	"3159.43220"	""		"22249.429"	"53891.526"	"3d7.(2G).4s"	"a 3G"	"3"	"3d6.(3D).4s.4p.(3P*)"	"5D*"	"3"	7	7		
"3160.1962"	"3160.1969"	""		"26339.696"	"57974.137"	"3d6.(5D).4s.4p.(3P*)"	"z 5D*"	"2"	"3d6.(5D).4s (4D).4d"	"i 5D"	"2"	5	5		
"3160.243"	"3160.23761"	""		"22845.869"	"54479.902"	"3d6.(5D).4s.4p.(3P*)"	"z 7F*"	"5"	"3d6.4s.(6D).6s"	"5D"	"4"	11	9		
"3160.3413"	"3160.34142"	""		"19390.168"	"51023.162"	"3d6.4s2"	"a 3H"	"6"	"3d6.(3G).4s.4p.(3P*)"	"x 3H*"	"6"	13	13		
"3160.6572"	"3160.65717"	"1.93e+07"	B+	"19562.439"	"51192.273"	"3d6.(5D).4s.4p.(3P*)"	"z 7D*"	"4"	"3d6.(5D).4s (6D).4d"	"e 7F"	"4"	9	9		
"3160.7738"	"3160.77169"	""		"19350.891"	"50979.579"	"3d6.(5D).4s.4p.(3P*)"	"z 7D*"	"5"	"3d6.(5D).4s (6D).4d"	"e 5G"	"4"	11	9		
"3160.9180"	"3160.91790"	""		"19912.495"	"51539.720"	"3d6.(5D).4s.4p.(3P*)"	"z 7D*"	"2"	"3d6.(5D).4s (6D).4d"	"e 7G"	"2"	5	5		
"3161.3708"	"3161.37083"	"2.14e+06"	C+	"12560.934"	"44183.628"	"3d7.(4F).4s"	"a 3F"	"3"	"3d6.(3P2).4s.4p.(3P*)"	"w 5D*"	"2"	7	5		
"3161.5510"	"3161.55289"	""		"19788.251"	"51409.124"	"3d6.4s2"	"a 3H"	"4"	"3d6.(3G).4s.4p.(3P*)"	"x 3H*"	"4"	9	9		
"3161.9461"	"3161.94619"	"4.65e+06"	D+	"19350.891"	"50967.831"	"3d6.(5D).4s.4p.(3P*)"	"z 7D*"	"5"	"3d6.(5D).4s (6D).4d"	"e 7G"	"6"	11	13		
"3162.3298"	"3162.32898"	""		"19757.032"	"51370.145"	"3d6.(5D).4s.4p.(3P*)"	"z 7D*"	"3"	"3d6.(5D).4s (6D).4d"	"e 5G"	"2"	7	5		
"3162.3298"	"3162.32998"	""		"21715.732"	"53328.835"	"3d7.(2G).4s"	"a 3G"	"5"	"3d7.(4F).5p"	"3F*"	"4"	11	9		
"3162.516"	"3162.51216"	""		"21999.130"	"53610.412"	"3d7.(2G).4s"	"a 3G"	"4"	"3d7.(4F).5p"	"5D*"	"4"	9	9		
"3162.568"	"3162.5727"	""		"25899.989"	"57510.666"	"3d6.(5D).4s.4p.(3P*)"	"z 5D*"	"4"	"3d7.(4F).6s"	"5F"	"3"	9	7		
""	"3163.11356"	""		"12560.934"	"44166.206"	"3d7.(4F).4s"	"a 3F"	"3"	"3d6.(3F2).4s.4p.(3P*)"	"v 5D*"	"3"	7	7		
"3163.372"	"3163.37250"	""		"22249.429"	"53852.114"	"3d7.(2G).4s"	"a 3G"	"3"	"3d7.(4F).5p"	"5G*"	"4"	7	9		
"3163.8711"	"3163.8710"	""		"21715.732"	"53313.438"	"3d7.(2G).4s"	"a 3G"	"5"	"3d6.(3G).4s.4p.(3P*)"	"y 1H*"	"5"	11	11		
"3164.2959"	"3164.29621"	""		"19757.032"	"51350.492"	"3d6.(5D).4s.4p.(3P*)"	"z 7D*"	"3"	"3d6.(5D).4s (4D).5s"	"g 5D"	"4"	7	9		
"3164.811"	"3164.80090"	""		"22249.429"	"53837.851"	"3d7.(2G).4s"	"a 3G"	"3"	"3d7.(4F).5p"	"3D*"	"3"	7	7		
"3164.916"	"3164.90530"	""		"21999.130"	"53586.510"	"3d7.(2G).4s"	"a 3G"	"4"	"3d7.(4F).5p"	"5G*"	"5"	9	11		
"3165.0034"	"3165.00260"	""		"19562.439"	"51148.848"	"3d6.(5D).4s.4p.(3P*)"	"z 7D*"	"4"	"3d6.(5D).4s (6D).4d"	"e 7F"	"3"	9	7		
"3165.076"	"3165.07775"	""		"19788.251"	"51373.910"	"3d6.4s2"	"a 3H"	"4"	"3d7.(2H).4p"	"u 3G*"	"5"	9	11		
"3165.128"	"3165.13057"	""		"27394.691"	"58979.823"	"3d6.(5D).4s.4p.(3P*)"	"z 5F*"	"3"	"3d6.4s.(4D).4d"	"3D"	"2"	7	5		
"3165.161"	"3165.15963"	""		"17550.181"	"49135.023"	"3d7.(4P).4s"	"a 5P"	"3"	"3d6.(3F2).4s.4p.(3P*)"	"v 3D*"	"3"	7	7		
"3165.262"	"3165.26035"	""		"22946.816"	"54530.653"	"3d7.(4P).4s"	"b 3P"	"1"	"3d7.(4F).5p"	"5D*"	"2"	3	5		
"3165.8575"	"3165.85758"	"5.35e+06"	C+	"19757.032"	"51334.911"	"3d6.(5D).4s.4p.(3P*)"	"z 7D*"	"3"	"3d6.(5D).4s (6D).4d"	"e 7G"	"4"	7	9		
"3165.933"	"3165.93969"	""		"19788.251"	"51365.311"	"3d6.4s2"	"a 3H"	"4"	"3d7.(2D2).4p"	"v 3F*"	"3"	9	7		
"3166.2442"	"3166.24453"	""		"19757.032"	"51331.052"	"3d6.(5D).4s.4p.(3P*)"	"z 7D*"	"3"	"3d6.(5D).4s (6D).4d"	"e 7F"	"2"	7	5		
"3166.336"	"3166.33278"	""		"19788.251"	"51361.391"	"3d6.4s2"	"a 3H"	"4"	"3d6.(5D).4s (6D).5p"	"t 5D*"	"3"	9	7		
"3166.4353"	"3166.43508"	"1.14e+07"	B	"20641.110"	"52213.230"	"3d6.4s2"	"b 3F2"	"4"	"3d7.(2D2).4p"	"t 3D*"	"3"	9	7		
"3166.5865"	"3166.5891"	""		"27394.691"	"58965.275"	"3d6.(5D).4s.4p.(3P*)"	"z 5F*"	"3"	"3d6.4s.(4D).4d"	"3G"	"4"	7	9		
"3166.591"	"3166.58282"	""		"17726.988"	"49297.635"	"3d7.(4P).4s"	"a 5P"	"2"	"3d6.(3F2).4s.4p.(3P*)"	"v 3D*"	"1"	5	3		
"3166.861"	"3166.8633"	""		"28604.613"	"60172.464"	"3d7.(2D2).4s"	"a 1D"	"2"	"3d6.(3F2).4s.4p.(1P*)"	"3F*"	"3"	5	7		
"3166.974"	"3166.9719"	""		"24338.767"	"55905.536"	"3d6.4s2"	"b 3G"	"3"	"3d6.(1G2).4s.4p.(3P*)"	"s 3G*"	"4"	7	9		
"3167.781"	"3167.78011"	""		"17550.181"	"49108.896"	"3d7.(4P).4s"	"a 5P"	"3"	"3d7.(2G).4p"	"w 3F*"	"4"	7	9		
"3167.9206"	"3167.92075"	""		"26140.179"	"57697.493"	"3d6.(5D).4s.4p.(3P*)"	"z 5D*"	"3"	"3d6.(5D).4s (4D).4d"	"i 5D"	"4"	7	9		
"3168.1420"	"3168.14323"	""		"23192.500"	"54747.598"	"3d6.(5D).4s.4p.(3P*)"	"z 7F*"	"2"	"3d6.(5D).4s (6D).6s"	"g 7D"	"1"	5	3		
"3168.520"	"3168.51558"	""		"23051.750"	"54603.140"	"3d7.(4P).4s"	"b 3P"	"0"	"3d7.(4F).5p"	"5D*"	"1"	1	3		
"3168.8539"	"3168.85375"	"2.60e+06"	C+	"19912.495"	"51460.518"	"3d6.(5D).4s.4p.(3P*)"	"z 7D*"	"2"	"3d6.(5D).4s (6D).4d"	"e 7G"	"3"	5	7		
"3168.942"	"3168.93974"	""		"20019.635"	"51566.802"	"3d6.(5D).4s.4p.(3P*)"	"z 7D*"	"1"	"3d6.(5D).4s (6D).4d"	"e 7G"	"1"	3	3		
"3169.335"	"3169.33247"	""		"12968.554"	"44511.812"	"3d7.(4F).4s"	"a 3F"	"2"	"3d7.(4P).4p"	"y 5S*"	"2"	5	5		
"3169.335"	"3169.3356"	""		"27166.820"	"58710.047"	"3d6.(5D).4s.4p.(3P*)"	"z 5F*"	"4"	"3d6.(5D).4s (4D).4d"	"g 5G"	"3"	9	7		
"3170.131"	"3170.13017"	""		"22249.429"	"53784.750"	"3d7.(2G).4s"	"a 3G"	"3"	"3d7.(4F).5p"	"5D*"	"3"	7	7		
"3171.348"	"3171.34252"	""		"11976.239"	"43499.505"	"3d7.(4F).4s"	"a 3F"	"4"	"3d6.(3P2).4s.4p.(3P*)"	"w 5D*"	"4"	9	9		
"3171.3511"	"3171.35108"	"1.85e+07"	B	"24574.655"	"56097.836"	"3d7.(2G).4s"	"a 1G"	"4"	"3d6.(3G).4s.4p.(3P*)"	"1F*"	"3"	9	7		
"3171.6621"	"3171.66259"	"2.75e+06"	C+	"20019.635"	"51539.720"	"3d6.(5D).4s.4p.(3P*)"	"z 7D*"	"1"	"3d6.(5D).4s (6D).4d"	"e 7G"	"2"	3	5		
"3171.764"	"3171.76352"	""		"22838.323"	"54357.405"	"3d7.(4P).4s"	"b 3P"	"2"	"3d7.(4F).5p"	"3G*"	"3"	5	7		
"3172.0381"	"3172.03817"	""		"19788.251"	"51304.604"	"3d6.4s2"	"a 3H"	"4"	"3d7.(2D2).4p"	"v 3F*"	"4"	9	9		
"3172.0835"	"3172.08397"	"7.15e+05"	C+	"17726.988"	"49242.886"	"3d7.(4P).4s"	"a 5P"	"2"	"3d7.(2G).4p"	"w 3F*"	"3"	5	7		
"3172.1118"	"3172.11064"	""		"17726.988"	"49242.621"	"3d7.(4P).4s"	"a 5P"	"2"	"3d6.(3F2).4s.4p.(3P*)"	"v 3D*"	"2"	5	5		
"3172.290"	"3172.29002"	""		"22249.429"	"53763.280"	"3d7.(2G).4s"	"a 3G"	"3"	"3d7.(2D2).4p"	"x 1F*"	"3"	7	7		
"3172.499"	"3172.50204"	""		"27394.691"	"58906.436"	"3d6.(5D).4s.4p.(3P*)"	"z 5F*"	"3"	""	"58906e"	"4"	7	9		
"3173.238"	"3173.23607"	""		"22838.323"	"54342.779"	"3d7.(4P).4s"	"b 3P"	"2"	"3d7.(4F).5p"	"3D*"	"2"	5	5		
"3173.4061"	"3173.40691"	""		"23244.838"	"54747.598"	"3d6.(5D).4s.4p.(3P*)"	"z 7F*"	"1"	"3d6.(5D).4s (6D).6s"	"g 7D"	"1"	3	3		
"3173.6063"	"3173.60729"	""		"23110.939"	"54611.710"	"3d6.(5D).4s.4p.(3P*)"	"z 7F*"	"3"	"3d6.(5D).4s (6D).6s"	"g 7D"	"2"	7	5		
"3173.6876"	"3173.68739"	""		"22249.429"	"53749.405"	"3d7.(2G).4s"	"a 3G"	"3"	"3d6.(3G).4s.4p.(3P*)"	"3F*"	"2"	7	5		
"3174.218"	"3174.2134"	""		"26479.381"	"57974.137"	"3d6.(5D).4s.4p.(3P*)"	"z 5D*"	"1"	"3d6.(5D).4s (4D).4d"	"i 5D"	"2"	3	5		
"3175.3117"	"3175.30979"	""		"11976.239"	"43460.121"	"3d7.(4F).4s"	"a 3F"	"4"	"3d6.(3H).4s.4p.(3P*)"	"z 5I*"	"5"	9	11		
"3175.312"	"3175.3209"	""		"26224.969"	"57708.741"	"3d7.(2D2).4s"	"a 3D"	"3"	"3d6.(3D).4s.4p.(3P*)"	"t 3F*"	"2"	7	5		
"3175.380"	"3175.37575"	""		"22996.674"	"54479.902"	"3d6.(5D).4s.4p.(3P*)"	"z 7F*"	"4"	"3d6.4s.(6D).6s"	"5D"	"4"	9	9		
"3175.4445"	"3175.44444"	"1.44e+07"	B+	"19350.891"	"50833.438"	"3d6.(5D).4s.4p.(3P*)"	"z 7D*"	"5"	"3d6.(5D).4s (6D).4d"	"e 7F"	"5"	11	11		
"3175.984"	"3175.98245"	""		"23270.384"	"54747.598"	"3d6.(5D).4s.4p.(3P*)"	"z 7F*"	"0"	"3d6.(5D).4s (6D).6s"	"g 7D"	"1"	1	3		
"3176.282"	"3176.28196"	""		"26339.696"	"57813.942"	"3d6.(5D).4s.4p.(3P*)"	"z 5D*"	"2"	"3d6.(5D).4s (4D).4d"	"i 5D"	"3"	5	7		
"3176.3591"	"3176.36027"	"5.90e+06"	C+	"21038.987"	"52512.457"	"3d6.4s2"	"b 3F2"	"2"	"3d7.(2P).4p"	"u 3D*"	"1"	5	3		
"3177.071"	"3177.0673"	""		"11976.239"	"43442.705"	"3d7.(4F).4s"	"a 3F"	"4"	"3d6.(3H).4s.4p.(3P*)"	"z 5I*"	"4"	9	9		
"3178.0126"	"3178.01268"	"1.28e+07"	B+	"19350.891"	"50807.997"	"3d6.(5D).4s.4p.(3P*)"	"z 7D*"	"5"	"3d6.(5D).4s (6D).4d"	"f 7D"	"4"	11	9		
"3178.170"	"3178.16262"	""		"19621.006"	"51076.628"	"3d6.4s2"	"a 3H"	"5"	"3d6.(5D).4s (6D).5p"	"t 5D*"	"4"	11	9		
"3178.5362"	"3178.53580"	""		"24338.767"	"55790.696"	"3d6.4s2"	"b 3G"	"3"	"3d6.(1G2).4s.4p.(3P*)"	"s 3G*"	"3"	7	7		
"3178.607"	"3178.60816"	""		"26339.696"	"57790.909"	"3d6.(5D).4s.4p.(3P*)"	"z 5D*"	"2"	"3d7.(4F).6s"	"3F"	"2"	5	5		
"3178.657"	"3178.65890"	""		"22838.323"	"54289.034"	"3d7.(4P).4s"	"b 3P"	"2"	"3d7.(4F).5p"	"3F*"	"3"	5	7		
"3178.9619"	"3178.96204"	""		"19621.006"	"51068.718"	"3d6.4s2"	"a 3H"	"5"	"3d6.(3G).4s.4p.(3P*)"	"x 3H*"	"5"	11	11		
"3179.047"	"3179.0509"	""		"26874.550"	"58321.383"	"3d6.(5D).4s.4p.(3P*)"	"z 5F*"	"5"	"3d6.4s.(6D).7s"	"5D"	"4"	11	9		
"3179.4783"	"3179.47830"	""		"12968.554"	"44411.160"	"3d7.(4F).4s"	"a 3F"	"2"	"3d6.(3P2).4s.4p.(3P*)"	"w 5D*"	"1"	5	3		
"3180.094"	"3180.0919"	""		"27394.691"	"58831.230"	"3d6.(5D).4s.4p.(3P*)"	"z 5F*"	"3"	""	"58831e"	"3"	7	7		
"3180.2231"	"3180.22325"	"4.42e+07"	B+	"19757.032"	"51192.273"	"3d6.(5D).4s.4p.(3P*)"	"z 7D*"	"3"	"3d6.(5D).4s (6D).4d"	"e 7F"	"4"	7	9		
"3180.479"	"3180.47640"	""		"22838.323"	"54271.062"	"3d7.(4P).4s"	"b 3P"	"2"	"3d6.(3D).4s.4p.(3P*)"	"t 5P*"	"1"	5	3		
"3180.7552"	"3180.75520"	"1.23e+05"	C+	"704.007"	"32133.991"	"3d6.4s2"	"a 5D"	"2"	"3d6.(5D).4s.4p.(3P*)"	"z 3F*"	"2"	5	5		
"3181.044"	"3181.05003"	""		"18378.186"	"49805.257"	"3d6.4s2"	"a 3P2"	"2"	"3d6.(5D).4s (6D).5p"	"n 7D*"	"3"	5	7		
"3181.237"	"3181.23397"	""		"27166.820"	"58592.074"	"3d6.(5D).4s.4p.(3P*)"	"z 5F*"	"4"	"3d7.(4F).5d"	"5F"	"4"	9	9		
"3181.5192"	"3181.51907"	"1.84e+07"	B	"20874.482"	"52296.920"	"3d6.4s2"	"b 3F2"	"3"	"3d7.(2P).4p"	"u 3D*"	"2"	7	5		
"3181.749"	"3181.74164"	""		"27559.583"	"58979.823"	"3d6.(5D).4s.4p.(3P*)"	"z 5F*"	"2"	"3d6.4s.(4D).4d"	"3D"	"2"	5	5		
"3181.8470"	"3181.84595"	""		"23192.500"	"54611.710"	"3d6.(5D).4s.4p.(3P*)"	"z 7F*"	"2"	"3d6.(5D).4s (6D).6s"	"g 7D"	"2"	5	5		
"3181.9112"	"3181.91209"	"1.78e+06"	D+	"19912.495"	"51331.052"	"3d6.(5D).4s.4p.(3P*)"	"z 7D*"	"2"	"3d6.(5D).4s (6D).4d"	"e 7F"	"2"	5	5		
"3181.924"	"3181.9212"	""		"24335.766"	"55754.233"	"3d7.(2P).4s"	"c 3P"	"2"	"3d7.(2D2).4p"	"w 1D*"	"2"	5	5		
"3182.0553"	"3182.05560"	"3.23e+06"	C+	"19562.439"	"50979.579"	"3d6.(5D).4s.4p.(3P*)"	"z 7D*"	"4"	"3d6.(5D).4s (6D).4d"	"e 5G"	"4"	9	9		
"3182.225"	"3182.2252"	""		"24338.767"	"55754.233"	"3d6.4s2"	"b 3G"	"3"	"3d7.(2D2).4p"	"w 1D*"	"2"	7	5		
"3182.336"	"3182.3329"	""		"26339.696"	"57754.099"	"3d6.(5D).4s.4p.(3P*)"	"z 5D*"	"2"	"3d7.(4F).6s"	"5F"	"1"	5	3		
"3182.808"	"3182.80217"	""		"26623.735"	"58033.506"	"3d7.(2D2).4s"	"a 3D"	"2"	"3d6.4s.(4D).5p"	"5D*"	"3"	5	7		
"3182.973"	"3182.97100"	""		"22996.674"	"54404.779"	"3d6.(5D).4s.4p.(3P*)"	"z 7F*"	"4"	"3d6.(5D).4s (6D).6s"	"g 7D"	"3"	9	7		
"3182.973"	"3182.97810"	"1.42e+07"	C+	"17726.988"	"49135.023"	"3d7.(4P).4s"	"a 5P"	"2"	"3d6.(3F2).4s.4p.(3P*)"	"v 3D*"	"3"	5	7		
"3183.109"	"3183.10904"	""		"24118.819"	"55525.562"	"3d6.4s2"	"b 3G"	"4"	"3d6.(1G2).4s.4p.(3P*)"	"v 3H*"	"5"	9	11		
"3183.5749"	"3183.57402"	""		"19621.006"	"51023.162"	"3d6.4s2"	"a 3H"	"5"	"3d6.(3G).4s.4p.(3P*)"	"x 3H*"	"6"	11	13		
"3184.107"	"3184.1058"	""		"26874.550"	"58271.462"	"3d6.(5D).4s.4p.(3P*)"	"z 5F*"	"5"	"3d6.(5D).4s (4D).4d"	"g 5G"	"5"	11	11		
"3184.2010"	"3184.20202"	""		"22946.816"	"54342.779"	"3d7.(4P).4s"	"b 3P"	"1"	"3d7.(4F).5p"	"3D*"	"2"	3	5		
"3184.6172"	"3184.61639"	""		"19757.032"	"51148.910"	"3d6.(5D).4s.4p.(3P*)"	"z 7D*"	"3"	"3d6.(5D).4s (6D).4d"	"e 5S"	"2"	7	5		
"3184.618"	"3184.62268"	""		"19757.032"	"51148.848"	"3d6.(5D).4s.4p.(3P*)"	"z 7D*"	"3"	"3d6.(5D).4s (6D).4d"	"e 7F"	"3"	7	7		
"3184.8945"	"3184.89439"	"2.35e+05"	B	"415.933"	"31805.071"	"3d6.4s2"	"a 5D"	"3"	"3d6.(5D).4s.4p.(3P*)"	"z 3F*"	"3"	7	7		
"3186.254"	"3186.2559"	""		"26623.735"	"57999.461"	"3d7.(2D2).4s"	"a 3D"	"2"	"3d6.4s.(4D).5p"	"3P*"	"2"	5	5		
"3186.786"	"3186.7880"	""		"26140.179"	"57510.666"	"3d6.(5D).4s.4p.(3P*)"	"z 5D*"	"3"	"3d7.(4F).6s"	"5F"	"3"	7	7		
"3186.8093"	"3186.81178"	""		"17927.382"	"49297.635"	"3d7.(4P).4s"	"a 5P"	"1"	"3d6.(3F2).4s.4p.(3P*)"	"v 3D*"	"1"	3	3		
"3186.943"	"3186.93329"	""		"21715.732"	"53084.789"	"3d7.(2G).4s"	"a 3G"	"5"	"3d7.(4F).5p"	"5F*"	"5"	11	11		
"3186.943"	"3186.94284"	""		"23110.939"	"54479.902"	"3d6.(5D).4s.4p.(3P*)"	"z 7F*"	"3"	"3d6.4s.(6D).6s"	"5D"	"4"	7	9		
"3187.157"	"3187.15530"	""		"23244.838"	"54611.710"	"3d6.(5D).4s.4p.(3P*)"	"z 7F*"	"1"	"3d6.(5D).4s (6D).6s"	"g 7D"	"2"	3	5		
"3187.6781"	"3187.67747"	""		"12560.934"	"43922.668"	"3d7.(4F).4s"	"a 3F"	"3"	"3d6.(3P2).4s.4p.(3P*)"	"w 5D*"	"3"	7	7		
"3188.0171"	"3188.01792"	""		"21999.130"	"53357.515"	"3d7.(2G).4s"	"a 3G"	"4"	"3d6.(3G).4s.4p.(3P*)"	"3F*"	"3"	9	7		
"3188.494"	"3188.50193"	""		"21715.732"	"53069.357"	"3d7.(2G).4s"	"a 3G"	"5"	"3d7.(4F).5p"	"5G*"	"6"	11	13		
"3188.530"	"3188.53061"	""		"27166.820"	"58520.163"	"3d6.(5D).4s.4p.(3P*)"	"z 5F*"	"4"	"3d6.(5D).4s (4D).4d"	"g 5G"	"4"	9	9		
"3188.5673"	"3188.56763"	"5.00e+06"	D+	"19350.891"	"50703.870"	"3d6.(5D).4s.4p.(3P*)"	"z 7D*"	"5"	"3d6.(5D).4s (6D).4d"	"e 5G"	"5"	11	11		
"3188.8188"	"3188.81875"	"2.53e+07"	B+	"20019.635"	"51370.145"	"3d6.(5D).4s.4p.(3P*)"	"z 7D*"	"1"	"3d6.(5D).4s (6D).4d"	"e 5G"	"2"	3	5		
"3190.0161"	"3190.01562"	""		"20874.482"	"52213.230"	"3d6.4s2"	"b 3F2"	"3"	"3d7.(2D2).4p"	"t 3D*"	"3"	7	7		
"3190.6493"	"3190.64942"	"5.75e+06"	C+	"24574.655"	"55907.178"	"3d7.(2G).4s"	"a 1G"	"4"	"3d7.(2H).4p"	"1H*"	"5"	9	11		
"3190.8165"	"3190.8166"	"5.55e+06"	C+	"24574.655"	"55905.536"	"3d7.(2G).4s"	"a 1G"	"4"	"3d6.(1G2).4s.4p.(3P*)"	"s 3G*"	"4"	9	9		
"3190.932"	"3190.93642"	""		"21999.130"	"53328.835"	"3d7.(2G).4s"	"a 3G"	"4"	"3d7.(4F).5p"	"3F*"	"4"	9	9		
"3191.1114"	"3191.11100"	"1.33e+06"	C+	"20641.110"	"51969.101"	"3d6.4s2"	"b 3F2"	"4"	"3d7.(2P).4p"	"u 3D*"	"3"	9	7		
"3191.192"	"3191.1927"	""		"24118.819"	"55446.008"	"3d6.4s2"	"b 3G"	"4"	"3d6.(1G2).4s.4p.(3P*)"	"v 3H*"	"4"	9	9		
"3191.374"	"3191.3734"	""		"27166.820"	"58492.235"	"3d6.(5D).4s.4p.(3P*)"	"z 5F*"	"4"	"3d6.4s.(4D).4d"	"3G"	"5"	9	11		
"3191.499"	"3191.49253"	""		"22946.816"	"54271.062"	"3d7.(4P).4s"	"b 3P"	"1"	"3d6.(3D).4s.4p.(3P*)"	"t 5P*"	"1"	3	3		
"3191.6590"	"3191.65893"	"2.37e+05"	B	"0.000"	"31322.613"	"3d6.4s2"	"a 5D"	"4"	"3d6.(5D).4s.4p.(3P*)"	"z 3D*"	"3"	9	7		
"3192.406"	"3192.3986"	""		"27394.691"	"58710.047"	"3d6.(5D).4s.4p.(3P*)"	"z 5F*"	"3"	"3d6.(5D).4s (4D).4d"	"g 5G"	"3"	7	7		
"3192.4091"	"3192.41051"	""		"17927.382"	"49242.621"	"3d7.(4P).4s"	"a 5P"	"1"	"3d6.(3F2).4s.4p.(3P*)"	"v 3D*"	"2"	3	5		
"3192.5054"	"3192.5054"	""		"21999.130"	"53313.438"	"3d7.(2G).4s"	"a 3G"	"4"	"3d6.(3G).4s.4p.(3P*)"	"y 1H*"	"5"	9	11		
"3192.8002"	"3192.80021"	"5.01e+07"	B+	"20019.635"	"51331.052"	"3d6.(5D).4s.4p.(3P*)"	"z 7D*"	"1"	"3d6.(5D).4s (6D).4d"	"e 7F"	"2"	3	5		
"3192.8431"	"3192.84273"	""		"24118.819"	"55429.819"	"3d6.4s2"	"b 3G"	"4"	"3d6.(1G2).4s.4p.(3P*)"	"s 3G*"	"5"	9	11		
"3193.2257"	"3193.22569"	"4.43e+05"	B	"0.000"	"31307.245"	"3d6.4s2"	"a 5D"	"4"	"3d6.(5D).4s.4p.(3P*)"	"z 3F*"	"4"	9	9		
"3193.2996"	"3193.29965"	"3.07e+07"	B+	"19912.495"	"51219.015"	"3d6.(5D).4s.4p.(3P*)"	"z 7D*"	"2"	"3d6.(5D).4s (6D).4d"	"e 5G"	"3"	5	7		
"3193.730"	"3193.7326"	""		"26406.465"	"57708.741"	"3d7.(2D2).4s"	"a 3D"	"1"	"3d6.(3D).4s.4p.(3P*)"	"t 3F*"	"2"	3	5		
"3194.335"	"3194.33921"	""		"22838.323"	"54134.655"	"3d7.(4P).4s"	"b 3P"	"2"	"3d7.(4F).5p"	"5G*"	"3"	5	7		
"3194.4236"	"3194.42383"	"1.08e+07"	B	"19912.495"	"51207.998"	"3d6.(5D).4s.4p.(3P*)"	"z 7D*"	"2"	"3d6.(5D).4s (6D).4d"	"e 7F"	"1"	5	3		
"3194.5936"	"3194.59359"	""		"23110.939"	"54404.779"	"3d6.(5D).4s.4p.(3P*)"	"z 7F*"	"3"	"3d6.(5D).4s (6D).6s"	"g 7D"	"3"	7	7		
"3195.070"	"3195.0762"	""		"27394.691"	"58683.804"	"3d6.(5D).4s.4p.(3P*)"	"z 5F*"	"3"	"3d6.4s.(6D).7s"	"7D"	"2"	7	5		
"3195.230"	"3195.2276"	""		"27394.691"	"58682.322"	"3d6.(5D).4s.4p.(3P*)"	"z 5F*"	"3"	"3d6.4s.(4D).4d"	"3D"	"3"	7	7		
"3195.9592"	"3195.95939"	""		"19788.251"	"51068.718"	"3d6.4s2"	"a 3H"	"4"	"3d6.(3G).4s.4p.(3P*)"	"x 3H*"	"5"	9	11		
"3196.1224"	"3196.12206"	"1.40e+07"	B+	"22845.869"	"54124.744"	"3d6.(5D).4s.4p.(3P*)"	"z 7F*"	"5"	"3d6.(5D).4s (6D).6s"	"g 7D"	"4"	11	9		
"3196.549"	"3196.5469"	""		"26479.381"	"57754.099"	"3d6.(5D).4s.4p.(3P*)"	"z 5D*"	"1"	"3d7.(4F).6s"	"5F"	"1"	3	3		
"3196.626"	"3196.62980"	""		"22838.323"	"54112.230"	"3d7.(4P).4s"	"b 3P"	"2"	"3d6.(3D).4s.4p.(3P*)"	"t 5P*"	"2"	5	5		
"3196.9272"	"3196.92708"	"5.97e+07"	B+	"19562.439"	"50833.438"	"3d6.(5D).4s.4p.(3P*)"	"z 7D*"	"4"	"3d6.(5D).4s (6D).4d"	"e 7F"	"5"	9	11		
"3196.9866"	"3196.98648"	"1.94e+05"	B	"415.933"	"31686.351"	"3d6.4s2"	"a 5D"	"3"	"3d6.(5D).4s.4p.(3P*)"	"z 3D*"	"2"	7	5		
"3197.310"	"3197.3066"	""		"27394.691"	"58661.978"	"3d6.(5D).4s.4p.(3P*)"	"z 5F*"	"3"	""	"58661e"	"4"	7	9		
"3197.5138"	"3197.5137"	""		"27559.583"	"58824.845"	"3d6.(5D).4s.4p.(3P*)"	"z 5F*"	"2"	"3d6.(5D).4s (4D).4d"	"g 5G"	"2"	5	5		
"3197.749"	"3197.74968"	""		"26140.179"	"57403.134"	"3d6.(5D).4s.4p.(3P*)"	"z 5D*"	"3"	"3d6.4s.(6D).5d"	"5P"	"2"	7	5		
"3198.032"	"3198.03632"	""		"25899.989"	"57160.142"	"3d6.(5D).4s.4p.(3P*)"	"z 5D*"	"4"	"3d6.4s.(6D).5d"	"5P"	"3"	9	7		
"3198.2640"	"3198.26346"	""		"21038.987"	"52296.920"	"3d6.4s2"	"b 3F2"	"2"	"3d7.(2P).4p"	"u 3D*"	"2"	5	5		
"3198.475"	"3198.47477"	""		"25899.989"	"57155.857"	"3d6.(5D).4s.4p.(3P*)"	"z 5D*"	"4"	"3d6.4s.(6D).5d"	"7G"	"4"	9	9		
"3199.4994"	"3199.49937"	"1.23e+05"	C+	"888.132"	"32133.991"	"3d6.4s2"	"a 5D"	"1"	"3d6.(5D).4s.4p.(3P*)"	"z 3F*"	"2"	3	5		
"3199.5302"	"3199.53020"	"2.23e+07"	B+	"19562.439"	"50807.997"	"3d6.(5D).4s.4p.(3P*)"	"z 7D*"	"4"	"3d6.(5D).4s (6D).4d"	"f 7D"	"4"	9	9		
"3199.653"	"3199.6565"	""		"26874.550"	"58118.875"	"3d6.(5D).4s.4p.(3P*)"	"z 5F*"	"5"	"3d6.4s.(4D).4d"	"5F"	"4"	11	9		
"3199.937"	"3199.93423"	""		"19757.032"	"50998.645"	"3d6.(5D).4s.4p.(3P*)"	"z 7D*"	"3"	"3d6.(5D).4s (6D).4d"	"f 7D"	"2"	7	5		
"3200.3157"	"3200.31490"	""		"21715.732"	"52953.629"	"3d7.(2G).4s"	"a 3G"	"5"	"3d6.(3G).4s.4p.(3P*)"	"3F*"	"4"	11	9		
"3200.4713"	"3200.47310"	""		"19912.495"	"51148.848"	"3d6.(5D).4s.4p.(3P*)"	"z 7D*"	"2"	"3d6.(5D).4s (6D).4d"	"e 7F"	"3"	5	7		
"3200.474"	"3200.46674"	""		"19912.495"	"51148.910"	"3d6.(5D).4s.4p.(3P*)"	"z 7D*"	"2"	"3d6.(5D).4s (6D).4d"	"e 5S"	"2"	5	5		
"3200.7842"	"3200.78410"	"5.90e+04"	C+	"704.007"	"31937.325"	"3d6.4s2"	"a 5D"	"2"	"3d6.(5D).4s.4p.(3P*)"	"z 3D*"	"1"	5	3		
"3201.446"	"3201.44874"	""		"25899.989"	"57126.823"	"3d6.(5D).4s.4p.(3P*)"	"z 5D*"	"4"	"3d6.4s.(6D).5d"	"7G"	"5"	9	11		
"3201.613"	"3201.61003"	""		"25899.989"	"57125.250"	"3d6.(5D).4s.4p.(3P*)"	"z 5D*"	"4"	"3d6.4s.(6D).5d"	"5F"	"4"	9	9		
"3202.5556"	"3202.55569"	"6.18e+06"	B	"24574.655"	"55790.696"	"3d7.(2G).4s"	"a 1G"	"4"	"3d6.(1G2).4s.4p.(3P*)"	"s 3G*"	"3"	9	7		
"3202.657"	"3202.65490"	""		"12968.554"	"44183.628"	"3d7.(4F).4s"	"a 3F"	"2"	"3d6.(3P2).4s.4p.(3P*)"	"w 5D*"	"2"	5	5		
"3202.947"	"3202.94171"	""		"23192.500"	"54404.779"	"3d6.(5D).4s.4p.(3P*)"	"z 7F*"	"2"	"3d6.(5D).4s (6D).6s"	"g 7D"	"3"	5	7		
"3203.830"	"3203.8306"	""		"26550.479"	"57754.099"	"3d6.(5D).4s.4p.(3P*)"	"z 5D*"	"0"	"3d7.(4F).6s"	"5F"	"1"	1	3		
"3204.305"	"3204.3081"	""		"26351.040"	"57550.010"	"3d7.(2H).4s"	"b 3H"	"5"	"3d6.(3D).4s.4p.(3P*)"	"t 3F*"	"4"	11	9		
"3204.462"	"3204.47109"	""		"27394.691"	"58592.074"	"3d6.(5D).4s.4p.(3P*)"	"z 5F*"	"3"	"3d7.(4F).5d"	"5F"	"4"	7	9		
"3205.210"	"3205.20868"	""		"22650.416"	"53840.620"	"3d6.(5D).4s.4p.(3P*)"	"z 7F*"	"6"	"3d7.(4F).4d"	"e 3H"	"6"	13	13		
"3205.3978"	"3205.39789"	"9.77e+07"	B+	"20019.635"	"51207.998"	"3d6.(5D).4s.4p.(3P*)"	"z 7D*"	"1"	"3d6.(5D).4s (6D).4d"	"e 7F"	"1"	3	3		
"3205.777"	"3205.77822"	""		"20641.110"	"51825.773"	"3d6.4s2"	"b 3F2"	"4"	"3d7.(2H).4p"	"u 3G*"	"3"	9	7		
"3206.855"	"3206.84979"	""		"21038.987"	"52213.230"	"3d6.4s2"	"b 3F2"	"2"	"3d7.(2D2).4p"	"t 3D*"	"3"	5	7		
"3207.0750"	"3207.07509"	"1.32e+06"	C	"19350.891"	"50522.944"	"3d6.(5D).4s.4p.(3P*)"	"z 7D*"	"5"	"3d6.(5D).4s (6D).4d"	"e 5G"	"6"	11	13		
"3207.187"	"3207.1865"	""		"26339.696"	"57510.666"	"3d6.(5D).4s.4p.(3P*)"	"z 5D*"	"2"	"3d7.(4F).6s"	"5F"	"3"	5	7		
"3207.243"	"3207.24703"	""		"25899.989"	"57070.371"	"3d6.(5D).4s.4p.(3P*)"	"z 5D*"	"4"	"3d6.4s.(6D).5d"	"7D"	"3"	9	7		
"3207.5815"	"3207.58055"	""		"26140.179"	"57307.320"	"3d6.(5D).4s.4p.(3P*)"	"z 5D*"	"3"	"3d6.4s.(6D).5d"	"7F"	"4"	7	9		
"3207.656"	"3207.65733"	""		"22838.323"	"54004.718"	"3d7.(4P).4s"	"b 3P"	"2"	"3d6.(3D).4s.4p.(3P*)"	"t 5P*"	"3"	5	7		
"3208.4704"	"3208.4704"	""		"27666.348"	"58824.845"	"3d6.(5D).4s.4p.(3P*)"	"z 5F*"	"1"	"3d6.(5D).4s (4D).4d"	"g 5G"	"2"	3	5		
"3208.761"	"3208.76600"	""		"25899.989"	"57055.616"	"3d6.(5D).4s.4p.(3P*)"	"z 5D*"	"4"	"3d6.4s.(6D).5d"	"5G"	"3"	9	7		
"3208.876"	"3208.8756"	""		"27166.820"	"58321.383"	"3d6.(5D).4s.4p.(3P*)"	"z 5F*"	"4"	"3d6.4s.(6D).7s"	"5D"	"4"	9	9		
"3209.104"	"3209.10314"	""		"17550.181"	"48702.535"	"3d7.(4P).4s"	"a 5P"	"3"	"3d6.(3H).4s.4p.(3P*)"	"y 1G*"	"4"	7	9		
"3209.2979"	"3209.2979"	""		"27559.583"	"58710.047"	"3d6.(5D).4s.4p.(3P*)"	"z 5F*"	"2"	"3d6.(5D).4s (4D).4d"	"g 5G"	"3"	5	7		
"3209.2979"	"3209.30002"	""		"22650.416"	"53800.859"	"3d6.(5D).4s.4p.(3P*)"	"z 7F*"	"6"	"3d6.(5D).4s (6D).6s"	"g 7D"	"5"	13	11		
"3210.1863"	"3210.18735"	""		"21038.987"	"52180.820"	"3d6.4s2"	"b 3F2"	"2"	"3d7.(2P).4p"	"1P*"	"1"	5	3		
"3210.2289"	"3210.22879"	"1.15e+07"	B+	"19562.439"	"50703.870"	"3d6.(5D).4s.4p.(3P*)"	"z 7D*"	"4"	"3d6.(5D).4s (6D).4d"	"e 5G"	"5"	9	11		
"3210.382"	"3210.3747"	""		"26406.465"	"57546.481"	"3d7.(2D2).4s"	"a 3D"	"1"	"3d6.4s.(6D).6p"	"5F*"	"1"	3	3		
"3210.643"	"3210.6422"	""		"22838.323"	"53975.744"	"3d7.(4P).4s"	"b 3P"	"2"	"3d6.(3D).4s.4p.(3P*)"	"5D*"	"1"	5	3		
"3210.8290"	"3210.82878"	"9.24e+07"	B+	"19912.495"	"51048.107"	"3d6.(5D).4s.4p.(3P*)"	"z 7D*"	"2"	"3d6.(5D).4s (6D).4d"	"f 7D"	"1"	5	3		
"3211.137"	"3211.13138"	""		"11976.239"	"43108.917"	"3d7.(4F).4s"	"a 3F"	"4"	"3d6.(3H).4s.4p.(3P*)"	"z 5H*"	"4"	9	9		
"3211.4826"	"3211.48243"	""		"20019.635"	"51148.910"	"3d6.(5D).4s.4p.(3P*)"	"z 7D*"	"1"	"3d6.(5D).4s (6D).4d"	"e 5S"	"2"	3	5		
"3211.6073"	"3211.60675"	"3.07e+06"	C+	"22996.674"	"54124.744"	"3d6.(5D).4s.4p.(3P*)"	"z 7F*"	"4"	"3d6.(5D).4s (6D).6s"	"g 7D"	"4"	9	9		
"3211.6772"	"3211.67712"	""		"26874.550"	"58001.938"	"3d6.(5D).4s.4p.(3P*)"	"z 5F*"	"5"	"3d6.(5D).4s (4D).4d"	"g 5G"	"6"	11	13		
"3211.8749"	"3211.87483"	""		"27394.691"	"58520.163"	"3d6.(5D).4s.4p.(3P*)"	"z 5F*"	"3"	"3d6.(5D).4s (4D).4d"	"g 5G"	"4"	7	9		
"3211.9871"	"3211.98577"	"4.64e+07"	B	"19350.891"	"50475.288"	"3d6.(5D).4s.4p.(3P*)"	"z 7D*"	"5"	"3d6.(5D).4s (6D).4d"	"e 7P"	"4"	11	9		
"3211.995"	"3212.0039"	""		"27559.583"	"58683.804"	"3d6.(5D).4s.4p.(3P*)"	"z 5F*"	"2"	"3d6.4s.(6D).7s"	"7D"	"2"	5	5		
"3212.160"	"3212.1569"	""		"27559.583"	"58682.322"	"3d6.(5D).4s.4p.(3P*)"	"z 5F*"	"2"	"3d6.4s.(4D).4d"	"3D"	"3"	5	7		
"3212.320"	"3212.31791"	""		"26224.969"	"57346.148"	"3d7.(2D2).4s"	"a 3D"	"3"	"3d6.(3D).4s.4p.(1P*)"	"3D*"	"3"	7	7		
"3212.557"	"3212.55741"	""		"26224.969"	"57343.828"	"3d7.(2D2).4s"	"a 3D"	"3"	"3d6.4s.(6D).6p"	"5F*"	"3"	7	7		
"3212.673"	"3212.6775"	""		"27394.691"	"58512.387"	"3d6.(5D).4s.4p.(3P*)"	"z 5F*"	"3"	"3d6.4s.(4D).4d"	"5F"	"2"	7	5		
"3213.673"	"3213.66998"	""		"22249.429"	"53357.515"	"3d7.(2G).4s"	"a 3G"	"3"	"3d6.(3G).4s.4p.(3P*)"	"3F*"	"3"	7	7		
"3213.756"	"3213.7573"	"1.09e+06"	D+	"24338.767"	"55446.008"	"3d6.4s2"	"b 3G"	"3"	"3d6.(1G2).4s.4p.(3P*)"	"v 3H*"	"4"	7	9		
"3214.012"	"3214.01115"	"8.38e+07"	B+	"19757.032"	"50861.816"	"3d6.(5D).4s.4p.(3P*)"	"z 7D*"	"3"	"3d6.(5D).4s (6D).4d"	"f 7D"	"3"	7	7		
"3214.012"	"3214.0258"	""		"27166.820"	"58271.462"	"3d6.(5D).4s.4p.(3P*)"	"z 5F*"	"4"	"3d6.(5D).4s (4D).4d"	"g 5G"	"5"	9	11		
"3214.0614"	"3214.06168"	"1.18e+08"	B	"19757.032"	"50861.327"	"3d6.(5D).4s.4p.(3P*)"	"z 7D*"	"3"	"3d6.(5D).4s (6D).4d"	"e 7P"	"2"	7	5		
"3214.3956"	"3214.39559"	"2.22e+05"	C+	"704.007"	"31805.071"	"3d6.4s2"	"a 5D"	"2"	"3d6.(5D).4s.4p.(3P*)"	"z 3F*"	"3"	5	7		
"3214.6124"	"3214.61503"	""		"18378.186"	"49477.127"	"3d6.4s2"	"a 3P2"	"2"	"3d6.(3F2).4s.4p.(3P*)"	"1F*"	"3"	5	7		
"3215.215"	"3215.2054"	""		"27666.348"	"58759.579"	"3d6.(5D).4s.4p.(3P*)"	"z 5F*"	"1"	"3d6.4s.(6D).7s"	"7D"	"1"	3	3		
"3215.4085"	"3215.40829"	""		"21715.732"	"52807.001"	"3d7.(2G).4s"	"a 3G"	"5"	"3d7.(4F).5p"	"3G*"	"5"	11	11		
"3215.8332"	"3215.8329"	""		"27394.691"	"58481.855"	"3d6.(5D).4s.4p.(3P*)"	"z 5F*"	"3"	"3d6.4s.(4D).4d"	"5P"	"3"	7	7		
"3215.9378"	"3215.93780"	"6.19e+07"	B+	"19912.495"	"50998.645"	"3d6.(5D).4s.4p.(3P*)"	"z 7D*"	"2"	"3d6.(5D).4s (6D).4d"	"f 7D"	"2"	5	5		
"3215.985"	"3215.98859"	""		"21999.130"	"53084.789"	"3d7.(2G).4s"	"a 3G"	"4"	"3d7.(4F).5p"	"5F*"	"5"	9	11		
"3215.985"	"3215.9929"	""		"27394.691"	"58480.308"	"3d6.(5D).4s.4p.(3P*)"	"z 5F*"	"3"	"3d6.4s.(6D).7s"	"7D"	"3"	7	7		
"3216.050"	"3216.0562"	""		"26623.735"	"57708.741"	"3d7.(2D2).4s"	"a 3D"	"2"	"3d6.(3D).4s.4p.(3P*)"	"t 3F*"	"2"	5	5		
"3216.718"	"3216.71411"	""		"26140.179"	"57218.827"	"3d6.(5D).4s.4p.(3P*)"	"z 5D*"	"3"	"3d7.(4F).6s"	"3F"	"3"	7	7		
"3217.3770"	"3217.37689"	"1.50e+07"	B	"19350.891"	"50423.137"	"3d6.(5D).4s.4p.(3P*)"	"z 7D*"	"5"	"3d6.(5D).4s (6D).4d"	"f 5D"	"4"	11	9		
"3219.368"	"3219.3699"	""		"21715.732"	"52768.743"	"3d7.(2G).4s"	"a 3G"	"5"	"3d7.(2H).4p"	"w 3H*"	"4"	11	9		
"3219.5819"	"3219.58202"	"4.64e+07"	B+	"19757.032"	"50807.997"	"3d6.(5D).4s.4p.(3P*)"	"z 7D*"	"3"	"3d6.(5D).4s (6D).4d"	"f 7D"	"4"	7	9		
"3219.7660"	"3219.76577"	"1.80e+04"	C+	"888.132"	"31937.325"	"3d6.4s2"	"a 5D"	"1"	"3d6.(5D).4s.4p.(3P*)"	"z 3D*"	"1"	3	3		
"3219.8043"	"3219.80425"	"3.61e+07"	B	"19562.439"	"50611.261"	"3d6.(5D).4s.4p.(3P*)"	"z 7D*"	"4"	"3d6.(5D).4s (6D).4d"	"e 7P"	"3"	9	7		
"3221.644"	"3221.6438"	""		"27166.820"	"58197.914"	"3d6.(5D).4s.4p.(3P*)"	"z 5F*"	"4"	"3d6.4s.(6D).7s"	"7D"	"4"	9	9		
"3221.870"	"3221.8687"	""		"22946.816"	"53975.744"	"3d7.(4P).4s"	"b 3P"	"1"	"3d6.(3D).4s.4p.(3P*)"	"5D*"	"1"	3	3		
"3221.9160"	"3221.91603"	"1.22e+07"	C+	"20019.635"	"51048.107"	"3d6.(5D).4s.4p.(3P*)"	"z 7D*"	"1"	"3d6.(5D).4s (6D).4d"	"f 7D"	"1"	3	3		
"3222.058"	"3222.06100"	""		"20641.110"	"51668.186"	"3d6.4s2"	"b 3F2"	"4"	"3d7.(2H).4p"	"u 3G*"	"4"	9	9		
"3222.0669"	"3222.06713"	"8.65e+07"	B+	"19350.891"	"50377.908"	"3d6.(5D).4s.4p.(3P*)"	"z 7D*"	"5"	"3d6.(5D).4s (6D).4d"	"f 7D"	"5"	11	11		
"3223.084"	"3223.08009"	""		"26623.735"	"57641.001"	"3d7.(2D2).4s"	"a 3D"	"2"	"3d6.(3D).4s.4p.(3P*)"	"t 3F*"	"3"	5	7		
"3223.255"	"3223.24512"	""		"26140.179"	"57155.857"	"3d6.(5D).4s.4p.(3P*)"	"z 5D*"	"3"	"3d6.4s.(6D).5d"	"7G"	"4"	7	9		
"3223.2672"	"3223.26798"	"3.10e+04"	D+	"11976.239"	"42991.697"	"3d7.(4F).4s"	"a 3F"	"4"	"3d6.(3H).4s.4p.(3P*)"	"z 5H*"	"5"	9	11		
"3223.437"	"3223.43979"	""		"23110.939"	"54124.744"	"3d6.(5D).4s.4p.(3P*)"	"z 7F*"	"3"	"3d6.(5D).4s (6D).6s"	"g 7D"	"4"	7	9		
"3223.478"	"3223.48271"	""		"26627.609"	"57641.001"	"3d7.(2H).4s"	"b 3H"	"4"	"3d6.(3D).4s.4p.(3P*)"	"t 3F*"	"3"	9	7		
"3223.842"	"3223.84042"	""		"7985.785"	"38995.736"	"3d7.(4F).4s"	"a 5F"	"2"	"3d7.(4F).4p"	"y 3D*"	"1"	5	3		
"3224.9238"	"3224.92441"	""		"22838.323"	"53837.851"	"3d7.(4P).4s"	"b 3P"	"2"	"3d7.(4F).5p"	"3D*"	"3"	5	7		
"3225.051"	"3225.0512"	""		"26105.908"	"57104.217"	"3d7.(2H).4s"	"b 3H"	"6"	"3d6.(1I).4s.4p.(3P*)"	"x 3I*"	"5"	13	11		
"3225.6072"	"3225.60609"	"4.65e+05"	C	"19621.006"	"50613.983"	"3d6.4s2"	"a 3H"	"5"	"3d6.(3F2).4s.4p.(3P*)"	"x 1G*"	"4"	11	9		
"3225.7870"	"3225.78709"	"1.18e+08"	B+	"19350.891"	"50342.129"	"3d6.(5D).4s.4p.(3P*)"	"z 7D*"	"5"	"3d6.(5D).4s (6D).4d"	"e 7F"	"6"	11	13		
"3226.0133"	"3226.01299"	"6.59e+05"	C+	"20641.110"	"51630.178"	"3d6.4s2"	"b 3F2"	"4"	"3d6.(3H).4s.4p.(3P*)"	"1H*"	"5"	9	11		
"3226.435"	"3226.42915"	""		"26140.179"	"57125.250"	"3d6.(5D).4s.4p.(3P*)"	"z 5D*"	"3"	"3d6.4s.(6D).5d"	"5F"	"4"	7	9		
"3226.7144"	"3226.71314"	""		"704.007"	"31686.351"	"3d6.4s2"	"a 5D"	"2"	"3d6.(5D).4s.4p.(3P*)"	"z 3D*"	"2"	5	5		
"3226.720"	"3226.7266"	""		"24772.018"	"55754.233"	"3d7.(2P).4s"	"c 3P"	"1"	"3d7.(2D2).4p"	"w 1D*"	"2"	3	5		
"3226.892"	"3226.8895"	""		"26339.696"	"57320.347"	"3d6.(5D).4s.4p.(3P*)"	"z 5D*"	"2"	"3d6.4s.(6D).5d"	"7G"	"1"	5	3		
"3227.0609"	"3227.06042"	"4.52e+06"	B	"20019.635"	"50998.645"	"3d6.(5D).4s.4p.(3P*)"	"z 7D*"	"1"	"3d6.(5D).4s (6D).4d"	"f 7D"	"2"	3	5		
"3227.269"	"3227.2698"	""		"27543.003"	"58520.003"	"3d7.(2P).4s"	"a 1P"	"1"	"3d6.4s.(4D).5p"	"5D*"	"1"	3	3		
"3227.7953"	"3227.79521"	"4.96e+07"	B	"19562.439"	"50534.397"	"3d6.(5D).4s.4p.(3P*)"	"z 7D*"	"4"	"3d6.(5D).4s (6D).4d"	"f 5D"	"3"	9	7		
"3227.9951"	"3227.99585"	""		"22838.323"	"53808.356"	"3d7.(4P).4s"	"b 3P"	"2"	"3d7.(2P).4p"	"x 3S*"	"1"	5	3		
"3228.2487"	"3228.24874"	"3.72e+07"	C+	"19912.495"	"50880.102"	"3d6.(5D).4s.4p.(3P*)"	"z 7D*"	"2"	"3d6.(5D).4s (6D).4d"	"f 5D"	"1"	5	3		
"3228.396"	"3228.39501"	""		"22946.816"	"53913.020"	"3d7.(4P).4s"	"b 3P"	"1"	"3d6.(3D).4s.4p.(3P*)"	"5D*"	"2"	3	5		
"3228.494"	"3228.4933"	""		"27166.820"	"58132.081"	"3d6.(5D).4s.4p.(3P*)"	"z 5F*"	"4"	"3d6.4s.(4D).4d"	"5F"	"3"	9	7		
"3228.5973"	"3228.5974"	"1.74e+06"	D+	"26105.908"	"57070.171"	"3d7.(2H).4s"	"b 3H"	"6"	"3d6.(1I).4s.4p.(3P*)"	"x 3I*"	"6"	13	13		
"3228.8984"	"3228.89835"	""		"20019.635"	"50981.012"	"3d6.(5D).4s.4p.(3P*)"	"z 7D*"	"1"	"3d6.(5D).4s (6D).4d"	"f 5D"	"0"	3	1		
"3229.1201"	"3229.12009"	"1.67e+05"	C+	"978.074"	"31937.325"	"3d6.4s2"	"a 5D"	"0"	"3d6.(5D).4s.4p.(3P*)"	"z 3D*"	"1"	1	3		
"3229.570"	"3229.56459"	""		"22845.869"	"53800.859"	"3d6.(5D).4s.4p.(3P*)"	"z 7F*"	"5"	"3d6.(5D).4s (6D).6s"	"g 7D"	"5"	11	11		
"3229.612"	"3229.61582"	""		"21999.130"	"52953.629"	"3d7.(2G).4s"	"a 3G"	"4"	"3d6.(3G).4s.4p.(3P*)"	"3F*"	"4"	9	9		
"3229.7936"	"3229.7927"	""		"27559.583"	"58512.387"	"3d6.(5D).4s.4p.(3P*)"	"z 5F*"	"2"	"3d6.4s.(4D).4d"	"5F"	"2"	5	5		
"3229.8707"	"3229.8708"	""		"27166.820"	"58118.875"	"3d6.(5D).4s.4p.(3P*)"	"z 5F*"	"4"	"3d6.4s.(4D).4d"	"5F"	"4"	9	9		
"3229.955"	"3229.95057"	""		"20874.482"	"51825.773"	"3d6.4s2"	"b 3F2"	"3"	"3d7.(2H).4p"	"u 3G*"	"3"	7	7		
"3229.9906"	"3229.99065"	"1.06e+07"	B+	"24574.655"	"55525.562"	"3d7.(2G).4s"	"a 1G"	"4"	"3d6.(1G2).4s.4p.(3P*)"	"v 3H*"	"5"	9	11		
"3230.096"	"3230.08750"	""		"7728.060"	"38678.039"	"3d7.(4F).4s"	"a 5F"	"3"	"3d7.(4F).4p"	"y 3D*"	"2"	7	5		
"3230.1561"	"3230.15618"	"1.51e+06"	C+	"19912.495"	"50861.816"	"3d6.(5D).4s.4p.(3P*)"	"z 7D*"	"2"	"3d6.(5D).4s (6D).4d"	"f 7D"	"3"	5	7		
"3230.2070"	"3230.20722"	"2.06e+07"	C+	"19912.495"	"50861.327"	"3d6.(5D).4s.4p.(3P*)"	"z 7D*"	"2"	"3d6.(5D).4s (6D).4d"	"e 7P"	"2"	5	5		
"3230.213"	"3230.21285"	""		"26623.735"	"57572.513"	"3d7.(2D2).4s"	"a 3D"	"2"	"3d6.4s.(6D).6p"	"5F*"	"2"	5	5		
"3230.847"	"3230.84278"	""		"25899.989"	"56842.733"	"3d6.(5D).4s.4p.(3P*)"	"z 5D*"	"4"	"3d6.4s.(6D).5d"	"7F"	"5"	9	11		
"3230.9634"	"3230.96349"	"3.7e+07"	D+	"19757.032"	"50698.620"	"3d6.(5D).4s.4p.(3P*)"	"z 7D*"	"3"	"3d6.(5D).4s (6D).4d"	"f 5D"	"2"	7	5		
"3231.5792"	"3231.58076"	""		"11976.239"	"42911.917"	"3d7.(4F).4s"	"a 3F"	"4"	"3d6.(3H).4s.4p.(3P*)"	"y 5G*"	"5"	9	11		
"3232.161"	"3232.15396"	""		"26140.179"	"57070.371"	"3d6.(5D).4s.4p.(3P*)"	"z 5D*"	"3"	"3d6.4s.(6D).5d"	"7D"	"3"	7	7		
"3232.161"	"3232.16211"	""		"21038.987"	"51969.101"	"3d6.4s2"	"b 3F2"	"2"	"3d7.(2P).4p"	"u 3D*"	"3"	5	7		
"3232.703"	"3232.70112"	""		"22838.323"	"53763.280"	"3d7.(4P).4s"	"b 3P"	"2"	"3d7.(2D2).4p"	"x 1F*"	"3"	5	7		
"3232.796"	"3232.8018"	""		"23051.750"	"53975.744"	"3d7.(4P).4s"	"b 3P"	"0"	"3d6.(3D).4s.4p.(3P*)"	"5D*"	"1"	1	3		
"3232.937"	"3232.9323"	""		"26623.735"	"57546.481"	"3d7.(2D2).4s"	"a 3D"	"2"	"3d6.4s.(6D).6p"	"5F*"	"1"	5	3		
"3233.0516"	"3233.0516"	"4.19e+07"	B+	"26105.908"	"57027.513"	"3d7.(2H).4s"	"b 3H"	"6"	"3d6.(1I).4s.4p.(3P*)"	"x 3I*"	"7"	13	15		
"3233.2793"	"3233.27702"	""		"18378.186"	"49297.635"	"3d6.4s2"	"a 3P2"	"2"	"3d6.(3F2).4s.4p.(3P*)"	"v 3D*"	"1"	5	3		
"3233.704"	"3233.69662"	""		"26140.179"	"57055.616"	"3d6.(5D).4s.4p.(3P*)"	"z 5D*"	"3"	"3d6.4s.(6D).5d"	"5G"	"3"	7	7		
"3233.9672"	"3233.96736"	"2.08e+07"	B	"19562.439"	"50475.288"	"3d6.(5D).4s.4p.(3P*)"	"z 7D*"	"4"	"3d6.(5D).4s (6D).4d"	"e 7P"	"4"	9	9		
"3234.449"	"3234.44564"	""		"25899.989"	"56808.267"	"3d6.(5D).4s.4p.(3P*)"	"z 5D*"	"4"	"3d7.(4F).6s"	"3F"	"4"	9	9		
"3234.6130"	"3234.61288"	"1.15e+05"	B	"415.933"	"31322.613"	"3d6.4s2"	"a 5D"	"3"	"3d6.(5D).4s.4p.(3P*)"	"z 3D*"	"3"	7	7		
"3235.323"	"3235.3260"	""		"21999.130"	"52898.998"	"3d7.(2G).4s"	"a 3G"	"4"	"3d7.(2H).4p"	"y 3I*"	"5"	9	11		
"3235.5883"	"3235.58883"	""		"21715.732"	"52613.090"	"3d7.(2G).4s"	"a 3G"	"5"	"3d7.(2H).4p"	"w 3H*"	"5"	11	11		
"3235.813"	"3235.80740"	""		"22838.323"	"53733.594"	"3d7.(4P).4s"	"b 3P"	"2"	"3d6.(3D).4s.4p.(3P*)"	"5F*"	"3"	5	7		
"3236.2221"	"3236.22211"	"2.18e+05"	B	"415.933"	"31307.245"	"3d6.4s2"	"a 5D"	"3"	"3d6.(5D).4s.4p.(3P*)"	"z 3F*"	"4"	7	9		
"3236.418"	"3236.4188"	""		"26140.179"	"57029.614"	"3d6.(5D).4s.4p.(3P*)"	"z 5D*"	"3"	"3d6.4s.(6D).5d"	"7F"	"2"	7	5		
"3237.2224"	"3237.2220"	""		"12560.934"	"43442.705"	"3d7.(4F).4s"	"a 3F"	"3"	"3d6.(3H).4s.4p.(3P*)"	"z 5I*"	"4"	7	9		
"3237.497"	"3237.49876"	""		"26339.696"	"57218.827"	"3d6.(5D).4s.4p.(3P*)"	"z 5D*"	"2"	"3d7.(4F).6s"	"3F"	"3"	5	7		
"3238.318"	"3238.3145"	""		"24574.655"	"55446.008"	"3d7.(2G).4s"	"a 1G"	"4"	"3d6.(1G2).4s.4p.(3P*)"	"v 3H*"	"4"	9	9		
"3239.0117"	"3239.01253"	""		"18378.186"	"49242.886"	"3d6.4s2"	"a 3P2"	"2"	"3d7.(2G).4p"	"w 3F*"	"3"	5	7		
"3239.0419"	"3239.04034"	""		"18378.186"	"49242.621"	"3d6.4s2"	"a 3P2"	"2"	"3d6.(3F2).4s.4p.(3P*)"	"v 3D*"	"2"	5	5		
"3239.307"	"3239.30756"	""		"25899.989"	"56761.878"	"3d6.(5D).4s.4p.(3P*)"	"z 5D*"	"4"	"3d6.4s.(6D).5d"	"5F"	"5"	9	11		
"3239.344"	"3239.34419"	""		"22946.816"	"53808.356"	"3d7.(4P).4s"	"b 3P"	"1"	"3d7.(2P).4p"	"x 3S*"	"1"	3	3		
"3239.4327"	"3239.43258"	"2.95e+07"	B	"19562.439"	"50423.137"	"3d6.(5D).4s.4p.(3P*)"	"z 7D*"	"4"	"3d6.(5D).4s (6D).4d"	"f 5D"	"4"	9	9		
"3239.4571"	"3239.45683"	"6.74e+06"	C+	"20019.635"	"50880.102"	"3d6.(5D).4s.4p.(3P*)"	"z 7D*"	"1"	"3d6.(5D).4s (6D).4d"	"f 5D"	"1"	3	3		
"3239.6586"	"3239.6587"	""		"22838.323"	"53696.867"	"3d7.(4P).4s"	"b 3P"	"2"	"3d6.(3D).4s.4p.(3P*)"	"5F*"	"1"	5	3		
"3240.0121"	"3240.01360"	""		"24574.655"	"55429.819"	"3d7.(2G).4s"	"a 1G"	"4"	"3d6.(1G2).4s.4p.(3P*)"	"s 3G*"	"5"	9	11		
"3240.111"	"3240.11179"	""		"19757.032"	"50611.261"	"3d6.(5D).4s.4p.(3P*)"	"z 7D*"	"3"	"3d6.(5D).4s (6D).4d"	"e 7P"	"3"	7	7		
"3240.362"	"3240.36049"	""		"27543.003"	"58394.864"	"3d7.(2P).4s"	"a 1P"	"1"	"3d6.4s.(4D).5p"	"3D*"	"1"	3	3		
"3240.970"	"3240.9721"	""		"27666.348"	"58512.387"	"3d6.(5D).4s.4p.(3P*)"	"z 5F*"	"1"	"3d6.4s.(4D).4d"	"5F"	"2"	3	5		
"3241.508"	"3241.49935"	""		"8154.714"	"38995.736"	"3d7.(4F).4s"	"a 5F"	"1"	"3d7.(4F).4p"	"y 3D*"	"1"	3	3		
"3241.508"	"3241.5052"	""		"26479.381"	"57320.347"	"3d6.(5D).4s.4p.(3P*)"	"z 5D*"	"1"	"3d6.4s.(6D).5d"	"7G"	"1"	3	3		
"3241.682"	"3241.6723"	""		"26224.969"	"57064.346"	"3d7.(2D2).4s"	"a 3D"	"3"	"3d6.4s.(6D).6p"	"5F*"	"4"	7	9		
"3242.2576"	"3242.25598"	""		"20874.482"	"51708.307"	"3d6.4s2"	"b 3F2"	"3"	"3d7.(2P).4p"	"y 1D*"	"2"	7	5		
"3242.986"	"3242.98404"	""		"25899.989"	"56726.892"	"3d6.(5D).4s.4p.(3P*)"	"z 5D*"	"4"	"3d6.4s.(6D).5d"	"5F"	"3"	9	7		
"3243.1082"	"3243.10723"	"4.81e+05"	C	"19788.251"	"50613.983"	"3d6.4s2"	"a 3H"	"4"	"3d6.(3F2).4s.4p.(3P*)"	"x 1G*"	"4"	9	9		
"3243.3994"	"3243.40070"	""		"26874.550"	"57697.493"	"3d6.(5D).4s.4p.(3P*)"	"z 5F*"	"5"	"3d6.(5D).4s (4D).4d"	"i 5D"	"4"	11	9		
"3243.8747"	"3243.87535"	""		"27394.691"	"58213.124"	"3d6.(5D).4s.4p.(3P*)"	"z 5F*"	"3"	"3d6.4s.(4D).4d"	"5P"	"2"	7	5		
"3244.1874"	"3244.18738"	"3.06e+07"	B+	"19562.439"	"50377.908"	"3d6.(5D).4s.4p.(3P*)"	"z 7D*"	"4"	"3d6.(5D).4s (6D).4d"	"f 7D"	"5"	9	11		
"3244.547"	"3244.54906"	""		"26140.179"	"56952.213"	"3d6.(5D).4s.4p.(3P*)"	"z 5D*"	"3"	"3d6.4s.(6D).5d"	"5F"	"2"	7	5		
"3245.375"	"3245.37581"	""		"22996.674"	"53800.859"	"3d6.(5D).4s.4p.(3P*)"	"z 7F*"	"4"	"3d6.(5D).4s (6D).6s"	"g 7D"	"5"	9	11		
"3245.410"	"3245.4121"	""		"27559.583"	"58363.424"	"3d6.(5D).4s.4p.(3P*)"	"z 5F*"	"2"	"3d6.4s.(4D).4d"	"5F"	"1"	5	3		
"3245.9655"	"3245.96529"	"1.55e+05"	B	"7376.764"	"38175.355"	"3d7.(4F).4s"	"a 5F"	"4"	"3d7.(4F).4p"	"y 3D*"	"3"	9	7		
"3246.0046"	"3246.00450"	"1.68e+05"	B	"888.132"	"31686.351"	"3d6.4s2"	"a 5D"	"1"	"3d6.(5D).4s.4p.(3P*)"	"z 3D*"	"2"	3	5		
"3246.4800"	"3246.48045"	"2.50e+06"	B	"20874.482"	"51668.186"	"3d6.4s2"	"b 3F2"	"3"	"3d7.(2H).4p"	"u 3G*"	"4"	7	9		
"3246.9604"	"3246.96065"	"1.09e+07"	B	"17726.988"	"48516.138"	"3d7.(4P).4s"	"a 5P"	"2"	"3d7.(4P).4p"	"x 3P*"	"1"	5	3		
"3247.2098"	"3247.20998"	"1.69e+06"	C+	"21038.987"	"51825.773"	"3d6.4s2"	"b 3F2"	"2"	"3d7.(2H).4p"	"u 3G*"	"3"	5	7		
"3247.2799"	"3247.27971"	""		"19912.495"	"50698.620"	"3d6.(5D).4s.4p.(3P*)"	"z 7D*"	"2"	"3d6.(5D).4s (6D).4d"	"f 5D"	"2"	5	5		
"3248.2040"	"3248.20399"	"1.92e+07"	B	"19757.032"	"50534.397"	"3d6.(5D).4s.4p.(3P*)"	"z 7D*"	"3"	"3d6.(5D).4s (6D).4d"	"f 5D"	"3"	7	7		
"3249.1909"	"3249.19122"	""		"20641.110"	"51409.124"	"3d6.4s2"	"b 3F2"	"4"	"3d6.(3G).4s.4p.(3P*)"	"x 3H*"	"4"	9	9		
"3249.5062"	"3249.50638"	""		"12560.934"	"43325.964"	"3d7.(4F).4s"	"a 3F"	"3"	"3d6.(3H).4s.4p.(3P*)"	"z 5H*"	"3"	7	7		
"3250.3966"	"3250.39643"	""		"23051.750"	"53808.356"	"3d7.(4P).4s"	"b 3P"	"0"	"3d7.(2P).4p"	"x 3S*"	"1"	1	3		
"3250.6232"	"3250.62303"	"3.83e+06"	B	"17550.181"	"48304.643"	"3d7.(4P).4s"	"a 5P"	"3"	"3d7.(4P).4p"	"x 3P*"	"2"	7	5		
"3250.7587"	"3250.7589"	"2.85e+06"	B	"26351.040"	"57104.217"	"3d7.(2H).4s"	"b 3H"	"5"	"3d6.(1I).4s.4p.(3P*)"	"x 3I*"	"5"	11	11		
"3252.4286"	"3252.4285"	""		"27394.691"	"58132.081"	"3d6.(5D).4s.4p.(3P*)"	"z 5F*"	"3"	"3d6.4s.(4D).4d"	"5F"	"3"	7	7		
"3252.9142"	"3252.91431"	"2.20e+06"	B	"20641.110"	"51373.910"	"3d6.4s2"	"b 3F2"	"4"	"3d7.(2H).4p"	"u 3G*"	"5"	9	11		
"3253.5988"	"3253.5991"	"1.62e+07"	B	"26224.969"	"56951.301"	"3d7.(2D2).4s"	"a 3D"	"3"	"3d7.(2H).4p"	"v 1G*"	"4"	7	9		
"3253.8237"	"3253.82476"	""		"20641.110"	"51365.311"	"3d6.4s2"	"b 3F2"	"4"	"3d7.(2D2).4p"	"v 3F*"	"3"	9	7		
"3253.8237"	"3253.8266"	""		"27394.691"	"58118.875"	"3d6.(5D).4s.4p.(3P*)"	"z 5F*"	"3"	"3d6.4s.(4D).4d"	"5F"	"4"	7	9		
"3253.9425"	"3253.94253"	""		"21038.987"	"51762.076"	"3d6.4s2"	"b 3F2"	"2"	"3d6.(3H).4s.4p.(3P*)"	"x 1D*"	"2"	5	5		
"3254.3617"	"3254.3618"	"4.24e+07"	B+	"26351.040"	"57070.171"	"3d7.(2H).4s"	"b 3H"	"5"	"3d6.(1I).4s.4p.(3P*)"	"x 3I*"	"6"	11	13		
"3254.7231"	"3254.72374"	"5.73e+05"	D+	"21715.732"	"52431.447"	"3d7.(2G).4s"	"a 3G"	"5"	"3d7.(2H).4p"	"w 3H*"	"6"	11	13		
"3256.7005"	"3256.7001"	""		"27666.348"	"58363.424"	"3d6.(5D).4s.4p.(3P*)"	"z 5F*"	"1"	"3d6.4s.(4D).4d"	"5F"	"1"	3	3		
""	"3257.21172"	""		"7985.785"	"38678.039"	"3d7.(4F).4s"	"a 5F"	"2"	"3d7.(4F).4p"	"y 3D*"	"2"	5	5		
"3257.2343"	"3257.2348"	"4.76e+06"	C+	"24118.819"	"54810.856"	"3d6.4s2"	"b 3G"	"4"	"3d6.(3G).4s.4p.(3P*)"	"w 1G*"	"4"	9	9		
"3257.5924"	"3257.59256"	"8.94e+06"	C	"17550.181"	"48238.847"	"3d7.(4P).4s"	"a 5P"	"3"	"3d6.(3G).4s.4p.(3P*)"	"v 5F*"	"2"	7	5		
"3259.9892"	"3259.98925"	"2.99e+06"	B	"19757.032"	"50423.137"	"3d6.(5D).4s.4p.(3P*)"	"z 7D*"	"3"	"3d6.(5D).4s (6D).4d"	"f 5D"	"4"	7	9		
"3260.2669"	"3260.26684"	""		"20641.110"	"51304.604"	"3d6.4s2"	"b 3F2"	"4"	"3d7.(2D2).4p"	"v 3F*"	"4"	9	9		
"3261.3254"	"3261.32547"	""		"27559.583"	"58213.124"	"3d6.(5D).4s.4p.(3P*)"	"z 5F*"	"2"	"3d6.4s.(4D).4d"	"5P"	"2"	5	5		
"3262.0081"	"3262.00857"	""		"27166.820"	"57813.942"	"3d6.(5D).4s.4p.(3P*)"	"z 5F*"	"4"	"3d6.(5D).4s (4D).4d"	"i 5D"	"3"	9	7		
"3263.3691"	"3263.36797"	""		"19552.478"	"50186.834"	"3d6.4s2"	"a 3P2"	"1"	"3d7.(2P).4p"	"w 3P*"	"2"	3	5		
"3264.5120"	"3264.51229"	"1.01e+07"	C+	"17726.988"	"48350.606"	"3d7.(4P).4s"	"a 5P"	"2"	"3d6.(3G).4s.4p.(3P*)"	"v 5F*"	"1"	5	3		
"3264.6944"	"3264.69523"	""		"19912.495"	"50534.397"	"3d6.(5D).4s.4p.(3P*)"	"z 7D*"	"2"	"3d6.(5D).4s (6D).4d"	"f 5D"	"3"	5	7		
"3265.0467"	"3265.04668"	"8.89e+04"	C+	"704.007"	"31322.613"	"3d6.4s2"	"a 5D"	"2"	"3d6.(5D).4s.4p.(3P*)"	"z 3D*"	"3"	5	7		
"3265.5431"	"3265.54220"	""		"21999.130"	"52613.090"	"3d7.(2G).4s"	"a 3G"	"4"	"3d7.(2H).4p"	"w 3H*"	"5"	9	11		
"3265.6163"	"3265.61634"	"3.06e+07"	B	"17550.181"	"48163.446"	"3d7.(4P).4s"	"a 5P"	"3"	"3d5.(6S).4s2.4p"	"v 5P*"	"2"	7	5		
"3268.2327"	"3268.23298"	"6.06e+06"	B	"17927.382"	"48516.138"	"3d7.(4P).4s"	"a 5P"	"1"	"3d7.(4P).4p"	"x 3P*"	"1"	3	3		
"3269.2288"	"3269.2280"	""		"27394.691"	"57974.137"	"3d6.(5D).4s.4p.(3P*)"	"z 5F*"	"3"	"3d6.(5D).4s (4D).4d"	"i 5D"	"2"	7	5		
"3270.9997"	"3270.99980"	"6.4e+07"	D+	"17726.988"	"48289.871"	"3d7.(4P).4s"	"a 5P"	"2"	"3d5.(6S).4s2.4p"	"v 5P*"	"1"	5	3		
"3271.4845"	"3271.48471"	"8.47e+06"	C+	"26224.969"	"56783.322"	"3d7.(2D2).4s"	"a 3D"	"3"	"3d6.(1G2).4s.4p.(3P*)"	"u 3F*"	"3"	7	7		
"3271.6833"	"3271.68289"	"1.52e+05"	C+	"11976.239"	"42532.741"	"3d7.(4F).4s"	"a 3F"	"4"	"3d6.(3P2).4s.4p.(3P*)"	"x 5P*"	"3"	9	7		
"3272.5962"	"3272.59531"	"4.50e+04"	C	"12560.934"	"43108.917"	"3d7.(4F).4s"	"a 3F"	"3"	"3d6.(3H).4s.4p.(3P*)"	"z 5H*"	"4"	7	9		
"3274.4506"	"3274.45084"	""		"27166.820"	"57697.493"	"3d6.(5D).4s.4p.(3P*)"	"z 5F*"	"4"	"3d6.(5D).4s (4D).4d"	"i 5D"	"4"	9	9		
"3276.4702"	"3276.46997"	"3.16e+06"	C	"17726.988"	"48238.847"	"3d7.(4P).4s"	"a 5P"	"2"	"3d6.(3G).4s.4p.(3P*)"	"v 5F*"	"2"	5	5		
"3278.7311"	"3278.72988"	""		"20874.482"	"51365.311"	"3d6.4s2"	"b 3F2"	"3"	"3d7.(2D2).4p"	"v 3F*"	"3"	7	7		
"3279.7308"	"3279.73005"	""		"24118.819"	"54600.350"	"3d6.4s2"	"b 3G"	"4"	"3d6.(3G).4s.4p.(3P*)"	"t 3G*"	"3"	9	7		
"3280.2602"	"3280.2599"	"4.21e+07"	B+	"26627.609"	"57104.217"	"3d7.(2H).4s"	"b 3H"	"4"	"3d6.(1I).4s.4p.(3P*)"	"x 3I*"	"5"	9	11		
"3282.8901"	"3282.8904"	"3.42e+07"	B	"26406.465"	"56858.653"	"3d7.(2D2).4s"	"a 3D"	"1"	"3d6.(1G2).4s.4p.(3P*)"	"u 3F*"	"2"	3	5		
"3284.5872"	"3284.58713"	"5.64e+06"	B	"17726.988"	"48163.446"	"3d7.(4P).4s"	"a 5P"	"2"	"3d5.(6S).4s2.4p"	"v 5P*"	"2"	5	5		
"3285.1931"	"3285.19267"	""		"24180.862"	"54611.710"	"3d6.(5D).4s.4p.(3P*)"	"z 7P*"	"3"	"3d6.(5D).4s (6D).6s"	"g 7D"	"2"	7	5		
"3286.0149"	"3286.01596"	""		"17927.382"	"48350.606"	"3d7.(4P).4s"	"a 5P"	"1"	"3d6.(3G).4s.4p.(3P*)"	"v 5F*"	"1"	3	3		
"3286.4446"	"3286.44516"	""		"27394.691"	"57813.942"	"3d6.(5D).4s.4p.(3P*)"	"z 5F*"	"3"	"3d6.(5D).4s (4D).4d"	"i 5D"	"3"	7	7		
"3286.7528"	"3286.75278"	"5.99e+07"	B	"17550.181"	"47966.585"	"3d7.(4P).4s"	"a 5P"	"3"	"3d5.(6S).4s2.4p"	"v 5P*"	"3"	7	7		
"3287.0894"	"3287.08954"	""		"23711.456"	"54124.744"	"3d6.(5D).4s.4p.(3P*)"	"z 7P*"	"4"	"3d6.(5D).4s (6D).6s"	"g 7D"	"4"	9	9		
"3288.6487"	"3288.64907"	""		"19552.478"	"49951.344"	"3d6.4s2"	"a 3P2"	"1"	"3d7.(2P).4p"	"w 3P*"	"0"	3	1		
"3288.9651"	"3288.96566"	"1.10e+06"	C+	"17726.988"	"48122.928"	"3d7.(4P).4s"	"a 5P"	"2"	"3d6.(3G).4s.4p.(3P*)"	"v 5F*"	"3"	5	7		
"3289.4349"	"3289.43340"	""		"22838.323"	"53229.941"	"3d7.(4P).4s"	"b 3P"	"2"	"3d7.(2D2).4p"	"v 3P*"	"1"	5	3		
"3290.7120"	"3290.71132"	""		"17550.181"	"47929.997"	"3d7.(4P).4s"	"a 5P"	"3"	"3d6.(3G).4s.4p.(3P*)"	"v 5F*"	"4"	7	9		
"3290.9881"	"3290.98811"	"7.58e+06"	C+	"17927.382"	"48304.643"	"3d7.(4P).4s"	"a 5P"	"1"	"3d7.(4P).4p"	"x 3P*"	"2"	3	5		
"3292.0206"	"3292.02060"	"5.77e+07"	B+	"26224.969"	"56592.703"	"3d7.(2D2).4s"	"a 3D"	"3"	"3d6.(1G2).4s.4p.(3P*)"	"u 3F*"	"4"	7	9		
"3292.5893"	"3292.58930"	"3.0e+07"	D+	"17927.382"	"48289.871"	"3d7.(4P).4s"	"a 5P"	"1"	"3d5.(6S).4s2.4p"	"v 5P*"	"1"	3	3		
"3293.1404"	"3293.14019"	"6.70e+04"	C+	"12968.554"	"43325.964"	"3d7.(4F).4s"	"a 3F"	"2"	"3d6.(3H).4s.4p.(3P*)"	"z 5H*"	"3"	5	7		
"3296.4635"	"3296.46344"	""		"20874.482"	"51201.289"	"3d6.4s2"	"b 3F2"	"3"	"3d7.(2D2).4p"	"v 3F*"	"2"	7	5		
"3298.132"	"3298.13198"	"9.01e+06"	C	"17927.382"	"48238.847"	"3d7.(4P).4s"	"a 5P"	"1"	"3d6.(3G).4s.4p.(3P*)"	"v 5F*"	"2"	3	5		
"3301.2192"	"3301.21859"	""		"22946.816"	"53229.941"	"3d7.(4P).4s"	"b 3P"	"1"	"3d7.(2D2).4p"	"v 3P*"	"1"	3	3		
"3303.5294"	"3303.53003"	""		"17550.181"	"47812.118"	"3d7.(4P).4s"	"a 5P"	"3"	"3d6.(3F2).4s.4p.(3P*)"	"x 3G*"	"4"	7	9		
"3303.5687"	"3303.56867"	"1.46e+06"	D+	"24338.767"	"54600.350"	"3d6.4s2"	"b 3G"	"3"	"3d6.(3G).4s.4p.(3P*)"	"t 3G*"	"3"	7	7		
"3305.8519"	"3305.85214"	""		"24506.917"	"54747.598"	"3d6.(5D).4s.4p.(3P*)"	"z 7P*"	"2"	"3d6.(5D).4s (6D).6s"	"g 7D"	"1"	5	3		
"3305.9705"	"3305.97065"	"4.05e+07"	B	"17726.988"	"47966.585"	"3d7.(4P).4s"	"a 5P"	"2"	"3d5.(6S).4s2.4p"	"v 5P*"	"3"	5	7		
"3306.0806"	"3306.08118"	""		"24118.819"	"54357.405"	"3d6.4s2"	"b 3G"	"4"	"3d7.(4F).5p"	"3G*"	"3"	9	7		
"3306.3393"	"3306.3420"	"5.74e+07"	B	"24574.655"	"54810.856"	"3d7.(2G).4s"	"a 1G"	"4"	"3d6.(3G).4s.4p.(3P*)"	"w 1G*"	"4"	9	9		
"3306.3545"	"3306.35695"	"4.84e+07"	B	"17927.382"	"48163.446"	"3d7.(4P).4s"	"a 5P"	"1"	"3d5.(6S).4s2.4p"	"v 5P*"	"2"	3	5		
"3306.4816"	"3306.4823"	""		"26623.735"	"56858.653"	"3d7.(2D2).4s"	"a 3D"	"2"	"3d6.(1G2).4s.4p.(3P*)"	"u 3F*"	"2"	5	5		
"3306.5849"	"3306.58683"	""		"23783.619"	"54017.581"	"3d6.4s2"	"b 3G"	"5"	"3d7.(4F).5p"	"3G*"	"4"	11	9		
"3307.0051"	"3307.00567"	""		"23783.619"	"54013.752"	"3d6.4s2"	"b 3G"	"5"	"3d6.(3D).4s.4p.(3P*)"	"5F*"	"5"	11	11		
"3307.2334"	"3307.2333"	"1.97e+07"	B+	"26105.908"	"56333.960"	"3d7.(2H).4s"	"b 3H"	"6"	"3d6.(1I).4s.4p.(3P*)"	"u 3H*"	"6"	13	13		
"3307.6859"	"3307.68582"	""		"24180.862"	"54404.779"	"3d6.(5D).4s.4p.(3P*)"	"z 7P*"	"3"	"3d6.(5D).4s (6D).6s"	"g 7D"	"3"	7	7		
"3310.3410"	"3310.3412"	"3.78e+06"	C+	"23783.619"	"53983.293"	"3d6.4s2"	"b 3G"	"5"	"3d6.(3G).4s.4p.(3P*)"	"t 3G*"	"5"	11	11		
"3310.4905"	"3310.49027"	"6.17e+06"	C+	"26224.969"	"56423.283"	"3d7.(2D2).4s"	"a 3D"	"3"	"3d6.(1I).4s.4p.(3P*)"	"u 3H*"	"4"	7	9		
"3312.2213"	"3312.22254"	""		"24118.819"	"54301.340"	"3d6.4s2"	"b 3G"	"4"	"3d6.(3D).4s.4p.(3P*)"	"5D*"	"4"	9	9		
"3314.0660"	"3314.0654"	""		"27543.003"	"57708.741"	"3d7.(2P).4s"	"a 1P"	"1"	"3d6.(3D).4s.4p.(3P*)"	"t 3F*"	"2"	3	5		
"3314.4426"	"3314.44293"	""		"21038.987"	"51201.289"	"3d6.4s2"	"b 3F2"	"2"	"3d7.(2D2).4p"	"v 3F*"	"2"	5	5		
"3314.7411"	"3314.74131"	"7.25e+07"	B+	"26623.735"	"56783.322"	"3d7.(2D2).4s"	"a 3D"	"2"	"3d6.(1G2).4s.4p.(3P*)"	"u 3F*"	"3"	5	7		
"3317.1207"	"3317.12093"	"3.11e+06"	B	"18378.186"	"48516.138"	"3d6.4s2"	"a 3P2"	"2"	"3d7.(4P).4p"	"x 3P*"	"1"	5	3		
"3319.2529"	"3319.25278"	"3.73e+06"	C	"24118.819"	"54237.415"	"3d6.4s2"	"b 3G"	"4"	"3d6.(3G).4s.4p.(3P*)"	"t 3G*"	"4"	9	9		
"3320.6428"	"3320.64332"	""		"19621.006"	"49726.990"	"3d6.4s2"	"a 3H"	"5"	"3d7.(2G).4p"	"y 3H*"	"4"	11	9		
"3320.7736"	"3320.77470"	""		"24506.917"	"54611.710"	"3d6.(5D).4s.4p.(3P*)"	"z 7P*"	"2"	"3d6.(5D).4s (6D).6s"	"g 7D"	"2"	5	5		
"3322.4727"	"3322.47325"	"8.21e+06"	B	"23711.456"	"53800.859"	"3d6.(5D).4s.4p.(3P*)"	"z 7P*"	"4"	"3d6.(5D).4s (6D).6s"	"g 7D"	"5"	9	11		
"3323.7362"	"3323.73598"	"2.8e+07"	D+	"22838.323"	"52916.295"	"3d7.(4P).4s"	"b 3P"	"2"	"3d7.(2D2).4p"	"v 3P*"	"2"	5	5		
"3324.3701"	"3324.36920"	""		"26351.040"	"56423.283"	"3d7.(2H).4s"	"b 3H"	"5"	"3d6.(1I).4s.4p.(3P*)"	"u 3H*"	"4"	11	9		
"3324.5364"	"3324.53603"	"1.72e+06"	B	"19390.168"	"49460.902"	"3d6.4s2"	"a 3H"	"6"	"3d7.(2G).4p"	"v 3G*"	"5"	13	11		
"3324.7818"	"3324.78360"	""		"23783.619"	"53852.114"	"3d6.4s2"	"b 3G"	"5"	"3d7.(4F).5p"	"5G*"	"4"	11	9		
"3325.4644"	"3325.46445"	"2.37e+06"	C+	"19788.251"	"49850.590"	"3d6.4s2"	"a 3H"	"4"	"3d7.(2G).4p"	"v 3G*"	"3"	9	7		
"3327.4955"	"3327.49495"	""		"19390.168"	"49434.163"	"3d6.4s2"	"a 3H"	"6"	"3d7.(2G).4p"	"y 3H*"	"6"	13	13		
"3328.8657"	"3328.86592"	"2.21e+07"	B+	"26351.040"	"56382.662"	"3d7.(2H).4s"	"b 3H"	"5"	"3d6.(1I).4s.4p.(3P*)"	"u 3H*"	"5"	11	11		
"3329.5227"	"3329.52305"	""		"24574.655"	"54600.350"	"3d7.(2G).4s"	"a 1G"	"4"	"3d6.(3G).4s.4p.(3P*)"	"t 3G*"	"3"	9	7		
"3331.6109"	"3331.61103"	"1.78e+06"	B	"19621.006"	"49627.884"	"3d6.4s2"	"a 3H"	"5"	"3d7.(2G).4p"	"v 3G*"	"4"	11	9		
"3331.7748"	"3331.77547"	""		"20037.816"	"50043.213"	"3d6.4s2"	"a 3P2"	"0"	"3d7.(2P).4p"	"w 3P*"	"1"	1	3		
"3334.2174"	"3334.21754"	"4.91e+05"	C+	"19621.006"	"49604.427"	"3d6.4s2"	"a 3H"	"5"	"3d7.(2G).4p"	"y 3H*"	"5"	11	11		
"3334.2716"	"3334.2733"	""		"26351.040"	"56333.960"	"3d7.(2H).4s"	"b 3H"	"5"	"3d6.(1I).4s.4p.(3P*)"	"u 3H*"	"6"	11	13		
"3335.5109"	"3335.50958"	""		"12560.934"	"42532.741"	"3d7.(4F).4s"	"a 3F"	"3"	"3d6.(3P2).4s.4p.(3P*)"	"x 5P*"	"3"	7	7		
"3335.7153"	"3335.71393"	""		"21999.130"	"51969.101"	"3d7.(2G).4s"	"a 3G"	"4"	"3d7.(2P).4p"	"u 3D*"	"3"	9	7		
"3335.7682"	"3335.76869"	"7.48e+06"	C+	"22946.816"	"52916.295"	"3d7.(4P).4s"	"b 3P"	"1"	"3d7.(2D2).4p"	"v 3P*"	"2"	3	5		
"3336.2565"	"3336.25685"	"4.91e+06"	C+	"26627.609"	"56592.703"	"3d7.(2H).4s"	"b 3H"	"4"	"3d6.(1G2).4s.4p.(3P*)"	"u 3F*"	"4"	9	9		
"3337.6649"	"3337.66481"	"6.06e+06"	B	"21715.732"	"51668.186"	"3d7.(2G).4s"	"a 3G"	"5"	"3d7.(2H).4p"	"u 3G*"	"4"	11	9		
"3338.6205"	"3338.62031"	""		"24180.862"	"54124.744"	"3d6.(5D).4s.4p.(3P*)"	"z 7P*"	"3"	"3d6.(5D).4s (6D).6s"	"g 7D"	"4"	7	9		
"3339.1944"	"3339.19385"	"1.37e+06"	B	"19788.251"	"49726.990"	"3d6.4s2"	"a 3H"	"4"	"3d7.(2G).4p"	"y 3H*"	"4"	9	9		
"3339.5766"	"3339.57792"	""		"24335.766"	"54271.062"	"3d7.(2P).4s"	"c 3P"	"2"	"3d6.(3D).4s.4p.(3P*)"	"t 5P*"	"1"	5	3		
"3340.5641"	"3340.56432"	"4.95e+06"	B	"18378.186"	"48304.643"	"3d6.4s2"	"a 3P2"	"2"	"3d7.(4P).4p"	"x 3P*"	"2"	5	5		
"3341.9057"	"3341.9056"	"3.02e+06"	C+	"21715.732"	"51630.178"	"3d7.(2G).4s"	"a 3G"	"5"	"3d6.(3H).4s.4p.(3P*)"	"1H*"	"5"	11	11		
"3342.2141"	"3342.21412"	""		"18378.186"	"48289.871"	"3d6.4s2"	"a 3P2"	"2"	"3d5.(6S).4s2.4p"	"v 5P*"	"1"	5	3		
"3342.2916"	"3342.2920"	"9.42e+06"	C+	"22946.816"	"52857.804"	"3d7.(4P).4s"	"b 3P"	"1"	"3d7.(2D2).4p"	"t 3D*"	"1"	3	3		
"3343.2392"	"3343.23674"	""		"17550.181"	"47452.717"	"3d7.(4P).4s"	"a 5P"	"3"	"3d7.(2G).4p"	"z 1G*"	"4"	7	9		
"3343.7603"	"3343.7594"	""		"24506.917"	"54404.779"	"3d6.(5D).4s.4p.(3P*)"	"z 7P*"	"2"	"3d6.(5D).4s (6D).6s"	"g 7D"	"3"	5	7		
"3344.9391"	"3344.9380"	""		"26874.550"	"56761.878"	"3d6.(5D).4s.4p.(3P*)"	"z 5F*"	"5"	"3d6.4s.(6D).5d"	"5F"	"5"	11	11		
"3345.82988"	""	""		""	""	""	""	""	""	""	""				
"3346.9343"	"3346.93385"	""		"17550.181"	"47419.687"	"3d7.(4P).4s"	"a 5P"	"3"	"3d6.(3P2).4s.4p.(3P*)"	"1D*"	"2"	7	5		
"3347.9253"	"3347.92527"	"4.91e+06"	C	"18378.186"	"48238.847"	"3d6.4s2"	"a 3P2"	"2"	"3d6.(3G).4s.4p.(3P*)"	"v 5F*"	"2"	5	5		
"3349.7241"	"3349.72737"	""		"22838.323"	"52682.920"	"3d7.(4P).4s"	"b 3P"	"2"	"3d7.(2D2).4p"	"t 3D*"	"2"	5	5		
"3351.5216"	"3351.52140"	"1.57e+06"	C+	"17726.988"	"47555.610"	"3d7.(4P).4s"	"a 5P"	"2"	"3d7.(4P).4p"	"y 3S*"	"1"	5	3		
"3351.7438"	"3351.74378"	"2.19e+06"	B	"21999.130"	"51825.773"	"3d7.(2G).4s"	"a 3G"	"4"	"3d7.(2H).4p"	"u 3G*"	"3"	9	7		
"3353.2601"	"3353.2600"	"4.09e+05"	D+	"19621.006"	"49434.163"	"3d6.4s2"	"a 3H"	"5"	"3d7.(2G).4p"	"y 3H*"	"6"	11	13		
"3354.0591"	"3354.0591"	"1.34e+07"	B	"23051.750"	"52857.804"	"3d7.(4P).4s"	"b 3P"	"0"	"3d7.(2D2).4p"	"t 3D*"	"1"	1	3		
"3355.2275"	"3355.2276"	"2.59e+07"	C+	"26627.609"	"56423.283"	"3d7.(2H).4s"	"b 3H"	"4"	"3d6.(1I).4s.4p.(3P*)"	"u 3H*"	"4"	9	9		
"3356.3123"	"3356.31941"	""		"7376.764"	"37162.746"	"3d7.(4F).4s"	"a 5F"	"4"	"3d7.(4F).4p"	"y 3F*"	"3"	9	7		
"3356.4012"	"3356.3996"	""		"29320.026"	"59105.296"	"3d6.4s2"	"b 3D"	"1"	"3d6.4s.(4D).5p"	"5P*"	"2"	3	5		
"3356.4012"	"3356.40078"	"1.56e+06"	C+	"18378.186"	"48163.446"	"3d6.4s2"	"a 3P2"	"2"	"3d5.(6S).4s2.4p"	"v 5P*"	"2"	5	5		
"3356.6829"	"3356.68365"	""		"24574.655"	"54357.405"	"3d7.(2G).4s"	"a 1G"	"4"	"3d7.(4F).5p"	"3G*"	"3"	9	7		
"3359.4861"	"3359.48591"	""		"6928.268"	"36686.176"	"3d7.(4F).4s"	"a 5F"	"5"	"3d7.(4F).4p"	"y 3F*"	"4"	11	9		
"3359.8086"	"3359.8083"	""		"26627.609"	"56382.662"	"3d7.(2H).4s"	"b 3H"	"4"	"3d6.(1I).4s.4p.(3P*)"	"u 3H*"	"5"	9	11		
"3360.9246"	"3360.9261"	""		"19552.478"	"49297.635"	"3d6.4s2"	"a 3P2"	"1"	"3d6.(3F2).4s.4p.(3P*)"	"v 3D*"	"1"	3	3		
"3361.9484"	"3361.94934"	""		"22946.816"	"52682.920"	"3d7.(4P).4s"	"b 3P"	"1"	"3d7.(2D2).4p"	"t 3D*"	"2"	3	5		
"3362.2679"	"3362.26696"	""		"24118.819"	"53852.114"	"3d6.4s2"	"b 3G"	"4"	"3d7.(4F).5p"	"5G*"	"4"	9	9		
"3364.2609"	"3364.2634"	""		"25091.599"	"54807.250"	"3d7.(2P).4s"	"c 3P"	"0"	"3d7.(4F).5p"	"3D*"	"1"	1	3		
"3366.7852"	"3366.7854"	""		"21715.732"	"51409.124"	"3d7.(2G).4s"	"a 3G"	"5"	"3d6.(3G).4s.4p.(3P*)"	"x 3H*"	"4"	11	9		
"3366.8637"	"3366.86401"	""		"17726.988"	"47419.687"	"3d7.(4P).4s"	"a 5P"	"2"	"3d6.(3P2).4s.4p.(3P*)"	"1D*"	"2"	5	5		
"3367.1538"	"3367.15387"	""		"19552.478"	"49242.621"	"3d6.4s2"	"a 3P2"	"1"	"3d6.(3F2).4s.4p.(3P*)"	"v 3D*"	"2"	3	5		
"3367.2159"	"3367.2166"	""		"27394.691"	"57084.281"	"3d6.(5D).4s.4p.(3P*)"	"z 5F*"	"3"	"3d6.4s.(6D).5d"	"7F"	"3"	7	7		
"3369.1388"	"3369.13887"	""		"19788.251"	"49460.902"	"3d6.4s2"	"a 3H"	"4"	"3d7.(2G).4p"	"v 3G*"	"5"	9	11		
"3369.5471"	"3369.5471"	"2.15e+07"	B	"21999.130"	"51668.186"	"3d7.(2G).4s"	"a 3G"	"4"	"3d7.(2H).4p"	"u 3G*"	"4"	9	9		
"3370.7832"	"3370.78304"	"2.89e+07"	B	"21715.732"	"51373.910"	"3d7.(2G).4s"	"a 3G"	"5"	"3d7.(2H).4p"	"u 3G*"	"5"	11	11		
"3372.0736"	"3372.07344"	"1.30e+06"	B	"17550.181"	"47197.010"	"3d7.(4P).4s"	"a 5P"	"3"	"3d6.(3F2).4s.4p.(3P*)"	"x 3F*"	"2"	7	5		
"3372.3436"	"3372.3428"	""		"24118.819"	"53763.280"	"3d6.4s2"	"b 3G"	"4"	"3d7.(2D2).4p"	"x 1F*"	"3"	9	7		
"3373.871"	"3373.8694"	"2.82e+05"	C	"21999.130"	"51630.178"	"3d7.(2G).4s"	"a 3G"	"4"	"3d6.(3H).4s.4p.(3P*)"	"1H*"	"5"	9	11		
"3374.1918"	"3374.19054"	""		"17927.382"	"47555.610"	"3d7.(4P).4s"	"a 5P"	"1"	"3d7.(4P).4p"	"y 3S*"	"1"	3	3		
"3376.4908"	"3376.4890"	""		"29469.024"	"59077.084"	"3d6.(5D).4s.4p.(3P*)"	"z 5P*"	"2"	""	"59077e"	"1"	5	3		
"3378.6787"	"3378.67868"	""		"21715.732"	"51304.604"	"3d7.(2G).4s"	"a 3G"	"5"	"3d7.(2D2).4p"	"v 3F*"	"4"	11	9		
"3378.7329"	"3378.73269"	""		"18378.186"	"47966.585"	"3d6.4s2"	"a 3P2"	"2"	"3d5.(6S).4s2.4p"	"v 5P*"	"3"	5	7		
"3379.0177"	"3379.01774"	"4.59e+06"	B	"17550.181"	"47136.084"	"3d7.(4P).4s"	"a 5P"	"3"	"3d7.(4P).4p"	"w 3D*"	"2"	7	5		
"3380.1098"	"3380.10987"	"1.66e+07"	B	"22249.429"	"51825.773"	"3d7.(2G).4s"	"a 3G"	"3"	"3d7.(2H).4p"	"u 3G*"	"3"	7	7		
"3380.7466"	"3380.7481"	""		"24772.018"	"54342.779"	"3d7.(2P).4s"	"c 3P"	"1"	"3d7.(4F).5p"	"3D*"	"2"	3	5		
"3381.3337"	"3381.3335"	"2.71e+06"	C	"22946.816"	"52512.457"	"3d7.(4P).4s"	"b 3P"	"1"	"3d7.(2P).4p"	"u 3D*"	"1"	3	3		
"3382.4018"	"3382.40187"	"7.97e+05"	C+	"17550.181"	"47106.484"	"3d7.(4P).4s"	"a 5P"	"3"	"3d6.(3H).4s.4p.(3P*)"	"z 3H*"	"4"	7	9		
"3383.6914"	"3383.69144"	"8.33e+06"	B	"17726.988"	"47272.027"	"3d7.(4P).4s"	"a 5P"	"2"	"3d7.(4P).4p"	"w 3D*"	"1"	5	3		
"3383.9788"	"3383.97871"	"6.52e+06"	B	"17550.181"	"47092.712"	"3d7.(4P).4s"	"a 5P"	"3"	"3d6.(3F2).4s.4p.(3P*)"	"x 3F*"	"3"	7	7		
"3385.4358"	"3385.4355"	""		"23783.619"	"53313.438"	"3d6.4s2"	"b 3G"	"5"	"3d6.(3G).4s.4p.(3P*)"	"y 1H*"	"5"	11	11		
"3387.4053"	"3387.40537"	""		"22249.429"	"51762.076"	"3d7.(2G).4s"	"a 3G"	"3"	"3d6.(3H).4s.4p.(3P*)"	"x 1D*"	"2"	7	5		
"3387.617"	"3387.6175"	""		"29469.024"	"58979.823"	"3d6.(5D).4s.4p.(3P*)"	"z 5P*"	"2"	"3d6.4s.(4D).4d"	"3D"	"2"	5	5		
"3387.617"	"3387.6188"	""		"27559.583"	"57070.371"	"3d6.(5D).4s.4p.(3P*)"	"z 5F*"	"2"	"3d6.4s.(6D).5d"	"7D"	"3"	5	7		
"3388.6187"	"3388.61813"	""		"24335.766"	"53837.851"	"3d7.(2P).4s"	"c 3P"	"2"	"3d7.(4F).5p"	"3D*"	"3"	5	7		
"3389.7416"	"3389.74187"	""		"17927.382"	"47419.687"	"3d7.(4P).4s"	"a 5P"	"1"	"3d6.(3P2).4s.4p.(3P*)"	"1D*"	"2"	3	5		
"3392.0093"	"3392.0094"	""		"24335.766"	"53808.356"	"3d7.(2P).4s"	"c 3P"	"2"	"3d7.(2P).4p"	"x 3S*"	"1"	5	3		
"3392.305"	"3392.3040"	""		"27559.583"	"57029.614"	"3d6.(5D).4s.4p.(3P*)"	"z 5F*"	"2"	"3d6.4s.(6D).5d"	"7F"	"2"	5	5		
"3392.305"	"3392.30502"	"9.93e+06"	C+	"17726.988"	"47197.010"	"3d7.(4P).4s"	"a 5P"	"2"	"3d6.(3F2).4s.4p.(3P*)"	"x 3F*"	"2"	5	5		
"3392.6521"	"3392.65213"	"1.88e+07"	B	"17550.181"	"47017.188"	"3d7.(4P).4s"	"a 5P"	"3"	"3d7.(4P).4p"	"w 3D*"	"3"	7	7		
"3393.3773"	"3393.3776"	""		"23051.750"	"52512.457"	"3d7.(4P).4s"	"b 3P"	"0"	"3d7.(2P).4p"	"u 3D*"	"1"	1	3		
"3393.9134"	"3393.9127"	""		"29056.324"	"58512.387"	"3d6.(5D).4s.4p.(3P*)"	"z 5P*"	"3"	"3d6.4s.(4D).4d"	"5F"	"2"	7	5		
"3394.0772"	"3394.07721"	"4.82e+05"	C+	"19788.251"	"49242.886"	"3d6.4s2"	"a 3H"	"4"	"3d7.(2G).4p"	"w 3F*"	"3"	9	7		
"3394.5829"	"3394.58304"	"8.70e+06"	B	"17726.988"	"47177.234"	"3d7.(4P).4s"	"a 5P"	"2"	"3d7.(4P).4p"	"u 5D*"	"1"	5	3		
"3396.3764"	"3396.37757"	""		"7728.060"	"37162.746"	"3d7.(4F).4s"	"a 5F"	"3"	"3d7.(4F).4p"	"y 3F*"	"3"	7	7		
"3396.9753"	"3396.97540"	"4.33e+05"	D+	"7728.060"	"37157.566"	"3d7.(4F).4s"	"a 5F"	"3"	"3d6.(5D).4s.4p.(1P*)"	"y 5P*"	"2"	7	5		
"3397.2035"	"3397.2054"	""		"24335.766"	"53763.280"	"3d7.(2P).4s"	"c 3P"	"2"	"3d7.(2D2).4p"	"x 1F*"	"3"	5	7		
"3397.5513"	"3397.5518"	""		"24338.767"	"53763.280"	"3d6.4s2"	"b 3G"	"3"	"3d7.(2D2).4p"	"x 1F*"	"3"	7	7		
"3397.6380"	"3397.63764"	"1.29e+05"	D	"7985.785"	"37409.555"	"3d7.(4F).4s"	"a 5F"	"2"	"3d6.(5D).4s.4p.(1P*)"	"y 5P*"	"1"	5	3		
"3398.2167"	"3398.2166"	"6.15e+05"	C+	"22249.429"	"51668.186"	"3d7.(2G).4s"	"a 3G"	"3"	"3d7.(2H).4p"	"u 3G*"	"4"	7	9		
"3399.2280"	"3399.2292"	""		"21999.130"	"51409.124"	"3d7.(2G).4s"	"a 3G"	"4"	"3d6.(3G).4s.4p.(3P*)"	"x 3H*"	"4"	9	9		
"3399.3329"	"3399.33299"	"2.76e+07"	B	"17726.988"	"47136.084"	"3d7.(4P).4s"	"a 5P"	"2"	"3d7.(4P).4p"	"w 3D*"	"2"	5	5		
"3401.5185"	"3401.51837"	"7.19e+05"	C+	"7376.764"	"36766.966"	"3d7.(4F).4s"	"a 5F"	"4"	"3d6.(5D).4s.4p.(1P*)"	"y 5P*"	"3"	9	7		
"3402.256"	"3402.2556"	"2.19e+07"	C+	"26105.908"	"55489.742"	"3d7.(2H).4s"	"b 3H"	"6"	"3d6.(1G2).4s.4p.(3P*)"	"v 3H*"	"6"	13	13		
"3403.2898"	"3403.2895"	"3.98e+06"	C+	"22838.323"	"52213.230"	"3d7.(4P).4s"	"b 3P"	"2"	"3d7.(2D2).4p"	"t 3D*"	"3"	5	7		
""	"3403.64817"	"1.8e-01"	D	"0.000"	"29371.812"	"3d6.4s2"	"a 5D"	"4"	"3d6.4s2"	"b 3D"	"3"	9	7	M1	
"3404.2700"	"3404.27000"	"3.02e+05"	C	"8154.714"	"37521.161"	"3d7.(4F).4s"	"a 5F"	"1"	"3d7.(4F).4p"	"y 3F*"	"2"	3	5		
"3404.3006"	"3404.30084"	""		"21999.130"	"51365.311"	"3d7.(2G).4s"	"a 3G"	"4"	"3d7.(2D2).4p"	"v 3F*"	"3"	9	7		
"3404.3537"	"3404.35382"	"1.09e+07"	B	"17726.988"	"47092.712"	"3d7.(4P).4s"	"a 5P"	"2"	"3d6.(3F2).4s.4p.(3P*)"	"x 3F*"	"3"	5	7		
"3405.8312"	"3405.8312"	""		"21715.732"	"51068.718"	"3d7.(2G).4s"	"a 3G"	"5"	"3d6.(3G).4s.4p.(3P*)"	"x 3H*"	"5"	11	11		
"3406.4364"	"3406.4368"	"2.7e+07"	D+	"26406.465"	"55754.233"	"3d7.(2D2).4s"	"a 3D"	"1"	"3d7.(2D2).4p"	"w 1D*"	"2"	3	5		
"3406.7992"	"3406.79933"	"2.08e+07"	B	"17927.382"	"47272.027"	"3d7.(4P).4s"	"a 5P"	"1"	"3d7.(4P).4p"	"w 3D*"	"1"	3	3		
"3406.832"	"3406.8338"	""		"29732.736"	"59077.084"	"3d6.(5D).4s.4p.(3P*)"	"z 5P*"	"1"	""	"59077e"	"1"	3	3		
"3407.4594"	"3407.45937"	"6.09e+07"	B	"17550.181"	"46889.142"	"3d7.(4P).4s"	"a 5P"	"3"	"3d6.(3F2).4s.4p.(3P*)"	"x 3F*"	"4"	7	9		
"3407.5315"	"3407.53196"	"1.88e+06"	B	"17550.181"	"46888.517"	"3d7.(4P).4s"	"a 5P"	"3"	"3d7.(4P).4p"	"u 5D*"	"2"	7	5		
"3409.5879"	"3409.58801"	""		"19788.251"	"49108.896"	"3d6.4s2"	"a 3H"	"4"	"3d7.(2G).4p"	"w 3F*"	"4"	9	9		
"3410.0275"	"3410.02694"	""		"24574.655"	"53891.526"	"3d7.(2G).4s"	"a 1G"	"4"	"3d6.(3D).4s.4p.(3P*)"	"5D*"	"3"	9	7		
"3410.1690"	"3410.1690"	"5.07e+07"	C+	"27543.003"	"56858.653"	"3d7.(2P).4s"	"a 1P"	"1"	"3d6.(1G2).4s.4p.(3P*)"	"u 3F*"	"2"	3	5		
"3410.8950"	"3410.89479"	"3.10e+04"	D+	"7376.764"	"36686.176"	"3d7.(4F).4s"	"a 5F"	"4"	"3d7.(4F).4p"	"y 3F*"	"4"	9	9		
"3411.1255"	"3411.1255"	""		"21715.732"	"51023.162"	"3d7.(2G).4s"	"a 3G"	"5"	"3d6.(3G).4s.4p.(3P*)"	"x 3H*"	"6"	11	13		
"3411.3529"	"3411.35315"	"6.0e+06"	D+	"21999.130"	"51304.604"	"3d7.(2G).4s"	"a 3G"	"4"	"3d7.(2D2).4p"	"v 3F*"	"4"	9	9		
"3413.1321"	"3413.13213"	"3.23e+07"	B	"17726.988"	"47017.188"	"3d7.(4P).4s"	"a 5P"	"2"	"3d7.(4P).4p"	"w 3D*"	"3"	5	7		
"3415.5310"	"3415.53111"	"4.64e+06"	C+	"17927.382"	"47197.010"	"3d7.(4P).4s"	"a 5P"	"1"	"3d6.(3F2).4s.4p.(3P*)"	"x 3F*"	"2"	3	5		
"3416.0460"	"3416.0478"	""		"27166.820"	"56432.021"	"3d6.(5D).4s.4p.(3P*)"	"z 5F*"	"4"	"3d6.4s.(6D).5d"	"7D"	"5"	9	11		
"3416.2798"	"3416.28186"	""		"24574.655"	"53837.851"	"3d7.(2G).4s"	"a 1G"	"4"	"3d7.(4F).5p"	"3D*"	"3"	9	7		
"3417.2560"	"3417.25756"	""		"8154.714"	"37409.555"	"3d7.(4F).4s"	"a 5F"	"1"	"3d6.(5D).4s.4p.(1P*)"	"y 5P*"	"1"	3	3		
"3417.8403"	"3417.84044"	"4.01e+07"	B	"17927.382"	"47177.234"	"3d7.(4P).4s"	"a 5P"	"1"	"3d7.(4P).4p"	"u 5D*"	"1"	3	3		
"3418.1640"	"3418.1636"	""		"29732.736"	"58979.823"	"3d6.(5D).4s.4p.(3P*)"	"z 5P*"	"1"	"3d6.4s.(4D).4d"	"3D"	"2"	3	5		
"3418.5069"	"3418.5070"	"9.88e+07"	B	"17927.382"	"47171.531"	"3d7.(4P).4s"	"a 5P"	"1"	"3d7.(4P).4p"	"u 5D*"	"0"	3	1		
"3419.1448"	"3419.14455"	""		"24118.819"	"53357.515"	"3d6.4s2"	"b 3G"	"4"	"3d6.(3G).4s.4p.(3P*)"	"3F*"	"3"	9	7		
"3419.6937"	"3419.6933"	""		"22946.816"	"52180.820"	"3d7.(4P).4s"	"b 3P"	"1"	"3d7.(2P).4p"	"1P*"	"1"	3	3		
"3422.4922"	"3422.4925"	""		"24574.655"	"53784.750"	"3d7.(2G).4s"	"a 1G"	"4"	"3d7.(4F).5p"	"5D*"	"3"	9	7		
"3422.6557"	"3422.65573"	"1.38e+07"	B	"17927.382"	"47136.084"	"3d7.(4P).4s"	"a 5P"	"1"	"3d7.(4P).4p"	"w 3D*"	"2"	3	5		
"3424.2842"	"3424.28418"	"1.61e+07"	B	"17550.181"	"46744.993"	"3d7.(4P).4s"	"a 5P"	"3"	"3d7.(4P).4p"	"u 5D*"	"3"	7	7		
"3425.010"	"3425.0100"	"2.57e+07"	C+	"24574.655"	"53763.280"	"3d7.(2G).4s"	"a 1G"	"4"	"3d7.(2D2).4p"	"x 1F*"	"3"	9	7		
"3426.3241"	"3426.32491"	"4.52e+06"	B	"18378.186"	"47555.610"	"3d6.4s2"	"a 3P2"	"2"	"3d7.(4P).4p"	"y 3S*"	"1"	5	3		
"3426.382"	"3426.37928"	"9.99e+05"	B	"7985.785"	"37162.746"	"3d7.(4F).4s"	"a 5F"	"2"	"3d7.(4F).4p"	"y 3F*"	"3"	5	7		
"3426.382"	"3426.38727"	""		"17550.181"	"46727.074"	"3d7.(4P).4s"	"a 5P"	"3"	"3d6.(3P2).4s.4p.(3P*)"	"y 3P*"	"2"	7	5		
"3426.6278"	"3426.62792"	"1.94e+07"	B	"17726.988"	"46901.832"	"3d7.(4P).4s"	"a 5P"	"2"	"3d6.(3P2).4s.4p.(3P*)"	"y 3P*"	"1"	5	3		
"3426.6656"	"3426.6657"	"1.07e+07"	B	"26351.040"	"55525.562"	"3d7.(2H).4s"	"b 3H"	"5"	"3d6.(1G2).4s.4p.(3P*)"	"v 3H*"	"5"	11	11		
"3426.9877"	"3426.98772"	"2.83e+05"	D+	"7985.785"	"37157.566"	"3d7.(4F).4s"	"a 5F"	"2"	"3d6.(5D).4s.4p.(1P*)"	"y 5P*"	"2"	5	5		
"3427.1193"	"3427.11930"	"5.04e+07"	B	"17550.181"	"46720.842"	"3d7.(4P).4s"	"a 5P"	"3"	"3d7.(4P).4p"	"u 5D*"	"4"	7	9		
"3428.0095"	"3428.0094"	""		"26627.609"	"55790.696"	"3d7.(2H).4s"	"b 3H"	"4"	"3d6.(1G2).4s.4p.(3P*)"	"s 3G*"	"3"	9	7		
"3428.1924"	"3428.19254"	"1.71e+07"	B	"17726.988"	"46888.517"	"3d7.(4P).4s"	"a 5P"	"2"	"3d7.(4P).4p"	"u 5D*"	"2"	5	5		
"3428.748"	"3428.7486"	""		"29056.324"	"58213.124"	"3d6.(5D).4s.4p.(3P*)"	"z 5P*"	"3"	"3d6.4s.(4D).4d"	"5P"	"2"	7	5		
"3431.8114"	"3431.81152"	"5.53e+06"	B	"22838.323"	"51969.101"	"3d7.(4P).4s"	"b 3P"	"2"	"3d7.(2P).4p"	"u 3D*"	"3"	5	7		
"3431.8425"	"3431.8445"	""		"26623.735"	"55754.233"	"3d7.(2D2).4s"	"a 3D"	"2"	"3d7.(2D2).4p"	"w 1D*"	"2"	5	5		
"3433.5677"	"3433.56732"	""		"22249.429"	"51365.311"	"3d7.(2G).4s"	"a 3G"	"3"	"3d7.(2D2).4p"	"v 3F*"	"3"	7	7		
"3437.0443"	"3437.04486"	""		"24574.655"	"53661.079"	"3d7.(2G).4s"	"a 1G"	"4"	"3d7.(4F).5p"	"5F*"	"3"	9	7		
"3437.9486"	"3437.9485"	""		"26351.040"	"55429.819"	"3d7.(2H).4s"	"b 3H"	"5"	"3d6.(1G2).4s.4p.(3P*)"	"s 3G*"	"5"	11	11		
"3438.3063"	"3438.3058"	""		"29056.324"	"58132.081"	"3d6.(5D).4s.4p.(3P*)"	"z 5P*"	"3"	"3d6.4s.(4D).4d"	"5F"	"3"	7	7		
"3439.0355"	"3439.0355"	""		"21999.130"	"51068.718"	"3d7.(2G).4s"	"a 3G"	"4"	"3d6.(3G).4s.4p.(3P*)"	"x 3H*"	"5"	9	11		
"3439.8681"	"3439.8683"	""		"29056.324"	"58118.875"	"3d6.(5D).4s.4p.(3P*)"	"z 5P*"	"3"	"3d6.4s.(4D).4d"	"5F"	"4"	7	9		
"3440.6057"	"3440.60547"	"1.71e+07"	B	"0.000"	"29056.324"	"3d6.4s2"	"a 5D"	"4"	"3d6.(5D).4s.4p.(3P*)"	"z 5P*"	"3"	9	7		
"3440.9885"	"3440.98835"	"1.24e+07"	B	"415.933"	"29469.024"	"3d6.4s2"	"a 5D"	"3"	"3d6.(5D).4s.4p.(3P*)"	"z 5P*"	"2"	7	5		
"3442.139"	"3442.1409"	""		"29469.024"	"58512.387"	"3d6.(5D).4s.4p.(3P*)"	"z 5P*"	"2"	"3d6.4s.(4D).4d"	"5F"	"2"	5	5		
"3442.3616"	"3442.36163"	"4.55e+06"	B	"18378.186"	"47419.687"	"3d6.4s2"	"a 3P2"	"2"	"3d6.(3P2).4s.4p.(3P*)"	"1D*"	"2"	5	5		
"3442.6688"	"3442.66926"	"1.75e+05"	C	"7728.060"	"36766.966"	"3d7.(4F).4s"	"a 5F"	"3"	"3d6.(5D).4s.4p.(1P*)"	"y 5P*"	"3"	7	7		
"3442.9722"	"3442.9737"	""		"24772.018"	"53808.356"	"3d7.(2P).4s"	"c 3P"	"1"	"3d7.(2P).4p"	"x 3S*"	"1"	3	3		
"3443.8763"	"3443.87624"	"7.92e+06"	B	"704.007"	"29732.736"	"3d6.4s2"	"a 5D"	"2"	"3d6.(5D).4s.4p.(3P*)"	"z 5P*"	"1"	5	3		
"3445.1489"	"3445.14901"	"2.34e+07"	B	"17726.988"	"46744.993"	"3d7.(4P).4s"	"a 5P"	"2"	"3d7.(4P).4p"	"u 5D*"	"3"	5	7		
"3445.7643"	"3445.7634"	""		"29469.024"	"58481.855"	"3d6.(5D).4s.4p.(3P*)"	"z 5P*"	"2"	"3d6.4s.(4D).4d"	"5P"	"3"	5	7		
"3446.7866"	"3446.78575"	""		"21038.987"	"50043.213"	"3d6.4s2"	"b 3F2"	"2"	"3d7.(2P).4p"	"w 3P*"	"1"	5	3		
"3447.2779"	"3447.27782"	"1.07e+07"	B	"17726.988"	"46727.074"	"3d7.(4P).4s"	"a 5P"	"2"	"3d6.(3P2).4s.4p.(3P*)"	"y 3P*"	"2"	5	5		
"3448.7813"	"3448.78058"	""		"22838.323"	"51825.773"	"3d7.(4P).4s"	"b 3P"	"2"	"3d7.(2H).4p"	"u 3G*"	"3"	5	7		
"3450.3279"	"3450.32799"	"2.34e+07"	B	"17927.382"	"46901.832"	"3d7.(4P).4s"	"a 5P"	"1"	"3d6.(3P2).4s.4p.(3P*)"	"y 3P*"	"1"	3	3		
"3451.6132"	"3451.61340"	"5.08e+06"	B	"19552.478"	"48516.138"	"3d6.4s2"	"a 3P2"	"1"	"3d7.(4P).4p"	"x 3P*"	"1"	3	3		
"3451.9142"	"3451.91434"	"1.13e+07"	B	"17927.382"	"46888.517"	"3d7.(4P).4s"	"a 5P"	"1"	"3d7.(4P).4p"	"u 5D*"	"2"	3	5		
"3452.2744"	"3452.27423"	"7.49e+05"	B	"7728.060"	"36686.176"	"3d7.(4F).4s"	"a 5F"	"3"	"3d7.(4F).4p"	"y 3F*"	"4"	7	9		
""	"3452.54094"	"5.2e-02"	D	"415.933"	"29371.812"	"3d6.4s2"	"a 5D"	"3"	"3d6.4s2"	"b 3D"	"3"	7	7	M1	
"3453.0201"	"3453.0202"	""		"22249.429"	"51201.289"	"3d7.(2G).4s"	"a 3G"	"3"	"3d7.(2D2).4p"	"v 3F*"	"2"	7	5		
""	"3454.33856"	"2.1e-02"	D	"415.933"	"29356.744"	"3d6.4s2"	"a 5D"	"3"	"3d6.4s2"	"b 3D"	"2"	7	5	M1	
"3456.2440"	"3456.2449"	""		"24772.018"	"53696.867"	"3d7.(2P).4s"	"c 3P"	"1"	"3d6.(3D).4s.4p.(3P*)"	"5F*"	"1"	3	3		
"3457.0867"	"3457.0858"	""		"29056.324"	"57974.137"	"3d6.(5D).4s.4p.(3P*)"	"z 5P*"	"3"	"3d6.(5D).4s (4D).4d"	"i 5D"	"2"	7	5		
"3458.3031"	"3458.3031"	"2.92e+07"	B	"19552.478"	"48460.113"	"3d6.4s2"	"a 3P2"	"1"	"3d7.(4P).4p"	"x 3P*"	"0"	3	1		
"3459.4262"	"3459.4261"	"1.45e+06"	C+	"21715.732"	"50613.983"	"3d7.(2G).4s"	"a 3G"	"5"	"3d6.(3F2).4s.4p.(3P*)"	"x 1G*"	"4"	11	9		
"3459.9138"	"3459.9141"	"2.17e+07"	B	"24335.766"	"53229.941"	"3d7.(2P).4s"	"c 3P"	"2"	"3d7.(2D2).4p"	"v 3P*"	"1"	5	3		
""	"3459.95412"	"4.77e+05"	D+	"18378.186"	"47272.027"	"3d6.4s2"	"a 3P2"	"2"	"3d7.(4P).4p"	"w 3D*"	"1"	5	3		
"3462.3518"	"3462.35211"	""		"17726.988"	"46600.818"	"3d7.(4P).4s"	"a 5P"	"2"	"3d6.(3P2).4s.4p.(3P*)"	"z 3S*"	"1"	5	3		
"3463.3026"	"3463.30151"	"1.50e+05"	E	"11976.239"	"40842.154"	"3d7.(4F).4s"	"a 3F"	"4"	"3d6.(5D).4s.4p.(1P*)"	"x 5F*"	"3"	9	7		
"3464.9105"	"3464.9109"	""		"20874.482"	"49726.990"	"3d6.4s2"	"b 3F2"	"3"	"3d7.(2G).4p"	"y 3H*"	"4"	7	9		
"3465.8604"	"3465.86035"	"1.19e+07"	B	"888.132"	"29732.736"	"3d6.4s2"	"a 5D"	"1"	"3d6.(5D).4s.4p.(3P*)"	"z 5P*"	"1"	3	3		
"3466.2827"	"3466.28000"	"9.50e+04"	C+	"19390.168"	"48231.280"	"3d6.4s2"	"a 3H"	"6"	"3d6.(3G).4s.4p.(3P*)"	"y 5H*"	"5"	13	11		
"3466.4985"	"3466.49828"	"1.24e+05"	C	"6928.268"	"35767.564"	"3d7.(4F).4s"	"a 5F"	"5"	"3d7.(4F).4p"	"z 3G*"	"4"	11	9		
"3466.8925"	"3466.89247"	""		"20641.110"	"49477.127"	"3d6.4s2"	"b 3F2"	"4"	"3d6.(3F2).4s.4p.(3P*)"	"1F*"	"3"	9	7		
"3468.8442"	"3468.84432"	"2.61e+06"	B	"20641.110"	"49460.902"	"3d6.4s2"	"b 3F2"	"4"	"3d7.(2G).4p"	"v 3G*"	"5"	9	11		
"3469.0117"	"3469.0120"	"8.58e+06"	B	"26627.609"	"55446.008"	"3d7.(2H).4s"	"b 3H"	"4"	"3d6.(1G2).4s.4p.(3P*)"	"v 3H*"	"4"	9	9		
"3469.8303"	"3469.83029"	"2.19e+06"	C	"21038.987"	"49850.590"	"3d6.4s2"	"b 3F2"	"2"	"3d7.(2G).4p"	"v 3G*"	"3"	5	7		
"3471.2654"	"3471.26539"	"3.98e+06"	C+	"17927.382"	"46727.074"	"3d7.(4P).4s"	"a 5P"	"1"	"3d6.(3P2).4s.4p.(3P*)"	"y 3P*"	"2"	3	5		
"3471.3429"	"3471.34301"	"7.36e+06"	C+	"18378.186"	"47177.234"	"3d6.4s2"	"a 3P2"	"2"	"3d7.(4P).4p"	"u 5D*"	"1"	5	3		
"3473.2968"	"3473.29542"	""		"24574.655"	"53357.515"	"3d7.(2G).4s"	"a 1G"	"4"	"3d6.(3G).4s.4p.(3P*)"	"3F*"	"3"	9	7		
"3473.6839"	"3473.6827"	""		"29732.736"	"58512.387"	"3d6.(5D).4s.4p.(3P*)"	"z 5P*"	"1"	"3d6.4s.(4D).4d"	"5F"	"2"	3	5		
"3475.4500"	"3475.44997"	"9.75e+06"	B	"704.007"	"29469.024"	"3d6.4s2"	"a 5D"	"2"	"3d6.(5D).4s.4p.(3P*)"	"z 5P*"	"2"	5	5		
"3475.6514"	"3475.65068"	"8.61e+06"	C+	"17550.181"	"46313.537"	"3d7.(4P).4s"	"a 5P"	"3"	"3d7.(4P).4p"	"w 5P*"	"2"	7	5		
"3475.8631"	"3475.86325"	""		"19621.006"	"48382.603"	"3d6.4s2"	"a 3H"	"5"	"3d7.(2G).4p"	"z 1H*"	"5"	11	11		
"3476.3442"	"3476.3442"	"2.70e+07"	D+	"29056.324"	"57813.942"	"3d6.(5D).4s.4p.(3P*)"	"z 5P*"	"3"	"3d6.(5D).4s (4D).4d"	"i 5D"	"3"	7	7		
"3476.7016"	"3476.70157"	"5.72e+06"	B	"978.074"	"29732.736"	"3d6.4s2"	"a 5D"	"0"	"3d6.(5D).4s.4p.(3P*)"	"z 5P*"	"1"	1	3		
"3476.8541"	"3476.85393"	"3.21e+06"	B+	"20874.482"	"49627.884"	"3d6.4s2"	"b 3F2"	"3"	"3d7.(2G).4p"	"v 3G*"	"4"	7	9		
"3477.0035"	"3477.00352"	""		"19552.478"	"48304.643"	"3d6.4s2"	"a 3P2"	"1"	"3d7.(4P).4p"	"x 3P*"	"2"	3	5		
"3477.8506"	"3477.8511"	""		"17927.382"	"46672.540"	"3d7.(4P).4s"	"a 5P"	"1"	"3d6.(3P2).4s.4p.(3P*)"	"y 3P*"	"0"	3	1		
"3478.3695"	"3478.36928"	""		"19621.006"	"48361.882"	"3d6.4s2"	"a 3H"	"5"	"3d6.(3G).4s.4p.(3P*)"	"y 5H*"	"4"	11	9		
"3478.6226"	"3478.6226"	""		"24574.655"	"53313.438"	"3d7.(2G).4s"	"a 1G"	"4"	"3d6.(3G).4s.4p.(3P*)"	"y 1H*"	"5"	9	11		
"3479.6771"	"3479.6793"	""		"28819.954"	"57550.010"	"3d7.(2H).4s"	"a 1H"	"5"	"3d6.(3D).4s.4p.(3P*)"	"t 3F*"	"4"	11	9		
"3480.3372"	"3480.33396"	""		"26140.179"	"54864.831"	"3d6.(5D).4s.4p.(3P*)"	"z 5D*"	"3"	"3d6.4s.(6D).6s"	"5D"	"3"	7	7		
"3481.5633"	"3481.56131"	""		"18378.186"	"47092.712"	"3d6.4s2"	"a 3P2"	"2"	"3d6.(3F2).4s.4p.(3P*)"	"x 3F*"	"3"	5	7		
"3483.0069"	"3483.00698"	"1.45e+05"	B	"7376.764"	"36079.372"	"3d7.(4F).4s"	"a 5F"	"4"	"3d7.(4F).4p"	"z 3G*"	"3"	9	7		
"3484.8503"	"3484.8492"	"1.34e+05"	C+	"19788.251"	"48475.686"	"3d6.4s2"	"a 3H"	"4"	"3d6.(3G).4s.4p.(3P*)"	"y 5H*"	"3"	9	7		
"3484.978"	"3484.97873"	"1.84e+06"	D+	"19552.478"	"48238.847"	"3d6.4s2"	"a 3P2"	"1"	"3d6.(3G).4s.4p.(3P*)"	"v 5F*"	"2"	3	5		
"3485.3400"	"3485.3403"	"1.30e+07"	C+	"17726.988"	"46410.381"	"3d7.(4P).4s"	"a 5P"	"2"	"3d7.(4P).4p"	"w 5P*"	"1"	5	3		
"3486.5515"	"3486.55065"	""		"17927.382"	"46600.818"	"3d7.(4P).4s"	"a 5P"	"1"	"3d6.(3P2).4s.4p.(3P*)"	"z 3S*"	"1"	3	3		
""	"3487.23551"	"3.7e-02"	D	"704.007"	"29371.812"	"3d6.4s2"	"a 5D"	"2"	"3d6.4s2"	"b 3D"	"3"	5	7	M1	
""	"3487.23551"	"2.0e-03"	E	"704.007"	"29371.812"	"3d6.4s2"	"a 5D"	"2"	"3d6.4s2"	"b 3D"	"3"	5	7	E2	
""	"3489.06944"	"8.3e-02"	D	"704.007"	"29356.744"	"3d6.4s2"	"a 5D"	"2"	"3d6.4s2"	"b 3D"	"2"	5	5	M1	
"3489.4114"	"3489.4120"	""		"24118.819"	"52768.743"	"3d6.4s2"	"b 3G"	"4"	"3d7.(2H).4p"	"w 3H*"	"4"	9	9		
"3489.6675"	"3489.6673"	"7.47e+06"	B	"23783.619"	"52431.447"	"3d6.4s2"	"b 3G"	"5"	"3d7.(2H).4p"	"w 3H*"	"6"	11	13		
"3490.5738"	"3490.57352"	"6.14e+06"	B	"415.933"	"29056.324"	"3d6.4s2"	"a 5D"	"3"	"3d6.(5D).4s.4p.(3P*)"	"z 5P*"	"3"	7	7		
"3490.7436"	"3490.74282"	""		"18378.186"	"47017.188"	"3d6.4s2"	"a 3P2"	"2"	"3d7.(4P).4p"	"w 3D*"	"3"	5	7		
"3493.2803"	"3493.28110"	"9.4e+04"	E	"11976.239"	"40594.432"	"3d7.(4F).4s"	"a 3F"	"4"	"3d6.(5D).4s.4p.(1P*)"	"x 5F*"	"4"	9	9		
"3493.689"	"3493.68776"	""		"24338.767"	"52953.629"	"3d6.4s2"	"b 3G"	"3"	"3d6.(3G).4s.4p.(3P*)"	"3F*"	"4"	7	9		
"3493.689"	"3493.6889"	"8.59e+05"	C	"21999.130"	"50613.983"	"3d7.(2G).4s"	"a 3G"	"4"	"3d6.(3F2).4s.4p.(3P*)"	"x 1G*"	"4"	9	9		
"3495.2865"	"3495.28625"	"9.46e+06"	B	"20641.110"	"49242.886"	"3d6.4s2"	"b 3F2"	"4"	"3d7.(2G).4p"	"w 3F*"	"3"	9	7		
"3497.0028"	"3497.0014"	""		"21999.130"	"50586.878"	"3d7.(2G).4s"	"a 3G"	"4"	"3d7.(2G).4p"	"z 1F*"	"3"	9	7		
"3497.1031"	"3497.10322"	"9.02e+06"	B	"17550.181"	"46137.097"	"3d7.(4P).4s"	"a 5P"	"3"	"3d7.(4P).4p"	"w 5P*"	"3"	7	7		
"3497.1480"	"3497.14811"	"4.29e+06"	C+	"17726.988"	"46313.537"	"3d7.(4P).4s"	"a 5P"	"2"	"3d7.(4P).4p"	"w 5P*"	"2"	5	5		
"3497.8403"	"3497.84032"	"3.08e+06"	B	"888.132"	"29469.024"	"3d6.4s2"	"a 5D"	"1"	"3d6.(5D).4s.4p.(3P*)"	"z 5P*"	"2"	3	5		
"3497.8867"	"3497.8847"	""		"24335.766"	"52916.295"	"3d7.(2P).4s"	"c 3P"	"2"	"3d7.(2D2).4p"	"v 3P*"	"2"	5	5		
"3497.9593"	"3497.96014"	""		"25899.989"	"54479.902"	"3d6.(5D).4s.4p.(3P*)"	"z 5D*"	"4"	"3d6.4s.(6D).6s"	"5D"	"4"	9	9		
"3500.5645"	"3500.5647"	"5.28e+06"	C+	"20874.482"	"49433.131"	"3d6.4s2"	"b 3F2"	"3"	"3d7.(2G).4p"	"w 3F*"	"2"	7	5		
"3501.5673"	"3501.5678"	""		"29732.736"	"58283.204"	"3d6.(5D).4s.4p.(3P*)"	"z 5P*"	"1"	"3d6.(5D).4s (4D).4d"	"i 5D"	"1"	3	3		
"3504.8610"	"3504.86058"	"2.94e+06"	C+	"18378.186"	"46901.832"	"3d6.4s2"	"a 3P2"	"2"	"3d6.(3P2).4s.4p.(3P*)"	"y 3P*"	"1"	5	3		
"3505.0583"	"3505.0582"	"1.77e+07"	B	"24335.766"	"52857.804"	"3d7.(2P).4s"	"c 3P"	"2"	"3d7.(2D2).4p"	"t 3D*"	"1"	5	3		
"3506.4975"	"3506.49748"	"7.35e+06"	B	"18378.186"	"46888.517"	"3d6.4s2"	"a 3P2"	"2"	"3d7.(4P).4p"	"u 5D*"	"2"	5	5		
"3506.5800"	"3506.58013"	""		"23244.838"	"51754.497"	"3d6.(5D).4s.4p.(3P*)"	"z 7F*"	"1"	"3d6.(5D).4s (6D).4d"	"f 5F"	"1"	3	3		
"3508.4743"	"3508.4739"	"6.46e+06"	B+	"24118.819"	"52613.090"	"3d6.4s2"	"b 3G"	"4"	"3d7.(2H).4p"	"w 3H*"	"5"	9	11		
"3508.5180"	"3508.51796"	"2.07e+06"	B	"20641.110"	"49135.023"	"3d6.4s2"	"b 3F2"	"4"	"3d6.(3F2).4s.4p.(3P*)"	"v 3D*"	"3"	9	7		
"3509.1186"	"3509.11785"	"5.0e+05"	E	"22845.869"	"51334.911"	"3d6.(5D).4s.4p.(3P*)"	"z 7F*"	"5"	"3d6.(5D).4s (6D).4d"	"e 7G"	"4"	11	9		
"3509.7256"	"3509.7251"	""		"23270.384"	"51754.497"	"3d6.(5D).4s.4p.(3P*)"	"z 7F*"	"0"	"3d6.(5D).4s (6D).4d"	"f 5F"	"1"	1	3		
"3509.8614"	"3509.8624"	"1.7e+06"	E	"17927.382"	"46410.381"	"3d7.(4P).4s"	"a 5P"	"1"	"3d7.(4P).4p"	"w 5P*"	"1"	3	3		
"3510.4388"	"3510.4388"	"6.24e+06"	B	"20037.816"	"48516.138"	"3d6.4s2"	"a 3P2"	"0"	"3d7.(4P).4p"	"x 3P*"	"1"	1	3		
""	"3511.63618"	"7.0e-02"	D	"888.132"	"29356.744"	"3d6.4s2"	"a 5D"	"1"	"3d6.4s2"	"b 3D"	"2"	3	5	M1	
"3511.7375"	"3511.73808"	"2.5e+05"	E	"20641.110"	"49108.896"	"3d6.4s2"	"b 3F2"	"4"	"3d7.(2G).4p"	"w 3F*"	"4"	9	9		
"3512.2253"	"3512.22444"	"2.51e+06"	C+	"22996.674"	"51460.518"	"3d6.(5D).4s.4p.(3P*)"	"z 7F*"	"4"	"3d6.(5D).4s (6D).4d"	"e 7G"	"3"	9	7		
"3512.9541"	"3512.9552"	""		"24772.018"	"53229.941"	"3d7.(2P).4s"	"c 3P"	"1"	"3d7.(2D2).4p"	"v 3P*"	"1"	3	3		
"3513.0529"	"3513.05472"	"3.8e+05"	E	"12560.934"	"41018.051"	"3d7.(4F).4s"	"a 3F"	"3"	"3d6.(5D).4s.4p.(1P*)"	"x 5F*"	"2"	7	5		
"3513.8177"	"3513.81746"	"3.40e+06"	A	"6928.268"	"35379.208"	"3d7.(4F).4s"	"a 5F"	"5"	"3d7.(4F).4p"	"z 3G*"	"5"	11	11		
"3514.6270"	"3514.62761"	"4.72e+05"	B	"19390.168"	"47834.550"	"3d6.4s2"	"a 3H"	"6"	"3d6.(3F2).4s.4p.(3P*)"	"x 3G*"	"5"	13	11		
""	"3516.17137"	"1.0e-01"	D	"888.132"	"29320.026"	"3d6.4s2"	"a 5D"	"1"	"3d6.4s2"	"b 3D"	"1"	3	3	M1	
"3516.4087"	"3516.4086"	"3.6e+06"	E	"24338.767"	"52768.743"	"3d6.4s2"	"b 3G"	"3"	"3d7.(2H).4p"	"w 3H*"	"4"	7	9		
"3516.5572"	"3516.55641"	"6.82e+06"	B	"23110.939"	"51539.720"	"3d6.(5D).4s.4p.(3P*)"	"z 7F*"	"3"	"3d6.(5D).4s (6D).4d"	"e 7G"	"2"	7	5		
"3518.6826"	"3518.68262"	"2.35e+06"	C+	"23192.500"	"51604.103"	"3d6.(5D).4s.4p.(3P*)"	"z 7F*"	"2"	"3d6.(5D).4s (6D).4d"	"f 5F"	"3"	5	7		
"3518.8694"	"3518.86766"	"8.51e+05"	B	"17726.988"	"46137.097"	"3d7.(4P).4s"	"a 5P"	"2"	"3d7.(4P).4p"	"w 5P*"	"3"	5	7		
"3520.0228"	"3520.0229"	""		"26406.465"	"54807.250"	"3d7.(2D2).4s"	"a 3D"	"1"	"3d7.(4F).5p"	"3D*"	"1"	3	3		
"3520.8463"	"3520.8463"	"1.50e+06"	C+	"21038.987"	"49433.131"	"3d6.4s2"	"b 3F2"	"2"	"3d7.(2G).4p"	"w 3F*"	"2"	5	5		
"3521.261"	"3521.26097"	"6.14e+06"	B+	"7376.764"	"35767.564"	"3d7.(4F).4s"	"a 5F"	"4"	"3d7.(4F).4p"	"z 3G*"	"4"	9	9		
"3521.8366"	"3521.83719"	"3.51e+06"	C+	"17927.382"	"46313.537"	"3d7.(4P).4s"	"a 5P"	"1"	"3d7.(4P).4p"	"w 5P*"	"2"	3	5		
"3522.2678"	"3522.26790"	"5.03e+06"	B	"22845.869"	"51228.553"	"3d6.(5D).4s.4p.(3P*)"	"z 7F*"	"5"	"3d6.(5D).4s (6D).4d"	"e 7G"	"5"	11	11		
"3522.8973"	"3522.89932"	"3.51e+06"	C+	"23192.500"	"51570.097"	"3d6.(5D).4s.4p.(3P*)"	"z 7F*"	"2"	"3d6.(5D).4s (6D).4d"	"e 7S"	"3"	5	7		
"3523.1746"	"3523.17445"	""		"26224.969"	"54600.350"	"3d7.(2D2).4s"	"a 3D"	"3"	"3d6.(3G).4s.4p.(3P*)"	"t 3G*"	"3"	7	7		
"3523.3084"	"3523.3084"	"1.06e+07"	C+	"23192.500"	"51566.802"	"3d6.(5D).4s.4p.(3P*)"	"z 7F*"	"2"	"3d6.(5D).4s (6D).4d"	"e 7G"	"1"	5	3		
"3524.0739"	"3524.07390"	"9.9e+06"	D	"20874.482"	"49242.621"	"3d6.4s2"	"b 3F2"	"3"	"3d6.(3F2).4s.4p.(3P*)"	"v 3D*"	"2"	7	5		
"3524.2395"	"3524.23938"	"5.04e+06"	B	"18378.186"	"46744.993"	"3d6.4s2"	"a 3P2"	"2"	"3d7.(4P).4p"	"u 5D*"	"3"	5	7		
"3524.5186"	"3524.5193"	""		"22249.429"	"50613.983"	"3d7.(2G).4s"	"a 3G"	"3"	"3d6.(3F2).4s.4p.(3P*)"	"x 1G*"	"4"	7	9		
"3525.8533"	"3525.85389"	""		"22996.674"	"51350.492"	"3d6.(5D).4s.4p.(3P*)"	"z 7F*"	"4"	"3d6.(5D).4s (4D).5s"	"g 5D"	"4"	9	9		
"3526.0406"	"3526.04056"	"1.14e+06"	B	"704.007"	"29056.324"	"3d6.4s2"	"a 5D"	"2"	"3d6.(5D).4s.4p.(3P*)"	"z 5P*"	"3"	5	7		
"3526.1656"	"3526.16556"	"4.14e+06"	B+	"7728.060"	"36079.372"	"3d7.(4F).4s"	"a 5F"	"3"	"3d7.(4F).4p"	"z 3G*"	"3"	7	7		
"3526.2377"	"3526.23782"	"1.70e+07"	B+	"23110.939"	"51461.670"	"3d6.(5D).4s.4p.(3P*)"	"z 7F*"	"3"	"3d6.(5D).4s (6D).4d"	"f 5F"	"4"	7	9		
"3526.3811"	"3526.38112"	"4.13e+07"	B+	"23110.939"	"51460.518"	"3d6.(5D).4s.4p.(3P*)"	"z 7F*"	"3"	"3d6.(5D).4s (6D).4d"	"e 7G"	"3"	7	7		
"3526.4672"	"3526.46707"	"1.29e+07"	B	"18378.186"	"46727.074"	"3d6.4s2"	"a 3P2"	"2"	"3d6.(3P2).4s.4p.(3P*)"	"y 3P*"	"2"	5	5		
"3526.6743"	"3526.67458"	"5.26e+07"	B+	"23192.500"	"51539.720"	"3d6.(5D).4s.4p.(3P*)"	"z 7F*"	"2"	"3d6.(5D).4s (6D).4d"	"e 7G"	"2"	5	5		
""	"3527.33011"	"8.9e-02"	D	"978.074"	"29320.026"	"3d6.4s2"	"a 5D"	"0"	"3d6.4s2"	"b 3D"	"1"	1	3	M1	
"3527.7926"	"3527.79254"	"2.17e+07"	B+	"22996.674"	"51334.911"	"3d6.(5D).4s.4p.(3P*)"	"z 7F*"	"4"	"3d6.(5D).4s (6D).4d"	"e 7G"	"4"	9	9		
"3527.8895"	"3527.8906"	""		"22249.429"	"50586.878"	"3d7.(2G).4s"	"a 3G"	"3"	"3d7.(2G).4p"	"z 1F*"	"3"	7	7		
"3528.2382"	"3528.23579"	""		"19788.251"	"48122.928"	"3d6.4s2"	"a 3H"	"4"	"3d6.(3G).4s.4p.(3P*)"	"v 5F*"	"3"	9	7		
"3529.5240"	"3529.5231"	""		"24574.655"	"52898.998"	"3d7.(2G).4s"	"a 1G"	"4"	"3d7.(2H).4p"	"y 3I*"	"5"	9	11		
"3529.8196"	"3529.8196"	"7.75e+07"	B	"23244.838"	"51566.802"	"3d6.(5D).4s.4p.(3P*)"	"z 7F*"	"1"	"3d6.(5D).4s (6D).4d"	"e 7G"	"1"	3	3		
"3530.3865"	"3530.38663"	"4.65e+06"	D+	"22650.416"	"50967.831"	"3d6.(5D).4s.4p.(3P*)"	"z 7F*"	"6"	"3d6.(5D).4s (6D).4d"	"e 7G"	"6"	13	13		
"3531.4376"	"3531.43721"	"6.65e+05"	C+	"19621.006"	"47929.997"	"3d6.4s2"	"a 3H"	"5"	"3d6.(3G).4s.4p.(3P*)"	"v 5F*"	"4"	11	9		
"3532.5688"	"3532.5689"	""		"26406.465"	"54706.387"	"3d7.(2D2).4s"	"a 3D"	"1"	"3d7.(4F).5p"	"3F*"	"2"	3	5		
"3533.0064"	"3533.0064"	"8.52e+07"	B	"23270.384"	"51566.802"	"3d6.(5D).4s.4p.(3P*)"	"z 7F*"	"0"	"3d6.(5D).4s (6D).4d"	"e 7G"	"1"	1	3		
"3533.1979"	"3533.19818"	"8.25e+07"	B+	"23244.838"	"51539.720"	"3d6.(5D).4s.4p.(3P*)"	"z 7F*"	"1"	"3d6.(5D).4s (6D).4d"	"e 7G"	"2"	3	5		
"3534.525"	"3534.5247"	"2.20e+06"	C+	"28819.954"	"57104.217"	"3d7.(2H).4s"	"a 1H"	"5"	"3d6.(1I).4s.4p.(3P*)"	"x 3I*"	"5"	11	11		
"3534.525"	"3534.5255"	""		"29356.744"	"57641.001"	"3d6.4s2"	"b 3D"	"2"	"3d6.(3D).4s.4p.(3P*)"	"t 3F*"	"3"	5	7		
"3534.9060"	"3534.90503"	"1.1e+05"	E	"12560.934"	"40842.154"	"3d7.(4F).4s"	"a 3F"	"3"	"3d6.(5D).4s.4p.(1P*)"	"x 5F*"	"3"	7	7		
"3536.5556"	"3536.55599"	"9.95e+07"	B+	"23192.500"	"51460.518"	"3d6.(5D).4s.4p.(3P*)"	"z 7F*"	"2"	"3d6.(5D).4s (6D).4d"	"e 7G"	"3"	5	7		
"3537.4918"	"3537.49169"	"2.27e+06"	B	"20874.482"	"49135.023"	"3d6.4s2"	"b 3F2"	"3"	"3d6.(3F2).4s.4p.(3P*)"	"v 3D*"	"3"	7	7		
"3537.7288"	"3537.7287"	"1.33e+07"	C+	"21038.987"	"49297.635"	"3d6.4s2"	"b 3F2"	"2"	"3d6.(3F2).4s.4p.(3P*)"	"v 3D*"	"1"	5	3		
"3537.8947"	"3537.89469"	"8.0e+06"	E	"22845.869"	"51103.191"	"3d6.(5D).4s.4p.(3P*)"	"z 7F*"	"5"	"3d6.(5D).4s (6D).4d"	"f 5F"	"5"	11	11		
"3538.2513"	"3538.2514"	""		"22946.816"	"51201.289"	"3d7.(4P).4s"	"b 3P"	"1"	"3d7.(2D2).4p"	"v 3F*"	"2"	3	5		
"3538.553"	"3538.5543"	""		"20037.816"	"48289.871"	"3d6.4s2"	"a 3P2"	"0"	"3d5.(6S).4s2.4p"	"v 5P*"	"1"	1	3		
"3538.782"	"3538.7845"	""		"28819.954"	"57070.171"	"3d7.(2H).4s"	"a 1H"	"5"	"3d6.(1I).4s.4p.(3P*)"	"x 3I*"	"6"	11	13		
"3540.1209"	"3540.12088"	"9.48e+06"	C+	"23110.939"	"51350.492"	"3d6.(5D).4s.4p.(3P*)"	"z 7F*"	"3"	"3d6.(5D).4s (4D).5s"	"g 5D"	"4"	7	9		
"3540.7094"	"3540.70918"	"2.45e+05"	C+	"7376.764"	"35611.625"	"3d7.(4F).4s"	"a 5F"	"4"	"3d7.(4F).4p"	"z 5G*"	"3"	9	7		
"3540.8006"	"3540.8000"	""		"19621.006"	"47855.143"	"3d6.4s2"	"a 3H"	"5"	"3d6.(3G).4s.4p.(3P*)"	"y 5H*"	"6"	11	13		
"3541.0831"	"3541.08318"	"8.65e+07"	B+	"22996.674"	"51228.553"	"3d6.(5D).4s.4p.(3P*)"	"z 7F*"	"4"	"3d6.(5D).4s (6D).4d"	"e 7G"	"5"	9	11		
"3542.0754"	"3542.07525"	"9.51e+07"	B+	"23110.939"	"51334.911"	"3d6.(5D).4s.4p.(3P*)"	"z 7F*"	"3"	"3d6.(5D).4s (6D).4d"	"e 7G"	"4"	7	9		
"3542.2432"	"3542.24343"	""		"18378.186"	"46600.818"	"3d6.4s2"	"a 3P2"	"2"	"3d6.(3P2).4s.4p.(3P*)"	"z 3S*"	"1"	5	3		
"3543.3849"	"3543.38447"	"4.88e+05"	C+	"19621.006"	"47834.550"	"3d6.4s2"	"a 3H"	"5"	"3d6.(3F2).4s.4p.(3P*)"	"x 3G*"	"5"	11	11		
"3543.6746"	"3543.6751"	"1.6e+07"	E	"27543.003"	"55754.233"	"3d7.(2P).4s"	"a 1P"	"1"	"3d7.(2D2).4p"	"w 1D*"	"2"	3	5		
"3544.6296"	"3544.62956"	"1.6e+06"	E	"21038.987"	"49242.621"	"3d6.4s2"	"b 3F2"	"2"	"3d6.(3F2).4s.4p.(3P*)"	"v 3D*"	"2"	5	5		
"3545.6397"	"3545.63971"	"2.05e+07"	B+	"22996.674"	"51192.273"	"3d6.(5D).4s.4p.(3P*)"	"z 7F*"	"4"	"3d6.(5D).4s (6D).4d"	"e 7F"	"4"	9	9		
"3545.8305"	"3545.8297"	""		"24574.655"	"52768.743"	"3d7.(2G).4s"	"a 1G"	"4"	"3d7.(2H).4p"	"w 3H*"	"4"	9	9		
"3546.2051"	"3546.20407"	""		"19621.006"	"47812.118"	"3d6.4s2"	"a 3H"	"5"	"3d6.(3F2).4s.4p.(3P*)"	"x 3G*"	"4"	11	9		
"3547.1940"	"3547.1937"	"7.13e+06"	B	"26627.609"	"54810.856"	"3d7.(2H).4s"	"b 3H"	"4"	"3d6.(3G).4s.4p.(3P*)"	"w 1G*"	"4"	9	9		
"3548.0204"	"3548.0191"	""		"24335.766"	"52512.457"	"3d7.(2P).4s"	"c 3P"	"2"	"3d7.(2P).4p"	"u 3D*"	"1"	5	3		
"3549.8646"	"3549.86433"	"6.1e+05"	E	"12968.554"	"41130.599"	"3d7.(4F).4s"	"a 3F"	"2"	"3d6.(5D).4s.4p.(1P*)"	"x 5F*"	"1"	5	3		
"3552.1058"	"3552.1055"	"4.8e+06"	E	"24772.018"	"52916.295"	"3d7.(2P).4s"	"c 3P"	"1"	"3d7.(2D2).4p"	"v 3P*"	"2"	3	5		
"3552.4247"	"3552.42496"	""		"19788.251"	"47929.997"	"3d6.4s2"	"a 3H"	"4"	"3d6.(3G).4s.4p.(3P*)"	"v 5F*"	"4"	9	9		
"3552.8277"	"3552.82821"	"1.74e+07"	B+	"23192.500"	"51331.052"	"3d6.(5D).4s.4p.(3P*)"	"z 7F*"	"2"	"3d6.(5D).4s (6D).4d"	"e 7F"	"2"	5	5		
"3552.8549"	"3552.8547"	"5.91e+06"	C+	"25091.599"	"53229.941"	"3d7.(2P).4s"	"c 3P"	"0"	"3d7.(2D2).4p"	"v 3P*"	"1"	1	3		
"3553.7383"	"3553.7382"	"1.09e+08"	B	"28819.954"	"56951.301"	"3d7.(2H).4s"	"a 1H"	"5"	"3d7.(2H).4p"	"v 1G*"	"4"	11	9		
"3554.1180"	"3554.11785"	"6.57e+05"	B+	"7728.060"	"35856.402"	"3d7.(4F).4s"	"a 5F"	"3"	"3d7.(4F).4p"	"z 5G*"	"2"	7	5		
"3554.501"	"3554.50138"	"9.87e+06"	B	"23244.838"	"51370.145"	"3d6.(5D).4s.4p.(3P*)"	"z 7F*"	"1"	"3d6.(5D).4s (6D).4d"	"e 5G"	"2"	3	5		
"3554.643"	"3554.6428"	""		"26406.465"	"54530.653"	"3d7.(2D2).4s"	"a 3D"	"1"	"3d7.(4F).5p"	"5D*"	"2"	3	5		
"3554.9243"	"3554.92419"	"1.40e+08"	B+	"22845.869"	"50967.831"	"3d6.(5D).4s.4p.(3P*)"	"z 7F*"	"5"	"3d6.(5D).4s (6D).4d"	"e 7G"	"6"	11	13		
"3555.448"	"3555.4491"	""		"26224.969"	"54342.779"	"3d7.(2D2).4s"	"a 3D"	"3"	"3d7.(4F).5p"	"3D*"	"2"	7	5		
"3556.6803"	"3556.68045"	"3.15e+06"	B	"23110.939"	"51219.015"	"3d6.(5D).4s.4p.(3P*)"	"z 7F*"	"3"	"3d6.(5D).4s (6D).4d"	"e 5G"	"3"	7	7		
"3556.8776"	"3556.87773"	"4.1e+07"	D	"22996.674"	"51103.191"	"3d6.(5D).4s.4p.(3P*)"	"z 7F*"	"4"	"3d6.(5D).4s (6D).4d"	"f 5F"	"5"	9	11		
"3558.412"	"3558.4105"	""		"24118.819"	"52213.230"	"3d6.4s2"	"b 3G"	"4"	"3d7.(2D2).4p"	"t 3D*"	"3"	9	7		
"3558.5148"	"3558.51482"	"1.77e+07"	B+	"7985.785"	"36079.372"	"3d7.(4F).4s"	"a 5F"	"2"	"3d7.(4F).4p"	"z 3G*"	"3"	5	7		
"3559.5030"	"3559.5033"	"2.2e+07"	D+	"24772.018"	"52857.804"	"3d7.(2P).4s"	"c 3P"	"1"	"3d7.(2D2).4p"	"t 3D*"	"1"	3	3		
"3560.6965"	"3560.69691"	"7.4e+06"	D+	"26224.969"	"54301.340"	"3d7.(2D2).4s"	"a 3D"	"3"	"3d6.(3D).4s.4p.(3P*)"	"5D*"	"4"	7	9		
"3564.5150"	"3564.51489"	"2.50e+05"	D+	"19788.251"	"47834.550"	"3d6.4s2"	"a 3H"	"4"	"3d6.(3F2).4s.4p.(3P*)"	"x 3G*"	"5"	9	11		
"3564.5567"	"3564.5567"	"6.39e+05"	B	"19788.251"	"47834.221"	"3d6.4s2"	"a 3H"	"4"	"3d6.(3F2).4s.4p.(3P*)"	"x 3G*"	"3"	9	7		
"3565.3787"	"3565.37873"	"4.29e+07"	B+	"7728.060"	"35767.564"	"3d7.(4F).4s"	"a 5F"	"3"	"3d7.(4F).4p"	"z 3G*"	"4"	7	9		
"3565.5811"	"3565.58156"	""		"23110.939"	"51148.848"	"3d6.(5D).4s.4p.(3P*)"	"z 7F*"	"3"	"3d6.(5D).4s (6D).4d"	"e 7F"	"3"	7	7		
"3566.3095"	"3566.3084"	"3.3e+06"	E	"18378.186"	"46410.381"	"3d6.4s2"	"a 3P2"	"2"	"3d7.(4P).4p"	"w 5P*"	"1"	5	3		
"3566.5803"	"3566.58003"	""		"19390.168"	"47420.228"	"3d6.4s2"	"a 3H"	"6"	"3d6.(3G).4s.4p.(3P*)"	"w 5G*"	"5"	13	11		
"3567.0309"	"3567.03117"	"8.34e+06"	B+	"23192.500"	"51219.015"	"3d6.(5D).4s.4p.(3P*)"	"z 7F*"	"2"	"3d6.(5D).4s (6D).4d"	"e 5G"	"3"	5	7		
"3567.3688"	"3567.36823"	"4.71e+05"	C+	"19788.251"	"47812.118"	"3d6.4s2"	"a 3H"	"4"	"3d6.(3F2).4s.4p.(3P*)"	"x 3G*"	"4"	9	9		
"3568.4322"	"3568.43393"	"5.32e+06"	C+	"23192.500"	"51207.998"	"3d6.(5D).4s.4p.(3P*)"	"z 7F*"	"2"	"3d6.(5D).4s (6D).4d"	"e 7F"	"1"	5	3		
"3568.8231"	"3568.82273"	"6.72e+06"	C	"26224.969"	"54237.415"	"3d7.(2D2).4s"	"a 3D"	"3"	"3d6.(3G).4s.4p.(3P*)"	"t 3G*"	"4"	7	9		
"3568.9742"	"3568.9741"	"4.64e+06"	B+	"21715.732"	"49726.990"	"3d7.(2G).4s"	"a 3G"	"5"	"3d7.(2G).4p"	"y 3H*"	"4"	11	9		
"3570.0100"	"3570.00977"	"6.03e+06"	B	"19552.478"	"47555.610"	"3d6.4s2"	"a 3P2"	"1"	"3d7.(4P).4p"	"y 3S*"	"1"	3	3		
"3570.0975"	"3570.09748"	"6.76e+07"	A	"7376.764"	"35379.208"	"3d7.(4F).4s"	"a 5F"	"4"	"3d7.(4F).4p"	"z 3G*"	"5"	9	11		
"3570.2539"	"3570.2541"	""		"22650.416"	"50651.632"	"3d6.(5D).4s.4p.(3P*)"	"z 7F*"	"6"	"3d6.(5D).4s (6D).4d"	"e 7G"	"7"	13	15		
"3571.2254"	"3571.22363"	"2.3e+05"	E	"11976.239"	"39969.853"	"3d7.(4F).4s"	"a 3F"	"4"	"3d6.(5D).4s.4p.(1P*)"	"x 5D*"	"3"	9	7		
"3571.9950"	"3571.99499"	"2.89e+07"	B+	"22845.869"	"50833.438"	"3d6.(5D).4s.4p.(3P*)"	"z 7F*"	"5"	"3d6.(5D).4s (6D).4d"	"e 7F"	"5"	11	11		
"3572.5903"	"3572.59037"	"3.31e+06"	C	"22996.674"	"50979.579"	"3d6.(5D).4s.4p.(3P*)"	"z 7F*"	"4"	"3d6.(5D).4s (6D).4d"	"e 5G"	"4"	9	9		
"3573.3934"	"3573.39362"	"1.05e+07"	D+	"26623.735"	"54600.350"	"3d7.(2D2).4s"	"a 3D"	"2"	"3d6.(3G).4s.4p.(3P*)"	"t 3G*"	"3"	5	7		
"3573.8289"	"3573.8288"	"2.41e+06"	B	"19390.168"	"47363.376"	"3d6.4s2"	"a 3H"	"6"	"3d6.(3G).4s.4p.(3P*)"	"w 5G*"	"6"	13	13		
"3573.8884"	"3573.88852"	"5.73e+07"	B+	"26627.609"	"54600.350"	"3d7.(2H).4s"	"b 3H"	"4"	"3d6.(3G).4s.4p.(3P*)"	"t 3G*"	"3"	9	7		
"3574.244"	"3574.24310"	""		"26479.381"	"54449.347"	"3d6.(5D).4s.4p.(3P*)"	"z 5D*"	"1"	"3d7.(4F).4d"	"f 3D"	"1"	3	3		
"3575.1133"	"3575.11307"	"1.60e+07"	B	"23244.838"	"51207.998"	"3d6.(5D).4s.4p.(3P*)"	"z 7F*"	"1"	"3d6.(5D).4s (6D).4d"	"e 7F"	"1"	3	3		
"3575.2449"	"3575.24502"	"7.43e+06"	C+	"22845.869"	"50807.997"	"3d6.(5D).4s.4p.(3P*)"	"z 7F*"	"5"	"3d6.(5D).4s (6D).4d"	"f 7D"	"4"	11	9		
"3575.3697"	"3575.3696"	"3.06e+07"	B	"24335.766"	"52296.920"	"3d7.(2P).4s"	"c 3P"	"2"	"3d7.(2P).4p"	"u 3D*"	"2"	5	5		
"3575.9772"	"3575.97629"	""		"23192.500"	"51148.910"	"3d6.(5D).4s.4p.(3P*)"	"z 7F*"	"2"	"3d6.(5D).4s (6D).4d"	"e 5S"	"2"	5	5		
"3576.7584"	"3576.75803"	"8.8e+06"	E	"26351.040"	"54301.340"	"3d7.(2H).4s"	"b 3H"	"5"	"3d6.(3D).4s.4p.(3P*)"	"5D*"	"4"	11	9		
"3578.3822"	"3578.3822"	"7.82e+06"	C+	"23270.384"	"51207.998"	"3d6.(5D).4s.4p.(3P*)"	"z 7F*"	"0"	"3d6.(5D).4s (6D).4d"	"e 7F"	"1"	1	3		
"3578.676"	"3578.67211"	"1.8e+06"	E	"18378.186"	"46313.537"	"3d6.4s2"	"a 3P2"	"2"	"3d7.(4P).4p"	"w 5P*"	"2"	5	5		
"3581.1928"	"3581.1928"	"1.02e+08"	A	"6928.268"	"34843.957"	"3d7.(4F).4s"	"a 5F"	"5"	"3d7.(4F).4p"	"z 5G*"	"6"	11	13		
"3581.6465"	"3581.64658"	"3.21e+06"	C+	"21715.732"	"49627.884"	"3d7.(2G).4s"	"a 3G"	"5"	"3d7.(2G).4p"	"v 3G*"	"4"	11	9		
"3581.8073"	"3581.80699"	"8.68e+06"	C+	"24772.018"	"52682.920"	"3d7.(2P).4s"	"c 3P"	"1"	"3d7.(2D2).4p"	"t 3D*"	"2"	3	5		
"3582.1996"	"3582.1995"	"2.35e+07"	B	"26105.908"	"54013.752"	"3d7.(2H).4s"	"b 3H"	"6"	"3d6.(3D).4s.4p.(3P*)"	"5F*"	"5"	13	11		
"3582.3199"	"3582.3183"	""		"26623.735"	"54530.653"	"3d7.(2D2).4s"	"a 3D"	"2"	"3d7.(4F).5p"	"5D*"	"2"	5	5		
"3582.5640"	"3582.56612"	"2.44e+05"	C	"19788.251"	"47693.239"	"3d6.4s2"	"a 3H"	"4"	"3d6.(3G).4s.4p.(3P*)"	"w 5G*"	"3"	9	7		
"3582.6831"	"3582.68373"	""		"23244.838"	"51148.910"	"3d6.(5D).4s.4p.(3P*)"	"z 7F*"	"1"	"3d6.(5D).4s (6D).4d"	"e 5S"	"2"	3	5		
"3583.6815"	"3583.68241"	""		"26479.381"	"54375.677"	"3d6.(5D).4s.4p.(3P*)"	"z 5D*"	"1"	"3d7.(4F).4d"	"f 5G"	"2"	3	5		
"3584.6592"	"3584.6592"	"3.29e+07"	B+	"21715.732"	"49604.427"	"3d7.(2G).4s"	"a 3G"	"5"	"3d7.(2G).4p"	"y 3H*"	"5"	11	11		
"3584.7855"	"3584.78629"	"1.56e+07"	B	"23110.939"	"50998.645"	"3d6.(5D).4s.4p.(3P*)"	"z 7F*"	"3"	"3d6.(5D).4s (6D).4d"	"f 7D"	"2"	7	5		
"3584.9574"	"3584.95740"	"6.74e+07"	B+	"26351.040"	"54237.415"	"3d7.(2H).4s"	"b 3H"	"5"	"3d6.(3G).4s.4p.(3P*)"	"t 3G*"	"4"	11	9		
"3585.1895"	"3585.1898"	"3.19e+06"	B	"23783.619"	"51668.186"	"3d6.4s2"	"b 3G"	"5"	"3d7.(2H).4p"	"u 3G*"	"4"	11	9		
"3585.3187"	"3585.31869"	"1.17e+07"	B+	"7728.060"	"35611.625"	"3d7.(4F).4s"	"a 5F"	"3"	"3d7.(4F).4p"	"z 5G*"	"3"	7	7		
"3585.7051"	"3585.70513"	"3.75e+06"	A	"7376.764"	"35257.324"	"3d7.(4F).4s"	"a 5F"	"4"	"3d7.(4F).4p"	"z 5G*"	"4"	9	9		
"3586.0039"	"3586.0044"	""		"31937.325"	"59815.558"	"3d6.(5D).4s.4p.(3P*)"	"z 3D*"	"1"	"3d6.4s.(4D).4d"	"3F"	"2"	3	5		
"3586.1124"	"3586.1135"	"7.02e+07"	B+	"26105.908"	"53983.293"	"3d7.(2H).4s"	"b 3H"	"6"	"3d6.(3G).4s.4p.(3P*)"	"t 3G*"	"5"	13	11		
"3586.738"	"3586.73845"	"3.62e+06"	C	"22650.416"	"50522.944"	"3d6.(5D).4s.4p.(3P*)"	"z 7F*"	"6"	"3d6.(5D).4s (6D).4d"	"e 5G"	"6"	13	13		
"3586.9845"	"3586.98438"	"1.66e+07"	B+	"7985.785"	"35856.402"	"3d7.(4F).4s"	"a 5F"	"2"	"3d7.(4F).4p"	"z 5G*"	"2"	5	5		
"3587.2390"	"3587.23885"	"7.73e+06"	C	"23110.939"	"50979.579"	"3d6.(5D).4s.4p.(3P*)"	"z 7F*"	"3"	"3d6.(5D).4s (6D).4d"	"e 5G"	"4"	7	9		
"3587.4228"	"3587.42306"	""		"19552.478"	"47419.687"	"3d6.4s2"	"a 3P2"	"1"	"3d6.(3P2).4s.4p.(3P*)"	"1D*"	"2"	3	5		
"3587.75156"	""	""		""	""	""	""	""	""	""	""				
"3588.5262"	"3588.52642"	"7.21e+06"	C	"23711.456"	"51570.097"	"3d6.(5D).4s.4p.(3P*)"	"z 7P*"	"4"	"3d6.(5D).4s (6D).4d"	"e 7S"	"3"	9	7		
"3588.6090"	"3588.60886"	"1.19e+07"	B	"22845.869"	"50703.870"	"3d6.(5D).4s.4p.(3P*)"	"z 7F*"	"5"	"3d6.(5D).4s (6D).4d"	"e 5G"	"5"	11	11		
"3588.9176"	"3588.91728"	"2.15e+07"	C+	"23192.500"	"51048.107"	"3d6.(5D).4s.4p.(3P*)"	"z 7F*"	"2"	"3d6.(5D).4s (6D).4d"	"f 7D"	"1"	5	3		
"3589.1048"	"3589.10463"	"3.61e+05"	A	"6928.268"	"34782.421"	"3d7.(4F).4s"	"a 5F"	"5"	"3d7.(4F).4p"	"z 5G*"	"5"	11	11		
"3589.4517"	"3589.45168"	"1.05e+07"	B	"21999.130"	"49850.590"	"3d7.(2G).4s"	"a 3G"	"4"	"3d7.(2G).4p"	"v 3G*"	"3"	9	7		
"3589.6052"	"3589.60351"	"9.28e+05"	C+	"24118.819"	"51969.101"	"3d6.4s2"	"b 3G"	"4"	"3d7.(2P).4p"	"u 3D*"	"3"	9	7		
"3590.0837"	"3590.0834"	"9.23e+05"	C+	"23783.619"	"51630.178"	"3d6.4s2"	"b 3G"	"5"	"3d6.(3H).4s.4p.(3P*)"	"1H*"	"5"	11	11		
"3591.3491"	"3591.34673"	"7.8e+05"	E	"22996.674"	"50833.438"	"3d6.(5D).4s.4p.(3P*)"	"z 7F*"	"4"	"3d6.(5D).4s (6D).4d"	"e 7F"	"5"	9	11		
"3591.4838"	"3591.48310"	"6.3e+06"	E	"26550.479"	"54386.186"	"3d6.(5D).4s.4p.(3P*)"	"z 5D*"	"0"	"3d7.(4F).4d"	"g 5F"	"1"	1	3		
"3592.4699"	"3592.47096"	"2.2e+05"	E	"20874.482"	"48702.535"	"3d6.4s2"	"b 3F2"	"3"	"3d6.(3H).4s.4p.(3P*)"	"y 1G*"	"4"	7	9		
"3592.6747"	"3592.67365"	"4.3e+06"	E	"26140.179"	"53966.662"	"3d6.(5D).4s.4p.(3P*)"	"z 5D*"	"3"	"3d7.(4F).4d"	"h 5D"	"2"	7	5		
"3592.892"	"3592.89367"	""		"17726.988"	"45551.767"	"3d7.(4P).4s"	"a 5P"	"2"	"3d6.(3P2).4s.4p.(3P*)"	"x 3D*"	"1"	5	3		
"3593.3225"	"3593.32450"	""		"26339.696"	"54161.139"	"3d6.(5D).4s.4p.(3P*)"	"z 5D*"	"2"	"3d7.(4F).4d"	"f 5G"	"3"	5	7		
"3594.6320"	"3594.63208"	"3.14e+07"	B+	"22996.674"	"50807.997"	"3d6.(5D).4s.4p.(3P*)"	"z 7F*"	"4"	"3d6.(5D).4s (6D).4d"	"f 7D"	"4"	9	9		
"3595.3011"	"3595.30148"	"8.21e+06"	B	"23192.500"	"50998.645"	"3d6.(5D).4s.4p.(3P*)"	"z 7F*"	"2"	"3d6.(5D).4s (6D).4d"	"f 7D"	"2"	5	5		
"3595.8643"	"3595.86378"	"4.14e+05"	D+	"19788.251"	"47590.048"	"3d6.4s2"	"a 3H"	"4"	"3d6.(3G).4s.4p.(3P*)"	"w 5G*"	"4"	9	9		
"3596.1957"	"3596.19686"	"4.32e+05"	B	"19621.006"	"47420.228"	"3d6.4s2"	"a 3H"	"5"	"3d6.(3G).4s.4p.(3P*)"	"w 5G*"	"5"	11	11		
"3597.0209"	"3597.02073"	"1.8e+07"	D	"26339.696"	"54132.551"	"3d6.(5D).4s.4p.(3P*)"	"z 5D*"	"2"	"3d7.(4F).4d"	"h 5D"	"1"	5	3		
"3597.0523"	"3597.0522"	""		"26224.969"	"54017.581"	"3d7.(2D2).4s"	"a 3D"	"3"	"3d7.(4F).5p"	"3G*"	"4"	7	9		
"3598.7170"	"3598.71779"	"3.1e+06"	D	"26224.969"	"54004.718"	"3d7.(2D2).4s"	"a 3D"	"3"	"3d6.(3D).4s.4p.(3P*)"	"t 5P*"	"3"	7	7		
"3598.929"	"3598.92871"	""		"26479.381"	"54257.502"	"3d6.(5D).4s.4p.(3P*)"	"z 5D*"	"1"	"3d7.(4F).4d"	"g 5F"	"2"	3	5		
"3598.9791"	"3598.9803"	""		"23270.384"	"51048.107"	"3d6.(5D).4s.4p.(3P*)"	"z 7F*"	"0"	"3d6.(5D).4s (6D).4d"	"f 7D"	"1"	1	3		
"3599.6249"	"3599.6249"	"2.33e+07"	B+	"28819.954"	"56592.703"	"3d7.(2H).4s"	"a 1H"	"5"	"3d6.(1G2).4s.4p.(3P*)"	"u 3F*"	"4"	11	9		
"3602.0825"	"3602.08167"	"3.2e+06"	D	"23244.838"	"50998.645"	"3d6.(5D).4s.4p.(3P*)"	"z 7F*"	"1"	"3d6.(5D).4s (6D).4d"	"f 7D"	"2"	3	5		
"3602.4619"	"3602.46200"	"1.02e+07"	B	"23110.939"	"50861.816"	"3d6.(5D).4s.4p.(3P*)"	"z 7F*"	"3"	"3d6.(5D).4s (6D).4d"	"f 7D"	"3"	7	7		
"3602.5252"	"3602.52548"	"2.12e+07"	C+	"23110.939"	"50861.327"	"3d6.(5D).4s.4p.(3P*)"	"z 7F*"	"3"	"3d6.(5D).4s (6D).4d"	"e 7P"	"2"	7	5		
"3602.7645"	"3602.7635"	""		"22838.323"	"50586.878"	"3d7.(4P).4s"	"b 3P"	"2"	"3d7.(2G).4p"	"z 1F*"	"3"	5	7		
"3603.0884"	"3603.0895"	""		"27559.583"	"55305.627"	"3d6.(5D).4s.4p.(3P*)"	"z 5F*"	"2"	"3d6.4s.(6D).6s"	"5D"	"1"	5	3		
"3603.2033"	"3603.20302"	"2.59e+07"	B+	"21715.732"	"49460.902"	"3d7.(2G).4s"	"a 3G"	"5"	"3d7.(2G).4p"	"v 3G*"	"5"	11	11		
"3603.5672"	"3603.5667"	""		"19621.006"	"47363.376"	"3d6.4s2"	"a 3H"	"5"	"3d6.(3G).4s.4p.(3P*)"	"w 5G*"	"6"	11	13		
"3603.6808"	"3603.68062"	"4.55e+05"	C	"20641.110"	"48382.603"	"3d6.4s2"	"b 3F2"	"4"	"3d7.(2G).4p"	"z 1H*"	"5"	9	11		
"3603.8177"	"3603.8175"	"1.70e+07"	C+	"24772.018"	"52512.457"	"3d7.(2P).4s"	"c 3P"	"1"	"3d7.(2P).4p"	"u 3D*"	"1"	3	3		
"3603.9412"	"3603.94253"	""		"27394.691"	"55134.168"	"3d6.(5D).4s.4p.(3P*)"	"z 5F*"	"3"	"3d6.4s.(6D).6s"	"5D"	"2"	7	5		
"3604.3713"	"3604.3717"	""		"23244.838"	"50981.012"	"3d6.(5D).4s.4p.(3P*)"	"z 7F*"	"1"	"3d6.(5D).4s (6D).4d"	"f 5D"	"0"	3	1		
"3605.201"	"3605.20077"	""		"26627.609"	"54357.405"	"3d7.(2H).4s"	"b 3H"	"4"	"3d7.(4F).5p"	"3G*"	"3"	9	7		
"3605.4525"	"3605.4525"	"4.66e+07"	B+	"21999.130"	"49726.990"	"3d7.(2G).4s"	"a 3G"	"4"	"3d7.(2G).4p"	"y 3H*"	"4"	9	9		
"3605.5004"	"3605.50035"	"2.12e+07"	B	"22650.416"	"50377.908"	"3d6.(5D).4s.4p.(3P*)"	"z 7F*"	"6"	"3d6.(5D).4s (6D).4d"	"f 7D"	"5"	13	11		
"3606.3757"	"3606.37441"	"1.73e+05"	C+	"20641.110"	"48361.882"	"3d6.4s2"	"b 3F2"	"4"	"3d6.(3G).4s.4p.(3P*)"	"y 5H*"	"4"	9	9		
"3606.5332"	"3606.53353"	"3.16e+06"	C+	"19552.478"	"47272.027"	"3d6.4s2"	"a 3P2"	"1"	"3d7.(4P).4p"	"w 3D*"	"1"	3	3		
"3606.5995"	"3606.5992"	""		"26623.735"	"54342.779"	"3d7.(2D2).4s"	"a 3D"	"2"	"3d7.(4F).5p"	"3D*"	"2"	5	5		
"3606.6791"	"3606.6790"	"8.29e+07"	B+	"21715.732"	"49434.163"	"3d7.(2G).4s"	"a 3G"	"5"	"3d7.(2G).4p"	"y 3H*"	"6"	11	13		
"3608.1414"	"3608.14151"	"6.22e+06"	C+	"22996.674"	"50703.870"	"3d6.(5D).4s.4p.(3P*)"	"z 7F*"	"4"	"3d6.(5D).4s (6D).4d"	"e 5G"	"5"	9	11		
"3608.1740"	"3608.17303"	""		"24118.819"	"51825.773"	"3d6.4s2"	"b 3G"	"4"	"3d7.(2H).4p"	"u 3G*"	"3"	9	7		
"3608.8591"	"3608.85895"	"8.13e+07"	A	"8154.714"	"35856.402"	"3d7.(4F).4s"	"a 5F"	"1"	"3d7.(4F).4p"	"z 5G*"	"2"	3	5		
"3609.3364"	"3609.33805"	""		"27166.820"	"54864.831"	"3d6.(5D).4s.4p.(3P*)"	"z 5F*"	"4"	"3d6.4s.(6D).6s"	"5D"	"3"	9	7		
"3610.1588"	"3610.15895"	"5.90e+07"	C+	"22650.416"	"50342.129"	"3d6.(5D).4s.4p.(3P*)"	"z 7F*"	"6"	"3d6.(5D).4s (6D).4d"	"e 7F"	"6"	13	13		
"3610.2783"	"3610.27851"	""		"26140.179"	"53830.975"	"3d6.(5D).4s.4p.(3P*)"	"z 5D*"	"3"	"3d7.(4F).4d"	"g 5F"	"3"	7	7		
"3610.6944"	"3610.69500"	"1.05e+07"	C+	"23192.500"	"50880.102"	"3d6.(5D).4s.4p.(3P*)"	"z 7F*"	"2"	"3d6.(5D).4s (6D).4d"	"f 5D"	"1"	5	3		
"3612.0684"	"3612.06836"	"1.11e+07"	B	"22845.869"	"50522.944"	"3d6.(5D).4s.4p.(3P*)"	"z 7F*"	"5"	"3d6.(5D).4s (6D).4d"	"e 5G"	"6"	11	13		
"3612.936"	"3612.92668"	""		"17550.181"	"45220.681"	"3d7.(4P).4s"	"a 5P"	"3"	"3d6.(3P2).4s.4p.(3P*)"	"x 3D*"	"3"	7	7		
"3612.936"	"3612.93947"	""		"12560.934"	"40231.336"	"3d7.(4F).4s"	"a 3F"	"3"	"3d6.(5D).4s.4p.(1P*)"	"x 5D*"	"2"	7	5		
"3613.1445"	"3613.14514"	"3.39e+06"	C	"23192.500"	"50861.327"	"3d6.(5D).4s.4p.(3P*)"	"z 7F*"	"2"	"3d6.(5D).4s (6D).4d"	"e 7P"	"2"	5	5		
"3613.443"	"3613.44160"	"7.0e+06"	E	"26224.969"	"53891.526"	"3d7.(2D2).4s"	"a 3D"	"3"	"3d6.(3D).4s.4p.(3P*)"	"5D*"	"3"	7	7		
"3613.443"	"3613.4437"	""		"26351.040"	"54017.581"	"3d7.(2H).4s"	"b 3H"	"5"	"3d7.(4F).5p"	"3G*"	"4"	11	9		
"3613.6059"	"3613.60592"	""		"26623.735"	"54289.034"	"3d7.(2D2).4s"	"a 3D"	"2"	"3d7.(4F).5p"	"3F*"	"3"	5	7		
"3613.7157"	"3613.71473"	""		"19788.251"	"47452.717"	"3d6.4s2"	"a 3H"	"4"	"3d7.(2G).4p"	"z 1G*"	"4"	9	9		
"3614.1120"	"3614.11202"	""		"26627.609"	"54289.034"	"3d7.(2H).4s"	"b 3H"	"4"	"3d7.(4F).5p"	"3F*"	"3"	9	7		
"3614.5554"	"3614.5557"	""		"31307.245"	"58965.275"	"3d6.(5D).4s.4p.(3P*)"	"z 3F*"	"4"	"3d6.4s.(4D).4d"	"3G"	"4"	9	9		
"3614.7119"	"3614.7116"	""		"26224.969"	"53881.806"	"3d7.(2D2).4s"	"a 3D"	"3"	"3d6.(3D).4s.4p.(3P*)"	"5F*"	"4"	7	9		
"3614.7721"	"3614.77184"	"2.67e+06"	C+	"24180.862"	"51837.238"	"3d6.(5D).4s.4p.(3P*)"	"z 7P*"	"3"	"3d6.(5D).4s (6D).4d"	"e 5P"	"3"	7	7		
"3615.1909"	"3615.19093"	"6.1e+06"	D	"26479.381"	"54132.551"	"3d6.(5D).4s.4p.(3P*)"	"z 5D*"	"1"	"3d7.(4F).4d"	"h 5D"	"1"	3	3		
""	"3615.66230"	"1.12e+05"	E	"11976.239"	"39625.804"	"3d7.(4F).4s"	"a 3F"	"4"	"3d6.(5D).4s.4p.(1P*)"	"x 5D*"	"4"	9	9		
"3616.1481"	"3616.14896"	""		"25899.989"	"53545.833"	"3d6.(5D).4s.4p.(3P*)"	"z 5D*"	"4"	"3d7.(4F).4d"	"h 5D"	"3"	9	7		
"3616.3197"	"3616.32059"	"6.86e+05"	C+	"19552.478"	"47197.010"	"3d6.4s2"	"a 3P2"	"1"	"3d6.(3F2).4s.4p.(3P*)"	"x 3F*"	"2"	3	5		
"3616.5650"	"3616.5652"	""		"31322.613"	"58965.275"	"3d6.(5D).4s.4p.(3P*)"	"z 3D*"	"3"	"3d6.4s.(4D).4d"	"3G"	"4"	7	9		
"3617.4261"	"3617.4290"	""		"26406.465"	"54042.527"	"3d7.(2D2).4s"	"a 3D"	"1"	"3d7.(4F).5p"	"5F*"	"2"	3	5		
"3617.7858"	"3617.78596"	"7.09e+07"	B	"24335.766"	"51969.101"	"3d7.(2P).4s"	"c 3P"	"2"	"3d7.(2P).4p"	"u 3D*"	"3"	5	7		
"3617.9625"	"3617.96376"	""		"19788.251"	"47420.228"	"3d6.4s2"	"a 3H"	"4"	"3d6.(3G).4s.4p.(3P*)"	"w 5G*"	"5"	9	11		
"3618.2987"	"3618.29873"	"4.89e+06"	C+	"22845.869"	"50475.288"	"3d6.(5D).4s.4p.(3P*)"	"z 7F*"	"5"	"3d6.(5D).4s (6D).4d"	"e 7P"	"4"	11	9		
"3618.386"	"3618.37980"	""		"26140.179"	"53768.979"	"3d6.(5D).4s.4p.(3P*)"	"z 5D*"	"3"	"3d7.(4F).4d"	"f 5G"	"4"	7	9		
"3618.386"	"3618.38582"	"8.88e+06"	B+	"21999.130"	"49627.884"	"3d7.(2G).4s"	"a 3G"	"4"	"3d7.(2G).4p"	"v 3G*"	"4"	9	9		
"3618.5968"	"3618.59656"	""		"26224.969"	"53852.114"	"3d7.(2D2).4s"	"a 3D"	"3"	"3d7.(4F).5p"	"5G*"	"4"	7	9		
"3618.7677"	"3618.76750"	"7.22e+07"	B+	"7985.785"	"35611.625"	"3d7.(4F).4s"	"a 5F"	"2"	"3d7.(4F).4p"	"z 5G*"	"3"	5	7		
"3618.8123"	"3618.8114"	""		"23783.619"	"51409.124"	"3d6.4s2"	"b 3G"	"5"	"3d6.(3G).4s.4p.(3P*)"	"x 3H*"	"4"	11	9		
"3619.7685"	"3619.76819"	"2.81e+05"	C+	"19390.168"	"47008.371"	"3d6.4s2"	"a 3H"	"6"	"3d6.(3H).4s.4p.(3P*)"	"z 3H*"	"5"	13	11		
"3620.240"	"3620.24220"	"1.3e+06"	E	"22996.674"	"50611.261"	"3d6.(5D).4s.4p.(3P*)"	"z 7F*"	"4"	"3d6.(5D).4s (6D).4d"	"e 7P"	"3"	9	7		
"3620.4654"	"3620.46574"	""		"26224.969"	"53837.851"	"3d7.(2D2).4s"	"a 3D"	"3"	"3d7.(4F).5p"	"3D*"	"3"	7	7		
"3621.196"	"3621.19504"	""		"26140.179"	"53747.500"	"3d6.(5D).4s.4p.(3P*)"	"z 5D*"	"3"	"3d7.(4F).4d"	"f 3D"	"3"	7	7		
"3621.4604"	"3621.4605"	"4.45e+07"	B+	"21999.130"	"49604.427"	"3d7.(2G).4s"	"a 3G"	"4"	"3d7.(2G).4p"	"y 3H*"	"5"	9	11		
"3621.7188"	"3621.7188"	"1.07e+07"	C+	"28819.954"	"56423.283"	"3d7.(2H).4s"	"a 1H"	"5"	"3d6.(1I).4s.4p.(3P*)"	"u 3H*"	"4"	11	9		
"3622.0031"	"3622.00323"	"5.14e+07"	B+	"22249.429"	"49850.590"	"3d7.(2G).4s"	"a 3G"	"3"	"3d7.(2G).4p"	"v 3G*"	"3"	7	7		
"3623.1858"	"3623.1859"	"6.68e+06"	B+	"19390.168"	"46982.320"	"3d6.4s2"	"a 3H"	"6"	"3d6.(3H).4s.4p.(3P*)"	"z 3H*"	"6"	13	13		
"3623.4463"	"3623.44616"	"1.15e+06"	B	"20641.110"	"48231.280"	"3d6.4s2"	"b 3F2"	"4"	"3d6.(3G).4s.4p.(3P*)"	"y 5H*"	"5"	9	11		
"3623.7728"	"3623.77308"	""		"23110.939"	"50698.620"	"3d6.(5D).4s.4p.(3P*)"	"z 7F*"	"3"	"3d6.(5D).4s (6D).4d"	"f 5D"	"2"	7	5		
"3624.0618"	"3624.05907"	""		"26339.696"	"53925.200"	"3d6.(5D).4s.4p.(3P*)"	"z 5D*"	"2"	"3d7.(4F).4d"	"f 5P"	"1"	5	3		
"3624.3077"	"3624.30844"	"1.02e+06"	C+	"19552.478"	"47136.084"	"3d6.4s2"	"a 3P2"	"1"	"3d7.(4P).4p"	"w 3D*"	"2"	3	5		
"3625.1415"	"3625.14143"	"8.15e+06"	C+	"22845.869"	"50423.137"	"3d6.(5D).4s.4p.(3P*)"	"z 7F*"	"5"	"3d6.(5D).4s (6D).4d"	"f 5D"	"4"	11	9		
"3627.0560"	"3627.0565"	"1.98e+06"	D+	"28819.954"	"56382.662"	"3d7.(2H).4s"	"a 1H"	"5"	"3d6.(1I).4s.4p.(3P*)"	"u 3H*"	"5"	11	11		
"3628.0914"	"3628.09150"	"5.76e+05"	C+	"17726.988"	"45281.833"	"3d7.(4P).4s"	"a 5P"	"2"	"3d6.(3P2).4s.4p.(3P*)"	"x 3D*"	"2"	5	5		
"3628.8103"	"3628.8129"	"3.50e+05"	C	"24118.819"	"51668.186"	"3d6.4s2"	"b 3G"	"4"	"3d7.(2H).4p"	"u 3G*"	"4"	9	9		
"3630.3475"	"3630.34738"	"1.04e+07"	B	"22996.674"	"50534.397"	"3d6.(5D).4s.4p.(3P*)"	"z 7F*"	"4"	"3d6.(5D).4s (6D).4d"	"f 5D"	"3"	9	7		
"3631.0968"	"3631.09689"	"2.15e+07"	B	"22845.869"	"50377.908"	"3d6.(5D).4s.4p.(3P*)"	"z 7F*"	"5"	"3d6.(5D).4s (6D).4d"	"f 7D"	"5"	11	11		
"3631.2640"	"3631.2648"	""		"26351.040"	"53881.806"	"3d7.(2H).4s"	"b 3H"	"5"	"3d6.(3D).4s.4p.(3P*)"	"5F*"	"4"	11	9		
"3631.4629"	"3631.46292"	"5.17e+07"	A	"7728.060"	"35257.324"	"3d7.(4F).4s"	"a 5F"	"3"	"3d7.(4F).4p"	"z 5G*"	"4"	7	9		
"3632.0386"	"3632.0384"	"6.74e+07"	B	"24772.018"	"52296.920"	"3d7.(2P).4s"	"c 3P"	"1"	"3d7.(2P).4p"	"u 3D*"	"2"	3	5		
"3632.5551"	"3632.55538"	"5.69e+06"	D	"23783.619"	"51304.604"	"3d6.4s2"	"b 3G"	"5"	"3d7.(2D2).4p"	"v 3F*"	"4"	11	9		
"3632.9767"	"3632.9766"	"6.06e+06"	B	"20037.816"	"47555.610"	"3d6.4s2"	"a 3P2"	"0"	"3d7.(4P).4p"	"y 3S*"	"1"	1	3		
"3633.0688"	"3633.06866"	"3.54e+06"	B	"23711.456"	"51228.553"	"3d6.(5D).4s.4p.(3P*)"	"z 7P*"	"4"	"3d6.(5D).4s (6D).4d"	"e 7G"	"5"	9	11		
"3633.8266"	"3633.8264"	"1.58e+06"	C+	"24118.819"	"51630.178"	"3d6.4s2"	"b 3G"	"4"	"3d6.(3H).4s.4p.(3P*)"	"1H*"	"5"	9	11		
"3633.885"	"3633.8844"	""		"26623.735"	"54134.655"	"3d7.(2D2).4s"	"a 3D"	"2"	"3d7.(4F).5p"	"5G*"	"3"	5	7		
"3634.1879"	"3634.1876"	""		"26224.969"	"53733.594"	"3d7.(2D2).4s"	"a 3D"	"3"	"3d6.(3D).4s.4p.(3P*)"	"5F*"	"3"	7	7		
"3634.1879"	"3634.1886"	""		"31322.613"	"58831.230"	"3d6.(5D).4s.4p.(3P*)"	"z 3D*"	"3"	""	"58831e"	"3"	7	7		
"3634.3275"	"3634.32842"	"1.05e+07"	B+	"23711.456"	"51219.015"	"3d6.(5D).4s.4p.(3P*)"	"z 7P*"	"4"	"3d6.(5D).4s (6D).4d"	"e 5G"	"3"	9	7		
"3634.3962"	"3634.3962"	""		"26627.609"	"54134.655"	"3d7.(2H).4s"	"b 3H"	"4"	"3d7.(4F).5p"	"5G*"	"3"	9	7		
"3634.461"	"3634.4611"	""		"26406.465"	"53913.020"	"3d7.(2D2).4s"	"a 3D"	"1"	"3d6.(3D).4s.4p.(3P*)"	"5D*"	"2"	3	5		
"3634.6967"	"3634.697"	""		"31307.245"	"58812.015"	"3d6.(5D).4s.4p.(3P*)"	"z 3F*"	"4"	"3d7.(4F).5d"	"3G"	"5"	9	11		
"3635.1849"	"3635.18545"	""		"26351.040"	"53852.114"	"3d7.(2H).4s"	"b 3H"	"5"	"3d7.(4F).5p"	"5G*"	"4"	11	9		
"3636.161"	"3636.16139"	"9.78e+05"	B	"17726.988"	"45220.681"	"3d7.(4P).4s"	"a 5P"	"2"	"3d6.(3P2).4s.4p.(3P*)"	"x 3D*"	"3"	5	7		
"3636.161"	"3636.16258"	""		"25899.989"	"53393.673"	"3d6.(5D).4s.4p.(3P*)"	"z 5D*"	"4"	"3d7.(4F).4d"	"g 5F"	"4"	9	9		
"3636.2233"	"3636.2236"	"2.20e+07"	B	"28604.613"	"56097.836"	"3d7.(2D2).4s"	"a 1D"	"2"	"3d6.(3G).4s.4p.(3P*)"	"1F*"	"3"	5	7		
"3636.4808"	"3636.48069"	""		"26339.696"	"53830.975"	"3d6.(5D).4s.4p.(3P*)"	"z 5D*"	"2"	"3d7.(4F).4d"	"g 5F"	"3"	5	7		
"3636.6488"	"3636.64896"	"2.97e+06"	B	"24335.766"	"51825.773"	"3d7.(2P).4s"	"c 3P"	"2"	"3d7.(2H).4p"	"u 3G*"	"3"	5	7		
"3636.9939"	"3636.99388"	"1.96e+06"	B	"20874.482"	"48361.882"	"3d6.4s2"	"b 3F2"	"3"	"3d6.(3G).4s.4p.(3P*)"	"y 5H*"	"4"	7	9		
"3637.0455"	"3637.04601"	""		"24338.767"	"51825.773"	"3d6.4s2"	"b 3G"	"3"	"3d7.(2H).4p"	"u 3G*"	"3"	7	7		
"3637.2484"	"3637.24821"	"8.98e+05"	C+	"19621.006"	"47106.484"	"3d6.4s2"	"a 3H"	"5"	"3d6.(3H).4s.4p.(3P*)"	"z 3H*"	"4"	11	9		
"3637.7340"	"3637.73263"	""		"20641.110"	"48122.928"	"3d6.4s2"	"b 3F2"	"4"	"3d6.(3G).4s.4p.(3P*)"	"v 5F*"	"3"	9	7		
"3637.8673"	"3637.86514"	"5.9e+06"	D	"23711.456"	"51192.273"	"3d6.(5D).4s.4p.(3P*)"	"z 7P*"	"4"	"3d6.(5D).4s (6D).4d"	"e 7F"	"4"	9	9		
"3638.1576"	"3638.15680"	""		"22996.674"	"50475.288"	"3d6.(5D).4s.4p.(3P*)"	"z 7F*"	"4"	"3d6.(5D).4s (6D).4d"	"e 7P"	"4"	9	9		
"3638.2384"	"3638.23849"	"4.84e+05"	C	"21999.130"	"49477.127"	"3d7.(2G).4s"	"a 3G"	"4"	"3d6.(3F2).4s.4p.(3P*)"	"1F*"	"3"	9	7		
"3638.2962"	"3638.2962"	"2.36e+07"	B+	"22249.429"	"49726.990"	"3d7.(2G).4s"	"a 3G"	"3"	"3d7.(2G).4p"	"y 3H*"	"4"	7	9		
"3640.3883"	"3640.38810"	"3.57e+07"	B+	"21999.130"	"49460.902"	"3d7.(2G).4s"	"a 3G"	"4"	"3d7.(2G).4p"	"v 3G*"	"5"	9	11		
"3643.623"	"3643.62292"	""		"23711.456"	"51148.848"	"3d6.(5D).4s.4p.(3P*)"	"z 7P*"	"4"	"3d6.(5D).4s (6D).4d"	"e 7F"	"3"	9	7		
"3643.7151"	"3643.7150"	"2.61e+06"	B	"21038.987"	"48475.686"	"3d6.4s2"	"b 3F2"	"2"	"3d6.(3G).4s.4p.(3P*)"	"y 5H*"	"3"	5	7		
"3643.7935"	"3643.79318"	""		"26224.969"	"53661.079"	"3d7.(2D2).4s"	"a 3D"	"3"	"3d7.(4F).5p"	"5F*"	"3"	7	7		
"3644.585"	"3644.58346"	""		"20874.482"	"48304.643"	"3d6.4s2"	"b 3F2"	"3"	"3d7.(4P).4p"	"x 3P*"	"2"	7	5		
"3644.7949"	"3644.79460"	"8.3e+06"	E	"26140.179"	"53568.751"	"3d6.(5D).4s.4p.(3P*)"	"z 5D*"	"3"	"3d7.(4F).4d"	"f 5P"	"2"	7	5		
"3645.0745"	"3645.07488"	"2.91e+06"	D+	"22996.674"	"50423.137"	"3d6.(5D).4s.4p.(3P*)"	"z 7F*"	"4"	"3d6.(5D).4s (6D).4d"	"f 5D"	"4"	9	9		
"3645.4937"	"3645.49412"	""		"24338.767"	"51762.076"	"3d6.4s2"	"b 3G"	"3"	"3d6.(3H).4s.4p.(3P*)"	"x 1D*"	"2"	7	5		
"3645.8199"	"3645.8200"	"4.87e+07"	C+	"25091.599"	"52512.457"	"3d7.(2P).4s"	"c 3P"	"0"	"3d7.(2P).4p"	"u 3D*"	"1"	1	3		
""	"3647.40810"	""		"12560.934"	"39969.853"	"3d7.(4F).4s"	"a 3F"	"3"	"3d6.(5D).4s.4p.(1P*)"	"x 5D*"	"3"	7	7		
"3647.4236"	"3647.4237"	"3.38e+07"	B	"24772.018"	"52180.820"	"3d7.(2P).4s"	"c 3P"	"1"	"3d7.(2P).4p"	"1P*"	"1"	3	3		
"3647.843"	"3647.84225"	"2.91e+07"	A	"7376.764"	"34782.421"	"3d7.(4F).4s"	"a 5F"	"4"	"3d7.(4F).4p"	"z 5G*"	"5"	9	11		
"3647.843"	"3647.84265"	""		"26140.179"	"53545.833"	"3d6.(5D).4s.4p.(3P*)"	"z 5D*"	"3"	"3d7.(4F).4d"	"h 5D"	"3"	7	7		
"3649.3027"	"3649.30251"	"4.50e+04"	C+	"0.000"	"27394.691"	"3d6.4s2"	"a 5D"	"4"	"3d6.(5D).4s.4p.(3P*)"	"z 5F*"	"3"	9	7		
"3649.3329"	"3649.33514"	"1.31e+06"	D+	"24574.655"	"51969.101"	"3d7.(2G).4s"	"a 1G"	"4"	"3d7.(2P).4p"	"u 3D*"	"3"	9	7		
"3649.5061"	"3649.50594"	"3.94e+07"	B	"21715.732"	"49108.896"	"3d7.(2G).4s"	"a 3G"	"5"	"3d7.(2G).4p"	"w 3F*"	"4"	11	9		
"3650.0294"	"3650.02947"	"2.26e+07"	B+	"24180.862"	"51570.097"	"3d6.(5D).4s.4p.(3P*)"	"z 7P*"	"3"	"3d6.(5D).4s (6D).4d"	"e 7S"	"3"	7	7		
"3650.279"	"3650.27870"	"6.15e+06"	B	"19621.006"	"47008.371"	"3d6.4s2"	"a 3H"	"5"	"3d6.(3H).4s.4p.(3P*)"	"z 3H*"	"5"	11	11		
"3651.0973"	"3651.09607"	"7.72e+05"	C	"22996.674"	"50377.908"	"3d6.(5D).4s.4p.(3P*)"	"z 7F*"	"4"	"3d6.(5D).4s (6D).4d"	"f 7D"	"5"	9	11		
"3651.4667"	"3651.46668"	"5.83e+07"	B+	"22249.429"	"49627.884"	"3d7.(2G).4s"	"a 3G"	"3"	"3d7.(2G).4p"	"v 3G*"	"4"	7	9		
"3653.7543"	"3653.7543"	"6.12e+05"	C+	"19621.006"	"46982.320"	"3d6.4s2"	"a 3H"	"5"	"3d6.(3H).4s.4p.(3P*)"	"z 3H*"	"6"	11	13		
"3653.9664"	"3653.9686"	""		"31322.613"	"58682.322"	"3d6.(5D).4s.4p.(3P*)"	"z 3D*"	"3"	"3d6.4s.(4D).4d"	"3D"	"3"	7	7		
"3654.6738"	"3654.67099"	"1.6e+05"	D	"17927.382"	"45281.833"	"3d7.(4P).4s"	"a 5P"	"1"	"3d6.(3P2).4s.4p.(3P*)"	"x 3D*"	"2"	3	5		
"3655.3511"	"3655.35211"	""		"19552.478"	"46901.832"	"3d6.4s2"	"a 3P2"	"1"	"3d6.(3P2).4s.4p.(3P*)"	"y 3P*"	"1"	3	3		
"3655.4647"	"3655.46479"	"1.18e+07"	B	"22838.323"	"50186.834"	"3d7.(4P).4s"	"b 3P"	"2"	"3d7.(2P).4p"	"w 3P*"	"2"	5	5		
"3656.2095"	"3656.2096"	""		"26406.465"	"53749.405"	"3d7.(2D2).4s"	"a 3D"	"1"	"3d6.(3G).4s.4p.(3P*)"	"3F*"	"2"	3	5		
"3656.348"	"3656.34907"	""		"23192.500"	"50534.397"	"3d6.(5D).4s.4p.(3P*)"	"z 7F*"	"2"	"3d6.(5D).4s (6D).4d"	"f 5D"	"3"	5	7		
"3657.1327"	"3657.13263"	"1.22e+06"	C+	"19552.478"	"46888.517"	"3d6.4s2"	"a 3P2"	"1"	"3d7.(4P).4p"	"u 5D*"	"2"	3	5		
"3657.8982"	"3657.89779"	"3.23e+06"	C+	"24506.917"	"51837.238"	"3d6.(5D).4s.4p.(3P*)"	"z 7P*"	"2"	"3d6.(5D).4s (6D).4d"	"e 5P"	"3"	5	7		
"3658.0200"	"3658.0185"	"5.63e+05"	C+	"24338.767"	"51668.186"	"3d6.4s2"	"b 3G"	"3"	"3d7.(2H).4p"	"u 3G*"	"4"	7	9		
"3659.5166"	"3659.51641"	"6.31e+06"	B	"19788.251"	"47106.484"	"3d6.4s2"	"a 3H"	"4"	"3d6.(3H).4s.4p.(3P*)"	"z 3H*"	"4"	9	9		
"3659.7333"	"3659.7333"	""		"26406.465"	"53723.079"	"3d7.(2D2).4s"	"a 3D"	"1"	"3d6.(3D).4s.4p.(3P*)"	"5F*"	"2"	3	5		
"3660.326"	"3660.32505"	""		"23110.939"	"50423.137"	"3d6.(5D).4s.4p.(3P*)"	"z 7F*"	"3"	"3d6.(5D).4s (6D).4d"	"f 5D"	"4"	7	9		
"3661.3632"	"3661.36227"	"2.8e+05"	D	"19788.251"	"47092.712"	"3d6.4s2"	"a 3H"	"4"	"3d6.(3F2).4s.4p.(3P*)"	"x 3F*"	"3"	9	7		
"3662.8373"	"3662.8365"	""		"31686.351"	"58979.823"	"3d6.(5D).4s.4p.(3P*)"	"z 3D*"	"2"	"3d6.4s.(4D).4d"	"3D"	"2"	5	5		
"3663.2589"	"3663.2615"	"1.11e+06"	E	"24118.819"	"51409.124"	"3d6.4s2"	"b 3G"	"4"	"3d6.(3G).4s.4p.(3P*)"	"x 3H*"	"4"	9	9		
"3663.4511"	"3663.45189"	"1.10e+06"	C+	"20641.110"	"47929.997"	"3d6.4s2"	"b 3F2"	"4"	"3d6.(3G).4s.4p.(3P*)"	"v 5F*"	"4"	9	9		
"3663.9600"	"3663.9605"	""		"23783.619"	"51068.718"	"3d6.4s2"	"b 3G"	"5"	"3d6.(3G).4s.4p.(3P*)"	"x 3H*"	"5"	11	11		
"3664.5371"	"3664.53682"	"4.68e+06"	B	"24180.862"	"51461.670"	"3d6.(5D).4s.4p.(3P*)"	"z 7P*"	"3"	"3d6.(5D).4s (6D).4d"	"f 5F"	"4"	7	9		
"3664.6911"	"3664.69158"	"8.80e+05"	C	"24180.862"	"51460.518"	"3d6.(5D).4s.4p.(3P*)"	"z 7P*"	"3"	"3d6.(5D).4s (6D).4d"	"e 7G"	"3"	7	7		
"3666.241"	"3666.23984"	"3.87e+06"	C+	"19621.006"	"46889.142"	"3d6.4s2"	"a 3H"	"5"	"3d6.(3F2).4s.4p.(3P*)"	"x 3F*"	"4"	11	9		
"3666.241"	"3666.24159"	""		"23711.456"	"50979.579"	"3d6.(5D).4s.4p.(3P*)"	"z 7P*"	"4"	"3d6.(5D).4s (6D).4d"	"e 5G"	"4"	9	9		
"3666.7667"	"3666.7628"	""		"27543.003"	"54807.250"	"3d7.(2P).4s"	"a 1P"	"1"	"3d7.(4F).5p"	"3D*"	"1"	3	3		
"3667.2529"	"3667.25284"	"1.3e+07"	D	"25899.989"	"53160.593"	"3d6.(5D).4s.4p.(3P*)"	"z 5D*"	"4"	"3d7.(4F).4d"	"f 5P"	"3"	9	7		
"3667.986"	"3667.98590"	""		"25899.989"	"53155.145"	"3d6.(5D).4s.4p.(3P*)"	"z 5D*"	"4"	"3d7.(4F).4d"	"h 5D"	"4"	9	9		
"3667.986"	"3667.99465"	""		"24118.819"	"51373.910"	"3d6.4s2"	"b 3G"	"4"	"3d7.(2H).4p"	"u 3G*"	"5"	9	11		
"3668.210"	"3668.20959"	"3.2e+06"	E	"26140.179"	"53393.673"	"3d6.(5D).4s.4p.(3P*)"	"z 5D*"	"3"	"3d7.(4F).4d"	"g 5F"	"4"	7	9		
"3668.8919"	"3668.88918"	"2.7e+05"	E	"20874.482"	"48122.928"	"3d6.4s2"	"b 3F2"	"3"	"3d6.(3G).4s.4p.(3P*)"	"v 5F*"	"3"	7	7		
"3669.1516"	"3669.15230"	"8.03e+06"	D	"24118.819"	"51365.311"	"3d6.4s2"	"b 3G"	"4"	"3d7.(2D2).4p"	"v 3F*"	"3"	9	7		
"3669.5209"	"3669.52079"	"2.34e+07"	B	"21999.130"	"49242.886"	"3d7.(2G).4s"	"a 3G"	"4"	"3d7.(2G).4p"	"w 3F*"	"3"	9	7		
"3670.0241"	"3670.02435"	"8.60e+06"	B	"22946.816"	"50186.834"	"3d7.(4P).4s"	"b 3P"	"1"	"3d7.(2P).4p"	"w 3P*"	"2"	3	5		
"3670.0881"	"3670.0884"	"7.20e+06"	D+	"23783.619"	"51023.162"	"3d6.4s2"	"b 3G"	"5"	"3d6.(3G).4s.4p.(3P*)"	"x 3H*"	"6"	11	13		
"3670.8072"	"3670.8069"	"1.83e+06"	C+	"20037.816"	"47272.027"	"3d6.4s2"	"a 3P2"	"0"	"3d7.(4P).4p"	"w 3D*"	"1"	1	3		
"3671.6876"	"3671.68501"	"6.47e+05"	C+	"22249.429"	"49477.127"	"3d7.(2G).4s"	"a 3G"	"3"	"3d6.(3F2).4s.4p.(3P*)"	"1F*"	"3"	7	7		
"3672.7072"	"3672.70722"	"3.48e+05"	C+	"19788.251"	"47008.371"	"3d6.4s2"	"a 3H"	"4"	"3d6.(3H).4s.4p.(3P*)"	"z 3H*"	"5"	9	11		
"3673.0820"	"3673.0828"	""		"31937.325"	"59154.662"	"3d6.(5D).4s.4p.(3P*)"	"z 3D*"	"1"	"3d6.4s.(4D).4d"	"3S"	"1"	3	3		
"3674.0404"	"3674.04054"	""		"26627.609"	"53837.851"	"3d7.(2H).4s"	"b 3H"	"4"	"3d7.(4F).5p"	"3D*"	"3"	9	7		
"3674.4061"	"3674.4068"	""		"26105.908"	"53313.438"	"3d7.(2H).4s"	"b 3H"	"6"	"3d6.(3G).4s.4p.(3P*)"	"y 1H*"	"5"	13	11		
"3674.7634"	"3674.76335"	"7.91e+06"	B	"22838.323"	"50043.213"	"3d7.(4P).4s"	"b 3P"	"2"	"3d7.(2P).4p"	"w 3P*"	"1"	5	3		
"3676.3107"	"3676.31068"	"4.63e+06"	C+	"20641.110"	"47834.550"	"3d6.4s2"	"b 3F2"	"4"	"3d6.(3F2).4s.4p.(3P*)"	"x 3G*"	"5"	9	11		
"3676.8723"	"3676.87277"	"2.5e+06"	D	"24180.862"	"51370.145"	"3d6.(5D).4s.4p.(3P*)"	"z 7P*"	"3"	"3d6.(5D).4s (6D).4d"	"e 5G"	"2"	7	5		
"3677.3059"	"3677.3056"	"2.28e+07"	C+	"28604.613"	"55790.696"	"3d7.(2D2).4s"	"a 1D"	"2"	"3d6.(1G2).4s.4p.(3P*)"	"s 3G*"	"3"	5	7		
"3677.4536"	"3677.4534"	""		"31307.245"	"58492.235"	"3d6.(5D).4s.4p.(3P*)"	"z 3F*"	"4"	"3d6.4s.(4D).4d"	"3G"	"5"	9	11		
"3677.5035"	"3677.5033"	""		"26623.735"	"53808.356"	"3d7.(2D2).4s"	"a 3D"	"2"	"3d7.(2P).4p"	"x 3S*"	"1"	5	3		
"3677.6274"	"3677.6277"	"6.08e+07"	B	"22249.429"	"49433.131"	"3d7.(2G).4s"	"a 3G"	"3"	"3d7.(2G).4p"	"w 3F*"	"2"	7	5		
"3678.8601"	"3678.86005"	"4.59e+06"	B	"19552.478"	"46727.074"	"3d6.4s2"	"a 3P2"	"1"	"3d6.(3P2).4s.4p.(3P*)"	"y 3P*"	"2"	3	5		
""	"3678.99747"	"7.22e+05"	C+	"18378.186"	"45551.767"	"3d6.4s2"	"a 3P2"	"2"	"3d6.(3P2).4s.4p.(3P*)"	"x 3D*"	"1"	5	3		
"3679.3459"	"3679.34587"	""		"20641.110"	"47812.118"	"3d6.4s2"	"b 3F2"	"4"	"3d6.(3F2).4s.4p.(3P*)"	"x 3G*"	"4"	9	9		
"3679.9131"	"3679.91309"	"1.38e+06"	A	"0.000"	"27166.820"	"3d6.4s2"	"a 5D"	"4"	"3d6.(5D).4s.4p.(3P*)"	"z 5F*"	"4"	9	9		
"3680.3777"	"3680.3786"	""		"27543.003"	"54706.387"	"3d7.(2P).4s"	"a 1P"	"1"	"3d7.(4F).5p"	"3F*"	"2"	3	5		
"3680.657"	"3680.65705"	""		"25899.989"	"53061.318"	"3d6.(5D).4s.4p.(3P*)"	"z 5D*"	"4"	"3d7.(4F).4d"	"g 5F"	"5"	9	11		
"3680.8094"	"3680.8095"	""		"31805.071"	"58965.275"	"3d6.(5D).4s.4p.(3P*)"	"z 3F*"	"3"	"3d6.4s.(4D).4d"	"3G"	"4"	7	9		
"3680.9390"	"3680.9399"	""		"31322.613"	"58481.855"	"3d6.(5D).4s.4p.(3P*)"	"z 3D*"	"3"	"3d6.4s.(4D).4d"	"5P"	"3"	7	7		
"3681.2250"	"3681.2247"	""		"26627.609"	"53784.750"	"3d7.(2H).4s"	"b 3H"	"4"	"3d7.(4F).5p"	"5D*"	"3"	9	7		
"3681.6437"	"3681.64385"	"1.67e+06"	C	"24180.862"	"51334.911"	"3d6.(5D).4s.4p.(3P*)"	"z 7P*"	"3"	"3d6.(5D).4s (6D).4d"	"e 7G"	"4"	7	9		
"3682.1673"	"3682.16716"	"1.04e+07"	B	"24180.862"	"51331.052"	"3d6.(5D).4s.4p.(3P*)"	"z 7P*"	"3"	"3d6.(5D).4s (6D).4d"	"e 7F"	"2"	7	5		
"3682.244"	"3682.2445"	"1.5e+08"	C+	"28604.613"	"55754.233"	"3d7.(2D2).4s"	"a 1D"	"2"	"3d7.(2D2).4p"	"w 1D*"	"2"	5	5		
"3683.0545"	"3683.05437"	"2.65e+05"	B+	"415.933"	"27559.583"	"3d6.4s2"	"a 5D"	"3"	"3d6.(5D).4s.4p.(3P*)"	"z 5F*"	"2"	7	5		
"3684.1074"	"3684.10722"	"2.97e+07"	B	"21999.130"	"49135.023"	"3d7.(2G).4s"	"a 3G"	"4"	"3d6.(3F2).4s.4p.(3P*)"	"v 3D*"	"3"	9	7		
"3684.1374"	"3684.1374"	"9.29e+06"	B	"26627.609"	"53763.280"	"3d7.(2H).4s"	"b 3H"	"4"	"3d7.(2D2).4p"	"x 1F*"	"3"	9	7		
"3685.9969"	"3685.99687"	"3.34e+07"	B	"23711.456"	"50833.438"	"3d6.(5D).4s.4p.(3P*)"	"z 7P*"	"4"	"3d6.(5D).4s (6D).4d"	"e 7F"	"5"	9	11		
"3686.2577"	"3686.2578"	"1.3e+07"	E	"19552.478"	"46672.540"	"3d6.4s2"	"a 3P2"	"1"	"3d6.(3P2).4s.4p.(3P*)"	"y 3P*"	"0"	3	1		
"3687.0969"	"3687.09642"	"1.72e+06"	B	"17550.181"	"44664.075"	"3d7.(4P).4s"	"a 5P"	"3"	"3d6.(3F2).4s.4p.(3P*)"	"v 5D*"	"2"	7	5		
"3687.4564"	"3687.45628"	"8.00e+06"	A	"6928.268"	"34039.516"	"3d7.(4F).4s"	"a 5F"	"5"	"3d7.(4F).4p"	"y 5F*"	"4"	11	9		
"3687.6578"	"3687.65787"	"7.38e+06"	B	"21999.130"	"49108.896"	"3d7.(2G).4s"	"a 3G"	"4"	"3d7.(2G).4p"	"w 3F*"	"4"	9	9		
"3688.4602"	"3688.46062"	"7.3e+06"	D	"26224.969"	"53328.835"	"3d7.(2D2).4s"	"a 3D"	"3"	"3d7.(4F).5p"	"3F*"	"4"	7	9		
"3689.0766"	"3689.0761"	""		"26623.735"	"53723.079"	"3d7.(2D2).4s"	"a 3D"	"2"	"3d6.(3D).4s.4p.(3P*)"	"5F*"	"2"	5	5		
"3689.3687"	"3689.36992"	"2.62e+06"	C+	"24506.917"	"51604.103"	"3d6.(5D).4s.4p.(3P*)"	"z 7P*"	"2"	"3d6.(5D).4s (6D).4d"	"f 5F"	"3"	5	7		
"3689.4579"	"3689.45775"	"3.70e+07"	B+	"23711.456"	"50807.997"	"3d6.(5D).4s.4p.(3P*)"	"z 7P*"	"4"	"3d6.(5D).4s (6D).4d"	"f 7D"	"4"	9	9		
"3690.4545"	"3690.4547"	"1.22e+07"	C+	"25091.599"	"52180.820"	"3d7.(2P).4s"	"c 3P"	"0"	"3d7.(2P).4p"	"1P*"	"1"	1	3		
"3690.7264"	"3690.7268"	"2.99e+07"	B	"28819.954"	"55907.178"	"3d7.(2H).4s"	"a 1H"	"5"	"3d7.(2H).4p"	"1H*"	"5"	11	11		
"3692.6476"	"3692.6479"	""		"26623.735"	"53696.867"	"3d7.(2D2).4s"	"a 3D"	"2"	"3d6.(3D).4s.4p.(3P*)"	"5F*"	"1"	5	3		
"3693.026"	"3693.0265"	"2.04e+06"	D	"24338.767"	"51409.124"	"3d6.4s2"	"b 3G"	"3"	"3d6.(3G).4s.4p.(3P*)"	"x 3H*"	"4"	7	9		
"3693.777"	"3693.77522"	""		"12560.934"	"39625.804"	"3d7.(4F).4s"	"a 3F"	"3"	"3d6.(5D).4s.4p.(1P*)"	"x 5D*"	"4"	7	9		
"3694.0058"	"3694.00589"	"8.35e+07"	B+	"24506.917"	"51570.097"	"3d6.(5D).4s.4p.(3P*)"	"z 7P*"	"2"	"3d6.(5D).4s (6D).4d"	"e 7S"	"3"	5	7		
"3695.051"	"3695.0514"	""		"24574.655"	"51630.178"	"3d7.(2G).4s"	"a 1G"	"4"	"3d6.(3H).4s.4p.(3P*)"	"1H*"	"5"	9	11		
"3695.051"	"3695.05245"	"2.01e+07"	B	"20874.482"	"47929.997"	"3d6.4s2"	"b 3F2"	"3"	"3d6.(3G).4s.4p.(3P*)"	"v 5F*"	"4"	7	9		
"3695.5143"	"3695.51496"	"1.61e+05"	D+	"20641.110"	"47693.239"	"3d6.4s2"	"b 3F2"	"4"	"3d6.(3G).4s.4p.(3P*)"	"w 5G*"	"3"	9	7		
"3696.0299"	"3696.03265"	""		"19552.478"	"46600.818"	"3d6.4s2"	"a 3P2"	"1"	"3d6.(3P2).4s.4p.(3P*)"	"z 3S*"	"1"	3	3		
"3697.4252"	"3697.42522"	"1.94e+07"	B+	"24180.862"	"51219.015"	"3d6.(5D).4s.4p.(3P*)"	"z 7P*"	"3"	"3d6.(5D).4s (6D).4d"	"e 5G"	"3"	7	7		
"3697.5357"	"3697.53585"	""		"26623.735"	"53661.079"	"3d7.(2D2).4s"	"a 3D"	"2"	"3d7.(4F).5p"	"5F*"	"3"	5	7		
"3698.6026"	"3698.60275"	"3.6e+06"	D	"24335.766"	"51365.311"	"3d7.(2P).4s"	"c 3P"	"2"	"3d7.(2D2).4p"	"v 3F*"	"3"	5	7		
"3699.1384"	"3699.13924"	"4.9e+06"	D	"24335.766"	"51361.391"	"3d7.(2P).4s"	"c 3P"	"2"	"3d6.(5D).4s (6D).5p"	"t 5D*"	"3"	5	7		
"3701.0860"	"3701.08586"	"6.35e+07"	B+	"24180.862"	"51192.273"	"3d6.(5D).4s.4p.(3P*)"	"z 7P*"	"3"	"3d6.(5D).4s (6D).4d"	"e 7F"	"4"	7	9		
"3702.0291"	"3702.0292"	"3.7e+07"	D+	"22946.816"	"49951.344"	"3d7.(4P).4s"	"b 3P"	"1"	"3d7.(2P).4p"	"w 3P*"	"0"	3	1		
""	"3702.47195"	""		"12968.554"	"39969.853"	"3d7.(4F).4s"	"a 3F"	"2"	"3d6.(5D).4s.4p.(1P*)"	"x 5D*"	"3"	5	7		
"3702.4917"	"3702.4918"	"4.13e+05"	C+	"17550.181"	"44551.335"	"3d7.(4P).4s"	"a 5P"	"3"	"3d6.(3F2).4s.4p.(3P*)"	"w 5F*"	"3"	7	7		
"3703.5476"	"3703.54760"	"3.84e+06"	B	"22249.429"	"49242.886"	"3d7.(2G).4s"	"a 3G"	"3"	"3d7.(2G).4p"	"w 3F*"	"3"	7	7		
"3703.5840"	"3703.58396"	""		"22249.429"	"49242.621"	"3d7.(2G).4s"	"a 3G"	"3"	"3d6.(3F2).4s.4p.(3P*)"	"v 3D*"	"2"	7	5		
"3703.6906"	"3703.69071"	"6.31e+06"	C+	"23711.456"	"50703.870"	"3d6.(5D).4s.4p.(3P*)"	"z 7P*"	"4"	"3d6.(5D).4s (6D).4d"	"e 5G"	"5"	9	11		
"3703.8210"	"3703.82121"	"1.02e+07"	B	"23051.750"	"50043.213"	"3d7.(4P).4s"	"b 3P"	"0"	"3d7.(2P).4p"	"w 3P*"	"1"	1	3		
"3704.0138"	"3704.01402"	"1.7e+06"	E	"24772.018"	"51762.076"	"3d7.(2P).4s"	"c 3P"	"1"	"3d6.(3H).4s.4p.(3P*)"	"x 1D*"	"2"	3	5		
"3704.3496"	"3704.3485"	""		"26105.908"	"53093.529"	"3d7.(2H).4s"	"b 3H"	"6"	"3d7.(2H).4p"	"1I*"	"6"	13	13		
"3704.4610"	"3704.46079"	"1.42e+07"	B	"21715.732"	"48702.535"	"3d7.(2G).4s"	"a 3G"	"5"	"3d6.(3H).4s.4p.(3P*)"	"y 1G*"	"4"	11	9		
"3705.5658"	"3705.56548"	"3.21e+06"	A	"415.933"	"27394.691"	"3d6.4s2"	"a 5D"	"3"	"3d6.(5D).4s.4p.(3P*)"	"z 5F*"	"3"	7	7		
"3705.6976"	"3705.69776"	""		"26351.040"	"53328.835"	"3d7.(2H).4s"	"b 3H"	"5"	"3d7.(4F).5p"	"3F*"	"4"	11	9		
"3707.0442"	"3707.04566"	""		"24180.862"	"51148.848"	"3d6.(5D).4s.4p.(3P*)"	"z 7P*"	"3"	"3d6.(5D).4s (6D).4d"	"e 7F"	"3"	7	7		
"3707.3393"	"3707.34109"	""		"24338.767"	"51304.604"	"3d6.4s2"	"b 3G"	"3"	"3d7.(2D2).4p"	"v 3F*"	"4"	7	9		
"3707.4563"	"3707.45562"	"7.99e+05"	C	"20641.110"	"47606.114"	"3d6.4s2"	"b 3F2"	"4"	"3d6.(3G).4s.4p.(3P*)"	"v 5F*"	"5"	9	11		
"3707.5614"	"3707.5638"	""		"31307.245"	"58271.462"	"3d6.(5D).4s.4p.(3P*)"	"z 3F*"	"4"	"3d6.(5D).4s (4D).4d"	"g 5G"	"5"	9	11		
"3707.8218"	"3707.82181"	"6.33e+05"	B	"704.007"	"27666.348"	"3d6.4s2"	"a 5D"	"2"	"3d6.(5D).4s.4p.(3P*)"	"z 5F*"	"1"	5	3		
"3707.9196"	"3707.91945"	"3.32e+07"	B+	"17550.181"	"44511.812"	"3d7.(4P).4s"	"a 5P"	"3"	"3d7.(4P).4p"	"y 5S*"	"2"	7	5		
"3708.6023"	"3708.60172"	"8.10e+05"	D+	"20874.482"	"47831.153"	"3d6.4s2"	"b 3F2"	"3"	"3d6.(3G).4s.4p.(3P*)"	"w 5G*"	"2"	7	5		
"3709.2461"	"3709.24612"	"1.56e+07"	A	"7376.764"	"34328.752"	"3d7.(4F).4s"	"a 5F"	"4"	"3d7.(4F).4p"	"y 5F*"	"3"	9	7		
"3709.5335"	"3709.5336"	""		"24118.819"	"51068.718"	"3d6.4s2"	"b 3G"	"4"	"3d6.(3G).4s.4p.(3P*)"	"x 3H*"	"5"	9	11		
"3709.6651"	"3709.66593"	"9.51e+05"	C+	"20641.110"	"47590.048"	"3d6.4s2"	"b 3F2"	"4"	"3d6.(3G).4s.4p.(3P*)"	"w 5G*"	"4"	9	9		
"3711.2224"	"3711.22240"	"3.62e+06"	B	"20874.482"	"47812.118"	"3d6.4s2"	"b 3F2"	"3"	"3d6.(3F2).4s.4p.(3P*)"	"x 3G*"	"4"	7	9		
"3711.4080"	"3711.40799"	"1.28e+07"	B	"24772.018"	"51708.307"	"3d7.(2P).4s"	"c 3P"	"1"	"3d7.(2P).4p"	"y 1D*"	"2"	3	5		
"3715.9113"	"3715.91113"	"2.60e+06"	B	"18378.186"	"45281.833"	"3d6.4s2"	"a 3P2"	"2"	"3d6.(3P2).4s.4p.(3P*)"	"x 3D*"	"2"	5	5		
"3716.4419"	"3716.44188"	"3.49e+07"	B	"23711.456"	"50611.261"	"3d6.(5D).4s.4p.(3P*)"	"z 7P*"	"4"	"3d6.(5D).4s (6D).4d"	"e 7P"	"3"	9	7		
"3718.4062"	"3718.40634"	"5.17e+06"	B	"22249.429"	"49135.023"	"3d7.(2G).4s"	"a 3G"	"3"	"3d6.(3F2).4s.4p.(3P*)"	"v 3D*"	"3"	7	7		
"3719.9345"	"3719.93444"	"1.62e+07"	A	"0.000"	"26874.550"	"3d6.4s2"	"a 5D"	"4"	"3d6.(5D).4s.4p.(3P*)"	"z 5F*"	"5"	9	11		
"3721.1847"	"3721.1844"	""		"24335.766"	"51201.289"	"3d7.(2P).4s"	"c 3P"	"2"	"3d7.(2D2).4p"	"v 3F*"	"2"	5	5		
"3721.272"	"3721.27166"	"8.72e+05"	C+	"17550.181"	"44415.074"	"3d7.(4P).4s"	"a 5P"	"3"	"3d6.(3F2).4s.4p.(3P*)"	"w 5F*"	"4"	7	9		
"3721.272"	"3721.27236"	""		"26874.550"	"53739.438"	"3d6.(5D).4s.4p.(3P*)"	"z 5F*"	"5"	"3d7.(4F).4d"	"e 3G"	"5"	11	11		
"3721.3932"	"3721.3932"	"6.72e+06"	B	"20037.816"	"46901.832"	"3d6.4s2"	"a 3P2"	"0"	"3d6.(3P2).4s.4p.(3P*)"	"y 3P*"	"1"	1	3		
"3721.5025"	"3721.50232"	"1.94e+07"	C+	"24506.917"	"51370.145"	"3d6.(5D).4s.4p.(3P*)"	"z 7P*"	"2"	"3d6.(5D).4s (6D).4d"	"e 5G"	"2"	5	5		
"3721.6002"	"3721.6001"	""		"24338.767"	"51201.289"	"3d6.4s2"	"b 3G"	"3"	"3d7.(2D2).4p"	"v 3F*"	"2"	7	5		
"3722.0239"	"3722.02343"	"6.76e+05"	C+	"22249.429"	"49108.896"	"3d7.(2G).4s"	"a 3G"	"3"	"3d7.(2G).4p"	"w 3F*"	"4"	7	9		
"3722.2275"	"3722.22909"	""		"24772.018"	"51630.001"	"3d7.(2P).4s"	"c 3P"	"1"	"3d6.(5D).4s (6D).5p"	"t 5D*"	"2"	3	5		
"3722.5627"	"3722.56272"	"4.97e+06"	A	"704.007"	"27559.583"	"3d6.4s2"	"a 5D"	"2"	"3d6.(5D).4s.4p.(3P*)"	"z 5F*"	"2"	5	5		
"3724.3767"	"3724.37686"	"1.04e+07"	B+	"18378.186"	"45220.681"	"3d6.4s2"	"a 3P2"	"2"	"3d6.(3P2).4s.4p.(3P*)"	"x 3D*"	"3"	5	7		
"3725.4906"	"3725.4908"	"1.7e+06"	D	"24574.655"	"51409.124"	"3d7.(2G).4s"	"a 1G"	"4"	"3d6.(3G).4s.4p.(3P*)"	"x 3H*"	"4"	9	9		
"3726.8958"	"3726.8966"	"5.29e+05"	B	"17726.988"	"44551.335"	"3d7.(4P).4s"	"a 5P"	"2"	"3d6.(3F2).4s.4p.(3P*)"	"w 5F*"	"3"	5	7		
"3726.9263"	"3726.92610"	"4.57e+07"	B+	"24506.917"	"51331.052"	"3d6.(5D).4s.4p.(3P*)"	"z 7P*"	"2"	"3d6.(5D).4s (6D).4d"	"e 7F"	"2"	5	5		
"3727.0922"	"3727.09201"	"1.71e+07"	C+	"23711.456"	"50534.397"	"3d6.(5D).4s.4p.(3P*)"	"z 7P*"	"4"	"3d6.(5D).4s (6D).4d"	"f 5D"	"3"	9	7		
"3727.5267"	"3727.52838"	""		"27559.583"	"54379.384"	"3d6.(5D).4s.4p.(3P*)"	"z 5F*"	"2"	"3d7.(4F).4d"	"e 3G"	"3"	5	7		
"3727.6188"	"3727.61872"	"2.24e+07"	A	"7728.060"	"34547.211"	"3d7.(4F).4s"	"a 5F"	"3"	"3d7.(4F).4p"	"y 5F*"	"2"	7	5		
"3727.6735"	"3727.67349"	"2.20e+06"	C+	"20874.482"	"47693.239"	"3d6.4s2"	"b 3F2"	"3"	"3d6.(3G).4s.4p.(3P*)"	"w 5G*"	"3"	7	7		
"3727.8089"	"3727.80888"	"1.91e+07"	B+	"24180.862"	"50998.645"	"3d6.(5D).4s.4p.(3P*)"	"z 7P*"	"3"	"3d6.(5D).4s (6D).4d"	"f 7D"	"2"	7	5		
"3728.6678"	"3728.66759"	"1.30e+06"	B	"20641.110"	"47452.717"	"3d6.4s2"	"b 3F2"	"4"	"3d7.(2G).4p"	"z 1G*"	"4"	9	9		
"3730.3861"	"3730.38621"	"9.73e+06"	B	"24574.655"	"51373.910"	"3d7.(2G).4s"	"a 1G"	"4"	"3d7.(2H).4p"	"u 3G*"	"5"	9	11		
"3730.4602"	"3730.46110"	"3.09e+06"	B	"24180.862"	"50979.579"	"3d6.(5D).4s.4p.(3P*)"	"z 7P*"	"3"	"3d6.(5D).4s (6D).4d"	"e 5G"	"4"	7	9		
"3730.9460"	"3730.9460"	"3.50e+06"	B+	"21038.987"	"47834.221"	"3d6.4s2"	"b 3F2"	"2"	"3d6.(3F2).4s.4p.(3P*)"	"x 3G*"	"3"	5	7		
"3731.3734"	"3731.37327"	"3.37e+06"	B	"21038.987"	"47831.153"	"3d6.4s2"	"b 3F2"	"2"	"3d6.(3G).4s.4p.(3P*)"	"w 5G*"	"2"	5	5		
"3732.3961"	"3732.39610"	"2.69e+07"	B+	"17726.988"	"44511.812"	"3d7.(4P).4s"	"a 5P"	"2"	"3d7.(4P).4p"	"y 5S*"	"2"	5	5		
"3733.1912"	"3733.19141"	""		"20641.110"	"47420.228"	"3d6.4s2"	"b 3F2"	"4"	"3d6.(3G).4s.4p.(3P*)"	"w 5G*"	"5"	9	11		
"3733.3173"	"3733.31716"	"6.48e+06"	B+	"888.132"	"27666.348"	"3d6.4s2"	"a 5D"	"1"	"3d6.(5D).4s.4p.(3P*)"	"z 5F*"	"1"	3	3		
"3734.8636"	"3734.86354"	"9.01e+07"	A	"6928.268"	"33695.397"	"3d7.(4F).4s"	"a 5F"	"5"	"3d7.(4F).4p"	"y 5F*"	"5"	11	11		
"3735.3235"	"3735.32365"	"2.70e+07"	B	"23711.456"	"50475.288"	"3d6.(5D).4s.4p.(3P*)"	"z 7P*"	"4"	"3d6.(5D).4s (6D).4d"	"e 7P"	"4"	9	9		
"3737.1313"	"3737.13125"	"1.41e+07"	A	"415.933"	"27166.820"	"3d6.4s2"	"a 5D"	"3"	"3d6.(5D).4s.4p.(3P*)"	"z 5F*"	"4"	7	9		
"3738.3049"	"3738.3049"	"3.44e+07"	B	"26351.040"	"53093.529"	"3d7.(2H).4s"	"b 3H"	"5"	"3d7.(2H).4p"	"1I*"	"6"	11	13		
"3738.500"	"3738.5002"	""		"29356.744"	"56097.836"	"3d6.4s2"	"b 3D"	"2"	"3d6.(3G).4s.4p.(3P*)"	"1F*"	"3"	5	7		
"3739.1156"	"3739.11527"	"4.51e+05"	C+	"17927.382"	"44664.075"	"3d7.(4P).4s"	"a 5P"	"1"	"3d6.(3F2).4s.4p.(3P*)"	"v 5D*"	"2"	3	5		
"3739.3139"	"3739.3139"	"5.3e+05"	E	"17550.181"	"44285.454"	"3d7.(4P).4s"	"a 5P"	"3"	"3d6.(3F2).4s.4p.(3P*)"	"w 5F*"	"2"	7	5		
"3739.5229"	"3739.52271"	""		"26623.735"	"53357.515"	"3d7.(2D2).4s"	"a 3D"	"2"	"3d6.(3G).4s.4p.(3P*)"	"3F*"	"3"	5	7		
"3740.0588"	"3740.05868"	""		"24574.655"	"51304.604"	"3d7.(2G).4s"	"a 1G"	"4"	"3d7.(2D2).4p"	"v 3F*"	"4"	9	9		
"3740.2392"	"3740.23905"	"1.3e+07"	D	"26224.969"	"52953.629"	"3d7.(2D2).4s"	"a 3D"	"3"	"3d6.(3G).4s.4p.(3P*)"	"3F*"	"4"	7	9		
"3741.4746"	"3741.47398"	""		"27666.348"	"54386.186"	"3d6.(5D).4s.4p.(3P*)"	"z 5F*"	"1"	"3d7.(4F).4d"	"g 5F"	"1"	3	3		
"3742.1403"	"3742.1387"	""		"31805.071"	"58520.163"	"3d6.(5D).4s.4p.(3P*)"	"z 3F*"	"3"	"3d6.(5D).4s (4D).4d"	"g 5G"	"4"	7	9		
"3742.5558"	"3742.55813"	""		"24506.917"	"51219.015"	"3d6.(5D).4s.4p.(3P*)"	"z 7P*"	"2"	"3d6.(5D).4s (6D).4d"	"e 5G"	"3"	5	7		
"3742.6163"	"3742.61655"	"6.75e+06"	B	"23711.456"	"50423.137"	"3d6.(5D).4s.4p.(3P*)"	"z 7P*"	"4"	"3d6.(5D).4s (6D).4d"	"f 5D"	"4"	9	9		
"3742.9442"	"3742.94613"	""		"27666.348"	"54375.677"	"3d6.(5D).4s.4p.(3P*)"	"z 5F*"	"1"	"3d7.(4F).4d"	"f 5G"	"2"	3	5		
"3743.3619"	"3743.36183"	"2.60e+07"	A	"7985.785"	"34692.148"	"3d7.(4F).4s"	"a 5F"	"2"	"3d7.(4F).4p"	"y 5F*"	"1"	5	3		
"3743.4680"	"3743.4677"	"6.05e+07"	B+	"28819.954"	"55525.562"	"3d7.(2H).4s"	"a 1H"	"5"	"3d6.(1G2).4s.4p.(3P*)"	"v 3H*"	"5"	11	11		
"3743.7763"	"3743.77651"	"3.55e+05"	C	"21999.130"	"48702.535"	"3d7.(2G).4s"	"a 3G"	"4"	"3d6.(3H).4s.4p.(3P*)"	"y 1G*"	"4"	9	9		
"3744.102"	"3744.1007"	""		"26105.908"	"52807.001"	"3d7.(2H).4s"	"b 3H"	"6"	"3d7.(4F).5p"	"3G*"	"5"	13	11		
"3744.102"	"3744.10236"	"3.17e+07"	B	"24506.917"	"51207.998"	"3d6.(5D).4s.4p.(3P*)"	"z 7P*"	"2"	"3d6.(5D).4s (6D).4d"	"e 7F"	"1"	5	3		
"3745.4711"	"3745.4708"	""		"26224.969"	"52916.295"	"3d7.(2D2).4s"	"a 3D"	"3"	"3d7.(2D2).4p"	"v 3P*"	"2"	7	5		
"3745.5610"	"3745.56086"	"1.15e+07"	A	"704.007"	"27394.691"	"3d6.4s2"	"a 5D"	"2"	"3d6.(5D).4s.4p.(3P*)"	"z 5F*"	"3"	5	7		
"3745.8993"	"3745.89910"	"7.32e+06"	A	"978.074"	"27666.348"	"3d6.4s2"	"a 5D"	"0"	"3d6.(5D).4s.4p.(3P*)"	"z 5F*"	"1"	1	3		
"3746.4744"	"3746.47495"	"6.10e+05"	C	"17726.988"	"44411.160"	"3d7.(4P).4s"	"a 5P"	"2"	"3d6.(3P2).4s.4p.(3P*)"	"w 5D*"	"1"	5	3		
"3746.9267"	"3746.92683"	"2.33e+07"	B+	"24180.862"	"50861.816"	"3d6.(5D).4s.4p.(3P*)"	"z 7P*"	"3"	"3d6.(5D).4s (6D).4d"	"f 7D"	"3"	7	7		
"3746.9960"	"3746.99550"	""		"24180.862"	"50861.327"	"3d6.(5D).4s.4p.(3P*)"	"z 7P*"	"3"	"3d6.(5D).4s (6D).4d"	"e 7P"	"2"	7	5		
""	"3748.20904"	""		"27394.691"	"54066.518"	"3d6.(5D).4s.4p.(3P*)"	"z 5F*"	"3"	"3d7.(4F).4d"	"e 3G"	"4"	7	9		
"3748.2619"	"3748.26189"	"9.15e+06"	A	"888.132"	"27559.583"	"3d6.4s2"	"a 5D"	"1"	"3d6.(5D).4s.4p.(3P*)"	"z 5F*"	"2"	3	5		
"3748.9039"	"3748.90566"	""		"21715.732"	"48382.603"	"3d7.(2G).4s"	"a 3G"	"5"	"3d7.(2G).4p"	"z 1H*"	"5"	11	11		
"3748.9643"	"3748.96457"	"1.48e+07"	B	"23711.456"	"50377.908"	"3d6.(5D).4s.4p.(3P*)"	"z 7P*"	"4"	"3d6.(5D).4s (6D).4d"	"f 7D"	"5"	9	11		
"3749.4851"	"3749.48483"	"7.63e+07"	A	"7376.764"	"34039.516"	"3d7.(4F).4s"	"a 5F"	"4"	"3d7.(4F).4p"	"y 5F*"	"4"	9	9		
"3750.6810"	"3750.68056"	""		"21038.987"	"47693.239"	"3d6.4s2"	"b 3F2"	"2"	"3d6.(3G).4s.4p.(3P*)"	"w 5G*"	"3"	5	7		
"3751.0890"	"3751.0884"	""		"17726.988"	"44378.342"	"3d7.(4P).4s"	"a 5P"	"2"	"3d6.(3F2).4s.4p.(3P*)"	"w 5F*"	"1"	5	3		
"3751.8212"	"3751.82102"	"4.74e+05"	B	"21715.732"	"48361.882"	"3d7.(2G).4s"	"a 3G"	"5"	"3d6.(3G).4s.4p.(3P*)"	"y 5H*"	"4"	11	9		
"3752.4142"	"3752.41517"	""		"24506.917"	"51148.848"	"3d6.(5D).4s.4p.(3P*)"	"z 7P*"	"2"	"3d6.(5D).4s (6D).4d"	"e 7F"	"3"	5	7		
"3752.8551"	"3752.85566"	""		"22838.323"	"49477.127"	"3d7.(4P).4s"	"b 3P"	"2"	"3d6.(3F2).4s.4p.(3P*)"	"1F*"	"3"	5	7		
"3753.1375"	"3753.1376"	"1.14e+05"	B	"19390.168"	"46026.971"	"3d6.4s2"	"a 3H"	"6"	"3d6.(3H).4s.4p.(3P*)"	"z 3I*"	"6"	13	13		
"3753.6107"	"3753.61052"	"1.22e+07"	C	"17550.181"	"44183.628"	"3d7.(4P).4s"	"a 5P"	"3"	"3d6.(3P2).4s.4p.(3P*)"	"w 5D*"	"2"	7	5		
"3754.4999"	"3754.50034"	"2.42e+06"	C+	"24180.862"	"50807.997"	"3d6.(5D).4s.4p.(3P*)"	"z 7P*"	"3"	"3d6.(5D).4s (6D).4d"	"f 7D"	"4"	7	9		
"3756.0680"	"3756.06757"	"5.13e+05"	C+	"17550.181"	"44166.206"	"3d7.(4P).4s"	"a 5P"	"3"	"3d6.(3F2).4s.4p.(3P*)"	"v 5D*"	"3"	7	7		
"3756.9371"	"3756.9371"	"2.2e+07"	D+	"28819.954"	"55429.819"	"3d7.(2H).4s"	"a 1H"	"5"	"3d6.(1G2).4s.4p.(3P*)"	"s 3G*"	"5"	11	11		
"3757.4544"	"3757.4538"	"8.26e+06"	C+	"26623.735"	"53229.941"	"3d7.(2D2).4s"	"a 3D"	"2"	"3d7.(2D2).4p"	"v 3P*"	"1"	5	3		
"3757.9663"	"3757.96467"	""		"26351.040"	"52953.629"	"3d7.(2H).4s"	"b 3H"	"5"	"3d6.(3G).4s.4p.(3P*)"	"3F*"	"4"	11	9		
"3758.0259"	"3758.02542"	""		"27166.820"	"53768.979"	"3d6.(5D).4s.4p.(3P*)"	"z 5F*"	"4"	"3d7.(4F).4d"	"f 5G"	"4"	9	9		
"3758.2327"	"3758.23267"	"6.34e+07"	A	"7728.060"	"34328.752"	"3d7.(4F).4s"	"a 5F"	"3"	"3d7.(4F).4p"	"y 5F*"	"3"	7	7		
"3759.1545"	"3759.1544"	"4.55e+06"	C+	"29313.008"	"55907.178"	"3d6.4s2"	"a 1I"	"6"	"3d7.(2H).4p"	"1H*"	"5"	13	11		
"3760.0494"	"3760.0494"	"4.47e+06"	B	"19390.168"	"45978.008"	"3d6.4s2"	"a 3H"	"6"	"3d6.(3H).4s.4p.(3P*)"	"z 3I*"	"7"	13	15		
"3760.5316"	"3760.53169"	"5.50e+06"	B+	"17927.382"	"44511.812"	"3d7.(4P).4s"	"a 5P"	"1"	"3d7.(4P).4p"	"y 5S*"	"2"	3	5		
"3761.4083"	"3761.40823"	"1.04e+06"	B	"20874.482"	"47452.717"	"3d6.4s2"	"b 3F2"	"3"	"3d7.(2G).4p"	"z 1G*"	"4"	7	9		
"3762.2034"	"3762.20335"	"2.4e+06"	D	"27166.820"	"53739.438"	"3d6.(5D).4s.4p.(3P*)"	"z 5F*"	"4"	"3d7.(4F).4d"	"e 3G"	"5"	9	11		
"3763.5683"	"3763.5653"	""		"20037.816"	"46600.818"	"3d6.4s2"	"a 3P2"	"0"	"3d6.(3P2).4s.4p.(3P*)"	"z 3S*"	"1"	1	3		
"3763.7888"	"3763.78864"	"5.44e+07"	A	"7985.785"	"34547.211"	"3d7.(4F).4s"	"a 5F"	"2"	"3d7.(4F).4p"	"y 5F*"	"2"	5	5		
"3764.2079"	"3764.2081"	""		"17726.988"	"44285.454"	"3d7.(4P).4s"	"a 5P"	"2"	"3d6.(3F2).4s.4p.(3P*)"	"w 5F*"	"2"	5	5		
"3765.5387"	"3765.5384"	"9.51e+07"	B+	"26105.908"	"52654.992"	"3d7.(2H).4s"	"b 3H"	"6"	"3d7.(2H).4p"	"y 3I*"	"7"	13	15		
"3765.700"	"3765.6981"	"2.36e+06"	C+	"26351.040"	"52898.998"	"3d7.(2H).4s"	"b 3H"	"5"	"3d7.(2H).4p"	"y 3I*"	"5"	11	11		
"3766.0885"	"3766.08864"	"7.7e+05"	E	"20874.482"	"47419.687"	"3d6.4s2"	"b 3F2"	"3"	"3d6.(3P2).4s.4p.(3P*)"	"1D*"	"2"	7	5		
"3766.6590"	"3766.65837"	"7.58e+06"	C+	"24506.917"	"51048.107"	"3d6.(5D).4s.4p.(3P*)"	"z 7P*"	"2"	"3d6.(5D).4s (6D).4d"	"f 7D"	"1"	5	3		
"3767.1915"	"3767.19150"	"6.39e+07"	A	"8154.714"	"34692.148"	"3d7.(4F).4s"	"a 5F"	"1"	"3d7.(4F).4p"	"y 5F*"	"1"	3	3		
"3768.0267"	"3768.02670"	"1.08e+07"	C+	"17927.382"	"44458.934"	"3d7.(4P).4s"	"a 5P"	"1"	"3d6.(3P2).4s.4p.(3P*)"	"w 5D*"	"0"	3	1		
"3769.9871"	"3769.98680"	""		"24180.862"	"50698.620"	"3d6.(5D).4s.4p.(3P*)"	"z 7P*"	"3"	"3d6.(5D).4s (6D).4d"	"f 5D"	"2"	7	5		
"3770.3012"	"3770.30102"	"1.31e+06"	B+	"21715.732"	"48231.280"	"3d7.(2G).4s"	"a 3G"	"5"	"3d6.(3G).4s.4p.(3P*)"	"y 5H*"	"5"	11	11		
"3770.4043"	"3770.4054"	"2.15e+05"	B	"19621.006"	"46135.820"	"3d6.4s2"	"a 3H"	"5"	"3d6.(3H).4s.4p.(3P*)"	"z 3I*"	"5"	11	11		
"3771.491"	"3771.48987"	""		"27559.583"	"54066.773"	"3d6.(5D).4s.4p.(3P*)"	"z 5F*"	"2"	"3d7.(4F).4d"	"f 3D"	"2"	5	5		
"3771.491"	"3771.4910"	"6.4e+05"	D	"26105.908"	"52613.090"	"3d7.(2H).4s"	"b 3H"	"6"	"3d7.(2H).4p"	"w 3H*"	"5"	13	11		
"3772.5828"	"3772.5809"	""		"27543.003"	"54042.527"	"3d7.(2P).4s"	"a 1P"	"1"	"3d7.(4F).5p"	"5F*"	"2"	3	5		
"3773.3583"	"3773.3586"	"3.1e+05"	D	"24574.655"	"51068.718"	"3d7.(2G).4s"	"a 1G"	"4"	"3d6.(3G).4s.4p.(3P*)"	"x 3H*"	"5"	9	11		
"3773.6913"	"3773.69117"	"4.41e+06"	C+	"24506.917"	"50998.645"	"3d6.(5D).4s.4p.(3P*)"	"z 7P*"	"2"	"3d6.(5D).4s (6D).4d"	"f 7D"	"2"	5	5		
"3774.8240"	"3774.82400"	"5.57e+06"	C+	"17927.382"	"44411.160"	"3d7.(4P).4s"	"a 5P"	"1"	"3d6.(3P2).4s.4p.(3P*)"	"w 5D*"	"1"	3	3		
"3775.8539"	"3775.8537"	"3.38e+05"	C+	"21999.130"	"48475.686"	"3d7.(2G).4s"	"a 3G"	"4"	"3d6.(3G).4s.4p.(3P*)"	"y 5H*"	"3"	9	7		
"3776.4545"	"3776.45447"	"1.67e+06"	C+	"17550.181"	"44022.525"	"3d7.(4P).4s"	"a 5P"	"3"	"3d6.(3F2).4s.4p.(3P*)"	"v 5D*"	"4"	7	9		
"3777.0663"	"3777.0659"	"9.43e+05"	C+	"24118.819"	"50586.878"	"3d6.4s2"	"b 3G"	"4"	"3d7.(2G).4p"	"z 1F*"	"3"	9	7		
"3777.3301"	"3777.33075"	""		"27666.348"	"54132.551"	"3d6.(5D).4s.4p.(3P*)"	"z 5F*"	"1"	"3d7.(4F).4d"	"h 5D"	"1"	3	3		
"3777.4492"	"3777.44907"	"8.58e+05"	B	"20641.110"	"47106.484"	"3d6.4s2"	"b 3F2"	"4"	"3d6.(3H).4s.4p.(3P*)"	"z 3H*"	"4"	9	9		
"3778.3144"	"3778.3145"	"2.21e+06"	C+	"22838.323"	"49297.635"	"3d7.(4P).4s"	"b 3P"	"2"	"3d6.(3F2).4s.4p.(3P*)"	"v 3D*"	"1"	5	3		
"3778.5088"	"3778.50889"	"1.17e+07"	C+	"26224.969"	"52682.920"	"3d7.(2D2).4s"	"a 3D"	"3"	"3d7.(2D2).4p"	"t 3D*"	"2"	7	5		
"3778.6966"	"3778.69613"	"9.10e+05"	C	"17726.988"	"44183.628"	"3d7.(4P).4s"	"a 5P"	"2"	"3d6.(3P2).4s.4p.(3P*)"	"w 5D*"	"2"	5	5		
"3779.2024"	"3779.20096"	""		"22249.429"	"48702.535"	"3d7.(2G).4s"	"a 3G"	"3"	"3d6.(3H).4s.4p.(3P*)"	"y 1G*"	"4"	7	9		
"3779.4157"	"3779.41584"	"6.76e+05"	C+	"20641.110"	"47092.712"	"3d6.4s2"	"b 3F2"	"4"	"3d6.(3F2).4s.4p.(3P*)"	"x 3F*"	"3"	9	7		
"3779.4535"	"3779.4534"	"1.05e+07"	C+	"26406.465"	"52857.804"	"3d7.(2D2).4s"	"a 3D"	"1"	"3d7.(2D2).4p"	"t 3D*"	"1"	3	3		
"3779.5079"	"3779.5076"	"8.51e+05"	C	"17927.382"	"44378.342"	"3d7.(4P).4s"	"a 5P"	"1"	"3d6.(3F2).4s.4p.(3P*)"	"w 5F*"	"1"	3	3		
"3781.1860"	"3781.18615"	"7.65e+05"	C	"17726.988"	"44166.206"	"3d7.(4P).4s"	"a 5P"	"2"	"3d6.(3F2).4s.4p.(3P*)"	"v 5D*"	"3"	5	7		
"3781.9396"	"3781.9394"	"3.8e+06"	E	"29356.744"	"55790.696"	"3d6.4s2"	"b 3D"	"2"	"3d6.(1G2).4s.4p.(3P*)"	"s 3G*"	"3"	5	7		
"3782.1170"	"3782.1127"	""		"27543.003"	"53975.744"	"3d7.(2P).4s"	"a 1P"	"1"	"3d6.(3D).4s.4p.(3P*)"	"5D*"	"1"	3	3		
"3782.4487"	"3782.44784"	"1.18e+06"	C	"24180.862"	"50611.261"	"3d6.(5D).4s.4p.(3P*)"	"z 7P*"	"3"	"3d6.(5D).4s (6D).4d"	"e 7P"	"3"	7	7		
"3782.6093"	"3782.6093"	""		"24772.018"	"51201.289"	"3d7.(2P).4s"	"c 3P"	"1"	"3d7.(2D2).4p"	"v 3F*"	"2"	3	5		
"3785.7061"	"3785.7060"	"1.51e+06"	C+	"26105.908"	"52513.560"	"3d7.(2H).4s"	"b 3H"	"6"	"3d7.(2H).4p"	"y 3I*"	"6"	13	13		
"3785.7862"	"3785.78819"	""		"27559.583"	"53966.662"	"3d6.(5D).4s.4p.(3P*)"	"z 5F*"	"2"	"3d7.(4F).4d"	"h 5D"	"2"	5	5		
"3785.9481"	"3785.9479"	"4.14e+06"	B+	"19621.006"	"46026.971"	"3d6.4s2"	"a 3H"	"5"	"3d6.(3H).4s.4p.(3P*)"	"z 3I*"	"6"	11	13		
"3786.1491"	"3786.14893"	"3.20e+06"	B	"22838.323"	"49242.886"	"3d7.(4P).4s"	"b 3P"	"2"	"3d7.(2G).4p"	"w 3F*"	"3"	5	7		
"3786.1867"	"3786.18693"	"1.3e+07"	D	"22838.323"	"49242.621"	"3d7.(4P).4s"	"b 3P"	"2"	"3d6.(3F2).4s.4p.(3P*)"	"v 3D*"	"2"	5	5		
"3786.6766"	"3786.67669"	"2.77e+06"	A	"8154.714"	"34555.597"	"3d7.(4F).4s"	"a 5F"	"1"	"3d6.(5D).4s.4p.(3P*)"	"z 3P*"	"0"	3	1		
"3787.1630"	"3787.1636"	"9.9e+06"	D	"29356.744"	"55754.233"	"3d6.4s2"	"b 3D"	"2"	"3d7.(2D2).4p"	"w 1D*"	"2"	5	5		
"3787.8799"	"3787.87991"	"1.29e+07"	A	"8154.714"	"34547.211"	"3d7.(4F).4s"	"a 5F"	"1"	"3d7.(4F).4p"	"y 5F*"	"2"	3	5		
"3789.1758"	"3789.17552"	"2.16e+06"	B	"21999.130"	"48382.603"	"3d7.(2G).4s"	"a 3G"	"4"	"3d7.(2G).4p"	"z 1H*"	"5"	9	11		
"3789.5736"	"3789.57382"	""		"21038.987"	"47419.687"	"3d6.4s2"	"b 3F2"	"2"	"3d6.(3P2).4s.4p.(3P*)"	"1D*"	"2"	5	5		
"3789.8189"	"3789.81618"	"4.1e+06"	E	"27166.820"	"53545.833"	"3d6.(5D).4s.4p.(3P*)"	"z 5F*"	"4"	"3d7.(4F).4d"	"h 5D"	"3"	9	7		
"3790.0927"	"3790.09277"	"2.68e+06"	A	"7985.785"	"34362.873"	"3d7.(4F).4s"	"a 5F"	"2"	"3d6.(5D).4s.4p.(3P*)"	"z 3P*"	"1"	5	3		
"3790.2384"	"3790.23791"	""		"20641.110"	"47017.188"	"3d6.4s2"	"b 3F2"	"4"	"3d7.(4P).4p"	"w 3D*"	"3"	9	7		
"3790.4120"	"3790.4101"	""		"31322.613"	"57697.493"	"3d6.(5D).4s.4p.(3P*)"	"z 3D*"	"3"	"3d6.(5D).4s (4D).4d"	"i 5D"	"4"	7	9		
"3790.4952"	"3790.49515"	""		"27394.691"	"53768.979"	"3d6.(5D).4s.4p.(3P*)"	"z 5F*"	"3"	"3d7.(4F).4d"	"f 5G"	"4"	7	9		
"3790.6544"	"3790.65368"	"4.41e+06"	C	"24506.917"	"50880.102"	"3d6.(5D).4s.4p.(3P*)"	"z 7P*"	"2"	"3d6.(5D).4s (6D).4d"	"f 5D"	"1"	5	3		
"3790.7538"	"3790.75401"	"9.65e+05"	D+	"17550.181"	"43922.668"	"3d7.(4P).4s"	"a 5P"	"3"	"3d6.(3P2).4s.4p.(3P*)"	"w 5D*"	"3"	7	7		
"3791.5055"	"3791.50536"	"4.46e+05"	C+	"20641.110"	"47008.371"	"3d6.4s2"	"b 3F2"	"4"	"3d6.(3H).4s.4p.(3P*)"	"z 3H*"	"5"	9	11		
"3791.7421"	"3791.74178"	"6.7e+06"	E	"27559.583"	"53925.200"	"3d6.(5D).4s.4p.(3P*)"	"z 5F*"	"2"	"3d7.(4F).4d"	"f 5P"	"1"	5	3		
"3792.1542"	"3792.15386"	"1.93e+06"	B	"21999.130"	"48361.882"	"3d7.(2G).4s"	"a 3G"	"4"	"3d6.(3G).4s.4p.(3P*)"	"y 5H*"	"4"	9	9		
"3792.8264"	"3792.8272"	"2.96e+05"	C	"17927.382"	"44285.454"	"3d7.(4P).4s"	"a 5P"	"1"	"3d6.(3F2).4s.4p.(3P*)"	"w 5F*"	"2"	3	5		
"3793.3531"	"3793.35423"	""		"24506.917"	"50861.327"	"3d6.(5D).4s.4p.(3P*)"	"z 7P*"	"2"	"3d6.(5D).4s (6D).4d"	"e 7P"	"2"	5	5		
"3793.4804"	"3793.48018"	"7.92e+06"	B	"24180.862"	"50534.397"	"3d6.(5D).4s.4p.(3P*)"	"z 7P*"	"3"	"3d6.(5D).4s (6D).4d"	"f 5D"	"3"	7	7		
"3793.5869"	"3793.58469"	""		"27394.691"	"53747.500"	"3d6.(5D).4s.4p.(3P*)"	"z 5F*"	"3"	"3d7.(4F).4d"	"f 3D"	"3"	7	7		
"3793.8714"	"3793.8712"	"6.13e+06"	B	"22946.816"	"49297.635"	"3d7.(4P).4s"	"b 3P"	"1"	"3d6.(3F2).4s.4p.(3P*)"	"v 3D*"	"1"	3	3		
"3794.3395"	"3794.3392"	"4.15e+06"	B+	"19788.251"	"46135.820"	"3d6.4s2"	"a 3H"	"4"	"3d6.(3H).4s.4p.(3P*)"	"z 3I*"	"5"	9	11		
"3795.0019"	"3795.00205"	"1.15e+07"	A	"7985.785"	"34328.752"	"3d7.(4F).4s"	"a 5F"	"2"	"3d7.(4F).4p"	"y 5F*"	"3"	5	7		
"3797.5146"	"3797.5145"	"4.57e+07"	B+	"26105.908"	"52431.447"	"3d7.(2H).4s"	"b 3H"	"6"	"3d7.(2H).4p"	"w 3H*"	"6"	13	13		
"3797.9489"	"3797.94887"	"9.37e+05"	C+	"20874.482"	"47197.010"	"3d6.4s2"	"b 3F2"	"3"	"3d6.(3F2).4s.4p.(3P*)"	"x 3F*"	"2"	7	5		
"3798.5111"	"3798.51096"	"3.23e+06"	A	"7376.764"	"33695.397"	"3d7.(4F).4s"	"a 5F"	"4"	"3d7.(4F).4p"	"y 5F*"	"5"	9	11		
"3799.5473"	"3799.54711"	"7.31e+06"	A	"7728.060"	"34039.516"	"3d7.(4F).4s"	"a 5F"	"3"	"3d7.(4F).4p"	"y 5F*"	"4"	7	9		
"3801.6791"	"3801.67922"	"6.26e+06"	C+	"22838.323"	"49135.023"	"3d7.(4P).4s"	"b 3P"	"2"	"3d6.(3F2).4s.4p.(3P*)"	"v 3D*"	"3"	5	7		
"3801.8084"	"3801.80862"	""		"22946.816"	"49242.621"	"3d7.(4P).4s"	"b 3P"	"1"	"3d6.(3F2).4s.4p.(3P*)"	"v 3D*"	"2"	3	5		
"3801.9837"	"3801.98342"	"3.7e+06"	E	"26874.550"	"53169.146"	"3d6.(5D).4s.4p.(3P*)"	"z 5F*"	"5"	"3d7.(4F).4d"	"f 5G"	"6"	11	13		
"3802.2786"	"3802.2778"	"5.63e+06"	C+	"26623.735"	"52916.295"	"3d7.(2D2).4s"	"a 3D"	"2"	"3d7.(2D2).4p"	"v 3P*"	"2"	5	5		
"3804.0092"	"3804.00898"	"4.6e+06"	D	"26874.550"	"53155.145"	"3d6.(5D).4s.4p.(3P*)"	"z 5F*"	"5"	"3d7.(4F).4d"	"h 5D"	"4"	11	9		
"3804.6108"	"3804.60834"	""		"26406.465"	"52682.920"	"3d7.(2D2).4s"	"a 3D"	"1"	"3d7.(2D2).4p"	"t 3D*"	"2"	3	5		
"3804.7911"	"3804.7877"	""		"24338.767"	"50613.983"	"3d6.4s2"	"b 3G"	"3"	"3d6.(3F2).4s.4p.(3P*)"	"x 1G*"	"4"	7	9		
"3805.342"	"3805.34158"	""		"27559.583"	"53830.975"	"3d6.(5D).4s.4p.(3P*)"	"z 5F*"	"2"	"3d7.(4F).4d"	"g 5F"	"3"	5	7		
"3805.342"	"3805.3420"	"8.60e+07"	B+	"26627.609"	"52898.998"	"3d7.(2H).4s"	"b 3H"	"4"	"3d7.(2H).4p"	"y 3I*"	"5"	9	11		
"3805.789"	"3805.7881"	""		"33946.933"	"60215.243"	"3d6.(5D).4s.4p.(3P*)"	"z 3P*"	"2"	"3d6.4s.(4D).4d"	"3P"	"1"	5	3		
"3806.2164"	"3806.2165"	"2.5e+07"	D+	"27543.003"	"53808.356"	"3d7.(2P).4s"	"a 1P"	"1"	"3d7.(2P).4p"	"x 3S*"	"1"	3	3		
"3806.6954"	"3806.6953"	"4.35e+07"	B+	"26351.040"	"52613.090"	"3d7.(2H).4s"	"b 3H"	"5"	"3d7.(2H).4p"	"w 3H*"	"5"	11	11		
"3806.7601"	"3806.76019"	""		"20874.482"	"47136.084"	"3d6.4s2"	"b 3F2"	"3"	"3d7.(4P).4p"	"w 3D*"	"2"	7	5		
"3807.5366"	"3807.53675"	"9.37e+06"	C+	"17927.382"	"44183.628"	"3d7.(4P).4s"	"a 5P"	"1"	"3d6.(3P2).4s.4p.(3P*)"	"w 5D*"	"2"	3	5		
"3808.2807"	"3808.2814"	"7.59e+05"	C+	"24335.766"	"50586.878"	"3d7.(2P).4s"	"c 3P"	"2"	"3d7.(2G).4p"	"z 1F*"	"3"	5	7		
"3808.7283"	"3808.72830"	"3.54e+06"	B	"20641.110"	"46889.142"	"3d6.4s2"	"b 3F2"	"4"	"3d6.(3F2).4s.4p.(3P*)"	"x 3F*"	"4"	9	9		
"3809.0396"	"3809.0399"	"1.7e+06"	E	"23051.750"	"49297.635"	"3d7.(4P).4s"	"b 3P"	"0"	"3d6.(3F2).4s.4p.(3P*)"	"v 3D*"	"1"	1	3		
"3809.5641"	"3809.56388"	"1.43e+06"	C+	"24180.862"	"50423.137"	"3d6.(5D).4s.4p.(3P*)"	"z 7P*"	"3"	"3d6.(5D).4s (6D).4d"	"f 5D"	"4"	7	9		
"3810.7554"	"3810.7555"	"1.94e+07"	C+	"26623.735"	"52857.804"	"3d7.(2D2).4s"	"a 3D"	"2"	"3d7.(2D2).4p"	"t 3D*"	"1"	5	3		
"3811.0348"	"3811.03432"	"2.06e+05"	C+	"21999.130"	"48231.280"	"3d7.(2G).4s"	"a 3G"	"4"	"3d6.(3G).4s.4p.(3P*)"	"y 5H*"	"5"	9	11		
"3811.8042"	"3811.80404"	""		"27166.820"	"53393.673"	"3d6.(5D).4s.4p.(3P*)"	"z 5F*"	"4"	"3d7.(4F).4d"	"g 5F"	"4"	9	9		
"3811.8907"	"3811.8907"	"2.52e+06"	B+	"22249.429"	"48475.686"	"3d7.(2G).4s"	"a 3G"	"3"	"3d6.(3G).4s.4p.(3P*)"	"y 5H*"	"3"	7	7		
""	"3812.07789"	"1.4e-02"	E	"0.000"	"26224.969"	"3d6.4s2"	"a 5D"	"4"	"3d7.(2D2).4s"	"a 3D"	"3"	9	7	M1	
""	"3812.07789"	"7.0e-03"	E	"0.000"	"26224.969"	"3d6.4s2"	"a 5D"	"4"	"3d7.(2D2).4s"	"a 3D"	"3"	9	7	E2	
"3812.9643"	"3812.96424"	"7.91e+06"	A	"7728.060"	"33946.933"	"3d7.(4F).4s"	"a 5F"	"3"	"3d6.(5D).4s.4p.(3P*)"	"z 3P*"	"2"	7	5		
"3813.0578"	"3813.05775"	"5.52e+06"	B	"20874.482"	"47092.712"	"3d6.4s2"	"b 3F2"	"3"	"3d6.(3F2).4s.4p.(3P*)"	"x 3F*"	"3"	7	7		
"3813.6347"	"3813.63450"	"2.07e+06"	C+	"21715.732"	"47929.997"	"3d7.(2G).4s"	"a 3G"	"5"	"3d6.(3G).4s.4p.(3P*)"	"v 5F*"	"4"	11	9		
"3813.8842"	"3813.8834"	"6.62e+06"	B	"29313.008"	"55525.562"	"3d6.4s2"	"a 1I"	"6"	"3d6.(1G2).4s.4p.(3P*)"	"v 3H*"	"5"	13	11		
"3813.9331"	"3813.9325"	"2.91e+05"	C	"19621.006"	"45833.223"	"3d6.4s2"	"a 3H"	"5"	"3d6.(3F2).4s.4p.(3P*)"	"x 5G*"	"4"	11	9		
"3814.5229"	"3814.52303"	"6.24e+05"	A	"8154.714"	"34362.873"	"3d7.(4F).4s"	"a 5F"	"1"	"3d6.(5D).4s.4p.(3P*)"	"z 3P*"	"1"	3	3		
"3814.7787"	"3814.7788"	""		"27543.003"	"53749.405"	"3d7.(2P).4s"	"a 1P"	"1"	"3d6.(3G).4s.4p.(3P*)"	"3F*"	"2"	3	5		
"3815.8400"	"3815.83970"	"1.12e+08"	A	"11976.239"	"38175.355"	"3d7.(4F).4s"	"a 3F"	"4"	"3d7.(4F).4p"	"y 3D*"	"3"	9	7		
"3816.3400"	"3816.34022"	"4.16e+06"	D+	"17726.988"	"43922.668"	"3d7.(4P).4s"	"a 5P"	"2"	"3d6.(3P2).4s.4p.(3P*)"	"w 5D*"	"3"	5	7		
"3817.451"	"3817.4517"	""		"31322.613"	"57510.666"	"3d6.(5D).4s.4p.(3P*)"	"z 3D*"	"3"	"3d7.(4F).6s"	"5F"	"3"	7	7		
"3817.6392"	"3817.63905"	"7.7e+06"	E	"26874.550"	"53061.318"	"3d6.(5D).4s.4p.(3P*)"	"z 5F*"	"5"	"3d7.(4F).4d"	"g 5F"	"5"	11	11		
"3818.618"	"3818.6149"	""		"27543.003"	"53723.079"	"3d7.(2P).4s"	"a 1P"	"1"	"3d6.(3D).4s.4p.(3P*)"	"5F*"	"2"	3	5		
"3819.4930"	"3819.49263"	"4.9e+06"	E	"27394.691"	"53568.751"	"3d6.(5D).4s.4p.(3P*)"	"z 5F*"	"3"	"3d7.(4F).4d"	"f 5P"	"2"	7	5		
"3820.4249"	"3820.42491"	"6.67e+07"	A	"6928.268"	"33095.941"	"3d7.(4F).4s"	"a 5F"	"5"	"3d7.(4F).4p"	"y 5D*"	"4"	11	9		
"3821.1776"	"3821.1774"	"5.54e+07"	B+	"26351.040"	"52513.560"	"3d7.(2H).4s"	"b 3H"	"5"	"3d7.(2H).4p"	"y 3I*"	"6"	11	13		
"3821.8342"	"3821.83434"	"7.30e+06"	B	"21038.987"	"47197.010"	"3d6.4s2"	"b 3F2"	"2"	"3d6.(3F2).4s.4p.(3P*)"	"x 3F*"	"2"	5	5		
"3824.0744"	"3824.07361"	""		"20874.482"	"47017.188"	"3d6.4s2"	"b 3F2"	"3"	"3d7.(4P).4p"	"w 3D*"	"3"	7	7		
"3824.3035"	"3824.3036"	""		"26627.609"	"52768.743"	"3d7.(2H).4s"	"b 3H"	"4"	"3d7.(2H).4p"	"w 3H*"	"4"	9	9		
"3824.4435"	"3824.44329"	"2.83e+06"	A	"0.000"	"26140.179"	"3d6.4s2"	"a 5D"	"4"	"3d6.(5D).4s.4p.(3P*)"	"z 5D*"	"3"	9	7		
"3824.5553"	"3824.5557"	""		"21715.732"	"47855.143"	"3d7.(2G).4s"	"a 3G"	"5"	"3d6.(3G).4s.4p.(3P*)"	"y 5H*"	"6"	11	13		
"3825.4025"	"3825.40229"	"6.47e+05"	C	"18378.186"	"44511.812"	"3d6.4s2"	"a 3P2"	"2"	"3d7.(4P).4p"	"y 5S*"	"2"	5	5		
"3825.8809"	"3825.88058"	"5.97e+07"	A	"7376.764"	"33507.123"	"3d7.(4F).4s"	"a 5F"	"4"	"3d7.(4F).4p"	"y 5D*"	"3"	9	7		
"3826.626"	"3826.6294"	""		"19788.251"	"45913.497"	"3d6.4s2"	"a 3H"	"4"	"3d6.(3F2).4s.4p.(3P*)"	"x 5G*"	"3"	9	7		
"3826.8412"	"3826.84148"	"2.29e+06"	C+	"21999.130"	"48122.928"	"3d7.(2G).4s"	"a 3G"	"4"	"3d6.(3G).4s.4p.(3P*)"	"v 5F*"	"3"	9	7		
"3827.5713"	"3827.57115"	"1.56e+06"	B	"21715.732"	"47834.550"	"3d7.(2G).4s"	"a 3G"	"5"	"3d6.(3F2).4s.4p.(3P*)"	"x 3G*"	"5"	11	11		
"3827.8224"	"3827.82220"	"1.05e+08"	A	"12560.934"	"38678.039"	"3d7.(4F).4s"	"a 3F"	"3"	"3d7.(4F).4p"	"y 3D*"	"2"	7	5		
"3828.150"	"3828.14995"	""		"27166.820"	"53281.689"	"3d6.(5D).4s.4p.(3P*)"	"z 5F*"	"4"	"3d7.(4F).4d"	"f 5G"	"5"	9	11		
"3828.5037"	"3828.50415"	"3.22e+05"	B	"22249.429"	"48361.882"	"3d7.(2G).4s"	"a 3G"	"3"	"3d6.(3G).4s.4p.(3P*)"	"y 5H*"	"4"	7	9		
"3829.4516"	"3829.4517"	"1.32e+07"	C	"26406.465"	"52512.457"	"3d7.(2D2).4s"	"a 3D"	"1"	"3d7.(2P).4p"	"u 3D*"	"1"	3	3		
"3829.764"	"3829.76109"	"7.5e+05"	E	"20641.110"	"46744.993"	"3d6.4s2"	"b 3F2"	"4"	"3d7.(4P).4p"	"u 5D*"	"3"	9	7		
"3830.7572"	"3830.75697"	"1.04e+06"	C+	"21038.987"	"47136.084"	"3d6.4s2"	"b 3F2"	"2"	"3d7.(4P).4p"	"w 3D*"	"2"	5	5		
"3830.8617"	"3830.86134"	"1.07e+06"	B	"21715.732"	"47812.118"	"3d7.(2G).4s"	"a 3G"	"5"	"3d6.(3F2).4s.4p.(3P*)"	"x 3G*"	"4"	11	9		
"3833.3079"	"3833.30771"	"4.68e+06"	B	"20641.110"	"46720.842"	"3d6.4s2"	"b 3F2"	"4"	"3d7.(4P).4p"	"u 5D*"	"4"	9	9		
"3834.2222"	"3834.22219"	"4.52e+07"	A	"7728.060"	"33801.572"	"3d7.(4F).4s"	"a 5F"	"3"	"3d7.(4F).4p"	"y 5D*"	"2"	7	5		
"3834.4552"	"3834.4518"	""		"26224.969"	"52296.920"	"3d7.(2D2).4s"	"a 3D"	"3"	"3d7.(2P).4p"	"u 3D*"	"2"	7	5		
"3836.3301"	"3836.33025"	"3.29e+07"	C+	"26623.735"	"52682.920"	"3d7.(2D2).4s"	"a 3D"	"2"	"3d7.(2D2).4p"	"t 3D*"	"2"	5	5		
"3836.9151"	"3836.91494"	""		"22249.429"	"48304.643"	"3d7.(2G).4s"	"a 3G"	"3"	"3d7.(4P).4p"	"x 3P*"	"2"	7	5		
"3837.1347"	"3837.13423"	"1.08e+06"	C	"21038.987"	"47092.712"	"3d6.4s2"	"b 3F2"	"2"	"3d6.(3F2).4s.4p.(3P*)"	"x 3F*"	"3"	5	7		
"3839.2556"	"3839.2558"	"2.35e+07"	B	"24574.655"	"50613.983"	"3d7.(2G).4s"	"a 1G"	"4"	"3d6.(3F2).4s.4p.(3P*)"	"x 1G*"	"4"	9	9		
"3840.4372"	"3840.43720"	"4.70e+07"	A	"7985.785"	"34017.103"	"3d7.(4F).4s"	"a 5F"	"2"	"3d7.(4F).4p"	"y 5D*"	"1"	5	3		
"3841.0477"	"3841.04750"	"1.36e+08"	B+	"12968.554"	"38995.736"	"3d7.(4F).4s"	"a 3F"	"2"	"3d7.(4F).4p"	"y 3D*"	"1"	5	3		
"3842.8960"	"3842.89641"	"4.87e+05"	C	"20874.482"	"46889.142"	"3d6.4s2"	"b 3F2"	"3"	"3d6.(3F2).4s.4p.(3P*)"	"x 3F*"	"4"	7	9		
"3842.9885"	"3842.98874"	"3.91e+05"	C	"20874.482"	"46888.517"	"3d6.4s2"	"b 3F2"	"3"	"3d7.(4P).4p"	"u 5D*"	"2"	7	5		
"3843.2565"	"3843.2565"	"3.70e+07"	B	"24574.655"	"50586.878"	"3d7.(2G).4s"	"a 1G"	"4"	"3d7.(2G).4p"	"z 1F*"	"3"	9	7		
"3845.1686"	"3845.16842"	"6.07e+06"	B+	"19552.478"	"45551.767"	"3d6.4s2"	"a 3P2"	"1"	"3d6.(3P2).4s.4p.(3P*)"	"x 3D*"	"1"	3	3		
"3845.2150"	"3845.21383"	""		"27394.691"	"53393.673"	"3d6.(5D).4s.4p.(3P*)"	"z 5F*"	"3"	"3d7.(4F).4d"	"g 5F"	"4"	7	9		
"3845.6948"	"3845.69383"	"5.89e+06"	B	"28604.613"	"54600.350"	"3d7.(2D2).4s"	"a 1D"	"2"	"3d6.(3G).4s.4p.(3P*)"	"t 3G*"	"3"	5	7		
"3845.9849"	"3845.98440"	"4.5e+06"	D	"27166.820"	"53160.593"	"3d6.(5D).4s.4p.(3P*)"	"z 5F*"	"4"	"3d7.(4F).4d"	"f 5P"	"3"	9	7		
"3846.2832"	"3846.2823"	""		"29798.936"	"55790.696"	"3d6.4s2"	"b 1G2"	"4"	"3d6.(1G2).4s.4p.(3P*)"	"s 3G*"	"3"	9	7		
"3846.4091"	"3846.4092"	"1.68e+07"	C+	"28819.954"	"54810.856"	"3d7.(2H).4s"	"a 1H"	"5"	"3d6.(3G).4s.4p.(3P*)"	"w 1G*"	"4"	11	9		
"3846.800"	"3846.79066"	""		"27166.820"	"53155.145"	"3d6.(5D).4s.4p.(3P*)"	"z 5F*"	"4"	"3d7.(4F).4d"	"h 5D"	"4"	9	9		
"3846.800"	"3846.8001"	"6.20e+07"	B	"26224.969"	"52213.230"	"3d7.(2D2).4s"	"a 3D"	"3"	"3d7.(2D2).4p"	"t 3D*"	"3"	7	7		
"3846.9333"	"3846.9343"	"3.44e+05"	C+	"19621.006"	"45608.361"	"3d6.4s2"	"a 3H"	"5"	"3d6.(3F2).4s.4p.(3P*)"	"x 5G*"	"6"	11	13		
"3848.2885"	"3848.28984"	"4.8e+05"	D	"21038.987"	"47017.188"	"3d6.4s2"	"b 3F2"	"2"	"3d7.(4P).4p"	"w 3D*"	"3"	5	7		
"3849.9664"	"3849.96631"	"6.05e+07"	A	"8154.714"	"34121.603"	"3d7.(4F).4s"	"a 5F"	"1"	"3d7.(4F).4p"	"y 5D*"	"0"	3	1		
"3850.8176"	"3850.81771"	"1.66e+06"	A	"7985.785"	"33946.933"	"3d7.(4F).4s"	"a 5F"	"2"	"3d6.(5D).4s.4p.(3P*)"	"z 3P*"	"2"	5	5		
"3852.5724"	"3852.57240"	"3.26e+06"	C	"17550.181"	"43499.505"	"3d7.(4P).4s"	"a 5P"	"3"	"3d6.(3P2).4s.4p.(3P*)"	"w 5D*"	"4"	7	9		
"3853.4565"	"3853.4564"	"5.8e+05"	D	"23783.619"	"49726.990"	"3d6.4s2"	"b 3G"	"5"	"3d7.(2G).4p"	"y 3H*"	"4"	11	9		
"3854.3663"	"3854.36600"	"5.07e+06"	C+	"25899.989"	"51837.238"	"3d6.(5D).4s.4p.(3P*)"	"z 5D*"	"4"	"3d6.(5D).4s (6D).4d"	"e 5P"	"3"	9	7		
"3855.3135"	"3855.31464"	""		"21999.130"	"47929.997"	"3d7.(2G).4s"	"a 3G"	"4"	"3d6.(3G).4s.4p.(3P*)"	"v 5F*"	"4"	9	9		
"3855.8451"	"3855.84654"	""		"26140.179"	"52067.469"	"3d6.(5D).4s.4p.(3P*)"	"z 5D*"	"3"	"3d6.(5D).4s (6D).4d"	"e 5P"	"2"	7	5		
"3856.3713"	"3856.37115"	"4.64e+06"	A	"415.933"	"26339.696"	"3d6.4s2"	"a 5D"	"3"	"3d6.(5D).4s.4p.(3P*)"	"z 5D*"	"2"	7	5		
""	"3856.97150"	"1.1e-02"	E	"704.007"	"26623.735"	"3d6.4s2"	"a 5D"	"2"	"3d7.(2D2).4s"	"a 3D"	"2"	5	5	M1	
"3859.2123"	"3859.21236"	"7.25e+06"	B+	"19390.168"	"45294.846"	"3d6.4s2"	"a 3H"	"6"	"3d6.(3H).4s.4p.(3P*)"	"y 3G*"	"5"	13	11		
"3859.9111"	"3859.91106"	"9.69e+06"	A	"0.000"	"25899.989"	"3d6.4s2"	"a 5D"	"4"	"3d6.(5D).4s.4p.(3P*)"	"z 5D*"	"4"	9	9		
"3861.3400"	"3861.34337"	""		"21715.732"	"47606.114"	"3d7.(2G).4s"	"a 3G"	"5"	"3d6.(3G).4s.4p.(3P*)"	"v 5F*"	"5"	11	11		
"3863.6903"	"3863.69130"	"4.37e+06"	B	"26339.696"	"52214.345"	"3d6.(5D).4s.4p.(3P*)"	"z 5D*"	"2"	"3d6.(5D).4s (4D).5s"	"g 5D"	"1"	5	3		
"3863.7411"	"3863.74103"	"1.84e+06"	C+	"21715.732"	"47590.048"	"3d7.(2G).4s"	"a 3G"	"5"	"3d6.(3G).4s.4p.(3P*)"	"w 5G*"	"4"	11	9		
"3864.593"	"3864.5911"	""		"33946.933"	"59815.558"	"3d6.(5D).4s.4p.(3P*)"	"z 3P*"	"2"	"3d6.4s.(4D).4d"	"3F"	"2"	5	5		
"3865.5228"	"3865.52292"	"1.55e+07"	A	"8154.714"	"34017.103"	"3d7.(4F).4s"	"a 5F"	"1"	"3d7.(4F).4p"	"y 5D*"	"1"	3	3		
"3867.019"	"3867.0210"	""		"34362.873"	"60215.243"	"3d6.(5D).4s.4p.(3P*)"	"z 3P*"	"1"	"3d6.4s.(4D).4d"	"3P"	"1"	3	3		
"3867.2157"	"3867.21579"	"3.16e+07"	B	"24335.766"	"50186.834"	"3d7.(2P).4s"	"c 3P"	"2"	"3d7.(2P).4p"	"w 3P*"	"2"	5	5		
"3867.9203"	"3867.92023"	"7.06e+05"	C+	"20874.482"	"46720.842"	"3d6.4s2"	"b 3F2"	"3"	"3d7.(4P).4p"	"u 5D*"	"4"	7	9		
"3868.2320"	"3868.23378"	""		"23783.619"	"49627.884"	"3d6.4s2"	"b 3G"	"5"	"3d7.(2G).4p"	"v 3G*"	"4"	11	9		
"3869.5580"	"3869.55814"	"1.59e+06"	B	"21999.130"	"47834.550"	"3d7.(2G).4s"	"a 3G"	"4"	"3d6.(3F2).4s.4p.(3P*)"	"x 3G*"	"5"	9	11		
"3869.6078"	"3869.6074"	"9.83e+05"	B	"21999.130"	"47834.221"	"3d7.(2G).4s"	"a 3G"	"4"	"3d6.(3F2).4s.4p.(3P*)"	"x 3G*"	"3"	9	7		
"3871.7477"	"3871.7480"	"5.83e+06"	B	"23783.619"	"49604.427"	"3d6.4s2"	"b 3G"	"5"	"3d7.(2G).4p"	"y 3H*"	"5"	11	11		
"3872.5009"	"3872.50102"	"1.05e+07"	A	"7985.785"	"33801.572"	"3d7.(4F).4s"	"a 5F"	"2"	"3d7.(4F).4p"	"y 5D*"	"2"	5	5		
"3872.9210"	"3872.92094"	"8.86e+05"	B	"21999.130"	"47812.118"	"3d7.(2G).4s"	"a 3G"	"4"	"3d6.(3F2).4s.4p.(3P*)"	"x 3G*"	"4"	9	9		
"3873.7603"	"3873.76015"	"6.57e+06"	B+	"19621.006"	"45428.402"	"3d6.4s2"	"a 3H"	"5"	"3d6.(3H).4s.4p.(3P*)"	"y 3G*"	"4"	11	9		
"3874.0532"	"3874.05348"	""		"18378.186"	"44183.628"	"3d6.4s2"	"a 3P2"	"2"	"3d6.(3P2).4s.4p.(3P*)"	"w 5D*"	"2"	5	5		
"3876.0397"	"3876.03965"	"1.15e+05"	C+	"8154.714"	"33946.933"	"3d7.(4F).4s"	"a 5F"	"1"	"3d6.(5D).4s.4p.(3P*)"	"z 3P*"	"2"	3	5		
"3876.6701"	"3876.67080"	""		"18378.186"	"44166.206"	"3d6.4s2"	"a 3P2"	"2"	"3d6.(3F2).4s.4p.(3P*)"	"v 5D*"	"3"	5	7		
"3878.0180"	"3878.01779"	"7.72e+06"	A	"7728.060"	"33507.123"	"3d7.(4F).4s"	"a 5F"	"3"	"3d7.(4F).4p"	"y 5D*"	"3"	7	7		
"3878.182"	"3878.18297"	""		"26479.381"	"52257.346"	"3d6.(5D).4s.4p.(3P*)"	"z 5D*"	"1"	"3d6.(5D).4s (4D).5s"	"g 5D"	"0"	3	1		
"3878.5730"	"3878.57282"	"6.17e+06"	B+	"704.007"	"26479.381"	"3d6.4s2"	"a 5D"	"2"	"3d6.(5D).4s.4p.(3P*)"	"z 5D*"	"1"	5	3		
"3878.6707"	"3878.67079"	"7.02e+06"	B+	"19788.251"	"45562.974"	"3d6.4s2"	"a 3H"	"4"	"3d6.(3H).4s.4p.(3P*)"	"y 3G*"	"3"	9	7		
"3878.7256"	"3878.7262"	"5.34e+07"	C+	"26406.465"	"52180.820"	"3d7.(2D2).4s"	"a 3D"	"1"	"3d7.(2P).4p"	"1P*"	"1"	3	3		
"3881.9734"	"3881.97393"	""		"28604.613"	"54357.405"	"3d7.(2D2).4s"	"a 1D"	"2"	"3d7.(4F).5p"	"3G*"	"3"	5	7		
"3883.2797"	"3883.27981"	"1.28e+07"	C+	"26224.969"	"51969.101"	"3d7.(2D2).4s"	"a 3D"	"3"	"3d7.(2P).4p"	"u 3D*"	"3"	7	7		
"3884.3584"	"3884.35819"	"3.99e+06"	B	"21715.732"	"47452.717"	"3d7.(2G).4s"	"a 3G"	"5"	"3d7.(2G).4p"	"z 1G*"	"4"	11	9		
"3885.1453"	"3885.14529"	"8.36e+05"	C	"24118.819"	"49850.590"	"3d6.4s2"	"b 3G"	"4"	"3d7.(2G).4p"	"v 3G*"	"3"	9	7		
"3885.5103"	"3885.51012"	"7.26e+06"	B+	"19552.478"	"45281.833"	"3d6.4s2"	"a 3P2"	"1"	"3d6.(3P2).4s.4p.(3P*)"	"x 3D*"	"2"	3	5		
"3885.9202"	"3885.9223"	""		"29798.936"	"55525.562"	"3d6.4s2"	"b 1G2"	"4"	"3d6.(1G2).4s.4p.(3P*)"	"v 3H*"	"5"	9	11		
"3886.2820"	"3886.28183"	"5.29e+06"	A	"415.933"	"26140.179"	"3d6.4s2"	"a 5D"	"3"	"3d6.(5D).4s.4p.(3P*)"	"z 5D*"	"3"	7	7		
"3887.0480"	"3887.04779"	"3.52e+06"	A	"7376.764"	"33095.941"	"3d7.(4F).4s"	"a 5F"	"4"	"3d7.(4F).4p"	"y 5D*"	"4"	9	9		
"3888.4160"	"3888.41607"	""		"26339.696"	"52049.823"	"3d6.(5D).4s.4p.(3P*)"	"z 5D*"	"2"	"3d6.(5D).4s (4D).5s"	"g 5D"	"2"	5	5		
"3888.5132"	"3888.51317"	"2.50e+07"	B+	"12968.554"	"38678.039"	"3d7.(4F).4s"	"a 3F"	"2"	"3d7.(4F).4p"	"y 3D*"	"2"	5	5		
"3888.8213"	"3888.82145"	"1.95e+07"	C+	"24335.766"	"50043.213"	"3d7.(2P).4s"	"c 3P"	"2"	"3d7.(2P).4p"	"w 3P*"	"1"	5	3		
"3889.9199"	"3889.91865"	""		"26339.696"	"52039.892"	"3d6.(5D).4s.4p.(3P*)"	"z 5D*"	"2"	"3d6.(5D).4s (4D).5s"	"e 3D"	"1"	5	3		
"3890.3955"	"3890.39353"	"1.67e+06"	C	"26140.179"	"51837.238"	"3d6.(5D).4s.4p.(3P*)"	"z 5D*"	"3"	"3d6.(5D).4s (6D).4d"	"e 5P"	"3"	7	7		
"3890.8402"	"3890.84021"	"3.06e+06"	C+	"21999.130"	"47693.239"	"3d7.(2G).4s"	"a 3G"	"4"	"3d6.(3G).4s.4p.(3P*)"	"w 5G*"	"3"	9	7		
"3891.9262"	"3891.9264"	"2.71e+07"	C+	"27543.003"	"53229.941"	"3d7.(2P).4s"	"a 1P"	"1"	"3d7.(2D2).4p"	"v 3P*"	"1"	3	3		
"3892.8920"	"3892.89184"	""		"22249.429"	"47929.997"	"3d7.(2G).4s"	"a 3G"	"3"	"3d6.(3G).4s.4p.(3P*)"	"v 5F*"	"4"	7	9		
"3892.9819"	"3892.98204"	""		"26339.696"	"52019.669"	"3d6.(5D).4s.4p.(3P*)"	"z 5D*"	"2"	"3d6.(5D).4s (6D).4d"	"e 5P"	"1"	5	3		
"3893.3091"	"3893.30922"	"4.52e+06"	B	"22838.323"	"48516.138"	"3d7.(4P).4s"	"b 3P"	"2"	"3d7.(4P).4p"	"x 3P*"	"1"	5	3		
"3893.3901"	"3893.38988"	"1.00e+07"	B+	"23783.619"	"49460.902"	"3d6.4s2"	"b 3G"	"5"	"3d7.(2G).4p"	"v 3G*"	"5"	11	11		
"3893.9122"	"3893.91202"	"5.45e+05"	B+	"19621.006"	"45294.846"	"3d6.4s2"	"a 3H"	"5"	"3d6.(3H).4s.4p.(3P*)"	"y 3G*"	"5"	11	11		
"3894.0117"	"3894.0114"	"1.03e+07"	B	"26623.735"	"52296.920"	"3d7.(2D2).4s"	"a 3D"	"2"	"3d7.(2P).4p"	"u 3D*"	"2"	5	5		
""	"3895.42538"	"3.38e+06"	C+	"26550.479"	"52214.345"	"3d6.(5D).4s.4p.(3P*)"	"z 5D*"	"0"	"3d6.(5D).4s (4D).5s"	"g 5D"	"1"	1	3		
"3895.6562"	"3895.65597"	"9.39e+06"	A	"888.132"	"26550.479"	"3d6.4s2"	"a 5D"	"1"	"3d6.(5D).4s.4p.(3P*)"	"z 5D*"	"0"	3	1		
"3897.4485"	"3897.4486"	"1.78e+06"	D+	"23783.619"	"49434.163"	"3d6.4s2"	"b 3G"	"5"	"3d7.(2G).4p"	"y 3H*"	"6"	11	13		
"3897.8896"	"3897.8893"	"6.20e+06"	B	"21715.732"	"47363.376"	"3d7.(2G).4s"	"a 3G"	"5"	"3d6.(3G).4s.4p.(3P*)"	"w 5G*"	"6"	11	13		
"3898.0086"	"3898.00874"	"8.00e+05"	C+	"8154.714"	"33801.572"	"3d7.(4F).4s"	"a 5F"	"1"	"3d7.(4F).4p"	"y 5D*"	"2"	3	5		
"3899.0286"	"3899.02841"	"7.60e+05"	B+	"19788.251"	"45428.402"	"3d6.4s2"	"a 3H"	"4"	"3d6.(3H).4s.4p.(3P*)"	"y 3G*"	"4"	9	9		
"3899.7071"	"3899.70707"	"2.58e+06"	A	"704.007"	"26339.696"	"3d6.4s2"	"a 5D"	"2"	"3d6.(5D).4s.4p.(3P*)"	"z 5D*"	"2"	5	5		
"3900.515"	"3900.51516"	"7.9e+06"	D	"26140.179"	"51770.557"	"3d6.(5D).4s.4p.(3P*)"	"z 5D*"	"3"	"3d6.(5D).4s (4D).5s"	"g 5D"	"3"	7	7		
"3902.9455"	"3902.94512"	"2.14e+07"	A	"12560.934"	"38175.355"	"3d7.(4F).4s"	"a 3F"	"3"	"3d7.(4F).4p"	"y 3D*"	"3"	7	7		
"3903.8976"	"3903.8977"	"7.61e+06"	B	"24118.819"	"49726.990"	"3d6.4s2"	"b 3G"	"4"	"3d7.(2G).4p"	"y 3H*"	"4"	9	9		
"3906.4795"	"3906.47918"	"8.32e+05"	A	"888.132"	"26479.381"	"3d6.4s2"	"a 5D"	"1"	"3d6.(5D).4s.4p.(3P*)"	"z 5D*"	"1"	3	3		
"3906.5320"	"3906.52971"	""		"21999.130"	"47590.048"	"3d7.(2G).4s"	"a 3G"	"4"	"3d6.(3G).4s.4p.(3P*)"	"w 5G*"	"4"	9	9		
"3906.7468"	"3906.7470"	"7.05e+06"	B	"26623.735"	"52213.230"	"3d7.(2D2).4s"	"a 3D"	"2"	"3d7.(2D2).4p"	"t 3D*"	"3"	5	7		
"3907.4650"	"3907.4651"	"8.15e+05"	B	"22249.429"	"47834.221"	"3d7.(2G).4s"	"a 3G"	"3"	"3d6.(3F2).4s.4p.(3P*)"	"x 3G*"	"3"	7	7		
"3907.9338"	"3907.93374"	"6.67e+06"	C	"22249.429"	"47831.153"	"3d7.(2G).4s"	"a 3G"	"3"	"3d6.(3G).4s.4p.(3P*)"	"w 5G*"	"2"	7	5		
"3908.8423"	"3908.8418"	""		"33946.933"	"59522.714"	"3d6.(5D).4s.4p.(3P*)"	"z 3P*"	"2"	"3d6.4s.(4D).4d"	"3F"	"3"	5	7		
"3909.6573"	"3909.65801"	"5.7e+06"	E	"26479.381"	"52049.823"	"3d6.(5D).4s.4p.(3P*)"	"z 5D*"	"1"	"3d6.(5D).4s (4D).5s"	"g 5D"	"2"	3	5		
"3909.8293"	"3909.82927"	"6.99e+06"	B	"22946.816"	"48516.138"	"3d7.(4P).4s"	"b 3P"	"1"	"3d7.(4P).4p"	"x 3P*"	"1"	3	3		
"3910.8434"	"3910.84381"	"1.37e+06"	C+	"22249.429"	"47812.118"	"3d7.(2G).4s"	"a 3G"	"3"	"3d6.(3F2).4s.4p.(3P*)"	"x 3G*"	"4"	7	9		
"3910.9988"	"3910.99803"	"2.68e+06"	C+	"25899.989"	"51461.670"	"3d6.(5D).4s.4p.(3P*)"	"z 5D*"	"4"	"3d6.(5D).4s (6D).4d"	"f 5F"	"4"	9	9		
"3913.6316"	"3913.63135"	"1.35e+06"	B	"18378.186"	"43922.668"	"3d6.4s2"	"a 3P2"	"2"	"3d6.(3P2).4s.4p.(3P*)"	"w 5D*"	"3"	5	7		
"3914.2727"	"3914.27403"	"5.8e+06"	D	"26479.381"	"52019.669"	"3d6.(5D).4s.4p.(3P*)"	"z 5D*"	"1"	"3d6.(5D).4s (6D).4d"	"e 5P"	"1"	3	3		
"3916.7307"	"3916.7305"	"9.83e+06"	B	"26105.908"	"51630.178"	"3d7.(2H).4s"	"b 3H"	"6"	"3d6.(3H).4s.4p.(3P*)"	"1H*"	"5"	13	11		
"3917.1807"	"3917.18051"	"4.34e+05"	A	"7985.785"	"33507.123"	"3d7.(4F).4s"	"a 5F"	"2"	"3d7.(4F).4p"	"y 5D*"	"3"	5	7		
""	"3917.64180"	"1.2e-02"	E	"888.132"	"26406.465"	"3d6.4s2"	"a 5D"	"1"	"3d7.(2D2).4s"	"a 3D"	"1"	3	3	M1	
""	"3917.64180"	"4.0e-03"	E	"888.132"	"26406.465"	"3d6.4s2"	"a 5D"	"1"	"3d7.(2D2).4s"	"a 3D"	"1"	3	3	E2	
"3918.3150"	"3918.3147"	"6.03e+06"	B+	"20037.816"	"45551.767"	"3d6.4s2"	"a 3P2"	"0"	"3d6.(3P2).4s.4p.(3P*)"	"x 3D*"	"1"	1	3		
"3918.4152"	"3918.4151"	"4.22e+07"	C+	"22946.816"	"48460.113"	"3d7.(4P).4s"	"b 3P"	"1"	"3d7.(4P).4p"	"x 3P*"	"0"	3	1		
"3918.6414"	"3918.64151"	"1.17e+07"	C+	"24338.767"	"49850.590"	"3d6.4s2"	"b 3G"	"3"	"3d7.(2G).4p"	"v 3G*"	"3"	7	7		
"3919.0652"	"3919.06519"	"3.72e+06"	C+	"24118.819"	"49627.884"	"3d6.4s2"	"b 3G"	"4"	"3d7.(2G).4p"	"v 3G*"	"4"	9	9		
"3920.2578"	"3920.25748"	"2.60e+06"	A	"978.074"	"26479.381"	"3d6.4s2"	"a 5D"	"0"	"3d6.(5D).4s.4p.(3P*)"	"z 5D*"	"1"	1	3		
"3920.837"	"3920.83636"	"2.92e+06"	C+	"26339.696"	"51837.238"	"3d6.(5D).4s.4p.(3P*)"	"z 5D*"	"2"	"3d6.(5D).4s (6D).4d"	"e 5P"	"3"	5	7		
"3921.2721"	"3921.2719"	"5.54e+04"	C+	"20641.110"	"46135.820"	"3d6.4s2"	"b 3F2"	"4"	"3d6.(3H).4s.4p.(3P*)"	"z 3I*"	"5"	9	11		
"3922.9115"	"3922.91129"	"1.08e+06"	A	"415.933"	"25899.989"	"3d6.4s2"	"a 5D"	"3"	"3d6.(5D).4s.4p.(3P*)"	"z 5D*"	"4"	7	9		
"3925.2002"	"3925.20109"	"6.2e+06"	D	"26550.479"	"52019.669"	"3d6.(5D).4s.4p.(3P*)"	"z 5D*"	"0"	"3d6.(5D).4s (6D).4d"	"e 5P"	"1"	1	3		
"3925.6435"	"3925.64346"	"8.04e+06"	B	"22838.323"	"48304.643"	"3d7.(4P).4s"	"b 3P"	"2"	"3d7.(4P).4p"	"x 3P*"	"2"	5	5		
"3925.9410"	"3925.94131"	"1.67e+07"	C+	"23051.750"	"48516.138"	"3d7.(4P).4s"	"b 3P"	"0"	"3d7.(4P).4p"	"x 3P*"	"1"	1	3		
"3926.0129"	"3926.01285"	"7.26e+06"	B	"26140.179"	"51604.103"	"3d6.(5D).4s.4p.(3P*)"	"z 5D*"	"3"	"3d6.(5D).4s (6D).4d"	"f 5F"	"3"	7	7		
"3927.7495"	"3927.7465"	""		"34362.873"	"59815.558"	"3d6.(5D).4s.4p.(3P*)"	"z 3P*"	"1"	"3d6.4s.(4D).4d"	"3F"	"2"	3	5		
"3927.920"	"3927.91947"	"2.60e+06"	B+	"888.132"	"26339.696"	"3d6.4s2"	"a 5D"	"1"	"3d6.(5D).4s.4p.(3P*)"	"z 5D*"	"2"	3	5		
"3927.920"	"3927.92194"	""		"22838.323"	"48289.871"	"3d7.(4P).4s"	"b 3P"	"2"	"3d5.(6S).4s2.4p"	"v 5P*"	"1"	5	3		
"3928.0827"	"3928.08323"	"5.64e+06"	B	"25899.989"	"51350.492"	"3d6.(5D).4s.4p.(3P*)"	"z 5D*"	"4"	"3d6.(5D).4s (4D).5s"	"g 5D"	"4"	9	9		
"3929.1161"	"3929.11653"	"8.11e+05"	C+	"22249.429"	"47693.239"	"3d7.(2G).4s"	"a 3G"	"3"	"3d6.(3G).4s.4p.(3P*)"	"w 5G*"	"3"	7	7		
"3929.2080"	"3929.2081"	"2.09e+06"	C+	"26224.969"	"51668.186"	"3d7.(2D2).4s"	"a 3D"	"3"	"3d7.(2H).4p"	"u 3G*"	"4"	7	9		
"3930.2964"	"3930.29640"	"1.99e+06"	B+	"704.007"	"26140.179"	"3d6.4s2"	"a 5D"	"2"	"3d6.(5D).4s.4p.(3P*)"	"z 5D*"	"3"	5	7		
"3931.1170"	"3931.11722"	"4.8e+06"	E	"26339.696"	"51770.557"	"3d6.(5D).4s.4p.(3P*)"	"z 5D*"	"2"	"3d6.(5D).4s (4D).5s"	"g 5D"	"3"	5	7		
""	"3931.49908"	"1.1e-02"	E	"978.074"	"26406.465"	"3d6.4s2"	"a 5D"	"0"	"3d7.(2D2).4s"	"a 3D"	"1"	1	3	M1	
"3932.2440"	"3932.24338"	""		"29056.324"	"54479.902"	"3d6.(5D).4s.4p.(3P*)"	"z 5P*"	"3"	"3d6.4s.(6D).6s"	"5D"	"4"	7	9		
"3932.6271"	"3932.62701"	"2.70e+06"	C+	"21999.130"	"47420.228"	"3d7.(2G).4s"	"a 3G"	"4"	"3d6.(3G).4s.4p.(3P*)"	"w 5G*"	"5"	9	11		
"3933.599"	"3933.5954"	""		"33507.123"	"58921.963"	"3d7.(4F).4p"	"y 5D*"	"3"	"3d6.4s.(4D).4d"	"5S"	"2"	7	5		
"3933.599"	"3933.59909"	"5.92e+06"	C+	"24772.018"	"50186.834"	"3d7.(2P).4s"	"c 3P"	"1"	"3d7.(2P).4p"	"w 3P*"	"2"	3	5		
"3933.599"	"3933.60141"	""		"26339.696"	"51754.497"	"3d6.(5D).4s.4p.(3P*)"	"z 5D*"	"2"	"3d6.(5D).4s (6D).4d"	"f 5F"	"1"	5	3		
"3935.3065"	"3935.30643"	"2.2e+06"	D	"22946.816"	"48350.606"	"3d7.(4P).4s"	"b 3P"	"1"	"3d6.(3G).4s.4p.(3P*)"	"v 5F*"	"1"	3	3		
"3935.8122"	"3935.81244"	"1.14e+07"	C+	"22838.323"	"48238.847"	"3d7.(4P).4s"	"b 3P"	"2"	"3d6.(3G).4s.4p.(3P*)"	"v 5F*"	"2"	5	5		
"3935.8602"	"3935.85893"	""		"26339.696"	"51739.920"	"3d6.(5D).4s.4p.(3P*)"	"z 5D*"	"2"	"3d6.(5D).4s (4D).5s"	"e 3D"	"2"	5	5		
"3937.3276"	"3937.32723"	"1.66e+06"	B	"21715.732"	"47106.484"	"3d7.(2G).4s"	"a 3G"	"5"	"3d6.(3H).4s.4p.(3P*)"	"z 3H*"	"4"	11	9		
"3940.8773"	"3940.87710"	"1.20e+05"	A	"7728.060"	"33095.941"	"3d7.(4F).4s"	"a 5F"	"3"	"3d7.(4F).4p"	"y 5D*"	"4"	7	9		
"3941.183"	"3941.1849"	""		"31307.245"	"56673.145"	"3d6.(5D).4s.4p.(3P*)"	"z 3F*"	"4"	"3d6.4s.(6D).5d"	"5G"	"4"	9	9		
"3941.2750"	"3941.27530"	"9.1e+06"	D	"26339.696"	"51705.014"	"3d6.(5D).4s.4p.(3P*)"	"z 5D*"	"2"	"3d6.(5D).4s (6D).4d"	"f 5F"	"2"	5	5		
"3942.3638"	"3942.36485"	"5.17e+05"	C+	"24118.819"	"49477.127"	"3d6.4s2"	"b 3G"	"4"	"3d6.(3F2).4s.4p.(3P*)"	"1F*"	"3"	9	7		
"3942.4397"	"3942.43963"	"9.62e+06"	C+	"22946.816"	"48304.643"	"3d7.(4P).4s"	"b 3P"	"1"	"3d7.(4P).4p"	"x 3P*"	"2"	3	5		
"3943.3404"	"3943.3404"	"6.46e+05"	C+	"17726.988"	"43079.023"	"3d7.(4P).4s"	"a 5P"	"2"	"3d6.(3P2).4s.4p.(3P*)"	"x 5P*"	"1"	5	3		
"3943.5751"	"3943.5742"	""		"31322.613"	"56673.145"	"3d6.(5D).4s.4p.(3P*)"	"z 3D*"	"3"	"3d6.4s.(6D).5d"	"5G"	"4"	7	9		
"3944.7385"	"3944.73766"	"1.3e+06"	E	"22946.816"	"48289.871"	"3d7.(4P).4s"	"b 3P"	"1"	"3d5.(6S).4s2.4p"	"v 5P*"	"1"	3	3		
"3944.8890"	"3944.88896"	"1.40e+06"	B	"24118.819"	"49460.902"	"3d6.4s2"	"b 3G"	"4"	"3d7.(2G).4p"	"v 3G*"	"5"	9	11		
""	"3944.98096"	"5.70e+05"	D+	"26627.609"	"51969.101"	"3d7.(2H).4s"	"b 3H"	"4"	"3d7.(2P).4p"	"u 3D*"	"3"	9	7		
"3945.1169"	"3945.11687"	"1.65e+06"	C+	"22249.429"	"47590.048"	"3d7.(2G).4s"	"a 3G"	"3"	"3d6.(3G).4s.4p.(3P*)"	"w 5G*"	"4"	7	9		
"3946.9946"	"3946.99457"	"3.91e+06"	C+	"25899.989"	"51228.553"	"3d6.(5D).4s.4p.(3P*)"	"z 5D*"	"4"	"3d6.(5D).4s (6D).4d"	"e 7G"	"5"	9	11		
"3947.3786"	"3947.37625"	""		"19350.891"	"44677.006"	"3d6.(5D).4s.4p.(3P*)"	"z 7D*"	"5"	"3d6.(5D).4s (6D).5s"	"e 5D"	"4"	11	9		
"3947.5306"	"3947.53087"	"5.12e+06"	B	"22838.323"	"48163.446"	"3d7.(4P).4s"	"b 3P"	"2"	"3d5.(6S).4s2.4p"	"v 5P*"	"2"	5	5		
"3948.0970"	"3948.09710"	"1.31e+07"	B	"26140.179"	"51461.670"	"3d6.(5D).4s.4p.(3P*)"	"z 5D*"	"3"	"3d6.(5D).4s (6D).4d"	"f 5F"	"4"	7	9		
"3948.276"	"3948.27673"	""		"26140.179"	"51460.518"	"3d6.(5D).4s.4p.(3P*)"	"z 5D*"	"3"	"3d6.(5D).4s (6D).4d"	"e 7G"	"3"	7	7		
"3948.7746"	"3948.7747"	"2.08e+07"	B	"26351.040"	"51668.186"	"3d7.(2H).4s"	"b 3H"	"5"	"3d7.(2H).4p"	"u 3G*"	"4"	11	9		
"3949.1412"	"3949.1405"	"4.2e+06"	E	"27543.003"	"52857.804"	"3d7.(2P).4s"	"a 1P"	"1"	"3d7.(2D2).4p"	"t 3D*"	"1"	3	3		
"3949.9527"	"3949.9525"	"4.79e+06"	B	"17550.181"	"42859.778"	"3d7.(4P).4s"	"a 5P"	"3"	"3d6.(3P2).4s.4p.(3P*)"	"x 5P*"	"2"	7	5		
"3950.138"	"3950.1382"	""		"28604.613"	"53913.020"	"3d7.(2D2).4s"	"a 1D"	"2"	"3d6.(3D).4s.4p.(3P*)"	"5D*"	"2"	5	5		
"3951.1629"	"3951.16320"	"4.29e+07"	B	"26406.465"	"51708.307"	"3d7.(2D2).4s"	"a 3D"	"1"	"3d7.(2P).4p"	"y 1D*"	"2"	3	5		
"3952.601"	"3952.60090"	"2.97e+06"	B+	"21715.732"	"47008.371"	"3d7.(2G).4s"	"a 3G"	"5"	"3d6.(3H).4s.4p.(3P*)"	"z 3H*"	"5"	11	11		
"3952.6955"	"3952.69592"	"3.48e+06"	D+	"22946.816"	"48238.847"	"3d7.(4P).4s"	"b 3P"	"1"	"3d6.(3G).4s.4p.(3P*)"	"v 5F*"	"2"	3	5		
"3953.1511"	"3953.15139"	"2.97e+06"	C+	"24338.767"	"49627.884"	"3d6.4s2"	"b 3G"	"3"	"3d7.(2G).4p"	"v 3G*"	"4"	7	9		
"3953.8574"	"3953.85684"	"6.4e+05"	D	"22838.323"	"48122.928"	"3d7.(4P).4s"	"b 3P"	"2"	"3d6.(3G).4s.4p.(3P*)"	"v 5F*"	"3"	5	7		
"3954.712"	"3954.7119"	""		"26351.040"	"51630.178"	"3d7.(2H).4s"	"b 3H"	"5"	"3d6.(3H).4s.4p.(3P*)"	"1H*"	"5"	11	11		
"3955.3410"	"3955.34127"	"1.5e+07"	D	"26479.381"	"51754.497"	"3d6.(5D).4s.4p.(3P*)"	"z 5D*"	"1"	"3d6.(5D).4s (6D).4d"	"f 5F"	"1"	3	3		
"3955.9552"	"3955.95498"	"4.19e+06"	B	"24772.018"	"50043.213"	"3d7.(2P).4s"	"c 3P"	"1"	"3d7.(2P).4p"	"w 3P*"	"1"	3	3		
"3956.4551"	"3956.45488"	"1.76e+07"	B	"26105.908"	"51373.910"	"3d7.(2H).4s"	"b 3H"	"6"	"3d7.(2H).4p"	"u 3G*"	"5"	13	11		
"3956.677"	"3956.6763"	"1.22e+07"	B+	"21715.732"	"46982.320"	"3d7.(2G).4s"	"a 3G"	"5"	"3d6.(3H).4s.4p.(3P*)"	"z 3H*"	"6"	11	13		
"3957.0181"	"3957.01788"	"1.67e+07"	B+	"26339.696"	"51604.103"	"3d6.(5D).4s.4p.(3P*)"	"z 5D*"	"2"	"3d6.(5D).4s (6D).4d"	"f 5F"	"3"	5	7		
"3960.2789"	"3960.27858"	"4.10e+06"	C+	"29356.744"	"54600.350"	"3d6.4s2"	"b 3D"	"2"	"3d6.(3G).4s.4p.(3P*)"	"t 3G*"	"3"	5	7		
"3961.1400"	"3961.13928"	"2.6e+06"	E	"23051.750"	"48289.871"	"3d7.(4P).4s"	"b 3P"	"0"	"3d5.(6S).4s2.4p"	"v 5P*"	"1"	1	3		
"3962.3517"	"3962.35134"	"1.2e+06"	E	"26339.696"	"51570.097"	"3d6.(5D).4s.4p.(3P*)"	"z 5D*"	"2"	"3d6.(5D).4s (6D).4d"	"e 7S"	"3"	5	7		
"3963.1002"	"3963.10030"	"1.5e+07"	D+	"26479.381"	"51705.014"	"3d6.(5D).4s.4p.(3P*)"	"z 5D*"	"1"	"3d6.(5D).4s (6D).4d"	"f 5F"	"2"	3	5		
"3963.432"	"3963.42978"	""		"26406.465"	"51630.001"	"3d7.(2D2).4s"	"a 3D"	"1"	"3d6.(5D).4s (6D).5p"	"t 5D*"	"2"	3	5		
"3964.5150"	"3964.51526"	"2.17e+06"	C+	"22946.816"	"48163.446"	"3d7.(4P).4s"	"b 3P"	"1"	"3d5.(6S).4s2.4p"	"v 5P*"	"2"	3	5		
"3965.5086"	"3965.50868"	"7.85e+05"	C	"26140.179"	"51350.492"	"3d6.(5D).4s.4p.(3P*)"	"z 5D*"	"3"	"3d6.(5D).4s (4D).5s"	"g 5D"	"4"	7	9		
"3965.915"	"3965.9152"	""		"33946.933"	"59154.662"	"3d6.(5D).4s.4p.(3P*)"	"z 3P*"	"2"	"3d6.4s.(4D).4d"	"3S"	"1"	5	3		
"3966.0614"	"3966.06119"	"1.32e+06"	B+	"12968.554"	"38175.355"	"3d7.(4F).4s"	"a 3F"	"2"	"3d7.(4F).4p"	"y 3D*"	"3"	5	7		
"3966.4992"	"3966.49913"	""		"26550.479"	"51754.497"	"3d6.(5D).4s.4p.(3P*)"	"z 5D*"	"0"	"3d6.(5D).4s (6D).4d"	"f 5F"	"1"	1	3		
"3966.8097"	"3966.81077"	"6.81e+05"	C	"26623.735"	"51825.773"	"3d7.(2D2).4s"	"a 3D"	"2"	"3d7.(2H).4p"	"u 3G*"	"3"	5	7		
"3967.4204"	"3967.42064"	"1.52e+07"	B	"26627.609"	"51825.773"	"3d7.(2H).4s"	"b 3H"	"4"	"3d7.(2H).4p"	"u 3G*"	"3"	9	7		
"3967.9611"	"3967.96109"	"6.09e+06"	B+	"26140.179"	"51334.911"	"3d6.(5D).4s.4p.(3P*)"	"z 5D*"	"3"	"3d6.(5D).4s (6D).4d"	"e 7G"	"4"	7	9		
"3969.2570"	"3969.25691"	"2.26e+07"	B+	"11976.239"	"37162.746"	"3d7.(4F).4s"	"a 3F"	"4"	"3d7.(4F).4p"	"y 3F*"	"3"	9	7		
"3969.6274"	"3969.6276"	""		"26224.969"	"51409.124"	"3d7.(2D2).4s"	"a 3D"	"3"	"3d6.(3G).4s.4p.(3P*)"	"x 3H*"	"4"	7	9		
"3970.2605"	"3970.2611"	""		"28604.613"	"53784.750"	"3d7.(2D2).4s"	"a 1D"	"2"	"3d7.(4F).5p"	"5D*"	"3"	5	7		
"3970.3888"	"3970.3889"	"3.9e+07"	E	"24772.018"	"49951.344"	"3d7.(2P).4s"	"c 3P"	"1"	"3d7.(2P).4p"	"w 3P*"	"0"	3	1		
"3971.3224"	"3971.32205"	"4.97e+06"	B	"21715.732"	"46889.142"	"3d7.(2G).4s"	"a 3G"	"5"	"3d6.(3F2).4s.4p.(3P*)"	"x 3F*"	"4"	11	9		
"3972.915"	"3972.9115"	""		"28819.954"	"53983.293"	"3d7.(2H).4s"	"a 1H"	"5"	"3d6.(3G).4s.4p.(3P*)"	"t 3G*"	"5"	11	11		
"3973.6490"	"3973.6493"	"5.81e+06"	B	"28604.613"	"53763.280"	"3d7.(2D2).4s"	"a 1D"	"2"	"3d7.(2D2).4p"	"x 1F*"	"3"	5	7		
"3974.256"	"3974.2515"	""		"33507.123"	"58661.978"	"3d7.(4F).4p"	"y 5D*"	"3"	""	"58661e"	"4"	7	9		
"3974.3805"	"3974.38009"	"8.2e+05"	E	"26140.179"	"51294.220"	"3d6.(5D).4s.4p.(3P*)"	"z 5D*"	"3"	"3d6.(5D).4s (4D).5s"	"e 3D"	"3"	7	7		
"3974.7573"	"3974.7593"	"3.44e+05"	C+	"17927.382"	"43079.023"	"3d7.(4P).4s"	"a 5P"	"1"	"3d6.(3P2).4s.4p.(3P*)"	"x 5P*"	"1"	3	3		
"3975.2053"	"3975.20300"	"1.2e+05"	D	"19912.495"	"45061.329"	"3d6.(5D).4s.4p.(3P*)"	"z 7D*"	"2"	"3d6.(5D).4s (6D).5s"	"e 5D"	"3"	5	7		
"3975.8410"	"3975.8420"	""		"28604.613"	"53749.405"	"3d7.(2D2).4s"	"a 1D"	"2"	"3d6.(3G).4s.4p.(3P*)"	"3F*"	"2"	5	5		
"3976.385"	"3976.38461"	"3.98e+05"	C	"24335.766"	"49477.127"	"3d7.(2P).4s"	"c 3P"	"2"	"3d6.(3F2).4s.4p.(3P*)"	"1F*"	"3"	5	7		
"3976.5460"	"3976.54579"	""		"26224.969"	"51365.311"	"3d7.(2D2).4s"	"a 3D"	"3"	"3d7.(2D2).4p"	"v 3F*"	"3"	7	7		
"3976.613"	"3976.61301"	"1.20e+07"	C+	"27543.003"	"52682.920"	"3d7.(2P).4s"	"a 1P"	"1"	"3d7.(2D2).4p"	"t 3D*"	"2"	3	5		
"3976.861"	"3976.85932"	""		"24338.767"	"49477.127"	"3d6.4s2"	"b 3G"	"3"	"3d6.(3F2).4s.4p.(3P*)"	"1F*"	"3"	7	7		
"3976.861"	"3976.86232"	""		"26623.735"	"51762.076"	"3d7.(2D2).4s"	"a 3D"	"2"	"3d6.(3H).4s.4p.(3P*)"	"x 1D*"	"2"	5	5		
"3977.7407"	"3977.7407"	"6.41e+06"	B	"17726.988"	"42859.778"	"3d7.(4P).4s"	"a 5P"	"2"	"3d6.(3P2).4s.4p.(3P*)"	"x 5P*"	"2"	5	5		
"3978.456"	"3978.45749"	""		"22838.323"	"47966.585"	"3d7.(4P).4s"	"b 3P"	"2"	"3d5.(6S).4s2.4p"	"v 5P*"	"3"	5	7		
"3981.7708"	"3981.77060"	"3.57e+06"	B	"21999.130"	"47106.484"	"3d7.(2G).4s"	"a 3G"	"4"	"3d6.(3H).4s.4p.(3P*)"	"z 3H*"	"4"	9	9		
"3983.9561"	"3983.95594"	"5.72e+06"	B	"21999.130"	"47092.712"	"3d7.(2G).4s"	"a 3G"	"4"	"3d6.(3F2).4s.4p.(3P*)"	"x 3F*"	"3"	9	7		
"3984.934"	"3984.9343"	""		"26479.381"	"51566.802"	"3d6.(5D).4s.4p.(3P*)"	"z 5D*"	"1"	"3d6.(5D).4s (6D).4d"	"e 7G"	"1"	3	3		
"3985.3157"	"3985.31577"	""		"20641.110"	"45726.130"	"3d6.4s2"	"b 3F2"	"4"	"3d6.(3F2).4s.4p.(3P*)"	"x 5G*"	"5"	9	11		
"3985.3870"	"3985.38695"	"8.53e+06"	B	"26623.735"	"51708.307"	"3d7.(2D2).4s"	"a 3D"	"2"	"3d7.(2P).4p"	"y 1D*"	"2"	5	5		
"3986.1714"	"3986.17150"	""		"26224.969"	"51304.604"	"3d7.(2D2).4s"	"a 3D"	"3"	"3d7.(2D2).4p"	"v 3F*"	"4"	7	9		
"3989.8569"	"3989.85748"	"5.3e+06"	D	"28604.613"	"53661.079"	"3d7.(2D2).4s"	"a 1D"	"2"	"3d7.(4F).5p"	"5F*"	"3"	5	7		
"3990.3731"	"3990.37300"	"1.43e+06"	B	"24574.655"	"49627.884"	"3d7.(2G).4s"	"a 1G"	"4"	"3d7.(2G).4p"	"v 3G*"	"4"	9	9		
"3993.617"	"3993.6152"	""		"33946.933"	"58979.823"	"3d6.(5D).4s.4p.(3P*)"	"z 3P*"	"2"	"3d6.4s.(4D).4d"	"3D"	"2"	5	5		
"3994.1129"	"3994.1127"	"9.22e+05"	C+	"24574.655"	"49604.427"	"3d7.(2G).4s"	"a 1G"	"4"	"3d7.(2G).4p"	"y 3H*"	"5"	9	11		
"3995.2044"	"3995.2042"	""		"33095.941"	"58118.875"	"3d7.(4F).4p"	"y 5D*"	"4"	"3d6.4s.(4D).4d"	"5F"	"4"	9	9		
"3995.861"	"3995.8613"	""		"33946.933"	"58965.752"	"3d6.(5D).4s.4p.(3P*)"	"z 3P*"	"2"	"3d6.4s.(4D).4d"	"3D"	"1"	5	3		
"3995.9833"	"3995.98289"	"1.60e+06"	B	"21999.130"	"47017.188"	"3d7.(2G).4s"	"a 3G"	"4"	"3d7.(4P).4p"	"w 3D*"	"3"	9	7		
"3996.9636"	"3996.9635"	"7.95e+06"	C+	"29798.936"	"54810.856"	"3d6.4s2"	"b 1G2"	"4"	"3d6.(3G).4s.4p.(3P*)"	"w 1G*"	"4"	9	9		
"3997.3919"	"3997.39170"	"1.26e+07"	B+	"21999.130"	"47008.371"	"3d7.(2G).4s"	"a 3G"	"4"	"3d6.(3H).4s.4p.(3P*)"	"z 3H*"	"5"	9	11		
"3997.4835"	"3997.48313"	""		"26140.179"	"51148.848"	"3d6.(5D).4s.4p.(3P*)"	"z 5D*"	"3"	"3d6.(5D).4s (6D).4d"	"e 7F"	"3"	7	7		
"3998.0525"	"3998.05211"	"5.70e+06"	B	"21715.732"	"46720.842"	"3d7.(2G).4s"	"a 3G"	"5"	"3d7.(4P).4p"	"u 5D*"	"4"	11	9		
"4000.252"	"4000.25248"	"2.2e+06"	E	"26339.696"	"51331.052"	"3d6.(5D).4s.4p.(3P*)"	"z 5D*"	"2"	"3d6.(5D).4s (6D).4d"	"e 7F"	"2"	5	5		
"4000.4570"	"4000.45722"	"1.01e+06"	C+	"24118.819"	"49108.896"	"3d6.4s2"	"b 3G"	"4"	"3d7.(2G).4p"	"w 3F*"	"4"	9	9		
"4001.6615"	"4001.66094"	"7.47e+05"	C+	"17550.181"	"42532.741"	"3d7.(4P).4s"	"a 5P"	"3"	"3d6.(3P2).4s.4p.(3P*)"	"x 5P*"	"3"	7	7		
"4002.6606"	"4002.6607"	""		"26224.969"	"51201.289"	"3d7.(2D2).4s"	"a 3D"	"3"	"3d7.(2D2).4p"	"v 3F*"	"2"	7	5		
"4003.7616"	"4003.7614"	"6.76e+06"	C	"27543.003"	"52512.457"	"3d7.(2P).4s"	"a 1P"	"1"	"3d7.(2P).4p"	"u 3D*"	"1"	3	3		
"4004.8272"	"4004.8270"	""		"26105.908"	"51068.718"	"3d7.(2H).4s"	"b 3H"	"6"	"3d6.(3G).4s.4p.(3P*)"	"x 3H*"	"5"	13	11		
"4004.9782"	"4004.9780"	""		"24335.766"	"49297.635"	"3d7.(2P).4s"	"c 3P"	"2"	"3d6.(3F2).4s.4p.(3P*)"	"v 3D*"	"1"	5	3		
"4005.2417"	"4005.24148"	"2.04e+07"	A	"12560.934"	"37521.161"	"3d7.(4F).4s"	"a 3F"	"3"	"3d7.(4F).4p"	"y 3F*"	"2"	7	5		
"4005.3858"	"4005.38478"	""		"19552.478"	"44511.812"	"3d6.4s2"	"a 3P2"	"1"	"3d7.(4P).4p"	"y 5S*"	"2"	3	5		
"4005.482"	"4005.4800"	""		"20874.482"	"45833.223"	"3d6.4s2"	"b 3F2"	"3"	"3d6.(3F2).4s.4p.(3P*)"	"x 5G*"	"4"	7	9		
"4006.1574"	"4006.15684"	""		"26339.696"	"51294.220"	"3d6.(5D).4s.4p.(3P*)"	"z 5D*"	"2"	"3d6.(5D).4s (4D).5s"	"e 3D"	"3"	5	7		
"4006.3105"	"4006.31097"	"5.1e+06"	D	"26351.040"	"51304.604"	"3d7.(2H).4s"	"b 3H"	"5"	"3d7.(2D2).4p"	"v 3F*"	"4"	11	9		
"4006.6240"	"4006.6241"	"5.89e+06"	B	"25091.599"	"50043.213"	"3d7.(2P).4s"	"c 3P"	"0"	"3d7.(2P).4p"	"w 3P*"	"1"	1	3		
"4007.2718"	"4007.27179"	"4.40e+06"	B	"22249.429"	"47197.010"	"3d7.(2G).4s"	"a 3G"	"3"	"3d6.(3F2).4s.4p.(3P*)"	"x 3F*"	"2"	7	5		
"4009.542"	"4009.54312"	""		"25899.989"	"50833.438"	"3d6.(5D).4s.4p.(3P*)"	"z 5D*"	"4"	"3d6.(5D).4s (6D).4d"	"e 7F"	"5"	9	11		
"4009.7125"	"4009.7125"	"4.64e+06"	B	"17927.382"	"42859.778"	"3d7.(4P).4s"	"a 5P"	"1"	"3d6.(3P2).4s.4p.(3P*)"	"x 5P*"	"2"	3	5		
"4010.1761"	"4010.17377"	"7.9e+05"	E	"29371.812"	"54301.340"	"3d6.4s2"	"b 3D"	"3"	"3d6.(3D).4s.4p.(3P*)"	"5D*"	"4"	7	9		
"4010.748"	"4010.7462"	""		"21038.987"	"45964.957"	"3d6.4s2"	"b 3F2"	"2"	"3d6.(3F2).4s.4p.(3P*)"	"x 5G*"	"2"	5	5		
"4011.4072"	"4011.40701"	"2.26e+05"	B	"20641.110"	"45562.974"	"3d6.4s2"	"b 3F2"	"4"	"3d6.(3H).4s.4p.(3P*)"	"y 3G*"	"3"	9	7		
"4011.7110"	"4011.71125"	"1.1e+05"	D	"19757.032"	"44677.006"	"3d6.(5D).4s.4p.(3P*)"	"z 7D*"	"3"	"3d6.(5D).4s (6D).5s"	"e 5D"	"4"	7	9		
"4012.1488"	"4012.1492"	""		"26105.908"	"51023.162"	"3d7.(2H).4s"	"b 3H"	"6"	"3d6.(3G).4s.4p.(3P*)"	"x 3H*"	"6"	13	13		
"4013.6392"	"4013.63855"	""		"25899.989"	"50807.997"	"3d6.(5D).4s.4p.(3P*)"	"z 5D*"	"4"	"3d6.(5D).4s (6D).4d"	"f 7D"	"4"	9	9		
"4013.7815"	"4013.78165"	"4.19e+05"	C	"24335.766"	"49242.886"	"3d7.(2P).4s"	"c 3P"	"2"	"3d7.(2G).4p"	"w 3F*"	"3"	5	7		
"4013.8246"	"4013.82435"	""		"24335.766"	"49242.621"	"3d7.(2P).4s"	"c 3P"	"2"	"3d6.(3F2).4s.4p.(3P*)"	"v 3D*"	"2"	5	5		
"4014.2649"	"4014.26533"	""		"24338.767"	"49242.886"	"3d6.4s2"	"b 3G"	"3"	"3d7.(2G).4p"	"w 3F*"	"3"	7	7		
"4014.5306"	"4014.53083"	"1.53e+07"	C+	"24574.655"	"49477.127"	"3d7.(2G).4s"	"a 1G"	"4"	"3d6.(3F2).4s.4p.(3P*)"	"1F*"	"3"	9	7		
"4014.878"	"4014.8799"	""		"31307.245"	"56207.552"	"3d6.(5D).4s.4p.(3P*)"	"z 3F*"	"4"	"3d6.4s.(6D).5d"	"5D"	"4"	9	9		
"4015.606"	"4015.6053"	""		"33695.397"	"58591.206"	"3d7.(4F).4p"	"y 5F*"	"5"	"3d7.(4F).5d"	"5F"	"5"	11	11		
"4016.4191"	"4016.41920"	""		"26479.381"	"51370.145"	"3d6.(5D).4s.4p.(3P*)"	"z 5D*"	"1"	"3d6.(5D).4s (6D).4d"	"e 5G"	"2"	3	5		
"4017.0832"	"4017.08236"	"8.42e+05"	C	"22249.429"	"47136.084"	"3d7.(2G).4s"	"a 3G"	"3"	"3d7.(4P).4p"	"w 3D*"	"2"	7	5		
"4017.1483"	"4017.14822"	"3.25e+06"	B+	"24574.655"	"49460.902"	"3d7.(2G).4s"	"a 1G"	"4"	"3d7.(2G).4p"	"v 3G*"	"5"	9	11		
"4017.4616"	"4017.4630"	""		"33946.933"	"58831.230"	"3d6.(5D).4s.4p.(3P*)"	"z 3P*"	"2"	""	"58831e"	"3"	5	7		
"4018.2673"	"4018.26688"	"3.44e+06"	B	"26339.696"	"51219.015"	"3d6.(5D).4s.4p.(3P*)"	"z 5D*"	"2"	"3d6.(5D).4s (6D).4d"	"e 5G"	"3"	5	7		
"4019.0417"	"4019.0437"	"1.1e+05"	E	"21038.987"	"45913.497"	"3d6.4s2"	"b 3F2"	"2"	"3d6.(3F2).4s.4p.(3P*)"	"x 5G*"	"3"	5	7		
"4020.483"	"4020.48342"	"8.2e+05"	E	"29371.812"	"54237.415"	"3d6.4s2"	"b 3D"	"3"	"3d6.(3G).4s.4p.(3P*)"	"t 3G*"	"4"	7	9		
"4021.6025"	"4021.60281"	""		"19552.478"	"44411.160"	"3d6.4s2"	"a 3P2"	"1"	"3d6.(3P2).4s.4p.(3P*)"	"w 5D*"	"1"	3	3		
"4021.866"	"4021.86604"	"8.55e+06"	B	"22249.429"	"47106.484"	"3d7.(2G).4s"	"a 3G"	"3"	"3d6.(3H).4s.4p.(3P*)"	"z 3H*"	"4"	7	9		
"4022.2124"	"4022.21217"	""		"22838.323"	"47693.239"	"3d7.(4P).4s"	"b 3P"	"2"	"3d6.(3G).4s.4p.(3P*)"	"w 5G*"	"3"	5	7		
"4022.735"	"4022.73738"	""		"26479.381"	"51331.052"	"3d6.(5D).4s.4p.(3P*)"	"z 5D*"	"1"	"3d6.(5D).4s (6D).4d"	"e 7F"	"2"	3	5		
"4022.735"	"4022.73932"	""		"26224.969"	"51076.628"	"3d7.(2D2).4s"	"a 3D"	"3"	"3d6.(5D).4s (6D).5p"	"t 5D*"	"4"	7	9		
"4024.0960"	"4024.09563"	"1.07e+05"	C	"22249.429"	"47092.712"	"3d7.(2G).4s"	"a 3G"	"3"	"3d6.(3F2).4s.4p.(3P*)"	"x 3F*"	"3"	7	7		
"4024.7248"	"4024.72471"	"8.09e+06"	B	"26140.179"	"50979.579"	"3d6.(5D).4s.4p.(3P*)"	"z 5D*"	"3"	"3d6.(5D).4s (6D).4d"	"e 5G"	"4"	7	9		
"4029.6290"	"4029.63187"	""		"26339.696"	"51148.848"	"3d6.(5D).4s.4p.(3P*)"	"z 5D*"	"2"	"3d6.(5D).4s (6D).4d"	"e 7F"	"3"	5	7		
"4030.1846"	"4030.18404"	"2.85e+05"	C+	"17726.988"	"42532.741"	"3d7.(4P).4s"	"a 5P"	"2"	"3d6.(3P2).4s.4p.(3P*)"	"x 5P*"	"3"	5	7		
"4030.4883"	"4030.48821"	"1.04e+07"	B	"25899.989"	"50703.870"	"3d6.(5D).4s.4p.(3P*)"	"z 5D*"	"4"	"3d6.(5D).4s (6D).4d"	"e 5G"	"5"	9	11		
"4030.8902"	"4030.88913"	"5.02e+06"	C+	"29798.936"	"54600.350"	"3d6.4s2"	"b 1G2"	"4"	"3d6.(3G).4s.4p.(3P*)"	"t 3G*"	"3"	9	7		
"4031.2400"	"4031.23974"	""		"24335.766"	"49135.023"	"3d7.(2P).4s"	"c 3P"	"2"	"3d6.(3F2).4s.4p.(3P*)"	"v 3D*"	"3"	5	7		
"4031.7277"	"4031.72764"	""		"24338.767"	"49135.023"	"3d6.4s2"	"b 3G"	"3"	"3d6.(3F2).4s.4p.(3P*)"	"v 3D*"	"3"	7	7		
"4031.9604"	"4031.9605"	"7.6e+06"	D+	"26406.465"	"51201.289"	"3d7.(2D2).4s"	"a 3D"	"1"	"3d7.(2D2).4p"	"v 3F*"	"2"	3	5		
"4032.4556"	"4032.4541"	""		"34362.873"	"59154.662"	"3d6.(5D).4s.4p.(3P*)"	"z 3P*"	"1"	"3d6.4s.(4D).4d"	"3S"	"1"	3	3		
"4032.6272"	"4032.62684"	"2.46e+05"	D+	"11976.239"	"36766.966"	"3d7.(4F).4s"	"a 3F"	"4"	"3d6.(5D).4s.4p.(1P*)"	"y 5P*"	"3"	9	7		
"4033.1861"	"4033.18569"	"8.40e+04"	C+	"20641.110"	"45428.402"	"3d6.4s2"	"b 3F2"	"4"	"3d6.(3H).4s.4p.(3P*)"	"y 3G*"	"4"	9	9		
"4035.5941"	"4035.594"	""		"34039.516"	"58812.015"	"3d7.(4F).4p"	"y 5F*"	"4"	"3d7.(4F).5d"	"3G"	"5"	9	11		
"4036.366"	"4036.36651"	"9.6e+04"	E	"22249.429"	"47017.188"	"3d7.(2G).4s"	"a 3G"	"3"	"3d7.(4P).4p"	"w 3D*"	"3"	7	7		
"4038.7896"	"4038.78924"	""		"28604.613"	"53357.515"	"3d7.(2D2).4s"	"a 1D"	"2"	"3d6.(3G).4s.4p.(3P*)"	"3F*"	"3"	5	7		
"4039.938"	"4039.93810"	""		"21999.130"	"46744.993"	"3d7.(2G).4s"	"a 3G"	"4"	"3d7.(4P).4p"	"u 5D*"	"3"	9	7		
"4040.6379"	"4040.63812"	"4.8e+06"	D+	"26623.735"	"51365.311"	"3d7.(2D2).4s"	"a 3D"	"2"	"3d7.(2D2).4p"	"v 3F*"	"3"	5	7		
"4041.271"	"4041.27091"	""		"26627.609"	"51365.311"	"3d7.(2H).4s"	"b 3H"	"4"	"3d7.(2D2).4p"	"v 3F*"	"3"	9	7		
"4041.271"	"4041.27843"	""		"26623.735"	"51361.391"	"3d7.(2D2).4s"	"a 3D"	"2"	"3d6.(5D).4s (6D).5p"	"t 5D*"	"3"	5	7		
"4041.6489"	"4041.6488"	""		"33946.933"	"58682.322"	"3d6.(5D).4s.4p.(3P*)"	"z 3P*"	"2"	"3d6.4s.(4D).4d"	"3D"	"3"	5	7		
""	"4043.88486"	""		"21999.130"	"46720.842"	"3d7.(2G).4s"	"a 3G"	"4"	"3d7.(4P).4p"	"u 5D*"	"4"	9	9		
"4043.8964"	"4043.89713"	"8.69e+06"	D+	"26140.179"	"50861.816"	"3d6.(5D).4s.4p.(3P*)"	"z 5D*"	"3"	"3d6.(5D).4s (6D).4d"	"f 7D"	"3"	7	7		
"4043.9767"	"4043.97712"	""		"26140.179"	"50861.327"	"3d6.(5D).4s.4p.(3P*)"	"z 5D*"	"3"	"3d6.(5D).4s (6D).4d"	"e 7P"	"2"	7	5		
"4044.4906"	"4044.4920"	""		"33095.941"	"57813.942"	"3d7.(4F).4p"	"y 5D*"	"4"	"3d6.(5D).4s (4D).4d"	"i 5D"	"3"	9	7		
"4044.5444"	"4044.5449"	""		"26351.040"	"51068.718"	"3d7.(2H).4s"	"b 3H"	"5"	"3d6.(3G).4s.4p.(3P*)"	"x 3H*"	"5"	11	11		
"4044.6089"	"4044.60883"	"8.17e+06"	B	"22838.323"	"47555.610"	"3d7.(4P).4s"	"b 3P"	"2"	"3d7.(4P).4p"	"y 3S*"	"1"	5	3		
"4045.1116"	"4045.1122"	""		"34362.873"	"59077.084"	"3d6.(5D).4s.4p.(3P*)"	"z 3P*"	"1"	""	"59077e"	"1"	3	3		
"4045.5936"	"4045.59336"	"7.39e+06"	C	"25899.989"	"50611.261"	"3d6.(5D).4s.4p.(3P*)"	"z 5D*"	"4"	"3d6.(5D).4s (6D).4d"	"e 7P"	"3"	9	7		
"4045.8122"	"4045.81193"	"8.62e+07"	A	"11976.239"	"36686.176"	"3d7.(4F).4s"	"a 3F"	"4"	"3d7.(4F).4p"	"y 3F*"	"4"	9	9		
"4046.0620"	"4046.06181"	"6.85e+06"	C+	"26339.696"	"51048.107"	"3d6.(5D).4s.4p.(3P*)"	"z 5D*"	"2"	"3d6.(5D).4s (6D).4d"	"f 7D"	"1"	5	3		
"4047.3037"	"4047.3025"	"2.15e+05"	C	"18378.186"	"43079.023"	"3d6.4s2"	"a 3P2"	"2"	"3d6.(3P2).4s.4p.(3P*)"	"x 5P*"	"1"	5	3		
"4049.3267"	"4049.32629"	"2.11e+05"	B	"20874.482"	"45562.974"	"3d6.4s2"	"b 3F2"	"3"	"3d6.(3H).4s.4p.(3P*)"	"y 3G*"	"3"	7	7		
"4050.6739"	"4050.6732"	""		"33801.572"	"58481.855"	"3d7.(4F).4p"	"y 5D*"	"2"	"3d6.4s.(4D).4d"	"5P"	"3"	5	7		
"4051.9051"	"4051.90535"	"3.3e+06"	D	"27394.691"	"52067.469"	"3d6.(5D).4s.4p.(3P*)"	"z 5F*"	"3"	"3d6.(5D).4s (6D).4d"	"e 5P"	"2"	7	5		
"4052.0130"	"4052.0131"	""		"26351.040"	"51023.162"	"3d7.(2H).4s"	"b 3H"	"5"	"3d6.(3G).4s.4p.(3P*)"	"x 3H*"	"6"	11	13		
"4052.2952"	"4052.29296"	""		"27166.820"	"51837.238"	"3d6.(5D).4s.4p.(3P*)"	"z 5F*"	"4"	"3d6.(5D).4s (6D).4d"	"e 5P"	"3"	9	7		
"4052.4404"	"4052.43900"	""		"26479.381"	"51148.910"	"3d6.(5D).4s.4p.(3P*)"	"z 5D*"	"1"	"3d6.(5D).4s (6D).4d"	"e 5S"	"2"	3	5		
"4052.6528"	"4052.65223"	""		"24574.655"	"49242.886"	"3d7.(2G).4s"	"a 1G"	"4"	"3d7.(2G).4p"	"w 3F*"	"3"	9	7		
"4052.7224"	"4052.72009"	""		"26140.179"	"50807.997"	"3d6.(5D).4s.4p.(3P*)"	"z 5D*"	"3"	"3d6.(5D).4s (6D).4d"	"f 7D"	"4"	7	9		
"4054.1768"	"4054.17774"	"7.7e+05"	D	"26339.696"	"50998.645"	"3d6.(5D).4s.4p.(3P*)"	"z 5D*"	"2"	"3d6.(5D).4s (6D).4d"	"f 7D"	"2"	5	5		
"4054.8053"	"4054.80541"	""		"27394.691"	"52049.823"	"3d6.(5D).4s.4p.(3P*)"	"z 5F*"	"3"	"3d6.(5D).4s (4D).5s"	"g 5D"	"2"	7	5		
"4054.8666"	"4054.86626"	"9.61e+06"	B	"27559.583"	"52214.345"	"3d6.(5D).4s.4p.(3P*)"	"z 5F*"	"2"	"3d6.(5D).4s (4D).5s"	"g 5D"	"1"	5	3		
"4055.0352"	"4055.03501"	"4.43e+05"	B+	"20641.110"	"45294.846"	"3d6.4s2"	"b 3F2"	"4"	"3d6.(3H).4s.4p.(3P*)"	"y 3G*"	"5"	9	11		
"4056.3446"	"4056.3459"	""		"29371.812"	"54017.581"	"3d6.4s2"	"b 3D"	"3"	"3d7.(4F).5p"	"3G*"	"4"	7	9		
"4057.3433"	"4057.34287"	"4.95e+05"	C	"22249.429"	"46889.142"	"3d7.(2G).4s"	"a 3G"	"3"	"3d6.(3F2).4s.4p.(3P*)"	"x 3F*"	"4"	7	9		
"4058.217"	"4058.21663"	"4.47e+06"	C+	"25899.989"	"50534.397"	"3d6.(5D).4s.4p.(3P*)"	"z 5D*"	"4"	"3d6.(5D).4s (6D).4d"	"f 5D"	"3"	9	7		
"4058.7537"	"4058.75343"	"6.52e+05"	C	"19552.478"	"44183.628"	"3d6.4s2"	"a 3P2"	"1"	"3d6.(3P2).4s.4p.(3P*)"	"w 5D*"	"2"	3	5		
"4059.7133"	"4059.7130"	"5.71e+06"	C+	"28604.613"	"53229.941"	"3d7.(2D2).4s"	"a 1D"	"2"	"3d7.(2D2).4p"	"v 3P*"	"1"	5	3		
"4061.0963"	"4061.0947"	""		"34362.873"	"58979.823"	"3d6.(5D).4s.4p.(3P*)"	"z 3P*"	"1"	"3d6.4s.(4D).4d"	"3D"	"2"	3	5		
"4061.9543"	"4061.9524"	""		"33507.123"	"58118.875"	"3d7.(4F).4p"	"y 5D*"	"3"	"3d6.4s.(4D).4d"	"5F"	"4"	7	9		
"4062.4406"	"4062.44071"	"1.85e+07"	C+	"22946.816"	"47555.610"	"3d7.(4P).4s"	"b 3P"	"1"	"3d7.(4P).4p"	"y 3S*"	"1"	3	3		
"4063.2754"	"4063.27571"	""		"27166.820"	"51770.557"	"3d6.(5D).4s.4p.(3P*)"	"z 5F*"	"4"	"3d6.(5D).4s (4D).5s"	"g 5D"	"3"	9	7		
"4063.4166"	"4063.4174"	""		"34362.873"	"58965.752"	"3d6.(5D).4s.4p.(3P*)"	"z 3P*"	"1"	"3d6.4s.(4D).4d"	"3D"	"1"	3	3		
"4063.5939"	"4063.59365"	"6.65e+07"	B+	"12560.934"	"37162.746"	"3d7.(4F).4s"	"a 3F"	"3"	"3d7.(4F).4p"	"y 3F*"	"3"	7	7		
"4064.4490"	"4064.44945"	""		"12560.934"	"37157.566"	"3d7.(4F).4s"	"a 3F"	"3"	"3d6.(5D).4s.4p.(1P*)"	"y 5P*"	"2"	7	5		
"4065.3809"	"4065.38067"	"1.7e+07"	D+	"27666.348"	"52257.346"	"3d6.(5D).4s.4p.(3P*)"	"z 5F*"	"1"	"3d6.(5D).4s (4D).5s"	"g 5D"	"0"	3	1		
"4066.5850"	"4066.58491"	"1.17e+06"	B	"24118.819"	"48702.535"	"3d6.4s2"	"b 3G"	"4"	"3d6.(3H).4s.4p.(3P*)"	"y 1G*"	"4"	9	9		
"4066.9739"	"4066.97402"	""		"22838.323"	"47419.687"	"3d7.(4P).4s"	"b 3P"	"2"	"3d6.(3P2).4s.4p.(3P*)"	"1D*"	"2"	5	5		
"4067.2709"	"4067.27070"	"2.19e+06"	B	"20641.110"	"45220.681"	"3d6.4s2"	"b 3F2"	"4"	"3d6.(3P2).4s.4p.(3P*)"	"x 3D*"	"3"	9	7		
"4067.4869"	"4067.48716"	""		"23783.619"	"48361.882"	"3d6.4s2"	"b 3G"	"5"	"3d6.(3G).4s.4p.(3P*)"	"y 5H*"	"4"	11	9		
"4067.9775"	"4067.97774"	"1.51e+07"	B	"25899.989"	"50475.288"	"3d6.(5D).4s.4p.(3P*)"	"z 5D*"	"4"	"3d6.(5D).4s (6D).4d"	"e 7P"	"4"	9	9		
"4069.067"	"4069.06609"	"1.9e+06"	D	"26479.381"	"51048.107"	"3d6.(5D).4s.4p.(3P*)"	"z 5D*"	"1"	"3d6.(5D).4s (6D).4d"	"f 7D"	"1"	3	3		
"4070.7705"	"4070.77024"	"1.1e+07"	D+	"26140.179"	"50698.620"	"3d6.(5D).4s.4p.(3P*)"	"z 5D*"	"3"	"3d6.(5D).4s (6D).4d"	"f 5D"	"2"	7	5		
"4071.5198"	"4071.51979"	"4.28e+05"	B+	"20874.482"	"45428.402"	"3d6.4s2"	"b 3F2"	"3"	"3d6.(3H).4s.4p.(3P*)"	"y 3G*"	"4"	7	9		
"4071.7377"	"4071.73752"	"7.64e+07"	A	"12968.554"	"37521.161"	"3d7.(4F).4s"	"a 3F"	"2"	"3d7.(4F).4p"	"y 3F*"	"2"	5	5		
"4072.5021"	"4072.50219"	"4.88e+06"	B	"27666.348"	"52214.345"	"3d6.(5D).4s.4p.(3P*)"	"z 5F*"	"1"	"3d6.(5D).4s (4D).5s"	"g 5D"	"1"	3	3		
"4073.7620"	"4073.76195"	"1.68e+07"	B	"26339.696"	"50880.102"	"3d6.(5D).4s.4p.(3P*)"	"z 5D*"	"2"	"3d6.(5D).4s (6D).4d"	"f 5D"	"1"	5	3		
"4074.786"	"4074.78563"	"3.43e+06"	C+	"24574.655"	"49108.896"	"3d7.(2G).4s"	"a 1G"	"4"	"3d7.(2G).4p"	"w 3F*"	"4"	9	9		
"4076.2177"	"4076.2185"	"1.4e+06"	E	"24772.018"	"49297.635"	"3d7.(2P).4s"	"c 3P"	"1"	"3d6.(3F2).4s.4p.(3P*)"	"v 3D*"	"1"	3	3		
"4076.4895"	"4076.48942"	"4.43e+05"	B	"21038.987"	"45562.974"	"3d6.4s2"	"b 3F2"	"2"	"3d6.(3H).4s.4p.(3P*)"	"y 3G*"	"3"	5	7		
"4076.6288"	"4076.62889"	"1.32e+07"	B	"25899.989"	"50423.137"	"3d6.(5D).4s.4p.(3P*)"	"z 5D*"	"4"	"3d6.(5D).4s (6D).4d"	"f 5D"	"4"	9	9		
"4076.7997"	"4076.79979"	"3.81e+06"	D+	"26339.696"	"50861.816"	"3d6.(5D).4s.4p.(3P*)"	"z 5D*"	"2"	"3d6.(5D).4s (6D).4d"	"f 7D"	"3"	5	7		
"4076.8808"	"4076.88109"	""		"26339.696"	"50861.327"	"3d6.(5D).4s.4p.(3P*)"	"z 5D*"	"2"	"3d6.(5D).4s (6D).4d"	"e 7P"	"2"	5	5		
"4078.3536"	"4078.35319"	"4.55e+06"	B+	"21038.987"	"45551.767"	"3d6.4s2"	"b 3F2"	"2"	"3d6.(3P2).4s.4p.(3P*)"	"x 3D*"	"1"	5	3		
"4079.1678"	"4079.16762"	"5.4e+06"	E	"27559.583"	"52067.469"	"3d6.(5D).4s.4p.(3P*)"	"z 5F*"	"2"	"3d6.(5D).4s (6D).4d"	"e 5P"	"2"	5	5		
"4079.8377"	"4079.83784"	"5.83e+06"	B	"23051.750"	"47555.610"	"3d7.(4P).4s"	"b 3P"	"0"	"3d7.(4P).4p"	"y 3S*"	"1"	1	3		
"4080.2089"	"4080.2090"	"2.3e+07"	D	"26479.381"	"50981.012"	"3d6.(5D).4s.4p.(3P*)"	"z 5D*"	"1"	"3d6.(5D).4s (6D).4d"	"f 5D"	"0"	3	1		
"4080.8766"	"4080.87574"	"2.3e+06"	D	"26550.479"	"51048.107"	"3d6.(5D).4s.4p.(3P*)"	"z 5D*"	"0"	"3d6.(5D).4s (6D).4d"	"f 7D"	"1"	1	3		
"4081.2673"	"4081.2663"	""		"34017.103"	"58512.387"	"3d7.(4F).4p"	"y 5D*"	"1"	"3d6.4s.(4D).4d"	"5F"	"2"	3	5		
"4082.1076"	"4082.10685"	"2.5e+06"	D	"27559.583"	"52049.823"	"3d6.(5D).4s.4p.(3P*)"	"z 5F*"	"2"	"3d6.(5D).4s (4D).5s"	"g 5D"	"2"	5	5		
"4082.4243"	"4082.4252"	"4.0e+06"	E	"29320.026"	"53808.356"	"3d6.4s2"	"b 3D"	"1"	"3d7.(2P).4p"	"x 3S*"	"1"	3	3		
"4083.5489"	"4083.5489"	"1.84e+05"	C	"18378.186"	"42859.778"	"3d6.4s2"	"a 3P2"	"2"	"3d6.(3P2).4s.4p.(3P*)"	"x 5P*"	"2"	5	5		
"4083.7629"	"4083.76288"	""		"27559.583"	"52039.892"	"3d6.(5D).4s.4p.(3P*)"	"z 5F*"	"2"	"3d6.(5D).4s (4D).5s"	"e 3D"	"1"	5	3		
"4084.4913"	"4084.49152"	"8.66e+06"	C+	"26874.550"	"51350.492"	"3d6.(5D).4s.4p.(3P*)"	"z 5F*"	"5"	"3d6.(5D).4s (4D).5s"	"g 5D"	"4"	11	9		
"4085.0038"	"4085.00408"	"4.7e+06"	D	"22946.816"	"47419.687"	"3d7.(4P).4s"	"b 3P"	"1"	"3d6.(3P2).4s.4p.(3P*)"	"1D*"	"2"	3	5		
"4085.2480"	"4085.24747"	""		"22249.429"	"46720.842"	"3d7.(2G).4s"	"a 3G"	"3"	"3d7.(4P).4p"	"u 5D*"	"4"	7	9		
"4085.3028"	"4085.30273"	"8.92e+06"	C+	"26140.179"	"50611.261"	"3d6.(5D).4s.4p.(3P*)"	"z 5D*"	"3"	"3d6.(5D).4s (6D).4d"	"e 7P"	"3"	7	7		
"4085.984"	"4085.9820"	"5.1e+06"	E	"33507.123"	"57974.137"	"3d7.(4F).4p"	"y 5D*"	"3"	"3d6.(5D).4s (4D).4d"	"i 5D"	"2"	7	5		
"4087.0936"	"4087.09336"	"1.9e+06"	D	"26874.550"	"51334.911"	"3d6.(5D).4s.4p.(3P*)"	"z 5F*"	"5"	"3d6.(5D).4s (6D).4d"	"e 7G"	"4"	11	9		
"4088.204"	"4088.1998"	""		"36079.372"	"60533.113"	"3d7.(4F).4p"	"z 3G*"	"3"	"3d6.(5D).4p2.(3P)"	"7F"	"2"	7	5		
"4088.5565"	"4088.5558"	"4.2e+06"	D	"29356.744"	"53808.356"	"3d6.4s2"	"b 3D"	"2"	"3d7.(2P).4p"	"x 3S*"	"1"	5	3		
"4089.2166"	"4089.21655"	"3.45e+05"	C+	"23783.619"	"48231.280"	"3d6.4s2"	"b 3G"	"5"	"3d6.(3G).4s.4p.(3P*)"	"y 5H*"	"5"	11	11		
"4090.0724"	"4090.07214"	"1.0e+06"	D	"27394.691"	"51837.238"	"3d6.(5D).4s.4p.(3P*)"	"z 5F*"	"3"	"3d6.(5D).4s (6D).4d"	"e 5P"	"3"	7	7		
"4090.9533"	"4090.95319"	"1.1e+06"	D	"27166.820"	"51604.103"	"3d6.(5D).4s.4p.(3P*)"	"z 5F*"	"4"	"3d6.(5D).4s (6D).4d"	"f 5F"	"3"	9	7		
"4091.5528"	"4091.55244"	"1.14e+06"	B	"22838.323"	"47272.027"	"3d7.(4P).4s"	"b 3P"	"2"	"3d7.(4P).4p"	"w 3D*"	"1"	5	3		
"4092.2767"	"4092.2768"	""		"29320.026"	"53749.405"	"3d6.4s2"	"b 3D"	"1"	"3d6.(3G).4s.4p.(3P*)"	"3F*"	"2"	3	5		
"4092.5057"	"4092.5068"	""		"29356.744"	"53784.750"	"3d6.4s2"	"b 3D"	"2"	"3d7.(4F).5p"	"5D*"	"3"	5	7		
"4095.9705"	"4095.97024"	"2.65e+06"	B+	"20874.482"	"45281.833"	"3d6.4s2"	"b 3F2"	"3"	"3d6.(3P2).4s.4p.(3P*)"	"x 3D*"	"2"	7	5		
"4096.1069"	"4096.1070"	""		"29356.744"	"53763.280"	"3d6.4s2"	"b 3D"	"2"	"3d7.(2D2).4p"	"x 1F*"	"3"	5	7		
"4096.2100"	"4096.20856"	""		"7728.060"	"32133.991"	"3d7.(4F).4s"	"a 5F"	"3"	"3d6.(5D).4s.4p.(3P*)"	"z 3F*"	"2"	7	5		
"4096.690"	"4096.6917"	""		"29320.026"	"53723.079"	"3d6.4s2"	"b 3D"	"1"	"3d6.(3D).4s.4p.(3P*)"	"5F*"	"2"	3	5		
"4096.950"	"4096.94921"	""		"19621.006"	"44022.525"	"3d6.4s2"	"a 3H"	"5"	"3d6.(3F2).4s.4p.(3P*)"	"v 5D*"	"4"	11	9		
"4097.017"	"4097.01603"	""		"27666.348"	"52067.469"	"3d6.(5D).4s.4p.(3P*)"	"z 5F*"	"1"	"3d6.(5D).4s (6D).4d"	"e 5P"	"2"	3	5		
"4097.0831"	"4097.08319"	"2.9e+06"	E	"26479.381"	"50880.102"	"3d6.(5D).4s.4p.(3P*)"	"z 5D*"	"1"	"3d6.(5D).4s (6D).4d"	"f 5D"	"1"	3	3		
"4098.1755"	"4098.17542"	"7.49e+06"	B	"26140.179"	"50534.397"	"3d6.(5D).4s.4p.(3P*)"	"z 5D*"	"3"	"3d6.(5D).4s (6D).4d"	"f 5D"	"3"	7	7		
"4100.347"	"4100.3476"	""		"34328.752"	"58710.047"	"3d7.(4F).4p"	"y 5F*"	"3"	"3d6.(5D).4s (4D).4d"	"g 5G"	"3"	7	7		
"4100.7376"	"4100.73752"	"2.92e+04"	A	"6928.268"	"31307.245"	"3d7.(4F).4s"	"a 5F"	"5"	"3d6.(5D).4s.4p.(3P*)"	"z 3F*"	"4"	11	9		
"4101.2608"	"4101.26090"	"2.6e+06"	D	"27394.691"	"51770.557"	"3d6.(5D).4s.4p.(3P*)"	"z 5F*"	"3"	"3d6.(5D).4s (4D).5s"	"g 5D"	"3"	7	7		
"4101.652"	"4101.65162"	""		"27666.348"	"52039.892"	"3d6.(5D).4s.4p.(3P*)"	"z 5F*"	"1"	"3d6.(5D).4s (4D).5s"	"e 3D"	"1"	3	3		
"4101.685"	"4101.6853"	"3.9e+05"	E	"20037.816"	"44411.160"	"3d6.4s2"	"a 3P2"	"0"	"3d6.(3P2).4s.4p.(3P*)"	"w 5D*"	"1"	1	3		
"4103.613"	"4103.6106"	""		"26224.969"	"50586.878"	"3d7.(2D2).4s"	"a 3D"	"3"	"3d7.(2G).4p"	"z 1F*"	"3"	7	7		
"4104.1133"	"4104.11344"	""		"26339.696"	"50698.620"	"3d6.(5D).4s.4p.(3P*)"	"z 5D*"	"2"	"3d6.(5D).4s (6D).4d"	"f 5D"	"2"	5	5		
"4104.1536"	"4104.15337"	""		"22838.323"	"47197.010"	"3d7.(4P).4s"	"b 3P"	"2"	"3d6.(3F2).4s.4p.(3P*)"	"x 3F*"	"2"	5	5		
"4104.460"	"4104.4601"	""		"24118.819"	"48475.686"	"3d6.4s2"	"b 3G"	"4"	"3d6.(3G).4s.4p.(3P*)"	"y 5H*"	"3"	9	7		
"4104.940"	"4104.94274"	"2.6e+05"	D	"26874.550"	"51228.553"	"3d6.(5D).4s.4p.(3P*)"	"z 5F*"	"5"	"3d6.(5D).4s (6D).4d"	"e 7G"	"5"	11	11		
"4106.2585"	"4106.25858"	"3.3e+05"	E	"20874.482"	"45220.681"	"3d6.4s2"	"b 3F2"	"3"	"3d6.(3P2).4s.4p.(3P*)"	"x 3D*"	"3"	7	7		
"4106.4226"	"4106.42219"	"2.52e+06"	C+	"27394.691"	"51739.920"	"3d6.(5D).4s.4p.(3P*)"	"z 5F*"	"3"	"3d6.(5D).4s (4D).5s"	"e 3D"	"2"	7	5		
"4107.4881"	"4107.48817"	"1.74e+07"	B	"22838.323"	"47177.234"	"3d7.(4P).4s"	"b 3P"	"2"	"3d7.(4P).4p"	"u 5D*"	"1"	5	3		
"4108.133"	"4108.12992"	"3.5e+05"	E	"26140.179"	"50475.288"	"3d6.(5D).4s.4p.(3P*)"	"z 5D*"	"3"	"3d6.(5D).4s (6D).4d"	"e 7P"	"4"	7	9		
"4109.0558"	"4109.05627"	"3.62e+06"	C	"26550.479"	"50880.102"	"3d6.(5D).4s.4p.(3P*)"	"z 5D*"	"0"	"3d6.(5D).4s (6D).4d"	"f 5D"	"1"	1	3		
"4109.8015"	"4109.80156"	"1.51e+07"	B	"22946.816"	"47272.027"	"3d7.(4P).4s"	"b 3P"	"1"	"3d7.(4P).4p"	"w 3D*"	"1"	3	3		
"4112.3182"	"4112.31852"	"1.5e+06"	D	"27394.691"	"51705.014"	"3d6.(5D).4s.4p.(3P*)"	"z 5F*"	"3"	"3d6.(5D).4s (6D).4d"	"f 5F"	"2"	7	5		
"4112.912"	"4112.9114"	""		"33507.123"	"57813.942"	"3d7.(4F).4p"	"y 5D*"	"3"	"3d6.(5D).4s (4D).4d"	"i 5D"	"3"	7	7		
"4112.9586"	"4112.9584"	"1.1e+07"	D	"33695.397"	"58001.938"	"3d7.(4F).4p"	"y 5F*"	"5"	"3d6.(5D).4s (4D).4d"	"g 5G"	"6"	11	13		
"4114.4447"	"4114.44464"	"3.92e+06"	C+	"22838.323"	"47136.084"	"3d7.(4P).4s"	"b 3P"	"2"	"3d7.(4P).4p"	"w 3D*"	"2"	5	5		
"4114.9374"	"4114.93764"	"1.57e+06"	C+	"27166.820"	"51461.670"	"3d6.(5D).4s.4p.(3P*)"	"z 5F*"	"4"	"3d6.(5D).4s (6D).4d"	"f 5F"	"4"	9	9		
"4115.136"	"4115.13277"	""		"27166.820"	"51460.518"	"3d6.(5D).4s.4p.(3P*)"	"z 5F*"	"4"	"3d6.(5D).4s (6D).4d"	"e 7G"	"3"	9	7		
"4117.8526"	"4117.85216"	""		"27559.583"	"51837.238"	"3d6.(5D).4s.4p.(3P*)"	"z 5F*"	"2"	"3d6.(5D).4s (6D).4d"	"e 5P"	"3"	5	7		
"4118.5447"	"4118.5443"	"4.96e+07"	B	"28819.954"	"53093.529"	"3d7.(2H).4s"	"a 1H"	"5"	"3d7.(2H).4p"	"1I*"	"6"	11	13		
"4118.8865"	"4118.88540"	"1.9e+06"	E	"26339.696"	"50611.261"	"3d6.(5D).4s.4p.(3P*)"	"z 5D*"	"2"	"3d6.(5D).4s (6D).4d"	"e 7P"	"3"	5	7		
"4120.2062"	"4120.20628"	"1.93e+06"	B	"24118.819"	"48382.603"	"3d6.4s2"	"b 3G"	"4"	"3d7.(2G).4p"	"z 1H*"	"5"	9	11		
"4121.8024"	"4121.80229"	"1.99e+06"	B	"22838.323"	"47092.712"	"3d7.(4P).4s"	"b 3P"	"2"	"3d6.(3F2).4s.4p.(3P*)"	"x 3F*"	"3"	5	7		
"4122.5152"	"4122.51533"	"3.23e+06"	B	"22946.816"	"47197.010"	"3d7.(4P).4s"	"b 3P"	"1"	"3d6.(3F2).4s.4p.(3P*)"	"x 3F*"	"2"	3	5		
"4123.7280"	"4123.72797"	"6.04e+05"	B	"24118.819"	"48361.882"	"3d6.4s2"	"b 3G"	"4"	"3d6.(3G).4s.4p.(3P*)"	"y 5H*"	"4"	9	9		
"4123.7658"	"4123.76489"	""		"21038.987"	"45281.833"	"3d6.4s2"	"b 3F2"	"2"	"3d6.(3P2).4s.4p.(3P*)"	"x 3D*"	"2"	5	5		
"4124.487"	"4124.48728"	""		"29371.812"	"53610.412"	"3d6.4s2"	"b 3D"	"3"	"3d7.(4F).5p"	"5D*"	"4"	7	9		
"4125.617"	"4125.6199"	"9.9e+06"	E	"34039.516"	"58271.462"	"3d7.(4F).4p"	"y 5F*"	"4"	"3d6.(5D).4s (4D).4d"	"g 5G"	"5"	9	11		
"4125.8801"	"4125.88004"	"7.96e+05"	C	"22946.816"	"47177.234"	"3d7.(4P).4s"	"b 3P"	"1"	"3d7.(4P).4p"	"u 5D*"	"1"	3	3		
"4126.1824"	"4126.18265"	"4.2e+06"	D	"26874.550"	"51103.191"	"3d6.(5D).4s.4p.(3P*)"	"z 5F*"	"5"	"3d6.(5D).4s (6D).4d"	"f 5F"	"5"	11	11		
"4126.854"	"4126.8514"	"1.3e+06"	D	"22946.816"	"47171.531"	"3d7.(4P).4s"	"b 3P"	"1"	"3d7.(4P).4p"	"u 5D*"	"0"	3	1		
"4127.6075"	"4127.60758"	"1.43e+07"	B	"23051.750"	"47272.027"	"3d7.(4P).4s"	"b 3P"	"0"	"3d7.(4P).4p"	"w 3D*"	"1"	1	3		
"4127.7840"	"4127.78449"	""		"26479.381"	"50698.620"	"3d6.(5D).4s.4p.(3P*)"	"z 5D*"	"1"	"3d6.(5D).4s (6D).4d"	"f 5D"	"2"	3	5		
"4127.8125"	"4127.81278"	""		"27543.003"	"51762.076"	"3d7.(2P).4s"	"a 1P"	"1"	"3d6.(3H).4s.4p.(3P*)"	"x 1D*"	"2"	3	5		
"4129.461"	"4129.46006"	"6.5e+05"	E	"27394.691"	"51604.103"	"3d6.(5D).4s.4p.(3P*)"	"z 5F*"	"3"	"3d6.(5D).4s (6D).4d"	"f 5F"	"3"	7	7		
"4130.036"	"4130.0360"	""		"25091.599"	"49297.635"	"3d7.(2P).4s"	"c 3P"	"0"	"3d6.(3F2).4s.4p.(3P*)"	"v 3D*"	"1"	1	3		
"4130.036"	"4130.03668"	""		"12560.934"	"36766.966"	"3d7.(4F).4s"	"a 3F"	"3"	"3d6.(5D).4s.4p.(1P*)"	"y 5P*"	"3"	7	7		
"4131.9351"	"4131.93455"	""		"27559.583"	"51754.497"	"3d6.(5D).4s.4p.(3P*)"	"z 5F*"	"2"	"3d6.(5D).4s (6D).4d"	"f 5F"	"1"	5	3		
"4131.972"	"4131.97092"	""		"26339.696"	"50534.397"	"3d6.(5D).4s.4p.(3P*)"	"z 5D*"	"2"	"3d6.(5D).4s (6D).4d"	"f 5D"	"3"	5	7		
"4132.0579"	"4132.05785"	"1.18e+07"	B+	"12968.554"	"37162.746"	"3d7.(4F).4s"	"a 3F"	"2"	"3d7.(4F).4p"	"y 3F*"	"3"	5	7		
"4132.5326"	"4132.5329"	""		"34328.752"	"58520.163"	"3d7.(4F).4p"	"y 5F*"	"3"	"3d6.(5D).4s (4D).4d"	"g 5G"	"4"	7	9		
"4132.8989"	"4132.89900"	"7.70e+06"	B	"22946.816"	"47136.084"	"3d7.(4P).4s"	"b 3P"	"1"	"3d7.(4P).4p"	"w 3D*"	"2"	3	5		
"4133.8554"	"4133.85535"	"2.12e+06"	C+	"27166.820"	"51350.492"	"3d6.(5D).4s.4p.(3P*)"	"z 5F*"	"4"	"3d6.(5D).4s (4D).5s"	"g 5D"	"4"	9	9		
"4134.3360"	"4134.33575"	"1.06e+03"	C+	"0.000"	"24180.862"	"3d6.4s2"	"a 5D"	"4"	"3d6.(5D).4s.4p.(3P*)"	"z 7P*"	"3"	9	7		
"4134.420"	"4134.41953"	"2.62e+06"	C+	"24335.766"	"48516.138"	"3d7.(2P).4s"	"c 3P"	"2"	"3d7.(4P).4p"	"x 3P*"	"1"	5	3		
"4134.420"	"4134.42551"	""		"27559.583"	"51739.920"	"3d6.(5D).4s.4p.(3P*)"	"z 5F*"	"2"	"3d6.(5D).4s (4D).5s"	"e 3D"	"2"	5	5		
"4134.6773"	"4134.67722"	"1.25e+07"	C+	"22838.323"	"47017.188"	"3d7.(4P).4s"	"b 3P"	"2"	"3d7.(4P).4p"	"w 3D*"	"3"	5	7		
"4136.5211"	"4136.52047"	"1.32e+06"	C	"27166.820"	"51334.911"	"3d6.(5D).4s.4p.(3P*)"	"z 5F*"	"4"	"3d6.(5D).4s (6D).4d"	"e 7G"	"4"	9	9		
"4136.9974"	"4136.99755"	"2.75e+07"	B	"27543.003"	"51708.307"	"3d7.(2P).4s"	"a 1P"	"1"	"3d7.(2P).4p"	"y 1D*"	"2"	3	5		
"4139.9270"	"4139.92679"	"1.83e+04"	A	"7985.785"	"32133.991"	"3d7.(4F).4s"	"a 5F"	"2"	"3d6.(5D).4s.4p.(3P*)"	"z 3F*"	"2"	5	5		
"4140.402"	"4140.40259"	""		"27559.583"	"51705.014"	"3d6.(5D).4s.4p.(3P*)"	"z 5F*"	"2"	"3d6.(5D).4s (6D).4d"	"f 5F"	"2"	5	5		
"4141.8630"	"4141.8628"	"6.57e+05"	B	"24338.767"	"48475.686"	"3d6.4s2"	"b 3G"	"3"	"3d6.(3G).4s.4p.(3P*)"	"y 5H*"	"3"	7	7		
"4142.589"	"4142.5874"	"7.5e+06"	E	"34692.148"	"58824.845"	"3d7.(4F).4p"	"y 5F*"	"1"	"3d6.(5D).4s (4D).4d"	"g 5G"	"2"	3	5		
"4143.4143"	"4143.41445"	"2.70e+07"	B	"24574.655"	"48702.535"	"3d7.(2G).4s"	"a 1G"	"4"	"3d6.(3H).4s.4p.(3P*)"	"y 1G*"	"4"	9	9		
"4143.4969"	"4143.49688"	""		"27166.820"	"51294.220"	"3d6.(5D).4s.4p.(3P*)"	"z 5F*"	"4"	"3d6.(5D).4s (4D).5s"	"e 3D"	"3"	9	7		
"4143.8678"	"4143.86752"	"1.33e+07"	B+	"12560.934"	"36686.176"	"3d7.(4F).4s"	"a 3F"	"3"	"3d7.(4F).4p"	"y 3F*"	"4"	7	9		
"4145.199"	"4145.1993"	"7.8e+04"	E	"21715.732"	"45833.223"	"3d7.(2G).4s"	"a 3G"	"5"	"3d6.(3F2).4s.4p.(3P*)"	"x 5G*"	"4"	11	9		
"4146.0639"	"4146.06405"	"3.78e+05"	C+	"24118.819"	"48231.280"	"3d6.4s2"	"b 3G"	"4"	"3d6.(3G).4s.4p.(3P*)"	"y 5H*"	"5"	9	11		
"4147.3418"	"4147.34238"	""		"26874.550"	"50979.579"	"3d6.(5D).4s.4p.(3P*)"	"z 5F*"	"5"	"3d6.(5D).4s (6D).4d"	"e 5G"	"4"	11	9		
"4147.6687"	"4147.66863"	"4.36e+05"	A	"11976.239"	"36079.372"	"3d7.(4F).4s"	"a 3F"	"4"	"3d7.(4F).4p"	"z 3G*"	"3"	9	7		
"4149.3648"	"4149.36469"	"4.23e+06"	C	"26874.550"	"50967.831"	"3d6.(5D).4s.4p.(3P*)"	"z 5F*"	"5"	"3d6.(5D).4s (6D).4d"	"e 7G"	"6"	11	13		
"4149.7607"	"4149.76032"	""		"415.933"	"24506.917"	"3d6.4s2"	"a 5D"	"3"	"3d6.(5D).4s.4p.(3P*)"	"z 7P*"	"2"	7	5		
"4150.2488"	"4150.24873"	"7.7e+06"	D	"27666.348"	"51754.497"	"3d6.(5D).4s.4p.(3P*)"	"z 5F*"	"1"	"3d6.(5D).4s (6D).4d"	"f 5F"	"1"	3	3		
"4150.447"	"4150.44706"	""		"27543.003"	"51630.001"	"3d7.(2P).4s"	"a 1P"	"1"	"3d6.(5D).4s (6D).5p"	"t 5D*"	"2"	3	5		
"4151.760"	"4151.7638"	""		"34039.516"	"58118.875"	"3d7.(4F).4p"	"y 5F*"	"4"	"3d6.4s.(4D).4d"	"5F"	"4"	9	9		
"4151.9446"	"4151.94518"	""		"28604.613"	"52682.920"	"3d7.(2D2).4s"	"a 1D"	"2"	"3d7.(2D2).4p"	"t 3D*"	"2"	5	5		
"4152.1689"	"4152.16867"	"3.24e+04"	A	"7728.060"	"31805.071"	"3d7.(4F).4s"	"a 5F"	"3"	"3d6.(5D).4s.4p.(3P*)"	"z 3F*"	"3"	7	7		
"4153.3868"	"4153.3862"	""		"19390.168"	"43460.121"	"3d6.4s2"	"a 3H"	"6"	"3d6.(3H).4s.4p.(3P*)"	"z 5I*"	"5"	13	11		
""	"4153.72136"	"1.6e-02"	E	"704.007"	"24772.018"	"3d6.4s2"	"a 5D"	"2"	"3d7.(2P).4s"	"c 3P"	"1"	5	3	M1	
"4153.8994"	"4153.89948"	"2.05e+07"	B+	"27394.691"	"51461.670"	"3d6.(5D).4s.4p.(3P*)"	"z 5F*"	"3"	"3d6.(5D).4s (6D).4d"	"f 5F"	"4"	7	9		
"4154.0982"	"4154.09833"	""		"27394.691"	"51460.518"	"3d6.(5D).4s.4p.(3P*)"	"z 5F*"	"3"	"3d6.(5D).4s (6D).4d"	"e 7G"	"3"	7	7		
"4154.4984"	"4154.49849"	"2.64e+07"	B	"22838.323"	"46901.832"	"3d7.(4P).4s"	"b 3P"	"2"	"3d6.(3P2).4s.4p.(3P*)"	"y 3P*"	"1"	5	3		
"4154.8052"	"4154.80514"	"1.40e+07"	B	"27166.820"	"51228.553"	"3d6.(5D).4s.4p.(3P*)"	"z 5F*"	"4"	"3d6.(5D).4s (6D).4d"	"e 7G"	"5"	9	11		
"4156.454"	"4156.45278"	""		"27166.820"	"51219.015"	"3d6.(5D).4s.4p.(3P*)"	"z 5F*"	"4"	"3d6.(5D).4s (6D).4d"	"e 5G"	"3"	9	7		
"4156.6711"	"4156.67123"	"5.27e+05"	B	"23783.619"	"47834.550"	"3d6.4s2"	"b 3G"	"5"	"3d6.(3F2).4s.4p.(3P*)"	"x 3G*"	"5"	11	11		
"4156.7985"	"4156.79861"	"1.20e+07"	B	"22838.323"	"46888.517"	"3d7.(4P).4s"	"b 3P"	"2"	"3d7.(4P).4p"	"u 5D*"	"2"	5	5		
"4157.7798"	"4157.77954"	"2.18e+07"	B+	"27559.583"	"51604.103"	"3d6.(5D).4s.4p.(3P*)"	"z 5F*"	"2"	"3d6.(5D).4s (6D).4d"	"f 5F"	"3"	5	7		
"4158.7922"	"4158.79208"	"1.6e+07"	D	"27666.348"	"51705.014"	"3d6.(5D).4s.4p.(3P*)"	"z 5F*"	"1"	"3d6.(5D).4s (6D).4d"	"f 5F"	"2"	3	5		
"4160.5519"	"4160.55180"	""		"23783.619"	"47812.118"	"3d6.4s2"	"b 3G"	"5"	"3d6.(3F2).4s.4p.(3P*)"	"x 3G*"	"4"	11	9		
"4161.0766"	"4161.07929"	"9.5e+05"	D	"27166.820"	"51192.273"	"3d6.(5D).4s.4p.(3P*)"	"z 5F*"	"4"	"3d6.(5D).4s (6D).4d"	"e 7F"	"4"	9	9		
"4161.4842"	"4161.48427"	"3.01e+05"	B	"24338.767"	"48361.882"	"3d6.4s2"	"b 3G"	"3"	"3d6.(3G).4s.4p.(3P*)"	"y 5H*"	"4"	7	9		
"4163.676"	"4163.68842"	""		"21715.732"	"45726.130"	"3d7.(2G).4s"	"a 3G"	"5"	"3d6.(3F2).4s.4p.(3P*)"	"x 5G*"	"5"	11	11		
"4164.781"	"4164.77932"	""		"24118.819"	"48122.928"	"3d6.4s2"	"b 3G"	"4"	"3d6.(3G).4s.4p.(3P*)"	"v 5F*"	"3"	9	7		
"4165.358"	"4165.35856"	""		"29356.744"	"53357.515"	"3d6.4s2"	"b 3D"	"2"	"3d6.(3G).4s.4p.(3P*)"	"3F*"	"3"	5	7		
"4165.4175"	"4165.4177"	""		"29313.008"	"53313.438"	"3d6.4s2"	"a 1I"	"6"	"3d6.(3G).4s.4p.(3P*)"	"y 1H*"	"5"	13	11		
"4167.8584"	"4167.8587"	"5.85e+05"	C	"26627.609"	"50613.983"	"3d7.(2H).4s"	"b 3H"	"4"	"3d6.(3F2).4s.4p.(3P*)"	"x 1G*"	"4"	9	9		
"4167.9549"	"4167.9560"	""		"29798.936"	"53784.750"	"3d6.4s2"	"b 1G2"	"4"	"3d7.(4F).5p"	"5D*"	"3"	9	7		
"4168.6145"	"4168.61404"	"6.8e+05"	D	"27166.820"	"51148.848"	"3d6.(5D).4s.4p.(3P*)"	"z 5F*"	"4"	"3d6.(5D).4s (6D).4d"	"e 7F"	"3"	9	7		
"4168.9413"	"4168.94277"	"1.9e+06"	D	"27559.583"	"51539.720"	"3d6.(5D).4s.4p.(3P*)"	"z 5F*"	"2"	"3d6.(5D).4s (6D).4d"	"e 7G"	"2"	5	5		
"4169.756"	"4169.75708"	"1.0e+06"	D	"27394.691"	"51370.145"	"3d6.(5D).4s.4p.(3P*)"	"z 5F*"	"3"	"3d6.(5D).4s (6D).4d"	"e 5G"	"2"	7	5		
"4170.9015"	"4170.90127"	"6.29e+06"	C+	"24335.766"	"48304.643"	"3d7.(2P).4s"	"c 3P"	"2"	"3d7.(4P).4p"	"x 3P*"	"2"	5	5		
"4171.0404"	"4171.044"	""		"34843.957"	"58812.015"	"3d7.(4F).4p"	"z 5G*"	"6"	"3d7.(4F).5d"	"3G"	"5"	13	11		
"4171.6905"	"4171.6902"	"2.01e+06"	C	"29798.936"	"53763.280"	"3d6.4s2"	"b 1G2"	"4"	"3d7.(2D2).4p"	"x 1F*"	"3"	9	7		
"4171.8990"	"4171.8993"	"1.09e+06"	C+	"26623.735"	"50586.878"	"3d7.(2D2).4s"	"a 3D"	"2"	"3d7.(2G).4p"	"z 1F*"	"3"	5	7		
"4172.0391"	""	""		""	""	""	""	""	""	""	""				
"4172.1219"	"4172.12183"	"9.80e+06"	C+	"26224.969"	"50186.834"	"3d7.(2D2).4s"	"a 3D"	"3"	"3d7.(2P).4p"	"w 3P*"	"2"	7	5		
"4172.573"	"4172.5739"	""		"26627.609"	"50586.878"	"3d7.(2H).4s"	"b 3H"	"4"	"3d7.(2G).4p"	"z 1F*"	"3"	9	7		
"4172.6405"	"4172.64025"	"2.24e+06"	B	"26874.550"	"50833.438"	"3d6.(5D).4s.4p.(3P*)"	"z 5F*"	"5"	"3d6.(5D).4s (6D).4d"	"e 7F"	"5"	11	11		
"4172.7445"	"4172.74423"	"6.46e+04"	A	"7728.060"	"31686.351"	"3d7.(4F).4s"	"a 5F"	"3"	"3d6.(5D).4s.4p.(3P*)"	"z 3D*"	"2"	7	5		
"4172.962"	"4172.9632"	""		"34017.103"	"57974.137"	"3d7.(4F).4p"	"y 5D*"	"1"	"3d6.(5D).4s (4D).4d"	"i 5D"	"2"	3	5		
"4173.181"	"4173.17796"	""		"27394.691"	"51350.492"	"3d6.(5D).4s.4p.(3P*)"	"z 5F*"	"3"	"3d6.(5D).4s (4D).5s"	"g 5D"	"4"	7	9		
"4173.3148"	"4173.31471"	"2.63e+06"	C+	"22946.816"	"46901.832"	"3d7.(4P).4s"	"b 3P"	"1"	"3d6.(3P2).4s.4p.(3P*)"	"y 3P*"	"1"	3	3		
"4173.472"	"4173.47343"	""		"24335.766"	"48289.871"	"3d7.(2P).4s"	"c 3P"	"2"	"3d5.(6S).4s2.4p"	"v 5P*"	"1"	5	3		
"4173.9205"	"4173.92038"	"6.50e+04"	B	"7985.785"	"31937.325"	"3d7.(4F).4s"	"a 5F"	"2"	"3d6.(5D).4s.4p.(3P*)"	"z 3D*"	"1"	5	3		
"4174.402"	"4174.3999"	""		"28819.954"	"52768.743"	"3d7.(2H).4s"	"a 1H"	"5"	"3d7.(2H).4p"	"w 3H*"	"4"	11	9		
"4174.9128"	"4174.91238"	"5.87e+04"	A	"7376.764"	"31322.613"	"3d7.(4F).4s"	"a 5F"	"4"	"3d6.(5D).4s.4p.(3P*)"	"z 3D*"	"3"	9	7		
"4175.6358"	"4175.63572"	"1.14e+07"	B	"22946.816"	"46888.517"	"3d7.(4P).4s"	"b 3P"	"1"	"3d7.(4P).4p"	"u 5D*"	"2"	3	5		
"4175.898"	"4175.89404"	""		"27394.691"	"51334.911"	"3d6.(5D).4s.4p.(3P*)"	"z 5F*"	"3"	"3d6.(5D).4s (6D).4d"	"e 7G"	"4"	7	9		
"4176.5656"	"4176.56554"	""		"27166.820"	"51103.191"	"3d6.(5D).4s.4p.(3P*)"	"z 5F*"	"4"	"3d6.(5D).4s (6D).4d"	"f 5F"	"5"	9	11		
"4176.864"	"4176.8669"	""		"34547.211"	"58481.855"	"3d7.(4F).4p"	"y 5F*"	"2"	"3d6.4s.(4D).4d"	"5P"	"3"	5	7		
"4177.085"	"4177.07581"	""		"26874.550"	"50807.997"	"3d6.(5D).4s.4p.(3P*)"	"z 5F*"	"5"	"3d6.(5D).4s (6D).4d"	"f 7D"	"4"	11	9		
"4177.5936"	"4177.59354"	"3.71e+04"	A	"7376.764"	"31307.245"	"3d7.(4F).4s"	"a 5F"	"4"	"3d6.(5D).4s.4p.(3P*)"	"z 3F*"	"4"	9	9		
"4180.410"	"4180.4085"	""		"21999.130"	"45913.497"	"3d7.(2G).4s"	"a 3G"	"4"	"3d6.(3F2).4s.4p.(3P*)"	"x 5G*"	"3"	9	7		
"4181.186"	"4181.1869"	""		"29320.026"	"53229.941"	"3d6.4s2"	"b 3D"	"1"	"3d7.(2D2).4p"	"v 3P*"	"1"	3	3		
"4181.5497"	"4181.5491"	""		"28604.613"	"52512.457"	"3d7.(2D2).4s"	"a 1D"	"2"	"3d7.(2P).4p"	"u 3D*"	"1"	5	3		
"4181.7544"	"4181.75449"	"2.32e+07"	B	"22838.323"	"46744.993"	"3d7.(4P).4s"	"b 3P"	"2"	"3d7.(4P).4p"	"u 5D*"	"3"	5	7		
"4182.3823"	"4182.38239"	"5.04e+06"	D+	"24335.766"	"48238.847"	"3d7.(2P).4s"	"c 3P"	"2"	"3d6.(3G).4s.4p.(3P*)"	"v 5F*"	"2"	5	5		
"4182.7575"	"4182.75792"	"1.3e+06"	D	"27559.583"	"51460.518"	"3d6.(5D).4s.4p.(3P*)"	"z 5F*"	"2"	"3d6.(5D).4s (6D).4d"	"e 7G"	"3"	5	7		
"4183.006"	"4183.00399"	"4.0e+05"	E	"27394.691"	"51294.220"	"3d6.(5D).4s.4p.(3P*)"	"z 5F*"	"3"	"3d6.(5D).4s (4D).5s"	"e 3D"	"3"	7	7		
"4184.8915"	"4184.89130"	"1.03e+07"	B	"22838.323"	"46727.074"	"3d7.(4P).4s"	"b 3P"	"2"	"3d6.(3P2).4s.4p.(3P*)"	"y 3P*"	"2"	5	5		
"4187.0387"	"4187.03842"	"2.15e+07"	B	"19757.032"	"43633.533"	"3d6.(5D).4s.4p.(3P*)"	"z 7D*"	"3"	"3d6.(5D).4s (6D).5s"	"e 7D"	"2"	7	5		
"4187.5868"	"4187.58722"	"4.48e+06"	C+	"27666.348"	"51539.720"	"3d6.(5D).4s.4p.(3P*)"	"z 5F*"	"1"	"3d6.(5D).4s (6D).4d"	"e 7G"	"2"	3	5		
"4187.7952"	"4187.79491"	"1.52e+07"	B	"19562.439"	"43434.627"	"3d6.(5D).4s.4p.(3P*)"	"z 7D*"	"4"	"3d6.(5D).4s (6D).5s"	"e 7D"	"3"	9	7		
"4188.327"	"4188.3258"	""		"34328.752"	"58197.914"	"3d7.(4F).4p"	"y 5F*"	"3"	"3d6.4s.(6D).7s"	"7D"	"4"	7	9		
"4188.7313"	"4188.731"	""		"34843.957"	"58710.811"	"3d7.(4F).4p"	"z 5G*"	"6"	"3d7.(4F).5d"	"5H"	"7"	13	15		
"4189.5563"	"4189.55784"	"2.7e+06"	D	"29798.936"	"53661.079"	"3d6.4s2"	"b 1G2"	"4"	"3d7.(4F).5p"	"5F*"	"3"	9	7		
"4191.4304"	"4191.42997"	"2.73e+07"	B	"19912.495"	"43763.980"	"3d6.(5D).4s.4p.(3P*)"	"z 7D*"	"2"	"3d6.(5D).4s (6D).5s"	"e 7D"	"1"	5	3		
"4191.6763"	"4191.67654"	"4.06e+06"	B	"23051.750"	"46901.832"	"3d7.(4P).4s"	"b 3P"	"0"	"3d6.(3P2).4s.4p.(3P*)"	"y 3P*"	"1"	1	3		
"4193.6039"	"4193.6049"	""		"19621.006"	"43460.121"	"3d6.4s2"	"a 3H"	"5"	"3d6.(3H).4s.4p.(3P*)"	"z 5I*"	"5"	11	11		
"4194.493"	"4194.4886"	""		"21999.130"	"45833.223"	"3d7.(2G).4s"	"a 3G"	"4"	"3d6.(3F2).4s.4p.(3P*)"	"x 5G*"	"4"	9	9		
"4195.3288"	"4195.32874"	"1.11e+07"	B	"26874.550"	"50703.870"	"3d6.(5D).4s.4p.(3P*)"	"z 5F*"	"5"	"3d6.(5D).4s (6D).4d"	"e 5G"	"5"	11	11		
"4195.6176"	"4195.61750"	"1.21e+06"	C+	"24335.766"	"48163.446"	"3d7.(2P).4s"	"c 3P"	"2"	"3d5.(6S).4s2.4p"	"v 5P*"	"2"	5	5		
"4196.2081"	"4196.20852"	"1.09e+07"	B+	"27394.691"	"51219.015"	"3d6.(5D).4s.4p.(3P*)"	"z 5F*"	"3"	"3d6.(5D).4s (6D).4d"	"e 5G"	"3"	7	7		
"4196.5308"	"4196.53070"	"3.0e+05"	E	"23783.619"	"47606.114"	"3d6.4s2"	"b 3G"	"5"	"3d6.(3G).4s.4p.(3P*)"	"v 5F*"	"5"	11	11		
"4196.6712"	"4196.6709"	""		"19621.006"	"43442.705"	"3d6.4s2"	"a 3H"	"5"	"3d6.(3H).4s.4p.(3P*)"	"z 5I*"	"4"	11	9		
"4197.097"	"4197.09607"	""		"7985.785"	"31805.071"	"3d7.(4F).4s"	"a 5F"	"2"	"3d6.(5D).4s.4p.(3P*)"	"z 3F*"	"3"	5	7		
"4198.2466"	"4198.24651"	"1.47e+07"	B+	"27166.820"	"50979.579"	"3d6.(5D).4s.4p.(3P*)"	"z 5F*"	"4"	"3d6.(5D).4s (6D).4d"	"e 5G"	"4"	9	9		
"4198.3041"	"4198.30363"	"8.03e+06"	B	"19350.891"	"43163.326"	"3d6.(5D).4s.4p.(3P*)"	"z 7D*"	"5"	"3d6.(5D).4s (6D).5s"	"e 7D"	"4"	11	9		
"4198.528"	"4198.52526"	""		"24118.819"	"47929.997"	"3d6.4s2"	"b 3G"	"4"	"3d6.(3G).4s.4p.(3P*)"	"v 5F*"	"4"	9	9		
"4198.6338"	"4198.63389"	"1.25e+07"	B	"27559.583"	"51370.145"	"3d6.(5D).4s.4p.(3P*)"	"z 5F*"	"2"	"3d6.(5D).4s (6D).4d"	"e 5G"	"2"	5	5		
"4199.095"	"4199.09489"	"4.92e+07"	B	"24574.655"	"48382.603"	"3d7.(2G).4s"	"a 1G"	"4"	"3d7.(2G).4p"	"z 1H*"	"5"	9	11		
"4199.361"	"4199.36282"	""		"23783.619"	"47590.048"	"3d6.4s2"	"b 3G"	"5"	"3d6.(3G).4s.4p.(3P*)"	"w 5G*"	"4"	11	9		
"4199.9832"	"4199.98366"	""		"704.007"	"24506.917"	"3d6.4s2"	"a 5D"	"2"	"3d6.(5D).4s.4p.(3P*)"	"z 7P*"	"2"	5	5		
"4200.779"	"4200.77749"	""		"12968.554"	"36766.966"	"3d7.(4F).4s"	"a 3F"	"2"	"3d6.(5D).4s.4p.(1P*)"	"y 5P*"	"3"	5	7		
"4200.9239"	"4200.92401"	"6.25e+06"	C+	"27394.691"	"51192.273"	"3d6.(5D).4s.4p.(3P*)"	"z 5F*"	"3"	"3d6.(5D).4s (6D).4d"	"e 7F"	"4"	7	9		
"4202.0289"	"4202.02885"	"8.22e+06"	A	"11976.239"	"35767.564"	"3d7.(4F).4s"	"a 3F"	"4"	"3d7.(4F).4p"	"z 3G*"	"4"	9	9		
"4202.330"	"4202.33478"	""		"20874.482"	"44664.075"	"3d6.4s2"	"b 3F2"	"3"	"3d6.(3F2).4s.4p.(3P*)"	"v 5D*"	"2"	7	5		
"4202.7527"	"4202.75278"	"2.53e+05"	C+	"24574.655"	"48361.882"	"3d7.(2G).4s"	"a 1G"	"4"	"3d6.(3G).4s.4p.(3P*)"	"y 5H*"	"4"	9	9		
"4203.5675"	"4203.56851"	"1.70e+04"	C	"8154.714"	"31937.325"	"3d7.(4F).4s"	"a 5F"	"1"	"3d6.(5D).4s.4p.(3P*)"	"z 3D*"	"1"	3	3		
"4203.9380"	"4203.9380"	"2.97e+06"	B	"29313.008"	"53093.529"	"3d6.4s2"	"a 1I"	"6"	"3d7.(2H).4p"	"1I*"	"6"	13	13		
"4203.9845"	"4203.98445"	"7.37e+06"	B	"22946.816"	"46727.074"	"3d7.(4P).4s"	"b 3P"	"1"	"3d6.(3P2).4s.4p.(3P*)"	"y 3P*"	"2"	3	5		
"4205.5382"	"4205.53882"	"2.77e+06"	D+	"27559.583"	"51331.052"	"3d6.(5D).4s.4p.(3P*)"	"z 5F*"	"2"	"3d6.(5D).4s (6D).4d"	"e 7F"	"2"	5	5		
"4206.6964"	"4206.69619"	"5.90e+03"	D+	"415.933"	"24180.862"	"3d6.4s2"	"a 5D"	"3"	"3d6.(5D).4s.4p.(3P*)"	"z 7P*"	"3"	7	7		
"4207.1268"	"4207.12709"	"4.8e+06"	D+	"22838.323"	"46600.818"	"3d7.(4P).4s"	"b 3P"	"2"	"3d6.(3P2).4s.4p.(3P*)"	"z 3S*"	"1"	5	3		
"4208.6038"	"4208.60387"	""		"27394.691"	"51148.848"	"3d6.(5D).4s.4p.(3P*)"	"z 5F*"	"3"	"3d6.(5D).4s (6D).4d"	"e 7F"	"3"	7	7		
"4209.829"	"4209.8282"	""		"34843.957"	"58591.206"	"3d7.(4F).4p"	"z 5G*"	"6"	"3d7.(4F).5d"	"5F"	"5"	13	11		
"4210.3433"	"4210.3430"	"1.48e+07"	B	"20019.635"	"43763.980"	"3d6.(5D).4s.4p.(3P*)"	"z 7D*"	"1"	"3d6.(5D).4s (6D).5s"	"e 7D"	"1"	3	3		
"4210.3830"	"4210.3829"	"7.18e+06"	B	"24772.018"	"48516.138"	"3d7.(2P).4s"	"c 3P"	"1"	"3d7.(4P).4p"	"x 3P*"	"1"	3	3		
"4213.6471"	"4213.6476"	"2.1e+07"	D+	"22946.816"	"46672.540"	"3d7.(4P).4s"	"b 3P"	"1"	"3d6.(3P2).4s.4p.(3P*)"	"y 3P*"	"0"	3	1		
"4215.4230"	"4215.4231"	"5.98e+05"	B	"24118.819"	"47834.550"	"3d6.4s2"	"b 3G"	"4"	"3d6.(3F2).4s.4p.(3P*)"	"x 3G*"	"5"	9	11		
"4215.477"	"4215.4816"	""		"24118.819"	"47834.221"	"3d6.4s2"	"b 3G"	"4"	"3d6.(3F2).4s.4p.(3P*)"	"x 3G*"	"3"	9	7		
"4215.9675"	"4215.9673"	""		"21715.732"	"45428.402"	"3d7.(2G).4s"	"a 3G"	"5"	"3d6.(3H).4s.4p.(3P*)"	"y 3G*"	"4"	11	9		
"4216.1835"	"4216.18312"	"1.84e+04"	A	"0.000"	"23711.456"	"3d6.4s2"	"a 5D"	"4"	"3d6.(5D).4s.4p.(3P*)"	"z 7P*"	"4"	9	9		
"4217.5453"	"4217.5454"	"2.46e+07"	B+	"27666.348"	"51370.145"	"3d6.(5D).4s.4p.(3P*)"	"z 5F*"	"1"	"3d6.(5D).4s (6D).4d"	"e 5G"	"2"	3	5		
"4219.3601"	"4219.3595"	"2.88e+07"	B+	"28819.954"	"52513.560"	"3d7.(2H).4s"	"a 1H"	"5"	"3d7.(2H).4p"	"y 3I*"	"6"	11	13		
"4219.4141"	"4219.4142"	"5.29e+05"	B	"24118.819"	"47812.118"	"3d6.4s2"	"b 3G"	"4"	"3d6.(3F2).4s.4p.(3P*)"	"x 3G*"	"4"	9	9		
"4220.049"	"4220.0483"	"2.8e+06"	E	"31686.351"	"55376.090"	"3d6.(5D).4s.4p.(3P*)"	"z 3D*"	"2"	"3d7.(4F).4d"	"e 3P"	"1"	5	3		
"4220.3414"	"4220.3412"	"1.83e+07"	C+	"24772.018"	"48460.113"	"3d7.(2P).4s"	"c 3P"	"1"	"3d7.(4P).4p"	"x 3P*"	"0"	3	1		
"4222.2128"	"4222.2127"	"5.76e+06"	B	"19757.032"	"43434.627"	"3d6.(5D).4s.4p.(3P*)"	"z 7D*"	"3"	"3d6.(5D).4s (6D).5s"	"e 7D"	"3"	7	7		
"4223.2329"	"4223.2339"	""		"19788.251"	"43460.121"	"3d6.4s2"	"a 3H"	"4"	"3d6.(3H).4s.4p.(3P*)"	"z 5I*"	"5"	9	11		
"4223.7286"	"4223.7285"	""		"23783.619"	"47452.717"	"3d6.4s2"	"b 3G"	"5"	"3d7.(2G).4p"	"z 1G*"	"4"	11	9		
"4224.1714"	"4224.1711"	"1.06e+07"	B+	"27166.820"	"50833.438"	"3d6.(5D).4s.4p.(3P*)"	"z 5F*"	"4"	"3d6.(5D).4s (6D).4d"	"e 7F"	"5"	9	11		
"4224.5125"	"4224.5128"	"6.81e+06"	C	"27666.348"	"51331.052"	"3d6.(5D).4s.4p.(3P*)"	"z 5F*"	"1"	"3d6.(5D).4s (6D).4d"	"e 7F"	"2"	3	5		
"4225.4540"	"4225.4541"	"1.65e+07"	B+	"27559.583"	"51219.015"	"3d6.(5D).4s.4p.(3P*)"	"z 5F*"	"2"	"3d6.(5D).4s (6D).4d"	"e 5G"	"3"	5	7		
"4225.713"	"4225.7140"	""		"34039.516"	"57697.493"	"3d7.(4F).4p"	"y 5F*"	"4"	"3d6.(5D).4s (4D).4d"	"i 5D"	"4"	9	9		
"4225.9554"	"4225.9555"	"1.32e+06"	B+	"24574.655"	"48231.280"	"3d7.(2G).4s"	"a 1G"	"4"	"3d6.(3G).4s.4p.(3P*)"	"y 5H*"	"5"	9	11		
"4226.3426"	"4226.3434"	""		"19788.251"	"43442.705"	"3d6.4s2"	"a 3H"	"4"	"3d6.(3H).4s.4p.(3P*)"	"z 5I*"	"4"	9	9		
"4226.4237"	"4226.4241"	"4.3e+06"	D+	"22946.816"	"46600.818"	"3d7.(4P).4s"	"b 3P"	"1"	"3d6.(3P2).4s.4p.(3P*)"	"z 3S*"	"1"	3	3		
"4227.4263"	"4227.4264"	"5.29e+07"	B	"26874.550"	"50522.944"	"3d6.(5D).4s.4p.(3P*)"	"z 5F*"	"5"	"3d6.(5D).4s (6D).4d"	"e 5G"	"6"	11	13		
"4228.718"	"4228.7170"	""		"27166.820"	"50807.997"	"3d6.(5D).4s.4p.(3P*)"	"z 5F*"	"4"	"3d6.(5D).4s (6D).4d"	"f 7D"	"4"	9	9		
"4229.404"	"4229.4052"	""		"20874.482"	"44511.812"	"3d6.4s2"	"b 3F2"	"3"	"3d7.(4P).4p"	"y 5S*"	"2"	7	5		
"4229.5100"	"4229.5093"	"2.93e+06"	C+	"26406.465"	"50043.213"	"3d7.(2D2).4s"	"a 3D"	"1"	"3d7.(2P).4p"	"w 3P*"	"1"	3	3		
"4229.7514"	"4229.7531"	"1.99e+04"	A	"11976.239"	"35611.625"	"3d7.(4F).4s"	"a 3F"	"4"	"3d7.(4F).4p"	"z 5G*"	"3"	9	7		
"4232.7260"	"4232.7261"	"8.78e+02"	A	"888.132"	"24506.917"	"3d6.4s2"	"a 5D"	"1"	"3d6.(5D).4s.4p.(3P*)"	"z 7P*"	"2"	3	5		
"4233.6025"	"4233.6021"	"1.85e+07"	B	"20019.635"	"43633.533"	"3d6.(5D).4s.4p.(3P*)"	"z 7D*"	"1"	"3d6.(5D).4s (6D).5s"	"e 7D"	"2"	3	5		
"4235.3870"	"4235.3857"	"1.57e+06"	D+	"27394.691"	"50998.645"	"3d6.(5D).4s.4p.(3P*)"	"z 5F*"	"3"	"3d6.(5D).4s (6D).4d"	"f 7D"	"2"	7	5		
"4235.817"	"4235.8209"	""		"19390.168"	"42991.697"	"3d6.4s2"	"a 3H"	"6"	"3d6.(3H).4s.4p.(3P*)"	"z 5H*"	"5"	13	11		
"4235.9367"	"4235.9361"	"1.88e+07"	B	"19562.439"	"43163.326"	"3d6.(5D).4s.4p.(3P*)"	"z 7D*"	"4"	"3d6.(5D).4s (6D).5s"	"e 7D"	"4"	9	9		
"4237.0739"	"4237.0733"	"2.22e+03"	B+	"7728.060"	"31322.613"	"3d7.(4F).4s"	"a 5F"	"3"	"3d6.(5D).4s.4p.(3P*)"	"z 3D*"	"3"	7	7		
"4237.671"	"4237.6701"	""		"24338.767"	"47929.997"	"3d6.4s2"	"b 3G"	"3"	"3d6.(3G).4s.4p.(3P*)"	"v 5F*"	"4"	7	9		
"4238.0235"	"4238.0231"	""		"27559.583"	"51148.848"	"3d6.(5D).4s.4p.(3P*)"	"z 5F*"	"2"	"3d6.(5D).4s (6D).4d"	"e 7F"	"3"	5	7		
"4238.608"	"4238.6116"	""		"29313.008"	"52898.998"	"3d6.4s2"	"a 1I"	"6"	"3d7.(2H).4p"	"y 3I*"	"5"	13	11		
"4238.8097"	"4238.8096"	"2.41e+07"	B+	"27394.691"	"50979.579"	"3d6.(5D).4s.4p.(3P*)"	"z 5F*"	"3"	"3d6.(5D).4s (6D).4d"	"e 5G"	"4"	7	9		
"4239.3610"	"4239.3617"	"1.3e+06"	E	"29371.812"	"52953.629"	"3d6.4s2"	"b 3D"	"3"	"3d6.(3G).4s.4p.(3P*)"	"3F*"	"4"	7	9		
"4239.7321"	"4239.7320"	"8.46e+05"	B	"23783.619"	"47363.376"	"3d6.4s2"	"b 3G"	"5"	"3d6.(3G).4s.4p.(3P*)"	"w 5G*"	"6"	11	13		
"4239.8474"	"4239.8477"	"7.67e+05"	B+	"21715.732"	"45294.846"	"3d7.(2G).4s"	"a 3G"	"5"	"3d6.(3H).4s.4p.(3P*)"	"y 3G*"	"5"	11	11		
"4239.9421"	"4239.9422"	""		"24772.018"	"48350.606"	"3d7.(2P).4s"	"c 3P"	"1"	"3d6.(3G).4s.4p.(3P*)"	"v 5F*"	"1"	3	3		
"4240.3705"	"4240.3704"	"6.70e+06"	C+	"28604.613"	"52180.820"	"3d7.(2D2).4s"	"a 1D"	"2"	"3d7.(2P).4p"	"1P*"	"1"	5	3		
"4240.6938"	"4240.6919"	""		"24118.819"	"47693.239"	"3d6.4s2"	"b 3G"	"4"	"3d6.(3G).4s.4p.(3P*)"	"w 5G*"	"3"	9	7		
"4241.114"	"4241.1168"	"4.3e+05"	D	"22838.323"	"46410.381"	"3d7.(4P).4s"	"b 3P"	"2"	"3d7.(4P).4p"	"w 5P*"	"1"	5	3		
"4242.5957"	"4242.5952"	"1.19e+05"	C+	"21999.130"	"45562.974"	"3d7.(2G).4s"	"a 3G"	"4"	"3d6.(3H).4s.4p.(3P*)"	"y 3G*"	"3"	9	7		
"4242.7291"	"4242.7294"	"1.32e+06"	C+	"26623.735"	"50186.834"	"3d7.(2D2).4s"	"a 3D"	"2"	"3d7.(2P).4p"	"w 3P*"	"2"	5	5		
"4243.3682"	"4243.3683"	""		"29356.744"	"52916.295"	"3d6.4s2"	"b 3D"	"2"	"3d7.(2D2).4p"	"v 3P*"	"2"	5	5		
"4243.541"	"4243.5434"	""		"29798.936"	"53357.515"	"3d6.4s2"	"b 1G2"	"4"	"3d6.(3G).4s.4p.(3P*)"	"3F*"	"3"	9	7		
"4243.8159"	"4243.8152"	"2.5e+06"	D	"31322.613"	"54879.683"	"3d6.(5D).4s.4p.(3P*)"	"z 3D*"	"3"	"3d7.(4F).4d"	"e 3P"	"2"	7	5		
"4245.2569"	"4245.2573"	"9.0e+06"	D+	"23051.750"	"46600.818"	"3d7.(4P).4s"	"b 3P"	"0"	"3d6.(3P2).4s.4p.(3P*)"	"z 3S*"	"1"	1	3		
"4245.3441"	"4245.3440"	"1.01e+06"	C+	"26874.550"	"50423.137"	"3d6.(5D).4s.4p.(3P*)"	"z 5F*"	"5"	"3d6.(5D).4s (6D).4d"	"f 5D"	"4"	11	9		
"4246.0125"	"4246.0126"	""		"26406.465"	"49951.344"	"3d7.(2D2).4s"	"a 3D"	"1"	"3d7.(2P).4p"	"w 3P*"	"0"	3	1		
"4246.0847"	"4246.0841"	"5.85e+06"	C+	"29371.812"	"52916.295"	"3d6.4s2"	"b 3D"	"3"	"3d7.(2D2).4p"	"v 3P*"	"2"	7	5		
"4247.3058"	"4247.3054"	"1.02e+05"	C+	"19788.251"	"43325.964"	"3d6.4s2"	"a 3H"	"4"	"3d6.(3H).4s.4p.(3P*)"	"z 5H*"	"3"	9	7		
"4247.4253"	"4247.4250"	"1.94e+07"	B	"27166.820"	"50703.870"	"3d6.(5D).4s.4p.(3P*)"	"z 5F*"	"4"	"3d6.(5D).4s (6D).4d"	"e 5G"	"5"	9	11		
"4248.2238"	"4248.2237"	"3.82e+06"	C+	"24772.018"	"48304.643"	"3d7.(2P).4s"	"c 3P"	"1"	"3d7.(4P).4p"	"x 3P*"	"2"	3	5		
"4248.4023"	"4248.4021"	""		"8154.714"	"31686.351"	"3d7.(4F).4s"	"a 5F"	"1"	"3d6.(5D).4s.4p.(3P*)"	"z 3D*"	"2"	3	5		
"4249.579"	"4249.5833"	""		"20641.110"	"44166.206"	"3d6.4s2"	"b 3F2"	"4"	"3d6.(3F2).4s.4p.(3P*)"	"v 5D*"	"3"	9	7		
"4250.1192"	"4250.1188"	"2.07e+07"	B	"19912.495"	"43434.627"	"3d6.(5D).4s.4p.(3P*)"	"z 7D*"	"2"	"3d6.(5D).4s (6D).5s"	"e 7D"	"3"	5	7		
"4250.191"	"4250.1880"	""		"19390.168"	"42911.917"	"3d6.4s2"	"a 3H"	"6"	"3d6.(3H).4s.4p.(3P*)"	"y 5G*"	"5"	13	11		
"4250.7866"	"4250.7864"	"1.02e+07"	B+	"12560.934"	"36079.372"	"3d7.(4F).4s"	"a 3F"	"3"	"3d7.(4F).4p"	"z 3G*"	"3"	7	7		
"4250.8915"	"4250.8921"	""		"24772.018"	"48289.871"	"3d7.(2P).4s"	"c 3P"	"1"	"3d5.(6S).4s2.4p"	"v 5P*"	"1"	3	3		
"4251.497"	"4251.4979"	""		"29798.936"	"53313.438"	"3d6.4s2"	"b 1G2"	"4"	"3d6.(3G).4s.4p.(3P*)"	"y 1H*"	"5"	9	11		
"4251.641"	"4251.6442"	""		"19390.168"	"42903.861"	"3d6.4s2"	"a 3H"	"6"	"3d6.(3H).4s.4p.(3P*)"	"z 5I*"	"6"	13	13		
"4253.930"	"4253.9297"	""		"29356.744"	"52857.804"	"3d6.4s2"	"b 3D"	"2"	"3d7.(2D2).4p"	"t 3D*"	"1"	5	3		
"4254.9450"	"4254.9447"	"1.43e+05"	C+	"24338.767"	"47834.221"	"3d6.4s2"	"b 3G"	"3"	"3d6.(3F2).4s.4p.(3P*)"	"x 3G*"	"3"	7	7		
"4255.5001"	"4255.5004"	"7.13e+05"	D+	"24338.767"	"47831.153"	"3d6.4s2"	"b 3G"	"3"	"3d6.(3G).4s.4p.(3P*)"	"w 5G*"	"2"	7	5		
"4256.205"	"4256.2001"	""		"27559.583"	"51048.107"	"3d6.(5D).4s.4p.(3P*)"	"z 5F*"	"2"	"3d6.(5D).4s (6D).4d"	"f 7D"	"1"	5	3		
"4256.309"	"4256.3112"	""		"19621.006"	"43108.917"	"3d6.4s2"	"a 3H"	"5"	"3d6.(3H).4s.4p.(3P*)"	"z 5H*"	"4"	11	9		
"4256.807"	"4256.8043"	""		"34328.752"	"57813.942"	"3d7.(4F).4p"	"y 5F*"	"3"	"3d6.(5D).4s (4D).4d"	"i 5D"	"3"	7	7		
"4258.3156"	"4258.3157"	"2.54e+03"	A	"704.007"	"24180.862"	"3d6.4s2"	"a 5D"	"2"	"3d6.(5D).4s.4p.(3P*)"	"z 7P*"	"3"	5	7		
"4258.6109"	"4258.6133"	"8.0e+05"	D	"22838.323"	"46313.537"	"3d7.(4P).4s"	"b 3P"	"2"	"3d7.(4P).4p"	"w 5P*"	"2"	5	5		
"4258.9514"	"4258.9513"	"2.34e+05"	C+	"24338.767"	"47812.118"	"3d6.4s2"	"b 3G"	"3"	"3d6.(3F2).4s.4p.(3P*)"	"x 3G*"	"4"	7	9		
"4259.336"	"4259.3364"	"4.19e+04"	D+	"24118.819"	"47590.048"	"3d6.4s2"	"b 3G"	"4"	"3d6.(3G).4s.4p.(3P*)"	"w 5G*"	"4"	9	9		
"4259.9989"	"4259.9989"	"1.57e+06"	D	"26874.550"	"50342.129"	"3d6.(5D).4s.4p.(3P*)"	"z 5F*"	"5"	"3d6.(5D).4s (6D).4d"	"e 7F"	"6"	11	13		
"4260.0803"	"4260.0813"	""		"27394.691"	"50861.816"	"3d6.(5D).4s.4p.(3P*)"	"z 5F*"	"3"	"3d6.(5D).4s (6D).4d"	"f 7D"	"3"	7	7		
"4260.1349"	"4260.1350"	"2.20e+06"	C+	"24772.018"	"48238.847"	"3d7.(2P).4s"	"c 3P"	"1"	"3d6.(3G).4s.4p.(3P*)"	"v 5F*"	"2"	3	5		
"4260.4741"	"4260.4736"	"3.99e+07"	B	"19350.891"	"42815.855"	"3d6.(5D).4s.4p.(3P*)"	"z 7D*"	"5"	"3d6.(5D).4s (6D).5s"	"e 7D"	"5"	11	11		
"4260.7286"	"4260.7277"	""		"22946.816"	"46410.381"	"3d7.(4P).4s"	"b 3P"	"1"	"3d7.(4P).4p"	"w 5P*"	"1"	3	3		
"4264.2032"	"4264.2033"	"1.62e+06"	C+	"27166.820"	"50611.261"	"3d6.(5D).4s.4p.(3P*)"	"z 5F*"	"4"	"3d6.(5D).4s (6D).4d"	"e 7P"	"3"	9	7		
"4265.236"	"4265.2359"	""		"31937.325"	"55376.090"	"3d6.(5D).4s.4p.(3P*)"	"z 3D*"	"1"	"3d7.(4F).4d"	"e 3P"	"1"	3	3		
"4265.2678"	"4265.2683"	""		"31686.351"	"55124.938"	"3d6.(5D).4s.4p.(3P*)"	"z 3D*"	"2"	"3d7.(4F).4d"	"f 3F"	"3"	5	7		
"4266.9642"	"4266.9641"	"6.27e+05"	B+	"21999.130"	"45428.402"	"3d7.(2G).4s"	"a 3G"	"4"	"3d6.(3H).4s.4p.(3P*)"	"y 3G*"	"4"	9	9		
"4267.389"	"4267.3914"	""		"34547.211"	"57974.137"	"3d7.(4F).4p"	"y 5F*"	"2"	"3d6.(5D).4s (4D).4d"	"i 5D"	"2"	5	5		
"4267.8262"	"4267.8263"	"8.17e+06"	B	"25091.599"	"48516.138"	"3d7.(2P).4s"	"c 3P"	"0"	"3d7.(4P).4p"	"x 3P*"	"1"	1	3		
"4268.7485"	"4268.7486"	"3.30e+06"	C+	"26623.735"	"50043.213"	"3d7.(2D2).4s"	"a 3D"	"2"	"3d7.(2P).4p"	"w 3P*"	"1"	5	3		
"4271.1535"	"4271.1531"	"1.82e+07"	B	"19757.032"	"43163.326"	"3d6.(5D).4s.4p.(3P*)"	"z 7D*"	"3"	"3d6.(5D).4s (6D).5s"	"e 7D"	"4"	7	9		
"4271.7602"	"4271.7599"	"2.28e+07"	A	"11976.239"	"35379.208"	"3d7.(4F).4s"	"a 3F"	"4"	"3d7.(4F).4p"	"z 3G*"	"5"	9	11		
"4271.942"	"4271.9406"	""		"19621.006"	"43022.985"	"3d6.4s2"	"a 3H"	"5"	"3d6.(3H).4s.4p.(3P*)"	"y 5G*"	"4"	11	9		
"4273.8682"	"4273.8676"	""		"24772.018"	"48163.446"	"3d7.(2P).4s"	"c 3P"	"1"	"3d5.(6S).4s2.4p"	"v 5P*"	"2"	3	5		
"4275.698"	"4275.6979"	"5.59e+04"	D+	"20641.110"	"44022.525"	"3d6.4s2"	"b 3F2"	"4"	"3d6.(3F2).4s.4p.(3P*)"	"v 5D*"	"4"	9	9		
"4276.6758"	"4276.6743"	"2.6e+06"	D	"31307.245"	"54683.322"	"3d6.(5D).4s.4p.(3P*)"	"z 3F*"	"4"	"3d7.(4F).4d"	"f 3F"	"4"	9	9		
"4278.2311"	"4278.2300"	"1.0e+06"	D	"27166.820"	"50534.397"	"3d6.(5D).4s.4p.(3P*)"	"z 5F*"	"4"	"3d6.(5D).4s (6D).4d"	"f 5D"	"3"	9	7		
"4279.488"	"4279.4878"	"1.5e+06"	D	"31322.613"	"54683.322"	"3d6.(5D).4s.4p.(3P*)"	"z 3D*"	"3"	"3d7.(4F).4d"	"f 3F"	"4"	7	9		
"4279.870"	"4279.8685"	"6.5e+05"	D	"23051.750"	"46410.381"	"3d7.(4P).4s"	"b 3P"	"0"	"3d7.(4P).4p"	"w 5P*"	"1"	1	3		
"4280.539"	"4280.5350"	"3.1e+05"	E	"26105.908"	"49460.902"	"3d7.(2H).4s"	"b 3H"	"6"	"3d7.(2G).4p"	"v 3G*"	"5"	13	11		
"4282.4026"	"4282.4026"	"1.21e+07"	B+	"17550.181"	"40894.990"	"3d7.(4P).4s"	"a 5P"	"3"	"3d6.(3P2).4s.4p.(3P*)"	"z 5S*"	"2"	7	5		
"4284.405"	"4284.4051"	"1.1e+05"	E	"24118.819"	"47452.717"	"3d6.4s2"	"b 3G"	"4"	"3d7.(2G).4p"	"z 1G*"	"4"	9	9		
"4284.405"	"4284.4080"	""		"35257.324"	"58591.206"	"3d7.(4F).4p"	"z 5G*"	"4"	"3d7.(4F).5d"	"5F"	"5"	9	11		
"4285.4417"	"4285.4415"	"1.78e+06"	D+	"26105.908"	"49434.163"	"3d7.(2H).4s"	"b 3H"	"6"	"3d7.(2G).4p"	"y 3H*"	"6"	13	13		
"4285.822"	"4285.8234"	"1.3e+06"	D	"29356.744"	"52682.920"	"3d6.4s2"	"b 3D"	"2"	"3d7.(2D2).4p"	"t 3D*"	"2"	5	5		
"4286.4340"	"4286.4319"	"1.7e+05"	D	"23783.619"	"47106.484"	"3d6.4s2"	"b 3G"	"5"	"3d6.(3H).4s.4p.(3P*)"	"z 3H*"	"4"	11	9		
"4286.864"	"4286.8631"	""		"27559.583"	"50880.102"	"3d6.(5D).4s.4p.(3P*)"	"z 5F*"	"2"	"3d6.(5D).4s (6D).4d"	"f 5D"	"1"	5	3		
"4286.9834"	"4286.9829"	""		"31805.071"	"55124.938"	"3d6.(5D).4s.4p.(3P*)"	"z 3F*"	"3"	"3d7.(4F).4d"	"f 3F"	"3"	7	7		
"4287.938"	"4287.9396"	""		"27666.348"	"50981.012"	"3d6.(5D).4s.4p.(3P*)"	"z 5F*"	"1"	"3d6.(5D).4s (6D).4d"	"f 5D"	"0"	3	1		
"4288.1455"	"4288.1455"	"4.49e+05"	B+	"22249.429"	"45562.974"	"3d7.(2G).4s"	"a 3G"	"3"	"3d6.(3H).4s.4p.(3P*)"	"y 3G*"	"3"	7	7		
"4288.956"	"4288.9548"	"2.92e+05"	C	"20874.482"	"44183.628"	"3d6.4s2"	"b 3F2"	"3"	"3d6.(3P2).4s.4p.(3P*)"	"w 5D*"	"2"	7	5		
"4289.9143"	"4289.9149"	""		"27394.691"	"50698.620"	"3d6.(5D).4s.4p.(3P*)"	"z 5F*"	"3"	"3d6.(5D).4s (6D).4d"	"f 5D"	"2"	7	5		
"4290.3786"	"4290.3789"	"6.29e+05"	C+	"24118.819"	"47420.228"	"3d6.4s2"	"b 3G"	"4"	"3d6.(3G).4s.4p.(3P*)"	"w 5G*"	"5"	9	11		
"4290.8644"	"4290.8641"	"3.83e+05"	C+	"22838.323"	"46137.097"	"3d7.(4P).4s"	"b 3P"	"2"	"3d7.(4P).4p"	"w 5P*"	"3"	5	7		
"4291.4634"	"4291.4629"	"3.35e+03"	B	"415.933"	"23711.456"	"3d6.4s2"	"a 5D"	"3"	"3d6.(5D).4s.4p.(3P*)"	"z 7P*"	"4"	7	9		
"4292.117"	"4292.1170"	""		"17550.181"	"40842.154"	"3d7.(4P).4s"	"a 5P"	"3"	"3d6.(5D).4s.4p.(1P*)"	"x 5F*"	"3"	7	7		
"4292.163"	"4292.1629"	""		"20874.482"	"44166.206"	"3d6.4s2"	"b 3F2"	"3"	"3d6.(3F2).4s.4p.(3P*)"	"v 5D*"	"3"	7	7		
"4292.2841"	"4292.2847"	""		"17726.988"	"41018.051"	"3d7.(4P).4s"	"a 5P"	"2"	"3d6.(5D).4s.4p.(1P*)"	"x 5F*"	"2"	5	5		
"4293.7980"	"4293.7979"	""		"19621.006"	"42903.861"	"3d6.4s2"	"a 3H"	"5"	"3d6.(3H).4s.4p.(3P*)"	"z 5I*"	"6"	11	13		
"4294.0374"	"4294.0371"	""		"20641.110"	"43922.668"	"3d6.4s2"	"b 3F2"	"4"	"3d6.(3P2).4s.4p.(3P*)"	"w 5D*"	"3"	9	7		
"4294.1245"	"4294.1244"	"3.12e+06"	B+	"11976.239"	"35257.324"	"3d7.(4F).4s"	"a 3F"	"4"	"3d7.(4F).4p"	"z 5G*"	"4"	9	9		
"4298.0362"	"4298.0364"	"1.23e+06"	B	"24574.655"	"47834.550"	"3d7.(2G).4s"	"a 1G"	"4"	"3d6.(3F2).4s.4p.(3P*)"	"x 3G*"	"5"	9	11		
"4299.235"	"4299.2340"	"1.29e+07"	B+	"19562.439"	"42815.855"	"3d6.(5D).4s.4p.(3P*)"	"z 7D*"	"4"	"3d6.(5D).4s (6D).5s"	"e 7D"	"5"	9	11		
"4299.235"	"4299.2394"	""		"26351.040"	"49604.427"	"3d7.(2H).4s"	"b 3H"	"5"	"3d7.(2G).4p"	"y 3H*"	"5"	11	11		
"4299.467"	"4299.4666"	""		"26224.969"	"49477.127"	"3d7.(2D2).4s"	"a 3D"	"3"	"3d6.(3F2).4s.4p.(3P*)"	"1F*"	"3"	7	7		
"4299.6283"	"4299.6288"	"2.65e+05"	B	"24338.767"	"47590.048"	"3d6.4s2"	"b 3G"	"3"	"3d6.(3G).4s.4p.(3P*)"	"w 5G*"	"4"	7	9		
"4300.206"	"4300.2036"	"6.5e+05"	E	"31307.245"	"54555.418"	"3d6.(5D).4s.4p.(3P*)"	"z 3F*"	"4"	"3d7.(4F).4d"	"e 3H"	"4"	9	9		
"4302.1855"	"4302.1856"	"7.70e+05"	B	"24574.655"	"47812.118"	"3d7.(2G).4s"	"a 1G"	"4"	"3d6.(3F2).4s.4p.(3P*)"	"x 3G*"	"4"	9	9		
"4304.5405"	"4304.5402"	"3.06e+05"	B	"23783.619"	"47008.371"	"3d6.4s2"	"b 3G"	"5"	"3d6.(3H).4s.4p.(3P*)"	"z 3H*"	"5"	11	11		
"4305.131"	"4305.1336"	""		"21999.130"	"45220.681"	"3d7.(2G).4s"	"a 3G"	"4"	"3d6.(3P2).4s.4p.(3P*)"	"x 3D*"	"3"	9	7		
"4305.2067"	"4305.2061"	"4.7e+05"	E	"28604.613"	"51825.773"	"3d7.(2D2).4s"	"a 1D"	"2"	"3d7.(2H).4p"	"u 3G*"	"3"	5	7		
"4305.4502"	"4305.4501"	"5.54e+06"	C+	"24335.766"	"47555.610"	"3d7.(2P).4s"	"c 3P"	"2"	"3d7.(4P).4p"	"y 3S*"	"1"	5	3		
"4306.578"	"4306.5796"	""		"27666.348"	"50880.102"	"3d6.(5D).4s.4p.(3P*)"	"z 5F*"	"1"	"3d6.(5D).4s (6D).4d"	"f 5D"	"1"	3	3		
"4307.704"	"4307.7042"	""		"26351.040"	"49558.734"	"3d7.(2H).4s"	"b 3H"	"5"	"3d6.(5D).4s (6D).5p"	"n 7D*"	"4"	11	9		
"4307.9020"	"4307.9017"	"3.38e+07"	B+	"12560.934"	"35767.564"	"3d7.(4F).4s"	"a 3F"	"3"	"3d7.(4F).4p"	"z 3G*"	"4"	7	9		
"4308.495"	"4308.4928"	""		"19788.251"	"42991.697"	"3d6.4s2"	"a 3H"	"4"	"3d6.(3H).4s.4p.(3P*)"	"z 5H*"	"5"	9	11		
"4309.0304"	"4309.0303"	"1.96e+06"	B	"29313.008"	"52513.560"	"3d6.4s2"	"a 1I"	"6"	"3d7.(2H).4p"	"y 3I*"	"6"	13	13		
"4309.3742"	"4309.3741"	"1.78e+06"	C+	"23783.619"	"46982.320"	"3d6.4s2"	"b 3G"	"5"	"3d6.(3H).4s.4p.(3P*)"	"z 3H*"	"6"	11	13		
"4309.4535"	"4309.4538"	""		"25091.599"	"48289.871"	"3d7.(2P).4s"	"c 3P"	"0"	"3d5.(6S).4s2.4p"	"v 5P*"	"1"	1	3		
"4310.374"	"4310.3717"	"2.4e+06"	E	"31686.351"	"54879.683"	"3d6.(5D).4s.4p.(3P*)"	"z 3D*"	"2"	"3d7.(4F).4d"	"e 3P"	"2"	5	5		
"4315.0843"	"4315.0844"	"7.76e+06"	B+	"17726.988"	"40894.990"	"3d7.(4P).4s"	"a 5P"	"2"	"3d6.(3P2).4s.4p.(3P*)"	"z 5S*"	"2"	5	5		
"4317.047"	"4317.0482"	"5.2e+05"	E	"28604.613"	"51762.076"	"3d7.(2D2).4s"	"a 1D"	"2"	"3d6.(3H).4s.4p.(3P*)"	"x 1D*"	"2"	5	5		
"4318.801"	"4318.8051"	""		"20874.482"	"44022.525"	"3d6.4s2"	"b 3F2"	"3"	"3d6.(3F2).4s.4p.(3P*)"	"v 5D*"	"4"	7	9		
"4320.483"	"4320.4860"	""		"27559.583"	"50698.620"	"3d6.(5D).4s.4p.(3P*)"	"z 5F*"	"2"	"3d6.(5D).4s (6D).4d"	"f 5D"	"2"	5	5		
"4324.948"	"4324.9479"	""		"17726.988"	"40842.154"	"3d7.(4P).4s"	"a 5P"	"2"	"3d6.(5D).4s.4p.(1P*)"	"x 5F*"	"3"	5	7		
"4325.1747"	"4325.1754"	""		"24338.767"	"47452.717"	"3d6.4s2"	"b 3G"	"3"	"3d7.(2G).4p"	"z 1G*"	"4"	7	9		
""	"4325.73891"	""		"0.000"	"23110.939"	"3d6.4s2"	"a 5D"	"4"	"3d6.(5D).4s.4p.(3P*)"	"z 7F*"	"3"	9	7		
"4325.7616"	"4325.7616"	"5.16e+07"	B+	"12968.554"	"36079.372"	"3d7.(4F).4s"	"a 3F"	"2"	"3d7.(4F).4p"	"z 3G*"	"3"	5	7		
"4325.9397"	"4325.9405"	"4.81e+05"	D+	"26351.040"	"49460.902"	"3d7.(2H).4s"	"b 3H"	"5"	"3d7.(2G).4p"	"v 3G*"	"5"	11	11		
"4326.7530"	"4326.7529"	"4.63e+05"	C	"23783.619"	"46889.142"	"3d6.4s2"	"b 3G"	"5"	"3d6.(3F2).4s.4p.(3P*)"	"x 3F*"	"4"	11	9		
"4327.0953"	"4327.0954"	"1.12e+07"	B	"28604.613"	"51708.307"	"3d7.(2D2).4s"	"a 1D"	"2"	"3d7.(2P).4p"	"y 1D*"	"2"	5	5		
"4327.9031"	"4327.9034"	"7.16e+05"	C+	"26627.609"	"49726.990"	"3d7.(2H).4s"	"b 3H"	"4"	"3d7.(2G).4p"	"y 3H*"	"4"	9	9		
"4330.9516"	"4330.9517"	""		"26351.040"	"49434.163"	"3d7.(2H).4s"	"b 3H"	"5"	"3d7.(2G).4p"	"y 3H*"	"6"	11	13		
"4337.0460"	"4337.0454"	"1.02e+06"	A	"12560.934"	"35611.625"	"3d7.(4F).4s"	"a 3F"	"3"	"3d7.(4F).4p"	"z 5G*"	"3"	7	7		
"4337.517"	"4337.5168"	""		"20874.482"	"43922.668"	"3d6.4s2"	"b 3F2"	"3"	"3d6.(3P2).4s.4p.(3P*)"	"w 5D*"	"3"	7	7		
"4338.2475"	"4338.2574"	"7.9e+04"	D	"17550.181"	"40594.432"	"3d7.(4P).4s"	"a 5P"	"3"	"3d6.(5D).4s.4p.(1P*)"	"x 5F*"	"4"	7	9		
"4340.490"	"4340.4889"	""		"22249.429"	"45281.833"	"3d7.(2G).4s"	"a 3G"	"3"	"3d6.(3P2).4s.4p.(3P*)"	"x 3D*"	"2"	7	5		
"4341.813"	"4341.8115"	""		"28604.613"	"51630.001"	"3d7.(2D2).4s"	"a 1D"	"2"	"3d6.(5D).4s (6D).5p"	"t 5D*"	"2"	5	5		
"4343.2161"	"4343.2153"	""		"33095.941"	"56113.887"	"3d7.(4F).4p"	"y 5D*"	"4"	"3d7.(4F).6s"	"5F"	"5"	9	11		
"4343.271"	"4343.2708"	"1.6e+06"	D	"26224.969"	"49242.621"	"3d7.(2D2).4s"	"a 3D"	"3"	"3d6.(3F2).4s.4p.(3P*)"	"v 3D*"	"2"	7	5		
"4343.6972"	"4343.6971"	"6.21e+05"	B	"24574.655"	"47590.048"	"3d7.(2G).4s"	"a 1G"	"4"	"3d6.(3G).4s.4p.(3P*)"	"w 5G*"	"4"	9	9		
"4343.869"	"4343.8726"	""		"28604.613"	"51619.076"	"3d7.(2D2).4s"	"a 1D"	"2"	"3d6.(5D).4s (6D).5p"	"u 5F*"	"3"	5	7		
"4344.4993"	"4344.4990"	""		"29056.324"	"52067.469"	"3d6.(5D).4s.4p.(3P*)"	"z 5P*"	"3"	"3d6.(5D).4s (6D).4d"	"e 5P"	"2"	7	5		
"4344.890"	"4344.8861"	""		"33507.123"	"56516.218"	"3d7.(4F).4p"	"y 5D*"	"3"	"3d7.(4F).6s"	"5F"	"4"	7	9		
"4346.5523"	"4346.5522"	"7.52e+05"	B	"26627.609"	"49627.884"	"3d7.(2H).4s"	"b 3H"	"4"	"3d7.(2G).4p"	"v 3G*"	"4"	9	9		
"4347.2333"	"4347.23287"	"1.23e+02"	A	"0.000"	"22996.674"	"3d6.4s2"	"a 5D"	"4"	"3d6.(5D).4s.4p.(3P*)"	"z 7F*"	"4"	9	9		
"4347.8323"	"4347.8332"	"1.7e+06"	D	"29056.324"	"52049.823"	"3d6.(5D).4s.4p.(3P*)"	"z 5P*"	"3"	"3d6.(5D).4s (4D).5s"	"g 5D"	"2"	7	5		
"4348.9363"	"4348.9366"	"2.82e+05"	D+	"24118.819"	"47106.484"	"3d6.4s2"	"b 3G"	"4"	"3d6.(3H).4s.4p.(3P*)"	"z 3H*"	"4"	9	9		
"4351.5436"	"4351.5437"	"9.39e+05"	B	"24118.819"	"47092.712"	"3d6.4s2"	"b 3G"	"4"	"3d6.(3F2).4s.4p.(3P*)"	"x 3F*"	"3"	9	7		
"4352.7344"	"4352.7345"	"3.63e+06"	B+	"17927.382"	"40894.990"	"3d7.(4P).4s"	"a 5P"	"1"	"3d6.(3P2).4s.4p.(3P*)"	"z 5S*"	"2"	3	5		
"4358.4989"	"4358.5007"	"8.09e+05"	C+	"23783.619"	"46720.842"	"3d6.4s2"	"b 3G"	"5"	"3d7.(4P).4p"	"u 5D*"	"4"	11	9		
"4358.684"	"4358.6835"	""		"24335.766"	"47272.027"	"3d7.(2P).4s"	"c 3P"	"2"	"3d7.(4P).4p"	"w 3D*"	"1"	5	3		
"4360.8029"	"4360.8040"	"1.0e+06"	D	"29371.812"	"52296.920"	"3d6.4s2"	"b 3D"	"3"	"3d7.(2P).4p"	"u 3D*"	"2"	7	5		
"4365.8964"	"4365.8963"	"2.81e+05"	C	"24118.819"	"47017.188"	"3d6.4s2"	"b 3G"	"4"	"3d7.(4P).4p"	"w 3D*"	"3"	9	7		
"4367.5782"	"4367.5781"	"1.56e+06"	B	"24118.819"	"47008.371"	"3d6.4s2"	"b 3G"	"4"	"3d6.(3H).4s.4p.(3P*)"	"z 3H*"	"5"	9	11		
"4367.9033"	"4367.9032"	"9.09e+04"	C+	"12968.554"	"35856.402"	"3d7.(4F).4s"	"a 3F"	"2"	"3d7.(4F).4p"	"z 5G*"	"2"	5	5		
"4369.7715"	"4369.7716"	"6.09e+06"	C+	"24574.655"	"47452.717"	"3d7.(2G).4s"	"a 1G"	"4"	"3d7.(2G).4p"	"z 1G*"	"4"	9	9		
"4370.981"	"4370.9763"	""		"17550.181"	"40421.938"	"3d7.(4P).4s"	"a 5P"	"3"	"3d5.(6S).4s2.4p"	"y 7P*"	"4"	7	9		
"4372.9814"	"4372.9863"	"1.8e+05"	D	"24335.766"	"47197.010"	"3d7.(2P).4s"	"c 3P"	"2"	"3d6.(3F2).4s.4p.(3P*)"	"x 3F*"	"2"	5	5		
"4373.5604"	"4373.5605"	"1.04e+06"	C	"24338.767"	"47197.010"	"3d6.4s2"	"b 3G"	"3"	"3d6.(3F2).4s.4p.(3P*)"	"x 3F*"	"2"	7	5		
"4374.4889"	"4374.4888"	"1.68e+05"	C	"26623.735"	"49477.127"	"3d7.(2D2).4s"	"a 3D"	"2"	"3d6.(3F2).4s.4p.(3P*)"	"1F*"	"3"	5	7		
"4375.476"	"4375.4768"	"1.53e+05"	D+	"28819.954"	"51668.186"	"3d7.(2H).4s"	"a 1H"	"5"	"3d7.(2H).4p"	"u 3G*"	"4"	11	9		
"4375.9298"	"4375.92935"	"2.95e+04"	A	"0.000"	"22845.869"	"3d6.4s2"	"a 5D"	"4"	"3d6.(5D).4s.4p.(3P*)"	"z 7F*"	"5"	9	11		
"4375.9859"	"4375.9860"	""		"24574.655"	"47420.228"	"3d7.(2G).4s"	"a 1G"	"4"	"3d6.(3G).4s.4p.(3P*)"	"w 5G*"	"5"	9	11		
"4376.774"	"4376.7725"	"5.35e+05"	D+	"24335.766"	"47177.234"	"3d7.(2P).4s"	"c 3P"	"2"	"3d7.(4P).4p"	"u 5D*"	"1"	5	3		
"4376.774"	"4376.7821"	""		"29371.812"	"52213.230"	"3d6.4s2"	"b 3D"	"3"	"3d7.(2D2).4p"	"t 3D*"	"3"	7	7		
"4377.7913"	"4377.7906"	"3.8e+05"	D	"26406.465"	"49242.621"	"3d7.(2D2).4s"	"a 3D"	"1"	"3d6.(3F2).4s.4p.(3P*)"	"v 3D*"	"2"	3	5		
"4382.7677"	"4382.7676"	"1.54e+06"	C+	"28819.954"	"51630.178"	"3d7.(2H).4s"	"a 1H"	"5"	"3d6.(3H).4s.4p.(3P*)"	"1H*"	"5"	11	11		
"4383.5447"	"4383.5444"	"5.00e+07"	A	"11976.239"	"34782.421"	"3d7.(4F).4s"	"a 3F"	"4"	"3d7.(4F).4p"	"z 5G*"	"5"	9	11		
"4384.6719"	"4384.6718"	"5.4e+05"	E	"24335.766"	"47136.084"	"3d7.(2P).4s"	"c 3P"	"2"	"3d7.(4P).4p"	"w 3D*"	"2"	5	5		
"4385.2493"	"4385.2490"	""		"24338.767"	"47136.084"	"3d6.4s2"	"b 3G"	"3"	"3d7.(4P).4p"	"w 3D*"	"2"	7	5		
"4387.8909"	"4387.8908"	"3.46e+06"	C+	"24772.018"	"47555.610"	"3d7.(2P).4s"	"c 3P"	"1"	"3d7.(4P).4p"	"y 3S*"	"1"	3	3		
"4388.4065"	"4388.4066"	"1.03e+07"	B	"29056.324"	"51837.238"	"3d6.(5D).4s.4p.(3P*)"	"z 5P*"	"3"	"3d6.(5D).4s (6D).4d"	"e 5P"	"3"	7	7		
"4389.245"	"4389.2442"	"1.81e+03"	A	"415.933"	"23192.500"	"3d6.4s2"	"a 5D"	"3"	"3d6.(5D).4s.4p.(3P*)"	"z 7F*"	"2"	7	5		
"4390.4477"	"4390.4478"	"1.4e+05"	D	"24118.819"	"46889.142"	"3d6.4s2"	"b 3G"	"4"	"3d6.(3F2).4s.4p.(3P*)"	"x 3F*"	"4"	9	9		
"4390.752"	"4390.7509"	""		"34039.516"	"56808.267"	"3d7.(4F).4p"	"y 5F*"	"4"	"3d7.(4F).6s"	"3F"	"4"	9	9		
"4390.9502"	"4390.9503"	"1.16e+06"	C+	"24338.767"	"47106.484"	"3d6.4s2"	"b 3G"	"3"	"3d6.(3H).4s.4p.(3P*)"	"z 3H*"	"4"	7	9		
"4391.863"	"4391.8610"	"1.1e+06"	E	"31686.351"	"54449.347"	"3d6.(5D).4s.4p.(3P*)"	"z 3D*"	"2"	"3d7.(4F).4d"	"f 3D"	"1"	5	3		
"4392.579"	"4392.5795"	"4.1e+05"	E	"31307.245"	"54066.518"	"3d6.(5D).4s.4p.(3P*)"	"z 3F*"	"4"	"3d7.(4F).4d"	"e 3G"	"4"	9	9		
"4393.024"	"4393.0286"	""		"24335.766"	"47092.712"	"3d7.(2P).4s"	"c 3P"	"2"	"3d6.(3F2).4s.4p.(3P*)"	"x 3F*"	"3"	5	7		
"4393.090"	"4393.0914"	""		"33695.397"	"56452.018"	"3d7.(4F).4p"	"y 5F*"	"5"	"3d6.4s.(6D).5d"	"7D"	"4"	11	9		
"4395.2738"	"4395.2739"	"1.70e+06"	B	"29469.024"	"52214.345"	"3d6.(5D).4s.4p.(3P*)"	"z 5P*"	"2"	"3d6.(5D).4s (4D).5s"	"g 5D"	"1"	5	3		
"4395.497"	"4395.4983"	""		"31322.613"	"54066.773"	"3d6.(5D).4s.4p.(3P*)"	"z 3D*"	"3"	"3d7.(4F).4d"	"f 3D"	"2"	7	5		
"4401.2896"	"4401.2897"	"6.4e+06"	D	"29056.324"	"51770.557"	"3d6.(5D).4s.4p.(3P*)"	"z 5P*"	"3"	"3d6.(5D).4s (4D).5s"	"g 5D"	"3"	7	7		
"4401.4426"	"4401.4425"	"8.18e+05"	C+	"22838.323"	"45551.767"	"3d7.(4P).4s"	"b 3P"	"2"	"3d6.(3P2).4s.4p.(3P*)"	"x 3D*"	"1"	5	3		
"4403.175"	"4403.1749"	""		"36686.176"	"59390.684"	"3d7.(4F).4p"	"y 3F*"	"4"	""	"59390e"	"3"	9	7		
"4404.7501"	"4404.7498"	"2.75e+07"	A	"12560.934"	"35257.324"	"3d7.(4F).4s"	"a 3F"	"3"	"3d7.(4F).4p"	"z 5G*"	"4"	7	9		
"4405.0187"	"4405.0185"	"2.95e+02"	C+	"415.933"	"23110.939"	"3d6.4s2"	"a 5D"	"3"	"3d6.(5D).4s.4p.(3P*)"	"z 7F*"	"3"	7	7		
"4407.233"	"4407.2342"	""		"29056.324"	"51739.920"	"3d6.(5D).4s.4p.(3P*)"	"z 5P*"	"3"	"3d6.(5D).4s (4D).5s"	"e 3D"	"2"	7	5		
"4407.657"	"4407.6567"	""		"24335.766"	"47017.188"	"3d7.(2P).4s"	"c 3P"	"2"	"3d7.(4P).4p"	"w 3D*"	"3"	5	7		
"4407.7089"	"4407.7086"	"7.30e+05"	D+	"17550.181"	"40231.336"	"3d7.(4P).4s"	"a 5P"	"3"	"3d6.(5D).4s.4p.(1P*)"	"x 5D*"	"2"	7	5		
"4408.4132"	"4408.4132"	"1.92e+06"	D+	"17726.988"	"40404.518"	"3d7.(4P).4s"	"a 5P"	"2"	"3d6.(5D).4s.4p.(1P*)"	"x 5D*"	"1"	5	3		
"4409.1192"	"4409.1189"	"7.4e+05"	D	"26623.735"	"49297.635"	"3d7.(2D2).4s"	"a 3D"	"2"	"3d6.(3F2).4s.4p.(3P*)"	"v 3D*"	"1"	5	3		
"4414.931"	"4414.9315"	""		"31322.613"	"53966.662"	"3d6.(5D).4s.4p.(3P*)"	"z 3D*"	"3"	"3d7.(4F).4d"	"h 5D"	"2"	7	5		
"4415.1222"	"4415.1221"	"1.19e+07"	A	"12968.554"	"35611.625"	"3d7.(4F).4s"	"a 3F"	"2"	"3d7.(4F).4p"	"z 5G*"	"3"	5	7		
"4418.419"	"4418.4194"	""		"24118.819"	"46744.993"	"3d6.4s2"	"b 3G"	"4"	"3d7.(4P).4p"	"u 5D*"	"3"	9	7		
"4422.5678"	"4422.5677"	"8.72e+06"	B+	"22946.816"	"45551.767"	"3d7.(4P).4s"	"b 3P"	"1"	"3d6.(3P2).4s.4p.(3P*)"	"x 3D*"	"1"	3	3		
"4423.1412"	"4423.1407"	"1.3e+05"	E	"24118.819"	"46720.842"	"3d6.4s2"	"b 3G"	"4"	"3d7.(4P).4p"	"u 5D*"	"4"	9	9		
"4423.8405"	"4423.8410"	"1.8e+06"	D	"29469.024"	"52067.469"	"3d6.(5D).4s.4p.(3P*)"	"z 5P*"	"2"	"3d6.(5D).4s (6D).4d"	"e 5P"	"2"	5	5		
"4424.068"	"4424.0673"	"2.37e+05"	C	"29371.812"	"51969.101"	"3d6.4s2"	"b 3D"	"3"	"3d7.(2P).4p"	"u 3D*"	"3"	7	7		
"4424.1876"	"4424.1873"	""		"28604.613"	"51201.289"	"3d7.(2D2).4s"	"a 1D"	"2"	"3d7.(2D2).4p"	"v 3F*"	"2"	5	5		
"4425.656"	"4425.6574"	""		"28819.954"	"51409.124"	"3d7.(2H).4s"	"a 1H"	"5"	"3d6.(3G).4s.4p.(3P*)"	"x 3H*"	"4"	11	9		
"4425.752"	"4425.7511"	""		"26339.696"	"48928.388"	"3d6.(5D).4s.4p.(3P*)"	"z 5D*"	"2"	"3d7.(4F).5s"	"e 3F"	"2"	5	5		
""	"4427.2981"	""		"29469.024"	"52049.823"	"3d6.(5D).4s.4p.(3P*)"	"z 5P*"	"2"	"3d6.(5D).4s (4D).5s"	"g 5D"	"2"	5	5		
"4427.3096"	"4427.3095"	"3.41e+04"	A	"415.933"	"22996.674"	"3d6.4s2"	"a 5D"	"3"	"3d6.(5D).4s.4p.(3P*)"	"z 7F*"	"4"	7	9		
"4428.567"	"4428.5702"	""		"31805.071"	"54379.384"	"3d6.(5D).4s.4p.(3P*)"	"z 3F*"	"3"	"3d7.(4F).4d"	"e 3G"	"3"	7	7		
"4429.187"	"4429.1906"	""		"31686.351"	"54257.502"	"3d6.(5D).4s.4p.(3P*)"	"z 3D*"	"2"	"3d7.(4F).4d"	"g 5F"	"2"	5	5		
"4430.1888"	"4430.1887"	"2.00e+06"	E	"24335.766"	"46901.832"	"3d7.(2P).4s"	"c 3P"	"2"	"3d6.(3P2).4s.4p.(3P*)"	"y 3P*"	"1"	5	3		
"4430.6137"	"4430.6136"	"7.45e+06"	B	"17927.382"	"40491.284"	"3d7.(4P).4s"	"a 5P"	"1"	"3d6.(5D).4s.4p.(1P*)"	"x 5D*"	"0"	3	1		
"4432.5675"	"4432.5674"	"8.4e+05"	D	"28819.954"	"51373.910"	"3d7.(2H).4s"	"a 1H"	"5"	"3d7.(2H).4p"	"u 3G*"	"5"	11	11		
"4433.2184"	"4433.2183"	"2.1e+07"	D	"29469.024"	"52019.669"	"3d6.(5D).4s.4p.(3P*)"	"z 5P*"	"2"	"3d6.(5D).4s (6D).4d"	"e 5P"	"1"	5	3		
"4433.7821"	"4433.7818"	"2.62e+06"	B	"29056.324"	"51604.103"	"3d6.(5D).4s.4p.(3P*)"	"z 5P*"	"3"	"3d6.(5D).4s (6D).4d"	"f 5F"	"3"	7	7		
"4435.1486"	"4435.1485"	"4.72e+03"	A	"704.007"	"23244.838"	"3d6.4s2"	"a 5D"	"2"	"3d6.(5D).4s.4p.(3P*)"	"z 7F*"	"1"	5	3		
"4436.9203"	"4436.9204"	"2.82e+05"	C	"24574.655"	"47106.484"	"3d7.(2G).4s"	"a 1G"	"4"	"3d6.(3H).4s.4p.(3P*)"	"z 3H*"	"4"	9	9		
"4438.3430"	"4438.3425"	"8.5e+06"	D	"29732.736"	"52257.346"	"3d6.(5D).4s.4p.(3P*)"	"z 5P*"	"1"	"3d6.(5D).4s (4D).5s"	"g 5D"	"0"	3	1		
"4439.634"	"4439.634"	""		"36686.176"	"59204.233"	"3d7.(4F).4p"	"y 3F*"	"4"	"3d7.(4F).5d"	"3G"	"4"	9	9		
"4439.634"	"4439.6341"	"7.9e+04"	E	"24574.655"	"47092.712"	"3d7.(2G).4s"	"a 1G"	"4"	"3d6.(3F2).4s.4p.(3P*)"	"x 3F*"	"3"	9	7		
"4439.8805"	"4439.8812"	"6.73e+04"	B	"18378.186"	"40894.990"	"3d6.4s2"	"a 3P2"	"2"	"3d6.(3P2).4s.4p.(3P*)"	"z 5S*"	"2"	5	5		
"4440.479"	"4440.4789"	"4.5e+05"	E	"29056.324"	"51570.097"	"3d6.(5D).4s.4p.(3P*)"	"z 5P*"	"3"	"3d6.(5D).4s (6D).4d"	"e 7S"	"3"	7	7		
"4440.8236"	"4440.8243"	"3.0e+06"	E	"31937.325"	"54449.347"	"3d6.(5D).4s.4p.(3P*)"	"z 3D*"	"1"	"3d7.(4F).4d"	"f 3D"	"1"	3	3		
"4440.969"	"4440.9691"	""		"26623.735"	"49135.023"	"3d7.(2D2).4s"	"a 3D"	"2"	"3d6.(3F2).4s.4p.(3P*)"	"v 3D*"	"3"	5	7		
"4441.545"	"4441.5464"	""		"31322.613"	"53830.975"	"3d6.(5D).4s.4p.(3P*)"	"z 3D*"	"3"	"3d7.(4F).4d"	"g 5F"	"3"	7	7		
"4442.3387"	"4442.3386"	"3.76e+06"	B	"17726.988"	"40231.336"	"3d7.(4P).4s"	"a 5P"	"2"	"3d6.(5D).4s.4p.(1P*)"	"x 5D*"	"2"	5	5		
"4442.8313"	"4442.8310"	"1.09e+05"	B	"17550.181"	"40052.035"	"3d7.(4P).4s"	"a 5P"	"3"	"3d5.(6S).4s2.4p"	"y 7P*"	"2"	7	5		
"4443.194"	"4443.1938"	"1.02e+07"	B+	"23051.750"	"45551.767"	"3d7.(4P).4s"	"b 3P"	"0"	"3d6.(3P2).4s.4p.(3P*)"	"x 3D*"	"1"	1	3		
"4443.194"	"4443.1953"	""		"24772.018"	"47272.027"	"3d7.(2P).4s"	"c 3P"	"1"	"3d7.(4P).4p"	"w 3D*"	"1"	3	3		
"4445.4712"	"4445.4707"	"2.44e+02"	A	"704.007"	"23192.500"	"3d6.4s2"	"a 5D"	"2"	"3d6.(5D).4s.4p.(3P*)"	"z 7F*"	"2"	5	5		
"4446.8318"	"4446.8319"	"5.38e+06"	B	"29732.736"	"52214.345"	"3d6.(5D).4s.4p.(3P*)"	"z 5P*"	"1"	"3d6.(5D).4s (4D).5s"	"g 5D"	"1"	3	3		
"4446.896"	"4446.8956"	""		"26627.609"	"49108.896"	"3d7.(2H).4s"	"b 3H"	"4"	"3d7.(2G).4p"	"w 3F*"	"4"	9	9		
"4447.1301"	"4447.1298"	"8.91e+04"	C+	"17726.988"	"40207.091"	"3d7.(4P).4s"	"a 5P"	"2"	"3d5.(6S).4s2.4p"	"y 7P*"	"3"	5	7		
"4447.7170"	"4447.7169"	"5.11e+06"	B	"17927.382"	"40404.518"	"3d7.(4P).4s"	"a 5P"	"1"	"3d6.(5D).4s.4p.(1P*)"	"x 5D*"	"1"	3	3		
"4447.805"	"4447.8027"	""		"34039.516"	"56516.218"	"3d7.(4F).4p"	"y 5F*"	"4"	"3d7.(4F).6s"	"5F"	"4"	9	9		
"4450.3153"	"4450.3156"	"1.15e+06"	C+	"25091.599"	"47555.610"	"3d7.(2P).4s"	"c 3P"	"0"	"3d7.(4P).4p"	"y 3S*"	"1"	1	3		
"4450.767"	"4450.7667"	"2.3e+05"	E	"31307.245"	"53768.979"	"3d6.(5D).4s.4p.(3P*)"	"z 3F*"	"4"	"3d7.(4F).4d"	"f 5G"	"4"	9	9		
"4452.609"	"4452.6109"	"8.3e+05"	E	"31805.071"	"54257.502"	"3d6.(5D).4s.4p.(3P*)"	"z 3F*"	"3"	"3d7.(4F).4d"	"g 5F"	"2"	7	5		
"4452.799"	"4452.7991"	""		"20874.482"	"43325.964"	"3d6.4s2"	"b 3F2"	"3"	"3d6.(3H).4s.4p.(3P*)"	"z 5H*"	"3"	7	7		
"4454.3807"	"4454.3808"	"3.38e+06"	B+	"22838.323"	"45281.833"	"3d7.(4P).4s"	"b 3P"	"2"	"3d6.(3P2).4s.4p.(3P*)"	"x 3D*"	"2"	5	5		
"4454.6709"	"4454.6706"	""		"29320.026"	"51762.076"	"3d6.4s2"	"b 3D"	"1"	"3d6.(3H).4s.4p.(3P*)"	"x 1D*"	"2"	3	5		
"4455.0270"	"4455.0269"	"4.1e+06"	E	"31307.245"	"53747.500"	"3d6.(5D).4s.4p.(3P*)"	"z 3F*"	"4"	"3d7.(4F).4d"	"f 3D"	"3"	9	7		
"4456.3254"	"4456.3255"	"2.06e+05"	B	"24574.655"	"47008.371"	"3d7.(2G).4s"	"a 1G"	"4"	"3d6.(3H).4s.4p.(3P*)"	"z 3H*"	"5"	9	11		
"4456.6299"	"4456.6280"	"6.8e+05"	E	"31307.245"	"53739.438"	"3d6.(5D).4s.4p.(3P*)"	"z 3F*"	"4"	"3d7.(4F).4d"	"e 3G"	"5"	9	11		
"4458.0799"	"4458.0800"	""		"31322.613"	"53747.500"	"3d6.(5D).4s.4p.(3P*)"	"z 3D*"	"3"	"3d7.(4F).4d"	"f 3D"	"3"	7	7		
""	"4458.5765"	"3.0e-02"	E	"415.933"	"22838.323"	"3d6.4s2"	"a 5D"	"3"	"3d7.(4P).4s"	"b 3P"	"2"	7	5	M1	
""	"4458.5765"	"3.0e-03"	E	"415.933"	"22838.323"	"3d6.4s2"	"a 5D"	"3"	"3d7.(4P).4s"	"b 3P"	"2"	7	5	E2	
"4459.1173"	"4459.1170"	"2.52e+06"	B	"17550.181"	"39969.853"	"3d7.(4P).4s"	"a 5P"	"3"	"3d6.(5D).4s.4p.(1P*)"	"x 5D*"	"3"	7	7		
"4459.3524"	"4459.3521"	""		"33695.397"	"56113.887"	"3d7.(4F).4p"	"y 5F*"	"5"	"3d7.(4F).6s"	"5F"	"5"	11	11		
"4461.1964"	"4461.1955"	""		"24335.766"	"46744.993"	"3d7.(2P).4s"	"c 3P"	"2"	"3d7.(4P).4p"	"u 5D*"	"3"	5	7		
"4461.3726"	"4461.3719"	""		"27543.003"	"49951.344"	"3d7.(2P).4s"	"a 1P"	"1"	"3d7.(2P).4p"	"w 3P*"	"0"	3	1		
"4461.6525"	"4461.6524"	"2.95e+04"	A	"704.007"	"23110.939"	"3d6.4s2"	"a 5D"	"2"	"3d6.(5D).4s.4p.(3P*)"	"z 7F*"	"3"	5	7		
"4461.970"	"4461.9682"	"2.31e+06"	B	"29056.324"	"51461.670"	"3d6.(5D).4s.4p.(3P*)"	"z 5P*"	"3"	"3d6.(5D).4s (6D).4d"	"f 5F"	"4"	7	9		
"4461.970"	"4461.9710"	""		"29356.744"	"51762.076"	"3d6.4s2"	"b 3D"	"2"	"3d6.(3H).4s.4p.(3P*)"	"x 1D*"	"2"	5	5		
"4462.195"	"4462.1977"	""		"29056.324"	"51460.518"	"3d6.(5D).4s.4p.(3P*)"	"z 5P*"	"3"	"3d6.(5D).4s (6D).4d"	"e 7G"	"3"	7	7		
"4463.132"	"4463.1302"	""		"24772.018"	"47171.531"	"3d7.(2P).4s"	"c 3P"	"1"	"3d7.(4P).4p"	"u 5D*"	"0"	3	1		
"4463.407"	"4463.4038"	""		"34328.752"	"56726.892"	"3d7.(4F).4p"	"y 5F*"	"3"	"3d6.4s.(6D).5d"	"5F"	"3"	7	7		
"4464.6872"	"4464.6903"	""		"26140.179"	"48531.865"	"3d6.(5D).4s.4p.(3P*)"	"z 5D*"	"3"	"3d7.(4F).5s"	"e 3F"	"3"	7	7		
"4464.7662"	"4464.7657"	"6.66e+05"	C+	"24335.766"	"46727.074"	"3d7.(2P).4s"	"c 3P"	"2"	"3d6.(3P2).4s.4p.(3P*)"	"y 3P*"	"2"	5	5		
"4466.5515"	"4466.5510"	"1.20e+07"	B+	"22838.323"	"45220.681"	"3d7.(4P).4s"	"b 3P"	"2"	"3d6.(3P2).4s.4p.(3P*)"	"x 3D*"	"3"	5	7		
"4466.9383"	"4466.9374"	"3.2e+06"	E	"31686.351"	"54066.773"	"3d6.(5D).4s.4p.(3P*)"	"z 3D*"	"2"	"3d7.(4F).4d"	"f 3D"	"2"	5	5		
"4469.3753"	"4469.3754"	"1.59e+07"	C+	"29469.024"	"51837.238"	"3d6.(5D).4s.4p.(3P*)"	"z 5P*"	"2"	"3d6.(5D).4s (6D).4d"	"e 5P"	"3"	5	7		
"4471.677"	"4471.6760"	"1.12e+02"	A	"888.132"	"23244.838"	"3d6.4s2"	"a 5D"	"1"	"3d6.(5D).4s.4p.(3P*)"	"z 7F*"	"1"	3	3		
"4472.7110"	"4472.7049"	""		"29356.744"	"51708.307"	"3d6.4s2"	"b 3D"	"2"	"3d7.(2P).4p"	"y 1D*"	"2"	5	5		
"4476.0183"	"4476.0184"	"1.01e+07"	B+	"22946.816"	"45281.833"	"3d7.(4P).4s"	"b 3P"	"1"	"3d6.(3P2).4s.4p.(3P*)"	"x 3D*"	"2"	3	5		
"4476.0752"	"4476.0753"	""		"29732.736"	"52067.469"	"3d6.(5D).4s.4p.(3P*)"	"z 5P*"	"1"	"3d6.(5D).4s (6D).4d"	"e 5P"	"2"	3	5		
"4478.0179"	"4478.0174"	"1.6e+04"	E	"17726.988"	"40052.035"	"3d7.(4P).4s"	"a 5P"	"2"	"3d5.(6S).4s2.4p"	"y 7P*"	"2"	5	5		
"4479.6025"	"4479.5979"	""		"29313.008"	"51630.178"	"3d6.4s2"	"a 1I"	"6"	"3d6.(3H).4s.4p.(3P*)"	"1H*"	"5"	13	11		
"4479.9626"	"4479.9621"	""		"32133.991"	"54449.347"	"3d6.(5D).4s.4p.(3P*)"	"z 3F*"	"2"	"3d7.(4F).4d"	"f 3D"	"1"	5	3		
"4480.1363"	"4480.1366"	"4.31e+05"	C	"24574.655"	"46889.142"	"3d7.(2G).4s"	"a 1G"	"4"	"3d6.(3F2).4s.4p.(3P*)"	"x 3F*"	"4"	9	9		
"4480.271"	"4480.2703"	""		"29056.324"	"51370.145"	"3d6.(5D).4s.4p.(3P*)"	"z 5P*"	"3"	"3d6.(5D).4s (6D).4d"	"e 5G"	"2"	7	5		
"4481.6090"	"4481.6089"	"4.5e+06"	D	"29732.736"	"52039.892"	"3d6.(5D).4s.4p.(3P*)"	"z 5P*"	"1"	"3d6.(5D).4s (4D).5s"	"e 3D"	"1"	3	3		
"4482.1696"	"4482.1691"	"2.09e+04"	A	"888.132"	"23192.500"	"3d6.4s2"	"a 5D"	"1"	"3d6.(5D).4s.4p.(3P*)"	"z 7F*"	"2"	3	5		
"4482.2524"	"4482.2523"	"2.19e+06"	C	"17927.382"	"40231.336"	"3d7.(4P).4s"	"a 5P"	"1"	"3d6.(5D).4s.4p.(1P*)"	"x 5D*"	"2"	3	5		
"4482.7390"	"4482.7389"	"2.3e+06"	E	"29469.024"	"51770.557"	"3d6.(5D).4s.4p.(3P*)"	"z 5P*"	"2"	"3d6.(5D).4s (4D).5s"	"g 5D"	"3"	5	7		
"4483.777"	"4483.7762"	"1.4e+05"	E	"29371.812"	"51668.186"	"3d6.4s2"	"b 3D"	"3"	"3d7.(2H).4p"	"u 3G*"	"4"	7	9		
"4484.2195"	"4484.2198"	"5.04e+06"	B	"29056.324"	"51350.492"	"3d6.(5D).4s.4p.(3P*)"	"z 5P*"	"3"	"3d6.(5D).4s (4D).5s"	"g 5D"	"4"	7	9		
"4485.6753"	"4485.6756"	"1.1e+07"	D	"29732.736"	"52019.669"	"3d6.(5D).4s.4p.(3P*)"	"z 5P*"	"1"	"3d6.(5D).4s (6D).4d"	"e 5P"	"1"	3	3		
"4485.972"	"4485.9695"	"5.3e+05"	E	"29469.024"	"51754.497"	"3d6.(5D).4s.4p.(3P*)"	"z 5P*"	"2"	"3d6.(5D).4s (6D).4d"	"f 5F"	"1"	5	3		
"4487.736"	"4487.7372"	"5.8e+04"	E	"26105.908"	"48382.603"	"3d7.(2H).4s"	"b 3H"	"6"	"3d7.(2G).4p"	"z 1H*"	"5"	13	11		
"4488.1328"	"4488.1335"	"1.4e+06"	D	"29056.324"	"51331.052"	"3d6.(5D).4s.4p.(3P*)"	"z 5P*"	"3"	"3d6.(5D).4s (6D).4d"	"e 7F"	"2"	7	5		
"4488.9066"	"4488.9057"	"9.76e+05"	C	"29469.024"	"51739.920"	"3d6.(5D).4s.4p.(3P*)"	"z 5P*"	"2"	"3d6.(5D).4s (4D).5s"	"e 3D"	"2"	5	5		
"4489.7388"	"4489.7387"	"1.19e+04"	A	"978.074"	"23244.838"	"3d6.4s2"	"a 5D"	"0"	"3d6.(5D).4s.4p.(3P*)"	"z 7F*"	"1"	1	3		
"4490.0837"	"4490.0840"	"3.3e+06"	D	"24335.766"	"46600.818"	"3d7.(2P).4s"	"c 3P"	"2"	"3d6.(3P2).4s.4p.(3P*)"	"z 3S*"	"1"	5	3		
"4490.7597"	"4490.7596"	""		"31805.071"	"54066.773"	"3d6.(5D).4s.4p.(3P*)"	"z 3F*"	"3"	"3d7.(4F).4d"	"f 3D"	"2"	7	5		
"4490.8104"	"4490.8111"	""		"31805.071"	"54066.518"	"3d6.(5D).4s.4p.(3P*)"	"z 3F*"	"3"	"3d7.(4F).4d"	"e 3G"	"4"	7	9		
"4492.6780"	"4492.6783"	"2.6e+06"	D	"32133.991"	"54386.186"	"3d6.(5D).4s.4p.(3P*)"	"z 3F*"	"2"	"3d7.(4F).4d"	"g 5F"	"1"	5	3		
"4493.370"	"4493.3711"	""		"28819.954"	"51068.718"	"3d7.(2H).4s"	"a 1H"	"5"	"3d6.(3G).4s.4p.(3P*)"	"x 3H*"	"5"	11	11		
"4494.0552"	"4494.0521"	""		"32133.991"	"54379.384"	"3d6.(5D).4s.4p.(3P*)"	"z 3F*"	"2"	"3d7.(4F).4d"	"e 3G"	"3"	5	7		
"4494.4645"	"4494.4644"	""		"23783.619"	"46026.971"	"3d6.4s2"	"b 3G"	"5"	"3d6.(3H).4s.4p.(3P*)"	"z 3I*"	"6"	11	13		
"4494.5629"	"4494.5628"	"3.45e+06"	B	"17726.988"	"39969.853"	"3d7.(4P).4s"	"a 5P"	"2"	"3d6.(5D).4s.4p.(1P*)"	"x 5D*"	"3"	5	7		
""	"4494.5742"	"4.4e-02"	E	"704.007"	"22946.816"	"3d6.4s2"	"a 5D"	"2"	"3d7.(4P).4s"	"b 3P"	"1"	5	3	M1	
""	"4494.5742"	"4.0e-03"	E	"704.007"	"22946.816"	"3d6.4s2"	"a 5D"	"2"	"3d7.(4P).4s"	"b 3P"	"1"	5	3	E2	
"4495.5677"	"4495.5672"	""		"29056.324"	"51294.220"	"3d6.(5D).4s.4p.(3P*)"	"z 5P*"	"3"	"3d6.(5D).4s (4D).5s"	"e 3D"	"3"	7	7		
"4495.9528"	"4495.9525"	"1.4e+06"	D	"29469.024"	"51705.014"	"3d6.(5D).4s.4p.(3P*)"	"z 5P*"	"2"	"3d6.(5D).4s (6D).4d"	"f 5F"	"2"	5	5		
"4498.533"	"4498.5360"	""		"31322.613"	"53545.833"	"3d6.(5D).4s.4p.(3P*)"	"z 3D*"	"3"	"3d7.(4F).4d"	"h 5D"	"3"	7	7		
"4499.136"	"4499.1353"	""		"36686.176"	"58906.436"	"3d7.(4F).4p"	"y 3F*"	"4"	""	"58906e"	"4"	9	9		
"4500.630"	"4500.6348"	""		"36766.966"	"58979.823"	"3d6.(5D).4s.4p.(1P*)"	"y 5P*"	"3"	"3d6.4s.(4D).4d"	"3D"	"2"	7	5		
"4502.5906"	"4502.5907"	"1.2e+05"	E	"28819.954"	"51023.162"	"3d7.(2H).4s"	"a 1H"	"5"	"3d6.(3G).4s.4p.(3P*)"	"x 3H*"	"6"	11	13		
"4504.8303"	"4504.8304"	"2.8e+05"	D	"26339.696"	"48531.865"	"3d6.(5D).4s.4p.(3P*)"	"z 5D*"	"2"	"3d7.(4F).5s"	"e 3F"	"3"	5	7		
"4507.213"	"4507.2151"	""		"25091.599"	"47272.027"	"3d7.(2P).4s"	"c 3P"	"0"	"3d7.(4P).4p"	"w 3D*"	"1"	1	3		
"4509.7339"	"4509.7346"	""		"34039.516"	"56207.552"	"3d7.(4F).4p"	"y 5F*"	"4"	"3d6.4s.(6D).5d"	"5D"	"4"	9	9		
""	"4510.6336"	"1.0e-01"	E	"888.132"	"23051.750"	"3d6.4s2"	"a 5D"	"1"	"3d7.(4P).4s"	"b 3P"	"0"	3	1	M1	
"4510.820"	"4510.8223"	""		"29056.324"	"51219.015"	"3d6.(5D).4s.4p.(3P*)"	"z 5P*"	"3"	"3d6.(5D).4s (6D).4d"	"e 5G"	"3"	7	7		
"4514.1836"	"4514.1839"	"4.4e+05"	D+	"24574.655"	"46720.842"	"3d7.(2G).4s"	"a 1G"	"4"	"3d7.(4P).4p"	"u 5D*"	"4"	9	9		
"4514.416"	"4514.4149"	""		"36686.176"	"58831.230"	"3d7.(4F).4p"	"y 3F*"	"4"	""	"58831e"	"3"	9	7		
"4514.500"	"4514.5026"	""		"31686.351"	"53830.975"	"3d6.(5D).4s.4p.(3P*)"	"z 3D*"	"2"	"3d7.(4F).4d"	"g 5F"	"3"	5	7		
"4515.166"	"4515.1650"	"4.4e+04"	E	"23192.500"	"45333.875"	"3d6.(5D).4s.4p.(3P*)"	"z 7F*"	"2"	"3d6.(5D).4s (6D).5s"	"e 5D"	"2"	5	5		
"4517.5242"	"4517.5239"	"1.51e+06"	C+	"24772.018"	"46901.832"	"3d7.(2P).4s"	"c 3P"	"1"	"3d6.(3P2).4s.4p.(3P*)"	"y 3P*"	"1"	3	3		
"4518.4318"	"4518.4308"	"2.1e+04"	E	"26105.908"	"48231.280"	"3d7.(2H).4s"	"b 3H"	"6"	"3d6.(3G).4s.4p.(3P*)"	"y 5H*"	"5"	13	11		
"4518.5768"	"4518.5777"	"9.1e+03"	E	"17927.382"	"40052.035"	"3d7.(4P).4s"	"a 5P"	"1"	"3d5.(6S).4s2.4p"	"y 7P*"	"2"	3	5		
"4523.3984"	"4523.3987"	"5.2e+05"	D	"29469.024"	"51570.097"	"3d6.(5D).4s.4p.(3P*)"	"z 5P*"	"2"	"3d6.(5D).4s (6D).4d"	"e 7S"	"3"	5	7		
"4525.1365"	"4525.1364"	""		"29056.324"	"51148.910"	"3d6.(5D).4s.4p.(3P*)"	"z 5P*"	"3"	"3d6.(5D).4s (6D).4d"	"e 5S"	"2"	7	5		
"4525.863"	"4525.8635"	"4.7e+04"	E	"23244.838"	"45333.875"	"3d6.(5D).4s.4p.(3P*)"	"z 7F*"	"1"	"3d6.(5D).4s (6D).5s"	"e 5D"	"2"	3	5		
"4526.3986"	"4526.3981"	""		"31307.245"	"53393.673"	"3d6.(5D).4s.4p.(3P*)"	"z 3F*"	"4"	"3d7.(4F).4d"	"g 5F"	"4"	9	9		
"4526.5605"	"4526.5606"	""		"25091.599"	"47177.234"	"3d7.(2P).4s"	"c 3P"	"0"	"3d7.(4P).4p"	"u 5D*"	"1"	1	3		
"4527.7824"	"4527.7827"	"1.3e+05"	E	"26224.969"	"48304.643"	"3d7.(2D2).4s"	"a 3D"	"3"	"3d7.(4P).4p"	"x 3P*"	"2"	7	5		
"4528.479"	"4528.4788"	""		"36686.176"	"58762.456"	"3d7.(4F).4p"	"y 3F*"	"4"	"3d6.4s.(6D).7s"	"5D"	"3"	9	7		
"4528.6139"	"4528.6136"	"5.44e+06"	B	"17550.181"	"39625.804"	"3d7.(4P).4s"	"a 5P"	"3"	"3d6.(5D).4s.4p.(1P*)"	"x 5D*"	"4"	7	9		
"4528.7567"	"4528.7566"	"3.69e+05"	C	"26627.609"	"48702.535"	"3d7.(2H).4s"	"b 3H"	"4"	"3d6.(3H).4s.4p.(3P*)"	"y 1G*"	"4"	9	9		
"4528.8207"	"4528.8204"	""		"24335.766"	"46410.381"	"3d7.(2P).4s"	"c 3P"	"2"	"3d7.(4P).4p"	"w 5P*"	"1"	5	3		
"4529.5508"	"4529.5499"	""		"31322.613"	"53393.673"	"3d6.(5D).4s.4p.(3P*)"	"z 3D*"	"3"	"3d7.(4F).4d"	"g 5F"	"4"	7	9		
"4529.6758"	""	""		""	""	""	""	""	""	""	""				
"4531.1478"	"4531.1477"	"2.52e+05"	A	"11976.239"	"34039.516"	"3d7.(4F).4s"	"a 3F"	"4"	"3d7.(4F).4p"	"y 5F*"	"4"	9	9		
"4531.630"	"4531.6255"	""		"25899.989"	"47960.940"	"3d6.(5D).4s.4p.(3P*)"	"z 5D*"	"4"	"3d7.(4F).5s"	"e 3F"	"4"	9	9		
"4531.630"	"4531.6356"	""		"29313.008"	"51373.910"	"3d6.4s2"	"a 1I"	"6"	"3d7.(2H).4p"	"u 3G*"	"5"	13	11		
"4533.956"	"4533.9576"	""		"23783.619"	"45833.223"	"3d6.4s2"	"b 3G"	"5"	"3d6.(3F2).4s.4p.(3P*)"	"x 5G*"	"4"	11	9		
"4536.486"	"4536.4866"	""		"29371.812"	"51409.124"	"3d6.4s2"	"b 3D"	"3"	"3d6.(3G).4s.4p.(3P*)"	"x 3H*"	"4"	7	9		
"4537.673"	"4537.6703"	"3.1e+04"	E	"26351.040"	"48382.603"	"3d7.(2H).4s"	"b 3H"	"5"	"3d7.(2G).4p"	"z 1H*"	"5"	11	11		
"4538.8363"	"4538.8362"	""		"31805.071"	"53830.975"	"3d6.(5D).4s.4p.(3P*)"	"z 3F*"	"3"	"3d7.(4F).4d"	"g 5F"	"3"	7	7		
"4540.6719"	"4540.6716"	""		"24118.819"	"46135.820"	"3d6.4s2"	"b 3G"	"4"	"3d6.(3H).4s.4p.(3P*)"	"z 3I*"	"5"	9	11		
"4541.3138"	"4541.3158"	""		"26224.969"	"48238.847"	"3d7.(2D2).4s"	"a 3D"	"3"	"3d6.(3G).4s.4p.(3P*)"	"v 5F*"	"2"	7	5		
"4541.9413"	"4541.9422"	"3.0e+04"	E	"26351.040"	"48361.882"	"3d7.(2H).4s"	"b 3H"	"5"	"3d6.(3G).4s.4p.(3P*)"	"y 5H*"	"4"	11	9		
"4542.4118"	"4542.4117"	"4.5e+05"	D	"29356.744"	"51365.311"	"3d6.4s2"	"b 3D"	"2"	"3d7.(2D2).4p"	"v 3F*"	"3"	5	7		
"4542.6983"	"4542.6971"	""		"29732.736"	"51739.920"	"3d6.(5D).4s.4p.(3P*)"	"z 5P*"	"1"	"3d6.(5D).4s (4D).5s"	"e 3D"	"2"	3	5		
"4547.0166"	"4547.0169"	"1.5e+04"	E	"12560.934"	"34547.211"	"3d7.(4F).4s"	"a 3F"	"3"	"3d7.(4F).4p"	"y 5F*"	"2"	7	5		
"4547.8471"	"4547.8468"	"4.48e+06"	D+	"28604.613"	"50586.878"	"3d7.(2D2).4s"	"a 1D"	"2"	"3d7.(2G).4p"	"z 1F*"	"3"	5	7		
"4549.4666"	"4549.4655"	""		"31307.245"	"53281.689"	"3d6.(5D).4s.4p.(3P*)"	"z 3F*"	"4"	"3d7.(4F).4d"	"f 5G"	"5"	9	11		
"4551.6467"	"4551.6479"	"3.3e+05"	E	"31805.071"	"53768.979"	"3d6.(5D).4s.4p.(3P*)"	"z 3F*"	"3"	"3d7.(4F).4d"	"f 5G"	"4"	7	9		
"4552.5413"	""	""		""	""	""	""	""	""	""	""				
"4554.4509"	"4554.4510"	"4.7e+04"	D	"23110.939"	"45061.329"	"3d6.(5D).4s.4p.(3P*)"	"z 7F*"	"3"	"3d6.(5D).4s (6D).5s"	"e 5D"	"3"	7	7		
"4556.1256"	"4556.1259"	"1.05e+07"	B	"29056.324"	"50998.645"	"3d6.(5D).4s.4p.(3P*)"	"z 5P*"	"3"	"3d6.(5D).4s (6D).4d"	"f 7D"	"2"	7	5		
"4556.9247"	"4556.9242"	"1.4e+05"	D	"26224.969"	"48163.446"	"3d7.(2D2).4s"	"a 3D"	"3"	"3d5.(6S).4s2.4p"	"v 5P*"	"2"	7	5		
"4558.1051"	"4558.1054"	""		"29371.812"	"51304.604"	"3d6.4s2"	"b 3D"	"3"	"3d7.(2D2).4p"	"v 3F*"	"4"	7	9		
"4560.0878"	"4560.0883"	"4.7e+05"	D	"29056.324"	"50979.579"	"3d6.(5D).4s.4p.(3P*)"	"z 5P*"	"3"	"3d6.(5D).4s (6D).4d"	"e 5G"	"4"	7	9		
"4561.4140"	"4561.4132"	""		"35611.625"	"57528.512"	"3d7.(4F).4p"	"z 5G*"	"3"	"3d7.(4F).6s"	"5F"	"2"	7	5		
"4564.6983"	"4564.6969"	""		"29469.024"	"51370.145"	"3d6.(5D).4s.4p.(3P*)"	"z 5P*"	"2"	"3d6.(5D).4s (6D).4d"	"e 5G"	"2"	5	5		
"4564.8211"	"4564.8218"	""		"24772.018"	"46672.540"	"3d7.(2P).4s"	"c 3P"	"1"	"3d6.(3P2).4s.4p.(3P*)"	"y 3P*"	"0"	3	1		
"4565.3099"	"4565.3104"	"2.2e+05"	E	"26406.465"	"48304.643"	"3d7.(2D2).4s"	"a 3D"	"1"	"3d7.(4P).4p"	"x 3P*"	"2"	3	5		
"4565.4112"	"4565.4107"	""		"35856.402"	"57754.099"	"3d7.(4F).4p"	"z 5G*"	"2"	"3d7.(4F).6s"	"5F"	"1"	5	3		
"4565.6616"	"4565.6615"	"4.0e+05"	E	"26140.179"	"48036.673"	"3d6.(5D).4s.4p.(3P*)"	"z 5D*"	"3"	"3d7.(4F).5s"	"e 5F"	"2"	7	5		
"4566.5142"	"4566.5147"	"4.48e+05"	D+	"26623.735"	"48516.138"	"3d7.(2D2).4s"	"a 3D"	"2"	"3d7.(4P).4p"	"x 3P*"	"1"	5	3		
"4566.8665"	"4566.8650"	""		"34782.421"	"56673.145"	"3d7.(4F).4p"	"z 5G*"	"5"	"3d6.4s.(6D).5d"	"5G"	"4"	11	9		
"4566.9882"	"4566.9893"	"5.9e+05"	D	"27543.003"	"49433.131"	"3d7.(2P).4s"	"a 1P"	"1"	"3d7.(2G).4p"	"w 3F*"	"2"	3	5		
"4568.602"	"4568.6022"	""		"31686.351"	"53568.751"	"3d6.(5D).4s.4p.(3P*)"	"z 3D*"	"2"	"3d7.(4F).4d"	"f 5P"	"2"	5	5		
"4568.7629"	"4568.7634"	""		"26339.696"	"48221.324"	"3d6.(5D).4s.4p.(3P*)"	"z 5D*"	"2"	"3d7.(4F).5s"	"e 5F"	"1"	5	3		
"4568.8389"	"4568.8396"	""		"29320.026"	"51201.289"	"3d6.4s2"	"b 3D"	"1"	"3d7.(2D2).4p"	"v 3F*"	"2"	3	5		
"4569.055"	"4569.0532"	""		"26351.040"	"48231.280"	"3d7.(2H).4s"	"b 3H"	"5"	"3d6.(3G).4s.4p.(3P*)"	"y 5H*"	"5"	11	11		
"4571.4375"	"4571.4374"	"2.8e+04"	E	"23192.500"	"45061.329"	"3d6.(5D).4s.4p.(3P*)"	"z 7F*"	"2"	"3d6.(5D).4s (6D).5s"	"e 5D"	"3"	5	7		
"4574.2159"	"4574.2153"	"1.6e+05"	E	"25899.989"	"47755.537"	"3d6.(5D).4s.4p.(3P*)"	"z 5D*"	"4"	"3d7.(4F).5s"	"e 5F"	"3"	9	7		
"4574.7176"	"4574.7173"	"8.2e+04"	D	"18378.186"	"40231.336"	"3d6.4s2"	"a 3P2"	"2"	"3d6.(5D).4s.4p.(1P*)"	"x 5D*"	"2"	5	5		
"4575.7799"	"4575.7795"	""		"26627.609"	"48475.686"	"3d7.(2H).4s"	"b 3H"	"4"	"3d6.(3G).4s.4p.(3P*)"	"y 5H*"	"3"	9	7		
"4576.517"	"4576.5194"	""		"29356.744"	"51201.289"	"3d6.4s2"	"b 3D"	"2"	"3d7.(2D2).4p"	"v 3F*"	"2"	5	5		
"4579.066"	"4579.0690"	""		"26406.465"	"48238.847"	"3d7.(2D2).4s"	"a 3D"	"1"	"3d6.(3G).4s.4p.(3P*)"	"v 5F*"	"2"	3	5		
"4579.326"	"4579.3302"	""		"22845.869"	"44677.006"	"3d6.(5D).4s.4p.(3P*)"	"z 7F*"	"5"	"3d6.(5D).4s (6D).5s"	"e 5D"	"4"	11	9		
"4580.459"	"4580.4601"	""		"22838.323"	"44664.075"	"3d7.(4P).4s"	"b 3P"	"2"	"3d6.(3F2).4s.4p.(3P*)"	"v 5D*"	"2"	5	5		
"4580.5771"	"4580.5767"	"4.0e+05"	D	"29469.024"	"51294.220"	"3d6.(5D).4s.4p.(3P*)"	"z 5P*"	"2"	"3d6.(5D).4s (4D).5s"	"e 3D"	"3"	5	7		
"4581.191"	"4581.1937"	""		"37157.566"	"58979.823"	"3d6.(5D).4s.4p.(1P*)"	"y 5P*"	"2"	"3d6.4s.(4D).4d"	"3D"	"2"	5	5		
"4581.508"	"4581.5077"	"5.9e+05"	D	"26140.179"	"47960.940"	"3d6.(5D).4s.4p.(3P*)"	"z 5D*"	"3"	"3d7.(4F).5s"	"e 3F"	"4"	7	9		
"4582.939"	"4582.9425"	""		"22946.816"	"44760.746"	"3d7.(4P).4s"	"b 3P"	"1"	"3d6.(3F2).4s.4p.(3P*)"	"v 5D*"	"1"	3	3		
"4583.7205"	"4583.7193"	""		"25091.599"	"46901.832"	"3d7.(2P).4s"	"c 3P"	"0"	"3d6.(3P2).4s.4p.(3P*)"	"y 3P*"	"1"	1	3		
"4584.7160"	"4584.7159"	""		"29056.324"	"50861.816"	"3d6.(5D).4s.4p.(3P*)"	"z 5P*"	"3"	"3d6.(5D).4s (6D).4d"	"f 7D"	"3"	7	7		
"4584.8189"	"4584.8188"	""		"29056.324"	"50861.327"	"3d6.(5D).4s.4p.(3P*)"	"z 5P*"	"3"	"3d6.(5D).4s (6D).4d"	"e 7P"	"2"	7	5		
"4585.340"	"4585.3390"	""		"37162.746"	"58965.275"	"3d7.(4F).4p"	"y 3F*"	"3"	"3d6.4s.(4D).4d"	"3G"	"4"	7	9		
"4586.2310"	"4586.2303"	""		"35257.324"	"57055.616"	"3d7.(4F).4p"	"z 5G*"	"4"	"3d6.4s.(6D).5d"	"5G"	"3"	9	7		
"4586.992"	"4586.9908"	""		"24118.819"	"45913.497"	"3d6.4s2"	"b 3G"	"4"	"3d6.(3F2).4s.4p.(3P*)"	"x 5G*"	"3"	9	7		
"4587.1273"	"4587.1274"	"6.45e+05"	C	"28819.954"	"50613.983"	"3d7.(2H).4s"	"a 1H"	"5"	"3d6.(3F2).4s.4p.(3P*)"	"x 1G*"	"4"	11	9		
"4587.720"	"4587.7210"	"7.9e+05"	E	"32133.991"	"53925.200"	"3d6.(5D).4s.4p.(3P*)"	"z 3F*"	"2"	"3d7.(4F).4d"	"f 5P"	"1"	5	3		
"4590.789"	"4590.7885"	""		"35379.208"	"57155.857"	"3d7.(4F).4p"	"z 3G*"	"5"	"3d6.4s.(6D).5d"	"7G"	"4"	11	9		
"4592.6508"	"4592.6509"	"1.61e+05"	A	"12560.934"	"34328.752"	"3d7.(4F).4s"	"a 3F"	"3"	"3d7.(4F).4p"	"y 5F*"	"3"	7	7		
"4593.525"	"4593.5242"	"5.8e+05"	E	"31805.071"	"53568.751"	"3d6.(5D).4s.4p.(3P*)"	"z 3F*"	"3"	"3d7.(4F).4d"	"f 5P"	"2"	7	5		
"4595.2077"	"4595.2070"	""		"29313.008"	"51068.718"	"3d6.4s2"	"a 1I"	"6"	"3d6.(3G).4s.4p.(3P*)"	"x 3H*"	"5"	13	11		
"4595.358"	"4595.3582"	"5.01e+05"	B	"26627.609"	"48382.603"	"3d7.(2H).4s"	"b 3H"	"4"	"3d7.(2G).4p"	"z 1H*"	"5"	9	11		
"4596.0602"	"4596.0598"	"1.50e+06"	C+	"29056.324"	"50807.997"	"3d6.(5D).4s.4p.(3P*)"	"z 5P*"	"3"	"3d6.(5D).4s (6D).4d"	"f 7D"	"4"	7	9		
"4596.4152"	"4596.4153"	"2.3e+05"	E	"29469.024"	"51219.015"	"3d6.(5D).4s.4p.(3P*)"	"z 5P*"	"2"	"3d6.(5D).4s (6D).4d"	"e 5G"	"3"	5	7		
"4596.5745"	"4596.5750"	""		"26105.908"	"47855.143"	"3d7.(2H).4s"	"b 3H"	"6"	"3d6.(3G).4s.4p.(3P*)"	"y 5H*"	"6"	13	13		
"4597.251"	"4597.2500"	""		"35379.208"	"57125.250"	"3d7.(4F).4p"	"z 3G*"	"5"	"3d6.4s.(6D).5d"	"5F"	"4"	11	9		
"4597.3799"	"4597.3813"	""		"36766.966"	"58512.387"	"3d6.(5D).4s.4p.(1P*)"	"y 5P*"	"3"	"3d6.4s.(4D).4d"	"5F"	"2"	7	5		
"4597.7451"	"4597.7473"	""		"37162.746"	"58906.436"	"3d7.(4F).4p"	"y 3F*"	"3"	""	"58906e"	"4"	7	9		
"4597.8711"	"4597.8716"	""		"35767.564"	"57510.666"	"3d7.(4F).4p"	"z 3G*"	"4"	"3d7.(4F).6s"	"5F"	"3"	9	7		
"4598.1168"	"4598.1167"	""		"26479.381"	"48221.324"	"3d6.(5D).4s.4p.(3P*)"	"z 5D*"	"1"	"3d7.(4F).5s"	"e 5F"	"1"	3	3		
"4598.367"	"4598.3665"	""		"31805.071"	"53545.833"	"3d6.(5D).4s.4p.(3P*)"	"z 3F*"	"3"	"3d7.(4F).4d"	"h 5D"	"3"	7	7		
"4598.740"	"4598.7447"	""		"29469.024"	"51207.998"	"3d6.(5D).4s.4p.(3P*)"	"z 5P*"	"2"	"3d6.(5D).4s (6D).4d"	"e 7F"	"1"	5	3		
"4599.741"	"4599.7394"	""		"26627.609"	"48361.882"	"3d7.(2H).4s"	"b 3H"	"4"	"3d6.(3G).4s.4p.(3P*)"	"y 5H*"	"4"	9	9		
"4599.8422"	"4599.8401"	""		"34782.421"	"56516.218"	"3d7.(4F).4p"	"z 5G*"	"5"	"3d7.(4F).6s"	"5F"	"4"	11	9		
"4600.9337"	"4600.9314"	"7.79e+04"	C	"26105.908"	"47834.550"	"3d7.(2H).4s"	"b 3H"	"6"	"3d6.(3F2).4s.4p.(3P*)"	"x 3G*"	"5"	13	11		
"4602.0007"	"4602.0006"	"7.36e+04"	A	"12968.554"	"34692.148"	"3d7.(4F).4s"	"a 3F"	"2"	"3d7.(4F).4p"	"y 5F*"	"1"	5	3		
"4602.9407"	"4602.9405"	"1.72e+05"	A	"11976.239"	"33695.397"	"3d7.(4F).4s"	"a 3F"	"4"	"3d7.(4F).4p"	"y 5F*"	"5"	9	11		
"4603.3421"	"4603.3430"	"5.3e+04"	E	"22946.816"	"44664.075"	"3d7.(4P).4s"	"b 3P"	"1"	"3d6.(3F2).4s.4p.(3P*)"	"v 5D*"	"2"	3	5		
"4603.9486"	"4603.9483"	"5.8e+04"	E	"24118.819"	"45833.223"	"3d6.4s2"	"b 3G"	"4"	"3d6.(3F2).4s.4p.(3P*)"	"x 5G*"	"4"	9	9		
"4604.5572"	"4604.5563"	""		"36079.372"	"57790.909"	"3d7.(4F).4p"	"z 3G*"	"3"	"3d7.(4F).6s"	"3F"	"2"	7	5		
"4604.8512"	"4604.8496"	""		"29313.008"	"51023.162"	"3d6.4s2"	"a 1I"	"6"	"3d6.(3G).4s.4p.(3P*)"	"x 3H*"	"6"	13	13		
"4605.5875"	"4605.5872"	""		"34843.957"	"56550.634"	"3d7.(4F).4p"	"z 5G*"	"6"	"3d6.4s.(6D).5d"	"5G"	"5"	13	11		
"4607.647"	"4607.6448"	""		"32133.991"	"53830.975"	"3d6.(5D).4s.4p.(3P*)"	"z 3F*"	"2"	"3d7.(4F).4d"	"g 5F"	"3"	5	7		
"4607.647"	"4607.6462"	""		"26339.696"	"48036.673"	"3d6.(5D).4s.4p.(3P*)"	"z 5D*"	"2"	"3d7.(4F).5s"	"e 5F"	"2"	5	5		
"4611.064"	"4611.0613"	""		"26623.735"	"48304.643"	"3d7.(2D2).4s"	"a 3D"	"2"	"3d7.(4P).4p"	"x 3P*"	"2"	5	5		
"4611.1846"	"4611.1838"	"6.64e+04"	D+	"22996.674"	"44677.006"	"3d6.(5D).4s.4p.(3P*)"	"z 7F*"	"4"	"3d6.(5D).4s (6D).5s"	"e 5D"	"4"	9	9		
"4611.2786"	"4611.2787"	""		"29469.024"	"51148.910"	"3d6.(5D).4s.4p.(3P*)"	"z 5P*"	"2"	"3d6.(5D).4s (6D).4d"	"e 5S"	"2"	5	5		
"4613.2024"	"4613.2025"	"2.5e+06"	D	"26550.479"	"48221.324"	"3d6.(5D).4s.4p.(3P*)"	"z 5D*"	"0"	"3d7.(4F).5s"	"e 5F"	"1"	1	3		
"4613.903"	"4613.9085"	""		"37409.555"	"59077.084"	"3d6.(5D).4s.4p.(1P*)"	"y 5P*"	"1"	""	"59077e"	"1"	3	3		
"4614.2051"	"4614.2052"	"2.8e+05"	E	"26623.735"	"48289.871"	"3d7.(2D2).4s"	"a 3D"	"2"	"3d5.(6S).4s2.4p"	"v 5P*"	"1"	5	3		
"4615.5623"	"4615.5648"	""		"36940.590"	"58600.344"	"3d7.(2F).4s"	"d 3F"	"2"	"3d6.(3H).4s.4p.(1P*)"	"3G*"	"3"	5	7		
"4618.7574"	"4618.7572"	"1.36e+05"	B	"23783.619"	"45428.402"	"3d6.4s2"	"b 3G"	"5"	"3d6.(3H).4s.4p.(3P*)"	"y 3G*"	"4"	11	9		
"4619.2877"	"4619.2880"	"5.2e+06"	D	"29056.324"	"50698.620"	"3d6.(5D).4s.4p.(3P*)"	"z 5P*"	"3"	"3d6.(5D).4s (6D).4d"	"f 5D"	"2"	7	5		
"4625.0450"	"4625.0449"	""		"26140.179"	"47755.537"	"3d6.(5D).4s.4p.(3P*)"	"z 5D*"	"3"	"3d7.(4F).5s"	"e 5F"	"3"	7	7		
"4627.5464"	"4627.5469"	""		"26627.609"	"48231.280"	"3d7.(2H).4s"	"b 3H"	"4"	"3d6.(3G).4s.4p.(3P*)"	"y 5H*"	"5"	9	11		
"4630.1200"	"4630.1197"	"1.15e+05"	D+	"18378.186"	"39969.853"	"3d6.4s2"	"a 3P2"	"2"	"3d6.(5D).4s.4p.(1P*)"	"x 5D*"	"3"	5	7		
"4632.8201"	"4632.8198"	""		"29469.024"	"51048.107"	"3d6.(5D).4s.4p.(3P*)"	"z 5P*"	"2"	"3d6.(5D).4s (6D).4d"	"f 7D"	"1"	5	3		
"4632.9114"	"4632.9113"	"7.59e+04"	A	"12968.554"	"34547.211"	"3d7.(4F).4s"	"a 3F"	"2"	"3d7.(4F).4p"	"y 5F*"	"2"	5	5		
"4633.756"	"4633.7546"	"4.7e+04"	E	"24338.767"	"45913.497"	"3d6.4s2"	"b 3G"	"3"	"3d6.(3F2).4s.4p.(3P*)"	"x 5G*"	"3"	7	7		
"4634.7121"	"4634.7131"	""		"37409.555"	"58979.823"	"3d6.(5D).4s.4p.(1P*)"	"y 5P*"	"1"	"3d6.4s.(4D).4d"	"3D"	"2"	3	5		
"4635.617"	"4635.6159"	"1.0e+04"	E	"23110.939"	"44677.006"	"3d6.(5D).4s.4p.(3P*)"	"z 7F*"	"3"	"3d6.(5D).4s (6D).5s"	"e 5D"	"4"	7	9		
"4635.8459"	"4635.8462"	"2.72e+05"	C+	"22946.816"	"44511.812"	"3d7.(4P).4s"	"b 3P"	"1"	"3d7.(4P).4p"	"y 5S*"	"2"	3	5		
"4636.670"	"4636.6699"	""		"24574.655"	"46135.820"	"3d7.(2G).4s"	"a 1G"	"4"	"3d6.(3H).4s.4p.(3P*)"	"z 3I*"	"5"	9	11		
"4637.5030"	"4637.5029"	"2.8e+06"	D	"26479.381"	"48036.673"	"3d6.(5D).4s.4p.(3P*)"	"z 5D*"	"1"	"3d7.(4F).5s"	"e 5F"	"2"	3	5		
"4638.010"	"4638.0096"	"3.37e+06"	C+	"29056.324"	"50611.261"	"3d6.(5D).4s.4p.(3P*)"	"z 5P*"	"3"	"3d6.(5D).4s (6D).4d"	"e 7P"	"3"	7	7		
"4639.6598"	"4639.6533"	""		"37162.746"	"58710.047"	"3d7.(4F).4p"	"y 3F*"	"3"	"3d6.(5D).4s (4D).4d"	"g 5G"	"3"	7	7		
"4643.4631"	"4643.4634"	"4.41e+06"	B	"29469.024"	"50998.645"	"3d6.(5D).4s.4p.(3P*)"	"z 5P*"	"2"	"3d6.(5D).4s (6D).4d"	"f 7D"	"2"	5	5		
"4647.1788"	"4647.1789"	""		"37409.555"	"58921.963"	"3d6.(5D).4s.4p.(1P*)"	"y 5P*"	"1"	"3d6.4s.(4D).4d"	"5S"	"2"	3	5		
"4647.4339"	"4647.4340"	"1.25e+06"	B	"23783.619"	"45294.846"	"3d6.4s2"	"b 3G"	"5"	"3d6.(3H).4s.4p.(3P*)"	"y 3G*"	"5"	11	11		
"4648.977"	"4648.9737"	""		"26351.040"	"47855.143"	"3d7.(2H).4s"	"b 3H"	"5"	"3d6.(3G).4s.4p.(3P*)"	"y 5H*"	"6"	11	13		
"4649.8162"	"4649.8163"	"6.4e+04"	E	"26105.908"	"47606.114"	"3d7.(2H).4s"	"b 3H"	"6"	"3d6.(3G).4s.4p.(3P*)"	"v 5F*"	"5"	13	11		
"4653.490"	"4653.4887"	""		"7985.785"	"29469.024"	"3d7.(4F).4s"	"a 5F"	"2"	"3d6.(5D).4s.4p.(3P*)"	"z 5P*"	"2"	5	5		
"4654.4980"	"4654.4977"	"5.64e+04"	A	"12560.934"	"34039.516"	"3d7.(4F).4s"	"a 3F"	"3"	"3d7.(4F).4p"	"y 5F*"	"4"	7	9		
"4654.605"	"4654.6080"	"3.68e+06"	B	"29056.324"	"50534.397"	"3d6.(5D).4s.4p.(3P*)"	"z 5P*"	"3"	"3d6.(5D).4s (6D).4d"	"f 5D"	"3"	7	7		
"4654.6283"	"4654.6312"	""		"25899.989"	"47377.955"	"3d6.(5D).4s.4p.(3P*)"	"z 5D*"	"4"	"3d7.(4F).5s"	"e 5F"	"4"	9	9		
"4656.4570"	"4656.4519"	""		"35257.324"	"56726.892"	"3d7.(4F).4p"	"z 5G*"	"4"	"3d6.4s.(6D).5d"	"5F"	"3"	9	7		
"4657.5845"	"4657.5852"	"1.5e+05"	D	"22946.816"	"44411.160"	"3d7.(4P).4s"	"b 3P"	"1"	"3d6.(3P2).4s.4p.(3P*)"	"w 5D*"	"1"	3	3		
"4658.2944"	"4658.2940"	"3.5e+04"	E	"26351.040"	"47812.118"	"3d7.(2H).4s"	"b 3H"	"5"	"3d6.(3F2).4s.4p.(3P*)"	"x 3G*"	"4"	11	9		
"4660.431"	"4660.4255"	""		"35767.564"	"57218.827"	"3d7.(4F).4p"	"z 3G*"	"4"	"3d7.(4F).6s"	"3F"	"3"	9	7		
"4661.319"	"4661.3233"	""		"22838.323"	"44285.454"	"3d7.(4P).4s"	"b 3P"	"2"	"3d6.(3F2).4s.4p.(3P*)"	"w 5F*"	"2"	5	5		
"4661.5341"	"4661.5348"	"3.3e+06"	E	"36766.966"	"58213.124"	"3d6.(5D).4s.4p.(1P*)"	"y 5P*"	"3"	"3d6.4s.(4D).4d"	"5P"	"2"	7	5		
"4661.876"	"4661.8755"	""		"37521.161"	"58965.752"	"3d7.(4F).4p"	"y 3F*"	"2"	"3d6.4s.(4D).4d"	"3D"	"1"	5	3		
"4661.9699"	"4661.9703"	"1.38e+05"	B	"24118.819"	"45562.974"	"3d6.4s2"	"b 3G"	"4"	"3d6.(3H).4s.4p.(3P*)"	"y 3G*"	"3"	9	7		
"4663.1779"	"4663.1782"	"4.3e+05"	E	"28604.613"	"50043.213"	"3d7.(2D2).4s"	"a 1D"	"2"	"3d7.(2P).4p"	"w 3P*"	"1"	5	3		
"4664.718"	"4664.7175"	""		"22946.816"	"44378.342"	"3d7.(4P).4s"	"b 3P"	"1"	"3d6.(3F2).4s.4p.(3P*)"	"w 5F*"	"1"	3	3		
"4666.111"	"4666.1098"	""		"34782.421"	"56207.552"	"3d7.(4F).4p"	"z 5G*"	"5"	"3d6.4s.(6D).5d"	"5D"	"4"	11	9		
"4667.4528"	"4667.4533"	"6.03e+06"	B	"29056.324"	"50475.288"	"3d6.(5D).4s.4p.(3P*)"	"z 5P*"	"3"	"3d6.(5D).4s (6D).4d"	"e 7P"	"4"	7	9		
"4668.0613"	"4668.0614"	""		"29732.736"	"51148.910"	"3d6.(5D).4s.4p.(3P*)"	"z 5P*"	"1"	"3d6.(5D).4s (6D).4d"	"e 5S"	"2"	3	5		
"4668.1341"	"4668.1340"	""		"26339.696"	"47755.537"	"3d6.(5D).4s.4p.(3P*)"	"z 5D*"	"2"	"3d7.(4F).5s"	"e 5F"	"3"	5	7		
"4669.1708"	"4669.1724"	"6.27e+06"	C+	"29469.024"	"50880.102"	"3d6.(5D).4s.4p.(3P*)"	"z 5P*"	"2"	"3d6.(5D).4s (6D).4d"	"f 5D"	"1"	5	3		
"4671.414"	"4671.4145"	""		"37521.161"	"58921.963"	"3d7.(4F).4p"	"y 3F*"	"2"	"3d6.4s.(4D).4d"	"5S"	"2"	5	5		
"4672.830"	"4672.8300"	""		"12968.554"	"34362.873"	"3d7.(4F).4s"	"a 3F"	"2"	"3d6.(5D).4s.4p.(3P*)"	"z 3P*"	"1"	5	3		
"4673.1633"	"4673.1636"	"3.81e+06"	D+	"29469.024"	"50861.816"	"3d6.(5D).4s.4p.(3P*)"	"z 5P*"	"2"	"3d6.(5D).4s (6D).4d"	"f 7D"	"3"	5	7		
"4673.2697"	"4673.2704"	""		"29469.024"	"50861.327"	"3d6.(5D).4s.4p.(3P*)"	"z 5P*"	"2"	"3d6.(5D).4s (6D).4d"	"e 7P"	"2"	5	5		
"4674.6474"	"4674.6480"	"1.2e+03"	E	"12560.934"	"33946.933"	"3d7.(4F).4s"	"a 3F"	"3"	"3d6.(5D).4s.4p.(3P*)"	"z 3P*"	"2"	7	5		
"4675.096"	"4675.0935"	""		"33095.941"	"54479.902"	"3d7.(4F).4p"	"y 5D*"	"4"	"3d6.4s.(6D).6s"	"5D"	"4"	9	9		
"4677.589"	"4677.5874"	""		"33507.123"	"54879.683"	"3d7.(4F).4p"	"y 5D*"	"3"	"3d7.(4F).4d"	"e 3P"	"2"	7	5		
"4678.8455"	"4678.8456"	"4.97e+06"	B	"29056.324"	"50423.137"	"3d6.(5D).4s.4p.(3P*)"	"z 5P*"	"3"	"3d6.(5D).4s (6D).4d"	"f 5D"	"4"	7	9		
"4679.224"	"4679.2174"	""		"36766.966"	"58132.081"	"3d6.(5D).4s.4p.(1P*)"	"y 5P*"	"3"	"3d6.4s.(4D).4d"	"5F"	"3"	7	7		
"4679.224"	"4679.2253"	"1.29e+05"	C+	"26224.969"	"47590.048"	"3d7.(2D2).4s"	"a 3D"	"3"	"3d6.(3G).4s.4p.(3P*)"	"w 5G*"	"4"	7	9		
"4680.2945"	"4680.2946"	"7.32e+03"	A	"12968.554"	"34328.752"	"3d7.(4F).4s"	"a 3F"	"2"	"3d7.(4F).4p"	"y 5F*"	"3"	5	7		
"4680.4669"	"4680.4672"	"1.90e+05"	D	"23051.750"	"44411.160"	"3d7.(4P).4s"	"b 3P"	"0"	"3d6.(3P2).4s.4p.(3P*)"	"w 5D*"	"1"	1	3		
"4680.550"	"4680.5516"	""		"36975.588"	"58334.613"	"3d7.(2F).4s"	"d 3F"	"3"	"3d6.(3H).4s.4p.(1P*)"	"3G*"	"4"	7	9		
"4682.1108"	"4682.1115"	""		"36766.966"	"58118.875"	"3d6.(5D).4s.4p.(1P*)"	"y 5P*"	"3"	"3d6.4s.(4D).4d"	"5F"	"4"	7	9		
"4682.5601"	"4682.5580"	"3.7e+04"	E	"23711.456"	"45061.329"	"3d6.(5D).4s.4p.(3P*)"	"z 7P*"	"4"	"3d6.(5D).4s (6D).5s"	"e 5D"	"3"	9	7		
"4683.5594"	"4683.5601"	"2.92e+05"	C	"22838.323"	"44183.628"	"3d7.(4P).4s"	"b 3P"	"2"	"3d6.(3P2).4s.4p.(3P*)"	"w 5D*"	"2"	5	5		
"4684.597"	"4684.5954"	""		"35611.625"	"56952.213"	"3d7.(4F).4p"	"z 5G*"	"3"	"3d6.4s.(6D).5d"	"5F"	"2"	7	5		
"4685.0243"	"4685.0235"	"3.2e+04"	E	"22946.816"	"44285.454"	"3d7.(4P).4s"	"b 3P"	"1"	"3d6.(3F2).4s.4p.(3P*)"	"w 5F*"	"2"	3	5		
"4687.3026"	"4687.3023"	""		"7728.060"	"29056.324"	"3d7.(4F).4s"	"a 5F"	"3"	"3d6.(5D).4s.4p.(3P*)"	"z 5P*"	"3"	7	7		
"4687.3862"	"4687.3860"	"7.50e+04"	C	"22838.323"	"44166.206"	"3d7.(4P).4s"	"b 3P"	"2"	"3d6.(3F2).4s.4p.(3P*)"	"v 5D*"	"3"	5	7		
"4687.671"	"4687.6698"	""		"23051.750"	"44378.342"	"3d7.(4P).4s"	"b 3P"	"0"	"3d6.(3F2).4s.4p.(3P*)"	"w 5F*"	"1"	1	3		
"4688.1757"	"4688.1761"	""		"37157.566"	"58481.855"	"3d6.(5D).4s.4p.(1P*)"	"y 5P*"	"2"	"3d6.4s.(4D).4d"	"5P"	"3"	5	7		
"4690.138"	"4690.1375"	"2.29e+06"	C+	"29732.736"	"51048.107"	"3d6.(5D).4s.4p.(3P*)"	"z 5P*"	"1"	"3d6.(5D).4s (6D).4d"	"f 7D"	"1"	3	3		
"4690.369"	"4690.3688"	""		"26105.908"	"47420.228"	"3d7.(2H).4s"	"b 3H"	"6"	"3d6.(3G).4s.4p.(3P*)"	"w 5G*"	"5"	13	11		
"4690.369"	"4690.3710"	""		"8154.714"	"29469.024"	"3d7.(4F).4s"	"a 5F"	"1"	"3d6.(5D).4s.4p.(3P*)"	"z 5P*"	"2"	3	5		
"4691.4114"	"4691.4115"	"1.01e+06"	B+	"24118.819"	"45428.402"	"3d6.4s2"	"b 3G"	"4"	"3d6.(3H).4s.4p.(3P*)"	"y 3G*"	"4"	9	9		
"4694.8590"	"4694.8586"	""		"35379.208"	"56673.145"	"3d7.(4F).4p"	"z 3G*"	"5"	"3d6.4s.(6D).5d"	"5G"	"4"	11	9		
"4694.919"	"4694.9175"	""		"33412.717"	"54706.387"	"3d8"	"c 3F"	"3"	"3d7.(4F).5p"	"3F*"	"2"	7	5		
"4700.158"	"4700.1577"	""		"34843.957"	"56113.887"	"3d7.(4F).4p"	"z 5G*"	"6"	"3d7.(4F).6s"	"5F"	"5"	13	11		
"4701.044"	"4701.0447"	"8.40e+05"	D+	"19912.495"	"41178.412"	"3d6.(5D).4s.4p.(3P*)"	"z 7D*"	"2"	"3d8"	"3P"	"1"	5	3		
"4701.044"	"4701.0464"	"7.2e+05"	E	"29732.736"	"50998.645"	"3d6.(5D).4s.4p.(3P*)"	"z 5P*"	"1"	"3d6.(5D).4s (6D).4d"	"f 7D"	"2"	3	5		
"4702.601"	"4702.5977"	""		"35257.324"	"56516.218"	"3d7.(4F).4p"	"z 5G*"	"4"	"3d7.(4F).6s"	"5F"	"4"	9	9		
"4702.912"	"4702.9132"	""		"26105.908"	"47363.376"	"3d7.(2H).4s"	"b 3H"	"6"	"3d6.(3G).4s.4p.(3P*)"	"w 5G*"	"6"	13	13		
"4704.9478"	"4704.9477"	"8.8e+06"	D	"29732.736"	"50981.012"	"3d6.(5D).4s.4p.(3P*)"	"z 5P*"	"1"	"3d6.(5D).4s (6D).4d"	"f 5D"	"0"	3	1		
"4705.4567"	"4705.4568"	"2.3e+05"	E	"28604.613"	"49850.590"	"3d7.(2D2).4s"	"a 1D"	"2"	"3d7.(2G).4p"	"v 3G*"	"3"	5	7		
"4706.2989"	"4706.2999"	""		"29371.812"	"50613.983"	"3d6.4s2"	"b 3D"	"3"	"3d6.(3F2).4s.4p.(3P*)"	"x 1G*"	"4"	7	9		
"4707.2742"	"4707.2738"	""		"26140.179"	"47377.955"	"3d6.(5D).4s.4p.(3P*)"	"z 5D*"	"3"	"3d7.(4F).5s"	"e 5F"	"4"	7	9		
"4707.4874"	"4707.4875"	"2.92e+05"	C	"22946.816"	"44183.628"	"3d7.(4P).4s"	"b 3P"	"1"	"3d6.(3P2).4s.4p.(3P*)"	"w 5D*"	"2"	3	5		
"4708.9682"	"4708.9683"	"3.98e+05"	C	"29356.744"	"50586.878"	"3d6.4s2"	"b 3D"	"2"	"3d7.(2G).4p"	"z 1F*"	"3"	5	7		
"4709.0878"	"4709.0876"	""		"29469.024"	"50698.620"	"3d6.(5D).4s.4p.(3P*)"	"z 5P*"	"2"	"3d6.(5D).4s (6D).4d"	"f 5D"	"2"	5	5		
"4710.2830"	"4710.2833"	"1.05e+06"	B+	"24338.767"	"45562.974"	"3d6.4s2"	"b 3G"	"3"	"3d6.(3H).4s.4p.(3P*)"	"y 3G*"	"3"	7	7		
"4712.1053"	"4712.1052"	"8.5e+04"	E	"24335.766"	"45551.767"	"3d7.(2P).4s"	"c 3P"	"2"	"3d6.(3P2).4s.4p.(3P*)"	"x 3D*"	"1"	5	3		
"4712.357"	"4712.3564"	""		"20019.635"	"41234.505"	"3d6.(5D).4s.4p.(3P*)"	"z 7D*"	"1"	"3d8"	"3P"	"0"	3	1		
"4714.070"	"4714.0672"	"1.8e+06"	E	"36766.966"	"57974.137"	"3d6.(5D).4s.4p.(1P*)"	"y 5P*"	"3"	"3d6.(5D).4s (4D).4d"	"i 5D"	"2"	7	5		
"4714.118"	"4714.1183"	"6.5e+04"	E	"26627.609"	"47834.550"	"3d7.(2H).4s"	"b 3H"	"4"	"3d6.(3F2).4s.4p.(3P*)"	"x 3G*"	"5"	9	11		
"4714.1912"	"4714.1915"	""		"26627.609"	"47834.221"	"3d7.(2H).4s"	"b 3H"	"4"	"3d6.(3F2).4s.4p.(3P*)"	"x 3G*"	"3"	9	7		
"4714.359"	"4714.3591"	""		"37157.566"	"58363.424"	"3d6.(5D).4s.4p.(1P*)"	"y 5P*"	"2"	"3d6.4s.(4D).4d"	"5F"	"1"	5	3		
"4716.839"	"4716.8370"	""		"26224.969"	"47419.687"	"3d7.(2D2).4s"	"a 3D"	"3"	"3d6.(3P2).4s.4p.(3P*)"	"1D*"	"2"	7	5		
"4716.839"	"4716.8424"	""		"35257.324"	"56452.018"	"3d7.(4F).4p"	"z 5G*"	"4"	"3d6.4s.(6D).5d"	"7D"	"4"	9	9		
"4721.0003"	"4721.0004"	"4.30e+04"	C+	"24118.819"	"45294.846"	"3d6.4s2"	"b 3G"	"4"	"3d6.(3H).4s.4p.(3P*)"	"y 3G*"	"5"	9	11		
"4725.934"	"4725.9377"	""		"34636.792"	"55790.696"	"3d6.4s2"	"b 1D2"	"2"	"3d6.(1G2).4s.4p.(3P*)"	"s 3G*"	"3"	5	7		
"4726.1367"	"4726.1368"	"3.9e+04"	E	"24180.862"	"45333.875"	"3d6.(5D).4s.4p.(3P*)"	"z 7P*"	"3"	"3d6.(5D).4s (6D).5s"	"e 5D"	"2"	7	5		
"4727.263"	"4727.2667"	""		"35856.402"	"57004.359"	"3d7.(4F).4p"	"z 5G*"	"2"	"3d6.4s.(6D).5d"	"7D"	"1"	5	3		
"4727.3943"	"4727.3989"	"6.85e+06"	C+	"29732.736"	"50880.102"	"3d6.(5D).4s.4p.(3P*)"	"z 5P*"	"1"	"3d6.(5D).4s (6D).4d"	"f 5D"	"1"	3	3		
"4728.164"	"4728.1628"	""		"32873.632"	"54017.581"	"3d8"	"c 3F"	"4"	"3d7.(4F).5p"	"3G*"	"4"	9	9		
"4728.5454"	"4728.5457"	"2.87e+06"	C	"29469.024"	"50611.261"	"3d6.(5D).4s.4p.(3P*)"	"z 5P*"	"2"	"3d6.(5D).4s (6D).4d"	"e 7P"	"3"	5	7		
"4729.0189"	"4729.0192"	"6.59e+05"	C+	"32873.632"	"54013.752"	"3d8"	"c 3F"	"4"	"3d6.(3D).4s.4p.(3P*)"	"5F*"	"5"	9	11		
"4729.6763"	"4729.6784"	"1.6e+05"	E	"27394.691"	"48531.865"	"3d6.(5D).4s.4p.(3P*)"	"z 5F*"	"3"	"3d7.(4F).5s"	"e 3F"	"3"	7	7		
"4731.041"	"4731.0410"	""		"32873.632"	"54004.718"	"3d8"	"c 3F"	"4"	"3d6.(3D).4s.4p.(3P*)"	"t 5P*"	"3"	9	7		
"4733.5913"	"4733.5912"	"3.41e+04"	A	"11976.239"	"33095.941"	"3d7.(4F).4s"	"a 3F"	"4"	"3d7.(4F).4p"	"y 5D*"	"4"	9	9		
"4734.0977"	"4734.0980"	"1.6e+06"	E	"34636.792"	"55754.233"	"3d6.4s2"	"b 1D2"	"2"	"3d7.(2D2).4p"	"w 1D*"	"2"	5	5		
"4735.8436"	"4735.8428"	"1.28e+06"	D+	"32873.632"	"53983.293"	"3d8"	"c 3F"	"4"	"3d6.(3G).4s.4p.(3P*)"	"t 3G*"	"5"	9	11		
"4736.7731"	"4736.7727"	"4.78e+06"	B	"25899.989"	"47005.506"	"3d6.(5D).4s.4p.(3P*)"	"z 5D*"	"4"	"3d7.(4F).5s"	"e 5F"	"5"	9	11		
"4737.373"	"4737.3754"	""		"37409.555"	"58512.387"	"3d6.(5D).4s.4p.(1P*)"	"y 5P*"	"1"	"3d6.4s.(4D).4d"	"5F"	"2"	3	5		
"4737.594"	"4737.5932"	""		"24118.819"	"45220.681"	"3d6.4s2"	"b 3G"	"4"	"3d6.(3P2).4s.4p.(3P*)"	"x 3D*"	"3"	9	7		
"4737.6350"	"4737.6347"	"1.87e+05"	C+	"26351.040"	"47452.717"	"3d7.(2H).4s"	"b 3H"	"5"	"3d7.(2G).4p"	"z 1G*"	"4"	11	9		
"4740.3398"	"4740.3399"	"7.69e+04"	C+	"24338.767"	"45428.402"	"3d6.4s2"	"b 3G"	"3"	"3d6.(3H).4s.4p.(3P*)"	"y 3G*"	"4"	7	9		
"4741.0693"	"4741.0694"	""		"26874.550"	"47960.940"	"3d6.(5D).4s.4p.(3P*)"	"z 5F*"	"5"	"3d7.(4F).5s"	"e 3F"	"4"	11	9		
"4741.5294"	"4741.5292"	"7.29e+05"	D+	"22838.323"	"43922.668"	"3d7.(4P).4s"	"b 3P"	"2"	"3d6.(3P2).4s.4p.(3P*)"	"w 5D*"	"3"	5	7		
"4742.938"	"4742.9316"	""		"33801.572"	"54879.683"	"3d7.(4F).4p"	"y 5D*"	"2"	"3d7.(4F).4d"	"e 3P"	"2"	5	5		
"4743.197"	"4743.2016"	""		"35767.564"	"56844.475"	"3d7.(4F).4p"	"z 3G*"	"4"	"3d6.4s.(6D).5d"	"7P"	"4"	9	9		
"4744.942"	"4744.9403"	""		"26351.040"	"47420.228"	"3d7.(2H).4s"	"b 3H"	"5"	"3d6.(3G).4s.4p.(3P*)"	"w 5G*"	"5"	11	11		
"4745.128"	"4745.1281"	"8.2e+03"	E	"17927.382"	"38995.736"	"3d7.(4P).4s"	"a 5P"	"1"	"3d7.(4F).4p"	"y 3D*"	"1"	3	3		
"4745.7998"	"4745.7996"	"2.27e+06"	C+	"29469.024"	"50534.397"	"3d6.(5D).4s.4p.(3P*)"	"z 5P*"	"2"	"3d6.(5D).4s (6D).4d"	"f 5D"	"3"	5	7		
"4749.9474"	"4749.9480"	"2.0e+06"	E	"36766.966"	"57813.942"	"3d6.(5D).4s.4p.(1P*)"	"y 5P*"	"3"	"3d6.(5D).4s (4D).4d"	"i 5D"	"3"	7	7		
"4751.0840"	"4751.0839"	""		"33765.306"	"54807.250"	"3d8"	"c 3F"	"2"	"3d7.(4F).5p"	"3D*"	"1"	5	3		
"4754.039"	"4754.036"	""		"38175.355"	"59204.233"	"3d7.(4F).4p"	"y 3D*"	"3"	"3d7.(4F).5d"	"3G"	"4"	7	9		
"4757.5777"	"4757.5780"	""		"26406.465"	"47419.687"	"3d7.(2D2).4s"	"a 3D"	"1"	"3d6.(3P2).4s.4p.(3P*)"	"1D*"	"2"	3	5		
"4766.786"	"4766.7870"	""		"37045.934"	"58018.561"	"3d7.(2F).4s"	"d 3F"	"4"	"3d6.(3H).4s.4p.(1P*)"	"3G*"	"5"	9	11		
"4766.8656"	"4766.8654"	"2.3e+05"	E	"27559.583"	"48531.865"	"3d6.(5D).4s.4p.(3P*)"	"z 5F*"	"2"	"3d7.(4F).5s"	"e 3F"	"3"	5	7		
"4768.3200"	"4768.3201"	""		"29732.736"	"50698.620"	"3d6.(5D).4s.4p.(3P*)"	"z 5P*"	"1"	"3d6.(5D).4s (6D).4d"	"f 5D"	"2"	3	5		
"4768.3962"	"4768.3961"	"1.13e+05"	C	"23711.456"	"44677.006"	"3d6.(5D).4s.4p.(3P*)"	"z 7P*"	"4"	"3d6.(5D).4s (6D).5s"	"e 5D"	"4"	9	9		
"4768.6985"	"4768.6988"	""		"32873.632"	"53837.851"	"3d8"	"c 3F"	"4"	"3d7.(4F).5p"	"3D*"	"3"	9	7		
"4771.6962"	"4771.6961"	"3.42e+04"	D+	"17726.988"	"38678.039"	"3d7.(4P).4s"	"a 5P"	"2"	"3d7.(4F).4p"	"y 3D*"	"2"	5	5		
"4772.8027"	"4772.8037"	"5.30e+04"	D+	"12560.934"	"33507.123"	"3d7.(4F).4s"	"a 3F"	"3"	"3d7.(4F).4p"	"y 5D*"	"3"	7	7		
"4772.8300"	"4772.8315"	"3.76e+05"	C+	"24335.766"	"45281.833"	"3d7.(2P).4s"	"c 3P"	"2"	"3d6.(3P2).4s.4p.(3P*)"	"x 3D*"	"2"	5	5		
"4773.146"	"4773.1457"	""		"33412.717"	"54357.405"	"3d8"	"c 3F"	"3"	"3d7.(4F).5p"	"3G*"	"3"	7	7		
"4773.972"	"4773.9679"	""		"33765.306"	"54706.387"	"3d8"	"c 3F"	"2"	"3d7.(4F).5p"	"3F*"	"2"	5	5		
"4776.0670"	"4776.0675"	"2.2e+05"	E	"26623.735"	"47555.610"	"3d7.(2D2).4s"	"a 3D"	"2"	"3d7.(4P).4p"	"y 3S*"	"1"	5	3		
"4776.3769"	"4776.3751"	""		"36766.966"	"57697.493"	"3d6.(5D).4s.4p.(1P*)"	"y 5P*"	"3"	"3d6.(5D).4s (4D).4d"	"i 5D"	"4"	7	9		
"4776.481"	"4776.4813"	""		"33412.717"	"54342.779"	"3d8"	"c 3F"	"3"	"3d7.(4F).5p"	"3D*"	"2"	7	5		
"4779.4391"	"4779.4389"	"2.79e+06"	C	"27543.003"	"48460.113"	"3d7.(2P).4s"	"a 1P"	"1"	"3d7.(4P).4p"	"x 3P*"	"0"	3	1		
"4785.9562"	"4785.9570"	"4.0e+05"	E	"33412.717"	"54301.340"	"3d8"	"c 3F"	"3"	"3d6.(3D).4s.4p.(3P*)"	"5D*"	"4"	7	9		
"4786.8067"	"4786.8067"	"1.03e+06"	B+	"24335.766"	"45220.681"	"3d7.(2P).4s"	"c 3P"	"2"	"3d6.(3P2).4s.4p.(3P*)"	"x 3D*"	"3"	5	7		
"4787.8266"	"4787.8265"	"1.05e+05"	D+	"24180.862"	"45061.329"	"3d6.(5D).4s.4p.(3P*)"	"z 7P*"	"3"	"3d6.(5D).4s (6D).5s"	"e 5D"	"3"	7	7		
"4788.7566"	"4788.7565"	"3.86e+05"	C+	"26105.908"	"46982.320"	"3d7.(2H).4s"	"b 3H"	"6"	"3d6.(3H).4s.4p.(3P*)"	"z 3H*"	"6"	13	13		
""	"4789.19921"	"3.9e-02"	E	"0.000"	"20874.482"	"3d6.4s2"	"a 5D"	"4"	"3d6.4s2"	"b 3F2"	"3"	9	7	M1	
"4789.6505"	"4789.6508"	"4.57e+06"	B	"28604.613"	"49477.127"	"3d7.(2D2).4s"	"a 1D"	"2"	"3d6.(3F2).4s.4p.(3P*)"	"1F*"	"3"	5	7		
"4790.743"	"4790.7459"	"2.7e+04"	E	"26224.969"	"47092.712"	"3d7.(2D2).4s"	"a 3D"	"3"	"3d6.(3F2).4s.4p.(3P*)"	"x 3F*"	"3"	7	7		
"4791.2458"	"4791.2466"	"3.56e+05"	C+	"26406.465"	"47272.027"	"3d7.(2D2).4s"	"a 3D"	"1"	"3d7.(4P).4p"	"w 3D*"	"1"	3	3		
"4792.532"	"4792.5329"	""		"32873.632"	"53733.594"	"3d8"	"c 3F"	"4"	"3d6.(3D).4s.4p.(3P*)"	"5F*"	"3"	9	7		
"4793.9616"	"4793.9612"	"1.1e+04"	E	"24574.655"	"45428.402"	"3d7.(2G).4s"	"a 1G"	"4"	"3d6.(3H).4s.4p.(3P*)"	"y 3G*"	"4"	9	9		
"4797.038"	"4797.0331"	""		"35611.625"	"56452.018"	"3d7.(4F).4p"	"z 5G*"	"3"	"3d6.4s.(6D).5d"	"7D"	"4"	7	9		
"4798.2646"	"4798.2647"	"2.77e+06"	C+	"33765.306"	"54600.350"	"3d8"	"c 3F"	"2"	"3d6.(3G).4s.4p.(3P*)"	"t 3G*"	"3"	5	7		
"4798.7310"	"4798.7313"	"4.1e+03"	E	"12968.554"	"33801.572"	"3d7.(4F).4s"	"a 3F"	"2"	"3d7.(4F).4p"	"y 5D*"	"2"	5	5		
"4799.4058"	"4799.4059"	"3.7e+05"	E	"29356.744"	"50186.834"	"3d6.4s2"	"b 3D"	"2"	"3d7.(2P).4p"	"w 3P*"	"2"	5	5		
"4800.128"	"4800.1276"	"1.2e+05"	E	"24506.917"	"45333.875"	"3d6.(5D).4s.4p.(3P*)"	"z 7P*"	"2"	"3d6.(5D).4s (6D).5s"	"e 5D"	"2"	5	5		
"4800.5537"	"4800.5540"	""		"26627.609"	"47452.717"	"3d7.(2H).4s"	"b 3H"	"4"	"3d7.(2G).4p"	"z 1G*"	"4"	9	9		
"4800.6487"	"4800.6485"	"3.01e+06"	B	"33412.717"	"54237.415"	"3d8"	"c 3F"	"3"	"3d6.(3G).4s.4p.(3P*)"	"t 3G*"	"4"	7	9		
"4802.8794"	"4802.8744"	""		"29798.936"	"50613.983"	"3d6.4s2"	"b 1G2"	"4"	"3d6.(3F2).4s.4p.(3P*)"	"x 1G*"	"4"	9	9		
"4802.8794"	"4802.8802"	"1.77e+06"	C+	"29371.812"	"50186.834"	"3d6.4s2"	"b 3D"	"3"	"3d7.(2P).4p"	"w 3P*"	"2"	7	5		
"4804.5189"	"4804.5172"	""		"28819.954"	"49627.884"	"3d7.(2H).4s"	"a 1H"	"5"	"3d7.(2G).4p"	"v 3G*"	"4"	11	9		
"4807.7084"	"4807.7081"	"2.3e+05"	D	"27166.820"	"47960.940"	"3d6.(5D).4s.4p.(3P*)"	"z 5F*"	"4"	"3d7.(4F).5s"	"e 3F"	"4"	9	9		
"4808.058"	"4808.0551"	""		"26627.609"	"47420.228"	"3d7.(2H).4s"	"b 3H"	"4"	"3d6.(3G).4s.4p.(3P*)"	"w 5G*"	"5"	9	11		
"4808.1480"	"4808.1476"	"7.6e+04"	D	"26224.969"	"47017.188"	"3d7.(2D2).4s"	"a 3D"	"3"	"3d7.(4P).4p"	"w 3D*"	"3"	7	7		
"4808.6797"	"4808.6793"	""		"38175.355"	"58965.275"	"3d7.(4F).4p"	"y 3D*"	"3"	"3d6.4s.(4D).4d"	"3G"	"4"	7	9		
"4809.1377"	"4809.1369"	""		"29798.936"	"50586.878"	"3d6.4s2"	"b 1G2"	"4"	"3d7.(2G).4p"	"z 1F*"	"3"	9	7		
"4809.9381"	"4809.9396"	"5.5e+04"	E	"28819.954"	"49604.427"	"3d7.(2H).4s"	"a 1H"	"5"	"3d7.(2G).4p"	"y 3H*"	"5"	11	11		
"4811.028"	"4811.0331"	""		"24772.018"	"45551.767"	"3d7.(2P).4s"	"c 3P"	"1"	"3d6.(3P2).4s.4p.(3P*)"	"x 3D*"	"1"	3	3		
"4813.1125"	"4813.1131"	"1.4e+05"	E	"26406.465"	"47177.234"	"3d7.(2D2).4s"	"a 3D"	"1"	"3d7.(4P).4p"	"u 5D*"	"1"	3	3		
"4814.371"	"4814.3698"	""		"33765.306"	"54530.653"	"3d8"	"c 3F"	"2"	"3d7.(4F).5p"	"5D*"	"2"	5	5		
"4815.235"	"4815.2295"	""		"27543.003"	"48304.643"	"3d7.(2P).4s"	"a 1P"	"1"	"3d7.(4P).4p"	"x 3P*"	"2"	3	5		
"4817.7778"	"4817.7781"	"2.1e+04"	D	"17927.382"	"38678.039"	"3d7.(4P).4s"	"a 5P"	"1"	"3d7.(4F).4p"	"y 3D*"	"2"	3	5		
"4824.1656"	"4824.1645"	""		"29320.026"	"50043.213"	"3d6.4s2"	"b 3D"	"1"	"3d7.(2P).4p"	"w 3P*"	"1"	3	3		
"4831.202"	"4831.1970"	""		"28604.613"	"49297.635"	"3d7.(2D2).4s"	"a 1D"	"2"	"3d6.(3F2).4s.4p.(3P*)"	"v 3D*"	"1"	5	3		
"4832.7273"	"4832.7274"	"1.76e+06"	C+	"29356.744"	"50043.213"	"3d6.4s2"	"b 3D"	"2"	"3d7.(2P).4p"	"w 3P*"	"1"	5	3		
"4834.5065"	"4834.5062"	"2.7e+04"	E	"19552.478"	"40231.336"	"3d6.4s2"	"a 3P2"	"1"	"3d6.(5D).4s.4p.(1P*)"	"x 5D*"	"2"	3	5		
"4835.8676"	"4835.8672"	"1.1e+06"	D	"33095.941"	"53768.979"	"3d7.(4F).4p"	"y 5D*"	"4"	"3d7.(4F).4d"	"f 5G"	"4"	9	9		
"4837.880"	"4837.8754"	""		"35767.564"	"56432.021"	"3d7.(4F).4p"	"z 3G*"	"4"	"3d6.4s.(6D).5d"	"7D"	"5"	9	11		
"4838.084"	"4838.0882"	""		"26224.969"	"46888.517"	"3d7.(2D2).4s"	"a 3D"	"3"	"3d7.(4P).4p"	"u 5D*"	"2"	7	5		
"4838.5115"	"4838.5113"	"1.2e+06"	D	"27559.583"	"48221.324"	"3d6.(5D).4s.4p.(3P*)"	"z 5F*"	"2"	"3d7.(4F).5s"	"e 5F"	"1"	5	3		
"4839.5442"	"4839.5443"	"3.90e+05"	C+	"26351.040"	"47008.371"	"3d7.(2H).4s"	"b 3H"	"5"	"3d6.(3H).4s.4p.(3P*)"	"z 3H*"	"5"	11	11		
"4839.768"	"4839.7680"	""		"37157.566"	"57813.942"	"3d6.(5D).4s.4p.(1P*)"	"y 5P*"	"2"	"3d6.(5D).4s (4D).4d"	"i 5D"	"3"	5	7		
"4840.3214"	"4840.3210"	"1.7e+06"	D	"33507.123"	"54161.139"	"3d7.(4F).4p"	"y 5D*"	"3"	"3d7.(4F).4d"	"f 5G"	"3"	7	7		
"4840.896"	"4840.8969"	""		"33095.941"	"53747.500"	"3d7.(4F).4p"	"y 5D*"	"4"	"3d7.(4F).4d"	"f 3D"	"3"	9	7		
"4841.7847"	"4841.7841"	""		"33801.572"	"54449.347"	"3d7.(4F).4p"	"y 5D*"	"2"	"3d7.(4F).4d"	"f 3D"	"1"	5	3		
"4842.714"	"4842.7150"	""		"34039.516"	"54683.322"	"3d7.(4F).4p"	"y 5F*"	"4"	"3d7.(4F).4d"	"f 3F"	"4"	9	9		
"4842.7881"	"4842.7875"	"7.5e+05"	E	"33095.941"	"53739.438"	"3d7.(4F).4p"	"y 5D*"	"4"	"3d7.(4F).4d"	"e 3G"	"5"	9	11		
"4843.1435"	"4843.1429"	"9.2e+05"	E	"27394.691"	"48036.673"	"3d6.(5D).4s.4p.(3P*)"	"z 5F*"	"3"	"3d7.(4F).5s"	"e 5F"	"2"	7	5		
""	"4843.34752"	"4.2e-01"	E	"0.000"	"20641.110"	"3d6.4s2"	"a 5D"	"4"	"3d6.4s2"	"b 3F2"	"4"	9	9	M1	
"4844.0135"	"4844.0133"	"3.62e+05"	C	"28604.613"	"49242.886"	"3d7.(2D2).4s"	"a 1D"	"2"	"3d7.(2G).4p"	"w 3F*"	"3"	5	7		
"4845.6478"	"4845.6463"	""		"29320.026"	"49951.344"	"3d6.4s2"	"b 3D"	"1"	"3d7.(2P).4p"	"w 3P*"	"0"	3	1		
""	"4847.5880"	"2.5e-02"	E	"415.933"	"21038.987"	"3d6.4s2"	"a 5D"	"3"	"3d6.4s2"	"b 3F2"	"2"	7	5	M1	
"4848.8832"	"4848.8822"	"6.89e+04"	C	"18378.186"	"38995.736"	"3d6.4s2"	"a 3P2"	"2"	"3d7.(4F).4p"	"y 3D*"	"1"	5	3		
"4849.668"	"4849.6680"	""		"28819.954"	"49434.163"	"3d7.(2H).4s"	"a 1H"	"5"	"3d7.(2G).4p"	"y 3H*"	"6"	11	13		
"4855.6729"	"4855.6728"	""		"27166.820"	"47755.537"	"3d6.(5D).4s.4p.(3P*)"	"z 5F*"	"4"	"3d7.(4F).5s"	"e 5F"	"3"	9	7		
"4858.244"	"4858.2460"	""		"33801.572"	"54379.384"	"3d7.(4F).4p"	"y 5D*"	"2"	"3d7.(4F).4d"	"e 3G"	"3"	5	7		
"4859.1215"	"4859.1214"	"1.1e+06"	E	"33801.572"	"54375.677"	"3d7.(4F).4p"	"y 5D*"	"2"	"3d7.(4F).4d"	"f 5G"	"2"	5	5		
"4859.7411"	"4859.7414"	"1.62e+07"	B+	"23192.500"	"43763.980"	"3d6.(5D).4s.4p.(3P*)"	"z 7F*"	"2"	"3d6.(5D).4s (6D).5s"	"e 7D"	"1"	5	3		
"4860.9781"	"4860.9775"	"1.3e+05"	E	"27394.691"	"47960.940"	"3d6.(5D).4s.4p.(3P*)"	"z 5F*"	"3"	"3d7.(4F).5s"	"e 3F"	"4"	7	9		
"4862.5966"	"4862.5981"	""		"33507.123"	"54066.518"	"3d7.(4F).4p"	"y 5D*"	"3"	"3d7.(4F).4d"	"e 3G"	"4"	7	9		
"4863.6434"	"4863.6435"	""		"27666.348"	"48221.324"	"3d6.(5D).4s.4p.(3P*)"	"z 5F*"	"1"	"3d7.(4F).5s"	"e 5F"	"1"	3	3		
"4863.779"	"4863.7769"	""		"24506.917"	"45061.329"	"3d6.(5D).4s.4p.(3P*)"	"z 7P*"	"2"	"3d6.(5D).4s (6D).5s"	"e 5D"	"3"	5	7		
"4868.373"	"4868.3731"	""		"12560.934"	"33095.941"	"3d7.(4F).4s"	"a 3F"	"3"	"3d7.(4F).4p"	"y 5D*"	"4"	7	9		
"4868.430"	"4868.4348"	""		"37162.746"	"57697.493"	"3d7.(4F).4p"	"y 3F*"	"3"	"3d6.(5D).4s (4D).4d"	"i 5D"	"4"	7	9		
"4869.4636"	"4869.4632"	"1.3e+05"	E	"28604.613"	"49135.023"	"3d7.(2D2).4s"	"a 1D"	"2"	"3d6.(3F2).4s.4p.(3P*)"	"v 3D*"	"3"	5	7		
"4870.036"	"4870.0363"	"3.88e+05"	C+	"31686.351"	"52214.345"	"3d6.(5D).4s.4p.(3P*)"	"z 3D*"	"2"	"3d6.(5D).4s (4D).5s"	"g 5D"	"1"	5	3		
"4871.3179"	"4871.3178"	"2.44e+07"	B+	"23110.939"	"43633.533"	"3d6.(5D).4s.4p.(3P*)"	"z 7F*"	"3"	"3d6.(5D).4s (6D).5s"	"e 7D"	"2"	7	5		
"4871.9278"	"4871.9279"	"2.84e+05"	C+	"26224.969"	"46744.993"	"3d7.(2D2).4s"	"a 3D"	"3"	"3d7.(4P).4p"	"u 5D*"	"3"	7	7		
"4872.1375"	"4872.1373"	"2.54e+07"	B+	"23244.838"	"43763.980"	"3d6.(5D).4s.4p.(3P*)"	"z 7F*"	"1"	"3d6.(5D).4s (6D).5s"	"e 7D"	"1"	3	3		
"4872.907"	"4872.9068"	""		"34039.516"	"54555.418"	"3d7.(4F).4p"	"y 5F*"	"4"	"3d7.(4F).4d"	"e 3H"	"4"	9	9		
"4873.210"	"4873.2101"	""		"31322.613"	"51837.238"	"3d6.(5D).4s.4p.(3P*)"	"z 3D*"	"3"	"3d6.(5D).4s (6D).4d"	"e 5P"	"3"	7	7		
"4873.7510"	"4873.7508"	"5.5e+04"	E	"26623.735"	"47136.084"	"3d7.(2D2).4s"	"a 3D"	"2"	"3d7.(4P).4p"	"w 3D*"	"2"	5	5		
"4874.3534"	"4874.3530"	""		"24772.018"	"45281.833"	"3d7.(2P).4s"	"c 3P"	"1"	"3d6.(3P2).4s.4p.(3P*)"	"x 3D*"	"2"	3	5		
"4875.0298"	"4875.0299"	""		"38175.355"	"58682.322"	"3d7.(4F).4p"	"y 3D*"	"3"	"3d6.4s.(4D).4d"	"3D"	"3"	7	7		
"4875.8773"	"4875.8769"	"3.4e+05"	E	"26874.550"	"47377.955"	"3d6.(5D).4s.4p.(3P*)"	"z 5F*"	"5"	"3d7.(4F).5s"	"e 5F"	"4"	11	9		
"4876.188"	"4876.1860"	"2.7e+04"	E	"26224.969"	"46727.074"	"3d7.(2D2).4s"	"a 3D"	"3"	"3d6.(3P2).4s.4p.(3P*)"	"y 3P*"	"2"	7	5		
"4877.6060"	"4877.6042"	"2.6e+04"	E	"24180.862"	"44677.006"	"3d6.(5D).4s.4p.(3P*)"	"z 7P*"	"3"	"3d6.(5D).4s (6D).5s"	"e 5D"	"4"	7	9		
"4878.2108"	"4878.2107"	"1.21e+07"	B+	"23270.384"	"43763.980"	"3d6.(5D).4s.4p.(3P*)"	"z 7F*"	"0"	"3d6.(5D).4s (6D).5s"	"e 7D"	"1"	1	3		
"4880.527"	"4880.5239"	""		"32873.632"	"53357.515"	"3d8"	"c 3F"	"4"	"3d6.(3G).4s.4p.(3P*)"	"3F*"	"3"	9	7		
"4881.7175"	"4881.7174"	"5.15e+05"	C+	"26627.609"	"47106.484"	"3d7.(2H).4s"	"b 3H"	"4"	"3d6.(3H).4s.4p.(3P*)"	"z 3H*"	"4"	9	9		
"4882.1431"	"4882.1429"	""		"27559.583"	"48036.673"	"3d6.(5D).4s.4p.(3P*)"	"z 5F*"	"2"	"3d7.(4F).5s"	"e 5F"	"2"	5	5		
"4885.4303"	"4885.4301"	""		"31307.245"	"51770.557"	"3d6.(5D).4s.4p.(3P*)"	"z 3F*"	"4"	"3d6.(5D).4s (4D).5s"	"g 5D"	"3"	9	7		
"4886.3315"	"4886.3311"	""		"33507.123"	"53966.662"	"3d7.(4F).4p"	"y 5D*"	"3"	"3d7.(4F).4d"	"h 5D"	"2"	7	5		
""	"4886.5675"	"2.3e-01"	E	"415.933"	"20874.482"	"3d6.4s2"	"a 5D"	"3"	"3d6.4s2"	"b 3F2"	"3"	7	7	M1	
"4887.1936"	"4887.1932"	""		"33801.572"	"54257.502"	"3d7.(4F).4p"	"y 5D*"	"2"	"3d7.(4F).4d"	"g 5F"	"2"	5	5		
"4887.365"	"4887.3669"	""		"32873.632"	"53328.835"	"3d8"	"c 3F"	"4"	"3d7.(4F).5p"	"3F*"	"4"	9	9		
"4888.262"	"4888.2559"	""		"34039.516"	"54490.999"	"3d7.(4F).4p"	"y 5F*"	"4"	"3d7.(4F).4d"	"e 5H"	"3"	9	7		
"4888.6366"	"4888.6362"	""		"33095.941"	"53545.833"	"3d7.(4F).4p"	"y 5D*"	"4"	"3d7.(4F).4d"	"h 5D"	"3"	9	7		
"4889.0012"	"4889.0008"	"1.13e+05"	C+	"17726.988"	"38175.355"	"3d7.(4P).4s"	"a 5P"	"2"	"3d7.(4F).4p"	"y 3D*"	"3"	5	7		
"4889.1018"	"4889.1019"	""		"31322.613"	"51770.557"	"3d6.(5D).4s.4p.(3P*)"	"z 3D*"	"3"	"3d6.(5D).4s (4D).5s"	"g 5D"	"3"	7	7		
"4890.7548"	"4890.7549"	"2.25e+07"	B+	"23192.500"	"43633.533"	"3d6.(5D).4s.4p.(3P*)"	"z 7F*"	"2"	"3d6.(5D).4s (6D).5s"	"e 7D"	"2"	5	5		
"4891.048"	"4891.0485"	""		"32873.632"	"53313.438"	"3d8"	"c 3F"	"4"	"3d6.(3G).4s.4p.(3P*)"	"y 1H*"	"5"	9	11		
"4891.144"	"4891.1464"	""		"33412.717"	"53852.114"	"3d8"	"c 3F"	"3"	"3d7.(4F).5p"	"5G*"	"4"	7	9		
"4891.4921"	"4891.4920"	"3.08e+07"	B+	"22996.674"	"43434.627"	"3d6.(5D).4s.4p.(3P*)"	"z 7F*"	"4"	"3d6.(5D).4s (6D).5s"	"e 7D"	"3"	9	7		
"4892.8586"	"4892.8587"	""		"34017.103"	"54449.347"	"3d7.(4F).4p"	"y 5D*"	"1"	"3d7.(4F).4d"	"f 3D"	"1"	3	3		
"4896.4382"	"4896.4383"	"5.4e+05"	E	"31322.613"	"51739.920"	"3d6.(5D).4s.4p.(3P*)"	"z 3D*"	"3"	"3d6.(5D).4s (4D).5s"	"e 3D"	"2"	7	5		
"4900.822"	"4900.8218"	""		"38678.039"	"59077.084"	"3d7.(4F).4p"	"y 3D*"	"2"	""	"59077e"	"1"	5	3		
"4902.163"	"4902.1657"	""		"26623.735"	"47017.188"	"3d7.(2D2).4s"	"a 3D"	"2"	"3d7.(4P).4p"	"w 3D*"	"3"	5	7		
"4903.3099"	"4903.3097"	"6.58e+06"	B+	"23244.838"	"43633.533"	"3d6.(5D).4s.4p.(3P*)"	"z 7F*"	"1"	"3d6.(5D).4s (6D).5s"	"e 7D"	"2"	3	5		
"4905.1325"	"4905.1326"	"5.3e+05"	E	"31686.351"	"52067.469"	"3d6.(5D).4s.4p.(3P*)"	"z 3D*"	"2"	"3d6.(5D).4s (6D).4d"	"e 5P"	"2"	5	5		
"4905.216"	"4905.2183"	""		"26627.609"	"47008.371"	"3d7.(2H).4s"	"b 3H"	"4"	"3d6.(3H).4s.4p.(3P*)"	"z 3H*"	"5"	9	11		
"4907.7315"	"4907.7316"	""		"27666.348"	"48036.673"	"3d6.(5D).4s.4p.(3P*)"	"z 5F*"	"1"	"3d7.(4F).5s"	"e 5F"	"2"	3	5		
"4908.0298"	"4908.0308"	""		"34017.103"	"54386.186"	"3d7.(4F).4p"	"y 5D*"	"1"	"3d7.(4F).4d"	"g 5F"	"1"	3	3		
"4908.599"	"4908.6046"	""		"20037.816"	"40404.518"	"3d6.4s2"	"a 3P2"	"0"	"3d6.(5D).4s.4p.(1P*)"	"x 5D*"	"1"	1	3		
"4909.3831"	"4909.3832"	""		"31686.351"	"52049.823"	"3d6.(5D).4s.4p.(3P*)"	"z 3D*"	"2"	"3d6.(5D).4s (4D).5s"	"g 5D"	"2"	5	5		
"4910.0166"	"4910.0164"	""		"27394.691"	"47755.537"	"3d6.(5D).4s.4p.(3P*)"	"z 5F*"	"3"	"3d7.(4F).5s"	"e 5F"	"3"	7	7		
"4910.3255"	"4910.3249"	""		"33801.572"	"54161.139"	"3d7.(4F).4p"	"y 5D*"	"2"	"3d7.(4F).4d"	"f 5G"	"3"	5	7		
"4910.5645"	"4910.5644"	""		"34017.103"	"54375.677"	"3d7.(4F).4p"	"y 5D*"	"1"	"3d7.(4F).4d"	"f 5G"	"2"	3	5		
"4911.5291"	"4911.5303"	"1.9e+05"	E	"34328.752"	"54683.322"	"3d7.(4F).4p"	"y 5F*"	"3"	"3d7.(4F).4d"	"f 3F"	"4"	7	9		
"4911.7791"	"4911.7787"	"1.6e+06"	D	"31686.351"	"52039.892"	"3d6.(5D).4s.4p.(3P*)"	"z 3D*"	"2"	"3d6.(5D).4s (4D).5s"	"e 3D"	"1"	5	3		
"4912.498"	"4912.4974"	""		"33412.717"	"53763.280"	"3d8"	"c 3F"	"3"	"3d7.(2D2).4p"	"x 1F*"	"3"	7	7		
"4913.143"	"4913.1355"	""		"37162.746"	"57510.666"	"3d7.(4F).4p"	"y 3F*"	"3"	"3d7.(4F).6s"	"5F"	"3"	7	7		
""	"4916.2620"	"9.2e-02"	E	"704.007"	"21038.987"	"3d6.4s2"	"a 5D"	"2"	"3d6.4s2"	"b 3F2"	"2"	5	5	M1	
"4917.2297"	"4917.2295"	"6.4e+06"	D	"33801.572"	"54132.551"	"3d7.(4F).4p"	"y 5D*"	"2"	"3d7.(4F).4d"	"h 5D"	"1"	5	3		
"4918.0122"	"4918.0121"	"4.2e+06"	E	"34121.603"	"54449.347"	"3d7.(4F).4p"	"y 5D*"	"0"	"3d7.(4F).4d"	"f 3D"	"1"	1	3		
"4918.9535"	"4918.9539"	""		"33507.123"	"53830.975"	"3d7.(4F).4p"	"y 5D*"	"3"	"3d7.(4F).4d"	"g 5F"	"3"	7	7		
"4918.9937"	"4918.9936"	"1.79e+07"	B	"23110.939"	"43434.627"	"3d6.(5D).4s.4p.(3P*)"	"z 7F*"	"3"	"3d6.(5D).4s (6D).5s"	"e 7D"	"3"	7	7		
"4920.5028"	"4920.5021"	"3.58e+07"	B+	"22845.869"	"43163.326"	"3d6.(5D).4s.4p.(3P*)"	"z 7F*"	"5"	"3d6.(5D).4s (6D).5s"	"e 7D"	"4"	11	9		
"4924.298"	"4924.3008"	""		"38678.039"	"58979.823"	"3d7.(4F).4p"	"y 3D*"	"2"	"3d6.4s.(4D).4d"	"3D"	"2"	5	5		
"4924.298"	"4924.3025"	""		"40231.336"	"60533.113"	"3d6.(5D).4s.4p.(1P*)"	"x 5D*"	"2"	"3d6.(5D).4p2.(3P)"	"7F"	"2"	5	5		
"4924.7692"	"4924.7693"	"4.23e+05"	C	"18378.186"	"38678.039"	"3d6.4s2"	"a 3P2"	"2"	"3d7.(4F).4p"	"y 3D*"	"2"	5	5		
"4925.2831"	"4925.2839"	""		"33095.941"	"53393.673"	"3d7.(4F).4p"	"y 5D*"	"4"	"3d7.(4F).4d"	"g 5F"	"4"	9	9		
"4927.4179"	"4927.4177"	"2.58e+05"	D+	"28819.954"	"49108.896"	"3d7.(2H).4s"	"a 1H"	"5"	"3d7.(2G).4p"	"w 3F*"	"4"	11	9		
"4927.490"	"4927.4887"	""		"36766.966"	"57055.616"	"3d6.(5D).4s.4p.(1P*)"	"y 5P*"	"3"	"3d6.4s.(6D).5d"	"5G"	"3"	7	7		
"4927.8679"	""	""		""	""	""	""	""	""	""	""				
"4930.3150"	"4930.3149"	"5.75e+06"	B	"31937.325"	"52214.345"	"3d6.(5D).4s.4p.(3P*)"	"z 3D*"	"1"	"3d6.(5D).4s (4D).5s"	"g 5D"	"1"	3	3		
"4933.191"	"4933.1904"	""		"33801.572"	"54066.773"	"3d7.(4F).4p"	"y 5D*"	"2"	"3d7.(4F).4d"	"f 3D"	"2"	5	5		
"4933.2945"	"4933.2924"	""		"26623.735"	"46888.517"	"3d7.(2D2).4s"	"a 3D"	"2"	"3d7.(4P).4p"	"u 5D*"	"2"	5	5		
"4933.3410"	"4933.3408"	""		"34121.603"	"54386.186"	"3d7.(4F).4p"	"y 5D*"	"0"	"3d7.(4F).4d"	"g 5F"	"1"	1	3		
"4933.8727"	"4933.8728"	""		"31805.071"	"52067.469"	"3d6.(5D).4s.4p.(3P*)"	"z 3F*"	"3"	"3d6.(5D).4s (6D).4d"	"e 5P"	"2"	7	5		
"4934.0049"	"4934.0048"	""		"33507.123"	"53768.979"	"3d7.(4F).4p"	"y 5D*"	"3"	"3d7.(4F).4d"	"f 5G"	"4"	7	9		
"4934.0836"	"4934.0834"	""		"26627.609"	"46889.142"	"3d7.(2H).4s"	"b 3H"	"4"	"3d6.(3F2).4s.4p.(3P*)"	"x 3F*"	"4"	9	9		
"4937.298"	"4937.2930"	""		"33412.717"	"53661.079"	"3d8"	"c 3F"	"3"	"3d7.(4F).5p"	"5F*"	"3"	7	7		
"4938.1735"	"4938.1734"	""		"31805.071"	"52049.823"	"3d6.(5D).4s.4p.(3P*)"	"z 3F*"	"3"	"3d6.(5D).4s (4D).5s"	"g 5D"	"2"	7	5		
"4938.8135"	"4938.8138"	"3.27e+06"	B+	"23192.500"	"43434.627"	"3d6.(5D).4s.4p.(3P*)"	"z 7F*"	"2"	"3d6.(5D).4s (6D).5s"	"e 7D"	"3"	5	7		
"4939.239"	"4939.2354"	""		"34017.103"	"54257.502"	"3d7.(4F).4p"	"y 5D*"	"1"	"3d7.(4F).4d"	"g 5F"	"2"	3	5		
"4939.239"	"4939.2408"	""		"33507.123"	"53747.500"	"3d7.(4F).4p"	"y 5D*"	"3"	"3d7.(4F).4d"	"f 3D"	"3"	7	7		
"4939.6864"	"4939.6862"	"1.39e+04"	A	"6928.268"	"27166.820"	"3d7.(4F).4s"	"a 5F"	"5"	"3d6.(5D).4s.4p.(3P*)"	"z 5F*"	"4"	11	9		
"4942.4589"	"4942.4585"	"9.67e+05"	C	"34039.516"	"54266.716"	"3d7.(4F).4p"	"y 5F*"	"4"	"3d7.(4F).4d"	"e 3H"	"5"	9	11		
"4942.5901"	"4942.5890"	""		"34328.752"	"54555.418"	"3d7.(4F).4p"	"y 5F*"	"3"	"3d7.(4F).4d"	"e 3H"	"4"	7	9		
""	"4942.9529"	"7.7e-02"	E	"415.933"	"20641.110"	"3d6.4s2"	"a 5D"	"3"	"3d6.4s2"	"b 3F2"	"4"	7	9	M1	
"4945.6370"	"4945.6356"	"1.3e+06"	E	"33946.933"	"54161.139"	"3d6.(5D).4s.4p.(3P*)"	"z 3P*"	"2"	"3d7.(4F).4d"	"f 5G"	"3"	5	7		
"4946.3878"	"4946.3871"	""		"27166.820"	"47377.955"	"3d6.(5D).4s.4p.(3P*)"	"z 5F*"	"4"	"3d7.(4F).5s"	"e 5F"	"4"	9	9		
"4950.1057"	"4950.1053"	""		"27559.583"	"47755.537"	"3d6.(5D).4s.4p.(3P*)"	"z 5F*"	"2"	"3d7.(4F).5s"	"e 5F"	"3"	5	7		
""	"4956.3583"	"7.9e-02"	E	"704.007"	"20874.482"	"3d6.4s2"	"a 5D"	"2"	"3d6.4s2"	"b 3F2"	"3"	5	7	M1	
"4957.2983"	"4957.2979"	"1.18e+07"	B	"22996.674"	"43163.326"	"3d6.(5D).4s.4p.(3P*)"	"z 7F*"	"4"	"3d6.(5D).4s (6D).5s"	"e 7D"	"4"	9	9		
"4957.5965"	"4957.5961"	"4.22e+07"	B+	"22650.416"	"42815.855"	"3d6.(5D).4s.4p.(3P*)"	"z 7F*"	"6"	"3d6.(5D).4s (6D).5s"	"e 7D"	"5"	13	11		
"4957.6793"	"4957.6819"	""		"33801.572"	"53966.662"	"3d7.(4F).4p"	"y 5D*"	"2"	"3d7.(4F).4d"	"h 5D"	"2"	5	5		
"4959.197"	"4959.1978"	""		"38995.736"	"59154.662"	"3d7.(4F).4p"	"y 3D*"	"1"	"3d6.4s.(4D).4d"	"3S"	"1"	3	3		
""	"4961.1841"	"4.5e-02"	E	"888.132"	"21038.987"	"3d6.4s2"	"a 5D"	"1"	"3d6.4s2"	"b 3F2"	"2"	3	5	M1	
"4961.9137"	"4961.9132"	"1.4e+05"	E	"29313.008"	"49460.902"	"3d6.4s2"	"a 1I"	"6"	"3d7.(2G).4p"	"v 3G*"	"5"	13	11		
"4962.5715"	"4962.5711"	"1.37e+06"	C+	"33695.397"	"53840.620"	"3d7.(4F).4p"	"y 5F*"	"5"	"3d7.(4F).4d"	"e 3H"	"6"	11	13		
"4965.780"	"4965.7796"	""		"22946.816"	"43079.023"	"3d7.(4P).4s"	"b 3P"	"1"	"3d6.(3P2).4s.4p.(3P*)"	"x 5P*"	"1"	3	3		
"4966.0886"	"4966.0882"	"3.31e+06"	C+	"26874.550"	"47005.506"	"3d6.(5D).4s.4p.(3P*)"	"z 5F*"	"5"	"3d7.(4F).5s"	"e 5F"	"5"	11	11		
"4966.289"	"4966.2885"	""		"31937.325"	"52067.469"	"3d6.(5D).4s.4p.(3P*)"	"z 3D*"	"1"	"3d6.(5D).4s (6D).4d"	"e 5P"	"2"	3	5		
"4967.8970"	"4967.8966"	""		"33801.572"	"53925.200"	"3d7.(4F).4p"	"y 5D*"	"2"	"3d7.(4F).4d"	"f 5P"	"1"	5	3		
"4968.3923"	"4968.3917"	""		"34039.516"	"54161.139"	"3d7.(4F).4p"	"y 5F*"	"4"	"3d7.(4F).4d"	"f 5G"	"3"	9	7		
"4968.6975"	"4968.6979"	"7.1e+05"	E	"29356.744"	"49477.127"	"3d6.4s2"	"b 3D"	"2"	"3d6.(3F2).4s.4p.(3P*)"	"1F*"	"3"	5	7		
"4969.9173"	"4969.9169"	""		"34017.103"	"54132.551"	"3d7.(4F).4p"	"y 5D*"	"1"	"3d7.(4F).4d"	"h 5D"	"1"	3	3		
"4970.4955"	"4970.4958"	"9.82e+05"	C	"29320.026"	"49433.131"	"3d6.4s2"	"b 3D"	"1"	"3d7.(2G).4p"	"w 3F*"	"2"	3	5		
"4970.6457"	"4970.6458"	""		"31937.325"	"52049.823"	"3d6.(5D).4s.4p.(3P*)"	"z 3D*"	"1"	"3d6.(5D).4s (4D).5s"	"g 5D"	"2"	3	5		
"4973.1016"	"4973.1014"	"1.1e+07"	D+	"31937.325"	"52039.892"	"3d6.(5D).4s.4p.(3P*)"	"z 3D*"	"1"	"3d6.(5D).4s (4D).5s"	"e 3D"	"1"	3	3		
"4975.4118"	"4975.4117"	""		"26627.609"	"46720.842"	"3d7.(2H).4s"	"b 3H"	"4"	"3d7.(4P).4p"	"u 5D*"	"4"	9	9		
"4977.6483"	"4977.6479"	""		"31686.351"	"51770.557"	"3d6.(5D).4s.4p.(3P*)"	"z 3D*"	"2"	"3d6.(5D).4s (4D).5s"	"g 5D"	"3"	5	7		
"4978.112"	"4978.1094"	""		"31937.325"	"52019.669"	"3d6.(5D).4s.4p.(3P*)"	"z 3D*"	"1"	"3d6.(5D).4s (6D).4d"	"e 5P"	"1"	3	3		
"4978.6030"	"4978.6028"	"1.19e+07"	B	"32133.991"	"52214.345"	"3d6.(5D).4s.4p.(3P*)"	"z 3F*"	"2"	"3d6.(5D).4s (4D).5s"	"g 5D"	"1"	5	3		
"4978.691"	"4978.6913"	""		"32873.632"	"52953.629"	"3d8"	"c 3F"	"4"	"3d6.(3G).4s.4p.(3P*)"	"3F*"	"4"	9	9		
"4979.5857"	"4979.5866"	""		"29356.744"	"49433.131"	"3d6.4s2"	"b 3D"	"2"	"3d7.(2G).4p"	"w 3F*"	"2"	5	5		
"4980.2831"	"4980.2824"	""		"33695.397"	"53768.979"	"3d7.(4F).4p"	"y 5F*"	"5"	"3d7.(4F).4d"	"f 5G"	"4"	11	9		
"4980.539"	"4980.5397"	""		"33765.306"	"53837.851"	"3d8"	"c 3F"	"2"	"3d7.(4F).5p"	"3D*"	"3"	5	7		
"4982.4996"	"4982.4990"	""		"33095.941"	"53160.593"	"3d7.(4F).4p"	"y 5D*"	"4"	"3d7.(4F).4d"	"f 5P"	"3"	9	7		
"4983.2504"	"4983.2500"	""		"33507.123"	"53568.751"	"3d7.(4F).4p"	"y 5D*"	"3"	"3d7.(4F).4d"	"f 5P"	"2"	7	5		
"4983.341"	"4983.3412"	""		"37157.566"	"57218.827"	"3d6.(5D).4s.4p.(1P*)"	"y 5P*"	"2"	"3d7.(4F).6s"	"3F"	"3"	5	7		
"4983.8526"	"4983.8522"	""		"33095.941"	"53155.145"	"3d7.(4F).4p"	"y 5D*"	"4"	"3d7.(4F).4d"	"h 5D"	"4"	9	9		
"4985.2526"	"4985.2527"	"1.48e+07"	B	"31686.351"	"51739.920"	"3d6.(5D).4s.4p.(3P*)"	"z 3D*"	"2"	"3d6.(5D).4s (4D).5s"	"e 3D"	"2"	5	5		
"4985.5469"	"4985.5465"	"1.39e+06"	B	"23110.939"	"43163.326"	"3d6.(5D).4s.4p.(3P*)"	"z 7F*"	"3"	"3d6.(5D).4s (6D).5s"	"e 7D"	"4"	7	9		
"4985.9838"	"4985.9829"	""		"34328.752"	"54379.384"	"3d7.(4F).4p"	"y 5F*"	"3"	"3d7.(4F).4d"	"e 3G"	"3"	7	7		
"4986.2223"	"4986.2221"	"2.3e+06"	E	"34017.103"	"54066.773"	"3d7.(4F).4p"	"y 5D*"	"1"	"3d7.(4F).4d"	"f 3D"	"2"	3	5		
"4986.903"	"4986.9049"	""		"34328.752"	"54375.677"	"3d7.(4F).4p"	"y 5F*"	"3"	"3d7.(4F).4d"	"f 5G"	"2"	7	5		
"4988.9498"	"4988.9494"	"5.2e+06"	D+	"33507.123"	"53545.833"	"3d7.(4F).4p"	"y 5D*"	"3"	"3d7.(4F).4d"	"h 5D"	"3"	7	7		
"4991.2680"	"4991.2676"	""		"33801.572"	"53830.975"	"3d7.(4F).4p"	"y 5D*"	"2"	"3d7.(4F).4d"	"g 5F"	"3"	5	7		
"4991.800"	"4991.7984"	""		"23051.750"	"43079.023"	"3d7.(4P).4s"	"b 3P"	"0"	"3d6.(3P2).4s.4p.(3P*)"	"x 5P*"	"1"	1	3		
"4991.867"	"4991.8660"	"3.9e+05"	E	"34039.516"	"54066.518"	"3d7.(4F).4p"	"y 5F*"	"4"	"3d7.(4F).4d"	"e 3G"	"4"	9	9		
"4992.785"	"4992.7857"	""		"34362.873"	"54386.186"	"3d6.(5D).4s.4p.(3P*)"	"z 3P*"	"1"	"3d7.(4F).4d"	"g 5F"	"1"	3	3		
"4993.6802"	"4993.6795"	"1.9e+06"	E	"33946.933"	"53966.662"	"3d6.(5D).4s.4p.(3P*)"	"z 3P*"	"2"	"3d7.(4F).4d"	"h 5D"	"2"	5	5		
"4993.7510"	"4993.7506"	""		"33765.306"	"53784.750"	"3d8"	"c 3F"	"2"	"3d7.(4F).5p"	"5D*"	"3"	5	7		
"4994.1292"	"4994.1290"	"3.18e+04"	A	"7376.764"	"27394.691"	"3d7.(4F).4s"	"a 5F"	"4"	"3d6.(5D).4s.4p.(3P*)"	"z 5F*"	"3"	9	7		
"4995.4094"	"4995.4075"	"7.3e+05"	E	"34362.873"	"54375.677"	"3d6.(5D).4s.4p.(3P*)"	"z 3P*"	"1"	"3d7.(4F).4d"	"f 5G"	"2"	3	5		
"4997.960"	"4997.9618"	""		"37157.566"	"57160.142"	"3d6.(5D).4s.4p.(1P*)"	"y 5P*"	"2"	"3d6.4s.(6D).5d"	"5P"	"3"	5	7		
"4999.1122"	"4999.1120"	"7.3e+05"	E	"33765.306"	"53763.280"	"3d8"	"c 3F"	"2"	"3d7.(2D2).4p"	"x 1F*"	"3"	5	7		
"5000.210"	"5000.2109"	""		"37409.555"	"57403.134"	"3d6.(5D).4s.4p.(1P*)"	"y 5P*"	"1"	"3d6.4s.(6D).5d"	"5P"	"2"	3	5		
"5001.8633"	"5001.8631"	"3.7e+07"	D+	"31307.245"	"51294.220"	"3d6.(5D).4s.4p.(3P*)"	"z 3F*"	"4"	"3d6.(5D).4s (4D).5s"	"e 3D"	"3"	9	7		
"5002.581"	"5002.5829"	""		"33765.306"	"53749.405"	"3d8"	"c 3F"	"2"	"3d6.(3G).4s.4p.(3P*)"	"3F*"	"2"	5	5		
"5002.581"	"5002.5860"	""		"38995.736"	"58979.823"	"3d7.(4F).4p"	"y 3D*"	"1"	"3d6.4s.(4D).4d"	"3D"	"2"	3	5		
"5002.7924"	"5002.7920"	"8.8e+05"	D	"27394.691"	"47377.955"	"3d6.(5D).4s.4p.(3P*)"	"z 5F*"	"3"	"3d7.(4F).5s"	"e 5F"	"4"	7	9		
"5004.0440"	"5004.0433"	"3.7e+06"	E	"33946.933"	"53925.200"	"3d6.(5D).4s.4p.(3P*)"	"z 3P*"	"2"	"3d7.(4F).4d"	"f 5P"	"1"	5	3		
"5004.341"	"5004.3399"	""		"26623.735"	"46600.818"	"3d7.(2D2).4s"	"a 3D"	"2"	"3d6.(3P2).4s.4p.(3P*)"	"z 3S*"	"1"	5	3		
"5005.7120"	"5005.7120"	""		"31322.613"	"51294.220"	"3d6.(5D).4s.4p.(3P*)"	"z 3D*"	"3"	"3d6.(5D).4s (4D).5s"	"e 3D"	"3"	7	7		
"5006.1188"	"5006.1184"	"5.87e+06"	B+	"22845.869"	"42815.855"	"3d6.(5D).4s.4p.(3P*)"	"z 7F*"	"5"	"3d6.(5D).4s (6D).5s"	"e 7D"	"5"	11	11		
"5007.2750"	"5007.2740"	""		"33095.941"	"53061.318"	"3d7.(4F).4p"	"y 5D*"	"4"	"3d7.(4F).4d"	"g 5F"	"5"	9	11		
"5008.639"	"5008.6415"	""		"36766.966"	"56726.892"	"3d6.(5D).4s.4p.(1P*)"	"y 5P*"	"3"	"3d6.4s.(6D).5d"	"5F"	"3"	7	7		
"5011.212"	"5011.2120"	""		"24335.766"	"44285.454"	"3d7.(2P).4s"	"c 3P"	"2"	"3d6.(3F2).4s.4p.(3P*)"	"w 5F*"	"2"	5	5		
"5012.0681"	"5012.0677"	"5.50e+04"	A	"6928.268"	"26874.550"	"3d7.(4F).4s"	"a 5F"	"5"	"3d6.(5D).4s.4p.(3P*)"	"z 5F*"	"5"	11	11		
"5012.1576"	"5012.1566"	""		"33801.572"	"53747.500"	"3d7.(4F).4p"	"y 5D*"	"2"	"3d7.(4F).4d"	"f 3D"	"3"	5	7		
"5012.6944"	"5012.6945"	"6.5e+05"	E	"34547.211"	"54490.999"	"3d7.(4F).4p"	"y 5F*"	"2"	"3d7.(4F).4d"	"e 5H"	"3"	5	7		
"5014.9421"	"5014.9422"	"2.64e+07"	C+	"31805.071"	"51739.920"	"3d6.(5D).4s.4p.(3P*)"	"z 3F*"	"3"	"3d6.(5D).4s (4D).5s"	"e 3D"	"2"	7	5		
"5016.4787"	"5016.4770"	""		"34328.752"	"54257.502"	"3d7.(4F).4p"	"y 5F*"	"3"	"3d7.(4F).4d"	"g 5F"	"2"	7	5		
"5019.7303"	"5019.7309"	""		"32133.991"	"52049.823"	"3d6.(5D).4s.4p.(3P*)"	"z 3F*"	"2"	"3d6.(5D).4s (4D).5s"	"g 5D"	"2"	5	5		
"5020.8166"	"5020.8167"	""		"28604.613"	"48516.138"	"3d7.(2D2).4s"	"a 1D"	"2"	"3d7.(4P).4p"	"x 3P*"	"1"	5	3		
"5021.591"	"5021.5895"	"6.18e+06"	D+	"34328.752"	"54237.213"	"3d7.(4F).4p"	"y 5F*"	"3"	"3d7.(4F).4d"	"e 5H"	"4"	7	9		
"5021.6832"	"5021.6813"	""		"34017.103"	"53925.200"	"3d7.(4F).4p"	"y 5D*"	"1"	"3d7.(4F).4d"	"f 5P"	"1"	3	3		
"5022.2352"	"5022.2353"	"2.4e+07"	D+	"32133.991"	"52039.892"	"3d6.(5D).4s.4p.(3P*)"	"z 3F*"	"2"	"3d6.(5D).4s (4D).5s"	"e 3D"	"1"	5	3		
"5022.789"	"5022.7891"	"1.87e+05"	C	"24118.819"	"44022.525"	"3d6.4s2"	"b 3G"	"4"	"3d6.(3F2).4s.4p.(3P*)"	"v 5D*"	"4"	9	9		
"5023.1863"	"5023.1854"	"2.3e+06"	E	"34547.211"	"54449.347"	"3d7.(4F).4p"	"y 5F*"	"2"	"3d7.(4F).4d"	"f 3D"	"1"	5	3		
"5023.4975"	"5023.4971"	"6.0e+05"	E	"34782.421"	"54683.322"	"3d7.(4F).4p"	"z 5G*"	"5"	"3d7.(4F).4d"	"f 3F"	"4"	11	9		
"5024.7933"	"5024.7919"	""		"33765.306"	"53661.079"	"3d8"	"c 3F"	"2"	"3d7.(4F).5p"	"5F*"	"3"	5	7		
"5025.084"	"5025.0808"	""		"34362.873"	"54257.502"	"3d6.(5D).4s.4p.(3P*)"	"z 3P*"	"1"	"3d7.(4F).4d"	"g 5F"	"2"	3	5		
"5025.3023"	"5025.3029"	""		"34555.597"	"54449.347"	"3d6.(5D).4s.4p.(3P*)"	"z 3P*"	"0"	"3d7.(4F).4d"	"f 3D"	"1"	1	3		
"5027.1227"	"5027.1223"	""		"33507.123"	"53393.673"	"3d7.(4F).4p"	"y 5D*"	"3"	"3d7.(4F).4d"	"g 5F"	"4"	7	9		
"5027.225"	"5027.2255"	"4.91e+05"	C	"29356.744"	"49242.886"	"3d6.4s2"	"b 3D"	"2"	"3d7.(2G).4p"	"w 3F*"	"3"	5	7		
"5027.3422"	"5027.3428"	""		"32133.991"	"52019.669"	"3d6.(5D).4s.4p.(3P*)"	"z 3F*"	"2"	"3d6.(5D).4s (6D).4d"	"e 5P"	"1"	5	3		
"5027.7563"	"5027.7564"	"2.2e+06"	E	"33946.933"	"53830.975"	"3d6.(5D).4s.4p.(3P*)"	"z 3P*"	"2"	"3d7.(4F).4d"	"g 5F"	"3"	5	7		
"5028.1260"	"5028.1259"	"2.21e+06"	B	"28819.954"	"48702.535"	"3d7.(2H).4s"	"a 1H"	"5"	"3d6.(3H).4s.4p.(3P*)"	"y 1G*"	"4"	11	9		
"5029.6173"	"5029.6176"	"5.3e+05"	D	"27543.003"	"47419.687"	"3d7.(2P).4s"	"a 1P"	"1"	"3d6.(3P2).4s.4p.(3P*)"	"1D*"	"2"	3	5		
"5030.7783"	"5030.7778"	"2.60e+04"	C+	"26105.908"	"45978.008"	"3d7.(2H).4s"	"b 3H"	"6"	"3d6.(3H).4s.4p.(3P*)"	"z 3I*"	"7"	13	15		
"5031.0360"	"5031.0376"	""		"29371.812"	"49242.886"	"3d6.4s2"	"b 3D"	"3"	"3d7.(2G).4p"	"w 3F*"	"3"	7	7		
"5031.914"	"5031.9138"	"8.4e+05"	E	"35257.324"	"55124.938"	"3d7.(4F).4p"	"z 5G*"	"4"	"3d7.(4F).4d"	"f 3F"	"3"	9	7		
"5035.6999"	""	""		""	""	""	""	""	""	""	""				
"5036.922"	"5036.9214"	"4.7e+04"	E	"24335.766"	"44183.628"	"3d7.(2P).4s"	"c 3P"	"2"	"3d6.(3P2).4s.4p.(3P*)"	"w 5D*"	"2"	5	5		
"5039.2516"	"5039.2512"	"6.38e+05"	B	"27166.820"	"47005.506"	"3d6.(5D).4s.4p.(3P*)"	"z 5F*"	"4"	"3d7.(4F).5s"	"e 5F"	"5"	9	11		
"5040.240"	"5040.2535"	""		"34039.516"	"53874.257"	"3d7.(4F).4p"	"y 5F*"	"4"	"3d7.(4F).4d"	"e 5H"	"5"	9	11		
"5040.8522"	"5040.8518"	""		"34328.752"	"54161.139"	"3d7.(4F).4p"	"y 5F*"	"3"	"3d7.(4F).4d"	"f 5G"	"3"	7	7		
"5040.9058"	"5040.9062"	""		"34547.211"	"54379.384"	"3d7.(4F).4p"	"y 5F*"	"2"	"3d7.(4F).4d"	"e 3G"	"3"	5	7		
"5041.0713"	"5041.0714"	"4.29e+04"	B	"7728.060"	"27559.583"	"3d7.(4F).4s"	"a 5F"	"3"	"3d6.(5D).4s.4p.(3P*)"	"z 5F*"	"2"	7	5		
"5041.3471"	"5041.3467"	""		"24335.766"	"44166.206"	"3d7.(2P).4s"	"c 3P"	"2"	"3d6.(3F2).4s.4p.(3P*)"	"v 5D*"	"3"	5	7		
"5041.4473"	"5041.4479"	""		"36686.176"	"56516.218"	"3d7.(4F).4p"	"y 3F*"	"4"	"3d7.(4F).6s"	"5F"	"4"	9	9		
"5041.7557"	"5041.7555"	"2.35e+05"	B	"11976.239"	"31805.071"	"3d7.(4F).4s"	"a 3F"	"4"	"3d6.(5D).4s.4p.(3P*)"	"z 3F*"	"3"	9	7		
"5041.8482"	"5041.8486"	""		"34547.211"	"54375.677"	"3d7.(4F).4p"	"y 5F*"	"2"	"3d7.(4F).4d"	"f 5G"	"2"	5	5		
"5044.2111"	"5044.2106"	"2.29e+05"	B	"22996.674"	"42815.855"	"3d6.(5D).4s.4p.(3P*)"	"z 7F*"	"4"	"3d6.(5D).4s (6D).5s"	"e 7D"	"5"	9	11		
"5046.363"	"5046.3637"	""		"40404.518"	"60215.243"	"3d6.(5D).4s.4p.(1P*)"	"x 5D*"	"1"	"3d6.4s.(4D).4d"	"3P"	"1"	3	3		
"5048.436"	"5048.4356"	"4.88e+06"	B	"31937.325"	"51739.920"	"3d6.(5D).4s.4p.(3P*)"	"z 3D*"	"1"	"3d6.(5D).4s (4D).5s"	"e 3D"	"2"	3	5		
"5049.8194"	"5049.8193"	"1.65e+06"	B	"18378.186"	"38175.355"	"3d6.4s2"	"a 3P2"	"2"	"3d7.(4F).4p"	"y 3D*"	"3"	5	7		
"5051.6342"	"5051.6343"	"4.65e+04"	A	"7376.764"	"27166.820"	"3d7.(4F).4s"	"a 5F"	"4"	"3d6.(5D).4s.4p.(3P*)"	"z 5F*"	"4"	9	9		
""	"5052.0951"	"8.2e-03"	E	"0.000"	"19788.251"	"3d6.4s2"	"a 5D"	"4"	"3d6.4s2"	"a 3H"	"4"	9	9	M1	
"5052.9811"	"5052.9814"	""		"26351.040"	"46135.820"	"3d7.(2H).4s"	"b 3H"	"5"	"3d6.(3H).4s.4p.(3P*)"	"z 3I*"	"5"	11	11		
"5054.6423"	"5054.6423"	"4.47e+05"	C+	"29356.744"	"49135.023"	"3d6.4s2"	"b 3D"	"2"	"3d6.(3F2).4s.4p.(3P*)"	"v 3D*"	"3"	5	7		
"5055.991"	"5055.9926"	"3.0e+05"	E	"34782.421"	"54555.418"	"3d7.(4F).4p"	"z 5G*"	"5"	"3d7.(4F).4d"	"e 3H"	"4"	11	9		
"5056.8408"	"5056.8414"	"1.0e+06"	E	"34362.873"	"54132.551"	"3d6.(5D).4s.4p.(3P*)"	"z 3P*"	"1"	"3d7.(4F).4d"	"h 5D"	"1"	3	3		
"5057.483"	"5057.4789"	""		"35611.625"	"55378.811"	"3d7.(4F).4p"	"z 5G*"	"3"	"3d7.(4F).4d"	"f 3F"	"2"	7	5		
"5057.483"	"5057.4807"	""		"33801.572"	"53568.751"	"3d7.(4F).4p"	"y 5D*"	"2"	"3d7.(4F).4d"	"f 5P"	"2"	5	5		
"5058.4971"	"5058.4962"	""		"29371.812"	"49135.023"	"3d6.4s2"	"b 3D"	"3"	"3d6.(3F2).4s.4p.(3P*)"	"v 3D*"	"3"	7	7		
"5060.0341"	"5060.0355"	""		"34692.148"	"54449.347"	"3d7.(4F).4p"	"y 5F*"	"1"	"3d7.(4F).4d"	"f 3D"	"1"	3	3		
"5060.0787"	"5060.0782"	"1.38e+02"	C+	"0.000"	"19757.032"	"3d6.4s2"	"a 5D"	"4"	"3d6.(5D).4s.4p.(3P*)"	"z 7D*"	"3"	9	7		
"5064.590"	"5064.5833"	""		"32873.632"	"52613.090"	"3d8"	"c 3F"	"4"	"3d7.(2H).4p"	"w 3H*"	"5"	9	11		
"5064.9524"	"5064.9520"	""		"34328.752"	"54066.773"	"3d7.(4F).4p"	"y 5F*"	"3"	"3d7.(4F).4d"	"f 3D"	"2"	7	5		
"5065.0181"	"5065.0174"	""		"34328.752"	"54066.518"	"3d7.(4F).4p"	"y 5F*"	"3"	"3d7.(4F).4d"	"e 3G"	"4"	7	9		
"5065.1924"	"5065.1925"	"8.86e+05"	D+	"29371.812"	"49108.896"	"3d6.4s2"	"b 3D"	"3"	"3d7.(2G).4p"	"w 3F*"	"4"	7	9		
"5067.1492"	"5067.1490"	""		"34039.516"	"53768.979"	"3d7.(4F).4p"	"y 5F*"	"4"	"3d7.(4F).4d"	"f 5G"	"4"	9	9		
"5068.7655"	"5068.7656"	"3.37e+06"	B+	"23711.456"	"43434.627"	"3d6.(5D).4s.4p.(3P*)"	"z 7P*"	"4"	"3d6.(5D).4s (6D).5s"	"e 7D"	"3"	9	7		
"5069.423"	"5069.4231"	""		"34636.792"	"54357.405"	"3d6.4s2"	"b 1D2"	"2"	"3d7.(4F).5p"	"3G*"	"3"	5	7		
"5071.511"	"5071.5103"	""		"36766.966"	"56479.463"	"3d6.(5D).4s.4p.(1P*)"	"y 5P*"	"3"	"3d6.4s.(6D).5d"	"5D"	"2"	7	5		
"5072.0780"	"5072.0779"	""		"34547.211"	"54257.502"	"3d7.(4F).4p"	"y 5F*"	"2"	"3d7.(4F).4d"	"g 5F"	"2"	5	5		
"5072.6718"	"5072.6716"	""		"34039.516"	"53747.500"	"3d7.(4F).4p"	"y 5F*"	"4"	"3d7.(4F).4d"	"f 3D"	"3"	9	7		
"5073.897"	"5073.8912"	""		"32133.991"	"51837.238"	"3d6.(5D).4s.4p.(3P*)"	"z 3F*"	"2"	"3d6.(5D).4s (6D).4d"	"e 5P"	"3"	5	7		
"5074.7480"	"5074.7476"	"1.4e+07"	D	"34039.516"	"53739.438"	"3d7.(4F).4p"	"y 5F*"	"4"	"3d7.(4F).4d"	"e 3G"	"5"	9	11		
"5076.2642"	"5076.2638"	""		"34692.148"	"54386.186"	"3d7.(4F).4p"	"y 5F*"	"1"	"3d7.(4F).4d"	"g 5F"	"1"	3	3		
"5078.9745"	"5078.9740"	""		"34692.148"	"54375.677"	"3d7.(4F).4p"	"y 5F*"	"1"	"3d7.(4F).4d"	"f 5G"	"2"	3	5		
"5079.2227"	"5079.2223"	"7.38e+05"	B	"17726.988"	"37409.555"	"3d7.(4P).4s"	"a 5P"	"2"	"3d6.(5D).4s.4p.(1P*)"	"y 5P*"	"1"	5	3		
"5079.7396"	"5079.7395"	"5.19e+04"	A	"7985.785"	"27666.348"	"3d7.(4F).4s"	"a 5F"	"2"	"3d6.(5D).4s.4p.(3P*)"	"z 5F*"	"1"	5	3		
"5080.3514"	"5080.3518"	""		"29798.936"	"49477.127"	"3d6.4s2"	"b 1G2"	"4"	"3d6.(3F2).4s.4p.(3P*)"	"1F*"	"3"	9	7		
"5080.7878"	"5080.7879"	""		"23783.619"	"43460.121"	"3d6.4s2"	"b 3G"	"5"	"3d6.(3H).4s.4p.(3P*)"	"z 5I*"	"5"	11	11		
"5080.9358"	"5080.9353"	"1.8e+04"	E	"26351.040"	"46026.971"	"3d7.(2H).4s"	"b 3H"	"5"	"3d6.(3H).4s.4p.(3P*)"	"z 3I*"	"6"	11	13		
"5083.3382"	"5083.3380"	"4.06e+04"	A	"7728.060"	"27394.691"	"3d7.(4F).4s"	"a 5F"	"3"	"3d6.(5D).4s.4p.(3P*)"	"z 5F*"	"3"	7	7		
"5084.545"	"5084.5441"	""		"29798.936"	"49460.902"	"3d6.4s2"	"b 1G2"	"4"	"3d7.(2G).4p"	"v 3G*"	"5"	9	11		
"5088.1528"	"5088.1526"	"5.1e+05"	D	"33507.123"	"53155.145"	"3d7.(4F).4p"	"y 5D*"	"3"	"3d7.(4F).4d"	"h 5D"	"4"	7	9		
"5090.7736"	"5090.7727"	"1.9e+07"	D	"34328.752"	"53966.662"	"3d7.(4F).4p"	"y 5F*"	"3"	"3d7.(4F).4d"	"h 5D"	"2"	7	5		
"5096.9977"	"5096.9972"	""		"34547.211"	"54161.139"	"3d7.(4F).4p"	"y 5F*"	"2"	"3d7.(4F).4d"	"f 5G"	"3"	5	7		
"5098.5719"	"5098.5723"	""		"31686.351"	"51294.220"	"3d6.(5D).4s.4p.(3P*)"	"z 3D*"	"2"	"3d6.(5D).4s (4D).5s"	"e 3D"	"3"	5	7		
"5098.6978"	"5098.6981"	"4.83e+05"	D+	"17550.181"	"37157.566"	"3d7.(4P).4s"	"a 5P"	"3"	"3d6.(5D).4s.4p.(1P*)"	"y 5P*"	"2"	7	5		
"5099.0770"	"5099.0768"	"2.79e+06"	B	"32133.991"	"51739.920"	"3d6.(5D).4s.4p.(3P*)"	"z 3F*"	"2"	"3d6.(5D).4s (4D).5s"	"e 3D"	"2"	5	5		
"5104.0298"	"5104.0302"	"5.7e+04"	E	"24335.766"	"43922.668"	"3d7.(2P).4s"	"c 3P"	"2"	"3d6.(3P2).4s.4p.(3P*)"	"w 5D*"	"3"	5	7		
"5104.1909"	"5104.1891"	"2.7e+05"	E	"33695.397"	"53281.689"	"3d7.(4F).4p"	"y 5F*"	"5"	"3d7.(4F).4d"	"f 5G"	"5"	11	11		
"5104.4372"	"5104.4372"	"1.8e+06"	E	"34547.211"	"54132.551"	"3d7.(4F).4p"	"y 5F*"	"2"	"3d7.(4F).4d"	"h 5D"	"1"	5	3		
"5107.4471"	"5107.4472"	"4.18e+04"	A	"7985.785"	"27559.583"	"3d7.(4F).4s"	"a 5F"	"2"	"3d6.(5D).4s.4p.(3P*)"	"z 5F*"	"2"	5	5		
"5107.6407"	"5107.6406"	"1.95e+05"	A	"12560.934"	"32133.991"	"3d7.(4F).4s"	"a 3F"	"3"	"3d6.(5D).4s.4p.(3P*)"	"z 3F*"	"2"	7	5		
"5108.403"	"5108.3967"	""		"36766.966"	"56337.126"	"3d6.(5D).4s.4p.(1P*)"	"y 5P*"	"3"	"3d6.4s.(6D).5d"	"5D"	"3"	7	7		
"5109.6517"	"5109.6515"	""		"34692.148"	"54257.502"	"3d7.(4F).4p"	"y 5F*"	"1"	"3d7.(4F).4d"	"g 5F"	"2"	3	5		
"5110.3585"	"5110.3580"	"9.99e+05"	B	"28819.954"	"48382.603"	"3d7.(2H).4s"	"a 1H"	"5"	"3d7.(2G).4p"	"z 1H*"	"5"	11	11		
"5110.4128"	"5110.4129"	"4.93e+03"	A	"0.000"	"19562.439"	"3d6.4s2"	"a 5D"	"4"	"3d6.(5D).4s.4p.(3P*)"	"z 7D*"	"4"	9	9		
""	"5111.7772"	"2.3e-02"	E	"7985.785"	"27543.003"	"3d7.(4F).4s"	"a 5F"	"2"	"3d7.(2P).4s"	"a 1P"	"1"	5	3	M1	
"5112.917"	"5112.9163"	""		"39969.853"	"59522.714"	"3d6.(5D).4s.4p.(1P*)"	"x 5D*"	"3"	"3d6.4s.(4D).4d"	"3F"	"3"	7	7		
"5115.7778"	"5115.7768"	"5.8e+04"	E	"28819.954"	"48361.882"	"3d7.(2H).4s"	"a 1H"	"5"	"3d6.(3G).4s.4p.(3P*)"	"y 5H*"	"4"	11	9		
"5121.6388"	"5121.6386"	"7.9e+06"	D	"34547.211"	"54066.773"	"3d7.(4F).4p"	"y 5F*"	"2"	"3d7.(4F).4d"	"f 3D"	"2"	5	5		
"5121.973"	"5121.9659"	""		"28604.613"	"48122.928"	"3d7.(2D2).4s"	"a 1D"	"2"	"3d6.(3G).4s.4p.(3P*)"	"v 5F*"	"3"	5	7		
"5123.280"	"5123.2788"	""		"35611.625"	"55124.938"	"3d7.(4F).4p"	"z 5G*"	"3"	"3d7.(4F).4d"	"f 3F"	"3"	7	7		
"5123.7196"	"5123.7197"	"7.24e+04"	A	"8154.714"	"27666.348"	"3d7.(4F).4s"	"a 5F"	"1"	"3d6.(5D).4s.4p.(3P*)"	"z 5F*"	"1"	3	3		
"5124.6195"	"5124.6187"	""		"26627.609"	"46135.820"	"3d7.(2H).4s"	"b 3H"	"4"	"3d6.(3H).4s.4p.(3P*)"	"z 3I*"	"5"	9	11		
"5125.1168"	"5125.1163"	""		"34039.516"	"53545.833"	"3d7.(4F).4p"	"y 5F*"	"4"	"3d7.(4F).4d"	"h 5D"	"3"	9	7		
"5125.834"	"5125.8361"	""		"33412.717"	"52916.295"	"3d8"	"c 3F"	"3"	"3d7.(2D2).4p"	"v 3P*"	"2"	7	5		
"5126.193"	"5126.1922"	"3.2e+06"	E	"34328.752"	"53830.975"	"3d7.(4F).4p"	"y 5F*"	"3"	"3d7.(4F).4d"	"g 5F"	"3"	7	7		
"5127.3590"	"5127.3588"	"1.14e+04"	A	"7376.764"	"26874.550"	"3d7.(4F).4s"	"a 5F"	"4"	"3d6.(5D).4s.4p.(3P*)"	"z 5F*"	"5"	9	11		
"5127.6793"	"5127.6807"	"3.80e+01"	A	"415.933"	"19912.495"	"3d6.4s2"	"a 5D"	"3"	"3d6.(5D).4s.4p.(3P*)"	"z 7D*"	"2"	7	5		
"5129.6305"	"5129.6311"	"5.5e+05"	E	"31805.071"	"51294.220"	"3d6.(5D).4s.4p.(3P*)"	"z 3F*"	"3"	"3d6.(5D).4s (4D).5s"	"e 3D"	"3"	7	7		
"5131.4684"	"5131.4679"	"2.58e+05"	D+	"17927.382"	"37409.555"	"3d7.(4P).4s"	"a 5P"	"1"	"3d6.(5D).4s.4p.(1P*)"	"y 5P*"	"1"	3	3		
"5133.6882"	"5133.6877"	""		"33695.397"	"53169.146"	"3d7.(4F).4p"	"y 5F*"	"5"	"3d7.(4F).4d"	"f 5G"	"6"	11	13		
"5136.093"	"5136.0915"	"6.8e+05"	E	"33765.306"	"53229.941"	"3d8"	"c 3F"	"2"	"3d7.(2D2).4p"	"v 3P*"	"1"	5	3		
"5137.3818"	"5137.3814"	"1.0e+07"	D	"33695.397"	"53155.145"	"3d7.(4F).4p"	"y 5F*"	"5"	"3d7.(4F).4d"	"h 5D"	"4"	11	9		
"5139.2511"	"5139.2504"	"9.16e+06"	B+	"24180.862"	"43633.533"	"3d6.(5D).4s.4p.(3P*)"	"z 7P*"	"3"	"3d6.(5D).4s (6D).5s"	"e 7D"	"2"	7	5		
"5139.4625"	"5139.4620"	"8.69e+06"	B+	"23711.456"	"43163.326"	"3d6.(5D).4s.4p.(3P*)"	"z 7P*"	"4"	"3d6.(5D).4s (6D).5s"	"e 7D"	"4"	9	9		
"5141.7387"	"5141.7385"	"4.86e+05"	D	"19552.478"	"38995.736"	"3d6.4s2"	"a 3P2"	"1"	"3d7.(4F).4p"	"y 3D*"	"1"	3	3		
"5142.4938"	"5142.4936"	""		"34692.148"	"54132.551"	"3d7.(4F).4p"	"y 5F*"	"1"	"3d7.(4F).4d"	"h 5D"	"1"	3	3		
"5142.5409"	"5142.5402"	""		"34328.752"	"53768.979"	"3d7.(4F).4p"	"y 5F*"	"3"	"3d7.(4F).4d"	"f 5G"	"4"	7	9		
"5142.9282"	"5142.9283"	"2.40e+04"	D+	"7728.060"	"27166.820"	"3d7.(4F).4s"	"a 5F"	"3"	"3d6.(5D).4s.4p.(3P*)"	"z 5F*"	"4"	7	9		
"5143.7234"	"5143.7226"	"7.3e+03"	E	"17726.988"	"37162.746"	"3d7.(4P).4s"	"a 5P"	"2"	"3d7.(4F).4p"	"y 3F*"	"3"	5	7		
"5145.0933"	"5145.0939"	"6.70e+04"	D+	"17726.988"	"37157.566"	"3d7.(4P).4s"	"a 5P"	"2"	"3d6.(5D).4s.4p.(1P*)"	"y 5P*"	"2"	5	5		
"5146.306"	"5146.3070"	"2.7e+05"	E	"35257.324"	"54683.322"	"3d7.(4F).4p"	"z 5G*"	"4"	"3d7.(4F).4d"	"f 3F"	"4"	9	9		
"5148.0425"	"5148.0420"	""		"34547.211"	"53966.662"	"3d7.(4F).4p"	"y 5F*"	"2"	"3d7.(4F).4d"	"h 5D"	"2"	5	5		
"5148.2288"	"5148.2284"	""		"34328.752"	"53747.500"	"3d7.(4F).4p"	"y 5F*"	"3"	"3d7.(4F).4d"	"f 3D"	"3"	7	7		
"5150.1968"	"5150.1968"	""		"28819.954"	"48231.280"	"3d7.(2H).4s"	"a 1H"	"5"	"3d6.(3G).4s.4p.(3P*)"	"y 5H*"	"5"	11	11		
"5150.8392"	"5150.8390"	"3.30e+04"	C	"7985.785"	"27394.691"	"3d7.(4F).4s"	"a 5F"	"2"	"3d6.(5D).4s.4p.(3P*)"	"z 5F*"	"3"	5	7		
"5151.911"	"5151.9106"	"2.39e+04"	A	"8154.714"	"27559.583"	"3d7.(4F).4s"	"a 5F"	"1"	"3d6.(5D).4s.4p.(3P*)"	"z 5F*"	"2"	3	5		
""	"5154.1003"	"4.43e+05"	C+	"31307.245"	"50703.870"	"3d6.(5D).4s.4p.(3P*)"	"z 3F*"	"4"	"3d6.(5D).4s (6D).4d"	"e 5G"	"5"	9	11		
""	"5156.3163"	"1.1e-02"	E	"8154.714"	"27543.003"	"3d7.(4F).4s"	"a 5F"	"1"	"3d7.(2P).4s"	"a 1P"	"1"	3	3	M1	
"5159.0573"	"5159.0571"	""		"34547.211"	"53925.200"	"3d7.(4F).4p"	"y 5F*"	"2"	"3d7.(4F).4d"	"f 5P"	"1"	5	3		
""	"5160.5674"	"1.5e-03"	E	"415.933"	"19788.251"	"3d6.4s2"	"a 5D"	"3"	"3d6.4s2"	"a 3H"	"4"	7	9	M1	
"5161.297"	"5161.2907"	""		"34555.597"	"53925.200"	"3d6.(5D).4s.4p.(3P*)"	"z 3P*"	"0"	"3d7.(4F).4d"	"f 5P"	"1"	1	3		
"5162.2725"	"5162.2721"	""		"33695.397"	"53061.318"	"3d7.(4F).4p"	"y 5F*"	"5"	"3d7.(4F).4d"	"g 5F"	"5"	11	11		
"5164.5503"	"5164.5514"	"1.6e+06"	E	"35767.564"	"55124.938"	"3d7.(4F).4p"	"z 3G*"	"4"	"3d7.(4F).4d"	"f 3F"	"3"	9	7		
"5164.9102"	"5164.9111"	""		"33412.717"	"52768.743"	"3d8"	"c 3F"	"3"	"3d7.(2H).4p"	"w 3H*"	"4"	7	9		
"5165.4103"	"5165.4099"	""		"34039.516"	"53393.673"	"3d7.(4F).4p"	"y 5F*"	"4"	"3d7.(4F).4d"	"g 5F"	"4"	9	9		
"5166.2819"	"5166.2817"	"1.45e+03"	A	"0.000"	"19350.891"	"3d6.4s2"	"a 5D"	"4"	"3d6.(5D).4s.4p.(3P*)"	"z 7D*"	"5"	9	11		
"5167.4881"	"5167.4879"	"2.72e+06"	B+	"11976.239"	"31322.613"	"3d7.(4F).4s"	"a 3F"	"4"	"3d6.(5D).4s.4p.(3P*)"	"z 3D*"	"3"	9	7		
"5167.711"	"5167.7177"	""		"27543.003"	"46888.517"	"3d7.(2P).4s"	"a 1P"	"1"	"3d7.(4P).4p"	"u 5D*"	"2"	3	5		
"5168.8978"	"5168.8973"	"3.83e+03"	A	"415.933"	"19757.032"	"3d6.4s2"	"a 5D"	"3"	"3d6.(5D).4s.4p.(3P*)"	"z 7D*"	"3"	7	7		
"5169.298"	"5169.2985"	""		"32873.632"	"52213.230"	"3d8"	"c 3F"	"4"	"3d7.(2D2).4p"	"t 3D*"	"3"	9	7		
"5171.314"	"5171.3165"	""		"39969.853"	"59301.904"	"3d6.(5D).4s.4p.(1P*)"	"x 5D*"	"3"	"3d6.4s.(4D).4d"	"3F"	"4"	7	9		
"5171.5960"	"5171.5961"	"4.46e+05"	A	"11976.239"	"31307.245"	"3d7.(4F).4s"	"a 3F"	"4"	"3d6.(5D).4s.4p.(3P*)"	"z 3F*"	"4"	9	9		
"5171.6728"	"5171.6718"	""		"29371.812"	"48702.535"	"3d6.4s2"	"b 3D"	"3"	"3d6.(3H).4s.4p.(3P*)"	"y 1G*"	"4"	7	9		
"5173.1249"	"5173.1236"	""		"23783.619"	"43108.917"	"3d6.4s2"	"b 3G"	"5"	"3d6.(3H).4s.4p.(3P*)"	"z 5H*"	"4"	11	9		
"5173.503"	"5173.5016"	""		"24118.819"	"43442.705"	"3d6.4s2"	"b 3G"	"4"	"3d6.(3H).4s.4p.(3P*)"	"z 5I*"	"4"	9	9		
"5177.2337"	"5177.2327"	"1.2e+05"	E	"29798.936"	"49108.896"	"3d6.4s2"	"b 1G2"	"4"	"3d7.(2G).4p"	"w 3F*"	"4"	9	9		
"5178.8002"	"5178.8006"	"4.2e+05"	E	"35379.208"	"54683.322"	"3d7.(4F).4p"	"z 3G*"	"5"	"3d7.(4F).4d"	"f 3F"	"4"	11	9		
"5182.223"	"5182.2196"	""		"40231.336"	"59522.714"	"3d6.(5D).4s.4p.(1P*)"	"x 5D*"	"2"	"3d6.4s.(4D).4d"	"3F"	"3"	5	7		
"5184.1757"	"5184.1763"	""		"34782.421"	"54066.518"	"3d7.(4F).4p"	"z 5G*"	"5"	"3d7.(4F).4d"	"e 3G"	"4"	11	9		
"5184.2657"	"5184.2658"	"3.8e+06"	D	"34547.211"	"53830.975"	"3d7.(4F).4p"	"y 5F*"	"2"	"3d7.(4F).4d"	"g 5F"	"3"	5	7		
"5185.7257"	"5185.7247"	""		"28819.954"	"48098.293"	"3d7.(2H).4s"	"a 1H"	"5"	"3d6.(3H).4s.4p.(3P*)"	"1I*"	"6"	11	13		
"5187.9138"	"5187.9142"	"2.11e+06"	C+	"33412.717"	"52682.920"	"3d8"	"c 3F"	"3"	"3d7.(2D2).4p"	"t 3D*"	"2"	7	5		
"5191.4546"	"5191.4542"	"2.32e+07"	B	"24506.917"	"43763.980"	"3d6.(5D).4s.4p.(3P*)"	"z 7P*"	"2"	"3d6.(5D).4s (6D).5s"	"e 7D"	"1"	5	3		
"5192.3439"	"5192.3434"	"1.34e+07"	B+	"24180.862"	"43434.627"	"3d6.(5D).4s.4p.(3P*)"	"z 7P*"	"3"	"3d6.(5D).4s (6D).5s"	"e 7D"	"3"	7	7		
"5194.9414"	"5194.9412"	"2.87e+05"	A	"12560.934"	"31805.071"	"3d7.(4F).4s"	"a 3F"	"3"	"3d6.(5D).4s.4p.(3P*)"	"z 3F*"	"3"	7	7		
"5195.4719"	"5195.4715"	""		"34039.516"	"53281.689"	"3d7.(4F).4p"	"y 5F*"	"4"	"3d7.(4F).4d"	"f 5G"	"5"	9	11		
"5196.0593"	"5196.0585"	""		"34328.752"	"53568.751"	"3d7.(4F).4p"	"y 5F*"	"3"	"3d7.(4F).4d"	"f 5P"	"2"	7	5		
"5197.9369"	"5197.9354"	"2.0e+06"	E	"34692.148"	"53925.200"	"3d7.(4F).4p"	"y 5F*"	"1"	"3d7.(4F).4d"	"f 5P"	"1"	3	3		
"5198.7108"	"5198.7106"	"3.62e+05"	B	"17927.382"	"37157.566"	"3d7.(4P).4s"	"a 5P"	"1"	"3d6.(5D).4s.4p.(1P*)"	"y 5P*"	"2"	3	5		
"5202.2561"	"5202.2553"	""		"34328.752"	"53545.833"	"3d7.(4F).4p"	"y 5F*"	"3"	"3d7.(4F).4d"	"h 5D"	"3"	7	7		
"5202.3357"	"5202.3355"	"5.11e+05"	B	"17550.181"	"36766.966"	"3d7.(4P).4s"	"a 5P"	"3"	"3d6.(5D).4s.4p.(1P*)"	"y 5P*"	"3"	7	7		
"5204.5823"	"5204.5826"	"2.29e+03"	A	"704.007"	"19912.495"	"3d6.4s2"	"a 5D"	"2"	"3d6.(5D).4s.4p.(3P*)"	"z 7D*"	"2"	5	5		
"5204.950"	"5204.9465"	""		"24118.819"	"43325.964"	"3d6.4s2"	"b 3G"	"4"	"3d6.(3H).4s.4p.(3P*)"	"z 5H*"	"3"	9	7		
"5207.9372"	"5207.9381"	"3.2e+05"	E	"29320.026"	"48516.138"	"3d6.4s2"	"b 3D"	"1"	"3d7.(4P).4p"	"x 3P*"	"1"	3	3		
"5208.5936"	"5208.5937"	"6.23e+06"	B	"26140.179"	"45333.875"	"3d6.(5D).4s.4p.(3P*)"	"z 5D*"	"3"	"3d6.(5D).4s (6D).5s"	"e 5D"	"2"	7	5		
"5209.8843"	"5209.8852"	""		"26105.908"	"45294.846"	"3d7.(2H).4s"	"b 3H"	"6"	"3d6.(3H).4s.4p.(3P*)"	"y 3G*"	"5"	13	11		
"5213.841"	"5213.8408"	""		"37162.746"	"56337.126"	"3d7.(4F).4p"	"y 3F*"	"3"	"3d6.4s.(6D).5d"	"5D"	"3"	7	7		
"5214.608"	"5214.6067"	""		"34636.792"	"53808.356"	"3d6.4s2"	"b 1D2"	"2"	"3d7.(2P).4p"	"x 3S*"	"1"	5	3		
"5215.1803"	"5215.1801"	"1.10e+07"	B	"26339.696"	"45509.152"	"3d6.(5D).4s.4p.(3P*)"	"z 5D*"	"2"	"3d6.(5D).4s (6D).5s"	"e 5D"	"1"	5	3		
"5216.2737"	"5216.2737"	"3.47e+05"	A	"12968.554"	"32133.991"	"3d7.(4F).4s"	"a 3F"	"2"	"3d6.(5D).4s.4p.(3P*)"	"z 3F*"	"2"	5	5		
"5217.3890"	"5217.3891"	"2.41e+06"	B	"25899.989"	"45061.329"	"3d6.(5D).4s.4p.(3P*)"	"z 5D*"	"4"	"3d6.(5D).4s (6D).5s"	"e 5D"	"3"	9	7		
"5217.9189"	"5217.9190"	"1.56e+06"	C+	"29356.744"	"48516.138"	"3d6.4s2"	"b 3D"	"2"	"3d7.(4P).4p"	"x 3P*"	"1"	5	3		
""	"5220.5648"	"5.7e-01"	E	"888.132"	"20037.816"	"3d6.4s2"	"a 5D"	"1"	"3d6.4s2"	"a 3P2"	"0"	3	1	M1	
"5221.0378"	"5221.0354"	""		"34636.792"	"53784.750"	"3d6.4s2"	"b 1D2"	"2"	"3d7.(4F).5p"	"5D*"	"3"	5	7		
"5221.763"	"5221.7597"	""		"26406.465"	"45551.767"	"3d7.(2D2).4s"	"a 3D"	"1"	"3d6.(3P2).4s.4p.(3P*)"	"x 3D*"	"1"	3	3		
"5223.1851"	"5223.1825"	"4.03e+06"	C+	"29320.026"	"48460.113"	"3d6.4s2"	"b 3D"	"1"	"3d7.(4P).4p"	"x 3P*"	"0"	3	1		
"5224.298"	"5224.2994"	"2.8e+03"	E	"17550.181"	"36686.176"	"3d7.(4P).4s"	"a 5P"	"3"	"3d7.(4F).4p"	"y 3F*"	"4"	7	9		
"5225.5257"	"5225.5261"	"1.32e+03"	A	"888.132"	"20019.635"	"3d6.4s2"	"a 5D"	"1"	"3d6.(5D).4s.4p.(3P*)"	"z 7D*"	"1"	3	3		
"5226.0658"	"5226.0631"	""		"27543.003"	"46672.540"	"3d7.(2P).4s"	"a 1P"	"1"	"3d6.(3P2).4s.4p.(3P*)"	"y 3P*"	"0"	3	1		
"5226.8620"	"5226.8612"	"1.36e+07"	B	"24506.917"	"43633.533"	"3d6.(5D).4s.4p.(3P*)"	"z 7P*"	"2"	"3d6.(5D).4s (6D).5s"	"e 7D"	"2"	5	5		
"5227.1503"	"5227.1496"	""		"19552.478"	"38678.039"	"3d6.4s2"	"a 3P2"	"1"	"3d7.(4F).4p"	"y 3D*"	"2"	3	5		
"5227.1891"	"5227.1889"	"2.89e+06"	B+	"12560.934"	"31686.351"	"3d7.(4F).4s"	"a 3F"	"3"	"3d6.(5D).4s.4p.(3P*)"	"z 3D*"	"2"	7	5		
"5228.3764"	"5228.3754"	"1.9e+06"	E	"34039.516"	"53160.593"	"3d7.(4F).4p"	"y 5F*"	"4"	"3d7.(4F).4d"	"f 5P"	"3"	9	7		
"5229.8482"	"5229.8447"	""		"26479.381"	"45595.086"	"3d6.(5D).4s.4p.(3P*)"	"z 5D*"	"1"	"3d6.(5D).4s (6D).5s"	"e 5D"	"0"	3	1		
"5229.8739"	"5229.8655"	""		"34039.516"	"53155.145"	"3d7.(4F).4p"	"y 5F*"	"4"	"3d7.(4F).4d"	"h 5D"	"4"	9	9		
"5231.388"	"5231.3942"	""		"28819.954"	"47929.997"	"3d7.(2H).4s"	"a 1H"	"5"	"3d6.(3G).4s.4p.(3P*)"	"v 5F*"	"4"	11	9		
"5232.9400"	"5232.9398"	"1.94e+07"	B+	"23711.456"	"42815.855"	"3d6.(5D).4s.4p.(3P*)"	"z 7P*"	"4"	"3d6.(5D).4s (6D).5s"	"e 7D"	"5"	9	11		
"5235.3864"	"5235.3870"	"3.75e+06"	D+	"32873.632"	"51969.101"	"3d8"	"c 3F"	"4"	"3d7.(2P).4p"	"u 3D*"	"3"	9	7		
"5236.2038"	"5236.2017"	"2.58e+06"	C	"33765.306"	"52857.804"	"3d8"	"c 3F"	"2"	"3d7.(2D2).4p"	"t 3D*"	"1"	5	3		
"5240.355"	"5240.3561"	""		"26351.040"	"45428.402"	"3d7.(2H).4s"	"b 3H"	"5"	"3d6.(3H).4s.4p.(3P*)"	"y 3G*"	"4"	11	9		
"5242.4907"	"5242.4905"	"2.38e+06"	B	"29313.008"	"48382.603"	"3d6.4s2"	"a 1I"	"6"	"3d7.(2G).4p"	"z 1H*"	"5"	13	11		
"5243.7766"	"5243.7758"	"2.0e+06"	D	"34328.752"	"53393.673"	"3d7.(4F).4p"	"y 5F*"	"3"	"3d7.(4F).4d"	"g 5F"	"4"	7	9		
"5247.0501"	"5247.0499"	"3.92e+02"	A	"704.007"	"19757.032"	"3d6.4s2"	"a 5D"	"2"	"3d6.(5D).4s.4p.(3P*)"	"z 7D*"	"3"	5	7		
"5249.1051"	"5249.1049"	"1.2e+06"	E	"36079.372"	"55124.938"	"3d7.(4F).4p"	"z 3G*"	"3"	"3d7.(4F).4d"	"f 3F"	"3"	7	7		
"5250.2086"	"5250.2089"	"9.30e+02"	A	"978.074"	"20019.635"	"3d6.4s2"	"a 5D"	"0"	"3d6.(5D).4s.4p.(3P*)"	"z 7D*"	"1"	1	3		
"5250.6456"	"5250.6454"	"2.28e+05"	D+	"17726.988"	"36766.966"	"3d7.(4P).4s"	"a 5P"	"2"	"3d6.(5D).4s.4p.(1P*)"	"y 5P*"	"3"	5	7		
"5251.9655"	"5251.9664"	""		"28819.954"	"47855.143"	"3d7.(2H).4s"	"a 1H"	"5"	"3d6.(3G).4s.4p.(3P*)"	"y 5H*"	"6"	11	13		
"5253.4614"	"5253.4617"	"2.15e+06"	B	"26479.381"	"45509.152"	"3d6.(5D).4s.4p.(3P*)"	"z 5D*"	"1"	"3d6.(5D).4s (6D).5s"	"e 5D"	"1"	3	3		
"5254.9551"	"5254.9552"	"8.31e+02"	A	"888.132"	"19912.495"	"3d6.4s2"	"a 5D"	"1"	"3d6.(5D).4s.4p.(3P*)"	"z 7D*"	"2"	3	5		
"5255.6651"	"5255.6627"	""		"34039.516"	"53061.318"	"3d7.(4F).4p"	"y 5F*"	"4"	"3d7.(4F).4d"	"g 5F"	"5"	9	11		
"5255.7353"	"5255.7351"	""		"34547.211"	"53568.751"	"3d7.(4F).4p"	"y 5F*"	"2"	"3d7.(4F).4d"	"f 5P"	"2"	5	5		
"5257.6549"	"5257.6544"	""		"28819.954"	"47834.550"	"3d7.(2H).4s"	"a 1H"	"5"	"3d6.(3F2).4s.4p.(3P*)"	"x 3G*"	"5"	11	11		
"5262.8806"	"5262.8812"	"8.7e+04"	E	"26224.969"	"45220.681"	"3d7.(2D2).4s"	"a 3D"	"3"	"3d6.(3P2).4s.4p.(3P*)"	"x 3D*"	"3"	7	7		
"5263.3059"	"5263.3060"	"6.36e+06"	B	"26339.696"	"45333.875"	"3d6.(5D).4s.4p.(3P*)"	"z 5D*"	"2"	"3d6.(5D).4s (6D).5s"	"e 5D"	"2"	5	5		
"5263.8646"	"5263.8644"	"1.96e+05"	C	"28819.954"	"47812.118"	"3d7.(2H).4s"	"a 1H"	"5"	"3d6.(3F2).4s.4p.(3P*)"	"x 3G*"	"4"	11	9		
"5265.2436"	"5265.2414"	""		"24338.767"	"43325.964"	"3d6.4s2"	"b 3G"	"3"	"3d6.(3H).4s.4p.(3P*)"	"z 5H*"	"3"	7	7		
"5266.5550"	"5266.5543"	"1.10e+07"	B	"24180.862"	"43163.326"	"3d6.(5D).4s.4p.(3P*)"	"z 7P*"	"3"	"3d6.(5D).4s (6D).5s"	"e 7D"	"4"	7	9		
"5267.270"	"5267.2688"	"6.77e+05"	C+	"35257.324"	"54237.213"	"3d7.(4F).4p"	"z 5G*"	"4"	"3d7.(4F).4d"	"e 5H"	"4"	9	9		
"5269.060"	"5269.0691"	""		"40842.154"	"59815.558"	"3d6.(5D).4s.4p.(1P*)"	"x 5F*"	"3"	"3d6.4s.(4D).4d"	"3F"	"2"	7	5		
"5269.5370"	"5269.5366"	"1.27e+06"	A	"6928.268"	"25899.989"	"3d7.(4F).4s"	"a 5F"	"5"	"3d6.(5D).4s.4p.(3P*)"	"z 5D*"	"4"	11	9		
"5270.3560"	"5270.3561"	"3.67e+06"	B+	"12968.554"	"31937.325"	"3d7.(4F).4s"	"a 3F"	"2"	"3d6.(5D).4s.4p.(3P*)"	"z 3D*"	"1"	5	3		
"5273.1632"	"5273.1633"	"8.12e+06"	B	"26550.479"	"45509.152"	"3d6.(5D).4s.4p.(3P*)"	"z 5D*"	"0"	"3d6.(5D).4s (6D).5s"	"e 5D"	"1"	1	3		
"5273.3732"	"5273.3727"	"5.55e+05"	D	"20037.816"	"38995.736"	"3d6.4s2"	"a 3P2"	"0"	"3d7.(4F).4p"	"y 3D*"	"1"	1	3		
"5274.981"	"5274.9807"	""		"32873.632"	"51825.773"	"3d8"	"c 3F"	"4"	"3d7.(2H).4p"	"u 3G*"	"3"	9	7		
"5278.580"	"5278.5743"	""		"26623.735"	"45562.974"	"3d7.(2D2).4s"	"a 3D"	"2"	"3d6.(3H).4s.4p.(3P*)"	"y 3G*"	"3"	5	7		
"5280.3616"	"5280.3609"	"7.27e+05"	C+	"29371.812"	"48304.643"	"3d6.4s2"	"b 3D"	"3"	"3d7.(4P).4p"	"x 3P*"	"2"	7	5		
"5281.630"	"5281.6299"	""		"40594.432"	"59522.714"	"3d6.(5D).4s.4p.(1P*)"	"x 5F*"	"4"	"3d6.4s.(4D).4d"	"3F"	"3"	9	7		
"5281.7900"	"5281.7895"	"5.00e+06"	B	"24506.917"	"43434.627"	"3d6.(5D).4s.4p.(3P*)"	"z 7P*"	"2"	"3d6.(5D).4s (6D).5s"	"e 7D"	"3"	5	7		
"5283.6207"	"5283.6207"	"1.02e+07"	B	"26140.179"	"45061.329"	"3d6.(5D).4s.4p.(3P*)"	"z 5D*"	"3"	"3d6.(5D).4s (6D).5s"	"e 5D"	"3"	7	7		
"5284.4245"	"5284.4245"	"8.29e+04"	C+	"29313.008"	"48231.280"	"3d6.4s2"	"a 1I"	"6"	"3d6.(3G).4s.4p.(3P*)"	"y 5H*"	"5"	13	11		
"5284.6083"	"5284.6084"	""		"33765.306"	"52682.920"	"3d8"	"c 3F"	"2"	"3d7.(2D2).4p"	"t 3D*"	"2"	5	5		
"5285.1282"	"5285.1269"	"6.4e+05"	E	"35767.564"	"54683.322"	"3d7.(4F).4p"	"z 3G*"	"4"	"3d7.(4F).4d"	"f 3F"	"4"	9	9		
"5288.5243"	"5288.5264"	"8.22e+05"	B	"29798.936"	"48702.535"	"3d6.4s2"	"b 1G2"	"4"	"3d6.(3H).4s.4p.(3P*)"	"y 1G*"	"4"	9	9		
""	"5290.7442"	"2.2e-01"	E	"7728.060"	"26623.735"	"3d7.(4F).4s"	"a 5F"	"3"	"3d7.(2D2).4s"	"a 3D"	"2"	7	5	M1	
"5293.029"	"5293.0319"	"1.0e+05"	E	"35379.208"	"54266.716"	"3d7.(4F).4p"	"z 3G*"	"5"	"3d7.(4F).4d"	"e 3H"	"5"	11	11		
"5293.9585"	"5293.9583"	"6.9e+05"	E	"33412.717"	"52296.920"	"3d8"	"c 3F"	"3"	"3d7.(2P).4p"	"u 3D*"	"2"	7	5		
"5294.5478"	"5294.5471"	"7.3e+04"	E	"29356.744"	"48238.847"	"3d6.4s2"	"b 3D"	"2"	"3d6.(3G).4s.4p.(3P*)"	"v 5F*"	"2"	5	5		
"5295.3118"	"5295.3124"	"7.3e+05"	E	"35611.625"	"54490.999"	"3d7.(4F).4p"	"z 5G*"	"3"	"3d7.(4F).4d"	"e 5H"	"3"	7	7		
"5298.7755"	"5298.7756"	"4.58e+05"	C+	"29371.812"	"48238.847"	"3d6.4s2"	"b 3D"	"3"	"3d6.(3G).4s.4p.(3P*)"	"v 5F*"	"2"	7	5		
"5298.949"	"5298.9452"	""		"39625.804"	"58492.235"	"3d6.(5D).4s.4p.(1P*)"	"x 5D*"	"4"	"3d6.4s.(4D).4d"	"3G"	"5"	9	11		
"5302.299"	"5302.3001"	"9.04e+06"	B	"26479.381"	"45333.875"	"3d6.(5D).4s.4p.(3P*)"	"z 5D*"	"1"	"3d6.(5D).4s (6D).5s"	"e 5D"	"2"	3	5		
""	"5303.9944"	"4.6e-01"	E	"704.007"	"19552.478"	"3d6.4s2"	"a 5D"	"2"	"3d6.4s2"	"a 3P2"	"1"	5	3	M1	
""	"5304.0693"	"1.8e-01"	E	"7376.764"	"26224.969"	"3d7.(4F).4s"	"a 5F"	"4"	"3d7.(2D2).4s"	"a 3D"	"3"	9	7	M1	
"5304.761"	"5304.7608"	""		"40231.336"	"59077.084"	"3d6.(5D).4s.4p.(1P*)"	"x 5D*"	"2"	""	"59077e"	"1"	5	3		
"5305.4223"	"5305.4162"	""		"29320.026"	"48163.446"	"3d6.4s2"	"b 3D"	"1"	"3d5.(6S).4s2.4p"	"v 5P*"	"2"	3	5		
"5307.3607"	"5307.3605"	"3.48e+04"	A	"12968.554"	"31805.071"	"3d7.(4F).4s"	"a 3F"	"2"	"3d6.(5D).4s.4p.(3P*)"	"z 3F*"	"3"	5	7		
"5314.0246"	"5314.0198"	""		"42911.917"	"61724.829"	"3d6.(3H).4s.4p.(3P*)"	"y 5G*"	"5"	""	"61724e"	"4"	11	9		
"5315.771"	"5315.7745"	""		"29356.744"	"48163.446"	"3d6.4s2"	"b 3D"	"2"	"3d5.(6S).4s2.4p"	"v 5P*"	"2"	5	5		
"5320.035"	"5320.0370"	"1.5e+05"	D	"29371.812"	"48163.446"	"3d6.4s2"	"b 3D"	"3"	"3d5.(6S).4s2.4p"	"v 5P*"	"2"	7	5		
"5321.1076"	"5321.1074"	"2.13e+06"	C	"35767.564"	"54555.418"	"3d7.(4F).4p"	"z 3G*"	"4"	"3d7.(4F).4d"	"e 3H"	"4"	9	9		
"5321.8342"	"5321.8351"	""		"29313.008"	"48098.293"	"3d6.4s2"	"a 1I"	"6"	"3d6.(3H).4s.4p.(3P*)"	"1I*"	"6"	13	13		
"5322.0404"	"5322.0405"	"5.29e+04"	C	"18378.186"	"37162.746"	"3d6.4s2"	"a 3P2"	"2"	"3d7.(4F).4p"	"y 3F*"	"3"	5	7		
"5324.1787"	"5324.1785"	"2.06e+07"	B	"25899.989"	"44677.006"	"3d6.(5D).4s.4p.(3P*)"	"z 5D*"	"4"	"3d6.(5D).4s (6D).5s"	"e 5D"	"4"	9	9		
"5326.1424"	"5326.1422"	"2.22e+05"	B	"28819.954"	"47590.048"	"3d7.(2H).4s"	"a 1H"	"5"	"3d6.(3G).4s.4p.(3P*)"	"w 5G*"	"4"	11	9		
"5328.0383"	"5328.0381"	"1.15e+06"	A	"7376.764"	"26140.179"	"3d7.(4F).4s"	"a 5F"	"4"	"3d6.(5D).4s.4p.(3P*)"	"z 5D*"	"3"	9	7		
"5328.5313"	"5328.5311"	"4.74e+05"	B	"12560.934"	"31322.613"	"3d7.(4F).4s"	"a 3F"	"3"	"3d6.(5D).4s.4p.(3P*)"	"z 3D*"	"3"	7	7		
"5329.9887"	"5329.9894"	"1.29e+06"	C+	"32873.632"	"51630.178"	"3d8"	"c 3F"	"4"	"3d6.(3H).4s.4p.(3P*)"	"1H*"	"5"	9	11		
"5332.6598"	"5332.6605"	"6.8e+05"	E	"33765.306"	"52512.457"	"3d8"	"c 3F"	"2"	"3d7.(2P).4p"	"u 3D*"	"1"	5	3		
"5332.8994"	"5332.8994"	"4.36e+04"	B	"12560.934"	"31307.245"	"3d7.(4F).4s"	"a 3F"	"3"	"3d6.(5D).4s.4p.(3P*)"	"z 3F*"	"4"	7	9		
"5339.9290"	"5339.9291"	"6.36e+06"	C+	"26339.696"	"45061.329"	"3d6.(5D).4s.4p.(3P*)"	"z 5D*"	"2"	"3d6.(5D).4s (6D).5s"	"e 5D"	"3"	5	7		
"5341.0237"	"5341.0235"	"5.21e+05"	B	"12968.554"	"31686.351"	"3d7.(4F).4s"	"a 3F"	"2"	"3d6.(5D).4s.4p.(3P*)"	"z 3D*"	"2"	5	5		
"5349.7373"	"5349.7371"	"1.4e+06"	D	"35379.208"	"54066.518"	"3d7.(4F).4p"	"z 3G*"	"5"	"3d7.(4F).4d"	"e 3G"	"4"	11	9		
"5353.3732"	"5353.3736"	""		"33095.941"	"51770.557"	"3d7.(4F).4p"	"y 5D*"	"4"	"3d6.(5D).4s (4D).5s"	"g 5D"	"3"	9	7		
""	"5356.3193"	"1.0e-03"	E	"888.132"	"19552.478"	"3d6.4s2"	"a 5D"	"1"	"3d6.4s2"	"a 3P2"	"1"	3	3	E2	
"5358.114"	"5358.1130"	""		"26623.735"	"45281.833"	"3d7.(2D2).4s"	"a 3D"	"2"	"3d6.(3P2).4s.4p.(3P*)"	"x 3D*"	"2"	5	5		
"5361.6248"	"5361.6249"	"1.8e+06"	E	"35611.625"	"54257.502"	"3d7.(4F).4p"	"z 5G*"	"3"	"3d7.(4F).4d"	"g 5F"	"2"	7	5		
""	"5363.9053"	"2.0e-02"	E	"7985.785"	"26623.735"	"3d7.(4F).4s"	"a 5F"	"2"	"3d7.(2D2).4s"	"a 3D"	"2"	5	5	M1	
"5364.8709"	"5364.8704"	"5.59e+07"	C+	"35856.402"	"54490.999"	"3d7.(4F).4p"	"z 5G*"	"2"	"3d7.(4F).4d"	"e 5H"	"3"	5	7		
"5365.3987"	"5365.3985"	"2.46e+06"	B	"28819.954"	"47452.717"	"3d7.(2H).4s"	"a 1H"	"5"	"3d7.(2G).4p"	"z 1G*"	"4"	11	9		
"5367.466"	"5367.4654"	"7.13e+07"	B	"35611.625"	"54237.213"	"3d7.(4F).4p"	"z 5G*"	"3"	"3d7.(4F).4d"	"e 5H"	"4"	7	9		
"5369.9615"	"5369.9607"	"7.22e+07"	B+	"35257.324"	"53874.257"	"3d7.(4F).4p"	"z 5G*"	"4"	"3d7.(4F).4d"	"e 5H"	"5"	9	11		
"5371.4893"	"5371.4891"	"1.05e+06"	A	"7728.060"	"26339.696"	"3d7.(4F).4s"	"a 5F"	"3"	"3d6.(5D).4s.4p.(3P*)"	"z 5D*"	"2"	7	5		
"5373.7082"	"5373.7083"	"3.7e+06"	D	"36079.372"	"54683.322"	"3d7.(4F).4p"	"z 3G*"	"3"	"3d7.(4F).4d"	"f 3F"	"4"	7	9		
"5376.729"	"5376.7259"	""		"40231.336"	"58824.845"	"3d6.(5D).4s.4p.(1P*)"	"x 5D*"	"2"	"3d6.(5D).4s (4D).4d"	"g 5G"	"2"	5	5		
"5376.833"	"5376.8300"	"4.0e+05"	E	"34636.792"	"53229.941"	"3d6.4s2"	"b 1D2"	"2"	"3d7.(2D2).4p"	"v 3P*"	"1"	5	3		
"5378.511"	"5378.5098"	""		"43137.487"	"61724.829"	"3d6.(3H).4s.4p.(3P*)"	"y 5G*"	"3"	""	"61724e"	"4"	7	9		
"5379.5737"	"5379.5734"	"6.41e+05"	B	"29798.936"	"48382.603"	"3d6.4s2"	"b 1G2"	"4"	"3d7.(2G).4p"	"z 1H*"	"5"	9	11		
""	"5382.2562"	"7.9e-02"	E	"978.074"	"19552.478"	"3d6.4s2"	"a 5D"	"0"	"3d6.4s2"	"a 3P2"	"1"	1	3	M1	
"5383.3688"	"5383.3680"	"7.81e+07"	B+	"34782.421"	"53352.989"	"3d7.(4F).4p"	"z 5G*"	"5"	"3d7.(4F).4d"	"e 5H"	"6"	11	13		
"5385.575"	"5385.5785"	"3.1e+04"	E	"29798.936"	"48361.882"	"3d6.4s2"	"b 1G2"	"4"	"3d6.(3G).4s.4p.(3P*)"	"y 5H*"	"4"	9	9		
"5386.3337"	"5386.3329"	"8.4e+05"	E	"33507.123"	"52067.469"	"3d7.(4F).4p"	"y 5D*"	"3"	"3d6.(5D).4s (6D).4d"	"e 5P"	"2"	7	5		
"5386.959"	"5386.9601"	""		"29371.812"	"47929.997"	"3d6.4s2"	"b 3D"	"3"	"3d6.(3G).4s.4p.(3P*)"	"v 5F*"	"4"	7	9		
"5387.480"	"5387.4830"	"3.03e+05"	C+	"33412.717"	"51969.101"	"3d8"	"c 3F"	"3"	"3d7.(2P).4p"	"u 3D*"	"3"	7	7		
"5389.4788"	"5389.4783"	""		"35611.625"	"54161.139"	"3d7.(4F).4p"	"z 5G*"	"3"	"3d7.(4F).4d"	"f 5G"	"3"	7	7		
"5391.246"	"5391.2489"	""		"28819.954"	"47363.376"	"3d7.(2H).4s"	"a 1H"	"5"	"3d6.(3G).4s.4p.(3P*)"	"w 5G*"	"6"	11	13		
"5391.4582"	"5391.4588"	""		"33507.123"	"52049.823"	"3d7.(4F).4p"	"y 5D*"	"3"	"3d6.(5D).4s (4D).5s"	"g 5D"	"2"	7	5		
"5391.6222"	"5391.6231"	""		"29313.008"	"47855.143"	"3d6.4s2"	"a 1I"	"6"	"3d6.(3G).4s.4p.(3P*)"	"y 5H*"	"6"	13	13		
"5393.1673"	"5393.1670"	"4.91e+06"	B	"26140.179"	"44677.006"	"3d6.(5D).4s.4p.(3P*)"	"z 5D*"	"3"	"3d6.(5D).4s (6D).5s"	"e 5D"	"4"	7	9		
"5395.218"	"5395.2169"	"5.4e+05"	E	"35856.402"	"54386.186"	"3d7.(4F).4p"	"z 5G*"	"2"	"3d7.(4F).4d"	"g 5F"	"1"	5	3		
"5397.1276"	"5397.1274"	"2.58e+05"	A	"7376.764"	"25899.989"	"3d7.(4F).4s"	"a 5F"	"4"	"3d6.(5D).4s.4p.(3P*)"	"z 5D*"	"4"	9	9		
"5397.2019"	"5397.1982"	""		"35856.402"	"54379.384"	"3d7.(4F).4p"	"z 5G*"	"2"	"3d7.(4F).4d"	"e 3G"	"3"	5	7		
"5397.6175"	"5397.6178"	""		"29313.008"	"47834.550"	"3d6.4s2"	"a 1I"	"6"	"3d6.(3F2).4s.4p.(3P*)"	"x 3G*"	"5"	13	11		
"5398.2791"	"5398.2786"	"9.0e+06"	E	"35856.402"	"54375.677"	"3d7.(4F).4p"	"z 5G*"	"2"	"3d7.(4F).4d"	"f 5G"	"2"	5	5		
"5398.815"	"5398.8121"	""		"40404.518"	"58921.963"	"3d6.(5D).4s.4p.(1P*)"	"x 5D*"	"1"	"3d6.4s.(4D).4d"	"5S"	"2"	3	5		
"5400.5018"	"5400.5007"	""		"35257.324"	"53768.979"	"3d7.(4F).4p"	"z 5G*"	"4"	"3d7.(4F).4d"	"f 5G"	"4"	9	9		
"5400.6555"	"5400.6547"	""		"29320.026"	"47831.153"	"3d6.4s2"	"b 3D"	"1"	"3d6.(3G).4s.4p.(3P*)"	"w 5G*"	"2"	3	5		
"5401.2686"	"5401.2660"	"2.2e+05"	E	"34843.957"	"53352.989"	"3d7.(4F).4p"	"z 5G*"	"6"	"3d7.(4F).4d"	"e 5H"	"6"	13	13		
"5403.8212"	"5403.8218"	"1.92e+06"	C+	"32873.632"	"51373.910"	"3d8"	"c 3F"	"4"	"3d7.(2H).4p"	"u 3G*"	"5"	9	11		
"5404.1168"	"5404.1169"	""		"34782.421"	"53281.689"	"3d7.(4F).4p"	"z 5G*"	"5"	"3d7.(4F).4d"	"f 5G"	"5"	11	11		
"5404.1513"	"5404.1508"	"6.92e+07"	B+	"35767.564"	"54266.716"	"3d7.(4F).4p"	"z 3G*"	"4"	"3d7.(4F).4d"	"e 3H"	"5"	9	11		
"5405.3496"	"5405.3497"	"8.45e+05"	C	"35379.208"	"53874.257"	"3d7.(4F).4p"	"z 3G*"	"5"	"3d7.(4F).4d"	"e 5H"	"5"	11	11		
"5405.7749"	"5405.7743"	"1.09e+06"	A	"7985.785"	"26479.381"	"3d7.(4F).4s"	"a 5F"	"2"	"3d6.(5D).4s.4p.(3P*)"	"z 5D*"	"1"	5	3		
"5406.7747"	"5406.7742"	""		"35257.324"	"53747.500"	"3d7.(4F).4p"	"z 5G*"	"4"	"3d7.(4F).4d"	"f 3D"	"3"	9	7		
"5407.375"	"5407.3816"	""		"28604.613"	"47092.712"	"3d7.(2D2).4s"	"a 1D"	"2"	"3d6.(3F2).4s.4p.(3P*)"	"x 3F*"	"3"	5	7		
"5409.1332"	"5409.1327"	"1.1e+06"	D	"35257.324"	"53739.438"	"3d7.(4F).4p"	"z 5G*"	"4"	"3d7.(4F).4d"	"e 3G"	"5"	9	11		
"5410.9095"	"5410.9092"	"6.33e+07"	B+	"36079.372"	"54555.418"	"3d7.(4F).4p"	"z 3G*"	"3"	"3d7.(4F).4d"	"e 3H"	"4"	7	9		
"5412.785"	"5412.7833"	"4.86e+05"	B	"35767.564"	"54237.213"	"3d7.(4F).4p"	"z 3G*"	"4"	"3d7.(4F).4d"	"e 5H"	"4"	9	9		
""	"5412.9674"	"2.2e-02"	E	"8154.714"	"26623.735"	"3d7.(4F).4s"	"a 5F"	"1"	"3d7.(2D2).4s"	"a 3D"	"2"	3	5	M1	
"5415.1989"	"5415.1984"	"7.67e+07"	B+	"35379.208"	"53840.620"	"3d7.(4F).4p"	"z 3G*"	"5"	"3d7.(4F).4d"	"e 3H"	"6"	11	13		
"5417.0328"	"5417.0364"	"1.0e+06"	E	"35611.625"	"54066.773"	"3d7.(4F).4p"	"z 5G*"	"3"	"3d7.(4F).4d"	"f 3D"	"2"	7	5		
"5423.738"	"5423.7383"	""		"29798.936"	"48231.280"	"3d6.4s2"	"b 1G2"	"4"	"3d6.(3G).4s.4p.(3P*)"	"y 5H*"	"5"	9	11		
"5424.0678"	"5424.0673"	""		"34843.957"	"53275.183"	"3d7.(4F).4p"	"z 5G*"	"6"	"3d7.(4F).4d"	"e 5H"	"7"	13	15		
""	"5427.1727"	"1.7e-01"	E	"7985.785"	"26406.465"	"3d7.(4F).4s"	"a 5F"	"2"	"3d7.(2D2).4s"	"a 3D"	"1"	5	3	M1	
"5429.5041"	"5429.5033"	"7.27e+06"	C+	"33801.572"	"52214.345"	"3d7.(4F).4p"	"y 5D*"	"2"	"3d6.(5D).4s (4D).5s"	"g 5D"	"1"	5	3		
"5429.6964"	"5429.6962"	"4.27e+05"	A	"7728.060"	"26140.179"	"3d7.(4F).4s"	"a 5F"	"3"	"3d6.(5D).4s.4p.(3P*)"	"z 5D*"	"3"	7	7		
"5429.8391"	"5429.8412"	""		"36079.372"	"54490.999"	"3d7.(4F).4p"	"z 3G*"	"3"	"3d7.(4F).4d"	"e 5H"	"3"	7	7		
"5432.9475"	"5432.9476"	"4.3e+06"	D	"35856.402"	"54257.502"	"3d7.(4F).4p"	"z 5G*"	"2"	"3d7.(4F).4d"	"g 5F"	"2"	5	5		
"5434.5235"	"5434.5233"	"1.70e+06"	A	"8154.714"	"26550.479"	"3d7.(4F).4s"	"a 5F"	"1"	"3d6.(5D).4s.4p.(3P*)"	"z 5D*"	"0"	3	1		
"5436.2954"	"5436.2946"	"7.7e+05"	E	"35379.208"	"53768.979"	"3d7.(4F).4p"	"z 3G*"	"5"	"3d7.(4F).4d"	"f 5G"	"4"	11	9		
"5436.5958"	"5436.5876"	"3.50e+04"	C	"18378.186"	"36766.966"	"3d6.4s2"	"a 3P2"	"2"	"3d6.(5D).4s.4p.(1P*)"	"y 5P*"	"3"	5	7		
"5437.192"	"5437.1952"	""		"34782.421"	"53169.146"	"3d7.(4F).4p"	"z 5G*"	"5"	"3d7.(4F).4d"	"f 5G"	"6"	11	13		
""	"5439.7215"	"5.3e-03"	E	"0.000"	"18378.186"	"3d6.4s2"	"a 5D"	"4"	"3d6.4s2"	"a 3P2"	"2"	9	5	E2	
"5441.3383"	"5441.3387"	"5.0e+05"	E	"34782.421"	"53155.145"	"3d7.(4F).4p"	"z 5G*"	"5"	"3d7.(4F).4d"	"h 5D"	"4"	11	9		
"5445.0421"	"5445.0415"	""		"35379.208"	"53739.438"	"3d7.(4F).4p"	"z 3G*"	"5"	"3d7.(4F).4d"	"e 3G"	"5"	11	11		
"5446.5826"	"5446.5821"	""		"35611.625"	"53966.662"	"3d7.(4F).4p"	"z 5G*"	"3"	"3d7.(4F).4d"	"h 5D"	"2"	7	5		
"5446.8743"	"5446.8723"	"2.50e+04"	B+	"12968.554"	"31322.613"	"3d7.(4F).4s"	"a 3F"	"2"	"3d6.(5D).4s.4p.(3P*)"	"z 3D*"	"3"	5	7		
"5446.9164"	"5446.9162"	"5.48e+05"	B+	"7985.785"	"26339.696"	"3d7.(4F).4s"	"a 5F"	"2"	"3d6.(5D).4s.4p.(3P*)"	"z 5D*"	"2"	5	5		
"5452.0879"	"5452.0897"	""		"29356.744"	"47693.239"	"3d6.4s2"	"b 3D"	"2"	"3d6.(3G).4s.4p.(3P*)"	"w 5G*"	"3"	5	7		
"5455.4541"	"5455.4535"	""		"34843.957"	"53169.146"	"3d7.(4F).4p"	"z 5G*"	"6"	"3d7.(4F).4d"	"f 5G"	"6"	13	13		
"5455.6092"	"5455.6089"	"6.05e+05"	B+	"8154.714"	"26479.381"	"3d7.(4F).4s"	"a 5F"	"1"	"3d6.(5D).4s.4p.(3P*)"	"z 5D*"	"1"	3	3		
"5460.876"	"5460.8724"	""		"24772.018"	"43079.023"	"3d7.(2P).4s"	"c 3P"	"1"	"3d6.(3P2).4s.4p.(3P*)"	"x 5P*"	"1"	3	3		
"5461.5495"	"5461.5490"	"4.2e+05"	E	"35856.402"	"54161.139"	"3d7.(4F).4p"	"z 5G*"	"2"	"3d7.(4F).4d"	"f 5G"	"3"	5	7		
"5462.9591"	"5462.9592"	""		"36079.372"	"54379.384"	"3d7.(4F).4p"	"z 3G*"	"3"	"3d7.(4F).4d"	"e 3G"	"3"	7	7		
"5463.2759"	"5463.2750"	"2.9e+07"	D+	"35767.564"	"54066.518"	"3d7.(4F).4p"	"z 3G*"	"4"	"3d7.(4F).4d"	"e 3G"	"4"	9	9		
"5464.2792"	"5464.2796"	"1.77e+06"	D+	"33412.717"	"51708.307"	"3d8"	"c 3F"	"3"	"3d7.(2P).4p"	"y 1D*"	"2"	7	5		
"5466.3958"	"5466.3953"	""		"35257.324"	"53545.833"	"3d7.(4F).4p"	"z 5G*"	"4"	"3d7.(4F).4d"	"h 5D"	"3"	9	7		
"5466.9874"	"5466.9869"	"1.45e+05"	D+	"28819.954"	"47106.484"	"3d7.(2H).4s"	"a 1H"	"5"	"3d6.(3H).4s.4p.(3P*)"	"z 3H*"	"4"	11	9		
"5470.0936"	"5470.0922"	"1.2e+06"	E	"35856.402"	"54132.551"	"3d7.(4F).4p"	"z 5G*"	"2"	"3d7.(4F).4d"	"h 5D"	"1"	5	3		
"5472.7087"	"5472.7085"	"2.37e+06"	B	"33946.933"	"52214.345"	"3d6.(5D).4s.4p.(3P*)"	"z 3P*"	"2"	"3d6.(5D).4s (4D).5s"	"g 5D"	"1"	5	3		
"5473.164"	"5473.1624"	"3.5e+05"	E	"33801.572"	"52067.469"	"3d7.(4F).4p"	"y 5D*"	"2"	"3d6.(5D).4s (6D).4d"	"e 5P"	"2"	5	5		
"5473.9001"	"5473.9005"	"5.2e+06"	D	"33507.123"	"51770.557"	"3d7.(4F).4p"	"y 5D*"	"3"	"3d6.(5D).4s (4D).5s"	"g 5D"	"3"	7	7		
"5476.2882"	"5476.2888"	"2.87e+06"	B	"33412.717"	"51668.186"	"3d8"	"c 3F"	"3"	"3d7.(2H).4p"	"u 3G*"	"4"	7	9		
"5476.5639"	"5476.5642"	"8.70e+06"	B	"33095.941"	"51350.492"	"3d7.(4F).4p"	"y 5D*"	"4"	"3d6.(5D).4s (4D).5s"	"g 5D"	"4"	9	9		
""	"5477.4044"	"8.2e-02"	E	"8154.714"	"26406.465"	"3d7.(4F).4s"	"a 5F"	"1"	"3d7.(2D2).4s"	"a 3D"	"1"	3	3	M1	
"5478.4552"	"5478.4550"	"6.8e+05"	E	"33801.572"	"52049.823"	"3d7.(4F).4p"	"y 5D*"	"2"	"3d6.(5D).4s (4D).5s"	"g 5D"	"2"	5	5		
"5480.8604"	"5480.8602"	"1.3e+07"	D	"34017.103"	"52257.346"	"3d7.(4F).4p"	"y 5D*"	"1"	"3d6.(5D).4s (4D).5s"	"g 5D"	"0"	3	1		
"5481.2427"	"5481.2427"	"1.41e+06"	C+	"33095.941"	"51334.911"	"3d7.(4F).4p"	"y 5D*"	"4"	"3d6.(5D).4s (6D).4d"	"e 7G"	"4"	9	9		
"5481.4383"	"5481.4381"	"2.8e+06"	E	"33801.572"	"52039.892"	"3d7.(4F).4p"	"y 5D*"	"2"	"3d6.(5D).4s (4D).5s"	"e 3D"	"1"	5	3		
"5481.899"	"5481.8956"	""		"40594.432"	"58831.230"	"3d6.(5D).4s.4p.(1P*)"	"x 5F*"	"4"	""	"58831e"	"3"	9	7		
"5482.461"	"5482.4599"	""		"40257.314"	"58492.235"	"3d6.(5D).4s.4p.(1P*)"	"x 5F*"	"5"	"3d6.4s.(4D).4d"	"3G"	"5"	11	11		
"5483.0985"	"5483.0985"	"1.74e+06"	C+	"33507.123"	"51739.920"	"3d7.(4F).4p"	"y 5D*"	"3"	"3d6.(5D).4s (4D).5s"	"e 3D"	"2"	7	5		
"5487.1448"	"5487.1454"	"9.9e+05"	E	"35611.625"	"53830.975"	"3d7.(4F).4p"	"z 5G*"	"3"	"3d7.(4F).4d"	"g 5F"	"3"	7	7		
"5487.3948"	"5487.3942"	""		"37157.566"	"55376.090"	"3d6.(5D).4s.4p.(1P*)"	"y 5P*"	"2"	"3d7.(4F).4d"	"e 3P"	"1"	5	3		
"5487.482"	"5487.4810"	""		"29371.812"	"47590.048"	"3d6.4s2"	"b 3D"	"3"	"3d6.(3G).4s.4p.(3P*)"	"w 5G*"	"4"	7	9		
"5487.521"	"5487.5228"	""		"33801.572"	"52019.669"	"3d7.(4F).4p"	"y 5D*"	"2"	"3d6.(5D).4s (6D).4d"	"e 5P"	"1"	5	3		
""	"5487.7379"	"2.49e+05"	C	"17550.181"	"35767.564"	"3d7.(4P).4s"	"a 5P"	"3"	"3d7.(4F).4p"	"z 3G*"	"4"	7	9		
"5487.7457"	"5487.7445"	""		"34843.957"	"53061.318"	"3d7.(4F).4p"	"z 5G*"	"6"	"3d7.(4F).4d"	"g 5F"	"5"	13	11		
"5491.8311"	"5491.8342"	"2.05e+05"	C+	"33765.306"	"51969.101"	"3d8"	"c 3F"	"2"	"3d7.(2P).4p"	"u 3D*"	"3"	5	7		
"5492.0782"	"5492.0753"	""		"32873.632"	"51076.628"	"3d8"	"c 3F"	"4"	"3d6.(5D).4s (6D).5p"	"t 5D*"	"4"	9	9		
""	"5493.3216"	"1.55e+06"	C+	"29356.744"	"47555.610"	"3d6.4s2"	"b 3D"	"2"	"3d7.(4P).4p"	"y 3S*"	"1"	5	3		
"5493.4985"	"5493.4988"	"5.0e+05"	E	"33095.941"	"51294.220"	"3d7.(4F).4p"	"y 5D*"	"4"	"3d6.(5D).4s (4D).5s"	"e 3D"	"3"	9	7		
"5494.462"	"5494.4629"	"1.8e+05"	E	"32873.632"	"51068.718"	"3d8"	"c 3F"	"4"	"3d6.(3G).4s.4p.(3P*)"	"x 3H*"	"5"	9	11		
"5497.5157"	"5497.5158"	"6.25e+04"	A	"8154.714"	"26339.696"	"3d7.(4F).4s"	"a 5F"	"1"	"3d6.(5D).4s.4p.(3P*)"	"z 5D*"	"2"	3	5		
"5498.478"	"5498.4821"	""		"41178.412"	"59360.198"	"3d8"	"3P"	"1"	"3d6.4s.(4D).5p"	"5P*"	"1"	3	3		
"5501.4649"	"5501.4647"	"2.20e+04"	B	"7728.060"	"25899.989"	"3d7.(4F).4s"	"a 5F"	"3"	"3d6.(5D).4s.4p.(3P*)"	"z 5D*"	"4"	7	9		
"5504.362"	"5504.3614"	""		"28819.954"	"46982.320"	"3d7.(2H).4s"	"a 1H"	"5"	"3d6.(3H).4s.4p.(3P*)"	"z 3H*"	"6"	11	13		
"5505.8813"	"5505.8808"	""		"35611.625"	"53768.979"	"3d7.(4F).4p"	"z 5G*"	"3"	"3d7.(4F).4d"	"f 5G"	"4"	7	9		
"5506.7788"	"5506.7785"	"5.01e+04"	A	"7985.785"	"26140.179"	"3d7.(4F).4s"	"a 5F"	"2"	"3d6.(5D).4s.4p.(3P*)"	"z 5D*"	"3"	5	7		
"5508.408"	"5508.4085"	""		"39969.853"	"58118.875"	"3d6.(5D).4s.4p.(1P*)"	"x 5D*"	"3"	"3d6.4s.(4D).4d"	"5F"	"4"	7	9		
"5512.2563"	"5512.2576"	"9.9e+05"	E	"35257.324"	"53393.673"	"3d7.(4F).4p"	"z 5G*"	"4"	"3d7.(4F).4d"	"g 5F"	"4"	9	9		
"5512.402"	"5512.4017"	""		"35611.625"	"53747.500"	"3d7.(4F).4p"	"z 5G*"	"3"	"3d7.(4F).4d"	"f 3D"	"3"	7	7		
"5517.065"	"5517.0680"	"2.0e+05"	E	"33946.933"	"52067.469"	"3d6.(5D).4s.4p.(3P*)"	"z 3P*"	"2"	"3d6.(5D).4s (6D).4d"	"e 5P"	"2"	5	5		
"5522.4461"	"5522.4459"	"1.3e+06"	D	"33946.933"	"52049.823"	"3d6.(5D).4s.4p.(3P*)"	"z 3P*"	"2"	"3d6.(5D).4s (4D).5s"	"g 5D"	"2"	5	5		
"5523.993"	"5523.9908"	""		"41178.412"	"59276.239"	"3d8"	"3P"	"1"	"3d7.(4F<7/2>).4f"	"2[3/2]*"	"2"	3	5		
"5525.5439"	"5525.5434"	"6.00e+06"	B	"34121.603"	"52214.345"	"3d7.(4F).4p"	"y 5D*"	"0"	"3d6.(5D).4s (4D).5s"	"g 5D"	"1"	1	3		
"5528.899"	"5528.8972"	""		"36079.372"	"54161.139"	"3d7.(4F).4p"	"z 3G*"	"3"	"3d7.(4F).4d"	"f 5G"	"3"	7	7		
"5529.1598"	"5529.1608"	"5.1e+04"	E	"29371.812"	"47452.717"	"3d6.4s2"	"b 3D"	"3"	"3d7.(2G).4p"	"z 1G*"	"4"	7	9		
"5531.984"	"5531.9805"	"6.1e+05"	E	"39625.804"	"57697.493"	"3d6.(5D).4s.4p.(1P*)"	"x 5D*"	"4"	"3d6.(5D).4s (4D).4d"	"i 5D"	"4"	9	9		
"5532.7468"	"5532.7462"	"1.9e+05"	E	"28819.954"	"46889.142"	"3d7.(2H).4s"	"a 1H"	"5"	"3d6.(3F2).4s.4p.(3P*)"	"x 3F*"	"4"	11	9		
"5532.868"	"5532.8657"	""		"35856.402"	"53925.200"	"3d7.(4F).4p"	"z 5G*"	"2"	"3d7.(4F).4d"	"f 5P"	"1"	5	3		
"5534.6631"	"5534.6591"	""		"29356.744"	"47419.687"	"3d6.4s2"	"b 3D"	"2"	"3d6.(3P2).4s.4p.(3P*)"	"1D*"	"2"	5	5		
"5535.4175"	"5535.4179"	"2.16e+06"	C+	"33765.306"	"51825.773"	"3d8"	"c 3F"	"2"	"3d7.(2H).4p"	"u 3G*"	"3"	5	7		
"5536.580"	"5536.5828"	"8.1e+03"	E	"22838.323"	"40894.990"	"3d7.(4P).4s"	"b 3P"	"2"	"3d6.(3P2).4s.4p.(3P*)"	"z 5S*"	"2"	5	5		
"5538.516"	"5538.5150"	""		"29313.008"	"47363.376"	"3d6.4s2"	"a 1I"	"6"	"3d6.(3G).4s.4p.(3P*)"	"w 5G*"	"6"	13	13		
"5538.516"	"5538.5156"	""		"34017.103"	"52067.469"	"3d7.(4F).4p"	"y 5D*"	"1"	"3d6.(5D).4s (6D).4d"	"e 5P"	"2"	3	5		
"5539.2796"	"5539.2800"	"1.1e+05"	E	"29371.812"	"47419.687"	"3d6.4s2"	"b 3D"	"3"	"3d6.(3P2).4s.4p.(3P*)"	"1D*"	"2"	7	5		
"5543.029"	"5543.0298"	""		"33801.572"	"51837.238"	"3d7.(4F).4p"	"y 5D*"	"2"	"3d6.(5D).4s (6D).4d"	"e 5P"	"3"	5	7		
"5543.1892"	"5543.1887"	""		"39625.804"	"57660.953"	"3d6.(5D).4s.4p.(1P*)"	"x 5D*"	"4"	"3d6.4s.(4D).4d"	"5F"	"5"	9	11		
"5543.9353"	"5543.9354"	"3.4e+06"	D	"34017.103"	"52049.823"	"3d7.(4F).4p"	"y 5D*"	"1"	"3d6.(5D).4s (4D).5s"	"g 5D"	"2"	3	5		
"5546.5055"	"5546.5052"	"1.0e+06"	D	"35257.324"	"53281.689"	"3d7.(4F).4p"	"z 5G*"	"4"	"3d7.(4F).4d"	"f 5G"	"5"	9	11		
"5546.9920"	"5546.9902"	"9.6e+05"	E	"34017.103"	"52039.892"	"3d7.(4F).4p"	"y 5D*"	"1"	"3d6.(5D).4s (4D).5s"	"e 3D"	"1"	3	3		
"5549.952"	"5549.9487"	"3.3e+04"	E	"29798.936"	"47812.118"	"3d6.4s2"	"b 1G2"	"4"	"3d6.(3F2).4s.4p.(3P*)"	"x 3G*"	"4"	9	9		
"5552.693"	"5552.6916"	"4.5e+05"	E	"39969.853"	"57974.137"	"3d6.(5D).4s.4p.(1P*)"	"x 5D*"	"3"	"3d6.(5D).4s (4D).4d"	"i 5D"	"2"	7	5		
"5553.5774"	"5553.5765"	"9.9e+05"	E	"35767.564"	"53768.979"	"3d7.(4F).4p"	"z 3G*"	"4"	"3d7.(4F).4d"	"f 5G"	"4"	9	9		
"5554.8947"	"5554.8939"	""		"36686.176"	"54683.322"	"3d7.(4F).4p"	"y 3F*"	"4"	"3d7.(4F).4d"	"f 3F"	"4"	9	9		
"5557.902"	"5557.8963"	""		"25091.599"	"43079.023"	"3d7.(2P).4s"	"c 3P"	"0"	"3d6.(3P2).4s.4p.(3P*)"	"x 5P*"	"1"	1	3		
"5557.902"	"5557.9034"	""		"36079.372"	"54066.773"	"3d7.(4F).4p"	"z 3G*"	"3"	"3d7.(4F).4d"	"f 3D"	"2"	7	5		
"5557.9818"	"5557.9822"	"1.3e+06"	E	"36079.372"	"54066.518"	"3d7.(4F).4p"	"z 3G*"	"3"	"3d7.(4F).4d"	"e 3G"	"4"	7	9		
"5560.2112"	"5560.2110"	"2.1e+06"	D	"35767.564"	"53747.500"	"3d7.(4F).4p"	"z 3G*"	"4"	"3d7.(4F).4d"	"f 3D"	"3"	9	7		
"5561.242"	"5561.2422"	""		"37157.566"	"55134.168"	"3d6.(5D).4s.4p.(1P*)"	"y 5P*"	"2"	"3d6.4s.(6D).6s"	"5D"	"2"	5	5		
"5562.7061"	"5562.7052"	""		"35767.564"	"53739.438"	"3d7.(4F).4p"	"z 3G*"	"4"	"3d7.(4F).4d"	"e 3G"	"5"	9	11		
"5563.5999"	"5563.5996"	"3.4e+06"	D	"33801.572"	"51770.557"	"3d7.(4F).4p"	"y 5D*"	"2"	"3d6.(5D).4s (4D).5s"	"g 5D"	"3"	5	7		
"5563.6946"	"5563.6931"	""		"19552.478"	"37521.161"	"3d6.4s2"	"a 3P2"	"1"	"3d7.(4F).4p"	"y 3F*"	"2"	3	5		
""	"5565.6848"	"3.6e-01"	E	"415.933"	"18378.186"	"3d6.4s2"	"a 5D"	"3"	"3d6.4s2"	"a 3P2"	"2"	7	5	M1	
"5565.7036"	"5565.7037"	""		"37162.746"	"55124.938"	"3d7.(4F).4p"	"y 3F*"	"3"	"3d7.(4F).4d"	"f 3F"	"3"	7	7		
"5567.278"	"5567.2739"	""		"35611.625"	"53568.751"	"3d7.(4F).4p"	"z 5G*"	"3"	"3d7.(4F).4d"	"f 5P"	"2"	7	5		
"5567.3907"	"5567.3908"	"1.53e+05"	D	"21038.987"	"38995.736"	"3d6.4s2"	"b 3F2"	"2"	"3d7.(4F).4p"	"y 3D*"	"1"	5	3		
"5569.6177"	"5569.6178"	"2.34e+07"	B	"27559.583"	"45509.152"	"3d6.(5D).4s.4p.(3P*)"	"z 5F*"	"2"	"3d6.(5D).4s (6D).5s"	"e 5D"	"1"	5	3		
"5572.8420"	"5572.8421"	"2.28e+07"	B	"27394.691"	"45333.875"	"3d6.(5D).4s.4p.(3P*)"	"z 5F*"	"3"	"3d6.(5D).4s (6D).5s"	"e 5D"	"2"	7	5		
"5573.1021"	"5573.1018"	"2.07e+06"	C+	"33801.572"	"51739.920"	"3d7.(4F).4p"	"y 5D*"	"2"	"3d6.(5D).4s (4D).5s"	"e 3D"	"2"	5	5		
"5576.0884"	"5576.0891"	"2.5e+07"	D	"27666.348"	"45595.086"	"3d6.(5D).4s.4p.(3P*)"	"z 5F*"	"1"	"3d6.(5D).4s (6D).5s"	"e 5D"	"0"	3	1		
"5584.7643"	"5584.7644"	"1.3e+05"	E	"28819.954"	"46720.842"	"3d7.(2H).4s"	"a 1H"	"5"	"3d7.(4P).4p"	"u 5D*"	"4"	11	9		
"5586.7555"	"5586.7553"	"2.19e+07"	B	"27166.820"	"45061.329"	"3d6.(5D).4s.4p.(3P*)"	"z 5F*"	"4"	"3d6.(5D).4s (6D).5s"	"e 5D"	"3"	9	7		
"5587.5736"	"5587.5740"	""		"33412.717"	"51304.604"	"3d8"	"c 3F"	"3"	"3d7.(2D2).4p"	"v 3F*"	"4"	7	9		
"5592.234"	"5592.2321"	""		"29320.026"	"47197.010"	"3d6.4s2"	"b 3D"	"1"	"3d6.(3F2).4s.4p.(3P*)"	"x 3F*"	"2"	3	5		
"5594.6549"	"5594.6550"	"5.20e+06"	B	"36686.176"	"54555.418"	"3d7.(4F).4p"	"y 3F*"	"4"	"3d7.(4F).4d"	"e 3H"	"4"	9	9		
"5600.099"	"5600.0971"	""		"40871.412"	"58723.289"	"3d8"	"3P"	"2"	"3d7.(4F<9/2>).4f"	"2[5/2]*"	"2"	5	5		
"5600.2238"	"5600.2242"	"2.69e+06"	B	"34362.873"	"52214.345"	"3d6.(5D).4s.4p.(3P*)"	"z 3P*"	"1"	"3d6.(5D).4s (4D).5s"	"g 5D"	"1"	3	3		
"5602.7670"	"5602.7673"	"1.73e+06"	B	"33507.123"	"51350.492"	"3d7.(4F).4p"	"y 5D*"	"3"	"3d6.(5D).4s (4D).5s"	"g 5D"	"4"	7	9		
"5602.9447"	"5602.9448"	"1.00e+07"	B	"27666.348"	"45509.152"	"3d6.(5D).4s.4p.(3P*)"	"z 5F*"	"1"	"3d6.(5D).4s (6D).5s"	"e 5D"	"1"	3	3		
"5603.746"	"5603.7419"	""		"29356.744"	"47197.010"	"3d6.4s2"	"b 3D"	"2"	"3d6.(3F2).4s.4p.(3P*)"	"x 3F*"	"2"	5	5		
"5607.663"	"5607.6641"	""		"33507.123"	"51334.911"	"3d7.(4F).4p"	"y 5D*"	"3"	"3d6.(5D).4s (6D).4d"	"e 7G"	"4"	7	9		
"5608.972"	"5608.9742"	""		"33946.933"	"51770.557"	"3d6.(5D).4s.4p.(3P*)"	"z 3P*"	"2"	"3d6.(5D).4s (4D).5s"	"g 5D"	"3"	5	7		
"5611.360"	"5611.3562"	""		"29320.026"	"47136.084"	"3d6.4s2"	"b 3D"	"1"	"3d7.(4P).4p"	"w 3D*"	"2"	3	5		
"5611.679"	"5611.6715"	""		"40894.990"	"58710.047"	"3d6.(3P2).4s.4p.(3P*)"	"z 5S*"	"2"	"3d6.(5D).4s (4D).4d"	"g 5G"	"3"	5	7		
"5614.271"	"5614.2755"	""		"41018.051"	"58824.845"	"3d6.(5D).4s.4p.(1P*)"	"x 5F*"	"2"	"3d6.(5D).4s (4D).4d"	"g 5G"	"2"	5	5		
"5615.2962"	"5615.2963"	"2.39e+05"	C	"20874.482"	"38678.039"	"3d6.4s2"	"b 3F2"	"3"	"3d7.(4F).4p"	"y 3D*"	"2"	7	5		
"5615.6435"	"5615.6436"	"2.64e+07"	B	"26874.550"	"44677.006"	"3d6.(5D).4s.4p.(3P*)"	"z 5F*"	"5"	"3d6.(5D).4s (6D).5s"	"e 5D"	"4"	11	9		
"5617.136"	"5617.1373"	""		"34039.516"	"51837.238"	"3d7.(4F).4p"	"y 5F*"	"4"	"3d6.(5D).4s (6D).4d"	"e 5P"	"3"	9	7		
"5618.6324"	"5618.6321"	"2.24e+06"	C+	"33946.933"	"51739.920"	"3d6.(5D).4s.4p.(3P*)"	"z 3P*"	"2"	"3d6.(5D).4s (4D).5s"	"e 3D"	"2"	5	5		
"5619.225"	"5619.2243"	""		"29798.936"	"47590.048"	"3d6.4s2"	"b 1G2"	"4"	"3d6.(3G).4s.4p.(3P*)"	"w 5G*"	"4"	9	9		
"5619.5950"	"5619.5951"	"3.5e+05"	E	"35379.208"	"53169.146"	"3d7.(4F).4p"	"z 3G*"	"5"	"3d7.(4F).4d"	"f 5G"	"6"	11	13		
"5620.027"	"5620.0266"	""		"33412.717"	"51201.289"	"3d8"	"c 3F"	"3"	"3d7.(2D2).4p"	"v 3F*"	"2"	7	5		
"5620.420"	"5620.4184"	""		"40894.990"	"58682.322"	"3d6.(3P2).4s.4p.(3P*)"	"z 5S*"	"2"	"3d6.4s.(4D).4d"	"3D"	"3"	5	7		
"5620.4920"	"5620.4927"	"5.3e+05"	E	"33507.123"	"51294.220"	"3d7.(4F).4p"	"y 5D*"	"3"	"3d6.(5D).4s (4D).5s"	"e 3D"	"3"	7	7		
"5622.946"	"5622.9449"	""		"29356.744"	"47136.084"	"3d6.4s2"	"b 3D"	"2"	"3d7.(4P).4p"	"w 3D*"	"2"	5	5		
"5624.0216"	"5624.0213"	"8.3e+05"	E	"35379.208"	"53155.145"	"3d7.(4F).4p"	"z 3G*"	"5"	"3d7.(4F).4d"	"h 5D"	"4"	11	9		
"5624.5418"	"5624.5418"	"7.41e+06"	B	"27559.583"	"45333.875"	"3d6.(5D).4s.4p.(3P*)"	"z 5F*"	"2"	"3d6.(5D).4s (6D).5s"	"e 5D"	"2"	5	5		
"5627.086"	"5627.0806"	""		"33695.397"	"51461.670"	"3d7.(4F).4p"	"y 5F*"	"5"	"3d6.(5D).4s (6D).4d"	"f 5F"	"4"	11	9		
"5627.716"	"5627.7144"	""		"29371.812"	"47136.084"	"3d6.4s2"	"b 3D"	"3"	"3d7.(4P).4p"	"w 3D*"	"2"	7	5		
"5633.9461"	"5633.9459"	"7.7e+06"	E	"40257.314"	"58001.938"	"3d6.(5D).4s.4p.(1P*)"	"x 5F*"	"5"	"3d6.(5D).4s (4D).4d"	"g 5G"	"6"	11	13		
"5635.8222"	"5635.8220"	"5.8e+05"	E	"34328.752"	"52067.469"	"3d7.(4F).4p"	"y 5F*"	"3"	"3d6.(5D).4s (6D).4d"	"e 5P"	"2"	7	5		
"5636.211"	"5636.2096"	""		"33095.941"	"50833.438"	"3d7.(4F).4p"	"y 5D*"	"4"	"3d6.(5D).4s (6D).4d"	"e 7F"	"5"	9	11		
"5636.246"	"5636.2424"	""		"34017.103"	"51754.497"	"3d7.(4F).4p"	"y 5D*"	"1"	"3d6.(5D).4s (6D).4d"	"f 5F"	"1"	3	3		
"5636.6958"	"5636.6955"	"8.3e+04"	E	"29356.744"	"47092.712"	"3d6.4s2"	"b 3D"	"2"	"3d6.(3F2).4s.4p.(3P*)"	"x 3F*"	"3"	5	7		
"5637.1077"	"5637.1074"	""		"29371.812"	"47106.484"	"3d6.4s2"	"b 3D"	"3"	"3d6.(3H).4s.4p.(3P*)"	"z 3H*"	"4"	7	9		
"5638.2618"	"5638.2618"	"4.4e+06"	D	"34039.516"	"51770.557"	"3d7.(4F).4p"	"y 5F*"	"4"	"3d6.(5D).4s (4D).5s"	"g 5D"	"3"	9	7		
"5639.344"	"5639.3435"	""		"39969.853"	"57697.493"	"3d6.(5D).4s.4p.(1P*)"	"x 5D*"	"3"	"3d6.(5D).4s (4D).4d"	"i 5D"	"4"	7	9		
""	"5639.5509"	"1.4e-01"	E	"0.000"	"17726.988"	"3d6.4s2"	"a 5D"	"4"	"3d7.(4P).4s"	"a 5P"	"2"	9	5	E2	
"5640.310"	"5640.3066"	""		"37409.555"	"55134.168"	"3d6.(5D).4s.4p.(1P*)"	"y 5P*"	"1"	"3d6.4s.(6D).6s"	"5D"	"2"	3	5		
"5640.876"	"5640.8782"	""		"34017.103"	"51739.920"	"3d7.(4F).4p"	"y 5D*"	"1"	"3d6.(5D).4s (4D).5s"	"e 3D"	"2"	3	5		
"5641.4336"	"5641.4340"	"3.0e+06"	D	"34328.752"	"52049.823"	"3d7.(4F).4p"	"y 5F*"	"3"	"3d6.(5D).4s (4D).5s"	"g 5D"	"2"	7	5		
"5641.4909"	"5641.4884"	""		"29371.812"	"47092.712"	"3d6.4s2"	"b 3D"	"3"	"3d6.(3F2).4s.4p.(3P*)"	"x 3F*"	"3"	7	7		
"5642.7509"	"5642.7504"	"3.3e+05"	E	"37162.746"	"54879.683"	"3d7.(4F).4p"	"y 3F*"	"3"	"3d7.(4F).4d"	"e 3P"	"2"	7	5		
"5643.9258"	"5643.9262"	"2.9e+05"	E	"32873.632"	"50586.878"	"3d8"	"c 3F"	"4"	"3d7.(2G).4p"	"z 1F*"	"3"	9	7		
"5644.0255"	"5644.0250"	""		"36766.966"	"54479.902"	"3d6.(5D).4s.4p.(1P*)"	"y 5P*"	"3"	"3d6.4s.(6D).6s"	"5D"	"4"	7	9		
"5644.357"	"5644.3576"	""		"33507.123"	"51219.015"	"3d7.(4F).4p"	"y 5D*"	"3"	"3d6.(5D).4s (6D).4d"	"e 5G"	"3"	7	7		
"5645.8334"	"5645.8325"	""		"37157.566"	"54864.831"	"3d6.(5D).4s.4p.(1P*)"	"y 5P*"	"2"	"3d6.4s.(6D).6s"	"5D"	"3"	5	7		
"5646.684"	"5646.6837"	""		"34362.873"	"52067.469"	"3d6.(5D).4s.4p.(3P*)"	"z 3P*"	"1"	"3d6.(5D).4s (6D).4d"	"e 5P"	"2"	3	5		
"5647.766"	"5647.7715"	""		"18378.186"	"36079.372"	"3d6.4s2"	"a 3P2"	"2"	"3d7.(4F).4p"	"z 3G*"	"3"	5	7		
"5649.6303"	"5649.6300"	"3.6e+04"	E	"29313.008"	"47008.371"	"3d6.4s2"	"a 1I"	"6"	"3d6.(3H).4s.4p.(3P*)"	"z 3H*"	"5"	13	11		
"5649.9869"	"5649.9867"	"5.1e+06"	E	"41130.599"	"58824.845"	"3d6.(5D).4s.4p.(1P*)"	"x 5F*"	"1"	"3d6.(5D).4s (4D).4d"	"g 5G"	"2"	3	5		
"5650.705"	"5650.7052"	"3.3e+06"	E	"41018.051"	"58710.047"	"3d6.(5D).4s.4p.(1P*)"	"x 5F*"	"2"	"3d6.(5D).4s (4D).4d"	"g 5G"	"3"	5	7		
"5651.4686"	"5651.4683"	""		"36079.372"	"53768.979"	"3d7.(4F).4p"	"z 3G*"	"3"	"3d7.(4F).4d"	"f 5G"	"4"	7	9		
"5651.524"	"5651.5246"	""		"35856.402"	"53545.833"	"3d7.(4F).4p"	"z 5G*"	"2"	"3d7.(4F).4d"	"h 5D"	"3"	5	7		
"5652.3176"	"5652.3173"	"5.0e+05"	E	"34362.873"	"52049.823"	"3d6.(5D).4s.4p.(3P*)"	"z 3P*"	"1"	"3d6.(5D).4s (4D).5s"	"g 5D"	"2"	3	5		
"5653.8664"	"5653.8645"	"4.6e+05"	E	"35379.208"	"53061.318"	"3d7.(4F).4p"	"z 3G*"	"5"	"3d7.(4F).4d"	"g 5F"	"5"	11	11		
"5655.1761"	"5655.1761"	"4.7e+06"	E	"40842.154"	"58520.163"	"3d6.(5D).4s.4p.(1P*)"	"x 5F*"	"3"	"3d6.(5D).4s (4D).4d"	"g 5G"	"4"	7	9		
"5655.490"	"5655.4893"	""		"40594.432"	"58271.462"	"3d6.(5D).4s.4p.(1P*)"	"x 5F*"	"4"	"3d6.(5D).4s (4D).4d"	"g 5G"	"5"	9	11		
"5655.490"	"5655.4929"	""		"34362.873"	"52039.892"	"3d6.(5D).4s.4p.(3P*)"	"z 3P*"	"1"	"3d6.(5D).4s (4D).5s"	"e 3D"	"1"	3	3		
""	"5656.4016"	"1.8e-03"	E	"704.007"	"18378.186"	"3d6.4s2"	"a 5D"	"2"	"3d6.4s2"	"a 3P2"	"2"	5	5	E2	
"5658.5313"	"5658.5313"	"5.80e+05"	B	"27666.348"	"45333.875"	"3d6.(5D).4s.4p.(3P*)"	"z 5F*"	"1"	"3d6.(5D).4s (6D).5s"	"e 5D"	"2"	3	5		
"5658.6575"	"5658.6572"	"4.52e+06"	C+	"34547.211"	"52214.345"	"3d7.(4F).4p"	"y 5F*"	"2"	"3d6.(5D).4s (4D).5s"	"g 5D"	"1"	5	3		
"5658.8160"	"5658.8161"	"4.34e+06"	B	"27394.691"	"45061.329"	"3d6.(5D).4s.4p.(3P*)"	"z 5F*"	"3"	"3d6.(5D).4s (6D).5s"	"e 5D"	"3"	7	7		
"5659.5743"	"5659.5744"	""		"41018.051"	"58682.322"	"3d6.(5D).4s.4p.(1P*)"	"x 5F*"	"2"	"3d6.4s.(4D).4d"	"3D"	"3"	5	7		
"5660.8008"	"5660.8008"	"4.4e+04"	E	"29356.744"	"47017.188"	"3d6.4s2"	"b 3D"	"2"	"3d7.(4P).4p"	"w 3D*"	"3"	5	7		
"5661.021"	"5661.0201"	""		"36940.590"	"54600.350"	"3d7.(2F).4s"	"d 3F"	"2"	"3d6.(3G).4s.4p.(3P*)"	"t 3G*"	"3"	5	7		
"5661.3451"	"5661.3445"	"1.22e+06"	B	"34555.597"	"52214.345"	"3d6.(5D).4s.4p.(3P*)"	"z 3P*"	"0"	"3d6.(5D).4s (4D).5s"	"g 5D"	"1"	1	3		
"5661.970"	"5661.9704"	""		"34362.873"	"52019.669"	"3d6.(5D).4s.4p.(3P*)"	"z 3P*"	"1"	"3d6.(5D).4s (6D).4d"	"e 5P"	"1"	3	3		
"5662.5158"	"5662.5159"	"6.18e+06"	B	"33695.397"	"51350.492"	"3d7.(4F).4p"	"y 5F*"	"5"	"3d6.(5D).4s (4D).5s"	"g 5D"	"4"	11	9		
"5662.9376"	"5662.9374"	"2.45e+05"	C+	"29798.936"	"47452.717"	"3d6.4s2"	"b 1G2"	"4"	"3d7.(2G).4p"	"z 1G*"	"4"	9	9		
"5665.633"	"5665.6348"	""		"29371.812"	"47017.188"	"3d6.4s2"	"b 3D"	"3"	"3d7.(4P).4p"	"w 3D*"	"3"	7	7		
"5666.791"	"5666.7874"	""		"33507.123"	"51148.910"	"3d7.(4F).4p"	"y 5D*"	"3"	"3d6.(5D).4s (6D).4d"	"e 5S"	"2"	7	5		
"5667.460"	"5667.4576"	""		"40842.154"	"58481.855"	"3d6.(5D).4s.4p.(1P*)"	"x 5F*"	"3"	"3d6.4s.(4D).4d"	"5P"	"3"	7	7		
"5667.5176"	"5667.5177"	"6.12e+05"	C	"33695.397"	"51334.911"	"3d7.(4F).4p"	"y 5F*"	"5"	"3d6.(5D).4s (6D).4d"	"e 7G"	"4"	11	9		
"5667.664"	"5667.6661"	"4.8e+04"	E	"21038.987"	"38678.039"	"3d6.4s2"	"b 3F2"	"2"	"3d7.(4F).4p"	"y 3D*"	"2"	5	5		
"5669.647"	"5669.6455"	""		"34121.603"	"51754.497"	"3d7.(4F).4p"	"y 5D*"	"0"	"3d6.(5D).4s (6D).4d"	"f 5F"	"1"	1	3		
"5671.830"	"5671.8280"	""		"35767.564"	"53393.673"	"3d7.(4F).4p"	"z 3G*"	"4"	"3d7.(4F).4d"	"g 5F"	"4"	9	9		
"5672.264"	"5672.2614"	""		"36975.588"	"54600.350"	"3d7.(2F).4s"	"d 3F"	"3"	"3d6.(3G).4s.4p.(3P*)"	"t 3G*"	"3"	7	7		
"5673.376"	"5673.3784"	""		"29798.936"	"47420.228"	"3d6.4s2"	"b 1G2"	"4"	"3d6.(3G).4s.4p.(3P*)"	"w 5G*"	"5"	9	11		
"5677.6844"	"5677.6841"	""		"33095.941"	"50703.870"	"3d7.(4F).4p"	"y 5D*"	"4"	"3d6.(5D).4s (6D).4d"	"e 5G"	"5"	9	11		
"5678.3784"	"5678.3788"	""		"31322.613"	"48928.388"	"3d6.(5D).4s.4p.(3P*)"	"z 3D*"	"3"	"3d7.(4F).5s"	"e 3F"	"2"	7	5		
"5678.601"	"5678.6004"	""		"19552.478"	"37157.566"	"3d6.4s2"	"a 3P2"	"1"	"3d6.(5D).4s.4p.(1P*)"	"y 5P*"	"2"	3	5		
"5679.0226"	"5679.0233"	"3.7e+06"	D	"37521.161"	"55124.938"	"3d7.(4F).4p"	"y 3F*"	"2"	"3d7.(4F).4d"	"f 3F"	"3"	5	7		
"5680.2400"	"5680.2404"	"8.4e+04"	E	"33765.306"	"51365.311"	"3d8"	"c 3F"	"2"	"3d7.(2D2).4p"	"v 3F*"	"3"	5	7		
"5681.5061"	"5681.5058"	""		"33765.306"	"51361.391"	"3d8"	"c 3F"	"2"	"3d6.(5D).4s (6D).5p"	"t 5D*"	"3"	5	7		
"5682.498"	"5682.4947"	""		"39625.804"	"57218.827"	"3d6.(5D).4s.4p.(1P*)"	"x 5D*"	"4"	"3d7.(4F).6s"	"3F"	"3"	9	7		
"5684.484"	"5684.4844"	""		"40894.990"	"58481.855"	"3d6.(3P2).4s.4p.(3P*)"	"z 5S*"	"2"	"3d6.4s.(4D).4d"	"5P"	"3"	5	7		
"5685.863"	"5685.8614"	""		"40231.336"	"57813.942"	"3d6.(5D).4s.4p.(1P*)"	"x 5D*"	"2"	"3d6.(5D).4s (4D).4d"	"i 5D"	"3"	5	7		
"5686.1200"	"5686.1201"	""		"29320.026"	"46901.832"	"3d6.4s2"	"b 3D"	"1"	"3d6.(3P2).4s.4p.(3P*)"	"y 3P*"	"1"	3	3		
"5686.5298"	"5686.5296"	"6.71e+06"	B+	"36686.176"	"54266.716"	"3d7.(4F).4p"	"y 3F*"	"4"	"3d7.(4F).4d"	"e 3H"	"5"	9	11		
"5691.4967"	"5691.4964"	"6.7e+06"	E	"34692.148"	"52257.346"	"3d7.(4F).4p"	"y 5F*"	"1"	"3d6.(5D).4s (4D).5s"	"g 5D"	"0"	3	1		
"5693.318"	"5693.3196"	""		"40231.336"	"57790.909"	"3d6.(5D).4s.4p.(1P*)"	"x 5D*"	"2"	"3d7.(4F).6s"	"3F"	"2"	5	5		
"5693.6421"	""	""		""	""	""	""	""	""	""	""				
"5696.0892"	"5696.0886"	"4.35e+05"	C+	"36686.176"	"54237.213"	"3d7.(4F).4p"	"y 3F*"	"4"	"3d7.(4F).4d"	"e 5H"	"4"	9	9		
""	"5696.3664"	"1.2e-01"	E	"0.000"	"17550.181"	"3d6.4s2"	"a 5D"	"4"	"3d7.(4P).4s"	"a 5P"	"3"	9	7	E2	
"5698.0196"	"5698.0200"	"1.6e+05"	E	"29356.744"	"46901.832"	"3d6.4s2"	"b 3D"	"2"	"3d6.(3P2).4s.4p.(3P*)"	"y 3P*"	"1"	5	3		
"5698.3645"	"5698.3643"	""		"34636.792"	"52180.820"	"3d6.4s2"	"b 1D2"	"2"	"3d7.(2P).4p"	"1P*"	"1"	5	3		
"5699.410"	"5699.4087"	""		"39969.853"	"57510.666"	"3d6.(5D).4s.4p.(1P*)"	"x 5D*"	"3"	"3d7.(4F).6s"	"5F"	"3"	7	7		
"5701.5442"	"5701.5436"	"1.78e+05"	C+	"20641.110"	"38175.355"	"3d6.4s2"	"b 3F2"	"4"	"3d7.(4F).4p"	"y 3D*"	"3"	9	7		
"5701.898"	"5701.8978"	""		"33695.397"	"51228.553"	"3d7.(4F).4p"	"y 5F*"	"5"	"3d6.(5D).4s (6D).4d"	"e 7G"	"5"	11	11		
"5702.3475"	"5702.3476"	"6.3e+04"	E	"29356.744"	"46888.517"	"3d6.4s2"	"b 3D"	"2"	"3d7.(4P).4p"	"u 5D*"	"2"	5	5		
"5702.906"	"5702.9071"	""		"39625.804"	"57155.857"	"3d6.(5D).4s.4p.(1P*)"	"x 5D*"	"4"	"3d6.4s.(6D).5d"	"7G"	"4"	9	9		
"5704.7333"	"5704.7327"	""		"40594.432"	"58118.875"	"3d6.(5D).4s.4p.(1P*)"	"x 5F*"	"4"	"3d6.4s.(4D).4d"	"5F"	"4"	9	9		
"5705.4642"	"5705.4640"	"3.01e+06"	B	"34692.148"	"52214.345"	"3d7.(4F).4p"	"y 5F*"	"1"	"3d6.(5D).4s (4D).5s"	"g 5D"	"1"	3	3		
"5705.9918"	"5705.9918"	"6.1e+06"	D	"37162.746"	"54683.322"	"3d7.(4F).4p"	"y 3F*"	"3"	"3d7.(4F).4d"	"f 3F"	"4"	7	9		
"5706.0957"	"5706.0954"	""		"34547.211"	"52067.469"	"3d7.(4F).4p"	"y 5F*"	"2"	"3d6.(5D).4s (6D).4d"	"e 5P"	"2"	5	5		
"5707.0491"	"5707.0492"	"1.0e+05"	E	"29371.812"	"46889.142"	"3d6.4s2"	"b 3D"	"3"	"3d6.(3F2).4s.4p.(3P*)"	"x 3F*"	"4"	7	9		
"5707.248"	"5707.2528"	""		"29371.812"	"46888.517"	"3d6.4s2"	"b 3D"	"3"	"3d7.(4P).4p"	"u 5D*"	"2"	7	5		
"5707.704"	"5707.7041"	""		"33095.941"	"50611.261"	"3d7.(4F).4p"	"y 5D*"	"4"	"3d6.(5D).4s (6D).4d"	"e 7P"	"3"	9	7		
"5708.0942"	"5708.0936"	"5.3e+05"	E	"35767.564"	"53281.689"	"3d7.(4F).4p"	"z 3G*"	"4"	"3d7.(4F).4d"	"f 5G"	"5"	9	11		
""	"5708.9658"	"1.5e-01"	E	"415.933"	"17927.382"	"3d6.4s2"	"a 5D"	"3"	"3d7.(4P).4s"	"a 5P"	"1"	7	3	E2	
"5709.3779"	"5709.3776"	"2.13e+06"	B	"27166.820"	"44677.006"	"3d6.(5D).4s.4p.(3P*)"	"z 5F*"	"4"	"3d6.(5D).4s (6D).5s"	"e 5D"	"4"	9	9		
"5709.9319"	"5709.9320"	""		"34328.752"	"51837.238"	"3d7.(4F).4p"	"y 5F*"	"3"	"3d6.(5D).4s (6D).4d"	"e 5P"	"3"	7	7		
"5711.8483"	"5711.8483"	"1.5e+06"	E	"34547.211"	"52049.823"	"3d7.(4F).4p"	"y 5F*"	"2"	"3d6.(5D).4s (4D).5s"	"g 5D"	"2"	5	5		
"5712.1312"	"5712.1309"	"2.99e+05"	B	"27559.583"	"45061.329"	"3d6.(5D).4s.4p.(3P*)"	"z 5F*"	"2"	"3d6.(5D).4s (6D).5s"	"e 5D"	"3"	5	7		
"5712.888"	"5712.8817"	""		"39625.804"	"57125.250"	"3d6.(5D).4s.4p.(1P*)"	"x 5D*"	"4"	"3d6.4s.(6D).5d"	"5F"	"4"	9	9		
"5714.1531"	""	""		""	""	""	""	""	""	""	""				
"5714.5487"	"5714.5504"	""		"41018.051"	"58512.387"	"3d6.(5D).4s.4p.(1P*)"	"x 5F*"	"2"	"3d6.4s.(4D).4d"	"5F"	"2"	5	5		
"5715.098"	"5715.0911"	""		"34547.211"	"52039.892"	"3d7.(4F).4p"	"y 5F*"	"2"	"3d6.(5D).4s (4D).5s"	"e 3D"	"1"	5	3		
"5715.098"	"5715.1019"	""		"33801.572"	"51294.220"	"3d7.(4F).4p"	"y 5D*"	"2"	"3d6.(5D).4s (4D).5s"	"e 3D"	"3"	5	7		
"5715.469"	"5715.4698"	""		"33507.123"	"50998.645"	"3d7.(4F).4p"	"y 5D*"	"3"	"3d6.(5D).4s (6D).4d"	"f 7D"	"2"	7	5		
""	"5715.9495"	"3.4e-02"	E	"888.132"	"18378.186"	"3d6.4s2"	"a 5D"	"1"	"3d6.4s2"	"a 3P2"	"2"	3	5	M1	
""	"5715.9495"	"3.8e-03"	E	"888.132"	"18378.186"	"3d6.4s2"	"a 5D"	"1"	"3d6.4s2"	"a 3P2"	"2"	3	5	E2	
"5716.172"	"5716.1701"	""		"36079.372"	"53568.751"	"3d7.(4F).4p"	"z 3G*"	"3"	"3d7.(4F).4d"	"f 5P"	"2"	7	5		
"5717.8325"	"5717.8322"	"5.4e+06"	D	"34555.597"	"52039.892"	"3d6.(5D).4s.4p.(3P*)"	"z 3P*"	"0"	"3d6.(5D).4s (4D).5s"	"e 3D"	"1"	1	3		
"5720.8978"	"5720.8857"	""		"36686.176"	"54161.139"	"3d7.(4F).4p"	"y 3F*"	"4"	"3d7.(4F).4d"	"f 5G"	"3"	9	7		
"5721.707"	"5721.7059"	""		"34547.211"	"52019.669"	"3d7.(4F).4p"	"y 5F*"	"2"	"3d6.(5D).4s (6D).4d"	"e 5P"	"1"	5	3		
"5721.707"	"5721.7066"	""		"33507.123"	"50979.579"	"3d7.(4F).4p"	"y 5D*"	"3"	"3d6.(5D).4s (6D).4d"	"e 5G"	"4"	7	9		
"5723.6720"	"5723.6705"	""		"36079.372"	"53545.833"	"3d7.(4F).4p"	"z 3G*"	"3"	"3d7.(4F).4d"	"h 5D"	"3"	7	7		
"5724.4544"	"5724.4534"	""		"34555.597"	"52019.669"	"3d6.(5D).4s.4p.(3P*)"	"z 3P*"	"0"	"3d6.(5D).4s (6D).4d"	"e 5P"	"1"	1	3		
"5730.857"	"5730.8541"	""		"39625.804"	"57070.371"	"3d6.(5D).4s.4p.(1P*)"	"x 5D*"	"4"	"3d6.4s.(6D).5d"	"7D"	"3"	9	7		
"5731.7619"	"5731.7616"	"1.6e+06"	D	"34328.752"	"51770.557"	"3d7.(4F).4p"	"y 5F*"	"3"	"3d6.(5D).4s (4D).5s"	"g 5D"	"3"	7	7		
"5732.2956"	"5732.2960"	""		"40257.314"	"57697.493"	"3d6.(5D).4s.4p.(1P*)"	"x 5F*"	"5"	"3d6.(5D).4s (4D).4d"	"i 5D"	"4"	11	9		
"5732.863"	"5732.8624"	""		"33095.941"	"50534.397"	"3d7.(4F).4p"	"y 5D*"	"4"	"3d6.(5D).4s (6D).4d"	"f 5D"	"3"	9	7		
"5734.5648"	"5734.5642"	""		"39969.853"	"57403.134"	"3d6.(5D).4s.4p.(1P*)"	"x 5D*"	"3"	"3d6.4s.(6D).5d"	"5P"	"2"	7	5		
"5735.708"	"5735.7055"	""		"39625.804"	"57055.616"	"3d6.(5D).4s.4p.(1P*)"	"x 5D*"	"4"	"3d6.4s.(6D).5d"	"5G"	"3"	9	7		
"5738.2273"	"5738.2267"	""		"34039.516"	"51461.670"	"3d7.(4F).4p"	"y 5F*"	"4"	"3d6.(5D).4s (6D).4d"	"f 5F"	"4"	9	9		
"5739.780"	"5739.7788"	""		"33801.572"	"51219.015"	"3d7.(4F).4p"	"y 5D*"	"2"	"3d6.(5D).4s (6D).4d"	"e 5G"	"3"	5	7		
"5741.8480"	"5741.8474"	"8.59e+05"	C	"34328.752"	"51739.920"	"3d7.(4F).4p"	"y 5F*"	"3"	"3d6.(5D).4s (4D).5s"	"e 3D"	"2"	7	5		
"5742.9596"	"5742.9603"	"6.2e+04"	E	"33695.397"	"51103.191"	"3d7.(4F).4p"	"y 5F*"	"5"	"3d6.(5D).4s (6D).4d"	"f 5F"	"5"	11	11		
"5743.929"	"5743.9324"	""		"40871.412"	"58276.260"	"3d8"	"3P"	"2"	"3d6.4s.(4D).5p"	"3D*"	"3"	5	7		
""	"5745.4958"	"2.0e-03"	E	"978.074"	"18378.186"	"3d6.4s2"	"a 5D"	"0"	"3d6.4s2"	"a 3P2"	"2"	1	5	E2	
"5747.453"	"5747.4575"	""		"36766.966"	"54161.139"	"3d6.(5D).4s.4p.(1P*)"	"y 5P*"	"3"	"3d7.(4F).4d"	"f 5G"	"3"	7	7		
"5747.8378"	"5747.8356"	""		"35767.564"	"53160.593"	"3d7.(4F).4p"	"z 3G*"	"4"	"3d7.(4F).4d"	"f 5P"	"3"	9	7		
"5747.9538"	"5747.9536"	"8.8e+05"	E	"37162.746"	"54555.418"	"3d7.(4F).4p"	"y 3F*"	"3"	"3d7.(4F).4d"	"e 3H"	"4"	7	9		
"5749.409"	"5749.4157"	""		"29356.744"	"46744.993"	"3d6.4s2"	"b 3D"	"2"	"3d7.(4P).4p"	"u 5D*"	"3"	5	7		
"5749.636"	"5749.6365"	""		"35767.564"	"53155.145"	"3d7.(4F).4p"	"z 3G*"	"4"	"3d7.(4F).4d"	"h 5D"	"4"	9	9		
"5750.033"	"5750.0301"	""		"40404.518"	"57790.909"	"3d6.(5D).4s.4p.(1P*)"	"x 5D*"	"1"	"3d7.(4F).6s"	"3F"	"2"	3	5		
"5752.0316"	"5752.0313"	""		"36686.176"	"54066.518"	"3d7.(4F).4p"	"y 3F*"	"4"	"3d7.(4F).4d"	"e 3G"	"4"	9	9		
"5753.1223"	"5753.1220"	"8.26e+06"	B	"34362.873"	"51739.920"	"3d6.(5D).4s.4p.(3P*)"	"z 3P*"	"1"	"3d6.(5D).4s (4D).5s"	"e 3D"	"2"	3	5		
"5753.3832"	"5753.3819"	""		"34328.752"	"51705.014"	"3d7.(4F).4p"	"y 5F*"	"3"	"3d6.(5D).4s (6D).4d"	"f 5F"	"2"	7	5		
"5753.6931"	"5753.6935"	""		"34692.148"	"52067.469"	"3d7.(4F).4p"	"y 5F*"	"1"	"3d6.(5D).4s (6D).4d"	"e 5P"	"2"	3	5		
"5753.969"	"5753.9671"	""		"19788.251"	"37162.746"	"3d6.4s2"	"a 3H"	"4"	"3d7.(4F).4p"	"y 3F*"	"3"	9	7		
"5754.4022"	"5754.4023"	"6.5e+04"	E	"29371.812"	"46744.993"	"3d6.4s2"	"b 3D"	"3"	"3d7.(4P).4p"	"u 5D*"	"3"	7	7		
"5755.132"	"5755.1347"	""		"40842.154"	"58213.124"	"3d6.(5D).4s.4p.(1P*)"	"x 5F*"	"3"	"3d6.4s.(4D).4d"	"5P"	"2"	7	5		
"5755.348"	"5755.3467"	""		"29356.744"	"46727.074"	"3d6.4s2"	"b 3D"	"2"	"3d6.(3P2).4s.4p.(3P*)"	"y 3P*"	"2"	5	5		
"5756.8141"	""	""		""	""	""	""	""	""	""	""				
"5759.2618"	"5759.2618"	""		"37521.161"	"54879.683"	"3d7.(4F).4p"	"y 3F*"	"2"	"3d7.(4F).4d"	"e 3P"	"2"	5	5		
"5759.5408"	"5759.5428"	""		"34692.148"	"52049.823"	"3d7.(4F).4p"	"y 5F*"	"1"	"3d6.(5D).4s (4D).5s"	"g 5D"	"2"	3	5		
"5760.3442"	"5760.3436"	"1.5e+05"	E	"29371.812"	"46727.074"	"3d6.4s2"	"b 3D"	"3"	"3d6.(3P2).4s.4p.(3P*)"	"y 3P*"	"2"	7	5		
"5760.531"	"5760.5325"	""		"33507.123"	"50861.816"	"3d7.(4F).4p"	"y 5D*"	"3"	"3d6.(5D).4s (6D).4d"	"f 7D"	"3"	7	7		
"5760.693"	"5760.6918"	""		"26105.908"	"43460.121"	"3d7.(2H).4s"	"b 3H"	"6"	"3d6.(3H).4s.4p.(3P*)"	"z 5I*"	"5"	13	11		
"5760.693"	"5760.6948"	""		"33507.123"	"50861.327"	"3d7.(4F).4p"	"y 5D*"	"3"	"3d6.(5D).4s (6D).4d"	"e 7P"	"2"	7	5		
"5761.082"	"5761.0806"	""		"34017.103"	"51370.145"	"3d7.(4F).4p"	"y 5D*"	"1"	"3d6.(5D).4s (6D).4d"	"e 5G"	"2"	3	5		
"5761.2555"	"5761.2559"	""		"29320.026"	"46672.540"	"3d6.4s2"	"b 3D"	"1"	"3d6.(3P2).4s.4p.(3P*)"	"y 3P*"	"0"	3	1		
"5762.2311"	"5762.2298"	""		"40404.518"	"57754.099"	"3d6.(5D).4s.4p.(1P*)"	"x 5D*"	"1"	"3d7.(4F).6s"	"5F"	"1"	3	3		
"5762.4131"	"5762.4128"	"1.3e+05"	E	"29371.812"	"46720.842"	"3d6.4s2"	"b 3D"	"3"	"3d7.(4P).4p"	"u 5D*"	"4"	7	9		
"5762.605"	"5762.6075"	""		"36940.590"	"54289.034"	"3d7.(2F).4s"	"d 3F"	"2"	"3d7.(4F).5p"	"3F*"	"3"	5	7		
"5762.8380"	"5762.8400"	""		"34692.148"	"52039.892"	"3d7.(4F).4p"	"y 5F*"	"1"	"3d6.(5D).4s (4D).5s"	"e 3D"	"1"	3	3		
"5762.9918"	"5762.9918"	"9.6e+06"	D	"33946.933"	"51294.220"	"3d6.(5D).4s.4p.(3P*)"	"z 3P*"	"2"	"3d6.(5D).4s (4D).5s"	"e 3D"	"3"	5	7		
"5767.972"	"5767.9721"	""		"34636.792"	"51969.101"	"3d6.4s2"	"b 1D2"	"2"	"3d7.(2P).4p"	"u 3D*"	"3"	5	7		
"5769.3225"	"5769.3222"	""		"37162.746"	"54490.999"	"3d7.(4F).4p"	"y 3F*"	"3"	"3d7.(4F).4d"	"e 5H"	"3"	7	7		
"5769.569"	"5769.5659"	""		"34692.148"	"52019.669"	"3d7.(4F).4p"	"y 5F*"	"1"	"3d6.(5D).4s (6D).4d"	"e 5P"	"1"	3	3		
"5769.672"	"5769.6741"	""		"33095.941"	"50423.137"	"3d7.(4F).4p"	"y 5D*"	"4"	"3d6.(5D).4s (6D).4d"	"f 5D"	"4"	9	9		
"5770.156"	"5770.1550"	""		"36975.588"	"54301.340"	"3d7.(2F).4s"	"d 3F"	"3"	"3d6.(3D).4s.4p.(3P*)"	"5D*"	"4"	7	9		
"5773.4500"	"5773.4493"	""		"28819.954"	"46135.820"	"3d7.(2H).4s"	"a 1H"	"5"	"3d6.(3H).4s.4p.(3P*)"	"z 3I*"	"5"	11	11		
"5774.7046"	"5774.7016"	""		"32873.632"	"50185.743"	"3d8"	"c 3F"	"4"	"3d6.(5D).4s (6D).5p"	"n 7P*"	"4"	9	9		
""	"5775.0539"	"9.6e-03"	E	"415.933"	"17726.988"	"3d6.4s2"	"a 5D"	"3"	"3d7.(4P).4s"	"a 5P"	"2"	7	5	M1	
"5775.0802"	"5775.0802"	"1.12e+06"	C+	"34039.516"	"51350.492"	"3d7.(4F).4p"	"y 5F*"	"4"	"3d6.(5D).4s (4D).5s"	"g 5D"	"4"	9	9		
"5775.630"	"5775.6291"	""		"40052.035"	"57361.366"	"3d5.(6S).4s2.4p"	"y 7P*"	"2"	"3d6.4s.(6D).5d"	"7G"	"3"	5	7		
"5776.2240"	"5776.2241"	""		"29798.936"	"47106.484"	"3d6.4s2"	"b 1G2"	"4"	"3d6.(3H).4s.4p.(3P*)"	"z 3H*"	"4"	9	9		
"5778.453"	"5778.4524"	""		"33507.123"	"50807.997"	"3d7.(4F).4p"	"y 5D*"	"3"	"3d6.(5D).4s (6D).4d"	"f 7D"	"4"	7	9		
"5778.453"	"5778.4527"	"1.06e+04"	C	"20874.482"	"38175.355"	"3d6.4s2"	"b 3F2"	"3"	"3d7.(4F).4p"	"y 3D*"	"3"	7	7		
"5778.809"	"5778.8088"	""		"36766.966"	"54066.773"	"3d6.(5D).4s.4p.(1P*)"	"y 5P*"	"3"	"3d7.(4F).4d"	"f 3D"	"2"	7	5		
"5779.688"	"5779.6878"	""		"40231.336"	"57528.512"	"3d6.(5D).4s.4p.(1P*)"	"x 5D*"	"2"	"3d7.(4F).6s"	"5F"	"2"	5	5		
"5780.2825"	"5780.2829"	""		"34039.516"	"51334.911"	"3d7.(4F).4p"	"y 5F*"	"4"	"3d6.(5D).4s (6D).4d"	"e 7G"	"4"	9	9		
"5780.5997"	"5780.5994"	"7.6e+04"	E	"26140.179"	"43434.627"	"3d6.(5D).4s.4p.(3P*)"	"z 5D*"	"3"	"3d6.(5D).4s (6D).5s"	"e 7D"	"3"	7	7		
"5780.8040"	"5780.8037"	""		"26339.696"	"43633.533"	"3d6.(5D).4s.4p.(3P*)"	"z 5D*"	"2"	"3d6.(5D).4s (6D).5s"	"e 7D"	"2"	5	5		
"5781.494"	"5781.4910"	""		"37157.566"	"54449.347"	"3d6.(5D).4s.4p.(1P*)"	"y 5P*"	"2"	"3d7.(4F).4d"	"f 3D"	"1"	5	3		
"5782.1093"	"5782.1110"	""		"40842.154"	"58132.081"	"3d6.(5D).4s.4p.(1P*)"	"x 5F*"	"3"	"3d6.4s.(4D).4d"	"5F"	"3"	7	7		
"5783.8943"	"5783.8933"	""		"26479.381"	"43763.980"	"3d6.(5D).4s.4p.(3P*)"	"z 5D*"	"1"	"3d6.(5D).4s (6D).5s"	"e 7D"	"1"	3	3		
"5784.034"	"5784.0329"	""		"33695.397"	"50979.579"	"3d7.(4F).4p"	"y 5F*"	"5"	"3d6.(5D).4s (6D).4d"	"e 5G"	"4"	11	9		
"5784.6580"	"5784.6577"	"6.50e+04"	C+	"27394.691"	"44677.006"	"3d6.(5D).4s.4p.(3P*)"	"z 5F*"	"3"	"3d6.(5D).4s (6D).5s"	"e 5D"	"4"	7	9		
"5785.171"	"5785.1676"	""		"29320.026"	"46600.818"	"3d6.4s2"	"b 3D"	"1"	"3d6.(3P2).4s.4p.(3P*)"	"z 3S*"	"1"	3	3		
"5785.520"	"5785.5184"	""		"42815.855"	"60095.599"	"3d6.(5D).4s (6D).5s"	"e 7D"	"5"	"3d6.(3F2).4s.4p.(1P*)"	"3F*"	"4"	11	9		
"5785.6577"	"5785.6570"	""		"40231.336"	"57510.666"	"3d6.(5D).4s.4p.(1P*)"	"x 5D*"	"2"	"3d7.(4F).6s"	"5F"	"3"	5	7		
"5786.991"	"5786.9897"	""		"34328.752"	"51604.103"	"3d7.(4F).4p"	"y 5F*"	"3"	"3d6.(5D).4s (6D).4d"	"f 5F"	"3"	7	7		
"5787.962"	"5787.9670"	""		"33695.397"	"50967.831"	"3d7.(4F).4p"	"y 5F*"	"5"	"3d6.(5D).4s (6D).4d"	"e 7G"	"6"	11	13		
"5790.406"	"5790.4079"	""		"41018.051"	"58283.204"	"3d6.(5D).4s.4p.(1P*)"	"x 5F*"	"2"	"3d6.(5D).4s (4D).4d"	"i 5D"	"1"	5	3		
"5791.0176"	"5791.0170"	"1.29e+05"	D+	"25899.989"	"43163.326"	"3d6.(5D).4s.4p.(3P*)"	"z 5D*"	"4"	"3d6.(5D).4s (6D).5s"	"e 7D"	"4"	9	9		
"5791.1937"	"5791.1921"	""		"40491.284"	"57754.099"	"3d6.(5D).4s.4p.(1P*)"	"x 5D*"	"0"	"3d7.(4F).6s"	"5F"	"1"	1	3		
"5791.5235"	"5791.5236"	""		"36975.588"	"54237.415"	"3d7.(2F).4s"	"d 3F"	"3"	"3d6.(3G).4s.4p.(3P*)"	"t 3G*"	"4"	7	9		
"5791.851"	"5791.8558"	""		"40871.412"	"58132.249"	"3d8"	"3P"	"2"	"3d6.4s.(4D).5p"	"3D*"	"2"	5	5		
"5793.678"	"5793.6787"	""		"37045.934"	"54301.340"	"3d7.(2F).4s"	"d 3F"	"4"	"3d6.(3D).4s.4p.(3P*)"	"5D*"	"4"	9	9		
"5793.9144"	"5793.9144"	"6.1e+05"	E	"34039.516"	"51294.220"	"3d7.(4F).4p"	"y 5F*"	"4"	"3d6.(5D).4s (4D).5s"	"e 3D"	"3"	9	7		
"5796.430"	"5796.4309"	""		"37157.566"	"54404.779"	"3d6.(5D).4s.4p.(1P*)"	"y 5P*"	"2"	"3d6.(5D).4s (6D).6s"	"g 7D"	"3"	5	7		
"5796.659"	"5796.6588"	""		"33801.572"	"51048.107"	"3d7.(4F).4p"	"y 5D*"	"2"	"3d6.(5D).4s (6D).4d"	"f 7D"	"1"	5	3		
"5798.1710"	"5798.1710"	"5.7e+05"	E	"31686.351"	"48928.388"	"3d6.(5D).4s.4p.(3P*)"	"z 3D*"	"2"	"3d7.(4F).5s"	"e 3F"	"2"	5	5		
"5801.2685"	"5801.2705"	""		"41130.599"	"58363.424"	"3d6.(5D).4s.4p.(1P*)"	"x 5F*"	"1"	"3d6.4s.(4D).4d"	"5F"	"1"	3	3		
"5804.0346"	"5804.0340"	"1.6e+05"	E	"31307.245"	"48531.865"	"3d6.(5D).4s.4p.(3P*)"	"z 3F*"	"4"	"3d7.(4F).5s"	"e 3F"	"3"	9	7		
""	"5804.4536"	"8.8e-02"	E	"704.007"	"17927.382"	"3d6.4s2"	"a 5D"	"2"	"3d7.(4P).4s"	"a 5P"	"1"	5	3	E2	
"5804.4623"	"5804.4633"	"2.8e+05"	E	"34547.211"	"51770.557"	"3d7.(4F).4p"	"y 5F*"	"2"	"3d6.(5D).4s (4D).5s"	"g 5D"	"3"	5	7		
"5805.7567"	"5805.7564"	""		"40594.432"	"57813.942"	"3d6.(5D).4s.4p.(1P*)"	"x 5F*"	"4"	"3d6.(5D).4s (4D).4d"	"i 5D"	"3"	9	7		
"5806.626"	"5806.6268"	""		"39625.804"	"56842.733"	"3d6.(5D).4s.4p.(1P*)"	"x 5D*"	"4"	"3d6.4s.(6D).5d"	"7F"	"5"	9	11		
"5806.7245"	"5806.7249"	"2.7e+06"	D	"37162.746"	"54379.384"	"3d7.(4F).4p"	"y 3F*"	"3"	"3d7.(4F).4d"	"e 3G"	"3"	7	7		
"5807.7834"	"5807.7831"	""		"26550.479"	"43763.980"	"3d6.(5D).4s.4p.(3P*)"	"z 5D*"	"0"	"3d6.(5D).4s (6D).5s"	"e 7D"	"1"	1	3		
"5807.9751"	"5807.9755"	""		"37162.746"	"54375.677"	"3d7.(4F).4p"	"y 3F*"	"3"	"3d7.(4F).4d"	"f 5G"	"2"	7	5		
"5809.1549"	"5809.1553"	""		"29798.936"	"47008.371"	"3d6.4s2"	"b 1G2"	"4"	"3d6.(3H).4s.4p.(3P*)"	"z 3H*"	"5"	9	11		
"5809.2177"	"5809.2171"	"4.5e+05"	E	"31322.613"	"48531.865"	"3d6.(5D).4s.4p.(3P*)"	"z 3D*"	"3"	"3d7.(4F).5s"	"e 3F"	"3"	7	7		
"5809.882"	"5809.8808"	""		"34547.211"	"51754.497"	"3d7.(4F).4p"	"y 5F*"	"2"	"3d6.(5D).4s (6D).4d"	"f 5F"	"1"	5	3		
"5809.9709"	"5809.9717"	""		"28819.954"	"46026.971"	"3d7.(2H).4s"	"a 1H"	"5"	"3d6.(3H).4s.4p.(3P*)"	"z 3I*"	"6"	11	13		
"5811.9141"	"5811.9142"	""		"33412.717"	"50613.983"	"3d8"	"c 3F"	"3"	"3d6.(3F2).4s.4p.(3P*)"	"x 1G*"	"4"	7	9		
"5812.445"	"5812.4447"	""		"36766.966"	"53966.662"	"3d6.(5D).4s.4p.(1P*)"	"y 5P*"	"3"	"3d7.(4F).4d"	"h 5D"	"2"	7	5		
"5813.330"	"5813.3312"	""		"33801.572"	"50998.645"	"3d7.(4F).4p"	"y 5D*"	"2"	"3d6.(5D).4s (6D).4d"	"f 7D"	"2"	5	5		
"5814.0077"	"5814.0074"	""		"41018.051"	"58213.124"	"3d6.(5D).4s.4p.(1P*)"	"x 5F*"	"2"	"3d6.4s.(4D).4d"	"5P"	"2"	5	5		
"5814.8071"	"5814.8069"	"4.6e+05"	E	"34547.211"	"51739.920"	"3d7.(4F).4p"	"y 5F*"	"2"	"3d6.(5D).4s (4D).5s"	"e 3D"	"2"	5	5		
"5815.217"	"5815.2168"	"1.0e+05"	E	"33507.123"	"50698.620"	"3d7.(4F).4p"	"y 5D*"	"3"	"3d6.(5D).4s (6D).4d"	"f 5D"	"2"	7	5		
"5815.217"	"5815.2222"	""		"37045.934"	"54237.415"	"3d7.(2F).4s"	"d 3F"	"4"	"3d6.(3G).4s.4p.(3P*)"	"t 3G*"	"4"	9	9		
"5815.514"	"5815.5131"	""		"34636.792"	"51827.413"	"3d6.4s2"	"b 1D2"	"2"	"3d6.(5D).4s (6D).5p"	"u 5F*"	"2"	5	5		
"5815.628"	"5815.6255"	""		"39969.853"	"57160.142"	"3d6.(5D).4s.4p.(1P*)"	"x 5D*"	"3"	"3d6.4s.(6D).5d"	"5P"	"3"	7	7		
"5816.0605"	"5816.0680"	""		"34636.792"	"51825.773"	"3d6.4s2"	"b 1D2"	"2"	"3d7.(2H).4p"	"u 3G*"	"3"	5	7		
"5816.3732"	"5816.3725"	"4.49e+06"	B	"36686.176"	"53874.257"	"3d7.(4F).4p"	"y 3F*"	"4"	"3d7.(4F).4d"	"e 5H"	"5"	9	11		
"5817.0761"	"5817.0755"	""		"39969.853"	"57155.857"	"3d6.(5D).4s.4p.(1P*)"	"x 5D*"	"3"	"3d6.4s.(6D).5d"	"7G"	"4"	7	9		
"5819.280"	"5819.2781"	""		"34039.516"	"51219.015"	"3d7.(4F).4p"	"y 5F*"	"4"	"3d6.(5D).4s (6D).4d"	"e 5G"	"3"	9	7		
"5821.889"	"5821.8879"	""		"40231.336"	"57403.134"	"3d6.(5D).4s.4p.(1P*)"	"x 5D*"	"2"	"3d6.4s.(6D).5d"	"5P"	"2"	5	5		
"5826.638"	"5826.6367"	""		"34547.211"	"51705.014"	"3d7.(4F).4p"	"y 5F*"	"2"	"3d6.(5D).4s (6D).4d"	"f 5F"	"2"	5	5		
"5827.454"	"5827.4538"	""		"39969.853"	"57125.250"	"3d6.(5D).4s.4p.(1P*)"	"x 5D*"	"3"	"3d6.4s.(6D).5d"	"5F"	"4"	7	9		
"5827.8767"	"5827.8768"	""		"26479.381"	"43633.533"	"3d6.(5D).4s.4p.(3P*)"	"z 5D*"	"1"	"3d6.(5D).4s (6D).5s"	"e 7D"	"2"	3	5		
"5828.4041"	"5828.4024"	""		"41130.599"	"58283.204"	"3d6.(5D).4s.4p.(1P*)"	"x 5F*"	"1"	"3d6.(5D).4s (4D).4d"	"i 5D"	"1"	3	3		
"5833.359"	"5833.3555"	""		"33695.397"	"50833.438"	"3d7.(4F).4p"	"y 5F*"	"5"	"3d6.(5D).4s (6D).4d"	"e 7F"	"5"	11	11		
"5833.9263"	"5833.9250"	""		"21038.987"	"38175.355"	"3d6.4s2"	"b 3F2"	"2"	"3d7.(4F).4p"	"y 3D*"	"3"	5	7		
"5834.0294"	"5834.0251"	""		"39625.804"	"56761.878"	"3d6.(5D).4s.4p.(1P*)"	"x 5D*"	"4"	"3d6.4s.(6D).5d"	"5F"	"5"	9	11		
""	"5834.6468"	"9.0e-02"	E	"415.933"	"17550.181"	"3d6.4s2"	"a 5D"	"3"	"3d7.(4P).4s"	"a 5P"	"3"	7	7	E2	
"5835.1004"	"5835.0997"	""		"34328.752"	"51461.670"	"3d7.(4F).4p"	"y 5F*"	"3"	"3d6.(5D).4s (6D).4d"	"f 5F"	"4"	7	9		
"5835.4175"	"5835.4182"	""		"40842.154"	"57974.137"	"3d6.(5D).4s.4p.(1P*)"	"x 5F*"	"3"	"3d6.(5D).4s (4D).4d"	"i 5D"	"2"	7	5		
"5835.496"	"5835.4921"	""		"34328.752"	"51460.518"	"3d7.(4F).4p"	"y 5F*"	"3"	"3d6.(5D).4s (6D).4d"	"e 7G"	"3"	7	7		
"5835.5731"	"5835.5725"	""		"22838.323"	"39969.853"	"3d7.(4P).4s"	"b 3P"	"2"	"3d6.(5D).4s.4p.(1P*)"	"x 5D*"	"3"	5	7		
"5836.755"	"5836.759"	""		"40871.412"	"57999.461"	"3d8"	"3P"	"2"	"3d6.4s.(4D).5p"	"3P*"	"2"	5	5		
"5837.7009"	"5837.7009"	""		"34636.792"	"51762.076"	"3d6.4s2"	"b 1D2"	"2"	"3d6.(3H).4s.4p.(3P*)"	"x 1D*"	"2"	5	5		
"5838.1410"	"5838.1407"	""		"40404.518"	"57528.512"	"3d6.(5D).4s.4p.(1P*)"	"x 5D*"	"1"	"3d7.(4F).6s"	"5F"	"2"	3	5		
"5838.3714"	"5838.3715"	"2.0e+05"	E	"31805.071"	"48928.388"	"3d6.(5D).4s.4p.(3P*)"	"z 3F*"	"3"	"3d7.(4F).5s"	"e 3F"	"2"	7	5		
"5841.1341"	""	""		""	""	""	""	""	""	""	""				
"5842.027"	"5842.0279"	""		"33695.397"	"50807.997"	"3d7.(4F).4p"	"y 5F*"	"5"	"3d6.(5D).4s (6D).4d"	"f 7D"	"4"	11	9		
"5843.152"	"5843.1438"	""		"34039.516"	"51148.848"	"3d7.(4F).4p"	"y 5F*"	"4"	"3d6.(5D).4s (6D).4d"	"e 7F"	"3"	9	7		
"5843.226"	"5843.2295"	""		"26351.040"	"43460.121"	"3d7.(2H).4s"	"b 3H"	"5"	"3d6.(3H).4s.4p.(3P*)"	"z 5I*"	"5"	11	11		
"5844.9185"	"5844.9182"	""		"33507.123"	"50611.261"	"3d7.(4F).4p"	"y 5D*"	"3"	"3d6.(5D).4s (6D).4d"	"e 7P"	"3"	7	7		
"5845.2865"	"5845.2862"	""		"40594.432"	"57697.493"	"3d6.(5D).4s.4p.(1P*)"	"x 5F*"	"4"	"3d6.(5D).4s (4D).4d"	"i 5D"	"4"	9	9		
"5845.962"	"5845.9606"	""		"39625.804"	"56726.892"	"3d6.(5D).4s.4p.(1P*)"	"x 5D*"	"4"	"3d6.4s.(6D).5d"	"5F"	"3"	9	7		
"5848.0661"	"5848.0662"	""		"26339.696"	"43434.627"	"3d6.(5D).4s.4p.(3P*)"	"z 5D*"	"2"	"3d6.(5D).4s (6D).5s"	"e 7D"	"3"	5	7		
"5848.1291"	"5848.1260"	""		"37162.746"	"54257.502"	"3d7.(4F).4p"	"y 3F*"	"3"	"3d7.(4F).4d"	"g 5F"	"2"	7	5		
"5849.1846"	"5849.1837"	""		"26351.040"	"43442.705"	"3d7.(2H).4s"	"b 3H"	"5"	"3d6.(3H).4s.4p.(3P*)"	"z 5I*"	"4"	11	9		
"5849.6837"	"5849.6830"	""		"29798.936"	"46889.142"	"3d6.4s2"	"b 1G2"	"4"	"3d6.(3F2).4s.4p.(3P*)"	"x 3F*"	"4"	9	9		
"5850.090"	"5850.0921"	""		"40231.336"	"57320.347"	"3d6.(5D).4s.4p.(1P*)"	"x 5D*"	"2"	"3d6.4s.(6D).5d"	"7G"	"1"	5	3		
"5851.2048"	"5851.2042"	""		"39969.853"	"57055.616"	"3d6.(5D).4s.4p.(1P*)"	"x 5D*"	"3"	"3d6.4s.(6D).5d"	"5G"	"3"	7	7		
"5852.2184"	"5852.2181"	"1.1e+06"	E	"36686.176"	"53768.979"	"3d7.(4F).4p"	"y 3F*"	"4"	"3d7.(4F).4d"	"f 5G"	"4"	9	9		
"5853.1479"	"5853.1493"	""		"11976.239"	"29056.324"	"3d7.(4F).4s"	"a 3F"	"4"	"3d6.(5D).4s.4p.(3P*)"	"z 5P*"	"3"	9	7		
"5853.6822"	"5853.6823"	""		"33801.572"	"50880.102"	"3d7.(4F).4p"	"y 5D*"	"2"	"3d6.(5D).4s (6D).4d"	"f 5D"	"1"	5	3		
"5854.630"	"5854.6274"	""		"36079.372"	"53155.145"	"3d7.(4F).4p"	"z 3G*"	"3"	"3d7.(4F).4d"	"h 5D"	"4"	7	9		
"5855.0762"	"5855.0752"	"7.19e+05"	B	"37162.746"	"54237.213"	"3d7.(4F).4p"	"y 3F*"	"3"	"3d7.(4F).4d"	"e 5H"	"4"	7	9		
"5856.0876"	"5856.0877"	"1.83e+06"	C	"34636.792"	"51708.307"	"3d6.4s2"	"b 1D2"	"2"	"3d7.(2P).4p"	"y 1D*"	"2"	5	5		
"5858.2650"	"5858.2651"	""		"19621.006"	"36686.176"	"3d6.4s2"	"a 3H"	"5"	"3d7.(4F).4p"	"y 3F*"	"4"	11	9		
"5858.7776"	"5858.7783"	""		"34039.516"	"51103.191"	"3d7.(4F).4p"	"y 5F*"	"4"	"3d6.(5D).4s (6D).4d"	"f 5F"	"5"	9	11		
"5859.2339"	"5859.2336"	""		"34692.148"	"51754.497"	"3d7.(4F).4p"	"y 5F*"	"1"	"3d6.(5D).4s (6D).4d"	"f 5F"	"1"	3	3		
"5859.5863"	"5859.5857"	""		"36686.176"	"53747.500"	"3d7.(4F).4p"	"y 3F*"	"4"	"3d7.(4F).4d"	"f 3D"	"3"	9	7		
"5859.954"	"5859.9566"	""		"33801.572"	"50861.816"	"3d7.(4F).4p"	"y 5D*"	"2"	"3d6.(5D).4s (6D).4d"	"f 7D"	"3"	5	7		
"5861.1092"	"5861.1082"	""		"34547.211"	"51604.103"	"3d7.(4F).4p"	"y 5F*"	"2"	"3d6.(5D).4s (6D).4d"	"f 5F"	"3"	5	7		
"5862.3561"	"5862.3558"	""		"36686.176"	"53739.438"	"3d7.(4F).4p"	"y 3F*"	"4"	"3d7.(4F).4d"	"e 3G"	"5"	9	11		
"5864.2440"	"5864.2437"	""		"34692.148"	"51739.920"	"3d7.(4F).4p"	"y 5F*"	"1"	"3d6.(5D).4s (4D).5s"	"e 3D"	"2"	3	5		
"5864.396"	"5864.3920"	""		"39625.804"	"56673.145"	"3d6.(5D).4s.4p.(1P*)"	"x 5D*"	"4"	"3d6.4s.(6D).5d"	"5G"	"4"	9	9		
"5866.2330"	"5866.2323"	""		"36975.588"	"54017.581"	"3d7.(2F).4s"	"d 3F"	"3"	"3d7.(4F).5p"	"3G*"	"4"	7	9		
"5866.445"	"5866.4389"	""		"34328.752"	"51370.145"	"3d7.(4F).4p"	"y 5F*"	"3"	"3d6.(5D).4s (6D).4d"	"e 5G"	"2"	7	5		
"5866.990"	"5866.9901"	""		"37409.555"	"54449.347"	"3d6.(5D).4s.4p.(1P*)"	"y 5P*"	"1"	"3d7.(4F).4d"	"f 3D"	"1"	3	3		
""	"5867.1767"	"2.1e-02"	E	"888.132"	"17927.382"	"3d6.4s2"	"a 5D"	"1"	"3d7.(4P).4s"	"a 5P"	"1"	3	3	E2	
"5871.3033"	"5871.3034"	""		"33507.123"	"50534.397"	"3d7.(4F).4p"	"y 5D*"	"3"	"3d6.(5D).4s (6D).4d"	"f 5D"	"3"	7	7		
"5872.726"	"5872.7268"	""		"26140.179"	"43163.326"	"3d6.(5D).4s.4p.(3P*)"	"z 5D*"	"3"	"3d6.(5D).4s (6D).5s"	"e 7D"	"4"	7	9		
""	"5872.7841"	"3.4e-02"	E	"704.007"	"17726.988"	"3d6.4s2"	"a 5D"	"2"	"3d7.(4P).4s"	"a 5P"	"2"	5	5	E2	
"5873.2125"	"5873.2122"	""		"34328.752"	"51350.492"	"3d7.(4F).4p"	"y 5F*"	"3"	"3d6.(5D).4s (4D).5s"	"g 5D"	"4"	7	9		
"5876.133"	"5876.1366"	""		"28819.954"	"45833.223"	"3d7.(2H).4s"	"a 1H"	"5"	"3d6.(3F2).4s.4p.(3P*)"	"x 5G*"	"4"	11	9		
"5876.2778"	"5876.2758"	""		"34692.148"	"51705.014"	"3d7.(4F).4p"	"y 5F*"	"1"	"3d6.(5D).4s (6D).4d"	"f 5F"	"2"	3	5		
"5877.788"	"5877.7935"	""		"33695.397"	"50703.870"	"3d7.(4F).4p"	"y 5F*"	"5"	"3d6.(5D).4s (6D).4d"	"e 5G"	"5"	11	11		
"5879.487"	"5879.4846"	""		"40052.035"	"57055.616"	"3d5.(6S).4s2.4p"	"y 7P*"	"2"	"3d6.4s.(6D).5d"	"5G"	"3"	5	7		
"5879.487"	"5879.4874"	"2.1e+05"	E	"37157.566"	"54161.139"	"3d6.(5D).4s.4p.(1P*)"	"y 5P*"	"2"	"3d7.(4F).4d"	"f 5G"	"3"	5	7		
"5880.0268"	"5880.0268"	""		"36766.966"	"53768.979"	"3d6.(5D).4s.4p.(1P*)"	"y 5P*"	"3"	"3d7.(4F).4d"	"f 5G"	"4"	7	9		
"5881.2797"	"5881.2791"	""		"37162.746"	"54161.139"	"3d7.(4F).4p"	"y 3F*"	"3"	"3d7.(4F).4d"	"f 5G"	"3"	7	7		
"5881.751"	"5881.7507"	""		"17550.181"	"34547.211"	"3d7.(4P).4s"	"a 5P"	"3"	"3d7.(4F).4p"	"y 5F*"	"2"	7	5		
"5883.075"	"5883.0732"	""		"34636.792"	"51630.001"	"3d6.4s2"	"b 1D2"	"2"	"3d6.(5D).4s (6D).5p"	"t 5D*"	"2"	5	5		
"5883.8166"	"5883.8163"	"1.9e+06"	D	"31937.325"	"48928.388"	"3d6.(5D).4s.4p.(3P*)"	"z 3D*"	"1"	"3d7.(4F).5s"	"e 3F"	"2"	3	5		
"5886.816"	"5886.8150"	""		"40231.336"	"57213.744"	"3d6.(5D).4s.4p.(1P*)"	"x 5D*"	"2"	"3d6.4s.(6D).5d"	"7F"	"1"	5	3		
"5887.4643"	"5887.4647"	""		"36766.966"	"53747.500"	"3d6.(5D).4s.4p.(1P*)"	"y 5P*"	"3"	"3d7.(4F).4d"	"f 3D"	"3"	7	7		
"5888.817"	"5888.8182"	""		"37409.555"	"54386.186"	"3d6.(5D).4s.4p.(1P*)"	"y 5P*"	"1"	"3d7.(4F).4d"	"g 5F"	"1"	3	3		
"5889.389"	"5889.3892"	""		"37157.566"	"54132.551"	"3d6.(5D).4s.4p.(1P*)"	"y 5P*"	"2"	"3d7.(4F).4d"	"h 5D"	"1"	5	3		
"5890.496"	"5890.4986"	""		"40842.154"	"57813.942"	"3d6.(5D).4s.4p.(1P*)"	"x 5F*"	"3"	"3d6.(5D).4s (4D).4d"	"i 5D"	"3"	7	7		
"5891.1755"	"5891.1755"	""		"37521.161"	"54490.999"	"3d7.(4F).4p"	"y 3F*"	"2"	"3d7.(4F).4d"	"e 5H"	"3"	5	7		
"5891.8782"	"5891.8769"	""		"37045.934"	"54013.752"	"3d7.(2F).4s"	"d 3F"	"4"	"3d6.(3D).4s.4p.(3P*)"	"5F*"	"5"	9	11		
"5892.4648"	"5892.4659"	""		"37409.555"	"54375.677"	"3d6.(5D).4s.4p.(1P*)"	"y 5P*"	"1"	"3d7.(4F).4d"	"f 5G"	"2"	3	5		
"5892.6933"	"5892.6930"	""		"34328.752"	"51294.220"	"3d7.(4F).4p"	"y 5F*"	"3"	"3d6.(5D).4s (4D).5s"	"e 3D"	"3"	7	7		
"5892.801"	"5892.8000"	""		"17726.988"	"34692.148"	"3d7.(4P).4s"	"a 5P"	"2"	"3d7.(4F).4p"	"y 5F*"	"1"	5	3		
"5893.2345"	"5893.2346"	""		"34017.103"	"50981.012"	"3d7.(4F).4p"	"y 5D*"	"1"	"3d6.(5D).4s (6D).4d"	"f 5D"	"0"	3	1		
"5895.017"	"5895.0155"	""		"37045.934"	"54004.718"	"3d7.(2F).4s"	"d 3F"	"4"	"3d6.(3D).4s.4p.(3P*)"	"t 5P*"	"3"	9	7		
"5895.1629"	"5895.1626"	""		"28604.613"	"45562.974"	"3d7.(2D2).4s"	"a 1D"	"2"	"3d6.(3H).4s.4p.(3P*)"	"y 3G*"	"3"	5	7		
"5896.743"	"5896.7357"	""		"41178.412"	"58132.249"	"3d8"	"3P"	"1"	"3d6.4s.(4D).5p"	"3D*"	"2"	3	5		
"5897.752"	"5897.7448"	""		"36940.590"	"53891.526"	"3d7.(2F).4s"	"d 3F"	"2"	"3d6.(3D).4s.4p.(3P*)"	"5D*"	"3"	5	7		
"5898.2149"	"5898.2156"	""		"38175.355"	"55124.938"	"3d7.(4F).4p"	"y 3D*"	"3"	"3d7.(4F).4d"	"f 3F"	"3"	7	7		
"5898.510"	"5898.5000"	""		"40207.091"	"57155.857"	"3d5.(6S).4s2.4p"	"y 7P*"	"3"	"3d6.4s.(6D).5d"	"7G"	"4"	7	9		
"5898.510"	"5898.5038"	""		"40842.154"	"57790.909"	"3d6.(5D).4s.4p.(1P*)"	"x 5F*"	"3"	"3d7.(4F).6s"	"3F"	"2"	7	5		
"5899.0631"	"5899.0610"	""		"28604.613"	"45551.767"	"3d7.(2D2).4s"	"a 1D"	"2"	"3d6.(3P2).4s.4p.(3P*)"	"x 3D*"	"1"	5	3		
"5901.5310"	"5901.5304"	""		"34039.516"	"50979.579"	"3d7.(4F).4p"	"y 5F*"	"4"	"3d6.(5D).4s (6D).4d"	"e 5G"	"4"	9	9		
"5901.742"	"5901.7516"	""		"40421.938"	"57361.366"	"3d5.(6S).4s2.4p"	"y 7P*"	"4"	"3d6.4s.(6D).5d"	"7G"	"3"	9	7		
"5902.4732"	"5902.4725"	""		"37045.934"	"53983.293"	"3d7.(2F).4s"	"d 3F"	"4"	"3d6.(3G).4s.4p.(3P*)"	"t 3G*"	"5"	9	11		
"5905.6716"	"5905.6710"	"1.1e+07"	D	"37521.161"	"54449.347"	"3d7.(4F).4p"	"y 3F*"	"2"	"3d7.(4F).4d"	"f 3D"	"1"	5	3		
"5906.255"	"5906.2578"	""		"34121.603"	"51048.107"	"3d7.(4F).4p"	"y 5D*"	"0"	"3d6.(5D).4s (6D).4d"	"f 7D"	"1"	1	3		
"5906.8427"	"5906.8420"	""		"39625.804"	"56550.634"	"3d6.(5D).4s.4p.(1P*)"	"x 5D*"	"4"	"3d6.4s.(6D).5d"	"5G"	"5"	9	11		
"5907.8630"	"5907.8627"	""		"29798.936"	"46720.842"	"3d6.4s2"	"b 1G2"	"4"	"3d7.(4P).4p"	"u 5D*"	"4"	9	9		
"5909.844"	"5909.8436"	""		"40594.432"	"57510.666"	"3d6.(5D).4s.4p.(1P*)"	"x 5F*"	"4"	"3d7.(4F).6s"	"5F"	"3"	9	7		
"5909.9732"	"5909.9722"	"4.49e+04"	C+	"25899.989"	"42815.855"	"3d6.(5D).4s.4p.(3P*)"	"z 5D*"	"4"	"3d6.(5D).4s (6D).5s"	"e 7D"	"5"	9	11		
"5914.1117"	"5914.1114"	""		"37162.746"	"54066.773"	"3d7.(4F).4p"	"y 3F*"	"3"	"3d7.(4F).4d"	"f 3D"	"2"	7	5		
"5914.2009"	"5914.2006"	""		"37162.746"	"54066.518"	"3d7.(4F).4p"	"y 3F*"	"3"	"3d7.(4F).4d"	"e 3G"	"4"	7	9		
"5916.040"	"5916.0306"	""		"40257.314"	"57155.857"	"3d6.(5D).4s.4p.(1P*)"	"x 5F*"	"5"	"3d6.4s.(6D).5d"	"7G"	"4"	11	9		
"5916.2470"	"5916.2470"	"2.15e+04"	B	"19788.251"	"36686.176"	"3d6.4s2"	"a 3H"	"4"	"3d7.(4F).4p"	"y 3F*"	"4"	9	9		
"5916.550"	"5916.5541"	""		"33801.572"	"50698.620"	"3d7.(4F).4p"	"y 5D*"	"2"	"3d6.(5D).4s (6D).4d"	"f 5D"	"2"	5	5		
"5918.932"	"5918.9308"	""		"34328.752"	"51219.015"	"3d7.(4F).4p"	"y 5F*"	"3"	"3d6.(5D).4s (6D).4d"	"e 5G"	"3"	7	7		
"5920.503"	"5920.4991"	""		"26105.908"	"42991.697"	"3d7.(2H).4s"	"b 3H"	"6"	"3d6.(3H).4s.4p.(3P*)"	"z 5H*"	"5"	13	11		
"5923.515"	"5923.5157"	""		"40207.091"	"57084.281"	"3d5.(6S).4s2.4p"	"y 7P*"	"3"	"3d6.4s.(6D).5d"	"7F"	"3"	7	7		
"5923.749"	"5923.7487"	""		"36975.588"	"53852.114"	"3d7.(2F).4s"	"d 3F"	"3"	"3d7.(4F).5p"	"5G*"	"4"	7	9		
"5926.823"	"5926.8252"	""		"36940.590"	"53808.356"	"3d7.(2F).4s"	"d 3F"	"2"	"3d7.(2P).4p"	"x 3S*"	"1"	5	3		
"5927.7887"	"5927.7884"	"5.4e+06"	E	"37521.161"	"54386.186"	"3d7.(4F).4p"	"y 3F*"	"2"	"3d7.(4F).4d"	"g 5F"	"1"	5	3		
"5929.6768"	"5929.6758"	"1.1e+06"	E	"36686.176"	"53545.833"	"3d7.(4F).4p"	"y 3F*"	"4"	"3d7.(4F).4d"	"h 5D"	"3"	9	7		
"5930.1795"	"5930.1802"	""		"37521.161"	"54379.384"	"3d7.(4F).4p"	"y 3F*"	"2"	"3d7.(4F).4d"	"e 3G"	"3"	5	7		
"5931.890"	"5931.8921"	""		"32873.632"	"49726.990"	"3d8"	"c 3F"	"4"	"3d7.(2G).4p"	"y 3H*"	"4"	9	9		
"5933.800"	"5933.7972"	""		"37409.555"	"54257.502"	"3d6.(5D).4s.4p.(1P*)"	"y 5P*"	"1"	"3d7.(4F).4d"	"g 5F"	"2"	3	5		
""	"5934.4217"	"3.9e-02"	E	"704.007"	"17550.181"	"3d6.4s2"	"a 5D"	"2"	"3d7.(4P).4s"	"a 5P"	"3"	5	7	E2	
"5934.6546"	"5934.6542"	"2.0e+06"	D	"31686.351"	"48531.865"	"3d6.(5D).4s.4p.(3P*)"	"z 3D*"	"2"	"3d7.(4F).5s"	"e 3F"	"3"	5	7		
"5935.129"	"5935.1313"	""		"36940.590"	"53784.750"	"3d7.(2F).4s"	"d 3F"	"2"	"3d7.(4F).5p"	"5D*"	"3"	5	7		
"5936.937"	"5936.9377"	""		"40231.336"	"57070.371"	"3d6.(5D).4s.4p.(1P*)"	"x 5D*"	"2"	"3d6.4s.(6D).5d"	"7D"	"3"	5	7		
""	"5937.0008"	"5.3e-02"	E	"888.132"	"17726.988"	"3d6.4s2"	"a 5D"	"1"	"3d7.(4P).4s"	"a 5P"	"2"	3	5	E2	
"5939.240"	"5939.2384"	""		"26627.609"	"43460.121"	"3d7.(2H).4s"	"b 3H"	"4"	"3d6.(3H).4s.4p.(3P*)"	"z 5I*"	"5"	9	11		
"5940.452"	"5940.4556"	""		"40491.284"	"57320.347"	"3d6.(5D).4s.4p.(1P*)"	"x 5D*"	"0"	"3d6.4s.(6D).5d"	"7G"	"1"	1	3		
"5940.9911"	"5940.9908"	""		"33695.397"	"50522.944"	"3d7.(4F).4p"	"y 5F*"	"5"	"3d6.(5D).4s (6D).4d"	"e 5G"	"6"	11	13		
"5943.1003"	"5943.1011"	""		"33765.306"	"50586.878"	"3d8"	"c 3F"	"2"	"3d7.(2G).4p"	"z 1F*"	"3"	5	7		
"5943.5780"	"5943.5777"	""		"17726.988"	"34547.211"	"3d7.(4P).4s"	"a 5P"	"2"	"3d7.(4F).4p"	"y 5F*"	"2"	5	5		
"5943.624"	"5943.6226"	""		"34328.752"	"51148.848"	"3d7.(4F).4p"	"y 5F*"	"3"	"3d6.(5D).4s (6D).4d"	"e 7F"	"3"	7	7		
"5945.390"	"5945.3900"	""		"26627.609"	"43442.705"	"3d7.(2H).4s"	"b 3H"	"4"	"3d6.(3H).4s.4p.(3P*)"	"z 5I*"	"4"	9	9		
"5947.5111"	"5947.5122"	""		"37157.566"	"53966.662"	"3d6.(5D).4s.4p.(1P*)"	"y 5P*"	"2"	"3d7.(4F).4d"	"h 5D"	"2"	5	5		
"5949.279"	"5949.2811"	""		"7376.764"	"24180.862"	"3d7.(4F).4s"	"a 5F"	"4"	"3d6.(5D).4s.4p.(3P*)"	"z 7P*"	"3"	9	7		
"5949.3466"	"5949.3456"	""		"37162.746"	"53966.662"	"3d7.(4F).4p"	"y 3F*"	"3"	"3d7.(4F).4d"	"h 5D"	"2"	7	5		
"5951.4532"	"5951.4575"	""		"26105.908"	"42903.861"	"3d7.(2H).4s"	"b 3H"	"6"	"3d6.(3H).4s.4p.(3P*)"	"z 5I*"	"6"	13	13		
"5952.7180"	"5952.7177"	"1.5e+06"	D	"32133.991"	"48928.388"	"3d6.(5D).4s.4p.(3P*)"	"z 3F*"	"2"	"3d7.(4F).5s"	"e 3F"	"2"	5	5		
"5952.885"	"5952.8860"	""		"34039.516"	"50833.438"	"3d7.(4F).4p"	"y 5F*"	"4"	"3d6.(5D).4s (6D).4d"	"e 7F"	"5"	9	11		
"5953.597"	"5953.5968"	""		"37045.934"	"53837.851"	"3d7.(2F).4s"	"d 3F"	"4"	"3d7.(4F).5p"	"3D*"	"3"	9	7		
"5956.460"	"5956.4616"	""		"34547.211"	"51331.052"	"3d7.(4F).4p"	"y 5F*"	"2"	"3d6.(5D).4s (6D).4d"	"e 7F"	"2"	5	5		
"5956.6940"	"5956.6934"	"5.15e+02"	B+	"6928.268"	"23711.456"	"3d7.(4F).4s"	"a 5F"	"5"	"3d6.(5D).4s.4p.(3P*)"	"z 7P*"	"4"	11	9		
"5957.864"	"5957.8638"	""		"33695.397"	"50475.288"	"3d7.(4F).4p"	"y 5F*"	"5"	"3d6.(5D).4s (6D).4d"	"e 7P"	"4"	11	9		
"5958.228"	"5958.2274"	""		"36766.966"	"53545.833"	"3d6.(5D).4s.4p.(1P*)"	"y 5P*"	"3"	"3d7.(4F).4d"	"h 5D"	"3"	7	7		
"5958.228"	"5958.2309"	""		"7728.060"	"24506.917"	"3d7.(4F).4s"	"a 5F"	"3"	"3d6.(5D).4s.4p.(3P*)"	"z 7P*"	"2"	7	5		
"5958.3328"	"5958.3325"	""		"17550.181"	"34328.752"	"3d7.(4P).4s"	"a 5P"	"3"	"3d7.(4F).4p"	"y 5F*"	"3"	7	7		
"5959.9142"	"5959.9146"	""		"33412.717"	"50186.834"	"3d8"	"c 3F"	"3"	"3d7.(2P).4p"	"w 3P*"	"2"	7	5		
"5960.361"	"5960.3620"	""		"41018.051"	"57790.909"	"3d6.(5D).4s.4p.(1P*)"	"x 5F*"	"2"	"3d7.(4F).6s"	"3F"	"2"	5	5		
"5961.524"	"5961.5239"	""		"40871.412"	"57641.001"	"3d8"	"3P"	"2"	"3d6.(3D).4s.4p.(3P*)"	"t 3F*"	"3"	5	7		
"5961.918"	"5961.9178"	""		"34039.516"	"50807.997"	"3d7.(4F).4p"	"y 5F*"	"4"	"3d6.(5D).4s (6D).4d"	"f 7D"	"4"	9	9		
"5962.219"	"5962.2190"	""		"37157.566"	"53925.200"	"3d6.(5D).4s.4p.(1P*)"	"y 5P*"	"2"	"3d7.(4F).4d"	"f 5P"	"1"	5	3		
"5963.065"	"5963.0543"	""		"29371.812"	"46137.097"	"3d6.4s2"	"b 3D"	"3"	"3d7.(4P).4p"	"w 5P*"	"3"	7	7		
"5963.2382"	"5963.2389"	""		"17927.382"	"34692.148"	"3d7.(4P).4s"	"a 5P"	"1"	"3d7.(4F).4p"	"y 5F*"	"1"	3	3		
"5965.471"	"5965.4690"	""		"34121.603"	"50880.102"	"3d7.(4F).4p"	"y 5D*"	"0"	"3d6.(5D).4s (6D).4d"	"f 5D"	"1"	1	3		
"5965.694"	"5965.6904"	""		"26351.040"	"43108.917"	"3d7.(2H).4s"	"b 3H"	"5"	"3d6.(3H).4s.4p.(3P*)"	"z 5H*"	"4"	11	9		
"5965.9905"	"5965.9887"	""		"39969.853"	"56726.892"	"3d6.(5D).4s.4p.(1P*)"	"x 5D*"	"3"	"3d6.4s.(6D).5d"	"5F"	"3"	7	7		
"5966.980"	"5966.9812"	""		"32873.632"	"49627.884"	"3d8"	"c 3F"	"4"	"3d7.(2G).4p"	"v 3G*"	"4"	9	9		
""	"5968.8829"	"2.4e-02"	E	"978.074"	"17726.988"	"3d6.4s2"	"a 5D"	"0"	"3d7.(4P).4s"	"a 5P"	"2"	1	5	E2	
"5969.5618"	"5969.5619"	""		"34547.211"	"51294.220"	"3d7.(4F).4p"	"y 5F*"	"2"	"3d6.(5D).4s (4D).5s"	"e 3D"	"3"	5	7		
"5973.470"	"5973.4716"	""		"41018.051"	"57754.099"	"3d6.(5D).4s.4p.(1P*)"	"x 5F*"	"2"	"3d7.(4F).6s"	"5F"	"1"	5	3		
"5975.346"	"5975.3471"	""		"32873.632"	"49604.427"	"3d8"	"c 3F"	"4"	"3d7.(2G).4p"	"y 3H*"	"5"	9	11		
"5975.346"	"5975.35"	""		"38995.736"	"55726.52?"	"3d7.(4F).4p"	"y 3D*"	"1"	"3d7.(4F).4d"	"e 3P"	"0"	3	1		
"5976.1600"	"5976.1601"	""		"34636.792"	"51365.311"	"3d6.4s2"	"b 1D2"	"2"	"3d7.(2D2).4p"	"v 3F*"	"3"	5	7		
"5976.4387"	"5976.4384"	""		"33695.397"	"50423.137"	"3d7.(4F).4p"	"y 5F*"	"5"	"3d6.(5D).4s (6D).4d"	"f 5D"	"4"	11	9		
"5976.7767"	"5976.7764"	""		"31805.071"	"48531.865"	"3d6.(5D).4s.4p.(3P*)"	"z 3F*"	"3"	"3d7.(4F).5s"	"e 3F"	"3"	7	7		
"5978.323"	"5978.3254"	""		"40491.284"	"57213.744"	"3d6.(5D).4s.4p.(1P*)"	"x 5D*"	"0"	"3d6.4s.(6D).5d"	"7F"	"1"	1	3		
"5978.894"	"5978.8914"	""		"40231.336"	"56952.213"	"3d6.(5D).4s.4p.(1P*)"	"x 5D*"	"2"	"3d6.4s.(6D).5d"	"5F"	"2"	5	5		
"5981.3647"	"5981.3647"	""		"29313.008"	"46026.971"	"3d6.4s2"	"a 1I"	"6"	"3d6.(3H).4s.4p.(3P*)"	"z 3I*"	"6"	13	13		
"5981.754"	"5981.7494"	""		"40594.432"	"57307.320"	"3d6.(5D).4s.4p.(1P*)"	"x 5F*"	"4"	"3d6.4s.(6D).5d"	"7F"	"4"	9	9		
"5982.312"	"5982.3100"	""		"39625.804"	"56337.126"	"3d6.(5D).4s.4p.(1P*)"	"x 5D*"	"4"	"3d6.4s.(6D).5d"	"5D"	"3"	9	7		
"5983.6806"	"5983.6796"	""		"36686.176"	"53393.673"	"3d7.(4F).4p"	"y 3F*"	"4"	"3d7.(4F).4d"	"g 5F"	"4"	9	9		
"5984.8147"	"5984.8148"	""		"38175.355"	"54879.683"	"3d7.(4F).4p"	"y 3D*"	"3"	"3d7.(4F).4d"	"e 3P"	"2"	7	5		
"5985.188"	"5985.1860"	""		"39969.853"	"56673.145"	"3d6.(5D).4s.4p.(1P*)"	"x 5D*"	"3"	"3d6.4s.(6D).5d"	"5G"	"4"	7	9		
"5986.9559"	"5986.9555"	""		"26627.609"	"43325.964"	"3d7.(2H).4s"	"b 3H"	"4"	"3d6.(3H).4s.4p.(3P*)"	"z 5H*"	"3"	9	7		
"5987.0645"	"5987.0645"	""		"38678.039"	"55376.090"	"3d7.(4F).4p"	"y 3D*"	"2"	"3d7.(4F).4d"	"e 3P"	"1"	5	3		
"5988.556"	"5988.5558"	""		"40871.412"	"57565.305"	"3d8"	"3P"	"2"	"3d6.(3P2).4s.4p.(1P*)"	"3D*"	"3"	5	7		
"5991.261"	"5991.2600"	""		"40842.154"	"57528.512"	"3d6.(5D).4s.4p.(1P*)"	"x 5F*"	"3"	"3d7.(4F).6s"	"5F"	"2"	7	5		
"5992.641"	"5992.6416"	""		"33695.397"	"50377.908"	"3d7.(4F).4p"	"y 5F*"	"5"	"3d6.(5D).4s (6D).4d"	"f 7D"	"5"	11	11		
"5992.998"	"5992.9987"	""		"34017.103"	"50698.620"	"3d7.(4F).4p"	"y 5D*"	"1"	"3d6.(5D).4s (6D).4d"	"f 5D"	"2"	3	5		
"5994.544"	"5994.5429"	""		"28604.613"	"45281.833"	"3d7.(2D2).4s"	"a 1D"	"2"	"3d6.(3P2).4s.4p.(3P*)"	"x 3D*"	"2"	5	5		
"5995.914"	"5995.9130"	""		"37157.566"	"53830.975"	"3d6.(5D).4s.4p.(1P*)"	"y 5P*"	"2"	"3d7.(4F).4d"	"g 5F"	"3"	5	7		
"5997.6745"	"5997.6746"	""		"40842.154"	"57510.666"	"3d6.(5D).4s.4p.(1P*)"	"x 5F*"	"3"	"3d7.(4F).6s"	"5F"	"3"	7	7		
"5997.7774"	"5997.7764"	""		"37162.746"	"53830.975"	"3d7.(4F).4p"	"y 3F*"	"3"	"3d7.(4F).4d"	"g 5F"	"3"	7	7		
"5998.9381"	"5998.9385"	""		"29313.008"	"45978.008"	"3d6.4s2"	"a 1I"	"6"	"3d6.(3H).4s.4p.(3P*)"	"z 3I*"	"7"	13	15		
""	"6000.0010"	"8.5e-03"	E	"888.132"	"17550.181"	"3d6.4s2"	"a 5D"	"1"	"3d7.(4P).4s"	"a 5P"	"3"	3	7	E2	
"6000.630"	"6000.6273"	""		"41130.599"	"57790.909"	"3d6.(5D).4s.4p.(1P*)"	"x 5F*"	"1"	"3d7.(4F).6s"	"3F"	"2"	3	5		
"6003.0119"	"6003.0108"	""		"31307.245"	"47960.940"	"3d6.(5D).4s.4p.(3P*)"	"z 3F*"	"4"	"3d7.(4F).5s"	"e 3F"	"4"	9	9		
"6005.5409"	"6005.5409"	""		"20874.482"	"37521.161"	"3d6.4s2"	"b 3F2"	"3"	"3d7.(4F).4p"	"y 3F*"	"2"	7	5		
"6007.7146"	"6007.7143"	""		"26351.040"	"42991.697"	"3d7.(2H).4s"	"b 3H"	"5"	"3d6.(3H).4s.4p.(3P*)"	"z 5H*"	"5"	11	11		
"6007.9597"	"6007.9594"	""		"37521.161"	"54161.139"	"3d7.(4F).4p"	"y 3F*"	"2"	"3d7.(4F).4d"	"f 5G"	"3"	5	7		
"6008.5562"	"6008.5556"	""		"31322.613"	"47960.940"	"3d6.(5D).4s.4p.(3P*)"	"z 3D*"	"3"	"3d7.(4F).5s"	"e 3F"	"4"	7	9		
"6009.826"	"6009.8209"	""		"36975.588"	"53610.412"	"3d7.(2F).4s"	"d 3F"	"3"	"3d7.(4F).5p"	"5D*"	"4"	7	9		
"6009.826"	"6009.8263"	""		"26224.969"	"42859.778"	"3d7.(2D2).4s"	"a 3D"	"3"	"3d6.(3P2).4s.4p.(3P*)"	"x 5P*"	"2"	7	5		
"6012.2095"	"6012.2095"	"1.69e+04"	C+	"17927.382"	"34555.597"	"3d7.(4P).4s"	"a 5P"	"1"	"3d6.(5D).4s.4p.(3P*)"	"z 3P*"	"0"	3	1		
"6012.4373"	"6012.4363"	""		"38678.039"	"55305.627"	"3d7.(4F).4p"	"y 3D*"	"2"	"3d6.4s.(6D).6s"	"5D"	"1"	5	3		
"6012.758"	"6012.7548"	""		"36766.966"	"53393.673"	"3d6.(5D).4s.4p.(1P*)"	"y 5P*"	"3"	"3d7.(4F).4d"	"g 5F"	"4"	7	9		
"6013.914"	"6013.9148"	""		"41130.599"	"57754.099"	"3d6.(5D).4s.4p.(1P*)"	"x 5F*"	"1"	"3d7.(4F).6s"	"5F"	"1"	3	3		
"6015.2439"	"6015.2432"	""		"17927.382"	"34547.211"	"3d7.(4P).4s"	"a 5P"	"1"	"3d7.(4F).4p"	"y 5F*"	"2"	3	5		
"6016.047"	"6016.0493"	""		"40257.314"	"56874.916"	"3d6.(5D).4s.4p.(1P*)"	"x 5F*"	"5"	"3d6.4s.(6D).5d"	"7G"	"6"	11	13		
"6018.2991"	"6018.2991"	""		"37521.161"	"54132.551"	"3d7.(4F).4p"	"y 3F*"	"2"	"3d7.(4F).4d"	"h 5D"	"1"	5	3		
"6019.3655"	"6019.3652"	""		"28819.954"	"45428.402"	"3d7.(2H).4s"	"a 1H"	"5"	"3d6.(3H).4s.4p.(3P*)"	"y 3G*"	"4"	11	9		
"6020.0132"	""	""		""	""	""	""	""	""	""	""				
"6020.1688"	"6020.1681"	""		"37162.746"	"53768.979"	"3d7.(4F).4p"	"y 3F*"	"3"	"3d7.(4F).4d"	"f 5G"	"4"	7	9		
"6021.7908"	"6021.7887"	""		"17726.988"	"34328.752"	"3d7.(4P).4s"	"a 5P"	"2"	"3d7.(4F).4p"	"y 5F*"	"3"	5	7		
"6024.0576"	"6024.0569"	""		"36686.176"	"53281.689"	"3d7.(4F).4p"	"y 3F*"	"4"	"3d7.(4F).4d"	"f 5G"	"5"	9	11		
"6027.0505"	"6027.0506"	"1.36e+06"	C+	"32873.632"	"49460.902"	"3d8"	"c 3F"	"4"	"3d7.(2G).4p"	"v 3G*"	"5"	9	11		
"6027.723"	"6027.7232"	""		"40257.314"	"56842.733"	"3d6.(5D).4s.4p.(1P*)"	"x 5F*"	"5"	"3d6.4s.(6D).5d"	"7F"	"5"	11	11		
"6027.966"	"6027.9649"	""		"37162.746"	"53747.500"	"3d7.(4F).4p"	"y 3F*"	"3"	"3d7.(4F).4d"	"f 3D"	"3"	7	7		
"6028.1063"	"6028.103"	""		"45608.361"	"62192.735"	"3d6.(3F2).4s.4p.(3P*)"	"x 5G*"	"6"	""	"62192e"	"5"	13	11		
"6034.0351"	"6034.0347"	""		"34782.421"	"51350.492"	"3d7.(4F).4p"	"z 5G*"	"5"	"3d6.(5D).4s (4D).5s"	"g 5D"	"4"	11	9		
"6035.337"	"6035.3367"	""		"34636.792"	"51201.289"	"3d6.4s2"	"b 1D2"	"2"	"3d7.(2D2).4p"	"v 3F*"	"2"	5	5		
"6035.337"	"6035.3436"	""		"37045.934"	"53610.412"	"3d7.(2F).4s"	"d 3F"	"4"	"3d7.(4F).5p"	"5D*"	"4"	9	9		
"6036.457"	"6036.4562"	""		"40594.432"	"57155.857"	"3d6.(5D).4s.4p.(1P*)"	"x 5F*"	"4"	"3d6.4s.(6D).5d"	"7G"	"4"	9	9		
"6042.0948"	""	""		""	""	""	""	""	""	""	""				
"6042.225"	"6042.2254"	""		"37521.161"	"54066.773"	"3d7.(4F).4p"	"y 3F*"	"2"	"3d7.(4F).4d"	"f 3D"	"2"	5	5		
"6054.0738"	"6054.0731"	""		"35257.324"	"51770.557"	"3d7.(4F).4p"	"z 5G*"	"4"	"3d6.(5D).4s (4D).5s"	"g 5D"	"3"	9	7		
"6055.091"	"6055.0895"	""		"41018.051"	"57528.512"	"3d6.(5D).4s.4p.(1P*)"	"x 5F*"	"2"	"3d7.(4F).6s"	"5F"	"2"	5	5		
"6055.401"	"6055.4016"	""		"39969.853"	"56479.463"	"3d6.(5D).4s.4p.(1P*)"	"x 5D*"	"3"	"3d6.4s.(6D).5d"	"5D"	"2"	7	5		
"6056.0043"	"6056.0043"	""		"38175.355"	"54683.322"	"3d7.(4F).4p"	"y 3D*"	"3"	"3d7.(4F).4d"	"f 3F"	"4"	7	9		
"6057.2581"	"6057.2530"	""		"40257.314"	"56761.878"	"3d6.(5D).4s.4p.(1P*)"	"x 5F*"	"5"	"3d6.4s.(6D).5d"	"5F"	"5"	11	11		
"6060.6239"	"6060.6218"	""		"12560.934"	"29056.324"	"3d7.(4F).4s"	"a 3F"	"3"	"3d6.(5D).4s.4p.(3P*)"	"z 5P*"	"3"	7	7		
"6060.808"	"6060.8088"	""		"34039.516"	"50534.397"	"3d7.(4F).4p"	"y 5F*"	"4"	"3d6.(5D).4s (6D).4d"	"f 5D"	"3"	9	7		
"6062.8480"	"6062.8473"	""		"17550.181"	"34039.516"	"3d7.(4P).4s"	"a 5P"	"3"	"3d7.(4F).4p"	"y 5F*"	"4"	7	9		
"6062.944"	"6062.9436"	""		"40231.336"	"56720.409"	"3d6.(5D).4s.4p.(1P*)"	"x 5D*"	"2"	"3d6.4s.(6D).5d"	"5S"	"2"	5	5		
"6065.482"	"6065.4814"	"1.07e+06"	B	"21038.987"	"37521.161"	"3d6.4s2"	"b 3F2"	"2"	"3d7.(4F).4p"	"y 3F*"	"2"	5	5		
"6065.482"	"6065.4848"	""		"39969.853"	"56452.018"	"3d6.(5D).4s.4p.(1P*)"	"x 5D*"	"3"	"3d6.4s.(6D).5d"	"7D"	"4"	7	9		
"6065.800"	"6065.8002"	""		"26627.609"	"43108.917"	"3d7.(2H).4s"	"b 3H"	"4"	"3d6.(3H).4s.4p.(3P*)"	"z 5H*"	"4"	9	9		
"6071.420"	"6071.4195"	""		"40207.091"	"56673.145"	"3d5.(6S).4s2.4p"	"y 7P*"	"3"	"3d6.4s.(6D).5d"	"5G"	"4"	7	9		
"6078.4907"	"6078.4907"	""		"38678.039"	"55124.938"	"3d7.(4F).4p"	"y 3D*"	"2"	"3d7.(4F).4d"	"f 3F"	"3"	5	7		
"6079.0089"	"6079.0074"	"2.9e+06"	E	"37521.161"	"53966.662"	"3d7.(4F).4p"	"y 3F*"	"2"	"3d7.(4F).4d"	"h 5D"	"2"	5	5		
"6081.710"	"6081.7082"	""		"35611.625"	"52049.823"	"3d7.(4F).4p"	"z 5G*"	"3"	"3d6.(5D).4s (4D).5s"	"g 5D"	"2"	7	5		
"6081.828"	"6081.8284"	""		"33412.717"	"49850.590"	"3d8"	"c 3F"	"3"	"3d7.(2G).4p"	"v 3G*"	"3"	7	7		
"6082.7102"	"6082.7099"	"1.61e+04"	B	"17927.382"	"34362.873"	"3d7.(4P).4s"	"a 5P"	"1"	"3d6.(5D).4s.4p.(3P*)"	"z 3P*"	"1"	3	3		
"6083.663"	"6083.6601"	""		"31322.613"	"47755.537"	"3d6.(5D).4s.4p.(3P*)"	"z 3D*"	"3"	"3d7.(4F).5s"	"e 5F"	"3"	7	7		
"6085.2587"	"6085.2576"	"6.99e+04"	D+	"22249.429"	"38678.039"	"3d7.(2G).4s"	"a 3G"	"3"	"3d7.(4F).4p"	"y 3D*"	"2"	7	5		
"6087.878"	"6087.8819"	""		"33765.306"	"50186.834"	"3d8"	"c 3F"	"2"	"3d7.(2P).4p"	"w 3P*"	"2"	5	5		
"6091.720"	"6091.7188"	""		"37157.566"	"53568.751"	"3d6.(5D).4s.4p.(1P*)"	"y 5P*"	"2"	"3d7.(4F).4d"	"f 5P"	"2"	5	5		
"6093.6440"	"6093.6422"	"1.2e+06"	E	"37162.746"	"53568.751"	"3d7.(4F).4p"	"y 3F*"	"3"	"3d7.(4F).4d"	"f 5P"	"2"	7	5		
"6094.3732"	"6094.3725"	"7.3e+05"	E	"37521.161"	"53925.200"	"3d7.(4F).4p"	"y 3F*"	"2"	"3d7.(4F).4d"	"f 5P"	"1"	5	3		
"6096.6649"	"6096.6638"	"3.4e+05"	E	"32133.991"	"48531.865"	"3d6.(5D).4s.4p.(3P*)"	"z 3F*"	"2"	"3d7.(4F).5s"	"e 3F"	"3"	5	7		
"6097.081"	"6097.0810"	""		"17550.181"	"33946.933"	"3d7.(4P).4s"	"a 5P"	"3"	"3d6.(5D).4s.4p.(3P*)"	"z 3P*"	"2"	7	5		
"6098.2443"	"6098.2433"	""		"36766.966"	"53160.593"	"3d6.(5D).4s.4p.(1P*)"	"y 5P*"	"3"	"3d7.(4F).4d"	"f 5P"	"3"	7	7		
"6100.2713"	"6100.2705"	""		"36766.966"	"53155.145"	"3d6.(5D).4s.4p.(1P*)"	"y 5P*"	"3"	"3d7.(4F).4d"	"h 5D"	"4"	7	9		
"6102.177"	"6102.1666"	""		"37162.746"	"53545.833"	"3d7.(4F).4p"	"y 3F*"	"3"	"3d7.(4F).4d"	"h 5D"	"3"	7	7		
"6102.177"	"6102.1710"	""		"38995.736"	"55378.811"	"3d7.(4F).4p"	"y 3D*"	"1"	"3d7.(4F).4d"	"f 3F"	"2"	3	5		
"6103.1847"	"6103.1847"	""		"38995.736"	"55376.090"	"3d7.(4F).4p"	"y 3D*"	"1"	"3d7.(4F).4d"	"e 3P"	"1"	3	3		
"6103.2935"	"6103.2931"	"1.52e+06"	C	"38175.355"	"54555.418"	"3d7.(4F).4p"	"y 3D*"	"3"	"3d7.(4F).4d"	"e 3H"	"4"	7	9		
"6105.1310"	"6105.1273"	""		"36686.176"	"53061.318"	"3d7.(4F).4p"	"y 3F*"	"4"	"3d7.(4F).4d"	"g 5F"	"5"	9	11		
"6107.329"	"6107.3233"	""		"32873.632"	"49242.886"	"3d8"	"c 3F"	"4"	"3d7.(2G).4p"	"w 3F*"	"3"	9	7		
"6120.2490"	"6120.2457"	"2.12e+01"	B+	"7376.764"	"23711.456"	"3d7.(4F).4s"	"a 5F"	"4"	"3d6.(5D).4s.4p.(3P*)"	"z 7P*"	"4"	9	9		
"6127.9062"	"6127.9059"	"7.87e+05"	D+	"33412.717"	"49726.990"	"3d8"	"c 3F"	"3"	"3d7.(2G).4p"	"y 3H*"	"4"	7	9		
"6135.790"	"6135.7864"	""		"40257.314"	"56550.634"	"3d6.(5D).4s.4p.(1P*)"	"x 5F*"	"5"	"3d6.4s.(6D).5d"	"5G"	"5"	11	11		
"6136.6149"	"6136.6146"	"1.01e+06"	B	"19788.251"	"36079.372"	"3d6.4s2"	"a 3H"	"4"	"3d7.(4F).4p"	"z 3G*"	"3"	9	7		
"6136.9943"	"6136.9936"	"6.62e+04"	B	"17726.988"	"34017.103"	"3d7.(4P).4s"	"a 5P"	"2"	"3d7.(4F).4p"	"y 5D*"	"1"	5	3		
"6137.286"	"6137.2814"	""		"36940.590"	"53229.941"	"3d7.(2F).4s"	"d 3F"	"2"	"3d7.(2D2).4p"	"v 3P*"	"1"	5	3		
"6137.498"	"6137.4980"	""		"26874.550"	"43163.326"	"3d6.(5D).4s.4p.(3P*)"	"z 5F*"	"5"	"3d6.(5D).4s (6D).5s"	"e 7D"	"4"	11	9		
"6137.6913"	"6137.6910"	"1.00e+06"	B	"20874.482"	"37162.746"	"3d6.4s2"	"b 3F2"	"3"	"3d7.(4F).4p"	"y 3F*"	"3"	7	7		
"6139.867"	"6139.8603"	""		"34328.752"	"50611.261"	"3d7.(4F).4p"	"y 5F*"	"3"	"3d6.(5D).4s (6D).4d"	"e 7P"	"3"	7	7		
"6141.7316"	"6141.7305"	"1.23e+06"	B	"29056.324"	"45333.875"	"3d6.(5D).4s.4p.(3P*)"	"z 5P*"	"3"	"3d6.(5D).4s (6D).5s"	"e 5D"	"2"	7	5		
"6147.8343"	"6147.8340"	"5.37e+05"	C+	"32873.632"	"49135.023"	"3d8"	"c 3F"	"4"	"3d6.(3F2).4s.4p.(3P*)"	"v 3D*"	"3"	9	7		
"6151.6177"	"6151.6170"	"1.77e+04"	B	"17550.181"	"33801.572"	"3d7.(4P).4s"	"a 5P"	"3"	"3d7.(4F).4p"	"y 5D*"	"2"	7	5		
"6157.7280"	"6157.7276"	"1.2e+06"	D	"32873.632"	"49108.896"	"3d8"	"c 3F"	"4"	"3d7.(2G).4p"	"w 3F*"	"4"	9	9		
"6159.377"	"6159.3730"	""		"37162.746"	"53393.673"	"3d7.(4F).4p"	"y 3F*"	"3"	"3d7.(4F).4d"	"g 5F"	"4"	7	9		
"6163.5441"	"6163.5434"	"8.44e+03"	C+	"17726.988"	"33946.933"	"3d7.(4P).4s"	"a 5P"	"2"	"3d6.(5D).4s.4p.(3P*)"	"z 3P*"	"2"	5	5		
"6165.3599"	"6165.3595"	"6.54e+05"	C+	"33412.717"	"49627.884"	"3d8"	"c 3F"	"3"	"3d7.(2G).4p"	"v 3G*"	"4"	7	9		
"6169.597"	"6169.5974"	""		"38175.355"	"54379.384"	"3d7.(4F).4p"	"y 3D*"	"3"	"3d7.(4F).4d"	"e 3G"	"3"	7	7		
"6170.5067"	"6170.5056"	""		"38678.039"	"54879.683"	"3d7.(4F).4p"	"y 3D*"	"2"	"3d7.(4F).4d"	"e 3P"	"2"	5	5		
"6173.3352"	"6173.3340"	"2.31e+05"	B	"17927.382"	"34121.603"	"3d7.(4P).4s"	"a 5P"	"1"	"3d7.(4F).4p"	"y 5D*"	"0"	3	1		
"6180.2038"	"6180.2019"	"5.59e+04"	D+	"21999.130"	"38175.355"	"3d7.(2G).4s"	"a 3G"	"4"	"3d7.(4F).4p"	"y 3D*"	"3"	9	7		
"6185.697"	"6185.6970"	""		"45562.974"	"61724.829"	"3d6.(3H).4s.4p.(3P*)"	"y 3G*"	"3"	""	"61724e"	"4"	7	9		
"6187.9900"	"6187.9889"	"4.1e+05"	E	"31805.071"	"47960.940"	"3d6.(5D).4s.4p.(3P*)"	"z 3F*"	"3"	"3d7.(4F).5s"	"e 3F"	"4"	7	9		
"6191.558"	"6191.5572"	"7.41e+05"	C+	"19621.006"	"35767.564"	"3d6.4s2"	"a 3H"	"5"	"3d7.(4F).4p"	"z 3G*"	"4"	11	9		
"6191.558"	"6191.5657"	""		"34328.752"	"50475.288"	"3d7.(4F).4p"	"y 5F*"	"3"	"3d6.(5D).4s (6D).4d"	"e 7P"	"4"	7	9		
"6200.3125"	"6200.3122"	"9.06e+04"	C+	"21038.987"	"37162.746"	"3d6.4s2"	"b 3F2"	"2"	"3d7.(4F).4p"	"y 3F*"	"3"	5	7		
"6213.4299"	"6213.4291"	"1.90e+05"	D+	"17927.382"	"34017.103"	"3d7.(4P).4s"	"a 5P"	"1"	"3d7.(4F).4p"	"y 5D*"	"1"	3	3		
"6215.1434"	"6215.1431"	"1.18e+06"	C+	"33765.306"	"49850.590"	"3d8"	"c 3F"	"2"	"3d7.(2G).4p"	"v 3G*"	"3"	5	7		
"6219.2806"	"6219.2802"	"1.27e+05"	B	"17726.988"	"33801.572"	"3d7.(4P).4s"	"a 5P"	"2"	"3d7.(4F).4p"	"y 5D*"	"2"	5	5		
"6220.783"	"6220.7794"	""		"31307.245"	"47377.955"	"3d6.(5D).4s.4p.(3P*)"	"z 3F*"	"4"	"3d7.(4F).5s"	"e 5F"	"4"	9	9		
"6226.250"	"6226.2500"	""		"29371.812"	"45428.402"	"3d6.4s2"	"b 3D"	"3"	"3d6.(3H).4s.4p.(3P*)"	"y 3G*"	"4"	7	9		
"6226.736"	"6226.7339"	""		"31322.613"	"47377.955"	"3d6.(5D).4s.4p.(3P*)"	"z 3D*"	"3"	"3d7.(4F).5s"	"e 5F"	"4"	7	9		
"6229.228"	"6229.2256"	"8.97e+04"	D+	"22946.816"	"38995.736"	"3d7.(4P).4s"	"b 3P"	"1"	"3d7.(4F).4p"	"y 3D*"	"1"	3	3		
"6230.7226"	"6230.7219"	"9.99e+05"	B	"20641.110"	"36686.176"	"3d6.4s2"	"b 3F2"	"4"	"3d7.(4F).4p"	"y 3F*"	"4"	9	9		
""	"6231.2605"	"1.7e-01"	E	"12560.934"	"28604.613"	"3d7.(4F).4s"	"a 3F"	"3"	"3d7.(2D2).4s"	"a 1D"	"2"	7	5	M1	
"6232.6408"	"6232.6400"	"3.42e+06"	B	"29469.024"	"45509.152"	"3d6.(5D).4s.4p.(3P*)"	"z 5P*"	"2"	"3d6.(5D).4s (6D).5s"	"e 5D"	"1"	5	3		
"6240.310"	"6240.3097"	""		"33412.717"	"49433.131"	"3d8"	"c 3F"	"3"	"3d7.(2G).4p"	"w 3F*"	"2"	7	5		
"6240.6458"	"6240.6459"	"2.30e+04"	D+	"17927.382"	"33946.933"	"3d7.(4P).4s"	"a 5P"	"1"	"3d6.(5D).4s.4p.(3P*)"	"z 3P*"	"2"	3	5		
"6246.3184"	"6246.3177"	"3.24e+06"	B	"29056.324"	"45061.329"	"3d6.(5D).4s.4p.(3P*)"	"z 5P*"	"3"	"3d6.(5D).4s (6D).5s"	"e 5D"	"3"	7	7		
"6252.5550"	"6252.5546"	"3.19e+05"	B	"19390.168"	"35379.208"	"3d6.4s2"	"a 3H"	"6"	"3d7.(4F).4p"	"z 3G*"	"5"	13	11		
"6253.831"	"6253.8282"	""		"38175.355"	"54161.139"	"3d7.(4F).4p"	"y 3D*"	"3"	"3d7.(4F).4d"	"f 5G"	"3"	7	7		
"6254.2581"	"6254.2574"	"2.13e+05"	C+	"18378.186"	"34362.873"	"3d6.4s2"	"a 3P2"	"2"	"3d6.(5D).4s.4p.(3P*)"	"z 3P*"	"1"	5	3		
"6256.3611"	"6256.3608"	"7.40e+04"	C	"19788.251"	"35767.564"	"3d6.4s2"	"a 3H"	"4"	"3d7.(4F).4p"	"z 3G*"	"4"	9	9		
"6265.1335"	"6265.1320"	"6.84e+04"	B	"17550.181"	"33507.123"	"3d7.(4P).4s"	"a 5P"	"3"	"3d7.(4F).4p"	"y 5D*"	"3"	7	7		
"6270.2246"	"6270.2231"	"1.39e+05"	D	"23051.750"	"38995.736"	"3d7.(4P).4s"	"b 3P"	"0"	"3d7.(4F).4p"	"y 3D*"	"1"	1	3		
"6271.278"	"6271.2776"	"3.05e+04"	C+	"26874.550"	"42815.855"	"3d6.(5D).4s.4p.(3P*)"	"z 5F*"	"5"	"3d6.(5D).4s (6D).5s"	"e 7D"	"5"	11	11		
"6280.6178"	"6280.6167"	"6.26e+02"	B+	"6928.268"	"22845.869"	"3d7.(4F).4s"	"a 5F"	"5"	"3d6.(5D).4s.4p.(3P*)"	"z 7F*"	"5"	11	11		
"6280.774"	"6280.7694"	""		"36940.590"	"52857.804"	"3d7.(2F).4s"	"d 3F"	"2"	"3d7.(2D2).4p"	"t 3D*"	"1"	5	3		
"6290.9652"	"6290.9648"	""		"38175.355"	"54066.773"	"3d7.(4F).4p"	"y 3D*"	"3"	"3d7.(4F).4d"	"f 3D"	"2"	7	5		
"6291.070"	"6291.0658"	""		"38175.355"	"54066.518"	"3d7.(4F).4p"	"y 3D*"	"3"	"3d7.(4F).4d"	"e 3G"	"4"	7	9		
"6293.925"	"6293.9238"	""		"38995.736"	"54879.683"	"3d7.(4F).4p"	"y 3D*"	"1"	"3d7.(4F).4d"	"e 3P"	"2"	3	5		
"6297.7927"	"6297.7923"	"6.12e+04"	B	"17927.382"	"33801.572"	"3d7.(4P).4s"	"a 5P"	"1"	"3d7.(4F).4p"	"y 5D*"	"2"	3	5		
"6301.5008"	"6301.4996"	"6.43e+06"	B	"29469.024"	"45333.875"	"3d6.(5D).4s.4p.(3P*)"	"z 5P*"	"2"	"3d6.(5D).4s (6D).5s"	"e 5D"	"2"	5	5		
"6302.4932"	"6302.4932"	""		"29732.736"	"45595.086"	"3d6.(5D).4s.4p.(3P*)"	"z 5P*"	"1"	"3d6.(5D).4s (6D).5s"	"e 5D"	"0"	3	1		
"6307.854"	"6307.8541"	""		"29371.812"	"45220.681"	"3d6.4s2"	"b 3D"	"3"	"3d6.(3P2).4s.4p.(3P*)"	"x 3D*"	"3"	7	7		
"6311.4999"	"6311.4991"	"2.42e+04"	C+	"22838.323"	"38678.039"	"3d7.(4P).4s"	"b 3P"	"2"	"3d7.(4F).4p"	"y 3D*"	"2"	5	5		
"6312.770"	"6312.7653"	""		"35767.564"	"51604.103"	"3d7.(4F).4p"	"z 3G*"	"4"	"3d6.(5D).4s (6D).4d"	"f 5F"	"3"	9	7		
"6315.3063"	"6315.3056"	"1.40e+06"	C	"33412.717"	"49242.886"	"3d8"	"c 3F"	"3"	"3d7.(2G).4p"	"w 3F*"	"3"	7	7		
"6315.4121"	"6315.4113"	""		"33412.717"	"49242.621"	"3d8"	"c 3F"	"3"	"3d6.(3F2).4s.4p.(3P*)"	"v 3D*"	"2"	7	5		
"6315.8110"	"6315.8107"	"4.0e+05"	D	"32873.632"	"48702.535"	"3d8"	"c 3F"	"4"	"3d6.(3H).4s.4p.(3P*)"	"y 1G*"	"4"	9	9		
"6318.0171"	"6318.0176"	"3.75e+05"	D+	"19788.251"	"35611.625"	"3d6.4s2"	"a 3H"	"4"	"3d7.(4F).4p"	"z 5G*"	"3"	9	7		
"6322.6851"	"6322.6847"	"6.95e+04"	C+	"20874.482"	"36686.176"	"3d6.4s2"	"b 3F2"	"3"	"3d7.(4F).4p"	"y 3F*"	"4"	7	9		
"6330.8491"	"6330.8475"	"6.4e+05"	E	"38175.355"	"53966.662"	"3d7.(4F).4p"	"y 3D*"	"3"	"3d7.(4F).4d"	"h 5D"	"2"	7	5		
"6335.3304"	"6335.3296"	"1.58e+05"	C+	"17726.988"	"33507.123"	"3d7.(4P).4s"	"a 5P"	"2"	"3d7.(4F).4p"	"y 5D*"	"3"	5	7		
"6336.8239"	"6336.8231"	"7.71e+06"	B	"29732.736"	"45509.152"	"3d6.(5D).4s.4p.(3P*)"	"z 5P*"	"1"	"3d6.(5D).4s (6D).5s"	"e 5D"	"1"	3	3		
"6338.8771"	"6338.8755"	"5.1e+06"	D	"38678.039"	"54449.347"	"3d7.(4F).4p"	"y 3D*"	"2"	"3d7.(4F).4d"	"f 3D"	"1"	5	3		
"6344.1487"	"6344.1475"	"1.80e+04"	B	"19621.006"	"35379.208"	"3d6.4s2"	"a 3H"	"5"	"3d7.(4F).4p"	"z 3G*"	"5"	11	11		
"6350.544"	"6350.5440"	""		"36940.590"	"52682.920"	"3d7.(2F).4s"	"d 3F"	"2"	"3d7.(2D2).4p"	"t 3D*"	"2"	5	5		
"6351.272"	"6351.2730"	""		"34782.421"	"50522.944"	"3d7.(4F).4p"	"z 5G*"	"5"	"3d6.(5D).4s (6D).4d"	"e 5G"	"6"	11	13		
"6353.836"	"6353.8355"	"7.87e+00"	B+	"7376.764"	"23110.939"	"3d7.(4F).4s"	"a 5F"	"4"	"3d6.(5D).4s.4p.(3P*)"	"z 7F*"	"3"	9	7		
"6355.0286"	"6355.0278"	"1.69e+05"	C	"22946.816"	"38678.039"	"3d7.(4P).4s"	"b 3P"	"1"	"3d7.(4F).4p"	"y 3D*"	"2"	3	5		
"6358.6333"	"6358.6321"	"5.19e+05"	C+	"33412.717"	"49135.023"	"3d8"	"c 3F"	"3"	"3d6.(3F2).4s.4p.(3P*)"	"v 3D*"	"3"	7	7		
"6358.6972"	"6358.6960"	"4.32e+02"	A	"6928.268"	"22650.416"	"3d7.(4F).4s"	"a 5F"	"5"	"3d6.(5D).4s.4p.(3P*)"	"z 7F*"	"6"	11	13		
"6362.8759"	"6362.8755"	"2.8e+05"	E	"33765.306"	"49477.127"	"3d8"	"c 3F"	"2"	"3d6.(3F2).4s.4p.(3P*)"	"1F*"	"3"	5	7		
"6364.3653"	"6364.3637"	"2.1e+06"	E	"38678.039"	"54386.186"	"3d7.(4F).4p"	"y 3D*"	"2"	"3d7.(4F).4d"	"g 5F"	"1"	5	3		
"6364.6947"	"6364.6939"	""		"36975.588"	"52682.920"	"3d7.(2F).4s"	"d 3F"	"3"	"3d7.(2D2).4p"	"t 3D*"	"2"	7	5		
"6367.120"	"6367.1208"	""		"38678.039"	"54379.384"	"3d7.(4F).4p"	"y 3D*"	"2"	"3d7.(4F).4d"	"e 3G"	"3"	5	7		
"6368.379"	"6368.3717"	""		"31307.245"	"47005.506"	"3d6.(5D).4s.4p.(3P*)"	"z 3F*"	"4"	"3d7.(4F).5s"	"e 5F"	"5"	9	11		
"6368.634"	"6368.6244"	""		"38678.039"	"54375.677"	"3d7.(4F).4p"	"y 3D*"	"2"	"3d7.(4F).4d"	"f 5G"	"2"	5	5		
"6376.199"	"6376.2003"	""		"34843.957"	"50522.944"	"3d7.(4F).4p"	"z 5G*"	"6"	"3d6.(5D).4s (6D).4d"	"e 5G"	"6"	13	13		
"6380.7428"	"6380.7429"	"1.38e+06"	C	"33765.306"	"49433.131"	"3d8"	"c 3F"	"2"	"3d7.(2G).4p"	"w 3F*"	"2"	5	5		
"6385.7181"	"6385.7173"	""		"38175.355"	"53830.975"	"3d7.(4F).4p"	"y 3D*"	"3"	"3d7.(4F).4d"	"g 5F"	"3"	7	7		
"6392.5383"	"6392.5375"	""		"18378.186"	"34017.103"	"3d6.4s2"	"a 3P2"	"2"	"3d7.(4F).4p"	"y 5D*"	"1"	5	3		
"6393.6009"	"6393.6001"	"4.81e+05"	C	"19621.006"	"35257.324"	"3d6.4s2"	"a 3H"	"5"	"3d7.(4F).4p"	"z 5G*"	"4"	11	9		
""	"6393.7060"	"9.3e-02"	E	"12968.554"	"28604.613"	"3d7.(4F).4s"	"a 3F"	"2"	"3d7.(2D2).4s"	"a 1D"	"2"	5	5	M1	
"6397.968"	"6397.9685"	""		"36079.372"	"51705.014"	"3d7.(4F).4p"	"z 3G*"	"3"	"3d6.(5D).4s (6D).4d"	"f 5F"	"2"	7	5		
"6399.649"	"6399.6460"	""		"32133.991"	"47755.537"	"3d6.(5D).4s.4p.(3P*)"	"z 3F*"	"2"	"3d7.(4F).5s"	"e 5F"	"3"	5	7		
"6400.0008"	"6400.0000"	"9.27e+06"	B	"29056.324"	"44677.006"	"3d6.(5D).4s.4p.(3P*)"	"z 5P*"	"3"	"3d6.(5D).4s (6D).5s"	"e 5D"	"4"	7	9		
"6400.3175"	"6400.3163"	"8.69e+02"	C+	"7376.764"	"22996.674"	"3d7.(4F).4s"	"a 5F"	"4"	"3d6.(5D).4s.4p.(3P*)"	"z 7F*"	"4"	9	9		
"6408.0179"	"6408.0171"	"3.12e+06"	B	"29732.736"	"45333.875"	"3d6.(5D).4s.4p.(3P*)"	"z 5P*"	"1"	"3d6.(5D).4s (6D).5s"	"e 5D"	"2"	3	5		
"6408.335"	"6408.3326"	""		"35379.208"	"50979.579"	"3d7.(4F).4p"	"z 3G*"	"5"	"3d6.(5D).4s (6D).4d"	"e 5G"	"4"	11	9		
"6411.107"	"6411.1054"	""		"38175.355"	"53768.979"	"3d7.(4F).4p"	"y 3D*"	"3"	"3d7.(4F).4d"	"f 5G"	"4"	7	9		
"6411.6489"	"6411.6477"	"4.43e+06"	B	"29469.024"	"45061.329"	"3d6.(5D).4s.4p.(3P*)"	"z 5P*"	"2"	"3d6.(5D).4s (6D).5s"	"e 5D"	"3"	5	7		
"6412.202"	"6412.2021"	""		"19788.251"	"35379.208"	"3d6.4s2"	"a 3H"	"4"	"3d7.(4F).4p"	"z 3G*"	"5"	9	11		
"6416.930"	"6416.9328"	""		"38678.039"	"54257.502"	"3d7.(4F).4p"	"y 3D*"	"2"	"3d7.(4F).4d"	"g 5F"	"2"	5	5		
"6419.6450"	"6419.6437"	""		"31805.071"	"47377.955"	"3d6.(5D).4s.4p.(3P*)"	"z 3F*"	"3"	"3d7.(4F).5s"	"e 5F"	"4"	7	9		
"6419.9492"	"6419.9484"	"1.2e+07"	D	"38175.355"	"53747.500"	"3d7.(4F).4p"	"y 3D*"	"3"	"3d7.(4F).4d"	"f 3D"	"3"	7	7		
"6420.065"	"6420.0630"	""		"36940.590"	"52512.457"	"3d7.(2F).4s"	"d 3F"	"2"	"3d7.(2P).4p"	"u 3D*"	"1"	5	3		
"6421.3504"	"6421.3496"	"3.04e+05"	B	"18378.186"	"33946.933"	"3d6.4s2"	"a 3P2"	"2"	"3d6.(5D).4s.4p.(3P*)"	"z 3P*"	"2"	5	5		
"6430.8460"	"6430.8447"	"1.77e+05"	B	"17550.181"	"33095.941"	"3d7.(4P).4s"	"a 5P"	"3"	"3d7.(4F).4p"	"y 5D*"	"4"	7	9		
"6434.876"	"6434.8764"	""		"27543.003"	"43079.023"	"3d7.(2P).4s"	"a 1P"	"1"	"3d6.(3P2).4s.4p.(3P*)"	"x 5P*"	"1"	3	3		
"6436.4068"	"6436.4056"	""		"33765.306"	"49297.635"	"3d8"	"c 3F"	"2"	"3d6.(3F2).4s.4p.(3P*)"	"v 3D*"	"1"	5	3		
"6438.459"	"6438.4616"	""		"43434.627"	"58961.996"	"3d6.(5D).4s (6D).5s"	"e 7D"	"3"	"3d6.4s.(4D).5p"	"3F*"	"2"	7	5		
"6438.7577"	"6438.7573"	""		"35767.564"	"51294.220"	"3d7.(4F).4p"	"z 3G*"	"4"	"3d6.(5D).4s (4D).5s"	"e 3D"	"3"	9	7		
"6439.562"	"6439.5557"	""		"36079.372"	"51604.103"	"3d7.(4F).4p"	"z 3G*"	"3"	"3d6.(5D).4s (6D).4d"	"f 5F"	"3"	7	7		
"6446.100"	"6446.0995"	""		"32873.632"	"48382.603"	"3d8"	"c 3F"	"4"	"3d7.(2G).4p"	"z 1H*"	"5"	9	11		
"6459.286"	"6459.2839"	""		"33765.306"	"49242.621"	"3d8"	"c 3F"	"2"	"3d6.(3F2).4s.4p.(3P*)"	"v 3D*"	"2"	5	5		
"6462.725"	"6462.7121"	"9.70e+04"	C	"7376.764"	"22845.869"	"3d7.(4F).4s"	"a 5F"	"4"	"3d6.(5D).4s.4p.(3P*)"	"z 7F*"	"5"	9	11		
"6462.725"	"6462.7255"	"5.60e+04"	C	"19788.251"	"35257.324"	"3d6.4s2"	"a 3H"	"4"	"3d7.(4F).4p"	"z 5G*"	"4"	9	9		
"6464.6638"	"6464.6617"	""		"7728.060"	"23192.500"	"3d7.(4F).4s"	"a 5F"	"3"	"3d6.(5D).4s.4p.(3P*)"	"z 7F*"	"2"	7	5		
"6469.1177"	"6469.1173"	""		"19390.168"	"34843.957"	"3d6.4s2"	"a 3H"	"6"	"3d7.(4F).4p"	"z 5G*"	"6"	13	13		
"6469.1926"	"6469.1918"	"8.3e+06"	E	"38995.736"	"54449.347"	"3d7.(4F).4p"	"y 3D*"	"1"	"3d7.(4F).4d"	"f 3D"	"1"	3	3		
"6472.149"	"6472.1507"	""		"35257.324"	"50703.870"	"3d7.(4F).4p"	"z 5G*"	"4"	"3d6.(5D).4s (6D).4d"	"e 5G"	"5"	9	11		
"6475.6240"	"6475.6236"	"2.60e+04"	C	"20641.110"	"36079.372"	"3d6.4s2"	"b 3F2"	"4"	"3d7.(4F).4p"	"z 3G*"	"3"	9	7		
"6476.609"	"6476.6045"	""		"33095.941"	"48531.865"	"3d7.(4F).4p"	"y 5D*"	"4"	"3d7.(4F).5s"	"e 3F"	"3"	9	7		
"6481.8699"	"6481.8695"	"3.29e+04"	B	"18378.186"	"33801.572"	"3d6.4s2"	"a 3P2"	"2"	"3d7.(4F).4p"	"y 5D*"	"2"	5	5		
"6483.946"	"6483.9437"	""		"11976.239"	"27394.691"	"3d7.(4F).4s"	"a 3F"	"4"	"3d6.(5D).4s.4p.(3P*)"	"z 5F*"	"3"	9	7		
"6494.4995"	"6494.4978"	""		"38175.355"	"53568.751"	"3d7.(4F).4p"	"y 3D*"	"3"	"3d7.(4F).4d"	"f 5P"	"2"	7	5		
"6494.9800"	"6494.9801"	"7.66e+05"	B	"19390.168"	"34782.421"	"3d6.4s2"	"a 3H"	"6"	"3d7.(4F).4p"	"z 5G*"	"5"	13	11		
"6495.7418"	"6495.7410"	"6.4e+06"	E	"38995.736"	"54386.186"	"3d7.(4F).4p"	"y 3D*"	"1"	"3d7.(4F).4d"	"g 5F"	"1"	3	3		
"6496.4661"	"6496.4653"	"7.8e+06"	E	"38678.039"	"54066.773"	"3d7.(4F).4p"	"y 3D*"	"2"	"3d7.(4F).4d"	"f 3D"	"2"	5	5		
"6498.9388"	"6498.9380"	"4.64e+02"	B+	"7728.060"	"23110.939"	"3d7.(4F).4s"	"a 5F"	"3"	"3d6.(5D).4s.4p.(3P*)"	"z 7F*"	"3"	7	7		
"6499.616"	"6499.6119"	""		"35767.564"	"51148.848"	"3d7.(4F).4p"	"z 3G*"	"4"	"3d6.(5D).4s (6D).4d"	"e 7F"	"3"	9	7		
"6500.478"	"6500.477"	""		"43922.668"	"59301.904"	"3d6.(3P2).4s.4p.(3P*)"	"w 5D*"	"3"	"3d6.4s.(4D).4d"	"3F"	"4"	7	9		
"6501.6718"	""	""		""	""	""	""	""	""	""	""				
"6504.1831"	"6504.1814"	""		"38175.355"	"53545.833"	"3d7.(4F).4p"	"y 3D*"	"3"	"3d7.(4F).4d"	"h 5D"	"3"	7	7		
"6504.509"	"6504.5035"	""		"33765.306"	"49135.023"	"3d8"	"c 3F"	"2"	"3d6.(3F2).4s.4p.(3P*)"	"v 3D*"	"3"	5	7		
"6509.6164"	"6509.6151"	""		"32873.632"	"48231.280"	"3d8"	"c 3F"	"4"	"3d6.(3G).4s.4p.(3P*)"	"y 5H*"	"5"	9	11		
"6518.3667"	"6518.3654"	"1.13e+05"	D+	"22838.323"	"38175.355"	"3d7.(4P).4s"	"b 3P"	"2"	"3d7.(4F).4p"	"y 3D*"	"3"	5	7		
"6528.5345"	""	""		""	""	""	""	""	""	""	""				
"6533.9290"	"6533.9277"	"1.2e+06"	E	"36766.966"	"52067.469"	"3d6.(5D).4s.4p.(1P*)"	"y 5P*"	"3"	"3d6.(5D).4s (6D).4d"	"e 5P"	"2"	7	5		
"6538.4934"	"6538.4939"	""		"33412.717"	"48702.535"	"3d8"	"c 3F"	"3"	"3d6.(3H).4s.4p.(3P*)"	"y 1G*"	"4"	7	9		
"6546.2390"	"6546.2373"	"9.06e+05"	C	"22249.429"	"37521.161"	"3d7.(2G).4s"	"a 3G"	"3"	"3d7.(4F).4p"	"y 3F*"	"2"	7	5		
"6547.576"	"6547.5742"	""		"7728.060"	"22996.674"	"3d7.(4F).4s"	"a 5F"	"3"	"3d6.(5D).4s.4p.(3P*)"	"z 7F*"	"4"	7	9		
"6551.6776"	"6551.6768"	""		"7985.785"	"23244.838"	"3d7.(4F).4s"	"a 5F"	"2"	"3d6.(5D).4s.4p.(3P*)"	"z 7F*"	"1"	5	3		
"6555.869"	"6555.8688"	""		"32873.632"	"48122.928"	"3d8"	"c 3F"	"4"	"3d6.(3G).4s.4p.(3P*)"	"v 5F*"	"3"	9	7		
"6556.7876"	"6556.7868"	""		"38678.039"	"53925.200"	"3d7.(4F).4p"	"y 3D*"	"2"	"3d7.(4F).4d"	"f 5P"	"1"	5	3		
"6559.771"	"6559.7687"	""		"36940.590"	"52180.820"	"3d7.(2F).4s"	"d 3F"	"2"	"3d7.(2P).4p"	"1P*"	"1"	5	3		
"6569.2151"	"6569.2138"	"6.0e+06"	D	"38175.355"	"53393.673"	"3d7.(4F).4p"	"y 3D*"	"3"	"3d7.(4F).4d"	"g 5F"	"4"	7	9		
"6571.167"	"6571.1655"	""		"34636.792"	"49850.590"	"3d6.4s2"	"b 1D2"	"2"	"3d7.(2G).4p"	"v 3G*"	"3"	5	7		
"6574.228"	"6574.2263"	"3.06e+02"	B+	"7985.785"	"23192.500"	"3d7.(4F).4s"	"a 5F"	"2"	"3d6.(5D).4s.4p.(3P*)"	"z 7F*"	"2"	5	5		
"6575.0154"	"6575.0154"	"4.30e+04"	C+	"20874.482"	"36079.372"	"3d6.4s2"	"b 3F2"	"3"	"3d7.(4F).4p"	"z 3G*"	"3"	7	7		
"6581.2097"	"6581.2089"	"3.58e+02"	C+	"11976.239"	"27166.820"	"3d7.(4F).4s"	"a 3F"	"4"	"3d6.(5D).4s.4p.(3P*)"	"z 5F*"	"4"	9	9		
"6584.579"	"6584.5743"	""		"43499.505"	"58682.322"	"3d6.(3P2).4s.4p.(3P*)"	"w 5D*"	"4"	"3d6.4s.(4D).4d"	"3D"	"3"	9	7		
"6591.3125"	"6591.3125"	""		"37045.934"	"52213.230"	"3d7.(2F).4s"	"d 3F"	"4"	"3d7.(2D2).4p"	"t 3D*"	"3"	9	7		
"6592.609"	"6592.6082"	""		"39969.853"	"55134.168"	"3d6.(5D).4s.4p.(1P*)"	"x 5D*"	"3"	"3d6.4s.(6D).6s"	"5D"	"2"	7	5		
"6592.9134"	"6592.9121"	"7.37e+05"	C+	"21999.130"	"37162.746"	"3d7.(2G).4s"	"a 3G"	"4"	"3d7.(4F).4p"	"y 3F*"	"3"	9	7		
"6593.8701"	"6593.8692"	"5.28e+04"	B	"19621.006"	"34782.421"	"3d6.4s2"	"a 3H"	"5"	"3d7.(4F).4p"	"z 5G*"	"5"	11	11		
"6597.5606"	"6597.5589"	"2.0e+06"	E	"38678.039"	"53830.975"	"3d7.(4F).4p"	"y 3D*"	"2"	"3d7.(4F).4d"	"g 5F"	"3"	5	7		
"6601.122"	"6601.1233"	""		"40231.336"	"55376.090"	"3d6.(5D).4s.4p.(1P*)"	"x 5D*"	"2"	"3d7.(4F).4d"	"e 3P"	"1"	5	3		
"6603.196"	"6603.1961"	""		"29371.812"	"44511.812"	"3d6.4s2"	"b 3D"	"3"	"3d7.(4P).4p"	"y 5S*"	"2"	7	5		
"6603.340"	"6603.3400"	""		"19552.478"	"34692.148"	"3d6.4s2"	"a 3P2"	"1"	"3d7.(4F).4p"	"y 5F*"	"1"	3	3		
"6604.5885"	"6604.5855"	""		"38995.736"	"54132.551"	"3d7.(4F).4p"	"y 3D*"	"1"	"3d7.(4F).4d"	"h 5D"	"1"	3	3		
"6608.0256"	"6608.0247"	""		"18378.186"	"33507.123"	"3d6.4s2"	"a 3P2"	"2"	"3d7.(4F).4p"	"y 5D*"	"3"	5	7		
"6608.9521"	"6608.9512"	""		"33801.572"	"48928.388"	"3d7.(4F).4p"	"y 5D*"	"2"	"3d7.(4F).5s"	"e 3F"	"2"	5	5		
"6609.1098"	"6609.1094"	"3.45e+04"	C+	"20641.110"	"35767.564"	"3d6.4s2"	"b 3F2"	"4"	"3d7.(4F).4p"	"z 3G*"	"4"	9	9		
"6609.678"	"6609.6775"	""		"7985.785"	"23110.939"	"3d7.(4F).4s"	"a 5F"	"2"	"3d6.(5D).4s.4p.(3P*)"	"z 7F*"	"3"	5	7		
"6613.8250"	"6613.8246"	""		"8154.714"	"23270.384"	"3d7.(4F).4s"	"a 5F"	"1"	"3d6.(5D).4s.4p.(3P*)"	"z 7F*"	"0"	3	1		
"6614.949"	"6614.9519"	""		"43922.668"	"59035.762"	"3d6.(3P2).4s.4p.(3P*)"	"w 5D*"	"3"	"3d6.4s.(6D).7s"	"5D"	"2"	7	5		
"6622.407"	"6622.4073"	""		"35379.208"	"50475.288"	"3d7.(4F).4p"	"z 3G*"	"5"	"3d6.(5D).4s (6D).4d"	"e 7P"	"4"	11	9		
"6623.791"	"6623.7794"	""		"32873.632"	"47966.585"	"3d8"	"c 3F"	"4"	"3d5.(6S).4s2.4p"	"v 5P*"	"3"	9	7		
"6625.0216"	"6625.0212"	"2.34e+02"	B+	"8154.714"	"23244.838"	"3d7.(4F).4s"	"a 5F"	"1"	"3d6.(5D).4s.4p.(3P*)"	"z 7F*"	"1"	3	3		
"6627.5444"	"6627.5435"	""		"36686.176"	"51770.557"	"3d7.(4F).4p"	"y 3F*"	"4"	"3d6.(5D).4s (4D).5s"	"g 5D"	"3"	9	7		
"6631.979"	"6631.9797"	""		"40231.336"	"55305.627"	"3d6.(5D).4s.4p.(1P*)"	"x 5D*"	"2"	"3d6.4s.(6D).6s"	"5D"	"1"	5	3		
"6633.4121"	"6633.4116"	""		"38995.736"	"54066.773"	"3d7.(4F).4p"	"y 3D*"	"1"	"3d7.(4F).4d"	"f 3D"	"2"	3	5		
"6633.7492"	"6633.7483"	"3.44e+06"	C+	"36766.966"	"51837.238"	"3d6.(5D).4s.4p.(1P*)"	"y 5P*"	"3"	"3d6.(5D).4s (6D).4d"	"e 5P"	"3"	7	7		
"6634.1067"	"6634.1054"	""		"38678.039"	"53747.500"	"3d7.(4F).4p"	"y 3D*"	"2"	"3d7.(4F).4d"	"f 3D"	"3"	5	7		
"6636.964"	"6636.9646"	""		"33412.717"	"48475.686"	"3d8"	"c 3F"	"3"	"3d6.(3G).4s.4p.(3P*)"	"y 5H*"	"3"	7	7		
"6639.8779"	"6639.8757"	""		"32873.632"	"47929.997"	"3d8"	"c 3F"	"4"	"3d6.(3G).4s.4p.(3P*)"	"v 5F*"	"4"	9	9		
"6645.367"	"6645.3646"	""		"35379.208"	"50423.137"	"3d7.(4F).4p"	"z 3G*"	"5"	"3d6.(5D).4s (6D).4d"	"f 5D"	"4"	11	9		
"6646.9314"	"6646.9305"	""		"21038.987"	"36079.372"	"3d6.4s2"	"b 3F2"	"2"	"3d7.(4F).4p"	"z 3G*"	"3"	5	7		
"6648.0806"	"6648.0793"	"3.64e+01"	B+	"8154.714"	"23192.500"	"3d7.(4F).4s"	"a 5F"	"1"	"3d6.(5D).4s.4p.(3P*)"	"z 7F*"	"2"	3	5		
"6653.8523"	"6653.8510"	""		"33507.123"	"48531.865"	"3d7.(4F).4p"	"y 5D*"	"3"	"3d7.(4F).5s"	"e 3F"	"3"	7	7		
"6663.2321"	"6663.2312"	""		"36766.966"	"51770.557"	"3d6.(5D).4s.4p.(1P*)"	"y 5P*"	"3"	"3d6.(5D).4s (4D).5s"	"g 5D"	"3"	7	7		
"6663.4417"	"6663.4408"	"4.98e+05"	B	"19552.478"	"34555.597"	"3d6.4s2"	"a 3P2"	"1"	"3d6.(5D).4s.4p.(3P*)"	"z 3P*"	"0"	3	1		
"6665.427"	"6665.4267"	""		"12560.934"	"27559.583"	"3d7.(4F).4s"	"a 3F"	"3"	"3d6.(5D).4s.4p.(3P*)"	"z 5F*"	"2"	7	5		
"6667.4187"	"6667.4178"	""		"19788.251"	"34782.421"	"3d6.4s2"	"a 3H"	"4"	"3d7.(4F).4p"	"z 5G*"	"5"	9	11		
"6667.7108"	"6667.7099"	"1.66e+05"	C+	"36975.588"	"51969.101"	"3d7.(2F).4s"	"d 3F"	"3"	"3d7.(2P).4p"	"u 3D*"	"3"	7	7		
"6672.680"	"6672.6779"	""		"43499.505"	"58481.855"	"3d6.(3P2).4s.4p.(3P*)"	"w 5D*"	"4"	"3d6.4s.(4D).4d"	"5P"	"3"	9	7		
"6673.814"	"6673.8183"	""		"38175.355"	"53155.145"	"3d7.(4F).4p"	"y 3D*"	"3"	"3d7.(4F).4d"	"h 5D"	"4"	7	9		
"6676.865"	"6676.8653"	""		"36766.966"	"51739.920"	"3d6.(5D).4s.4p.(1P*)"	"y 5P*"	"3"	"3d6.(5D).4s (4D).5s"	"e 3D"	"2"	7	5		
"6677.9865"	"6677.9848"	"6.34e+05"	B	"21715.732"	"36686.176"	"3d7.(2G).4s"	"a 3G"	"5"	"3d7.(4F).4p"	"y 3F*"	"4"	11	9		
"6682.236"	"6682.2368"	""		"32873.632"	"47834.550"	"3d8"	"c 3F"	"4"	"3d6.(3F2).4s.4p.(3P*)"	"x 3G*"	"5"	9	11		
"6687.4918"	"6687.4904"	""		"33412.717"	"48361.882"	"3d8"	"c 3F"	"3"	"3d6.(3G).4s.4p.(3P*)"	"y 5H*"	"4"	7	9		
"6692.2720"	"6692.2711"	""		"32873.632"	"47812.118"	"3d8"	"c 3F"	"4"	"3d6.(3F2).4s.4p.(3P*)"	"x 3G*"	"4"	9	9		
"6692.469"	"6692.4673"	""		"36766.966"	"51705.014"	"3d6.(5D).4s.4p.(1P*)"	"y 5P*"	"3"	"3d6.(5D).4s (6D).4d"	"f 5F"	"2"	7	5		
"6699.1414"	"6699.1409"	"1.68e+05"	C+	"37045.934"	"51969.101"	"3d7.(2F).4s"	"d 3F"	"4"	"3d7.(2P).4p"	"u 3D*"	"3"	9	7		
"6703.5670"	"6703.5656"	"1.8e+04"	D	"22249.429"	"37162.746"	"3d7.(2G).4s"	"a 3G"	"3"	"3d7.(4F).4p"	"y 3F*"	"3"	7	7		
"6704.4805"	"6704.4792"	""		"34017.103"	"48928.388"	"3d7.(4F).4p"	"y 5D*"	"1"	"3d7.(4F).5s"	"e 3F"	"2"	3	5		
"6705.1020"	"6705.1006"	""		"37157.566"	"52067.469"	"3d6.(5D).4s.4p.(1P*)"	"y 5P*"	"2"	"3d6.(5D).4s (6D).4d"	"e 5P"	"2"	5	5		
"6707.4327"	"6707.4309"	""		"37162.746"	"52067.469"	"3d7.(4F).4p"	"y 3F*"	"3"	"3d6.(5D).4s (6D).4d"	"e 5P"	"2"	7	5		
"6710.3191"	"6710.3177"	""		"11976.239"	"26874.550"	"3d7.(4F).4s"	"a 3F"	"4"	"3d6.(5D).4s.4p.(3P*)"	"z 5F*"	"5"	9	11		
"6711.821"	"6711.8193"	""		"39969.853"	"54864.831"	"3d6.(5D).4s.4p.(1P*)"	"x 5D*"	"3"	"3d6.4s.(6D).6s"	"5D"	"3"	7	7		
"6712.438"	"6712.4394"	""		"40231.336"	"55124.938"	"3d6.(5D).4s.4p.(1P*)"	"x 5D*"	"2"	"3d7.(4F).4d"	"f 3F"	"3"	5	7		
"6713.0465"	"6713.0456"	""		"37157.566"	"52049.823"	"3d6.(5D).4s.4p.(1P*)"	"y 5P*"	"2"	"3d6.(5D).4s (4D).5s"	"g 5D"	"2"	5	5		
"6713.1957"	"6713.1948"	""		"33412.717"	"48304.643"	"3d8"	"c 3F"	"3"	"3d7.(4P).4p"	"x 3P*"	"2"	7	5		
"6713.7444"	"6713.7421"	""		"38678.039"	"53568.751"	"3d7.(4F).4p"	"y 3D*"	"2"	"3d7.(4F).4d"	"f 5P"	"2"	5	5		
"6715.3828"	"6715.3814"	""		"37162.746"	"52049.823"	"3d7.(4F).4p"	"y 3F*"	"3"	"3d6.(5D).4s (4D).5s"	"g 5D"	"2"	7	5		
"6716.2368"	"6716.2359"	""		"36940.590"	"51825.773"	"3d7.(2F).4s"	"d 3F"	"2"	"3d7.(2H).4p"	"u 3G*"	"3"	5	7		
"6717.301"	"6717.3018"	""		"40871.412"	"55754.233"	"3d8"	"3P"	"2"	"3d7.(2D2).4p"	"w 1D*"	"2"	5	5		
"6717.5266"	"6717.5253"	""		"37157.566"	"52039.892"	"3d6.(5D).4s.4p.(1P*)"	"y 5P*"	"2"	"3d6.(5D).4s (4D).5s"	"e 3D"	"1"	5	3		
"6725.3568"	"6725.3554"	""		"33095.941"	"47960.940"	"3d7.(4F).4p"	"y 5D*"	"4"	"3d7.(4F).5s"	"e 3F"	"4"	9	9		
"6726.6664"	"6726.6659"	""		"37157.566"	"52019.669"	"3d6.(5D).4s.4p.(1P*)"	"y 5P*"	"2"	"3d6.(5D).4s (6D).4d"	"e 5P"	"1"	5	3		
"6730.2919"	"6730.2910"	""		"39625.804"	"54479.902"	"3d6.(5D).4s.4p.(1P*)"	"x 5D*"	"4"	"3d6.4s.(6D).6s"	"5D"	"4"	9	9		
"6732.0644"	"6732.0644"	""		"36975.588"	"51825.773"	"3d7.(2F).4s"	"d 3F"	"3"	"3d7.(2H).4p"	"u 3G*"	"3"	7	7		
"6733.1508"	"6733.1499"	""		"37409.555"	"52257.346"	"3d6.(5D).4s.4p.(1P*)"	"y 5P*"	"1"	"3d6.(5D).4s (4D).5s"	"g 5D"	"0"	3	1		
"6735.006"	"6735.0070"	""		"35767.564"	"50611.261"	"3d7.(4F).4p"	"z 3G*"	"4"	"3d6.(5D).4s (6D).4d"	"e 7P"	"3"	9	7		
"6736.5309"	"6736.5328"	""		"34636.792"	"49477.127"	"3d6.4s2"	"b 1D2"	"2"	"3d6.(3F2).4s.4p.(3P*)"	"1F*"	"3"	5	7		
"6737.269"	"6737.2678"	""		"26339.696"	"41178.412"	"3d6.(5D).4s.4p.(3P*)"	"z 5D*"	"2"	"3d8"	"3P"	"1"	5	3		
"6737.9866"	"6737.9848"	""		"36766.966"	"51604.103"	"3d6.(5D).4s.4p.(1P*)"	"y 5P*"	"3"	"3d6.(5D).4s (6D).4d"	"f 5F"	"3"	7	7		
"6739.5215"	"6739.5201"	"3.37e+02"	C	"12560.934"	"27394.691"	"3d7.(4F).4s"	"a 3F"	"3"	"3d6.(5D).4s.4p.(3P*)"	"z 5F*"	"3"	7	7		
"6745.1008"	"6745.0999"	""		"36940.590"	"51762.076"	"3d7.(2F).4s"	"d 3F"	"2"	"3d6.(3H).4s.4p.(3P*)"	"x 1D*"	"2"	5	5		
"6745.9560"	"6745.9551"	""		"32873.632"	"47693.239"	"3d8"	"c 3F"	"4"	"3d6.(3G).4s.4p.(3P*)"	"w 5G*"	"3"	9	7		
"6746.9545"	"6746.9531"	""		"21038.987"	"35856.402"	"3d6.4s2"	"b 3F2"	"2"	"3d7.(4F).4p"	"z 5G*"	"2"	5	5		
"6750.1520"	"6750.1511"	"1.17e+05"	B	"19552.478"	"34362.873"	"3d6.4s2"	"a 3P2"	"1"	"3d6.(5D).4s.4p.(3P*)"	"z 3P*"	"1"	3	3		
"6752.7067"	"6752.7067"	"3.05e+06"	B	"37409.555"	"52214.345"	"3d6.(5D).4s.4p.(1P*)"	"y 5P*"	"1"	"3d6.(5D).4s (4D).5s"	"g 5D"	"1"	3	3		
"6753.4635"	"6753.4635"	""		"36766.966"	"51570.097"	"3d6.(5D).4s.4p.(1P*)"	"y 5P*"	"3"	"3d6.(5D).4s (6D).4d"	"e 7S"	"3"	7	7		
"6755.6050"	""	""		""	""	""	""	""	""	""	""				
""	"6760.6187"	"1.3e-01"	E	"6928.268"	"21715.732"	"3d7.(4F).4s"	"a 5F"	"5"	"3d7.(2G).4s"	"a 3G"	"5"	11	11	M1	
"6764.1075"	"6764.1065"	""		"37045.934"	"51825.773"	"3d7.(2F).4s"	"d 3F"	"4"	"3d7.(2H).4p"	"u 3G*"	"3"	9	7		
"6769.659"	"6769.6589"	""		"36940.590"	"51708.307"	"3d7.(2F).4s"	"d 3F"	"2"	"3d7.(2P).4p"	"y 1D*"	"2"	5	5		
"6777.4089"	"6777.4080"	""		"33765.306"	"48516.138"	"3d8"	"c 3F"	"2"	"3d7.(4P).4p"	"x 3P*"	"1"	5	3		
"6783.265"	"6783.2639"	""		"20641.110"	"35379.208"	"3d6.4s2"	"b 3F2"	"4"	"3d7.(4F).4p"	"z 3G*"	"5"	9	11		
"6783.7035"	"6783.7034"	""		"20874.482"	"35611.625"	"3d6.4s2"	"b 3F2"	"3"	"3d7.(4F).4p"	"z 5G*"	"3"	7	7		
"6785.7400"	"6785.7405"	""		"36975.588"	"51708.307"	"3d7.(2F).4s"	"d 3F"	"3"	"3d7.(2P).4p"	"y 1D*"	"2"	7	5		
"6785.850"	"6785.8497"	""		"32873.632"	"47606.114"	"3d8"	"c 3F"	"4"	"3d6.(3G).4s.4p.(3P*)"	"v 5F*"	"5"	9	11		
"6786.4264"	"6786.4250"	""		"26140.179"	"40871.412"	"3d6.(5D).4s.4p.(3P*)"	"z 5D*"	"3"	"3d8"	"3P"	"2"	7	5		
"6786.8599"	"6786.8581"	"2.0e+05"	E	"33801.572"	"48531.865"	"3d7.(4F).4p"	"y 5D*"	"2"	"3d7.(4F).5s"	"e 3F"	"3"	5	7		
"6787.162"	"6787.1544"	""		"40404.518"	"55134.168"	"3d6.(5D).4s.4p.(1P*)"	"x 5D*"	"1"	"3d6.4s.(6D).6s"	"5D"	"2"	3	5		
"6793.2588"	"6793.2579"	"7.58e+04"	B	"32873.632"	"47590.048"	"3d8"	"c 3F"	"4"	"3d6.(3G).4s.4p.(3P*)"	"w 5G*"	"4"	9	9		
"6794.618"	"6794.6185"	""		"39969.853"	"54683.322"	"3d6.(5D).4s.4p.(1P*)"	"x 5D*"	"3"	"3d7.(4F).4d"	"f 3F"	"4"	7	9		
"6796.0472"	"6796.0453"	""		"33765.306"	"48475.686"	"3d8"	"c 3F"	"2"	"3d6.(3G).4s.4p.(3P*)"	"y 5H*"	"3"	5	7		
"6796.1248"	"6796.1234"	""		"33412.717"	"48122.928"	"3d8"	"c 3F"	"3"	"3d6.(3G).4s.4p.(3P*)"	"v 5F*"	"3"	7	7		
"6801.870"	"6801.8649"	""		"12968.554"	"27666.348"	"3d7.(4F).4s"	"a 3F"	"2"	"3d6.(5D).4s.4p.(3P*)"	"z 5F*"	"1"	5	3		
"6803.831"	"6803.8286"	""		"36766.966"	"51460.518"	"3d6.(5D).4s.4p.(1P*)"	"y 5P*"	"3"	"3d6.(5D).4s (6D).4d"	"e 7G"	"3"	7	7		
"6804.0004"	"6803.9990"	"1.53e+06"	B	"37521.161"	"52214.345"	"3d7.(4F).4p"	"y 3F*"	"2"	"3d6.(5D).4s (4D).5s"	"g 5D"	"1"	5	3		
"6804.2709"	"6804.2704"	"2.46e+05"	B	"36975.588"	"51668.186"	"3d7.(2F).4s"	"d 3F"	"3"	"3d7.(2H).4p"	"u 3G*"	"4"	7	9		
"6806.8444"	"6806.8426"	"1.2e+05"	E	"21999.130"	"36686.176"	"3d7.(2G).4s"	"a 3G"	"4"	"3d7.(4F).4p"	"y 3F*"	"4"	9	9		
"6810.2623"	"6810.2619"	"2.12e+06"	C+	"37157.566"	"51837.238"	"3d6.(5D).4s.4p.(1P*)"	"y 5P*"	"2"	"3d6.(5D).4s (6D).4d"	"e 5P"	"3"	5	7		
"6814.742"	"6814.7422"	""		"26224.969"	"40894.990"	"3d7.(2D2).4s"	"a 3D"	"3"	"3d6.(3P2).4s.4p.(3P*)"	"z 5S*"	"2"	7	5		
"6819.590"	"6819.5884"	""		"33095.941"	"47755.537"	"3d7.(4F).4p"	"y 5D*"	"4"	"3d7.(4F).5s"	"e 5F"	"3"	9	7		
"6820.3715"	"6820.3710"	"1.5e+06"	E	"37409.555"	"52067.469"	"3d6.(5D).4s.4p.(1P*)"	"y 5P*"	"1"	"3d6.(5D).4s (6D).4d"	"e 5P"	"2"	3	5		
"6824.823"	"6824.8255"	""		"40231.336"	"54879.683"	"3d6.(5D).4s.4p.(1P*)"	"x 5D*"	"2"	"3d7.(4F).4d"	"e 3P"	"2"	5	5		
"6828.5908"	"6828.5917"	"3.7e+06"	D	"37409.555"	"52049.823"	"3d6.(5D).4s.4p.(1P*)"	"y 5P*"	"1"	"3d6.(5D).4s (4D).5s"	"g 5D"	"2"	3	5		
"6833.225"	"6833.2269"	""		"37409.555"	"52039.892"	"3d6.(5D).4s.4p.(1P*)"	"y 5P*"	"1"	"3d6.(5D).4s (4D).5s"	"e 3D"	"1"	3	3		
""	"6836.9519"	"7.2e-02"	E	"7376.764"	"21999.130"	"3d7.(4F).4s"	"a 5F"	"4"	"3d7.(2G).4s"	"a 3G"	"4"	9	9	M1	
"6837.0057"	"6837.0052"	"3.26e+05"	B	"37045.934"	"51668.186"	"3d7.(2F).4s"	"d 3F"	"4"	"3d7.(2H).4p"	"u 3G*"	"4"	9	9		
"6838.832"	"6838.8325"	""		"47106.484"	"61724.829"	"3d6.(3H).4s.4p.(3P*)"	"z 3H*"	"4"	""	"61724e"	"4"	9	9		
"6839.8301"	"6839.8296"	"7.1e+03"	E	"20641.110"	"35257.324"	"3d6.4s2"	"b 3F2"	"4"	"3d7.(4F).4p"	"z 5G*"	"4"	9	9		
"6841.339"	"6841.3382"	"3.4e+06"	D	"37157.566"	"51770.557"	"3d6.(5D).4s.4p.(1P*)"	"y 5P*"	"2"	"3d6.(5D).4s (4D).5s"	"g 5D"	"3"	5	7		
"6842.6854"	"6842.6854"	"2.4e+06"	E	"37409.555"	"52019.669"	"3d6.(5D).4s.4p.(1P*)"	"y 5P*"	"1"	"3d6.(5D).4s (6D).4d"	"e 5P"	"1"	3	3		
"6843.6555"	"6843.6550"	"2.6e+06"	D	"36686.176"	"51294.220"	"3d7.(4F).4p"	"y 3F*"	"4"	"3d6.(5D).4s (4D).5s"	"e 3D"	"3"	9	7		
"6844.657"	"6844.6662"	""		"12560.934"	"27166.820"	"3d7.(4F).4s"	"a 3F"	"3"	"3d6.(5D).4s.4p.(3P*)"	"z 5F*"	"4"	7	9		
"6847.595"	"6847.5964"	""		"34328.752"	"48928.388"	"3d7.(4F).4p"	"y 5F*"	"3"	"3d7.(4F).5s"	"e 3F"	"2"	7	5		
"6851.634"	"6851.6357"	""		"12968.554"	"27559.583"	"3d7.(4F).4s"	"a 3F"	"2"	"3d6.(5D).4s.4p.(3P*)"	"z 5F*"	"2"	5	5		
"6854.822"	"6854.8233"	"1.53e+05"	B	"37045.934"	"51630.178"	"3d7.(2F).4s"	"d 3F"	"4"	"3d6.(3H).4s.4p.(3P*)"	"1H*"	"5"	9	11		
"6855.1617"	"6855.1607"	"2.86e+06"	C	"36766.966"	"51350.492"	"3d6.(5D).4s.4p.(1P*)"	"y 5P*"	"3"	"3d6.(5D).4s (4D).5s"	"g 5D"	"4"	7	9		
"6855.713"	"6855.7117"	""		"37157.566"	"51739.920"	"3d6.(5D).4s.4p.(1P*)"	"y 5P*"	"2"	"3d6.(5D).4s (4D).5s"	"e 3D"	"2"	5	5		
"6856.073"	"6856.0634"	""		"43163.326"	"57744.932"	"3d6.(5D).4s (6D).5s"	"e 7D"	"4"	"3d6.4s.(6D<1/2>).4f"	"2[7/2]*"	"3"	9	7		
"6857.2499"	"6857.2489"	""		"32873.632"	"47452.717"	"3d8"	"c 3F"	"4"	"3d7.(2G).4p"	"z 1G*"	"4"	9	9		
"6858.1493"	"6858.1479"	"3.33e+06"	C+	"37162.746"	"51739.920"	"3d7.(4F).4p"	"y 3F*"	"3"	"3d6.(5D).4s (4D).5s"	"e 3D"	"2"	7	5		
"6861.942"	"6861.9368"	""		"19552.478"	"34121.603"	"3d6.4s2"	"a 3P2"	"1"	"3d7.(4F).4p"	"y 5D*"	"0"	3	1		
"6876.001"	"6875.9956"	""		"33765.306"	"48304.643"	"3d8"	"c 3F"	"2"	"3d7.(4P).4p"	"x 3P*"	"2"	5	5		
"6880.630"	"6880.6272"	""		"33507.123"	"48036.673"	"3d7.(4F).4p"	"y 5D*"	"3"	"3d7.(4F).5s"	"e 5F"	"2"	7	5		
""	"6884.5036"	"2.8e-02"	E	"7728.060"	"22249.429"	"3d7.(4F).4s"	"a 5F"	"3"	"3d7.(2G).4s"	"a 3G"	"3"	7	7	M1	
"6885.756"	"6885.7545"	"2.1e+06"	E	"37521.161"	"52039.892"	"3d7.(4F).4p"	"y 3F*"	"2"	"3d6.(5D).4s (4D).5s"	"e 3D"	"1"	5	3		
"6916.6810"	"6916.6796"	"6.2e+05"	D	"33507.123"	"47960.940"	"3d7.(4F).4p"	"y 5D*"	"3"	"3d7.(4F).5s"	"e 3F"	"4"	7	9		
"6945.2048"	"6945.2038"	"9.11e+04"	B	"19552.478"	"33946.933"	"3d6.4s2"	"a 3P2"	"1"	"3d6.(5D).4s.4p.(3P*)"	"z 3P*"	"2"	3	5		
"6951.245"	"6951.2455"	""		"36766.966"	"51148.910"	"3d6.(5D).4s.4p.(1P*)"	"y 5P*"	"3"	"3d6.(5D).4s (6D).4d"	"e 5S"	"2"	7	5		
""	"6963.0211"	"8.97e+05"	C	"33765.306"	"48122.928"	"3d8"	"c 3F"	"2"	"3d6.(3G).4s.4p.(3P*)"	"v 5F*"	"3"	5	7		
""	"6971.9318"	"1.25e+04"	C	"24338.767"	"38678.039"	"3d6.4s2"	"b 3G"	"3"	"3d7.(4F).4p"	"y 3D*"	"2"	7	5		
""	"6972.0796"	"2.6e-02"	E	"7376.764"	"21715.732"	"3d7.(4F).4s"	"a 5F"	"4"	"3d7.(2G).4s"	"a 3G"	"5"	9	11	M1	
"6978.8512"	"6978.8502"	"1.44e+05"	B	"20037.816"	"34362.873"	"3d6.4s2"	"a 3P2"	"0"	"3d6.(5D).4s.4p.(3P*)"	"z 3P*"	"1"	1	3		
"6999.8836"	"6999.8831"	"4.7e+05"	D	"33095.941"	"47377.955"	"3d7.(4F).4p"	"y 5D*"	"4"	"3d7.(4F).5s"	"e 5F"	"4"	9	9		
""	"7000.6145"	"8.00e+04"	C	"33412.717"	"47693.239"	"3d8"	"c 3F"	"3"	"3d6.(3G).4s.4p.(3P*)"	"w 5G*"	"3"	7	7		
""	"7005.2511"	"3.2e-02"	E	"7728.060"	"21999.130"	"3d7.(4F).4s"	"a 5F"	"3"	"3d7.(2G).4s"	"a 3G"	"4"	7	9	M1	
"7007.970"	"7007.9652"	""		"33695.397"	"47960.940"	"3d7.(4F).4p"	"y 5F*"	"5"	"3d7.(4F).5s"	"e 3F"	"4"	11	9		
""	"7008.8983"	"2.2e-02"	E	"7985.785"	"22249.429"	"3d7.(4F).4s"	"a 5F"	"2"	"3d7.(2G).4s"	"a 3G"	"3"	5	7	M1	
"7011.343"	"7011.3433"	""		"37045.934"	"51304.604"	"3d7.(2F).4s"	"d 3F"	"4"	"3d7.(2D2).4p"	"v 3F*"	"4"	9	9		
""	"7016.2344"	"3.3e-02"	E	"11976.239"	"26224.969"	"3d7.(4F).4s"	"a 3F"	"4"	"3d7.(2D2).4s"	"a 3D"	"3"	9	7	M1	
"7016.3916"	"7016.3901"	"1.2e+06"	D	"33507.123"	"47755.537"	"3d7.(4F).4p"	"y 5D*"	"3"	"3d7.(4F).5s"	"e 5F"	"3"	7	7		
"7022.9535"	"7022.9520"	"1.7e+06"	D	"33801.572"	"48036.673"	"3d7.(4F).4p"	"y 5D*"	"2"	"3d7.(4F).5s"	"e 5F"	"2"	5	5		
""	"7024.0617"	"9.30e+04"	D+	"32873.632"	"47106.484"	"3d8"	"c 3F"	"4"	"3d6.(3H).4s.4p.(3P*)"	"z 3H*"	"4"	9	9		
""	"7024.6407"	"2.25e+06"	C	"36766.966"	"50998.645"	"3d6.(5D).4s.4p.(1P*)"	"y 5P*"	"3"	"3d6.(5D).4s (6D).4d"	"f 7D"	"2"	7	5		
"7038.2230"	"7038.2200"	"2.5e+06"	D	"34017.103"	"48221.324"	"3d7.(4F).4p"	"y 5D*"	"1"	"3d7.(4F).5s"	"e 5F"	"1"	3	3		
"7068.409"	"7068.4088"	"8.99e+05"	D	"32873.632"	"47017.188"	"3d8"	"c 3F"	"4"	"3d7.(4P).4p"	"w 3D*"	"3"	9	7		
"7090.3831"	"7090.3841"	"3.0e+06"	D	"34121.603"	"48221.324"	"3d7.(4F).4p"	"y 5D*"	"0"	"3d7.(4F).5s"	"e 5F"	"1"	1	3		
"7107.461"	"7107.4595"	"1.20e+06"	D	"33765.306"	"47831.153"	"3d8"	"c 3F"	"2"	"3d6.(3G).4s.4p.(3P*)"	"w 5G*"	"2"	5	5		
""	"7112.1675"	"1.93e+04"	D+	"24118.819"	"38175.355"	"3d6.4s2"	"b 3G"	"4"	"3d7.(4F).4p"	"y 3D*"	"3"	9	7		
"7130.9217"	"7130.9206"	"4.1e+06"	D	"34017.103"	"48036.673"	"3d7.(4F).4p"	"y 5D*"	"1"	"3d7.(4F).5s"	"e 5F"	"2"	3	5		
"7132.9858"	"7132.9863"	"3.43e+05"	D+	"32873.632"	"46889.142"	"3d8"	"c 3F"	"4"	"3d6.(3F2).4s.4p.(3P*)"	"x 3F*"	"4"	9	9		
"7148.148"	"7148.1456"	""		"43163.326"	"57149.113"	"3d6.(5D).4s (6D).5s"	"e 7D"	"4"	"3d6.4s.(6D<7/2>).4f"	"2[7/2]*"	"4"	9	9		
"7164.4481"	"7164.4471"	""		"33801.572"	"47755.537"	"3d7.(4F).4p"	"y 5D*"	"2"	"3d7.(4F).5s"	"e 5F"	"3"	5	7		
"7181.1955"	"7181.1939"	""		"34039.516"	"47960.940"	"3d7.(4F).4p"	"y 5F*"	"4"	"3d7.(4F).5s"	"e 3F"	"4"	9	9		
"7187.3175"	"7187.3165"	"8.36e+06"	C+	"33095.941"	"47005.506"	"3d7.(4F).4p"	"y 5D*"	"4"	"3d7.(4F).5s"	"e 5F"	"5"	9	11		
""	"7189.1482"	"3.66e+04"	D+	"24772.018"	"38678.039"	"3d7.(2P).4s"	"c 3P"	"1"	"3d7.(4F).4p"	"y 3D*"	"2"	3	5		
"7207.1111"	"7207.1116"	"9.82e+05"	C	"32873.632"	"46744.993"	"3d8"	"c 3F"	"4"	"3d7.(4P).4p"	"u 5D*"	"3"	9	7		
"7207.3876"	"7207.3865"	""		"33507.123"	"47377.955"	"3d7.(4F).4p"	"y 5D*"	"3"	"3d7.(4F).5s"	"e 5F"	"4"	7	9		
"7219.685"	"7219.6817"	""		"32873.632"	"46720.842"	"3d8"	"c 3F"	"4"	"3d7.(4P).4p"	"u 5D*"	"4"	9	9		
"7223.660"	"7223.6573"	"1.13e+05"	D+	"24335.766"	"38175.355"	"3d7.(2P).4s"	"c 3P"	"2"	"3d7.(4F).4p"	"y 3D*"	"3"	5	7		
"7239.867"	"7239.8665"	""		"33946.933"	"47755.537"	"3d6.(5D).4s.4p.(3P*)"	"z 3P*"	"2"	"3d7.(4F).5s"	"e 5F"	"3"	5	7		
"7248.107"	"7248.1075"	""		"43633.533"	"57426.437"	"3d6.(5D).4s (6D).5s"	"e 7D"	"2"	"3d6.4s.(6D<5/2>).4f"	"2[3/2]*"	"1"	5	3		
"7261.514"	"7261.5183"	""		"36766.966"	"50534.397"	"3d6.(5D).4s.4p.(1P*)"	"y 5P*"	"3"	"3d6.(5D).4s (6D).4d"	"f 5D"	"3"	7	7		
"7284.835"	"7284.8342"	""		"33412.717"	"47136.084"	"3d8"	"c 3F"	"3"	"3d7.(4P).4p"	"w 3D*"	"2"	7	5		
"7288.7380"	"7288.7358"	""		"34039.516"	"47755.537"	"3d7.(4F).4p"	"y 5F*"	"4"	"3d7.(4F).5s"	"e 5F"	"3"	9	7		
"7292.829"	"7292.8294"	"1.10e+06"	C	"36766.966"	"50475.288"	"3d6.(5D).4s.4p.(1P*)"	"y 5P*"	"3"	"3d6.(5D).4s (6D).4d"	"e 7P"	"4"	7	9		
"7293.0449"	"7293.0428"	""		"34328.752"	"48036.673"	"3d7.(4F).4p"	"y 5F*"	"3"	"3d7.(4F).5s"	"e 5F"	"2"	7	5		
"7306.562"	"7306.5618"	""		"33695.397"	"47377.955"	"3d7.(4F).4p"	"y 5F*"	"5"	"3d7.(4F).5s"	"e 5F"	"4"	11	9		
"7307.9313"	"7307.9307"	"5.25e+05"	C+	"33412.717"	"47092.712"	"3d8"	"c 3F"	"3"	"3d6.(3F2).4s.4p.(3P*)"	"x 3F*"	"3"	7	7		
"7311.0754"	"7311.0743"	""		"34547.211"	"48221.324"	"3d7.(4F).4p"	"y 5F*"	"2"	"3d7.(4F).5s"	"e 5F"	"1"	5	3		
""	"7316.4666"	"2.0e-02"	E	"12560.934"	"26224.969"	"3d7.(4F).4s"	"a 3F"	"3"	"3d7.(2D2).4s"	"a 3D"	"3"	7	7	M1	
"7320.682"	"7320.6799"	"9.67e+05"	C	"36766.966"	"50423.137"	"3d6.(5D).4s.4p.(1P*)"	"y 5P*"	"3"	"3d6.(5D).4s (6D).4d"	"f 5D"	"4"	7	9		
""	"7321.2106"	"1.1e-02"	E	"12968.554"	"26623.735"	"3d7.(4F).4s"	"a 3F"	"2"	"3d7.(2D2).4s"	"a 3D"	"2"	5	5	M1	
"7343.946"	"7343.9442"	""		"43442.705"	"57055.616"	"3d6.(3H).4s.4p.(3P*)"	"z 5I*"	"4"	"3d6.4s.(6D).5d"	"5G"	"3"	9	7		
"7386.3327"	"7386.3332"	""		"39625.804"	"53160.593"	"3d6.(5D).4s.4p.(1P*)"	"x 5D*"	"4"	"3d7.(4F).4d"	"f 5P"	"3"	9	7		
"7389.308"	"7389.3076"	""		"39625.804"	"53155.145"	"3d6.(5D).4s.4p.(1P*)"	"x 5D*"	"4"	"3d7.(4F).4d"	"h 5D"	"4"	9	9		
"7389.3983"	"7389.3977"	""		"34692.148"	"48221.324"	"3d7.(4F).4p"	"y 5F*"	"1"	"3d7.(4F).5s"	"e 5F"	"1"	3	3		
"7396.507"	"7396.5088"	""		"43633.533"	"57149.702"	"3d6.(5D).4s (6D).5s"	"e 7D"	"2"	"3d6.4s.(6D<7/2>).4f"	"2[7/2]*"	"3"	5	7		
"7396.507"	"7396.5115"	""		"40231.336"	"53747.500"	"3d6.(5D).4s.4p.(1P*)"	"x 5D*"	"2"	"3d7.(4F).4d"	"f 3D"	"3"	5	7		
"7401.6844"	"7401.6827"	"1.80e+06"	C	"33765.306"	"47272.027"	"3d8"	"c 3F"	"2"	"3d7.(4P).4p"	"w 3D*"	"1"	5	3		
"7411.1539"	"7411.1528"	""		"34547.211"	"48036.673"	"3d7.(4F).4p"	"y 5F*"	"2"	"3d7.(4F).5s"	"e 5F"	"2"	5	5		
"7418.6670"	"7418.6664"	"1.02e+06"	C+	"33412.717"	"46888.517"	"3d8"	"c 3F"	"3"	"3d7.(4P).4p"	"u 5D*"	"2"	7	5		
"7421.558"	"7421.5594"	""		"37409.555"	"50880.102"	"3d6.(5D).4s.4p.(1P*)"	"y 5P*"	"1"	"3d6.(5D).4s (6D).4d"	"f 5D"	"1"	3	3		
"7430.8562"	"7430.8556"	""		"37157.566"	"50611.261"	"3d6.(5D).4s.4p.(1P*)"	"y 5P*"	"2"	"3d6.(5D).4s (6D).4d"	"e 7P"	"3"	5	7		
""	"7439.5839"	"1.6e-02"	E	"12968.554"	"26406.465"	"3d7.(4F).4s"	"a 3F"	"2"	"3d7.(2D2).4s"	"a 3D"	"1"	5	3	M1	
"7440.9118"	"7440.9112"	""		"39625.804"	"53061.318"	"3d6.(5D).4s.4p.(1P*)"	"x 5D*"	"4"	"3d7.(4F).4d"	"g 5F"	"5"	9	11		
"7443.0219"	"7443.0218"	""		"33765.306"	"47197.010"	"3d8"	"c 3F"	"2"	"3d6.(3F2).4s.4p.(3P*)"	"x 3F*"	"2"	5	5		
"7445.7504"	"7445.7487"	""		"34328.752"	"47755.537"	"3d7.(4F).4p"	"y 5F*"	"3"	"3d7.(4F).5s"	"e 5F"	"3"	7	7		
"7447.3933"	"7447.3932"	""		"39969.853"	"53393.673"	"3d6.(5D).4s.4p.(1P*)"	"x 5D*"	"3"	"3d7.(4F).4d"	"g 5F"	"4"	7	9		
"7453.997"	"7453.9967"	""		"33765.306"	"47177.234"	"3d8"	"c 3F"	"2"	"3d7.(4P).4p"	"u 5D*"	"1"	5	3		
"7460.360"	"7460.3596"	""		"45281.833"	"58682.322"	"3d6.(3P2).4s.4p.(3P*)"	"x 3D*"	"2"	"3d6.4s.(4D).4d"	"3D"	"3"	5	7		
"7461.5201"	"7461.5195"	""		"20641.110"	"34039.516"	"3d6.4s2"	"b 3F2"	"4"	"3d7.(4F).4p"	"y 5F*"	"4"	9	9		
"7463.382"	"7463.3839"	""		"40842.154"	"54237.213"	"3d6.(5D).4s.4p.(1P*)"	"x 5F*"	"3"	"3d7.(4F).4d"	"e 5H"	"4"	7	9		
"7466.519"	"7466.5216"	""		"38678.039"	"52067.469"	"3d7.(4F).4p"	"y 3D*"	"2"	"3d6.(5D).4s (6D).4d"	"e 5P"	"2"	5	5		
"7469.191"	"7469.1870"	""		"43922.668"	"57307.320"	"3d6.(3P2).4s.4p.(3P*)"	"w 5D*"	"3"	"3d6.4s.(6D).5d"	"7F"	"4"	7	9		
"7472.751"	"7472.7501"	""		"43163.326"	"56541.596"	"3d6.(5D).4s (6D).5s"	"e 7D"	"4"	"3d6.4s.(6D).6p"	"7P*"	"4"	9	9		
"7473.5535"	"7473.5540"	""		"37157.566"	"50534.397"	"3d6.(5D).4s.4p.(1P*)"	"y 5P*"	"2"	"3d6.(5D).4s (6D).4d"	"f 5D"	"3"	5	7		
"7476.3754"	"7476.3748"	""		"38678.039"	"52049.823"	"3d7.(4F).4p"	"y 3D*"	"2"	"3d6.(5D).4s (4D).5s"	"g 5D"	"2"	5	5		
"7477.508"	"7477.5060"	""		"31307.245"	"44677.006"	"3d6.(5D).4s.4p.(3P*)"	"z 3F*"	"4"	"3d6.(5D).4s (6D).5s"	"e 5D"	"4"	9	9		
"7481.319"	"7481.3190"	""		"48361.882"	"61724.829"	"3d6.(3G).4s.4p.(3P*)"	"y 5H*"	"4"	""	"61724e"	"4"	9	9		
"7481.741"	"7481.7395"	""		"22249.429"	"35611.625"	"3d7.(2G).4s"	"a 3G"	"3"	"3d7.(4F).4p"	"z 5G*"	"3"	7	7		
"7481.9321"	"7481.9315"	""		"38678.039"	"52039.892"	"3d7.(4F).4p"	"y 3D*"	"2"	"3d6.(5D).4s (4D).5s"	"e 3D"	"1"	5	3		
"7482.2228"	"7482.2227"	""		"41018.051"	"54379.384"	"3d6.(5D).4s.4p.(1P*)"	"x 5F*"	"2"	"3d7.(4F).4d"	"e 3G"	"3"	5	7		
"7484.297"	"7484.2992"	""		"41018.051"	"54375.677"	"3d6.(5D).4s.4p.(1P*)"	"x 5F*"	"2"	"3d7.(4F).4d"	"f 5G"	"2"	5	5		
"7486.110"	"7486.1111"	""		"31322.613"	"44677.006"	"3d6.(5D).4s.4p.(3P*)"	"z 3D*"	"3"	"3d6.(5D).4s (6D).5s"	"e 5D"	"4"	7	9		
"7486.661"	"7486.6577"	""		"43163.326"	"56516.744"	"3d6.(5D).4s (6D).5s"	"e 7D"	"4"	"3d6.4s.(6D).6p"	"7D*"	"4"	9	9		
"7491.426"	"7491.4302"	""		"43434.627"	"56779.538"	"3d6.(5D).4s (6D).5s"	"e 7D"	"3"	"3d6.4s.(6D<9/2>).4f"	"2[5/2]*"	"2"	7	5		
"7491.6481"	"7491.6469"	""		"34692.148"	"48036.673"	"3d7.(4F).4p"	"y 5F*"	"1"	"3d7.(4F).5s"	"e 5F"	"2"	3	5		
"7495.0670"	"7495.0652"	""		"34039.516"	"47377.955"	"3d7.(4F).4p"	"y 5F*"	"4"	"3d7.(4F).5s"	"e 5F"	"4"	9	9		
"7498.5300"	"7498.5299"	""		"33412.717"	"46744.993"	"3d8"	"c 3F"	"3"	"3d7.(4P).4p"	"u 5D*"	"3"	7	7		
"7501.276"	"7501.2700"	""		"33765.306"	"47092.712"	"3d8"	"c 3F"	"2"	"3d6.(3F2).4s.4p.(3P*)"	"x 3F*"	"3"	5	7		
"7506.0139"	"7506.0127"	""		"40842.154"	"54161.139"	"3d6.(5D).4s.4p.(1P*)"	"x 5F*"	"3"	"3d7.(4F).4d"	"f 5G"	"3"	7	7		
"7506.146"	"7506.1463"	""		"41130.599"	"54449.347"	"3d6.(5D).4s.4p.(1P*)"	"x 5F*"	"1"	"3d7.(4F).4d"	"f 3D"	"1"	3	3		
"7507.2658"	"7507.2652"	""		"35611.625"	"48928.388"	"3d7.(4F).4p"	"z 5G*"	"3"	"3d7.(4F).5s"	"e 3F"	"2"	7	5		
"7508.617"	"7508.6218"	""		"33412.717"	"46727.074"	"3d8"	"c 3F"	"3"	"3d6.(3P2).4s.4p.(3P*)"	"y 3P*"	"2"	7	5		
"7511.0200"	"7511.0182"	"1.35e+07"	B	"33695.397"	"47005.506"	"3d7.(4F).4p"	"y 5F*"	"5"	"3d7.(4F).5s"	"e 5F"	"5"	11	11		
"7512.138"	"7512.1380"	""		"33412.717"	"46720.842"	"3d8"	"c 3F"	"3"	"3d7.(4P).4p"	"u 5D*"	"4"	7	9		
"7514.199"	"7514.1983"	""		"42815.855"	"56120.331"	"3d6.(5D).4s (6D).5s"	"e 7D"	"5"	"3d6.4s.(6D).6p"	"7D*"	"5"	11	11		
"7515.1028"	""	""		""	""	""	""	""	""	""	""				
"7528.145"	"7528.1468"	""		"40594.432"	"53874.257"	"3d6.(5D).4s.4p.(1P*)"	"x 5F*"	"4"	"3d7.(4F).4d"	"e 5H"	"5"	9	11		
"7531.1447"	"7531.1435"	""		"35257.324"	"48531.865"	"3d7.(4F).4p"	"z 5G*"	"4"	"3d7.(4F).5s"	"e 3F"	"3"	9	7		
"7540.430"	"7540.4292"	""		"21999.130"	"35257.324"	"3d7.(2G).4s"	"a 3G"	"4"	"3d7.(4F).4p"	"z 5G*"	"4"	9	9		
"7541.531"	"7541.5305"	""		"31805.071"	"45061.329"	"3d6.(5D).4s.4p.(3P*)"	"z 3F*"	"3"	"3d6.(5D).4s (6D).5s"	"e 5D"	"3"	7	7		
"7541.9123"	"7541.9122"	""		"41130.599"	"54386.186"	"3d6.(5D).4s.4p.(1P*)"	"x 5F*"	"1"	"3d7.(4F).4d"	"g 5F"	"1"	3	3		
"7545.582"	"7545.580"	""		"48475.686"	"61724.829"	"3d6.(3G).4s.4p.(3P*)"	"y 5H*"	"3"	""	"61724e"	"4"	7	9		
"7546.1769"	""	""		""	""	""	""	""	""	""	""				
"7547.8963"	"7547.8962"	""		"41130.599"	"54375.677"	"3d6.(5D).4s.4p.(1P*)"	"x 5F*"	"1"	"3d7.(4F).4d"	"f 5G"	"2"	3	5		
"7551.108"	"7551.1042"	""		"41018.051"	"54257.502"	"3d6.(5D).4s.4p.(1P*)"	"x 5F*"	"2"	"3d7.(4F).4d"	"g 5F"	"2"	5	5		
"7559.573"	"7559.5732"	""		"40842.154"	"54066.773"	"3d6.(5D).4s.4p.(1P*)"	"x 5F*"	"3"	"3d7.(4F).4d"	"f 3D"	"2"	7	5		
"7559.7196"	"7559.7189"	""		"40842.154"	"54066.518"	"3d6.(5D).4s.4p.(1P*)"	"x 5F*"	"3"	"3d7.(4F).4d"	"e 3G"	"4"	7	9		
"7563.0103"	"7563.0102"	""		"38995.736"	"52214.345"	"3d7.(4F).4p"	"y 3D*"	"1"	"3d6.(5D).4s (4D).5s"	"g 5D"	"1"	3	3		
"7568.8995"	"7568.8982"	""		"34547.211"	"47755.537"	"3d7.(4F).4p"	"y 5F*"	"2"	"3d7.(4F).5s"	"e 5F"	"3"	5	7		
"7582.1214"	"7582.1208"	""		"39969.853"	"53155.145"	"3d6.(5D).4s.4p.(1P*)"	"x 5D*"	"3"	"3d7.(4F).4d"	"h 5D"	"4"	7	9		
"7583.7877"	"7583.7876"	"3.02e+05"	D+	"24338.767"	"37521.161"	"3d6.4s2"	"b 3G"	"3"	"3d7.(4F).4p"	"y 3F*"	"2"	7	5		
"7586.0182"	"7586.0176"	""		"34782.421"	"47960.940"	"3d7.(4F).4p"	"z 5G*"	"5"	"3d7.(4F).5s"	"e 3F"	"4"	11	9		
"7588.3048"	"7588.3047"	""		"40594.432"	"53768.979"	"3d6.(5D).4s.4p.(1P*)"	"x 5F*"	"4"	"3d7.(4F).4d"	"f 5G"	"4"	9	9		
"7594.250"	"7594.2501"	""		"40404.518"	"53568.751"	"3d6.(5D).4s.4p.(1P*)"	"x 5D*"	"1"	"3d7.(4F).4d"	"f 5P"	"2"	3	5		
"7600.6954"	"7600.6965"	""		"40594.432"	"53747.500"	"3d6.(5D).4s.4p.(1P*)"	"x 5F*"	"4"	"3d7.(4F).4d"	"f 3D"	"3"	9	7		
"7605.3588"	"7605.3581"	""		"40594.432"	"53739.438"	"3d6.(5D).4s.4p.(1P*)"	"x 5F*"	"4"	"3d7.(4F).4d"	"e 3G"	"5"	9	11		
"7606.4692"	"7606.4680"	""		"41018.051"	"54161.139"	"3d6.(5D).4s.4p.(1P*)"	"x 5F*"	"2"	"3d7.(4F).4d"	"f 5G"	"3"	5	7		
"7610.2677"	"7610.2676"	""		"33765.306"	"46901.832"	"3d8"	"c 3F"	"2"	"3d6.(3P2).4s.4p.(3P*)"	"y 3P*"	"1"	5	3		
"7615.083"	"7615.0796"	""		"21715.732"	"34843.957"	"3d7.(2G).4s"	"a 3G"	"5"	"3d7.(4F).4p"	"z 5G*"	"6"	11	13		
"7615.848"	"7615.8465"	""		"41130.599"	"54257.502"	"3d6.(5D).4s.4p.(1P*)"	"x 5F*"	"1"	"3d7.(4F).4d"	"g 5F"	"2"	3	5		
"7617.2375"	"7617.2363"	""		"40842.154"	"53966.662"	"3d6.(5D).4s.4p.(1P*)"	"x 5F*"	"3"	"3d7.(4F).4d"	"h 5D"	"2"	7	5		
"7617.9892"	"7617.9892"	""		"33765.306"	"46888.517"	"3d8"	"c 3F"	"2"	"3d7.(4P).4p"	"u 5D*"	"2"	5	5		
"7620.5123"	"7620.5128"	""		"38175.355"	"51294.220"	"3d7.(4F).4p"	"y 3D*"	"3"	"3d6.(5D).4s (4D).5s"	"e 3D"	"3"	7	7		
"7623.049"	"7623.0493"	""		"41018.051"	"54132.551"	"3d6.(5D).4s.4p.(1P*)"	"x 5F*"	"2"	"3d7.(4F).4d"	"h 5D"	"1"	5	3		
"7634.006"	"7634.0074"	""		"40257.314"	"53352.989"	"3d6.(5D).4s.4p.(1P*)"	"x 5F*"	"5"	"3d7.(4F).4d"	"e 5H"	"6"	11	13		
"7635.848"	"7635.8482"	""		"38678.039"	"51770.557"	"3d7.(4F).4p"	"y 3D*"	"2"	"3d6.(5D).4s (4D).5s"	"g 5D"	"3"	5	7		
"7647.6482"	"7647.6452"	""		"44378.342"	"57450.664"	"3d6.(3F2).4s.4p.(3P*)"	"w 5F*"	"1"	"3d6.4s.(6D).5d"	"7G"	"2"	3	5		
"7647.8413"	"7647.8418"	""		"35856.402"	"48928.388"	"3d7.(4F).4p"	"z 5G*"	"2"	"3d7.(4F).5s"	"e 3F"	"2"	5	5		
"7650.9445"	"7650.9421"	""		"21715.732"	"34782.421"	"3d7.(2G).4s"	"a 3G"	"5"	"3d7.(4F).4p"	"z 5G*"	"5"	11	11		
"7653.7591"	"7653.7584"	"2.96e+06"	C	"38678.039"	"51739.920"	"3d7.(4F).4p"	"y 3D*"	"2"	"3d6.(5D).4s (4D).5s"	"e 3D"	"2"	5	5		
"7658.329"	"7658.3281"	""		"38995.736"	"52049.823"	"3d7.(4F).4p"	"y 3D*"	"1"	"3d6.(5D).4s (4D).5s"	"g 5D"	"2"	3	5		
"7661.1969"	"7661.1945"	""		"34328.752"	"47377.955"	"3d7.(4F).4p"	"y 5F*"	"3"	"3d7.(4F).5s"	"e 5F"	"4"	7	9		
"7661.4764"	"7661.4769"	""		"41018.051"	"54066.773"	"3d6.(5D).4s.4p.(1P*)"	"x 5F*"	"2"	"3d7.(4F).4d"	"f 3D"	"2"	5	5		
"7664.1582"	"7664.1587"	""		"38995.736"	"52039.892"	"3d7.(4F).4p"	"y 3D*"	"1"	"3d6.(5D).4s (4D).5s"	"e 3D"	"1"	3	3		
"7664.2928"	"7664.2933"	"3.37e+05"	D+	"24118.819"	"37162.746"	"3d6.4s2"	"b 3G"	"4"	"3d7.(4F).4p"	"y 3F*"	"3"	9	7		
"7676.065"	"7676.0594"	""		"38995.736"	"52019.669"	"3d7.(4F).4p"	"y 3D*"	"1"	"3d6.(5D).4s (6D).4d"	"e 5P"	"1"	3	3		
"7689.0360"	"7689.0365"	""		"41130.599"	"54132.551"	"3d6.(5D).4s.4p.(1P*)"	"x 5F*"	"1"	"3d7.(4F).4d"	"h 5D"	"1"	3	3		
"7696.8122"	"7696.8098"	""		"40842.154"	"53830.975"	"3d6.(5D).4s.4p.(1P*)"	"x 5F*"	"3"	"3d7.(4F).4d"	"g 5F"	"3"	7	7		
"7710.096"	"7710.0957"	""		"40871.412"	"53837.851"	"3d8"	"3P"	"2"	"3d7.(4F).5p"	"3D*"	"3"	5	7		
"7710.3640"	"7710.3627"	"7.86e+05"	C+	"34039.516"	"47005.506"	"3d7.(4F).4p"	"y 5F*"	"4"	"3d7.(4F).5s"	"e 5F"	"5"	9	11		
"7714.6061"	""	""		""	""	""	""	""	""	""	""				
"7719.0481"	"7719.0480"	""		"40594.432"	"53545.833"	"3d6.(5D).4s.4p.(1P*)"	"x 5F*"	"4"	"3d7.(4F).4d"	"h 5D"	"3"	9	7		
"7720.7125"	"7720.7112"	""		"41018.051"	"53966.662"	"3d6.(5D).4s.4p.(1P*)"	"x 5F*"	"2"	"3d7.(4F).4d"	"h 5D"	"2"	5	5		
"7723.2075"	"7723.2068"	"3.86e+03"	B	"18378.186"	"31322.613"	"3d6.4s2"	"a 3P2"	"2"	"3d6.(5D).4s.4p.(3P*)"	"z 3D*"	"3"	5	7		
"7733.7227"	"7733.7233"	""		"40842.154"	"53768.979"	"3d6.(5D).4s.4p.(1P*)"	"x 5F*"	"3"	"3d7.(4F).4d"	"f 5G"	"4"	7	9		
"7737.6656"	"7737.6649"	""		"35611.625"	"48531.865"	"3d7.(4F).4p"	"z 5G*"	"3"	"3d7.(4F).5s"	"e 3F"	"3"	7	7		
"7742.7043"	"7742.7036"	""		"40257.314"	"53169.146"	"3d6.(5D).4s.4p.(1P*)"	"x 5F*"	"5"	"3d7.(4F).4d"	"f 5G"	"6"	11	13		
"7745.5135"	"7745.5128"	""		"41018.051"	"53925.200"	"3d6.(5D).4s.4p.(1P*)"	"x 5F*"	"2"	"3d7.(4F).4d"	"f 5P"	"1"	5	3		
"7746.5938"	"7746.5949"	""		"40842.154"	"53747.500"	"3d6.(5D).4s.4p.(1P*)"	"x 5F*"	"3"	"3d7.(4F).4d"	"f 3D"	"3"	7	7		
"7748.2689"	"7748.2694"	"2.19e+05"	C	"23783.619"	"36686.176"	"3d6.4s2"	"b 3G"	"5"	"3d7.(4F).4p"	"y 3F*"	"4"	11	9		
"7751.1086"	"7751.1086"	""		"40257.314"	"53155.145"	"3d6.(5D).4s.4p.(1P*)"	"x 5F*"	"5"	"3d7.(4F).4d"	"h 5D"	"4"	11	9		
"7754.026"	"7754.0243"	""		"45428.402"	"58321.383"	"3d6.(3H).4s.4p.(3P*)"	"y 3G*"	"4"	"3d6.4s.(6D).7s"	"5D"	"4"	9	9		
"7755.024"	"7755.0222"	""		"44511.812"	"57403.134"	"3d7.(4P).4p"	"y 5S*"	"2"	"3d6.4s.(6D).5d"	"5P"	"2"	5	5		
"7779.811"	"7779.8102"	""		"45281.833"	"58132.081"	"3d6.(3P2).4s.4p.(3P*)"	"x 3D*"	"2"	"3d6.4s.(4D).4d"	"5F"	"3"	5	7		
"7780.5568"	"7780.5561"	""		"36079.372"	"48928.388"	"3d7.(4F).4p"	"z 3G*"	"3"	"3d7.(4F).5s"	"e 3F"	"2"	7	5		
"7788.744"	"7788.7420"	""		"33765.306"	"46600.818"	"3d8"	"c 3F"	"2"	"3d6.(3P2).4s.4p.(3P*)"	"z 3S*"	"1"	5	3		
"7802.4723"	"7802.4729"	""		"41018.051"	"53830.975"	"3d6.(5D).4s.4p.(1P*)"	"x 5F*"	"2"	"3d7.(4F).4d"	"g 5F"	"3"	5	7		
"7807.9086"	"7807.9085"	""		"40257.314"	"53061.318"	"3d6.(5D).4s.4p.(1P*)"	"x 5F*"	"5"	"3d7.(4F).4d"	"g 5F"	"5"	11	11		
"7810.8142"	"7810.8141"	""		"40594.432"	"53393.673"	"3d6.(5D).4s.4p.(1P*)"	"x 5F*"	"4"	"3d7.(4F).4d"	"g 5F"	"4"	9	9		
"7813.646"	"7813.6467"	""		"41130.599"	"53925.200"	"3d6.(5D).4s.4p.(1P*)"	"x 5F*"	"1"	"3d7.(4F).4d"	"f 5P"	"1"	3	3		
"7820.8029"	"7820.8022"	""		"34636.792"	"47419.687"	"3d6.4s2"	"b 1D2"	"2"	"3d6.(3P2).4s.4p.(3P*)"	"1D*"	"2"	5	5		
"7832.1963"	"7832.1949"	""		"35767.564"	"48531.865"	"3d7.(4F).4p"	"z 3G*"	"4"	"3d7.(4F).5s"	"e 3F"	"3"	9	7		
"7832.661"	"7832.6576"	""		"46313.537"	"59077.084"	"3d7.(4P).4p"	"w 5P*"	"2"	""	"59077e"	"1"	5	3		
"7844.5584"	"7844.5583"	""		"38995.736"	"51739.920"	"3d7.(4F).4p"	"y 3D*"	"1"	"3d6.(5D).4s (4D).5s"	"e 3D"	"2"	3	5		
"7853.637"	"7853.6388"	""		"41018.051"	"53747.500"	"3d6.(5D).4s.4p.(1P*)"	"x 5F*"	"2"	"3d7.(4F).4d"	"f 3D"	"3"	5	7		
"7855.3983"	"7855.3988"	""		"40842.154"	"53568.751"	"3d6.(5D).4s.4p.(1P*)"	"x 5F*"	"3"	"3d7.(4F).4d"	"f 5P"	"2"	7	5		
"7869.610"	"7869.5704"	""		"40842.154"	"53545.833"	"3d6.(5D).4s.4p.(1P*)"	"x 5F*"	"3"	"3d7.(4F).4d"	"h 5D"	"3"	7	7		
"7869.610"	"7869.6094"	""		"35257.324"	"47960.940"	"3d7.(4F).4p"	"z 5G*"	"4"	"3d7.(4F).5s"	"e 3F"	"4"	9	9		
"7879.7579"	"7879.7566"	""		"40594.432"	"53281.689"	"3d6.(5D).4s.4p.(1P*)"	"x 5F*"	"4"	"3d7.(4F).4d"	"f 5G"	"5"	9	11		
"7887.087"	"7887.0884"	""		"35856.402"	"48531.865"	"3d7.(4F).4p"	"z 5G*"	"2"	"3d7.(4F).5s"	"e 3F"	"3"	5	7		
"7892.546"	"7892.5430"	""		"46410.381"	"59077.084"	"3d7.(4P).4p"	"w 5P*"	"1"	""	"59077e"	"1"	3	3		
"7892.798"	"7892.8028"	""		"46313.537"	"58979.823"	"3d7.(4P).4p"	"w 5P*"	"2"	"3d6.4s.(4D).4d"	"3D"	"2"	5	5		
"7912.8665"	"7912.8657"	"1.68e+02"	A	"6928.268"	"19562.439"	"3d7.(4F).4s"	"a 5F"	"5"	"3d6.(5D).4s.4p.(3P*)"	"z 7D*"	"4"	11	9		
"7914.7120"	"7914.7075"	""		"44243.685"	"56874.916"	"3d6.(3F2).4s.4p.(3P*)"	"w 5F*"	"5"	"3d6.4s.(6D).5d"	"7G"	"6"	11	13		
"7915.5135"	"7915.5140"	""		"41178.412"	"53808.356"	"3d8"	"3P"	"1"	"3d7.(2P).4p"	"x 3S*"	"1"	3	3		
"7924.1498"	"7924.1491"	""		"38678.039"	"51294.220"	"3d7.(4F).4p"	"y 3D*"	"2"	"3d6.(5D).4s (4D).5s"	"e 3D"	"3"	5	7		
""	"7935.3230"	"6.4e-02"	E	"11976.239"	"24574.655"	"3d7.(4F).4s"	"a 3F"	"4"	"3d7.(2G).4s"	"a 1G"	"4"	9	9	M1	
"7937.1401"	"7937.1387"	""		"34782.421"	"47377.955"	"3d7.(4F).4p"	"z 5G*"	"5"	"3d7.(4F).5s"	"e 5F"	"4"	11	9		
"7941.0887"	"7941.0873"	"1.82e+05"	C+	"26406.465"	"38995.736"	"3d7.(2D2).4s"	"a 3D"	"1"	"3d7.(4F).4p"	"y 3D*"	"1"	3	3		
"7941.8325"	"7941.8317"	""		"24574.655"	"37162.746"	"3d7.(2G).4s"	"a 1G"	"4"	"3d7.(4F).4p"	"y 3F*"	"3"	9	7		
"7945.8464"	"7945.8457"	""		"35379.208"	"47960.940"	"3d7.(4F).4p"	"z 3G*"	"5"	"3d7.(4F).5s"	"e 3F"	"4"	11	9		
"7945.9866"	"7945.9840"	""		"19552.478"	"32133.991"	"3d6.4s2"	"a 3P2"	"1"	"3d6.(5D).4s.4p.(3P*)"	"z 3F*"	"2"	3	5		
"7950.826"	"7950.8260"	""		"41234.505"	"53808.356"	"3d8"	"3P"	"0"	"3d7.(2P).4p"	"x 3S*"	"1"	1	3		
"7953.616"	"7953.6149"	""		"46410.381"	"58979.823"	"3d7.(4P).4p"	"w 5P*"	"1"	"3d6.4s.(4D).4d"	"3D"	"2"	3	5		
"7954.9339"	"7954.9345"	""		"24118.819"	"36686.176"	"3d6.4s2"	"b 3G"	"4"	"3d7.(4F).4p"	"y 3F*"	"4"	9	9		
"7955.6917"	"7955.6916"	""		"40594.432"	"53160.593"	"3d6.(5D).4s.4p.(1P*)"	"x 5F*"	"4"	"3d7.(4F).4d"	"f 5P"	"3"	9	7		
"7959.1430"	"7959.1423"	""		"40594.432"	"53155.145"	"3d6.(5D).4s.4p.(1P*)"	"x 5F*"	"4"	"3d7.(4F).4d"	"h 5D"	"4"	9	9		
"7964.9725"	"7964.9724"	""		"40842.154"	"53393.673"	"3d6.(5D).4s.4p.(1P*)"	"x 5F*"	"3"	"3d7.(4F).4d"	"g 5F"	"4"	7	9		
"7974.491"	"7974.4911"	""		"36940.590"	"49477.127"	"3d7.(2F).4s"	"d 3F"	"2"	"3d6.(3F2).4s.4p.(3P*)"	"1F*"	"3"	5	7		
"7981.9112"	"7981.9124"	""		"46137.097"	"58661.978"	"3d7.(4P).4p"	"w 5P*"	"3"	""	"58661e"	"4"	7	9		
"7986.012"	"7986.010"	""		"41178.412"	"53696.867"	"3d8"	"3P"	"1"	"3d6.(3D).4s.4p.(3P*)"	"5F*"	"1"	3	3		
"7994.4803"	""	""		""	""	""	""	""	""	""	""				
"7996.8159"	"7996.8158"	""		"36975.588"	"49477.127"	"3d7.(2F).4s"	"d 3F"	"3"	"3d6.(3F2).4s.4p.(3P*)"	"1F*"	"3"	7	7		
"7997.302"	"7997.3013"	""		"33412.717"	"45913.497"	"3d8"	"c 3F"	"3"	"3d6.(3F2).4s.4p.(3P*)"	"x 5G*"	"3"	7	7		
"7998.252"	"7998.2534"	""		"34636.792"	"47136.084"	"3d6.4s2"	"b 1D2"	"2"	"3d7.(4P).4p"	"w 3D*"	"2"	5	5		
"7998.9453"	"7998.9439"	""		"35257.324"	"47755.537"	"3d7.(4F).4p"	"z 5G*"	"4"	"3d7.(4F).5s"	"e 5F"	"3"	9	7		
"8002.576"	"8002.5718"	""		"44511.812"	"57004.359"	"3d7.(4P).4p"	"y 5S*"	"2"	"3d6.4s.(6D).5d"	"7D"	"1"	5	3		
"8002.576"	"8002.5757"	""		"36940.590"	"49433.131"	"3d7.(2F).4s"	"d 3F"	"2"	"3d7.(2G).4p"	"w 3F*"	"2"	5	5		
"8013.016"	"8013.0149"	""		"46600.818"	"59077.084"	"3d6.(3P2).4s.4p.(3P*)"	"z 3S*"	"1"	""	"59077e"	"1"	3	3		
"8021.958"	"8021.955"	""		"41234.505"	"53696.867"	"3d8"	"3P"	"0"	"3d6.(3D).4s.4p.(3P*)"	"5F*"	"1"	1	3		
"8027.9413"	"8027.9406"	""		"26224.969"	"38678.039"	"3d7.(2D2).4s"	"a 3D"	"3"	"3d7.(4F).4p"	"y 3D*"	"2"	7	5		
"8028.3140"	"8028.3126"	""		"36079.372"	"48531.865"	"3d7.(4F).4p"	"z 3G*"	"3"	"3d7.(4F).5s"	"e 3F"	"3"	7	7		
"8046.0474"	"8046.0460"	""		"35611.625"	"48036.673"	"3d7.(4F).4p"	"z 5G*"	"3"	"3d7.(4F).5s"	"e 5F"	"2"	7	5		
"8047.6180"	"8047.6166"	""		"6928.268"	"19350.891"	"3d7.(4F).4s"	"a 5F"	"5"	"3d6.(5D).4s.4p.(3P*)"	"z 7D*"	"5"	11	11		
"8048.992"	"8048.9883"	""		"33412.717"	"45833.223"	"3d8"	"c 3F"	"3"	"3d6.(3F2).4s.4p.(3P*)"	"x 5G*"	"4"	7	9		
"8052.581"	"8052.5788"	""		"37045.934"	"49460.902"	"3d7.(2F).4s"	"d 3F"	"4"	"3d7.(2G).4p"	"v 3G*"	"5"	9	11		
"8059.3503"	"8059.346"	""		"46672.540"	"59077.084"	"3d6.(3P2).4s.4p.(3P*)"	"y 3P*"	"0"	""	"59077e"	"1"	1	3		
"8072.1642"	"8072.1634"	""		"19552.478"	"31937.325"	"3d6.4s2"	"a 3P2"	"1"	"3d6.(5D).4s.4p.(3P*)"	"z 3D*"	"1"	3	3		
"8075.1504"	"8075.1490"	"1.19e+02"	B+	"7376.764"	"19757.032"	"3d7.(4F).4s"	"a 5F"	"4"	"3d6.(5D).4s.4p.(3P*)"	"z 7D*"	"3"	9	7		
"8078.398"	"8078.397"	""		"46137.097"	"58512.387"	"3d7.(4P).4p"	"w 5P*"	"3"	"3d6.4s.(4D).4d"	"5F"	"2"	7	5		
"8080.5469"	"8080.5449"	""		"26623.735"	"38995.736"	"3d7.(2D2).4s"	"a 3D"	"2"	"3d7.(4F).4p"	"y 3D*"	"1"	5	3		
"8085.1718"	"8085.1711"	""		"35856.402"	"48221.324"	"3d7.(4F).4p"	"z 5G*"	"2"	"3d7.(4F).5s"	"e 5F"	"1"	5	3		
"8089.3530"	"8089.3535"	""		"40871.412"	"53229.941"	"3d8"	"3P"	"2"	"3d7.(2D2).4p"	"v 3P*"	"1"	5	3		
"8090.3264"	"8090.3250"	""		"36940.590"	"49297.635"	"3d7.(2F).4s"	"d 3F"	"2"	"3d6.(3F2).4s.4p.(3P*)"	"v 3D*"	"1"	5	3		
"8090.967"	"8090.9640"	""		"43434.627"	"55790.696"	"3d6.(5D).4s (6D).5s"	"e 7D"	"3"	"3d6.(1G2).4s.4p.(3P*)"	"s 3G*"	"3"	7	7		
"8094.932"	"8094.9322"	""		"44166.206"	"56516.218"	"3d6.(3F2).4s.4p.(3P*)"	"v 5D*"	"3"	"3d7.(4F).6s"	"5F"	"4"	7	9		
"8094.932"	"8094.9335"	""		"46727.074"	"59077.084"	"3d6.(3P2).4s.4p.(3P*)"	"y 3P*"	"2"	""	"59077e"	"1"	5	3		
"8096.8749"	"8096.8748"	""		"32873.632"	"45220.681"	"3d8"	"c 3F"	"4"	"3d6.(3P2).4s.4p.(3P*)"	"x 3D*"	"3"	9	7		
"8098.385"	"8098.3775"	""		"46137.097"	"58481.855"	"3d7.(4P).4p"	"w 5P*"	"3"	"3d6.4s.(4D).4d"	"5P"	"3"	7	7		
"8106.694"	"8106.6965"	""		"42532.741"	"54864.831"	"3d6.(3P2).4s.4p.(3P*)"	"x 5P*"	"3"	"3d6.4s.(6D).6s"	"5D"	"3"	7	7		
"8108.3206"	"8108.3192"	""		"21999.130"	"34328.752"	"3d7.(2G).4s"	"a 3G"	"4"	"3d7.(4F).4p"	"y 5F*"	"3"	9	7		
"8112.1630"	"8112.1603"	""		"21715.732"	"34039.516"	"3d7.(2G).4s"	"a 3G"	"5"	"3d7.(4F).4p"	"y 5F*"	"4"	11	9		
"8126.323"	"8126.3296"	""		"36940.590"	"49242.886"	"3d7.(2F).4s"	"d 3F"	"2"	"3d7.(2G).4p"	"w 3F*"	"3"	5	7		
"8126.5061"	"8126.5046"	""		"36940.590"	"49242.621"	"3d7.(2F).4s"	"d 3F"	"2"	"3d6.(3F2).4s.4p.(3P*)"	"v 3D*"	"2"	5	5		
"8145.4752"	""	""		""	""	""	""	""	""	""	""				
"8146.6768"	"8146.6740"	""		"26406.465"	"38678.039"	"3d7.(2D2).4s"	"a 3D"	"1"	"3d7.(4F).4p"	"y 3D*"	"2"	3	5		
"8149.5152"	"8149.5137"	""		"36975.588"	"49242.886"	"3d7.(2F).4s"	"d 3F"	"3"	"3d7.(2G).4p"	"w 3F*"	"3"	7	7		
"8149.6892"	"8149.6898"	""		"36975.588"	"49242.621"	"3d7.(2F).4s"	"d 3F"	"3"	"3d6.(3F2).4s.4p.(3P*)"	"v 3D*"	"2"	7	5		
"8151.760"	"8151.754"	""		"49460.902"	"61724.829"	"3d7.(2G).4p"	"v 3G*"	"5"	""	"61724e"	"4"	11	9		
"8168.596"	"8168.5980"	""		"45333.875"	"57572.513"	"3d6.(5D).4s (6D).5s"	"e 5D"	"2"	"3d6.4s.(6D).6p"	"5F*"	"2"	5	5		
"8171.1413"	"8171.1405"	""		"46744.993"	"58979.823"	"3d7.(4P).4p"	"u 5D*"	"3"	"3d6.4s.(4D).4d"	"3D"	"2"	7	5		
"8172.820"	"8172.8171"	""		"45509.152"	"57741.472"	"3d6.(5D).4s (6D).5s"	"e 5D"	"1"	"3d6.4s.(6D).6p"	"5P*"	"1"	3	3		
"8178.9935"	"8178.9920"	""		"34782.421"	"47005.506"	"3d7.(4F).4p"	"z 5G*"	"5"	"3d7.(4F).5s"	"e 5F"	"5"	11	11		
"8186.7952"	"8186.7957"	""		"39625.804"	"51837.238"	"3d6.(5D).4s.4p.(1P*)"	"x 5D*"	"4"	"3d6.(5D).4s (6D).4d"	"e 5P"	"3"	9	7		
"8190.828"	"8190.8303"	""		"47755.537"	"59960.956"	"3d7.(4F).5s"	"e 5F"	"3"	"3d7.(4F<3/2>).4f"	"2[9/2]*"	"4"	7	9		
"8195.247"	"8195.241"	""		"46313.537"	"58512.387"	"3d7.(4P).4p"	"w 5P*"	"2"	"3d6.4s.(4D).4d"	"5F"	"2"	5	5		
"8196.5164"	"8196.5163"	""		"37045.934"	"49242.886"	"3d7.(2F).4s"	"d 3F"	"4"	"3d7.(2G).4p"	"w 3F*"	"3"	9	7		
"8198.271"	"8198.2727"	""		"44677.006"	"56871.345"	"3d6.(5D).4s (6D).5s"	"e 5D"	"4"	"3d6.4s.(6D).6p"	"5P*"	"3"	9	7		
"8198.9216"	"8198.9201"	""		"35767.564"	"47960.940"	"3d7.(4F).4p"	"z 3G*"	"4"	"3d7.(4F).5s"	"e 3F"	"4"	9	9		
"8202.154"	"8202.1550"	""		"46888.517"	"59077.084"	"3d7.(4P).4p"	"u 5D*"	"2"	""	"59077e"	"1"	5	3		
"8204.1024"	"8204.1017"	"9.76e+00"	B+	"7376.764"	"19562.439"	"3d7.(4F).4s"	"a 5F"	"4"	"3d6.(5D).4s.4p.(3P*)"	"z 7D*"	"4"	9	9		
"8204.9367"	"8204.9366"	""		"7728.060"	"19912.495"	"3d7.(4F).4s"	"a 5F"	"3"	"3d6.(5D).4s.4p.(3P*)"	"z 7D*"	"2"	7	5		
"8207.7424"	"8207.7416"	""		"35856.402"	"48036.673"	"3d7.(4F).4p"	"z 5G*"	"2"	"3d7.(4F).5s"	"e 5F"	"2"	5	5		
"8215.8042"	"8215.8041"	""		"46313.537"	"58481.855"	"3d7.(4P).4p"	"w 5P*"	"2"	"3d6.4s.(4D).4d"	"5P"	"3"	5	7		
"8220.3784"	"8220.3770"	"1.69e+07"	C+	"34843.957"	"47005.506"	"3d7.(4F).4p"	"z 5G*"	"6"	"3d7.(4F).5s"	"e 5F"	"5"	13	11		
"8230.639"	"8230.6390"	""		"45595.086"	"57741.472"	"3d6.(5D).4s (6D).5s"	"e 5D"	"0"	"3d6.4s.(6D).6p"	"5P*"	"1"	1	3		
"8231.7451"	"8231.7457"	""		"39625.804"	"51770.557"	"3d6.(5D).4s.4p.(1P*)"	"x 5D*"	"4"	"3d6.(5D).4s (4D).5s"	"g 5D"	"3"	9	7		
"8232.3172"	"8232.3157"	""		"35611.625"	"47755.537"	"3d7.(4F).4p"	"z 5G*"	"3"	"3d7.(4F).5s"	"e 5F"	"3"	7	7		
"8238.591"	"8238.5931"	""		"47960.940"	"60095.599"	"3d7.(4F).5s"	"e 3F"	"4"	"3d6.(3F2).4s.4p.(1P*)"	"3F*"	"4"	9	9		
"8239.1276"	"8239.1268"	"1.30e+04"	C+	"19552.478"	"31686.351"	"3d6.4s2"	"a 3P2"	"1"	"3d6.(5D).4s.4p.(3P*)"	"z 3D*"	"2"	3	5		
"8242.517"	"8242.5165"	""		"45061.329"	"57190.212"	"3d6.(5D).4s (6D).5s"	"e 5D"	"3"	"3d6.4s.(6D).6p"	"7P*"	"2"	7	5		
"8248.1304"	"8248.1282"	""		"35257.324"	"47377.955"	"3d7.(4F).4p"	"z 5G*"	"4"	"3d7.(4F).5s"	"e 5F"	"4"	9	9		
"8257.280"	"8257.2769"	""		"45061.329"	"57168.531"	"3d6.(5D).4s (6D).5s"	"e 5D"	"3"	"3d6.4s.(6D).6p"	"5D*"	"3"	7	7		
"8263.435"	"8263.4381"	""		"44243.685"	"56341.860"	"3d6.(3F2).4s.4p.(3P*)"	"w 5F*"	"5"	"3d6.4s.(6D).5d"	"5G"	"6"	11	13		
"8263.719"	"8263.7140"	""		"46727.074"	"58824.845"	"3d6.(3P2).4s.4p.(3P*)"	"y 3P*"	"2"	"3d6.(5D).4s (4D).4d"	"g 5G"	"2"	5	5		
"8263.8262"	"8263.8199"	""		"39969.853"	"52067.469"	"3d6.(5D).4s.4p.(1P*)"	"x 5D*"	"3"	"3d6.(5D).4s (6D).4d"	"e 5P"	"2"	7	5		
"8264.2784"	"8264.278"	""		"49627.884"	"61724.829"	"3d7.(2G).4p"	"v 3G*"	"4"	""	"61724e"	"4"	9	9		
"8268.134"	"8268.1325"	""		"46888.517"	"58979.823"	"3d7.(4P).4p"	"u 5D*"	"2"	"3d6.4s.(4D).4d"	"3D"	"2"	5	5		
"8268.834"	"8268.8328"	""		"34636.792"	"46727.074"	"3d6.4s2"	"b 1D2"	"2"	"3d6.(3P2).4s.4p.(3P*)"	"y 3P*"	"2"	5	5		
"8269.6482"	"8269.6488"	""		"37045.934"	"49135.023"	"3d7.(2F).4s"	"d 3F"	"4"	"3d6.(3F2).4s.4p.(3P*)"	"v 3D*"	"3"	9	7		
"8274.581"	"8274.5818"	""		"45333.875"	"57415.757"	"3d6.(5D).4s (6D).5s"	"e 5D"	"2"	"3d6.4s.(6D).6p"	"5D*"	"2"	5	5		
"8275.8916"	"8275.8914"	""		"39969.853"	"52049.823"	"3d6.(5D).4s.4p.(1P*)"	"x 5D*"	"3"	"3d6.(5D).4s (4D).5s"	"g 5D"	"2"	7	5		
"8278.593"	"8278.5937"	""		"46137.097"	"58213.124"	"3d7.(4P).4p"	"w 5P*"	"3"	"3d6.4s.(4D).4d"	"5P"	"2"	7	5		
"8287.279"	"8287.2859"	""		"45509.152"	"57572.513"	"3d6.(5D).4s (6D).5s"	"e 5D"	"1"	"3d6.4s.(6D).6p"	"5F*"	"2"	3	5		
"8291.7645"	""	""		""	""	""	""	""	""	""	""				
"8292.4413"	""	""		""	""	""	""	""	""	""	""				
"8292.809"	"8292.8074"	""		"44677.006"	"56732.335"	"3d6.(5D).4s (6D).5s"	"e 5D"	"4"	"3d6.4s.(6D).6p"	"5D*"	"4"	9	9		
"8293.5141"	"8293.5125"	"1.41e+05"	D+	"26623.735"	"38678.039"	"3d7.(2D2).4s"	"a 3D"	"2"	"3d7.(4F).4p"	"y 3D*"	"2"	5	5		
"8299.9995"	"8299.9994"	""		"40871.412"	"52916.295"	"3d8"	"3P"	"2"	"3d7.(2D2).4p"	"v 3P*"	"2"	5	5		
"8310.0697"	"8310.0758"	""		"44677.006"	"56707.284"	"3d6.(5D).4s (6D).5s"	"e 5D"	"4"	"3d6.4s.(6D).6p"	"5F*"	"5"	9	11		
"8314.465"	"8314.4631"	""		"45978.008"	"58001.938"	"3d6.(3H).4s.4p.(3P*)"	"z 3I*"	"7"	"3d6.(5D).4s (4D).4d"	"g 5G"	"6"	15	13		
""	"8321.5286"	"4.1e-02"	E	"12560.934"	"24574.655"	"3d7.(4F).4s"	"a 3F"	"3"	"3d7.(2G).4s"	"a 1G"	"4"	7	9	M1	
"8321.915"	"8321.9158"	""		"45220.681"	"57233.843"	"3d6.(3P2).4s.4p.(3P*)"	"x 3D*"	"3"	"3d6.4s.(6D).5d"	"5G"	"2"	7	5		
"8324.148"	"8324.1394"	""		"45333.875"	"57343.828"	"3d6.(5D).4s (6D).5s"	"e 5D"	"2"	"3d6.4s.(6D).6p"	"5F*"	"3"	5	7		
"8327.0558"	"8327.0549"	"9.57e+05"	B	"17726.988"	"29732.736"	"3d7.(4P).4s"	"a 5P"	"2"	"3d6.(5D).4s.4p.(3P*)"	"z 5P*"	"1"	5	3		
"8328.947"	"8328.9496"	""		"45061.329"	"57064.346"	"3d6.(5D).4s (6D).5s"	"e 5D"	"3"	"3d6.4s.(6D).6p"	"5F*"	"4"	7	9		
"8331.9151"	"8331.9136"	""		"35379.208"	"47377.955"	"3d7.(4F).4p"	"z 3G*"	"5"	"3d7.(4F).5s"	"e 5F"	"4"	11	9		
"8332.541"	"8332.544"	""		"49726.990"	"61724.829"	"3d7.(2G).4p"	"y 3H*"	"4"	""	"61724e"	"4"	9	9		
"8334.531"	"8334.5275"	""		"46137.097"	"58132.081"	"3d7.(4P).4p"	"w 5P*"	"3"	"3d6.4s.(4D).4d"	"5F"	"3"	7	7		
"8339.4034"	"8339.4018"	""		"35767.564"	"47755.537"	"3d7.(4F).4p"	"z 3G*"	"4"	"3d7.(4F).5s"	"e 5F"	"3"	9	7		
"8340.503"	"8340.5018"	""		"40871.412"	"52857.804"	"3d8"	"3P"	"2"	"3d7.(2D2).4p"	"t 3D*"	"1"	5	3		
"8342.202"	"8342.2048"	""		"23783.619"	"35767.564"	"3d6.4s2"	"b 3G"	"5"	"3d7.(4F).4p"	"z 3G*"	"4"	11	9		
"8342.8566"	"8342.8565"	""		"40231.336"	"52214.345"	"3d6.(5D).4s.4p.(1P*)"	"x 5D*"	"2"	"3d6.(5D).4s (4D).5s"	"g 5D"	"1"	5	3		
"8343.707"	"8343.7136"	""		"46137.097"	"58118.875"	"3d7.(4P).4p"	"w 5P*"	"3"	"3d6.4s.(4D).4d"	"5F"	"4"	7	9		
"8349.0444"	"8349.0449"	""		"7376.764"	"19350.891"	"3d7.(4F).4s"	"a 5F"	"4"	"3d6.(5D).4s.4p.(3P*)"	"z 7D*"	"5"	9	11		
"8358.522"	"8358.5203"	""		"24118.819"	"36079.372"	"3d6.4s2"	"b 3G"	"4"	"3d7.(4F).4p"	"z 3G*"	"3"	9	7		
"8360.7951"	"8360.7935"	""		"36079.372"	"48036.673"	"3d7.(4F).4p"	"z 3G*"	"3"	"3d7.(4F).5s"	"e 5F"	"2"	7	5		
"8365.6330"	"8365.6315"	"1.69e+05"	C	"26224.969"	"38175.355"	"3d7.(2D2).4s"	"a 3D"	"3"	"3d7.(4F).4p"	"y 3D*"	"3"	7	7		
"8372.1133"	"8372.1118"	""		"46720.842"	"58661.978"	"3d7.(4P).4p"	"u 5D*"	"4"	""	"58661e"	"4"	9	9		
"8387.7719"	"8387.7711"	"6.09e+05"	B	"17550.181"	"29469.024"	"3d7.(4P).4s"	"a 5P"	"3"	"3d6.(5D).4s.4p.(3P*)"	"z 5P*"	"2"	7	5		
"8397.134"	"8397.134"	""		"47171.531"	"59077.084"	"3d7.(4P).4p"	"u 5D*"	"0"	""	"59077e"	"1"	1	3		
"8401.3995"	"8401.3994"	""		"20037.816"	"31937.325"	"3d6.4s2"	"a 3P2"	"0"	"3d6.(5D).4s.4p.(3P*)"	"z 3D*"	"1"	1	3		
"8414.088"	"8414.0854"	""		"36079.372"	"47960.940"	"3d7.(4F).4p"	"z 3G*"	"3"	"3d7.(4F).5s"	"e 3F"	"4"	7	9		
"8419.278"	"8419.279"	""		"49850.590"	"61724.829"	"3d7.(2G).4p"	"v 3G*"	"3"	""	"61724e"	"4"	7	9		
"8422.9136"	"8422.9127"	""		"33412.717"	"45281.833"	"3d8"	"c 3F"	"3"	"3d6.(3P2).4s.4p.(3P*)"	"x 3D*"	"2"	7	5		
"8424.1401"	"8424.1413"	""		"39969.853"	"51837.238"	"3d6.(5D).4s.4p.(1P*)"	"x 5D*"	"3"	"3d6.(5D).4s (6D).4d"	"e 5P"	"3"	7	7		
"8434.493"	"8434.4874"	""		"40404.518"	"52257.346"	"3d6.(5D).4s.4p.(1P*)"	"x 5D*"	"1"	"3d6.(5D).4s (4D).5s"	"g 5D"	"0"	3	1		
"8439.5715"	"8439.5707"	""		"36686.176"	"48531.865"	"3d7.(4F).4p"	"y 3F*"	"4"	"3d7.(4F).5s"	"e 3F"	"3"	9	7		
"8446.3839"	"8446.3844"	""		"40231.336"	"52067.469"	"3d6.(5D).4s.4p.(1P*)"	"x 5D*"	"2"	"3d6.(5D).4s (6D).4d"	"e 5P"	"2"	5	5		
"8446.568"	"8446.5750"	""		"39625.804"	"51461.670"	"3d6.(5D).4s.4p.(1P*)"	"x 5D*"	"4"	"3d6.(5D).4s (6D).4d"	"f 5F"	"4"	9	9		
"8447.639"	"8447.6363"	""		"7728.060"	"19562.439"	"3d7.(4F).4s"	"a 5F"	"3"	"3d6.(5D).4s.4p.(3P*)"	"z 7D*"	"4"	7	9		
"8465.198"	"8465.1986"	""		"40404.518"	"52214.345"	"3d6.(5D).4s.4p.(1P*)"	"x 5D*"	"1"	"3d6.(5D).4s (4D).5s"	"g 5D"	"1"	3	3		
"8466.112"	"8466.1097"	""		"40231.336"	"52039.892"	"3d6.(5D).4s.4p.(1P*)"	"x 5D*"	"2"	"3d6.(5D).4s (4D).5s"	"e 3D"	"1"	5	3		
"8466.531"	"8466.5342"	""		"33412.717"	"45220.681"	"3d8"	"c 3F"	"3"	"3d6.(3P2).4s.4p.(3P*)"	"x 3D*"	"3"	7	7		
"8468.4069"	"8468.4060"	"2.63e+05"	B	"17927.382"	"29732.736"	"3d7.(4P).4s"	"a 5P"	"1"	"3d6.(5D).4s.4p.(3P*)"	"z 5P*"	"1"	3	3		
"8471.7438"	"8471.7429"	""		"39969.853"	"51770.557"	"3d6.(5D).4s.4p.(1P*)"	"x 5D*"	"3"	"3d6.(5D).4s (4D).5s"	"g 5D"	"3"	7	7		
"8480.631"	"8480.6335"	""		"40231.336"	"52019.669"	"3d6.(5D).4s.4p.(1P*)"	"x 5D*"	"2"	"3d6.(5D).4s (6D).4d"	"e 5P"	"1"	5	3		
"8481.9813"	"8481.9804"	""		"33765.306"	"45551.767"	"3d8"	"c 3F"	"2"	"3d6.(3P2).4s.4p.(3P*)"	"x 3D*"	"1"	5	3		
"8493.256"	"8493.2498"	""		"37157.566"	"48928.388"	"3d6.(5D).4s.4p.(1P*)"	"y 5P*"	"2"	"3d7.(4F).5s"	"e 3F"	"2"	5	5		
"8493.796"	"8493.7946"	""		"39969.853"	"51739.920"	"3d6.(5D).4s.4p.(1P*)"	"x 5D*"	"3"	"3d6.(5D).4s (4D).5s"	"e 3D"	"2"	7	5		
"8496.9900"	"8496.9891"	""		"37162.746"	"48928.388"	"3d7.(4F).4p"	"y 3F*"	"3"	"3d7.(4F).5s"	"e 3F"	"2"	7	5		
"8514.0716"	"8514.0714"	"1.09e+05"	B	"17726.988"	"29469.024"	"3d7.(4P).4s"	"a 5P"	"2"	"3d6.(5D).4s.4p.(3P*)"	"z 5P*"	"2"	5	5		
"8515.108"	"8515.1092"	"1.11e+05"	B	"24338.767"	"36079.372"	"3d6.4s2"	"b 3G"	"3"	"3d7.(4F).4p"	"z 3G*"	"3"	7	7		
"8525.029"	"8525.0265"	""		"36975.588"	"48702.535"	"3d7.(2F).4s"	"d 3F"	"3"	"3d6.(3H).4s.4p.(3P*)"	"y 1G*"	"4"	7	9		
"8526.6684"	"8526.6690"	"1.77e+06"	C	"39625.804"	"51350.492"	"3d6.(5D).4s.4p.(1P*)"	"x 5D*"	"4"	"3d6.(5D).4s (4D).5s"	"g 5D"	"4"	9	9		
"8527.853"	"8527.8524"	""		"40491.284"	"52214.345"	"3d6.(5D).4s.4p.(1P*)"	"x 5D*"	"0"	"3d6.(5D).4s (4D).5s"	"g 5D"	"1"	1	3		
"8538.0147"	"8538.0153"	""		"39625.804"	"51334.911"	"3d6.(5D).4s.4p.(1P*)"	"x 5D*"	"4"	"3d6.(5D).4s (6D).4d"	"e 7G"	"4"	9	9		
"8559.741"	"8559.7380"	""		"41178.412"	"52857.804"	"3d8"	"3P"	"1"	"3d7.(2D2).4p"	"t 3D*"	"1"	3	3		
"8562.106"	"8562.1037"	""		"36079.372"	"47755.537"	"3d7.(4F).4p"	"z 3G*"	"3"	"3d7.(4F).5s"	"e 5F"	"3"	7	7		
"8567.790"	"8567.7898"	""		"39625.804"	"51294.220"	"3d6.(5D).4s.4p.(1P*)"	"x 5D*"	"4"	"3d6.(5D).4s (4D).5s"	"e 3D"	"3"	9	7		
"8570.099"	"8570.0946"	""		"45509.152"	"57174.430"	"3d6.(5D).4s (6D).5s"	"e 5D"	"1"	"3d6.4s.(6D).6p"	"7F*"	"1"	3	3		
"8571.8047"	"8571.8045"	""		"40404.518"	"52067.469"	"3d6.(5D).4s.4p.(1P*)"	"x 5D*"	"1"	"3d6.(5D).4s (6D).4d"	"e 5P"	"2"	3	5		
"8582.2568"	"8582.2581"	"7.40e+04"	C	"24118.819"	"35767.564"	"3d6.4s2"	"b 3G"	"4"	"3d7.(4F).4p"	"z 3G*"	"4"	9	9		
"8584.795"	"8584.7933"	""		"40404.518"	"52049.823"	"3d6.(5D).4s.4p.(1P*)"	"x 5D*"	"1"	"3d6.(5D).4s (4D).5s"	"g 5D"	"2"	3	5		
"8592.9502"	"8592.9507"	""		"39969.853"	"51604.103"	"3d6.(5D).4s.4p.(1P*)"	"x 5D*"	"3"	"3d6.(5D).4s (6D).4d"	"f 5F"	"3"	7	7		
"8598.8297"	"8598.8280"	"6.69e+05"	B	"35379.208"	"47005.506"	"3d7.(4F).4p"	"z 3G*"	"5"	"3d7.(4F).5s"	"e 5F"	"5"	11	11		
"8607.080"	"8607.0803"	""		"40404.518"	"52019.669"	"3d6.(5D).4s.4p.(1P*)"	"x 5D*"	"1"	"3d6.(5D).4s (6D).4d"	"e 5P"	"1"	3	3		
"8610.6114"	"8610.6091"	""		"35767.564"	"47377.955"	"3d7.(4F).4p"	"z 3G*"	"4"	"3d7.(4F).5s"	"e 5F"	"4"	9	9		
"8611.8034"	"8611.8033"	"1.27e+06"	C+	"22946.816"	"34555.597"	"3d7.(4P).4s"	"b 3P"	"1"	"3d6.(5D).4s.4p.(3P*)"	"z 3P*"	"0"	3	1		
"8613.9404"	"8613.9395"	""		"40231.336"	"51837.238"	"3d6.(5D).4s.4p.(1P*)"	"x 5D*"	"2"	"3d6.(5D).4s (6D).4d"	"e 5P"	"3"	5	7		
"8616.2790"	"8616.2803"	""		"39625.804"	"51228.553"	"3d6.(5D).4s.4p.(1P*)"	"x 5D*"	"4"	"3d6.(5D).4s (6D).4d"	"e 7G"	"5"	9	11		
"8616.474"	"8616.4816"	""		"28604.613"	"40207.091"	"3d7.(2D2).4s"	"a 1D"	"2"	"3d5.(6S).4s2.4p"	"y 7P*"	"3"	5	7		
"8621.6001"	"8621.6007"	"3.89e+04"	D+	"23783.619"	"35379.208"	"3d6.4s2"	"b 3G"	"5"	"3d7.(4F).4p"	"z 3G*"	"5"	11	11		
"8632.414"	"8632.4133"	""		"33095.941"	"44677.006"	"3d7.(4F).4p"	"y 5D*"	"4"	"3d6.(5D).4s (6D).5s"	"e 5D"	"4"	9	9		
"8656.678"	"8656.6745"	""		"40491.284"	"52039.892"	"3d6.(5D).4s.4p.(1P*)"	"x 5D*"	"0"	"3d6.(5D).4s (4D).5s"	"e 3D"	"1"	1	3		
"8661.8994"	"8661.8993"	"5.16e+05"	C+	"17927.382"	"29469.024"	"3d7.(4P).4s"	"a 5P"	"1"	"3d6.(5D).4s.4p.(3P*)"	"z 5P*"	"2"	3	5		
"8663.715"	"8663.7166"	""		"40231.336"	"51770.557"	"3d6.(5D).4s.4p.(1P*)"	"x 5D*"	"2"	"3d6.(5D).4s (4D).5s"	"g 5D"	"3"	5	7		
"8671.859"	"8671.8600"	""		"40491.284"	"52019.669"	"3d6.(5D).4s.4p.(1P*)"	"x 5D*"	"0"	"3d6.(5D).4s (6D).4d"	"e 5P"	"1"	1	3		
"8674.7459"	"8674.7457"	"6.17e+05"	C	"22838.323"	"34362.873"	"3d7.(4P).4s"	"b 3P"	"2"	"3d6.(5D).4s.4p.(3P*)"	"z 3P*"	"1"	5	3		
"8679.635"	"8679.6321"	""		"40052.035"	"51570.097"	"3d5.(6S).4s2.4p"	"y 7P*"	"2"	"3d6.(5D).4s (6D).4d"	"e 7S"	"3"	5	7		
"8681.260"	"8681.2624"	""		"42859.778"	"54375.677"	"3d6.(3P2).4s.4p.(3P*)"	"x 5P*"	"2"	"3d7.(4F).4d"	"f 5G"	"2"	5	5		
"8688.6249"	"8688.6233"	"7.74e+05"	B	"17550.181"	"29056.324"	"3d7.(4P).4s"	"a 5P"	"3"	"3d6.(5D).4s.4p.(3P*)"	"z 5P*"	"3"	7	7		
"8689.864"	"8689.8581"	""		"41178.412"	"52682.920"	"3d8"	"3P"	"1"	"3d7.(2D2).4p"	"t 3D*"	"2"	3	5		
"8698.706"	"8698.7061"	""		"24118.819"	"35611.625"	"3d6.4s2"	"b 3G"	"4"	"3d7.(4F).4p"	"z 5G*"	"3"	9	7		
"8698.826"	"8698.8303"	""		"45562.974"	"57055.616"	"3d6.(3H).4s.4p.(3P*)"	"y 3G*"	"3"	"3d6.4s.(6D).5d"	"5G"	"3"	7	7		
"8699.4534"	"8699.4548"	"4.08e+06"	D+	"39969.853"	"51461.670"	"3d6.(5D).4s.4p.(1P*)"	"x 5D*"	"3"	"3d6.(5D).4s (6D).4d"	"f 5F"	"4"	7	9		
"8710.3909"	"8710.3922"	""		"39625.804"	"51103.191"	"3d6.(5D).4s.4p.(1P*)"	"x 5D*"	"4"	"3d6.(5D).4s (6D).4d"	"f 5F"	"5"	9	11		
"8712.885"	"8712.8898"	""		"45833.223"	"57307.320"	"3d6.(3F2).4s.4p.(3P*)"	"x 5G*"	"4"	"3d6.4s.(6D).5d"	"7F"	"4"	9	9		
""	"8713.1875"	"3.33e+04"	C	"23783.619"	"35257.324"	"3d6.4s2"	"b 3G"	"5"	"3d7.(4F).4p"	"z 5G*"	"4"	11	9		
"8713.2029"	"8713.2080"	""		"40231.336"	"51705.014"	"3d6.(5D).4s.4p.(1P*)"	"x 5D*"	"2"	"3d6.(5D).4s (6D).4d"	"f 5F"	"2"	5	5		
"8729.147"	"8729.1430"	""		"27543.003"	"38995.736"	"3d7.(2P).4s"	"a 1P"	"1"	"3d7.(4F).4p"	"y 3D*"	"1"	3	3		
"8747.424"	"8747.4250"	""		"24338.767"	"35767.564"	"3d6.4s2"	"b 3G"	"3"	"3d7.(4F).4p"	"z 3G*"	"4"	7	9		
"8751.026"	"8751.022"	""		"47966.585"	"59390.684"	"3d5.(6S).4s2.4p"	"v 5P*"	"3"	""	"59390e"	"3"	7	7		
"8757.1871"	"8757.1869"	"3.52e+05"	C	"22946.816"	"34362.873"	"3d7.(4P).4s"	"b 3P"	"1"	"3d6.(5D).4s.4p.(3P*)"	"z 3P*"	"1"	3	3		
"8763.9658"	"8763.9656"	""		"37521.161"	"48928.388"	"3d7.(4F).4p"	"y 3F*"	"2"	"3d7.(4F).5s"	"e 3F"	"2"	5	5		
"8784.4399"	"8784.4405"	""		"39969.853"	"51350.492"	"3d6.(5D).4s.4p.(1P*)"	"x 5D*"	"3"	"3d6.(5D).4s (4D).5s"	"g 5D"	"4"	7	9		
"8790.5211"	"8790.5209"	"3.20e+06"	C	"40231.336"	"51604.103"	"3d6.(5D).4s.4p.(1P*)"	"x 5D*"	"2"	"3d6.(5D).4s (6D).4d"	"f 5F"	"3"	5	7		
"8793.3433"	"8793.3416"	""		"37162.746"	"48531.865"	"3d7.(4F).4p"	"y 3F*"	"3"	"3d7.(4F).5s"	"e 3F"	"3"	7	7		
"8796.4830"	"8796.4836"	""		"39969.853"	"51334.911"	"3d6.(5D).4s.4p.(1P*)"	"x 5D*"	"3"	"3d6.(5D).4s (6D).4d"	"e 7G"	"4"	7	9		
"8804.6253"	"8804.6243"	"1.67e+04"	B	"18378.186"	"29732.736"	"3d6.4s2"	"a 3P2"	"2"	"3d6.(5D).4s.4p.(3P*)"	"z 5P*"	"1"	5	3		
"8808.1704"	"8808.1702"	""		"40404.518"	"51754.497"	"3d6.(5D).4s.4p.(1P*)"	"x 5D*"	"1"	"3d6.(5D).4s (6D).4d"	"f 5F"	"1"	3	3		
"8814.5185"	"8814.5082"	""		"40871.412"	"52213.230"	"3d8"	"3P"	"2"	"3d7.(2D2).4p"	"t 3D*"	"3"	5	7		
"8816.886"	"8816.8846"	""		"40231.336"	"51570.097"	"3d6.(5D).4s.4p.(1P*)"	"x 5D*"	"2"	"3d6.(5D).4s (6D).4d"	"e 7S"	"3"	5	7		
"8819.488"	"8819.4973"	""		"40404.518"	"51739.920"	"3d6.(5D).4s.4p.(1P*)"	"x 5D*"	"1"	"3d6.(5D).4s (4D).5s"	"e 3D"	"2"	3	5		
"8824.2205"	"8824.2195"	"3.53e+05"	C	"17726.988"	"29056.324"	"3d7.(4P).4s"	"a 5P"	"2"	"3d6.(5D).4s.4p.(3P*)"	"z 5P*"	"3"	5	7		
"8828.087"	"8828.0915"	""		"39969.853"	"51294.220"	"3d6.(5D).4s.4p.(1P*)"	"x 5D*"	"3"	"3d6.(5D).4s (4D).5s"	"e 3D"	"3"	7	7		
"8832.967"	"8832.9720"	""		"40052.035"	"51370.145"	"3d5.(6S).4s2.4p"	"y 7P*"	"2"	"3d6.(5D).4s (6D).4d"	"e 5G"	"2"	5	5		
"8838.2987"	"8838.2962"	""		"46901.832"	"58213.124"	"3d6.(3P2).4s.4p.(3P*)"	"y 3P*"	"1"	"3d6.4s.(4D).4d"	"5P"	"2"	3	5		
"8838.4284"	"8838.4282"	"3.83e+05"	C	"23051.750"	"34362.873"	"3d7.(4P).4s"	"b 3P"	"0"	"3d6.(5D).4s.4p.(3P*)"	"z 3P*"	"1"	1	3		
"8846.7401"	"8846.7399"	""		"40404.518"	"51705.014"	"3d6.(5D).4s.4p.(1P*)"	"x 5D*"	"1"	"3d6.(5D).4s (6D).4d"	"f 5F"	"2"	3	5		
"8849.750"	"8849.7487"	""		"43079.023"	"54375.677"	"3d6.(3P2).4s.4p.(3P*)"	"x 5P*"	"1"	"3d7.(4F).4d"	"f 5G"	"2"	3	5		
"8862.051"	"8862.0495"	""		"43210.025"	"54490.999"	"3d6.(3H).4s.4p.(3P*)"	"y 5G*"	"2"	"3d7.(4F).4d"	"e 5H"	"3"	5	7		
"8863.588"	"8863.5871"	""		"40052.035"	"51331.052"	"3d5.(6S).4s2.4p"	"y 7P*"	"2"	"3d6.(5D).4s (6D).4d"	"e 7F"	"2"	5	5		
"8866.9324"	"8866.9306"	""		"36686.176"	"47960.940"	"3d7.(4F).4p"	"y 3F*"	"4"	"3d7.(4F).5s"	"e 3F"	"4"	9	9		
"8868.4284"	"8868.4298"	""		"24338.767"	"35611.625"	"3d6.4s2"	"b 3G"	"3"	"3d7.(4F).4p"	"z 5G*"	"3"	7	7		
"8876.0235"	"8876.0241"	""		"40491.284"	"51754.497"	"3d6.(5D).4s.4p.(1P*)"	"x 5D*"	"0"	"3d6.(5D).4s (6D).4d"	"f 5F"	"1"	1	3		
"8878.243"	"8878.2502"	""		"24118.819"	"35379.208"	"3d6.4s2"	"b 3G"	"4"	"3d7.(4F).4p"	"z 3G*"	"5"	9	11		
"8878.750"	"8878.7485"	""		"33801.572"	"45061.329"	"3d7.(4F).4p"	"y 5D*"	"2"	"3d6.(5D).4s (6D).5s"	"e 5D"	"3"	5	7		
"8878.946"	"8878.9441"	""		"20874.482"	"32133.991"	"3d6.4s2"	"b 3F2"	"3"	"3d6.(5D).4s.4p.(3P*)"	"z 3F*"	"2"	7	5		
"8891.404"	"8891.4037"	""		"43022.985"	"54266.716"	"3d6.(3H).4s.4p.(3P*)"	"y 5G*"	"4"	"3d7.(4F).4d"	"e 3H"	"5"	9	11		
"8902.924"	"8902.9238"	""		"40231.336"	"51460.518"	"3d6.(5D).4s.4p.(1P*)"	"x 5D*"	"2"	"3d6.(5D).4s (6D).4d"	"e 7G"	"3"	5	7		
"8905.994"	"8905.9908"	""		"40842.154"	"52067.469"	"3d6.(5D).4s.4p.(1P*)"	"x 5F*"	"3"	"3d6.(5D).4s (6D).4d"	"e 5P"	"2"	7	5		
"8920.0131"	"8920.0129"	""		"40842.154"	"52049.823"	"3d6.(5D).4s.4p.(1P*)"	"x 5F*"	"3"	"3d6.(5D).4s (4D).5s"	"g 5D"	"2"	7	5		
"8922.651"	"8922.6505"	""		"40257.314"	"51461.670"	"3d6.(5D).4s.4p.(1P*)"	"x 5F*"	"5"	"3d6.(5D).4s (6D).4d"	"f 5F"	"4"	11	9		
"8926.6574"	""	""		""	""	""	""	""	""	""	""				
"8929.0771"	"8929.0753"	"3.57e+06"	C+	"41018.051"	"52214.345"	"3d6.(5D).4s.4p.(1P*)"	"x 5F*"	"2"	"3d6.(5D).4s (4D).5s"	"g 5D"	"1"	5	3		
"8940.331"	"8940.3352"	""		"39625.804"	"50807.997"	"3d6.(5D).4s.4p.(1P*)"	"x 5D*"	"4"	"3d6.(5D).4s (6D).4d"	"f 7D"	"4"	9	9		
"8942.895"	"8942.8927"	""		"39969.853"	"51148.848"	"3d6.(5D).4s.4p.(1P*)"	"x 5D*"	"3"	"3d6.(5D).4s (6D).4d"	"e 7F"	"3"	7	7		
"8943.0633"	"8943.0647"	""		"22838.323"	"34017.103"	"3d7.(4P).4s"	"b 3P"	"2"	"3d7.(4F).4p"	"y 5D*"	"1"	5	3		
"8945.1895"	"8945.1893"	""		"40594.432"	"51770.557"	"3d6.(5D).4s.4p.(1P*)"	"x 5F*"	"4"	"3d6.(5D).4s (4D).5s"	"g 5D"	"3"	9	7		
"8946.2613"	"8946.2603"	""		"22946.816"	"34121.603"	"3d7.(4P).4s"	"b 3P"	"1"	"3d7.(4F).4p"	"y 5D*"	"0"	3	1		
"8950.1883"	"8950.1881"	""		"33507.123"	"44677.006"	"3d7.(4F).4p"	"y 5D*"	"3"	"3d6.(5D).4s (6D).5s"	"e 5D"	"4"	7	9		
"8950.615"	"8950.6080"	""		"43210.025"	"54379.384"	"3d6.(3H).4s.4p.(3P*)"	"y 5G*"	"2"	"3d7.(4F).4d"	"e 3G"	"3"	5	7		
"8953.9102"	""	""		""	""	""	""	""	""	""	""				
"8954.9384"	"8954.9358"	""		"20641.110"	"31805.071"	"3d6.4s2"	"b 3F2"	"4"	"3d6.(5D).4s.4p.(3P*)"	"z 3F*"	"3"	9	7		
"8959.881"	"8959.8812"	""		"43108.917"	"54266.716"	"3d6.(3H).4s.4p.(3P*)"	"z 5H*"	"4"	"3d7.(4F).4d"	"e 3H"	"5"	9	11		
"8961.358"	"8961.3558"	""		"40052.035"	"51207.998"	"3d5.(6S).4s2.4p"	"y 7P*"	"2"	"3d6.(5D).4s (6D).4d"	"e 7F"	"1"	5	3		
"8969.417"	"8969.4103"	""		"25899.989"	"37045.934"	"3d6.(5D).4s.4p.(3P*)"	"z 5D*"	"4"	"3d7.(2F).4s"	"d 3F"	"4"	9	9		
"8971.463"	"8971.4580"	""		"40207.091"	"51350.492"	"3d5.(6S).4s2.4p"	"y 7P*"	"3"	"3d6.(5D).4s (4D).5s"	"g 5D"	"4"	7	9		
"8975.4001"	"8975.4015"	"5.59e+04"	C	"24118.819"	"35257.324"	"3d6.4s2"	"b 3G"	"4"	"3d7.(4F).4p"	"z 5G*"	"4"	9	9		
"8978.196"	"8978.1977"	""		"27543.003"	"38678.039"	"3d7.(2P).4s"	"a 1P"	"1"	"3d7.(4F).4p"	"y 3D*"	"2"	3	5		
"8984.8880"	"8984.8862"	""		"41130.599"	"52257.346"	"3d6.(5D).4s.4p.(1P*)"	"x 5F*"	"1"	"3d6.(5D).4s (4D).5s"	"g 5D"	"0"	3	1		
"8987.137"	"8987.1364"	""		"40207.091"	"51331.052"	"3d5.(6S).4s2.4p"	"y 7P*"	"3"	"3d6.(5D).4s (6D).4d"	"e 7F"	"2"	7	5		
"8994.627"	"8994.6280"	""		"26406.465"	"37521.161"	"3d7.(2D2).4s"	"a 3D"	"1"	"3d7.(4F).4p"	"y 3F*"	"2"	3	5		
"8999.5560"	"8999.5558"	"1.06e+06"	D+	"22838.323"	"33946.933"	"3d7.(4P).4s"	"b 3P"	"2"	"3d6.(5D).4s.4p.(3P*)"	"z 3P*"	"2"	5	5		
"9006.763"	"9006.7589"	""		"43137.487"	"54237.213"	"3d6.(3H).4s.4p.(3P*)"	"y 5G*"	"3"	"3d7.(4F).4d"	"e 5H"	"4"	7	9		
"9006.763"	"9006.7670"	""		"40231.336"	"51331.052"	"3d6.(5D).4s.4p.(1P*)"	"x 5D*"	"2"	"3d6.(5D).4s (6D).4d"	"e 7F"	"2"	5	5		
"9008.4115"	"9008.4121"	""		"40871.412"	"51969.101"	"3d8"	"3P"	"2"	"3d7.(2P).4p"	"u 3D*"	"3"	5	7		
"9010.5940"	"9010.5922"	"1.83e+04"	C+	"21038.987"	"32133.991"	"3d6.4s2"	"b 3F2"	"2"	"3d6.(5D).4s.4p.(3P*)"	"z 3F*"	"2"	5	5		
"9012.0740"	"9012.0754"	"4.46e+06"	C	"40257.314"	"51350.492"	"3d6.(5D).4s.4p.(1P*)"	"x 5F*"	"5"	"3d6.(5D).4s (4D).5s"	"g 5D"	"4"	11	9		
"9013.9770"	"9013.9768"	""		"18378.186"	"29469.024"	"3d6.4s2"	"a 3P2"	"2"	"3d6.(5D).4s.4p.(3P*)"	"z 5P*"	"2"	5	5		
"9019.7463"	"9019.7445"	""		"41130.599"	"52214.345"	"3d6.(5D).4s.4p.(1P*)"	"x 5F*"	"1"	"3d6.(5D).4s (4D).5s"	"g 5D"	"1"	3	3		
"9024.3685"	"9024.3691"	""		"39625.804"	"50703.870"	"3d6.(5D).4s.4p.(1P*)"	"x 5D*"	"4"	"3d6.(5D).4s (6D).4d"	"e 5G"	"5"	9	11		
"9024.7514"	"9024.7512"	""		"40257.314"	"51334.911"	"3d6.(5D).4s.4p.(1P*)"	"x 5F*"	"5"	"3d6.(5D).4s (6D).4d"	"e 7G"	"4"	11	9		
"9026.441"	"9026.4453"	""		"40491.284"	"51566.802"	"3d6.(5D).4s.4p.(1P*)"	"x 5D*"	"0"	"3d6.(5D).4s (6D).4d"	"e 7G"	"1"	1	3		
"9030.7123"	"9030.7105"	""		"22946.816"	"34017.103"	"3d7.(4P).4s"	"b 3P"	"1"	"3d7.(4F).4p"	"y 5D*"	"1"	3	3		
"9034.679"	"9034.6809"	""		"42859.778"	"53925.200"	"3d6.(3P2).4s.4p.(3P*)"	"x 5P*"	"2"	"3d7.(4F).4d"	"f 5P"	"1"	5	3		
"9036.7547"	"9036.7536"	""		"40231.336"	"51294.220"	"3d6.(5D).4s.4p.(1P*)"	"x 5D*"	"2"	"3d6.(5D).4s (4D).5s"	"e 3D"	"3"	5	7		
"9047.767"	"9047.7668"	""		"41018.051"	"52067.469"	"3d6.(5D).4s.4p.(1P*)"	"x 5F*"	"2"	"3d6.(5D).4s (6D).4d"	"e 5P"	"2"	5	5		
"9049.349"	"9049.3565"	""		"43210.025"	"54257.502"	"3d6.(3H).4s.4p.(3P*)"	"y 5G*"	"2"	"3d7.(4F).4d"	"g 5F"	"2"	5	5		
"9052.5935"	"9052.5883"	""		"43022.985"	"54066.518"	"3d6.(3H).4s.4p.(3P*)"	"y 5G*"	"4"	"3d7.(4F).4d"	"e 3G"	"4"	9	9		
"9057.6120"	""	""		""	""	""	""	""	""	""	""				
"9057.971"	"9057.9714"	""		"24574.655"	"35611.625"	"3d7.(2G).4s"	"a 1G"	"4"	"3d7.(4F).4p"	"z 5G*"	"3"	9	7		
"9058.760"	"9058.7593"	""		"42532.741"	"53568.751"	"3d6.(3P2).4s.4p.(3P*)"	"x 5P*"	"3"	"3d7.(4F).4d"	"f 5P"	"2"	7	5		
"9060.0153"	""	""		""	""	""	""	""	""	""	""				
"9062.2396"	"9062.2394"	""		"41018.051"	"52049.823"	"3d6.(5D).4s.4p.(1P*)"	"x 5F*"	"2"	"3d6.(5D).4s (4D).5s"	"g 5D"	"2"	5	5		
"9064.689"	"9064.6880"	""		"39969.853"	"50998.645"	"3d6.(5D).4s.4p.(1P*)"	"x 5D*"	"3"	"3d6.(5D).4s (6D).4d"	"f 7D"	"2"	7	5		
"9068.916"	"9068.9146"	""		"43137.487"	"54161.139"	"3d6.(3H).4s.4p.(3P*)"	"y 5G*"	"3"	"3d7.(4F).4d"	"f 5G"	"3"	7	7		
"9070.4025"	"9070.4047"	""		"41018.051"	"52039.892"	"3d6.(5D).4s.4p.(1P*)"	"x 5F*"	"2"	"3d6.(5D).4s (4D).5s"	"e 3D"	"1"	5	3		
"9078.5710"	"9078.5733"	""		"40207.091"	"51219.015"	"3d5.(6S).4s2.4p"	"y 7P*"	"3"	"3d6.(5D).4s (6D).4d"	"e 5G"	"3"	7	7		
"9079.5803"	"9079.5792"	""		"37521.161"	"48531.865"	"3d7.(4F).4p"	"y 3F*"	"2"	"3d7.(4F).5s"	"e 3F"	"3"	5	7		
"9080.387"	"9080.3858"	""		"39969.853"	"50979.579"	"3d6.(5D).4s.4p.(1P*)"	"x 5D*"	"3"	"3d6.(5D).4s (6D).4d"	"e 5G"	"4"	7	9		
"9084.1848"	"9084.1837"	""		"34328.752"	"45333.875"	"3d7.(4F).4p"	"y 5F*"	"3"	"3d6.(5D).4s (6D).5s"	"e 5D"	"2"	7	5		
"9084.5962"	""	""		""	""	""	""	""	""	""	""				
"9085.4198"	"9085.4254"	""		"45428.402"	"56432.021"	"3d6.(3H).4s.4p.(3P*)"	"y 3G*"	"4"	"3d6.4s.(6D).5d"	"7D"	"5"	9	11		
"9086.434"	"9086.4254"	""		"41178.412"	"52180.820"	"3d8"	"3P"	"1"	"3d7.(2P).4p"	"1P*"	"1"	3	3		
"9088.3180"	"9088.3178"	"2.17e+05"	D	"22946.816"	"33946.933"	"3d7.(4P).4s"	"b 3P"	"1"	"3d6.(5D).4s.4p.(3P*)"	"z 3P*"	"2"	3	5		
"9088.507"	"9088.50"	""		"47812.118"	"58812.015"	"3d6.(3F2).4s.4p.(3P*)"	"x 3G*"	"4"	"3d7.(4F).5d"	"3G"	"5"	9	11		
"9089.4038"	"9089.4044"	"1.55e+05"	D+	"23783.619"	"34782.421"	"3d6.4s2"	"b 3G"	"5"	"3d7.(4F).4p"	"z 5G*"	"5"	11	11		
"9091.664"	"9091.6611"	""		"40052.035"	"51048.107"	"3d5.(6S).4s2.4p"	"y 7P*"	"2"	"3d6.(5D).4s (6D).4d"	"f 7D"	"1"	5	3		
"9092.477"	"9092.4780"	""		"40842.154"	"51837.238"	"3d6.(5D).4s.4p.(1P*)"	"x 5F*"	"3"	"3d6.(5D).4s (6D).4d"	"e 5P"	"3"	7	7		
""	"9093.6839"	"3.4e-02"	E	"18378.186"	"29371.812"	"3d6.4s2"	"a 3P2"	"2"	"3d6.4s2"	"b 3D"	"3"	5	7	M1	
""	"9093.6839"	"3.0e-03"	E	"18378.186"	"29371.812"	"3d6.4s2"	"a 3P2"	"2"	"3d6.4s2"	"b 3D"	"3"	5	7	E2	
"9095.9416"	""	""		""	""	""	""	""	""	""	""				
"9098.6044"	"9098.6058"	""		"40231.336"	"51219.015"	"3d6.(5D).4s.4p.(1P*)"	"x 5D*"	"2"	"3d6.(5D).4s (6D).4d"	"e 5G"	"3"	5	7		
"9100.4456"	"9100.4462"	""		"39625.804"	"50611.261"	"3d6.(5D).4s.4p.(1P*)"	"x 5D*"	"4"	"3d6.(5D).4s (6D).4d"	"e 7P"	"3"	9	7		
"9100.6742"	"9100.6740"	""		"40207.091"	"51192.273"	"3d5.(6S).4s2.4p"	"y 7P*"	"3"	"3d6.(5D).4s (6D).4d"	"e 7F"	"4"	7	9		
"9103.6369"	"9103.6350"	""		"33695.397"	"44677.006"	"3d7.(4F).4p"	"y 5F*"	"5"	"3d6.(5D).4s (6D).5s"	"e 5D"	"4"	11	9		
""	"9106.1650"	"2.8e-02"	E	"18378.186"	"29356.744"	"3d6.4s2"	"a 3P2"	"2"	"3d6.4s2"	"b 3D"	"2"	5	5	M1	
""	"9106.1650"	"2.0e-03"	E	"18378.186"	"29356.744"	"3d6.4s2"	"a 3P2"	"2"	"3d6.4s2"	"b 3D"	"2"	5	5	E2	
"9112.2417"	"9112.2398"	""		"40257.314"	"51228.553"	"3d6.(5D).4s.4p.(1P*)"	"x 5F*"	"5"	"3d6.(5D).4s (6D).4d"	"e 7G"	"5"	11	11		
"9116.9043"	"9116.9033"	""		"40404.518"	"51370.145"	"3d6.(5D).4s.4p.(1P*)"	"x 5D*"	"1"	"3d6.(5D).4s (6D).4d"	"e 5G"	"2"	3	5		
"9117.1321"	"9117.1311"	""		"23051.750"	"34017.103"	"3d7.(4P).4s"	"b 3P"	"0"	"3d7.(4F).4p"	"y 5D*"	"1"	1	3		
"9118.8810"	"9118.8808"	"1.23e+05"	D+	"22838.323"	"33801.572"	"3d7.(4P).4s"	"b 3P"	"2"	"3d7.(4F).4p"	"y 5D*"	"2"	5	5		
"9119.9699"	"9119.9689"	""		"34547.211"	"45509.152"	"3d7.(4F).4p"	"y 5F*"	"2"	"3d6.(5D).4s (6D).5s"	"e 5D"	"1"	5	3		
"9123.580"	"9123.5811"	""		"43108.917"	"54066.518"	"3d6.(3H).4s.4p.(3P*)"	"z 5H*"	"4"	"3d7.(4F).4d"	"e 3G"	"4"	9	9		
"9132.741"	"9132.7417"	""		"40052.035"	"50998.645"	"3d5.(6S).4s2.4p"	"y 7P*"	"2"	"3d6.(5D).4s (6D).4d"	"f 7D"	"2"	5	5		
"9136.739"	"9136.7406"	""		"40207.091"	"51148.910"	"3d5.(6S).4s2.4p"	"y 7P*"	"3"	"3d6.(5D).4s (6D).4d"	"e 5S"	"2"	7	5		
"9136.793"	"9136.7923"	""		"40207.091"	"51148.848"	"3d5.(6S).4s2.4p"	"y 7P*"	"3"	"3d6.(5D).4s (6D).4d"	"e 7F"	"3"	7	7		
"9140.117"	"9140.1170"	""		"26224.969"	"37162.746"	"3d7.(2D2).4s"	"a 3D"	"3"	"3d7.(4F).4p"	"y 3F*"	"3"	7	7		
"9146.129"	"9146.1276"	"1.79e+04"	C+	"20874.482"	"31805.071"	"3d6.4s2"	"b 3F2"	"3"	"3d6.(5D).4s.4p.(3P*)"	"z 3F*"	"3"	7	7		
"9147.218"	"9147.2180"	""		"43137.487"	"54066.773"	"3d6.(3H).4s.4p.(3P*)"	"y 5G*"	"3"	"3d7.(4F).4d"	"f 3D"	"2"	7	5		
"9147.706"	"9147.7060"	""		"42911.917"	"53840.620"	"3d6.(3H).4s.4p.(3P*)"	"y 5G*"	"5"	"3d7.(4F).4d"	"e 3H"	"6"	11	13		
"9147.957"	"9147.9571"	""		"40842.154"	"51770.557"	"3d6.(5D).4s.4p.(1P*)"	"x 5F*"	"3"	"3d6.(5D).4s (4D).5s"	"g 5D"	"3"	7	7		
"9149.524"	"9149.5219"	""		"40404.518"	"51331.052"	"3d6.(5D).4s.4p.(1P*)"	"x 5D*"	"1"	"3d6.(5D).4s (6D).4d"	"e 7F"	"2"	3	5		
"9155.647"	"9155.6472"	""		"41130.599"	"52049.823"	"3d6.(5D).4s.4p.(1P*)"	"x 5F*"	"1"	"3d6.(5D).4s (4D).5s"	"g 5D"	"2"	3	5		
"9156.206"	"9156.2065"	""		"24338.767"	"35257.324"	"3d6.4s2"	"b 3G"	"3"	"3d7.(4F).4p"	"z 5G*"	"4"	7	9		
"9157.081"	"9157.0829"	""		"40231.336"	"51148.848"	"3d6.(5D).4s.4p.(1P*)"	"x 5D*"	"2"	"3d6.(5D).4s (6D).4d"	"e 7F"	"3"	5	7		
"9163.982"	"9163.9818"	""		"41130.599"	"52039.892"	"3d6.(5D).4s.4p.(1P*)"	"x 5F*"	"1"	"3d6.(5D).4s (4D).5s"	"e 3D"	"1"	3	3		
"9164.571"	"9164.5699"	""		"39625.804"	"50534.397"	"3d6.(5D).4s.4p.(1P*)"	"x 5D*"	"4"	"3d6.(5D).4s (6D).4d"	"f 5D"	"3"	9	7		
"9169.323"	"9169.3232"	""		"34692.148"	"45595.086"	"3d7.(4F).4p"	"y 5F*"	"1"	"3d6.(5D).4s (6D).5s"	"e 5D"	"0"	3	1		
"9169.779"	"9169.7825"	""		"46888.517"	"57790.909"	"3d7.(4P).4p"	"u 5D*"	"2"	"3d7.(4F).6s"	"3F"	"2"	5	5		
"9173.195"	"9173.1935"	""		"21038.987"	"31937.325"	"3d6.4s2"	"b 3F2"	"2"	"3d6.(5D).4s.4p.(3P*)"	"z 3D*"	"1"	5	3		
"9173.543"	"9173.538"	""		"47812.118"	"58710.047"	"3d6.(3F2).4s.4p.(3P*)"	"x 3G*"	"4"	"3d6.(5D).4s (4D).4d"	"g 5G"	"3"	9	7		
"9173.675"	"9173.6750"	""		"40842.154"	"51739.920"	"3d6.(5D).4s.4p.(1P*)"	"x 5F*"	"3"	"3d6.(5D).4s (4D).5s"	"e 3D"	"2"	7	5		
"9173.961"	"9173.9612"	""		"26623.735"	"37521.161"	"3d7.(2D2).4s"	"a 3D"	"2"	"3d7.(4F).4p"	"y 3F*"	"2"	5	5		
"9174.218"	"9174.2188"	""		"43633.533"	"54530.653"	"3d6.(5D).4s (6D).5s"	"e 7D"	"2"	"3d7.(4F).5p"	"5D*"	"2"	5	5		
"9178.560"	"9178.5625"	""		"39969.853"	"50861.816"	"3d6.(5D).4s.4p.(1P*)"	"x 5D*"	"3"	"3d6.(5D).4s (6D).4d"	"f 7D"	"3"	7	7		
"9178.971"	"9178.9746"	""		"39969.853"	"50861.327"	"3d6.(5D).4s.4p.(1P*)"	"x 5D*"	"3"	"3d6.(5D).4s (6D).4d"	"e 7P"	"2"	7	5		
"9179.743"	"9179.7424"	""		"36940.590"	"47831.153"	"3d7.(2F).4s"	"d 3F"	"2"	"3d6.(3G).4s.4p.(3P*)"	"w 5G*"	"2"	5	5		
"9181.021"	"9181.0230"	""		"45562.974"	"56452.018"	"3d6.(3H).4s.4p.(3P*)"	"y 3G*"	"3"	"3d6.4s.(6D).5d"	"7D"	"4"	7	9		
"9185.225"	"9185.2246"	""		"37045.934"	"47929.997"	"3d7.(2F).4s"	"d 3F"	"4"	"3d6.(3G).4s.4p.(3P*)"	"v 5F*"	"4"	9	9		
"9189.408"	"9189.4090"	""		"37157.566"	"48036.673"	"3d6.(5D).4s.4p.(1P*)"	"y 5P*"	"2"	"3d7.(4F).5s"	"e 5F"	"2"	5	5		
"9195.144"	"9195.149"	""		"48163.446"	"59035.762"	"3d5.(6S).4s2.4p"	"v 5P*"	"2"	"3d6.4s.(6D).7s"	"5D"	"2"	5	5		
"9199.445"	"9199.4455"	""		"40594.432"	"51461.670"	"3d6.(5D).4s.4p.(1P*)"	"x 5F*"	"4"	"3d6.(5D).4s (6D).4d"	"f 5F"	"4"	9	9		
""	"9203.8106"	"1.3e-02"	E	"11976.239"	"22838.323"	"3d7.(4F).4s"	"a 3F"	"4"	"3d7.(4P).4s"	"b 3P"	"2"	9	5	E2	
"9204.0962"	""	""		""	""	""	""	""	""	""	""				
"9204.785"	"9204.7869"	""		"42532.741"	"53393.673"	"3d6.(3P2).4s.4p.(3P*)"	"x 5P*"	"3"	"3d7.(4F).4d"	"g 5F"	"4"	7	9		
"9209.341"	"9209.3377"	""		"36975.588"	"47831.153"	"3d7.(2F).4s"	"d 3F"	"3"	"3d6.(3G).4s.4p.(3P*)"	"w 5G*"	"2"	7	5		
"9210.025"	"9210.0241"	"6.20e+04"	D+	"22946.816"	"33801.572"	"3d7.(4P).4s"	"b 3P"	"1"	"3d7.(4F).4p"	"y 5D*"	"2"	3	5		
"9212.981"	"9212.9812"	""		"43022.985"	"53874.257"	"3d6.(3H).4s.4p.(3P*)"	"y 5G*"	"4"	"3d7.(4F).4d"	"e 5H"	"5"	9	11		
"9214.2675"	""	""		""	""	""	""	""	""	""	""				
"9214.497"	"9214.4995"	""		"39625.804"	"50475.288"	"3d6.(5D).4s.4p.(1P*)"	"x 5D*"	"4"	"3d6.(5D).4s (6D).4d"	"e 7P"	"4"	9	9		
"9214.975"	"9214.9760"	""		"42991.697"	"53840.620"	"3d6.(3H).4s.4p.(3P*)"	"z 5H*"	"5"	"3d7.(4F).4d"	"e 3H"	"6"	11	13		
"9217.562"	"9217.5639"	""		"40257.314"	"51103.191"	"3d6.(5D).4s.4p.(1P*)"	"x 5F*"	"5"	"3d6.(5D).4s (6D).4d"	"f 5F"	"5"	11	11		
"9224.141"	"9224.1407"	""		"39969.853"	"50807.997"	"3d6.(5D).4s.4p.(1P*)"	"x 5D*"	"3"	"3d6.(5D).4s (6D).4d"	"f 7D"	"4"	7	9		
"9231.781"	"9231.7804"	""		"43137.487"	"53966.662"	"3d6.(3H).4s.4p.(3P*)"	"y 5G*"	"3"	"3d7.(4F).4d"	"h 5D"	"2"	7	5		
"9233.191"	"9233.1906"	""		"42911.917"	"53739.438"	"3d6.(3H).4s.4p.(3P*)"	"y 5G*"	"5"	"3d7.(4F).4d"	"e 3G"	"5"	11	11		
"9236.8286"	""	""		""	""	""	""	""	""	""	""				
"9239.938"	"9239.9366"	""		"45608.361"	"56427.977"	"3d6.(3F2).4s.4p.(3P*)"	"x 5G*"	"6"	"3d6.4s.(6D).5d"	"7F"	"6"	13	13		
"9240.305"	"9240.3030"	""		"41018.051"	"51837.238"	"3d6.(5D).4s.4p.(1P*)"	"x 5F*"	"2"	"3d6.(5D).4s (6D).4d"	"e 5P"	"3"	5	7		
"9242.175"	"9242.1678"	""		"34692.148"	"45509.152"	"3d7.(4F).4p"	"y 5F*"	"1"	"3d6.(5D).4s (6D).5s"	"e 5D"	"1"	3	3		
"9242.367"	"9242.3669"	""		"40231.336"	"51048.107"	"3d6.(5D).4s.4p.(1P*)"	"x 5D*"	"2"	"3d6.(5D).4s (6D).4d"	"f 7D"	"1"	5	3		
"9242.696"	"9242.7035"	""		"48163.446"	"58979.823"	"3d5.(6S).4s2.4p"	"v 5P*"	"2"	"3d6.4s.(4D).4d"	"3D"	"2"	5	5		
"9246.558"	"9246.5573"	"1.80e+04"	B	"20874.482"	"31686.351"	"3d6.4s2"	"b 3F2"	"3"	"3d6.(5D).4s.4p.(3P*)"	"z 3D*"	"2"	7	5		
"9248.129"	"9248.1354"	""		"40894.990"	"51705.014"	"3d6.(3P2).4s.4p.(3P*)"	"z 5S*"	"2"	"3d6.(5D).4s (6D).4d"	"f 5F"	"2"	5	5		
"9248.760"	"9248.7617"	""		"40052.035"	"50861.327"	"3d5.(6S).4s2.4p"	"y 7P*"	"2"	"3d6.(5D).4s (6D).4d"	"e 7P"	"2"	5	5		
"9258.269"	"9258.2673"	""		"37162.746"	"47960.940"	"3d7.(4F).4p"	"y 3F*"	"3"	"3d7.(4F).5s"	"e 3F"	"4"	7	9		
"9259.005"	"9259.0056"	"1.54e+06"	D+	"39625.804"	"50423.137"	"3d6.(5D).4s.4p.(1P*)"	"x 5D*"	"4"	"3d6.(5D).4s (6D).4d"	"f 5D"	"4"	9	9		
"9259.230"	"9259.2251"	""		"40421.938"	"51219.015"	"3d5.(6S).4s2.4p"	"y 7P*"	"4"	"3d6.(5D).4s (6D).4d"	"e 5G"	"3"	9	7		
"9263.962"	"9263.9639"	""		"40207.091"	"50998.645"	"3d5.(6S).4s2.4p"	"y 7P*"	"3"	"3d6.(5D).4s (6D).4d"	"f 7D"	"2"	7	5		
"9280.362"	"9280.3600"	""		"40207.091"	"50979.579"	"3d5.(6S).4s2.4p"	"y 7P*"	"3"	"3d6.(5D).4s (6D).4d"	"e 5G"	"4"	7	9		
"9282.214"	"9282.2152"	""		"40421.938"	"51192.273"	"3d5.(6S).4s2.4p"	"y 7P*"	"4"	"3d6.(5D).4s (6D).4d"	"e 7F"	"4"	9	9		
"9284.826"	"9284.8239"	""		"40231.336"	"50998.645"	"3d6.(5D).4s.4p.(1P*)"	"x 5D*"	"2"	"3d6.(5D).4s (6D).4d"	"f 7D"	"2"	5	5		
"9285.882"	"9285.8803"	""		"21038.987"	"31805.071"	"3d6.4s2"	"b 3F2"	"2"	"3d6.(5D).4s.4p.(3P*)"	"z 3F*"	"3"	5	7		
"9286.524"	"9286.5221"	""		"43108.917"	"53874.257"	"3d6.(3H).4s.4p.(3P*)"	"z 5H*"	"4"	"3d7.(4F).4d"	"e 5H"	"5"	9	11		
"9289.448"	"9289.4482"	""		"40842.154"	"51604.103"	"3d6.(5D).4s.4p.(1P*)"	"x 5F*"	"3"	"3d6.(5D).4s (6D).4d"	"f 5F"	"3"	7	7		
"9294.534"	"9294.5342"	""		"40594.432"	"51350.492"	"3d6.(5D).4s.4p.(1P*)"	"x 5F*"	"4"	"3d6.(5D).4s (4D).5s"	"g 5D"	"4"	9	9		
"9297.150"	"9297.1507"	""		"38175.355"	"48928.388"	"3d7.(4F).4p"	"y 3D*"	"3"	"3d7.(4F).5s"	"e 3F"	"2"	7	5		
"9297.606"	"9297.6063"	""		"41018.051"	"51770.557"	"3d6.(5D).4s.4p.(1P*)"	"x 5F*"	"2"	"3d6.(5D).4s (4D).5s"	"g 5D"	"3"	5	7		
"9297.955"	"9297.9540"	""		"39625.804"	"50377.908"	"3d6.(5D).4s.4p.(1P*)"	"x 5D*"	"4"	"3d6.(5D).4s (6D).4d"	"f 7D"	"5"	9	11		
"9301.729"	"9301.7284"	""		"42991.697"	"53739.438"	"3d6.(3H).4s.4p.(3P*)"	"z 5H*"	"5"	"3d7.(4F).4d"	"e 3G"	"5"	11	11		
"9303.243"	"9303.2406"	""		"43022.985"	"53768.979"	"3d6.(3H).4s.4p.(3P*)"	"y 5G*"	"4"	"3d7.(4F).4d"	"f 5G"	"4"	9	9		
"9304.627"	"9304.6278"	""		"40404.518"	"51148.910"	"3d6.(5D).4s.4p.(1P*)"	"x 5D*"	"1"	"3d6.(5D).4s (6D).4d"	"e 5S"	"2"	3	5		
"9308.019"	"9308.0177"	""		"40594.432"	"51334.911"	"3d6.(5D).4s.4p.(1P*)"	"x 5F*"	"4"	"3d6.(5D).4s (6D).4d"	"e 7G"	"4"	9	9		
"9311.514"	"9311.5141"	""		"41018.051"	"51754.497"	"3d6.(5D).4s.4p.(1P*)"	"x 5F*"	"2"	"3d6.(5D).4s (6D).4d"	"f 5F"	"1"	5	3		
"9318.178"	"9318.1788"	""		"39969.853"	"50698.620"	"3d6.(5D).4s.4p.(1P*)"	"x 5D*"	"3"	"3d6.(5D).4s (6D).4d"	"f 5D"	"2"	7	5		
"9318.892"	"9318.8945"	""		"40842.154"	"51570.097"	"3d6.(5D).4s.4p.(1P*)"	"x 5F*"	"3"	"3d6.(5D).4s (6D).4d"	"e 7S"	"3"	7	7		
"9319.792"	"9319.7919"	""		"40421.938"	"51148.848"	"3d5.(6S).4s2.4p"	"y 7P*"	"4"	"3d6.(5D).4s (6D).4d"	"e 7F"	"3"	9	7		
"9320.791"	"9320.7877"	""		"47755.537"	"58481.301"	"3d7.(4F).5s"	"e 5F"	"3"	"3d6.4s.(4D).5p"	"5F*"	"4"	7	9		
"9323.830"	"9323.8293"	""		"40257.314"	"50979.579"	"3d6.(5D).4s.4p.(1P*)"	"x 5F*"	"5"	"3d6.(5D).4s (6D).4d"	"e 5G"	"4"	11	9		
"9324.174"	"9324.1737"	""		"41018.051"	"51739.920"	"3d6.(5D).4s.4p.(1P*)"	"x 5F*"	"2"	"3d6.(5D).4s (4D).5s"	"e 3D"	"2"	5	5		
"9327.838"	"9327.8433"	""		"36975.588"	"47693.239"	"3d7.(2F).4s"	"d 3F"	"3"	"3d6.(3G).4s.4p.(3P*)"	"w 5G*"	"3"	7	7		
"9328.887"	"9328.8861"	""		"43022.985"	"53739.438"	"3d6.(3H).4s.4p.(3P*)"	"y 5G*"	"4"	"3d7.(4F).4d"	"e 3G"	"5"	9	11		
"9329.511"	"9329.509"	""		"47966.585"	"58682.322"	"3d5.(6S).4s2.4p"	"v 5P*"	"3"	"3d6.4s.(4D).4d"	"3D"	"3"	7	7		
"9334.056"	"9334.0564"	""		"40257.314"	"50967.831"	"3d6.(5D).4s.4p.(1P*)"	"x 5F*"	"5"	"3d6.(5D).4s (6D).4d"	"e 7G"	"6"	11	13		
"9343.416"	"9343.4159"	""		"40594.432"	"51294.220"	"3d6.(5D).4s.4p.(1P*)"	"x 5F*"	"4"	"3d6.(5D).4s (4D).5s"	"e 3D"	"3"	9	7		
"9348.916"	"9348.9206"	""		"43137.487"	"53830.975"	"3d6.(3H).4s.4p.(3P*)"	"y 5G*"	"3"	"3d7.(4F).4d"	"g 5F"	"3"	7	7		
"9350.417"	"9350.4149"	""		"36686.176"	"47377.955"	"3d7.(4F).4p"	"y 3F*"	"4"	"3d7.(4F).5s"	"e 5F"	"4"	9	9		
"9354.630"	"9354.6286"	""		"41018.051"	"51705.014"	"3d6.(5D).4s.4p.(1P*)"	"x 5F*"	"2"	"3d6.(5D).4s (6D).4d"	"f 5F"	"2"	5	5		
"9358.390"	"9358.3888"	""		"24574.655"	"35257.324"	"3d7.(2G).4s"	"a 1G"	"4"	"3d7.(4F).4p"	"z 5G*"	"4"	9	9		
"9359.412"	"9359.4104"	"1.50e+04"	B	"20641.110"	"31322.613"	"3d6.4s2"	"b 3F2"	"4"	"3d6.(5D).4s.4p.(3P*)"	"z 3D*"	"3"	9	7		
"9362.361"	"9362.3598"	"7.66e+03"	D+	"18378.186"	"29056.324"	"3d6.4s2"	"a 3P2"	"2"	"3d6.(5D).4s.4p.(3P*)"	"z 5P*"	"3"	5	7		
"9372.897"	"9372.8957"	"2.05e+04"	C+	"20641.110"	"31307.245"	"3d6.4s2"	"b 3F2"	"4"	"3d6.(5D).4s.4p.(3P*)"	"z 3F*"	"4"	9	9		
"9375.121"	"9375.1221"	""		"24118.819"	"34782.421"	"3d6.4s2"	"b 3G"	"4"	"3d7.(4F).4p"	"z 5G*"	"5"	9	11		
"9382.931"	"9382.9330"	""		"40207.091"	"50861.816"	"3d5.(6S).4s2.4p"	"y 7P*"	"3"	"3d6.(5D).4s (6D).4d"	"f 7D"	"3"	7	7		
"9383.359"	"9383.3637"	""		"40207.091"	"50861.327"	"3d5.(6S).4s2.4p"	"y 7P*"	"3"	"3d6.(5D).4s (6D).4d"	"e 7P"	"2"	7	5		
"9386.477"	"9386.477"	""		"47831.153"	"58481.855"	"3d6.(3G).4s.4p.(3P*)"	"w 5G*"	"2"	"3d6.4s.(4D).4d"	"5P"	"3"	5	7		
"9388.183"	"9388.1837"	""		"40231.336"	"50880.102"	"3d6.(5D).4s.4p.(1P*)"	"x 5D*"	"2"	"3d6.(5D).4s (6D).4d"	"f 5D"	"1"	5	3		
"9389.422"	"9389.4199"	""		"21038.987"	"31686.351"	"3d6.4s2"	"b 3F2"	"2"	"3d6.(5D).4s.4p.(3P*)"	"z 3D*"	"2"	5	5		
"9394.675"	"9394.6752"	""		"39969.853"	"50611.261"	"3d6.(5D).4s.4p.(1P*)"	"x 5D*"	"3"	"3d6.(5D).4s (6D).4d"	"e 7P"	"3"	7	7		
"9401.113"	"9401.1129"	"2.64e+06"	C	"40594.432"	"51228.553"	"3d6.(5D).4s.4p.(1P*)"	"x 5F*"	"4"	"3d6.(5D).4s (6D).4d"	"e 7G"	"5"	9	11		
"9403.436"	"9403.4376"	""		"43137.487"	"53768.979"	"3d6.(3H).4s.4p.(3P*)"	"y 5G*"	"3"	"3d7.(4F).4d"	"f 5G"	"4"	7	9		
"9404.330"	"9404.3328"	""		"40231.336"	"50861.816"	"3d6.(5D).4s.4p.(1P*)"	"x 5D*"	"2"	"3d6.(5D).4s (6D).4d"	"f 7D"	"3"	5	7		
"9404.769"	"9404.7654"	""		"40231.336"	"50861.327"	"3d6.(5D).4s.4p.(1P*)"	"x 5D*"	"2"	"3d6.(5D).4s (6D).4d"	"e 7P"	"2"	5	5		
"9406.651"	"9406.6583"	""		"42532.741"	"53160.593"	"3d6.(3P2).4s.4p.(3P*)"	"x 5P*"	"3"	"3d7.(4F).4d"	"f 5P"	"3"	7	7		
"9408.755"	"9408.7502"	""		"47966.585"	"58592.074"	"3d5.(6S).4s2.4p"	"v 5P*"	"3"	"3d7.(4F).5d"	"5F"	"4"	7	9		
"9409.551"	"9409.5526"	""		"40594.432"	"51219.015"	"3d6.(5D).4s.4p.(1P*)"	"x 5F*"	"4"	"3d6.(5D).4s (6D).4d"	"e 5G"	"3"	9	7		
"9410.158"	"9410.1593"	""		"41130.599"	"51754.497"	"3d6.(5D).4s.4p.(1P*)"	"x 5F*"	"1"	"3d6.(5D).4s (6D).4d"	"f 5F"	"1"	3	3		
"9411.483"	"9411.4828"	""		"42532.741"	"53155.145"	"3d6.(3P2).4s.4p.(3P*)"	"x 5P*"	"3"	"3d7.(4F).4d"	"h 5D"	"4"	7	9		
""	"9411.9178"	"1.0e-02"	E	"6928.268"	"17550.181"	"3d7.(4F).4s"	"a 5F"	"5"	"3d7.(4P).4s"	"a 5P"	"3"	11	7	E2	
"9414.042"	"9414.0423"	"3.98e+06"	D+	"40842.154"	"51461.670"	"3d6.(5D).4s.4p.(1P*)"	"x 5F*"	"3"	"3d6.(5D).4s (6D).4d"	"f 5F"	"4"	7	9		
"9415.063"	"9415.0636"	""		"40842.154"	"51460.518"	"3d6.(5D).4s.4p.(1P*)"	"x 5F*"	"3"	"3d6.(5D).4s (6D).4d"	"e 7G"	"3"	7	7		
"9422.476"	"9422.4741"	""		"43137.487"	"53747.500"	"3d6.(3H).4s.4p.(3P*)"	"y 5G*"	"3"	"3d7.(4F).4d"	"f 3D"	"3"	7	7		
"9430.0976"	""	""		""	""	""	""	""	""	""	""				
"9430.569"	"9430.5688"	""		"40207.091"	"50807.997"	"3d5.(6S).4s2.4p"	"y 7P*"	"3"	"3d6.(5D).4s (6D).4d"	"f 7D"	"4"	7	9		
"9430.569"	"9430.5794"	""		"26339.696"	"36940.590"	"3d6.(5D).4s.4p.(3P*)"	"z 5D*"	"2"	"3d7.(2F).4s"	"d 3F"	"2"	5	5		
"9433.293"	"9433.2962"	""		"40594.432"	"51192.273"	"3d6.(5D).4s.4p.(1P*)"	"x 5F*"	"4"	"3d6.(5D).4s (6D).4d"	"e 7F"	"4"	9	9		
"9437.795"	"9437.7934"	""		"37162.746"	"47755.537"	"3d7.(4F).4p"	"y 3F*"	"3"	"3d7.(4F).5s"	"e 5F"	"3"	7	7		
"9443.802"	"9443.8015"	"6.39e+06"	C	"41018.051"	"51604.103"	"3d6.(5D).4s.4p.(1P*)"	"x 5F*"	"2"	"3d6.(5D).4s (6D).4d"	"f 5F"	"3"	5	7		
"9452.335"	"9452.3359"	""		"40404.518"	"50981.012"	"3d6.(5D).4s.4p.(1P*)"	"x 5D*"	"1"	"3d6.(5D).4s (6D).4d"	"f 5D"	"0"	3	1		
"9452.667"	"9452.6666"	""		"40257.314"	"50833.438"	"3d6.(5D).4s.4p.(1P*)"	"x 5F*"	"5"	"3d6.(5D).4s (6D).4d"	"e 7F"	"5"	11	11		
"9454.195"	"9454.1943"	""		"41130.599"	"51705.014"	"3d6.(5D).4s.4p.(1P*)"	"x 5F*"	"1"	"3d6.(5D).4s (6D).4d"	"f 5F"	"2"	3	5		
"9463.028"	"9463.0279"	""		"39969.853"	"50534.397"	"3d6.(5D).4s.4p.(1P*)"	"x 5D*"	"3"	"3d6.(5D).4s (6D).4d"	"f 5D"	"3"	7	7		
"9467.791"	"9467.7938"	""		"40052.035"	"50611.261"	"3d5.(6S).4s2.4p"	"y 7P*"	"2"	"3d6.(5D).4s (6D).4d"	"e 7P"	"3"	5	7		
"9469.949"	"9469.9489"	""		"40491.284"	"51048.107"	"3d6.(5D).4s.4p.(1P*)"	"x 5D*"	"0"	"3d6.(5D).4s (6D).4d"	"f 7D"	"1"	1	3		
"9472.110"	"9472.1086"	""		"40594.432"	"51148.848"	"3d6.(5D).4s.4p.(1P*)"	"x 5F*"	"4"	"3d6.(5D).4s (6D).4d"	"e 7F"	"3"	9	7		
"9474.238"	"9474.2360"	""		"41018.051"	"51570.097"	"3d6.(5D).4s.4p.(1P*)"	"x 5F*"	"2"	"3d6.(5D).4s (6D).4d"	"e 7S"	"3"	5	7		
"9475.458"	"9475.4600"	""		"40257.314"	"50807.997"	"3d6.(5D).4s.4p.(1P*)"	"x 5F*"	"5"	"3d6.(5D).4s (6D).4d"	"f 7D"	"4"	11	9		
"9481.364"	"9481.3632"	""		"37045.934"	"47590.048"	"3d7.(2F).4s"	"d 3F"	"4"	"3d6.(3G).4s.4p.(3P*)"	"w 5G*"	"4"	9	9		
"9485.954"	"9485.9541"	""		"26623.735"	"37162.746"	"3d7.(2D2).4s"	"a 3D"	"2"	"3d7.(4F).4p"	"y 3F*"	"3"	5	7		
"9494.161"	"9494.1664"	""		"41178.412"	"51708.307"	"3d8"	"3P"	"1"	"3d7.(2P).4p"	"y 1D*"	"2"	3	5		
"9495.885"	"9495.8834"	""		"40842.154"	"51370.145"	"3d6.(5D).4s.4p.(1P*)"	"x 5F*"	"3"	"3d6.(5D).4s (6D).4d"	"e 5G"	"2"	7	5		
"9500.528"	"9500.5245"	""		"43022.985"	"53545.833"	"3d6.(3H).4s.4p.(3P*)"	"y 5G*"	"4"	"3d7.(4F).4d"	"h 5D"	"3"	9	7		
"9501.588"	"9501.5891"	""		"41018.051"	"51539.720"	"3d6.(5D).4s.4p.(1P*)"	"x 5F*"	"2"	"3d6.(5D).4s (6D).4d"	"e 7G"	"2"	5	5		
"9503.200"	"9503.2004"	""		"47693.239"	"58213.124"	"3d6.(3G).4s.4p.(3P*)"	"w 5G*"	"3"	"3d6.4s.(4D).4d"	"5P"	"2"	7	5		
"9504.110"	"9504.112"	""		"48163.446"	"58682.322"	"3d5.(6S).4s2.4p"	"v 5P*"	"2"	"3d6.4s.(4D).4d"	"3D"	"3"	5	7		
"9507.155"	"9507.1525"	""		"37521.161"	"48036.673"	"3d7.(4F).4p"	"y 3F*"	"2"	"3d7.(4F).5s"	"e 5F"	"2"	5	5		
"9507.372"	"9507.371"	""		"47966.585"	"58481.855"	"3d5.(6S).4s2.4p"	"v 5P*"	"3"	"3d6.4s.(4D).4d"	"5P"	"3"	7	7		
"9513.262"	"9513.2618"	""		"40594.432"	"51103.191"	"3d6.(5D).4s.4p.(1P*)"	"x 5F*"	"4"	"3d6.(5D).4s (6D).4d"	"f 5F"	"5"	9	11		
"9513.646"	"9513.6430"	""		"40842.154"	"51350.492"	"3d6.(5D).4s.4p.(1P*)"	"x 5F*"	"3"	"3d6.(5D).4s (4D).5s"	"g 5D"	"4"	7	9		
"9527.771"	"9527.7701"	""		"40842.154"	"51334.911"	"3d6.(5D).4s.4p.(1P*)"	"x 5F*"	"3"	"3d6.(5D).4s (6D).4d"	"e 7G"	"4"	7	9		
"9529.520"	"9529.519"	""		"42784.352"	"53275.183"	"3d6.(3H).4s.4p.(3P*)"	"y 5G*"	"6"	"3d7.(4F).4d"	"e 5H"	"7"	13	15		
"9531.275"	"9531.2755"	""		"40842.154"	"51331.052"	"3d6.(5D).4s.4p.(1P*)"	"x 5F*"	"3"	"3d6.(5D).4s (6D).4d"	"e 7F"	"2"	7	5		
"9532.848"	"9532.853"	""		"47834.221"	"58321.383"	"3d6.(3F2).4s.4p.(3P*)"	"x 3G*"	"3"	"3d6.4s.(6D).7s"	"5D"	"4"	7	9		
"9541.981"	"9541.9821"	""		"36975.588"	"47452.717"	"3d7.(2F).4s"	"d 3F"	"3"	"3d7.(2G).4p"	"z 1G*"	"4"	7	9		
"9543.391"	"9543.3894"	""		"40404.518"	"50880.102"	"3d6.(5D).4s.4p.(1P*)"	"x 5D*"	"1"	"3d6.(5D).4s (6D).4d"	"f 5D"	"1"	3	3		
"9550.956"	"9550.9568"	""		"40231.336"	"50698.620"	"3d6.(5D).4s.4p.(1P*)"	"x 5D*"	"2"	"3d6.(5D).4s (6D).4d"	"f 5D"	"2"	5	5		
"9556.505"	"9556.5051"	""		"26224.969"	"36686.176"	"3d7.(2D2).4s"	"a 3D"	"3"	"3d7.(4F).4p"	"y 3F*"	"4"	7	9		
"9564.862"	"9564.8629"	""		"40842.154"	"51294.220"	"3d6.(5D).4s.4p.(1P*)"	"x 5F*"	"3"	"3d6.(5D).4s (4D).5s"	"e 3D"	"3"	7	7		
"9569.907"	"9569.9078"	"2.50e+06"	C	"40257.314"	"50703.870"	"3d6.(5D).4s.4p.(1P*)"	"x 5F*"	"5"	"3d6.(5D).4s (6D).4d"	"e 5G"	"5"	11	11		
"9573.655"	"9573.6552"	""		"41018.051"	"51460.518"	"3d6.(5D).4s.4p.(1P*)"	"x 5F*"	"2"	"3d6.(5D).4s (6D).4d"	"e 7G"	"3"	5	7		
"9574.937"	"9574.9343"	""		"42911.917"	"53352.989"	"3d6.(3H).4s.4p.(3P*)"	"y 5G*"	"5"	"3d7.(4F).4d"	"e 5H"	"6"	11	13		
"9578.756"	"9578.751"	""		"47834.550"	"58271.462"	"3d6.(3F2).4s.4p.(3P*)"	"x 3G*"	"5"	"3d6.(5D).4s (4D).4d"	"g 5G"	"5"	11	11		
"9579.400"	"9579.4015"	""		"41130.599"	"51566.802"	"3d6.(5D).4s.4p.(1P*)"	"x 5F*"	"1"	"3d6.(5D).4s (6D).4d"	"e 7G"	"1"	3	3		
"9582.560"	"9582.5601"	""		"20874.482"	"31307.245"	"3d6.4s2"	"b 3F2"	"3"	"3d6.(5D).4s.4p.(3P*)"	"z 3F*"	"4"	7	9		
"9602.130"	"9602.1303"	""		"40421.938"	"50833.438"	"3d5.(6S).4s2.4p"	"y 7P*"	"4"	"3d6.(5D).4s (6D).4d"	"e 7F"	"5"	9	11		
"9604.325"	"9604.3248"	""		"41130.599"	"51539.720"	"3d6.(5D).4s.4p.(1P*)"	"x 5F*"	"1"	"3d6.(5D).4s (6D).4d"	"e 7G"	"2"	3	5		
"9606.483"	"9606.4826"	""		"37045.934"	"47452.717"	"3d7.(2F).4s"	"d 3F"	"4"	"3d7.(2G).4p"	"z 1G*"	"4"	9	9		
"9608.896"	"9608.8952"	""		"40207.091"	"50611.261"	"3d5.(6S).4s2.4p"	"y 7P*"	"3"	"3d6.(5D).4s (6D).4d"	"e 7P"	"3"	7	7		
"9613.4042"	""	""		""	""	""	""	""	""	""	""				
"9623.095"	"9623.0947"	""		"40491.284"	"50880.102"	"3d6.(5D).4s.4p.(1P*)"	"x 5D*"	"0"	"3d6.(5D).4s (6D).4d"	"f 5D"	"1"	1	3		
"9625.650"	"9625.6511"	""		"40421.938"	"50807.997"	"3d5.(6S).4s2.4p"	"y 7P*"	"4"	"3d6.(5D).4s (6D).4d"	"f 7D"	"4"	9	9		
"9626.497"	"9626.4964"	"4.51e+06"	D+	"40594.432"	"50979.579"	"3d6.(5D).4s.4p.(1P*)"	"x 5F*"	"4"	"3d6.(5D).4s (6D).4d"	"e 5G"	"4"	9	9		
"9626.825"	"9626.8236"	""		"42784.352"	"53169.146"	"3d6.(3H).4s.4p.(3P*)"	"y 5G*"	"6"	"3d7.(4F).4d"	"f 5G"	"6"	13	13		
"9632.293"	"9632.288"	""		"47834.221"	"58213.124"	"3d6.(3F2).4s.4p.(3P*)"	"x 3G*"	"3"	"3d6.4s.(4D).4d"	"5P"	"2"	7	5		
"9634.189"	"9634.1832"	""		"40842.154"	"51219.015"	"3d6.(5D).4s.4p.(1P*)"	"x 5F*"	"3"	"3d6.(5D).4s (6D).4d"	"e 5G"	"3"	7	7		
"9640.770"	"9640.7694"	""		"42911.917"	"53281.689"	"3d6.(3H).4s.4p.(3P*)"	"y 5G*"	"5"	"3d7.(4F).4d"	"f 5G"	"5"	11	11		
"9648.659"	"9648.6597"	""		"42991.697"	"53352.989"	"3d6.(3H).4s.4p.(3P*)"	"z 5H*"	"5"	"3d7.(4F).4d"	"e 5H"	"6"	11	13		
"9653.115"	"9653.1149"	""		"38175.355"	"48531.865"	"3d7.(4F).4p"	"y 3D*"	"3"	"3d7.(4F).5s"	"e 3F"	"3"	7	7		
"9657.233"	"9657.2327"	""		"41018.051"	"51370.145"	"3d6.(5D).4s.4p.(1P*)"	"x 5F*"	"2"	"3d6.(5D).4s (6D).4d"	"e 5G"	"2"	5	5		
""	"9658.9775"	"5.4e-03"	E	"7376.764"	"17726.988"	"3d7.(4F).4s"	"a 5F"	"4"	"3d7.(4P).4s"	"a 5P"	"2"	9	5	E2	
"9659.076"	"9659.0718"	""		"43434.627"	"53784.750"	"3d6.(5D).4s (6D).5s"	"e 7D"	"3"	"3d7.(4F).5p"	"5D*"	"3"	7	7		
"9659.076"	"9659.0755"	""		"40842.154"	"51192.273"	"3d6.(5D).4s.4p.(1P*)"	"x 5F*"	"3"	"3d6.(5D).4s (6D).4d"	"e 7F"	"4"	7	9		
"9660.824"	"9660.8163"	""		"34328.752"	"44677.006"	"3d7.(4F).4p"	"y 5F*"	"3"	"3d6.(5D).4s (6D).5s"	"e 5D"	"4"	7	9		
"9660.824"	"9660.8201"	""		"43763.980"	"54112.230"	"3d6.(5D).4s (6D).5s"	"e 7D"	"1"	"3d6.(3D).4s.4p.(3P*)"	"t 5P*"	"2"	3	5		
"9676.544"	"9676.5418"	""		"36940.590"	"47272.027"	"3d7.(2F).4s"	"d 3F"	"2"	"3d7.(4P).4p"	"w 3D*"	"1"	5	3		
"9680.413"	"9680.4125"	""		"40207.091"	"50534.397"	"3d5.(6S).4s2.4p"	"y 7P*"	"3"	"3d6.(5D).4s (6D).4d"	"f 5D"	"3"	7	7		
"9687.901"	"9687.8947"	""		"36686.176"	"47005.506"	"3d7.(4F).4p"	"y 3F*"	"4"	"3d7.(4F).5s"	"e 5F"	"5"	9	11		
"9693.840"	"9693.8335"	""		"40894.990"	"51207.998"	"3d6.(3P2).4s.4p.(3P*)"	"z 5S*"	"2"	"3d6.(5D).4s (6D).4d"	"e 7F"	"1"	5	3		
"9693.840"	"9693.8401"	""		"41018.051"	"51331.052"	"3d6.(5D).4s.4p.(1P*)"	"x 5F*"	"2"	"3d6.(5D).4s (6D).4d"	"e 7F"	"2"	5	5		
"9699.773"	"9699.7721"	""		"40842.154"	"51148.848"	"3d6.(5D).4s.4p.(1P*)"	"x 5F*"	"3"	"3d6.(5D).4s (6D).4d"	"e 7F"	"3"	7	7		
"9705.305"	"9705.3081"	""		"42859.778"	"53160.593"	"3d6.(3P2).4s.4p.(3P*)"	"x 5P*"	"2"	"3d7.(4F).4d"	"f 5P"	"3"	5	7		
"9711.637"	"9711.6371"	""		"40404.518"	"50698.620"	"3d6.(5D).4s.4p.(1P*)"	"x 5D*"	"1"	"3d6.(5D).4s (6D).4d"	"f 5D"	"2"	3	5		
"9715.513"	"9715.5161"	""		"42991.697"	"53281.689"	"3d6.(3H).4s.4p.(3P*)"	"z 5H*"	"5"	"3d7.(4F).4d"	"f 5G"	"5"	11	11		
"9723.131"	"9723.1321"	""		"40421.938"	"50703.870"	"3d5.(6S).4s2.4p"	"y 7P*"	"4"	"3d6.(5D).4s (6D).4d"	"e 5G"	"5"	9	11		
"9727.829"	"9727.8305"	""		"42784.352"	"53061.318"	"3d6.(3H).4s.4p.(3P*)"	"y 5G*"	"6"	"3d7.(4F).4d"	"g 5F"	"5"	13	11		
"9738.572"	"9738.5727"	"7.64e+06"	D+	"40257.314"	"50522.944"	"3d6.(5D).4s.4p.(1P*)"	"x 5F*"	"5"	"3d6.(5D).4s (6D).4d"	"e 5G"	"6"	11	13		
"9745.139"	"9745.1475"	""		"43022.985"	"53281.689"	"3d6.(3H).4s.4p.(3P*)"	"y 5G*"	"4"	"3d7.(4F).4d"	"f 5G"	"5"	9	11		
"9746.1369"	""	""		""	""	""	""	""	""	""	""				
"9746.550"	"9746.5489"	""		"42911.917"	"53169.146"	"3d6.(3H).4s.4p.(3P*)"	"y 5G*"	"5"	"3d7.(4F).4d"	"f 5G"	"6"	11	13		
"9747.319"	"9747.3177"	""		"36940.590"	"47197.010"	"3d7.(2F).4s"	"d 3F"	"2"	"3d6.(3F2).4s.4p.(3P*)"	"x 3F*"	"2"	5	5		
"9747.818"	"9747.8148"	""		"23783.619"	"34039.516"	"3d6.4s2"	"b 3G"	"5"	"3d7.(4F).4p"	"y 5F*"	"4"	11	9		
"9753.091"	"9753.0908"	""		"38678.039"	"48928.388"	"3d7.(4F).4p"	"y 3D*"	"2"	"3d7.(4F).5s"	"e 3F"	"2"	5	5		
"9759.876"	"9759.8711"	""		"42911.917"	"53155.145"	"3d6.(3H).4s.4p.(3P*)"	"y 5G*"	"5"	"3d7.(4F).4d"	"h 5D"	"4"	11	9		
"9763.010"	"9763.0116"	""		"43499.505"	"53739.438"	"3d6.(3P2).4s.4p.(3P*)"	"w 5D*"	"4"	"3d7.(4F).4d"	"e 3G"	"5"	9	11		
"9763.379"	"9763.3806"	"5.42e+06"	C	"41130.599"	"51370.145"	"3d6.(5D).4s.4p.(1P*)"	"x 5F*"	"1"	"3d6.(5D).4s (6D).4d"	"e 5G"	"2"	3	5		
"9763.897"	"9763.8955"	""		"40594.432"	"50833.438"	"3d6.(5D).4s.4p.(1P*)"	"x 5F*"	"4"	"3d6.(5D).4s (6D).4d"	"e 7F"	"5"	9	11		
"9764.404"	"9764.4057"	""		"43922.668"	"54161.139"	"3d6.(3P2).4s.4p.(3P*)"	"w 5D*"	"3"	"3d7.(4F).4d"	"f 5G"	"3"	7	7		
"9766.153"	"9766.1484"	""		"36940.590"	"47177.234"	"3d7.(2F).4s"	"d 3F"	"2"	"3d7.(4P).4p"	"u 5D*"	"1"	5	3		
"9768.315"	"9768.3127"	""		"37521.161"	"47755.537"	"3d7.(4F).4p"	"y 3F*"	"2"	"3d7.(4F).5s"	"e 5F"	"3"	5	7		
"9778.3860"	""	""		""	""	""	""	""	""	""	""				
"9780.941"	"9780.9518"	""		"44183.628"	"54404.779"	"3d6.(3P2).4s.4p.(3P*)"	"w 5D*"	"2"	"3d6.(5D).4s (6D).6s"	"g 7D"	"3"	5	7		
"9783.990"	"9783.9929"	""		"40257.314"	"50475.288"	"3d6.(5D).4s.4p.(1P*)"	"x 5F*"	"5"	"3d6.(5D).4s (6D).4d"	"e 7P"	"4"	11	9		
"9785.846"	"9785.8394"	""		"40207.091"	"50423.137"	"3d5.(6S).4s2.4p"	"y 7P*"	"3"	"3d6.(5D).4s (6D).4d"	"f 5D"	"4"	7	9		
"9786.644"	"9786.6412"	""		"37162.746"	"47377.955"	"3d7.(4F).4p"	"y 3F*"	"3"	"3d7.(4F).5s"	"e 5F"	"4"	7	9		
"9788.215"	"9788.2165"	""		"40594.432"	"50807.997"	"3d6.(5D).4s.4p.(1P*)"	"x 5F*"	"4"	"3d6.(5D).4s (6D).4d"	"f 7D"	"4"	9	9		
"9791.708"	"9791.6985"	""		"24118.819"	"34328.752"	"3d6.4s2"	"b 3G"	"4"	"3d7.(4F).4p"	"y 5F*"	"3"	9	7		
"9800.308"	"9800.3077"	""		"41018.051"	"51219.015"	"3d6.(5D).4s.4p.(1P*)"	"x 5F*"	"2"	"3d6.(5D).4s (6D).4d"	"e 5G"	"3"	5	7		
"9800.799"	"9800.7986"	""		"41130.599"	"51331.052"	"3d6.(5D).4s.4p.(1P*)"	"x 5F*"	"1"	"3d6.(5D).4s (6D).4d"	"e 7F"	"2"	3	5		
""	"9801.8855"	"2.9e-03"	E	"7728.060"	"17927.382"	"3d7.(4F).4s"	"a 5F"	"3"	"3d7.(4P).4s"	"a 5P"	"1"	7	3	E2	
"9805.564"	"9805.5657"	""		"36940.590"	"47136.084"	"3d7.(2F).4s"	"d 3F"	"2"	"3d7.(4P).4p"	"w 3D*"	"2"	5	5		
"9820.242"	"9820.2410"	""		"19552.478"	"29732.736"	"3d6.4s2"	"a 3P2"	"1"	"3d6.(5D).4s.4p.(3P*)"	"z 5P*"	"1"	3	3		
""	"9826.8445"	"2.9e-03"	E	"7376.764"	"17550.181"	"3d7.(4F).4s"	"a 5F"	"4"	"3d7.(4P).4s"	"a 5P"	"3"	9	7	E2	
"9828.819"	"9828.8086"	""		"26874.550"	"37045.934"	"3d6.(5D).4s.4p.(3P*)"	"z 5F*"	"5"	"3d7.(2F).4s"	"d 3F"	"4"	11	9		
"9832.953"	"9832.9511"	""		"46888.517"	"57055.616"	"3d7.(4P).4p"	"u 5D*"	"2"	"3d6.4s.(6D).5d"	"5G"	"3"	5	7		
"9834.184"	"9834.1853"	""		"40257.314"	"50423.137"	"3d6.(5D).4s.4p.(1P*)"	"x 5F*"	"5"	"3d6.(5D).4s (6D).4d"	"f 5D"	"4"	11	9		
"9839.120"	"9839.3412"	""		"36975.588"	"47136.084"	"3d7.(2F).4s"	"d 3F"	"3"	"3d7.(4P).4p"	"w 3D*"	"2"	7	5		
"9847.460"	"9847.4573"	""		"36940.590"	"47092.712"	"3d7.(2F).4s"	"d 3F"	"2"	"3d6.(3F2).4s.4p.(3P*)"	"x 3F*"	"3"	5	7		
"9850.096"	"9850.0973"	""		"42911.917"	"53061.318"	"3d6.(3H).4s.4p.(3P*)"	"y 5G*"	"5"	"3d7.(4F).4d"	"g 5F"	"5"	11	11		
"9850.998"	"9850.992"	""		"46313.537"	"56462.016"	"3d7.(4P).4p"	"w 5P*"	"2"	"3d6.4s.(6D).5d"	"7P"	"3"	5	7		
"9855.490"	"9855.4876"	""		"43922.668"	"54066.518"	"3d6.(3P2).4s.4p.(3P*)"	"w 5D*"	"3"	"3d7.(4F).4d"	"e 3G"	"4"	7	9		
"9856.192"	"9856.204"	""		"47177.234"	"57320.347"	"3d7.(4P).4p"	"u 5D*"	"1"	"3d6.4s.(6D).5d"	"7G"	"1"	3	3		
"9861.736"	"9861.7339"	"5.49e+06"	D+	"40842.154"	"50979.579"	"3d6.(5D).4s.4p.(1P*)"	"x 5F*"	"3"	"3d6.(5D).4s (6D).4d"	"e 5G"	"4"	7	9		
"9868.186"	"9868.1859"	""		"41018.051"	"51148.848"	"3d6.(5D).4s.4p.(1P*)"	"x 5F*"	"2"	"3d6.(5D).4s (6D).4d"	"e 7F"	"3"	5	7		
"9872.3359"	""	""		""	""	""	""	""	""	""	""				
"9879.6656"	""	""		""	""	""	""	""	""	""	""				
"9881.524"	"9881.5225"	""		"36975.588"	"47092.712"	"3d7.(2F).4s"	"d 3F"	"3"	"3d6.(3F2).4s.4p.(3P*)"	"x 3F*"	"3"	7	7		
"9882.2713"	""	""		""	""	""	""	""	""	""	""				
"9886.081"	"9886.0810"	""		"40421.938"	"50534.397"	"3d5.(6S).4s2.4p"	"y 7P*"	"4"	"3d6.(5D).4s (6D).4d"	"f 5D"	"3"	9	7		
"9889.036"	"9889.0353"	"2.22e+06"	D+	"40594.432"	"50703.870"	"3d6.(5D).4s.4p.(1P*)"	"x 5F*"	"4"	"3d6.(5D).4s (6D).4d"	"e 5G"	"5"	9	11		
"9898.0317"	""	""		""	""	""	""	""	""	""	""				
"9903.2793"	""	""		""	""	""	""	""	""	""	""				
"9908.6888"	""	""		""	""	""	""	""	""	""	""				
"9913.179"	"9913.1803"	""		"40257.314"	"50342.129"	"3d6.(5D).4s.4p.(1P*)"	"x 5F*"	"5"	"3d6.(5D).4s (6D).4d"	"e 7F"	"6"	11	13		
"9921.269"	"9921.2641"	""		"36940.590"	"47017.188"	"3d7.(2F).4s"	"d 3F"	"2"	"3d7.(4P).4p"	"w 3D*"	"3"	5	7		
"9923.951"	"9923.9468"	""		"44183.628"	"54257.502"	"3d6.(3P2).4s.4p.(3P*)"	"w 5D*"	"2"	"3d7.(4F).4d"	"g 5F"	"2"	5	5		
"9924.389"	"9924.3882"	""		"28604.613"	"38678.039"	"3d7.(2D2).4s"	"a 1D"	"2"	"3d7.(4F).4p"	"y 3D*"	"2"	5	5		
"9926.062"	"9926.057"	""		"46135.820"	"56207.552"	"3d6.(3H).4s.4p.(3P*)"	"z 3I*"	"5"	"3d6.4s.(6D).5d"	"5D"	"4"	11	9		
"9937.092"	"9937.0900"	""		"37045.934"	"47106.484"	"3d7.(2F).4s"	"d 3F"	"4"	"3d6.(3H).4s.4p.(3P*)"	"z 3H*"	"4"	9	9		
"9944.205"	"9944.2067"	""		"40421.938"	"50475.288"	"3d5.(6S).4s2.4p"	"y 7P*"	"4"	"3d6.(5D).4s (6D).4d"	"e 7P"	"4"	9	9		
"9947.842"	"9947.8402"	""		"48163.446"	"58213.124"	"3d5.(6S).4s2.4p"	"v 5P*"	"2"	"3d6.4s.(4D).4d"	"5P"	"2"	5	5		
"9951.158"	"9951.1574"	""		"43499.505"	"53545.833"	"3d6.(3P2).4s.4p.(3P*)"	"w 5D*"	"4"	"3d7.(4F).4d"	"h 5D"	"3"	9	7		
"9953.472"	"9953.4698"	""		"43922.668"	"53966.662"	"3d6.(3P2).4s.4p.(3P*)"	"w 5D*"	"3"	"3d7.(4F).4d"	"h 5D"	"2"	7	5		
"9955.845"	"9955.8428"	""		"36975.588"	"47017.188"	"3d7.(2F).4s"	"d 3F"	"3"	"3d7.(4P).4p"	"w 3D*"	"3"	7	7		
"9959.230"	"9959.2278"	""		"44411.160"	"54449.347"	"3d6.(3P2).4s.4p.(3P*)"	"w 5D*"	"1"	"3d7.(4F).4d"	"f 3D"	"1"	3	3		
"9967.303"	"9967.3014"	""		"41018.051"	"51048.107"	"3d6.(5D).4s.4p.(1P*)"	"x 5F*"	"2"	"3d6.(5D).4s (6D).4d"	"f 7D"	"1"	5	3		
"9970.233"	"9970.2328"	""		"24335.766"	"34362.873"	"3d7.(2P).4s"	"c 3P"	"2"	"3d6.(5D).4s.4p.(3P*)"	"z 3P*"	"1"	5	3		
""	"9974.4267"	"1.5e-02"	E	"11976.239"	"21999.130"	"3d7.(4F).4s"	"a 3F"	"4"	"3d7.(2G).4s"	"a 3G"	"4"	9	9	M1	
"9977.640"	"9977.6411"	""		"40842.154"	"50861.816"	"3d6.(5D).4s.4p.(1P*)"	"x 5F*"	"3"	"3d6.(5D).4s (6D).4d"	"f 7D"	"3"	7	7		
"9980.463"	"9980.4631"	""		"40594.432"	"50611.261"	"3d6.(5D).4s.4p.(1P*)"	"x 5F*"	"4"	"3d6.(5D).4s (6D).4d"	"e 7P"	"3"	9	7		
"9981.3245"	""	""		""	""	""	""	""	""	""	""				
"9987.869"	"9987.8686"	""		"17550.181"	"27559.583"	"3d7.(4P).4s"	"a 5P"	"3"	"3d6.(5D).4s.4p.(3P*)"	"z 5F*"	"2"	7	5		
"9996.062"	"9996.0607"	""		"40421.938"	"50423.137"	"3d5.(6S).4s2.4p"	"y 7P*"	"4"	"3d6.(5D).4s (6D).4d"	"f 5D"	"4"	9	9		
"9997.5981"	""	""		""	""	""	""	""	""	""	""				
""	"9998.3311"	"3.9e-03"	E	"7728.060"	"17726.988"	"3d7.(4F).4s"	"a 5F"	"3"	"3d7.(4P).4s"	"a 5P"	"2"	7	5	E2	
"10006.858"	"10006.8528"	""		"44458.934"	"54449.347"	"3d6.(3P2).4s.4p.(3P*)"	"w 5D*"	"0"	"3d7.(4F).4d"	"f 3D"	"1"	1	3		
"10019.792"	"10019.7928"	""		"44183.628"	"54161.139"	"3d6.(3P2).4s.4p.(3P*)"	"w 5D*"	"2"	"3d7.(4F).4d"	"f 5G"	"3"	5	7		
"10022.287"	"10022.2890"	""		"44411.160"	"54386.186"	"3d6.(3P2).4s.4p.(3P*)"	"w 5D*"	"1"	"3d7.(4F).4d"	"g 5F"	"1"	3	3		
"10026.081"	"10026.0803"	""		"37045.934"	"47017.188"	"3d7.(2F).4s"	"d 3F"	"4"	"3d7.(4P).4p"	"w 3D*"	"3"	9	7		
"10032.858"	"10032.8589"	""		"44411.160"	"54375.677"	"3d6.(3P2).4s.4p.(3P*)"	"w 5D*"	"1"	"3d7.(4F).4d"	"f 5G"	"2"	3	5		
"10041.471"	"10041.4720"	""		"40421.938"	"50377.908"	"3d5.(6S).4s2.4p"	"y 7P*"	"4"	"3d6.(5D).4s (6D).4d"	"f 7D"	"5"	9	11		
"10048.582"	"10048.5845"	""		"44183.628"	"54132.551"	"3d6.(3P2).4s.4p.(3P*)"	"w 5D*"	"2"	"3d7.(4F).4d"	"h 5D"	"1"	5	3		
""	"10055.9894"	"4.3e-03"	E	"7985.785"	"17927.382"	"3d7.(4F).4s"	"a 5F"	"2"	"3d7.(4P).4s"	"a 5P"	"1"	5	3	E2	
"10057.643"	"10057.6405"	""		"40594.432"	"50534.397"	"3d6.(5D).4s.4p.(1P*)"	"x 5F*"	"4"	"3d6.(5D).4s (6D).4d"	"f 5D"	"3"	9	7		
"10058.249"	"10058.2527"	""		"17726.988"	"27666.348"	"3d7.(4P).4s"	"a 5P"	"2"	"3d6.(5D).4s.4p.(3P*)"	"z 5F*"	"1"	5	3		
"10065.045"	"10065.0455"	""		"38995.736"	"48928.388"	"3d7.(4F).4p"	"y 3D*"	"1"	"3d7.(4F).5s"	"e 3F"	"2"	3	5		
"10070.519"	"10070.5205"	""		"44458.934"	"54386.186"	"3d6.(3P2).4s.4p.(3P*)"	"w 5D*"	"0"	"3d7.(4F).4d"	"g 5F"	"1"	1	3		
"10071.8196"	""	""		""	""	""	""	""	""	""	""				
""	"10074.9982"	"7.9e-02"	E	"19390.168"	"29313.008"	"3d6.4s2"	"a 3H"	"6"	"3d6.4s2"	"a 1I"	"6"	13	13	M1	
"10075.6387"	""	""		""	""	""	""	""	""	""	""				
"10077.183"	"10077.1745"	""		"24118.819"	"34039.516"	"3d6.4s2"	"b 3G"	"4"	"3d7.(4F).4p"	"y 5F*"	"4"	9	9		
"10081.394"	"10081.3927"	""		"19552.478"	"29469.024"	"3d6.4s2"	"a 3P2"	"1"	"3d6.(5D).4s.4p.(3P*)"	"z 5P*"	"2"	3	5		
"10084.437"	"10084.4354"	""		"36975.588"	"46889.142"	"3d7.(2F).4s"	"d 3F"	"3"	"3d6.(3F2).4s.4p.(3P*)"	"x 3F*"	"4"	7	9		
"10085.076"	"10085.0712"	""		"36975.588"	"46888.517"	"3d7.(2F).4s"	"d 3F"	"3"	"3d7.(4P).4p"	"u 5D*"	"2"	7	5		
"10086.241"	"10086.2423"	""		"23783.619"	"33695.397"	"3d6.4s2"	"b 3G"	"5"	"3d7.(4F).4p"	"y 5F*"	"5"	11	11		
"10089.775"	"10089.7757"	""		"43922.668"	"53830.975"	"3d6.(3P2).4s.4p.(3P*)"	"w 5D*"	"3"	"3d7.(4F).4d"	"g 5F"	"3"	7	7		
"10104.195"	"10104.1943"	""		"43499.505"	"53393.673"	"3d6.(3P2).4s.4p.(3P*)"	"w 5D*"	"4"	"3d7.(4F).4d"	"g 5F"	"4"	9	9		
"10105.517"	"10105.5220"	""		"43460.121"	"53352.989"	"3d6.(3H).4s.4p.(3P*)"	"z 5I*"	"5"	"3d7.(4F).4d"	"e 5H"	"6"	11	13		
"10114.016"	"10114.0137"	""		"22249.429"	"32133.991"	"3d7.(2G).4s"	"a 3G"	"3"	"3d6.(5D).4s.4p.(3P*)"	"z 3F*"	"2"	7	5		
"10119.580"	"10119.5913"	""		"27166.820"	"37045.934"	"3d6.(5D).4s.4p.(3P*)"	"z 5F*"	"4"	"3d7.(2F).4s"	"d 3F"	"4"	9	9		
"10132.640"	"10132.6408"	""		"47755.537"	"57621.928"	"3d7.(4F).5s"	"e 5F"	"3"	"3d6.4s.(6D<3/2>).4f"	"2[9/2]*"	"4"	7	9		
"10137.101"	"10137.0999"	""		"41018.051"	"50880.102"	"3d6.(5D).4s.4p.(1P*)"	"x 5F*"	"2"	"3d6.(5D).4s (6D).4d"	"f 5D"	"1"	5	3		
"10142.843"	"10142.8440"	""		"40842.154"	"50698.620"	"3d6.(5D).4s.4p.(1P*)"	"x 5F*"	"3"	"3d6.(5D).4s (6D).4d"	"f 5D"	"2"	7	5		
"10145.563"	"10145.5614"	""		"38678.039"	"48531.865"	"3d7.(4F).4p"	"y 3D*"	"2"	"3d7.(4F).5s"	"e 3F"	"3"	5	7		
"10149.078"	"10149.0767"	""		"41130.599"	"50981.012"	"3d6.(5D).4s.4p.(1P*)"	"x 5F*"	"1"	"3d6.(5D).4s (6D).4d"	"f 5D"	"0"	3	1		
"10153.305"	"10153.3048"	""		"43922.668"	"53768.979"	"3d6.(3P2).4s.4p.(3P*)"	"w 5D*"	"3"	"3d7.(4F).4d"	"f 5G"	"4"	7	9		
"10155.165"	"10155.1623"	""		"17550.181"	"27394.691"	"3d7.(4P).4s"	"a 5P"	"3"	"3d6.(5D).4s.4p.(3P*)"	"z 5F*"	"3"	7	7		
"10156.506"	"10156.5056"	""		"37045.934"	"46889.142"	"3d7.(2F).4s"	"d 3F"	"4"	"3d6.(3F2).4s.4p.(3P*)"	"x 3F*"	"4"	9	9		
"10156.614"	"10156.6119"	""		"45281.833"	"55124.938"	"3d6.(3P2).4s.4p.(3P*)"	"x 3D*"	"2"	"3d7.(4F).4d"	"f 3F"	"3"	5	7		
"10167.469"	"10167.4682"	""		"17726.988"	"27559.583"	"3d7.(4P).4s"	"a 5P"	"2"	"3d6.(5D).4s.4p.(3P*)"	"z 5F*"	"2"	5	5		
"10173.403"	"10173.3938"	""		"29798.936"	"39625.804"	"3d6.4s2"	"b 1G2"	"4"	"3d6.(5D).4s.4p.(1P*)"	"x 5D*"	"4"	9	9		
"10175.500"	"10175.5020"	""		"43922.668"	"53747.500"	"3d6.(3P2).4s.4p.(3P*)"	"w 5D*"	"3"	"3d7.(4F).4d"	"f 3D"	"3"	7	7		
"10195.107"	"10195.1050"	""		"21999.130"	"31805.071"	"3d7.(2G).4s"	"a 3G"	"4"	"3d6.(5D).4s.4p.(3P*)"	"z 3F*"	"3"	9	7		
"10216.313"	"10216.3130"	""		"38175.355"	"47960.940"	"3d7.(4F).4p"	"y 3D*"	"3"	"3d7.(4F).5s"	"e 3F"	"4"	7	9		
"10218.410"	"10218.4077"	""		"24772.018"	"34555.597"	"3d7.(2P).4s"	"c 3P"	"1"	"3d6.(5D).4s.4p.(3P*)"	"z 3P*"	"0"	3	1		
"10218.976"	"10218.9770"	""		"44183.628"	"53966.662"	"3d6.(3P2).4s.4p.(3P*)"	"w 5D*"	"2"	"3d7.(4F).4d"	"h 5D"	"2"	5	5		
""	"10229.8164"	"3.5e-03"	E	"8154.714"	"17927.382"	"3d7.(4F).4s"	"a 5F"	"1"	"3d7.(4P).4s"	"a 5P"	"1"	3	3	E2	
"10230.787"	"10230.7806"	""		"47377.955"	"57149.702"	"3d7.(4F).5s"	"e 5F"	"4"	"3d6.4s.(6D<7/2>).4f"	"2[7/2]*"	"3"	9	7		
"10232.802"	"10232.7891"	""		"47377.955"	"57147.784"	"3d7.(4F).5s"	"e 5F"	"4"	"3d6.4s.(6D<7/2>).4f"	"2[11/2]*"	"5"	9	11		
""	"10235.1787"	"2.9e-02"	E	"19552.478"	"29320.026"	"3d6.4s2"	"a 3P2"	"1"	"3d6.4s2"	"b 3D"	"1"	3	3	M1	
""	"10235.1787"	"1.0e-03"	E	"19552.478"	"29320.026"	"3d6.4s2"	"a 3P2"	"1"	"3d6.4s2"	"b 3D"	"1"	3	3	E2	
"10249.174"	"10249.1755"	""		"44378.342"	"54132.551"	"3d6.(3F2).4s.4p.(3P*)"	"w 5F*"	"1"	"3d7.(4F).4d"	"h 5D"	"1"	3	3		
"10252.554"	"10252.5516"	""		"47005.506"	"56756.503"	"3d7.(4F).5s"	"e 5F"	"5"	"3d6.4s.(6D<9/2>).4f"	"2[13/2]*"	"6"	11	13		
"10258.598"	"10258.5936"	""		"36975.588"	"46720.842"	"3d7.(2F).4s"	"d 3F"	"3"	"3d7.(4P).4p"	"u 5D*"	"4"	7	9		
"10262.463"	"10262.4710"	""		"44183.628"	"53925.200"	"3d6.(3P2).4s.4p.(3P*)"	"w 5D*"	"2"	"3d7.(4F).4d"	"f 5P"	"1"	5	3		
""	"10262.8598"	"1.6e-02"	E	"7985.785"	"17726.988"	"3d7.(4F).4s"	"a 5F"	"2"	"3d7.(4P).4s"	"a 5P"	"2"	5	5	E2	
""	"10264.6616"	"1.1e-02"	E	"11976.239"	"21715.732"	"3d7.(4F).4s"	"a 3F"	"4"	"3d7.(2G).4s"	"a 3G"	"5"	9	11	M1	
"10265.220"	"10265.2171"	""		"17927.382"	"27666.348"	"3d7.(4P).4s"	"a 5P"	"1"	"3d6.(5D).4s.4p.(3P*)"	"z 5F*"	"1"	3	3		
"10283.778"	"10283.7753"	""		"44411.160"	"54132.551"	"3d6.(3P2).4s.4p.(3P*)"	"w 5D*"	"1"	"3d7.(4F).4d"	"h 5D"	"1"	3	3		
"10307.454"	"10307.4537"	""		"37045.934"	"46744.993"	"3d7.(2F).4s"	"d 3F"	"4"	"3d7.(4P).4p"	"u 5D*"	"3"	9	7		
""	"10314.9588"	"5.2e-02"	E	"19621.006"	"29313.008"	"3d6.4s2"	"a 3H"	"5"	"3d6.4s2"	"a 1I"	"6"	11	13	M1	
""	"10318.6926"	"1.2e-02"	E	"12560.934"	"22249.429"	"3d7.(4F).4s"	"a 3F"	"3"	"3d7.(2G).4s"	"a 3G"	"3"	7	7	M1	
"10327.313"	"10327.3225"	""		"44677.006"	"54357.405"	"3d6.(5D).4s (6D).5s"	"e 5D"	"4"	"3d7.(4F).5p"	"3G*"	"3"	9	7		
"10332.329"	"10332.3273"	""		"29320.026"	"38995.736"	"3d6.4s2"	"b 3D"	"1"	"3d7.(4F).4p"	"y 3D*"	"1"	3	3		
"10333.182"	"10333.1838"	""		"37045.934"	"46720.842"	"3d7.(2F).4s"	"d 3F"	"4"	"3d7.(4P).4p"	"u 5D*"	"4"	9	9		
"10336.342"	"10336.338"	""		"48928.388"	"58600.344"	"3d7.(4F).5s"	"e 3F"	"2"	"3d6.(3H).4s.4p.(1P*)"	"3G*"	"3"	5	7		
"10340.886"	"10340.8847"	""		"17726.988"	"27394.691"	"3d7.(4P).4s"	"a 5P"	"2"	"3d6.(5D).4s.4p.(3P*)"	"z 5F*"	"3"	5	7		
"10345.184"	"10345.175"	""		"49726.990"	"59390.684"	"3d7.(2G).4p"	"y 3H*"	"4"	""	"59390e"	"3"	9	7		
"10347.966"	"10347.9652"	""		"43499.505"	"53160.593"	"3d6.(3P2).4s.4p.(3P*)"	"w 5D*"	"4"	"3d7.(4F).4d"	"f 5P"	"3"	9	7		
"10353.806"	"10353.8039"	""		"43499.505"	"53155.145"	"3d6.(3P2).4s.4p.(3P*)"	"w 5D*"	"4"	"3d7.(4F).4d"	"h 5D"	"4"	9	9		
"10360.580"	"10360.5778"	""		"44511.812"	"54161.139"	"3d7.(4P).4p"	"y 5S*"	"2"	"3d7.(4F).4d"	"f 5G"	"3"	5	7		
"10362.703"	"10362.7042"	""		"44183.628"	"53830.975"	"3d6.(3P2).4s.4p.(3P*)"	"w 5D*"	"2"	"3d7.(4F).4d"	"g 5F"	"3"	5	7		
"10364.061"	"10364.0621"	""		"43922.668"	"53568.751"	"3d6.(3P2).4s.4p.(3P*)"	"w 5D*"	"3"	"3d7.(4F).4d"	"f 5P"	"2"	7	5		
"10365.169"	"10365.1635"	""		"45061.329"	"54706.387"	"3d6.(5D).4s (6D).5s"	"e 5D"	"3"	"3d7.(4F).5p"	"3F*"	"2"	7	5		
"10370.877"	"10370.8753"	""		"44285.454"	"53925.200"	"3d6.(3F2).4s.4p.(3P*)"	"w 5F*"	"2"	"3d7.(4F).4d"	"f 5P"	"1"	5	3		
"10371.687"	"10371.6865"	""		"29356.744"	"38995.736"	"3d6.4s2"	"b 3D"	"2"	"3d7.(4F).4p"	"y 3D*"	"1"	5	3		
"10379.001"	"10378.9989"	""		"17927.382"	"27559.583"	"3d7.(4P).4s"	"a 5P"	"1"	"3d6.(5D).4s.4p.(3P*)"	"z 5F*"	"2"	3	5		
"10387.483"	"10387.4828"	""		"44677.006"	"54301.340"	"3d6.(5D).4s (6D).5s"	"e 5D"	"4"	"3d6.(3D).4s.4p.(3P*)"	"5D*"	"4"	9	9		
"10388.744"	"10388.7446"	""		"43922.668"	"53545.833"	"3d6.(3P2).4s.4p.(3P*)"	"w 5D*"	"3"	"3d7.(4F).4d"	"h 5D"	"3"	7	7		
"10395.797"	"10395.7946"	""		"17550.181"	"27166.820"	"3d7.(4P).4s"	"a 5P"	"3"	"3d6.(5D).4s.4p.(3P*)"	"z 5F*"	"4"	7	9		
"10400.779"	"10400.7816"	""		"44677.006"	"54289.034"	"3d6.(5D).4s (6D).5s"	"e 5D"	"4"	"3d7.(4F).5p"	"3F*"	"3"	9	7		
"10401.715"	"10401.7134"	""		"24335.766"	"33946.933"	"3d7.(2P).4s"	"c 3P"	"2"	"3d6.(5D).4s.4p.(3P*)"	"z 3P*"	"2"	5	5		
"10403.199"	"10403.1887"	""		"44551.335"	"54161.139"	"3d6.(3F2).4s.4p.(3P*)"	"w 5F*"	"3"	"3d7.(4F).4d"	"f 5G"	"3"	7	7		
"10423.030"	"10423.0276"	""		"21715.732"	"31307.245"	"3d7.(2G).4s"	"a 3G"	"5"	"3d6.(5D).4s.4p.(3P*)"	"z 3F*"	"4"	11	9		
"10423.745"	"10423.7427"	""		"24772.018"	"34362.873"	"3d7.(2P).4s"	"c 3P"	"1"	"3d6.(5D).4s.4p.(3P*)"	"z 3P*"	"1"	3	3		
"10435.356"	"10435.3555"	""		"38175.355"	"47755.537"	"3d7.(4F).4p"	"y 3D*"	"3"	"3d7.(4F).5s"	"e 5F"	"3"	7	7		
"10452.7508"	""	""		""	""	""	""	""	""	""	""				
"10453.153"	"10453.1518"	""		"44183.628"	"53747.500"	"3d6.(3P2).4s.4p.(3P*)"	"w 5D*"	"2"	"3d7.(4F).4d"	"f 3D"	"3"	5	7		
"10456.941"	"10456.9382"	""		"44677.006"	"54237.415"	"3d6.(5D).4s (6D).5s"	"e 5D"	"4"	"3d6.(3G).4s.4p.(3P*)"	"t 3G*"	"4"	9	9		
"10469.654"	"10469.6524"	""		"31322.613"	"40871.412"	"3d6.(5D).4s.4p.(3P*)"	"z 3D*"	"3"	"3d8"	"3P"	"2"	7	5		
"10527.027"	"10527.0271"	""		"44760.746"	"54257.502"	"3d6.(3F2).4s.4p.(3P*)"	"v 5D*"	"1"	"3d7.(4F).4d"	"g 5F"	"2"	3	5		
"10532.236"	"10532.2340"	""		"31686.351"	"41178.412"	"3d6.(5D).4s.4p.(3P*)"	"z 3D*"	"2"	"3d8"	"3P"	"1"	5	3		
"10553.010"	"10553.0086"	""		"45333.875"	"54807.250"	"3d6.(5D).4s (6D).5s"	"e 5D"	"2"	"3d7.(4F).5p"	"3D*"	"1"	5	3		
"10555.651"	"10555.6494"	""		"43922.668"	"53393.673"	"3d6.(3P2).4s.4p.(3P*)"	"w 5D*"	"3"	"3d7.(4F).4d"	"g 5F"	"4"	7	9		
"10557.525"	"10557.5233"	""		"45061.329"	"54530.653"	"3d6.(5D).4s (6D).5s"	"e 5D"	"3"	"3d7.(4F).5p"	"5D*"	"2"	7	5		
"10577.140"	"10577.1388"	""		"26627.609"	"36079.372"	"3d7.(2H).4s"	"b 3H"	"4"	"3d7.(4F).4p"	"z 3G*"	"3"	9	7		
"10616.723"	"10616.7212"	""		"26351.040"	"35767.564"	"3d7.(2H).4s"	"b 3H"	"5"	"3d7.(4F).4p"	"z 3G*"	"4"	11	9		
"10618.077"	"10618.071"	""		"44551.335"	"53966.662"	"3d6.(3F2).4s.4p.(3P*)"	"w 5F*"	"3"	"3d7.(4F).4d"	"h 5D"	"2"	7	5		
"10632.215"	"10632.2023"	""		"48036.673"	"57439.486"	"3d7.(4F).5s"	"e 5F"	"2"	"3d6.4s.(6D<5/2>).4f"	"2[7/2]*"	"3"	5	7		
"10632.500"	"10632.5054"	""		"44166.206"	"53568.751"	"3d6.(3F2).4s.4p.(3P*)"	"v 5D*"	"3"	"3d7.(4F).4d"	"f 5P"	"2"	7	5		
"10642.663"	"10642.6573"	""		"47755.537"	"57149.113"	"3d7.(4F).5s"	"e 5F"	"3"	"3d6.4s.(6D<7/2>).4f"	"2[7/2]*"	"4"	7	9		
"10658.482"	"10658.4847"	""		"44166.206"	"53545.833"	"3d6.(3F2).4s.4p.(3P*)"	"v 5D*"	"3"	"3d7.(4F).4d"	"h 5D"	"3"	7	7		
"10682.393"	"10682.3936"	""		"38678.039"	"48036.673"	"3d7.(4F).4p"	"y 3D*"	"2"	"3d7.(4F).5s"	"e 5F"	"2"	5	5		
"10687.795"	"10687.7942"	""		"44415.074"	"53768.979"	"3d6.(3F2).4s.4p.(3P*)"	"w 5F*"	"4"	"3d7.(4F).4d"	"f 5G"	"4"	9	9		
"10703.044"	"10703.047"	""		"44677.006"	"54017.581"	"3d6.(5D).4s (6D).5s"	"e 5D"	"4"	"3d7.(4F).5p"	"3G*"	"4"	9	9		
"10717.809"	"10717.8065"	""		"44677.006"	"54004.718"	"3d6.(5D).4s (6D).5s"	"e 5D"	"4"	"3d6.(3D).4s.4p.(3P*)"	"t 5P*"	"3"	9	7		
"10721.656"	"10721.6549"	""		"44415.074"	"53739.438"	"3d6.(3F2).4s.4p.(3P*)"	"w 5F*"	"4"	"3d7.(4F).4d"	"e 3G"	"5"	9	11		
"10725.185"	"10725.1711"	""		"47834.550"	"57155.857"	"3d6.(3F2).4s.4p.(3P*)"	"x 3G*"	"5"	"3d6.4s.(6D).5d"	"7G"	"4"	11	9		
"10725.185"	"10725.1849"	""		"29356.744"	"38678.039"	"3d6.4s2"	"b 3D"	"2"	"3d7.(4F).4p"	"y 3D*"	"2"	5	5		
"10731.948"	"10731.9467"	""		"40871.412"	"50186.834"	"3d8"	"3P"	"2"	"3d7.(2P).4p"	"w 3P*"	"2"	5	5		
"10744.547"	"10744.5478"	""		"42532.741"	"51837.238"	"3d6.(3P2).4s.4p.(3P*)"	"x 5P*"	"3"	"3d6.(5D).4s (6D).4d"	"e 5P"	"3"	7	7		
"10753.007"	"10753.0040"	""		"31937.325"	"41234.505"	"3d6.(5D).4s.4p.(3P*)"	"z 3D*"	"1"	"3d8"	"3P"	"0"	3	1		
"10754.283"	"10754.2810"	""		"45061.329"	"54357.405"	"3d6.(5D).4s (6D).5s"	"e 5D"	"3"	"3d7.(4F).5p"	"3G*"	"3"	7	7		
"10754.756"	"10754.7530"	""		"22838.323"	"32133.991"	"3d7.(4P).4s"	"b 3P"	"2"	"3d6.(5D).4s.4p.(3P*)"	"z 3F*"	"2"	5	5		
"10771.231"	"10771.228"	""		"45061.329"	"54342.779"	"3d6.(5D).4s (6D).5s"	"e 5D"	"3"	"3d7.(4F).5p"	"3D*"	"2"	7	5		
"10780.694"	"10780.6945"	""		"26105.908"	"35379.208"	"3d7.(2H).4s"	"b 3H"	"6"	"3d7.(4F).4p"	"z 3G*"	"5"	13	11		
"10783.051"	"10783.050"	""		"25091.599"	"34362.873"	"3d7.(2P).4s"	"c 3P"	"0"	"3d6.(5D).4s.4p.(3P*)"	"z 3P*"	"1"	1	3		
"10785.386"	"10785.3874"	""		"45333.875"	"54603.140"	"3d6.(5D).4s (6D).5s"	"e 5D"	"2"	"3d7.(4F).5p"	"5D*"	"1"	5	3		
"10818.276"	"10818.2744"	""		"31937.325"	"41178.412"	"3d6.(5D).4s.4p.(3P*)"	"z 3D*"	"1"	"3d8"	"3P"	"1"	3	3		
"10833.965"	"10833.9631"	""		"45061.329"	"54289.034"	"3d6.(5D).4s (6D).5s"	"e 5D"	"3"	"3d7.(4F).5p"	"3F*"	"3"	7	7		
"10834.242"	"10834.2425"	""		"44166.206"	"53393.673"	"3d6.(3F2).4s.4p.(3P*)"	"v 5D*"	"3"	"3d7.(4F).4d"	"g 5F"	"4"	7	9		
"10845.778"	"10845.788"	""		"44551.335"	"53768.979"	"3d6.(3F2).4s.4p.(3P*)"	"w 5F*"	"3"	"3d7.(4F).4d"	"f 5G"	"4"	7	9		
"10849.467"	"10849.4654"	""		"44677.006"	"53891.526"	"3d6.(5D).4s (6D).5s"	"e 5D"	"4"	"3d6.(3D).4s.4p.(3P*)"	"5D*"	"3"	9	7		
"10863.520"	"10863.5186"	""		"38175.355"	"47377.955"	"3d7.(4F).4p"	"y 3D*"	"3"	"3d7.(4F).5s"	"e 5F"	"4"	7	9		
"10870.391"	"10870.396"	""		"45333.875"	"54530.653"	"3d6.(5D).4s (6D).5s"	"e 5D"	"2"	"3d7.(4F).5p"	"5D*"	"2"	5	5		
"10881.760"	"10881.7582"	""		"22946.816"	"32133.991"	"3d7.(4P).4s"	"b 3P"	"1"	"3d6.(5D).4s.4p.(3P*)"	"z 3F*"	"2"	3	5		
"10884.264"	"10884.2627"	""		"31686.351"	"40871.412"	"3d6.(5D).4s.4p.(3P*)"	"z 3D*"	"2"	"3d8"	"3P"	"2"	5	5		
"10896.302"	"10896.2990"	""		"24772.018"	"33946.933"	"3d7.(2P).4s"	"c 3P"	"1"	"3d6.(5D).4s.4p.(3P*)"	"z 3P*"	"2"	3	5		
"10913.036"	"10913.0345"	""		"44677.006"	"53837.851"	"3d6.(5D).4s (6D).5s"	"e 5D"	"4"	"3d7.(4F).5p"	"3D*"	"3"	9	7		
"10914.069"	"10914.064"	""		"45964.957"	"55124.938"	"3d6.(3F2).4s.4p.(3P*)"	"x 5G*"	"2"	"3d7.(4F).4d"	"f 3F"	"3"	5	7		
""	"10916.6321"	"1.9e-01"	E	"20641.110"	"29798.936"	"3d6.4s2"	"b 3F2"	"4"	"3d6.4s2"	"b 1G2"	"4"	9	9	M1	
"10940.240"	"10940.2357"	""		"44022.525"	"53160.593"	"3d6.(3F2).4s.4p.(3P*)"	"v 5D*"	"4"	"3d7.(4F).4d"	"f 5P"	"3"	9	7		
"10946.760"	"10946.7621"	""		"44022.525"	"53155.145"	"3d6.(3F2).4s.4p.(3P*)"	"v 5D*"	"4"	"3d7.(4F).4d"	"h 5D"	"4"	9	9		
"10948.994"	"10948.9932"	""		"44415.074"	"53545.833"	"3d6.(3F2).4s.4p.(3P*)"	"w 5F*"	"4"	"3d7.(4F).4d"	"h 5D"	"3"	9	7		
"10970.016"	"10970.014"	""		"48289.871"	"57403.134"	"3d5.(6S).4s2.4p"	"v 5P*"	"1"	"3d6.4s.(6D).5d"	"5P"	"2"	3	5		
"10971.2246"	""	""		""	""	""	""	""	""	""	""				
"10976.663"	"10976.661"	""		"44677.006"	"53784.750"	"3d6.(5D).4s (6D).5s"	"e 5D"	"4"	"3d7.(4F).5p"	"5D*"	"3"	9	7		
"10987.209"	"10987.2071"	""		"22838.323"	"31937.325"	"3d7.(4P).4s"	"b 3P"	"2"	"3d6.(5D).4s.4p.(3P*)"	"z 3D*"	"1"	5	3		
"10993.262"	"10993.2649"	""		"45509.152"	"54603.140"	"3d6.(5D).4s (6D).5s"	"e 5D"	"1"	"3d7.(4F).5p"	"5D*"	"1"	3	3		
"11013.237"	"11013.2351"	""		"38678.039"	"47755.537"	"3d7.(4F).4p"	"y 3D*"	"2"	"3d7.(4F).5s"	"e 5F"	"3"	5	7		
"11020.688"	"11020.6846"	""		"42532.741"	"51604.103"	"3d6.(3P2).4s.4p.(3P*)"	"x 5P*"	"3"	"3d6.(5D).4s (6D).4d"	"f 5F"	"3"	7	7		
"11026.790"	"11026.7880"	""		"31805.071"	"40871.412"	"3d6.(5D).4s.4p.(3P*)"	"z 3F*"	"3"	"3d8"	"3P"	"2"	7	5		
"11032.6132"	""	""		""	""	""	""	""	""	""	""				
"11038.667"	"11038.663"	""		"44677.006"	"53733.594"	"3d6.(5D).4s (6D).5s"	"e 5D"	"4"	"3d6.(3D).4s.4p.(3P*)"	"5F*"	"3"	9	7		
"11045.602"	"11045.5987"	""		"45061.329"	"54112.230"	"3d6.(5D).4s (6D).5s"	"e 5D"	"3"	"3d6.(3D).4s.4p.(3P*)"	"t 5P*"	"2"	7	5		
"11053.515"	"11053.5125"	""		"32133.991"	"41178.412"	"3d6.(5D).4s.4p.(3P*)"	"z 3F*"	"2"	"3d8"	"3P"	"1"	5	3		
"11057.774"	"11057.7721"	""		"38995.736"	"48036.673"	"3d7.(4F).4p"	"y 3D*"	"1"	"3d7.(4F).5s"	"e 5F"	"2"	3	5		
"11081.594"	"11081.595"	""		"45509.152"	"54530.653"	"3d6.(5D).4s (6D).5s"	"e 5D"	"1"	"3d7.(4F).5p"	"5D*"	"2"	3	5		
"11087.737"	"11087.7354"	""		"18378.186"	"27394.691"	"3d6.4s2"	"a 3P2"	"2"	"3d6.(5D).4s.4p.(3P*)"	"z 5F*"	"3"	5	7		
"11097.083"	"11097.090"	""		"45333.875"	"54342.779"	"3d6.(5D).4s (6D).5s"	"e 5D"	"2"	"3d7.(4F).5p"	"3D*"	"2"	5	5		
"11098.135"	"11098.1375"	""		"45595.086"	"54603.140"	"3d6.(5D).4s (6D).5s"	"e 5D"	"0"	"3d7.(4F).5p"	"5D*"	"1"	1	3		
"11119.797"	"11119.7956"	"1.13e+05"	C+	"22946.816"	"31937.325"	"3d7.(4P).4s"	"b 3P"	"1"	"3d6.(5D).4s.4p.(3P*)"	"z 3D*"	"1"	3	3		
"11122.337"	"11122.348"	""		"43079.023"	"52067.469"	"3d6.(3P2).4s.4p.(3P*)"	"x 5P*"	"1"	"3d6.(5D).4s (6D).4d"	"e 5P"	"2"	3	5		
"11127.763"	"11127.7616"	""		"44677.006"	"53661.079"	"3d6.(5D).4s (6D).5s"	"e 5D"	"4"	"3d7.(4F).5p"	"5F*"	"3"	9	7		
"11127.834"	"11127.8322"	""		"26627.609"	"35611.625"	"3d7.(2H).4s"	"b 3H"	"4"	"3d7.(4F).4p"	"z 5G*"	"3"	9	7		
"11131.327"	"11131.324"	""		"45061.329"	"54042.527"	"3d6.(5D).4s (6D).5s"	"e 5D"	"3"	"3d7.(4F).5p"	"5F*"	"2"	7	5		
"11135.962"	"11135.959"	""		"42859.778"	"51837.238"	"3d6.(3P2).4s.4p.(3P*)"	"x 5P*"	"2"	"3d6.(5D).4s (6D).4d"	"e 5P"	"3"	5	7		
"11138.4313"	""	""		""	""	""	""	""	""	""	""				
"11149.264"	"11149.2620"	""		"22838.323"	"31805.071"	"3d7.(4P).4s"	"b 3P"	"2"	"3d6.(5D).4s.4p.(3P*)"	"z 3F*"	"3"	5	7		
"11155.893"	"11155.880"	""		"49558.734"	"58520.163"	"3d6.(5D).4s (6D).5p"	"n 7D*"	"4"	"3d6.(5D).4s (4D).4d"	"g 5G"	"4"	9	9		
"11161.148"	"11161.148"	""		"49805.257"	"58762.456"	"3d6.(5D).4s (6D).5p"	"n 7D*"	"3"	"3d6.4s.(6D).7s"	"5D"	"3"	7	7		
"11161.148"	"11161.1566"	""		"45726.130"	"54683.322"	"3d6.(3F2).4s.4p.(3P*)"	"x 5G*"	"5"	"3d7.(4F).4d"	"f 3F"	"4"	11	9		
"11163.693"	"11163.6905"	""		"45333.875"	"54289.034"	"3d6.(5D).4s (6D).5s"	"e 5D"	"2"	"3d7.(4F).5p"	"3F*"	"3"	5	7		
"11186.145"	"11186.140"	""		"45333.875"	"54271.062"	"3d6.(5D).4s (6D).5s"	"e 5D"	"2"	"3d6.(3D).4s.4p.(3P*)"	"t 5P*"	"1"	5	3		
"11188.459"	"11188.466"	""		"50342.129"	"59277.458"	"3d6.(5D).4s (6D).4d"	"e 7F"	"6"	"3d6.4s.(6D<9/2>).5f"	"2[13/2]*"	"7"	13	15		
"11190.021"	"11190.0213"	""		"31937.325"	"40871.412"	"3d6.(5D).4s.4p.(3P*)"	"z 3D*"	"1"	"3d8"	"3P"	"2"	3	5		
"11190.875"	"11190.8743"	""		"44677.006"	"53610.412"	"3d6.(5D).4s (6D).5s"	"e 5D"	"4"	"3d7.(4F).5p"	"5D*"	"4"	9	9		
"11192.103"	"11192.093"	""		"50342.129"	"59274.562"	"3d6.(5D).4s (6D).4d"	"e 7F"	"6"	"3d6.4s.(6D<9/2>).5f"	"2[11/2]*"	"6"	13	13		
"11196.485"	"11196.4855"	""		"42532.741"	"51461.670"	"3d6.(3P2).4s.4p.(3P*)"	"x 5P*"	"3"	"3d6.(5D).4s (6D).4d"	"f 5F"	"4"	7	9		
"11200.835"	"11200.836"	""		"44243.685"	"53169.146"	"3d6.(3F2).4s.4p.(3P*)"	"w 5F*"	"5"	"3d7.(4F).4d"	"f 5G"	"6"	11	13		
""	"11202.0997"	"9.2e-02"	E	"20874.482"	"29798.936"	"3d6.4s2"	"b 3F2"	"3"	"3d6.4s2"	"b 1G2"	"4"	7	9	M1	
"11218.432"	"11218.434"	""		"44243.685"	"53155.145"	"3d6.(3F2).4s.4p.(3P*)"	"w 5F*"	"5"	"3d7.(4F).4d"	"h 5D"	"4"	11	9		
"11220.896"	"11220.897"	""		"44677.006"	"53586.510"	"3d6.(5D).4s (6D).5s"	"e 5D"	"4"	"3d7.(4F).5p"	"5G*"	"5"	9	11		
"11224.955"	"11224.9536"	""		"26351.040"	"35257.324"	"3d7.(2H).4s"	"b 3H"	"5"	"3d7.(4F).4p"	"z 5G*"	"4"	11	9		
""	"11236.9864"	"2.5e-02"	E	"17726.988"	"26623.735"	"3d7.(4P).4s"	"a 5P"	"2"	"3d7.(2D2).4s"	"a 3D"	"2"	5	5	M1	
"11237.102"	"11237.104"	""		"50377.908"	"59274.562"	"3d6.(5D).4s (6D).4d"	"f 7D"	"5"	"3d6.4s.(6D<9/2>).5f"	"2[11/2]*"	"6"	11	13		
"11251.115"	"11251.1149"	"1.13e+05"	B	"23051.750"	"31937.325"	"3d7.(4P).4s"	"b 3P"	"0"	"3d6.(5D).4s.4p.(3P*)"	"z 3D*"	"1"	1	3		
"11277.484"	"11277.4811"	""		"41178.412"	"50043.213"	"3d8"	"3P"	"1"	"3d7.(2P).4p"	"w 3P*"	"1"	3	3		
"11288.729"	"11288.731"	""		"50807.997"	"59663.964"	"3d6.(5D).4s (6D).4d"	"f 7D"	"4"	"3d6.4s.(6D<7/2>).5f"	"2[11/2]*"	"5"	9	11		
"11293.9403"	""	""		""	""	""	""	""	""	""	""				
"11294.186"	"11294.184"	""		"45061.329"	"53913.020"	"3d6.(5D).4s (6D).5s"	"e 5D"	"3"	"3d6.(3D).4s.4p.(3P*)"	"5D*"	"2"	7	5		
"11295.7917"	""	""		""	""	""	""	""	""	""	""				
"11298.861"	"11298.8596"	"2.70e+04"	B	"22838.323"	"31686.351"	"3d7.(4P).4s"	"b 3P"	"2"	"3d6.(5D).4s.4p.(3P*)"	"z 3D*"	"2"	5	5		
"11303.8849"	""	""		""	""	""	""	""	""	""	""				
"11321.679"	"11321.6757"	""		"45061.329"	"53891.526"	"3d6.(5D).4s (6D).5s"	"e 5D"	"3"	"3d6.(3D).4s.4p.(3P*)"	"5D*"	"3"	7	7		
"11334.144"	"11334.152"	""		"45061.329"	"53881.806"	"3d6.(5D).4s (6D).5s"	"e 5D"	"3"	"3d6.(3D).4s.4p.(3P*)"	"5F*"	"4"	7	9		
"11337.807"	"11337.808"	""		"44243.685"	"53061.318"	"3d6.(3F2).4s.4p.(3P*)"	"w 5F*"	"5"	"3d7.(4F).4d"	"g 5F"	"5"	11	11		
"11351.3280"	""	""		""	""	""	""	""	""	""	""				
"11355.954"	"11355.9538"	""		"29371.812"	"38175.355"	"3d6.4s2"	"b 3D"	"3"	"3d7.(4F).4p"	"y 3D*"	"3"	7	7		
"11357.735"	"11357.7251"	""		"42532.741"	"51334.911"	"3d6.(3P2).4s.4p.(3P*)"	"x 5P*"	"3"	"3d6.(5D).4s (6D).4d"	"e 7G"	"4"	7	9		
"11359.535"	"11359.519"	""		"45333.875"	"54134.655"	"3d6.(5D).4s (6D).5s"	"e 5D"	"2"	"3d7.(4F).5p"	"5G*"	"3"	5	7		
"11365.7971"	""	""		""	""	""	""	""	""	""	""				
"11367.1073"	""	""		""	""	""	""	""	""	""	""				
"11374.081"	"11374.0778"	"6.00e+03"	C+	"17550.181"	"26339.696"	"3d7.(4P).4s"	"a 5P"	"3"	"3d6.(5D).4s.4p.(3P*)"	"z 5D*"	"2"	7	5		
"11385.6639"	""	""		""	""	""	""	""	""	""	""				
"11385.948"	"11385.946"	""		"48928.388"	"57708.741"	"3d7.(4F).5s"	"e 3F"	"2"	"3d6.(3D).4s.4p.(3P*)"	"t 3F*"	"2"	5	5		
"11388.540"	"11388.5378"	""		"45333.875"	"54112.230"	"3d6.(5D).4s (6D).5s"	"e 5D"	"2"	"3d6.(3D).4s.4p.(3P*)"	"t 5P*"	"2"	5	5		
"11390.927"	"11390.9164"	""		"45061.329"	"53837.851"	"3d6.(5D).4s (6D).5s"	"e 5D"	"3"	"3d7.(4F).5p"	"3D*"	"3"	7	7		
"11395.569"	"11395.578"	""		"41178.412"	"49951.344"	"3d8"	"3P"	"1"	"3d7.(2P).4p"	"w 3P*"	"0"	3	1		
"11402.72"	"11402.7225"	""		"33765.306"	"42532.741"	"3d8"	"c 3F"	"2"	"3d6.(3P2).4s.4p.(3P*)"	"x 5P*"	"3"	5	7		
"11402.72"	"11402.73"	""		"50522.944"	"59290.37"	"3d6.(5D).4s (6D).4d"	"e 5G"	"6"	"3d6.4s.(6D<9/2>).5f"	"2[15/2]*"	"7"	13	15		
"11409.920"	"11409.913"	""		"45509.152"	"54271.062"	"3d6.(5D).4s (6D).5s"	"e 5D"	"1"	"3d6.(3D).4s.4p.(3P*)"	"t 5P*"	"1"	3	3		
"11410.817"	"11410.828"	""		"47755.537"	"56516.744"	"3d7.(4F).5s"	"e 5F"	"3"	"3d6.4s.(6D).6p"	"7D*"	"4"	7	9		
"11411.995"	"11412.0006"	""		"47966.585"	"56726.892"	"3d5.(6S).4s2.4p"	"v 5P*"	"3"	"3d6.4s.(6D).5d"	"5F"	"3"	7	7		
"11422.32"	"11422.3194"	"3.40e+04"	C+	"17726.988"	"26479.381"	"3d7.(4P).4s"	"a 5P"	"2"	"3d6.(5D).4s.4p.(3P*)"	"z 5D*"	"1"	5	3		
"11424.068"	"11424.063"	""		"50008.522"	"58759.579"	"3d6.(5D).4s (6D).5p"	"n 7D*"	"2"	"3d6.4s.(6D).7s"	"7D"	"1"	5	3		
"11427.361"	"11427.367"	""		"45509.152"	"54257.679"	"3d6.(5D).4s (6D).5s"	"e 5D"	"1"	"3d7.(4F).5p"	"5G*"	"2"	3	5		
"11432.852"	"11432.858"	""		"42859.778"	"51604.103"	"3d6.(3P2).4s.4p.(3P*)"	"x 5P*"	"2"	"3d6.(5D).4s (6D).4d"	"f 5F"	"3"	5	7		
"11439.126"	"11439.1245"	"1.81e+05"	B	"22946.816"	"31686.351"	"3d7.(4P).4s"	"b 3P"	"1"	"3d6.(5D).4s.4p.(3P*)"	"z 3D*"	"2"	3	5		
"11441.890"	"11441.8922"	""		"32133.991"	"40871.412"	"3d6.(5D).4s.4p.(3P*)"	"z 3F*"	"2"	"3d8"	"3P"	"2"	5	5		
"11470.978"	"11470.976"	""		"45509.152"	"54224.420"	"3d6.(5D).4s (6D).5s"	"e 5D"	"1"	"3d7.(4F).5p"	"5F*"	"1"	3	3		
"11474.319"	"11474.320"	""		"49558.734"	"58271.462"	"3d6.(5D).4s (6D).5p"	"n 7D*"	"4"	"3d6.(5D).4s (4D).4d"	"g 5G"	"5"	9	11		
"11475.767"	"11475.7650"	""		"44677.006"	"53388.637"	"3d6.(5D).4s (6D).5s"	"e 5D"	"4"	"3d7.(4F).5p"	"5F*"	"4"	9	9		
"11489.553"	"11489.558"	""		"50967.831"	"59669.004"	"3d6.(5D).4s (6D).4d"	"e 7G"	"6"	"3d6.4s.(6D<7/2>).5f"	"2[13/2]*"	"7"	13	15		
""	"11524.5042"	"6.8e-02"	E	"17550.181"	"26224.969"	"3d7.(4P).4s"	"a 5P"	"3"	"3d7.(2D2).4s"	"a 3D"	"3"	7	7	M1	
"11527.863"	"11527.857"	""		"45061.329"	"53733.594"	"3d6.(5D).4s (6D).5s"	"e 5D"	"3"	"3d6.(3D).4s.4p.(3P*)"	"5F*"	"3"	7	7		
"11529.752"	"11529.7476"	""		"45333.875"	"54004.718"	"3d6.(5D).4s (6D).5s"	"e 5D"	"2"	"3d6.(3D).4s.4p.(3P*)"	"t 5P*"	"3"	5	7		
"11546.38"	"11546.377"	""		"45608.361"	"54266.716"	"3d6.(3F2).4s.4p.(3P*)"	"x 5G*"	"6"	"3d7.(4F).4d"	"e 3H"	"5"	13	11		
"11555.087"	"11555.0864"	""		"44677.006"	"53328.835"	"3d6.(5D).4s (6D).5s"	"e 5D"	"4"	"3d7.(4F).5p"	"3F*"	"4"	9	9		
"11568.338"	"11568.334"	""		"45913.497"	"54555.418"	"3d6.(3F2).4s.4p.(3P*)"	"x 5G*"	"3"	"3d7.(4F).4d"	"e 3H"	"4"	7	9		
"11572.517"	"11572.523"	""		"50651.632"	"59290.425"	"3d6.(5D).4s (6D).4d"	"e 7G"	"7"	"3d6.4s.(6D<9/2>).5f"	"2[15/2]*"	"8"	15	17		
"11585.217"	"11585.208"	""		"45595.086"	"54224.420"	"3d6.(5D).4s (6D).5s"	"e 5D"	"0"	"3d7.(4F).5p"	"5F*"	"1"	1	3		
"11589.703"	"11589.698"	""		"43079.023"	"51705.014"	"3d6.(3P2).4s.4p.(3P*)"	"x 5P*"	"1"	"3d6.(5D).4s (6D).4d"	"f 5F"	"2"	3	5		
"11589.922"	"11589.920"	""		"50651.632"	"59277.458"	"3d6.(5D).4s (6D).4d"	"e 7G"	"7"	"3d6.4s.(6D<9/2>).5f"	"2[13/2]*"	"7"	15	15		
"11593.591"	"11593.5878"	"1.77e+05"	C+	"17927.382"	"26550.479"	"3d7.(4P).4s"	"a 5P"	"1"	"3d6.(5D).4s.4p.(3P*)"	"z 5D*"	"0"	3	1		
"11594.550"	"11594.5465"	""		"36940.590"	"45562.974"	"3d7.(2F).4s"	"d 3F"	"2"	"3d6.(3H).4s.4p.(3P*)"	"y 3G*"	"3"	5	7		
"11602.91"	"11602.9099"	""		"42532.741"	"51148.910"	"3d6.(3P2).4s.4p.(3P*)"	"x 5P*"	"3"	"3d6.(5D).4s (6D).4d"	"e 5S"	"2"	7	5		
"11607.574"	"11607.5725"	"9.69e+04"	C+	"17726.988"	"26339.696"	"3d7.(4P).4s"	"a 5P"	"2"	"3d6.(5D).4s.4p.(3P*)"	"z 5D*"	"2"	5	5		
"11609.623"	"11609.6362"	""		"36940.590"	"45551.767"	"3d7.(2F).4s"	"d 3F"	"2"	"3d6.(3P2).4s.4p.(3P*)"	"x 3D*"	"1"	5	3		
"11617.012"	"11617.0048"	""		"40871.412"	"49477.127"	"3d8"	"3P"	"2"	"3d6.(3F2).4s.4p.(3P*)"	"1F*"	"3"	5	7		
"11625.077"	"11625.0627"	""		"45061.329"	"53661.079"	"3d6.(5D).4s (6D).5s"	"e 5D"	"3"	"3d7.(4F).5p"	"5F*"	"3"	7	7		
"11638.264"	"11638.2603"	"4.30e+04"	B	"17550.181"	"26140.179"	"3d7.(4P).4s"	"a 5P"	"3"	"3d6.(5D).4s.4p.(3P*)"	"z 5D*"	"3"	7	7		
"11641.801"	"11641.8003"	""		"36975.588"	"45562.974"	"3d7.(2F).4s"	"d 3F"	"3"	"3d6.(3H).4s.4p.(3P*)"	"y 3G*"	"3"	7	7		
"11652.984"	"11652.983"	""		"45333.875"	"53913.020"	"3d6.(5D).4s (6D).5s"	"e 5D"	"2"	"3d6.(3D).4s.4p.(3P*)"	"5D*"	"2"	5	5		
"11656.291"	"11656.288"	""		"50185.743"	"58762.456"	"3d6.(5D).4s (6D).5p"	"n 7P*"	"4"	"3d6.4s.(6D).7s"	"5D"	"3"	9	7		
"11669.64"	"11669.6271"	""		"36766.966"	"45333.875"	"3d6.(5D).4s.4p.(1P*)"	"y 5P*"	"3"	"3d6.(5D).4s (6D).5s"	"e 5D"	"2"	7	5		
"11669.64"	"11669.649"	""		"51103.191"	"59670.084"	"3d6.(5D).4s (6D).4d"	"f 5F"	"5"	"3d6.4s.(6D<7/2>).5f"	"2[13/2]*"	"6"	11	13		
"11674.35"	"11674.3463"	""		"48163.446"	"56726.892"	"3d5.(6S).4s2.4p"	"v 5P*"	"2"	"3d6.4s.(6D).5d"	"5F"	"3"	5	7		
"11676.295"	"11676.3015"	""		"39969.853"	"48531.865"	"3d6.(5D).4s.4p.(1P*)"	"x 5D*"	"3"	"3d7.(4F).5s"	"e 3F"	"3"	7	7		
"11677.999"	"11677.991"	""		"51103.191"	"59663.964"	"3d6.(5D).4s (6D).4d"	"f 5F"	"5"	"3d6.4s.(6D<7/2>).5f"	"2[11/2]*"	"5"	11	11		
"11681.596"	"11681.5939"	""		"28604.613"	"37162.746"	"3d7.(2D2).4s"	"a 1D"	"2"	"3d7.(4F).4p"	"y 3F*"	"3"	5	7		
"11682.255"	"11682.2518"	""		"45333.875"	"53891.526"	"3d6.(5D).4s (6D).5s"	"e 5D"	"2"	"3d6.(3D).4s.4p.(3P*)"	"5D*"	"3"	5	7		
"11682.6453"	""	""		""	""	""	""	""	""	""	""				
"11688.667"	"11688.6687"	""		"28604.613"	"37157.566"	"3d7.(2D2).4s"	"a 1D"	"2"	"3d6.(5D).4s.4p.(1P*)"	"y 5P*"	"2"	5	5		
"11689.976"	"11689.9726"	"1.39e+05"	C+	"17927.382"	"26479.381"	"3d7.(4P).4s"	"a 5P"	"1"	"3d6.(5D).4s.4p.(3P*)"	"z 5D*"	"1"	3	3		
"11693.206"	"11693.208"	""		"47966.585"	"56516.218"	"3d5.(6S).4s2.4p"	"v 5P*"	"3"	"3d7.(4F).6s"	"5F"	"4"	7	9		
"11693.95"	"11693.9599"	""		"45061.329"	"53610.412"	"3d6.(5D).4s (6D).5s"	"e 5D"	"3"	"3d7.(4F).5p"	"5D*"	"4"	7	9		
"11699.945"	"11699.945"	""		"49352.341"	"57897.051"	"3d6.(5D).4s (6D).5p"	"n 7D*"	"5"	"3d6.(5D).4s (6D).7s"	"7D"	"5"	11	11		
"11702.220"	"11702.218"	""		"48531.865"	"57074.915"	"3d7.(4F).5s"	"e 3F"	"3"	"3d6.(3D).4s.4p.(1P*)"	"3D*"	"2"	7	5		
"11705.9855"	""	""		""	""	""	""	""	""	""	""				
"11715.485"	"11715.486"	""		"45509.152"	"54042.527"	"3d6.(5D).4s (6D).5s"	"e 5D"	"1"	"3d7.(4F).5p"	"5F*"	"2"	3	5		
"11724.487"	"11724.4936"	""		"45220.681"	"53747.500"	"3d6.(3P2).4s.4p.(3P*)"	"x 3D*"	"3"	"3d7.(4F).4d"	"f 3D"	"3"	7	7		
"11725.564"	"11725.562"	""		"45964.957"	"54490.999"	"3d6.(3F2).4s.4p.(3P*)"	"x 5G*"	"2"	"3d7.(4F).4d"	"e 5H"	"3"	5	7		
"11728.563"	"11728.5499"	""		"40404.518"	"48928.388"	"3d6.(5D).4s.4p.(1P*)"	"x 5D*"	"1"	"3d7.(4F).5s"	"e 3F"	"2"	3	5		
"11739.224"	"11739.215"	""		"49805.257"	"58321.383"	"3d6.(5D).4s (6D).5p"	"n 7D*"	"3"	"3d6.4s.(6D).7s"	"5D"	"4"	7	9		
"11755.994"	"11755.9875"	""		"45333.875"	"53837.851"	"3d6.(5D).4s (6D).5s"	"e 5D"	"2"	"3d7.(4F).5p"	"3D*"	"3"	5	7		
""	"11764.2809"	"1.5e-02"	E	"17726.988"	"26224.969"	"3d7.(4P).4s"	"a 5P"	"2"	"3d7.(2D2).4s"	"a 3D"	"3"	5	7	M1	
"11773.552"	"11773.562"	""		"45913.497"	"54404.779"	"3d6.(3F2).4s.4p.(3P*)"	"x 5G*"	"3"	"3d6.(5D).4s (6D).6s"	"g 7D"	"3"	7	7		
"11778.702"	"11778.707"	""		"46888.517"	"55376.090"	"3d7.(4P).4p"	"u 5D*"	"2"	"3d7.(4F).4d"	"e 3P"	"1"	5	3		
"11783.267"	"11783.2648"	"1.83e+05"	B	"22838.323"	"31322.613"	"3d7.(4P).4s"	"b 3P"	"2"	"3d6.(5D).4s.4p.(3P*)"	"z 3D*"	"3"	5	7		
"11800.657"	"11800.656"	""		"50008.522"	"58480.308"	"3d6.(5D).4s (6D).5p"	"n 7D*"	"2"	"3d6.4s.(6D).7s"	"7D"	"3"	5	7		
"11807.0094"	""	""		""	""	""	""	""	""	""	""				
"11808.87"	"11808.8554"	""		"42532.741"	"50998.645"	"3d6.(3P2).4s.4p.(3P*)"	"x 5P*"	"3"	"3d6.(5D).4s (6D).4d"	"f 7D"	"2"	7	5		
"11808.87"	"11808.879"	""		"45913.497"	"54379.384"	"3d6.(3F2).4s.4p.(3P*)"	"x 5G*"	"3"	"3d7.(4F).4d"	"e 3G"	"3"	7	7		
"11813.832"	"11813.825"	""		"47960.940"	"56423.283"	"3d7.(4F).5s"	"e 3F"	"4"	"3d6.(1I).4s.4p.(3P*)"	"u 3H*"	"4"	9	9		
"11827.145"	"11827.1426"	""		"36975.588"	"45428.402"	"3d7.(2F).4s"	"d 3F"	"3"	"3d6.(3H).4s.4p.(3P*)"	"y 3G*"	"4"	7	9		
"11829.851"	"11829.856"	""		"45333.875"	"53784.750"	"3d6.(5D).4s (6D).5s"	"e 5D"	"2"	"3d7.(4F).5p"	"5D*"	"3"	5	7		
"11835.50"	"11835.5101"	""		"42532.741"	"50979.579"	"3d6.(3P2).4s.4p.(3P*)"	"x 5P*"	"3"	"3d6.(5D).4s (6D).4d"	"e 5G"	"4"	7	9		
"11854.242"	"11854.238"	""		"45833.223"	"54266.716"	"3d6.(3F2).4s.4p.(3P*)"	"x 5G*"	"4"	"3d7.(4F).4d"	"e 3H"	"5"	9	11		
"11861.2678"	""	""		""	""	""	""	""	""	""	""				
"11882.846"	"11882.8442"	"1.45e+05"	B	"17726.988"	"26140.179"	"3d7.(4P).4s"	"a 5P"	"2"	"3d6.(5D).4s.4p.(3P*)"	"z 5D*"	"3"	5	7		
"11884.085"	"11884.0830"	"7.80e+04"	C+	"17927.382"	"26339.696"	"3d7.(4P).4s"	"a 5P"	"1"	"3d6.(5D).4s.4p.(3P*)"	"z 5D*"	"2"	3	5		
"11890.489"	"11890.4874"	""		"44677.006"	"53084.789"	"3d6.(5D).4s (6D).5s"	"e 5D"	"4"	"3d7.(4F).5p"	"5F*"	"5"	9	11		
"11891.042"	"11891.043"	""		"50628.372"	"59035.762"	"3d6.(5D).4s (6D).5p"	"n 7P*"	"3"	"3d6.4s.(6D).7s"	"5D"	"2"	7	5		
"11896.027"	"11896.027"	""		"45509.152"	"53913.020"	"3d6.(5D).4s (6D).5s"	"e 5D"	"1"	"3d6.(3D).4s.4p.(3P*)"	"5D*"	"2"	3	5		
"11901.905"	"11901.903"	""		"45333.875"	"53733.594"	"3d6.(5D).4s (6D).5s"	"e 5D"	"2"	"3d6.(3D).4s.4p.(3P*)"	"5F*"	"3"	5	7		
"11916.875"	"11916.8617"	""		"46744.993"	"55134.168"	"3d7.(4P).4p"	"u 5D*"	"3"	"3d6.4s.(6D).6s"	"5D"	"2"	7	5		
"11923.0955"	""	""		""	""	""	""	""	""	""	""				
"11923.1921"	""	""		""	""	""	""	""	""	""	""				
"11926.399"	"11926.3967"	""		"37045.934"	"45428.402"	"3d7.(2F).4s"	"d 3F"	"4"	"3d6.(3H).4s.4p.(3P*)"	"y 3G*"	"4"	9	9		
"11930.4983"	""	""		""	""	""	""	""	""	""	""				
"11938.9365"	""	""		""	""	""	""	""	""	""	""				
"11943.390"	"11943.390"	""		"47966.585"	"56337.126"	"3d5.(6S).4s2.4p"	"v 5P*"	"3"	"3d6.4s.(6D).5d"	"5D"	"3"	7	7		
"11970.500"	"11970.4975"	""		"37157.566"	"45509.152"	"3d6.(5D).4s.4p.(1P*)"	"y 5P*"	"2"	"3d6.(5D).4s (6D).5s"	"e 5D"	"1"	5	3		
"11973.050"	"11973.0465"	"1.70e+05"	B	"17550.181"	"25899.989"	"3d7.(4P).4s"	"a 5P"	"3"	"3d6.(5D).4s.4p.(3P*)"	"z 5D*"	"4"	7	9		
"11989.547"	"11989.547"	""		"49558.734"	"57897.051"	"3d6.(5D).4s (6D).5p"	"n 7D*"	"4"	"3d6.(5D).4s (6D).7s"	"7D"	"5"	9	11		
"11990.386"	"11990.3863"	""		"43499.505"	"51837.238"	"3d6.(3P2).4s.4p.(3P*)"	"w 5D*"	"4"	"3d6.(5D).4s (6D).4d"	"e 5P"	"3"	9	7		
"12005.399"	"12005.3972"	""		"45061.329"	"53388.637"	"3d6.(5D).4s (6D).5s"	"e 5D"	"3"	"3d7.(4F).5p"	"5F*"	"4"	7	9		
"12005.548"	"12005.5471"	""		"45333.875"	"53661.079"	"3d6.(5D).4s (6D).5s"	"e 5D"	"2"	"3d7.(4F).5p"	"5F*"	"3"	5	7		
"12010.587"	"12010.578"	""		"45913.497"	"54237.213"	"3d6.(3F2).4s.4p.(3P*)"	"x 5G*"	"3"	"3d7.(4F).4d"	"e 5H"	"4"	7	9		
"12025.157"	"12025.166"	""		"49805.257"	"58118.875"	"3d6.(5D).4s (6D).5p"	"n 7D*"	"3"	"3d6.4s.(4D).4d"	"5F"	"4"	7	9		
"12035.846"	"12035.8406"	""		"36975.588"	"45281.833"	"3d7.(2F).4s"	"d 3F"	"3"	"3d6.(3P2).4s.4p.(3P*)"	"x 3D*"	"2"	7	5		
"12044.127"	"12044.1288"	""		"40231.336"	"48531.865"	"3d6.(5D).4s.4p.(1P*)"	"x 5D*"	"2"	"3d7.(4F).5s"	"e 3F"	"3"	5	7		
"12053.083"	"12053.0824"	"1.88e+05"	D+	"36766.966"	"45061.329"	"3d6.(5D).4s.4p.(1P*)"	"y 5P*"	"3"	"3d6.(5D).4s (6D).5s"	"e 5D"	"3"	7	7		
"12060.705"	"12060.689"	""		"42859.778"	"51148.910"	"3d6.(3P2).4s.4p.(3P*)"	"x 5P*"	"2"	"3d6.(5D).4s (6D).4d"	"e 5S"	"2"	5	5		
"12078.909"	"12078.9169"	""		"44677.006"	"52953.629"	"3d6.(5D).4s (6D).5s"	"e 5D"	"4"	"3d6.(3G).4s.4p.(3P*)"	"3F*"	"4"	9	9		
"12080.922"	"12080.9122"	""		"42532.741"	"50807.997"	"3d6.(3P2).4s.4p.(3P*)"	"x 5P*"	"3"	"3d6.(5D).4s (6D).4d"	"f 7D"	"4"	7	9		
"12087.059"	"12087.0527"	""		"43499.505"	"51770.557"	"3d6.(3P2).4s.4p.(3P*)"	"w 5D*"	"4"	"3d6.(5D).4s (4D).5s"	"g 5D"	"3"	9	7		
"12089.772"	"12089.776"	""		"50052.194"	"58321.383"	"3d6.(5D).4s (6D).5p"	"n 7F*"	"5"	"3d6.4s.(6D).7s"	"5D"	"4"	11	9		
"12092.239"	"12092.2369"	""		"45061.329"	"53328.835"	"3d6.(5D).4s (6D).5s"	"e 5D"	"3"	"3d7.(4F).5p"	"3F*"	"4"	7	9		
"12115.760"	"12115.756"	""		"48531.865"	"56783.322"	"3d7.(4F).5s"	"e 3F"	"3"	"3d6.(1G2).4s.4p.(3P*)"	"u 3F*"	"3"	7	7		
"12116.755"	"12116.752"	""		"50433.025"	"58683.804"	"3d6.(5D).4s (6D).5p"	"n 7F*"	"3"	"3d6.4s.(6D).7s"	"7D"	"2"	7	5		
"12119.49"	"12119.4943"	""		"37045.934"	"45294.846"	"3d7.(2F).4s"	"d 3F"	"4"	"3d6.(3H).4s.4p.(3P*)"	"y 3G*"	"5"	9	11		
""	"12124.4373"	"2.0e-02"	E	"18378.186"	"26623.735"	"3d6.4s2"	"a 3P2"	"2"	"3d7.(2D2).4s"	"a 3D"	"2"	5	5	M1	
"12131.175"	"12131.179"	""		"47966.585"	"56207.552"	"3d5.(6S).4s2.4p"	"v 5P*"	"3"	"3d6.4s.(6D).5d"	"5D"	"4"	7	9		
"12132.238"	"12132.230"	""		"45509.152"	"53749.405"	"3d6.(5D).4s (6D).5s"	"e 5D"	"1"	"3d6.(3G).4s.4p.(3P*)"	"3F*"	"2"	3	5		
"12135.6273"	""	""		""	""	""	""	""	""	""	""				
"12138.790"	"12138.7954"	""		"46889.142"	"55124.938"	"3d6.(3F2).4s.4p.(3P*)"	"x 3F*"	"4"	"3d7.(4F).4d"	"f 3F"	"3"	9	7		
"12142.489"	"12142.483"	""		"45833.223"	"54066.518"	"3d6.(3F2).4s.4p.(3P*)"	"x 5G*"	"4"	"3d7.(4F).4d"	"e 3G"	"4"	9	9		
"12173.73"	"12173.723"	""		"50901.172"	"59113.339"	"3d6.(5D).4s (6D).5p"	"n 7P*"	"2"	"3d6.4s.(6D).7s"	"5D"	"1"	5	3		
"12188.393"	"12188.376"	""		"51461.670"	"59663.964"	"3d6.(5D).4s (6D).4d"	"f 5F"	"4"	"3d6.4s.(6D<7/2>).5f"	"2[11/2]*"	"5"	9	11		
"12190.099"	"12190.0985"	"4.20e+04"	D+	"29320.026"	"37521.161"	"3d6.4s2"	"b 3D"	"1"	"3d7.(4F).4p"	"y 3F*"	"2"	3	5		
"12190.593"	"12190.5890"	""		"42815.855"	"51016.660"	"3d6.(5D).4s (6D).5s"	"e 7D"	"5"	"3d6.(5D).4s (6D).5p"	"u 5F*"	"5"	11	11		
"12193.502"	"12193.487"	""		"47177.234"	"55376.090"	"3d7.(4P).4p"	"u 5D*"	"1"	"3d7.(4F).4d"	"e 3P"	"1"	3	3		
"12213.333"	"12213.3364"	""		"37409.555"	"45595.086"	"3d6.(5D).4s.4p.(1P*)"	"y 5P*"	"1"	"3d6.(5D).4s (6D).5s"	"e 5D"	"0"	3	1		
"12225.963"	"12225.954"	""		"50303.225"	"58480.308"	"3d6.(5D).4s (6D).5p"	"n 7F*"	"4"	"3d6.4s.(6D).7s"	"7D"	"3"	9	7		
"12227.112"	"12227.1117"	""		"37157.566"	"45333.875"	"3d6.(5D).4s.4p.(1P*)"	"y 5P*"	"2"	"3d6.(5D).4s (6D).5s"	"e 5D"	"2"	5	5		
"12232.531"	"12232.522"	""		"51103.191"	"59275.884"	"3d6.(5D).4s (6D).4d"	"f 5F"	"5"	"3d6.4s.(6D<9/2>).5f"	"2[13/2]*"	"6"	11	13		
"12244.922"	"12244.9214"	""		"29356.744"	"37521.161"	"3d6.4s2"	"b 3D"	"2"	"3d7.(4F).4p"	"y 3F*"	"2"	5	5		
"12267.891"	"12267.8887"	""		"26406.465"	"34555.597"	"3d7.(2D2).4s"	"a 3D"	"1"	"3d6.(5D).4s.4p.(3P*)"	"z 3P*"	"0"	3	1		
"12271.82"	"12271.812"	""		"48928.388"	"57074.915"	"3d7.(4F).5s"	"e 3F"	"2"	"3d6.(3D).4s.4p.(1P*)"	"3D*"	"2"	5	5		
"12273.024"	"12273.027"	""		"50052.194"	"58197.914"	"3d6.(5D).4s (6D).5p"	"n 7F*"	"5"	"3d6.4s.(6D).7s"	"7D"	"4"	11	9		
"12274.414"	"12274.4122"	""		"43922.668"	"52067.469"	"3d6.(3P2).4s.4p.(3P*)"	"w 5D*"	"3"	"3d6.(5D).4s (6D).4d"	"e 5P"	"2"	7	5		
"12283.296"	"12283.298"	""		"49758.142"	"57897.051"	"3d6.(5D).4s (6D).5p"	"n 7F*"	"6"	"3d6.(5D).4s (6D).7s"	"7D"	"5"	13	11		
"12283.52"	"12283.524"	""		"49558.734"	"57697.493"	"3d6.(5D).4s (6D).5p"	"n 7D*"	"4"	"3d6.(5D).4s (4D).4d"	"i 5D"	"4"	9	9		
"12288.240"	"12288.234"	""		"50185.743"	"58321.383"	"3d6.(5D).4s (6D).5p"	"n 7P*"	"4"	"3d6.4s.(6D).7s"	"5D"	"4"	9	9		
"12290.57"	"12290.566"	""		"47171.531"	"55305.627"	"3d7.(4P).4p"	"u 5D*"	"0"	"3d6.4s.(6D).6s"	"5D"	"1"	1	3		
"12290.57"	"12290.584"	""		"50628.372"	"58762.456"	"3d6.(5D).4s (6D).5p"	"n 7P*"	"3"	"3d6.4s.(6D).7s"	"5D"	"3"	7	7		
"12293.522"	"12293.518"	""		"50627.436"	"58759.579"	"3d6.(5D).4s (6D).5p"	"n 7F*"	"1"	"3d6.4s.(6D).7s"	"7D"	"1"	3	3		
"12297.157"	"12297.1621"	""		"39625.804"	"47755.537"	"3d6.(5D).4s.4p.(1P*)"	"x 5D*"	"4"	"3d7.(4F).5s"	"e 5F"	"3"	9	7		
"12299.721"	"12299.721"	""		"50555.762"	"58683.804"	"3d6.(5D).4s (6D).5p"	"n 7F*"	"2"	"3d6.4s.(6D).7s"	"7D"	"2"	5	5		
"12301.067"	"12301.0629"	""		"43922.668"	"52049.823"	"3d6.(3P2).4s.4p.(3P*)"	"w 5D*"	"3"	"3d6.(5D).4s (4D).5s"	"g 5D"	"2"	7	5		
"12312.153"	"12312.1478"	""		"46744.993"	"54864.831"	"3d7.(4P).4p"	"u 5D*"	"3"	"3d6.4s.(6D).6s"	"5D"	"3"	7	7		
"12320.265"	"12320.2623"	""		"45726.130"	"53840.620"	"3d6.(3F2).4s.4p.(3P*)"	"x 5G*"	"5"	"3d7.(4F).4d"	"e 3H"	"6"	11	13		
"12330.505"	"12330.5042"	""		"47017.188"	"55124.938"	"3d7.(4P).4p"	"w 3D*"	"3"	"3d7.(4F).4d"	"f 3F"	"3"	7	7		
"12340.487"	"12340.4813"	""		"18378.186"	"26479.381"	"3d6.4s2"	"a 3P2"	"2"	"3d6.(5D).4s.4p.(3P*)"	"z 5D*"	"1"	5	3		
"12342.914"	"12342.9160"	""		"37409.555"	"45509.152"	"3d6.(5D).4s.4p.(1P*)"	"y 5P*"	"1"	"3d6.(5D).4s (6D).5s"	"e 5D"	"1"	3	3		
"12392.7521"	""	""		""	""	""	""	""	""	""	""				
"12397.081"	"12397.0803"	""		"41178.412"	"49242.621"	"3d8"	"3P"	"1"	"3d6.(3F2).4s.4p.(3P*)"	"v 3D*"	"2"	3	5		
"12410.590"	"12410.588"	""		"50628.372"	"58683.804"	"3d6.(5D).4s (6D).5p"	"n 7P*"	"3"	"3d6.4s.(6D).7s"	"7D"	"2"	7	5		
"12414.087"	"12414.082"	""		"45913.497"	"53966.662"	"3d6.(3F2).4s.4p.(3P*)"	"x 5G*"	"3"	"3d7.(4F).4d"	"h 5D"	"2"	7	5		
"12432.811"	"12432.810"	""		"45833.223"	"53874.257"	"3d6.(3F2).4s.4p.(3P*)"	"x 5G*"	"4"	"3d7.(4F).4d"	"e 5H"	"5"	9	11		
"12446.449"	"12446.4435"	""		"47092.712"	"55124.938"	"3d6.(3F2).4s.4p.(3P*)"	"x 3F*"	"3"	"3d7.(4F).4d"	"f 3F"	"3"	7	7		
"12448.788"	"12448.7823"	""		"44183.628"	"52214.345"	"3d6.(3P2).4s.4p.(3P*)"	"w 5D*"	"2"	"3d6.(5D).4s (4D).5s"	"g 5D"	"1"	5	3		
"12459.765"	"12459.7623"	""		"45333.875"	"53357.515"	"3d6.(5D).4s (6D).5s"	"e 5D"	"2"	"3d6.(3G).4s.4p.(3P*)"	"3F*"	"3"	5	7		
"12475.827"	"12475.8274"	""		"45726.130"	"53739.438"	"3d6.(3F2).4s.4p.(3P*)"	"x 5G*"	"5"	"3d7.(4F).4d"	"e 3G"	"5"	11	11		
"12510.518"	"12510.5193"	""		"39969.853"	"47960.940"	"3d6.(5D).4s.4p.(1P*)"	"x 5D*"	"3"	"3d7.(4F).5s"	"e 3F"	"4"	7	9		
"12512.247"	"12512.2401"	""		"40231.336"	"48221.324"	"3d6.(5D).4s.4p.(1P*)"	"x 5D*"	"2"	"3d7.(4F).5s"	"e 5F"	"1"	5	3		
"12555.464"	"12555.4663"	""		"46720.842"	"54683.322"	"3d7.(4P).4p"	"u 5D*"	"4"	"3d7.(4F).4d"	"f 3F"	"4"	9	9		
"12555.962"	"12555.9630"	""		"43499.505"	"51461.670"	"3d6.(3P2).4s.4p.(3P*)"	"w 5D*"	"4"	"3d6.(5D).4s (6D).4d"	"f 5F"	"4"	9	9		
"12556.998"	"12556.9960"	"2.00e+03"	C+	"18378.186"	"26339.696"	"3d6.4s2"	"a 3P2"	"2"	"3d6.(5D).4s.4p.(3P*)"	"z 5D*"	"2"	5	5		
"12580.201"	"12580.1923"	""		"43434.627"	"51381.457"	"3d6.(5D).4s (6D).5s"	"e 7D"	"3"	"3d6.(5D).4s (6D).5p"	"u 5F*"	"4"	7	9		
"12581.133"	"12581.130"	""		"47960.940"	"55907.178"	"3d7.(4F).5s"	"e 3F"	"4"	"3d7.(2H).4p"	"1H*"	"5"	9	11		
"12606.476"	"12606.470"	""		"48928.388"	"56858.653"	"3d7.(4F).5s"	"e 3F"	"2"	"3d6.(1G2).4s.4p.(3P*)"	"u 3F*"	"2"	5	5		
"12608.659"	"12608.655"	""		"44285.454"	"52214.345"	"3d6.(3F2).4s.4p.(3P*)"	"w 5F*"	"2"	"3d6.(5D).4s (4D).5s"	"g 5D"	"1"	5	3		
"12610.203"	"12610.1864"	""		"47197.010"	"55124.938"	"3d6.(3F2).4s.4p.(3P*)"	"x 3F*"	"2"	"3d7.(4F).4d"	"f 3F"	"3"	5	7		
"12615.925"	"12615.9279"	""		"37409.555"	"45333.875"	"3d6.(5D).4s.4p.(1P*)"	"y 5P*"	"1"	"3d6.(5D).4s (6D).5s"	"e 5D"	"2"	3	5		
"12631.467"	"12631.4696"	""		"43922.668"	"51837.238"	"3d6.(3P2).4s.4p.(3P*)"	"w 5D*"	"3"	"3d6.(5D).4s (6D).4d"	"e 5P"	"3"	7	7		
"12631.943"	"12631.937"	""		"45833.223"	"53747.500"	"3d6.(3F2).4s.4p.(3P*)"	"x 5G*"	"4"	"3d7.(4F).4d"	"f 3D"	"3"	9	7		
"12638.706"	"12638.7035"	""		"36766.966"	"44677.006"	"3d6.(5D).4s.4p.(1P*)"	"y 5P*"	"3"	"3d6.(5D).4s (6D).5s"	"e 5D"	"4"	7	9		
"12648.742"	"12648.7409"	"4.32e+05"	C+	"37157.566"	"45061.329"	"3d6.(5D).4s.4p.(1P*)"	"y 5P*"	"2"	"3d6.(5D).4s (6D).5s"	"e 5D"	"3"	5	7		
"12663.28"	"12663.279"	""		"50303.225"	"58197.914"	"3d6.(5D).4s (6D).5p"	"n 7F*"	"4"	"3d6.4s.(6D).7s"	"7D"	"4"	9	9		
"12667.115"	"12667.1124"	""		"45061.329"	"52953.629"	"3d6.(5D).4s (6D).5s"	"e 5D"	"3"	"3d6.(3G).4s.4p.(3P*)"	"3F*"	"4"	7	9		
"12670.17"	"12670.1690"	""		"42532.741"	"50423.137"	"3d6.(3P2).4s.4p.(3P*)"	"x 5P*"	"3"	"3d6.(5D).4s (6D).4d"	"f 5D"	"4"	7	9		
"12680.701"	"12680.7036"	""		"44183.628"	"52067.469"	"3d6.(3P2).4s.4p.(3P*)"	"w 5D*"	"2"	"3d6.(5D).4s (6D).4d"	"e 5P"	"2"	5	5		
"12698.2142"	""	""		""	""	""	""	""	""	""	""				
"12729.959"	"12729.9631"	""		"43163.326"	"51016.660"	"3d6.(5D).4s (6D).5s"	"e 7D"	"4"	"3d6.(5D).4s (6D).5p"	"u 5F*"	"5"	9	11		
"12738.796"	"12738.7953"	""		"43922.668"	"51770.557"	"3d6.(3P2).4s.4p.(3P*)"	"w 5D*"	"3"	"3d6.(5D).4s (4D).5s"	"g 5D"	"3"	7	7		
"12739.204"	"12739.1947"	""		"47017.188"	"54864.831"	"3d7.(4P).4p"	"w 3D*"	"3"	"3d6.4s.(6D).6s"	"5D"	"3"	7	7		
"12783.45"	"12783.445"	""		"51539.720"	"59360.198"	"3d6.(5D).4s (6D).4d"	"e 7G"	"2"	"3d6.4s.(4D).5p"	"5P*"	"1"	5	3		
"12789.450"	"12789.4504"	""		"40404.518"	"48221.324"	"3d6.(5D).4s.4p.(1P*)"	"x 5D*"	"1"	"3d7.(4F).5s"	"e 5F"	"1"	3	3		
"12807.149"	"12807.1518"	""		"29356.744"	"37162.746"	"3d6.4s2"	"b 3D"	"2"	"3d7.(4F).4p"	"y 3F*"	"3"	5	7		
"12808.244"	"12808.2430"	""		"40231.336"	"48036.673"	"3d6.(5D).4s.4p.(1P*)"	"x 5D*"	"2"	"3d7.(4F).5s"	"e 5F"	"2"	5	5		
"12819.912"	"12819.9242"	""		"24335.766"	"32133.991"	"3d7.(2P).4s"	"c 3P"	"2"	"3d6.(5D).4s.4p.(3P*)"	"z 3F*"	"2"	5	5		
"12820.635"	"12820.6410"	""		"41130.599"	"48928.388"	"3d6.(5D).4s.4p.(1P*)"	"x 5F*"	"1"	"3d7.(4F).5s"	"e 3F"	"2"	3	5		
"12824.860"	"12824.8596"	""		"24338.767"	"32133.991"	"3d6.4s2"	"b 3G"	"3"	"3d6.(5D).4s.4p.(3P*)"	"z 3F*"	"2"	7	5		
"12826.585"	"12826.5774"	""		"46889.142"	"54683.322"	"3d6.(3F2).4s.4p.(3P*)"	"x 3F*"	"4"	"3d7.(4F).4d"	"f 3F"	"4"	9	9		
"12840.573"	"12840.5742"	""		"39969.853"	"47755.537"	"3d6.(5D).4s.4p.(1P*)"	"x 5D*"	"3"	"3d7.(4F).5s"	"e 5F"	"3"	7	7		
"12865.0578"	""	""		""	""	""	""	""	""	""	""				
"12879.769"	"12879.7661"	"2.00e+03"	C+	"18378.186"	"26140.179"	"3d6.4s2"	"a 3P2"	"2"	"3d6.(5D).4s.4p.(3P*)"	"z 5D*"	"3"	5	7		
"12884.637"	"12884.6347"	""		"46720.842"	"54479.902"	"3d7.(4P).4p"	"u 5D*"	"4"	"3d6.4s.(6D).6s"	"5D"	"4"	9	9		
"12890.693"	"12890.6971"	""		"44458.934"	"52214.345"	"3d6.(3P2).4s.4p.(3P*)"	"w 5D*"	"0"	"3d6.(5D).4s (4D).5s"	"g 5D"	"1"	1	3		
"12896.119"	"12896.1180"	""		"39625.804"	"47377.955"	"3d6.(5D).4s.4p.(1P*)"	"x 5D*"	"4"	"3d7.(4F).5s"	"e 5F"	"4"	9	9		
"12897.222"	"12897.229"	""		"42859.778"	"50611.261"	"3d6.(3P2).4s.4p.(3P*)"	"x 5P*"	"2"	"3d6.(5D).4s (6D).4d"	"e 7P"	"3"	5	7		
"12913.2089"	""	""		""	""	""	""	""	""	""	""				
"12916.3182"	""	""		""	""	""	""	""	""	""	""				
"12933.005"	"12933.0061"	""		"40491.284"	"48221.324"	"3d6.(5D).4s.4p.(1P*)"	"x 5D*"	"0"	"3d7.(4F).5s"	"e 5F"	"1"	1	3		
"12934.667"	"12934.6660"	""		"43499.505"	"51228.553"	"3d6.(3P2).4s.4p.(3P*)"	"w 5D*"	"4"	"3d6.(5D).4s (6D).4d"	"e 7G"	"5"	9	11		
"12946.540"	"12946.5321"	""		"26224.969"	"33946.933"	"3d7.(2D2).4s"	"a 3D"	"3"	"3d6.(5D).4s.4p.(3P*)"	"z 3P*"	"2"	7	5		
"12958.4932"	""	""		""	""	""	""	""	""	""	""				
"12962.225"	"12962.234"	""		"45833.223"	"53545.833"	"3d6.(3F2).4s.4p.(3P*)"	"x 5G*"	"4"	"3d7.(4F).4d"	"h 5D"	"3"	9	7		
"12964.422"	"12964.423"	""		"50185.743"	"57897.051"	"3d6.(5D).4s (6D).5p"	"n 7P*"	"4"	"3d6.(5D).4s (6D).7s"	"7D"	"5"	9	11		
"12977.356"	"12977.3506"	""		"40257.314"	"47960.940"	"3d6.(5D).4s.4p.(1P*)"	"x 5F*"	"5"	"3d7.(4F).5s"	"e 3F"	"4"	11	9		
"12995.667"	"12995.6676"	""		"43499.505"	"51192.273"	"3d6.(3P2).4s.4p.(3P*)"	"w 5D*"	"4"	"3d6.(5D).4s (6D).4d"	"e 7F"	"4"	9	9		
"13000.831"	"13000.8339"	""		"40842.154"	"48531.865"	"3d6.(5D).4s.4p.(1P*)"	"x 5F*"	"3"	"3d7.(4F).5s"	"e 3F"	"3"	7	7		
"13006.687"	"13006.6846"	""		"24118.819"	"31805.071"	"3d6.4s2"	"b 3G"	"4"	"3d6.(5D).4s.4p.(3P*)"	"z 3F*"	"3"	9	7		
"13014.842"	"13014.8411"	""		"43922.668"	"51604.103"	"3d6.(3P2).4s.4p.(3P*)"	"w 5D*"	"3"	"3d6.(5D).4s (6D).4d"	"f 5F"	"3"	7	7		
"13026.815"	"13026.821"	""		"51361.391"	"59035.762"	"3d6.(5D).4s (6D).5p"	"t 5D*"	"3"	"3d6.4s.(6D).7s"	"5D"	"2"	7	5		
"13039.652"	"13039.647"	""		"45608.361"	"53275.183"	"3d6.(3F2).4s.4p.(3P*)"	"x 5G*"	"6"	"3d7.(4F).4d"	"e 5H"	"7"	13	15		
"13057.560"	"13057.5525"	""		"44411.160"	"52067.469"	"3d6.(3P2).4s.4p.(3P*)"	"w 5D*"	"1"	"3d6.(5D).4s (6D).4d"	"e 5P"	"2"	3	5		
"13059.366"	"13059.352"	""		"45913.497"	"53568.751"	"3d6.(3F2).4s.4p.(3P*)"	"x 5G*"	"3"	"3d7.(4F).4d"	"f 5P"	"2"	7	5		
"13062.156"	"13062.1571"	""		"44183.628"	"51837.238"	"3d6.(3P2).4s.4p.(3P*)"	"w 5D*"	"2"	"3d6.(5D).4s (6D).4d"	"e 5P"	"3"	5	7		
"13062.977"	"13062.9849"	""		"46313.537"	"53966.662"	"3d7.(4P).4p"	"w 5P*"	"2"	"3d7.(4F).4d"	"h 5D"	"2"	5	5		
"13077.338"	"13077.3368"	""		"40871.412"	"48516.138"	"3d8"	"3P"	"2"	"3d7.(4P).4p"	"x 3P*"	"1"	5	3		
"13097.403"	"13097.409"	""		"49805.257"	"57438.267"	"3d6.(5D).4s (6D).5p"	"n 7D*"	"3"	"3d6.4s.(6D).5d"	"7S"	"3"	7	7		
"13098.876"	"13098.8767"	""		"40404.518"	"48036.673"	"3d6.(5D).4s.4p.(1P*)"	"x 5D*"	"1"	"3d7.(4F).5s"	"e 5F"	"2"	3	5		
"13107.978"	"13107.9724"	""		"45726.130"	"53352.989"	"3d6.(3F2).4s.4p.(3P*)"	"x 5G*"	"5"	"3d7.(4F).4d"	"e 5H"	"6"	11	13		
"13120.466"	"13120.465"	""		"43079.023"	"50698.620"	"3d6.(3P2).4s.4p.(3P*)"	"x 5P*"	"1"	"3d6.(5D).4s (6D).4d"	"f 5D"	"2"	3	5		
"13123.4252"	""	""		""	""	""	""	""	""	""	""				
"13134.398"	"13134.3984"	""		"47136.084"	"54747.598"	"3d7.(4P).4p"	"w 3D*"	"2"	"3d6.(5D).4s (6D).6s"	"g 7D"	"1"	5	3		
"13135.233"	"13135.2389"	""		"42911.917"	"50522.944"	"3d6.(3H).4s.4p.(3P*)"	"y 5G*"	"5"	"3d6.(5D).4s (6D).4d"	"e 5G"	"6"	11	13		
"13139.588"	"13139.5859"	""		"44411.160"	"52019.669"	"3d6.(3P2).4s.4p.(3P*)"	"w 5D*"	"1"	"3d6.(5D).4s (6D).4d"	"e 5P"	"1"	3	3		
"13147.921"	"13147.9203"	""		"43499.505"	"51103.191"	"3d6.(3P2).4s.4p.(3P*)"	"w 5D*"	"4"	"3d6.(5D).4s (6D).4d"	"f 5F"	"5"	9	11		
"13151.610"	"13151.5993"	""		"24335.766"	"31937.325"	"3d7.(2P).4s"	"c 3P"	"2"	"3d6.(5D).4s.4p.(3P*)"	"z 3D*"	"1"	5	3		
"13170.310"	"13170.3094"	""		"46889.142"	"54479.902"	"3d6.(3F2).4s.4p.(3P*)"	"x 3F*"	"4"	"3d6.4s.(6D).6s"	"5D"	"4"	9	9		
"13170.572"	"13170.5697"	""		"47092.712"	"54683.322"	"3d6.(3F2).4s.4p.(3P*)"	"x 3F*"	"3"	"3d7.(4F).4d"	"f 3F"	"4"	7	9		
"13176.955"	"13176.9598"	""		"44183.628"	"51770.557"	"3d6.(3P2).4s.4p.(3P*)"	"w 5D*"	"2"	"3d6.(5D).4s (4D).5s"	"g 5D"	"3"	5	7		
"13187.332"	"13187.3384"	""		"44458.934"	"52039.892"	"3d6.(3P2).4s.4p.(3P*)"	"w 5D*"	"0"	"3d6.(5D).4s (4D).5s"	"e 3D"	"1"	1	3		
"13194.510"	"13194.5092"	""		"47106.484"	"54683.322"	"3d6.(3H).4s.4p.(3P*)"	"z 3H*"	"4"	"3d7.(4F).4d"	"f 3F"	"4"	9	9		
"13198.504"	"13198.502"	""		"51016.660"	"58591.206"	"3d6.(5D).4s (6D).5p"	"u 5F*"	"5"	"3d7.(4F).5d"	"5F"	"5"	11	11		
""	"13206.6860"	"1.1e-03"	E	"415.933"	"7985.785"	"3d6.4s2"	"a 5D"	"3"	"3d7.(4F).4s"	"a 5F"	"2"	7	5	E2	
"13209.765"	"13209.763"	""		"49558.734"	"57126.823"	"3d6.(5D).4s (6D).5p"	"n 7D*"	"4"	"3d6.4s.(6D).5d"	"7G"	"5"	9	11		
"13212.53"	"13212.509"	""		"49558.734"	"57125.250"	"3d6.(5D).4s (6D).5p"	"n 7D*"	"4"	"3d6.4s.(6D).5d"	"5F"	"4"	9	9		
"13222.526"	"13222.524"	""		"45608.361"	"53169.146"	"3d6.(3F2).4s.4p.(3P*)"	"x 5G*"	"6"	"3d7.(4F).4d"	"f 5G"	"6"	13	13		
"13222.619"	"13222.6111"	""		"44458.934"	"52019.669"	"3d6.(3P2).4s.4p.(3P*)"	"w 5D*"	"0"	"3d6.(5D).4s (6D).4d"	"e 5P"	"1"	1	3		
"13223.103"	"13223.110"	""		"45833.223"	"53393.673"	"3d6.(3F2).4s.4p.(3P*)"	"x 5G*"	"4"	"3d7.(4F).4d"	"g 5F"	"4"	9	9		
"13230.711"	"13230.706"	""		"49805.257"	"57361.366"	"3d6.(5D).4s (6D).5p"	"n 7D*"	"3"	"3d6.4s.(6D).5d"	"7G"	"3"	7	7		
"13231.674"	"13231.6694"	""		"45726.130"	"53281.689"	"3d6.(3F2).4s.4p.(3P*)"	"x 5G*"	"5"	"3d7.(4F).4d"	"f 5G"	"5"	11	11		
"13244.121"	"13244.1378"	""		"40207.091"	"47755.537"	"3d5.(6S).4s2.4p"	"y 7P*"	"3"	"3d7.(4F).5s"	"e 5F"	"3"	7	7		
"13260.73"	"13260.7286"	""		"40421.938"	"47960.940"	"3d5.(6S).4s2.4p"	"y 7P*"	"4"	"3d7.(4F).5s"	"e 3F"	"4"	9	9		
"13260.73"	"13260.7286"	"9.61e+05"	C+	"43922.668"	"51461.670"	"3d6.(3P2).4s.4p.(3P*)"	"w 5D*"	"3"	"3d6.(5D).4s (6D).4d"	"f 5F"	"4"	7	9		
"13286.813"	"13286.8141"	""		"40231.336"	"47755.537"	"3d6.(5D).4s.4p.(1P*)"	"x 5D*"	"2"	"3d7.(4F).5s"	"e 5F"	"3"	5	7		
""	"13287.294"	"3.19e+06"	D+	"45333.875"	"52857.804"	"3d6.(5D).4s (6D).5s"	"e 5D"	"2"	"3d7.(2D2).4p"	"t 3D*"	"1"	5	3		
"13287.829"	"13287.8295"	"4.00e+03"	C	"23783.619"	"31307.245"	"3d6.4s2"	"b 3G"	"5"	"3d6.(5D).4s.4p.(3P*)"	"z 3F*"	"4"	11	9		
"13289.685"	"13289.686"	""		"49352.341"	"56874.916"	"3d6.(5D).4s (6D).5p"	"n 7D*"	"5"	"3d6.4s.(6D).5d"	"7G"	"6"	11	13		
"13291.786"	"13291.7869"	""		"44183.628"	"51705.014"	"3d6.(3P2).4s.4p.(3P*)"	"w 5D*"	"2"	"3d6.(5D).4s (6D).4d"	"f 5F"	"2"	5	5		
"13302.291"	"13302.292"	""		"51076.628"	"58592.074"	"3d6.(5D).4s (6D).5p"	"t 5D*"	"4"	"3d7.(4F).5d"	"5F"	"4"	9	9		
"13315.738"	"13315.738"	""		"44511.812"	"52019.669"	"3d7.(4P).4p"	"y 5S*"	"2"	"3d6.(5D).4s (6D).4d"	"e 5P"	"1"	5	3		
"13326.029"	"13326.022"	""		"49805.257"	"57307.320"	"3d6.(5D).4s (6D).5p"	"n 7D*"	"3"	"3d6.4s.(6D).5d"	"7F"	"4"	7	9		
"13332.364"	"13332.376"	""		"44551.335"	"52049.823"	"3d6.(3F2).4s.4p.(3P*)"	"w 5F*"	"3"	"3d6.(5D).4s (4D).5s"	"g 5D"	"2"	7	5		
"13346.787"	"13346.786"	""		"49352.341"	"56842.733"	"3d6.(5D).4s (6D).5p"	"n 7D*"	"5"	"3d6.4s.(6D).5d"	"7F"	"5"	11	11		
"13352.176"	"13352.173"	""		"42815.855"	"50303.225"	"3d6.(5D).4s (6D).5s"	"e 7D"	"5"	"3d6.(5D).4s (6D).5p"	"n 7F*"	"4"	11	9		
"13366.770"	"13366.769"	""		"40871.412"	"48350.606"	"3d8"	"3P"	"2"	"3d6.(3G).4s.4p.(3P*)"	"v 5F*"	"1"	5	3		
"13374.715"	"13374.700"	""		"28604.613"	"36079.372"	"3d7.(2D2).4s"	"a 1D"	"2"	"3d7.(4F).4p"	"z 3G*"	"3"	5	7		
"13376.349"	"13376.336"	""		"46901.832"	"54375.677"	"3d6.(3P2).4s.4p.(3P*)"	"y 3P*"	"1"	"3d7.(4F).4d"	"f 5G"	"2"	3	5		
"13384.471"	"13384.466"	""		"24335.766"	"31805.071"	"3d7.(2P).4s"	"c 3P"	"2"	"3d6.(5D).4s.4p.(3P*)"	"z 3F*"	"3"	5	7		
"13385.238"	"13385.230"	""		"47960.940"	"55429.819"	"3d7.(4F).5s"	"e 3F"	"4"	"3d6.(1G2).4s.4p.(3P*)"	"s 3G*"	"5"	9	11		
"13389.418"	"13389.414"	""		"43434.627"	"50901.172"	"3d6.(5D).4s (6D).5s"	"e 7D"	"3"	"3d6.(5D).4s (6D).5p"	"n 7P*"	"2"	7	5		
"13389.847"	"13389.846"	""		"24338.767"	"31805.071"	"3d6.4s2"	"b 3G"	"3"	"3d6.(5D).4s.4p.(3P*)"	"z 3F*"	"3"	7	7		
"13392.102"	"13392.102"	""		"43163.326"	"50628.372"	"3d6.(5D).4s (6D).5s"	"e 7D"	"4"	"3d6.(5D).4s (6D).5p"	"n 7P*"	"3"	9	7		
"13408.488"	"13408.484"	""		"49352.341"	"56808.267"	"3d6.(5D).4s (6D).5p"	"n 7D*"	"5"	"3d7.(4F).6s"	"3F"	"4"	11	9		
"13413.828"	"13413.825"	""		"45608.361"	"53061.318"	"3d6.(3F2).4s.4p.(3P*)"	"x 5G*"	"6"	"3d7.(4F).4d"	"g 5F"	"5"	13	11		
""	"13417.876"	"1.5e-03"	E	"704.007"	"8154.714"	"3d6.4s2"	"a 5D"	"2"	"3d7.(4F).4s"	"a 5F"	"1"	5	3	E2	
"13421.914"	"13421.913"	""		"45833.223"	"53281.689"	"3d6.(3F2).4s.4p.(3P*)"	"x 5G*"	"4"	"3d7.(4F).4d"	"f 5G"	"5"	9	11		
"13431.745"	"13431.741"	""		"45726.130"	"53169.146"	"3d6.(3F2).4s.4p.(3P*)"	"x 5G*"	"5"	"3d7.(4F).4d"	"f 5G"	"6"	11	13		
"13447.920"	"13447.913"	""		"46727.074"	"54161.139"	"3d6.(3P2).4s.4p.(3P*)"	"y 3P*"	"2"	"3d7.(4F).4d"	"f 5G"	"3"	5	7		
"13449.427"	"13449.422"	""		"40871.412"	"48304.643"	"3d8"	"3P"	"2"	"3d7.(4P).4p"	"x 3P*"	"2"	5	5		
"13450.017"	"13450.019"	""		"47377.955"	"54810.856"	"3d7.(4F).5s"	"e 5F"	"4"	"3d6.(3G).4s.4p.(3P*)"	"w 1G*"	"4"	9	9		
"13452.188"	"13452.195"	""		"47693.239"	"55124.938"	"3d6.(3G).4s.4p.(3P*)"	"w 5G*"	"3"	"3d7.(4F).4d"	"f 3F"	"3"	7	7		
"13455.741"	"13455.733"	""		"50008.522"	"57438.267"	"3d6.(5D).4s (6D).5p"	"n 7D*"	"2"	"3d6.4s.(6D).5d"	"7S"	"3"	5	7		
"13457.056"	"13457.055"	""		"45726.130"	"53155.145"	"3d6.(3F2).4s.4p.(3P*)"	"x 5G*"	"5"	"3d7.(4F).4d"	"h 5D"	"4"	11	9		
"13459.212"	"13459.213"	""		"43922.668"	"51350.492"	"3d6.(3P2).4s.4p.(3P*)"	"w 5D*"	"3"	"3d6.(5D).4s (4D).5s"	"g 5D"	"4"	7	9		
"13472.541"	"13472.542"	""		"44183.628"	"51604.103"	"3d6.(3P2).4s.4p.(3P*)"	"w 5D*"	"2"	"3d6.(5D).4s (6D).4d"	"f 5F"	"3"	5	7		
"13474.205"	"13474.204"	""		"44285.454"	"51705.014"	"3d6.(3F2).4s.4p.(3P*)"	"w 5F*"	"2"	"3d6.(5D).4s (6D).4d"	"f 5F"	"2"	5	5		
"13480.393"	"13480.406"	""		"46744.993"	"54161.139"	"3d7.(4P).4p"	"u 5D*"	"3"	"3d7.(4F).4d"	"f 5G"	"3"	7	7		
"13487.507"	"13487.505"	""		"43922.668"	"51334.911"	"3d6.(3P2).4s.4p.(3P*)"	"w 5D*"	"3"	"3d6.(5D).4s (6D).4d"	"e 7G"	"4"	7	9		
"13495.045"	"13495.044"	""		"39969.853"	"47377.955"	"3d6.(5D).4s.4p.(1P*)"	"x 5D*"	"3"	"3d7.(4F).5s"	"e 5F"	"4"	7	9		
"13496.807"	"13496.804"	""		"51350.492"	"58757.628"	"3d6.(5D).4s (4D).5s"	"g 5D"	"4"	"3d6.4s.(4D).5p"	"5F*"	"3"	9	7		
"13499.318"	"13499.310"	""		"51630.001"	"59035.762"	"3d6.(5D).4s (6D).5p"	"t 5D*"	"2"	"3d6.4s.(6D).7s"	"5D"	"2"	5	5		
