# carrier row terms of the last assembly (EXHALE_CARRIER_ROW_TERMS=1)
# every rate is a volumetric rate [cm^-3 s^-1]; the row is transport - (production - loss)
# columns: cell r[R_p] T[K] carrier n_c[cm^-3] x_c diffusive advective production loss photo_loss net_source residual floor scale_net measure_net scale_terms measure_terms
# and for the H2 row, the same production and loss reaction by reaction [cm^-3 s^-1]:
# chan cell R15_3body R9_H2p_H R6_H3p_e R11_H3p_H P_H2_photo LW_photdis R10R13_Hp R12_thermal R14_edis R8_H2p_H2 R17R23_Hep R18_HeHp HeI23S_H2 oxy_prod oxy_loss
# and, for every row, the TWO FACES separately: each term already carries its area and the cell volume, so fdif_in + fdif_out = diffusive and fadv_in + fadv_out = advective.
# face cell carrier fdif_in fdif_out fadv_in fadv_out Frho_in Frho_out
     1  1.0001933E+00  5.05374E+02       H2  1.1323960E+13  8.1722431E-01  8.6030576E+05 -4.0179193E+04  3.4568900E+04  5.8818510E+03  2.5809021E+03  2.8687049E+04  7.9143952E+05  1.7431376E-07  9.2917201E+05  8.5176858E-01  9.4093571E+05  8.4111966E-01
  face     1       H2 -0.0000000E+00  8.6030576E+05 -1.5508901E+06  1.5107109E+06  1.1059563E-07  1.1055289E-07
  chan     1  3.3654964E+04  3.9285847E+01  8.7465028E+02  1.5241310E-09  2.4503241E+03  1.3057804E+02  6.0937227E+02  2.2335209E-27  3.2125821E-36  2.3061286E+03  3.8544779E+02  1.1623356E-04  1.2758015E-04  0.0000000E+00  0.0000000E+00
     2  1.0003866E+00  6.44559E+02       H2  8.7177753E+12  8.1722561E-01  6.1319359E+05  2.2468990E+00  1.3988527E+04  4.6294791E+03  2.0306277E+03  9.3590478E+03  6.0383679E+05  1.5144866E-07  6.2255489E+05  9.6993342E-01  6.3181384E+05  9.5571947E-01
  face     2       H2 -8.5997330E+05  1.4731669E+06 -1.5101271E+06  1.5101294E+06  1.1055289E-07  1.1051017E-07
  chan     2  1.3269397E+04  3.0729076E+01  6.8840121E+02  5.2403405E-06  1.9278914E+03  1.0273623E+02  4.9077256E+02  5.7354986E-18  4.7620680E-26  1.8038968E+03  3.0418068E+02  1.3393365E-03  6.0878591E-05  0.0000000E+00  0.0000000E+00
     3  1.0005800E+00  6.91242E+02       H2  8.0039526E+12  8.1722377E-01  5.6168840E+05 -3.4314287E+00  1.0521197E+04  4.3307034E+03  1.8988497E+03  6.1904934E+03  5.5549448E+05  1.4394307E-07  5.6788233E+05  9.7818589E-01  5.7654374E+05  9.6349062E-01
  face     3       H2 -1.4725977E+06  2.0342861E+06 -1.5095459E+06  1.5095424E+06  1.1051017E-07  1.1046748E-07
  chan     3  9.8484931E+03  2.8691366E+01  6.4401231E+02  3.7052970E-05  1.8030502E+03  9.5799512E+01  4.6250927E+02  1.1140462E-15  1.4672941E-23  1.6841960E+03  2.8514596E+02  2.5175955E-03  4.1916416E-05  0.0000000E+00  0.0000000E+00
     4  1.0007733E+00  7.04960E+02       H2  7.7327388E+12  8.1721892E-01  5.3941170E+05 -6.4178788E+00  9.4406971E+03  4.2588474E+03  1.8663893E+03  5.1818498E+03  5.3422343E+05  1.4042193E-07  5.4459996E+05  9.8094650E-01  5.5311766E+05  9.6584049E-01
  face     4       H2 -2.0335003E+06  2.5729119E+06 -1.5089593E+06  1.5089529E+06  1.1046748E-07  1.1042481E-07
  chan     4  8.7790506E+03  2.8203923E+01  6.3344254E+02  6.1387177E-05  1.7729528E+03  9.3436431E+01  4.5609793E+02  4.4841418E-15  6.8345221E-23  1.6553743E+03  2.8098281E+02  2.9880463E-03  3.8353563E-05  0.0000000E+00  0.0000000E+00
     5  1.0009666E+00  7.08457E+02       H2  7.5827920E+12  8.1721118E-01  5.2556688E+05 -9.3093600E+00  8.9174148E+03  4.2500363E+03  1.8616407E+03  4.6673785E+03  5.2089020E+05  1.3803655E-07  5.3024357E+05  9.8236023E-01  5.3874365E+05  9.6686096E-01
  face     5       H2 -2.5719182E+06  3.0974851E+06 -1.5083701E+06  1.5083608E+06  1.1042481E-07  1.1038216E-07
  chan     5  8.2570374E+03  2.8143952E+01  6.3223341E+02  6.8250433E-05  1.7690635E+03  9.2577154E+01  4.5591906E+02  6.2021269E-15  1.0019775E-22  1.6515226E+03  2.8095073E+02  3.1244123E-03  3.8452814E-05  0.0000000E+00  0.0000000E+00
     6  1.0011599E+00  7.08730E+02       H2  7.4700609E+12  8.1720060E-01  5.1457120E+05 -1.2173131E+01  8.5589335E+03  4.2607024E+03  1.8655655E+03  4.2982311E+03  5.1026080E+05  1.3601173E-07  5.1888161E+05  9.8338579E-01  5.2740301E+05  9.6749694E-01
  face     6       H2 -3.0962890E+06  3.6108602E+06 -1.5077783E+06  1.5077662E+06  1.1038216E-07  1.1033954E-07
  chan     6  7.8968335E+03  2.8215631E+01  6.3388429E+02  6.7180397E-05  1.7731712E+03  9.2394327E+01  4.5767028E+02  6.1912303E-15  1.0323072E-22  1.6552743E+03  2.8218905E+02  3.1430883E-03  3.9686178E-05  0.0000000E+00  0.0000000E+00
     7  1.0013532E+00  7.08125E+02       H2  7.3681189E+12  8.1718720E-01  5.0444175E+05 -1.5045980E+01  8.2518367E+03  4.2766019E+03  1.8718125E+03  3.9752348E+03  5.0045147E+05  1.3410097E-07  5.0843204E+05  9.8430358E-01  5.1698524E+05  9.6801888E-01
  face     7       H2 -3.6094661E+06  4.1139079E+06 -1.5071840E+06  1.5071690E+06  1.1033954E-07  1.1029695E-07
  chan     7  7.5872084E+03  2.8324097E+01  6.3630416E+02  6.3971163E-05  1.7794200E+03  9.2392542E+01  4.5995123E+02  5.6585365E-15  9.6691188E-23  1.6610596E+03  2.8377534E+02  3.1288909E-03  4.1291320E-05  0.0000000E+00  0.0000000E+00
     8  1.0015466E+00  7.07382E+02       H2  7.2689123E+12  8.1717095E-01  4.9450210E+05 -1.7924178E+01  7.9630043E+03  4.2932674E+03  1.8783917E+03  3.6697369E+03  4.9081444E+05  1.3222908E-07  4.9818976E+05  9.8519576E-01  5.0677630E+05  9.6850315E-01
  face     8       H2 -4.1123199E+06  4.6068220E+06 -1.5065872E+06  1.5065693E+06  1.1029695E-07  1.1025438E-07
  chan     8  7.2957277E+03  2.8439632E+01  6.3883687E+02  6.0578734E-05  1.7859733E+03  9.2418448E+01  4.6232068E+02  5.0988984E-15  8.9221630E-23  1.6671326E+03  2.8541926E+02  3.1094522E-03  4.3026677E-05  0.0000000E+00  0.0000000E+00
     9  1.0017399E+00  7.06690E+02       H2  7.1704426E+12  8.1715185E-01  4.8448929E+05 -2.0830557E+01  7.6843177E+03  4.3095415E+03  1.8847883E+03  3.3747762E+03  4.8109368E+05  1.3037736E-07  4.8788490E+05  9.8608030E-01  4.9650398E+05  9.6896239E-01
  face     9       H2 -4.6050441E+06  5.0895334E+06 -1.5059879E+06  1.5059670E+06  1.1025438E-07  1.1021183E-07
  chan     9  7.0144507E+03  2.8554562E+01  6.4131235E+02  5.7455654E-05  1.7923554E+03  9.2432914E+01  4.6466403E+02  4.6178675E-15  8.2801918E-23  1.6730408E+03  2.8704523E+02  3.0918510E-03  4.4827945E-05  0.0000000E+00  0.0000000E+00
    10  1.0019332E+00  7.06086E+02       H2  7.0723563E+12  8.1712987E-01  4.7429782E+05 -2.3754616E+01  7.4141919E+03  4.3251909E+03  1.8908989E+03  3.0890011E+03  4.7118506E+05  1.2854249E-07  4.7741057E+05  9.8695984E-01  4.8606095E+05  9.6939500E-01
  face    10       H2 -5.0875696E+06  5.5618674E+06 -1.5053860E+06  1.5053622E+06  1.1021183E-07  1.1016931E-07
  chan    10  6.7418283E+03  2.8667361E+01  6.4369624E+02  5.4654404E-05  1.7984705E+03  9.2428416E+01  4.6695803E+02  4.2186754E-15  7.7600778E-23  1.6786931E+03  2.8863772E+02  3.0774234E-03  4.6682418E-05  0.0000000E+00  0.0000000E+00
    11  1.0021265E+00  7.05573E+02       H2  6.9746477E+12  8.1710498E-01  4.6389361E+05 -2.6697494E+01  7.1523693E+03  4.3401836E+03  1.8967097E+03  2.8121857E+03  4.6105472E+05  1.2672437E-07  4.6673249E+05  9.8783507E-01  4.7541286E+05  9.6979860E-01
  face    11       H2 -5.5597217E+06  6.0236153E+06 -1.5047815E+06  1.5047548E+06  1.1016931E-07  1.1012681E-07
  chan    11  6.4776076E+03  2.8777849E+01  6.4598381E+02  5.2151202E-05  1.8043054E+03  9.2404263E+01  4.6919935E+02  3.8894043E-15  7.3477350E-23  1.6840771E+03  2.9019439E+02  3.0662816E-03  4.8589163E-05  0.0000000E+00  0.0000000E+00
    12  1.0023198E+00  7.05151E+02       H2  6.8773548E+12  8.1707718E-01  4.5327326E+05 -2.9663206E+01  6.8987463E+03  4.3545149E+03  1.9022191E+03  2.5442314E+03  4.5069936E+05  1.2492327E-07  4.5584715E+05  9.8870720E-01  4.6455618E+05  9.7017192E-01
  face    12       H2 -6.0212920E+06  6.4745652E+06 -1.5041744E+06  1.5041447E+06  1.1012681E-07  1.1008434E-07
  chan    12  6.2216859E+03  2.8886021E+01  6.4817431E+02  4.9916666E-05  1.8098584E+03  9.2360675E+01  4.7138731E+02  3.6189093E-15  7.0291008E-23  1.6891908E+03  2.9171463E+02  3.0583849E-03  5.0548886E-05  0.0000000E+00  0.0000000E+00
    13  1.0025131E+00  7.04820E+02       H2  6.7805093E+12  8.1704642E-01  4.4244505E+05 -3.2640420E+01  6.6531942E+03  4.3681773E+03  1.9074242E+03  2.2850169E+03  4.4012740E+05  1.2313943E-07  4.4476271E+05  9.8957801E-01  4.5349907E+05  9.7051445E-01
  face    13       H2 -6.4720685E+06  6.9145135E+06 -1.5035647E+06  1.5035320E+06  1.1008434E-07  1.1004189E-07
  chan    13  5.9739357E+03  2.8991854E+01  6.5026657E+02  4.7926046E-05  1.8151265E+03  9.2297785E+01  4.7352096E+02  3.3983436E-15  6.7939616E-23  1.6940313E+03  2.9319767E+02  3.0537192E-03  5.2562049E-05  0.0000000E+00  0.0000000E+00
    14  1.0027065E+00  7.04580E+02       H2  6.6841367E+12  8.1701271E-01  4.3142115E+05 -3.5643281E+01  6.4155587E+03  4.3811600E+03  1.9123208E+03  2.0343987E+03  4.2935111E+05  1.2137301E-07  4.3349119E+05  9.9044944E-01  4.4225351E+05  9.7082577E-01
  face    14       H2 -6.9118476E+06  7.3432687E+06 -1.5029523E+06  1.5029167E+06  1.1004189E-07  1.0999947E-07
  chan    14  5.7342044E+03  2.9095300E+01  6.5225896E+02  4.6158782E-05  1.8201052E+03  9.2215618E+01  4.7559897E+02  3.2209592E-15  6.6354138E-23  1.6985946E+03  2.9464248E+02  3.0523006E-03  5.4628765E-05  0.0000000E+00  0.0000000E+00
    15  1.0028998E+00  7.04433E+02       H2  6.5882592E+12  8.1697601E-01  4.2021468E+05 -3.8656614E+01  6.1856753E+03  4.3934509E+03  1.9169040E+03  1.7922244E+03  4.1838380E+05  1.1962415E-07  4.2204556E+05  9.9132378E-01  4.3083246E+05  9.7110556E-01
  face    15       H2 -7.3404380E+06  7.7606527E+06 -1.5023373E+06  1.5022987E+06  1.0999947E-07  1.0995707E-07
  chan    15  5.5023293E+03  2.9196299E+01  6.5414962E+02  4.4597362E-05  1.8247899E+03  9.2114165E+01  4.7761984E+02  3.0814688E-15  6.5492051E-23  1.7028759E+03  2.9604794E+02  3.0541628E-03  5.6748914E-05  0.0000000E+00  0.0000000E+00
    16  1.0030931E+00  7.04379E+02       H2  6.4928985E+12  8.1693631E-01  4.0883900E+05 -4.1682381E+01  5.9633767E+03  4.4050379E+03  1.9211690E+03  1.5583388E+03  4.0723897E+05  1.1789296E-07  4.1043902E+05  9.9220337E-01  4.1924909E+05  9.7135326E-01
  face    16       H2 -7.7576617E+06  8.1665007E+06 -1.5017197E+06  1.5016780E+06  1.0995707E-07  1.0991470E-07
  chan    16  5.2781451E+03  2.9294788E+01  6.5593673E+02  4.3226645E-05  1.8291756E+03  9.1993427E+01  4.7958204E+02  2.9761773E-15  6.5333883E-23  1.7068708E+03  2.9741294E+02  3.0593496E-03  5.8922206E-05  0.0000000E+00  0.0000000E+00
    17  1.0032864E+00  7.04419E+02       H2  6.3980760E+12  8.1689360E-01  3.9730749E+05 -4.4729412E+01  5.7484953E+03  4.4159096E+03  1.9251113E+03  1.3325857E+03  3.9593017E+05  1.1617956E-07  3.9868480E+05  9.9309071E-01  4.0751662E+05  9.7156815E-01
  face    17       H2 -8.1633538E+06  8.5606613E+06 -1.5010993E+06  1.5010546E+06  1.0991470E-07  1.0987235E-07
  chan    17  5.0614860E+03  2.9390707E+01  6.5761854E+02  4.2033503E-05  1.8332579E+03  9.1853427E+01  4.8148409E+02  2.9022280E-15  6.5882001E-23  1.7105747E+03  2.9873637E+02  3.0679124E-03  6.1148212E-05  0.0000000E+00  0.0000000E+00
    18  1.0034797E+00  7.04554E+02       H2  6.3038135E+12  8.1684785E-01  3.8563347E+05 -4.7783587E+01  5.5408647E+03  4.4260553E+03  1.9287267E+03  1.1148094E+03  3.8447088E+05  1.1448405E-07  3.8679607E+05  9.9398860E-01  3.9564818E+05  9.7174940E-01
  face    18       H2 -8.5573633E+06  8.9429967E+06 -1.5004763E+06  1.5004285E+06  1.0987235E-07  1.0983002E-07
  chan    18  4.8521873E+03  2.9483998E+01  6.5919341E+02  4.1006592E-05  1.8370324E+03  9.1694223E+01  4.8332452E+02  2.8576907E-15  6.7160895E-23  1.7139839E+03  3.0001716E+02  3.0799096E-03  6.3426360E-05  0.0000000E+00  0.0000000E+00
    19  1.0036731E+00  7.04785E+02       H2  6.2101328E+12  8.1679906E-01  3.7383027E+05 -5.0851695E+01  5.3403192E+03  4.4354654E+03  1.9320115E+03  9.0485382E+02  3.7287456E+05  1.1280655E-07  3.7478597E+05  9.9489999E-01  3.8365691E+05  9.7189587E-01
  face    19       H2 -8.9395520E+06  9.3133823E+06 -1.4998506E+06  1.4997997E+06  1.0983002E-07  1.0978772E-07
  chan    19  4.6500847E+03  2.9574607E+01  6.6065984E+02  4.0136187E-05  1.8404956E+03  9.1515903E+01  4.8510192E+02  2.8413185E-15  6.9218734E-23  1.7170946E+03  3.0125430E+02  3.0954058E-03  6.5755937E-05  0.0000000E+00  0.0000000E+00
    20  1.0038664E+00  7.05113E+02       H2  6.1170561E+12  8.1674722E-01  3.6191116E+05 -5.3927521E+01  5.1466943E+03  4.4441310E+03  1.9349624E+03  7.0256331E+02  3.6115467E+05  1.1114716E-07  3.6266765E+05  9.9582819E-01  3.7155591E+05  9.7200625E-01
  face    20       H2 -9.3097956E+06  9.6717068E+06 -1.4992222E+06  1.4991682E+06  1.0978772E-07  1.0974544E-07
  chan    20  4.4550153E+03  2.9662481E+01  6.6201649E+02  3.9414049E-05  1.8436438E+03  9.1318592E+01  4.8681495E+02  2.8528978E-15  7.2130191E-23  1.7199037E+03  3.0244683E+02  3.1144726E-03  6.8136084E-05  0.0000000E+00  0.0000000E+00
    21  1.0040597E+00  7.05538E+02       H2  6.0246056E+12  8.1669231E-01  3.4988935E+05 -5.7017499E+01  4.9598267E+03  4.4520445E+03  1.9375767E+03  5.0778215E+02  3.4932455E+05  1.0950599E-07  3.5045415E+05  9.9677676E-01  3.5935824E+05  9.7207887E-01
  face    21       H2 -9.6679828E+06  1.0017872E+07 -1.4985910E+06  1.4985340E+06  1.0974544E-07  1.0970319E-07
  chan    21  4.2668169E+03  2.9747575E+01  6.6326214E+02  3.8833303E-05  1.8464743E+03  9.1102452E+01  4.8846234E+02  2.8929582E-15  7.6000723E-23  1.7224084E+03  3.0359384E+02  3.1371882E-03  7.0565784E-05  0.0000000E+00  0.0000000E+00
    22  1.0042530E+00  7.06061E+02       H2  5.9328036E+12  8.1663432E-01  3.3777801E+05 -6.0108952E+01  4.7795539E+03  4.4591993E+03  1.9398521E+03  3.2035460E+02  3.3739755E+05  1.0788312E-07  3.3815847E+05  9.9774979E-01  3.4707687E+05  9.7211187E-01
  face    22       H2 -1.0014016E+07  1.0351794E+07 -1.4979571E+06  1.4978970E+06  1.0970319E-07  1.0966096E-07
  chan    22  4.0853282E+03  2.9829845E+01  6.6439574E+02  3.8388354E-05  1.8489844E+03  9.0867677E+01  4.9004288E+02  2.9628361E-15  8.0972679E-23  1.7246065E+03  3.0469449E+02  3.1636378E-03  7.3043865E-05  0.0000000E+00  0.0000000E+00
    23  1.0044463E+00  7.06682E+02       H2  5.8416727E+12  8.1657324E-01  3.2559019E+05 -6.3211238E+01  4.6057147E+03  4.4655898E+03  1.9417869E+03  1.4012485E+02  3.2538685E+05  1.0627867E-07  3.2579353E+05  9.9875175E-01  3.3472471E+05  9.7210289E-01
  face    23       H2 -1.0347809E+07  1.0673400E+07 -1.4973205E+06  1.4972572E+06  1.0966096E-07  1.0961876E-07
  chan    23  3.9103890E+03  2.9909253E+01  6.6541644E+02  3.8074798E-05  1.8511724E+03  9.0614501E+01  4.9155545E+02  3.0645645E-15  8.7233624E-23  1.7264963E+03  3.0574800E+02  3.1939134E-03  7.5568989E-05  0.0000000E+00  0.0000000E+00
    24  1.0046397E+00  7.07402E+02       H2  5.7512353E+12  8.1650907E-01  3.1333882E+05 -6.6317005E+01  4.4381490E+03  4.4712120E+03  1.9433797E+03 -3.3062989E+01  3.1330557E+05  1.0469273E-07  3.1343820E+05  9.9957684E-01  3.2231450E+05  9.7204925E-01
  face    24       H2 -1.0669292E+07  1.0982631E+07 -1.4966811E+06  1.4966148E+06  1.0961876E-07  1.0957658E-07
  chan    24  3.7418397E+03  2.9985767E+01  6.6632351E+02  3.7889356E-05  1.8530365E+03  9.0343193E+01  4.9299900E+02  3.2011344E-15  9.5027588E-23  1.7280763E+03  3.0675367E+02  3.2281142E-03  7.8139654E-05  0.0000000E+00  0.0000000E+00
    25  1.0048330E+00  7.08221E+02       H2  5.6615140E+12  8.1644180E-01  3.0103671E+05 -6.9425383E+01  4.2766977E+03  4.4760627E+03  1.9446301E+03 -1.9936500E+02  3.0116665E+05  1.0312537E-07  3.0130550E+05  9.9953917E-01  3.0985890E+05  9.7194773E-01
  face    25       H2 -1.0978406E+07  1.1279442E+07 -1.4960390E+06  1.4959695E+06  1.0957658E-07  1.0953443E-07
  chan    25  3.5795219E+03  3.0059358E+01  6.6711645E+02  3.7829826E-05  1.8545761E+03  9.0054059E+01  4.9437258E+02  3.3772397E-15  1.0467013E-22  1.7293458E+03  3.0771088E+02  3.2663462E-03  8.0754189E-05  0.0000000E+00  0.0000000E+00
    26  1.0050263E+00  7.09139E+02       H2  5.5725313E+12  8.1637142E-01  2.8869649E+05 -7.2538066E+01  4.1212029E+03  4.4801403E+03  1.9455379E+03 -3.5893743E+02  2.8898289E+05  1.0157670E-07  2.8912796E+05  9.9949823E-01  2.9737037E+05  9.7179449E-01
  face    26       H2 -1.1275103E+07  1.1563800E+07 -1.4953941E+06  1.4953215E+06  1.0953443E-07  1.0949230E-07
  chan    26  3.4232779E+03  3.0130006E+01  6.6779494E+02  3.7895035E-05  1.8557905E+03  8.9747439E+01  4.9567534E+02  3.5978348E-15  1.1656837E-22  1.7303046E+03  3.0861907E+02  3.3087225E-03  8.3410757E-05  0.0000000E+00  0.0000000E+00
    27  1.0052196E+00  7.10157E+02       H2  5.4843093E+12  8.1629794E-01  2.7633072E+05 -7.5649207E+01  3.9715076E+03  4.4834444E+03  1.9461037E+03 -5.1193681E+02  2.7676700E+05  1.0004679E-07  2.7691830E+05  9.9945364E-01  2.8486132E+05  9.7158507E-01
  face    27       H2 -1.1559353E+07  1.1835683E+07 -1.4947465E+06  1.4946708E+06  1.0949230E-07  1.0945019E-07
  chan    27  3.2729510E+03  3.0197693E+01  6.6835881E+02  3.8084826E-05  1.8566800E+03  8.9423709E+01  4.9690651E+02  3.8708445E-15  1.3124791E-22  1.7309530E+03  3.0947777E+02  3.3553638E-03  8.6107346E-05  0.0000000E+00  0.0000000E+00
    28  1.0054129E+00  7.11274E+02       H2  5.3968706E+12  8.1622134E-01  2.6395109E+05 -7.8761354E+01  3.8274567E+03  4.4859761E+03  1.9463286E+03 -6.5851938E+02  2.6453084E+05  9.8535714E-08  2.6468837E+05  9.9940487E-01  2.7234328E+05  9.7131401E-01
  face    28       H2 -1.1831132E+07  1.2095083E+07 -1.4940961E+06  1.4940173E+06  1.0945019E-07  1.0940811E-07
  chan    28  3.1283861E+03  3.0262410E+01  6.6880818E+02  3.8399957E-05  1.8572454E+03  8.9083290E+01  4.9806547E+02  4.2045688E-15  1.4938772E-22  1.7312919E+03  3.1028663E+02  3.4063956E-03  8.8841820E-05  0.0000000E+00  0.0000000E+00
    29  1.0056062E+00  7.12491E+02       H2  5.3102355E+12  8.1614164E-01  2.5156875E+05 -8.1869343E+01  3.6888926E+03  4.4877332E+03  1.9462106E+03 -7.9884060E+02  2.5228573E+05  9.7043536E-08  2.5244946E+05  9.9935140E-01  2.5982725E+05  9.7097485E-01
  face    29       H2 -1.2090433E+07  1.2342002E+07 -1.4934429E+06  1.4933611E+06  1.0940811E-07  1.0936605E-07
  chan    29  2.9894252E+03  3.0324146E+01  6.6914313E+02  3.8842493E-05  1.8574874E+03  8.8723179E+01  4.9915154E+02  4.6114350E-15  1.7187278E-22  1.7313222E+03  3.1104528E+02  3.4619603E-03  9.1611699E-05  0.0000000E+00  0.0000000E+00
    30  1.0057996E+00  7.13805E+02       H2  5.2244342E+12  8.1605883E-01  2.3919851E+05 -8.4973269E+01  3.5556797E+03  4.4886407E+03  1.9456692E+03 -9.3296105E+02  2.4004649E+05  9.5570396E-08  2.4021644E+05  9.9929253E-01  2.4732780E+05  9.7056010E-01
  face    30       H2 -1.2337258E+07  1.2576457E+07 -1.4927871E+06  1.4927021E+06  1.0936605E-07  1.0932402E-07
  chan    30  2.8559315E+03  3.0382951E+01  6.6936519E+02  3.9413543E-05  1.8574109E+03  8.8258280E+01  5.0016506E+02  5.1052326E-15  1.9982746E-22  1.7310489E+03  3.1175401E+02  3.5221518E-03  9.4415413E-05  0.0000000E+00  0.0000000E+00
    31  1.0059929E+00  7.15218E+02       H2  5.1394874E+12  8.1597292E-01  2.2685229E+05 -8.8069465E+01  3.4276641E+03  4.4887503E+03  1.9447538E+03 -1.0610863E+03  2.2782531E+05  9.4116349E-08  2.2800145E+05  9.9922747E-01  2.3485677E+05  9.7006062E-01
  face    31       H2 -1.2571624E+07  1.2798476E+07 -1.4921285E+06  1.4920404E+06  1.0932402E-07  1.0928201E-07
  chan    31  2.7277502E+03  3.0438835E+01  6.6947505E+02  4.0116758E-05  1.8570184E+03  8.7735398E+01  5.0110571E+02  5.7039017E-15  2.3474137E-22  1.7304744E+03  3.1241274E+02  3.5871156E-03  9.7250427E-05  0.0000000E+00  0.0000000E+00
    32  1.0061862E+00  7.16727E+02       H2  5.0554127E+12  8.1588391E-01  2.1453897E+05 -9.1160221E+01  3.3046872E+03  4.4881103E+03  1.9435114E+03 -1.1834231E+03  2.1563123E+05  9.2681415E-08  2.1581355E+05  9.9915519E-01  2.2242292E+05  9.6946495E-01
  face    32       H2 -1.2793559E+07  1.3008098E+07 -1.4914671E+06  1.4913759E+06  1.0928201E-07  1.0924002E-07
  chan    32  2.6047222E+03  3.0491796E+01  6.6947320E+02  4.0957378E-05  1.8563119E+03  8.7199445E+01  5.0197304E+02  6.4312309E-15  2.7858103E-22  1.7296008E+03  3.1302128E+02  3.6570213E-03  1.0011373E-04  0.0000000E+00  0.0000000E+00
    33  1.0063795E+00  7.18334E+02       H2  4.9722279E+12  8.1579181E-01  2.0226941E+05 -9.4238165E+01  3.1865947E+03  4.4867265E+03  1.9419452E+03 -1.3001318E+03  2.0347530E+05  9.1265620E-08  2.0366378E+05  9.9907457E-01  2.1003697E+05  9.6875947E-01
  face    33       H2 -1.3003100E+07  1.3205370E+07 -1.4908030E+06  1.4907088E+06  1.0924002E-07  1.0919806E-07
  chan    33  2.4866924E+03  3.0541841E+01  6.6936044E+02  4.1941491E-05  1.8552942E+03  8.6650986E+01  5.0276678E+02  7.3166257E-15  3.3393898E-22  1.7284311E+03  3.1357960E+02  3.7320406E-03  1.0300226E-04  0.0000000E+00  0.0000000E+00
    34  1.0065728E+00  7.20038E+02       H2  4.8899518E+12  8.1569662E-01  1.9005444E+05 -9.7308205E+01  3.0732364E+03  4.4846074E+03  1.9400596E+03 -1.4113710E+03  1.9136850E+05  8.9868989E-08  1.9156312E+05  9.9898406E-01  1.9770959E+05  9.6792726E-01
  face    34       H2 -1.3200298E+07  1.3390352E+07 -1.4901363E+06  1.4900389E+06  1.0919806E-07  1.0915613E-07
  chan    34  2.3735094E+03  3.0588992E+01  6.6913789E+02  4.3076026E-05  1.8539690E+03  8.6090634E+01  5.0348686E+02  8.3972897E-15  4.0424716E-22  1.7269692E+03  3.1408781E+02  3.8123459E-03  1.0591297E-04  0.0000000E+00  0.0000000E+00
    35  1.0067662E+00  7.21838E+02       H2  4.8086022E+12  8.1559838E-01  1.7790440E+05 -1.0035663E+02  2.9644635E+03  4.4817678E+03  1.9378651E+03 -1.5173043E+03  1.7932135E+05  8.8491543E-08  1.7952206E+05  9.9888196E-01  1.8545099E+05  9.6694739E-01
  face    35       H2 -1.3385211E+07  1.3563115E+07 -1.4894668E+06  1.4893664E+06  1.0915613E-07  1.0911422E-07
  chan    35  2.2650233E+03  3.0633274E+01  6.6880688E+02  4.4369033E-05  1.8523406E+03  8.5524425E+01  5.0413335E+02  9.7205498E-15  4.9407637E-22  1.7252192E+03  3.1454613E+02  3.8981164E-03  1.0884269E-04  0.0000000E+00  0.0000000E+00
    36  1.0069595E+00  7.23733E+02       H2  4.7281966E+12  8.1549707E-01  1.6582940E+05 -1.0339413E+02  2.8601300E+03  4.4782175E+03  1.9353658E+03 -1.6180875E+03  1.6734409E+05  8.7133297E-08  1.6755088E+05  9.9876582E-01  1.7327114E+05  9.6579322E-01
  face    36       H2 -1.3557908E+07  1.3723737E+07 -1.4887946E+06  1.4886912E+06  1.0911422E-07  1.0907233E-07
  chan    36  2.1610863E+03  3.0674722E+01  6.6836894E+02  4.5829610E-05  1.8504140E+03  8.4951729E+01  5.0470644E+02  1.1346706E-14  6.0953785E-22  1.7231863E+03  3.1495488E+02  3.9895350E-03  1.1178823E-04  0.0000000E+00  0.0000000E+00
    37  1.0071528E+00  7.25722E+02       H2  4.6487524E+12  8.1539273E-01  1.5383910E+05 -1.0641137E+02  2.7600924E+03  4.4739672E+03  1.9325661E+03 -1.7138748E+03  1.5544656E+05  8.5794261E-08  1.5565938E+05  9.9863277E-01  1.6117957E+05  9.6443093E-01
  face    37       H2 -1.3718469E+07  1.3872308E+07 -1.4881198E+06  1.4880134E+06  1.0907233E-07  1.0903046E-07
  chan    37  2.0615531E+03  3.0713379E+01  6.6782587E+02  4.7467953E-05  1.8481948E+03  8.4371295E+01  5.0520649E+02  1.3352805E-14  7.5883766E-22  1.7208759E+03  3.1531451E+02  4.0867876E-03  1.1474642E-04  0.0000000E+00  0.0000000E+00
    38  1.0073461E+00  7.27803E+02       H2  4.5702859E+12  8.1528537E-01  1.4194275E+05 -1.0940819E+02  2.6642087E+03  4.4690309E+03  1.9294729E+03 -1.8048222E+03  1.4363817E+05  8.4474436E-08  1.4385698E+05  9.9847893E-01  1.4918540E+05  9.6281651E-01
  face    38       H2 -1.3866984E+07  1.4008927E+07 -1.4874423E+06  1.4873329E+06  1.0903046E-07  1.0898862E-07
  chan    38  1.9662798E+03  3.0749292E+01  6.6717961E+02  4.9295502E-05  1.8456890E+03  8.3783911E+01  5.0563397E+02  1.5837641E-14  9.5304594E-22  1.7182942E+03  3.1562554E+02  4.1900654E-03  1.1771404E-04  0.0000000E+00  0.0000000E+00
    39  1.0075394E+00  7.29977E+02       H2  4.4928123E+12  8.1517501E-01  1.3014926E+05 -1.1238128E+02  2.5723389E+03  4.4634233E+03  1.9260935E+03 -1.8910844E+03  1.3192796E+05  8.3173814E-08  1.3215273E+05  9.9829922E-01  1.3729740E+05  9.6089190E-01
  face    39       H2 -1.4003552E+07  1.4133701E+07 -1.4867622E+06  1.4866498E+06  1.0898862E-07  1.0894681E-07
  chan    39  1.8751241E+03  3.0782513E+01  6.6643226E+02  5.1325021E-05  1.8429031E+03  8.3190359E+01  5.0598945E+02  1.8928297E-14  1.2071599E-21  1.7154474E+03  3.1588858E+02  4.2995652E-03  1.2068790E-04  0.0000000E+00  0.0000000E+00
    40  1.0077328E+00  7.32240E+02       H2  4.4163460E+12  8.1506168E-01  1.1846712E+05 -1.1532601E+02  2.4843448E+03  4.4571604E+03  1.9224354E+03 -1.9728157E+03  1.2032461E+05  8.1892375E-08  1.2055526E+05  9.9808675E-01  1.2552395E+05  9.5857889E-01
  face    40       H2 -1.4128279E+07  1.4246746E+07 -1.4860795E+06  1.4859641E+06  1.0894681E-07  1.0890502E-07
  chan    40  1.7879455E+03  3.0813098E+01  6.6558606E+02  5.3570679E-05  1.8398440E+03  8.2591417E+01  5.0627359E+02  2.2788713E-14  1.5415787E-21  1.7123425E+03  3.1610432E+02  4.4154886E-03  1.2366478E-04  0.0000000E+00  0.0000000E+00
    41  1.0079261E+00  7.34592E+02       H2  4.3409002E+12  8.1494540E-01  1.0690448E+05 -1.1824637E+02  2.4000899E+03  4.4502587E+03  1.9185067E+03 -2.0501688E+03  1.0883640E+05  8.0630088E-08  1.0907289E+05  9.9783179E-01  1.1387307E+05  9.5576942E-01
  face    41       H2 -1.4241281E+07  1.4348186E+07 -1.4853942E+06  1.4852759E+06  1.0890502E-07  1.0886325E-07
  chan    41  1.7046054E+03  3.0841106E+01  6.6464337E+02  5.6048132E-05  1.8365189E+03  8.1987851E+01  5.0648714E+02  2.7630992E-14  1.9841566E-21  1.7089866E+03  3.1627352E+02  4.5380425E-03  1.2664152E-04  0.0000000E+00  0.0000000E+00
    42  1.0081194E+00  7.37031E+02       H2  4.2664868E+12  8.1482619E-01  9.5469059E+04 -1.2113090E+02  2.3194401E+03  4.4427356E+03  1.9143157E+03 -2.1232954E+03  9.7471223E+04  7.9386910E-08  9.7713485E+04  9.9752069E-01  1.0235237E+05  9.5231041E-01
  face    42       H2 -1.4342683E+07  1.4438152E+07 -1.4847063E+06  1.4845851E+06  1.0886325E-07  1.0882150E-07
  chan    42  1.6249668E+03  3.0866599E+01  6.6360667E+02  5.8774619E-05  1.8329353E+03  8.1380417E+01  5.0663093E+02  3.3730303E-14  2.5730668E-21  1.7053871E+03  3.1639700E+02  4.6674384E-03  1.2961501E-04  0.0000000E+00  0.0000000E+00
    43  1.0083127E+00  7.39555E+02       H2  4.1931165E+12  8.1470410E-01  8.4168242E+04 -1.2398522E+02  2.2422634E+03  4.4346090E+03  1.9098710E+03 -2.1923456E+03  8.6236603E+04  7.8162783E-08  8.6484573E+04  9.9713278E-01  9.0969100E+04  9.4797687E-01
  face    43       H2 -1.4432614E+07  1.4516782E+07 -1.4840157E+06  1.4838917E+06  1.0882150E-07  1.0877979E-07
  chan    43  1.5488952E+03  3.0889641E+01  6.6247854E+02  6.1769057E-05  1.8291011E+03  8.0769852E+01  5.0670588E+02  4.1438665E-14  3.3608053E-21  1.7015516E+03  3.1647565E+02  4.8038919E-03  1.3258220E-04  0.0000000E+00  0.0000000E+00
    44  1.0085060E+00  7.42164E+02       H2  4.1207989E+12  8.1457916E-01  7.3008948E+04 -1.2680045E+02  2.1684299E+03  4.4258975E+03  1.9051811E+03 -2.2574676E+03  7.5139615E+04  7.6957614E-08  7.5393216E+04  9.9663629E-01  7.9730076E+04  9.4242498E-01
  face    44       H2 -1.4511208E+07  1.4584217E+07 -1.4833219E+06  1.4831951E+06  1.0877979E-07  1.0873809E-07
  chan    44  1.4762579E+03  3.0910298E+01  6.6126161E+02  6.5052176E-05  1.8250242E+03  8.0156876E+01  5.0671294E+02  5.1225018E-14  4.4198065E-21  1.6974880E+03  3.1651039E+02  4.9476234E-03  1.3554014E-04  0.0000000E+00  0.0000000E+00
    45  1.0086993E+00  7.44854E+02       H2  4.0495423E+12  8.1445139E-01  6.1997681E+04 -1.2957676E+02  2.0978125E+03  4.4166204E+03  1.9002553E+03 -2.3188079E+03  6.4186912E+04  7.5771224E-08  6.4446065E+04  9.9597875E-01  6.8641690E+04  9.3510098E-01
  face    45       H2 -1.4578591E+07  1.4640588E+07 -1.4826230E+06  1.4824934E+06  1.0873809E-07  1.0869642E-07
  chan    45  1.4069252E+03  3.0928640E+01  6.5995864E+02  6.8646524E-05  1.8207131E+03  7.9542195E+01  5.0665318E+02  6.3697599E-14  5.8502946E-21  1.6932045E+03  3.1650223E+02  5.0988554E-03  1.3848603E-04  0.0000000E+00  0.0000000E+00
    46  1.0088927E+00  7.47624E+02       H2  3.9793524E+12  8.1432085E-01  5.1140013E+04 -1.3230772E+02  2.0302849E+03  4.4067958E+03  1.8951020E+03 -2.3765109E+03  5.3384216E+04  7.4603097E-08  5.3648831E+04  9.9506764E-01  5.7709401E+04  9.2505233E-01
  face    46       H2 -1.4634831E+07  1.4685971E+07 -1.4819104E+06  1.4817781E+06  1.0869642E-07  1.0865477E-07
  chan    46  1.3407679E+03  3.0944726E+01  6.5857228E+02  7.2577183E-05  1.8161755E+03  7.8926459E+01  5.0652757E+02  7.9639476E-14  7.7915213E-21  1.6887088E+03  3.1645213E+02  5.2578257E-03  1.4141695E-04  0.0000000E+00  0.0000000E+00
    47  1.0090860E+00  7.50472E+02       H2  3.9102370E+12  8.1418757E-01  4.0440520E+04 -1.3499608E+02  1.9657286E+03  4.3964473E+03  1.8897320E+03 -2.4307187E+03  4.2736242E+04  7.3451513E-08  4.3006234E+04  9.9372202E-01  4.6937692E+04  9.1048880E-01
  face    47       H2 -1.4679754E+07  1.4720194E+07 -1.4811508E+06  1.4810158E+06  1.0865477E-07  1.0861314E-07
  chan    47  1.2776640E+03  3.0958653E+01  6.5710588E+02  7.6869643E-05  1.8114216E+03  7.8310403E+01  5.0633766E+02  1.0009723E-13  1.0436647E-20  1.6840106E+03  3.1636143E+02  5.4247358E-03  1.4433105E-04  0.0000000E+00  0.0000000E+00
    48  1.0092793E+00  7.53396E+02       H2  3.8421949E+12  8.1405160E-01  2.9900351E+04 -1.3762197E+02  1.9040182E+03  4.3855931E+03  1.8841539E+03 -2.4815750E+03  3.2244304E+04  7.2309843E-08  3.2519547E+04  9.9153605E-01  3.6327584E+04  8.8759835E-01
  face    48       H2 -1.4712187E+07  1.4742087E+07 -1.4802101E+06  1.4800725E+06  1.0861314E-07  1.0857153E-07
  chan    48  1.2174855E+03  3.0970483E+01  6.5556210E+02  8.1554225E-05  1.8064593E+03  7.7694583E+01  5.0608453E+02  1.2642810E-13  1.4056145E-20  1.6791178E+03  3.1623119E+02  5.5998539E-03  1.4722568E-04  0.0000000E+00  0.0000000E+00
    49  1.0094727E+00  7.56397E+02       H2  3.7752098E+12  8.1391295E-01  1.9515661E+04 -1.4016664E+02  1.8450193E+03  4.3742503E+03  1.8783754E+03 -2.5292310E+03  2.1904725E+04  7.1152343E-08  2.2185059E+04  9.8736387E-01  2.5875097E+04  8.4655625E-01
  face    49       H2 -1.4726959E+07  1.4746474E+07 -1.4785535E+06  1.4784133E+06  1.0857153E-07  1.0852992E-07
  chan    49  1.1600956E+03  3.0980277E+01  6.5394339E+02  8.6667279E-05  1.8012960E+03  7.7079384E+01  5.0576932E+02  1.6045619E-13  1.9031300E-20  1.6740372E+03  3.1606249E+02  5.7835435E-03  1.5009809E-04  0.0000000E+00  0.0000000E+00
    50  1.0096663E+00  7.59480E+02       H2  3.7092120E+12  8.1377156E-01  9.2786313E+03 -1.4257873E+02  1.7885551E+03  4.3624305E+03  1.8724009E+03 -2.5738753E+03  1.1709928E+04  6.9878515E-08  1.1995085E+04  9.7622714E-01  1.5572196E+04  7.5197667E-01
  face    50       H2 -1.4702982E+07  1.4712261E+07 -1.4740526E+06  1.4739100E+06  1.0852992E-07  1.0848823E-07
  chan    50  1.1053154E+03  3.0988110E+01  6.5225149E+02  9.2261956E-05  1.7959362E+03  7.6464633E+01  5.0539344E+02  2.0467598E-13  2.5912905E-20  1.6687733E+03  3.1585667E+02  5.9765304E-03  1.5294485E-04  0.0000000E+00  0.0000000E+00
    51  1.0098607E+00  7.62657E+02       H2  3.6439869E+12  8.1362704E-01 -7.3442173E+02 -1.4495901E+02  1.7343448E+03  4.3501294E+03  1.8662261E+03 -2.6157846E+03  1.7364039E+03  6.8246844E-08  3.4951654E+03  4.9680164E-01  6.9638549E+03  2.4934521E-01
  face    51       H2 -1.4588206E+07  1.4587472E+07 -1.4614808E+06  1.4613358E+06  1.0848823E-07  1.0844622E-07
  chan    51  1.0528646E+03  3.0994163E+01  6.5048591E+02  9.8413631E-05  1.7903771E+03  7.5848935E+01  5.0495886E+02  2.6265104E-13  3.5520228E-20  1.6633226E+03  3.1561554E+02  6.1801007E-03  1.5577008E-04  0.0000000E+00  0.0000000E+00
    52  1.0100574E+00  7.65932E+02       H2  3.5791360E+12  8.1347822E-01 -1.0259927E+04 -1.4757929E+02  1.6820073E+03  4.3372558E+03  1.8598072E+03 -2.6552486E+03 -7.7522576E+03  6.6200062E-08  1.3062755E+04  5.9346269E-01  1.6426769E+04  4.7192832E-01
  face    52       H2 -1.4368308E+07  1.4358048E+07 -1.4393798E+06  1.4392322E+06  1.0844622E-07  1.0840361E-07
  chan    52  1.0023754E+03  3.0998508E+01  6.4863327E+02  1.0516526E-04  1.7845780E+03  7.5229202E+01  5.0445984E+02  3.3904593E-13  4.9033610E-20  1.6576461E+03  3.1533612E+02  6.3949498E-03  1.5860926E-04  0.0000000E+00  0.0000000E+00
    53  1.0102576E+00  7.69325E+02       H2  3.5143465E+12  8.1332423E-01 -1.9123361E+04 -1.5016415E+02  1.6312391E+03  4.3236990E+03  1.8530935E+03 -2.6924598E+03 -1.6581065E+04  6.4027255E-08  2.1965985E+04  7.5485189E-01  2.5228463E+04  6.5723644E-01
  face    53       H2 -1.4104357E+07  1.4085234E+07 -1.4138025E+06  1.4136523E+06  1.0840361E-07  1.0836028E-07
  chan    53  9.5356099E+02  3.1000872E+01  6.4667715E+02  1.1261508E-04  1.7784913E+03  7.4602144E+01  5.0388706E+02  4.4082437E-13  6.8267812E-20  1.6516985E+03  3.1501311E+02  6.6227306E-03  1.6147406E-04  0.0000000E+00  0.0000000E+00
    54  1.0104613E+00  7.72856E+02       H2  3.4495677E+12  8.1316492E-01 -2.7339976E+04 -1.5255830E+02  1.5819479E+03  4.3094329E+03  1.8460735E+03 -2.7274850E+03 -2.4765049E+04  6.1910037E-08  3.0220019E+04  8.1949151E-01  3.3383915E+04  7.4182580E-01
  face    54       H2 -1.3836267E+07  1.3808927E+07 -1.3886650E+06  1.3885124E+06  1.0836028E-07  1.0831621E-07
  chan    54  9.0633309E+02  3.1001062E+01  6.4461360E+02  1.2091342E-04  1.7721067E+03  7.3966849E+01  5.0323743E+02  5.7816277E-13  9.6026833E-20  1.6454697E+03  3.1464521E+02  6.8656615E-03  1.6434551E-04  0.0000000E+00  0.0000000E+00
    55  1.0106686E+00  7.76526E+02       H2  3.3848421E+12  8.1300020E-01 -3.4936329E+04 -1.5497003E+02  1.5341376E+03  4.2944570E+03  1.8387482E+03 -2.7603193E+03 -3.2330980E+04  5.9847626E-08  3.7851618E+04  8.5415053E-01  4.0919894E+04  7.9010420E-01
  face    55       H2 -1.3564750E+07  1.3529814E+07 -1.3639599E+06  1.3638050E+06  1.0831621E-07  1.0827140E-07
  chan    55  8.6069613E+02  3.0999080E+01  6.4244229E+02  1.3016290E-04  1.7654243E+03  7.3323948E+01  5.0250928E+02  7.6478502E-13  1.3644658E-19  1.6389601E+03  3.1423204E+02  7.1246796E-03  1.6722143E-04  0.0000000E+00  0.0000000E+00
    56  1.0108795E+00  7.80339E+02       H2  3.3202125E+12  8.1282991E-01 -4.1938901E+04 -1.5737176E+02  1.4878089E+03  4.2787720E+03  1.8311190E+03 -2.7909631E+03 -3.9305309E+04  5.7839239E-08  4.4887235E+04  8.7564558E-01  4.7862853E+04  8.2120698E-01
  face    56       H2 -1.3290477E+07  1.3248538E+07 -1.3396798E+06  1.3395224E+06  1.0827140E-07  1.0822583E-07
  chan    56  8.1665080E+02  3.0994938E+01  6.4016305E+02  1.4047944E-04  1.7584449E+03  7.2674094E+01  5.0170098E+02  1.0202341E-12  1.9581906E-19  1.6321711E+03  3.1377331E+02  7.4007743E-03  1.7009981E-04  0.0000000E+00  0.0000000E+00
    57  1.0110942E+00  7.84294E+02       H2  3.2557214E+12  8.1265392E-01 -4.8373482E+04 -1.5976359E+02  1.4429584E+03  4.2623794E+03  1.8231879E+03 -2.8194210E+03 -4.5713825E+04  5.5884082E-08  5.1352666E+04  8.9019379E-01  5.4238583E+04  8.4282851E-01
  face    57       H2 -1.3014083E+07  1.2965710E+07 -1.3158173E+06  1.3156575E+06  1.0822583E-07  1.0817948E-07
  chan    57  7.7419380E+02  3.0988651E+01  6.3777584E+02  1.5199430E-04  1.7511700E+03  7.2017949E+01  5.0081089E+02  1.3723218E-12  2.8378619E-19  1.6251040E+03  3.1326876E+02  7.6949943E-03  1.7297868E-04  0.0000000E+00  0.0000000E+00
    58  1.0113126E+00  7.88396E+02       H2  3.1914114E+12  8.1247211E-01 -5.4264705E+04 -1.6214854E+02  1.3995796E+03  4.2452821E+03  1.8149574E+03 -2.8457026E+03 -5.1581151E+04  5.3981362E-08  5.7272556E+04  9.0062596E-01  6.0071715E+04  8.5865953E-01
  face    58       H2 -1.2736166E+07  1.2681901E+07 -1.2923652E+06  1.2922030E+06  1.0817948E-07  1.0813235E-07
  chan    58  7.3331838E+02  3.0980246E+01  6.3528080E+02  1.6485561E-04  1.7436012E+03  7.1356197E+01  4.9983742E+02  1.8609066E-12  4.1522353E-19  1.6177608E+03  3.1271826E+02  8.0084414E-03  1.7585634E-04  0.0000000E+00  0.0000000E+00
    59  1.0115349E+00  7.92643E+02       H2  3.1273266E+12  8.1228431E-01 -5.9638283E+04 -1.6452465E+02  1.3576640E+03  4.2274865E+03  1.8064316E+03 -2.8698225E+03 -5.6932985E+04  5.2130288E-08  6.2672630E+04  9.0841863E-01  6.5387958E+04  8.7069526E-01
  face    59       H2 -1.2457288E+07  1.2397650E+07 -1.2693164E+06  1.2691519E+06  1.0813235E-07  1.0808443E-07
  chan    59  6.9401546E+02  3.0969772E+01  6.3267855E+02  1.7922853E-04  1.7357421E+03  7.0689580E+01  4.9877923E+02  2.5433275E-12  6.1321490E-19  1.6101452E+03  3.1212191E+02  8.3422429E-03  1.7873188E-04  0.0000000E+00  0.0000000E+00
    60  1.0117610E+00  7.97037E+02       H2  3.0635105E+12  8.1209040E-01 -6.4512516E+04 -1.6689740E+02  1.3171994E+03  4.2089995E+03  1.7976150E+03 -2.8918002E+03 -6.1787613E+04  5.0330065E-08  6.7571214E+04  9.1440733E-01  7.0205612E+04  8.8009507E-01
  face    60       H2 -1.2177978E+07  1.2113466E+07 -1.2466640E+06  1.2464971E+06  1.0808443E-07  1.0803569E-07
  chan    60  6.5627207E+02  3.0957284E+01  6.2996983E+02  1.9529933E-04  1.7275962E+03  7.0018846E+01  4.9763497E+02  3.5025293E-12  9.1382284E-19  1.6022608E+03  3.1147989E+02  8.6975838E-03  1.8160457E-04  0.0000000E+00  0.0000000E+00
    61  1.0119912E+00  8.01577E+02       H2  3.0000167E+12  8.1189020E-01 -6.8914755E+04 -1.6926376E+02  1.2781808E+03  4.1898450E+03  1.7885193E+03 -2.9116642E+03 -6.6172355E+04  4.8579976E-08  7.1995683E+04  9.1911559E-01  7.4552045E+04  8.8759946E-01
  face    61       H2 -1.1898738E+07  1.1829823E+07 -1.2244011E+06  1.2242319E+06  1.0803569E-07  1.0798613E-07
  chan    61  6.2007977E+02  3.0942959E+01  6.2715781E+02  2.1325995E-04  1.7191742E+03  6.9345065E+01  4.9640508E+02  4.8579203E-12  1.3733801E-18  1.5941178E+03  3.1079358E+02  9.0754596E-03  1.8447804E-04  0.0000000E+00  0.0000000E+00
    62  1.0122254E+00  8.06256E+02       H2  2.9369065E+12  8.1168357E-01 -7.2877537E+04 -1.7162615E+02  1.2406067E+03  4.1700609E+03  1.7791622E+03 -2.9294542E+03 -7.0119709E+04  4.6879359E-08  7.5978617E+04  9.2288740E-01  7.8459831E+04  8.9370202E-01
  face    62       H2 -1.1620031E+07  1.1547153E+07 -1.2025211E+06  1.2023495E+06  1.0798613E-07  1.0793573E-07
  chan    62  5.8543158E+02  3.0927084E+01  6.2424782E+02  2.3330520E-04  1.7104926E+03  6.8669567E+01  4.9509155E+02  6.7811670E-12  2.0799750E-18  1.5857321E+03  3.1006546E+02  9.4766596E-03  1.8736003E-04  0.0000000E+00  0.0000000E+00
    63  1.0124637E+00  8.11078E+02       H2  2.8742128E+12  8.1147035E-01 -7.6419941E+04 -1.7398179E+02  1.2044457E+03  4.1496482E+03  1.7695457E+03 -2.9452025E+03 -7.3648720E+04  4.5227311E-08  7.9539125E+04  9.2594330E-01  8.1948017E+04  8.9872487E-01
  face    63       H2 -1.1342283E+07  1.1265863E+07 -1.1810173E+06  1.1808433E+06  1.0793573E-07  1.0788449E-07
  chan    63  5.5229621E+02  3.0909668E+01  6.2123957E+02  2.5569647E-04  1.7015528E+03  6.7992878E+01  4.9369194E+02  9.5247933E-12  3.1738458E-18  1.5771052E+03  3.0929530E+02  9.9025966E-03  1.9024906E-04  0.0000000E+00  0.0000000E+00
    64  1.0127062E+00  8.16044E+02       H2  2.8119654E+12  8.1125037E-01 -7.9561984E+04 -1.7633777E+02  1.1696624E+03  4.1286048E+03  1.7596707E+03 -2.9589424E+03 -7.6779379E+04  4.3622914E-08  8.2697264E+04  9.2843917E-01  8.5036589E+04  9.0289816E-01
  face    64       H2 -1.1065893E+07  1.0986331E+07 -1.1598832E+06  1.1597069E+06  1.0788449E-07  1.0783238E-07
  chan    64  5.2063905E+02  3.0890699E+01  6.1813235E+02  2.8073431E-04  1.6923552E+03  6.7315452E+01  4.9220329E+02  1.3460304E-11  4.8788168E-18  1.5682376E+03  3.0848264E+02  1.0354820E-02  1.9314272E-04  0.0000000E+00  0.0000000E+00
    65  1.0129530E+00  8.21157E+02       H2  2.7501953E+12  8.1102346E-01 -8.2324074E+04 -1.7869014E+02  1.1362215E+03  4.1069315E+03  1.7495392E+03 -2.9707100E+03 -7.9532054E+04  4.2065262E-08  8.5473474E+04  9.3048814E-01  8.7745917E+04  9.0639037E-01
  face    65       H2 -1.0791234E+07  1.0708910E+07 -1.1391125E+06  1.1389338E+06  1.0783238E-07  1.0777939E-07
  chan    65  4.9042521E+02  3.0870188E+01  6.1492582E+02  3.0875579E-04  1.6829014E+03  6.6637796E+01  4.9062277E+02  1.9136577E-11  7.5537533E-18  1.5591313E+03  3.0762727E+02  1.0834924E-02  1.9603929E-04  0.0000000E+00  0.0000000E+00
    66  1.0132041E+00  8.26418E+02       H2  2.6889343E+12  8.1078944E-01 -8.4726613E+04 -1.8104552E+02  1.1040880E+03  4.0846325E+03  1.7391549E+03 -2.9805445E+03 -8.1927114E+04  4.0553465E-08  8.7888203E+04  9.3217419E-01  9.0096379E+04  9.0932749E-01
  face    66       H2 -1.0518649E+07  1.0433923E+07 -1.1186989E+06  1.1185178E+06  1.0777939E-07  1.0772551E-07
  chan    66  4.6161943E+02  3.0848167E+01  6.1162009E+02  3.4013782E-04  1.6731944E+03  6.5960463E+01  4.8894772E+02  2.7363003E-11  1.1776779E-17  1.5497892E+03  3.0672919E+02  1.1344537E-02  1.9893783E-04  0.0000000E+00  0.0000000E+00
    67  1.0134596E+00  8.31830E+02       H2  2.6282145E+12  8.1054813E-01 -8.6789685E+04 -1.8339878E+02  1.0732263E+03  4.0617140E+03  1.7285223E+03 -2.9884877E+03 -8.3984596E+04  3.9086642E-08  8.9961571E+04  9.3356079E-01  9.2108024E+04  9.1180542E-01
  face    67       H2 -1.0248460E+07  1.0161671E+07 -1.0986362E+06  1.0984528E+06  1.0772551E-07  1.0767073E-07
  chan    67  4.3418570E+02  3.0824688E+01  6.0821557E+02  3.7530191E-04  1.6632383E+03  6.5284036E+01  4.8717552E+02  3.9341435E-11  1.8483467E-17  1.5402155E+03  3.0578862E+02  1.1885326E-02  2.0183800E-04  0.0000000E+00  0.0000000E+00
    68  1.0137196E+00  8.37391E+02       H2  2.5680678E+12  8.1029935E-01 -8.8533168E+04 -1.8575521E+02  1.0436002E+03  4.0381844E+03  1.7176471E+03 -2.9945842E+03 -8.5724339E+04  3.7663915E-08  9.1713507E+04  9.3469699E-01  9.3800707E+04  9.1389864E-01
  face    68       H2 -9.9809601E+06  9.8924269E+06 -1.0789183E+06  1.0787326E+06  1.0767073E-07  1.0761502E-07
  chan    68  4.0808702E+02  3.0799816E+01  6.0471291E+02  4.1471953E-04  1.6530380E+03  6.4609116E+01  4.8530354E+02  5.6861955E-11  2.9194286E-17  1.5304151E+03  3.0480593E+02  1.2459002E-02  2.0474000E-04  0.0000000E+00  0.0000000E+00
    69  1.0139842E+00  8.43103E+02       H2  2.5085252E+12  8.1004290E-01 -8.9975516E+04 -1.8811440E+02  1.0151725E+03  4.0140533E+03  1.7065357E+03 -2.9988808E+03 -8.7164750E+04  3.6284411E-08  9.3162511E+04  9.3562044E-01  9.5192856E+04  9.1566482E-01
  face    69       H2 -9.7164182E+06  9.6264426E+06 -1.0595394E+06  1.0593513E+06  1.0761502E-07  1.0755838E-07
  chan    69  3.8328545E+02  3.0773631E+01  6.0111296E+02  4.5891727E-04  1.6425993E+03  6.3936310E+01  4.8332907E+02  8.2590023E-11  4.6389724E-17  1.5203937E+03  3.0378162E+02  1.3067317E-02  2.0764451E-04  0.0000000E+00  0.0000000E+00
    70  1.0142534E+00  8.48967E+02       H2  2.4496171E+12  8.0977858E-01 -9.1137948E+04 -1.9047827E+02  9.8790515E+02  3.9893313E+03  1.6951946E+03 -3.0014262E+03 -8.8327000E+04  3.4947254E-08  9.4329852E+04  9.3636317E-01  9.6305662E+04  9.1715271E-01
  face    70       H2 -9.4550809E+06  9.3639430E+06 -1.0404936E+06  1.0403031E+06  1.0755838E-07  1.0750079E-07
  chan    70  3.5974184E+02  3.0746220E+01  5.9741659E+02  5.0848445E-04  1.6319284E+03  6.3266217E+01  4.8124923E+02  1.2051540E-10  7.4131413E-17  1.5101573E+03  3.0271626E+02  1.3712078E-02  2.1055240E-04  0.0000000E+00  0.0000000E+00
    71  1.0145274E+00  8.54981E+02       H2  2.3913737E+12  8.0950618E-01 -9.2036395E+04 -1.9284558E+02  9.6176040E+02  3.9640045E+03  1.6836044E+03 -3.0022441E+03 -8.9226997E+04  3.3651581E-08  9.5231485E+04  9.3694850E-01  9.7155006E+04  9.1839835E-01
  face    71       H2 -9.1971695E+06  9.1051331E+06 -1.0217751E+06  1.0215823E+06  1.0750079E-07  1.0744224E-07
  chan    71  3.3741698E+02  3.0717697E+01  5.9362516E+02  5.6407076E-04  1.6210328E+03  6.2571563E+01  4.7906124E+02  1.7661767E-10  1.1908595E-16  1.4997135E+03  3.0161074E+02  1.4395071E-02  2.1346565E-04  0.0000000E+00  0.0000000E+00
    72  1.0148062E+00  8.61145E+02       H2  2.3338259E+12  8.0922551E-01 -9.2685319E+04 -1.9521684E+02  9.3670094E+02  3.9380678E+03  1.6717523E+03 -3.0013668E+03 -8.9879169E+04  3.2396540E-08  9.5881903E+04  9.3739451E-01  9.7755305E+04  9.1943010E-01
  face    72       H2 -8.9428855E+06  8.8502002E+06 -1.0033783E+06  1.0031831E+06  1.0744224E-07  1.0738270E-07
  chan    72  3.1627158E+02  3.0688209E+01  5.8974052E+02  6.2638807E-04  1.6099219E+03  6.1830427E+01  4.7676250E+02  2.5981638E-10  1.9221703E-16  1.4890713E+03  3.0046625E+02  1.5118036E-02  2.1638743E-04  0.0000000E+00  0.0000000E+00
    73  1.0150899E+00  8.67458E+02       H2  2.2769996E+12  8.0893633E-01 -9.3104589E+04 -1.9759478E+02  9.1268616E+02  3.9115843E+03  1.6596969E+03 -2.9988982E+03 -9.0303286E+04  3.1181252E-08  9.6301082E+04  9.3771829E-01  9.8126454E+04  9.2027462E-01
  face    73       H2 -8.6924126E+06  8.5993081E+06 -9.8529758E+05  9.8509999E+05  1.0738270E-07  1.0732217E-07
  chan    73  2.9626389E+02  3.0657869E+01  5.8576370E+02  6.9624250E-04  1.5986031E+03  6.1093830E+01  4.7434945E+02  3.8356025E-10  3.1162023E-16  1.4782382E+03  2.9928362E+02  1.5882871E-02  2.1931941E-04  0.0000000E+00  0.0000000E+00
    74  1.0153786E+00  8.73918E+02       H2  2.2209193E+12  8.0863843E-01 -9.3310449E+04 -1.9997914E+02  8.8967517E+02  3.8845688E+03  1.6474479E+03 -2.9948936E+03 -9.0515535E+04  3.0004840E-08  9.6505322E+04  9.3793309E-01  9.8284672E+04  9.2095270E-01
  face    74       H2 -8.4459119E+06  8.3526015E+06 -9.6752754E+05  9.6732756E+05  1.0732217E-07  1.0726062E-07
  chan    74  2.7735184E+02  3.0626796E+01  5.8169576E+02  7.7452766E-04  1.5870842E+03  6.0363604E+01  4.7181827E+02  5.6804552E-10  5.0720814E-16  1.4672219E+03  2.9806380E+02  1.6691497E-02  2.2226342E-04  0.0000000E+00  0.0000000E+00
    75  1.0156723E+00  8.80526E+02       H2  2.1656086E+12  8.0833158E-01 -9.3318279E+04 -2.0236834E+02  8.6762731E+02  3.8570358E+03  1.6350141E+03 -2.9894085E+03 -9.0531239E+04  2.8866435E-08  9.6510056E+04  9.3804980E-01  9.8245311E+04  9.2148153E-01
  face    75       H2 -8.2035255E+06  8.1102072E+06 -9.5006280E+05  9.4986044E+05  1.0726062E-07  1.0719805E-07
  chan    75  2.5949342E+02  3.0595127E+01  5.7753790E+02  8.6222810E-04  1.5753738E+03  5.9640293E+01  4.6916495E+02  8.4362410E-10  8.2848990E-16  1.4560311E+03  2.9680785E+02  1.7545828E-02  2.2522166E-04  0.0000000E+00  0.0000000E+00
    76  1.0159712E+00  8.87279E+02       H2  2.1110902E+12  8.0801554E-01 -9.3142434E+04 -2.0476478E+02  8.4650222E+02  3.8290017E+03  1.6224056E+03 -2.9824995E+03 -9.0364700E+04  2.7765170E-08  9.6329699E+04  9.3807726E-01  9.8022703E+04  9.2187521E-01
  face    76       H2 -7.9653778E+06  7.8722354E+06 -9.3289810E+05  9.3269333E+05  1.0719805E-07  1.0713444E-07
  chan    76  2.4264679E+02  3.0563016E+01  5.7329145E+02  9.6042376E-04  1.5634811E+03  5.8924432E+01  4.6638531E+02  1.2559047E-09  1.3574725E-15  1.4446751E+03  2.9551703E+02  1.8447745E-02  2.2819672E-04  0.0000000E+00  0.0000000E+00
    77  1.0162754E+00  8.94176E+02       H2  2.0573853E+12  8.0769008E-01 -9.2798288E+04 -2.0716872E+02  8.2625985E+02  3.8004840E+03  1.6096326E+03 -2.9742241E+03 -9.0031233E+04  2.6700183E-08  9.5979681E+04  9.3802388E-01  9.7632201E+04  9.2214692E-01
  face    77       H2 -7.7315769E+06  7.6387787E+06 -9.1602824E+05  9.1582108E+05  1.0713444E-07  1.0706976E-07
  chan    77  2.2677030E+02  3.0530633E+01  5.6895785E+02  1.0702965E-03  1.5514161E+03  5.8216546E+01  4.6347489E+02  1.8733479E-09  2.2300384E-15  1.4331642E+03  2.9419269E+02  1.9399096E-02  2.3119139E-04  0.0000000E+00  0.0000000E+00
    78  1.0165849E+00  9.01213E+02       H2  2.0045147E+12  8.0735494E-01 -9.2299495E+04 -2.0957910E+02  8.0686108E+02  3.7715538E+03  1.5967580E+03 -2.9646927E+03 -8.9544381E+04  2.5670623E-08  9.5473767E+04  9.3789513E-01  9.7087489E+04  9.2230608E-01
  face    78       H2 -7.5022139E+06  7.4099145E+06 -8.9944815E+05  8.9923857E+05  1.0706976E-07  1.0700401E-07
  chan    78  2.1182291E+02  3.0498175E+01  5.6453880E+02  1.1931252E-03  1.5391896E+03  5.7568452E+01  4.6042920E+02  2.7986541E-09  3.6711966E-15  1.4215095E+03  2.9283644E+02  2.0401623E-02  2.3420915E-04  0.0000000E+00  0.0000000E+00
    79  1.0168999E+00  9.08393E+02       H2  1.9524859E+12  8.0700988E-01 -9.1656749E+04 -2.1199689E+02  7.8825931E+02  3.7424017E+03  1.5839765E+03 -2.9541424E+03 -8.8914604E+04  2.4675567E-08  9.4822888E+04  9.3769136E-01  9.6399407E+04  9.2235633E-01
  face    79       H2 -7.2773648E+06  7.1857080E+06 -8.8315282E+05  8.8294082E+05  1.0700401E-07  1.0693716E-07
  chan    79  1.9775966E+02  3.0465672E+01  5.6003264E+02  1.3304526E-03  1.5268040E+03  5.7172569E+01  4.5724056E+02  4.1869724E-09  6.0554338E-15  1.4097147E+03  2.9144823E+02  2.1457813E-02  2.3724559E-04  0.0000000E+00  0.0000000E+00
    80  1.0172204E+00  9.15711E+02       H2  1.9013194E+12  8.0665463E-01 -9.0882321E+04 -2.1442222E+02  7.7041846E+02  3.7128011E+03  1.5710496E+03 -2.9423826E+03 -8.8154361E+04  2.3714191E-08  9.4039126E+04  9.3742216E-01  9.5579963E+04  9.2231005E-01
  face    80       H2 -7.0570935E+06  6.9662112E+06 -8.6713732E+05  8.6692290E+05  1.0693716E-07  1.0686920E-07
  chan    80  1.8454182E+02  3.0433387E+01  5.5544176E+02  1.4837948E-03  1.5142728E+03  5.6776875E+01  4.5390442E+02  6.2696490E-09  1.0001423E-14  1.3977940E+03  2.9003018E+02  2.2569202E-02  2.4030522E-04  0.0000000E+00  0.0000000E+00
    81  1.0175466E+00  9.23161E+02       H2  1.8510353E+12  8.0628893E-01 -8.9988728E+04 -2.1685445E+02  7.5330382E+02  3.6827816E+03  1.5579928E+03 -2.9294778E+03 -8.7276105E+04  2.2785685E-08  9.3135060E+04  9.3709184E-01  9.4641668E+04  9.2217420E-01
  face    81       H2 -6.8414510E+06  6.7514622E+06 -8.5139684E+05  8.5117999E+05  1.0686920E-07  1.0680011E-07
  chan    81  1.7213147E+02  3.0401626E+01  5.5076907E+02  1.6547471E-03  1.5016112E+03  5.6381674E+01  4.5041641E+02  9.3913557E-09  1.6529795E-14  1.3857636E+03  2.8858476E+02  2.3737069E-02  2.4339366E-04  0.0000000E+00  0.0000000E+00
    82  1.0178784E+00  9.30738E+02       H2  1.8016515E+12  8.0591251E-01 -8.8987717E+04 -2.1929230E+02  7.3688079E+02  3.6523732E+03  1.5448217E+03 -2.9154924E+03 -8.6291517E+04  2.1889238E-08  9.2122502E+04  9.3670401E-01  9.3596263E+04  9.2195472E-01
  face    82       H2 -6.6304747E+06  6.5414869E+06 -8.3592663E+05  8.3570734E+05  1.0680011E-07  1.0672988E-07
  chan    82  1.6049086E+02  3.0370711E+01  5.4601738E+02  1.8450020E-03  1.4888344E+03  5.5987258E+01  4.4677191E+02  1.4063502E-08  2.7319551E-14  1.3736399E+03  2.8711449E+02  2.4962536E-02  2.4651622E-04  0.0000000E+00  0.0000000E+00
    83  1.0182162E+00  9.38433E+02       H2  1.7531834E+12  8.0552510E-01 -8.7890240E+04 -2.2173559E+02  7.2111512E+02  3.6216063E+03  1.5315517E+03 -2.9004912E+03 -8.5211485E+04  2.1024036E-08  9.1012467E+04  9.3626167E-01  9.2454697E+04  9.2165663E-01
  face    83       H2 -6.4241899E+06  6.3362997E+06 -8.2072202E+05  8.2050028E+05  1.0672988E-07  1.0665849E-07
  chan    83  1.4958262E+02  3.0340981E+01  5.4118946E+02  2.0563427E-03  1.4759578E+03  5.5593916E+01  4.4296609E+02  2.1042765E-08  4.5122438E-14  1.3614402E+03  2.8562192E+02  2.6246548E-02  2.4967781E-04  0.0000000E+00  0.0000000E+00
    84  1.0185598E+00  9.46241E+02       H2  1.7056443E+12  8.0512641E-01 -8.6706551E+04 -2.2418129E+02  7.0597326E+02  3.5905124E+03  1.5181986E+03 -2.8845392E+03 -8.4046193E+04  2.0189271E-08  8.9815272E+04  9.3576729E-01  9.1227218E+04  9.2128418E-01
  face    84       H2 -6.2226107E+06  6.1359041E+06 -8.0577843E+05  8.0555425E+05  1.0665849E-07  1.0658591E-07
  chan    84  1.3937004E+02  3.0312801E+01  5.3628812E+02  2.2906279E-03  1.4629967E+03  5.5201931E+01  4.3899411E+02  3.1442070E-08  7.4427670E-14  1.3491822E+03  2.8410970E+02  2.7589826E-02  2.5288300E-04  0.0000000E+00  0.0000000E+00
    85  1.0189095E+00  9.54152E+02       H2  1.6590462E+12  8.0471616E-01 -8.5446289E+04 -2.2663003E+02  6.9142264E+02  3.5591247E+03  1.5047786E+03 -2.8677020E+03 -8.2805217E+04  1.9384137E-08  8.8540621E+04  9.3522291E-01  8.9923466E+04  9.2084103E-01
  face    85       H2 -6.0257407E+06  5.9402944E+06 -7.9109136E+05  7.9086473E+05  1.0658591E-07  1.0651213E-07
  chan    85  1.2981721E+02  3.0286566E+01  5.3131631E+02  2.5497693E-03  1.4499670E+03  5.4811586E+01  4.3485127E+02  4.6888745E-08  1.2251901E-13  1.3368849E+03  2.8258059E+02  2.8992815E-02  2.5613617E-04  0.0000000E+00  0.0000000E+00
    86  1.0192653E+00  9.62158E+02       H2  1.6133991E+12  8.0429406E-01 -8.4118531E+04 -2.2907920E+02  6.7743195E+02  3.5274785E+03  1.4913084E+03 -2.8500465E+03 -8.1497564E+04  1.8607839E-08  8.7197657E+04  9.3463020E-01  8.8552521E+04  9.2033025E-01
  face    86       H2 -5.8335738E+06  5.7494553E+06 -7.7665638E+05  7.7642730E+05  1.0651213E-07  1.0643713E-07
  chan    86  1.2088917E+02  3.0262709E+01  5.2627723E+02  2.8357035E-03  1.4368852E+03  5.4423163E+01  4.3053325E+02  6.9746009E-08  2.0113894E-13  1.3245686E+03  2.8103752E+02  3.0455631E-02  2.5944153E-04  0.0000000E+00  0.0000000E+00
    87  1.0196274E+00  9.70249E+02       H2  1.5687116E+12  8.0385983E-01 -8.2731813E+04 -2.3152707E+02  6.6397128E+02  3.4956120E+03  1.4778052E+03 -2.8316408E+03 -8.0131700E+04  1.7859586E-08  8.5794981E+04  9.3399053E-01  8.7122924E+04  9.1975448E-01
  face    87       H2 -5.6460954E+06  5.5633636E+06 -7.6246917E+05  7.6223764E+05  1.0643713E-07  1.0636090E-07
  chan    87  1.1255204E+02  3.0241707E+01  5.2117438E+02  3.1503567E-03  1.4237683E+03  5.4036945E+01  4.2603631E+02  1.0341900E-07  3.2907884E-13  1.3122547E+03  2.7948357E+02  3.1978015E-02  2.6280320E-04  0.0000000E+00  0.0000000E+00
    88  1.0199959E+00  9.78414E+02       H2  1.5249912E+12  8.0341316E-01 -8.1294225E+04 -2.3397200E+02  6.5101229E+02  3.4635667E+03  1.4642869E+03 -2.8125544E+03 -7.8715642E+04  1.7138598E-08  8.4340751E+04  9.3330497E-01  8.5642776E+04  9.1911596E-01
  face    88       H2 -5.4632823E+06  5.3819881E+06 -7.4852544E+05  7.4829146E+05  1.0636090E-07  1.0628340E-07
  chan    88  1.0477301E+02  3.0224084E+01  5.1601170E+02  3.4955997E-03  1.4106337E+03  5.3653217E+01  4.2135753E+02  1.5277065E-07  5.3615713E-13  1.2999664E+03  2.7792199E+02  3.3559281E-02  2.6622523E-04  0.0000000E+00  0.0000000E+00
    89  1.0203708E+00  9.86641E+02       H2  1.4822435E+12  8.0295377E-01 -7.9813172E+04 -2.3641092E+02  6.3852823E+02  3.4313870E+03  1.4507719E+03 -2.7928588E+03 -7.7256724E+04  1.6444103E-08  8.2842442E+04  9.3257420E-01  8.4119498E+04  9.1841637E-01
  face    89       H2 -5.2851038E+06  5.2052907E+06 -7.3482101E+05  7.3458459E+05  1.0628340E-07  1.0620464E-07
  chan    89  9.7520408E+01  3.0210415E+01  5.1079354E+02  3.8732049E-03  1.3974997E+03  5.3272264E+01  4.1649505E+02  2.2466985E-07  8.6924532E-13  1.2877284E+03  2.7635619E+02  3.5198291E-02  2.6971150E-04  0.0000000E+00  0.0000000E+00
    90  1.0207524E+00  9.94916E+02       H2  1.4404734E+12  8.0248135E-01 -7.8296397E+04 -2.3884246E+02  6.2649446E+02  3.3991224E+03  1.4372797E+03 -2.7726279E+03 -7.5762611E+04  1.5775341E-08  8.1307867E+04  9.3179927E-01  8.2560856E+04  9.1765777E-01
  face    90       H2 -5.1115226E+06  5.0332262E+06 -7.2135176E+05  7.2111291E+05  1.0620464E-07  1.0612458E-07
  chan    90  9.0763838E+01  3.0201340E+01  5.0552499E+02  4.2847543E-03  1.3843853E+03  5.2894377E+01  4.1144860E+02  3.2872240E-07  1.4012074E-12  1.2755671E+03  2.7478985E+02  3.6893322E-02  2.7326639E-04  0.0000000E+00  0.0000000E+00
    91  1.0211406E+00  1.00323E+03       H2  1.3996823E+12  8.0199561E-01 -7.6750466E+04 -2.4126220E+02  6.1488686E+02  3.3668211E+03  1.4238279E+03 -2.7519342E+03 -7.4239794E+04  1.5131549E-08  7.9743663E+04  9.3098049E-01  8.0973436E+04  9.1684134E-01
  face    91       H2 -4.9424942E+06  4.8657437E+06 -7.0811365E+05  7.0787239E+05  1.0612458E-07  1.0604320E-07
  chan    91  8.4473610E+01  3.0197511E+01  5.0021101E+02  4.7317171E-03  1.3713081E+03  5.2519815E+01  4.0621884E+02  4.7822974E-07  2.2441478E-12  1.2635090E+03  2.7322640E+02  3.8642429E-02  2.7689218E-04  0.0000000E+00  0.0000000E+00
    92  1.0215357E+00  1.01156E+03       H2  1.3598678E+12  8.0149625E-01 -7.5180419E+04 -2.4366880E+02  6.0368191E+02  3.3345294E+03  1.4104323E+03 -2.7308475E+03 -7.2693240E+04  1.4511963E-08  7.8154935E+04  9.3011708E-01  7.9362299E+04  9.1596692E-01
  face    92       H2 -4.7779684E+06  4.7027879E+06 -6.9510271E+05  6.9485905E+05  1.0604320E-07  1.0596049E-07
  chan    92  7.8620809E+01  3.0199585E+01  4.9485630E+02  5.2154642E-03  1.3582836E+03  5.2148798E+01  4.0080766E+02  6.9140451E-07  3.5686449E-12  1.2515797E+03  2.7166892E+02  4.0443545E-02  2.8058840E-04  0.0000000E+00  0.0000000E+00
    93  1.0219377E+00  1.01989E+03       H2  1.3210312E+12  8.0098297E-01 -7.3592109E+04 -2.4605873E+02  5.9286125E+02  3.3023100E+03  1.3971142E+03 -2.7094488E+03 -7.1128719E+04  1.3915858E-08  7.6547616E+04  9.2920880E-01  7.7733339E+04  9.1503491E-01
  face    93       H2 -4.6178908E+06  4.5442987E+06 -6.8231506E+05  6.8206900E+05  1.0596049E-07  1.0587642E-07
  chan    93  7.3178888E+01  3.0208382E+01  4.8946824E+02  5.7367228E-03  1.3453326E+03  5.1781620E+01  3.9522094E+02  9.9265521E-07  5.6296369E-12  1.2398107E+03  2.7012162E+02  4.2293244E-02  2.8436013E-04  0.0000000E+00  0.0000000E+00
    94  1.0223468E+00  1.02821E+03       H2  1.2831724E+12  8.0045548E-01 -7.1991220E+04 -2.4842734E+02  5.8240863E+02  3.2702299E+03  1.3838951E+03 -2.6878213E+03 -6.9551826E+04  1.3342518E-08  7.4927469E+04  9.2825538E-01  7.6092286E+04  9.1404569E-01
  face    94       H2 -4.4622024E+06  4.3902112E+06 -6.6974684E+05  6.6949842E+05  1.0587642E-07  1.0579098E-07
  chan    94  6.8122439E+01  3.0224777E+01  4.8405512E+02  6.2957162E-03  1.3324765E+03  5.1418569E+01  3.8946725E+02  1.4141991E-06  8.8023239E-12  1.2282343E+03  2.6858889E+02  4.4187404E-02  2.8821328E-04  0.0000000E+00  0.0000000E+00
    95  1.0227631E+00  1.03650E+03       H2  1.2462892E+12  7.9991348E-01 -7.0382948E+04 -2.5077209E+02  5.7230940E+02  3.2383580E+03  1.3707959E+03 -2.6660486E+03 -6.7967671E+04  1.2791233E-08  7.3299768E+04  9.2725629E-01  7.4444387E+04  9.1299927E-01
  face    95       H2 -4.3108393E+06  4.2404563E+06 -6.5739432E+05  6.5714355E+05  1.0579098E-07  1.0570414E-07
  chan    95  6.3427029E+01  3.0249675E+01  4.7862580E+02  6.8921379E-03  1.3197359E+03  5.1059918E+01  3.8355771E+02  1.9978041E-06  1.3629474E-11  1.2168829E+03  2.6707507E+02  4.6121348E-02  2.9215394E-04  0.0000000E+00  0.0000000E+00
    96  1.0231867E+00  1.04473E+03       H2  1.2103767E+12  7.9935668E-01 -6.8771958E+04 -2.5308769E+02  5.6255044E+02  3.2067639E+03  1.3578367E+03 -2.6442135E+03 -6.6380833E+04  1.2261299E-08  7.1669260E+04  9.2621067E-01  7.2794360E+04  9.1189527E-01
  face    96       H2 -4.1637337E+06  4.0949618E+06 -6.4525381E+05  6.4500072E+05  1.0570414E-07  1.0561588E-07
  chan    96  5.9069215E+01  3.0283994E+01  4.7318971E+02  7.5250921E-03  1.3071308E+03  5.0705916E+01  3.7750608E+02  2.7965519E-06  2.0881681E-11  1.2057883E+03  2.6558442E+02  4.8089878E-02  2.9618845E-04  0.0000000E+00  0.0000000E+00
    97  1.0236177E+00  1.05288E+03       H2  1.1754278E+12  7.9878480E-01 -6.7162541E+04 -2.5537020E+02  5.5312009E+02  3.1755173E+03  1.3450364E+03 -2.6223972E+03 -6.4795514E+04  1.1752017E-08  7.0040308E+04  9.2511749E-01  7.1146548E+04  9.1073306E-01
  face    97       H2 -4.0208145E+06  3.9536519E+06 -6.3332168E+05  6.3306631E+05  1.0561588E-07  1.0552619E-07
  chan    97  5.5026548E+01  3.0328654E+01  4.6775669E+02  8.1930439E-03  1.2946797E+03  5.0356786E+01  3.7132873E+02  3.8764590E-06  3.1631225E-11  1.1949807E+03  2.6412104E+02  5.0087319E-02  3.0032365E-04  0.0000000E+00  0.0000000E+00
    98  1.0240564E+00  1.06094E+03       H2  1.1414330E+12  7.9819757E-01 -6.5558231E+04 -2.5761629E+02  5.4400807E+02  3.1446866E+03  1.3324128E+03 -2.6006785E+03 -6.3215169E+04  1.1262694E-08  6.8416526E+04  9.2397514E-01  6.9504542E+04  9.0951134E-01
  face    98       H2 -3.8820072E+06  3.8164490E+06 -6.2159438E+05  6.2133677E+05  1.0552619E-07  1.0543504E-07
  chan    98  5.1277614E+01  3.0384552E+01  4.6233701E+02  8.8937641E-03  1.2824001E+03  5.0012723E+01  3.6504449E+02  5.3176926E-06  4.7338215E-11  1.1844880E+03  2.6268889E+02  5.2107541E-02  3.0456723E-04  0.0000000E+00  0.0000000E+00
    99  1.0245027E+00  1.06889E+03       H2  1.1083799E+12  7.9759470E-01 -6.3963307E+04 -2.5982102E+02  5.3520498E+02  3.1143361E+03  1.3199811E+03 -2.5791311E+03 -6.1643997E+04  1.0792644E-08  6.6802259E+04  9.2278312E-01  6.7872669E+04  9.0823004E-01
  face    99       H2 -3.7472355E+06  3.6832722E+06 -6.1006843E+05  6.0980861E+05  1.0543504E-07  1.0534240E-07
  chan    99  4.7801922E+01  3.0452533E+01  4.5694090E+02  9.6243997E-03  1.2703073E+03  4.9673883E+01  3.5867412E+02  7.2153096E-06  6.9947689E-11  1.1743348E+03  2.6129156E+02  5.4144177E-02  3.0892710E-04  0.0000000E+00  0.0000000E+00
   100  1.0249569E+00  1.07670E+03       H2  1.0762555E+12  7.9697593E-01 -6.2377420E+04 -2.6198136E+02  5.2670340E+02  3.0845304E+03  1.3077571E+03 -2.5578270E+03 -6.0081574E+04  1.0341196E-08  6.5197229E+04  9.2153571E-01  6.6250635E+04  9.0688299E-01
  face   100       H2 -3.6164200E+06  3.5540425E+06 -5.9874040E+05  5.9847842E+05  1.0534240E-07  1.0524826E-07
  chan   100  4.4580274E+01  3.0533414E+01  4.5157933E+02  1.0381132E-02  1.2584167E+03  4.9340414E+01  3.5224071E+02  9.6781951E-06  1.0198075E-10  1.1645434E+03  2.5993274E+02  5.6190079E-02  3.1341517E-04  0.0000000E+00  0.0000000E+00
   101  1.0254191E+00  1.08435E+03       H2  1.0450368E+12  7.9634100E-01 -6.0815235E+04 -2.6409376E+02  5.1849187E+02  3.0553070E+03  1.2957447E+03 -2.5368151E+03 -5.8542514E+04  9.9076472E-09  6.3616144E+04  9.2024618E-01  6.4653128E+04  9.0548618E-01
  face   101       H2 -3.4894829E+06  3.4286676E+06 -5.8760694E+05  5.8734284E+05  1.0524826E-07  1.0515260E-07
  chan   101  4.1593335E+01  3.0627742E+01  4.4625964E+02  1.1160801E-02  1.2467324E+03  4.9012293E+01  3.4576559E+02  1.2830604E-05  1.4667648E-10  1.1551242E+03  2.5861391E+02  5.8240129E-02  3.1803198E-04  0.0000000E+00  0.0000000E+00
   102  1.0258894E+00  1.09182E+03       H2  1.0147284E+12  7.9568966E-01 -5.9237261E+04 -2.6615632E+02  5.1057746E+02  3.0267593E+03  1.2839656E+03 -2.5161818E+03 -5.6987236E+04  9.4914542E-09  6.2019599E+04  9.1885850E-01  6.3040754E+04  9.0397452E-01
  face   102       H2 -3.3663334E+06  3.3070962E+06 -5.7666474E+05  5.7639858E+05  1.0515260E-07  1.0505538E-07
  chan   102  3.8827019E+01  3.0736626E+01  4.4100186E+02  1.1954090E-02  1.2352924E+03  4.8673245E+01  3.3928115E+02  1.6789380E-05  2.0779446E-10  1.1461082E+03  2.5734360E+02  6.0279917E-02  3.2283133E-04  0.0000000E+00  0.0000000E+00
   103  1.0263679E+00  1.09919E+03       H2  9.8521483E+11  7.9502163E-01 -5.7678470E+04 -2.6818539E+02  5.0289584E+02  2.9986494E+03  1.2722873E+03 -2.4957536E+03 -5.5450902E+04  9.0915081E-09  6.0442409E+04  9.1741714E-01  6.1448201E+04  9.0240074E-01
  face   103       H2 -3.2469212E+06  3.1892427E+06 -5.6591056E+05  5.6564238E+05  1.0505538E-07  1.0495660E-07
  chan   103  3.6252095E+01  3.0858391E+01  4.3577257E+02  1.2775445E-02  1.2239863E+03  4.8301074E+01  3.3277851E+02  2.1772909E-05  2.9122624E-10  1.1374213E+03  2.5609956E+02  6.2333665E-02  3.2765188E-04  0.0000000E+00  0.0000000E+00
   104  1.0268549E+00  1.10656E+03       H2  9.5637859E+11  7.9433658E-01 -5.6180598E+04 -2.7020192E+02  4.9538323E+02  2.9708526E+03  1.2606854E+03 -2.4754694E+03 -5.3975330E+04  8.7067451E-09  5.8926269E+04  9.1598079E-01  5.9917035E+04  9.0083446E-01
  face   104       H2 -3.1311623E+06  3.0749817E+06 -5.5534121E+05  5.5507101E+05  1.0495660E-07  1.0485622E-07
  chan   104  3.3842280E+01  3.0991396E+01  4.3053590E+02  1.3647477E-02  1.2126890E+03  4.7996393E+01  3.2625423E+02  2.8110738E-05  4.0578944E-10  1.1289922E+03  2.5485602E+02  6.4434557E-02  3.3228627E-04  0.0000000E+00  0.0000000E+00
   105  1.0273505E+00  1.11387E+03       H2  9.2825517E+11  7.9363415E-01 -5.4685944E+04 -2.7219944E+02  4.8806921E+02  2.9434913E+03  1.2491637E+03 -2.4554221E+03 -5.2502722E+04  8.3368678E-09  5.7413566E+04  9.1446544E-01  5.8389704E+04  8.9917773E-01
  face   105       H2 -3.0189331E+06  2.9642471E+06 -5.4495353E+05  5.4468133E+05  1.0485622E-07  1.0475423E-07
  chan   105  3.1592900E+01  3.1137405E+01  4.2532435E+02  1.4561623E-02  1.2014629E+03  4.7700841E+01  3.1975997E+02  3.6055013E-05  5.6075727E-10  1.1208746E+03  2.5362612E+02  6.6566007E-02  3.3680602E-04  0.0000000E+00  0.0000000E+00
   106  1.0278547E+00  1.12107E+03       H2  9.0087913E+11  7.9291401E-01 -5.3197733E+04 -2.7416335E+02  4.8098336E+02  2.9167328E+03  1.2377813E+03 -2.4357494E+03 -5.1036147E+04  7.9815740E-09  5.5907646E+04  9.1286525E-01  5.6869613E+04  8.9742386E-01
  face   106       H2 -2.9101689E+06  2.8569712E+06 -5.3474441E+05  5.3447024E+05  1.0475423E-07  1.0465059E-07
  chan   106  2.9498922E+01  3.1298002E+01  4.2017093E+02  1.5504682E-02  1.1903750E+03  4.7406265E+01  3.1334422E+02  4.5824122E-05  7.6647469E-10  1.1131138E+03  2.5242437E+02  6.8706775E-02  3.4130855E-04  0.0000000E+00  0.0000000E+00
   107  1.0283679E+00  1.12810E+03       H2  8.7426335E+11  7.9217588E-01 -5.1725231E+04 -2.7608381E+02  4.7414217E+02  2.8906876E+03  1.2265827E+03 -2.4165455E+03 -4.9584770E+04  7.6404624E-09  5.4417861E+04  9.1118558E-01  5.5366145E+04  8.9557923E-01
  face   107       H2 -2.8048031E+06  2.7530778E+06 -5.2471081E+05  5.2443473E+05  1.0465059E-07  1.0454529E-07
  chan   107  2.7552690E+01  3.1474099E+01  4.1509892E+02  1.6464402E-02  1.1794698E+03  4.7112856E+01  3.0704400E+02  5.7620117E-05  1.0344558E-09  1.1057290E+03  2.5126075E+02  7.0839322E-02  3.4587174E-04  0.0000000E+00  0.0000000E+00
   108  1.0288900E+00  1.13493E+03       H2  8.4840287E+11  7.9141946E-01 -5.0274664E+04 -2.7795516E+02  4.6755101E+02  2.8654094E+03  1.2155913E+03 -2.3978583E+03 -4.8154761E+04  7.3130581E-09  5.2950478E+04  9.0943015E-01  5.3885580E+04  8.9364838E-01
  face   108       H2 -2.7027608E+06  2.6524861E+06 -5.1484977E+05  5.1457181E+05  1.0454529E-07  1.0443830E-07
  chan   108  2.5744855E+01  3.1666020E+01  4.1012271E+02  1.7430349E-02  1.1687706E+03  4.6820684E+01  3.0088585E+02  7.1619086E-05  1.3772827E-09  1.0987178E+03  2.5014102E+02  7.2950340E-02  3.5055195E-04  0.0000000E+00  0.0000000E+00
   109  1.0294213E+00  1.14155E+03       H2  8.2328103E+11  7.9064448E-01 -4.8849162E+04 -2.7977460E+02  4.6120754E+02  2.8409097E+03  1.2048155E+03 -2.3797021E+03 -4.6749234E+04  6.9988473E-09  5.1508639E+04  9.0759988E-01  5.2431054E+04  8.9163255E-01
  face   109       H2 -2.6039624E+06  2.5551132E+06 -5.0515836E+05  5.0487859E+05  1.0443830E-07  1.0432960E-07
  chan   109  2.4065394E+01  3.1873653E+01  4.0525010E+02  1.8393802E-02  1.1582857E+03  4.6529730E+01  2.9488806E+02  8.7959352E-05  1.8084168E-09  1.0920628E+03  2.4906785E+02  7.5029924E-02  3.5538930E-04  0.0000000E+00  0.0000000E+00
   110  1.0299620E+00  1.14794E+03       H2  7.9887420E+11  7.8985067E-01 -4.7449904E+04 -2.8154192E+02  4.5510448E+02  2.8171719E+03  1.1942534E+03 -2.3620674E+03 -4.5369378E+04  6.6973018E-09  5.0093513E+04  9.0569368E-01  5.1003722E+04  8.8953073E-01
  face   110       H2 -2.5083266E+06  2.4608767E+06 -4.9563374E+05  4.9535220E+05  1.0432960E-07  1.0421916E-07
  chan   110  2.2504288E+01  3.2096585E+01  4.0048426E+02  1.9347525E-02  1.1480135E+03  4.6239919E+01  2.8906259E+02  1.0674995E-04  2.3419736E-09  1.0857365E+03  2.4804188E+02  7.7070742E-02  3.6041257E-04  0.0000000E+00  0.0000000E+00
   111  1.0305122E+00  1.15411E+03       H2  7.7515512E+11  7.8903776E-01 -4.6077027E+04 -2.8325848E+02  4.4923152E+02  2.7941605E+03  1.1838969E+03 -2.3449289E+03 -4.4015357E+04  6.4078957E-09  4.8705215E+04  9.0370933E-01  4.9603678E+04  8.8734059E-01
  face   111       H2 -2.4157725E+06  2.3696954E+06 -4.8627308E+05  4.8598982E+05  1.0421916E-07  1.0410696E-07
  chan   111  2.1051927E+01  3.2334197E+01  3.9582511E+02  2.0285561E-02  1.1379458E+03  4.5951143E+01  2.8341652E+02  1.2805813E-04  2.9924903E-09  1.0797051E+03  2.4706234E+02  7.9067403E-02  3.6564273E-04  0.0000000E+00  0.0000000E+00
   112  1.0310720E+00  1.16006E+03       H2  7.5209495E+11  7.8820547E-01 -4.4730188E+04 -2.8492659E+02  4.4357661E+02  2.7718278E+03  1.1737335E+03 -2.3282512E+03 -4.2686864E+04  6.1301153E-09  4.7343366E+04  9.0164404E-01  4.8230519E+04  8.8505918E-01
  face   112       H2 -2.3262201E+06  2.2814899E+06 -4.7707362E+05  4.7678870E+05  1.0410696E-07  1.0399297E-07
  chan   112  1.9699312E+01  3.2585738E+01  3.9127036E+02  2.1203076E-02  1.1280702E+03  4.5663271E+01  2.7795326E+02  1.5190965E-04  3.7747079E-09  1.0739319E+03  2.4612759E+02  8.1015994E-02  3.7109538E-04  0.0000000E+00  0.0000000E+00
   113  1.0316417E+00  1.16579E+03       H2  7.2966475E+11  7.8735351E-01 -4.3408875E+04 -2.8655010E+02  4.3812688E+02  2.7501196E+03  1.1637485E+03 -2.3119927E+03 -4.1383433E+04  5.8634653E-09  4.6007418E+04  8.9949479E-01  4.6883672E+04  8.8268327E-01
  face   113       H2 -2.2395914E+06  2.1961825E+06 -4.6803265E+05  4.6774610E+05  1.0399297E-07  1.0387717E-07
  chan   113  1.8438151E+01  3.2850380E+01  3.8681626E+02  2.2096219E-02  1.1183724E+03  4.5376160E+01  2.7267343E+02  1.7829147E-04  4.7033826E-09  1.0683787E+03  2.4523546E+02  8.2913749E-02  3.7678244E-04  0.0000000E+00  0.0000000E+00
   114  1.0322215E+00  1.17131E+03       H2  7.0783631E+11  7.8648158E-01 -4.2112569E+04 -2.8813300E+02  4.3286922E+02  2.7289780E+03  1.1539261E+03 -2.2961088E+03 -4.0104594E+04  5.6074718E-09  4.4696811E+04  8.9725850E-01  4.5562550E+04  8.8020960E-01
  face   114       H2 -2.1558101E+06  2.1136975E+06 -4.5914748E+05  4.5885935E+05  1.0387717E-07  1.0375953E-07
  chan   114  1.7260881E+01  3.3127260E+01  3.8245812E+02  2.2962006E-02  1.1088364E+03  4.5089668E+01  2.6757561E+02  2.0714632E-04  5.7931356E-09  1.0630075E+03  2.4438350E+02  8.4758795E-02  3.8271324E-04  0.0000000E+00  0.0000000E+00
   115  1.0328114E+00  1.17664E+03       H2  6.8658271E+11  7.8558936E-01 -4.0840819E+04 -2.8967978E+02  4.2779072E+02  2.7083450E+03  1.1442499E+03 -2.2805543E+03 -3.8849945E+04  5.3616839E-09  4.3411053E+04  8.9493209E-01  4.4266635E+04  8.7763493E-01
  face   115       H2 -2.0748017E+06  2.0339609E+06 -4.5041549E+05  4.5012581E+05  1.0375953E-07  1.0364003E-07
  chan   115  1.6160652E+01  3.3415512E+01  3.7819075E+02  2.3798206E-02  1.0994463E+03  4.4803649E+01  2.6265697E+02  2.3838995E-04  7.0583460E-09  1.0577818E+03  2.4356915E+02  8.6549969E-02  3.8889541E-04  0.0000000E+00  0.0000000E+00
   116  1.0334117E+00  1.18178E+03       H2  6.6587869E+11  7.8467651E-01 -3.9593269E+04 -2.9119508E+02  4.2287892E+02  2.6881634E+03  1.1347041E+03 -2.2652845E+03 -3.7619180E+04  5.1256743E-09  4.2149749E+04  8.9251255E-01  4.2995506E+04  8.7495608E-01
  face   116       H2 -1.9964937E+06  1.9569004E+06 -4.4183408E+05  4.4154289E+05  1.0364003E-07  1.0351864E-07
  chan   116  1.5131288E+01  3.3714286E+01  3.7400875E+02  2.4603237E-02  1.0901862E+03  4.4517967E+01  2.5791369E+02  2.7191973E-04  8.5130842E-09  1.0526668E+03  2.4278984E+02  8.8286660E-02  3.9533551E-04  0.0000000E+00  0.0000000E+00
   117  1.0340225E+00  1.18675E+03       H2  6.4570072E+11  7.8374267E-01 -3.8369659E+04 -2.9268442E+02  4.1812206E+02  2.6683789E+03  1.1252735E+03 -2.2502569E+03 -3.6412087E+04  4.8990384E-09  4.0912600E+04  8.8999688E-01  4.1748844E+04  8.7216993E-01
  face   117       H2 -1.9208148E+06  1.8824451E+06 -4.3340071E+05  4.3310803E+05  1.0351864E-07  1.0339533E-07
  chan   117  1.4167232E+01  3.4022768E+01  3.6990668E+02  2.5376077E-02  1.0810410E+03  4.4232491E+01  2.5334138E+02  3.0759041E-04  1.0171087E-08  1.0476303E+03  2.4204309E+02  8.9968699E-02  4.0203945E-04  0.0000000E+00  0.0000000E+00
   118  1.0346441E+00  1.19156E+03       H2  6.2602714E+11  7.8278748E-01 -3.7169814E+04 -2.9415253E+02  4.1350909E+02  2.6489406E+03  1.1159437E+03 -2.2354315E+03 -3.5228535E+04  4.6813940E-09  3.9699398E+04  8.8738209E-01  4.0526416E+04  8.6927338E-01
  face   118       H2 -1.8476954E+06  1.8105256E+06 -4.2511286E+05  4.2481871E+05  1.0339533E-07  1.0327009E-07
  chan   118  1.3263490E+01  3.4340189E+01  3.6587930E+02  2.6116169E-02  1.0719966E+03  4.3947098E+01  2.4893530E+02  3.4524433E-04  1.2045768E-08  1.0426427E+03  2.4132660E+02  9.1596267E-02  4.0901289E-04  0.0000000E+00  0.0000000E+00
   119  1.0352766E+00  1.19622E+03       H2  6.0683808E+11  7.8181053E-01 -3.5993628E+04 -2.9560484E+02  4.0902982E+02  2.6298014E+03  1.1067014E+03 -2.2207716E+03 -3.4068461E+04  4.4723794E-09  3.8510005E+04  8.8466521E-01  3.9328064E+04  8.6626337E-01
  face   119       H2 -1.7770672E+06  1.7410736E+06 -4.1696806E+05  4.1667245E+05  1.0327009E-07  1.0314287E-07
  chan   119  1.2415580E+01  3.4665833E+01  3.6192158E+02  2.6823350E-02  1.0630397E+03  4.3661676E+01  2.4469062E+02  3.8472469E-04  1.4150258E-08  1.0376772E+03  2.4063825E+02  9.3169825E-02  4.1626152E-04  0.0000000E+00  0.0000000E+00
   120  1.0359202E+00  1.20074E+03       H2  5.8811539E+11  7.8081141E-01 -3.4841052E+04 -2.9704639E+02  4.0467486E+02  2.6109187E+03  1.0975346E+03 -2.2062439E+03 -3.2931855E+04  4.2716531E-09  3.7344343E+04  8.8184321E-01  3.8153692E+04  8.6313677E-01
  face   120       H2 -1.7088633E+06  1.6740222E+06 -4.0896387E+05  4.0866682E+05  1.0314287E-07  1.0301366E-07
  chan   120  1.1619466E+01  3.4999045E+01  3.5802885E+02  2.7497783E-02  1.0541585E+03  4.3376122E+01  2.4060252E+02  4.2584220E-04  1.6497480E-08  1.0327100E+03  2.3997610E+02  9.4690058E-02  4.2379123E-04  0.0000000E+00  0.0000000E+00
   121  1.0365752E+00  1.20513E+03       H2  5.6984255E+11  7.7978965E-01 -3.3712076E+04 -2.9848239E+02  4.0043567E+02  2.5922541E+03  1.0884324E+03 -2.1918184E+03 -3.1818740E+04  4.0788914E-09  3.6202376E+04  8.7891301E-01  3.7003248E+04  8.5989046E-01
  face   121       H2 -1.6430178E+06  1.6093057E+06 -4.0109790E+05  4.0079942E+05  1.0301366E-07  1.0288242E-07
  chan   121  1.0871519E+01  3.5339228E+01  3.5419678E+02  2.8139898E-02  1.0453421E+03  4.3090343E+01  2.3666632E+02  4.6841713E-04  1.9100243E-08  1.0277198E+03  2.3933849E+02  9.6157838E-02  4.3160836E-04  0.0000000E+00  0.0000000E+00
   122  1.0372416E+00  1.20940E+03       H2  5.5200458E+11  7.7874481E-01 -3.2606713E+04 -2.9991794E+02  3.9630449E+02  2.5737735E+03  1.0793853E+03 -2.1774690E+03 -3.0729162E+04  3.8937879E-09  3.5084100E+04  8.7587146E-01  3.5876709E+04  8.5652120E-01
  face   122       H2 -1.5794661E+06  1.5468594E+06 -3.9336778E+05  3.9306786E+05  1.0288242E-07  1.0274913E-07
  chan   122  1.0168460E+01  3.5685849E+01  3.5042143E+02  2.8750346E-02  1.0365810E+03  4.2804257E+01  2.3287756E+02  5.1228854E-04  2.1971367E-08  1.0226882E+03  2.3872394E+02  9.7574197E-02  4.3971973E-04  0.0000000E+00  0.0000000E+00
   123  1.0379198E+00  1.21356E+03       H2  5.3458785E+11  7.7767636E-01 -3.1525002E+04 -3.0135804E+02  3.9227436E+02  2.5554472E+03  1.0703847E+03 -2.1631729E+03 -2.9663187E+04  3.7160516E-09  3.3989533E+04  8.7271535E-01  3.4774082E+04  8.5302575E-01
  face   123       H2 -1.5181446E+06  1.4866196E+06 -3.8577119E+05  3.8546984E+05  1.0274913E-07  1.0261377E-07
  chan   123  9.5073260E+00  3.6038441E+01  3.4669927E+02  2.9329963E-02  1.0278669E+03  4.2517790E+01  2.2923201E+02  5.5723484E-04  2.5123824E-08  1.0175994E+03  2.3813122E+02  9.8940304E-02  4.4813279E-04  0.0000000E+00  0.0000000E+00
   124  1.0386099E+00  1.21762E+03       H2  5.1758000E+11  7.7658380E-01 -3.0466958E+04 -3.0280800E+02  3.8833902E+02  2.5372496E+03  1.0614234E+03 -2.1489106E+03 -2.8620855E+04  3.5454060E-09  3.2918676E+04  8.6944125E-01  3.3695354E+04  8.4940063E-01
  face   124       H2 -1.4589907E+06  1.4285238E+06 -3.7830585E+05  3.7800304E+05  1.0261377E-07  1.0247630E-07
  chan   124  8.8854260E+00  3.6396595E+01  3.4302711E+02  2.9879727E-02  1.0191925E+03  4.2230877E+01  2.2572571E+02  6.0310998E-04  2.8570900E-08  1.0124398E+03  2.3755932E+02  1.0025744E-01  4.5685572E-04  0.0000000E+00  0.0000000E+00
   125  1.0393121E+00  1.22159E+03       H2  5.0096980E+11  7.7546655E-01 -2.9432743E+04 -3.0427217E+02  3.8449287E+02  2.5191587E+03  1.0524952E+03 -2.1346659E+03 -2.7602349E+04  3.3815880E-09  3.1871681E+04  8.6604623E-01  3.2640667E+04  8.4564294E-01
  face   125       H2 -1.4019432E+06  1.3725105E+06 -3.7096949E+05  3.7066521E+05  1.0247630E-07  1.0233670E-07
  chan   125  8.3003105E+00  3.6759970E+01  3.3940219E+02  3.0400765E-02  1.0105517E+03  4.1943463E+01  2.2235506E+02  6.4975681E-04  3.2326440E-08  1.0071985E+03  2.3700743E+02  1.0152705E-01  4.6589727E-04  0.0000000E+00  0.0000000E+00
   126  1.0400267E+00  1.22548E+03       H2  4.8474711E+11  7.7432404E-01 -2.8422376E+04 -3.0575612E+02  3.8073099E+02  2.5011471E+03  1.0435855E+03 -2.1204161E+03 -2.6607716E+04  3.2243468E-09  3.0848549E+04  8.6252733E-01  3.1610011E+04  8.4174968E-01
  face   126       H2 -1.3469413E+06  1.3185190E+06 -3.6375989E+05  3.6345413E+05  1.0233670E-07  1.0219493E-07
  chan   126  7.7497479E+00  3.7128281E+01  3.3582206E+02  3.0894191E-02  1.0019394E+03  4.1646032E+01  2.1911655E+02  6.9701441E-04  3.6404718E-08  1.0018662E+03  2.3647498E+02  1.0275053E-01  4.7526776E-04  0.0000000E+00  0.0000000E+00
   127  1.0407539E+00  1.22929E+03       H2  4.6890303E+11  7.7315563E-01 -2.7435565E+04 -3.0726380E+02  3.7704901E+02  2.4831797E+03  1.0346709E+03 -2.1061307E+03 -2.5636698E+04  3.0734442E-09  2.9848960E+04  8.5888079E-01  3.0603058E+04  8.3771689E-01
  face   127       H2 -1.2939257E+06  1.2664901E+06 -3.5667487E+05  3.5636761E+05  1.0219493E-07  1.0205097E-07
  chan   127  7.2317094E+00  3.7501292E+01  3.3228465E+02  3.1360796E-02  9.9335243E+02  4.1318471E+01  2.1600634E+02  7.4469020E-04  4.0819723E-08  9.9643557E+02  2.3596178E+02  1.0392897E-01  4.8498104E-04  0.0000000E+00  0.0000000E+00
   128  1.0414938E+00  1.23304E+03       H2  4.5342969E+11  7.7196069E-01 -2.6472436E+04 -3.0880029E+02  3.7344307E+02  2.4652228E+03  1.0257279E+03 -2.0917797E+03 -2.4689457E+04  2.9286530E-09  2.8873016E+04  8.5510487E-01  2.9619902E+04  8.3354282E-01
  face   128       H2 -1.2428380E+06  1.2163655E+06 -3.4971228E+05  3.4940348E+05  1.0205097E-07  1.0190480E-07
  chan   128  6.7443395E+00  3.7878807E+01  3.2878812E+02  3.1801018E-02  9.8478877E+02  4.0939172E+01  2.1302006E+02  7.9261093E-04  4.5584824E-08  9.9090051E+02  2.3546792E+02  1.0506313E-01  4.9505478E-04  0.0000000E+00  0.0000000E+00
   129  1.0422468E+00  1.23672E+03       H2  4.3831872E+11  7.7073852E-01 -2.5533230E+04 -3.1037018E+02  3.6990971E+02  2.4473199E+03  1.0168054E+03 -2.0774102E+03 -2.3766190E+04  2.7897514E-09  2.7921010E+04  8.5119377E-01  2.8660830E+04  8.2922198E-01
  face   129       H2 -1.1936209E+06  1.1680877E+06 -3.4287000E+05  3.4255963E+05  1.0190480E-07  1.0175637E-07
  chan   129  6.2858609E+00  3.8260737E+01  3.2533090E+02  3.2216861E-02  9.7624492E+02  4.0560484E+01  2.1015594E+02  8.4069973E-04  5.0718816E-08  9.8525792E+02  2.3499311E+02  1.0615544E-01  5.0549777E-04  0.0000000E+00  0.0000000E+00
   130  1.0430130E+00  1.24035E+03       H2  4.2356257E+11  7.6948840E-01 -2.4617848E+04 -3.1197872E+02  3.6644607E+02  2.4294653E+03  1.0079006E+03 -2.0630192E+03 -2.2866807E+04  2.6565273E-09  2.6992846E+04  8.4714326E-01  2.7725738E+04  8.2475018E-01
  face   130       H2 -1.1462178E+06  1.1216000E+06 -3.3614594E+05  3.3583396E+05  1.0175637E-07  1.0160567E-07
  chan   130  5.8546373E+00  3.8647058E+01  3.2191176E+02  3.2610327E-02  9.6771825E+02  4.0182350E+01  2.0741250E+02  8.8888310E-04  5.6242564E-08  9.7950638E+02  2.3453722E+02  1.0720837E-01  5.1631995E-04  0.0000000E+00  0.0000000E+00
   131  1.0437926E+00  1.24394E+03       H2  4.0915445E+11  7.6820957E-01 -2.3726193E+04 -3.1363079E+02  3.6304974E+02  2.4116561E+03  9.9901201E+02 -2.0486064E+03 -2.1991217E+04  2.5287779E-09  2.6088430E+04  8.4294905E-01  2.6814529E+04  8.2012318E-01
  face   131       H2 -1.1005733E+06  1.0768471E+06 -3.2953804E+05  3.2922441E+05  1.0160567E-07  1.0145267E-07
  chan   131  5.4491601E+00  3.9037799E+01  3.1852980E+02  3.2983242E-02  9.5920729E+02  3.9804724E+01  2.0478828E+02  9.3709628E-04  6.2178708E-08  9.7364573E+02  2.3410038E+02  1.0822424E-01  5.2753355E-04  0.0000000E+00  0.0000000E+00
   132  1.0445860E+00  1.24749E+03       H2  3.9508821E+11  7.6690123E-01 -2.2858182E+04 -3.1533084E+02  3.5971875E+02  2.3938915E+03  9.9013898E+02 -2.0341728E+03 -2.1139341E+04  2.4063085E-09  2.5207686E+04  8.3860694E-01  2.5927124E+04  8.1533690E-01
  face   132       H2 -1.0566329E+06  1.0337747E+06 -3.2304427E+05  3.2272894E+05  1.0145267E-07  1.0129732E-07
  chan   132  5.0680294E+00  3.9433046E+01  3.1518434E+02  3.3337343E-02  9.5071140E+02  3.9427572E+01  2.0228189E+02  9.8528647E-04  6.8552111E-08  9.6767704E+02  2.3368289E+02  1.0920532E-01  5.3915262E-04  0.0000000E+00  0.0000000E+00
   133  1.0453933E+00  1.25100E+03       H2  3.8135819E+11  7.6556252E-01 -2.2013728E+04 -3.1708411E+02  3.5645148E+02  2.3761731E+03  9.8128150E+02 -2.0197216E+03 -2.0311090E+04  2.2889320E-09  2.4350533E+04  8.3411274E-01  2.5063436E+04  8.1038729E-01
  face   133       H2 -1.0143431E+06  9.9232942E+05 -3.1666266E+05  3.1634557E+05  1.0129732E-07  1.0113961E-07
  chan   133  4.7099379E+00  3.9832937E+01  3.1187493E+02  3.3674344E-02  9.4223063E+02  3.9050873E+01  1.9989207E+02  1.0334166E-03  7.5390443E-08  9.6160251E+02  2.3328523E+02  1.1015393E-01  5.5119249E-04  0.0000000E+00  0.0000000E+00
   134  1.0462148E+00  1.25449E+03       H2  3.6795910E+11  7.6419257E-01 -2.1192720E+04 -3.1889487E+02  3.5324664E+02  2.3585040E+03  9.7244014E+02 -2.0052574E+03 -1.9506357E+04  2.1764680E-09  2.3516872E+04  8.2946224E-01  2.4223365E+04  8.0527033E-01
  face   134       H2 -9.7365161E+05  9.5245889E+05 -3.1039122E+05  3.1007233E+05  1.0113961E-07  1.0097951E-07
  chan   134  4.3736594E+00  4.0237670E+01  3.0860131E+02  3.3995982E-02  9.3376553E+02  3.8674610E+01  1.9761779E+02  1.0814679E-03  8.2724759E-08  9.5542540E+02  2.3290794E+02  1.1107245E-01  5.6366957E-04  0.0000000E+00  0.0000000E+00
   135  1.0470508E+00  1.25796E+03       H2  3.5488599E+11  7.6279043E-01 -2.0395029E+04 -3.2076814E+02  3.5010326E+02  2.3408894E+03  9.6361587E+02 -1.9907862E+03 -1.8725011E+04  2.0687426E-09  2.2706583E+04  8.2465119E-01  2.3406790E+04  7.9998202E-01
  face   135       H2 -9.3450690E+05  9.1411187E+05 -3.0422803E+05  3.0390726E+05  1.0097951E-07  1.0081698E-07
  chan   135  4.0580402E+00  4.0647500E+01  3.0536341E+02  3.4304029E-02  9.2531709E+02  3.8298779E+01  1.9545825E+02  1.1294409E-03  9.0590112E-08  9.4914994E+02  2.3255171E+02  1.1196337E-01  5.7660115E-04  0.0000000E+00  0.0000000E+00
   136  1.0479014E+00  1.26142E+03       H2  3.4213421E+11  7.6135513E-01 -1.9620498E+04 -3.2270840E+02  3.4702064E+02  2.3233360E+03  9.5481001E+02 -1.9763153E+03 -1.7966891E+04  1.9655878E-09  2.1919522E+04  8.1967532E-01  2.2613563E+04  7.9451836E-01
  face   136       H2 -8.9685862E+05  8.7723812E+05 -2.9817118E+05  2.9784847E+05  1.0081698E-07  1.0065200E-07
  chan   136  3.7619913E+00  4.1062735E+01  3.0216132E+02  3.4600311E-02  9.1688663E+02  3.7923381E+01  1.9341289E+02  1.1773567E-03  9.9026199E-08  9.4278120E+02  2.3221728E+02  1.1282928E-01  5.9000537E-04  0.0000000E+00  0.0000000E+00
   137  1.0487670E+00  1.26487E+03       H2  3.2969930E+11  7.5988565E-01 -1.8868948E+04 -3.2472043E+02  3.4399836E+02  2.3058516E+03  9.4602419E+02 -1.9618532E+03 -1.7231815E+04  1.8668414E-09  2.1155522E+04  8.1453038E-01  2.1843518E+04  7.8887544E-01
  face   137       H2 -8.6065743E+05  8.4178848E+05 -2.9221880E+05  2.9189408E+05  1.0065200E-07  1.0048453E-07
  chan   137  3.4844826E+00  4.1483745E+01  2.9899525E+02  3.4886705E-02  9.0847577E+02  3.7548424E+01  1.9148141E+02  1.2252571E-03  1.0807809E-07  9.3632503E+02  2.3190546E+02  1.1367287E-01  6.0390111E-04  0.0000000E+00  0.0000000E+00
   138  1.0496479E+00  1.26832E+03       H2  3.1757703E+11  7.5838089E-01 -1.8140175E+04 -3.2680896E+02  3.4103620E+02  2.2884454E+03  9.3726024E+02 -1.9474092E+03 -1.6519575E+04  1.7723465E-09  2.0414393E+04  8.0921214E-01  2.1096466E+04  7.8304940E-01
  face   138       H2 -8.2585500E+05  8.0771482E+05 -2.8636903E+05  2.8604222E+05  1.0048453E-07  1.0031454E-07
  chan   138  3.2245370E+00  4.1910952E+01  2.9586555E+02  3.5165149E-02  9.0008631E+02  3.7173926E+01  1.8966375E+02  1.2732057E-03  1.1779706E-07  9.2978795E+02  2.3161712E+02  1.1449696E-01  6.1830797E-04  0.0000000E+00  0.0000000E+00
   139  1.0505442E+00  1.27178E+03       H2  3.0576333E+11  7.5683972E-01 -1.7433953E+04 -3.2897850E+02  3.3813418E+02  2.2711277E+03  9.2852012E+02 -1.9329935E+03 -1.5829938E+04  1.6819511E-09  1.9695925E+04  8.0371640E-01  2.0372193E+04  7.7703651E-01
  face   139       H2 -7.9240404E+05  7.7497009E+05 -2.8062006E+05  2.8029109E+05  1.0031454E-07  1.0014201E-07
  chan   139  2.9812264E+00  4.2344835E+01  2.9277268E+02  3.5437646E-02  8.9172021E+02  3.6799910E+01  1.8796011E+02  1.3212877E-03  1.2824150E-07  9.2317704E+02  2.3135317E+02  1.1530446E-01  6.3324621E-04  0.0000000E+00  0.0000000E+00
   140  1.0514563E+00  1.27524E+03       H2  2.9425424E+11  7.5526096E-01 -1.6750033E+04 -3.3123387E+02  3.3529247E+02  2.2539094E+03  9.1980589E+02 -1.9186169E+03 -1.5162650E+04  1.5955083E-09  1.8999883E+04  7.9803909E-01  1.9670468E+04  7.7083318E-01
  face   140       H2 -7.6025832E+05  7.4350828E+05 -2.7497010E+05  2.7463887E+05  1.0014201E-07  9.9966900E-08
  chan   140  2.7536678E+00  4.2785931E+01  2.8971716E+02  3.5706268E-02  8.8337949E+02  3.6426403E+01  1.8637094E+02  1.3696113E-03  1.3947807E-07  9.1649986E+02  2.3111455E+02  1.1609840E-01  6.4873664E-04  0.0000000E+00  0.0000000E+00
   141  1.0523844E+00  1.27872E+03       H2  2.8304595E+11  7.5364336E-01 -1.6088144E+04 -3.3357958E+02  3.3251145E+02  2.2368021E+03  9.1111961E+02 -1.9042907E+03 -1.4517433E+04  1.5128757E-09  1.8326014E+04  7.9217623E-01  1.8991037E+04  7.6443602E-01
  face   141       H2 -7.2937264E+05  7.1328450E+05 -2.6941737E+05  2.6908379E+05  9.9966900E-08  9.9789183E-08
  chan   141  2.5410193E+00  4.3234829E+01  2.8669963E+02  3.5973166E-02  8.7506617E+02  3.6053442E+01  1.8489698E+02  1.4183083E-03  1.5158290E-07  9.0976437E+02  2.3090222E+02  1.1688194E-01  6.6480055E-04  0.0000000E+00  0.0000000E+00
   142  1.0533289E+00  1.28222E+03       H2  2.7213470E+11  7.5198561E-01 -1.5447997E+04 -3.3602031E+02  3.2979163E+02  2.2198183E+03  9.0246330E+02 -1.8900267E+03 -1.3893991E+04  1.4339152E-09  1.7674044E+04  7.8612403E-01  1.8333627E+04  7.5784189E-01
  face   142       H2 -6.9970288E+05  6.8425488E+05 -2.6396015E+05  2.6362413E+05  9.9789183E-08  9.9608826E-08
  chan   142  2.3424778E+00  4.3692176E+01  2.8372074E+02  3.6240579E-02  8.6678224E+02  3.5681068E+01  1.8353922E+02  1.4675291E-03  1.6464310E-07  9.0297883E+02  2.3071714E+02  1.1765832E-01  6.8145958E-04  0.0000000E+00  0.0000000E+00
   143  1.0542899E+00  1.28575E+03       H2  2.6151681E+11  7.5028635E-01 -1.4829279E+04 -3.3856067E+02  3.2713367E+02  2.2029705E+03  8.9383886E+02 -1.8758368E+03 -1.3292003E+04  1.3584931E-09  1.7043677E+04  7.7987886E-01  1.7697944E+04  7.5104787E-01
  face   143       H2 -6.7120595E+05  6.5637667E+05 -2.5859671E+05  2.5825815E+05  9.9608826E-08  9.9425800E-08
  chan   143  2.1572763E+00  4.4158674E+01  2.8078121E+02  3.6510832E-02  8.5852953E+02  3.5309327E+01  1.8229895E+02  1.5174511E-03  1.7875844E-07  8.9615174E+02  2.3056029E+02  1.1843093E-01  6.9873563E-04  0.0000000E+00  0.0000000E+00
   144  1.0552678E+00  1.28931E+03       H2  2.5118862E+11  7.4854413E-01 -1.4231692E+04 -3.4120505E+02  3.2453834E+02  2.1862713E+03  8.8524762E+02 -1.8617330E+03 -1.2711164E+04  1.2864796E-09  1.6434630E+04  7.7343780E-01  1.7083707E+04  7.4405188E-01
  face   144       H2 -6.4383983E+05  6.2960814E+05 -2.5332536E+05  2.5298416E+05  9.9425800E-08  9.9240073E-08
  chan   144  1.9846815E+00  4.4635079E+01  2.7788179E+02  3.6786396E-02  8.5030968E+02  3.4937939E+01  1.8117780E+02  1.5682931E-03  1.9404372E-07  8.8929180E+02  2.3043258E+02  1.1920329E-01  7.1665039E-04  0.0000000E+00  0.0000000E+00
   145  1.0562630E+00  1.29291E+03       H2  2.4114660E+11  7.4675748E-01 -1.3654846E+04 -3.4395790E+02  3.2200642E+02  2.1697309E+03  8.7668898E+02 -1.8477245E+03 -1.2151080E+04  1.2177491E-09  1.5846529E+04  7.6679757E-01  1.6490541E+04  7.3685146E-01
  face   145       H2 -6.1756354E+05  6.0390869E+05 -2.4814446E+05  2.4780050E+05  9.9240073E-08  9.9051614E-08
  chan   145  1.8239945E+00  4.5122188E+01  2.7502317E+02  3.7069570E-02  8.4212439E+02  3.4564591E+01  1.8017714E+02  1.6202722E-03  2.1062784E-07  8.8240744E+02  2.3033503E+02  1.1997874E-01  7.3522786E-04  0.0000000E+00  0.0000000E+00
   146  1.0572756E+00  1.29655E+03       H2  2.3138721E+11  7.4492481E-01 -1.3098367E+04 -3.4682362E+02  3.1953881E+02  2.1533640E+03  8.6816629E+02 -1.8338252E+03 -1.1611366E+04  1.1521795E-09  1.5279016E+04  7.5995507E-01  1.5918094E+04  7.2944449E-01
  face   146       H2 -5.9233717E+05  5.7923880E+05 -2.4305235E+05  2.4270553E+05  9.9051614E-08  9.8860392E-08
  chan   146  1.6745455E+00  4.5620851E+01  2.7220605E+02  3.7362864E-02  8.3397495E+02  3.4191348E+01  1.7929877E+02  1.6736425E-03  2.2865969E-07  8.7550719E+02  2.3026856E+02  1.2076084E-01  7.5449120E-04  0.0000000E+00  0.0000000E+00
   147  1.0583061E+00  1.30025E+03       H2  2.2190675E+11  7.4304450E-01 -1.2561924E+04 -3.4980643E+02  3.1713661E+02  2.1371857E+03  8.5968203E+02 -1.8200491E+03 -1.1091681E+04  1.0896522E-09  1.4731779E+04  7.5290845E-01  1.5366053E+04  7.2183022E-01
  face   147       H2 -5.6812191E+05  5.5555998E+05 -2.3804743E+05  2.3769762E+05  9.8860392E-08  9.8666375E-08
  chan   147  1.5356906E+00  4.6132003E+01  2.6943125E+02  3.7669299E-02  8.2586188E+02  3.3820150E+01  1.7854566E+02  1.7287236E-03  2.4831523E-07  8.6860005E+02  2.3023393E+02  1.2155364E-01  7.7445987E-04  0.0000000E+00  0.0000000E+00
   148  1.0593546E+00  1.30400E+03       H2  2.1270165E+11  7.4111483E-01 -1.2045111E+04 -3.5291057E+02  3.1480089E+02  2.1212273E+03  8.5125535E+02 -1.8064264E+03 -1.0591595E+04  1.0300522E-09  1.4204448E+04  7.4565342E-01  1.4834049E+04  7.1400564E-01
  face   148       H2 -5.4487993E+05  5.3283482E+05 -2.3312810E+05  2.3277519E+05  9.8666375E-08  9.8469533E-08
  chan   148  1.4068164E+00  4.6656611E+01  2.6669947E+02  3.7991758E-02  8.1778565E+02  3.3469703E+01  1.7792048E+02  1.7858478E-03  2.6979401E-07  8.6169454E+02  2.3023195E+02  1.2236102E-01  7.9515512E-04  0.0000000E+00  0.0000000E+00
   149  1.0604216E+00  1.30782E+03       H2  2.0376822E+11  7.3913402E-01 -1.1547526E+04 -3.5613999E+02  3.1253287E+02  2.1054815E+03  8.4286626E+02 -1.7929487E+03 -1.0110717E+04  9.7326779E-10  1.3696615E+04  7.3819097E-01  1.4321680E+04  7.0597284E-01
  face   149       H2 -5.2257449E+05  5.1102696E+05 -2.2829281E+05  2.2793667E+05  9.8469533E-08  9.8269834E-08
  chan   149  1.2873345E+00  4.7195718E+01  2.6401148E+02  3.8333545E-02  8.0974599E+02  3.3120273E+01  1.7742679E+02  1.8454109E-03  2.9333024E-07  8.5479939E+02  2.3026325E+02  1.2318725E-01  8.1659494E-04  0.0000000E+00  0.0000000E+00
   150  1.0615074E+00  1.31172E+03       H2  1.9510278E+11  7.3710022E-01 -1.1068748E+04 -3.5949871E+02  3.1033381E+02  2.0899609E+03  8.3451422E+02 -1.7796271E+03 -9.6486197E+03  9.1919071E-10  1.3207874E+04  7.3052028E-01  1.3828541E+04  6.9773228E-01
  face   150       H2 -5.0116986E+05  4.9010112E+05 -2.2354001E+05  2.2318051E+05  9.8269834E-08  9.8067246E-08
  chan   150  1.1766831E+00  4.7750418E+01  2.6136801E+02  3.8698100E-02  8.0174225E+02  3.2771969E+01  1.7706841E+02  1.9078508E-03  3.1919478E-07  8.4792306E+02  2.3032841E+02  1.2403663E-01  8.3879635E-04  0.0000000E+00  0.0000000E+00
   151  1.0626123E+00  1.31569E+03       H2  1.8670164E+11  7.3501150E-01 -1.0608348E+04 -3.6299020E+02  3.0820500E+02  2.0746770E+03  8.2619822E+02 -1.7664720E+03 -9.2048665E+03  8.6771584E-10  1.2737811E+04  7.2264119E-01  1.3354221E+04  6.8928520E-01
  face   151       H2 -4.8063139E+05  4.7002304E+05 -2.1886819E+05  2.1850520E+05  9.8067246E-08  9.7861738E-08
  chan   151  1.0743260E+00  4.8321860E+01  2.5876972E+02  3.9089013E-02  7.9377332E+02  3.2424906E+01  1.7684938E+02  1.9736516E-03  3.4770127E-07  8.4107372E+02  2.3042792E+02  1.2491357E-01  8.6177522E-04  0.0000000E+00  0.0000000E+00
   152  1.0637365E+00  1.31974E+03       H2  1.7856109E+11  7.3286584E-01 -1.0165892E+04 -3.6661789E+02  3.0614773E+02  2.0596410E+03  8.1791682E+02 -1.7534933E+03 -8.7790166E+03  8.1874125E-10  1.2286003E+04  7.1455431E-01  1.2898299E+04  6.8063369E-01
  face   152       H2 -4.6092542E+05  4.5075953E+05 -2.1427585E+05  2.1390923E+05  9.7861738E-08  9.7653279E-08
  chan   152  9.7975126E-01  4.8911245E+01  2.5621722E+02  3.9510067E-02  7.8583762E+02  3.2079202E+01  1.7677404E+02  2.0433519E-03  3.7921395E-07  8.3425924E+02  2.3056218E+02  1.2582255E-01  8.8554570E-04  0.0000000E+00  0.0000000E+00
   153  1.0648806E+00  1.32389E+03       H2  1.7067735E+11  7.3066115E-01 -9.7409375E+03 -3.7038485E+02  3.0416333E+02  2.0448635E+03  8.0966804E+02 -1.7407002E+03 -8.3706222E+03  7.7216805E-10  1.1852023E+04  7.0626108E-01  1.2460349E+04  6.7178071E-01
  face   153       H2 -4.4201934E+05  4.3227840E+05 -2.0976151E+05  2.0939113E+05  9.7653279E-08  9.7441838E-08
  chan   153  8.9247042E-01  4.9519834E+01  2.5371106E+02  3.9965277E-02  7.7793306E+02  3.1734978E+01  1.7684703E+02  2.1175011E-03  4.1415687E-07  8.2748716E+02  2.3073146E+02  1.2676815E-01  9.1011972E-04  0.0000000E+00  0.0000000E+00
   154  1.0660447E+00  1.32814E+03       H2  1.6304663E+11  7.2839528E-01 -9.3330374E+03 -3.7429369E+02  3.0225315E+02  2.0303542E+03  8.0144938E+02 -1.7281010E+03 -7.9792301E+03  7.2790032E-10  1.1435432E+04  6.9776376E-01  1.2039938E+04  6.6273014E-01
  face   154       H2 -4.2388154E+05  4.1454851E+05 -2.0532375E+05  2.0494945E+05  9.7441838E-08  9.7227384E-08
  chan   154  8.1201791E-01  5.0148943E+01  2.5125173E+02  4.0458908E-02  7.7005703E+02  3.1392357E+01  1.7707329E+02  2.1967437E-03  4.5302458E-07  8.2076471E+02  2.3093589E+02  1.2775507E-01  9.3550665E-04  0.0000000E+00  0.0000000E+00
   155  1.0672294E+00  1.33250E+03       H2  1.5566508E+11  7.2606596E-01 -8.9417389E+03 -3.7834676E+02  3.0041853E+02  2.0161221E+03  7.9325790E+02 -1.7157036E+03 -7.6043820E+03  6.8584505E-10  1.1035789E+04  6.8906553E-01  1.1636626E+04  6.5348683E-01
  face   155       H2 -4.0648142E+05  3.9753968E+05 -2.0096112E+05  2.0058277E+05  9.7227384E-08  9.7009884E-08
  chan   155  7.3795028E-01  5.0799947E+01  2.4883964E+02  4.0995497E-02  7.6220644E+02  3.1051467E+01  1.7745803E+02  2.2818815E-03  4.9639475E-07  8.1409873E+02  2.3117545E+02  1.2878808E-01  9.6171295E-04  0.0000000E+00  0.0000000E+00
   156  1.0684348E+00  1.33698E+03       H2  1.4852882E+11  7.2367090E-01 -8.5665851E+03 -3.8254582E+02  2.9866084E+02  2.0021757E+03  7.8509018E+02 -1.7035149E+03 -7.2456160E+03  6.4591203E-10  1.0652646E+04  6.8017056E-01  1.1249967E+04  6.4405662E-01
  face   156       H2 -3.8978935E+05  3.8122277E+05 -1.9667223E+05  1.9628968E+05  9.7009884E-08  9.6789308E-08
  chan   156  6.6984563E-01  5.1474279E+01  2.4647514E+02  4.1579861E-02  7.5437775E+02  3.0712436E+01  1.7800667E+02  2.3737481E-03  5.4494305E-07  8.0749567E+02  2.3144997E+02  1.2987206E-01  9.8874193E-04  0.0000000E+00  0.0000000E+00
   157  1.0696615E+00  1.34158E+03       H2  1.4163389E+11  7.2120767E-01 -8.2071185E+03 -3.8689209E+02  2.9698146E+02  1.9885224E+03  7.7694242E+02 -1.6915409E+03 -6.9024697E+03  6.0801383E-10  1.0285551E+04  6.7108406E-01  1.0879514E+04  6.3444649E-01
  face   157       H2 -3.7377668E+05  3.6556956E+05 -1.9245570E+05  1.9206881E+05  9.6789308E-08  9.6565626E-08
  chan   157  6.0730299E-01  5.2173430E+01  2.4415851E+02  4.2217119E-02  7.4656703E+02  3.0375393E+01  1.7872478E+02  2.4732098E-03  5.9946080E-07  8.0096156E+02  2.3175909E+02  1.3101191E-01  1.0165935E-03  0.0000000E+00  0.0000000E+00
   158  1.0709097E+00  1.34631E+03       H2  1.3497632E+11  7.1867383E-01 -7.8628682E+03 -3.9138619E+02  2.9538172E+02  1.9751686E+03  7.6881050E+02 -1.6797869E+03 -6.5744675E+03  5.7206572E-10  9.9340413E+03  6.6181198E-01  1.0524805E+04  6.2466409E-01
  face   158       H2 -3.5841572E+05  3.5055286E+05 -1.8831018E+05  1.8791879E+05  9.6565626E-08  9.6338805E-08
  chan   158  5.4994173E-01  5.2898949E+01  2.4188991E+02  4.2912685E-02  7.3877003E+02  3.0040469E+01  1.7961799E+02  2.5812024E-03  6.6087560E-07  7.9450199E+02  2.3210226E+02  1.3221258E-01  1.0452640E-03  0.0000000E+00  0.0000000E+00
   159  1.0721799E+00  1.35118E+03       H2  1.2855207E+11  7.1606684E-01 -7.5333831E+03 -3.9602807E+02  2.9386298E+02  1.9621223E+03  7.6069226E+02 -1.6682593E+03 -6.2611518E+03  5.3798559E-10  9.5976705E+03  6.5236162E-01  1.0185396E+04  6.1471852E-01
  face   159       H2 -3.4367974E+05  3.3614636E+05 -1.8423433E+05  1.8383830E+05  9.6338805E-08  9.6108815E-08
  chan   159  4.9740097E-01  5.3652443E+01  2.3966947E+02  4.3672310E-02  7.3098225E+02  2.9710016E+01  1.8069195E+02  2.6990129E-03  7.3027653E-07  7.8812208E+02  2.3247874E+02  1.3347904E-01  1.0747460E-03  0.0000000E+00  0.0000000E+00
   160  1.0734724E+00  1.35619E+03       H2  1.2235700E+11  7.1338408E-01 -7.2182249E+03 -4.0081684E+02  2.9242677E+02  1.9493989E+03  7.5259263E+02 -1.6569721E+03 -5.9620697E+03  5.0569382E-10  9.2760139E+03  6.4274049E-01  9.8608674E+03  6.0461919E-01
  face   160       H2 -3.2954292E+05  3.2232469E+05 -1.8022685E+05  1.7982603E+05  9.6108815E-08  9.5875626E-08
  chan   160  4.4933823E-01  5.4435617E+01  2.3749732E+02  4.4502462E-02  7.2319874E+02  2.9393892E+01  1.8195302E+02  2.8278361E-03  8.0895575E-07  7.8182704E+02  2.3288744E+02  1.3481660E-01  1.1050239E-03  0.0000000E+00  0.0000000E+00
   161  1.0747877E+00  1.36136E+03       H2  1.1638702E+11  7.1062290E-01 -6.9169098E+03 -4.0575077E+02  2.9107431E+02  1.9369898E+03  7.4449552E+02 -1.6459155E+03 -5.6767450E+03  4.7511348E-10  8.9685761E+03  6.3295945E-01  9.5507247E+03  5.9437846E-01
  face   161       H2 -3.1598033E+05  3.0906342E+05 -1.7628646E+05  1.7588071E+05  9.5875626E-08  9.5639206E-08
  chan   161  4.0543090E-01  5.5250174E+01  2.3537329E+02  4.5409347E-02  7.1541504E+02  2.9080481E+01  1.8340604E+02  2.9690228E-03  8.9841335E-07  7.7562074E+02  2.3332722E+02  1.3622995E-01  1.1360848E-03  0.0000000E+00  0.0000000E+00
   162  1.0761260E+00  1.36669E+03       H2  1.1063797E+11  7.0778059E-01 -6.6289762E+03 -4.1082695E+02  2.8980675E+02  1.9248957E+03  7.3639510E+02 -1.6350889E+03 -5.4047143E+03  4.4617012E-10  8.6748921E+03  6.2302957E-01  9.2545056E+03  5.8400897E-01
  face   162       H2 -3.0296796E+05  2.9633898E+05 -1.7241190E+05  1.7200107E+05  9.5639206E-08  9.5399526E-08
  chan   162  3.6537415E-01  5.6097869E+01  2.3329711E+02  4.6399449E-02  7.0762680E+02  2.8768295E+01  1.8505536E+02  3.1242176E-03  1.0004108E-06  7.6950647E+02  2.3379671E+02  1.3772361E-01  1.1679126E-03  0.0000000E+00  0.0000000E+00
   163  1.0774879E+00  1.37219E+03       H2  1.0510565E+11  7.0485438E-01 -6.3539734E+03 -4.1604158E+02  2.8862525E+02  1.9131174E+03  7.2828729E+02 -1.6244922E+03 -5.1455227E+03  4.1879163E-10  8.3945071E+03  6.1296305E-01  8.9717576E+03  5.7352449E-01
  face   163       H2 -2.9048269E+05  2.8412871E+05 -1.6860193E+05  1.6818589E+05  9.5399526E-08  9.5156556E-08
  chan   163  3.2888023E-01  5.6980514E+01  2.3126837E+02  4.7479641E-02  6.9982987E+02  2.8457416E+01  1.8690499E+02  3.2948847E-03  1.1170214E-06  7.6348709E+02  2.3429427E+02  1.3930203E-01  1.2004874E-03  0.0000000E+00  0.0000000E+00
   164  1.0788738E+00  1.37786E+03       H2  9.9785760E+10  7.0184150E-01 -6.0914523E+03 -4.2138961E+02  2.8753091E+02  1.9016553E+03  7.2016837E+02 -1.6141244E+03 -4.8987175E+03  3.9290824E-10  8.1269663E+03  6.0277321E-01  8.7020281E+03  5.6293975E-01
  face   164       H2 -2.7850225E+05  2.7241080E+05 -1.6485535E+05  1.6443396E+05  9.5156556E-08  9.4910265E-08
  chan   164  2.9567798E-01  5.7899969E+01  2.2928660E+02  4.8657115E-02  6.9202045E+02  2.8147919E+01  1.8895831E+02  3.4831156E-03  1.2506838E-06  7.5756492E+02  2.3481799E+02  1.4096948E-01  1.2337861E-03  0.0000000E+00  0.0000000E+00
   165  1.0802840E+00  1.38371E+03       H2  9.4673983E+10  6.9873911E-01 -5.8409679E+03 -4.2686485E+02  2.8652476E+02  1.8905080E+03  7.1203514E+02 -1.6039832E+03 -4.6638495E+03  3.6845247E-10  7.8718159E+03  5.9247441E-01  8.4448655E+03  5.5227043E-01
  face   165       H2 -2.6700521E+05  2.6116424E+05 -1.6117098E+05  1.6074412E+05  9.4910265E-08  9.4660623E-08
  chan   165  2.6551232E-01  5.8858139E+01  2.2735117E+02  4.9939327E-02  6.8419527E+02  2.7839873E+01  1.9121779E+02  3.6907887E-03  1.4042637E-06  7.5174166E+02  2.3536569E+02  1.4272995E-01  1.2677834E-03  0.0000000E+00  0.0000000E+00
   166  1.0817190E+00  1.38973E+03       H2  8.9765924E+10  6.9554439E-01 -5.6020798E+03 -4.3245971E+02  2.8560773E+02  1.8796730E+03  7.0388504E+02 -1.5940653E+03 -4.4404742E+03  3.4535907E-10  7.6286047E+03  5.8208209E-01  8.1998202E+03  5.4153312E-01
  face   166       H2 -2.5597096E+05  2.5036888E+05 -1.5754768E+05  1.5711522E+05  9.4660623E-08  9.4407602E-08
  chan   166  2.3814369E-01  5.9856961E+01  2.2546129E+02  5.1333948E-02  6.7635171E+02  2.7533338E+01  1.9368488E+02  3.9201941E-03  1.5811267E-06  7.4601834E+02  2.3593492E+02  1.4458711E-01  1.3024525E-03  0.0000000E+00  0.0000000E+00
   167  1.0831792E+00  1.39595E+03       H2  8.5057136E+10  6.9225452E-01 -5.3743533E+03 -4.3816523E+02  2.8478062E+02  1.8691463E+03  6.9571629E+02 -1.5843657E+03 -4.2281528E+03  3.2356498E-10  7.3968842E+03  5.7161268E-01  7.9664454E+03  5.3074522E-01
  face   167       H2 -2.4537970E+05  2.4000535E+05 -1.5398430E+05  1.5354614E+05  9.4407602E-08  9.4151171E-08
  chan   167  2.1334741E-01  6.0898395E+01  2.2361603E+02  5.2848819E-02  6.6848793E+02  2.7228363E+01  1.9635974E+02  4.1739159E-03  1.7852216E-06  7.4039526E+02  2.3652295E+02  1.4654419E-01  1.3377661E-03  0.0000000E+00  0.0000000E+00
   168  1.0846651E+00  1.40235E+03       H2  8.0543111E+10  6.8886669E-01 -5.1573597E+03 -4.4397103E+02  2.8404407E+02  1.8589222E+03  6.8752793E+02 -1.5748782E+03 -4.0264525E+03  3.0300926E-10  7.1762089E+03  5.6108352E-01  7.7442970E+03  5.1992486E-01
  face   168       H2 -2.3521241E+05  2.3005505E+05 -1.5047977E+05  1.5003579E+05  9.4151171E-08  9.3891303E-08
  chan   168  1.9091308E-01  6.1984418E+01  2.2181425E+02  5.4491905E-02  6.6060294E+02  2.6924990E+01  1.9924119E+02  4.4543885E-03  2.0211771E-06  7.3487195E+02  2.3712674E+02  1.4860398E-01  1.3736963E-03  0.0000000E+00  0.0000000E+00
   169  1.0861772E+00  1.40894E+03       H2  7.6219280E+10  6.8537811E-01 -4.9506766E+03 -4.4986516E+02  2.8339851E+02  1.8489933E+03  6.7931985E+02 -1.5655948E+03 -3.8349469E+03  2.8363307E-10  6.9661365E+03  5.5051275E-01  7.5329335E+03  5.0909077E-01
  face   169       H2 -2.2545081E+05  2.2050013E+05 -1.4703301E+05  1.4658314E+05  9.3891303E-08  9.3627969E-08
  chan   169  1.7064403E-01  6.3117003E+01  2.2005460E+02  5.6271231E-02  6.5269660E+02  2.6623249E+01  2.0232649E+02  4.7646011E-03  2.2944124E-06  7.2944709E+02  2.3774291E+02  1.5076871E-01  1.4102161E-03  0.0000000E+00  0.0000000E+00
   170  1.0877158E+00  1.41573E+03       H2  7.2081011E+10  6.8178607E-01 -4.7538886E+03 -4.5583418E+02  2.8284416E+02  1.8393498E+03  6.7109281E+02 -1.5565057E+03 -3.6532171E+03  2.6537959E-10  6.7662284E+03  5.3991927E-01  7.3319168E+03  4.9826222E-01
  face   170       H2 -2.1607740E+05  2.1132351E+05 -1.4364299E+05  1.4318715E+05  9.3627969E-08  9.3361139E-08
  chan   170  1.5235668E-01  6.4298106E+01  2.1833550E+02  5.8194827E-02  6.4476965E+02  2.6323161E+01  2.0561128E+02  5.1077597E-03  2.6112629E-06  7.2411838E+02  2.3836774E+02  1.5304005E-01  1.4472990E-03  0.0000000E+00  0.0000000E+00
   171  1.0892815E+00  1.42271E+03       H2  6.8123611E+10  6.7808792E-01 -4.5665831E+03 -4.6186311E+02  2.8238088E+02  1.8299798E+03  6.6284834E+02 -1.5475989E+03 -3.4808473E+03  2.4819400E-10  6.5760451E+03  5.2932230E-01  7.1408069E+03  4.8745854E-01
  face   171       H2 -2.0707538E+05  2.0250880E+05 -1.4030870E+05  1.3984684E+05  9.3361139E-08  9.3090787E-08
  chan   171  1.3588001E-01  6.5529640E+01  2.1665509E+02  6.0270620E-02  6.3682360E+02  2.6024737E+01  2.0908947E+02  5.4872003E-03  2.9791212E-06  7.1888250E+02  2.3899709E+02  1.5541895E-01  1.4849198E-03  0.0000000E+00  0.0000000E+00
   172  1.0908747E+00  1.42987E+03       H2  6.4342316E+10  6.7428110E-01 -4.3883633E+03 -4.6793545E+02  2.8200829E+02  1.8208739E+03  6.5459377E+02 -1.5388656E+03 -3.3174331E+03  2.3202340E-10  6.3951644E+03  5.1874086E-01  6.9591810E+03  4.7669878E-01
  face   172       H2 -1.9842867E+05  1.9404031E+05 -1.3702919E+05  1.3656126E+05  9.3090787E-08  9.2816885E-08
  chan   172  1.2105491E-01  6.6813463E+01  2.1501126E+02  6.2506546E-02  6.2886053E+02  2.5733237E+01  2.1275342E+02  5.9065215E-03  3.4066143E-06  7.1373508E+02  2.3962632E+02  1.5790582E-01  1.5230528E-03  0.0000000E+00  0.0000000E+00
   173  1.0924959E+00  1.43723E+03       H2  6.0732277E+10  6.7036316E-01 -4.2188439E+03 -4.7403320E+02  2.8172581E+02  1.8120220E+03  6.4633735E+02 -1.5302962E+03 -3.1625809E+03  2.1681673E-10  6.2231733E+03  5.0819425E-01  6.7866250E+03  4.6600202E-01
  face   173       H2 -1.9012187E+05  1.8590302E+05 -1.3380352E+05  1.3332948E+05  9.2816885E-08  9.2539406E-08
  chan   173  1.0773349E-01  6.8151410E+01  2.1340176E+02  6.4911006E-02  6.2088266E+02  2.5454691E+01  2.1659486E+02  6.3696779E-03  3.9038448E-06  7.0867121E+02  2.4025016E+02  1.6050082E-01  1.5616653E-03  0.0000000E+00  0.0000000E+00
   174  1.0941457E+00  1.44478E+03       H2  5.7288635E+10  6.6633179E-01 -4.0576290E+03 -4.8013684E+02  2.8153200E+02  1.8033913E+03  6.3807097E+02 -1.5218593E+03 -3.0159066E+03  2.0252492E-10  6.0596252E+03  4.9770513E-01  6.6226892E+03  4.5539002E-01
  face   174       H2 -1.8214022E+05  1.7808259E+05 -1.3063077E+05  1.3015063E+05  9.2539406E-08  9.2258324E-08
  chan   174  9.5779103E-02  6.9545086E+01  2.1182364E+02  6.7491283E-02  6.1289280E+02  2.5178169E+01  2.2060227E+02  6.8807373E-03  4.4824689E-06  7.0368351E+02  2.4086288E+02  1.6320256E-01  1.6007329E-03  0.0000000E+00  0.0000000E+00
   175  1.0958244E+00  1.45251E+03       H2  5.4006469E+10  6.6218486E-01 -3.9043382E+03 -4.8622537E+02  2.8142487E+02  1.7949559E+03  6.2979657E+02 -1.5135310E+03 -2.8770326E+03  1.8910068E-10  5.9040946E+03  4.8729446E-01  6.4669443E+03  4.4488284E-01
  face   175       H2 -1.7446962E+05  1.7056529E+05 -1.2751009E+05  1.2702387E+05  9.2258324E-08  9.1973612E-08
  chan   175  8.5065293E-02  7.0995940E+01  2.1027361E+02  7.0254591E-02  6.0489346E+02  2.4903109E+01  2.2476294E+02  7.4440572E-03  5.1560259E-06  6.9876328E+02  2.4145799E+02  1.6600902E-01  1.6402260E-03  0.0000000E+00  0.0000000E+00
   176  1.0975327E+00  1.46041E+03       H2  5.0880877E+10  6.5792038E-01 -3.7585850E+03 -4.9227641E+02  2.8140100E+02  1.7866821E+03  6.2151680E+02 -1.5052811E+03 -2.7455803E+03  1.7649865E-10  5.7561426E+03  4.7698268E-01  6.3189446E+03  4.3449983E-01
  face   176       H2 -1.6709663E+05  1.6333805E+05 -1.2444066E+05  1.2394838E+05  9.1973612E-08  9.1685244E-08
  chan   176  7.5475731E-02  7.2505000E+01  2.0874732E+02  7.3205981E-02  5.9688733E+02  2.4629469E+01  2.2905995E+02  8.0639184E-03  5.9399560E-06  6.9389820E+02  2.4202851E+02  1.6891586E-01  1.6801283E-03  0.0000000E+00  0.0000000E+00
   177  1.0992710E+00  1.46850E+03       H2  4.7906890E+10  6.5353662E-01 -3.6200017E+03 -4.9826636E+02  2.8145628E+02  1.7785320E+03  6.1323311E+02 -1.4970757E+03 -2.6211923E+03  1.6467513E-10  5.6153438E+03  4.6679106E-01  6.1782563E+03  4.2426085E-01
  face   177       H2 -1.6000840E+05  1.5638840E+05 -1.2142166E+05  1.2092340E+05  9.1685244E-08  9.1393195E-08
  chan   177  6.6903110E-02  7.4073025E+01  2.0724000E+02  7.6350291E-02  5.8887590E+02  2.4357208E+01  2.3347564E+02  8.7448531E-03  6.8520747E-06  6.8907439E+02  2.4256648E+02  1.7191806E-01  1.7204136E-03  0.0000000E+00  0.0000000E+00
   178  1.1010398E+00  1.47675E+03       H2  4.5079498E+10  6.4903205E-01 -3.4882282E+03 -5.0417063E+02  2.8158571E+02  1.7704621E+03  6.0494553E+02 -1.4888764E+03 -2.5035225E+03  1.5358817E-10  5.4812752E+03  4.5674088E-01  6.0444466E+03  4.1418555E-01
  face   178       H2 -1.5319268E+05  1.4970445E+05 -1.1845236E+05  1.1794819E+05  9.1393195E-08  9.1097442E-08
  chan   178  5.9248764E-02  7.5700420E+01  2.0574635E+02  7.9691890E-02  5.8085924E+02  2.4086286E+01  2.3799132E+02  9.4916088E-03  7.9128722E-06  6.8427604E+02  2.4306293E+02  1.7500965E-01  1.7610442E-03  0.0000000E+00  0.0000000E+00
   179  1.1028398E+00  1.48516E+03       H2  4.2393687E+10  6.4440541E-01 -3.3628844E+03 -5.0996376E+02  2.8178297E+02  1.7624216E+03  5.9665246E+02 -1.4806386E+03 -2.3922095E+03  1.4319752E-10  5.3534867E+03  4.4685073E-01  5.9170527E+03  4.0429072E-01
  face   179       H2 -1.4663780E+05  1.4327492E+05 -1.1553203E+05  1.1502207E+05  9.1097442E-08  9.0797960E-08
  chan   179  5.2422293E-02  7.7387085E+01  2.0426023E+02  8.3233877E-02  5.7283580E+02  2.3816660E+01  2.4258640E+02  1.0308999E-02  9.1457436E-06  6.7948454E+02  2.4350790E+02  1.7818314E-01  1.8019756E-03  0.0000000E+00  0.0000000E+00
   180  1.1046714E+00  1.49374E+03       H2  3.9844358E+10  6.3965571E-01 -3.2437731E+03 -5.1561915E+02  2.8204180E+02  1.7543590E+03  5.8834922E+02 -1.4723172E+03 -2.2870750E+03  1.3346444E-10  5.2317094E+03  4.3715636E-01  5.7957930E+03  3.9460951E-01
  face   180       H2 -1.4033268E+05  1.3708891E+05 -1.1265999E+05  1.1214437E+05  9.0797960E-08  9.0494725E-08
  chan   180  4.6340666E-02  7.9132739E+01  2.0277574E+02  8.6981933E-02  5.6480091E+02  2.3548311E+01  2.4724355E+02  1.1202695E-02  1.0578048E-05  6.7468188E+02  2.4388984E+02  1.8143219E-01  1.8431157E-03  0.0000000E+00  0.0000000E+00
   181  1.1065352E+00  1.50244E+03       H2  3.7427184E+10  6.3478227E-01 -3.1303304E+03 -5.2110775E+02  2.8234156E+02  1.7461557E+03  5.8003925E+02 -1.4638141E+03 -2.1876240E+03  1.2435319E-10  5.1152522E+03  4.2766688E-01  5.6799354E+03  3.8514945E-01
  face   181       H2 -1.3426663E+05  1.3113630E+05 -1.0983560E+05  1.0931450E+05  9.0494725E-08  9.0187715E-08
  chan   181  4.0931157E-02  8.0932754E+01  2.0127697E+02  9.0904229E-02  5.5675826E+02  2.3280984E+01  2.5190018E+02  1.2170689E-02  1.2233681E-05  6.6981642E+02  2.4420105E+02  1.8472402E-01  1.8846929E-03  0.0000000E+00  0.0000000E+00
   182  1.1084318E+00  1.51118E+03       H2  3.5138940E+10  6.2978477E-01 -3.0219319E+03 -5.2640041E+02  2.8263510E+02  1.7375735E+03  5.7174159E+02 -1.4549384E+03 -2.0933939E+03  1.1583138E-10  5.0032707E+03  4.1840509E-01  5.5685409E+03  3.7593222E-01
  face   182       H2 -1.2842970E+05  1.2540776E+05 -1.0705826E+05  1.0653186E+05  9.0187715E-08  8.9876907E-08
  chan   182  3.6131129E-02  8.2774134E+01  1.9972994E+02  9.4890717E-02  5.4872761E+02  2.3013980E+01  2.5641089E+02  1.3192840E-02  1.4120979E-05  6.6477602E+02  2.4444189E+02  1.8797564E-01  1.9275900E-03  0.0000000E+00  0.0000000E+00
   183  1.1103618E+00  1.52000E+03       H2  3.2972830E+10  6.2466321E-01 -2.9186793E+03 -5.3147326E+02  2.8293507E+02  1.7286500E+03  5.6342434E+02 -1.4457149E+03 -2.0044377E+03  1.0786187E-10  4.8958675E+03  4.0941420E-01  5.4617376E+03  3.6699633E-01
  face   183       H2 -1.2281274E+05  1.1989406E+05 -1.0432741E+05  1.0379594E+05  8.9876907E-08  8.9562282E-08
  chan   183  3.1870211E-02  8.4660559E+01  1.9814364E+02  9.9000916E-02  5.4067585E+02  2.2748482E+01  2.6083731E+02  1.4284813E-02  1.6284875E-05  6.5959234E+02  2.4458850E+02  1.9122046E-01  1.9710839E-03  0.0000000E+00  0.0000000E+00
   184  1.1123256E+00  1.52895E+03       H2  3.0923233E+10  6.1941789E-01 -2.8201668E+03 -5.3630395E+02  2.8323948E+02  1.7193605E+03  5.5507147E+02 -1.4361210E+03 -1.9203497E+03  1.0041119E-10  4.7925917E+03  4.0069128E-01  5.3590707E+03  3.5833633E-01
  face   184       H2 -1.1740668E+05  1.1458651E+05 -1.0164251E+05  1.0110620E+05  8.9562282E-08  8.9243816E-08
  chan   184  2.8089220E-02  8.6591413E+01  1.9651672E+02  1.0326016E-01  5.3257972E+02  2.2491754E+01  2.6519348E+02  1.5457055E-02  1.8770510E-05  6.5426222E+02  2.4462134E+02  1.9446515E-01  2.0147510E-03  0.0000000E+00  0.0000000E+00
   185  1.1143241E+00  1.53800E+03       H2  2.8985196E+10  6.1404945E-01 -2.7260451E+03 -5.4086676E+02  2.8353554E+02  1.7096193E+03  5.4665988E+02 -1.4260838E+03 -1.8408281E+03  9.3448522E-11  4.6929956E+03  3.9225012E-01  5.2600667E+03  3.4996288E-01
  face   185       H2 -1.1220298E+05  1.0947694E+05 -9.9003056E+04  9.8462189E+04  8.9243816E-08  8.8921492E-08
  chan   185  2.4736824E-02  8.8562528E+01  1.9484061E+02  1.0766644E-01  5.2442148E+02  2.2238398E+01  2.6946095E+02  1.6713962E-02  2.1622659E-05  6.4875829E+02  2.4452370E+02  1.9769683E-01  2.0583808E-03  0.0000000E+00  0.0000000E+00
   186  1.1163576E+00  1.54716E+03       H2  2.7154000E+10  6.0855893E-01 -2.6359935E+03 -5.4513573E+02  2.8380625E+02  1.6993267E+03  5.3816985E+02 -1.4155204E+03 -1.7656088E+03  8.6944788E-11  4.5966497E+03  3.8410776E-01  5.1642622E+03  3.4188985E-01
  face   186       H2 -1.0719364E+05  1.0455765E+05 -9.6408593E+04  9.5863457E+04  8.8921492E-08  8.8595289E-08
  chan   186  2.1767165E-02  9.0567907E+01  1.9310437E+02  1.1220742E-01  5.1618372E+02  2.1986138E+01  2.7361132E+02  1.8057695E-02  2.4888630E-05  6.4304504E+02  2.4427939E+02  2.0089547E-01  2.1018123E-03  0.0000000E+00  0.0000000E+00
   187  1.1184269E+00  1.55642E+03       H2  2.5425005E+10  6.0294770E-01 -2.5497109E+03 -5.4908569E+02  2.8403340E+02  1.6883825E+03  5.2958245E+02 -1.4043491E+03 -1.6944475E+03  8.0872341E-11  4.5031456E+03  3.7628086E-01  5.0712124E+03  3.3413065E-01
  face   187       H2 -1.0237108E+05  9.9821368E+04 -9.3858683E+04  9.3309597E+04  8.8595289E-08  8.8265190E-08
  chan   187  1.9138885E-02  9.2600551E+01  1.9129684E+02  1.1686884E-01  5.0784750E+02  2.1734952E+01  2.7761603E+02  1.9489234E-02  2.8620365E-05  6.3708627E+02  2.4387200E+02  2.0403962E-01  2.1448586E-03  0.0000000E+00  0.0000000E+00
   188  1.1205326E+00  1.56577E+03       H2  2.3793659E+10  5.9721756E-01 -2.4669049E+03 -5.5269246E+02  2.8419811E+02  1.6766867E+03  5.2087762E+02 -1.3924886E+03 -1.6271087E+03  7.5204915E-11  4.4120860E+03  3.6878445E-01  4.9804822E+03  3.2669703E-01
  face   188       H2 -9.7728170E+04  9.5261265E+04 -9.1352924E+04  9.0800231E+04  8.8265190E-08  8.7931177E-08
  chan   188  1.6814730E-02  9.4652555E+01  1.8940710E+02  1.2163545E-01  4.9939279E+02  2.1484831E+01  2.8144740E+02  2.1010322E-02  3.2874983E-05  6.3084634E+02  2.4328504E+02  2.0710706E-01  2.1873007E-03  0.0000000E+00  0.0000000E+00
   189  1.1226753E+00  1.57521E+03       H2  2.2255508E+10  5.9137067E-01 -2.3872948E+03 -5.5593308E+02  2.8428095E+02  1.6641418E+03  5.1203496E+02 -1.3798608E+03 -1.5633671E+03  6.9917587E-11  4.3230887E+03  3.6163198E-01  4.8916506E+03  3.1959910E-01
  face   189       H2 -9.3258197E+04  9.0870902E+04 -8.8890942E+04  8.8335009E+04  8.7931177E-08  8.7593233E-08
  chan   189  1.4761213E-02  9.6715131E+01  1.8742457E+02  1.2649098E-01  4.9079918E+02  2.1235777E+01  2.8507864E+02  2.2622645E-02  3.7715078E-05  6.2429081E+02  2.4250238E+02  2.1007498E-01  2.2288897E-03  0.0000000E+00  0.0000000E+00
   190  1.1248557E+00  1.58474E+03       H2  2.0806206E+10  5.8540958E-01 -2.3106137E+03 -5.5878588E+02  2.8426235E+02  1.6506539E+03  5.0303447E+02 -1.3663915E+03 -1.5030080E+03  6.4986744E-11  4.2357911E+03  3.5483525E-01  4.8043158E+03  3.1284538E-01
  face   190       H2 -8.8954840E+04  8.6644226E+04 -8.6472394E+04  8.5913608E+04  8.7593233E-08  8.7251343E-08
  chan   190  1.2948291E-02  9.8778678E+01  1.8533930E+02  1.3141840E-01  4.8204666E+02  2.0987804E+01  2.8848411E+02  2.4327347E-02  4.3209092E-05  6.1738722E+02  2.4150854E+02  2.1292020E-01  2.2693501E-03  0.0000000E+00  0.0000000E+00
   191  1.1270744E+00  1.59436E+03       H2  1.9441525E+10  5.7933723E-01 -2.2366095E+03 -5.6123079E+02  2.8412291E+02  1.6361362E+03  4.9385727E+02 -1.3520133E+03 -1.4458270E+03  6.0390032E-11  4.1498535E+03  3.4840434E-01  4.7180993E+03  3.0644267E-01
  face   191       H2 -8.4812153E+04  8.2575543E+04 -8.4096960E+04  8.3535729E+04  8.7251343E-08  8.6905492E-08
  chan   191  1.1349046E-02  1.0083289E+02  1.8314227E+02  1.3640029E-01  4.7311633E+02  2.0740939E+01  2.9163964E+02  2.6123935E-02  4.9431800E-05  6.1010609E+02  2.4028909E+02  2.1561964E-01  2.3083813E-03  0.0000000E+00  0.0000000E+00
   192  1.1293322E+00  1.60406E+03       H2  1.8157356E+10  5.7315693E-01 -2.1650529E+03 -5.6324934E+02  2.8384384E+02  1.6205133E+03  4.8448923E+02 -1.3366694E+03 -1.3916328E+03  5.6106321E-11  4.0649717E+03  3.4234748E-01  4.6326594E+03  3.0039610E-01
  face   192       H2 -8.0824543E+04  7.8659490E+04 -8.1764346E+04  8.1201097E+04  8.6905492E-08  8.6555666E-08
  chan   192  9.9393982E-03  1.0286691E+02  1.8082557E+02  1.4141916E-01  4.6399118E+02  2.0498051E+01  2.9452285E+02  2.8014658E-02  5.6464820E-05  6.0242164E+02  2.3883099E+02  2.1815067E-01  2.3456627E-03  0.0000000E+00  0.0000000E+00
   193  1.1316296E+00  1.61384E+03       H2  1.6949717E+10  5.6687236E-01 -2.0957201E+03 -5.6482489E+02  2.8340738E+02  1.6037181E+03  4.7491562E+02 -1.3203107E+03 -1.3402343E+03  5.2115645E-11  3.9808557E+03  3.3666989E-01  4.5476705E+03  2.9470787E-01
  face   193       H2 -7.6986743E+04  7.4891023E+04 -7.9474278E+04  7.8909453E+04  8.6555666E-08  8.6201854E-08
  chan   193  8.6978310E-03  1.0486947E+02  1.7838276E+02  1.4645827E-01  4.5465675E+02  2.0258864E+01  2.9711374E+02  3.0000975E-02  6.4397491E-05  5.9431291E+02  2.3712290E+02  2.2049176E-01  2.3808543E-03  0.0000000E+00  0.0000000E+00
   194  1.1339674E+00  1.62371E+03       H2  1.5814756E+10  5.6048755E-01 -2.0284095E+03 -5.6594270E+02  2.8279712E+02  1.5856841E+03  4.6511277E+02 -1.3028869E+03 -1.2914653E+03  4.8399171E-11  3.8972392E+03  3.3137953E-01  4.4628334E+03  2.8938236E-01
  face   194       H2 -7.3293797E+04  7.1265388E+04 -7.7226502E+04  7.6660560E+04  8.6201854E-08  8.5844042E-08
  chan   194  7.6051480E-03  1.0682907E+02  1.7580894E+02  1.5150152E-01  4.4510189E+02  2.0010879E+01  2.9939452E+02  3.2083389E-02  7.3327384E-05  5.8576407E+02  2.3515553E+02  2.2262265E-01  2.4136068E-03  0.0000000E+00  0.0000000E+00
   195  1.1363464E+00  1.63367E+03       H2  1.4748743E+10  5.5400687E-01 -1.9629312E+03 -5.6659004E+02  2.8199906E+02  1.5663694E+03  4.5506785E+02 -1.2843703E+03 -1.2451510E+03  4.4939124E-11  3.8138916E+03  3.2647781E-01  4.3778897E+03  2.8441807E-01
  face   195       H2 -6.9741033E+04  6.7778102E+04 -7.5020782E+04  7.4454192E+04  8.5844042E-08  8.5482221E-08
  chan   195  6.6442178E-03  1.0873444E+02  1.7310143E+02  1.5653692E-01  4.3531885E+02  1.9748999E+01  3.0135203E+02  3.4264528E-02  8.3363418E-05  5.7676653E+02  2.3292165E+02  2.2452621E-01  2.4435454E-03  0.0000000E+00  0.0000000E+00
   196  1.1387671E+00  1.64372E+03       H2  1.3748086E+10  5.4743501E-01 -1.8991442E+03 -5.6675618E+02  2.8100113E+02  1.5457682E+03  4.4479305E+02 -1.2647671E+03 -1.2011333E+03  4.1718773E-11  3.7306675E+03  3.2196203E-01  4.2926698E+03  2.7981031E-01
  face   196       H2 -6.6324049E+04  6.4424905E+04 -7.2856894E+04  7.2290138E+04  8.5482221E-08  8.5116381E-08
  chan   196  5.7997999E-03  1.1057444E+02  1.7025934E+02  1.6155402E-01  4.2530423E+02  1.9488827E+01  3.0297559E+02  3.6549065E-02  9.4625564E-05  5.6731770E+02  2.3041660E+02  2.2618732E-01  2.4702993E-03  0.0000000E+00  0.0000000E+00
   197  1.1412305E+00  1.65386E+03       H2  1.2809332E+10  5.4077697E-01 -1.8369156E+03 -5.6643229E+02  2.7979367E+02  1.5238768E+03  4.3429001E+02 -1.2440831E+03 -1.1592648E+03  3.8722376E-11  3.6474310E+03  3.1783050E-01  4.2070183E+03  2.7555497E-01
  face   197       H2 -6.3038656E+04  6.1201740E+04 -7.0734629E+04  7.0168197E+04  8.5116381E-08  8.4746514E-08
  chan   197  5.0583410E-03  1.1233832E+02  1.6728375E+02  1.6654497E-01  4.1505913E+02  1.9230882E+01  3.0425767E+02  3.8940934E-02  1.0724696E-04  5.5742157E+02  2.2763837E+02  2.2759350E-01  2.4935033E-03  0.0000000E+00  0.0000000E+00
   198  1.1437371E+00  1.66411E+03       H2  1.1929153E+10  5.3403802E-01 -1.7761159E+03 -5.6561159E+02  2.7837019E+02  1.5007102E+03  4.2356436E+02 -1.2223400E+03 -1.1193875E+03  3.5935119E-11  3.5640674E+03  3.1407584E-01  4.1208078E+03  2.7164273E-01
  face   198       H2 -5.9880867E+04  5.8104751E+04 -6.8653786E+04  6.8088174E+04  8.4746514E-08  8.4372613E-08
  chan   198  4.4077871E-03  1.1401617E+02  1.6417811E+02  1.7150757E-01  4.0458906E+02  1.8975297E+01  3.0519556E+02  4.1445607E-02  1.2137847E-04  5.4708990E+02  2.2458752E+02  2.2873640E-01  2.5127873E-03  0.0000000E+00  0.0000000E+00
   199  1.1462878E+00  1.67447E+03       H2  1.1104401E+10  5.2722372E-01 -1.7167827E+03 -5.6428794E+02  2.7672438E+02  1.4762907E+03  4.1262764E+02 -1.1995663E+03 -1.0815043E+03  3.3343151E-11  3.4806369E+03  3.1072022E-01  4.0340857E+03  2.6809155E-01
  face   199       H2 -5.6846892E+04  5.5130109E+04 -6.6614173E+04  6.6049885E+04  8.4372613E-08  8.3994672E-08
  chan   199  3.8374887E-03  1.1559780E+02  1.6094631E+02  1.7643106E-01  3.9390548E+02  1.8722168E+01  3.0578264E+02  4.4069312E-02  1.3717745E-04  5.3633591E+02  2.2126816E+02  2.2960551E-01  2.5278804E-03  0.0000000E+00  0.0000000E+00
   200  1.1488834E+00  1.68503E+03       H2  1.0331574E+10  5.2033991E-01 -1.6577232E+03 -5.6247156E+02  2.7488744E+02  1.4507927E+03  4.0147990E+02 -1.1759052E+03 -1.0442895E+03  3.0932719E-11  3.3961000E+03  3.0749670E-01  3.9458749E+03  2.6465348E-01
  face   200       H2 -5.3932969E+04  5.2275246E+04 -6.4615603E+04  6.4053132E+04  8.3994672E-08  8.3612686E-08
  chan   200  3.3374268E-03  1.1708866E+02  1.5761396E+02  1.8147637E-01  3.8300766E+02  1.8472234E+01  3.0611068E+02  4.6879818E-02  1.5500663E-04  5.2524534E+02  2.1767692E+02  2.3026572E-01  2.5374534E-03  0.0000000E+00  0.0000000E+00
   201  1.1515246E+00  1.69493E+03       H2  9.6125550E+09  5.1339202E-01 -1.5994291E+03 -5.6022700E+02  2.7249311E+02  1.4228604E+03  3.9030601E+02 -1.1503673E+03 -1.0092887E+03  2.8699009E-11  3.3100234E+03  3.0491891E-01  3.8550096E+03  2.6181225E-01
  face   201       H2 -5.1136567E+04  4.9537138E+04 -6.2657883E+04  6.2097656E+04  8.3612686E-08  8.3226652E-08
  chan   201  2.9045275E-03  1.1832296E+02  1.5398242E+02  1.8482749E-01  3.7208705E+02  1.8218957E+01  3.0518801E+02  4.9187336E-02  1.7290099E-04  5.1315488E+02  2.1392967E+02  2.2995177E-01  2.5527784E-03  0.0000000E+00  0.0000000E+00
   202  1.1542123E+00  1.70392E+03       H2  8.9447690E+09  5.0638484E-01 -1.5427579E+03 -5.5759504E+02  2.6943045E+02  1.3921705E+03  3.7916149E+02 -1.1227401E+03 -9.7761291E+02  2.6630512E-11  3.2230930E+03  3.0331514E-01  3.7619539E+03  2.5986839E-01
  face   202       H2 -4.8454711E+04  4.6911953E+04 -6.0740752E+04  6.0183157E+04  8.3226652E-08  8.2836569E-08
  chan   202  2.5306991E-03  1.1923582E+02  1.5000626E+02  1.8583971E-01  3.6120116E+02  1.7960331E+01  3.0275039E+02  5.0696295E-02  1.8969076E-04  4.9991295E+02  2.1006378E+02  2.2843306E-01  2.5773347E-03  0.0000000E+00  0.0000000E+00
   203  1.1569472E+00  1.71278E+03       H2  8.3204690E+09  4.9932354E-01 -1.4856701E+03 -5.5454109E+02  2.6604556E+02  1.3601405E+03  3.6790674E+02 -1.0940949E+03 -9.4611628E+02  2.4708325E-11  3.1343061E+03  3.0185829E-01  3.6663972E+03  2.5805068E-01
  face   203       H2 -4.5883639E+04  4.4397968E+04 -5.8863917E+04  5.8309376E+04  8.2836569E-08  8.2442435E-08
  chan   203  2.2036905E-03  1.1996425E+02  1.4589291E+02  1.8619140E-01  3.5020410E+02  1.7702642E+01  2.9975196E+02  5.2027698E-02  2.0719792E-04  4.8621238E+02  2.0598812E+02  2.2643201E-01  2.6002143E-03  0.0000000E+00  0.0000000E+00
   204  1.1597302E+00  1.72197E+03       H2  7.7350488E+09  4.9221384E-01 -1.4288463E+03 -5.5104290E+02  2.6253921E+02  1.3275861E+03  3.5647701E+02 -1.0650469E+03 -9.1484225E+02  2.2919291E-11  3.0449361E+03  3.0044711E-01  3.5700146E+03  2.5625729E-01
  face   204       H2 -4.3421644E+04  4.1992798E+04 -5.7027117E+04  5.6476075E+04  8.2442435E-08  8.2044251E-08
  chan   204  1.9159870E-03  1.2058995E+02  1.4176049E+02  1.8684956E-01  3.3903747E+02  1.7439546E+01  2.9671802E+02  5.3568496E-02  2.2686102E-04  4.7244769E+02  2.0166266E+02  2.2435601E-01  2.6150962E-03  0.0000000E+00  0.0000000E+00
   205  1.1625621E+00  1.73122E+03       H2  7.1877300E+09  4.8506155E-01 -1.3734687E+03 -5.4712359E+02  2.5880048E+02  1.2941504E+03  3.4494962E+02 -1.0353500E+03 -8.8524233E+02  2.1256711E-11  2.9559423E+03  2.9947890E-01  3.4735432E+03  2.5485283E-01
  face   205       H2 -4.1066380E+04  3.9692911E+04 -5.5230117E+04  5.4682994E+04  8.2044251E-08  8.1642020E-08
  chan   205  1.6642906E-03  1.2105581E+02  1.3755578E+02  1.8721669E-01  3.2778662E+02  1.7163007E+01  2.9334099E+02  5.5079639E-02  2.4794461E-04  4.5844117E+02  1.9713875E+02  2.2196527E-01  2.6256539E-03  0.0000000E+00  0.0000000E+00
   206  1.1654439E+00  1.74041E+03       H2  6.6767433E+09  4.7787226E-01 -1.3191400E+03 -5.4281036E+02  2.5479297E+02  1.2597879E+03  3.3338965E+02 -1.0049949E+03 -8.5695546E+02  1.9712665E-11  2.8669452E+03  2.9890891E-01  3.3765312E+03  2.5379759E-01
  face   206       H2 -3.8814376E+04  3.7495236E+04 -5.3472660E+04  5.2929850E+04  8.1642020E-08  8.1235745E-08
  chan   206  1.4446442E-03  1.2133658E+02  1.3326789E+02  1.8705829E-01  3.1650194E+02  1.6887711E+01  2.8951628E+02  5.6455955E-02  2.7006822E-04  4.4415644E+02  1.9244695E+02  2.1917591E-01  2.6333116E-03  0.0000000E+00  0.0000000E+00
   207  1.1683763E+00  1.74953E+03       H2  6.1999343E+09  4.7065149E-01 -1.2656953E+03 -5.3812173E+02  2.5052328E+02  1.2245986E+03  3.2182951E+02 -9.7407536E+02 -8.2974169E+02  1.8279001E-11  2.7778924E+03  2.9869468E-01  3.2789390E+03  2.5305188E-01
  face   207       H2 -3.6662610E+04  3.5396915E+04 -5.1754463E+04  5.1216341E+04  8.1235745E-08  8.0825432E-08
  chan   207  1.2531362E-03  1.2142668E+02  1.2890900E+02  1.8634979E-01  3.0521583E+02  1.6613684E+01  2.8525123E+02  5.7675208E-02  2.9312010E-04  4.2963419E+02  1.8760711E+02  2.1599229E-01  2.6382151E-03  0.0000000E+00  0.0000000E+00
   208  1.1713602E+00  1.75857E+03       H2  5.7551768E+09  4.6340463E-01 -1.2131335E+03 -5.3307486E+02  2.4600879E+02  1.1887206E+03  3.1029825E+02 -9.4271185E+02 -8.0349645E+02  1.6947979E-11  2.6889202E+03  2.9881752E-01  3.1809377E+03  2.5259735E-01
  face   208       H2 -3.4608274E+04  3.3395140E+04 -5.0075227E+04  4.9542152E+04  8.0825432E-08  8.0411087E-08
  chan   208  1.0862571E-03  1.2132621E+02  1.2449638E+02  1.8511735E-01  2.9395714E+02  1.6341107E+01  2.8057879E+02  5.8736169E-02  3.1705785E-04  4.1493205E+02  1.8263742E+02  2.1244004E-01  2.6402435E-03  0.0000000E+00  0.0000000E+00
   209  1.1743967E+00  1.76756E+03       H2  5.3404619E+09  4.5613703E-01 -1.1614939E+03 -5.2768740E+02  2.4126883E+02  1.1522954E+03  2.9882463E+02 -9.1102659E+02 -7.7815469E+02  1.5712386E-11  2.6002079E+03  2.9926634E-01  3.0827455E+03  2.5242262E-01
  face   209       H2 -3.2648605E+04  3.1487111E+04 -4.8434640E+04  4.7906952E+04  8.0411087E-08  7.9992719E-08
  chan   209  9.4092453E-04  1.2103696E+02  1.2004753E+02  1.8339419E-01  2.8275446E+02  1.6070169E+01  2.7553463E+02  5.9640898E-02  3.4184419E-04  4.0010846E+02  1.7755653E+02  2.0854799E-01  2.6392824E-03  0.0000000E+00  0.0000000E+00
   210  1.1774865E+00  1.77650E+03       H2  4.9538997E+09  4.4885392E-01 -1.1108104E+03 -5.2197767E+02  2.3632348E+02  1.1154632E+03  2.8743699E+02 -8.7913968E+02 -7.5364834E+02  1.4565509E-11  2.5119277E+03  3.0002788E-01  2.9845747E+03  2.5251449E-01
  face   210       H2 -3.0780849E+04  2.9670039E+04 -4.6832373E+04  4.6310396E+04  7.9992719E-08  7.9570337E-08
  chan   210  8.1443660E-04  1.2056194E+02  1.1557951E+02  1.8121532E-01  2.7163595E+02  1.5801044E+01  2.7015447E+02  6.0392577E-02  3.6743928E-04  3.8522035E+02  1.7238361E+02  2.0434589E-01  2.6352525E-03  0.0000000E+00  0.0000000E+00
   211  1.1806306E+00  1.78540E+03       H2  4.5937128E+09  4.4156039E-01 -1.0612172E+03 -5.1596392E+02  2.3119314E+02  1.0783605E+03  2.7616286E+02 -8.4716737E+02 -7.3001374E+02  1.3501105E-11  2.4243485E+03  3.0111749E-01  2.8867348E+03  2.5288563E-01
  face   211       H2 -2.9002264E+04  2.7941047E+04 -4.5268085E+04  4.4752121E+04  7.9570337E-08  7.9143953E-08
  chan   211  7.0442448E-04  1.1990514E+02  1.1110868E+02  1.7861594E-01  2.6062897E+02  1.5533890E+01  2.6447339E+02  6.0994600E-02  3.9379842E-04  3.7032232E+02  1.6713806E+02  1.9986366E-01  2.6281146E-03  0.0000000E+00  0.0000000E+00
   212  1.1838301E+00  1.79426E+03       H2  4.2582065E+09  4.3426146E-01 -1.0119178E+03 -5.0966868E+02  2.2590203E+02  1.0411321E+03  2.6502738E+02 -8.1523004E+02 -7.0635644E+02  1.2513328E-11  2.3368165E+03  3.0227296E-01  2.7886206E+03  2.5329959E-01
  face   212       H2 -2.7310023E+04  2.6298105E+04 -4.3741418E+04  4.3231749E+04  7.9143953E-08  7.8713580E-08
  chan   212  6.0879904E-04  1.1907344E+02  1.0665233E+02  1.7564924E-01  2.4975846E+02  1.5268917E+01  2.5853458E+02  6.1458938E-02  4.2092783E-04  3.5547207E+02  1.6183840E+02  1.9513832E-01  2.6177486E-03  0.0000000E+00  0.0000000E+00
   213  1.1870858E+00  1.80303E+03       H2  3.9459837E+09  4.2696177E-01 -9.6411272E+02 -5.0312692E+02  2.2043987E+02  1.0037976E+03  2.5406185E+02 -7.8335773E+02 -6.8388191E+02  1.1597040E-11  2.2505974E+03  3.0386684E-01  2.6914771E+03  2.5409167E-01
  face   213       H2 -2.5702125E+04  2.4738012E+04 -4.2251994E+04  4.1748867E+04  7.8713580E-08  7.8279234E-08
  chan   213  5.2582632E-04  1.1805632E+02  1.0221082E+02  1.7220359E-01  2.3905884E+02  1.5003018E+01  2.5229931E+02  6.1717071E-02  4.4829481E-04  3.4067074E+02  1.5651078E+02  1.9014098E-01  2.6051467E-03  0.0000000E+00  0.0000000E+00
   214  1.1903987E+00  1.81160E+03       H2  3.6557047E+09  4.1966566E-01 -9.1809218E+02 -4.9635916E+02  2.1479209E+02  9.6634564E+02  2.4327948E+02 -7.5155355E+02 -6.6289779E+02  1.0747412E-11  2.1660049E+03  3.0604630E-01  2.5955891E+03  2.5539397E-01
  face   214       H2 -2.4175425E+04  2.3257333E+04 -4.0799408E+04  4.0303049E+04  7.8279234E-08  7.7840930E-08
  chan   214  4.5395810E-04  1.1684080E+02  9.7782684E+01  1.6815743E-01  2.2856222E+02  1.4717264E+01  2.4572235E+02  6.1688069E-02  4.7516037E-04  3.2591342E+02  1.5118080E+02  1.8483786E-01  2.5914293E-03  0.0000000E+00  0.0000000E+00
   215  1.1937699E+00  1.82013E+03       H2  3.3855998E+09  4.1237752E-01 -8.7280907E+02 -4.8936905E+02  2.0903831E+02  9.2910846E+02  2.3269902E+02 -7.2007015E+02 -6.4210796E+02  9.9591726E-12  2.0822483E+03  3.0837243E-01  2.5003249E+03  2.5680981E-01
  face   215       H2 -2.2726554E+04  2.1853745E+04 -3.9383237E+04  3.8893868E+04  7.7840930E-08  7.7398688E-08
  chan   215  3.9161092E-04  1.1546550E+02  9.3408575E+01  1.6383695E-01  2.1826882E+02  1.4430197E+01  2.3897756E+02  6.1522946E-02  5.0234740E-04  3.1133583E+02  1.4585209E+02  1.7937311E-01  2.5747769E-03  0.0000000E+00  0.0000000E+00
   216  1.1972003E+00  1.82870E+03       H2  3.1342620E+09  4.0510168E-01 -8.2860731E+02 -4.8216805E+02  2.0322015E+02  8.9226789E+02  2.2233762E+02 -6.8904774E+02 -6.2172763E+02  9.2278234E-12  1.9998231E+03  3.1089131E-01  2.4062634E+03  2.5837887E-01
  face   216       H2 -2.1353224E+04  2.0524617E+04 -3.8003059E+04  3.7520891E+04  7.7398688E-08  7.6952527E-08
  chan   216  3.3752698E-04  1.1395062E+02  8.9109821E+01  1.5937832E-01  2.0819077E+02  1.4146851E+01  2.3214587E+02  6.1283105E-02  5.3021014E-04  2.9700917E+02  1.4053705E+02  1.7381550E-01  2.5545952E-03  0.0000000E+00  0.0000000E+00
   217  1.2006911E+00  1.83732E+03       H2  2.9004706E+09  3.9784238E-01 -7.8567104E+02 -4.7477260E+02  1.9736089E+02  8.5593313E+02  2.1221150E+02 -6.5857224E+02 -6.0187140E+02  8.5493370E-12  1.9190159E+03  3.1363545E-01  2.3137377E+03  2.6012949E-01
  face   217       H2 -2.0052852E+04  1.9267181E+04 -3.6658447E+04  3.6183674E+04  7.6952527E-08  7.6502470E-08
  chan   217  2.9064879E-04  1.1230743E+02  8.4898343E+01  1.5482981E-01  1.9834412E+02  1.3867384E+01  2.2526467E+02  6.0984174E-02  5.5884080E-04  2.8297321E+02  1.3525147E+02  1.6819842E-01  2.5308752E-03  0.0000000E+00  0.0000000E+00
   218  1.2042433E+00  1.84599E+03       H2  2.6830949E+09  3.9060371E-01 -7.4405939E+02 -4.6719960E+02  1.9147923E+02  8.2019238E+02  2.0233581E+02 -6.2871315E+02 -5.8254583E+02  7.9199907E-12  1.8399721E+03  3.1660579E-01  2.2229306E+03  2.6206209E-01
  face   218       H2 -1.8822717E+04  1.8078658E+04 -3.5348961E+04  3.4881761E+04  7.6502470E-08  7.6048540E-08
  chan   218  2.5005529E-04  1.1054554E+02  8.0783222E+01  1.5022012E-01  1.8874393E+02  1.3591878E+01  2.1836110E+02  6.0637217E-02  5.8827600E-04  2.6925827E+02  1.3001094E+02  1.6254687E-01  2.5037460E-03  0.0000000E+00  0.0000000E+00
   219  1.2078579E+00  1.85474E+03       H2  2.4810699E+09  3.8338960E-01 -7.0379580E+02 -4.5946552E+02  1.8559285E+02  7.8512463E+02  1.9272352E+02 -5.9953178E+02 -5.6372954E+02  7.3363157E-12  1.7627931E+03  3.1979337E-01  2.1339788E+03  2.6416829E-01
  face   219       H2 -1.7660093E+04  1.6956297E+04 -3.4074150E+04  3.3614684E+04  7.6048540E-08  7.5590763E-08
  chan   219  2.1493796E-04  1.0867472E+02  7.6772342E+01  1.4557532E-01  1.7940312E+02  1.3320403E+01  2.1146029E+02  6.0250768E-02  6.1855882E-04  2.5589062E+02  1.2482998E+02  1.5688412E-01  2.4733590E-03  0.0000000E+00  0.0000000E+00
   220  1.2115361E+00  1.86357E+03       H2  2.2933916E+09  3.7620384E-01 -6.6489571E+02 -4.5158630E+02  1.7971871E+02  7.5080089E+02  1.8338547E+02 -5.7108218E+02 -5.4539983E+02  6.7950784E-12  1.6875642E+03  3.2318761E-01  2.0470016E+03  2.6643840E-01
  face   220       H2 -1.6562276E+04  1.5897381E+04 -3.2833552E+04  3.2381966E+04  7.5590763E-08  7.5129167E-08
  chan   220  1.8458725E-04  1.0670503E+02  7.2872573E+01  1.4092056E-01  1.7033245E+02  1.3053024E+01  2.0458616E+02  5.9833502E-02  6.4974886E-04  2.4289320E+02  1.1972190E+02  1.5123234E-01  2.4398727E-03  0.0000000E+00  0.0000000E+00
   221  1.2152789E+00  1.87248E+03       H2  2.1191146E+09  3.6905007E-01 -6.2737035E+02 -4.4357730E+02  1.7387293E+02  7.1728401E+02  1.7433042E+02 -5.4341108E+02 -5.2753656E+02  6.2932658E-12  1.6143587E+03  3.2677778E-01  1.9621046E+03  2.6886261E-01
  face   221       H2 -1.5526600E+04  1.4899230E+04 -3.1626696E+04  3.1183118E+04  7.5129167E-08  7.4663781E-08
  chan   221  1.5838122E-04  1.0464672E+02  6.9089772E+01  1.3627965E-01  1.6154062E+02  1.2789802E+01  1.9776121E+02  5.9393763E-02  6.8192291E-04  2.3028555E+02  1.1469875E+02  1.4561236E-01  2.4034533E-03  0.0000000E+00  0.0000000E+00
   222  1.2190876E+00  1.88149E+03       H2  1.9573494E+09  3.6193177E-01 -5.9122642E+02 -4.3545339E+02  1.6807072E+02  6.8462762E+02  1.6556406E+02 -5.1655690E+02 -5.1012291E+02  5.8280714E-12  1.5432367E+03  3.3055390E-01  1.8793782E+03  2.7143175E-01
  face   222       H2 -1.4550434E+04  1.3959208E+04 -3.0453099E+04  3.0017646E+04  7.4663781E-08  7.4194638E-08
  chan   222  1.3577539E-04  1.0251011E+02  6.5428798E+01  1.3167472E-01  1.5303442E+02  1.2529635E+01  1.9100630E+02  5.8939414E-02  7.1517629E-04  2.1808387E+02  1.0977133E+02  1.4004358E-01  2.3642740E-03  0.0000000E+00  0.0000000E+00
   223  1.2229633E+00  1.89062E+03       H2  1.8072614E+09  3.5485229E-01 -5.5646073E+02 -4.2722900E+02  1.6232574E+02  6.5286604E+02  1.5708073E+02 -4.9054029E+02 -4.9314944E+02  5.3968846E-12  1.4742300E+03  3.3451323E-01  1.7988815E+03  2.7414226E-01
  face   223       H2 -1.3631191E+04  1.3074731E+04 -2.9312273E+04  2.8885044E+04  7.4194638E-08  7.3721769E-08
  chan   223  1.1629404E-04  1.0030517E+02  6.1893331E+01  1.2712387E-01  1.4481901E+02  1.2261720E+01  1.8433942E+02  5.8479763E-02  7.4960686E-04  2.0630046E+02  1.0494933E+02  1.3454289E-01  2.3225303E-03  0.0000000E+00  0.0000000E+00
   224  1.2269070E+00  1.89986E+03       H2  1.6680645E+09  3.4781482E-01 -5.2306908E+02 -4.1891798E+02  1.5665127E+02  6.2204733E+02  1.4889254E+02 -4.6539605E+02 -4.7659100E+02  4.9972718E-12  1.4073831E+03  3.3863629E-01  1.7206856E+03  2.7697738E-01
  face   224       H2 -1.2766336E+04  1.2243267E+04 -2.8203719E+04  2.7784801E+04  7.3721769E-08  7.3245212E-08
  chan   224  9.9521054E-05  9.8042145E+01  5.8486381E+01  1.2264593E-01  1.3689774E+02  1.1994804E+01  1.7777814E+02  5.8023810E-02  7.8535014E-04  1.9494535E+02  1.0024107E+02  1.2912665E-01  2.2784041E-03  0.0000000E+00  0.0000000E+00
   225  1.2309202E+00  1.90924E+03       H2  1.5390201E+09  3.4082244E-01 -4.9105557E+02 -4.1053333E+02  1.5105979E+02  5.9220772E+02  1.4100490E+02 -4.4114793E+02 -4.6044097E+02  4.6269677E-12  1.3427368E+03  3.4291230E-01  1.6448564E+03  2.7992776E-01
  face   225       H2 -1.1953385E+04  1.1462329E+04 -2.7126931E+04  2.6716398E+04  7.3245212E-08  7.2765003E-08
  chan   225  8.5093281E-05  9.5731282E+01  5.5210170E+01  1.1825865E-01  1.2927241E+02  1.1732486E+01  1.7133872E+02  5.7581030E-02  8.2257332E-04  1.8402597E+02  9.5653682E+01  1.2380998E-01  2.2320743E-03  0.0000000E+00  0.0000000E+00
   226  1.2350039E+00  1.91878E+03       H2  1.4194357E+09  3.3387806E-01 -4.6041184E+02 -4.0208738E+02  1.4556265E+02  5.6337255E+02  1.3341832E+02 -4.1780989E+02 -4.4468932E+02  4.2838654E-12  1.2803091E+03  3.4732966E-01  1.5714344E+03  2.8298306E-01
  face   226       H2 -1.1189896E+04  1.0729484E+04 -2.6081399E+04  2.5679312E+04  7.2765003E-08  7.2281182E-08
  chan   226  7.2694322E-05  9.3382545E+01  5.2066058E+01  1.1397736E-01  1.2194352E+02  1.1474801E+01  1.6503539E+02  5.7160473E-02  8.6146735E-04  1.7354687E+02  9.1193158E+01  1.1860619E-01  2.1837265E-03  0.0000000E+00  0.0000000E+00
   227  1.2391593E+00  1.92848E+03       H2  1.3086624E+09  3.2698450E-01 -4.3112547E+02 -3.9359187E+02  1.4017014E+02  5.3556045E+02  1.2613213E+02 -3.9539032E+02 -4.2932702E+02  3.9660054E-12  1.2201077E+03  3.5187635E-01  1.5004479E+03  2.8613257E-01
  face   227       H2 -1.0473484E+04  1.0042358E+04 -2.5066605E+04  2.4673013E+04  7.2281182E-08  7.1793790E-08
  chan   227  6.2048748E-05  9.1005620E+01  4.9054639E+01  1.0981536E-01  1.1491036E+02  1.1221775E+01  1.5888055E+02  5.6771002E-02  9.0225211E-04  1.6351001E+02  8.6864425E+01  1.1352694E-01  2.1335488E-03  0.0000000E+00  0.0000000E+00
   228  1.2433879E+00  1.93836E+03       H2  1.2060919E+09  3.2014444E-01 -4.0318063E+02 -3.8505793E+02  1.3489156E+02  5.0878404E+02  1.1914451E+02 -3.7389248E+02 -4.1434608E+02  3.6715656E-12  1.1621310E+03  3.5653990E-01  1.4319142E+03  2.8936517E-01
  face   228       H2 -9.8018211E+03  9.3986404E+03 -2.4082028E+04  2.3696970E+04  7.1793790E-08  7.1302872E-08
  chan   228  5.2917010E-05  8.8609906E+01  4.6175819E+01  1.0578431E-01  1.0817109E+02  1.0973425E+01  1.5288501E+02  5.6421503E-02  9.4518238E-04  1.5391511E+02  8.2671373E+01  1.0858241E-01  2.0817291E-03  0.0000000E+00  0.0000000E+00
   229  1.2476908E+00  1.94843E+03       H2  1.1111545E+09  3.1336046E-01 -3.7655786E+02 -3.7649608E+02  1.2973533E+02  4.8305041E+02  1.1245267E+02 -3.5331508E+02 -3.9973886E+02  3.3988517E-12  1.1063690E+03  3.6130699E-01  1.3658397E+03  2.9266895E-01
  face   229       H2 -9.1726406E+03  8.7960827E+03 -2.3127142E+04  2.2750646E+04  7.1302872E-08  7.0808472E-08
  chan   229  4.5090982E-05  8.6204501E+01  4.3428893E+01  1.0189440E-01  1.0172290E+02  1.0729765E+01  1.4705809E+02  5.6120643E-02  9.9055385E-04  1.4475982E+02  7.8616919E+01  1.0378140E-01  2.0284531E-03  0.0000000E+00  0.0000000E+00
   230  1.2520694E+00  1.95873E+03       H2  1.0233169E+09  3.0663502E-01 -3.5123864E+02 -3.6791617E+02  1.2470896E+02  4.5836157E+02  1.0605289E+02 -3.3365261E+02 -3.8550220E+02  3.1462885E-12  1.0528074E+03  3.6616593E-01  1.3022253E+03  2.9603341E-01
  face   230       H2 -8.5837387E+03  8.2325000E+03 -2.2201418E+04  2.1833502E+04  7.0808472E-08  7.0310639E-08
  chan   230  3.8390033E-05  8.3798168E+01  4.0812598E+01  9.8154473E-02  9.5562082E+01  1.0490804E+01  1.4140765E+02  5.5878403E-02  1.0387094E-03  1.3603993E+02  7.4703068E+01  9.9131364E-02  1.9739031E-03  0.0000000E+00  0.0000000E+00
   231  1.2565250E+00  1.96926E+03       H2  9.4207996E+08  2.9997050E-01 -3.2717562E+02 -3.5932764E+02  1.1981915E+02  4.3471307E+02  9.9938680E+01 -3.1489391E+02 -3.7160935E+02  2.9124120E-12  1.0013972E+03  3.7109087E-01  1.2410355E+03  2.9943491E-01
  face   231       H2 -8.0329733E+03  7.7057977E+03 -2.1304326E+04  2.0944998E+04  7.0310639E-08  6.9809423E-08
  chan   231  3.2657551E-05  8.1399352E+01  3.8325194E+01  9.4572388E-02  8.9684127E+01  1.0254553E+01  1.3594040E+02  5.5704761E-02  1.0900499E-03  1.2774966E+02  7.0930981E+01  9.4638638E-02  1.9182560E-03  0.0000000E+00  0.0000000E+00
   232  1.2610589E+00  1.98004E+03       H2  8.6697882E+08  2.9336916E-01 -3.0447133E+02 -3.5073907E+02  1.1507083E+02  4.1208877E+02  9.4098034E+01 -2.9701794E+02 -3.5819245E+02  2.6958646E-12  9.5222833E+02  3.7616236E-01  1.1823700E+03  3.0294447E-01
  face   232       H2 -7.5182913E+03  7.2138199E+03 -2.0435330E+04  2.0084591E+04  6.9809423E-08  6.9304875E-08
  chan   232  2.7758119E-05  7.9015460E+01  3.5964194E+01  9.1151567E-02  8.4083994E+01  1.0014040E+01  1.3065993E+02  5.5606925E-02  1.1449855E-03  1.1988071E+02  6.7301187E+01  9.0306960E-02  1.8617094E-03  0.0000000E+00  0.0000000E+00
   233  1.2656725E+00  1.99110E+03       H2  7.9757537E+08  2.8683322E-01 -2.8232390E+02 -3.4216124E+02  1.1047001E+02  3.9048842E+02  8.8532677E+01 -2.8001841E+02 -3.4446673E+02  2.4953791E-12  9.0450356E+02  3.8083514E-01  1.1254436E+03  3.0607197E-01
  face   233       H2 -7.0375802E+03  6.7552563E+03 -1.9593898E+04  1.9251737E+04  6.9304875E-08  6.8797050E-08
  chan   233  2.3574156E-05  7.6654763E+01  3.3727318E+01  8.7901138E-02  7.8755703E+01  9.7769736E+00  1.2557227E+02  5.5598400E-02  1.2041017E-03  1.1242548E+02  6.3813235E+01  8.6141742E-02  1.8044045E-03  0.0000000E+00  0.0000000E+00
   234  1.2703673E+00  2.00245E+03       H2  7.3346979E+08  2.8036456E-01 -2.6147596E+02 -3.3361767E+02  1.0601609E+02  3.6988640E+02  8.3237853E+01 -2.6387031E+02 -3.3122331E+02  2.3097946E-12  8.5896393E+02  3.8560794E-01  1.0709961E+03  3.0926659E-01
  face   234       H2 -6.5895531E+03  6.3280772E+03 -1.8779492E+04  1.8445875E+04  6.8797050E-08  6.8286004E-08
  chan   234  2.0005111E-05  7.4321096E+01  3.1610161E+01  8.4809242E-02  7.3693622E+01  9.5442304E+00  1.2067155E+02  5.5676175E-02  1.2676972E-03  1.0536931E+02  6.0466858E+01  8.2138989E-02  1.7466307E-03  0.0000000E+00  0.0000000E+00
   235  1.2751446E+00  2.01389E+03       H2  6.7434331E+08  2.7396473E-01 -2.4248199E+02 -3.2512141E+02  1.0167211E+02  3.5016344E+02  7.8211984E+01 -2.4849133E+02 -3.1911207E+02  2.1381201E-12  8.1609474E+02  3.9102332E-01  1.0194390E+03  3.1302715E-01
  face   235       H2 -6.1722219E+03  5.9297399E+03 -1.7991560E+04  1.7666438E+04  6.8286004E-08  6.7771795E-08
  chan   235  1.6968979E-05  7.1992524E+01  2.9597824E+01  8.1742109E-02  6.8896922E+01  9.3150623E+00  1.1588611E+02  5.5721872E-02  1.3334675E-03  9.8662429E+01  5.7265931E+01  7.8244330E-02  1.6895921E-03  0.0000000E+00  0.0000000E+00
   236  1.2800059E+00  2.02556E+03       H2  6.1979286E+08  2.6763537E-01 -2.2442541E+02 -3.1666815E+02  9.7462264E+01  3.3135720E+02  7.3443945E+01 -2.3389494E+02 -3.0719863E+02  1.9792634E-12  7.7498850E+02  3.9639120E-01  9.6991303E+02  3.1672801E-01
  face   236       H2 -5.7830986E+03  5.5586731E+03 -1.7229542E+04  1.6912874E+04  6.7771795E-08  6.7254484E-08
  chan   236  1.4384896E-05  6.9689711E+01  2.7693759E+01  7.8780098E-02  6.4354095E+01  9.0898499E+00  1.1125863E+02  5.5808471E-02  1.4031556E-03  9.2316409E+01  5.4204885E+01  7.4491111E-02  1.6328287E-03  0.0000000E+00  0.0000000E+00
   237  1.2849526E+00  2.03754E+03       H2  5.6945876E+08  2.6137818E-01 -2.0730455E+02 -3.0825777E+02  9.3404453E+01  3.1348656E+02  6.8923721E+01 -2.2008210E+02 -2.9548022E+02  1.8322376E-12  7.3564443E+02  4.0166174E-01  9.2245334E+02  3.2031997E-01
  face   237       H2 -5.4206434E+03  5.2133388E+03 -1.6492895E+04  1.6184637E+04  6.7254484E-08  6.6734134E-08
  chan   237  1.2185316E-05  6.7429394E+01  2.5899066E+01  7.5980657E-02  6.0054854E+01  8.8688670E+00  1.0681901E+02  5.5997034E-02  1.4785515E-03  8.6334951E+01  5.1278925E+01  7.0902340E-02  1.5760508E-03  0.0000000E+00  0.0000000E+00
   238  1.2899864E+00  2.04991E+03       H2  5.2302244E+08  2.5519487E-01 -1.9117927E+02 -2.9989320E+02  8.9507496E+01  2.9654599E+02  6.4642540E+01 -2.0703850E+02 -2.8403398E+02  1.6961550E-12  6.9811097E+02  4.0686078E-01  8.7712596E+02  3.2382347E-01
  face   238       H2 -5.0833493E+03  4.8921700E+03 -1.5781081E+04  1.5481188E+04  6.6734134E-08  6.6210809E-08
  chan   238  1.0313792E-05  6.5222137E+01  2.4211978E+01  7.3370452E-02  5.5990310E+01  8.6522295E+00  1.0258010E+02  5.6324437E-02  1.5611612E-03  8.0712183E+01  4.8484281E+01  6.7487636E-02  1.5191992E-03  0.0000000E+00  0.0000000E+00
   239  1.2951087E+00  2.06271E+03       H2  4.8019451E+08  2.4908716E-01 -1.7606247E+02 -2.9157812E+02  8.5775541E+01  2.8051768E+02  6.0592096E+01 -1.9474214E+02 -2.7289845E+02  1.5702040E-12  6.6238274E+02  4.1199512E-01  8.3393382E+02  3.2724234E-01
  face   239       H2 -4.7696818E+03  4.5936193E+03 -1.5093569E+04  1.4801991E+04  6.6210809E-08  6.5684576E-08
  chan   239  8.7224494E-06  6.3075239E+01  2.2629331E+01  7.0961629E-02  5.2152120E+01  8.4399763E+00  9.8546316E+01  5.6817963E-02  1.6524448E-03  7.5437568E+01  4.5817519E+01  6.4249979E-02  1.4623206E-03  0.0000000E+00  0.0000000E+00
   240  1.3003210E+00  2.07598E+03       H2  4.4070787E+08  2.4305676E-01 -1.6194134E+02 -2.8331617E+02  8.2210873E+01  2.6537718E+02  5.6762357E+01 -1.8316631E+02 -2.6209120E+02  1.4536354E-12  6.2842381E+02  4.1706122E-01  7.9284556E+02  3.3057031E-01
  face   240       H2 -4.4781258E+03  4.3161845E+03 -1.4429829E+04  1.4146513E+04  6.5684576E-08  6.5155504E-08
  chan   240  7.3703515E-06  6.0994659E+01  2.1147445E+01  6.8761900E-02  4.8532029E+01  8.2303274E+00  9.4718966E+01  5.7506636E-02  1.7540345E-03  7.0498847E+01  4.3275154E+01  6.1189834E-02  1.4054919E-03  0.0000000E+00  0.0000000E+00
   241  1.3056250E+00  2.08978E+03       H2  4.0431559E+08  2.3710535E-01 -1.4878622E+02 -2.7511068E+02  7.8814072E+01  2.5109722E+02  5.3144618E+01 -1.7228315E+02 -2.5161375E+02  1.3457574E-12  5.9618004E+02  4.2204323E-01  7.5380819E+02  3.3379016E-01
  face   241       H2 -4.2072107E+03  4.0584245E+03 -1.3789339E+04  1.3514229E+04  6.5155504E-08  6.4623664E-08
  chan   241  6.2224705E-06  5.8985060E+01  1.9762230E+01  6.6775351E-02  4.5121856E+01  8.0227627E+00  9.1096617E+01  5.8413629E-02  1.8677594E-03  6.5882392E+01  4.0853655E+01  5.8305511E-02  1.3488148E-03  0.0000000E+00  0.0000000E+00
   242  1.3110222E+00  2.10416E+03       H2  3.7078654E+08  2.3123465E-01 -1.3656702E+02 -2.6696420E+02  7.5586544E+01  2.3765478E+02  4.9732121E+01 -1.6206824E+02 -2.4146298E+02  1.2459256E-12  5.6559945E+02  4.2691515E-01  7.1677253E+02  3.3687532E-01
  face   242       H2 -3.9555264E+03  3.8189594E+03 -1.3171579E+04  1.2904615E+04  6.4623664E-08  6.4089129E-08
  chan   242  5.2486866E-06  5.7051668E+01  1.8469859E+01  6.5011179E-02  4.1913196E+01  7.8189249E+00  8.7679559E+01  5.9578798E-02  1.9959927E-03  6.1575463E+01  3.8549174E+01  5.5596549E-02  1.2923540E-03  0.0000000E+00  0.0000000E+00
   243  1.3165144E+00  2.11919E+03       H2  3.3990560E+08  2.2544636E-01 -1.2525523E+02 -2.5887824E+02  7.2529683E+01  2.2502536E+02  4.6516457E+01 -1.5249568E+02 -2.3163779E+02  1.1535424E-12  5.3662915E+02  4.3165338E-01  6.8168852E+02  3.3980004E-01
  face   243       H2 -3.7217223E+03  3.5964670E+03 -1.2576035E+04  1.2317157E+04  6.4089129E-08  6.3551975E-08
  chan   243  4.4231970E-06  5.5199645E+01  1.7266553E+01  6.3481161E-02  3.8897609E+01  7.6188477E+00  8.4468243E+01  6.1042848E-02  2.1416977E-03  5.7565468E+01  3.6357713E+01  5.3062584E-02  1.2361609E-03  0.0000000E+00  0.0000000E+00
   244  1.3221031E+00  2.13494E+03       H2  3.1147275E+08  2.1974226E-01 -1.1482222E+02 -2.5085361E+02  6.9644942E+01  2.1318486E+02  4.3489230E+01 -1.4353992E+02 -2.2213591E+02  1.0680531E-12  5.0921574E+02  4.3623142E-01  6.4850563E+02  3.4253505E-01
  face   244       H2 -3.5045049E+03  3.3896827E+03 -1.2002200E+04  1.1751346E+04  6.3551975E-08  6.3012278E-08
  chan   244  3.7239202E-06  5.3434142E+01  1.6148595E+01  6.2200377E-02  3.6066659E+01  7.4225705E+00  8.1463373E+01  6.2865218E-02  2.3086038E-03  5.3840042E+01  3.4275158E+01  5.0703460E-02  1.1802740E-03  0.0000000E+00  0.0000000E+00
   245  1.3277901E+00  2.15150E+03       H2  2.8530192E+08  2.1412417E-01 -1.0524045E+02 -2.4289021E+02  6.6934067E+01  2.0211011E+02  4.0642081E+01 -1.3517604E+02 -2.1295463E+02  9.8894339E-13  4.8330671E+02  4.4062005E-01  6.1717484E+02  3.4504748E-01
  face   245       H2 -3.3026372E+03  3.1973968E+03 -1.1449571E+04  1.1206681E+04  6.3012278E-08  6.2470119E-08
  chan   245  3.1319724E-06  5.1760482E+01  1.5112393E+01  6.1188709E-02  3.3411939E+01  7.2301415E+00  7.8666238E+01  6.5116853E-02  2.5014743E-03  5.0387224E+01  3.2297304E+01  4.8519551E-02  1.1247159E-03  0.0000000E+00  0.0000000E+00
   246  1.3335771E+00  2.16897E+03       H2  2.6121999E+08  2.0859402E-01 -9.6483754E+01 -2.3498699E+02  6.4399376E+01  1.9177952E+02  3.7966715E+01 -1.2738015E+02 -2.0409060E+02  9.1573573E-13  4.5885090E+02  4.4478632E-01  5.8764965E+02  3.4729979E-01
  face   246       H2 -3.1149362E+03  3.0184525E+03 -1.0917656E+04  1.0682669E+04  6.2470119E-08  6.1925578E-08
  chan   246  2.6312165E-06  5.0184371E+01  1.4154529E+01  6.0472856E-02  3.0925092E+01  7.0416233E+00  7.6079098E+01  6.7890543E-02  2.7264892E-03  4.7195650E+01  3.0419861E+01  4.6512132E-02  1.0694900E-03  0.0000000E+00  0.0000000E+00
   247  1.3394658E+00  2.18748E+03       H2  2.3906585E+08  2.0315384E-01 -8.8528839E+01 -2.2714167E+02  6.2044038E+01  1.8217366E+02  3.5454933E+01 -1.2012962E+02 -1.9554089E+02  8.4798677E-13  4.3580013E+02  4.4869397E-01  5.5988820E+02  3.4924988E-01
  face   247       H2 -2.9402709E+03  2.8517420E+03 -1.0405969E+04  1.0178827E+04  6.1925578E-08  6.1378738E-08
  chan   247  2.2078741E-06  4.8712136E+01  1.3271811E+01  6.0088947E-02  2.8597835E+01  6.8570975E+00  7.3705542E+01  7.1309680E-02  2.9917927E-03  4.4254714E+01  2.8638470E+01  4.4683778E-02  1.0145778E-03  0.0000000E+00  0.0000000E+00
   248  1.3454581E+00  2.20719E+03       H2  2.1868941E+08  1.9780585E-01 -8.1358286E+01 -2.1935051E+02  5.9872600E+01  1.7327764E+02  3.3100029E+01 -1.1340504E+02 -1.8730376E+02  7.8528446E-13  4.1411383E+02  4.5230017E-01  5.3385903E+02  3.5084872E-01
  face   248       H2 -2.7775582E+03  2.6962000E+03 -9.9140347E+03  9.6946842E+03  6.1378738E-08  6.0829685E-08
  chan   248  1.8501864E-06  4.7351151E+01  1.2461359E+01  6.0086989E-02  2.6421965E+01  6.6780639E+00  7.1551201E+01  7.5542077E-02  3.3083481E-03  4.1554861E+01  2.6948697E+01  4.3039077E-02  9.5993156E-04  0.0000000E+00  0.0000000E+00
   249  1.3515558E+00  2.22829E+03       H2  1.9995115E+08  1.9255245E-01 -7.4946898E+01 -2.1160814E+02  5.7890886E+01  1.6507569E+02  3.0891775E+01 -1.0718480E+02 -1.7937024E+02  7.2724633E-13  3.9373985E+02  4.5555521E-01  5.0952162E+02  3.5203656E-01
  face   249       H2 -2.6257571E+03  2.5508102E+03 -9.4413887E+03  9.2297806E+03  6.0829685E-08  6.0278507E-08
  chan   249  1.5481390E-06  4.6109795E+01  1.1720556E+01  6.0534501E-02  2.4389420E+01  6.5023548E+00  6.9623420E+01  8.0810753E-02  3.6910363E-03  3.9087426E+01  2.5346078E+01  4.1584650E-02  9.0548236E-04  0.0000000E+00  0.0000000E+00
   250  1.3577606E+00  2.25102E+03       H2  1.8272065E+08  1.8739631E-01 -6.9276259E+01 -2.0390720E+02  5.6107344E+01  1.5755975E+02  2.8822357E+01 -1.0145240E+02 -1.7173106E+02  6.7351586E-13  3.7463586E+02  4.5839461E-01  4.8685055E+02  3.5273876E-01
  face   250       H2 -2.4838747E+03  2.4145985E+03 -8.9875780E+03  8.7836708E+03  6.0278507E-08  5.9725291E-08
  chan   250  1.2931922E-06  4.4998541E+01  1.1047273E+01  6.1528027E-02  2.2492216E+01  6.3301411E+00  6.7933162E+01  8.7441030E-02  4.1607549E-03  3.6845406E+01  2.3826036E+01  4.0331010E-02  8.5111749E-04  0.0000000E+00  0.0000000E+00
   251  1.3640746E+00  2.27568E+03       H2  1.6687579E+08  1.8234047E-01 -6.4337365E+01 -1.9623717E+02  5.4533843E+01  1.5072938E+02  2.6885089E+01 -9.6195534E+01 -1.6437900E+02  6.2376014E-13  3.5677007E+02  4.6074213E-01  4.6583775E+02  3.5286749E-01
  face   251       H2 -2.3509594E+03  2.2866220E+03 -8.5521638E+03  8.3559267E+03  5.9725291E-08  5.9170129E-08
  chan   251  1.0780698E-06  4.4030665E+01  1.0439969E+01  6.3207441E-02  2.0722446E+01  6.1626431E+00  6.6495921E+01  9.5899599E-02  4.7475827E-03  3.4823782E+01  2.2383848E+01  3.9293928E-02  7.9667324E-04  0.0000000E+00  0.0000000E+00
   252  1.3704996E+00  2.30271E+03       H2  1.5230081E+08  1.7738841E-01 -6.0120023E+01 -1.8858364E+02  5.3188329E+01  1.4459469E+02  2.5072416E+01 -9.1406366E+01 -1.5729730E+02  5.7766551E-13  3.4011003E+02  4.6248944E-01  4.4648669E+02  3.5230009E-01
  face   252       H2 -2.2260906E+03  2.1659705E+03 -8.1347240E+03  7.9461404E+03  5.9170129E-08  5.8613114E-08
  chan   252  8.9655576E-07  4.3224454E+01  9.8980871E+00  6.5787032E-02  1.9072151E+01  6.0002650E+00  6.5335289E+01  1.0690444E-01  5.4967871E-03  3.3020888E+01  2.1014460E+01  3.8498374E-02  7.4189427E-04  0.0000000E+00  0.0000000E+00
   253  1.3770375E+00  2.33263E+03       H2  1.3888924E+08  1.7254421E-01 -5.6614996E+01 -1.8092659E+02  5.2090528E+01  1.3916777E+02  2.3377205E+01 -8.7077241E+01 -1.5046434E+02  5.3494224E-13  3.2461882E+02  4.6351083E-01  4.2879988E+02  3.5089642E-01
  face   253       H2 -2.1083797E+03  2.0517647E+03 -7.7348565E+03  7.5539299E+03  5.8613114E-08  5.8054340E-08
  chan   253  7.4341956E-07  4.2599816E+01  9.4211411E+00  6.9570107E-02  1.7533742E+01  5.8434629E+00  6.4475599E+01  1.2151682E-01  6.4754211E-03  3.1435379E+01  1.9712932E+01  3.7974538E-02  6.8653383E-04  0.0000000E+00  0.0000000E+00
   254  1.3836905E+00  2.36638E+03       H2  1.2652823E+08  1.6781286E-01 -5.3816462E+01 -1.7323932E+02  5.1286801E+01  1.3451060E+02  2.1791441E+01 -8.3223802E+01 -1.4383198E+02  4.9529342E-13  3.1027958E+02  4.6355605E-01  4.1285318E+02  3.4838529E-01
  face   254       H2 -1.9969686E+03  1.9431522E+03 -7.3521844E+03  7.1789451E+03  5.8054340E-08  5.7493904E-08
  chan   254  6.1399951E-07  4.2198663E+01  9.0129924E+00  7.5145273E-02  1.6098231E+01  5.6932106E+00  6.3978323E+01  1.4171650E-01  7.8026360E-03  3.0080646E+01  1.8472252E+01  3.7791101E-02  6.2989898E-04  0.0000000E+00  0.0000000E+00
   255  1.3904604E+00  2.40456E+03       H2  1.1514162E+08  1.6320015E-01 -5.1642499E+01 -1.6548087E+02  5.0779172E+01  1.3059437E+02  2.0310191E+01 -7.9815195E+01 -1.3730818E+02  4.5849837E-13  2.9693857E+02  4.6241274E-01  3.9849691E+02  3.4456522E-01
  face   255       H2 -1.8910260E+03  1.8393835E+03 -6.9863618E+03  6.8208809E+03  5.7493904E-08  5.6931903E-08
  chan   255  5.0488709E-07  4.2026840E+01  8.6692160E+00  8.3114989E-02  1.4760416E+01  5.5497747E+00  6.3833901E+01  1.6999989E-01  9.6324521E-03  2.8942518E+01  1.7289581E+01  3.7970481E-02  5.7220163E-04  0.0000000E+00  0.0000000E+00
   256  1.3973493E+00  2.45080E+03       H2  1.0454139E+08  1.5871458E-01 -5.0201179E+01 -1.5759842E+02  5.0781336E+01  1.2778745E+02  1.8918648E+01 -7.7006119E+01 -1.3079348E+02  4.2411569E-13  2.8480571E+02  4.5923754E-01  3.8636839E+02  3.3852013E-01
  face   256       H2 -1.7898209E+03  1.7396197E+03 -6.6370868E+03  6.4794884E+03  5.6931903E-08  5.6368437E-08
  chan   256  4.1147632E-07  4.2265298E+01  8.4199176E+00  9.6120110E-02  1.3501275E+01  5.4173724E+00  6.4334276E+01  2.1507612E-01  1.2449330E-02  2.8123672E+01  1.6143994E+01  3.8830094E-02  5.0996299E-04  0.0000000E+00  0.0000000E+00
   257  1.4043594E+00  2.50174E+03       H2  9.4859745E+07  1.5436369E-01 -5.0208549E+01 -1.4975036E+02  5.0939956E+01  1.2537899E+02  1.7628257E+01 -7.4439031E+01 -1.2551988E+02  3.9235406E-13  2.7439794E+02  4.5743740E-01  3.7627786E+02  3.3358296E-01
  face   257       H2 -1.6925356E+03  1.6423270E+03 -6.3041122E+03  6.1543619E+03  5.6368437E-08  5.5803607E-08
  chan   257  3.3424955E-07  4.2625056E+01  8.2014789E+00  1.1342084E-01  1.2339606E+01  5.2886517E+00  6.4941633E+01  2.7811868E-01  1.6346542E-02  2.7411715E+01  1.5062506E+01  3.9961164E-02  4.4973076E-04  0.0000000E+00  0.0000000E+00
   258  1.4114927E+00  2.54917E+03       H2  8.6302362E+07  1.5014640E-01 -5.0921743E+01 -1.4225834E+02  5.0677657E+01  1.2229299E+02  1.6445143E+01 -7.1615331E+01 -1.2156475E+02  3.6359553E-13  2.6479541E+02  4.5908935E-01  3.6615073E+02  3.3200741E-01
  face   258       H2 -1.5976767E+03  1.5467550E+03 -5.9870383E+03  5.8447799E+03  5.5803607E-08  5.5237516E-08
  chan   258  2.7375051E-07  4.2624232E+01  7.9235620E+00  1.2986218E-01  1.1302775E+01  5.1423681E+00  6.4851704E+01  3.4568940E-01  2.0649413E-02  2.6501172E+01  1.4087671E+01  4.0557367E-02  4.0084313E-04  0.0000000E+00  0.0000000E+00
   259  1.4187514E+00  2.59174E+03       H2  7.8747374E+07  1.4605568E-01 -5.0966921E+01 -1.3523650E+02  4.9990609E+01  1.1856924E+02  1.5368324E+01 -6.8578629E+01 -1.1762480E+02  3.3755622E-13  2.5478206E+02  4.6166829E-01  3.5476327E+02  3.3155855E-01
  face   259       H2 -1.5045138E+03  1.4535469E+03 -5.6851583E+03  5.5499218E+03  5.5237516E-08  5.4670267E-08
  chan   259  2.2630805E-07  4.2255452E+01  7.5916789E+00  1.4347798E-01  1.0378604E+01  4.9897202E+00  6.4103553E+01  4.1072559E-01  2.5014871E-02  2.5408518E+01  1.3212190E+01  4.0550709E-02  3.6240478E-04  0.0000000E+00  0.0000000E+00
   260  1.4261378E+00  2.62960E+03       H2  7.2043285E+07  1.4208416E-01 -5.0307952E+01 -1.2863792E+02  4.8968515E+01  1.1439657E+02  1.4384974E+01 -6.5428054E+01 -1.1351782E+02  3.1388841E-13  2.4437393E+02  4.6452509E-01  3.4231096E+02  3.3162193E-01
  face   260       H2 -1.4136721E+03  1.3633642E+03 -5.3976690E+03  5.2690311E+03  5.4670267E-08  5.4101968E-08
  chan   260  1.8867614E-07  4.1590710E+01  7.2243246E+00  1.5347967E-01  9.5508997E+00  4.8340742E+00  6.2856694E+01  4.6879353E-01  2.9224592E-02  2.4194530E+01  1.2421993E+01  4.0027595E-02  3.3220472E-04  0.0000000E+00  0.0000000E+00
   261  1.4336541E+00  2.66324E+03       H2  6.6059025E+07  1.3822522E-01 -4.9097049E+01 -1.2241810E+02  4.7698601E+01  1.0994312E+02  1.3482513E+01 -6.2244516E+01 -1.0927063E+02  2.9228503E-13  2.3375966E+02  4.6744861E-01  3.2915686E+02  3.3197129E-01
  face   261       H2 -1.3257943E+03  1.2766973E+03 -5.1238306E+03  5.0014125E+03  5.4101968E-08  5.3532724E-08
  chan   261  1.5844926E-07  4.0701316E+01  6.8375938E+00  1.5969155E-01  8.8055070E+00  4.6770065E+00  6.1254142E+01  5.1719055E-01  3.3130923E-02  2.2912571E+01  1.1704165E+01  3.9096064E-02  3.0829732E-04  0.0000000E+00  0.0000000E+00
   262  1.4413025E+00  2.69316E+03       H2  6.0687685E+07  1.3447305E-01 -4.7491406E+01 -1.1653837E+02  4.6250219E+01  1.0533496E+02  1.2650679E+01 -5.9084741E+01 -1.0494503E+02  2.7248927E-13  2.2311452E+02  4.7036399E-01  3.1561495E+02  3.3250970E-01
  face   262       H2 -1.2413562E+03  1.1938648E+03 -4.8629622E+03  4.7464239E+03  5.3532724E-08  5.2962644E-08
  chan   262  1.3388632E-07  3.9644567E+01  6.4433430E+00  1.6230803E-01  8.1308247E+00  4.5198548E+00  5.9404657E+01  5.5458563E-01  3.6637561E-02  2.1602260E+01  1.1047996E+01  3.7854802E-02  2.8917917E-04  0.0000000E+00  0.0000000E+00
   263  1.4490854E+00  2.71984E+03       H2  5.5842872E+07  1.3082263E-01 -4.5619996E+01 -1.1096595E+02  4.4675864E+01  1.0066215E+02  1.1881150E+01 -5.5986282E+01 -1.0059967E+02  2.5428809E-13  2.1257223E+02  4.7324933E-01  3.0192396E+02  3.3319537E-01
  face   263       H2 -1.1606666E+03  1.1150466E+03 -4.6144355E+03  4.5034696E+03  5.2962644E-08  5.2391837E-08
  chan   263  1.1371978E-07  3.8464258E+01  6.0498670E+00  1.6173885E-01  7.5174398E+00  4.3637097E+00  5.7387558E+01  5.8071596E-01  3.9687723E-02  2.0291573E+01  1.0444802E+01  3.6386803E-02  2.7372355E-04  0.0000000E+00  0.0000000E+00
   264  1.4570052E+00  2.74370E+03       H2  5.1454389E+07  1.2726955E-01 -4.3582640E+01 -1.0567324E+02  4.3015069E+01  9.5988565E+01  1.1167291E+01 -5.2973495E+01 -9.6282382E+01  2.3750383E-13  2.0222937E+02  4.7610483E-01  2.8825951E+02  3.3401285E-01
  face   264       H2 -1.0838990E+03  1.0403164E+03 -4.3776675E+03  4.2719942E+03  5.2391837E-08  5.1820415E-08
  chan   264  9.7013793E-08  3.7193707E+01  5.6628609E+00  1.5850130E-01  6.9576689E+00  4.2096217E+00  5.5260440E+01  5.9607542E-01  4.2255418E-02  1.8999942E+01  9.8875398E+00  3.4759919E-02  2.6108756E-04  0.0000000E+00  0.0000000E+00
   265  1.4650642E+00  2.76511E+03       H2  4.7464754E+07  1.2380999E-01 -4.1455147E+01 -1.0063703E+02  4.1297776E+01  9.1359220E+01  1.0503384E+01 -5.0061444E+01 -9.2030729E+01  2.2198728E-13  1.9215362E+02  4.7894352E-01  2.7474917E+02  3.3496272E-01
  face   265       H2 -1.0111238E+03  9.6966866E+02 -4.1521142E+03  4.0514772E+03  5.1820415E-08  5.1248488E-08
  chan   265  8.3067206E-08  3.5858454E+01  5.2861807E+00  1.5314100E-01  6.4451876E+00  4.0581968E+00  5.3065370E+01  6.0165838E-01  4.4337200E-02  1.7740713E+01  9.3704778E+00  3.3028741E-02  2.5063835E-04  0.0000000E+00  0.0000000E+00
   266  1.4732649E+00  2.78439E+03       H2  4.3826471E+07  1.2044053E-01 -3.9291703E+01 -9.5837823E+01  3.9546885E+01  8.6805942E+01  9.8846067E+00 -4.7259057E+01 -8.7870469E+01  2.0761200E-13  1.8238858E+02  4.8177615E-01  2.6148235E+02  3.3604741E-01
  face   266       H2 -9.4233430E+02  9.0304260E+02 -3.9372660E+03  3.8414282E+03  5.1248488E-08  5.0676169E-08
  chan   266  7.1347012E-08  3.4478316E+01  4.9223899E+00  1.4617937E-01  5.9747412E+00  3.9098655E+00  5.0833375E+01  5.9870434E-01  4.5944945E-02  1.6522907E+01  8.8889248E+00  3.1236687E-02  2.4189853E-04  0.0000000E+00  0.0000000E+00
   267  1.4816098E+00  2.80181E+03       H2  4.0499877E+07  1.1715815E-01 -3.7133573E+01 -9.1259279E+01  3.7780233E+01  8.2348719E+01  9.3040976E+00 -4.4568485E+01 -8.3824367E+01  1.9426989E-13  1.7296134E+02  4.8464222E-01  2.4852180E+02  3.3729180E-01
  face   267       H2 -8.7746995E+02  8.4033638E+02 -3.7326430E+03  3.6413837E+03  5.0676169E-08  5.0103573E-08
  chan   267  6.1442043E-08  3.3068990E+01  4.5731574E+00  1.3808573E-01  5.5419144E+00  3.7621832E+00  4.8587760E+01  5.8857568E-01  4.7100857E-02  1.5352524E+01  8.4390074E+00  2.9418146E-02  2.3450448E-04  0.0000000E+00  0.0000000E+00
   268  1.4901015E+00  2.81757E+03       H2  3.7451731E+07  1.1396008E-01 -3.5008902E+01 -8.6887692E+01  3.6011313E+01  7.7992820E+01  8.7483745E+00 -4.1981507E+01 -7.9915086E+01  1.8186812E-13  1.6387810E+02  4.8764957E-01  2.3590073E+02  3.3876575E-01
  face   268       H2 -8.1643046E+02  7.8142156E+02 -3.5377912E+03  3.4509036E+03  5.0103573E-08  4.9530814E-08
  chan   268  5.3031934E-08  3.1642607E+01  4.2394534E+00  1.2925278E-01  5.1429854E+00  3.6053891E+00  4.6345551E+01  5.7252764E-01  4.7829370E-02  1.4233164E+01  8.0175465E+00  2.7599310E-02  2.2818578E-04  0.0000000E+00  0.0000000E+00
   269  1.4987424E+00  2.83186E+03       H2  3.4653538E+07  1.1084382E-01 -3.2926870E+01 -8.2711376E+01  3.4251304E+01  7.3762083E+01  8.2268166E+00 -3.9510779E+01 -7.6127467E+01  1.7032543E-13  1.5514902E+02  4.9067319E-01  2.2365163E+02  3.4038413E-01
  face   269       H2 -7.5908970E+02  7.2616283E+02 -3.3522797E+03  3.2695683E+03  4.9530814E-08  4.8958006E-08
  chan   269  4.5862011E-08  3.0209433E+01  3.9218568E+00  1.2001422E-01  4.7747388E+00  3.4520779E+00  4.4120370E+01  5.5180522E-01  4.8160957E-02  1.3167068E+01  7.6218379E+00  2.5801204E-02  2.2272850E-04  0.0000000E+00  0.0000000E+00
   270  1.5075353E+00  2.84483E+03       H2  3.2080742E+07  1.0780702E-01 -3.0913385E+01 -7.8720167E+01  3.2509404E+01  6.9666199E+01  7.7382583E+00 -3.7156795E+01 -7.2476757E+01  1.5957038E-13  1.4679035E+02  4.9374335E-01  2.1180915E+02  3.4217953E-01
  face   270       H2 -7.0531488E+02  6.7440150E+02 -3.1756978E+03  3.0969776E+03  4.8958006E-08  4.8385267E-08
  chan   270  3.9728077E-08  2.8778125E+01  3.6206386E+00  1.1064089E-01  4.4343822E+00  3.3038761E+00  4.1923061E+01  5.2751902E-01  4.8128464E-02  1.2155395E+01  7.2495784E+00  2.4040295E-02  2.1796489E-04  0.0000000E+00  0.0000000E+00
   271  1.5164828E+00  2.85659E+03       H2  2.9712030E+07  1.0484753E-01 -2.8979313E+01 -7.4904824E+01  3.0793211E+01  6.5710814E+01  7.2802735E+00 -3.4917603E+01 -6.8966534E+01  1.4953971E-13  1.3880174E+02  4.9687082E-01  2.0038816E+02  3.4416471E-01
  face   271       H2 -6.5495061E+02  6.2597130E+02 -3.0076535E+03  2.9327487E+03  4.8385267E-08  4.7812713E-08
  chan   271  3.4464841E-08  2.7356028E+01  3.3358371E+00  1.0134522E-01  4.1194730E+00  3.1608005E+00  3.9762310E+01  5.0065603E-01  4.7765278E-02  1.1198472E+01  6.8987936E+00  2.2329256E-02  2.1376337E-04  0.0000000E+00  0.0000000E+00
   272  1.5255877E+00  2.86727E+03       H2  2.7528753E+07  1.0196328E-01 -2.7130238E+01 -7.1257141E+01  2.9109045E+01  6.1899663E+01  6.8506853E+00 -3.2790618E+01 -6.5596760E+01  1.4017705E-13  1.3117800E+02  5.0005918E-01  1.8939609E+02  3.4634697E-01
  face   272       H2 -6.0783416E+02  5.8070393E+02 -2.8477722E+03  2.7765151E+03  4.7812713E-08  4.7240461E-08
  chan   272  2.9937240E-08  2.5949438E+01  3.0673178E+00  9.2288796E-02  3.8278563E+00  3.0228289E+00  3.7645138E+01  4.7206896E-01  4.7104451E-02  1.0296003E+01  6.5677755E+00  2.0677682E-02  2.1002035E-04  0.0000000E+00  0.0000000E+00
   273  1.5348526E+00  2.87692E+03       H2  2.5514470E+07  9.9152348E-02 -2.5369093E+01 -6.7769725E+01  2.7462203E+01  5.8234995E+01  6.4475260E+00 -3.0772792E+01 -6.2366026E+01  1.3143182E-13  1.2391161E+02  5.0331059E-01  1.7883602E+02  3.4873303E-01
  face   273       H2 -5.6380092E+02  5.3843183E+02 -2.6956951E+03  2.6279253E+03  4.7240461E-08  4.6668629E-08
  chan   273  2.6033980E-08  2.4563795E+01  2.8148173E+00  8.3590424E-02  3.5576167E+00  2.8899093E+00  3.5577271E+01  4.4246635E-01  4.6178268E-02  9.4472216E+00  6.2550326E+00  1.9092676E-02  2.0665379E-04  0.0000000E+00  0.0000000E+00
   274  1.5442804E+00  2.88563E+03       H2  2.3654590E+07  9.6412880E-02 -2.3696830E+01 -6.4435831E+01  2.5857128E+01  5.4717892E+01  6.0690068E+00 -2.8860764E+01 -5.9271898E+01  1.2325839E-13  1.1699343E+02  5.0662589E-01  1.6870768E+02  3.5132898E-01
  face   274       H2 -5.2268708E+02  4.9899025E+02 -2.5510782E+03  2.4866423E+03  4.6668629E-08  4.6097334E-08
  chan   274  2.2662658E-08  2.3203820E+01  2.5779748E+00  7.5333587E-02  3.3070398E+00  2.7619670E+00  3.3563395E+01  4.1243508E-01  4.5017982E-02  8.6510031E+00  5.9592506E+00  1.7579310E-02  2.0359846E-04  0.0000000E+00  0.0000000E+00
   275  1.5538740E+00  2.89344E+03       H2  2.1936081E+07  9.3743099E-02 -2.2113061E+01 -6.1249226E+01  2.4297564E+01  5.1348545E+01  5.7134915E+00 -2.7050980E+01 -5.6311307E+01  1.1561539E-13  1.1041327E+02  5.1000490E-01  1.5900840E+02  3.5414046E-01
  face   275       H2 -4.8433159E+02  4.6221853E+02 -2.4135915E+03  2.3523423E+03  4.6097334E-08  4.5526696E-08
  chan   275  1.9746039E-08  2.1873634E+01  2.3563570E+00  6.7573416E-02  3.0745813E+00  2.6389102E+00  3.1607370E+01  3.8247113E-01  4.3653841E-02  7.9059553E+00  5.6792605E+00  1.6141021E-02  2.0080212E-04  0.0000000E+00  0.0000000E+00
   276  1.5636363E+00  2.90040E+03       H2  2.0347256E+07  9.1141291E-02 -2.0616034E+01 -5.8204089E+01  2.2786597E+01  4.8126313E+01  5.3794791E+00 -2.5339716E+01 -5.3480408E+01  1.0846514E-13  1.0415984E+02  5.1344556E-01  1.4973303E+02  3.5717174E-01
  face   276       H2 -4.4857751E+02  4.2796148E+02 -2.2829183E+03  2.2247142E+03  4.5526696E-08  4.4956833E-08
  chan   276  1.7219241E-08  2.0576784E+01  2.1494709E+00  6.0341841E-02  2.8588447E+00  2.5206344E+00  2.9712294E+01  3.5296438E-01  4.2114609E-02  7.2104646E+00  5.4140178E+00  1.4779845E-02  1.9822341E-04  0.0000000E+00  0.0000000E+00
   277  1.5735702E+00  2.90654E+03       H2  1.8877542E+07  8.8605793E-02 -1.9202640E+01 -5.5294957E+01  2.1326897E+01  4.5049948E+01  5.0653995E+00 -2.3723052E+01 -5.0774545E+01  1.0177315E-13  9.8220648E+01  5.1694370E-01  1.4087444E+02  3.6042411E-01
  face   277       H2 -4.1527321E+02  3.9607058E+02 -2.1587541E+03  2.1034591E+03  4.4956833E-08  4.4387863E-08
  chan   277  1.5027359E-08  1.9316449E+01  1.9567932E+00  5.3654324E-02  2.6585563E+00  2.4068432E+00  2.7880823E+01  3.2423247E-01  4.0428888E-02  6.5628012E+00  5.1625711E+00  1.3496849E-02  1.9582731E-04  0.0000000E+00  0.0000000E+00
   278  1.5836789E+00  2.91187E+03       H2  1.7517472E+07  8.6134980E-02 -1.7871106E+01 -5.2516773E+01  1.9920231E+01  4.2108650E+01  4.7614230E+00 -2.2188419E+01 -4.8199460E+01  9.5508002E-14  9.2576298E+01  5.2064579E-01  1.3241676E+02  3.6399818E-01
  face   278       H2 -3.8427368E+02  3.6640257E+02 -2.0408065E+03  1.9882897E+03  4.4387863E-08  4.3819905E-08
  chan   278  1.3124099E-08  1.8094990E+01  1.7777324E+00  4.7508466E-02  2.4725667E+00  2.2888563E+00  2.6114552E+01  2.9649308E-01  3.8620804E-02  5.9609909E+00  4.9240844E+00  1.2291741E-02  1.9359127E-04  0.0000000E+00  0.0000000E+00
   279  1.5939652E+00  2.91640E+03       H2  1.6258407E+07  8.3727262E-02 -1.6611665E+01 -4.9864761E+01  1.8568047E+01  3.9304876E+01  4.4713094E+00 -2.0736829E+01 -4.5739598E+01  8.9640731E-14  8.7213255E+01  5.2445695E-01  1.2434935E+02  3.6783142E-01
  face   279       H2 -3.5543901E+02  3.3882735E+02 -1.9287944E+03  1.8789297E+03  4.3819905E-08  4.3253078E-08
  chan   279  1.1469924E-08  1.6914466E+01  1.6116874E+00  4.1893359E-02  2.2998192E+00  2.1714902E+00  2.4414760E+01  2.6993053E-01  3.6714238E-02  5.4030207E+00  4.6977860E+00  1.1163645E-02  1.9149633E-04  0.0000000E+00  0.0000000E+00
   280  1.6044324E+00  2.92014E+03       H2  1.5092422E+07  8.1381067E-02 -1.5422800E+01 -4.7334341E+01  1.7271627E+01  3.6641184E+01  4.1990278E+00 -1.9369557E+01 -4.3387585E+01  8.4144464E-14  8.2126699E+01  5.2830061E-01  1.1666995E+02  3.7188311E-01
  face   280       H2 -3.2864217E+02  3.1321937E+02 -1.8224476E+03  1.7751133E+03  4.3253078E-08  4.2687500E-08
  chan   280  1.0030913E-08  1.5776771E+01  1.4580632E+00  3.6792602E-02  2.1393358E+00  2.0596920E+00  2.2782598E+01  2.4468001E-01  3.4733730E-02  4.8868916E+00  4.4829520E+00  1.0111318E-02  1.8952436E-04  0.0000000E+00  0.0000000E+00
   281  1.6150837E+00  2.92310E+03       H2  1.4012270E+07  7.9094849E-02 -1.4307301E+01 -4.4920903E+01  1.6031918E+01  3.4114708E+01  3.9434583E+00 -1.8082791E+01 -4.1145412E+01  7.8994354E-14  7.7310994E+01  5.3220649E-01  1.0937483E+02  3.7618722E-01
  face   281       H2 -3.0376059E+02  2.8945329E+02 -1.7215062E+03  1.6765853E+03  4.2687500E-08  4.2123288E-08
  chan   281  8.7780059E-09  1.4683475E+01  1.3162584E+00  3.2184248E-02  1.9902157E+00  1.9532426E+00  2.1218887E+01  2.2084803E-01  3.2702847E-02  4.4105792E+00  4.2789124E+00  9.1330369E-03  1.8766001E-04  0.0000000E+00  0.0000000E+00
   282  1.6259223E+00  2.92529E+03       H2  1.3011326E+07  7.6867097E-02 -1.3261707E+01 -4.2619844E+01  1.4849522E+01  3.1722295E+01  3.7035562E+00 -1.6872774E+01 -3.9008777E+01  7.4167407E-14  7.2754324E+01  5.3617125E-01  1.0245337E+02  3.8074665E-01
  face   282       H2 -2.8067196E+02  2.6741025E+02 -1.6257205E+03  1.5831007E+03  4.2123288E-08  4.1560562E-08
  chan   282  7.6862681E-09  1.3635811E+01  1.1856679E+00  2.8042228E-02  1.8516294E+00  1.8519267E+00  1.9724101E+01  1.9849267E-01  3.0643802E-02  3.9720418E+00  4.0850468E+00  8.2266572E-03  1.8589056E-04  0.0000000E+00  0.0000000E+00
   283  1.6369514E+00  2.92671E+03       H2  1.2083517E+07  7.4696326E-02 -1.2282559E+01 -4.0426737E+01  1.3724715E+01  2.9460555E+01  3.4783453E+00 -1.5735840E+01 -3.6973456E+01  6.9642314E-14  6.8445136E+01  5.4019113E-01  9.5894566E+01  3.8556361E-01
  face   283       H2 -2.5926033E+02  2.4697777E+02 -1.5348510E+03  1.4944243E+03  4.1560562E-08  4.0999438E-08
  chan   283  6.7342621E-09  1.2634691E+01  1.0656863E+00  2.4337724E-02  1.7228117E+00  1.7555336E+00  1.8298390E+01  1.7765451E-01  2.8577320E-02  3.5692354E+00  3.9007793E+00  7.3896885E-03  1.8420547E-04  0.0000000E+00  0.0000000E+00
   284  1.6481745E+00  2.92737E+03       H2  1.1223274E+07  7.2581083E-02 -1.1366517E+01 -3.8337287E+01  1.2657471E+01  2.7325878E+01  3.2669131E+00 -1.4668408E+01 -3.5035395E+01  6.5399302E-14  6.4372211E+01  5.4426273E-01  8.9687152E+01  3.9064007E-01
  face   284       H2 -2.3941596E+02  2.2804944E+02 -1.4486679E+03  1.4103306E+03  4.0999438E-08  4.0440032E-08
  chan   284  5.9035243E-09  1.1680718E+01  9.5571212E-01  2.1040322E-02  1.6030559E+00  1.6638572E+00  1.6941599E+01  1.5834018E-01  2.6522543E-02  3.2001279E+00  3.7255736E+00  6.6193664E-03  1.8259597E-04  0.0000000E+00  0.0000000E+00
   285  1.6595949E+00  2.92726E+03       H2  1.0425479E+07  7.0519944E-02 -1.0510194E+01 -3.6347316E+01  1.1647477E+01  2.5314471E+01  3.0684058E+00 -1.3666994E+01 -3.3190517E+01  6.1420003E-14  6.0524504E+01  5.4838147E-01  8.3819458E+01  3.9597627E-01
  face   285       H2 -2.2103509E+02  2.1052490E+02 -1.3669507E+03  1.3306034E+03  4.0440032E-08  3.9882462E-08
  chan   285  5.1781271E-09  1.0774206E+01  8.5515150E-01  1.8118910E-02  1.4917088E+00  1.5766970E+00  1.5653298E+01  1.4053589E-01  2.4496936E-02  2.8627111E+00  3.5589293E+00  5.9127144E-03  1.8105467E-04  0.0000000E+00  0.0000000E+00
   286  1.6712161E+00  2.92640E+03       H2  9.6854270E+06  6.8511512E-02 -9.7106860E+00 -3.4452765E+01  1.0694165E+01  2.3422392E+01  2.8820237E+00 -1.2728226E+01 -3.1435225E+01  5.7687333E-14  5.6891678E+01  5.5254522E-01  7.8280008E+01  4.0157411E-01
  face   286       H2 -2.0401986E+02  1.9430918E+02 -1.2894879E+03  1.2550352E+03  3.9882462E-08  3.9326842E-08
  chan   286  4.5443098E-09  9.9152019E+00  7.6342113E-01  1.5542420E-02  1.3881660E+00  1.4938577E+00  1.4432804E+01  1.2421103E-01  2.2516258E-02  2.5550128E+00  3.4003778E+00  5.2666033E-03  1.7957522E-04  0.0000000E+00  0.0000000E+00
   287  1.6830416E+00  2.92477E+03       H2  8.9987870E+06  6.6554419E-02 -8.9640307E+00 -3.2649686E+01  9.7967181E+00  2.1645560E+01  2.7070184E+00 -1.1848842E+01 -2.9764874E+01  5.4185398E-14  5.3462558E+01  5.5674243E-01  7.3055994E+01  4.0742549E-01
  face   287       H2 -1.8827768E+02  1.7931364E+02 -1.2160771E+03  1.1834274E+03  3.9326842E-08  3.8773287E-08
  chan   287  3.9901738E-09  9.1034877E+00  6.7995011E-01  1.3280305E-02  1.2918683E+00  1.4151500E+00  1.3279187E+01  1.0932057E-01  2.0594388E-02  2.2751028E+00  3.2494805E+00  4.6777884E-03  1.7815232E-04  0.0000000E+00  0.0000000E+00
   288  1.6950751E+00  2.92238E+03       H2  8.3615630E+06  6.4647324E-02 -8.2673306E+00 -3.0934278E+01  8.9541279E+00  1.9978582E+01  2.5414308E+00 -1.1024454E+01 -2.8177154E+01  5.0899375E-14  5.0226063E+01  5.6100663E-01  6.8134319E+01  4.1355303E-01
  face   288       H2 -1.7372214E+02  1.6545481E+02 -1.1465240E+03  1.1155897E+03  3.8773287E-08  3.8221910E-08
  chan   288  3.5054064E-09  8.3386398E+00  6.0418499E-01  1.1303137E-02  1.2022968E+00  1.3391341E+00  1.2191346E+01  9.5809242E-02  1.8743592E-02  2.0211100E+00  3.1058234E+00  4.1429830E-03  1.7678073E-04  0.0000000E+00  0.0000000E+00
   289  1.7073202E+00  2.91922E+03       H2  7.7701159E+06  6.2788911E-02 -7.6181949E+00 -2.9302907E+01  8.1649717E+00  1.8412598E+01  2.3803006E+00 -1.0247626E+01 -2.6673476E+01  4.7815579E-14  4.7168728E+01  5.6549067E-01  6.3498671E+01  4.2006352E-01
  face   289       H2 -1.6027190E+02  1.5265370E+02 -1.0806428E+03  1.0513399E+03  3.8221910E-08  3.7672824E-08
  chan   289  3.0811342E-09  7.6198143E+00  5.3557537E-01  9.5819940E-03  1.1189767E+00  1.2613240E+00  1.1167681E+01  8.3601041E-02  1.6972687E-02  1.7911744E+00  2.9690340E+00  3.6587233E-03  1.7546017E-04  0.0000000E+00  0.0000000E+00
   290  1.7197806E+00  2.91528E+03       H2  7.2210527E+06  6.0977888E-02 -7.0089455E+00 -2.7752052E+01  7.4278246E+00  1.6948975E+01  2.2287118E+00 -9.5211505E+00 -2.5239847E+01  4.4921145E-14  4.4282148E+01  5.6997793E-01  5.9137797E+01  4.2679721E-01
  face   290       H2 -1.4784997E+02  1.4084102E+02 -1.0182554E+03  9.9050332E+02  3.7672824E-08  3.7126141E-08
  chan   290  2.7096036E-09  6.9461322E+00  4.7360212E-01  8.0902863E-03  1.0414630E+00  1.1872488E+00  1.0206656E+01  7.2629333E-02  1.5290002E-02  1.5835423E+00  2.8387493E+00  3.2216875E-03  1.7418760E-04  0.0000000E+00  0.0000000E+00
   291  1.7324601E+00  2.91057E+03       H2  6.7112291E+06  5.9212980E-02 -6.4416665E+00 -2.6278305E+01  6.7411623E+00  1.5584056E+01  2.0867134E+00 -8.8428938E+00 -2.3877077E+01  4.2204028E-14  4.1562865E+01  5.7448103E-01  5.5045189E+01  4.3377228E-01
  face   291       H2 -1.3638883E+02  1.2994717E+02 -9.5919136E+02  9.3291306E+02  3.7126141E-08  3.6581971E-08
  chan   291  2.3840672E-09  6.3165891E+00  4.1776993E-01  6.8032620E-03  9.6934136E-01  1.1173720E+00  9.3066593E+00  6.2816010E-02  1.3702458E-02  1.3965410E+00  2.7146223E+00  2.8286271E-03  1.7295911E-04  0.0000000E+00  0.0000000E+00
   292  1.7453625E+00  2.90509E+03       H2  6.2377417E+06  5.7492942E-02 -5.9151847E+00 -2.4878188E+01  6.1033258E+00  1.4313484E+01  1.9536954E+00 -8.2101580E+00 -2.2583215E+01  3.9652985E-14  3.9003531E+01  5.7900437E-01  5.1210183E+01  4.4099072E-01
  face   292       H2 -1.2582068E+02  1.1990550E+02 -9.0328763E+02  8.7840945E+02  3.6581971E-08  3.6040422E-08
  chan   292  2.0986637E-09  5.7300233E+00  3.6760464E-01  5.6978698E-03  9.0222718E-01  1.0514682E+00  8.4659426E+00  5.4086539E-02  1.2215195E-02  1.2285703E+00  2.5963257E+00  2.4763504E-03  1.7177081E-04  0.0000000E+00  0.0000000E+00
   293  1.7584918E+00  2.89885E+03       H2  5.7979107E+06  5.5816565E-02 -5.4271186E+00 -2.3548329E+01  5.5125299E+00  1.3132892E+01  1.8290867E+00 -7.6203625E+00 -2.1355086E+01  3.7257522E-14  3.6595811E+01  5.8353908E-01  4.7620870E+01  4.4843963E-01
  face   293       H2 -1.1608062E+02  1.1065350E+02 -8.5038833E+02  8.2684000E+02  3.6040422E-08  3.5501603E-08
  chan   293  1.8483002E-09  5.1851237E+00  3.2265348E-01  4.7527845E-03  8.3976407E-01  9.8932267E-01  7.6826284E+00  4.6360654E-02  1.0831561E-02  1.0781026E+00  2.4835502E+00  2.1617392E-03  1.7061900E-04  0.0000000E+00  0.0000000E+00
   294  1.7718519E+00  2.89185E+03       H2  5.3892623E+06  5.4182671E-02 -4.9752302E+00 -2.2285474E+01  4.9668813E+00  1.2037926E+01  1.7123529E+00 -7.0710443E+00 -2.0189660E+01  3.5007837E-14  3.4331749E+01  5.8807549E-01  4.4265511E+01  4.5610362E-01
  face   294       H2 -1.0710778E+02  1.0213255E+02 -8.0034459E+02  7.7805911E+02  3.5501603E-08  3.4965619E-08
  chan   294  1.6285488E-09  4.6804474E+00  2.8248556E-01  3.9484253E-03  7.8162167E-01  9.3073119E-01  6.9547207E+00  3.9557931E-02  9.5532097E-03  9.4368514E-01  2.3760045E+00  1.8817667E-03  1.6950020E-04  0.0000000E+00  0.0000000E+00
   295  1.7854470E+00  2.88411E+03       H2  5.0095124E+06  5.2590120E-02 -4.5574289E+00 -2.1086480E+01  4.4643965E+00  1.1024250E+01  1.6029932E+00 -6.5598535E+00 -1.9084056E+01  3.2894780E-14  3.2203762E+01  5.9260329E-01  4.1132555E+01  4.6396474E-01
  face   295       H2 -9.8845094E+01  9.4287665E+01 -7.5301430E+02  7.3192782E+02  3.4965619E-08  3.4432575E-08
  chan   295  1.4355571E-09  4.2144373E+00  2.4669224E-01  3.2669447E-03  7.2749375E-01  8.7549946E-01  6.2801209E+00  3.3599256E-02  8.3802186E-03  8.2394087E-01  2.2734136E+00  1.6335142E-03  1.6841107E-04  0.0000000E+00  0.0000000E+00
   296  1.7992811E+00  2.87563E+03       H2  4.6565510E+06  5.1037805E-02 -4.1716875E+00 -1.9948316E+01  4.0030214E+00  1.0087570E+01  1.5005392E+00 -6.0845485E+00 -1.8035455E+01  3.0909798E-14  3.0204553E+01  5.9711050E-01  3.8210595E+01  4.7200143E-01
  face   296       H2 -9.1239057E+01  8.7067370E+01 -7.0826183E+02  6.8831351E+02  3.4432575E-08  3.3902574E-08
  chan   296  1.2659717E-09  3.7854417E+00  2.1488750E-01  2.6921917E-03  6.7709635E-01  8.2344282E-01  5.6566436E+00  2.8406941E-02  7.3112454E-03  7.1756964E-01  2.1755177E+00  1.4141856E-03  1.6734846E-04  0.0000000E+00  0.0000000E+00
   297  1.8133584E+00  2.86644E+03       H2  4.3284295E+06  4.9524655E-02 -3.8162098E+00 -1.8868063E+01  3.5806470E+00  9.2236379E+00  1.4045521E+00 -5.6429908E+00 -1.7041282E+01  2.9044901E-14  2.8327264E+01  6.0158588E-01  3.5488558E+01  4.8019088E-01
  face   297       H2 -8.4239573E+01  8.0423364E+01 -6.6595779E+02  6.4708973E+02  3.3902574E-08  3.3375717E-08
  chan   297  1.1168717E-09  3.3917296E+00  1.8670782E-01  2.2096465E-03  6.3016629E-01  7.7438582E-01  5.0820286E+00  2.3906107E-02  6.3436768E-03  6.2334791E-01  2.0820720E+00  1.2211172E-03  1.6630939E-04  0.0000000E+00  0.0000000E+00
   298  1.8276833E+00  2.85654E+03       H2  4.0233459E+06  4.8049637E-02 -3.4886438E+00 -1.7842912E+01  3.1951345E+00  8.4282776E+00  1.3146212E+00 -5.2331431E+00 -1.6098413E+01  2.7292616E-14  2.6564699E+01  6.0600773E-01  3.2954968E+01  4.8849730E-01
  face   298       H2 -7.7799656E+01  7.4311012E+01 -6.2597879E+02  6.0813588E+02  3.3375717E-08  3.2852104E-08
  chan   298  9.8571035E-10  3.0315156E+00  1.6181252E-01  1.8063542E-03  5.8645939E-01  7.2816186E-01  4.5539660E+00  2.0025316E-02  5.4738457E-03  5.4012960E-01  1.9928445E+00  1.0517900E-03  1.6529092E-04  0.0000000E+00  0.0000000E+00
   299  1.8422601E+00  2.84596E+03       H2  3.7396385E+06  4.6611752E-02 -3.1875853E+00 -1.6870194E+01  2.8443127E+00  7.6960279E+00  1.2290241E+00 -4.8517151E+00 -1.5206064E+01  2.5645966E-14  2.4909494E+01  6.1045254E-01  3.0598120E+01  4.9696074E-01
  face   299       H2 -7.1875886E+01  6.8688300E+01 -5.8820720E+02  5.7133700E+02  3.2852104E-08  3.2331833E-08
  chan   299  8.7026955E-10  2.7029594E+00  1.3988253E-01  1.4708039E-03  5.4574972E-01  6.8327437E-01  4.0700822E+00  1.6696603E-02  4.6971060E-03  4.6684206E-01  1.9076177E+00  9.0382718E-04  1.6429080E-04  0.0000000E+00  0.0000000E+00
   300  1.8570932E+00  2.83469E+03       H2  3.4757803E+06  4.5210034E-02 -2.9111455E+00 -1.5947357E+01  2.5259753E+00  7.0223393E+00  1.1469437E+00 -4.4963639E+00 -1.4362139E+01  2.4098459E-14  2.3354867E+01  6.1495272E-01  2.8406817E+01  5.0558775E-01
  face   300       H2 -6.6427407E+01  6.3516262E+01 -5.5253088E+02  5.3658352E+02  3.2331833E-08  3.1814998E-08
  chan   300  7.6862132E-10  2.4041633E+00  1.2061924E-01  1.1928143E-03  5.0782915E-01  6.3911455E-01  3.6279209E+00  1.3854928E-02  4.0079277E-03  4.0248193E-01  1.8261916E+00  7.7499081E-04  1.6330865E-04  0.0000000E+00  0.0000000E+00
   301  1.8721870E+00  2.82275E+03       H2  3.2303470E+06  4.3843553E-02 -2.6562272E+00 -1.5071963E+01  2.2379839E+00  6.4054931E+00  1.0702301E+00 -4.1675092E+00 -1.3560680E+01  2.2643980E-14  2.1895699E+01  6.1933079E-01  2.6371667E+01  5.1421401E-01
  face   301       H2 -6.1416330E+01  5.8760103E+01 -5.1884296E+02  5.0377100E+02  3.1814998E-08  3.1301693E-08
  chan   301  6.7907157E-10  2.1332721E+00  1.0374828E-01  9.6354415E-04  4.7250286E-01  5.9772724E-01  3.2250956E+00  1.1442553E-02  3.4005612E-03  3.4612790E-01  1.7483709E+00  6.6322332E-04  1.6234242E-04  0.0000000E+00  0.0000000E+00
   302  1.8875463E+00  2.81017E+03       H2  3.0020189E+06  4.2511407E-02 -2.4235785E+00 -1.4241667E+01  1.9782367E+00  5.8416687E+00  9.9853199E-01 -3.8634320E+00 -1.2801813E+01  2.1276800E-14  2.0528677E+01  6.2360634E-01  2.4485151E+01  5.2283988E-01
  face   302       H2 -5.6808824E+01  5.4385246E+01 -4.8704163E+02  4.7279997E+02  3.1301693E-08  3.0792011E-08
  chan   302  6.0013899E-10  1.8884448E+00  8.9016550E-02  7.7530506E-04  4.3958978E-01  5.5894221E-01  2.8592342E+00  9.4051204E-03  2.8689287E-03  2.9693050E-01  1.6739699E+00  5.6662410E-04  1.6138987E-04  0.0000000E+00  0.0000000E+00
   303  1.9031757E+00  2.79698E+03       H2  2.7895759E+06  4.1212736E-02 -2.2119008E+00 -1.3454158E+01  1.7446736E+00  5.3271672E+00  9.3152135E-01 -3.5824936E+00 -1.2083565E+01  1.9991557E-14  1.9248552E+01  6.2776489E-01  2.2737900E+01  5.3142839E-01
  face   303       H2 -5.2571286E+01  5.0359385E+01 -4.5702990E+02  4.4357574E+02  3.0792011E-08  3.0286040E-08
  chan   303  5.3052921E-10  1.6678610E+00  7.6191127E-02  6.2144282E-04  4.0892207E-01  5.2259929E-01  2.5279796E+00  7.6936821E-03  2.4067357E-03  2.5410841E-01  1.6028135E+00  4.8344428E-04  1.6044897E-04  0.0000000E+00  0.0000000E+00
   304  1.9190799E+00  2.78319E+03       H2  2.5918896E+06  3.9946715E-02 -2.0197874E+00 -1.2707241E+01  1.5352873E+00  4.8584181E+00  8.6889198E-01 -3.3231308E+00 -1.1403897E+01  1.8783235E-14  1.8050159E+01  6.3178930E-01  2.1120734E+01  5.3993850E-01
  face   304       H2 -4.8672327E+01  4.6652540E+01 -4.2871546E+02  4.1600822E+02  3.0286040E-08  2.9783867E-08
  chan   304  4.6911081E-10  1.4697326E+00  6.5058484E-02  4.9623325E-04  3.8034412E-01  4.8854786E-01  2.2290011E+00  6.2637857E-03  2.0076151E-03  2.1694575E-01  1.5347363E+00  4.1208329E-04  1.5951795E-04  0.0000000E+00  0.0000000E+00
   305  1.9352637E+00  2.76882E+03       H2  2.4079168E+06  3.8712559E-02 -1.8459037E+00 -1.1998825E+01  1.3481349E+00  4.4319884E+00  8.1035807E-01 -3.0838535E+00 -1.0760875E+01  1.7647142E-14  1.6928582E+01  6.3566311E-01  1.9624852E+01  5.4832899E-01
  face   305       H2 -4.5082825E+01  4.3236921E+01 -4.0201051E+02  3.9001168E+02  2.9783867E-08  2.9285578E-08
  chan   305  4.1489422E-10  1.2923164E+00  5.5423691E-02  3.9478300E-04  3.5371172E-01  4.5664635E-01  1.9600084E+00  5.0754313E-03  1.6652615E-03  1.8478932E-01  1.4695822E+00  3.5108477E-04  1.5859531E-04  0.0000000E+00  0.0000000E+00
   306  1.9517321E+00  2.75392E+03       H2  2.2366926E+06  3.7509522E-02 -1.6889696E+00 -1.1326924E+01  1.1813474E+00  4.0445899E+00  7.5565285E-01 -2.8632425E+00 -1.0152651E+01  1.6578883E-14  1.5879136E+01  6.3937050E-01  1.8241831E+01  5.5655878E-01
  face   306       H2 -4.1775791E+01  4.0086821E+01 -3.7683150E+02  3.6550458E+02  2.9285578E-08  2.8791255E-08
  chan   306  3.6701344E-10  1.1339250E+00  4.7109553E-02  3.1293469E-04  3.2889113E-01  4.2676172E-01  1.7187637E+00  4.0930334E-03  1.3735457E-03  1.5704564E-01  1.4072043E+00  2.9913123E-04  1.5767982E-04  0.0000000E+00  0.0000000E+00
   307  1.9684900E+00  2.73849E+03       H2  2.0773240E+06  3.6336893E-02 -1.5477772E+00 -1.0689650E+01  1.0331396E+00  3.6930878E+00  7.0452734E-01 -2.6599481E+00 -9.5774790E+00  1.5574345E-14  1.4897375E+01  6.4289708E-01  1.6963655E+01  5.6458819E-01
  face   307       H2 -3.8726264E+01  3.7178487E+01 -3.5309899E+02  3.4240934E+02  2.8791255E-08  2.8300977E-08
  chan   307  3.2471002E-10  9.9293674E-01  3.9955715E-02  2.4717806E-04  3.0575836E-01  3.9876898E-01  1.5030951E+00  3.2851803E-03  1.1266100E-03  1.3317785E-01  1.3474639E+00  2.5503778E-04  1.5677052E-04  0.0000000E+00  0.0000000E+00
   308  1.9855426E+00  2.72257E+03       H2  1.9289847E+06  3.5193997E-02 -1.4211136E+00 -1.0085212E+01  9.0181501E-01  3.3745039E+00  6.5674920E-01 -2.4726889E+00 -9.0336369E+00  1.4629679E-14  1.3979015E+01  6.4622844E-01  1.5782645E+01  5.7237789E-01
  face   308       H2 -3.5911185E+01  3.4490072E+01 -3.3073739E+02  3.2065218E+02  2.8300977E-08  2.7814823E-08
  chan   308  2.8731954E-10  8.6780279E-01  3.3817652E-02  1.9456628E-04  2.8419841E-01  3.7255079E-01  1.3109051E+00  2.6243428E-03  9.1893680E-04  1.1270232E-01  1.2902303E+00  2.1774455E-04  1.5586675E-04  0.0000000E+00  0.0000000E+00
   309  2.0028951E+00  2.70618E+03       H2  1.7909086E+06  3.4080194E-02 -1.3076950E+00 -9.5119166E+00  7.8577487E-01  3.0860267E+00  6.1210138E-01 -2.3002518E+00 -8.5193598E+00  1.3741274E-14  1.3119863E+01  6.4934820E-01  1.4691413E+01  5.7988702E-01
  face   309       H2 -3.3309349E+01  3.2001654E+01 -3.0967483E+02  3.0016292E+02  2.7814823E-08  2.7332868E-08
  chan   309  2.5425882E-10  7.5705643E-01  2.8565800E-02  1.5264179E-04  2.6410444E-01  3.4799694E-01  1.1401864E+00  2.0865976E-03  7.4541199E-04  9.5185659E-02  1.2353800E+00  1.8630977E-04  1.5496783E-04  0.0000000E+00  0.0000000E+00
   310  2.0205526E+00  2.68934E+03       H2  1.6623889E+06  3.2994880E-02 -1.2066410E+00 -8.9681692E+00  6.8351275E-01  2.8242314E+00  5.6961334E-01 -2.1407187E+00 -8.0340915E+00  1.2905760E-14  1.2315529E+01  6.5235457E-01  1.3682554E+01  5.8717775E-01
  face   310       H2 -3.0901425E+01  2.9694784E+01 -2.8984298E+02  2.8087481E+02  2.7332868E-08  2.6855184E-08
  chan   310  2.2501760E-10  6.5930919E-01  2.4084204E-02  1.1936265E-04  2.4537771E-01  3.2423562E-01  9.8901324E-01  1.6511869E-03  6.0132782E-04  8.0240139E-02  1.1827982E+00  1.5989903E-04  1.5407407E-04  0.0000000E+00  0.0000000E+00
   311  2.0385207E+00  2.67209E+03       H2  1.5427711E+06  3.1937478E-02 -1.1166260E+00 -8.4524640E+00  5.9362293E-01  2.5869931E+00  5.2946109E-01 -1.9933701E+00 -7.5757199E+00  1.2119980E-14  1.1562460E+01  6.5519965E-01  1.2749706E+01  5.9418781E-01
  face   311       H2 -2.8669512E+01  2.7552886E+01 -2.7117682E+02  2.6272436E+02  2.6855184E-08  2.6381842E-08
  chan   311  1.9914809E-10  5.7326013E-01  2.0269750E-02  9.3044780E-05  2.2792664E-01  3.0153445E-01  8.5555950E-01  1.3004773E-03  4.8242452E-04  6.7521094E-02  1.1323775E+00  1.3777869E-04  1.5318630E-04  0.0000000E+00  0.0000000E+00
   312  2.0568047E+00  2.65443E+03       H2  1.4314450E+06  3.0907443E-02 -1.0363989E+00 -7.9633809E+00  5.1480911E-01  2.3725549E+00  4.9202190E-01 -1.8577458E+00 -7.1420340E+00  1.1380964E-14  1.0857526E+01  6.5779573E-01  1.1887144E+01  6.0082002E-01
  face   312       H2 -2.6597527E+01  2.5561128E+01 -2.5361456E+02  2.4565117E+02  2.6381842E-08  2.5912908E-08
  chan   312  1.7625511E-10  4.9770539E-01  1.7031408E-02  7.2309834E-05  2.1166561E-01  2.8035629E-01  7.3811837E-01  1.0194062E-03  3.8491415E-04  5.6724357E-02  1.0840143E+00  1.1930898E-04  1.5230460E-04  0.0000000E+00  0.0000000E+00
   313  2.0754101E+00  2.63640E+03       H2  1.3278437E+06  2.9904256E-02 -9.6582588E-01 -7.4995685E+00  4.4587617E-01  2.1787583E+00  4.5711716E-01 -1.7328821E+00 -6.7325123E+00  1.0685922E-14  1.0198276E+01  6.6016177E-01  1.1090029E+01  6.0707798E-01
  face   313       H2 -2.4671086E+01  2.3705260E+01 -2.3709738E+02  2.2959781E+02  2.5912908E-08  2.5448447E-08
  chan   313  1.5599101E-10  4.3153119E-01  1.4288949E-02  5.6032930E-05  1.9651500E-01  2.6060216E-01  6.3509243E-01  7.9532504E-04  3.0544351E-04  4.7581926E-02  1.0376106E+00  1.0393327E-04  1.5142899E-04  0.0000000E+00  0.0000000E+00
   314  2.0943428E+00  2.61802E+03       H2  1.2314412E+06  2.8927428E-02 -9.0402677E-01 -7.0597261E+00  3.8572716E-01  2.0036063E+00  4.2458031E-01 -1.6178792E+00 -6.3458737E+00  1.0032242E-14  9.5816320E+00  6.6229570E-01  1.0353086E+01  6.1294511E-01
  face   314       H2 -2.2876369E+01  2.1972343E+01 -2.2156940E+02  2.1450968E+02  2.5448447E-08  2.4988522E-08
  chan   314  1.3804994E-10  3.7371193E-01  1.1971931E-02  4.3300515E-05  1.8240075E-01  2.4217956E-01  5.4499324E-01  6.1756878E-04  2.4107209E-04  3.9858565E-02  9.9307385E-01  9.1169586E-05  1.5055952E-04  0.0000000E+00  0.0000000E+00
   315  2.1136083E+00  2.59931E+03       H2  1.1417489E+06  2.7976500E-02 -8.5016465E-01 -6.6426311E+00  3.3336030E-01  1.8452595E+00  3.9425600E-01 -1.5118992E+00 -5.9808966E+00  9.4174692E-15  9.0046950E+00  6.6419758E-01  9.6714156E+00  6.1840964E-01
  face   315       H2 -2.1200832E+01  2.0350667E+01 -2.0697748E+02  2.0033485E+02  2.4988522E-08  2.4533191E-08
  chan   315  1.2216268E-10  3.2330816E-01  1.0018762E-02  3.3374432E-05  1.6925400E-01  2.2500200E-01  4.6644140E-01  4.7729668E-04  1.8924663E-04  3.3348643E-02  9.5031661E-01  8.0602672E-05  1.4969628E-04  0.0000000E+00  0.0000000E+00
   316  2.1332126E+00  2.58030E+03       H2  1.0583132E+06  2.7051037E-02 -8.0347495E-01 -6.2471306E+00  2.8786529E-01  1.7020300E+00  3.6599927E-01 -1.4141647E+00 -5.6364408E+00  8.8393036E-15  8.4647702E+00  6.6587050E-01  9.0405008E+00  6.2346555E-01
  face   316       H2 -1.9633124E+01  1.8829649E+01 -1.9327110E+02  1.8702397E+02  2.4533191E-08  2.4082512E-08
  chan   316  1.0809206E-10  2.7946382E-01  8.3758085E-03  2.5661216E-05  1.5701064E-01  2.0898863E-01  3.9816544E-01  3.6715842E-04  1.4777124E-04  2.7873144E-02  9.0925651E-01  7.1876489E-05  1.4883936E-04  0.0000000E+00  0.0000000E+00
   317  2.1531615E+00  2.56101E+03       H2  9.8071207E+05  2.6150632E-02 -7.6322356E-01 -5.8721358E+00  2.4841902E-01  1.5723757E+00  3.3967484E-01 -1.3239567E+00 -5.3114027E+00  8.2955849E-15  7.9593161E+00  6.6731899E-01  8.4561541E+00  6.2811092E-01
  face   317       H2 -1.8162988E+01  1.7399764E+01 -1.8040227E+02  1.7453014E+02  2.4082512E-08  2.3636537E-08
  chan   317  9.5628985E-11  2.4140278E-01  6.9965571E-03  1.9686075E-05  1.4561100E-01  1.9406384E-01  3.3899979E-01  2.8110618E-04  1.1477491E-04  2.3276854E-02  8.6981565E-01  6.4687242E-05  1.4798879E-04  0.0000000E+00  0.0000000E+00
   318  2.1734613E+00  2.54146E+03       H2  9.0855277E+05  2.5274900E-02 -7.2872399E-01 -5.5166200E+00  2.1428089E-01  1.4548929E+00  3.1515633E-01 -1.2406121E+00 -5.0047319E+00  7.7842841E-15  7.4859560E+00  6.6854947E-01  7.9145178E+00  6.3234830E-01
  face   318       H2 -1.6781192E+01  1.6052468E+01 -1.6832535E+02  1.6280873E+02  2.3636537E-08  2.3195318E-08
  chan   318  8.4588951E-11  2.0842498E-01  5.8408326E-03  1.5070968E-05  1.3499941E-01  1.8015691E-01  2.8788183E-01  2.1421681E-04  8.8677810E-05  1.9425734E-02  8.3192024E-01  5.8776906E-05  1.4714443E-04  0.0000000E+00  0.0000000E+00
   319  2.1941180E+00  2.52167E+03       H2  8.4147009E+05  2.4423478E-02 -6.9936459E-01 -5.1796145E+00  1.8478687E-01  1.3483083E+00  2.9232579E-01 -1.1635214E+00 -4.7154576E+00  7.3034968E-15  7.0425005E+00  6.6957150E-01  7.4120742E+00  6.3618597E-01
  face   319       H2 -1.5479456E+01  1.4780092E+01 -1.5699696E+02  1.5181734E+02  2.3195318E-08  2.2758903E-08
  chan   319  7.4809184E-11  1.7990130E-01  4.8740502E-03  1.1516150E-05  1.2512405E-01  1.6720174E-01  2.4384645E-01  1.6248079E-04  6.8156197E-05  1.6204421E-02  7.9550078E-01  5.3927246E-05  1.4630617E-04  0.0000000E+00  0.0000000E+00
   320  2.2151379E+00  2.50166E+03       H2  7.7912375E+05  2.3596024E-02 -6.7450202E-01 -4.8602058E+00  1.5934468E-01  1.2514710E+00  2.7107300E-01 -1.0921263E+00 -4.4425815E+00  6.8514335E-15  6.6268341E+00  6.7039274E-01  6.9455235E+00  6.3963234E-01
  face   320       H2 -1.4250351E+01  1.3575849E+01 -1.4637587E+02  1.4151567E+02  2.2758903E-08  2.2327337E-08
  chan   320  6.6145875E-11  1.5526934E-01  4.0665602E-03  8.7850862E-06  1.1593652E-01  1.5513648E-01  2.0602231E-01  1.2266314E-04  5.2110886E-05  1.3514030E-02  7.6049148E-01  4.9954508E-05  1.4547376E-04  0.0000000E+00  0.0000000E+00
   321  2.2365274E+00  2.48145E+03       H2  7.2119662E+05  2.2792214E-02 -6.5364703E-01 -4.5575331E+00  1.3742808E-01  1.1632046E+00  2.5115511E-01 -1.0257765E+00 -4.1854036E+00  6.4264123E-15  6.2369567E+00  6.7106504E-01  6.5118129E+00  6.4274015E-01
  face   321       H2 -1.3087302E+01  1.2433655E+01 -1.3642291E+02  1.3186538E+02  2.2327337E-08  2.1900663E-08
  chan   321  5.8471913E-11  1.3402836E-01  3.3930317E-03  6.6918967E-06  1.0739168E-01  1.4376342E-01  1.7362622E-01  9.2169406E-05  3.9636221E-05  1.1270092E-02  7.2683006E-01  4.6704591E-05  1.4464678E-04  0.0000000E+00  0.0000000E+00
   322  2.2582930E+00  2.46106E+03       H2  6.6739357E+05  2.2011740E-02 -6.3631474E-01 -4.2707826E+00  1.1857094E-01  1.0825103E+00  2.3240815E-01 -9.6393933E-01 -3.9431580E+00  6.0268548E-15  5.8710367E+00  6.7162892E-01  6.1081785E+00  6.4555382E-01
  face   322       H2 -1.1984411E+01  1.1348097E+01 -1.2710081E+02  1.2283003E+02  2.1900663E-08  2.1478919E-08
  chan   322  5.1675056E-11  1.1573396E-01  2.8318877E-03  5.0910449E-06  9.9447436E-02  1.3296071E-01  1.4595650E-01  6.8929976E-05  2.9991190E-05  9.4006668E-03  6.9445815E-01  4.4048799E-05  1.4382506E-04  0.0000000E+00  0.0000000E+00
   323  2.2804413E+00  2.44049E+03       H2  6.1743832E+05  2.1254312E-02 -6.2182275E-01 -3.9991856E+00  1.0236304E-01  1.0088089E+00  2.1499594E-01 -9.0644589E-01 -3.7145625E+00  5.6512725E-15  5.5274542E+00  6.7202048E-01  5.7321803E+00  6.4801912E-01
  face   323       H2 -1.0936436E+01  1.0314614E+01 -1.1837419E+02  1.1437501E+02  2.1478919E-08  2.1062143E-08
  chan   323  4.5655711E-11  9.9994333E-02  2.3648369E-03  3.8691696E-06  9.2064302E-02  1.2293164E-01  1.2238981E-01  5.1306315E-05  2.2575464E-05  7.8447778E-03  6.6331963E-01  4.1880002E-05  1.4300775E-04  0.0000000E+00  0.0000000E+00
   324  2.3029790E+00  2.41977E+03       H2  5.7107266E+05  2.0519651E-02 -6.1001885E-01 -3.7420161E+00  8.8444178E-02  9.4135552E-01  1.9883284E-01 -8.5291134E-01 -3.4991237E+00  5.2982640E-15  5.2049463E+00  6.7226892E-01  5.3818347E+00  6.5017301E-01
  face   324       H2 -9.9389569E+00  9.3289380E+00 -1.1020940E+02  1.0646739E+02  2.1062143E-08  2.0650369E-08
  chan   324  4.0325639E-11  8.6464832E-02  1.9764082E-03  2.9382214E-06  8.5205327E-02  1.1362752E-01  1.0237359E-01  3.8006900E-05  1.6905421E-05  6.5508554E-03  6.3336102E-01  4.0109273E-05  1.4219364E-04  0.0000000E+00  0.0000000E+00
   325  2.3259131E+00  2.39890E+03       H2  5.2805540E+05  1.9807491E-02 -6.0054858E-01 -3.4985767E+00  7.6499010E-02  8.7948272E-01  1.8383533E-01 -8.0298371E-01 -3.2961415E+00  4.9665102E-15  4.9021090E+00  6.7239255E-01  5.0551070E+00  6.5204190E-01
  face   325       H2 -8.9878381E+00  8.3872895E+00 -1.0257447E+02  9.9075894E+01  2.0650369E-08  2.0243628E-08
  chan   325  3.5606674E-11  7.4843227E-02  1.6535530E-03  2.2300383E-06  7.8835929E-02  1.0499940E-01  8.5419804E-02  2.8021350E-05  1.2594058E-05  5.4754097E-03  6.0453152E-01  3.8663000E-05  1.4138119E-04  0.0000000E+00  0.0000000E+00
   326  2.3492504E+00  2.37791E+03       H2  4.8816110E+05  1.9117580E-02 -5.9305959E-01 -3.2682071E+00  6.6252365E-02  8.2259708E-01  1.6992527E-01 -7.5634472E-01 -3.1049220E+00  4.6547693E-15  4.6176114E+00  6.7240867E-01  4.7501161E+00  6.5365180E-01
  face   326       H2 -8.0794168E+00  7.4863572E+00 -9.5439036E+01  9.2170829E+01  2.0243628E-08  1.9841947E-08
  chan   326  3.1429550E-11  6.4865376E-02  1.3852969E-03  1.6920280E-06  7.2923737E-02  9.7001536E-02  7.1099127E-02  2.0561182E-05  9.3338021E-06  4.5818672E-03  5.7678287E-01  3.7480409E-05  1.4056855E-04  0.0000000E+00  0.0000000E+00
   327  2.3729980E+00  2.35681E+03       H2  4.5117906E+05  1.8449675E-02 -5.8723434E-01 -3.0502818E+00  5.7464877E-02  7.7017187E-01  1.5702956E-01 -7.1270699E-01 -2.9248092E+00  4.3618720E-15  4.3502231E+00  6.7233543E-01  4.4651529E+00  6.5503001E-01
  face   327       H2 -7.2104842E+00  6.6232498E+00 -8.8774256E+01  8.5723974E+01  1.9841947E-08  1.9445353E-08
  chan   327  2.7732863E-11  5.6301159E-02  1.1624345E-03  1.2837390E-06  6.7438439E-02  8.9591125E-02  5.9035323E-02  1.5014907E-05  6.8818692E-06  3.8395535E-03  5.5006927E-01  3.6511427E-05  1.3975353E-04  0.0000000E+00  0.0000000E+00
   328  2.3971632E+00  2.33561E+03       H2  4.1691221E+05  1.7803545E-02 -5.8278687E-01 -2.8442072E+00  4.9928948E-02  7.2174037E-01  1.4507978E-01 -6.7181142E-01 -2.7551827E+00  4.0867171E-15  4.0988055E+00  6.7219161E-01  4.1986634E+00  6.5620470E-01
  face   328       H2 -6.3782377E+00  5.7954508E+00 -8.2552746E+01  7.9708539E+01  1.9445353E-08  1.9053867E-08
  chan   328  2.4462161E-11  4.8950710E-02  9.7726446E-04  9.7414934E-07  6.2351640E-02  8.2728144E-02  4.8899961E-02  1.0912149E-05  5.0478881E-06  3.2228070E-03  5.2434721E-01  3.5714865E-05  1.3893363E-04  0.0000000E+00  0.0000000E+00
   329  2.4217533E+00  2.31432E+03       H2  3.8517618E+05  1.7178965E-02 -5.7946047E-01 -2.6494195E+00  4.3465040E-02  6.7688966E-01  1.3401188E-01 -6.3342462E-01 -2.5954554E+00  3.8282672E-15  3.8623046E+00  6.7199655E-01  3.9492347E+00  6.5720464E-01
  face   329       H2 -5.5802371E+00  5.0007766E+00 -7.6748508E+01  7.4099089E+01  1.9053867E-08  1.8667510E-08
  chan   329  2.1569142E-11  4.2640942E-02  8.2335844E-04  7.3953317E-07  5.7636730E-02  7.6375151E-02  4.0407400E-02  7.8924884E-06  3.6835626E-06  2.7102104E-03  4.9957543E-01  3.5056871E-05  1.3810597E-04  0.0000000E+00  0.0000000E+00
   330  2.4467758E+00  2.29296E+03       H2  3.5579846E+05  1.6575720E-02 -5.7702389E-01 -2.4653827E+00  3.7918290E-02  6.3525487E-01  1.2376589E-01 -5.9733658E-01 -2.4450700E+00  3.5855445E-15  3.6397432E+00  6.7176993E-01  3.7155798E+00  6.5805882E-01
  face   330       H2 -4.8143641E+00  4.2373402E+00 -7.1336864E+01  6.8871481E+01  1.8667510E-08  1.8286299E-08
  chan   330  1.9010949E-11  3.7222366E-02  6.9536265E-04  5.6178945E-07  5.3268770E-02  7.0497124E-02  3.3310119E-02  5.6807622E-06  2.6741144E-06  2.2839273E-03  4.7571480E-01  3.4509629E-05  1.3726733E-04  0.0000000E+00  0.0000000E+00
   331  2.4722382E+00  2.27153E+03       H2  3.2861759E+05  1.5993599E-02 -5.7527311E-01 -2.2915869E+00  3.3155453E-02  5.9651395E-01  1.1428567E-01 -5.6335849E-01 -2.3035015E+00  3.3576279E-15  3.4302185E+00  6.7153201E-01  3.4965294E+00  6.5879655E-01
  face   331       H2 -4.0787874E+00  3.5035143E+00 -6.6294396E+01  6.4002809E+01  1.8286299E-08  1.7910247E-08
  chan   331  1.6749549E-11  3.2566199E-02  5.8882698E-04  4.2713940E-07  4.9224378E-02  6.5061293E-02  2.7394391E-02  4.0691540E-06  1.9312714E-06  1.9291332E-03  4.5272828E-01  3.4050270E-05  1.3641414E-04  0.0000000E+00  0.0000000E+00
   332  2.4981484E+00  2.25005E+03       H2  3.0348240E+05  1.5432399E-02 -5.7401788E-01 -2.1275467E+00  2.9062140E-02  5.6038286E-01  1.0551863E-01 -5.3132072E-01 -2.1702439E+00  3.1436489E-15  3.2328853E+00  6.7130246E-01  3.2910096E+00  6.5944623E-01
  face   332       H2 -3.3719263E+00  2.7979085E+00 -6.1598891E+01  5.9471345E+01  1.7910247E-08  1.7539367E-08
  chan   332  1.4751185E-11  2.8561756E-02  5.0005900E-04  3.2511479E-07  4.5481629E-02  6.0037005E-02  2.2476299E-02  2.9005452E-06  1.3875695E-06  1.6335283E-03  4.3058091E-01  3.3659965E-05  1.3554247E-04  0.0000000E+00  0.0000000E+00
   333  2.5245142E+00  2.22852E+03       H2  2.8025136E+05  1.4891918E-02 -5.7309055E-01 -1.9727998E+00  2.5540370E-02  5.2661036E-01  9.7414624E-02 -5.0106999E-01 -2.0448203E+00  2.9427887E-15  3.0469603E+00  6.7110173E-01  3.0980410E+00  6.6003655E-01
  face   333       H2 -2.6924297E+00  2.1193391E+00 -5.7229282E+01  5.5256482E+01  1.7539367E-08  1.7173667E-08
  chan   333  1.2985888E-11  2.5114122E-02  4.2599985E-04  2.4777652E-07  4.2019961E-02  5.5394662E-02  1.8398142E-02  2.0574925E-06  9.9177139E-07  1.3869239E-03  4.0923965E-01  3.3323151E-05  1.3464804E-04  0.0000000E+00  0.0000000E+00
   334  2.5513435E+00  2.20696E+03       H2  2.5879205E+05  1.4371959E-02 -5.7236267E-01 -1.8269054E+00  2.2506348E-02  4.9492739E-01  8.9878897E-02 -4.7242104E-01 -1.9268471E+00  2.7542760E-15  2.8716891E+00  6.7098038E-01  2.9167018E+00  6.6062531E-01
  face   334       H2 -2.0391456E+00  1.4667829E+00 -5.3165594E+01  5.1338689E+01  1.7173667E-08  1.6813154E-08
  chan   334  1.1427071E-11  2.2142040E-02  3.6411852E-04  1.8911089E-07  3.8820106E-02  5.1058790E-02  1.5025073E-02  1.4523647E-06  7.0519072E-07  1.1808903E-03  3.8867362E-01  3.3026974E-05  1.3372637E-04  0.0000000E+00  0.0000000E+00
   335  2.5786446E+00  2.18536E+03       H2  2.3898043E+05  1.3872328E-02 -5.7176293E-01 -1.6894420E+00  1.9888560E-02  4.6522572E-01  8.2954129E-02 -4.4533716E-01 -1.8158677E+00  2.5773830E-15  2.7065420E+00  6.7091798E-01  2.7463192E+00  6.6120054E-01
  face   335       H2 -1.4110771E+00  8.3931418E-01 -4.9388900E+01  4.7699458E+01  1.6813154E-08  1.6457831E-08
  chan   335  1.0051122E-11  1.9576092E-02  3.1232342E-04  1.4456918E-07  3.5863987E-02  4.7090142E-02  1.2242252E-02  1.0201406E-06  4.9880824E-07  1.0084618E-03  3.6885382E-01  3.2760712E-05  1.3277268E-04  0.0000000E+00  0.0000000E+00
   336  2.6064258E+00  2.16375E+03       H2  2.2070032E+05  1.3392832E-02 -5.7109516E-01 -1.5600056E+00  1.7626062E-02  4.3732564E-01  7.6591027E-02 -4.1969958E-01 -1.7114012E+00  2.4114233E-15  2.5508004E+00  6.7092715E-01  2.5860525E+00  6.6178132E-01
  face   336       H2 -8.0732211E-01  2.3622696E-01 -4.5881267E+01  4.4321262E+01  1.6457831E-08  1.6107700E-08
  chan   336  8.8370718E-12  1.7357063E-02  2.6888752E-04  1.1071354E-07  3.3134644E-02  4.3456383E-02  9.9521853E-03  7.1302728E-07  3.5098524E-07  8.6388697E-04  3.4975318E-01  3.2515351E-05  1.3178182E-04  0.0000000E+00  0.0000000E+00
   337  2.6346954E+00  2.14213E+03       H2  2.0384298E+05  1.2933278E-02 -5.7029764E-01 -1.4382135E+00  1.5666961E-02  4.1104863E-01  7.0723494E-02 -3.9538167E-01 -1.6131295E+00  2.2557495E-15  2.4038928E+00  6.7104884E-01  2.4352267E+00  6.6241449E-01
  face   337       H2 -2.2719009E-01 -3.4310755E-01 -4.2625718E+01  4.1187504E+01  1.6107700E-08  1.5762757E-08
  chan   337  7.7663124E-12  1.5434490E-02  2.3238532E-04  8.4946598E-08  3.0616180E-02  4.0107314E-02  8.0723320E-03  4.9591389E-07  2.4567859E-07  7.4241929E-04  3.3134661E-01  3.2283295E-05  1.3074853E-04  0.0000000E+00  0.0000000E+00
   338  2.6634621E+00  2.12051E+03       H2  1.8830665E+05  1.2493476E-02 -5.6929523E-01 -1.3236978E+00  1.3967122E-02  3.8626254E-01  6.5316086E-02 -3.7229542E-01 -1.5206976E+00  2.1097514E-15  2.2652884E+00  6.7130418E-01  2.2932227E+00  6.6312687E-01
  face   338       H2  3.2993477E-01 -8.9923000E-01 -3.9606180E+01  3.8282482E+01  1.5762757E-08  1.5423001E-08
  chan   338  6.8223324E-12  1.3765416E-02  2.0164064E-04  6.5306604E-08  2.8293699E-02  3.7022387E-02  6.5330325E-03  3.4320423E-07  1.7106597E-07  6.4014260E-04  3.1361104E-01  3.2058091E-05  1.2966744E-04  0.0000000E+00  0.0000000E+00
   339  2.6927347E+00  2.09889E+03       H2  1.7399611E+05  1.2073233E-02 -5.6802048E-01 -1.2161067E+00  1.2489033E-02  3.6285127E-01  6.0335634E-02 -3.5036224E-01 -1.4337649E+00  1.9728534E-15  2.1344894E+00  6.7171330E-01  2.1594675E+00  6.6394375E-01
  face   339       H2  8.6458310E-01 -1.4326036E+00 -3.6807449E+01  3.5591342E+01  1.5423001E-08  1.5088423E-08
  chan   339  5.9904815E-12  1.2313300E-02  1.7568300E-04  5.0311937E-08  2.6153238E-02  3.4182396E-02  5.2756836E-03  2.3633869E-07  1.1848738E-07  5.5382602E-04  2.9652540E-01  3.1834224E-05  1.2853318E-04  0.0000000E+00  0.0000000E+00
   340  2.7225219E+00  2.07728E+03       H2  1.6082229E+05  1.1672355E-02 -5.6641860E-01 -1.1151036E+00  1.1200821E-02  3.4071284E-01  5.5751113E-02 -3.2951201E-01 -1.3520102E+00  1.8445129E-15  2.0110342E+00  6.7229597E-01  2.0334359E+00  6.6488952E-01
  face   340       H2  1.3772108E+00 -1.9436294E+00 -3.4215148E+01  3.3100045E+01  1.5088423E-08  1.4759016E-08
  chan   340  5.2577643E-12  1.1047070E-02  1.5371144E-04  3.8843280E-08  2.4181719E-02  3.1569394E-02  4.2511340E-03  1.6193670E-07  8.1636980E-08  4.8080328E-04  2.8007059E-01  3.1606957E-05  1.2734047E-04  0.0000000E+00  0.0000000E+00
   341  2.7528329E+00  2.05568E+03       H2  1.4870189E+05  1.1290647E-02 -5.6444632E-01 -1.0203662E+00  1.0075407E-02  3.1975776E-01  5.1533508E-02 -3.0968235E-01 -1.2751302E+00  1.7242182E-15  1.8944949E+00  6.7307132E-01  1.9146457E+00  6.6598754E-01
  face   341       H2  1.8682137E+00 -2.4326600E+00 -3.1815690E+01  3.0795324E+01  1.4759016E-08  1.4434768E-08
  chan   341  4.6126554E-12  9.9403124E-03  1.3506451E-04  3.0054592E-08  2.2366897E-02  2.9166611E-02  3.4182841E-03  1.1040402E-07  5.5950250E-08  4.1887282E-04  2.6422947E-01  3.1372207E-05  1.2608425E-04  0.0000000E+00  0.0000000E+00
   342  2.7836768E+00  2.03411E+03       H2  1.3755705E+05  1.0927912E-02 -5.6207085E-01 -9.3158548E-01  9.0897834E-03  2.9990757E-01  4.7655695E-02 -2.9081779E-01 -1.2028385E+00  1.6114868E-15  1.7844741E+00  6.7405771E-01  1.8026537E+00  6.6725991E-01
  face   342       H2  2.3379407E+00 -2.9000116E+00 -2.9596240E+01  2.8664655E+01  1.4434768E-08  1.4115665E-08
  chan   342  4.0449365E-12  8.9705645E-03  1.1919556E-04  2.3305901E-08  2.0697307E-02  2.6958388E-02  2.7428702E-03  7.4894177E-08  3.8142670E-08  3.6621532E-04  2.4898679E-01  3.1126465E-05  1.2475981E-04  0.0000000E+00  0.0000000E+00
   343  2.8150631E+00  2.01256E+03       H2  1.2731501E+05  1.0583948E-02 -5.5926889E-01 -8.4846531E-01  8.2243878E-03  2.8109353E-01  4.4092327E-02 -2.7286914E-01 -1.1348651E+00  1.5058639E-15  1.6806033E+00  6.7527241E-01  1.6970521E+00  6.6872729E-01
  face   343       H2  2.7867057E+00 -3.3459746E+00 -2.7544682E+01  2.6696217E+01  1.4115665E-08  1.3801691E-08
  chan   343  3.5455513E-12  8.1187173E-03  1.0565231E-04  1.8112645E-08  1.9162223E-02  2.4930104E-02  2.1964117E-03  5.0550999E-08  2.5864705E-08  3.2132570E-04  2.3432916E-01  3.0866728E-05  1.2336289E-04  0.0000000E+00  0.0000000E+00
   344  2.8470013E+00  1.99105E+03       H2  1.1790782E+05  1.0258553E-02 -5.5602572E-01 -7.7072168E-01  7.4625755E-03  2.6325540E-01  4.0819732E-02 -2.5579283E-01 -1.0709546E+00  1.4069207E-15  1.5825402E+00  6.7673134E-01  1.5974654E+00  6.7040863E-01
  face   344       H2  3.2147974E+00 -3.7708231E+00 -2.5649587E+01  2.4878865E+01  1.3801691E-08  1.3492830E-08
  chan   344  3.1064754E-12  7.3685013E-03  9.4060063E-05  1.4107503E-08  1.7751616E-02  2.3068115E-02  1.7553045E-03  3.3948861E-08  1.7445537E-08  2.8295714E-04  2.2024488E-01  3.0590469E-05  1.2188991E-04  0.0000000E+00  0.0000000E+00
   345  2.8795011E+00  1.96957E+03       H2  1.0927206E+05  9.9515188E-03 -5.5233439E-01 -6.9808212E-01  6.7901687E-03  2.4634045E-01  3.7815808E-02 -2.3955028E-01 -1.0108662E+00  1.3142531E-15  1.4899668E+00  6.7844884E-01  1.5035471E+00  6.7232095E-01
  face   345       H2  3.6224887E+00 -4.1748231E+00 -2.3900177E+01  2.3202095E+01  1.3492830E-08  1.3189059E-08
  chan   345  2.7206022E-12  6.7060497E-03  8.4107962E-05  1.1011654E-08  1.6456111E-02  2.1359697E-02  1.4000432E-03  2.2684536E-08  1.1703994E-08  2.5007525E-04  2.0672385E-01  3.0295607E-05  1.2033805E-04  0.0000000E+00  0.0000000E+00
   346  2.9125723E+00  1.94814E+03       H2  1.0134853E+05  9.6626352E-03 -5.4819487E-01 -6.3028518E-01  6.1950750E-03  2.3030240E-01  3.5059935E-02 -2.2410732E-01 -9.5437272E-01  1.2274801E-15  1.4025874E+00  6.8043727E-01  1.4149775E+00  6.7447907E-01
  face   346       H2  4.0100443E+00 -4.5582391E+00 -2.2286300E+01  2.1656015E+01  1.3189059E-08  1.2890358E-08
  chan   346  2.3816402E-12  6.1195288E-03  7.5537658E-05  8.6131360E-09  1.5266951E-02  1.9792984E-02  1.1145554E-03  1.5081051E-08  7.8099574E-09  2.2182028E-04  1.9375738E-01  2.9980501E-05  1.1870538E-04  0.0000000E+00  0.0000000E+00
   347  2.9462250E+00  1.92676E+03       H2  9.4082050E+04  9.3916871E-03 -5.4361318E-01 -5.6707989E-01  5.6669653E-03  2.1510057E-01  3.2532887E-02 -2.0943361E-01 -9.0125947E-01  1.1462428E-15  1.3201267E+00  6.8270680E-01  1.3314606E+00  6.7689533E-01
  face   347       H2  4.3777276E+00 -4.9213408E+00 -2.0798397E+01  2.0231317E+01  1.2890358E-08  1.2596702E-08
  chan   347  2.0840218E-12  5.5988244E-03  6.8134071E-05  6.7505476E-09  1.4175963E-02  1.8356924E-02  8.8563558E-04  9.9753257E-09  5.1834525E-09  1.9747636E-04  1.8133792E-01  2.9643942E-05  1.1699106E-04  0.0000000E+00  0.0000000E+00
   348  2.9804694E+00  1.90542E+03       H2  8.7421217E+04  9.1384553E-03 -5.3860053E-01 -5.0822540E-01  5.1970017E-03  2.0069903E-01  3.0216746E-02 -1.9550203E-01 -8.5132390E-01  1.0702031E-15  1.2423279E+00  6.8526503E-01  1.2527220E+00  6.7957929E-01
  face   348       H2  4.7258066E+00 -5.2644071E+00 -1.9427474E+01  1.8919249E+01  1.2596702E-08  1.2308065E-08
  chan   348  1.8228226E-12  5.1352786E-03  6.1717812E-05  5.3007695E-09  1.3175521E-02  1.7041225E-02  7.0246406E-04  6.5646894E-09  3.4216497E-09  1.7644616E-04  1.6945888E-01  2.9285157E-05  1.1519537E-04  0.0000000E+00  0.0000000E+00
   349  3.0153160E+00  1.88415E+03       H2  8.1318149E+04  8.9027167E-03 -5.3317264E-01 -4.5349047E-01  4.7776099E-03  1.8706575E-01  2.8094828E-02 -1.8228814E-01 -8.0437497E-01  9.9904229E-16  1.1689513E+00  6.8811678E-01  1.1785065E+00  6.8253759E-01
  face   349       H2  5.0545578E+00 -5.5877305E+00 -1.8165079E+01  1.7711588E+01  1.2308065E-08  1.2024418E-08
  chan   349  1.5936890E-12  4.7214668E-03  5.6138975E-05  4.1697051E-09  1.2258520E-02  1.5836307E-02  5.5620094E-04  4.2982047E-09  2.2463979E-09  1.5823027E-04  1.5811426E-01  2.8903802E-05  1.1331983E-04  0.0000000E+00  0.0000000E+00
   350  3.0507752E+00  1.86294E+03       H2  7.5728301E+04  8.6842437E-03 -5.2734805E-01 -4.0265320E-01  4.4022870E-03  1.7417194E-01  2.6151607E-02 -1.6976965E-01 -7.6023159E-01  9.3246044E-16  1.0997709E+00  6.9126360E-01  1.1085755E+00  6.8577342E-01
  face   350       H2  5.3642709E+00 -5.8916189E+00 -1.7003270E+01  1.6600617E+01  1.2024418E-08  1.1745731E-08
  chan   350  1.3927739E-12  4.3510117E-03  5.1272054E-05  3.2852942E-09  1.1418340E-02  1.4733267E-02  4.3964359E-04  2.7998777E-09  1.4667627E-09  1.4241015E-04  1.4729841E-01  2.8499962E-05  1.1136722E-04  0.0000000E+00  0.0000000E+00
   351  3.0868580E+00  1.84179E+03       H2  7.0610259E+04  8.4828044E-03 -5.2114895E-01 -3.5550067E-01  4.0654406E-03  1.6198830E-01  2.4369668E-02 -1.5792286E-01 -7.1872676E-01  8.7017498E-16  1.0345725E+00  6.9470895E-01  1.0427034E+00  6.8929169E-01
  face   351       H2  5.6552498E+00 -6.1763987E+00 -1.5934596E+01  1.5579095E+01  1.1745731E-08  1.1471973E-08
  chan   351  1.2166798E-12  4.0184263E-03  4.7011778E-05  2.5922342E-09  1.0648820E-02  1.3720847E-02  3.4693942E-04  1.8144176E-09  9.5244601E-10  1.2863437E-04  1.3700564E-01  2.8074132E-05  1.0934158E-04  0.0000000E+00  0.0000000E+00
   352  3.1235752E+00  1.82071E+03       H2  6.5925559E+04  8.2981629E-03 -5.1459992E-01 -3.1182865E-01  3.7622548E-03  1.5048764E-01  2.2732869E-02 -1.4672539E-01 -6.7970318E-01  8.1191996E-16  9.7315395E-01  6.9845391E-01  9.8067846E-01  6.9309484E-01
  face   352       H2  5.9278160E+00 -6.4424159E+00 -1.4952070E+01  1.4640241E+01  1.1471973E-08  1.1203111E-08
  chan   352  1.0624082E-12  3.7189831E-03  4.3269696E-05  2.0479855E-09  9.9442342E-03  1.2788634E-02  2.7334517E-04  1.1697404E-09  6.1504930E-10  1.1660714E-04  1.2722994E-01  2.7627214E-05  1.0724818E-04  0.0000000E+00  0.0000000E+00
   353  3.1609381E+00  1.79970E+03       H2  6.1638493E+04  8.1300793E-03 -5.0772492E-01 -2.7144130E-01  3.4885754E-03  1.3965358E-01  2.1235546E-02 -1.3616501E-01 -6.4300121E-01  7.5744503E-16  9.1533123E-01  7.0247927E-01  9.2230838E-01  6.9716510E-01
  face   353       H2  6.1823096E+00 -6.6900345E+00 -1.4049146E+01  1.3777704E+01  1.1203111E-08  1.0939108E-08
  chan   353  9.2731317E-13  3.4486025E-03  3.9971348E-05  1.6197530E-09  9.2992611E-03  1.1936285E-02  2.1502738E-04  7.5021287E-10  3.9495556E-10  1.0607897E-04  1.1796468E-01  2.7160464E-05  1.0509339E-04  0.0000000E+00  0.0000000E+00
   354  3.1989579E+00  1.77878E+03       H2  5.7715936E+04  7.9783098E-03 -5.0055432E-01 -2.3415089E-01  3.2408141E-03  1.2947287E-01  1.9875314E-02 -1.2623206E-01 -6.0847316E-01  7.0651450E-16  8.6093727E-01  7.0675667E-01  8.6741890E-01  7.0147556E-01
  face   354       H2  6.4190878E+00 -6.9196421E+00 -1.3219697E+01  1.2985546E+01  1.0939108E-08  1.0679928E-08
  chan   354  8.0906110E-13  3.2037589E-03  3.7053927E-05  1.2821931E-09  8.7089605E-03  1.1166354E-02  1.6889604E-04  4.7860111E-10  2.5219382E-10  9.6838926E-05  1.0920226E-01  2.6675438E-05  1.0288451E-04  0.0000000E+00  0.0000000E+00
   355  3.2376462E+00  1.75793E+03       H2  5.4127207E+04  7.8426069E-03 -4.9310907E-01 -1.9977757E-01  3.0158692E-03  1.1991300E-01  1.8631034E-02 -1.1689713E-01 -5.7598951E-01  6.5890672E-16  8.0978377E-01  7.1128804E-01  8.1581551E-01  7.0602913E-01
  face   355       H2  6.6385300E+00 -7.1316391E+00 -1.2457997E+01  1.2258219E+01  1.0679928E-08  1.0425534E-08
  chan   355  7.0559583E-13  2.9814038E-03  3.4464390E-05  1.0156666E-09  8.1687525E-03  1.0462281E-02  1.3246595E-04  3.0371986E-10  1.6011920E-10  8.8708338E-05  1.0093399E-01  2.6173969E-05  1.0062962E-04  0.0000000E+00  0.0000000E+00
   356  3.2770148E+00  1.73717E+03       H2  5.0843905E+04  7.7227200E-03 -4.8541494E-01 -1.6814945E-01  2.8110571E-03  1.1095191E-01  1.7492821E-02 -1.0814086E-01 -5.4542353E-01  6.1441318E-16  7.6170524E-01  7.1605590E-01  7.6732735E-01  7.1080944E-01
  face   356       H2  6.8410279E+00 -7.3264428E+00 -1.1758694E+01  1.1590545E+01  1.0425534E-08  1.0175884E-08
  chan   356  6.1510637E-13  2.7788984E-03  3.2157849E-05  8.0491693E-10  7.6743948E-03  9.8184260E-03  1.0374344E-04  1.9170351E-10  1.0107558E-10  8.1535525E-05  9.3149817E-02  2.5658102E-05  9.8337405E-05  0.0000000E+00  0.0000000E+00
   357  3.3170756E+00  1.71651E+03       H2  4.7839770E+04  7.6183950E-03 -4.7749540E-01 -1.3910219E-01  2.6240540E-03  1.0256729E-01  1.6451537E-02 -9.9943240E-02 -5.1665435E-01  5.7283784E-16  7.1654083E-01  7.2103965E-01  7.2178894E-01  7.1579699E-01
  face   357       H2  7.0269886E+00 -7.5044840E+00 -1.1116796E+01  1.0977694E+01  1.0175884E-08  9.9309380E-09
  chan   357  5.3599848E-13  2.5939571E-03  3.0096250E-05  6.3806025E-10  7.2219616E-03  9.2295752E-03  8.1132999E-05  1.2034787E-10  6.3432228E-11  7.5191438E-05  8.5838285E-02  2.5130027E-05  9.6016858E-05  0.0000000E+00  0.0000000E+00
   358  3.3578408E+00  1.69593E+03       H2  4.5090542E+04  7.5293746E-03 -4.6937266E-01 -1.1247891E-01  2.4528459E-03  9.4736393E-02  1.5498742E-02 -9.2283547E-02 -4.8956802E-01  5.3399640E-16  6.7413512E-01  7.2621647E-01  6.7904081E-01  7.2096996E-01
  face   358       H2  7.1968325E+00 -7.6662051E+00 -1.0527648E+01  1.0415169E+01  9.9309380E-09  9.6906535E-09
  chan   358  4.6686942E-13  2.4245982E-03  2.8247266E-05  5.0581573E-10  6.8078237E-03  8.6909182E-03  6.3360629E-05  7.5134971E-11  3.9572863E-11  6.9566041E-05  7.8986455E-02  2.4592015E-05  9.3677084E-05  0.0000000E+00  0.0000000E+00
   359  3.3993228E+00  1.67546E+03       H2  4.2573833E+04  7.4553989E-03 -4.6106740E-01 -8.8129966E-02  2.2956861E-03  8.7435941E-02  1.4626649E-02 -8.5140255E-02 -4.6405711E-01  4.9771564E-16  6.3433762E-01  7.3156170E-01  6.3892900E-01  7.2630467E-01
  face   359       H2  7.3509903E+00 -7.8120577E+00 -9.9869172E+00  9.8987873E+00  9.6906535E-09  9.4549864E-09
  chan   359  4.0648558E-13  2.2691024E-03  2.6583375E-05  4.0091621E-10  6.4286298E-03  8.1980191E-03  4.9411313E-05  4.6648034E-11  2.4539576E-11  6.4565302E-05  7.2579942E-02  2.4046344E-05  9.1327037E-05  0.0000000E+00  0.0000000E+00
   360  3.4415342E+00  1.65509E+03       H2  4.0269004E+04  7.3962050E-03 -4.5259866E-01 -6.5912804E-02  2.1510580E-03  8.0642150E-02  1.3828081E-02 -7.8491092E-02 -4.4002037E-01  4.6383283E-16  5.9700256E-01  7.3704939E-01  6.0130467E-01  7.3177607E-01
  face   360       H2  7.4899014E+00 -7.9425001E+00 -9.4905713E+00  9.4246585E+00  9.4549864E-09  9.2238918E-09
  chan   360  3.5376261E-13  2.1259766E-03  2.5081083E-05  3.1765669E-10  6.0812882E-03  7.7467927E-03  3.8478054E-05  2.8795913E-11  1.5124196E-11  6.0108677E-05  6.6603012E-02  2.3495247E-05  8.8975300E-05  0.0000000E+00  0.0000000E+00
   361  3.4844878E+00  1.63482E+03       H2  3.8157047E+04  7.3515272E-03 -4.4398380E-01 -4.5691785E-02  2.0176432E-03  7.4330772E-02  1.3096430E-02 -7.2313129E-02 -4.1736245E-01  4.3219507E-16  5.6198871E-01  7.4265273E-01  5.6602400E-01  7.3735823E-01
  face   361       H2  7.6140116E+00 -8.0579954E+00 -9.0348644E+00  8.9891726E+00  9.2238918E-09  8.9973235E-09
  chan   361  3.0774781E-13  1.9939226E-03  2.3720284E-05  2.5154757E-10  5.7629499E-03  7.3334800E-03  2.9920512E-05  1.7673452E-11  9.2632192E-12  5.6127015E-05  6.1038724E-02  2.2940846E-05  8.6629890E-05  0.0000000E+00  0.0000000E+00
   362  3.5281967E+00  1.61467E+03       H2  3.6220474E+04  7.3210973E-03 -4.3523858E-01 -2.7337989E-02  1.8942939E-03  6.8477217E-02  1.2425619E-02 -6.6582923E-02 -3.9599364E-01  4.0265881E-16  5.2915949E-01  7.4834459E-01  5.3294808E-01  7.4302481E-01
  face   362       H2  7.7237705E+00 -8.1590091E+00 -8.6163191E+00  8.5889811E+00  8.9973235E-09  8.7752341E-09
  chan   362  2.6760453E-13  1.8718100E-03  2.2483714E-05  1.9904758E-10  5.4709927E-03  6.9546264E-03  2.3231541E-05  1.0783200E-11  5.6374111E-12  5.2560798E-05  5.5869122E-02  2.2385110E-05  8.4298096E-05  0.0000000E+00  0.0000000E+00
   363  3.5726741E+00  1.59463E+03       H2  3.4443218E+04  7.3046444E-03 -4.2637744E-01 -1.0729033E-02  1.7800091E-03  6.3056866E-02  1.1810220E-02 -6.1276857E-02 -3.7582962E-01  3.7508926E-16  4.9838333E-01  7.5409749E-01  5.0194335E-01  7.4874907E-01
  face   363       H2  7.8196301E+00 -8.2460076E+00 -8.2317118E+00  8.2209827E+00  8.7752341E-09  8.5575756E-09
  chan   363  2.3259834E-13  1.7586525E-03  2.1356498E-05  1.5735751E-10  5.2030057E-03  6.6072148E-03  1.8010192E-05  6.5392642E-12  3.4085086E-12  4.9358669E-05  5.1075460E-02  2.1829814E-05  8.1986351E-05  0.0000000E+00  0.0000000E+00
   364  3.6179336E+00  1.57472E+03       H2  3.2810528E+04  7.3018948E-03 -4.1741365E-01  4.2511452E-03  1.6739136E-03  5.8045194E-02  1.1245360E-02 -5.6371280E-02 -3.5679123E-01  3.4935991E-16  4.7803608E-01  7.4636883E-01  4.8138391E-01  7.4117814E-01
  face   364       H2  7.9020428E+00 -8.3194564E+00 -7.8780566E+00  7.8823078E+00  8.5575756E-09  8.3442985E-09
  chan   364  2.0208485E-13  1.6535877E-03  2.0325777E-05  1.2426049E-10  4.9567746E-03  6.2885854E-03  1.3939994E-05  3.9411991E-12  2.0471508E-12  4.6476201E-05  4.6638441E-02  2.1276513E-05  7.9700153E-05  0.0000000E+00  0.0000000E+00
   365  3.6639889E+00  1.55492E+03       H2  3.1308880E+04  7.3125720E-03 -4.0835869E-01  1.7712484E-02  1.5752399E-03  5.3417192E-02  1.0725916E-02 -5.1841952E-02 -3.3880425E-01  3.2535204E-16  4.7791312E-01  7.0892436E-01  4.8106360E-01  7.0428162E-01
  face   365       H2  7.9714598E+00 -8.3798185E+00 -7.5525918E+00  7.5703043E+00  8.3442985E-09  8.1353528E-09
  chan   365  1.7549887E-13  1.5558594E-03  1.9380386E-05  9.7997896E-11  4.7302685E-03  5.9956473E-03  1.0771546E-05  2.3603567E-12  1.2211393E-12  4.3874856E-05  4.2538459E-02  2.0726526E-05  7.7444023E-05  0.0000000E+00  0.0000000E+00
   366  3.7108540E+00  1.53526E+03       H2  2.9925889E+04  7.3363966E-03 -3.9922357E-01  2.9759001E-02  1.4833135E-03  4.9148668E-02  1.0247593E-02 -4.7665354E-02 -3.2179921E-01  3.0295427E-16  4.7664792E-01  6.7512979E-01  4.7961455E-01  6.7095382E-01
  face   366       H2  8.0283297E+00 -8.4275533E+00 -7.2527656E+00  7.2825246E+00  8.1353528E-09  7.9306875E-09
  chan   366  1.5234486E-13  1.4648028E-03  1.8510593E-05  7.7172616E-11  4.5216264E-03  5.7259663E-03  8.3085784E-06  1.4044423E-12  7.2332785E-13  4.1521121E-05  3.8755843E-02  2.0180932E-05  7.5221505E-05  0.0000000E+00  0.0000000E+00
   367  3.7585431E+00  1.51572E+03       H2  2.8650225E+04  7.3730860E-03 -3.9001865E-01  4.0489039E-02  1.3975389E-03  4.5215995E-02  9.8064637E-03 -4.3818457E-02 -3.0571116E-01  2.8206214E-16  4.7432615E-01  6.4451677E-01  4.7712123E-01  6.4074106E-01
  face   367       H2  8.0730973E+00 -8.4631160E+00 -6.9762231E+00  7.0167121E+00  7.9306875E-09  7.7302508E-09
  chan   367  1.3218858E-13  1.3798309E-03  1.7707885E-05  6.0673420E-11  4.3291456E-03  5.4773181E-03  6.3968469E-06  8.3006692E-13  4.2538308E-13  3.9385773E-05  3.5271073E-02  1.9640570E-05  7.3035196E-05  0.0000000E+00  0.0000000E+00
   368  3.8070708E+00  1.49632E+03       H2  2.7471539E+04  7.4223544E-03 -3.8075384E-01  4.9995489E-02  1.3173889E-03  4.1596276E-02  9.3989428E-03 -4.0278887E-02 -2.9047946E-01  2.6257769E-16  4.7102821E-01  6.1669228E-01  4.7366299E-01  6.1326189E-01
  face   368       H2  8.1062032E+00 -8.4869570E+00 -6.7207938E+00  6.7707893E+00  7.7302508E-09  7.5339903E-09
  chan   368  1.1464962E-13  1.3004241E-03  1.6964783E-05  4.7615636E-11  4.1512697E-03  5.2476731E-03  4.9152847E-06  4.8724250E-13  2.4832298E-13  3.7443268E-05  3.2064982E-02  1.9106055E-05  7.0886811E-05  0.0000000E+00  0.0000000E+00
   369  3.8564517E+00  1.47706E+03       H2  2.6380385E+04  7.4839122E-03 -3.7143872E-01  5.8366028E-02  1.2423951E-03  3.8267475E-02  9.0217596E-03 -3.7025080E-02 -2.7604761E-01  2.4440907E-16  4.6682983E-01  5.9132385E-01  4.6931462E-01  5.8819308E-01
  face   369       H2  8.1280830E+00 -8.4995217E+00 -6.4844799E+00  6.5428460E+00  7.5339903E-09  7.3418528E-09
  chan   369  9.9394839E-14  1.2261203E-03  1.6274694E-05  3.7294478E-11  3.9865784E-03  5.0351812E-03  3.7689814E-06  2.8399899E-13  1.4386609E-13  3.5671219E-05  2.9118920E-02  1.8577797E-05  6.8777264E-05  0.0000000E+00  0.0000000E+00
   370  3.9067010E+00  1.45794E+03       H2  2.5368158E+04  7.5574662E-03 -3.6208276E-01  6.5683349E-02  1.1721392E-03  3.5208528E-02  8.6719354E-03 -3.4036389E-02 -2.6236302E-01  2.2747021E-16  4.6180250E-01  5.6812820E-01  4.6414678E-01  5.6525874E-01
  face   370       H2  8.1391672E+00 -8.5012500E+00 -6.2654448E+00  6.3311281E+00  7.3418528E-09  7.1537847E-09
  chan   370  8.6132661E-14  1.1565073E-03  1.5631788E-05  2.9148215E-11  3.8337768E-03  4.8381587E-03  2.8836177E-06  1.6433953E-13  8.2701804E-14  3.4049964E-05  2.6414896E-02  1.8056023E-05  6.6706772E-05  0.0000000E+00  0.0000000E+00
   371  3.9578337E+00  1.43897E+03       H2  2.4427025E+04  7.6427190E-03 -3.5269539E-01  7.2025396E-02  1.1062468E-03  3.2399423E-02  8.3467609E-03 -3.1293176E-02 -2.4937682E-01  2.1168042E-16  4.5601397E-01  5.4686224E-01  4.5822646E-01  5.4422178E-01
  face   371       H2  8.1398810E+00 -8.4925764E+00 -6.0620023E+00  6.1340277E+00  7.1537847E-09  6.9697316E-09
  chan   371  7.4607950E-14  1.0912159E-03  1.5030894E-05  2.2729046E-11  3.6916863E-03  4.6550746E-03  2.2010647E-06  9.4391445E-14  4.7162208E-14  3.2562200E-05  2.3935683E-02  1.7540802E-05  6.4674962E-05  0.0000000E+00  0.0000000E+00
   372  4.0098656E+00  1.42014E+03       H2  2.3549871E+04  7.7393689E-03 -3.4328611E-01  7.7465593E-02  1.0443816E-03  2.9821251E-02  8.0437754E-03 -2.8776870E-02 -2.3704365E-01  1.9696414E-16  4.4952857E-01  5.2731609E-01  4.5161734E-01  5.2487721E-01
  face   372       H2  8.1306440E+00 -8.4739301E+00 -5.8726071E+00  5.9500727E+00  6.9697316E-09  6.7896388E-09
  chan   372  6.4597567E-14  1.0299141E-03  1.4467418E-05  1.7679997E-11  3.5592359E-03  4.4845395E-03  1.6759081E-06  5.3802024E-14  2.6674814E-14  3.1192665E-05  2.1664894E-02  1.7032080E-05  6.2680989E-05  0.0000000E+00  0.0000000E+00
   373  4.0628124E+00  1.40147E+03       H2  2.2730238E+04  7.8471096E-03 -3.3386453E-01  8.2073068E-02  9.8624012E-04  2.7456233E-02  7.7607471E-03 -2.6469993E-02 -2.2532147E-01  1.8325054E-16  4.4240759E-01  5.0930742E-01  4.4438007E-01  5.0704674E-01
  face   373       H2  8.1118704E+00 -8.4457350E+00 -5.6958446E+00  5.7779177E+00  6.7896388E-09  6.6134512E-09
  chan   373  5.5906434E-14  9.7230284E-04  1.3937271E-05  1.3716567E-11  3.4354533E-03  4.3252938E-03  1.2727091E-06  3.0426266E-14  1.4960314E-14  2.9927880E-05  1.9587032E-02  1.6529704E-05  6.0723646E-05  0.0000000E+00  0.0000000E+00
   374  4.1166901E+00  1.38295E+03       H2  2.1962277E+04  7.9656299E-03 -3.2444041E-01  8.5912873E-02  9.3154813E-04  2.5287721E-02  7.4956554E-03 -2.4356173E-02 -2.1417136E-01  1.7047334E-16  4.3470945E-01  4.9267703E-01  4.3657255E-01  4.9057450E-01
  face   374       H2  8.0839693E+00 -8.4084097E+00 -5.5304222E+00  5.6163351E+00  6.6134512E-09  6.4411132E-09
  chan   374  4.8364079E-14  9.1811131E-04  1.3436810E-05  1.0612121E-11  3.3194578E-03  4.1761977E-03  9.6384623E-07  1.7068312E-14  8.3179218E-15  2.8755924E-05  1.7687511E-02  1.6033453E-05  5.8801477E-05  0.0000000E+00  0.0000000E+00
   375  4.1715152E+00  1.36458E+03       H2  2.1240697E+04  8.0946135E-03 -3.1502367E-01  8.9046195E-02  8.8005688E-04  2.3300188E-02  7.2466735E-03 -2.2420131E-02 -2.0355734E-01  1.5857042E-16  4.2649000E-01  4.7728516E-01  4.2825011E-01  4.7532351E-01
  face   375       H2  8.0473442E+00 -8.3623679E+00 -5.3751609E+00  5.4642071E+00  6.4411132E-09  6.2725689E-09
  chan   375  4.1821598E-14  8.6709408E-04  1.2962789E-05  8.1862407E-12  3.2104525E-03  4.0362210E-03  7.2781937E-07  9.4958038E-15  4.5838011E-15  2.7666242E-05  1.5952665E-02  1.5543063E-05  5.6912878E-05  0.0000000E+00  0.0000000E+00
   376  4.2273043E+00  1.34638E+03       H2  2.0560722E+04  8.2337386E-03 -3.0562439E-01  9.1530557E-02  8.3154032E-04  2.1479192E-02  7.0121527E-03 -2.0647651E-02 -1.9344618E-01  1.4748368E-16  4.1780259E-01  4.6300856E-01  4.1946568E-01  4.6117284E-01
  face   376       H2  8.0023941E+00 -8.3080185E+00 -5.2289869E+00  5.3205174E+00  6.2725689E-09  6.1077621E-09
  chan   376  3.6148985E-14  8.1902799E-04  1.2512319E-05  6.2954296E-12  3.1077180E-03  3.9044347E-03  5.4791618E-07  5.2381688E-15  2.5030828E-15  2.6649483E-05  1.4369727E-02  1.5058253E-05  5.5056190E-05  0.0000000E+00  0.0000000E+00
   377  4.2840743E+00  1.32833E+03       H2  1.9918049E+04  8.3826782E-03 -2.9625273E-01  9.3420014E-02  7.8579255E-04  1.9811335E-02  6.7906080E-03 -1.9025542E-02 -1.8380718E-01  1.3715870E-16  4.0869829E-01  4.4973806E-01  4.1026987E-01  4.4801529E-01
  face   377       H2  7.9495126E+00 -8.2457653E+00 -5.0909245E+00  5.1843445E+00  6.1077621E-09  5.9466365E-09
  chan   377  3.1232786E-14  7.7370972E-04  1.2082830E-05  4.8256834E-12  3.0106061E-03  3.7800019E-03  4.1116580E-07  2.8644513E-15  1.3541442E-15  2.5697356E-05  1.2926810E-02  1.4578748E-05  5.3229778E-05  0.0000000E+00  0.0000000E+00
   378  4.3418426E+00  1.31045E+03       H2  1.9308806E+04  8.5410993E-03 -2.8691903E-01  9.4765336E-02  7.4262571E-04  1.8283593E-02  6.5800817E-03 -1.7540967E-02 -1.7461273E-01  1.2754457E-16  3.9922534E-01  4.3737888E-01  4.0071059E-01  4.3575772E-01
  face   378       H2  7.8890887E+00 -8.1760078E+00 -4.9600890E+00  5.0548543E+00  5.9466365E-09  5.7891355E-09
  chan   378  2.6974034E-14  7.3095367E-04  1.1672042E-05  3.6865509E-12  2.9185336E-03  3.6615481E-03  3.0751801E-07  1.5524800E-15  7.2559983E-16  2.4802517E-05  1.1612865E-02  1.4104294E-05  5.1432105E-05  0.0000000E+00  0.0000000E+00
   379  4.4006266E+00  1.29274E+03       H2  1.8729522E+04  8.7086630E-03 -2.7763271E-01  9.5614171E-02  7.0186826E-04  1.6883144E-02  6.3780246E-03 -1.6181276E-02 -1.6583727E-01  1.1859367E-16  3.8942816E-01  4.2584816E-01  3.9083190E-01  4.2431866E-01
  face   379       H2  7.8215068E+00 -8.0991395E+00 -4.8356797E+00  4.9312938E+00  5.7891355E-09  5.6352024E-09
  chan   379  2.3286460E-14  6.9059032E-04  1.1277943E-05  2.8063736E-12  2.8309776E-03  3.5470470E-03  2.2919919E-07  8.3375808E-16  3.8501016E-16  2.3958461E-05  1.0417636E-02  1.3634684E-05  4.9661791E-05  0.0000000E+00  0.0000000E+00
   380  4.4604442E+00  1.27519E+03       H2  1.8177091E+04  8.8850244E-03 -2.6840333E-01  9.6011186E-02  6.6336316E-04  1.5600191E-02  6.1841559E-03 -1.4936827E-02 -1.5745532E-01  1.1026145E-16  3.7935135E-01  4.1506461E-01  3.8067807E-01  4.1361804E-01
  face   380       H2  7.7471456E+00 -8.0155489E+00 -4.7169738E+00  4.8129850E+00  5.6352024E-09  5.4847804E-09
  chan   380  2.0094876E-14  6.5246441E-04  1.0898756E-05  2.1284915E-12  2.7474699E-03  3.4366860E-03  1.7020954E-07  4.4359214E-16  2.0225116E-16  2.3159429E-05  9.3316177E-03  1.3169759E-05  4.7917651E-05  0.0000000E+00  0.0000000E+00
   381  4.5213136E+00  1.25781E+03       H2  1.7648732E+04  9.0698324E-03 -2.5924147E-01  9.5998260E-02  6.2696629E-04  1.4426313E-02  5.9988698E-03 -1.3799347E-02 -1.4944386E-01  1.0250624E-16  3.6903908E-01  4.0495403E-01  3.7029301E-01  4.0358273E-01
  face   381       H2  7.6663783E+00 -7.9256198E+00 -4.6033207E+00  4.6993190E+00  5.4847804E-09  5.3378128E-09
  chan   381  1.7333779E-14  6.1643337E-04  1.0532923E-05  1.6081966E-12  2.6675918E-03  3.3312780E-03  1.2592861E-07  2.3375473E-16  1.0516166E-16  2.2400326E-05  8.3460087E-03  1.2709418E-05  4.6198721E-05  0.0000000E+00  0.0000000E+00
   382  4.5832533E+00  1.24061E+03       H2  1.7141971E+04  9.2627298E-03 -2.5015773E-01  9.5614665E-02  5.9254533E-04  1.3352488E-02  5.8213018E-03 -1.2759942E-02 -1.4178312E-01  9.5289064E-17  3.5853234E-01  3.9545421E-01  3.5971743E-01  3.9415139E-01
  face   382       H2  7.5795741E+00 -7.8297318E+00 -4.4941363E+00  4.5897510E+00  5.3378128E-09  5.1942427E-09
  chan   382  1.4946142E-14  5.8236625E-04  1.0179082E-05  1.2102877E-12  2.5909703E-03  3.2303315E-03  9.2806328E-08  1.2198162E-16  5.4109930E-17  2.1676650E-05  7.4526584E-03  1.2253625E-05  4.4504284E-05  0.0000000E+00  0.0000000E+00
   383  4.6462822E+00  1.22357E+03       H2  1.6654606E+04  9.4633528E-03 -2.4116267E-01  9.4897198E-02  5.5997866E-04  1.2370394E-02  5.6506843E-03 -1.1810415E-02 -1.3445505E-01  8.8573505E-17  3.4787028E-01  3.8650917E-01  3.4899024E-01  3.8526881E-01
  face   383       H2  7.4870973E+00 -7.7282600E+00 -4.3888978E+00  4.4837950E+00  5.1942427E-09  5.0540134E-09
  chan   383  1.2882341E-14  5.5014260E-04  9.8360542E-06  9.0711785E-13  2.5172740E-03  3.1334103E-03  6.8122113E-08  6.3023143E-17  2.7545873E-17  2.0984435E-05  6.6440204E-03  1.1802413E-05  4.2833885E-05  0.0000000E+00  0.0000000E+00
   384  4.7104192E+00  1.20671E+03       H2  1.6184691E+04  9.6713318E-03 -2.3226589E-01  9.3880308E-02  5.2915433E-04  1.1472357E-02  5.4863374E-03 -1.0943203E-02 -1.2744238E-01  8.2325518E-17  3.3708940E-01  3.7806701E-01  3.3814771E-01  3.7688376E-01
  face   384       H2  7.3893083E+00 -7.6215742E+00 -4.2871391E+00  4.3810194E+00  5.0540134E-09  4.9170682E-09
  chan   384  1.1099215E-14  5.1965151E-04  9.5028243E-06  6.7703298E-13  2.4462094E-03  3.0401280E-03  4.9796903E-08  3.2232454E-17  1.3870902E-17  2.0320195E-05  5.9131063E-03  1.1355886E-05  4.1187335E-05  0.0000000E+00  0.0000000E+00
   385  4.7756840E+00  1.19002E+03       H2  1.5730503E+04  9.8862910E-03 -2.2347674E-01  9.2596193E-02  4.9996920E-04  1.0651300E-02  5.3276609E-03 -1.0151331E-02 -1.2072921E-01  7.6513291E-17  3.2622426E-01  3.7008042E-01  3.2722420E-01  3.6894953E-01
  face   385       H2  7.2865618E+00 -7.5100386E+00 -4.1884459E+00  4.2810421E+00  4.9170682E-09  4.7833506E-09
  chan   385  9.5592453E-15  4.9079067E-04  9.1785281E-06  5.0312326E-13  2.3775175E-03  2.9501434E-03  3.6246695E-08  1.6314418E-17  6.9076709E-18  1.9680875E-05  5.2534432E-03  1.0914219E-05  3.9564700E-05  0.0000000E+00  0.0000000E+00
   386  4.8420964E+00  1.17351E+03       H2  1.5290532E+04  1.0107848E-02 -2.1480420E-01  9.1074927E-02  4.7232803E-04  9.9006937E-03  5.1741265E-03 -9.4283657E-03 -1.1430091E-01  7.1107105E-17  3.1530749E-01  3.6250616E-01  3.1625215E-01  3.6142334E-01
  face   386       H2  7.1792073E+00 -7.3940115E+00 -4.0924519E+00  4.1835268E+00  4.7833506E-09  4.6528041E-09
  chan   386  8.2298308E-15  4.6346560E-04  8.8624369E-06  3.7222621E-13  2.3109703E-03  2.8631562E-03  2.6268558E-08  8.1706779E-18  3.4013335E-18  1.9063808E-05  4.6590332E-03  1.0477649E-05  3.7966292E-05  0.0000000E+00  0.0000000E+00
   387  4.9096765E+00  1.15717E+03       H2  1.4863450E+04  1.0335616E-02 -2.0625691E-01  8.9344568E-02  4.4614279E-04  9.2145142E-03  5.0252712E-03 -8.7683714E-03 -1.0814397E-01  6.6079204E-17  3.0436985E-01  3.5530449E-01  3.0526214E-01  3.5426593E-01
  face   387       H2  7.0675884E+00 -7.2738453E+00 -3.9988347E+00  4.0881792E+00  4.6528041E-09  4.5253726E-09
  chan   387  7.0826595E-15  4.3758885E-04  8.5539443E-06  2.7413161E-13  2.2463681E-03  2.7789031E-03  1.8952105E-08  4.0484424E-18  1.6556597E-18  1.8466674E-05  4.1243182E-03  1.0046474E-05  3.6392648E-05  0.0000000E+00  0.0000000E+00
   388  4.9784450E+00  1.14102E+03       H2  1.4448101E+04  1.0569201E-02 -1.9784309E-01  8.7431263E-02  4.2133196E-04  8.5872032E-03  4.8806905E-03 -8.1658713E-03 -1.0224596E-01  6.1403667E-17  2.9344022E-01  3.4843879E-01  2.9428289E-01  3.4744105E-01
  face   388       H2  6.9520427E+00 -7.1498858E+00 -3.9073117E+00  3.9947430E+00  4.5253726E-09  4.4010001E-09
  chan   388  6.0931555E-15  4.1307941E-04  8.2525533E-06  2.0094845E-13  2.1835369E-03  2.6971536E-03  1.3610858E-08  1.9841794E-18  7.9654925E-19  1.7887465E-05  3.6441461E-03  9.6210458E-06  3.4844507E-05  0.0000000E+00  0.0000000E+00
   389  5.0484225E+00  1.12504E+03       H2  1.4043480E+04  1.0808204E-02 -1.8957051E-01  8.5359349E-02  3.9781992E-04  8.0136328E-03  4.7400326E-03 -7.6158128E-03 -9.6595351E-02  5.7056294E-17  2.8254567E-01  3.4187517E-01  2.8334131E-01  3.4091516E-01
  face   389       H2  6.8329014E+00 -7.0224719E+00 -3.8176372E+00  3.9029966E+00  4.4010001E-09  4.2796309E-09
  chan   389  5.2399961E-15  3.8986205E-04  7.9578642E-06  1.4660184E-13  2.1223255E-03  2.6177071E-03  9.7291621E-09  9.6166552E-19  3.7869622E-19  1.7324455E-05  3.2137415E-03  9.2017590E-06  3.3322783E-05  0.0000000E+00  0.0000000E+00
   390  5.1196306E+00  1.10924E+03       H2  1.3648719E+04  1.1052220E-02 -1.8144650E-01  8.3151446E-02  3.7553636E-04  7.4890723E-03  4.6029928E-03 -7.1135360E-03 -9.1181516E-02  5.3014496E-17  2.7171148E-01  3.3558213E-01  2.7246255E-01  3.3465706E-01
  face   390       H2  6.7104892E+00 -6.8919357E+00 -3.7295988E+00  3.8127502E+00  4.2796309E-09  4.1612097E-09
  chan   390  4.5046897E-15  3.6786680E-04  7.6695630E-06  1.0643426E-13  2.0626032E-03  2.5403896E-03  6.9212440E-09  4.6087522E-19  1.7787925E-19  1.6776164E-05  2.8286789E-03  8.7890456E-06  3.1828534E-05  0.0000000E+00  0.0000000E+00
   391  5.1920907E+00  1.09362E+03       H2  1.3263075E+04  1.1300840E-02 -1.7347736E-01  8.0828538E-02  3.5441588E-04  7.0085741E-03  4.4687230E-03 -6.6541583E-03 -8.5994660E-02  4.9257194E-17  2.6096005E-01  3.2953189E-01  2.6166888E-01  3.2863923E-01
  face   391       H2  6.5851239E+00 -6.7586012E+00 -3.6430142E+00  3.7238427E+00  4.1612097E-09  4.0456813E-09
  chan   391  3.8712093E-15  3.4702846E-04  7.3874115E-06  7.6890089E-14  2.0042580E-03  2.4644649E-03  4.8997022E-09  2.1836394E-19  8.2534465E-20  1.6241340E-05  2.4848586E-03  8.3833651E-06  3.0362932E-05  0.0000000E+00  0.0000000E+00
   392  5.2658249E+00  1.07818E+03       H2  1.2885912E+04  1.1553650E-02 -1.6566895E-01  7.8410046E-02  3.3439747E-04  6.5679303E-03  4.3368108E-03 -6.2335329E-03 -8.1025373E-02  4.5764721E-17  2.5031253E-01  3.2369683E-01  2.5098133E-01  3.2283427E-01
  face   392       H2  6.4571156E+00 -6.6227846E+00 -3.5577288E+00  3.6361389E+00  4.0456813E-09  3.9329911E-09
  chan   392  3.3256701E-15  3.2728623E-04  7.1112374E-06  5.5267162E-14  1.9471946E-03  2.3896162E-03  3.4513642E-09  1.0225936E-19  3.7821662E-20  1.5718929E-05  2.1784847E-03  7.9851960E-06  2.8927231E-05  0.0000000E+00  0.0000000E+00
   393  5.3408555E+00  1.06292E+03       H2  1.2516692E+04  1.1810230E-02 -1.5802812E-01  7.5913931E-02  3.1542405E-04  6.1643101E-03  4.2079347E-03 -5.8488860E-03 -7.6265300E-02  4.2518731E-17  2.3979093E-01  3.1804914E-01  2.4042178E-01  3.1721460E-01
  face   393       H2  6.3267666E+00 -6.4847947E+00 -3.4736129E+00  3.5495268E+00  3.9329911E-09  3.8230847E-09
  chan   393  2.8560461E-15  3.0858313E-04  6.8409219E-06  3.9521677E-14  1.8913321E-03  2.3166026E-03  2.4188478E-09  4.7328870E-20  1.7114502E-20  1.5208050E-05  1.9060472E-03  7.5950226E-06  2.7522730E-05  0.0000000E+00  0.0000000E+00
   394  5.4172055E+00  1.04784E+03       H2  1.2154963E+04  1.2070158E-02 -1.5056016E-01  7.3356809E-02  2.9744212E-04  5.7943062E-03  4.0819288E-03 -5.4968641E-03 -7.1706486E-02  3.9502110E-17  2.2941383E-01  3.1256392E-01  2.3000872E-01  3.1175552E-01
  face   394       H2  6.1943721E+00 -6.3449323E+00 -3.3905590E+00  3.4639158E+00  3.8230847E-09  3.7159082E-09
  chan   394  2.4519280E-15  2.9086573E-04  6.5763923E-06  2.8115151E-14  1.8366023E-03  2.2453265E-03  1.6864969E-09  2.1644926E-20  7.6459488E-21  1.4707980E-05  1.6643037E-03  7.2133276E-06  2.6150746E-05  0.0000000E+00  0.0000000E+00
   395  5.4948980E+00  1.03294E+03       H2  1.1800349E+04  1.2333007E-02 -1.4326985E-01  7.0753975E-02  2.8040146E-04  5.4547895E-03  3.9586539E-03 -5.1743880E-03 -6.7341492E-02  3.6698901E-17  2.1919822E-01  3.0721733E-01  2.1975902E-01  3.0643334E-01
  face   395       H2  6.0602198E+00 -6.2034896E+00 -3.3084798E+00  3.3792338E+00  3.7159082E-09  3.6114082E-09
  chan   395  2.1043096E-15  2.7408385E-04  6.3176142E-06  1.9895257E-14  1.7829489E-03  2.1757050E-03  1.1697304E-09  9.7796065E-21  3.3718537E-21  1.4218130E-05  1.4502630E-03  6.8405843E-06  2.4812584E-05  0.0000000E+00  0.0000000E+00
   396  5.5739565E+00  1.01823E+03       H2  1.1452539E+04  1.2598346E-02 -1.3616146E-01  6.8119484E-02  2.6425486E-04  5.1428897E-03  3.8379936E-03 -4.8786348E-03 -6.3163338E-02  3.4094228E-17  2.0915958E-01  3.0198636E-01  2.0968809E-01  3.0122521E-01
  face   396       H2  5.9245886E+00 -6.0607501E+00 -3.2273061E+00  3.2954256E+00  3.6114082E-09  3.5095315E-09
  chan   396  1.8054029E-15  2.5819028E-04  6.0645838E-06  1.4003339E-14  1.7303254E-03  2.1076682E-03  8.0700189E-10  4.3650515E-21  1.4675890E-21  1.3738031E-05  1.2611705E-03  6.4772480E-06  2.3509509E-05  0.0000000E+00  0.0000000E+00
   397  5.6544052E+00  1.00369E+03       H2  1.1111284E+04  1.2865743E-02 -1.2923870E-01  6.5466215E-02  2.4895784E-04  4.8559792E-03  3.7198514E-03 -4.6070214E-03 -5.9165460E-02  3.1674226E-17  1.9931193E-01  2.9684856E-01  1.9980985E-01  2.9610883E-01
  face   397       H2  5.7877492E+00 -5.9169879E+00 -3.1469847E+00  3.2124509E+00  3.5095315E-09  3.4102257E-09
  chan   397  1.5484760E-15  2.4314051E-04  5.8173211E-06  9.8029540E-15  1.6786941E-03  2.0411573E-03  5.5375600E-10  1.9241223E-21  6.3033018E-22  1.3267321E-05  1.0944935E-03  6.1237493E-06  2.2242725E-05  0.0000000E+00  0.0000000E+00
   398  5.7362684E+00  9.89334E+02       H2  1.0776384E+04  1.3134763E-02 -1.2250478E-01  6.2805937E-02  2.3446839E-04  4.5916571E-03  3.6041483E-03 -4.3571887E-03 -5.5341658E-02  2.9425971E-17  1.8966791E-01  2.9178187E-01  1.9013685E-01  2.9106225E-01
  face   398       H2  5.6499633E+00 -5.7724681E+00 -3.0674764E+00  3.1302824E+00  3.4102257E-09  3.3134387E-09
  chan   398  1.3277125E-15  2.2889252E-04  5.5758637E-06  6.8249181E-15  1.6280251E-03  1.9761231E-03  3.7790728E-10  8.3763377E-22  2.6711022E-22  1.2805725E-05  9.4790889E-04  5.7804872E-06  2.1013347E-05  0.0000000E+00  0.0000000E+00
   399  5.8195710E+00  9.75159E+02       H2  1.0447681E+04  1.3404968E-02 -1.1596242E-01  6.0149367E-02  2.2074682E-04  4.3477340E-03  3.4908201E-03 -4.1269872E-03 -5.1686064E-02  2.7337426E-17  1.8023877E-01  2.8676440E-01  1.8068027E-01  2.8606369E-01
  face   399       H2  5.5114839E+00 -5.6274463E+00 -2.9887549E+00  3.0489043E+00  3.3134387E-09  3.2191189E-09
  chan   399  1.1380896E-15  2.1540656E-04  5.3402614E-06  4.7252649E-15  1.5782951E-03  1.9125250E-03  2.5647441E-10  3.6003336E-22  1.1166155E-22  1.2353048E-05  8.1929044E-04  5.4478237E-06  1.9822390E-05  0.0000000E+00  0.0000000E+00
   400  5.9043384E+00  9.61164E+02       H2  1.0125059E+04  1.3675918E-02 -1.0961380E-01  5.7506235E-02  2.0775554E-04  4.1222182E-03  3.3798154E-03 -3.9144627E-03 -4.8193102E-02  2.5397375E-17  1.7103450E-01  2.8177416E-01  1.7145001E-01  2.8109128E-01
  face   400       H2  5.3725548E+00 -5.4821686E+00 -2.9108048E+00  2.9683110E+00  3.2191189E-09  3.1272155E-09
  chan   400  9.7527114E-16  2.0264496E-04  5.1105709E-06  3.2532502E-15  1.5294863E-03  1.8503291E-03  1.7308728E-10  1.5278064E-22  4.6040564E-23  1.1909157E-05  7.0669670E-04  5.1260793E-06  1.8670744E-05  0.0000000E+00  0.0000000E+00
   401  5.9905962E+00  9.47348E+02       H2  9.8084289E+03  1.3947176E-02 -1.0346063E-01  5.4885333E-02  1.9545889E-04  3.9133020E-03  3.2710936E-03 -3.7178431E-03 -4.4857451E-02  2.3595373E-17  1.6206380E-01  2.7678883E-01  1.6245472E-01  2.7612279E-01
  face   401       H2  5.2334103E+00 -5.3368710E+00 -2.8336199E+00  2.8885053E+00  3.1272155E-09  3.0376779E-09
  chan   401  8.3551579E-16  1.9057204E-04  4.8868520E-06  2.2271360E-15  1.4815857E-03  1.7895079E-03  1.1615025E-10  6.3996158E-23  1.8721272E-23  1.1473978E-05  6.0835966E-04  4.8155293E-06  1.7559170E-05  0.0000000E+00  0.0000000E+00
   402  6.0783708E+00  9.33713E+02       H2  9.4977317E+03  1.4218301E-02 -9.7504150E-02  5.2294575E-02  1.8382302E-04  3.7193092E-03  3.1645833E-03 -3.5354862E-03 -4.1674089E-02  2.1921692E-17  1.5333421E-01  2.7178598E-01  1.5370186E-01  2.7113588E-01
  face   402       H2  5.0942757E+00 -5.1917799E+00 -2.7572027E+00  2.8094973E+00  3.0376779E-09  2.9504564E-09
  chan   402  7.1559661E-16  1.7915386E-04  4.6691634E-06  1.5159701E-15  1.4345844E-03  1.7299990E-03  7.7496567E-11  2.6457196E-23  7.5062554E-24  1.1047477E-05  5.2267366E-04  4.5164009E-06  1.6488285E-05  0.0000000E+00  0.0000000E+00
   403  6.1676887E+00  9.20255E+02       H2  9.1929297E+03  1.4488853E-02 -9.1745252E-02  4.9741045E-02  1.7281577E-04  3.5382023E-03  3.0597008E-03 -3.3653865E-03 -3.8638820E-02  2.0367277E-17  1.4485168E-01  2.6674747E-01  1.4519731E-01  2.6611250E-01
  face   403       H2  4.9553665E+00 -5.0471117E+00 -2.6815625E+00  2.7313036E+00  2.9504564E-09  2.8655015E-09
  chan   403  6.1273198E-16  1.6835821E-04  4.4575606E-06  1.0259486E-15  1.3884768E-03  1.6712241E-03  5.1407433E-11  1.0794032E-23  2.9671376E-24  1.0629663E-05  4.4818429E-04  4.2288728E-06  1.5458559E-05  0.0000000E+00  0.0000000E+00
   404  6.2585772E+00  9.06976E+02       H2  8.8940040E+03  1.4758393E-02 -8.6184150E-02  4.7231046E-02  1.6240655E-04  3.3690313E-03  2.9568092E-03 -3.2066248E-03 -3.5746479E-02  1.8923700E-17  1.3662182E-01  2.6164546E-01  1.3694663E-01  2.6102488E-01
  face   404       H2  4.8168887E+00 -4.9030729E+00 -2.6067145E+00  2.6539456E+00  2.8655015E-09  2.7827648E-09
  chan   404  5.2452487E-16  1.5815446E-04  4.2520932E-06  6.9028454E-16  1.3432601E-03  1.6135490E-03  3.3902025E-11  4.3450609E-24  1.1561390E-24  1.0220570E-05  3.8357817E-04  3.9530736E-06  1.4470309E-05  0.0000000E+00  0.0000000E+00
   405  6.3510637E+00  8.93874E+02       H2  8.6009474E+03  1.5026485E-02 -8.0820334E-02  4.4770149E-02  1.5256615E-04  3.2114120E-03  2.8567057E-03 -3.0588458E-03 -3.2991339E-02  1.7583114E-17  1.2864933E-01  2.5644393E-01  1.2895446E-01  2.5583713E-01
  face   405       H2  4.6790389E+00 -4.7598592E+00 -2.5326788E+00  2.5774490E+00  2.7827648E-09  2.7021980E-09
  chan   405  4.4890997E-16  1.4851335E-04  4.0528002E-06  4.6171828E-16  1.2989334E-03  1.5577723E-03  2.2225993E-11  1.7256148E-24  4.4399428E-25  9.8202546E-06  3.2767317E-04  3.6890795E-06  1.3523696E-05  0.0000000E+00  0.0000000E+00
   406  6.4451765E+00  8.80948E+02       H2  8.3137625E+03  1.5292693E-02 -7.5654040E-02  4.2363239E-02  1.4326669E-04  3.0642937E-03  2.7594009E-03 -2.9210270E-03 -3.0369774E-02  1.6338216E-17  1.2093831E-01  2.5111790E-01  1.2122484E-01  2.5052435E-01
  face   406       H2  4.5420033E+00 -4.6176573E+00 -2.4594796E+00  2.5018428E+00  2.7021980E-09  2.6237537E-09
  chan   406  3.8410887E-16  1.3940698E-04  3.8597100E-06  3.0701000E-16  1.2554971E-03  1.5039038E-03  1.4484930E-11  6.7600125E-25  1.6802710E-25  9.4287843E-06  2.7940831E-04  3.4369158E-06  1.2618730E-05  0.0000000E+00  0.0000000E+00
   407  6.5409441E+00  8.68198E+02       H2  8.0324607E+03  1.5556584E-02 -7.0683772E-02  4.0014578E-02  1.3448162E-04  2.9260599E-03  2.6642278E-03 -2.7915783E-03 -2.7877616E-02  1.5182211E-17  1.1348993E-01  2.4563956E-01  1.1375889E-01  2.4505879E-01
  face   407       H2  4.4059593E+00 -4.4766431E+00 -2.3871439E+00  2.4271585E+00  2.6237537E-09  2.5473852E-09
  chan   407  3.2859122E-16  1.3080878E-04  3.6728400E-06  2.0292447E-16  1.2129529E-03  1.4512749E-03  9.3838061E-12  2.6120244E-25  6.2654704E-26  9.0462396E-06  2.3783400E-04  3.1965603E-06  1.1755270E-05  0.0000000E+00  0.0000000E+00
   408  6.6383956E+00  8.55623E+02       H2  7.7570588E+03  1.5817731E-02 -6.5908207E-02  3.7727805E-02  1.2618558E-04  2.7958607E-03  2.5711839E-03 -2.6696751E-03 -2.5510727E-02  1.4108781E-17  1.0630569E-01  2.3997518E-01  1.0655806E-01  2.3940683E-01
  face   408       H2  4.2710741E+00 -4.3369823E+00 -2.3157016E+00  2.3534294E+00  2.5473852E-09  2.4730463E-09
  chan   408  2.8104044E-16  1.2269339E-04  3.4921951E-06  1.3332235E-16  1.1713034E-03  1.3998806E-03  6.0428687E-12  9.9528831E-26  2.3016440E-26  8.6727062E-06  2.0210310E-04  2.9679440E-06  1.0933033E-05  0.0000000E+00  0.0000000E+00
   409  6.7375606E+00  8.43221E+02       H2  7.4875763E+03  1.6075707E-02 -6.1325643E-02  3.5506002E-02  1.1835436E-04  2.6729408E-03  2.4802677E-03 -2.5545864E-03 -2.3265054E-02  1.3112048E-17  9.9386232E-02  2.3408729E-01  9.9622940E-02  2.3353109E-01
  face   409       H2  4.1375053E+00 -4.1988310E+00 -2.2451838E+00  2.2806898E+00  2.4730463E-09  2.4006915E-09
  chan   409  2.4032433E-16  1.1503659E-04  3.3177672E-06  8.7064004E-17  1.1305514E-03  1.3497163E-03  3.8682285E-12  3.7396547E-26  8.3285692E-27  8.3082705E-06  1.7146223E-04  2.7509536E-06  1.0151596E-05  0.0000000E+00  0.0000000E+00
   410  6.8384693E+00  8.30991E+02       H2  7.2240336E+03  1.6330093E-02 -5.6934032E-02  3.3351732E-02  1.1096480E-04  2.5566303E-03  2.3914780E-03 -2.4456655E-03 -2.1136634E-02  1.2186545E-17  9.2731430E-02  2.2793388E-01  9.2953359E-02  2.2738968E-01
  face   410       H2  4.0054008E+00 -4.0623349E+00 -2.1756229E+00  2.2089747E+00  2.4006915E-09  2.3302759E-09
  chan   410  2.0546962E-16  1.0781527E-04  3.1495350E-06  5.6509593E-17  1.0907002E-03  1.3007778E-03  2.4615157E-12  1.3853062E-26  2.9681666E-27  7.9530164E-06  1.4524348E-04  2.5454336E-06  9.4104068E-06  0.0000000E+00  0.0000000E+00
   411  6.9411523E+00  8.18933E+02       H2  6.9664502E+03  1.6580474E-02 -5.2730999E-02  3.1267071E-02  1.0399480E-04  2.4463368E-03  2.3048133E-03 -2.3423420E-03 -1.9121586E-02  1.1327191E-17  8.6340412E-02  2.2146740E-01  8.6548402E-02  2.2093518E-01
  face   411       H2  3.8748991E+00 -3.9276301E+00 -2.1070519E+00  2.1383190E+00  2.3302759E-09  2.2617554E-09
  chan   411  1.7563998E-16  1.0100734E-04  2.9874634E-06  3.6453108E-17  1.0517525E-03  1.2530608E-03  1.5572228E-12  5.0588645E-27  1.0416687E-27  7.6070215E-06  1.2285654E-04  2.3511898E-06  8.7087914E-06  0.0000000E+00  0.0000000E+00
   412  7.0456407E+00  8.07044E+02       H2  6.7148434E+03  1.6826441E-02 -4.8713865E-02  2.9253647E-02  9.7423219E-05  2.3415372E-03  2.2202716E-03 -2.2441139E-03 -1.7216105E-02  1.0529259E-17  8.0211626E-02  2.1463353E-01  8.0406472E-02  2.1411342E-01
  face   412       H2  3.7461293E+00 -3.7948431E+00 -2.0395036E+00  2.0687573E+00  2.2617554E-09  2.1950864E-09
  chan   412  1.5011704E-16  9.4591715E-05  2.8315042E-06  2.3369903E-17  1.0137109E-03  1.2065607E-03  9.7953767E-13  1.8208943E-27  3.5994193E-28  7.2703551E-06  1.0378131E-04  2.1679922E-06  8.0459626E-06  0.0000000E+00  0.0000000E+00
   413  7.1519665E+00  7.95325E+02       H2  6.4692269E+03  1.7067591E-02 -4.4879665E-02  2.7312672E-02  9.1229835E-05  2.2417703E-03  2.1378496E-03 -2.1505404E-03 -1.5416453E-02  9.7883578E-18  7.4342878E-02  2.0736960E-01  7.4525337E-02  2.0686190E-01
  face   413       H2  3.6192110E+00 -3.6640907E+00 -1.9730107E+00  2.0003233E+00  2.1950864E-09  2.1302261E-09
  chan   413  1.2828398E-16  8.8548239E-05  2.6815961E-06  1.4889168E-17  9.7657747E-04  1.1612722E-03  6.1280197E-13  6.4593558E-28  1.2244322E-28  6.9430753E-06  8.7560956E-05  1.9955785E-06  7.4210306E-06  0.0000000E+00  0.0000000E+00
   414  7.2601618E+00  7.83772E+02       H2  6.2296098E+03  1.7303530E-02 -4.1225172E-02  2.5444976E-02  8.5395327E-05  2.1466303E-03  2.0575430E-03 -2.0612350E-03 -1.3718961E-02  9.1004054E-18  6.8731384E-02  1.9960258E-01  6.8902174E-02  1.9910781E-01
  face   414       H2  3.4942549E+00 -3.5354800E+00 -1.9076047E+00  1.9330497E+00  2.1302261E-09  2.0671323E-09
  chan   414  1.0961139E-16  8.2857661E-05  2.5376656E-06  9.4266315E-18  9.4035349E-04  1.1171895E-03  3.8143081E-13  2.2579446E-28  4.0999129E-29  6.6252277E-06  7.3795437E-05  1.8336576E-06  6.8330134E-06  0.0000000E+00  0.0000000E+00
   415  7.3702595E+00  7.72386E+02       H2  5.9959961E+03  1.7533872E-02 -3.7746917E-02  2.3651036E-02  7.9901223E-05  2.0557605E-03  1.9793454E-03 -1.9758592E-03 -1.2120022E-02  8.4616083E-18  6.3373813E-02  1.9124653E-01  6.3533615E-02  1.9076550E-01
  face   415       H2  3.3713625E+00 -3.4091094E+00 -1.8433165E+00  1.8669675E+00  2.0671323E-09  2.0057635E-09
  chan   415  9.3645020E-17  7.7501596E-05  2.3996272E-06  5.9305726E-18  9.0503945E-04  1.0743059E-03  2.3635596E-13  7.7765746E-29  1.3511093E-29  6.3168441E-06  6.2135498E-05  1.6819132E-06  6.2808466E-06  0.0000000E+00  0.0000000E+00
   416  7.4822931E+00  7.61164E+02       H2  5.7683834E+03  1.7758238E-02 -3.4441209E-02  2.1931006E-02  7.4729868E-05  1.9688473E-03  1.9032488E-03 -1.8941174E-03 -1.0616085E-02  7.8684420E-18  5.8266333E-02  1.8219930E-01  5.8415793E-02  1.8173314E-01
  face   416       H2  3.2506266E+00 -3.2850678E+00 -1.7801752E+00  1.8021062E+00  2.0057635E-09  1.9460791E-09
  chan   416  7.9995278E-17  7.2462484E-05  2.2673843E-06  3.7074242E-18  8.7063495E-04  1.0326139E-03  1.4593639E-13  2.6386419E-29  4.3814812E-30  6.0179407E-06  5.2277137E-05  1.5400069E-06  5.7633943E-06  0.0000000E+00  0.0000000E+00
   417  7.5962966E+00  7.50105E+02       H2  5.5467632E+03  1.7976258E-02 -3.1304157E-02  2.0284746E-02  6.9864389E-05  1.8856154E-03  1.8292433E-03 -1.8157510E-03 -9.2036606E-03  7.3176321E-18  5.3404654E-02  1.7233818E-01  5.3544382E-02  1.7188844E-01
  face   417       H2  3.1321313E+00 -3.1634355E+00 -1.7182084E+00  1.7384931E+00  1.9460791E-09  1.8880387E-09
  chan   417  6.8328126E-17  6.7723559E-05  2.1408301E-06  2.3028475E-18  8.3713856E-04  9.9210473E-04  8.9906231E-14  8.8186365E-30  1.3979934E-30  5.7285181E-06  4.3956523E-05  1.4075821E-06  5.2794593E-06  0.0000000E+00  0.0000000E+00
   418  7.7123047E+00  7.39207E+02       H2  5.3311199E+03  1.8187575E-02 -2.8331692E-02  1.8711844E-02  6.5288669E-05  1.8058227E-03  1.7573167E-03 -1.7405340E-03 -7.8793136E-03  6.8061370E-18  4.8784070E-02  1.6151407E-01  4.8914648E-02  1.6108291E-01
  face   418       H2  3.0159524E+00 -3.0442841E+00 -1.6574419E+00  1.6761537E+00  1.8880387E-09  1.8316032E-09
  chan   418  5.8357261E-17  6.3268821E-05  2.0198483E-06  1.4212064E-18  8.0454785E-04  9.5276884E-04  5.5373290E-14  2.9029495E-30  4.3881632E-31  5.4485605E-06  3.6945357E-05  1.2842673E-06  4.8277934E-06  0.0000000E+00  0.0000000E+00
   419  7.8303526E+00  7.28469E+02       H2  5.1214311E+03  1.8391840E-02 -2.5519585E-02  1.7211651E-02  6.0987315E-05  1.7292562E-03  1.6874548E-03 -1.6682689E-03 -6.6396651E-03  6.3311320E-18  4.4399504E-02  1.4954368E-01  4.4521479E-02  1.4913397E-01
  face   419       H2  2.9021571E+00 -2.9276767E+00 -1.5978993E+00  1.6151110E+00  1.8316032E-09  1.7767336E-09
  chan   419  4.9837377E-17  5.9083000E-05  1.9043144E-06  8.7142557E-19  7.7285931E-04  9.1459545E-04  3.4192007E-14  9.4099211E-31  1.3548605E-31  5.1780353E-06  3.1046652E-05  1.1696792E-06  4.4071073E-06  0.0000000E+00  0.0000000E+00
   420  7.9504762E+00  7.17890E+02       H2  4.9176672E+03  1.8588716E-02 -2.2863471E-02  1.5783293E-02  5.6945632E-05  1.6557284E-03  1.6196411E-03 -1.5987828E-03 -5.4813951E-03  5.8899937E-18  4.0245547E-02  1.3619880E-01  4.0359438E-02  1.3581446E-01
  face   420       H2  2.7908050E+00 -2.8136685E+00 -1.5396024E+00  1.5553857E+00  1.7767336E-09  1.7233920E-09
  chan   420  4.2558357E-17  5.5151536E-05  1.7940959E-06  5.3084400E-19  7.4206834E-04  8.7757274E-04  2.1250977E-14  3.0036741E-31  4.1141688E-32  4.9168936E-06  2.6090921E-05  1.0634260E-06  4.0160804E-06  0.0000000E+00  0.0000000E+00
   421  8.0727120E+00  7.07468E+02       H2  4.7197910E+03  1.8777877E-02 -2.0358876E-02  1.4425704E-02  5.3149597E-05  1.5850363E-03  1.5538200E-03 -1.5318867E-03 -4.4012850E-03  5.4802863E-18  3.6316466E-02  1.2119255E-01  3.6422765E-02  1.2083885E-01
  face   421       H2  2.6819478E+00 -2.7023067E+00 -1.4825705E+00  1.4969962E+00  1.7233920E-09  1.6715410E-09
  chan   421  3.6340280E-17  5.1460543E-05  1.6890540E-06  3.2125506E-19  7.1216924E-04  8.4165080E-04  1.3364680E-14  9.4387060E-32  1.2285403E-32  4.6650697E-06  2.1932749E-05  9.6511013E-07  3.6533697E-06  0.0000000E+00  0.0000000E+00
   422  8.1970970E+00  6.97201E+02       H2  4.5277594E+03  1.8959009E-02 -1.8001396E-02  1.3137642E-02  4.9585846E-05  1.5171414E-03  1.4900793E-03 -1.4675555E-03 -3.3961981E-03  5.0997486E-18  3.2606593E-02  1.0415679E-01  3.2705765E-02  1.0384096E-01
  face   422       H2  2.5756297E+00 -2.5936311E+00 -1.4268204E+00  1.4399581E+00  1.6715410E-09  1.6211439E-09
  chan   422  3.1029149E-17  4.7996801E-05  1.5890444E-06  1.9313517E-19  6.8315535E-04  8.0692391E-04  8.5613048E-15  2.9200993E-32  3.6070945E-33  4.4224829E-06  1.8447698E-05  8.7433172E-07  3.3176194E-06  0.0000000E+00  0.0000000E+00
   423  8.3236692E+00  6.87088E+02       H2  4.3415204E+03  1.9131814E-02 -1.5787340E-02  1.1917728E-02  4.6241610E-05  1.4526925E-03  1.4291757E-03 -1.4064509E-03 -2.4631606E-03  4.7462807E-18  2.9111519E-02  8.4611201E-02  2.9204002E-02  8.4343254E-02
  face   423       H2  2.4718878E+00 -2.4876752E+00 -1.3723669E+00  1.3842846E+00  1.6211439E-09  1.5721647E-09
  chan   423  2.6493131E-17  4.4747692E-05  1.4939174E-06  1.1534196E-19  6.5501870E-04  7.7415696E-04  5.6286378E-15  8.8913973E-33  1.0412161E-33  4.1890349E-06  1.5529612E-05  7.9068992E-07  3.0074678E-06  0.0000000E+00  0.0000000E+00
   424  8.4524669E+00  6.77128E+02       H2  4.1610165E+03  1.9296004E-02 -1.3710421E-02  1.0764455E-02  4.3104742E-05  1.3906200E-03  1.3701319E-03 -1.3475152E-03 -1.5984512E-03  4.4179340E-18  2.5822392E-02  6.1901750E-02  2.5908601E-02  6.1695775E-02
  face   424       H2  2.3707533E+00 -2.3844637E+00 -1.3192222E+00  1.3299866E+00  1.5721647E-09  1.5245682E-09
  chan   424  2.2619466E-17  4.1701221E-05  1.4035202E-06  6.8424660E-20  6.2775049E-04  7.4238141E-04  3.8262755E-15  2.6649531E-33  2.9545397E-34  3.9646140E-06  1.3088120E-05  7.1378664E-07  2.7215566E-06  0.0000000E+00  0.0000000E+00
   425  8.5835293E+00  6.67318E+02       H2  3.9861840E+03  1.9451307E-02 -1.1766096E-02  9.6761501E-03  4.0163676E-05  1.3308253E-03  1.3129280E-03 -1.2906617E-03 -7.9928393E-04  4.1129000E-18  2.2732908E-02  3.5159776E-02  2.2813235E-02  3.5035975E-02
  face   425       H2  2.2722489E+00 -2.2840150E+00 -1.2673959E+00  1.2770721E+00  1.5245682E-09  1.4783197E-09
  chan   425  1.9311713E-17  3.8845980E-05  1.3176969E-06  4.0320208E-20  6.0134095E-04  7.1158700E-04  2.7049210E-15  7.8596001E-34  8.2405717E-35  3.7490948E-06  1.1046515E-05  6.4322836E-07  2.4585382E-06  0.0000000E+00  0.0000000E+00
   426  8.7168962E+00  6.57658E+02       H2  3.8169528E+03  1.9597465E-02 -9.9496119E-03  8.6510569E-03  3.7407406E-05  1.2732197E-03  1.2575418E-03 -1.2358123E-03 -6.2742664E-05  3.8295004E-18  1.9836481E-02  3.1629937E-03  1.9911296E-02  3.1511090E-03
  face   426       H2  2.1763915E+00 -2.1863411E+00 -1.2168956E+00  1.2255466E+00  1.4783197E-09  1.4333852E-09
  chan   426  1.6487398E-17  3.6171116E-05  1.2362899E-06  2.3599564E-20  5.7577940E-04  6.8176238E-04  1.9935711E-15  2.2812785E-34  2.2589120E-35  3.5423383E-06  9.3398454E-06  5.7862799E-07  2.2170814E-06  0.0000000E+00  0.0000000E+00
   427  8.8526081E+00  6.48146E+02       H2  3.6532472E+03  1.9734234E-02 -8.2561659E-03  7.6873346E-03  3.4825457E-05  1.2177224E-03  1.2039494E-03 -1.1828969E-03  6.1406558E-04  3.5661778E-18  1.7126397E-02  3.5854918E-02  1.7196048E-02  3.5709691E-02
  face   427       H2  2.0831916E+00 -2.0914477E+00 -1.1677261E+00  1.1754134E+00  1.4333852E-09  1.3897314E-09
  chan   427  1.4076013E-17  3.3666317E-05  1.1591400E-06  1.3719676E-20  5.5105427E-04  6.5289515E-04  1.5296539E-15  6.5143659E-35  6.0852128E-36  3.3441932E-06  7.9132537E-06  5.1960677E-07  1.9958783E-06  0.0000000E+00  0.0000000E+00
   428  8.9907063E+00  6.38781E+02       H2  3.4949861E+03  1.9861387E-02 -6.6809458E-03  6.7830726E-03  3.2407873E-05  1.1642596E-03  1.1521251E-03 -1.1318517E-03  1.2339784E-03  3.3214872E-18  1.4595870E-02  8.4542986E-02  1.4660686E-02  8.4169217E-02
  face   428       H2  1.9926540E+00 -1.9993349E+00 -1.1198900E+00  1.1266731E+00  1.3897314E-09  1.3473257E-09
  chan   428  1.2017291E-17  3.1321785E-05  1.0860877E-06  7.9219350E-21  5.2715317E-04  6.2497196E-04  1.2160835E-15  1.8304811E-35  1.6108355E-36  3.1544966E-06  6.7205204E-06  4.6579575E-07  1.7936497E-06  0.0000000E+00  0.0000000E+00
   429  9.1312328E+00  6.29561E+02       H2  3.3420830E+03  1.9978712E-02 -5.2191526E-03  5.9363042E-03  3.0145192E-05  1.1127633E-03  1.1020415E-03 -1.0826182E-03  1.7997698E-03  3.0940878E-18  1.2238075E-02  1.4706314E-01  1.2298365E-02  1.4634219E-01
  face   429       H2  1.9047780E+00 -1.9099972E+00 -1.0733877E+00  1.0793240E+00  1.3473257E-09  1.3061361E-09
  chan   429  1.0259726E-17  2.9128219E-05  1.0169738E-06  4.5431460E-21  5.0406295E-04  5.9797854E-04  9.9505934E-16  5.0595435E-36  4.1898177E-37  2.9730753E-06  5.7227943E-06  4.1683730E-07  1.6091499E-06  0.0000000E+00  0.0000000E+00
   430  9.2742301E+00  6.20484E+02       H2  3.1944471E+03  2.0086011E-02 -3.8660146E-03  5.1450190E-03  2.8028430E-05  1.0631703E-03  1.0536695E-03 -1.0351419E-03  2.3141463E-03  2.8827359E-18  1.0046176E-02  2.3035097E-01  1.0102232E-02  2.2907276E-01
  face   430       H2  1.8195578E+00 -1.8234238E+00 -1.0282170E+00  1.0333621E+00  1.3061361E-09  1.2661313E-09
  chan   430  8.7593111E-18  2.7076790E-05  9.5163978E-07  2.5876904E-21  4.8176975E-04  5.7189980E-04  8.3219891E-16  1.3759651E-36  1.0707365E-37  2.7997464E-06  4.8874921E-06  3.7238620E-07  1.4411714E-06  0.0000000E+00  0.0000000E+00
   431  9.4197418E+00  6.11550E+02       H2  3.0519833E+03  2.0183105E-02 -2.6168005E-03  4.4071746E-03  2.6049056E-05  1.0154213E-03  1.0069790E-03 -9.8937223E-04  2.7797464E-03  2.6862774E-18  8.0133474E-03  3.4688954E-01  8.0654455E-03  3.4464883E-01
  face   431       H2  1.7369822E+00 -1.7395990E+00 -9.8437399E-01  9.8878116E-01  1.2661313E-09  1.2272807E-09
  chan   431  7.4784517E-18  2.5159128E-05  8.8992881E-07  1.4638354E-21  4.6025909E-04  5.4671987E-04  7.0699965E-16  3.6806089E-37  2.6884053E-38  2.6343186E-06  4.1873468E-06  3.3211071E-07  1.2885483E-06  0.0000000E+00  0.0000000E+00
   432  9.5678121E+00  6.02758E+02       H2  2.9145926E+03  2.0269832E-02 -1.4668300E-03  3.7207071E-03  2.4198983E-05  9.6946019E-04  9.6193816E-04 -9.4526121E-04  3.1991383E-03  2.5036422E-18  6.1327983E-03  5.2164414E-01  6.1811962E-03  5.1755974E-01
  face   432       H2  1.6570358E+00 -1.6585027E+00 -9.4185227E-01  9.4557298E-01  1.2272807E-09  1.1895540E-09
  chan   432  6.3850361E-18  2.3367297E-05  8.3168596E-07  8.2241825E-22  4.3951593E-04  5.2242223E-04  6.0714636E-16  9.6860544E-38  6.6316112E-39  2.4765933E-06  3.5995880E-06  2.9569329E-07  1.1501599E-06  0.0000000E+00  0.0000000E+00
   433  9.7184860E+00  5.94105E+02       H2  2.7821727E+03  2.0346044E-02 -4.1148452E-04  3.0835409E-03  2.2470539E-05  9.2523378E-04  9.1851441E-04 -9.0276324E-04  3.5748196E-03  2.3338373E-18  4.3977886E-03  8.1286753E-01  4.4427297E-03  8.0464485E-01
  face   433       H2  1.5796986E+00 -1.5801101E+00 -9.0064364E-01  9.0372719E-01  1.1895540E-09  1.1529221E-09
  chan   433  5.4516397E-18  2.1693781E-05  7.7675889E-07  4.5889389E-22  4.1952470E-04  4.9898972E-04  5.2513770E-16  2.5072039E-38  1.6071267E-39  2.3263650E-06  3.1052377E-06  2.6283128E-07  1.0249327E-06  0.0000000E+00  0.0000000E+00
   434  9.8718092E+00  5.85591E+02       H2  2.6546185E+03  2.0411614E-02  5.5378350E-04  2.4935979E-03  2.0856459E-05  8.8269105E-04  8.7667404E-04 -8.6183459E-04  3.9092160E-03  2.1759419E-18  3.9092160E-03  1.0000000E+00  3.9509289E-03  9.8944225E-01
  face   434       H2  1.5049466E+00 -1.5043929E+00 -8.6073795E-01  8.6323155E-01  1.1529221E-09  1.1173561E-09
  chan   434  4.6548438E-18  2.0131460E-05  7.2499815E-07  2.5430319E-22  4.0026940E-04  4.7640464E-04  4.5630012E-16  6.3845140E-39  3.8263951E-40  2.1834232E-06  2.6885082E-06  2.3323728E-07  9.1184312E-07  0.0000000E+00  0.0000000E+00
   435  1.0027828E+01  5.77215E+02       H2  2.5318222E+03  2.0466430E-02  1.4334422E-03  1.9488058E-03  1.9349858E-05  8.4178289E-04  8.3638250E-04 -8.2243304E-04  4.2046810E-03  2.0291019E-18  4.2046810E-03  1.0000000E+00  4.2433807E-03  9.9087998E-01
  face   435       H2  1.4327520E+00 -1.4313185E+00 -8.2212323E-01  8.2407203E-01  1.1173561E-09  1.0828278E-09
  chan   435  3.9746528E-18  1.8673600E-05  6.7625760E-07  1.3996354E-22  3.8173367E-04  4.5464883E-04  3.9762568E-16  1.5992606E-39  8.9505119E-41  2.0475525E-06  2.3362881E-06  2.0663945E-07  8.0991830E-07  0.0000000E+00  0.0000000E+00
   436  1.0186591E+01  5.68975E+02       H2  2.4136739E+03  2.0510399E-02  2.2318723E-03  1.4471049E-03  1.7944222E-05  8.0246178E-04  7.9760452E-04 -7.8451755E-04  4.4634947E-03  1.8925252E-18  4.4634947E-03  1.0000000E+00  4.4993832E-03  9.9202370E-01
  face   436       H2  1.3630832E+00 -1.3608513E+00 -7.8478578E-01  7.8623289E-01  1.0828278E-09  1.0493097E-09
  chan   436  3.3939952E-18  1.7313828E-05  6.3039471E-07  7.6508191E-23  3.6390080E-04  4.3370372E-04  3.4709540E-16  3.9409851E-40  2.0570376E-41  1.9185341E-06  2.0377055E-06  1.8278160E-07  7.1823739E-07  0.0000000E+00  0.0000000E+00
   437  1.0348145E+01  5.60870E+02       H2  2.3000620E+03  2.0543444E-02  2.9533424E-03  9.8645559E-04  1.6633389E-05  7.6463649E-04  7.6025923E-04 -7.4800310E-04  4.6878010E-03  1.7654771E-18  4.6878010E-03  1.0000000E+00  4.7210678E-03  9.9295355E-01
  face   437       H2  1.2959058E+00 -1.2929525E+00 -7.4871032E-01  7.4969678E-01  1.0493097E-09  1.0167749E-09
  chan   437  2.8982972E-18  1.6046118E-05  5.8727081E-07  4.1537479E-23  3.4675384E-04  4.1350539E-04  3.0328651E-16  9.5548844E-41  4.6451461E-42  1.7961462E-06  1.7837577E-06  1.6142319E-07  6.3593188E-07  0.0000000E+00  0.0000000E+00
   438  1.0512540E+01  5.52899E+02       H2  2.1908734E+03  2.0565508E-02  3.6020550E-03  5.6484384E-04  1.5411531E-05  7.2823290E-04  7.2428122E-04 -7.1282137E-04  4.8797202E-03  1.6472761E-18  4.8797202E-03  1.0000000E+00  4.9105433E-03  9.9372309E-01
  face   438       H2  1.2311821E+00 -1.2275801E+00 -7.1388006E-01  7.1444490E-01  1.0167749E-09  9.8519705E-10
  chan   438  2.4751191E-18  1.4864779E-05  5.4675134E-07  2.2398703E-23  3.3027563E-04  3.9400558E-04  2.6514485E-16  2.2790564E-41  1.0307465E-42  1.6801653E-06  1.5669984E-06  1.4233919E-07  5.6218560E-07  0.0000000E+00  0.0000000E+00
   439  1.0679825E+01  5.45061E+02       H2  2.0859942E+03  2.0576552E-02  4.1822025E-03  1.8028558E-04  1.4273139E-05  6.9328977E-04  6.8971658E-04 -6.7901663E-04  5.0415047E-03  1.5372904E-18  5.0415047E-03  1.0000000E+00  5.0700510E-03  9.9436963E-01
  face   439       H2  1.1688718E+00 -1.1646896E+00 -6.8027681E-01  6.8045709E-01  9.8519705E-10  9.5455038E-10
  chan   439  2.1138416E-18  1.3764433E-05  5.0870593E-07  1.1996970E-23  3.1444887E-04  3.7526770E-04  2.3185229E-16  5.3495796E-42  2.2477290E-43  1.5703667E-06  1.3812743E-06  1.2531975E-07  4.9623421E-07  0.0000000E+00  0.0000000E+00
   440  1.0850052E+01  5.37354E+02       H2  1.9853093E+03  2.0576552E-02  4.6976814E-03 -1.6916810E-04  1.3213010E-05  6.5976507E-04  6.5652951E-04 -6.4655206E-04  5.1750654E-03  1.4349338E-18  5.5134016E-03  9.3863386E-01  5.5398276E-03  9.3415640E-01
  face   440       H2  1.1089319E+00 -1.1042342E+00 -6.4788108E-01  6.4771191E-01  9.5455038E-10  9.2480974E-10
  chan   440  1.8054002E-18  1.2740002E-05  4.7300850E-07  6.3827098E-24  2.9925610E-04  3.5727341E-04  2.0274909E-16  1.2356258E-42  4.8175895E-44  1.4665251E-06  1.2215037E-06  1.1016989E-07  4.3736443E-07  0.0000000E+00  0.0000000E+00
   441  1.1023271E+01  5.29779E+02       H2  1.8887034E+03  2.0565505E-02  5.1523186E-03 -4.8542302E-04  1.2226228E-05  6.2761586E-04  6.2468233E-04 -6.1538963E-04  5.2822853E-03  1.3396626E-18  6.2531313E-03  8.4474242E-01  6.2775838E-03  8.4145198E-01
  face   441       H2  1.0513173E+00 -1.0461650E+00 -6.1667222E-01  6.1618680E-01  9.2480974E-10  8.9595054E-10
  chan   441  1.5420585E-18  1.1786690E-05  4.3953741E-07  3.3732301E-24  2.8467983E-04  3.4000250E-04  1.7728751E-16  2.8091080E-43  1.0150181E-44  1.3684157E-06  1.0834913E-06  9.6709021E-08  3.8491287E-07  0.0000000E+00  0.0000000E+00
   442  1.1199537E+01  5.22333E+02       H2  1.7960609E+03  2.0543425E-02  5.5498450E-03 -7.7034044E-04  1.1308154E-05  5.9679990E-04  5.9413728E-04 -5.8549175E-04  5.3649963E-03  1.2509727E-18  6.9056772E-03  7.7689648E-01  6.9282935E-03  7.7436043E-01
  face   442       H2  9.9598102E-01 -9.9043118E-01 -5.8662848E-01  5.8585814E-01  8.9595054E-10  8.6794877E-10
  chan   442  1.3172133E-18  1.0899978E-05  4.0817547E-07  1.7710071E-24  2.7070252E-04  3.2343476E-04  1.5500330E-16  6.2872485E-44  2.1025702E-45  1.2758145E-06  9.6377322E-07  8.4770459E-08  3.3826460E-07  0.0000000E+00  0.0000000E+00
   443  1.1378902E+01  5.15016E+02       H2  1.7072664E+03  2.0510342E-02  5.8938752E-03 -1.0257342E-03  1.0454412E-05  5.6727568E-04  5.6485663E-04 -5.5682126E-04  5.4249623E-03  1.1683962E-18  7.4764307E-03  7.2560859E-01  7.4973395E-03  7.2358499E-01
  face   443       H2  9.4287420E-01 -9.3698032E-01 -5.5772717E-01  5.5670143E-01  8.6794877E-10  8.4078096E-10
  chan   443  1.1252290E-18  1.0075602E-05  3.7881000E-07  9.2375744E-25  2.5730668E-04  3.0754995E-04  1.3549753E-16  1.3853110E-44  4.2829703E-46  1.1884992E-06  8.5948872E-07  7.4200827E-08  2.9685150E-07  0.0000000E+00  0.0000000E+00
   444  1.1561421E+01  5.07826E+02       H2  1.6222049E+03  2.0466307E-02  6.1879028E-03 -1.2533679E-03  9.6608752E-06  5.3900232E-04  5.3680279E-04 -5.2934144E-04  5.4638764E-03  1.0914993E-18  7.9706121E-03  6.8550273E-01  7.9899339E-03  6.8384501E-01
  face   444       H2  8.9194646E-01 -8.8575856E-01 -5.2994468E-01  5.2869131E-01  8.4078096E-10  8.1442420E-10
  chan   444  9.6129560E-19  9.3095424E-06  3.5133276E-07  4.7873228E-25  2.4447488E-04  2.9232791E-04  1.1842436E-16  3.0061061E-45  8.5813055E-47  1.1062498E-06  7.6827297E-07  6.4859437E-08  2.6015031E-07  0.0000000E+00  0.0000000E+00
   445  1.1747149E+01  5.00763E+02       H2  1.5407619E+03  2.0411385E-02  6.4352967E-03 -1.4549524E-03  8.9236542E-06  5.1193962E-04  5.0993831E-04 -5.0301597E-04  5.4833602E-03  1.0198797E-18  8.3932651E-03  6.5330478E-01  8.4111124E-03  6.5191855E-01
  face   445       H2  8.4314613E-01 -8.3671083E-01 -5.0325668E-01  5.0180173E-01  8.1442420E-10  7.8885611E-10
  chan   445  8.2130793E-19  8.5980143E-06  3.2563996E-07  2.4652580E-25  2.3218976E-04  2.7774855E-04  1.0348230E-16  6.4259256E-46  1.6915409E-47  1.0288489E-06  6.8816866E-07  5.6617634E-08  2.2768064E-07  0.0000000E+00  0.0000000E+00
   446  1.1936143E+01  4.93825E+02       H2  1.4628239E+03  2.0345659E-02  6.6392998E-03 -1.6321443E-03  8.2390845E-06  4.8604802E-04  4.8422602E-04 -4.7780894E-04  5.4849644E-03  9.5316393E-19  8.7492531E-03  6.2690660E-01  8.7657312E-03  6.2572811E-01
  face   446       H2  7.9642037E-01 -7.8978107E-01 -4.7763814E-01  4.7600600E-01  7.8885611E-10  7.6405485E-10
  chan   446  7.0176220E-19  7.9374523E-06  3.0163218E-07  1.2615628E-25  2.2043410E-04  2.6379193E-04  9.0407699E-17  1.3533086E-46  3.2813380E-48  9.5608247E-07  6.1755295E-07  4.9358114E-08  1.9900277E-07  0.0000000E+00  0.0000000E+00
   447  1.2128460E+01  4.87012E+02       H2  1.3882781E+03  2.0269229E-02  6.8030284E-03 -1.7865436E-03  7.6037150E-06  4.6128859E-04  4.5962908E-04 -4.5368487E-04  5.4701697E-03  8.9100570E-19  9.0432569E-03  6.0488934E-01  9.0584643E-03  6.0387385E-01
  face   447       H2  7.5171541E-01 -7.4491238E-01 -4.5306347E-01  4.5127692E-01  7.6405485E-10  7.3999910E-10
  chan   447  5.9966788E-19  7.3245007E-06  2.7921429E-07  6.4162094E-26  2.0919083E-04  2.5043825E-04  7.8969558E-17  2.8088618E-47  6.2659820E-49  8.8774007E-07  5.5507720E-07  4.2974234E-08  1.7371540E-07  0.0000000E+00  0.0000000E+00
   448  1.2324158E+01  4.80322E+02       H2  1.3170131E+03  2.0182213E-02  6.9294714E-03 -1.9196929E-03  7.0142976E-06  4.3762306E-04  4.3611100E-04 -4.3060876E-04  5.4403872E-03  8.3308363E-19  9.2797730E-03  5.8626296E-01  9.2938016E-03  5.8537802E-01
  face   448       H2  7.0897673E-01 -7.0204726E-01 -4.2950656E-01  4.2758687E-01  7.3999910E-10  7.1666807E-10
  chan   448  5.1247251E-19  6.7560022E-06  2.5829541E-07  3.2435604E-26  1.9844309E-04  2.3766792E-04  6.8965300E-17  5.7477683E-48  1.1782556E-49  8.2361539E-07  4.9961756E-07  3.7369314E-08  1.5145336E-07  0.0000000E+00  0.0000000E+00
   449  1.2523298E+01  4.73755E+02       H2  1.2489188E+03  2.0084743E-02  7.0214911E-03 -2.0330765E-03  6.4677766E-06  4.1501383E-04  4.1363575E-04 -4.0854605E-04  5.3969607E-03  7.7909955E-19  9.4631136E-03  5.7031553E-01  9.4760492E-03  5.6953700E-01
  face   449       H2  6.6814925E-01 -6.6112776E-01 -4.0694095E-01  4.0490787E-01  7.1666807E-10  6.9404145E-10
  chan   449  4.3799745E-19  6.2289878E-06  2.3878876E-07  1.6300261E-26  1.8817418E-04  2.2546156E-04  6.0217192E-17  1.1599660E-48  2.1825145E-50  7.6350658E-07  4.5023438E-07  3.2455953E-08  1.3188530E-07  0.0000000E+00  0.0000000E+00
   450  1.2725939E+01  4.67309E+02       H2  1.1838865E+03  1.9976967E-02  7.0818214E-03 -2.1281194E-03  5.9612783E-06  3.9342168E-04  3.9216545E-04 -3.8746040E-04  5.3411624E-03  7.2877675E-19  9.5974012E-03  5.5652174E-01  9.6093238E-03  5.5583125E-01
  face   450       H2  6.2917748E-01 -6.2209566E-01 -3.8533981E-01  3.8321169E-01  6.9404145E-10  6.7209945E-10
  chan   450  3.7438306E-19  5.7406667E-06  2.2061158E-07  8.1443483E-27  1.7836766E-04  2.1379779E-04  5.2569278E-17  2.3095241E-49  3.9839162E-51  7.0721659E-07  4.0613905E-07  2.8155345E-08  1.1471136E-07  0.0000000E+00  0.0000000E+00
   451  1.2932143E+01  4.60983E+02       H2  1.1218093E+03  1.9859048E-02  7.1130711E-03 -2.2061874E-03  5.4921022E-06  3.7278786E-04  3.7164259E-04 -3.6729576E-04  5.2741795E-03  6.8185847E-19  9.6865543E-03  5.4448459E-01  9.6975385E-03  5.4386786E-01
  face   451       H2  5.9200566E-01 -5.8489259E-01 -3.6467613E-01  3.6246994E-01  6.7209945E-10  6.5082275E-10
  chan   451  3.2004200E-19  5.2884171E-06  2.0368503E-07  4.0464309E-27  1.6900734E-04  2.0263525E-04  4.5884728E-17  4.5378335E-50  7.1693465E-52  6.5455349E-07  3.6666688E-07  2.4396624E-08  9.9660933E-08  0.0000000E+00  0.0000000E+00
   452  1.3141973E+01  4.54776E+02       H2  1.0625819E+03  1.9731164E-02  7.1177531E-03 -2.2685867E-03  5.0577113E-06  3.5309660E-04  3.5205241E-04 -3.4803889E-04  5.1972052E-03  6.3810636E-19  9.7343787E-03  5.3390210E-01  9.7444941E-03  5.3334788E-01
  face   452       H2  5.5657795E-01 -5.4946020E-01 -3.4492270E-01  3.4265411E-01  6.5082275E-10  6.3019252E-10
  chan   452  2.7361928E-19  4.8697772E-06  1.8793406E-07  1.9994560E-27  1.6007727E-04  1.9197514E-04  4.0043508E-17  8.8035631E-51  1.2725069E-52  6.0533064E-07  3.3125502E-07  2.1116222E-08  8.6490435E-08  0.0000000E+00  0.0000000E+00
   453  1.3355493E+01  4.48688E+02       H2  1.0061009E+03  1.9593508E-02  7.0982191E-03 -2.3165648E-03  4.6557235E-06  3.3432128E-04  3.3336925E-04 -3.2966555E-04  5.1113198E-03  5.9729922E-19  9.7444495E-03  5.2453654E-01  9.7537609E-03  5.2403579E-01
  face   453       H2  5.2283854E-01 -5.1574032E-01 -3.2605224E-01  3.2373568E-01  6.3019252E-10  6.1019040E-10
  chan   453  2.3395819E-19  4.4824362E-06  1.7328728E-07  9.8276768E-28  1.5156182E-04  1.8180743E-04  3.4940343E-17  1.6871276E-51  2.2287519E-53  5.5936700E-07  2.9942442E-07  1.8257260E-08  7.4981147E-08  0.0000000E+00  0.0000000E+00
   454  1.3572767E+01  4.42717E+02       H2  9.5226486E+02  1.9446285E-02  7.0566994E-03 -2.3513094E-03  4.2839036E-06  3.1642762E-04  3.1555966E-04 -3.1214372E-04  5.0175337E-03  5.5923170E-19  9.7201525E-03  5.1619907E-01  9.7287203E-03  5.1574447E-01
  face   454       H2  4.9073178E-01 -4.8367508E-01 -3.0803747E-01  3.0568617E-01  6.1019040E-10  5.9079849E-10
  chan   454  2.0007127E-19  4.1242268E-06  1.5967685E-07  4.8058487E-28  1.4344563E-04  1.7211404E-04  3.0482933E-17  3.1954052E-52  3.8539762E-54  5.1648722E-07  2.7076522E-07  1.5768964E-08  6.4937169E-08  0.0000000E+00  0.0000000E+00
   455  1.3793861E+01  4.36863E+02       H2  9.0097436E+02  1.9289713E-02  6.9953154E-03 -2.3739496E-03  3.9401552E-06  2.9938211E-04  2.9859088E-04 -2.9544196E-04  4.9168078E-03  5.2371313E-19  9.6647069E-03  5.0873842E-01  9.6725872E-03  5.0832395E-01
  face   455       H2  4.6020233E-01 -4.5320702E-01 -2.9085115E-01  2.8847720E-01  5.9079849E-10  5.7199934E-10
  chan   455  1.7111554E-19  3.7931168E-06  1.4703839E-07  2.3386010E-28  1.3571365E-04  1.6287722E-04  2.6590371E-17  5.9843474E-53  6.5832812E-55  4.7652186E-07  2.4492482E-07  1.3606118E-08  5.6183455E-08  0.0000000E+00  0.0000000E+00
   456  1.4018843E+01  4.31123E+02       H2  8.5213211E+02  1.9124025E-02  6.9160737E-03 -2.3855568E-03  3.6225133E-06  2.8315201E-04  2.8243081E-04 -2.7952950E-04  4.8100464E-03  4.9056651E-19  9.5811600E-03  5.0203174E-01  9.5884050E-03  5.0165240E-01
  face   456       H2  4.3119529E-01 -4.2427922E-01 -2.7446614E-01  2.7208059E-01  5.7199934E-10  5.5377594E-10
  chan   456  1.4637128E-19  3.4872025E-06  1.3531080E-07  1.1326652E-28  1.2835119E-04  1.5407963E-04  2.3191763E-17  1.1088195E-53  1.1115228E-55  4.3930745E-07  2.2159826E-07  1.1728546E-08  4.8563952E-08  0.0000000E+00  0.0000000E+00
   457  1.4247780E+01  4.25498E+02       H2  8.0564301E+02  1.8949462E-02  6.8208677E-03 -2.3871457E-03  3.3291371E-06  2.6770536E-04  2.6704811E-04 -2.6437622E-04  4.6980981E-03  4.5962746E-19  9.4723896E-03  4.9597813E-01  9.4790479E-03  4.9562975E-01
  face   457       H2  4.0365625E-01 -3.9683538E-01 -2.5885549E-01  2.5646834E-01  5.5377594E-10  5.3611173E-10
  chan   457  1.2522405E-19  3.2047009E-06  1.2443617E-07  5.4614131E-29  1.2134384E-04  1.4570427E-04  2.0225005E-17  2.0338331E-54  1.8561377E-56  4.0468661E-07  2.0052028E-07  1.0100626E-08  4.1939851E-08  0.0000000E+00  0.0000000E+00
   458  1.4480743E+01  4.19987E+02       H2  7.6141418E+02  1.8766279E-02  6.7114800E-03 -2.3796754E-03  3.0583032E-06  2.5301099E-04  2.5241214E-04 -2.4995269E-04  4.5817573E-03  4.3074332E-19  9.3411080E-03  4.9049399E-01  9.3472246E-03  4.9017302E-01
  face   458       H2  3.7753142E-01 -3.7081994E-01 -2.4399245E-01  2.4161278E-01  5.3611173E-10  5.1899057E-10
  chan   458  1.0714923E-19  2.9439435E-06  1.1435968E-07  2.6222359E-29  1.1467756E-04  1.3773458E-04  1.7635707E-17  3.6953466E-55  3.0676709E-57  3.7250808E-07  1.8145898E-07  8.6908418E-09  3.6187945E-08  0.0000000E+00  0.0000000E+00
   459  1.4717803E+01  4.14587E+02       H2  7.1935504E+02  1.8574740E-02  6.5895855E-03 -2.3640501E-03  2.8083989E-06  2.3903855E-04  2.3849304E-04 -2.3623015E-04  4.4617655E-03  4.0377230E-19  9.1898658E-03  4.8550932E-01  9.1954826E-03  4.8521276E-01
  face   459       H2  3.5276774E-01 -3.4617815E-01 -2.2985056E-01  2.2748651E-01  5.1899057E-10  5.0239673E-10
  chan   459  9.1698855E-20  2.7033695E-06  1.0502942E-07  1.2540462E-29  1.0833866E-04  1.3015438E-04  1.5376254E-17  6.6554001E-56  5.0213806E-58  3.4262671E-07  1.6421055E-07  7.4713677E-09  3.1199108E-08  0.0000000E+00  0.0000000E+00
   460  1.4959031E+01  4.09300E+02       H2  6.7937733E+02  1.8375118E-02  6.4567543E-03 -2.3411214E-03  2.5779164E-06  2.2575849E-04  2.2526169E-04 -2.2318057E-04  4.3388135E-03  3.7858271E-19  9.0210563E-03  4.8096513E-01  9.0262121E-03  4.8069040E-01
  face   460       H2  3.2931290E-01 -3.2285614E-01 -2.1640368E-01  2.1406256E-01  5.0239673E-10  4.8631490E-10
  chan   460  7.8490445E-20  2.4815200E-06  9.6396354E-08  5.9751551E-30  1.0231380E-04  1.2294789E-04  1.3404968E-17  1.1890109E-56  8.1466953E-59  3.1490350E-07  1.4859502E-07  6.4176833E-09  2.6876876E-08  0.0000000E+00  0.0000000E+00
   461  1.5204500E+01  4.04123E+02       H2  6.4139516E+02  1.8167697E-02  6.3144552E-03 -2.3116887E-03  2.3654462E-06  2.1314207E-04  2.1268977E-04 -2.1077662E-04  4.2135431E-03  3.5505218E-19  8.8369206E-03  4.7681125E-01  8.8416515E-03  4.7655612E-01
  face   461       H2  3.0711547E-01 -3.0080102E-01 -2.0362602E-01  2.0131433E-01  4.8631490E-10  4.7073017E-10
  chan   461  6.7197385E-20  2.2770321E-06  8.8414130E-08  2.8372965E-30  9.6589995E-05  1.1609977E-04  1.1685382E-17  2.1084300E-57  1.3110876E-59  2.8920554E-07  1.3445281E-07  5.5082232E-09  2.3136145E-08  0.0000000E+00  0.0000000E+00
   462  1.5454286E+01  3.99055E+02       H2  6.0532499E+02  1.7952768E-02  6.1640584E-03 -2.2765014E-03  2.1696724E-06  2.0116032E-04  2.0074865E-04 -1.9899065E-04  4.0865476E-03  3.3306701E-19  8.6395504E-03  4.7300465E-01  8.6438898E-03  4.7276720E-01
  face   462       H2  2.8612496E-01 -2.7996090E-01 -1.9149218E-01  1.8921568E-01  4.7073017E-10  4.5562801E-10
  chan   462  5.7540761E-20  2.0886333E-06  8.1039008E-08  1.3431168E-30  9.1154613E-05  1.0959403E-04  1.0185594E-17  3.7143824E-58  2.0948002E-60  2.6540597E-07  1.2164176E-07  4.7240549E-09  1.9901978E-08  0.0000000E+00  0.0000000E+00
   463  1.5708463E+01  3.94097E+02       H2  5.7108570E+02  1.7730630E-02  6.0068411E-03 -2.2362602E-03  1.9893661E-06  1.8977981E-04  1.8940523E-04 -1.8779044E-04  3.9583713E-03  3.1252157E-19  8.4308917E-03  4.6950802E-01  8.4348705E-03  4.6928656E-01
  face   463       H2  2.6629185E-01 -2.6028501E-01 -1.7997721E-01  1.7774095E-01  4.5562801E-10  4.4099429E-10
  chan   463  4.9282383E-20  1.9151364E-06  7.4229741E-08  6.3404159E-31  8.5995397E-05  1.0340983E-04  8.8777062E-18  6.5066481E-59  3.3258612E-61  2.4338388E-07  1.1003488E-07  4.0485880E-09  1.7108504E-08  0.0000000E+00  0.0000000E+00
   464  1.5967110E+01  3.89247E+02       H2  5.3859853E+02  1.7501588E-02  5.8439952E-03 -2.1916188E-03  1.8233816E-06  1.7898143E-04  1.7864072E-04 -1.7715805E-04  3.8295344E-03  2.9331766E-19  8.2127721E-03  4.6629011E-01  8.2164188E-03  4.6608315E-01
  face   464       H2  2.4756768E-01 -2.4172369E-01 -1.6905663E-01  1.6686501E-01  4.4099429E-10  4.2681525E-10
  chan   464  4.2218829E-20  1.7554341E-06  6.7947462E-08  2.9858378E-31  8.1100450E-05  9.7540272E-05  7.7373257E-18  1.1344114E-59  5.2520506E-62  2.2302423E-07  9.9518263E-08  3.4673084E-09  1.4697926E-08  0.0000000E+00  0.0000000E+00
   465  1.6230305E+01  3.84504E+02       H2  5.0778715E+02  1.7265953E-02  5.6766115E-03 -2.1431858E-03  1.6706504E-06  1.6874086E-04  1.6843106E-04 -1.6707021E-04  3.7004958E-03  2.7536401E-19  7.9868675E-03  4.6332255E-01  7.9902088E-03  4.6312880E-01
  face   465       H2  2.2990505E-01 -2.2422844E-01 -1.5870642E-01  1.5656323E-01  4.2681525E-10  4.1307749E-10
  chan   465  3.6176358E-20  1.6084948E-06  6.2155580E-08  1.4031928E-31  7.6458238E-05  9.1972825E-05  6.7431316E-18  1.9697422E-60  8.2575845E-63  2.0421773E-07  8.9989537E-08  2.9675399E-09  1.2619618E-08  0.0000000E+00  0.0000000E+00
   466  1.6498127E+01  3.79867E+02       H2  4.7857761E+02  1.7024044E-02  5.5057021E-03 -2.0915260E-03  1.5301772E-06  1.5903337E-04  1.5875178E-04 -1.5750319E-04  3.5716793E-03  2.5857578E-19  7.7547313E-03  4.6058067E-01  7.7577917E-03  4.6039897E-01
  face   466       H2  2.1325772E-01 -2.0775202E-01 -1.4890311E-01  1.4681158E-01  4.1307749E-10  3.9976799E-10
  chan   466  3.1006572E-20  1.4733575E-06  5.6819682E-08  6.5832155E-32  7.2057589E-05  8.6694194E-05  5.8764920E-18  3.4107959E-61  1.2940078E-63  1.8686071E-07  8.1356430E-08  2.5382288E-09  1.0829304E-08  0.0000000E+00  0.0000000E+00
   467  1.6770659E+01  3.75336E+02       H2  4.5089834E+02  1.6776182E-02  5.3322002E-03 -2.0371623E-03  1.4010354E-06  1.4983506E-04  1.4957921E-04 -1.4843402E-04  3.4434720E-03  2.4287406E-19  7.5177965E-03  4.5804272E-01  7.5205986E-03  4.5787206E-01
  face   467       H2  1.9758061E-01 -1.9224841E-01 -1.3962375E-01  1.3758659E-01  3.9976799E-10  3.8687406E-10
  chan   467  2.6582714E-20  1.3491279E-06  5.1907426E-08  3.0846405E-32  6.7887695E-05  8.1691512E-05  5.1211288E-18  5.8949236E-62  2.0233273E-64  1.7085500E-07  7.3535619E-08  2.1697515E-09  9.2883227E-09  0.0000000E+00  0.0000000E+00
   468  1.7047983E+01  3.70911E+02       H2  4.2468014E+02  1.6522691E-02  5.1569623E-03 -1.9805777E-03  1.2823626E-06  1.4112281E-04  1.4089044E-04 -1.3984045E-04  3.3162251E-03  2.2818552E-19  7.2773805E-03  4.5568939E-01  7.2799452E-03  4.5552885E-01
  face   468       H2  1.8282983E-01 -1.7767286E-01 -1.3084596E-01  1.2886538E-01  3.8687406E-10  3.7438336E-10
  chan   468  2.2796505E-20  1.2349742E-06  4.7388445E-08  1.4441170E-32  6.3938104E-05  7.6952333E-05  4.4628239E-18  1.0181130E-62  3.1604764E-65  1.5610774E-07  6.6451738E-08  1.8537411E-09  7.9629674E-09  0.0000000E+00  0.0000000E+00
   469  1.7330183E+01  3.66590E+02       H2  3.9985615E+02  1.6263901E-02  4.9807719E-03 -1.9222170E-03  1.1733572E-06  1.3287433E-04  1.3266335E-04 -1.3170097E-04  3.1902559E-03  2.1444189E-19  7.0346899E-03  4.5350342E-01  7.0370366E-03  4.5335218E-01
  face   469       H2  1.6896270E-01 -1.6398192E-01 -1.2254791E-01  1.2062569E-01  3.7438336E-10  3.6228388E-10
  chan   469  1.9555441E-20  1.1301230E-06  4.3234256E-08  6.7581358E-33  6.0198721E-05  7.2464631E-05  3.8891613E-18  1.7590377E-63  4.9378166E-66  1.4253125E-07  6.0036521E-08  1.5829343E-09  6.8238927E-09  0.0000000E+00  0.0000000E+00
   470  1.7617345E+01  3.62373E+02       H2  3.7636184E+02  1.6000143E-02  4.8043431E-03 -1.8624885E-03  1.0732741E-06  1.2506807E-04  1.2487660E-04 -1.2399479E-04  3.0658494E-03  2.0157973E-19  6.7908264E-03  4.5146927E-01  6.7929729E-03  4.5132661E-01
  face   470       H2  1.5593779E-01 -1.5113345E-01 -1.1470838E-01  1.1284589E-01  3.6228388E-10  3.5056397E-10
  chan   470  1.6780495E-20  1.0338559E-06  3.9418162E-08  3.1628867E-33  5.6659800E-05  6.8216798E-05  3.3893009E-18  3.0446277E-64  7.7264508E-67  1.3004284E-07  5.4228066E-08  1.3510339E-09  5.8455854E-09  0.0000000E+00  0.0000000E+00
   471  1.7909556E+01  3.58259E+02       H2  3.5413496E+02  1.5731749E-02  4.6283241E-03 -1.8017658E-03  9.8142121E-07  1.1768327E-04  1.1750958E-04 -1.1670185E-04  2.9432601E-03  1.8953998E-19  6.5467918E-03  4.4957289E-01  6.5487546E-03  4.4943814E-01
  face   471       H2  1.4371493E-01 -1.3908660E-01 -1.0730673E-01  1.0550496E-01  3.5056397E-10  3.3921226E-10
  chan   471  1.4404143E-20  9.4550604E-07  3.5915168E-08  1.4811136E-33  5.3311946E-05  6.4197633E-05  2.9537811E-18  5.2840860E-65  1.2125041E-67  1.1856464E-07  4.8970197E-08  1.1525877E-09  5.0058939E-09  0.0000000E+00  0.0000000E+00
   472  1.8206906E+01  3.54248E+02       H2  3.3311552E+02  1.5459054E-02  4.4533006E-03 -1.7403899E-03  8.9715641E-07  1.1069988E-04  1.1054237E-04 -1.0980272E-04  2.8227135E-03  1.7826769E-19  6.3034932E-03  4.4780146E-01  6.3052875E-03  4.4767403E-01
  face   472       H2  1.3225518E-01 -1.2780188E-01 -1.0032293E-01  9.8582538E-02  3.3921226E-10  3.2821771E-10
  chan   472  1.2368689E-20  8.6445452E-07  3.2701890E-08  6.9433255E-34  5.0146102E-05  6.0396270E-05  2.5743447E-18  9.2108553E-66  1.9110381E-68  1.0802342E-07  4.4211895E-08  9.8288094E-10  4.2856095E-09  0.0000000E+00  0.0000000E+00
   473  1.8509483E+01  3.50340E+02       H2  3.1324575E+02  1.5182391E-02  4.2797996E-03 -1.6786702E-03  8.1988393E-07  1.0409641E-04  1.0395364E-04 -1.0327652E-04  2.7044059E-03  1.6771172E-19  6.0617464E-03  4.4614304E-01  6.0633861E-03  4.4602239E-01
  face   473       H2  1.2152089E-01 -1.1724109E-01 -9.3737557E-02  9.2058886E-02  3.2821771E-10  3.1756959E-10
  chan   473  1.0624827E-20  7.9012746E-07  2.9756473E-08  3.2603058E-34  4.7153547E-05  5.6800096E-05  2.2437872E-18  1.6148046E-66  3.0296550E-69  9.8350403E-08  3.9906807E-08  8.3784161E-10  3.6680960E-09  0.0000000E+00  0.0000000E+00
   474  1.8817381E+01  3.46533E+02       H2  2.9447006E+02  1.4902095E-02  4.1082950E-03 -1.6168871E-03  7.4905158E-07  9.7855725E-05  9.7726379E-05 -9.7106674E-05  2.5885145E-03  1.5782447E-19  5.8222888E-03  4.4458711E-01  5.8237869E-03  4.4447274E-01
  face   474       H2  1.1147567E-01 -1.0736738E-01 -8.7531805E-02  8.5914917E-02  3.1756959E-10  3.0725746E-10
  chan   474  9.1304215E-21  7.2199307E-07  2.7058512E-08  1.5342955E-34  4.4325893E-05  5.3400486E-05  1.9558241E-18  2.8513828E-67  4.8388270E-70  8.9481085E-08  3.6012805E-08  7.1395669E-10  3.1389621E-09  0.0000000E+00  0.0000000E+00
   475  1.9130693E+01  3.42828E+02       H2  2.7673500E+02  1.4618498E-02  3.9392034E-03 -1.5552932E-03  6.8414773E-07  9.1961278E-05  9.1844137E-05 -9.1277130E-05  2.4751874E-03  1.4856163E-19  5.5857737E-03  4.4312347E-01  5.5871420E-03  4.4301494E-01
  face   475       H2  1.0208439E-01 -9.8145185E-02 -8.1687477E-02  8.0132183E-02  3.0725746E-10  2.9727118E-10
  chan   475  7.8494577E-21  6.5955876E-07  2.4588970E-08  7.2406724E-35  4.1655072E-05  5.0189065E-05  1.7049741E-18  5.0788508E-68  7.7987763E-71  8.1355034E-08  3.2491596E-08  6.0819888E-10  2.6857721E-09  0.0000000E+00  0.0000000E+00
   476  1.9449514E+01  3.39225E+02       H2  2.5998919E+02  1.4331931E-02  3.7728940E-03 -1.4941147E-03  6.2469873E-07  8.6395935E-05  8.6289895E-05 -8.5771236E-05  2.3645506E-03  1.3988193E-19  5.3527800E-03  4.4174254E-01  5.3540294E-03  4.4163945E-01
  face   476       H2  9.3313165E-02 -8.9540271E-02 -7.6186992E-02  7.4692877E-02  2.9727118E-10  2.8760089E-10
  chan   476  6.7511508E-21  6.0236862E-07  2.2330103E-08  3.4287709E-35  3.9133335E-05  4.7156560E-05  1.4864576E-18  9.1399312E-69  1.2705734E-71  7.3915715E-08  2.9308365E-08  5.1796218E-10  2.2977919E-09  0.0000000E+00  0.0000000E+00
   477  1.9773941E+01  3.35722E+02       H2  2.4418334E+02  1.4042725E-02  3.6096906E-03 -1.4335536E-03  5.7026625E-07  8.1143255E-05  8.1047306E-05 -8.0572988E-05  2.2567100E-03  1.3174693E-19  5.1238172E-03  4.4043531E-01  5.1249578E-03  4.4033729E-01
  face   477       H2  8.5129380E-02 -8.1519689E-02 -7.1013379E-02  6.9579826E-02  2.8760089E-10  2.7823701E-10
  chan   477  5.8091835E-21  5.5000086E-07  2.0265391E-08  1.6303068E-35  3.6753242E-05  4.4294065E-05  1.2961076E-18  1.6646252E-69  2.0962281E-72  6.7110299E-08  2.6431465E-08  4.4100555E-10  1.9657656E-09  0.0000000E+00  0.0000000E+00
   478  2.0104073E+01  3.32321E+02       H2  2.2927012E+02  1.3751204E-02  3.4498741E-03 -1.3737889E-03  5.2044497E-07  7.6187466E-05  7.6100688E-05 -7.5667021E-05  2.1517523E-03  1.2412084E-19  4.8993301E-03  4.3919316E-01  4.9003710E-03  4.3909987E-01
  face   478       H2  7.7501646E-02 -7.4051772E-02 -6.6150279E-02  6.4776490E-02  2.7823701E-10  2.6917021E-10
  chan   478  5.0010553E-21  5.0206551E-07  1.8379465E-08  7.7886845E-36  3.4507653E-05  4.1593035E-05  1.1302915E-18  3.0736239E-70  3.5087486E-73  6.0889481E-08  2.3832131E-08  3.7540367E-10  1.6817196E-09  0.0000000E+00  0.0000000E+00
   479  2.0440009E+01  3.29019E+02       H2  2.1520417E+02  1.3457692E-02  3.2936855E-03 -1.3149781E-03  4.7486028E-07  7.1513451E-05  7.1435002E-05 -7.1038591E-05  2.0497460E-03  1.1697030E-19  4.6797022E-03  4.3800779E-01  4.6806519E-03  4.3791892E-01
  face   479       H2  7.0399797E-02 -6.7106112E-02 -6.1581929E-02  6.0266951E-02  2.6917021E-10  2.6039147E-10
  chan   479  4.3075263E-21  4.5820223E-07  1.6658042E-08  3.7413317E-36  3.2389724E-05  3.9045277E-05  9.8584362E-19  5.7643105E-71  5.9700865E-74  5.5207302E-08  2.1484218E-08  3.1950399E-10  1.4387917E-09  0.0000000E+00  0.0000000E+00
   480  2.0781852E+01  3.25819E+02       H2  2.0194200E+02  1.3162508E-02  3.1413287E-03 -1.2572588E-03  4.3316613E-07  6.7106728E-05  6.7035840E-05 -6.6673562E-05  1.9507435E-03  1.1026422E-19  4.4652610E-03  4.3687110E-01  4.4661273E-03  4.3678635E-01
  face   480       H2  6.3794871E-02 -6.0653543E-02 -5.7293169E-02  5.6035910E-02  2.6039147E-10  2.5189197E-10
  chan   480  3.7121430E-21  4.1807827E-07  1.5087857E-08  1.8082958E-36  3.0392900E-05  3.6642940E-05  8.6000512E-19  1.1001338E-71  1.0346485E-74  5.0020967E-08  1.9363973E-08  2.7188934E-10  1.2310807E-09  0.0000000E+00  0.0000000E+00
   481  2.1129706E+01  3.22719E+02       H2  1.8944200E+02  1.2865966E-02  2.9929731E-03 -1.2007499E-03  3.9504308E-07  6.2953037E-05  6.2889012E-05 -6.2557994E-05  1.8547811E-03  1.0397364E-19  4.2562810E-03  4.3577506E-01  4.2570711E-03  4.3569419E-01
  face   481       H2  5.7659091E-02 -5.4666118E-02 -5.3269421E-02  5.2068671E-02  2.5189197E-10  2.4366319E-10
  chan   481  3.2008326E-21  3.8138648E-07  1.3656607E-08  8.8007111E-37  2.8510901E-05  3.4378111E-05  7.5037234E-19  2.1404033E-72  1.8301486E-75  4.5290678E-08  1.7449818E-08  2.3134543E-10  1.0535169E-09  0.0000000E+00  0.0000000E+00
   482  2.1483676E+01  3.19719E+02       H2  1.7766433E+02  1.2568376E-02  2.8487579E-03 -1.1455534E-03  3.6019641E-07  5.9036756E-05  5.8978956E-05 -5.8676559E-05  1.7618811E-03  9.8071527E-20  4.0529879E-03  4.3471165E-01  4.0537083E-03  4.3463440E-01
  face   482       H2  5.1965842E-02 -4.9117084E-02 -4.9496690E-02  4.8351137E-02  2.4366319E-10  2.3569683E-10
  chan   482  2.7615570E-21  3.4784352E-07  1.2352888E-08  4.3162263E-37  2.6737720E-05  3.2241236E-05  6.5485130E-19  4.2543043E-73  3.3111978E-76  4.0979462E-08  1.5722156E-08  1.9683266E-10  9.0174772E-10  0.0000000E+00  0.0000000E+00
   483  2.1843870E+01  3.16819E+02       H2  1.6657089E+02  1.2270042E-02  2.7087931E-03 -1.0917551E-03  3.2835433E-07  5.5347848E-05  5.5295692E-05 -5.5019493E-05  1.6720575E-03  9.2532707E-20  3.8555677E-03  4.3367347E-01  3.8562244E-03  4.3359962E-01
  face   483       H2  4.6689649E-02 -4.3980856E-02 -4.5961550E-02  4.4869794E-02  2.3569683E-10  2.2798483E-10
  chan   483  2.3840169E-21  3.1718819E-07  1.1166142E-08  2.1348659E-37  2.5067613E-05  3.0228079E-05  5.7161807E-19  8.6559027E-74  6.1409837E-77  3.7053011E-08  1.4163199E-08  1.6746163E-10  7.7203940E-10  0.0000000E+00  0.0000000E+00
   484  2.2210398E+01  3.14020E+02       H2  1.5612528E+02  1.1971263E-02  2.5731582E-03 -1.0394263E-03  2.9926638E-07  5.1874616E-05  5.1827576E-05 -5.1575350E-05  1.5853072E-03  8.7333686E-20  3.6641599E-03  4.3265230E-01  3.6647584E-03  4.3258164E-01
  face   484       H2  4.1806153E-02 -3.9232994E-02 -4.2651130E-02  4.1611703E-02  2.2798483E-10  2.2051937E-10
  chan   484  2.0593993E-21  2.8917978E-07  1.0086599E-08  1.0657773E-37  2.3495091E-05  2.8332485E-05  4.9908409E-19  1.8067485E-74  1.1700806E-77  3.3479524E-08  1.2756802E-08  1.4247206E-10  6.6119120E-10  0.0000000E+00  0.0000000E+00
   485  2.2583370E+01  3.11321E+02       H2  1.4629273E+02  1.1672330E-02  2.4419109E-03 -9.8862470E-04  2.7270184E-07  4.8605461E-05  4.8563055E-05 -4.8332759E-05  1.5016189E-03  8.2452547E-20  3.4788683E-03  4.3164006E-01  3.4794137E-03  4.3157240E-01
  face   485       H2  3.7292083E-02 -3.4850173E-02 -3.9553108E-02  3.8564484E-02  2.2051937E-10  2.1329284E-10
  chan   485  1.7801619E-21  2.6359661E-07  9.1052307E-09  5.3746210E-38  2.2014910E-05  2.6548145E-05  4.3586603E-19  3.8760424E-75  2.2956676E-78  3.0229555E-08  1.1488320E-08  1.2121441E-10  5.6646111E-10  0.0000000E+00  0.0000000E+00
   486  2.2962901E+01  3.08723E+02       H2  1.3704004E+02  1.1373528E-02  2.3150869E-03 -9.3939557E-04  2.4844834E-07  4.5529312E-05  4.5491103E-05 -4.5280863E-05  1.4209722E-03  7.7868840E-20  3.2997633E-03  4.3062851E-01  3.3002602E-03  4.3056368E-01
  face   486       H2  3.3125235E-02 -3.0810148E-02 -3.6655698E-02  3.5716302E-02  2.1329284E-10  2.0629788E-10
  chan   486  1.5398484E-21  2.4023464E-07  8.2137006E-09  2.7401610E-38  2.0622068E-05  2.4869035E-05  3.8075936E-19  8.5671634E-76  4.6486167E-79  2.7275868E-08  1.0344471E-08  1.0313418E-10  4.8550156E-10  0.0000000E+00  0.0000000E+00
   487  2.3349105E+01  3.06225E+02       H2  1.2833556E+02  1.1075135E-02  2.1927021E-03 -8.9177300E-04  2.2631047E-07  4.2635610E-05  4.2601200E-05 -4.2409300E-05  1.3433384E-03  7.3563480E-20  3.1268844E-03  4.2960923E-01  3.1273370E-03  4.2954705E-01
  face   487       H2  2.9284435E-02 -2.7091733E-02 -3.3947632E-02  3.3055859E-02  2.0629788E-10  1.9952731E-10
  chan   487  1.3329314E-21  2.1890615E-07  7.4043170E-09  1.4135669E-38  1.9311791E-05  2.3289409E-05  3.3271537E-19  1.9551101E-76  9.7381885E-80  2.4593298E-08  9.3132154E-09  8.7758266E-11  4.1630389E-10  0.0000000E+00  0.0000000E+00
   488  2.3742099E+01  3.03828E+02       H2  1.2014911E+02  1.0777423E-02  2.0747547E-03 -8.4578071E-04  2.0610854E-07  3.9914295E-05  3.9883320E-05 -3.9708186E-05  1.2686822E-03  6.9518649E-20  2.9602436E-03  4.2857358E-01  2.9606559E-03  4.2851391E-01
  face   488       H2  2.5749514E-02 -2.3674759E-02 -3.1418152E-02  3.0572372E-02  1.9952731E-10  1.9297418E-10
  chan   488  1.1546777E-21  1.9943855E-07  6.6699905E-09  7.3847526E-39  1.8079531E-05  2.1803790E-05  2.9082106E-19  4.6167802E-77  2.1154265E-80  2.2158619E-08  8.3836450E-09  7.4683240E-11  3.5715026E-10  0.0000000E+00  0.0000000E+00
   489  2.4142004E+01  3.01532E+02       H2  1.1245192E+02  1.0480653E-02  1.9612275E-03 -8.0143313E-04  1.8767740E-07  3.7355779E-05  3.7327912E-05 -3.7168101E-05  1.1969625E-03  6.5717711E-20  2.7998287E-03  4.2751274E-01  2.8002041E-03  4.2745544E-01
  face   489       H2  2.2501278E-02 -2.0540051E-02 -2.9056994E-02  2.8255561E-02  1.9297418E-10  1.8663175E-10
  chan   489  1.0010334E-21  1.8167320E-07  6.0041928E-09  3.9102316E-39  1.6920952E-05  2.0406960E-05  2.5428172E-19  1.1305946E-77  4.7765174E-81  1.9950411E-08  7.5458779E-09  6.3565292E-11  3.0657232E-10  0.0000000E+00  0.0000000E+00
   490  2.4548940E+01  2.99336E+02       H2  1.0521662E+02  1.0185081E-02  1.8520896E-03 -7.5873625E-04  1.7086534E-07  3.4950938E-05  3.4925881E-05 -3.4780073E-05  1.1281334E-03  6.2145131E-20  2.6456059E-03  4.2641779E-01  2.6459477E-03  4.2636272E-01
  face   490       H2  1.9521477E-02 -1.7669387E-02 -2.6854374E-02  2.6095638E-02  1.8663175E-10  1.8049346E-10
  chan   490  8.6852543E-22  1.6546443E-07  5.4009171E-09  2.1003017E-39  1.5831930E-05  1.9093951E-05  2.2240557E-19  2.8777598E-78  1.1236825E-81  1.7948946E-08  6.7909677E-09  5.4111562E-11  2.6331553E-10  0.0000000E+00  0.0000000E+00
   491  2.4963032E+01  2.97241E+02       H2  9.8417167E+01  9.8909536E-03  1.7472993E-03 -7.1768853E-04  1.5553310E-07  3.2691092E-05  3.2668573E-05 -3.2535559E-05  1.0621463E-03  5.8786393E-20  2.4975234E-03  4.2527983E-01  2.4978344E-03  4.2522687E-01
  face   491       H2  1.6792770E-02 -1.5045471E-02 -2.4800972E-02  2.4083284E-02  1.8049346E-10  1.7455295E-10
  chan   491  7.5417793E-22  1.5067846E-07  4.8546421E-09  1.1453437E-39  1.4808538E-05  1.7860035E-05  1.9459051E-19  7.6288644E-79  2.7606571E-82  1.6136068E-08  6.1108175E-09  4.6072702E-11  2.2630846E-10  0.0000000E+00  0.0000000E+00
   492  2.5384405E+01  2.95248E+02       H2  9.2028786E+01  9.5985073E-03  1.6468069E-03 -6.7828166E-04  1.4155288E-07  3.0567989E-05  3.0547762E-05 -3.0426436E-05  9.9895163E-04  5.5627939E-20  2.3555150E-03  4.2409055E-01  2.3557981E-03  4.2403958E-01
  face   492       H2  1.4298698E-02 -1.2651891E-02 -2.2887922E-02  2.2209641E-02  1.7455295E-10  1.6880405E-10
  chan   492  6.5544043E-22  1.3719259E-07  4.3602971E-09  6.3462848E-40  1.3847044E-05  1.6700718E-05  1.7031255E-19  2.1110634E-79  7.0993232E-83  1.4495087E-08  5.4981030E-09  3.9236518E-11  1.9463637E-10  0.0000000E+00  0.0000000E+00
   493  2.5813187E+01  2.93355E+02       H2  8.6027925E+01  9.3079711E-03  1.5505563E-03 -6.4050144E-04  1.2880745E-07  2.8573783E-05  2.8555625E-05 -2.8444975E-05  9.3849988E-04  5.2657091E-20  2.2195027E-03  4.2284240E-01  2.2197604E-03  4.2279333E-01
  face   493       H2  1.2023647E-02 -1.0473090E-02 -2.1106791E-02  2.0466290E-02  1.6880405E-10  1.6324077E-10
  chan   493  5.7012579E-22  1.2489422E-07  3.9132283E-09  3.5758822E-40  1.2943900E-05  1.5611725E-05  1.4911557E-19  6.1111820E-80  1.9153460E-83  1.3010672E-08  4.9461985E-09  3.3422471E-11  1.6751856E-10  0.0000000E+00  0.0000000E+00
   494  2.6249508E+01  2.91563E+02       H2  8.0392270E+01  9.0195645E-03  1.4584969E-03 -6.0432844E-04  1.1718947E-07  2.6701040E-05  2.6684749E-05 -2.6583850E-05  8.8075234E-04  4.9862022E-20  2.0894092E-03  4.2153175E-01  2.0896436E-03  4.2148447E-01
  face   494       H2  9.9528115E-03 -8.4943145E-03 -1.9449570E-02  1.8845241E-02  1.6324077E-10  1.5785730E-10
  chan   494  4.9636017E-22  1.1368030E-07  3.5091716E-09  2.0504617E-40  1.2095742E-05  1.4589007E-05  1.3060286E-19  1.8543607E-80  5.4328186E-84  1.1668761E-08  4.4491220E-09  2.8477106E-11  1.4428897E-10  0.0000000E+00  0.0000000E+00
   495  2.6693502E+01  2.89872E+02       H2  7.5100485E+01  8.7334972E-03  1.3705701E-03 -5.6973894E-04  1.0660022E-07  2.4942655E-05  2.4928049E-05 -2.4836055E-05  8.2566723E-04  4.7231603E-20  1.9651451E-03  4.2015586E-01  1.9653583E-03  4.2011028E-01
  face   495       H2  8.0721572E-03 -6.7015871E-03 -1.7908653E-02  1.7338914E-02  1.5785730E-10  1.5264800E-10
  chan   495  4.3253138E-22  1.0345601E-07  3.1442141E-09  1.1975173E-40  1.1299357E-05  1.3628692E-05  1.1442852E-19  5.9096635E-81  1.6239312E-84  1.0456444E-08  4.0014485E-09  2.4269769E-11  1.2437919E-10  0.0000000E+00  0.0000000E+00
   496  2.7145302E+01  2.88281E+02       H2  7.0132787E+01  8.4499686E-03  1.2867817E-03 -5.3670559E-04  9.6950457E-08  2.3292042E-05  2.3278954E-05 -2.3195092E-05  7.7327116E-04  4.4755645E-20  1.8466823E-03  4.1873534E-01  1.8468762E-03  4.1869138E-01
  face   496       H2  6.3683868E-03 -5.0816052E-03 -1.6476828E-02  1.5940122E-02  1.5264800E-10  1.4760741E-10
  chan   496  3.7726942E-22  9.4135663E-08  2.8147936E-09  7.1263368E-41  1.0551764E-05  1.2727190E-05  1.0029335E-19  1.9808289E-81  5.1219024E-85  9.3619553E-09  3.5983344E-09  2.0689959E-11  1.0730508E-10  0.0000000E+00  0.0000000E+00
   497  2.7605046E+01  2.86794E+02       H2  6.5469089E+01  8.1691685E-03  1.2070314E-03 -5.0519863E-04  8.8155135E-08  2.1742513E-05  2.1730793E-05 -2.1654358E-05  7.2348714E-04  4.2423979E-20  1.7338844E-03  4.1726377E-01  1.7340607E-03  4.1722134E-01
  face   497       H2  4.8288458E-03 -3.6218144E-03 -1.5147258E-02  1.4642059E-02  1.4760741E-10  1.4273021E-10
  chan   497  3.2936151E-22  8.5637536E-08  2.5175990E-09  4.3276572E-41  9.8499369E-06  1.1880856E-05  8.7931958E-20  7.0106433E-82  1.7118497E-85  8.3743544E-09  3.2352463E-09  1.7642339E-11  9.2652040E-11  0.0000000E+00  0.0000000E+00
   498  2.8072874E+01  2.85398E+02       H2  6.1094243E+01  7.8912716E-03  1.1318501E-03 -4.7535533E-04  8.0146082E-08  2.0289023E-05  2.0278535E-05 -2.0208877E-05  6.7670368E-04  4.0228972E-20  1.6274143E-03  4.1581524E-01  1.6275746E-03  4.1577429E-01
  face   498       H2  3.4415922E-03 -2.3097420E-03 -1.3913466E-02  1.3438110E-02  1.4273021E-10  1.3801127E-10
  chan   498  2.8786796E-22  7.7896330E-08  2.2497519E-09  2.6763459E-41  9.1915945E-06  1.1086941E-05  7.7127029E-20  2.6058725E-82  6.0277125E-86  7.4841231E-09  2.9085457E-09  1.5049807E-11  8.0070959E-11  0.0000000E+00  0.0000000E+00
   499  2.8548929E+01  2.84120E+02       H2  5.6984551E+01  7.6164430E-03  1.0633379E-03 -4.4744017E-04  7.2838296E-08  1.8923689E-05  1.8914311E-05 -1.8850850E-05  6.3474858E-04  3.8243790E-20  1.5296289E-03  4.1496900E-01  1.5297746E-03  4.1492948E-01
  face   499       H2  2.1996394E-03 -1.1363015E-03 -1.2798009E-02  1.2350569E-02  1.3801127E-10  1.3345545E-10
  chan   499  2.5175098E-22  7.0830015E-08  2.0082817E-09  1.6970360E-41  8.5731674E-06  1.0341144E-05  6.7658355E-20  1.0356369E-82  2.2797357E-86  6.6814342E-09  2.6138940E-09  1.2838214E-11  6.9254200E-11  0.0000000E+00  0.0000000E+00
   500  2.9031224E+01  2.82852E+02       H2  5.3163913E+01  7.3459463E-03  1.0893871E-03 -2.8747117E-04  6.6253139E-08  1.7654440E-05  1.7646053E-05 -1.7588187E-05  8.1950410E-04  3.6623909E-20  1.3944464E-03  5.8769135E-01  1.3945789E-03  5.8763551E-01
  face   500       H2  1.0893871E-03  0.0000000E+00 -1.1841523E-02  1.1554052E-02  1.3345545E-10  1.2908479E-10
  chan   500  2.2094934E-22  6.4460752E-08  1.7923865E-09  1.0761152E-41  7.9982515E-06  9.6478019E-06  5.9461323E-20  4.1161256E-83  8.6199172E-87  5.9636443E-09  2.3517688E-09  1.0977482E-11  6.0003416E-11  0.0000000E+00  0.0000000E+00
